N 1200
M 7964
R 200
# u v length
1001 18 101.0
18 1001 101.0
1001 113 107.0
113 1001 107.0
1001 164 106.0
164 1001 106.0
1001 270 108.0
270 1001 108.0
1001 309 108.0
309 1001 108.0
1001 320 107.0
320 1001 107.0
1001 381 108.0
381 1001 108.0
1001 404 109.0
404 1001 109.0
1001 410 102.0
410 1001 102.0
1001 433 106.0
433 1001 106.0
1001 452 104.0
452 1001 104.0
1001 491 107.0
491 1001 107.0
1001 587 101.0
587 1001 101.0
1001 639 102.0
639 1001 102.0
1001 844 101.0
844 1001 101.0
1001 855 110.0
855 1001 110.0
1001 935 109.0
935 1001 109.0
1001 970 109.0
970 1001 109.0
1002 10 109.0
10 1002 109.0
1002 17 104.0
17 1002 104.0
1002 59 105.0
59 1002 105.0
1002 184 109.0
184 1002 109.0
1002 238 101.0
238 1002 101.0
1002 254 106.0
254 1002 106.0
1002 355 109.0
355 1002 109.0
1002 419 106.0
419 1002 106.0
1002 423 106.0
423 1002 106.0
1002 444 107.0
444 1002 107.0
1002 448 108.0
448 1002 108.0
1002 612 106.0
612 1002 106.0
1002 625 103.0
625 1002 103.0
1002 677 108.0
677 1002 108.0
1002 685 101.0
685 1002 101.0
1002 688 110.0
688 1002 110.0
1002 707 104.0
707 1002 104.0
1002 757 110.0
757 1002 110.0
1002 844 104.0
844 1002 104.0
1002 948 108.0
948 1002 108.0
1002 951 106.0
951 1002 106.0
1003 220 102.0
220 1003 102.0
1003 273 102.0
273 1003 102.0
1003 284 106.0
284 1003 106.0
1003 294 109.0
294 1003 109.0
1003 346 109.0
346 1003 109.0
1003 434 102.0
434 1003 102.0
1003 446 107.0
446 1003 107.0
1003 511 102.0
511 1003 102.0
1003 587 106.0
587 1003 106.0
1003 719 102.0
719 1003 102.0
1003 746 105.0
746 1003 105.0
1003 753 110.0
753 1003 110.0
1003 788 107.0
788 1003 107.0
1003 923 102.0
923 1003 102.0
1003 957 106.0
957 1003 106.0
1003 975 108.0
975 1003 108.0
1004 17 109.0
17 1004 109.0
1004 28 102.0
28 1004 102.0
1004 165 107.0
165 1004 107.0
1004 218 106.0
218 1004 106.0
1004 317 109.0
317 1004 109.0
1004 340 110.0
340 1004 110.0
1004 405 105.0
405 1004 105.0
1004 407 105.0
407 1004 105.0
1004 447 103.0
447 1004 103.0
1004 463 108.0
463 1004 108.0
1004 542 108.0
542 1004 108.0
1004 662 102.0
662 1004 102.0
1004 748 102.0
748 1004 102.0
1004 920 104.0
920 1004 104.0
1004 966 102.0
966 1004 102.0
1004 987 107.0
987 1004 107.0
1005 17 107.0
17 1005 107.0
1005 70 109.0
70 1005 109.0
1005 104 105.0
104 1005 105.0
1005 124 102.0
124 1005 102.0
1005 163 108.0
163 1005 108.0
1005 203 102.0
203 1005 102.0
1005 289 106.0
289 1005 106.0
1005 363 102.0
363 1005 102.0
1005 381 102.0
381 1005 102.0
1005 603 108.0
603 1005 108.0
1005 634 107.0
634 1005 107.0
1005 657 103.0
657 1005 103.0
1005 801 106.0
801 1005 106.0
1005 862 103.0
862 1005 103.0
1005 886 103.0
886 1005 103.0
1005 950 102.0
950 1005 102.0
1005 993 101.0
993 1005 101.0
1006 177 102.0
177 1006 102.0
1006 178 106.0
178 1006 106.0
1006 206 105.0
206 1006 105.0
1006 210 104.0
210 1006 104.0
1006 234 110.0
234 1006 110.0
1006 254 108.0
254 1006 108.0
1006 340 102.0
340 1006 102.0
1006 344 109.0
344 1006 109.0
1006 370 105.0
370 1006 105.0
1006 380 108.0
380 1006 108.0
1006 406 107.0
406 1006 107.0
1006 412 106.0
412 1006 106.0
1006 702 104.0
702 1006 104.0
1006 704 108.0
704 1006 108.0
1006 745 104.0
745 1006 104.0
1006 767 101.0
767 1006 101.0
1006 910 106.0
910 1006 106.0
1006 914 104.0
914 1006 104.0
1007 18 101.0
18 1007 101.0
1007 22 103.0
22 1007 103.0
1007 146 106.0
146 1007 106.0
1007 220 102.0
220 1007 102.0
1007 223 107.0
223 1007 107.0
1007 238 107.0
238 1007 107.0
1007 239 109.0
239 1007 109.0
1007 309 109.0
309 1007 109.0
1007 429 110.0
429 1007 110.0
1007 477 105.0
477 1007 105.0
1007 535 110.0
535 1007 110.0
1007 557 105.0
557 1007 105.0
1007 581 107.0
581 1007 107.0
1007 643 109.0
643 1007 109.0
1007 682 106.0
682 1007 106.0
1007 796 110.0
796 1007 110.0
1007 799 106.0
799 1007 106.0
1007 801 109.0
801 1007 109.0
1007 866 103.0
866 1007 103.0
1007 880 103.0
880 1007 103.0
1007 908 102.0
908 1007 102.0
1007 982 103.0
982 1007 103.0
1008 29 105.0
29 1008 105.0
1008 33 105.0
33 1008 105.0
1008 68 104.0
68 1008 104.0
1008 112 110.0
112 1008 110.0
1008 187 101.0
187 1008 101.0
1008 245 108.0
245 1008 108.0
1008 285 103.0
285 1008 103.0
1008 343 102.0
343 1008 102.0
1008 367 107.0
367 1008 107.0
1008 391 106.0
391 1008 106.0
1008 408 109.0
408 1008 109.0
1008 418 108.0
418 1008 108.0
1008 444 110.0
444 1008 110.0
1008 535 110.0
535 1008 110.0
1008 569 110.0
569 1008 110.0
1008 575 108.0
575 1008 108.0
1008 631 105.0
631 1008 105.0
1008 632 103.0
632 1008 103.0
1008 662 110.0
662 1008 110.0
1008 705 104.0
705 1008 104.0
1008 747 106.0
747 1008 106.0
1008 770 105.0
770 1008 105.0
1008 773 107.0
773 1008 107.0
1008 775 104.0
775 1008 104.0
1008 803 101.0
803 1008 101.0
1008 856 102.0
856 1008 102.0
1008 864 104.0
864 1008 104.0
1008 910 109.0
910 1008 109.0
1008 951 107.0
951 1008 107.0
1008 976 108.0
976 1008 108.0
1008 997 104.0
997 1008 104.0
1009 21 106.0
21 1009 106.0
1009 127 104.0
127 1009 104.0
1009 185 109.0
185 1009 109.0
1009 294 105.0
294 1009 105.0
1009 347 103.0
347 1009 103.0
1009 440 101.0
440 1009 101.0
1009 473 105.0
473 1009 105.0
1009 504 102.0
504 1009 102.0
1009 520 110.0
520 1009 110.0
1009 527 109.0
527 1009 109.0
1009 590 103.0
590 1009 103.0
1009 603 109.0
603 1009 109.0
1009 763 105.0
763 1009 105.0
1009 884 107.0
884 1009 107.0
1009 895 106.0
895 1009 106.0
1009 939 103.0
939 1009 103.0
1010 103 102.0
103 1010 102.0
1010 174 104.0
174 1010 104.0
1010 290 102.0
290 1010 102.0
1010 343 103.0
343 1010 103.0
1010 350 105.0
350 1010 105.0
1010 397 103.0
397 1010 103.0
1010 456 109.0
456 1010 109.0
1010 488 110.0
488 1010 110.0
1010 523 110.0
523 1010 110.0
1010 536 109.0
536 1010 109.0
1010 665 105.0
665 1010 105.0
1010 766 107.0
766 1010 107.0
1010 775 101.0
775 1010 101.0
1010 847 102.0
847 1010 102.0
1010 852 110.0
852 1010 110.0
1010 871 101.0
871 1010 101.0
1010 874 109.0
874 1010 109.0
1010 877 103.0
877 1010 103.0
1010 959 107.0
959 1010 107.0
1010 987 108.0
987 1010 108.0
1010 996 104.0
996 1010 104.0
1010 1000 110.0
1000 1010 110.0
1011 34 109.0
34 1011 109.0
1011 54 107.0
54 1011 107.0
1011 69 106.0
69 1011 106.0
1011 103 103.0
103 1011 103.0
1011 266 109.0
266 1011 109.0
1011 484 104.0
484 1011 104.0
1011 535 108.0
535 1011 108.0
1011 568 103.0
568 1011 103.0
1011 613 103.0
613 1011 103.0
1011 621 110.0
621 1011 110.0
1011 630 109.0
630 1011 109.0
1011 652 110.0
652 1011 110.0
1011 689 105.0
689 1011 105.0
1011 774 106.0
774 1011 106.0
1011 869 104.0
869 1011 104.0
1012 19 103.0
19 1012 103.0
1012 91 106.0
91 1012 106.0
1012 155 106.0
155 1012 106.0
1012 163 105.0
163 1012 105.0
1012 207 104.0
207 1012 104.0
1012 275 103.0
275 1012 103.0
1012 329 106.0
329 1012 106.0
1012 348 110.0
348 1012 110.0
1012 429 105.0
429 1012 105.0
1012 435 105.0
435 1012 105.0
1012 438 110.0
438 1012 110.0
1012 488 109.0
488 1012 109.0
1012 505 110.0
505 1012 110.0
1012 560 108.0
560 1012 108.0
1012 562 110.0
562 1012 110.0
1012 608 104.0
608 1012 104.0
1012 719 101.0
719 1012 101.0
1012 734 110.0
734 1012 110.0
1012 761 101.0
761 1012 101.0
1012 788 101.0
788 1012 101.0
1012 804 108.0
804 1012 108.0
1012 828 104.0
828 1012 104.0
1012 867 108.0
867 1012 108.0
1012 871 109.0
871 1012 109.0
1012 932 109.0
932 1012 109.0
1012 975 103.0
975 1012 103.0
1013 128 102.0
128 1013 102.0
1013 163 110.0
163 1013 110.0
1013 202 110.0
202 1013 110.0
1013 206 107.0
206 1013 107.0
1013 234 108.0
234 1013 108.0
1013 291 101.0
291 1013 101.0
1013 309 103.0
309 1013 103.0
1013 319 101.0
319 1013 101.0
1013 325 105.0
325 1013 105.0
1013 403 110.0
403 1013 110.0
1013 405 102.0
405 1013 102.0
1013 482 110.0
482 1013 110.0
1013 655 101.0
655 1013 101.0
1013 656 106.0
656 1013 106.0
1013 685 106.0
685 1013 106.0
1013 707 101.0
707 1013 101.0
1013 731 110.0
731 1013 110.0
1013 843 107.0
843 1013 107.0
1013 894 107.0
894 1013 107.0
1013 938 107.0
938 1013 107.0
1013 952 107.0
952 1013 107.0
1013 992 104.0
992 1013 104.0
1014 48 107.0
48 1014 107.0
1014 173 104.0
173 1014 104.0
1014 183 110.0
183 1014 110.0
1014 191 106.0
191 1014 106.0
1014 280 101.0
280 1014 101.0
1014 461 105.0
461 1014 105.0
1014 568 102.0
568 1014 102.0
1014 577 106.0
577 1014 106.0
1014 605 101.0
605 1014 101.0
1014 631 109.0
631 1014 109.0
1014 791 101.0
791 1014 101.0
1014 812 102.0
812 1014 102.0
1014 818 103.0
818 1014 103.0
1014 836 101.0
836 1014 101.0
1014 963 109.0
963 1014 109.0
1015 12 109.0
12 1015 109.0
1015 113 108.0
113 1015 108.0
1015 125 110.0
125 1015 110.0
1015 140 102.0
140 1015 102.0
1015 298 102.0
298 1015 102.0
1015 321 102.0
321 1015 102.0
1015 354 107.0
354 1015 107.0
1015 379 101.0
379 1015 101.0
1015 434 102.0
434 1015 102.0
1015 455 107.0
455 1015 107.0
1015 516 109.0
516 1015 109.0
1015 540 102.0
540 1015 102.0
1015 563 102.0
563 1015 102.0
1015 604 105.0
604 1015 105.0
1015 616 106.0
616 1015 106.0
1015 667 106.0
667 1015 106.0
1015 791 104.0
791 1015 104.0
1015 819 105.0
819 1015 105.0
1015 852 107.0
852 1015 107.0
1015 854 106.0
854 1015 106.0
1015 867 107.0
867 1015 107.0
1015 929 110.0
929 1015 110.0
1016 59 102.0
59 1016 102.0
1016 65 108.0
65 1016 108.0
1016 145 105.0
145 1016 105.0
1016 247 110.0
247 1016 110.0
1016 259 108.0
259 1016 108.0
1016 260 105.0
260 1016 105.0
1016 298 105.0
298 1016 105.0
1016 307 105.0
307 1016 105.0
1016 339 110.0
339 1016 110.0
1016 359 104.0
359 1016 104.0
1016 416 110.0
416 1016 110.0
1016 437 106.0
437 1016 106.0
1016 479 106.0
479 1016 106.0
1016 527 107.0
527 1016 107.0
1016 626 104.0
626 1016 104.0
1016 803 104.0
803 1016 104.0
1016 909 110.0
909 1016 110.0
1016 971 104.0
971 1016 104.0
1016 983 109.0
983 1016 109.0
1017 29 103.0
29 1017 103.0
1017 30 109.0
30 1017 109.0
1017 123 110.0
123 1017 110.0
1017 345 107.0
345 1017 107.0
1017 347 104.0
347 1017 104.0
1017 427 106.0
427 1017 106.0
1017 467 105.0
467 1017 105.0
1017 527 106.0
527 1017 106.0
1017 539 103.0
539 1017 103.0
1017 544 110.0
544 1017 110.0
1017 560 103.0
560 1017 103.0
1017 561 107.0
561 1017 107.0
1017 618 108.0
618 1017 108.0
1017 687 107.0
687 1017 107.0
1017 841 104.0
841 1017 104.0
1017 863 106.0
863 1017 106.0
1017 905 107.0
905 1017 107.0
1017 951 107.0
951 1017 107.0
1018 62 101.0
62 1018 101.0
1018 77 108.0
77 1018 108.0
1018 103 103.0
103 1018 103.0
1018 142 106.0
142 1018 106.0
1018 235 101.0
235 1018 101.0
1018 306 109.0
306 1018 109.0
1018 307 102.0
307 1018 102.0
1018 383 103.0
383 1018 103.0
1018 393 103.0
393 1018 103.0
1018 488 107.0
488 1018 107.0
1018 516 101.0
516 1018 101.0
1018 532 108.0
532 1018 108.0
1018 538 104.0
538 1018 104.0
1018 568 110.0
568 1018 110.0
1018 602 104.0
602 1018 104.0
1018 653 110.0
653 1018 110.0
1018 659 109.0
659 1018 109.0
1018 667 102.0
667 1018 102.0
1018 689 103.0
689 1018 103.0
1018 694 105.0
694 1018 105.0
1018 701 101.0
701 1018 101.0
1018 702 104.0
702 1018 104.0
1018 885 105.0
885 1018 105.0
1018 886 107.0
886 1018 107.0
1018 943 102.0
943 1018 102.0
1019 30 102.0
30 1019 102.0
1019 64 102.0
64 1019 102.0
1019 91 105.0
91 1019 105.0
1019 155 110.0
155 1019 110.0
1019 213 110.0
213 1019 110.0
1019 218 101.0
218 1019 101.0
1019 226 103.0
226 1019 103.0
1019 256 106.0
256 1019 106.0
1019 374 110.0
374 1019 110.0
1019 444 106.0
444 1019 106.0
1019 502 105.0
502 1019 105.0
1019 563 105.0
563 1019 105.0
1019 716 108.0
716 1019 108.0
1019 802 103.0
802 1019 103.0
1019 811 105.0
811 1019 105.0
1019 824 101.0
824 1019 101.0
1019 825 105.0
825 1019 105.0
1019 919 110.0
919 1019 110.0
1019 936 107.0
936 1019 107.0
1019 964 102.0
964 1019 102.0
1019 970 104.0
970 1019 104.0
1019 993 102.0
993 1019 102.0
1020 61 101.0
61 1020 101.0
1020 104 105.0
104 1020 105.0
1020 115 106.0
115 1020 106.0
1020 203 101.0
203 1020 101.0
1020 299 101.0
299 1020 101.0
1020 344 107.0
344 1020 107.0
1020 371 102.0
371 1020 102.0
1020 389 101.0
389 1020 101.0
1020 392 110.0
392 1020 110.0
1020 424 105.0
424 1020 105.0
1020 434 103.0
434 1020 103.0
1020 435 106.0
435 1020 106.0
1020 448 109.0
448 1020 109.0
1020 476 104.0
476 1020 104.0
1020 568 108.0
568 1020 108.0
1020 619 105.0
619 1020 105.0
1020 646 102.0
646 1020 102.0
1020 659 106.0
659 1020 106.0
1020 676 105.0
676 1020 105.0
1020 701 101.0
701 1020 101.0
1020 752 104.0
752 1020 104.0
1020 857 103.0
857 1020 103.0
1020 864 107.0
864 1020 107.0
1020 984 104.0
984 1020 104.0
1021 73 105.0
73 1021 105.0
1021 136 102.0
136 1021 102.0
1021 157 103.0
157 1021 103.0
1021 199 104.0
199 1021 104.0
1021 234 103.0
234 1021 103.0
1021 272 105.0
272 1021 105.0
1021 419 109.0
419 1021 109.0
1021 441 107.0
441 1021 107.0
1021 508 107.0
508 1021 107.0
1021 526 106.0
526 1021 106.0
1021 530 105.0
530 1021 105.0
1021 532 101.0
532 1021 101.0
1021 545 106.0
545 1021 106.0
1021 605 106.0
605 1021 106.0
1021 658 102.0
658 1021 102.0
1021 715 103.0
715 1021 103.0
1021 731 110.0
731 1021 110.0
1021 823 101.0
823 1021 101.0
1021 840 106.0
840 1021 106.0
1021 844 108.0
844 1021 108.0
1021 881 110.0
881 1021 110.0
1021 956 108.0
956 1021 108.0
1022 41 102.0
41 1022 102.0
1022 227 108.0
227 1022 108.0
1022 253 101.0
253 1022 101.0
1022 297 108.0
297 1022 108.0
1022 395 102.0
395 1022 102.0
1022 444 109.0
444 1022 109.0
1022 454 101.0
454 1022 101.0
1022 461 107.0
461 1022 107.0
1022 528 106.0
528 1022 106.0
1022 563 108.0
563 1022 108.0
1022 649 102.0
649 1022 102.0
1022 826 105.0
826 1022 105.0
1022 983 104.0
983 1022 104.0
1023 21 108.0
21 1023 108.0
1023 22 103.0
22 1023 103.0
1023 61 103.0
61 1023 103.0
1023 68 110.0
68 1023 110.0
1023 91 105.0
91 1023 105.0
1023 155 109.0
155 1023 109.0
1023 238 110.0
238 1023 110.0
1023 299 107.0
299 1023 107.0
1023 368 106.0
368 1023 106.0
1023 449 104.0
449 1023 104.0
1023 462 107.0
462 1023 107.0
1023 532 106.0
532 1023 106.0
1023 637 110.0
637 1023 110.0
1023 663 108.0
663 1023 108.0
1023 681 106.0
681 1023 106.0
1023 806 101.0
806 1023 101.0
1023 861 106.0
861 1023 106.0
1023 887 103.0
887 1023 103.0
1023 930 105.0
930 1023 105.0
1024 31 110.0
31 1024 110.0
1024 76 103.0
76 1024 103.0
1024 207 110.0
207 1024 110.0
1024 211 105.0
211 1024 105.0
1024 235 106.0
235 1024 106.0
1024 244 108.0
244 1024 108.0
1024 245 105.0
245 1024 105.0
1024 300 101.0
300 1024 101.0
1024 442 107.0
442 1024 107.0
1024 486 101.0
486 1024 101.0
1024 513 110.0
513 1024 110.0
1024 515 101.0
515 1024 101.0
1024 590 105.0
590 1024 105.0
1024 594 106.0
594 1024 106.0
1024 623 109.0
623 1024 109.0
1024 665 109.0
665 1024 109.0
1024 674 102.0
674 1024 102.0
1024 776 106.0
776 1024 106.0
1024 786 102.0
786 1024 102.0
1024 814 109.0
814 1024 109.0
1024 872 103.0
872 1024 103.0
1024 878 107.0
878 1024 107.0
1024 890 109.0
890 1024 109.0
1024 898 106.0
898 1024 106.0
1025 47 104.0
47 1025 104.0
1025 108 102.0
108 1025 102.0
1025 192 103.0
192 1025 103.0
1025 304 102.0
304 1025 102.0
1025 355 104.0
355 1025 104.0
1025 446 108.0
446 1025 108.0
1025 471 106.0
471 1025 106.0
1025 562 108.0
562 1025 108.0
1025 644 107.0
644 1025 107.0
1025 688 109.0
688 1025 109.0
1025 693 104.0
693 1025 104.0
1025 743 106.0
743 1025 106.0
1026 23 105.0
23 1026 105.0
1026 46 109.0
46 1026 109.0
1026 63 107.0
63 1026 107.0
1026 93 105.0
93 1026 105.0
1026 94 109.0
94 1026 109.0
1026 273 103.0
273 1026 103.0
1026 279 110.0
279 1026 110.0
1026 288 110.0
288 1026 110.0
1026 363 110.0
363 1026 110.0
1026 364 110.0
364 1026 110.0
1026 379 109.0
379 1026 109.0
1026 416 110.0
416 1026 110.0
1026 527 109.0
527 1026 109.0
1026 559 109.0
559 1026 109.0
1026 629 105.0
629 1026 105.0
1026 818 105.0
818 1026 105.0
1026 853 106.0
853 1026 106.0
1026 855 101.0
855 1026 101.0
1026 982 103.0
982 1026 103.0
1027 145 105.0
145 1027 105.0
1027 179 110.0
179 1027 110.0
1027 251 108.0
251 1027 108.0
1027 449 108.0
449 1027 108.0
1027 507 103.0
507 1027 103.0
1027 513 103.0
513 1027 103.0
1027 524 106.0
524 1027 106.0
1027 580 104.0
580 1027 104.0
1027 629 103.0
629 1027 103.0
1027 675 107.0
675 1027 107.0
1027 753 106.0
753 1027 106.0
1027 769 108.0
769 1027 108.0
1027 772 109.0
772 1027 109.0
1027 806 102.0
806 1027 102.0
1027 807 109.0
807 1027 109.0
1027 835 107.0
835 1027 107.0
1027 854 101.0
854 1027 101.0
1027 886 101.0
886 1027 101.0
1027 978 104.0
978 1027 104.0
1028 7 107.0
7 1028 107.0
1028 12 109.0
12 1028 109.0
1028 47 102.0
47 1028 102.0
1028 68 105.0
68 1028 105.0
1028 101 108.0
101 1028 108.0
1028 184 105.0
184 1028 105.0
1028 273 106.0
273 1028 106.0
1028 418 108.0
418 1028 108.0
1028 636 101.0
636 1028 101.0
1028 649 101.0
649 1028 101.0
1028 726 109.0
726 1028 109.0
1028 754 107.0
754 1028 107.0
1028 804 107.0
804 1028 107.0
1028 880 106.0
880 1028 106.0
1028 900 109.0
900 1028 109.0
1028 905 102.0
905 1028 102.0
1028 968 103.0
968 1028 103.0
1029 209 103.0
209 1029 103.0
1029 252 104.0
252 1029 104.0
1029 306 102.0
306 1029 102.0
1029 322 105.0
322 1029 105.0
1029 578 103.0
578 1029 103.0
1029 619 104.0
619 1029 104.0
1029 640 108.0
640 1029 108.0
1029 646 102.0
646 1029 102.0
1029 724 106.0
724 1029 106.0
1029 905 110.0
905 1029 110.0
1029 915 106.0
915 1029 106.0
1029 956 107.0
956 1029 107.0
1029 976 109.0
976 1029 109.0
1029 990 106.0
990 1029 106.0
1030 20 110.0
20 1030 110.0
1030 34 104.0
34 1030 104.0
1030 75 101.0
75 1030 101.0
1030 101 102.0
101 1030 102.0
1030 150 109.0
150 1030 109.0
1030 172 104.0
172 1030 104.0
1030 210 102.0
210 1030 102.0
1030 236 104.0
236 1030 104.0
1030 346 104.0
346 1030 104.0
1030 418 108.0
418 1030 108.0
1030 549 108.0
549 1030 108.0
1030 558 105.0
558 1030 105.0
1030 571 108.0
571 1030 108.0
1030 595 106.0
595 1030 106.0
1030 832 102.0
832 1030 102.0
1030 840 108.0
840 1030 108.0
1030 860 101.0
860 1030 101.0
1031 6 105.0
6 1031 105.0
1031 11 104.0
11 1031 104.0
1031 220 102.0
220 1031 102.0
1031 320 108.0
320 1031 108.0
1031 372 106.0
372 1031 106.0
1031 386 102.0
386 1031 102.0
1031 391 105.0
391 1031 105.0
1031 393 110.0
393 1031 110.0
1031 510 103.0
510 1031 103.0
1031 519 107.0
519 1031 107.0
1031 531 108.0
531 1031 108.0
1031 586 106.0
586 1031 106.0
1031 616 101.0
616 1031 101.0
1031 642 105.0
642 1031 105.0
1031 649 106.0
649 1031 106.0
1031 794 105.0
794 1031 105.0
1031 860 102.0
860 1031 102.0
1031 904 105.0
904 1031 105.0
1032 40 108.0
40 1032 108.0
1032 67 110.0
67 1032 110.0
1032 79 107.0
79 1032 107.0
1032 86 105.0
86 1032 105.0
1032 98 110.0
98 1032 110.0
1032 108 109.0
108 1032 109.0
1032 145 101.0
145 1032 101.0
1032 201 109.0
201 1032 109.0
1032 344 108.0
344 1032 108.0
1032 359 101.0
359 1032 101.0
1032 380 102.0
380 1032 102.0
1032 422 108.0
422 1032 108.0
1032 477 109.0
477 1032 109.0
1032 497 102.0
497 1032 102.0
1032 592 106.0
592 1032 106.0
1032 631 104.0
631 1032 104.0
1032 650 107.0
650 1032 107.0
1032 723 108.0
723 1032 108.0
1032 899 104.0
899 1032 104.0
1032 900 109.0
900 1032 109.0
1033 161 110.0
161 1033 110.0
1033 334 107.0
334 1033 107.0
1033 372 101.0
372 1033 101.0
1033 431 105.0
431 1033 105.0
1033 434 105.0
434 1033 105.0
1033 544 102.0
544 1033 102.0
1033 583 110.0
583 1033 110.0
1033 636 110.0
636 1033 110.0
1033 685 107.0
685 1033 107.0
1033 695 103.0
695 1033 103.0
1033 730 109.0
730 1033 109.0
1033 819 107.0
819 1033 107.0
1033 865 103.0
865 1033 103.0
1033 891 105.0
891 1033 105.0
1033 893 104.0
893 1033 104.0
1033 995 104.0
995 1033 104.0
1033 996 106.0
996 1033 106.0
1034 168 105.0
168 1034 105.0
1034 188 105.0
188 1034 105.0
1034 200 108.0
200 1034 108.0
1034 339 110.0
339 1034 110.0
1034 347 106.0
347 1034 106.0
1034 370 101.0
370 1034 101.0
1034 421 106.0
421 1034 106.0
1034 441 102.0
441 1034 102.0
1034 463 106.0
463 1034 106.0
1034 486 105.0
486 1034 105.0
1034 499 103.0
499 1034 103.0
1034 508 103.0
508 1034 103.0
1034 529 101.0
529 1034 101.0
1034 558 103.0
558 1034 103.0
1034 595 102.0
595 1034 102.0
1034 644 104.0
644 1034 104.0
1034 687 109.0
687 1034 109.0
1034 722 107.0
722 1034 107.0
1034 813 102.0
813 1034 102.0
1034 829 103.0
829 1034 103.0
1035 29 103.0
29 1035 103.0
1035 50 102.0
50 1035 102.0
1035 89 107.0
89 1035 107.0
1035 101 104.0
101 1035 104.0
1035 138 107.0
138 1035 107.0
1035 183 104.0
183 1035 104.0
1035 192 101.0
192 1035 101.0
1035 241 105.0
241 1035 105.0
1035 245 102.0
245 1035 102.0
1035 289 109.0
289 1035 109.0
1035 303 101.0
303 1035 101.0
1035 363 104.0
363 1035 104.0
1035 480 106.0
480 1035 106.0
1035 516 102.0
516 1035 102.0
1035 530 103.0
530 1035 103.0
1035 562 107.0
562 1035 107.0
1035 686 108.0
686 1035 108.0
1035 696 108.0
696 1035 108.0
1035 733 101.0
733 1035 101.0
1035 760 105.0
760 1035 105.0
1035 806 105.0
806 1035 105.0
1035 824 105.0
824 1035 105.0
1035 826 104.0
826 1035 104.0
1035 841 107.0
841 1035 107.0
1035 908 104.0
908 1035 104.0
1035 921 110.0
921 1035 110.0
1035 960 107.0
960 1035 107.0
1035 997 106.0
997 1035 106.0
1036 19 110.0
19 1036 110.0
1036 102 106.0
102 1036 106.0
1036 124 105.0
124 1036 105.0
1036 254 107.0
254 1036 107.0
1036 309 110.0
309 1036 110.0
1036 354 103.0
354 1036 103.0
1036 378 105.0
378 1036 105.0
1036 435 105.0
435 1036 105.0
1036 469 103.0
469 1036 103.0
1036 487 104.0
487 1036 104.0
1036 583 110.0
583 1036 110.0
1036 605 109.0
605 1036 109.0
1036 649 110.0
649 1036 110.0
1036 651 107.0
651 1036 107.0
1036 686 109.0
686 1036 109.0
1036 949 106.0
949 1036 106.0
1037 43 109.0
43 1037 109.0
1037 118 104.0
118 1037 104.0
1037 131 108.0
131 1037 108.0
1037 147 110.0
147 1037 110.0
1037 209 107.0
209 1037 107.0
1037 241 109.0
241 1037 109.0
1037 285 107.0
285 1037 107.0
1037 377 108.0
377 1037 108.0
1037 434 110.0
434 1037 110.0
1037 519 101.0
519 1037 101.0
1037 537 105.0
537 1037 105.0
1037 633 104.0
633 1037 104.0
1037 689 106.0
689 1037 106.0
1037 753 107.0
753 1037 107.0
1037 888 104.0
888 1037 104.0
1037 923 105.0
923 1037 105.0
1037 931 106.0
931 1037 106.0
1037 947 106.0
947 1037 106.0
1038 70 106.0
70 1038 106.0
1038 132 108.0
132 1038 108.0
1038 162 105.0
162 1038 105.0
1038 223 107.0
223 1038 107.0
1038 231 102.0
231 1038 102.0
1038 356 110.0
356 1038 110.0
1038 361 110.0
361 1038 110.0
1038 417 109.0
417 1038 109.0
1038 485 109.0
485 1038 109.0
1038 489 109.0
489 1038 109.0
1038 497 103.0
497 1038 103.0
1038 572 106.0
572 1038 106.0
1038 683 103.0
683 1038 103.0
1038 775 106.0
775 1038 106.0
1038 863 109.0
863 1038 109.0
1038 893 105.0
893 1038 105.0
1038 951 109.0
951 1038 109.0
1039 15 110.0
15 1039 110.0
1039 29 101.0
29 1039 101.0
1039 43 109.0
43 1039 109.0
1039 111 108.0
111 1039 108.0
1039 156 102.0
156 1039 102.0
1039 163 106.0
163 1039 106.0
1039 172 108.0
172 1039 108.0
1039 224 105.0
224 1039 105.0
1039 260 104.0
260 1039 104.0
1039 263 101.0
263 1039 101.0
1039 335 103.0
335 1039 103.0
1039 337 106.0
337 1039 106.0
1039 502 104.0
502 1039 104.0
1039 657 109.0
657 1039 109.0
1039 683 102.0
683 1039 102.0
1039 700 110.0
700 1039 110.0
1039 701 101.0
701 1039 101.0
1039 719 109.0
719 1039 109.0
1039 732 102.0
732 1039 102.0
1039 752 105.0
752 1039 105.0
1039 762 105.0
762 1039 105.0
1039 806 104.0
806 1039 104.0
1039 847 102.0
847 1039 102.0
1039 939 102.0
939 1039 102.0
1039 940 103.0
940 1039 103.0
1039 998 109.0
998 1039 109.0
1040 20 104.0
20 1040 104.0
1040 50 104.0
50 1040 104.0
1040 71 106.0
71 1040 106.0
1040 105 107.0
105 1040 107.0
1040 108 106.0
108 1040 106.0
1040 154 104.0
154 1040 104.0
1040 160 110.0
160 1040 110.0
1040 328 102.0
328 1040 102.0
1040 367 110.0
367 1040 110.0
1040 448 102.0
448 1040 102.0
1040 484 103.0
484 1040 103.0
1040 490 108.0
490 1040 108.0
1040 498 103.0
498 1040 103.0
1040 595 103.0
595 1040 103.0
1040 599 101.0
599 1040 101.0
1040 778 105.0
778 1040 105.0
1040 782 108.0
782 1040 108.0
1040 835 109.0
835 1040 109.0
1040 862 101.0
862 1040 101.0
1040 967 106.0
967 1040 106.0
1041 26 110.0
26 1041 110.0
1041 108 102.0
108 1041 102.0
1041 112 105.0
112 1041 105.0
1041 164 108.0
164 1041 108.0
1041 166 104.0
166 1041 104.0
1041 221 104.0
221 1041 104.0
1041 222 109.0
222 1041 109.0
1041 250 103.0
250 1041 103.0
1041 298 101.0
298 1041 101.0
1041 423 108.0
423 1041 108.0
1041 454 107.0
454 1041 107.0
1041 461 104.0
461 1041 104.0
1041 492 107.0
492 1041 107.0
1041 520 109.0
520 1041 109.0
1041 569 102.0
569 1041 102.0
1041 590 104.0
590 1041 104.0
1041 608 101.0
608 1041 101.0
1041 684 104.0
684 1041 104.0
1041 716 108.0
716 1041 108.0
1041 932 106.0
932 1041 106.0
1042 136 102.0
136 1042 102.0
1042 216 110.0
216 1042 110.0
1042 237 105.0
237 1042 105.0
1042 242 108.0
242 1042 108.0
1042 349 102.0
349 1042 102.0
1042 359 107.0
359 1042 107.0
1042 378 103.0
378 1042 103.0
1042 402 101.0
402 1042 101.0
1042 505 105.0
505 1042 105.0
1042 660 107.0
660 1042 107.0
1042 707 109.0
707 1042 109.0
1042 713 101.0
713 1042 101.0
1042 843 103.0
843 1042 103.0
1042 849 110.0
849 1042 110.0
1042 895 103.0
895 1042 103.0
1042 937 109.0
937 1042 109.0
1042 940 105.0
940 1042 105.0
1043 82 109.0
82 1043 109.0
1043 136 107.0
136 1043 107.0
1043 146 109.0
146 1043 109.0
1043 147 103.0
147 1043 103.0
1043 148 104.0
148 1043 104.0
1043 211 107.0
211 1043 107.0
1043 307 105.0
307 1043 105.0
1043 327 109.0
327 1043 109.0
1043 377 107.0
377 1043 107.0
1043 391 103.0
391 1043 103.0
1043 460 105.0
460 1043 105.0
1043 481 103.0
481 1043 103.0
1043 538 108.0
538 1043 108.0
1043 649 109.0
649 1043 109.0
1043 744 107.0
744 1043 107.0
1043 756 108.0
756 1043 108.0
1043 778 110.0
778 1043 110.0
1043 779 109.0
779 1043 109.0
1043 792 110.0
792 1043 110.0
1043 930 102.0
930 1043 102.0
1043 946 108.0
946 1043 108.0
1044 31 101.0
31 1044 101.0
1044 55 109.0
55 1044 109.0
1044 58 101.0
58 1044 101.0
1044 78 106.0
78 1044 106.0
1044 101 102.0
101 1044 102.0
1044 143 110.0
143 1044 110.0
1044 174 105.0
174 1044 105.0
1044 215 110.0
215 1044 110.0
1044 236 101.0
236 1044 101.0
1044 292 103.0
292 1044 103.0
1044 392 110.0
392 1044 110.0
1044 435 109.0
435 1044 109.0
1044 526 110.0
526 1044 110.0
1044 539 105.0
539 1044 105.0
1044 545 110.0
545 1044 110.0
1044 576 105.0
576 1044 105.0
1044 674 110.0
674 1044 110.0
1044 743 110.0
743 1044 110.0
1044 836 105.0
836 1044 105.0
1044 840 108.0
840 1044 108.0
1044 897 103.0
897 1044 103.0
1044 958 107.0
958 1044 107.0
1045 30 110.0
30 1045 110.0
1045 32 103.0
32 1045 103.0
1045 43 106.0
43 1045 106.0
1045 92 102.0
92 1045 102.0
1045 103 103.0
103 1045 103.0
1045 113 104.0
113 1045 104.0
1045 119 102.0
119 1045 102.0
1045 153 105.0
153 1045 105.0
1045 166 101.0
166 1045 101.0
1045 361 101.0
361 1045 101.0
1045 457 105.0
457 1045 105.0
1045 537 110.0
537 1045 110.0
1045 538 103.0
538 1045 103.0
1045 548 104.0
548 1045 104.0
1045 660 102.0
660 1045 102.0
1045 666 105.0
666 1045 105.0
1045 735 110.0
735 1045 110.0
1045 769 102.0
769 1045 102.0
1045 794 101.0
794 1045 101.0
1045 798 102.0
798 1045 102.0
1045 878 109.0
878 1045 109.0
1045 977 106.0
977 1045 106.0
1046 19 101.0
19 1046 101.0
1046 105 110.0
105 1046 110.0
1046 175 102.0
175 1046 102.0
1046 196 104.0
196 1046 104.0
1046 262 110.0
262 1046 110.0
1046 265 110.0
265 1046 110.0
1046 292 108.0
292 1046 108.0
1046 311 104.0
311 1046 104.0
1046 381 104.0
381 1046 104.0
1046 386 108.0
386 1046 108.0
1046 438 103.0
438 1046 103.0
1046 472 106.0
472 1046 106.0
1046 481 102.0
481 1046 102.0
1046 521 109.0
521 1046 109.0
1046 544 106.0
544 1046 106.0
1046 596 106.0
596 1046 106.0
1046 631 105.0
631 1046 105.0
1046 639 104.0
639 1046 104.0
1046 701 104.0
701 1046 104.0
1046 710 102.0
710 1046 102.0
1046 726 109.0
726 1046 109.0
1046 752 107.0
752 1046 107.0
1046 889 107.0
889 1046 107.0
1046 952 104.0
952 1046 104.0
1047 2 108.0
2 1047 108.0
1047 48 110.0
48 1047 110.0
1047 73 109.0
73 1047 109.0
1047 100 110.0
100 1047 110.0
1047 128 108.0
128 1047 108.0
1047 146 103.0
146 1047 103.0
1047 159 107.0
159 1047 107.0
1047 212 110.0
212 1047 110.0
1047 264 108.0
264 1047 108.0
1047 407 110.0
407 1047 110.0
1047 628 110.0
628 1047 110.0
1047 629 106.0
629 1047 106.0
1047 677 106.0
677 1047 106.0
1047 691 104.0
691 1047 104.0
1047 746 106.0
746 1047 106.0
1047 763 107.0
763 1047 107.0
1047 823 108.0
823 1047 108.0
1047 843 109.0
843 1047 109.0
1047 851 101.0
851 1047 101.0
1047 885 108.0
885 1047 108.0
1047 934 101.0
934 1047 101.0
1047 953 107.0
953 1047 107.0
1047 965 109.0
965 1047 109.0
1048 3 105.0
3 1048 105.0
1048 133 105.0
133 1048 105.0
1048 253 107.0
253 1048 107.0
1048 278 107.0
278 1048 107.0
1048 286 105.0
286 1048 105.0
1048 421 107.0
421 1048 107.0
1048 434 107.0
434 1048 107.0
1048 478 108.0
478 1048 108.0
1048 578 104.0
578 1048 104.0
1048 619 107.0
619 1048 107.0
1048 649 101.0
649 1048 101.0
1048 680 110.0
680 1048 110.0
1048 717 110.0
717 1048 110.0
1048 732 107.0
732 1048 107.0
1048 789 106.0
789 1048 106.0
1048 818 106.0
818 1048 106.0
1048 931 110.0
931 1048 110.0
1048 977 107.0
977 1048 107.0
1048 982 106.0
982 1048 106.0
1048 986 104.0
986 1048 104.0
1049 24 104.0
24 1049 104.0
1049 59 106.0
59 1049 106.0
1049 92 105.0
92 1049 105.0
1049 97 102.0
97 1049 102.0
1049 271 108.0
271 1049 108.0
1049 280 106.0
280 1049 106.0
1049 285 103.0
285 1049 103.0
1049 362 101.0
362 1049 101.0
1049 434 108.0
434 1049 108.0
1049 462 102.0
462 1049 102.0
1049 485 110.0
485 1049 110.0
1049 498 110.0
498 1049 110.0
1049 630 107.0
630 1049 107.0
1049 725 106.0
725 1049 106.0
1049 800 103.0
800 1049 103.0
1049 920 109.0
920 1049 109.0
1050 76 109.0
76 1050 109.0
1050 185 101.0
185 1050 101.0
1050 219 101.0
219 1050 101.0
1050 246 109.0
246 1050 109.0
1050 318 108.0
318 1050 108.0
1050 359 106.0
359 1050 106.0
1050 361 108.0
361 1050 108.0
1050 369 110.0
369 1050 110.0
1050 445 108.0
445 1050 108.0
1050 451 108.0
451 1050 108.0
1050 538 104.0
538 1050 104.0
1050 539 106.0
539 1050 106.0
1050 664 102.0
664 1050 102.0
1050 672 102.0
672 1050 102.0
1050 683 103.0
683 1050 103.0
1050 702 108.0
702 1050 108.0
1050 721 107.0
721 1050 107.0
1050 734 101.0
734 1050 101.0
1050 776 102.0
776 1050 102.0
1050 865 104.0
865 1050 104.0
1050 973 110.0
973 1050 110.0
1050 975 107.0
975 1050 107.0
1050 991 110.0
991 1050 110.0
1050 996 106.0
996 1050 106.0
1051 28 108.0
28 1051 108.0
1051 29 101.0
29 1051 101.0
1051 93 109.0
93 1051 109.0
1051 177 103.0
177 1051 103.0
1051 219 107.0
219 1051 107.0
1051 272 104.0
272 1051 104.0
1051 277 105.0
277 1051 105.0
1051 282 107.0
282 1051 107.0
1051 293 102.0
293 1051 102.0
1051 322 105.0
322 1051 105.0
1051 345 105.0
345 1051 105.0
1051 447 103.0
447 1051 103.0
1051 450 102.0
450 1051 102.0
1051 534 109.0
534 1051 109.0
1051 548 101.0
548 1051 101.0
1051 622 106.0
622 1051 106.0
1051 651 105.0
651 1051 105.0
1051 697 102.0
697 1051 102.0
1051 760 107.0
760 1051 107.0
1051 797 107.0
797 1051 107.0
1051 836 101.0
836 1051 101.0
1051 856 105.0
856 1051 105.0
1051 907 101.0
907 1051 101.0
1051 916 110.0
916 1051 110.0
1052 18 102.0
18 1052 102.0
1052 21 101.0
21 1052 101.0
1052 165 103.0
165 1052 103.0
1052 204 104.0
204 1052 104.0
1052 371 102.0
371 1052 102.0
1052 402 105.0
402 1052 105.0
1052 523 103.0
523 1052 103.0
1052 562 103.0
562 1052 103.0
1052 602 110.0
602 1052 110.0
1052 678 101.0
678 1052 101.0
1052 705 107.0
705 1052 107.0
1052 721 106.0
721 1052 106.0
1052 732 101.0
732 1052 101.0
1052 782 108.0
782 1052 108.0
1052 783 109.0
783 1052 109.0
1052 791 104.0
791 1052 104.0
1052 840 107.0
840 1052 107.0
1052 862 103.0
862 1052 103.0
1052 906 108.0
906 1052 108.0
1052 968 106.0
968 1052 106.0
1053 59 108.0
59 1053 108.0
1053 144 110.0
144 1053 110.0
1053 147 101.0
147 1053 101.0
1053 179 105.0
179 1053 105.0
1053 200 108.0
200 1053 108.0
1053 233 104.0
233 1053 104.0
1053 263 107.0
263 1053 107.0
1053 343 106.0
343 1053 106.0
1053 345 103.0
345 1053 103.0
1053 392 108.0
392 1053 108.0
1053 462 103.0
462 1053 103.0
1053 479 108.0
479 1053 108.0
1053 638 110.0
638 1053 110.0
1053 641 110.0
641 1053 110.0
1053 661 109.0
661 1053 109.0
1053 690 106.0
690 1053 106.0
1053 720 106.0
720 1053 106.0
1053 754 102.0
754 1053 102.0
1053 798 108.0
798 1053 108.0
1053 840 107.0
840 1053 107.0
1053 842 104.0
842 1053 104.0
1053 916 108.0
916 1053 108.0
1053 969 102.0
969 1053 102.0
1054 30 101.0
30 1054 101.0
1054 103 107.0
103 1054 107.0
1054 174 104.0
174 1054 104.0
1054 288 105.0
288 1054 105.0
1054 292 108.0
292 1054 108.0
1054 396 103.0
396 1054 103.0
1054 409 107.0
409 1054 107.0
1054 421 109.0
421 1054 109.0
1054 432 103.0
432 1054 103.0
1054 461 101.0
461 1054 101.0
1054 564 106.0
564 1054 106.0
1054 624 107.0
624 1054 107.0
1054 626 103.0
626 1054 103.0
1054 802 105.0
802 1054 105.0
1054 835 110.0
835 1054 110.0
1054 837 108.0
837 1054 108.0
1054 858 108.0
858 1054 108.0
1054 908 103.0
908 1054 103.0
1054 975 107.0
975 1054 107.0
1054 994 101.0
994 1054 101.0
1055 54 104.0
54 1055 104.0
1055 95 108.0
95 1055 108.0
1055 98 110.0
98 1055 110.0
1055 198 109.0
198 1055 109.0
1055 221 101.0
221 1055 101.0
1055 269 102.0
269 1055 102.0
1055 284 106.0
284 1055 106.0
1055 307 102.0
307 1055 102.0
1055 313 110.0
313 1055 110.0
1055 317 101.0
317 1055 101.0
1055 411 106.0
411 1055 106.0
1055 520 108.0
520 1055 108.0
1055 522 104.0
522 1055 104.0
1055 534 107.0
534 1055 107.0
1055 539 104.0
539 1055 104.0
1055 554 102.0
554 1055 102.0
1055 566 110.0
566 1055 110.0
1055 617 105.0
617 1055 105.0
1055 630 109.0
630 1055 109.0
1055 670 103.0
670 1055 103.0
1055 672 105.0
672 1055 105.0
1055 739 108.0
739 1055 108.0
1055 852 106.0
852 1055 106.0
1055 959 103.0
959 1055 103.0
1055 966 101.0
966 1055 101.0
1055 986 109.0
986 1055 109.0
1056 9 105.0
9 1056 105.0
1056 70 105.0
70 1056 105.0
1056 76 108.0
76 1056 108.0
1056 84 108.0
84 1056 108.0
1056 130 103.0
130 1056 103.0
1056 252 105.0
252 1056 105.0
1056 298 104.0
298 1056 104.0
1056 331 104.0
331 1056 104.0
1056 360 110.0
360 1056 110.0
1056 382 110.0
382 1056 110.0
1056 440 108.0
440 1056 108.0
1056 466 108.0
466 1056 108.0
1056 487 107.0
487 1056 107.0
1056 515 105.0
515 1056 105.0
1056 627 108.0
627 1056 108.0
1056 630 106.0
630 1056 106.0
1056 652 109.0
652 1056 109.0
1056 656 110.0
656 1056 110.0
1056 690 102.0
690 1056 102.0
1056 707 105.0
707 1056 105.0
1056 754 106.0
754 1056 106.0
1056 774 108.0
774 1056 108.0
1056 813 105.0
813 1056 105.0
1056 858 105.0
858 1056 105.0
1056 914 107.0
914 1056 107.0
1056 937 104.0
937 1056 104.0
1056 946 101.0
946 1056 101.0
1057 18 101.0
18 1057 101.0
1057 32 106.0
32 1057 106.0
1057 45 105.0
45 1057 105.0
1057 152 106.0
152 1057 106.0
1057 166 104.0
166 1057 104.0
1057 209 107.0
209 1057 107.0
1057 250 109.0
250 1057 109.0
1057 297 106.0
297 1057 106.0
1057 312 110.0
312 1057 110.0
1057 376 105.0
376 1057 105.0
1057 471 108.0
471 1057 108.0
1057 496 103.0
496 1057 103.0
1057 533 105.0
533 1057 105.0
1057 602 107.0
602 1057 107.0
1057 663 104.0
663 1057 104.0
1057 693 108.0
693 1057 108.0
1057 729 102.0
729 1057 102.0
1057 741 103.0
741 1057 103.0
1057 746 104.0
746 1057 104.0
1057 827 109.0
827 1057 109.0
1057 865 108.0
865 1057 108.0
1057 867 101.0
867 1057 101.0
1057 885 108.0
885 1057 108.0
1057 887 107.0
887 1057 107.0
1057 935 107.0
935 1057 107.0
1057 985 109.0
985 1057 109.0
1057 995 109.0
995 1057 109.0
1058 1 104.0
1 1058 104.0
1058 47 110.0
47 1058 110.0
1058 152 106.0
152 1058 106.0
1058 176 103.0
176 1058 103.0
1058 195 107.0
195 1058 107.0
1058 201 103.0
201 1058 103.0
1058 225 104.0
225 1058 104.0
1058 244 107.0
244 1058 107.0
1058 312 102.0
312 1058 102.0
1058 332 107.0
332 1058 107.0
1058 406 104.0
406 1058 104.0
1058 440 110.0
440 1058 110.0
1058 498 109.0
498 1058 109.0
1058 589 108.0
589 1058 108.0
1058 658 105.0
658 1058 105.0
1058 782 104.0
782 1058 104.0
1058 860 104.0
860 1058 104.0
1058 948 107.0
948 1058 107.0
1058 970 107.0
970 1058 107.0
1059 63 106.0
63 1059 106.0
1059 107 103.0
107 1059 103.0
1059 126 110.0
126 1059 110.0
1059 157 106.0
157 1059 106.0
1059 166 104.0
166 1059 104.0
1059 209 108.0
209 1059 108.0
1059 228 110.0
228 1059 110.0
1059 299 101.0
299 1059 101.0
1059 318 110.0
318 1059 110.0
1059 329 103.0
329 1059 103.0
1059 559 107.0
559 1059 107.0
1059 567 101.0
567 1059 101.0
1059 642 106.0
642 1059 106.0
1059 673 101.0
673 1059 101.0
1059 734 106.0
734 1059 106.0
1059 759 103.0
759 1059 103.0
1059 792 105.0
792 1059 105.0
1059 867 107.0
867 1059 107.0
1059 950 106.0
950 1059 106.0
1059 993 108.0
993 1059 108.0
1060 243 109.0
243 1060 109.0
1060 262 109.0
262 1060 109.0
1060 287 109.0
287 1060 109.0
1060 329 103.0
329 1060 103.0
1060 331 107.0
331 1060 107.0
1060 344 106.0
344 1060 106.0
1060 376 107.0
376 1060 107.0
1060 410 109.0
410 1060 109.0
1060 501 108.0
501 1060 108.0
1060 556 101.0
556 1060 101.0
1060 576 103.0
576 1060 103.0
1060 580 105.0
580 1060 105.0
1060 612 104.0
612 1060 104.0
1060 616 104.0
616 1060 104.0
1060 652 102.0
652 1060 102.0
1060 688 110.0
688 1060 110.0
1060 732 110.0
732 1060 110.0
1060 734 107.0
734 1060 107.0
1060 738 105.0
738 1060 105.0
1060 749 106.0
749 1060 106.0
1060 770 107.0
770 1060 107.0
1060 824 105.0
824 1060 105.0
1060 854 102.0
854 1060 102.0
1060 856 109.0
856 1060 109.0
1060 866 103.0
866 1060 103.0
1060 918 103.0
918 1060 103.0
1060 964 102.0
964 1060 102.0
1060 982 106.0
982 1060 106.0
1061 20 105.0
20 1061 105.0
1061 239 109.0
239 1061 109.0
1061 294 104.0
294 1061 104.0
1061 319 110.0
319 1061 110.0
1061 328 101.0
328 1061 101.0
1061 430 110.0
430 1061 110.0
1061 486 109.0
486 1061 109.0
1061 496 103.0
496 1061 103.0
1061 552 105.0
552 1061 105.0
1061 579 106.0
579 1061 106.0
1061 631 104.0
631 1061 104.0
1061 918 103.0
918 1061 103.0
1061 960 108.0
960 1061 108.0
1061 972 108.0
972 1061 108.0
1062 34 109.0
34 1062 109.0
1062 60 106.0
60 1062 106.0
1062 72 106.0
72 1062 106.0
1062 83 107.0
83 1062 107.0
1062 193 103.0
193 1062 103.0
1062 211 105.0
211 1062 105.0
1062 237 103.0
237 1062 103.0
1062 247 107.0
247 1062 107.0
1062 349 107.0
349 1062 107.0
1062 377 108.0
377 1062 108.0
1062 401 101.0
401 1062 101.0
1062 405 104.0
405 1062 104.0
1062 425 109.0
425 1062 109.0
1062 496 110.0
496 1062 110.0
1062 543 104.0
543 1062 104.0
1062 633 106.0
633 1062 106.0
1062 658 106.0
658 1062 106.0
1062 736 102.0
736 1062 102.0
1062 817 104.0
817 1062 104.0
1062 899 101.0
899 1062 101.0
1062 901 105.0
901 1062 105.0
1062 951 106.0
951 1062 106.0
1062 983 109.0
983 1062 109.0
1063 362 103.0
362 1063 103.0
1063 376 104.0
376 1063 104.0
1063 425 110.0
425 1063 110.0
1063 474 103.0
474 1063 103.0
1063 518 103.0
518 1063 103.0
1063 541 105.0
541 1063 105.0
1063 651 109.0
651 1063 109.0
1063 761 107.0
761 1063 107.0
1063 791 101.0
791 1063 101.0
1063 817 101.0
817 1063 101.0
1063 835 102.0
835 1063 102.0
1064 37 103.0
37 1064 103.0
1064 60 101.0
60 1064 101.0
1064 62 107.0
62 1064 107.0
1064 126 110.0
126 1064 110.0
1064 127 109.0
127 1064 109.0
1064 144 101.0
144 1064 101.0
1064 149 109.0
149 1064 109.0
1064 165 109.0
165 1064 109.0
1064 214 104.0
214 1064 104.0
1064 235 110.0
235 1064 110.0
1064 252 110.0
252 1064 110.0
1064 452 103.0
452 1064 103.0
1064 545 110.0
545 1064 110.0
1064 546 104.0
546 1064 104.0
1064 676 105.0
676 1064 105.0
1064 708 106.0
708 1064 106.0
1064 802 103.0
802 1064 103.0
1064 825 110.0
825 1064 110.0
1064 863 104.0
863 1064 104.0
1064 922 109.0
922 1064 109.0
1064 968 104.0
968 1064 104.0
1065 14 105.0
14 1065 105.0
1065 63 103.0
63 1065 103.0
1065 71 103.0
71 1065 103.0
1065 84 102.0
84 1065 102.0
1065 124 107.0
124 1065 107.0
1065 174 105.0
174 1065 105.0
1065 203 108.0
203 1065 108.0
1065 239 108.0
239 1065 108.0
1065 243 102.0
243 1065 102.0
1065 257 104.0
257 1065 104.0
1065 426 110.0
426 1065 110.0
1065 427 103.0
427 1065 103.0
1065 559 109.0
559 1065 109.0
1065 569 106.0
569 1065 106.0
1065 655 110.0
655 1065 110.0
1065 777 108.0
777 1065 108.0
1065 779 107.0
779 1065 107.0
1065 847 110.0
847 1065 110.0
1065 852 103.0
852 1065 103.0
1066 50 101.0
50 1066 101.0
1066 52 106.0
52 1066 106.0
1066 82 110.0
82 1066 110.0
1066 91 103.0
91 1066 103.0
1066 157 101.0
157 1066 101.0
1066 219 110.0
219 1066 110.0
1066 226 103.0
226 1066 103.0
1066 272 108.0
272 1066 108.0
1066 299 109.0
299 1066 109.0
1066 348 103.0
348 1066 103.0
1066 365 106.0
365 1066 106.0
1066 370 108.0
370 1066 108.0
1066 439 103.0
439 1066 103.0
1066 674 106.0
674 1066 106.0
1066 739 109.0
739 1066 109.0
1066 771 101.0
771 1066 101.0
1066 798 106.0
798 1066 106.0
1066 820 103.0
820 1066 103.0
1066 838 104.0
838 1066 104.0
1066 923 102.0
923 1066 102.0
1066 947 107.0
947 1066 107.0
1066 999 101.0
999 1066 101.0
1067 66 105.0
66 1067 105.0
1067 84 110.0
84 1067 110.0
1067 124 108.0
124 1067 108.0
1067 163 109.0
163 1067 109.0
1067 223 105.0
223 1067 105.0
1067 250 108.0
250 1067 108.0
1067 298 110.0
298 1067 110.0
1067 319 103.0
319 1067 103.0
1067 389 107.0
389 1067 107.0
1067 401 104.0
401 1067 104.0
1067 421 106.0
421 1067 106.0
1067 452 104.0
452 1067 104.0
1067 584 105.0
584 1067 105.0
1067 585 104.0
585 1067 104.0
1067 604 106.0
604 1067 106.0
1067 657 106.0
657 1067 106.0
1067 668 106.0
668 1067 106.0
1067 749 110.0
749 1067 110.0
1067 927 103.0
927 1067 103.0
1068 5 102.0
5 1068 102.0
1068 66 108.0
66 1068 108.0
1068 103 104.0
103 1068 104.0
1068 122 107.0
122 1068 107.0
1068 168 108.0
168 1068 108.0
1068 184 110.0
184 1068 110.0
1068 256 108.0
256 1068 108.0
1068 268 109.0
268 1068 109.0
1068 368 108.0
368 1068 108.0
1068 425 108.0
425 1068 108.0
1068 452 110.0
452 1068 110.0
1068 456 102.0
456 1068 102.0
1068 544 106.0
544 1068 106.0
1068 604 106.0
604 1068 106.0
1068 620 106.0
620 1068 106.0
1068 632 101.0
632 1068 101.0
1068 656 101.0
656 1068 101.0
1068 722 101.0
722 1068 101.0
1068 739 102.0
739 1068 102.0
1068 835 103.0
835 1068 103.0
1068 875 108.0
875 1068 108.0
1068 946 105.0
946 1068 105.0
1068 958 106.0
958 1068 106.0
1068 971 107.0
971 1068 107.0
1068 983 104.0
983 1068 104.0
1068 1000 104.0
1000 1068 104.0
1069 63 106.0
63 1069 106.0
1069 371 106.0
371 1069 106.0
1069 377 110.0
377 1069 110.0
1069 387 106.0
387 1069 106.0
1069 458 109.0
458 1069 109.0
1069 526 104.0
526 1069 104.0
1069 551 105.0
551 1069 105.0
1069 575 101.0
575 1069 101.0
1069 657 107.0
657 1069 107.0
1069 687 110.0
687 1069 110.0
1069 738 107.0
738 1069 107.0
1069 758 109.0
758 1069 109.0
1069 825 101.0
825 1069 101.0
1069 868 104.0
868 1069 104.0
1069 893 108.0
893 1069 108.0
1069 908 103.0
908 1069 103.0
1069 922 103.0
922 1069 103.0
1069 944 109.0
944 1069 109.0
1069 976 107.0
976 1069 107.0
1069 981 102.0
981 1069 102.0
1070 4 109.0
4 1070 109.0
1070 73 106.0
73 1070 106.0
1070 87 108.0
87 1070 108.0
1070 90 103.0
90 1070 103.0
1070 232 106.0
232 1070 106.0
1070 263 101.0
263 1070 101.0
1070 366 106.0
366 1070 106.0
1070 403 104.0
403 1070 104.0
1070 416 104.0
416 1070 104.0
1070 437 109.0
437 1070 109.0
1070 464 102.0
464 1070 102.0
1070 470 104.0
470 1070 104.0
1070 475 102.0
475 1070 102.0
1070 602 103.0
602 1070 103.0
1070 656 102.0
656 1070 102.0
1070 838 101.0
838 1070 101.0
1070 864 101.0
864 1070 101.0
1070 867 105.0
867 1070 105.0
1070 884 103.0
884 1070 103.0
1070 945 110.0
945 1070 110.0
1070 971 108.0
971 1070 108.0
1071 31 107.0
31 1071 107.0
1071 163 102.0
163 1071 102.0
1071 284 104.0
284 1071 104.0
1071 300 110.0
300 1071 110.0
1071 321 101.0
321 1071 101.0
1071 347 106.0
347 1071 106.0
1071 363 109.0
363 1071 109.0
1071 456 109.0
456 1071 109.0
1071 463 106.0
463 1071 106.0
1071 466 103.0
466 1071 103.0
1071 553 107.0
553 1071 107.0
1071 606 107.0
606 1071 107.0
1071 661 108.0
661 1071 108.0
1071 679 110.0
679 1071 110.0
1071 707 104.0
707 1071 104.0
1071 711 104.0
711 1071 104.0
1071 733 110.0
733 1071 110.0
1071 787 107.0
787 1071 107.0
1071 792 108.0
792 1071 108.0
1071 805 103.0
805 1071 103.0
1071 826 102.0
826 1071 102.0
1071 852 103.0
852 1071 103.0
1071 876 107.0
876 1071 107.0
1071 897 108.0
897 1071 108.0
1071 995 107.0
995 1071 107.0
1072 14 102.0
14 1072 102.0
1072 30 107.0
30 1072 107.0
1072 60 107.0
60 1072 107.0
1072 82 102.0
82 1072 102.0
1072 115 101.0
115 1072 101.0
1072 218 104.0
218 1072 104.0
1072 246 107.0
246 1072 107.0
1072 255 103.0
255 1072 103.0
1072 302 109.0
302 1072 109.0
1072 424 104.0
424 1072 104.0
1072 458 106.0
458 1072 106.0
1072 526 105.0
526 1072 105.0
1072 546 105.0
546 1072 105.0
1072 650 107.0
650 1072 107.0
1072 747 108.0
747 1072 108.0
1072 758 101.0
758 1072 101.0
1072 765 107.0
765 1072 107.0
1072 885 102.0
885 1072 102.0
1072 923 104.0
923 1072 104.0
1072 978 106.0
978 1072 106.0
1072 999 102.0
999 1072 102.0
1073 46 108.0
46 1073 108.0
1073 49 109.0
49 1073 109.0
1073 122 106.0
122 1073 106.0
1073 172 104.0
172 1073 104.0
1073 253 102.0
253 1073 102.0
1073 343 104.0
343 1073 104.0
1073 350 102.0
350 1073 102.0
1073 358 106.0
358 1073 106.0
1073 400 108.0
400 1073 108.0
1073 403 104.0
403 1073 104.0
1073 411 103.0
411 1073 103.0
1073 416 103.0
416 1073 103.0
1073 418 105.0
418 1073 105.0
1073 457 104.0
457 1073 104.0
1073 464 110.0
464 1073 110.0
1073 502 110.0
502 1073 110.0
1073 521 102.0
521 1073 102.0
1073 526 104.0
526 1073 104.0
1073 531 106.0
531 1073 106.0
1073 549 109.0
549 1073 109.0
1073 596 104.0
596 1073 104.0
1073 773 102.0
773 1073 102.0
1073 799 102.0
799 1073 102.0
1073 823 103.0
823 1073 103.0
1073 861 104.0
861 1073 104.0
1073 908 109.0
908 1073 109.0
1074 45 110.0
45 1074 110.0
1074 49 108.0
49 1074 108.0
1074 212 104.0
212 1074 104.0
1074 292 108.0
292 1074 108.0
1074 302 107.0
302 1074 107.0
1074 307 109.0
307 1074 109.0
1074 356 102.0
356 1074 102.0
1074 359 106.0
359 1074 106.0
1074 413 109.0
413 1074 109.0
1074 436 106.0
436 1074 106.0
1074 496 109.0
496 1074 109.0
1074 548 102.0
548 1074 102.0
1074 629 110.0
629 1074 110.0
1074 743 104.0
743 1074 104.0
1074 754 110.0
754 1074 110.0
1074 764 107.0
764 1074 107.0
1074 801 102.0
801 1074 102.0
1074 841 103.0
841 1074 103.0
1074 869 106.0
869 1074 106.0
1074 977 104.0
977 1074 104.0
1075 17 102.0
17 1075 102.0
1075 31 110.0
31 1075 110.0
1075 235 108.0
235 1075 108.0
1075 252 106.0
252 1075 106.0
1075 306 106.0
306 1075 106.0
1075 417 110.0
417 1075 110.0
1075 453 102.0
453 1075 102.0
1075 480 107.0
480 1075 107.0
1075 482 106.0
482 1075 106.0
1075 503 108.0
503 1075 108.0
1075 573 109.0
573 1075 109.0
1075 641 105.0
641 1075 105.0
1075 695 110.0
695 1075 110.0
1075 797 102.0
797 1075 102.0
1075 863 109.0
863 1075 109.0
1075 900 105.0
900 1075 105.0
1075 903 101.0
903 1075 101.0
1075 912 107.0
912 1075 107.0
1075 921 104.0
921 1075 104.0
1075 995 101.0
995 1075 101.0
1076 77 108.0
77 1076 108.0
1076 113 102.0
113 1076 102.0
1076 167 102.0
167 1076 102.0
1076 234 103.0
234 1076 103.0
1076 261 104.0
261 1076 104.0
1076 274 102.0
274 1076 102.0
1076 276 101.0
276 1076 101.0
1076 338 103.0
338 1076 103.0
1076 426 104.0
426 1076 104.0
1076 517 106.0
517 1076 106.0
1076 527 101.0
527 1076 101.0
1076 528 102.0
528 1076 102.0
1076 561 103.0
561 1076 103.0
1076 591 108.0
591 1076 108.0
1076 630 104.0
630 1076 104.0
1076 651 102.0
651 1076 102.0
1076 657 110.0
657 1076 110.0
1076 767 105.0
767 1076 105.0
1076 842 101.0
842 1076 101.0
1077 97 103.0
97 1077 103.0
1077 102 107.0
102 1077 107.0
1077 129 101.0
129 1077 101.0
1077 136 101.0
136 1077 101.0
1077 255 102.0
255 1077 102.0
1077 299 105.0
299 1077 105.0
1077 324 110.0
324 1077 110.0
1077 328 106.0
328 1077 106.0
1077 345 110.0
345 1077 110.0
1077 380 104.0
380 1077 104.0
1077 385 104.0
385 1077 104.0
1077 424 107.0
424 1077 107.0
1077 553 109.0
553 1077 109.0
1077 638 103.0
638 1077 103.0
1077 668 106.0
668 1077 106.0
1077 690 103.0
690 1077 103.0
1077 709 106.0
709 1077 106.0
1077 797 101.0
797 1077 101.0
1077 840 107.0
840 1077 107.0
1077 870 110.0
870 1077 110.0
1077 985 104.0
985 1077 104.0
1078 1 108.0
1 1078 108.0
1078 33 106.0
33 1078 106.0
1078 109 106.0
109 1078 106.0
1078 172 106.0
172 1078 106.0
1078 173 109.0
173 1078 109.0
1078 210 109.0
210 1078 109.0
1078 235 105.0
235 1078 105.0
1078 251 104.0
251 1078 104.0
1078 376 107.0
376 1078 107.0
1078 395 104.0
395 1078 104.0
1078 405 103.0
405 1078 103.0
1078 477 104.0
477 1078 104.0
1078 533 108.0
533 1078 108.0
1078 549 110.0
549 1078 110.0
1078 550 102.0
550 1078 102.0
1078 554 107.0
554 1078 107.0
1078 592 103.0
592 1078 103.0
1078 594 104.0
594 1078 104.0
1078 643 108.0
643 1078 108.0
1078 671 109.0
671 1078 109.0
1078 732 107.0
732 1078 107.0
1078 746 104.0
746 1078 104.0
1078 755 102.0
755 1078 102.0
1078 796 101.0
796 1078 101.0
1078 824 109.0
824 1078 109.0
1078 843 103.0
843 1078 103.0
1078 865 101.0
865 1078 101.0
1078 917 107.0
917 1078 107.0
1078 968 101.0
968 1078 101.0
1079 160 101.0
160 1079 101.0
1079 220 109.0
220 1079 109.0
1079 251 103.0
251 1079 103.0
1079 342 109.0
342 1079 109.0
1079 396 108.0
396 1079 108.0
1079 397 106.0
397 1079 106.0
1079 404 107.0
404 1079 107.0
1079 541 108.0
541 1079 108.0
1079 652 107.0
652 1079 107.0
1079 673 104.0
673 1079 104.0
1079 691 101.0
691 1079 101.0
1079 743 105.0
743 1079 105.0
1079 853 102.0
853 1079 102.0
1079 901 107.0
901 1079 107.0
1079 911 109.0
911 1079 109.0
1079 924 109.0
924 1079 109.0
1079 927 110.0
927 1079 110.0
1079 979 108.0
979 1079 108.0
1080 112 102.0
112 1080 102.0
1080 204 103.0
204 1080 103.0
1080 236 106.0
236 1080 106.0
1080 240 110.0
240 1080 110.0
1080 291 103.0
291 1080 103.0
1080 313 109.0
313 1080 109.0
1080 382 106.0
382 1080 106.0
1080 390 107.0
390 1080 107.0
1080 420 108.0
420 1080 108.0
1080 426 106.0
426 1080 106.0
1080 435 103.0
435 1080 103.0
1080 453 101.0
453 1080 101.0
1080 489 103.0
489 1080 103.0
1080 572 104.0
572 1080 104.0
1080 744 103.0
744 1080 103.0
1080 751 102.0
751 1080 102.0
1080 909 102.0
909 1080 102.0
1080 935 103.0
935 1080 103.0
1080 960 102.0
960 1080 102.0
1080 976 106.0
976 1080 106.0
1081 64 108.0
64 1081 108.0
1081 78 103.0
78 1081 103.0
1081 85 106.0
85 1081 106.0
1081 153 106.0
153 1081 106.0
1081 222 105.0
222 1081 105.0
1081 330 106.0
330 1081 106.0
1081 364 101.0
364 1081 101.0
1081 387 101.0
387 1081 101.0
1081 451 106.0
451 1081 106.0
1081 536 101.0
536 1081 101.0
1081 575 107.0
575 1081 107.0
1081 610 103.0
610 1081 103.0
1081 616 105.0
616 1081 105.0
1081 644 109.0
644 1081 109.0
1081 768 107.0
768 1081 107.0
1081 786 108.0
786 1081 108.0
1081 886 109.0
886 1081 109.0
1081 993 108.0
993 1081 108.0
1082 45 104.0
45 1082 104.0
1082 65 107.0
65 1082 107.0
1082 103 104.0
103 1082 104.0
1082 198 105.0
198 1082 105.0
1082 226 108.0
226 1082 108.0
1082 250 103.0
250 1082 103.0
1082 381 105.0
381 1082 105.0
1082 398 108.0
398 1082 108.0
1082 415 105.0
415 1082 105.0
1082 502 105.0
502 1082 105.0
1082 568 109.0
568 1082 109.0
1082 653 102.0
653 1082 102.0
1082 658 106.0
658 1082 106.0
1082 678 101.0
678 1082 101.0
1082 724 107.0
724 1082 107.0
1082 789 101.0
789 1082 101.0
1082 793 103.0
793 1082 103.0
1082 908 107.0
908 1082 107.0
1082 986 108.0
986 1082 108.0
1083 16 108.0
16 1083 108.0
1083 58 106.0
58 1083 106.0
1083 70 103.0
70 1083 103.0
1083 106 108.0
106 1083 108.0
1083 109 103.0
109 1083 103.0
1083 122 101.0
122 1083 101.0
1083 187 103.0
187 1083 103.0
1083 219 106.0
219 1083 106.0
1083 260 103.0
260 1083 103.0
1083 265 110.0
265 1083 110.0
1083 313 110.0
313 1083 110.0
1083 323 102.0
323 1083 102.0
1083 457 104.0
457 1083 104.0
1083 480 107.0
480 1083 107.0
1083 513 101.0
513 1083 101.0
1083 558 106.0
558 1083 106.0
1083 591 110.0
591 1083 110.0
1083 592 102.0
592 1083 102.0
1083 656 101.0
656 1083 101.0
1083 829 103.0
829 1083 103.0
1083 831 110.0
831 1083 110.0
1083 856 102.0
856 1083 102.0
1083 877 101.0
877 1083 101.0
1083 887 101.0
887 1083 101.0
1083 927 109.0
927 1083 109.0
1083 948 102.0
948 1083 102.0
1083 972 103.0
972 1083 103.0
1084 43 103.0
43 1084 103.0
1084 137 110.0
137 1084 110.0
1084 163 104.0
163 1084 104.0
1084 203 104.0
203 1084 104.0
1084 234 109.0
234 1084 109.0
1084 318 105.0
318 1084 105.0
1084 326 108.0
326 1084 108.0
1084 416 105.0
416 1084 105.0
1084 437 104.0
437 1084 104.0
1084 540 102.0
540 1084 102.0
1084 550 102.0
550 1084 102.0
1084 596 104.0
596 1084 104.0
1084 659 103.0
659 1084 103.0
1084 691 110.0
691 1084 110.0
1084 852 104.0
852 1084 104.0
1084 868 107.0
868 1084 107.0
1084 894 101.0
894 1084 101.0
1084 895 108.0
895 1084 108.0
1084 909 101.0
909 1084 101.0
1085 67 103.0
67 1085 103.0
1085 94 107.0
94 1085 107.0
1085 228 101.0
228 1085 101.0
1085 261 106.0
261 1085 106.0
1085 406 103.0
406 1085 103.0
1085 517 106.0
517 1085 106.0
1085 571 105.0
571 1085 105.0
1085 590 110.0
590 1085 110.0
1085 629 105.0
629 1085 105.0
1085 839 102.0
839 1085 102.0
1085 884 101.0
884 1085 101.0
1085 902 105.0
902 1085 105.0
1085 920 107.0
920 1085 107.0
1085 926 108.0
926 1085 108.0
1085 973 110.0
973 1085 110.0
1086 256 107.0
256 1086 107.0
1086 263 107.0
263 1086 107.0
1086 274 101.0
274 1086 101.0
1086 377 110.0
377 1086 110.0
1086 436 109.0
436 1086 109.0
1086 643 108.0
643 1086 108.0
1086 676 110.0
676 1086 110.0
1086 708 108.0
708 1086 108.0
1086 735 110.0
735 1086 110.0
1086 774 108.0
774 1086 108.0
1086 820 104.0
820 1086 104.0
1086 915 101.0
915 1086 101.0
1086 934 110.0
934 1086 110.0
1086 995 105.0
995 1086 105.0
1087 24 106.0
24 1087 106.0
1087 33 101.0
33 1087 101.0
1087 76 103.0
76 1087 103.0
1087 104 107.0
104 1087 107.0
1087 201 109.0
201 1087 109.0
1087 335 107.0
335 1087 107.0
1087 345 103.0
345 1087 103.0
1087 402 102.0
402 1087 102.0
1087 422 101.0
422 1087 101.0
1087 454 108.0
454 1087 108.0
1087 465 105.0
465 1087 105.0
1087 481 103.0
481 1087 103.0
1087 507 110.0
507 1087 110.0
1087 514 101.0
514 1087 101.0
1087 515 102.0
515 1087 102.0
1087 544 101.0
544 1087 101.0
1087 591 103.0
591 1087 103.0
1087 601 105.0
601 1087 105.0
1087 662 108.0
662 1087 108.0
1087 667 107.0
667 1087 107.0
1087 793 101.0
793 1087 101.0
1087 958 110.0
958 1087 110.0
1087 965 103.0
965 1087 103.0
1087 968 109.0
968 1087 109.0
1087 975 105.0
975 1087 105.0
1088 2 109.0
2 1088 109.0
1088 4 108.0
4 1088 108.0
1088 147 109.0
147 1088 109.0
1088 149 108.0
149 1088 108.0
1088 187 106.0
187 1088 106.0
1088 200 102.0
200 1088 102.0
1088 215 109.0
215 1088 109.0
1088 324 107.0
324 1088 107.0
1088 357 108.0
357 1088 108.0
1088 364 110.0
364 1088 110.0
1088 410 108.0
410 1088 108.0
1088 412 104.0
412 1088 104.0
1088 451 110.0
451 1088 110.0
1088 497 107.0
497 1088 107.0
1088 546 103.0
546 1088 103.0
1088 591 101.0
591 1088 101.0
1088 600 110.0
600 1088 110.0
1088 638 109.0
638 1088 109.0
1088 765 108.0
765 1088 108.0
1088 845 107.0
845 1088 107.0
1088 867 110.0
867 1088 110.0
1088 868 101.0
868 1088 101.0
1088 953 107.0
953 1088 107.0
1089 58 104.0
58 1089 104.0
1089 163 104.0
163 1089 104.0
1089 175 109.0
175 1089 109.0
1089 306 109.0
306 1089 109.0
1089 340 108.0
340 1089 108.0
1089 402 106.0
402 1089 106.0
1089 431 104.0
431 1089 104.0
1089 689 110.0
689 1089 110.0
1089 784 105.0
784 1089 105.0
1090 5 102.0
5 1090 102.0
1090 21 102.0
21 1090 102.0
1090 77 102.0
77 1090 102.0
1090 180 101.0
180 1090 101.0
1090 186 105.0
186 1090 105.0
1090 229 104.0
229 1090 104.0
1090 237 103.0
237 1090 103.0
1090 272 109.0
272 1090 109.0
1090 403 110.0
403 1090 110.0
1090 439 101.0
439 1090 101.0
1090 444 108.0
444 1090 108.0
1090 481 109.0
481 1090 109.0
1090 484 108.0
484 1090 108.0
1090 486 102.0
486 1090 102.0
1090 515 103.0
515 1090 103.0
1090 547 104.0
547 1090 104.0
1090 603 101.0
603 1090 101.0
1090 639 107.0
639 1090 107.0
1090 702 104.0
702 1090 104.0
1090 809 106.0
809 1090 106.0
1090 845 103.0
845 1090 103.0
1090 896 107.0
896 1090 107.0
1091 77 107.0
77 1091 107.0
1091 104 104.0
104 1091 104.0
1091 137 108.0
137 1091 108.0
1091 230 102.0
230 1091 102.0
1091 235 106.0
235 1091 106.0
1091 297 105.0
297 1091 105.0
1091 308 103.0
308 1091 103.0
1091 398 101.0
398 1091 101.0
1091 416 105.0
416 1091 105.0
1091 424 103.0
424 1091 103.0
1091 437 102.0
437 1091 102.0
1091 465 109.0
465 1091 109.0
1091 623 109.0
623 1091 109.0
1091 660 109.0
660 1091 109.0
1091 703 108.0
703 1091 108.0
1091 784 104.0
784 1091 104.0
1091 806 101.0
806 1091 101.0
1091 852 107.0
852 1091 107.0
1091 915 101.0
915 1091 101.0
1091 922 101.0
922 1091 101.0
1092 73 101.0
73 1092 101.0
1092 92 110.0
92 1092 110.0
1092 138 102.0
138 1092 102.0
1092 140 106.0
140 1092 106.0
1092 150 109.0
150 1092 109.0
1092 261 104.0
261 1092 104.0
1092 308 106.0
308 1092 106.0
1092 342 107.0
342 1092 107.0
1092 353 102.0
353 1092 102.0
1092 407 110.0
407 1092 110.0
1092 447 104.0
447 1092 104.0
1092 464 101.0
464 1092 101.0
1092 472 102.0
472 1092 102.0
1092 624 103.0
624 1092 103.0
1092 636 101.0
636 1092 101.0
1092 659 101.0
659 1092 101.0
1092 712 102.0
712 1092 102.0
1092 842 103.0
842 1092 103.0
1092 873 106.0
873 1092 106.0
1092 895 101.0
895 1092 101.0
1092 921 104.0
921 1092 104.0
1092 945 102.0
945 1092 102.0
1092 946 101.0
946 1092 101.0
1092 969 108.0
969 1092 108.0
1092 994 110.0
994 1092 110.0
1093 32 108.0
32 1093 108.0
1093 99 107.0
99 1093 107.0
1093 116 110.0
116 1093 110.0
1093 219 101.0
219 1093 101.0
1093 308 101.0
308 1093 101.0
1093 325 110.0
325 1093 110.0
1093 366 108.0
366 1093 108.0
1093 373 101.0
373 1093 101.0
1093 451 101.0
451 1093 101.0
1093 469 105.0
469 1093 105.0
1093 512 107.0
512 1093 107.0
1093 514 101.0
514 1093 101.0
1093 547 109.0
547 1093 109.0
1093 617 101.0
617 1093 101.0
1093 635 108.0
635 1093 108.0
1093 666 102.0
666 1093 102.0
1093 685 106.0
685 1093 106.0
1093 704 106.0
704 1093 106.0
1093 717 106.0
717 1093 106.0
1093 748 105.0
748 1093 105.0
1093 830 103.0
830 1093 103.0
1093 871 105.0
871 1093 105.0
1093 957 107.0
957 1093 107.0
1094 83 103.0
83 1094 103.0
1094 102 106.0
102 1094 106.0
1094 149 104.0
149 1094 104.0
1094 160 109.0
160 1094 109.0
1094 204 106.0
204 1094 106.0
1094 225 110.0
225 1094 110.0
1094 232 104.0
232 1094 104.0
1094 235 108.0
235 1094 108.0
1094 263 102.0
263 1094 102.0
1094 314 104.0
314 1094 104.0
1094 361 101.0
361 1094 101.0
1094 386 105.0
386 1094 105.0
1094 409 106.0
409 1094 106.0
1094 422 102.0
422 1094 102.0
1094 537 107.0
537 1094 107.0
1094 578 105.0
578 1094 105.0
1094 682 101.0
682 1094 101.0
1094 777 106.0
777 1094 106.0
1094 784 107.0
784 1094 107.0
1094 834 110.0
834 1094 110.0
1094 882 105.0
882 1094 105.0
1094 993 108.0
993 1094 108.0
1095 12 105.0
12 1095 105.0
1095 19 104.0
19 1095 104.0
1095 41 107.0
41 1095 107.0
1095 46 105.0
46 1095 105.0
1095 189 108.0
189 1095 108.0
1095 297 110.0
297 1095 110.0
1095 314 106.0
314 1095 106.0
1095 364 102.0
364 1095 102.0
1095 428 108.0
428 1095 108.0
1095 436 104.0
436 1095 104.0
1095 475 109.0
475 1095 109.0
1095 512 109.0
512 1095 109.0
1095 553 104.0
553 1095 104.0
1095 582 102.0
582 1095 102.0
1095 616 101.0
616 1095 101.0
1095 618 106.0
618 1095 106.0
1095 621 106.0
621 1095 106.0
1095 633 103.0
633 1095 103.0
1095 642 103.0
642 1095 103.0
1095 720 104.0
720 1095 104.0
1095 733 102.0
733 1095 102.0
1095 751 101.0
751 1095 101.0
1095 773 105.0
773 1095 105.0
1095 785 102.0
785 1095 102.0
1095 957 106.0
957 1095 106.0
1096 69 103.0
69 1096 103.0
1096 137 101.0
137 1096 101.0
1096 154 109.0
154 1096 109.0
1096 176 108.0
176 1096 108.0
1096 225 104.0
225 1096 104.0
1096 243 108.0
243 1096 108.0
1096 300 106.0
300 1096 106.0
1096 343 109.0
343 1096 109.0
1096 363 107.0
363 1096 107.0
1096 413 109.0
413 1096 109.0
1096 528 103.0
528 1096 103.0
1096 581 103.0
581 1096 103.0
1096 751 101.0
751 1096 101.0
1096 774 102.0
774 1096 102.0
1096 825 103.0
825 1096 103.0
1096 831 108.0
831 1096 108.0
1096 845 105.0
845 1096 105.0
1096 870 109.0
870 1096 109.0
1096 924 105.0
924 1096 105.0
1097 7 109.0
7 1097 109.0
1097 29 101.0
29 1097 101.0
1097 46 107.0
46 1097 107.0
1097 128 102.0
128 1097 102.0
1097 186 101.0
186 1097 101.0
1097 189 104.0
189 1097 104.0
1097 293 105.0
293 1097 105.0
1097 321 104.0
321 1097 104.0
1097 363 101.0
363 1097 101.0
1097 365 104.0
365 1097 104.0
1097 421 102.0
421 1097 102.0
1097 453 110.0
453 1097 110.0
1097 463 103.0
463 1097 103.0
1097 480 103.0
480 1097 103.0
1097 504 104.0
504 1097 104.0
1097 551 102.0
551 1097 102.0
1097 608 103.0
608 1097 103.0
1097 656 103.0
656 1097 103.0
1097 736 107.0
736 1097 107.0
1097 781 106.0
781 1097 106.0
1097 783 109.0
783 1097 109.0
1097 839 103.0
839 1097 103.0
1097 846 109.0
846 1097 109.0
1097 859 106.0
859 1097 106.0
1097 876 110.0
876 1097 110.0
1098 45 102.0
45 1098 102.0
1098 102 105.0
102 1098 105.0
1098 120 106.0
120 1098 106.0
1098 202 101.0
202 1098 101.0
1098 206 106.0
206 1098 106.0
1098 276 108.0
276 1098 108.0
1098 297 106.0
297 1098 106.0
1098 302 101.0
302 1098 101.0
1098 376 102.0
376 1098 102.0
1098 446 104.0
446 1098 104.0
1098 450 103.0
450 1098 103.0
1098 500 106.0
500 1098 106.0
1098 501 101.0
501 1098 101.0
1098 566 109.0
566 1098 109.0
1098 668 103.0
668 1098 103.0
1098 672 102.0
672 1098 102.0
1098 715 105.0
715 1098 105.0
1098 854 107.0
854 1098 107.0
1098 879 104.0
879 1098 104.0
1099 56 107.0
56 1099 107.0
1099 132 102.0
132 1099 102.0
1099 142 101.0
142 1099 101.0
1099 167 103.0
167 1099 103.0
1099 290 110.0
290 1099 110.0
1099 293 103.0
293 1099 103.0
1099 317 109.0
317 1099 109.0
1099 333 104.0
333 1099 104.0
1099 527 104.0
527 1099 104.0
1099 597 108.0
597 1099 108.0
1099 605 107.0
605 1099 107.0
1099 669 105.0
669 1099 105.0
1099 672 109.0
672 1099 109.0
1099 692 106.0
692 1099 106.0
1099 719 104.0
719 1099 104.0
1099 752 101.0
752 1099 101.0
1099 778 104.0
778 1099 104.0
1099 863 101.0
863 1099 101.0
1099 865 106.0
865 1099 106.0
1099 907 101.0
907 1099 101.0
1100 40 108.0
40 1100 108.0
1100 62 109.0
62 1100 109.0
1100 72 102.0
72 1100 102.0
1100 267 101.0
267 1100 101.0
1100 275 104.0
275 1100 104.0
1100 318 103.0
318 1100 103.0
1100 320 102.0
320 1100 102.0
1100 340 105.0
340 1100 105.0
1100 365 105.0
365 1100 105.0
1100 373 102.0
373 1100 102.0
1100 387 110.0
387 1100 110.0
1100 443 108.0
443 1100 108.0
1100 447 110.0
447 1100 110.0
1100 464 108.0
464 1100 108.0
1100 480 102.0
480 1100 102.0
1100 535 108.0
535 1100 108.0
1100 617 103.0
617 1100 103.0
1100 650 102.0
650 1100 102.0
1100 654 104.0
654 1100 104.0
1100 661 103.0
661 1100 103.0
1100 698 107.0
698 1100 107.0
1100 707 107.0
707 1100 107.0
1100 762 109.0
762 1100 109.0
1100 777 110.0
777 1100 110.0
1100 846 103.0
846 1100 103.0
1100 892 106.0
892 1100 106.0
1100 938 105.0
938 1100 105.0
1101 1 108.0
1 1101 108.0
1101 80 101.0
80 1101 101.0
1101 91 108.0
91 1101 108.0
1101 138 101.0
138 1101 101.0
1101 310 102.0
310 1101 102.0
1101 526 108.0
526 1101 108.0
1101 713 103.0
713 1101 103.0
1101 727 107.0
727 1101 107.0
1101 820 110.0
820 1101 110.0
1101 982 105.0
982 1101 105.0
1102 11 107.0
11 1102 107.0
1102 59 104.0
59 1102 104.0
1102 106 105.0
106 1102 105.0
1102 110 105.0
110 1102 105.0
1102 234 107.0
234 1102 107.0
1102 283 101.0
283 1102 101.0
1102 286 109.0
286 1102 109.0
1102 312 110.0
312 1102 110.0
1102 361 102.0
361 1102 102.0
1102 446 106.0
446 1102 106.0
1102 484 102.0
484 1102 102.0
1102 509 110.0
509 1102 110.0
1102 612 102.0
612 1102 102.0
1102 703 109.0
703 1102 109.0
1102 781 109.0
781 1102 109.0
1102 822 102.0
822 1102 102.0
1102 884 105.0
884 1102 105.0
1102 998 109.0
998 1102 109.0
1103 1 108.0
1 1103 108.0
1103 3 107.0
3 1103 107.0
1103 8 110.0
8 1103 110.0
1103 95 109.0
95 1103 109.0
1103 270 109.0
270 1103 109.0
1103 358 107.0
358 1103 107.0
1103 403 106.0
403 1103 106.0
1103 429 106.0
429 1103 106.0
1103 435 104.0
435 1103 104.0
1103 568 107.0
568 1103 107.0
1103 592 101.0
592 1103 101.0
1103 649 102.0
649 1103 102.0
1103 683 107.0
683 1103 107.0
1103 823 108.0
823 1103 108.0
1103 863 106.0
863 1103 106.0
1103 931 103.0
931 1103 103.0
1103 963 109.0
963 1103 109.0
1103 997 101.0
997 1103 101.0
1104 113 107.0
113 1104 107.0
1104 227 107.0
227 1104 107.0
1104 240 105.0
240 1104 105.0
1104 242 107.0
242 1104 107.0
1104 245 104.0
245 1104 104.0
1104 309 101.0
309 1104 101.0
1104 322 109.0
322 1104 109.0
1104 334 104.0
334 1104 104.0
1104 343 103.0
343 1104 103.0
1104 348 109.0
348 1104 109.0
1104 438 101.0
438 1104 101.0
1104 468 106.0
468 1104 106.0
1104 555 109.0
555 1104 109.0
1104 599 109.0
599 1104 109.0
1104 654 107.0
654 1104 107.0
1104 680 103.0
680 1104 103.0
1104 708 102.0
708 1104 102.0
1104 738 110.0
738 1104 110.0
1104 766 104.0
766 1104 104.0
1104 782 110.0
782 1104 110.0
1105 17 101.0
17 1105 101.0
1105 30 107.0
30 1105 107.0
1105 68 110.0
68 1105 110.0
1105 247 102.0
247 1105 102.0
1105 293 103.0
293 1105 103.0
1105 385 101.0
385 1105 101.0
1105 438 101.0
438 1105 101.0
1105 455 109.0
455 1105 109.0
1105 462 103.0
462 1105 103.0
1105 536 106.0
536 1105 106.0
1105 581 103.0
581 1105 103.0
1105 673 106.0
673 1105 106.0
1105 732 108.0
732 1105 108.0
1105 776 103.0
776 1105 103.0
1105 845 105.0
845 1105 105.0
1105 866 108.0
866 1105 108.0
1105 933 107.0
933 1105 107.0
1105 997 101.0
997 1105 101.0
1106 43 105.0
43 1106 105.0
1106 49 108.0
49 1106 108.0
1106 69 104.0
69 1106 104.0
1106 102 105.0
102 1106 105.0
1106 115 105.0
115 1106 105.0
1106 144 107.0
144 1106 107.0
1106 204 105.0
204 1106 105.0
1106 244 107.0
244 1106 107.0
1106 344 110.0
344 1106 110.0
1106 461 106.0
461 1106 106.0
1106 508 108.0
508 1106 108.0
1106 518 107.0
518 1106 107.0
1106 550 109.0
550 1106 109.0
1106 598 106.0
598 1106 106.0
1106 602 105.0
602 1106 105.0
1106 625 104.0
625 1106 104.0
1106 683 103.0
683 1106 103.0
1106 690 108.0
690 1106 108.0
1106 755 103.0
755 1106 103.0
1106 911 104.0
911 1106 104.0
1106 959 109.0
959 1106 109.0
1107 35 103.0
35 1107 103.0
1107 79 102.0
79 1107 102.0
1107 106 110.0
106 1107 110.0
1107 148 108.0
148 1107 108.0
1107 218 101.0
218 1107 101.0
1107 253 102.0
253 1107 102.0
1107 341 107.0
341 1107 107.0
1107 404 102.0
404 1107 102.0
1107 436 103.0
436 1107 103.0
1107 452 110.0
452 1107 110.0
1107 656 110.0
656 1107 110.0
1107 707 101.0
707 1107 101.0
1107 721 106.0
721 1107 106.0
1107 751 103.0
751 1107 103.0
1107 841 101.0
841 1107 101.0
1107 853 106.0
853 1107 106.0
1107 877 105.0
877 1107 105.0
1107 911 109.0
911 1107 109.0
1107 930 107.0
930 1107 107.0
1107 934 107.0
934 1107 107.0
1107 960 109.0
960 1107 109.0
1107 969 108.0
969 1107 108.0
1108 88 108.0
88 1108 108.0
1108 104 101.0
104 1108 101.0
1108 161 103.0
161 1108 103.0
1108 193 105.0
193 1108 105.0
1108 308 104.0
308 1108 104.0
1108 362 106.0
362 1108 106.0
1108 375 110.0
375 1108 110.0
1108 394 103.0
394 1108 103.0
1108 422 110.0
422 1108 110.0
1108 490 108.0
490 1108 108.0
1108 503 101.0
503 1108 101.0
1108 536 108.0
536 1108 108.0
1108 550 101.0
550 1108 101.0
1108 594 108.0
594 1108 108.0
1108 597 108.0
597 1108 108.0
1108 616 109.0
616 1108 109.0
1108 619 103.0
619 1108 103.0
1108 744 107.0
744 1108 107.0
1108 873 104.0
873 1108 104.0
1108 889 105.0
889 1108 105.0
1108 912 102.0
912 1108 102.0
1108 928 106.0
928 1108 106.0
1108 970 104.0
970 1108 104.0
1108 989 107.0
989 1108 107.0
1109 62 110.0
62 1109 110.0
1109 246 102.0
246 1109 102.0
1109 300 107.0
300 1109 107.0
1109 369 110.0
369 1109 110.0
1109 384 103.0
384 1109 103.0
1109 463 106.0
463 1109 106.0
1109 468 102.0
468 1109 102.0
1109 475 106.0
475 1109 106.0
1109 552 105.0
552 1109 105.0
1109 621 107.0
621 1109 107.0
1109 720 107.0
720 1109 107.0
1109 748 109.0
748 1109 109.0
1109 785 108.0
785 1109 108.0
1109 818 103.0
818 1109 103.0
1109 933 107.0
933 1109 107.0
1109 961 109.0
961 1109 109.0
1109 968 104.0
968 1109 104.0
1109 976 104.0
976 1109 104.0
1110 29 108.0
29 1110 108.0
1110 43 107.0
43 1110 107.0
1110 51 103.0
51 1110 103.0
1110 273 106.0
273 1110 106.0
1110 285 101.0
285 1110 101.0
1110 317 103.0
317 1110 103.0
1110 330 107.0
330 1110 107.0
1110 395 104.0
395 1110 104.0
1110 422 102.0
422 1110 102.0
1110 451 101.0
451 1110 101.0
1110 470 110.0
470 1110 110.0
1110 506 101.0
506 1110 101.0
1110 536 106.0
536 1110 106.0
1110 552 109.0
552 1110 109.0
1110 641 107.0
641 1110 107.0
1110 700 107.0
700 1110 107.0
1110 735 104.0
735 1110 104.0
1110 742 108.0
742 1110 108.0
1110 781 107.0
781 1110 107.0
1110 790 106.0
790 1110 106.0
1110 874 102.0
874 1110 102.0
1110 893 104.0
893 1110 104.0
1110 896 110.0
896 1110 110.0
1110 954 107.0
954 1110 107.0
1110 982 103.0
982 1110 103.0
1111 6 106.0
6 1111 106.0
1111 17 107.0
17 1111 107.0
1111 55 103.0
55 1111 103.0
1111 86 109.0
86 1111 109.0
1111 135 110.0
135 1111 110.0
1111 195 107.0
195 1111 107.0
1111 224 103.0
224 1111 103.0
1111 250 101.0
250 1111 101.0
1111 346 101.0
346 1111 101.0
1111 445 101.0
445 1111 101.0
1111 467 102.0
467 1111 102.0
1111 580 101.0
580 1111 101.0
1111 598 104.0
598 1111 104.0
1111 633 109.0
633 1111 109.0
1111 662 107.0
662 1111 107.0
1111 678 106.0
678 1111 106.0
1111 686 110.0
686 1111 110.0
1111 883 109.0
883 1111 109.0
1112 117 103.0
117 1112 103.0
1112 176 101.0
176 1112 101.0
1112 245 103.0
245 1112 103.0
1112 274 102.0
274 1112 102.0
1112 326 105.0
326 1112 105.0
1112 574 101.0
574 1112 101.0
1112 581 104.0
581 1112 104.0
1112 684 106.0
684 1112 106.0
1112 696 106.0
696 1112 106.0
1112 740 106.0
740 1112 106.0
1112 770 106.0
770 1112 106.0
1112 808 104.0
808 1112 104.0
1112 950 106.0
950 1112 106.0
1113 6 102.0
6 1113 102.0
1113 105 110.0
105 1113 110.0
1113 127 109.0
127 1113 109.0
1113 208 106.0
208 1113 106.0
1113 221 108.0
221 1113 108.0
1113 224 103.0
224 1113 103.0
1113 287 101.0
287 1113 101.0
1113 333 110.0
333 1113 110.0
1113 465 107.0
465 1113 107.0
1113 506 109.0
506 1113 109.0
1113 545 110.0
545 1113 110.0
1113 579 109.0
579 1113 109.0
1113 696 106.0
696 1113 106.0
1113 724 101.0
724 1113 101.0
1113 727 101.0
727 1113 101.0
1113 814 107.0
814 1113 107.0
1113 846 109.0
846 1113 109.0
1113 863 109.0
863 1113 109.0
1113 909 109.0
909 1113 109.0
1113 959 107.0
959 1113 107.0
1113 962 110.0
962 1113 110.0
1114 22 110.0
22 1114 110.0
1114 26 107.0
26 1114 107.0
1114 85 105.0
85 1114 105.0
1114 87 108.0
87 1114 108.0
1114 114 109.0
114 1114 109.0
1114 178 103.0
178 1114 103.0
1114 186 109.0
186 1114 109.0
1114 207 110.0
207 1114 110.0
1114 305 101.0
305 1114 101.0
1114 313 105.0
313 1114 105.0
1114 444 108.0
444 1114 108.0
1114 513 106.0
513 1114 106.0
1114 650 107.0
650 1114 107.0
1114 797 102.0
797 1114 102.0
1114 864 107.0
864 1114 107.0
1114 949 101.0
949 1114 101.0
1114 955 110.0
955 1114 110.0
1114 956 102.0
956 1114 102.0
1114 990 101.0
990 1114 101.0
1114 997 104.0
997 1114 104.0
1115 101 103.0
101 1115 103.0
1115 144 102.0
144 1115 102.0
1115 167 104.0
167 1115 104.0
1115 212 109.0
212 1115 109.0
1115 244 102.0
244 1115 102.0
1115 318 105.0
318 1115 105.0
1115 332 109.0
332 1115 109.0
1115 359 101.0
359 1115 101.0
1115 509 110.0
509 1115 110.0
1115 552 103.0
552 1115 103.0
1115 561 108.0
561 1115 108.0
1115 674 105.0
674 1115 105.0
1115 709 108.0
709 1115 108.0
1115 725 107.0
725 1115 107.0
1115 749 103.0
749 1115 103.0
1115 926 103.0
926 1115 103.0
1115 930 110.0
930 1115 110.0
1116 44 105.0
44 1116 105.0
1116 74 102.0
74 1116 102.0
1116 82 103.0
82 1116 103.0
1116 114 106.0
114 1116 106.0
1116 211 108.0
211 1116 108.0
1116 218 104.0
218 1116 104.0
1116 286 105.0
286 1116 105.0
1116 349 108.0
349 1116 108.0
1116 408 108.0
408 1116 108.0
1116 459 102.0
459 1116 102.0
1116 477 108.0
477 1116 108.0
1116 568 102.0
568 1116 102.0
1116 571 110.0
571 1116 110.0
1116 723 106.0
723 1116 106.0
1116 764 102.0
764 1116 102.0
1116 772 108.0
772 1116 108.0
1116 857 102.0
857 1116 102.0
1116 872 102.0
872 1116 102.0
1116 881 104.0
881 1116 104.0
1116 921 109.0
921 1116 109.0
1116 931 103.0
931 1116 103.0
1116 941 107.0
941 1116 107.0
1116 945 107.0
945 1116 107.0
1116 970 102.0
970 1116 102.0
1116 998 103.0
998 1116 103.0
1117 47 104.0
47 1117 104.0
1117 129 104.0
129 1117 104.0
1117 132 105.0
132 1117 105.0
1117 336 102.0
336 1117 102.0
1117 354 110.0
354 1117 110.0
1117 376 106.0
376 1117 106.0
1117 411 104.0
411 1117 104.0
1117 427 103.0
427 1117 103.0
1117 449 106.0
449 1117 106.0
1117 506 108.0
506 1117 108.0
1117 560 110.0
560 1117 110.0
1117 579 107.0
579 1117 107.0
1117 681 101.0
681 1117 101.0
1117 683 110.0
683 1117 110.0
1117 687 110.0
687 1117 110.0
1117 699 110.0
699 1117 110.0
1117 709 110.0
709 1117 110.0
1117 827 105.0
827 1117 105.0
1117 857 108.0
857 1117 108.0
1117 870 106.0
870 1117 106.0
1117 893 106.0
893 1117 106.0
1117 928 108.0
928 1117 108.0
1117 933 110.0
933 1117 110.0
1117 936 102.0
936 1117 102.0
1118 32 102.0
32 1118 102.0
1118 44 102.0
44 1118 102.0
1118 144 103.0
144 1118 103.0
1118 170 101.0
170 1118 101.0
1118 172 101.0
172 1118 101.0
1118 229 102.0
229 1118 102.0
1118 376 107.0
376 1118 107.0
1118 404 102.0
404 1118 102.0
1118 513 110.0
513 1118 110.0
1118 531 107.0
531 1118 107.0
1118 629 106.0
629 1118 106.0
1118 674 104.0
674 1118 104.0
1118 772 110.0
772 1118 110.0
1118 840 107.0
840 1118 107.0
1118 846 108.0
846 1118 108.0
1118 896 103.0
896 1118 103.0
1118 925 102.0
925 1118 102.0
1118 987 106.0
987 1118 106.0
1118 993 109.0
993 1118 109.0
1119 87 110.0
87 1119 110.0
1119 122 104.0
122 1119 104.0
1119 185 102.0
185 1119 102.0
1119 195 106.0
195 1119 106.0
1119 306 106.0
306 1119 106.0
1119 405 106.0
405 1119 106.0
1119 444 109.0
444 1119 109.0
1119 482 102.0
482 1119 102.0
1119 547 105.0
547 1119 105.0
1119 569 107.0
569 1119 107.0
1119 591 105.0
591 1119 105.0
1119 614 105.0
614 1119 105.0
1119 669 104.0
669 1119 104.0
1119 676 101.0
676 1119 101.0
1119 692 103.0
692 1119 103.0
1119 699 107.0
699 1119 107.0
1119 764 103.0
764 1119 103.0
1119 772 101.0
772 1119 101.0
1119 808 108.0
808 1119 108.0
1119 816 109.0
816 1119 109.0
1119 932 105.0
932 1119 105.0
1120 10 109.0
10 1120 109.0
1120 115 108.0
115 1120 108.0
1120 166 103.0
166 1120 103.0
1120 196 109.0
196 1120 109.0
1120 199 108.0
199 1120 108.0
1120 369 103.0
369 1120 103.0
1120 531 110.0
531 1120 110.0
1120 578 107.0
578 1120 107.0
1120 636 103.0
636 1120 103.0
1120 650 102.0
650 1120 102.0
1120 672 106.0
672 1120 106.0
1120 697 109.0
697 1120 109.0
1120 704 103.0
704 1120 103.0
1120 785 106.0
785 1120 106.0
1120 804 101.0
804 1120 101.0
1120 817 103.0
817 1120 103.0
1120 895 108.0
895 1120 108.0
1120 956 107.0
956 1120 107.0
1121 2 101.0
2 1121 101.0
1121 68 110.0
68 1121 110.0
1121 117 102.0
117 1121 102.0
1121 149 110.0
149 1121 110.0
1121 221 109.0
221 1121 109.0
1121 289 101.0
289 1121 101.0
1121 434 106.0
434 1121 106.0
1121 581 108.0
581 1121 108.0
1121 718 101.0
718 1121 101.0
1121 766 110.0
766 1121 110.0
1121 815 104.0
815 1121 104.0
1121 871 107.0
871 1121 107.0
1122 88 102.0
88 1122 102.0
1122 89 104.0
89 1122 104.0
1122 130 106.0
130 1122 106.0
1122 144 110.0
144 1122 110.0
1122 154 102.0
154 1122 102.0
1122 210 108.0
210 1122 108.0
1122 236 109.0
236 1122 109.0
1122 301 103.0
301 1122 103.0
1122 337 102.0
337 1122 102.0
1122 344 108.0
344 1122 108.0
1122 359 104.0
359 1122 104.0
1122 403 103.0
403 1122 103.0
1122 490 102.0
490 1122 102.0
1122 582 104.0
582 1122 104.0
1122 655 106.0
655 1122 106.0
1122 671 104.0
671 1122 104.0
1122 684 102.0
684 1122 102.0
1122 701 101.0
701 1122 101.0
1122 914 107.0
914 1122 107.0
1122 994 107.0
994 1122 107.0
1122 995 106.0
995 1122 106.0
1123 25 106.0
25 1123 106.0
1123 39 102.0
39 1123 102.0
1123 48 108.0
48 1123 108.0
1123 109 103.0
109 1123 103.0
1123 156 110.0
156 1123 110.0
1123 220 108.0
220 1123 108.0
1123 369 101.0
369 1123 101.0
1123 404 107.0
404 1123 107.0
1123 532 108.0
532 1123 108.0
1123 593 109.0
593 1123 109.0
1123 617 107.0
617 1123 107.0
1123 688 108.0
688 1123 108.0
1123 698 107.0
698 1123 107.0
1123 832 105.0
832 1123 105.0
1123 850 108.0
850 1123 108.0
1123 924 103.0
924 1123 103.0
1123 937 103.0
937 1123 103.0
1123 956 101.0
956 1123 101.0
1123 993 106.0
993 1123 106.0
1124 44 101.0
44 1124 101.0
1124 128 105.0
128 1124 105.0
1124 209 108.0
209 1124 108.0
1124 319 106.0
319 1124 106.0
1124 323 106.0
323 1124 106.0
1124 419 109.0
419 1124 109.0
1124 487 107.0
487 1124 107.0
1124 703 102.0
703 1124 102.0
1124 736 108.0
736 1124 108.0
1124 755 104.0
755 1124 104.0
1124 756 110.0
756 1124 110.0
1124 764 105.0
764 1124 105.0
1124 842 102.0
842 1124 102.0
1124 848 106.0
848 1124 106.0
1124 884 101.0
884 1124 101.0
1124 921 105.0
921 1124 105.0
1124 941 105.0
941 1124 105.0
1124 974 110.0
974 1124 110.0
1124 975 104.0
975 1124 104.0
1125 4 103.0
4 1125 103.0
1125 33 106.0
33 1125 106.0
1125 58 102.0
58 1125 102.0
1125 138 101.0
138 1125 101.0
1125 268 106.0
268 1125 106.0
1125 272 104.0
272 1125 104.0
1125 294 106.0
294 1125 106.0
1125 416 107.0
416 1125 107.0
1125 428 102.0
428 1125 102.0
1125 462 103.0
462 1125 103.0
1125 501 101.0
501 1125 101.0
1125 618 109.0
618 1125 109.0
1125 673 108.0
673 1125 108.0
1125 811 106.0
811 1125 106.0
1125 969 105.0
969 1125 105.0
1125 972 107.0
972 1125 107.0
1125 996 104.0
996 1125 104.0
1126 120 101.0
120 1126 101.0
1126 173 107.0
173 1126 107.0
1126 290 109.0
290 1126 109.0
1126 324 103.0
324 1126 103.0
1126 377 101.0
377 1126 101.0
1126 518 107.0
518 1126 107.0
1126 544 105.0
544 1126 105.0
1126 862 109.0
862 1126 109.0
1126 933 110.0
933 1126 110.0
1126 939 104.0
939 1126 104.0
1126 953 109.0
953 1126 109.0
1126 978 101.0
978 1126 101.0
1127 32 101.0
32 1127 101.0
1127 35 106.0
35 1127 106.0
1127 102 110.0
102 1127 110.0
1127 112 110.0
112 1127 110.0
1127 123 105.0
123 1127 105.0
1127 154 105.0
154 1127 105.0
1127 262 106.0
262 1127 106.0
1127 347 102.0
347 1127 102.0
1127 453 108.0
453 1127 108.0
1127 479 104.0
479 1127 104.0
1127 491 106.0
491 1127 106.0
1127 522 106.0
522 1127 106.0
1127 542 106.0
542 1127 106.0
1127 572 105.0
572 1127 105.0
1127 611 105.0
611 1127 105.0
1127 629 103.0
629 1127 103.0
1127 663 105.0
663 1127 105.0
1127 675 110.0
675 1127 110.0
1127 773 105.0
773 1127 105.0
1127 848 106.0
848 1127 106.0
1127 909 104.0
909 1127 104.0
1127 977 105.0
977 1127 105.0
1128 18 102.0
18 1128 102.0
1128 167 107.0
167 1128 107.0
1128 180 107.0
180 1128 107.0
1128 181 104.0
181 1128 104.0
1128 346 107.0
346 1128 107.0
1128 380 109.0
380 1128 109.0
1128 395 109.0
395 1128 109.0
1128 445 108.0
445 1128 108.0
1128 528 103.0
528 1128 103.0
1128 571 108.0
571 1128 108.0
1128 648 105.0
648 1128 105.0
1128 695 107.0
695 1128 107.0
1128 790 110.0
790 1128 110.0
1128 962 102.0
962 1128 102.0
1128 969 105.0
969 1128 105.0
1129 58 102.0
58 1129 102.0
1129 94 110.0
94 1129 110.0
1129 116 107.0
116 1129 107.0
1129 226 104.0
226 1129 104.0
1129 377 103.0
377 1129 103.0
1129 459 107.0
459 1129 107.0
1129 609 102.0
609 1129 102.0
1129 611 106.0
611 1129 106.0
1129 630 110.0
630 1129 110.0
1129 676 103.0
676 1129 103.0
1129 683 103.0
683 1129 103.0
1129 711 106.0
711 1129 106.0
1129 825 108.0
825 1129 108.0
1129 828 101.0
828 1129 101.0
1129 920 102.0
920 1129 102.0
1130 53 103.0
53 1130 103.0
1130 58 108.0
58 1130 108.0
1130 92 102.0
92 1130 102.0
1130 119 101.0
119 1130 101.0
1130 123 109.0
123 1130 109.0
1130 161 101.0
161 1130 101.0
1130 281 105.0
281 1130 105.0
1130 295 105.0
295 1130 105.0
1130 336 101.0
336 1130 101.0
1130 475 110.0
475 1130 110.0
1130 479 104.0
479 1130 104.0
1130 492 103.0
492 1130 103.0
1130 555 103.0
555 1130 103.0
1130 589 102.0
589 1130 102.0
1130 590 103.0
590 1130 103.0
1130 734 104.0
734 1130 104.0
1130 752 107.0
752 1130 107.0
1130 809 110.0
809 1130 110.0
1130 879 110.0
879 1130 110.0
1130 971 108.0
971 1130 108.0
1130 977 106.0
977 1130 106.0
1130 994 107.0
994 1130 107.0
1131 50 109.0
50 1131 109.0
1131 82 110.0
82 1131 110.0
1131 101 101.0
101 1131 101.0
1131 105 108.0
105 1131 108.0
1131 210 104.0
210 1131 104.0
1131 244 105.0
244 1131 105.0
1131 279 104.0
279 1131 104.0
1131 344 105.0
344 1131 105.0
1131 396 104.0
396 1131 104.0
1131 584 107.0
584 1131 107.0
1131 610 105.0
610 1131 105.0
1131 620 107.0
620 1131 107.0
1131 726 105.0
726 1131 105.0
1131 781 103.0
781 1131 103.0
1131 872 101.0
872 1131 101.0
1131 890 110.0
890 1131 110.0
1131 942 105.0
942 1131 105.0
1132 18 110.0
18 1132 110.0
1132 38 106.0
38 1132 106.0
1132 155 101.0
155 1132 101.0
1132 164 108.0
164 1132 108.0
1132 175 109.0
175 1132 109.0
1132 194 109.0
194 1132 109.0
1132 228 102.0
228 1132 102.0
1132 262 110.0
262 1132 110.0
1132 286 107.0
286 1132 107.0
1132 310 109.0
310 1132 109.0
1132 506 104.0
506 1132 104.0
1132 531 106.0
531 1132 106.0
1132 728 102.0
728 1132 102.0
1132 747 101.0
747 1132 101.0
1132 774 109.0
774 1132 109.0
1132 821 104.0
821 1132 104.0
1132 853 110.0
853 1132 110.0
1132 894 101.0
894 1132 101.0
1132 930 107.0
930 1132 107.0
1132 940 107.0
940 1132 107.0
1132 958 109.0
958 1132 109.0
1133 114 108.0
114 1133 108.0
1133 126 107.0
126 1133 107.0
1133 148 108.0
148 1133 108.0
1133 155 110.0
155 1133 110.0
1133 172 103.0
172 1133 103.0
1133 218 105.0
218 1133 105.0
1133 281 101.0
281 1133 101.0
1133 332 104.0
332 1133 104.0
1133 355 110.0
355 1133 110.0
1133 360 105.0
360 1133 105.0
1133 407 104.0
407 1133 104.0
1133 501 103.0
501 1133 103.0
1133 514 103.0
514 1133 103.0
1133 562 101.0
562 1133 101.0
1133 620 105.0
620 1133 105.0
1133 691 103.0
691 1133 103.0
1134 69 105.0
69 1134 105.0
1134 169 106.0
169 1134 106.0
1134 221 109.0
221 1134 109.0
1134 295 109.0
295 1134 109.0
1134 306 103.0
306 1134 103.0
1134 311 108.0
311 1134 108.0
1134 314 101.0
314 1134 101.0
1134 319 105.0
319 1134 105.0
1134 337 106.0
337 1134 106.0
1134 360 103.0
360 1134 103.0
1134 513 109.0
513 1134 109.0
1134 514 103.0
514 1134 103.0
1134 657 105.0
657 1134 105.0
1134 746 110.0
746 1134 110.0
1134 759 104.0
759 1134 104.0
1134 798 103.0
798 1134 103.0
1134 827 104.0
827 1134 104.0
1134 862 109.0
862 1134 109.0
1135 70 107.0
70 1135 107.0
1135 125 101.0
125 1135 101.0
1135 165 108.0
165 1135 108.0
1135 185 107.0
185 1135 107.0
1135 196 102.0
196 1135 102.0
1135 222 108.0
222 1135 108.0
1135 243 103.0
243 1135 103.0
1135 246 107.0
246 1135 107.0
1135 266 107.0
266 1135 107.0
1135 278 109.0
278 1135 109.0
1135 350 107.0
350 1135 107.0
1135 368 110.0
368 1135 110.0
1135 425 103.0
425 1135 103.0
1135 454 109.0
454 1135 109.0
1135 544 102.0
544 1135 102.0
1135 591 104.0
591 1135 104.0
1135 593 110.0
593 1135 110.0
1135 719 103.0
719 1135 103.0
1135 787 105.0
787 1135 105.0
1135 862 105.0
862 1135 105.0
1135 913 108.0
913 1135 108.0
1135 924 109.0
924 1135 109.0
1135 1000 106.0
1000 1135 106.0
1136 59 105.0
59 1136 105.0
1136 178 109.0
178 1136 109.0
1136 244 103.0
244 1136 103.0
1136 257 105.0
257 1136 105.0
1136 298 108.0
298 1136 108.0
1136 451 107.0
451 1136 107.0
1136 565 110.0
565 1136 110.0
1136 594 109.0
594 1136 109.0
1136 720 107.0
720 1136 107.0
1136 735 105.0
735 1136 105.0
1136 740 102.0
740 1136 102.0
1136 910 101.0
910 1136 101.0
1136 913 101.0
913 1136 101.0
1136 932 108.0
932 1136 108.0
1136 946 106.0
946 1136 106.0
1137 11 110.0
11 1137 110.0
1137 102 107.0
102 1137 107.0
1137 125 103.0
125 1137 103.0
1137 136 108.0
136 1137 108.0
1137 191 103.0
191 1137 103.0
1137 210 108.0
210 1137 108.0
1137 217 108.0
217 1137 108.0
1137 343 103.0
343 1137 103.0
1137 414 105.0
414 1137 105.0
1137 417 104.0
417 1137 104.0
1137 525 107.0
525 1137 107.0
1137 611 107.0
611 1137 107.0
1137 645 105.0
645 1137 105.0
1137 660 105.0
660 1137 105.0
1137 750 108.0
750 1137 108.0
1137 767 102.0
767 1137 102.0
1137 843 107.0
843 1137 107.0
1137 894 107.0
894 1137 107.0
1138 23 108.0
23 1138 108.0
1138 52 103.0
52 1138 103.0
1138 130 106.0
130 1138 106.0
1138 153 104.0
153 1138 104.0
1138 159 109.0
159 1138 109.0
1138 167 108.0
167 1138 108.0
1138 192 109.0
192 1138 109.0
1138 261 102.0
261 1138 102.0
1138 326 107.0
326 1138 107.0
1138 345 104.0
345 1138 104.0
1138 362 110.0
362 1138 110.0
1138 399 105.0
399 1138 105.0
1138 483 107.0
483 1138 107.0
1138 516 104.0
516 1138 104.0
1138 526 104.0
526 1138 104.0
1138 564 106.0
564 1138 106.0
1138 630 105.0
630 1138 105.0
1138 651 107.0
651 1138 107.0
1138 694 101.0
694 1138 101.0
1138 876 103.0
876 1138 103.0
1138 889 106.0
889 1138 106.0
1138 979 108.0
979 1138 108.0
1139 51 106.0
51 1139 106.0
1139 117 102.0
117 1139 102.0
1139 139 102.0
139 1139 102.0
1139 321 101.0
321 1139 101.0
1139 360 104.0
360 1139 104.0
1139 451 101.0
451 1139 101.0
1139 503 102.0
503 1139 102.0
1139 584 110.0
584 1139 110.0
1139 647 110.0
647 1139 110.0
1139 668 102.0
668 1139 102.0
1139 741 110.0
741 1139 110.0
1139 772 101.0
772 1139 101.0
1139 774 106.0
774 1139 106.0
1139 854 110.0
854 1139 110.0
1139 857 104.0
857 1139 104.0
1139 868 107.0
868 1139 107.0
1139 899 110.0
899 1139 110.0
1139 947 108.0
947 1139 108.0
1139 979 102.0
979 1139 102.0
1140 35 108.0
35 1140 108.0
1140 84 105.0
84 1140 105.0
1140 88 102.0
88 1140 102.0
1140 135 104.0
135 1140 104.0
1140 164 101.0
164 1140 101.0
1140 423 102.0
423 1140 102.0
1140 452 104.0
452 1140 104.0
1140 479 106.0
479 1140 106.0
1140 522 108.0
522 1140 108.0
1140 525 103.0
525 1140 103.0
1140 641 109.0
641 1140 109.0
1140 675 101.0
675 1140 101.0
1140 721 101.0
721 1140 101.0
1140 740 110.0
740 1140 110.0
1140 780 103.0
780 1140 103.0
1140 855 109.0
855 1140 109.0
1140 866 107.0
866 1140 107.0
1140 922 109.0
922 1140 109.0
1140 932 106.0
932 1140 106.0
1140 996 109.0
996 1140 109.0
1141 7 108.0
7 1141 108.0
1141 24 109.0
24 1141 109.0
1141 51 106.0
51 1141 106.0
1141 95 107.0
95 1141 107.0
1141 202 102.0
202 1141 102.0
1141 248 102.0
248 1141 102.0
1141 327 102.0
327 1141 102.0
1141 434 102.0
434 1141 102.0
1141 547 107.0
547 1141 107.0
1141 607 105.0
607 1141 105.0
1141 800 104.0
800 1141 104.0
1141 897 108.0
897 1141 108.0
1141 977 105.0
977 1141 105.0
1141 980 105.0
980 1141 105.0
1142 11 106.0
11 1142 106.0
1142 68 108.0
68 1142 108.0
1142 108 107.0
108 1142 107.0
1142 125 102.0
125 1142 102.0
1142 194 109.0
194 1142 109.0
1142 258 103.0
258 1142 103.0
1142 262 103.0
262 1142 103.0
1142 331 108.0
331 1142 108.0
1142 364 106.0
364 1142 106.0
1142 406 108.0
406 1142 108.0
1142 476 110.0
476 1142 110.0
1142 558 101.0
558 1142 101.0
1142 574 102.0
574 1142 102.0
1142 689 102.0
689 1142 102.0
1142 694 103.0
694 1142 103.0
1142 733 107.0
733 1142 107.0
1142 911 103.0
911 1142 103.0
1142 920 105.0
920 1142 105.0
1142 972 109.0
972 1142 109.0
1142 978 101.0
978 1142 101.0
1142 986 107.0
986 1142 107.0
1142 994 106.0
994 1142 106.0
1143 67 103.0
67 1143 103.0
1143 69 101.0
69 1143 101.0
1143 101 103.0
101 1143 103.0
1143 116 107.0
116 1143 107.0
1143 126 102.0
126 1143 102.0
1143 205 107.0
205 1143 107.0
1143 279 104.0
279 1143 104.0
1143 288 106.0
288 1143 106.0
1143 306 108.0
306 1143 108.0
1143 307 104.0
307 1143 104.0
1143 493 102.0
493 1143 102.0
1143 505 110.0
505 1143 110.0
1143 529 108.0
529 1143 108.0
1143 540 109.0
540 1143 109.0
1143 586 109.0
586 1143 109.0
1143 654 110.0
654 1143 110.0
1143 685 109.0
685 1143 109.0
1143 719 103.0
719 1143 103.0
1143 748 107.0
748 1143 107.0
1143 830 103.0
830 1143 103.0
1144 13 109.0
13 1144 109.0
1144 52 107.0
52 1144 107.0
1144 72 105.0
72 1144 105.0
1144 222 107.0
222 1144 107.0
1144 339 102.0
339 1144 102.0
1144 418 106.0
418 1144 106.0
1144 428 106.0
428 1144 106.0
1144 529 108.0
529 1144 108.0
1144 616 108.0
616 1144 108.0
1144 669 108.0
669 1144 108.0
1144 751 106.0
751 1144 106.0
1144 830 108.0
830 1144 108.0
1144 856 105.0
856 1144 105.0
1144 869 107.0
869 1144 107.0
1144 875 109.0
875 1144 109.0
1144 910 102.0
910 1144 102.0
1144 924 110.0
924 1144 110.0
1145 38 102.0
38 1145 102.0
1145 65 107.0
65 1145 107.0
1145 134 102.0
134 1145 102.0
1145 137 108.0
137 1145 108.0
1145 171 102.0
171 1145 102.0
1145 420 104.0
420 1145 104.0
1145 461 106.0
461 1145 106.0
1145 467 108.0
467 1145 108.0
1145 538 101.0
538 1145 101.0
1145 584 107.0
584 1145 107.0
1145 593 105.0
593 1145 105.0
1145 808 109.0
808 1145 109.0
1145 865 101.0
865 1145 101.0
1145 866 106.0
866 1145 106.0
1145 876 106.0
876 1145 106.0
1146 19 103.0
19 1146 103.0
1146 64 109.0
64 1146 109.0
1146 67 107.0
67 1146 107.0
1146 69 105.0
69 1146 105.0
1146 85 103.0
85 1146 103.0
1146 122 105.0
122 1146 105.0
1146 134 104.0
134 1146 104.0
1146 188 101.0
188 1146 101.0
1146 265 109.0
265 1146 109.0
1146 277 101.0
277 1146 101.0
1146 278 107.0
278 1146 107.0
1146 310 103.0
310 1146 103.0
1146 366 103.0
366 1146 103.0
1146 376 103.0
376 1146 103.0
1146 420 110.0
420 1146 110.0
1146 570 109.0
570 1146 109.0
1146 576 105.0
576 1146 105.0
1146 606 102.0
606 1146 102.0
1146 658 103.0
658 1146 103.0
1146 684 102.0
684 1146 102.0
1146 833 103.0
833 1146 103.0
1146 997 110.0
997 1146 110.0
1147 47 102.0
47 1147 102.0
1147 70 103.0
70 1147 103.0
1147 107 108.0
107 1147 108.0
1147 144 110.0
144 1147 110.0
1147 209 105.0
209 1147 105.0
1147 378 101.0
378 1147 101.0
1147 389 105.0
389 1147 105.0
1147 455 109.0
455 1147 109.0
1147 503 106.0
503 1147 106.0
1147 650 101.0
650 1147 101.0
1147 653 107.0
653 1147 107.0
1147 659 103.0
659 1147 103.0
1147 719 101.0
719 1147 101.0
1147 743 102.0
743 1147 102.0
1147 776 108.0
776 1147 108.0
1147 819 108.0
819 1147 108.0
1147 839 109.0
839 1147 109.0
1147 870 103.0
870 1147 103.0
1147 876 110.0
876 1147 110.0
1147 881 101.0
881 1147 101.0
1147 887 109.0
887 1147 109.0
1147 910 110.0
910 1147 110.0
1147 921 103.0
921 1147 103.0
1147 945 107.0
945 1147 107.0
1147 947 104.0
947 1147 104.0
1147 950 109.0
950 1147 109.0
1147 980 107.0
980 1147 107.0
1148 19 102.0
19 1148 102.0
1148 38 110.0
38 1148 110.0
1148 39 110.0
39 1148 110.0
1148 83 109.0
83 1148 109.0
1148 91 106.0
91 1148 106.0
1148 123 103.0
123 1148 103.0
1148 133 103.0
133 1148 103.0
1148 179 106.0
179 1148 106.0
1148 192 101.0
192 1148 101.0
1148 222 104.0
222 1148 104.0
1148 275 108.0
275 1148 108.0
1148 281 110.0
281 1148 110.0
1148 287 110.0
287 1148 110.0
1148 442 108.0
442 1148 108.0
1148 470 107.0
470 1148 107.0
1148 540 105.0
540 1148 105.0
1148 579 108.0
579 1148 108.0
1148 607 108.0
607 1148 108.0
1148 678 109.0
678 1148 109.0
1148 888 102.0
888 1148 102.0
1148 952 108.0
952 1148 108.0
1148 976 106.0
976 1148 106.0
1149 45 101.0
45 1149 101.0
1149 51 101.0
51 1149 101.0
1149 110 107.0
110 1149 107.0
1149 264 110.0
264 1149 110.0
1149 267 108.0
267 1149 108.0
1149 292 108.0
292 1149 108.0
1149 351 102.0
351 1149 102.0
1149 397 105.0
397 1149 105.0
1149 453 101.0
453 1149 101.0
1149 529 109.0
529 1149 109.0
1149 595 104.0
595 1149 104.0
1149 609 101.0
609 1149 101.0
1149 635 109.0
635 1149 109.0
1149 768 101.0
768 1149 101.0
1149 886 109.0
886 1149 109.0
1149 893 102.0
893 1149 102.0
1150 10 101.0
10 1150 101.0
1150 102 103.0
102 1150 103.0
1150 153 106.0
153 1150 106.0
1150 178 107.0
178 1150 107.0
1150 179 103.0
179 1150 103.0
1150 193 102.0
193 1150 102.0
1150 343 110.0
343 1150 110.0
1150 351 106.0
351 1150 106.0
1150 402 108.0
402 1150 108.0
1150 435 107.0
435 1150 107.0
1150 482 106.0
482 1150 106.0
1150 504 103.0
504 1150 103.0
1150 547 102.0
547 1150 102.0
1150 554 106.0
554 1150 106.0
1150 578 105.0
578 1150 105.0
1150 606 105.0
606 1150 105.0
1150 619 110.0
619 1150 110.0
1150 631 104.0
631 1150 104.0
1150 712 101.0
712 1150 101.0
1150 795 109.0
795 1150 109.0
1150 886 101.0
886 1150 101.0
1151 63 101.0
63 1151 101.0
1151 82 105.0
82 1151 105.0
1151 144 102.0
144 1151 102.0
1151 237 108.0
237 1151 108.0
1151 324 101.0
324 1151 101.0
1151 353 109.0
353 1151 109.0
1151 416 107.0
416 1151 107.0
1151 427 101.0
427 1151 101.0
1151 441 105.0
441 1151 105.0
1151 468 103.0
468 1151 103.0
1151 517 105.0
517 1151 105.0
1151 586 107.0
586 1151 107.0
1151 665 101.0
665 1151 101.0
1151 673 108.0
673 1151 108.0
1151 675 109.0
675 1151 109.0
1151 799 104.0
799 1151 104.0
1151 811 105.0
811 1151 105.0
1151 898 110.0
898 1151 110.0
1151 901 108.0
901 1151 108.0
1151 945 105.0
945 1151 105.0
1151 952 104.0
952 1151 104.0
1151 972 110.0
972 1151 110.0
1151 973 108.0
973 1151 108.0
1152 31 101.0
31 1152 101.0
1152 153 105.0
153 1152 105.0
1152 169 106.0
169 1152 106.0
1152 176 104.0
176 1152 104.0
1152 274 105.0
274 1152 105.0
1152 346 103.0
346 1152 103.0
1152 478 101.0
478 1152 101.0
1152 500 105.0
500 1152 105.0
1152 634 103.0
634 1152 103.0
1152 654 110.0
654 1152 110.0
1152 715 104.0
715 1152 104.0
1152 722 104.0
722 1152 104.0
1152 790 109.0
790 1152 109.0
1152 850 104.0
850 1152 104.0
1152 876 104.0
876 1152 104.0
1152 880 110.0
880 1152 110.0
1152 896 105.0
896 1152 105.0
1152 900 102.0
900 1152 102.0
1152 949 101.0
949 1152 101.0
1153 58 102.0
58 1153 102.0
1153 60 108.0
60 1153 108.0
1153 169 104.0
169 1153 104.0
1153 187 109.0
187 1153 109.0
1153 231 107.0
231 1153 107.0
1153 240 109.0
240 1153 109.0
1153 261 106.0
261 1153 106.0
1153 296 109.0
296 1153 109.0
1153 330 108.0
330 1153 108.0
1153 352 101.0
352 1153 101.0
1153 444 106.0
444 1153 106.0
1153 483 110.0
483 1153 110.0
1153 560 104.0
560 1153 104.0
1153 593 101.0
593 1153 101.0
1153 601 102.0
601 1153 102.0
1153 675 107.0
675 1153 107.0
1153 684 109.0
684 1153 109.0
1153 785 102.0
785 1153 102.0
1153 816 105.0
816 1153 105.0
1153 831 103.0
831 1153 103.0
1153 837 106.0
837 1153 106.0
1153 891 102.0
891 1153 102.0
1154 42 108.0
42 1154 108.0
1154 53 106.0
53 1154 106.0
1154 133 109.0
133 1154 109.0
1154 158 105.0
158 1154 105.0
1154 177 102.0
177 1154 102.0
1154 311 105.0
311 1154 105.0
1154 436 110.0
436 1154 110.0
1154 448 104.0
448 1154 104.0
1154 501 110.0
501 1154 110.0
1154 558 106.0
558 1154 106.0
1154 560 104.0
560 1154 104.0
1154 585 106.0
585 1154 106.0
1154 629 109.0
629 1154 109.0
1154 665 109.0
665 1154 109.0
1154 666 103.0
666 1154 103.0
1154 710 107.0
710 1154 107.0
1154 757 107.0
757 1154 107.0
1154 807 102.0
807 1154 102.0
1154 853 108.0
853 1154 108.0
1154 912 108.0
912 1154 108.0
1155 66 102.0
66 1155 102.0
1155 79 102.0
79 1155 102.0
1155 248 106.0
248 1155 106.0
1155 291 104.0
291 1155 104.0
1155 308 109.0
308 1155 109.0
1155 321 101.0
321 1155 101.0
1155 350 104.0
350 1155 104.0
1155 417 107.0
417 1155 107.0
1155 424 105.0
424 1155 105.0
1155 473 102.0
473 1155 102.0
1155 533 109.0
533 1155 109.0
1155 577 104.0
577 1155 104.0
1155 588 103.0
588 1155 103.0
1155 683 105.0
683 1155 105.0
1155 716 105.0
716 1155 105.0
1155 765 107.0
765 1155 107.0
1155 795 101.0
795 1155 101.0
1155 824 104.0
824 1155 104.0
1155 837 107.0
837 1155 107.0
1155 925 109.0
925 1155 109.0
1155 950 104.0
950 1155 104.0
1156 4 110.0
4 1156 110.0
1156 18 109.0
18 1156 109.0
1156 201 110.0
201 1156 110.0
1156 301 103.0
301 1156 103.0
1156 367 110.0
367 1156 110.0
1156 504 109.0
504 1156 109.0
1156 530 108.0
530 1156 108.0
1156 579 107.0
579 1156 107.0
1156 756 105.0
756 1156 105.0
1156 829 102.0
829 1156 102.0
1156 864 106.0
864 1156 106.0
1156 884 108.0
884 1156 108.0
1156 899 107.0
899 1156 107.0
1156 902 107.0
902 1156 107.0
1156 913 101.0
913 1156 101.0
1156 917 108.0
917 1156 108.0
1156 946 107.0
946 1156 107.0
1156 961 105.0
961 1156 105.0
1156 980 109.0
980 1156 109.0
1156 983 108.0
983 1156 108.0
1157 5 103.0
5 1157 103.0
1157 27 108.0
27 1157 108.0
1157 71 103.0
71 1157 103.0
1157 136 109.0
136 1157 109.0
1157 145 102.0
145 1157 102.0
1157 258 107.0
258 1157 107.0
1157 293 103.0
293 1157 103.0
1157 304 110.0
304 1157 110.0
1157 310 103.0
310 1157 103.0
1157 317 105.0
317 1157 105.0
1157 319 106.0
319 1157 106.0
1157 417 104.0
417 1157 104.0
1157 423 108.0
423 1157 108.0
1157 567 104.0
567 1157 104.0
1157 677 110.0
677 1157 110.0
1157 775 106.0
775 1157 106.0
1157 926 107.0
926 1157 107.0
1157 971 109.0
971 1157 109.0
1158 25 109.0
25 1158 109.0
1158 78 107.0
78 1158 107.0
1158 123 105.0
123 1158 105.0
1158 194 102.0
194 1158 102.0
1158 213 106.0
213 1158 106.0
1158 285 105.0
285 1158 105.0
1158 295 105.0
295 1158 105.0
1158 306 109.0
306 1158 109.0
1158 312 102.0
312 1158 102.0
1158 379 101.0
379 1158 101.0
1158 395 110.0
395 1158 110.0
1158 405 102.0
405 1158 102.0
1158 409 102.0
409 1158 102.0
1158 419 101.0
419 1158 101.0
1158 475 106.0
475 1158 106.0
1158 495 104.0
495 1158 104.0
1158 561 108.0
561 1158 108.0
1158 593 103.0
593 1158 103.0
1158 661 106.0
661 1158 106.0
1158 868 106.0
868 1158 106.0
1158 922 107.0
922 1158 107.0
1158 942 104.0
942 1158 104.0
1158 973 104.0
973 1158 104.0
1159 20 105.0
20 1159 105.0
1159 58 110.0
58 1159 110.0
1159 170 107.0
170 1159 107.0
1159 192 102.0
192 1159 102.0
1159 212 105.0
212 1159 105.0
1159 218 102.0
218 1159 102.0
1159 245 105.0
245 1159 105.0
1159 360 103.0
360 1159 103.0
1159 362 102.0
362 1159 102.0
1159 461 102.0
461 1159 102.0
1159 502 107.0
502 1159 107.0
1159 510 101.0
510 1159 101.0
1159 756 101.0
756 1159 101.0
1159 805 104.0
805 1159 104.0
1160 61 106.0
61 1160 106.0
1160 151 105.0
151 1160 105.0
1160 288 106.0
288 1160 106.0
1160 353 102.0
353 1160 102.0
1160 558 110.0
558 1160 110.0
1160 573 103.0
573 1160 103.0
1160 622 110.0
622 1160 110.0
1160 683 107.0
683 1160 107.0
1160 821 109.0
821 1160 109.0
1160 848 107.0
848 1160 107.0
1160 889 102.0
889 1160 102.0
1161 44 106.0
44 1161 106.0
1161 48 103.0
48 1161 103.0
1161 136 105.0
136 1161 105.0
1161 150 109.0
150 1161 109.0
1161 188 109.0
188 1161 109.0
1161 251 101.0
251 1161 101.0
1161 296 107.0
296 1161 107.0
1161 351 107.0
351 1161 107.0
1161 565 103.0
565 1161 103.0
1161 609 109.0
609 1161 109.0
1161 729 101.0
729 1161 101.0
1161 882 109.0
882 1161 109.0
1161 912 103.0
912 1161 103.0
1161 949 109.0
949 1161 109.0
1162 3 106.0
3 1162 106.0
1162 83 109.0
83 1162 109.0
1162 107 107.0
107 1162 107.0
1162 156 104.0
156 1162 104.0
1162 182 108.0
182 1162 108.0
1162 236 108.0
236 1162 108.0
1162 287 105.0
287 1162 105.0
1162 420 109.0
420 1162 109.0
1162 545 106.0
545 1162 106.0
1162 553 102.0
553 1162 102.0
1162 583 109.0
583 1162 109.0
1162 600 107.0
600 1162 107.0
1162 634 103.0
634 1162 103.0
1162 673 105.0
673 1162 105.0
1162 674 105.0
674 1162 105.0
1162 688 102.0
688 1162 102.0
1162 733 104.0
733 1162 104.0
1162 745 110.0
745 1162 110.0
1162 765 108.0
765 1162 108.0
1162 786 103.0
786 1162 103.0
1162 849 109.0
849 1162 109.0
1162 923 102.0
923 1162 102.0
1162 954 108.0
954 1162 108.0
1163 15 105.0
15 1163 105.0
1163 106 106.0
106 1163 106.0
1163 246 101.0
246 1163 101.0
1163 318 103.0
318 1163 103.0
1163 338 106.0
338 1163 106.0
1163 352 105.0
352 1163 105.0
1163 390 108.0
390 1163 108.0
1163 434 102.0
434 1163 102.0
1163 546 103.0
546 1163 103.0
1163 574 108.0
574 1163 108.0
1163 582 109.0
582 1163 109.0
1163 596 104.0
596 1163 104.0
1163 684 110.0
684 1163 110.0
1163 743 109.0
743 1163 109.0
1163 822 105.0
822 1163 105.0
1163 844 101.0
844 1163 101.0
1163 926 110.0
926 1163 110.0
1164 22 110.0
22 1164 110.0
1164 172 103.0
172 1164 103.0
1164 223 105.0
223 1164 105.0
1164 292 106.0
292 1164 106.0
1164 385 104.0
385 1164 104.0
1164 444 106.0
444 1164 106.0
1164 483 104.0
483 1164 104.0
1164 534 110.0
534 1164 110.0
1164 579 105.0
579 1164 105.0
1164 580 103.0
580 1164 103.0
1164 622 106.0
622 1164 106.0
1164 632 107.0
632 1164 107.0
1164 685 107.0
685 1164 107.0
1164 743 102.0
743 1164 102.0
1164 764 110.0
764 1164 110.0
1164 806 109.0
806 1164 109.0
1164 859 104.0
859 1164 104.0
1164 947 105.0
947 1164 105.0
1164 949 110.0
949 1164 110.0
1165 101 101.0
101 1165 101.0
1165 138 104.0
138 1165 104.0
1165 264 103.0
264 1165 103.0
1165 345 108.0
345 1165 108.0
1165 366 107.0
366 1165 107.0
1165 405 102.0
405 1165 102.0
1165 454 102.0
454 1165 102.0
1165 465 104.0
465 1165 104.0
1165 489 109.0
489 1165 109.0
1165 494 106.0
494 1165 106.0
1165 521 105.0
521 1165 105.0
1165 528 108.0
528 1165 108.0
1165 570 108.0
570 1165 108.0
1165 647 110.0
647 1165 110.0
1165 667 102.0
667 1165 102.0
1165 693 107.0
693 1165 107.0
1165 753 104.0
753 1165 104.0
1165 780 110.0
780 1165 110.0
1165 783 105.0
783 1165 105.0
1165 810 109.0
810 1165 109.0
1165 826 107.0
826 1165 107.0
1165 853 107.0
853 1165 107.0
1165 998 103.0
998 1165 103.0
1166 25 103.0
25 1166 103.0
1166 80 101.0
80 1166 101.0
1166 126 105.0
126 1166 105.0
1166 127 107.0
127 1166 107.0
1166 173 101.0
173 1166 101.0
1166 194 104.0
194 1166 104.0
1166 379 109.0
379 1166 109.0
1166 400 102.0
400 1166 102.0
1166 421 108.0
421 1166 108.0
1166 439 106.0
439 1166 106.0
1166 469 108.0
469 1166 108.0
1166 518 105.0
518 1166 105.0
1166 530 106.0
530 1166 106.0
1166 545 105.0
545 1166 105.0
1166 570 109.0
570 1166 109.0
1166 669 110.0
669 1166 110.0
1166 763 105.0
763 1166 105.0
1166 793 108.0
793 1166 108.0
1166 799 103.0
799 1166 103.0
1166 902 106.0
902 1166 106.0
1166 961 101.0
961 1166 101.0
1166 969 101.0
969 1166 101.0
1166 976 102.0
976 1166 102.0
1167 8 107.0
8 1167 107.0
1167 141 105.0
141 1167 105.0
1167 255 106.0
255 1167 106.0
1167 343 107.0
343 1167 107.0
1167 352 106.0
352 1167 106.0
1167 378 107.0
378 1167 107.0
1167 556 110.0
556 1167 110.0
1167 606 101.0
606 1167 101.0
1167 705 109.0
705 1167 109.0
1167 710 108.0
710 1167 108.0
1167 739 109.0
739 1167 109.0
1167 781 101.0
781 1167 101.0
1167 904 106.0
904 1167 106.0
1167 914 107.0
914 1167 107.0
1167 920 104.0
920 1167 104.0
1167 927 106.0
927 1167 106.0
1168 156 107.0
156 1168 107.0
1168 163 103.0
163 1168 103.0
1168 186 103.0
186 1168 103.0
1168 190 102.0
190 1168 102.0
1168 215 101.0
215 1168 101.0
1168 229 102.0
229 1168 102.0
1168 243 108.0
243 1168 108.0
1168 293 105.0
293 1168 105.0
1168 302 106.0
302 1168 106.0
1168 320 107.0
320 1168 107.0
1168 333 102.0
333 1168 102.0
1168 370 107.0
370 1168 107.0
1168 386 107.0
386 1168 107.0
1168 480 102.0
480 1168 102.0
1168 572 110.0
572 1168 110.0
1168 604 102.0
604 1168 102.0
1168 605 103.0
605 1168 103.0
1168 645 110.0
645 1168 110.0
1168 653 101.0
653 1168 101.0
1168 706 109.0
706 1168 109.0
1168 760 109.0
760 1168 109.0
1168 786 108.0
786 1168 108.0
1168 885 102.0
885 1168 102.0
1168 984 110.0
984 1168 110.0
1169 92 106.0
92 1169 106.0
1169 180 107.0
180 1169 107.0
1169 219 104.0
219 1169 104.0
1169 286 102.0
286 1169 102.0
1169 378 105.0
378 1169 105.0
1169 385 103.0
385 1169 103.0
1169 455 107.0
455 1169 107.0
1169 491 103.0
491 1169 103.0
1169 516 106.0
516 1169 106.0
1169 580 108.0
580 1169 108.0
1169 582 106.0
582 1169 106.0
1169 800 106.0
800 1169 106.0
1169 836 108.0
836 1169 108.0
1169 916 106.0
916 1169 106.0
1169 925 110.0
925 1169 110.0
1169 931 109.0
931 1169 109.0
1169 937 108.0
937 1169 108.0
1170 20 110.0
20 1170 110.0
1170 53 106.0
53 1170 106.0
1170 72 108.0
72 1170 108.0
1170 106 109.0
106 1170 109.0
1170 120 105.0
120 1170 105.0
1170 197 109.0
197 1170 109.0
1170 200 105.0
200 1170 105.0
1170 220 105.0
220 1170 105.0
1170 368 103.0
368 1170 103.0
1170 423 106.0
423 1170 106.0
1170 505 103.0
505 1170 103.0
1170 517 110.0
517 1170 110.0
1170 551 107.0
551 1170 107.0
1170 568 106.0
568 1170 106.0
1170 603 102.0
603 1170 102.0
1170 641 101.0
641 1170 101.0
1170 702 104.0
702 1170 104.0
1170 733 107.0
733 1170 107.0
1170 737 105.0
737 1170 105.0
1170 828 109.0
828 1170 109.0
1170 841 105.0
841 1170 105.0
1170 879 104.0
879 1170 104.0
1170 888 101.0
888 1170 101.0
1170 958 105.0
958 1170 105.0
1170 998 107.0
998 1170 107.0
1171 57 105.0
57 1171 105.0
1171 79 107.0
79 1171 107.0
1171 157 109.0
157 1171 109.0
1171 221 104.0
221 1171 104.0
1171 236 102.0
236 1171 102.0
1171 322 103.0
322 1171 103.0
1171 337 108.0
337 1171 108.0
1171 417 107.0
417 1171 107.0
1171 461 106.0
461 1171 106.0
1171 606 110.0
606 1171 110.0
1171 651 104.0
651 1171 104.0
1171 687 102.0
687 1171 102.0
1171 715 109.0
715 1171 109.0
1171 740 106.0
740 1171 106.0
1171 763 101.0
763 1171 101.0
1171 810 109.0
810 1171 109.0
1171 858 102.0
858 1171 102.0
1171 943 105.0
943 1171 105.0
1171 954 108.0
954 1171 108.0
1171 996 107.0
996 1171 107.0
1172 71 109.0
71 1172 109.0
1172 225 101.0
225 1172 101.0
1172 234 103.0
234 1172 103.0
1172 238 109.0
238 1172 109.0
1172 278 103.0
278 1172 103.0
1172 319 107.0
319 1172 107.0
1172 346 103.0
346 1172 103.0
1172 453 102.0
453 1172 102.0
1172 511 110.0
511 1172 110.0
1172 549 104.0
549 1172 104.0
1172 564 102.0
564 1172 102.0
1172 578 108.0
578 1172 108.0
1172 673 104.0
673 1172 104.0
1172 692 106.0
692 1172 106.0
1172 763 106.0
763 1172 106.0
1172 773 103.0
773 1172 103.0
1172 984 104.0
984 1172 104.0
1173 26 101.0
26 1173 101.0
1173 83 110.0
83 1173 110.0
1173 123 103.0
123 1173 103.0
1173 137 104.0
137 1173 104.0
1173 153 101.0
153 1173 101.0
1173 386 109.0
386 1173 109.0
1173 445 105.0
445 1173 105.0
1173 535 102.0
535 1173 102.0
1173 585 104.0
585 1173 104.0
1173 594 107.0
594 1173 107.0
1173 641 103.0
641 1173 103.0
1173 679 105.0
679 1173 105.0
1173 755 110.0
755 1173 110.0
1173 765 108.0
765 1173 108.0
1173 789 101.0
789 1173 101.0
1173 866 109.0
866 1173 109.0
1173 961 109.0
961 1173 109.0
1174 6 103.0
6 1174 103.0
1174 34 105.0
34 1174 105.0
1174 59 101.0
59 1174 101.0
1174 87 103.0
87 1174 103.0
1174 259 107.0
259 1174 107.0
1174 260 110.0
260 1174 110.0
1174 275 107.0
275 1174 107.0
1174 279 107.0
279 1174 107.0
1174 284 106.0
284 1174 106.0
1174 338 103.0
338 1174 103.0
1174 437 109.0
437 1174 109.0
1174 573 108.0
573 1174 108.0
1174 838 110.0
838 1174 110.0
1175 61 109.0
61 1175 109.0
1175 93 109.0
93 1175 109.0
1175 190 102.0
190 1175 102.0
1175 284 110.0
284 1175 110.0
1175 311 104.0
311 1175 104.0
1175 337 109.0
337 1175 109.0
1175 356 102.0
356 1175 102.0
1175 385 102.0
385 1175 102.0
1175 417 106.0
417 1175 106.0
1175 479 105.0
479 1175 105.0
1175 482 108.0
482 1175 108.0
1175 548 102.0
548 1175 102.0
1175 570 102.0
570 1175 102.0
1175 637 108.0
637 1175 108.0
1175 807 109.0
807 1175 109.0
1175 864 106.0
864 1175 106.0
1175 887 101.0
887 1175 101.0
1175 919 108.0
919 1175 108.0
1175 925 101.0
925 1175 101.0
1175 968 102.0
968 1175 102.0
1176 2 106.0
2 1176 106.0
1176 10 109.0
10 1176 109.0
1176 36 102.0
36 1176 102.0
1176 95 106.0
95 1176 106.0
1176 112 107.0
112 1176 107.0
1176 123 101.0
123 1176 101.0
1176 156 102.0
156 1176 102.0
1176 163 101.0
163 1176 101.0
1176 185 109.0
185 1176 109.0
1176 289 103.0
289 1176 103.0
1176 323 103.0
323 1176 103.0
1176 396 106.0
396 1176 106.0
1176 399 109.0
399 1176 109.0
1176 426 101.0
426 1176 101.0
1176 495 102.0
495 1176 102.0
1176 537 107.0
537 1176 107.0
1176 558 110.0
558 1176 110.0
1176 603 104.0
603 1176 104.0
1176 788 103.0
788 1176 103.0
1176 817 101.0
817 1176 101.0
1176 904 109.0
904 1176 109.0
1176 906 102.0
906 1176 102.0
1176 957 110.0
957 1176 110.0
1177 131 102.0
131 1177 102.0
1177 168 103.0
168 1177 103.0
1177 189 106.0
189 1177 106.0
1177 341 104.0
341 1177 104.0
1177 362 103.0
362 1177 103.0
1177 364 105.0
364 1177 105.0
1177 374 105.0
374 1177 105.0
1177 378 102.0
378 1177 102.0
1177 716 104.0
716 1177 104.0
1177 984 107.0
984 1177 107.0
1178 65 108.0
65 1178 108.0
1178 105 110.0
105 1178 110.0
1178 205 107.0
205 1178 107.0
1178 209 101.0
209 1178 101.0
1178 220 102.0
220 1178 102.0
1178 249 103.0
249 1178 103.0
1178 251 108.0
251 1178 108.0
1178 297 109.0
297 1178 109.0
1178 317 104.0
317 1178 104.0
1178 466 105.0
466 1178 105.0
1178 501 101.0
501 1178 101.0
1178 613 109.0
613 1178 109.0
1178 706 102.0
706 1178 102.0
1178 759 110.0
759 1178 110.0
1178 763 102.0
763 1178 102.0
1178 806 103.0
806 1178 103.0
1178 810 104.0
810 1178 104.0
1178 812 102.0
812 1178 102.0
1178 816 104.0
816 1178 104.0
1178 873 110.0
873 1178 110.0
1178 883 101.0
883 1178 101.0
1178 930 107.0
930 1178 107.0
1178 948 108.0
948 1178 108.0
1179 23 110.0
23 1179 110.0
1179 85 107.0
85 1179 107.0
1179 89 109.0
89 1179 109.0
1179 188 102.0
188 1179 102.0
1179 213 104.0
213 1179 104.0
1179 243 107.0
243 1179 107.0
1179 396 104.0
396 1179 104.0
1179 502 109.0
502 1179 109.0
1179 573 108.0
573 1179 108.0
1179 665 105.0
665 1179 105.0
1179 666 101.0
666 1179 101.0
1179 672 101.0
672 1179 101.0
1179 766 108.0
766 1179 108.0
1179 782 103.0
782 1179 103.0
1179 876 108.0
876 1179 108.0
1179 975 109.0
975 1179 109.0
1180 9 107.0
9 1180 107.0
1180 35 107.0
35 1180 107.0
1180 60 105.0
60 1180 105.0
1180 72 104.0
72 1180 104.0
1180 101 109.0
101 1180 109.0
1180 146 108.0
146 1180 108.0
1180 264 109.0
264 1180 109.0
1180 269 110.0
269 1180 110.0
1180 343 104.0
343 1180 104.0
1180 387 109.0
387 1180 109.0
1180 402 106.0
402 1180 106.0
1180 476 105.0
476 1180 105.0
1180 485 101.0
485 1180 101.0
1180 549 104.0
549 1180 104.0
1180 635 104.0
635 1180 104.0
1180 801 108.0
801 1180 108.0
1180 874 110.0
874 1180 110.0
1180 898 105.0
898 1180 105.0
1180 930 105.0
930 1180 105.0
1180 936 105.0
936 1180 105.0
1180 955 102.0
955 1180 102.0
1180 989 103.0
989 1180 103.0
1181 37 106.0
37 1181 106.0
1181 39 103.0
39 1181 103.0
1181 80 104.0
80 1181 104.0
1181 86 107.0
86 1181 107.0
1181 96 102.0
96 1181 102.0
1181 107 110.0
107 1181 110.0
1181 139 104.0
139 1181 104.0
1181 168 108.0
168 1181 108.0
1181 230 105.0
230 1181 105.0
1181 338 108.0
338 1181 108.0
1181 436 104.0
436 1181 104.0
1181 492 109.0
492 1181 109.0
1181 495 107.0
495 1181 107.0
1181 514 101.0
514 1181 101.0
1181 588 102.0
588 1181 102.0
1181 617 102.0
617 1181 102.0
1181 620 103.0
620 1181 103.0
1181 673 101.0
673 1181 101.0
1181 677 108.0
677 1181 108.0
1181 686 105.0
686 1181 105.0
1181 709 108.0
709 1181 108.0
1181 789 103.0
789 1181 103.0
1181 809 104.0
809 1181 104.0
1181 999 103.0
999 1181 103.0
1182 62 108.0
62 1182 108.0
1182 118 109.0
118 1182 109.0
1182 143 107.0
143 1182 107.0
1182 177 108.0
177 1182 108.0
1182 193 108.0
193 1182 108.0
1182 360 107.0
360 1182 107.0
1182 361 106.0
361 1182 106.0
1182 365 106.0
365 1182 106.0
1182 418 104.0
418 1182 104.0
1182 419 103.0
419 1182 103.0
1182 462 109.0
462 1182 109.0
1182 499 107.0
499 1182 107.0
1182 515 106.0
515 1182 106.0
1182 535 102.0
535 1182 102.0
1182 569 108.0
569 1182 108.0
1182 632 101.0
632 1182 101.0
1182 633 110.0
633 1182 110.0
1182 665 105.0
665 1182 105.0
1182 679 103.0
679 1182 103.0
1182 686 101.0
686 1182 101.0
1182 692 103.0
692 1182 103.0
1182 693 103.0
693 1182 103.0
1182 735 110.0
735 1182 110.0
1182 784 110.0
784 1182 110.0
1182 903 102.0
903 1182 102.0
1182 920 102.0
920 1182 102.0
1182 988 104.0
988 1182 104.0
1183 44 108.0
44 1183 108.0
1183 117 106.0
117 1183 106.0
1183 158 105.0
158 1183 105.0
1183 261 106.0
261 1183 106.0
1183 287 102.0
287 1183 102.0
1183 303 101.0
303 1183 101.0
1183 420 101.0
420 1183 101.0
1183 524 103.0
524 1183 103.0
1183 535 102.0
535 1183 102.0
1183 548 104.0
548 1183 104.0
1183 563 109.0
563 1183 109.0
1183 624 109.0
624 1183 109.0
1183 634 109.0
634 1183 109.0
1183 666 103.0
666 1183 103.0
1183 675 107.0
675 1183 107.0
1183 736 101.0
736 1183 101.0
1183 788 104.0
788 1183 104.0
1183 800 108.0
800 1183 108.0
1183 852 107.0
852 1183 107.0
1183 862 104.0
862 1183 104.0
1183 896 108.0
896 1183 108.0
1184 19 109.0
19 1184 109.0
1184 37 104.0
37 1184 104.0
1184 148 109.0
148 1184 109.0
1184 164 110.0
164 1184 110.0
1184 173 104.0
173 1184 104.0
1184 222 103.0
222 1184 103.0
1184 227 107.0
227 1184 107.0
1184 247 109.0
247 1184 109.0
1184 316 104.0
316 1184 104.0
1184 323 104.0
323 1184 104.0
1184 325 103.0
325 1184 103.0
1184 383 103.0
383 1184 103.0
1184 388 105.0
388 1184 105.0
1184 551 108.0
551 1184 108.0
1184 623 105.0
623 1184 105.0
1184 672 103.0
672 1184 103.0
1184 681 102.0
681 1184 102.0
1184 730 103.0
730 1184 103.0
1184 737 109.0
737 1184 109.0
1184 751 106.0
751 1184 106.0
1184 772 109.0
772 1184 109.0
1184 802 109.0
802 1184 109.0
1184 893 108.0
893 1184 108.0
1184 955 109.0
955 1184 109.0
1185 5 108.0
5 1185 108.0
1185 239 105.0
239 1185 105.0
1185 250 103.0
250 1185 103.0
1185 317 108.0
317 1185 108.0
1185 349 103.0
349 1185 103.0
1185 357 105.0
357 1185 105.0
1185 366 110.0
366 1185 110.0
1185 379 110.0
379 1185 110.0
1185 529 107.0
529 1185 107.0
1185 541 108.0
541 1185 108.0
1185 588 109.0
588 1185 109.0
1185 615 104.0
615 1185 104.0
1185 827 108.0
827 1185 108.0
1185 842 102.0
842 1185 102.0
1185 878 104.0
878 1185 104.0
1185 936 108.0
936 1185 108.0
1185 948 109.0
948 1185 109.0
1186 60 105.0
60 1186 105.0
1186 119 101.0
119 1186 101.0
1186 141 101.0
141 1186 101.0
1186 154 102.0
154 1186 102.0
1186 165 105.0
165 1186 105.0
1186 507 104.0
507 1186 104.0
1186 806 102.0
806 1186 102.0
1186 911 105.0
911 1186 105.0
1186 913 102.0
913 1186 102.0
1186 935 110.0
935 1186 110.0
1186 981 101.0
981 1186 101.0
1187 1 105.0
1 1187 105.0
1187 21 107.0
21 1187 107.0
1187 33 108.0
33 1187 108.0
1187 46 106.0
46 1187 106.0
1187 122 103.0
122 1187 103.0
1187 182 104.0
182 1187 104.0
1187 192 107.0
192 1187 107.0
1187 257 101.0
257 1187 101.0
1187 265 103.0
265 1187 103.0
1187 301 104.0
301 1187 104.0
1187 388 110.0
388 1187 110.0
1187 390 101.0
390 1187 101.0
1187 402 104.0
402 1187 104.0
1187 403 102.0
403 1187 102.0
1187 437 109.0
437 1187 109.0
1187 481 103.0
481 1187 103.0
1187 504 108.0
504 1187 108.0
1187 554 109.0
554 1187 109.0
1187 564 108.0
564 1187 108.0
1187 587 104.0
587 1187 104.0
1187 616 110.0
616 1187 110.0
1187 672 107.0
672 1187 107.0
1187 719 101.0
719 1187 101.0
1187 794 107.0
794 1187 107.0
1187 833 106.0
833 1187 106.0
1187 835 108.0
835 1187 108.0
1187 869 101.0
869 1187 101.0
1187 971 102.0
971 1187 102.0
1187 991 109.0
991 1187 109.0
1188 1 106.0
1 1188 106.0
1188 18 103.0
18 1188 103.0
1188 78 106.0
78 1188 106.0
1188 122 107.0
122 1188 107.0
1188 153 110.0
153 1188 110.0
1188 162 105.0
162 1188 105.0
1188 169 101.0
169 1188 101.0
1188 202 106.0
202 1188 106.0
1188 213 103.0
213 1188 103.0
1188 367 108.0
367 1188 108.0
1188 412 101.0
412 1188 101.0
1188 439 104.0
439 1188 104.0
1188 485 102.0
485 1188 102.0
1188 514 102.0
514 1188 102.0
1188 559 104.0
559 1188 104.0
1188 704 106.0
704 1188 106.0
1188 715 110.0
715 1188 110.0
1188 725 101.0
725 1188 101.0
1188 737 109.0
737 1188 109.0
1188 823 105.0
823 1188 105.0
1188 888 102.0
888 1188 102.0
1188 921 108.0
921 1188 108.0
1188 957 104.0
957 1188 104.0
1188 962 103.0
962 1188 103.0
1189 36 107.0
36 1189 107.0
1189 44 101.0
44 1189 101.0
1189 45 105.0
45 1189 105.0
1189 86 107.0
86 1189 107.0
1189 93 110.0
93 1189 110.0
1189 107 110.0
107 1189 110.0
1189 181 106.0
181 1189 106.0
1189 184 109.0
184 1189 109.0
1189 224 106.0
224 1189 106.0
1189 260 110.0
260 1189 110.0
1189 365 102.0
365 1189 102.0
1189 483 101.0
483 1189 101.0
1189 505 105.0
505 1189 105.0
1189 537 108.0
537 1189 108.0
1189 592 109.0
592 1189 109.0
1189 781 104.0
781 1189 104.0
1189 835 109.0
835 1189 109.0
1189 985 106.0
985 1189 106.0
1190 23 110.0
23 1190 110.0
1190 96 107.0
96 1190 107.0
1190 174 101.0
174 1190 101.0
1190 292 106.0
292 1190 106.0
1190 301 102.0
301 1190 102.0
1190 320 101.0
320 1190 101.0
1190 361 103.0
361 1190 103.0
1190 388 101.0
388 1190 101.0
1190 430 106.0
430 1190 106.0
1190 555 101.0
555 1190 101.0
1190 561 106.0
561 1190 106.0
1190 597 102.0
597 1190 102.0
1190 652 104.0
652 1190 104.0
1190 714 107.0
714 1190 107.0
1190 747 109.0
747 1190 109.0
1190 857 104.0
857 1190 104.0
1190 859 103.0
859 1190 103.0
1190 982 101.0
982 1190 101.0
1191 2 102.0
2 1191 102.0
1191 3 109.0
3 1191 109.0
1191 19 107.0
19 1191 107.0
1191 71 101.0
71 1191 101.0
1191 116 102.0
116 1191 102.0
1191 125 103.0
125 1191 103.0
1191 192 104.0
192 1191 104.0
1191 280 110.0
280 1191 110.0
1191 294 110.0
294 1191 110.0
1191 315 107.0
315 1191 107.0
1191 406 104.0
406 1191 104.0
1191 546 110.0
546 1191 110.0
1191 637 103.0
637 1191 103.0
1191 708 102.0
708 1191 102.0
1191 790 106.0
790 1191 106.0
1191 877 108.0
877 1191 108.0
1191 903 106.0
903 1191 106.0
1191 993 105.0
993 1191 105.0
1192 17 104.0
17 1192 104.0
1192 43 106.0
43 1192 106.0
1192 66 102.0
66 1192 102.0
1192 77 106.0
77 1192 106.0
1192 129 106.0
129 1192 106.0
1192 139 110.0
139 1192 110.0
1192 197 109.0
197 1192 109.0
1192 315 109.0
315 1192 109.0
1192 398 107.0
398 1192 107.0
1192 419 104.0
419 1192 104.0
1192 455 110.0
455 1192 110.0
1192 528 103.0
528 1192 103.0
1192 565 101.0
565 1192 101.0
1192 711 107.0
711 1192 107.0
1192 768 104.0
768 1192 104.0
1192 862 101.0
862 1192 101.0
1192 885 103.0
885 1192 103.0
1192 909 108.0
909 1192 108.0
1192 970 103.0
970 1192 103.0
1193 13 105.0
13 1193 105.0
1193 54 109.0
54 1193 109.0
1193 74 108.0
74 1193 108.0
1193 137 106.0
137 1193 106.0
1193 175 102.0
175 1193 102.0
1193 205 106.0
205 1193 106.0
1193 214 108.0
214 1193 108.0
1193 317 108.0
317 1193 108.0
1193 359 107.0
359 1193 107.0
1193 519 104.0
519 1193 104.0
1193 589 102.0
589 1193 102.0
1193 628 109.0
628 1193 109.0
1193 697 102.0
697 1193 102.0
1193 701 110.0
701 1193 110.0
1193 884 102.0
884 1193 102.0
1193 938 106.0
938 1193 106.0
1194 49 101.0
49 1194 101.0
1194 124 109.0
124 1194 109.0
1194 131 103.0
131 1194 103.0
1194 200 109.0
200 1194 109.0
1194 250 110.0
250 1194 110.0
1194 262 105.0
262 1194 105.0
1194 348 108.0
348 1194 108.0
1194 479 102.0
479 1194 102.0
1194 530 106.0
530 1194 106.0
1194 602 109.0
602 1194 109.0
1194 641 103.0
641 1194 103.0
1194 680 104.0
680 1194 104.0
1194 712 103.0
712 1194 103.0
1194 757 109.0
757 1194 109.0
1194 783 102.0
783 1194 102.0
1194 974 105.0
974 1194 105.0
1195 20 108.0
20 1195 108.0
1195 61 101.0
61 1195 101.0
1195 75 107.0
75 1195 107.0
1195 118 106.0
118 1195 106.0
1195 159 103.0
159 1195 103.0
1195 339 104.0
339 1195 104.0
1195 360 110.0
360 1195 110.0
1195 404 104.0
404 1195 104.0
1195 484 108.0
484 1195 108.0
1195 565 109.0
565 1195 109.0
1195 578 105.0
578 1195 105.0
1195 627 104.0
627 1195 104.0
1195 650 103.0
650 1195 103.0
1195 723 102.0
723 1195 102.0
1195 737 105.0
737 1195 105.0
1195 788 107.0
788 1195 107.0
1195 797 104.0
797 1195 104.0
1195 803 108.0
803 1195 108.0
1195 855 109.0
855 1195 109.0
1195 878 102.0
878 1195 102.0
1195 934 109.0
934 1195 109.0
1195 994 104.0
994 1195 104.0
1196 76 105.0
76 1196 105.0
1196 81 106.0
81 1196 106.0
1196 90 103.0
90 1196 103.0
1196 114 107.0
114 1196 107.0
1196 184 107.0
184 1196 107.0
1196 214 106.0
214 1196 106.0
1196 218 103.0
218 1196 103.0
1196 297 106.0
297 1196 106.0
1196 362 109.0
362 1196 109.0
1196 395 109.0
395 1196 109.0
1196 399 103.0
399 1196 103.0
1196 408 102.0
408 1196 102.0
1196 420 103.0
420 1196 103.0
1196 481 107.0
481 1196 107.0
1196 495 108.0
495 1196 108.0
1196 503 104.0
503 1196 104.0
1196 535 109.0
535 1196 109.0
1196 559 107.0
559 1196 107.0
1196 566 103.0
566 1196 103.0
1196 580 101.0
580 1196 101.0
1196 728 105.0
728 1196 105.0
1196 915 102.0
915 1196 102.0
1196 994 105.0
994 1196 105.0
1197 17 103.0
17 1197 103.0
1197 58 107.0
58 1197 107.0
1197 121 108.0
121 1197 108.0
1197 140 104.0
140 1197 104.0
1197 193 110.0
193 1197 110.0
1197 210 109.0
210 1197 109.0
1197 219 106.0
219 1197 106.0
1197 227 101.0
227 1197 101.0
1197 280 101.0
280 1197 101.0
1197 325 107.0
325 1197 107.0
1197 397 110.0
397 1197 110.0
1197 583 109.0
583 1197 109.0
1197 590 104.0
590 1197 104.0
1197 607 105.0
607 1197 105.0
1197 653 102.0
653 1197 102.0
1197 664 103.0
664 1197 103.0
1197 714 109.0
714 1197 109.0
1197 816 110.0
816 1197 110.0
1197 836 105.0
836 1197 105.0
1197 947 104.0
947 1197 104.0
1197 993 107.0
993 1197 107.0
1197 996 101.0
996 1197 101.0
1198 8 102.0
8 1198 102.0
1198 64 101.0
64 1198 101.0
1198 154 109.0
154 1198 109.0
1198 158 109.0
158 1198 109.0
1198 170 102.0
170 1198 102.0
1198 249 108.0
249 1198 108.0
1198 327 103.0
327 1198 103.0
1198 480 110.0
480 1198 110.0
1198 582 103.0
582 1198 103.0
1198 598 109.0
598 1198 109.0
1198 610 110.0
610 1198 110.0
1198 618 105.0
618 1198 105.0
1198 632 102.0
632 1198 102.0
1198 660 106.0
660 1198 106.0
1198 667 103.0
667 1198 103.0
1198 672 109.0
672 1198 109.0
1198 855 103.0
855 1198 103.0
1198 917 110.0
917 1198 110.0
1198 988 109.0
988 1198 109.0
1198 995 104.0
995 1198 104.0
1199 294 105.0
294 1199 105.0
1199 318 101.0
318 1199 101.0
1199 476 110.0
476 1199 110.0
1199 526 102.0
526 1199 102.0
1199 604 103.0
604 1199 103.0
1199 607 101.0
607 1199 101.0
1199 670 110.0
670 1199 110.0
1199 677 110.0
677 1199 110.0
1199 769 110.0
769 1199 110.0
1199 806 104.0
806 1199 104.0
1199 807 110.0
807 1199 110.0
1199 933 107.0
933 1199 107.0
1199 945 101.0
945 1199 101.0
1199 985 107.0
985 1199 107.0
1200 27 105.0
27 1200 105.0
1200 36 102.0
36 1200 102.0
1200 94 104.0
94 1200 104.0
1200 124 109.0
124 1200 109.0
1200 151 107.0
151 1200 107.0
1200 260 104.0
260 1200 104.0
1200 320 102.0
320 1200 102.0
1200 404 104.0
404 1200 104.0
1200 414 106.0
414 1200 106.0
1200 483 109.0
483 1200 109.0
1200 545 101.0
545 1200 101.0
1200 618 104.0
618 1200 104.0
1200 635 102.0
635 1200 102.0
1200 703 106.0
703 1200 106.0
1200 708 106.0
708 1200 106.0
1200 738 107.0
738 1200 107.0
1200 758 101.0
758 1200 101.0
1200 773 106.0
773 1200 106.0
1200 775 104.0
775 1200 104.0
1200 837 102.0
837 1200 102.0
1200 894 103.0
894 1200 103.0
1200 978 105.0
978 1200 105.0
S 100
1067 1188 1102 1194 1112 1122 1014 1003 1065 1045 1137 1171 1129 1077 1159 1168 1046 1131 1031 1004 1160 1016 1043 1127 1187 1163 1048 1111 1006 1195 1038 1123 1013 1037 1154 1070 1062 1196 1033 1173 1172 1061 1011 1145 1161 1053 1126 1107 1074 1114 1106 1096 1104 1146 1044 1001 1162 1193 1017 1081 1103 1039 1157 1177 1136 1079 1116 1020 1015 1178 1147 1180 1066 1085 1166 1047 1105 1080 1055 1197 1086 1119 1110 1134 1143 1034 1019 1141 1124 1176 1064 1084 1149 1101 1156 1073 1028 1185 1113 1052
T 100
1175 1005 1030 1184 1100 1099 1132 1125 1199 1135 1179 1121 1035 1049 1170 1139 1150 1133 1128 1022 1082 1078 1010 1083 1165 1120 1090 1069 1054 1091 1095 1042 1094 1117 1200 1158 1026 1181 1148 1075 1059 1153 1018 1050 1093 1076 1142 1021 1097 1032 1138 1118 1012 1068 1089 1092 1025 1098 1183 1191 1087 1182 1040 1169 1088 1186 1041 1002 1072 1151 1115 1057 1108 1192 1167 1051 1144 1198 1155 1130 1060 1056 1024 1008 1009 1109 1152 1023 1140 1174 1027 1189 1036 1058 1063 1071 1190 1007 1029 1164
