N 1024
M 10240
R 500
# u v length
2 1 201.0
1 2 201.0
3 1 210.0
1 3 210.0
4 2 101.0
2 4 101.0
4 3 108.0
3 4 108.0
5 1 205.0
1 5 205.0
6 2 105.0
2 6 105.0
6 5 104.0
5 6 104.0
7 3 104.0
3 7 104.0
7 5 106.0
5 7 106.0
8 4 101.0
4 8 101.0
8 6 104.0
6 8 104.0
8 7 102.0
7 8 102.0
9 1 209.0
1 9 209.0
10 2 107.0
2 10 107.0
10 9 101.0
9 10 101.0
11 3 103.0
3 11 103.0
11 9 101.0
9 11 101.0
12 4 108.0
4 12 108.0
12 10 105.0
10 12 105.0
12 11 110.0
11 12 110.0
13 5 108.0
5 13 108.0
13 9 110.0
9 13 110.0
14 6 101.0
6 14 101.0
14 10 106.0
10 14 106.0
14 13 108.0
13 14 108.0
15 7 109.0
7 15 109.0
15 11 108.0
11 15 108.0
15 13 101.0
13 15 101.0
16 8 209.0
8 16 209.0
16 12 209.0
12 16 209.0
16 14 209.0
14 16 209.0
16 15 202.0
15 16 202.0
17 1 203.0
1 17 203.0
18 2 101.0
2 18 101.0
18 17 109.0
17 18 109.0
19 3 102.0
3 19 102.0
19 17 109.0
17 19 109.0
20 4 110.0
4 20 110.0
20 18 104.0
18 20 104.0
20 19 107.0
19 20 107.0
21 5 110.0
5 21 110.0
21 17 105.0
17 21 105.0
22 6 101.0
6 22 101.0
22 18 110.0
18 22 110.0
22 21 102.0
21 22 102.0
23 7 205.0
7 23 205.0
23 19 205.0
19 23 205.0
23 21 206.0
21 23 206.0
24 8 108.0
8 24 108.0
24 20 103.0
20 24 103.0
24 22 103.0
22 24 103.0
24 23 210.0
23 24 210.0
25 9 201.0
9 25 201.0
25 17 203.0
17 25 203.0
26 10 102.0
10 26 102.0
26 18 104.0
18 26 104.0
26 25 206.0
25 26 206.0
27 11 109.0
11 27 109.0
27 19 110.0
19 27 110.0
27 25 204.0
25 27 204.0
28 12 107.0
12 28 107.0
28 20 106.0
20 28 106.0
28 26 107.0
26 28 107.0
28 27 108.0
27 28 108.0
29 13 105.0
13 29 105.0
29 21 106.0
21 29 106.0
29 25 201.0
25 29 201.0
30 14 110.0
14 30 110.0
30 22 104.0
22 30 104.0
30 26 110.0
26 30 110.0
30 29 108.0
29 30 108.0
31 15 102.0
15 31 102.0
31 23 210.0
23 31 210.0
31 27 102.0
27 31 102.0
31 29 104.0
29 31 104.0
32 16 209.0
16 32 209.0
32 24 104.0
24 32 104.0
32 28 103.0
28 32 103.0
32 30 104.0
30 32 104.0
32 31 106.0
31 32 106.0
33 1 209.0
1 33 209.0
34 2 107.0
2 34 107.0
34 33 110.0
33 34 110.0
35 3 103.0
3 35 103.0
35 33 101.0
33 35 101.0
36 4 109.0
4 36 109.0
36 34 101.0
34 36 101.0
36 35 103.0
35 36 103.0
37 5 102.0
5 37 102.0
37 33 107.0
33 37 107.0
38 6 104.0
6 38 104.0
38 34 108.0
34 38 108.0
38 37 109.0
37 38 109.0
39 7 209.0
7 39 209.0
39 35 209.0
35 39 209.0
39 37 204.0
37 39 204.0
40 8 103.0
8 40 103.0
40 36 101.0
36 40 101.0
40 38 110.0
38 40 110.0
40 39 210.0
39 40 210.0
41 9 108.0
9 41 108.0
41 33 110.0
33 41 110.0
42 10 109.0
10 42 109.0
42 34 106.0
34 42 106.0
42 41 108.0
41 42 108.0
43 11 106.0
11 43 106.0
43 35 109.0
35 43 109.0
43 41 108.0
41 43 108.0
44 12 110.0
12 44 110.0
44 36 108.0
36 44 108.0
44 42 103.0
42 44 103.0
44 43 101.0
43 44 101.0
45 13 108.0
13 45 108.0
45 37 102.0
37 45 102.0
45 41 110.0
41 45 110.0
46 14 108.0
14 46 108.0
46 38 101.0
38 46 101.0
46 42 104.0
42 46 104.0
46 45 101.0
45 46 101.0
47 15 109.0
15 47 109.0
47 39 208.0
39 47 208.0
47 43 102.0
43 47 102.0
47 45 103.0
45 47 103.0
48 16 204.0
16 48 204.0
48 40 108.0
40 48 108.0
48 44 102.0
44 48 102.0
48 46 102.0
46 48 102.0
48 47 101.0
47 48 101.0
49 17 110.0
17 49 110.0
49 33 109.0
33 49 109.0
50 18 103.0
18 50 103.0
50 34 109.0
34 50 109.0
50 49 102.0
49 50 102.0
51 19 102.0
19 51 102.0
51 35 104.0
35 51 104.0
51 49 109.0
49 51 109.0
52 20 202.0
20 52 202.0
52 36 209.0
36 52 209.0
52 50 208.0
50 52 208.0
52 51 202.0
51 52 202.0
53 21 103.0
21 53 103.0
53 37 105.0
37 53 105.0
53 49 103.0
49 53 103.0
54 22 108.0
22 54 108.0
54 38 105.0
38 54 105.0
54 50 109.0
50 54 109.0
54 53 109.0
53 54 109.0
55 23 204.0
23 55 204.0
55 39 207.0
39 55 207.0
55 51 103.0
51 55 103.0
55 53 102.0
53 55 102.0
56 24 110.0
24 56 110.0
56 40 102.0
40 56 102.0
56 52 204.0
52 56 204.0
56 54 108.0
54 56 108.0
56 55 109.0
55 56 109.0
57 25 309.0
25 57 309.0
57 41 204.0
41 57 204.0
57 49 204.0
49 57 204.0
58 26 106.0
26 58 106.0
58 42 102.0
42 58 102.0
58 50 108.0
50 58 108.0
58 57 203.0
57 58 203.0
59 27 107.0
27 59 107.0
59 43 103.0
43 59 103.0
59 51 104.0
51 59 104.0
59 57 210.0
57 59 210.0
60 28 110.0
28 60 110.0
60 44 103.0
44 60 103.0
60 52 210.0
52 60 210.0
60 58 108.0
58 60 108.0
60 59 104.0
59 60 104.0
61 29 103.0
29 61 103.0
61 45 103.0
45 61 103.0
61 53 101.0
53 61 101.0
61 57 203.0
57 61 203.0
62 30 206.0
30 62 206.0
62 46 207.0
46 62 207.0
62 54 210.0
54 62 210.0
62 58 202.0
58 62 202.0
62 61 210.0
61 62 210.0
63 31 109.0
31 63 109.0
63 47 101.0
47 63 101.0
63 55 109.0
55 63 109.0
63 59 106.0
59 63 106.0
63 61 109.0
61 63 109.0
64 32 103.0
32 64 103.0
64 48 103.0
48 64 103.0
64 56 102.0
56 64 102.0
64 60 101.0
60 64 101.0
64 62 207.0
62 64 207.0
64 63 106.0
63 64 106.0
65 1 204.0
1 65 204.0
66 2 110.0
2 66 110.0
66 65 110.0
65 66 110.0
67 3 101.0
3 67 101.0
67 65 101.0
65 67 101.0
68 4 110.0
4 68 110.0
68 66 104.0
66 68 104.0
68 67 102.0
67 68 102.0
69 5 105.0
5 69 105.0
69 65 102.0
65 69 102.0
70 6 103.0
6 70 103.0
70 66 104.0
66 70 104.0
70 69 104.0
69 70 104.0
71 7 104.0
7 71 104.0
71 67 103.0
67 71 103.0
71 69 107.0
69 71 107.0
72 8 102.0
8 72 102.0
72 68 110.0
68 72 110.0
72 70 103.0
70 72 103.0
72 71 104.0
71 72 104.0
73 9 109.0
9 73 109.0
73 65 108.0
65 73 108.0
74 10 102.0
10 74 102.0
74 66 105.0
66 74 105.0
74 73 102.0
73 74 102.0
75 11 204.0
11 75 204.0
75 67 207.0
67 75 207.0
75 73 207.0
73 75 207.0
76 12 105.0
12 76 105.0
76 68 104.0
68 76 104.0
76 74 109.0
74 76 109.0
76 75 204.0
75 76 204.0
77 13 103.0
13 77 103.0
77 69 101.0
69 77 101.0
77 73 106.0
73 77 106.0
78 14 106.0
14 78 106.0
78 70 103.0
70 78 103.0
78 74 107.0
74 78 107.0
78 77 107.0
77 78 107.0
79 15 107.0
15 79 107.0
79 71 108.0
71 79 108.0
79 75 203.0
75 79 203.0
79 77 107.0
77 79 107.0
80 16 208.0
16 80 208.0
80 72 106.0
72 80 106.0
80 76 104.0
76 80 104.0
80 78 103.0
78 80 103.0
80 79 101.0
79 80 101.0
81 17 102.0
17 81 102.0
81 65 105.0
65 81 105.0
82 18 101.0
18 82 101.0
82 66 102.0
66 82 102.0
82 81 107.0
81 82 107.0
83 19 104.0
19 83 104.0
83 67 110.0
67 83 110.0
83 81 101.0
81 83 101.0
84 20 207.0
20 84 207.0
84 68 210.0
68 84 210.0
84 82 206.0
82 84 206.0
84 83 209.0
83 84 209.0
85 21 102.0
21 85 102.0
85 69 106.0
69 85 106.0
85 81 101.0
81 85 101.0
86 22 110.0
22 86 110.0
86 70 103.0
70 86 103.0
86 82 109.0
82 86 109.0
86 85 107.0
85 86 107.0
87 23 205.0
23 87 205.0
87 71 109.0
71 87 109.0
87 83 102.0
83 87 102.0
87 85 101.0
85 87 101.0
88 24 107.0
24 88 107.0
88 72 104.0
72 88 104.0
88 84 208.0
84 88 208.0
88 86 109.0
86 88 109.0
88 87 101.0
87 88 101.0
89 25 209.0
25 89 209.0
89 73 108.0
73 89 108.0
89 81 105.0
81 89 105.0
90 26 103.0
26 90 103.0
90 74 101.0
74 90 101.0
90 82 106.0
82 90 106.0
90 89 108.0
89 90 108.0
91 27 105.0
27 91 105.0
91 75 208.0
75 91 208.0
91 83 101.0
83 91 101.0
91 89 108.0
89 91 108.0
92 28 101.0
28 92 101.0
92 76 101.0
76 92 101.0
92 84 201.0
84 92 201.0
92 90 110.0
90 92 110.0
92 91 107.0
91 92 107.0
93 29 109.0
29 93 109.0
93 77 109.0
77 93 109.0
93 85 107.0
85 93 107.0
93 89 110.0
89 93 110.0
94 30 101.0
30 94 101.0
94 78 107.0
78 94 107.0
94 86 104.0
86 94 104.0
94 90 104.0
90 94 104.0
94 93 105.0
93 94 105.0
95 31 105.0
31 95 105.0
95 79 110.0
79 95 110.0
95 87 107.0
87 95 107.0
95 91 102.0
91 95 102.0
95 93 102.0
93 95 102.0
96 32 104.0
32 96 104.0
96 80 106.0
80 96 106.0
96 88 107.0
88 96 107.0
96 92 109.0
92 96 109.0
96 94 101.0
94 96 101.0
96 95 107.0
95 96 107.0
97 33 102.0
33 97 102.0
97 65 104.0
65 97 104.0
98 34 110.0
34 98 110.0
98 66 101.0
66 98 101.0
98 97 104.0
97 98 104.0
99 35 105.0
35 99 105.0
99 67 109.0
67 99 109.0
99 97 107.0
97 99 107.0
100 36 210.0
36 100 210.0
100 68 201.0
68 100 201.0
100 98 202.0
98 100 202.0
100 99 208.0
99 100 208.0
101 37 110.0
37 101 110.0
101 69 104.0
69 101 104.0
101 97 106.0
97 101 106.0
102 38 208.0
38 102 208.0
102 70 206.0
70 102 206.0
102 98 205.0
98 102 205.0
102 101 210.0
101 102 210.0
103 39 203.0
39 103 203.0
103 71 106.0
71 103 106.0
103 99 108.0
99 103 108.0
103 101 105.0
101 103 105.0
104 40 107.0
40 104 107.0
104 72 103.0
72 104 103.0
104 100 203.0
100 104 203.0
104 102 206.0
102 104 206.0
104 103 105.0
103 104 105.0
105 41 104.0
41 105 104.0
105 73 102.0
73 105 102.0
105 97 104.0
97 105 104.0
106 42 106.0
42 106 106.0
106 74 102.0
74 106 102.0
106 98 102.0
98 106 102.0
106 105 103.0
105 106 103.0
107 43 104.0
43 107 104.0
107 75 210.0
75 107 210.0
107 99 106.0
99 107 106.0
107 105 108.0
105 107 108.0
108 44 108.0
44 108 108.0
108 76 101.0
76 108 101.0
108 100 206.0
100 108 206.0
108 106 110.0
106 108 110.0
108 107 106.0
107 108 106.0
109 45 207.0
45 109 207.0
109 77 202.0
77 109 202.0
109 101 209.0
101 109 209.0
109 105 202.0
105 109 202.0
110 46 205.0
46 110 205.0
110 78 207.0
78 110 207.0
110 102 301.0
102 110 301.0
110 106 207.0
106 110 207.0
110 109 302.0
109 110 302.0
111 47 110.0
47 111 110.0
111 79 110.0
79 111 110.0
111 103 108.0
103 111 108.0
111 107 101.0
107 111 101.0
111 109 208.0
109 111 208.0
112 48 101.0
48 112 101.0
112 80 106.0
80 112 106.0
112 104 110.0
104 112 110.0
112 108 110.0
108 112 110.0
112 110 204.0
110 112 204.0
112 111 102.0
111 112 102.0
113 49 106.0
49 113 106.0
113 81 102.0
81 113 102.0
113 97 107.0
97 113 107.0
114 50 103.0
50 114 103.0
114 82 110.0
82 114 110.0
114 98 108.0
98 114 108.0
114 113 110.0
113 114 110.0
115 51 108.0
51 115 108.0
115 83 102.0
83 115 102.0
115 99 106.0
99 115 106.0
115 113 102.0
113 115 102.0
116 52 205.0
52 116 205.0
116 84 207.0
84 116 207.0
116 100 205.0
100 116 205.0
116 114 109.0
114 116 109.0
116 115 106.0
115 116 106.0
117 53 106.0
53 117 106.0
117 85 110.0
85 117 110.0
117 101 107.0
101 117 107.0
117 113 104.0
113 117 104.0
118 54 209.0
54 118 209.0
118 86 206.0
86 118 206.0
118 102 305.0
102 118 305.0
118 114 208.0
114 118 208.0
118 117 209.0
117 118 209.0
119 55 106.0
55 119 106.0
119 87 105.0
87 119 105.0
119 103 106.0
103 119 106.0
119 115 103.0
115 119 103.0
119 117 103.0
117 119 103.0
120 56 103.0
56 120 103.0
120 88 105.0
88 120 105.0
120 104 107.0
104 120 107.0
120 116 101.0
116 120 101.0
120 118 205.0
118 120 205.0
120 119 102.0
119 120 102.0
121 57 203.0
57 121 203.0
121 89 108.0
89 121 108.0
121 105 101.0
105 121 101.0
121 113 104.0
113 121 104.0
122 58 108.0
58 122 108.0
122 90 101.0
90 122 101.0
122 106 110.0
106 122 110.0
122 114 105.0
114 122 105.0
122 121 102.0
121 122 102.0
123 59 101.0
59 123 101.0
123 91 106.0
91 123 106.0
123 107 109.0
107 123 109.0
123 115 102.0
115 123 102.0
123 121 105.0
121 123 105.0
124 60 106.0
60 124 106.0
124 92 109.0
92 124 109.0
124 108 106.0
108 124 106.0
124 116 102.0
116 124 102.0
124 122 102.0
122 124 102.0
124 123 109.0
123 124 109.0
125 61 101.0
61 125 101.0
125 93 106.0
93 125 106.0
125 109 205.0
109 125 205.0
125 117 109.0
117 125 109.0
125 121 104.0
121 125 104.0
126 62 205.0
62 126 205.0
126 94 105.0
94 126 105.0
126 110 206.0
110 126 206.0
126 118 202.0
118 126 202.0
126 122 106.0
122 126 106.0
126 125 101.0
125 126 101.0
127 63 208.0
63 127 208.0
127 95 208.0
95 127 208.0
127 111 207.0
111 127 207.0
127 119 206.0
119 127 206.0
127 123 207.0
123 127 207.0
127 125 201.0
125 127 201.0
128 64 105.0
64 128 105.0
128 96 110.0
96 128 110.0
128 112 107.0
112 128 107.0
128 120 108.0
120 128 108.0
128 124 109.0
124 128 109.0
128 126 107.0
126 128 107.0
128 127 201.0
127 128 201.0
129 1 206.0
1 129 206.0
130 2 102.0
2 130 102.0
130 129 105.0
129 130 105.0
131 3 106.0
3 131 106.0
131 129 103.0
129 131 103.0
132 4 101.0
4 132 101.0
132 130 104.0
130 132 104.0
132 131 103.0
131 132 103.0
133 5 206.0
5 133 206.0
133 129 206.0
129 133 206.0
134 6 109.0
6 134 109.0
134 130 108.0
130 134 108.0
134 133 209.0
133 134 209.0
135 7 110.0
7 135 110.0
135 131 107.0
131 135 107.0
135 133 204.0
133 135 204.0
136 8 107.0
8 136 107.0
136 132 103.0
132 136 103.0
136 134 101.0
134 136 101.0
136 135 110.0
135 136 110.0
137 9 103.0
9 137 103.0
137 129 106.0
129 137 106.0
138 10 207.0
10 138 207.0
138 130 202.0
130 138 202.0
138 137 204.0
137 138 204.0
139 11 103.0
11 139 103.0
139 131 106.0
131 139 106.0
139 137 106.0
137 139 106.0
140 12 109.0
12 140 109.0
140 132 102.0
132 140 102.0
140 138 207.0
138 140 207.0
140 139 110.0
139 140 110.0
141 13 105.0
13 141 105.0
141 133 202.0
133 141 202.0
141 137 107.0
137 141 107.0
142 14 103.0
14 142 103.0
142 134 107.0
134 142 107.0
142 138 202.0
138 142 202.0
142 141 108.0
141 142 108.0
143 15 110.0
15 143 110.0
143 135 106.0
135 143 106.0
143 139 101.0
139 143 101.0
143 141 101.0
141 143 101.0
144 16 210.0
16 144 210.0
144 136 102.0
136 144 102.0
144 140 109.0
140 144 109.0
144 142 101.0
142 144 101.0
144 143 106.0
143 144 106.0
145 17 106.0
17 145 106.0
145 129 110.0
129 145 110.0
146 18 101.0
18 146 101.0
146 130 103.0
130 146 103.0
146 145 106.0
145 146 106.0
147 19 207.0
19 147 207.0
147 131 210.0
131 147 210.0
147 145 201.0
145 147 201.0
148 20 103.0
20 148 103.0
148 132 104.0
132 148 104.0
148 146 102.0
146 148 102.0
148 147 202.0
147 148 202.0
149 21 107.0
21 149 107.0
149 133 210.0
133 149 210.0
149 145 108.0
145 149 108.0
150 22 208.0
22 150 208.0
150 134 204.0
134 150 204.0
150 146 203.0
146 150 203.0
150 149 206.0
149 150 206.0
151 23 209.0
23 151 209.0
151 135 103.0
135 151 103.0
151 147 207.0
147 151 207.0
151 149 106.0
149 151 106.0
152 24 106.0
24 152 106.0
152 136 109.0
136 152 109.0
152 148 102.0
148 152 102.0
152 150 206.0
150 152 206.0
152 151 107.0
151 152 107.0
153 25 205.0
25 153 205.0
153 137 104.0
137 153 104.0
153 145 110.0
145 153 110.0
154 26 102.0
26 154 102.0
154 138 201.0
138 154 201.0
154 146 110.0
146 154 110.0
154 153 109.0
153 154 109.0
155 27 102.0
27 155 102.0
155 139 106.0
139 155 106.0
155 147 207.0
147 155 207.0
155 153 108.0
153 155 108.0
156 28 101.0
28 156 101.0
156 140 105.0
140 156 105.0
156 148 108.0
148 156 108.0
156 154 108.0
154 156 108.0
156 155 104.0
155 156 104.0
157 29 104.0
29 157 104.0
157 141 101.0
141 157 101.0
157 149 105.0
149 157 105.0
157 153 104.0
153 157 104.0
158 30 104.0
30 158 104.0
158 142 110.0
142 158 110.0
158 150 207.0
150 158 207.0
158 154 108.0
154 158 108.0
158 157 104.0
157 158 104.0
159 31 105.0
31 159 105.0
159 143 102.0
143 159 102.0
159 151 110.0
151 159 110.0
159 155 101.0
155 159 101.0
159 157 107.0
157 159 107.0
160 32 106.0
32 160 106.0
160 144 108.0
144 160 108.0
160 152 107.0
152 160 107.0
160 156 109.0
156 160 109.0
160 158 105.0
158 160 105.0
160 159 108.0
159 160 108.0
161 33 105.0
33 161 105.0
161 129 103.0
129 161 103.0
162 34 202.0
34 162 202.0
162 130 206.0
130 162 206.0
162 161 203.0
161 162 203.0
163 35 107.0
35 163 107.0
163 131 103.0
131 163 103.0
163 161 103.0
161 163 103.0
164 36 105.0
36 164 105.0
164 132 103.0
132 164 103.0
164 162 206.0
162 164 206.0
164 163 102.0
163 164 102.0
165 37 109.0
37 165 109.0
165 133 210.0
133 165 210.0
165 161 107.0
161 165 107.0
166 38 105.0
38 166 105.0
166 134 107.0
134 166 107.0
166 162 208.0
162 166 208.0
166 165 103.0
165 166 103.0
167 39 204.0
39 167 204.0
167 135 107.0
135 167 107.0
167 163 105.0
163 167 105.0
167 165 101.0
165 167 101.0
168 40 104.0
40 168 104.0
168 136 107.0
136 168 107.0
168 164 109.0
164 168 109.0
168 166 102.0
166 168 102.0
168 167 109.0
167 168 109.0
169 41 103.0
41 169 103.0
169 137 104.0
137 169 104.0
169 161 107.0
161 169 107.0
170 42 201.0
42 170 201.0
170 138 309.0
138 170 309.0
170 162 310.0
162 170 310.0
170 169 206.0
169 170 206.0
171 43 104.0
43 171 104.0
171 139 101.0
139 171 101.0
171 163 102.0
163 171 102.0
171 169 105.0
169 171 105.0
172 44 108.0
44 172 108.0
172 140 102.0
140 172 102.0
172 164 102.0
164 172 102.0
172 170 201.0
170 172 201.0
172 171 102.0
171 172 102.0
173 45 108.0
45 173 108.0
173 141 108.0
141 173 108.0
173 165 110.0
165 173 110.0
173 169 106.0
169 173 106.0
174 46 107.0
46 174 107.0
174 142 105.0
142 174 105.0
174 166 101.0
166 174 101.0
174 170 205.0
170 174 205.0
174 173 107.0
173 174 107.0
175 47 208.0
47 175 208.0
175 143 201.0
143 175 201.0
175 167 204.0
167 175 204.0
175 171 201.0
171 175 201.0
175 173 203.0
173 175 203.0
176 48 101.0
48 176 101.0
176 144 102.0
144 176 102.0
176 168 110.0
168 176 110.0
176 172 106.0
172 176 106.0
176 174 110.0
174 176 110.0
176 175 203.0
175 176 203.0
177 49 109.0
49 177 109.0
177 145 103.0
145 177 103.0
177 161 108.0
161 177 108.0
178 50 102.0
50 178 102.0
178 146 110.0
146 178 110.0
178 162 209.0
162 178 209.0
178 177 108.0
177 178 108.0
179 51 107.0
51 179 107.0
179 147 205.0
147 179 205.0
179 163 102.0
163 179 102.0
179 177 106.0
177 179 106.0
180 52 207.0
52 180 207.0
180 148 110.0
148 180 110.0
180 164 104.0
164 180 104.0
180 178 102.0
178 180 102.0
180 179 105.0
179 180 105.0
181 53 109.0
53 181 109.0
181 149 101.0
149 181 101.0
181 165 102.0
165 181 102.0
181 177 105.0
177 181 105.0
182 54 105.0
54 182 105.0
182 150 205.0
150 182 205.0
182 166 103.0
166 182 103.0
182 178 103.0
178 182 103.0
182 181 110.0
181 182 110.0
183 55 108.0
55 183 108.0
183 151 102.0
151 183 102.0
183 167 106.0
167 183 106.0
183 179 106.0
179 183 106.0
183 181 108.0
181 183 108.0
184 56 101.0
56 184 101.0
184 152 108.0
152 184 108.0
184 168 101.0
168 184 101.0
184 180 103.0
180 184 103.0
184 182 102.0
182 184 102.0
184 183 103.0
183 184 103.0
185 57 201.0
57 185 201.0
185 153 103.0
153 185 103.0
185 169 104.0
169 185 104.0
185 177 102.0
177 185 102.0
186 58 107.0
58 186 107.0
186 154 109.0
154 186 109.0
186 170 209.0
170 186 209.0
186 178 102.0
178 186 102.0
186 185 103.0
185 186 103.0
187 59 108.0
59 187 108.0
187 155 103.0
155 187 103.0
187 171 106.0
171 187 106.0
187 179 104.0
179 187 104.0
187 185 110.0
185 187 110.0
188 60 109.0
60 188 109.0
188 156 103.0
156 188 103.0
188 172 103.0
172 188 103.0
188 180 103.0
180 188 103.0
188 186 105.0
186 188 105.0
188 187 105.0
187 188 105.0
189 61 105.0
61 189 105.0
189 157 104.0
157 189 104.0
189 173 109.0
173 189 109.0
189 181 105.0
181 189 105.0
189 185 103.0
185 189 103.0
190 62 201.0
62 190 201.0
190 158 105.0
158 190 105.0
190 174 102.0
174 190 102.0
190 182 104.0
182 190 104.0
190 186 106.0
186 190 106.0
190 189 109.0
189 190 109.0
191 63 210.0
63 191 210.0
191 159 205.0
159 191 205.0
191 175 306.0
175 191 306.0
191 183 202.0
183 191 202.0
191 187 207.0
187 191 207.0
191 189 205.0
189 191 205.0
192 64 203.0
64 192 203.0
192 160 203.0
160 192 203.0
192 176 204.0
176 192 204.0
192 184 201.0
184 192 201.0
192 188 205.0
188 192 205.0
192 190 204.0
190 192 204.0
192 191 305.0
191 192 305.0
193 65 102.0
65 193 102.0
193 129 105.0
129 193 105.0
194 66 108.0
66 194 108.0
194 130 109.0
130 194 109.0
194 193 101.0
193 194 101.0
195 67 108.0
67 195 108.0
195 131 109.0
131 195 109.0
195 193 108.0
193 195 108.0
196 68 103.0
68 196 103.0
196 132 104.0
132 196 104.0
196 194 110.0
194 196 110.0
196 195 109.0
195 196 109.0
197 69 203.0
69 197 203.0
197 133 307.0
133 197 307.0
197 193 207.0
193 197 207.0
198 70 109.0
70 198 109.0
198 134 105.0
134 198 105.0
198 194 104.0
194 198 104.0
198 197 210.0
197 198 210.0
199 71 109.0
71 199 109.0
199 135 103.0
135 199 103.0
199 195 104.0
195 199 104.0
199 197 208.0
197 199 208.0
200 72 209.0
72 200 209.0
200 136 209.0
136 200 209.0
200 196 207.0
196 200 207.0
200 198 208.0
198 200 208.0
200 199 206.0
199 200 206.0
201 73 106.0
73 201 106.0
201 137 102.0
137 201 102.0
201 193 108.0
193 201 108.0
202 74 101.0
74 202 101.0
202 138 205.0
138 202 205.0
202 194 101.0
194 202 101.0
202 201 106.0
201 202 106.0
203 75 302.0
75 203 302.0
203 139 209.0
139 203 209.0
203 195 202.0
195 203 202.0
203 201 207.0
201 203 207.0
204 76 106.0
76 204 106.0
204 140 105.0
140 204 105.0
204 196 105.0
196 204 105.0
204 202 102.0
202 204 102.0
204 203 203.0
203 204 203.0
205 77 107.0
77 205 107.0
205 141 101.0
141 205 101.0
205 197 203.0
197 205 203.0
205 201 103.0
201 205 103.0
206 78 104.0
78 206 104.0
206 142 104.0
142 206 104.0
206 198 110.0
198 206 110.0
206 202 109.0
202 206 109.0
206 205 104.0
205 206 104.0
207 79 110.0
79 207 110.0
207 143 108.0
143 207 108.0
207 199 106.0
199 207 106.0
207 203 204.0
203 207 204.0
207 205 108.0
205 207 108.0
208 80 104.0
80 208 104.0
208 144 101.0
144 208 101.0
208 200 202.0
200 208 202.0
208 204 108.0
204 208 108.0
208 206 105.0
206 208 105.0
208 207 105.0
207 208 105.0
209 81 107.0
81 209 107.0
209 145 110.0
145 209 110.0
209 193 104.0
193 209 104.0
210 82 106.0
82 210 106.0
210 146 103.0
146 210 103.0
210 194 103.0
194 210 103.0
210 209 107.0
209 210 107.0
211 83 103.0
83 211 103.0
211 147 208.0
147 211 208.0
211 195 107.0
195 211 107.0
211 209 103.0
209 211 103.0
212 84 207.0
84 212 207.0
212 148 104.0
148 212 104.0
212 196 102.0
196 212 102.0
212 210 110.0
210 212 110.0
212 211 105.0
211 212 105.0
213 85 105.0
85 213 105.0
213 149 101.0
149 213 101.0
213 197 210.0
197 213 210.0
213 209 108.0
209 213 108.0
214 86 103.0
86 214 103.0
214 150 202.0
150 214 202.0
214 198 108.0
198 214 108.0
214 210 104.0
210 214 104.0
214 213 101.0
213 214 101.0
215 87 107.0
87 215 107.0
215 151 101.0
151 215 101.0
215 199 109.0
199 215 109.0
215 211 105.0
211 215 105.0
215 213 101.0
213 215 101.0
216 88 108.0
88 216 108.0
216 152 105.0
152 216 105.0
216 200 202.0
200 216 202.0
216 212 103.0
212 216 103.0
216 214 104.0
214 216 104.0
216 215 109.0
215 216 109.0
217 89 109.0
89 217 109.0
217 153 103.0
153 217 103.0
217 201 110.0
201 217 110.0
217 209 106.0
209 217 106.0
218 90 202.0
90 218 202.0
218 154 203.0
154 218 203.0
218 202 201.0
202 218 201.0
218 210 209.0
210 218 209.0
218 217 203.0
217 218 203.0
219 91 110.0
91 219 110.0
219 155 106.0
155 219 106.0
219 203 207.0
203 219 207.0
219 211 110.0
211 219 110.0
219 217 101.0
217 219 101.0
220 92 101.0
92 220 101.0
220 156 101.0
156 220 101.0
220 204 105.0
204 220 105.0
220 212 105.0
212 220 105.0
220 218 204.0
218 220 204.0
220 219 103.0
219 220 103.0
221 93 208.0
93 221 208.0
221 157 201.0
157 221 201.0
221 205 210.0
205 221 210.0
221 213 210.0
213 221 210.0
221 217 202.0
217 221 202.0
222 94 104.0
94 222 104.0
222 158 106.0
158 222 106.0
222 206 102.0
206 222 102.0
222 214 107.0
214 222 107.0
222 218 207.0
218 222 207.0
222 221 202.0
221 222 202.0
223 95 103.0
95 223 103.0
223 159 108.0
159 223 108.0
223 207 108.0
207 223 108.0
223 215 109.0
215 223 109.0
223 219 105.0
219 223 105.0
223 221 210.0
221 223 210.0
224 96 106.0
96 224 106.0
224 160 104.0
160 224 104.0
224 208 106.0
208 224 106.0
224 216 108.0
216 224 108.0
224 220 107.0
220 224 107.0
224 222 110.0
222 224 110.0
224 223 101.0
223 224 101.0
225 97 104.0
97 225 104.0
225 161 107.0
161 225 107.0
225 193 102.0
193 225 102.0
226 98 103.0
98 226 103.0
226 162 201.0
162 226 201.0
226 194 101.0
194 226 101.0
226 225 104.0
225 226 104.0
227 99 104.0
99 227 104.0
227 163 104.0
163 227 104.0
227 195 102.0
195 227 102.0
227 225 106.0
225 227 106.0
228 100 203.0
100 228 203.0
228 164 103.0
164 228 103.0
228 196 103.0
196 228 103.0
228 226 109.0
226 228 109.0
228 227 102.0
227 228 102.0
229 101 110.0
101 229 110.0
229 165 102.0
165 229 102.0
229 197 206.0
197 229 206.0
229 225 110.0
225 229 110.0
230 102 208.0
102 230 208.0
230 166 105.0
166 230 105.0
230 198 109.0
198 230 109.0
230 226 110.0
226 230 110.0
230 229 103.0
229 230 103.0
231 103 109.0
103 231 109.0
231 167 105.0
167 231 105.0
231 199 101.0
199 231 101.0
231 227 105.0
227 231 105.0
231 229 106.0
229 231 106.0
232 104 101.0
104 232 101.0
232 168 108.0
168 232 108.0
232 200 209.0
200 232 209.0
232 228 102.0
228 232 102.0
232 230 106.0
230 232 106.0
232 231 101.0
231 232 101.0
233 105 104.0
105 233 104.0
233 169 109.0
169 233 109.0
233 201 101.0
201 233 101.0
233 225 101.0
225 233 101.0
234 106 107.0
106 234 107.0
234 170 203.0
170 234 203.0
234 202 110.0
202 234 110.0
234 226 103.0
226 234 103.0
234 233 110.0
233 234 110.0
235 107 102.0
107 235 102.0
235 171 101.0
171 235 101.0
235 203 201.0
203 235 201.0
235 227 103.0
227 235 103.0
235 233 104.0
233 235 104.0
236 108 110.0
108 236 110.0
236 172 110.0
172 236 110.0
236 204 103.0
204 236 103.0
236 228 109.0
228 236 109.0
236 234 110.0
234 236 110.0
236 235 107.0
235 236 107.0
237 109 210.0
109 237 210.0
237 173 101.0
173 237 101.0
237 205 103.0
205 237 103.0
237 229 109.0
229 237 109.0
237 233 107.0
233 237 107.0
238 110 205.0
110 238 205.0
238 174 106.0
174 238 106.0
238 206 110.0
206 238 110.0
238 230 101.0
230 238 101.0
238 234 104.0
234 238 104.0
238 237 101.0
237 238 101.0
239 111 109.0
111 239 109.0
239 175 204.0
175 239 204.0
239 207 105.0
207 239 105.0
239 231 105.0
231 239 105.0
239 235 103.0
235 239 103.0
239 237 106.0
237 239 106.0
240 112 109.0
112 240 109.0
240 176 107.0
176 240 107.0
240 208 109.0
208 240 109.0
240 232 109.0
232 240 109.0
240 236 107.0
236 240 107.0
240 238 109.0
238 240 109.0
240 239 101.0
239 240 101.0
241 113 204.0
113 241 204.0
241 177 205.0
177 241 205.0
241 209 201.0
209 241 201.0
241 225 203.0
225 241 203.0
242 114 109.0
114 242 109.0
242 178 107.0
178 242 107.0
242 210 109.0
210 242 109.0
242 226 103.0
226 242 103.0
242 241 203.0
241 242 203.0
243 115 206.0
115 243 206.0
243 179 207.0
179 243 207.0
243 211 210.0
211 243 210.0
243 227 210.0
227 243 210.0
243 241 306.0
241 243 306.0
244 116 104.0
116 244 104.0
244 180 106.0
180 244 106.0
244 212 107.0
212 244 107.0
244 228 109.0
228 244 109.0
244 242 110.0
242 244 110.0
244 243 201.0
243 244 201.0
245 117 101.0
117 245 101.0
245 181 110.0
181 245 110.0
245 213 101.0
213 245 101.0
245 229 110.0
229 245 110.0
245 241 208.0
241 245 208.0
246 118 203.0
118 246 203.0
246 182 109.0
182 246 109.0
246 214 106.0
214 246 106.0
246 230 109.0
230 246 109.0
246 242 108.0
242 246 108.0
246 245 109.0
245 246 109.0
247 119 105.0
119 247 105.0
247 183 102.0
183 247 102.0
247 215 101.0
215 247 101.0
247 231 110.0
231 247 110.0
247 243 205.0
243 247 205.0
247 245 109.0
245 247 109.0
248 120 104.0
120 248 104.0
248 184 105.0
184 248 105.0
248 216 102.0
216 248 102.0
248 232 102.0
232 248 102.0
248 244 103.0
244 248 103.0
248 246 104.0
246 248 104.0
248 247 105.0
247 248 105.0
249 121 102.0
121 249 102.0
249 185 104.0
185 249 104.0
249 217 109.0
217 249 109.0
249 233 110.0
233 249 110.0
249 241 206.0
241 249 206.0
250 122 106.0
122 250 106.0
250 186 103.0
186 250 103.0
250 218 208.0
218 250 208.0
250 234 110.0
234 250 110.0
250 242 108.0
242 250 108.0
250 249 110.0
249 250 110.0
251 123 105.0
123 251 105.0
251 187 108.0
187 251 108.0
251 219 106.0
219 251 106.0
251 235 105.0
235 251 105.0
251 243 209.0
243 251 209.0
251 249 107.0
249 251 107.0
252 124 105.0
124 252 105.0
252 188 106.0
188 252 106.0
252 220 106.0
220 252 106.0
252 236 102.0
236 252 102.0
252 244 105.0
244 252 105.0
252 250 108.0
250 252 108.0
252 251 105.0
251 252 105.0
253 125 103.0
125 253 103.0
253 189 106.0
189 253 106.0
253 221 205.0
221 253 205.0
253 237 102.0
237 253 102.0
253 245 110.0
245 253 110.0
253 249 102.0
249 253 102.0
254 126 106.0
126 254 106.0
254 190 101.0
190 254 101.0
254 222 107.0
222 254 107.0
254 238 109.0
238 254 109.0
254 246 101.0
246 254 101.0
254 250 106.0
250 254 106.0
254 253 101.0
253 254 101.0
255 127 205.0
127 255 205.0
255 191 209.0
191 255 209.0
255 223 104.0
223 255 104.0
255 239 101.0
239 255 101.0
255 247 110.0
247 255 110.0
255 251 104.0
251 255 104.0
255 253 106.0
253 255 106.0
256 128 202.0
128 256 202.0
256 192 307.0
192 256 307.0
256 224 205.0
224 256 205.0
256 240 202.0
240 256 202.0
256 248 208.0
248 256 208.0
256 252 204.0
252 256 204.0
256 254 210.0
254 256 210.0
256 255 209.0
255 256 209.0
257 1 204.0
1 257 204.0
258 2 104.0
2 258 104.0
258 257 105.0
257 258 105.0
259 3 105.0
3 259 105.0
259 257 107.0
257 259 107.0
260 4 209.0
4 260 209.0
260 258 202.0
258 260 202.0
260 259 207.0
259 260 207.0
261 5 104.0
5 261 104.0
261 257 110.0
257 261 110.0
262 6 207.0
6 262 207.0
262 258 210.0
258 262 210.0
262 261 202.0
261 262 202.0
263 7 103.0
7 263 103.0
263 259 103.0
259 263 103.0
263 261 107.0
261 263 107.0
264 8 102.0
8 264 102.0
264 260 206.0
260 264 206.0
264 262 206.0
262 264 206.0
264 263 107.0
263 264 107.0
265 9 103.0
9 265 103.0
265 257 106.0
257 265 106.0
266 10 109.0
10 266 109.0
266 258 103.0
258 266 103.0
266 265 101.0
265 266 101.0
267 11 104.0
11 267 104.0
267 259 101.0
259 267 101.0
267 265 102.0
265 267 102.0
268 12 101.0
12 268 101.0
268 260 208.0
260 268 208.0
268 266 107.0
266 268 107.0
268 267 109.0
267 268 109.0
269 13 204.0
13 269 204.0
269 261 209.0
261 269 209.0
269 265 205.0
265 269 205.0
270 14 110.0
14 270 110.0
270 262 208.0
262 270 208.0
270 266 108.0
266 270 108.0
270 269 201.0
269 270 201.0
271 15 104.0
15 271 104.0
271 263 107.0
263 271 107.0
271 267 104.0
267 271 104.0
271 269 209.0
269 271 209.0
272 16 201.0
16 272 201.0
272 264 109.0
264 272 109.0
272 268 107.0
268 272 107.0
272 270 106.0
270 272 106.0
272 271 110.0
271 272 110.0
273 17 106.0
17 273 106.0
273 257 109.0
257 273 109.0
274 18 103.0
18 274 103.0
274 258 106.0
258 274 106.0
274 273 109.0
273 274 109.0
275 19 208.0
19 275 208.0
275 259 203.0
259 275 203.0
275 273 203.0
273 275 203.0
276 20 103.0
20 276 103.0
276 260 203.0
260 276 203.0
276 274 101.0
274 276 101.0
276 275 204.0
275 276 204.0
277 21 110.0
21 277 110.0
277 261 108.0
261 277 108.0
277 273 102.0
273 277 102.0
278 22 105.0
22 278 105.0
278 262 202.0
262 278 202.0
278 274 107.0
274 278 107.0
278 277 108.0
277 278 108.0
279 23 207.0
23 279 207.0
279 263 101.0
263 279 101.0
279 275 209.0
275 279 209.0
279 277 105.0
277 279 105.0
280 24 102.0
24 280 102.0
280 264 101.0
264 280 101.0
280 276 107.0
276 280 107.0
280 278 109.0
278 280 109.0
280 279 105.0
279 280 105.0
281 25 210.0
25 281 210.0
281 265 109.0
265 281 109.0
281 273 107.0
273 281 107.0
282 26 102.0
26 282 102.0
282 266 110.0
266 282 110.0
282 274 101.0
274 282 101.0
282 281 110.0
281 282 110.0
283 27 105.0
27 283 105.0
283 267 103.0
267 283 103.0
283 275 210.0
275 283 210.0
283 281 109.0
281 283 109.0
284 28 202.0
28 284 202.0
284 268 208.0
268 284 208.0
284 276 204.0
276 284 204.0
284 282 201.0
282 284 201.0
284 283 203.0
283 284 203.0
285 29 104.0
29 285 104.0
285 269 209.0
269 285 209.0
285 277 108.0
277 285 108.0
285 281 108.0
281 285 108.0
286 30 106.0
30 286 106.0
286 270 109.0
270 286 109.0
286 278 101.0
278 286 101.0
286 282 105.0
282 286 105.0
286 285 108.0
285 286 108.0
287 31 201.0
31 287 201.0
287 271 203.0
271 287 203.0
287 279 205.0
279 287 205.0
287 283 210.0
283 287 210.0
287 285 209.0
285 287 209.0
288 32 105.0
32 288 105.0
288 272 102.0
272 288 102.0
288 280 105.0
280 288 105.0
288 284 203.0
284 288 203.0
288 286 108.0
286 288 108.0
288 287 201.0
287 288 201.0
289 33 105.0
33 289 105.0
289 257 103.0
257 289 103.0
290 34 109.0
34 290 109.0
290 258 109.0
258 290 109.0
290 289 110.0
289 290 110.0
291 35 103.0
35 291 103.0
291 259 104.0
259 291 104.0
291 289 104.0
289 291 104.0
292 36 107.0
36 292 107.0
292 260 204.0
260 292 204.0
292 290 101.0
290 292 101.0
292 291 101.0
291 292 101.0
293 37 107.0
37 293 107.0
293 261 110.0
261 293 110.0
293 289 108.0
289 293 108.0
294 38 101.0
38 294 101.0
294 262 203.0
262 294 203.0
294 290 109.0
290 294 109.0
294 293 106.0
293 294 106.0
295 39 203.0
39 295 203.0
295 263 102.0
263 295 102.0
295 291 101.0
291 295 101.0
295 293 103.0
293 295 103.0
296 40 103.0
40 296 103.0
296 264 107.0
264 296 107.0
296 292 110.0
292 296 110.0
296 294 109.0
294 296 109.0
296 295 103.0
295 296 103.0
297 41 104.0
41 297 104.0
297 265 108.0
265 297 108.0
297 289 102.0
289 297 102.0
298 42 110.0
42 298 110.0
298 266 102.0
266 298 102.0
298 290 106.0
290 298 106.0
298 297 106.0
297 298 106.0
299 43 205.0
43 299 205.0
299 267 205.0
267 299 205.0
299 291 207.0
291 299 207.0
299 297 209.0
297 299 209.0
300 44 102.0
44 300 102.0
300 268 102.0
268 300 102.0
300 292 107.0
292 300 107.0
300 298 107.0
298 300 107.0
300 299 210.0
299 300 210.0
301 45 209.0
45 301 209.0
301 269 310.0
269 301 310.0
301 293 208.0
293 301 208.0
301 297 210.0
297 301 210.0
302 46 104.0
46 302 104.0
302 270 105.0
270 302 105.0
302 294 104.0
294 302 104.0
302 298 102.0
298 302 102.0
302 301 208.0
301 302 208.0
303 47 102.0
47 303 102.0
303 271 106.0
271 303 106.0
303 295 106.0
295 303 106.0
303 299 207.0
299 303 207.0
303 301 207.0
301 303 207.0
304 48 102.0
48 304 102.0
304 272 110.0
272 304 110.0
304 296 110.0
296 304 110.0
304 300 109.0
300 304 109.0
304 302 109.0
302 304 109.0
304 303 108.0
303 304 108.0
305 49 104.0
49 305 104.0
305 273 104.0
273 305 104.0
305 289 106.0
289 305 106.0
306 50 202.0
50 306 202.0
306 274 203.0
274 306 203.0
306 290 202.0
290 306 202.0
306 305 201.0
305 306 201.0
307 51 106.0
51 307 106.0
307 275 206.0
275 307 206.0
307 291 101.0
291 307 101.0
307 305 108.0
305 307 108.0
308 52 201.0
52 308 201.0
308 276 106.0
276 308 106.0
308 292 104.0
292 308 104.0
308 306 204.0
306 308 204.0
308 307 104.0
307 308 104.0
309 53 108.0
53 309 108.0
309 277 105.0
277 309 105.0
309 293 106.0
293 309 106.0
309 305 105.0
305 309 105.0
310 54 104.0
54 310 104.0
310 278 103.0
278 310 103.0
310 294 108.0
294 310 108.0
310 306 201.0
306 310 201.0
310 309 107.0
309 310 107.0
311 55 110.0
55 311 110.0
311 279 101.0
279 311 101.0
311 295 103.0
295 311 103.0
311 307 107.0
307 311 107.0
311 309 110.0
309 311 110.0
312 56 102.0
56 312 102.0
312 280 106.0
280 312 106.0
312 296 107.0
296 312 107.0
312 308 110.0
308 312 110.0
312 310 109.0
310 312 109.0
312 311 103.0
311 312 103.0
313 57 206.0
57 313 206.0
313 281 103.0
281 313 103.0
313 297 102.0
297 313 102.0
313 305 101.0
305 313 101.0
314 58 101.0
58 314 101.0
314 282 107.0
282 314 107.0
314 298 109.0
298 314 109.0
314 306 205.0
306 314 205.0
314 313 106.0
313 314 106.0
315 59 102.0
59 315 102.0
315 283 106.0
283 315 106.0
315 299 202.0
299 315 202.0
315 307 105.0
307 315 105.0
315 313 105.0
313 315 105.0
316 60 105.0
60 316 105.0
316 284 202.0
284 316 202.0
316 300 104.0
300 316 104.0
316 308 101.0
308 316 101.0
316 314 103.0
314 316 103.0
316 315 101.0
315 316 101.0
317 61 109.0
61 317 109.0
317 285 110.0
285 317 110.0
317 301 202.0
301 317 202.0
317 309 104.0
309 317 104.0
317 313 104.0
313 317 104.0
318 62 204.0
62 318 204.0
318 286 109.0
286 318 109.0
318 302 108.0
302 318 108.0
318 310 104.0
310 318 104.0
318 314 104.0
314 318 104.0
318 317 103.0
317 318 103.0
319 63 106.0
63 319 106.0
319 287 205.0
287 319 205.0
319 303 108.0
303 319 108.0
319 311 102.0
311 319 102.0
319 315 108.0
315 319 108.0
319 317 105.0
317 319 105.0
320 64 108.0
64 320 108.0
320 288 108.0
288 320 108.0
320 304 102.0
304 320 102.0
320 312 108.0
312 320 108.0
320 316 105.0
316 320 105.0
320 318 107.0
318 320 107.0
320 319 108.0
319 320 108.0
321 65 105.0
65 321 105.0
321 257 105.0
257 321 105.0
322 66 110.0
66 322 110.0
322 258 106.0
258 322 106.0
322 321 110.0
321 322 110.0
323 67 105.0
67 323 105.0
323 259 101.0
259 323 101.0
323 321 103.0
321 323 103.0
324 68 106.0
68 324 106.0
324 260 206.0
260 324 206.0
324 322 110.0
322 324 110.0
324 323 106.0
323 324 106.0
325 69 108.0
69 325 108.0
325 261 101.0
261 325 101.0
325 321 101.0
321 325 101.0
326 70 102.0
70 326 102.0
326 262 202.0
262 326 202.0
326 322 102.0
322 326 102.0
326 325 109.0
325 326 109.0
327 71 207.0
71 327 207.0
327 263 210.0
263 327 210.0
327 323 205.0
323 327 205.0
327 325 210.0
325 327 210.0
328 72 103.0
72 328 103.0
328 264 105.0
264 328 105.0
328 324 102.0
324 328 102.0
328 326 101.0
326 328 101.0
328 327 202.0
327 328 202.0
329 73 102.0
73 329 102.0
329 265 103.0
265 329 103.0
329 321 107.0
321 329 107.0
330 74 209.0
74 330 209.0
330 266 207.0
266 330 207.0
330 322 202.0
322 330 202.0
330 329 205.0
329 330 205.0
331 75 210.0
75 331 210.0
331 267 107.0
267 331 107.0
331 323 104.0
323 331 104.0
331 329 104.0
329 331 104.0
332 76 104.0
76 332 104.0
332 268 110.0
268 332 110.0
332 324 101.0
324 332 101.0
332 330 206.0
330 332 206.0
332 331 104.0
331 332 104.0
333 77 105.0
77 333 105.0
333 269 205.0
269 333 205.0
333 325 108.0
325 333 108.0
333 329 107.0
329 333 107.0
334 78 106.0
78 334 106.0
334 270 107.0
270 334 107.0
334 326 101.0
326 334 101.0
334 330 206.0
330 334 206.0
334 333 101.0
333 334 101.0
335 79 104.0
79 335 104.0
335 271 110.0
271 335 110.0
335 327 202.0
327 335 202.0
335 331 102.0
331 335 102.0
335 333 105.0
333 335 105.0
336 80 103.0
80 336 103.0
336 272 104.0
272 336 104.0
336 328 103.0
328 336 103.0
336 332 102.0
332 336 102.0
336 334 110.0
334 336 110.0
336 335 104.0
335 336 104.0
337 81 209.0
81 337 209.0
337 273 203.0
273 337 203.0
337 321 210.0
321 337 210.0
338 82 108.0
82 338 108.0
338 274 104.0
274 338 104.0
338 322 101.0
322 338 101.0
338 337 204.0
337 338 204.0
339 83 110.0
83 339 110.0
339 275 205.0
275 339 205.0
339 323 105.0
323 339 105.0
339 337 201.0
337 339 201.0
340 84 202.0
84 340 202.0
340 276 106.0
276 340 106.0
340 324 101.0
324 340 101.0
340 338 107.0
338 340 107.0
340 339 110.0
339 340 110.0
341 85 102.0
85 341 102.0
341 277 108.0
277 341 108.0
341 325 101.0
325 341 101.0
341 337 202.0
337 341 202.0
342 86 109.0
86 342 109.0
342 278 102.0
278 342 102.0
342 326 107.0
326 342 107.0
342 338 110.0
338 342 110.0
342 341 108.0
341 342 108.0
343 87 108.0
87 343 108.0
343 279 104.0
279 343 104.0
343 327 207.0
327 343 207.0
343 339 101.0
339 343 101.0
343 341 110.0
341 343 110.0
344 88 104.0
88 344 104.0
344 280 105.0
280 344 105.0
344 328 110.0
328 344 110.0
344 340 104.0
340 344 104.0
344 342 105.0
342 344 105.0
344 343 103.0
343 344 103.0
345 89 106.0
89 345 106.0
345 281 110.0
281 345 110.0
345 329 107.0
329 345 107.0
345 337 210.0
337 345 210.0
346 90 101.0
90 346 101.0
346 282 102.0
282 346 102.0
346 330 202.0
330 346 202.0
346 338 102.0
338 346 102.0
346 345 103.0
345 346 103.0
347 91 105.0
91 347 105.0
347 283 107.0
283 347 107.0
347 331 104.0
331 347 104.0
347 339 105.0
339 347 105.0
347 345 105.0
345 347 105.0
348 92 105.0
92 348 105.0
348 284 207.0
284 348 207.0
348 332 109.0
332 348 109.0
348 340 104.0
340 348 104.0
348 346 106.0
346 348 106.0
348 347 106.0
347 348 106.0
349 93 110.0
93 349 110.0
349 285 102.0
285 349 102.0
349 333 109.0
333 349 109.0
349 341 104.0
341 349 104.0
349 345 110.0
345 349 110.0
350 94 210.0
94 350 210.0
350 286 206.0
286 350 206.0
350 334 206.0
334 350 206.0
350 342 206.0
342 350 206.0
350 346 206.0
346 350 206.0
350 349 206.0
349 350 206.0
351 95 102.0
95 351 102.0
351 287 209.0
287 351 209.0
351 335 104.0
335 351 104.0
351 343 104.0
343 351 104.0
351 347 110.0
347 351 110.0
351 349 105.0
349 351 105.0
352 96 109.0
96 352 109.0
352 288 104.0
288 352 104.0
352 336 101.0
336 352 101.0
352 344 109.0
344 352 109.0
352 348 109.0
348 352 109.0
352 350 209.0
350 352 209.0
352 351 109.0
351 352 109.0
353 97 208.0
97 353 208.0
353 289 209.0
289 353 209.0
353 321 202.0
321 353 202.0
354 98 106.0
98 354 106.0
354 290 104.0
290 354 104.0
354 322 108.0
322 354 108.0
354 353 207.0
353 354 207.0
355 99 106.0
99 355 106.0
355 291 102.0
291 355 102.0
355 323 108.0
323 355 108.0
355 353 204.0
353 355 204.0
356 100 206.0
100 356 206.0
356 292 104.0
292 356 104.0
356 324 103.0
324 356 103.0
356 354 104.0
354 356 104.0
356 355 110.0
355 356 110.0
357 101 110.0
101 357 110.0
357 293 109.0
293 357 109.0
357 325 103.0
325 357 103.0
357 353 205.0
353 357 205.0
358 102 209.0
102 358 209.0
358 294 103.0
294 358 103.0
358 326 104.0
326 358 104.0
358 354 101.0
354 358 101.0
358 357 105.0
357 358 105.0
359 103 102.0
103 359 102.0
359 295 101.0
295 359 101.0
359 327 204.0
327 359 204.0
359 355 107.0
355 359 107.0
359 357 104.0
357 359 104.0
360 104 105.0
104 360 105.0
360 296 108.0
296 360 108.0
360 328 105.0
328 360 105.0
360 356 109.0
356 360 109.0
360 358 107.0
358 360 107.0
360 359 109.0
359 360 109.0
361 105 102.0
105 361 102.0
361 297 101.0
297 361 101.0
361 329 110.0
329 361 110.0
361 353 205.0
353 361 205.0
362 106 102.0
106 362 102.0
362 298 102.0
298 362 102.0
362 330 205.0
330 362 205.0
362 354 102.0
354 362 102.0
362 361 110.0
361 362 110.0
363 107 105.0
107 363 105.0
363 299 208.0
299 363 208.0
363 331 102.0
331 363 102.0
363 355 107.0
355 363 107.0
363 361 108.0
361 363 108.0
364 108 103.0
108 364 103.0
364 300 103.0
300 364 103.0
364 332 107.0
332 364 107.0
364 356 109.0
356 364 109.0
364 362 103.0
362 364 103.0
364 363 103.0
363 364 103.0
365 109 203.0
109 365 203.0
365 301 204.0
301 365 204.0
365 333 106.0
333 365 106.0
365 357 101.0
357 365 101.0
365 361 108.0
361 365 108.0
366 110 203.0
110 366 203.0
366 302 107.0
302 366 107.0
366 334 107.0
334 366 107.0
366 358 108.0
358 366 108.0
366 362 105.0
362 366 105.0
366 365 103.0
365 366 103.0
367 111 102.0
111 367 102.0
367 303 107.0
303 367 107.0
367 335 107.0
335 367 107.0
367 359 105.0
359 367 105.0
367 363 108.0
363 367 108.0
367 365 106.0
365 367 106.0
368 112 203.0
112 368 203.0
368 304 201.0
304 368 201.0
368 336 206.0
336 368 206.0
368 360 206.0
360 368 206.0
368 364 203.0
364 368 203.0
368 366 202.0
366 368 202.0
368 367 201.0
367 368 201.0
369 113 101.0
113 369 101.0
369 305 109.0
305 369 109.0
369 337 206.0
337 369 206.0
369 353 205.0
353 369 205.0
370 114 101.0
114 370 101.0
370 306 202.0
306 370 202.0
370 338 106.0
338 370 106.0
370 354 103.0
354 370 103.0
370 369 104.0
369 370 104.0
371 115 109.0
115 371 109.0
371 307 103.0
307 371 103.0
371 339 110.0
339 371 110.0
371 355 107.0
355 371 107.0
371 369 104.0
369 371 104.0
372 116 108.0
116 372 108.0
372 308 103.0
308 372 103.0
372 340 102.0
340 372 102.0
372 356 103.0
356 372 103.0
372 370 108.0
370 372 108.0
372 371 106.0
371 372 106.0
373 117 105.0
117 373 105.0
373 309 103.0
309 373 103.0
373 341 108.0
341 373 108.0
373 357 108.0
357 373 108.0
373 369 103.0
369 373 103.0
374 118 209.0
118 374 209.0
374 310 103.0
310 374 103.0
374 342 102.0
342 374 102.0
374 358 110.0
358 374 110.0
374 370 104.0
370 374 104.0
374 373 101.0
373 374 101.0
375 119 210.0
119 375 210.0
375 311 205.0
311 375 205.0
375 343 205.0
343 375 205.0
375 359 210.0
359 375 210.0
375 371 208.0
371 375 208.0
375 373 206.0
373 375 206.0
376 120 105.0
120 376 105.0
376 312 101.0
312 376 101.0
376 344 107.0
344 376 107.0
376 360 110.0
360 376 110.0
376 372 110.0
372 376 110.0
376 374 110.0
374 376 110.0
376 375 203.0
375 376 203.0
377 121 108.0
121 377 108.0
377 313 101.0
313 377 101.0
377 345 108.0
345 377 108.0
377 361 103.0
361 377 103.0
377 369 105.0
369 377 105.0
378 122 110.0
122 378 110.0
378 314 106.0
314 378 106.0
378 346 109.0
346 378 109.0
378 362 109.0
362 378 109.0
378 370 108.0
370 378 108.0
378 377 110.0
377 378 110.0
379 123 105.0
123 379 105.0
379 315 104.0
315 379 104.0
379 347 109.0
347 379 109.0
379 363 110.0
363 379 110.0
379 371 108.0
371 379 108.0
379 377 110.0
377 379 110.0
380 124 209.0
124 380 209.0
380 316 208.0
316 380 208.0
380 348 202.0
348 380 202.0
380 364 210.0
364 380 210.0
380 372 205.0
372 380 205.0
380 378 202.0
378 380 202.0
380 379 208.0
379 380 208.0
381 125 106.0
125 381 106.0
381 317 110.0
317 381 110.0
381 349 102.0
349 381 102.0
381 365 108.0
365 381 108.0
381 373 108.0
373 381 108.0
381 377 110.0
377 381 110.0
382 126 102.0
126 382 102.0
382 318 104.0
318 382 104.0
382 350 201.0
350 382 201.0
382 366 103.0
366 382 103.0
382 374 103.0
374 382 103.0
382 378 107.0
378 382 107.0
382 381 108.0
381 382 108.0
383 127 204.0
127 383 204.0
383 319 105.0
319 383 105.0
383 351 109.0
351 383 109.0
383 367 106.0
367 383 106.0
383 375 202.0
375 383 202.0
383 379 110.0
379 383 110.0
383 381 103.0
381 383 103.0
384 128 102.0
128 384 102.0
384 320 108.0
320 384 108.0
384 352 107.0
352 384 107.0
384 368 202.0
368 384 202.0
384 376 107.0
376 384 107.0
384 380 210.0
380 384 210.0
384 382 109.0
382 384 109.0
384 383 110.0
383 384 110.0
385 129 104.0
129 385 104.0
385 257 107.0
257 385 107.0
386 130 106.0
130 386 106.0
386 258 102.0
258 386 102.0
386 385 105.0
385 386 105.0
387 131 106.0
131 387 106.0
387 259 101.0
259 387 101.0
387 385 109.0
385 387 109.0
388 132 105.0
132 388 105.0
388 260 201.0
260 388 201.0
388 386 106.0
386 388 106.0
388 387 101.0
387 388 101.0
389 133 204.0
133 389 204.0
389 261 103.0
261 389 103.0
389 385 103.0
385 389 103.0
390 134 105.0
134 390 105.0
390 262 202.0
262 390 202.0
390 386 105.0
386 390 105.0
390 389 101.0
389 390 101.0
391 135 102.0
135 391 102.0
391 263 109.0
263 391 109.0
391 387 108.0
387 391 108.0
391 389 102.0
389 391 102.0
392 136 107.0
136 392 107.0
392 264 105.0
264 392 105.0
392 388 108.0
388 392 108.0
392 390 109.0
390 392 109.0
392 391 103.0
391 392 103.0
393 137 105.0
137 393 105.0
393 265 103.0
265 393 103.0
393 385 110.0
385 393 110.0
394 138 202.0
138 394 202.0
394 266 104.0
266 394 104.0
394 386 101.0
386 394 101.0
394 393 105.0
393 394 105.0
395 139 103.0
139 395 103.0
395 267 106.0
267 395 106.0
395 387 106.0
387 395 106.0
395 393 101.0
393 395 101.0
396 140 101.0
140 396 101.0
396 268 108.0
268 396 108.0
396 388 110.0
388 396 110.0
396 394 102.0
394 396 102.0
396 395 102.0
395 396 102.0
397 141 207.0
141 397 207.0
397 269 307.0
269 397 307.0
397 389 206.0
389 397 206.0
397 393 201.0
393 397 201.0
398 142 102.0
142 398 102.0
398 270 109.0
270 398 109.0
398 390 102.0
390 398 102.0
398 394 102.0
394 398 102.0
398 397 201.0
397 398 201.0
399 143 104.0
143 399 104.0
399 271 103.0
271 399 103.0
399 391 109.0
391 399 109.0
399 395 108.0
395 399 108.0
399 397 203.0
397 399 203.0
400 144 102.0
144 400 102.0
400 272 108.0
272 400 108.0
400 392 108.0
392 400 108.0
400 396 101.0
396 400 101.0
400 398 107.0
398 400 107.0
400 399 108.0
399 400 108.0
401 145 103.0
145 401 103.0
401 273 109.0
273 401 109.0
401 385 103.0
385 401 103.0
402 146 109.0
146 402 109.0
402 274 110.0
274 402 110.0
402 386 102.0
386 402 102.0
402 401 106.0
401 402 106.0
403 147 309.0
147 403 309.0
403 275 307.0
275 403 307.0
403 387 202.0
387 403 202.0
403 401 201.0
401 403 201.0
404 148 104.0
148 404 104.0
404 276 104.0
276 404 104.0
404 388 102.0
388 404 102.0
404 402 106.0
402 404 106.0
404 403 205.0
403 404 205.0
405 149 105.0
149 405 105.0
405 277 102.0
277 405 102.0
405 389 106.0
389 405 106.0
405 401 105.0
401 405 105.0
406 150 209.0
150 406 209.0
406 278 109.0
278 406 109.0
406 390 110.0
390 406 110.0
406 402 103.0
402 406 103.0
406 405 106.0
405 406 106.0
407 151 102.0
151 407 102.0
407 279 108.0
279 407 108.0
407 391 103.0
391 407 103.0
407 403 204.0
403 407 204.0
407 405 110.0
405 407 110.0
408 152 109.0
152 408 109.0
408 280 105.0
280 408 105.0
408 392 107.0
392 408 107.0
408 404 104.0
404 408 104.0
408 406 107.0
406 408 107.0
408 407 101.0
407 408 101.0
409 153 109.0
153 409 109.0
409 281 101.0
281 409 101.0
409 393 108.0
393 409 108.0
409 401 101.0
401 409 101.0
410 154 203.0
154 410 203.0
410 282 205.0
282 410 205.0
410 394 202.0
394 410 202.0
410 402 204.0
402 410 204.0
410 409 201.0
409 410 201.0
411 155 108.0
155 411 108.0
411 283 104.0
283 411 104.0
411 395 101.0
395 411 101.0
411 403 209.0
403 411 209.0
411 409 105.0
409 411 105.0
412 156 110.0
156 412 110.0
412 284 208.0
284 412 208.0
412 396 104.0
396 412 104.0
412 404 105.0
404 412 105.0
412 410 207.0
410 412 207.0
412 411 108.0
411 412 108.0
413 157 105.0
157 413 105.0
413 285 103.0
285 413 103.0
413 397 209.0
397 413 209.0
413 405 106.0
405 413 106.0
413 409 103.0
409 413 103.0
414 158 110.0
158 414 110.0
414 286 108.0
286 414 108.0
414 398 102.0
398 414 102.0
414 406 104.0
406 414 104.0
414 410 208.0
410 414 208.0
414 413 105.0
413 414 105.0
415 159 105.0
159 415 105.0
415 287 210.0
287 415 210.0
415 399 105.0
399 415 105.0
415 407 108.0
407 415 108.0
415 411 102.0
411 415 102.0
415 413 107.0
413 415 107.0
416 160 103.0
160 416 103.0
416 288 101.0
288 416 101.0
416 400 102.0
400 416 102.0
416 408 103.0
408 416 103.0
416 412 105.0
412 416 105.0
416 414 107.0
414 416 107.0
416 415 109.0
415 416 109.0
417 161 210.0
161 417 210.0
417 289 204.0
289 417 204.0
417 385 206.0
385 417 206.0
418 162 202.0
162 418 202.0
418 290 108.0
290 418 108.0
418 386 110.0
386 418 110.0
418 417 206.0
417 418 206.0
419 163 109.0
163 419 109.0
419 291 110.0
291 419 110.0
419 387 108.0
387 419 108.0
419 417 205.0
417 419 205.0
420 164 107.0
164 420 107.0
420 292 101.0
292 420 101.0
420 388 109.0
388 420 109.0
420 418 104.0
418 420 104.0
420 419 101.0
419 420 101.0
421 165 105.0
165 421 105.0
421 293 106.0
293 421 106.0
421 389 102.0
389 421 102.0
421 417 207.0
417 421 207.0
422 166 110.0
166 422 110.0
422 294 101.0
294 422 101.0
422 390 103.0
390 422 103.0
422 418 102.0
418 422 102.0
422 421 107.0
421 422 107.0
423 167 109.0
167 423 109.0
423 295 107.0
295 423 107.0
423 391 105.0
391 423 105.0
423 419 103.0
419 423 103.0
423 421 107.0
421 423 107.0
424 168 201.0
168 424 201.0
424 296 208.0
296 424 208.0
424 392 209.0
392 424 209.0
424 420 201.0
420 424 201.0
424 422 208.0
422 424 208.0
424 423 207.0
423 424 207.0
425 169 105.0
169 425 105.0
425 297 106.0
297 425 106.0
425 393 104.0
393 425 104.0
425 417 210.0
417 425 210.0
426 170 201.0
170 426 201.0
426 298 108.0
298 426 108.0
426 394 103.0
394 426 103.0
426 418 110.0
418 426 110.0
426 425 105.0
425 426 105.0
427 171 104.0
171 427 104.0
427 299 210.0
299 427 210.0
427 395 106.0
395 427 106.0
427 419 101.0
419 427 101.0
427 425 104.0
425 427 104.0
428 172 110.0
172 428 110.0
428 300 103.0
300 428 103.0
428 396 107.0
396 428 107.0
428 420 106.0
420 428 106.0
428 426 105.0
426 428 105.0
428 427 110.0
427 428 110.0
429 173 108.0
173 429 108.0
429 301 208.0
301 429 208.0
429 397 208.0
397 429 208.0
429 421 101.0
421 429 101.0
429 425 102.0
425 429 102.0
430 174 110.0
174 430 110.0
430 302 106.0
302 430 106.0
430 398 103.0
398 430 103.0
430 422 106.0
422 430 106.0
430 426 108.0
426 430 108.0
430 429 102.0
429 430 102.0
431 175 208.0
175 431 208.0
431 303 109.0
303 431 109.0
431 399 109.0
399 431 109.0
431 423 110.0
423 431 110.0
431 427 101.0
427 431 101.0
431 429 101.0
429 431 101.0
432 176 105.0
176 432 105.0
432 304 104.0
304 432 104.0
432 400 103.0
400 432 103.0
432 424 202.0
424 432 202.0
432 428 104.0
428 432 104.0
432 430 109.0
430 432 109.0
432 431 110.0
431 432 110.0
433 177 105.0
177 433 105.0
433 305 101.0
305 433 101.0
433 401 102.0
401 433 102.0
433 417 206.0
417 433 206.0
434 178 104.0
178 434 104.0
434 306 208.0
306 434 208.0
434 402 109.0
402 434 109.0
434 418 103.0
418 434 103.0
434 433 108.0
433 434 108.0
435 179 109.0
179 435 109.0
435 307 104.0
307 435 104.0
435 403 209.0
403 435 209.0
435 419 105.0
419 435 105.0
435 433 105.0
433 435 105.0
436 180 105.0
180 436 105.0
436 308 104.0
308 436 104.0
436 404 110.0
404 436 110.0
436 420 105.0
420 436 105.0
436 434 104.0
434 436 104.0
436 435 104.0
435 436 104.0
437 181 208.0
181 437 208.0
437 309 207.0
309 437 207.0
437 405 206.0
405 437 206.0
437 421 204.0
421 437 204.0
437 433 208.0
433 437 208.0
438 182 102.0
182 438 102.0
438 310 105.0
310 438 105.0
438 406 107.0
406 438 107.0
438 422 105.0
422 438 105.0
438 434 108.0
434 438 108.0
438 437 206.0
437 438 206.0
439 183 101.0
183 439 101.0
439 311 104.0
311 439 104.0
439 407 106.0
407 439 106.0
439 423 108.0
423 439 108.0
439 435 101.0
435 439 101.0
439 437 203.0
437 439 203.0
440 184 105.0
184 440 105.0
440 312 101.0
312 440 101.0
440 408 106.0
408 440 106.0
440 424 210.0
424 440 210.0
440 436 101.0
436 440 101.0
440 438 106.0
438 440 106.0
440 439 107.0
439 440 107.0
441 185 105.0
185 441 105.0
441 313 108.0
313 441 108.0
441 409 103.0
409 441 103.0
441 425 105.0
425 441 105.0
441 433 101.0
433 441 101.0
442 186 106.0
186 442 106.0
442 314 102.0
314 442 102.0
442 410 203.0
410 442 203.0
442 426 109.0
426 442 109.0
442 434 109.0
434 442 109.0
442 441 102.0
441 442 102.0
443 187 110.0
187 443 110.0
443 315 102.0
315 443 102.0
443 411 110.0
411 443 110.0
443 427 104.0
427 443 104.0
443 435 107.0
435 443 107.0
443 441 109.0
441 443 109.0
444 188 209.0
188 444 209.0
444 316 206.0
316 444 206.0
444 412 204.0
412 444 204.0
444 428 209.0
428 444 209.0
444 436 203.0
436 444 203.0
444 442 208.0
442 444 208.0
444 443 201.0
443 444 201.0
445 189 105.0
189 445 105.0
445 317 110.0
317 445 110.0
445 413 108.0
413 445 108.0
445 429 107.0
429 445 107.0
445 437 204.0
437 445 204.0
445 441 105.0
441 445 105.0
446 190 104.0
190 446 104.0
446 318 105.0
318 446 105.0
446 414 108.0
414 446 108.0
446 430 102.0
430 446 102.0
446 438 101.0
438 446 101.0
446 442 109.0
442 446 109.0
446 445 104.0
445 446 104.0
447 191 210.0
191 447 210.0
447 319 101.0
319 447 101.0
447 415 101.0
415 447 101.0
447 431 109.0
431 447 109.0
447 439 108.0
439 447 108.0
447 443 104.0
443 447 104.0
447 445 105.0
445 447 105.0
448 192 207.0
192 448 207.0
448 320 105.0
320 448 105.0
448 416 106.0
416 448 106.0
448 432 107.0
432 448 107.0
448 440 107.0
440 448 107.0
448 444 205.0
444 448 205.0
448 446 107.0
446 448 107.0
448 447 108.0
447 448 108.0
449 193 109.0
193 449 109.0
449 321 107.0
321 449 107.0
449 385 108.0
385 449 108.0
450 194 209.0
194 450 209.0
450 322 203.0
322 450 203.0
450 386 210.0
386 450 210.0
450 449 207.0
449 450 207.0
451 195 101.0
195 451 101.0
451 323 107.0
323 451 107.0
451 387 103.0
387 451 103.0
451 449 104.0
449 451 104.0
452 196 108.0
196 452 108.0
452 324 109.0
324 452 109.0
452 388 110.0
388 452 110.0
452 450 208.0
450 452 208.0
452 451 110.0
451 452 110.0
453 197 210.0
197 453 210.0
453 325 103.0
325 453 103.0
453 389 106.0
389 453 106.0
453 449 104.0
449 453 104.0
454 198 108.0
198 454 108.0
454 326 108.0
326 454 108.0
454 390 104.0
390 454 104.0
454 450 203.0
450 454 203.0
454 453 101.0
453 454 101.0
455 199 106.0
199 455 106.0
455 327 209.0
327 455 209.0
455 391 103.0
391 455 103.0
455 451 103.0
451 455 103.0
455 453 103.0
453 455 103.0
456 200 209.0
200 456 209.0
456 328 103.0
328 456 103.0
456 392 106.0
392 456 106.0
456 452 107.0
452 456 107.0
456 454 105.0
454 456 105.0
456 455 101.0
455 456 101.0
457 201 105.0
201 457 105.0
457 329 104.0
329 457 104.0
457 393 107.0
393 457 107.0
457 449 103.0
449 457 103.0
458 202 109.0
202 458 109.0
458 330 203.0
330 458 203.0
458 394 109.0
394 458 109.0
458 450 201.0
450 458 201.0
458 457 105.0
457 458 105.0
459 203 310.0
203 459 310.0
459 331 201.0
331 459 201.0
459 395 206.0
395 459 206.0
459 451 203.0
451 459 203.0
459 457 210.0
457 459 210.0
460 204 104.0
204 460 104.0
460 332 107.0
332 460 107.0
460 396 103.0
396 460 103.0
460 452 110.0
452 460 110.0
460 458 102.0
458 460 102.0
460 459 203.0
459 460 203.0
461 205 108.0
205 461 108.0
461 333 109.0
333 461 109.0
461 397 206.0
397 461 206.0
461 453 105.0
453 461 105.0
461 457 109.0
457 461 109.0
462 206 106.0
206 462 106.0
462 334 108.0
334 462 108.0
462 398 109.0
398 462 109.0
462 454 105.0
454 462 105.0
462 458 107.0
458 462 107.0
462 461 110.0
461 462 110.0
463 207 108.0
207 463 108.0
463 335 103.0
335 463 103.0
463 399 103.0
399 463 103.0
463 455 106.0
455 463 106.0
463 459 205.0
459 463 205.0
463 461 104.0
461 463 104.0
464 208 110.0
208 464 110.0
464 336 109.0
336 464 109.0
464 400 108.0
400 464 108.0
464 456 109.0
456 464 109.0
464 460 107.0
460 464 107.0
464 462 110.0
462 464 110.0
464 463 107.0
463 464 107.0
465 209 104.0
209 465 104.0
465 337 203.0
337 465 203.0
465 401 109.0
401 465 109.0
465 449 104.0
449 465 104.0
466 210 108.0
210 466 108.0
466 338 106.0
338 466 106.0
466 402 104.0
402 466 104.0
466 450 206.0
450 466 206.0
466 465 103.0
465 466 103.0
467 211 109.0
211 467 109.0
467 339 102.0
339 467 102.0
467 403 208.0
403 467 208.0
467 451 103.0
451 467 103.0
467 465 107.0
465 467 107.0
468 212 106.0
212 468 106.0
468 340 104.0
340 468 104.0
468 404 106.0
404 468 106.0
468 452 107.0
452 468 107.0
468 466 102.0
466 468 102.0
468 467 104.0
467 468 104.0
469 213 101.0
213 469 101.0
469 341 106.0
341 469 106.0
469 405 106.0
405 469 106.0
469 453 110.0
453 469 110.0
469 465 105.0
465 469 105.0
470 214 105.0
214 470 105.0
470 342 107.0
342 470 107.0
470 406 103.0
406 470 103.0
470 454 110.0
454 470 110.0
470 466 105.0
466 470 105.0
470 469 107.0
469 470 107.0
471 215 105.0
215 471 105.0
471 343 110.0
343 471 110.0
471 407 108.0
407 471 108.0
471 455 108.0
455 471 108.0
471 467 109.0
467 471 109.0
471 469 102.0
469 471 102.0
472 216 208.0
216 472 208.0
472 344 203.0
344 472 203.0
472 408 207.0
408 472 207.0
472 456 209.0
456 472 209.0
472 468 204.0
468 472 204.0
472 470 203.0
470 472 203.0
472 471 205.0
471 472 205.0
473 217 107.0
217 473 107.0
473 345 109.0
345 473 109.0
473 409 101.0
409 473 101.0
473 457 108.0
457 473 108.0
473 465 104.0
465 473 104.0
474 218 204.0
218 474 204.0
474 346 103.0
346 474 103.0
474 410 201.0
410 474 201.0
474 458 104.0
458 474 104.0
474 466 103.0
466 474 103.0
474 473 106.0
473 474 106.0
475 219 102.0
219 475 102.0
475 347 105.0
347 475 105.0
475 411 104.0
411 475 104.0
475 459 208.0
459 475 208.0
475 467 102.0
467 475 102.0
475 473 107.0
473 475 107.0
476 220 109.0
220 476 109.0
476 348 101.0
348 476 101.0
476 412 109.0
412 476 109.0
476 460 101.0
460 476 101.0
476 468 103.0
468 476 103.0
476 474 107.0
474 476 107.0
476 475 107.0
475 476 107.0
477 221 207.0
221 477 207.0
477 349 102.0
349 477 102.0
477 413 104.0
413 477 104.0
477 461 103.0
461 477 103.0
477 469 108.0
469 477 108.0
477 473 107.0
473 477 107.0
478 222 106.0
222 478 106.0
478 350 206.0
350 478 206.0
478 414 104.0
414 478 104.0
478 462 105.0
462 478 105.0
478 470 104.0
470 478 104.0
478 474 105.0
474 478 105.0
478 477 106.0
477 478 106.0
479 223 101.0
223 479 101.0
479 351 106.0
351 479 106.0
479 415 105.0
415 479 105.0
479 463 103.0
463 479 103.0
479 471 102.0
471 479 102.0
479 475 101.0
475 479 101.0
479 477 102.0
477 479 102.0
480 224 208.0
224 480 208.0
480 352 207.0
352 480 207.0
480 416 205.0
416 480 205.0
480 464 210.0
464 480 210.0
480 472 309.0
472 480 309.0
480 476 207.0
476 480 207.0
480 478 210.0
478 480 210.0
480 479 201.0
479 480 201.0
481 225 106.0
225 481 106.0
481 353 204.0
353 481 204.0
481 417 208.0
417 481 208.0
481 449 104.0
449 481 104.0
482 226 102.0
226 482 102.0
482 354 109.0
354 482 109.0
482 418 108.0
418 482 108.0
482 450 210.0
450 482 210.0
482 481 107.0
481 482 107.0
483 227 110.0
227 483 110.0
483 355 108.0
355 483 108.0
483 419 105.0
419 483 105.0
483 451 102.0
451 483 102.0
483 481 107.0
481 483 107.0
484 228 106.0
228 484 106.0
484 356 107.0
356 484 107.0
484 420 109.0
420 484 109.0
484 452 101.0
452 484 101.0
484 482 101.0
482 484 101.0
484 483 101.0
483 484 101.0
485 229 101.0
229 485 101.0
485 357 106.0
357 485 106.0
485 421 104.0
421 485 104.0
485 453 105.0
453 485 105.0
485 481 107.0
481 485 107.0
486 230 103.0
230 486 103.0
486 358 102.0
358 486 102.0
486 422 104.0
422 486 104.0
486 454 106.0
454 486 106.0
486 482 104.0
482 486 104.0
486 485 107.0
485 486 107.0
487 231 205.0
231 487 205.0
487 359 203.0
359 487 203.0
487 423 202.0
423 487 202.0
487 455 202.0
455 487 202.0
487 483 210.0
483 487 210.0
487 485 207.0
485 487 207.0
488 232 108.0
232 488 108.0
488 360 101.0
360 488 101.0
488 424 202.0
424 488 202.0
488 456 104.0
456 488 104.0
488 484 107.0
484 488 107.0
488 486 102.0
486 488 102.0
488 487 207.0
487 488 207.0
489 233 107.0
233 489 107.0
489 361 103.0
361 489 103.0
489 425 103.0
425 489 103.0
489 457 109.0
457 489 109.0
489 481 104.0
481 489 104.0
490 234 105.0
234 490 105.0
490 362 107.0
362 490 107.0
490 426 107.0
426 490 107.0
490 458 101.0
458 490 101.0
490 482 106.0
482 490 106.0
490 489 103.0
489 490 103.0
491 235 102.0
235 491 102.0
491 363 107.0
363 491 107.0
491 427 109.0
427 491 109.0
491 459 203.0
459 491 203.0
491 483 106.0
483 491 106.0
491 489 106.0
489 491 106.0
492 236 108.0
236 492 108.0
492 364 106.0
364 492 106.0
492 428 107.0
428 492 107.0
492 460 103.0
460 492 103.0
492 484 102.0
484 492 102.0
492 490 107.0
490 492 107.0
492 491 107.0
491 492 107.0
493 237 103.0
237 493 103.0
493 365 102.0
365 493 102.0
493 429 105.0
429 493 105.0
493 461 107.0
461 493 107.0
493 485 103.0
485 493 103.0
493 489 110.0
489 493 110.0
494 238 207.0
238 494 207.0
494 366 205.0
366 494 205.0
494 430 209.0
430 494 209.0
494 462 202.0
462 494 202.0
494 486 208.0
486 494 208.0
494 490 209.0
490 494 209.0
494 493 208.0
493 494 208.0
495 239 105.0
239 495 105.0
495 367 110.0
367 495 110.0
495 431 103.0
431 495 103.0
495 463 104.0
463 495 104.0
495 487 206.0
487 495 206.0
495 491 109.0
491 495 109.0
495 493 106.0
493 495 106.0
496 240 106.0
240 496 106.0
496 368 204.0
368 496 204.0
496 432 106.0
432 496 106.0
496 464 108.0
464 496 108.0
496 488 105.0
488 496 105.0
496 492 105.0
492 496 105.0
496 494 204.0
494 496 204.0
496 495 108.0
495 496 108.0
497 241 205.0
241 497 205.0
497 369 108.0
369 497 108.0
497 433 106.0
433 497 106.0
497 465 105.0
465 497 105.0
497 481 102.0
481 497 102.0
498 242 110.0
242 498 110.0
498 370 109.0
370 498 109.0
498 434 109.0
434 498 109.0
498 466 107.0
466 498 107.0
498 482 102.0
482 498 102.0
498 497 103.0
497 498 103.0
499 243 203.0
243 499 203.0
499 371 105.0
371 499 105.0
499 435 101.0
435 499 101.0
499 467 103.0
467 499 103.0
499 483 107.0
483 499 107.0
499 497 101.0
497 499 101.0
500 244 206.0
244 500 206.0
500 372 206.0
372 500 206.0
500 436 206.0
436 500 206.0
500 468 204.0
468 500 204.0
500 484 203.0
484 500 203.0
500 498 208.0
498 500 208.0
500 499 210.0
499 500 210.0
501 245 205.0
245 501 205.0
501 373 203.0
373 501 203.0
501 437 303.0
437 501 303.0
501 469 208.0
469 501 208.0
501 485 201.0
485 501 201.0
501 497 206.0
497 501 206.0
502 246 106.0
246 502 106.0
502 374 110.0
374 502 110.0
502 438 103.0
438 502 103.0
502 470 106.0
470 502 106.0
502 486 110.0
486 502 110.0
502 498 101.0
498 502 101.0
502 501 205.0
501 502 205.0
503 247 109.0
247 503 109.0
503 375 206.0
375 503 206.0
503 439 108.0
439 503 108.0
503 471 105.0
471 503 105.0
503 487 204.0
487 503 204.0
503 499 107.0
499 503 107.0
503 501 204.0
501 503 204.0
504 248 104.0
248 504 104.0
504 376 108.0
376 504 108.0
504 440 110.0
440 504 110.0
504 472 202.0
472 504 202.0
504 488 108.0
488 504 108.0
504 500 204.0
500 504 204.0
504 502 110.0
502 504 110.0
504 503 103.0
503 504 103.0
505 249 202.0
249 505 202.0
505 377 205.0
377 505 205.0
505 441 204.0
441 505 204.0
505 473 208.0
473 505 208.0
505 489 202.0
489 505 202.0
505 497 207.0
497 505 207.0
506 250 109.0
250 506 109.0
506 378 109.0
378 506 109.0
506 442 110.0
442 506 110.0
506 474 104.0
474 506 104.0
506 490 105.0
490 506 105.0
506 498 106.0
498 506 106.0
506 505 206.0
505 506 206.0
507 251 105.0
251 507 105.0
507 379 108.0
379 507 108.0
507 443 102.0
443 507 102.0
507 475 108.0
475 507 108.0
507 491 106.0
491 507 106.0
507 499 106.0
499 507 106.0
507 505 204.0
505 507 204.0
508 252 101.0
252 508 101.0
508 380 207.0
380 508 207.0
508 444 207.0
444 508 207.0
508 476 108.0
476 508 108.0
508 492 109.0
492 508 109.0
508 500 207.0
500 508 207.0
508 506 107.0
506 508 107.0
508 507 107.0
507 508 107.0
509 253 109.0
253 509 109.0
509 381 101.0
381 509 101.0
509 445 109.0
445 509 109.0
509 477 104.0
477 509 104.0
509 493 108.0
493 509 108.0
509 501 205.0
501 509 205.0
509 505 204.0
505 509 204.0
510 254 109.0
254 510 109.0
510 382 104.0
382 510 104.0
510 446 103.0
446 510 103.0
510 478 108.0
478 510 108.0
510 494 209.0
494 510 209.0
510 502 109.0
502 510 109.0
510 506 105.0
506 510 105.0
510 509 104.0
509 510 104.0
511 255 101.0
255 511 101.0
511 383 101.0
383 511 101.0
511 447 110.0
447 511 110.0
511 479 106.0
479 511 106.0
511 495 109.0
495 511 109.0
511 503 105.0
503 511 105.0
511 507 104.0
507 511 104.0
511 509 107.0
509 511 107.0
512 256 202.0
256 512 202.0
512 384 105.0
384 512 105.0
512 448 105.0
448 512 105.0
512 480 202.0
480 512 202.0
512 496 110.0
496 512 110.0
512 504 107.0
504 512 107.0
512 508 102.0
508 512 102.0
512 510 104.0
510 512 104.0
512 511 103.0
511 512 103.0
513 1 210.0
1 513 210.0
514 2 205.0
2 514 205.0
514 513 204.0
513 514 204.0
515 3 210.0
3 515 210.0
515 513 209.0
513 515 209.0
516 4 110.0
4 516 110.0
516 514 210.0
514 516 210.0
516 515 210.0
515 516 210.0
517 5 109.0
5 517 109.0
517 513 110.0
513 517 110.0
518 6 110.0
6 518 110.0
518 514 210.0
514 518 210.0
518 517 108.0
517 518 108.0
519 7 104.0
7 519 104.0
519 515 209.0
515 519 209.0
519 517 110.0
517 519 110.0
520 8 108.0
8 520 108.0
520 516 105.0
516 520 105.0
520 518 108.0
518 520 108.0
520 519 103.0
519 520 103.0
521 9 205.0
9 521 205.0
521 513 205.0
513 521 205.0
522 10 108.0
10 522 108.0
522 514 209.0
514 522 209.0
522 521 210.0
521 522 210.0
523 11 101.0
11 523 101.0
523 515 210.0
515 523 210.0
523 521 204.0
521 523 204.0
524 12 103.0
12 524 103.0
524 516 106.0
516 524 106.0
524 522 106.0
522 524 106.0
524 523 105.0
523 524 105.0
525 13 206.0
13 525 206.0
525 517 203.0
517 525 203.0
525 521 306.0
521 525 306.0
526 14 105.0
14 526 105.0
526 518 103.0
518 526 103.0
526 522 110.0
522 526 110.0
526 525 210.0
525 526 210.0
527 15 102.0
15 527 102.0
527 519 110.0
519 527 110.0
527 523 107.0
523 527 107.0
527 525 209.0
525 527 209.0
528 16 204.0
16 528 204.0
528 520 102.0
520 528 102.0
528 524 103.0
524 528 103.0
528 526 110.0
526 528 110.0
528 527 109.0
527 528 109.0
529 17 109.0
17 529 109.0
529 513 102.0
513 529 102.0
530 18 202.0
18 530 202.0
530 514 303.0
514 530 303.0
530 529 203.0
529 530 203.0
531 19 104.0
19 531 104.0
531 515 210.0
515 531 210.0
531 529 106.0
529 531 106.0
532 20 105.0
20 532 105.0
532 516 105.0
516 532 105.0
532 530 210.0
530 532 210.0
532 531 110.0
531 532 110.0
533 21 108.0
21 533 108.0
533 517 102.0
517 533 102.0
533 529 107.0
529 533 107.0
534 22 103.0
22 534 103.0
534 518 105.0
518 534 105.0
534 530 209.0
530 534 209.0
534 533 106.0
533 534 106.0
535 23 210.0
23 535 210.0
535 519 102.0
519 535 102.0
535 531 101.0
531 535 101.0
535 533 106.0
533 535 106.0
536 24 102.0
24 536 102.0
536 520 105.0
520 536 105.0
536 532 104.0
532 536 104.0
536 534 110.0
534 536 110.0
536 535 107.0
535 536 107.0
537 25 205.0
25 537 205.0
537 521 205.0
521 537 205.0
537 529 110.0
529 537 110.0
538 26 103.0
26 538 103.0
538 522 103.0
522 538 103.0
538 530 201.0
530 538 201.0
538 537 106.0
537 538 106.0
539 27 107.0
27 539 107.0
539 523 106.0
523 539 106.0
539 531 108.0
531 539 108.0
539 537 109.0
537 539 109.0
540 28 106.0
28 540 106.0
540 524 106.0
524 540 106.0
540 532 105.0
532 540 105.0
540 538 104.0
538 540 104.0
540 539 106.0
539 540 106.0
541 29 103.0
29 541 103.0
541 525 210.0
525 541 210.0
541 533 103.0
533 541 103.0
541 537 102.0
537 541 102.0
542 30 101.0
30 542 101.0
542 526 107.0
526 542 107.0
542 534 103.0
534 542 103.0
542 538 103.0
538 542 103.0
542 541 108.0
541 542 108.0
543 31 108.0
31 543 108.0
543 527 106.0
527 543 106.0
543 535 101.0
535 543 101.0
543 539 106.0
539 543 106.0
543 541 104.0
541 543 104.0
544 32 106.0
32 544 106.0
544 528 102.0
528 544 102.0
544 536 103.0
536 544 103.0
544 540 105.0
540 544 105.0
544 542 110.0
542 544 110.0
544 543 109.0
543 544 109.0
545 33 109.0
33 545 109.0
545 513 110.0
513 545 110.0
546 34 104.0
34 546 104.0
546 514 202.0
514 546 202.0
546 545 105.0
545 546 105.0
547 35 102.0
35 547 102.0
547 515 202.0
515 547 202.0
547 545 108.0
545 547 108.0
548 36 107.0
36 548 107.0
548 516 106.0
516 548 106.0
548 546 103.0
546 548 103.0
548 547 104.0
547 548 104.0
549 37 107.0
37 549 107.0
549 517 107.0
517 549 107.0
549 545 110.0
545 549 110.0
550 38 109.0
38 550 109.0
550 518 103.0
518 550 103.0
550 546 109.0
546 550 109.0
550 549 103.0
549 550 103.0
551 39 208.0
39 551 208.0
551 519 104.0
519 551 104.0
551 547 108.0
547 551 108.0
551 549 102.0
549 551 102.0
552 40 204.0
40 552 204.0
552 520 203.0
520 552 203.0
552 548 204.0
548 552 204.0
552 550 201.0
550 552 201.0
552 551 205.0
551 552 205.0
553 41 107.0
41 553 107.0
553 521 203.0
521 553 203.0
553 545 110.0
545 553 110.0
554 42 110.0
42 554 110.0
554 522 105.0
522 554 105.0
554 546 110.0
546 554 110.0
554 553 104.0
553 554 104.0
555 43 104.0
43 555 104.0
555 523 108.0
523 555 108.0
555 547 107.0
547 555 107.0
555 553 103.0
553 555 103.0
556 44 208.0
44 556 208.0
556 524 207.0
524 556 207.0
556 548 202.0
548 556 202.0
556 554 201.0
554 556 201.0
556 555 201.0
555 556 201.0
557 45 102.0
45 557 102.0
557 525 203.0
525 557 203.0
557 549 106.0
549 557 106.0
557 553 102.0
553 557 102.0
558 46 102.0
46 558 102.0
558 526 108.0
526 558 108.0
558 550 103.0
550 558 103.0
558 554 107.0
554 558 107.0
558 557 102.0
557 558 102.0
559 47 108.0
47 559 108.0
559 527 107.0
527 559 107.0
559 551 110.0
551 559 110.0
559 555 108.0
555 559 108.0
559 557 105.0
557 559 105.0
560 48 207.0
48 560 207.0
560 528 201.0
528 560 201.0
560 552 308.0
552 560 308.0
560 556 306.0
556 560 306.0
560 558 203.0
558 560 203.0
560 559 210.0
559 560 210.0
561 49 108.0
49 561 108.0
561 529 102.0
529 561 102.0
561 545 105.0
545 561 105.0
562 50 101.0
50 562 101.0
562 530 208.0
530 562 208.0
562 546 108.0
546 562 108.0
562 561 101.0
561 562 101.0
563 51 107.0
51 563 107.0
563 531 103.0
531 563 103.0
563 547 106.0
547 563 106.0
563 561 103.0
561 563 103.0
564 52 210.0
52 564 210.0
564 532 106.0
532 564 106.0
564 548 103.0
548 564 103.0
564 562 108.0
562 564 108.0
564 563 101.0
563 564 101.0
565 53 205.0
53 565 205.0
565 533 201.0
533 565 201.0
565 549 208.0
549 565 208.0
565 561 202.0
561 565 202.0
566 54 104.0
54 566 104.0
566 534 109.0
534 566 109.0
566 550 101.0
550 566 101.0
566 562 109.0
562 566 109.0
566 565 203.0
565 566 203.0
567 55 102.0
55 567 102.0
567 535 105.0
535 567 105.0
567 551 109.0
551 567 109.0
567 563 108.0
563 567 108.0
567 565 207.0
565 567 207.0
568 56 109.0
56 568 109.0
568 536 107.0
536 568 107.0
568 552 210.0
552 568 210.0
568 564 103.0
564 568 103.0
568 566 104.0
566 568 104.0
568 567 109.0
567 568 109.0
569 57 207.0
57 569 207.0
569 537 110.0
537 569 110.0
569 553 102.0
553 569 102.0
569 561 102.0
561 569 102.0
570 58 106.0
58 570 106.0
570 538 105.0
538 570 105.0
570 554 106.0
554 570 106.0
570 562 108.0
562 570 108.0
570 569 105.0
569 570 105.0
571 59 206.0
59 571 206.0
571 539 208.0
539 571 208.0
571 555 202.0
555 571 202.0
571 563 201.0
563 571 201.0
571 569 208.0
569 571 208.0
572 60 107.0
60 572 107.0
572 540 107.0
540 572 107.0
572 556 203.0
556 572 203.0
572 564 106.0
564 572 106.0
572 570 109.0
570 572 109.0
572 571 205.0
571 572 205.0
573 61 107.0
61 573 107.0
573 541 101.0
541 573 101.0
573 557 105.0
557 573 105.0
573 565 207.0
565 573 207.0
573 569 103.0
569 573 103.0
574 62 207.0
62 574 207.0
574 542 104.0
542 574 104.0
574 558 106.0
558 574 106.0
574 566 109.0
566 574 109.0
574 570 107.0
570 574 107.0
574 573 106.0
573 574 106.0
575 63 103.0
63 575 103.0
575 543 106.0
543 575 106.0
575 559 110.0
559 575 110.0
575 567 103.0
567 575 103.0
575 571 203.0
571 575 203.0
575 573 105.0
573 575 105.0
576 64 102.0
64 576 102.0
576 544 103.0
544 576 103.0
576 560 208.0
560 576 208.0
576 568 101.0
568 576 101.0
576 572 102.0
572 576 102.0
576 574 101.0
574 576 101.0
576 575 106.0
575 576 106.0
577 65 104.0
65 577 104.0
577 513 107.0
513 577 107.0
578 66 201.0
66 578 201.0
578 514 308.0
514 578 308.0
578 577 204.0
577 578 204.0
579 67 102.0
67 579 102.0
579 515 208.0
515 579 208.0
579 577 105.0
577 579 105.0
580 68 106.0
68 580 106.0
580 516 110.0
516 580 110.0
580 578 209.0
578 580 209.0
580 579 109.0
579 580 109.0
581 69 108.0
69 581 108.0
581 517 107.0
517 581 107.0
581 577 103.0
577 581 103.0
582 70 108.0
70 582 108.0
582 518 103.0
518 582 103.0
582 578 210.0
578 582 210.0
582 581 109.0
581 582 109.0
583 71 105.0
71 583 105.0
583 519 101.0
519 583 101.0
583 579 103.0
579 583 103.0
583 581 108.0
581 583 108.0
584 72 102.0
72 584 102.0
584 520 110.0
520 584 110.0
584 580 103.0
580 584 103.0
584 582 108.0
582 584 108.0
584 583 110.0
583 584 110.0
585 73 107.0
73 585 107.0
585 521 201.0
521 585 201.0
585 577 103.0
577 585 103.0
586 74 101.0
74 586 101.0
586 522 104.0
522 586 104.0
586 578 210.0
578 586 210.0
586 585 102.0
585 586 102.0
587 75 201.0
75 587 201.0
587 523 109.0
523 587 109.0
587 579 102.0
579 587 102.0
587 585 107.0
585 587 107.0
588 76 209.0
76 588 209.0
588 524 210.0
524 588 210.0
588 580 202.0
580 588 202.0
588 586 204.0
586 588 204.0
588 587 209.0
587 588 209.0
589 77 103.0
77 589 103.0
589 525 203.0
525 589 203.0
589 581 110.0
581 589 110.0
589 585 108.0
585 589 108.0
590 78 106.0
78 590 106.0
590 526 105.0
526 590 105.0
590 582 102.0
582 590 102.0
590 586 102.0
586 590 102.0
590 589 102.0
589 590 102.0
591 79 106.0
79 591 106.0
591 527 101.0
527 591 101.0
591 583 104.0
583 591 104.0
591 587 104.0
587 591 104.0
591 589 105.0
589 591 105.0
592 80 108.0
80 592 108.0
592 528 107.0
528 592 107.0
592 584 107.0
584 592 107.0
592 588 203.0
588 592 203.0
592 590 106.0
590 592 106.0
592 591 106.0
591 592 106.0
593 81 108.0
81 593 108.0
593 529 105.0
529 593 105.0
593 577 104.0
577 593 104.0
594 82 107.0
82 594 107.0
594 530 208.0
530 594 208.0
594 578 204.0
578 594 204.0
594 593 106.0
593 594 106.0
595 83 106.0
83 595 106.0
595 531 106.0
531 595 106.0
595 579 106.0
579 595 106.0
595 593 101.0
593 595 101.0
596 84 203.0
84 596 203.0
596 532 110.0
532 596 110.0
596 580 101.0
580 596 101.0
596 594 107.0
594 596 107.0
596 595 101.0
595 596 101.0
597 85 205.0
85 597 205.0
597 533 201.0
533 597 201.0
597 581 201.0
581 597 201.0
597 593 201.0
593 597 201.0
598 86 107.0
86 598 107.0
598 534 106.0
534 598 106.0
598 582 106.0
582 598 106.0
598 594 110.0
594 598 110.0
598 597 204.0
597 598 204.0
599 87 102.0
87 599 102.0
599 535 108.0
535 599 108.0
599 583 110.0
583 599 110.0
599 595 105.0
595 599 105.0
599 597 207.0
597 599 207.0
600 88 109.0
88 600 109.0
600 536 104.0
536 600 104.0
600 584 108.0
584 600 108.0
600 596 109.0
596 600 109.0
600 598 106.0
598 600 106.0
600 599 110.0
599 600 110.0
601 89 103.0
89 601 103.0
601 537 108.0
537 601 108.0
601 585 105.0
585 601 105.0
601 593 108.0
593 601 108.0
602 90 108.0
90 602 108.0
602 538 108.0
538 602 108.0
602 586 109.0
586 602 109.0
602 594 102.0
594 602 102.0
602 601 110.0
601 602 110.0
603 91 103.0
91 603 103.0
603 539 106.0
539 603 106.0
603 587 105.0
587 603 105.0
603 595 106.0
595 603 106.0
603 601 105.0
601 603 105.0
604 92 103.0
92 604 103.0
604 540 102.0
540 604 102.0
604 588 209.0
588 604 209.0
604 596 107.0
596 604 107.0
604 602 108.0
602 604 108.0
604 603 110.0
603 604 110.0
605 93 106.0
93 605 106.0
605 541 110.0
541 605 110.0
605 589 101.0
589 605 101.0
605 597 203.0
597 605 203.0
605 601 101.0
601 605 101.0
606 94 103.0
94 606 103.0
606 542 102.0
542 606 102.0
606 590 108.0
590 606 108.0
606 598 105.0
598 606 105.0
606 602 109.0
602 606 109.0
606 605 109.0
605 606 109.0
607 95 109.0
95 607 109.0
607 543 101.0
543 607 101.0
607 591 106.0
591 607 106.0
607 599 105.0
599 607 105.0
607 603 103.0
603 607 103.0
607 605 106.0
605 607 106.0
608 96 202.0
96 608 202.0
608 544 210.0
544 608 210.0
608 592 201.0
592 608 201.0
608 600 206.0
600 608 206.0
608 604 202.0
604 608 202.0
608 606 207.0
606 608 207.0
608 607 208.0
607 608 208.0
609 97 107.0
97 609 107.0
609 545 108.0
545 609 108.0
609 577 105.0
577 609 105.0
610 98 107.0
98 610 107.0
610 546 106.0
546 610 106.0
610 578 204.0
578 610 204.0
610 609 102.0
609 610 102.0
611 99 108.0
99 611 108.0
611 547 109.0
547 611 109.0
611 579 109.0
579 611 109.0
611 609 106.0
609 611 106.0
612 100 208.0
100 612 208.0
612 548 104.0
548 612 104.0
612 580 101.0
580 612 101.0
612 610 102.0
610 612 102.0
612 611 109.0
611 612 109.0
613 101 109.0
101 613 109.0
613 549 107.0
549 613 107.0
613 581 105.0
581 613 105.0
613 609 104.0
609 613 104.0
614 102 203.0
102 614 203.0
614 550 106.0
550 614 106.0
614 582 103.0
582 614 103.0
614 610 105.0
610 614 105.0
614 613 106.0
613 614 106.0
615 103 109.0
103 615 109.0
615 551 103.0
551 615 103.0
615 583 101.0
583 615 101.0
615 611 105.0
611 615 105.0
615 613 105.0
613 615 105.0
616 104 108.0
104 616 108.0
616 552 210.0
552 616 210.0
616 584 107.0
584 616 107.0
616 612 101.0
612 616 101.0
616 614 101.0
614 616 101.0
616 615 106.0
615 616 106.0
617 105 203.0
105 617 203.0
617 553 201.0
553 617 201.0
617 585 205.0
585 617 205.0
617 609 201.0
609 617 201.0
618 106 105.0
106 618 105.0
618 554 106.0
554 618 106.0
618 586 105.0
586 618 105.0
618 610 106.0
610 618 106.0
618 617 204.0
617 618 204.0
619 107 110.0
107 619 110.0
619 555 108.0
555 619 108.0
619 587 107.0
587 619 107.0
619 611 102.0
611 619 102.0
619 617 201.0
617 619 201.0
620 108 101.0
108 620 101.0
620 556 206.0
556 620 206.0
620 588 206.0
588 620 206.0
620 612 104.0
612 620 104.0
620 618 109.0
618 620 109.0
620 619 103.0
619 620 103.0
621 109 201.0
109 621 201.0
621 557 108.0
557 621 108.0
621 589 108.0
589 621 108.0
621 613 110.0
613 621 110.0
621 617 209.0
617 621 209.0
622 110 201.0
110 622 201.0
622 558 109.0
558 622 109.0
622 590 101.0
590 622 101.0
622 614 106.0
614 622 106.0
622 618 106.0
618 622 106.0
622 621 110.0
621 622 110.0
623 111 201.0
111 623 201.0
623 559 209.0
559 623 209.0
623 591 206.0
591 623 206.0
623 615 208.0
615 623 208.0
623 619 208.0
619 623 208.0
623 621 204.0
621 623 204.0
624 112 108.0
112 624 108.0
624 560 203.0
560 624 203.0
624 592 110.0
592 624 110.0
624 616 109.0
616 624 109.0
624 620 101.0
620 624 101.0
624 622 105.0
622 624 105.0
624 623 205.0
623 624 205.0
625 113 101.0
113 625 101.0
625 561 104.0
561 625 104.0
625 593 109.0
593 625 109.0
625 609 110.0
609 625 110.0
626 114 108.0
114 626 108.0
626 562 103.0
562 626 103.0
626 594 108.0
594 626 108.0
626 610 105.0
610 626 105.0
626 625 101.0
625 626 101.0
627 115 202.0
115 627 202.0
627 563 209.0
563 627 209.0
627 595 208.0
595 627 208.0
627 611 202.0
611 627 202.0
627 625 205.0
625 627 205.0
628 116 110.0
116 628 110.0
628 564 102.0
564 628 102.0
628 596 103.0
596 628 103.0
628 612 106.0
612 628 106.0
628 626 109.0
626 628 109.0
628 627 210.0
627 628 210.0
629 117 101.0
117 629 101.0
629 565 206.0
565 629 206.0
629 597 206.0
597 629 206.0
629 613 102.0
613 629 102.0
629 625 109.0
625 629 109.0
630 118 208.0
118 630 208.0
630 566 102.0
566 630 102.0
630 598 110.0
598 630 110.0
630 614 103.0
614 630 103.0
630 626 107.0
626 630 107.0
630 629 110.0
629 630 110.0
631 119 107.0
119 631 107.0
631 567 105.0
567 631 105.0
631 599 101.0
599 631 101.0
631 615 104.0
615 631 104.0
631 627 208.0
627 631 208.0
631 629 102.0
629 631 102.0
632 120 108.0
120 632 108.0
632 568 103.0
568 632 103.0
632 600 110.0
600 632 110.0
632 616 103.0
616 632 103.0
632 628 108.0
628 632 108.0
632 630 109.0
630 632 109.0
632 631 109.0
631 632 109.0
633 121 110.0
121 633 110.0
633 569 106.0
569 633 106.0
633 601 105.0
601 633 105.0
633 617 208.0
617 633 208.0
633 625 102.0
625 633 102.0
634 122 207.0
122 634 207.0
634 570 204.0
570 634 204.0
634 602 203.0
602 634 203.0
634 618 209.0
618 634 209.0
634 626 208.0
626 634 208.0
634 633 208.0
633 634 208.0
635 123 110.0
123 635 110.0
635 571 207.0
571 635 207.0
635 603 101.0
603 635 101.0
635 619 101.0
619 635 101.0
635 627 202.0
627 635 202.0
635 633 102.0
633 635 102.0
636 124 102.0
124 636 102.0
636 572 108.0
572 636 108.0
636 604 109.0
604 636 109.0
636 620 107.0
620 636 107.0
636 628 104.0
628 636 104.0
636 634 204.0
634 636 204.0
636 635 103.0
635 636 103.0
637 125 109.0
125 637 109.0
637 573 105.0
573 637 105.0
637 605 108.0
605 637 108.0
637 621 101.0
621 637 101.0
637 629 110.0
629 637 110.0
637 633 107.0
633 637 107.0
638 126 102.0
126 638 102.0
638 574 103.0
574 638 103.0
638 606 105.0
606 638 105.0
638 622 104.0
622 638 104.0
638 630 104.0
630 638 104.0
638 634 210.0
634 638 210.0
638 637 103.0
637 638 103.0
639 127 207.0
127 639 207.0
639 575 108.0
575 639 108.0
639 607 110.0
607 639 110.0
639 623 206.0
623 639 206.0
639 631 107.0
631 639 107.0
639 635 105.0
635 639 105.0
639 637 103.0
637 639 103.0
640 128 109.0
128 640 109.0
640 576 104.0
576 640 104.0
640 608 203.0
608 640 203.0
640 624 103.0
624 640 103.0
640 632 103.0
632 640 103.0
640 636 106.0
636 640 106.0
640 638 109.0
638 640 109.0
640 639 101.0
639 640 101.0
641 129 105.0
129 641 105.0
641 513 101.0
513 641 101.0
642 130 101.0
130 642 101.0
642 514 203.0
514 642 203.0
642 641 106.0
641 642 106.0
643 131 110.0
131 643 110.0
643 515 205.0
515 643 205.0
643 641 103.0
641 643 103.0
644 132 210.0
132 644 210.0
644 516 207.0
516 644 207.0
644 642 201.0
642 644 201.0
644 643 209.0
643 644 209.0
645 133 208.0
133 645 208.0
645 517 103.0
517 645 103.0
645 641 105.0
641 645 105.0
646 134 101.0
134 646 101.0
646 518 109.0
518 646 109.0
646 642 102.0
642 646 102.0
646 645 105.0
645 646 105.0
647 135 102.0
135 647 102.0
647 519 110.0
519 647 110.0
647 643 101.0
643 647 101.0
647 645 104.0
645 647 104.0
648 136 110.0
136 648 110.0
648 520 101.0
520 648 101.0
648 644 205.0
644 648 205.0
648 646 110.0
646 648 110.0
648 647 107.0
647 648 107.0
649 137 109.0
137 649 109.0
649 521 203.0
521 649 203.0
649 641 105.0
641 649 105.0
650 138 206.0
138 650 206.0
650 522 110.0
522 650 110.0
650 642 104.0
642 650 104.0
650 649 104.0
649 650 104.0
651 139 104.0
139 651 104.0
651 523 102.0
523 651 102.0
651 643 109.0
643 651 109.0
651 649 106.0
649 651 106.0
652 140 108.0
140 652 108.0
652 524 103.0
524 652 103.0
652 644 206.0
644 652 206.0
652 650 110.0
650 652 110.0
652 651 101.0
651 652 101.0
653 141 105.0
141 653 105.0
653 525 207.0
525 653 207.0
653 645 110.0
645 653 110.0
653 649 107.0
649 653 107.0
654 142 102.0
142 654 102.0
654 526 104.0
526 654 104.0
654 646 101.0
646 654 101.0
654 650 101.0
650 654 101.0
654 653 104.0
653 654 104.0
655 143 103.0
143 655 103.0
655 527 106.0
527 655 106.0
655 647 108.0
647 655 108.0
655 651 109.0
651 655 109.0
655 653 103.0
653 655 103.0
656 144 103.0
144 656 103.0
656 528 103.0
528 656 103.0
656 648 104.0
648 656 104.0
656 652 102.0
652 656 102.0
656 654 104.0
654 656 104.0
656 655 105.0
655 656 105.0
657 145 206.0
145 657 206.0
657 529 207.0
529 657 207.0
657 641 207.0
641 657 207.0
658 146 107.0
146 658 107.0
658 530 208.0
530 658 208.0
658 642 104.0
642 658 104.0
658 657 204.0
657 658 204.0
659 147 204.0
147 659 204.0
659 531 104.0
531 659 104.0
659 643 104.0
643 659 104.0
659 657 208.0
657 659 208.0
660 148 104.0
148 660 104.0
660 532 104.0
532 660 104.0
660 644 204.0
644 660 204.0
660 658 109.0
658 660 109.0
660 659 110.0
659 660 110.0
661 149 105.0
149 661 105.0
661 533 105.0
533 661 105.0
661 645 103.0
645 661 103.0
661 657 206.0
657 661 206.0
662 150 207.0
150 662 207.0
662 534 107.0
534 662 107.0
662 646 104.0
646 662 104.0
662 658 104.0
658 662 104.0
662 661 103.0
661 662 103.0
663 151 102.0
151 663 102.0
663 535 101.0
535 663 101.0
663 647 106.0
647 663 106.0
663 659 105.0
659 663 105.0
663 661 106.0
661 663 106.0
664 152 103.0
152 664 103.0
664 536 110.0
536 664 110.0
664 648 103.0
648 664 103.0
664 660 101.0
660 664 101.0
664 662 102.0
662 664 102.0
664 663 102.0
663 664 102.0
665 153 104.0
153 665 104.0
665 537 102.0
537 665 102.0
665 649 102.0
649 665 102.0
665 657 208.0
657 665 208.0
666 154 106.0
154 666 106.0
666 538 110.0
538 666 110.0
666 650 108.0
650 666 108.0
666 658 110.0
658 666 110.0
666 665 103.0
665 666 103.0
667 155 103.0
155 667 103.0
667 539 108.0
539 667 108.0
667 651 108.0
651 667 108.0
667 659 104.0
659 667 104.0
667 665 109.0
665 667 109.0
668 156 202.0
156 668 202.0
668 540 201.0
540 668 201.0
668 652 202.0
652 668 202.0
668 660 208.0
660 668 208.0
668 666 209.0
666 668 209.0
668 667 203.0
667 668 203.0
669 157 101.0
157 669 101.0
669 541 101.0
541 669 101.0
669 653 101.0
653 669 101.0
669 661 105.0
661 669 105.0
669 665 107.0
665 669 107.0
670 158 103.0
158 670 103.0
670 542 104.0
542 670 104.0
670 654 103.0
654 670 103.0
670 662 109.0
662 670 109.0
670 666 102.0
666 670 102.0
670 669 109.0
669 670 109.0
671 159 208.0
159 671 208.0
671 543 208.0
543 671 208.0
671 655 201.0
655 671 201.0
671 663 201.0
663 671 201.0
671 667 206.0
667 671 206.0
671 669 210.0
669 671 210.0
672 160 109.0
160 672 109.0
672 544 109.0
544 672 109.0
672 656 105.0
656 672 105.0
672 664 110.0
664 672 110.0
672 668 206.0
668 672 206.0
672 670 104.0
670 672 104.0
672 671 206.0
671 672 206.0
673 161 110.0
161 673 110.0
673 545 108.0
545 673 108.0
673 641 105.0
641 673 105.0
674 162 301.0
162 674 301.0
674 546 205.0
546 674 205.0
674 642 201.0
642 674 201.0
674 673 203.0
673 674 203.0
675 163 203.0
163 675 203.0
675 547 201.0
547 675 201.0
675 643 206.0
643 675 206.0
675 673 204.0
673 675 204.0
676 164 105.0
164 676 105.0
676 548 108.0
548 676 108.0
676 644 204.0
644 676 204.0
676 674 205.0
674 676 205.0
676 675 201.0
675 676 201.0
677 165 109.0
165 677 109.0
677 549 105.0
549 677 105.0
677 645 101.0
645 677 101.0
677 673 110.0
673 677 110.0
678 166 107.0
166 678 107.0
678 550 105.0
550 678 105.0
678 646 102.0
646 678 102.0
678 674 204.0
674 678 204.0
678 677 106.0
677 678 106.0
679 167 102.0
167 679 102.0
679 551 103.0
551 679 103.0
679 647 105.0
647 679 105.0
679 675 210.0
675 679 210.0
679 677 110.0
677 679 110.0
680 168 109.0
168 680 109.0
680 552 203.0
552 680 203.0
680 648 109.0
648 680 109.0
680 676 102.0
676 680 102.0
680 678 102.0
678 680 102.0
680 679 109.0
679 680 109.0
681 169 105.0
169 681 105.0
681 553 102.0
553 681 102.0
681 649 101.0
649 681 101.0
681 673 106.0
673 681 106.0
682 170 209.0
170 682 209.0
682 554 107.0
554 682 107.0
682 650 108.0
650 682 108.0
682 674 204.0
674 682 204.0
682 681 108.0
681 682 108.0
683 171 105.0
171 683 105.0
683 555 105.0
555 683 105.0
683 651 104.0
651 683 104.0
683 675 209.0
675 683 209.0
683 681 104.0
681 683 104.0
684 172 107.0
172 684 107.0
684 556 201.0
556 684 201.0
684 652 102.0
652 684 102.0
684 676 104.0
676 684 104.0
684 682 108.0
682 684 108.0
684 683 106.0
683 684 106.0
685 173 109.0
173 685 109.0
685 557 105.0
557 685 105.0
685 653 110.0
653 685 110.0
685 677 105.0
677 685 105.0
685 681 101.0
681 685 101.0
686 174 109.0
174 686 109.0
686 558 110.0
558 686 110.0
686 654 110.0
654 686 110.0
686 678 110.0
678 686 110.0
686 682 105.0
682 686 105.0
686 685 101.0
685 686 101.0
687 175 205.0
175 687 205.0
687 559 110.0
559 687 110.0
687 655 105.0
655 687 105.0
687 679 109.0
679 687 109.0
687 683 107.0
683 687 107.0
687 685 104.0
685 687 104.0
688 176 106.0
176 688 106.0
688 560 202.0
560 688 202.0
688 656 109.0
656 688 109.0
688 680 109.0
680 688 109.0
688 684 109.0
684 688 109.0
688 686 109.0
686 688 109.0
688 687 107.0
687 688 107.0
689 177 109.0
177 689 109.0
689 561 101.0
561 689 101.0
689 657 210.0
657 689 210.0
689 673 102.0
673 689 102.0
690 178 110.0
178 690 110.0
690 562 101.0
562 690 101.0
690 658 107.0
658 690 107.0
690 674 203.0
674 690 203.0
690 689 106.0
689 690 106.0
691 179 104.0
179 691 104.0
691 563 106.0
563 691 106.0
691 659 109.0
659 691 109.0
691 675 203.0
675 691 203.0
691 689 107.0
689 691 107.0
692 180 110.0
180 692 110.0
692 564 107.0
564 692 107.0
692 660 101.0
660 692 101.0
692 676 106.0
676 692 106.0
692 690 110.0
690 692 110.0
692 691 109.0
691 692 109.0
693 181 108.0
181 693 108.0
693 565 204.0
565 693 204.0
693 661 108.0
661 693 108.0
693 677 108.0
677 693 108.0
693 689 106.0
689 693 106.0
694 182 107.0
182 694 107.0
694 566 106.0
566 694 106.0
694 662 106.0
662 694 106.0
694 678 106.0
678 694 106.0
694 690 103.0
690 694 103.0
694 693 104.0
693 694 104.0
695 183 102.0
183 695 102.0
695 567 106.0
567 695 106.0
695 663 107.0
663 695 107.0
695 679 103.0
679 695 103.0
695 691 108.0
691 695 108.0
695 693 104.0
693 695 104.0
696 184 207.0
184 696 207.0
696 568 207.0
568 696 207.0
696 664 206.0
664 696 206.0
696 680 210.0
680 696 210.0
696 692 206.0
692 696 206.0
696 694 201.0
694 696 201.0
696 695 205.0
695 696 205.0
697 185 106.0
185 697 106.0
697 569 104.0
569 697 104.0
697 665 101.0
665 697 101.0
697 681 103.0
681 697 103.0
697 689 107.0
689 697 107.0
698 186 103.0
186 698 103.0
698 570 101.0
570 698 101.0
698 666 103.0
666 698 103.0
698 682 104.0
682 698 104.0
698 690 106.0
690 698 106.0
698 697 107.0
697 698 107.0
699 187 106.0
187 699 106.0
699 571 209.0
571 699 209.0
699 667 106.0
667 699 106.0
699 683 101.0
683 699 101.0
699 691 104.0
691 699 104.0
699 697 103.0
697 699 103.0
700 188 104.0
188 700 104.0
700 572 106.0
572 700 106.0
700 668 202.0
668 700 202.0
700 684 110.0
684 700 110.0
700 692 105.0
692 700 105.0
700 698 110.0
698 700 110.0
700 699 105.0
699 700 105.0
701 189 107.0
189 701 107.0
701 573 103.0
573 701 103.0
701 669 105.0
669 701 105.0
701 685 101.0
685 701 101.0
701 693 109.0
693 701 109.0
701 697 110.0
697 701 110.0
702 190 204.0
190 702 204.0
702 574 207.0
574 702 207.0
702 670 202.0
670 702 202.0
702 686 210.0
686 702 210.0
702 694 203.0
694 702 203.0
702 698 206.0
698 702 206.0
702 701 204.0
701 702 204.0
703 191 205.0
191 703 205.0
703 575 106.0
575 703 106.0
703 671 205.0
671 703 205.0
703 687 101.0
687 703 101.0
703 695 110.0
695 703 110.0
703 699 104.0
699 703 104.0
703 701 106.0
701 703 106.0
704 192 208.0
192 704 208.0
704 576 105.0
576 704 105.0
704 672 110.0
672 704 110.0
704 688 110.0
688 704 110.0
704 696 208.0
696 704 208.0
704 700 103.0
700 704 103.0
704 702 206.0
702 704 206.0
704 703 104.0
703 704 104.0
705 193 109.0
193 705 109.0
705 577 105.0
577 705 105.0
705 641 107.0
641 705 107.0
706 194 108.0
194 706 108.0
706 578 209.0
578 706 209.0
706 642 105.0
642 706 105.0
706 705 103.0
705 706 103.0
707 195 103.0
195 707 103.0
707 579 109.0
579 707 109.0
707 643 108.0
643 707 108.0
707 705 110.0
705 707 110.0
708 196 109.0
196 708 109.0
708 580 102.0
580 708 102.0
708 644 206.0
644 708 206.0
708 706 108.0
706 708 108.0
708 707 106.0
707 708 106.0
709 197 204.0
197 709 204.0
709 581 103.0
581 709 103.0
709 645 110.0
645 709 110.0
709 705 104.0
705 709 104.0
710 198 106.0
198 710 106.0
710 582 101.0
582 710 101.0
710 646 104.0
646 710 104.0
710 706 106.0
706 710 106.0
710 709 107.0
709 710 107.0
711 199 108.0
199 711 108.0
711 583 102.0
583 711 102.0
711 647 108.0
647 711 108.0
711 707 101.0
707 711 101.0
711 709 109.0
709 711 109.0
712 200 204.0
200 712 204.0
712 584 107.0
584 712 107.0
712 648 105.0
648 712 105.0
712 708 102.0
708 712 102.0
712 710 110.0
710 712 110.0
712 711 105.0
711 712 105.0
713 201 102.0
201 713 102.0
713 585 102.0
585 713 102.0
713 649 108.0
649 713 108.0
713 705 108.0
705 713 108.0
714 202 101.0
202 714 101.0
714 586 108.0
586 714 108.0
714 650 106.0
650 714 106.0
714 706 106.0
706 714 106.0
714 713 108.0
713 714 108.0
715 203 309.0
203 715 309.0
715 587 204.0
587 715 204.0
715 651 204.0
651 715 204.0
715 707 205.0
707 715 205.0
715 713 207.0
713 715 207.0
716 204 103.0
204 716 103.0
716 588 203.0
588 716 203.0
716 652 105.0
652 716 105.0
716 708 108.0
708 716 108.0
716 714 102.0
714 716 102.0
716 715 204.0
715 716 204.0
717 205 106.0
205 717 106.0
717 589 103.0
589 717 103.0
717 653 107.0
653 717 107.0
717 709 108.0
709 717 108.0
717 713 104.0
713 717 104.0
718 206 203.0
206 718 203.0
718 590 210.0
590 718 210.0
718 654 206.0
654 718 206.0
718 710 205.0
710 718 205.0
718 714 209.0
714 718 209.0
718 717 206.0
717 718 206.0
719 207 108.0
207 719 108.0
719 591 105.0
591 719 105.0
719 655 102.0
655 719 102.0
719 711 105.0
711 719 105.0
719 715 204.0
715 719 204.0
719 717 104.0
717 719 104.0
720 208 103.0
208 720 103.0
720 592 104.0
592 720 104.0
720 656 109.0
656 720 109.0
720 712 110.0
712 720 110.0
720 716 109.0
716 720 109.0
720 718 210.0
718 720 210.0
720 719 109.0
719 720 109.0
721 209 104.0
209 721 104.0
721 593 110.0
593 721 110.0
721 657 206.0
657 721 206.0
721 705 105.0
705 721 105.0
722 210 110.0
210 722 110.0
722 594 109.0
594 722 109.0
722 658 108.0
658 722 108.0
722 706 101.0
706 722 101.0
722 721 104.0
721 722 104.0
723 211 106.0
211 723 106.0
723 595 106.0
595 723 106.0
723 659 102.0
659 723 102.0
723 707 107.0
707 723 107.0
723 721 110.0
721 723 110.0
724 212 105.0
212 724 105.0
724 596 107.0
596 724 107.0
724 660 107.0
660 724 107.0
724 708 101.0
708 724 101.0
724 722 109.0
722 724 109.0
724 723 104.0
723 724 104.0
725 213 101.0
213 725 101.0
725 597 209.0
597 725 209.0
725 661 108.0
661 725 108.0
725 709 105.0
709 725 105.0
725 721 109.0
721 725 109.0
726 214 101.0
214 726 101.0
726 598 104.0
598 726 104.0
726 662 105.0
662 726 105.0
726 710 109.0
710 726 109.0
726 722 103.0
722 726 103.0
726 725 108.0
725 726 108.0
727 215 208.0
215 727 208.0
727 599 204.0
599 727 204.0
727 663 202.0
663 727 202.0
727 711 202.0
711 727 202.0
727 723 205.0
723 727 205.0
727 725 210.0
725 727 210.0
728 216 104.0
216 728 104.0
728 600 107.0
600 728 107.0
728 664 107.0
664 728 107.0
728 712 107.0
712 728 107.0
728 724 105.0
724 728 105.0
728 726 105.0
726 728 105.0
728 727 205.0
727 728 205.0
729 217 108.0
217 729 108.0
729 601 110.0
601 729 110.0
729 665 105.0
665 729 105.0
729 713 103.0
713 729 103.0
729 721 106.0
721 729 106.0
730 218 202.0
218 730 202.0
730 602 105.0
602 730 105.0
730 666 107.0
666 730 107.0
730 714 101.0
714 730 101.0
730 722 110.0
722 730 110.0
730 729 106.0
729 730 106.0
731 219 103.0
219 731 103.0
731 603 101.0
603 731 101.0
731 667 110.0
667 731 110.0
731 715 204.0
715 731 204.0
731 723 109.0
723 731 109.0
731 729 101.0
729 731 101.0
732 220 105.0
220 732 105.0
732 604 108.0
604 732 108.0
732 668 206.0
668 732 206.0
732 716 110.0
716 732 110.0
732 724 105.0
724 732 105.0
732 730 101.0
730 732 101.0
732 731 110.0
731 732 110.0
733 221 209.0
221 733 209.0
733 605 105.0
605 733 105.0
733 669 106.0
669 733 106.0
733 717 107.0
717 733 107.0
733 725 107.0
725 733 107.0
733 729 108.0
729 733 108.0
734 222 103.0
222 734 103.0
734 606 108.0
606 734 108.0
734 670 103.0
670 734 103.0
734 718 206.0
718 734 206.0
734 726 110.0
726 734 110.0
734 730 107.0
730 734 107.0
734 733 105.0
733 734 105.0
735 223 107.0
223 735 107.0
735 607 102.0
607 735 102.0
735 671 204.0
671 735 204.0
735 719 104.0
719 735 104.0
735 727 207.0
727 735 207.0
735 731 102.0
731 735 102.0
735 733 104.0
733 735 104.0
736 224 107.0
224 736 107.0
736 608 202.0
608 736 202.0
736 672 108.0
672 736 108.0
736 720 102.0
720 736 102.0
736 728 102.0
728 736 102.0
736 732 109.0
732 736 109.0
736 734 101.0
734 736 101.0
736 735 101.0
735 736 101.0
737 225 101.0
225 737 101.0
737 609 103.0
609 737 103.0
737 673 103.0
673 737 103.0
737 705 106.0
705 737 106.0
738 226 110.0
226 738 110.0
738 610 109.0
610 738 109.0
738 674 209.0
674 738 209.0
738 706 102.0
706 738 102.0
738 737 109.0
737 738 109.0
739 227 106.0
227 739 106.0
739 611 101.0
611 739 101.0
739 675 202.0
675 739 202.0
739 707 103.0
707 739 103.0
739 737 101.0
737 739 101.0
740 228 110.0
228 740 110.0
740 612 102.0
612 740 102.0
740 676 109.0
676 740 109.0
740 708 105.0
708 740 105.0
740 738 108.0
738 740 108.0
740 739 108.0
739 740 108.0
741 229 207.0
229 741 207.0
741 613 202.0
613 741 202.0
741 677 202.0
677 741 202.0
741 709 203.0
709 741 203.0
741 737 202.0
737 741 202.0
742 230 107.0
230 742 107.0
742 614 101.0
614 742 101.0
742 678 107.0
678 742 107.0
742 710 101.0
710 742 101.0
742 738 103.0
738 742 103.0
742 741 205.0
741 742 205.0
743 231 110.0
231 743 110.0
743 615 103.0
615 743 103.0
743 679 110.0
679 743 110.0
743 711 108.0
711 743 108.0
743 739 102.0
739 743 102.0
743 741 208.0
741 743 208.0
744 232 103.0
232 744 103.0
744 616 107.0
616 744 107.0
744 680 102.0
680 744 102.0
744 712 109.0
712 744 109.0
744 740 110.0
740 744 110.0
744 742 110.0
742 744 110.0
744 743 110.0
743 744 110.0
745 233 210.0
233 745 210.0
745 617 310.0
617 745 310.0
745 681 210.0
681 745 210.0
745 713 205.0
713 745 205.0
745 737 201.0
737 745 201.0
746 234 109.0
234 746 109.0
746 618 107.0
618 746 107.0
746 682 104.0
682 746 104.0
746 714 107.0
714 746 107.0
746 738 103.0
738 746 103.0
746 745 201.0
745 746 201.0
747 235 102.0
235 747 102.0
747 619 108.0
619 747 108.0
747 683 107.0
683 747 107.0
747 715 202.0
715 747 202.0
747 739 110.0
739 747 110.0
747 745 204.0
745 747 204.0
748 236 210.0
236 748 210.0
748 620 204.0
620 748 204.0
748 684 207.0
684 748 207.0
748 716 210.0
716 748 210.0
748 740 208.0
740 748 208.0
748 746 207.0
746 748 207.0
748 747 203.0
747 748 203.0
749 237 106.0
237 749 106.0
749 621 101.0
621 749 101.0
749 685 102.0
685 749 102.0
749 717 107.0
717 749 107.0
749 741 203.0
741 749 203.0
749 745 209.0
745 749 209.0
750 238 101.0
238 750 101.0
750 622 109.0
622 750 109.0
750 686 109.0
686 750 109.0
750 718 204.0
718 750 204.0
750 742 107.0
742 750 107.0
750 746 103.0
746 750 103.0
750 749 106.0
749 750 106.0
751 239 103.0
239 751 103.0
751 623 204.0
623 751 204.0
751 687 103.0
687 751 103.0
751 719 104.0
719 751 104.0
751 743 108.0
743 751 108.0
751 747 107.0
747 751 107.0
751 749 106.0
749 751 106.0
752 240 110.0
240 752 110.0
752 624 104.0
624 752 104.0
752 688 102.0
688 752 102.0
752 720 105.0
720 752 105.0
752 744 107.0
744 752 107.0
752 748 208.0
748 752 208.0
752 750 101.0
750 752 101.0
752 751 103.0
751 752 103.0
753 241 207.0
241 753 207.0
753 625 106.0
625 753 106.0
753 689 107.0
689 753 107.0
753 721 108.0
721 753 108.0
753 737 104.0
737 753 104.0
754 242 107.0
242 754 107.0
754 626 105.0
626 754 105.0
754 690 109.0
690 754 109.0
754 722 110.0
722 754 110.0
754 738 101.0
738 754 101.0
754 753 106.0
753 754 106.0
755 243 202.0
243 755 202.0
755 627 207.0
627 755 207.0
755 691 105.0
691 755 105.0
755 723 106.0
723 755 106.0
755 739 103.0
739 755 103.0
755 753 109.0
753 755 109.0
756 244 102.0
244 756 102.0
756 628 109.0
628 756 109.0
756 692 102.0
692 756 102.0
756 724 109.0
724 756 109.0
756 740 104.0
740 756 104.0
756 754 107.0
754 756 107.0
756 755 107.0
755 756 107.0
757 245 109.0
245 757 109.0
757 629 103.0
629 757 103.0
757 693 102.0
693 757 102.0
757 725 110.0
725 757 110.0
757 741 201.0
741 757 201.0
757 753 102.0
753 757 102.0
758 246 107.0
246 758 107.0
758 630 104.0
630 758 104.0
758 694 107.0
694 758 107.0
758 726 107.0
726 758 107.0
758 742 105.0
742 758 105.0
758 754 109.0
754 758 109.0
758 757 102.0
757 758 102.0
759 247 107.0
247 759 107.0
759 631 110.0
631 759 110.0
759 695 107.0
695 759 107.0
759 727 208.0
727 759 208.0
759 743 104.0
743 759 104.0
759 755 106.0
755 759 106.0
759 757 105.0
757 759 105.0
760 248 202.0
248 760 202.0
760 632 210.0
632 760 210.0
760 696 310.0
696 760 310.0
760 728 207.0
728 760 207.0
760 744 202.0
744 760 202.0
760 756 207.0
756 760 207.0
760 758 203.0
758 760 203.0
760 759 207.0
759 760 207.0
761 249 210.0
249 761 210.0
761 633 205.0
633 761 205.0
761 697 208.0
697 761 208.0
761 729 205.0
729 761 205.0
761 745 304.0
745 761 304.0
761 753 201.0
753 761 201.0
762 250 105.0
250 762 105.0
762 634 206.0
634 762 206.0
762 698 108.0
698 762 108.0
762 730 110.0
730 762 110.0
762 746 104.0
746 762 104.0
762 754 101.0
754 762 101.0
762 761 201.0
761 762 201.0
763 251 106.0
251 763 106.0
763 635 102.0
635 763 102.0
763 699 101.0
699 763 101.0
763 731 110.0
731 763 110.0
763 747 106.0
747 763 106.0
763 755 110.0
755 763 110.0
763 761 201.0
761 763 201.0
764 252 107.0
252 764 107.0
764 636 107.0
636 764 107.0
764 700 101.0
700 764 101.0
764 732 103.0
732 764 103.0
764 748 208.0
748 764 208.0
764 756 108.0
756 764 108.0
764 762 110.0
762 764 110.0
764 763 102.0
763 764 102.0
765 253 102.0
253 765 102.0
765 637 105.0
637 765 105.0
765 701 109.0
701 765 109.0
765 733 103.0
733 765 103.0
765 749 109.0
749 765 109.0
765 757 103.0
757 765 103.0
765 761 201.0
761 765 201.0
766 254 108.0
254 766 108.0
766 638 104.0
638 766 104.0
766 702 209.0
702 766 209.0
766 734 108.0
734 766 108.0
766 750 108.0
750 766 108.0
766 758 109.0
758 766 109.0
766 762 106.0
762 766 106.0
766 765 110.0
765 766 110.0
767 255 105.0
255 767 105.0
767 639 110.0
639 767 110.0
767 703 109.0
703 767 109.0
767 735 108.0
735 767 108.0
767 751 107.0
751 767 107.0
767 759 103.0
759 767 103.0
767 763 106.0
763 767 106.0
767 765 106.0
765 767 106.0
768 256 209.0
256 768 209.0
768 640 102.0
640 768 102.0
768 704 109.0
704 768 109.0
768 736 104.0
736 768 104.0
768 752 103.0
752 768 103.0
768 760 201.0
760 768 201.0
768 764 108.0
764 768 108.0
768 766 103.0
766 768 103.0
768 767 107.0
767 768 107.0
769 257 104.0
257 769 104.0
769 513 104.0
513 769 104.0
770 258 108.0
258 770 108.0
770 514 201.0
514 770 201.0
770 769 105.0
769 770 105.0
771 259 106.0
259 771 106.0
771 515 204.0
515 771 204.0
771 769 110.0
769 771 110.0
772 260 208.0
260 772 208.0
772 516 101.0
516 772 101.0
772 770 106.0
770 772 106.0
772 771 101.0
771 772 101.0
773 261 104.0
261 773 104.0
773 517 107.0
517 773 107.0
773 769 102.0
769 773 102.0
774 262 203.0
262 774 203.0
774 518 105.0
518 774 105.0
774 770 107.0
770 774 107.0
774 773 108.0
773 774 108.0
775 263 205.0
263 775 205.0
775 519 209.0
519 775 209.0
775 771 209.0
771 775 209.0
775 773 202.0
773 775 202.0
776 264 107.0
264 776 107.0
776 520 103.0
520 776 103.0
776 772 107.0
772 776 107.0
776 774 107.0
774 776 107.0
776 775 202.0
775 776 202.0
777 265 103.0
265 777 103.0
777 521 205.0
521 777 205.0
777 769 103.0
769 777 103.0
778 266 103.0
266 778 103.0
778 522 110.0
522 778 110.0
778 770 110.0
770 778 110.0
778 777 106.0
777 778 106.0
779 267 108.0
267 779 108.0
779 523 109.0
523 779 109.0
779 771 106.0
771 779 106.0
779 777 107.0
777 779 107.0
780 268 110.0
268 780 110.0
780 524 106.0
524 780 106.0
780 772 107.0
772 780 107.0
780 778 107.0
778 780 107.0
780 779 106.0
779 780 106.0
781 269 206.0
269 781 206.0
781 525 207.0
525 781 207.0
781 773 102.0
773 781 102.0
781 777 109.0
777 781 109.0
782 270 105.0
270 782 105.0
782 526 102.0
526 782 102.0
782 774 101.0
774 782 101.0
782 778 105.0
778 782 105.0
782 781 106.0
781 782 106.0
783 271 106.0
271 783 106.0
783 527 102.0
527 783 102.0
783 775 203.0
775 783 203.0
783 779 103.0
779 783 103.0
783 781 108.0
781 783 108.0
784 272 110.0
272 784 110.0
784 528 107.0
528 784 107.0
784 776 103.0
776 784 103.0
784 780 103.0
780 784 103.0
784 782 107.0
782 784 107.0
784 783 104.0
783 784 104.0
785 273 107.0
273 785 107.0
785 529 110.0
529 785 110.0
785 769 104.0
769 785 104.0
786 274 105.0
274 786 105.0
786 530 203.0
530 786 203.0
786 770 109.0
770 786 109.0
786 785 103.0
785 786 103.0
787 275 209.0
275 787 209.0
787 531 104.0
531 787 104.0
787 771 107.0
771 787 107.0
787 785 110.0
785 787 110.0
788 276 108.0
276 788 108.0
788 532 106.0
532 788 106.0
788 772 107.0
772 788 107.0
788 786 102.0
786 788 102.0
788 787 103.0
787 788 103.0
789 277 210.0
277 789 210.0
789 533 205.0
533 789 205.0
789 773 205.0
773 789 205.0
789 785 209.0
785 789 209.0
790 278 103.0
278 790 103.0
790 534 104.0
534 790 104.0
790 774 101.0
774 790 101.0
790 786 109.0
786 790 109.0
790 789 208.0
789 790 208.0
791 279 106.0
279 791 106.0
791 535 102.0
535 791 102.0
791 775 208.0
775 791 208.0
791 787 107.0
787 791 107.0
791 789 203.0
789 791 203.0
792 280 207.0
280 792 207.0
792 536 206.0
536 792 206.0
792 776 203.0
776 792 203.0
792 788 203.0
788 792 203.0
792 790 204.0
790 792 204.0
792 791 201.0
791 792 201.0
793 281 110.0
281 793 110.0
793 537 108.0
537 793 108.0
793 777 106.0
777 793 106.0
793 785 106.0
785 793 106.0
794 282 108.0
282 794 108.0
794 538 110.0
538 794 110.0
794 778 104.0
778 794 104.0
794 786 104.0
786 794 104.0
794 793 110.0
793 794 110.0
795 283 104.0
283 795 104.0
795 539 108.0
539 795 108.0
795 779 108.0
779 795 108.0
795 787 107.0
787 795 107.0
795 793 107.0
793 795 107.0
796 284 205.0
284 796 205.0
796 540 105.0
540 796 105.0
796 780 102.0
780 796 102.0
796 788 107.0
788 796 107.0
796 794 101.0
794 796 101.0
796 795 102.0
795 796 102.0
797 285 106.0
285 797 106.0
797 541 105.0
541 797 105.0
797 781 106.0
781 797 106.0
797 789 202.0
789 797 202.0
797 793 104.0
793 797 104.0
798 286 202.0
286 798 202.0
798 542 202.0
542 798 202.0
798 782 204.0
782 798 204.0
798 790 210.0
790 798 210.0
798 794 202.0
794 798 202.0
798 797 209.0
797 798 209.0
799 287 208.0
287 799 208.0
799 543 109.0
543 799 109.0
799 783 104.0
783 799 104.0
799 791 101.0
791 799 101.0
799 795 102.0
795 799 102.0
799 797 102.0
797 799 102.0
800 288 101.0
288 800 101.0
800 544 107.0
544 800 107.0
800 784 105.0
784 800 105.0
800 792 202.0
792 800 202.0
800 796 106.0
796 800 106.0
800 798 207.0
798 800 207.0
800 799 105.0
799 800 105.0
801 289 204.0
289 801 204.0
801 545 201.0
545 801 201.0
801 769 207.0
769 801 207.0
802 290 107.0
290 802 107.0
802 546 101.0
546 802 101.0
802 770 109.0
770 802 109.0
802 801 203.0
801 802 203.0
803 291 107.0
291 803 107.0
803 547 107.0
547 803 107.0
803 771 110.0
771 803 110.0
803 801 205.0
801 803 205.0
804 292 101.0
292 804 101.0
804 548 104.0
548 804 104.0
804 772 102.0
772 804 102.0
804 802 102.0
802 804 102.0
804 803 101.0
803 804 101.0
805 293 103.0
293 805 103.0
805 549 103.0
549 805 103.0
805 773 109.0
773 805 109.0
805 801 209.0
801 805 209.0
806 294 107.0
294 806 107.0
806 550 107.0
550 806 107.0
806 774 106.0
774 806 106.0
806 802 105.0
802 806 105.0
806 805 101.0
805 806 101.0
807 295 103.0
295 807 103.0
807 551 104.0
551 807 104.0
807 775 206.0
775 807 206.0
807 803 110.0
803 807 110.0
807 805 108.0
805 807 108.0
808 296 101.0
296 808 101.0
808 552 203.0
552 808 203.0
808 776 110.0
776 808 110.0
808 804 101.0
804 808 101.0
808 806 105.0
806 808 105.0
808 807 106.0
807 808 106.0
809 297 101.0
297 809 101.0
809 553 106.0
553 809 106.0
809 777 108.0
777 809 108.0
809 801 203.0
801 809 203.0
810 298 206.0
298 810 206.0
810 554 208.0
554 810 208.0
810 778 205.0
778 810 205.0
810 802 203.0
802 810 203.0
810 809 201.0
809 810 201.0
811 299 306.0
299 811 306.0
811 555 204.0
555 811 204.0
811 779 209.0
779 811 209.0
811 803 203.0
803 811 203.0
811 809 210.0
809 811 210.0
812 300 108.0
300 812 108.0
812 556 202.0
556 812 202.0
812 780 101.0
780 812 101.0
812 804 109.0
804 812 109.0
812 810 208.0
810 812 208.0
812 811 210.0
811 812 210.0
813 301 202.0
301 813 202.0
813 557 109.0
557 813 109.0
813 781 103.0
781 813 103.0
813 805 104.0
805 813 104.0
813 809 106.0
809 813 106.0
814 302 110.0
302 814 110.0
814 558 105.0
558 814 105.0
814 782 102.0
782 814 102.0
814 806 105.0
806 814 105.0
814 810 207.0
810 814 207.0
814 813 110.0
813 814 110.0
815 303 105.0
303 815 105.0
815 559 105.0
559 815 105.0
815 783 106.0
783 815 106.0
815 807 110.0
807 815 110.0
815 811 209.0
811 815 209.0
815 813 101.0
813 815 101.0
816 304 108.0
304 816 108.0
816 560 203.0
560 816 203.0
816 784 106.0
784 816 106.0
816 808 107.0
808 816 107.0
816 812 102.0
812 816 102.0
816 814 101.0
814 816 101.0
816 815 104.0
815 816 104.0
817 305 202.0
305 817 202.0
817 561 202.0
561 817 202.0
817 785 203.0
785 817 203.0
817 801 301.0
801 817 301.0
818 306 202.0
306 818 202.0
818 562 108.0
562 818 108.0
818 786 108.0
786 818 108.0
818 802 102.0
802 818 102.0
818 817 208.0
817 818 208.0
819 307 103.0
307 819 103.0
819 563 106.0
563 819 106.0
819 787 103.0
787 819 103.0
819 803 107.0
803 819 107.0
819 817 208.0
817 819 208.0
820 308 106.0
308 820 106.0
820 564 106.0
564 820 106.0
820 788 104.0
788 820 104.0
820 804 108.0
804 820 108.0
820 818 110.0
818 820 110.0
820 819 107.0
819 820 107.0
821 309 109.0
309 821 109.0
821 565 209.0
565 821 209.0
821 789 204.0
789 821 204.0
821 805 110.0
805 821 110.0
821 817 210.0
817 821 210.0
822 310 106.0
310 822 106.0
822 566 106.0
566 822 106.0
822 790 104.0
790 822 104.0
822 806 107.0
806 822 107.0
822 818 103.0
818 822 103.0
822 821 107.0
821 822 107.0
823 311 104.0
311 823 104.0
823 567 107.0
567 823 107.0
823 791 109.0
791 823 109.0
823 807 104.0
807 823 104.0
823 819 110.0
819 823 110.0
823 821 108.0
821 823 108.0
824 312 205.0
312 824 205.0
824 568 206.0
568 824 206.0
824 792 308.0
792 824 308.0
824 808 207.0
808 824 207.0
824 820 208.0
820 824 208.0
824 822 204.0
822 824 204.0
824 823 203.0
823 824 203.0
825 313 104.0
313 825 104.0
825 569 107.0
569 825 107.0
825 793 108.0
793 825 108.0
825 809 102.0
809 825 102.0
825 817 210.0
817 825 210.0
826 314 106.0
314 826 106.0
826 570 108.0
570 826 108.0
826 794 101.0
794 826 101.0
826 810 201.0
810 826 201.0
826 818 109.0
818 826 109.0
826 825 109.0
825 826 109.0
827 315 107.0
315 827 107.0
827 571 204.0
571 827 204.0
827 795 105.0
795 827 105.0
827 811 202.0
811 827 202.0
827 819 107.0
819 827 107.0
827 825 105.0
825 827 105.0
828 316 109.0
316 828 109.0
828 572 107.0
572 828 107.0
828 796 101.0
796 828 101.0
828 812 109.0
812 828 109.0
828 820 101.0
820 828 101.0
828 826 106.0
826 828 106.0
828 827 103.0
827 828 103.0
829 317 110.0
317 829 110.0
829 573 104.0
573 829 104.0
829 797 101.0
797 829 101.0
829 813 110.0
813 829 110.0
829 821 106.0
821 829 106.0
829 825 108.0
825 829 108.0
830 318 109.0
318 830 109.0
830 574 109.0
574 830 109.0
830 798 206.0
798 830 206.0
830 814 105.0
814 830 105.0
830 822 107.0
822 830 107.0
830 826 102.0
826 830 102.0
830 829 105.0
829 830 105.0
831 319 103.0
319 831 103.0
831 575 105.0
575 831 105.0
831 799 104.0
799 831 104.0
831 815 104.0
815 831 104.0
831 823 110.0
823 831 110.0
831 827 105.0
827 831 105.0
831 829 109.0
829 831 109.0
832 320 208.0
320 832 208.0
832 576 204.0
576 832 204.0
832 800 201.0
800 832 201.0
832 816 203.0
816 832 203.0
832 824 301.0
824 832 301.0
832 828 201.0
828 832 201.0
832 830 204.0
830 832 204.0
832 831 201.0
831 832 201.0
833 321 108.0
321 833 108.0
833 577 102.0
577 833 102.0
833 769 101.0
769 833 101.0
834 322 106.0
322 834 106.0
834 578 208.0
578 834 208.0
834 770 105.0
770 834 105.0
834 833 106.0
833 834 106.0
835 323 107.0
323 835 107.0
835 579 106.0
579 835 106.0
835 771 109.0
771 835 109.0
835 833 105.0
833 835 105.0
836 324 102.0
324 836 102.0
836 580 101.0
580 836 101.0
836 772 102.0
772 836 102.0
836 834 109.0
834 836 109.0
836 835 107.0
835 836 107.0
837 325 109.0
325 837 109.0
837 581 108.0
581 837 108.0
837 773 102.0
773 837 102.0
837 833 104.0
833 837 104.0
838 326 108.0
326 838 108.0
838 582 110.0
582 838 110.0
838 774 109.0
774 838 109.0
838 834 102.0
834 838 102.0
838 837 102.0
837 838 102.0
839 327 310.0
327 839 310.0
839 583 207.0
583 839 207.0
839 775 302.0
775 839 302.0
839 835 201.0
835 839 201.0
839 837 205.0
837 839 205.0
840 328 208.0
328 840 208.0
840 584 207.0
584 840 207.0
840 776 207.0
776 840 207.0
840 836 207.0
836 840 207.0
840 838 206.0
838 840 206.0
840 839 301.0
839 840 301.0
841 329 105.0
329 841 105.0
841 585 106.0
585 841 106.0
841 777 104.0
777 841 104.0
841 833 108.0
833 841 108.0
842 330 302.0
330 842 302.0
842 586 205.0
586 842 205.0
842 778 205.0
778 842 205.0
842 834 209.0
834 842 209.0
842 841 204.0
841 842 204.0
843 331 108.0
331 843 108.0
843 587 103.0
587 843 103.0
843 779 104.0
779 843 104.0
843 835 106.0
835 843 106.0
843 841 107.0
841 843 107.0
844 332 110.0
332 844 110.0
844 588 202.0
588 844 202.0
844 780 103.0
780 844 103.0
844 836 108.0
836 844 108.0
844 842 207.0
842 844 207.0
844 843 102.0
843 844 102.0
845 333 106.0
333 845 106.0
845 589 102.0
589 845 102.0
845 781 108.0
781 845 108.0
845 837 102.0
837 845 102.0
845 841 106.0
841 845 106.0
846 334 105.0
334 846 105.0
846 590 109.0
590 846 109.0
846 782 104.0
782 846 104.0
846 838 104.0
838 846 104.0
846 842 210.0
842 846 210.0
846 845 103.0
845 846 103.0
847 335 107.0
335 847 107.0
847 591 104.0
591 847 104.0
847 783 102.0
783 847 102.0
847 839 210.0
839 847 210.0
847 843 110.0
843 847 110.0
847 845 108.0
845 847 108.0
848 336 102.0
336 848 102.0
848 592 101.0
592 848 101.0
848 784 109.0
784 848 109.0
848 840 206.0
840 848 206.0
848 844 101.0
844 848 101.0
848 846 108.0
846 848 108.0
848 847 108.0
847 848 108.0
849 337 208.0
337 849 208.0
849 593 109.0
593 849 109.0
849 785 103.0
785 849 103.0
849 833 102.0
833 849 102.0
850 338 104.0
338 850 104.0
850 594 106.0
594 850 106.0
850 786 107.0
786 850 107.0
850 834 101.0
834 850 101.0
850 849 107.0
849 850 107.0
851 339 110.0
339 851 110.0
851 595 101.0
595 851 101.0
851 787 101.0
787 851 101.0
851 835 103.0
835 851 103.0
851 849 102.0
849 851 102.0
852 340 105.0
340 852 105.0
852 596 101.0
596 852 101.0
852 788 107.0
788 852 107.0
852 836 101.0
836 852 101.0
852 850 105.0
850 852 105.0
852 851 105.0
851 852 105.0
853 341 101.0
341 853 101.0
853 597 206.0
597 853 206.0
853 789 208.0
789 853 208.0
853 837 108.0
837 853 108.0
853 849 107.0
849 853 107.0
854 342 109.0
342 854 109.0
854 598 107.0
598 854 107.0
854 790 108.0
790 854 108.0
854 838 105.0
838 854 105.0
854 850 104.0
850 854 104.0
854 853 108.0
853 854 108.0
855 343 104.0
343 855 104.0
855 599 107.0
599 855 107.0
855 791 109.0
791 855 109.0
855 839 204.0
839 855 204.0
855 851 108.0
851 855 108.0
855 853 104.0
853 855 104.0
856 344 102.0
344 856 102.0
856 600 109.0
600 856 109.0
856 792 207.0
792 856 207.0
856 840 201.0
840 856 201.0
856 852 110.0
852 856 110.0
856 854 108.0
854 856 108.0
856 855 108.0
855 856 108.0
857 345 205.0
345 857 205.0
857 601 206.0
601 857 206.0
857 793 204.0
793 857 204.0
857 841 202.0
841 857 202.0
857 849 204.0
849 857 204.0
858 346 102.0
346 858 102.0
858 602 110.0
602 858 110.0
858 794 108.0
794 858 108.0
858 842 201.0
842 858 201.0
858 850 107.0
850 858 107.0
858 857 201.0
857 858 201.0
859 347 203.0
347 859 203.0
859 603 208.0
603 859 208.0
859 795 209.0
795 859 209.0
859 843 209.0
843 859 209.0
859 851 205.0
851 859 205.0
859 857 301.0
857 859 301.0
860 348 108.0
348 860 108.0
860 604 105.0
604 860 105.0
860 796 106.0
796 860 106.0
860 844 104.0
844 860 104.0
860 852 105.0
852 860 105.0
860 858 109.0
858 860 109.0
860 859 210.0
859 860 210.0
861 349 105.0
349 861 105.0
861 605 110.0
605 861 110.0
861 797 104.0
797 861 104.0
861 845 105.0
845 861 105.0
861 853 110.0
853 861 110.0
861 857 203.0
857 861 203.0
862 350 210.0
350 862 210.0
862 606 101.0
606 862 101.0
862 798 203.0
798 862 203.0
862 846 105.0
846 862 105.0
862 854 101.0
854 862 101.0
862 858 109.0
858 862 109.0
862 861 110.0
861 862 110.0
863 351 109.0
351 863 109.0
863 607 109.0
607 863 109.0
863 799 106.0
799 863 106.0
863 847 101.0
847 863 101.0
863 855 106.0
855 863 106.0
863 859 201.0
859 863 201.0
863 861 108.0
861 863 108.0
864 352 108.0
352 864 108.0
864 608 206.0
608 864 206.0
864 800 110.0
800 864 110.0
864 848 106.0
848 864 106.0
864 856 107.0
856 864 107.0
864 860 104.0
860 864 104.0
864 862 104.0
862 864 104.0
864 863 101.0
863 864 101.0
865 353 204.0
353 865 204.0
865 609 110.0
609 865 110.0
865 801 204.0
801 865 204.0
865 833 104.0
833 865 104.0
866 354 102.0
354 866 102.0
866 610 109.0
610 866 109.0
866 802 105.0
802 866 105.0
866 834 110.0
834 866 110.0
866 865 102.0
865 866 102.0
867 355 109.0
355 867 109.0
867 611 103.0
611 867 103.0
867 803 104.0
803 867 104.0
867 835 105.0
835 867 105.0
867 865 106.0
865 867 106.0
868 356 208.0
356 868 208.0
868 612 207.0
612 868 207.0
868 804 209.0
804 868 209.0
868 836 208.0
836 868 208.0
868 866 203.0
866 868 203.0
868 867 201.0
867 868 201.0
869 357 103.0
357 869 103.0
869 613 104.0
613 869 104.0
869 805 104.0
805 869 104.0
869 837 102.0
837 869 102.0
869 865 102.0
865 869 102.0
870 358 209.0
358 870 209.0
870 614 207.0
614 870 207.0
870 806 207.0
806 870 207.0
870 838 210.0
838 870 210.0
870 866 210.0
866 870 210.0
870 869 207.0
869 870 207.0
871 359 102.0
359 871 102.0
871 615 105.0
615 871 105.0
871 807 108.0
807 871 108.0
871 839 209.0
839 871 209.0
871 867 103.0
867 871 103.0
871 869 103.0
869 871 103.0
872 360 110.0
360 872 110.0
872 616 108.0
616 872 108.0
872 808 101.0
808 872 101.0
872 840 207.0
840 872 207.0
872 868 209.0
868 872 209.0
872 870 208.0
870 872 208.0
872 871 110.0
871 872 110.0
873 361 107.0
361 873 107.0
873 617 208.0
617 873 208.0
873 809 103.0
809 873 103.0
873 841 110.0
841 873 110.0
873 865 105.0
865 873 105.0
874 362 101.0
362 874 101.0
874 618 101.0
618 874 101.0
874 810 206.0
810 874 206.0
874 842 209.0
842 874 209.0
874 866 107.0
866 874 107.0
874 873 102.0
873 874 102.0
875 363 101.0
363 875 101.0
875 619 105.0
619 875 105.0
875 811 202.0
811 875 202.0
875 843 101.0
843 875 101.0
875 867 103.0
867 875 103.0
875 873 110.0
873 875 110.0
876 364 101.0
364 876 101.0
876 620 102.0
620 876 102.0
876 812 106.0
812 876 106.0
876 844 109.0
844 876 109.0
876 868 203.0
868 876 203.0
876 874 106.0
874 876 106.0
876 875 106.0
875 876 106.0
877 365 106.0
365 877 106.0
877 621 105.0
621 877 105.0
877 813 105.0
813 877 105.0
877 845 104.0
845 877 104.0
877 869 107.0
869 877 107.0
877 873 101.0
873 877 101.0
878 366 105.0
366 878 105.0
878 622 101.0
622 878 101.0
878 814 105.0
814 878 105.0
878 846 109.0
846 878 109.0
878 870 203.0
870 878 203.0
878 874 103.0
874 878 103.0
878 877 109.0
877 878 109.0
879 367 105.0
367 879 105.0
879 623 208.0
623 879 208.0
879 815 110.0
815 879 110.0
879 847 108.0
847 879 108.0
879 871 104.0
871 879 104.0
879 875 104.0
875 879 104.0
879 877 109.0
877 879 109.0
880 368 206.0
368 880 206.0
880 624 103.0
624 880 103.0
880 816 101.0
816 880 101.0
880 848 102.0
848 880 102.0
880 872 106.0
872 880 106.0
880 876 110.0
876 880 110.0
880 878 109.0
878 880 109.0
880 879 108.0
879 880 108.0
881 369 106.0
369 881 106.0
881 625 107.0
625 881 107.0
881 817 204.0
817 881 204.0
881 849 110.0
849 881 110.0
881 865 102.0
865 881 102.0
882 370 110.0
370 882 110.0
882 626 104.0
626 882 104.0
882 818 106.0
818 882 106.0
882 850 103.0
850 882 103.0
882 866 104.0
866 882 104.0
882 881 110.0
881 882 110.0
883 371 102.0
371 883 102.0
883 627 206.0
627 883 206.0
883 819 107.0
819 883 107.0
883 851 108.0
851 883 108.0
883 867 107.0
867 883 107.0
883 881 110.0
881 883 110.0
884 372 109.0
372 884 109.0
884 628 108.0
628 884 108.0
884 820 108.0
820 884 108.0
884 852 104.0
852 884 104.0
884 868 203.0
868 884 203.0
884 882 103.0
882 884 103.0
884 883 106.0
883 884 106.0
885 373 110.0
373 885 110.0
885 629 106.0
629 885 106.0
885 821 101.0
821 885 101.0
885 853 101.0
853 885 101.0
885 869 110.0
869 885 110.0
885 881 106.0
881 885 106.0
886 374 106.0
374 886 106.0
886 630 107.0
630 886 107.0
886 822 106.0
822 886 106.0
886 854 108.0
854 886 108.0
886 870 207.0
870 886 207.0
886 882 110.0
882 886 110.0
886 885 108.0
885 886 108.0
887 375 209.0
375 887 209.0
887 631 105.0
631 887 105.0
887 823 106.0
823 887 106.0
887 855 109.0
855 887 109.0
887 871 106.0
871 887 106.0
887 883 101.0
883 887 101.0
887 885 103.0
885 887 103.0
888 376 109.0
376 888 109.0
888 632 101.0
632 888 101.0
888 824 201.0
824 888 201.0
888 856 104.0
856 888 104.0
888 872 104.0
872 888 104.0
888 884 109.0
884 888 109.0
888 886 106.0
886 888 106.0
888 887 103.0
887 888 103.0
889 377 109.0
377 889 109.0
889 633 106.0
633 889 106.0
889 825 109.0
825 889 109.0
889 857 201.0
857 889 201.0
889 873 110.0
873 889 110.0
889 881 104.0
881 889 104.0
890 378 103.0
378 890 103.0
890 634 202.0
634 890 202.0
890 826 109.0
826 890 109.0
890 858 101.0
858 890 101.0
890 874 109.0
874 890 109.0
890 882 107.0
882 890 107.0
890 889 105.0
889 890 105.0
891 379 101.0
379 891 101.0
891 635 103.0
635 891 103.0
891 827 105.0
827 891 105.0
891 859 203.0
859 891 203.0
891 875 106.0
875 891 106.0
891 883 104.0
883 891 104.0
891 889 105.0
889 891 105.0
892 380 203.0
380 892 203.0
892 636 106.0
636 892 106.0
892 828 104.0
828 892 104.0
892 860 104.0
860 892 104.0
892 876 107.0
876 892 107.0
892 884 106.0
884 892 106.0
892 890 108.0
890 892 108.0
892 891 108.0
891 892 108.0
893 381 206.0
381 893 206.0
893 637 204.0
637 893 204.0
893 829 208.0
829 893 208.0
893 861 205.0
861 893 205.0
893 877 203.0
877 893 203.0
893 885 201.0
885 893 201.0
893 889 206.0
889 893 206.0
894 382 108.0
382 894 108.0
894 638 107.0
638 894 107.0
894 830 106.0
830 894 106.0
894 862 109.0
862 894 109.0
894 878 104.0
878 894 104.0
894 886 106.0
886 894 106.0
894 890 103.0
890 894 103.0
894 893 207.0
893 894 207.0
895 383 106.0
383 895 106.0
895 639 107.0
639 895 107.0
895 831 102.0
831 895 102.0
895 863 109.0
863 895 109.0
895 879 102.0
879 895 102.0
895 887 106.0
887 895 106.0
895 891 103.0
891 895 103.0
895 893 207.0
893 895 207.0
896 384 102.0
384 896 102.0
896 640 107.0
640 896 107.0
896 832 206.0
832 896 206.0
896 864 107.0
864 896 107.0
896 880 102.0
880 896 102.0
896 888 105.0
888 896 105.0
896 892 102.0
892 896 102.0
896 894 107.0
894 896 107.0
896 895 104.0
895 896 104.0
897 385 107.0
385 897 107.0
897 641 109.0
641 897 109.0
897 769 105.0
769 897 105.0
898 386 110.0
386 898 110.0
898 642 108.0
642 898 108.0
898 770 101.0
770 898 101.0
898 897 104.0
897 898 104.0
899 387 103.0
387 899 103.0
899 643 105.0
643 899 105.0
899 771 108.0
771 899 108.0
899 897 109.0
897 899 109.0
900 388 102.0
388 900 102.0
900 644 207.0
644 900 207.0
900 772 107.0
772 900 107.0
900 898 108.0
898 900 108.0
900 899 109.0
899 900 109.0
901 389 106.0
389 901 106.0
901 645 107.0
645 901 107.0
901 773 108.0
773 901 108.0
901 897 106.0
897 901 106.0
902 390 210.0
390 902 210.0
902 646 201.0
646 902 201.0
902 774 206.0
774 902 206.0
902 898 205.0
898 902 205.0
902 901 205.0
901 902 205.0
903 391 208.0
391 903 208.0
903 647 209.0
647 903 209.0
903 775 309.0
775 903 309.0
903 899 207.0
899 903 207.0
903 901 205.0
901 903 205.0
904 392 107.0
392 904 107.0
904 648 110.0
648 904 110.0
904 776 105.0
776 904 105.0
904 900 110.0
900 904 110.0
904 902 203.0
902 904 203.0
904 903 202.0
903 904 202.0
905 393 104.0
393 905 104.0
905 649 101.0
649 905 101.0
905 777 103.0
777 905 103.0
905 897 103.0
897 905 103.0
906 394 101.0
394 906 101.0
906 650 102.0
650 906 102.0
906 778 104.0
778 906 104.0
906 898 103.0
898 906 103.0
906 905 107.0
905 906 107.0
907 395 102.0
395 907 102.0
907 651 110.0
651 907 110.0
907 779 106.0
779 907 106.0
907 899 106.0
899 907 106.0
907 905 110.0
905 907 110.0
908 396 201.0
396 908 201.0
908 652 202.0
652 908 202.0
908 780 208.0
780 908 208.0
908 900 207.0
900 908 207.0
908 906 209.0
906 908 209.0
908 907 204.0
907 908 204.0
909 397 207.0
397 909 207.0
909 653 109.0
653 909 109.0
909 781 104.0
781 909 104.0
909 901 102.0
901 909 102.0
909 905 105.0
905 909 105.0
910 398 104.0
398 910 104.0
910 654 101.0
654 910 101.0
910 782 104.0
782 910 104.0
910 902 205.0
902 910 205.0
910 906 109.0
906 910 109.0
910 909 108.0
909 910 108.0
911 399 101.0
399 911 101.0
911 655 106.0
655 911 106.0
911 783 107.0
783 911 107.0
911 903 206.0
903 911 206.0
911 907 106.0
907 911 106.0
911 909 101.0
909 911 101.0
912 400 206.0
400 912 206.0
912 656 209.0
656 912 209.0
912 784 210.0
784 912 210.0
912 904 201.0
904 912 201.0
912 908 304.0
908 912 304.0
912 910 208.0
910 912 208.0
912 911 210.0
911 912 210.0
913 401 110.0
401 913 110.0
913 657 207.0
657 913 207.0
913 785 105.0
785 913 105.0
913 897 105.0
897 913 105.0
914 402 104.0
402 914 104.0
914 658 105.0
658 914 105.0
914 786 106.0
786 914 106.0
914 898 108.0
898 914 108.0
914 913 103.0
913 914 103.0
915 403 209.0
403 915 209.0
915 659 109.0
659 915 109.0
915 787 110.0
787 915 110.0
915 899 105.0
899 915 105.0
915 913 106.0
913 915 106.0
916 404 102.0
404 916 102.0
916 660 109.0
660 916 109.0
916 788 108.0
788 916 108.0
916 900 108.0
900 916 108.0
916 914 106.0
914 916 106.0
916 915 108.0
915 916 108.0
917 405 107.0
405 917 107.0
917 661 103.0
661 917 103.0
917 789 203.0
789 917 203.0
917 901 106.0
901 917 106.0
917 913 101.0
913 917 101.0
918 406 110.0
406 918 110.0
918 662 104.0
662 918 104.0
918 790 106.0
790 918 106.0
918 902 202.0
902 918 202.0
918 914 106.0
914 918 106.0
918 917 106.0
917 918 106.0
919 407 110.0
407 919 110.0
919 663 105.0
663 919 105.0
919 791 110.0
791 919 110.0
919 903 201.0
903 919 201.0
919 915 108.0
915 919 108.0
919 917 101.0
917 919 101.0
920 408 103.0
408 920 103.0
920 664 108.0
664 920 108.0
920 792 204.0
792 920 204.0
920 904 105.0
904 920 105.0
920 916 101.0
916 920 101.0
920 918 108.0
918 920 108.0
920 919 107.0
919 920 107.0
921 409 206.0
409 921 206.0
921 665 202.0
665 921 202.0
921 793 204.0
793 921 204.0
921 905 207.0
905 921 207.0
921 913 205.0
913 921 205.0
922 410 209.0
410 922 209.0
922 666 106.0
666 922 106.0
922 794 104.0
794 922 104.0
922 906 104.0
906 922 104.0
922 914 109.0
914 922 109.0
922 921 210.0
921 922 210.0
923 411 109.0
411 923 109.0
923 667 103.0
667 923 103.0
923 795 107.0
795 923 107.0
923 907 104.0
907 923 104.0
923 915 109.0
915 923 109.0
923 921 203.0
921 923 203.0
924 412 106.0
412 924 106.0
924 668 209.0
668 924 209.0
924 796 107.0
796 924 107.0
924 908 210.0
908 924 210.0
924 916 110.0
916 924 110.0
924 922 105.0
922 924 105.0
924 923 110.0
923 924 110.0
925 413 108.0
413 925 108.0
925 669 102.0
669 925 102.0
925 797 106.0
797 925 106.0
925 909 104.0
909 925 104.0
925 917 103.0
917 925 103.0
925 921 207.0
921 925 207.0
926 414 104.0
414 926 104.0
926 670 107.0
670 926 107.0
926 798 210.0
798 926 210.0
926 910 104.0
910 926 104.0
926 918 102.0
918 926 102.0
926 922 103.0
922 926 103.0
926 925 108.0
925 926 108.0
927 415 105.0
415 927 105.0
927 671 204.0
671 927 204.0
927 799 110.0
799 927 110.0
927 911 107.0
911 927 107.0
927 919 101.0
919 927 101.0
927 923 106.0
923 927 106.0
927 925 104.0
925 927 104.0
928 416 110.0
416 928 110.0
928 672 102.0
672 928 102.0
928 800 106.0
800 928 106.0
928 912 204.0
912 928 204.0
928 920 106.0
920 928 106.0
928 924 107.0
924 928 107.0
928 926 101.0
926 928 101.0
928 927 105.0
927 928 105.0
929 417 206.0
417 929 206.0
929 673 101.0
673 929 101.0
929 801 201.0
801 929 201.0
929 897 102.0
897 929 102.0
930 418 107.0
418 930 107.0
930 674 208.0
674 930 208.0
930 802 102.0
802 930 102.0
930 898 102.0
898 930 102.0
930 929 108.0
929 930 108.0
931 419 105.0
419 931 105.0
931 675 209.0
675 931 209.0
931 803 106.0
803 931 106.0
931 899 109.0
899 931 109.0
931 929 102.0
929 931 102.0
932 420 106.0
420 932 106.0
932 676 106.0
676 932 106.0
932 804 105.0
804 932 105.0
932 900 108.0
900 932 108.0
932 930 110.0
930 932 110.0
932 931 104.0
931 932 104.0
933 421 108.0
421 933 108.0
933 677 105.0
677 933 105.0
933 805 108.0
805 933 108.0
933 901 107.0
901 933 107.0
933 929 108.0
929 933 108.0
934 422 110.0
422 934 110.0
934 678 103.0
678 934 103.0
934 806 102.0
806 934 102.0
934 902 206.0
902 934 206.0
934 930 109.0
930 934 109.0
934 933 106.0
933 934 106.0
935 423 110.0
423 935 110.0
935 679 102.0
679 935 102.0
935 807 110.0
807 935 110.0
935 903 206.0
903 935 206.0
935 931 109.0
931 935 109.0
935 933 105.0
933 935 105.0
936 424 210.0
424 936 210.0
936 680 107.0
680 936 107.0
936 808 110.0
808 936 110.0
936 904 103.0
904 936 103.0
936 932 108.0
932 936 108.0
936 934 102.0
934 936 102.0
936 935 108.0
935 936 108.0
937 425 107.0
425 937 107.0
937 681 110.0
681 937 110.0
937 809 108.0
809 937 108.0
937 905 108.0
905 937 108.0
937 929 104.0
929 937 104.0
938 426 110.0
426 938 110.0
938 682 109.0
682 938 109.0
938 810 203.0
810 938 203.0
938 906 108.0
906 938 108.0
938 930 108.0
930 938 108.0
938 937 103.0
937 938 103.0
939 427 105.0
427 939 105.0
939 683 107.0
683 939 107.0
939 811 204.0
811 939 204.0
939 907 101.0
907 939 101.0
939 931 106.0
931 939 106.0
939 937 107.0
937 939 107.0
940 428 101.0
428 940 101.0
940 684 103.0
684 940 103.0
940 812 109.0
812 940 109.0
940 908 210.0
908 940 210.0
940 932 108.0
932 940 108.0
940 938 110.0
938 940 110.0
940 939 106.0
939 940 106.0
941 429 204.0
429 941 204.0
941 685 208.0
685 941 208.0
941 813 201.0
813 941 201.0
941 909 203.0
909 941 203.0
941 933 205.0
933 941 205.0
941 937 209.0
937 941 209.0
942 430 103.0
430 942 103.0
942 686 101.0
686 942 101.0
942 814 105.0
814 942 105.0
942 910 101.0
910 942 101.0
942 934 110.0
934 942 110.0
942 938 103.0
938 942 103.0
942 941 203.0
941 942 203.0
943 431 109.0
431 943 109.0
943 687 108.0
687 943 108.0
943 815 109.0
815 943 109.0
943 911 106.0
911 943 106.0
943 935 102.0
935 943 102.0
943 939 102.0
939 943 102.0
943 941 202.0
941 943 202.0
944 432 102.0
432 944 102.0
944 688 104.0
688 944 104.0
944 816 102.0
816 944 102.0
944 912 203.0
912 944 203.0
944 936 103.0
936 944 103.0
944 940 109.0
940 944 109.0
944 942 102.0
942 944 102.0
944 943 107.0
943 944 107.0
945 433 101.0
433 945 101.0
945 689 106.0
689 945 106.0
945 817 209.0
817 945 209.0
945 913 109.0
913 945 109.0
945 929 106.0
929 945 106.0
946 434 107.0
434 946 107.0
946 690 110.0
690 946 110.0
946 818 107.0
818 946 107.0
946 914 101.0
914 946 101.0
946 930 105.0
930 946 105.0
946 945 108.0
945 946 108.0
947 435 203.0
435 947 203.0
947 691 207.0
691 947 207.0
947 819 208.0
819 947 208.0
947 915 210.0
915 947 210.0
947 931 207.0
931 947 207.0
947 945 209.0
945 947 209.0
948 436 105.0
436 948 105.0
948 692 108.0
692 948 108.0
948 820 104.0
820 948 104.0
948 916 102.0
916 948 102.0
948 932 106.0
932 948 106.0
948 946 102.0
946 948 102.0
948 947 201.0
947 948 201.0
949 437 202.0
437 949 202.0
949 693 102.0
693 949 102.0
949 821 108.0
821 949 108.0
949 917 104.0
917 949 104.0
949 933 104.0
933 949 104.0
949 945 110.0
945 949 110.0
950 438 104.0
438 950 104.0
950 694 104.0
694 950 104.0
950 822 105.0
822 950 105.0
950 918 104.0
918 950 104.0
950 934 107.0
934 950 107.0
950 946 106.0
946 950 106.0
950 949 110.0
949 950 110.0
951 439 102.0
439 951 102.0
951 695 108.0
695 951 108.0
951 823 107.0
823 951 107.0
951 919 103.0
919 951 103.0
951 935 103.0
935 951 103.0
951 947 209.0
947 951 209.0
951 949 104.0
949 951 104.0
952 440 110.0
440 952 110.0
952 696 207.0
696 952 207.0
952 824 204.0
824 952 204.0
952 920 108.0
920 952 108.0
952 936 108.0
936 952 108.0
952 948 104.0
948 952 104.0
952 950 110.0
950 952 110.0
952 951 106.0
951 952 106.0
953 441 105.0
441 953 105.0
953 697 101.0
697 953 101.0
953 825 108.0
825 953 108.0
953 921 206.0
921 953 206.0
953 937 107.0
937 953 107.0
953 945 102.0
945 953 102.0
954 442 105.0
442 954 105.0
954 698 103.0
698 954 103.0
954 826 107.0
826 954 107.0
954 922 104.0
922 954 104.0
954 938 103.0
938 954 103.0
954 946 104.0
946 954 104.0
954 953 101.0
953 954 101.0
955 443 102.0
443 955 102.0
955 699 103.0
699 955 103.0
955 827 110.0
827 955 110.0
955 923 103.0
923 955 103.0
955 939 102.0
939 955 102.0
955 947 201.0
947 955 201.0
955 953 107.0
953 955 107.0
956 444 205.0
444 956 205.0
956 700 106.0
700 956 106.0
956 828 101.0
828 956 101.0
956 924 110.0
924 956 110.0
956 940 107.0
940 956 107.0
956 948 103.0
948 956 103.0
956 954 102.0
954 956 102.0
956 955 104.0
955 956 104.0
957 445 105.0
445 957 105.0
957 701 108.0
701 957 108.0
957 829 102.0
829 957 102.0
957 925 105.0
925 957 105.0
957 941 209.0
941 957 209.0
957 949 110.0
949 957 110.0
957 953 104.0
953 957 104.0
958 446 203.0
446 958 203.0
958 702 307.0
702 958 307.0
958 830 207.0
830 958 207.0
958 926 204.0
926 958 204.0
958 942 201.0
942 958 201.0
958 950 202.0
950 958 202.0
958 954 210.0
954 958 210.0
958 957 202.0
957 958 202.0
959 447 103.0
447 959 103.0
959 703 104.0
703 959 104.0
959 831 101.0
831 959 101.0
959 927 108.0
927 959 108.0
959 943 103.0
943 959 103.0
959 951 107.0
951 959 107.0
959 955 108.0
955 959 108.0
959 957 101.0
957 959 101.0
960 448 103.0
448 960 103.0
960 704 109.0
704 960 109.0
960 832 205.0
832 960 205.0
960 928 107.0
928 960 107.0
960 944 110.0
944 960 110.0
960 952 107.0
952 960 107.0
960 956 110.0
956 960 110.0
960 958 202.0
958 960 202.0
960 959 102.0
959 960 102.0
961 449 201.0
449 961 201.0
961 705 203.0
705 961 203.0
961 833 204.0
833 961 204.0
961 897 205.0
897 961 205.0
962 450 203.0
450 962 203.0
962 706 101.0
706 962 101.0
962 834 105.0
834 962 105.0
962 898 110.0
898 962 110.0
962 961 202.0
961 962 202.0
963 451 110.0
451 963 110.0
963 707 106.0
707 963 106.0
963 835 101.0
835 963 101.0
963 899 107.0
899 963 107.0
963 961 202.0
961 963 202.0
964 452 106.0
452 964 106.0
964 708 110.0
708 964 110.0
964 836 106.0
836 964 106.0
964 900 108.0
900 964 108.0
964 962 103.0
962 964 103.0
964 963 104.0
963 964 104.0
965 453 104.0
453 965 104.0
965 709 107.0
709 965 107.0
965 837 108.0
837 965 108.0
965 901 110.0
901 965 110.0
965 961 204.0
961 965 204.0
966 454 101.0
454 966 101.0
966 710 108.0
710 966 108.0
966 838 104.0
838 966 104.0
966 902 201.0
902 966 201.0
966 962 102.0
962 966 102.0
966 965 107.0
965 966 107.0
967 455 101.0
455 967 101.0
967 711 108.0
711 967 108.0
967 839 209.0
839 967 209.0
967 903 203.0
903 967 203.0
967 963 103.0
963 967 103.0
967 965 101.0
965 967 101.0
968 456 106.0
456 968 106.0
968 712 108.0
712 968 108.0
968 840 207.0
840 968 207.0
968 904 102.0
904 968 102.0
968 964 110.0
964 968 110.0
968 966 101.0
966 968 101.0
968 967 102.0
967 968 102.0
969 457 101.0
457 969 101.0
969 713 107.0
713 969 107.0
969 841 105.0
841 969 105.0
969 905 105.0
905 969 105.0
969 961 206.0
961 969 206.0
970 458 106.0
458 970 106.0
970 714 105.0
714 970 105.0
970 842 207.0
842 970 207.0
970 906 109.0
906 970 109.0
970 962 108.0
962 970 108.0
970 969 101.0
969 970 101.0
971 459 203.0
459 971 203.0
971 715 206.0
715 971 206.0
971 843 109.0
843 971 109.0
971 907 108.0
907 971 108.0
971 963 110.0
963 971 110.0
971 969 108.0
969 971 108.0
972 460 102.0
460 972 102.0
972 716 108.0
716 972 108.0
972 844 106.0
844 972 106.0
972 908 204.0
908 972 204.0
972 964 103.0
964 972 103.0
972 970 110.0
970 972 110.0
972 971 103.0
971 972 103.0
973 461 202.0
461 973 202.0
973 717 202.0
717 973 202.0
973 845 204.0
845 973 204.0
973 909 208.0
909 973 208.0
973 965 201.0
965 973 201.0
973 969 201.0
969 973 201.0
974 462 105.0
462 974 105.0
974 718 209.0
718 974 209.0
974 846 102.0
846 974 102.0
974 910 107.0
910 974 107.0
974 966 102.0
966 974 102.0
974 970 108.0
970 974 108.0
974 973 202.0
973 974 202.0
975 463 106.0
463 975 106.0
975 719 104.0
719 975 104.0
975 847 104.0
847 975 104.0
975 911 102.0
911 975 102.0
975 967 104.0
967 975 104.0
975 971 104.0
971 975 104.0
975 973 202.0
973 975 202.0
976 464 105.0
464 976 105.0
976 720 108.0
720 976 108.0
976 848 106.0
848 976 106.0
976 912 205.0
912 976 205.0
976 968 104.0
968 976 104.0
976 972 107.0
972 976 107.0
976 974 104.0
974 976 104.0
976 975 105.0
975 976 105.0
977 465 109.0
465 977 109.0
977 721 103.0
721 977 103.0
977 849 105.0
849 977 105.0
977 913 108.0
913 977 108.0
977 961 209.0
961 977 209.0
978 466 209.0
466 978 209.0
978 722 204.0
722 978 204.0
978 850 207.0
850 978 207.0
978 914 205.0
914 978 205.0
978 962 201.0
962 978 201.0
978 977 203.0
977 978 203.0
979 467 104.0
467 979 104.0
979 723 104.0
723 979 104.0
979 851 103.0
851 979 103.0
979 915 108.0
915 979 108.0
979 963 107.0
963 979 107.0
979 977 104.0
977 979 104.0
980 468 204.0
468 980 204.0
980 724 203.0
724 980 203.0
980 852 203.0
852 980 203.0
980 916 205.0
916 980 205.0
980 964 202.0
964 980 202.0
980 978 309.0
978 980 309.0
980 979 207.0
979 980 207.0
981 469 102.0
469 981 102.0
981 725 105.0
725 981 105.0
981 853 104.0
853 981 104.0
981 917 106.0
917 981 106.0
981 965 108.0
965 981 108.0
981 977 103.0
977 981 103.0
982 470 209.0
470 982 209.0
982 726 205.0
726 982 205.0
982 854 201.0
854 982 201.0
982 918 210.0
918 982 210.0
982 966 203.0
966 982 203.0
982 978 305.0
978 982 305.0
982 981 207.0
981 982 207.0
983 471 105.0
471 983 105.0
983 727 201.0
727 983 201.0
983 855 108.0
855 983 108.0
983 919 103.0
919 983 103.0
983 967 110.0
967 983 110.0
983 979 110.0
979 983 110.0
983 981 107.0
981 983 107.0
984 472 206.0
472 984 206.0
984 728 107.0
728 984 107.0
984 856 107.0
856 984 107.0
984 920 102.0
920 984 102.0
984 968 106.0
968 984 106.0
984 980 209.0
980 984 209.0
984 982 209.0
982 984 209.0
984 983 104.0
983 984 104.0
985 473 102.0
473 985 102.0
985 729 102.0
729 985 102.0
985 857 209.0
857 985 209.0
985 921 209.0
921 985 209.0
985 969 107.0
969 985 107.0
985 977 107.0
977 985 107.0
986 474 107.0
474 986 107.0
986 730 108.0
730 986 108.0
986 858 108.0
858 986 108.0
986 922 110.0
922 986 110.0
986 970 105.0
970 986 105.0
986 978 202.0
978 986 202.0
986 985 109.0
985 986 109.0
987 475 101.0
475 987 101.0
987 731 104.0
731 987 104.0
987 859 204.0
859 987 204.0
987 923 101.0
923 987 101.0
987 971 105.0
971 987 105.0
987 979 106.0
979 987 106.0
987 985 102.0
985 987 102.0
988 476 109.0
476 988 109.0
988 732 103.0
732 988 103.0
988 860 105.0
860 988 105.0
988 924 102.0
924 988 102.0
988 972 103.0
972 988 103.0
988 980 208.0
980 988 208.0
988 986 103.0
986 988 103.0
988 987 103.0
987 988 103.0
989 477 104.0
477 989 104.0
989 733 101.0
733 989 101.0
989 861 109.0
861 989 109.0
989 925 103.0
925 989 103.0
989 973 208.0
973 989 208.0
989 981 106.0
981 989 106.0
989 985 107.0
985 989 107.0
990 478 101.0
478 990 101.0
990 734 103.0
734 990 103.0
990 862 106.0
862 990 106.0
990 926 101.0
926 990 101.0
990 974 103.0
974 990 103.0
990 982 205.0
982 990 205.0
990 986 109.0
986 990 109.0
990 989 101.0
989 990 101.0
991 479 107.0
479 991 107.0
991 735 103.0
735 991 103.0
991 863 104.0
863 991 104.0
991 927 110.0
927 991 110.0
991 975 104.0
975 991 104.0
991 983 106.0
983 991 106.0
991 987 109.0
987 991 109.0
991 989 110.0
989 991 110.0
992 480 207.0
480 992 207.0
992 736 106.0
736 992 106.0
992 864 107.0
864 992 107.0
992 928 103.0
928 992 103.0
992 976 106.0
976 992 106.0
992 984 101.0
984 992 101.0
992 988 102.0
988 992 102.0
992 990 110.0
990 992 110.0
992 991 108.0
991 992 108.0
993 481 103.0
481 993 103.0
993 737 103.0
737 993 103.0
993 865 103.0
865 993 103.0
993 929 107.0
929 993 107.0
993 961 204.0
961 993 204.0
994 482 110.0
482 994 110.0
994 738 108.0
738 994 108.0
994 866 107.0
866 994 107.0
994 930 110.0
930 994 110.0
994 962 102.0
962 994 102.0
994 993 102.0
993 994 102.0
995 483 105.0
483 995 105.0
995 739 104.0
739 995 104.0
995 867 110.0
867 995 110.0
995 931 102.0
931 995 102.0
995 963 110.0
963 995 110.0
995 993 109.0
993 995 109.0
996 484 203.0
484 996 203.0
996 740 208.0
740 996 208.0
996 868 304.0
868 996 304.0
996 932 209.0
932 996 209.0
996 964 204.0
964 996 204.0
996 994 206.0
994 996 206.0
996 995 209.0
995 996 209.0
997 485 107.0
485 997 107.0
997 741 209.0
741 997 209.0
997 869 108.0
869 997 108.0
997 933 102.0
933 997 102.0
997 965 106.0
965 997 106.0
997 993 108.0
993 997 108.0
998 486 107.0
486 998 107.0
998 742 110.0
742 998 110.0
998 870 210.0
870 998 210.0
998 934 106.0
934 998 106.0
998 966 110.0
966 998 110.0
998 994 106.0
994 998 106.0
998 997 105.0
997 998 105.0
999 487 206.0
487 999 206.0
999 743 101.0
743 999 101.0
999 871 108.0
871 999 108.0
999 935 101.0
935 999 101.0
999 967 108.0
967 999 108.0
999 995 101.0
995 999 101.0
999 997 109.0
997 999 109.0
1000 488 102.0
488 1000 102.0
1000 744 102.0
744 1000 102.0
1000 872 103.0
872 1000 103.0
1000 936 101.0
936 1000 101.0
1000 968 107.0
968 1000 107.0
1000 996 207.0
996 1000 207.0
1000 998 104.0
998 1000 104.0
1000 999 108.0
999 1000 108.0
1001 489 110.0
489 1001 110.0
1001 745 205.0
745 1001 205.0
1001 873 103.0
873 1001 103.0
1001 937 108.0
937 1001 108.0
1001 969 109.0
969 1001 109.0
1001 993 109.0
993 1001 109.0
1002 490 110.0
490 1002 110.0
1002 746 105.0
746 1002 105.0
1002 874 101.0
874 1002 101.0
1002 938 101.0
938 1002 101.0
1002 970 104.0
970 1002 104.0
1002 994 101.0
994 1002 101.0
1002 1001 109.0
1001 1002 109.0
1003 491 108.0
491 1003 108.0
1003 747 103.0
747 1003 103.0
1003 875 106.0
875 1003 106.0
1003 939 110.0
939 1003 110.0
1003 971 108.0
971 1003 108.0
1003 995 108.0
995 1003 108.0
1003 1001 110.0
1001 1003 110.0
1004 492 203.0
492 1004 203.0
1004 748 301.0
748 1004 301.0
1004 876 210.0
876 1004 210.0
1004 940 208.0
940 1004 208.0
1004 972 202.0
972 1004 202.0
1004 996 301.0
996 1004 301.0
1004 1002 205.0
1002 1004 205.0
1004 1003 209.0
1003 1004 209.0
1005 493 105.0
493 1005 105.0
1005 749 109.0
749 1005 109.0
1005 877 107.0
877 1005 107.0
1005 941 204.0
941 1005 204.0
1005 973 209.0
973 1005 209.0
1005 997 104.0
997 1005 104.0
1005 1001 103.0
1001 1005 103.0
1006 494 207.0
494 1006 207.0
1006 750 106.0
750 1006 106.0
1006 878 102.0
878 1006 102.0
1006 942 101.0
942 1006 101.0
1006 974 105.0
974 1006 105.0
1006 998 104.0
998 1006 104.0
1006 1002 104.0
1002 1006 104.0
1006 1005 107.0
1005 1006 107.0
1007 495 107.0
495 1007 107.0
1007 751 105.0
751 1007 105.0
1007 879 104.0
879 1007 104.0
1007 943 108.0
943 1007 108.0
1007 975 109.0
975 1007 109.0
1007 999 106.0
999 1007 106.0
1007 1003 105.0
1003 1007 105.0
1007 1005 109.0
1005 1007 109.0
1008 496 106.0
496 1008 106.0
1008 752 104.0
752 1008 104.0
1008 880 108.0
880 1008 108.0
1008 944 105.0
944 1008 105.0
1008 976 109.0
976 1008 109.0
1008 1000 103.0
1000 1008 103.0
1008 1004 202.0
1004 1008 202.0
1008 1006 110.0
1006 1008 110.0
1008 1007 107.0
1007 1008 107.0
1009 497 104.0
497 1009 104.0
1009 753 108.0
753 1009 108.0
1009 881 110.0
881 1009 110.0
1009 945 103.0
945 1009 103.0
1009 977 104.0
977 1009 104.0
1009 993 103.0
993 1009 103.0
1010 498 205.0
498 1010 205.0
1010 754 204.0
754 1010 204.0
1010 882 207.0
882 1010 207.0
1010 946 205.0
946 1010 205.0
1010 978 306.0
978 1010 306.0
1010 994 209.0
994 1010 209.0
1010 1009 207.0
1009 1010 207.0
1011 499 101.0
499 1011 101.0
1011 755 103.0
755 1011 103.0
1011 883 109.0
883 1011 109.0
1011 947 203.0
947 1011 203.0
1011 979 104.0
979 1011 104.0
1011 995 109.0
995 1011 109.0
1011 1009 109.0
1009 1011 109.0
1012 500 208.0
500 1012 208.0
1012 756 103.0
756 1012 103.0
1012 884 110.0
884 1012 110.0
1012 948 106.0
948 1012 106.0
1012 980 207.0
980 1012 207.0
1012 996 204.0
996 1012 204.0
1012 1010 202.0
1010 1012 202.0
1012 1011 105.0
1011 1012 105.0
1013 501 210.0
501 1013 210.0
1013 757 103.0
757 1013 103.0
1013 885 110.0
885 1013 110.0
1013 949 104.0
949 1013 104.0
1013 981 101.0
981 1013 101.0
1013 997 107.0
997 1013 107.0
1013 1009 104.0
1009 1013 104.0
1014 502 103.0
502 1014 103.0
1014 758 104.0
758 1014 104.0
1014 886 107.0
886 1014 107.0
1014 950 105.0
950 1014 105.0
1014 982 206.0
982 1014 206.0
1014 998 108.0
998 1014 108.0
1014 1010 207.0
1010 1014 207.0
1014 1013 107.0
1013 1014 107.0
1015 503 103.0
503 1015 103.0
1015 759 101.0
759 1015 101.0
1015 887 107.0
887 1015 107.0
1015 951 104.0
951 1015 104.0
1015 983 101.0
983 1015 101.0
1015 999 106.0
999 1015 106.0
1015 1011 106.0
1011 1015 106.0
1015 1013 107.0
1013 1015 107.0
1016 504 110.0
504 1016 110.0
1016 760 210.0
760 1016 210.0
1016 888 103.0
888 1016 103.0
1016 952 101.0
952 1016 101.0
1016 984 103.0
984 1016 103.0
1016 1000 105.0
1000 1016 105.0
1016 1012 106.0
1012 1016 106.0
1016 1014 102.0
1014 1016 102.0
1016 1015 109.0
1015 1016 109.0
1017 505 208.0
505 1017 208.0
1017 761 202.0
761 1017 202.0
1017 889 110.0
889 1017 110.0
1017 953 102.0
953 1017 102.0
1017 985 105.0
985 1017 105.0
1017 1001 104.0
1001 1017 104.0
1017 1009 101.0
1009 1017 101.0
1018 506 103.0
506 1018 103.0
1018 762 109.0
762 1018 109.0
1018 890 108.0
890 1018 108.0
1018 954 110.0
954 1018 110.0
1018 986 104.0
986 1018 104.0
1018 1002 107.0
1002 1018 107.0
1018 1010 209.0
1010 1018 209.0
1018 1017 105.0
1017 1018 105.0
1019 507 108.0
507 1019 108.0
1019 763 101.0
763 1019 101.0
1019 891 102.0
891 1019 102.0
1019 955 107.0
955 1019 107.0
1019 987 110.0
987 1019 110.0
1019 1003 102.0
1003 1019 102.0
1019 1011 102.0
1011 1019 102.0
1019 1017 101.0
1017 1019 101.0
1020 508 102.0
508 1020 102.0
1020 764 108.0
764 1020 108.0
1020 892 106.0
892 1020 106.0
1020 956 105.0
956 1020 105.0
1020 988 101.0
988 1020 101.0
1020 1004 202.0
1004 1020 202.0
1020 1012 102.0
1012 1020 102.0
1020 1018 101.0
1018 1020 101.0
1020 1019 107.0
1019 1020 107.0
1021 509 105.0
509 1021 105.0
1021 765 107.0
765 1021 107.0
1021 893 207.0
893 1021 207.0
1021 957 104.0
957 1021 104.0
1021 989 101.0
989 1021 101.0
1021 1005 105.0
1005 1021 105.0
1021 1013 110.0
1013 1021 110.0
1021 1017 101.0
1017 1021 101.0
1022 510 108.0
510 1022 108.0
1022 766 101.0
766 1022 101.0
1022 894 108.0
894 1022 108.0
1022 958 208.0
958 1022 208.0
1022 990 110.0
990 1022 110.0
1022 1006 107.0
1006 1022 107.0
1022 1014 106.0
1014 1022 106.0
1022 1018 109.0
1018 1022 109.0
1022 1021 107.0
1021 1022 107.0
1023 511 205.0
511 1023 205.0
1023 767 207.0
767 1023 207.0
1023 895 202.0
895 1023 202.0
1023 959 204.0
959 1023 204.0
1023 991 207.0
991 1023 207.0
1023 1007 202.0
1007 1023 202.0
1023 1015 204.0
1015 1023 204.0
1023 1019 205.0
1019 1023 205.0
1023 1021 210.0
1021 1023 210.0
1024 512 109.0
512 1024 109.0
1024 768 110.0
768 1024 110.0
1024 896 103.0
896 1024 103.0
1024 960 106.0
960 1024 106.0
1024 992 105.0
992 1024 105.0
1024 1008 107.0
1008 1024 107.0
1024 1016 101.0
1016 1024 101.0
1024 1020 107.0
1020 1024 107.0
1024 1022 104.0
1022 1024 104.0
1024 1023 204.0
1023 1024 204.0
S 67
191 500 1010 84 978 133 565 745 644 801 16 996 810 775 514 718 832 243 147 397 170 824 62 275 817 403 299 241 840 380 256 671 556 487 437 696 868 444 23 480 893 903 118 515 839 472 578 617 410 857 505 262 870 301 287 947 306 741 789 138 327 727 973 368 792 597 657
T 67
760 627 859 674 623 608 908 668 75 192 560 353 284 1004 100 715 127 521 459 52 260 902 337 350 109 375 921 110 761 912 150 811 330 958 842 162 748 1 798 980 961 982 1023 417 525 675 634 702 197 552 941 588 501 221 203 102 25 39 424 571 175 200 269 450 494 530 57
