N 1024
M 10240
R 150
# u v length
1 513 100.0
513 1 100.0
1 257 101.0
257 1 101.0
1 129 108.0
129 1 108.0
1 65 105.0
65 1 105.0
1 33 105.0
33 1 105.0
1 17 102.0
17 1 102.0
1 9 100.0
9 1 100.0
1 5 107.0
5 1 107.0
1 3 107.0
3 1 107.0
1 2 110.0
2 1 110.0
2 514 104.0
514 2 104.0
2 258 105.0
258 2 105.0
2 130 109.0
130 2 109.0
2 66 100.0
66 2 100.0
2 34 100.0
34 2 100.0
2 18 105.0
18 2 105.0
2 10 107.0
10 2 107.0
2 6 100.0
6 2 100.0
2 4 104.0
4 2 104.0
3 515 100.0
515 3 100.0
3 259 104.0
259 3 104.0
3 131 107.0
131 3 107.0
3 67 106.0
67 3 106.0
3 35 110.0
35 3 110.0
3 19 109.0
19 3 109.0
3 11 105.0
11 3 105.0
3 7 101.0
7 3 101.0
3 4 107.0
4 3 107.0
4 516 104.0
516 4 104.0
4 260 107.0
260 4 107.0
4 132 110.0
132 4 110.0
4 68 108.0
68 4 108.0
4 36 102.0
36 4 102.0
4 20 100.0
20 4 100.0
4 12 108.0
12 4 108.0
4 8 103.0
8 4 103.0
5 517 106.0
517 5 106.0
5 261 108.0
261 5 108.0
5 133 110.0
133 5 110.0
5 69 104.0
69 5 104.0
5 37 102.0
37 5 102.0
5 21 110.0
21 5 110.0
5 13 107.0
13 5 107.0
5 7 108.0
7 5 108.0
5 6 107.0
6 5 107.0
6 518 100.0
518 6 100.0
6 262 106.0
262 6 106.0
6 134 109.0
134 6 109.0
6 70 102.0
70 6 102.0
6 38 104.0
38 6 104.0
6 22 108.0
22 6 108.0
6 14 105.0
14 6 105.0
6 8 102.0
8 6 102.0
7 519 103.0
519 7 103.0
7 263 103.0
263 7 103.0
7 135 101.0
135 7 101.0
7 71 105.0
71 7 105.0
7 39 109.0
39 7 109.0
7 23 110.0
23 7 110.0
7 15 100.0
15 7 100.0
7 8 109.0
8 7 109.0
8 520 105.0
520 8 105.0
8 264 105.0
264 8 105.0
8 136 103.0
136 8 103.0
8 72 110.0
72 8 110.0
8 40 105.0
40 8 105.0
8 24 102.0
24 8 102.0
8 16 100.0
16 8 100.0
9 521 110.0
521 9 110.0
9 265 100.0
265 9 100.0
9 137 105.0
137 9 105.0
9 73 104.0
73 9 104.0
9 41 103.0
41 9 103.0
9 25 110.0
25 9 110.0
9 13 105.0
13 9 105.0
9 11 105.0
11 9 105.0
9 10 110.0
10 9 110.0
10 522 100.0
522 10 100.0
10 266 108.0
266 10 108.0
10 138 108.0
138 10 108.0
10 74 109.0
74 10 109.0
10 42 101.0
42 10 101.0
10 26 100.0
26 10 100.0
10 14 107.0
14 10 107.0
10 12 109.0
12 10 109.0
11 523 106.0
523 11 106.0
11 267 108.0
267 11 108.0
11 139 107.0
139 11 107.0
11 75 110.0
75 11 110.0
11 43 109.0
43 11 109.0
11 27 102.0
27 11 102.0
11 15 103.0
15 11 103.0
11 12 103.0
12 11 103.0
12 524 105.0
524 12 105.0
12 268 106.0
268 12 106.0
12 140 109.0
140 12 109.0
12 76 104.0
76 12 104.0
12 44 109.0
44 12 109.0
12 28 102.0
28 12 102.0
12 16 104.0
16 12 104.0
13 525 105.0
525 13 105.0
13 269 105.0
269 13 105.0
13 141 103.0
141 13 103.0
13 77 101.0
77 13 101.0
13 45 101.0
45 13 101.0
13 29 106.0
29 13 106.0
13 15 108.0
15 13 108.0
13 14 100.0
14 13 100.0
14 526 105.0
526 14 105.0
14 270 105.0
270 14 105.0
14 142 110.0
142 14 110.0
14 78 108.0
78 14 108.0
14 46 106.0
46 14 106.0
14 30 109.0
30 14 109.0
14 16 106.0
16 14 106.0
15 527 109.0
527 15 109.0
15 271 101.0
271 15 101.0
15 143 102.0
143 15 102.0
15 79 107.0
79 15 107.0
15 47 101.0
47 15 101.0
15 31 101.0
31 15 101.0
15 16 103.0
16 15 103.0
16 528 100.0
528 16 100.0
16 272 104.0
272 16 104.0
16 144 100.0
144 16 100.0
16 80 107.0
80 16 107.0
16 48 110.0
48 16 110.0
16 32 102.0
32 16 102.0
17 529 101.0
529 17 101.0
17 273 103.0
273 17 103.0
17 145 109.0
145 17 109.0
17 81 107.0
81 17 107.0
17 49 101.0
49 17 101.0
17 25 107.0
25 17 107.0
17 21 104.0
21 17 104.0
17 19 104.0
19 17 104.0
17 18 105.0
18 17 105.0
18 530 101.0
530 18 101.0
18 274 106.0
274 18 106.0
18 146 109.0
146 18 109.0
18 82 106.0
82 18 106.0
18 50 110.0
50 18 110.0
18 26 106.0
26 18 106.0
18 22 101.0
22 18 101.0
18 20 110.0
20 18 110.0
19 531 104.0
531 19 104.0
19 275 101.0
275 19 101.0
19 147 106.0
147 19 106.0
19 83 102.0
83 19 102.0
19 51 105.0
51 19 105.0
19 27 105.0
27 19 105.0
19 23 110.0
23 19 110.0
19 20 101.0
20 19 101.0
20 532 102.0
532 20 102.0
20 276 103.0
276 20 103.0
20 148 106.0
148 20 106.0
20 84 101.0
84 20 101.0
20 52 107.0
52 20 107.0
20 28 106.0
28 20 106.0
20 24 108.0
24 20 108.0
21 533 102.0
533 21 102.0
21 277 105.0
277 21 105.0
21 149 104.0
149 21 104.0
21 85 102.0
85 21 102.0
21 53 100.0
53 21 100.0
21 29 109.0
29 21 109.0
21 23 104.0
23 21 104.0
21 22 101.0
22 21 101.0
22 534 110.0
534 22 110.0
22 278 104.0
278 22 104.0
22 150 101.0
150 22 101.0
22 86 109.0
86 22 109.0
22 54 101.0
54 22 101.0
22 30 101.0
30 22 101.0
22 24 100.0
24 22 100.0
23 535 104.0
535 23 104.0
23 279 102.0
279 23 102.0
23 151 101.0
151 23 101.0
23 87 108.0
87 23 108.0
23 55 105.0
55 23 105.0
23 31 103.0
31 23 103.0
23 24 104.0
24 23 104.0
24 536 108.0
536 24 108.0
24 280 110.0
280 24 110.0
24 152 107.0
152 24 107.0
24 88 102.0
88 24 102.0
24 56 107.0
56 24 107.0
24 32 109.0
32 24 109.0
25 537 102.0
537 25 102.0
25 281 109.0
281 25 109.0
25 153 105.0
153 25 105.0
25 89 105.0
89 25 105.0
25 57 106.0
57 25 106.0
25 29 108.0
29 25 108.0
25 27 108.0
27 25 108.0
25 26 105.0
26 25 105.0
26 538 110.0
538 26 110.0
26 282 106.0
282 26 106.0
26 154 104.0
154 26 104.0
26 90 109.0
90 26 109.0
26 58 107.0
58 26 107.0
26 30 107.0
30 26 107.0
26 28 110.0
28 26 110.0
27 539 110.0
539 27 110.0
27 283 109.0
283 27 109.0
27 155 103.0
155 27 103.0
27 91 105.0
91 27 105.0
27 59 105.0
59 27 105.0
27 31 101.0
31 27 101.0
27 28 104.0
28 27 104.0
28 540 106.0
540 28 106.0
28 284 109.0
284 28 109.0
28 156 104.0
156 28 104.0
28 92 108.0
92 28 108.0
28 60 109.0
60 28 109.0
28 32 107.0
32 28 107.0
29 541 108.0
541 29 108.0
29 285 107.0
285 29 107.0
29 157 108.0
157 29 108.0
29 93 100.0
93 29 100.0
29 61 109.0
61 29 109.0
29 31 105.0
31 29 105.0
29 30 105.0
30 29 105.0
30 542 100.0
542 30 100.0
30 286 107.0
286 30 107.0
30 158 105.0
158 30 105.0
30 94 107.0
94 30 107.0
30 62 107.0
62 30 107.0
30 32 102.0
32 30 102.0
31 543 110.0
543 31 110.0
31 287 109.0
287 31 109.0
31 159 109.0
159 31 109.0
31 95 105.0
95 31 105.0
31 63 101.0
63 31 101.0
31 32 104.0
32 31 104.0
32 544 110.0
544 32 110.0
32 288 102.0
288 32 102.0
32 160 104.0
160 32 104.0
32 96 103.0
96 32 103.0
32 64 105.0
64 32 105.0
33 545 109.0
545 33 109.0
33 289 104.0
289 33 104.0
33 161 105.0
161 33 105.0
33 97 108.0
97 33 108.0
33 49 104.0
49 33 104.0
33 41 102.0
41 33 102.0
33 37 110.0
37 33 110.0
33 35 101.0
35 33 101.0
33 34 106.0
34 33 106.0
34 546 106.0
546 34 106.0
34 290 100.0
290 34 100.0
34 162 100.0
162 34 100.0
34 98 108.0
98 34 108.0
34 50 108.0
50 34 108.0
34 42 103.0
42 34 103.0
34 38 104.0
38 34 104.0
34 36 107.0
36 34 107.0
35 547 107.0
547 35 107.0
35 291 102.0
291 35 102.0
35 163 109.0
163 35 109.0
35 99 107.0
99 35 107.0
35 51 109.0
51 35 109.0
35 43 101.0
43 35 101.0
35 39 100.0
39 35 100.0
35 36 108.0
36 35 108.0
36 548 106.0
548 36 106.0
36 292 102.0
292 36 102.0
36 164 102.0
164 36 102.0
36 100 100.0
100 36 100.0
36 52 104.0
52 36 104.0
36 44 110.0
44 36 110.0
36 40 110.0
40 36 110.0
37 549 104.0
549 37 104.0
37 293 102.0
293 37 102.0
37 165 107.0
165 37 107.0
37 101 103.0
101 37 103.0
37 53 108.0
53 37 108.0
37 45 108.0
45 37 108.0
37 39 104.0
39 37 104.0
37 38 103.0
38 37 103.0
38 550 102.0
550 38 102.0
38 294 100.0
294 38 100.0
38 166 102.0
166 38 102.0
38 102 110.0
102 38 110.0
38 54 102.0
54 38 102.0
38 46 109.0
46 38 109.0
38 40 101.0
40 38 101.0
39 551 104.0
551 39 104.0
39 295 106.0
295 39 106.0
39 167 101.0
167 39 101.0
39 103 109.0
103 39 109.0
39 55 101.0
55 39 101.0
39 47 110.0
47 39 110.0
39 40 102.0
40 39 102.0
40 552 102.0
552 40 102.0
40 296 101.0
296 40 101.0
40 168 102.0
168 40 102.0
40 104 106.0
104 40 106.0
40 56 107.0
56 40 107.0
40 48 108.0
48 40 108.0
41 553 107.0
553 41 107.0
41 297 108.0
297 41 108.0
41 169 107.0
169 41 107.0
41 105 106.0
105 41 106.0
41 57 100.0
57 41 100.0
41 45 106.0
45 41 106.0
41 43 102.0
43 41 102.0
41 42 103.0
42 41 103.0
42 554 107.0
554 42 107.0
42 298 101.0
298 42 101.0
42 170 108.0
170 42 108.0
42 106 105.0
106 42 105.0
42 58 106.0
58 42 106.0
42 46 106.0
46 42 106.0
42 44 103.0
44 42 103.0
43 555 107.0
555 43 107.0
43 299 101.0
299 43 101.0
43 171 101.0
171 43 101.0
43 107 105.0
107 43 105.0
43 59 109.0
59 43 109.0
43 47 108.0
47 43 108.0
43 44 106.0
44 43 106.0
44 556 108.0
556 44 108.0
44 300 103.0
300 44 103.0
44 172 101.0
172 44 101.0
44 108 105.0
108 44 105.0
44 60 103.0
60 44 103.0
44 48 106.0
48 44 106.0
45 557 105.0
557 45 105.0
45 301 104.0
301 45 104.0
45 173 102.0
173 45 102.0
45 109 104.0
109 45 104.0
45 61 104.0
61 45 104.0
45 47 104.0
47 45 104.0
45 46 105.0
46 45 105.0
46 558 104.0
558 46 104.0
46 302 103.0
302 46 103.0
46 174 100.0
174 46 100.0
46 110 104.0
110 46 104.0
46 62 102.0
62 46 102.0
46 48 107.0
48 46 107.0
47 559 107.0
559 47 107.0
47 303 105.0
303 47 105.0
47 175 108.0
175 47 108.0
47 111 107.0
111 47 107.0
47 63 110.0
63 47 110.0
47 48 105.0
48 47 105.0
48 560 110.0
560 48 110.0
48 304 103.0
304 48 103.0
48 176 105.0
176 48 105.0
48 112 105.0
112 48 105.0
48 64 107.0
64 48 107.0
49 561 104.0
561 49 104.0
49 305 106.0
305 49 106.0
49 177 110.0
177 49 110.0
49 113 101.0
113 49 101.0
49 57 107.0
57 49 107.0
49 53 103.0
53 49 103.0
49 51 105.0
51 49 105.0
49 50 105.0
50 49 105.0
50 562 109.0
562 50 109.0
50 306 100.0
306 50 100.0
50 178 103.0
178 50 103.0
50 114 107.0
114 50 107.0
50 58 106.0
58 50 106.0
50 54 110.0
54 50 110.0
50 52 102.0
52 50 102.0
51 563 110.0
563 51 110.0
51 307 102.0
307 51 102.0
51 179 109.0
179 51 109.0
51 115 107.0
115 51 107.0
51 59 105.0
59 51 105.0
51 55 108.0
55 51 108.0
51 52 100.0
52 51 100.0
52 564 101.0
564 52 101.0
52 308 107.0
308 52 107.0
52 180 107.0
180 52 107.0
52 116 104.0
116 52 104.0
52 60 106.0
60 52 106.0
52 56 108.0
56 52 108.0
53 565 110.0
565 53 110.0
53 309 107.0
309 53 107.0
53 181 103.0
181 53 103.0
53 117 108.0
117 53 108.0
53 61 101.0
61 53 101.0
53 55 100.0
55 53 100.0
53 54 105.0
54 53 105.0
54 566 100.0
566 54 100.0
54 310 101.0
310 54 101.0
54 182 109.0
182 54 109.0
54 118 108.0
118 54 108.0
54 62 108.0
62 54 108.0
54 56 104.0
56 54 104.0
55 567 100.0
567 55 100.0
55 311 106.0
311 55 106.0
55 183 105.0
183 55 105.0
55 119 100.0
119 55 100.0
55 63 105.0
63 55 105.0
55 56 104.0
56 55 104.0
56 568 102.0
568 56 102.0
56 312 104.0
312 56 104.0
56 184 106.0
184 56 106.0
56 120 107.0
120 56 107.0
56 64 107.0
64 56 107.0
57 569 105.0
569 57 105.0
57 313 103.0
313 57 103.0
57 185 108.0
185 57 108.0
57 121 104.0
121 57 104.0
57 61 107.0
61 57 107.0
57 59 103.0
59 57 103.0
57 58 100.0
58 57 100.0
58 570 101.0
570 58 101.0
58 314 105.0
314 58 105.0
58 186 108.0
186 58 108.0
58 122 102.0
122 58 102.0
58 62 100.0
62 58 100.0
58 60 100.0
60 58 100.0
59 571 101.0
571 59 101.0
59 315 107.0
315 59 107.0
59 187 103.0
187 59 103.0
59 123 100.0
123 59 100.0
59 63 105.0
63 59 105.0
59 60 105.0
60 59 105.0
60 572 105.0
572 60 105.0
60 316 104.0
316 60 104.0
60 188 101.0
188 60 101.0
60 124 103.0
124 60 103.0
60 64 109.0
64 60 109.0
61 573 107.0
573 61 107.0
61 317 106.0
317 61 106.0
61 189 107.0
189 61 107.0
61 125 103.0
125 61 103.0
61 63 100.0
63 61 100.0
61 62 110.0
62 61 110.0
62 574 105.0
574 62 105.0
62 318 100.0
318 62 100.0
62 190 109.0
190 62 109.0
62 126 100.0
126 62 100.0
62 64 104.0
64 62 104.0
63 575 105.0
575 63 105.0
63 319 106.0
319 63 106.0
63 191 108.0
191 63 108.0
63 127 107.0
127 63 107.0
63 64 105.0
64 63 105.0
64 576 100.0
576 64 100.0
64 320 101.0
320 64 101.0
64 192 110.0
192 64 110.0
64 128 102.0
128 64 102.0
65 577 103.0
577 65 103.0
65 321 106.0
321 65 106.0
65 193 106.0
193 65 106.0
65 97 101.0
97 65 101.0
65 81 106.0
81 65 106.0
65 73 110.0
73 65 110.0
65 69 103.0
69 65 103.0
65 67 109.0
67 65 109.0
65 66 110.0
66 65 110.0
66 578 102.0
578 66 102.0
66 322 102.0
322 66 102.0
66 194 104.0
194 66 104.0
66 98 108.0
98 66 108.0
66 82 109.0
82 66 109.0
66 74 102.0
74 66 102.0
66 70 108.0
70 66 108.0
66 68 107.0
68 66 107.0
67 579 104.0
579 67 104.0
67 323 102.0
323 67 102.0
67 195 107.0
195 67 107.0
67 99 101.0
99 67 101.0
67 83 102.0
83 67 102.0
67 75 101.0
75 67 101.0
67 71 106.0
71 67 106.0
67 68 100.0
68 67 100.0
68 580 101.0
580 68 101.0
68 324 106.0
324 68 106.0
68 196 104.0
196 68 104.0
68 100 100.0
100 68 100.0
68 84 107.0
84 68 107.0
68 76 104.0
76 68 104.0
68 72 109.0
72 68 109.0
69 581 101.0
581 69 101.0
69 325 110.0
325 69 110.0
69 197 100.0
197 69 100.0
69 101 100.0
101 69 100.0
69 85 105.0
85 69 105.0
69 77 108.0
77 69 108.0
69 71 110.0
71 69 110.0
69 70 102.0
70 69 102.0
70 582 103.0
582 70 103.0
70 326 108.0
326 70 108.0
70 198 105.0
198 70 105.0
70 102 108.0
102 70 108.0
70 86 107.0
86 70 107.0
70 78 107.0
78 70 107.0
70 72 108.0
72 70 108.0
71 583 100.0
583 71 100.0
71 327 102.0
327 71 102.0
71 199 102.0
199 71 102.0
71 103 106.0
103 71 106.0
71 87 107.0
87 71 107.0
71 79 106.0
79 71 106.0
71 72 104.0
72 71 104.0
72 584 102.0
584 72 102.0
72 328 102.0
328 72 102.0
72 200 107.0
200 72 107.0
72 104 101.0
104 72 101.0
72 88 108.0
88 72 108.0
72 80 101.0
80 72 101.0
73 585 100.0
585 73 100.0
73 329 107.0
329 73 107.0
73 201 101.0
201 73 101.0
73 105 110.0
105 73 110.0
73 89 105.0
89 73 105.0
73 77 106.0
77 73 106.0
73 75 110.0
75 73 110.0
73 74 100.0
74 73 100.0
74 586 106.0
586 74 106.0
74 330 107.0
330 74 107.0
74 202 105.0
202 74 105.0
74 106 100.0
106 74 100.0
74 90 104.0
90 74 104.0
74 78 105.0
78 74 105.0
74 76 108.0
76 74 108.0
75 587 100.0
587 75 100.0
75 331 104.0
331 75 104.0
75 203 110.0
203 75 110.0
75 107 105.0
107 75 105.0
75 91 103.0
91 75 103.0
75 79 104.0
79 75 104.0
75 76 108.0
76 75 108.0
76 588 102.0
588 76 102.0
76 332 101.0
332 76 101.0
76 204 104.0
204 76 104.0
76 108 110.0
108 76 110.0
76 92 110.0
92 76 110.0
76 80 102.0
80 76 102.0
77 589 100.0
589 77 100.0
77 333 101.0
333 77 101.0
77 205 105.0
205 77 105.0
77 109 101.0
109 77 101.0
77 93 105.0
93 77 105.0
77 79 101.0
79 77 101.0
77 78 109.0
78 77 109.0
78 590 104.0
590 78 104.0
78 334 104.0
334 78 104.0
78 206 103.0
206 78 103.0
78 110 107.0
110 78 107.0
78 94 106.0
94 78 106.0
78 80 109.0
80 78 109.0
79 591 108.0
591 79 108.0
79 335 109.0
335 79 109.0
79 207 107.0
207 79 107.0
79 111 104.0
111 79 104.0
79 95 110.0
95 79 110.0
79 80 106.0
80 79 106.0
80 592 103.0
592 80 103.0
80 336 105.0
336 80 105.0
80 208 105.0
208 80 105.0
80 112 104.0
112 80 104.0
80 96 102.0
96 80 102.0
81 593 100.0
593 81 100.0
81 337 104.0
337 81 104.0
81 209 105.0
209 81 105.0
81 113 103.0
113 81 103.0
81 89 101.0
89 81 101.0
81 85 102.0
85 81 102.0
81 83 108.0
83 81 108.0
81 82 105.0
82 81 105.0
82 594 107.0
594 82 107.0
82 338 109.0
338 82 109.0
82 210 102.0
210 82 102.0
82 114 107.0
114 82 107.0
82 90 102.0
90 82 102.0
82 86 104.0
86 82 104.0
82 84 100.0
84 82 100.0
83 595 105.0
595 83 105.0
83 339 102.0
339 83 102.0
83 211 108.0
211 83 108.0
83 115 105.0
115 83 105.0
83 91 100.0
91 83 100.0
83 87 102.0
87 83 102.0
83 84 107.0
84 83 107.0
84 596 104.0
596 84 104.0
84 340 102.0
340 84 102.0
84 212 110.0
212 84 110.0
84 116 101.0
116 84 101.0
84 92 108.0
92 84 108.0
84 88 110.0
88 84 110.0
85 597 101.0
597 85 101.0
85 341 106.0
341 85 106.0
85 213 100.0
213 85 100.0
85 117 103.0
117 85 103.0
85 93 103.0
93 85 103.0
85 87 105.0
87 85 105.0
85 86 109.0
86 85 109.0
86 598 109.0
598 86 109.0
86 342 107.0
342 86 107.0
86 214 103.0
214 86 103.0
86 118 108.0
118 86 108.0
86 94 106.0
94 86 106.0
86 88 100.0
88 86 100.0
87 599 100.0
599 87 100.0
87 343 101.0
343 87 101.0
87 215 108.0
215 87 108.0
87 119 100.0
119 87 100.0
87 95 105.0
95 87 105.0
87 88 110.0
88 87 110.0
88 600 102.0
600 88 102.0
88 344 102.0
344 88 102.0
88 216 100.0
216 88 100.0
88 120 107.0
120 88 107.0
88 96 107.0
96 88 107.0
89 601 105.0
601 89 105.0
89 345 102.0
345 89 102.0
89 217 107.0
217 89 107.0
89 121 104.0
121 89 104.0
89 93 102.0
93 89 102.0
89 91 102.0
91 89 102.0
89 90 104.0
90 89 104.0
90 602 105.0
602 90 105.0
90 346 109.0
346 90 109.0
90 218 110.0
218 90 110.0
90 122 104.0
122 90 104.0
90 94 100.0
94 90 100.0
90 92 105.0
92 90 105.0
91 603 100.0
603 91 100.0
91 347 108.0
347 91 108.0
91 219 106.0
219 91 106.0
91 123 109.0
123 91 109.0
91 95 103.0
95 91 103.0
91 92 102.0
92 91 102.0
92 604 105.0
604 92 105.0
92 348 104.0
348 92 104.0
92 220 104.0
220 92 104.0
92 124 110.0
124 92 110.0
92 96 110.0
96 92 110.0
93 605 109.0
605 93 109.0
93 349 109.0
349 93 109.0
93 221 103.0
221 93 103.0
93 125 101.0
125 93 101.0
93 95 110.0
95 93 110.0
93 94 107.0
94 93 107.0
94 606 105.0
606 94 105.0
94 350 110.0
350 94 110.0
94 222 107.0
222 94 107.0
94 126 108.0
126 94 108.0
94 96 105.0
96 94 105.0
95 607 106.0
607 95 106.0
95 351 101.0
351 95 101.0
95 223 110.0
223 95 110.0
95 127 109.0
127 95 109.0
95 96 101.0
96 95 101.0
96 608 100.0
608 96 100.0
96 352 103.0
352 96 103.0
96 224 101.0
224 96 101.0
96 128 101.0
128 96 101.0
97 609 105.0
609 97 105.0
97 353 100.0
353 97 100.0
97 225 106.0
225 97 106.0
97 113 109.0
113 97 109.0
97 105 105.0
105 97 105.0
97 101 107.0
101 97 107.0
97 99 108.0
99 97 108.0
97 98 107.0
98 97 107.0
98 610 100.0
610 98 100.0
98 354 102.0
354 98 102.0
98 226 107.0
226 98 107.0
98 114 103.0
114 98 103.0
98 106 100.0
106 98 100.0
98 102 101.0
102 98 101.0
98 100 110.0
100 98 110.0
99 611 102.0
611 99 102.0
99 355 104.0
355 99 104.0
99 227 106.0
227 99 106.0
99 115 101.0
115 99 101.0
99 107 100.0
107 99 100.0
99 103 107.0
103 99 107.0
99 100 108.0
100 99 108.0
100 612 107.0
612 100 107.0
100 356 100.0
356 100 100.0
100 228 106.0
228 100 106.0
100 116 110.0
116 100 110.0
100 108 110.0
108 100 110.0
100 104 104.0
104 100 104.0
101 613 105.0
613 101 105.0
101 357 109.0
357 101 109.0
101 229 110.0
229 101 110.0
101 117 106.0
117 101 106.0
101 109 107.0
109 101 107.0
101 103 105.0
103 101 105.0
101 102 105.0
102 101 105.0
102 614 101.0
614 102 101.0
102 358 110.0
358 102 110.0
102 230 106.0
230 102 106.0
102 118 103.0
118 102 103.0
102 110 105.0
110 102 105.0
102 104 107.0
104 102 107.0
103 615 107.0
615 103 107.0
103 359 101.0
359 103 101.0
103 231 106.0
231 103 106.0
103 119 106.0
119 103 106.0
103 111 107.0
111 103 107.0
103 104 105.0
104 103 105.0
104 616 106.0
616 104 106.0
104 360 106.0
360 104 106.0
104 232 104.0
232 104 104.0
104 120 101.0
120 104 101.0
104 112 105.0
112 104 105.0
105 617 108.0
617 105 108.0
105 361 100.0
361 105 100.0
105 233 100.0
233 105 100.0
105 121 105.0
121 105 105.0
105 109 103.0
109 105 103.0
105 107 100.0
107 105 100.0
105 106 102.0
106 105 102.0
106 618 101.0
618 106 101.0
106 362 104.0
362 106 104.0
106 234 106.0
234 106 106.0
106 122 106.0
122 106 106.0
106 110 106.0
110 106 106.0
106 108 110.0
108 106 110.0
107 619 108.0
619 107 108.0
107 363 105.0
363 107 105.0
107 235 105.0
235 107 105.0
107 123 107.0
123 107 107.0
107 111 107.0
111 107 107.0
107 108 104.0
108 107 104.0
108 620 105.0
620 108 105.0
108 364 105.0
364 108 105.0
108 236 107.0
236 108 107.0
108 124 105.0
124 108 105.0
108 112 103.0
112 108 103.0
109 621 106.0
621 109 106.0
109 365 103.0
365 109 103.0
109 237 107.0
237 109 107.0
109 125 105.0
125 109 105.0
109 111 110.0
111 109 110.0
109 110 102.0
110 109 102.0
110 622 104.0
622 110 104.0
110 366 106.0
366 110 106.0
110 238 108.0
238 110 108.0
110 126 110.0
126 110 110.0
110 112 107.0
112 110 107.0
111 623 109.0
623 111 109.0
111 367 105.0
367 111 105.0
111 239 102.0
239 111 102.0
111 127 101.0
127 111 101.0
111 112 109.0
112 111 109.0
112 624 102.0
624 112 102.0
112 368 107.0
368 112 107.0
112 240 100.0
240 112 100.0
112 128 110.0
128 112 110.0
113 625 103.0
625 113 103.0
113 369 109.0
369 113 109.0
113 241 103.0
241 113 103.0
113 121 110.0
121 113 110.0
113 117 105.0
117 113 105.0
113 115 101.0
115 113 101.0
113 114 104.0
114 113 104.0
114 626 107.0
626 114 107.0
114 370 104.0
370 114 104.0
114 242 101.0
242 114 101.0
114 122 108.0
122 114 108.0
114 118 101.0
118 114 101.0
114 116 104.0
116 114 104.0
115 627 103.0
627 115 103.0
115 371 103.0
371 115 103.0
115 243 108.0
243 115 108.0
115 123 103.0
123 115 103.0
115 119 103.0
119 115 103.0
115 116 100.0
116 115 100.0
116 628 106.0
628 116 106.0
116 372 105.0
372 116 105.0
116 244 102.0
244 116 102.0
116 124 101.0
124 116 101.0
116 120 110.0
120 116 110.0
117 629 109.0
629 117 109.0
117 373 105.0
373 117 105.0
117 245 104.0
245 117 104.0
117 125 108.0
125 117 108.0
117 119 101.0
119 117 101.0
117 118 101.0
118 117 101.0
118 630 100.0
630 118 100.0
118 374 101.0
374 118 101.0
118 246 105.0
246 118 105.0
118 126 104.0
126 118 104.0
118 120 109.0
120 118 109.0
119 631 104.0
631 119 104.0
119 375 104.0
375 119 104.0
119 247 107.0
247 119 107.0
119 127 103.0
127 119 103.0
119 120 100.0
120 119 100.0
120 632 108.0
632 120 108.0
120 376 109.0
376 120 109.0
120 248 110.0
248 120 110.0
120 128 109.0
128 120 109.0
121 633 108.0
633 121 108.0
121 377 101.0
377 121 101.0
121 249 106.0
249 121 106.0
121 125 100.0
125 121 100.0
121 123 108.0
123 121 108.0
121 122 105.0
122 121 105.0
122 634 109.0
634 122 109.0
122 378 103.0
378 122 103.0
122 250 109.0
250 122 109.0
122 126 106.0
126 122 106.0
122 124 104.0
124 122 104.0
123 635 108.0
635 123 108.0
123 379 105.0
379 123 105.0
123 251 110.0
251 123 110.0
123 127 104.0
127 123 104.0
123 124 106.0
124 123 106.0
124 636 108.0
636 124 108.0
124 380 109.0
380 124 109.0
124 252 103.0
252 124 103.0
124 128 102.0
128 124 102.0
125 637 108.0
637 125 108.0
125 381 107.0
381 125 107.0
125 253 109.0
253 125 109.0
125 127 100.0
127 125 100.0
125 126 107.0
126 125 107.0
126 638 109.0
638 126 109.0
126 382 103.0
382 126 103.0
126 254 100.0
254 126 100.0
126 128 101.0
128 126 101.0
127 639 104.0
639 127 104.0
127 383 101.0
383 127 101.0
127 255 107.0
255 127 107.0
127 128 106.0
128 127 106.0
128 640 108.0
640 128 108.0
128 384 109.0
384 128 109.0
128 256 108.0
256 128 108.0
129 641 106.0
641 129 106.0
129 385 109.0
385 129 109.0
129 193 109.0
193 129 109.0
129 161 105.0
161 129 105.0
129 145 101.0
145 129 101.0
129 137 104.0
137 129 104.0
129 133 104.0
133 129 104.0
129 131 107.0
131 129 107.0
129 130 101.0
130 129 101.0
130 642 100.0
642 130 100.0
130 386 101.0
386 130 101.0
130 194 105.0
194 130 105.0
130 162 107.0
162 130 107.0
130 146 102.0
146 130 102.0
130 138 104.0
138 130 104.0
130 134 110.0
134 130 110.0
130 132 106.0
132 130 106.0
131 643 107.0
643 131 107.0
131 387 109.0
387 131 109.0
131 195 103.0
195 131 103.0
131 163 109.0
163 131 109.0
131 147 108.0
147 131 108.0
131 139 104.0
139 131 104.0
131 135 100.0
135 131 100.0
131 132 105.0
132 131 105.0
132 644 105.0
644 132 105.0
132 388 104.0
388 132 104.0
132 196 105.0
196 132 105.0
132 164 108.0
164 132 108.0
132 148 110.0
148 132 110.0
132 140 103.0
140 132 103.0
132 136 101.0
136 132 101.0
133 645 101.0
645 133 101.0
133 389 100.0
389 133 100.0
133 197 110.0
197 133 110.0
133 165 104.0
165 133 104.0
133 149 102.0
149 133 102.0
133 141 110.0
141 133 110.0
133 135 109.0
135 133 109.0
133 134 102.0
134 133 102.0
134 646 101.0
646 134 101.0
134 390 102.0
390 134 102.0
134 198 103.0
198 134 103.0
134 166 106.0
166 134 106.0
134 150 104.0
150 134 104.0
134 142 106.0
142 134 106.0
134 136 104.0
136 134 104.0
135 647 104.0
647 135 104.0
135 391 104.0
391 135 104.0
135 199 106.0
199 135 106.0
135 167 104.0
167 135 104.0
135 151 101.0
151 135 101.0
135 143 107.0
143 135 107.0
135 136 110.0
136 135 110.0
136 648 107.0
648 136 107.0
136 392 104.0
392 136 104.0
136 200 109.0
200 136 109.0
136 168 109.0
168 136 109.0
136 152 108.0
152 136 108.0
136 144 104.0
144 136 104.0
137 649 100.0
649 137 100.0
137 393 105.0
393 137 105.0
137 201 107.0
201 137 107.0
137 169 107.0
169 137 107.0
137 153 107.0
153 137 107.0
137 141 108.0
141 137 108.0
137 139 104.0
139 137 104.0
137 138 103.0
138 137 103.0
138 650 104.0
650 138 104.0
138 394 103.0
394 138 103.0
138 202 107.0
202 138 107.0
138 170 101.0
170 138 101.0
138 154 103.0
154 138 103.0
138 142 107.0
142 138 107.0
138 140 109.0
140 138 109.0
139 651 103.0
651 139 103.0
139 395 101.0
395 139 101.0
139 203 106.0
203 139 106.0
139 171 100.0
171 139 100.0
139 155 110.0
155 139 110.0
139 143 104.0
143 139 104.0
139 140 105.0
140 139 105.0
140 652 103.0
652 140 103.0
140 396 102.0
396 140 102.0
140 204 103.0
204 140 103.0
140 172 109.0
172 140 109.0
140 156 101.0
156 140 101.0
140 144 106.0
144 140 106.0
141 653 100.0
653 141 100.0
141 397 105.0
397 141 105.0
141 205 104.0
205 141 104.0
141 173 101.0
173 141 101.0
141 157 108.0
157 141 108.0
141 143 107.0
143 141 107.0
141 142 100.0
142 141 100.0
142 654 108.0
654 142 108.0
142 398 106.0
398 142 106.0
142 206 103.0
206 142 103.0
142 174 104.0
174 142 104.0
142 158 103.0
158 142 103.0
142 144 105.0
144 142 105.0
143 655 107.0
655 143 107.0
143 399 109.0
399 143 109.0
143 207 102.0
207 143 102.0
143 175 105.0
175 143 105.0
143 159 104.0
159 143 104.0
143 144 100.0
144 143 100.0
144 656 100.0
656 144 100.0
144 400 102.0
400 144 102.0
144 208 106.0
208 144 106.0
144 176 109.0
176 144 109.0
144 160 104.0
160 144 104.0
145 657 109.0
657 145 109.0
145 401 103.0
401 145 103.0
145 209 101.0
209 145 101.0
145 177 103.0
177 145 103.0
145 153 110.0
153 145 110.0
145 149 106.0
149 145 106.0
145 147 104.0
147 145 104.0
145 146 105.0
146 145 105.0
146 658 106.0
658 146 106.0
146 402 110.0
402 146 110.0
146 210 104.0
210 146 104.0
146 178 100.0
178 146 100.0
146 154 104.0
154 146 104.0
146 150 106.0
150 146 106.0
146 148 108.0
148 146 108.0
147 659 109.0
659 147 109.0
147 403 101.0
403 147 101.0
147 211 101.0
211 147 101.0
147 179 107.0
179 147 107.0
147 155 109.0
155 147 109.0
147 151 106.0
151 147 106.0
147 148 107.0
148 147 107.0
148 660 110.0
660 148 110.0
148 404 100.0
404 148 100.0
148 212 110.0
212 148 110.0
148 180 102.0
180 148 102.0
148 156 110.0
156 148 110.0
148 152 105.0
152 148 105.0
149 661 103.0
661 149 103.0
149 405 107.0
405 149 107.0
149 213 106.0
213 149 106.0
149 181 109.0
181 149 109.0
149 157 109.0
157 149 109.0
149 151 107.0
151 149 107.0
149 150 108.0
150 149 108.0
150 662 107.0
662 150 107.0
150 406 103.0
406 150 103.0
150 214 105.0
214 150 105.0
150 182 107.0
182 150 107.0
150 158 103.0
158 150 103.0
150 152 109.0
152 150 109.0
151 663 104.0
663 151 104.0
151 407 110.0
407 151 110.0
151 215 103.0
215 151 103.0
151 183 110.0
183 151 110.0
151 159 101.0
159 151 101.0
151 152 104.0
152 151 104.0
152 664 109.0
664 152 109.0
152 408 110.0
408 152 110.0
152 216 103.0
216 152 103.0
152 184 105.0
184 152 105.0
152 160 105.0
160 152 105.0
153 665 108.0
665 153 108.0
153 409 110.0
409 153 110.0
153 217 107.0
217 153 107.0
153 185 102.0
185 153 102.0
153 157 110.0
157 153 110.0
153 155 106.0
155 153 106.0
153 154 101.0
154 153 101.0
154 666 102.0
666 154 102.0
154 410 109.0
410 154 109.0
154 218 102.0
218 154 102.0
154 186 101.0
186 154 101.0
154 158 109.0
158 154 109.0
154 156 106.0
156 154 106.0
155 667 106.0
667 155 106.0
155 411 109.0
411 155 109.0
155 219 107.0
219 155 107.0
155 187 104.0
187 155 104.0
155 159 109.0
159 155 109.0
155 156 107.0
156 155 107.0
156 668 101.0
668 156 101.0
156 412 100.0
412 156 100.0
156 220 107.0
220 156 107.0
156 188 106.0
188 156 106.0
156 160 105.0
160 156 105.0
157 669 106.0
669 157 106.0
157 413 100.0
413 157 100.0
157 221 103.0
221 157 103.0
157 189 109.0
189 157 109.0
157 159 104.0
159 157 104.0
157 158 107.0
158 157 107.0
158 670 106.0
670 158 106.0
158 414 100.0
414 158 100.0
158 222 108.0
222 158 108.0
158 190 103.0
190 158 103.0
158 160 104.0
160 158 104.0
159 671 101.0
671 159 101.0
159 415 101.0
415 159 101.0
159 223 109.0
223 159 109.0
159 191 110.0
191 159 110.0
159 160 106.0
160 159 106.0
160 672 100.0
672 160 100.0
160 416 107.0
416 160 107.0
160 224 105.0
224 160 105.0
160 192 106.0
192 160 106.0
161 673 109.0
673 161 109.0
161 417 104.0
417 161 104.0
161 225 107.0
225 161 107.0
161 177 102.0
177 161 102.0
161 169 105.0
169 161 105.0
161 165 102.0
165 161 102.0
161 163 110.0
163 161 110.0
161 162 102.0
162 161 102.0
162 674 110.0
674 162 110.0
162 418 105.0
418 162 105.0
162 226 101.0
226 162 101.0
162 178 110.0
178 162 110.0
162 170 109.0
170 162 109.0
162 166 102.0
166 162 102.0
162 164 100.0
164 162 100.0
163 675 108.0
675 163 108.0
163 419 100.0
419 163 100.0
163 227 110.0
227 163 110.0
163 179 107.0
179 163 107.0
163 171 106.0
171 163 106.0
163 167 101.0
167 163 101.0
163 164 101.0
164 163 101.0
164 676 109.0
676 164 109.0
164 420 105.0
420 164 105.0
164 228 107.0
228 164 107.0
164 180 105.0
180 164 105.0
164 172 105.0
172 164 105.0
164 168 101.0
168 164 101.0
165 677 109.0
677 165 109.0
165 421 107.0
421 165 107.0
165 229 103.0
229 165 103.0
165 181 104.0
181 165 104.0
165 173 104.0
173 165 104.0
165 167 109.0
167 165 109.0
165 166 102.0
166 165 102.0
166 678 101.0
678 166 101.0
166 422 108.0
422 166 108.0
166 230 107.0
230 166 107.0
166 182 102.0
182 166 102.0
166 174 109.0
174 166 109.0
166 168 100.0
168 166 100.0
167 679 101.0
679 167 101.0
167 423 102.0
423 167 102.0
167 231 103.0
231 167 103.0
167 183 108.0
183 167 108.0
167 175 107.0
175 167 107.0
167 168 107.0
168 167 107.0
168 680 106.0
680 168 106.0
168 424 103.0
424 168 103.0
168 232 101.0
232 168 101.0
168 184 103.0
184 168 103.0
168 176 101.0
176 168 101.0
169 681 102.0
681 169 102.0
169 425 107.0
425 169 107.0
169 233 104.0
233 169 104.0
169 185 109.0
185 169 109.0
169 173 106.0
173 169 106.0
169 171 103.0
171 169 103.0
169 170 104.0
170 169 104.0
170 682 107.0
682 170 107.0
170 426 109.0
426 170 109.0
170 234 108.0
234 170 108.0
170 186 109.0
186 170 109.0
170 174 103.0
174 170 103.0
170 172 102.0
172 170 102.0
171 683 101.0
683 171 101.0
171 427 105.0
427 171 105.0
171 235 100.0
235 171 100.0
171 187 110.0
187 171 110.0
171 175 108.0
175 171 108.0
171 172 101.0
172 171 101.0
172 684 101.0
684 172 101.0
172 428 104.0
428 172 104.0
172 236 108.0
236 172 108.0
172 188 102.0
188 172 102.0
172 176 104.0
176 172 104.0
173 685 100.0
685 173 100.0
173 429 110.0
429 173 110.0
173 237 101.0
237 173 101.0
173 189 102.0
189 173 102.0
173 175 105.0
175 173 105.0
173 174 108.0
174 173 108.0
174 686 102.0
686 174 102.0
174 430 102.0
430 174 102.0
174 238 103.0
238 174 103.0
174 190 104.0
190 174 104.0
174 176 102.0
176 174 102.0
175 687 110.0
687 175 110.0
175 431 108.0
431 175 108.0
175 239 106.0
239 175 106.0
175 191 106.0
191 175 106.0
175 176 103.0
176 175 103.0
176 688 109.0
688 176 109.0
176 432 102.0
432 176 102.0
176 240 101.0
240 176 101.0
176 192 108.0
192 176 108.0
177 689 107.0
689 177 107.0
177 433 100.0
433 177 100.0
177 241 108.0
241 177 108.0
177 185 101.0
185 177 101.0
177 181 109.0
181 177 109.0
177 179 107.0
179 177 107.0
177 178 103.0
178 177 103.0
178 690 104.0
690 178 104.0
178 434 102.0
434 178 102.0
178 242 103.0
242 178 103.0
178 186 100.0
186 178 100.0
178 182 110.0
182 178 110.0
178 180 108.0
180 178 108.0
179 691 104.0
691 179 104.0
179 435 108.0
435 179 108.0
179 243 109.0
243 179 109.0
179 187 109.0
187 179 109.0
179 183 101.0
183 179 101.0
179 180 103.0
180 179 103.0
180 692 110.0
692 180 110.0
180 436 103.0
436 180 103.0
180 244 103.0
244 180 103.0
180 188 100.0
188 180 100.0
180 184 106.0
184 180 106.0
181 693 108.0
693 181 108.0
181 437 109.0
437 181 109.0
181 245 105.0
245 181 105.0
181 189 108.0
189 181 108.0
181 183 107.0
183 181 107.0
181 182 104.0
182 181 104.0
182 694 103.0
694 182 103.0
182 438 103.0
438 182 103.0
182 246 103.0
246 182 103.0
182 190 110.0
190 182 110.0
182 184 106.0
184 182 106.0
183 695 108.0
695 183 108.0
183 439 101.0
439 183 101.0
183 247 108.0
247 183 108.0
183 191 102.0
191 183 102.0
183 184 106.0
184 183 106.0
184 696 109.0
696 184 109.0
184 440 103.0
440 184 103.0
184 248 106.0
248 184 106.0
184 192 101.0
192 184 101.0
185 697 104.0
697 185 104.0
185 441 101.0
441 185 101.0
185 249 102.0
249 185 102.0
185 189 101.0
189 185 101.0
185 187 102.0
187 185 102.0
185 186 108.0
186 185 108.0
186 698 100.0
698 186 100.0
186 442 105.0
442 186 105.0
186 250 110.0
250 186 110.0
186 190 102.0
190 186 102.0
186 188 102.0
188 186 102.0
187 699 107.0
699 187 107.0
187 443 100.0
443 187 100.0
187 251 109.0
251 187 109.0
187 191 101.0
191 187 101.0
187 188 101.0
188 187 101.0
188 700 108.0
700 188 108.0
188 444 110.0
444 188 110.0
188 252 100.0
252 188 100.0
188 192 100.0
192 188 100.0
189 701 109.0
701 189 109.0
189 445 101.0
445 189 101.0
189 253 108.0
253 189 108.0
189 191 102.0
191 189 102.0
189 190 104.0
190 189 104.0
190 702 106.0
702 190 106.0
190 446 107.0
446 190 107.0
190 254 100.0
254 190 100.0
190 192 110.0
192 190 110.0
191 703 108.0
703 191 108.0
191 447 104.0
447 191 104.0
191 255 100.0
255 191 100.0
191 192 101.0
192 191 101.0
192 704 110.0
704 192 110.0
192 448 109.0
448 192 109.0
192 256 107.0
256 192 107.0
193 705 109.0
705 193 109.0
193 449 102.0
449 193 102.0
193 225 107.0
225 193 107.0
193 209 106.0
209 193 106.0
193 201 102.0
201 193 102.0
193 197 102.0
197 193 102.0
193 195 100.0
195 193 100.0
193 194 104.0
194 193 104.0
194 706 104.0
706 194 104.0
194 450 110.0
450 194 110.0
194 226 100.0
226 194 100.0
194 210 105.0
210 194 105.0
194 202 104.0
202 194 104.0
194 198 109.0
198 194 109.0
194 196 108.0
196 194 108.0
195 707 106.0
707 195 106.0
195 451 103.0
451 195 103.0
195 227 106.0
227 195 106.0
195 211 107.0
211 195 107.0
195 203 107.0
203 195 107.0
195 199 102.0
199 195 102.0
195 196 100.0
196 195 100.0
196 708 110.0
708 196 110.0
196 452 102.0
452 196 102.0
196 228 107.0
228 196 107.0
196 212 106.0
212 196 106.0
196 204 104.0
204 196 104.0
196 200 101.0
200 196 101.0
197 709 104.0
709 197 104.0
197 453 101.0
453 197 101.0
197 229 106.0
229 197 106.0
197 213 105.0
213 197 105.0
197 205 105.0
205 197 105.0
197 199 109.0
199 197 109.0
197 198 100.0
198 197 100.0
198 710 103.0
710 198 103.0
198 454 101.0
454 198 101.0
198 230 103.0
230 198 103.0
198 214 109.0
214 198 109.0
198 206 110.0
206 198 110.0
198 200 109.0
200 198 109.0
199 711 110.0
711 199 110.0
199 455 108.0
455 199 108.0
199 231 108.0
231 199 108.0
199 215 109.0
215 199 109.0
199 207 104.0
207 199 104.0
199 200 107.0
200 199 107.0
200 712 107.0
712 200 107.0
200 456 108.0
456 200 108.0
200 232 105.0
232 200 105.0
200 216 102.0
216 200 102.0
200 208 104.0
208 200 104.0
201 713 110.0
713 201 110.0
201 457 105.0
457 201 105.0
201 233 104.0
233 201 104.0
201 217 105.0
217 201 105.0
201 205 102.0
205 201 102.0
201 203 109.0
203 201 109.0
201 202 110.0
202 201 110.0
202 714 101.0
714 202 101.0
202 458 105.0
458 202 105.0
202 234 107.0
234 202 107.0
202 218 103.0
218 202 103.0
202 206 104.0
206 202 104.0
202 204 108.0
204 202 108.0
203 715 100.0
715 203 100.0
203 459 103.0
459 203 103.0
203 235 102.0
235 203 102.0
203 219 108.0
219 203 108.0
203 207 103.0
207 203 103.0
203 204 107.0
204 203 107.0
204 716 104.0
716 204 104.0
204 460 108.0
460 204 108.0
204 236 107.0
236 204 107.0
204 220 106.0
220 204 106.0
204 208 106.0
208 204 106.0
205 717 108.0
717 205 108.0
205 461 100.0
461 205 100.0
205 237 106.0
237 205 106.0
205 221 103.0
221 205 103.0
205 207 105.0
207 205 105.0
205 206 105.0
206 205 105.0
206 718 105.0
718 206 105.0
206 462 103.0
462 206 103.0
206 238 109.0
238 206 109.0
206 222 101.0
222 206 101.0
206 208 104.0
208 206 104.0
207 719 104.0
719 207 104.0
207 463 109.0
463 207 109.0
207 239 100.0
239 207 100.0
207 223 105.0
223 207 105.0
207 208 108.0
208 207 108.0
208 720 103.0
720 208 103.0
208 464 110.0
464 208 110.0
208 240 110.0
240 208 110.0
208 224 110.0
224 208 110.0
209 721 108.0
721 209 108.0
209 465 103.0
465 209 103.0
209 241 108.0
241 209 108.0
209 217 102.0
217 209 102.0
209 213 106.0
213 209 106.0
209 211 105.0
211 209 105.0
209 210 102.0
210 209 102.0
210 722 102.0
722 210 102.0
210 466 106.0
466 210 106.0
210 242 105.0
242 210 105.0
210 218 108.0
218 210 108.0
210 214 106.0
214 210 106.0
210 212 110.0
212 210 110.0
211 723 108.0
723 211 108.0
211 467 106.0
467 211 106.0
211 243 101.0
243 211 101.0
211 219 101.0
219 211 101.0
211 215 105.0
215 211 105.0
211 212 102.0
212 211 102.0
212 724 106.0
724 212 106.0
212 468 103.0
468 212 103.0
212 244 107.0
244 212 107.0
212 220 100.0
220 212 100.0
212 216 109.0
216 212 109.0
213 725 109.0
725 213 109.0
213 469 103.0
469 213 103.0
213 245 101.0
245 213 101.0
213 221 108.0
221 213 108.0
213 215 107.0
215 213 107.0
213 214 104.0
214 213 104.0
214 726 106.0
726 214 106.0
214 470 106.0
470 214 106.0
214 246 105.0
246 214 105.0
214 222 106.0
222 214 106.0
214 216 110.0
216 214 110.0
215 727 106.0
727 215 106.0
215 471 102.0
471 215 102.0
215 247 100.0
247 215 100.0
215 223 106.0
223 215 106.0
215 216 103.0
216 215 103.0
216 728 100.0
728 216 100.0
216 472 101.0
472 216 101.0
216 248 106.0
248 216 106.0
216 224 104.0
224 216 104.0
217 729 106.0
729 217 106.0
217 473 108.0
473 217 108.0
217 249 104.0
249 217 104.0
217 221 104.0
221 217 104.0
217 219 104.0
219 217 104.0
217 218 100.0
218 217 100.0
218 730 106.0
730 218 106.0
218 474 104.0
474 218 104.0
218 250 101.0
250 218 101.0
218 222 103.0
222 218 103.0
218 220 107.0
220 218 107.0
219 731 106.0
731 219 106.0
219 475 109.0
475 219 109.0
219 251 105.0
251 219 105.0
219 223 110.0
223 219 110.0
219 220 100.0
220 219 100.0
220 732 105.0
732 220 105.0
220 476 101.0
476 220 101.0
220 252 110.0
252 220 110.0
220 224 106.0
224 220 106.0
221 733 107.0
733 221 107.0
221 477 101.0
477 221 101.0
221 253 105.0
253 221 105.0
221 223 100.0
223 221 100.0
221 222 104.0
222 221 104.0
222 734 110.0
734 222 110.0
222 478 104.0
478 222 104.0
222 254 109.0
254 222 109.0
222 224 110.0
224 222 110.0
223 735 106.0
735 223 106.0
223 479 101.0
479 223 101.0
223 255 109.0
255 223 109.0
223 224 102.0
224 223 102.0
224 736 107.0
736 224 107.0
224 480 107.0
480 224 107.0
224 256 110.0
256 224 110.0
225 737 105.0
737 225 105.0
225 481 101.0
481 225 101.0
225 241 101.0
241 225 101.0
225 233 103.0
233 225 103.0
225 229 110.0
229 225 110.0
225 227 106.0
227 225 106.0
225 226 109.0
226 225 109.0
226 738 100.0
738 226 100.0
226 482 110.0
482 226 110.0
226 242 110.0
242 226 110.0
226 234 105.0
234 226 105.0
226 230 103.0
230 226 103.0
226 228 105.0
228 226 105.0
227 739 104.0
739 227 104.0
227 483 109.0
483 227 109.0
227 243 102.0
243 227 102.0
227 235 104.0
235 227 104.0
227 231 108.0
231 227 108.0
227 228 108.0
228 227 108.0
228 740 107.0
740 228 107.0
228 484 107.0
484 228 107.0
228 244 107.0
244 228 107.0
228 236 103.0
236 228 103.0
228 232 101.0
232 228 101.0
229 741 107.0
741 229 107.0
229 485 110.0
485 229 110.0
229 245 101.0
245 229 101.0
229 237 100.0
237 229 100.0
229 231 101.0
231 229 101.0
229 230 101.0
230 229 101.0
230 742 102.0
742 230 102.0
230 486 107.0
486 230 107.0
230 246 107.0
246 230 107.0
230 238 105.0
238 230 105.0
230 232 103.0
232 230 103.0
231 743 105.0
743 231 105.0
231 487 103.0
487 231 103.0
231 247 101.0
247 231 101.0
231 239 109.0
239 231 109.0
231 232 104.0
232 231 104.0
232 744 101.0
744 232 101.0
232 488 107.0
488 232 107.0
232 248 110.0
248 232 110.0
232 240 109.0
240 232 109.0
233 745 107.0
745 233 107.0
233 489 102.0
489 233 102.0
233 249 101.0
249 233 101.0
233 237 100.0
237 233 100.0
233 235 101.0
235 233 101.0
233 234 101.0
234 233 101.0
234 746 103.0
746 234 103.0
234 490 106.0
490 234 106.0
234 250 110.0
250 234 110.0
234 238 102.0
238 234 102.0
234 236 100.0
236 234 100.0
235 747 100.0
747 235 100.0
235 491 109.0
491 235 109.0
235 251 109.0
251 235 109.0
235 239 110.0
239 235 110.0
235 236 106.0
236 235 106.0
236 748 101.0
748 236 101.0
236 492 105.0
492 236 105.0
236 252 108.0
252 236 108.0
236 240 110.0
240 236 110.0
237 749 106.0
749 237 106.0
237 493 106.0
493 237 106.0
237 253 105.0
253 237 105.0
237 239 108.0
239 237 108.0
237 238 103.0
238 237 103.0
238 750 101.0
750 238 101.0
238 494 105.0
494 238 105.0
238 254 104.0
254 238 104.0
238 240 109.0
240 238 109.0
239 751 110.0
751 239 110.0
239 495 100.0
495 239 100.0
239 255 103.0
255 239 103.0
239 240 105.0
240 239 105.0
240 752 109.0
752 240 109.0
240 496 109.0
496 240 109.0
240 256 102.0
256 240 102.0
241 753 108.0
753 241 108.0
241 497 109.0
497 241 109.0
241 249 104.0
249 241 104.0
241 245 107.0
245 241 107.0
241 243 104.0
243 241 104.0
241 242 105.0
242 241 105.0
242 754 105.0
754 242 105.0
242 498 101.0
498 242 101.0
242 250 104.0
250 242 104.0
242 246 108.0
246 242 108.0
242 244 102.0
244 242 102.0
243 755 103.0
755 243 103.0
243 499 102.0
499 243 102.0
243 251 108.0
251 243 108.0
243 247 106.0
247 243 106.0
243 244 107.0
244 243 107.0
244 756 103.0
756 244 103.0
244 500 101.0
500 244 101.0
244 252 102.0
252 244 102.0
244 248 105.0
248 244 105.0
245 757 105.0
757 245 105.0
245 501 101.0
501 245 101.0
245 253 110.0
253 245 110.0
245 247 104.0
247 245 104.0
245 246 100.0
246 245 100.0
246 758 101.0
758 246 101.0
246 502 106.0
502 246 106.0
246 254 110.0
254 246 110.0
246 248 101.0
248 246 101.0
247 759 103.0
759 247 103.0
247 503 103.0
503 247 103.0
247 255 103.0
255 247 103.0
247 248 101.0
248 247 101.0
248 760 103.0
760 248 103.0
248 504 104.0
504 248 104.0
248 256 107.0
256 248 107.0
249 761 106.0
761 249 106.0
249 505 100.0
505 249 100.0
249 253 103.0
253 249 103.0
249 251 100.0
251 249 100.0
249 250 105.0
250 249 105.0
250 762 105.0
762 250 105.0
250 506 103.0
506 250 103.0
250 254 102.0
254 250 102.0
250 252 104.0
252 250 104.0
251 763 107.0
763 251 107.0
251 507 103.0
507 251 103.0
251 255 100.0
255 251 100.0
251 252 110.0
252 251 110.0
252 764 101.0
764 252 101.0
252 508 103.0
508 252 103.0
252 256 110.0
256 252 110.0
253 765 103.0
765 253 103.0
253 509 101.0
509 253 101.0
253 255 110.0
255 253 110.0
253 254 101.0
254 253 101.0
254 766 100.0
766 254 100.0
254 510 110.0
510 254 110.0
254 256 108.0
256 254 108.0
255 767 102.0
767 255 102.0
255 511 101.0
511 255 101.0
255 256 102.0
256 255 102.0
256 768 104.0
768 256 104.0
256 512 102.0
512 256 102.0
257 769 103.0
769 257 103.0
257 385 106.0
385 257 106.0
257 321 109.0
321 257 109.0
257 289 109.0
289 257 109.0
257 273 107.0
273 257 107.0
257 265 106.0
265 257 106.0
257 261 108.0
261 257 108.0
257 259 109.0
259 257 109.0
257 258 109.0
258 257 109.0
258 770 108.0
770 258 108.0
258 386 102.0
386 258 102.0
258 322 110.0
322 258 110.0
258 290 102.0
290 258 102.0
258 274 104.0
274 258 104.0
258 266 103.0
266 258 103.0
258 262 108.0
262 258 108.0
258 260 110.0
260 258 110.0
259 771 108.0
771 259 108.0
259 387 104.0
387 259 104.0
259 323 107.0
323 259 107.0
259 291 105.0
291 259 105.0
259 275 101.0
275 259 101.0
259 267 102.0
267 259 102.0
259 263 109.0
263 259 109.0
259 260 105.0
260 259 105.0
260 772 110.0
772 260 110.0
260 388 109.0
388 260 109.0
260 324 103.0
324 260 103.0
260 292 106.0
292 260 106.0
260 276 110.0
276 260 110.0
260 268 105.0
268 260 105.0
260 264 109.0
264 260 109.0
261 773 100.0
773 261 100.0
261 389 102.0
389 261 102.0
261 325 110.0
325 261 110.0
261 293 108.0
293 261 108.0
261 277 109.0
277 261 109.0
261 269 100.0
269 261 100.0
261 263 105.0
263 261 105.0
261 262 104.0
262 261 104.0
262 774 110.0
774 262 110.0
262 390 102.0
390 262 102.0
262 326 102.0
326 262 102.0
262 294 106.0
294 262 106.0
262 278 109.0
278 262 109.0
262 270 106.0
270 262 106.0
262 264 100.0
264 262 100.0
263 775 108.0
775 263 108.0
263 391 108.0
391 263 108.0
263 327 107.0
327 263 107.0
263 295 100.0
295 263 100.0
263 279 109.0
279 263 109.0
263 271 100.0
271 263 100.0
263 264 110.0
264 263 110.0
264 776 102.0
776 264 102.0
264 392 105.0
392 264 105.0
264 328 107.0
328 264 107.0
264 296 108.0
296 264 108.0
264 280 110.0
280 264 110.0
264 272 107.0
272 264 107.0
265 777 110.0
777 265 110.0
265 393 101.0
393 265 101.0
265 329 108.0
329 265 108.0
265 297 103.0
297 265 103.0
265 281 105.0
281 265 105.0
265 269 110.0
269 265 110.0
265 267 107.0
267 265 107.0
265 266 104.0
266 265 104.0
266 778 101.0
778 266 101.0
266 394 109.0
394 266 109.0
266 330 102.0
330 266 102.0
266 298 106.0
298 266 106.0
266 282 104.0
282 266 104.0
266 270 102.0
270 266 102.0
266 268 108.0
268 266 108.0
267 779 102.0
779 267 102.0
267 395 107.0
395 267 107.0
267 331 103.0
331 267 103.0
267 299 105.0
299 267 105.0
267 283 104.0
283 267 104.0
267 271 106.0
271 267 106.0
267 268 107.0
268 267 107.0
268 780 100.0
780 268 100.0
268 396 109.0
396 268 109.0
268 332 104.0
332 268 104.0
268 300 105.0
300 268 105.0
268 284 110.0
284 268 110.0
268 272 108.0
272 268 108.0
269 781 108.0
781 269 108.0
269 397 108.0
397 269 108.0
269 333 104.0
333 269 104.0
269 301 104.0
301 269 104.0
269 285 102.0
285 269 102.0
269 271 107.0
271 269 107.0
269 270 102.0
270 269 102.0
270 782 107.0
782 270 107.0
270 398 104.0
398 270 104.0
270 334 103.0
334 270 103.0
270 302 103.0
302 270 103.0
270 286 103.0
286 270 103.0
270 272 107.0
272 270 107.0
271 783 110.0
783 271 110.0
271 399 108.0
399 271 108.0
271 335 109.0
335 271 109.0
271 303 100.0
303 271 100.0
271 287 110.0
287 271 110.0
271 272 100.0
272 271 100.0
272 784 104.0
784 272 104.0
272 400 101.0
400 272 101.0
272 336 108.0
336 272 108.0
272 304 100.0
304 272 100.0
272 288 106.0
288 272 106.0
273 785 110.0
785 273 110.0
273 401 101.0
401 273 101.0
273 337 105.0
337 273 105.0
273 305 100.0
305 273 100.0
273 281 106.0
281 273 106.0
273 277 104.0
277 273 104.0
273 275 105.0
275 273 105.0
273 274 104.0
274 273 104.0
274 786 104.0
786 274 104.0
274 402 106.0
402 274 106.0
274 338 110.0
338 274 110.0
274 306 107.0
306 274 107.0
274 282 106.0
282 274 106.0
274 278 100.0
278 274 100.0
274 276 103.0
276 274 103.0
275 787 104.0
787 275 104.0
275 403 108.0
403 275 108.0
275 339 106.0
339 275 106.0
275 307 106.0
307 275 106.0
275 283 102.0
283 275 102.0
275 279 101.0
279 275 101.0
275 276 101.0
276 275 101.0
276 788 103.0
788 276 103.0
276 404 108.0
404 276 108.0
276 340 102.0
340 276 102.0
276 308 102.0
308 276 102.0
276 284 104.0
284 276 104.0
276 280 107.0
280 276 107.0
277 789 105.0
789 277 105.0
277 405 100.0
405 277 100.0
277 341 105.0
341 277 105.0
277 309 104.0
309 277 104.0
277 285 101.0
285 277 101.0
277 279 105.0
279 277 105.0
277 278 101.0
278 277 101.0
278 790 102.0
790 278 102.0
278 406 104.0
406 278 104.0
278 342 103.0
342 278 103.0
278 310 110.0
310 278 110.0
278 286 109.0
286 278 109.0
278 280 103.0
280 278 103.0
279 791 104.0
791 279 104.0
279 407 108.0
407 279 108.0
279 343 110.0
343 279 110.0
279 311 103.0
311 279 103.0
279 287 106.0
287 279 106.0
279 280 106.0
280 279 106.0
280 792 101.0
792 280 101.0
280 408 105.0
408 280 105.0
280 344 105.0
344 280 105.0
280 312 108.0
312 280 108.0
280 288 100.0
288 280 100.0
281 793 102.0
793 281 102.0
281 409 101.0
409 281 101.0
281 345 104.0
345 281 104.0
281 313 104.0
313 281 104.0
281 285 102.0
285 281 102.0
281 283 101.0
283 281 101.0
281 282 109.0
282 281 109.0
282 794 102.0
794 282 102.0
282 410 109.0
410 282 109.0
282 346 108.0
346 282 108.0
282 314 110.0
314 282 110.0
282 286 102.0
286 282 102.0
282 284 103.0
284 282 103.0
283 795 106.0
795 283 106.0
283 411 107.0
411 283 107.0
283 347 105.0
347 283 105.0
283 315 105.0
315 283 105.0
283 287 103.0
287 283 103.0
283 284 109.0
284 283 109.0
284 796 104.0
796 284 104.0
284 412 100.0
412 284 100.0
284 348 110.0
348 284 110.0
284 316 110.0
316 284 110.0
284 288 106.0
288 284 106.0
285 797 110.0
797 285 110.0
285 413 104.0
413 285 104.0
285 349 106.0
349 285 106.0
285 317 108.0
317 285 108.0
285 287 104.0
287 285 104.0
285 286 100.0
286 285 100.0
286 798 105.0
798 286 105.0
286 414 101.0
414 286 101.0
286 350 106.0
350 286 106.0
286 318 110.0
318 286 110.0
286 288 107.0
288 286 107.0
287 799 102.0
799 287 102.0
287 415 106.0
415 287 106.0
287 351 109.0
351 287 109.0
287 319 103.0
319 287 103.0
287 288 103.0
288 287 103.0
288 800 110.0
800 288 110.0
288 416 110.0
416 288 110.0
288 352 106.0
352 288 106.0
288 320 103.0
320 288 103.0
289 801 105.0
801 289 105.0
289 417 100.0
417 289 100.0
289 353 108.0
353 289 108.0
289 305 107.0
305 289 107.0
289 297 106.0
297 289 106.0
289 293 102.0
293 289 102.0
289 291 102.0
291 289 102.0
289 290 101.0
290 289 101.0
290 802 103.0
802 290 103.0
290 418 102.0
418 290 102.0
290 354 108.0
354 290 108.0
290 306 109.0
306 290 109.0
290 298 108.0
298 290 108.0
290 294 100.0
294 290 100.0
290 292 101.0
292 290 101.0
291 803 102.0
803 291 102.0
291 419 108.0
419 291 108.0
291 355 105.0
355 291 105.0
291 307 104.0
307 291 104.0
291 299 109.0
299 291 109.0
291 295 103.0
295 291 103.0
291 292 106.0
292 291 106.0
292 804 108.0
804 292 108.0
292 420 110.0
420 292 110.0
292 356 110.0
356 292 110.0
292 308 109.0
308 292 109.0
292 300 108.0
300 292 108.0
292 296 107.0
296 292 107.0
293 805 109.0
805 293 109.0
293 421 106.0
421 293 106.0
293 357 108.0
357 293 108.0
293 309 104.0
309 293 104.0
293 301 106.0
301 293 106.0
293 295 104.0
295 293 104.0
293 294 108.0
294 293 108.0
294 806 105.0
806 294 105.0
294 422 107.0
422 294 107.0
294 358 108.0
358 294 108.0
294 310 106.0
310 294 106.0
294 302 103.0
302 294 103.0
294 296 106.0
296 294 106.0
295 807 105.0
807 295 105.0
295 423 109.0
423 295 109.0
295 359 104.0
359 295 104.0
295 311 102.0
311 295 102.0
295 303 105.0
303 295 105.0
295 296 100.0
296 295 100.0
296 808 107.0
808 296 107.0
296 424 101.0
424 296 101.0
296 360 106.0
360 296 106.0
296 312 107.0
312 296 107.0
296 304 107.0
304 296 107.0
297 809 108.0
809 297 108.0
297 425 107.0
425 297 107.0
297 361 110.0
361 297 110.0
297 313 103.0
313 297 103.0
297 301 108.0
301 297 108.0
297 299 100.0
299 297 100.0
297 298 100.0
298 297 100.0
298 810 100.0
810 298 100.0
298 426 110.0
426 298 110.0
298 362 102.0
362 298 102.0
298 314 108.0
314 298 108.0
298 302 102.0
302 298 102.0
298 300 103.0
300 298 103.0
299 811 108.0
811 299 108.0
299 427 103.0
427 299 103.0
299 363 105.0
363 299 105.0
299 315 110.0
315 299 110.0
299 303 110.0
303 299 110.0
299 300 109.0
300 299 109.0
300 812 102.0
812 300 102.0
300 428 108.0
428 300 108.0
300 364 107.0
364 300 107.0
300 316 105.0
316 300 105.0
300 304 105.0
304 300 105.0
301 813 102.0
813 301 102.0
301 429 105.0
429 301 105.0
301 365 109.0
365 301 109.0
301 317 109.0
317 301 109.0
301 303 110.0
303 301 110.0
301 302 110.0
302 301 110.0
302 814 110.0
814 302 110.0
302 430 101.0
430 302 101.0
302 366 102.0
366 302 102.0
302 318 104.0
318 302 104.0
302 304 108.0
304 302 108.0
303 815 108.0
815 303 108.0
303 431 108.0
431 303 108.0
303 367 104.0
367 303 104.0
303 319 104.0
319 303 104.0
303 304 106.0
304 303 106.0
304 816 107.0
816 304 107.0
304 432 108.0
432 304 108.0
304 368 109.0
368 304 109.0
304 320 102.0
320 304 102.0
305 817 108.0
817 305 108.0
305 433 101.0
433 305 101.0
305 369 101.0
369 305 101.0
305 313 108.0
313 305 108.0
305 309 110.0
309 305 110.0
305 307 100.0
307 305 100.0
305 306 104.0
306 305 104.0
306 818 109.0
818 306 109.0
306 434 106.0
434 306 106.0
306 370 110.0
370 306 110.0
306 314 104.0
314 306 104.0
306 310 110.0
310 306 110.0
306 308 108.0
308 306 108.0
307 819 104.0
819 307 104.0
307 435 102.0
435 307 102.0
307 371 109.0
371 307 109.0
307 315 100.0
315 307 100.0
307 311 102.0
311 307 102.0
307 308 101.0
308 307 101.0
308 820 109.0
820 308 109.0
308 436 100.0
436 308 100.0
308 372 110.0
372 308 110.0
308 316 109.0
316 308 109.0
308 312 109.0
312 308 109.0
309 821 105.0
821 309 105.0
309 437 108.0
437 309 108.0
309 373 110.0
373 309 110.0
309 317 104.0
317 309 104.0
309 311 102.0
311 309 102.0
309 310 104.0
310 309 104.0
310 822 101.0
822 310 101.0
310 438 103.0
438 310 103.0
310 374 101.0
374 310 101.0
310 318 102.0
318 310 102.0
310 312 104.0
312 310 104.0
311 823 109.0
823 311 109.0
311 439 109.0
439 311 109.0
311 375 110.0
375 311 110.0
311 319 108.0
319 311 108.0
311 312 104.0
312 311 104.0
312 824 108.0
824 312 108.0
312 440 107.0
440 312 107.0
312 376 105.0
376 312 105.0
312 320 104.0
320 312 104.0
313 825 106.0
825 313 106.0
313 441 106.0
441 313 106.0
313 377 107.0
377 313 107.0
313 317 110.0
317 313 110.0
313 315 108.0
315 313 108.0
313 314 100.0
314 313 100.0
314 826 106.0
826 314 106.0
314 442 101.0
442 314 101.0
314 378 109.0
378 314 109.0
314 318 107.0
318 314 107.0
314 316 103.0
316 314 103.0
315 827 102.0
827 315 102.0
315 443 104.0
443 315 104.0
315 379 107.0
379 315 107.0
315 319 102.0
319 315 102.0
315 316 101.0
316 315 101.0
316 828 107.0
828 316 107.0
316 444 106.0
444 316 106.0
316 380 107.0
380 316 107.0
316 320 100.0
320 316 100.0
317 829 109.0
829 317 109.0
317 445 102.0
445 317 102.0
317 381 102.0
381 317 102.0
317 319 108.0
319 317 108.0
317 318 108.0
318 317 108.0
318 830 110.0
830 318 110.0
318 446 107.0
446 318 107.0
318 382 108.0
382 318 108.0
318 320 102.0
320 318 102.0
319 831 102.0
831 319 102.0
319 447 100.0
447 319 100.0
319 383 109.0
383 319 109.0
319 320 108.0
320 319 108.0
320 832 102.0
832 320 102.0
320 448 104.0
448 320 104.0
320 384 102.0
384 320 102.0
321 833 107.0
833 321 107.0
321 449 109.0
449 321 109.0
321 353 100.0
353 321 100.0
321 337 106.0
337 321 106.0
321 329 106.0
329 321 106.0
321 325 105.0
325 321 105.0
321 323 101.0
323 321 101.0
321 322 107.0
322 321 107.0
322 834 100.0
834 322 100.0
322 450 104.0
450 322 104.0
322 354 105.0
354 322 105.0
322 338 101.0
338 322 101.0
322 330 107.0
330 322 107.0
322 326 104.0
326 322 104.0
322 324 100.0
324 322 100.0
323 835 102.0
835 323 102.0
323 451 103.0
451 323 103.0
323 355 106.0
355 323 106.0
323 339 104.0
339 323 104.0
323 331 105.0
331 323 105.0
323 327 108.0
327 323 108.0
323 324 100.0
324 323 100.0
324 836 108.0
836 324 108.0
324 452 100.0
452 324 100.0
324 356 102.0
356 324 102.0
324 340 105.0
340 324 105.0
324 332 109.0
332 324 109.0
324 328 103.0
328 324 103.0
325 837 104.0
837 325 104.0
325 453 109.0
453 325 109.0
325 357 108.0
357 325 108.0
325 341 103.0
341 325 103.0
325 333 108.0
333 325 108.0
325 327 107.0
327 325 107.0
325 326 109.0
326 325 109.0
326 838 109.0
838 326 109.0
326 454 104.0
454 326 104.0
326 358 102.0
358 326 102.0
326 342 106.0
342 326 106.0
326 334 105.0
334 326 105.0
326 328 103.0
328 326 103.0
327 839 107.0
839 327 107.0
327 455 110.0
455 327 110.0
327 359 102.0
359 327 102.0
327 343 101.0
343 327 101.0
327 335 102.0
335 327 102.0
327 328 108.0
328 327 108.0
328 840 109.0
840 328 109.0
328 456 104.0
456 328 104.0
328 360 109.0
360 328 109.0
328 344 106.0
344 328 106.0
328 336 100.0
336 328 100.0
329 841 108.0
841 329 108.0
329 457 105.0
457 329 105.0
329 361 110.0
361 329 110.0
329 345 103.0
345 329 103.0
329 333 108.0
333 329 108.0
329 331 101.0
331 329 101.0
329 330 109.0
330 329 109.0
330 842 103.0
842 330 103.0
330 458 107.0
458 330 107.0
330 362 101.0
362 330 101.0
330 346 103.0
346 330 103.0
330 334 109.0
334 330 109.0
330 332 100.0
332 330 100.0
331 843 106.0
843 331 106.0
331 459 110.0
459 331 110.0
331 363 109.0
363 331 109.0
331 347 106.0
347 331 106.0
331 335 102.0
335 331 102.0
331 332 100.0
332 331 100.0
332 844 106.0
844 332 106.0
332 460 107.0
460 332 107.0
332 364 101.0
364 332 101.0
332 348 100.0
348 332 100.0
332 336 103.0
336 332 103.0
333 845 106.0
845 333 106.0
333 461 104.0
461 333 104.0
333 365 102.0
365 333 102.0
333 349 100.0
349 333 100.0
333 335 108.0
335 333 108.0
333 334 100.0
334 333 100.0
334 846 103.0
846 334 103.0
334 462 108.0
462 334 108.0
334 366 104.0
366 334 104.0
334 350 103.0
350 334 103.0
334 336 103.0
336 334 103.0
335 847 110.0
847 335 110.0
335 463 106.0
463 335 106.0
335 367 107.0
367 335 107.0
335 351 103.0
351 335 103.0
335 336 101.0
336 335 101.0
336 848 105.0
848 336 105.0
336 464 106.0
464 336 106.0
336 368 107.0
368 336 107.0
336 352 107.0
352 336 107.0
337 849 108.0
849 337 108.0
337 465 105.0
465 337 105.0
337 369 108.0
369 337 108.0
337 345 101.0
345 337 101.0
337 341 103.0
341 337 103.0
337 339 100.0
339 337 100.0
337 338 104.0
338 337 104.0
338 850 108.0
850 338 108.0
338 466 110.0
466 338 110.0
338 370 106.0
370 338 106.0
338 346 106.0
346 338 106.0
338 342 106.0
342 338 106.0
338 340 110.0
340 338 110.0
339 851 108.0
851 339 108.0
339 467 101.0
467 339 101.0
339 371 105.0
371 339 105.0
339 347 104.0
347 339 104.0
339 343 105.0
343 339 105.0
339 340 105.0
340 339 105.0
340 852 106.0
852 340 106.0
340 468 101.0
468 340 101.0
340 372 107.0
372 340 107.0
340 348 105.0
348 340 105.0
340 344 103.0
344 340 103.0
341 853 106.0
853 341 106.0
341 469 100.0
469 341 100.0
341 373 109.0
373 341 109.0
341 349 108.0
349 341 108.0
341 343 105.0
343 341 105.0
341 342 104.0
342 341 104.0
342 854 105.0
854 342 105.0
342 470 101.0
470 342 101.0
342 374 107.0
374 342 107.0
342 350 100.0
350 342 100.0
342 344 107.0
344 342 107.0
343 855 101.0
855 343 101.0
343 471 102.0
471 343 102.0
343 375 110.0
375 343 110.0
343 351 108.0
351 343 108.0
343 344 109.0
344 343 109.0
344 856 103.0
856 344 103.0
344 472 103.0
472 344 103.0
344 376 107.0
376 344 107.0
344 352 109.0
352 344 109.0
345 857 104.0
857 345 104.0
345 473 104.0
473 345 104.0
345 377 104.0
377 345 104.0
345 349 100.0
349 345 100.0
345 347 104.0
347 345 104.0
345 346 107.0
346 345 107.0
346 858 105.0
858 346 105.0
346 474 102.0
474 346 102.0
346 378 108.0
378 346 108.0
346 350 107.0
350 346 107.0
346 348 105.0
348 346 105.0
347 859 104.0
859 347 104.0
347 475 105.0
475 347 105.0
347 379 101.0
379 347 101.0
347 351 104.0
351 347 104.0
347 348 108.0
348 347 108.0
348 860 100.0
860 348 100.0
348 476 105.0
476 348 105.0
348 380 101.0
380 348 101.0
348 352 108.0
352 348 108.0
349 861 106.0
861 349 106.0
349 477 106.0
477 349 106.0
349 381 105.0
381 349 105.0
349 351 107.0
351 349 107.0
349 350 105.0
350 349 105.0
350 862 107.0
862 350 107.0
350 478 110.0
478 350 110.0
350 382 107.0
382 350 107.0
350 352 110.0
352 350 110.0
351 863 104.0
863 351 104.0
351 479 106.0
479 351 106.0
351 383 102.0
383 351 102.0
351 352 105.0
352 351 105.0
352 864 103.0
864 352 103.0
352 480 107.0
480 352 107.0
352 384 107.0
384 352 107.0
353 865 109.0
865 353 109.0
353 481 105.0
481 353 105.0
353 369 108.0
369 353 108.0
353 361 101.0
361 353 101.0
353 357 104.0
357 353 104.0
353 355 102.0
355 353 102.0
353 354 100.0
354 353 100.0
354 866 105.0
866 354 105.0
354 482 109.0
482 354 109.0
354 370 103.0
370 354 103.0
354 362 105.0
362 354 105.0
354 358 107.0
358 354 107.0
354 356 102.0
356 354 102.0
355 867 106.0
867 355 106.0
355 483 103.0
483 355 103.0
355 371 109.0
371 355 109.0
355 363 104.0
363 355 104.0
355 359 100.0
359 355 100.0
355 356 109.0
356 355 109.0
356 868 101.0
868 356 101.0
356 484 110.0
484 356 110.0
356 372 109.0
372 356 109.0
356 364 109.0
364 356 109.0
356 360 100.0
360 356 100.0
357 869 110.0
869 357 110.0
357 485 103.0
485 357 103.0
357 373 108.0
373 357 108.0
357 365 101.0
365 357 101.0
357 359 109.0
359 357 109.0
357 358 108.0
358 357 108.0
358 870 100.0
870 358 100.0
358 486 108.0
486 358 108.0
358 374 106.0
374 358 106.0
358 366 100.0
366 358 100.0
358 360 106.0
360 358 106.0
359 871 106.0
871 359 106.0
359 487 100.0
487 359 100.0
359 375 103.0
375 359 103.0
359 367 106.0
367 359 106.0
359 360 103.0
360 359 103.0
360 872 107.0
872 360 107.0
360 488 108.0
488 360 108.0
360 376 108.0
376 360 108.0
360 368 108.0
368 360 108.0
361 873 107.0
873 361 107.0
361 489 101.0
489 361 101.0
361 377 108.0
377 361 108.0
361 365 103.0
365 361 103.0
361 363 100.0
363 361 100.0
361 362 101.0
362 361 101.0
362 874 106.0
874 362 106.0
362 490 109.0
490 362 109.0
362 378 102.0
378 362 102.0
362 366 106.0
366 362 106.0
362 364 102.0
364 362 102.0
363 875 109.0
875 363 109.0
363 491 100.0
491 363 100.0
363 379 104.0
379 363 104.0
363 367 106.0
367 363 106.0
363 364 108.0
364 363 108.0
364 876 104.0
876 364 104.0
364 492 107.0
492 364 107.0
364 380 108.0
380 364 108.0
364 368 100.0
368 364 100.0
365 877 110.0
877 365 110.0
365 493 106.0
493 365 106.0
365 381 110.0
381 365 110.0
365 367 103.0
367 365 103.0
365 366 109.0
366 365 109.0
366 878 102.0
878 366 102.0
366 494 105.0
494 366 105.0
366 382 101.0
382 366 101.0
366 368 109.0
368 366 109.0
367 879 107.0
879 367 107.0
367 495 100.0
495 367 100.0
367 383 100.0
383 367 100.0
367 368 108.0
368 367 108.0
368 880 102.0
880 368 102.0
368 496 100.0
496 368 100.0
368 384 102.0
384 368 102.0
369 881 107.0
881 369 107.0
369 497 102.0
497 369 102.0
369 377 107.0
377 369 107.0
369 373 103.0
373 369 103.0
369 371 103.0
371 369 103.0
369 370 103.0
370 369 103.0
370 882 100.0
882 370 100.0
370 498 110.0
498 370 110.0
370 378 102.0
378 370 102.0
370 374 107.0
374 370 107.0
370 372 102.0
372 370 102.0
371 883 110.0
883 371 110.0
371 499 100.0
499 371 100.0
371 379 108.0
379 371 108.0
371 375 103.0
375 371 103.0
371 372 107.0
372 371 107.0
372 884 104.0
884 372 104.0
372 500 101.0
500 372 101.0
372 380 108.0
380 372 108.0
372 376 102.0
376 372 102.0
373 885 105.0
885 373 105.0
373 501 100.0
501 373 100.0
373 381 103.0
381 373 103.0
373 375 105.0
375 373 105.0
373 374 110.0
374 373 110.0
374 886 110.0
886 374 110.0
374 502 106.0
502 374 106.0
374 382 109.0
382 374 109.0
374 376 103.0
376 374 103.0
375 887 109.0
887 375 109.0
375 503 100.0
503 375 100.0
375 383 102.0
383 375 102.0
375 376 103.0
376 375 103.0
376 888 102.0
888 376 102.0
376 504 105.0
504 376 105.0
376 384 108.0
384 376 108.0
377 889 102.0
889 377 102.0
377 505 105.0
505 377 105.0
377 381 102.0
381 377 102.0
377 379 102.0
379 377 102.0
377 378 107.0
378 377 107.0
378 890 109.0
890 378 109.0
378 506 105.0
506 378 105.0
378 382 103.0
382 378 103.0
378 380 101.0
380 378 101.0
379 891 103.0
891 379 103.0
379 507 102.0
507 379 102.0
379 383 107.0
383 379 107.0
379 380 100.0
380 379 100.0
380 892 100.0
892 380 100.0
380 508 103.0
508 380 103.0
380 384 102.0
384 380 102.0
381 893 103.0
893 381 103.0
381 509 106.0
509 381 106.0
381 383 104.0
383 381 104.0
381 382 103.0
382 381 103.0
382 894 109.0
894 382 109.0
382 510 103.0
510 382 103.0
382 384 110.0
384 382 110.0
383 895 103.0
895 383 103.0
383 511 108.0
511 383 108.0
383 384 107.0
384 383 107.0
384 896 108.0
896 384 108.0
384 512 110.0
512 384 110.0
385 897 105.0
897 385 105.0
385 449 108.0
449 385 108.0
385 417 108.0
417 385 108.0
385 401 103.0
401 385 103.0
385 393 106.0
393 385 106.0
385 389 103.0
389 385 103.0
385 387 101.0
387 385 101.0
385 386 100.0
386 385 100.0
386 898 107.0
898 386 107.0
386 450 102.0
450 386 102.0
386 418 104.0
418 386 104.0
386 402 105.0
402 386 105.0
386 394 103.0
394 386 103.0
386 390 105.0
390 386 105.0
386 388 110.0
388 386 110.0
387 899 106.0
899 387 106.0
387 451 100.0
451 387 100.0
387 419 110.0
419 387 110.0
387 403 105.0
403 387 105.0
387 395 107.0
395 387 107.0
387 391 106.0
391 387 106.0
387 388 102.0
388 387 102.0
388 900 103.0
900 388 103.0
388 452 101.0
452 388 101.0
388 420 104.0
420 388 104.0
388 404 110.0
404 388 110.0
388 396 101.0
396 388 101.0
388 392 104.0
392 388 104.0
389 901 109.0
901 389 109.0
389 453 102.0
453 389 102.0
389 421 108.0
421 389 108.0
389 405 108.0
405 389 108.0
389 397 109.0
397 389 109.0
389 391 109.0
391 389 109.0
389 390 103.0
390 389 103.0
390 902 106.0
902 390 106.0
390 454 106.0
454 390 106.0
390 422 100.0
422 390 100.0
390 406 108.0
406 390 108.0
390 398 101.0
398 390 101.0
390 392 104.0
392 390 104.0
391 903 108.0
903 391 108.0
391 455 103.0
455 391 103.0
391 423 107.0
423 391 107.0
391 407 105.0
407 391 105.0
391 399 105.0
399 391 105.0
391 392 109.0
392 391 109.0
392 904 101.0
904 392 101.0
392 456 104.0
456 392 104.0
392 424 102.0
424 392 102.0
392 408 104.0
408 392 104.0
392 400 105.0
400 392 105.0
393 905 110.0
905 393 110.0
393 457 110.0
457 393 110.0
393 425 105.0
425 393 105.0
393 409 101.0
409 393 101.0
393 397 107.0
397 393 107.0
393 395 105.0
395 393 105.0
393 394 109.0
394 393 109.0
394 906 106.0
906 394 106.0
394 458 104.0
458 394 104.0
394 426 108.0
426 394 108.0
394 410 110.0
410 394 110.0
394 398 103.0
398 394 103.0
394 396 104.0
396 394 104.0
395 907 110.0
907 395 110.0
395 459 109.0
459 395 109.0
395 427 101.0
427 395 101.0
395 411 101.0
411 395 101.0
395 399 101.0
399 395 101.0
395 396 108.0
396 395 108.0
396 908 108.0
908 396 108.0
396 460 108.0
460 396 108.0
396 428 104.0
428 396 104.0
396 412 103.0
412 396 103.0
396 400 101.0
400 396 101.0
397 909 102.0
909 397 102.0
397 461 101.0
461 397 101.0
397 429 100.0
429 397 100.0
397 413 101.0
413 397 101.0
397 399 107.0
399 397 107.0
397 398 107.0
398 397 107.0
398 910 100.0
910 398 100.0
398 462 106.0
462 398 106.0
398 430 110.0
430 398 110.0
398 414 106.0
414 398 106.0
398 400 106.0
400 398 106.0
399 911 110.0
911 399 110.0
399 463 106.0
463 399 106.0
399 431 100.0
431 399 100.0
399 415 102.0
415 399 102.0
399 400 104.0
400 399 104.0
400 912 102.0
912 400 102.0
400 464 102.0
464 400 102.0
400 432 108.0
432 400 108.0
400 416 110.0
416 400 110.0
401 913 103.0
913 401 103.0
401 465 101.0
465 401 101.0
401 433 100.0
433 401 100.0
401 409 107.0
409 401 107.0
401 405 106.0
405 401 106.0
401 403 107.0
403 401 107.0
401 402 105.0
402 401 105.0
402 914 103.0
914 402 103.0
402 466 110.0
466 402 110.0
402 434 109.0
434 402 109.0
402 410 100.0
410 402 100.0
402 406 101.0
406 402 101.0
402 404 109.0
404 402 109.0
403 915 105.0
915 403 105.0
403 467 110.0
467 403 110.0
403 435 101.0
435 403 101.0
403 411 106.0
411 403 106.0
403 407 101.0
407 403 101.0
403 404 104.0
404 403 104.0
404 916 101.0
916 404 101.0
404 468 104.0
468 404 104.0
404 436 101.0
436 404 101.0
404 412 107.0
412 404 107.0
404 408 104.0
408 404 104.0
405 917 107.0
917 405 107.0
405 469 102.0
469 405 102.0
405 437 105.0
437 405 105.0
405 413 106.0
413 405 106.0
405 407 108.0
407 405 108.0
405 406 102.0
406 405 102.0
406 918 102.0
918 406 102.0
406 470 101.0
470 406 101.0
406 438 106.0
438 406 106.0
406 414 106.0
414 406 106.0
406 408 105.0
408 406 105.0
407 919 101.0
919 407 101.0
407 471 100.0
471 407 100.0
407 439 103.0
439 407 103.0
407 415 108.0
415 407 108.0
407 408 110.0
408 407 110.0
408 920 104.0
920 408 104.0
408 472 110.0
472 408 110.0
408 440 102.0
440 408 102.0
408 416 102.0
416 408 102.0
409 921 104.0
921 409 104.0
409 473 108.0
473 409 108.0
409 441 101.0
441 409 101.0
409 413 106.0
413 409 106.0
409 411 106.0
411 409 106.0
409 410 108.0
410 409 108.0
410 922 107.0
922 410 107.0
410 474 105.0
474 410 105.0
410 442 109.0
442 410 109.0
410 414 107.0
414 410 107.0
410 412 106.0
412 410 106.0
411 923 104.0
923 411 104.0
411 475 108.0
475 411 108.0
411 443 102.0
443 411 102.0
411 415 101.0
415 411 101.0
411 412 106.0
412 411 106.0
412 924 106.0
924 412 106.0
412 476 107.0
476 412 107.0
412 444 106.0
444 412 106.0
412 416 102.0
416 412 102.0
413 925 108.0
925 413 108.0
413 477 101.0
477 413 101.0
413 445 104.0
445 413 104.0
413 415 100.0
415 413 100.0
413 414 101.0
414 413 101.0
414 926 100.0
926 414 100.0
414 478 101.0
478 414 101.0
414 446 108.0
446 414 108.0
414 416 103.0
416 414 103.0
415 927 103.0
927 415 103.0
415 479 109.0
479 415 109.0
415 447 102.0
447 415 102.0
415 416 101.0
416 415 101.0
416 928 105.0
928 416 105.0
416 480 102.0
480 416 102.0
416 448 103.0
448 416 103.0
417 929 103.0
929 417 103.0
417 481 101.0
481 417 101.0
417 433 105.0
433 417 105.0
417 425 101.0
425 417 101.0
417 421 110.0
421 417 110.0
417 419 109.0
419 417 109.0
417 418 109.0
418 417 109.0
418 930 107.0
930 418 107.0
418 482 103.0
482 418 103.0
418 434 102.0
434 418 102.0
418 426 107.0
426 418 107.0
418 422 101.0
422 418 101.0
418 420 102.0
420 418 102.0
419 931 107.0
931 419 107.0
419 483 101.0
483 419 101.0
419 435 100.0
435 419 100.0
419 427 100.0
427 419 100.0
419 423 101.0
423 419 101.0
419 420 102.0
420 419 102.0
420 932 102.0
932 420 102.0
420 484 109.0
484 420 109.0
420 436 109.0
436 420 109.0
420 428 103.0
428 420 103.0
420 424 104.0
424 420 104.0
421 933 105.0
933 421 105.0
421 485 102.0
485 421 102.0
421 437 107.0
437 421 107.0
421 429 107.0
429 421 107.0
421 423 100.0
423 421 100.0
421 422 108.0
422 421 108.0
422 934 102.0
934 422 102.0
422 486 100.0
486 422 100.0
422 438 109.0
438 422 109.0
422 430 102.0
430 422 102.0
422 424 107.0
424 422 107.0
423 935 102.0
935 423 102.0
423 487 100.0
487 423 100.0
423 439 109.0
439 423 109.0
423 431 107.0
431 423 107.0
423 424 100.0
424 423 100.0
424 936 106.0
936 424 106.0
424 488 110.0
488 424 110.0
424 440 110.0
440 424 110.0
424 432 109.0
432 424 109.0
425 937 103.0
937 425 103.0
425 489 103.0
489 425 103.0
425 441 105.0
441 425 105.0
425 429 101.0
429 425 101.0
425 427 110.0
427 425 110.0
425 426 101.0
426 425 101.0
426 938 107.0
938 426 107.0
426 490 110.0
490 426 110.0
426 442 101.0
442 426 101.0
426 430 107.0
430 426 107.0
426 428 107.0
428 426 107.0
427 939 110.0
939 427 110.0
427 491 100.0
491 427 100.0
427 443 108.0
443 427 108.0
427 431 102.0
431 427 102.0
427 428 104.0
428 427 104.0
428 940 105.0
940 428 105.0
428 492 101.0
492 428 101.0
428 444 105.0
444 428 105.0
428 432 103.0
432 428 103.0
429 941 104.0
941 429 104.0
429 493 104.0
493 429 104.0
429 445 106.0
445 429 106.0
429 431 107.0
431 429 107.0
429 430 110.0
430 429 110.0
430 942 108.0
942 430 108.0
430 494 100.0
494 430 100.0
430 446 109.0
446 430 109.0
430 432 105.0
432 430 105.0
431 943 104.0
943 431 104.0
431 495 104.0
495 431 104.0
431 447 107.0
447 431 107.0
431 432 105.0
432 431 105.0
432 944 106.0
944 432 106.0
432 496 104.0
496 432 104.0
432 448 105.0
448 432 105.0
433 945 110.0
945 433 110.0
433 497 108.0
497 433 108.0
433 441 108.0
441 433 108.0
433 437 102.0
437 433 102.0
433 435 108.0
435 433 108.0
433 434 100.0
434 433 100.0
434 946 107.0
946 434 107.0
434 498 106.0
498 434 106.0
434 442 109.0
442 434 109.0
434 438 103.0
438 434 103.0
434 436 100.0
436 434 100.0
435 947 101.0
947 435 101.0
435 499 105.0
499 435 105.0
435 443 107.0
443 435 107.0
435 439 100.0
439 435 100.0
435 436 108.0
436 435 108.0
436 948 106.0
948 436 106.0
436 500 100.0
500 436 100.0
436 444 106.0
444 436 106.0
436 440 107.0
440 436 107.0
437 949 105.0
949 437 105.0
437 501 110.0
501 437 110.0
437 445 108.0
445 437 108.0
437 439 106.0
439 437 106.0
437 438 108.0
438 437 108.0
438 950 100.0
950 438 100.0
438 502 103.0
502 438 103.0
438 446 105.0
446 438 105.0
438 440 110.0
440 438 110.0
439 951 104.0
951 439 104.0
439 503 101.0
503 439 101.0
439 447 102.0
447 439 102.0
439 440 104.0
440 439 104.0
440 952 109.0
952 440 109.0
440 504 106.0
504 440 106.0
440 448 102.0
448 440 102.0
441 953 106.0
953 441 106.0
441 505 108.0
505 441 108.0
441 445 100.0
445 441 100.0
441 443 105.0
443 441 105.0
441 442 108.0
442 441 108.0
442 954 104.0
954 442 104.0
442 506 104.0
506 442 104.0
442 446 103.0
446 442 103.0
442 444 103.0
444 442 103.0
443 955 110.0
955 443 110.0
443 507 103.0
507 443 103.0
443 447 105.0
447 443 105.0
443 444 106.0
444 443 106.0
444 956 101.0
956 444 101.0
444 508 102.0
508 444 102.0
444 448 110.0
448 444 110.0
445 957 110.0
957 445 110.0
445 509 105.0
509 445 105.0
445 447 109.0
447 445 109.0
445 446 105.0
446 445 105.0
446 958 100.0
958 446 100.0
446 510 103.0
510 446 103.0
446 448 110.0
448 446 110.0
447 959 109.0
959 447 109.0
447 511 100.0
511 447 100.0
447 448 100.0
448 447 100.0
448 960 100.0
960 448 100.0
448 512 109.0
512 448 109.0
449 961 101.0
961 449 101.0
449 481 105.0
481 449 105.0
449 465 110.0
465 449 110.0
449 457 103.0
457 449 103.0
449 453 103.0
453 449 103.0
449 451 104.0
451 449 104.0
449 450 101.0
450 449 101.0
450 962 110.0
962 450 110.0
450 482 104.0
482 450 104.0
450 466 107.0
466 450 107.0
450 458 104.0
458 450 104.0
450 454 106.0
454 450 106.0
450 452 110.0
452 450 110.0
451 963 105.0
963 451 105.0
451 483 105.0
483 451 105.0
451 467 104.0
467 451 104.0
451 459 107.0
459 451 107.0
451 455 105.0
455 451 105.0
451 452 104.0
452 451 104.0
452 964 100.0
964 452 100.0
452 484 108.0
484 452 108.0
452 468 101.0
468 452 101.0
452 460 110.0
460 452 110.0
452 456 106.0
456 452 106.0
453 965 107.0
965 453 107.0
453 485 107.0
485 453 107.0
453 469 101.0
469 453 101.0
453 461 108.0
461 453 108.0
453 455 100.0
455 453 100.0
453 454 106.0
454 453 106.0
454 966 105.0
966 454 105.0
454 486 101.0
486 454 101.0
454 470 104.0
470 454 104.0
454 462 108.0
462 454 108.0
454 456 107.0
456 454 107.0
455 967 107.0
967 455 107.0
455 487 101.0
487 455 101.0
455 471 108.0
471 455 108.0
455 463 106.0
463 455 106.0
455 456 110.0
456 455 110.0
456 968 102.0
968 456 102.0
456 488 100.0
488 456 100.0
456 472 106.0
472 456 106.0
456 464 103.0
464 456 103.0
457 969 110.0
969 457 110.0
457 489 101.0
489 457 101.0
457 473 108.0
473 457 108.0
457 461 102.0
461 457 102.0
457 459 109.0
459 457 109.0
457 458 106.0
458 457 106.0
458 970 100.0
970 458 100.0
458 490 105.0
490 458 105.0
458 474 110.0
474 458 110.0
458 462 107.0
462 458 107.0
458 460 101.0
460 458 101.0
459 971 108.0
971 459 108.0
459 491 105.0
491 459 105.0
459 475 100.0
475 459 100.0
459 463 102.0
463 459 102.0
459 460 100.0
460 459 100.0
460 972 104.0
972 460 104.0
460 492 100.0
492 460 100.0
460 476 101.0
476 460 101.0
460 464 110.0
464 460 110.0
461 973 104.0
973 461 104.0
461 493 106.0
493 461 106.0
461 477 110.0
477 461 110.0
461 463 103.0
463 461 103.0
461 462 100.0
462 461 100.0
462 974 108.0
974 462 108.0
462 494 106.0
494 462 106.0
462 478 102.0
478 462 102.0
462 464 104.0
464 462 104.0
463 975 102.0
975 463 102.0
463 495 105.0
495 463 105.0
463 479 102.0
479 463 102.0
463 464 104.0
464 463 104.0
464 976 107.0
976 464 107.0
464 496 110.0
496 464 110.0
464 480 106.0
480 464 106.0
465 977 102.0
977 465 102.0
465 497 104.0
497 465 104.0
465 473 107.0
473 465 107.0
465 469 102.0
469 465 102.0
465 467 102.0
467 465 102.0
465 466 110.0
466 465 110.0
466 978 100.0
978 466 100.0
466 498 103.0
498 466 103.0
466 474 105.0
474 466 105.0
466 470 101.0
470 466 101.0
466 468 107.0
468 466 107.0
467 979 102.0
979 467 102.0
467 499 103.0
499 467 103.0
467 475 101.0
475 467 101.0
467 471 106.0
471 467 106.0
467 468 107.0
468 467 107.0
468 980 107.0
980 468 107.0
468 500 107.0
500 468 107.0
468 476 108.0
476 468 108.0
468 472 102.0
472 468 102.0
469 981 104.0
981 469 104.0
469 501 110.0
501 469 110.0
469 477 101.0
477 469 101.0
469 471 102.0
471 469 102.0
469 470 101.0
470 469 101.0
470 982 101.0
982 470 101.0
470 502 109.0
502 470 109.0
470 478 100.0
478 470 100.0
470 472 103.0
472 470 103.0
471 983 106.0
983 471 106.0
471 503 106.0
503 471 106.0
471 479 103.0
479 471 103.0
471 472 110.0
472 471 110.0
472 984 103.0
984 472 103.0
472 504 105.0
504 472 105.0
472 480 101.0
480 472 101.0
473 985 102.0
985 473 102.0
473 505 105.0
505 473 105.0
473 477 106.0
477 473 106.0
473 475 109.0
475 473 109.0
473 474 103.0
474 473 103.0
474 986 110.0
986 474 110.0
474 506 100.0
506 474 100.0
474 478 109.0
478 474 109.0
474 476 102.0
476 474 102.0
475 987 109.0
987 475 109.0
475 507 102.0
507 475 102.0
475 479 110.0
479 475 110.0
475 476 102.0
476 475 102.0
476 988 109.0
988 476 109.0
476 508 101.0
508 476 101.0
476 480 104.0
480 476 104.0
477 989 105.0
989 477 105.0
477 509 100.0
509 477 100.0
477 479 104.0
479 477 104.0
477 478 103.0
478 477 103.0
478 990 103.0
990 478 103.0
478 510 106.0
510 478 106.0
478 480 109.0
480 478 109.0
479 991 110.0
991 479 110.0
479 511 110.0
511 479 110.0
479 480 109.0
480 479 109.0
480 992 101.0
992 480 101.0
480 512 110.0
512 480 110.0
481 993 105.0
993 481 105.0
481 497 109.0
497 481 109.0
481 489 101.0
489 481 101.0
481 485 101.0
485 481 101.0
481 483 107.0
483 481 107.0
481 482 101.0
482 481 101.0
482 994 107.0
994 482 107.0
482 498 106.0
498 482 106.0
482 490 109.0
490 482 109.0
482 486 109.0
486 482 109.0
482 484 102.0
484 482 102.0
483 995 106.0
995 483 106.0
483 499 100.0
499 483 100.0
483 491 105.0
491 483 105.0
483 487 110.0
487 483 110.0
483 484 104.0
484 483 104.0
484 996 110.0
996 484 110.0
484 500 106.0
500 484 106.0
484 492 110.0
492 484 110.0
484 488 103.0
488 484 103.0
485 997 108.0
997 485 108.0
485 501 106.0
501 485 106.0
485 493 105.0
493 485 105.0
485 487 102.0
487 485 102.0
485 486 101.0
486 485 101.0
486 998 108.0
998 486 108.0
486 502 106.0
502 486 106.0
486 494 106.0
494 486 106.0
486 488 103.0
488 486 103.0
487 999 100.0
999 487 100.0
487 503 105.0
503 487 105.0
487 495 108.0
495 487 108.0
487 488 110.0
488 487 110.0
488 1000 105.0
1000 488 105.0
488 504 109.0
504 488 109.0
488 496 108.0
496 488 108.0
489 1001 101.0
1001 489 101.0
489 505 100.0
505 489 100.0
489 493 104.0
493 489 104.0
489 491 109.0
491 489 109.0
489 490 103.0
490 489 103.0
490 1002 108.0
1002 490 108.0
490 506 107.0
506 490 107.0
490 494 103.0
494 490 103.0
490 492 103.0
492 490 103.0
491 1003 102.0
1003 491 102.0
491 507 101.0
507 491 101.0
491 495 108.0
495 491 108.0
491 492 103.0
492 491 103.0
492 1004 101.0
1004 492 101.0
492 508 109.0
508 492 109.0
492 496 102.0
496 492 102.0
493 1005 105.0
1005 493 105.0
493 509 102.0
509 493 102.0
493 495 105.0
495 493 105.0
493 494 102.0
494 493 102.0
494 1006 102.0
1006 494 102.0
494 510 100.0
510 494 100.0
494 496 105.0
496 494 105.0
495 1007 110.0
1007 495 110.0
495 511 105.0
511 495 105.0
495 496 105.0
496 495 105.0
496 1008 103.0
1008 496 103.0
496 512 104.0
512 496 104.0
497 1009 103.0
1009 497 103.0
497 505 103.0
505 497 103.0
497 501 106.0
501 497 106.0
497 499 104.0
499 497 104.0
497 498 110.0
498 497 110.0
498 1010 105.0
1010 498 105.0
498 506 109.0
506 498 109.0
498 502 110.0
502 498 110.0
498 500 109.0
500 498 109.0
499 1011 104.0
1011 499 104.0
499 507 100.0
507 499 100.0
499 503 102.0
503 499 102.0
499 500 107.0
500 499 107.0
500 1012 101.0
1012 500 101.0
500 508 110.0
508 500 110.0
500 504 109.0
504 500 109.0
501 1013 106.0
1013 501 106.0
501 509 110.0
509 501 110.0
501 503 108.0
503 501 108.0
501 502 110.0
502 501 110.0
502 1014 110.0
1014 502 110.0
502 510 100.0
510 502 100.0
502 504 104.0
504 502 104.0
503 1015 101.0
1015 503 101.0
503 511 103.0
511 503 103.0
503 504 103.0
504 503 103.0
504 1016 103.0
1016 504 103.0
504 512 105.0
512 504 105.0
505 1017 102.0
1017 505 102.0
505 509 100.0
509 505 100.0
505 507 101.0
507 505 101.0
505 506 100.0
506 505 100.0
506 1018 101.0
1018 506 101.0
506 510 106.0
510 506 106.0
506 508 102.0
508 506 102.0
507 1019 101.0
1019 507 101.0
507 511 101.0
511 507 101.0
507 508 106.0
508 507 106.0
508 1020 106.0
1020 508 106.0
508 512 104.0
512 508 104.0
509 1021 106.0
1021 509 106.0
509 511 104.0
511 509 104.0
509 510 107.0
510 509 107.0
510 1022 108.0
1022 510 108.0
510 512 103.0
512 510 103.0
511 1023 101.0
1023 511 101.0
511 512 109.0
512 511 109.0
512 1024 101.0
1024 512 101.0
513 769 106.0
769 513 106.0
513 641 110.0
641 513 110.0
513 577 106.0
577 513 106.0
513 545 101.0
545 513 101.0
513 529 106.0
529 513 106.0
513 521 101.0
521 513 101.0
513 517 110.0
517 513 110.0
513 515 109.0
515 513 109.0
513 514 100.0
514 513 100.0
514 770 106.0
770 514 106.0
514 642 107.0
642 514 107.0
514 578 100.0
578 514 100.0
514 546 106.0
546 514 106.0
514 530 102.0
530 514 102.0
514 522 108.0
522 514 108.0
514 518 101.0
518 514 101.0
514 516 103.0
516 514 103.0
515 771 100.0
771 515 100.0
515 643 101.0
643 515 101.0
515 579 105.0
579 515 105.0
515 547 108.0
547 515 108.0
515 531 107.0
531 515 107.0
515 523 105.0
523 515 105.0
515 519 101.0
519 515 101.0
515 516 105.0
516 515 105.0
516 772 109.0
772 516 109.0
516 644 104.0
644 516 104.0
516 580 102.0
580 516 102.0
516 548 105.0
548 516 105.0
516 532 102.0
532 516 102.0
516 524 108.0
524 516 108.0
516 520 102.0
520 516 102.0
517 773 103.0
773 517 103.0
517 645 107.0
645 517 107.0
517 581 102.0
581 517 102.0
517 549 102.0
549 517 102.0
517 533 103.0
533 517 103.0
517 525 101.0
525 517 101.0
517 519 104.0
519 517 104.0
517 518 100.0
518 517 100.0
518 774 109.0
774 518 109.0
518 646 109.0
646 518 109.0
518 582 102.0
582 518 102.0
518 550 107.0
550 518 107.0
518 534 105.0
534 518 105.0
518 526 102.0
526 518 102.0
518 520 105.0
520 518 105.0
519 775 110.0
775 519 110.0
519 647 101.0
647 519 101.0
519 583 103.0
583 519 103.0
519 551 106.0
551 519 106.0
519 535 102.0
535 519 102.0
519 527 101.0
527 519 101.0
519 520 109.0
520 519 109.0
520 776 109.0
776 520 109.0
520 648 106.0
648 520 106.0
520 584 100.0
584 520 100.0
520 552 109.0
552 520 109.0
520 536 102.0
536 520 102.0
520 528 100.0
528 520 100.0
521 777 109.0
777 521 109.0
521 649 109.0
649 521 109.0
521 585 107.0
585 521 107.0
521 553 107.0
553 521 107.0
521 537 100.0
537 521 100.0
521 525 109.0
525 521 109.0
521 523 102.0
523 521 102.0
521 522 101.0
522 521 101.0
522 778 102.0
778 522 102.0
522 650 109.0
650 522 109.0
522 586 104.0
586 522 104.0
522 554 105.0
554 522 105.0
522 538 106.0
538 522 106.0
522 526 105.0
526 522 105.0
522 524 108.0
524 522 108.0
523 779 100.0
779 523 100.0
523 651 102.0
651 523 102.0
523 587 101.0
587 523 101.0
523 555 109.0
555 523 109.0
523 539 106.0
539 523 106.0
523 527 109.0
527 523 109.0
523 524 110.0
524 523 110.0
524 780 105.0
780 524 105.0
524 652 107.0
652 524 107.0
524 588 106.0
588 524 106.0
524 556 107.0
556 524 107.0
524 540 100.0
540 524 100.0
524 528 102.0
528 524 102.0
525 781 101.0
781 525 101.0
525 653 104.0
653 525 104.0
525 589 110.0
589 525 110.0
525 557 102.0
557 525 102.0
525 541 101.0
541 525 101.0
525 527 104.0
527 525 104.0
525 526 102.0
526 525 102.0
526 782 101.0
782 526 101.0
526 654 103.0
654 526 103.0
526 590 104.0
590 526 104.0
526 558 107.0
558 526 107.0
526 542 105.0
542 526 105.0
526 528 103.0
528 526 103.0
527 783 106.0
783 527 106.0
527 655 104.0
655 527 104.0
527 591 108.0
591 527 108.0
527 559 105.0
559 527 105.0
527 543 104.0
543 527 104.0
527 528 107.0
528 527 107.0
528 784 106.0
784 528 106.0
528 656 100.0
656 528 100.0
528 592 104.0
592 528 104.0
528 560 105.0
560 528 105.0
528 544 106.0
544 528 106.0
529 785 106.0
785 529 106.0
529 657 105.0
657 529 105.0
529 593 110.0
593 529 110.0
529 561 102.0
561 529 102.0
529 537 101.0
537 529 101.0
529 533 105.0
533 529 105.0
529 531 104.0
531 529 104.0
529 530 110.0
530 529 110.0
530 786 110.0
786 530 110.0
530 658 104.0
658 530 104.0
530 594 108.0
594 530 108.0
530 562 107.0
562 530 107.0
530 538 105.0
538 530 105.0
530 534 102.0
534 530 102.0
530 532 103.0
532 530 103.0
531 787 108.0
787 531 108.0
531 659 110.0
659 531 110.0
531 595 102.0
595 531 102.0
531 563 100.0
563 531 100.0
531 539 101.0
539 531 101.0
531 535 103.0
535 531 103.0
531 532 108.0
532 531 108.0
532 788 103.0
788 532 103.0
532 660 105.0
660 532 105.0
532 596 110.0
596 532 110.0
532 564 108.0
564 532 108.0
532 540 104.0
540 532 104.0
532 536 100.0
536 532 100.0
533 789 107.0
789 533 107.0
533 661 107.0
661 533 107.0
533 597 101.0
597 533 101.0
533 565 101.0
565 533 101.0
533 541 102.0
541 533 102.0
533 535 108.0
535 533 108.0
533 534 105.0
534 533 105.0
534 790 104.0
790 534 104.0
534 662 105.0
662 534 105.0
534 598 101.0
598 534 101.0
534 566 107.0
566 534 107.0
534 542 106.0
542 534 106.0
534 536 101.0
536 534 101.0
535 791 109.0
791 535 109.0
535 663 110.0
663 535 110.0
535 599 106.0
599 535 106.0
535 567 107.0
567 535 107.0
535 543 102.0
543 535 102.0
535 536 100.0
536 535 100.0
536 792 105.0
792 536 105.0
536 664 104.0
664 536 104.0
536 600 107.0
600 536 107.0
536 568 109.0
568 536 109.0
536 544 104.0
544 536 104.0
537 793 102.0
793 537 102.0
537 665 109.0
665 537 109.0
537 601 102.0
601 537 102.0
537 569 101.0
569 537 101.0
537 541 108.0
541 537 108.0
537 539 110.0
539 537 110.0
537 538 108.0
538 537 108.0
538 794 106.0
794 538 106.0
538 666 106.0
666 538 106.0
538 602 105.0
602 538 105.0
538 570 100.0
570 538 100.0
538 542 105.0
542 538 105.0
538 540 108.0
540 538 108.0
539 795 106.0
795 539 106.0
539 667 110.0
667 539 110.0
539 603 101.0
603 539 101.0
539 571 100.0
571 539 100.0
539 543 107.0
543 539 107.0
539 540 105.0
540 539 105.0
540 796 104.0
796 540 104.0
540 668 100.0
668 540 100.0
540 604 100.0
604 540 100.0
540 572 100.0
572 540 100.0
540 544 100.0
544 540 100.0
541 797 101.0
797 541 101.0
541 669 110.0
669 541 110.0
541 605 104.0
605 541 104.0
541 573 102.0
573 541 102.0
541 543 100.0
543 541 100.0
541 542 103.0
542 541 103.0
542 798 104.0
798 542 104.0
542 670 109.0
670 542 109.0
542 606 110.0
606 542 110.0
542 574 103.0
574 542 103.0
542 544 105.0
544 542 105.0
543 799 103.0
799 543 103.0
543 671 109.0
671 543 109.0
543 607 107.0
607 543 107.0
543 575 105.0
575 543 105.0
543 544 104.0
544 543 104.0
544 800 102.0
800 544 102.0
544 672 101.0
672 544 101.0
544 608 110.0
608 544 110.0
544 576 100.0
576 544 100.0
545 801 102.0
801 545 102.0
545 673 106.0
673 545 106.0
545 609 102.0
609 545 102.0
545 561 106.0
561 545 106.0
545 553 102.0
553 545 102.0
545 549 104.0
549 545 104.0
545 547 102.0
547 545 102.0
545 546 106.0
546 545 106.0
546 802 108.0
802 546 108.0
546 674 107.0
674 546 107.0
546 610 100.0
610 546 100.0
546 562 102.0
562 546 102.0
546 554 105.0
554 546 105.0
546 550 109.0
550 546 109.0
546 548 105.0
548 546 105.0
547 803 107.0
803 547 107.0
547 675 110.0
675 547 110.0
547 611 108.0
611 547 108.0
547 563 109.0
563 547 109.0
547 555 103.0
555 547 103.0
547 551 106.0
551 547 106.0
547 548 110.0
548 547 110.0
548 804 110.0
804 548 110.0
548 676 106.0
676 548 106.0
548 612 107.0
612 548 107.0
548 564 100.0
564 548 100.0
548 556 105.0
556 548 105.0
548 552 106.0
552 548 106.0
549 805 108.0
805 549 108.0
549 677 103.0
677 549 103.0
549 613 104.0
613 549 104.0
549 565 105.0
565 549 105.0
549 557 104.0
557 549 104.0
549 551 103.0
551 549 103.0
549 550 110.0
550 549 110.0
550 806 100.0
806 550 100.0
550 678 103.0
678 550 103.0
550 614 108.0
614 550 108.0
550 566 110.0
566 550 110.0
550 558 104.0
558 550 104.0
550 552 101.0
552 550 101.0
551 807 100.0
807 551 100.0
551 679 109.0
679 551 109.0
551 615 104.0
615 551 104.0
551 567 105.0
567 551 105.0
551 559 104.0
559 551 104.0
551 552 103.0
552 551 103.0
552 808 107.0
808 552 107.0
552 680 100.0
680 552 100.0
552 616 106.0
616 552 106.0
552 568 103.0
568 552 103.0
552 560 104.0
560 552 104.0
553 809 108.0
809 553 108.0
553 681 105.0
681 553 105.0
553 617 105.0
617 553 105.0
553 569 103.0
569 553 103.0
553 557 106.0
557 553 106.0
553 555 109.0
555 553 109.0
553 554 104.0
554 553 104.0
554 810 103.0
810 554 103.0
554 682 101.0
682 554 101.0
554 618 109.0
618 554 109.0
554 570 110.0
570 554 110.0
554 558 101.0
558 554 101.0
554 556 103.0
556 554 103.0
555 811 100.0
811 555 100.0
555 683 106.0
683 555 106.0
555 619 109.0
619 555 109.0
555 571 106.0
571 555 106.0
555 559 101.0
559 555 101.0
555 556 108.0
556 555 108.0
556 812 110.0
812 556 110.0
556 684 110.0
684 556 110.0
556 620 108.0
620 556 108.0
556 572 102.0
572 556 102.0
556 560 109.0
560 556 109.0
557 813 101.0
813 557 101.0
557 685 110.0
685 557 110.0
557 621 107.0
621 557 107.0
557 573 103.0
573 557 103.0
557 559 108.0
559 557 108.0
557 558 102.0
558 557 102.0
558 814 106.0
814 558 106.0
558 686 106.0
686 558 106.0
558 622 103.0
622 558 103.0
558 574 100.0
574 558 100.0
558 560 106.0
560 558 106.0
559 815 102.0
815 559 102.0
559 687 104.0
687 559 104.0
559 623 110.0
623 559 110.0
559 575 101.0
575 559 101.0
559 560 105.0
560 559 105.0
560 816 101.0
816 560 101.0
560 688 103.0
688 560 103.0
560 624 106.0
624 560 106.0
560 576 108.0
576 560 108.0
561 817 104.0
817 561 104.0
561 689 107.0
689 561 107.0
561 625 101.0
625 561 101.0
561 569 104.0
569 561 104.0
561 565 110.0
565 561 110.0
561 563 106.0
563 561 106.0
561 562 110.0
562 561 110.0
562 818 107.0
818 562 107.0
562 690 107.0
690 562 107.0
562 626 107.0
626 562 107.0
562 570 100.0
570 562 100.0
562 566 108.0
566 562 108.0
562 564 102.0
564 562 102.0
563 819 109.0
819 563 109.0
563 691 101.0
691 563 101.0
563 627 108.0
627 563 108.0
563 571 101.0
571 563 101.0
563 567 105.0
567 563 105.0
563 564 108.0
564 563 108.0
564 820 105.0
820 564 105.0
564 692 100.0
692 564 100.0
564 628 105.0
628 564 105.0
564 572 106.0
572 564 106.0
564 568 100.0
568 564 100.0
565 821 103.0
821 565 103.0
565 693 104.0
693 565 104.0
565 629 102.0
629 565 102.0
565 573 110.0
573 565 110.0
565 567 110.0
567 565 110.0
565 566 108.0
566 565 108.0
566 822 104.0
822 566 104.0
566 694 105.0
694 566 105.0
566 630 100.0
630 566 100.0
566 574 100.0
574 566 100.0
566 568 106.0
568 566 106.0
567 823 110.0
823 567 110.0
567 695 100.0
695 567 100.0
567 631 107.0
631 567 107.0
567 575 104.0
575 567 104.0
567 568 105.0
568 567 105.0
568 824 104.0
824 568 104.0
568 696 100.0
696 568 100.0
568 632 102.0
632 568 102.0
568 576 104.0
576 568 104.0
569 825 102.0
825 569 102.0
569 697 104.0
697 569 104.0
569 633 109.0
633 569 109.0
569 573 101.0
573 569 101.0
569 571 105.0
571 569 105.0
569 570 101.0
570 569 101.0
570 826 100.0
826 570 100.0
570 698 110.0
698 570 110.0
570 634 102.0
634 570 102.0
570 574 104.0
574 570 104.0
570 572 102.0
572 570 102.0
571 827 106.0
827 571 106.0
571 699 110.0
699 571 110.0
571 635 102.0
635 571 102.0
571 575 106.0
575 571 106.0
571 572 104.0
572 571 104.0
572 828 101.0
828 572 101.0
572 700 104.0
700 572 104.0
572 636 100.0
636 572 100.0
572 576 108.0
576 572 108.0
573 829 103.0
829 573 103.0
573 701 101.0
701 573 101.0
573 637 105.0
637 573 105.0
573 575 107.0
575 573 107.0
573 574 110.0
574 573 110.0
574 830 102.0
830 574 102.0
574 702 107.0
702 574 107.0
574 638 101.0
638 574 101.0
574 576 109.0
576 574 109.0
575 831 108.0
831 575 108.0
575 703 109.0
703 575 109.0
575 639 102.0
639 575 102.0
575 576 100.0
576 575 100.0
576 832 106.0
832 576 106.0
576 704 105.0
704 576 105.0
576 640 102.0
640 576 102.0
577 833 105.0
833 577 105.0
577 705 104.0
705 577 104.0
577 609 109.0
609 577 109.0
577 593 100.0
593 577 100.0
577 585 104.0
585 577 104.0
577 581 110.0
581 577 110.0
577 579 105.0
579 577 105.0
577 578 106.0
578 577 106.0
578 834 100.0
834 578 100.0
578 706 110.0
706 578 110.0
578 610 100.0
610 578 100.0
578 594 103.0
594 578 103.0
578 586 105.0
586 578 105.0
578 582 109.0
582 578 109.0
578 580 104.0
580 578 104.0
579 835 110.0
835 579 110.0
579 707 105.0
707 579 105.0
579 611 109.0
611 579 109.0
579 595 100.0
595 579 100.0
579 587 109.0
587 579 109.0
579 583 109.0
583 579 109.0
579 580 100.0
580 579 100.0
580 836 101.0
836 580 101.0
580 708 103.0
708 580 103.0
580 612 100.0
612 580 100.0
580 596 106.0
596 580 106.0
580 588 107.0
588 580 107.0
580 584 108.0
584 580 108.0
581 837 107.0
837 581 107.0
581 709 102.0
709 581 102.0
581 613 106.0
613 581 106.0
581 597 105.0
597 581 105.0
581 589 100.0
589 581 100.0
581 583 101.0
583 581 101.0
581 582 108.0
582 581 108.0
582 838 105.0
838 582 105.0
582 710 109.0
710 582 109.0
582 614 103.0
614 582 103.0
582 598 109.0
598 582 109.0
582 590 110.0
590 582 110.0
582 584 101.0
584 582 101.0
583 839 106.0
839 583 106.0
583 711 101.0
711 583 101.0
583 615 107.0
615 583 107.0
583 599 104.0
599 583 104.0
583 591 108.0
591 583 108.0
583 584 109.0
584 583 109.0
584 840 108.0
840 584 108.0
584 712 107.0
712 584 107.0
584 616 104.0
616 584 104.0
584 600 109.0
600 584 109.0
584 592 108.0
592 584 108.0
585 841 109.0
841 585 109.0
585 713 105.0
713 585 105.0
585 617 104.0
617 585 104.0
585 601 106.0
601 585 106.0
585 589 104.0
589 585 104.0
585 587 108.0
587 585 108.0
585 586 108.0
586 585 108.0
586 842 102.0
842 586 102.0
586 714 110.0
714 586 110.0
586 618 108.0
618 586 108.0
586 602 107.0
602 586 107.0
586 590 104.0
590 586 104.0
586 588 104.0
588 586 104.0
587 843 109.0
843 587 109.0
587 715 100.0
715 587 100.0
587 619 101.0
619 587 101.0
587 603 109.0
603 587 109.0
587 591 107.0
591 587 107.0
587 588 104.0
588 587 104.0
588 844 103.0
844 588 103.0
588 716 109.0
716 588 109.0
588 620 102.0
620 588 102.0
588 604 107.0
604 588 107.0
588 592 107.0
592 588 107.0
589 845 104.0
845 589 104.0
589 717 100.0
717 589 100.0
589 621 106.0
621 589 106.0
589 605 105.0
605 589 105.0
589 591 103.0
591 589 103.0
589 590 101.0
590 589 101.0
590 846 105.0
846 590 105.0
590 718 104.0
718 590 104.0
590 622 104.0
622 590 104.0
590 606 105.0
606 590 105.0
590 592 108.0
592 590 108.0
591 847 103.0
847 591 103.0
591 719 109.0
719 591 109.0
591 623 100.0
623 591 100.0
591 607 100.0
607 591 100.0
591 592 104.0
592 591 104.0
592 848 106.0
848 592 106.0
592 720 106.0
720 592 106.0
592 624 109.0
624 592 109.0
592 608 104.0
608 592 104.0
593 849 103.0
849 593 103.0
593 721 104.0
721 593 104.0
593 625 108.0
625 593 108.0
593 601 101.0
601 593 101.0
593 597 105.0
597 593 105.0
593 595 105.0
595 593 105.0
593 594 105.0
594 593 105.0
594 850 106.0
850 594 106.0
594 722 100.0
722 594 100.0
594 626 100.0
626 594 100.0
594 602 103.0
602 594 103.0
594 598 104.0
598 594 104.0
594 596 102.0
596 594 102.0
595 851 106.0
851 595 106.0
595 723 110.0
723 595 110.0
595 627 102.0
627 595 102.0
595 603 104.0
603 595 104.0
595 599 100.0
599 595 100.0
595 596 106.0
596 595 106.0
596 852 106.0
852 596 106.0
596 724 109.0
724 596 109.0
596 628 109.0
628 596 109.0
596 604 108.0
604 596 108.0
596 600 108.0
600 596 108.0
597 853 100.0
853 597 100.0
597 725 108.0
725 597 108.0
597 629 100.0
629 597 100.0
597 605 101.0
605 597 101.0
597 599 104.0
599 597 104.0
597 598 102.0
598 597 102.0
598 854 100.0
854 598 100.0
598 726 103.0
726 598 103.0
598 630 108.0
630 598 108.0
598 606 106.0
606 598 106.0
598 600 102.0
600 598 102.0
599 855 110.0
855 599 110.0
599 727 106.0
727 599 106.0
599 631 109.0
631 599 109.0
599 607 106.0
607 599 106.0
599 600 108.0
600 599 108.0
600 856 106.0
856 600 106.0
600 728 102.0
728 600 102.0
600 632 102.0
632 600 102.0
600 608 104.0
608 600 104.0
601 857 105.0
857 601 105.0
601 729 101.0
729 601 101.0
601 633 108.0
633 601 108.0
601 605 104.0
605 601 104.0
601 603 110.0
603 601 110.0
601 602 108.0
602 601 108.0
602 858 101.0
858 602 101.0
602 730 108.0
730 602 108.0
602 634 109.0
634 602 109.0
602 606 100.0
606 602 100.0
602 604 110.0
604 602 110.0
603 859 108.0
859 603 108.0
603 731 101.0
731 603 101.0
603 635 106.0
635 603 106.0
603 607 101.0
607 603 101.0
603 604 100.0
604 603 100.0
604 860 105.0
860 604 105.0
604 732 102.0
732 604 102.0
604 636 101.0
636 604 101.0
604 608 106.0
608 604 106.0
605 861 110.0
861 605 110.0
605 733 107.0
733 605 107.0
605 637 100.0
637 605 100.0
605 607 110.0
607 605 110.0
605 606 101.0
606 605 101.0
606 862 108.0
862 606 108.0
606 734 109.0
734 606 109.0
606 638 105.0
638 606 105.0
606 608 104.0
608 606 104.0
607 863 110.0
863 607 110.0
607 735 101.0
735 607 101.0
607 639 108.0
639 607 108.0
607 608 108.0
608 607 108.0
608 864 110.0
864 608 110.0
608 736 101.0
736 608 101.0
608 640 106.0
640 608 106.0
609 865 102.0
865 609 102.0
609 737 110.0
737 609 110.0
609 625 108.0
625 609 108.0
609 617 104.0
617 609 104.0
609 613 101.0
613 609 101.0
609 611 105.0
611 609 105.0
609 610 104.0
610 609 104.0
610 866 108.0
866 610 108.0
610 738 107.0
738 610 107.0
610 626 108.0
626 610 108.0
610 618 107.0
618 610 107.0
610 614 106.0
614 610 106.0
610 612 103.0
612 610 103.0
611 867 106.0
867 611 106.0
611 739 110.0
739 611 110.0
611 627 107.0
627 611 107.0
611 619 102.0
619 611 102.0
611 615 108.0
615 611 108.0
611 612 100.0
612 611 100.0
612 868 106.0
868 612 106.0
612 740 104.0
740 612 104.0
612 628 109.0
628 612 109.0
612 620 102.0
620 612 102.0
612 616 102.0
616 612 102.0
613 869 107.0
869 613 107.0
613 741 109.0
741 613 109.0
613 629 106.0
629 613 106.0
613 621 103.0
621 613 103.0
613 615 107.0
615 613 107.0
613 614 103.0
614 613 103.0
614 870 108.0
870 614 108.0
614 742 105.0
742 614 105.0
614 630 101.0
630 614 101.0
614 622 101.0
622 614 101.0
614 616 102.0
616 614 102.0
615 871 109.0
871 615 109.0
615 743 109.0
743 615 109.0
615 631 103.0
631 615 103.0
615 623 108.0
623 615 108.0
615 616 109.0
616 615 109.0
616 872 107.0
872 616 107.0
616 744 108.0
744 616 108.0
616 632 108.0
632 616 108.0
616 624 102.0
624 616 102.0
617 873 108.0
873 617 108.0
617 745 106.0
745 617 106.0
617 633 108.0
633 617 108.0
617 621 110.0
621 617 110.0
617 619 110.0
619 617 110.0
617 618 110.0
618 617 110.0
618 874 110.0
874 618 110.0
618 746 108.0
746 618 108.0
618 634 107.0
634 618 107.0
618 622 109.0
622 618 109.0
618 620 104.0
620 618 104.0
619 875 110.0
875 619 110.0
619 747 100.0
747 619 100.0
619 635 106.0
635 619 106.0
619 623 105.0
623 619 105.0
619 620 109.0
620 619 109.0
620 876 102.0
876 620 102.0
620 748 106.0
748 620 106.0
620 636 105.0
636 620 105.0
620 624 108.0
624 620 108.0
621 877 100.0
877 621 100.0
621 749 105.0
749 621 105.0
621 637 103.0
637 621 103.0
621 623 106.0
623 621 106.0
621 622 108.0
622 621 108.0
622 878 100.0
878 622 100.0
622 750 108.0
750 622 108.0
622 638 104.0
638 622 104.0
622 624 105.0
624 622 105.0
623 879 107.0
879 623 107.0
623 751 105.0
751 623 105.0
623 639 103.0
639 623 103.0
623 624 110.0
624 623 110.0
624 880 105.0
880 624 105.0
624 752 103.0
752 624 103.0
624 640 106.0
640 624 106.0
625 881 110.0
881 625 110.0
625 753 110.0
753 625 110.0
625 633 105.0
633 625 105.0
625 629 104.0
629 625 104.0
625 627 105.0
627 625 105.0
625 626 100.0
626 625 100.0
626 882 101.0
882 626 101.0
626 754 107.0
754 626 107.0
626 634 102.0
634 626 102.0
626 630 101.0
630 626 101.0
626 628 108.0
628 626 108.0
627 883 108.0
883 627 108.0
627 755 109.0
755 627 109.0
627 635 104.0
635 627 104.0
627 631 107.0
631 627 107.0
627 628 102.0
628 627 102.0
628 884 103.0
884 628 103.0
628 756 105.0
756 628 105.0
628 636 106.0
636 628 106.0
628 632 108.0
632 628 108.0
629 885 110.0
885 629 110.0
629 757 101.0
757 629 101.0
629 637 106.0
637 629 106.0
629 631 110.0
631 629 110.0
629 630 100.0
630 629 100.0
630 886 104.0
886 630 104.0
630 758 107.0
758 630 107.0
630 638 103.0
638 630 103.0
630 632 104.0
632 630 104.0
631 887 102.0
887 631 102.0
631 759 104.0
759 631 104.0
631 639 108.0
639 631 108.0
631 632 107.0
632 631 107.0
632 888 104.0
888 632 104.0
632 760 100.0
760 632 100.0
632 640 103.0
640 632 103.0
633 889 102.0
889 633 102.0
633 761 103.0
761 633 103.0
633 637 103.0
637 633 103.0
633 635 105.0
635 633 105.0
633 634 102.0
634 633 102.0
634 890 103.0
890 634 103.0
634 762 102.0
762 634 102.0
634 638 109.0
638 634 109.0
634 636 108.0
636 634 108.0
635 891 105.0
891 635 105.0
635 763 105.0
763 635 105.0
635 639 104.0
639 635 104.0
635 636 110.0
636 635 110.0
636 892 100.0
892 636 100.0
636 764 101.0
764 636 101.0
636 640 101.0
640 636 101.0
637 893 102.0
893 637 102.0
637 765 102.0
765 637 102.0
637 639 109.0
639 637 109.0
637 638 106.0
638 637 106.0
638 894 108.0
894 638 108.0
638 766 109.0
766 638 109.0
638 640 103.0
640 638 103.0
639 895 109.0
895 639 109.0
639 767 101.0
767 639 101.0
639 640 102.0
640 639 102.0
640 896 108.0
896 640 108.0
640 768 108.0
768 640 108.0
641 897 108.0
897 641 108.0
641 705 109.0
705 641 109.0
641 673 101.0
673 641 101.0
641 657 104.0
657 641 104.0
641 649 110.0
649 641 110.0
641 645 108.0
645 641 108.0
641 643 108.0
643 641 108.0
641 642 102.0
642 641 102.0
642 898 103.0
898 642 103.0
642 706 106.0
706 642 106.0
642 674 106.0
674 642 106.0
642 658 109.0
658 642 109.0
642 650 102.0
650 642 102.0
642 646 107.0
646 642 107.0
642 644 106.0
644 642 106.0
643 899 104.0
899 643 104.0
643 707 110.0
707 643 110.0
643 675 101.0
675 643 101.0
643 659 107.0
659 643 107.0
643 651 106.0
651 643 106.0
643 647 108.0
647 643 108.0
643 644 104.0
644 643 104.0
644 900 103.0
900 644 103.0
644 708 105.0
708 644 105.0
644 676 104.0
676 644 104.0
644 660 104.0
660 644 104.0
644 652 108.0
652 644 108.0
644 648 103.0
648 644 103.0
645 901 101.0
901 645 101.0
645 709 110.0
709 645 110.0
645 677 107.0
677 645 107.0
645 661 101.0
661 645 101.0
645 653 108.0
653 645 108.0
645 647 101.0
647 645 101.0
645 646 103.0
646 645 103.0
646 902 110.0
902 646 110.0
646 710 105.0
710 646 105.0
646 678 104.0
678 646 104.0
646 662 101.0
662 646 101.0
646 654 110.0
654 646 110.0
646 648 104.0
648 646 104.0
647 903 108.0
903 647 108.0
647 711 101.0
711 647 101.0
647 679 106.0
679 647 106.0
647 663 110.0
663 647 110.0
647 655 109.0
655 647 109.0
647 648 110.0
648 647 110.0
648 904 102.0
904 648 102.0
648 712 101.0
712 648 101.0
648 680 109.0
680 648 109.0
648 664 104.0
664 648 104.0
648 656 102.0
656 648 102.0
649 905 108.0
905 649 108.0
649 713 110.0
713 649 110.0
649 681 100.0
681 649 100.0
649 665 106.0
665 649 106.0
649 653 102.0
653 649 102.0
649 651 103.0
651 649 103.0
649 650 109.0
650 649 109.0
650 906 108.0
906 650 108.0
650 714 103.0
714 650 103.0
650 682 103.0
682 650 103.0
650 666 100.0
666 650 100.0
650 654 102.0
654 650 102.0
650 652 104.0
652 650 104.0
651 907 110.0
907 651 110.0
651 715 108.0
715 651 108.0
651 683 100.0
683 651 100.0
651 667 102.0
667 651 102.0
651 655 105.0
655 651 105.0
651 652 103.0
652 651 103.0
652 908 106.0
908 652 106.0
652 716 107.0
716 652 107.0
652 684 105.0
684 652 105.0
652 668 105.0
668 652 105.0
652 656 106.0
656 652 106.0
653 909 102.0
909 653 102.0
653 717 108.0
717 653 108.0
653 685 106.0
685 653 106.0
653 669 104.0
669 653 104.0
653 655 110.0
655 653 110.0
653 654 106.0
654 653 106.0
654 910 102.0
910 654 102.0
654 718 103.0
718 654 103.0
654 686 108.0
686 654 108.0
654 670 100.0
670 654 100.0
654 656 108.0
656 654 108.0
655 911 105.0
911 655 105.0
655 719 101.0
719 655 101.0
655 687 109.0
687 655 109.0
655 671 108.0
671 655 108.0
655 656 106.0
656 655 106.0
656 912 108.0
912 656 108.0
656 720 102.0
720 656 102.0
656 688 109.0
688 656 109.0
656 672 109.0
672 656 109.0
657 913 103.0
913 657 103.0
657 721 109.0
721 657 109.0
657 689 104.0
689 657 104.0
657 665 106.0
665 657 106.0
657 661 109.0
661 657 109.0
657 659 109.0
659 657 109.0
657 658 109.0
658 657 109.0
658 914 105.0
914 658 105.0
658 722 109.0
722 658 109.0
658 690 103.0
690 658 103.0
658 666 108.0
666 658 108.0
658 662 108.0
662 658 108.0
658 660 108.0
660 658 108.0
659 915 101.0
915 659 101.0
659 723 110.0
723 659 110.0
659 691 103.0
691 659 103.0
659 667 102.0
667 659 102.0
659 663 107.0
663 659 107.0
659 660 108.0
660 659 108.0
660 916 110.0
916 660 110.0
660 724 109.0
724 660 109.0
660 692 106.0
692 660 106.0
660 668 105.0
668 660 105.0
660 664 101.0
664 660 101.0
661 917 105.0
917 661 105.0
661 725 104.0
725 661 104.0
661 693 104.0
693 661 104.0
661 669 102.0
669 661 102.0
661 663 103.0
663 661 103.0
661 662 110.0
662 661 110.0
662 918 110.0
918 662 110.0
662 726 101.0
726 662 101.0
662 694 104.0
694 662 104.0
662 670 109.0
670 662 109.0
662 664 106.0
664 662 106.0
663 919 109.0
919 663 109.0
663 727 110.0
727 663 110.0
663 695 109.0
695 663 109.0
663 671 102.0
671 663 102.0
663 664 103.0
664 663 103.0
664 920 110.0
920 664 110.0
664 728 100.0
728 664 100.0
664 696 101.0
696 664 101.0
664 672 101.0
672 664 101.0
665 921 110.0
921 665 110.0
665 729 100.0
729 665 100.0
665 697 109.0
697 665 109.0
665 669 107.0
669 665 107.0
665 667 107.0
667 665 107.0
665 666 107.0
666 665 107.0
666 922 100.0
922 666 100.0
666 730 110.0
730 666 110.0
666 698 104.0
698 666 104.0
666 670 103.0
670 666 103.0
666 668 101.0
668 666 101.0
667 923 109.0
923 667 109.0
667 731 100.0
731 667 100.0
667 699 100.0
699 667 100.0
667 671 109.0
671 667 109.0
667 668 105.0
668 667 105.0
668 924 103.0
924 668 103.0
668 732 110.0
732 668 110.0
668 700 101.0
700 668 101.0
668 672 105.0
672 668 105.0
669 925 103.0
925 669 103.0
669 733 107.0
733 669 107.0
669 701 108.0
701 669 108.0
669 671 104.0
671 669 104.0
669 670 101.0
670 669 101.0
670 926 110.0
926 670 110.0
670 734 106.0
734 670 106.0
670 702 100.0
702 670 100.0
670 672 110.0
672 670 110.0
671 927 101.0
927 671 101.0
671 735 105.0
735 671 105.0
671 703 108.0
703 671 108.0
671 672 102.0
672 671 102.0
672 928 105.0
928 672 105.0
672 736 110.0
736 672 110.0
672 704 102.0
704 672 102.0
673 929 109.0
929 673 109.0
673 737 100.0
737 673 100.0
673 689 101.0
689 673 101.0
673 681 105.0
681 673 105.0
673 677 106.0
677 673 106.0
673 675 100.0
675 673 100.0
673 674 105.0
674 673 105.0
674 930 104.0
930 674 104.0
674 738 104.0
738 674 104.0
674 690 101.0
690 674 101.0
674 682 100.0
682 674 100.0
674 678 106.0
678 674 106.0
674 676 106.0
676 674 106.0
675 931 105.0
931 675 105.0
675 739 104.0
739 675 104.0
675 691 107.0
691 675 107.0
675 683 104.0
683 675 104.0
675 679 105.0
679 675 105.0
675 676 100.0
676 675 100.0
676 932 107.0
932 676 107.0
676 740 105.0
740 676 105.0
676 692 109.0
692 676 109.0
676 684 109.0
684 676 109.0
676 680 109.0
680 676 109.0
677 933 105.0
933 677 105.0
677 741 103.0
741 677 103.0
677 693 101.0
693 677 101.0
677 685 110.0
685 677 110.0
677 679 100.0
679 677 100.0
677 678 106.0
678 677 106.0
678 934 103.0
934 678 103.0
678 742 110.0
742 678 110.0
678 694 102.0
694 678 102.0
678 686 108.0
686 678 108.0
678 680 110.0
680 678 110.0
679 935 103.0
935 679 103.0
679 743 106.0
743 679 106.0
679 695 109.0
695 679 109.0
679 687 102.0
687 679 102.0
679 680 102.0
680 679 102.0
680 936 108.0
936 680 108.0
680 744 110.0
744 680 110.0
680 696 100.0
696 680 100.0
680 688 110.0
688 680 110.0
681 937 110.0
937 681 110.0
681 745 101.0
745 681 101.0
681 697 104.0
697 681 104.0
681 685 107.0
685 681 107.0
681 683 102.0
683 681 102.0
681 682 104.0
682 681 104.0
682 938 109.0
938 682 109.0
682 746 107.0
746 682 107.0
682 698 105.0
698 682 105.0
682 686 102.0
686 682 102.0
682 684 102.0
684 682 102.0
683 939 105.0
939 683 105.0
683 747 107.0
747 683 107.0
683 699 109.0
699 683 109.0
683 687 110.0
687 683 110.0
683 684 110.0
684 683 110.0
684 940 104.0
940 684 104.0
684 748 106.0
748 684 106.0
684 700 105.0
700 684 105.0
684 688 106.0
688 684 106.0
685 941 107.0
941 685 107.0
685 749 101.0
749 685 101.0
685 701 106.0
701 685 106.0
685 687 107.0
687 685 107.0
685 686 103.0
686 685 103.0
686 942 108.0
942 686 108.0
686 750 107.0
750 686 107.0
686 702 109.0
702 686 109.0
686 688 103.0
688 686 103.0
687 943 108.0
943 687 108.0
687 751 103.0
751 687 103.0
687 703 103.0
703 687 103.0
687 688 107.0
688 687 107.0
688 944 103.0
944 688 103.0
688 752 106.0
752 688 106.0
688 704 100.0
704 688 100.0
689 945 101.0
945 689 101.0
689 753 105.0
753 689 105.0
689 697 107.0
697 689 107.0
689 693 103.0
693 689 103.0
689 691 103.0
691 689 103.0
689 690 104.0
690 689 104.0
690 946 101.0
946 690 101.0
690 754 106.0
754 690 106.0
690 698 108.0
698 690 108.0
690 694 108.0
694 690 108.0
690 692 106.0
692 690 106.0
691 947 104.0
947 691 104.0
691 755 108.0
755 691 108.0
691 699 102.0
699 691 102.0
691 695 105.0
695 691 105.0
691 692 107.0
692 691 107.0
692 948 105.0
948 692 105.0
692 756 100.0
756 692 100.0
692 700 109.0
700 692 109.0
692 696 105.0
696 692 105.0
693 949 103.0
949 693 103.0
693 757 109.0
757 693 109.0
693 701 105.0
701 693 105.0
693 695 103.0
695 693 103.0
693 694 102.0
694 693 102.0
694 950 104.0
950 694 104.0
694 758 110.0
758 694 110.0
694 702 106.0
702 694 106.0
694 696 106.0
696 694 106.0
695 951 109.0
951 695 109.0
695 759 101.0
759 695 101.0
695 703 100.0
703 695 100.0
695 696 107.0
696 695 107.0
696 952 101.0
952 696 101.0
696 760 104.0
760 696 104.0
696 704 108.0
704 696 108.0
697 953 108.0
953 697 108.0
697 761 101.0
761 697 101.0
697 701 103.0
701 697 103.0
697 699 106.0
699 697 106.0
697 698 109.0
698 697 109.0
698 954 101.0
954 698 101.0
698 762 106.0
762 698 106.0
698 702 100.0
702 698 100.0
698 700 105.0
700 698 105.0
699 955 109.0
955 699 109.0
699 763 108.0
763 699 108.0
699 703 107.0
703 699 107.0
699 700 105.0
700 699 105.0
700 956 100.0
956 700 100.0
700 764 109.0
764 700 109.0
700 704 108.0
704 700 108.0
701 957 105.0
957 701 105.0
701 765 110.0
765 701 110.0
701 703 105.0
703 701 105.0
701 702 104.0
702 701 104.0
702 958 101.0
958 702 101.0
702 766 104.0
766 702 104.0
702 704 109.0
704 702 109.0
703 959 104.0
959 703 104.0
703 767 110.0
767 703 110.0
703 704 100.0
704 703 100.0
704 960 102.0
960 704 102.0
704 768 104.0
768 704 104.0
705 961 101.0
961 705 101.0
705 737 101.0
737 705 101.0
705 721 105.0
721 705 105.0
705 713 108.0
713 705 108.0
705 709 101.0
709 705 101.0
705 707 108.0
707 705 108.0
705 706 108.0
706 705 108.0
706 962 105.0
962 706 105.0
706 738 102.0
738 706 102.0
706 722 107.0
722 706 107.0
706 714 102.0
714 706 102.0
706 710 106.0
710 706 106.0
706 708 103.0
708 706 103.0
707 963 100.0
963 707 100.0
707 739 108.0
739 707 108.0
707 723 106.0
723 707 106.0
707 715 105.0
715 707 105.0
707 711 109.0
711 707 109.0
707 708 107.0
708 707 107.0
708 964 109.0
964 708 109.0
708 740 106.0
740 708 106.0
708 724 105.0
724 708 105.0
708 716 101.0
716 708 101.0
708 712 108.0
712 708 108.0
709 965 100.0
965 709 100.0
709 741 100.0
741 709 100.0
709 725 101.0
725 709 101.0
709 717 101.0
717 709 101.0
709 711 105.0
711 709 105.0
709 710 102.0
710 709 102.0
710 966 103.0
966 710 103.0
710 742 100.0
742 710 100.0
710 726 110.0
726 710 110.0
710 718 100.0
718 710 100.0
710 712 105.0
712 710 105.0
711 967 102.0
967 711 102.0
711 743 105.0
743 711 105.0
711 727 103.0
727 711 103.0
711 719 106.0
719 711 106.0
711 712 103.0
712 711 103.0
712 968 105.0
968 712 105.0
712 744 101.0
744 712 101.0
712 728 103.0
728 712 103.0
712 720 110.0
720 712 110.0
713 969 100.0
969 713 100.0
713 745 105.0
745 713 105.0
713 729 109.0
729 713 109.0
713 717 102.0
717 713 102.0
713 715 105.0
715 713 105.0
713 714 103.0
714 713 103.0
714 970 109.0
970 714 109.0
714 746 108.0
746 714 108.0
714 730 103.0
730 714 103.0
714 718 108.0
718 714 108.0
714 716 107.0
716 714 107.0
715 971 105.0
971 715 105.0
715 747 106.0
747 715 106.0
715 731 104.0
731 715 104.0
715 719 103.0
719 715 103.0
715 716 110.0
716 715 110.0
716 972 104.0
972 716 104.0
716 748 102.0
748 716 102.0
716 732 105.0
732 716 105.0
716 720 106.0
720 716 106.0
717 973 107.0
973 717 107.0
717 749 102.0
749 717 102.0
717 733 103.0
733 717 103.0
717 719 106.0
719 717 106.0
717 718 102.0
718 717 102.0
718 974 105.0
974 718 105.0
718 750 110.0
750 718 110.0
718 734 101.0
734 718 101.0
718 720 109.0
720 718 109.0
719 975 109.0
975 719 109.0
719 751 109.0
751 719 109.0
719 735 107.0
735 719 107.0
719 720 106.0
720 719 106.0
720 976 106.0
976 720 106.0
720 752 103.0
752 720 103.0
720 736 101.0
736 720 101.0
721 977 106.0
977 721 106.0
721 753 104.0
753 721 104.0
721 729 102.0
729 721 102.0
721 725 110.0
725 721 110.0
721 723 109.0
723 721 109.0
721 722 103.0
722 721 103.0
722 978 107.0
978 722 107.0
722 754 103.0
754 722 103.0
722 730 108.0
730 722 108.0
722 726 110.0
726 722 110.0
722 724 108.0
724 722 108.0
723 979 106.0
979 723 106.0
723 755 110.0
755 723 110.0
723 731 108.0
731 723 108.0
723 727 102.0
727 723 102.0
723 724 107.0
724 723 107.0
724 980 109.0
980 724 109.0
724 756 108.0
756 724 108.0
724 732 105.0
732 724 105.0
724 728 102.0
728 724 102.0
725 981 108.0
981 725 108.0
725 757 110.0
757 725 110.0
725 733 106.0
733 725 106.0
725 727 101.0
727 725 101.0
725 726 100.0
726 725 100.0
726 982 105.0
982 726 105.0
726 758 105.0
758 726 105.0
726 734 110.0
734 726 110.0
726 728 100.0
728 726 100.0
727 983 106.0
983 727 106.0
727 759 110.0
759 727 110.0
727 735 100.0
735 727 100.0
727 728 102.0
728 727 102.0
728 984 108.0
984 728 108.0
728 760 102.0
760 728 102.0
728 736 107.0
736 728 107.0
729 985 104.0
985 729 104.0
729 761 105.0
761 729 105.0
729 733 110.0
733 729 110.0
729 731 104.0
731 729 104.0
729 730 105.0
730 729 105.0
730 986 102.0
986 730 102.0
730 762 104.0
762 730 104.0
730 734 109.0
734 730 109.0
730 732 101.0
732 730 101.0
731 987 101.0
987 731 101.0
731 763 109.0
763 731 109.0
731 735 108.0
735 731 108.0
731 732 105.0
732 731 105.0
732 988 110.0
988 732 110.0
732 764 109.0
764 732 109.0
732 736 107.0
736 732 107.0
733 989 103.0
989 733 103.0
733 765 110.0
765 733 110.0
733 735 102.0
735 733 102.0
733 734 102.0
734 733 102.0
734 990 109.0
990 734 109.0
734 766 102.0
766 734 102.0
734 736 109.0
736 734 109.0
735 991 109.0
991 735 109.0
735 767 102.0
767 735 102.0
735 736 101.0
736 735 101.0
736 992 102.0
992 736 102.0
736 768 104.0
768 736 104.0
737 993 104.0
993 737 104.0
737 753 109.0
753 737 109.0
737 745 100.0
745 737 100.0
737 741 108.0
741 737 108.0
737 739 106.0
739 737 106.0
737 738 110.0
738 737 110.0
738 994 109.0
994 738 109.0
738 754 107.0
754 738 107.0
738 746 104.0
746 738 104.0
738 742 106.0
742 738 106.0
738 740 102.0
740 738 102.0
739 995 110.0
995 739 110.0
739 755 108.0
755 739 108.0
739 747 103.0
747 739 103.0
739 743 108.0
743 739 108.0
739 740 101.0
740 739 101.0
740 996 104.0
996 740 104.0
740 756 106.0
756 740 106.0
740 748 103.0
748 740 103.0
740 744 103.0
744 740 103.0
741 997 100.0
997 741 100.0
741 757 101.0
757 741 101.0
741 749 100.0
749 741 100.0
741 743 104.0
743 741 104.0
741 742 104.0
742 741 104.0
742 998 101.0
998 742 101.0
742 758 101.0
758 742 101.0
742 750 104.0
750 742 104.0
742 744 108.0
744 742 108.0
743 999 103.0
999 743 103.0
743 759 107.0
759 743 107.0
743 751 101.0
751 743 101.0
743 744 109.0
744 743 109.0
744 1000 105.0
1000 744 105.0
744 760 102.0
760 744 102.0
744 752 101.0
752 744 101.0
745 1001 103.0
1001 745 103.0
745 761 102.0
761 745 102.0
745 749 102.0
749 745 102.0
745 747 100.0
747 745 100.0
745 746 105.0
746 745 105.0
746 1002 107.0
1002 746 107.0
746 762 101.0
762 746 101.0
746 750 101.0
750 746 101.0
746 748 108.0
748 746 108.0
747 1003 108.0
1003 747 108.0
747 763 104.0
763 747 104.0
747 751 108.0
751 747 108.0
747 748 102.0
748 747 102.0
748 1004 104.0
1004 748 104.0
748 764 107.0
764 748 107.0
748 752 103.0
752 748 103.0
749 1005 100.0
1005 749 100.0
749 765 101.0
765 749 101.0
749 751 103.0
751 749 103.0
749 750 101.0
750 749 101.0
750 1006 105.0
1006 750 105.0
750 766 104.0
766 750 104.0
750 752 104.0
752 750 104.0
751 1007 102.0
1007 751 102.0
751 767 110.0
767 751 110.0
751 752 103.0
752 751 103.0
752 1008 104.0
1008 752 104.0
752 768 102.0
768 752 102.0
753 1009 108.0
1009 753 108.0
753 761 105.0
761 753 105.0
753 757 100.0
757 753 100.0
753 755 100.0
755 753 100.0
753 754 106.0
754 753 106.0
754 1010 106.0
1010 754 106.0
754 762 105.0
762 754 105.0
754 758 110.0
758 754 110.0
754 756 103.0
756 754 103.0
755 1011 109.0
1011 755 109.0
755 763 104.0
763 755 104.0
755 759 109.0
759 755 109.0
755 756 102.0
756 755 102.0
756 1012 103.0
1012 756 103.0
756 764 108.0
764 756 108.0
756 760 109.0
760 756 109.0
757 1013 102.0
1013 757 102.0
757 765 106.0
765 757 106.0
757 759 104.0
759 757 104.0
757 758 104.0
758 757 104.0
758 1014 100.0
1014 758 100.0
758 766 102.0
766 758 102.0
758 760 103.0
760 758 103.0
759 1015 108.0
1015 759 108.0
759 767 103.0
767 759 103.0
759 760 109.0
760 759 109.0
760 1016 102.0
1016 760 102.0
760 768 107.0
768 760 107.0
761 1017 109.0
1017 761 109.0
761 765 100.0
765 761 100.0
761 763 107.0
763 761 107.0
761 762 100.0
762 761 100.0
762 1018 109.0
1018 762 109.0
762 766 109.0
766 762 109.0
762 764 106.0
764 762 106.0
763 1019 106.0
1019 763 106.0
763 767 104.0
767 763 104.0
763 764 100.0
764 763 100.0
764 1020 108.0
1020 764 108.0
764 768 105.0
768 764 105.0
765 1021 103.0
1021 765 103.0
765 767 105.0
767 765 105.0
765 766 107.0
766 765 107.0
766 1022 110.0
1022 766 110.0
766 768 106.0
768 766 106.0
767 1023 108.0
1023 767 108.0
767 768 105.0
768 767 105.0
768 1024 100.0
1024 768 100.0
769 897 104.0
897 769 104.0
769 833 103.0
833 769 103.0
769 801 104.0
801 769 104.0
769 785 109.0
785 769 109.0
769 777 110.0
777 769 110.0
769 773 107.0
773 769 107.0
769 771 100.0
771 769 100.0
769 770 103.0
770 769 103.0
770 898 100.0
898 770 100.0
770 834 106.0
834 770 106.0
770 802 110.0
802 770 110.0
770 786 101.0
786 770 101.0
770 778 108.0
778 770 108.0
770 774 108.0
774 770 108.0
770 772 103.0
772 770 103.0
771 899 103.0
899 771 103.0
771 835 107.0
835 771 107.0
771 803 101.0
803 771 101.0
771 787 105.0
787 771 105.0
771 779 106.0
779 771 106.0
771 775 101.0
775 771 101.0
771 772 103.0
772 771 103.0
772 900 107.0
900 772 107.0
772 836 110.0
836 772 110.0
772 804 105.0
804 772 105.0
772 788 110.0
788 772 110.0
772 780 103.0
780 772 103.0
772 776 105.0
776 772 105.0
773 901 105.0
901 773 105.0
773 837 108.0
837 773 108.0
773 805 106.0
805 773 106.0
773 789 109.0
789 773 109.0
773 781 107.0
781 773 107.0
773 775 103.0
775 773 103.0
773 774 107.0
774 773 107.0
774 902 100.0
902 774 100.0
774 838 101.0
838 774 101.0
774 806 104.0
806 774 104.0
774 790 104.0
790 774 104.0
774 782 105.0
782 774 105.0
774 776 106.0
776 774 106.0
775 903 106.0
903 775 106.0
775 839 105.0
839 775 105.0
775 807 103.0
807 775 103.0
775 791 110.0
791 775 110.0
775 783 104.0
783 775 104.0
775 776 106.0
776 775 106.0
776 904 103.0
904 776 103.0
776 840 100.0
840 776 100.0
776 808 104.0
808 776 104.0
776 792 108.0
792 776 108.0
776 784 107.0
784 776 107.0
777 905 108.0
905 777 108.0
777 841 109.0
841 777 109.0
777 809 106.0
809 777 106.0
777 793 106.0
793 777 106.0
777 781 108.0
781 777 108.0
777 779 106.0
779 777 106.0
777 778 102.0
778 777 102.0
778 906 104.0
906 778 104.0
778 842 101.0
842 778 101.0
778 810 110.0
810 778 110.0
778 794 106.0
794 778 106.0
778 782 104.0
782 778 104.0
778 780 102.0
780 778 102.0
779 907 108.0
907 779 108.0
779 843 109.0
843 779 109.0
779 811 102.0
811 779 102.0
779 795 104.0
795 779 104.0
779 783 102.0
783 779 102.0
779 780 100.0
780 779 100.0
780 908 105.0
908 780 105.0
780 844 100.0
844 780 100.0
780 812 110.0
812 780 110.0
780 796 108.0
796 780 108.0
780 784 105.0
784 780 105.0
781 909 101.0
909 781 101.0
781 845 108.0
845 781 108.0
781 813 101.0
813 781 101.0
781 797 105.0
797 781 105.0
781 783 104.0
783 781 104.0
781 782 102.0
782 781 102.0
782 910 109.0
910 782 109.0
782 846 108.0
846 782 108.0
782 814 104.0
814 782 104.0
782 798 104.0
798 782 104.0
782 784 101.0
784 782 101.0
783 911 102.0
911 783 102.0
783 847 110.0
847 783 110.0
783 815 110.0
815 783 110.0
783 799 107.0
799 783 107.0
783 784 110.0
784 783 110.0
784 912 107.0
912 784 107.0
784 848 105.0
848 784 105.0
784 816 105.0
816 784 105.0
784 800 106.0
800 784 106.0
785 913 106.0
913 785 106.0
785 849 107.0
849 785 107.0
785 817 100.0
817 785 100.0
785 793 101.0
793 785 101.0
785 789 101.0
789 785 101.0
785 787 109.0
787 785 109.0
785 786 109.0
786 785 109.0
786 914 110.0
914 786 110.0
786 850 107.0
850 786 107.0
786 818 105.0
818 786 105.0
786 794 103.0
794 786 103.0
786 790 108.0
790 786 108.0
786 788 107.0
788 786 107.0
787 915 101.0
915 787 101.0
787 851 108.0
851 787 108.0
787 819 102.0
819 787 102.0
787 795 109.0
795 787 109.0
787 791 102.0
791 787 102.0
787 788 110.0
788 787 110.0
788 916 101.0
916 788 101.0
788 852 100.0
852 788 100.0
788 820 110.0
820 788 110.0
788 796 106.0
796 788 106.0
788 792 110.0
792 788 110.0
789 917 101.0
917 789 101.0
789 853 107.0
853 789 107.0
789 821 109.0
821 789 109.0
789 797 100.0
797 789 100.0
789 791 101.0
791 789 101.0
789 790 107.0
790 789 107.0
790 918 101.0
918 790 101.0
790 854 104.0
854 790 104.0
790 822 100.0
822 790 100.0
790 798 100.0
798 790 100.0
790 792 105.0
792 790 105.0
791 919 110.0
919 791 110.0
791 855 106.0
855 791 106.0
791 823 108.0
823 791 108.0
791 799 100.0
799 791 100.0
791 792 110.0
792 791 110.0
792 920 110.0
920 792 110.0
792 856 104.0
856 792 104.0
792 824 103.0
824 792 103.0
792 800 109.0
800 792 109.0
793 921 108.0
921 793 108.0
793 857 110.0
857 793 110.0
793 825 100.0
825 793 100.0
793 797 106.0
797 793 106.0
793 795 109.0
795 793 109.0
793 794 102.0
794 793 102.0
794 922 101.0
922 794 101.0
794 858 104.0
858 794 104.0
794 826 103.0
826 794 103.0
794 798 110.0
798 794 110.0
794 796 105.0
796 794 105.0
795 923 100.0
923 795 100.0
795 859 107.0
859 795 107.0
795 827 102.0
827 795 102.0
795 799 103.0
799 795 103.0
795 796 109.0
796 795 109.0
796 924 101.0
924 796 101.0
796 860 108.0
860 796 108.0
796 828 102.0
828 796 102.0
796 800 101.0
800 796 101.0
797 925 104.0
925 797 104.0
797 861 105.0
861 797 105.0
797 829 101.0
829 797 101.0
797 799 110.0
799 797 110.0
797 798 102.0
798 797 102.0
798 926 104.0
926 798 104.0
798 862 104.0
862 798 104.0
798 830 104.0
830 798 104.0
798 800 103.0
800 798 103.0
799 927 104.0
927 799 104.0
799 863 108.0
863 799 108.0
799 831 105.0
831 799 105.0
799 800 108.0
800 799 108.0
800 928 106.0
928 800 106.0
800 864 102.0
864 800 102.0
800 832 101.0
832 800 101.0
801 929 107.0
929 801 107.0
801 865 108.0
865 801 108.0
801 817 105.0
817 801 105.0
801 809 108.0
809 801 108.0
801 805 101.0
805 801 101.0
801 803 104.0
803 801 104.0
801 802 101.0
802 801 101.0
802 930 104.0
930 802 104.0
802 866 101.0
866 802 101.0
802 818 101.0
818 802 101.0
802 810 101.0
810 802 101.0
802 806 110.0
806 802 110.0
802 804 109.0
804 802 109.0
803 931 106.0
931 803 106.0
803 867 104.0
867 803 104.0
803 819 110.0
819 803 110.0
803 811 108.0
811 803 108.0
803 807 100.0
807 803 100.0
803 804 106.0
804 803 106.0
804 932 108.0
932 804 108.0
804 868 105.0
868 804 105.0
804 820 106.0
820 804 106.0
804 812 107.0
812 804 107.0
804 808 101.0
808 804 101.0
805 933 109.0
933 805 109.0
805 869 106.0
869 805 106.0
805 821 101.0
821 805 101.0
805 813 103.0
813 805 103.0
805 807 106.0
807 805 106.0
805 806 102.0
806 805 102.0
806 934 102.0
934 806 102.0
806 870 102.0
870 806 102.0
806 822 101.0
822 806 101.0
806 814 108.0
814 806 108.0
806 808 107.0
808 806 107.0
807 935 107.0
935 807 107.0
807 871 107.0
871 807 107.0
807 823 108.0
823 807 108.0
807 815 108.0
815 807 108.0
807 808 102.0
808 807 102.0
808 936 107.0
936 808 107.0
808 872 100.0
872 808 100.0
808 824 102.0
824 808 102.0
808 816 102.0
816 808 102.0
809 937 107.0
937 809 107.0
809 873 105.0
873 809 105.0
809 825 100.0
825 809 100.0
809 813 108.0
813 809 108.0
809 811 100.0
811 809 100.0
809 810 104.0
810 809 104.0
810 938 108.0
938 810 108.0
810 874 109.0
874 810 109.0
810 826 105.0
826 810 105.0
810 814 109.0
814 810 109.0
810 812 103.0
812 810 103.0
811 939 110.0
939 811 110.0
811 875 101.0
875 811 101.0
811 827 105.0
827 811 105.0
811 815 101.0
815 811 101.0
811 812 108.0
812 811 108.0
812 940 102.0
940 812 102.0
812 876 100.0
876 812 100.0
812 828 106.0
828 812 106.0
812 816 103.0
816 812 103.0
813 941 105.0
941 813 105.0
813 877 108.0
877 813 108.0
813 829 101.0
829 813 101.0
813 815 108.0
815 813 108.0
813 814 107.0
814 813 107.0
814 942 107.0
942 814 107.0
814 878 105.0
878 814 105.0
814 830 105.0
830 814 105.0
814 816 102.0
816 814 102.0
815 943 105.0
943 815 105.0
815 879 105.0
879 815 105.0
815 831 104.0
831 815 104.0
815 816 106.0
816 815 106.0
816 944 103.0
944 816 103.0
816 880 100.0
880 816 100.0
816 832 100.0
832 816 100.0
817 945 104.0
945 817 104.0
817 881 106.0
881 817 106.0
817 825 101.0
825 817 101.0
817 821 109.0
821 817 109.0
817 819 100.0
819 817 100.0
817 818 102.0
818 817 102.0
818 946 103.0
946 818 103.0
818 882 107.0
882 818 107.0
818 826 109.0
826 818 109.0
818 822 104.0
822 818 104.0
818 820 108.0
820 818 108.0
819 947 101.0
947 819 101.0
819 883 103.0
883 819 103.0
819 827 100.0
827 819 100.0
819 823 103.0
823 819 103.0
819 820 107.0
820 819 107.0
820 948 110.0
948 820 110.0
820 884 104.0
884 820 104.0
820 828 101.0
828 820 101.0
820 824 100.0
824 820 100.0
821 949 106.0
949 821 106.0
821 885 110.0
885 821 110.0
821 829 103.0
829 821 103.0
821 823 100.0
823 821 100.0
821 822 103.0
822 821 103.0
822 950 103.0
950 822 103.0
822 886 105.0
886 822 105.0
822 830 100.0
830 822 100.0
822 824 100.0
824 822 100.0
823 951 110.0
951 823 110.0
823 887 110.0
887 823 110.0
823 831 107.0
831 823 107.0
823 824 110.0
824 823 110.0
824 952 107.0
952 824 107.0
824 888 108.0
888 824 108.0
824 832 102.0
832 824 102.0
825 953 105.0
953 825 105.0
825 889 104.0
889 825 104.0
825 829 108.0
829 825 108.0
825 827 106.0
827 825 106.0
825 826 109.0
826 825 109.0
826 954 106.0
954 826 106.0
826 890 102.0
890 826 102.0
826 830 103.0
830 826 103.0
826 828 105.0
828 826 105.0
827 955 104.0
955 827 104.0
827 891 102.0
891 827 102.0
827 831 102.0
831 827 102.0
827 828 103.0
828 827 103.0
828 956 107.0
956 828 107.0
828 892 100.0
892 828 100.0
828 832 101.0
832 828 101.0
829 957 101.0
957 829 101.0
829 893 108.0
893 829 108.0
829 831 105.0
831 829 105.0
829 830 104.0
830 829 104.0
830 958 100.0
958 830 100.0
830 894 109.0
894 830 109.0
830 832 105.0
832 830 105.0
831 959 100.0
959 831 100.0
831 895 105.0
895 831 105.0
831 832 110.0
832 831 110.0
832 960 108.0
960 832 108.0
832 896 104.0
896 832 104.0
833 961 102.0
961 833 102.0
833 865 105.0
865 833 105.0
833 849 102.0
849 833 102.0
833 841 106.0
841 833 106.0
833 837 107.0
837 833 107.0
833 835 105.0
835 833 105.0
833 834 110.0
834 833 110.0
834 962 107.0
962 834 107.0
834 866 101.0
866 834 101.0
834 850 106.0
850 834 106.0
834 842 106.0
842 834 106.0
834 838 105.0
838 834 105.0
834 836 110.0
836 834 110.0
835 963 102.0
963 835 102.0
835 867 104.0
867 835 104.0
835 851 107.0
851 835 107.0
835 843 100.0
843 835 100.0
835 839 102.0
839 835 102.0
835 836 106.0
836 835 106.0
836 964 107.0
964 836 107.0
836 868 109.0
868 836 109.0
836 852 108.0
852 836 108.0
836 844 104.0
844 836 104.0
836 840 107.0
840 836 107.0
837 965 109.0
965 837 109.0
837 869 101.0
869 837 101.0
837 853 110.0
853 837 110.0
837 845 110.0
845 837 110.0
837 839 104.0
839 837 104.0
837 838 107.0
838 837 107.0
838 966 103.0
966 838 103.0
838 870 100.0
870 838 100.0
838 854 105.0
854 838 105.0
838 846 110.0
846 838 110.0
838 840 104.0
840 838 104.0
839 967 101.0
967 839 101.0
839 871 107.0
871 839 107.0
839 855 104.0
855 839 104.0
839 847 100.0
847 839 100.0
839 840 105.0
840 839 105.0
840 968 107.0
968 840 107.0
840 872 103.0
872 840 103.0
840 856 103.0
856 840 103.0
840 848 104.0
848 840 104.0
841 969 107.0
969 841 107.0
841 873 109.0
873 841 109.0
841 857 107.0
857 841 107.0
841 845 106.0
845 841 106.0
841 843 107.0
843 841 107.0
841 842 104.0
842 841 104.0
842 970 104.0
970 842 104.0
842 874 105.0
874 842 105.0
842 858 109.0
858 842 109.0
842 846 100.0
846 842 100.0
842 844 110.0
844 842 110.0
843 971 104.0
971 843 104.0
843 875 109.0
875 843 109.0
843 859 109.0
859 843 109.0
843 847 104.0
847 843 104.0
843 844 103.0
844 843 103.0
844 972 109.0
972 844 109.0
844 876 100.0
876 844 100.0
844 860 108.0
860 844 108.0
844 848 100.0
848 844 100.0
845 973 109.0
973 845 109.0
845 877 104.0
877 845 104.0
845 861 102.0
861 845 102.0
845 847 108.0
847 845 108.0
845 846 109.0
846 845 109.0
846 974 104.0
974 846 104.0
846 878 101.0
878 846 101.0
846 862 104.0
862 846 104.0
846 848 101.0
848 846 101.0
847 975 103.0
975 847 103.0
847 879 103.0
879 847 103.0
847 863 103.0
863 847 103.0
847 848 104.0
848 847 104.0
848 976 109.0
976 848 109.0
848 880 106.0
880 848 106.0
848 864 100.0
864 848 100.0
849 977 107.0
977 849 107.0
849 881 100.0
881 849 100.0
849 857 107.0
857 849 107.0
849 853 103.0
853 849 103.0
849 851 104.0
851 849 104.0
849 850 110.0
850 849 110.0
850 978 105.0
978 850 105.0
850 882 101.0
882 850 101.0
850 858 109.0
858 850 109.0
850 854 106.0
854 850 106.0
850 852 104.0
852 850 104.0
851 979 108.0
979 851 108.0
851 883 101.0
883 851 101.0
851 859 109.0
859 851 109.0
851 855 103.0
855 851 103.0
851 852 105.0
852 851 105.0
852 980 102.0
980 852 102.0
852 884 107.0
884 852 107.0
852 860 109.0
860 852 109.0
852 856 110.0
856 852 110.0
853 981 100.0
981 853 100.0
853 885 109.0
885 853 109.0
853 861 109.0
861 853 109.0
853 855 100.0
855 853 100.0
853 854 108.0
854 853 108.0
854 982 105.0
982 854 105.0
854 886 110.0
886 854 110.0
854 862 101.0
862 854 101.0
854 856 107.0
856 854 107.0
855 983 109.0
983 855 109.0
855 887 105.0
887 855 105.0
855 863 100.0
863 855 100.0
855 856 104.0
856 855 104.0
856 984 109.0
984 856 109.0
856 888 103.0
888 856 103.0
856 864 108.0
864 856 108.0
857 985 102.0
985 857 102.0
857 889 109.0
889 857 109.0
857 861 100.0
861 857 100.0
857 859 100.0
859 857 100.0
857 858 103.0
858 857 103.0
858 986 108.0
986 858 108.0
858 890 107.0
890 858 107.0
858 862 108.0
862 858 108.0
858 860 102.0
860 858 102.0
859 987 106.0
987 859 106.0
859 891 107.0
891 859 107.0
859 863 101.0
863 859 101.0
859 860 104.0
860 859 104.0
860 988 106.0
988 860 106.0
860 892 110.0
892 860 110.0
860 864 102.0
864 860 102.0
861 989 107.0
989 861 107.0
861 893 108.0
893 861 108.0
861 863 107.0
863 861 107.0
861 862 101.0
862 861 101.0
862 990 107.0
990 862 107.0
862 894 110.0
894 862 110.0
862 864 106.0
864 862 106.0
863 991 108.0
991 863 108.0
863 895 100.0
895 863 100.0
863 864 108.0
864 863 108.0
864 992 101.0
992 864 101.0
864 896 100.0
896 864 100.0
865 993 103.0
993 865 103.0
865 881 107.0
881 865 107.0
865 873 107.0
873 865 107.0
865 869 102.0
869 865 102.0
865 867 101.0
867 865 101.0
865 866 104.0
866 865 104.0
866 994 109.0
994 866 109.0
866 882 108.0
882 866 108.0
866 874 106.0
874 866 106.0
866 870 102.0
870 866 102.0
866 868 105.0
868 866 105.0
867 995 107.0
995 867 107.0
867 883 100.0
883 867 100.0
867 875 103.0
875 867 103.0
867 871 107.0
871 867 107.0
867 868 100.0
868 867 100.0
868 996 100.0
996 868 100.0
868 884 108.0
884 868 108.0
868 876 109.0
876 868 109.0
868 872 108.0
872 868 108.0
869 997 106.0
997 869 106.0
869 885 102.0
885 869 102.0
869 877 106.0
877 869 106.0
869 871 105.0
871 869 105.0
869 870 101.0
870 869 101.0
870 998 106.0
998 870 106.0
870 886 102.0
886 870 102.0
870 878 101.0
878 870 101.0
870 872 108.0
872 870 108.0
871 999 109.0
999 871 109.0
871 887 100.0
887 871 100.0
871 879 103.0
879 871 103.0
871 872 105.0
872 871 105.0
872 1000 102.0
1000 872 102.0
872 888 100.0
888 872 100.0
872 880 107.0
880 872 107.0
873 1001 100.0
1001 873 100.0
873 889 103.0
889 873 103.0
873 877 103.0
877 873 103.0
873 875 109.0
875 873 109.0
873 874 102.0
874 873 102.0
874 1002 108.0
1002 874 108.0
874 890 106.0
890 874 106.0
874 878 104.0
878 874 104.0
874 876 103.0
876 874 103.0
875 1003 107.0
1003 875 107.0
875 891 103.0
891 875 103.0
875 879 101.0
879 875 101.0
875 876 105.0
876 875 105.0
876 1004 105.0
1004 876 105.0
876 892 105.0
892 876 105.0
876 880 109.0
880 876 109.0
877 1005 108.0
1005 877 108.0
877 893 110.0
893 877 110.0
877 879 110.0
879 877 110.0
877 878 105.0
878 877 105.0
878 1006 106.0
1006 878 106.0
878 894 100.0
894 878 100.0
878 880 109.0
880 878 109.0
879 1007 100.0
1007 879 100.0
879 895 102.0
895 879 102.0
879 880 106.0
880 879 106.0
880 1008 105.0
1008 880 105.0
880 896 107.0
896 880 107.0
881 1009 100.0
1009 881 100.0
881 889 101.0
889 881 101.0
881 885 103.0
885 881 103.0
881 883 104.0
883 881 104.0
881 882 102.0
882 881 102.0
882 1010 103.0
1010 882 103.0
882 890 104.0
890 882 104.0
882 886 110.0
886 882 110.0
882 884 108.0
884 882 108.0
883 1011 100.0
1011 883 100.0
883 891 104.0
891 883 104.0
883 887 109.0
887 883 109.0
883 884 110.0
884 883 110.0
884 1012 100.0
1012 884 100.0
884 892 110.0
892 884 110.0
884 888 101.0
888 884 101.0
885 1013 104.0
1013 885 104.0
885 893 101.0
893 885 101.0
885 887 104.0
887 885 104.0
885 886 107.0
886 885 107.0
886 1014 102.0
1014 886 102.0
886 894 107.0
894 886 107.0
886 888 108.0
888 886 108.0
887 1015 103.0
1015 887 103.0
887 895 103.0
895 887 103.0
887 888 110.0
888 887 110.0
888 1016 107.0
1016 888 107.0
888 896 100.0
896 888 100.0
889 1017 110.0
1017 889 110.0
889 893 107.0
893 889 107.0
889 891 100.0
891 889 100.0
889 890 106.0
890 889 106.0
890 1018 103.0
1018 890 103.0
890 894 102.0
894 890 102.0
890 892 101.0
892 890 101.0
891 1019 110.0
1019 891 110.0
891 895 105.0
895 891 105.0
891 892 109.0
892 891 109.0
892 1020 103.0
1020 892 103.0
892 896 105.0
896 892 105.0
893 1021 109.0
1021 893 109.0
893 895 109.0
895 893 109.0
893 894 102.0
894 893 102.0
894 1022 104.0
1022 894 104.0
894 896 110.0
896 894 110.0
895 1023 100.0
1023 895 100.0
895 896 109.0
896 895 109.0
896 1024 105.0
1024 896 105.0
897 961 108.0
961 897 108.0
897 929 108.0
929 897 108.0
897 913 108.0
913 897 108.0
897 905 102.0
905 897 102.0
897 901 106.0
901 897 106.0
897 899 101.0
899 897 101.0
897 898 109.0
898 897 109.0
898 962 110.0
962 898 110.0
898 930 100.0
930 898 100.0
898 914 102.0
914 898 102.0
898 906 106.0
906 898 106.0
898 902 103.0
902 898 103.0
898 900 103.0
900 898 103.0
899 963 105.0
963 899 105.0
899 931 107.0
931 899 107.0
899 915 105.0
915 899 105.0
899 907 103.0
907 899 103.0
899 903 108.0
903 899 108.0
899 900 102.0
900 899 102.0
900 964 101.0
964 900 101.0
900 932 102.0
932 900 102.0
900 916 106.0
916 900 106.0
900 908 110.0
908 900 110.0
900 904 109.0
904 900 109.0
901 965 101.0
965 901 101.0
901 933 109.0
933 901 109.0
901 917 110.0
917 901 110.0
901 909 107.0
909 901 107.0
901 903 102.0
903 901 102.0
901 902 108.0
902 901 108.0
902 966 106.0
966 902 106.0
902 934 105.0
934 902 105.0
902 918 100.0
918 902 100.0
902 910 110.0
910 902 110.0
902 904 107.0
904 902 107.0
903 967 100.0
967 903 100.0
903 935 103.0
935 903 103.0
903 919 105.0
919 903 105.0
903 911 108.0
911 903 108.0
903 904 109.0
904 903 109.0
904 968 105.0
968 904 105.0
904 936 107.0
936 904 107.0
904 920 105.0
920 904 105.0
904 912 105.0
912 904 105.0
905 969 101.0
969 905 101.0
905 937 103.0
937 905 103.0
905 921 100.0
921 905 100.0
905 909 110.0
909 905 110.0
905 907 107.0
907 905 107.0
905 906 109.0
906 905 109.0
906 970 109.0
970 906 109.0
906 938 109.0
938 906 109.0
906 922 109.0
922 906 109.0
906 910 106.0
910 906 106.0
906 908 110.0
908 906 110.0
907 971 107.0
971 907 107.0
907 939 105.0
939 907 105.0
907 923 106.0
923 907 106.0
907 911 109.0
911 907 109.0
907 908 107.0
908 907 107.0
908 972 110.0
972 908 110.0
908 940 105.0
940 908 105.0
908 924 102.0
924 908 102.0
908 912 100.0
912 908 100.0
909 973 105.0
973 909 105.0
909 941 101.0
941 909 101.0
909 925 105.0
925 909 105.0
909 911 101.0
911 909 101.0
909 910 108.0
910 909 108.0
910 974 104.0
974 910 104.0
910 942 103.0
942 910 103.0
910 926 102.0
926 910 102.0
910 912 110.0
912 910 110.0
911 975 105.0
975 911 105.0
911 943 107.0
943 911 107.0
911 927 110.0
927 911 110.0
911 912 104.0
912 911 104.0
912 976 106.0
976 912 106.0
912 944 105.0
944 912 105.0
912 928 108.0
928 912 108.0
913 977 110.0
977 913 110.0
913 945 105.0
945 913 105.0
913 921 110.0
921 913 110.0
913 917 101.0
917 913 101.0
913 915 107.0
915 913 107.0
913 914 102.0
914 913 102.0
914 978 102.0
978 914 102.0
914 946 100.0
946 914 100.0
914 922 107.0
922 914 107.0
914 918 108.0
918 914 108.0
914 916 104.0
916 914 104.0
915 979 110.0
979 915 110.0
915 947 109.0
947 915 109.0
915 923 105.0
923 915 105.0
915 919 103.0
919 915 103.0
915 916 108.0
916 915 108.0
916 980 109.0
980 916 109.0
916 948 106.0
948 916 106.0
916 924 109.0
924 916 109.0
916 920 106.0
920 916 106.0
917 981 104.0
981 917 104.0
917 949 102.0
949 917 102.0
917 925 102.0
925 917 102.0
917 919 104.0
919 917 104.0
917 918 104.0
918 917 104.0
918 982 109.0
982 918 109.0
918 950 106.0
950 918 106.0
918 926 108.0
926 918 108.0
918 920 106.0
920 918 106.0
919 983 107.0
983 919 107.0
919 951 105.0
951 919 105.0
919 927 105.0
927 919 105.0
919 920 100.0
920 919 100.0
920 984 108.0
984 920 108.0
920 952 108.0
952 920 108.0
920 928 104.0
928 920 104.0
921 985 100.0
985 921 100.0
921 953 106.0
953 921 106.0
921 925 109.0
925 921 109.0
921 923 109.0
923 921 109.0
921 922 109.0
922 921 109.0
922 986 106.0
986 922 106.0
922 954 104.0
954 922 104.0
922 926 101.0
926 922 101.0
922 924 109.0
924 922 109.0
923 987 106.0
987 923 106.0
923 955 107.0
955 923 107.0
923 927 107.0
927 923 107.0
923 924 104.0
924 923 104.0
924 988 102.0
988 924 102.0
924 956 101.0
956 924 101.0
924 928 107.0
928 924 107.0
925 989 109.0
989 925 109.0
925 957 108.0
957 925 108.0
925 927 105.0
927 925 105.0
925 926 102.0
926 925 102.0
926 990 107.0
990 926 107.0
926 958 103.0
958 926 103.0
926 928 109.0
928 926 109.0
927 991 106.0
991 927 106.0
927 959 110.0
959 927 110.0
927 928 100.0
928 927 100.0
928 992 103.0
992 928 103.0
928 960 107.0
960 928 107.0
929 993 103.0
993 929 103.0
929 945 107.0
945 929 107.0
929 937 101.0
937 929 101.0
929 933 109.0
933 929 109.0
929 931 110.0
931 929 110.0
929 930 110.0
930 929 110.0
930 994 103.0
994 930 103.0
930 946 110.0
946 930 110.0
930 938 106.0
938 930 106.0
930 934 100.0
934 930 100.0
930 932 105.0
932 930 105.0
931 995 100.0
995 931 100.0
931 947 102.0
947 931 102.0
931 939 104.0
939 931 104.0
931 935 109.0
935 931 109.0
931 932 110.0
932 931 110.0
932 996 106.0
996 932 106.0
932 948 103.0
948 932 103.0
932 940 110.0
940 932 110.0
932 936 102.0
936 932 102.0
933 997 101.0
997 933 101.0
933 949 102.0
949 933 102.0
933 941 106.0
941 933 106.0
933 935 109.0
935 933 109.0
933 934 108.0
934 933 108.0
934 998 106.0
998 934 106.0
934 950 103.0
950 934 103.0
934 942 104.0
942 934 104.0
934 936 109.0
936 934 109.0
935 999 100.0
999 935 100.0
935 951 101.0
951 935 101.0
935 943 108.0
943 935 108.0
935 936 101.0
936 935 101.0
936 1000 106.0
1000 936 106.0
936 952 110.0
952 936 110.0
936 944 100.0
944 936 100.0
937 1001 100.0
1001 937 100.0
937 953 103.0
953 937 103.0
937 941 100.0
941 937 100.0
937 939 105.0
939 937 105.0
937 938 106.0
938 937 106.0
938 1002 110.0
1002 938 110.0
938 954 101.0
954 938 101.0
938 942 110.0
942 938 110.0
938 940 108.0
940 938 108.0
939 1003 110.0
1003 939 110.0
939 955 104.0
955 939 104.0
939 943 107.0
943 939 107.0
939 940 100.0
940 939 100.0
940 1004 100.0
1004 940 100.0
940 956 105.0
956 940 105.0
940 944 100.0
944 940 100.0
941 1005 105.0
1005 941 105.0
941 957 104.0
957 941 104.0
941 943 110.0
943 941 110.0
941 942 110.0
942 941 110.0
942 1006 103.0
1006 942 103.0
942 958 106.0
958 942 106.0
942 944 108.0
944 942 108.0
943 1007 107.0
1007 943 107.0
943 959 105.0
959 943 105.0
943 944 110.0
944 943 110.0
944 1008 107.0
1008 944 107.0
944 960 102.0
960 944 102.0
945 1009 106.0
1009 945 106.0
945 953 102.0
953 945 102.0
945 949 109.0
949 945 109.0
945 947 102.0
947 945 102.0
945 946 105.0
946 945 105.0
946 1010 101.0
1010 946 101.0
946 954 106.0
954 946 106.0
946 950 108.0
950 946 108.0
946 948 104.0
948 946 104.0
947 1011 102.0
1011 947 102.0
947 955 106.0
955 947 106.0
947 951 102.0
951 947 102.0
947 948 101.0
948 947 101.0
948 1012 106.0
1012 948 106.0
948 956 105.0
956 948 105.0
948 952 102.0
952 948 102.0
949 1013 109.0
1013 949 109.0
949 957 104.0
957 949 104.0
949 951 110.0
951 949 110.0
949 950 105.0
950 949 105.0
950 1014 100.0
1014 950 100.0
950 958 107.0
958 950 107.0
950 952 105.0
952 950 105.0
951 1015 108.0
1015 951 108.0
951 959 103.0
959 951 103.0
951 952 109.0
952 951 109.0
952 1016 102.0
1016 952 102.0
952 960 106.0
960 952 106.0
953 1017 103.0
1017 953 103.0
953 957 104.0
957 953 104.0
953 955 101.0
955 953 101.0
953 954 103.0
954 953 103.0
954 1018 102.0
1018 954 102.0
954 958 105.0
958 954 105.0
954 956 109.0
956 954 109.0
955 1019 101.0
1019 955 101.0
955 959 101.0
959 955 101.0
955 956 110.0
956 955 110.0
956 1020 110.0
1020 956 110.0
956 960 105.0
960 956 105.0
957 1021 107.0
1021 957 107.0
957 959 101.0
959 957 101.0
957 958 110.0
958 957 110.0
958 1022 107.0
1022 958 107.0
958 960 109.0
960 958 109.0
959 1023 103.0
1023 959 103.0
959 960 105.0
960 959 105.0
960 1024 100.0
1024 960 100.0
961 993 109.0
993 961 109.0
961 977 105.0
977 961 105.0
961 969 102.0
969 961 102.0
961 965 110.0
965 961 110.0
961 963 106.0
963 961 106.0
961 962 103.0
962 961 103.0
962 994 102.0
994 962 102.0
962 978 106.0
978 962 106.0
962 970 108.0
970 962 108.0
962 966 107.0
966 962 107.0
962 964 106.0
964 962 106.0
963 995 104.0
995 963 104.0
963 979 106.0
979 963 106.0
963 971 102.0
971 963 102.0
963 967 100.0
967 963 100.0
963 964 109.0
964 963 109.0
964 996 110.0
996 964 110.0
964 980 108.0
980 964 108.0
964 972 106.0
972 964 106.0
964 968 104.0
968 964 104.0
965 997 101.0
997 965 101.0
965 981 102.0
981 965 102.0
965 973 104.0
973 965 104.0
965 967 107.0
967 965 107.0
965 966 101.0
966 965 101.0
966 998 107.0
998 966 107.0
966 982 109.0
982 966 109.0
966 974 108.0
974 966 108.0
966 968 102.0
968 966 102.0
967 999 107.0
999 967 107.0
967 983 108.0
983 967 108.0
967 975 106.0
975 967 106.0
967 968 110.0
968 967 110.0
968 1000 103.0
1000 968 103.0
968 984 101.0
984 968 101.0
968 976 104.0
976 968 104.0
969 1001 107.0
1001 969 107.0
969 985 104.0
985 969 104.0
969 973 102.0
973 969 102.0
969 971 104.0
971 969 104.0
969 970 103.0
970 969 103.0
970 1002 109.0
1002 970 109.0
970 986 107.0
986 970 107.0
970 974 110.0
974 970 110.0
970 972 106.0
972 970 106.0
971 1003 109.0
1003 971 109.0
971 987 103.0
987 971 103.0
971 975 100.0
975 971 100.0
971 972 100.0
972 971 100.0
972 1004 108.0
1004 972 108.0
972 988 100.0
988 972 100.0
972 976 103.0
976 972 103.0
973 1005 108.0
1005 973 108.0
973 989 110.0
989 973 110.0
973 975 100.0
975 973 100.0
973 974 105.0
974 973 105.0
974 1006 101.0
1006 974 101.0
974 990 110.0
990 974 110.0
974 976 109.0
976 974 109.0
975 1007 103.0
1007 975 103.0
975 991 106.0
991 975 106.0
975 976 103.0
976 975 103.0
976 1008 102.0
1008 976 102.0
976 992 109.0
992 976 109.0
977 1009 110.0
1009 977 110.0
977 985 104.0
985 977 104.0
977 981 104.0
981 977 104.0
977 979 104.0
979 977 104.0
977 978 105.0
978 977 105.0
978 1010 105.0
1010 978 105.0
978 986 104.0
986 978 104.0
978 982 105.0
982 978 105.0
978 980 101.0
980 978 101.0
979 1011 109.0
1011 979 109.0
979 987 107.0
987 979 107.0
979 983 102.0
983 979 102.0
979 980 110.0
980 979 110.0
980 1012 104.0
1012 980 104.0
980 988 104.0
988 980 104.0
980 984 102.0
984 980 102.0
981 1013 103.0
1013 981 103.0
981 989 102.0
989 981 102.0
981 983 109.0
983 981 109.0
981 982 107.0
982 981 107.0
982 1014 109.0
1014 982 109.0
982 990 108.0
990 982 108.0
982 984 100.0
984 982 100.0
983 1015 105.0
1015 983 105.0
983 991 104.0
991 983 104.0
983 984 103.0
984 983 103.0
984 1016 110.0
1016 984 110.0
984 992 110.0
992 984 110.0
985 1017 103.0
1017 985 103.0
985 989 101.0
989 985 101.0
985 987 105.0
987 985 105.0
985 986 108.0
986 985 108.0
986 1018 106.0
1018 986 106.0
986 990 106.0
990 986 106.0
986 988 101.0
988 986 101.0
987 1019 109.0
1019 987 109.0
987 991 106.0
991 987 106.0
987 988 108.0
988 987 108.0
988 1020 100.0
1020 988 100.0
988 992 102.0
992 988 102.0
989 1021 101.0
1021 989 101.0
989 991 102.0
991 989 102.0
989 990 108.0
990 989 108.0
990 1022 105.0
1022 990 105.0
990 992 106.0
992 990 106.0
991 1023 105.0
1023 991 105.0
991 992 107.0
992 991 107.0
992 1024 110.0
1024 992 110.0
993 1009 109.0
1009 993 109.0
993 1001 105.0
1001 993 105.0
993 997 102.0
997 993 102.0
993 995 100.0
995 993 100.0
993 994 101.0
994 993 101.0
994 1010 102.0
1010 994 102.0
994 1002 104.0
1002 994 104.0
994 998 109.0
998 994 109.0
994 996 100.0
996 994 100.0
995 1011 109.0
1011 995 109.0
995 1003 109.0
1003 995 109.0
995 999 108.0
999 995 108.0
995 996 100.0
996 995 100.0
996 1012 100.0
1012 996 100.0
996 1004 105.0
1004 996 105.0
996 1000 100.0
1000 996 100.0
997 1013 107.0
1013 997 107.0
997 1005 103.0
1005 997 103.0
997 999 109.0
999 997 109.0
997 998 101.0
998 997 101.0
998 1014 110.0
1014 998 110.0
998 1006 102.0
1006 998 102.0
998 1000 101.0
1000 998 101.0
999 1015 109.0
1015 999 109.0
999 1007 105.0
1007 999 105.0
999 1000 100.0
1000 999 100.0
1000 1016 109.0
1016 1000 109.0
1000 1008 103.0
1008 1000 103.0
1001 1017 110.0
1017 1001 110.0
1001 1005 109.0
1005 1001 109.0
1001 1003 108.0
1003 1001 108.0
1001 1002 102.0
1002 1001 102.0
1002 1018 106.0
1018 1002 106.0
1002 1006 108.0
1006 1002 108.0
1002 1004 106.0
1004 1002 106.0
1003 1019 109.0
1019 1003 109.0
1003 1007 101.0
1007 1003 101.0
1003 1004 106.0
1004 1003 106.0
1004 1020 103.0
1020 1004 103.0
1004 1008 103.0
1008 1004 103.0
1005 1021 104.0
1021 1005 104.0
1005 1007 101.0
1007 1005 101.0
1005 1006 110.0
1006 1005 110.0
1006 1022 108.0
1022 1006 108.0
1006 1008 103.0
1008 1006 103.0
1007 1023 106.0
1023 1007 106.0
1007 1008 104.0
1008 1007 104.0
1008 1024 105.0
1024 1008 105.0
1009 1017 105.0
1017 1009 105.0
1009 1013 108.0
1013 1009 108.0
1009 1011 102.0
1011 1009 102.0
1009 1010 106.0
1010 1009 106.0
1010 1018 102.0
1018 1010 102.0
1010 1014 106.0
1014 1010 106.0
1010 1012 104.0
1012 1010 104.0
1011 1019 100.0
1019 1011 100.0
1011 1015 105.0
1015 1011 105.0
1011 1012 106.0
1012 1011 106.0
1012 1020 105.0
1020 1012 105.0
1012 1016 108.0
1016 1012 108.0
1013 1021 102.0
1021 1013 102.0
1013 1015 102.0
1015 1013 102.0
1013 1014 105.0
1014 1013 105.0
1014 1022 101.0
1022 1014 101.0
1014 1016 110.0
1016 1014 110.0
1015 1023 103.0
1023 1015 103.0
1015 1016 108.0
1016 1015 108.0
1016 1024 100.0
1024 1016 100.0
1017 1021 105.0
1021 1017 105.0
1017 1019 104.0
1019 1017 104.0
1017 1018 104.0
1018 1017 104.0
1018 1022 105.0
1022 1018 105.0
1018 1020 106.0
1020 1018 106.0
1019 1023 109.0
1023 1019 109.0
1019 1020 109.0
1020 1019 109.0
1020 1024 106.0
1024 1020 106.0
1021 1023 108.0
1023 1021 108.0
1021 1022 102.0
1022 1021 102.0
1022 1024 108.0
1024 1022 108.0
1023 1024 102.0
1024 1023 102.0
S 256
451 428 689 256 911 185 934 366 400 484 601 895 188 294 456 64 18 241 809 327 555 491 865 91 959 394 76 424 16 832 475 321 724 858 309 932 997 84 44 870 150 137 265 318 107 351 772 403 481 901 535 675 504 841 877 313 905 631 304 102 120 628 425 378 803 718 625 468 577 10 844 952 630 704 279 457 193 727 1006 823 681 178 640 764 402 692 802 686 815 24 13 740 344 958 574 941 822 202 798 953 54 155 539 995 749 767 191 985 496 307 264 532 595 1001 731 653 171 670 668 814 330 647 78 510 140 213 875 562 145 190 126 589 179 326 295 259 784 283 438 288 6 37 312 820 154 779 650 397 569 616 925 133 361 268 289 355 840 341 966 493 381 453 292 837 730 421 338 805 35 923 41 261 360 635 594 695 622 299 436 369 674 408 431 864 30 112 151 1004 79 415 918 880 534 375 357 462 757 916 538 199 637 981 419 743 583 761 979 524 210 86 121 385 871 586 964 808 796 1021 490 1018 742 477 414 227 40 448 812 238 754 726 508 607 1014 929 515 970 898 55 766 580 173 499 208 990 52 883 336 928 978 847 443 859 211 587 181 442
T 256
919 97 196 418 526 250 486 136 220 610 854 244 527 817 339 793 69 557 61 908 949 971 789 21 348 707 232 752 124 463 529 450 646 737 319 205 684 769 712 713 1009 170 563 487 131 130 545 874 498 87 861 775 247 59 246 316 774 680 19 501 331 613 1 544 554 166 384 834 973 946 661 306 641 109 520 184 514 746 4 852 161 445 889 115 938 658 835 899 117 11 568 258 541 480 709 391 395 66 611 939 698 944 885 157 114 49 93 505 521 142 799 882 409 597 439 600 270 551 976 253 1012 910 148 470 659 405 511 671 947 786 736 582 217 67 276 412 324 991 236 58 787 333 701 961 572 706 656 278 855 474 846 1015 904 548 176 888 623 73 664 699 967 273 687 216 364 379 167 374 651 465 935 922 103 984 894 298 792 233 677 47 72 721 198 592 372 634 644 849 301 565 81 388 127 550 471 747 46 827 271 620 354 868 367 100 390 988 1007 345 781 222 160 956 350 994 716 164 826 778 7 892 829 285 604 460 226 430 1000 719 665 733 203 575 28 617 517 239 223 96 31 34 433 606 90 560 913 1019 694 106 755 143 1024 251 282 760 25 229
