N 2048
M 22528
R 150
# u v length
1 1025 100.0
1025 1 100.0
1 513 101.0
513 1 101.0
1 257 108.0
257 1 108.0
1 129 105.0
129 1 105.0
1 65 105.0
65 1 105.0
1 33 102.0
33 1 102.0
1 17 100.0
17 1 100.0
1 9 107.0
9 1 107.0
1 5 107.0
5 1 107.0
1 3 110.0
3 1 110.0
1 2 104.0
2 1 104.0
2 1026 105.0
1026 2 105.0
2 514 109.0
514 2 109.0
2 258 100.0
258 2 100.0
2 130 100.0
130 2 100.0
2 66 105.0
66 2 105.0
2 34 107.0
34 2 107.0
2 18 100.0
18 2 100.0
2 10 104.0
10 2 104.0
2 6 100.0
6 2 100.0
2 4 104.0
4 2 104.0
3 1027 107.0
1027 3 107.0
3 515 106.0
515 3 106.0
3 259 110.0
259 3 110.0
3 131 109.0
131 3 109.0
3 67 105.0
67 3 105.0
3 35 101.0
35 3 101.0
3 19 107.0
19 3 107.0
3 11 104.0
11 3 104.0
3 7 107.0
7 3 107.0
3 4 110.0
4 3 110.0
4 1028 108.0
1028 4 108.0
4 516 102.0
516 4 102.0
4 260 100.0
260 4 100.0
4 132 108.0
132 4 108.0
4 68 103.0
68 4 103.0
4 36 106.0
36 4 106.0
4 20 108.0
20 4 108.0
4 12 110.0
12 4 110.0
4 8 104.0
8 4 104.0
5 1029 102.0
1029 5 102.0
5 517 110.0
517 5 110.0
5 261 107.0
261 5 107.0
5 133 108.0
133 5 108.0
5 69 107.0
69 5 107.0
5 37 100.0
37 5 100.0
5 21 106.0
21 5 106.0
5 13 109.0
13 5 109.0
5 7 102.0
7 5 102.0
5 6 104.0
6 5 104.0
6 1030 108.0
1030 6 108.0
6 518 105.0
518 6 105.0
6 262 102.0
262 6 102.0
6 134 103.0
134 6 103.0
6 70 103.0
70 6 103.0
6 38 101.0
38 6 101.0
6 22 105.0
22 6 105.0
6 14 109.0
14 6 109.0
6 8 110.0
8 6 110.0
7 1031 100.0
1031 7 100.0
7 519 109.0
519 7 109.0
7 263 105.0
263 7 105.0
7 135 105.0
135 7 105.0
7 71 103.0
71 7 103.0
7 39 110.0
39 7 110.0
7 23 105.0
23 7 105.0
7 15 102.0
15 7 102.0
7 8 100.0
8 7 100.0
8 1032 110.0
1032 8 110.0
8 520 100.0
520 8 100.0
8 264 105.0
264 8 105.0
8 136 104.0
136 8 104.0
8 72 103.0
72 8 103.0
8 40 110.0
40 8 110.0
8 24 105.0
24 8 105.0
8 16 105.0
16 8 105.0
9 1033 110.0
1033 9 110.0
9 521 100.0
521 9 100.0
9 265 108.0
265 9 108.0
9 137 108.0
137 9 108.0
9 73 109.0
73 9 109.0
9 41 101.0
41 9 101.0
9 25 100.0
25 9 100.0
9 13 107.0
13 9 107.0
9 11 109.0
11 9 109.0
9 10 106.0
10 9 106.0
10 1034 108.0
1034 10 108.0
10 522 107.0
522 10 107.0
10 266 110.0
266 10 110.0
10 138 109.0
138 10 109.0
10 74 102.0
74 10 102.0
10 42 103.0
42 10 103.0
10 26 103.0
26 10 103.0
10 14 105.0
14 10 105.0
10 12 106.0
12 10 106.0
11 1035 109.0
1035 11 109.0
11 523 104.0
523 11 104.0
11 267 109.0
267 11 109.0
11 139 102.0
139 11 102.0
11 75 104.0
75 11 104.0
11 43 105.0
43 11 105.0
11 27 105.0
27 11 105.0
11 15 103.0
15 11 103.0
11 12 101.0
12 11 101.0
12 1036 101.0
1036 12 101.0
12 524 106.0
524 12 106.0
12 268 108.0
268 12 108.0
12 140 100.0
140 12 100.0
12 76 105.0
76 12 105.0
12 44 105.0
44 12 105.0
12 28 110.0
28 12 110.0
12 16 108.0
16 12 108.0
13 1037 106.0
1037 13 106.0
13 525 109.0
525 13 109.0
13 269 106.0
269 13 106.0
13 141 109.0
141 13 109.0
13 77 101.0
77 13 101.0
13 45 102.0
45 13 102.0
13 29 107.0
29 13 107.0
13 15 101.0
15 13 101.0
13 14 101.0
14 13 101.0
14 1038 103.0
1038 14 103.0
14 526 100.0
526 14 100.0
14 270 104.0
270 14 104.0
14 142 100.0
142 14 100.0
14 78 107.0
78 14 107.0
14 46 110.0
46 14 110.0
14 30 102.0
30 14 102.0
14 16 101.0
16 14 101.0
15 1039 103.0
1039 15 103.0
15 527 109.0
527 15 109.0
15 271 107.0
271 15 107.0
15 143 101.0
143 15 101.0
15 79 107.0
79 15 107.0
15 47 104.0
47 15 104.0
15 31 104.0
31 15 104.0
15 16 105.0
16 15 105.0
16 1040 101.0
1040 16 101.0
16 528 106.0
528 16 106.0
16 272 109.0
272 16 109.0
16 144 106.0
144 16 106.0
16 80 110.0
80 16 110.0
16 48 106.0
48 16 106.0
16 32 101.0
32 16 101.0
17 1041 110.0
1041 17 110.0
17 529 104.0
529 17 104.0
17 273 101.0
273 17 101.0
17 145 106.0
145 17 106.0
17 81 102.0
81 17 102.0
17 49 105.0
49 17 105.0
17 25 105.0
25 17 105.0
17 21 110.0
21 17 110.0
17 19 101.0
19 17 101.0
17 18 102.0
18 17 102.0
18 1042 103.0
1042 18 103.0
18 530 106.0
530 18 106.0
18 274 101.0
274 18 101.0
18 146 107.0
146 18 107.0
18 82 106.0
82 18 106.0
18 50 108.0
50 18 108.0
18 26 102.0
26 18 102.0
18 22 105.0
22 18 105.0
18 20 104.0
20 18 104.0
19 1043 102.0
1043 19 102.0
19 531 100.0
531 19 100.0
19 275 109.0
275 19 109.0
19 147 104.0
147 19 104.0
19 83 101.0
83 19 101.0
19 51 110.0
51 19 110.0
19 27 104.0
27 19 104.0
19 23 101.0
23 19 101.0
19 20 109.0
20 19 109.0
20 1044 101.0
1044 20 101.0
20 532 101.0
532 20 101.0
20 276 100.0
276 20 100.0
20 148 104.0
148 20 104.0
20 84 102.0
84 20 102.0
20 52 101.0
52 20 101.0
20 28 108.0
28 20 108.0
20 24 105.0
24 20 105.0
21 1045 103.0
1045 21 103.0
21 533 104.0
533 21 104.0
21 277 108.0
277 21 108.0
21 149 110.0
149 21 110.0
21 85 107.0
85 21 107.0
21 53 102.0
53 21 102.0
21 29 107.0
29 21 107.0
21 23 109.0
23 21 109.0
21 22 102.0
22 21 102.0
22 1046 109.0
1046 22 109.0
22 534 105.0
534 22 105.0
22 278 105.0
278 22 105.0
22 150 106.0
150 22 106.0
22 86 108.0
86 22 108.0
22 54 108.0
54 22 108.0
22 30 105.0
30 22 105.0
22 24 110.0
24 22 110.0
23 1047 106.0
1047 23 106.0
23 535 104.0
535 23 104.0
23 279 109.0
279 23 109.0
23 151 107.0
151 23 107.0
23 87 107.0
87 23 107.0
23 55 110.0
55 23 110.0
23 31 110.0
31 23 110.0
23 24 109.0
24 23 109.0
24 1048 103.0
1048 24 103.0
24 536 105.0
536 24 105.0
24 280 105.0
280 24 105.0
24 152 101.0
152 24 101.0
24 88 104.0
88 24 104.0
24 56 106.0
56 24 106.0
24 32 109.0
32 24 109.0
25 1049 104.0
1049 25 104.0
25 537 108.0
537 25 108.0
25 281 109.0
281 25 109.0
25 153 107.0
153 25 107.0
25 89 108.0
89 25 108.0
25 57 107.0
57 25 107.0
25 29 108.0
29 25 108.0
25 27 100.0
27 25 100.0
25 26 109.0
26 25 109.0
26 1050 105.0
1050 26 105.0
26 538 105.0
538 26 105.0
26 282 100.0
282 26 100.0
26 154 107.0
154 26 107.0
26 90 105.0
90 26 105.0
26 58 107.0
58 26 107.0
26 30 107.0
30 26 107.0
26 28 102.0
28 26 102.0
27 1051 110.0
1051 27 110.0
27 539 109.0
539 27 109.0
27 283 109.0
283 27 109.0
27 155 105.0
155 27 105.0
27 91 101.0
91 27 101.0
27 59 104.0
59 27 104.0
27 31 110.0
31 27 110.0
27 28 102.0
28 27 102.0
28 1052 104.0
1052 28 104.0
28 540 103.0
540 28 103.0
28 284 105.0
284 28 105.0
28 156 109.0
156 28 109.0
28 92 104.0
92 28 104.0
28 60 105.0
60 28 105.0
28 32 108.0
32 28 108.0
29 1053 104.0
1053 29 104.0
29 541 102.0
541 29 102.0
29 285 110.0
285 29 110.0
29 157 101.0
157 29 101.0
29 93 106.0
93 29 106.0
29 61 106.0
61 29 106.0
29 31 100.0
31 29 100.0
29 30 100.0
30 29 100.0
30 1054 108.0
1054 30 108.0
30 542 108.0
542 30 108.0
30 286 103.0
286 30 103.0
30 158 104.0
158 30 104.0
30 94 107.0
94 30 107.0
30 62 107.0
62 30 107.0
30 32 102.0
32 30 102.0
31 1055 109.0
1055 31 109.0
31 543 107.0
543 31 107.0
31 287 109.0
287 31 109.0
31 159 101.0
159 31 101.0
31 95 100.0
95 31 100.0
31 63 108.0
63 31 108.0
31 32 106.0
32 31 106.0
32 1056 102.0
1056 32 102.0
32 544 102.0
544 32 102.0
32 288 100.0
288 32 100.0
32 160 104.0
160 32 104.0
32 96 110.0
96 32 110.0
32 64 110.0
64 32 110.0
33 1057 104.0
1057 33 104.0
33 545 102.0
545 33 102.0
33 289 107.0
289 33 107.0
33 161 103.0
161 33 103.0
33 97 108.0
97 33 108.0
33 49 108.0
49 33 108.0
33 41 104.0
41 33 104.0
33 37 103.0
37 33 103.0
33 35 102.0
35 33 102.0
33 34 100.0
34 33 100.0
34 1058 102.0
1058 34 102.0
34 546 110.0
546 34 110.0
34 290 102.0
290 34 102.0
34 162 109.0
162 34 109.0
34 98 101.0
98 34 101.0
34 50 104.0
50 34 104.0
34 42 106.0
42 34 106.0
34 38 101.0
38 34 101.0
34 36 109.0
36 34 109.0
35 1059 101.0
1059 35 101.0
35 547 110.0
547 35 110.0
35 291 102.0
291 35 102.0
35 163 102.0
163 35 102.0
35 99 101.0
99 35 101.0
35 51 102.0
51 35 102.0
35 43 106.0
43 35 106.0
35 39 107.0
39 35 107.0
35 36 108.0
36 35 108.0
36 1060 107.0
1060 36 107.0
36 548 108.0
548 36 108.0
36 292 107.0
292 36 107.0
36 164 106.0
164 36 106.0
36 100 100.0
100 36 100.0
36 52 106.0
52 36 106.0
36 44 102.0
44 36 102.0
36 40 103.0
40 36 103.0
37 1061 107.0
1061 37 107.0
37 549 101.0
549 37 101.0
37 293 108.0
293 37 108.0
37 165 105.0
165 37 105.0
37 101 106.0
101 37 106.0
37 53 106.0
53 37 106.0
37 45 103.0
45 37 103.0
37 39 107.0
39 37 107.0
37 38 101.0
38 37 101.0
38 1062 101.0
1062 38 101.0
38 550 105.0
550 38 105.0
38 294 109.0
294 38 109.0
38 166 108.0
166 38 108.0
38 102 106.0
102 38 106.0
38 54 108.0
54 38 108.0
38 46 103.0
46 38 103.0
38 40 101.0
40 38 101.0
39 1063 105.0
1063 39 105.0
39 551 103.0
551 39 103.0
39 295 106.0
295 39 106.0
39 167 105.0
167 39 105.0
39 103 104.0
103 39 104.0
39 55 102.0
55 39 102.0
39 47 104.0
47 39 104.0
39 40 104.0
40 39 104.0
40 1064 104.0
1064 40 104.0
40 552 105.0
552 40 105.0
40 296 104.0
296 40 104.0
40 168 103.0
168 40 103.0
40 104 100.0
104 40 100.0
40 56 104.0
56 40 104.0
40 48 102.0
48 40 102.0
41 1065 107.0
1065 41 107.0
41 553 107.0
553 41 107.0
41 297 105.0
297 41 105.0
41 169 108.0
169 41 108.0
41 105 107.0
105 41 107.0
41 57 110.0
57 41 110.0
41 45 105.0
45 41 105.0
41 43 110.0
43 41 110.0
41 42 103.0
42 41 103.0
42 1066 105.0
1066 42 105.0
42 554 105.0
554 42 105.0
42 298 107.0
298 42 107.0
42 170 104.0
170 42 104.0
42 106 106.0
106 42 106.0
42 58 110.0
58 42 110.0
42 46 101.0
46 42 101.0
42 44 107.0
44 42 107.0
43 1067 103.0
1067 43 103.0
43 555 105.0
555 43 105.0
43 299 105.0
299 43 105.0
43 171 109.0
171 43 109.0
43 107 100.0
107 43 100.0
43 59 103.0
59 43 103.0
43 47 107.0
47 43 107.0
43 44 106.0
44 43 106.0
44 1068 110.0
1068 44 110.0
44 556 102.0
556 44 102.0
44 300 110.0
300 44 110.0
44 172 102.0
172 44 102.0
44 108 109.0
108 44 109.0
44 60 107.0
60 44 107.0
44 48 105.0
48 44 105.0
45 1069 108.0
1069 45 108.0
45 557 100.0
557 45 100.0
45 301 101.0
301 45 101.0
45 173 107.0
173 45 107.0
45 109 107.0
109 45 107.0
45 61 104.0
61 45 104.0
45 47 106.0
47 45 106.0
45 46 108.0
46 45 108.0
46 1070 110.0
1070 46 110.0
46 558 107.0
558 46 107.0
46 302 103.0
302 46 103.0
46 174 108.0
174 46 108.0
46 110 101.0
110 46 101.0
46 62 100.0
62 46 100.0
46 48 105.0
48 46 105.0
47 1071 100.0
1071 47 100.0
47 559 101.0
559 47 101.0
47 303 109.0
303 47 109.0
47 175 108.0
175 47 108.0
47 111 108.0
111 47 108.0
47 63 104.0
63 47 104.0
47 48 100.0
48 47 100.0
48 1072 106.0
1072 48 106.0
48 560 105.0
560 48 105.0
48 304 100.0
304 48 100.0
48 176 105.0
176 48 105.0
48 112 104.0
112 48 104.0
48 64 102.0
64 48 102.0
49 1073 104.0
1073 49 104.0
49 561 106.0
561 49 106.0
49 305 107.0
305 49 107.0
49 177 107.0
177 49 107.0
49 113 105.0
113 49 105.0
49 57 103.0
57 49 103.0
49 53 108.0
53 49 108.0
49 51 104.0
51 49 104.0
49 50 107.0
50 49 107.0
50 1074 103.0
1074 50 103.0
50 562 100.0
562 50 100.0
50 306 101.0
306 50 101.0
50 178 105.0
178 50 105.0
50 114 108.0
114 50 108.0
50 58 102.0
58 50 102.0
50 54 100.0
54 50 100.0
50 52 100.0
52 50 100.0
51 1075 101.0
1075 51 101.0
51 563 107.0
563 51 107.0
51 307 103.0
307 51 103.0
51 179 100.0
179 51 100.0
51 115 105.0
115 51 105.0
51 59 105.0
59 51 105.0
51 55 105.0
55 51 105.0
51 52 104.0
52 51 104.0
52 1076 101.0
1076 52 101.0
52 564 103.0
564 52 103.0
52 308 109.0
308 52 109.0
52 180 107.0
180 52 107.0
52 116 106.0
116 52 106.0
52 60 107.0
60 52 107.0
52 56 103.0
56 52 103.0
53 1077 100.0
1077 53 100.0
53 565 110.0
565 53 110.0
53 309 105.0
309 53 105.0
53 181 100.0
181 53 100.0
53 117 109.0
117 53 109.0
53 61 100.0
61 53 100.0
53 55 104.0
55 53 104.0
53 54 105.0
54 53 105.0
54 1078 106.0
1078 54 106.0
54 566 108.0
566 54 108.0
54 310 107.0
310 54 107.0
54 182 105.0
182 54 105.0
54 118 100.0
118 54 100.0
54 62 101.0
62 54 101.0
54 56 110.0
56 54 110.0
55 1079 102.0
1079 55 102.0
55 567 103.0
567 55 103.0
55 311 106.0
311 55 106.0
55 183 106.0
183 55 106.0
55 119 101.0
119 55 101.0
55 63 106.0
63 55 106.0
55 56 110.0
56 55 110.0
56 1080 103.0
1080 56 103.0
56 568 109.0
568 56 109.0
56 312 110.0
312 56 110.0
56 184 102.0
184 56 102.0
56 120 102.0
120 56 102.0
56 64 104.0
64 56 104.0
57 1081 108.0
1081 57 108.0
57 569 109.0
569 57 109.0
57 313 102.0
313 57 102.0
57 185 108.0
185 57 108.0
57 121 107.0
121 57 107.0
57 61 104.0
61 57 104.0
57 59 102.0
59 57 102.0
57 58 107.0
58 57 107.0
58 1082 101.0
1082 58 101.0
58 570 102.0
570 58 102.0
58 314 101.0
314 58 101.0
58 186 106.0
186 58 106.0
58 122 100.0
122 58 100.0
58 62 101.0
62 58 101.0
58 60 106.0
60 58 106.0
59 1083 104.0
1083 59 104.0
59 571 100.0
571 59 100.0
59 315 107.0
315 59 107.0
59 187 104.0
187 59 104.0
59 123 109.0
123 59 109.0
59 63 101.0
63 59 101.0
59 60 110.0
60 59 110.0
60 1084 100.0
1084 60 100.0
60 572 100.0
572 60 100.0
60 316 105.0
316 60 105.0
60 188 108.0
188 60 108.0
60 124 110.0
124 60 110.0
60 64 102.0
64 60 102.0
61 1085 103.0
1085 61 103.0
61 573 108.0
573 61 108.0
61 317 105.0
317 61 105.0
61 189 108.0
189 61 108.0
61 125 107.0
125 61 107.0
61 63 107.0
63 61 107.0
61 62 108.0
62 61 108.0
62 1086 100.0
1086 62 100.0
62 574 102.0
574 62 102.0
62 318 102.0
318 62 102.0
62 190 106.0
190 62 106.0
62 126 107.0
126 62 107.0
62 64 106.0
64 62 106.0
63 1087 104.0
1087 63 104.0
63 575 102.0
575 63 102.0
63 319 102.0
319 63 102.0
63 191 107.0
191 63 107.0
63 127 101.0
127 63 101.0
63 64 108.0
64 63 108.0
64 1088 101.0
1088 64 101.0
64 576 100.0
576 64 100.0
64 320 107.0
320 64 107.0
64 192 101.0
192 64 101.0
64 128 110.0
128 64 110.0
65 1089 105.0
1089 65 105.0
65 577 106.0
577 65 106.0
65 321 110.0
321 65 110.0
65 193 100.0
193 65 100.0
65 97 106.0
97 65 106.0
65 81 107.0
81 65 107.0
65 73 105.0
73 65 105.0
65 69 100.0
69 65 100.0
65 67 104.0
67 65 104.0
65 66 105.0
66 65 105.0
66 1090 108.0
1090 66 108.0
66 578 100.0
578 66 100.0
66 322 104.0
322 66 104.0
66 194 110.0
194 66 110.0
66 98 105.0
98 66 105.0
66 82 103.0
82 66 103.0
66 74 104.0
74 66 104.0
66 70 108.0
70 66 108.0
66 68 102.0
68 66 102.0
67 1091 101.0
1091 67 101.0
67 579 104.0
579 67 104.0
67 323 110.0
323 67 110.0
67 195 110.0
195 67 110.0
67 99 102.0
99 67 102.0
67 83 100.0
83 67 100.0
67 75 101.0
75 67 101.0
67 71 105.0
71 67 105.0
67 68 101.0
68 67 101.0
68 1092 105.0
1092 68 105.0
68 580 101.0
580 68 101.0
68 324 109.0
324 68 109.0
68 196 104.0
196 68 104.0
68 100 104.0
100 68 104.0
68 84 103.0
84 68 103.0
68 76 107.0
76 68 107.0
68 72 106.0
72 68 106.0
69 1093 109.0
1093 69 109.0
69 581 108.0
581 69 108.0
69 325 109.0
325 69 109.0
69 197 107.0
197 69 107.0
69 101 104.0
101 69 104.0
69 85 110.0
85 69 110.0
69 77 106.0
77 69 106.0
69 71 103.0
71 69 103.0
69 70 105.0
70 69 105.0
70 1094 105.0
1094 70 105.0
70 582 104.0
582 70 104.0
70 326 102.0
326 70 102.0
70 198 100.0
198 70 100.0
70 102 104.0
102 70 104.0
70 86 105.0
86 70 105.0
70 78 103.0
78 70 103.0
70 72 101.0
72 70 101.0
71 1095 102.0
1095 71 102.0
71 583 108.0
583 71 108.0
71 327 105.0
327 71 105.0
71 199 107.0
199 71 107.0
71 103 109.0
103 71 109.0
71 87 102.0
87 71 102.0
71 79 107.0
79 71 107.0
71 72 102.0
72 71 102.0
72 1096 104.0
1096 72 104.0
72 584 100.0
584 72 100.0
72 328 105.0
328 72 105.0
72 200 102.0
200 72 102.0
72 104 108.0
104 72 108.0
72 88 105.0
88 72 105.0
72 80 100.0
80 72 100.0
73 1097 102.0
1097 73 102.0
73 585 107.0
585 73 107.0
73 329 104.0
329 73 104.0
73 201 102.0
201 73 102.0
73 105 110.0
105 73 110.0
73 89 101.0
89 73 101.0
73 77 108.0
77 73 108.0
73 75 110.0
75 73 110.0
73 74 101.0
74 73 101.0
74 1098 106.0
1098 74 106.0
74 586 100.0
586 74 100.0
74 330 103.0
330 74 103.0
74 202 103.0
202 74 103.0
74 106 105.0
106 74 105.0
74 90 109.0
90 74 109.0
74 78 109.0
78 74 109.0
74 76 107.0
76 74 107.0
75 1099 103.0
1099 75 103.0
75 587 108.0
587 75 108.0
75 331 106.0
331 75 106.0
75 203 100.0
203 75 100.0
75 107 100.0
107 75 100.0
75 91 101.0
91 75 101.0
75 79 108.0
79 75 108.0
75 76 100.0
76 75 100.0
76 1100 105.0
1100 76 105.0
76 588 110.0
588 76 110.0
76 332 102.0
332 76 102.0
76 204 102.0
204 76 102.0
76 108 100.0
108 76 100.0
76 92 107.0
92 76 107.0
76 80 107.0
80 76 107.0
77 1101 105.0
1101 77 105.0
77 589 102.0
589 77 102.0
77 333 107.0
333 77 107.0
77 205 104.0
205 77 104.0
77 109 102.0
109 77 102.0
77 93 102.0
93 77 102.0
77 79 104.0
79 77 104.0
77 78 105.0
78 77 105.0
78 1102 109.0
1102 78 109.0
78 590 110.0
590 78 110.0
78 334 104.0
334 78 104.0
78 206 100.0
206 78 100.0
78 110 105.0
110 78 105.0
78 94 100.0
94 78 100.0
78 80 108.0
80 78 108.0
79 1103 106.0
1103 79 106.0
79 591 109.0
591 79 109.0
79 335 103.0
335 79 103.0
79 207 102.0
207 79 102.0
79 111 105.0
111 79 105.0
79 95 104.0
95 79 104.0
79 80 104.0
80 79 104.0
80 1104 110.0
1104 80 110.0
80 592 110.0
592 80 110.0
80 336 109.0
336 80 109.0
80 208 109.0
208 80 109.0
80 112 103.0
112 80 103.0
80 96 101.0
96 80 101.0
81 1105 110.0
1105 81 110.0
81 593 107.0
593 81 107.0
81 337 105.0
337 81 105.0
81 209 110.0
209 81 110.0
81 113 107.0
113 81 107.0
81 89 108.0
89 81 108.0
81 85 105.0
85 81 105.0
81 83 106.0
83 81 106.0
81 82 101.0
82 81 101.0
82 1106 110.0
1106 82 110.0
82 594 109.0
594 82 109.0
82 338 101.0
338 82 101.0
82 210 100.0
210 82 100.0
82 114 103.0
114 82 103.0
82 90 101.0
90 82 101.0
82 86 101.0
86 82 101.0
82 84 105.0
84 82 105.0
83 1107 100.0
1107 83 100.0
83 595 106.0
595 83 106.0
83 339 109.0
339 83 109.0
83 211 105.0
211 83 105.0
83 115 107.0
115 83 107.0
83 91 108.0
91 83 108.0
83 87 107.0
87 83 107.0
83 84 100.0
84 83 100.0
84 1108 102.0
1108 84 102.0
84 596 107.0
596 84 107.0
84 340 103.0
340 84 103.0
84 212 100.0
212 84 100.0
84 116 101.0
116 84 101.0
84 92 110.0
92 84 110.0
84 88 102.0
88 84 102.0
85 1109 104.0
1109 85 104.0
85 597 106.0
597 85 106.0
85 341 101.0
341 85 101.0
85 213 100.0
213 85 100.0
85 117 107.0
117 85 107.0
85 93 108.0
93 85 108.0
85 87 107.0
87 85 107.0
85 86 100.0
86 85 100.0
86 1110 106.0
1110 86 106.0
86 598 110.0
598 86 110.0
86 342 110.0
342 86 110.0
86 214 104.0
214 86 104.0
86 118 105.0
118 86 105.0
86 94 109.0
94 86 109.0
86 88 110.0
88 86 110.0
87 1111 106.0
1111 87 106.0
87 599 107.0
599 87 107.0
87 343 105.0
343 87 105.0
87 215 105.0
215 87 105.0
87 119 101.0
119 87 101.0
87 95 110.0
95 87 110.0
87 88 106.0
88 87 106.0
88 1112 103.0
1112 88 103.0
88 600 105.0
600 88 105.0
88 344 107.0
344 88 107.0
88 216 107.0
216 88 107.0
88 120 101.0
120 88 101.0
88 96 106.0
96 88 106.0
89 1113 106.0
1113 89 106.0
89 601 107.0
601 89 107.0
89 345 105.0
345 89 105.0
89 217 106.0
217 89 106.0
89 121 106.0
121 89 106.0
89 93 104.0
93 89 104.0
89 91 101.0
91 89 101.0
89 90 105.0
90 89 105.0
90 1114 108.0
1114 90 108.0
90 602 100.0
602 90 100.0
90 346 100.0
346 90 100.0
90 218 105.0
218 90 105.0
90 122 103.0
122 90 103.0
90 94 100.0
94 90 100.0
90 92 102.0
92 90 102.0
91 1115 101.0
1115 91 101.0
91 603 104.0
603 91 104.0
91 347 106.0
347 91 106.0
91 219 106.0
219 91 106.0
91 123 106.0
123 91 106.0
91 95 110.0
95 91 110.0
91 92 108.0
92 91 108.0
92 1116 105.0
1116 92 105.0
92 604 105.0
604 92 105.0
92 348 107.0
348 92 107.0
92 220 107.0
220 92 107.0
92 124 104.0
124 92 104.0
92 96 105.0
96 92 105.0
93 1117 105.0
1117 93 105.0
93 605 107.0
605 93 107.0
93 349 105.0
349 93 105.0
93 221 103.0
221 93 103.0
93 125 106.0
125 93 106.0
93 95 103.0
95 93 103.0
93 94 107.0
94 93 107.0
94 1118 105.0
1118 94 105.0
94 606 110.0
606 94 110.0
94 350 102.0
350 94 102.0
94 222 104.0
222 94 104.0
94 126 106.0
126 94 106.0
94 96 108.0
96 94 108.0
95 1119 110.0
1119 95 110.0
95 607 107.0
607 95 107.0
95 351 109.0
351 95 109.0
95 223 105.0
223 95 105.0
95 127 102.0
127 95 102.0
95 96 101.0
96 95 101.0
96 1120 109.0
1120 96 109.0
96 608 102.0
608 96 102.0
96 352 107.0
352 96 107.0
96 224 100.0
224 96 100.0
96 128 110.0
128 96 110.0
97 1121 103.0
1121 97 103.0
97 609 109.0
609 97 109.0
97 353 103.0
353 97 103.0
97 225 110.0
225 97 110.0
97 113 105.0
113 97 105.0
97 105 101.0
105 97 101.0
97 101 104.0
101 97 104.0
97 99 107.0
99 97 107.0
97 98 104.0
98 97 104.0
98 1122 101.0
1122 98 101.0
98 610 108.0
610 98 108.0
98 354 101.0
354 98 101.0
98 226 104.0
226 98 104.0
98 114 103.0
114 98 103.0
98 106 103.0
106 98 103.0
98 102 108.0
102 98 108.0
98 100 103.0
100 98 103.0
99 1123 103.0
1123 99 103.0
99 611 100.0
611 99 100.0
99 355 106.0
355 99 106.0
99 227 105.0
227 99 105.0
99 115 102.0
115 99 102.0
99 107 101.0
107 99 101.0
99 103 110.0
103 99 110.0
99 100 109.0
100 99 109.0
100 1124 105.0
1124 100 105.0
100 612 104.0
612 100 104.0
100 356 108.0
356 100 108.0
100 228 101.0
228 100 101.0
100 116 101.0
116 100 101.0
100 108 100.0
108 100 100.0
100 104 101.0
104 100 101.0
101 1125 105.0
1125 101 105.0
101 613 104.0
613 101 104.0
101 357 109.0
357 101 109.0
101 229 104.0
229 101 104.0
101 117 104.0
117 101 104.0
101 109 107.0
109 101 107.0
101 103 103.0
103 101 103.0
101 102 100.0
102 101 100.0
102 1126 108.0
1126 102 108.0
102 614 109.0
614 102 109.0
102 358 110.0
358 102 110.0
102 230 109.0
230 102 109.0
102 118 108.0
118 102 108.0
102 110 101.0
110 102 101.0
102 104 106.0
104 102 106.0
103 1127 100.0
1127 103 100.0
103 615 108.0
615 103 108.0
103 359 105.0
359 103 105.0
103 231 109.0
231 103 109.0
103 119 103.0
119 103 103.0
103 111 109.0
111 103 109.0
103 104 106.0
104 103 106.0
104 1128 104.0
1128 104 104.0
104 616 108.0
616 104 108.0
104 360 105.0
360 104 105.0
104 232 110.0
232 104 110.0
104 120 104.0
120 104 104.0
104 112 106.0
112 104 106.0
105 1129 108.0
1129 105 108.0
105 617 109.0
617 105 109.0
105 361 103.0
361 105 103.0
105 233 102.0
233 105 102.0
105 121 108.0
121 105 108.0
105 109 107.0
109 105 107.0
105 107 109.0
107 105 109.0
105 106 100.0
106 105 100.0
106 1130 107.0
1130 106 107.0
106 618 109.0
618 106 109.0
106 362 103.0
362 106 103.0
106 234 100.0
234 106 100.0
106 122 101.0
122 106 101.0
106 110 104.0
110 106 104.0
106 108 101.0
108 106 101.0
107 1131 107.0
1131 107 107.0
107 619 106.0
619 107 106.0
107 363 108.0
363 107 108.0
107 235 109.0
235 107 109.0
107 123 108.0
123 107 108.0
107 111 106.0
111 107 106.0
107 108 109.0
108 107 109.0
108 1132 109.0
1132 108 109.0
108 620 105.0
620 108 105.0
108 364 101.0
364 108 101.0
108 236 104.0
236 108 104.0
108 124 104.0
124 108 104.0
108 112 107.0
112 108 107.0
109 1133 101.0
1133 109 101.0
109 621 100.0
621 109 100.0
109 365 101.0
365 109 101.0
109 237 105.0
237 109 105.0
109 125 107.0
125 109 107.0
109 111 102.0
111 109 102.0
109 110 104.0
110 109 104.0
110 1134 110.0
1134 110 110.0
110 622 106.0
622 110 106.0
110 366 107.0
366 110 107.0
110 238 109.0
238 110 109.0
110 126 103.0
126 110 103.0
110 112 109.0
112 110 109.0
111 1135 108.0
1135 111 108.0
111 623 104.0
623 111 104.0
111 367 100.0
367 111 100.0
111 239 105.0
239 111 105.0
111 127 105.0
127 111 105.0
111 112 104.0
112 111 104.0
112 1136 105.0
1136 112 105.0
112 624 108.0
624 112 108.0
112 368 110.0
368 112 110.0
112 240 103.0
240 112 103.0
112 128 101.0
128 112 101.0
113 1137 101.0
1137 113 101.0
113 625 100.0
625 113 100.0
113 369 110.0
369 113 110.0
113 241 104.0
241 113 104.0
113 121 102.0
121 113 102.0
113 117 110.0
117 113 110.0
113 115 109.0
115 113 109.0
113 114 102.0
114 113 102.0
114 1138 101.0
1138 114 101.0
114 626 102.0
626 114 102.0
114 370 103.0
370 114 103.0
114 242 106.0
242 114 106.0
114 122 104.0
122 114 104.0
114 118 106.0
118 114 106.0
114 116 104.0
116 114 104.0
115 1139 104.0
1139 115 104.0
115 627 104.0
627 115 104.0
115 371 106.0
371 115 106.0
115 243 104.0
243 115 104.0
115 123 101.0
123 115 101.0
115 119 107.0
119 115 107.0
115 116 110.0
116 115 110.0
116 1140 107.0
1140 116 107.0
116 628 104.0
628 116 104.0
116 372 109.0
372 116 109.0
116 244 109.0
244 116 109.0
116 124 108.0
124 116 108.0
116 120 104.0
120 116 104.0
117 1141 100.0
1141 117 100.0
117 629 105.0
629 117 105.0
117 373 107.0
373 117 107.0
117 245 107.0
245 117 107.0
117 125 107.0
125 117 107.0
117 119 108.0
119 117 108.0
117 118 104.0
118 117 104.0
118 1142 103.0
1142 118 103.0
118 630 104.0
630 118 104.0
118 374 103.0
374 118 103.0
118 246 107.0
246 118 107.0
118 126 101.0
126 118 101.0
118 120 103.0
120 118 103.0
119 1143 107.0
1143 119 107.0
119 631 109.0
631 119 109.0
119 375 103.0
375 119 103.0
119 247 101.0
247 119 101.0
119 127 106.0
127 119 106.0
119 120 100.0
120 119 100.0
120 1144 110.0
1144 120 110.0
120 632 104.0
632 120 104.0
120 376 105.0
376 120 105.0
120 248 103.0
248 120 103.0
120 128 102.0
128 120 102.0
121 1145 103.0
1145 121 103.0
121 633 109.0
633 121 109.0
121 377 101.0
377 121 101.0
121 249 106.0
249 121 106.0
121 125 100.0
125 121 100.0
121 123 105.0
123 121 105.0
121 122 104.0
122 121 104.0
122 1146 101.0
1146 122 101.0
122 634 108.0
634 122 108.0
122 378 107.0
378 122 107.0
122 250 100.0
250 122 100.0
122 126 108.0
126 122 108.0
122 124 106.0
124 122 106.0
123 1147 103.0
1147 123 103.0
123 635 104.0
635 123 104.0
123 379 103.0
379 123 103.0
123 251 105.0
251 123 105.0
123 127 107.0
127 123 107.0
123 124 109.0
124 123 109.0
124 1148 102.0
1148 124 102.0
124 636 105.0
636 124 105.0
124 380 104.0
380 124 104.0
124 252 100.0
252 124 100.0
124 128 100.0
128 124 100.0
125 1149 102.0
1149 125 102.0
125 637 106.0
637 125 106.0
125 381 109.0
381 125 109.0
125 253 104.0
253 125 104.0
125 127 109.0
127 125 109.0
125 126 103.0
126 125 103.0
126 1150 101.0
1150 126 101.0
126 638 103.0
638 126 103.0
126 382 110.0
382 126 110.0
126 254 106.0
254 126 106.0
126 128 104.0
128 126 104.0
127 1151 105.0
1151 127 105.0
127 639 106.0
639 127 106.0
127 383 110.0
383 127 110.0
127 255 104.0
255 127 104.0
127 128 100.0
128 127 100.0
128 1152 104.0
1152 128 104.0
128 640 106.0
640 128 106.0
128 384 108.0
384 128 108.0
128 256 109.0
256 128 109.0
129 1153 101.0
1153 129 101.0
129 641 101.0
641 129 101.0
129 385 107.0
385 129 107.0
129 193 109.0
193 129 109.0
129 161 106.0
161 129 106.0
129 145 107.0
145 129 107.0
129 137 110.0
137 129 110.0
129 133 100.0
133 129 100.0
129 131 110.0
131 129 110.0
129 130 102.0
130 129 102.0
130 1154 110.0
1154 130 110.0
130 642 105.0
642 130 105.0
130 386 103.0
386 130 103.0
130 194 107.0
194 130 107.0
130 162 106.0
162 130 106.0
130 146 109.0
146 130 109.0
130 138 109.0
138 130 109.0
130 134 107.0
134 130 107.0
130 132 108.0
132 130 108.0
131 1155 107.0
1155 131 107.0
131 643 103.0
643 131 103.0
131 387 105.0
387 131 105.0
131 195 107.0
195 131 107.0
131 163 103.0
163 131 103.0
131 147 109.0
147 131 109.0
131 139 104.0
139 131 104.0
131 135 110.0
135 131 110.0
131 132 103.0
132 131 103.0
132 1156 110.0
1156 132 110.0
132 644 101.0
644 132 101.0
132 388 104.0
388 132 104.0
132 196 109.0
196 132 109.0
132 164 110.0
164 132 110.0
132 148 103.0
148 132 103.0
132 140 105.0
140 132 105.0
132 136 105.0
136 132 105.0
133 1157 108.0
1157 133 108.0
133 645 110.0
645 133 110.0
133 389 107.0
389 133 107.0
133 197 102.0
197 133 102.0
133 165 110.0
165 133 110.0
133 149 106.0
149 133 106.0
133 141 101.0
141 133 101.0
133 135 102.0
135 133 102.0
133 134 109.0
134 133 109.0
134 1158 102.0
1158 134 102.0
134 646 101.0
646 134 101.0
134 390 109.0
390 134 109.0
134 198 106.0
198 134 106.0
134 166 106.0
166 134 106.0
134 150 109.0
150 134 109.0
134 142 107.0
142 134 107.0
134 136 104.0
136 134 104.0
135 1159 109.0
1159 135 109.0
135 647 107.0
647 135 107.0
135 391 101.0
391 135 101.0
135 199 100.0
199 135 100.0
135 167 107.0
167 135 107.0
135 151 106.0
151 135 106.0
135 143 105.0
143 135 105.0
135 136 106.0
136 135 106.0
136 1160 100.0
1160 136 100.0
136 648 103.0
648 136 103.0
136 392 109.0
392 136 109.0
136 200 104.0
200 136 104.0
136 168 107.0
168 136 107.0
136 152 106.0
152 136 106.0
136 144 100.0
144 136 100.0
137 1161 108.0
1161 137 108.0
137 649 103.0
649 137 103.0
137 393 104.0
393 137 104.0
137 201 101.0
201 137 101.0
137 169 101.0
169 137 101.0
137 153 109.0
153 137 109.0
137 141 110.0
141 137 110.0
137 139 106.0
139 137 106.0
137 138 100.0
138 137 100.0
138 1162 107.0
1162 138 107.0
138 650 105.0
650 138 105.0
138 394 106.0
394 138 106.0
138 202 109.0
202 138 109.0
138 170 104.0
170 138 104.0
138 154 107.0
154 138 107.0
138 142 102.0
142 138 102.0
138 140 105.0
140 138 105.0
139 1163 102.0
1163 139 102.0
139 651 110.0
651 139 110.0
139 395 102.0
395 139 102.0
139 203 110.0
203 139 110.0
139 171 105.0
171 139 105.0
139 155 101.0
155 139 101.0
139 143 110.0
143 139 110.0
139 140 109.0
140 139 109.0
140 1164 102.0
1164 140 102.0
140 652 100.0
652 140 100.0
140 396 108.0
396 140 108.0
140 204 100.0
204 140 100.0
140 172 110.0
172 140 110.0
140 156 107.0
156 140 107.0
140 144 106.0
144 140 106.0
141 1165 101.0
1165 141 101.0
141 653 101.0
653 141 101.0
141 397 109.0
397 141 109.0
141 205 105.0
205 141 105.0
141 173 107.0
173 141 107.0
141 157 105.0
157 141 105.0
141 143 105.0
143 141 105.0
141 142 101.0
142 141 101.0
142 1166 109.0
1166 142 109.0
142 654 107.0
654 142 107.0
142 398 103.0
398 142 103.0
142 206 104.0
206 142 104.0
142 174 104.0
174 142 104.0
142 158 109.0
158 142 109.0
142 144 102.0
144 142 102.0
143 1167 101.0
1167 143 101.0
143 655 108.0
655 143 108.0
143 399 107.0
399 143 107.0
143 207 102.0
207 143 102.0
143 175 109.0
175 143 109.0
143 159 100.0
159 143 100.0
143 144 101.0
144 143 101.0
144 1168 102.0
1168 144 102.0
144 656 103.0
656 144 103.0
144 400 108.0
400 144 108.0
144 208 107.0
208 144 107.0
144 176 107.0
176 144 107.0
144 160 106.0
160 144 106.0
145 1169 103.0
1169 145 103.0
145 657 101.0
657 145 101.0
145 401 103.0
401 145 103.0
145 209 101.0
209 145 101.0
145 177 102.0
177 145 102.0
145 153 107.0
153 145 107.0
145 149 104.0
149 145 104.0
145 147 109.0
147 145 109.0
145 146 106.0
146 145 106.0
146 1170 103.0
1170 146 103.0
146 658 104.0
658 146 104.0
146 402 107.0
402 146 107.0
146 210 109.0
210 146 109.0
146 178 108.0
178 146 108.0
146 154 109.0
154 146 109.0
146 150 103.0
150 146 103.0
146 148 102.0
148 146 102.0
147 1171 101.0
1171 147 101.0
147 659 105.0
659 147 105.0
147 403 100.0
403 147 100.0
147 211 110.0
211 147 110.0
147 179 108.0
179 147 108.0
147 155 101.0
155 147 101.0
147 151 101.0
151 147 101.0
147 148 104.0
148 147 104.0
148 1172 108.0
1172 148 108.0
148 660 102.0
660 148 102.0
148 404 104.0
404 148 104.0
148 212 100.0
212 148 100.0
148 180 110.0
180 148 110.0
148 156 101.0
156 148 101.0
148 152 102.0
152 148 102.0
149 1173 105.0
1173 149 105.0
149 661 108.0
661 149 108.0
149 405 102.0
405 149 102.0
149 213 102.0
213 149 102.0
149 181 103.0
181 149 103.0
149 157 104.0
157 149 104.0
149 151 102.0
151 149 102.0
149 150 110.0
150 149 110.0
150 1174 108.0
1174 150 108.0
150 662 106.0
662 150 106.0
150 406 106.0
406 150 106.0
150 214 103.0
214 150 103.0
150 182 109.0
182 150 109.0
150 158 102.0
158 150 102.0
150 152 101.0
152 150 101.0
151 1175 108.0
1175 151 108.0
151 663 107.0
663 151 107.0
151 407 100.0
407 151 100.0
151 215 108.0
215 151 108.0
151 183 101.0
183 151 101.0
151 159 109.0
159 151 109.0
151 152 107.0
152 151 107.0
152 1176 103.0
1176 152 103.0
152 664 104.0
664 152 104.0
152 408 102.0
408 152 102.0
152 216 103.0
216 152 103.0
152 184 100.0
184 152 100.0
152 160 110.0
160 152 110.0
153 1177 108.0
1177 153 108.0
153 665 104.0
665 153 104.0
153 409 108.0
409 153 108.0
153 217 109.0
217 153 109.0
153 185 109.0
185 153 109.0
153 157 101.0
157 153 101.0
153 155 103.0
155 153 103.0
153 154 110.0
154 153 110.0
154 1178 103.0
1178 154 103.0
154 666 103.0
666 154 103.0
154 410 100.0
410 154 100.0
154 218 106.0
218 154 106.0
154 186 108.0
186 154 108.0
154 158 109.0
158 154 109.0
154 156 105.0
156 154 105.0
155 1179 108.0
1179 155 108.0
155 667 107.0
667 155 107.0
155 411 104.0
411 155 104.0
155 219 103.0
219 155 103.0
155 187 103.0
187 155 103.0
155 159 103.0
159 155 103.0
155 156 110.0
156 155 110.0
156 1180 106.0
1180 156 106.0
156 668 108.0
668 156 108.0
156 412 101.0
412 156 101.0
156 220 108.0
220 156 108.0
156 188 102.0
188 156 102.0
156 160 106.0
160 156 106.0
157 1181 109.0
1181 157 109.0
157 669 103.0
669 157 103.0
157 413 106.0
413 157 106.0
157 221 101.0
221 157 101.0
157 189 104.0
189 157 104.0
157 159 101.0
159 157 101.0
157 158 102.0
158 157 102.0
158 1182 101.0
1182 158 101.0
158 670 102.0
670 158 102.0
158 414 108.0
414 158 108.0
158 222 100.0
222 158 100.0
158 190 105.0
190 158 105.0
158 160 110.0
160 158 110.0
159 1183 102.0
1183 159 102.0
159 671 102.0
671 159 102.0
159 415 107.0
415 159 107.0
159 223 100.0
223 159 100.0
159 191 109.0
191 159 109.0
159 160 101.0
160 159 101.0
160 1184 101.0
1184 160 101.0
160 672 108.0
672 160 108.0
160 416 110.0
416 160 110.0
160 224 100.0
224 160 100.0
160 192 100.0
192 160 100.0
161 1185 109.0
1185 161 109.0
161 673 101.0
673 161 101.0
161 417 108.0
417 161 108.0
161 225 102.0
225 161 102.0
161 177 104.0
177 161 104.0
161 169 106.0
169 161 106.0
161 165 107.0
165 161 107.0
161 163 100.0
163 161 100.0
161 162 110.0
162 161 110.0
162 1186 108.0
1186 162 108.0
162 674 104.0
674 162 104.0
162 418 100.0
418 162 100.0
162 226 101.0
226 162 101.0
162 178 110.0
178 162 110.0
162 170 109.0
170 162 109.0
162 166 107.0
166 162 107.0
162 164 109.0
164 162 109.0
163 1187 102.0
1187 163 102.0
163 675 107.0
675 163 107.0
163 419 106.0
419 163 106.0
163 227 102.0
227 163 102.0
163 179 102.0
179 163 102.0
163 171 100.0
171 163 100.0
163 167 104.0
167 163 104.0
163 164 104.0
164 163 104.0
164 1188 110.0
1188 164 110.0
164 676 100.0
676 164 100.0
164 420 105.0
420 164 105.0
164 228 104.0
228 164 104.0
164 180 109.0
180 164 109.0
164 172 108.0
172 164 108.0
164 168 106.0
168 164 106.0
165 1189 103.0
1189 165 103.0
165 677 106.0
677 165 106.0
165 421 107.0
421 165 107.0
165 229 107.0
229 165 107.0
165 181 102.0
181 165 102.0
165 173 100.0
173 165 100.0
165 167 110.0
167 165 110.0
165 166 102.0
166 165 102.0
166 1190 107.0
1190 166 107.0
166 678 106.0
678 166 106.0
166 422 104.0
422 166 104.0
166 230 101.0
230 166 101.0
166 182 104.0
182 166 104.0
166 174 101.0
174 166 101.0
166 168 106.0
168 166 106.0
167 1191 105.0
1191 167 105.0
167 679 105.0
679 167 105.0
167 423 109.0
423 167 109.0
167 231 100.0
231 167 100.0
167 183 103.0
183 167 103.0
167 175 101.0
175 167 101.0
167 168 103.0
168 167 103.0
168 1192 109.0
1192 168 109.0
168 680 110.0
680 168 110.0
168 424 109.0
424 168 109.0
168 232 110.0
232 168 110.0
168 184 108.0
184 168 108.0
168 176 108.0
176 168 108.0
169 1193 109.0
1193 169 109.0
169 681 104.0
681 169 104.0
169 425 107.0
425 169 107.0
169 233 107.0
233 169 107.0
169 185 108.0
185 169 108.0
169 173 105.0
173 169 105.0
169 171 102.0
171 169 102.0
169 170 104.0
170 169 104.0
170 1194 110.0
1194 170 110.0
170 682 105.0
682 170 105.0
170 426 104.0
426 170 104.0
170 234 105.0
234 170 105.0
170 186 102.0
186 170 102.0
170 174 109.0
174 170 109.0
170 172 110.0
172 170 110.0
171 1195 101.0
1195 171 101.0
171 683 105.0
683 171 105.0
171 427 107.0
427 171 107.0
171 235 103.0
235 171 103.0
171 187 104.0
187 171 104.0
171 175 108.0
175 171 108.0
171 172 100.0
172 171 100.0
172 1196 103.0
1196 172 103.0
172 684 102.0
684 172 102.0
172 428 108.0
428 172 108.0
172 236 103.0
236 172 103.0
172 188 107.0
188 172 107.0
172 176 104.0
176 172 104.0
173 1197 108.0
1197 173 108.0
173 685 107.0
685 173 107.0
173 429 106.0
429 173 106.0
173 237 106.0
237 173 106.0
173 189 108.0
189 173 108.0
173 175 100.0
175 173 100.0
173 174 106.0
174 173 106.0
174 1198 103.0
1198 174 103.0
174 686 105.0
686 174 105.0
174 430 105.0
430 174 105.0
174 238 105.0
238 174 105.0
174 190 103.0
190 174 103.0
174 176 109.0
176 174 109.0
175 1199 101.0
1199 175 101.0
175 687 104.0
687 175 104.0
175 431 104.0
431 175 104.0
175 239 109.0
239 175 109.0
175 191 100.0
191 175 100.0
175 176 105.0
176 175 105.0
176 1200 108.0
1200 176 108.0
176 688 103.0
688 176 103.0
176 432 110.0
432 176 110.0
176 240 110.0
240 176 110.0
176 192 110.0
192 176 110.0
177 1201 108.0
1201 177 108.0
177 689 103.0
689 177 103.0
177 433 108.0
433 177 108.0
177 241 102.0
241 177 102.0
177 185 106.0
185 177 106.0
177 181 105.0
181 177 105.0
177 179 102.0
179 177 102.0
177 178 102.0
178 177 102.0
178 1202 106.0
1202 178 106.0
178 690 105.0
690 178 105.0
178 434 108.0
434 178 108.0
178 242 106.0
242 178 106.0
178 186 110.0
186 178 110.0
178 182 108.0
182 178 108.0
178 180 106.0
180 178 106.0
179 1203 101.0
1203 179 101.0
179 691 101.0
691 179 101.0
179 435 105.0
435 179 105.0
179 243 102.0
243 179 102.0
179 187 106.0
187 179 106.0
179 183 103.0
183 179 103.0
179 180 107.0
180 179 107.0
180 1204 100.0
1204 180 100.0
180 692 109.0
692 180 109.0
180 436 109.0
436 180 109.0
180 244 103.0
244 180 103.0
180 188 101.0
188 180 101.0
180 184 108.0
184 180 108.0
181 1205 107.0
1205 181 107.0
181 693 104.0
693 181 104.0
181 437 106.0
437 181 106.0
181 245 106.0
245 181 106.0
181 189 105.0
189 181 105.0
181 183 106.0
183 181 106.0
181 182 110.0
182 181 110.0
182 1206 106.0
1206 182 106.0
182 694 102.0
694 182 102.0
182 438 100.0
438 182 100.0
182 246 106.0
246 182 106.0
182 190 103.0
190 182 103.0
182 184 100.0
184 182 100.0
183 1207 101.0
1207 183 101.0
183 695 106.0
695 183 106.0
183 439 104.0
439 183 104.0
183 247 106.0
247 183 106.0
183 191 108.0
191 183 108.0
183 184 104.0
184 183 104.0
184 1208 104.0
1208 184 104.0
184 696 104.0
696 184 104.0
184 440 100.0
440 184 100.0
184 248 106.0
248 184 106.0
184 192 104.0
192 184 104.0
185 1209 101.0
1209 185 101.0
185 697 103.0
697 185 103.0
185 441 107.0
441 185 107.0
185 249 106.0
249 185 106.0
185 189 109.0
189 185 109.0
185 187 105.0
187 185 105.0
185 186 110.0
186 185 110.0
186 1210 100.0
1210 186 100.0
186 698 105.0
698 186 105.0
186 442 101.0
442 186 101.0
186 250 110.0
250 186 110.0
186 190 106.0
190 186 106.0
186 188 107.0
188 186 107.0
187 1211 101.0
1211 187 101.0
187 699 105.0
699 187 105.0
187 443 100.0
443 187 100.0
187 251 104.0
251 187 104.0
187 191 110.0
191 187 110.0
187 188 104.0
188 187 104.0
188 1212 109.0
1212 188 109.0
188 700 110.0
700 188 110.0
188 444 106.0
444 188 106.0
188 252 101.0
252 188 101.0
188 192 109.0
192 188 109.0
189 1213 102.0
1213 189 102.0
189 701 107.0
701 189 107.0
189 445 107.0
445 189 107.0
189 253 110.0
253 189 110.0
189 191 105.0
191 189 105.0
189 190 101.0
190 189 101.0
190 1214 101.0
1214 190 101.0
190 702 103.0
702 190 103.0
190 446 110.0
446 190 110.0
190 254 106.0
254 190 106.0
190 192 109.0
192 190 109.0
191 1215 100.0
1215 191 100.0
191 703 110.0
703 191 110.0
191 447 110.0
447 191 110.0
191 255 105.0
255 191 105.0
191 192 103.0
192 191 103.0
192 1216 105.0
1216 192 105.0
192 704 104.0
704 192 104.0
192 448 109.0
448 192 109.0
192 256 102.0
256 192 102.0
193 1217 104.0
1217 193 104.0
193 705 108.0
705 193 108.0
193 449 108.0
449 193 108.0
193 225 107.0
225 193 107.0
193 209 107.0
209 193 107.0
193 201 107.0
201 193 107.0
193 197 103.0
197 193 103.0
193 195 101.0
195 193 101.0
193 194 107.0
194 193 107.0
194 1218 110.0
1218 194 110.0
194 706 101.0
706 194 101.0
194 450 100.0
450 194 100.0
194 226 101.0
226 194 101.0
194 210 101.0
210 194 101.0
194 202 102.0
202 194 102.0
194 198 107.0
198 194 107.0
194 196 107.0
196 194 107.0
195 1219 105.0
1219 195 105.0
195 707 103.0
707 195 103.0
195 451 105.0
451 195 105.0
195 227 103.0
227 195 103.0
195 211 101.0
211 195 101.0
195 203 109.0
203 195 109.0
195 199 104.0
199 195 104.0
195 196 101.0
196 195 101.0
196 1220 107.0
1220 196 107.0
196 708 110.0
708 196 110.0
196 452 109.0
452 196 109.0
196 228 107.0
228 196 107.0
196 212 102.0
212 196 102.0
196 204 101.0
204 196 101.0
196 200 100.0
200 196 100.0
197 1221 101.0
1221 197 101.0
197 709 101.0
709 197 101.0
197 453 103.0
453 197 103.0
197 229 106.0
229 197 106.0
197 213 110.0
213 197 110.0
197 205 102.0
205 197 102.0
197 199 100.0
199 197 100.0
197 198 100.0
198 197 100.0
198 1222 109.0
1222 198 109.0
198 710 109.0
710 198 109.0
198 454 110.0
454 198 110.0
198 230 106.0
230 198 106.0
198 214 101.0
214 198 101.0
198 206 105.0
206 198 105.0
198 200 108.0
200 198 108.0
199 1223 110.0
1223 199 110.0
199 711 106.0
711 199 106.0
199 455 106.0
455 199 106.0
199 231 105.0
231 199 105.0
199 215 108.0
215 199 108.0
199 207 103.0
207 199 103.0
199 200 101.0
200 199 101.0
200 1224 105.0
1224 200 105.0
200 712 104.0
712 200 104.0
200 456 109.0
456 200 109.0
200 232 110.0
232 200 110.0
200 216 100.0
216 200 100.0
200 208 103.0
208 200 103.0
201 1225 105.0
1225 201 105.0
201 713 109.0
713 201 109.0
201 457 109.0
457 201 109.0
201 233 102.0
233 201 102.0
201 217 108.0
217 201 108.0
201 205 109.0
205 201 109.0
201 203 104.0
203 201 104.0
201 202 107.0
202 201 107.0
202 1226 104.0
1226 202 104.0
202 714 105.0
714 202 105.0
202 458 105.0
458 202 105.0
202 234 101.0
234 202 101.0
202 218 104.0
218 202 104.0
202 206 108.0
206 202 108.0
202 204 102.0
204 202 102.0
203 1227 103.0
1227 203 103.0
203 715 102.0
715 203 102.0
203 459 108.0
459 203 108.0
203 235 106.0
235 203 106.0
203 219 107.0
219 203 107.0
203 207 103.0
207 203 103.0
203 204 101.0
204 203 101.0
204 1228 102.0
1228 204 102.0
204 716 105.0
716 204 105.0
204 460 105.0
460 204 105.0
204 236 101.0
236 204 101.0
204 220 110.0
220 204 110.0
204 208 104.0
208 204 104.0
205 1229 100.0
1229 205 100.0
205 717 101.0
717 205 101.0
205 461 106.0
461 205 106.0
205 237 110.0
237 205 110.0
205 221 101.0
221 205 101.0
205 207 103.0
207 205 103.0
205 206 103.0
206 205 103.0
206 1230 103.0
1230 206 103.0
206 718 101.0
718 206 101.0
206 462 103.0
462 206 103.0
206 238 104.0
238 206 104.0
206 222 107.0
222 206 107.0
206 208 106.0
208 206 106.0
207 1231 100.0
1231 207 100.0
207 719 103.0
719 207 103.0
207 463 100.0
463 207 100.0
207 239 105.0
239 207 105.0
207 223 105.0
223 207 105.0
207 208 103.0
208 207 103.0
208 1232 102.0
1232 208 102.0
208 720 104.0
720 208 104.0
208 464 107.0
464 208 107.0
208 240 103.0
240 208 103.0
208 224 100.0
224 208 100.0
209 1233 110.0
1233 209 110.0
209 721 101.0
721 209 101.0
209 465 103.0
465 209 103.0
209 241 110.0
241 209 110.0
209 217 103.0
217 209 103.0
209 213 101.0
213 209 101.0
209 211 110.0
211 209 110.0
209 210 101.0
210 209 101.0
210 1234 100.0
1234 210 100.0
210 722 110.0
722 210 110.0
210 466 108.0
466 210 108.0
210 242 102.0
242 210 102.0
210 218 101.0
218 210 101.0
210 214 102.0
214 210 102.0
210 212 104.0
212 210 104.0
211 1235 102.0
1235 211 102.0
211 723 103.0
723 211 103.0
211 467 106.0
467 211 106.0
211 243 109.0
243 211 109.0
211 219 109.0
219 211 109.0
211 215 107.0
215 211 107.0
211 212 106.0
212 211 106.0
212 1236 108.0
1236 212 108.0
212 724 109.0
724 212 109.0
212 468 109.0
468 212 109.0
212 244 108.0
244 212 108.0
212 220 102.0
220 212 102.0
212 216 110.0
216 212 110.0
213 1237 102.0
1237 213 102.0
213 725 104.0
725 213 104.0
213 469 103.0
469 213 103.0
213 245 108.0
245 213 108.0
213 221 110.0
221 213 110.0
213 215 108.0
215 213 108.0
213 214 104.0
214 213 104.0
214 1238 107.0
1238 214 107.0
214 726 105.0
726 214 105.0
214 470 101.0
470 214 101.0
214 246 102.0
246 214 102.0
214 222 109.0
222 214 109.0
214 216 105.0
216 214 105.0
215 1239 110.0
1239 215 110.0
215 727 109.0
727 215 109.0
215 471 103.0
471 215 103.0
215 247 106.0
247 215 106.0
215 223 110.0
223 215 110.0
215 216 105.0
216 215 105.0
216 1240 109.0
1240 216 109.0
216 728 100.0
728 216 100.0
216 472 102.0
472 216 102.0
216 248 110.0
248 216 110.0
216 224 108.0
224 216 108.0
217 1241 109.0
1241 217 109.0
217 729 100.0
729 217 100.0
217 473 105.0
473 217 105.0
217 249 104.0
249 217 104.0
217 221 110.0
221 217 110.0
217 219 102.0
219 217 102.0
217 218 102.0
218 217 102.0
218 1242 106.0
1242 218 106.0
218 730 109.0
730 218 109.0
218 474 106.0
474 218 106.0
218 250 100.0
250 218 100.0
218 222 108.0
222 218 108.0
218 220 108.0
220 218 108.0
219 1243 107.0
1243 219 107.0
219 731 100.0
731 219 100.0
219 475 109.0
475 219 109.0
219 251 100.0
251 219 100.0
219 223 110.0
223 219 110.0
219 220 102.0
220 219 102.0
220 1244 105.0
1244 220 105.0
220 732 107.0
732 220 107.0
220 476 108.0
476 220 108.0
220 252 110.0
252 220 110.0
220 224 107.0
224 220 107.0
221 1245 110.0
1245 221 110.0
221 733 101.0
733 221 101.0
221 477 108.0
477 221 108.0
221 253 103.0
253 221 103.0
221 223 105.0
223 221 105.0
221 222 110.0
222 221 110.0
222 1246 107.0
1246 222 107.0
222 734 104.0
734 222 104.0
222 478 101.0
478 222 101.0
222 254 109.0
254 222 109.0
222 224 102.0
224 222 102.0
223 1247 106.0
1247 223 106.0
223 735 104.0
735 223 104.0
223 479 102.0
479 223 102.0
223 255 108.0
255 223 108.0
223 224 102.0
224 223 102.0
224 1248 107.0
1248 224 107.0
224 736 103.0
736 224 103.0
224 480 105.0
480 224 105.0
224 256 104.0
256 224 104.0
225 1249 106.0
1249 225 106.0
225 737 107.0
737 225 107.0
225 481 100.0
481 225 100.0
225 241 109.0
241 225 109.0
225 233 104.0
233 225 104.0
225 229 105.0
229 225 105.0
225 227 110.0
227 225 110.0
225 226 108.0
226 225 108.0
226 1250 108.0
1250 226 108.0
226 738 108.0
738 226 108.0
226 482 104.0
482 226 104.0
226 242 104.0
242 226 104.0
226 234 102.0
234 226 102.0
226 230 107.0
230 226 107.0
226 228 102.0
228 226 102.0
227 1251 107.0
1251 227 107.0
227 739 104.0
739 227 104.0
227 483 103.0
483 227 103.0
227 243 103.0
243 227 103.0
227 235 103.0
235 227 103.0
227 231 107.0
231 227 107.0
227 228 110.0
228 227 110.0
228 1252 108.0
1252 228 108.0
228 740 109.0
740 228 109.0
228 484 100.0
484 228 100.0
228 244 110.0
244 228 110.0
228 236 100.0
236 228 100.0
228 232 104.0
232 228 104.0
229 1253 101.0
1253 229 101.0
229 741 108.0
741 229 108.0
229 485 100.0
485 229 100.0
229 245 106.0
245 229 106.0
229 237 110.0
237 229 110.0
229 231 101.0
231 229 101.0
229 230 105.0
230 229 105.0
230 1254 100.0
1254 230 100.0
230 742 106.0
742 230 106.0
230 486 104.0
486 230 104.0
230 246 105.0
246 230 105.0
230 238 104.0
238 230 104.0
230 232 104.0
232 230 104.0
231 1255 106.0
1255 231 106.0
231 743 110.0
743 231 110.0
231 487 107.0
487 231 107.0
231 247 106.0
247 231 106.0
231 239 100.0
239 231 100.0
231 232 103.0
232 231 103.0
232 1256 104.0
1256 232 104.0
232 744 108.0
744 232 108.0
232 488 106.0
488 232 106.0
232 248 106.0
248 232 106.0
232 240 102.0
240 232 102.0
233 1257 101.0
1257 233 101.0
233 745 101.0
745 233 101.0
233 489 103.0
489 233 103.0
233 249 108.0
249 233 108.0
233 237 102.0
237 233 102.0
233 235 102.0
235 233 102.0
233 234 104.0
234 233 104.0
234 1258 107.0
1258 234 107.0
234 746 105.0
746 234 105.0
234 490 100.0
490 234 100.0
234 250 105.0
250 234 105.0
234 238 104.0
238 234 104.0
234 236 101.0
236 234 101.0
235 1259 105.0
1259 235 105.0
235 747 101.0
747 235 101.0
235 491 102.0
491 235 102.0
235 251 104.0
251 235 104.0
235 239 103.0
239 235 103.0
235 236 110.0
236 235 110.0
236 1260 109.0
1260 236 109.0
236 748 103.0
748 236 103.0
236 492 104.0
492 236 104.0
236 252 108.0
252 236 108.0
236 240 110.0
240 236 110.0
237 1261 103.0
1261 237 103.0
237 749 106.0
749 237 106.0
237 493 106.0
493 237 106.0
237 253 101.0
253 237 101.0
237 239 105.0
239 237 105.0
237 238 105.0
238 237 105.0
238 1262 108.0
1262 238 108.0
238 750 100.0
750 238 100.0
238 494 102.0
494 238 102.0
238 254 101.0
254 238 101.0
238 240 104.0
240 238 104.0
239 1263 104.0
1263 239 104.0
239 751 102.0
751 239 102.0
239 495 101.0
495 239 101.0
239 255 109.0
255 239 109.0
239 240 102.0
240 239 102.0
240 1264 109.0
1264 240 109.0
240 752 108.0
752 240 108.0
240 496 110.0
496 240 110.0
240 256 102.0
256 240 102.0
241 1265 103.0
1265 241 103.0
241 753 106.0
753 241 106.0
241 497 107.0
497 241 107.0
241 249 105.0
249 241 105.0
241 245 105.0
245 241 105.0
241 243 103.0
243 241 103.0
241 242 109.0
242 241 109.0
242 1266 104.0
1266 242 104.0
242 754 100.0
754 242 100.0
242 498 110.0
498 242 110.0
242 250 110.0
250 242 110.0
242 246 106.0
246 242 106.0
242 244 110.0
244 242 110.0
243 1267 104.0
1267 243 104.0
243 755 106.0
755 243 106.0
243 499 108.0
499 243 108.0
243 251 104.0
251 243 104.0
243 247 100.0
247 243 100.0
243 244 105.0
244 243 105.0
244 1268 101.0
1268 244 101.0
244 756 106.0
756 244 106.0
244 500 110.0
500 244 110.0
244 252 107.0
252 244 107.0
244 248 102.0
248 244 102.0
245 1269 106.0
1269 245 106.0
245 757 109.0
757 245 109.0
245 501 103.0
501 245 103.0
245 253 103.0
253 245 103.0
245 247 110.0
247 245 110.0
245 246 110.0
246 245 110.0
246 1270 106.0
1270 246 106.0
246 758 103.0
758 246 103.0
246 502 105.0
502 246 105.0
246 254 100.0
254 246 100.0
246 248 108.0
248 246 108.0
247 1271 107.0
1271 247 107.0
247 759 106.0
759 247 106.0
247 503 102.0
503 247 102.0
247 255 102.0
255 247 102.0
247 248 101.0
248 247 101.0
248 1272 103.0
1272 248 103.0
248 760 102.0
760 248 102.0
248 504 108.0
504 248 108.0
248 256 109.0
256 248 109.0
249 1273 108.0
1273 249 108.0
249 761 100.0
761 249 100.0
249 505 101.0
505 249 101.0
249 253 102.0
253 249 102.0
249 251 108.0
251 249 108.0
249 250 105.0
250 249 105.0
250 1274 104.0
1274 250 104.0
250 762 109.0
762 250 109.0
250 506 103.0
506 250 103.0
250 254 106.0
254 250 106.0
250 252 108.0
252 250 108.0
251 1275 110.0
1275 251 110.0
251 763 110.0
763 251 110.0
251 507 109.0
507 251 109.0
251 255 108.0
255 251 108.0
251 252 107.0
252 251 107.0
252 1276 109.0
1276 252 109.0
252 764 106.0
764 252 106.0
252 508 108.0
508 252 108.0
252 256 104.0
256 252 104.0
253 1277 106.0
1277 253 106.0
253 765 104.0
765 253 104.0
253 509 108.0
509 253 108.0
253 255 105.0
255 253 105.0
253 254 107.0
254 253 107.0
254 1278 108.0
1278 254 108.0
254 766 106.0
766 254 106.0
254 510 103.0
510 254 103.0
254 256 106.0
256 254 106.0
255 1279 105.0
1279 255 105.0
255 767 109.0
767 255 109.0
255 511 104.0
511 255 104.0
255 256 102.0
256 255 102.0
256 1280 105.0
1280 256 105.0
256 768 100.0
768 256 100.0
256 512 107.0
512 256 107.0
257 1281 101.0
1281 257 101.0
257 769 106.0
769 257 106.0
257 385 107.0
385 257 107.0
257 321 107.0
321 257 107.0
257 289 108.0
289 257 108.0
257 273 107.0
273 257 107.0
257 265 110.0
265 257 110.0
257 261 103.0
261 257 103.0
257 259 108.0
259 257 108.0
257 258 100.0
258 257 100.0
258 1282 100.0
1282 258 100.0
258 770 100.0
770 258 100.0
258 386 110.0
386 258 110.0
258 322 102.0
322 258 102.0
258 290 108.0
290 258 108.0
258 274 102.0
274 258 102.0
258 266 103.0
266 258 103.0
258 262 108.0
262 258 108.0
258 260 103.0
260 258 103.0
259 1283 105.0
1283 259 105.0
259 771 110.0
771 259 110.0
259 387 110.0
387 259 110.0
259 323 109.0
323 259 109.0
259 291 102.0
291 259 102.0
259 275 108.0
275 259 108.0
259 267 107.0
267 259 107.0
259 263 105.0
263 259 105.0
259 260 105.0
260 259 105.0
260 1284 102.0
1284 260 102.0
260 772 105.0
772 260 105.0
260 388 109.0
388 260 109.0
260 324 109.0
324 260 109.0
260 292 110.0
292 260 110.0
260 276 110.0
276 260 110.0
260 268 110.0
268 260 110.0
260 264 101.0
264 260 101.0
261 1285 102.0
1285 261 102.0
261 773 104.0
773 261 104.0
261 389 108.0
389 261 108.0
261 325 108.0
325 261 108.0
261 293 108.0
293 261 108.0
261 277 104.0
277 261 104.0
261 269 104.0
269 261 104.0
261 263 106.0
263 261 106.0
261 262 107.0
262 261 107.0
262 1286 108.0
1286 262 108.0
262 774 109.0
774 262 109.0
262 390 102.0
390 262 102.0
262 326 108.0
326 262 108.0
262 294 101.0
294 262 101.0
262 278 101.0
278 262 101.0
262 270 108.0
270 262 108.0
262 264 110.0
264 262 110.0
263 1287 100.0
1287 263 100.0
263 775 104.0
775 263 104.0
263 391 109.0
391 263 109.0
263 327 106.0
327 263 106.0
263 295 110.0
295 263 110.0
263 279 104.0
279 263 104.0
263 271 110.0
271 263 110.0
263 264 108.0
264 263 108.0
264 1288 104.0
1288 264 104.0
264 776 102.0
776 264 102.0
264 392 109.0
392 264 109.0
264 328 100.0
328 264 100.0
264 296 102.0
296 264 102.0
264 280 101.0
280 264 101.0
264 272 109.0
272 264 109.0
265 1289 100.0
1289 265 100.0
265 777 110.0
777 265 110.0
265 393 109.0
393 265 109.0
265 329 109.0
329 265 109.0
265 297 105.0
297 265 105.0
265 281 108.0
281 265 108.0
265 269 110.0
269 265 110.0
265 267 104.0
267 265 104.0
265 266 102.0
266 265 102.0
266 1290 104.0
1290 266 104.0
266 778 101.0
778 266 101.0
266 394 103.0
394 266 103.0
266 330 101.0
330 266 101.0
266 298 102.0
298 266 102.0
266 282 104.0
282 266 104.0
266 270 109.0
270 266 109.0
266 268 109.0
268 266 109.0
267 1291 110.0
1291 267 110.0
267 779 108.0
779 267 108.0
267 395 104.0
395 267 104.0
267 331 108.0
331 267 108.0
267 299 107.0
299 267 107.0
267 283 105.0
283 267 105.0
267 271 104.0
271 267 104.0
267 268 106.0
268 267 106.0
268 1292 106.0
1292 268 106.0
268 780 107.0
780 268 107.0
268 396 110.0
396 268 110.0
268 332 108.0
332 268 108.0
268 300 100.0
300 268 100.0
268 284 106.0
284 268 106.0
268 272 101.0
272 268 101.0
269 1293 109.0
1293 269 109.0
269 781 107.0
781 269 107.0
269 397 103.0
397 269 103.0
269 333 102.0
333 269 102.0
269 301 104.0
301 269 104.0
269 285 107.0
285 269 107.0
269 271 102.0
271 269 102.0
269 270 101.0
270 269 101.0
270 1294 107.0
1294 270 107.0
270 782 106.0
782 270 106.0
270 398 107.0
398 270 107.0
270 334 100.0
334 270 100.0
270 302 109.0
302 270 109.0
270 286 102.0
286 270 102.0
270 272 102.0
272 270 102.0
271 1295 108.0
1295 271 108.0
271 783 108.0
783 271 108.0
271 399 110.0
399 271 110.0
271 335 107.0
335 271 107.0
271 303 108.0
303 271 108.0
271 287 102.0
287 271 102.0
271 272 102.0
272 271 102.0
272 1296 100.0
1296 272 100.0
272 784 109.0
784 272 109.0
272 400 108.0
400 272 108.0
272 336 102.0
336 272 102.0
272 304 104.0
304 272 104.0
272 288 102.0
288 272 102.0
273 1297 107.0
1297 273 107.0
273 785 109.0
785 273 109.0
273 401 100.0
401 273 100.0
273 337 106.0
337 273 106.0
273 305 106.0
305 273 106.0
273 281 105.0
281 273 105.0
273 277 101.0
277 273 101.0
273 275 107.0
275 273 107.0
273 274 100.0
274 273 100.0
274 1298 104.0
1298 274 104.0
274 786 105.0
786 274 105.0
274 402 101.0
402 274 101.0
274 338 107.0
338 274 107.0
274 306 104.0
306 274 104.0
274 282 100.0
282 274 100.0
274 278 102.0
278 274 102.0
274 276 103.0
276 274 103.0
275 1299 106.0
1299 275 106.0
275 787 104.0
787 275 104.0
275 403 105.0
403 275 105.0
275 339 108.0
339 275 108.0
275 307 100.0
307 275 100.0
275 283 108.0
283 275 108.0
275 279 100.0
279 275 100.0
275 276 102.0
276 275 102.0
276 1300 105.0
1300 276 105.0
276 788 109.0
788 276 109.0
276 404 103.0
404 276 103.0
276 340 104.0
340 276 104.0
276 308 109.0
308 276 109.0
276 284 108.0
284 276 108.0
276 280 103.0
280 276 103.0
277 1301 108.0
1301 277 108.0
277 789 107.0
789 277 107.0
277 405 109.0
405 277 109.0
277 341 109.0
341 277 109.0
277 309 104.0
309 277 104.0
277 285 102.0
285 277 102.0
277 279 106.0
279 277 106.0
277 278 105.0
278 277 105.0
278 1302 103.0
1302 278 103.0
278 790 107.0
790 278 107.0
278 406 110.0
406 278 110.0
278 342 102.0
342 278 102.0
278 310 101.0
310 278 101.0
278 286 102.0
286 278 102.0
278 280 108.0
280 278 108.0
279 1303 109.0
1303 279 109.0
279 791 104.0
791 279 104.0
279 407 109.0
407 279 109.0
279 343 106.0
343 279 106.0
279 311 100.0
311 279 100.0
279 287 108.0
287 279 108.0
279 280 105.0
280 279 105.0
280 1304 110.0
1304 280 110.0
280 792 103.0
792 280 103.0
280 408 108.0
408 280 108.0
280 344 101.0
344 280 101.0
280 312 109.0
312 280 109.0
280 288 103.0
288 280 103.0
281 1305 107.0
1305 281 107.0
281 793 101.0
793 281 101.0
281 409 103.0
409 281 103.0
281 345 109.0
345 281 109.0
281 313 100.0
313 281 100.0
281 285 106.0
285 281 106.0
281 283 110.0
283 281 110.0
281 282 109.0
282 281 109.0
282 1306 106.0
1306 282 106.0
282 794 102.0
794 282 102.0
282 410 100.0
410 282 100.0
282 346 106.0
346 282 106.0
282 314 107.0
314 282 107.0
282 286 101.0
286 282 101.0
282 284 100.0
284 282 100.0
283 1307 103.0
1307 283 103.0
283 795 106.0
795 283 106.0
283 411 104.0
411 283 104.0
283 347 102.0
347 283 102.0
283 315 100.0
315 283 100.0
283 287 108.0
287 283 108.0
283 284 100.0
284 283 100.0
284 1308 103.0
1308 284 103.0
284 796 108.0
796 284 108.0
284 412 104.0
412 284 104.0
284 348 103.0
348 284 103.0
284 316 103.0
316 284 103.0
284 288 110.0
288 284 110.0
285 1309 106.0
1309 285 106.0
285 797 107.0
797 285 107.0
285 413 103.0
413 285 103.0
285 349 101.0
349 285 101.0
285 317 105.0
317 285 105.0
285 287 106.0
287 285 106.0
285 286 107.0
286 285 107.0
286 1310 107.0
1310 286 107.0
286 798 108.0
798 286 108.0
286 414 105.0
414 286 105.0
286 350 108.0
350 286 108.0
286 318 101.0
318 286 101.0
286 288 103.0
288 286 103.0
287 1311 100.0
1311 287 100.0
287 799 104.0
799 287 104.0
287 415 108.0
415 287 108.0
287 351 110.0
351 287 110.0
287 319 106.0
319 287 106.0
287 288 106.0
288 287 106.0
288 1312 106.0
1312 288 106.0
288 800 110.0
800 288 110.0
288 416 108.0
416 288 108.0
288 352 101.0
352 288 101.0
288 320 105.0
320 288 105.0
289 1313 104.0
1313 289 104.0
289 801 105.0
801 289 105.0
289 417 105.0
417 289 105.0
289 353 106.0
353 289 106.0
289 305 101.0
305 289 101.0
289 297 107.0
297 289 107.0
289 293 105.0
293 289 105.0
289 291 103.0
291 289 103.0
289 290 106.0
290 289 106.0
290 1314 100.0
1314 290 100.0
290 802 109.0
802 290 109.0
290 418 108.0
418 290 108.0
290 354 105.0
354 290 105.0
290 306 104.0
306 290 104.0
290 298 105.0
298 290 105.0
290 294 101.0
294 290 101.0
290 292 107.0
292 290 107.0
291 1315 100.0
1315 291 100.0
291 803 107.0
803 291 107.0
291 419 101.0
419 291 101.0
291 355 102.0
355 291 102.0
291 307 110.0
307 291 110.0
291 299 108.0
299 291 108.0
291 295 109.0
295 291 109.0
291 292 103.0
292 291 103.0
292 1316 103.0
1316 292 103.0
292 804 107.0
804 292 107.0
292 420 109.0
420 292 109.0
292 356 104.0
356 292 104.0
292 308 104.0
308 292 104.0
292 300 104.0
300 292 104.0
292 296 100.0
296 292 100.0
293 1317 104.0
1317 293 104.0
293 805 107.0
805 293 107.0
293 421 105.0
421 293 105.0
293 357 102.0
357 293 102.0
293 309 108.0
309 293 108.0
293 301 107.0
301 293 107.0
293 295 105.0
295 293 105.0
293 294 104.0
294 293 104.0
294 1318 105.0
1318 294 105.0
294 806 101.0
806 294 101.0
294 422 104.0
422 294 104.0
294 358 108.0
358 294 108.0
294 310 100.0
310 294 100.0
294 302 105.0
302 294 105.0
294 296 101.0
296 294 101.0
295 1319 108.0
1319 295 108.0
295 807 106.0
807 295 106.0
295 423 106.0
423 295 106.0
295 359 105.0
359 295 105.0
295 311 107.0
311 295 107.0
295 303 105.0
303 295 105.0
295 296 107.0
296 295 107.0
296 1320 110.0
1320 296 110.0
296 808 107.0
808 296 107.0
296 424 110.0
424 296 110.0
296 360 104.0
360 296 104.0
296 312 106.0
312 296 106.0
296 304 102.0
304 296 102.0
297 1321 105.0
1321 297 105.0
297 809 103.0
809 297 103.0
297 425 107.0
425 297 107.0
297 361 107.0
361 297 107.0
297 313 109.0
313 297 109.0
297 301 105.0
301 297 105.0
297 299 108.0
299 297 108.0
297 298 101.0
298 297 101.0
298 1322 104.0
1322 298 104.0
298 810 102.0
810 298 102.0
298 426 100.0
426 298 100.0
298 362 105.0
362 298 105.0
298 314 109.0
314 298 109.0
298 302 103.0
302 298 103.0
298 300 105.0
300 298 105.0
299 1323 107.0
1323 299 107.0
299 811 102.0
811 299 102.0
299 427 106.0
427 299 106.0
299 363 103.0
363 299 103.0
299 315 109.0
315 299 109.0
299 303 104.0
303 299 104.0
299 300 100.0
300 299 100.0
300 1324 109.0
1324 300 109.0
300 812 101.0
812 300 101.0
300 428 110.0
428 300 110.0
300 364 109.0
364 300 109.0
300 316 109.0
316 300 109.0
300 304 100.0
304 300 100.0
301 1325 110.0
1325 301 110.0
301 813 103.0
813 301 103.0
301 429 108.0
429 301 108.0
301 365 101.0
365 301 101.0
301 317 109.0
317 301 109.0
301 303 108.0
303 301 108.0
301 302 100.0
302 301 100.0
302 1326 108.0
1326 302 108.0
302 814 106.0
814 302 106.0
302 430 100.0
430 302 100.0
302 366 106.0
366 302 106.0
302 318 106.0
318 302 106.0
302 304 100.0
304 302 100.0
303 1327 103.0
1327 303 103.0
303 815 106.0
815 303 106.0
303 431 103.0
431 303 103.0
303 367 107.0
367 303 107.0
303 319 108.0
319 303 108.0
303 304 108.0
304 303 108.0
304 1328 108.0
1328 304 108.0
304 816 107.0
816 304 107.0
304 432 101.0
432 304 101.0
304 368 108.0
368 304 108.0
304 320 103.0
320 304 103.0
305 1329 100.0
1329 305 100.0
305 817 101.0
817 305 101.0
305 433 106.0
433 305 106.0
305 369 109.0
369 305 109.0
305 313 102.0
313 305 102.0
305 309 106.0
309 305 106.0
305 307 102.0
307 305 102.0
305 306 109.0
306 305 109.0
306 1330 100.0
1330 306 100.0
306 818 104.0
818 306 104.0
306 434 106.0
434 306 106.0
306 370 108.0
370 306 108.0
306 314 104.0
314 306 104.0
306 310 107.0
310 306 107.0
306 308 108.0
308 306 108.0
307 1331 100.0
1331 307 100.0
307 819 110.0
819 307 110.0
307 435 106.0
435 307 106.0
307 371 110.0
371 307 110.0
307 315 103.0
315 307 103.0
307 311 109.0
311 307 109.0
307 308 102.0
308 307 102.0
308 1332 105.0
1332 308 105.0
308 820 101.0
820 308 101.0
308 436 109.0
436 308 109.0
308 372 107.0
372 308 107.0
308 316 100.0
316 308 100.0
308 312 100.0
312 308 100.0
309 1333 108.0
1333 309 108.0
309 821 102.0
821 309 102.0
309 437 100.0
437 309 100.0
309 373 102.0
373 309 102.0
309 317 107.0
317 309 107.0
309 311 102.0
311 309 102.0
309 310 107.0
310 309 107.0
310 1334 103.0
1334 310 103.0
310 822 103.0
822 310 103.0
310 438 103.0
438 310 103.0
310 374 100.0
374 310 100.0
310 318 110.0
318 310 110.0
310 312 102.0
312 310 102.0
311 1335 107.0
1335 311 107.0
311 823 102.0
823 311 102.0
311 439 110.0
439 311 110.0
311 375 100.0
375 311 100.0
311 319 108.0
319 311 108.0
311 312 103.0
312 311 103.0
312 1336 107.0
1336 312 107.0
312 824 104.0
824 312 104.0
312 440 101.0
440 312 101.0
312 376 108.0
376 312 108.0
312 320 102.0
320 312 102.0
313 1337 105.0
1337 313 105.0
313 825 100.0
825 313 100.0
313 441 103.0
441 313 103.0
313 377 105.0
377 313 105.0
313 317 110.0
317 313 110.0
313 315 110.0
315 313 110.0
313 314 106.0
314 313 106.0
314 1338 109.0
1338 314 109.0
314 826 103.0
826 314 103.0
314 442 109.0
442 314 109.0
314 378 100.0
378 314 100.0
314 318 102.0
318 314 102.0
314 316 103.0
316 314 103.0
315 1339 102.0
1339 315 102.0
315 827 105.0
827 315 105.0
315 443 108.0
443 315 108.0
315 379 102.0
379 315 102.0
315 319 105.0
319 315 105.0
315 316 102.0
316 315 102.0
316 1340 102.0
1340 316 102.0
316 828 107.0
828 316 107.0
316 444 109.0
444 316 109.0
316 380 105.0
380 316 105.0
316 320 103.0
320 316 103.0
317 1341 101.0
1341 317 101.0
317 829 103.0
829 317 103.0
317 445 102.0
445 317 102.0
317 381 107.0
381 317 107.0
317 319 100.0
319 317 100.0
317 318 100.0
318 317 100.0
318 1342 103.0
1342 318 103.0
318 830 102.0
830 318 102.0
318 446 103.0
446 318 103.0
318 382 106.0
382 318 106.0
318 320 104.0
320 318 104.0
319 1343 103.0
1343 319 103.0
319 831 109.0
831 319 109.0
319 447 103.0
447 319 103.0
319 383 110.0
383 319 110.0
319 320 103.0
320 319 103.0
320 1344 108.0
1344 320 108.0
320 832 107.0
832 320 107.0
320 448 108.0
448 320 108.0
320 384 110.0
384 320 110.0
321 1345 105.0
1345 321 105.0
321 833 108.0
833 321 108.0
321 449 108.0
449 321 108.0
321 353 103.0
353 321 103.0
321 337 106.0
337 321 106.0
321 329 103.0
329 321 103.0
321 325 101.0
325 321 101.0
321 323 100.0
323 321 100.0
321 322 107.0
322 321 107.0
322 1346 102.0
1346 322 102.0
322 834 104.0
834 322 104.0
322 450 105.0
450 322 105.0
322 354 103.0
354 322 103.0
322 338 105.0
338 322 105.0
322 330 110.0
330 322 110.0
322 326 106.0
326 322 106.0
322 324 100.0
324 322 100.0
323 1347 110.0
1347 323 110.0
323 835 105.0
835 323 105.0
323 451 107.0
451 323 107.0
323 355 106.0
355 323 106.0
323 339 102.0
339 323 102.0
323 331 103.0
331 323 103.0
323 327 101.0
327 323 101.0
323 324 104.0
324 323 104.0
324 1348 110.0
1348 324 110.0
324 836 101.0
836 324 101.0
324 452 104.0
452 324 104.0
324 356 109.0
356 324 109.0
324 340 102.0
340 324 102.0
324 332 108.0
332 324 108.0
324 328 108.0
328 324 108.0
325 1349 109.0
1349 325 109.0
325 837 109.0
837 325 109.0
325 453 103.0
453 325 103.0
325 357 106.0
357 325 106.0
325 341 106.0
341 325 106.0
325 333 100.0
333 325 100.0
325 327 108.0
327 325 108.0
325 326 101.0
326 325 101.0
326 1350 104.0
1350 326 104.0
326 838 108.0
838 326 108.0
326 454 103.0
454 326 103.0
326 358 107.0
358 326 107.0
326 342 105.0
342 326 105.0
326 334 105.0
334 326 105.0
326 328 109.0
328 326 109.0
327 1351 101.0
1351 327 101.0
327 839 104.0
839 327 104.0
327 455 102.0
455 327 102.0
327 359 104.0
359 327 104.0
327 343 105.0
343 327 105.0
327 335 110.0
335 327 110.0
327 328 110.0
328 327 110.0
328 1352 105.0
1352 328 105.0
328 840 101.0
840 328 101.0
328 456 107.0
456 328 107.0
328 360 105.0
360 328 105.0
328 344 109.0
344 328 109.0
328 336 106.0
336 328 106.0
329 1353 104.0
1353 329 104.0
329 841 108.0
841 329 108.0
329 457 110.0
457 329 110.0
329 361 103.0
361 329 103.0
329 345 104.0
345 329 104.0
329 333 110.0
333 329 110.0
329 331 109.0
331 329 109.0
329 330 101.0
330 329 101.0
330 1354 101.0
1354 330 101.0
330 842 101.0
842 330 101.0
330 458 108.0
458 330 108.0
330 362 108.0
362 330 108.0
330 346 108.0
346 330 108.0
330 334 104.0
334 330 104.0
330 332 103.0
332 330 103.0
331 1355 101.0
1355 331 101.0
331 843 102.0
843 331 102.0
331 459 101.0
459 331 101.0
331 363 100.0
363 331 100.0
331 347 101.0
347 331 101.0
331 335 107.0
335 331 107.0
331 332 107.0
332 331 107.0
332 1356 100.0
1356 332 100.0
332 844 106.0
844 332 106.0
332 460 110.0
460 332 110.0
332 364 106.0
364 332 106.0
332 348 106.0
348 332 106.0
332 336 110.0
336 332 110.0
333 1357 106.0
1357 333 106.0
333 845 100.0
845 333 100.0
333 461 102.0
461 333 102.0
333 365 104.0
365 333 104.0
333 349 102.0
349 333 102.0
333 335 102.0
335 333 102.0
333 334 108.0
334 333 108.0
334 1358 110.0
1358 334 110.0
334 846 103.0
846 334 103.0
334 462 101.0
462 334 101.0
334 366 100.0
366 334 100.0
334 350 107.0
350 334 107.0
334 336 106.0
336 334 106.0
335 1359 107.0
1359 335 107.0
335 847 105.0
847 335 105.0
335 463 103.0
463 335 103.0
335 367 110.0
367 335 110.0
335 351 109.0
351 335 109.0
335 336 100.0
336 335 100.0
336 1360 101.0
1360 336 101.0
336 848 109.0
848 336 109.0
336 464 105.0
464 336 105.0
336 368 110.0
368 336 110.0
336 352 101.0
352 336 101.0
337 1361 106.0
1361 337 106.0
337 849 101.0
849 337 101.0
337 465 104.0
465 337 104.0
337 369 101.0
369 337 101.0
337 345 104.0
345 337 104.0
337 341 101.0
341 337 101.0
337 339 107.0
339 337 107.0
337 338 104.0
338 337 104.0
338 1362 107.0
1362 338 107.0
338 850 102.0
850 338 102.0
338 466 105.0
466 338 105.0
338 370 106.0
370 338 106.0
338 346 108.0
346 338 108.0
338 342 102.0
342 338 102.0
338 340 102.0
340 338 102.0
339 1363 101.0
1363 339 101.0
339 851 106.0
851 339 106.0
339 467 106.0
467 339 106.0
339 371 105.0
371 339 105.0
339 347 101.0
347 339 101.0
339 343 100.0
343 339 100.0
339 340 103.0
340 339 103.0
340 1364 108.0
1364 340 108.0
340 852 110.0
852 340 110.0
340 468 104.0
468 340 104.0
340 372 110.0
372 340 110.0
340 348 102.0
348 340 102.0
340 344 102.0
344 340 102.0
341 1365 104.0
1365 341 104.0
341 853 108.0
853 341 108.0
341 469 101.0
469 341 101.0
341 373 106.0
373 341 106.0
341 349 106.0
349 341 106.0
341 343 108.0
343 341 108.0
341 342 107.0
342 341 107.0
342 1366 105.0
1366 342 105.0
342 854 109.0
854 342 109.0
342 470 107.0
470 342 107.0
342 374 106.0
374 342 106.0
342 350 104.0
350 342 104.0
342 344 108.0
344 342 108.0
343 1367 102.0
1367 343 102.0
343 855 101.0
855 343 101.0
343 471 106.0
471 343 106.0
343 375 106.0
375 343 106.0
343 351 107.0
351 343 107.0
343 344 106.0
344 343 106.0
344 1368 102.0
1368 344 102.0
344 856 108.0
856 344 108.0
344 472 101.0
472 344 101.0
344 376 104.0
376 344 104.0
344 352 100.0
352 344 100.0
345 1369 101.0
1369 345 101.0
345 857 100.0
857 345 100.0
345 473 101.0
473 345 101.0
345 377 108.0
377 345 108.0
345 349 103.0
349 345 103.0
345 347 103.0
347 345 103.0
345 346 109.0
346 345 109.0
346 1370 102.0
1370 346 102.0
346 858 101.0
858 346 101.0
346 474 105.0
474 346 105.0
346 378 102.0
378 346 102.0
346 350 103.0
350 346 103.0
346 348 103.0
348 346 103.0
347 1371 101.0
1371 347 101.0
347 859 105.0
859 347 105.0
347 475 101.0
475 347 101.0
347 379 110.0
379 347 110.0
347 351 109.0
351 347 109.0
347 348 109.0
348 347 109.0
348 1372 107.0
1372 348 107.0
348 860 103.0
860 348 103.0
348 476 102.0
476 348 102.0
348 380 107.0
380 348 107.0
348 352 101.0
352 348 101.0
349 1373 102.0
1373 349 102.0
349 861 107.0
861 349 107.0
349 477 101.0
477 349 101.0
349 381 100.0
381 349 100.0
349 351 100.0
351 349 100.0
349 350 101.0
350 349 101.0
350 1374 102.0
1374 350 102.0
350 862 102.0
862 350 102.0
350 478 109.0
478 350 109.0
350 382 109.0
382 350 109.0
350 352 103.0
352 350 103.0
351 1375 104.0
1375 351 104.0
351 863 105.0
863 351 105.0
351 479 102.0
479 351 102.0
351 383 107.0
383 351 107.0
351 352 107.0
352 351 107.0
352 1376 100.0
1376 352 100.0
352 864 108.0
864 352 108.0
352 480 102.0
480 352 102.0
352 384 100.0
384 352 100.0
353 1377 109.0
1377 353 109.0
353 865 102.0
865 353 102.0
353 481 107.0
481 353 107.0
353 369 102.0
369 353 102.0
353 361 100.0
361 353 100.0
353 357 109.0
357 353 109.0
353 355 107.0
355 353 107.0
353 354 100.0
354 353 100.0
354 1378 106.0
1378 354 106.0
354 866 110.0
866 354 110.0
354 482 110.0
482 354 110.0
354 370 109.0
370 354 109.0
354 362 103.0
362 354 103.0
354 358 103.0
358 354 103.0
354 356 105.0
356 354 105.0
355 1379 101.0
1379 355 101.0
355 867 110.0
867 355 110.0
355 483 101.0
483 355 101.0
355 371 107.0
371 355 107.0
355 363 110.0
363 355 110.0
355 359 101.0
359 355 101.0
355 356 107.0
356 355 107.0
356 1380 107.0
1380 356 107.0
356 868 110.0
868 356 110.0
356 484 100.0
484 356 100.0
356 372 108.0
372 356 108.0
356 364 102.0
364 356 102.0
356 360 104.0
360 356 104.0
357 1381 105.0
1381 357 105.0
357 869 101.0
869 357 101.0
357 485 105.0
485 357 105.0
357 373 103.0
373 357 103.0
357 365 104.0
365 357 104.0
357 359 104.0
359 357 104.0
357 358 106.0
358 357 106.0
358 1382 107.0
1382 358 107.0
358 870 110.0
870 358 110.0
358 486 108.0
486 358 108.0
358 374 100.0
374 358 100.0
358 366 109.0
366 358 109.0
358 360 105.0
360 358 105.0
359 1383 104.0
1383 359 104.0
359 871 104.0
871 359 104.0
359 487 107.0
487 359 107.0
359 375 105.0
375 359 105.0
359 367 106.0
367 359 106.0
359 360 104.0
360 359 104.0
360 1384 105.0
1384 360 105.0
360 872 110.0
872 360 110.0
360 488 108.0
488 360 108.0
360 376 108.0
376 360 108.0
360 368 102.0
368 360 102.0
361 1385 108.0
1385 361 108.0
361 873 100.0
873 361 100.0
361 489 107.0
489 361 107.0
361 377 106.0
377 361 106.0
361 365 109.0
365 361 109.0
361 363 103.0
363 361 103.0
361 362 100.0
362 361 100.0
362 1386 101.0
1386 362 101.0
362 874 105.0
874 362 105.0
362 490 107.0
490 362 107.0
362 378 100.0
378 362 100.0
362 366 108.0
366 362 108.0
362 364 106.0
364 362 106.0
363 1387 100.0
1387 363 100.0
363 875 106.0
875 363 106.0
363 491 107.0
491 363 107.0
363 379 105.0
379 363 105.0
363 367 110.0
367 363 110.0
363 364 108.0
364 363 108.0
364 1388 106.0
1388 364 106.0
364 876 108.0
876 364 108.0
364 492 100.0
492 364 100.0
364 380 103.0
380 364 103.0
364 368 105.0
368 364 105.0
365 1389 110.0
1389 365 110.0
365 877 104.0
877 365 104.0
365 493 101.0
493 365 101.0
365 381 102.0
381 365 102.0
365 367 104.0
367 365 104.0
365 366 109.0
366 365 109.0
366 1390 106.0
1390 366 106.0
366 878 102.0
878 366 102.0
366 494 106.0
494 366 106.0
366 382 108.0
382 366 108.0
366 368 100.0
368 366 100.0
367 1391 105.0
1391 367 105.0
367 879 108.0
879 367 108.0
367 495 104.0
495 367 104.0
367 383 104.0
383 367 104.0
367 368 103.0
368 367 103.0
368 1392 103.0
1392 368 103.0
368 880 110.0
880 368 110.0
368 496 103.0
496 368 103.0
368 384 105.0
384 368 105.0
369 1393 106.0
1393 369 106.0
369 881 101.0
881 369 101.0
369 497 102.0
497 369 102.0
369 377 110.0
377 369 110.0
369 373 110.0
373 369 110.0
369 371 105.0
371 369 105.0
369 370 109.0
370 369 109.0
370 1394 105.0
1394 370 105.0
370 882 100.0
882 370 100.0
370 498 103.0
498 370 103.0
370 378 110.0
378 370 110.0
370 374 109.0
374 370 109.0
370 372 100.0
372 370 100.0
371 1395 100.0
1395 371 100.0
371 883 100.0
883 371 100.0
371 499 109.0
499 371 109.0
371 379 101.0
379 371 101.0
371 375 105.0
375 371 105.0
371 372 110.0
372 371 110.0
372 1396 103.0
1396 372 103.0
372 884 103.0
884 372 103.0
372 500 104.0
500 372 104.0
372 380 101.0
380 372 101.0
372 376 110.0
376 372 110.0
373 1397 104.0
1397 373 104.0
373 885 107.0
885 373 107.0
373 501 104.0
501 373 104.0
373 381 106.0
381 373 106.0
373 375 110.0
375 373 110.0
373 374 105.0
374 373 105.0
374 1398 105.0
1398 374 105.0
374 886 104.0
886 374 104.0
374 502 107.0
502 374 107.0
374 382 105.0
382 374 105.0
374 376 104.0
376 374 104.0
375 1399 100.0
1399 375 100.0
375 887 108.0
887 375 108.0
375 503 101.0
503 375 101.0
375 383 110.0
383 375 110.0
375 376 106.0
376 375 106.0
376 1400 107.0
1400 376 107.0
376 888 107.0
888 376 107.0
376 504 101.0
504 376 101.0
376 384 108.0
384 376 108.0
377 1401 100.0
1401 377 100.0
377 889 106.0
889 377 106.0
377 505 105.0
505 377 105.0
377 381 101.0
381 377 101.0
377 379 104.0
379 377 104.0
377 378 108.0
378 377 108.0
378 1402 107.0
1402 378 107.0
378 890 107.0
890 378 107.0
378 506 101.0
506 378 101.0
378 382 108.0
382 378 108.0
378 380 106.0
380 378 106.0
379 1403 110.0
1403 379 110.0
379 891 102.0
891 379 102.0
379 507 100.0
507 379 100.0
379 383 106.0
383 379 106.0
379 380 103.0
380 379 103.0
380 1404 110.0
1404 380 110.0
380 892 101.0
892 380 101.0
380 508 108.0
508 380 108.0
380 384 102.0
384 380 102.0
381 1405 109.0
1405 381 109.0
381 893 106.0
893 381 106.0
381 509 100.0
509 381 100.0
381 383 105.0
383 381 105.0
381 382 110.0
382 381 110.0
382 1406 107.0
1406 382 107.0
382 894 101.0
894 382 101.0
382 510 108.0
510 382 108.0
382 384 105.0
384 382 105.0
383 1407 100.0
1407 383 100.0
383 895 102.0
895 383 102.0
383 511 100.0
511 383 100.0
383 384 104.0
384 383 104.0
384 1408 100.0
1408 384 100.0
384 896 101.0
896 384 101.0
384 512 110.0
512 384 110.0
385 1409 104.0
1409 385 104.0
385 897 106.0
897 385 106.0
385 449 110.0
449 385 110.0
385 417 103.0
417 385 103.0
385 401 100.0
401 385 100.0
385 393 108.0
393 385 108.0
385 389 106.0
389 385 106.0
385 387 102.0
387 385 102.0
385 386 104.0
386 385 104.0
386 1410 102.0
1410 386 102.0
386 898 105.0
898 386 105.0
386 450 102.0
450 386 102.0
386 418 104.0
418 386 104.0
386 402 107.0
402 386 107.0
386 394 110.0
394 386 110.0
386 390 106.0
390 386 106.0
386 388 102.0
388 386 102.0
387 1411 104.0
1411 387 104.0
387 899 107.0
899 387 107.0
387 451 102.0
451 387 102.0
387 419 102.0
419 387 102.0
387 403 110.0
403 387 110.0
387 395 100.0
395 387 100.0
387 391 103.0
391 387 103.0
387 388 105.0
388 387 105.0
388 1412 101.0
1412 388 101.0
388 900 107.0
900 388 107.0
388 452 102.0
452 388 102.0
388 420 103.0
420 388 103.0
388 404 101.0
404 388 101.0
388 396 106.0
396 388 106.0
388 392 107.0
392 388 107.0
389 1413 107.0
1413 389 107.0
389 901 107.0
901 389 107.0
389 453 108.0
453 389 108.0
389 421 102.0
421 389 102.0
389 405 104.0
405 389 104.0
389 397 110.0
397 389 110.0
389 391 101.0
391 389 101.0
389 390 102.0
390 389 102.0
390 1414 101.0
1414 390 101.0
390 902 101.0
902 390 101.0
390 454 109.0
454 390 109.0
390 422 100.0
422 390 100.0
390 406 103.0
406 390 103.0
390 398 106.0
398 390 106.0
390 392 106.0
392 390 106.0
391 1415 103.0
1415 391 103.0
391 903 110.0
903 391 110.0
391 455 103.0
455 391 103.0
391 423 105.0
423 391 105.0
391 407 101.0
407 391 101.0
391 399 102.0
399 391 102.0
391 392 105.0
392 391 105.0
392 1416 106.0
1416 392 106.0
392 904 109.0
904 392 109.0
392 456 103.0
456 392 103.0
392 424 110.0
424 392 110.0
392 408 100.0
408 392 100.0
392 400 109.0
400 392 109.0
393 1417 102.0
1417 393 102.0
393 905 109.0
905 393 109.0
393 457 102.0
457 393 102.0
393 425 110.0
425 393 110.0
393 409 102.0
409 393 102.0
393 397 109.0
397 393 109.0
393 395 101.0
395 393 101.0
393 394 104.0
394 393 104.0
394 1418 105.0
1418 394 105.0
394 906 100.0
906 394 100.0
394 458 104.0
458 394 104.0
394 426 103.0
426 394 103.0
394 410 103.0
410 394 103.0
394 398 106.0
398 394 106.0
394 396 109.0
396 394 109.0
395 1419 110.0
1419 395 110.0
395 907 110.0
907 395 110.0
395 459 109.0
459 395 109.0
395 427 101.0
427 395 101.0
395 411 110.0
411 395 110.0
395 399 105.0
399 395 105.0
395 396 109.0
396 395 109.0
396 1420 101.0
1420 396 101.0
396 908 101.0
908 396 101.0
396 460 107.0
460 396 107.0
396 428 101.0
428 396 101.0
396 412 107.0
412 396 107.0
396 400 106.0
400 396 106.0
397 1421 109.0
1421 397 109.0
397 909 109.0
909 397 109.0
397 461 102.0
461 397 102.0
397 429 106.0
429 397 106.0
397 413 100.0
413 397 100.0
397 399 105.0
399 397 105.0
397 398 110.0
398 397 110.0
398 1422 104.0
1422 398 104.0
398 910 110.0
910 398 110.0
398 462 106.0
462 398 106.0
398 430 110.0
430 398 110.0
398 414 103.0
414 398 103.0
398 400 108.0
400 398 108.0
399 1423 106.0
1423 399 106.0
399 911 105.0
911 399 105.0
399 463 102.0
463 399 102.0
399 431 101.0
431 399 101.0
399 415 108.0
415 399 108.0
399 400 106.0
400 399 106.0
400 1424 106.0
1424 400 106.0
400 912 103.0
912 400 103.0
400 464 100.0
464 400 100.0
400 432 105.0
432 400 105.0
400 416 108.0
416 400 108.0
401 1425 110.0
1425 401 110.0
401 913 105.0
913 401 105.0
401 465 109.0
465 401 109.0
401 433 108.0
433 401 108.0
401 409 101.0
409 401 101.0
401 405 100.0
405 401 100.0
401 403 104.0
403 401 104.0
401 402 109.0
402 401 109.0
402 1426 103.0
1426 402 103.0
402 914 108.0
914 402 108.0
402 466 107.0
466 402 107.0
402 434 103.0
434 402 103.0
402 410 103.0
410 402 103.0
402 406 102.0
406 402 102.0
402 404 101.0
404 402 101.0
403 1427 108.0
1427 403 108.0
403 915 103.0
915 403 103.0
403 467 101.0
467 403 101.0
403 435 109.0
435 403 109.0
403 411 102.0
411 403 102.0
403 407 105.0
407 403 105.0
403 404 102.0
404 403 102.0
404 1428 105.0
1428 404 105.0
404 916 102.0
916 404 102.0
404 468 102.0
468 404 102.0
404 436 100.0
436 404 100.0
404 412 105.0
412 404 105.0
404 408 110.0
408 404 110.0
405 1429 105.0
1429 405 105.0
405 917 105.0
917 405 105.0
405 469 103.0
469 405 103.0
405 437 104.0
437 405 104.0
405 413 103.0
413 405 103.0
405 407 103.0
407 405 103.0
405 406 106.0
406 405 106.0
406 1430 104.0
1430 406 104.0
406 918 110.0
918 406 110.0
406 470 105.0
470 406 105.0
406 438 109.0
438 406 109.0
406 414 110.0
414 406 110.0
406 408 109.0
408 406 109.0
407 1431 104.0
1431 407 104.0
407 919 100.0
919 407 100.0
407 471 102.0
471 407 102.0
407 439 107.0
439 407 107.0
407 415 101.0
415 407 101.0
407 408 110.0
408 407 110.0
408 1432 109.0
1432 408 109.0
408 920 106.0
920 408 106.0
408 472 110.0
472 408 110.0
408 440 108.0
440 408 108.0
408 416 110.0
416 408 110.0
409 1433 110.0
1433 409 110.0
409 921 100.0
921 409 100.0
409 473 104.0
473 409 104.0
409 441 101.0
441 409 101.0
409 413 103.0
413 409 103.0
409 411 103.0
411 409 103.0
409 410 103.0
410 409 103.0
410 1434 105.0
1434 410 105.0
410 922 102.0
922 410 102.0
410 474 100.0
474 410 100.0
410 442 101.0
442 410 101.0
410 414 100.0
414 410 100.0
410 412 101.0
412 410 101.0
411 1435 106.0
1435 411 106.0
411 923 102.0
923 411 102.0
411 475 101.0
475 411 101.0
411 443 101.0
443 411 101.0
411 415 106.0
415 411 106.0
411 412 106.0
412 411 106.0
412 1436 104.0
1436 412 104.0
412 924 106.0
924 412 106.0
412 476 104.0
476 412 104.0
412 444 107.0
444 412 107.0
412 416 108.0
416 412 108.0
413 1437 103.0
1437 413 103.0
413 925 101.0
925 413 101.0
413 477 109.0
477 413 109.0
413 445 101.0
445 413 101.0
413 415 106.0
415 413 106.0
413 414 110.0
414 413 110.0
414 1438 106.0
1438 414 106.0
414 926 101.0
926 414 101.0
414 478 106.0
478 414 106.0
414 446 101.0
446 414 101.0
414 416 110.0
416 414 110.0
415 1439 109.0
1439 415 109.0
415 927 100.0
927 415 100.0
415 479 106.0
479 415 106.0
415 447 107.0
447 415 107.0
415 416 100.0
416 415 100.0
416 1440 106.0
1440 416 106.0
416 928 102.0
928 416 102.0
416 480 108.0
480 416 108.0
416 448 101.0
448 416 101.0
417 1441 103.0
1441 417 103.0
417 929 100.0
929 417 100.0
417 481 101.0
481 417 101.0
417 433 105.0
433 417 105.0
417 425 108.0
425 417 108.0
417 421 107.0
421 417 107.0
417 419 105.0
419 417 105.0
417 418 101.0
418 417 101.0
418 1442 105.0
1442 418 105.0
418 930 109.0
930 418 109.0
418 482 104.0
482 418 104.0
418 434 102.0
434 418 102.0
418 426 105.0
426 418 105.0
418 422 102.0
422 418 102.0
418 420 108.0
420 418 108.0
419 1443 102.0
1443 419 102.0
419 931 103.0
931 419 103.0
419 483 107.0
483 419 107.0
419 435 102.0
435 419 102.0
419 427 102.0
427 419 102.0
419 423 103.0
423 419 103.0
419 420 101.0
420 419 101.0
420 1444 104.0
1444 420 104.0
420 932 100.0
932 420 100.0
420 484 109.0
484 420 109.0
420 436 109.0
436 420 109.0
420 428 102.0
428 420 102.0
420 424 107.0
424 420 107.0
421 1445 105.0
1445 421 105.0
421 933 102.0
933 421 102.0
421 485 105.0
485 421 105.0
421 437 110.0
437 421 110.0
421 429 101.0
429 421 101.0
421 423 103.0
423 421 103.0
421 422 106.0
422 421 106.0
422 1446 102.0
1446 422 102.0
422 934 101.0
934 422 101.0
422 486 109.0
486 422 109.0
422 438 109.0
438 422 109.0
422 430 106.0
430 422 106.0
422 424 100.0
424 422 100.0
423 1447 109.0
1447 423 109.0
423 935 102.0
935 423 102.0
423 487 100.0
487 423 100.0
423 439 109.0
439 423 109.0
423 431 109.0
431 423 109.0
423 424 107.0
424 423 107.0
424 1448 107.0
1448 424 107.0
424 936 100.0
936 424 100.0
424 488 109.0
488 424 109.0
424 440 102.0
440 424 102.0
424 432 101.0
432 424 101.0
425 1449 102.0
1449 425 102.0
425 937 109.0
937 425 109.0
425 489 104.0
489 425 104.0
425 441 105.0
441 425 105.0
425 429 106.0
429 425 106.0
425 427 105.0
427 425 105.0
425 426 108.0
426 425 108.0
426 1450 100.0
1450 426 100.0
426 938 102.0
938 426 102.0
426 490 101.0
490 426 101.0
426 442 109.0
442 426 109.0
426 430 106.0
430 426 106.0
426 428 109.0
428 426 109.0
427 1451 110.0
1451 427 110.0
427 939 105.0
939 427 105.0
427 491 107.0
491 427 107.0
427 443 106.0
443 427 106.0
427 431 107.0
431 427 107.0
427 428 100.0
428 427 100.0
428 1452 102.0
1452 428 102.0
428 940 101.0
940 428 101.0
428 492 104.0
492 428 104.0
428 444 110.0
444 428 110.0
428 432 102.0
432 428 102.0
429 1453 101.0
1453 429 101.0
429 941 104.0
941 429 104.0
429 493 102.0
493 429 102.0
429 445 101.0
445 429 101.0
429 431 103.0
431 429 103.0
429 430 104.0
430 429 104.0
430 1454 107.0
1454 430 107.0
430 942 105.0
942 430 105.0
430 494 103.0
494 430 103.0
430 446 106.0
446 430 106.0
430 432 104.0
432 430 104.0
431 1455 108.0
1455 431 108.0
431 943 105.0
943 431 105.0
431 495 104.0
495 431 104.0
431 447 107.0
447 431 107.0
431 432 106.0
432 431 106.0
432 1456 100.0
1456 432 100.0
432 944 104.0
944 432 104.0
432 496 105.0
496 432 105.0
432 448 106.0
448 432 106.0
433 1457 106.0
1457 433 106.0
433 945 105.0
945 433 105.0
433 497 110.0
497 433 110.0
433 441 102.0
441 433 102.0
433 437 101.0
437 433 101.0
433 435 105.0
435 433 105.0
433 434 104.0
434 433 104.0
434 1458 110.0
1458 434 110.0
434 946 110.0
946 434 110.0
434 498 104.0
498 434 104.0
434 442 108.0
442 434 108.0
434 438 107.0
438 434 107.0
434 436 105.0
436 434 105.0
435 1459 102.0
1459 435 102.0
435 947 103.0
947 435 103.0
435 499 108.0
499 435 108.0
435 443 110.0
443 435 110.0
435 439 102.0
439 435 102.0
435 436 100.0
436 435 100.0
436 1460 101.0
1460 436 101.0
436 948 103.0
948 436 103.0
436 500 108.0
500 436 108.0
436 444 103.0
444 436 103.0
436 440 105.0
440 436 105.0
437 1461 110.0
1461 437 110.0
437 949 108.0
949 437 108.0
437 501 104.0
501 437 104.0
437 445 100.0
445 437 100.0
437 439 107.0
439 437 107.0
437 438 107.0
438 437 107.0
438 1462 101.0
1462 438 101.0
438 950 101.0
950 438 101.0
438 502 102.0
502 438 102.0
438 446 108.0
446 438 108.0
438 440 105.0
440 438 105.0
439 1463 104.0
1463 439 104.0
439 951 105.0
951 439 105.0
439 503 101.0
503 439 101.0
439 447 107.0
447 439 107.0
439 440 106.0
440 439 106.0
440 1464 101.0
1464 440 101.0
440 952 109.0
952 440 109.0
440 504 110.0
504 440 110.0
440 448 106.0
448 440 106.0
441 1465 107.0
1465 441 107.0
441 953 102.0
953 441 102.0
441 505 100.0
505 441 100.0
441 445 105.0
445 441 105.0
441 443 104.0
443 441 104.0
441 442 107.0
442 441 107.0
442 1466 109.0
1466 442 109.0
442 954 104.0
954 442 104.0
442 506 102.0
506 442 102.0
442 446 109.0
446 442 109.0
442 444 102.0
444 442 102.0
443 1467 101.0
1467 443 101.0
443 955 108.0
955 443 108.0
443 507 110.0
507 443 110.0
443 447 108.0
447 443 108.0
443 444 106.0
444 443 106.0
444 1468 106.0
1468 444 106.0
444 956 105.0
956 444 105.0
444 508 100.0
508 444 100.0
444 448 105.0
448 444 105.0
445 1469 108.0
1469 445 108.0
445 957 106.0
957 445 106.0
445 509 110.0
509 445 110.0
445 447 101.0
447 445 101.0
445 446 100.0
446 445 100.0
446 1470 107.0
1470 446 107.0
446 958 105.0
958 446 105.0
446 510 104.0
510 446 104.0
446 448 100.0
448 446 100.0
447 1471 100.0
1471 447 100.0
447 959 100.0
959 447 100.0
447 511 100.0
511 447 100.0
447 448 101.0
448 447 101.0
448 1472 110.0
1472 448 110.0
448 960 104.0
960 448 104.0
448 512 102.0
512 448 102.0
449 1473 100.0
1473 449 100.0
449 961 103.0
961 449 103.0
449 481 104.0
481 449 104.0
449 465 109.0
465 449 109.0
449 457 110.0
457 449 110.0
449 453 103.0
453 449 103.0
449 451 105.0
451 449 105.0
449 450 103.0
450 449 103.0
450 1474 109.0
1474 450 109.0
450 962 107.0
962 450 107.0
450 482 105.0
482 450 105.0
450 466 104.0
466 450 104.0
450 458 102.0
458 450 102.0
450 454 101.0
454 450 101.0
450 452 110.0
452 450 110.0
451 1475 100.0
1475 451 100.0
451 963 102.0
963 451 102.0
451 483 106.0
483 451 106.0
451 467 102.0
467 451 102.0
451 459 106.0
459 451 106.0
451 455 102.0
455 451 102.0
451 452 104.0
452 451 104.0
452 1476 102.0
1476 452 102.0
452 964 106.0
964 452 106.0
452 484 108.0
484 452 108.0
452 468 107.0
468 452 107.0
452 460 100.0
460 452 100.0
452 456 102.0
456 452 102.0
453 1477 105.0
1477 453 105.0
453 965 109.0
965 453 109.0
453 485 105.0
485 453 105.0
453 469 107.0
469 453 107.0
453 461 110.0
461 453 110.0
453 455 108.0
455 453 108.0
453 454 109.0
454 453 109.0
454 1478 103.0
1478 454 103.0
454 966 106.0
966 454 106.0
454 486 110.0
486 454 110.0
454 470 110.0
470 454 110.0
454 462 106.0
462 454 106.0
454 456 107.0
456 454 107.0
455 1479 100.0
1479 455 100.0
455 967 105.0
967 455 105.0
455 487 106.0
487 455 106.0
455 471 108.0
471 455 108.0
455 463 103.0
463 455 103.0
455 456 104.0
456 455 104.0
456 1480 105.0
1480 456 105.0
456 968 104.0
968 456 104.0
456 488 103.0
488 456 103.0
456 472 110.0
472 456 110.0
456 464 100.0
464 456 100.0
457 1481 103.0
1481 457 103.0
457 969 108.0
969 457 108.0
457 489 110.0
489 457 110.0
457 473 104.0
473 457 104.0
457 461 101.0
461 457 101.0
457 459 100.0
459 457 100.0
457 458 109.0
458 457 109.0
458 1482 104.0
1482 458 104.0
458 970 105.0
970 458 105.0
458 490 104.0
490 458 104.0
458 474 103.0
474 458 103.0
458 462 107.0
462 458 107.0
458 460 100.0
460 458 100.0
459 1483 106.0
1483 459 106.0
459 971 103.0
971 459 103.0
459 491 104.0
491 459 104.0
459 475 108.0
475 459 108.0
459 463 105.0
463 459 105.0
459 460 105.0
460 459 105.0
460 1484 103.0
1484 460 103.0
460 972 106.0
972 460 106.0
460 492 109.0
492 460 109.0
460 476 104.0
476 460 104.0
460 464 103.0
464 460 103.0
461 1485 101.0
1485 461 101.0
461 973 109.0
973 461 109.0
461 493 110.0
493 461 110.0
461 477 101.0
477 461 101.0
461 463 103.0
463 461 103.0
461 462 100.0
462 461 100.0
462 1486 106.0
1486 462 106.0
462 974 109.0
974 462 109.0
462 494 106.0
494 462 106.0
462 478 101.0
478 462 101.0
462 464 108.0
464 462 108.0
463 1487 110.0
1487 463 110.0
463 975 110.0
975 463 110.0
463 495 108.0
495 463 108.0
463 479 102.0
479 463 102.0
463 464 109.0
464 463 109.0
464 1488 101.0
1488 464 101.0
464 976 110.0
976 464 110.0
464 496 107.0
496 464 107.0
464 480 103.0
480 464 103.0
465 1489 108.0
1489 465 108.0
465 977 102.0
977 465 102.0
465 497 106.0
497 465 106.0
465 473 106.0
473 465 106.0
465 469 103.0
469 465 103.0
465 467 100.0
467 465 100.0
465 466 106.0
466 465 106.0
466 1490 102.0
1490 466 102.0
466 978 104.0
978 466 104.0
466 498 110.0
498 466 110.0
466 474 101.0
474 466 101.0
466 470 105.0
470 466 105.0
466 468 101.0
468 466 101.0
467 1491 103.0
1491 467 103.0
467 979 106.0
979 467 106.0
467 499 108.0
499 467 108.0
467 475 104.0
475 467 104.0
467 471 107.0
471 467 107.0
467 468 101.0
468 467 101.0
468 1492 104.0
1492 468 104.0
468 980 110.0
980 468 110.0
468 500 106.0
500 468 106.0
468 476 110.0
476 468 110.0
468 472 107.0
472 468 107.0
469 1493 107.0
1493 469 107.0
469 981 107.0
981 469 107.0
469 501 100.0
501 469 100.0
469 477 108.0
477 469 108.0
469 471 102.0
471 469 102.0
469 470 109.0
470 469 109.0
470 1494 101.0
1494 470 101.0
470 982 108.0
982 470 108.0
470 502 101.0
502 470 101.0
470 478 105.0
478 470 105.0
470 472 108.0
472 470 108.0
471 1495 105.0
1495 471 105.0
471 983 100.0
983 471 100.0
471 503 105.0
503 471 105.0
471 479 106.0
479 471 106.0
471 472 100.0
472 471 100.0
472 1496 103.0
1496 472 103.0
472 984 104.0
984 472 104.0
472 504 102.0
504 472 102.0
472 480 110.0
480 472 110.0
473 1497 110.0
1497 473 110.0
473 985 108.0
985 473 108.0
473 505 104.0
505 473 104.0
473 477 105.0
477 473 105.0
473 475 100.0
475 473 100.0
473 474 100.0
474 473 100.0
474 1498 106.0
1498 474 106.0
474 986 110.0
986 474 110.0
474 506 100.0
506 474 100.0
474 478 107.0
478 474 107.0
474 476 104.0
476 474 104.0
475 1499 105.0
1499 475 105.0
475 987 104.0
987 475 104.0
475 507 100.0
507 475 100.0
475 479 102.0
479 475 102.0
475 476 104.0
476 475 104.0
476 1500 102.0
1500 476 102.0
476 988 104.0
988 476 104.0
476 508 109.0
508 476 109.0
476 480 101.0
480 476 101.0
477 1501 105.0
1501 477 105.0
477 989 101.0
989 477 101.0
477 509 100.0
509 477 100.0
477 479 110.0
479 477 110.0
477 478 102.0
478 477 102.0
478 1502 104.0
1502 478 104.0
478 990 102.0
990 478 102.0
478 510 106.0
510 478 106.0
478 480 110.0
480 478 110.0
479 1503 102.0
1503 479 102.0
479 991 106.0
991 479 106.0
479 511 104.0
511 479 104.0
479 480 101.0
480 479 101.0
480 1504 104.0
1504 480 104.0
480 992 100.0
992 480 100.0
480 512 108.0
512 480 108.0
481 1505 103.0
1505 481 103.0
481 993 101.0
993 481 101.0
481 497 105.0
497 481 105.0
481 489 107.0
489 481 107.0
481 485 110.0
485 481 110.0
481 483 102.0
483 481 102.0
481 482 107.0
482 481 107.0
482 1506 101.0
1506 482 101.0
482 994 109.0
994 482 109.0
482 498 108.0
498 482 108.0
482 490 109.0
490 482 109.0
482 486 102.0
486 482 102.0
482 484 100.0
484 482 100.0
483 1507 106.0
1507 483 106.0
483 995 105.0
995 483 105.0
483 499 102.0
499 483 102.0
483 491 105.0
491 483 105.0
483 487 104.0
487 483 104.0
483 484 109.0
484 483 109.0
484 1508 100.0
1508 484 100.0
484 996 104.0
996 484 104.0
484 500 110.0
500 484 110.0
484 492 105.0
492 484 105.0
484 488 106.0
488 484 106.0
485 1509 100.0
1509 485 100.0
485 997 110.0
997 485 110.0
485 501 100.0
501 485 100.0
485 493 103.0
493 485 103.0
485 487 105.0
487 485 105.0
485 486 109.0
486 485 109.0
486 1510 104.0
1510 486 104.0
486 998 110.0
998 486 110.0
486 502 105.0
502 486 105.0
486 494 109.0
494 486 109.0
486 488 100.0
488 486 100.0
487 1511 109.0
1511 487 109.0
487 999 109.0
999 487 109.0
487 503 100.0
503 487 100.0
487 495 101.0
495 487 101.0
487 488 103.0
488 487 103.0
488 1512 100.0
1512 488 100.0
488 1000 106.0
1000 488 106.0
488 504 107.0
504 488 107.0
488 496 108.0
496 488 108.0
489 1513 107.0
1513 489 107.0
489 1001 102.0
1001 489 102.0
489 505 106.0
505 489 106.0
489 493 105.0
493 489 105.0
489 491 100.0
491 489 100.0
489 490 101.0
490 489 101.0
490 1514 108.0
1514 490 108.0
490 1002 105.0
1002 490 105.0
490 506 109.0
506 490 109.0
490 494 103.0
494 490 103.0
490 492 109.0
492 490 109.0
491 1515 110.0
1515 491 110.0
491 1003 101.0
1003 491 101.0
491 507 106.0
507 491 106.0
491 495 101.0
495 491 101.0
491 492 107.0
492 491 107.0
492 1516 104.0
1516 492 104.0
492 1004 108.0
1004 492 108.0
492 508 109.0
508 492 109.0
492 496 108.0
496 492 108.0
493 1517 107.0
1517 493 107.0
493 1005 104.0
1005 493 104.0
493 509 109.0
509 493 109.0
493 495 108.0
495 493 108.0
493 494 109.0
494 493 109.0
494 1518 105.0
1518 494 105.0
494 1006 104.0
1006 494 104.0
494 510 106.0
510 494 106.0
494 496 104.0
496 494 104.0
495 1519 108.0
1519 495 108.0
495 1007 108.0
1007 495 108.0
495 511 102.0
511 495 102.0
495 496 110.0
496 495 110.0
496 1520 108.0
1520 496 108.0
496 1008 107.0
1008 496 107.0
496 512 104.0
512 496 104.0
497 1521 104.0
1521 497 104.0
497 1009 109.0
1009 497 109.0
497 505 100.0
505 497 100.0
497 501 101.0
501 497 101.0
497 499 109.0
499 497 109.0
497 498 107.0
498 497 107.0
498 1522 104.0
1522 498 104.0
498 1010 103.0
1010 498 103.0
498 506 109.0
506 498 109.0
498 502 102.0
502 498 102.0
498 500 107.0
500 498 107.0
499 1523 107.0
1523 499 107.0
499 1011 104.0
1011 499 104.0
499 507 100.0
507 499 100.0
499 503 106.0
503 499 106.0
499 500 105.0
500 499 105.0
500 1524 103.0
1524 500 103.0
500 1012 101.0
1012 500 101.0
500 508 105.0
508 500 105.0
500 504 104.0
504 500 104.0
501 1525 104.0
1525 501 104.0
501 1013 105.0
1013 501 105.0
501 509 108.0
509 501 108.0
501 503 103.0
503 501 103.0
501 502 109.0
502 501 109.0
502 1526 100.0
1526 502 100.0
502 1014 100.0
1014 502 100.0
502 510 104.0
510 502 104.0
502 504 106.0
504 502 106.0
503 1527 106.0
1527 503 106.0
503 1015 109.0
1015 503 109.0
503 511 104.0
511 503 104.0
503 504 103.0
504 503 103.0
504 1528 104.0
1528 504 104.0
504 1016 108.0
1016 504 108.0
504 512 101.0
512 504 101.0
505 1529 105.0
1529 505 105.0
505 1017 105.0
1017 505 105.0
505 509 105.0
509 505 105.0
505 507 106.0
507 505 106.0
505 506 100.0
506 505 100.0
506 1530 100.0
1530 506 100.0
506 1018 103.0
1018 506 103.0
506 510 104.0
510 506 104.0
506 508 102.0
508 506 102.0
507 1531 106.0
1531 507 106.0
507 1019 110.0
1019 507 110.0
507 511 102.0
511 507 102.0
507 508 104.0
508 507 104.0
508 1532 100.0
1532 508 100.0
508 1020 106.0
1020 508 106.0
508 512 106.0
512 508 106.0
509 1533 109.0
1533 509 109.0
509 1021 109.0
1021 509 109.0
509 511 108.0
511 509 108.0
509 510 108.0
510 509 108.0
510 1534 100.0
1534 510 100.0
510 1022 108.0
1022 510 108.0
510 512 100.0
512 510 100.0
511 1535 101.0
1535 511 101.0
511 1023 104.0
1023 511 104.0
511 512 102.0
512 511 102.0
512 1536 100.0
1536 512 100.0
512 1024 103.0
1024 512 103.0
513 1537 108.0
1537 513 108.0
513 769 106.0
769 513 106.0
513 641 102.0
641 513 102.0
513 577 110.0
577 513 110.0
513 545 106.0
545 513 106.0
513 529 109.0
529 513 109.0
513 521 106.0
521 513 106.0
513 517 108.0
517 513 108.0
513 515 106.0
515 513 106.0
513 514 102.0
514 513 102.0
514 1538 102.0
1538 514 102.0
514 770 104.0
770 514 104.0
514 642 105.0
642 514 105.0
514 578 101.0
578 514 101.0
514 546 108.0
546 514 108.0
514 530 104.0
530 514 104.0
514 522 110.0
522 514 110.0
514 518 108.0
518 514 108.0
514 516 101.0
516 514 101.0
515 1539 108.0
1539 515 108.0
515 771 109.0
771 515 109.0
515 643 100.0
643 515 100.0
515 579 110.0
579 515 110.0
515 547 108.0
547 515 108.0
515 531 101.0
531 515 101.0
515 523 106.0
523 515 106.0
515 519 101.0
519 515 101.0
515 516 100.0
516 515 100.0
516 1540 105.0
1540 516 105.0
516 772 102.0
772 516 102.0
516 644 101.0
644 516 101.0
516 580 106.0
580 516 106.0
516 548 110.0
548 516 110.0
516 532 107.0
532 516 107.0
516 524 100.0
524 516 100.0
516 520 110.0
520 516 110.0
517 1541 101.0
1541 517 101.0
517 773 108.0
773 517 108.0
517 645 109.0
645 517 109.0
517 581 105.0
581 517 105.0
517 549 104.0
549 517 104.0
517 533 110.0
533 517 110.0
517 525 101.0
525 517 101.0
517 519 108.0
519 517 108.0
517 518 108.0
518 517 108.0
518 1542 110.0
1542 518 110.0
518 774 101.0
774 518 101.0
518 646 106.0
646 518 106.0
518 582 102.0
582 518 102.0
518 550 110.0
550 518 110.0
518 534 108.0
534 518 108.0
518 526 104.0
526 518 104.0
518 520 101.0
520 518 101.0
519 1543 105.0
1543 519 105.0
519 775 104.0
775 519 104.0
519 647 108.0
647 519 108.0
519 583 107.0
583 519 107.0
519 551 108.0
551 519 108.0
519 535 107.0
535 519 107.0
519 527 106.0
527 519 106.0
519 520 103.0
520 519 103.0
520 1544 106.0
1544 520 106.0
520 776 110.0
776 520 110.0
520 648 107.0
648 520 107.0
520 584 102.0
584 520 102.0
520 552 108.0
552 520 108.0
520 536 100.0
536 520 100.0
520 528 106.0
528 520 106.0
521 1545 104.0
1545 521 104.0
521 777 109.0
777 521 109.0
521 649 102.0
649 521 102.0
521 585 102.0
585 521 102.0
521 553 107.0
553 521 107.0
521 537 109.0
537 521 109.0
521 525 106.0
525 521 106.0
521 523 103.0
523 521 103.0
521 522 107.0
522 521 107.0
522 1546 103.0
1546 522 103.0
522 778 108.0
778 522 108.0
522 650 105.0
650 522 105.0
522 586 101.0
586 522 101.0
522 554 101.0
554 522 101.0
522 538 102.0
538 522 102.0
522 526 109.0
526 522 109.0
522 524 109.0
524 522 109.0
523 1547 103.0
1547 523 103.0
523 779 108.0
779 523 108.0
523 651 109.0
651 523 109.0
523 587 107.0
587 523 107.0
523 555 108.0
555 523 108.0
523 539 108.0
539 523 108.0
523 527 102.0
527 523 102.0
523 524 108.0
524 523 108.0
524 1548 106.0
1548 524 106.0
524 780 108.0
780 524 108.0
524 652 110.0
652 524 110.0
524 588 110.0
588 524 110.0
524 556 110.0
556 524 110.0
524 540 110.0
540 524 110.0
524 528 108.0
528 524 108.0
525 1549 107.0
1549 525 107.0
525 781 109.0
781 525 109.0
525 653 104.0
653 525 104.0
525 589 110.0
589 525 110.0
525 557 100.0
557 525 100.0
525 541 106.0
541 525 106.0
525 527 105.0
527 525 105.0
525 526 109.0
526 525 109.0
526 1550 102.0
1550 526 102.0
526 782 106.0
782 526 106.0
526 654 105.0
654 526 105.0
526 590 108.0
590 526 108.0
526 558 100.0
558 526 100.0
526 542 105.0
542 526 105.0
526 528 103.0
528 526 103.0
527 1551 106.0
1551 527 106.0
527 783 108.0
783 527 108.0
527 655 100.0
655 527 100.0
527 591 108.0
591 527 108.0
527 559 104.0
559 527 104.0
527 543 105.0
543 527 105.0
527 528 107.0
528 527 107.0
528 1552 105.0
1552 528 105.0
528 784 103.0
784 528 103.0
528 656 110.0
656 528 110.0
528 592 105.0
592 528 105.0
528 560 103.0
560 528 103.0
528 544 106.0
544 528 106.0
529 1553 110.0
1553 529 110.0
529 785 110.0
785 529 110.0
529 657 105.0
657 529 105.0
529 593 104.0
593 529 104.0
529 561 105.0
561 529 105.0
529 537 100.0
537 529 100.0
529 533 101.0
533 529 101.0
529 531 107.0
531 529 107.0
529 530 102.0
530 529 102.0
530 1554 101.0
1554 530 101.0
530 786 108.0
786 530 108.0
530 658 108.0
658 530 108.0
530 594 109.0
594 530 109.0
530 562 104.0
562 530 104.0
530 538 107.0
538 530 107.0
530 534 102.0
534 530 102.0
530 532 103.0
532 530 103.0
531 1555 105.0
1555 531 105.0
531 787 106.0
787 531 106.0
531 659 108.0
659 531 108.0
531 595 110.0
595 531 110.0
531 563 101.0
563 531 101.0
531 539 106.0
539 531 106.0
531 535 110.0
535 531 110.0
531 532 100.0
532 531 100.0
532 1556 104.0
1556 532 104.0
532 788 107.0
788 532 107.0
532 660 103.0
660 532 103.0
532 596 104.0
596 532 104.0
532 564 102.0
564 532 102.0
532 540 104.0
540 532 104.0
532 536 108.0
536 532 108.0
533 1557 107.0
1557 533 107.0
533 789 104.0
789 533 104.0
533 661 100.0
661 533 100.0
533 597 103.0
597 533 103.0
533 565 102.0
565 533 102.0
533 541 103.0
541 533 103.0
533 535 103.0
535 533 103.0
533 534 105.0
534 533 105.0
534 1558 102.0
1558 534 102.0
534 790 103.0
790 534 103.0
534 662 102.0
662 534 102.0
534 598 109.0
598 534 109.0
534 566 108.0
566 534 108.0
534 542 105.0
542 534 105.0
534 536 105.0
536 534 105.0
535 1559 104.0
1559 535 104.0
535 791 110.0
791 535 110.0
535 663 100.0
663 535 100.0
535 599 101.0
599 535 101.0
535 567 101.0
567 535 101.0
535 543 102.0
543 535 102.0
535 536 102.0
536 535 102.0
536 1560 109.0
1560 536 109.0
536 792 106.0
792 536 106.0
536 664 108.0
664 536 108.0
536 600 109.0
600 536 109.0
536 568 103.0
568 536 103.0
536 544 109.0
544 536 109.0
537 1561 101.0
1561 537 101.0
537 793 102.0
793 537 102.0
537 665 108.0
665 537 108.0
537 601 108.0
601 537 108.0
537 569 108.0
569 537 108.0
537 541 109.0
541 537 109.0
537 539 101.0
539 537 101.0
537 538 104.0
538 537 104.0
538 1562 110.0
1562 538 110.0
538 794 108.0
794 538 108.0
538 666 108.0
666 538 108.0
538 602 102.0
602 538 102.0
538 570 103.0
570 538 103.0
538 542 106.0
542 538 106.0
538 540 106.0
540 538 106.0
539 1563 109.0
1563 539 109.0
539 795 102.0
795 539 102.0
539 667 107.0
667 539 107.0
539 603 106.0
603 539 106.0
539 571 104.0
571 539 104.0
539 543 110.0
543 539 110.0
539 540 101.0
540 539 101.0
540 1564 107.0
1564 540 107.0
540 796 106.0
796 540 106.0
540 668 108.0
668 540 108.0
540 604 104.0
604 540 104.0
540 572 103.0
572 540 103.0
540 544 105.0
544 540 105.0
541 1565 104.0
1565 541 104.0
541 797 104.0
797 541 104.0
541 669 108.0
669 541 108.0
541 605 103.0
605 541 103.0
541 573 101.0
573 541 101.0
541 543 110.0
543 541 110.0
541 542 107.0
542 541 107.0
542 1566 101.0
1566 542 101.0
542 798 108.0
798 542 108.0
542 670 101.0
670 542 101.0
542 606 103.0
606 542 103.0
542 574 110.0
574 542 110.0
542 544 105.0
544 542 105.0
543 1567 104.0
1567 543 104.0
543 799 101.0
799 543 101.0
543 671 110.0
671 543 110.0
543 607 104.0
607 543 104.0
543 575 108.0
575 543 108.0
543 544 101.0
544 543 101.0
544 1568 106.0
1568 544 106.0
544 800 110.0
800 544 110.0
544 672 109.0
672 544 109.0
544 608 110.0
608 544 110.0
544 576 102.0
576 544 102.0
545 1569 101.0
1569 545 101.0
545 801 109.0
801 545 109.0
545 673 104.0
673 545 104.0
545 609 102.0
609 545 102.0
545 561 108.0
561 545 108.0
545 553 110.0
553 545 110.0
545 549 100.0
549 545 100.0
545 547 106.0
547 545 106.0
545 546 102.0
546 545 102.0
546 1570 103.0
1570 546 103.0
546 802 109.0
802 546 109.0
546 674 108.0
674 546 108.0
546 610 103.0
610 546 103.0
546 562 103.0
562 546 103.0
546 554 100.0
554 546 100.0
546 550 102.0
550 546 102.0
546 548 104.0
548 546 104.0
547 1571 110.0
1571 547 110.0
547 803 108.0
803 547 108.0
547 675 100.0
675 547 100.0
547 611 102.0
611 547 102.0
547 563 105.0
563 547 105.0
547 555 103.0
555 547 103.0
547 551 106.0
551 547 106.0
547 548 107.0
548 547 107.0
548 1572 105.0
1572 548 105.0
548 804 105.0
804 548 105.0
548 676 106.0
676 548 106.0
548 612 102.0
612 548 102.0
548 564 108.0
564 548 108.0
548 556 106.0
556 548 106.0
548 552 104.0
552 548 104.0
549 1573 110.0
1573 549 110.0
549 805 106.0
805 549 106.0
549 677 102.0
677 549 102.0
549 613 103.0
613 549 103.0
549 565 108.0
565 549 108.0
549 557 100.0
557 549 100.0
549 551 108.0
551 549 108.0
549 550 105.0
550 549 105.0
550 1574 101.0
1574 550 101.0
550 806 109.0
806 550 109.0
550 678 108.0
678 550 108.0
550 614 106.0
614 550 106.0
550 566 108.0
566 550 108.0
550 558 102.0
558 550 102.0
550 552 109.0
552 550 109.0
551 1575 109.0
1575 551 109.0
551 807 103.0
807 551 103.0
551 679 109.0
679 551 109.0
551 615 104.0
615 551 104.0
551 567 106.0
567 551 106.0
551 559 109.0
559 551 109.0
551 552 109.0
552 551 109.0
552 1576 109.0
1576 552 109.0
552 808 105.0
808 552 105.0
552 680 109.0
680 552 109.0
552 616 103.0
616 552 103.0
552 568 108.0
568 552 108.0
552 560 108.0
560 552 108.0
553 1577 108.0
1577 553 108.0
553 809 101.0
809 553 101.0
553 681 110.0
681 553 110.0
553 617 103.0
617 553 103.0
553 569 102.0
569 553 102.0
553 557 107.0
557 553 107.0
553 555 108.0
555 553 108.0
553 554 110.0
554 553 110.0
554 1578 109.0
1578 554 109.0
554 810 106.0
810 554 106.0
554 682 105.0
682 554 105.0
554 618 101.0
618 554 101.0
554 570 105.0
570 554 105.0
554 558 104.0
558 554 104.0
554 556 104.0
556 554 104.0
555 1579 102.0
1579 555 102.0
555 811 103.0
811 555 103.0
555 683 110.0
683 555 110.0
555 619 110.0
619 555 110.0
555 571 101.0
571 555 101.0
555 559 104.0
559 555 104.0
555 556 109.0
556 555 109.0
556 1580 106.0
1580 556 106.0
556 812 109.0
812 556 109.0
556 684 110.0
684 556 110.0
556 620 109.0
620 556 109.0
556 572 102.0
572 556 102.0
556 560 103.0
560 556 103.0
557 1581 110.0
1581 557 110.0
557 813 100.0
813 557 100.0
557 685 101.0
685 557 101.0
557 621 101.0
621 557 101.0
557 573 110.0
573 557 110.0
557 559 100.0
559 557 100.0
557 558 109.0
558 557 109.0
558 1582 107.0
1582 558 107.0
558 814 107.0
814 558 107.0
558 686 107.0
686 558 107.0
558 622 100.0
622 558 100.0
558 574 110.0
574 558 110.0
558 560 104.0
560 558 104.0
559 1583 103.0
1583 559 103.0
559 815 101.0
815 559 101.0
559 687 109.0
687 559 109.0
559 623 100.0
623 559 100.0
559 575 100.0
575 559 100.0
559 560 109.0
560 559 109.0
560 1584 105.0
1584 560 105.0
560 816 103.0
816 560 103.0
560 688 110.0
688 560 110.0
560 624 101.0
624 560 101.0
560 576 105.0
576 560 105.0
561 1585 103.0
1585 561 103.0
561 817 107.0
817 561 107.0
561 689 108.0
689 561 108.0
561 625 104.0
625 561 104.0
561 569 101.0
569 561 101.0
561 565 110.0
565 561 110.0
561 563 106.0
563 561 106.0
561 562 100.0
562 561 100.0
562 1586 110.0
1586 562 110.0
562 818 101.0
818 562 101.0
562 690 105.0
690 562 105.0
562 626 108.0
626 562 108.0
562 570 102.0
570 562 102.0
562 566 105.0
566 562 105.0
562 564 110.0
564 562 110.0
563 1587 102.0
1587 563 102.0
563 819 109.0
819 563 109.0
563 691 100.0
691 563 100.0
563 627 101.0
627 563 101.0
563 571 105.0
571 563 105.0
563 567 106.0
567 563 106.0
563 564 100.0
564 563 100.0
564 1588 105.0
1588 564 105.0
564 820 104.0
820 564 104.0
564 692 104.0
692 564 104.0
564 628 101.0
628 564 101.0
564 572 100.0
572 564 100.0
564 568 106.0
568 564 106.0
565 1589 106.0
1589 565 106.0
565 821 105.0
821 565 105.0
565 693 104.0
693 565 104.0
565 629 107.0
629 565 107.0
565 573 104.0
573 565 104.0
565 567 105.0
567 565 105.0
565 566 100.0
566 565 100.0
566 1590 107.0
1590 566 107.0
566 822 105.0
822 566 105.0
566 694 109.0
694 566 109.0
566 630 109.0
630 566 109.0
566 574 109.0
574 566 109.0
566 568 105.0
568 566 105.0
567 1591 103.0
1591 567 103.0
567 823 101.0
823 567 101.0
567 695 110.0
695 567 110.0
567 631 100.0
631 567 100.0
567 575 106.0
575 567 106.0
567 568 103.0
568 567 103.0
568 1592 110.0
1592 568 110.0
568 824 102.0
824 568 102.0
568 696 108.0
696 568 108.0
568 632 110.0
632 568 110.0
568 576 103.0
576 568 103.0
569 1593 106.0
1593 569 106.0
569 825 109.0
825 569 109.0
569 697 102.0
697 569 102.0
569 633 102.0
633 569 102.0
569 573 108.0
573 569 108.0
569 571 110.0
571 569 110.0
569 570 100.0
570 569 100.0
570 1594 110.0
1594 570 110.0
570 826 110.0
826 570 110.0
570 698 101.0
698 570 101.0
570 634 104.0
634 570 104.0
570 574 107.0
574 570 107.0
570 572 102.0
572 570 102.0
571 1595 104.0
1595 571 104.0
571 827 109.0
827 571 109.0
571 699 107.0
699 571 107.0
571 635 105.0
635 571 105.0
571 575 102.0
575 571 102.0
571 572 102.0
572 571 102.0
572 1596 105.0
1596 572 105.0
572 828 107.0
828 572 107.0
572 700 109.0
700 572 109.0
572 636 110.0
636 572 110.0
572 576 110.0
576 572 110.0
573 1597 104.0
1597 573 104.0
573 829 106.0
829 573 106.0
573 701 105.0
701 573 105.0
573 637 106.0
637 573 106.0
573 575 107.0
575 573 107.0
573 574 101.0
574 573 101.0
574 1598 106.0
1598 574 106.0
574 830 107.0
830 574 107.0
574 702 103.0
702 574 103.0
574 638 108.0
638 574 108.0
574 576 107.0
576 574 107.0
575 1599 109.0
1599 575 109.0
575 831 103.0
831 575 103.0
575 703 108.0
703 575 108.0
575 639 103.0
639 575 103.0
575 576 103.0
576 575 103.0
576 1600 107.0
1600 576 107.0
576 832 103.0
832 576 103.0
576 704 106.0
704 576 106.0
576 640 100.0
640 576 100.0
577 1601 101.0
1601 577 101.0
577 833 105.0
833 577 105.0
577 705 107.0
705 577 107.0
577 609 103.0
609 577 103.0
577 593 103.0
593 577 103.0
577 585 104.0
585 577 104.0
577 581 101.0
581 577 101.0
577 579 106.0
579 577 106.0
577 578 108.0
578 577 108.0
578 1602 108.0
1602 578 108.0
578 834 106.0
834 578 106.0
578 706 104.0
706 578 104.0
578 610 108.0
610 578 108.0
578 594 102.0
594 578 102.0
578 586 105.0
586 578 105.0
578 582 107.0
582 578 107.0
578 580 105.0
580 578 105.0
579 1603 100.0
1603 579 100.0
579 835 109.0
835 579 109.0
579 707 105.0
707 579 105.0
579 611 103.0
611 579 103.0
579 595 109.0
595 579 109.0
579 587 105.0
587 579 105.0
579 583 103.0
583 579 103.0
579 580 102.0
580 579 102.0
580 1604 104.0
1604 580 104.0
580 836 110.0
836 580 110.0
580 708 106.0
708 580 106.0
580 612 106.0
612 580 106.0
580 596 109.0
596 580 109.0
580 588 101.0
588 580 101.0
580 584 100.0
584 580 100.0
581 1605 107.0
1605 581 107.0
581 837 101.0
837 581 101.0
581 709 104.0
709 581 104.0
581 613 108.0
613 581 108.0
581 597 108.0
597 581 108.0
581 589 101.0
589 581 101.0
581 583 103.0
583 581 103.0
581 582 106.0
582 581 106.0
582 1606 109.0
1606 582 109.0
582 838 101.0
838 582 101.0
582 710 106.0
710 582 106.0
582 614 100.0
614 582 100.0
582 598 105.0
598 582 105.0
582 590 109.0
590 582 109.0
582 584 108.0
584 582 108.0
583 1607 107.0
1607 583 107.0
583 839 105.0
839 583 105.0
583 711 100.0
711 583 100.0
583 615 109.0
615 583 109.0
583 599 108.0
599 583 108.0
583 591 105.0
591 583 105.0
583 584 110.0
584 583 110.0
584 1608 105.0
1608 584 105.0
584 840 104.0
840 584 104.0
584 712 101.0
712 584 101.0
584 616 104.0
616 584 104.0
584 600 109.0
600 584 109.0
584 592 104.0
592 584 104.0
585 1609 110.0
1609 585 110.0
585 841 100.0
841 585 100.0
585 713 102.0
713 585 102.0
585 617 104.0
617 585 104.0
585 601 101.0
601 585 101.0
585 589 101.0
589 585 101.0
585 587 105.0
587 585 105.0
585 586 108.0
586 585 108.0
586 1610 101.0
1610 586 101.0
586 842 108.0
842 586 108.0
586 714 108.0
714 586 108.0
586 618 105.0
618 586 105.0
586 602 102.0
602 586 102.0
586 590 107.0
590 586 107.0
586 588 102.0
588 586 102.0
587 1611 106.0
1611 587 106.0
587 843 103.0
843 587 103.0
587 715 100.0
715 587 100.0
587 619 108.0
619 587 108.0
587 603 106.0
603 587 106.0
587 591 105.0
591 587 105.0
587 588 109.0
588 587 109.0
588 1612 107.0
1612 588 107.0
588 844 109.0
844 588 109.0
588 716 106.0
716 588 106.0
588 620 105.0
620 588 105.0
588 604 101.0
604 588 101.0
588 592 108.0
592 588 108.0
589 1613 100.0
1613 589 100.0
589 845 100.0
845 589 100.0
589 717 101.0
717 589 101.0
589 621 101.0
621 589 101.0
589 605 105.0
605 589 105.0
589 591 102.0
591 589 102.0
589 590 103.0
590 589 103.0
590 1614 100.0
1614 590 100.0
590 846 110.0
846 590 110.0
590 718 100.0
718 590 100.0
590 622 105.0
622 590 105.0
590 606 102.0
606 590 102.0
590 592 105.0
592 590 105.0
591 1615 103.0
1615 591 103.0
591 847 106.0
847 591 106.0
591 719 103.0
719 591 103.0
591 623 105.0
623 591 105.0
591 607 101.0
607 591 101.0
591 592 103.0
592 591 103.0
592 1616 110.0
1616 592 110.0
592 848 100.0
848 592 100.0
592 720 105.0
720 592 105.0
592 624 109.0
624 592 109.0
592 608 102.0
608 592 102.0
593 1617 105.0
1617 593 105.0
593 849 103.0
849 593 103.0
593 721 109.0
721 593 109.0
593 625 108.0
625 593 108.0
593 601 103.0
601 593 103.0
593 597 108.0
597 593 108.0
593 595 107.0
595 593 107.0
593 594 105.0
594 593 105.0
594 1618 106.0
1618 594 106.0
594 850 104.0
850 594 104.0
594 722 103.0
722 594 103.0
594 626 110.0
626 594 110.0
594 602 104.0
602 594 104.0
594 598 102.0
598 594 102.0
594 596 105.0
596 594 105.0
595 1619 106.0
1619 595 106.0
595 851 107.0
851 595 107.0
595 723 102.0
723 595 102.0
595 627 103.0
627 595 103.0
595 603 106.0
603 595 106.0
595 599 102.0
599 595 102.0
595 596 105.0
596 595 105.0
596 1620 110.0
1620 596 110.0
596 852 101.0
852 596 101.0
596 724 109.0
724 596 109.0
596 628 109.0
628 596 109.0
596 604 109.0
604 596 109.0
596 600 107.0
600 596 107.0
597 1621 106.0
1621 597 106.0
597 853 106.0
853 597 106.0
597 725 103.0
725 597 103.0
597 629 101.0
629 597 101.0
597 605 106.0
605 597 106.0
597 599 104.0
599 597 104.0
597 598 102.0
598 597 102.0
598 1622 110.0
1622 598 110.0
598 854 109.0
854 598 109.0
598 726 103.0
726 598 103.0
598 630 107.0
630 598 107.0
598 606 103.0
606 598 103.0
598 600 108.0
600 598 108.0
599 1623 110.0
1623 599 110.0
599 855 108.0
855 599 108.0
599 727 106.0
727 599 106.0
599 631 110.0
631 599 110.0
599 607 108.0
607 599 108.0
599 600 102.0
600 599 102.0
600 1624 107.0
1624 600 107.0
600 856 109.0
856 600 109.0
600 728 108.0
728 600 108.0
600 632 105.0
632 600 105.0
600 608 102.0
608 600 102.0
601 1625 108.0
1625 601 108.0
601 857 110.0
857 601 110.0
601 729 106.0
729 601 106.0
601 633 101.0
633 601 101.0
601 605 100.0
605 601 100.0
601 603 105.0
603 601 105.0
601 602 105.0
602 601 105.0
602 1626 110.0
1626 602 110.0
602 858 100.0
858 602 100.0
602 730 106.0
730 602 106.0
602 634 110.0
634 602 110.0
602 606 100.0
606 602 100.0
602 604 102.0
604 602 102.0
603 1627 108.0
1627 603 108.0
603 859 102.0
859 603 102.0
603 731 107.0
731 603 107.0
603 635 104.0
635 603 104.0
603 607 105.0
607 603 105.0
603 604 110.0
604 603 110.0
604 1628 104.0
1628 604 104.0
604 860 105.0
860 604 105.0
604 732 102.0
732 604 102.0
604 636 104.0
636 604 104.0
604 608 109.0
608 604 109.0
605 1629 101.0
1629 605 101.0
605 861 101.0
861 605 101.0
605 733 109.0
733 605 109.0
605 637 108.0
637 605 108.0
605 607 105.0
607 605 105.0
605 606 110.0
606 605 110.0
606 1630 109.0
1630 606 109.0
606 862 107.0
862 606 107.0
606 734 103.0
734 606 103.0
606 638 110.0
638 606 110.0
606 608 102.0
608 606 102.0
607 1631 102.0
1631 607 102.0
607 863 109.0
863 607 109.0
607 735 102.0
735 607 102.0
607 639 109.0
639 607 109.0
607 608 109.0
608 607 109.0
608 1632 102.0
1632 608 102.0
608 864 101.0
864 608 101.0
608 736 102.0
736 608 102.0
608 640 104.0
640 608 104.0
609 1633 104.0
1633 609 104.0
609 865 109.0
865 609 109.0
609 737 100.0
737 609 100.0
609 625 108.0
625 609 108.0
609 617 106.0
617 609 106.0
609 613 110.0
613 609 110.0
609 611 109.0
611 609 109.0
609 610 107.0
610 609 107.0
610 1634 104.0
1634 610 104.0
610 866 106.0
866 610 106.0
610 738 102.0
738 610 102.0
610 626 110.0
626 610 110.0
610 618 108.0
618 610 108.0
610 614 103.0
614 610 103.0
610 612 108.0
612 610 108.0
611 1635 101.0
1635 611 101.0
611 867 104.0
867 611 104.0
611 739 106.0
739 611 106.0
611 627 103.0
627 611 103.0
611 619 103.0
619 611 103.0
611 615 100.0
615 611 100.0
611 612 101.0
612 611 101.0
612 1636 100.0
1636 612 100.0
612 868 104.0
868 612 104.0
612 740 104.0
740 612 104.0
612 628 101.0
628 612 101.0
612 620 101.0
620 612 101.0
612 616 104.0
616 612 104.0
613 1637 108.0
1637 613 108.0
613 869 103.0
869 613 103.0
613 741 107.0
741 613 107.0
613 629 101.0
629 613 101.0
613 621 109.0
621 613 109.0
613 615 105.0
615 613 105.0
613 614 102.0
614 613 102.0
614 1638 101.0
1638 614 101.0
614 870 103.0
870 614 103.0
614 742 102.0
742 614 102.0
614 630 102.0
630 614 102.0
614 622 100.0
622 614 100.0
614 616 105.0
616 614 105.0
615 1639 107.0
1639 615 107.0
615 871 101.0
871 615 101.0
615 743 101.0
743 615 101.0
615 631 108.0
631 615 108.0
615 623 108.0
623 615 108.0
615 616 104.0
616 615 104.0
616 1640 108.0
1640 616 108.0
616 872 102.0
872 616 102.0
616 744 104.0
744 616 104.0
616 632 107.0
632 616 107.0
616 624 103.0
624 616 103.0
617 1641 100.0
1641 617 100.0
617 873 101.0
873 617 101.0
617 745 103.0
745 617 103.0
617 633 101.0
633 617 101.0
617 621 105.0
621 617 105.0
617 619 104.0
619 617 104.0
617 618 104.0
618 617 104.0
618 1642 102.0
1642 618 102.0
618 874 110.0
874 618 110.0
618 746 103.0
746 618 103.0
618 634 104.0
634 618 104.0
618 622 102.0
622 618 102.0
618 620 108.0
620 618 108.0
619 1643 105.0
1643 619 105.0
619 875 100.0
875 619 100.0
619 747 100.0
747 619 100.0
619 635 106.0
635 619 106.0
619 623 106.0
623 619 106.0
619 620 105.0
620 619 105.0
620 1644 110.0
1644 620 110.0
620 876 103.0
876 620 103.0
620 748 109.0
748 620 109.0
620 636 104.0
636 620 104.0
620 624 109.0
624 620 109.0
621 1645 102.0
1645 621 102.0
621 877 103.0
877 621 103.0
621 749 108.0
749 621 108.0
621 637 109.0
637 621 109.0
621 623 102.0
623 621 102.0
621 622 106.0
622 621 106.0
622 1646 104.0
1646 622 104.0
622 878 104.0
878 622 104.0
622 750 100.0
750 622 100.0
622 638 102.0
638 622 102.0
622 624 103.0
624 622 103.0
623 1647 108.0
1647 623 108.0
623 879 103.0
879 623 103.0
623 751 109.0
751 623 109.0
623 639 102.0
639 623 102.0
623 624 107.0
624 623 107.0
624 1648 109.0
1648 624 109.0
624 880 100.0
880 624 100.0
624 752 107.0
752 624 107.0
624 640 100.0
640 624 100.0
625 1649 109.0
1649 625 109.0
625 881 109.0
881 625 109.0
625 753 106.0
753 625 106.0
625 633 106.0
633 625 106.0
625 629 104.0
629 625 104.0
625 627 100.0
627 625 100.0
625 626 108.0
626 625 108.0
626 1650 105.0
1650 626 105.0
626 882 103.0
882 626 103.0
626 754 105.0
754 626 105.0
626 634 107.0
634 626 107.0
626 630 110.0
630 626 110.0
626 628 106.0
628 626 106.0
627 1651 108.0
1651 627 108.0
627 883 105.0
883 627 105.0
627 755 100.0
755 627 100.0
627 635 104.0
635 627 104.0
627 631 103.0
631 627 103.0
627 628 104.0
628 627 104.0
628 1652 109.0
1652 628 109.0
628 884 110.0
884 628 110.0
628 756 107.0
756 628 107.0
628 636 100.0
636 628 100.0
628 632 103.0
632 628 103.0
629 1653 100.0
1653 629 100.0
629 885 106.0
885 629 106.0
629 757 110.0
757 629 110.0
629 637 101.0
637 629 101.0
629 631 108.0
631 629 108.0
629 630 108.0
630 629 108.0
630 1654 103.0
1654 630 103.0
630 886 103.0
886 630 103.0
630 758 107.0
758 630 107.0
630 638 101.0
638 630 101.0
630 632 105.0
632 630 105.0
631 1655 106.0
1655 631 106.0
631 887 101.0
887 631 101.0
631 759 103.0
759 631 103.0
631 639 107.0
639 631 107.0
631 632 110.0
632 631 110.0
632 1656 105.0
1656 632 105.0
632 888 110.0
888 632 110.0
632 760 103.0
760 632 103.0
632 640 105.0
640 632 105.0
633 1657 105.0
1657 633 105.0
633 889 108.0
889 633 108.0
633 761 106.0
761 633 106.0
633 637 109.0
637 633 109.0
633 635 107.0
635 633 107.0
633 634 103.0
634 633 103.0
634 1658 107.0
1658 634 107.0
634 890 100.0
890 634 100.0
634 762 101.0
762 634 101.0
634 638 104.0
638 634 104.0
634 636 104.0
636 634 104.0
635 1659 105.0
1659 635 105.0
635 891 106.0
891 635 106.0
635 763 106.0
763 635 106.0
635 639 105.0
639 635 105.0
635 636 103.0
636 635 103.0
636 1660 110.0
1660 636 110.0
636 892 104.0
892 636 104.0
636 764 106.0
764 636 106.0
636 640 103.0
640 636 103.0
637 1661 100.0
1661 637 100.0
637 893 104.0
893 637 104.0
637 765 108.0
765 637 108.0
637 639 107.0
639 637 107.0
637 638 108.0
638 637 108.0
638 1662 109.0
1662 638 109.0
638 894 106.0
894 638 106.0
638 766 106.0
766 638 106.0
638 640 108.0
640 638 108.0
639 1663 106.0
1663 639 106.0
639 895 102.0
895 639 102.0
639 767 104.0
767 639 104.0
639 640 101.0
640 639 101.0
640 1664 110.0
1664 640 110.0
640 896 106.0
896 640 106.0
640 768 104.0
768 640 104.0
641 1665 102.0
1665 641 102.0
641 897 108.0
897 641 108.0
641 705 109.0
705 641 109.0
641 673 102.0
673 641 102.0
641 657 104.0
657 641 104.0
641 649 102.0
649 641 102.0
641 645 100.0
645 641 100.0
641 643 105.0
643 641 105.0
641 642 100.0
642 641 100.0
642 1666 110.0
1666 642 110.0
642 898 108.0
898 642 108.0
642 706 105.0
706 642 105.0
642 674 101.0
674 642 101.0
642 658 108.0
658 642 108.0
642 650 101.0
650 642 101.0
642 646 105.0
646 642 105.0
642 644 104.0
644 642 104.0
643 1667 102.0
1667 643 102.0
643 899 109.0
899 643 109.0
643 707 108.0
707 643 108.0
643 675 104.0
675 643 104.0
643 659 104.0
659 643 104.0
643 651 101.0
651 643 101.0
643 647 102.0
647 643 102.0
643 644 110.0
644 643 110.0
644 1668 110.0
1668 644 110.0
644 900 107.0
900 644 107.0
644 708 110.0
708 644 110.0
644 676 107.0
676 644 107.0
644 660 105.0
660 644 105.0
644 652 105.0
652 644 105.0
644 648 106.0
648 644 106.0
645 1669 106.0
1669 645 106.0
645 901 107.0
901 645 107.0
645 709 100.0
709 645 100.0
645 677 101.0
677 645 101.0
645 661 101.0
661 645 101.0
645 653 109.0
653 645 109.0
645 647 109.0
647 645 109.0
645 646 110.0
646 645 110.0
646 1670 107.0
1670 646 107.0
646 902 105.0
902 646 105.0
646 710 103.0
710 646 103.0
646 678 108.0
678 646 108.0
646 662 107.0
662 646 107.0
646 654 101.0
654 646 101.0
646 648 108.0
648 646 108.0
647 1671 102.0
1671 647 102.0
647 903 109.0
903 647 109.0
647 711 102.0
711 647 102.0
647 679 110.0
679 647 110.0
647 663 101.0
663 647 101.0
647 655 100.0
655 647 100.0
647 648 110.0
648 647 110.0
648 1672 106.0
1672 648 106.0
648 904 110.0
904 648 110.0
648 712 101.0
712 648 101.0
648 680 107.0
680 648 107.0
648 664 109.0
664 648 109.0
648 656 100.0
656 648 100.0
649 1673 101.0
1673 649 101.0
649 905 107.0
905 649 107.0
649 713 101.0
713 649 101.0
649 681 104.0
681 649 104.0
649 665 100.0
665 649 100.0
649 653 100.0
653 649 100.0
649 651 105.0
651 649 105.0
649 650 110.0
650 649 110.0
650 1674 106.0
1674 650 106.0
650 906 108.0
906 650 108.0
650 714 100.0
714 650 100.0
650 682 110.0
682 650 110.0
650 666 110.0
666 650 110.0
650 654 104.0
654 650 104.0
650 652 103.0
652 650 103.0
651 1675 109.0
1675 651 109.0
651 907 108.0
907 651 108.0
651 715 110.0
715 651 110.0
651 683 100.0
683 651 100.0
651 667 106.0
667 651 106.0
651 655 109.0
655 651 109.0
651 652 102.0
652 651 102.0
652 1676 101.0
1676 652 101.0
652 908 104.0
908 652 104.0
652 716 103.0
716 652 103.0
652 684 110.0
684 652 110.0
652 668 105.0
668 652 105.0
652 656 100.0
656 652 100.0
653 1677 107.0
1677 653 107.0
653 909 102.0
909 653 102.0
653 717 103.0
717 653 103.0
653 685 109.0
685 653 109.0
653 669 101.0
669 653 101.0
653 655 108.0
655 653 108.0
653 654 102.0
654 653 102.0
654 1678 101.0
1678 654 101.0
654 910 104.0
910 654 104.0
654 718 105.0
718 654 105.0
654 686 101.0
686 654 101.0
654 670 110.0
670 654 110.0
654 656 102.0
656 654 102.0
655 1679 104.0
1679 655 104.0
655 911 104.0
911 655 104.0
655 719 104.0
719 655 104.0
655 687 103.0
687 655 103.0
655 671 104.0
671 655 104.0
655 656 108.0
656 655 108.0
656 1680 105.0
1680 656 105.0
656 912 108.0
912 656 108.0
656 720 106.0
720 656 106.0
656 688 102.0
688 656 102.0
656 672 101.0
672 656 101.0
657 1681 107.0
1681 657 107.0
657 913 108.0
913 657 108.0
657 721 105.0
721 657 105.0
657 689 108.0
689 657 108.0
657 665 101.0
665 657 101.0
657 661 104.0
661 657 104.0
657 659 101.0
659 657 101.0
657 658 104.0
658 657 104.0
658 1682 101.0
1682 658 101.0
658 914 101.0
914 658 101.0
658 722 101.0
722 658 101.0
658 690 110.0
690 658 110.0
658 666 109.0
666 658 109.0
658 662 106.0
662 658 106.0
658 660 104.0
660 658 104.0
659 1683 110.0
1683 659 110.0
659 915 108.0
915 659 108.0
659 723 100.0
723 659 100.0
659 691 106.0
691 659 106.0
659 667 108.0
667 659 108.0
659 663 105.0
663 659 105.0
659 660 106.0
660 659 106.0
660 1684 107.0
1684 660 107.0
660 916 101.0
916 660 101.0
660 724 109.0
724 660 109.0
660 692 106.0
692 660 106.0
660 668 101.0
668 660 101.0
660 664 103.0
664 660 103.0
661 1685 106.0
1685 661 106.0
661 917 102.0
917 661 102.0
661 725 102.0
725 661 102.0
661 693 102.0
693 661 102.0
661 669 101.0
669 661 101.0
661 663 108.0
663 661 108.0
661 662 107.0
662 661 107.0
662 1686 107.0
1686 662 107.0
662 918 107.0
918 662 107.0
662 726 108.0
726 662 108.0
662 694 108.0
694 662 108.0
662 670 102.0
670 662 102.0
662 664 107.0
664 662 107.0
663 1687 100.0
1687 663 100.0
663 919 102.0
919 663 102.0
663 727 102.0
727 663 102.0
663 695 107.0
695 663 107.0
663 671 105.0
671 663 105.0
663 664 100.0
664 663 100.0
664 1688 108.0
1688 664 108.0
664 920 100.0
920 664 100.0
664 728 104.0
728 664 104.0
664 696 108.0
696 664 108.0
664 672 109.0
672 664 109.0
665 1689 105.0
1689 665 105.0
665 921 109.0
921 665 109.0
665 729 103.0
729 665 103.0
665 697 110.0
697 665 110.0
665 669 101.0
669 665 101.0
665 667 105.0
667 665 105.0
665 666 101.0
666 665 101.0
666 1690 108.0
1690 666 108.0
666 922 102.0
922 666 102.0
666 730 100.0
730 666 100.0
666 698 106.0
698 666 106.0
666 670 103.0
670 666 103.0
666 668 105.0
668 666 105.0
667 1691 108.0
1691 667 108.0
667 923 101.0
923 667 101.0
667 731 108.0
731 667 108.0
667 699 107.0
699 667 107.0
667 671 107.0
671 667 107.0
667 668 105.0
668 667 105.0
668 1692 105.0
1692 668 105.0
668 924 102.0
924 668 102.0
668 732 105.0
732 668 105.0
668 700 105.0
700 668 105.0
668 672 104.0
672 668 104.0
669 1693 106.0
1693 669 106.0
669 925 103.0
925 669 103.0
669 733 100.0
733 669 100.0
669 701 100.0
701 669 100.0
669 671 104.0
671 669 104.0
669 670 106.0
670 669 106.0
670 1694 101.0
1694 670 101.0
670 926 109.0
926 670 109.0
670 734 100.0
734 670 100.0
670 702 102.0
702 670 102.0
670 672 103.0
672 670 103.0
671 1695 107.0
1695 671 107.0
671 927 109.0
927 671 109.0
671 735 104.0
735 671 104.0
671 703 108.0
703 671 108.0
671 672 101.0
672 671 101.0
672 1696 103.0
1696 672 103.0
672 928 100.0
928 672 100.0
672 736 103.0
736 672 103.0
672 704 107.0
704 672 107.0
673 1697 110.0
1697 673 110.0
673 929 104.0
929 673 104.0
673 737 101.0
737 673 101.0
673 689 100.0
689 673 100.0
673 681 106.0
681 673 106.0
673 677 110.0
677 673 110.0
673 675 103.0
675 673 103.0
673 674 100.0
674 673 100.0
674 1698 103.0
1698 674 103.0
674 930 103.0
930 674 103.0
674 738 105.0
738 674 105.0
674 690 100.0
690 674 100.0
674 682 100.0
682 674 100.0
674 678 110.0
678 674 110.0
674 676 110.0
676 674 110.0
675 1699 107.0
1699 675 107.0
675 931 110.0
931 675 110.0
675 739 107.0
739 675 107.0
675 691 108.0
691 675 108.0
675 683 102.0
683 675 102.0
675 679 105.0
679 675 105.0
675 676 104.0
676 675 104.0
676 1700 108.0
1700 676 108.0
676 932 106.0
932 676 106.0
676 740 109.0
740 676 109.0
676 692 106.0
692 676 106.0
676 684 102.0
684 676 102.0
676 680 103.0
680 676 103.0
677 1701 105.0
1701 677 105.0
677 933 104.0
933 677 104.0
677 741 102.0
741 677 102.0
677 693 102.0
693 677 102.0
677 685 103.0
685 677 103.0
677 679 107.0
679 677 107.0
677 678 100.0
678 677 100.0
678 1702 101.0
1702 678 101.0
678 934 101.0
934 678 101.0
678 742 108.0
742 678 108.0
678 694 105.0
694 678 105.0
678 686 104.0
686 678 104.0
678 680 100.0
680 678 100.0
679 1703 109.0
1703 679 109.0
679 935 105.0
935 679 105.0
679 743 100.0
743 679 100.0
679 695 105.0
695 679 105.0
679 687 110.0
687 679 110.0
679 680 108.0
680 679 108.0
680 1704 104.0
1704 680 104.0
680 936 102.0
936 680 102.0
680 744 105.0
744 680 105.0
680 696 102.0
696 680 102.0
680 688 106.0
688 680 106.0
681 1705 107.0
1705 681 107.0
681 937 105.0
937 681 105.0
681 745 110.0
745 681 110.0
681 697 107.0
697 681 107.0
681 685 101.0
685 681 101.0
681 683 106.0
683 681 106.0
681 682 106.0
682 681 106.0
682 1706 105.0
1706 682 105.0
682 938 110.0
938 682 110.0
682 746 102.0
746 682 102.0
682 698 104.0
698 682 104.0
682 686 107.0
686 682 107.0
682 684 100.0
684 682 100.0
683 1707 102.0
1707 683 102.0
683 939 106.0
939 683 106.0
683 747 107.0
747 683 107.0
683 699 109.0
699 683 109.0
683 687 108.0
687 683 108.0
683 684 104.0
684 683 104.0
684 1708 107.0
1708 684 107.0
684 940 109.0
940 684 109.0
684 748 101.0
748 684 101.0
684 700 110.0
700 684 110.0
684 688 110.0
688 684 110.0
685 1709 104.0
1709 685 104.0
685 941 107.0
941 685 107.0
685 749 103.0
749 685 103.0
685 701 100.0
701 685 100.0
685 687 105.0
687 685 105.0
685 686 110.0
686 685 110.0
686 1710 104.0
1710 686 104.0
686 942 101.0
942 686 101.0
686 750 107.0
750 686 107.0
686 702 104.0
702 686 104.0
686 688 100.0
688 686 100.0
687 1711 105.0
1711 687 105.0
687 943 107.0
943 687 107.0
687 751 103.0
751 687 103.0
687 703 103.0
703 687 103.0
687 688 104.0
688 687 104.0
688 1712 107.0
1712 688 107.0
688 944 109.0
944 688 109.0
688 752 107.0
752 688 107.0
688 704 106.0
704 688 106.0
689 1713 107.0
1713 689 107.0
689 945 104.0
945 689 104.0
689 753 104.0
753 689 104.0
689 697 105.0
697 689 105.0
689 693 109.0
693 689 109.0
689 691 100.0
691 689 100.0
689 690 110.0
690 689 110.0
690 1714 104.0
1714 690 104.0
690 946 109.0
946 690 109.0
690 754 109.0
754 690 109.0
690 698 104.0
698 690 104.0
690 694 103.0
694 690 103.0
690 692 109.0
692 690 109.0
691 1715 100.0
1715 691 100.0
691 947 108.0
947 691 108.0
691 755 100.0
755 691 100.0
691 699 109.0
699 691 109.0
691 695 104.0
695 691 104.0
691 692 102.0
692 691 102.0
692 1716 108.0
1716 692 108.0
692 948 109.0
948 692 109.0
692 756 104.0
756 692 104.0
692 700 101.0
700 692 101.0
692 696 104.0
696 692 104.0
693 1717 101.0
1717 693 101.0
693 949 103.0
949 693 103.0
693 757 103.0
757 693 103.0
693 701 103.0
701 693 103.0
693 695 104.0
695 693 104.0
693 694 109.0
694 693 109.0
694 1718 106.0
1718 694 106.0
694 950 100.0
950 694 100.0
694 758 107.0
758 694 107.0
694 702 100.0
702 694 100.0
694 696 107.0
696 694 107.0
695 1719 103.0
1719 695 103.0
695 951 104.0
951 695 104.0
695 759 110.0
759 695 110.0
695 703 105.0
703 695 105.0
695 696 101.0
696 695 101.0
696 1720 109.0
1720 696 109.0
696 952 106.0
952 696 106.0
696 760 104.0
760 696 104.0
696 704 108.0
704 696 108.0
697 1721 101.0
1721 697 101.0
697 953 109.0
953 697 109.0
697 761 103.0
761 697 103.0
697 701 105.0
701 697 105.0
697 699 102.0
699 697 102.0
697 698 107.0
698 697 107.0
698 1722 109.0
1722 698 109.0
698 954 110.0
954 698 110.0
698 762 100.0
762 698 100.0
698 702 109.0
702 698 109.0
698 700 109.0
700 698 109.0
699 1723 100.0
1723 699 100.0
699 955 108.0
955 699 108.0
699 763 105.0
763 699 105.0
699 703 110.0
703 699 110.0
699 700 101.0
700 699 101.0
700 1724 107.0
1724 700 107.0
700 956 109.0
956 700 109.0
700 764 105.0
764 700 105.0
700 704 100.0
704 700 100.0
701 1725 104.0
1725 701 104.0
701 957 109.0
957 701 109.0
701 765 103.0
765 701 103.0
701 703 108.0
703 701 108.0
701 702 102.0
702 701 102.0
702 1726 109.0
1726 702 109.0
702 958 100.0
958 702 100.0
702 766 100.0
766 702 100.0
702 704 103.0
704 702 103.0
703 1727 108.0
1727 703 108.0
703 959 107.0
959 703 107.0
703 767 108.0
767 703 108.0
703 704 102.0
704 703 102.0
704 1728 106.0
1728 704 106.0
704 960 107.0
960 704 107.0
704 768 101.0
768 704 101.0
705 1729 104.0
1729 705 104.0
705 961 106.0
961 705 106.0
705 737 110.0
737 705 110.0
705 721 102.0
721 705 102.0
705 713 107.0
713 705 107.0
705 709 108.0
709 705 108.0
705 707 107.0
707 705 107.0
705 706 101.0
706 705 101.0
706 1730 107.0
1730 706 107.0
706 962 110.0
962 706 110.0
706 738 106.0
738 706 106.0
706 722 108.0
722 706 108.0
706 714 100.0
714 706 100.0
706 710 108.0
710 706 108.0
706 708 101.0
708 706 101.0
707 1731 100.0
1731 707 100.0
707 963 103.0
963 707 103.0
707 739 107.0
739 707 107.0
707 723 107.0
723 707 107.0
707 715 102.0
715 707 102.0
707 711 101.0
711 707 101.0
707 708 104.0
708 707 104.0
708 1732 109.0
1732 708 109.0
708 964 108.0
964 708 108.0
708 740 106.0
740 708 106.0
708 724 102.0
724 708 102.0
708 716 105.0
716 708 105.0
708 712 107.0
712 708 107.0
709 1733 100.0
1733 709 100.0
709 965 103.0
965 709 103.0
709 741 107.0
741 709 107.0
709 725 100.0
725 709 100.0
709 717 100.0
717 709 100.0
709 711 108.0
711 709 108.0
709 710 109.0
710 709 109.0
710 1734 108.0
1734 710 108.0
710 966 106.0
966 710 106.0
710 742 102.0
742 710 102.0
710 726 106.0
726 710 106.0
710 718 105.0
718 710 105.0
710 712 101.0
712 710 101.0
711 1735 106.0
1735 711 106.0
711 967 102.0
967 711 102.0
711 743 101.0
743 711 101.0
711 727 108.0
727 711 108.0
711 719 109.0
719 711 109.0
711 712 100.0
712 711 100.0
712 1736 103.0
1736 712 103.0
712 968 105.0
968 712 105.0
712 744 102.0
744 712 102.0
712 728 100.0
728 712 100.0
712 720 107.0
720 712 107.0
713 1737 100.0
1737 713 100.0
713 969 103.0
969 713 103.0
713 745 103.0
745 713 103.0
713 729 109.0
729 713 109.0
713 717 102.0
717 713 102.0
713 715 108.0
715 713 108.0
713 714 106.0
714 713 106.0
714 1738 104.0
1738 714 104.0
714 970 103.0
970 714 103.0
714 746 107.0
746 714 107.0
714 730 103.0
730 714 103.0
714 718 101.0
718 714 101.0
714 716 105.0
716 714 105.0
715 1739 105.0
1739 715 105.0
715 971 105.0
971 715 105.0
715 747 109.0
747 715 109.0
715 731 108.0
731 715 108.0
715 719 110.0
719 715 110.0
715 716 110.0
716 715 110.0
716 1740 105.0
1740 716 105.0
716 972 106.0
972 716 106.0
716 748 100.0
748 716 100.0
716 732 109.0
732 716 109.0
716 720 100.0
720 716 100.0
717 1741 102.0
1741 717 102.0
717 973 106.0
973 717 106.0
717 749 105.0
749 717 105.0
717 733 107.0
733 717 107.0
717 719 100.0
719 717 100.0
717 718 101.0
718 717 101.0
718 1742 103.0
1742 718 103.0
718 974 104.0
974 718 104.0
718 750 102.0
750 718 102.0
718 734 103.0
734 718 103.0
718 720 104.0
720 718 104.0
719 1743 110.0
1743 719 110.0
719 975 108.0
975 719 108.0
719 751 100.0
751 719 100.0
719 735 104.0
735 719 104.0
719 720 109.0
720 719 109.0
720 1744 110.0
1744 720 110.0
720 976 100.0
976 720 100.0
720 752 110.0
752 720 110.0
720 736 101.0
736 720 101.0
721 1745 104.0
1745 721 104.0
721 977 101.0
977 721 101.0
721 753 104.0
753 721 104.0
721 729 107.0
729 721 107.0
721 725 102.0
725 721 102.0
721 723 107.0
723 721 107.0
721 722 108.0
722 721 108.0
722 1746 103.0
1746 722 103.0
722 978 103.0
978 722 103.0
722 754 110.0
754 722 110.0
722 730 107.0
730 722 107.0
722 726 100.0
726 722 100.0
722 724 110.0
724 722 110.0
723 1747 107.0
1747 723 107.0
723 979 100.0
979 723 100.0
723 755 106.0
755 723 106.0
723 731 103.0
731 723 103.0
723 727 102.0
727 723 102.0
723 724 101.0
724 723 101.0
724 1748 110.0
1748 724 110.0
724 980 105.0
980 724 105.0
724 756 109.0
756 724 109.0
724 732 103.0
732 724 103.0
724 728 105.0
728 724 105.0
725 1749 109.0
1749 725 109.0
725 981 109.0
981 725 109.0
725 757 102.0
757 725 102.0
725 733 104.0
733 725 104.0
725 727 110.0
727 725 110.0
725 726 100.0
726 725 100.0
726 1750 109.0
1750 726 109.0
726 982 105.0
982 726 105.0
726 758 108.0
758 726 108.0
726 734 108.0
734 726 108.0
726 728 108.0
728 726 108.0
727 1751 102.0
1751 727 102.0
727 983 106.0
983 727 106.0
727 759 101.0
759 727 101.0
727 735 109.0
735 727 109.0
727 728 110.0
728 727 110.0
728 1752 100.0
1752 728 100.0
728 984 102.0
984 728 102.0
728 760 106.0
760 728 106.0
728 736 103.0
736 728 103.0
729 1753 103.0
1753 729 103.0
729 985 105.0
985 729 105.0
729 761 107.0
761 729 107.0
729 733 105.0
733 729 105.0
729 731 103.0
731 729 103.0
729 730 108.0
730 729 108.0
730 1754 102.0
1754 730 102.0
730 986 101.0
986 730 101.0
730 762 102.0
762 730 102.0
730 734 106.0
734 730 106.0
730 732 110.0
732 730 110.0
731 1755 109.0
1755 731 109.0
731 987 101.0
987 731 101.0
731 763 109.0
763 731 109.0
731 735 110.0
735 731 110.0
731 732 107.0
732 731 107.0
732 1756 102.0
1756 732 102.0
732 988 108.0
988 732 108.0
732 764 106.0
764 732 106.0
732 736 105.0
736 732 105.0
733 1757 100.0
1757 733 100.0
733 989 110.0
989 733 110.0
733 765 107.0
765 733 107.0
733 735 100.0
735 733 100.0
733 734 103.0
734 733 103.0
734 1758 105.0
1758 734 105.0
734 990 108.0
990 734 108.0
734 766 109.0
766 734 109.0
734 736 105.0
736 734 105.0
735 1759 107.0
1759 735 107.0
735 991 105.0
991 735 105.0
735 767 105.0
767 735 105.0
735 736 101.0
736 735 101.0
736 1760 103.0
1760 736 103.0
736 992 100.0
992 736 100.0
736 768 110.0
768 736 110.0
737 1761 107.0
1761 737 107.0
737 993 109.0
993 737 109.0
737 753 109.0
753 737 109.0
737 745 109.0
745 737 109.0
737 741 109.0
741 737 109.0
737 739 106.0
739 737 106.0
737 738 110.0
738 737 110.0
738 1762 107.0
1762 738 107.0
738 994 105.0
994 738 105.0
738 754 106.0
754 738 106.0
738 746 109.0
746 738 109.0
738 742 107.0
742 738 107.0
738 740 110.0
740 738 110.0
739 1763 105.0
1763 739 105.0
739 995 102.0
995 739 102.0
739 755 100.0
755 739 100.0
739 747 105.0
747 739 105.0
739 743 101.0
743 739 101.0
739 740 105.0
740 739 105.0
740 1764 101.0
1764 740 101.0
740 996 108.0
996 740 108.0
740 756 104.0
756 740 104.0
740 748 103.0
748 740 103.0
740 744 102.0
744 740 102.0
741 1765 110.0
1765 741 110.0
741 997 105.0
997 741 105.0
741 757 107.0
757 741 107.0
741 749 110.0
749 741 110.0
741 743 104.0
743 741 104.0
741 742 106.0
742 741 106.0
742 1766 105.0
1766 742 105.0
742 998 108.0
998 742 108.0
742 758 110.0
758 742 110.0
742 750 105.0
750 742 105.0
742 744 110.0
744 742 110.0
743 1767 101.0
1767 743 101.0
743 999 107.0
999 743 107.0
743 759 102.0
759 743 102.0
743 751 102.0
751 743 102.0
743 744 100.0
744 743 100.0
744 1768 107.0
1768 744 107.0
744 1000 108.0
1000 744 108.0
744 760 104.0
760 744 104.0
744 752 110.0
752 744 110.0
745 1769 109.0
1769 745 109.0
745 1001 105.0
1001 745 105.0
745 761 103.0
761 745 103.0
745 749 108.0
749 745 108.0
745 747 109.0
747 745 109.0
745 746 106.0
746 745 106.0
746 1770 109.0
1770 746 109.0
746 1002 106.0
1002 746 106.0
746 762 104.0
762 746 104.0
746 750 102.0
750 746 102.0
746 748 102.0
748 746 102.0
747 1771 104.0
1771 747 104.0
747 1003 104.0
1003 747 104.0
747 763 109.0
763 747 109.0
747 751 106.0
751 747 106.0
747 748 108.0
748 747 108.0
748 1772 106.0
1772 748 106.0
748 1004 107.0
1004 748 107.0
748 764 105.0
764 748 105.0
748 752 105.0
752 748 105.0
749 1773 100.0
1773 749 100.0
749 1005 108.0
1005 749 108.0
749 765 108.0
765 749 108.0
749 751 104.0
751 749 104.0
749 750 100.0
750 749 100.0
750 1774 106.0
1774 750 106.0
750 1006 109.0
1006 750 109.0
750 766 109.0
766 750 109.0
750 752 109.0
752 750 109.0
751 1775 106.0
1775 751 106.0
751 1007 104.0
1007 751 104.0
751 767 101.0
767 751 101.0
751 752 109.0
752 751 109.0
752 1776 106.0
1776 752 106.0
752 1008 107.0
1008 752 107.0
752 768 107.0
768 752 107.0
753 1777 104.0
1777 753 104.0
753 1009 102.0
1009 753 102.0
753 761 101.0
761 753 101.0
753 757 107.0
757 753 107.0
753 755 109.0
755 753 109.0
753 754 108.0
754 753 108.0
754 1778 105.0
1778 754 105.0
754 1010 102.0
1010 754 102.0
754 762 107.0
762 754 107.0
754 758 103.0
758 754 103.0
754 756 109.0
756 754 109.0
755 1779 106.0
1779 755 106.0
755 1011 110.0
1011 755 110.0
755 763 100.0
763 755 100.0
755 759 103.0
759 755 103.0
755 756 107.0
756 755 107.0
756 1780 103.0
1780 756 103.0
756 1012 107.0
1012 756 107.0
756 764 101.0
764 756 101.0
756 760 109.0
760 756 109.0
757 1781 110.0
1781 757 110.0
757 1013 110.0
1013 757 110.0
757 765 103.0
765 757 103.0
757 759 110.0
759 757 110.0
757 758 106.0
758 757 106.0
758 1782 100.0
1782 758 100.0
758 1014 105.0
1014 758 105.0
758 766 100.0
766 758 100.0
758 760 102.0
760 758 102.0
759 1783 104.0
1783 759 104.0
759 1015 109.0
1015 759 109.0
759 767 110.0
767 759 110.0
759 760 106.0
760 759 106.0
760 1784 103.0
1784 760 103.0
760 1016 110.0
1016 760 110.0
760 768 102.0
768 760 102.0
761 1785 101.0
1785 761 101.0
761 1017 102.0
1017 761 102.0
761 765 106.0
765 761 106.0
761 763 109.0
763 761 109.0
761 762 108.0
762 761 108.0
762 1786 106.0
1786 762 106.0
762 1018 103.0
1018 762 103.0
762 766 104.0
766 762 104.0
762 764 109.0
764 762 109.0
763 1787 100.0
1787 763 100.0
763 1019 101.0
1019 763 101.0
763 767 108.0
767 763 108.0
763 764 101.0
764 763 101.0
764 1788 106.0
1788 764 106.0
764 1020 110.0
1020 764 110.0
764 768 100.0
768 764 100.0
765 1789 100.0
1789 765 100.0
765 1021 103.0
1021 765 103.0
765 767 100.0
767 765 100.0
765 766 105.0
766 765 105.0
766 1790 106.0
1790 766 106.0
766 1022 110.0
1022 766 110.0
766 768 101.0
768 766 101.0
767 1791 110.0
1791 767 110.0
767 1023 108.0
1023 767 108.0
767 768 110.0
768 767 110.0
768 1792 104.0
1792 768 104.0
768 1024 107.0
1024 768 107.0
769 1793 100.0
1793 769 100.0
769 897 100.0
897 769 100.0
769 833 105.0
833 769 105.0
769 801 100.0
801 769 100.0
769 785 105.0
785 769 105.0
769 777 104.0
777 769 104.0
769 773 110.0
773 769 110.0
769 771 110.0
771 769 110.0
769 770 103.0
770 769 103.0
770 1794 106.0
1794 770 106.0
770 898 108.0
898 770 108.0
770 834 107.0
834 770 107.0
770 802 105.0
802 770 105.0
770 786 110.0
786 770 110.0
770 778 107.0
778 770 107.0
770 774 102.0
774 770 102.0
770 772 106.0
772 770 106.0
771 1795 102.0
1795 771 102.0
771 899 109.0
899 771 109.0
771 835 102.0
835 771 102.0
771 803 105.0
803 771 105.0
771 787 101.0
787 771 101.0
771 779 106.0
779 771 106.0
771 775 108.0
775 771 108.0
771 772 104.0
772 771 104.0
772 1796 102.0
1796 772 102.0
772 900 106.0
900 772 106.0
772 836 102.0
836 772 102.0
772 804 101.0
804 772 101.0
772 788 106.0
788 772 106.0
772 780 105.0
780 772 105.0
772 776 102.0
776 772 102.0
773 1797 109.0
1797 773 109.0
773 901 104.0
901 773 104.0
773 837 110.0
837 773 110.0
773 805 105.0
805 773 105.0
773 789 100.0
789 773 100.0
773 781 107.0
781 773 107.0
773 775 105.0
775 773 105.0
773 774 108.0
774 773 108.0
774 1798 103.0
1798 774 103.0
774 902 109.0
902 774 109.0
774 838 102.0
838 774 102.0
774 806 106.0
806 774 106.0
774 790 103.0
790 774 103.0
774 782 104.0
782 774 104.0
774 776 101.0
776 774 101.0
775 1799 103.0
1799 775 103.0
775 903 102.0
903 775 102.0
775 839 105.0
839 775 105.0
775 807 109.0
807 775 109.0
775 791 101.0
791 775 101.0
775 783 101.0
783 775 101.0
775 776 110.0
776 775 110.0
776 1800 110.0
1800 776 110.0
776 904 105.0
904 776 105.0
776 840 107.0
840 776 107.0
776 808 101.0
808 776 101.0
776 792 110.0
792 776 110.0
776 784 107.0
784 776 107.0
777 1801 109.0
1801 777 109.0
777 905 103.0
905 777 103.0
777 841 105.0
841 777 105.0
777 809 100.0
809 777 100.0
777 793 109.0
793 777 109.0
777 781 105.0
781 777 105.0
777 779 102.0
779 777 102.0
777 778 110.0
778 777 110.0
778 1802 106.0
1802 778 106.0
778 906 103.0
906 778 103.0
778 842 102.0
842 778 102.0
778 810 106.0
810 778 106.0
778 794 108.0
794 778 108.0
778 782 107.0
782 778 107.0
778 780 106.0
780 778 106.0
779 1803 104.0
1803 779 104.0
779 907 106.0
907 779 106.0
779 843 102.0
843 779 102.0
779 811 100.0
811 779 100.0
779 795 109.0
795 779 109.0
779 783 110.0
783 779 110.0
779 780 108.0
780 779 108.0
780 1804 106.0
1804 780 106.0
780 908 104.0
908 780 104.0
780 844 101.0
844 780 101.0
780 812 102.0
812 780 102.0
780 796 104.0
796 780 104.0
780 784 107.0
784 780 107.0
781 1805 101.0
1805 781 101.0
781 909 107.0
909 781 107.0
781 845 109.0
845 781 109.0
781 813 108.0
813 781 108.0
781 797 102.0
797 781 102.0
781 783 107.0
783 781 107.0
781 782 108.0
782 781 108.0
782 1806 106.0
1806 782 106.0
782 910 110.0
910 782 110.0
782 846 103.0
846 782 103.0
782 814 101.0
814 782 101.0
782 798 104.0
798 782 104.0
782 784 107.0
784 782 107.0
783 1807 104.0
1807 783 104.0
783 911 102.0
911 783 102.0
783 847 104.0
847 783 104.0
783 815 103.0
815 783 103.0
783 799 109.0
799 783 109.0
783 784 107.0
784 783 107.0
784 1808 110.0
1808 784 110.0
784 912 106.0
912 784 106.0
784 848 109.0
848 784 109.0
784 816 103.0
816 784 103.0
784 800 100.0
800 784 100.0
785 1809 100.0
1809 785 100.0
785 913 108.0
913 785 108.0
785 849 100.0
849 785 100.0
785 817 103.0
817 785 103.0
785 793 108.0
793 785 108.0
785 789 110.0
789 785 110.0
785 787 100.0
787 785 100.0
785 786 105.0
786 785 105.0
786 1810 101.0
1810 786 101.0
786 914 110.0
914 786 110.0
786 850 109.0
850 786 109.0
786 818 103.0
818 786 103.0
786 794 106.0
794 786 106.0
786 790 103.0
790 786 103.0
786 788 102.0
788 786 102.0
787 1811 109.0
1811 787 109.0
787 915 110.0
915 787 110.0
787 851 104.0
851 787 104.0
787 819 104.0
819 787 104.0
787 795 104.0
795 787 104.0
787 791 105.0
791 787 105.0
787 788 105.0
788 787 105.0
788 1812 104.0
1812 788 104.0
788 916 105.0
916 788 105.0
788 852 101.0
852 788 101.0
788 820 109.0
820 788 109.0
788 796 107.0
796 788 107.0
788 792 102.0
792 788 102.0
789 1813 110.0
1813 789 110.0
789 917 104.0
917 789 104.0
789 853 104.0
853 789 104.0
789 821 102.0
821 789 102.0
789 797 103.0
797 789 103.0
789 791 102.0
791 789 102.0
789 790 109.0
790 789 109.0
790 1814 107.0
1814 790 107.0
790 918 109.0
918 790 109.0
790 854 108.0
854 790 108.0
790 822 100.0
822 790 100.0
790 798 105.0
798 790 105.0
790 792 104.0
792 790 104.0
791 1815 103.0
1815 791 103.0
791 919 110.0
919 791 110.0
791 855 110.0
855 791 110.0
791 823 103.0
823 791 103.0
791 799 101.0
799 791 101.0
791 792 105.0
792 791 105.0
792 1816 108.0
1816 792 108.0
792 920 106.0
920 792 106.0
792 856 106.0
856 792 106.0
792 824 101.0
824 792 101.0
792 800 109.0
800 792 109.0
793 1817 106.0
1817 793 106.0
793 921 108.0
921 793 108.0
793 857 100.0
857 793 100.0
793 825 102.0
825 793 102.0
793 797 101.0
797 793 101.0
793 795 102.0
795 793 102.0
793 794 108.0
794 793 108.0
794 1818 105.0
1818 794 105.0
794 922 106.0
922 794 106.0
794 858 105.0
858 794 105.0
794 826 107.0
826 794 107.0
794 798 110.0
798 794 110.0
794 796 109.0
796 794 109.0
795 1819 105.0
1819 795 105.0
795 923 102.0
923 795 102.0
795 859 100.0
859 795 100.0
795 827 101.0
827 795 101.0
795 799 102.0
799 795 102.0
795 796 104.0
796 795 104.0
796 1820 109.0
1820 796 109.0
796 924 100.0
924 796 100.0
796 860 109.0
860 796 109.0
796 828 109.0
828 796 109.0
796 800 108.0
800 796 108.0
797 1821 100.0
1821 797 100.0
797 925 100.0
925 797 100.0
797 861 105.0
861 797 105.0
797 829 100.0
829 797 100.0
797 799 107.0
799 797 107.0
797 798 103.0
798 797 103.0
798 1822 109.0
1822 798 109.0
798 926 101.0
926 798 101.0
798 862 110.0
862 798 110.0
798 830 102.0
830 798 102.0
798 800 101.0
800 798 101.0
799 1823 109.0
1823 799 109.0
799 927 105.0
927 799 105.0
799 863 100.0
863 799 100.0
799 831 109.0
831 799 109.0
799 800 103.0
800 799 103.0
800 1824 110.0
1824 800 110.0
800 928 109.0
928 800 109.0
800 864 108.0
864 800 108.0
800 832 102.0
832 800 102.0
801 1825 106.0
1825 801 106.0
801 929 108.0
929 801 108.0
801 865 106.0
865 801 106.0
801 817 109.0
817 801 109.0
801 809 101.0
809 801 101.0
801 805 106.0
805 801 106.0
801 803 103.0
803 801 103.0
801 802 103.0
802 801 103.0
802 1826 104.0
1826 802 104.0
802 930 101.0
930 802 101.0
802 866 110.0
866 802 110.0
802 818 108.0
818 802 108.0
802 810 103.0
810 802 103.0
802 806 106.0
806 802 106.0
802 804 104.0
804 802 104.0
803 1827 105.0
1827 803 105.0
803 931 105.0
931 803 105.0
803 867 108.0
867 803 108.0
803 819 102.0
819 803 102.0
803 811 106.0
811 803 106.0
803 807 102.0
807 803 102.0
803 804 106.0
804 803 106.0
804 1828 104.0
1828 804 104.0
804 932 100.0
932 804 100.0
804 868 105.0
868 804 105.0
804 820 106.0
820 804 106.0
804 812 105.0
812 804 105.0
804 808 108.0
808 804 108.0
805 1829 102.0
1829 805 102.0
805 933 102.0
933 805 102.0
805 869 105.0
869 805 105.0
805 821 101.0
821 805 101.0
805 813 110.0
813 805 110.0
805 807 103.0
807 805 103.0
805 806 108.0
806 805 108.0
806 1830 100.0
1830 806 100.0
806 934 105.0
934 806 105.0
806 870 104.0
870 806 104.0
806 822 104.0
822 806 104.0
806 814 105.0
814 806 105.0
806 808 106.0
808 806 106.0
807 1831 109.0
1831 807 109.0
807 935 109.0
935 807 109.0
807 871 106.0
871 807 106.0
807 823 108.0
823 807 108.0
807 815 102.0
815 807 102.0
807 808 108.0
808 807 108.0
808 1832 102.0
1832 808 102.0
808 936 104.0
936 808 104.0
808 872 110.0
872 808 110.0
808 824 103.0
824 808 103.0
808 816 100.0
816 808 100.0
809 1833 103.0
1833 809 103.0
809 937 108.0
937 809 108.0
809 873 107.0
873 809 107.0
809 825 106.0
825 809 106.0
809 813 108.0
813 809 108.0
809 811 109.0
811 809 109.0
809 810 105.0
810 809 105.0
810 1834 105.0
1834 810 105.0
810 938 107.0
938 810 107.0
810 874 110.0
874 810 110.0
810 826 108.0
826 810 108.0
810 814 103.0
814 810 103.0
810 812 101.0
812 810 101.0
811 1835 106.0
1835 811 106.0
811 939 103.0
939 811 103.0
811 875 110.0
875 811 110.0
811 827 100.0
827 811 100.0
811 815 100.0
815 811 100.0
811 812 100.0
812 811 100.0
812 1836 103.0
1836 812 103.0
812 940 106.0
940 812 106.0
812 876 102.0
876 812 102.0
812 828 103.0
828 812 103.0
812 816 102.0
816 812 102.0
813 1837 106.0
1837 813 106.0
813 941 110.0
941 813 110.0
813 877 107.0
877 813 107.0
813 829 101.0
829 813 101.0
813 815 101.0
815 813 101.0
813 814 104.0
814 813 104.0
814 1838 107.0
1838 814 107.0
814 942 108.0
942 814 108.0
814 878 110.0
878 814 110.0
814 830 103.0
830 814 103.0
814 816 105.0
816 814 105.0
815 1839 107.0
1839 815 107.0
815 943 106.0
943 815 106.0
815 879 104.0
879 815 104.0
815 831 104.0
831 815 104.0
815 816 101.0
816 815 101.0
816 1840 106.0
1840 816 106.0
816 944 100.0
944 816 100.0
816 880 110.0
880 816 110.0
816 832 101.0
832 816 101.0
817 1841 106.0
1841 817 106.0
817 945 110.0
945 817 110.0
817 881 102.0
881 817 102.0
817 825 108.0
825 817 108.0
817 821 110.0
821 817 110.0
817 819 101.0
819 817 101.0
817 818 104.0
818 817 104.0
818 1842 100.0
1842 818 100.0
818 946 103.0
946 818 103.0
818 882 100.0
882 818 100.0
818 826 103.0
826 818 103.0
818 822 110.0
822 818 110.0
818 820 103.0
820 818 103.0
819 1843 107.0
1843 819 107.0
819 947 100.0
947 819 100.0
819 883 101.0
883 819 101.0
819 827 100.0
827 819 100.0
819 823 104.0
823 819 104.0
819 820 105.0
820 819 105.0
820 1844 109.0
1844 820 109.0
820 948 105.0
948 820 105.0
820 884 110.0
884 820 110.0
820 828 103.0
828 820 103.0
820 824 104.0
824 820 104.0
821 1845 103.0
1845 821 103.0
821 949 100.0
949 821 100.0
821 885 103.0
885 821 103.0
821 829 101.0
829 821 101.0
821 823 105.0
823 821 105.0
821 822 104.0
822 821 104.0
822 1846 110.0
1846 822 110.0
822 950 110.0
950 822 110.0
822 886 108.0
886 822 108.0
822 830 101.0
830 822 101.0
822 824 107.0
824 822 107.0
823 1847 104.0
1847 823 104.0
823 951 102.0
951 823 102.0
823 887 102.0
887 823 102.0
823 831 102.0
831 823 102.0
823 824 108.0
824 823 108.0
824 1848 106.0
1848 824 106.0
824 952 110.0
952 824 110.0
824 888 101.0
888 824 101.0
824 832 102.0
832 824 102.0
825 1849 101.0
1849 825 101.0
825 953 107.0
953 825 107.0
825 889 100.0
889 825 100.0
825 829 100.0
829 825 100.0
825 827 105.0
827 825 105.0
825 826 109.0
826 825 109.0
826 1850 106.0
1850 826 106.0
826 954 108.0
954 826 108.0
826 890 106.0
890 826 106.0
826 830 107.0
830 826 107.0
826 828 109.0
828 826 109.0
827 1851 107.0
1851 827 107.0
827 955 107.0
955 827 107.0
827 891 110.0
891 827 110.0
827 831 102.0
831 827 102.0
827 828 107.0
828 827 107.0
828 1852 107.0
1852 828 107.0
828 956 100.0
956 828 100.0
828 892 104.0
892 828 104.0
828 832 107.0
832 828 107.0
829 1853 107.0
1853 829 107.0
829 957 110.0
957 829 110.0
829 893 103.0
893 829 103.0
829 831 101.0
831 829 101.0
829 830 100.0
830 829 100.0
830 1854 109.0
1854 830 109.0
830 958 105.0
958 830 105.0
830 894 104.0
894 830 104.0
830 832 105.0
832 830 105.0
831 1855 109.0
1855 831 109.0
831 959 110.0
959 831 110.0
831 895 100.0
895 831 100.0
831 832 100.0
832 831 100.0
832 1856 107.0
1856 832 107.0
832 960 107.0
960 832 107.0
832 896 101.0
896 832 101.0
833 1857 110.0
1857 833 110.0
833 961 101.0
961 833 101.0
833 865 104.0
865 833 104.0
833 849 107.0
849 833 107.0
833 841 110.0
841 833 110.0
833 837 107.0
837 833 107.0
833 835 106.0
835 833 106.0
833 834 108.0
834 833 108.0
834 1858 102.0
1858 834 102.0
834 962 104.0
962 834 104.0
834 866 100.0
866 834 100.0
834 850 109.0
850 834 109.0
834 842 101.0
842 834 101.0
834 838 109.0
838 834 109.0
834 836 109.0
836 834 109.0
835 1859 106.0
1859 835 106.0
835 963 108.0
963 835 108.0
835 867 104.0
867 835 104.0
835 851 101.0
851 835 101.0
835 843 110.0
843 835 110.0
835 839 107.0
839 835 107.0
835 836 105.0
836 835 105.0
836 1860 101.0
1860 836 101.0
836 964 101.0
964 836 101.0
836 868 110.0
868 836 110.0
836 852 110.0
852 836 110.0
836 844 106.0
844 836 106.0
836 840 100.0
840 836 100.0
837 1861 100.0
1861 837 100.0
837 965 107.0
965 837 107.0
837 869 102.0
869 837 102.0
837 853 110.0
853 837 110.0
837 845 101.0
845 837 101.0
837 839 108.0
839 837 108.0
837 838 108.0
838 837 108.0
838 1862 107.0
1862 838 107.0
838 966 110.0
966 838 110.0
838 870 101.0
870 838 101.0
838 854 106.0
854 838 106.0
838 846 107.0
846 838 107.0
838 840 105.0
840 838 105.0
839 1863 100.0
1863 839 100.0
839 967 101.0
967 839 101.0
839 871 109.0
871 839 109.0
839 855 110.0
855 839 110.0
839 847 109.0
847 839 109.0
839 840 104.0
840 839 104.0
840 1864 107.0
1864 840 107.0
840 968 109.0
968 840 109.0
840 872 105.0
872 840 105.0
840 856 102.0
856 840 102.0
840 848 100.0
848 840 100.0
841 1865 103.0
1865 841 103.0
841 969 104.0
969 841 104.0
841 873 105.0
873 841 105.0
841 857 105.0
857 841 105.0
841 845 106.0
845 841 106.0
841 843 101.0
843 841 101.0
841 842 100.0
842 841 100.0
842 1866 100.0
1866 842 100.0
842 970 102.0
970 842 102.0
842 874 109.0
874 842 109.0
842 858 100.0
858 842 100.0
842 846 100.0
846 842 100.0
842 844 105.0
844 842 105.0
843 1867 109.0
1867 843 109.0
843 971 104.0
971 843 104.0
843 875 103.0
875 843 103.0
843 859 103.0
859 843 103.0
843 847 109.0
847 843 109.0
843 844 102.0
844 843 102.0
844 1868 101.0
1868 844 101.0
844 972 101.0
972 844 101.0
844 876 102.0
876 844 102.0
844 860 106.0
860 844 106.0
844 848 108.0
848 844 108.0
845 1869 107.0
1869 845 107.0
845 973 103.0
973 845 103.0
845 877 104.0
877 845 104.0
845 861 106.0
861 845 106.0
845 847 101.0
847 845 101.0
845 846 101.0
846 845 101.0
846 1870 103.0
1870 846 103.0
846 974 107.0
974 846 107.0
846 878 104.0
878 846 104.0
846 862 104.0
862 846 104.0
846 848 105.0
848 846 105.0
847 1871 104.0
1871 847 104.0
847 975 104.0
975 847 104.0
847 879 108.0
879 847 108.0
847 863 109.0
863 847 109.0
847 848 100.0
848 847 100.0
848 1872 102.0
1872 848 102.0
848 976 106.0
976 848 106.0
848 880 103.0
880 848 103.0
848 864 100.0
864 848 100.0
849 1873 107.0
1873 849 107.0
849 977 105.0
977 849 105.0
849 881 104.0
881 849 104.0
849 857 110.0
857 849 110.0
849 853 101.0
853 849 101.0
849 851 100.0
851 849 100.0
849 850 102.0
850 849 102.0
850 1874 109.0
1874 850 109.0
850 978 109.0
978 850 109.0
850 882 104.0
882 850 104.0
850 858 105.0
858 850 105.0
850 854 107.0
854 850 107.0
850 852 104.0
852 850 104.0
851 1875 103.0
1875 851 103.0
851 979 101.0
979 851 101.0
851 883 105.0
883 851 105.0
851 859 105.0
859 851 105.0
851 855 107.0
855 851 107.0
851 852 109.0
852 851 109.0
852 1876 104.0
1876 852 104.0
852 980 105.0
980 852 105.0
852 884 108.0
884 852 108.0
852 860 106.0
860 852 106.0
852 856 110.0
856 852 110.0
853 1877 110.0
1877 853 110.0
853 981 103.0
981 853 103.0
853 885 106.0
885 853 106.0
853 861 106.0
861 853 106.0
853 855 102.0
855 853 102.0
853 854 103.0
854 853 103.0
854 1878 105.0
1878 854 105.0
854 982 102.0
982 854 102.0
854 886 106.0
886 854 106.0
854 862 102.0
862 854 102.0
854 856 109.0
856 854 109.0
855 1879 106.0
1879 855 106.0
855 983 103.0
983 855 103.0
855 887 102.0
887 855 102.0
855 863 101.0
863 855 101.0
855 856 100.0
856 855 100.0
856 1880 106.0
1880 856 106.0
856 984 106.0
984 856 106.0
856 888 109.0
888 856 109.0
856 864 110.0
864 856 110.0
857 1881 101.0
1881 857 101.0
857 985 104.0
985 857 104.0
857 889 100.0
889 857 100.0
857 861 106.0
861 857 106.0
857 859 105.0
859 857 105.0
857 858 101.0
858 857 101.0
858 1882 110.0
1882 858 110.0
858 986 100.0
986 858 100.0
858 890 108.0
890 858 108.0
858 862 108.0
862 858 108.0
858 860 105.0
860 858 105.0
859 1883 102.0
1883 859 102.0
859 987 102.0
987 859 102.0
859 891 108.0
891 859 108.0
859 863 105.0
863 859 105.0
859 860 105.0
860 859 105.0
860 1884 102.0
1884 860 102.0
860 988 105.0
988 860 105.0
860 892 109.0
892 860 109.0
860 864 106.0
864 860 106.0
861 1885 100.0
1885 861 100.0
861 989 107.0
989 861 107.0
861 893 103.0
893 861 103.0
861 863 100.0
863 861 100.0
861 862 107.0
862 861 107.0
862 1886 102.0
1886 862 102.0
862 990 109.0
990 862 109.0
862 894 110.0
894 862 110.0
862 864 102.0
864 862 102.0
863 1887 102.0
1887 863 102.0
863 991 108.0
991 863 108.0
863 895 105.0
895 863 105.0
863 864 103.0
864 863 103.0
864 1888 100.0
1888 864 100.0
864 992 102.0
992 864 102.0
864 896 110.0
896 864 110.0
865 1889 104.0
1889 865 104.0
865 993 109.0
993 865 109.0
865 881 110.0
881 865 110.0
865 873 110.0
873 865 110.0
865 869 106.0
869 865 106.0
865 867 107.0
867 865 107.0
865 866 110.0
866 865 110.0
866 1890 100.0
1890 866 100.0
866 994 106.0
994 866 106.0
866 882 102.0
882 866 102.0
866 874 101.0
874 866 101.0
866 870 102.0
870 866 102.0
866 868 104.0
868 866 104.0
867 1891 100.0
1891 867 100.0
867 995 110.0
995 867 110.0
867 883 103.0
883 867 103.0
867 875 101.0
875 867 101.0
867 871 105.0
871 867 105.0
867 868 100.0
868 867 100.0
868 1892 109.0
1892 868 109.0
868 996 110.0
996 868 110.0
868 884 107.0
884 868 107.0
868 876 106.0
876 868 106.0
868 872 109.0
872 868 109.0
869 1893 108.0
1893 869 108.0
869 997 105.0
997 869 105.0
869 885 100.0
885 869 100.0
869 877 105.0
877 869 105.0
869 871 101.0
871 869 101.0
869 870 108.0
870 869 108.0
870 1894 108.0
1894 870 108.0
870 998 102.0
998 870 102.0
870 886 107.0
886 870 107.0
870 878 103.0
878 870 103.0
870 872 108.0
872 870 108.0
871 1895 109.0
1895 871 109.0
871 999 100.0
999 871 100.0
871 887 109.0
887 871 109.0
871 879 109.0
879 871 109.0
871 872 108.0
872 871 108.0
872 1896 105.0
1896 872 105.0
872 1000 110.0
1000 872 110.0
872 888 109.0
888 872 109.0
872 880 102.0
880 872 102.0
873 1897 104.0
1897 873 104.0
873 1001 110.0
1001 873 110.0
873 889 105.0
889 873 105.0
873 877 101.0
877 873 101.0
873 875 110.0
875 873 110.0
873 874 100.0
874 873 100.0
874 1898 101.0
1898 874 101.0
874 1002 102.0
1002 874 102.0
874 890 104.0
890 874 104.0
874 878 104.0
878 874 104.0
874 876 104.0
876 874 104.0
875 1899 103.0
1899 875 103.0
875 1003 100.0
1003 875 100.0
875 891 102.0
891 875 102.0
875 879 103.0
879 875 103.0
875 876 101.0
876 875 101.0
876 1900 103.0
1900 876 103.0
876 1004 101.0
1004 876 101.0
876 892 105.0
892 876 105.0
876 880 110.0
880 876 110.0
877 1901 107.0
1901 877 107.0
877 1005 110.0
1005 877 110.0
877 893 109.0
893 877 109.0
877 879 107.0
879 877 107.0
877 878 108.0
878 877 108.0
878 1902 101.0
1902 878 101.0
878 1006 108.0
1006 878 108.0
878 894 102.0
894 878 102.0
878 880 110.0
880 878 110.0
879 1903 100.0
1903 879 100.0
879 1007 104.0
1007 879 104.0
879 895 101.0
895 879 101.0
879 880 110.0
880 879 110.0
880 1904 105.0
1904 880 105.0
880 1008 110.0
1008 880 110.0
880 896 106.0
896 880 106.0
881 1905 101.0
1905 881 101.0
881 1009 106.0
1009 881 106.0
881 889 105.0
889 881 105.0
881 885 103.0
885 881 103.0
881 883 109.0
883 881 109.0
881 882 107.0
882 881 107.0
882 1906 110.0
1906 882 110.0
882 1010 100.0
1010 882 100.0
882 890 100.0
890 882 100.0
882 886 109.0
886 882 109.0
882 884 102.0
884 882 102.0
883 1907 104.0
1907 883 104.0
883 1011 107.0
1011 883 107.0
883 891 108.0
891 883 108.0
883 887 108.0
887 883 108.0
883 884 108.0
884 883 108.0
884 1908 104.0
1908 884 104.0
884 1012 109.0
1012 884 109.0
884 892 104.0
892 884 104.0
884 888 102.0
888 884 102.0
885 1909 100.0
1909 885 100.0
885 1013 106.0
1013 885 106.0
885 893 100.0
893 885 100.0
885 887 106.0
887 885 106.0
885 886 105.0
886 885 105.0
886 1910 110.0
1910 886 110.0
886 1014 101.0
1014 886 101.0
886 894 108.0
894 886 108.0
886 888 107.0
888 886 107.0
887 1911 108.0
1911 887 108.0
887 1015 105.0
1015 887 105.0
887 895 102.0
895 887 102.0
887 888 109.0
888 887 109.0
888 1912 100.0
1912 888 100.0
888 1016 103.0
1016 888 103.0
888 896 107.0
896 888 107.0
889 1913 100.0
1913 889 100.0
889 1017 109.0
1017 889 109.0
889 893 100.0
893 889 100.0
889 891 105.0
891 889 105.0
889 890 110.0
890 889 110.0
890 1914 108.0
1914 890 108.0
890 1018 107.0
1018 890 107.0
890 894 100.0
894 890 100.0
890 892 105.0
892 890 105.0
891 1915 108.0
1915 891 108.0
891 1019 106.0
1019 891 106.0
891 895 107.0
895 891 107.0
891 892 103.0
892 891 103.0
892 1916 108.0
1916 892 108.0
892 1020 104.0
1020 892 104.0
892 896 103.0
896 892 103.0
893 1917 105.0
1917 893 105.0
893 1021 110.0
1021 893 110.0
893 895 109.0
895 893 109.0
893 894 109.0
894 893 109.0
894 1918 109.0
1918 894 109.0
894 1022 110.0
1022 894 110.0
894 896 105.0
896 894 105.0
895 1919 103.0
1919 895 103.0
895 1023 110.0
1023 895 110.0
895 896 105.0
896 895 105.0
896 1920 107.0
1920 896 107.0
896 1024 104.0
1024 896 104.0
897 1921 106.0
1921 897 106.0
897 961 108.0
961 897 108.0
897 929 101.0
929 897 101.0
897 913 100.0
913 897 100.0
897 905 104.0
905 897 104.0
897 901 100.0
901 897 100.0
897 899 105.0
899 897 105.0
897 898 107.0
898 897 107.0
898 1922 102.0
1922 898 102.0
898 962 104.0
962 898 104.0
898 930 104.0
930 898 104.0
898 914 110.0
914 898 110.0
898 906 106.0
906 898 106.0
898 902 105.0
902 898 105.0
898 900 102.0
900 898 102.0
899 1923 107.0
1923 899 107.0
899 963 107.0
963 899 107.0
899 931 107.0
931 899 107.0
899 915 104.0
915 899 104.0
899 907 101.0
907 899 101.0
899 903 104.0
903 899 104.0
899 900 107.0
900 899 107.0
900 1924 103.0
1924 900 103.0
900 964 100.0
964 900 100.0
900 932 106.0
932 900 106.0
900 916 106.0
916 900 106.0
900 908 107.0
908 900 107.0
900 904 103.0
904 900 103.0
901 1925 104.0
1925 901 104.0
901 965 106.0
965 901 106.0
901 933 105.0
933 901 105.0
901 917 106.0
917 901 106.0
901 909 109.0
909 901 109.0
901 903 105.0
903 901 105.0
901 902 103.0
902 901 103.0
902 1926 103.0
1926 902 103.0
902 966 102.0
966 902 102.0
902 934 109.0
934 902 109.0
902 918 105.0
918 902 105.0
902 910 109.0
910 902 109.0
902 904 105.0
904 902 105.0
903 1927 107.0
1927 903 107.0
903 967 103.0
967 903 103.0
903 935 105.0
935 903 105.0
903 919 105.0
919 903 105.0
903 911 101.0
911 903 101.0
903 904 106.0
904 903 106.0
904 1928 101.0
1928 904 101.0
904 968 102.0
968 904 102.0
904 936 107.0
936 904 107.0
904 920 106.0
920 904 106.0
904 912 107.0
912 904 107.0
905 1929 100.0
1929 905 100.0
905 969 103.0
969 905 103.0
905 937 108.0
937 905 108.0
905 921 101.0
921 905 101.0
905 909 106.0
909 905 106.0
905 907 105.0
907 905 105.0
905 906 103.0
906 905 103.0
906 1930 100.0
1930 906 100.0
906 970 106.0
970 906 106.0
906 938 101.0
938 906 101.0
906 922 103.0
922 906 103.0
906 910 107.0
910 906 107.0
906 908 108.0
908 906 108.0
907 1931 107.0
1931 907 107.0
907 971 109.0
971 907 109.0
907 939 103.0
939 907 103.0
907 923 107.0
923 907 107.0
907 911 104.0
911 907 104.0
907 908 102.0
908 907 102.0
908 1932 110.0
1932 908 110.0
908 972 108.0
972 908 108.0
908 940 106.0
940 908 106.0
908 924 102.0
924 908 102.0
908 912 105.0
912 908 105.0
909 1933 110.0
1933 909 110.0
909 973 100.0
973 909 100.0
909 941 110.0
941 909 110.0
909 925 103.0
925 909 103.0
909 911 102.0
911 909 102.0
909 910 107.0
910 909 107.0
910 1934 104.0
1934 910 104.0
910 974 107.0
974 910 107.0
910 942 104.0
942 910 104.0
910 926 108.0
926 910 108.0
910 912 100.0
912 910 100.0
911 1935 109.0
1935 911 109.0
911 975 106.0
975 911 106.0
911 943 102.0
943 911 102.0
911 927 105.0
927 911 105.0
911 912 104.0
912 911 104.0
912 1936 108.0
1936 912 108.0
912 976 107.0
976 912 107.0
912 944 108.0
944 912 108.0
912 928 103.0
928 912 103.0
913 1937 110.0
1937 913 110.0
913 977 103.0
977 913 103.0
913 945 103.0
945 913 103.0
913 921 100.0
921 913 100.0
913 917 101.0
917 913 101.0
913 915 109.0
915 913 109.0
913 914 109.0
914 913 109.0
914 1938 107.0
1938 914 107.0
914 978 106.0
978 914 106.0
914 946 110.0
946 914 110.0
914 922 102.0
922 914 102.0
914 918 110.0
918 914 110.0
914 916 109.0
916 914 109.0
915 1939 103.0
1939 915 103.0
915 979 104.0
979 915 104.0
915 947 103.0
947 915 103.0
915 923 107.0
923 915 107.0
915 919 108.0
919 915 108.0
915 916 103.0
916 915 103.0
916 1940 106.0
1940 916 106.0
916 980 101.0
980 916 101.0
916 948 108.0
948 916 108.0
916 924 108.0
924 916 108.0
916 920 110.0
920 916 110.0
917 1941 104.0
1941 917 104.0
917 981 103.0
981 917 103.0
917 949 107.0
949 917 107.0
917 925 109.0
925 917 109.0
917 919 105.0
919 917 105.0
917 918 108.0
918 917 108.0
918 1942 109.0
1942 918 109.0
918 982 106.0
982 918 106.0
918 950 106.0
950 918 106.0
918 926 105.0
926 918 105.0
918 920 103.0
920 918 103.0
919 1943 106.0
1943 919 106.0
919 983 107.0
983 919 107.0
919 951 101.0
951 919 101.0
919 927 109.0
927 919 109.0
919 920 107.0
920 919 107.0
920 1944 110.0
1944 920 110.0
920 984 110.0
984 920 110.0
920 952 109.0
952 920 109.0
920 928 110.0
928 920 110.0
921 1945 103.0
1945 921 103.0
921 985 101.0
985 921 101.0
921 953 107.0
953 921 107.0
921 925 100.0
925 921 100.0
921 923 103.0
923 921 103.0
921 922 110.0
922 921 110.0
922 1946 101.0
1946 922 101.0
922 986 108.0
986 922 108.0
922 954 107.0
954 922 107.0
922 926 109.0
926 922 109.0
922 924 106.0
924 922 106.0
923 1947 107.0
1947 923 107.0
923 987 109.0
987 923 109.0
923 955 110.0
955 923 110.0
923 927 110.0
927 923 110.0
923 924 109.0
924 923 109.0
924 1948 106.0
1948 924 106.0
924 988 106.0
988 924 106.0
924 956 106.0
956 924 106.0
924 928 102.0
928 924 102.0
925 1949 104.0
1949 925 104.0
925 989 104.0
989 925 104.0
925 957 108.0
957 925 108.0
925 927 101.0
927 925 101.0
925 926 110.0
926 925 110.0
926 1950 104.0
1950 926 104.0
926 990 101.0
990 926 101.0
926 958 106.0
958 926 106.0
926 928 104.0
928 926 104.0
927 1951 102.0
1951 927 102.0
927 991 110.0
991 927 110.0
927 959 102.0
959 927 102.0
927 928 110.0
928 927 110.0
928 1952 110.0
1952 928 110.0
928 992 102.0
992 928 102.0
928 960 106.0
960 928 106.0
929 1953 101.0
1953 929 101.0
929 993 101.0
993 929 101.0
929 945 102.0
945 929 102.0
929 937 105.0
937 929 105.0
929 933 102.0
933 929 102.0
929 931 109.0
931 929 109.0
929 930 103.0
930 929 103.0
930 1954 107.0
1954 930 107.0
930 994 109.0
994 930 109.0
930 946 108.0
946 930 108.0
930 938 108.0
938 930 108.0
930 934 100.0
934 930 100.0
930 932 104.0
932 930 104.0
931 1955 105.0
1955 931 105.0
931 995 106.0
995 931 106.0
931 947 104.0
947 931 104.0
931 939 100.0
939 931 100.0
931 935 107.0
935 931 107.0
931 932 107.0
932 931 107.0
932 1956 108.0
1956 932 108.0
932 996 105.0
996 932 105.0
932 948 104.0
948 932 104.0
932 940 105.0
940 932 105.0
932 936 100.0
936 932 100.0
933 1957 101.0
1957 933 101.0
933 997 105.0
997 933 105.0
933 949 109.0
949 933 109.0
933 941 102.0
941 933 102.0
933 935 109.0
935 933 109.0
933 934 106.0
934 933 106.0
934 1958 106.0
1958 934 106.0
934 998 103.0
998 934 103.0
934 950 102.0
950 934 102.0
934 942 102.0
942 934 102.0
934 936 110.0
936 934 110.0
935 1959 105.0
1959 935 105.0
935 999 107.0
999 935 107.0
935 951 104.0
951 935 104.0
935 943 100.0
943 935 100.0
935 936 104.0
936 935 104.0
936 1960 103.0
1960 936 103.0
936 1000 108.0
1000 936 108.0
936 952 109.0
952 936 109.0
936 944 108.0
944 936 108.0
937 1961 110.0
1961 937 110.0
937 1001 104.0
1001 937 104.0
937 953 109.0
953 937 109.0
937 941 105.0
941 937 105.0
937 939 103.0
939 937 103.0
937 938 110.0
938 937 110.0
938 1962 106.0
1962 938 106.0
938 1002 104.0
1002 938 104.0
938 954 101.0
954 938 101.0
938 942 105.0
942 938 105.0
938 940 106.0
940 938 106.0
939 1963 105.0
1963 939 105.0
939 1003 110.0
1003 939 110.0
939 955 105.0
955 939 105.0
939 943 109.0
943 939 109.0
939 940 100.0
940 939 100.0
940 1964 102.0
1964 940 102.0
940 1004 108.0
1004 940 108.0
940 956 105.0
956 940 105.0
940 944 106.0
944 940 106.0
941 1965 102.0
1965 941 102.0
941 1005 110.0
1005 941 110.0
941 957 104.0
957 941 104.0
941 943 100.0
943 941 100.0
941 942 102.0
942 941 102.0
942 1966 101.0
1966 942 101.0
942 1006 107.0
1006 942 107.0
942 958 105.0
958 942 105.0
942 944 104.0
944 942 104.0
943 1967 101.0
1967 943 101.0
943 1007 101.0
1007 943 101.0
943 959 107.0
959 943 107.0
943 944 101.0
944 943 101.0
944 1968 103.0
1968 944 103.0
944 1008 109.0
1008 944 109.0
944 960 108.0
960 944 108.0
945 1969 102.0
1969 945 102.0
945 1009 100.0
1009 945 100.0
945 953 102.0
953 945 102.0
945 949 105.0
949 945 105.0
945 947 104.0
947 945 104.0
945 946 106.0
946 945 106.0
946 1970 110.0
1970 946 110.0
946 1010 102.0
1010 946 102.0
946 954 101.0
954 946 101.0
946 950 101.0
950 946 101.0
946 948 101.0
948 946 101.0
947 1971 101.0
1971 947 101.0
947 1011 100.0
1011 947 100.0
947 955 108.0
955 947 108.0
947 951 102.0
951 947 102.0
947 948 110.0
948 947 110.0
948 1972 107.0
1972 948 107.0
948 1012 109.0
1012 948 109.0
948 956 104.0
956 948 104.0
948 952 110.0
952 948 110.0
949 1973 106.0
1973 949 106.0
949 1013 107.0
1013 949 107.0
949 957 104.0
957 949 104.0
949 951 100.0
951 949 100.0
949 950 106.0
950 949 106.0
950 1974 102.0
1974 950 102.0
950 1014 100.0
1014 950 100.0
950 958 103.0
958 950 103.0
950 952 104.0
952 950 104.0
951 1975 109.0
1975 951 109.0
951 1015 106.0
1015 951 106.0
951 959 109.0
959 951 109.0
951 952 102.0
952 951 102.0
952 1976 100.0
1976 952 100.0
952 1016 102.0
1016 952 102.0
952 960 106.0
960 952 106.0
953 1977 102.0
1977 953 102.0
953 1017 103.0
1017 953 103.0
953 957 106.0
957 953 106.0
953 955 102.0
955 953 102.0
953 954 108.0
954 953 108.0
954 1978 104.0
1978 954 104.0
954 1018 105.0
1018 954 105.0
954 958 103.0
958 954 103.0
954 956 109.0
956 954 109.0
955 1979 101.0
1979 955 101.0
955 1019 107.0
1019 955 107.0
955 959 101.0
959 955 101.0
955 956 102.0
956 955 102.0
956 1980 105.0
1980 956 105.0
956 1020 102.0
1020 956 102.0
956 960 101.0
960 956 101.0
957 1981 109.0
1981 957 109.0
957 1021 100.0
1021 957 100.0
957 959 106.0
959 957 106.0
957 958 104.0
958 957 104.0
958 1982 101.0
1982 958 101.0
958 1022 104.0
1022 958 104.0
958 960 108.0
960 958 108.0
959 1983 105.0
1983 959 105.0
959 1023 105.0
1023 959 105.0
959 960 106.0
960 959 106.0
960 1984 101.0
1984 960 101.0
960 1024 100.0
1024 960 100.0
961 1985 102.0
1985 961 102.0
961 993 107.0
993 961 107.0
961 977 106.0
977 961 106.0
961 969 104.0
969 961 104.0
961 965 105.0
965 961 105.0
961 963 109.0
963 961 109.0
961 962 106.0
962 961 106.0
962 1986 108.0
1986 962 108.0
962 994 100.0
994 962 100.0
962 978 104.0
978 962 104.0
962 970 108.0
970 962 108.0
962 966 109.0
966 962 109.0
962 964 108.0
964 962 108.0
963 1987 105.0
1987 963 105.0
963 995 103.0
995 963 103.0
963 979 105.0
979 963 105.0
963 971 100.0
971 963 100.0
963 967 110.0
967 963 110.0
963 964 100.0
964 963 100.0
964 1988 109.0
1988 964 109.0
964 996 107.0
996 964 107.0
964 980 106.0
980 964 106.0
964 972 110.0
972 964 110.0
964 968 101.0
968 964 101.0
965 1989 108.0
1989 965 108.0
965 997 102.0
997 965 102.0
965 981 103.0
981 965 103.0
965 973 110.0
973 965 110.0
965 967 109.0
967 965 109.0
965 966 108.0
966 965 108.0
966 1990 103.0
1990 966 103.0
966 998 105.0
998 966 105.0
966 982 104.0
982 966 104.0
966 974 106.0
974 966 106.0
966 968 106.0
968 966 106.0
967 1991 103.0
1991 967 103.0
967 999 108.0
999 967 108.0
967 983 103.0
983 967 103.0
967 975 108.0
975 967 108.0
967 968 105.0
968 967 105.0
968 1992 103.0
1992 968 103.0
968 1000 103.0
1000 968 103.0
968 984 109.0
984 968 109.0
968 976 104.0
976 968 104.0
969 1993 110.0
1993 969 110.0
969 1001 101.0
1001 969 101.0
969 985 110.0
985 969 110.0
969 973 107.0
973 969 107.0
969 971 109.0
971 969 109.0
969 970 102.0
970 969 102.0
970 1994 107.0
1994 970 107.0
970 1002 109.0
1002 970 109.0
970 986 106.0
986 970 106.0
970 974 101.0
974 970 101.0
970 972 106.0
972 970 106.0
971 1995 105.0
1995 971 105.0
971 1003 108.0
1003 971 108.0
971 987 104.0
987 971 104.0
971 975 108.0
975 971 108.0
971 972 107.0
972 971 107.0
972 1996 107.0
1996 972 107.0
972 1004 109.0
1004 972 109.0
972 988 103.0
988 972 103.0
972 976 103.0
976 972 103.0
973 1997 102.0
1997 973 102.0
973 1005 103.0
1005 973 103.0
973 989 109.0
989 973 109.0
973 975 107.0
975 973 107.0
973 974 100.0
974 973 100.0
974 1998 104.0
1998 974 104.0
974 1006 106.0
1006 974 106.0
974 990 105.0
990 974 105.0
974 976 107.0
976 974 107.0
975 1999 110.0
1999 975 110.0
975 1007 105.0
1007 975 105.0
975 991 100.0
991 975 100.0
975 976 105.0
976 975 105.0
976 2000 107.0
2000 976 107.0
976 1008 105.0
1008 976 105.0
976 992 100.0
992 976 100.0
977 2001 102.0
2001 977 102.0
977 1009 105.0
1009 977 105.0
977 985 109.0
985 977 109.0
977 981 102.0
981 977 102.0
977 979 102.0
979 977 102.0
977 978 106.0
978 977 106.0
978 2002 105.0
2002 978 105.0
978 1010 103.0
1010 978 103.0
978 986 103.0
986 978 103.0
978 982 106.0
982 978 106.0
978 980 106.0
980 978 106.0
979 2003 101.0
2003 979 101.0
979 1011 108.0
1011 979 108.0
979 987 108.0
987 979 108.0
979 983 103.0
983 979 103.0
979 980 110.0
980 979 110.0
980 2004 108.0
2004 980 108.0
980 1012 102.0
1012 980 102.0
980 988 107.0
988 980 107.0
980 984 109.0
984 980 109.0
981 2005 104.0
2005 981 104.0
981 1013 102.0
1013 981 102.0
981 989 109.0
989 981 109.0
981 983 100.0
983 981 100.0
981 982 100.0
982 981 100.0
982 2006 103.0
2006 982 103.0
982 1014 100.0
1014 982 100.0
982 990 102.0
990 982 102.0
982 984 106.0
984 982 106.0
983 2007 108.0
2007 983 108.0
983 1015 102.0
1015 983 102.0
983 991 109.0
991 983 109.0
983 984 105.0
984 983 105.0
984 2008 110.0
2008 984 110.0
984 1016 108.0
1016 984 108.0
984 992 100.0
992 984 100.0
985 2009 102.0
2009 985 102.0
985 1017 110.0
1017 985 110.0
985 989 110.0
989 985 110.0
985 987 110.0
987 985 110.0
985 986 108.0
986 985 108.0
986 2010 105.0
2010 986 105.0
986 1018 101.0
1018 986 101.0
986 990 107.0
990 986 107.0
986 988 106.0
988 986 106.0
987 2011 109.0
2011 987 109.0
987 1019 100.0
1019 987 100.0
987 991 100.0
991 987 100.0
987 988 106.0
988 987 106.0
988 2012 105.0
2012 988 105.0
988 1020 109.0
1020 988 109.0
988 992 110.0
992 988 110.0
989 2013 109.0
2013 989 109.0
989 1021 101.0
1021 989 101.0
989 991 100.0
991 989 100.0
989 990 109.0
990 989 109.0
990 2014 109.0
2014 990 109.0
990 1022 110.0
1022 990 110.0
990 992 106.0
992 990 106.0
991 2015 100.0
2015 991 100.0
991 1023 100.0
1023 991 100.0
991 992 110.0
992 991 110.0
992 2016 100.0
2016 992 100.0
992 1024 104.0
1024 992 104.0
993 2017 104.0
2017 993 104.0
993 1009 106.0
1009 993 106.0
993 1001 101.0
1001 993 101.0
993 997 105.0
997 993 105.0
993 995 101.0
995 993 101.0
993 994 102.0
994 993 102.0
994 2018 108.0
2018 994 108.0
994 1010 108.0
1010 994 108.0
994 1002 103.0
1002 994 103.0
994 998 109.0
998 994 109.0
994 996 108.0
996 994 108.0
995 2019 103.0
2019 995 103.0
995 1011 108.0
1011 995 108.0
995 1003 110.0
1003 995 110.0
995 999 102.0
999 995 102.0
995 996 101.0
996 995 101.0
996 2020 110.0
2020 996 110.0
996 1012 106.0
1012 996 106.0
996 1004 105.0
1004 996 105.0
996 1000 103.0
1000 996 103.0
997 2021 103.0
2021 997 103.0
997 1013 103.0
1013 997 103.0
997 1005 104.0
1005 997 104.0
997 999 108.0
999 997 108.0
997 998 106.0
998 997 106.0
998 2022 109.0
2022 998 109.0
998 1014 104.0
1014 998 104.0
998 1006 105.0
1006 998 105.0
998 1000 100.0
1000 998 100.0
999 2023 110.0
2023 999 110.0
999 1015 102.0
1015 999 102.0
999 1007 109.0
1007 999 109.0
999 1000 101.0
1000 999 101.0
1000 2024 106.0
2024 1000 106.0
1000 1016 107.0
1016 1000 107.0
1000 1008 107.0
1008 1000 107.0
1001 2025 103.0
2025 1001 103.0
1001 1017 105.0
1017 1001 105.0
1001 1005 104.0
1005 1001 104.0
1001 1003 108.0
1003 1001 108.0
1001 1002 105.0
1002 1001 105.0
1002 2026 105.0
2026 1002 105.0
1002 1018 105.0
1018 1002 105.0
1002 1006 110.0
1006 1002 110.0
1002 1004 100.0
1004 1002 100.0
1003 2027 102.0
2027 1003 102.0
1003 1019 104.0
1019 1003 104.0
1003 1007 109.0
1007 1003 109.0
1003 1004 110.0
1004 1003 110.0
1004 2028 101.0
2028 1004 101.0
1004 1020 103.0
1020 1004 103.0
1004 1008 106.0
1008 1004 106.0
1005 2029 103.0
2029 1005 103.0
1005 1021 100.0
1021 1005 100.0
1005 1007 101.0
1007 1005 101.0
1005 1006 106.0
1006 1005 106.0
1006 2030 110.0
2030 1006 110.0
1006 1022 107.0
1022 1006 107.0
1006 1008 110.0
1008 1006 110.0
1007 2031 104.0
2031 1007 104.0
1007 1023 107.0
1023 1007 107.0
1007 1008 109.0
1008 1007 109.0
1008 2032 101.0
2032 1008 101.0
1008 1024 104.0
1024 1008 104.0
1009 2033 106.0
2033 1009 106.0
1009 1017 101.0
1017 1009 101.0
1009 1013 103.0
1013 1009 103.0
1009 1011 110.0
1011 1009 110.0
1009 1010 103.0
1010 1009 103.0
1010 2034 110.0
2034 1010 110.0
1010 1018 106.0
1018 1010 106.0
1010 1014 110.0
1014 1010 110.0
1010 1012 106.0
1012 1010 106.0
1011 2035 105.0
2035 1011 105.0
1011 1019 107.0
1019 1011 107.0
1011 1015 109.0
1015 1011 109.0
1011 1012 101.0
1012 1011 101.0
1012 2036 101.0
2036 1012 101.0
1012 1020 108.0
1020 1012 108.0
1012 1016 108.0
1016 1012 108.0
1013 2037 108.0
2037 1013 108.0
1013 1021 108.0
1021 1013 108.0
1013 1015 100.0
1015 1013 100.0
1013 1014 109.0
1014 1013 109.0
1014 2038 110.0
2038 1014 110.0
1014 1022 105.0
1022 1014 105.0
1014 1016 104.0
1016 1014 104.0
1015 2039 103.0
2039 1015 103.0
1015 1023 100.0
1023 1015 100.0
1015 1016 110.0
1016 1015 110.0
1016 2040 105.0
2040 1016 105.0
1016 1024 101.0
1024 1016 101.0
1017 2041 107.0
2041 1017 107.0
1017 1021 110.0
1021 1017 110.0
1017 1019 105.0
1019 1017 105.0
1017 1018 102.0
1018 1017 102.0
1018 2042 106.0
2042 1018 106.0
1018 1022 105.0
1022 1018 105.0
1018 1020 101.0
1020 1018 101.0
1019 2043 101.0
2043 1019 101.0
1019 1023 105.0
1023 1019 105.0
1019 1020 106.0
1020 1019 106.0
1020 2044 107.0
2044 1020 107.0
1020 1024 108.0
1024 1020 108.0
1021 2045 100.0
2045 1021 100.0
1021 1023 101.0
1023 1021 101.0
1021 1022 107.0
1022 1021 107.0
1022 2046 103.0
2046 1022 103.0
1022 1024 104.0
1024 1022 104.0
1023 2047 103.0
2047 1023 103.0
1023 1024 101.0
1024 1023 101.0
1024 2048 101.0
2048 1024 101.0
1025 1537 101.0
1537 1025 101.0
1025 1281 104.0
1281 1025 104.0
1025 1153 109.0
1153 1025 109.0
1025 1089 105.0
1089 1025 105.0
1025 1057 105.0
1057 1025 105.0
1025 1041 101.0
1041 1025 101.0
1025 1033 108.0
1033 1025 108.0
1025 1029 106.0
1029 1025 106.0
1025 1027 103.0
1027 1025 103.0
1025 1026 110.0
1026 1025 110.0
1026 1538 110.0
1538 1026 110.0
1026 1282 106.0
1282 1026 106.0
1026 1154 102.0
1154 1026 102.0
1026 1090 104.0
1090 1026 104.0
1026 1058 105.0
1058 1026 105.0
1026 1042 102.0
1042 1026 102.0
1026 1034 102.0
1034 1026 102.0
1026 1030 106.0
1030 1026 106.0
1026 1028 100.0
1028 1026 100.0
1027 1539 102.0
1539 1027 102.0
1027 1283 100.0
1283 1027 100.0
1027 1155 108.0
1155 1027 108.0
1027 1091 110.0
1091 1027 110.0
1027 1059 100.0
1059 1027 100.0
1027 1043 107.0
1043 1027 107.0
1027 1035 104.0
1035 1027 104.0
1027 1031 108.0
1031 1027 108.0
1027 1028 109.0
1028 1027 109.0
1028 1540 106.0
1540 1028 106.0
1028 1284 102.0
1284 1028 102.0
1028 1156 100.0
1156 1028 100.0
1028 1092 110.0
1092 1028 110.0
1028 1060 110.0
1060 1028 110.0
1028 1044 105.0
1044 1028 105.0
1028 1036 106.0
1036 1028 106.0
1028 1032 103.0
1032 1028 103.0
1029 1541 103.0
1541 1029 103.0
1029 1285 105.0
1285 1029 105.0
1029 1157 110.0
1157 1029 110.0
1029 1093 110.0
1093 1029 110.0
1029 1061 107.0
1061 1029 107.0
1029 1045 101.0
1045 1029 101.0
1029 1037 101.0
1037 1029 101.0
1029 1031 104.0
1031 1029 104.0
1029 1030 110.0
1030 1029 110.0
1030 1542 108.0
1542 1030 108.0
1030 1286 107.0
1286 1030 107.0
1030 1158 110.0
1158 1030 110.0
1030 1094 108.0
1094 1030 108.0
1030 1062 102.0
1062 1030 102.0
1030 1046 108.0
1046 1030 108.0
1030 1038 106.0
1038 1030 106.0
1030 1032 107.0
1032 1030 107.0
1031 1543 105.0
1543 1031 105.0
1031 1287 101.0
1287 1031 101.0
1031 1159 107.0
1159 1031 107.0
1031 1095 102.0
1095 1031 102.0
1031 1063 109.0
1063 1031 109.0
1031 1047 109.0
1047 1031 109.0
1031 1039 109.0
1039 1031 109.0
1031 1032 100.0
1032 1031 100.0
1032 1544 106.0
1544 1032 106.0
1032 1288 108.0
1288 1032 108.0
1032 1160 101.0
1160 1032 101.0
1032 1096 102.0
1096 1032 102.0
1032 1064 110.0
1064 1032 110.0
1032 1048 106.0
1048 1032 106.0
1032 1040 102.0
1040 1032 102.0
1033 1545 104.0
1545 1033 104.0
1033 1289 110.0
1289 1033 110.0
1033 1161 105.0
1161 1033 105.0
1033 1097 110.0
1097 1033 110.0
1033 1065 108.0
1065 1033 108.0
1033 1049 106.0
1049 1033 106.0
1033 1037 106.0
1037 1033 106.0
1033 1035 110.0
1035 1033 110.0
1033 1034 107.0
1034 1033 107.0
1034 1546 104.0
1546 1034 104.0
1034 1290 105.0
1290 1034 105.0
1034 1162 109.0
1162 1034 109.0
1034 1098 110.0
1098 1034 110.0
1034 1066 105.0
1066 1034 105.0
1034 1050 106.0
1050 1034 106.0
1034 1038 100.0
1038 1034 100.0
1034 1036 107.0
1036 1034 107.0
1035 1547 103.0
1547 1035 103.0
1035 1291 102.0
1291 1035 102.0
1035 1163 101.0
1163 1035 101.0
1035 1099 105.0
1099 1035 105.0
1035 1067 108.0
1067 1035 108.0
1035 1051 103.0
1051 1035 103.0
1035 1039 107.0
1039 1035 107.0
1035 1036 100.0
1036 1035 100.0
1036 1548 100.0
1548 1036 100.0
1036 1292 110.0
1292 1036 110.0
1036 1164 104.0
1164 1036 104.0
1036 1100 102.0
1100 1036 102.0
1036 1068 103.0
1068 1036 103.0
1036 1052 110.0
1052 1036 110.0
1036 1040 109.0
1040 1036 109.0
1037 1549 100.0
1549 1037 100.0
1037 1293 108.0
1293 1037 108.0
1037 1165 105.0
1165 1037 105.0
1037 1101 105.0
1101 1037 105.0
1037 1069 107.0
1069 1037 107.0
1037 1053 104.0
1053 1037 104.0
1037 1039 105.0
1039 1037 105.0
1037 1038 102.0
1038 1037 102.0
1038 1550 103.0
1550 1038 103.0
1038 1294 105.0
1294 1038 105.0
1038 1166 109.0
1166 1038 109.0
1038 1102 105.0
1102 1038 105.0
1038 1070 104.0
1070 1038 104.0
1038 1054 108.0
1054 1038 108.0
1038 1040 105.0
1040 1038 105.0
1039 1551 101.0
1551 1039 101.0
1039 1295 103.0
1295 1039 103.0
1039 1167 102.0
1167 1039 102.0
1039 1103 110.0
1103 1039 110.0
1039 1071 103.0
1071 1039 103.0
1039 1055 101.0
1055 1039 101.0
1039 1040 101.0
1040 1039 101.0
1040 1552 105.0
1552 1040 105.0
1040 1296 100.0
1296 1040 100.0
1040 1168 106.0
1168 1040 106.0
1040 1104 104.0
1104 1040 104.0
1040 1072 109.0
1072 1040 109.0
1040 1056 106.0
1056 1040 106.0
1041 1553 110.0
1553 1041 110.0
1041 1297 103.0
1297 1041 103.0
1041 1169 101.0
1169 1041 101.0
1041 1105 109.0
1105 1041 109.0
1041 1073 101.0
1073 1041 101.0
1041 1049 110.0
1049 1041 110.0
1041 1045 108.0
1045 1041 108.0
1041 1043 101.0
1043 1041 101.0
1041 1042 105.0
1042 1041 105.0
1042 1554 110.0
1554 1042 110.0
1042 1298 109.0
1298 1042 109.0
1042 1170 105.0
1170 1042 105.0
1042 1106 103.0
1106 1042 103.0
1042 1074 105.0
1074 1042 105.0
1042 1050 109.0
1050 1042 109.0
1042 1046 103.0
1046 1042 103.0
1042 1044 107.0
1044 1042 107.0
1043 1555 102.0
1555 1043 102.0
1043 1299 105.0
1299 1043 105.0
1043 1171 106.0
1171 1043 106.0
1043 1107 109.0
1107 1043 109.0
1043 1075 107.0
1075 1043 107.0
1043 1051 106.0
1051 1043 106.0
1043 1047 102.0
1047 1043 102.0
1043 1044 106.0
1044 1043 106.0
1044 1556 105.0
1556 1044 105.0
1044 1300 105.0
1300 1044 105.0
1044 1172 107.0
1172 1044 107.0
1044 1108 108.0
1108 1044 108.0
1044 1076 107.0
1076 1044 107.0
1044 1052 101.0
1052 1044 101.0
1044 1048 104.0
1048 1044 104.0
1045 1557 105.0
1557 1045 105.0
1045 1301 110.0
1301 1045 110.0
1045 1173 108.0
1173 1045 108.0
1045 1109 103.0
1109 1045 103.0
1045 1077 108.0
1077 1045 108.0
1045 1053 108.0
1053 1045 108.0
1045 1047 102.0
1047 1045 102.0
1045 1046 102.0
1046 1045 102.0
1046 1558 101.0
1558 1046 101.0
1046 1302 109.0
1302 1046 109.0
1046 1174 109.0
1174 1046 109.0
1046 1110 103.0
1110 1046 103.0
1046 1078 103.0
1078 1046 103.0
1046 1054 110.0
1054 1046 110.0
1046 1048 102.0
1048 1046 102.0
1047 1559 104.0
1559 1047 104.0
1047 1303 104.0
1303 1047 104.0
1047 1175 109.0
1175 1047 109.0
1047 1111 106.0
1111 1047 106.0
1047 1079 105.0
1079 1047 105.0
1047 1055 101.0
1055 1047 101.0
1047 1048 104.0
1048 1047 104.0
1048 1560 101.0
1560 1048 101.0
1048 1304 103.0
1304 1048 103.0
1048 1176 108.0
1176 1048 108.0
1048 1112 100.0
1112 1048 100.0
1048 1080 108.0
1080 1048 108.0
1048 1056 108.0
1056 1048 108.0
1049 1561 102.0
1561 1049 102.0
1049 1305 107.0
1305 1049 107.0
1049 1177 105.0
1177 1049 105.0
1049 1113 102.0
1113 1049 102.0
1049 1081 109.0
1081 1049 109.0
1049 1053 101.0
1053 1049 101.0
1049 1051 105.0
1051 1049 105.0
1049 1050 103.0
1050 1049 103.0
1050 1562 109.0
1562 1050 109.0
1050 1306 108.0
1306 1050 108.0
1050 1178 103.0
1178 1050 103.0
1050 1114 105.0
1114 1050 105.0
1050 1082 109.0
1082 1050 109.0
1050 1054 110.0
1054 1050 110.0
1050 1052 106.0
1052 1050 106.0
1051 1563 110.0
1563 1051 110.0
1051 1307 104.0
1307 1051 104.0
1051 1179 109.0
1179 1051 109.0
1051 1115 101.0
1115 1051 101.0
1051 1083 109.0
1083 1051 109.0
1051 1055 109.0
1055 1051 109.0
1051 1052 108.0
1052 1051 108.0
1052 1564 110.0
1564 1052 110.0
1052 1308 104.0
1308 1052 104.0
1052 1180 100.0
1180 1052 100.0
1052 1116 109.0
1116 1052 109.0
1052 1084 105.0
1084 1052 105.0
1052 1056 104.0
1056 1052 104.0
1053 1565 109.0
1565 1053 109.0
1053 1309 102.0
1309 1053 102.0
1053 1181 100.0
1181 1053 100.0
1053 1117 110.0
1117 1053 110.0
1053 1085 110.0
1085 1053 110.0
1053 1055 110.0
1055 1053 110.0
1053 1054 108.0
1054 1053 108.0
1054 1566 106.0
1566 1054 106.0
1054 1310 108.0
1310 1054 108.0
1054 1182 110.0
1182 1054 110.0
1054 1118 103.0
1118 1054 103.0
1054 1086 104.0
1086 1054 104.0
1054 1056 109.0
1056 1054 109.0
1055 1567 109.0
1567 1055 109.0
1055 1311 105.0
1311 1055 105.0
1055 1183 104.0
1183 1055 104.0
1055 1119 101.0
1119 1055 101.0
1055 1087 108.0
1087 1055 108.0
1055 1056 104.0
1056 1055 104.0
1056 1568 105.0
1568 1056 105.0
1056 1312 102.0
1312 1056 102.0
1056 1184 107.0
1184 1056 107.0
1056 1120 102.0
1120 1056 102.0
1056 1088 109.0
1088 1056 109.0
1057 1569 101.0
1569 1057 101.0
1057 1313 104.0
1313 1057 104.0
1057 1185 108.0
1185 1057 108.0
1057 1121 103.0
1121 1057 103.0
1057 1073 110.0
1073 1057 110.0
1057 1065 106.0
1065 1057 106.0
1057 1061 103.0
1061 1057 103.0
1057 1059 109.0
1059 1057 109.0
1057 1058 108.0
1058 1057 108.0
1058 1570 102.0
1570 1058 102.0
1058 1314 105.0
1314 1058 105.0
1058 1186 106.0
1186 1058 106.0
1058 1122 106.0
1122 1058 106.0
1058 1074 101.0
1074 1058 101.0
1058 1066 107.0
1066 1058 107.0
1058 1062 108.0
1062 1058 108.0
1058 1060 104.0
1060 1058 104.0
1059 1571 100.0
1571 1059 100.0
1059 1315 104.0
1315 1059 104.0
1059 1187 103.0
1187 1059 103.0
1059 1123 104.0
1123 1059 104.0
1059 1075 102.0
1075 1059 102.0
1059 1067 102.0
1067 1059 102.0
1059 1063 110.0
1063 1059 110.0
1059 1060 101.0
1060 1059 101.0
1060 1572 107.0
1572 1060 107.0
1060 1316 101.0
1316 1060 101.0
1060 1188 100.0
1188 1060 100.0
1060 1124 110.0
1124 1060 110.0
1060 1076 107.0
1076 1060 107.0
1060 1068 110.0
1068 1060 110.0
1060 1064 104.0
1064 1060 104.0
1061 1573 101.0
1573 1061 101.0
1061 1317 102.0
1317 1061 102.0
1061 1189 101.0
1189 1061 101.0
1061 1125 102.0
1125 1061 102.0
1061 1077 103.0
1077 1061 103.0
1061 1069 103.0
1069 1061 103.0
1061 1063 105.0
1063 1061 105.0
1061 1062 100.0
1062 1061 100.0
1062 1574 100.0
1574 1062 100.0
1062 1318 103.0
1318 1062 103.0
1062 1190 102.0
1190 1062 102.0
1062 1126 108.0
1126 1062 108.0
1062 1078 104.0
1078 1062 104.0
1062 1070 102.0
1070 1062 102.0
1062 1064 107.0
1064 1062 107.0
1063 1575 102.0
1575 1063 102.0
1063 1319 100.0
1319 1063 100.0
1063 1191 106.0
1191 1063 106.0
1063 1127 109.0
1127 1063 109.0
1063 1079 105.0
1079 1063 105.0
1063 1071 105.0
1071 1063 105.0
1063 1064 108.0
1064 1063 108.0
1064 1576 109.0
1576 1064 109.0
1064 1320 100.0
1320 1064 100.0
1064 1192 101.0
1192 1064 101.0
1064 1128 108.0
1128 1064 108.0
1064 1080 110.0
1080 1064 110.0
1064 1072 107.0
1072 1064 107.0
1065 1577 100.0
1577 1065 100.0
1065 1321 110.0
1321 1065 110.0
1065 1193 102.0
1193 1065 102.0
1065 1129 101.0
1129 1065 101.0
1065 1081 104.0
1081 1065 104.0
1065 1069 109.0
1069 1065 109.0
1065 1067 101.0
1067 1065 101.0
1065 1066 102.0
1066 1065 102.0
1066 1578 110.0
1578 1066 110.0
1066 1322 107.0
1322 1066 107.0
1066 1194 109.0
1194 1066 109.0
1066 1130 107.0
1130 1066 107.0
1066 1082 105.0
1082 1066 105.0
1066 1070 102.0
1070 1066 102.0
1066 1068 101.0
1068 1066 101.0
1067 1579 107.0
1579 1067 107.0
1067 1323 103.0
1323 1067 103.0
1067 1195 108.0
1195 1067 108.0
1067 1131 104.0
1131 1067 104.0
1067 1083 106.0
1083 1067 106.0
1067 1071 106.0
1071 1067 106.0
1067 1068 110.0
1068 1067 110.0
1068 1580 107.0
1580 1068 107.0
1068 1324 100.0
1324 1068 100.0
1068 1196 100.0
1196 1068 100.0
1068 1132 106.0
1132 1068 106.0
1068 1084 107.0
1084 1068 107.0
1068 1072 102.0
1072 1068 102.0
1069 1581 106.0
1581 1069 106.0
1069 1325 109.0
1325 1069 109.0
1069 1197 108.0
1197 1069 108.0
1069 1133 107.0
1133 1069 107.0
1069 1085 105.0
1085 1069 105.0
1069 1071 102.0
1071 1069 102.0
1069 1070 105.0
1070 1069 105.0
1070 1582 109.0
1582 1070 109.0
1070 1326 108.0
1326 1070 108.0
1070 1198 107.0
1198 1070 107.0
1070 1134 106.0
1134 1070 106.0
1070 1086 102.0
1086 1070 102.0
1070 1072 103.0
1072 1070 103.0
1071 1583 104.0
1583 1071 104.0
1071 1327 102.0
1327 1071 102.0
1071 1199 107.0
1199 1071 107.0
1071 1135 110.0
1135 1071 110.0
1071 1087 105.0
1087 1071 105.0
1071 1072 102.0
1072 1071 102.0
1072 1584 109.0
1584 1072 109.0
1072 1328 110.0
1328 1072 110.0
1072 1200 100.0
1200 1072 100.0
1072 1136 106.0
1136 1072 106.0
1072 1088 105.0
1088 1072 105.0
1073 1585 106.0
1585 1073 106.0
1073 1329 101.0
1329 1073 101.0
1073 1201 103.0
1201 1073 103.0
1073 1137 104.0
1137 1073 104.0
1073 1081 104.0
1081 1073 104.0
1073 1077 103.0
1077 1073 103.0
1073 1075 107.0
1075 1073 107.0
1073 1074 106.0
1074 1073 106.0
1074 1586 106.0
1586 1074 106.0
1074 1330 109.0
1330 1074 109.0
1074 1202 101.0
1202 1074 101.0
1074 1138 108.0
1138 1074 108.0
1074 1082 105.0
1082 1074 105.0
1074 1078 110.0
1078 1074 110.0
1074 1076 104.0
1076 1074 104.0
1075 1587 102.0
1587 1075 102.0
1075 1331 109.0
1331 1075 109.0
1075 1203 108.0
1203 1075 108.0
1075 1139 102.0
1139 1075 102.0
1075 1083 105.0
1083 1075 105.0
1075 1079 108.0
1079 1075 108.0
1075 1076 105.0
1076 1075 105.0
1076 1588 108.0
1588 1076 108.0
1076 1332 103.0
1332 1076 103.0
1076 1204 103.0
1204 1076 103.0
1076 1140 102.0
1140 1076 102.0
1076 1084 100.0
1084 1076 100.0
1076 1080 100.0
1080 1076 100.0
1077 1589 100.0
1589 1077 100.0
1077 1333 107.0
1333 1077 107.0
1077 1205 102.0
1205 1077 102.0
1077 1141 109.0
1141 1077 109.0
1077 1085 102.0
1085 1077 102.0
1077 1079 105.0
1079 1077 105.0
1077 1078 104.0
1078 1077 104.0
1078 1590 110.0
1590 1078 110.0
1078 1334 105.0
1334 1078 105.0
1078 1206 105.0
1206 1078 105.0
1078 1142 109.0
1142 1078 109.0
1078 1086 102.0
1086 1078 102.0
1078 1080 110.0
1080 1078 110.0
1079 1591 108.0
1591 1079 108.0
1079 1335 101.0
1335 1079 101.0
1079 1207 105.0
1207 1079 105.0
1079 1143 102.0
1143 1079 102.0
1079 1087 105.0
1087 1079 105.0
1079 1080 101.0
1080 1079 101.0
1080 1592 103.0
1592 1080 103.0
1080 1336 108.0
1336 1080 108.0
1080 1208 102.0
1208 1080 102.0
1080 1144 104.0
1144 1080 104.0
1080 1088 109.0
1088 1080 109.0
1081 1593 104.0
1593 1081 104.0
1081 1337 102.0
1337 1081 102.0
1081 1209 110.0
1209 1081 110.0
1081 1145 108.0
1145 1081 108.0
1081 1085 103.0
1085 1081 103.0
1081 1083 100.0
1083 1081 100.0
1081 1082 102.0
1082 1081 102.0
1082 1594 105.0
1594 1082 105.0
1082 1338 101.0
1338 1082 101.0
1082 1210 109.0
1210 1082 109.0
1082 1146 106.0
1146 1082 106.0
1082 1086 106.0
1086 1082 106.0
1082 1084 104.0
1084 1082 104.0
1083 1595 110.0
1595 1083 110.0
1083 1339 109.0
1339 1083 109.0
1083 1211 106.0
1211 1083 106.0
1083 1147 110.0
1147 1083 110.0
1083 1087 107.0
1087 1083 107.0
1083 1084 100.0
1084 1083 100.0
1084 1596 104.0
1596 1084 104.0
1084 1340 107.0
1340 1084 107.0
1084 1212 103.0
1212 1084 103.0
1084 1148 110.0
1148 1084 110.0
1084 1088 105.0
1088 1084 105.0
1085 1597 101.0
1597 1085 101.0
1085 1341 104.0
1341 1085 104.0
1085 1213 105.0
1213 1085 105.0
1085 1149 109.0
1149 1085 109.0
1085 1087 102.0
1087 1085 102.0
1085 1086 105.0
1086 1085 105.0
1086 1598 107.0
1598 1086 107.0
1086 1342 109.0
1342 1086 109.0
1086 1214 105.0
1214 1086 105.0
1086 1150 100.0
1150 1086 100.0
1086 1088 109.0
1088 1086 109.0
1087 1599 107.0
1599 1087 107.0
1087 1343 107.0
1343 1087 107.0
1087 1215 104.0
1215 1087 104.0
1087 1151 100.0
1151 1087 100.0
1087 1088 104.0
1088 1087 104.0
1088 1600 100.0
1600 1088 100.0
1088 1344 100.0
1344 1088 100.0
1088 1216 100.0
1216 1088 100.0
1088 1152 106.0
1152 1088 106.0
1089 1601 101.0
1601 1089 101.0
1089 1345 102.0
1345 1089 102.0
1089 1217 104.0
1217 1089 104.0
1089 1121 102.0
1121 1089 102.0
1089 1105 108.0
1105 1089 108.0
1089 1097 105.0
1097 1089 105.0
1089 1093 109.0
1093 1089 109.0
1089 1091 104.0
1091 1089 104.0
1089 1090 102.0
1090 1089 102.0
1090 1602 109.0
1602 1090 109.0
1090 1346 108.0
1346 1090 108.0
1090 1218 106.0
1218 1090 106.0
1090 1122 106.0
1122 1090 106.0
1090 1106 110.0
1106 1090 110.0
1090 1098 100.0
1098 1090 100.0
1090 1094 103.0
1094 1090 103.0
1090 1092 105.0
1092 1090 105.0
1091 1603 105.0
1603 1091 105.0
1091 1347 108.0
1347 1091 108.0
1091 1219 101.0
1219 1091 101.0
1091 1123 105.0
1123 1091 105.0
1091 1107 109.0
1107 1091 109.0
1091 1099 109.0
1099 1091 109.0
1091 1095 109.0
1095 1091 109.0
1091 1092 106.0
1092 1091 106.0
1092 1604 108.0
1604 1092 108.0
1092 1348 103.0
1348 1092 103.0
1092 1220 109.0
1220 1092 109.0
1092 1124 105.0
1124 1092 105.0
1092 1108 104.0
1108 1092 104.0
1092 1100 107.0
1100 1092 107.0
1092 1096 102.0
1096 1092 102.0
1093 1605 102.0
1605 1093 102.0
1093 1349 106.0
1349 1093 106.0
1093 1221 107.0
1221 1093 107.0
1093 1125 110.0
1125 1093 110.0
1093 1109 106.0
1109 1093 106.0
1093 1101 102.0
1101 1093 102.0
1093 1095 106.0
1095 1093 106.0
1093 1094 100.0
1094 1093 100.0
1094 1606 103.0
1606 1094 103.0
1094 1350 108.0
1350 1094 108.0
1094 1222 108.0
1222 1094 108.0
1094 1126 110.0
1126 1094 110.0
1094 1110 100.0
1110 1094 100.0
1094 1102 100.0
1102 1094 100.0
1094 1096 101.0
1096 1094 101.0
1095 1607 108.0
1607 1095 108.0
1095 1351 103.0
1351 1095 103.0
1095 1223 105.0
1223 1095 105.0
1095 1127 104.0
1127 1095 104.0
1095 1111 104.0
1111 1095 104.0
1095 1103 108.0
1103 1095 108.0
1095 1096 109.0
1096 1095 109.0
1096 1608 101.0
1608 1096 101.0
1096 1352 100.0
1352 1096 100.0
1096 1224 103.0
1224 1096 103.0
1096 1128 104.0
1128 1096 104.0
1096 1112 104.0
1112 1096 104.0
1096 1104 101.0
1104 1096 101.0
1097 1609 104.0
1609 1097 104.0
1097 1353 110.0
1353 1097 110.0
1097 1225 107.0
1225 1097 107.0
1097 1129 102.0
1129 1097 102.0
1097 1113 102.0
1113 1097 102.0
1097 1101 107.0
1101 1097 107.0
1097 1099 103.0
1099 1097 103.0
1097 1098 103.0
1098 1097 103.0
1098 1610 103.0
1610 1098 103.0
1098 1354 108.0
1354 1098 108.0
1098 1226 104.0
1226 1098 104.0
1098 1130 105.0
1130 1098 105.0
1098 1114 109.0
1114 1098 109.0
1098 1102 102.0
1102 1098 102.0
1098 1100 101.0
1100 1098 101.0
1099 1611 110.0
1611 1099 110.0
1099 1355 100.0
1355 1099 100.0
1099 1227 107.0
1227 1099 107.0
1099 1131 109.0
1131 1099 109.0
1099 1115 106.0
1115 1099 106.0
1099 1103 106.0
1103 1099 106.0
1099 1100 102.0
1100 1099 102.0
1100 1612 110.0
1612 1100 110.0
1100 1356 109.0
1356 1100 109.0
1100 1228 105.0
1228 1100 105.0
1100 1132 106.0
1132 1100 106.0
1100 1116 102.0
1116 1100 102.0
1100 1104 101.0
1104 1100 101.0
1101 1613 102.0
1613 1101 102.0
1101 1357 105.0
1357 1101 105.0
1101 1229 101.0
1229 1101 101.0
1101 1133 101.0
1133 1101 101.0
1101 1117 107.0
1117 1101 107.0
1101 1103 110.0
1103 1101 110.0
1101 1102 106.0
1102 1101 106.0
1102 1614 109.0
1614 1102 109.0
1102 1358 109.0
1358 1102 109.0
1102 1230 108.0
1230 1102 108.0
1102 1134 103.0
1134 1102 103.0
1102 1118 106.0
1118 1102 106.0
1102 1104 108.0
1104 1102 108.0
1103 1615 107.0
1615 1103 107.0
1103 1359 108.0
1359 1103 108.0
1103 1231 104.0
1231 1103 104.0
1103 1135 107.0
1135 1103 107.0
1103 1119 107.0
1119 1103 107.0
1103 1104 107.0
1104 1103 107.0
1104 1616 107.0
1616 1104 107.0
1104 1360 104.0
1360 1104 104.0
1104 1232 106.0
1232 1104 106.0
1104 1136 101.0
1136 1104 101.0
1104 1120 109.0
1120 1104 109.0
1105 1617 100.0
1617 1105 100.0
1105 1361 106.0
1361 1105 106.0
1105 1233 104.0
1233 1105 104.0
1105 1137 102.0
1137 1105 102.0
1105 1113 108.0
1113 1105 108.0
1105 1109 104.0
1109 1105 104.0
1105 1107 100.0
1107 1105 100.0
1105 1106 105.0
1106 1105 105.0
1106 1618 108.0
1618 1106 108.0
1106 1362 106.0
1362 1106 106.0
1106 1234 106.0
1234 1106 106.0
1106 1138 104.0
1138 1106 104.0
1106 1114 101.0
1114 1106 101.0
1106 1110 106.0
1110 1106 106.0
1106 1108 102.0
1108 1106 102.0
1107 1619 110.0
1619 1107 110.0
1107 1363 103.0
1363 1107 103.0
1107 1235 102.0
1235 1107 102.0
1107 1139 109.0
1139 1107 109.0
1107 1115 104.0
1115 1107 104.0
1107 1111 107.0
1111 1107 107.0
1107 1108 106.0
1108 1107 106.0
1108 1620 102.0
1620 1108 102.0
1108 1364 109.0
1364 1108 109.0
1108 1236 102.0
1236 1108 102.0
1108 1140 103.0
1140 1108 103.0
1108 1116 102.0
1116 1108 102.0
1108 1112 105.0
1112 1108 105.0
1109 1621 100.0
1621 1109 100.0
1109 1365 108.0
1365 1109 108.0
1109 1237 106.0
1237 1109 106.0
1109 1141 102.0
1141 1109 102.0
1109 1117 109.0
1117 1109 109.0
1109 1111 105.0
1111 1109 105.0
1109 1110 100.0
1110 1109 100.0
1110 1622 102.0
1622 1110 102.0
1110 1366 104.0
1366 1110 104.0
1110 1238 109.0
1238 1110 109.0
1110 1142 108.0
1142 1110 108.0
1110 1118 100.0
1118 1110 100.0
1110 1112 106.0
1112 1110 106.0
1111 1623 110.0
1623 1111 110.0
1111 1367 100.0
1367 1111 100.0
1111 1239 105.0
1239 1111 105.0
1111 1143 106.0
1143 1111 106.0
1111 1119 108.0
1119 1111 108.0
1111 1112 101.0
1112 1111 101.0
1112 1624 106.0
1624 1112 106.0
1112 1368 109.0
1368 1112 109.0
1112 1240 101.0
1240 1112 101.0
1112 1144 107.0
1144 1112 107.0
1112 1120 100.0
1120 1112 100.0
1113 1625 110.0
1625 1113 110.0
1113 1369 109.0
1369 1113 109.0
1113 1241 102.0
1241 1113 102.0
1113 1145 109.0
1145 1113 109.0
1113 1117 108.0
1117 1113 108.0
1113 1115 100.0
1115 1113 100.0
1113 1114 108.0
1114 1113 108.0
1114 1626 104.0
1626 1114 104.0
1114 1370 107.0
1370 1114 107.0
1114 1242 102.0
1242 1114 102.0
1114 1146 103.0
1146 1114 103.0
1114 1118 101.0
1118 1114 101.0
1114 1116 101.0
1116 1114 101.0
1115 1627 101.0
1627 1115 101.0
1115 1371 106.0
1371 1115 106.0
1115 1243 107.0
1243 1115 107.0
1115 1147 104.0
1147 1115 104.0
1115 1119 109.0
1119 1115 109.0
1115 1116 110.0
1116 1115 110.0
1116 1628 104.0
1628 1116 104.0
1116 1372 100.0
1372 1116 100.0
1116 1244 102.0
1244 1116 102.0
1116 1148 107.0
1148 1116 107.0
1116 1120 108.0
1120 1116 108.0
1117 1629 103.0
1629 1117 103.0
1117 1373 101.0
1373 1117 101.0
1117 1245 107.0
1245 1117 107.0
1117 1149 107.0
1149 1117 107.0
1117 1119 109.0
1119 1117 109.0
1117 1118 100.0
1118 1117 100.0
1118 1630 106.0
1630 1118 106.0
1118 1374 102.0
1374 1118 102.0
1118 1246 107.0
1246 1118 107.0
1118 1150 107.0
1150 1118 107.0
1118 1120 107.0
1120 1118 107.0
1119 1631 101.0
1631 1119 101.0
1119 1375 105.0
1375 1119 105.0
1119 1247 105.0
1247 1119 105.0
1119 1151 110.0
1151 1119 110.0
1119 1120 102.0
1120 1119 102.0
1120 1632 101.0
1632 1120 101.0
1120 1376 109.0
1376 1120 109.0
1120 1248 104.0
1248 1120 104.0
1120 1152 100.0
1152 1120 100.0
1121 1633 105.0
1633 1121 105.0
1121 1377 101.0
1377 1121 101.0
1121 1249 105.0
1249 1121 105.0
1121 1137 103.0
1137 1121 103.0
1121 1129 100.0
1129 1121 100.0
1121 1125 109.0
1125 1121 109.0
1121 1123 100.0
1123 1121 100.0
1121 1122 105.0
1122 1121 105.0
1122 1634 109.0
1634 1122 109.0
1122 1378 108.0
1378 1122 108.0
1122 1250 109.0
1250 1122 109.0
1122 1138 107.0
1138 1122 107.0
1122 1130 102.0
1130 1122 102.0
1122 1126 108.0
1126 1122 108.0
1122 1124 101.0
1124 1122 101.0
1123 1635 102.0
1635 1123 102.0
1123 1379 109.0
1379 1123 109.0
1123 1251 109.0
1251 1123 109.0
1123 1139 102.0
1139 1123 102.0
1123 1131 100.0
1131 1123 100.0
1123 1127 103.0
1127 1123 103.0
1123 1124 109.0
1124 1123 109.0
1124 1636 106.0
1636 1124 106.0
1124 1380 106.0
1380 1124 106.0
1124 1252 106.0
1252 1124 106.0
1124 1140 109.0
1140 1124 109.0
1124 1132 106.0
1132 1124 106.0
1124 1128 100.0
1128 1124 100.0
1125 1637 101.0
1637 1125 101.0
1125 1381 109.0
1381 1125 109.0
1125 1253 100.0
1253 1125 100.0
1125 1141 103.0
1141 1125 103.0
1125 1133 107.0
1133 1125 107.0
1125 1127 105.0
1127 1125 105.0
1125 1126 106.0
1126 1125 106.0
1126 1638 105.0
1638 1126 105.0
1126 1382 104.0
1382 1126 104.0
1126 1254 101.0
1254 1126 101.0
1126 1142 106.0
1142 1126 106.0
1126 1134 101.0
1134 1126 101.0
1126 1128 101.0
1128 1126 101.0
1127 1639 104.0
1639 1127 104.0
1127 1383 105.0
1383 1127 105.0
1127 1255 102.0
1255 1127 102.0
1127 1143 106.0
1143 1127 106.0
1127 1135 110.0
1135 1127 110.0
1127 1128 100.0
1128 1127 100.0
1128 1640 100.0
1640 1128 100.0
1128 1384 105.0
1384 1128 105.0
1128 1256 109.0
1256 1128 109.0
1128 1144 110.0
1144 1128 110.0
1128 1136 102.0
1136 1128 102.0
1129 1641 101.0
1641 1129 101.0
1129 1385 108.0
1385 1129 108.0
1129 1257 109.0
1257 1129 109.0
1129 1145 106.0
1145 1129 106.0
1129 1133 107.0
1133 1129 107.0
1129 1131 100.0
1131 1129 100.0
1129 1130 104.0
1130 1129 104.0
1130 1642 102.0
1642 1130 102.0
1130 1386 103.0
1386 1130 103.0
1130 1258 100.0
1258 1130 100.0
1130 1146 106.0
1146 1130 106.0
1130 1134 106.0
1134 1130 106.0
1130 1132 106.0
1132 1130 106.0
1131 1643 109.0
1643 1131 109.0
1131 1387 103.0
1387 1131 103.0
1131 1259 110.0
1259 1131 110.0
1131 1147 102.0
1147 1131 102.0
1131 1135 109.0
1135 1131 109.0
1131 1132 100.0
1132 1131 100.0
1132 1644 104.0
1644 1132 104.0
1132 1388 107.0
1388 1132 107.0
1132 1260 109.0
1260 1132 109.0
1132 1148 102.0
1148 1132 102.0
1132 1136 101.0
1136 1132 101.0
1133 1645 106.0
1645 1133 106.0
1133 1389 100.0
1389 1133 100.0
1133 1261 109.0
1261 1133 109.0
1133 1149 108.0
1149 1133 108.0
1133 1135 104.0
1135 1133 104.0
1133 1134 102.0
1134 1133 102.0
1134 1646 101.0
1646 1134 101.0
1134 1390 107.0
1390 1134 107.0
1134 1262 105.0
1262 1134 105.0
1134 1150 103.0
1150 1134 103.0
1134 1136 107.0
1136 1134 107.0
1135 1647 101.0
1647 1135 101.0
1135 1391 102.0
1391 1135 102.0
1135 1263 103.0
1263 1135 103.0
1135 1151 100.0
1151 1135 100.0
1135 1136 102.0
1136 1135 102.0
1136 1648 104.0
1648 1136 104.0
1136 1392 100.0
1392 1136 100.0
1136 1264 100.0
1264 1136 100.0
1136 1152 106.0
1152 1136 106.0
1137 1649 108.0
1649 1137 108.0
1137 1393 101.0
1393 1137 101.0
1137 1265 106.0
1265 1137 106.0
1137 1145 103.0
1145 1137 103.0
1137 1141 107.0
1141 1137 107.0
1137 1139 103.0
1139 1137 103.0
1137 1138 104.0
1138 1137 104.0
1138 1650 106.0
1650 1138 106.0
1138 1394 100.0
1394 1138 100.0
1138 1266 109.0
1266 1138 109.0
1138 1146 101.0
1146 1138 101.0
1138 1142 106.0
1142 1138 106.0
1138 1140 110.0
1140 1138 110.0
1139 1651 107.0
1651 1139 107.0
1139 1395 104.0
1395 1139 104.0
1139 1267 110.0
1267 1139 110.0
1139 1147 101.0
1147 1139 101.0
1139 1143 104.0
1143 1139 104.0
1139 1140 109.0
1140 1139 109.0
1140 1652 104.0
1652 1140 104.0
1140 1396 106.0
1396 1140 106.0
1140 1268 101.0
1268 1140 101.0
1140 1148 102.0
1148 1140 102.0
1140 1144 104.0
1144 1140 104.0
1141 1653 104.0
1653 1141 104.0
1141 1397 105.0
1397 1141 105.0
1141 1269 101.0
1269 1141 101.0
1141 1149 102.0
1149 1141 102.0
1141 1143 109.0
1143 1141 109.0
1141 1142 110.0
1142 1141 110.0
1142 1654 109.0
1654 1142 109.0
1142 1398 102.0
1398 1142 102.0
1142 1270 106.0
1270 1142 106.0
1142 1150 107.0
1150 1142 107.0
1142 1144 110.0
1144 1142 110.0
1143 1655 107.0
1655 1143 107.0
1143 1399 106.0
1399 1143 106.0
1143 1271 101.0
1271 1143 101.0
1143 1151 103.0
1151 1143 103.0
1143 1144 101.0
1144 1143 101.0
1144 1656 102.0
1656 1144 102.0
1144 1400 102.0
1400 1144 102.0
1144 1272 100.0
1272 1144 100.0
1144 1152 104.0
1152 1144 104.0
1145 1657 101.0
1657 1145 101.0
1145 1401 106.0
1401 1145 106.0
1145 1273 103.0
1273 1145 103.0
1145 1149 110.0
1149 1145 110.0
1145 1147 102.0
1147 1145 102.0
1145 1146 104.0
1146 1145 104.0
1146 1658 104.0
1658 1146 104.0
1146 1402 100.0
1402 1146 100.0
1146 1274 110.0
1274 1146 110.0
1146 1150 100.0
1150 1146 100.0
1146 1148 100.0
1148 1146 100.0
1147 1659 108.0
1659 1147 108.0
1147 1403 105.0
1403 1147 105.0
1147 1275 105.0
1275 1147 105.0
1147 1151 102.0
1151 1147 102.0
1147 1148 102.0
1148 1147 102.0
1148 1660 108.0
1660 1148 108.0
1148 1404 100.0
1404 1148 100.0
1148 1276 109.0
1276 1148 109.0
1148 1152 109.0
1152 1148 109.0
1149 1661 105.0
1661 1149 105.0
1149 1405 100.0
1405 1149 100.0
1149 1277 100.0
1277 1149 100.0
1149 1151 108.0
1151 1149 108.0
1149 1150 100.0
1150 1149 100.0
1150 1662 107.0
1662 1150 107.0
1150 1406 109.0
1406 1150 109.0
1150 1278 105.0
1278 1150 105.0
1150 1152 103.0
1152 1150 103.0
1151 1663 110.0
1663 1151 110.0
1151 1407 107.0
1407 1151 107.0
1151 1279 103.0
1279 1151 103.0
1151 1152 101.0
1152 1151 101.0
1152 1664 102.0
1664 1152 102.0
1152 1408 106.0
1408 1152 106.0
1152 1280 107.0
1280 1152 107.0
1153 1665 107.0
1665 1153 107.0
1153 1409 106.0
1409 1153 106.0
1153 1217 101.0
1217 1153 101.0
1153 1185 108.0
1185 1153 108.0
1153 1169 101.0
1169 1153 101.0
1153 1161 103.0
1161 1153 103.0
1153 1157 106.0
1157 1153 106.0
1153 1155 102.0
1155 1153 102.0
1153 1154 108.0
1154 1153 108.0
1154 1666 102.0
1666 1154 102.0
1154 1410 104.0
1410 1154 104.0
1154 1218 102.0
1218 1154 102.0
1154 1186 110.0
1186 1154 110.0
1154 1170 109.0
1170 1154 109.0
1154 1162 110.0
1162 1154 110.0
1154 1158 110.0
1158 1154 110.0
1154 1156 102.0
1156 1154 102.0
1155 1667 108.0
1667 1155 108.0
1155 1411 110.0
1411 1155 110.0
1155 1219 103.0
1219 1155 103.0
1155 1187 110.0
1187 1155 110.0
1155 1171 102.0
1171 1155 102.0
1155 1163 104.0
1163 1155 104.0
1155 1159 107.0
1159 1155 107.0
1155 1156 107.0
1156 1155 107.0
1156 1668 106.0
1668 1156 106.0
1156 1412 102.0
1412 1156 102.0
1156 1220 110.0
1220 1156 110.0
1156 1188 104.0
1188 1156 104.0
1156 1172 106.0
1172 1156 106.0
1156 1164 104.0
1164 1156 104.0
1156 1160 106.0
1160 1156 106.0
1157 1669 102.0
1669 1157 102.0
1157 1413 102.0
1413 1157 102.0
1157 1221 110.0
1221 1157 110.0
1157 1189 100.0
1189 1157 100.0
1157 1173 100.0
1173 1157 100.0
1157 1165 105.0
1165 1157 105.0
1157 1159 101.0
1159 1157 101.0
1157 1158 110.0
1158 1157 110.0
1158 1670 106.0
1670 1158 106.0
1158 1414 104.0
1414 1158 104.0
1158 1222 100.0
1222 1158 100.0
1158 1190 109.0
1190 1158 109.0
1158 1174 109.0
1174 1158 109.0
1158 1166 102.0
1166 1158 102.0
1158 1160 103.0
1160 1158 103.0
1159 1671 110.0
1671 1159 110.0
1159 1415 100.0
1415 1159 100.0
1159 1223 110.0
1223 1159 110.0
1159 1191 105.0
1191 1159 105.0
1159 1175 100.0
1175 1159 100.0
1159 1167 102.0
1167 1159 102.0
1159 1160 110.0
1160 1159 110.0
1160 1672 109.0
1672 1160 109.0
1160 1416 102.0
1416 1160 102.0
1160 1224 103.0
1224 1160 103.0
1160 1192 105.0
1192 1160 105.0
1160 1176 104.0
1176 1160 104.0
1160 1168 108.0
1168 1160 108.0
1161 1673 109.0
1673 1161 109.0
1161 1417 102.0
1417 1161 102.0
1161 1225 102.0
1225 1161 102.0
1161 1193 104.0
1193 1161 104.0
1161 1177 107.0
1177 1161 107.0
1161 1165 104.0
1165 1161 104.0
1161 1163 109.0
1163 1161 109.0
1161 1162 101.0
1162 1161 101.0
1162 1674 102.0
1674 1162 102.0
1162 1418 102.0
1418 1162 102.0
1162 1226 102.0
1226 1162 102.0
1162 1194 109.0
1194 1162 109.0
1162 1178 110.0
1178 1162 110.0
1162 1166 107.0
1166 1162 107.0
1162 1164 100.0
1164 1162 100.0
1163 1675 105.0
1675 1163 105.0
1163 1419 102.0
1419 1163 102.0
1163 1227 109.0
1227 1163 109.0
1163 1195 104.0
1195 1163 104.0
1163 1179 107.0
1179 1163 107.0
1163 1167 109.0
1167 1163 109.0
1163 1164 107.0
1164 1163 107.0
1164 1676 103.0
1676 1164 103.0
1164 1420 103.0
1420 1164 103.0
1164 1228 106.0
1228 1164 106.0
1164 1196 102.0
1196 1164 102.0
1164 1180 103.0
1180 1164 103.0
1164 1168 110.0
1168 1164 110.0
1165 1677 110.0
1677 1165 110.0
1165 1421 108.0
1421 1165 108.0
1165 1229 110.0
1229 1165 110.0
1165 1197 107.0
1197 1165 107.0
1165 1181 105.0
1181 1165 105.0
1165 1167 101.0
1167 1165 101.0
1165 1166 107.0
1166 1165 107.0
1166 1678 101.0
1678 1166 101.0
1166 1422 100.0
1422 1166 100.0
1166 1230 104.0
1230 1166 104.0
1166 1198 102.0
1198 1166 102.0
1166 1182 103.0
1182 1166 103.0
1166 1168 105.0
1168 1166 105.0
1167 1679 101.0
1679 1167 101.0
1167 1423 108.0
1423 1167 108.0
1167 1231 103.0
1231 1167 103.0
1167 1199 107.0
1199 1167 107.0
1167 1183 109.0
1183 1167 109.0
1167 1168 104.0
1168 1167 104.0
1168 1680 106.0
1680 1168 106.0
1168 1424 105.0
1424 1168 105.0
1168 1232 101.0
1232 1168 101.0
1168 1200 110.0
1200 1168 110.0
1168 1184 101.0
1184 1168 101.0
1169 1681 110.0
1681 1169 110.0
1169 1425 110.0
1425 1169 110.0
1169 1233 103.0
1233 1169 103.0
1169 1201 105.0
1201 1169 105.0
1169 1177 107.0
1177 1169 107.0
1169 1173 110.0
1173 1169 110.0
1169 1171 103.0
1171 1169 103.0
1169 1170 100.0
1170 1169 100.0
1170 1682 103.0
1682 1170 103.0
1170 1426 102.0
1426 1170 102.0
1170 1234 100.0
1234 1170 100.0
1170 1202 102.0
1202 1170 102.0
1170 1178 101.0
1178 1170 101.0
1170 1174 104.0
1174 1170 104.0
1170 1172 110.0
1172 1170 110.0
1171 1683 100.0
1683 1171 100.0
1171 1427 109.0
1427 1171 109.0
1171 1235 100.0
1235 1171 100.0
1171 1203 104.0
1203 1171 104.0
1171 1179 101.0
1179 1171 101.0
1171 1175 108.0
1175 1171 108.0
1171 1172 107.0
1172 1171 107.0
1172 1684 107.0
1684 1172 107.0
1172 1428 107.0
1428 1172 107.0
1172 1236 108.0
1236 1172 108.0
1172 1204 101.0
1204 1172 101.0
1172 1180 109.0
1180 1172 109.0
1172 1176 100.0
1176 1172 100.0
1173 1685 108.0
1685 1173 108.0
1173 1429 105.0
1429 1173 105.0
1173 1237 110.0
1237 1173 110.0
1173 1205 102.0
1205 1173 102.0
1173 1181 108.0
1181 1173 108.0
1173 1175 107.0
1175 1173 107.0
1173 1174 109.0
1174 1173 109.0
1174 1686 100.0
1686 1174 100.0
1174 1430 101.0
1430 1174 101.0
1174 1238 102.0
1238 1174 102.0
1174 1206 102.0
1206 1174 102.0
1174 1182 103.0
1182 1174 103.0
1174 1176 105.0
1176 1174 105.0
1175 1687 103.0
1687 1175 103.0
1175 1431 100.0
1431 1175 100.0
1175 1239 106.0
1239 1175 106.0
1175 1207 109.0
1207 1175 109.0
1175 1183 100.0
1183 1175 100.0
1175 1176 105.0
1176 1175 105.0
1176 1688 102.0
1688 1176 102.0
1176 1432 105.0
1432 1176 105.0
1176 1240 105.0
1240 1176 105.0
1176 1208 101.0
1208 1176 101.0
1176 1184 109.0
1184 1176 109.0
1177 1689 100.0
1689 1177 100.0
1177 1433 110.0
1433 1177 110.0
1177 1241 108.0
1241 1177 108.0
1177 1209 108.0
1209 1177 108.0
1177 1181 103.0
1181 1177 103.0
1177 1179 102.0
1179 1177 102.0
1177 1178 104.0
1178 1177 104.0
1178 1690 100.0
1690 1178 100.0
1178 1434 108.0
1434 1178 108.0
1178 1242 102.0
1242 1178 102.0
1178 1210 109.0
1210 1178 109.0
1178 1182 103.0
1182 1178 103.0
1178 1180 103.0
1180 1178 103.0
1179 1691 109.0
1691 1179 109.0
1179 1435 105.0
1435 1179 105.0
1179 1243 107.0
1243 1179 107.0
1179 1211 109.0
1211 1179 109.0
1179 1183 102.0
1183 1179 102.0
1179 1180 108.0
1180 1179 108.0
1180 1692 106.0
1692 1180 106.0
1180 1436 110.0
1436 1180 110.0
1180 1244 104.0
1244 1180 104.0
1180 1212 102.0
1212 1180 102.0
1180 1184 110.0
1184 1180 110.0
1181 1693 109.0
1693 1181 109.0
1181 1437 101.0
1437 1181 101.0
1181 1245 109.0
1245 1181 109.0
1181 1213 102.0
1213 1181 102.0
1181 1183 108.0
1183 1181 108.0
1181 1182 106.0
1182 1181 106.0
1182 1694 107.0
1694 1182 107.0
1182 1438 109.0
1438 1182 109.0
1182 1246 107.0
1246 1182 107.0
1182 1214 100.0
1214 1182 100.0
1182 1184 102.0
1184 1182 102.0
1183 1695 109.0
1695 1183 109.0
1183 1439 103.0
1439 1183 103.0
1183 1247 105.0
1247 1183 105.0
1183 1215 103.0
1215 1183 103.0
1183 1184 103.0
1184 1183 103.0
1184 1696 109.0
1696 1184 109.0
1184 1440 109.0
1440 1184 109.0
1184 1248 110.0
1248 1184 110.0
1184 1216 102.0
1216 1184 102.0
1185 1697 102.0
1697 1185 102.0
1185 1441 105.0
1441 1185 105.0
1185 1249 108.0
1249 1185 108.0
1185 1201 102.0
1201 1185 102.0
1185 1193 101.0
1193 1185 101.0
1185 1189 104.0
1189 1185 104.0
1185 1187 110.0
1187 1185 110.0
1185 1186 104.0
1186 1185 104.0
1186 1698 107.0
1698 1186 107.0
1186 1442 106.0
1442 1186 106.0
1186 1250 108.0
1250 1186 108.0
1186 1202 101.0
1202 1186 101.0
1186 1194 105.0
1194 1186 105.0
1186 1190 106.0
1190 1186 106.0
1186 1188 106.0
1188 1186 106.0
1187 1699 108.0
1699 1187 108.0
1187 1443 107.0
1443 1187 107.0
1187 1251 108.0
1251 1187 108.0
1187 1203 109.0
1203 1187 109.0
1187 1195 102.0
1195 1187 102.0
1187 1191 104.0
1191 1187 104.0
1187 1188 105.0
1188 1187 105.0
1188 1700 107.0
1700 1188 107.0
1188 1444 104.0
1444 1188 104.0
1188 1252 105.0
1252 1188 105.0
1188 1204 104.0
1204 1188 104.0
1188 1196 110.0
1196 1188 110.0
1188 1192 105.0
1192 1188 105.0
1189 1701 110.0
1701 1189 110.0
1189 1445 106.0
1445 1189 106.0
1189 1253 105.0
1253 1189 105.0
1189 1205 101.0
1205 1189 101.0
1189 1197 108.0
1197 1189 108.0
1189 1191 109.0
1191 1189 109.0
1189 1190 107.0
1190 1189 107.0
1190 1702 110.0
1702 1190 110.0
1190 1446 100.0
1446 1190 100.0
1190 1254 109.0
1254 1190 109.0
1190 1206 108.0
1206 1190 108.0
1190 1198 100.0
1198 1190 100.0
1190 1192 108.0
1192 1190 108.0
1191 1703 106.0
1703 1191 106.0
1191 1447 106.0
1447 1191 106.0
1191 1255 106.0
1255 1191 106.0
1191 1207 107.0
1207 1191 107.0
1191 1199 105.0
1199 1191 105.0
1191 1192 107.0
1192 1191 107.0
1192 1704 106.0
1704 1192 106.0
1192 1448 100.0
1448 1192 100.0
1192 1256 104.0
1256 1192 104.0
1192 1208 107.0
1208 1192 107.0
1192 1200 105.0
1200 1192 105.0
1193 1705 110.0
1705 1193 110.0
1193 1449 109.0
1449 1193 109.0
1193 1257 100.0
1257 1193 100.0
1193 1209 105.0
1209 1193 105.0
1193 1197 104.0
1197 1193 104.0
1193 1195 110.0
1195 1193 110.0
1193 1194 100.0
1194 1193 100.0
1194 1706 110.0
1706 1194 110.0
1194 1450 102.0
1450 1194 102.0
1194 1258 110.0
1258 1194 110.0
1194 1210 107.0
1210 1194 107.0
1194 1198 109.0
1198 1194 109.0
1194 1196 100.0
1196 1194 100.0
1195 1707 110.0
1707 1195 110.0
1195 1451 104.0
1451 1195 104.0
1195 1259 102.0
1259 1195 102.0
1195 1211 100.0
1211 1195 100.0
1195 1199 107.0
1199 1195 107.0
1195 1196 102.0
1196 1195 102.0
1196 1708 101.0
1708 1196 101.0
1196 1452 102.0
1452 1196 102.0
1196 1260 101.0
1260 1196 101.0
1196 1212 103.0
1212 1196 103.0
1196 1200 101.0
1200 1196 101.0
1197 1709 104.0
1709 1197 104.0
1197 1453 104.0
1453 1197 104.0
1197 1261 103.0
1261 1197 103.0
1197 1213 107.0
1213 1197 107.0
1197 1199 109.0
1199 1197 109.0
1197 1198 105.0
1198 1197 105.0
1198 1710 110.0
1710 1198 110.0
1198 1454 110.0
1454 1198 110.0
1198 1262 103.0
1262 1198 103.0
1198 1214 103.0
1214 1198 103.0
1198 1200 105.0
1200 1198 105.0
1199 1711 107.0
1711 1199 107.0
1199 1455 107.0
1455 1199 107.0
1199 1263 107.0
1263 1199 107.0
1199 1215 104.0
1215 1199 104.0
1199 1200 110.0
1200 1199 110.0
1200 1712 103.0
1712 1200 103.0
1200 1456 100.0
1456 1200 100.0
1200 1264 102.0
1264 1200 102.0
1200 1216 102.0
1216 1200 102.0
1201 1713 107.0
1713 1201 107.0
1201 1457 107.0
1457 1201 107.0
1201 1265 103.0
1265 1201 103.0
1201 1209 108.0
1209 1201 108.0
1201 1205 101.0
1205 1201 101.0
1201 1203 101.0
1203 1201 101.0
1201 1202 109.0
1202 1201 109.0
1202 1714 101.0
1714 1202 101.0
1202 1458 101.0
1458 1202 101.0
1202 1266 106.0
1266 1202 106.0
1202 1210 103.0
1210 1202 103.0
1202 1206 101.0
1206 1202 101.0
1202 1204 107.0
1204 1202 107.0
1203 1715 108.0
1715 1203 108.0
1203 1459 101.0
1459 1203 101.0
1203 1267 110.0
1267 1203 110.0
1203 1211 101.0
1211 1203 101.0
1203 1207 104.0
1207 1203 104.0
1203 1204 107.0
1204 1203 107.0
1204 1716 110.0
1716 1204 110.0
1204 1460 100.0
1460 1204 100.0
1204 1268 101.0
1268 1204 101.0
1204 1212 109.0
1212 1204 109.0
1204 1208 106.0
1208 1204 106.0
1205 1717 108.0
1717 1205 108.0
1205 1461 108.0
1461 1205 108.0
1205 1269 109.0
1269 1205 109.0
1205 1213 101.0
1213 1205 101.0
1205 1207 101.0
1207 1205 101.0
1205 1206 107.0
1206 1205 107.0
1206 1718 101.0
1718 1206 101.0
1206 1462 105.0
1462 1206 105.0
1206 1270 109.0
1270 1206 109.0
1206 1214 108.0
1214 1206 108.0
1206 1208 107.0
1208 1206 107.0
1207 1719 101.0
1719 1207 101.0
1207 1463 102.0
1463 1207 102.0
1207 1271 100.0
1271 1207 100.0
1207 1215 101.0
1215 1207 101.0
1207 1208 110.0
1208 1207 110.0
1208 1720 103.0
1720 1208 103.0
1208 1464 108.0
1464 1208 108.0
1208 1272 108.0
1272 1208 108.0
1208 1216 102.0
1216 1208 102.0
1209 1721 108.0
1721 1209 108.0
1209 1465 107.0
1465 1209 107.0
1209 1273 110.0
1273 1209 110.0
1209 1213 108.0
1213 1209 108.0
1209 1211 110.0
1211 1209 110.0
1209 1210 107.0
1210 1209 107.0
1210 1722 104.0
1722 1210 104.0
1210 1466 101.0
1466 1210 101.0
1210 1274 107.0
1274 1210 107.0
1210 1214 110.0
1214 1210 110.0
1210 1212 101.0
1212 1210 101.0
1211 1723 110.0
1723 1211 110.0
1211 1467 100.0
1467 1211 100.0
1211 1275 106.0
1275 1211 106.0
1211 1215 101.0
1215 1211 101.0
1211 1212 110.0
1212 1211 110.0
1212 1724 106.0
1724 1212 106.0
1212 1468 107.0
1468 1212 107.0
1212 1276 100.0
1276 1212 100.0
1212 1216 109.0
1216 1212 109.0
1213 1725 109.0
1725 1213 109.0
1213 1469 101.0
1469 1213 101.0
1213 1277 107.0
1277 1213 107.0
1213 1215 102.0
1215 1213 102.0
1213 1214 109.0
1214 1213 109.0
1214 1726 100.0
1726 1214 100.0
1214 1470 103.0
1470 1214 103.0
1214 1278 110.0
1278 1214 110.0
1214 1216 104.0
1216 1214 104.0
1215 1727 108.0
1727 1215 108.0
1215 1471 109.0
1471 1215 109.0
1215 1279 106.0
1279 1215 106.0
1215 1216 110.0
1216 1215 110.0
1216 1728 106.0
1728 1216 106.0
1216 1472 108.0
1472 1216 108.0
1216 1280 100.0
1280 1216 100.0
1217 1729 109.0
1729 1217 109.0
1217 1473 104.0
1473 1217 104.0
1217 1249 105.0
1249 1217 105.0
1217 1233 110.0
1233 1217 110.0
1217 1225 105.0
1225 1217 105.0
1217 1221 110.0
1221 1217 110.0
1217 1219 103.0
1219 1217 103.0
1217 1218 100.0
1218 1217 100.0
1218 1730 101.0
1730 1218 101.0
1218 1474 103.0
1474 1218 103.0
1218 1250 105.0
1250 1218 105.0
1218 1234 108.0
1234 1218 108.0
1218 1226 110.0
1226 1218 110.0
1218 1222 105.0
1222 1218 105.0
1218 1220 106.0
1220 1218 106.0
1219 1731 100.0
1731 1219 100.0
1219 1475 108.0
1475 1219 108.0
1219 1251 104.0
1251 1219 104.0
1219 1235 102.0
1235 1219 102.0
1219 1227 102.0
1227 1219 102.0
1219 1223 100.0
1223 1219 100.0
1219 1220 103.0
1220 1219 103.0
1220 1732 105.0
1732 1220 105.0
1220 1476 106.0
1476 1220 106.0
1220 1252 108.0
1252 1220 108.0
1220 1236 100.0
1236 1220 100.0
1220 1228 110.0
1228 1220 110.0
1220 1224 106.0
1224 1220 106.0
1221 1733 103.0
1733 1221 103.0
1221 1477 103.0
1477 1221 103.0
1221 1253 102.0
1253 1221 102.0
1221 1237 108.0
1237 1221 108.0
1221 1229 106.0
1229 1221 106.0
1221 1223 101.0
1223 1221 101.0
1221 1222 100.0
1222 1221 100.0
1222 1734 105.0
1734 1222 105.0
1222 1478 104.0
1478 1222 104.0
1222 1254 107.0
1254 1222 107.0
1222 1238 109.0
1238 1222 109.0
1222 1230 110.0
1230 1222 110.0
1222 1224 108.0
1224 1222 108.0
1223 1735 107.0
1735 1223 107.0
1223 1479 108.0
1479 1223 108.0
1223 1255 107.0
1255 1223 107.0
1223 1239 110.0
1239 1223 110.0
1223 1231 110.0
1231 1223 110.0
1223 1224 102.0
1224 1223 102.0
1224 1736 103.0
1736 1224 103.0
1224 1480 102.0
1480 1224 102.0
1224 1256 104.0
1256 1224 104.0
1224 1240 109.0
1240 1224 109.0
1224 1232 101.0
1232 1224 101.0
1225 1737 105.0
1737 1225 105.0
1225 1481 101.0
1481 1225 101.0
1225 1257 110.0
1257 1225 110.0
1225 1241 103.0
1241 1225 103.0
1225 1229 105.0
1229 1225 105.0
1225 1227 110.0
1227 1225 110.0
1225 1226 102.0
1226 1225 102.0
1226 1738 106.0
1738 1226 106.0
1226 1482 101.0
1482 1226 101.0
1226 1258 103.0
1258 1226 103.0
1226 1242 104.0
1242 1226 104.0
1226 1230 103.0
1230 1226 103.0
1226 1228 102.0
1228 1226 102.0
1227 1739 105.0
1739 1227 105.0
1227 1483 103.0
1483 1227 103.0
1227 1259 107.0
1259 1227 107.0
1227 1243 109.0
1243 1227 109.0
1227 1231 102.0
1231 1227 102.0
1227 1228 101.0
1228 1227 101.0
1228 1740 101.0
1740 1228 101.0
1228 1484 103.0
1484 1228 103.0
1228 1260 107.0
1260 1228 107.0
1228 1244 109.0
1244 1228 109.0
1228 1232 103.0
1232 1228 103.0
1229 1741 110.0
1741 1229 110.0
1229 1485 100.0
1485 1229 100.0
1229 1261 106.0
1261 1229 106.0
1229 1245 102.0
1245 1229 102.0
1229 1231 104.0
1231 1229 104.0
1229 1230 105.0
1230 1229 105.0
1230 1742 108.0
1742 1230 108.0
1230 1486 100.0
1486 1230 100.0
1230 1262 102.0
1262 1230 102.0
1230 1246 108.0
1246 1230 108.0
1230 1232 109.0
1232 1230 109.0
1231 1743 107.0
1743 1231 107.0
1231 1487 103.0
1487 1231 103.0
1231 1263 109.0
1263 1231 109.0
1231 1247 107.0
1247 1231 107.0
1231 1232 105.0
1232 1231 105.0
1232 1744 101.0
1744 1232 101.0
1232 1488 108.0
1488 1232 108.0
1232 1264 107.0
1264 1232 107.0
1232 1248 107.0
1248 1232 107.0
1233 1745 108.0
1745 1233 108.0
1233 1489 107.0
1489 1233 107.0
1233 1265 109.0
1265 1233 109.0
1233 1241 110.0
1241 1233 110.0
1233 1237 101.0
1237 1233 101.0
1233 1235 109.0
1235 1233 109.0
1233 1234 105.0
1234 1233 105.0
1234 1746 100.0
1746 1234 100.0
1234 1490 101.0
1490 1234 101.0
1234 1266 103.0
1266 1234 103.0
1234 1242 107.0
1242 1234 107.0
1234 1238 102.0
1238 1234 102.0
1234 1236 110.0
1236 1234 110.0
1235 1747 106.0
1747 1235 106.0
1235 1491 110.0
1491 1235 110.0
1235 1267 101.0
1267 1235 101.0
1235 1243 107.0
1243 1235 107.0
1235 1239 101.0
1239 1235 101.0
1235 1236 107.0
1236 1235 107.0
1236 1748 109.0
1748 1236 109.0
1236 1492 101.0
1492 1236 101.0
1236 1268 103.0
1268 1236 103.0
1236 1244 107.0
1244 1236 107.0
1236 1240 102.0
1240 1236 102.0
1237 1749 101.0
1749 1237 101.0
1237 1493 107.0
1493 1237 107.0
1237 1269 101.0
1269 1237 101.0
1237 1245 103.0
1245 1237 103.0
1237 1239 104.0
1239 1237 104.0
1237 1238 107.0
1238 1237 107.0
1238 1750 103.0
1750 1238 103.0
1238 1494 102.0
1494 1238 102.0
1238 1270 110.0
1270 1238 110.0
1238 1246 110.0
1246 1238 110.0
1238 1240 104.0
1240 1238 104.0
1239 1751 106.0
1751 1239 106.0
1239 1495 107.0
1495 1239 107.0
1239 1271 110.0
1271 1239 110.0
1239 1247 104.0
1247 1239 104.0
1239 1240 110.0
1240 1239 110.0
1240 1752 101.0
1752 1240 101.0
1240 1496 100.0
1496 1240 100.0
1240 1272 108.0
1272 1240 108.0
1240 1248 102.0
1248 1240 102.0
1241 1753 102.0
1753 1241 102.0
1241 1497 109.0
1497 1241 109.0
1241 1273 103.0
1273 1241 103.0
1241 1245 105.0
1245 1241 105.0
1241 1243 101.0
1243 1241 101.0
1241 1242 109.0
1242 1241 109.0
1242 1754 106.0
1754 1242 106.0
1242 1498 103.0
1498 1242 103.0
1242 1274 104.0
1274 1242 104.0
1242 1246 104.0
1246 1242 104.0
1242 1244 103.0
1244 1242 103.0
1243 1755 103.0
1755 1243 103.0
1243 1499 106.0
1499 1243 106.0
1243 1275 108.0
1275 1243 108.0
1243 1247 104.0
1247 1243 104.0
1243 1244 103.0
1244 1243 103.0
1244 1756 110.0
1756 1244 110.0
1244 1500 110.0
1500 1244 110.0
1244 1276 110.0
1276 1244 110.0
1244 1248 110.0
1248 1244 110.0
1245 1757 102.0
1757 1245 102.0
1245 1501 102.0
1501 1245 102.0
1245 1277 100.0
1277 1245 100.0
1245 1247 110.0
1247 1245 110.0
1245 1246 110.0
1246 1245 110.0
1246 1758 103.0
1758 1246 103.0
1246 1502 105.0
1502 1246 105.0
1246 1278 104.0
1278 1246 104.0
1246 1248 104.0
1248 1246 104.0
1247 1759 106.0
1759 1247 106.0
1247 1503 100.0
1503 1247 100.0
1247 1279 101.0
1279 1247 101.0
1247 1248 110.0
1248 1247 110.0
1248 1760 107.0
1760 1248 107.0
1248 1504 107.0
1504 1248 107.0
1248 1280 104.0
1280 1248 104.0
1249 1761 104.0
1761 1249 104.0
1249 1505 110.0
1505 1249 110.0
1249 1265 104.0
1265 1249 104.0
1249 1257 101.0
1257 1249 101.0
1249 1253 103.0
1253 1249 103.0
1249 1251 105.0
1251 1249 105.0
1249 1250 109.0
1250 1249 109.0
1250 1762 105.0
1762 1250 105.0
1250 1506 108.0
1506 1250 108.0
1250 1266 105.0
1266 1250 105.0
1250 1258 107.0
1258 1250 107.0
1250 1254 101.0
1254 1250 101.0
1250 1252 108.0
1252 1250 108.0
1251 1763 108.0
1763 1251 108.0
1251 1507 102.0
1507 1251 102.0
1251 1267 107.0
1267 1251 107.0
1251 1259 109.0
1259 1251 109.0
1251 1255 110.0
1255 1251 110.0
1251 1252 105.0
1252 1251 105.0
1252 1764 110.0
1764 1252 110.0
1252 1508 106.0
1508 1252 106.0
1252 1268 106.0
1268 1252 106.0
1252 1260 104.0
1260 1252 104.0
1252 1256 109.0
1256 1252 109.0
1253 1765 107.0
1765 1253 107.0
1253 1509 100.0
1509 1253 100.0
1253 1269 103.0
1269 1253 103.0
1253 1261 108.0
1261 1253 108.0
1253 1255 109.0
1255 1253 109.0
1253 1254 104.0
1254 1253 104.0
1254 1766 105.0
1766 1254 105.0
1254 1510 100.0
1510 1254 100.0
1254 1270 102.0
1270 1254 102.0
1254 1262 109.0
1262 1254 109.0
1254 1256 107.0
1256 1254 107.0
1255 1767 110.0
1767 1255 110.0
1255 1511 102.0
1511 1255 102.0
1255 1271 103.0
1271 1255 103.0
1255 1263 104.0
1263 1255 104.0
1255 1256 107.0
1256 1255 107.0
1256 1768 105.0
1768 1256 105.0
1256 1512 106.0
1512 1256 106.0
1256 1272 108.0
1272 1256 108.0
1256 1264 105.0
1264 1256 105.0
1257 1769 104.0
1769 1257 104.0
1257 1513 101.0
1513 1257 101.0
1257 1273 107.0
1273 1257 107.0
1257 1261 108.0
1261 1257 108.0
1257 1259 102.0
1259 1257 102.0
1257 1258 108.0
1258 1257 108.0
1258 1770 109.0
1770 1258 109.0
1258 1514 100.0
1514 1258 100.0
1258 1274 103.0
1274 1258 103.0
1258 1262 110.0
1262 1258 110.0
1258 1260 102.0
1260 1258 102.0
1259 1771 105.0
1771 1259 105.0
1259 1515 103.0
1515 1259 103.0
1259 1275 104.0
1275 1259 104.0
1259 1263 100.0
1263 1259 100.0
1259 1260 108.0
1260 1259 108.0
1260 1772 109.0
1772 1260 109.0
1260 1516 100.0
1516 1260 100.0
1260 1276 100.0
1276 1260 100.0
1260 1264 109.0
1264 1260 109.0
1261 1773 104.0
1773 1261 104.0
1261 1517 108.0
1517 1261 108.0
1261 1277 108.0
1277 1261 108.0
1261 1263 106.0
1263 1261 106.0
1261 1262 100.0
1262 1261 100.0
1262 1774 110.0
1774 1262 110.0
1262 1518 109.0
1518 1262 109.0
1262 1278 110.0
1278 1262 110.0
1262 1264 109.0
1264 1262 109.0
1263 1775 100.0
1775 1263 100.0
1263 1519 101.0
1519 1263 101.0
1263 1279 102.0
1279 1263 102.0
1263 1264 109.0
1264 1263 109.0
1264 1776 104.0
1776 1264 104.0
1264 1520 106.0
1520 1264 106.0
1264 1280 107.0
1280 1264 107.0
1265 1777 102.0
1777 1265 102.0
1265 1521 110.0
1521 1265 110.0
1265 1273 101.0
1273 1265 101.0
1265 1269 106.0
1269 1265 106.0
1265 1267 108.0
1267 1265 108.0
1265 1266 107.0
1266 1265 107.0
1266 1778 104.0
1778 1266 104.0
1266 1522 100.0
1522 1266 100.0
1266 1274 108.0
1274 1266 108.0
1266 1270 102.0
1270 1266 102.0
1266 1268 108.0
1268 1266 108.0
1267 1779 109.0
1779 1267 109.0
1267 1523 107.0
1523 1267 107.0
1267 1275 108.0
1275 1267 108.0
1267 1271 106.0
1271 1267 106.0
1267 1268 105.0
1268 1267 105.0
1268 1780 104.0
1780 1268 104.0
1268 1524 107.0
1524 1268 107.0
1268 1276 106.0
1276 1268 106.0
1268 1272 109.0
1272 1268 109.0
1269 1781 107.0
1781 1269 107.0
1269 1525 108.0
1525 1269 108.0
1269 1277 103.0
1277 1269 103.0
1269 1271 106.0
1271 1269 106.0
1269 1270 103.0
1270 1269 103.0
1270 1782 105.0
1782 1270 105.0
1270 1526 110.0
1526 1270 110.0
1270 1278 103.0
1278 1270 103.0
1270 1272 100.0
1272 1270 100.0
1271 1783 109.0
1783 1271 109.0
1271 1527 109.0
1527 1271 109.0
1271 1279 102.0
1279 1271 102.0
1271 1272 109.0
1272 1271 109.0
1272 1784 108.0
1784 1272 108.0
1272 1528 107.0
1528 1272 107.0
1272 1280 109.0
1280 1272 109.0
1273 1785 101.0
1785 1273 101.0
1273 1529 107.0
1529 1273 107.0
1273 1277 104.0
1277 1273 104.0
1273 1275 101.0
1275 1273 101.0
1273 1274 105.0
1274 1273 105.0
1274 1786 100.0
1786 1274 100.0
1274 1530 106.0
1530 1274 106.0
1274 1278 101.0
1278 1274 101.0
1274 1276 107.0
1276 1274 107.0
1275 1787 110.0
1787 1275 110.0
1275 1531 102.0
1531 1275 102.0
1275 1279 101.0
1279 1275 101.0
1275 1276 105.0
1276 1275 105.0
1276 1788 108.0
1788 1276 108.0
1276 1532 106.0
1532 1276 106.0
1276 1280 108.0
1280 1276 108.0
1277 1789 108.0
1789 1277 108.0
1277 1533 102.0
1533 1277 102.0
1277 1279 101.0
1279 1277 101.0
1277 1278 101.0
1278 1277 101.0
1278 1790 106.0
1790 1278 106.0
1278 1534 103.0
1534 1278 103.0
1278 1280 104.0
1280 1278 104.0
1279 1791 109.0
1791 1279 109.0
1279 1535 106.0
1535 1279 106.0
1279 1280 105.0
1280 1279 105.0
1280 1792 110.0
1792 1280 110.0
1280 1536 104.0
1536 1280 104.0
1281 1793 102.0
1793 1281 102.0
1281 1409 103.0
1409 1281 103.0
1281 1345 101.0
1345 1281 101.0
1281 1313 101.0
1313 1281 101.0
1281 1297 105.0
1297 1281 105.0
1281 1289 110.0
1289 1281 110.0
1281 1285 103.0
1285 1281 103.0
1281 1283 106.0
1283 1281 106.0
1281 1282 100.0
1282 1281 100.0
1282 1794 108.0
1794 1282 108.0
1282 1410 104.0
1410 1282 104.0
1282 1346 110.0
1346 1282 110.0
1282 1314 102.0
1314 1282 102.0
1282 1298 110.0
1298 1282 110.0
1282 1290 100.0
1290 1282 100.0
1282 1286 108.0
1286 1282 108.0
1282 1284 107.0
1284 1282 107.0
1283 1795 107.0
1795 1283 107.0
1283 1411 101.0
1411 1283 101.0
1283 1347 109.0
1347 1283 109.0
1283 1315 101.0
1315 1283 101.0
1283 1299 103.0
1299 1283 103.0
1283 1291 106.0
1291 1283 106.0
1283 1287 106.0
1287 1283 106.0
1283 1284 104.0
1284 1283 104.0
1284 1796 104.0
1796 1284 104.0
1284 1412 102.0
1412 1284 102.0
1284 1348 105.0
1348 1284 105.0
1284 1316 102.0
1316 1284 102.0
1284 1300 107.0
1300 1284 107.0
1284 1292 108.0
1292 1284 108.0
1284 1288 100.0
1288 1284 100.0
1285 1797 109.0
1797 1285 109.0
1285 1413 103.0
1413 1285 103.0
1285 1349 108.0
1349 1285 108.0
1285 1317 105.0
1317 1285 105.0
1285 1301 108.0
1301 1285 108.0
1285 1293 100.0
1293 1285 100.0
1285 1287 110.0
1287 1285 110.0
1285 1286 104.0
1286 1285 104.0
1286 1798 109.0
1798 1286 109.0
1286 1414 101.0
1414 1286 101.0
1286 1350 106.0
1350 1286 106.0
1286 1318 101.0
1318 1286 101.0
1286 1302 106.0
1302 1286 106.0
1286 1294 105.0
1294 1286 105.0
1286 1288 102.0
1288 1286 102.0
1287 1799 100.0
1799 1287 100.0
1287 1415 106.0
1415 1287 106.0
1287 1351 100.0
1351 1287 100.0
1287 1319 106.0
1319 1287 106.0
1287 1303 104.0
1303 1287 104.0
1287 1295 107.0
1295 1287 107.0
1287 1288 106.0
1288 1287 106.0
1288 1800 100.0
1800 1288 100.0
1288 1416 109.0
1416 1288 109.0
1288 1352 108.0
1352 1288 108.0
1288 1320 110.0
1320 1288 110.0
1288 1304 100.0
1304 1288 100.0
1288 1296 107.0
1296 1288 107.0
1289 1801 105.0
1801 1289 105.0
1289 1417 110.0
1417 1289 110.0
1289 1353 101.0
1353 1289 101.0
1289 1321 105.0
1321 1289 105.0
1289 1305 106.0
1305 1289 106.0
1289 1293 103.0
1293 1289 103.0
1289 1291 102.0
1291 1289 102.0
1289 1290 100.0
1290 1289 100.0
1290 1802 100.0
1802 1290 100.0
1290 1418 104.0
1418 1290 104.0
1290 1354 103.0
1354 1290 103.0
1290 1322 107.0
1322 1290 107.0
1290 1306 102.0
1306 1290 102.0
1290 1294 103.0
1294 1290 103.0
1290 1292 100.0
1292 1290 100.0
1291 1803 101.0
1803 1291 101.0
1291 1419 105.0
1419 1291 105.0
1291 1355 100.0
1355 1291 100.0
1291 1323 104.0
1323 1291 104.0
1291 1307 110.0
1307 1291 110.0
1291 1295 102.0
1295 1291 102.0
1291 1292 110.0
1292 1291 110.0
1292 1804 104.0
1804 1292 104.0
1292 1420 106.0
1420 1292 106.0
1292 1356 106.0
1356 1292 106.0
1292 1324 102.0
1324 1292 102.0
1292 1308 109.0
1308 1292 109.0
1292 1296 108.0
1296 1292 108.0
1293 1805 109.0
1805 1293 109.0
1293 1421 105.0
1421 1293 105.0
1293 1357 108.0
1357 1293 108.0
1293 1325 106.0
1325 1293 106.0
1293 1309 100.0
1309 1293 100.0
1293 1295 104.0
1295 1293 104.0
1293 1294 100.0
1294 1293 100.0
1294 1806 106.0
1806 1294 106.0
1294 1422 100.0
1422 1294 100.0
1294 1358 103.0
1358 1294 103.0
1294 1326 107.0
1326 1294 107.0
1294 1310 107.0
1310 1294 107.0
1294 1296 105.0
1296 1294 105.0
1295 1807 100.0
1807 1295 100.0
1295 1423 107.0
1423 1295 107.0
1295 1359 106.0
1359 1295 106.0
1295 1327 100.0
1327 1295 100.0
1295 1311 106.0
1311 1295 106.0
1295 1296 107.0
1296 1295 107.0
1296 1808 102.0
1808 1296 102.0
1296 1424 105.0
1424 1296 105.0
1296 1360 110.0
1360 1296 110.0
1296 1328 102.0
1328 1296 102.0
1296 1312 102.0
1312 1296 102.0
1297 1809 107.0
1809 1297 107.0
1297 1425 106.0
1425 1297 106.0
1297 1361 105.0
1361 1297 105.0
1297 1329 100.0
1329 1297 100.0
1297 1305 103.0
1305 1297 103.0
1297 1301 106.0
1301 1297 106.0
1297 1299 103.0
1299 1297 103.0
1297 1298 104.0
1298 1297 104.0
1298 1810 104.0
1810 1298 104.0
1298 1426 100.0
1426 1298 100.0
1298 1362 110.0
1362 1298 110.0
1298 1330 110.0
1330 1298 110.0
1298 1306 109.0
1306 1298 109.0
1298 1302 100.0
1302 1298 100.0
1298 1300 109.0
1300 1298 109.0
1299 1811 110.0
1811 1299 110.0
1299 1427 110.0
1427 1299 110.0
1299 1363 102.0
1363 1299 102.0
1299 1331 110.0
1331 1299 110.0
1299 1307 105.0
1307 1299 105.0
1299 1303 102.0
1303 1299 102.0
1299 1300 110.0
1300 1299 110.0
1300 1812 105.0
1812 1300 105.0
1300 1428 110.0
1428 1300 110.0
1300 1364 106.0
1364 1300 106.0
1300 1332 103.0
1332 1300 103.0
1300 1308 108.0
1308 1300 108.0
1300 1304 101.0
1304 1300 101.0
1301 1813 106.0
1813 1301 106.0
1301 1429 101.0
1429 1301 101.0
1301 1365 108.0
1365 1301 108.0
1301 1333 104.0
1333 1301 104.0
1301 1309 110.0
1309 1301 110.0
1301 1303 109.0
1303 1301 109.0
1301 1302 100.0
1302 1301 100.0
1302 1814 105.0
1814 1302 105.0
1302 1430 107.0
1430 1302 107.0
1302 1366 106.0
1366 1302 106.0
1302 1334 100.0
1334 1302 100.0
1302 1310 104.0
1310 1302 104.0
1302 1304 110.0
1304 1302 110.0
1303 1815 108.0
1815 1303 108.0
1303 1431 110.0
1431 1303 110.0
1303 1367 104.0
1367 1303 104.0
1303 1335 110.0
1335 1303 110.0
1303 1311 102.0
1311 1303 102.0
1303 1304 108.0
1304 1303 108.0
1304 1816 102.0
1816 1304 102.0
1304 1432 110.0
1432 1304 110.0
1304 1368 105.0
1368 1304 105.0
1304 1336 110.0
1336 1304 110.0
1304 1312 101.0
1312 1304 101.0
1305 1817 105.0
1817 1305 105.0
1305 1433 109.0
1433 1305 109.0
1305 1369 110.0
1369 1305 110.0
1305 1337 100.0
1337 1305 100.0
1305 1309 101.0
1309 1305 101.0
1305 1307 104.0
1307 1305 104.0
1305 1306 107.0
1306 1305 107.0
1306 1818 106.0
1818 1306 106.0
1306 1434 100.0
1434 1306 100.0
1306 1370 109.0
1370 1306 109.0
1306 1338 108.0
1338 1306 108.0
1306 1310 110.0
1310 1306 110.0
1306 1308 110.0
1308 1306 110.0
1307 1819 106.0
1819 1307 106.0
1307 1435 105.0
1435 1307 105.0
1307 1371 106.0
1371 1307 106.0
1307 1339 107.0
1339 1307 107.0
1307 1311 108.0
1311 1307 108.0
1307 1308 109.0
1308 1307 109.0
1308 1820 106.0
1820 1308 106.0
1308 1436 106.0
1436 1308 106.0
1308 1372 105.0
1372 1308 105.0
1308 1340 103.0
1340 1308 103.0
1308 1312 103.0
1312 1308 103.0
1309 1821 101.0
1821 1309 101.0
1309 1437 104.0
1437 1309 104.0
1309 1373 109.0
1373 1309 109.0
1309 1341 105.0
1341 1309 105.0
1309 1311 102.0
1311 1309 102.0
1309 1310 105.0
1310 1309 105.0
1310 1822 104.0
1822 1310 104.0
1310 1438 105.0
1438 1310 105.0
1310 1374 106.0
1374 1310 106.0
1310 1342 108.0
1342 1310 108.0
1310 1312 107.0
1312 1310 107.0
1311 1823 101.0
1823 1311 101.0
1311 1439 102.0
1439 1311 102.0
1311 1375 107.0
1375 1311 107.0
1311 1343 100.0
1343 1311 100.0
1311 1312 102.0
1312 1311 102.0
1312 1824 103.0
1824 1312 103.0
1312 1440 100.0
1440 1312 100.0
1312 1376 102.0
1376 1312 102.0
1312 1344 105.0
1344 1312 105.0
1313 1825 109.0
1825 1313 109.0
1313 1441 107.0
1441 1313 107.0
1313 1377 108.0
1377 1313 108.0
1313 1329 109.0
1329 1313 109.0
1313 1321 109.0
1321 1313 109.0
1313 1317 106.0
1317 1313 106.0
1313 1315 106.0
1315 1313 106.0
1313 1314 100.0
1314 1313 100.0
1314 1826 108.0
1826 1314 108.0
1314 1442 102.0
1442 1314 102.0
1314 1378 104.0
1378 1314 104.0
1314 1330 106.0
1330 1314 106.0
1314 1322 102.0
1322 1314 102.0
1314 1318 106.0
1318 1314 106.0
1314 1316 108.0
1316 1314 108.0
1315 1827 105.0
1827 1315 105.0
1315 1443 103.0
1443 1315 103.0
1315 1379 104.0
1379 1315 104.0
1315 1331 104.0
1331 1315 104.0
1315 1323 109.0
1323 1315 109.0
1315 1319 103.0
1319 1315 103.0
1315 1316 108.0
1316 1315 108.0
1316 1828 109.0
1828 1316 109.0
1316 1444 108.0
1444 1316 108.0
1316 1380 110.0
1380 1316 110.0
1316 1332 102.0
1332 1316 102.0
1316 1324 105.0
1324 1316 105.0
1316 1320 103.0
1320 1316 103.0
1317 1829 102.0
1829 1317 102.0
1317 1445 108.0
1445 1317 108.0
1317 1381 108.0
1381 1317 108.0
1317 1333 101.0
1333 1317 101.0
1317 1325 103.0
1325 1317 103.0
1317 1319 107.0
1319 1317 107.0
1317 1318 100.0
1318 1317 100.0
1318 1830 101.0
1830 1318 101.0
1318 1446 105.0
1446 1318 105.0
1318 1382 108.0
1382 1318 108.0
1318 1334 100.0
1334 1318 100.0
1318 1326 110.0
1326 1318 110.0
1318 1320 103.0
1320 1318 103.0
1319 1831 106.0
1831 1319 106.0
1319 1447 109.0
1447 1319 109.0
1319 1383 101.0
1383 1319 101.0
1319 1335 105.0
1335 1319 105.0
1319 1327 103.0
1327 1319 103.0
1319 1320 107.0
1320 1319 107.0
1320 1832 106.0
1832 1320 106.0
1320 1448 100.0
1448 1320 100.0
1320 1384 107.0
1384 1320 107.0
1320 1336 101.0
1336 1320 101.0
1320 1328 104.0
1328 1320 104.0
1321 1833 109.0
1833 1321 109.0
1321 1449 102.0
1449 1321 102.0
1321 1385 106.0
1385 1321 106.0
1321 1337 100.0
1337 1321 100.0
1321 1325 110.0
1325 1321 110.0
1321 1323 104.0
1323 1321 104.0
1321 1322 103.0
1322 1321 103.0
1322 1834 101.0
1834 1322 101.0
1322 1450 110.0
1450 1322 110.0
1322 1386 100.0
1386 1322 100.0
1322 1338 101.0
1338 1322 101.0
1322 1326 106.0
1326 1322 106.0
1322 1324 105.0
1324 1322 105.0
1323 1835 100.0
1835 1323 100.0
1323 1451 109.0
1451 1323 109.0
1323 1387 104.0
1387 1323 104.0
1323 1339 108.0
1339 1323 108.0
1323 1327 101.0
1327 1323 101.0
1323 1324 106.0
1324 1323 106.0
1324 1836 108.0
1836 1324 108.0
1324 1452 106.0
1452 1324 106.0
1324 1388 104.0
1388 1324 104.0
1324 1340 100.0
1340 1324 100.0
1324 1328 108.0
1328 1324 108.0
1325 1837 107.0
1837 1325 107.0
1325 1453 104.0
1453 1325 104.0
1325 1389 109.0
1389 1325 109.0
1325 1341 110.0
1341 1325 110.0
1325 1327 109.0
1327 1325 109.0
1325 1326 110.0
1326 1325 110.0
1326 1838 100.0
1838 1326 100.0
1326 1454 109.0
1454 1326 109.0
1326 1390 108.0
1390 1326 108.0
1326 1342 103.0
1342 1326 103.0
1326 1328 106.0
1328 1326 106.0
1327 1839 109.0
1839 1327 109.0
1327 1455 107.0
1455 1327 107.0
1327 1391 110.0
1391 1327 110.0
1327 1343 102.0
1343 1327 102.0
1327 1328 106.0
1328 1327 106.0
1328 1840 109.0
1840 1328 109.0
1328 1456 105.0
1456 1328 105.0
1328 1392 107.0
1392 1328 107.0
1328 1344 102.0
1344 1328 102.0
1329 1841 108.0
1841 1329 108.0
1329 1457 107.0
1457 1329 107.0
1329 1393 101.0
1393 1329 101.0
1329 1337 101.0
1337 1329 101.0
1329 1333 105.0
1333 1329 105.0
1329 1331 107.0
1331 1329 107.0
1329 1330 100.0
1330 1329 100.0
1330 1842 106.0
1842 1330 106.0
1330 1458 106.0
1458 1330 106.0
1330 1394 107.0
1394 1330 107.0
1330 1338 103.0
1338 1330 103.0
1330 1334 108.0
1334 1330 108.0
1330 1332 104.0
1332 1330 104.0
1331 1843 100.0
1843 1331 100.0
1331 1459 107.0
1459 1331 107.0
1331 1395 101.0
1395 1331 101.0
1331 1339 104.0
1339 1331 104.0
1331 1335 110.0
1335 1331 110.0
1331 1332 108.0
1332 1331 108.0
1332 1844 103.0
1844 1332 103.0
1332 1460 101.0
1460 1332 101.0
1332 1396 106.0
1396 1332 106.0
1332 1340 107.0
1340 1332 107.0
1332 1336 108.0
1336 1332 108.0
1333 1845 106.0
1845 1333 106.0
1333 1461 108.0
1461 1333 108.0
1333 1397 101.0
1397 1333 101.0
1333 1341 110.0
1341 1333 110.0
1333 1335 109.0
1335 1333 109.0
1333 1334 110.0
1334 1333 110.0
1334 1846 104.0
1846 1334 104.0
1334 1462 110.0
1462 1334 110.0
1334 1398 107.0
1398 1334 107.0
1334 1342 106.0
1342 1334 106.0
1334 1336 107.0
1336 1334 107.0
1335 1847 101.0
1847 1335 101.0
1335 1463 104.0
1463 1335 104.0
1335 1399 103.0
1399 1335 103.0
1335 1343 109.0
1343 1335 109.0
1335 1336 109.0
1336 1335 109.0
1336 1848 108.0
1848 1336 108.0
1336 1464 103.0
1464 1336 103.0
1336 1400 103.0
1400 1336 103.0
1336 1344 103.0
1344 1336 103.0
1337 1849 103.0
1849 1337 103.0
1337 1465 106.0
1465 1337 106.0
1337 1401 100.0
1401 1337 100.0
1337 1341 107.0
1341 1337 107.0
1337 1339 101.0
1339 1337 101.0
1337 1338 109.0
1338 1337 109.0
1338 1850 101.0
1850 1338 101.0
1338 1466 107.0
1466 1338 107.0
1338 1402 106.0
1402 1338 106.0
1338 1342 100.0
1342 1338 100.0
1338 1340 102.0
1340 1338 102.0
1339 1851 105.0
1851 1339 105.0
1339 1467 109.0
1467 1339 109.0
1339 1403 101.0
1403 1339 101.0
1339 1343 103.0
1343 1339 103.0
1339 1340 110.0
1340 1339 110.0
1340 1852 101.0
1852 1340 101.0
1340 1468 106.0
1468 1340 106.0
1340 1404 110.0
1404 1340 110.0
1340 1344 100.0
1344 1340 100.0
1341 1853 110.0
1853 1341 110.0
1341 1469 106.0
1469 1341 106.0
1341 1405 103.0
1405 1341 103.0
1341 1343 101.0
1343 1341 101.0
1341 1342 101.0
1342 1341 101.0
1342 1854 107.0
1854 1342 107.0
1342 1470 100.0
1470 1342 100.0
1342 1406 105.0
1406 1342 105.0
1342 1344 106.0
1344 1342 106.0
1343 1855 100.0
1855 1343 100.0
1343 1471 107.0
1471 1343 107.0
1343 1407 101.0
1407 1343 101.0
1343 1344 110.0
1344 1343 110.0
1344 1856 102.0
1856 1344 102.0
1344 1472 103.0
1472 1344 103.0
1344 1408 104.0
1408 1344 104.0
1345 1857 105.0
1857 1345 105.0
1345 1473 104.0
1473 1345 104.0
1345 1377 110.0
1377 1345 110.0
1345 1361 104.0
1361 1345 104.0
1345 1353 109.0
1353 1345 109.0
1345 1349 105.0
1349 1345 105.0
1345 1347 102.0
1347 1345 102.0
1345 1346 107.0
1346 1345 107.0
1346 1858 103.0
1858 1346 103.0
1346 1474 110.0
1474 1346 110.0
1346 1378 108.0
1378 1346 108.0
1346 1362 107.0
1362 1346 107.0
1346 1354 106.0
1354 1346 106.0
1346 1350 100.0
1350 1346 100.0
1346 1348 100.0
1348 1346 100.0
1347 1859 100.0
1859 1347 100.0
1347 1475 100.0
1475 1347 100.0
1347 1379 110.0
1379 1347 110.0
1347 1363 107.0
1363 1347 107.0
1347 1355 106.0
1355 1347 106.0
1347 1351 107.0
1351 1347 107.0
1347 1348 104.0
1348 1347 104.0
1348 1860 102.0
1860 1348 102.0
1348 1476 109.0
1476 1348 109.0
1348 1380 100.0
1380 1348 100.0
1348 1364 108.0
1364 1348 108.0
1348 1356 108.0
1356 1348 108.0
1348 1352 105.0
1352 1348 105.0
1349 1861 105.0
1861 1349 105.0
1349 1477 106.0
1477 1349 106.0
1349 1381 109.0
1381 1349 109.0
1349 1365 108.0
1365 1349 108.0
1349 1357 102.0
1357 1349 102.0
1349 1351 101.0
1351 1349 101.0
1349 1350 100.0
1350 1349 100.0
1350 1862 103.0
1862 1350 103.0
1350 1478 107.0
1478 1350 107.0
1350 1382 101.0
1382 1350 101.0
1350 1366 101.0
1366 1350 101.0
1350 1358 102.0
1358 1350 102.0
1350 1352 104.0
1352 1350 104.0
1351 1863 103.0
1863 1351 103.0
1351 1479 107.0
1479 1351 107.0
1351 1383 105.0
1383 1351 105.0
1351 1367 100.0
1367 1351 100.0
1351 1359 105.0
1359 1351 105.0
1351 1352 104.0
1352 1351 104.0
1352 1864 110.0
1864 1352 110.0
1352 1480 105.0
1480 1352 105.0
1352 1384 102.0
1384 1352 102.0
1352 1368 107.0
1368 1352 107.0
1352 1360 106.0
1360 1352 106.0
1353 1865 108.0
1865 1353 108.0
1353 1481 101.0
1481 1353 101.0
1353 1385 110.0
1385 1353 110.0
1353 1369 108.0
1369 1353 108.0
1353 1357 104.0
1357 1353 104.0
1353 1355 104.0
1355 1353 104.0
1353 1354 110.0
1354 1353 110.0
1354 1866 110.0
1866 1354 110.0
1354 1482 106.0
1482 1354 106.0
1354 1386 107.0
1386 1354 107.0
1354 1370 108.0
1370 1354 108.0
1354 1358 104.0
1358 1354 104.0
1354 1356 110.0
1356 1354 110.0
1355 1867 106.0
1867 1355 106.0
1355 1483 110.0
1483 1355 110.0
1355 1387 110.0
1387 1355 110.0
1355 1371 110.0
1371 1355 110.0
1355 1359 100.0
1359 1355 100.0
1355 1356 106.0
1356 1355 106.0
1356 1868 110.0
1868 1356 110.0
1356 1484 107.0
1484 1356 107.0
1356 1388 104.0
1388 1356 104.0
1356 1372 100.0
1372 1356 100.0
1356 1360 105.0
1360 1356 105.0
1357 1869 104.0
1869 1357 104.0
1357 1485 103.0
1485 1357 103.0
1357 1389 105.0
1389 1357 105.0
1357 1373 104.0
1373 1357 104.0
1357 1359 100.0
1359 1357 100.0
1357 1358 109.0
1358 1357 109.0
1358 1870 110.0
1870 1358 110.0
1358 1486 101.0
1486 1358 101.0
1358 1390 101.0
1390 1358 101.0
1358 1374 101.0
1374 1358 101.0
1358 1360 104.0
1360 1358 104.0
1359 1871 108.0
1871 1359 108.0
1359 1487 103.0
1487 1359 103.0
1359 1391 102.0
1391 1359 102.0
1359 1375 104.0
1375 1359 104.0
1359 1360 107.0
1360 1359 107.0
1360 1872 103.0
1872 1360 103.0
1360 1488 100.0
1488 1360 100.0
1360 1392 106.0
1392 1360 106.0
1360 1376 101.0
1376 1360 101.0
1361 1873 109.0
1873 1361 109.0
1361 1489 109.0
1489 1361 109.0
1361 1393 105.0
1393 1361 105.0
1361 1369 100.0
1369 1361 100.0
1361 1365 105.0
1365 1361 105.0
1361 1363 100.0
1363 1361 100.0
1361 1362 106.0
1362 1361 106.0
1362 1874 107.0
1874 1362 107.0
1362 1490 100.0
1490 1362 100.0
1362 1394 102.0
1394 1362 102.0
1362 1370 100.0
1370 1362 100.0
1362 1366 106.0
1366 1362 106.0
1362 1364 107.0
1364 1362 107.0
1363 1875 105.0
1875 1363 105.0
1363 1491 109.0
1491 1363 109.0
1363 1395 103.0
1395 1363 103.0
1363 1371 103.0
1371 1363 103.0
1363 1367 109.0
1367 1363 109.0
1363 1364 109.0
1364 1363 109.0
1364 1876 102.0
1876 1364 102.0
1364 1492 109.0
1492 1364 109.0
1364 1396 100.0
1396 1364 100.0
1364 1372 100.0
1372 1364 100.0
1364 1368 110.0
1368 1364 110.0
1365 1877 110.0
1877 1365 110.0
1365 1493 104.0
1493 1365 104.0
1365 1397 104.0
1397 1365 104.0
1365 1373 104.0
1373 1365 104.0
1365 1367 110.0
1367 1365 110.0
1365 1366 101.0
1366 1365 101.0
1366 1878 108.0
1878 1366 108.0
1366 1494 106.0
1494 1366 106.0
1366 1398 101.0
1398 1366 101.0
1366 1374 109.0
1374 1366 109.0
1366 1368 101.0
1368 1366 101.0
1367 1879 100.0
1879 1367 100.0
1367 1495 107.0
1495 1367 107.0
1367 1399 108.0
1399 1367 108.0
1367 1375 103.0
1375 1367 103.0
1367 1368 105.0
1368 1367 105.0
1368 1880 101.0
1880 1368 101.0
1368 1496 108.0
1496 1368 108.0
1368 1400 106.0
1400 1368 106.0
1368 1376 108.0
1376 1368 108.0
1369 1881 107.0
1881 1369 107.0
1369 1497 110.0
1497 1369 110.0
1369 1401 104.0
1401 1369 104.0
1369 1373 108.0
1373 1369 108.0
1369 1371 102.0
1371 1369 102.0
1369 1370 102.0
1370 1369 102.0
1370 1882 100.0
1882 1370 100.0
1370 1498 109.0
1498 1370 109.0
1370 1402 106.0
1402 1370 106.0
1370 1374 104.0
1374 1370 104.0
1370 1372 100.0
1372 1370 100.0
1371 1883 105.0
1883 1371 105.0
1371 1499 101.0
1499 1371 101.0
1371 1403 110.0
1403 1371 110.0
1371 1375 108.0
1375 1371 108.0
1371 1372 108.0
1372 1371 108.0
1372 1884 104.0
1884 1372 104.0
1372 1500 101.0
1500 1372 101.0
1372 1404 106.0
1404 1372 106.0
1372 1376 104.0
1376 1372 104.0
1373 1885 107.0
1885 1373 107.0
1373 1501 107.0
1501 1373 107.0
1373 1405 103.0
1405 1373 103.0
1373 1375 104.0
1375 1373 104.0
1373 1374 101.0
1374 1373 101.0
1374 1886 106.0
1886 1374 106.0
1374 1502 100.0
1502 1374 100.0
1374 1406 104.0
1406 1374 104.0
1374 1376 100.0
1376 1374 100.0
1375 1887 102.0
1887 1375 102.0
1375 1503 109.0
1503 1375 109.0
1375 1407 100.0
1407 1375 100.0
1375 1376 104.0
1376 1375 104.0
1376 1888 100.0
1888 1376 100.0
1376 1504 105.0
1504 1376 105.0
1376 1408 107.0
1408 1376 107.0
1377 1889 102.0
1889 1377 102.0
1377 1505 107.0
1505 1377 107.0
1377 1393 106.0
1393 1377 106.0
1377 1385 106.0
1385 1377 106.0
1377 1381 100.0
1381 1377 100.0
1377 1379 102.0
1379 1377 102.0
1377 1378 106.0
1378 1377 106.0
1378 1890 109.0
1890 1378 109.0
1378 1506 102.0
1506 1378 102.0
1378 1394 106.0
1394 1378 106.0
1378 1386 103.0
1386 1378 103.0
1378 1382 107.0
1382 1378 107.0
1378 1380 101.0
1380 1378 101.0
1379 1891 109.0
1891 1379 109.0
1379 1507 104.0
1507 1379 104.0
1379 1395 106.0
1395 1379 106.0
1379 1387 107.0
1387 1379 107.0
1379 1383 110.0
1383 1379 110.0
1379 1380 106.0
1380 1379 106.0
1380 1892 100.0
1892 1380 100.0
1380 1508 109.0
1508 1380 109.0
1380 1396 106.0
1396 1380 106.0
1380 1388 101.0
1388 1380 101.0
1380 1384 107.0
1384 1380 107.0
1381 1893 104.0
1893 1381 104.0
1381 1509 106.0
1509 1381 106.0
1381 1397 102.0
1397 1381 102.0
1381 1389 104.0
1389 1381 104.0
1381 1383 103.0
1383 1381 103.0
1381 1382 107.0
1382 1381 107.0
1382 1894 103.0
1894 1382 103.0
1382 1510 103.0
1510 1382 103.0
1382 1398 110.0
1398 1382 110.0
1382 1390 104.0
1390 1382 104.0
1382 1384 110.0
1384 1382 110.0
1383 1895 103.0
1895 1383 103.0
1383 1511 109.0
1511 1383 109.0
1383 1399 103.0
1399 1383 103.0
1383 1391 101.0
1391 1383 101.0
1383 1384 105.0
1384 1383 105.0
1384 1896 109.0
1896 1384 109.0
1384 1512 107.0
1512 1384 107.0
1384 1400 103.0
1400 1384 103.0
1384 1392 108.0
1392 1384 108.0
1385 1897 101.0
1897 1385 101.0
1385 1513 106.0
1513 1385 106.0
1385 1401 104.0
1401 1385 104.0
1385 1389 104.0
1389 1385 104.0
1385 1387 110.0
1387 1385 110.0
1385 1386 101.0
1386 1385 101.0
1386 1898 105.0
1898 1386 105.0
1386 1514 108.0
1514 1386 108.0
1386 1402 103.0
1402 1386 103.0
1386 1390 105.0
1390 1386 105.0
1386 1388 110.0
1388 1386 110.0
1387 1899 103.0
1899 1387 103.0
1387 1515 100.0
1515 1387 100.0
1387 1403 105.0
1403 1387 105.0
1387 1391 104.0
1391 1387 104.0
1387 1388 101.0
1388 1387 101.0
1388 1900 102.0
1900 1388 102.0
1388 1516 103.0
1516 1388 103.0
1388 1404 108.0
1404 1388 108.0
1388 1392 100.0
1392 1388 100.0
1389 1901 108.0
1901 1389 108.0
1389 1517 106.0
1517 1389 106.0
1389 1405 103.0
1405 1389 103.0
1389 1391 102.0
1391 1389 102.0
1389 1390 107.0
1390 1389 107.0
1390 1902 102.0
1902 1390 102.0
1390 1518 103.0
1518 1390 103.0
1390 1406 103.0
1406 1390 103.0
1390 1392 109.0
1392 1390 109.0
1391 1903 110.0
1903 1391 110.0
1391 1519 103.0
1519 1391 103.0
1391 1407 106.0
1407 1391 106.0
1391 1392 109.0
1392 1391 109.0
1392 1904 108.0
1904 1392 108.0
1392 1520 104.0
1520 1392 104.0
1392 1408 107.0
1408 1392 107.0
1393 1905 106.0
1905 1393 106.0
1393 1521 106.0
1521 1393 106.0
1393 1401 100.0
1401 1393 100.0
1393 1397 107.0
1397 1393 107.0
1393 1395 110.0
1395 1393 110.0
1393 1394 104.0
1394 1393 104.0
1394 1906 108.0
1906 1394 108.0
1394 1522 102.0
1522 1394 102.0
1394 1402 101.0
1402 1394 101.0
1394 1398 105.0
1398 1394 105.0
1394 1396 101.0
1396 1394 101.0
1395 1907 104.0
1907 1395 104.0
1395 1523 105.0
1523 1395 105.0
1395 1403 100.0
1403 1395 100.0
1395 1399 101.0
1399 1395 101.0
1395 1396 108.0
1396 1395 108.0
1396 1908 103.0
1908 1396 103.0
1396 1524 100.0
1524 1396 100.0
1396 1404 109.0
1404 1396 109.0
1396 1400 102.0
1400 1396 102.0
1397 1909 104.0
1909 1397 104.0
1397 1525 102.0
1525 1397 102.0
1397 1405 101.0
1405 1397 101.0
1397 1399 109.0
1399 1397 109.0
1397 1398 110.0
1398 1397 110.0
1398 1910 100.0
1910 1398 100.0
1398 1526 100.0
1526 1398 100.0
1398 1406 103.0
1406 1398 103.0
1398 1400 109.0
1400 1398 109.0
1399 1911 105.0
1911 1399 105.0
1399 1527 102.0
1527 1399 102.0
1399 1407 106.0
1407 1399 106.0
1399 1400 108.0
1400 1399 108.0
1400 1912 108.0
1912 1400 108.0
1400 1528 100.0
1528 1400 100.0
1400 1408 100.0
1408 1400 100.0
1401 1913 109.0
1913 1401 109.0
1401 1529 109.0
1529 1401 109.0
1401 1405 108.0
1405 1401 108.0
1401 1403 103.0
1403 1401 103.0
1401 1402 106.0
1402 1401 106.0
1402 1914 102.0
1914 1402 102.0
1402 1530 106.0
1530 1402 106.0
1402 1406 103.0
1406 1402 103.0
1402 1404 106.0
1404 1402 106.0
1403 1915 103.0
1915 1403 103.0
1403 1531 110.0
1531 1403 110.0
1403 1407 103.0
1407 1403 103.0
1403 1404 107.0
1404 1403 107.0
1404 1916 106.0
1916 1404 106.0
1404 1532 102.0
1532 1404 102.0
1404 1408 100.0
1408 1404 100.0
1405 1917 110.0
1917 1405 110.0
1405 1533 103.0
1533 1405 103.0
1405 1407 107.0
1407 1405 107.0
1405 1406 100.0
1406 1405 100.0
1406 1918 103.0
1918 1406 103.0
1406 1534 109.0
1534 1406 109.0
1406 1408 109.0
1408 1406 109.0
1407 1919 100.0
1919 1407 100.0
1407 1535 108.0
1535 1407 108.0
1407 1408 103.0
1408 1407 103.0
1408 1920 100.0
1920 1408 100.0
1408 1536 103.0
1536 1408 103.0
1409 1921 106.0
1921 1409 106.0
1409 1473 109.0
1473 1409 109.0
1409 1441 105.0
1441 1409 105.0
1409 1425 110.0
1425 1409 110.0
1409 1417 109.0
1417 1409 109.0
1409 1413 101.0
1413 1409 101.0
1409 1411 108.0
1411 1409 108.0
1409 1410 106.0
1410 1409 106.0
1410 1922 109.0
1922 1410 109.0
1410 1474 103.0
1474 1410 103.0
1410 1442 110.0
1442 1410 110.0
1410 1426 101.0
1426 1410 101.0
1410 1418 101.0
1418 1410 101.0
1410 1414 105.0
1414 1410 105.0
1410 1412 110.0
1412 1410 110.0
1411 1923 100.0
1923 1411 100.0
1411 1475 100.0
1475 1411 100.0
1411 1443 106.0
1443 1411 106.0
1411 1427 105.0
1427 1411 105.0
1411 1419 103.0
1419 1411 103.0
1411 1415 106.0
1415 1411 106.0
1411 1412 104.0
1412 1411 104.0
1412 1924 108.0
1924 1412 108.0
1412 1476 108.0
1476 1412 108.0
1412 1444 107.0
1444 1412 107.0
1412 1428 110.0
1428 1412 110.0
1412 1420 108.0
1420 1412 108.0
1412 1416 106.0
1416 1412 106.0
1413 1925 109.0
1925 1413 109.0
1413 1477 102.0
1477 1413 102.0
1413 1445 102.0
1445 1413 102.0
1413 1429 103.0
1429 1413 103.0
1413 1421 110.0
1421 1413 110.0
1413 1415 102.0
1415 1413 102.0
1413 1414 104.0
1414 1413 104.0
1414 1926 104.0
1926 1414 104.0
1414 1478 106.0
1478 1414 106.0
1414 1446 107.0
1446 1414 107.0
1414 1430 108.0
1430 1414 108.0
1414 1422 109.0
1422 1414 109.0
1414 1416 104.0
1416 1414 104.0
1415 1927 106.0
1927 1415 106.0
1415 1479 104.0
1479 1415 104.0
1415 1447 110.0
1447 1415 110.0
1415 1431 100.0
1431 1415 100.0
1415 1423 104.0
1423 1415 104.0
1415 1416 110.0
1416 1415 110.0
1416 1928 104.0
1928 1416 104.0
1416 1480 109.0
1480 1416 109.0
1416 1448 107.0
1448 1416 107.0
1416 1432 107.0
1432 1416 107.0
1416 1424 104.0
1424 1416 104.0
1417 1929 106.0
1929 1417 106.0
1417 1481 101.0
1481 1417 101.0
1417 1449 105.0
1449 1417 105.0
1417 1433 107.0
1433 1417 107.0
1417 1421 100.0
1421 1417 100.0
1417 1419 108.0
1419 1417 108.0
1417 1418 105.0
1418 1417 105.0
1418 1930 103.0
1930 1418 103.0
1418 1482 100.0
1482 1418 100.0
1418 1450 109.0
1450 1418 109.0
1418 1434 103.0
1434 1418 103.0
1418 1422 100.0
1422 1418 100.0
1418 1420 102.0
1420 1418 102.0
1419 1931 101.0
1931 1419 101.0
1419 1483 101.0
1483 1419 101.0
1419 1451 107.0
1451 1419 107.0
1419 1435 109.0
1435 1419 109.0
1419 1423 108.0
1423 1419 108.0
1419 1420 105.0
1420 1419 105.0
1420 1932 102.0
1932 1420 102.0
1420 1484 100.0
1484 1420 100.0
1420 1452 100.0
1452 1420 100.0
1420 1436 100.0
1436 1420 100.0
1420 1424 107.0
1424 1420 107.0
1421 1933 106.0
1933 1421 106.0
1421 1485 108.0
1485 1421 108.0
1421 1453 100.0
1453 1421 100.0
1421 1437 107.0
1437 1421 107.0
1421 1423 103.0
1423 1421 103.0
1421 1422 108.0
1422 1421 108.0
1422 1934 109.0
1934 1422 109.0
1422 1486 106.0
1486 1422 106.0
1422 1454 104.0
1454 1422 104.0
1422 1438 108.0
1438 1422 108.0
1422 1424 110.0
1424 1422 110.0
1423 1935 102.0
1935 1423 102.0
1423 1487 109.0
1487 1423 109.0
1423 1455 104.0
1455 1423 104.0
1423 1439 100.0
1439 1423 100.0
1423 1424 102.0
1424 1423 102.0
1424 1936 107.0
1936 1424 107.0
1424 1488 100.0
1488 1424 100.0
1424 1456 100.0
1456 1424 100.0
1424 1440 104.0
1440 1424 104.0
1425 1937 106.0
1937 1425 106.0
1425 1489 106.0
1489 1425 106.0
1425 1457 109.0
1457 1425 109.0
1425 1433 108.0
1433 1425 108.0
1425 1429 101.0
1429 1425 101.0
1425 1427 101.0
1427 1425 101.0
1425 1426 102.0
1426 1425 102.0
1426 1938 108.0
1938 1426 108.0
1426 1490 108.0
1490 1426 108.0
1426 1458 100.0
1458 1426 100.0
1426 1434 105.0
1434 1426 105.0
1426 1430 103.0
1430 1426 103.0
1426 1428 107.0
1428 1426 107.0
1427 1939 105.0
1939 1427 105.0
1427 1491 107.0
1491 1427 107.0
1427 1459 100.0
1459 1427 100.0
1427 1435 102.0
1435 1427 102.0
1427 1431 105.0
1431 1427 105.0
1427 1428 106.0
1428 1427 106.0
1428 1940 100.0
1940 1428 100.0
1428 1492 106.0
1492 1428 106.0
1428 1460 106.0
1460 1428 106.0
1428 1436 107.0
1436 1428 107.0
1428 1432 105.0
1432 1428 105.0
1429 1941 102.0
1941 1429 102.0
1429 1493 106.0
1493 1429 106.0
1429 1461 100.0
1461 1429 100.0
1429 1437 110.0
1437 1429 110.0
1429 1431 109.0
1431 1429 109.0
1429 1430 103.0
1430 1429 103.0
1430 1942 106.0
1942 1430 106.0
1430 1494 103.0
1494 1430 103.0
1430 1462 105.0
1462 1430 105.0
1430 1438 107.0
1438 1430 107.0
1430 1432 107.0
1432 1430 107.0
1431 1943 109.0
1943 1431 109.0
1431 1495 110.0
1495 1431 110.0
1431 1463 109.0
1463 1431 109.0
1431 1439 102.0
1439 1431 102.0
1431 1432 110.0
1432 1431 110.0
1432 1944 104.0
1944 1432 104.0
1432 1496 100.0
1496 1432 100.0
1432 1464 107.0
1464 1432 107.0
1432 1440 101.0
1440 1432 101.0
1433 1945 105.0
1945 1433 105.0
1433 1497 108.0
1497 1433 108.0
1433 1465 102.0
1465 1433 102.0
1433 1437 109.0
1437 1433 109.0
1433 1435 110.0
1435 1433 110.0
1433 1434 110.0
1434 1433 110.0
1434 1946 102.0
1946 1434 102.0
1434 1498 105.0
1498 1434 105.0
1434 1466 106.0
1466 1434 106.0
1434 1438 109.0
1438 1434 109.0
1434 1436 105.0
1436 1434 105.0
1435 1947 106.0
1947 1435 106.0
1435 1499 107.0
1499 1435 107.0
1435 1467 102.0
1467 1435 102.0
1435 1439 100.0
1439 1435 100.0
1435 1436 108.0
1436 1435 108.0
1436 1948 107.0
1948 1436 107.0
1436 1500 105.0
1500 1436 105.0
1436 1468 110.0
1468 1436 110.0
1436 1440 103.0
1440 1436 103.0
1437 1949 103.0
1949 1437 103.0
1437 1501 105.0
1501 1437 105.0
1437 1469 109.0
1469 1437 109.0
1437 1439 104.0
1439 1437 104.0
1437 1438 101.0
1438 1437 101.0
1438 1950 108.0
1950 1438 108.0
1438 1502 107.0
1502 1438 107.0
1438 1470 107.0
1470 1438 107.0
1438 1440 106.0
1440 1438 106.0
1439 1951 106.0
1951 1439 106.0
1439 1503 110.0
1503 1439 110.0
1439 1471 102.0
1471 1439 102.0
1439 1440 101.0
1440 1439 101.0
1440 1952 100.0
1952 1440 100.0
1440 1504 106.0
1504 1440 106.0
1440 1472 106.0
1472 1440 106.0
1441 1953 109.0
1953 1441 109.0
1441 1505 109.0
1505 1441 109.0
1441 1457 109.0
1457 1441 109.0
1441 1449 107.0
1449 1441 107.0
1441 1445 105.0
1445 1441 105.0
1441 1443 103.0
1443 1441 103.0
1441 1442 108.0
1442 1441 108.0
1442 1954 107.0
1954 1442 107.0
1442 1506 103.0
1506 1442 103.0
1442 1458 109.0
1458 1442 109.0
1442 1450 100.0
1450 1442 100.0
1442 1446 105.0
1446 1442 105.0
1442 1444 108.0
1444 1442 108.0
1443 1955 106.0
1955 1443 106.0
1443 1507 104.0
1507 1443 104.0
1443 1459 106.0
1459 1443 106.0
1443 1451 109.0
1451 1443 109.0
1443 1447 110.0
1447 1443 110.0
1443 1444 101.0
1444 1443 101.0
1444 1956 109.0
1956 1444 109.0
1444 1508 102.0
1508 1444 102.0
1444 1460 105.0
1460 1444 105.0
1444 1452 105.0
1452 1444 105.0
1444 1448 101.0
1448 1444 101.0
1445 1957 100.0
1957 1445 100.0
1445 1509 101.0
1509 1445 101.0
1445 1461 107.0
1461 1445 107.0
1445 1453 110.0
1453 1445 110.0
1445 1447 110.0
1447 1445 110.0
1445 1446 100.0
1446 1445 100.0
1446 1958 105.0
1958 1446 105.0
1446 1510 100.0
1510 1446 100.0
1446 1462 102.0
1462 1446 102.0
1446 1454 106.0
1454 1446 106.0
1446 1448 101.0
1448 1446 101.0
1447 1959 107.0
1959 1447 107.0
1447 1511 108.0
1511 1447 108.0
1447 1463 101.0
1463 1447 101.0
1447 1455 109.0
1455 1447 109.0
1447 1448 103.0
1448 1447 103.0
1448 1960 101.0
1960 1448 101.0
1448 1512 105.0
1512 1448 105.0
1448 1464 110.0
1464 1448 110.0
1448 1456 108.0
1456 1448 108.0
1449 1961 103.0
1961 1449 103.0
1449 1513 110.0
1513 1449 110.0
1449 1465 109.0
1465 1449 109.0
1449 1453 102.0
1453 1449 102.0
1449 1451 109.0
1451 1449 109.0
1449 1450 107.0
1450 1449 107.0
1450 1962 109.0
1962 1450 109.0
1450 1514 105.0
1514 1450 105.0
1450 1466 103.0
1466 1450 103.0
1450 1454 110.0
1454 1450 110.0
1450 1452 107.0
1452 1450 107.0
1451 1963 105.0
1963 1451 105.0
1451 1515 101.0
1515 1451 101.0
1451 1467 106.0
1467 1451 106.0
1451 1455 108.0
1455 1451 108.0
1451 1452 100.0
1452 1451 100.0
1452 1964 109.0
1964 1452 109.0
1452 1516 109.0
1516 1452 109.0
1452 1468 107.0
1468 1452 107.0
1452 1456 106.0
1456 1452 106.0
1453 1965 109.0
1965 1453 109.0
1453 1517 107.0
1517 1453 107.0
1453 1469 108.0
1469 1453 108.0
1453 1455 106.0
1455 1453 106.0
1453 1454 103.0
1454 1453 103.0
1454 1966 103.0
1966 1454 103.0
1454 1518 104.0
1518 1454 104.0
1454 1470 102.0
1470 1454 102.0
1454 1456 110.0
1456 1454 110.0
1455 1967 104.0
1967 1455 104.0
1455 1519 100.0
1519 1455 100.0
1455 1471 109.0
1471 1455 109.0
1455 1456 109.0
1456 1455 109.0
1456 1968 109.0
1968 1456 109.0
1456 1520 108.0
1520 1456 108.0
1456 1472 106.0
1472 1456 106.0
1457 1969 110.0
1969 1457 110.0
1457 1521 103.0
1521 1457 103.0
1457 1465 102.0
1465 1457 102.0
1457 1461 105.0
1461 1457 105.0
1457 1459 107.0
1459 1457 107.0
1457 1458 102.0
1458 1457 102.0
1458 1970 105.0
1970 1458 105.0
1458 1522 104.0
1522 1458 104.0
1458 1466 109.0
1466 1458 109.0
1458 1462 110.0
1462 1458 110.0
1458 1460 107.0
1460 1458 107.0
1459 1971 105.0
1971 1459 105.0
1459 1523 106.0
1523 1459 106.0
1459 1467 104.0
1467 1459 104.0
1459 1463 101.0
1463 1459 101.0
1459 1460 107.0
1460 1459 107.0
1460 1972 106.0
1972 1460 106.0
1460 1524 104.0
1524 1460 104.0
1460 1468 103.0
1468 1460 103.0
1460 1464 108.0
1464 1460 108.0
1461 1973 106.0
1973 1461 106.0
1461 1525 101.0
1525 1461 101.0
1461 1469 108.0
1469 1461 108.0
1461 1463 108.0
1463 1461 108.0
1461 1462 105.0
1462 1461 105.0
1462 1974 107.0
1974 1462 107.0
1462 1526 107.0
1526 1462 107.0
1462 1470 105.0
1470 1462 105.0
1462 1464 110.0
1464 1462 110.0
1463 1975 107.0
1975 1463 107.0
1463 1527 102.0
1527 1463 102.0
1463 1471 110.0
1471 1463 110.0
1463 1464 105.0
1464 1463 105.0
1464 1976 110.0
1976 1464 110.0
1464 1528 110.0
1528 1464 110.0
1464 1472 100.0
1472 1464 100.0
1465 1977 104.0
1977 1465 104.0
1465 1529 100.0
1529 1465 100.0
1465 1469 108.0
1469 1465 108.0
1465 1467 102.0
1467 1465 102.0
1465 1466 103.0
1466 1465 103.0
1466 1978 101.0
1978 1466 101.0
1466 1530 101.0
1530 1466 101.0
1466 1470 107.0
1470 1466 107.0
1466 1468 102.0
1468 1466 102.0
1467 1979 109.0
1979 1467 109.0
1467 1531 110.0
1531 1467 110.0
1467 1471 101.0
1471 1467 101.0
1467 1468 110.0
1468 1467 110.0
1468 1980 106.0
1980 1468 106.0
1468 1532 109.0
1532 1468 109.0
1468 1472 107.0
1472 1468 107.0
1469 1981 105.0
1981 1469 105.0
1469 1533 109.0
1533 1469 109.0
1469 1471 102.0
1471 1469 102.0
1469 1470 104.0
1470 1469 104.0
1470 1982 109.0
1982 1470 109.0
1470 1534 102.0
1534 1470 102.0
1470 1472 102.0
1472 1470 102.0
1471 1983 110.0
1983 1471 110.0
1471 1535 106.0
1535 1471 106.0
1471 1472 109.0
1472 1471 109.0
1472 1984 108.0
1984 1472 108.0
1472 1536 100.0
1536 1472 100.0
1473 1985 100.0
1985 1473 100.0
1473 1505 105.0
1505 1473 105.0
1473 1489 105.0
1489 1473 105.0
1473 1481 105.0
1481 1473 105.0
1473 1477 101.0
1477 1473 101.0
1473 1475 100.0
1475 1473 100.0
1473 1474 104.0
1474 1473 104.0
1474 1986 110.0
1986 1474 110.0
1474 1506 106.0
1506 1474 106.0
1474 1490 100.0
1490 1474 100.0
1474 1482 104.0
1482 1474 104.0
1474 1478 103.0
1478 1474 103.0
1474 1476 102.0
1476 1474 102.0
1475 1987 107.0
1987 1475 107.0
1475 1507 110.0
1507 1475 110.0
1475 1491 110.0
1491 1475 110.0
1475 1483 106.0
1483 1475 106.0
1475 1479 107.0
1479 1475 107.0
1475 1476 105.0
1476 1475 105.0
1476 1988 100.0
1988 1476 100.0
1476 1508 109.0
1508 1476 109.0
1476 1492 110.0
1492 1476 110.0
1476 1484 104.0
1484 1476 104.0
1476 1480 100.0
1480 1476 100.0
1477 1989 109.0
1989 1477 109.0
1477 1509 102.0
1509 1477 102.0
1477 1493 110.0
1493 1477 110.0
1477 1485 102.0
1485 1477 102.0
1477 1479 102.0
1479 1477 102.0
1477 1478 106.0
1478 1477 106.0
1478 1990 110.0
1990 1478 110.0
1478 1510 109.0
1510 1478 109.0
1478 1494 108.0
1494 1478 108.0
1478 1486 110.0
1486 1478 110.0
1478 1480 107.0
1480 1478 107.0
1479 1991 106.0
1991 1479 106.0
1479 1511 102.0
1511 1479 102.0
1479 1495 104.0
1495 1479 104.0
1479 1487 110.0
1487 1479 110.0
1479 1480 109.0
1480 1479 109.0
1480 1992 109.0
1992 1480 109.0
1480 1512 109.0
1512 1480 109.0
1480 1496 106.0
1496 1480 106.0
1480 1488 103.0
1488 1480 103.0
1481 1993 103.0
1993 1481 103.0
1481 1513 108.0
1513 1481 108.0
1481 1497 102.0
1497 1481 102.0
1481 1485 107.0
1485 1481 107.0
1481 1483 102.0
1483 1481 102.0
1481 1482 110.0
1482 1481 110.0
1482 1994 103.0
1994 1482 103.0
1482 1514 102.0
1514 1482 102.0
1482 1498 104.0
1498 1482 104.0
1482 1486 100.0
1486 1482 100.0
1482 1484 109.0
1484 1482 109.0
1483 1995 108.0
1995 1483 108.0
1483 1515 100.0
1515 1483 100.0
1483 1499 103.0
1499 1483 103.0
1483 1487 107.0
1487 1483 107.0
1483 1484 101.0
1484 1483 101.0
1484 1996 103.0
1996 1484 103.0
1484 1516 106.0
1516 1484 106.0
1484 1500 106.0
1500 1484 106.0
1484 1488 110.0
1488 1484 110.0
1485 1997 103.0
1997 1485 103.0
1485 1517 110.0
1517 1485 110.0
1485 1501 105.0
1501 1485 105.0
1485 1487 101.0
1487 1485 101.0
1485 1486 110.0
1486 1485 110.0
1486 1998 107.0
1998 1486 107.0
1486 1518 109.0
1518 1486 109.0
1486 1502 106.0
1502 1486 106.0
1486 1488 101.0
1488 1486 101.0
1487 1999 109.0
1999 1487 109.0
1487 1519 101.0
1519 1487 101.0
1487 1503 104.0
1503 1487 104.0
1487 1488 103.0
1488 1487 103.0
1488 2000 101.0
2000 1488 101.0
1488 1520 100.0
1520 1488 100.0
1488 1504 101.0
1504 1488 101.0
1489 2001 102.0
2001 1489 102.0
1489 1521 107.0
1521 1489 107.0
1489 1497 108.0
1497 1489 108.0
1489 1493 102.0
1493 1489 102.0
1489 1491 104.0
1491 1489 104.0
1489 1490 100.0
1490 1489 100.0
1490 2002 102.0
2002 1490 102.0
1490 1522 103.0
1522 1490 103.0
1490 1498 107.0
1498 1490 107.0
1490 1494 103.0
1494 1490 103.0
1490 1492 104.0
1492 1490 104.0
1491 2003 105.0
2003 1491 105.0
1491 1523 101.0
1523 1491 101.0
1491 1499 108.0
1499 1491 108.0
1491 1495 100.0
1495 1491 100.0
1491 1492 101.0
1492 1491 101.0
1492 2004 101.0
2004 1492 101.0
1492 1524 101.0
1524 1492 101.0
1492 1500 105.0
1500 1492 105.0
1492 1496 110.0
1496 1492 110.0
1493 2005 109.0
2005 1493 109.0
1493 1525 109.0
1525 1493 109.0
1493 1501 107.0
1501 1493 107.0
1493 1495 102.0
1495 1493 102.0
1493 1494 104.0
1494 1493 104.0
1494 2006 106.0
2006 1494 106.0
1494 1526 101.0
1526 1494 101.0
1494 1502 106.0
1502 1494 106.0
1494 1496 109.0
1496 1494 109.0
1495 2007 107.0
2007 1495 107.0
1495 1527 109.0
1527 1495 109.0
1495 1503 101.0
1503 1495 101.0
1495 1496 104.0
1496 1495 104.0
1496 2008 106.0
2008 1496 106.0
1496 1528 107.0
1528 1496 107.0
1496 1504 102.0
1504 1496 102.0
1497 2009 107.0
2009 1497 107.0
1497 1529 109.0
1529 1497 109.0
1497 1501 107.0
1501 1497 107.0
1497 1499 105.0
1499 1497 105.0
1497 1498 107.0
1498 1497 107.0
1498 2010 108.0
2010 1498 108.0
1498 1530 100.0
1530 1498 100.0
1498 1502 106.0
1502 1498 106.0
1498 1500 102.0
1500 1498 102.0
1499 2011 101.0
2011 1499 101.0
1499 1531 100.0
1531 1499 100.0
1499 1503 105.0
1503 1499 105.0
1499 1500 109.0
1500 1499 109.0
1500 2012 102.0
2012 1500 102.0
1500 1532 108.0
1532 1500 108.0
1500 1504 101.0
1504 1500 101.0
1501 2013 107.0
2013 1501 107.0
1501 1533 104.0
1533 1501 104.0
1501 1503 109.0
1503 1501 109.0
1501 1502 102.0
1502 1501 102.0
1502 2014 100.0
2014 1502 100.0
1502 1534 100.0
1534 1502 100.0
1502 1504 100.0
1504 1502 100.0
1503 2015 104.0
2015 1503 104.0
1503 1535 104.0
1535 1503 104.0
1503 1504 104.0
1504 1503 104.0
1504 2016 105.0
2016 1504 105.0
1504 1536 106.0
1536 1504 106.0
1505 2017 102.0
2017 1505 102.0
1505 1521 102.0
1521 1505 102.0
1505 1513 110.0
1513 1505 110.0
1505 1509 109.0
1509 1505 109.0
1505 1507 102.0
1507 1505 102.0
1505 1506 108.0
1506 1505 108.0
1506 2018 106.0
2018 1506 106.0
1506 1522 110.0
1522 1506 110.0
1506 1514 103.0
1514 1506 103.0
1506 1510 100.0
1510 1506 100.0
1506 1508 109.0
1508 1506 109.0
1507 2019 105.0
2019 1507 105.0
1507 1523 104.0
1523 1507 104.0
1507 1515 103.0
1515 1507 103.0
1507 1511 104.0
1511 1507 104.0
1507 1508 101.0
1508 1507 101.0
1508 2020 110.0
2020 1508 110.0
1508 1524 103.0
1524 1508 103.0
1508 1516 102.0
1516 1508 102.0
1508 1512 102.0
1512 1508 102.0
1509 2021 100.0
2021 1509 100.0
1509 1525 105.0
1525 1509 105.0
1509 1517 110.0
1517 1509 110.0
1509 1511 104.0
1511 1509 104.0
1509 1510 108.0
1510 1509 108.0
1510 2022 106.0
2022 1510 106.0
1510 1526 110.0
1526 1510 110.0
1510 1518 109.0
1518 1510 109.0
1510 1512 103.0
1512 1510 103.0
1511 2023 107.0
2023 1511 107.0
1511 1527 101.0
1527 1511 101.0
1511 1519 108.0
1519 1511 108.0
1511 1512 110.0
1512 1511 110.0
1512 2024 100.0
2024 1512 100.0
1512 1528 107.0
1528 1512 107.0
1512 1520 102.0
1520 1512 102.0
1513 2025 109.0
2025 1513 109.0
1513 1529 104.0
1529 1513 104.0
1513 1517 106.0
1517 1513 106.0
1513 1515 107.0
1515 1513 107.0
1513 1514 106.0
1514 1513 106.0
1514 2026 103.0
2026 1514 103.0
1514 1530 108.0
1530 1514 108.0
1514 1518 101.0
1518 1514 101.0
1514 1516 108.0
1516 1514 108.0
1515 2027 110.0
2027 1515 110.0
1515 1531 106.0
1531 1515 106.0
1515 1519 105.0
1519 1515 105.0
1515 1516 100.0
1516 1515 100.0
1516 2028 109.0
2028 1516 109.0
1516 1532 104.0
1532 1516 104.0
1516 1520 104.0
1520 1516 104.0
1517 2029 105.0
2029 1517 105.0
1517 1533 100.0
1533 1517 100.0
1517 1519 101.0
1519 1517 101.0
1517 1518 107.0
1518 1517 107.0
1518 2030 106.0
2030 1518 106.0
1518 1534 107.0
1534 1518 107.0
1518 1520 109.0
1520 1518 109.0
1519 2031 108.0
2031 1519 108.0
1519 1535 102.0
1535 1519 102.0
1519 1520 107.0
1520 1519 107.0
1520 2032 103.0
2032 1520 103.0
1520 1536 103.0
1536 1520 103.0
1521 2033 104.0
2033 1521 104.0
1521 1529 102.0
1529 1521 102.0
1521 1525 109.0
1525 1521 109.0
1521 1523 105.0
1523 1521 105.0
1521 1522 101.0
1522 1521 101.0
1522 2034 100.0
2034 1522 100.0
1522 1530 101.0
1530 1522 101.0
1522 1526 103.0
1526 1522 103.0
1522 1524 106.0
1524 1522 106.0
1523 2035 110.0
2035 1523 110.0
1523 1531 101.0
1531 1523 101.0
1523 1527 110.0
1527 1523 110.0
1523 1524 108.0
1524 1523 108.0
1524 2036 108.0
2036 1524 108.0
1524 1532 101.0
1532 1524 101.0
1524 1528 100.0
1528 1524 100.0
1525 2037 110.0
2037 1525 110.0
1525 1533 101.0
1533 1525 101.0
1525 1527 105.0
1527 1525 105.0
1525 1526 109.0
1526 1525 109.0
1526 2038 106.0
2038 1526 106.0
1526 1534 101.0
1534 1526 101.0
1526 1528 103.0
1528 1526 103.0
1527 2039 110.0
2039 1527 110.0
1527 1535 100.0
1535 1527 100.0
1527 1528 107.0
1528 1527 107.0
1528 2040 108.0
2040 1528 108.0
1528 1536 105.0
1536 1528 105.0
1529 2041 102.0
2041 1529 102.0
1529 1533 105.0
1533 1529 105.0
1529 1531 101.0
1531 1529 101.0
1529 1530 105.0
1530 1529 105.0
1530 2042 108.0
2042 1530 108.0
1530 1534 101.0
1534 1530 101.0
1530 1532 108.0
1532 1530 108.0
1531 2043 100.0
2043 1531 100.0
1531 1535 103.0
1535 1531 103.0
1531 1532 107.0
1532 1531 107.0
1532 2044 110.0
2044 1532 110.0
1532 1536 108.0
1536 1532 108.0
1533 2045 108.0
2045 1533 108.0
1533 1535 107.0
1535 1533 107.0
1533 1534 102.0
1534 1533 102.0
1534 2046 103.0
2046 1534 103.0
1534 1536 103.0
1536 1534 103.0
1535 2047 110.0
2047 1535 110.0
1535 1536 103.0
1536 1535 103.0
1536 2048 106.0
2048 1536 106.0
1537 1793 100.0
1793 1537 100.0
1537 1665 100.0
1665 1537 100.0
1537 1601 107.0
1601 1537 107.0
1537 1569 102.0
1569 1537 102.0
1537 1553 108.0
1553 1537 108.0
1537 1545 107.0
1545 1537 107.0
1537 1541 107.0
1541 1537 107.0
1537 1539 104.0
1539 1537 104.0
1537 1538 110.0
1538 1537 110.0
1538 1794 105.0
1794 1538 105.0
1538 1666 109.0
1666 1538 109.0
1538 1602 101.0
1602 1538 101.0
1538 1570 100.0
1570 1538 100.0
1538 1554 100.0
1554 1538 100.0
1538 1546 104.0
1546 1538 104.0
1538 1542 102.0
1542 1538 102.0
1538 1540 107.0
1540 1538 107.0
1539 1795 103.0
1795 1539 103.0
1539 1667 109.0
1667 1539 109.0
1539 1603 101.0
1603 1539 101.0
1539 1571 108.0
1571 1539 108.0
1539 1555 102.0
1555 1539 102.0
1539 1547 108.0
1547 1539 108.0
1539 1543 100.0
1543 1539 100.0
1539 1540 103.0
1540 1539 103.0
1540 1796 107.0
1796 1540 107.0
1540 1668 105.0
1668 1540 105.0
1540 1604 109.0
1604 1540 109.0
1540 1572 103.0
1572 1540 103.0
1540 1556 100.0
1556 1540 100.0
1540 1548 102.0
1548 1540 102.0
1540 1544 109.0
1544 1540 109.0
1541 1797 105.0
1797 1541 105.0
1541 1669 106.0
1669 1541 106.0
1541 1605 110.0
1605 1541 110.0
1541 1573 103.0
1573 1541 103.0
1541 1557 109.0
1557 1541 109.0
1541 1549 107.0
1549 1541 107.0
1541 1543 103.0
1543 1541 103.0
1541 1542 101.0
1542 1541 101.0
1542 1798 109.0
1798 1542 109.0
1542 1670 106.0
1670 1542 106.0
1542 1606 110.0
1606 1542 110.0
1542 1574 102.0
1574 1542 102.0
1542 1558 103.0
1558 1542 103.0
1542 1550 108.0
1550 1542 108.0
1542 1544 105.0
1544 1542 105.0
1543 1799 106.0
1799 1543 106.0
1543 1671 107.0
1671 1543 107.0
1543 1607 107.0
1607 1543 107.0
1543 1575 109.0
1575 1543 109.0
1543 1559 110.0
1559 1543 110.0
1543 1551 109.0
1551 1543 109.0
1543 1544 106.0
1544 1543 106.0
1544 1800 108.0
1800 1544 108.0
1544 1672 109.0
1672 1544 109.0
1544 1608 108.0
1608 1544 108.0
1544 1576 104.0
1576 1544 104.0
1544 1560 110.0
1560 1544 110.0
1544 1552 108.0
1552 1544 108.0
1545 1801 106.0
1801 1545 106.0
1545 1673 101.0
1673 1545 101.0
1545 1609 104.0
1609 1545 104.0
1545 1577 110.0
1577 1545 110.0
1545 1561 106.0
1561 1545 106.0
1545 1549 100.0
1549 1545 100.0
1545 1547 107.0
1547 1545 107.0
1545 1546 109.0
1546 1545 109.0
1546 1802 105.0
1802 1546 105.0
1546 1674 109.0
1674 1546 109.0
1546 1610 109.0
1610 1546 109.0
1546 1578 103.0
1578 1546 103.0
1546 1562 107.0
1562 1546 107.0
1546 1550 108.0
1550 1546 108.0
1546 1548 101.0
1548 1546 101.0
1547 1803 109.0
1803 1547 109.0
1547 1675 102.0
1675 1547 102.0
1547 1611 110.0
1611 1547 110.0
1547 1579 108.0
1579 1547 108.0
1547 1563 106.0
1563 1547 106.0
1547 1551 109.0
1551 1547 109.0
1547 1548 110.0
1548 1547 110.0
1548 1804 106.0
1804 1548 106.0
1548 1676 105.0
1676 1548 105.0
1548 1612 107.0
1612 1548 107.0
1548 1580 107.0
1580 1548 107.0
1548 1564 104.0
1564 1548 104.0
1548 1552 104.0
1552 1548 104.0
1549 1805 110.0
1805 1549 110.0
1549 1677 100.0
1677 1549 100.0
1549 1613 104.0
1613 1549 104.0
1549 1581 103.0
1581 1549 103.0
1549 1565 109.0
1565 1549 109.0
1549 1551 107.0
1551 1549 107.0
1549 1550 104.0
1550 1549 104.0
1550 1806 110.0
1806 1550 110.0
1550 1678 105.0
1678 1550 105.0
1550 1614 108.0
1614 1550 108.0
1550 1582 101.0
1582 1550 101.0
1550 1566 103.0
1566 1550 103.0
1550 1552 104.0
1552 1550 104.0
1551 1807 106.0
1807 1551 106.0
1551 1679 102.0
1679 1551 102.0
1551 1615 105.0
1615 1551 105.0
1551 1583 109.0
1583 1551 109.0
1551 1567 105.0
1567 1551 105.0
1551 1552 100.0
1552 1551 100.0
1552 1808 109.0
1808 1552 109.0
1552 1680 110.0
1680 1552 110.0
1552 1616 105.0
1616 1552 105.0
1552 1584 103.0
1584 1552 103.0
1552 1568 107.0
1568 1552 107.0
1553 1809 106.0
1809 1553 106.0
1553 1681 101.0
1681 1553 101.0
1553 1617 108.0
1617 1553 108.0
1553 1585 110.0
1585 1553 110.0
1553 1561 106.0
1561 1553 106.0
1553 1557 103.0
1557 1553 103.0
1553 1555 110.0
1555 1553 110.0
1553 1554 110.0
1554 1553 110.0
1554 1810 105.0
1810 1554 105.0
1554 1682 106.0
1682 1554 106.0
1554 1618 102.0
1618 1554 102.0
1554 1586 106.0
1586 1554 106.0
1554 1562 106.0
1562 1554 106.0
1554 1558 100.0
1558 1554 100.0
1554 1556 104.0
1556 1554 104.0
1555 1811 104.0
1811 1555 104.0
1555 1683 107.0
1683 1555 107.0
1555 1619 105.0
1619 1555 105.0
1555 1587 101.0
1587 1555 101.0
1555 1563 105.0
1563 1555 105.0
1555 1559 102.0
1559 1555 102.0
1555 1556 107.0
1556 1555 107.0
1556 1812 106.0
1812 1556 106.0
1556 1684 100.0
1684 1556 100.0
1556 1620 108.0
1620 1556 108.0
1556 1588 107.0
1588 1556 107.0
1556 1564 109.0
1564 1556 109.0
1556 1560 107.0
1560 1556 107.0
1557 1813 101.0
1813 1557 101.0
1557 1685 101.0
1685 1557 101.0
1557 1621 110.0
1621 1557 110.0
1557 1589 110.0
1589 1557 110.0
1557 1565 100.0
1565 1557 100.0
1557 1559 110.0
1559 1557 110.0
1557 1558 106.0
1558 1557 106.0
1558 1814 104.0
1814 1558 104.0
1558 1686 103.0
1686 1558 103.0
1558 1622 104.0
1622 1558 104.0
1558 1590 101.0
1590 1558 101.0
1558 1566 103.0
1566 1558 103.0
1558 1560 106.0
1560 1558 106.0
1559 1815 108.0
1815 1559 108.0
1559 1687 103.0
1687 1559 103.0
1559 1623 108.0
1623 1559 108.0
1559 1591 107.0
1591 1559 107.0
1559 1567 106.0
1567 1559 106.0
1559 1560 110.0
1560 1559 110.0
1560 1816 109.0
1816 1560 109.0
1560 1688 100.0
1688 1560 100.0
1560 1624 101.0
1624 1560 101.0
1560 1592 101.0
1592 1560 101.0
1560 1568 100.0
1568 1560 100.0
1561 1817 101.0
1817 1561 101.0
1561 1689 105.0
1689 1561 105.0
1561 1625 108.0
1625 1561 108.0
1561 1593 100.0
1593 1561 100.0
1561 1565 102.0
1565 1561 102.0
1561 1563 108.0
1563 1561 108.0
1561 1562 104.0
1562 1561 104.0
1562 1818 105.0
1818 1562 105.0
1562 1690 108.0
1690 1562 108.0
1562 1626 110.0
1626 1562 110.0
1562 1594 108.0
1594 1562 108.0
1562 1566 101.0
1566 1562 101.0
1562 1564 100.0
1564 1562 100.0
1563 1819 107.0
1819 1563 107.0
1563 1691 110.0
1691 1563 110.0
1563 1627 106.0
1627 1563 106.0
1563 1595 110.0
1595 1563 110.0
1563 1567 100.0
1567 1563 100.0
1563 1564 105.0
1564 1563 105.0
1564 1820 108.0
1820 1564 108.0
1564 1692 104.0
1692 1564 104.0
1564 1628 100.0
1628 1564 100.0
1564 1596 109.0
1596 1564 109.0
1564 1568 103.0
1568 1564 103.0
1565 1821 106.0
1821 1565 106.0
1565 1693 108.0
1693 1565 108.0
1565 1629 104.0
1629 1565 104.0
1565 1597 100.0
1597 1565 100.0
1565 1567 102.0
1567 1565 102.0
1565 1566 109.0
1566 1565 109.0
1566 1822 100.0
1822 1566 100.0
1566 1694 100.0
1694 1566 100.0
1566 1630 103.0
1630 1566 103.0
1566 1598 108.0
1598 1566 108.0
1566 1568 105.0
1568 1566 105.0
1567 1823 100.0
1823 1567 100.0
1567 1695 105.0
1695 1567 105.0
1567 1631 108.0
1631 1567 108.0
1567 1599 106.0
1599 1567 106.0
1567 1568 101.0
1568 1567 101.0
1568 1824 103.0
1824 1568 103.0
1568 1696 106.0
1696 1568 106.0
1568 1632 110.0
1632 1568 110.0
1568 1600 108.0
1600 1568 108.0
1569 1825 110.0
1825 1569 110.0
1569 1697 110.0
1697 1569 110.0
1569 1633 108.0
1633 1569 108.0
1569 1585 105.0
1585 1569 105.0
1569 1577 102.0
1577 1569 102.0
1569 1573 106.0
1573 1569 106.0
1569 1571 100.0
1571 1569 100.0
1569 1570 106.0
1570 1569 106.0
1570 1826 109.0
1826 1570 109.0
1570 1698 110.0
1698 1570 110.0
1570 1634 102.0
1634 1570 102.0
1570 1586 104.0
1586 1570 104.0
1570 1578 107.0
1578 1570 107.0
1570 1574 107.0
1574 1570 107.0
1570 1572 100.0
1572 1570 100.0
1571 1827 104.0
1827 1571 104.0
1571 1699 103.0
1699 1571 103.0
1571 1635 101.0
1635 1571 101.0
1571 1587 104.0
1587 1571 104.0
1571 1579 105.0
1579 1571 105.0
1571 1575 101.0
1575 1571 101.0
1571 1572 107.0
1572 1571 107.0
1572 1828 110.0
1828 1572 110.0
1572 1700 104.0
1700 1572 104.0
1572 1636 101.0
1636 1572 101.0
1572 1588 101.0
1588 1572 101.0
1572 1580 107.0
1580 1572 107.0
1572 1576 108.0
1576 1572 108.0
1573 1829 101.0
1829 1573 101.0
1573 1701 104.0
1701 1573 104.0
1573 1637 110.0
1637 1573 110.0
1573 1589 106.0
1589 1573 106.0
1573 1581 108.0
1581 1573 108.0
1573 1575 106.0
1575 1573 106.0
1573 1574 106.0
1574 1573 106.0
1574 1830 105.0
1830 1574 105.0
1574 1702 102.0
1702 1574 102.0
1574 1638 110.0
1638 1574 110.0
1574 1590 107.0
1590 1574 107.0
1574 1582 110.0
1582 1574 110.0
1574 1576 103.0
1576 1574 103.0
1575 1831 105.0
1831 1575 105.0
1575 1703 102.0
1703 1575 102.0
1575 1639 101.0
1639 1575 101.0
1575 1591 100.0
1591 1575 100.0
1575 1583 100.0
1583 1575 100.0
1575 1576 103.0
1576 1575 103.0
1576 1832 102.0
1832 1576 102.0
1576 1704 105.0
1704 1576 105.0
1576 1640 103.0
1640 1576 103.0
1576 1592 107.0
1592 1576 107.0
1576 1584 104.0
1584 1576 104.0
1577 1833 100.0
1833 1577 100.0
1577 1705 105.0
1705 1577 105.0
1577 1641 105.0
1641 1577 105.0
1577 1593 109.0
1593 1577 109.0
1577 1581 108.0
1581 1577 108.0
1577 1579 101.0
1579 1577 101.0
1577 1578 107.0
1578 1577 107.0
1578 1834 110.0
1834 1578 110.0
1578 1706 109.0
1706 1578 109.0
1578 1642 106.0
1642 1578 106.0
1578 1594 103.0
1594 1578 103.0
1578 1582 100.0
1582 1578 100.0
1578 1580 105.0
1580 1578 105.0
1579 1835 109.0
1835 1579 109.0
1579 1707 109.0
1707 1579 109.0
1579 1643 100.0
1643 1579 100.0
1579 1595 106.0
1595 1579 106.0
1579 1583 104.0
1583 1579 104.0
1579 1580 104.0
1580 1579 104.0
1580 1836 105.0
1836 1580 105.0
1580 1708 102.0
1708 1580 102.0
1580 1644 101.0
1644 1580 101.0
1580 1596 100.0
1596 1580 100.0
1580 1584 110.0
1584 1580 110.0
1581 1837 101.0
1837 1581 101.0
1581 1709 102.0
1709 1581 102.0
1581 1645 110.0
1645 1581 110.0
1581 1597 103.0
1597 1581 103.0
1581 1583 109.0
1583 1581 109.0
1581 1582 109.0
1582 1581 109.0
1582 1838 108.0
1838 1582 108.0
1582 1710 108.0
1710 1582 108.0
1582 1646 104.0
1646 1582 104.0
1582 1598 110.0
1598 1582 110.0
1582 1584 109.0
1584 1582 109.0
1583 1839 110.0
1839 1583 110.0
1583 1711 101.0
1711 1583 101.0
1583 1647 102.0
1647 1583 102.0
1583 1599 100.0
1599 1583 100.0
1583 1584 109.0
1584 1583 109.0
1584 1840 108.0
1840 1584 108.0
1584 1712 110.0
1712 1584 110.0
1584 1648 109.0
1648 1584 109.0
1584 1600 105.0
1600 1584 105.0
1585 1841 102.0
1841 1585 102.0
1585 1713 100.0
1713 1585 100.0
1585 1649 110.0
1649 1585 110.0
1585 1593 106.0
1593 1585 106.0
1585 1589 110.0
1589 1585 110.0
1585 1587 109.0
1587 1585 109.0
1585 1586 109.0
1586 1585 109.0
1586 1842 109.0
1842 1586 109.0
1586 1714 100.0
1714 1586 100.0
1586 1650 101.0
1650 1586 101.0
1586 1594 106.0
1594 1586 106.0
1586 1590 100.0
1590 1586 100.0
1586 1588 104.0
1588 1586 104.0
1587 1843 104.0
1843 1587 104.0
1587 1715 105.0
1715 1587 105.0
1587 1651 108.0
1651 1587 108.0
1587 1595 104.0
1595 1587 104.0
1587 1591 110.0
1591 1587 110.0
1587 1588 100.0
1588 1587 100.0
1588 1844 109.0
1844 1588 109.0
1588 1716 108.0
1716 1588 108.0
1588 1652 109.0
1652 1588 109.0
1588 1596 107.0
1596 1588 107.0
1588 1592 101.0
1592 1588 101.0
1589 1845 110.0
1845 1589 110.0
1589 1717 104.0
1717 1589 104.0
1589 1653 104.0
1653 1589 104.0
1589 1597 107.0
1597 1589 107.0
1589 1591 110.0
1591 1589 110.0
1589 1590 101.0
1590 1589 101.0
1590 1846 101.0
1846 1590 101.0
1590 1718 102.0
1718 1590 102.0
1590 1654 103.0
1654 1590 103.0
1590 1598 108.0
1598 1590 108.0
1590 1592 106.0
1592 1590 106.0
1591 1847 103.0
1847 1591 103.0
1591 1719 103.0
1719 1591 103.0
1591 1655 109.0
1655 1591 109.0
1591 1599 103.0
1599 1591 103.0
1591 1592 103.0
1592 1591 103.0
1592 1848 106.0
1848 1592 106.0
1592 1720 104.0
1720 1592 104.0
1592 1656 108.0
1656 1592 108.0
1592 1600 106.0
1600 1592 106.0
1593 1849 110.0
1849 1593 110.0
1593 1721 107.0
1721 1593 107.0
1593 1657 102.0
1657 1593 102.0
1593 1597 107.0
1597 1593 107.0
1593 1595 100.0
1595 1593 100.0
1593 1594 105.0
1594 1593 105.0
1594 1850 102.0
1850 1594 102.0
1594 1722 106.0
1722 1594 106.0
1594 1658 106.0
1658 1594 106.0
1594 1598 108.0
1598 1594 108.0
1594 1596 103.0
1596 1594 103.0
1595 1851 110.0
1851 1595 110.0
1595 1723 102.0
1723 1595 102.0
1595 1659 105.0
1659 1595 105.0
1595 1599 107.0
1599 1595 107.0
1595 1596 104.0
1596 1595 104.0
1596 1852 100.0
1852 1596 100.0
1596 1724 110.0
1724 1596 110.0
1596 1660 105.0
1660 1596 105.0
1596 1600 105.0
1600 1596 105.0
1597 1853 106.0
1853 1597 106.0
1597 1725 108.0
1725 1597 108.0
1597 1661 110.0
1661 1597 110.0
1597 1599 105.0
1599 1597 105.0
1597 1598 100.0
1598 1597 100.0
1598 1854 106.0
1854 1598 106.0
1598 1726 102.0
1726 1598 102.0
1598 1662 102.0
1662 1598 102.0
1598 1600 103.0
1600 1598 103.0
1599 1855 105.0
1855 1599 105.0
1599 1727 101.0
1727 1599 101.0
1599 1663 106.0
1663 1599 106.0
1599 1600 100.0
1600 1599 100.0
1600 1856 104.0
1856 1600 104.0
1600 1728 102.0
1728 1600 102.0
1600 1664 101.0
1664 1600 101.0
1601 1857 101.0
1857 1601 101.0
1601 1729 103.0
1729 1601 103.0
1601 1633 104.0
1633 1601 104.0
1601 1617 102.0
1617 1601 102.0
1601 1609 102.0
1609 1601 102.0
1601 1605 109.0
1605 1601 109.0
1601 1603 105.0
1603 1601 105.0
1601 1602 105.0
1602 1601 105.0
1602 1858 103.0
1858 1602 103.0
1602 1730 101.0
1730 1602 101.0
1602 1634 105.0
1634 1602 105.0
1602 1618 102.0
1618 1602 102.0
1602 1610 104.0
1610 1602 104.0
1602 1606 107.0
1606 1602 107.0
1602 1604 110.0
1604 1602 110.0
1603 1859 110.0
1859 1603 110.0
1603 1731 101.0
1731 1603 101.0
1603 1635 108.0
1635 1603 108.0
1603 1619 105.0
1619 1603 105.0
1603 1611 109.0
1611 1603 109.0
1603 1607 106.0
1607 1603 106.0
1603 1604 106.0
1604 1603 106.0
1604 1860 102.0
1860 1604 102.0
1604 1732 105.0
1732 1604 105.0
1604 1636 110.0
1636 1604 110.0
1604 1620 103.0
1620 1604 103.0
1604 1612 105.0
1612 1604 105.0
1604 1608 101.0
1608 1604 101.0
1605 1861 109.0
1861 1605 109.0
1605 1733 107.0
1733 1605 107.0
1605 1637 103.0
1637 1605 103.0
1605 1621 100.0
1621 1605 100.0
1605 1613 100.0
1613 1605 100.0
1605 1607 108.0
1607 1605 108.0
1605 1606 104.0
1606 1605 104.0
1606 1862 103.0
1862 1606 103.0
1606 1734 110.0
1734 1606 110.0
1606 1638 104.0
1638 1606 104.0
1606 1622 108.0
1622 1606 108.0
1606 1614 106.0
1614 1606 106.0
1606 1608 105.0
1608 1606 105.0
1607 1863 110.0
1863 1607 110.0
1607 1735 103.0
1735 1607 103.0
1607 1639 101.0
1639 1607 101.0
1607 1623 104.0
1623 1607 104.0
1607 1615 100.0
1615 1607 100.0
1607 1608 110.0
1608 1607 110.0
1608 1864 110.0
1864 1608 110.0
1608 1736 101.0
1736 1608 101.0
1608 1640 104.0
1640 1608 104.0
1608 1624 109.0
1624 1608 109.0
1608 1616 110.0
1616 1608 110.0
1609 1865 108.0
1865 1609 108.0
1609 1737 107.0
1737 1609 107.0
1609 1641 109.0
1641 1609 109.0
1609 1625 105.0
1625 1609 105.0
1609 1613 110.0
1613 1609 110.0
1609 1611 106.0
1611 1609 106.0
1609 1610 101.0
1610 1609 101.0
1610 1866 103.0
1866 1610 103.0
1610 1738 103.0
1738 1610 103.0
1610 1642 109.0
1642 1610 109.0
1610 1626 102.0
1626 1610 102.0
1610 1614 107.0
1614 1610 107.0
1610 1612 109.0
1612 1610 109.0
1611 1867 100.0
1867 1611 100.0
1611 1739 106.0
1739 1611 106.0
1611 1643 107.0
1643 1611 107.0
1611 1627 100.0
1627 1611 100.0
1611 1615 110.0
1615 1611 110.0
1611 1612 105.0
1612 1611 105.0
1612 1868 100.0
1868 1612 100.0
1612 1740 108.0
1740 1612 108.0
1612 1644 105.0
1644 1612 105.0
1612 1628 110.0
1628 1612 110.0
1612 1616 106.0
1616 1612 106.0
1613 1869 106.0
1869 1613 106.0
1613 1741 102.0
1741 1613 102.0
1613 1645 110.0
1645 1613 110.0
1613 1629 107.0
1629 1613 107.0
1613 1615 107.0
1615 1613 107.0
1613 1614 109.0
1614 1613 109.0
1614 1870 106.0
1870 1614 106.0
1614 1742 100.0
1742 1614 100.0
1614 1646 110.0
1646 1614 110.0
1614 1630 104.0
1630 1614 104.0
1614 1616 102.0
1616 1614 102.0
1615 1871 102.0
1871 1615 102.0
1615 1743 109.0
1743 1615 109.0
1615 1647 105.0
1647 1615 105.0
1615 1631 106.0
1631 1615 106.0
1615 1616 100.0
1616 1615 100.0
1616 1872 102.0
1872 1616 102.0
1616 1744 100.0
1744 1616 100.0
1616 1648 108.0
1648 1616 108.0
1616 1632 102.0
1632 1616 102.0
1617 1873 110.0
1873 1617 110.0
1617 1745 108.0
1745 1617 108.0
1617 1649 104.0
1649 1617 104.0
1617 1625 102.0
1625 1617 102.0
1617 1621 110.0
1621 1617 110.0
1617 1619 107.0
1619 1617 107.0
1617 1618 106.0
1618 1617 106.0
1618 1874 104.0
1874 1618 104.0
1618 1746 108.0
1746 1618 108.0
1618 1650 103.0
1650 1618 103.0
1618 1626 108.0
1626 1618 108.0
1618 1622 104.0
1622 1618 104.0
1618 1620 101.0
1620 1618 101.0
1619 1875 102.0
1875 1619 102.0
1619 1747 102.0
1747 1619 102.0
1619 1651 109.0
1651 1619 109.0
1619 1627 101.0
1627 1619 101.0
1619 1623 107.0
1623 1619 107.0
1619 1620 107.0
1620 1619 107.0
1620 1876 104.0
1876 1620 104.0
1620 1748 109.0
1748 1620 109.0
1620 1652 102.0
1652 1620 102.0
1620 1628 100.0
1628 1620 100.0
1620 1624 100.0
1624 1620 100.0
1621 1877 106.0
1877 1621 106.0
1621 1749 101.0
1749 1621 101.0
1621 1653 107.0
1653 1621 107.0
1621 1629 110.0
1629 1621 110.0
1621 1623 103.0
1623 1621 103.0
1621 1622 105.0
1622 1621 105.0
1622 1878 110.0
1878 1622 110.0
1622 1750 107.0
1750 1622 107.0
1622 1654 101.0
1654 1622 101.0
1622 1630 102.0
1630 1622 102.0
1622 1624 104.0
1624 1622 104.0
1623 1879 110.0
1879 1623 110.0
1623 1751 106.0
1751 1623 106.0
1623 1655 100.0
1655 1623 100.0
1623 1631 104.0
1631 1623 104.0
1623 1624 108.0
1624 1623 108.0
1624 1880 103.0
1880 1624 103.0
1624 1752 106.0
1752 1624 106.0
1624 1656 101.0
1656 1624 101.0
1624 1632 109.0
1632 1624 109.0
1625 1881 108.0
1881 1625 108.0
1625 1753 108.0
1753 1625 108.0
1625 1657 104.0
1657 1625 104.0
1625 1629 101.0
1629 1625 101.0
1625 1627 108.0
1627 1625 108.0
1625 1626 101.0
1626 1625 101.0
1626 1882 110.0
1882 1626 110.0
1626 1754 104.0
1754 1626 104.0
1626 1658 110.0
1658 1626 110.0
1626 1630 103.0
1630 1626 103.0
1626 1628 101.0
1628 1626 101.0
1627 1883 105.0
1883 1627 105.0
1627 1755 101.0
1755 1627 101.0
1627 1659 110.0
1659 1627 110.0
1627 1631 110.0
1631 1627 110.0
1627 1628 107.0
1628 1627 107.0
1628 1884 100.0
1884 1628 100.0
1628 1756 106.0
1756 1628 106.0
1628 1660 109.0
1660 1628 109.0
1628 1632 102.0
1632 1628 102.0
1629 1885 108.0
1885 1629 108.0
1629 1757 107.0
1757 1629 107.0
1629 1661 108.0
1661 1629 108.0
1629 1631 108.0
1631 1629 108.0
1629 1630 108.0
1630 1629 108.0
1630 1886 110.0
1886 1630 110.0
1630 1758 106.0
1758 1630 106.0
1630 1662 103.0
1662 1630 103.0
1630 1632 110.0
1632 1630 110.0
1631 1887 106.0
1887 1631 106.0
1631 1759 104.0
1759 1631 104.0
1631 1663 105.0
1663 1631 105.0
1631 1632 102.0
1632 1631 102.0
1632 1888 103.0
1888 1632 103.0
1632 1760 108.0
1760 1632 108.0
1632 1664 108.0
1664 1632 108.0
1633 1889 101.0
1889 1633 101.0
1633 1761 105.0
1761 1633 105.0
1633 1649 102.0
1649 1633 102.0
1633 1641 107.0
1641 1633 107.0
1633 1637 108.0
1637 1633 108.0
1633 1635 103.0
1635 1633 103.0
1633 1634 101.0
1634 1633 101.0
1634 1890 109.0
1890 1634 109.0
1634 1762 102.0
1762 1634 102.0
1634 1650 101.0
1650 1634 101.0
1634 1642 102.0
1642 1634 102.0
1634 1638 106.0
1638 1634 106.0
1634 1636 103.0
1636 1634 103.0
1635 1891 103.0
1891 1635 103.0
1635 1763 109.0
1763 1635 109.0
1635 1651 101.0
1651 1635 101.0
1635 1643 109.0
1643 1635 109.0
1635 1639 103.0
1639 1635 103.0
1635 1636 105.0
1636 1635 105.0
1636 1892 101.0
1892 1636 101.0
1636 1764 110.0
1764 1636 110.0
1636 1652 105.0
1652 1636 105.0
1636 1644 108.0
1644 1636 108.0
1636 1640 105.0
1640 1636 105.0
1637 1893 104.0
1893 1637 104.0
1637 1765 103.0
1765 1637 103.0
1637 1653 108.0
1653 1637 108.0
1637 1645 107.0
1645 1637 107.0
1637 1639 108.0
1639 1637 108.0
1637 1638 107.0
1638 1637 107.0
1638 1894 101.0
1894 1638 101.0
1638 1766 104.0
1766 1638 104.0
1638 1654 110.0
1654 1638 110.0
1638 1646 106.0
1646 1638 106.0
1638 1640 100.0
1640 1638 100.0
1639 1895 104.0
1895 1639 104.0
1639 1767 109.0
1767 1639 109.0
1639 1655 108.0
1655 1639 108.0
1639 1647 103.0
1647 1639 103.0
1639 1640 108.0
1640 1639 108.0
1640 1896 103.0
1896 1640 103.0
1640 1768 107.0
1768 1640 107.0
1640 1656 109.0
1656 1640 109.0
1640 1648 102.0
1648 1640 102.0
1641 1897 106.0
1897 1641 106.0
1641 1769 105.0
1769 1641 105.0
1641 1657 100.0
1657 1641 100.0
1641 1645 104.0
1645 1641 104.0
1641 1643 103.0
1643 1641 103.0
1641 1642 102.0
1642 1641 102.0
1642 1898 100.0
1898 1642 100.0
1642 1770 107.0
1770 1642 107.0
1642 1658 104.0
1658 1642 104.0
1642 1646 107.0
1646 1642 107.0
1642 1644 101.0
1644 1642 101.0
1643 1899 105.0
1899 1643 105.0
1643 1771 103.0
1771 1643 103.0
1643 1659 108.0
1659 1643 108.0
1643 1647 103.0
1647 1643 103.0
1643 1644 105.0
1644 1643 105.0
1644 1900 100.0
1900 1644 100.0
1644 1772 102.0
1772 1644 102.0
1644 1660 105.0
1660 1644 105.0
1644 1648 105.0
1648 1644 105.0
1645 1901 109.0
1901 1645 109.0
1645 1773 100.0
1773 1645 100.0
1645 1661 106.0
1661 1645 106.0
1645 1647 102.0
1647 1645 102.0
1645 1646 106.0
1646 1645 106.0
1646 1902 103.0
1902 1646 103.0
1646 1774 104.0
1774 1646 104.0
1646 1662 105.0
1662 1646 105.0
1646 1648 105.0
1648 1646 105.0
1647 1903 101.0
1903 1647 101.0
1647 1775 102.0
1775 1647 102.0
1647 1663 107.0
1663 1647 107.0
1647 1648 109.0
1648 1647 109.0
1648 1904 103.0
1904 1648 103.0
1648 1776 108.0
1776 1648 108.0
1648 1664 105.0
1664 1648 105.0
1649 1905 107.0
1905 1649 107.0
1649 1777 101.0
1777 1649 101.0
1649 1657 100.0
1657 1649 100.0
1649 1653 108.0
1653 1649 108.0
1649 1651 106.0
1651 1649 106.0
1649 1650 110.0
1650 1649 110.0
1650 1906 105.0
1906 1650 105.0
1650 1778 108.0
1778 1650 108.0
1650 1658 108.0
1658 1650 108.0
1650 1654 102.0
1654 1650 102.0
1650 1652 103.0
1652 1650 103.0
1651 1907 104.0
1907 1651 104.0
1651 1779 104.0
1779 1651 104.0
1651 1659 105.0
1659 1651 105.0
1651 1655 100.0
1655 1651 100.0
1651 1652 105.0
1652 1651 105.0
1652 1908 109.0
1908 1652 109.0
1652 1780 110.0
1780 1652 110.0
1652 1660 110.0
1660 1652 110.0
1652 1656 103.0
1656 1652 103.0
1653 1909 108.0
1909 1653 108.0
1653 1781 100.0
1781 1653 100.0
1653 1661 107.0
1661 1653 107.0
1653 1655 101.0
1655 1653 101.0
1653 1654 105.0
1654 1653 105.0
1654 1910 110.0
1910 1654 110.0
1654 1782 106.0
1782 1654 106.0
1654 1662 108.0
1662 1654 108.0
1654 1656 108.0
1656 1654 108.0
1655 1911 100.0
1911 1655 100.0
1655 1783 104.0
1783 1655 104.0
1655 1663 104.0
1663 1655 104.0
1655 1656 106.0
1656 1655 106.0
1656 1912 110.0
1912 1656 110.0
1656 1784 107.0
1784 1656 107.0
1656 1664 101.0
1664 1656 101.0
1657 1913 103.0
1913 1657 103.0
1657 1785 100.0
1785 1657 100.0
1657 1661 100.0
1661 1657 100.0
1657 1659 104.0
1659 1657 104.0
1657 1658 101.0
1658 1657 101.0
1658 1914 103.0
1914 1658 103.0
1658 1786 106.0
1786 1658 106.0
1658 1662 107.0
1662 1658 107.0
1658 1660 102.0
1660 1658 102.0
1659 1915 101.0
1915 1659 101.0
1659 1787 105.0
1787 1659 105.0
1659 1663 104.0
1663 1659 104.0
1659 1660 103.0
1660 1659 103.0
1660 1916 101.0
1916 1660 101.0
1660 1788 104.0
1788 1660 104.0
1660 1664 106.0
1664 1660 106.0
1661 1917 102.0
1917 1661 102.0
1661 1789 107.0
1789 1661 107.0
1661 1663 109.0
1663 1661 109.0
1661 1662 100.0
1662 1661 100.0
1662 1918 101.0
1918 1662 101.0
1662 1790 105.0
1790 1662 105.0
1662 1664 102.0
1664 1662 102.0
1663 1919 103.0
1919 1663 103.0
1663 1791 108.0
1791 1663 108.0
1663 1664 104.0
1664 1663 104.0
1664 1920 104.0
1920 1664 104.0
1664 1792 101.0
1792 1664 101.0
1665 1921 101.0
1921 1665 101.0
1665 1729 108.0
1729 1665 108.0
1665 1697 105.0
1697 1665 105.0
1665 1681 103.0
1681 1665 103.0
1665 1673 105.0
1673 1665 105.0
1665 1669 107.0
1669 1665 107.0
1665 1667 107.0
1667 1665 107.0
1665 1666 108.0
1666 1665 108.0
1666 1922 104.0
1922 1666 104.0
1666 1730 108.0
1730 1666 108.0
1666 1698 109.0
1698 1666 109.0
1666 1682 109.0
1682 1666 109.0
1666 1674 100.0
1674 1666 100.0
1666 1670 107.0
1670 1666 107.0
1666 1668 107.0
1668 1666 107.0
1667 1923 101.0
1923 1667 101.0
1667 1731 100.0
1731 1667 100.0
1667 1699 107.0
1699 1667 107.0
1667 1683 104.0
1683 1667 104.0
1667 1675 108.0
1675 1667 108.0
1667 1671 108.0
1671 1667 108.0
1667 1668 105.0
1668 1667 105.0
1668 1924 102.0
1924 1668 102.0
1668 1732 101.0
1732 1668 101.0
1668 1700 106.0
1700 1668 106.0
1668 1684 108.0
1684 1668 108.0
1668 1676 102.0
1676 1668 102.0
1668 1672 107.0
1672 1668 107.0
1669 1925 101.0
1925 1669 101.0
1669 1733 106.0
1733 1669 106.0
1669 1701 110.0
1701 1669 110.0
1669 1685 100.0
1685 1669 100.0
1669 1677 103.0
1677 1669 103.0
1669 1671 106.0
1671 1669 106.0
1669 1670 109.0
1670 1669 109.0
1670 1926 110.0
1926 1670 110.0
1670 1734 109.0
1734 1670 109.0
1670 1702 108.0
1702 1670 108.0
1670 1686 104.0
1686 1670 104.0
1670 1678 108.0
1678 1670 108.0
1670 1672 107.0
1672 1670 107.0
1671 1927 110.0
1927 1671 110.0
1671 1735 103.0
1735 1671 103.0
1671 1703 105.0
1703 1671 105.0
1671 1687 105.0
1687 1671 105.0
1671 1679 108.0
1679 1671 108.0
1671 1672 103.0
1672 1671 103.0
1672 1928 103.0
1928 1672 103.0
1672 1736 104.0
1736 1672 104.0
1672 1704 108.0
1704 1672 108.0
1672 1688 109.0
1688 1672 109.0
1672 1680 109.0
1680 1672 109.0
1673 1929 104.0
1929 1673 104.0
1673 1737 103.0
1737 1673 103.0
1673 1705 108.0
1705 1673 108.0
1673 1689 105.0
1689 1673 105.0
1673 1677 100.0
1677 1673 100.0
1673 1675 100.0
1675 1673 100.0
1673 1674 102.0
1674 1673 102.0
1674 1930 103.0
1930 1674 103.0
1674 1738 107.0
1738 1674 107.0
1674 1706 108.0
1706 1674 108.0
1674 1690 106.0
1690 1674 106.0
1674 1678 106.0
1678 1674 106.0
1674 1676 109.0
1676 1674 109.0
1675 1931 100.0
1931 1675 100.0
1675 1739 100.0
1739 1675 100.0
1675 1707 100.0
1707 1675 100.0
1675 1691 108.0
1691 1675 108.0
1675 1679 100.0
1679 1675 100.0
1675 1676 103.0
1676 1675 103.0
1676 1932 100.0
1932 1676 100.0
1676 1740 109.0
1740 1676 109.0
1676 1708 109.0
1708 1676 109.0
1676 1692 102.0
1692 1676 102.0
1676 1680 100.0
1680 1676 100.0
1677 1933 100.0
1933 1677 100.0
1677 1741 110.0
1741 1677 110.0
1677 1709 106.0
1709 1677 106.0
1677 1693 106.0
1693 1677 106.0
1677 1679 101.0
1679 1677 101.0
1677 1678 104.0
1678 1677 104.0
1678 1934 105.0
1934 1678 105.0
1678 1742 108.0
1742 1678 108.0
1678 1710 101.0
1710 1678 101.0
1678 1694 110.0
1694 1678 110.0
1678 1680 104.0
1680 1678 104.0
1679 1935 106.0
1935 1679 106.0
1679 1743 105.0
1743 1679 105.0
1679 1711 105.0
1711 1679 105.0
1679 1695 105.0
1695 1679 105.0
1679 1680 100.0
1680 1679 100.0
1680 1936 107.0
1936 1680 107.0
1680 1744 110.0
1744 1680 110.0
1680 1712 103.0
1712 1680 103.0
1680 1696 104.0
1696 1680 104.0
1681 1937 101.0
1937 1681 101.0
1681 1745 104.0
1745 1681 104.0
1681 1713 106.0
1713 1681 106.0
1681 1689 107.0
1689 1681 107.0
1681 1685 105.0
1685 1681 105.0
1681 1683 109.0
1683 1681 109.0
1681 1682 100.0
1682 1681 100.0
1682 1938 105.0
1938 1682 105.0
1682 1746 107.0
1746 1682 107.0
1682 1714 100.0
1714 1682 100.0
1682 1690 105.0
1690 1682 105.0
1682 1686 109.0
1686 1682 109.0
1682 1684 107.0
1684 1682 107.0
1683 1939 110.0
1939 1683 110.0
1683 1747 106.0
1747 1683 106.0
1683 1715 108.0
1715 1683 108.0
1683 1691 105.0
1691 1683 105.0
1683 1687 110.0
1687 1683 110.0
1683 1684 100.0
1684 1683 100.0
1684 1940 107.0
1940 1684 107.0
1684 1748 108.0
1748 1684 108.0
1684 1716 103.0
1716 1684 103.0
1684 1692 105.0
1692 1684 105.0
1684 1688 104.0
1688 1684 104.0
1685 1941 107.0
1941 1685 107.0
1685 1749 107.0
1749 1685 107.0
1685 1717 101.0
1717 1685 101.0
1685 1693 110.0
1693 1685 110.0
1685 1687 104.0
1687 1685 104.0
1685 1686 107.0
1686 1685 107.0
1686 1942 108.0
1942 1686 108.0
1686 1750 101.0
1750 1686 101.0
1686 1718 106.0
1718 1686 106.0
1686 1694 107.0
1694 1686 107.0
1686 1688 102.0
1688 1686 102.0
1687 1943 105.0
1943 1687 105.0
1687 1751 104.0
1751 1687 104.0
1687 1719 108.0
1719 1687 108.0
1687 1695 104.0
1695 1687 104.0
1687 1688 101.0
1688 1687 101.0
1688 1944 109.0
1944 1688 109.0
1688 1752 104.0
1752 1688 104.0
1688 1720 101.0
1720 1688 101.0
1688 1696 103.0
1696 1688 103.0
1689 1945 109.0
1945 1689 109.0
1689 1753 102.0
1753 1689 102.0
1689 1721 101.0
1721 1689 101.0
1689 1693 104.0
1693 1689 104.0
1689 1691 100.0
1691 1689 100.0
1689 1690 105.0
1690 1689 105.0
1690 1946 105.0
1946 1690 105.0
1690 1754 101.0
1754 1690 101.0
1690 1722 105.0
1722 1690 105.0
1690 1694 110.0
1694 1690 110.0
1690 1692 107.0
1692 1690 107.0
1691 1947 106.0
1947 1691 106.0
1691 1755 109.0
1755 1691 109.0
1691 1723 110.0
1723 1691 110.0
1691 1695 109.0
1695 1691 109.0
1691 1692 104.0
1692 1691 104.0
1692 1948 103.0
1948 1692 103.0
1692 1756 101.0
1756 1692 101.0
1692 1724 102.0
1724 1692 102.0
1692 1696 107.0
1696 1692 107.0
1693 1949 108.0
1949 1693 108.0
1693 1757 105.0
1757 1693 105.0
1693 1725 100.0
1725 1693 100.0
1693 1695 109.0
1695 1693 109.0
1693 1694 108.0
1694 1693 108.0
1694 1950 105.0
1950 1694 105.0
1694 1758 110.0
1758 1694 110.0
1694 1726 103.0
1726 1694 103.0
1694 1696 104.0
1696 1694 104.0
1695 1951 104.0
1951 1695 104.0
1695 1759 102.0
1759 1695 102.0
1695 1727 102.0
1727 1695 102.0
1695 1696 101.0
1696 1695 101.0
1696 1952 100.0
1952 1696 100.0
1696 1760 108.0
1760 1696 108.0
1696 1728 103.0
1728 1696 103.0
1697 1953 107.0
1953 1697 107.0
1697 1761 108.0
1761 1697 108.0
1697 1713 100.0
1713 1697 100.0
1697 1705 103.0
1705 1697 103.0
1697 1701 103.0
1701 1697 103.0
1697 1699 102.0
1699 1697 102.0
1697 1698 103.0
1698 1697 103.0
1698 1954 103.0
1954 1698 103.0
1698 1762 103.0
1762 1698 103.0
1698 1714 101.0
1714 1698 101.0
1698 1706 106.0
1706 1698 106.0
1698 1702 100.0
1702 1698 100.0
1698 1700 104.0
1700 1698 104.0
1699 1955 101.0
1955 1699 101.0
1699 1763 108.0
1763 1699 108.0
1699 1715 109.0
1715 1699 109.0
1699 1707 100.0
1707 1699 100.0
1699 1703 101.0
1703 1699 101.0
1699 1700 103.0
1700 1699 103.0
1700 1956 102.0
1956 1700 102.0
1700 1764 100.0
1764 1700 100.0
1700 1716 100.0
1716 1700 100.0
1700 1708 106.0
1708 1700 106.0
1700 1704 107.0
1704 1700 107.0
1701 1957 108.0
1957 1701 108.0
1701 1765 108.0
1765 1701 108.0
1701 1717 110.0
1717 1701 110.0
1701 1709 104.0
1709 1701 104.0
1701 1703 104.0
1703 1701 104.0
1701 1702 100.0
1702 1701 100.0
1702 1958 110.0
1958 1702 110.0
1702 1766 100.0
1766 1702 100.0
1702 1718 100.0
1718 1702 100.0
1702 1710 105.0
1710 1702 105.0
1702 1704 108.0
1704 1702 108.0
1703 1959 109.0
1959 1703 109.0
1703 1767 107.0
1767 1703 107.0
1703 1719 106.0
1719 1703 106.0
1703 1711 100.0
1711 1703 100.0
1703 1704 102.0
1704 1703 102.0
1704 1960 100.0
1960 1704 100.0
1704 1768 100.0
1768 1704 100.0
1704 1720 103.0
1720 1704 103.0
1704 1712 106.0
1712 1704 106.0
1705 1961 102.0
1961 1705 102.0
1705 1769 104.0
1769 1705 104.0
1705 1721 109.0
1721 1705 109.0
1705 1709 103.0
1709 1705 103.0
1705 1707 110.0
1707 1705 110.0
1705 1706 103.0
1706 1705 103.0
1706 1962 104.0
1962 1706 104.0
1706 1770 102.0
1770 1706 102.0
1706 1722 110.0
1722 1706 110.0
1706 1710 105.0
1710 1706 105.0
1706 1708 101.0
1708 1706 101.0
1707 1963 104.0
1963 1707 104.0
1707 1771 106.0
1771 1707 106.0
1707 1723 105.0
1723 1707 105.0
1707 1711 102.0
1711 1707 102.0
1707 1708 108.0
1708 1707 108.0
1708 1964 100.0
1964 1708 100.0
1708 1772 107.0
1772 1708 107.0
1708 1724 110.0
1724 1708 110.0
1708 1712 106.0
1712 1708 106.0
1709 1965 103.0
1965 1709 103.0
1709 1773 104.0
1773 1709 104.0
1709 1725 107.0
1725 1709 107.0
1709 1711 103.0
1711 1709 103.0
1709 1710 101.0
1710 1709 101.0
1710 1966 101.0
1966 1710 101.0
1710 1774 102.0
1774 1710 102.0
1710 1726 110.0
1726 1710 110.0
1710 1712 107.0
1712 1710 107.0
1711 1967 102.0
1967 1711 102.0
1711 1775 101.0
1775 1711 101.0
1711 1727 100.0
1727 1711 100.0
1711 1712 105.0
1712 1711 105.0
1712 1968 107.0
1968 1712 107.0
1712 1776 101.0
1776 1712 101.0
1712 1728 110.0
1728 1712 110.0
1713 1969 109.0
1969 1713 109.0
1713 1777 102.0
1777 1713 102.0
1713 1721 103.0
1721 1713 103.0
1713 1717 106.0
1717 1713 106.0
1713 1715 103.0
1715 1713 103.0
1713 1714 109.0
1714 1713 109.0
1714 1970 100.0
1970 1714 100.0
1714 1778 106.0
1778 1714 106.0
1714 1722 104.0
1722 1714 104.0
1714 1718 107.0
1718 1714 107.0
1714 1716 109.0
1716 1714 109.0
1715 1971 105.0
1971 1715 105.0
1715 1779 104.0
1779 1715 104.0
1715 1723 102.0
1723 1715 102.0
1715 1719 101.0
1719 1715 101.0
1715 1716 101.0
1716 1715 101.0
1716 1972 101.0
1972 1716 101.0
1716 1780 102.0
1780 1716 102.0
1716 1724 103.0
1724 1716 103.0
1716 1720 105.0
1720 1716 105.0
1717 1973 104.0
1973 1717 104.0
1717 1781 107.0
1781 1717 107.0
1717 1725 103.0
1725 1717 103.0
1717 1719 106.0
1719 1717 106.0
1717 1718 103.0
1718 1717 103.0
1718 1974 107.0
1974 1718 107.0
1718 1782 107.0
1782 1718 107.0
1718 1726 101.0
1726 1718 101.0
1718 1720 103.0
1720 1718 103.0
1719 1975 104.0
1975 1719 104.0
1719 1783 102.0
1783 1719 102.0
1719 1727 107.0
1727 1719 107.0
1719 1720 101.0
1720 1719 101.0
1720 1976 110.0
1976 1720 110.0
1720 1784 104.0
1784 1720 104.0
1720 1728 103.0
1728 1720 103.0
1721 1977 107.0
1977 1721 107.0
1721 1785 103.0
1785 1721 103.0
1721 1725 108.0
1725 1721 108.0
1721 1723 101.0
1723 1721 101.0
1721 1722 103.0
1722 1721 103.0
1722 1978 101.0
1978 1722 101.0
1722 1786 100.0
1786 1722 100.0
1722 1726 105.0
1726 1722 105.0
1722 1724 102.0
1724 1722 102.0
1723 1979 109.0
1979 1723 109.0
1723 1787 109.0
1787 1723 109.0
1723 1727 110.0
1727 1723 110.0
1723 1724 104.0
1724 1723 104.0
1724 1980 106.0
1980 1724 106.0
1724 1788 107.0
1788 1724 107.0
1724 1728 103.0
1728 1724 103.0
1725 1981 107.0
1981 1725 107.0
1725 1789 106.0
1789 1725 106.0
1725 1727 109.0
1727 1725 109.0
1725 1726 101.0
1726 1725 101.0
1726 1982 108.0
1982 1726 108.0
1726 1790 102.0
1790 1726 102.0
1726 1728 107.0
1728 1726 107.0
1727 1983 106.0
1983 1727 106.0
1727 1791 105.0
1791 1727 105.0
1727 1728 108.0
1728 1727 108.0
1728 1984 104.0
1984 1728 104.0
1728 1792 110.0
1792 1728 110.0
1729 1985 101.0
1985 1729 101.0
1729 1761 100.0
1761 1729 100.0
1729 1745 102.0
1745 1729 102.0
1729 1737 100.0
1737 1729 100.0
1729 1733 110.0
1733 1729 110.0
1729 1731 101.0
1731 1729 101.0
1729 1730 109.0
1730 1729 109.0
1730 1986 102.0
1986 1730 102.0
1730 1762 104.0
1762 1730 104.0
1730 1746 106.0
1746 1730 106.0
1730 1738 100.0
1738 1730 100.0
1730 1734 103.0
1734 1730 103.0
1730 1732 108.0
1732 1730 108.0
1731 1987 104.0
1987 1731 104.0
1731 1763 107.0
1763 1731 107.0
1731 1747 105.0
1747 1731 105.0
1731 1739 108.0
1739 1731 108.0
1731 1735 110.0
1735 1731 110.0
1731 1732 102.0
1732 1731 102.0
1732 1988 102.0
1988 1732 102.0
1732 1764 104.0
1764 1732 104.0
1732 1748 103.0
1748 1732 103.0
1732 1740 103.0
1740 1732 103.0
1732 1736 102.0
1736 1732 102.0
1733 1989 106.0
1989 1733 106.0
1733 1765 104.0
1765 1733 104.0
1733 1749 100.0
1749 1733 100.0
1733 1741 101.0
1741 1733 101.0
1733 1735 106.0
1735 1733 106.0
1733 1734 101.0
1734 1733 101.0
1734 1990 101.0
1990 1734 101.0
1734 1766 108.0
1766 1734 108.0
1734 1750 105.0
1750 1734 105.0
1734 1742 102.0
1742 1734 102.0
1734 1736 105.0
1736 1734 105.0
1735 1991 106.0
1991 1735 106.0
1735 1767 109.0
1767 1735 109.0
1735 1751 101.0
1751 1735 101.0
1735 1743 103.0
1743 1735 103.0
1735 1736 102.0
1736 1735 102.0
1736 1992 110.0
1992 1736 110.0
1736 1768 102.0
1768 1736 102.0
1736 1752 103.0
1752 1736 103.0
1736 1744 101.0
1744 1736 101.0
1737 1993 109.0
1993 1737 109.0
1737 1769 104.0
1769 1737 104.0
1737 1753 107.0
1753 1737 107.0
1737 1741 103.0
1741 1737 103.0
1737 1739 104.0
1739 1737 104.0
1737 1738 110.0
1738 1737 110.0
1738 1994 100.0
1994 1738 100.0
1738 1770 110.0
1770 1738 110.0
1738 1754 100.0
1754 1738 100.0
1738 1742 107.0
1742 1738 107.0
1738 1740 106.0
1740 1738 106.0
1739 1995 106.0
1995 1739 106.0
1739 1771 108.0
1771 1739 108.0
1739 1755 105.0
1755 1739 105.0
1739 1743 101.0
1743 1739 101.0
1739 1740 108.0
1740 1739 108.0
1740 1996 103.0
1996 1740 103.0
1740 1772 105.0
1772 1740 105.0
1740 1756 103.0
1756 1740 103.0
1740 1744 106.0
1744 1740 106.0
1741 1997 109.0
1997 1741 109.0
1741 1773 107.0
1773 1741 107.0
1741 1757 110.0
1757 1741 110.0
1741 1743 102.0
1743 1741 102.0
1741 1742 104.0
1742 1741 104.0
1742 1998 108.0
1998 1742 108.0
1742 1774 105.0
1774 1742 105.0
1742 1758 103.0
1758 1742 103.0
1742 1744 109.0
1744 1742 109.0
1743 1999 108.0
1999 1743 108.0
1743 1775 107.0
1775 1743 107.0
1743 1759 103.0
1759 1743 103.0
1743 1744 107.0
1744 1743 107.0
1744 2000 101.0
2000 1744 101.0
1744 1776 100.0
1776 1744 100.0
1744 1760 107.0
1760 1744 107.0
1745 2001 108.0
2001 1745 108.0
1745 1777 101.0
1777 1745 101.0
1745 1753 107.0
1753 1745 107.0
1745 1749 102.0
1749 1745 102.0
1745 1747 106.0
1747 1745 106.0
1745 1746 101.0
1746 1745 101.0
1746 2002 104.0
2002 1746 104.0
1746 1778 102.0
1778 1746 102.0
1746 1754 102.0
1754 1746 102.0
1746 1750 106.0
1750 1746 106.0
1746 1748 110.0
1748 1746 110.0
1747 2003 101.0
2003 1747 101.0
1747 1779 106.0
1779 1747 106.0
1747 1755 101.0
1755 1747 101.0
1747 1751 108.0
1751 1747 108.0
1747 1748 108.0
1748 1747 108.0
1748 2004 100.0
2004 1748 100.0
1748 1780 107.0
1780 1748 107.0
1748 1756 107.0
1756 1748 107.0
1748 1752 102.0
1752 1748 102.0
1749 2005 106.0
2005 1749 106.0
1749 1781 106.0
1781 1749 106.0
1749 1757 100.0
1757 1749 100.0
1749 1751 101.0
1751 1749 101.0
1749 1750 107.0
1750 1749 107.0
1750 2006 102.0
2006 1750 102.0
1750 1782 108.0
1782 1750 108.0
1750 1758 107.0
1758 1750 107.0
1750 1752 110.0
1752 1750 110.0
1751 2007 110.0
2007 1751 110.0
1751 1783 102.0
1783 1751 102.0
1751 1759 108.0
1759 1751 108.0
1751 1752 104.0
1752 1751 104.0
1752 2008 102.0
2008 1752 102.0
1752 1784 105.0
1784 1752 105.0
1752 1760 110.0
1760 1752 110.0
1753 2009 103.0
2009 1753 103.0
1753 1785 107.0
1785 1753 107.0
1753 1757 104.0
1757 1753 104.0
1753 1755 103.0
1755 1753 103.0
1753 1754 100.0
1754 1753 100.0
1754 2010 105.0
2010 1754 105.0
1754 1786 101.0
1786 1754 101.0
1754 1758 102.0
1758 1754 102.0
1754 1756 100.0
1756 1754 100.0
1755 2011 103.0
2011 1755 103.0
1755 1787 107.0
1787 1755 107.0
1755 1759 104.0
1759 1755 104.0
1755 1756 106.0
1756 1755 106.0
1756 2012 107.0
2012 1756 107.0
1756 1788 103.0
1788 1756 103.0
1756 1760 100.0
1760 1756 100.0
1757 2013 108.0
2013 1757 108.0
1757 1789 102.0
1789 1757 102.0
1757 1759 105.0
1759 1757 105.0
1757 1758 107.0
1758 1757 107.0
1758 2014 100.0
2014 1758 100.0
1758 1790 104.0
1790 1758 104.0
1758 1760 108.0
1760 1758 108.0
1759 2015 108.0
2015 1759 108.0
1759 1791 106.0
1791 1759 106.0
1759 1760 100.0
1760 1759 100.0
1760 2016 108.0
2016 1760 108.0
1760 1792 109.0
1792 1760 109.0
1761 2017 103.0
2017 1761 103.0
1761 1777 107.0
1777 1761 107.0
1761 1769 105.0
1769 1761 105.0
1761 1765 101.0
1765 1761 101.0
1761 1763 110.0
1763 1761 110.0
1761 1762 102.0
1762 1761 102.0
1762 2018 105.0
2018 1762 105.0
1762 1778 100.0
1778 1762 100.0
1762 1770 103.0
1770 1762 103.0
1762 1766 104.0
1766 1762 104.0
1762 1764 105.0
1764 1762 105.0
1763 2019 105.0
2019 1763 105.0
1763 1779 108.0
1779 1763 108.0
1763 1771 108.0
1771 1763 108.0
1763 1767 100.0
1767 1763 100.0
1763 1764 106.0
1764 1763 106.0
1764 2020 107.0
2020 1764 107.0
1764 1780 109.0
1780 1764 109.0
1764 1772 104.0
1772 1764 104.0
1764 1768 100.0
1768 1764 100.0
1765 2021 105.0
2021 1765 105.0
1765 1781 107.0
1781 1765 107.0
1765 1773 104.0
1773 1765 104.0
1765 1767 100.0
1767 1765 100.0
1765 1766 110.0
1766 1765 110.0
1766 2022 109.0
2022 1766 109.0
1766 1782 110.0
1782 1766 110.0
1766 1774 104.0
1774 1766 104.0
1766 1768 100.0
1768 1766 100.0
1767 2023 106.0
2023 1767 106.0
1767 1783 102.0
1783 1767 102.0
1767 1775 100.0
1775 1767 100.0
1767 1768 102.0
1768 1767 102.0
1768 2024 104.0
2024 1768 104.0
1768 1784 105.0
1784 1768 105.0
1768 1776 100.0
1776 1768 100.0
1769 2025 109.0
2025 1769 109.0
1769 1785 102.0
1785 1769 102.0
1769 1773 110.0
1773 1769 110.0
1769 1771 107.0
1771 1769 107.0
1769 1770 100.0
1770 1769 100.0
1770 2026 102.0
2026 1770 102.0
1770 1786 103.0
1786 1770 103.0
1770 1774 103.0
1774 1770 103.0
1770 1772 103.0
1772 1770 103.0
1771 2027 110.0
2027 1771 110.0
1771 1787 103.0
1787 1771 103.0
1771 1775 103.0
1775 1771 103.0
1771 1772 101.0
1772 1771 101.0
1772 2028 105.0
2028 1772 105.0
1772 1788 106.0
1788 1772 106.0
1772 1776 109.0
1776 1772 109.0
1773 2029 106.0
2029 1773 106.0
1773 1789 104.0
1789 1773 104.0
1773 1775 106.0
1775 1773 106.0
1773 1774 109.0
1774 1773 109.0
1774 2030 101.0
2030 1774 101.0
1774 1790 101.0
1790 1774 101.0
1774 1776 107.0
1776 1774 107.0
1775 2031 101.0
2031 1775 101.0
1775 1791 105.0
1791 1775 105.0
1775 1776 102.0
1776 1775 102.0
1776 2032 104.0
2032 1776 104.0
1776 1792 104.0
1792 1776 104.0
1777 2033 105.0
2033 1777 105.0
1777 1785 109.0
1785 1777 109.0
1777 1781 105.0
1781 1777 105.0
1777 1779 109.0
1779 1777 109.0
1777 1778 107.0
1778 1777 107.0
1778 2034 107.0
2034 1778 107.0
1778 1786 100.0
1786 1778 100.0
1778 1782 100.0
1782 1778 100.0
1778 1780 103.0
1780 1778 103.0
1779 2035 110.0
2035 1779 110.0
1779 1787 103.0
1787 1779 103.0
1779 1783 110.0
1783 1779 110.0
1779 1780 101.0
1780 1779 101.0
1780 2036 100.0
2036 1780 100.0
1780 1788 102.0
1788 1780 102.0
1780 1784 109.0
1784 1780 109.0
1781 2037 109.0
2037 1781 109.0
1781 1789 105.0
1789 1781 105.0
1781 1783 107.0
1783 1781 107.0
1781 1782 105.0
1782 1781 105.0
1782 2038 102.0
2038 1782 102.0
1782 1790 101.0
1790 1782 101.0
1782 1784 100.0
1784 1782 100.0
1783 2039 106.0
2039 1783 106.0
1783 1791 102.0
1791 1783 102.0
1783 1784 105.0
1784 1783 105.0
1784 2040 110.0
2040 1784 110.0
1784 1792 105.0
1792 1784 105.0
1785 2041 101.0
2041 1785 101.0
1785 1789 102.0
1789 1785 102.0
1785 1787 103.0
1787 1785 103.0
1785 1786 105.0
1786 1785 105.0
1786 2042 108.0
2042 1786 108.0
1786 1790 109.0
1790 1786 109.0
1786 1788 100.0
1788 1786 100.0
1787 2043 105.0
2043 1787 105.0
1787 1791 110.0
1791 1787 110.0
1787 1788 104.0
1788 1787 104.0
1788 2044 106.0
2044 1788 106.0
1788 1792 102.0
1792 1788 102.0
1789 2045 106.0
2045 1789 106.0
1789 1791 105.0
1791 1789 105.0
1789 1790 100.0
1790 1789 100.0
1790 2046 105.0
2046 1790 105.0
1790 1792 101.0
1792 1790 101.0
1791 2047 105.0
2047 1791 105.0
1791 1792 106.0
1792 1791 106.0
1792 2048 103.0
2048 1792 103.0
1793 1921 108.0
1921 1793 108.0
1793 1857 109.0
1857 1793 109.0
1793 1825 100.0
1825 1793 100.0
1793 1809 107.0
1809 1793 107.0
1793 1801 103.0
1801 1793 103.0
1793 1797 100.0
1797 1793 100.0
1793 1795 102.0
1795 1793 102.0
1793 1794 108.0
1794 1793 108.0
1794 1922 101.0
1922 1794 101.0
1794 1858 110.0
1858 1794 110.0
1794 1826 100.0
1826 1794 100.0
1794 1810 102.0
1810 1794 102.0
1794 1802 106.0
1802 1794 106.0
1794 1798 110.0
1798 1794 110.0
1794 1796 110.0
1796 1794 110.0
1795 1923 101.0
1923 1795 101.0
1795 1859 100.0
1859 1795 100.0
1795 1827 107.0
1827 1795 107.0
1795 1811 102.0
1811 1795 102.0
1795 1803 105.0
1803 1795 105.0
1795 1799 102.0
1799 1795 102.0
1795 1796 103.0
1796 1795 103.0
1796 1924 102.0
1924 1796 102.0
1796 1860 110.0
1860 1796 110.0
1796 1828 108.0
1828 1796 108.0
1796 1812 106.0
1812 1796 106.0
1796 1804 107.0
1804 1796 107.0
1796 1800 108.0
1800 1796 108.0
1797 1925 106.0
1925 1797 106.0
1797 1861 101.0
1861 1797 101.0
1797 1829 106.0
1829 1797 106.0
1797 1813 109.0
1813 1797 109.0
1797 1805 108.0
1805 1797 108.0
1797 1799 101.0
1799 1797 101.0
1797 1798 109.0
1798 1797 109.0
1798 1926 107.0
1926 1798 107.0
1798 1862 106.0
1862 1798 106.0
1798 1830 110.0
1830 1798 110.0
1798 1814 105.0
1814 1798 105.0
1798 1806 102.0
1806 1798 102.0
1798 1800 107.0
1800 1798 107.0
1799 1927 107.0
1927 1799 107.0
1799 1863 100.0
1863 1799 100.0
1799 1831 108.0
1831 1799 108.0
1799 1815 108.0
1815 1799 108.0
1799 1807 106.0
1807 1799 106.0
1799 1800 104.0
1800 1799 104.0
1800 1928 101.0
1928 1800 101.0
1800 1864 107.0
1864 1800 107.0
1800 1832 110.0
1832 1800 110.0
1800 1816 100.0
1816 1800 100.0
1800 1808 105.0
1808 1800 105.0
1801 1929 109.0
1929 1801 109.0
1801 1865 100.0
1865 1801 100.0
1801 1833 109.0
1833 1801 109.0
1801 1817 107.0
1817 1801 107.0
1801 1805 102.0
1805 1801 102.0
1801 1803 101.0
1803 1801 101.0
1801 1802 105.0
1802 1801 105.0
1802 1930 101.0
1930 1802 101.0
1802 1866 101.0
1866 1802 101.0
1802 1834 109.0
1834 1802 109.0
1802 1818 109.0
1818 1802 109.0
1802 1806 105.0
1806 1802 105.0
1802 1804 101.0
1804 1802 101.0
1803 1931 105.0
1931 1803 105.0
1803 1867 102.0
1867 1803 102.0
1803 1835 106.0
1835 1803 106.0
1803 1819 103.0
1819 1803 103.0
1803 1807 101.0
1807 1803 101.0
1803 1804 102.0
1804 1803 102.0
1804 1932 110.0
1932 1804 110.0
1804 1868 109.0
1868 1804 109.0
1804 1836 110.0
1836 1804 110.0
1804 1820 103.0
1820 1804 103.0
1804 1808 108.0
1808 1804 108.0
1805 1933 106.0
1933 1805 106.0
1805 1869 100.0
1869 1805 100.0
1805 1837 106.0
1837 1805 106.0
1805 1821 109.0
1821 1805 109.0
1805 1807 106.0
1807 1805 106.0
1805 1806 109.0
1806 1805 109.0
1806 1934 101.0
1934 1806 101.0
1806 1870 108.0
1870 1806 108.0
1806 1838 100.0
1838 1806 100.0
1806 1822 106.0
1822 1806 106.0
1806 1808 110.0
1808 1806 110.0
1807 1935 101.0
1935 1807 101.0
1807 1871 107.0
1871 1807 107.0
1807 1839 101.0
1839 1807 101.0
1807 1823 108.0
1823 1807 108.0
1807 1808 106.0
1808 1807 106.0
1808 1936 101.0
1936 1808 101.0
1808 1872 102.0
1872 1808 102.0
1808 1840 100.0
1840 1808 100.0
1808 1824 100.0
1824 1808 100.0
1809 1937 107.0
1937 1809 107.0
1809 1873 100.0
1873 1809 100.0
1809 1841 106.0
1841 1809 106.0
1809 1817 100.0
1817 1809 100.0
1809 1813 104.0
1813 1809 104.0
1809 1811 103.0
1811 1809 103.0
1809 1810 103.0
1810 1809 103.0
1810 1938 106.0
1938 1810 106.0
1810 1874 108.0
1874 1810 108.0
1810 1842 101.0
1842 1810 101.0
1810 1818 107.0
1818 1810 107.0
1810 1814 102.0
1814 1810 102.0
1810 1812 100.0
1812 1810 100.0
1811 1939 107.0
1939 1811 107.0
1811 1875 109.0
1875 1811 109.0
1811 1843 108.0
1843 1811 108.0
1811 1819 101.0
1819 1811 101.0
1811 1815 109.0
1815 1811 109.0
1811 1812 108.0
1812 1811 108.0
1812 1940 108.0
1940 1812 108.0
1812 1876 101.0
1876 1812 101.0
1812 1844 104.0
1844 1812 104.0
1812 1820 102.0
1820 1812 102.0
1812 1816 102.0
1816 1812 102.0
1813 1941 110.0
1941 1813 110.0
1813 1877 107.0
1877 1813 107.0
1813 1845 108.0
1845 1813 108.0
1813 1821 109.0
1821 1813 109.0
1813 1815 104.0
1815 1813 104.0
1813 1814 105.0
1814 1813 105.0
1814 1942 102.0
1942 1814 102.0
1814 1878 108.0
1878 1814 108.0
1814 1846 108.0
1846 1814 108.0
1814 1822 103.0
1822 1814 103.0
1814 1816 102.0
1816 1814 102.0
1815 1943 104.0
1943 1815 104.0
1815 1879 108.0
1879 1815 108.0
1815 1847 104.0
1847 1815 104.0
1815 1823 106.0
1823 1815 106.0
1815 1816 109.0
1816 1815 109.0
1816 1944 104.0
1944 1816 104.0
1816 1880 108.0
1880 1816 108.0
1816 1848 110.0
1848 1816 110.0
1816 1824 107.0
1824 1816 107.0
1817 1945 109.0
1945 1817 109.0
1817 1881 107.0
1881 1817 107.0
1817 1849 102.0
1849 1817 102.0
1817 1821 107.0
1821 1817 107.0
1817 1819 103.0
1819 1817 103.0
1817 1818 103.0
1818 1817 103.0
1818 1946 108.0
1946 1818 108.0
1818 1882 106.0
1882 1818 106.0
1818 1850 107.0
1850 1818 107.0
1818 1822 103.0
1822 1818 103.0
1818 1820 103.0
1820 1818 103.0
1819 1947 107.0
1947 1819 107.0
1819 1883 109.0
1883 1819 109.0
1819 1851 105.0
1851 1819 105.0
1819 1823 106.0
1823 1819 106.0
1819 1820 102.0
1820 1819 102.0
1820 1948 108.0
1948 1820 108.0
1820 1884 107.0
1884 1820 107.0
1820 1852 101.0
1852 1820 101.0
1820 1824 110.0
1824 1820 110.0
1821 1949 102.0
1949 1821 102.0
1821 1885 105.0
1885 1821 105.0
1821 1853 101.0
1853 1821 101.0
1821 1823 108.0
1823 1821 108.0
1821 1822 104.0
1822 1821 104.0
1822 1950 107.0
1950 1822 107.0
1822 1886 110.0
1886 1822 110.0
1822 1854 104.0
1854 1822 104.0
1822 1824 100.0
1824 1822 100.0
1823 1951 103.0
1951 1823 103.0
1823 1887 105.0
1887 1823 105.0
1823 1855 101.0
1855 1823 101.0
1823 1824 102.0
1824 1823 102.0
1824 1952 103.0
1952 1824 103.0
1824 1888 109.0
1888 1824 109.0
1824 1856 106.0
1856 1824 106.0
1825 1953 102.0
1953 1825 102.0
1825 1889 107.0
1889 1825 107.0
1825 1841 101.0
1841 1825 101.0
1825 1833 107.0
1833 1825 107.0
1825 1829 107.0
1829 1825 107.0
1825 1827 101.0
1827 1825 101.0
1825 1826 104.0
1826 1825 104.0
1826 1954 110.0
1954 1826 110.0
1826 1890 109.0
1890 1826 109.0
1826 1842 107.0
1842 1826 107.0
1826 1834 106.0
1834 1826 106.0
1826 1830 102.0
1830 1826 102.0
1826 1828 110.0
1828 1826 110.0
1827 1955 110.0
1955 1827 110.0
1827 1891 107.0
1891 1827 107.0
1827 1843 101.0
1843 1827 101.0
1827 1835 103.0
1835 1827 103.0
1827 1831 101.0
1831 1827 101.0
1827 1828 108.0
1828 1827 108.0
1828 1956 104.0
1956 1828 104.0
1828 1892 108.0
1892 1828 108.0
1828 1844 101.0
1844 1828 101.0
1828 1836 108.0
1836 1828 108.0
1828 1832 109.0
1832 1828 109.0
1829 1957 109.0
1957 1829 109.0
1829 1893 102.0
1893 1829 102.0
1829 1845 109.0
1845 1829 109.0
1829 1837 109.0
1837 1829 109.0
1829 1831 107.0
1831 1829 107.0
1829 1830 110.0
1830 1829 110.0
1830 1958 107.0
1958 1830 107.0
1830 1894 109.0
1894 1830 109.0
1830 1846 105.0
1846 1830 105.0
1830 1838 107.0
1838 1830 107.0
1830 1832 109.0
1832 1830 109.0
1831 1959 102.0
1959 1831 102.0
1831 1895 103.0
1895 1831 103.0
1831 1847 105.0
1847 1831 105.0
1831 1839 107.0
1839 1831 107.0
1831 1832 101.0
1832 1831 101.0
1832 1960 109.0
1960 1832 109.0
1832 1896 100.0
1896 1832 100.0
1832 1848 109.0
1848 1832 109.0
1832 1840 106.0
1840 1832 106.0
1833 1961 106.0
1961 1833 106.0
1833 1897 109.0
1897 1833 109.0
1833 1849 108.0
1849 1833 108.0
1833 1837 103.0
1837 1833 103.0
1833 1835 105.0
1835 1833 105.0
1833 1834 101.0
1834 1833 101.0
1834 1962 109.0
1962 1834 109.0
1834 1898 101.0
1898 1834 101.0
1834 1850 110.0
1850 1834 110.0
1834 1838 102.0
1838 1834 102.0
1834 1836 100.0
1836 1834 100.0
1835 1963 106.0
1963 1835 106.0
1835 1899 105.0
1899 1835 105.0
1835 1851 110.0
1851 1835 110.0
1835 1839 104.0
1839 1835 104.0
1835 1836 102.0
1836 1835 102.0
1836 1964 104.0
1964 1836 104.0
1836 1900 105.0
1900 1836 105.0
1836 1852 103.0
1852 1836 103.0
1836 1840 100.0
1840 1836 100.0
1837 1965 101.0
1965 1837 101.0
1837 1901 100.0
1901 1837 100.0
1837 1853 101.0
1853 1837 101.0
1837 1839 107.0
1839 1837 107.0
1837 1838 108.0
1838 1837 108.0
1838 1966 107.0
1966 1838 107.0
1838 1902 106.0
1902 1838 106.0
1838 1854 110.0
1854 1838 110.0
1838 1840 104.0
1840 1838 104.0
1839 1967 109.0
1967 1839 109.0
1839 1903 103.0
1903 1839 103.0
1839 1855 103.0
1855 1839 103.0
1839 1840 100.0
1840 1839 100.0
1840 1968 107.0
1968 1840 107.0
1840 1904 110.0
1904 1840 110.0
1840 1856 101.0
1856 1840 101.0
1841 1969 102.0
1969 1841 102.0
1841 1905 108.0
1905 1841 108.0
1841 1849 108.0
1849 1841 108.0
1841 1845 104.0
1845 1841 104.0
1841 1843 109.0
1843 1841 109.0
1841 1842 106.0
1842 1841 106.0
1842 1970 106.0
1970 1842 106.0
1842 1906 102.0
1906 1842 102.0
1842 1850 103.0
1850 1842 103.0
1842 1846 105.0
1846 1842 105.0
1842 1844 104.0
1844 1842 104.0
1843 1971 101.0
1971 1843 101.0
1843 1907 102.0
1907 1843 102.0
1843 1851 103.0
1851 1843 103.0
1843 1847 106.0
1847 1843 106.0
1843 1844 108.0
1844 1843 108.0
1844 1972 101.0
1972 1844 101.0
1844 1908 102.0
1908 1844 102.0
1844 1852 106.0
1852 1844 106.0
1844 1848 101.0
1848 1844 101.0
1845 1973 110.0
1973 1845 110.0
1845 1909 107.0
1909 1845 107.0
1845 1853 102.0
1853 1845 102.0
1845 1847 106.0
1847 1845 106.0
1845 1846 106.0
1846 1845 106.0
1846 1974 102.0
1974 1846 102.0
1846 1910 108.0
1910 1846 108.0
1846 1854 106.0
1854 1846 106.0
1846 1848 109.0
1848 1846 109.0
1847 1975 110.0
1975 1847 110.0
1847 1911 102.0
1911 1847 102.0
1847 1855 109.0
1855 1847 109.0
1847 1848 109.0
1848 1847 109.0
1848 1976 104.0
1976 1848 104.0
1848 1912 105.0
1912 1848 105.0
1848 1856 102.0
1856 1848 102.0
1849 1977 105.0
1977 1849 105.0
1849 1913 109.0
1913 1849 109.0
1849 1853 105.0
1853 1849 105.0
1849 1851 100.0
1851 1849 100.0
1849 1850 101.0
1850 1849 101.0
1850 1978 104.0
1978 1850 104.0
1850 1914 105.0
1914 1850 105.0
1850 1854 110.0
1854 1850 110.0
1850 1852 103.0
1852 1850 103.0
1851 1979 103.0
1979 1851 103.0
1851 1915 100.0
1915 1851 100.0
1851 1855 106.0
1855 1851 106.0
1851 1852 101.0
1852 1851 101.0
1852 1980 106.0
1980 1852 106.0
1852 1916 102.0
1916 1852 102.0
1852 1856 103.0
1856 1852 103.0
1853 1981 105.0
1981 1853 105.0
1853 1917 107.0
1917 1853 107.0
1853 1855 104.0
1855 1853 104.0
1853 1854 103.0
1854 1853 103.0
1854 1982 107.0
1982 1854 107.0
1854 1918 109.0
1918 1854 109.0
1854 1856 110.0
1856 1854 110.0
1855 1983 103.0
1983 1855 103.0
1855 1919 110.0
1919 1855 110.0
1855 1856 101.0
1856 1855 101.0
1856 1984 109.0
1984 1856 109.0
1856 1920 107.0
1920 1856 107.0
1857 1985 100.0
1985 1857 100.0
1857 1889 105.0
1889 1857 105.0
1857 1873 100.0
1873 1857 100.0
1857 1865 100.0
1865 1857 100.0
1857 1861 109.0
1861 1857 109.0
1857 1859 109.0
1859 1857 109.0
1857 1858 109.0
1858 1857 109.0
1858 1986 107.0
1986 1858 107.0
1858 1890 108.0
1890 1858 108.0
1858 1874 108.0
1874 1858 108.0
1858 1866 103.0
1866 1858 103.0
1858 1862 104.0
1862 1858 104.0
1858 1860 101.0
1860 1858 101.0
1859 1987 105.0
1987 1859 105.0
1859 1891 103.0
1891 1859 103.0
1859 1875 109.0
1875 1859 109.0
1859 1867 103.0
1867 1859 103.0
1859 1863 105.0
1863 1859 105.0
1859 1860 106.0
1860 1859 106.0
1860 1988 110.0
1988 1860 110.0
1860 1892 108.0
1892 1860 108.0
1860 1876 101.0
1876 1860 101.0
1860 1868 105.0
1868 1860 105.0
1860 1864 100.0
1864 1860 100.0
1861 1989 104.0
1989 1861 104.0
1861 1893 108.0
1893 1861 108.0
1861 1877 109.0
1877 1861 109.0
1861 1869 107.0
1869 1861 107.0
1861 1863 101.0
1863 1861 101.0
1861 1862 102.0
1862 1861 102.0
1862 1990 106.0
1990 1862 106.0
1862 1894 104.0
1894 1862 104.0
1862 1878 101.0
1878 1862 101.0
1862 1870 106.0
1870 1862 106.0
1862 1864 107.0
1864 1862 107.0
1863 1991 109.0
1991 1863 109.0
1863 1895 100.0
1895 1863 100.0
1863 1879 106.0
1879 1863 106.0
1863 1871 100.0
1871 1863 100.0
1863 1864 102.0
1864 1863 102.0
1864 1992 107.0
1992 1864 107.0
1864 1896 102.0
1896 1864 102.0
1864 1880 101.0
1880 1864 101.0
1864 1872 102.0
1872 1864 102.0
1865 1993 103.0
1993 1865 103.0
1865 1897 103.0
1897 1865 103.0
1865 1881 106.0
1881 1865 106.0
1865 1869 109.0
1869 1865 109.0
1865 1867 105.0
1867 1865 105.0
1865 1866 100.0
1866 1865 100.0
1866 1994 106.0
1994 1866 106.0
1866 1898 107.0
1898 1866 107.0
1866 1882 108.0
1882 1866 108.0
1866 1870 106.0
1870 1866 106.0
1866 1868 109.0
1868 1866 109.0
1867 1995 106.0
1995 1867 106.0
1867 1899 107.0
1899 1867 107.0
1867 1883 105.0
1883 1867 105.0
1867 1871 107.0
1871 1867 107.0
1867 1868 108.0
1868 1867 108.0
1868 1996 107.0
1996 1868 107.0
1868 1900 102.0
1900 1868 102.0
1868 1884 104.0
1884 1868 104.0
1868 1872 101.0
1872 1868 101.0
1869 1997 100.0
1997 1869 100.0
1869 1901 107.0
1901 1869 107.0
1869 1885 107.0
1885 1869 107.0
1869 1871 104.0
1871 1869 104.0
1869 1870 108.0
1870 1869 108.0
1870 1998 102.0
1998 1870 102.0
1870 1902 105.0
1902 1870 105.0
1870 1886 110.0
1886 1870 110.0
1870 1872 106.0
1872 1870 106.0
1871 1999 108.0
1999 1871 108.0
1871 1903 110.0
1903 1871 110.0
1871 1887 106.0
1887 1871 106.0
1871 1872 106.0
1872 1871 106.0
1872 2000 104.0
2000 1872 104.0
1872 1904 100.0
1904 1872 100.0
1872 1888 101.0
1888 1872 101.0
1873 2001 105.0
2001 1873 105.0
1873 1905 101.0
1905 1873 101.0
1873 1881 105.0
1881 1873 105.0
1873 1877 104.0
1877 1873 104.0
1873 1875 110.0
1875 1873 110.0
1873 1874 105.0
1874 1873 105.0
1874 2002 100.0
2002 1874 100.0
1874 1906 101.0
1906 1874 101.0
1874 1882 102.0
1882 1874 102.0
1874 1878 106.0
1878 1874 106.0
1874 1876 106.0
1876 1874 106.0
1875 2003 103.0
2003 1875 103.0
1875 1907 101.0
1907 1875 101.0
1875 1883 101.0
1883 1875 101.0
1875 1879 103.0
1879 1875 103.0
1875 1876 109.0
1876 1875 109.0
1876 2004 107.0
2004 1876 107.0
1876 1908 100.0
1908 1876 100.0
1876 1884 100.0
1884 1876 100.0
1876 1880 108.0
1880 1876 108.0
1877 2005 106.0
2005 1877 106.0
1877 1909 109.0
1909 1877 109.0
1877 1885 105.0
1885 1877 105.0
1877 1879 101.0
1879 1877 101.0
1877 1878 110.0
1878 1877 110.0
1878 2006 102.0
2006 1878 102.0
1878 1910 104.0
1910 1878 104.0
1878 1886 103.0
1886 1878 103.0
1878 1880 101.0
1880 1878 101.0
1879 2007 109.0
2007 1879 109.0
1879 1911 107.0
1911 1879 107.0
1879 1887 103.0
1887 1879 103.0
1879 1880 102.0
1880 1879 102.0
1880 2008 105.0
2008 1880 105.0
1880 1912 104.0
1912 1880 104.0
1880 1888 106.0
1888 1880 106.0
1881 2009 106.0
2009 1881 106.0
1881 1913 104.0
1913 1881 104.0
1881 1885 109.0
1885 1881 109.0
1881 1883 110.0
1883 1881 110.0
1881 1882 105.0
1882 1881 105.0
1882 2010 102.0
2010 1882 102.0
1882 1914 103.0
1914 1882 103.0
1882 1886 106.0
1886 1882 106.0
1882 1884 106.0
1884 1882 106.0
1883 2011 101.0
2011 1883 101.0
1883 1915 103.0
1915 1883 103.0
1883 1887 110.0
1887 1883 110.0
1883 1884 109.0
1884 1883 109.0
1884 2012 107.0
2012 1884 107.0
1884 1916 100.0
1916 1884 100.0
1884 1888 100.0
1888 1884 100.0
1885 2013 109.0
2013 1885 109.0
1885 1917 106.0
1917 1885 106.0
1885 1887 100.0
1887 1885 100.0
1885 1886 110.0
1886 1885 110.0
1886 2014 106.0
2014 1886 106.0
1886 1918 102.0
1918 1886 102.0
1886 1888 101.0
1888 1886 101.0
1887 2015 107.0
2015 1887 107.0
1887 1919 100.0
1919 1887 100.0
1887 1888 104.0
1888 1887 104.0
1888 2016 109.0
2016 1888 109.0
1888 1920 100.0
1920 1888 100.0
1889 2017 103.0
2017 1889 103.0
1889 1905 102.0
1905 1889 102.0
1889 1897 104.0
1897 1889 104.0
1889 1893 104.0
1893 1889 104.0
1889 1891 105.0
1891 1889 105.0
1889 1890 102.0
1890 1889 102.0
1890 2018 101.0
2018 1890 101.0
1890 1906 103.0
1906 1890 103.0
1890 1898 110.0
1898 1890 110.0
1890 1894 103.0
1894 1890 103.0
1890 1892 106.0
1892 1890 106.0
1891 2019 110.0
2019 1891 110.0
1891 1907 104.0
1907 1891 104.0
1891 1899 101.0
1899 1891 101.0
1891 1895 106.0
1895 1891 106.0
1891 1892 104.0
1892 1891 104.0
1892 2020 100.0
2020 1892 100.0
1892 1908 104.0
1908 1892 104.0
1892 1900 108.0
1900 1892 108.0
1892 1896 105.0
1896 1892 105.0
1893 2021 103.0
2021 1893 103.0
1893 1909 110.0
1909 1893 110.0
1893 1901 110.0
1901 1893 110.0
1893 1895 108.0
1895 1893 108.0
1893 1894 101.0
1894 1893 101.0
1894 2022 104.0
2022 1894 104.0
1894 1910 105.0
1910 1894 105.0
1894 1902 101.0
1902 1894 101.0
1894 1896 102.0
1896 1894 102.0
1895 2023 104.0
2023 1895 104.0
1895 1911 103.0
1911 1895 103.0
1895 1903 107.0
1903 1895 107.0
1895 1896 103.0
1896 1895 103.0
1896 2024 109.0
2024 1896 109.0
1896 1912 102.0
1912 1896 102.0
1896 1904 103.0
1904 1896 103.0
1897 2025 102.0
2025 1897 102.0
1897 1913 100.0
1913 1897 100.0
1897 1901 102.0
1901 1897 102.0
1897 1899 109.0
1899 1897 109.0
1897 1898 102.0
1898 1897 102.0
1898 2026 107.0
2026 1898 107.0
1898 1914 103.0
1914 1898 103.0
1898 1902 100.0
1902 1898 100.0
1898 1900 109.0
1900 1898 109.0
1899 2027 110.0
2027 1899 110.0
1899 1915 102.0
1915 1899 102.0
1899 1903 102.0
1903 1899 102.0
1899 1900 106.0
1900 1899 106.0
1900 2028 106.0
2028 1900 106.0
1900 1916 107.0
1916 1900 107.0
1900 1904 103.0
1904 1900 103.0
1901 2029 106.0
2029 1901 106.0
1901 1917 109.0
1917 1901 109.0
1901 1903 104.0
1903 1901 104.0
1901 1902 108.0
1902 1901 108.0
1902 2030 102.0
2030 1902 102.0
1902 1918 101.0
1918 1902 101.0
1902 1904 103.0
1904 1902 103.0
1903 2031 100.0
2031 1903 100.0
1903 1919 105.0
1919 1903 105.0
1903 1904 105.0
1904 1903 105.0
1904 2032 105.0
2032 1904 105.0
1904 1920 107.0
1920 1904 107.0
1905 2033 102.0
2033 1905 102.0
1905 1913 103.0
1913 1905 103.0
1905 1909 101.0
1909 1905 101.0
1905 1907 108.0
1907 1905 108.0
1905 1906 105.0
1906 1905 105.0
1906 2034 100.0
2034 1906 100.0
1906 1914 108.0
1914 1906 108.0
1906 1910 101.0
1910 1906 101.0
1906 1908 108.0
1908 1906 108.0
1907 2035 102.0
2035 1907 102.0
1907 1915 109.0
1915 1907 109.0
1907 1911 101.0
1911 1907 101.0
1907 1908 103.0
1908 1907 103.0
1908 2036 106.0
2036 1908 106.0
1908 1916 105.0
1916 1908 105.0
1908 1912 102.0
1912 1908 102.0
1909 2037 108.0
2037 1909 108.0
1909 1917 110.0
1917 1909 110.0
1909 1911 109.0
1911 1909 109.0
1909 1910 104.0
1910 1909 104.0
1910 2038 108.0
2038 1910 108.0
1910 1918 103.0
1918 1910 103.0
1910 1912 106.0
1912 1910 106.0
1911 2039 104.0
2039 1911 104.0
1911 1919 103.0
1919 1911 103.0
1911 1912 104.0
1912 1911 104.0
1912 2040 105.0
2040 1912 105.0
1912 1920 107.0
1920 1912 107.0
1913 2041 100.0
2041 1913 100.0
1913 1917 108.0
1917 1913 108.0
1913 1915 102.0
1915 1913 102.0
1913 1914 102.0
1914 1913 102.0
1914 2042 108.0
2042 1914 108.0
1914 1918 105.0
1918 1914 105.0
1914 1916 102.0
1916 1914 102.0
1915 2043 105.0
2043 1915 105.0
1915 1919 106.0
1919 1915 106.0
1915 1916 101.0
1916 1915 101.0
1916 2044 100.0
2044 1916 100.0
1916 1920 106.0
1920 1916 106.0
1917 2045 109.0
2045 1917 109.0
1917 1919 109.0
1919 1917 109.0
1917 1918 100.0
1918 1917 100.0
1918 2046 109.0
2046 1918 109.0
1918 1920 100.0
1920 1918 100.0
1919 2047 105.0
2047 1919 105.0
1919 1920 101.0
1920 1919 101.0
1920 2048 101.0
2048 1920 101.0
1921 1985 110.0
1985 1921 110.0
1921 1953 101.0
1953 1921 101.0
1921 1937 104.0
1937 1921 104.0
1921 1929 103.0
1929 1921 103.0
1921 1925 108.0
1925 1921 108.0
1921 1923 105.0
1923 1921 105.0
1921 1922 102.0
1922 1921 102.0
1922 1986 110.0
1986 1922 110.0
1922 1954 100.0
1954 1922 100.0
1922 1938 101.0
1938 1922 101.0
1922 1930 100.0
1930 1922 100.0
1922 1926 102.0
1926 1922 102.0
1922 1924 102.0
1924 1922 102.0
1923 1987 110.0
1987 1923 110.0
1923 1955 102.0
1955 1923 102.0
1923 1939 101.0
1939 1923 101.0
1923 1931 100.0
1931 1923 100.0
1923 1927 109.0
1927 1923 109.0
1923 1924 104.0
1924 1923 104.0
1924 1988 106.0
1988 1924 106.0
1924 1956 102.0
1956 1924 102.0
1924 1940 105.0
1940 1924 105.0
1924 1932 101.0
1932 1924 101.0
1924 1928 110.0
1928 1924 110.0
1925 1989 103.0
1989 1925 103.0
1925 1957 104.0
1957 1925 104.0
1925 1941 105.0
1941 1925 105.0
1925 1933 105.0
1933 1925 105.0
1925 1927 106.0
1927 1925 106.0
1925 1926 100.0
1926 1925 100.0
1926 1990 101.0
1990 1926 101.0
1926 1958 101.0
1958 1926 101.0
1926 1942 106.0
1942 1926 106.0
1926 1934 100.0
1934 1926 100.0
1926 1928 108.0
1928 1926 108.0
1927 1991 106.0
1991 1927 106.0
1927 1959 106.0
1959 1927 106.0
1927 1943 110.0
1943 1927 110.0
1927 1935 109.0
1935 1927 109.0
1927 1928 102.0
1928 1927 102.0
1928 1992 103.0
1992 1928 103.0
1928 1960 106.0
1960 1928 106.0
1928 1944 110.0
1944 1928 110.0
1928 1936 108.0
1936 1928 108.0
1929 1993 103.0
1993 1929 103.0
1929 1961 102.0
1961 1929 102.0
1929 1945 105.0
1945 1929 105.0
1929 1933 105.0
1933 1929 105.0
1929 1931 104.0
1931 1929 104.0
1929 1930 109.0
1930 1929 109.0
1930 1994 106.0
1994 1930 106.0
1930 1962 100.0
1962 1930 100.0
1930 1946 105.0
1946 1930 105.0
1930 1934 108.0
1934 1930 108.0
1930 1932 100.0
1932 1930 100.0
1931 1995 103.0
1995 1931 103.0
1931 1963 102.0
1963 1931 102.0
1931 1947 101.0
1947 1931 101.0
1931 1935 109.0
1935 1931 109.0
1931 1932 109.0
1932 1931 109.0
1932 1996 100.0
1996 1932 100.0
1932 1964 100.0
1964 1932 100.0
1932 1948 103.0
1948 1932 103.0
1932 1936 106.0
1936 1932 106.0
1933 1997 100.0
1997 1933 100.0
1933 1965 104.0
1965 1933 104.0
1933 1949 106.0
1949 1933 106.0
1933 1935 101.0
1935 1933 101.0
1933 1934 110.0
1934 1933 110.0
1934 1998 104.0
1998 1934 104.0
1934 1966 105.0
1966 1934 105.0
1934 1950 104.0
1950 1934 104.0
1934 1936 106.0
1936 1934 106.0
1935 1999 100.0
1999 1935 100.0
1935 1967 104.0
1967 1935 104.0
1935 1951 100.0
1951 1935 100.0
1935 1936 108.0
1936 1935 108.0
1936 2000 101.0
2000 1936 101.0
1936 1968 110.0
1968 1936 110.0
1936 1952 101.0
1952 1936 101.0
1937 2001 103.0
2001 1937 103.0
1937 1969 106.0
1969 1937 106.0
1937 1945 109.0
1945 1937 109.0
1937 1941 104.0
1941 1937 104.0
1937 1939 100.0
1939 1937 100.0
1937 1938 101.0
1938 1937 101.0
1938 2002 102.0
2002 1938 102.0
1938 1970 106.0
1970 1938 106.0
1938 1946 102.0
1946 1938 102.0
1938 1942 104.0
1942 1938 104.0
1938 1940 102.0
1940 1938 102.0
1939 2003 103.0
2003 1939 103.0
1939 1971 105.0
1971 1939 105.0
1939 1947 107.0
1947 1939 107.0
1939 1943 105.0
1943 1939 105.0
1939 1940 100.0
1940 1939 100.0
1940 2004 104.0
2004 1940 104.0
1940 1972 107.0
1972 1940 107.0
1940 1948 102.0
1948 1940 102.0
1940 1944 106.0
1944 1940 106.0
1941 2005 108.0
2005 1941 108.0
1941 1973 100.0
1973 1941 100.0
1941 1949 104.0
1949 1941 104.0
1941 1943 107.0
1943 1941 107.0
1941 1942 108.0
1942 1941 108.0
1942 2006 100.0
2006 1942 100.0
1942 1974 100.0
1974 1942 100.0
1942 1950 109.0
1950 1942 109.0
1942 1944 109.0
1944 1942 109.0
1943 2007 108.0
2007 1943 108.0
1943 1975 109.0
1975 1943 109.0
1943 1951 105.0
1951 1943 105.0
1943 1944 105.0
1944 1943 105.0
1944 2008 101.0
2008 1944 101.0
1944 1976 103.0
1976 1944 103.0
1944 1952 108.0
1952 1944 108.0
1945 2009 101.0
2009 1945 101.0
1945 1977 103.0
1977 1945 103.0
1945 1949 108.0
1949 1945 108.0
1945 1947 108.0
1947 1945 108.0
1945 1946 107.0
1946 1945 107.0
1946 2010 101.0
2010 1946 101.0
1946 1978 102.0
1978 1946 102.0
1946 1950 106.0
1950 1946 106.0
1946 1948 102.0
1948 1946 102.0
1947 2011 106.0
2011 1947 106.0
1947 1979 102.0
1979 1947 102.0
1947 1951 106.0
1951 1947 106.0
1947 1948 102.0
1948 1947 102.0
1948 2012 100.0
2012 1948 100.0
1948 1980 105.0
1980 1948 105.0
1948 1952 108.0
1952 1948 108.0
1949 2013 102.0
2013 1949 102.0
1949 1981 109.0
1981 1949 109.0
1949 1951 107.0
1951 1949 107.0
1949 1950 106.0
1950 1949 106.0
1950 2014 100.0
2014 1950 100.0
1950 1982 102.0
1982 1950 102.0
1950 1952 108.0
1952 1950 108.0
1951 2015 109.0
2015 1951 109.0
1951 1983 110.0
1983 1951 110.0
1951 1952 107.0
1952 1951 107.0
1952 2016 100.0
2016 1952 100.0
1952 1984 103.0
1984 1952 103.0
1953 2017 110.0
2017 1953 110.0
1953 1969 106.0
1969 1953 106.0
1953 1961 107.0
1961 1953 107.0
1953 1957 103.0
1957 1953 103.0
1953 1955 101.0
1955 1953 101.0
1953 1954 100.0
1954 1953 100.0
1954 2018 110.0
2018 1954 110.0
1954 1970 105.0
1970 1954 105.0
1954 1962 100.0
1962 1954 100.0
1954 1958 108.0
1958 1954 108.0
1954 1956 109.0
1956 1954 109.0
1955 2019 101.0
2019 1955 101.0
1955 1971 109.0
1971 1955 109.0
1955 1963 101.0
1963 1955 101.0
1955 1959 109.0
1959 1955 109.0
1955 1956 110.0
1956 1955 110.0
1956 2020 106.0
2020 1956 106.0
1956 1972 106.0
1972 1956 106.0
1956 1964 101.0
1964 1956 101.0
1956 1960 109.0
1960 1956 109.0
1957 2021 100.0
2021 1957 100.0
1957 1973 108.0
1973 1957 108.0
1957 1965 100.0
1965 1957 100.0
1957 1959 100.0
1959 1957 100.0
1957 1958 102.0
1958 1957 102.0
1958 2022 103.0
2022 1958 103.0
1958 1974 103.0
1974 1958 103.0
1958 1966 101.0
1966 1958 101.0
1958 1960 108.0
1960 1958 108.0
1959 2023 108.0
2023 1959 108.0
1959 1975 100.0
1975 1959 100.0
1959 1967 103.0
1967 1959 103.0
1959 1960 102.0
1960 1959 102.0
1960 2024 103.0
2024 1960 103.0
1960 1976 103.0
1976 1960 103.0
1960 1968 103.0
1968 1960 103.0
1961 2025 104.0
2025 1961 104.0
1961 1977 108.0
1977 1961 108.0
1961 1965 109.0
1965 1961 109.0
1961 1963 103.0
1963 1961 103.0
1961 1962 105.0
1962 1961 105.0
1962 2026 103.0
2026 1962 103.0
1962 1978 108.0
1978 1962 108.0
1962 1966 103.0
1966 1962 103.0
1962 1964 110.0
1964 1962 110.0
1963 2027 100.0
2027 1963 100.0
1963 1979 110.0
1979 1963 110.0
1963 1967 108.0
1967 1963 108.0
1963 1964 110.0
1964 1963 110.0
1964 2028 109.0
2028 1964 109.0
1964 1980 107.0
1980 1964 107.0
1964 1968 109.0
1968 1964 109.0
1965 2029 108.0
2029 1965 108.0
1965 1981 108.0
1981 1965 108.0
1965 1967 100.0
1967 1965 100.0
1965 1966 109.0
1966 1965 109.0
1966 2030 108.0
2030 1966 108.0
1966 1982 100.0
1982 1966 100.0
1966 1968 108.0
1968 1966 108.0
1967 2031 107.0
2031 1967 107.0
1967 1983 100.0
1983 1967 100.0
1967 1968 101.0
1968 1967 101.0
1968 2032 108.0
2032 1968 108.0
1968 1984 101.0
1984 1968 101.0
1969 2033 107.0
2033 1969 107.0
1969 1977 105.0
1977 1969 105.0
1969 1973 102.0
1973 1969 102.0
1969 1971 102.0
1971 1969 102.0
1969 1970 109.0
1970 1969 109.0
1970 2034 101.0
2034 1970 101.0
1970 1978 108.0
1978 1970 108.0
1970 1974 105.0
1974 1970 105.0
1970 1972 107.0
1972 1970 107.0
1971 2035 100.0
2035 1971 100.0
1971 1979 109.0
1979 1971 109.0
1971 1975 110.0
1975 1971 110.0
1971 1972 106.0
1972 1971 106.0
1972 2036 107.0
2036 1972 107.0
1972 1980 103.0
1980 1972 103.0
1972 1976 103.0
1976 1972 103.0
1973 2037 103.0
2037 1973 103.0
1973 1981 105.0
1981 1973 105.0
1973 1975 109.0
1975 1973 109.0
1973 1974 106.0
1974 1973 106.0
1974 2038 107.0
2038 1974 107.0
1974 1982 106.0
1982 1974 106.0
1974 1976 101.0
1976 1974 101.0
1975 2039 106.0
2039 1975 106.0
1975 1983 102.0
1983 1975 102.0
1975 1976 110.0
1976 1975 110.0
1976 2040 100.0
2040 1976 100.0
1976 1984 110.0
1984 1976 110.0
1977 2041 109.0
2041 1977 109.0
1977 1981 108.0
1981 1977 108.0
1977 1979 105.0
1979 1977 105.0
1977 1978 110.0
1978 1977 110.0
1978 2042 107.0
2042 1978 107.0
1978 1982 104.0
1982 1978 104.0
1978 1980 110.0
1980 1978 110.0
1979 2043 110.0
2043 1979 110.0
1979 1983 105.0
1983 1979 105.0
1979 1980 102.0
1980 1979 102.0
1980 2044 103.0
2044 1980 103.0
1980 1984 110.0
1984 1980 110.0
1981 2045 104.0
2045 1981 104.0
1981 1983 104.0
1983 1981 104.0
1981 1982 106.0
1982 1981 106.0
1982 2046 105.0
2046 1982 105.0
1982 1984 101.0
1984 1982 101.0
1983 2047 105.0
2047 1983 105.0
1983 1984 100.0
1984 1983 100.0
1984 2048 103.0
2048 1984 103.0
1985 2017 101.0
2017 1985 101.0
1985 2001 103.0
2001 1985 103.0
1985 1993 105.0
1993 1985 105.0
1985 1989 108.0
1989 1985 108.0
1985 1987 106.0
1987 1985 106.0
1985 1986 108.0
1986 1985 108.0
1986 2018 104.0
2018 1986 104.0
1986 2002 100.0
2002 1986 100.0
1986 1994 107.0
1994 1986 107.0
1986 1990 105.0
1990 1986 105.0
1986 1988 108.0
1988 1986 108.0
1987 2019 107.0
2019 1987 107.0
1987 2003 103.0
2003 1987 103.0
1987 1995 109.0
1995 1987 109.0
1987 1991 101.0
1991 1987 101.0
1987 1988 109.0
1988 1987 109.0
1988 2020 107.0
2020 1988 107.0
1988 2004 102.0
2004 1988 102.0
1988 1996 105.0
1996 1988 105.0
1988 1992 107.0
1992 1988 107.0
1989 2021 110.0
2021 1989 110.0
1989 2005 109.0
2005 1989 109.0
1989 1997 109.0
1997 1989 109.0
1989 1991 105.0
1991 1989 105.0
1989 1990 100.0
1990 1989 100.0
1990 2022 101.0
2022 1990 101.0
1990 2006 109.0
2006 1990 109.0
1990 1998 103.0
1998 1990 103.0
1990 1992 102.0
1992 1990 102.0
1991 2023 109.0
2023 1991 109.0
1991 2007 101.0
2007 1991 101.0
1991 1999 102.0
1999 1991 102.0
1991 1992 110.0
1992 1991 110.0
1992 2024 101.0
2024 1992 101.0
1992 2008 109.0
2008 1992 109.0
1992 2000 104.0
2000 1992 104.0
1993 2025 108.0
2025 1993 108.0
1993 2009 101.0
2009 1993 101.0
1993 1997 109.0
1997 1993 109.0
1993 1995 100.0
1995 1993 100.0
1993 1994 107.0
1994 1993 107.0
1994 2026 101.0
2026 1994 101.0
1994 2010 109.0
2010 1994 109.0
1994 1998 104.0
1998 1994 104.0
1994 1996 104.0
1996 1994 104.0
1995 2027 103.0
2027 1995 103.0
1995 2011 110.0
2011 1995 110.0
1995 1999 106.0
1999 1995 106.0
1995 1996 109.0
1996 1995 109.0
1996 2028 110.0
2028 1996 110.0
1996 2012 103.0
2012 1996 103.0
1996 2000 103.0
2000 1996 103.0
1997 2029 100.0
2029 1997 100.0
1997 2013 105.0
2013 1997 105.0
1997 1999 106.0
1999 1997 106.0
1997 1998 100.0
1998 1997 100.0
1998 2030 103.0
2030 1998 103.0
1998 2014 109.0
2014 1998 109.0
1998 2000 109.0
2000 1998 109.0
1999 2031 110.0
2031 1999 110.0
1999 2015 108.0
2015 1999 108.0
1999 2000 109.0
2000 1999 109.0
2000 2032 101.0
2032 2000 101.0
2000 2016 100.0
2016 2000 100.0
2001 2033 105.0
2033 2001 105.0
2001 2009 101.0
2009 2001 101.0
2001 2005 103.0
2005 2001 103.0
2001 2003 107.0
2003 2001 107.0
2001 2002 106.0
2002 2001 106.0
2002 2034 108.0
2034 2002 108.0
2002 2010 107.0
2010 2002 107.0
2002 2006 100.0
2006 2002 100.0
2002 2004 110.0
2004 2002 110.0
2003 2035 101.0
2035 2003 101.0
2003 2011 106.0
2011 2003 106.0
2003 2007 107.0
2007 2003 107.0
2003 2004 104.0
2004 2003 104.0
2004 2036 109.0
2036 2004 109.0
2004 2012 104.0
2012 2004 104.0
2004 2008 102.0
2008 2004 102.0
2005 2037 109.0
2037 2005 109.0
2005 2013 109.0
2013 2005 109.0
2005 2007 107.0
2007 2005 107.0
2005 2006 102.0
2006 2005 102.0
2006 2038 106.0
2038 2006 106.0
2006 2014 103.0
2014 2006 103.0
2006 2008 103.0
2008 2006 103.0
2007 2039 103.0
2039 2007 103.0
2007 2015 101.0
2015 2007 101.0
2007 2008 102.0
2008 2007 102.0
2008 2040 108.0
2040 2008 108.0
2008 2016 104.0
2016 2008 104.0
2009 2041 101.0
2041 2009 101.0
2009 2013 102.0
2013 2009 102.0
2009 2011 108.0
2011 2009 108.0
2009 2010 101.0
2010 2009 101.0
2010 2042 102.0
2042 2010 102.0
2010 2014 100.0
2014 2010 100.0
2010 2012 101.0
2012 2010 101.0
2011 2043 108.0
2043 2011 108.0
2011 2015 107.0
2015 2011 107.0
2011 2012 103.0
2012 2011 103.0
2012 2044 100.0
2044 2012 100.0
2012 2016 107.0
2016 2012 107.0
2013 2045 106.0
2045 2013 106.0
2013 2015 103.0
2015 2013 103.0
2013 2014 108.0
2014 2013 108.0
2014 2046 109.0
2046 2014 109.0
2014 2016 107.0
2016 2014 107.0
2015 2047 109.0
2047 2015 109.0
2015 2016 104.0
2016 2015 104.0
2016 2048 110.0
2048 2016 110.0
2017 2033 103.0
2033 2017 103.0
2017 2025 100.0
2025 2017 100.0
2017 2021 103.0
2021 2017 103.0
2017 2019 103.0
2019 2017 103.0
2017 2018 103.0
2018 2017 103.0
2018 2034 110.0
2034 2018 110.0
2018 2026 109.0
2026 2018 109.0
2018 2022 102.0
2022 2018 102.0
2018 2020 101.0
2020 2018 101.0
2019 2035 110.0
2035 2019 110.0
2019 2027 100.0
2027 2019 100.0
2019 2023 103.0
2023 2019 103.0
2019 2020 107.0
2020 2019 107.0
2020 2036 108.0
2036 2020 108.0
2020 2028 104.0
2028 2020 104.0
2020 2024 103.0
2024 2020 103.0
2021 2037 100.0
2037 2021 100.0
2021 2029 107.0
2029 2021 107.0
2021 2023 102.0
2023 2021 102.0
2021 2022 109.0
2022 2021 109.0
2022 2038 109.0
2038 2022 109.0
2022 2030 102.0
2030 2022 102.0
2022 2024 106.0
2024 2022 106.0
2023 2039 103.0
2039 2023 103.0
2023 2031 110.0
2031 2023 110.0
2023 2024 101.0
2024 2023 101.0
2024 2040 109.0
2040 2024 109.0
2024 2032 101.0
2032 2024 101.0
2025 2041 101.0
2041 2025 101.0
2025 2029 105.0
2029 2025 105.0
2025 2027 110.0
2027 2025 110.0
2025 2026 105.0
2026 2025 105.0
2026 2042 100.0
2042 2026 100.0
2026 2030 108.0
2030 2026 108.0
2026 2028 105.0
2028 2026 105.0
2027 2043 103.0
2043 2027 103.0
2027 2031 109.0
2031 2027 109.0
2027 2028 109.0
2028 2027 109.0
2028 2044 102.0
2044 2028 102.0
2028 2032 110.0
2032 2028 110.0
2029 2045 110.0
2045 2029 110.0
2029 2031 109.0
2031 2029 109.0
2029 2030 107.0
2030 2029 107.0
2030 2046 108.0
2046 2030 108.0
2030 2032 104.0
2032 2030 104.0
2031 2047 107.0
2047 2031 107.0
2031 2032 101.0
2032 2031 101.0
2032 2048 100.0
2048 2032 100.0
2033 2041 109.0
2041 2033 109.0
2033 2037 108.0
2037 2033 108.0
2033 2035 106.0
2035 2033 106.0
2033 2034 108.0
2034 2033 108.0
2034 2042 106.0
2042 2034 106.0
2034 2038 108.0
2038 2034 108.0
2034 2036 105.0
2036 2034 105.0
2035 2043 105.0
2043 2035 105.0
2035 2039 100.0
2039 2035 100.0
2035 2036 106.0
2036 2035 106.0
2036 2044 110.0
2044 2036 110.0
2036 2040 106.0
2040 2036 106.0
2037 2045 107.0
2045 2037 107.0
2037 2039 100.0
2039 2037 100.0
2037 2038 107.0
2038 2037 107.0
2038 2046 105.0
2046 2038 105.0
2038 2040 100.0
2040 2038 100.0
2039 2047 105.0
2047 2039 105.0
2039 2040 101.0
2040 2039 101.0
2040 2048 100.0
2048 2040 100.0
2041 2045 103.0
2045 2041 103.0
2041 2043 103.0
2043 2041 103.0
2041 2042 109.0
2042 2041 109.0
2042 2046 103.0
2046 2042 103.0
2042 2044 109.0
2044 2042 109.0
2043 2047 109.0
2047 2043 109.0
2043 2044 106.0
2044 2043 106.0
2044 2048 110.0
2048 2044 110.0
2045 2047 109.0
2047 2045 109.0
2045 2046 100.0
2046 2045 100.0
2046 2048 110.0
2048 2046 110.0
2047 2048 101.0
2048 2047 101.0
S 512
1930 37 369 786 299 1687 107 1902 712 1809 1867 901 1490 1482 1972 792 910 967 597 405 1047 1245 1367 463 1383 1019 1893 428 496 1734 976 1800 484 514 171 100 858 1715 1165 1359 1272 1869 372 1000 378 1032 1696 67 460 1542 1753 1163 385 443 301 749 1347 1849 2020 1629 1252 1506 397 724 1066 1588 1171 1815 1320 1201 604 721 1211 971 227 840 1648 1239 1361 526 1840 391 582 1224 1697 184 1353 1662 1109 11 990 34 1806 1571 4 78 350 388 1615 798 1018 809 1389 154 1783 823 278 1772 701 424 1435 504 686 731 1804 1540 355 1377 1978 1842 1051 1483 529 1954 661 1835 69 233 1897 595 1609 658 1406 1358 521 1143 1872 114 774 808 10 1027 961 244 740 1786 894 1950 124 1512 1721 709 899 1503 1046 802 1600 421 133 966 1746 1917 1920 1276 835 1884 1577 991 1626 837 670 1552 847 1305 988 1015 1304 1939 1854 379 1080 1521 1193 316 575 1831 913 1401 1156 1996 1464 1672 1681 730 185 1074 651 874 1741 1597 1585 1146 829 35 1638 656 1608 273 178 885 402 289 1627 2013 1407 1446 1834 764 772 1341 357 1792 746 949 832 1014 916 1021 102 895 849 1546 617 348 295 871 1974 298 2001 160 545 923 1663 59 1086 384 1591 606 1122 580 1801 668 994 1147 239 1417 1308 852 130 1420 1807 637 1236 707 1431 41 953 1199 360 54 1137 1830 1845 259 1259 1758 565 946 2041 465 1639 934 634 1877 752 1726 474 1296 1470 1903 587 1180 403 28 1077 911 480 170 889 345 623 30 699 984 935 1249 499 761 560 1566 1852 1667 1914 361 1936 1258 904 1702 21 600 400 1392 1749 64 659 864 555 1315 1173 793 1485 855 157 1910 1669 1284 1298 84 1819 1075 1291 279 1364 880 1069 1502 282 1290 641 1458 979 1732 653 253 265 2027 803 1880 1931 888 1230 517 628 1273 326 610 574 1769 1524 1089 137 796 1326 1921 1632 1818 475 532 1905 181 1720 1774 109 1887 1938 1159 1254 250 1063 2044 1543 918 1941 1447 589 1874 425 1056 76 787 1057 1795 251 47 25 2004 203 232 928 1951 241 769 96 344 635 650 1926 527 292 87 675 173 754 815 814 1095 1908 1329 692 861 453 1875 330 671 1004 1881 1009 956 216 1762 312 981 854 562 415 309 1213 1116 2022 767 1513 1338 952 1382 198 1516 1278 1123 713 414 1825 1261 1152 1098 520 307 1370 1456 127 870 1033 1007 1676 1622 1062 1204 72 1955 374 1387 687 755 1855 1067 737 1176 551 1422 1679 534 1612 1006 1231 46 1119 196 592 922 1050 1531 524 622 2010 321 805 1981 354 1334 1636 1434 1603 1225
T 512
1643 1264 1189 58 680 820 719 1729 1891 1843 674 1536 395 49 2037 1886 625 718 944 409 456 964 79 784 222 1714 1673 1416 844 681 367 2046 846 364 1857 1533 1966 1969 1441 211 1395 1177 733 1279 1860 631 86 261 882 304 1216 73 1989 306 1686 1602 1242 875 1129 905 1620 538 268 684 1656 91 568 1346 1948 106 1691 1605 2006 1192 418 704 431 577 557 1957 1690 220 238 1933 276 213 613 1507 18 1693 620 1113 1527 1633 583 757 2026 1299 716 1465 1255 1038 1366 1101 151 205 1153 1763 19 150 1266 938 616 270 1768 1567 490 1428 419 535 1789 1072 1158 1739 1987 167 1269 81 1218 1186 1756 1168 246 827 481 1488 1219 1580 381 166 1041 1321 1660 1614 1029 978 1744 2029 117 644 1423 1112 1187 1594 445 607 1411 318 997 1140 1440 586 932 1560 799 6 1821 338 1491 1787 438 985 1777 1453 341 486 2011 31 1107 1335 103 1425 1128 908 155 511 1824 1476 375 1707 288 1984 1678 1451 1896 510 223 695 826 126 202 1324 1339 1380 112 958 841 1554 726 883 1349 1944 193 390 834 1459 498 970 1182 1170 271 1549 439 1582 1371 572 487 1053 1497 677 1794 140 1797 121 1293 1450 145 16 1986 2034 471 1135 1206 44 694 1703 462 508 247 925 1060 898 1712 1993 1376 1738 640 1461 412 1413 1927 1724 1617 1975 868 1243 1081 1759 339 1125 973 1352 264 258 1570 1092 1557 142 995 1500 176 1915 1780 493 120 491 630 743 1666 40 1001 664 1228 1 1087 1595 1106 331 1645 766 1717 1998 1837 1642 1310 611 1281 217 1039 366 1561 1026 1747 1473 1479 7 1866 324 892 1911 229 1961 1314 1576 1848 1537 1924 1397 236 1478 1862 24 1134 515 1084 959 1706 781 789 131 1221 1964 1394 1623 1967 1286 313 226 97 1547 188 1012 1044 283 1812 1900 817 1196 877 1198 1530 539 1104 1999 1526 505 2035 544 294 939 1317 812 1024 1344 436 646 1471 1162 433 136 550 822 647 1650 2016 1684 470 115 1590 1573 1727 665 1404 450 1142 1410 1311 554 778 947 336 2040 1493 1094 351 1863 1248 148 1327 1400 1992 548 1373 430 727 760 333 747 1709 1301 929 1960 1945 208 1775 2007 1752 164 594 1583 468 1356 93 143 1444 394 1183 742 1765 1814 1267 1287 1700 601 1132 161 775 1890 256 1099 941 1496 90 1653 541 1238 706 1735 736 199 779 190 2032 689 1564 442 319 1979 698 2017 1430 327 1651 1555 13 1782 1657 569 1207 919 451 859 2023 1437 1332 1468 408 1149 55 1233 1036 477 448 191 61 66 865 1210 179 1118 1828 1518 1386 210 1509 285 2047 501 563 1519 52 457
