# meta: nome=vienna-I065-regiao-f4
# meta: familia=vienna
# meta: classe=principal
# meta: das_compat=exata
# meta: instancia_original=I065
# meta: fonte=DIMACS 11 (Vienna, I simples)
# meta: problema_original=Steiner em grafos (rede de telecomunicação real sobre malha viária)
# meta: url=https://dimacs11.zib.de/downloads.html
# meta: referencia=Leitner et al. (2014), instâncias Vienna; 11th DIMACS Challenge
# meta: transformacao=G-UNIT; maior componente conexa; não dirigido; passos unitários
# meta: regra_ST=ST-REGIAO
# meta: regra_r=R-FRAC:4 (lambda*=44)
# meta: seed=
# meta: script=src/converters/build_benchmark.py
# meta: commit_gerador=a647555
# meta: observacao=custos de instalação de cabo não são comprimento de deslocamento: topologia com passos unitários (G-UNIT)
N 3898
M 12712
R 11
# u v length
1 855 1
855 1 1
1 1528 1
1528 1 1
1 2972 1
2972 1 1
1 3389 1
3389 1 1
2 3 1
3 2 1
2 4 1
4 2 1
2 24 1
24 2 1
2 3300 1
3300 2 1
3 4 1
4 3 1
3 2040 1
2040 3 1
4 2022 1
2022 4 1
5 6 1
6 5 1
5 24 1
24 5 1
5 2533 1
2533 5 1
6 23 1
23 6 1
6 122 1
122 6 1
7 8 1
8 7 1
7 20 1
20 7 1
7 22 1
22 7 1
8 21 1
21 8 1
8 2089 1
2089 8 1
9 10 1
10 9 1
9 20 1
20 9 1
9 3484 1
3484 9 1
10 2597 1
2597 10 1
10 3097 1
3097 10 1
11 12 1
12 11 1
11 18 1
18 11 1
11 3484 1
3484 11 1
12 17 1
17 12 1
12 90 1
90 12 1
13 14 1
14 13 1
13 16 1
16 13 1
13 18 1
18 13 1
14 92 1
92 14 1
14 95 1
95 14 1
15 16 1
16 15 1
15 92 1
92 15 1
15 93 1
93 15 1
15 2458 1
2458 15 1
16 3880 1
3880 16 1
17 18 1
18 17 1
17 95 1
95 17 1
19 20 1
20 19 1
19 2089 1
2089 19 1
19 2596 1
2596 19 1
19 2597 1
2597 19 1
21 22 1
22 21 1
21 125 1
125 21 1
22 2076 1
2076 22 1
23 24 1
24 23 1
23 120 1
120 23 1
25 26 1
26 25 1
25 30 1
30 25 1
25 2533 1
2533 25 1
26 29 1
29 26 1
26 2076 1
2076 26 1
27 28 1
28 27 1
27 30 1
30 27 1
27 2092 1
2092 27 1
28 2092 1
2092 28 1
28 2896 1
2896 28 1
29 30 1
30 29 1
29 3539 1
3539 29 1
31 32 1
32 31 1
31 33 1
33 31 1
31 2551 1
2551 31 1
31 3153 1
3153 31 1
32 33 1
33 32 1
32 126 1
126 32 1
33 2553 1
2553 33 1
34 35 1
35 34 1
34 43 1
43 34 1
34 2440 1
2440 34 1
35 42 1
42 35 1
35 2440 1
2440 35 1
36 37 1
37 36 1
36 41 1
41 36 1
36 138 1
138 36 1
36 139 1
139 36 1
37 40 1
40 37 1
37 42 1
42 37 1
38 39 1
39 38 1
38 40 1
40 38 1
38 2408 1
2408 38 1
38 3880 1
3880 38 1
39 41 1
41 39 1
39 2408 1
2408 39 1
40 41 1
41 40 1
42 43 1
43 42 1
43 2438 1
2438 43 1
44 45 1
45 44 1
44 46 1
46 44 1
44 48 1
48 44 1
44 3725 1
3725 44 1
45 46 1
46 45 1
45 2443 1
2443 45 1
46 68 1
68 46 1
47 48 1
48 47 1
47 66 1
66 47 1
47 71 1
71 47 1
48 2439 1
2439 48 1
49 50 1
50 49 1
49 2739 1
2739 49 1
49 3221 1
3221 49 1
50 56 1
56 50 1
50 3306 1
3306 50 1
51 52 1
52 51 1
51 53 1
53 51 1
51 55 1
55 51 1
51 2738 1
2738 51 1
52 53 1
53 52 1
52 54 1
54 52 1
53 1965 1
1965 53 1
54 55 1
55 54 1
54 2970 1
2970 54 1
55 1962 1
1962 55 1
56 57 1
57 56 1
56 1656 1
1656 56 1
56 2674 1
2674 56 1
57 1970 1
1970 57 1
57 3221 1
3221 57 1
58 59 1
59 58 1
58 116 1
116 58 1
58 2910 1
2910 58 1
58 2937 1
2937 58 1
59 64 1
64 59 1
59 116 1
116 59 1
60 61 1
61 60 1
60 63 1
63 60 1
60 3046 1
3046 60 1
60 3047 1
3047 60 1
61 99 1
99 61 1
61 101 1
101 61 1
62 63 1
63 62 1
62 99 1
99 62 1
62 119 1
119 62 1
62 1959 1
1959 62 1
63 1959 1
1959 63 1
64 65 1
65 64 1
64 101 1
101 64 1
64 118 1
118 64 1
65 2937 1
2937 65 1
65 3047 1
3047 65 1
66 67 1
67 66 1
66 2722 1
2722 66 1
67 2809 1
2809 67 1
67 2980 1
2980 67 1
68 69 1
69 68 1
68 71 1
71 68 1
69 70 1
70 69 1
69 2979 1
2979 69 1
70 71 1
71 70 1
70 2978 1
2978 70 1
72 73 1
73 72 1
72 77 1
77 72 1
72 3063 1
3063 72 1
72 3172 1
3172 72 1
73 1960 1
1960 73 1
73 1961 1
1961 73 1
74 75 1
75 74 1
74 77 1
77 74 1
74 1957 1
1957 74 1
75 76 1
76 75 1
75 3298 1
3298 75 1
76 77 1
77 76 1
76 1960 1
1960 76 1
78 79 1
79 78 1
78 3198 1
3198 78 1
78 3199 1
3199 78 1
79 3199 1
3199 79 1
79 3758 1
3758 79 1
80 81 1
81 80 1
80 83 1
83 80 1
80 85 1
85 80 1
80 2492 1
2492 80 1
81 82 1
82 81 1
81 113 1
113 81 1
82 83 1
83 82 1
82 103 1
103 82 1
83 2492 1
2492 83 1
84 85 1
85 84 1
84 106 1
106 84 1
84 108 1
108 84 1
85 1985 1
1985 85 1
86 87 1
87 86 1
86 130 1
130 86 1
86 2441 1
2441 86 1
86 3406 1
3406 86 1
87 2441 1
2441 87 1
87 3278 1
3278 87 1
88 89 1
89 88 1
88 2444 1
2444 88 1
88 2493 1
2493 88 1
88 2639 1
2639 88 1
89 133 1
133 89 1
89 2444 1
2444 89 1
90 91 1
91 90 1
90 3097 1
3097 90 1
91 94 1
94 91 1
91 3116 1
3116 91 1
92 93 1
93 92 1
93 2378 1
2378 93 1
94 95 1
95 94 1
94 3407 1
3407 94 1
94 3408 1
3408 94 1
96 97 1
97 96 1
96 119 1
119 96 1
96 1871 1
1871 96 1
96 1958 1
1958 96 1
97 1870 1
1870 97 1
97 1959 1
1959 97 1
98 99 1
99 98 1
98 119 1
119 98 1
98 3301 1
3301 98 1
100 101 1
101 100 1
100 118 1
118 100 1
100 1962 1
1962 100 1
102 103 1
103 102 1
102 104 1
104 102 1
102 114 1
114 102 1
102 117 1
117 102 1
103 1966 1
1966 103 1
104 116 1
116 104 1
104 1966 1
1966 104 1
105 106 1
106 105 1
105 107 1
107 105 1
105 115 1
115 105 1
106 113 1
113 106 1
107 108 1
108 107 1
107 112 1
112 107 1
108 1985 1
1985 108 1
109 110 1
110 109 1
109 112 1
112 109 1
109 3300 1
3300 109 1
110 111 1
111 110 1
110 2022 1
2022 110 1
111 112 1
112 111 1
111 1985 1
1985 111 1
113 114 1
114 113 1
113 115 1
115 113 1
114 115 1
115 114 1
116 117 1
117 116 1
117 118 1
118 117 1
120 121 1
121 120 1
120 2040 1
2040 120 1
121 2040 1
2040 121 1
121 2051 1
2051 121 1
122 123 1
123 122 1
122 125 1
125 122 1
123 124 1
124 123 1
123 2071 1
2071 123 1
124 125 1
125 124 1
124 2089 1
2089 124 1
126 127 1
127 126 1
126 128 1
128 126 1
126 2548 1
2548 126 1
127 128 1
128 127 1
127 3145 1
3145 127 1
128 3014 1
3014 128 1
129 130 1
130 129 1
129 3405 1
3405 129 1
129 3406 1
3406 129 1
130 136 1
136 130 1
131 132 1
132 131 1
131 134 1
134 131 1
131 137 1
137 131 1
132 133 1
133 132 1
132 136 1
136 132 1
133 134 1
134 133 1
133 135 1
135 133 1
134 2442 1
2442 134 1
135 2444 1
2444 135 1
135 2445 1
2445 135 1
136 137 1
137 136 1
137 3207 1
3207 137 1
138 139 1
139 138 1
138 2438 1
2438 138 1
139 2438 1
2438 139 1
140 141 1
141 140 1
140 157 1
157 140 1
140 3853 1
3853 140 1
141 156 1
156 141 1
141 3709 1
3709 141 1
142 143 1
143 142 1
142 155 1
155 142 1
142 157 1
157 142 1
143 154 1
154 143 1
143 2410 1
2410 143 1
144 145 1
145 144 1
144 153 1
153 144 1
144 155 1
155 144 1
145 152 1
152 145 1
145 154 1
154 145 1
146 147 1
147 146 1
146 151 1
151 146 1
146 3614 1
3614 146 1
147 150 1
150 147 1
147 152 1
152 147 1
148 149 1
149 148 1
148 150 1
150 148 1
148 3277 1
3277 148 1
149 151 1
151 149 1
149 3278 1
3278 149 1
150 151 1
151 150 1
152 153 1
153 152 1
153 3614 1
3614 153 1
154 155 1
155 154 1
156 157 1
157 156 1
156 2410 1
2410 156 1
158 159 1
159 158 1
158 2219 1
2219 158 1
158 2806 1
2806 158 1
158 3371 1
3371 158 1
159 1742 1
1742 159 1
159 2219 1
2219 159 1
160 161 1
161 160 1
160 163 1
163 160 1
160 2852 1
2852 160 1
160 3776 1
3776 160 1
161 1989 1
1989 161 1
161 1990 1
1990 161 1
162 163 1
163 162 1
162 2870 1
2870 162 1
162 3441 1
3441 162 1
163 3455 1
3455 163 1
164 165 1
165 164 1
164 2475 1
2475 164 1
164 2870 1
2870 164 1
165 2739 1
2739 165 1
165 3222 1
3222 165 1
166 167 1
167 166 1
166 168 1
168 166 1
166 3376 1
3376 166 1
166 3611 1
3611 166 1
167 1994 1
1994 167 1
167 1995 1
1995 167 1
168 1983 1
1983 168 1
168 1994 1
1994 168 1
169 170 1
170 169 1
169 1981 1
1981 169 1
169 2738 1
2738 169 1
170 2475 1
2475 170 1
170 2917 1
2917 170 1
171 172 1
172 171 1
171 2023 1
2023 171 1
171 2772 1
2772 171 1
172 2014 1
2014 172 1
172 3780 1
3780 172 1
173 174 1
174 173 1
173 175 1
175 173 1
173 1975 1
1975 173 1
173 2478 1
2478 173 1
174 175 1
175 174 1
174 1978 1
1978 174 1
175 397 1
397 175 1
176 177 1
177 176 1
176 2405 1
2405 176 1
176 2514 1
2514 176 1
176 2515 1
2515 176 1
177 2405 1
2405 177 1
177 2717 1
2717 177 1
178 179 1
179 178 1
178 186 1
186 178 1
178 3589 1
3589 178 1
179 185 1
185 179 1
179 2486 1
2486 179 1
180 181 1
181 180 1
180 183 1
183 180 1
180 2634 1
2634 180 1
181 2087 1
2087 181 1
181 2962 1
2962 181 1
182 183 1
183 182 1
182 184 1
184 182 1
182 2087 1
2087 182 1
182 2923 1
2923 182 1
182 3409 1
3409 182 1
183 184 1
184 183 1
184 2832 1
2832 184 1
185 186 1
186 185 1
185 3723 1
3723 185 1
186 3590 1
3590 186 1
187 188 1
188 187 1
187 1272 1
1272 187 1
187 1307 1
1307 187 1
187 1308 1
1308 187 1
188 2568 1
2568 188 1
188 2889 1
2889 188 1
189 190 1
190 189 1
189 191 1
191 189 1
189 2048 1
2048 189 1
189 2055 1
2055 189 1
190 515 1
515 190 1
190 2047 1
2047 190 1
191 2047 1
2047 191 1
191 2048 1
2048 191 1
192 193 1
193 192 1
192 579 1
579 192 1
192 2075 1
2075 192 1
192 2078 1
2078 192 1
193 554 1
554 193 1
193 2075 1
2075 193 1
194 195 1
195 194 1
194 2532 1
2532 194 1
194 3833 1
3833 194 1
195 2290 1
2290 195 1
195 2291 1
2291 195 1
196 197 1
197 196 1
196 199 1
199 196 1
196 3037 1
3037 196 1
196 3846 1
3846 196 1
197 198 1
198 197 1
197 2016 1
2016 197 1
198 199 1
199 198 1
198 2541 1
2541 198 1
199 3328 1
3328 199 1
200 201 1
201 200 1
200 2560 1
2560 200 1
200 2576 1
2576 200 1
201 2396 1
2396 201 1
201 3231 1
3231 201 1
202 203 1
203 202 1
202 473 1
473 202 1
202 1756 1
1756 202 1
202 1758 1
1758 202 1
203 2025 1
2025 203 1
203 2026 1
2026 203 1
204 205 1
205 204 1
204 206 1
206 204 1
204 2402 1
2402 204 1
204 3375 1
3375 204 1
205 2399 1
2399 205 1
205 2402 1
2402 205 1
206 2399 1
2399 206 1
206 3890 1
3890 206 1
207 208 1
208 207 1
207 2669 1
2669 207 1
207 2670 1
2670 207 1
207 2790 1
2790 207 1
208 2002 1
2002 208 1
208 2606 1
2606 208 1
209 210 1
210 209 1
209 211 1
211 209 1
209 1857 1
1857 209 1
209 2859 1
2859 209 1
209 3042 1
3042 209 1
210 1857 1
1857 210 1
210 2403 1
2403 210 1
211 1432 1
1432 211 1
211 2404 1
2404 211 1
212 213 1
213 212 1
212 2682 1
2682 212 1
212 2683 1
2683 212 1
213 2683 1
2683 213 1
213 2856 1
2856 213 1
214 215 1
215 214 1
214 216 1
216 214 1
214 480 1
480 214 1
214 481 1
481 214 1
214 485 1
485 214 1
214 486 1
486 214 1
215 1773 1
1773 215 1
215 2765 1
2765 215 1
216 2034 1
2034 216 1
216 2035 1
2035 216 1
217 218 1
218 217 1
217 2559 1
2559 217 1
217 2727 1
2727 217 1
217 2728 1
2728 217 1
218 2805 1
2805 218 1
218 2808 1
2808 218 1
219 220 1
220 219 1
219 222 1
222 219 1
219 224 1
224 219 1
220 2105 1
2105 220 1
220 2735 1
2735 220 1
221 222 1
222 221 1
221 2105 1
2105 221 1
221 3496 1
3496 221 1
221 3497 1
3497 221 1
222 2114 1
2114 222 1
223 224 1
224 223 1
223 2733 1
2733 223 1
223 2734 1
2734 223 1
224 2996 1
2996 224 1
225 226 1
226 225 1
225 227 1
227 225 1
225 229 1
229 225 1
225 3256 1
3256 225 1
226 229 1
229 226 1
226 2864 1
2864 226 1
227 228 1
228 227 1
227 2996 1
2996 227 1
228 229 1
229 228 1
228 2731 1
2731 228 1
230 231 1
231 230 1
230 1848 1
1848 230 1
230 2874 1
2874 230 1
231 1259 1
1259 231 1
231 1764 1
1764 231 1
232 233 1
233 232 1
232 235 1
235 232 1
232 3343 1
3343 232 1
233 234 1
234 233 1
233 1265 1
1265 233 1
234 235 1
235 234 1
234 3662 1
3662 234 1
235 3344 1
3344 235 1
236 237 1
237 236 1
236 238 1
238 236 1
236 769 1
769 236 1
236 770 1
770 236 1
237 2160 1
2160 237 1
237 2161 1
2161 237 1
238 728 1
728 238 1
238 2139 1
2139 238 1
239 240 1
240 239 1
239 241 1
241 239 1
239 242 1
242 239 1
239 2221 1
2221 239 1
239 3498 1
3498 239 1
240 241 1
241 240 1
240 2223 1
2223 240 1
241 1701 1
1701 241 1
242 1701 1
1701 242 1
242 2221 1
2221 242 1
243 244 1
244 243 1
243 245 1
245 243 1
243 2267 1
2267 243 1
243 2920 1
2920 243 1
243 3602 1
3602 243 1
244 1812 1
1812 244 1
244 2267 1
2267 244 1
245 1812 1
1812 245 1
245 2264 1
2264 245 1
246 247 1
247 246 1
246 2943 1
2943 246 1
246 2946 1
2946 246 1
246 3189 1
3189 246 1
247 2431 1
2431 247 1
247 2944 1
2944 247 1
248 249 1
249 248 1
248 251 1
251 248 1
248 2976 1
2976 248 1
249 2973 1
2973 249 1
249 3214 1
3214 249 1
250 251 1
251 250 1
250 2973 1
2973 250 1
250 2974 1
2974 250 1
251 2256 1
2256 251 1
252 253 1
253 252 1
252 2411 1
2411 252 1
252 3173 1
3173 252 1
252 3338 1
3338 252 1
253 2411 1
2411 253 1
253 2412 1
2412 253 1
254 255 1
255 254 1
254 257 1
257 254 1
254 2660 1
2660 254 1
254 3026 1
3026 254 1
255 256 1
256 255 1
255 3363 1
3363 255 1
256 257 1
257 256 1
256 2845 1
2845 256 1
256 3362 1
3362 256 1
257 2286 1
2286 257 1
258 259 1
259 258 1
258 3073 1
3073 258 1
258 3082 1
3082 258 1
258 3843 1
3843 258 1
259 3074 1
3074 259 1
259 3391 1
3391 259 1
260 261 1
261 260 1
260 263 1
263 260 1
260 3079 1
3079 260 1
261 262 1
262 261 1
261 2780 1
2780 261 1
262 263 1
263 262 1
262 2781 1
2781 262 1
262 3078 1
3078 262 1
263 3125 1
3125 263 1
264 265 1
265 264 1
264 266 1
266 264 1
264 3714 1
3714 264 1
264 3851 1
3851 264 1
265 266 1
266 265 1
265 3092 1
3092 265 1
266 2287 1
2287 266 1
267 268 1
268 267 1
267 2464 1
2464 267 1
267 3093 1
3093 267 1
268 1222 1
1222 268 1
268 3851 1
3851 268 1
269 270 1
270 269 1
269 271 1
271 269 1
269 2287 1
2287 269 1
269 3161 1
3161 269 1
270 271 1
271 270 1
270 2227 1
2227 270 1
271 2866 1
2866 271 1
272 273 1
273 272 1
272 274 1
274 272 1
272 1952 1
1952 272 1
272 3130 1
3130 272 1
272 3299 1
3299 272 1
273 1952 1
1952 273 1
273 1953 1
1953 273 1
274 1956 1
1956 274 1
274 3513 1
3513 274 1
275 276 1
276 275 1
275 2648 1
2648 275 1
275 2649 1
2649 275 1
275 3886 1
3886 275 1
276 2018 1
2018 276 1
276 2019 1
2019 276 1
277 278 1
278 277 1
277 279 1
279 277 1
277 3520 1
3520 277 1
277 3521 1
3521 277 1
278 279 1
279 278 1
278 2178 1
2178 278 1
279 3141 1
3141 279 1
280 281 1
281 280 1
280 282 1
282 280 1
280 823 1
823 280 1
280 2200 1
2200 280 1
281 878 1
878 281 1
281 2188 1
2188 281 1
282 2189 1
2189 282 1
282 2200 1
2200 282 1
283 284 1
284 283 1
283 1728 1
1728 283 1
283 2258 1
2258 283 1
283 3352 1
3352 283 1
284 1828 1
1828 284 1
284 2284 1
2284 284 1
285 286 1
286 285 1
285 3355 1
3355 285 1
285 3356 1
3356 285 1
286 287 1
287 286 1
286 3198 1
3198 286 1
287 288 1
288 287 1
287 1955 1
1955 287 1
288 1954 1
1954 288 1
288 1955 1
1955 288 1
289 290 1
290 289 1
289 291 1
291 289 1
289 2588 1
2588 289 1
289 2928 1
2928 289 1
290 291 1
291 290 1
290 3810 1
3810 290 1
291 2380 1
2380 291 1
292 293 1
293 292 1
292 1445 1
1445 292 1
292 3597 1
3597 292 1
293 1444 1
1444 293 1
293 3395 1
3395 293 1
294 295 1
295 294 1
294 3108 1
3108 294 1
294 3436 1
3436 294 1
294 3745 1
3745 294 1
295 2123 1
2123 295 1
295 3703 1
3703 295 1
296 297 1
297 296 1
296 3479 1
3479 296 1
296 3480 1
3480 296 1
297 2908 1
2908 297 1
297 3461 1
3461 297 1
298 299 1
299 298 1
298 345 1
345 298 1
298 3228 1
3228 298 1
299 2703 1
2703 299 1
299 3325 1
3325 299 1
300 301 1
301 300 1
300 1787 1
1787 300 1
300 3073 1
3073 300 1
300 3843 1
3843 300 1
301 882 1
882 301 1
301 3579 1
3579 301 1
302 303 1
303 302 1
302 1187 1
1187 302 1
302 1189 1
1189 302 1
302 3261 1
3261 302 1
303 2325 1
2325 303 1
303 2326 1
2326 303 1
304 305 1
305 304 1
304 2574 1
2574 304 1
304 3275 1
3275 304 1
305 306 1
306 305 1
305 3644 1
3644 305 1
306 307 1
307 306 1
306 2565 1
2565 306 1
306 2815 1
2815 306 1
307 1771 1
1771 307 1
307 2419 1
2419 307 1
308 309 1
309 308 1
308 310 1
310 308 1
308 3156 1
3156 308 1
308 3563 1
3563 308 1
309 310 1
310 309 1
309 3665 1
3665 309 1
310 3668 1
3668 310 1
311 312 1
312 311 1
311 3351 1
3351 311 1
311 3560 1
3560 311 1
312 2351 1
2351 312 1
312 3599 1
3599 312 1
313 314 1
314 313 1
313 315 1
315 313 1
313 322 1
322 313 1
313 3346 1
3346 313 1
313 3367 1
3367 313 1
314 315 1
315 314 1
314 321 1
321 314 1
315 2054 1
2054 315 1
316 317 1
317 316 1
316 318 1
318 316 1
316 3706 1
3706 316 1
316 3707 1
3707 316 1
317 318 1
318 317 1
317 2080 1
2080 317 1
318 3466 1
3466 318 1
319 320 1
320 319 1
319 1753 1
1753 319 1
319 2831 1
2831 319 1
319 3705 1
3705 319 1
320 2093 1
2093 320 1
320 3583 1
3583 320 1
321 322 1
322 321 1
321 3465 1
3465 321 1
322 3707 1
3707 322 1
323 324 1
324 323 1
323 3307 1
3307 323 1
323 3364 1
3364 323 1
324 3686 1
3686 324 1
324 3708 1
3708 324 1
325 326 1
326 325 1
325 1759 1
1759 325 1
325 2017 1
2017 325 1
325 3307 1
3307 325 1
326 2017 1
2017 326 1
326 3686 1
3686 326 1
327 328 1
328 327 1
327 2715 1
2715 327 1
327 3415 1
3415 327 1
327 3791 1
3791 327 1
328 2041 1
2041 328 1
328 3009 1
3009 328 1
329 330 1
330 329 1
329 2041 1
2041 329 1
329 2064 1
2064 329 1
330 542 1
542 330 1
330 3639 1
3639 330 1
331 332 1
332 331 1
331 3595 1
3595 331 1
331 3596 1
3596 331 1
332 3757 1
3757 332 1
332 3759 1
3759 332 1
333 334 1
334 333 1
333 337 1
337 333 1
333 3294 1
3294 333 1
334 335 1
335 334 1
334 3758 1
3758 334 1
335 336 1
336 335 1
335 337 1
337 335 1
335 3083 1
3083 335 1
336 337 1
337 336 1
336 339 1
339 336 1
338 339 1
339 338 1
338 3083 1
3083 338 1
338 3084 1
3084 338 1
338 3430 1
3430 338 1
339 3595 1
3595 339 1
340 341 1
341 340 1
340 2788 1
2788 340 1
340 2830 1
2830 340 1
340 3866 1
3866 340 1
341 1690 1
1690 341 1
341 3865 1
3865 341 1
342 343 1
343 342 1
342 344 1
344 342 1
342 1655 1
1655 342 1
343 345 1
345 343 1
343 3534 1
3534 343 1
344 345 1
345 344 1
344 346 1
346 344 1
344 1654 1
1654 344 1
346 347 1
347 346 1
346 1655 1
1655 346 1
347 1963 1
1963 347 1
347 1964 1
1964 347 1
348 349 1
349 348 1
348 350 1
350 348 1
348 356 1
356 348 1
348 1653 1
1653 348 1
349 352 1
352 349 1
349 358 1
358 349 1
350 351 1
351 350 1
350 352 1
352 350 1
350 353 1
353 350 1
350 1653 1
1653 350 1
351 355 1
355 351 1
351 1968 1
1968 351 1
352 2855 1
2855 352 1
353 354 1
354 353 1
353 355 1
355 353 1
353 356 1
356 353 1
353 1653 1
1653 353 1
354 357 1
357 354 1
354 1969 1
1969 354 1
355 1969 1
1969 355 1
356 357 1
357 356 1
356 358 1
358 356 1
356 1653 1
1653 356 1
357 3187 1
3187 357 1
358 1967 1
1967 358 1
359 360 1
360 359 1
359 361 1
361 359 1
359 362 1
362 359 1
359 364 1
364 359 1
359 1651 1
1651 359 1
360 363 1
363 360 1
360 1973 1
1973 360 1
361 365 1
365 361 1
361 1973 1
1973 361 1
362 363 1
363 362 1
362 1651 1
1651 362 1
362 1652 1
1652 362 1
363 1971 1
1971 363 1
364 365 1
365 364 1
364 1651 1
1651 364 1
364 1652 1
1652 364 1
365 375 1
375 365 1
366 367 1
367 366 1
366 368 1
368 366 1
366 373 1
373 366 1
366 1650 1
1650 366 1
367 370 1
370 367 1
367 374 1
374 367 1
368 369 1
369 368 1
368 370 1
370 368 1
368 371 1
371 368 1
368 1650 1
1650 368 1
368 1872 1
1872 368 1
369 1873 1
1873 369 1
369 1976 1
1976 369 1
370 1972 1
1972 370 1
371 372 1
372 371 1
371 373 1
373 371 1
371 1650 1
1650 371 1
371 1872 1
1872 371 1
372 375 1
375 372 1
372 1768 1
1768 372 1
373 374 1
374 373 1
373 375 1
375 373 1
374 1971 1
1971 374 1
376 377 1
377 376 1
376 378 1
378 376 1
376 1648 1
1648 376 1
376 1649 1
1649 376 1
377 379 1
379 377 1
377 2912 1
2912 377 1
378 379 1
379 378 1
378 380 1
380 378 1
378 1648 1
1648 378 1
379 2911 1
2911 379 1
380 381 1
381 380 1
380 1649 1
1649 380 1
381 1977 1
1977 381 1
381 3216 1
3216 381 1
382 383 1
383 382 1
382 384 1
384 382 1
382 388 1
388 382 1
382 1647 1
1647 382 1
383 1980 1
1980 383 1
383 1981 1
1981 383 1
384 385 1
385 384 1
384 386 1
386 384 1
384 1647 1
1647 384 1
384 1874 1
1874 384 1
385 1979 1
1979 385 1
385 1980 1
1980 385 1
386 387 1
387 386 1
386 388 1
388 386 1
386 1647 1
1647 386 1
386 1874 1
1874 386 1
386 1876 1
1876 386 1
387 1875 1
1875 387 1
387 1877 1
1877 387 1
388 389 1
389 388 1
388 1647 1
1647 388 1
388 1876 1
1876 388 1
389 1981 1
1981 389 1
389 1982 1
1982 389 1
390 391 1
391 390 1
390 392 1
392 390 1
390 1646 1
1646 390 1
390 1984 1
1984 390 1
391 1984 1
1984 391 1
391 3646 1
3646 391 1
392 393 1
393 392 1
392 394 1
394 392 1
393 395 1
395 393 1
393 3072 1
3072 393 1
394 395 1
395 394 1
394 396 1
396 394 1
394 1646 1
1646 394 1
395 1986 1
1986 395 1
396 397 1
397 396 1
396 1646 1
1646 396 1
396 1984 1
1984 396 1
397 1984 1
1984 397 1
398 399 1
399 398 1
398 400 1
400 398 1
398 405 1
405 398 1
398 1645 1
1645 398 1
399 407 1
407 399 1
399 1991 1
1991 399 1
400 401 1
401 400 1
400 402 1
402 400 1
400 1645 1
1645 400 1
400 1878 1
1878 400 1
401 1987 1
1987 401 1
401 1991 1
1991 401 1
402 403 1
403 402 1
402 404 1
404 402 1
402 405 1
405 402 1
402 1645 1
1645 402 1
402 1878 1
1878 402 1
403 406 1
406 403 1
403 1993 1
1993 403 1
404 1879 1
1879 404 1
404 1993 1
1993 404 1
405 406 1
406 405 1
405 407 1
407 405 1
405 1645 1
1645 405 1
406 1992 1
1992 406 1
407 1992 1
1992 407 1
408 409 1
409 408 1
408 410 1
410 408 1
408 1632 1
1632 408 1
408 1633 1
1633 408 1
409 2002 1
2002 409 1
409 3211 1
3211 409 1
410 411 1
411 410 1
410 412 1
412 410 1
410 1632 1
1632 410 1
411 414 1
414 411 1
411 2002 1
2002 411 1
412 413 1
413 412 1
412 414 1
414 412 1
412 1632 1
1632 412 1
412 1633 1
1633 412 1
413 2000 1
2000 413 1
413 2001 1
2001 413 1
414 2001 1
2001 414 1
415 416 1
416 415 1
415 417 1
417 415 1
415 418 1
418 415 1
415 424 1
424 415 1
415 1626 1
1626 415 1
416 417 1
417 416 1
416 2006 1
2006 416 1
417 425 1
425 417 1
418 419 1
419 418 1
418 420 1
420 418 1
418 1626 1
1626 418 1
419 421 1
421 419 1
419 3532 1
3532 419 1
420 421 1
421 420 1
420 422 1
422 420 1
420 1626 1
1626 420 1
421 423 1
423 421 1
422 423 1
423 422 1
422 424 1
424 422 1
423 2005 1
2005 423 1
424 425 1
425 424 1
424 1626 1
1626 424 1
425 2005 1
2005 425 1
426 427 1
427 426 1
426 428 1
428 426 1
426 429 1
429 426 1
426 430 1
430 426 1
426 434 1
434 426 1
426 1625 1
1625 426 1
427 435 1
435 427 1
427 2011 1
2011 427 1
428 431 1
431 428 1
428 2008 1
2008 428 1
429 2010 1
2010 429 1
429 2011 1
2011 429 1
430 431 1
431 430 1
430 432 1
432 430 1
430 1625 1
1625 430 1
431 2009 1
2009 431 1
432 433 1
433 432 1
432 434 1
434 432 1
432 1625 1
1625 432 1
433 436 1
436 433 1
433 2009 1
2009 433 1
434 435 1
435 434 1
434 436 1
436 434 1
434 1625 1
1625 434 1
435 2012 1
2012 435 1
436 2013 1
2013 436 1
437 438 1
438 437 1
437 439 1
439 437 1
437 440 1
440 437 1
437 447 1
447 437 1
437 1624 1
1624 437 1
438 442 1
442 438 1
438 2942 1
2942 438 1
439 448 1
448 439 1
439 1851 1
1851 439 1
440 441 1
441 440 1
440 442 1
442 440 1
440 443 1
443 440 1
440 1624 1
1624 440 1
441 442 1
442 441 1
441 444 1
444 441 1
443 444 1
444 443 1
443 445 1
445 443 1
443 446 1
446 443 1
443 447 1
447 443 1
443 1624 1
1624 443 1
444 2015 1
2015 444 1
445 448 1
448 445 1
445 2014 1
2014 445 1
446 2014 1
2014 446 1
446 2015 1
2015 446 1
447 448 1
448 447 1
447 1624 1
1624 447 1
449 450 1
450 449 1
449 451 1
451 449 1
449 1622 1
1622 449 1
449 1623 1
1623 449 1
450 453 1
453 450 1
450 1759 1
1759 450 1
451 452 1
452 451 1
451 453 1
453 451 1
451 454 1
454 451 1
451 1622 1
1622 451 1
452 456 1
456 452 1
452 2006 1
2006 452 1
453 3532 1
3532 453 1
454 455 1
455 454 1
454 456 1
456 454 1
454 1622 1
1622 454 1
454 1623 1
1623 454 1
455 2007 1
2007 455 1
455 2710 1
2710 455 1
456 2007 1
2007 456 1
457 458 1
458 457 1
457 459 1
459 457 1
457 460 1
460 457 1
457 461 1
461 457 1
457 465 1
465 457 1
457 1616 1
1616 457 1
458 459 1
459 458 1
458 2023 1
2023 458 1
459 466 1
466 459 1
460 462 1
462 460 1
460 2023 1
2023 460 1
461 462 1
462 461 1
461 463 1
463 461 1
461 1616 1
1616 461 1
462 1660 1
1660 462 1
463 464 1
464 463 1
463 465 1
465 463 1
463 1616 1
1616 463 1
464 467 1
467 464 1
464 2024 1
2024 464 1
465 466 1
466 465 1
465 467 1
467 465 1
465 1616 1
1616 465 1
466 467 1
467 466 1
468 469 1
469 468 1
468 470 1
470 468 1
468 471 1
471 468 1
468 477 1
477 468 1
468 1600 1
1600 468 1
469 478 1
478 469 1
469 2033 1
2033 469 1
470 473 1
473 470 1
470 2033 1
2033 470 1
471 472 1
472 471 1
471 473 1
473 471 1
471 474 1
474 471 1
471 1600 1
1600 471 1
472 476 1
476 472 1
472 1758 1
1758 472 1
474 475 1
475 474 1
474 476 1
476 474 1
474 477 1
477 474 1
474 1600 1
1600 474 1
475 479 1
479 475 1
475 2036 1
2036 475 1
476 2036 1
2036 476 1
477 478 1
478 477 1
477 479 1
479 477 1
477 1600 1
1600 477 1
478 479 1
479 478 1
480 481 1
481 480 1
480 1598 1
1598 480 1
480 1599 1
1599 480 1
481 3412 1
3412 481 1
482 483 1
483 482 1
482 484 1
484 482 1
482 485 1
485 482 1
482 1599 1
1599 482 1
483 1662 1
1662 483 1
483 2045 1
2045 483 1
484 509 1
509 484 1
484 2053 1
2053 484 1
485 486 1
486 485 1
485 1598 1
1598 485 1
486 1662 1
1662 486 1
487 488 1
488 487 1
487 489 1
489 487 1
487 495 1
495 487 1
487 1597 1
1597 487 1
487 1881 1
1881 487 1
488 491 1
491 488 1
488 1880 1
1880 488 1
489 490 1
490 489 1
489 491 1
491 489 1
489 492 1
492 489 1
489 1597 1
1597 489 1
490 494 1
494 490 1
490 2037 1
2037 490 1
491 2037 1
2037 491 1
492 493 1
493 492 1
492 494 1
494 492 1
492 495 1
495 492 1
492 1597 1
1597 492 1
493 498 1
498 493 1
493 505 1
505 493 1
494 2039 1
2039 494 1
495 496 1
496 495 1
495 1597 1
1597 495 1
495 1881 1
1881 495 1
496 2042 1
2042 496 1
496 2043 1
2043 496 1
497 498 1
498 497 1
497 499 1
499 497 1
497 504 1
504 497 1
497 1596 1
1596 497 1
498 501 1
501 498 1
499 500 1
500 499 1
499 501 1
501 499 1
499 502 1
502 499 1
499 1596 1
1596 499 1
499 1882 1
1882 499 1
500 2039 1
2039 500 1
500 2044 1
2044 500 1
501 2039 1
2039 501 1
502 503 1
503 502 1
502 504 1
504 502 1
502 1596 1
1596 502 1
502 1882 1
1882 502 1
503 1883 1
1883 503 1
503 3704 1
3704 503 1
504 505 1
505 504 1
504 1596 1
1596 504 1
505 2043 1
2043 505 1
506 507 1
507 506 1
506 508 1
508 506 1
506 514 1
514 506 1
506 1595 1
1595 506 1
507 2045 1
2045 507 1
507 2046 1
2046 507 1
508 509 1
509 508 1
508 510 1
510 508 1
508 511 1
511 508 1
508 1595 1
1595 508 1
509 2045 1
2045 509 1
510 513 1
513 510 1
510 517 1
517 510 1
511 512 1
512 511 1
511 513 1
513 511 1
511 514 1
514 511 1
511 1595 1
1595 511 1
512 515 1
515 512 1
512 2049 1
2049 512 1
513 526 1
526 513 1
514 515 1
515 514 1
514 1595 1
1595 514 1
516 517 1
517 516 1
516 518 1
518 516 1
516 519 1
519 516 1
516 525 1
525 516 1
516 1589 1
1589 516 1
517 2053 1
2053 517 1
518 521 1
521 518 1
518 2053 1
2053 518 1
519 520 1
520 519 1
519 521 1
521 519 1
519 522 1
522 519 1
519 1589 1
1589 519 1
520 524 1
524 520 1
520 2059 1
2059 520 1
521 3418 1
3418 521 1
522 523 1
523 522 1
522 524 1
524 522 1
522 525 1
525 522 1
522 1589 1
1589 522 1
523 527 1
527 523 1
523 2068 1
2068 523 1
524 2060 1
2060 524 1
525 526 1
526 525 1
525 527 1
527 525 1
525 1589 1
1589 525 1
526 2049 1
2049 526 1
527 2049 1
2049 527 1
528 529 1
529 528 1
528 530 1
530 528 1
528 531 1
531 528 1
528 536 1
536 528 1
528 1885 1
1885 528 1
529 530 1
530 529 1
529 2056 1
2056 529 1
530 537 1
537 530 1
531 532 1
532 531 1
531 533 1
533 531 1
531 534 1
534 531 1
531 1588 1
1588 531 1
531 1885 1
1885 531 1
532 535 1
535 532 1
532 2057 1
2057 532 1
533 1884 1
1884 533 1
533 2057 1
2057 533 1
534 535 1
535 534 1
534 536 1
536 534 1
534 1588 1
1588 534 1
535 549 1
549 535 1
536 537 1
537 536 1
536 1588 1
1588 536 1
537 2058 1
2058 537 1
538 539 1
539 538 1
538 540 1
540 538 1
538 541 1
541 538 1
538 1581 1
1581 538 1
538 1582 1
1582 538 1
538 1887 1
1887 538 1
539 2062 1
2062 539 1
539 2063 1
2063 539 1
540 2063 1
2063 540 1
540 3416 1
3416 540 1
541 542 1
542 541 1
541 543 1
543 541 1
541 544 1
544 541 1
541 1581 1
1581 541 1
541 1887 1
1887 541 1
542 1886 1
1886 542 1
543 545 1
545 543 1
543 3637 1
3637 543 1
544 545 1
545 544 1
544 1581 1
1581 544 1
544 1582 1
1582 544 1
545 2605 1
2605 545 1
546 547 1
547 546 1
546 548 1
548 546 1
546 553 1
553 546 1
546 1580 1
1580 546 1
547 550 1
550 547 1
547 2066 1
2066 547 1
548 549 1
549 548 1
548 550 1
550 548 1
548 551 1
551 548 1
548 1580 1
1580 548 1
549 2058 1
2058 549 1
550 2058 1
2058 550 1
551 552 1
552 551 1
551 553 1
553 551 1
551 1580 1
1580 551 1
552 554 1
554 552 1
552 2057 1
2057 552 1
553 554 1
554 553 1
553 1580 1
1580 553 1
555 556 1
556 555 1
555 557 1
557 555 1
555 562 1
562 555 1
555 1579 1
1579 555 1
555 1888 1
1888 555 1
556 2060 1
2060 556 1
556 2067 1
2067 556 1
557 558 1
558 557 1
557 559 1
559 557 1
557 1579 1
1579 557 1
558 561 1
561 558 1
558 2060 1
2060 558 1
559 560 1
560 559 1
559 561 1
561 559 1
559 562 1
562 559 1
560 561 1
561 560 1
560 565 1
565 560 1
562 563 1
563 562 1
562 1579 1
1579 562 1
562 1888 1
1888 562 1
563 1889 1
1889 563 1
563 2069 1
2069 563 1
564 565 1
565 564 1
564 566 1
566 564 1
564 567 1
567 564 1
564 571 1
571 564 1
564 1578 1
1578 564 1
565 2069 1
2069 565 1
566 572 1
572 566 1
566 2069 1
2069 566 1
567 568 1
568 567 1
567 569 1
569 567 1
567 1578 1
1578 567 1
568 570 1
570 568 1
568 2072 1
2072 568 1
569 570 1
570 569 1
569 571 1
571 569 1
569 1578 1
1578 569 1
570 2070 1
2070 570 1
571 572 1
572 571 1
571 1578 1
1578 571 1
572 2070 1
2070 572 1
573 574 1
574 573 1
573 575 1
575 573 1
573 576 1
576 573 1
573 580 1
580 573 1
573 1577 1
1577 573 1
574 2072 1
2072 574 1
574 2074 1
2074 574 1
575 581 1
581 575 1
575 2072 1
2072 575 1
576 577 1
577 576 1
576 578 1
578 576 1
576 1577 1
1577 576 1
577 588 1
588 577 1
577 2078 1
2078 577 1
578 579 1
579 578 1
578 580 1
580 578 1
578 1577 1
1577 578 1
579 582 1
582 579 1
580 581 1
581 580 1
580 582 1
582 580 1
580 1577 1
1577 580 1
581 2073 1
2073 581 1
582 2073 1
2073 582 1
583 584 1
584 583 1
583 585 1
585 583 1
583 586 1
586 583 1
583 592 1
592 583 1
583 1576 1
1576 583 1
584 587 1
587 584 1
584 2082 1
2082 584 1
585 593 1
593 585 1
585 2082 1
2082 585 1
586 587 1
587 586 1
586 588 1
588 586 1
586 589 1
589 586 1
586 1576 1
1576 586 1
587 2081 1
2081 587 1
588 591 1
591 588 1
589 590 1
590 589 1
589 591 1
591 589 1
589 592 1
592 589 1
589 1576 1
1576 589 1
590 2077 1
2077 590 1
590 2079 1
2079 590 1
591 2077 1
2077 591 1
592 593 1
593 592 1
593 2079 1
2079 593 1
594 595 1
595 594 1
594 596 1
596 594 1
594 597 1
597 594 1
594 600 1
600 594 1
594 1570 1
1570 594 1
595 601 1
601 595 1
595 2088 1
2088 595 1
596 2085 1
2085 596 1
596 2086 1
2086 596 1
597 598 1
598 597 1
597 599 1
599 597 1
597 600 1
600 597 1
597 1570 1
1570 597 1
598 614 1
614 598 1
598 2095 1
2095 598 1
599 2085 1
2085 599 1
599 2090 1
2090 599 1
600 601 1
601 600 1
600 602 1
602 600 1
600 1570 1
1570 600 1
601 602 1
602 601 1
602 2095 1
2095 602 1
603 604 1
604 603 1
603 605 1
605 603 1
603 606 1
606 603 1
603 611 1
611 603 1
603 1569 1
1569 603 1
604 608 1
608 604 1
604 2094 1
2094 604 1
605 2094 1
2094 605 1
605 2099 1
2099 605 1
606 607 1
607 606 1
606 608 1
608 606 1
606 609 1
609 606 1
606 1569 1
1569 606 1
607 610 1
610 607 1
607 2091 1
2091 607 1
608 2091 1
2091 608 1
609 610 1
610 609 1
609 611 1
611 609 1
609 1569 1
1569 609 1
610 2724 1
2724 610 1
611 612 1
612 611 1
611 1569 1
1569 611 1
612 1762 1
1762 612 1
612 2099 1
2099 612 1
613 614 1
614 613 1
613 615 1
615 613 1
613 621 1
621 613 1
613 1568 1
1568 613 1
614 616 1
616 614 1
615 616 1
616 615 1
615 617 1
617 615 1
615 618 1
618 615 1
615 1568 1
1568 615 1
616 2090 1
2090 616 1
617 2090 1
2090 617 1
617 2096 1
2096 617 1
618 619 1
619 618 1
618 620 1
620 618 1
618 621 1
621 618 1
618 1568 1
1568 618 1
619 2097 1
2097 619 1
619 2098 1
2098 619 1
620 2096 1
2096 620 1
620 2098 1
2098 620 1
621 622 1
622 621 1
621 1568 1
1568 621 1
622 2095 1
2095 622 1
622 2097 1
2097 622 1
623 624 1
624 623 1
623 625 1
625 623 1
623 628 1
628 623 1
623 1566 1
1566 623 1
623 1567 1
1567 623 1
624 3552 1
3552 624 1
624 3555 1
3555 624 1
625 1867 1
1867 625 1
625 2517 1
2517 625 1
626 627 1
627 626 1
626 628 1
628 626 1
626 1567 1
1567 626 1
627 2107 1
2107 627 1
627 2113 1
2113 627 1
628 629 1
629 628 1
628 1566 1
1566 628 1
629 653 1
653 629 1
629 2106 1
2106 629 1
630 631 1
631 630 1
630 632 1
632 630 1
630 637 1
637 630 1
630 1565 1
1565 630 1
630 1891 1
1891 630 1
631 634 1
634 631 1
631 1890 1
1890 631 1
632 633 1
633 632 1
632 634 1
634 632 1
632 635 1
635 632 1
632 1565 1
1565 632 1
633 636 1
636 633 1
633 2104 1
2104 633 1
634 2100 1
2100 634 1
635 636 1
636 635 1
635 637 1
637 635 1
635 1565 1
1565 635 1
635 1892 1
1892 635 1
636 1893 1
1893 636 1
637 638 1
638 637 1
637 1565 1
1565 637 1
637 1891 1
1891 637 1
637 1892 1
1892 637 1
638 2101 1
2101 638 1
638 2102 1
2102 638 1
639 640 1
640 639 1
639 641 1
641 639 1
639 642 1
642 639 1
639 648 1
648 639 1
639 1564 1
1564 639 1
640 644 1
644 640 1
640 2108 1
2108 640 1
641 650 1
650 641 1
641 2108 1
2108 641 1
642 643 1
643 642 1
642 644 1
644 642 1
642 645 1
645 642 1
642 1564 1
1564 642 1
643 644 1
644 643 1
643 647 1
647 643 1
645 646 1
646 645 1
645 647 1
647 645 1
645 648 1
648 645 1
645 1564 1
1564 645 1
645 1894 1
1894 645 1
646 676 1
676 646 1
646 2115 1
2115 646 1
647 2109 1
2109 647 1
648 649 1
649 648 1
648 650 1
650 648 1
648 1564 1
1564 648 1
648 1894 1
1894 648 1
649 1895 1
1895 649 1
649 2121 1
2121 649 1
650 2121 1
2121 650 1
651 652 1
652 651 1
651 653 1
653 651 1
651 654 1
654 651 1
651 660 1
660 651 1
651 1563 1
1563 651 1
652 655 1
655 652 1
652 2107 1
2107 652 1
653 2107 1
2107 653 1
654 655 1
655 654 1
654 656 1
656 654 1
654 1563 1
1563 654 1
655 658 1
658 655 1
656 657 1
657 656 1
656 658 1
658 656 1
656 659 1
659 656 1
656 660 1
660 656 1
656 1563 1
1563 656 1
657 2111 1
2111 657 1
657 2112 1
2112 657 1
658 2112 1
2112 658 1
659 661 1
661 659 1
659 2111 1
2111 659 1
660 661 1
661 660 1
660 1563 1
1563 660 1
661 2110 1
2110 661 1
662 663 1
663 662 1
662 664 1
664 662 1
662 670 1
670 662 1
662 1562 1
1562 662 1
663 666 1
666 663 1
663 672 1
672 663 1
664 665 1
665 664 1
664 666 1
666 664 1
664 667 1
667 664 1
664 1562 1
1562 664 1
665 666 1
666 665 1
665 669 1
669 665 1
667 668 1
668 667 1
667 669 1
669 667 1
667 670 1
670 667 1
667 1562 1
1562 667 1
668 2118 1
2118 668 1
668 2126 1
2126 668 1
669 2118 1
2118 669 1
670 671 1
671 670 1
670 672 1
672 670 1
670 1562 1
1562 670 1
671 2117 1
2117 671 1
671 2126 1
2126 671 1
672 2117 1
2117 672 1
673 674 1
674 673 1
673 675 1
675 673 1
673 676 1
676 673 1
673 677 1
677 673 1
673 681 1
681 673 1
673 1561 1
1561 673 1
674 682 1
682 674 1
674 2116 1
2116 674 1
675 678 1
678 675 1
675 2119 1
2119 675 1
676 2109 1
2109 676 1
677 678 1
678 677 1
677 679 1
679 677 1
677 1561 1
1561 677 1
678 2120 1
2120 678 1
679 680 1
680 679 1
679 681 1
681 679 1
679 1561 1
1561 679 1
680 682 1
682 680 1
680 3616 1
3616 680 1
681 682 1
682 681 1
681 1561 1
1561 681 1
683 684 1
684 683 1
683 685 1
685 683 1
683 686 1
686 683 1
683 690 1
690 683 1
683 1560 1
1560 683 1
684 2124 1
2124 684 1
684 2796 1
2796 684 1
685 691 1
691 685 1
685 2124 1
2124 685 1
686 687 1
687 686 1
686 688 1
688 686 1
687 689 1
689 687 1
687 1713 1
1713 687 1
688 689 1
689 688 1
688 690 1
690 688 1
688 1560 1
1560 688 1
689 2131 1
2131 689 1
690 691 1
691 690 1
690 1560 1
1560 690 1
691 2125 1
2125 691 1
692 693 1
693 692 1
692 694 1
694 692 1
692 700 1
700 692 1
692 1559 1
1559 692 1
692 1897 1
1897 692 1
693 1896 1
1896 693 1
693 2127 1
2127 693 1
694 695 1
695 694 1
694 696 1
696 694 1
694 697 1
697 694 1
694 1559 1
1559 694 1
695 699 1
699 695 1
695 2133 1
2133 695 1
696 2127 1
2127 696 1
696 2128 1
2128 696 1
697 698 1
698 697 1
697 699 1
699 697 1
697 700 1
700 697 1
697 1559 1
1559 697 1
698 701 1
701 698 1
698 2130 1
2130 698 1
699 2130 1
2130 699 1
700 701 1
701 700 1
700 1559 1
1559 700 1
700 1897 1
1897 700 1
701 2129 1
2129 701 1
702 703 1
703 702 1
702 704 1
704 702 1
702 709 1
709 702 1
702 1558 1
1558 702 1
703 711 1
711 703 1
703 1664 1
1664 703 1
704 705 1
705 704 1
704 706 1
706 704 1
704 1558 1
1558 704 1
705 708 1
708 705 1
705 2134 1
2134 705 1
706 707 1
707 706 1
706 708 1
708 706 1
706 709 1
709 706 1
706 1558 1
1558 706 1
706 1898 1
1898 706 1
707 2135 1
2135 707 1
707 2140 1
2140 707 1
708 2135 1
2135 708 1
709 710 1
710 709 1
709 711 1
711 709 1
709 1558 1
1558 709 1
709 1898 1
1898 709 1
710 1899 1
1899 710 1
710 2132 1
2132 710 1
711 2132 1
2132 711 1
712 713 1
713 712 1
712 714 1
714 712 1
712 720 1
720 712 1
712 1557 1
1557 712 1
713 716 1
716 713 1
713 721 1
721 713 1
714 715 1
715 714 1
714 716 1
716 714 1
714 717 1
717 714 1
714 1557 1
1557 714 1
715 719 1
719 715 1
715 2136 1
2136 715 1
716 2136 1
2136 716 1
717 718 1
718 717 1
717 719 1
719 717 1
717 720 1
720 717 1
717 1557 1
1557 717 1
717 1900 1
1900 717 1
718 2137 1
2137 718 1
718 2143 1
2143 718 1
719 2137 1
2137 719 1
720 721 1
721 720 1
720 722 1
722 720 1
720 1557 1
1557 720 1
720 1900 1
1900 720 1
721 2147 1
2147 721 1
722 1727 1
1727 722 1
722 1901 1
1901 722 1
723 724 1
724 723 1
723 725 1
725 723 1
723 730 1
730 723 1
723 1551 1
1551 723 1
724 731 1
731 724 1
724 2138 1
2138 724 1
725 726 1
726 725 1
725 727 1
727 725 1
725 1551 1
1551 725 1
726 729 1
729 726 1
726 2138 1
2138 726 1
727 728 1
728 727 1
727 729 1
729 727 1
727 730 1
730 727 1
727 1551 1
1551 727 1
728 732 1
732 728 1
729 2139 1
2139 729 1
730 731 1
731 730 1
730 732 1
732 730 1
730 1551 1
1551 730 1
731 2142 1
2142 731 1
732 2142 1
2142 732 1
733 734 1
734 733 1
733 735 1
735 733 1
733 736 1
736 733 1
733 742 1
742 733 1
733 1550 1
1550 733 1
733 1902 1
1902 733 1
734 2144 1
2144 734 1
734 2145 1
2145 734 1
735 1714 1
1714 735 1
735 2144 1
2144 735 1
736 737 1
737 736 1
736 738 1
738 736 1
736 739 1
739 736 1
736 1550 1
1550 736 1
737 741 1
741 737 1
737 1726 1
1726 737 1
738 1714 1
1714 738 1
738 1726 1
1726 738 1
739 740 1
740 739 1
739 741 1
741 739 1
739 742 1
742 739 1
739 1550 1
1550 739 1
740 808 1
808 740 1
740 811 1
811 740 1
741 2151 1
2151 741 1
742 743 1
743 742 1
742 744 1
744 742 1
742 1550 1
1550 742 1
742 1902 1
1902 742 1
743 1903 1
1903 743 1
743 2163 1
2163 743 1
744 808 1
808 744 1
744 2163 1
2163 744 1
745 746 1
746 745 1
745 747 1
747 745 1
745 1549 1
1549 745 1
745 2173 1
2173 745 1
746 798 1
798 746 1
746 804 1
804 746 1
747 748 1
748 747 1
747 749 1
749 747 1
747 1549 1
1549 747 1
748 751 1
751 748 1
748 2168 1
2168 748 1
749 750 1
750 749 1
749 751 1
751 749 1
749 752 1
752 749 1
749 1549 1
1549 749 1
750 754 1
754 750 1
750 2155 1
2155 750 1
751 2155 1
2155 751 1
752 753 1
753 752 1
752 754 1
754 752 1
752 1549 1
1549 752 1
752 2173 1
2173 752 1
753 754 1
754 753 1
753 2156 1
2156 753 1
755 756 1
756 755 1
755 757 1
757 755 1
755 763 1
763 755 1
755 1548 1
1548 755 1
756 759 1
759 756 1
756 2153 1
2153 756 1
757 758 1
758 757 1
757 759 1
759 757 1
757 760 1
760 757 1
757 1548 1
1548 757 1
758 762 1
762 758 1
758 2152 1
2152 758 1
759 2152 1
2152 759 1
760 761 1
761 760 1
760 762 1
762 760 1
760 763 1
763 760 1
760 1548 1
1548 760 1
761 2154 1
2154 761 1
761 2159 1
2159 761 1
762 2154 1
2154 762 1
763 764 1
764 763 1
763 1548 1
1548 763 1
764 780 1
780 764 1
764 2153 1
2153 764 1
765 766 1
766 765 1
765 767 1
767 765 1
765 774 1
774 765 1
765 1547 1
1547 765 1
766 770 1
770 766 1
766 2166 1
2166 766 1
767 768 1
768 767 1
767 769 1
769 767 1
767 770 1
770 767 1
767 771 1
771 767 1
767 1547 1
1547 767 1
768 827 1
827 768 1
768 2170 1
2170 768 1
769 2170 1
2170 769 1
771 772 1
772 771 1
771 773 1
773 771 1
771 774 1
774 771 1
771 1547 1
1547 771 1
772 775 1
775 772 1
772 2183 1
2183 772 1
773 827 1
827 773 1
773 2183 1
2183 773 1
774 775 1
775 774 1
774 776 1
776 774 1
774 1547 1
1547 774 1
775 2167 1
2167 775 1
776 2166 1
2166 776 1
776 2167 1
2167 776 1
777 778 1
778 777 1
777 779 1
779 777 1
777 785 1
785 777 1
777 1546 1
1546 777 1
778 781 1
781 778 1
778 2157 1
2157 778 1
779 780 1
780 779 1
779 781 1
781 779 1
779 782 1
782 779 1
779 1546 1
1546 779 1
779 1906 1
1906 779 1
780 2158 1
2158 780 1
781 2153 1
2153 781 1
782 783 1
783 782 1
782 784 1
784 782 1
782 785 1
785 782 1
782 1546 1
1546 782 1
782 1906 1
1906 782 1
783 834 1
834 783 1
783 2165 1
2165 783 1
784 1907 1
1907 784 1
784 2165 1
2165 784 1
785 786 1
786 785 1
785 1546 1
1546 785 1
786 830 1
830 786 1
786 834 1
834 786 1
787 788 1
788 787 1
787 789 1
789 787 1
787 795 1
795 787 1
787 1545 1
1545 787 1
788 791 1
791 788 1
788 2162 1
2162 788 1
789 790 1
790 789 1
789 791 1
791 789 1
789 792 1
792 789 1
789 1545 1
1545 789 1
790 794 1
794 790 1
790 2174 1
2174 790 1
791 2174 1
2174 791 1
792 793 1
793 792 1
792 794 1
794 792 1
792 795 1
795 792 1
792 1545 1
1545 792 1
793 794 1
794 793 1
793 796 1
796 793 1
795 796 1
796 795 1
795 1545 1
1545 795 1
796 2169 1
2169 796 1
797 798 1
798 797 1
797 799 1
799 797 1
797 803 1
803 797 1
797 1544 1
1544 797 1
798 2173 1
2173 798 1
799 800 1
800 799 1
799 801 1
801 799 1
799 1544 1
1544 799 1
799 1904 1
1904 799 1
800 2156 1
2156 800 1
800 2171 1
2171 800 1
801 802 1
802 801 1
801 803 1
803 801 1
801 1544 1
1544 801 1
801 1904 1
1904 801 1
802 1905 1
1905 802 1
802 3138 1
3138 802 1
803 804 1
804 803 1
803 805 1
805 803 1
803 1544 1
1544 803 1
804 2168 1
2168 804 1
805 2168 1
2168 805 1
805 2182 1
2182 805 1
806 807 1
807 806 1
806 808 1
808 806 1
806 809 1
809 806 1
806 815 1
815 806 1
806 1543 1
1543 806 1
807 816 1
816 807 1
807 2163 1
2163 807 1
809 810 1
810 809 1
809 811 1
811 809 1
809 812 1
812 809 1
809 1543 1
1543 809 1
810 814 1
814 810 1
810 2151 1
2151 810 1
811 2151 1
2151 811 1
812 813 1
813 812 1
812 814 1
814 812 1
812 815 1
815 812 1
812 1543 1
1543 812 1
813 814 1
814 813 1
813 817 1
817 813 1
815 816 1
816 815 1
815 817 1
817 815 1
815 1543 1
1543 815 1
816 817 1
817 816 1
818 819 1
819 818 1
818 820 1
820 818 1
818 1541 1
1541 818 1
818 2176 1
2176 818 1
819 821 1
821 819 1
819 2176 1
2176 819 1
820 821 1
821 820 1
820 822 1
822 820 1
820 1541 1
1541 820 1
821 2179 1
2179 821 1
822 823 1
823 822 1
822 824 1
824 822 1
822 825 1
825 822 1
822 1541 1
1541 822 1
822 1542 1
1542 822 1
823 2183 1
2183 823 1
824 825 1
825 824 1
824 2833 1
2833 824 1
825 2179 1
2179 825 1
826 827 1
827 826 1
826 828 1
828 826 1
826 1541 1
1541 826 1
826 1542 1
1542 826 1
826 2176 1
2176 826 1
828 2161 1
2161 828 1
828 2175 1
2175 828 1
829 830 1
830 829 1
829 831 1
831 829 1
829 832 1
832 829 1
829 838 1
838 829 1
829 1540 1
1540 829 1
830 2157 1
2157 830 1
831 2157 1
2157 831 1
831 2164 1
2164 831 1
832 833 1
833 832 1
832 834 1
834 832 1
832 835 1
835 832 1
832 1540 1
1540 832 1
833 836 1
836 833 1
833 2165 1
2165 833 1
835 836 1
836 835 1
835 837 1
837 835 1
835 838 1
838 835 1
835 1540 1
1540 835 1
836 2178 1
2178 836 1
837 839 1
839 837 1
837 2178 1
2178 837 1
838 839 1
839 838 1
838 1540 1
1540 838 1
839 2177 1
2177 839 1
840 841 1
841 840 1
840 842 1
842 840 1
840 843 1
843 840 1
840 848 1
848 840 1
840 1539 1
1539 840 1
841 2180 1
2180 841 1
841 2181 1
2181 841 1
842 849 1
849 842 1
842 2181 1
2181 842 1
843 844 1
844 843 1
843 845 1
845 843 1
843 846 1
846 843 1
843 1539 1
1539 843 1
844 2180 1
2180 844 1
844 2184 1
2184 844 1
845 2184 1
2184 845 1
845 2187 1
2187 845 1
846 847 1
847 846 1
846 848 1
848 846 1
846 1539 1
1539 846 1
847 1709 1
1709 847 1
847 2187 1
2187 847 1
848 849 1
849 848 1
848 1539 1
1539 848 1
849 1710 1
1710 849 1
850 851 1
851 850 1
850 852 1
852 850 1
850 857 1
857 850 1
850 1538 1
1538 850 1
851 2185 1
2185 851 1
851 2530 1
2530 851 1
852 853 1
853 852 1
852 854 1
854 852 1
852 1538 1
1538 852 1
853 2185 1
2185 853 1
853 2186 1
2186 853 1
854 855 1
855 854 1
854 856 1
856 854 1
854 857 1
857 854 1
854 1538 1
1538 854 1
855 2209 1
2209 855 1
856 2186 1
2186 856 1
856 2190 1
2190 856 1
857 858 1
858 857 1
857 1538 1
1538 857 1
858 2199 1
2199 858 1
858 2530 1
2530 858 1
859 860 1
860 859 1
859 861 1
861 859 1
859 866 1
866 859 1
859 1537 1
1537 859 1
860 863 1
863 860 1
860 2198 1
2198 860 1
861 862 1
862 861 1
861 863 1
863 861 1
861 864 1
864 861 1
861 1537 1
1537 861 1
862 885 1
885 862 1
862 889 1
889 862 1
863 2206 1
2206 863 1
864 865 1
865 864 1
864 866 1
866 864 1
864 1537 1
1537 864 1
864 1912 1
1912 864 1
865 1911 1
1911 865 1
865 2196 1
2196 865 1
866 867 1
867 866 1
866 1537 1
1537 866 1
866 1912 1
1912 866 1
867 2197 1
2197 867 1
867 2198 1
2198 867 1
868 869 1
869 868 1
868 870 1
870 868 1
868 871 1
871 868 1
868 875 1
875 868 1
868 1536 1
1536 868 1
869 872 1
872 869 1
869 2204 1
2204 869 1
870 876 1
876 870 1
870 2207 1
2207 870 1
871 872 1
872 871 1
871 873 1
873 871 1
871 1536 1
1536 871 1
872 900 1
900 872 1
873 874 1
874 873 1
873 875 1
875 873 1
873 1536 1
1536 873 1
873 1910 1
1910 873 1
874 2192 1
2192 874 1
874 2193 1
2193 874 1
875 876 1
876 875 1
875 1536 1
1536 875 1
875 1909 1
1909 875 1
875 1910 1
1910 875 1
876 2194 1
2194 876 1
877 878 1
878 877 1
877 879 1
879 877 1
877 1529 1
1529 877 1
877 1530 1
1530 877 1
878 2189 1
2189 878 1
879 880 1
880 879 1
879 881 1
881 879 1
879 1529 1
1529 879 1
880 883 1
883 880 1
880 2189 1
2189 880 1
881 882 1
882 881 1
881 883 1
883 881 1
881 1529 1
1529 881 1
881 1530 1
1530 881 1
882 1787 1
1787 882 1
883 1787 1
1787 883 1
884 885 1
885 884 1
884 886 1
886 884 1
884 887 1
887 884 1
884 892 1
892 884 1
884 1527 1
1527 884 1
885 2196 1
2196 885 1
886 2196 1
2196 886 1
886 2205 1
2205 886 1
887 888 1
888 887 1
887 889 1
889 887 1
887 890 1
890 887 1
887 1527 1
1527 887 1
888 891 1
891 888 1
888 2206 1
2206 888 1
889 2206 1
2206 889 1
890 891 1
891 890 1
890 892 1
892 890 1
890 1527 1
1527 890 1
891 3118 1
3118 891 1
892 893 1
893 892 1
892 894 1
894 892 1
892 1527 1
1527 892 1
893 894 1
894 893 1
893 2205 1
2205 893 1
894 2220 1
2220 894 1
895 896 1
896 895 1
895 897 1
897 895 1
895 898 1
898 895 1
895 901 1
901 895 1
895 1526 1
1526 895 1
896 900 1
900 896 1
896 2193 1
2193 896 1
897 2193 1
2193 897 1
897 2203 1
2203 897 1
898 899 1
899 898 1
898 900 1
900 898 1
898 901 1
901 898 1
898 1526 1
1526 898 1
899 903 1
903 899 1
899 2204 1
2204 899 1
901 902 1
902 901 1
901 903 1
903 901 1
901 1526 1
1526 901 1
902 903 1
903 902 1
902 2203 1
2203 902 1
904 905 1
905 904 1
904 906 1
906 904 1
904 907 1
907 904 1
904 912 1
912 904 1
904 1525 1
1525 904 1
905 908 1
908 905 1
905 2208 1
2208 905 1
906 913 1
913 906 1
906 2208 1
2208 906 1
907 908 1
908 907 1
907 909 1
909 907 1
907 910 1
910 907 1
907 1525 1
1525 907 1
908 909 1
909 908 1
909 1802 1
1802 909 1
910 911 1
911 910 1
910 912 1
912 910 1
910 1525 1
1525 910 1
911 914 1
914 911 1
911 2215 1
2215 911 1
912 913 1
913 912 1
912 914 1
914 912 1
912 1525 1
1525 912 1
913 918 1
918 913 1
914 2211 1
2211 914 1
915 916 1
916 915 1
915 917 1
917 915 1
915 922 1
922 915 1
915 1524 1
1524 915 1
916 923 1
923 916 1
916 2208 1
2208 916 1
917 918 1
918 917 1
917 919 1
919 917 1
917 1524 1
1524 917 1
918 920 1
920 918 1
919 920 1
920 919 1
919 921 1
921 919 1
919 922 1
922 919 1
919 1524 1
1524 919 1
919 1913 1
1913 919 1
920 2211 1
2211 920 1
921 1914 1
1914 921 1
921 2211 1
2211 921 1
922 923 1
923 922 1
922 924 1
924 922 1
922 1524 1
1524 922 1
922 1913 1
1913 922 1
923 2210 1
2210 923 1
924 936 1
936 924 1
924 938 1
938 924 1
925 926 1
926 925 1
925 927 1
927 925 1
925 928 1
928 925 1
925 932 1
932 925 1
925 1523 1
1523 925 1
926 1799 1
1799 926 1
926 2212 1
2212 926 1
927 2222 1
2222 927 1
927 3401 1
3401 927 1
928 929 1
929 928 1
928 930 1
930 928 1
928 1523 1
1523 928 1
929 931 1
931 929 1
929 2212 1
2212 929 1
930 931 1
931 930 1
930 932 1
932 930 1
930 1523 1
1523 930 1
931 3424 1
3424 931 1
932 933 1
933 932 1
932 934 1
934 932 1
932 1523 1
1523 932 1
933 2228 1
2228 933 1
933 3424 1
3424 933 1
934 2222 1
2222 934 1
934 2228 1
2228 934 1
935 936 1
936 935 1
935 937 1
937 935 1
935 942 1
942 935 1
936 2210 1
2210 936 1
937 938 1
938 937 1
937 939 1
939 937 1
937 940 1
940 937 1
937 1522 1
1522 937 1
938 2217 1
2217 938 1
939 1750 1
1750 939 1
939 2218 1
2218 939 1
940 941 1
941 940 1
940 942 1
942 940 1
940 1522 1
1522 940 1
941 1853 1
1853 941 1
941 3743 1
3743 941 1
942 943 1
943 942 1
942 1522 1
1522 942 1
943 2210 1
2210 943 1
943 2216 1
2216 943 1
944 945 1
945 944 1
944 946 1
946 944 1
944 949 1
949 944 1
944 1521 1
1521 944 1
945 2213 1
2213 945 1
945 2214 1
2214 945 1
946 947 1
947 946 1
946 948 1
948 946 1
946 949 1
949 946 1
946 1521 1
1521 946 1
947 2226 1
2226 947 1
947 3105 1
3105 947 1
948 2213 1
2213 948 1
948 2226 1
2226 948 1
949 950 1
950 949 1
949 1521 1
1521 949 1
950 2224 1
2224 950 1
950 2225 1
2225 950 1
951 952 1
952 951 1
951 953 1
953 951 1
951 954 1
954 951 1
951 955 1
955 951 1
951 956 1
956 951 1
951 960 1
960 951 1
951 1520 1
1520 951 1
952 961 1
961 952 1
952 2229 1
2229 952 1
953 954 1
954 953 1
953 957 1
957 953 1
954 1694 1
1694 954 1
955 1694 1
1694 955 1
955 2229 1
2229 955 1
956 957 1
957 956 1
956 958 1
958 956 1
956 1520 1
1520 956 1
957 2231 1
2231 957 1
958 959 1
959 958 1
958 960 1
960 958 1
958 1520 1
1520 958 1
959 2231 1
2231 959 1
959 2235 1
2235 959 1
960 961 1
961 960 1
960 1520 1
1520 960 1
961 2235 1
2235 961 1
962 963 1
963 962 1
962 964 1
964 962 1
962 969 1
969 962 1
962 1519 1
1519 962 1
963 1691 1
1691 963 1
963 2230 1
2230 963 1
964 965 1
965 964 1
964 966 1
966 964 1
964 967 1
967 964 1
964 1519 1
1519 964 1
965 968 1
968 965 1
965 2236 1
2236 965 1
966 2230 1
2230 966 1
966 2236 1
2236 966 1
967 968 1
968 967 1
967 969 1
969 967 1
967 1519 1
1519 967 1
968 970 1
970 968 1
969 970 1
970 969 1
969 1519 1
1519 969 1
970 1858 1
1858 970 1
971 972 1
972 971 1
971 973 1
973 971 1
971 974 1
974 971 1
971 979 1
979 971 1
971 1514 1
1514 971 1
972 975 1
975 972 1
972 2232 1
2232 972 1
973 981 1
981 973 1
973 2232 1
2232 973 1
974 975 1
975 974 1
974 976 1
976 974 1
974 1514 1
1514 974 1
975 2234 1
2234 975 1
976 977 1
977 976 1
976 978 1
978 976 1
976 979 1
979 976 1
976 1514 1
1514 976 1
977 980 1
980 977 1
977 2244 1
2244 977 1
978 2234 1
2234 978 1
978 2244 1
2244 978 1
979 980 1
980 979 1
979 981 1
981 979 1
979 1514 1
1514 979 1
980 2233 1
2233 980 1
981 2233 1
2233 981 1
982 983 1
983 982 1
982 984 1
984 982 1
982 990 1
990 982 1
982 1513 1
1513 982 1
983 986 1
986 983 1
983 2240 1
2240 983 1
984 985 1
985 984 1
984 986 1
986 984 1
984 987 1
987 984 1
984 1513 1
1513 984 1
985 989 1
989 985 1
985 2243 1
2243 985 1
986 2243 1
2243 986 1
987 988 1
988 987 1
987 989 1
989 987 1
987 990 1
990 987 1
987 1513 1
1513 987 1
987 1915 1
1915 987 1
988 1013 1
1013 988 1
988 1016 1
1016 988 1
989 2245 1
2245 989 1
990 991 1
991 990 1
990 1513 1
1513 990 1
990 1915 1
1915 990 1
991 2240 1
2240 991 1
991 2241 1
2241 991 1
992 993 1
993 992 1
992 994 1
994 992 1
992 995 1
995 992 1
992 1002 1
1002 992 1
992 1512 1
1512 992 1
993 997 1
997 993 1
993 2237 1
2237 993 1
994 1004 1
1004 994 1
994 2237 1
2237 994 1
995 996 1
996 995 1
995 997 1
997 995 1
995 998 1
998 995 1
995 1512 1
1512 995 1
996 999 1
999 996 1
996 2239 1
2239 996 1
997 2239 1
2239 997 1
998 999 1
999 998 1
998 1000 1
1000 998 1
998 1512 1
1512 998 1
998 1917 1
1917 998 1
999 2246 1
2246 999 1
1000 1001 1
1001 1000 1
1000 1002 1
1002 1000 1
1000 1512 1
1512 1000 1
1000 1917 1
1917 1000 1
1001 1003 1
1003 1001 1
1001 1918 1
1918 1001 1
1002 1003 1
1003 1002 1
1002 1004 1
1004 1002 1
1002 1512 1
1512 1002 1
1003 2253 1
2253 1003 1
1004 2238 1
2238 1004 1
1005 1006 1
1006 1005 1
1005 1007 1
1007 1005 1
1005 1509 1
1509 1005 1
1005 2248 1
2248 1005 1
1006 2687 1
2687 1006 1
1006 3144 1
3144 1006 1
1007 1008 1
1008 1007 1
1007 1509 1
1509 1007 1
1007 2249 1
2249 1007 1
1008 2268 1
2268 1008 1
1008 2269 1
2269 1008 1
1009 1010 1
1010 1009 1
1009 1011 1
1011 1009 1
1009 1012 1
1012 1009 1
1009 1018 1
1018 1009 1
1009 1498 1
1498 1009 1
1010 1011 1
1011 1010 1
1010 1014 1
1014 1010 1
1011 1019 1
1019 1011 1
1012 1013 1
1013 1012 1
1012 1014 1
1014 1012 1
1012 1015 1
1015 1012 1
1012 1498 1
1498 1012 1
1013 1916 1
1916 1013 1
1014 2242 1
2242 1014 1
1015 1016 1
1016 1015 1
1015 1017 1
1017 1015 1
1015 1018 1
1018 1015 1
1015 1498 1
1498 1015 1
1016 2245 1
2245 1016 1
1017 1020 1
1020 1017 1
1017 1829 1
1829 1017 1
1018 1019 1
1019 1018 1
1018 1020 1
1020 1018 1
1018 1498 1
1498 1018 1
1019 2258 1
2258 1019 1
1020 2258 1
2258 1020 1
1021 1022 1
1022 1021 1
1021 1023 1
1023 1021 1
1021 1024 1
1024 1021 1
1021 1027 1
1027 1021 1
1021 1496 1
1496 1021 1
1021 1497 1
1497 1021 1
1022 2244 1
2244 1022 1
1022 2254 1
2254 1022 1
1023 2282 1
2282 1023 1
1023 2283 1
2283 1023 1
1024 1028 1
1028 1024 1
1024 2282 1
2282 1024 1
1025 1026 1
1026 1025 1
1025 1027 1
1027 1025 1
1025 1496 1
1496 1025 1
1025 1497 1
1497 1025 1
1026 1028 1
1028 1026 1
1026 2947 1
2947 1026 1
1027 1028 1
1028 1027 1
1027 1496 1
1496 1027 1
1029 1030 1
1030 1029 1
1029 1031 1
1031 1029 1
1029 1032 1
1032 1029 1
1029 1038 1
1038 1029 1
1029 1495 1
1495 1029 1
1030 1034 1
1034 1030 1
1030 2251 1
2251 1030 1
1031 1039 1
1039 1031 1
1031 2251 1
2251 1031 1
1032 1033 1
1033 1032 1
1032 1034 1
1034 1032 1
1032 1035 1
1035 1032 1
1032 1495 1
1495 1032 1
1033 1034 1
1034 1033 1
1033 1036 1
1036 1033 1
1035 1036 1
1036 1035 1
1035 1037 1
1037 1035 1
1035 1038 1
1038 1035 1
1035 1495 1
1495 1035 1
1036 1843 1
1843 1036 1
1037 1040 1
1040 1037 1
1037 2644 1
2644 1037 1
1038 1039 1
1039 1038 1
1038 1040 1
1040 1038 1
1038 1495 1
1495 1038 1
1039 2252 1
2252 1039 1
1040 2252 1
2252 1040 1
1041 1042 1
1042 1041 1
1041 1043 1
1043 1041 1
1041 1048 1
1048 1041 1
1041 1494 1
1494 1041 1
1041 1919 1
1919 1041 1
1042 2259 1
2259 1042 1
1042 2260 1
2260 1042 1
1043 1044 1
1044 1043 1
1043 1045 1
1045 1043 1
1043 1494 1
1494 1043 1
1044 1047 1
1047 1044 1
1044 2259 1
2259 1044 1
1045 1046 1
1046 1045 1
1045 1047 1
1047 1045 1
1045 1048 1
1048 1045 1
1045 1494 1
1494 1045 1
1046 1049 1
1049 1046 1
1046 2261 1
2261 1046 1
1047 2261 1
2261 1047 1
1048 1049 1
1049 1048 1
1048 1050 1
1050 1048 1
1048 1494 1
1494 1048 1
1048 1919 1
1919 1048 1
1049 2265 1
2265 1049 1
1050 1920 1
1920 1050 1
1050 2265 1
2265 1050 1
1051 1052 1
1052 1051 1
1051 1053 1
1053 1051 1
1051 1493 1
1493 1051 1
1051 2257 1
2257 1051 1
1052 2257 1
2257 1052 1
1052 2266 1
2266 1052 1
1053 1054 1
1054 1053 1
1053 1055 1
1055 1053 1
1053 1056 1
1056 1053 1
1053 1493 1
1493 1053 1
1054 1055 1
1055 1054 1
1054 1057 1
1057 1054 1
1055 2266 1
2266 1055 1
1056 1057 1
1057 1056 1
1056 1058 1
1058 1056 1
1056 1493 1
1493 1056 1
1057 2304 1
2304 1057 1
1058 1059 1
1059 1058 1
1058 1493 1
1493 1058 1
1058 2257 1
2257 1058 1
1059 2256 1
2256 1059 1
1059 2257 1
2257 1059 1
1060 1061 1
1061 1060 1
1060 1062 1
1062 1060 1
1060 1063 1
1063 1060 1
1060 1068 1
1068 1060 1
1060 1492 1
1492 1060 1
1060 1921 1
1921 1060 1
1061 1922 1
1922 1061 1
1061 2271 1
2271 1061 1
1062 1069 1
1069 1062 1
1062 2271 1
2271 1062 1
1063 1064 1
1064 1063 1
1063 1065 1
1065 1063 1
1063 1066 1
1066 1063 1
1063 1492 1
1492 1063 1
1063 1921 1
1921 1063 1
1064 1067 1
1067 1064 1
1064 2262 1
2262 1064 1
1065 2262 1
2262 1065 1
1065 2263 1
2263 1065 1
1066 1067 1
1067 1066 1
1066 1068 1
1068 1066 1
1066 1492 1
1492 1066 1
1067 2270 1
2270 1067 1
1068 1069 1
1069 1068 1
1069 2270 1
2270 1069 1
1070 1071 1
1071 1070 1
1070 1072 1
1072 1070 1
1070 1073 1
1073 1070 1
1070 1077 1
1077 1070 1
1070 1491 1
1491 1070 1
1070 1923 1
1923 1070 1
1071 2274 1
2274 1071 1
1071 2277 1
2277 1071 1
1072 2273 1
2273 1072 1
1072 2274 1
2274 1072 1
1073 1074 1
1074 1073 1
1073 1075 1
1075 1073 1
1073 1491 1
1491 1073 1
1074 2272 1
2272 1074 1
1074 2273 1
2273 1074 1
1075 1076 1
1076 1075 1
1075 1077 1
1077 1075 1
1075 1491 1
1491 1075 1
1076 1079 1
1079 1076 1
1076 2272 1
2272 1076 1
1077 1078 1
1078 1077 1
1077 1079 1
1079 1077 1
1077 1491 1
1491 1077 1
1077 1923 1
1923 1077 1
1078 1079 1
1079 1078 1
1078 1924 1
1924 1078 1
1080 1081 1
1081 1080 1
1080 1082 1
1082 1080 1
1080 1083 1
1083 1080 1
1080 1089 1
1089 1080 1
1081 2275 1
2275 1081 1
1081 2276 1
2276 1081 1
1082 1090 1
1090 1082 1
1082 2276 1
2276 1082 1
1083 1084 1
1084 1083 1
1083 1085 1
1085 1083 1
1083 1489 1
1489 1083 1
1083 1926 1
1926 1083 1
1084 1925 1
1925 1084 1
1084 2279 1
2279 1084 1
1085 1086 1
1086 1085 1
1085 1489 1
1489 1085 1
1085 1490 1
1490 1085 1
1085 1926 1
1926 1085 1
1086 1094 1
1094 1086 1
1086 2281 1
2281 1086 1
1087 1088 1
1088 1087 1
1087 1089 1
1089 1087 1
1087 1490 1
1490 1087 1
1088 1092 1
1092 1088 1
1088 2288 1
2288 1088 1
1089 1090 1
1090 1089 1
1090 2288 1
2288 1090 1
1091 1092 1
1092 1091 1
1091 1093 1
1093 1091 1
1091 1099 1
1099 1091 1
1091 1488 1
1488 1091 1
1092 1094 1
1094 1092 1
1093 1094 1
1094 1093 1
1093 1095 1
1095 1093 1
1093 1096 1
1096 1093 1
1093 1488 1
1488 1093 1
1095 1098 1
1098 1095 1
1095 2281 1
2281 1095 1
1096 1097 1
1097 1096 1
1096 1098 1
1098 1096 1
1096 1099 1
1099 1096 1
1096 1488 1
1488 1096 1
1097 1098 1
1098 1097 1
1097 2289 1
2289 1097 1
1099 1100 1
1100 1099 1
1099 1101 1
1101 1099 1
1099 1488 1
1488 1099 1
1100 2288 1
2288 1100 1
1100 2295 1
2295 1100 1
1101 2289 1
2289 1101 1
1101 2295 1
2295 1101 1
1102 1103 1
1103 1102 1
1102 1104 1
1104 1102 1
1102 1108 1
1108 1102 1
1102 1482 1
1482 1102 1
1102 1927 1
1927 1102 1
1103 2293 1
2293 1103 1
1103 2294 1
2294 1103 1
1104 1105 1
1105 1104 1
1104 1106 1
1106 1104 1
1104 1482 1
1482 1104 1
1105 1107 1
1107 1105 1
1105 2294 1
2294 1105 1
1106 1107 1
1107 1106 1
1106 1108 1
1108 1106 1
1106 1482 1
1482 1106 1
1107 1109 1
1109 1107 1
1108 1109 1
1109 1108 1
1108 1482 1
1482 1108 1
1108 1927 1
1927 1108 1
1109 2298 1
2298 1109 1
1110 1111 1
1111 1110 1
1110 1112 1
1112 1110 1
1110 1113 1
1113 1110 1
1110 1114 1
1114 1110 1
1110 1119 1
1119 1110 1
1110 1476 1
1476 1110 1
1111 1125 1
1125 1111 1
1111 1130 1
1130 1111 1
1112 1113 1
1113 1112 1
1112 1115 1
1115 1112 1
1113 2296 1
2296 1113 1
1114 1115 1
1115 1114 1
1114 1116 1
1116 1114 1
1114 1476 1
1476 1114 1
1115 1118 1
1118 1115 1
1116 1117 1
1117 1116 1
1116 1118 1
1118 1116 1
1116 1119 1
1119 1116 1
1116 1476 1
1476 1116 1
1117 1155 1
1155 1117 1
1117 2297 1
2297 1117 1
1118 2297 1
2297 1118 1
1119 1120 1
1120 1119 1
1119 1476 1
1476 1119 1
1120 1129 1
1129 1120 1
1120 1130 1
1130 1120 1
1121 1122 1
1122 1121 1
1121 1123 1
1123 1121 1
1121 1124 1
1124 1121 1
1121 1131 1
1131 1121 1
1121 1475 1
1475 1121 1
1122 2284 1
2284 1122 1
1122 2296 1
2296 1122 1
1123 1729 1
1729 1123 1
1123 2284 1
2284 1123 1
1124 1125 1
1125 1124 1
1124 1126 1
1126 1124 1
1124 1475 1
1475 1124 1
1125 2296 1
2296 1125 1
1126 1127 1
1127 1126 1
1126 1128 1
1128 1126 1
1126 1129 1
1129 1126 1
1126 1130 1
1130 1126 1
1126 1131 1
1131 1126 1
1126 1475 1
1475 1126 1
1127 1128 1
1128 1127 1
1127 1132 1
1132 1127 1
1128 1827 1
1827 1128 1
1129 2323 1
2323 1129 1
1131 1132 1
1132 1131 1
1131 1475 1
1475 1131 1
1132 1730 1
1730 1132 1
1133 1134 1
1134 1133 1
1133 1135 1
1135 1133 1
1133 1136 1
1136 1133 1
1133 1143 1
1143 1133 1
1133 1470 1
1470 1133 1
1134 1138 1
1138 1134 1
1134 2299 1
2299 1134 1
1135 2300 1
2300 1135 1
1135 2301 1
2301 1135 1
1136 1137 1
1137 1136 1
1136 1138 1
1138 1136 1
1136 1139 1
1139 1136 1
1136 1470 1
1470 1136 1
1137 1140 1
1140 1137 1
1137 2307 1
2307 1137 1
1138 2307 1
2307 1138 1
1139 1140 1
1140 1139 1
1139 1141 1
1141 1139 1
1139 1142 1
1142 1139 1
1139 1143 1
1143 1139 1
1139 1470 1
1470 1139 1
1140 1669 1
1669 1140 1
1141 1144 1
1144 1141 1
1141 2314 1
2314 1141 1
1142 1669 1
1669 1142 1
1142 1670 1
1670 1142 1
1143 1144 1
1144 1143 1
1143 1470 1
1470 1143 1
1144 2313 1
2313 1144 1
1145 1146 1
1146 1145 1
1145 1147 1
1147 1145 1
1145 1151 1
1151 1145 1
1145 1465 1
1465 1145 1
1145 1930 1
1930 1145 1
1145 1932 1
1932 1145 1
1146 1929 1
1929 1146 1
1146 1931 1
1931 1146 1
1147 1148 1
1148 1147 1
1147 1149 1
1149 1147 1
1147 1465 1
1465 1147 1
1147 1930 1
1930 1147 1
1148 2305 1
2305 1148 1
1148 2306 1
2306 1148 1
1149 1150 1
1150 1149 1
1149 1151 1
1151 1149 1
1149 1465 1
1465 1149 1
1150 2306 1
2306 1150 1
1150 2318 1
2318 1150 1
1151 1152 1
1152 1151 1
1151 1465 1
1465 1151 1
1151 1932 1
1932 1151 1
1152 2316 1
2316 1152 1
1152 2318 1
2318 1152 1
1153 1154 1
1154 1153 1
1153 1155 1
1155 1153 1
1153 1156 1
1156 1153 1
1153 1162 1
1162 1153 1
1153 1454 1
1454 1153 1
1154 1158 1
1158 1154 1
1154 2297 1
2297 1154 1
1155 2309 1
2309 1155 1
1156 1157 1
1157 1156 1
1156 1158 1
1158 1156 1
1156 1159 1
1159 1156 1
1156 1454 1
1454 1156 1
1157 1180 1
1180 1157 1
1157 2310 1
2310 1157 1
1158 2310 1
2310 1158 1
1159 1160 1
1160 1159 1
1159 1161 1
1161 1159 1
1159 1162 1
1162 1159 1
1159 1454 1
1454 1159 1
1160 1163 1
1163 1160 1
1160 2327 1
2327 1160 1
1161 1176 1
1176 1161 1
1161 2327 1
2327 1161 1
1162 1163 1
1163 1162 1
1162 1164 1
1164 1162 1
1162 1454 1
1454 1162 1
1163 3387 1
3387 1163 1
1164 2309 1
2309 1164 1
1164 3387 1
3387 1164 1
1165 1166 1
1166 1165 1
1165 1167 1
1167 1165 1
1165 1168 1
1168 1165 1
1165 1173 1
1173 1165 1
1165 1453 1
1453 1165 1
1166 1174 1
1174 1166 1
1166 2328 1
2328 1166 1
1167 1169 1
1169 1167 1
1167 2331 1
2331 1167 1
1168 1169 1
1169 1168 1
1168 1170 1
1170 1168 1
1168 1453 1
1453 1168 1
1169 1172 1
1172 1169 1
1170 1171 1
1171 1170 1
1170 1172 1
1172 1170 1
1170 1173 1
1173 1170 1
1170 1453 1
1453 1170 1
1170 1935 1
1935 1170 1
1171 1936 1
1936 1171 1
1171 2332 1
2332 1171 1
1172 2332 1
2332 1172 1
1173 1174 1
1174 1173 1
1173 1453 1
1453 1173 1
1173 1935 1
1935 1173 1
1174 2342 1
2342 1174 1
1175 1176 1
1176 1175 1
1175 1177 1
1177 1175 1
1175 1184 1
1184 1175 1
1175 1452 1
1452 1175 1
1176 1180 1
1180 1176 1
1177 1178 1
1178 1177 1
1177 1179 1
1179 1177 1
1177 1180 1
1180 1177 1
1177 1181 1
1181 1177 1
1177 1452 1
1452 1177 1
1178 1183 1
1183 1178 1
1178 2330 1
2330 1178 1
1179 2329 1
2329 1179 1
1179 2330 1
2330 1179 1
1181 1182 1
1182 1181 1
1181 1183 1
1183 1181 1
1181 1184 1
1184 1181 1
1181 1452 1
1452 1181 1
1182 1185 1
1185 1182 1
1182 2340 1
2340 1182 1
1183 2340 1
2340 1183 1
1184 1185 1
1185 1184 1
1184 1452 1
1452 1184 1
1185 2327 1
2327 1185 1
1186 1187 1
1187 1186 1
1186 1188 1
1188 1186 1
1186 1193 1
1193 1186 1
1186 1451 1
1451 1186 1
1187 1194 1
1194 1187 1
1188 1189 1
1189 1188 1
1188 1190 1
1190 1188 1
1188 1451 1
1451 1188 1
1188 1934 1
1934 1188 1
1189 1933 1
1933 1189 1
1190 1191 1
1191 1190 1
1190 1192 1
1192 1190 1
1190 1193 1
1193 1190 1
1190 1451 1
1451 1190 1
1190 1934 1
1934 1190 1
1191 1195 1
1195 1191 1
1191 1209 1
1209 1191 1
1192 2337 1
2337 1192 1
1192 2338 1
2338 1192 1
1193 1194 1
1194 1193 1
1193 1195 1
1195 1193 1
1193 1451 1
1451 1193 1
1194 2334 1
2334 1194 1
1195 2343 1
2343 1195 1
1196 1197 1
1197 1196 1
1196 1198 1
1198 1196 1
1196 1199 1
1199 1196 1
1196 1204 1
1204 1196 1
1196 1450 1
1450 1196 1
1197 1205 1
1205 1197 1
1197 1676 1
1676 1197 1
1198 2335 1
2335 1198 1
1198 2336 1
2336 1198 1
1199 1200 1
1200 1199 1
1199 1201 1
1201 1199 1
1199 1450 1
1450 1199 1
1200 1203 1
1203 1200 1
1200 2339 1
2339 1200 1
1201 1202 1
1202 1201 1
1201 1203 1
1203 1201 1
1201 1204 1
1204 1201 1
1201 1450 1
1450 1201 1
1202 1823 1
1823 1202 1
1202 2346 1
2346 1202 1
1203 1823 1
1823 1203 1
1204 1205 1
1205 1204 1
1204 1450 1
1450 1204 1
1205 2346 1
2346 1205 1
1206 1207 1
1207 1206 1
1206 1208 1
1208 1206 1
1206 1209 1
1209 1206 1
1206 1210 1
1210 1206 1
1206 1217 1
1217 1206 1
1206 1449 1
1449 1206 1
1207 1218 1
1218 1207 1
1207 2345 1
2345 1207 1
1208 1213 1
1213 1208 1
1208 2338 1
2338 1208 1
1209 2338 1
2338 1209 1
1210 1211 1
1211 1210 1
1210 1212 1
1212 1210 1
1210 1213 1
1213 1210 1
1210 1214 1
1214 1210 1
1210 1449 1
1449 1210 1
1211 1216 1
1216 1211 1
1211 2350 1
2350 1211 1
1212 2344 1
2344 1212 1
1212 2350 1
2350 1212 1
1213 2344 1
2344 1213 1
1214 1215 1
1215 1214 1
1214 1216 1
1216 1214 1
1214 1217 1
1217 1214 1
1214 1449 1
1449 1214 1
1215 1219 1
1219 1215 1
1215 2354 1
2354 1215 1
1216 2354 1
2354 1216 1
1217 1218 1
1218 1217 1
1217 1219 1
1219 1217 1
1217 1449 1
1449 1217 1
1218 1219 1
1219 1218 1
1220 1221 1
1221 1220 1
1220 1222 1
1222 1220 1
1220 1223 1
1223 1220 1
1220 1447 1
1447 1220 1
1220 1448 1
1448 1220 1
1221 1222 1
1222 1221 1
1221 1225 1
1225 1221 1
1223 1224 1
1224 1223 1
1223 1225 1
1225 1223 1
1223 1226 1
1226 1223 1
1223 1447 1
1447 1223 1
1224 1227 1
1227 1224 1
1224 2356 1
2356 1224 1
1225 1686 1
1686 1225 1
1226 1227 1
1227 1226 1
1226 1447 1
1447 1226 1
1226 1448 1
1448 1226 1
1227 3873 1
3873 1227 1
1228 1229 1
1229 1228 1
1228 1230 1
1230 1228 1
1228 1235 1
1235 1228 1
1228 1446 1
1446 1228 1
1229 2347 1
2347 1229 1
1229 2348 1
2348 1229 1
1230 1231 1
1231 1230 1
1230 1232 1
1232 1230 1
1230 1446 1
1446 1230 1
1231 1234 1
1234 1231 1
1231 2347 1
2347 1231 1
1232 1233 1
1233 1232 1
1232 1234 1
1234 1232 1
1232 1235 1
1235 1232 1
1232 1446 1
1446 1232 1
1232 1937 1
1937 1232 1
1233 2349 1
2349 1233 1
1233 2355 1
2355 1233 1
1234 2349 1
2349 1234 1
1235 1236 1
1236 1235 1
1235 1446 1
1446 1235 1
1235 1937 1
1937 1235 1
1236 1807 1
1807 1236 1
1236 1938 1
1938 1236 1
1237 1238 1
1238 1237 1
1237 1239 1
1239 1237 1
1237 1240 1
1240 1237 1
1237 1244 1
1244 1237 1
1237 1443 1
1443 1237 1
1238 1239 1
1239 1238 1
1238 1241 1
1241 1238 1
1239 2352 1
2352 1239 1
1240 1241 1
1241 1240 1
1240 1242 1
1242 1240 1
1240 1443 1
1443 1240 1
1241 1243 1
1243 1241 1
1242 1243 1
1243 1242 1
1242 1244 1
1244 1242 1
1242 1443 1
1443 1242 1
1242 1939 1
1939 1242 1
1243 2360 1
2360 1243 1
1244 1245 1
1245 1244 1
1244 1443 1
1443 1244 1
1244 1939 1
1939 1244 1
1245 2352 1
2352 1245 1
1245 2353 1
2353 1245 1
1246 1247 1
1247 1246 1
1246 1248 1
1248 1246 1
1246 1249 1
1249 1246 1
1246 1254 1
1254 1246 1
1246 1437 1
1437 1246 1
1247 2372 1
2372 1247 1
1247 2646 1
2646 1247 1
1248 1705 1
1705 1248 1
1248 1706 1
1706 1248 1
1249 1250 1
1250 1249 1
1249 1251 1
1251 1249 1
1249 1437 1
1437 1249 1
1250 1253 1
1253 1250 1
1250 2361 1
2361 1250 1
1251 1252 1
1252 1251 1
1251 1253 1
1253 1251 1
1251 1254 1
1254 1251 1
1252 1256 1
1256 1252 1
1252 2362 1
2362 1252 1
1253 2362 1
2362 1253 1
1254 1255 1
1255 1254 1
1254 1256 1
1256 1254 1
1254 1437 1
1437 1254 1
1255 1256 1
1256 1255 1
1255 2377 1
2377 1255 1
1257 1258 1
1258 1257 1
1257 1259 1
1259 1257 1
1257 1260 1
1260 1257 1
1257 1264 1
1264 1257 1
1257 1436 1
1436 1257 1
1258 1265 1
1265 1258 1
1258 2884 1
2884 1258 1
1259 2365 1
2365 1259 1
1260 1261 1
1261 1260 1
1260 1262 1
1262 1260 1
1260 1436 1
1436 1260 1
1261 1263 1
1263 1261 1
1261 2365 1
2365 1261 1
1262 1263 1
1263 1262 1
1262 1264 1
1264 1262 1
1262 1436 1
1436 1262 1
1263 2516 1
2516 1263 1
1264 1265 1
1265 1264 1
1264 1436 1
1436 1264 1
1266 1267 1
1267 1266 1
1266 1268 1
1268 1266 1
1266 1274 1
1274 1266 1
1266 1435 1
1435 1266 1
1267 1270 1
1270 1267 1
1267 2358 1
2358 1267 1
1268 1269 1
1269 1268 1
1268 1270 1
1270 1268 1
1268 1271 1
1271 1268 1
1268 1435 1
1435 1268 1
1269 1299 1
1299 1269 1
1269 2359 1
2359 1269 1
1270 2359 1
2359 1270 1
1271 1272 1
1272 1271 1
1271 1273 1
1273 1271 1
1271 1274 1
1274 1271 1
1271 1435 1
1435 1271 1
1272 1275 1
1275 1272 1
1273 1299 1
1299 1273 1
1273 1307 1
1307 1273 1
1274 1275 1
1275 1274 1
1274 1435 1
1435 1274 1
1275 3165 1
3165 1275 1
1276 1277 1
1277 1276 1
1276 1278 1
1278 1276 1
1276 1284 1
1284 1276 1
1276 1434 1
1434 1276 1
1277 1280 1
1280 1277 1
1277 2370 1
2370 1277 1
1278 1279 1
1279 1278 1
1278 1280 1
1280 1278 1
1278 1281 1
1281 1278 1
1278 1434 1
1434 1278 1
1278 1944 1
1944 1278 1
1279 1943 1
1943 1279 1
1279 2367 1
2367 1279 1
1280 2369 1
2369 1280 1
1281 1282 1
1282 1281 1
1281 1283 1
1283 1281 1
1281 1284 1
1284 1281 1
1281 1434 1
1434 1281 1
1281 1944 1
1944 1281 1
1282 2374 1
2374 1282 1
1282 2376 1
2376 1282 1
1283 1286 1
1286 1283 1
1283 2376 1
2376 1283 1
1284 1285 1
1285 1284 1
1284 1286 1
1286 1284 1
1284 1434 1
1434 1284 1
1285 1286 1
1286 1285 1
1285 2379 1
2379 1285 1
1287 1288 1
1288 1287 1
1287 1289 1
1289 1287 1
1287 1290 1
1290 1287 1
1287 1295 1
1295 1287 1
1287 1433 1
1433 1287 1
1288 1291 1
1291 1288 1
1288 2366 1
2366 1288 1
1289 2364 1
2364 1289 1
1289 3357 1
3357 1289 1
1290 1291 1
1291 1290 1
1290 1292 1
1292 1290 1
1290 1433 1
1433 1290 1
1291 1294 1
1294 1291 1
1292 1293 1
1293 1292 1
1292 1294 1
1294 1292 1
1292 1295 1
1295 1292 1
1292 1433 1
1433 1292 1
1293 1296 1
1296 1293 1
1293 3528 1
3528 1293 1
1294 2372 1
2372 1294 1
1295 1296 1
1296 1295 1
1295 1433 1
1433 1295 1
1296 3357 1
3357 1296 1
1297 1298 1
1298 1297 1
1297 1299 1
1299 1297 1
1297 1300 1
1300 1297 1
1297 1306 1
1306 1297 1
1297 1942 1
1942 1297 1
1298 1941 1
1941 1298 1
1298 2359 1
2359 1298 1
1300 1301 1
1301 1300 1
1300 1302 1
1302 1300 1
1300 1303 1
1303 1300 1
1300 1425 1
1425 1300 1
1300 1942 1
1942 1300 1
1301 1304 1
1304 1301 1
1301 2384 1
2384 1301 1
1302 2371 1
2371 1302 1
1302 3543 1
3543 1302 1
1303 1304 1
1304 1303 1
1303 1305 1
1305 1303 1
1303 1306 1
1306 1303 1
1304 2386 1
2386 1304 1
1305 1308 1
1308 1305 1
1305 2386 1
2386 1305 1
1306 1307 1
1307 1306 1
1306 1308 1
1308 1306 1
1306 1425 1
1425 1306 1
1309 1310 1
1310 1309 1
1309 1311 1
1311 1309 1
1309 1318 1
1318 1309 1
1309 1424 1
1424 1309 1
1309 1946 1
1946 1309 1
1310 1319 1
1319 1310 1
1310 2382 1
2382 1310 1
1311 1312 1
1312 1311 1
1311 1313 1
1313 1311 1
1311 1314 1
1314 1311 1
1311 1315 1
1315 1311 1
1311 1424 1
1424 1311 1
1311 1946 1
1946 1311 1
1312 1313 1
1313 1312 1
1312 1316 1
1316 1312 1
1313 1314 1
1314 1313 1
1314 1945 1
1945 1314 1
1315 1316 1
1316 1315 1
1315 1317 1
1317 1315 1
1315 1318 1
1318 1315 1
1315 1424 1
1424 1315 1
1316 1785 1
1785 1316 1
1317 1320 1
1320 1317 1
1317 2389 1
2389 1317 1
1318 1319 1
1319 1318 1
1318 1320 1
1320 1318 1
1318 1424 1
1424 1318 1
1319 1320 1
1320 1319 1
1321 1322 1
1322 1321 1
1321 1323 1
1323 1321 1
1321 1324 1
1324 1321 1
1321 1407 1
1407 1321 1
1321 1408 1
1408 1321 1
1322 1325 1
1325 1322 1
1322 2392 1
2392 1322 1
1323 2392 1
2392 1323 1
1323 2393 1
2393 1323 1
1324 1325 1
1325 1324 1
1324 1326 1
1326 1324 1
1325 2394 1
2394 1325 1
1326 1327 1
1327 1326 1
1326 1407 1
1407 1326 1
1326 1408 1
1408 1326 1
1327 2394 1
2394 1327 1
1327 2395 1
2395 1327 1
1328 1329 1
1329 1328 1
1328 1330 1
1330 1328 1
1328 1331 1
1331 1328 1
1328 1336 1
1336 1328 1
1328 1406 1
1406 1328 1
1329 1333 1
1333 1329 1
1329 2398 1
2398 1329 1
1330 1337 1
1337 1330 1
1330 2398 1
2398 1330 1
1331 1332 1
1332 1331 1
1331 1333 1
1333 1331 1
1331 1334 1
1334 1331 1
1331 1406 1
1406 1331 1
1332 1335 1
1335 1332 1
1332 2397 1
2397 1332 1
1333 2397 1
2397 1333 1
1334 1335 1
1335 1334 1
1334 1336 1
1336 1334 1
1334 1406 1
1406 1334 1
1335 2400 1
2400 1335 1
1336 1337 1
1337 1336 1
1336 1406 1
1406 1336 1
1337 2400 1
2400 1337 1
1338 1339 1
1339 1338 1
1338 1340 1
1340 1338 1
1338 1341 1
1341 1338 1
1338 1347 1
1347 1338 1
1338 1400 1
1400 1338 1
1339 1340 1
1340 1339 1
1339 1342 1
1342 1339 1
1340 1348 1
1348 1340 1
1341 1342 1
1342 1341 1
1341 1343 1
1343 1341 1
1341 1400 1
1400 1341 1
1342 1345 1
1345 1342 1
1343 1344 1
1344 1343 1
1343 1345 1
1345 1343 1
1343 1346 1
1346 1343 1
1343 1347 1
1347 1343 1
1343 1400 1
1400 1343 1
1344 1345 1
1345 1344 1
1344 2409 1
2409 1344 1
1346 2407 1
2407 1346 1
1346 2409 1
2409 1346 1
1347 1348 1
1348 1347 1
1347 1400 1
1400 1347 1
1348 2407 1
2407 1348 1
1349 1350 1
1350 1349 1
1349 1351 1
1351 1349 1
1349 1356 1
1356 1349 1
1349 1384 1
1384 1349 1
1350 1353 1
1353 1350 1
1350 3864 1
3864 1350 1
1351 1352 1
1352 1351 1
1351 1353 1
1353 1351 1
1351 1354 1
1354 1351 1
1351 1384 1
1384 1351 1
1352 2420 1
2420 1352 1
1352 2427 1
2427 1352 1
1353 2420 1
2420 1353 1
1354 1355 1
1355 1354 1
1354 1356 1
1356 1354 1
1354 1384 1
1384 1354 1
1355 1359 1
1359 1355 1
1355 2427 1
2427 1355 1
1356 1357 1
1357 1356 1
1356 1358 1
1358 1356 1
1356 1359 1
1359 1356 1
1356 1384 1
1384 1356 1
1357 2423 1
2423 1357 1
1357 2564 1
2564 1357 1
1358 2423 1
2423 1358 1
1358 2426 1
2426 1358 1
1359 2426 1
2426 1359 1
1360 1361 1
1361 1360 1
1360 1362 1
1362 1360 1
1360 1367 1
1367 1360 1
1360 1383 1
1383 1360 1
1360 1948 1
1948 1360 1
1360 1950 1
1950 1360 1
1361 1949 1
1949 1361 1
1361 2421 1
2421 1361 1
1362 1363 1
1363 1362 1
1362 1364 1
1364 1362 1
1362 1365 1
1365 1362 1
1362 1383 1
1383 1362 1
1362 1948 1
1948 1362 1
1363 1364 1
1364 1363 1
1363 1366 1
1366 1363 1
1364 1947 1
1947 1364 1
1365 1366 1
1366 1365 1
1365 1367 1
1367 1365 1
1365 1383 1
1383 1365 1
1366 2425 1
2425 1366 1
1367 1368 1
1368 1367 1
1367 1383 1
1383 1367 1
1367 1950 1
1950 1367 1
1368 2424 1
2424 1368 1
1368 2425 1
2425 1368 1
1369 1370 1
1370 1369 1
1369 1371 1
1371 1369 1
1369 1372 1
1372 1369 1
1369 1373 1
1373 1369 1
1370 2435 1
2435 1370 1
1370 2436 1
2436 1370 1
1371 2435 1
2435 1371 1
1371 2437 1
2437 1371 1
1372 1373 1
1373 1372 1
1372 2437 1
2437 1372 1
1373 2436 1
2436 1373 1
1374 1375 1
1375 1374 1
1374 1376 1
1376 1374 1
1374 1377 1
1377 1374 1
1375 2432 1
2432 1375 1
1375 2433 1
2433 1375 1
1376 2433 1
2433 1376 1
1376 2434 1
2434 1376 1
1377 2434 1
2434 1377 1
1377 3000 1
3000 1377 1
1378 1379 1
1379 1378 1
1378 1380 1
1380 1378 1
1378 1381 1
1381 1378 1
1378 1382 1
1382 1378 1
1379 1380 1
1380 1379 1
1379 2430 1
2430 1379 1
1380 1381 1
1381 1380 1
1381 2428 1
2428 1381 1
1382 1821 1
1821 1382 1
1382 2429 1
2429 1382 1
1385 1386 1
1386 1385 1
1385 1387 1
1387 1385 1
1385 1388 1
1388 1385 1
1385 1389 1
1389 1385 1
1386 1394 1
1394 1386 1
1386 2418 1
2418 1386 1
1387 1388 1
1388 1387 1
1387 2418 1
2418 1387 1
1388 1389 1
1389 1388 1
1389 2417 1
2417 1389 1
1390 1391 1
1391 1390 1
1390 1392 1
1392 1390 1
1390 1393 1
1393 1390 1
1390 1394 1
1394 1390 1
1391 1392 1
1392 1391 1
1391 2417 1
2417 1391 1
1392 1393 1
1393 1392 1
1393 2418 1
2418 1393 1
1394 2417 1
2417 1394 1
1395 1396 1
1396 1395 1
1395 1397 1
1397 1395 1
1395 1398 1
1398 1395 1
1395 1399 1
1399 1395 1
1396 1397 1
1397 1396 1
1396 2413 1
2413 1396 1
1397 2414 1
2414 1397 1
1398 2414 1
2414 1398 1
1398 2416 1
2416 1398 1
1399 2415 1
2415 1399 1
1399 2416 1
2416 1399 1
1401 1402 1
1402 1401 1
1401 1403 1
1403 1401 1
1401 1404 1
1404 1401 1
1401 1405 1
1405 1401 1
1402 1403 1
1403 1402 1
1402 2406 1
2406 1402 1
1403 1404 1
1404 1403 1
1404 1405 1
1405 1404 1
1405 2401 1
2401 1405 1
1407 1408 1
1408 1407 1
1409 1410 1
1410 1409 1
1409 2387 1
2387 1409 1
1409 3811 1
3811 1409 1
1410 2380 1
2380 1410 1
1410 3672 1
3672 1410 1
1411 1412 1
1412 1411 1
1411 1413 1
1413 1411 1
1411 1414 1
1414 1411 1
1412 2385 1
2385 1412 1
1412 2388 1
2388 1412 1
1413 1414 1
1414 1413 1
1413 2388 1
2388 1413 1
1414 2385 1
2385 1414 1
1415 1416 1
1416 1415 1
1415 1417 1
1417 1415 1
1415 1418 1
1418 1415 1
1416 2390 1
2390 1416 1
1416 2391 1
2391 1416 1
1417 1418 1
1418 1417 1
1417 2391 1
2391 1417 1
1418 3203 1
3203 1418 1
1419 1420 1
1420 1419 1
1419 1421 1
1421 1419 1
1419 1422 1
1422 1419 1
1419 1423 1
1423 1419 1
1420 1421 1
1421 1420 1
1420 2384 1
2384 1420 1
1421 1422 1
1422 1421 1
1422 2383 1
2383 1422 1
1423 2383 1
2383 1423 1
1423 2384 1
2384 1423 1
1426 1427 1
1427 1426 1
1426 1428 1
1428 1426 1
1426 1429 1
1429 1426 1
1427 2370 1
2370 1427 1
1427 2379 1
2379 1427 1
1428 1429 1
1429 1428 1
1428 2370 1
2370 1428 1
1429 3420 1
3420 1429 1
1430 1431 1
1431 1430 1
1430 1432 1
1432 1430 1
1430 2373 1
2373 1430 1
1430 3251 1
3251 1430 1
1431 1432 1
1432 1431 1
1431 2375 1
2375 1431 1
1438 1439 1
1439 1438 1
1438 1440 1
1440 1438 1
1438 1441 1
1441 1438 1
1438 1442 1
1442 1438 1
1439 1440 1
1440 1439 1
1439 2368 1
2368 1439 1
1440 1441 1
1441 1440 1
1441 1442 1
1442 1441 1
1442 2357 1
2357 1442 1
1444 1445 1
1445 1444 1
1444 1938 1
1938 1444 1
1444 2355 1
2355 1444 1
1445 1779 1
1779 1445 1
1447 1448 1
1448 1447 1
1455 1456 1
1456 1455 1
1455 1457 1
1457 1455 1
1455 1458 1
1458 1455 1
1455 1459 1
1459 1455 1
1456 2321 1
2321 1456 1
1456 2322 1
2322 1456 1
1457 1458 1
1458 1457 1
1457 2322 1
2322 1457 1
1458 1459 1
1459 1458 1
1459 2321 1
2321 1459 1
1460 1461 1
1461 1460 1
1460 1462 1
1462 1460 1
1460 1463 1
1463 1460 1
1460 1464 1
1464 1460 1
1461 2308 1
2308 1461 1
1461 2320 1
2320 1461 1
1462 1463 1
1463 1462 1
1462 2324 1
2324 1462 1
1463 1464 1
1464 1463 1
1464 2319 1
2319 1464 1
1466 1467 1
1467 1466 1
1466 1468 1
1468 1466 1
1466 1469 1
1469 1466 1
1466 2320 1
2320 1466 1
1467 1468 1
1468 1467 1
1467 2308 1
2308 1467 1
1468 1469 1
1469 1468 1
1469 2315 1
2315 1469 1
1471 1472 1
1472 1471 1
1471 1473 1
1473 1471 1
1471 1474 1
1474 1471 1
1471 2446 1
2446 1471 1
1472 1473 1
1473 1472 1
1472 2311 1
2311 1472 1
1473 2446 1
2446 1473 1
1474 2311 1
2311 1474 1
1474 2312 1
2312 1474 1
1477 1478 1
1478 1477 1
1477 1479 1
1479 1477 1
1477 1480 1
1480 1477 1
1477 1481 1
1481 1477 1
1478 1479 1
1479 1478 1
1478 2302 1
2302 1478 1
1479 1480 1
1480 1479 1
1480 2303 1
2303 1480 1
1481 2302 1
2302 1481 1
1481 2303 1
2303 1481 1
1483 1484 1
1484 1483 1
1483 1485 1
1485 1483 1
1483 1486 1
1486 1483 1
1483 1487 1
1487 1483 1
1484 1485 1
1485 1484 1
1484 2286 1
2286 1484 1
1485 2285 1
2285 1485 1
1486 2292 1
2292 1486 1
1486 2601 1
2601 1486 1
1487 2286 1
2286 1487 1
1487 2292 1
2292 1487 1
1489 1490 1
1490 1489 1
1496 1497 1
1497 1496 1
1499 1500 1
1500 1499 1
1499 1501 1
1501 1499 1
1499 1502 1
1502 1499 1
1499 1503 1
1503 1499 1
1500 1508 1
1508 1500 1
1500 2250 1
2250 1500 1
1501 1502 1
1502 1501 1
1501 2255 1
2255 1501 1
1502 1503 1
1503 1502 1
1503 2250 1
2250 1503 1
1504 1505 1
1505 1504 1
1504 1506 1
1506 1504 1
1504 1507 1
1507 1504 1
1504 1508 1
1508 1504 1
1505 1506 1
1506 1505 1
1505 2250 1
2250 1505 1
1506 1507 1
1507 1506 1
1507 2255 1
2255 1507 1
1508 2255 1
2255 1508 1
1509 1510 1
1510 1509 1
1509 1511 1
1511 1509 1
1510 1511 1
1511 1510 1
1510 2248 1
2248 1510 1
1511 2249 1
2249 1511 1
1515 1516 1
1516 1515 1
1515 1517 1
1517 1515 1
1515 1518 1
1518 1515 1
1516 1517 1
1517 1516 1
1516 2495 1
2495 1516 1
1517 1518 1
1518 1517 1
1518 2496 1
2496 1518 1
1528 2209 1
2209 1528 1
1528 3388 1
3388 1528 1
1529 1530 1
1530 1529 1
1531 1532 1
1532 1531 1
1531 1533 1
1533 1531 1
1531 1534 1
1534 1531 1
1531 1535 1
1535 1531 1
1532 1533 1
1533 1532 1
1532 2202 1
2202 1532 1
1533 2201 1
2201 1533 1
1534 1535 1
1535 1534 1
1534 2201 1
2201 1534 1
1535 2202 1
2202 1535 1
1541 1542 1
1542 1541 1
1552 1553 1
1553 1552 1
1552 1554 1
1554 1552 1
1552 1555 1
1555 1552 1
1552 1556 1
1556 1552 1
1553 1554 1
1554 1553 1
1553 2149 1
2149 1553 1
1554 1555 1
1555 1554 1
1555 2148 1
2148 1555 1
1556 2148 1
2148 1556 1
1556 2149 1
2149 1556 1
1566 1567 1
1567 1566 1
1571 1572 1
1572 1571 1
1571 1573 1
1573 1571 1
1571 1574 1
1574 1571 1
1571 1575 1
1575 1571 1
1572 1573 1
1573 1572 1
1572 2084 1
2084 1572 1
1573 1574 1
1574 1573 1
1574 1575 1
1575 1574 1
1575 2083 1
2083 1575 1
1581 1582 1
1582 1581 1
1583 1584 1
1584 1583 1
1583 1585 1
1585 1583 1
1583 1586 1
1586 1583 1
1583 1587 1
1587 1583 1
1584 1585 1
1585 1584 1
1584 1810 1
1810 1584 1
1585 1586 1
1586 1585 1
1586 2064 1
2064 1586 1
1587 1811 1
1811 1587 1
1587 2065 1
2065 1587 1
1590 1591 1
1591 1590 1
1590 1592 1
1592 1590 1
1590 1593 1
1593 1590 1
1590 1594 1
1594 1590 1
1591 1592 1
1592 1591 1
1591 2052 1
2052 1591 1
1592 1593 1
1593 1592 1
1593 1594 1
1594 1593 1
1594 2050 1
2050 1594 1
1598 1599 1
1599 1598 1
1601 1602 1
1602 1601 1
1601 1603 1
1603 1601 1
1601 1604 1
1604 1601 1
1601 1605 1
1605 1601 1
1602 1609 1
1609 1602 1
1602 2030 1
2030 1602 1
1603 1604 1
1604 1603 1
1603 2032 1
2032 1603 1
1604 1605 1
1605 1604 1
1605 2031 1
2031 1605 1
1606 1607 1
1607 1606 1
1606 1608 1
1608 1606 1
1606 1609 1
1609 1606 1
1606 1610 1
1610 1606 1
1607 1608 1
1608 1607 1
1607 2029 1
2029 1607 1
1608 2032 1
2032 1608 1
1609 2032 1
2032 1609 1
1610 2029 1
2029 1610 1
1610 2030 1
2030 1610 1
1611 1612 1
1612 1611 1
1611 1613 1
1613 1611 1
1611 1614 1
1614 1611 1
1611 1615 1
1615 1611 1
1612 2027 1
2027 1612 1
1612 2028 1
2028 1612 1
1613 1614 1
1614 1613 1
1613 2028 1
2028 1613 1
1614 1615 1
1615 1614 1
1615 2027 1
2027 1615 1
1617 1618 1
1618 1617 1
1617 1619 1
1619 1617 1
1617 1620 1
1620 1617 1
1617 1621 1
1621 1617 1
1618 1619 1
1619 1618 1
1618 2021 1
2021 1618 1
1619 1620 1
1620 1619 1
1620 2020 1
2020 1620 1
1621 2020 1
2020 1621 1
1621 2021 1
2021 1621 1
1622 1623 1
1623 1622 1
1627 1628 1
1628 1627 1
1627 1629 1
1629 1627 1
1627 1630 1
1630 1627 1
1627 1631 1
1631 1627 1
1628 1629 1
1629 1628 1
1628 2003 1
2003 1628 1
1629 1630 1
1630 1629 1
1630 3619 1
3619 1630 1
1631 2003 1
2003 1631 1
1631 3619 1
3619 1631 1
1632 1633 1
1633 1632 1
1634 1635 1
1635 1634 1
1634 3217 1
3217 1634 1
1634 3776 1
3776 1634 1
1635 2004 1
2004 1635 1
1635 3777 1
3777 1635 1
1636 1637 1
1637 1636 1
1636 1638 1
1638 1636 1
1636 1639 1
1639 1636 1
1636 1640 1
1640 1636 1
1637 1638 1
1638 1637 1
1637 1999 1
1999 1637 1
1638 1639 1
1639 1638 1
1639 1640 1
1640 1639 1
1640 1998 1
1998 1640 1
1641 1642 1
1642 1641 1
1641 1643 1
1643 1641 1
1641 1644 1
1644 1641 1
1642 1643 1
1643 1642 1
1642 1997 1
1997 1642 1
1643 1996 1
1996 1643 1
1644 1996 1
1996 1644 1
1644 1997 1
1997 1644 1
1648 1649 1
1649 1648 1
1651 1652 1
1652 1651 1
1654 1655 1
1655 1654 1
1656 1769 1
1769 1656 1
1656 3227 1
3227 1656 1
1657 1658 1
1658 1657 1
1657 1790 1
1790 1657 1
1657 3477 1
3477 1657 1
1658 3535 1
3535 1658 1
1658 3732 1
3732 1658 1
1659 1660 1
1660 1659 1
1659 3779 1
3779 1659 1
1659 3886 1
3886 1659 1
1660 3891 1
3891 1660 1
1661 1662 1
1662 1661 1
1661 1773 1
1773 1661 1
1661 2046 1
2046 1661 1
1663 1664 1
1664 1663 1
1663 1782 1
1782 1663 1
1663 3223 1
3223 1663 1
1664 2134 1
2134 1664 1
1665 1666 1
1666 1665 1
1665 3885 1
3885 1665 1
1665 3898 1
3898 1665 1
1666 3629 1
3629 1666 1
1666 3845 1
3845 1666 1
1667 1668 1
1668 1667 1
1667 1844 1
1844 1667 1
1667 3112 1
3112 1667 1
1668 1708 1
1708 1668 1
1668 2763 1
2763 1668 1
1669 1749 1
1749 1669 1
1670 2314 1
2314 1670 1
1670 2335 1
2335 1670 1
1671 1690 1
1690 1671 1
1671 1860 1
1860 1671 1
1671 3866 1
3866 1671 1
1672 1673 1
1673 1672 1
1672 1674 1
1674 1672 1
1672 1706 1
1706 1672 1
1673 1704 1
1704 1673 1
1673 3819 1
3819 1673 1
1674 1675 1
1675 1674 1
1674 1776 1
1776 1674 1
1675 1685 1
1685 1675 1
1675 3873 1
3873 1675 1
1676 1677 1
1677 1676 1
1676 2336 1
2336 1676 1
1677 1678 1
1678 1677 1
1677 3517 1
3517 1677 1
1678 1679 1
1679 1678 1
1678 1784 1
1784 1678 1
1679 3252 1
3252 1679 1
1679 3569 1
3569 1679 1
1680 1681 1
1681 1680 1
1680 2148 1
2148 1680 1
1680 3844 1
3844 1680 1
1681 2149 1
2149 1681 1
1681 3869 1
3869 1681 1
1682 1683 1
1683 1682 1
1682 1684 1
1684 1682 1
1682 3824 1
3824 1682 1
1683 3139 1
3139 1683 1
1683 3675 1
3675 1683 1
1684 3223 1
3223 1684 1
1684 3525 1
3525 1684 1
1685 1687 1
1687 1685 1
1685 1776 1
1776 1685 1
1686 1687 1
1687 1686 1
1686 2356 1
2356 1686 1
1687 3419 1
3419 1687 1
1688 1689 1
1689 1688 1
1688 3570 1
3570 1688 1
1688 3788 1
3788 1688 1
1689 1808 1
1808 1689 1
1689 3554 1
3554 1689 1
1690 2463 1
2463 1690 1
1691 1692 1
1692 1691 1
1691 1711 1
1711 1691 1
1692 1693 1
1693 1692 1
1692 1712 1
1712 1692 1
1693 1694 1
1694 1693 1
1693 1723 1
1723 1693 1
1695 1696 1
1696 1695 1
1695 2699 1
2699 1695 1
1695 3203 1
3203 1695 1
1696 3196 1
3196 1696 1
1696 3856 1
3856 1696 1
1697 1698 1
1698 1697 1
1697 1699 1
1699 1697 1
1697 2873 1
2873 1697 1
1698 3023 1
3023 1698 1
1698 3833 1
3833 1698 1
1699 1700 1
1700 1699 1
1699 1793 1
1793 1699 1
1700 2307 1
2307 1700 1
1700 3230 1
3230 1700 1
1701 3402 1
3402 1701 1
1702 1703 1
1703 1702 1
1702 1774 1
1774 1702 1
1702 3634 1
3634 1702 1
1703 2238 1
2238 1703 1
1703 2253 1
2253 1703 1
1704 1705 1
1705 1704 1
1704 2647 1
2647 1704 1
1705 2646 1
2646 1705 1
1706 2361 1
2361 1706 1
1707 1708 1
1708 1707 1
1707 2625 1
2625 1707 1
1707 3692 1
3692 1707 1
1708 2764 1
2764 1708 1
1709 1710 1
1710 1709 1
1709 1826 1
1826 1709 1
1710 3205 1
3205 1710 1
1711 1712 1
1712 1711 1
1711 2723 1
2723 1711 1
1712 1724 1
1724 1712 1
1713 1714 1
1714 1713 1
1713 2797 1
2797 1713 1
1715 1861 1
1861 1715 1
1715 1864 1
1864 1715 1
1715 3393 1
3393 1715 1
1716 1717 1
1717 1716 1
1716 3640 1
3640 1716 1
1716 3700 1
3700 1716 1
1717 1757 1
1757 1717 1
1717 3690 1
3690 1717 1
1718 1719 1
1719 1718 1
1718 1763 1
1763 1718 1
1718 2635 1
2635 1718 1
1719 3163 1
3163 1719 1
1719 3164 1
3164 1719 1
1720 1721 1
1721 1720 1
1720 3257 1
3257 1720 1
1720 3755 1
3755 1720 1
1721 1741 1
1741 1721 1
1721 3044 1
3044 1721 1
1722 1731 1
1731 1722 1
1722 1827 1
1827 1722 1
1722 2331 1
2331 1722 1
1723 3148 1
3148 1723 1
1723 3257 1
3257 1723 1
1724 1750 1
1750 1724 1
1724 3755 1
3755 1724 1
1725 1726 1
1726 1725 1
1725 1727 1
1727 1725 1
1725 2627 1
2627 1725 1
1727 2147 1
2147 1727 1
1728 1729 1
1729 1728 1
1728 3626 1
3626 1728 1
1729 1730 1
1730 1729 1
1730 1731 1
1731 1730 1
1731 2328 1
2328 1731 1
1732 1733 1
1733 1732 1
1732 1836 1
1836 1732 1
1732 2075 1
2075 1732 1
1733 1835 1
1835 1733 1
1733 2066 1
2066 1733 1
1734 1735 1
1735 1734 1
1734 1806 1
1806 1734 1
1734 3011 1
3011 1734 1
1735 1736 1
1736 1735 1
1735 3261 1
3261 1735 1
1736 3166 1
3166 1736 1
1736 3262 1
3262 1736 1
1737 1738 1
1738 1737 1
1737 2975 1
2975 1737 1
1737 3602 1
3602 1737 1
1738 1814 1
1814 1738 1
1738 1816 1
1816 1738 1
1739 1775 1
1775 1739 1
1739 1816 1
1816 1739 1
1739 2267 1
2267 1739 1
1740 1741 1
1741 1740 1
1740 1914 1
1914 1740 1
1740 3541 1
3541 1740 1
1741 2793 1
2793 1741 1
1742 3369 1
3369 1742 1
1742 3371 1
3371 1742 1
1743 1744 1
1744 1743 1
1743 1746 1
1746 1743 1
1743 2724 1
2724 1743 1
1744 2518 1
2518 1744 1
1744 2726 1
2726 1744 1
1745 1746 1
1746 1745 1
1745 1865 1
1865 1745 1
1745 2451 1
2451 1745 1
1746 2506 1
2506 1746 1
1747 1748 1
1748 1747 1
1747 1837 1
1837 1747 1
1747 3502 1
3502 1747 1
1748 1813 1
1813 1748 1
1748 3332 1
3332 1748 1
1749 1793 1
1793 1749 1
1749 3236 1
3236 1749 1
1750 3743 1
3743 1750 1
1751 1782 1
1782 1751 1
1751 2798 1
2798 1751 1
1751 3586 1
3586 1751 1
1752 1753 1
1753 1752 1
1752 3674 1
3674 1752 1
1752 3676 1
3676 1752 1
1753 2620 1
2620 1753 1
1754 1755 1
1755 1754 1
1754 3690 1
3690 1754 1
1754 3691 1
3691 1754 1
1755 2048 1
2048 1755 1
1755 3620 1
3620 1755 1
1756 2558 1
2558 1756 1
1756 3701 1
3701 1756 1
1757 1758 1
1758 1757 1
1757 3429 1
3429 1757 1
1759 1760 1
1760 1759 1
1760 2607 1
2607 1760 1
1760 3695 1
3695 1760 1
1761 1809 1
1809 1761 1
1761 2017 1
2017 1761 1
1761 3379 1
3379 1761 1
1762 1763 1
1763 1762 1
1762 1808 1
1808 1762 1
1763 2636 1
2636 1763 1
1764 1848 1
1848 1764 1
1764 2884 1
2884 1764 1
1765 1766 1
1766 1765 1
1765 1768 1
1768 1765 1
1765 1974 1
1974 1765 1
1766 1978 1
1978 1766 1
1766 2682 1
2682 1766 1
1767 1768 1
1768 1767 1
1767 3035 1
3035 1767 1
1767 3272 1
3272 1767 1
1769 2675 1
2675 1769 1
1769 2971 1
2971 1769 1
1770 1771 1
1771 1770 1
1770 1772 1
1772 1770 1
1770 3065 1
3065 1770 1
1771 3065 1
3065 1771 1
1772 2426 1
2426 1772 1
1772 3064 1
3064 1772 1
1773 3640 1
3640 1773 1
1774 2231 1
2231 1774 1
1774 3381 1
3381 1774 1
1775 1815 1
1815 1775 1
1775 3310 1
3310 1775 1
1776 3631 1
3631 1776 1
1777 1778 1
1778 1777 1
1777 1849 1
1849 1777 1
1777 2885 1
2885 1777 1
1778 1847 1
1847 1778 1
1778 2931 1
2931 1778 1
1779 1807 1
1807 1779 1
1779 3599 1
3599 1779 1
1780 1781 1
1781 1780 1
1780 1783 1
1783 1780 1
1780 3089 1
3089 1780 1
1781 2088 1
2088 1781 1
1781 3760 1
3760 1781 1
1782 3524 1
3524 1782 1
1783 1835 1
1835 1783 1
1783 2086 1
2086 1783 1
1784 2333 1
2333 1784 1
1784 3517 1
3517 1784 1
1785 1786 1
1786 1785 1
1785 3490 1
3490 1785 1
1786 2566 1
2566 1786 1
1786 3562 1
3562 1786 1
1788 1789 1
1789 1788 1
1788 2657 1
2657 1788 1
1788 3559 1
3559 1788 1
1789 1829 1
1829 1789 1
1789 2245 1
2245 1789 1
1790 1792 1
1792 1790 1
1790 3478 1
3478 1790 1
1791 1792 1
1792 1791 1
1791 3231 1
3231 1791 1
1791 3535 1
3535 1791 1
1792 2576 1
2576 1792 1
1793 2767 1
2767 1793 1
1794 1795 1
1795 1794 1
1794 3449 1
3449 1794 1
1794 3450 1
3450 1794 1
1795 1863 1
1863 1795 1
1795 2628 1
2628 1795 1
1796 1797 1
1797 1796 1
1796 2847 1
2847 1796 1
1796 3266 1
3266 1796 1
1797 1798 1
1798 1797 1
1797 1855 1
1855 1797 1
1798 3111 1
3111 1798 1
1798 3266 1
3266 1798 1
1799 1804 1
1804 1799 1
1799 3401 1
3401 1799 1
1800 1801 1
1801 1800 1
1800 1803 1
1803 1800 1
1800 2214 1
2214 1800 1
1801 1856 1
1856 1801 1
1801 2793 1
2793 1801 1
1802 1803 1
1803 1802 1
1802 2215 1
2215 1802 1
1803 2198 1
2198 1803 1
1804 2221 1
2221 1804 1
1804 3754 1
3754 1804 1
1805 1806 1
1806 1805 1
1805 2928 1
2928 1805 1
1805 2930 1
2930 1805 1
1806 2380 1
2380 1806 1
1807 3627 1
3627 1807 1
1808 3164 1
3164 1808 1
1809 2608 1
2608 1809 1
1809 3592 1
3592 1809 1
1810 1811 1
1811 1810 1
1810 1846 1
1846 1810 1
1811 1846 1
1846 1811 1
1812 3309 1
3309 1812 1
1813 1837 1
1837 1813 1
1813 3293 1
3293 1813 1
1814 2974 1
2974 1814 1
1814 3061 1
3061 1814 1
1815 1816 1
1816 1815 1
1815 3308 1
3308 1815 1
1817 1818 1
1818 1817 1
1817 2353 1
2353 1817 1
1817 3196 1
3196 1817 1
1818 2700 1
2700 1818 1
1818 3265 1
3265 1818 1
1819 1820 1
1820 1819 1
1819 1821 1
1821 1819 1
1819 3065 1
3065 1819 1
1820 2943 1
2943 1820 1
1820 3264 1
3264 1820 1
1821 2430 1
2430 1821 1
1822 1823 1
1823 1822 1
1822 1847 1
1847 1822 1
1822 2766 1
2766 1822 1
1824 1845 1
1845 1824 1
1824 2825 1
2825 1824 1
1824 3227 1
3227 1824 1
1825 1850 1
1850 1825 1
1825 2852 1
2852 1825 1
1825 3217 1
3217 1825 1
1826 1908 1
1908 1826 1
1826 2192 1
2192 1826 1
1827 2323 1
2323 1827 1
1828 1829 1
1829 1828 1
1828 3121 1
3121 1828 1
1830 1831 1
1831 1830 1
1830 1832 1
1832 1830 1
1830 3186 1
3186 1830 1
1831 1864 1
1864 1831 1
1831 3037 1
3037 1831 1
1832 1862 1
1862 1832 1
1832 2649 1
2649 1832 1
1833 1834 1
1834 1833 1
1833 3003 1
3003 1833 1
1833 3009 1
3009 1833 1
1834 2708 1
2708 1834 1
1834 2775 1
2775 1834 1
1835 1836 1
1836 1835 1
1836 3243 1
3243 1836 1
1837 3292 1
3292 1837 1
1838 1839 1
1839 1838 1
1838 2764 1
2764 1838 1
1838 3115 1
3115 1838 1
1839 3012 1
3012 1839 1
1839 3112 1
3112 1839 1
1840 1841 1
1841 1840 1
1840 2531 1
2531 1840 1
1840 3019 1
3019 1840 1
1841 2562 1
2562 1841 1
1841 3108 1
3108 1841 1
1842 1843 1
1843 1842 1
1842 2611 1
2611 1842 1
1842 3040 1
3040 1842 1
1843 2644 1
2644 1843 1
1844 2625 1
2625 1844 1
1844 2668 1
2668 1844 1
1845 2968 1
2968 1845 1
1845 2969 1
2969 1845 1
1846 3639 1
3639 1846 1
1847 2641 1
2641 1847 1
1848 1849 1
1849 1848 1
1849 2640 1
2640 1849 1
1850 1852 1
1852 1850 1
1850 3778 1
3778 1850 1
1851 1852 1
1852 1851 1
1851 2450 1
2450 1851 1
1852 2772 1
2772 1852 1
1853 1854 1
1854 1853 1
1853 2216 1
2216 1853 1
1854 1858 1
1858 1854 1
1854 2754 1
2754 1854 1
1855 2599 1
2599 1855 1
1855 2600 1
2600 1855 1
1856 2224 1
2224 1856 1
1856 3044 1
3044 1856 1
1857 2505 1
2505 1857 1
1858 2723 1
2723 1858 1
1859 1860 1
1860 1859 1
1859 2462 1
2462 1859 1
1859 2637 1
2637 1859 1
1860 3244 1
3244 1860 1
1861 1862 1
1862 1861 1
1861 3435 1
3435 1861 1
1862 2583 1
2583 1862 1
1863 2661 1
2661 1863 1
1863 3628 1
3628 1863 1
1864 3037 1
3037 1864 1
1865 1866 1
1866 1865 1
1865 2506 1
2506 1865 1
1866 1867 1
1867 1866 1
1866 2451 1
2451 1866 1
1867 3555 1
3555 1867 1
1868 1869 1
1869 1868 1
1868 1957 1
1957 1868 1
1868 3298 1
3298 1868 1
1869 1870 1
1870 1869 1
1869 1871 1
1871 1869 1
1869 1951 1
1951 1869 1
1870 1871 1
1871 1870 1
1870 1951 1
1951 1870 1
1871 1958 1
1958 1871 1
1872 1873 1
1873 1872 1
1872 1974 1
1974 1872 1
1873 1975 1
1975 1873 1
1874 1875 1
1875 1874 1
1874 1979 1
1979 1874 1
1875 1979 1
1979 1875 1
1876 1877 1
1877 1876 1
1876 1982 1
1982 1876 1
1877 1983 1
1983 1877 1
1878 1879 1
1879 1878 1
1878 1987 1
1987 1878 1
1879 1988 1
1988 1879 1
1880 1881 1
1881 1880 1
1880 2038 1
2038 1880 1
1881 2042 1
2042 1881 1
1882 1883 1
1883 1882 1
1882 2044 1
2044 1882 1
1883 2044 1
2044 1883 1
1884 1885 1
1885 1884 1
1884 2055 1
2055 1884 1
1885 2056 1
2056 1885 1
1886 1887 1
1887 1886 1
1886 2061 1
2061 1886 1
1887 2062 1
2062 1887 1
1888 1889 1
1889 1888 1
1888 2067 1
2067 1888 1
1889 2068 1
2068 1889 1
1890 1891 1
1891 1890 1
1890 2101 1
2101 1890 1
1891 2101 1
2101 1891 1
1892 1893 1
1893 1892 1
1892 2102 1
2102 1892 1
1893 2103 1
2103 1893 1
1894 1895 1
1895 1894 1
1894 2115 1
2115 1894 1
1895 2122 1
2122 1895 1
1896 1897 1
1897 1896 1
1896 2120 1
2120 1896 1
1897 2129 1
2129 1897 1
1898 1899 1
1899 1898 1
1898 2140 1
2140 1898 1
1899 2141 1
2141 1899 1
1900 1901 1
1901 1900 1
1900 2143 1
2143 1900 1
1901 2150 1
2150 1901 1
1902 1903 1
1903 1902 1
1902 2145 1
2145 1902 1
1903 2146 1
2146 1903 1
1904 1905 1
1905 1904 1
1904 2171 1
2171 1904 1
1905 2172 1
2172 1905 1
1906 1907 1
1907 1906 1
1906 2158 1
2158 1906 1
1907 2159 1
2159 1907 1
1908 1909 1
1909 1908 1
1908 2191 1
2191 1908 1
1909 1910 1
1910 1909 1
1909 2194 1
2194 1909 1
1910 2192 1
2192 1910 1
1911 1912 1
1912 1911 1
1911 2195 1
2195 1911 1
1912 2197 1
2197 1912 1
1913 1914 1
1914 1913 1
1913 2217 1
2217 1913 1
1915 1916 1
1916 1915 1
1915 2241 1
2241 1915 1
1916 2242 1
2242 1916 1
1917 1918 1
1918 1917 1
1917 2246 1
2246 1917 1
1918 2247 1
2247 1918 1
1919 1920 1
1920 1919 1
1919 2260 1
2260 1919 1
1920 2260 1
2260 1920 1
1921 1922 1
1922 1921 1
1921 2263 1
2263 1921 1
1922 2264 1
2264 1922 1
1923 1924 1
1924 1923 1
1923 2277 1
2277 1923 1
1924 2278 1
2278 1924 1
1925 1926 1
1926 1925 1
1925 2280 1
2280 1925 1
1926 2280 1
2280 1926 1
1927 1928 1
1928 1927 1
1927 2293 1
2293 1927 1
1928 2293 1
2293 1928 1
1928 2298 1
2298 1928 1
1929 1930 1
1930 1929 1
1929 2304 1
2304 1929 1
1930 2305 1
2305 1930 1
1931 1932 1
1932 1931 1
1931 2317 1
2317 1931 1
1932 2316 1
2316 1932 1
1933 1934 1
1934 1933 1
1933 2333 1
2333 1933 1
1934 2337 1
2337 1934 1
1935 1936 1
1936 1935 1
1935 2342 1
2342 1935 1
1936 2341 1
2341 1936 1
1937 1938 1
1938 1937 1
1937 2355 1
2355 1937 1
1939 1940 1
1940 1939 1
1939 2353 1
2353 1939 1
1940 2360 1
2360 1940 1
1940 3196 1
3196 1940 1
1941 1942 1
1942 1941 1
1941 2363 1
2363 1941 1
1942 2371 1
2371 1942 1
1943 1944 1
1944 1943 1
1943 2374 1
2374 1943 1
1944 2374 1
2374 1944 1
1945 1946 1
1946 1945 1
1945 2381 1
2381 1945 1
1946 2382 1
2382 1946 1
1947 1948 1
1948 1947 1
1947 2421 1
2421 1947 1
1948 2421 1
2421 1948 1
1949 1950 1
1950 1949 1
1949 2422 1
2422 1949 1
1950 2424 1
2424 1950 1
1951 2563 1
2563 1951 1
1952 2563 1
2563 1952 1
1953 1954 1
1954 1953 1
1953 1956 1
1956 1953 1
1954 3353 1
3353 1954 1
1955 3830 1
3830 1955 1
1956 3353 1
3353 1956 1
1957 1958 1
1958 1957 1
1960 3131 1
3131 1960 1
1961 3066 1
3066 1961 1
1961 3171 1
3171 1961 1
1962 2970 1
2970 1962 1
1963 3084 1
3084 1963 1
1963 3085 1
3085 1963 1
1964 3084 1
3084 1964 1
1964 3431 1
3431 1964 1
1965 2737 1
2737 1965 1
1965 2971 1
2971 1965 1
1966 2492 1
2492 1966 1
1967 3187 1
3187 1967 1
1967 3271 1
3271 1967 1
1968 2855 1
2855 1968 1
1968 3669 1
3669 1968 1
1969 3297 1
3297 1969 1
1970 2738 1
2738 1970 1
1970 3222 1
3222 1970 1
1971 3297 1
3297 1971 1
1972 1976 1
1976 1972 1
1972 2886 1
2886 1972 1
1973 3296 1
3296 1973 1
1974 1975 1
1975 1974 1
1976 2886 1
2886 1976 1
1977 2789 1
2789 1977 1
1977 3803 1
3803 1977 1
1978 2569 1
2569 1978 1
1980 3487 1
3487 1980 1
1982 1983 1
1983 1982 1
1986 2569 1
2569 1986 1
1986 2570 1
2570 1986 1
1987 1988 1
1988 1987 1
1988 3376 1
3376 1988 1
1989 3441 1
3441 1989 1
1989 3850 1
3850 1989 1
1990 2471 1
2471 1990 1
1990 2814 1
2814 1990 1
1991 3850 1
3850 1991 1
1992 2814 1
2814 1992 1
1993 2471 1
2471 1993 1
1994 3530 1
3530 1994 1
1995 3280 1
3280 1995 1
1995 3376 1
3376 1995 1
1996 3531 1
3531 1996 1
1997 3816 1
3816 1997 1
1998 1999 1
1999 1998 1
1998 2662 1
2662 1998 1
1999 2663 1
2663 1999 1
2000 2926 1
2926 2000 1
2000 3311 1
3311 2000 1
2001 2606 1
2606 2001 1
2003 3312 1
3312 2003 1
2004 3776 1
3776 2004 1
2004 3777 1
3777 2004 1
2005 3823 1
3823 2005 1
2006 3532 1
3532 2006 1
2007 3445 1
3445 2007 1
2008 3219 1
3219 2008 1
2008 3510 1
3510 2008 1
2009 3510 1
3510 2009 1
2010 3219 1
3219 2010 1
2010 3248 1
3248 2010 1
2011 3468 1
3468 2011 1
2012 2013 1
2013 2012 1
2012 2965 1
2965 2012 1
2013 2965 1
2965 2013 1
2015 3849 1
3849 2015 1
2016 2585 1
2585 2016 1
2016 3392 1
3392 2016 1
2018 2755 1
2755 2018 1
2018 3186 1
3186 2018 1
2019 2756 1
2756 2019 1
2019 3518 1
3518 2019 1
2020 3780 1
3780 2020 1
2021 3779 1
3779 2021 1
2022 3300 1
3300 2022 1
2023 2994 1
2994 2023 1
2024 3514 1
3514 2024 1
2024 3891 1
3891 2024 1
2025 2778 1
2778 2025 1
2025 3783 1
3783 2025 1
2026 2983 1
2983 2026 1
2026 3893 1
3893 2026 1
2027 3784 1
3784 2027 1
2028 3783 1
3783 2028 1
2029 2558 1
2558 2029 1
2030 2031 1
2031 2030 1
2031 2034 1
2034 2031 1
2033 3773 1
3773 2033 1
2034 2743 1
2743 2034 1
2035 2765 1
2765 2035 1
2035 3701 1
3701 2035 1
2036 3774 1
3774 2036 1
2037 2626 1
2626 2037 1
2038 2042 1
2042 2038 1
2038 3364 1
3364 2038 1
2041 3008 1
3008 2041 1
2043 3704 1
3704 2043 1
2046 2047 1
2047 2046 1
2050 2052 1
2052 2050 1
2050 3620 1
3620 2050 1
2051 2071 1
2071 2051 1
2051 3232 1
3232 2051 1
2052 3621 1
3621 2052 1
2054 2626 1
2626 2054 1
2054 3704 1
3704 2054 1
2055 2056 1
2056 2055 1
2059 3394 1
3394 2059 1
2059 3418 1
3418 2059 1
2061 2062 1
2062 2061 1
2061 2715 1
2715 2061 1
2063 2586 1
2586 2063 1
2064 2065 1
2065 2064 1
2065 3639 1
3639 2065 1
2066 2812 1
2812 2066 1
2067 2068 1
2068 2067 1
2070 2073 1
2073 2070 1
2071 3059 1
3059 2071 1
2074 2077 1
2077 2074 1
2074 2544 1
2544 2074 1
2076 2533 1
2533 2076 1
2078 2081 1
2081 2078 1
2079 2868 1
2868 2079 1
2080 2467 1
2467 2080 1
2080 3740 1
3740 2080 1
2081 3243 1
3243 2081 1
2082 2868 1
2868 2082 1
2083 2084 1
2084 2083 1
2083 3739 1
3739 2083 1
2084 3740 1
3740 2084 1
2085 3243 1
3243 2085 1
2086 2088 1
2088 2086 1
2087 2963 1
2963 2087 1
2091 2868 1
2868 2091 1
2092 3587 1
3587 2092 1
2093 2100 1
2100 2093 1
2093 3676 1
3676 2093 1
2094 2096 1
2096 2094 1
2097 3761 1
3761 2097 1
2098 3436 1
3436 2098 1
2099 2636 1
2636 2099 1
2100 2104 1
2104 2100 1
2102 2103 1
2103 2102 1
2103 3584 1
3584 2103 1
2104 3676 1
3676 2104 1
2105 3870 1
3870 2105 1
2106 2110 1
2110 2106 1
2106 3010 1
3010 2106 1
2106 3552 1
3552 2106 1
2108 3882 1
3882 2108 1
2109 2119 1
2119 2109 1
2110 3570 1
3570 2110 1
2111 3787 1
3787 2111 1
2112 2113 1
2113 2112 1
2113 3678 1
3678 2113 1
2114 2690 1
2690 2114 1
2114 3086 1
3086 2114 1
2115 2116 1
2116 2115 1
2116 2122 1
2122 2116 1
2117 3685 1
3685 2117 1
2118 3684 1
3684 2118 1
2119 2986 1
2986 2119 1
2120 2129 1
2129 2120 1
2121 2124 1
2124 2121 1
2122 2796 1
2796 2122 1
2123 3162 1
3162 2123 1
2123 3788 1
3788 2123 1
2125 2614 1
2614 2125 1
2125 2615 1
2615 2125 1
2125 2798 1
2798 2125 1
2126 3763 1
3763 2126 1
2127 2986 1
2986 2127 1
2128 2133 1
2133 2128 1
2128 3844 1
3844 2128 1
2130 2136 1
2136 2130 1
2131 2134 1
2134 2131 1
2131 2798 1
2798 2131 1
2132 3825 1
3825 2132 1
2133 3845 1
3845 2133 1
2135 2144 1
2144 2135 1
2137 3202 1
3202 2137 1
2138 3682 1
3682 2138 1
2139 2160 1
2160 2139 1
2140 2141 1
2141 2140 1
2141 2146 1
2146 2141 1
2142 3683 1
3683 2142 1
2143 2150 1
2150 2143 1
2145 2146 1
2146 2145 1
2147 3616 1
3616 2147 1
2150 2661 1
2661 2150 1
2152 2903 1
2903 2152 1
2154 2902 1
2902 2154 1
2155 3239 1
3239 2155 1
2156 2173 1
2173 2156 1
2158 2159 1
2159 2158 1
2160 3585 1
3585 2160 1
2161 2170 1
2170 2161 1
2162 2169 1
2169 2162 1
2162 2989 1
2989 2162 1
2162 3869 1
3869 2162 1
2164 2177 1
2177 2164 1
2164 3827 1
3827 2164 1
2166 2901 1
2901 2166 1
2167 2902 1
2902 2167 1
2169 3885 1
3885 2169 1
2171 2172 1
2172 2171 1
2172 3675 1
3675 2172 1
2174 3372 1
3372 2174 1
2175 2176 1
2176 2175 1
2175 3239 1
3239 2175 1
2177 3192 1
3192 2177 1
2179 2693 1
2693 2179 1
2180 3235 1
3235 2180 1
2181 2869 1
2869 2181 1
2182 2692 1
2692 2182 1
2182 3474 1
3474 2182 1
2184 3234 1
3234 2184 1
2185 3398 1
3398 2185 1
2186 2190 1
2190 2186 1
2187 2861 1
2861 2187 1
2188 3142 1
3142 2188 1
2188 3832 1
3832 2188 1
2190 3215 1
3215 2190 1
2191 2194 1
2194 2191 1
2191 2823 1
2823 2191 1
2195 2197 1
2197 2195 1
2195 3372 1
3372 2195 1
2196 3372 1
3372 2196 1
2199 2893 1
2893 2199 1
2199 3734 1
3734 2199 1
2200 2833 1
2833 2200 1
2201 2212 1
2212 2201 1
2202 3754 1
3754 2202 1
2203 3206 1
3206 2203 1
2204 2207 1
2207 2204 1
2205 3618 1
3618 2205 1
2207 2802 1
2802 2207 1
2209 2893 1
2893 2209 1
2212 3754 1
3754 2212 1
2213 3726 1
3726 2213 1
2214 2224 1
2224 2214 1
2215 2793 1
2793 2215 1
2216 3118 1
3118 2216 1
2217 2218 1
2218 2217 1
2218 3541 1
3541 2218 1
2219 2805 1
2805 2219 1
2220 2754 1
2754 2220 1
2220 3118 1
3118 2220 1
2222 3750 1
3750 2222 1
2223 2906 1
2906 2223 1
2223 3548 1
3548 2223 1
2225 3105 1
3105 2225 1
2225 3149 1
3149 2225 1
2226 3609 1
3609 2226 1
2227 2906 1
2906 2227 1
2227 3018 1
3018 2227 1
2227 3548 1
3548 2227 1
2228 3751 1
3751 2228 1
2229 2230 1
2230 2229 1
2232 2802 1
2802 2232 1
2233 3506 1
3506 2233 1
2234 2804 1
2804 2234 1
2235 3381 1
3381 2235 1
2236 3048 1
3048 2236 1
2237 3146 1
3146 2237 1
2237 3609 1
3609 2237 1
2238 3147 1
3147 2238 1
2239 3427 1
3427 2239 1
2240 3579 1
3579 2240 1
2241 2242 1
2242 2241 1
2243 3579 1
3579 2243 1
2246 2247 1
2247 2246 1
2247 3100 1
3100 2247 1
2248 2249 1
2249 2248 1
2250 3099 1
3099 2250 1
2251 3099 1
3099 2251 1
2252 3100 1
3100 2252 1
2253 3374 1
3374 2253 1
2254 3410 1
3410 2254 1
2254 3411 1
3411 2254 1
2254 3792 1
3792 2254 1
2255 3100 1
3100 2255 1
2256 3688 1
3688 2256 1
2259 3121 1
3121 2259 1
2261 3336 1
3336 2261 1
2262 3374 1
3374 2262 1
2263 2264 1
2264 2263 1
2265 3334 1
3334 2265 1
2266 2975 1
2975 2266 1
2268 2477 1
2477 2268 1
2268 2730 1
2730 2268 1
2269 2688 1
2688 2269 1
2269 2730 1
2730 2269 1
2270 2275 1
2275 2270 1
2270 3043 1
3043 2270 1
2271 3043 1
3043 2271 1
2272 3111 1
3111 2272 1
2273 2950 1
2950 2273 1
2274 2950 1
2950 2274 1
2275 2645 1
2645 2275 1
2276 3043 1
3043 2276 1
2277 2278 1
2278 2277 1
2278 3858 1
3858 2278 1
2279 2875 1
2875 2279 1
2279 2876 1
2876 2279 1
2280 2281 1
2281 2280 1
2282 3876 1
3876 2282 1
2283 3792 1
3792 2283 1
2283 3876 1
3876 2283 1
2285 2477 1
2477 2285 1
2285 2601 1
2601 2285 1
2287 2535 1
2535 2287 1
2289 2290 1
2290 2289 1
2290 2598 1
2598 2290 1
2291 3060 1
3060 2291 1
2291 3833 1
3833 2291 1
2292 2599 1
2599 2292 1
2294 3111 1
3111 2294 1
2295 3060 1
3060 2295 1
2298 3385 1
3385 2298 1
2299 2300 1
2300 2299 1
2299 2919 1
2919 2299 1
2300 2685 1
2685 2300 1
2301 2313 1
2313 2301 1
2301 3575 1
3575 2301 1
2302 3052 1
3052 2302 1
2303 3151 1
3151 2303 1
2304 2305 1
2305 2304 1
2306 3053 1
3053 2306 1
2308 2319 1
2319 2308 1
2309 2323 1
2323 2309 1
2310 2329 1
2329 2310 1
2311 2312 1
2312 2311 1
2311 3053 1
3053 2311 1
2312 2325 1
2325 2312 1
2312 2446 1
2446 2312 1
2313 2319 1
2319 2313 1
2314 3252 1
3252 2314 1
2315 2324 1
2324 2315 1
2315 3569 1
3569 2315 1
2316 2317 1
2317 2316 1
2317 2783 1
2783 2317 1
2318 2784 1
2784 2318 1
2320 2324 1
2324 2320 1
2321 2464 1
2464 2321 1
2322 3092 1
3092 2322 1
2325 3053 1
3053 2325 1
2326 2677 1
2677 2326 1
2326 3052 1
3052 2326 1
2328 3626 1
3626 2328 1
2329 2929 1
2929 2329 1
2330 3657 1
3657 2330 1
2331 3387 1
3387 2331 1
2332 2347 1
2347 2332 1
2333 2337 1
2337 2333 1
2334 2343 1
2343 2334 1
2334 2345 1
2345 2334 1
2334 3671 1
3671 2334 1
2335 2339 1
2339 2335 1
2336 3252 1
3252 2336 1
2339 3236 1
3236 2339 1
2340 3656 1
3656 2340 1
2341 2342 1
2342 2341 1
2341 2348 1
2348 2341 1
2343 2345 1
2345 2343 1
2344 3517 1
3517 2344 1
2346 2931 1
2931 2346 1
2348 3627 1
3627 2348 1
2349 3655 1
3655 2349 1
2350 3713 1
3713 2350 1
2351 2894 1
2894 2351 1
2351 3156 1
3156 2351 1
2352 2653 1
2653 2352 1
2354 3712 1
3712 2354 1
2356 3873 1
3873 2356 1
2357 2368 1
2368 2357 1
2357 3229 1
3229 2357 1
2358 3165 1
3165 2358 1
2358 3262 1
3262 2358 1
2360 3197 1
3197 2360 1
2361 3631 1
3631 2361 1
2362 2499 1
2499 2362 1
2363 2371 1
2371 2363 1
2363 3713 1
3713 2363 1
2364 2366 1
2366 2364 1
2364 2647 1
2647 2364 1
2365 2795 1
2795 2365 1
2366 2646 1
2646 2366 1
2367 2464 1
2464 2367 1
2367 3093 1
3093 2367 1
2368 3630 1
3630 2368 1
2369 3094 1
3094 2369 1
2369 3095 1
3095 2369 1
2372 2377 1
2377 2372 1
2373 2375 1
2375 2373 1
2373 3251 1
3251 2373 1
2375 3041 1
3041 2375 1
2376 2500 1
2500 2376 1
2376 2589 1
2589 2376 1
2377 2498 1
2498 2377 1
2378 2453 1
2453 2378 1
2378 3281 1
3281 2378 1
2379 3420 1
3420 2379 1
2381 2382 1
2382 2381 1
2381 3890 1
3890 2381 1
2383 3185 1
3185 2383 1
2385 2763 1
2763 2385 1
2386 2746 1
2746 2386 1
2387 3809 1
3809 2387 1
2387 3811 1
3811 2387 1
2388 3114 1
3114 2388 1
2388 3115 1
3115 2388 1
2389 3349 1
3349 2389 1
2389 3490 1
3490 2389 1
2390 3203 1
3203 2390 1
2390 3422 1
3422 2390 1
2391 3423 1
3423 2391 1
2392 3533 1
3533 2392 1
2393 2747 1
2747 2393 1
2393 3185 1
3185 2393 1
2394 3533 1
3533 2394 1
2395 2491 1
2491 2395 1
2395 3533 1
3533 2395 1
2396 2561 1
2561 2396 1
2396 3890 1
3890 2396 1
2397 3342 1
3342 2397 1
2398 3229 1
3229 2398 1
2399 3730 1
3730 2399 1
2400 3341 1
3341 2400 1
2401 2406 1
2406 2401 1
2401 3731 1
3731 2401 1
2402 2403 1
2403 2402 1
2403 2404 1
2404 2403 1
2404 3250 1
3250 2404 1
2405 2716 1
2716 2405 1
2406 3546 1
3546 2406 1
2407 3547 1
3547 2407 1
2408 2458 1
2458 2408 1
2409 3535 1
3535 2409 1
2410 2794 1
2794 2410 1
2411 3344 1
3344 2411 1
2412 2422 1
2422 2412 1
2412 3790 1
3790 2412 1
2413 2415 1
2415 2413 1
2413 2501 1
2501 2413 1
2414 2502 1
2502 2414 1
2415 2416 1
2416 2415 1
2417 3863 1
3863 2417 1
2418 3864 1
3864 2418 1
2419 3275 1
3275 2419 1
2419 3276 1
3276 2419 1
2420 3867 1
3867 2420 1
2422 2424 1
2424 2422 1
2423 2565 1
2565 2423 1
2425 3103 1
3103 2425 1
2425 3794 1
3794 2425 1
2427 2742 1
2742 2427 1
2428 2429 1
2429 2428 1
2428 2759 1
2759 2428 1
2429 3064 1
3064 2429 1
2430 3264 1
3264 2430 1
2431 2945 1
2945 2431 1
2431 3897 1
3897 2431 1
2432 3000 1
3000 2432 1
2432 3001 1
3001 2432 1
2433 2434 1
2434 2433 1
2435 3319 1
3319 2435 1
2436 3426 1
3426 2436 1
2437 3877 1
3877 2437 1
2439 2719 1
2719 2439 1
2439 3681 1
3681 2439 1
2440 2639 1
2639 2440 1
2441 3145 1
3145 2441 1
2442 2447 1
2447 2442 1
2442 2448 1
2448 2442 1
2443 2718 1
2718 2443 1
2443 2979 1
2979 2443 1
2444 2493 1
2493 2444 1
2445 2447 1
2447 2445 1
2445 2493 1
2493 2445 1
2447 2448 1
2448 2447 1
2448 3207 1
3207 2448 1
2449 2450 1
2450 2449 1
2449 2939 1
2939 2449 1
2449 2942 1
2942 2449 1
2450 2852 1
2852 2450 1
2451 2518 1
2518 2451 1
2452 2453 1
2453 2452 1
2452 2656 1
2656 2452 1
2452 3407 1
3407 2452 1
2453 2656 1
2656 2453 1
2454 2455 1
2455 2454 1
2454 2603 1
2603 2454 1
2454 2745 1
2745 2454 1
2455 2745 1
2745 2455 1
2455 2883 1
2883 2455 1
2456 2457 1
2457 2456 1
2456 2528 1
2528 2456 1
2456 3313 1
3313 2456 1
2457 2481 1
2481 2457 1
2457 3313 1
3313 2457 1
2458 3880 1
3880 2458 1
2459 2485 1
2485 2459 1
2459 2526 1
2526 2459 1
2459 2527 1
2527 2459 1
2460 2461 1
2461 2460 1
2460 3476 1
3476 2460 1
2460 3574 1
3574 2460 1
2461 2472 1
2472 2461 1
2461 3340 1
3340 2461 1
2461 3574 1
3574 2461 1
2462 2463 1
2463 2462 1
2462 3646 1
3646 2462 1
2463 3768 1
3768 2463 1
2464 3092 1
3092 2464 1
2465 2466 1
2466 2465 1
2465 3323 1
3323 2465 1
2465 3813 1
3813 2465 1
2466 2934 1
2934 2466 1
2466 3322 1
3322 2466 1
2467 2468 1
2468 2467 1
2467 3741 1
3741 2467 1
2468 3465 1
3465 2468 1
2468 3466 1
3466 2468 1
2469 2470 1
2470 2469 1
2469 2909 1
2909 2469 1
2469 3834 1
3834 2469 1
2470 2750 1
2750 2470 1
2470 2822 1
2822 2470 1
2470 2909 1
2909 2470 1
2471 2939 1
2939 2471 1
2472 3339 1
3339 2472 1
2472 3340 1
3340 2472 1
2473 2474 1
2474 2473 1
2473 2799 1
2799 2473 1
2473 3289 1
3289 2473 1
2474 2509 1
2509 2474 1
2474 3289 1
3289 2474 1
2475 3756 1
3756 2475 1
2476 2577 1
2577 2476 1
2476 2578 1
2578 2476 1
2476 3352 1
3352 2476 1
2477 2660 1
2660 2477 1
2478 3768 1
3768 2478 1
2478 3769 1
3769 2478 1
2479 2480 1
2480 2479 1
2479 2886 1
2886 2479 1
2479 3670 1
3670 2479 1
2480 3769 1
3769 2480 1
2480 3865 1
3865 2480 1
2481 2482 1
2482 2481 1
2481 2529 1
2529 2481 1
2482 2594 1
2594 2482 1
2482 2595 1
2595 2482 1
2483 2484 1
2484 2483 1
2483 3188 1
3188 2483 1
2483 3576 1
3576 2483 1
2484 3807 1
3807 2484 1
2484 3808 1
3808 2484 1
2485 2932 1
2932 2485 1
2485 2933 1
2933 2485 1
2486 2487 1
2487 2486 1
2486 2954 1
2954 2486 1
2487 3428 1
3428 2487 1
2487 3429 1
3429 2487 1
2488 2489 1
2489 2488 1
2488 3303 1
3303 2488 1
2488 3304 1
3304 2488 1
2489 2849 1
2849 2489 1
2489 3305 1
3305 2489 1
2490 2491 1
2491 2490 1
2490 2746 1
2746 2490 1
2490 2747 1
2747 2490 1
2491 3260 1
3260 2491 1
2494 2495 1
2495 2494 1
2494 2948 1
2948 2494 1
2494 3077 1
3077 2494 1
2495 2496 1
2496 2495 1
2496 2497 1
2497 2496 1
2497 3077 1
3077 2497 1
2497 3078 1
3078 2497 1
2498 2499 1
2499 2498 1
2498 3282 1
3282 2498 1
2499 2589 1
2589 2499 1
2500 3282 1
3282 2500 1
2500 3283 1
3283 2500 1
2501 2502 1
2502 2501 1
2501 3660 1
3660 2501 1
2502 3748 1
3748 2502 1
2503 2504 1
2504 2503 1
2503 2678 1
2678 2503 1
2503 2679 1
2679 2503 1
2504 2679 1
2679 2504 1
2504 2680 1
2680 2504 1
2505 2860 1
2860 2505 1
2505 3730 1
3730 2505 1
2506 3382 1
3382 2506 1
2507 2508 1
2508 2507 1
2507 2702 1
2702 2507 1
2507 3158 1
3158 2507 1
2508 2701 1
2701 2508 1
2508 2702 1
2702 2508 1
2509 2512 1
2512 2509 1
2509 3197 1
3197 2509 1
2510 2511 1
2511 2510 1
2510 3330 1
3330 2510 1
2510 3648 1
3648 2510 1
2510 3649 1
3649 2510 1
2511 3486 1
3486 2511 1
2511 3649 1
3649 2511 1
2512 3015 1
3015 2512 1
2512 3016 1
3016 2512 1
2513 2514 1
2514 2513 1
2513 2795 1
2795 2513 1
2513 3022 1
3022 2513 1
2514 2515 1
2515 2514 1
2515 2516 1
2516 2515 1
2516 3458 1
3458 2516 1
2517 2518 1
2518 2517 1
2517 2604 1
2604 2517 1
2519 2520 1
2520 2519 1
2519 2633 1
2633 2519 1
2519 3384 1
3384 2519 1
2520 3224 1
3224 2520 1
2520 3225 1
3225 2520 1
2521 2522 1
2522 2521 1
2521 3224 1
3224 2521 1
2521 3590 1
3590 2521 1
2522 2633 1
2633 2522 1
2522 2634 1
2634 2522 1
2523 2524 1
2524 2523 1
2523 2555 1
2555 2523 1
2523 2694 1
2694 2523 1
2524 2694 1
2694 2524 1
2524 2826 1
2826 2524 1
2525 2526 1
2526 2525 1
2525 2528 1
2528 2525 1
2525 3313 1
3313 2525 1
2526 2527 1
2527 2526 1
2527 2528 1
2528 2527 1
2529 2595 1
2595 2529 1
2529 3868 1
3868 2529 1
2530 3140 1
3140 2530 1
2531 2532 1
2532 2531 1
2531 2888 1
2888 2531 1
2532 2559 1
2559 2532 1
2534 2535 1
2535 2534 1
2534 2706 1
2706 2534 1
2534 2707 1
2707 2534 1
2535 2707 1
2707 2535 1
2536 2629 1
2629 2536 1
2536 2839 1
2839 2536 1
2536 3814 1
3814 2536 1
2537 2538 1
2538 2537 1
2537 3504 1
3504 2537 1
2537 3572 1
3572 2537 1
2538 3571 1
3571 2538 1
2538 3572 1
3572 2538 1
2539 2540 1
2540 2539 1
2539 2658 1
2658 2539 1
2539 3125 1
3125 2539 1
2539 3288 1
3288 2539 1
2540 2658 1
2658 2540 1
2540 2659 1
2659 2540 1
2541 3330 1
3330 2541 1
2541 3464 1
3464 2541 1
2542 2543 1
2543 2542 1
2542 2703 1
2703 2542 1
2542 2958 1
2958 2542 1
2543 2959 1
2959 2543 1
2543 3431 1
3431 2543 1
2543 3534 1
3534 2543 1
2544 2545 1
2545 2544 1
2544 3394 1
3394 2544 1
2545 2724 1
2724 2545 1
2545 2725 1
2725 2545 1
2546 2547 1
2547 2546 1
2546 2985 1
2985 2546 1
2546 3333 1
3333 2546 1
2547 2711 1
2711 2547 1
2547 3357 1
3357 2547 1
2548 2549 1
2549 2548 1
2548 3145 1
3145 2548 1
2549 3432 1
3432 2549 1
2549 3433 1
3433 2549 1
2550 2551 1
2551 2550 1
2550 3432 1
3432 2550 1
2550 3433 1
3433 2550 1
2551 3152 1
3152 2551 1
2552 2553 1
2553 2552 1
2552 2616 1
2616 2552 1
2552 2619 1
2619 2552 1
2553 3014 1
3014 2553 1
2554 2817 1
2817 2554 1
2554 2995 1
2995 2554 1
2554 3169 1
3169 2554 1
2555 3220 1
3220 2555 1
2555 3459 1
3459 2555 1
2556 2557 1
2557 2556 1
2556 3085 1
3085 2556 1
2556 3226 1
3226 2556 1
2557 3085 1
3085 2557 1
2557 3193 1
3193 2557 1
2557 3228 1
3228 2557 1
2558 2778 1
2778 2558 1
2559 2727 1
2727 2559 1
2560 2561 1
2561 2560 1
2560 2573 1
2573 2560 1
2561 3349 1
3349 2561 1
2562 2598 1
2598 2562 1
2562 3040 1
3040 2562 1
2562 3727 1
3727 2562 1
2563 3299 1
3299 2563 1
2564 2565 1
2565 2564 1
2564 2815 1
2815 2564 1
2566 2853 1
2853 2566 1
2566 2892 1
2892 2566 1
2567 2568 1
2568 2567 1
2567 2624 1
2624 2567 1
2567 2667 1
2667 2567 1
2568 3692 1
3692 2568 1
2569 2570 1
2570 2569 1
2570 2914 1
2914 2570 1
2571 2572 1
2572 2571 1
2571 2913 1
2913 2571 1
2571 2914 1
2914 2571 1
2572 2857 1
2857 2572 1
2572 2913 1
2913 2572 1
2573 2574 1
2574 2573 1
2573 2592 1
2592 2573 1
2574 2575 1
2575 2574 1
2575 2576 1
2576 2575 1
2575 3184 1
3184 2575 1
2577 2578 1
2578 2577 1
2577 3832 1
3832 2577 1
2578 3143 1
3143 2578 1
2579 2580 1
2580 2579 1
2579 3226 1
3226 2579 1
2579 3802 1
3802 2579 1
2580 2816 1
2816 2580 1
2580 3804 1
3804 2580 1
2581 2582 1
2582 2581 1
2581 3481 1
3481 2581 1
2581 3812 1
3812 2581 1
2582 3302 1
3302 2582 1
2582 3481 1
3481 2582 1
2583 2941 1
2941 2583 1
2583 3849 1
3849 2583 1
2584 2585 1
2585 2584 1
2584 3399 1
3399 2584 1
2584 3400 1
3400 2584 1
2585 3435 1
3435 2585 1
2586 2715 1
2715 2586 1
2586 3415 1
3415 2586 1
2586 3416 1
3416 2586 1
2587 2588 1
2588 2587 1
2587 3056 1
3056 2587 1
2587 3057 1
3057 2587 1
2588 3057 1
3057 2588 1
2589 3884 1
3884 2589 1
2590 2591 1
2591 2590 1
2590 2593 1
2593 2590 1
2590 3348 1
3348 2590 1
2591 2689 1
2689 2591 1
2591 3863 1
3863 2591 1
2592 2593 1
2593 2592 1
2592 3644 1
3644 2592 1
2593 3349 1
3349 2593 1
2594 2595 1
2595 2594 1
2594 3868 1
3868 2594 1
2596 2597 1
2597 2596 1
2596 3116 1
3116 2596 1
2597 3097 1
3097 2597 1
2598 2876 1
2876 2598 1
2599 2848 1
2848 2599 1
2600 2601 1
2601 2600 1
2600 2730 1
2730 2600 1
2602 2603 1
2603 2602 1
2602 2719 1
2719 2602 1
2602 3681 1
3681 2602 1
2603 2720 1
2720 2603 1
2604 2605 1
2605 2604 1
2604 3587 1
3587 2604 1
2605 3638 1
3638 2605 1
2606 3244 1
3244 2606 1
2607 2608 1
2608 2607 1
2607 3211 1
3211 2607 1
2608 3591 1
3591 2608 1
2609 2610 1
2610 2609 1
2609 2853 1
2853 2609 1
2609 2854 1
2854 2609 1
2610 2854 1
2854 2610 1
2610 2897 1
2897 2610 1
2611 2875 1
2875 2611 1
2611 2876 1
2876 2611 1
2612 2613 1
2613 2612 1
2612 2807 1
2807 2612 1
2612 3054 1
3054 2612 1
2612 3055 1
3055 2612 1
2613 2807 1
2807 2613 1
2613 3054 1
3054 2613 1
2614 2615 1
2615 2614 1
2614 2621 1
2621 2614 1
2615 2922 1
2922 2615 1
2616 2617 1
2617 2616 1
2616 2619 1
2619 2616 1
2617 2618 1
2618 2617 1
2617 3029 1
3029 2617 1
2618 2619 1
2619 2618 1
2618 3030 1
3030 2618 1
2620 2621 1
2621 2620 1
2620 2832 1
2832 2620 1
2621 3586 1
3586 2621 1
2622 2623 1
2623 2622 1
2622 3523 1
3523 2622 1
2622 3586 1
3586 2622 1
2623 3522 1
3522 2623 1
2623 3674 1
3674 2623 1
2624 2625 1
2625 2624 1
2624 2668 1
2668 2624 1
2626 2835 1
2835 2626 1
2627 2628 1
2628 2627 1
2627 3396 1
3396 2627 1
2628 3396 1
3396 2628 1
2629 2630 1
2630 2629 1
2629 2840 1
2840 2629 1
2630 2631 1
2631 2630 1
2630 3814 1
3814 2630 1
2631 3516 1
3516 2631 1
2631 3556 1
3556 2631 1
2632 2820 1
2820 2632 1
2632 2960 1
2960 2632 1
2632 3536 1
3536 2632 1
2633 2634 1
2634 2633 1
2635 2636 1
2636 2635 1
2635 3163 1
3163 2635 1
2637 2638 1
2638 2637 1
2637 3647 1
3647 2637 1
2638 2669 1
2669 2638 1
2638 3071 1
3071 2638 1
2639 3277 1
3277 2639 1
2640 2641 1
2641 2640 1
2640 2768 1
2768 2640 1
2641 2768 1
2768 2641 1
2642 2643 1
2643 2642 1
2642 2841 1
2841 2642 1
2642 2844 1
2844 2642 1
2643 2748 1
2748 2643 1
2643 2749 1
2749 2643 1
2644 2645 1
2645 2644 1
2645 2875 1
2875 2645 1
2647 3333 1
3333 2647 1
2648 2649 1
2649 2648 1
2648 3849 1
3849 2648 1
2650 2651 1
2651 2650 1
2650 2961 1
2961 2650 1
2650 3600 1
3600 2650 1
2651 2839 1
2839 2651 1
2651 3814 1
3814 2651 1
2652 2653 1
2653 2652 1
2652 3241 1
3241 2652 1
2652 3242 1
3242 2652 1
2653 3268 1
3268 2653 1
2654 2655 1
2655 2654 1
2654 2752 1
2752 2654 1
2654 2753 1
2753 2654 1
2655 2672 1
2672 2655 1
2655 2673 1
2673 2655 1
2656 3281 1
3281 2656 1
2657 2966 1
2966 2657 1
2657 3121 1
3121 2657 1
2658 3081 1
3081 2658 1
2658 3126 1
3126 2658 1
2659 2966 1
2966 2659 1
2659 2967 1
2967 2659 1
2660 2811 1
2811 2660 1
2661 3202 1
3202 2661 1
2662 3213 1
3213 2662 1
2662 3695 1
3695 2662 1
2662 3696 1
3696 2662 1
2663 3696 1
3696 2663 1
2663 3842 1
3842 2663 1
2664 2665 1
2665 2664 1
2664 3032 1
3032 2664 1
2664 3818 1
3818 2664 1
2665 2666 1
2666 2665 1
2665 2867 1
2867 2665 1
2666 3715 1
3715 2666 1
2666 3852 1
3852 2666 1
2667 3165 1
3165 2667 1
2667 3166 1
3166 2667 1
2668 3011 1
3011 2668 1
2669 3245 1
3245 2669 1
2670 2671 1
2671 2670 1
2670 2790 1
2790 2670 1
2671 3246 1
3246 2671 1
2671 3314 1
3314 2671 1
2672 3377 1
3377 2672 1
2672 3378 1
3378 2672 1
2673 2752 1
2752 2673 1
2673 3034 1
3034 2673 1
2673 3378 1
3378 2673 1
2674 2675 1
2675 2674 1
2674 2737 1
2737 2674 1
2675 2737 1
2737 2675 1
2676 2677 1
2677 2676 1
2676 3151 1
3151 2676 1
2676 3568 1
3568 2676 1
2677 3568 1
3568 2677 1
2678 2681 1
2681 2678 1
2678 2951 1
2951 2678 1
2679 2680 1
2680 2679 1
2680 2681 1
2681 2680 1
2681 2952 1
2952 2681 1
2682 3035 1
3035 2682 1
2683 2857 1
2857 2683 1
2684 2685 1
2685 2684 1
2684 2878 1
2878 2684 1
2684 2919 1
2919 2684 1
2685 2879 1
2879 2685 1
2686 2801 1
2801 2686 1
2686 3208 1
3208 2686 1
2686 3747 1
3747 2686 1
2687 2688 1
2688 2687 1
2687 2729 1
2729 2687 1
2688 2729 1
2729 2688 1
2689 2757 1
2757 2689 1
2689 2758 1
2758 2689 1
2690 2691 1
2691 2690 1
2690 2736 1
2736 2690 1
2691 2904 1
2904 2691 1
2691 3086 1
3086 2691 1
2692 2693 1
2693 2692 1
2692 3140 1
3140 2692 1
2693 2833 1
2833 2693 1
2694 2828 1
2828 2694 1
2695 2696 1
2696 2695 1
2695 2698 1
2698 2695 1
2695 3283 1
3283 2695 1
2696 2934 1
2934 2696 1
2696 3797 1
3797 2696 1
2697 2698 1
2698 2697 1
2697 3134 1
3134 2697 1
2697 3797 1
3797 2697 1
2698 3133 1
3133 2698 1
2699 2700 1
2700 2699 1
2699 3025 1
3025 2699 1
2700 3024 1
3024 2700 1
2701 2827 1
2827 2701 1
2701 2828 1
2828 2701 1
2702 2828 1
2828 2702 1
2703 3534 1
3534 2703 1
2704 2705 1
2705 2704 1
2704 2849 1
2849 2704 1
2704 3316 1
3316 2704 1
2705 3284 1
3284 2705 1
2705 3285 1
3285 2705 1
2706 3321 1
3321 2706 1
2706 3324 1
3324 2706 1
2707 2935 1
2935 2707 1
2708 2709 1
2709 2708 1
2708 2743 1
2743 2708 1
2709 3412 1
3412 2709 1
2709 3737 1
3737 2709 1
2710 2785 1
2785 2710 1
2710 3307 1
3307 2710 1
2711 2712 1
2712 2711 1
2711 3489 1
3489 2711 1
2712 2952 1
2952 2712 1
2712 3488 1
3488 2712 1
2713 2714 1
2714 2713 1
2713 3726 1
3726 2713 1
2713 3745 1
3745 2713 1
2714 3726 1
3726 2714 1
2714 3727 1
3727 2714 1
2716 2717 1
2717 2716 1
2716 3021 1
3021 2716 1
2717 3022 1
3022 2717 1
2718 3724 1
3724 2718 1
2718 3725 1
3725 2718 1
2719 2720 1
2720 2719 1
2720 2745 1
2745 2720 1
2721 2722 1
2722 2721 1
2721 2882 1
2882 2721 1
2721 2883 1
2883 2721 1
2722 2980 1
2980 2722 1
2723 3743 1
3743 2723 1
2725 2726 1
2726 2725 1
2725 3742 1
3742 2725 1
2726 3017 1
3017 2726 1
2727 2950 1
2950 2727 1
2728 2805 1
2805 2728 1
2728 2887 1
2887 2728 1
2729 2808 1
2808 2729 1
2731 2732 1
2732 2731 1
2731 2995 1
2995 2731 1
2732 2817 1
2817 2732 1
2732 2821 1
2821 2732 1
2733 2829 1
2829 2733 1
2733 3255 1
3255 2733 1
2734 2735 1
2735 2734 1
2734 2829 1
2829 2734 1
2735 3870 1
3870 2735 1
2736 2905 1
2905 2736 1
2736 3495 1
3495 2736 1
2739 2740 1
2740 2739 1
2740 3455 1
3455 2740 1
2740 3759 1
3759 2740 1
2741 2742 1
2742 2741 1
2741 2760 1
2760 2741 1
2741 3867 1
3867 2741 1
2742 3064 1
3064 2742 1
2743 2777 1
2777 2743 1
2744 2900 1
2900 2744 1
2744 2997 1
2997 2744 1
2744 3218 1
3218 2744 1
2745 2882 1
2882 2745 1
2746 2747 1
2747 2746 1
2748 2749 1
2749 2748 1
2748 2841 1
2841 2748 1
2749 3812 1
3812 2749 1
2750 2751 1
2751 2750 1
2750 3834 1
3834 2750 1
2750 3835 1
3835 2750 1
2751 2822 1
2822 2751 1
2751 3284 1
3284 2751 1
2752 3031 1
3031 2752 1
2753 2865 1
2865 2753 1
2753 2866 1
2866 2753 1
2754 3450 1
3450 2754 1
2755 2756 1
2756 2755 1
2755 3653 1
3653 2755 1
2756 3519 1
3519 2756 1
2757 2758 1
2758 2757 1
2757 3710 1
3710 2757 1
2758 3155 1
3155 2758 1
2759 2760 1
2760 2759 1
2759 3154 1
3154 2759 1
2759 3897 1
3897 2759 1
2760 3711 1
3711 2760 1
2761 2762 1
2762 2761 1
2761 3451 1
3451 2761 1
2761 3452 1
3452 2761 1
2762 3452 1
3452 2762 1
2762 3453 1
3453 2762 1
2763 3113 1
3113 2763 1
2764 3012 1
3012 2764 1
2764 3259 1
3259 2764 1
2765 3700 1
3700 2765 1
2766 2767 1
2767 2766 1
2766 3236 1
3236 2766 1
2767 2872 1
2872 2767 1
2768 2871 1
2871 2768 1
2769 2770 1
2770 2769 1
2769 2785 1
2785 2769 1
2769 2994 1
2994 2769 1
2770 2771 1
2771 2770 1
2770 2999 1
2999 2770 1
2771 2772 1
2772 2771 1
2771 2998 1
2998 2771 1
2771 3775 1
3775 2771 1
2773 2774 1
2774 2773 1
2773 3006 1
3006 2773 1
2773 3581 1
3581 2773 1
2774 3004 1
3004 2774 1
2774 3005 1
3005 2774 1
2775 2776 1
2776 2775 1
2775 3003 1
3003 2775 1
2776 3359 1
3359 2776 1
2776 3770 1
3770 2776 1
2777 2778 1
2778 2777 1
2777 3770 1
3770 2777 1
2779 2780 1
2780 2779 1
2779 2784 1
2784 2779 1
2779 3261 1
3261 2779 1
2780 3079 1
3079 2780 1
2781 2782 1
2782 2781 1
2781 3460 1
3460 2781 1
2782 3191 1
3191 2782 1
2782 3460 1
3460 2782 1
2783 2784 1
2784 2783 1
2783 3191 1
3191 2783 1
2785 2999 1
2999 2785 1
2786 2787 1
2787 2786 1
2786 2907 1
2907 2786 1
2786 2938 1
2938 2786 1
2787 2906 1
2906 2787 1
2787 2907 1
2907 2787 1
2788 2789 1
2789 2788 1
2788 3216 1
3216 2788 1
2789 2830 1
2830 2789 1
2790 3210 1
3210 2790 1
2791 3480 1
3480 2791 1
2791 3766 1
3766 2791 1
2791 3812 1
3812 2791 1
2792 3106 1
3106 2792 1
2792 3347 1
3347 2792 1
2792 3366 1
3366 2792 1
2794 3438 1
3438 2794 1
2794 3440 1
3440 2794 1
2795 3456 1
3456 2795 1
2796 2797 1
2797 2796 1
2797 3616 1
3616 2797 1
2799 2800 1
2800 2799 1
2799 3160 1
3160 2799 1
2800 3158 1
3158 2800 1
2800 3160 1
3160 2800 1
2801 3482 1
3482 2801 1
2801 3746 1
3746 2801 1
2802 3506 1
3506 2802 1
2803 2804 1
2804 2803 1
2803 2823 1
2823 2803 1
2803 2947 1
2947 2803 1
2804 2947 1
2947 2804 1
2806 3055 1
3055 2806 1
2806 3678 1
3678 2806 1
2807 2808 1
2808 2807 1
2809 2810 1
2810 2809 1
2809 2978 1
2978 2809 1
2810 3612 1
3612 2810 1
2810 3889 1
3889 2810 1
2811 3026 1
3026 2811 1
2811 3144 1
3144 2811 1
2812 2863 1
2863 2812 1
2812 3089 1
3089 2812 1
2813 2862 1
2862 2813 1
2813 2863 1
2863 2813 1
2813 3446 1
3446 2813 1
2814 3850 1
3850 2814 1
2815 3864 1
3864 2815 1
2816 3802 1
3802 2816 1
2816 3894 1
3894 2816 1
2817 3028 1
3028 2817 1
2818 2819 1
2819 2818 1
2818 3027 1
3027 2818 1
2818 3028 1
3028 2818 1
2819 2820 1
2820 2819 1
2819 3556 1
3556 2819 1
2820 2821 1
2821 2820 1
2821 2864 1
2864 2821 1
2822 2908 1
2908 2822 1
2823 2861 1
2861 2823 1
2824 2825 1
2825 2824 1
2824 2969 1
2969 2824 1
2824 3332 1
3332 2824 1
2825 3293 1
3293 2825 1
2826 2827 1
2827 2826 1
2826 3021 1
3021 2826 1
2827 3159 1
3159 2827 1
2829 3254 1
3254 2829 1
2830 3803 1
3803 2830 1
2831 3383 1
3383 2831 1
2831 3739 1
3739 2831 1
2832 3383 1
3383 2832 1
2834 2835 1
2835 2834 1
2834 3365 1
3365 2834 1
2834 3774 1
3774 2834 1
2835 3365 1
3365 2835 1
2836 2837 1
2837 2836 1
2836 2981 1
2981 2836 1
2836 2982 1
2982 2836 1
2837 3320 1
3320 2837 1
2837 3368 1
3368 2837 1
2838 2839 1
2839 2838 1
2838 3624 1
3624 2838 1
2838 3625 1
3625 2838 1
2840 2921 1
2921 2840 1
2840 3516 1
3516 2840 1
2840 3699 1
3699 2840 1
2841 2842 1
2842 2841 1
2842 2843 1
2843 2842 1
2842 2980 1
2980 2842 1
2843 2844 1
2844 2843 1
2843 3451 1
3451 2843 1
2844 3454 1
3454 2844 1
2845 2846 1
2846 2845 1
2845 2848 1
2848 2845 1
2846 3267 1
3267 2846 1
2846 3268 1
3268 2846 1
2847 2848 1
2848 2847 1
2847 3267 1
3267 2847 1
2849 2951 1
2951 2849 1
2850 2851 1
2851 2850 1
2850 3159 1
3159 2850 1
2850 3290 1
3290 2850 1
2850 3862 1
3862 2850 1
2851 3159 1
3159 2851 1
2851 3160 1
3160 2851 1
2853 2858 1
2858 2853 1
2854 2858 1
2858 2854 1
2854 3020 1
3020 2854 1
2855 2877 1
2877 2855 1
2856 3036 1
3036 2856 1
2856 3271 1
3271 2856 1
2857 2877 1
2877 2857 1
2858 2892 1
2892 2858 1
2859 2860 1
2860 2859 1
2859 3732 1
3732 2859 1
2860 3732 1
3732 2860 1
2861 3520 1
3520 2861 1
2862 2863 1
2863 2862 1
2862 3447 1
3447 2862 1
2864 3536 1
3536 2864 1
2865 2867 1
2867 2865 1
2865 3031 1
3031 2865 1
2866 3096 1
3096 2866 1
2867 3031 1
3031 2867 1
2867 3032 1
3032 2867 1
2869 3605 1
3605 2869 1
2869 3606 1
3606 2869 1
2870 3756 1
3756 2870 1
2871 2872 1
2872 2871 1
2871 2874 1
2874 2871 1
2872 2873 1
2873 2872 1
2873 2874 1
2874 2873 1
2877 3669 1
3669 2877 1
2878 2879 1
2879 2878 1
2878 2915 1
2915 2878 1
2879 3150 1
3150 2879 1
2880 2881 1
2881 2880 1
2880 3051 1
3051 2880 1
2880 3150 1
3150 2880 1
2881 2915 1
2915 2881 1
2881 2916 1
2916 2881 1
2882 2883 1
2883 2882 1
2884 2885 1
2885 2884 1
2885 3343 1
3343 2885 1
2887 2888 1
2888 2887 1
2887 3369 1
3369 2887 1
2888 3019 1
3019 2888 1
2889 2890 1
2890 2889 1
2889 3693 1
3693 2889 1
2890 3259 1
3259 2890 1
2890 3260 1
3260 2890 1
2891 2892 1
2892 2891 1
2891 3667 1
3667 2891 1
2891 3668 1
3668 2891 1
2893 3733 1
3733 2893 1
2894 2895 1
2895 2894 1
2894 3598 1
3598 2894 1
2895 3156 1
3156 2895 1
2895 3157 1
3157 2895 1
2896 3539 1
3539 2896 1
2896 3848 1
3848 2896 1
2897 2898 1
2898 2897 1
2897 3375 1
3375 2897 1
2898 2899 1
2899 2898 1
2898 3250 1
3250 2898 1
2899 3020 1
3020 2899 1
2899 3250 1
3250 2899 1
2900 2997 1
2997 2900 1
2900 3444 1
3444 2900 1
2901 2903 1
2903 2901 1
2901 3831 1
3831 2901 1
2902 2903 1
2903 2902 1
2904 2905 1
2905 2904 1
2904 2907 1
2907 2904 1
2904 3505 1
3505 2904 1
2905 3499 1
3499 2905 1
2908 3477 1
3477 2908 1
2909 3477 1
3477 2909 1
2910 2937 1
2937 2910 1
2910 3046 1
3046 2910 1
2911 2912 1
2912 2911 1
2911 3216 1
3216 2911 1
2912 3802 1
3802 2912 1
2913 2990 1
2990 2913 1
2914 2991 1
2991 2914 1
2915 2920 1
2920 2915 1
2916 2920 1
2920 2916 1
2916 3050 1
3050 2916 1
2916 3602 1
3602 2916 1
2917 2918 1
2918 2917 1
2917 3491 1
3491 2917 1
2918 3610 1
3610 2918 1
2918 3611 1
3611 2918 1
2919 3230 1
3230 2919 1
2921 2982 1
2982 2921 1
2921 3699 1
3699 2921 1
2922 2923 1
2923 2922 1
2922 3882 1
3882 2922 1
2923 3409 1
3409 2923 1
2924 2925 1
2925 2924 1
2924 2987 1
2987 2924 1
2924 2988 1
2988 2924 1
2925 2987 1
2987 2925 1
2925 3882 1
3882 2925 1
2926 2927 1
2927 2926 1
2926 3842 1
3842 2926 1
2927 3212 1
3212 2927 1
2927 3213 1
3213 2927 1
2928 2929 1
2929 2928 1
2929 3122 1
3122 2929 1
2930 3079 1
3079 2930 1
2930 3738 1
3738 2930 1
2931 3517 1
3517 2931 1
2932 2933 1
2933 2932 1
2932 3470 1
3470 2932 1
2933 3027 1
3027 2933 1
2934 3321 1
3321 2934 1
2935 2936 1
2936 2935 1
2935 3337 1
3337 2935 1
2936 3337 1
3337 2936 1
2936 3577 1
3577 2936 1
2938 3018 1
3018 2938 1
2938 3601 1
3601 2938 1
2939 2940 1
2940 2939 1
2940 2941 1
2941 2940 1
2940 3280 1
3280 2940 1
2941 2942 1
2942 2941 1
2943 2944 1
2944 2943 1
2944 3264 1
3264 2944 1
2945 2946 1
2946 2945 1
2945 3877 1
3877 2945 1
2946 3425 1
3425 2946 1
2948 2949 1
2949 2948 1
2948 2977 1
2977 2948 1
2948 3689 1
3689 2948 1
2949 3078 1
3078 2949 1
2949 3460 1
3460 2949 1
2951 3588 1
3588 2951 1
2952 3588 1
3588 2952 1
2953 2954 1
2954 2953 1
2953 2955 1
2955 2953 1
2953 3621 1
3621 2953 1
2954 2955 1
2955 2954 1
2954 3446 1
3446 2954 1
2955 3428 1
3428 2955 1
2956 2957 1
2957 2956 1
2956 3430 1
3430 2956 1
2956 3757 1
3757 2956 1
2957 3195 1
3195 2957 1
2957 3757 1
3757 2957 1
2958 2959 1
2959 2958 1
2958 3194 1
3194 2958 1
2959 3104 1
3104 2959 1
2960 2961 1
2961 2960 1
2960 3600 1
3600 2960 1
2961 3600 1
3600 2961 1
2962 2963 1
2963 2962 1
2962 3448 1
3448 2962 1
2963 3448 1
3448 2963 1
2964 3529 1
3529 2964 1
2964 3651 1
3651 2964 1
2964 3694 1
3694 2964 1
2965 3468 1
3468 2965 1
2966 3622 1
3622 2966 1
2967 3287 1
3287 2967 1
2967 3622 1
3622 2967 1
2968 2971 1
2971 2968 1
2968 3227 1
3227 2968 1
2969 3301 1
3301 2969 1
2970 3301 1
3301 2970 1
2972 3214 1
3214 2972 1
2972 3215 1
3215 2972 1
2973 3397 1
3397 2973 1
2974 3048 1
3048 2974 1
2975 3049 1
3049 2975 1
2976 2977 1
2977 2976 1
2976 3689 1
3689 2976 1
2977 3389 1
3389 2977 1
2978 3612 1
3612 2978 1
2979 3014 1
3014 2979 1
2981 3320 1
3320 2981 1
2981 3603 1
3603 2981 1
2981 3604 1
3604 2981 1
2982 3604 1
3604 2982 1
2983 2984 1
2984 2983 1
2983 3514 1
3514 2983 1
2984 3784 1
3784 2984 1
2984 3785 1
3785 2984 1
2985 3263 1
3263 2985 1
2985 3269 1
3269 2985 1
2986 2987 1
2987 2986 1
2988 2989 1
2989 2988 1
2988 3120 1
3120 2988 1
2989 3119 1
3119 2989 1
2990 2991 1
2991 2990 1
2990 3071 1
3071 2990 1
2991 3071 1
3071 2991 1
2992 2993 1
2993 2992 1
2992 3067 1
3067 2992 1
2992 3472 1
3472 2992 1
2993 3068 1
3068 2993 1
2993 3295 1
3295 2993 1
2994 3013 1
3013 2994 1
2995 3098 1
3098 2995 1
2996 3098 1
3098 2996 1
2997 3775 1
3775 2997 1
2998 2999 1
2999 2998 1
2998 3775 1
3775 2998 1
3000 3103 1
3103 3000 1
3001 3002 1
3002 3001 1
3001 3102 1
3102 3001 1
3002 3173 1
3173 3002 1
3002 3174 1
3174 3002 1
3003 3004 1
3004 3003 1
3004 3005 1
3005 3004 1
3005 3006 1
3006 3005 1
3006 3007 1
3007 3006 1
3007 3008 1
3008 3007 1
3007 3045 1
3045 3007 1
3008 3500 1
3500 3008 1
3009 3737 1
3737 3009 1
3010 3553 1
3553 3010 1
3010 3570 1
3570 3010 1
3011 3166 1
3166 3011 1
3012 3258 1
3258 3012 1
3013 3364 1
3364 3013 1
3013 3515 1
3515 3013 1
3015 3721 1
3721 3015 1
3015 3722 1
3722 3015 1
3016 3721 1
3721 3016 1
3016 3793 1
3793 3016 1
3017 3638 1
3638 3017 1
3017 3742 1
3742 3017 1
3018 3377 1
3377 3018 1
3019 3107 1
3107 3019 1
3020 3133 1
3133 3020 1
3020 3135 1
3135 3020 1
3021 3862 1
3862 3021 1
3022 3456 1
3456 3022 1
3023 3456 1
3456 3023 1
3023 3858 1
3858 3023 1
3024 3025 1
3025 3024 1
3024 3109 1
3109 3024 1
3025 3204 1
3204 3025 1
3026 3363 1
3363 3026 1
3027 3028 1
3028 3027 1
3029 3030 1
3030 3029 1
3029 3153 1
3153 3029 1
3030 3152 1
3152 3030 1
3032 3033 1
3033 3032 1
3033 3034 1
3034 3033 1
3033 3817 1
3817 3033 1
3034 3817 1
3817 3034 1
3035 3036 1
3036 3035 1
3036 3272 1
3272 3036 1
3038 3039 1
3039 3038 1
3038 3354 1
3354 3038 1
3038 3355 1
3355 3038 1
3039 3127 1
3127 3039 1
3039 3128 1
3128 3039 1
3040 3728 1
3728 3040 1
3041 3042 1
3042 3041 1
3041 3836 1
3836 3041 1
3042 3836 1
3836 3042 1
3044 3257 1
3257 3044 1
3045 3500 1
3500 3045 1
3045 3501 1
3501 3045 1
3046 3047 1
3047 3046 1
3048 3061 1
3061 3048 1
3049 3050 1
3050 3049 1
3049 3602 1
3602 3049 1
3050 3051 1
3051 3050 1
3051 3052 1
3052 3051 1
3054 3055 1
3055 3054 1
3056 3657 1
3657 3056 1
3056 3658 1
3658 3056 1
3057 3395 1
3395 3057 1
3058 3059 1
3059 3058 1
3058 3820 1
3820 3058 1
3058 3821 1
3821 3058 1
3059 3821 1
3821 3059 1
3060 3230 1
3230 3060 1
3061 3308 1
3308 3061 1
3062 3063 1
3063 3062 1
3062 3069 1
3069 3062 1
3062 3172 1
3172 3062 1
3063 3070 1
3070 3063 1
3066 3131 1
3131 3066 1
3066 3132 1
3132 3066 1
3067 3068 1
3068 3067 1
3067 3070 1
3070 3067 1
3068 3069 1
3069 3068 1
3069 3070 1
3070 3069 1
3071 3072 1
3072 3071 1
3072 3647 1
3647 3072 1
3073 3074 1
3074 3073 1
3074 3734 1
3734 3074 1
3075 3076 1
3076 3075 1
3075 3201 1
3201 3075 1
3075 3391 1
3391 3075 1
3076 3200 1
3200 3076 1
3076 3201 1
3201 3076 1
3077 3200 1
3200 3077 1
3080 3081 1
3081 3080 1
3080 3125 1
3125 3080 1
3080 3126 1
3126 3080 1
3081 3082 1
3082 3081 1
3081 3126 1
3126 3081 1
3082 3559 1
3559 3082 1
3083 3084 1
3084 3083 1
3086 3505 1
3505 3086 1
3087 3088 1
3088 3087 1
3087 3483 1
3483 3087 1
3087 3561 1
3561 3087 1
3088 3483 1
3483 3088 1
3088 3561 1
3561 3088 1
3089 3594 1
3594 3089 1
3090 3091 1
3091 3090 1
3090 3577 1
3577 3090 1
3090 3578 1
3578 3090 1
3091 3161 1
3161 3091 1
3091 3404 1
3404 3091 1
3093 3094 1
3094 3093 1
3094 3095 1
3095 3094 1
3095 3419 1
3419 3095 1
3096 3714 1
3714 3096 1
3096 3715 1
3715 3096 1
3097 3116 1
3116 3097 1
3098 3601 1
3601 3098 1
3099 3427 1
3427 3099 1
3101 3102 1
3102 3101 1
3101 3557 1
3557 3101 1
3101 3558 1
3558 3101 1
3102 3103 1
3103 3102 1
3104 3430 1
3430 3104 1
3104 3431 1
3431 3104 1
3105 3146 1
3146 3105 1
3106 3347 1
3347 3106 1
3106 3366 1
3366 3106 1
3106 3367 1
3367 3106 1
3107 3369 1
3369 3107 1
3107 3370 1
3370 3107 1
3108 3370 1
3370 3108 1
3109 3110 1
3110 3109 1
3109 3265 1
3265 3109 1
3110 3385 1
3385 3110 1
3110 3386 1
3386 3110 1
3112 3113 1
3113 3112 1
3113 3114 1
3114 3113 1
3114 3115 1
3115 3114 1
3117 3240 1
3240 3117 1
3117 3720 1
3720 3117 1
3117 3722 1
3722 3117 1
3117 3793 1
3793 3117 1
3119 3123 1
3123 3119 1
3119 3124 1
3124 3119 1
3120 3409 1
3409 3120 1
3120 3567 1
3567 3120 1
3122 3178 1
3178 3122 1
3122 3179 1
3179 3122 1
3123 3124 1
3124 3123 1
3123 3540 1
3540 3123 1
3124 3726 1
3726 3124 1
3127 3354 1
3354 3127 1
3127 3872 1
3872 3127 1
3128 3129 1
3129 3128 1
3128 3130 1
3130 3128 1
3129 3132 1
3132 3129 1
3129 3355 1
3355 3129 1
3130 3131 1
3131 3130 1
3132 3171 1
3171 3132 1
3133 3134 1
3134 3133 1
3133 3251 1
3251 3133 1
3134 3135 1
3135 3134 1
3135 3797 1
3797 3135 1
3136 3137 1
3137 3136 1
3136 3442 1
3442 3136 1
3136 3443 1
3443 3136 1
3137 3443 1
3443 3137 1
3137 3455 1
3455 3137 1
3138 3139 1
3139 3138 1
3138 3474 1
3474 3138 1
3139 3398 1
3398 3139 1
3140 3474 1
3474 3140 1
3141 3192 1
3192 3141 1
3141 3234 1
3234 3141 1
3142 3143 1
3143 3142 1
3142 3832 1
3832 3142 1
3143 3521 1
3521 3143 1
3144 3719 1
3719 3144 1
3146 3147 1
3147 3146 1
3147 3148 1
3148 3147 1
3148 3149 1
3149 3148 1
3149 3257 1
3257 3149 1
3150 3575 1
3575 3150 1
3151 3575 1
3575 3151 1
3152 3153 1
3153 3152 1
3154 3155 1
3155 3154 1
3154 3896 1
3896 3154 1
3155 3896 1
3896 3155 1
3157 3709 1
3709 3157 1
3157 3853 1
3853 3157 1
3158 3159 1
3159 3158 1
3160 3289 1
3289 3160 1
3161 3403 1
3403 3161 1
3162 3163 1
3163 3162 1
3162 3436 1
3436 3162 1
3164 3788 1
3788 3164 1
3167 3168 1
3168 3167 1
3167 3170 1
3170 3167 1
3167 3645 1
3645 3167 1
3168 3470 1
3470 3168 1
3168 3471 1
3471 3168 1
3169 3170 1
3170 3169 1
3169 3471 1
3471 3169 1
3170 3645 1
3645 3170 1
3171 3356 1
3356 3171 1
3172 3294 1
3294 3172 1
3173 3174 1
3174 3173 1
3174 3175 1
3175 3174 1
3175 3338 1
3338 3175 1
3175 3457 1
3457 3175 1
3176 3177 1
3177 3176 1
3176 3286 1
3286 3176 1
3176 3288 1
3288 3176 1
3177 3178 1
3178 3177 1
3177 3738 1
3738 3177 1
3178 3738 1
3738 3178 1
3179 3334 1
3334 3179 1
3179 3335 1
3335 3179 1
3180 3181 1
3181 3180 1
3180 3183 1
3183 3180 1
3180 3736 1
3736 3180 1
3181 3182 1
3182 3181 1
3181 3736 1
3736 3181 1
3182 3183 1
3183 3182 1
3182 3526 1
3526 3182 1
3183 3440 1
3440 3183 1
3183 3527 1
3527 3183 1
3184 3275 1
3275 3184 1
3184 3276 1
3276 3184 1
3184 3642 1
3642 3184 1
3185 3543 1
3543 3185 1
3186 3652 1
3652 3186 1
3187 3296 1
3296 3187 1
3188 3576 1
3576 3188 1
3188 3808 1
3808 3188 1
3189 3190 1
3190 3189 1
3189 3318 1
3318 3189 1
3190 3642 1
3642 3190 1
3190 3643 1
3643 3190 1
3191 3688 1
3688 3191 1
3192 3827 1
3827 3192 1
3193 3804 1
3804 3193 1
3193 3895 1
3895 3193 1
3194 3195 1
3195 3194 1
3194 3325 1
3325 3194 1
3195 3895 1
3895 3195 1
3197 3291 1
3291 3197 1
3198 3356 1
3356 3198 1
3199 3830 1
3830 3199 1
3200 3390 1
3390 3200 1
3201 3390 1
3390 3201 1
3202 3629 1
3629 3202 1
3203 3551 1
3551 3203 1
3204 3421 1
3421 3204 1
3204 3862 1
3862 3204 1
3205 3606 1
3606 3205 1
3205 3607 1
3607 3205 1
3206 3506 1
3506 3206 1
3206 3751 1
3751 3206 1
3207 3405 1
3405 3207 1
3208 3828 1
3828 3208 1
3208 3829 1
3829 3208 1
3209 3485 1
3485 3209 1
3209 3717 1
3717 3209 1
3209 3744 1
3744 3209 1
3210 3591 1
3591 3210 1
3210 3593 1
3593 3210 1
3211 3312 1
3312 3211 1
3212 3311 1
3311 3212 1
3212 3312 1
3312 3212 1
3213 3695 1
3695 3213 1
3214 3215 1
3215 3214 1
3217 3778 1
3778 3217 1
3218 3444 1
3444 3218 1
3218 3445 1
3445 3218 1
3219 3593 1
3593 3219 1
3220 3558 1
3558 3220 1
3220 3794 1
3794 3220 1
3221 3222 1
3222 3221 1
3223 3824 1
3824 3223 1
3224 3806 1
3806 3224 1
3225 3384 1
3384 3225 1
3225 3741 1
3741 3225 1
3226 3801 1
3801 3226 1
3228 3325 1
3325 3228 1
3229 3544 1
3544 3229 1
3229 3630 1
3630 3229 1
3231 3546 1
3546 3231 1
3232 3233 1
3233 3232 1
3232 3840 1
3840 3232 1
3233 3820 1
3820 3233 1
3233 3840 1
3840 3233 1
3234 3235 1
3235 3234 1
3235 3605 1
3605 3235 1
3237 3238 1
3238 3237 1
3237 3584 1
3584 3237 1
3237 3585 1
3585 3237 1
3238 3239 1
3239 3238 1
3238 3584 1
3584 3238 1
3240 3241 1
3241 3240 1
3240 3242 1
3242 3240 1
3241 3722 1
3722 3241 1
3242 3362 1
3362 3242 1
3244 3866 1
3866 3244 1
3245 3246 1
3246 3245 1
3245 3249 1
3249 3245 1
3246 3315 1
3315 3246 1
3247 3248 1
3248 3247 1
3247 3854 1
3854 3247 1
3247 3855 1
3855 3247 1
3248 3467 1
3467 3248 1
3249 3467 1
3467 3249 1
3249 3839 1
3839 3249 1
3250 3375 1
3375 3250 1
3253 3254 1
3254 3253 1
3253 3256 1
3256 3253 1
3253 3536 1
3536 3253 1
3254 3255 1
3255 3254 1
3255 3256 1
3256 3255 1
3258 3439 1
3439 3258 1
3258 3679 1
3679 3258 1
3259 3693 1
3693 3259 1
3260 3542 1
3542 3260 1
3262 3671 1
3671 3262 1
3263 3488 1
3488 3263 1
3263 3489 1
3489 3263 1
3265 3266 1
3266 3265 1
3267 3268 1
3268 3267 1
3269 3270 1
3270 3269 1
3269 3632 1
3632 3269 1
3270 3331 1
3331 3270 1
3270 3645 1
3645 3270 1
3271 3272 1
3272 3271 1
3273 3274 1
3274 3273 1
3273 3682 1
3682 3273 1
3273 3685 1
3685 3273 1
3274 3556 1
3556 3274 1
3274 3685 1
3685 3274 1
3276 3642 1
3642 3276 1
3277 3278 1
3278 3277 1
3279 3280 1
3280 3279 1
3279 3400 1
3400 3279 1
3279 3815 1
3815 3279 1
3281 3408 1
3408 3281 1
3282 3528 1
3528 3282 1
3283 3837 1
3837 3283 1
3284 3316 1
3316 3284 1
3284 3461 1
3461 3284 1
3285 3528 1
3528 3285 1
3285 3588 1
3588 3285 1
3286 3335 1
3335 3286 1
3286 3623 1
3623 3286 1
3287 3288 1
3288 3287 1
3287 3623 1
3623 3287 1
3289 3290 1
3290 3289 1
3290 3421 1
3421 3290 1
3290 3423 1
3423 3290 1
3291 3550 1
3550 3291 1
3291 3856 1
3856 3291 1
3292 3473 1
3473 3292 1
3292 3502 1
3502 3292 1
3293 3332 1
3332 3293 1
3294 3758 1
3758 3294 1
3295 3472 1
3472 3295 1
3295 3473 1
3473 3295 1
3296 3297 1
3297 3296 1
3298 3299 1
3299 3298 1
3302 3303 1
3303 3302 1
3302 3462 1
3462 3302 1
3303 3304 1
3304 3303 1
3304 3305 1
3305 3304 1
3305 3463 1
3463 3305 1
3306 3595 1
3595 3306 1
3306 3596 1
3596 3306 1
3308 3381 1
3381 3308 1
3309 3310 1
3310 3309 1
3309 3373 1
3373 3309 1
3310 3634 1
3634 3310 1
3311 3619 1
3619 3311 1
3314 3315 1
3315 3314 1
3314 3854 1
3854 3314 1
3315 3855 1
3855 3315 1
3316 3463 1
3463 3316 1
3317 3380 1
3380 3317 1
3317 3838 1
3838 3317 1
3317 3839 1
3839 3317 1
3318 3319 1
3319 3318 1
3318 3426 1
3426 3318 1
3319 3889 1
3889 3319 1
3320 3497 1
3497 3320 1
3320 3870 1
3870 3320 1
3321 3322 1
3322 3321 1
3322 3323 1
3323 3322 1
3323 3324 1
3324 3323 1
3323 3813 1
3813 3323 1
3324 3813 1
3813 3324 1
3326 3327 1
3327 3326 1
3326 3648 1
3648 3326 1
3326 3694 1
3694 3326 1
3327 3328 1
3328 3327 1
3327 3694 1
3694 3327 1
3328 3329 1
3329 3328 1
3329 3330 1
3330 3329 1
3329 3464 1
3464 3329 1
3331 3504 1
3504 3331 1
3331 3571 1
3571 3331 1
3331 3633 1
3633 3331 1
3333 3819 1
3819 3333 1
3334 3336 1
3336 3334 1
3335 3336 1
3336 3335 1
3337 3403 1
3403 3337 1
3338 3339 1
3339 3338 1
3339 3476 1
3476 3339 1
3340 3545 1
3545 3340 1
3341 3544 1
3544 3341 1
3341 3545 1
3545 3341 1
3342 3343 1
3343 3342 1
3342 3630 1
3630 3342 1
3344 3662 1
3662 3344 1
3345 3346 1
3346 3345 1
3345 3347 1
3347 3345 1
3345 3708 1
3708 3345 1
3346 3708 1
3708 3346 1
3348 3490 1
3490 3348 1
3348 3563 1
3563 3348 1
3350 3351 1
3351 3350 1
3350 3626 1
3626 3350 1
3350 3627 1
3627 3350 1
3351 3599 1
3599 3351 1
3352 3560 1
3560 3352 1
3353 3512 1
3512 3353 1
3354 3871 1
3871 3354 1
3358 3359 1
3359 3358 1
3358 3508 1
3508 3358 1
3358 3549 1
3549 3358 1
3359 3360 1
3360 3359 1
3360 3361 1
3361 3360 1
3360 3771 1
3771 3360 1
3361 3519 1
3519 3361 1
3361 3771 1
3771 3361 1
3362 3718 1
3718 3362 1
3363 3718 1
3718 3363 1
3365 3515 1
3515 3365 1
3366 3367 1
3367 3366 1
3368 3624 1
3624 3368 1
3368 3625 1
3625 3368 1
3370 3437 1
3437 3370 1
3371 3677 1
3677 3371 1
3373 3374 1
3374 3373 1
3373 3634 1
3634 3373 1
3377 3615 1
3615 3377 1
3378 3615 1
3615 3378 1
3379 3380 1
3380 3379 1
3379 3686 1
3686 3379 1
3380 3469 1
3469 3380 1
3382 3554 1
3554 3382 1
3382 3555 1
3555 3382 1
3383 3384 1
3384 3383 1
3385 3386 1
3386 3385 1
3386 3858 1
3858 3386 1
3388 3391 1
3391 3388 1
3388 3733 1
3733 3388 1
3389 3390 1
3390 3389 1
3392 3393 1
3393 3392 1
3392 3434 1
3434 3392 1
3393 3434 1
3434 3393 1
3394 3742 1
3742 3394 1
3395 3658 1
3658 3395 1
3396 3397 1
3397 3396 1
3397 3450 1
3450 3397 1
3398 3825 1
3825 3398 1
3399 3400 1
3400 3399 1
3399 3816 1
3816 3399 1
3401 3402 1
3402 3401 1
3402 3750 1
3750 3402 1
3403 3404 1
3404 3403 1
3404 3577 1
3577 3404 1
3405 3406 1
3406 3405 1
3407 3408 1
3408 3407 1
3409 3447 1
3447 3409 1
3410 3411 1
3411 3410 1
3410 3729 1
3729 3410 1
3411 3807 1
3807 3411 1
3412 3413 1
3413 3412 1
3413 3414 1
3414 3413 1
3413 3791 1
3791 3413 1
3414 3415 1
3415 3414 1
3414 3791 1
3791 3414 1
3416 3417 1
3417 3416 1
3417 3418 1
3418 3417 1
3417 3638 1
3638 3417 1
3419 3883 1
3883 3419 1
3420 3883 1
3883 3420 1
3421 3422 1
3422 3421 1
3422 3423 1
3423 3422 1
3424 3607 1
3607 3424 1
3425 3426 1
3426 3425 1
3425 3877 1
3877 3425 1
3427 3608 1
3608 3427 1
3428 3691 1
3691 3428 1
3429 3691 1
3691 3429 1
3431 3534 1
3534 3431 1
3432 3433 1
3433 3432 1
3434 3435 1
3435 3434 1
3437 3702 1
3702 3437 1
3437 3703 1
3703 3437 1
3438 3439 1
3439 3438 1
3438 3672 1
3672 3438 1
3438 3673 1
3673 3438 1
3439 3440 1
3440 3439 1
3441 3494 1
3494 3441 1
3442 3822 1
3822 3442 1
3442 3842 1
3842 3442 1
3443 3444 1
3444 3443 1
3445 3822 1
3822 3445 1
3446 3782 1
3782 3446 1
3447 3564 1
3564 3447 1
3448 3781 1
3781 3448 1
3449 3617 1
3617 3449 1
3449 3618 1
3618 3449 1
3451 3454 1
3454 3451 1
3452 3453 1
3453 3452 1
3453 3454 1
3454 3453 1
3457 3767 1
3767 3457 1
3457 3826 1
3826 3457 1
3458 3459 1
3459 3458 1
3458 3659 1
3659 3458 1
3459 3659 1
3659 3459 1
3461 3462 1
3462 3461 1
3462 3463 1
3463 3462 1
3465 3466 1
3466 3465 1
3467 3838 1
3838 3467 1
3468 3511 1
3511 3468 1
3469 3511 1
3511 3469 1
3469 3592 1
3592 3469 1
3470 3471 1
3471 3470 1
3472 3503 1
3503 3472 1
3473 3503 1
3503 3473 1
3475 3507 1
3507 3475 1
3475 3509 1
3509 3475 1
3475 3687 1
3687 3475 1
3476 3527 1
3527 3476 1
3478 3479 1
3479 3478 1
3478 3765 1
3765 3478 1
3479 3766 1
3766 3479 1
3480 3481 1
3481 3480 1
3482 3746 1
3746 3482 1
3482 3847 1
3847 3482 1
3483 3719 1
3719 3483 1
3484 3485 1
3485 3484 1
3485 3561 1
3561 3485 1
3486 3487 1
3487 3486 1
3486 3650 1
3650 3486 1
3487 3531 1
3531 3487 1
3488 3489 1
3489 3488 1
3491 3492 1
3492 3491 1
3491 3756 1
3756 3491 1
3492 3493 1
3493 3492 1
3492 3610 1
3610 3492 1
3493 3494 1
3494 3493 1
3493 3850 1
3850 3493 1
3494 3756 1
3756 3494 1
3495 3496 1
3496 3495 1
3495 3499 1
3499 3495 1
3496 3497 1
3497 3496 1
3498 3499 1
3499 3498 1
3498 3603 1
3603 3498 1
3500 3501 1
3501 3500 1
3501 3635 1
3635 3501 1
3502 3503 1
3503 3502 1
3504 3663 1
3663 3504 1
3505 3601 1
3601 3505 1
3507 3508 1
3508 3507 1
3507 3580 1
3580 3507 1
3507 3581 1
3581 3507 1
3508 3509 1
3509 3508 1
3508 3549 1
3549 3508 1
3509 3549 1
3549 3509 1
3510 3789 1
3789 3510 1
3511 3789 1
3789 3511 1
3512 3513 1
3513 3512 1
3512 3871 1
3871 3512 1
3513 3872 1
3872 3513 1
3514 3892 1
3892 3514 1
3515 3772 1
3772 3515 1
3516 3699 1
3699 3516 1
3516 3859 1
3859 3516 1
3518 3519 1
3519 3518 1
3518 3786 1
3786 3518 1
3520 3521 1
3521 3520 1
3522 3523 1
3523 3522 1
3522 3525 1
3525 3522 1
3523 3524 1
3524 3523 1
3524 3525 1
3525 3524 1
3526 3527 1
3527 3526 1
3526 3735 1
3735 3526 1
3527 3735 1
3735 3527 1
3529 3694 1
3694 3529 1
3529 3829 1
3829 3529 1
3530 3531 1
3531 3530 1
3530 3815 1
3815 3530 1
3537 3538 1
3538 3537 1
3537 3678 1
3678 3537 1
3537 3878 1
3878 3537 1
3538 3539 1
3539 3538 1
3538 3848 1
3848 3538 1
3540 3566 1
3566 3540 1
3540 3762 1
3762 3540 1
3541 3755 1
3755 3541 1
3542 3679 1
3679 3542 1
3542 3680 1
3680 3542 1
3543 3544 1
3544 3543 1
3545 3573 1
3573 3545 1
3546 3547 1
3547 3546 1
3547 3731 1
3731 3547 1
3548 3753 1
3753 3548 1
3550 3551 1
3551 3550 1
3550 3857 1
3857 3550 1
3551 3857 1
3857 3551 1
3552 3553 1
3553 3552 1
3553 3554 1
3554 3553 1
3557 3558 1
3558 3557 1
3557 3767 1
3767 3557 1
3559 3843 1
3843 3559 1
3560 3666 1
3666 3560 1
3562 3563 1
3563 3562 1
3562 3667 1
3667 3562 1
3564 3565 1
3565 3564 1
3564 3567 1
3567 3564 1
3565 3566 1
3566 3565 1
3565 3594 1
3594 3565 1
3566 3567 1
3567 3566 1
3568 3569 1
3569 3568 1
3571 3572 1
3572 3571 1
3573 3574 1
3574 3573 1
3573 3680 1
3680 3573 1
3576 3578 1
3578 3576 1
3578 3752 1
3752 3578 1
3580 3581 1
3581 3580 1
3580 3697 1
3697 3580 1
3582 3583 1
3583 3582 1
3582 3585 1
3585 3582 1
3582 3706 1
3706 3582 1
3583 3706 1
3706 3583 1
3587 3879 1
3879 3587 1
3589 3654 1
3654 3589 1
3589 3774 1
3774 3589 1
3590 3654 1
3654 3590 1
3591 3593 1
3593 3591 1
3592 3789 1
3789 3592 1
3594 3760 1
3760 3594 1
3596 3759 1
3759 3596 1
3597 3598 1
3598 3597 1
3597 3809 1
3809 3597 1
3598 3673 1
3673 3598 1
3603 3754 1
3754 3603 1
3604 3605 1
3605 3604 1
3606 3607 1
3607 3606 1
3608 3609 1
3609 3608 1
3608 3728 1
3728 3608 1
3610 3611 1
3611 3610 1
3612 3875 1
3875 3612 1
3613 3614 1
3614 3613 1
3613 3874 1
3874 3613 1
3613 3875 1
3875 3613 1
3615 3663 1
3663 3615 1
3617 3628 1
3628 3617 1
3617 3898 1
3898 3617 1
3618 3898 1
3898 3618 1
3620 3621 1
3621 3620 1
3622 3623 1
3623 3622 1
3624 3625 1
3625 3624 1
3628 3629 1
3629 3628 1
3631 3884 1
3884 3631 1
3632 3633 1
3633 3632 1
3632 3817 1
3817 3632 1
3633 3664 1
3664 3633 1
3635 3636 1
3636 3635 1
3635 3641 1
3641 3635 1
3636 3637 1
3637 3636 1
3636 3641 1
3641 3636 1
3637 3641 1
3641 3637 1
3640 3690 1
3690 3640 1
3642 3643 1
3643 3642 1
3643 3765 1
3765 3643 1
3644 3863 1
3863 3644 1
3646 3647 1
3647 3646 1
3648 3651 1
3651 3648 1
3649 3650 1
3650 3649 1
3650 3651 1
3651 3650 1
3652 3653 1
3653 3652 1
3652 3846 1
3846 3652 1
3653 3847 1
3847 3653 1
3654 3806 1
3806 3654 1
3655 3656 1
3656 3655 1
3655 3658 1
3658 3655 1
3656 3657 1
3657 3656 1
3659 3660 1
3660 3659 1
3660 3661 1
3661 3660 1
3661 3748 1
3748 3661 1
3661 3749 1
3749 3661 1
3662 3749 1
3749 3662 1
3663 3664 1
3664 3663 1
3664 3817 1
3817 3664 1
3665 3666 1
3666 3665 1
3665 3729 1
3729 3665 1
3666 3876 1
3876 3666 1
3667 3668 1
3668 3667 1
3669 3801 1
3801 3669 1
3670 3800 1
3800 3670 1
3670 3801 1
3801 3670 1
3671 3712 1
3712 3671 1
3672 3673 1
3673 3672 1
3674 3675 1
3675 3674 1
3677 3702 1
3702 3677 1
3677 3787 1
3787 3677 1
3679 3680 1
3680 3679 1
3681 3724 1
3724 3681 1
3682 3707 1
3707 3682 1
3683 3684 1
3684 3683 1
3683 3764 1
3764 3683 1
3684 3763 1
3763 3684 1
3687 3698 1
3698 3687 1
3687 3881 1
3881 3687 1
3688 3689 1
3689 3688 1
3692 3693 1
3693 3692 1
3696 3823 1
3823 3696 1
3697 3698 1
3698 3697 1
3697 3805 1
3805 3697 1
3698 3805 1
3805 3698 1
3698 3881 1
3881 3698 1
3700 3701 1
3701 3700 1
3702 3703 1
3703 3702 1
3703 3787 1
3787 3703 1
3705 3739 1
3739 3705 1
3705 3740 1
3740 3705 1
3709 3853 1
3853 3709 1
3710 3711 1
3711 3710 1
3710 3867 1
3867 3710 1
3711 3867 1
3867 3711 1
3712 3713 1
3713 3712 1
3714 3715 1
3715 3714 1
3716 3717 1
3717 3716 1
3716 3719 1
3719 3716 1
3716 3744 1
3744 3716 1
3717 3718 1
3718 3717 1
3719 3744 1
3744 3719 1
3720 3721 1
3721 3720 1
3720 3793 1
3793 3720 1
3723 3781 1
3781 3723 1
3723 3782 1
3782 3723 1
3724 3725 1
3725 3724 1
3727 3728 1
3728 3727 1
3729 3792 1
3792 3729 1
3730 3731 1
3731 3730 1
3733 3734 1
3734 3733 1
3735 3736 1
3736 3735 1
3737 3791 1
3791 3737 1
3741 3806 1
3806 3741 1
3745 3761 1
3761 3745 1
3746 3747 1
3747 3746 1
3747 3828 1
3828 3747 1
3748 3795 1
3795 3748 1
3749 3790 1
3790 3749 1
3750 3753 1
3753 3750 1
3751 3752 1
3752 3751 1
3752 3753 1
3753 3752 1
3760 3762 1
3762 3760 1
3761 3762 1
3762 3761 1
3763 3764 1
3764 3763 1
3764 3831 1
3831 3764 1
3765 3766 1
3766 3765 1
3767 3796 1
3796 3767 1
3768 3769 1
3769 3768 1
3770 3771 1
3771 3770 1
3772 3773 1
3773 3772 1
3772 3798 1
3798 3772 1
3773 3799 1
3799 3773 1
3777 3778 1
3778 3777 1
3779 3780 1
3780 3779 1
3781 3782 1
3782 3781 1
3783 3784 1
3784 3783 1
3785 3786 1
3786 3785 1
3785 3891 1
3891 3785 1
3786 3886 1
3886 3786 1
3790 3795 1
3795 3790 1
3794 3795 1
3795 3794 1
3796 3860 1
3860 3796 1
3796 3861 1
3861 3796 1
3798 3799 1
3799 3798 1
3798 3892 1
3892 3798 1
3799 3893 1
3893 3799 1
3800 3803 1
3803 3800 1
3800 3865 1
3865 3800 1
3804 3894 1
3894 3804 1
3805 3881 1
3881 3805 1
3807 3808 1
3808 3807 1
3809 3810 1
3810 3809 1
3810 3811 1
3811 3810 1
3815 3816 1
3816 3815 1
3818 3819 1
3819 3818 1
3818 3852 1
3852 3818 1
3820 3841 1
3841 3820 1
3821 3841 1
3841 3821 1
3822 3823 1
3823 3822 1
3824 3825 1
3825 3824 1
3826 3860 1
3860 3826 1
3826 3861 1
3861 3826 1
3827 3859 1
3859 3827 1
3828 3829 1
3829 3828 1
3830 3868 1
3868 3830 1
3831 3859 1
3859 3831 1
3834 3835 1
3835 3834 1
3835 3837 1
3837 3835 1
3836 3837 1
3837 3836 1
3838 3839 1
3839 3838 1
3840 3841 1
3841 3840 1
3844 3845 1
3845 3844 1
3846 3847 1
3847 3846 1
3848 3878 1
3878 3848 1
3848 3879 1
3879 3848 1
3851 3852 1
3852 3851 1
3854 3855 1
3855 3854 1
3856 3857 1
3857 3856 1
3860 3861 1
3861 3860 1
3869 3885 1
3885 3869 1
3871 3872 1
3872 3871 1
3874 3887 1
3887 3874 1
3874 3888 1
3888 3874 1
3875 3888 1
3888 3875 1
3878 3879 1
3879 3878 1
3883 3884 1
3884 3883 1
3887 3896 1
3896 3887 1
3887 3897 1
3897 3887 1
3888 3889 1
3889 3888 1
3892 3893 1
3893 3892 1
3894 3895 1
3895 3894 1
S 72
3464 1641 1647 1645 1624 1617 1634 1616 1654 1648 1650 1653 1601 1611 1651 1606 1636 1626 1627 1632 1622 1598 1600 1646 1597 3791 1625 1595 1583 1596 1589 1579 1590 1581 1571 1578 1588 1577 1551 1576 1562 1565 1580 1566 1564 1569 1549 1560 1570 1545 1552 1559 1563 1548 1531 1547 1558 1544 1561 1541 1546 1568 1537 1540 1521 1523 1525 1447 1455 1539 1433 1527
T 72
1550 1437 1499 1504 1509 1512 1543 1557 1524 1536 1483 1495 1526 1529 1538 1426 1489 1522 1434 1520 1443 1514 1488 1519 1491 1492 1496 1513 1475 1498 2291 1482 1453 1415 1476 1400 1430 1493 1494 1515 1384 1385 1390 1401 1424 1446 1470 1378 1444 1454 1369 1460 1465 1477 1450 1452 1466 1436 1395 1409 1471 1383 1374 1451 1411 1449 1406 1438 1435 1407 1425 1419
