# meta: nome=urb-apia-m10-f8
# meta: familia=urbano
# meta: classe=principal
# meta: das_compat=exata
# meta: instancia_original=apia-1.graphml
# meta: fonte=Global Urban Street Networks (Boeing), v3.1
# meta: problema_original=modelo de rede viária urbana (OSMnx/OpenStreetMap)
# meta: url=https://doi.org/10.7910/DVN/KA5HJ3
# meta: referencia=G. Boeing, Street network models and indicators for every urban area in the world (Harvard Dataverse, CC0)
# meta: transformacao=G-SUBDIV:100; maior componente conexa; não dirigido; passos unitários
# meta: regra_ST=ST-REGIAO
# meta: regra_r=R-FRAC:8 (lambda*=146)
# meta: seed=
# meta: script=src/converters/build_benchmark.py
# meta: commit_gerador=a647555
# meta: observacao=não dirigido; aresta de L metros vira caminho com round(L/100) passos (recarga possível a cada 100 m); S e T = interseções nos dois extremos da cidade
N 1618
M 3596
R 19
# u v length
493871044 687785187 1
687785187 493871044 1
493871044 5343777383 1
5343777383 493871044 1
493871044 1541684929~493871044~1 1
1541684929~493871044~1 493871044 1
493871044 1541684958~493871044~1 1
1541684958~493871044~1 493871044 1
493871473 1543881213 1
1543881213 493871473 1
493871473 1543881264 1
1543881264 493871473 1
493871473 493871473~6436473953~1 1
493871473~6436473953~1 493871473 1
519657764 1541922918~519657764~1 1
1541922918~519657764~1 519657764 1
519657764 1541923090~519657764~3 1
1541923090~519657764~3 519657764 1
519657764 519657764~519658253~1 1
519657764~519658253~1 519657764 1
519657971 1541923286 1
1541923286 519657971 1
519657971 519657971~687789602~1 1
519657971~687789602~1 519657971 1
519657971 519657971~689573738~1 1
519657971~689573738~1 519657971 1
519657971 519657971~712830544~1 1
519657971~712830544~1 519657971 1
519658253 7519812355 1
7519812355 519658253 1
519658253 7541981253 1
7541981253 519658253 1
519658253 519657764~519658253~10 1
519657764~519658253~10 519658253 1
519658773 687789460 1
687789460 519658773 1
519658773 1541923062~519658773~3 1
1541923062~519658773~3 519658773 1
519658773 1541923286~519658773~2 1
1541923286~519658773~2 519658773 1
519659697 687791710 1
687791710 519659697 1
519659697 1980243185 1
1980243185 519659697 1
519659697 1541922904~519659697~1 1
1541922904~519659697~1 519659697 1
687785050 689573738 1
689573738 687785050 1
687785050 10284012105 1
10284012105 687785050 1
687785050 687785050~687785089~1 1
687785050~687785089~1 687785050 1
687785050 687785050~687790019~1 1
687785050~687790019~1 687785050 1
687785089 687785050~687785089~3 1
687785050~687785089~3 687785089 1
687785089 687785089~687785090~1 1
687785089~687785090~1 687785089 1
687785089 687785089~687789676~1 1
687785089~687789676~1 687785089 1
687785089 687785089~712813386~1 1
687785089~712813386~1 687785089 1
687785090 689572475 1
689572475 687785090 1
687785090 6436388224 1
6436388224 687785090 1
687785090 687785089~687785090~1 1
687785089~687785090~1 687785090 1
687785092 1993153546 1
1993153546 687785092 1
687785092 6431684442~687785092~1 1
6431684442~687785092~1 687785092 1
687785092 687785092~689572475~1 1
687785092~689572475~1 687785092 1
687785184 1541923393 1
1541923393 687785184 1
687785184 1543881196~687785184~7 1
1543881196~687785184~7 687785184 1
687785184 687785184~687785187~1 1
687785184~687785187~1 687785184 1
687785187 687785184~687785187~2 1
687785184~687785187~2 687785187 1
687785187 687785187~7869952382~1 1
687785187~7869952382~1 687785187 1
687785210 994447377 1
994447377 687785210 1
687785210 1541684839 1
1541684839 687785210 1
687785210 12055134388 1
12055134388 687785210 1
687785325 1531521563 1
1531521563 687785325 1
687785325 1541684713 1
1541684713 687785325 1
687785325 1541684683~687785325~1 1
1541684683~687785325~1 687785325 1
687785373 687785406 1
687785406 687785373 1
687785373 1541684713 1
1541684713 687785373 1
687785373 1541684669~687785373~1 1
1541684669~687785373~1 687785373 1
687785406 1541684681 1
1541684681 687785406 1
687785406 687785406~7869952375~1 1
687785406~7869952375~1 687785406 1
687785478 1541684668 1
1541684668 687785478 1
687785478 1531552659~687785478~2 1
1531552659~687785478~2 687785478 1
687785478 3785375541~687785478~5 1
3785375541~687785478~5 687785478 1
687785607 1531552656~687785607~1 1
1531552656~687785607~1 687785607 1
687785607 3785430704~687785607~3 1
3785430704~687785607~3 687785607 1
687785607 687785607~687785630~1 1
687785607~687785630~1 687785607 1
687785630 1541684329~687785630~1 1
1541684329~687785630~1 687785630 1
687785630 1541684642~687785630~6 1
1541684642~687785630~6 687785630 1
687785630 687785607~687785630~1 1
687785607~687785630~1 687785630 1
687789460 1990362202 1
1990362202 687789460 1
687789460 6431635497~687789460~1 1
6431635497~687789460~1 687789460 1
687789602 687789676 1
687789676 687789602 1
687789602 1990362202~687789602~2 1
1990362202~687789602~2 687789602 1
687789602 519657971~687789602~2 1
519657971~687789602~2 687789602 1
687789676 1541923344~687789676~2 1
1541923344~687789676~2 687789676 1
687789676 687785089~687789676~2 1
687785089~687789676~2 687789676 1
687789929 1554729185~687789929~1 1
1554729185~687789929~1 687789929 1
687789929 3785456216~687789929~1 1
3785456216~687789929~1 687789929 1
687789929 687789929~687790002~1 1
687789929~687790002~1 687789929 1
687789997 687789998 1
687789998 687789997 1
687789997 3785456226~687789997~4 1
3785456226~687789997~4 687789997 1
687789998 687789998~687790002~1 1
687789998~687790002~1 687789998 1
687790002 687789929~687790002~3 1
687789929~687790002~3 687790002 1
687790002 687789998~687790002~1 1
687789998~687790002~1 687790002 1
687790002 687790002~687790003~1 1
687790002~687790003~1 687790002 1
687790003 687790019 1
687790019 687790003 1
687790003 687790002~687790003~3 1
687790002~687790003~3 687790003 1
687790003 687790003~712813386~1 1
687790003~712813386~1 687790003 1
687790019 687785050~687790019~4 1
687785050~687790019~4 687790019 1
687790019 687790019~712813610~1 1
687790019~712813610~1 687790019 1
687790065 10279672656~687790065~4 1
10279672656~687790065~4 687790065 1
687790065 1556467442~687790065~3 1
1556467442~687790065~3 687790065 1
687790065 687790065~687790078~1 1
687790065~687790078~1 687790065 1
687790078 10283084946 1
10283084946 687790078 1
687790078 687790065~687790078~1 1
687790065~687790078~1 687790078 1
687790078 687790078~687790099~1 1
687790078~687790099~1 687790078 1
687790099 687790078~687790099~1 1
687790078~687790099~1 687790099 1
687791089 687791114 1
687791114 687791089 1
687791089 1235093041~687791089~2 1
1235093041~687791089~2 687791089 1
687791089 6431738088~687791089~1 1
6431738088~687791089~1 687791089 1
687791114 687791135 1
687791135 687791114 1
687791114 1993153548~687791114~1 1
1993153548~687791114~1 687791114 1
687791135 6431684430 1
6431684430 687791135 1
687791135 6431684438 1
6431684438 687791135 1
687791135 6431684443 1
6431684443 687791135 1
687791505 687791790 1
687791790 687791505 1
687791505 687791792 1
687791792 687791505 1
687791505 1980265207 1
1980265207 687791505 1
687791505 1235093041~687791505~1 1
1235093041~687791505~1 687791505 1
687791710 687791784 1
687791784 687791710 1
687791710 1531311888~687791710~2 1
1531311888~687791710~2 687791710 1
687791784 687791790 1
687791790 687791784 1
687791784 1980243224 1
1980243224 687791784 1
687791790 687791790~737122417~1 1
687791790~737122417~1 687791790 1
687791792 1980278058 1
1980278058 687791792 1
687791792 6431731175 1
6431731175 687791792 1
689572475 689572484 1
689572484 689572475 1
689572475 687785092~689572475~1 1
687785092~689572475~1 689572475 1
689572484 1527047883~689572484~4 1
1527047883~689572484~4 689572484 1
689572484 1527047896~689572484~3 1
1527047896~689572484~3 689572484 1
689573738 10284012105 1
10284012105 689573738 1
689573738 519657971~689573738~2 1
519657971~689573738~2 689573738 1
691223579 10272320754 1
10272320754 691223579 1
691223579 1550919862~691223579~11 1
1550919862~691223579~11 691223579 1
691223579 691223579~691223589~1 1
691223579~691223589~1 691223579 1
691223579 691223579~712813421~1 1
691223579~712813421~1 691223579 1
691223589 10272320754 1
10272320754 691223589 1
691223589 1554693381~691223589~1 1
1554693381~691223589~1 691223589 1
691223589 3785398831~691223589~6 1
3785398831~691223589~6 691223589 1
691223589 691223579~691223589~1 1
691223579~691223589~1 691223589 1
712813386 1554729185~712813386~1 1
1554729185~712813386~1 712813386 1
712813386 687785089~712813386~4 1
687785089~712813386~4 712813386 1
712813386 687790003~712813386~3 1
687790003~712813386~3 712813386 1
712813421 691223579~712813421~3 1
691223579~712813421~3 712813421 1
712813421 712813421~712813478~1 1
712813421~712813478~1 712813421 1
712813421 712813421~712813493~1 1
712813421~712813493~1 712813421 1
712813437 712813493 1
712813493 712813437 1
712813437 1554542251 1
1554542251 712813437 1
712813437 1554542313~712813437~1 1
1554542313~712813437~1 712813437 1
712813478 712813421~712813478~11 1
712813421~712813478~11 712813478 1
712813493 712813495 1
712813495 712813493 1
712813493 712813421~712813493~4 1
712813421~712813493~4 712813493 1
712813495 712813495~712813561~1 1
712813495~712813561~1 712813495 1
712813495 712813495~712822574~1 1
712813495~712822574~1 712813495 1
712813561 712813495~712813561~3 1
712813495~712813561~3 712813561 1
712813610 3785398828 1
3785398828 712813610 1
712813610 10272320754~712813610~1 1
10272320754~712813610~1 712813610 1
712813610 687790019~712813610~2 1
687790019~712813610~2 712813610 1
712813614 737117192 1
737117192 712813614 1
712813614 1550919545~712813614~2 1
1550919545~712813614~2 712813614 1
712813614 712813614~712830544~1 1
712813614~712830544~1 712813614 1
712822574 712813495~712822574~1 1
712813495~712822574~1 712822574 1
712828686 1531641980~712828686~3 1
1531641980~712828686~3 712828686 1
712828686 3785398811~712828686~3 1
3785398811~712828686~3 712828686 1
712828686 712828686~8576449800~1 1
712828686~8576449800~1 712828686 1
712830544 1541923306 1
1541923306 712830544 1
712830544 519657971~712830544~1 1
519657971~712830544~1 712830544 1
712830544 712813614~712830544~1 1
712813614~712830544~1 712830544 1
737111060 1541923177 1
1541923177 737111060 1
737111060 1541923219 1
1541923219 737111060 1
737111060 737111060~737117192~1 1
737111060~737117192~1 737111060 1
737111064 1541923219 1
1541923219 737111064 1
737117192 2197837784~737117192~1 1
2197837784~737117192~1 737117192 1
737117192 737111060~737117192~1 1
737111060~737117192~1 737117192 1
737120878 2003838499~737120878~4 1
2003838499~737120878~4 737120878 1
737120878 737120878~737121041~1 1
737120878~737121041~1 737120878 1
737120878 737120878~737122417~1 1
737120878~737122417~1 737120878 1
737120948 1543881347~737120948~4 1
1543881347~737120948~4 737120948 1
737120949 1543881415 1
1543881415 737120949 1
737120949 1543881343~737120949~2 1
1543881343~737120949~2 737120949 1
737120982 1556467451 1
1556467451 737120982 1
737120982 2494729017 1
2494729017 737120982 1
737120982 3785456200~737120982~3 1
3785456200~737120982~3 737120982 1
737121041 1531311888~737121041~1 1
1531311888~737121041~1 737121041 1
737121041 1531311896~737121041~1 1
1531311896~737121041~1 737121041 1
737121041 737120878~737121041~1 1
737120878~737121041~1 737121041 1
737122417 1235093041 1
1235093041 737122417 1
737122417 1531311888~737122417~1 1
1531311888~737122417~1 737122417 1
737122417 687791790~737122417~1 1
687791790~737122417~1 737122417 1
737122417 737120878~737122417~1 1
737120878~737122417~1 737122417 1
994447377 12055134391~994447377~1 1
12055134391~994447377~1 994447377 1
994447377 3785375540~994447377~4 1
3785375540~994447377~4 994447377 1
1235093041 1235093041~687791089~1 1
1235093041~687791089~1 1235093041 1
1235093041 1235093041~687791505~1 1
1235093041~687791505~1 1235093041 1
1235093177 1235093177~1541922894~1 1
1235093177~1541922894~1 1235093177 1
1527047735 10279672654 1
10279672654 1527047735 1
1527047735 1527047735~1527047738~1 1
1527047735~1527047738~1 1527047735 1
1527047735 1527047735~2003838499~1 1
1527047735~2003838499~1 1527047735 1
1527047738 10279672656~1527047738~1 1
10279672656~1527047738~1 1527047738 1
1527047738 1527047735~1527047738~2 1
1527047735~1527047738~2 1527047738 1
1527047738 1527047738~1556467416~1 1
1527047738~1556467416~1 1527047738 1
1527047883 1527047883~689572484~1 1
1527047883~689572484~1 1527047883 1
1527047896 1527047896~689572484~1 1
1527047896~689572484~1 1527047896 1
1529641233 1531521583 1
1531521583 1529641233 1
1529641233 1531521654 1
1531521654 1529641233 1
1529641233 1531521812 1
1531521812 1529641233 1
1529641407 1529641439 1
1529641439 1529641407 1
1529641407 1531521992 1
1531521992 1529641407 1
1529641407 1529641407~1531522061~1 1
1529641407~1531522061~1 1529641407 1
1529641407 1529641407~1531522133~1 1
1529641407~1531522133~1 1529641407 1
1529641410 1529641430 1
1529641430 1529641410 1
1529641410 1531522140 1
1531522140 1529641410 1
1529641410 1529641410~1529641545~1 1
1529641410~1529641545~1 1529641410 1
1529641430 1537529018 1
1537529018 1529641430 1
1529641430 1529641430~1529641555~1 1
1529641430~1529641555~1 1529641430 1
1529641439 1529641488 1
1529641488 1529641439 1
1529641439 1529641439~1531522142~1 1
1529641439~1531522142~1 1529641439 1
1529641439 1529641439~1531522175~1 1
1529641439~1531522175~1 1529641439 1
1529641488 1529641488~1529641570~1 1
1529641488~1529641570~1 1529641488 1
1529641488 1529641488~1531522182~1 1
1529641488~1531522182~1 1529641488 1
1529641488 1529641488~1531522226~1 1
1529641488~1531522226~1 1529641488 1
1529641499 1529641517 1
1529641517 1529641499 1
1529641499 1537529018 1
1537529018 1529641499 1
1529641499 1529641499~1531522260~1 1
1529641499~1531522260~1 1529641499 1
1529641545 1529641555 1
1529641555 1529641545 1
1529641545 1531522281 1
1531522281 1529641545 1
1529641545 1529641410~1529641545~3 1
1529641410~1529641545~3 1529641545 1
1529641555 1537529545 1
1537529545 1529641555 1
1529641555 1529641430~1529641555~2 1
1529641430~1529641555~2 1529641555 1
1529641555 1529641555~1529641584~1 1
1529641555~1529641584~1 1529641555 1
1529641570 1531522263 1
1531522263 1529641570 1
1529641570 6455984388 1
6455984388 1529641570 1
1529641570 1529641488~1529641570~1 1
1529641488~1529641570~1 1529641570 1
1529641584 1531522260 1
1531522260 1529641584 1
1529641584 1537529659 1
1537529659 1529641584 1
1529641584 1529641555~1529641584~2 1
1529641555~1529641584~2 1529641584 1
1529641712 1529641775 1
1529641775 1529641712 1
1529641712 1537529897 1
1537529897 1529641712 1
1529641712 1529641712~1537530965~1 1
1529641712~1537530965~1 1529641712 1
1529641775 1529641775~1537531180~1 1
1529641775~1537531180~1 1529641775 1
1529641775 1529641775~1537531249~1 1
1529641775~1537531249~1 1529641775 1
1531311888 1531311888~687791710~1 1
1531311888~687791710~1 1531311888 1
1531311888 1531311888~737121041~1 1
1531311888~737121041~1 1531311888 1
1531311888 1531311888~737122417~1 1
1531311888~737122417~1 1531311888 1
1531311896 1531311896~1541923201~1 1
1531311896~1541923201~1 1531311896 1
1531311896 1531311896~1541923392~1 1
1531311896~1541923392~1 1531311896 1
1531311896 1531311896~737121041~1 1
1531311896~737121041~1 1531311896 1
1531521505 1531521505~1531552656~1 1
1531521505~1531552656~1 1531521505 1
1531521505 1531521505~1531552659~1 1
1531521505~1531552659~1 1531521505 1
1531521505 1531521505~3785430715~1 1
1531521505~3785430715~1 1531521505 1
1531521528 1531521528~1531521893~1 1
1531521528~1531521893~1 1531521528 1
1531521528 1531521528~1531552662~1 1
1531521528~1531552662~1 1531521528 1
1531521528 1531521528~3785430715~1 1
1531521528~3785430715~1 1531521528 1
1531521529 1541684718 1
1541684718 1531521529 1
1531521529 1531521529~1531521727~1 1
1531521529~1531521727~1 1531521529 1
1531521529 1531521529~9854096015~1 1
1531521529~9854096015~1 1531521529 1
1531521553 1531521566 1
1531521566 1531521553 1
1531521553 1541684718 1
1541684718 1531521553 1
1531521553 1531521553~1531521974~1 1
1531521553~1531521974~1 1531521553 1
1531521563 3785375540 1
3785375540 1531521563 1
1531521563 1531521563~3785379164~1 1
1531521563~3785379164~1 1531521563 1
1531521566 1531521573 1
1531521573 1531521566 1
1531521566 1531521566~1531522181~1 1
1531521566~1531522181~1 1531521566 1
1531521569 1531521580 1
1531521580 1531521569 1
1531521569 1531521727 1
1531521727 1531521569 1
1531521569 9854096015 1
9854096015 1531521569 1
1531521573 3785430716 1
3785430716 1531521573 1
1531521573 10267840315~1531521573~2 1
10267840315~1531521573~2 1531521573 1
1531521580 1541684730 1
1541684730 1531521580 1
1531521580 1531521580~1531521998~1 1
1531521580~1531521998~1 1531521580 1
1531521583 1541684730 1
1541684730 1531521583 1
1531521583 1531521583~6159190417~1 1
1531521583~6159190417~1 1531521583 1
1531521592 1541684747 1
1541684747 1531521592 1
1531521592 1550949333 1
1550949333 1531521592 1
1531521592 5994527411 1
5994527411 1531521592 1
1531521592 5994527421 1
5994527421 1531521592 1
1531521629 1531521660 1
1531521660 1531521629 1
1531521629 1531521734 1
1531521734 1531521629 1
1531521629 6159190417 1
6159190417 1531521629 1
1531521660 1531521736 1
1531521736 1531521660 1
1531521660 1531521660~1541684726~1 1
1531521660~1541684726~1 1531521660 1
1531521661 3785430716 1
3785430716 1531521661 1
1531521661 1531521661~1531521893~1 1
1531521661~1531521893~1 1531521661 1
1531521661 1531521661~1531552662~1 1
1531521661~1531552662~1 1531521661 1
1531521710 1531521814 1
1531521814 1531521710 1
1531521710 1541684752 1
1541684752 1531521710 1
1531521710 3785375541 1
3785375541 1531521710 1
1531521710 1531521710~6431601762~1 1
1531521710~6431601762~1 1531521710 1
1531521727 1531521974 1
1531521974 1531521727 1
1531521727 1531521529~1531521727~2 1
1531521529~1531521727~2 1531521727 1
1531521734 1531521918 1
1531521918 1531521734 1
1531521734 1531521734~1531521812~1 1
1531521734~1531521812~1 1531521734 1
1531521736 1531521884 1
1531521884 1531521736 1
1531521736 1541684768 1
1541684768 1531521736 1
1531521748 1550949333 1
1550949333 1531521748 1
1531521748 1550949431 1
1550949431 1531521748 1
1531521748 1531521748~1531521884~1 1
1531521748~1531521884~1 1531521748 1
1531521812 1531521992 1
1531521992 1531521812 1
1531521812 1531521734~1531521812~1 1
1531521734~1531521812~1 1531521812 1
1531521814 1541684801 1
1541684801 1531521814 1
1531521814 1531521814~1531522079~1 1
1531521814~1531522079~1 1531521814 1
1531521884 1531522061 1
1531522061 1531521884 1
1531521884 1531521748~1531521884~3 1
1531521748~1531521884~3 1531521884 1
1531521884 1531521884~1531521918~1 1
1531521884~1531521918~1 1531521884 1
1531521893 1537528877 1
1537528877 1531521893 1
1531521893 1531521528~1531521893~3 1
1531521528~1531521893~3 1531521893 1
1531521893 1531521661~1531521893~1 1
1531521661~1531521893~1 1531521893 1
1531521918 1531521884~1531521918~1 1
1531521884~1531521918~1 1531521918 1
1531521918 1531521918~1531521992~1 1
1531521918~1531521992~1 1531521918 1
1531521974 1531522007 1
1531522007 1531521974 1
1531521974 1531521553~1531521974~3 1
1531521553~1531521974~3 1531521974 1
1531521976 1531522067 1
1531522067 1531521976 1
1531521976 1550949431 1
1550949431 1531521976 1
1531521976 1531521976~1531522061~1 1
1531521976~1531522061~1 1531521976 1
1531521990 1531521990~1531522296~1 1
1531521990~1531522296~1 1531521990 1
1531521990 1531521990~3785379164~1 1
1531521990~3785379164~1 1531521990 1
1531521990 1531521990~7869952374~1 1
1531521990~7869952374~1 1531521990 1
1531521992 1531521998 1
1531521998 1531521992 1
1531521992 1531521918~1531521992~1 1
1531521918~1531521992~1 1531521992 1
1531521998 1531522041 1
1531522041 1531521998 1
1531521998 1531521580~1531521998~2 1
1531521580~1531521998~2 1531521998 1
1531522007 1531522041 1
1531522041 1531522007 1
1531522007 1531522055 1
1531522055 1531522007 1
1531522041 1531522055 1
1531522055 1531522041 1
1531522055 1531522133 1
1531522133 1531522055 1
1531522061 1531522142 1
1531522142 1531522061 1
1531522061 1529641407~1531522061~3 1
1529641407~1531522061~3 1531522061 1
1531522061 1531521976~1531522061~3 1
1531521976~1531522061~3 1531522061 1
1531522067 1531522089 1
1531522089 1531522067 1
1531522067 12582635223~1531522067~1 1
12582635223~1531522067~1 1531522067 1
1531522073 1531522140 1
1531522140 1531522073 1
1531522073 6431601762 1
6431601762 1531522073 1
1531522073 1531522073~1531552665~1 1
1531522073~1531552665~1 1531522073 1
1531522079 1531521814~1531522079~1 1
1531521814~1531522079~1 1531522079 1
1531522089 1531522144 1
1531522144 1531522089 1
1531522089 1531522089~1531522142~1 1
1531522089~1531522142~1 1531522089 1
1531522133 1531522175 1
1531522175 1531522133 1
1531522133 1529641407~1531522133~1 1
1529641407~1531522133~1 1531522133 1
1531522140 1531522140~1531552670~1 1
1531522140~1531552670~1 1531522140 1
1531522142 1531522182 1
1531522182 1531522142 1
1531522142 1529641439~1531522142~3 1
1529641439~1531522142~3 1531522142 1
1531522142 1531522089~1531522142~3 1
1531522089~1531522142~3 1531522142 1
1531522144 1531522170 1
1531522170 1531522144 1
1531522144 12582635227~1531522144~1 1
12582635227~1531522144~1 1531522144 1
1531522170 1531522176 1
1531522176 1531522170 1
1531522170 1531522170~1531522182~1 1
1531522170~1531522182~1 1531522170 1
1531522175 1529641439~1531522175~1 1
1529641439~1531522175~1 1531522175 1
1531522175 1531522175~1531522181~1 1
1531522175~1531522181~1 1531522175 1
1531522176 1531522201 1
1531522201 1531522176 1
1531522176 1531522176~1550949611~1 1
1531522176~1550949611~1 1531522176 1
1531522181 3785430737 1
3785430737 1531522181 1
1531522181 1531521566~1531522181~6 1
1531521566~1531522181~6 1531522181 1
1531522181 1531522175~1531522181~1 1
1531522175~1531522181~1 1531522181 1
1531522182 1529641488~1531522182~3 1
1529641488~1531522182~3 1531522182 1
1531522182 1531522170~1531522182~3 1
1531522170~1531522182~3 1531522182 1
1531522182 1531522182~1531522250~1 1
1531522182~1531522250~1 1531522182 1
1531522198 3785436625 1
3785436625 1531522198 1
1531522198 8418682293 1
8418682293 1531522198 1
1531522198 1531522198~1550949810~1 1
1531522198~1550949810~1 1531522198 1
1531522199 1531552711 1
1531552711 1531522199 1
1531522199 1531522199~1537528877~1 1
1531522199~1537528877~1 1531522199 1
1531522199 1531522199~3785430737~1 1
1531522199~3785430737~1 1531522199 1
1531522201 1531522224 1
1531522224 1531522201 1
1531522201 1531522201~1550949611~1 1
1531522201~1550949611~1 1531522201 1
1531522224 3785436627 1
3785436627 1531522224 1
1531522224 11764318013 1
11764318013 1531522224 1
1531522226 1531552711 1
1531552711 1531522226 1
1531522226 1529641488~1531522226~5 1
1529641488~1531522226~5 1531522226 1
1531522226 1531522226~1531522254~1 1
1531522226~1531522254~1 1531522226 1
1531522242 3785436627 1
3785436627 1531522242 1
1531522242 11764336653 1
11764336653 1531522242 1
1531522242 11778125115~1531522242~3 1
11778125115~1531522242~3 1531522242 1
1531522250 11764336663 1
11764336663 1531522250 1
1531522250 11764336658~1531522250~2 1
11764336658~1531522250~2 1531522250 1
1531522250 1531522182~1531522250~1 1
1531522182~1531522250~1 1531522250 1
1531522254 1531522283 1
1531522283 1531522254 1
1531522254 1531522226~1531522254~1 1
1531522226~1531522254~1 1531522254 1
1531522254 1531522254~1537529967~1 1
1531522254~1537529967~1 1531522254 1
1531522260 6431601731 1
6431601731 1531522260 1
1531522260 1529641499~1531522260~1 1
1529641499~1531522260~1 1531522260 1
1531522263 11764336658 1
11764336658 1531522263 1
1531522263 11764336661 1
11764336661 1531522263 1
1531522281 1531522281~1531522305~1 1
1531522281~1531522305~1 1531522281 1
1531522281 1531522281~1531552747~1 1
1531522281~1531552747~1 1531522281 1
1531522283 1531522283~6455984388~1 1
1531522283~6455984388~1 1531522283 1
1531522283 1531522283~6455984400~1 1
1531522283~6455984400~1 1531522283 1
1531522283 1531522283~6455984408~1 1
1531522283~6455984408~1 1531522283 1
1531522296 6431601740 1
6431601740 1531522296 1
1531522296 1531521990~1531522296~7 1
1531521990~1531522296~7 1531522296 1
1531522296 1531522296~1541684997~1 1
1531522296~1541684997~1 1531522296 1
1531522300 1541684975 1
1541684975 1531522300 1
1531522300 6455984408 1
6455984408 1531522300 1
1531522300 1531522300~6455984405~1 1
1531522300~6455984405~1 1531522300 1
1531522305 1537530882 1
1537530882 1531522305 1
1531522305 1537530965 1
1537530965 1531522305 1
1531522305 1531522281~1531522305~1 1
1531522281~1531522305~1 1531522305 1
1531522309 6455984400 1
6455984400 1531522309 1
1531522309 6455984402 1
6455984402 1531522309 1
1531522309 1531522309~6455984404~1 1
1531522309~6455984404~1 1531522309 1
1531522339 10234420677 1
10234420677 1531522339 1
1531522339 10287217034 1
10287217034 1531522339 1
1531522339 1531522339~1531522344~1 1
1531522339~1531522344~1 1531522339 1
1531522344 1537531249 1
1537531249 1531522344 1
1531522344 10287217032~1531522344~2 1
10287217032~1531522344~2 1531522344 1
1531522344 1531522339~1531522344~1 1
1531522339~1531522344~1 1531522344 1
1531522346 1531522357 1
1531522357 1531522346 1
1531522346 1531522346~1543881045~1 1
1531522346~1543881045~1 1531522346 1
1531522346 1531522346~6455984402~1 1
1531522346~6455984402~1 1531522346 1
1531522357 1531522357~1543881119~1 1
1531522357~1543881119~1 1531522357 1
1531522357 1531522357~1543881242~1 1
1531522357~1543881242~1 1531522357 1
1531522382 10287217032~1531522382~2 1
10287217032~1531522382~2 1531522382 1
1531522382 1531522382~1531522385~1 1
1531522382~1531522385~1 1531522382 1
1531522382 1531522382~6431601740~1 1
1531522382~6431601740~1 1531522382 1
1531522385 1543881190 1
1543881190 1531522385 1
1531522385 1531522382~1531522385~2 1
1531522382~1531522385~2 1531522385 1
1531522385 1531522385~2025894739~1 1
1531522385~2025894739~1 1531522385 1
1531522389 1531522389~1531522395~1 1
1531522389~1531522395~1 1531522389 1
1531522389 1531522389~1543881190~1 1
1531522389~1543881190~1 1531522389 1
1531522389 1531522389~1543881212~1 1
1531522389~1543881212~1 1531522389 1
1531522389 1531522389~1543881269~1 1
1531522389~1543881269~1 1531522389 1
1531522395 1543881278 1
1543881278 1531522395 1
1531522395 10287239930~1531522395~1 1
10287239930~1531522395~1 1531522395 1
1531522395 1531522389~1531522395~2 1
1531522389~1531522395~2 1531522395 1
1531552656 1531521505~1531552656~1 1
1531521505~1531552656~1 1531552656 1
1531552656 1531552656~3785430709~1 1
1531552656~3785430709~1 1531552656 1
1531552656 1531552656~687785607~1 1
1531552656~687785607~1 1531552656 1
1531552659 1531521505~1531552659~1 1
1531521505~1531552659~1 1531552659 1
1531552659 1531552659~1531552665~1 1
1531552659~1531552665~1 1531552659 1
1531552659 1531552659~687785478~1 1
1531552659~687785478~1 1531552659 1
1531552662 1531521528~1531552662~1 1
1531521528~1531552662~1 1531552662 1
1531552662 1531521661~1531552662~3 1
1531521661~1531552662~3 1531552662 1
1531552662 1531552662~3785430709~1 1
1531552662~3785430709~1 1531552662 1
1531552665 1531552667 1
1531552667 1531552665 1
1531552665 1531522073~1531552665~3 1
1531522073~1531552665~3 1531552665 1
1531552665 1531552659~1531552665~7 1
1531552659~1531552665~7 1531552665 1
1531552667 1531552667~1531552670~1 1
1531552667~1531552670~1 1531552667 1
1531552667 1531552667~1537529009~1 1
1531552667~1537529009~1 1531552667 1
1531552670 1531522140~1531552670~1 1
1531522140~1531552670~1 1531552670 1
1531552670 1531552667~1531552670~1 1
1531552667~1531552670~1 1531552670 1
1531552670 1531552670~6431571311~1 1
1531552670~6431571311~1 1531552670 1
1531552711 1531552711~1531552716~1 1
1531552711~1531552716~1 1531552711 1
1531552716 6431571317 1
6431571317 1531552716 1
1531552716 1531552711~1531552716~1 1
1531552711~1531552716~1 1531552716 1
1531552716 1531552716~1531552747~1 1
1531552716~1531552747~1 1531552716 1
1531552747 1531522281~1531552747~3 1
1531522281~1531552747~3 1531552747 1
1531552747 1531552716~1531552747~2 1
1531552716~1531552747~2 1531552747 1
1531552747 1531552747~6431575638~1 1
1531552747~6431575638~1 1531552747 1
1531641980 1531641980~1554542251~1 1
1531641980~1554542251~1 1531641980 1
1531641980 1531641980~3785398827~1 1
1531641980~3785398827~1 1531641980 1
1531641980 1531641980~712828686~1 1
1531641980~712828686~1 1531641980 1
1531642419 1543881284 1
1543881284 1531642419 1
1531642419 10288505358 1
10288505358 1531642419 1
1531642419 10287239930~1531642419~1 1
10287239930~1531642419~1 1531642419 1
1531642726 6436455943 1
6436455943 1531642726 1
1531642726 10287239930 1
10287239930 1531642726 1
1531642726 1531642726~7873443761~1 1
1531642726~7873443761~1 1531642726 1
1537528782 1550949123 1
1550949123 1537528782 1
1537528782 1550949317 1
1550949317 1537528782 1
1537528782 1537528782~1550949431~1 1
1537528782~1550949431~1 1537528782 1
1537528835 1541684802 1
1541684802 1537528835 1
1537528835 1550949317 1
1550949317 1537528835 1
1537528835 1537528835~1550949564~1 1
1537528835~1550949564~1 1537528835 1
1537528877 1531522199~1537528877~3 1
1531522199~1537528877~3 1537528877 1
1537528877 1537528877~1537529009~1 1
1537528877~1537529009~1 1537528877 1
1537529009 1531552667~1537529009~3 1
1531552667~1537529009~3 1537529009 1
1537529009 1537528877~1537529009~1 1
1537528877~1537529009~1 1537529009 1
1537529009 1537529009~6431571317~1 1
1537529009~6431571317~1 1537529009 1
1537529018 1537529018~1537529443~1 1
1537529018~1537529443~1 1537529018 1
1537529443 1537529018~1537529443~1 1
1537529018~1537529443~1 1537529443 1
1537529545 1537529695 1
1537529695 1537529545 1
1537529545 1537529545~1537529659~1 1
1537529545~1537529659~1 1537529545 1
1537529659 1537529897 1
1537529897 1537529659 1
1537529659 1537529545~1537529659~1 1
1537529545~1537529659~1 1537529659 1
1537529695 1537529695~1537529897~1 1
1537529695~1537529897~1 1537529695 1
1537529695 1537529695~1537530965~1 1
1537529695~1537530965~1 1537529695 1
1537529837 1537529868 1
1537529868 1537529837 1
1537529837 3785436636 1
3785436636 1537529837 1
1537529837 1537529837~3785436640~1 1
1537529837~3785436640~1 1537529837 1
1537529868 1537530943 1
1537530943 1537529868 1
1537529868 1537529868~3785436649~1 1
1537529868~3785436649~1 1537529868 1
1537529897 1537529695~1537529897~1 1
1537529695~1537529897~1 1537529897 1
1537529967 1537530882 1
1537530882 1537529967 1
1537529967 1531522254~1537529967~7 1
1531522254~1537529967~7 1537529967 1
1537529967 1537529967~1537531249~1 1
1537529967~1537531249~1 1537529967 1
1537530882 1537530882~1537531180~1 1
1537530882~1537531180~1 1537530882 1
1537530943 1537530943~1550949790~1 1
1537530943~1550949790~1 1537530943 1
1537530943 1537530943~3785437400~1 1
1537530943~3785437400~1 1537530943 1
1537530965 1537531180 1
1537531180 1537530965 1
1537530965 1529641712~1537530965~1 1
1529641712~1537530965~1 1537530965 1
1537530965 1537529695~1537530965~1 1
1537529695~1537530965~1 1537530965 1
1537531180 1537531249 1
1537531249 1537531180 1
1537531180 1529641775~1537531180~1 1
1529641775~1537531180~1 1537531180 1
1537531180 1537530882~1537531180~2 1
1537530882~1537531180~2 1537531180 1
1537531249 1529641775~1537531249~2 1
1529641775~1537531249~2 1537531249 1
1537531249 1537529967~1537531249~3 1
1537529967~1537531249~3 1537531249 1
1537531566 5994527453 1
5994527453 1537531566 1
1537531566 10288505394 1
10288505394 1537531566 1
1537531566 1537531566~8419162710~1 1
1537531566~8419162710~1 1537531566 1
1541684329 1541684329~687785630~1 1
1541684329~687785630~1 1541684329 1
1541684587 1541684587~1541684668~1 1
1541684587~1541684668~1 1541684587 1
1541684642 1541684642~687785630~1 1
1541684642~687785630~1 1541684642 1
1541684646 1541684666 1
1541684666 1541684646 1
1541684654 10267840322~1541684654~3 1
10267840322~1541684654~3 1541684654 1
1541684662 1541684666 1
1541684666 1541684662 1
1541684666 1541684669 1
1541684669 1541684666 1
1541684667 1541684667~1541684713~1 1
1541684667~1541684713~1 1541684667 1
1541684668 1541684587~1541684668~1 1
1541684587~1541684668~1 1541684668 1
1541684668 1541684668~1541684681~1 1
1541684668~1541684681~1 1541684668 1
1541684669 11331483658 1
11331483658 1541684669 1
1541684669 1541684669~687785373~1 1
1541684669~687785373~1 1541684669 1
1541684681 1541684668~1541684681~1 1
1541684668~1541684681~1 1541684681 1
1541684681 1541684681~7869952374~1 1
1541684681~7869952374~1 1541684681 1
1541684683 1541684683~687785325~1 1
1541684683~687785325~1 1541684683 1
1541684698 1541684730 1
1541684730 1541684698 1
1541684698 9854096018 1
9854096018 1541684698 1
1541684698 9854096028 1
9854096028 1541684698 1
1541684699 1541684709 1
1541684709 1541684699 1
1541684699 5994527410 1
5994527410 1541684699 1
1541684699 5994527414 1
5994527414 1541684699 1
1541684709 7873443703 1
7873443703 1541684709 1
1541684709 1541684709~1541684747~1 1
1541684709~1541684747~1 1541684709 1
1541684713 1541684667~1541684713~1 1
1541684667~1541684713~1 1541684713 1
1541684715 7873443702 1
7873443702 1541684715 1
1541684715 7873443703 1
7873443703 1541684715 1
1541684715 1541684715~1541684753~1 1
1541684715~1541684753~1 1541684715 1
1541684718 9854096023 1
9854096023 1541684718 1
1541684726 1541684768 1
1541684768 1541684726 1
1541684726 7873443702 1
7873443702 1541684726 1
1541684726 1531521660~1541684726~1 1
1531521660~1541684726~1 1541684726 1
1541684747 1541684753 1
1541684753 1541684747 1
1541684747 1541684709~1541684747~1 1
1541684709~1541684747~1 1541684747 1
1541684753 1541684768 1
1541684768 1541684753 1
1541684753 1541684715~1541684753~1 1
1541684715~1541684753~1 1541684753 1
1541684801 1541684801~1541684852~1 1
1541684801~1541684852~1 1541684801 1
1541684801 1541684801~7869952374~1 1
1541684801~7869952374~1 1541684801 1
1541684802 1550949486 1
1550949486 1541684802 1
1541684802 1541684802~5994527445~1 1
1541684802~5994527445~1 1541684802 1
1541684820 1541684820~1541684866~1 1
1541684820~1541684866~1 1541684820 1
1541684828 12126162823~1541684828~1 1
12126162823~1541684828~1 1541684828 1
1541684839 1541684839~1541684887~1 1
1541684839~1541684887~1 1541684839 1
1541684839 1541684839~5343783803~1 1
1541684839~5343783803~1 1541684839 1
1541684852 1541684801~1541684852~3 1
1541684801~1541684852~3 1541684852 1
1541684861 12126162823~1541684861~1 1
12126162823~1541684861~1 1541684861 1
1541684861 1541684861~1541684866~1 1
1541684861~1541684866~1 1541684861 1
1541684861 1541684861~1541684958~1 1
1541684861~1541684958~1 1541684861 1
1541684866 1541684820~1541684866~2 1
1541684820~1541684866~2 1541684866 1
1541684866 1541684861~1541684866~1 1
1541684861~1541684866~1 1541684866 1
1541684866 1541684866~1541684901~1 1
1541684866~1541684901~1 1541684866 1
1541684887 12126162827 1
12126162827 1541684887 1
1541684887 12126162832 1
12126162832 1541684887 1
1541684887 1541684839~1541684887~2 1
1541684839~1541684887~2 1541684887 1
1541684901 1541684929 1
1541684929 1541684901 1
1541684901 1541684866~1541684901~1 1
1541684866~1541684901~1 1541684901 1
1541684901 1541684901~1541684905~1 1
1541684901~1541684905~1 1541684901 1
1541684905 1541684901~1541684905~1 1
1541684901~1541684905~1 1541684905 1
1541684919 12126162836 1
12126162836 1541684919 1
1541684919 12126162841 1
12126162841 1541684919 1
1541684919 1541684919~1541684980~1 1
1541684919~1541684980~1 1541684919 1
1541684929 1541684940 1
1541684940 1541684929 1
1541684929 1541684929~493871044~1 1
1541684929~493871044~1 1541684929 1
1541684958 5343777372 1
5343777372 1541684958 1
1541684958 1541684861~1541684958~4 1
1541684861~1541684958~4 1541684958 1
1541684958 1541684958~493871044~1 1
1541684958~493871044~1 1541684958 1
1541684975 10234420679~1541684975~2 1
10234420679~1541684975~2 1541684975 1
1541684975 1541684975~1541685016~1 1
1541684975~1541685016~1 1541684975 1
1541684980 1541684919~1541684980~3 1
1541684919~1541684980~3 1541684980 1
1541684980 1541684980~1543881059~1 1
1541684980~1543881059~1 1541684980 1
1541684980 1541684980~5343783817~1 1
1541684980~5343783817~1 1541684980 1
1541684997 1531522296~1541684997~2 1
1531522296~1541684997~2 1541684997 1
1541685013 12055266949 1
12055266949 1541685013 1
1541685016 1541684975~1541685016~2 1
1541684975~1541685016~2 1541685016 1
1541685017 12055266949 1
12055266949 1541685017 1
1541685017 12055266956 1
12055266956 1541685017 1
1541685017 12055266951~1541685017~1 1
12055266951~1541685017~1 1541685017 1
1541685021 1543881059 1
1543881059 1541685021 1
1541685021 1541685021~1543881050~1 1
1541685021~1543881050~1 1541685021 1
1541685021 1541685021~1543881142~1 1
1541685021~1543881142~1 1541685021 1
1541922894 2011341108 1
2011341108 1541922894 1
1541922894 2011341160 1
2011341160 1541922894 1
1541922894 1235093177~1541922894~14 1
1235093177~1541922894~14 1541922894 1
1541922904 2011341088 1
2011341088 1541922904 1
1541922904 2011341108 1
2011341108 1541922904 1
1541922904 2011341129 1
2011341129 1541922904 1
1541922904 1541922904~519659697~1 1
1541922904~519659697~1 1541922904 1
1541922918 1541922918~519657764~1 1
1541922918~519657764~1 1541922918 1
1541923007 1541923007~1541923039~1 1
1541923007~1541923039~1 1541923007 1
1541923022 1541923031 1
1541923031 1541923022 1
1541923022 1980243273 1
1980243273 1541923022 1
1541923022 1980277027 1
1980277027 1541923022 1
1541923031 1980265211 1
1980265211 1541923031 1
1541923031 10273062830 1
10273062830 1541923031 1
1541923035 1980277027 1
1980277027 1541923035 1
1541923035 1982223434 1
1982223434 1541923035 1
1541923035 4488210190 1
4488210190 1541923035 1
1541923039 1541923084 1
1541923084 1541923039 1
1541923039 10289452609~1541923039~1 1
10289452609~1541923039~1 1541923039 1
1541923039 1541923007~1541923039~1 1
1541923007~1541923039~1 1541923039 1
1541923062 7541981260 1
7541981260 1541923062 1
1541923062 1541923062~1541923168~1 1
1541923062~1541923168~1 1541923062 1
1541923062 1541923062~519658773~1 1
1541923062~519658773~1 1541923062 1
1541923084 1541923098 1
1541923098 1541923084 1
1541923084 1541923084~1980465467~1 1
1541923084~1980465467~1 1541923084 1
1541923090 1541923101 1
1541923101 1541923090 1
1541923090 6436243190 1
6436243190 1541923090 1
1541923090 1541923090~519657764~1 1
1541923090~519657764~1 1541923090 1
1541923098 1541923098~1541923180~1 1
1541923098~1541923180~1 1541923098 1
1541923098 1541923098~6436243190~1 1
1541923098~6436243190~1 1541923098 1
1541923122 1541923122~1541923340~1 1
1541923122~1541923340~1 1541923122 1
1541923126 1541923126~1541923224~1 1
1541923126~1541923224~1 1541923126 1
1541923168 1541923062~1541923168~3 1
1541923062~1541923168~3 1541923168 1
1541923177 6436243190 1
6436243190 1541923177 1
1541923177 1541923177~1541923204~1 1
1541923177~1541923204~1 1541923177 1
1541923180 1541923098~1541923180~2 1
1541923098~1541923180~2 1541923180 1
1541923201 1531311896~1541923201~2 1
1531311896~1541923201~2 1541923201 1
1541923204 1541923177~1541923204~1 1
1541923177~1541923204~1 1541923204 1
1541923214 1541923224 1
1541923224 1541923214 1
1541923214 1541923214~1981941093~1 1
1541923214~1981941093~1 1541923214 1
1541923214 1541923214~3785440381~1 1
1541923214~3785440381~1 1541923214 1
1541923219 1541923290 1
1541923290 1541923219 1
1541923224 1541923126~1541923224~3 1
1541923126~1541923224~3 1541923224 1
1541923224 1541923224~8576449800~1 1
1541923224~8576449800~1 1541923224 1
1541923238 1541923238~1541923424~1 1
1541923238~1541923424~1 1541923238 1
1541923240 1541923286 1
1541923286 1541923240 1
1541923258 1541923343 1
1541923343 1541923258 1
1541923276 1541923276~1541923359~1 1
1541923276~1541923359~1 1541923276 1
1541923286 1541923286~519658773~1 1
1541923286~519658773~1 1541923286 1
1541923304 1541923330 1
1541923330 1541923304 1
1541923330 1541923336 1
1541923336 1541923330 1
1541923330 1541923340 1
1541923340 1541923330 1
1541923340 1541923393 1
1541923393 1541923340 1
1541923340 1541923122~1541923340~4 1
1541923122~1541923340~4 1541923340 1
1541923343 1541923344 1
1541923344 1541923343 1
1541923343 6431684423 1
6431684423 1541923343 1
1541923344 1541923396 1
1541923396 1541923344 1
1541923344 1541923344~687789676~1 1
1541923344~687789676~1 1541923344 1
1541923359 1541923423 1
1541923423 1541923359 1
1541923359 1541923276~1541923359~1 1
1541923276~1541923359~1 1541923359 1
1541923359 1541923359~1541923392~1 1
1541923359~1541923392~1 1541923359 1
1541923392 1541923423 1
1541923423 1541923392 1
1541923392 1531311896~1541923392~2 1
1531311896~1541923392~2 1541923392 1
1541923392 1541923359~1541923392~1 1
1541923359~1541923392~1 1541923392 1
1541923393 1541923393~1541923424~1 1
1541923393~1541923424~1 1541923393 1
1541923423 2009302844 1
2009302844 1541923423 1
1541923424 2494728989 1
2494728989 1541923424 1
1541923424 1541923238~1541923424~3 1
1541923238~1541923424~3 1541923424 1
1541923424 1541923393~1541923424~2 1
1541923393~1541923424~2 1541923424 1
1543881023 5343777347 1
5343777347 1543881023 1
1543881023 5343777383 1
5343777383 1543881023 1
1543881023 1543881023~1543881028~1 1
1543881023~1543881028~1 1543881023 1
1543881028 1543881023~1543881028~1 1
1543881023~1543881028~1 1543881028 1
1543881032 1543881046 1
1543881046 1543881032 1
1543881033 1543881062 1
1543881062 1543881033 1
1543881033 6455984405 1
6455984405 1543881033 1
1543881043 1543881052 1
1543881052 1543881043 1
1543881045 1531522346~1543881045~1 1
1531522346~1543881045~1 1543881045 1
1543881046 1543881052 1
1543881052 1543881046 1
1543881046 5343777347 1
5343777347 1543881046 1
1543881047 1543881050 1
1543881050 1543881047 1
1543881047 12055266947 1
12055266947 1543881047 1
1543881047 12126162839~1543881047~2 1
12126162839~1543881047~2 1543881047 1
1543881050 1541685021~1543881050~2 1
1541685021~1543881050~2 1543881050 1
1543881050 1543881050~3785405166~1 1
1543881050~3785405166~1 1543881050 1
1543881052 1543881052~1543881156~1 1
1543881052~1543881156~1 1543881052 1
1543881059 1543881090 1
1543881090 1543881059 1
1543881059 1541684980~1543881059~3 1
1541684980~1543881059~3 1543881059 1
1543881062 1543881086 1
1543881086 1543881062 1
1543881070 1543881070~1543881083~1 1
1543881070~1543881083~1 1543881070 1
1543881081 1543881090 1
1543881090 1543881081 1
1543881083 10287217034 1
10287217034 1543881083 1
1543881083 1543881070~1543881083~1 1
1543881070~1543881083~1 1543881083 1
1543881083 1543881083~2025894744~1 1
1543881083~2025894744~1 1543881083 1
1543881086 1543881089 1
1543881089 1543881086 1
1543881086 1543881086~6455984409~1 1
1543881086~6455984409~1 1543881086 1
1543881089 1543881109 1
1543881109 1543881089 1
1543881089 1543881089~1543881097~1 1
1543881089~1543881097~1 1543881089 1
1543881090 1543881105 1
1543881105 1543881090 1
1543881091 1543881091~1543881190~1 1
1543881091~1543881190~1 1543881091 1
1543881097 1543881089~1543881097~1 1
1543881089~1543881097~1 1543881097 1
1543881104 1543881110 1
1543881110 1543881104 1
1543881105 1543881115 1
1543881115 1543881105 1
1543881105 1543881105~1543881213~1 1
1543881105~1543881213~1 1543881105 1
1543881109 1543881110 1
1543881110 1543881109 1
1543881109 1543881109~1543881118~1 1
1543881109~1543881118~1 1543881109 1
1543881118 1543881109~1543881118~1 1
1543881109~1543881118~1 1543881118 1
1543881119 1531522357~1543881119~2 1
1531522357~1543881119~2 1543881119 1
1543881126 1543881142 1
1543881142 1543881126 1
1543881129 1543881196 1
1543881196 1543881129 1
1543881142 1541685021~1543881142~1 1
1541685021~1543881142~1 1543881142 1
1543881142 1543881142~1543881216~1 1
1543881142~1543881216~1 1543881142 1
1543881156 1543881052~1543881156~3 1
1543881052~1543881156~3 1543881156 1
1543881156 1543881156~1543881213~1 1
1543881156~1543881213~1 1543881156 1
1543881156 1543881156~1543881244~1 1
1543881156~1543881244~1 1543881156 1
1543881177 1543881177~1543881212~1 1
1543881177~1543881212~1 1543881177 1
1543881190 1531522389~1543881190~2 1
1531522389~1543881190~2 1543881190 1
1543881190 1543881091~1543881190~4 1
1543881091~1543881190~4 1543881190 1
1543881196 10112534186 1
10112534186 1543881196 1
1543881196 1543881196~1556467453~1 1
1543881196~1556467453~1 1543881196 1
1543881196 1543881196~687785184~1 1
1543881196~687785184~1 1543881196 1
1543881203 1543881216 1
1543881216 1543881203 1
1543881208 1543881208~1543881264~1 1
1543881208~1543881264~1 1543881208 1
1543881212 1531522389~1543881212~1 1
1531522389~1543881212~1 1543881212 1
1543881212 1543881177~1543881212~1 1
1543881177~1543881212~1 1543881212 1
1543881212 1543881212~3785405166~1 1
1543881212~3785405166~1 1543881212 1
1543881213 1543881105~1543881213~3 1
1543881105~1543881213~3 1543881213 1
1543881213 1543881156~1543881213~1 1
1543881156~1543881213~1 1543881213 1
1543881216 1543881234 1
1543881234 1543881216 1
1543881216 1543881142~1543881216~1 1
1543881142~1543881216~1 1543881216 1
1543881224 1543881224~1543881276~1 1
1543881224~1543881276~1 1543881224 1
1543881227 1543881234 1
1543881234 1543881227 1
1543881234 1543881234~1543881278~1 1
1543881234~1543881278~1 1543881234 1
1543881242 10288505392~1543881242~1 1
10288505392~1543881242~1 1543881242 1
1543881242 1531522357~1543881242~7 1
1531522357~1543881242~7 1543881242 1
1543881244 10112534186 1
10112534186 1543881244 1
1543881244 1543881156~1543881244~2 1
1543881156~1543881244~2 1543881244 1
1543881244 1543881244~1543881279~1 1
1543881244~1543881279~1 1543881244 1
1543881244 1543881244~1543881301~1 1
1543881244~1543881301~1 1543881244 1
1543881246 1543881246~1543881278~1 1
1543881246~1543881278~1 1543881246 1
1543881264 1543881276 1
1543881276 1543881264 1
1543881264 1543881208~1543881264~1 1
1543881208~1543881264~1 1543881264 1
1543881266 1543881284 1
1543881284 1543881266 1
1543881269 2025894739 1
2025894739 1543881269 1
1543881269 1531522389~1543881269~6 1
1531522389~1543881269~6 1543881269 1
1543881276 1543881284 1
1543881284 1543881276 1
1543881276 1543881224~1543881276~1 1
1543881224~1543881276~1 1543881276 1
1543881278 1543881234~1543881278~1 1
1543881234~1543881278~1 1543881278 1
1543881278 1543881246~1543881278~1 1
1543881246~1543881278~1 1543881278 1
1543881279 1543881298 1
1543881298 1543881279 1
1543881279 1543881244~1543881279~1 1
1543881244~1543881279~1 1543881279 1
1543881279 1543881279~1543881317~1 1
1543881279~1543881317~1 1543881279 1
1543881284 1543881284~1543881302~1 1
1543881284~1543881302~1 1543881284 1
1543881298 6436473953 1
6436473953 1543881298 1
1543881298 1543881298~1543881358~1 1
1543881298~1543881358~1 1543881298 1
1543881301 1543881244~1543881301~2 1
1543881244~1543881301~2 1543881301 1
1543881302 1543881284~1543881302~1 1
1543881284~1543881302~1 1543881302 1
1543881309 1543881322 1
1543881322 1543881309 1
1543881309 1543881325 1
1543881325 1543881309 1
1543881309 10277075566~1543881309~6 1
10277075566~1543881309~6 1543881309 1
1543881317 1543881279~1543881317~1 1
1543881279~1543881317~1 1543881317 1
1543881319 10288505358~1543881319~1 1
10288505358~1543881319~1 1543881319 1
1543881322 1543881336 1
1543881336 1543881322 1
1543881322 1543881347 1
1543881347 1543881322 1
1543881326 1543881326~1543881343~1 1
1543881326~1543881343~1 1543881326 1
1543881341 1543881379 1
1543881379 1543881341 1
1543881343 3785456209 1
3785456209 1543881343 1
1543881343 1543881326~1543881343~2 1
1543881326~1543881343~2 1543881343 1
1543881343 1543881343~737120949~1 1
1543881343~737120949~1 1543881343 1
1543881347 1543881361 1
1543881361 1543881347 1
1543881347 1543881347~737120948~1 1
1543881347~737120948~1 1543881347 1
1543881358 1543881298~1543881358~1 1
1543881298~1543881358~1 1543881358 1
1543881358 1543881358~1543881373~1 1
1543881358~1543881373~1 1543881358 1
1543881358 1543881358~1543881422~1 1
1543881358~1543881422~1 1543881358 1
1543881373 1543881379 1
1543881379 1543881373 1
1543881373 1543881417 1
1543881417 1543881373 1
1543881373 1543881358~1543881373~1 1
1543881358~1543881373~1 1543881373 1
1543881379 7188980394 1
7188980394 1543881379 1
1543881415 1543881415~1543881530~1 1
1543881415~1543881530~1 1543881415 1
1543881415 1543881415~7188980394~1 1
1543881415~7188980394~1 1543881415 1
1543881422 1543881493 1
1543881493 1543881422 1
1543881422 1543881358~1543881422~1 1
1543881358~1543881422~1 1543881422 1
1543881422 1543881422~1543881530~1 1
1543881422~1543881530~1 1543881422 1
1543881449 1543881449~1543881512~1 1
1543881449~1543881512~1 1543881449 1
1543881449 1543881449~6436455943~1 1
1543881449~6436455943~1 1543881449 1
1543881451 7873443761 1
7873443761 1543881451 1
1543881451 1543881451~1543881606~1 1
1543881451~1543881606~1 1543881451 1
1543881451 1543881451~6436455915~1 1
1543881451~6436455915~1 1543881451 1
1543881493 1543881505 1
1543881505 1543881493 1
1543881493 1543881493~1543881524~1 1
1543881493~1543881524~1 1543881493 1
1543881505 1543881505~1543881708~1 1
1543881505~1543881708~1 1543881505 1
1543881505 1543881505~6436455915~1 1
1543881505~6436455915~1 1543881505 1
1543881512 1543881449~1543881512~2 1
1543881449~1543881512~2 1543881512 1
1543881524 1543881493~1543881524~1 1
1543881493~1543881524~1 1543881524 1
1543881530 4784533524 1
4784533524 1543881530 1
1543881530 1543881415~1543881530~1 1
1543881415~1543881530~1 1543881530 1
1543881530 1543881422~1543881530~4 1
1543881422~1543881530~4 1543881530 1
1543881606 1543881451~1543881606~2 1
1543881451~1543881606~2 1543881606 1
1543881703 1543881739 1
1543881739 1543881703 1
1543881708 10277160349 1
10277160349 1543881708 1
1543881708 1543881505~1543881708~2 1
1543881505~1543881708~2 1543881708 1
1543881708 1543881708~1543881739~1 1
1543881708~1543881739~1 1543881708 1
1543881718 1543881737 1
1543881737 1543881718 1
1543881718 1543881718~4784532916~1 1
1543881718~4784532916~1 1543881718 1
1543881722 1543881722~3785405170~1 1
1543881722~3785405170~1 1543881722 1
1543881737 1543881764 1
1543881764 1543881737 1
1543881737 1543881737~1543881815~1 1
1543881737~1543881815~1 1543881737 1
1543881739 1543881744 1
1543881744 1543881739 1
1543881739 1543881708~1543881739~1 1
1543881708~1543881739~1 1543881739 1
1543881744 1543881764 1
1543881764 1543881744 1
1543881744 1543881744~1543881797~1 1
1543881744~1543881797~1 1543881744 1
1543881764 1543881764~1543881929~1 1
1543881764~1543881929~1 1543881764 1
1543881797 1543881744~1543881797~1 1
1543881744~1543881797~1 1543881797 1
1543881811 4784542045 1
4784542045 1543881811 1
1543881811 10277160349 1
10277160349 1543881811 1
1543881811 1543881811~1543881888~1 1
1543881811~1543881888~1 1543881811 1
1543881815 1543881737~1543881815~1 1
1543881737~1543881815~1 1543881815 1
1543881888 1543881811~1543881888~2 1
1543881811~1543881888~2 1543881888 1
1543881889 3785405170 1
3785405170 1543881889 1
1543881889 4784542045 1
4784542045 1543881889 1
1543881889 1543881889~1543881929~1 1
1543881889~1543881929~1 1543881889 1
1543881929 1543881764~1543881929~3 1
1543881764~1543881929~3 1543881929 1
1543881929 1543881889~1543881929~2 1
1543881889~1543881929~2 1543881929 1
1546891123 1546891123~1556467442~1 1
1546891123~1556467442~1 1546891123 1
1550919545 10284012105~1550919545~2 1
10284012105~1550919545~2 1550919545 1
1550919545 1550919545~3785398828~1 1
1550919545~3785398828~1 1550919545 1
1550919545 1550919545~712813614~1 1
1550919545~712813614~1 1550919545 1
1550919862 1550919874 1
1550919874 1550919862 1
1550919862 1550919862~1550920079~1 1
1550919862~1550920079~1 1550919862 1
1550919862 1550919862~691223579~1 1
1550919862~691223579~1 1550919862 1
1550920079 1550919862~1550920079~5 1
1550919862~1550920079~5 1550920079 1
1550949038 1550949123 1
1550949123 1550949038 1
1550949038 1550949038~5994527421~1 1
1550949038~5994527421~1 1550949038 1
1550949123 1550949123~1550949333~1 1
1550949123~1550949333~1 1550949123 1
1550949317 1550949317~1550949461~1 1
1550949317~1550949461~1 1550949317 1
1550949333 1550949123~1550949333~4 1
1550949123~1550949333~4 1550949333 1
1550949431 1537528782~1550949431~4 1
1537528782~1550949431~4 1550949431 1
1550949461 1550949564 1
1550949564 1550949461 1
1550949461 12582635223 1
12582635223 1550949461 1
1550949461 1550949317~1550949461~2 1
1550949317~1550949461~2 1550949461 1
1550949486 1550949627 1
1550949627 1550949486 1
1550949486 11764318019 1
11764318019 1550949486 1
1550949564 12582635227 1
12582635227 1550949564 1
1550949564 1537528835~1550949564~2 1
1537528835~1550949564~2 1550949564 1
1550949611 11764318017 1
11764318017 1550949611 1
1550949611 1531522176~1550949611~2 1
1531522176~1550949611~2 1550949611 1
1550949611 1531522201~1550949611~3 1
1531522201~1550949611~3 1550949611 1
1550949627 8418682293 1
8418682293 1550949627 1
1550949627 11764318023 1
11764318023 1550949627 1
1550949627 1550949627~5994527449~1 1
1550949627~5994527449~1 1550949627 1
1550949790 1537530943~1550949790~9 1
1537530943~1550949790~9 1550949790 1
1550949810 3785436636 1
3785436636 1550949810 1
1550949810 1531522198~1550949810~1 1
1531522198~1550949810~1 1550949810 1
1550949810 1550949810~8418682293~1 1
1550949810~8418682293~1 1550949810 1
1551398117 3785437400 1
3785437400 1551398117 1
1551398117 3785437413 1
3785437413 1551398117 1
1551398117 1551398117~5994527453~1 1
1551398117~5994527453~1 1551398117 1
1554542048 3785398827 1
3785398827 1554542048 1
1554542048 11116957376~1554542048~2 1
11116957376~1554542048~2 1554542048 1
1554542048 1554542048~1554542313~1 1
1554542048~1554542313~1 1554542048 1
1554542251 1531641980~1554542251~1 1
1531641980~1554542251~1 1554542251 1
1554542251 1554542251~3785398834~1 1
1554542251~3785398834~1 1554542251 1
1554542313 3785398831 1
3785398831 1554542313 1
1554542313 1554542048~1554542313~2 1
1554542048~1554542313~2 1554542313 1
1554542313 1554542313~712813437~1 1
1554542313~712813437~1 1554542313 1
1554542540 1554542540~3785398834~1 1
1554542540~3785398834~1 1554542540 1
1554693330 2197837784 1
2197837784 1554693330 1
1554693330 1554693330~1554693381~1 1
1554693330~1554693381~1 1554693330 1
1554693330 1554693330~3785398827~1 1
1554693330~3785398827~1 1554693330 1
1554693381 11116957372~1554693381~1 1
11116957372~1554693381~1 1554693381 1
1554693381 1554693330~1554693381~4 1
1554693330~1554693381~4 1554693381 1
1554693381 1554693381~691223589~1 1
1554693381~691223589~1 1554693381 1
1554729185 10272320700~1554729185~2 1
10272320700~1554729185~2 1554729185 1
1554729185 1554729185~687789929~1 1
1554729185~687789929~1 1554729185 1
1554729185 1554729185~712813386~1 1
1554729185~712813386~1 1554729185 1
1556467394 1556467394~1556467453~1 1
1556467394~1556467453~1 1556467394 1
1556467416 1556467442 1
1556467442 1556467416 1
1556467416 10277075566~1556467416~1 1
10277075566~1556467416~1 1556467416 1
1556467416 1527047738~1556467416~3 1
1527047738~1556467416~3 1556467416 1
1556467442 1546891123~1556467442~12 1
1546891123~1556467442~12 1556467442 1
1556467442 1556467442~687790065~1 1
1556467442~687790065~1 1556467442 1
1556467453 1556467497 1
1556467497 1556467453 1
1556467453 1543881196~1556467453~4 1
1543881196~1556467453~4 1556467453 1
1556467453 1556467394~1556467453~1 1
1556467394~1556467453~1 1556467453 1
1980243185 1980243224 1
1980243224 1980243185 1
1980243185 1980243185~1980243273~1 1
1980243185~1980243273~1 1980243185 1
1980243224 10273062830~1980243224~1 1
10273062830~1980243224~1 1980243224 1
1980243273 10273062830 1
10273062830 1980243273 1
1980243273 1980243185~1980243273~1 1
1980243185~1980243273~1 1980243273 1
1980265207 1980265211 1
1980265211 1980265207 1
1980265207 4488210190 1
4488210190 1980265207 1
1980265211 4488210190 1
4488210190 1980265211 1
1980277027 1982223434 1
1982223434 1980277027 1
1980278058 1982223434 1
1982223434 1980278058 1
1980278058 1980278058~6431635497~1 1
1980278058~6431635497~1 1980278058 1
1980465467 7541981257 1
7541981257 1980465467 1
1980465467 10277160322 1
10277160322 1980465467 1
1980465467 1541923084~1980465467~1 1
1541923084~1980465467~1 1980465467 1
1981941093 1541923214~1981941093~5 1
1541923214~1981941093~5 1981941093 1
1990362202 1990362202~6431731175~1 1
1990362202~6431731175~1 1990362202 1
1990362202 1990362202~687789602~1 1
1990362202~687789602~1 1990362202 1
1993152571 1993153540 1
1993153540 1993152571 1
1993152571 2009312320 1
2009312320 1993152571 1
1993152571 6431738088 1
6431738088 1993152571 1
1993153540 1993153548 1
1993153548 1993153540 1
1993153540 10279672656 1
10279672656 1993153540 1
1993153546 1993153548 1
1993153548 1993153546 1
1993153546 1993153546~3785456182~1 1
1993153546~3785456182~1 1993153546 1
1993153548 1993153548~687791114~1 1
1993153548~687791114~1 1993153548 1
2003838499 10283108026 1
10283108026 2003838499 1
2003838499 1527047735~2003838499~1 1
1527047735~2003838499~1 2003838499 1
2003838499 2003838499~6810301588~1 1
2003838499~6810301588~1 2003838499 1
2003838499 2003838499~737120878~1 1
2003838499~737120878~1 2003838499 1
2003844574 2009302844 1
2009302844 2003844574 1
2003844574 2009302845 1
2009302845 2003844574 1
2003844574 2494728989 1
2494728989 2003844574 1
2009302844 2009302845 1
2009302845 2009302844 1
2009302844 6810301588 1
6810301588 2009302844 1
2009302845 6810301588 1
6810301588 2009302845 1
2009302845 2009302845~2494729017~1 1
2009302845~2494729017~1 2009302845 1
2009312320 6431738088 1
6431738088 2009312320 1
2009312320 10283108026 1
10283108026 2009312320 1
2011341088 2011341103 1
2011341103 2011341088 1
2011341088 2011341129 1
2011341129 2011341088 1
2011341103 2011341108 1
2011341108 2011341103 1
2011341103 2011341160 1
2011341160 2011341103 1
2011341129 2011341160 1
2011341160 2011341129 1
2025894717 10287217032~2025894717~2 1
10287217032~2025894717~2 2025894717 1
2025894717 2025894717~2025894739~1 1
2025894717~2025894739~1 2025894717 1
2025894739 1531522385~2025894739~2 1
1531522385~2025894739~2 2025894739 1
2025894739 2025894717~2025894739~3 1
2025894717~2025894739~3 2025894739 1
2025894744 1543881083~2025894744~1 1
1543881083~2025894744~1 2025894744 1
2197837779 2197837784 1
2197837784 2197837779 1
2197837784 2197837784~737117192~1 1
2197837784~737117192~1 2197837784 1
2494728989 2494728989~2494729029~1 1
2494728989~2494729029~1 2494728989 1
2494729017 2009302845~2494729017~3 1
2009302845~2494729017~3 2494729017 1
2494729017 2494729017~2494729018~1 1
2494729017~2494729018~1 2494729017 1
2494729018 2494729029 1
2494729029 2494729018 1
2494729018 2494729031 1
2494729031 2494729018 1
2494729018 2494729017~2494729018~1 1
2494729017~2494729018~1 2494729018 1
2494729029 2494728989~2494729029~1 1
2494728989~2494729029~1 2494729029 1
2494729029 2494729029~6436388239~1 1
2494729029~6436388239~1 2494729029 1
3785375527 3785375534 1
3785375534 3785375527 1
3785375530 3785375534 1
3785375534 3785375530 1
3785375534 3785375540 1
3785375540 3785375534 1
3785375540 3785375540~994447377~1 1
3785375540~994447377~1 3785375540 1
3785375541 3785375541~6431601771~1 1
3785375541~6431601771~1 3785375541 1
3785375541 3785375541~687785478~1 1
3785375541~687785478~1 3785375541 1
3785379164 1531521563~3785379164~2 1
1531521563~3785379164~2 3785379164 1
3785379164 1531521990~3785379164~1 1
1531521990~3785379164~1 3785379164 1
3785379164 3785379164~3785379193~1 1
3785379164~3785379193~1 3785379164 1
3785379193 3785379164~3785379193~2 1
3785379164~3785379193~2 3785379193 1
3785398811 3785398811~712828686~1 1
3785398811~712828686~1 3785398811 1
3785398826 3785398828 1
3785398828 3785398826 1
3785398827 1531641980~3785398827~1 1
1531641980~3785398827~1 3785398827 1
3785398827 1554693330~3785398827~14 1
1554693330~3785398827~14 3785398827 1
3785398828 1550919545~3785398828~4 1
1550919545~3785398828~4 3785398828 1
3785398829 3785398830 1
3785398830 3785398829 1
3785398830 3785398832 1
3785398832 3785398830 1
3785398830 3785398834 1
3785398834 3785398830 1
3785398831 3785398842 1
3785398842 3785398831 1
3785398831 3785398831~691223589~1 1
3785398831~691223589~1 3785398831 1
3785398834 1554542251~3785398834~2 1
1554542251~3785398834~2 3785398834 1
3785398834 1554542540~3785398834~1 1
1554542540~3785398834~1 3785398834 1
3785402748 3785402748~3785405166~1 1
3785402748~3785405166~1 3785402748 1
3785405166 11154454138 1
11154454138 3785405166 1
3785405166 1543881050~3785405166~3 1
1543881050~3785405166~3 3785405166 1
3785405166 1543881212~3785405166~1 1
1543881212~3785405166~1 3785405166 1
3785405166 3785402748~3785405166~2 1
3785402748~3785405166~2 3785405166 1
3785405168 10288505363~3785405168~1 1
10288505363~3785405168~1 3785405168 1
3785405170 1543881722~3785405170~4 1
1543881722~3785405170~4 3785405170 1
3785405170 3785405170~3785405174~1 1
3785405170~3785405174~1 3785405170 1
3785405174 3785405170~3785405174~1 1
3785405170~3785405174~1 3785405174 1
3785430704 10267840315~3785430704~4 1
10267840315~3785430704~4 3785430704 1
3785430704 3785430704~3785430709~1 1
3785430704~3785430709~1 3785430704 1
3785430704 3785430704~687785607~1 1
3785430704~687785607~1 3785430704 1
3785430709 1531552656~3785430709~3 1
1531552656~3785430709~3 3785430709 1
3785430709 1531552662~3785430709~3 1
1531552662~3785430709~3 3785430709 1
3785430709 3785430704~3785430709~1 1
3785430704~3785430709~1 3785430709 1
3785430709 3785430709~3785430715~1 1
3785430709~3785430715~1 3785430709 1
3785430715 1531521505~3785430715~3 1
1531521505~3785430715~3 3785430715 1
3785430715 1531521528~3785430715~3 1
1531521528~3785430715~3 3785430715 1
3785430715 3785430709~3785430715~1 1
3785430709~3785430715~1 3785430715 1
3785430716 3785430716~3785430729~1 1
3785430716~3785430729~1 3785430716 1
3785430729 3785430736 1
3785430736 3785430729 1
3785430729 3785430716~3785430729~2 1
3785430716~3785430729~2 3785430729 1
3785430729 3785430729~3785430737~1 1
3785430729~3785430737~1 3785430729 1
3785430737 1531522199~3785430737~1 1
1531522199~3785430737~1 3785430737 1
3785430737 3785430729~3785430737~3 1
3785430729~3785430737~3 3785430737 1
3785436625 11764318022 1
11764318022 3785436625 1
3785436625 3785436625~3785436637~1 1
3785436625~3785436637~1 3785436625 1
3785436626 11764318015 1
11764318015 3785436626 1
3785436626 11764318020 1
11764318020 3785436626 1
3785436626 11764318022 1
11764318022 3785436626 1
3785436626 11778165235 1
11778165235 3785436626 1
3785436627 3785436632 1
3785436632 3785436627 1
3785436631 3785436634 1
3785436634 3785436631 1
3785436631 11778165235 1
11778165235 3785436631 1
3785436631 3785436631~3785436632~1 1
3785436631~3785436632~1 3785436631 1
3785436632 3785436635 1
3785436635 3785436632 1
3785436632 3785436631~3785436632~2 1
3785436631~3785436632~2 3785436632 1
3785436634 3785436638 1
3785436638 3785436634 1
3785436634 3785436634~3785436635~1 1
3785436634~3785436635~1 3785436634 1
3785436635 3785436642 1
3785436642 3785436635 1
3785436635 3785436634~3785436635~2 1
3785436634~3785436635~2 3785436635 1
3785436636 3785436637 1
3785436637 3785436636 1
3785436637 3785436625~3785436637~2 1
3785436625~3785436637~2 3785436637 1
3785436637 3785436637~3785436638~1 1
3785436637~3785436638~1 3785436637 1
3785436638 3785436640 1
3785436640 3785436638 1
3785436638 3785436637~3785436638~1 1
3785436637~3785436638~1 3785436638 1
3785436640 3785436644 1
3785436644 3785436640 1
3785436640 1537529837~3785436640~2 1
1537529837~3785436640~2 3785436640 1
3785436640 3785436640~3785436642~1 1
3785436640~3785436642~1 3785436640 1
3785436642 3785436650 1
3785436650 3785436642 1
3785436642 3785436640~3785436642~2 1
3785436640~3785436642~2 3785436642 1
3785436644 3785436649 1
3785436649 3785436644 1
3785436644 3785436644~3785436650~1 1
3785436644~3785436650~1 3785436644 1
3785436649 3785436651 1
3785436651 3785436649 1
3785436649 1537529868~3785436649~2 1
1537529868~3785436649~2 3785436649 1
3785436650 3785437361 1
3785437361 3785436650 1
3785436650 3785436644~3785436650~2 1
3785436644~3785436650~2 3785436650 1
3785436651 3785437358 1
3785437358 3785436651 1
3785436651 3785437365 1
3785437365 3785436651 1
3785437358 3785437361 1
3785437361 3785437358 1
3785437358 3785437367 1
3785437367 3785437358 1
3785437361 3785437361~3785437393~1 1
3785437361~3785437393~1 3785437361 1
3785437363 3785437372 1
3785437372 3785437363 1
3785437363 11778125105 1
11778125105 3785437363 1
3785437363 11778125121 1
11778125121 3785437363 1
3785437364 3785437375 1
3785437375 3785437364 1
3785437364 11778125109~3785437364~1 1
11778125109~3785437364~1 3785437364 1
3785437364 3785437364~3785437372~1 1
3785437364~3785437372~1 3785437364 1
3785437365 3785437367 1
3785437367 3785437365 1
3785437365 3785437379 1
3785437379 3785437365 1
3785437367 3785437367~3785437379~1 1
3785437367~3785437379~1 3785437367 1
3785437372 3785437387 1
3785437387 3785437372 1
3785437372 3785437364~3785437372~2 1
3785437364~3785437372~2 3785437372 1
3785437372 3785437372~3785437386~1 1
3785437372~3785437386~1 3785437372 1
3785437375 3785437388 1
3785437388 3785437375 1
3785437375 3785437375~3785437387~1 1
3785437375~3785437387~1 3785437375 1
3785437379 3785437389 1
3785437389 3785437379 1
3785437379 3785437367~3785437379~1 1
3785437367~3785437379~1 3785437379 1
3785437386 3785437396 1
3785437396 3785437386 1
3785437386 11778125117~3785437386~1 1
11778125117~3785437386~1 3785437386 1
3785437386 3785437372~3785437386~2 1
3785437372~3785437386~2 3785437386 1
3785437387 3785437397 1
3785437397 3785437387 1
3785437387 3785437375~3785437387~2 1
3785437375~3785437387~2 3785437387 1
3785437387 3785437387~3785437396~1 1
3785437387~3785437396~1 3785437387 1
3785437388 3785437398 1
3785437398 3785437388 1
3785437388 3785437388~3785437397~1 1
3785437388~3785437397~1 3785437388 1
3785437389 3785437389~3785437393~1 1
3785437389~3785437393~1 3785437389 1
3785437389 3785437389~3785437401~1 1
3785437389~3785437401~1 3785437389 1
3785437393 3785437361~3785437393~1 1
3785437361~3785437393~1 3785437393 1
3785437393 3785437389~3785437393~2 1
3785437389~3785437393~2 3785437393 1
3785437393 3785437393~3785437401~1 1
3785437393~3785437401~1 3785437393 1
3785437396 3785437406 1
3785437406 3785437396 1
3785437396 3785437387~3785437396~2 1
3785437387~3785437396~2 3785437396 1
3785437397 3785437407 1
3785437407 3785437397 1
3785437397 3785437388~3785437397~2 1
3785437388~3785437397~2 3785437397 1
3785437397 3785437397~3785437406~1 1
3785437397~3785437406~1 3785437397 1
3785437398 3785437411 1
3785437411 3785437398 1
3785437398 3785437398~3785437407~1 1
3785437398~3785437407~1 3785437398 1
3785437400 3785437401 1
3785437401 3785437400 1
3785437400 1537530943~3785437400~3 1
1537530943~3785437400~3 3785437400 1
3785437401 3785437389~3785437401~1 1
3785437389~3785437401~1 3785437401 1
3785437401 3785437393~3785437401~5 1
3785437393~3785437401~5 3785437401 1
3785437406 3785437414 1
3785437414 3785437406 1
3785437406 3785437397~3785437406~2 1
3785437397~3785437406~2 3785437406 1
3785437407 3785437398~3785437407~2 1
3785437398~3785437407~2 3785437407 1
3785437407 3785437407~3785437414~1 1
3785437407~3785437414~1 3785437407 1
3785437407 3785437407~3785437419~1 1
3785437407~3785437419~1 3785437407 1
3785437408 3785437408~3785437411~1 1
3785437408~3785437411~1 3785437408 1
3785437411 3785437417 1
3785437417 3785437411 1
3785437411 3785437408~3785437411~1 1
3785437408~3785437411~1 3785437411 1
3785437413 10288505393 1
10288505393 3785437413 1
3785437413 3785437413~3785437417~1 1
3785437413~3785437417~1 3785437413 1
3785437414 10288505392~3785437414~3 1
10288505392~3785437414~3 3785437414 1
3785437414 3785437407~3785437414~2 1
3785437407~3785437414~2 3785437414 1
3785437417 3785437413~3785437417~5 1
3785437413~3785437417~5 3785437417 1
3785437419 3785437407~3785437419~3 1
3785437407~3785437419~3 3785437419 1
3785440381 11906690529 1
11906690529 3785440381 1
3785440381 1541923214~3785440381~2 1
1541923214~3785440381~2 3785440381 1
3785440381 3785440381~3785440406~1 1
3785440381~3785440406~1 3785440381 1
3785440406 3785440381~3785440406~1 1
3785440381~3785440406~1 3785440406 1
3785456171 3785456176 1
3785456176 3785456171 1
3785456171 3785456188 1
3785456188 3785456171 1
3785456171 10279672654 1
10279672654 3785456171 1
3785456182 3785456185 1
3785456185 3785456182 1
3785456182 10283084946 1
10283084946 3785456182 1
3785456182 1993153546~3785456182~3 1
1993153546~3785456182~3 3785456182 1
3785456200 3785456200~3785456208~1 1
3785456200~3785456208~1 3785456200 1
3785456200 3785456200~3785456209~1 1
3785456200~3785456209~1 3785456200 1
3785456200 3785456200~737120982~1 1
3785456200~737120982~1 3785456200 1
3785456208 3785456200~3785456208~1 1
3785456200~3785456208~1 3785456208 1
3785456209 3785456200~3785456209~1 1
3785456200~3785456209~1 3785456209 1
3785456209 3785456209~3785456219~1 1
3785456209~3785456219~1 3785456209 1
3785456216 3785456226 1
3785456226 3785456216 1
3785456216 6871713444 1
6871713444 3785456216 1
3785456216 3785456216~687789929~1 1
3785456216~687789929~1 3785456216 1
3785456219 3785456209~3785456219~2 1
3785456209~3785456219~2 3785456219 1
3785456226 3785456227 1
3785456227 3785456226 1
3785456226 3785456226~687789997~1 1
3785456226~687789997~1 3785456226 1
4784532911 4784532916 1
4784532916 4784532911 1
4784532916 4784533524 1
4784533524 4784532916 1
4784532916 1543881718~4784532916~1 1
1543881718~4784532916~1 4784532916 1
4784532917 4784532917~4784533524~1 1
4784532917~4784533524~1 4784532917 1
4784533524 4784532917~4784533524~1 1
4784532917~4784533524~1 4784533524 1
4784542036 4784542036~4784542045~1 1
4784542036~4784542045~1 4784542036 1
4784542045 4784542036~4784542045~1 1
4784542036~4784542045~1 4784542045 1
4784542046 10277160349~4784542046~2 1
10277160349~4784542046~2 4784542046 1
5278052033 5278052033~5278052042~1 1
5278052033~5278052042~1 5278052033 1
5278052042 5343777372 1
5343777372 5278052042 1
5278052042 12126162827 1
12126162827 5278052042 1
5278052042 5278052033~5278052042~1 1
5278052033~5278052042~1 5278052042 1
5343777345 5343777347 1
5343777347 5343777345 1
5343777372 5343777372~5343777383~1 1
5343777372~5343777383~1 5343777372 1
5343777383 5343777372~5343777383~2 1
5343777372~5343777383~2 5343777383 1
5343783803 12126162836 1
12126162836 5343783803 1
5343783803 1541684839~5343783803~2 1
1541684839~5343783803~2 5343783803 1
5343783803 5343783803~5343783817~1 1
5343783803~5343783817~1 5343783803 1
5343783817 12126162832 1
12126162832 5343783817 1
5343783817 1541684980~5343783817~1 1
1541684980~5343783817~1 5343783817 1
5343783817 5343783803~5343783817~2 1
5343783803~5343783817~2 5343783817 1
5964912087 5994527453 1
5994527453 5964912087 1
5994527408 5994527413 1
5994527413 5994527408 1
5994527408 5994527418 1
5994527418 5994527408 1
5994527408 5994527408~5994527410~1 1
5994527408~5994527410~1 5994527408 1
5994527410 5994527411 1
5994527411 5994527410 1
5994527410 5994527408~5994527410~1 1
5994527408~5994527410~1 5994527410 1
5994527411 5994527413 1
5994527413 5994527411 1
5994527413 5994527421 1
5994527421 5994527413 1
5994527414 5994527414~5994527418~1 1
5994527414~5994527418~1 5994527414 1
5994527418 5994527414~5994527418~1 1
5994527414~5994527418~1 5994527418 1
5994527421 1550949038~5994527421~3 1
1550949038~5994527421~3 5994527421 1
5994527445 1541684802~5994527445~2 1
1541684802~5994527445~2 5994527445 1
5994527449 1550949627~5994527449~2 1
1550949627~5994527449~2 5994527449 1
5994527453 1551398117~5994527453~2 1
1551398117~5994527453~2 5994527453 1
6159190417 7873443717 1
7873443717 6159190417 1
6159190417 1531521583~6159190417~1 1
1531521583~6159190417~1 6159190417 1
6431571306 6431571311 1
6431571311 6431571306 1
6431571311 1531552670~6431571311~1 1
1531552670~6431571311~1 6431571311 1
6431571311 6431571311~6431575638~1 1
6431571311~6431575638~1 6431571311 1
6431571316 6431571317 1
6431571317 6431571316 1
6431571317 1537529009~6431571317~3 1
1537529009~6431571317~3 6431571317 1
6431575634 6431575638 1
6431575638 6431575634 1
6431575638 1531552747~6431575638~2 1
1531552747~6431575638~2 6431575638 1
6431575638 6431571311~6431575638~1 1
6431571311~6431575638~1 6431575638 1
6431601740 12105463823 1
12105463823 6431601740 1
6431601740 1531522382~6431601740~6 1
1531522382~6431601740~6 6431601740 1
6431601757 6431601771 1
6431601771 6431601757 1
6431601762 6431601771 1
6431601771 6431601762 1
6431601762 1531521710~6431601762~1 1
1531521710~6431601762~1 6431601762 1
6431601771 3785375541~6431601771~1 1
3785375541~6431601771~1 6431601771 1
6431635497 6431635499 1
6431635499 6431635497 1
6431635497 1980278058~6431635497~2 1
1980278058~6431635497~2 6431635497 1
6431635497 6431635497~687789460~1 1
6431635497~687789460~1 6431635497 1
6431684423 6431684433 1
6431684433 6431684423 1
6431684423 6431684435 1
6431684435 6431684423 1
6431684423 6431684442 1
6431684442 6431684423 1
6431684428 6431684430 1
6431684430 6431684428 1
6431684428 6431684441 1
6431684441 6431684428 1
6431684428 6431684443 1
6431684443 6431684428 1
6431684430 6431684438 1
6431684438 6431684430 1
6431684433 6431684435 1
6431684435 6431684433 1
6431684433 6473976938 1
6473976938 6431684433 1
6431684434 6431684438 1
6431684438 6431684434 1
6431684434 6431684442 1
6431684442 6431684434 1
6431684434 6473976938 1
6473976938 6431684434 1
6431684435 6431684441 1
6431684441 6431684435 1
6431684441 6431684443 1
6431684443 6431684441 1
6431684442 6473976938 1
6473976938 6431684442 1
6431684442 6431684442~687785092~1 1
6431684442~687785092~1 6431684442 1
6431684443 6431684443~6431731175~1 1
6431684443~6431731175~1 6431684443 1
6431731175 1990362202~6431731175~4 1
1990362202~6431731175~4 6431731175 1
6431731175 6431684443~6431731175~4 1
6431684443~6431731175~4 6431731175 1
6431738088 10283108026 1
10283108026 6431738088 1
6431738088 6431738088~687791089~1 1
6431738088~687791089~1 6431738088 1
6436243190 11906690529~6436243190~4 1
11906690529~6436243190~4 6436243190 1
6436243190 1541923098~6436243190~2 1
1541923098~6436243190~2 6436243190 1
6436388239 2494729029~6436388239~2 1
2494729029~6436388239~2 6436388239 1
6436455913 6436455915 1
6436455915 6436455913 1
6436455915 1543881451~6436455915~2 1
1543881451~6436455915~2 6436455915 1
6436455915 1543881505~6436455915~1 1
1543881505~6436455915~1 6436455915 1
6436455933 6436455933~6436455943~1 1
6436455933~6436455943~1 6436455933 1
6436455943 1543881449~6436455943~1 1
1543881449~6436455943~1 6436455943 1
6436455943 6436455933~6436455943~1 1
6436455933~6436455943~1 6436455943 1
6436473950 6436473953 1
6436473953 6436473950 1
6436473953 493871473~6436473953~1 1
493871473~6436473953~1 6436473953 1
6455886839 10277160349 1
10277160349 6455886839 1
6455984388 1531522283~6455984388~3 1
1531522283~6455984388~3 6455984388 1
6455984388 6455984388~6455984393~1 1
6455984388~6455984393~1 6455984388 1
6455984393 11764336655 1
11764336655 6455984393 1
6455984393 6455984388~6455984393~2 1
6455984388~6455984393~2 6455984393 1
6455984393 6455984393~6455984404~1 1
6455984393~6455984404~1 6455984393 1
6455984394 6455984394~6455984400~1 1
6455984394~6455984400~1 6455984394 1
6455984400 1531522283~6455984400~1 1
1531522283~6455984400~1 6455984400 1
6455984400 6455984394~6455984400~1 1
6455984394~6455984400~1 6455984400 1
6455984401 6455984401~6455984402~1 1
6455984401~6455984402~1 6455984401 1
6455984402 1531522346~6455984402~2 1
1531522346~6455984402~2 6455984402 1
6455984402 6455984401~6455984402~1 1
6455984401~6455984402~1 6455984402 1
6455984403 6455984404 1
6455984404 6455984403 1
6455984404 1531522309~6455984404~1 1
1531522309~6455984404~1 6455984404 1
6455984404 6455984393~6455984404~1 1
6455984393~6455984404~1 6455984404 1
6455984405 1531522300~6455984405~1 1
1531522300~6455984405~1 6455984405 1
6455984405 6455984405~6455984408~1 1
6455984405~6455984408~1 6455984405 1
6455984408 1531522283~6455984408~2 1
1531522283~6455984408~2 6455984408 1
6455984408 6455984405~6455984408~3 1
6455984405~6455984408~3 6455984408 1
6455984409 1543881086~6455984409~1 1
1543881086~6455984409~1 6455984409 1
6810301588 2003838499~6810301588~3 1
2003838499~6810301588~3 6810301588 1
7188980394 7188980395 1
7188980395 7188980394 1
7188980394 1543881415~7188980394~1 1
1543881415~7188980394~1 7188980394 1
7519812355 7541981253 1
7541981253 7519812355 1
7519812355 7541981257 1
7541981257 7519812355 1
7519812359 7519812364 1
7519812364 7519812359 1
7519812359 7541981253 1
7541981253 7519812359 1
7519812359 7541981260 1
7541981260 7519812359 1
7519812364 7541981260 1
7541981260 7519812364 1
7519812364 10277160322 1
10277160322 7519812364 1
7541981257 10277160322 1
10277160322 7541981257 1
7869952374 1531521990~7869952374~3 1
1531521990~7869952374~3 7869952374 1
7869952374 1541684681~7869952374~4 1
1541684681~7869952374~4 7869952374 1
7869952374 1541684801~7869952374~1 1
1541684801~7869952374~1 7869952374 1
7869952375 687785406~7869952375~1 1
687785406~7869952375~1 7869952375 1
7869952382 687785187~7869952382~4 1
687785187~7869952382~4 7869952382 1
7873443700 7873443707 1
7873443707 7873443700 1
7873443700 7873443700~7873443702~1 1
7873443700~7873443702~1 7873443700 1
7873443702 7873443700~7873443702~1 1
7873443700~7873443702~1 7873443702 1
7873443703 7873443703~7873443706~1 1
7873443703~7873443706~1 7873443703 1
7873443706 7873443703~7873443706~4 1
7873443703~7873443706~4 7873443706 1
7873443707 7873443716 1
7873443716 7873443707 1
7873443707 7873443707~7873443714~1 1
7873443707~7873443714~1 7873443707 1
7873443714 7873443715 1
7873443715 7873443714 1
7873443714 7873443707~7873443714~2 1
7873443707~7873443714~2 7873443714 1
7873443714 7873443714~7873443716~1 1
7873443714~7873443716~1 7873443714 1
7873443715 9854096013 1
9854096013 7873443715 1
7873443715 7873443715~7873443717~1 1
7873443715~7873443717~1 7873443715 1
7873443716 7873443717 1
7873443717 7873443716 1
7873443716 7873443714~7873443716~2 1
7873443714~7873443716~2 7873443716 1
7873443717 7873443715~7873443717~2 1
7873443715~7873443717~2 7873443717 1
7873443760 7873443761 1
7873443761 7873443760 1
7873443761 10288505363~7873443761~2 1
10288505363~7873443761~2 7873443761 1
7873443761 1531642726~7873443761~1 1
1531642726~7873443761~1 7873443761 1
8418682293 1550949810~8418682293~5 1
1550949810~8418682293~5 8418682293 1
8419162710 1537531566~8419162710~11 1
1537531566~8419162710~11 8419162710 1
8576449800 8576449803 1
8576449803 8576449800 1
8576449800 1541923224~8576449800~3 1
1541923224~8576449800~3 8576449800 1
8576449800 712828686~8576449800~2 1
712828686~8576449800~2 8576449800 1
9854096013 9854096013~9854096014~1 1
9854096013~9854096014~1 9854096013 1
9854096014 9854096013~9854096014~1 1
9854096013~9854096014~1 9854096014 1
9854096015 9854096026 1
9854096026 9854096015 1
9854096015 1531521529~9854096015~1 1
1531521529~9854096015~1 9854096015 1
9854096023 10267840322 1
10267840322 9854096023 1
9854096023 9854096023~9854096026~1 1
9854096023~9854096026~1 9854096023 1
9854096026 9854096023~9854096026~1 1
9854096023~9854096026~1 9854096026 1
9854096026 9854096026~9854096028~1 1
9854096026~9854096028~1 9854096026 1
9854096028 9854096026~9854096028~1 1
9854096026~9854096028~1 9854096028 1
10112534185 10112534186 1
10112534186 10112534185 1
10112534185 10112534187 1
10112534187 10112534185 1
10112534185 10112549791 1
10112549791 10112534185 1
10112549789 10112549790 1
10112549790 10112549789 1
10112549789 10112549791 1
10112549791 10112549789 1
10112549789 10112549793 1
10112549793 10112549789 1
10112549791 10112549792 1
10112549792 10112549791 1
10234420676 10234420678 1
10234420678 10234420676 1
10234420676 10234420676~10234420677~1 1
10234420676~10234420677~1 10234420676 1
10234420676 10234420676~10287217034~1 1
10234420676~10287217034~1 10234420676 1
10234420677 10234420679 1
10234420679 10234420677 1
10234420677 10234420676~10234420677~1 1
10234420676~10234420677~1 10234420677 1
10234420679 10234420680 1
10234420680 10234420679 1
10234420679 10234420679~1541684975~1 1
10234420679~1541684975~1 10234420679 1
10267840315 10267840315~10267840322~1 1
10267840315~10267840322~1 10267840315 1
10267840315 10267840315~1531521573~1 1
10267840315~1531521573~1 10267840315 1
10267840315 10267840315~3785430704~1 1
10267840315~3785430704~1 10267840315 1
10267840322 10267840315~10267840322~4 1
10267840315~10267840322~4 10267840322 1
10267840322 10267840322~1541684654~1 1
10267840322~1541684654~1 10267840322 1
10272320700 10272320700~1554729185~1 1
10272320700~1554729185~1 10272320700 1
10272320754 10272320754~712813610~1 1
10272320754~712813610~1 10272320754 1
10273062830 10273062830~1980243224~1 1
10273062830~1980243224~1 10273062830 1
10277075566 10279672654 1
10279672654 10277075566 1
10277075566 10277075566~1543881309~1 1
10277075566~1543881309~1 10277075566 1
10277075566 10277075566~1556467416~1 1
10277075566~1556467416~1 10277075566 1
10277160349 10277160349~4784542046~1 1
10277160349~4784542046~1 10277160349 1
10279672656 10279672656~1527047738~1 1
10279672656~1527047738~1 10279672656 1
10279672656 10279672656~687790065~1 1
10279672656~687790065~1 10279672656 1
10283084946 10283084949 1
10283084949 10283084946 1
10284012105 10284012105~1550919545~1 1
10284012105~1550919545~1 10284012105 1
10287217032 10287217032~1531522344~1 1
10287217032~1531522344~1 10287217032 1
10287217032 10287217032~1531522382~1 1
10287217032~1531522382~1 10287217032 1
10287217032 10287217032~2025894717~1 1
10287217032~2025894717~1 10287217032 1
10287217034 10234420676~10287217034~2 1
10234420676~10287217034~2 10287217034 1
10287239930 10287239930~1531522395~1 1
10287239930~1531522395~1 10287239930 1
10287239930 10287239930~1531642419~1 1
10287239930~1531642419~1 10287239930 1
10288505358 10288505363 1
10288505363 10288505358 1
10288505358 10288505358~1543881319~1 1
10288505358~1543881319~1 10288505358 1
10288505363 10288505363~3785405168~1 1
10288505363~3785405168~1 10288505363 1
10288505363 10288505363~7873443761~1 1
10288505363~7873443761~1 10288505363 1
10288505392 10288505392~1543881242~1 1
10288505392~1543881242~1 10288505392 1
10288505392 10288505392~3785437414~1 1
10288505392~3785437414~1 10288505392 1
10289452609 10289452609~1541923039~1 1
10289452609~1541923039~1 10289452609 1
11116957369 11116957372 1
11116957372 11116957369 1
11116957372 11116957374 1
11116957374 11116957372 1
11116957372 11116957372~1554693381~1 1
11116957372~1554693381~1 11116957372 1
11116957373 11116957374 1
11116957374 11116957373 1
11116957374 11116957378 1
11116957378 11116957374 1
11116957375 11116957376 1
11116957376 11116957375 1
11116957376 11116957378 1
11116957378 11116957376 1
11116957376 11116957376~1554542048~1 1
11116957376~1554542048~1 11116957376 1
11116957377 11116957378 1
11116957378 11116957377 1
11764318012 11764318013 1
11764318013 11764318012 1
11764318013 11764318015 1
11764318015 11764318013 1
11764318014 11764318015 1
11764318015 11764318014 1
11764318016 11764318017 1
11764318017 11764318016 1
11764318017 11764318019 1
11764318019 11764318017 1
11764318018 11764318019 1
11764318019 11764318018 1
11764318021 11764318022 1
11764318022 11764318021 1
11764336652 11764336653 1
11764336653 11764336652 1
11764336653 11764336663 1
11764336663 11764336653 1
11764336654 11764336655 1
11764336655 11764336654 1
11764336655 11764336660 1
11764336660 11764336655 1
11764336656 11764336658 1
11764336658 11764336656 1
11764336658 11764336658~1531522250~1 1
11764336658~1531522250~1 11764336658 1
11764336659 11764336660 1
11764336660 11764336659 1
11764336660 11778125111 1
11778125111 11764336660 1
11764336662 11764336663 1
11764336663 11764336662 1
11778125104 11778125105 1
11778125105 11778125104 1
11778125105 11778125109 1
11778125109 11778125105 1
11778125106 11778125109 1
11778125109 11778125106 1
11778125109 11778125109~3785437364~1 1
11778125109~3785437364~1 11778125109 1
11778125110 11778125111 1
11778125111 11778125110 1
11778125111 11778125115 1
11778125115 11778125111 1
11778125114 11778125115 1
11778125115 11778125114 1
11778125115 11778125115~1531522242~1 1
11778125115~1531522242~1 11778125115 1
11778125116 11778125117 1
11778125117 11778125116 1
11778125117 11778125119 1
11778125119 11778125117 1
11778125117 11778125117~3785437386~1 1
11778125117~3785437386~1 11778125117 1
11778125118 11778125119 1
11778125119 11778125118 1
11778125119 11778125121 1
11778125121 11778125119 1
11778125120 11778125121 1
11778125121 11778125120 1
11778165235 11778165236 1
11778165236 11778165235 1
11906690528 11906690529 1
11906690529 11906690528 1
11906690529 11906690529~6436243190~1 1
11906690529~6436243190~1 11906690529 1
12055134391 12055134391~994447377~1 1
12055134391~994447377~1 12055134391 1
12055266947 12055266948 1
12055266948 12055266947 1
12055266947 12055266956 1
12055266956 12055266947 1
12055266949 12055266950 1
12055266950 12055266949 1
12055266951 12055266951~1541685017~1 1
12055266951~1541685017~1 12055266951 1
12055266955 12055266956 1
12055266956 12055266955 1
12126162820 12126162823 1
12126162823 12126162820 1
12126162823 12126162823~1541684828~1 1
12126162823~1541684828~1 12126162823 1
12126162823 12126162823~1541684861~1 1
12126162823~1541684861~1 12126162823 1
12126162827 12126162828 1
12126162828 12126162827 1
12126162829 12126162832 1
12126162832 12126162829 1
12126162836 12126162837 1
12126162837 12126162836 1
12126162838 12126162839 1
12126162839 12126162838 1
12126162839 12126162841 1
12126162841 12126162839 1
12126162839 12126162839~1543881047~1 1
12126162839~1543881047~1 12126162839 1
12126162840 12126162841 1
12126162841 12126162840 1
12582635223 12582635227 1
12582635227 12582635223 1
12582635223 12582635223~1531522067~1 1
12582635223~1531522067~1 12582635223 1
12582635227 12582635227~1531522144~1 1
12582635227~1531522144~1 12582635227 1
10234420676~10287217034~1 10234420676~10287217034~2 1
10234420676~10287217034~2 10234420676~10287217034~1 1
10234420679~1541684975~1 10234420679~1541684975~2 1
10234420679~1541684975~2 10234420679~1541684975~1 1
10267840315~10267840322~1 10267840315~10267840322~2 1
10267840315~10267840322~2 10267840315~10267840322~1 1
10267840315~10267840322~2 10267840315~10267840322~3 1
10267840315~10267840322~3 10267840315~10267840322~2 1
10267840315~10267840322~3 10267840315~10267840322~4 1
10267840315~10267840322~4 10267840315~10267840322~3 1
10267840315~1531521573~1 10267840315~1531521573~2 1
10267840315~1531521573~2 10267840315~1531521573~1 1
10267840315~3785430704~1 10267840315~3785430704~2 1
10267840315~3785430704~2 10267840315~3785430704~1 1
10267840315~3785430704~2 10267840315~3785430704~3 1
10267840315~3785430704~3 10267840315~3785430704~2 1
10267840315~3785430704~3 10267840315~3785430704~4 1
10267840315~3785430704~4 10267840315~3785430704~3 1
10267840322~1541684654~1 10267840322~1541684654~2 1
10267840322~1541684654~2 10267840322~1541684654~1 1
10267840322~1541684654~2 10267840322~1541684654~3 1
10267840322~1541684654~3 10267840322~1541684654~2 1
10272320700~1554729185~1 10272320700~1554729185~2 1
10272320700~1554729185~2 10272320700~1554729185~1 1
10277075566~1543881309~1 10277075566~1543881309~2 1
10277075566~1543881309~2 10277075566~1543881309~1 1
10277075566~1543881309~2 10277075566~1543881309~3 1
10277075566~1543881309~3 10277075566~1543881309~2 1
10277075566~1543881309~3 10277075566~1543881309~4 1
10277075566~1543881309~4 10277075566~1543881309~3 1
10277075566~1543881309~4 10277075566~1543881309~5 1
10277075566~1543881309~5 10277075566~1543881309~4 1
10277075566~1543881309~5 10277075566~1543881309~6 1
10277075566~1543881309~6 10277075566~1543881309~5 1
10277160349~4784542046~1 10277160349~4784542046~2 1
10277160349~4784542046~2 10277160349~4784542046~1 1
10279672656~687790065~1 10279672656~687790065~2 1
10279672656~687790065~2 10279672656~687790065~1 1
10279672656~687790065~2 10279672656~687790065~3 1
10279672656~687790065~3 10279672656~687790065~2 1
10279672656~687790065~3 10279672656~687790065~4 1
10279672656~687790065~4 10279672656~687790065~3 1
10284012105~1550919545~1 10284012105~1550919545~2 1
10284012105~1550919545~2 10284012105~1550919545~1 1
10287217032~1531522344~1 10287217032~1531522344~2 1
10287217032~1531522344~2 10287217032~1531522344~1 1
10287217032~1531522382~1 10287217032~1531522382~2 1
10287217032~1531522382~2 10287217032~1531522382~1 1
10287217032~2025894717~1 10287217032~2025894717~2 1
10287217032~2025894717~2 10287217032~2025894717~1 1
10288505363~7873443761~1 10288505363~7873443761~2 1
10288505363~7873443761~2 10288505363~7873443761~1 1
10288505392~3785437414~1 10288505392~3785437414~2 1
10288505392~3785437414~2 10288505392~3785437414~1 1
10288505392~3785437414~2 10288505392~3785437414~3 1
10288505392~3785437414~3 10288505392~3785437414~2 1
11116957376~1554542048~1 11116957376~1554542048~2 1
11116957376~1554542048~2 11116957376~1554542048~1 1
11764336658~1531522250~1 11764336658~1531522250~2 1
11764336658~1531522250~2 11764336658~1531522250~1 1
11778125115~1531522242~1 11778125115~1531522242~2 1
11778125115~1531522242~2 11778125115~1531522242~1 1
11778125115~1531522242~2 11778125115~1531522242~3 1
11778125115~1531522242~3 11778125115~1531522242~2 1
11906690529~6436243190~1 11906690529~6436243190~2 1
11906690529~6436243190~2 11906690529~6436243190~1 1
11906690529~6436243190~2 11906690529~6436243190~3 1
11906690529~6436243190~3 11906690529~6436243190~2 1
11906690529~6436243190~3 11906690529~6436243190~4 1
11906690529~6436243190~4 11906690529~6436243190~3 1
12126162839~1543881047~1 12126162839~1543881047~2 1
12126162839~1543881047~2 12126162839~1543881047~1 1
1235093041~687791089~1 1235093041~687791089~2 1
1235093041~687791089~2 1235093041~687791089~1 1
1235093177~1541922894~1 1235093177~1541922894~2 1
1235093177~1541922894~2 1235093177~1541922894~1 1
1235093177~1541922894~10 1235093177~1541922894~11 1
1235093177~1541922894~11 1235093177~1541922894~10 1
1235093177~1541922894~10 1235093177~1541922894~9 1
1235093177~1541922894~9 1235093177~1541922894~10 1
1235093177~1541922894~11 1235093177~1541922894~12 1
1235093177~1541922894~12 1235093177~1541922894~11 1
1235093177~1541922894~12 1235093177~1541922894~13 1
1235093177~1541922894~13 1235093177~1541922894~12 1
1235093177~1541922894~13 1235093177~1541922894~14 1
1235093177~1541922894~14 1235093177~1541922894~13 1
1235093177~1541922894~2 1235093177~1541922894~3 1
1235093177~1541922894~3 1235093177~1541922894~2 1
1235093177~1541922894~3 1235093177~1541922894~4 1
1235093177~1541922894~4 1235093177~1541922894~3 1
1235093177~1541922894~4 1235093177~1541922894~5 1
1235093177~1541922894~5 1235093177~1541922894~4 1
1235093177~1541922894~5 1235093177~1541922894~6 1
1235093177~1541922894~6 1235093177~1541922894~5 1
1235093177~1541922894~6 1235093177~1541922894~7 1
1235093177~1541922894~7 1235093177~1541922894~6 1
1235093177~1541922894~7 1235093177~1541922894~8 1
1235093177~1541922894~8 1235093177~1541922894~7 1
1235093177~1541922894~8 1235093177~1541922894~9 1
1235093177~1541922894~9 1235093177~1541922894~8 1
1527047735~1527047738~1 1527047735~1527047738~2 1
1527047735~1527047738~2 1527047735~1527047738~1 1
1527047738~1556467416~1 1527047738~1556467416~2 1
1527047738~1556467416~2 1527047738~1556467416~1 1
1527047738~1556467416~2 1527047738~1556467416~3 1
1527047738~1556467416~3 1527047738~1556467416~2 1
1527047883~689572484~1 1527047883~689572484~2 1
1527047883~689572484~2 1527047883~689572484~1 1
1527047883~689572484~2 1527047883~689572484~3 1
1527047883~689572484~3 1527047883~689572484~2 1
1527047883~689572484~3 1527047883~689572484~4 1
1527047883~689572484~4 1527047883~689572484~3 1
1527047896~689572484~1 1527047896~689572484~2 1
1527047896~689572484~2 1527047896~689572484~1 1
1527047896~689572484~2 1527047896~689572484~3 1
1527047896~689572484~3 1527047896~689572484~2 1
1529641407~1531522061~1 1529641407~1531522061~2 1
1529641407~1531522061~2 1529641407~1531522061~1 1
1529641407~1531522061~2 1529641407~1531522061~3 1
1529641407~1531522061~3 1529641407~1531522061~2 1
1529641410~1529641545~1 1529641410~1529641545~2 1
1529641410~1529641545~2 1529641410~1529641545~1 1
1529641410~1529641545~2 1529641410~1529641545~3 1
1529641410~1529641545~3 1529641410~1529641545~2 1
1529641430~1529641555~1 1529641430~1529641555~2 1
1529641430~1529641555~2 1529641430~1529641555~1 1
1529641439~1531522142~1 1529641439~1531522142~2 1
1529641439~1531522142~2 1529641439~1531522142~1 1
1529641439~1531522142~2 1529641439~1531522142~3 1
1529641439~1531522142~3 1529641439~1531522142~2 1
1529641488~1531522182~1 1529641488~1531522182~2 1
1529641488~1531522182~2 1529641488~1531522182~1 1
1529641488~1531522182~2 1529641488~1531522182~3 1
1529641488~1531522182~3 1529641488~1531522182~2 1
1529641488~1531522226~1 1529641488~1531522226~2 1
1529641488~1531522226~2 1529641488~1531522226~1 1
1529641488~1531522226~2 1529641488~1531522226~3 1
1529641488~1531522226~3 1529641488~1531522226~2 1
1529641488~1531522226~3 1529641488~1531522226~4 1
1529641488~1531522226~4 1529641488~1531522226~3 1
1529641488~1531522226~4 1529641488~1531522226~5 1
1529641488~1531522226~5 1529641488~1531522226~4 1
1529641555~1529641584~1 1529641555~1529641584~2 1
1529641555~1529641584~2 1529641555~1529641584~1 1
1529641775~1537531249~1 1529641775~1537531249~2 1
1529641775~1537531249~2 1529641775~1537531249~1 1
1531311888~687791710~1 1531311888~687791710~2 1
1531311888~687791710~2 1531311888~687791710~1 1
1531311896~1541923201~1 1531311896~1541923201~2 1
1531311896~1541923201~2 1531311896~1541923201~1 1
1531311896~1541923392~1 1531311896~1541923392~2 1
1531311896~1541923392~2 1531311896~1541923392~1 1
1531521505~3785430715~1 1531521505~3785430715~2 1
1531521505~3785430715~2 1531521505~3785430715~1 1
1531521505~3785430715~2 1531521505~3785430715~3 1
1531521505~3785430715~3 1531521505~3785430715~2 1
1531521528~1531521893~1 1531521528~1531521893~2 1
1531521528~1531521893~2 1531521528~1531521893~1 1
1531521528~1531521893~2 1531521528~1531521893~3 1
1531521528~1531521893~3 1531521528~1531521893~2 1
1531521528~3785430715~1 1531521528~3785430715~2 1
1531521528~3785430715~2 1531521528~3785430715~1 1
1531521528~3785430715~2 1531521528~3785430715~3 1
1531521528~3785430715~3 1531521528~3785430715~2 1
1531521529~1531521727~1 1531521529~1531521727~2 1
1531521529~1531521727~2 1531521529~1531521727~1 1
1531521553~1531521974~1 1531521553~1531521974~2 1
1531521553~1531521974~2 1531521553~1531521974~1 1
1531521553~1531521974~2 1531521553~1531521974~3 1
1531521553~1531521974~3 1531521553~1531521974~2 1
1531521563~3785379164~1 1531521563~3785379164~2 1
1531521563~3785379164~2 1531521563~3785379164~1 1
1531521566~1531522181~1 1531521566~1531522181~2 1
1531521566~1531522181~2 1531521566~1531522181~1 1
1531521566~1531522181~2 1531521566~1531522181~3 1
1531521566~1531522181~3 1531521566~1531522181~2 1
1531521566~1531522181~3 1531521566~1531522181~4 1
1531521566~1531522181~4 1531521566~1531522181~3 1
1531521566~1531522181~4 1531521566~1531522181~5 1
1531521566~1531522181~5 1531521566~1531522181~4 1
1531521566~1531522181~5 1531521566~1531522181~6 1
1531521566~1531522181~6 1531521566~1531522181~5 1
1531521580~1531521998~1 1531521580~1531521998~2 1
1531521580~1531521998~2 1531521580~1531521998~1 1
1531521661~1531552662~1 1531521661~1531552662~2 1
1531521661~1531552662~2 1531521661~1531552662~1 1
1531521661~1531552662~2 1531521661~1531552662~3 1
1531521661~1531552662~3 1531521661~1531552662~2 1
1531521748~1531521884~1 1531521748~1531521884~2 1
1531521748~1531521884~2 1531521748~1531521884~1 1
1531521748~1531521884~2 1531521748~1531521884~3 1
1531521748~1531521884~3 1531521748~1531521884~2 1
1531521976~1531522061~1 1531521976~1531522061~2 1
1531521976~1531522061~2 1531521976~1531522061~1 1
1531521976~1531522061~2 1531521976~1531522061~3 1
1531521976~1531522061~3 1531521976~1531522061~2 1
1531521990~1531522296~1 1531521990~1531522296~2 1
1531521990~1531522296~2 1531521990~1531522296~1 1
1531521990~1531522296~2 1531521990~1531522296~3 1
1531521990~1531522296~3 1531521990~1531522296~2 1
1531521990~1531522296~3 1531521990~1531522296~4 1
1531521990~1531522296~4 1531521990~1531522296~3 1
1531521990~1531522296~4 1531521990~1531522296~5 1
1531521990~1531522296~5 1531521990~1531522296~4 1
1531521990~1531522296~5 1531521990~1531522296~6 1
1531521990~1531522296~6 1531521990~1531522296~5 1
1531521990~1531522296~6 1531521990~1531522296~7 1
1531521990~1531522296~7 1531521990~1531522296~6 1
1531521990~7869952374~1 1531521990~7869952374~2 1
1531521990~7869952374~2 1531521990~7869952374~1 1
1531521990~7869952374~2 1531521990~7869952374~3 1
1531521990~7869952374~3 1531521990~7869952374~2 1
1531522073~1531552665~1 1531522073~1531552665~2 1
1531522073~1531552665~2 1531522073~1531552665~1 1
1531522073~1531552665~2 1531522073~1531552665~3 1
1531522073~1531552665~3 1531522073~1531552665~2 1
1531522089~1531522142~1 1531522089~1531522142~2 1
1531522089~1531522142~2 1531522089~1531522142~1 1
1531522089~1531522142~2 1531522089~1531522142~3 1
1531522089~1531522142~3 1531522089~1531522142~2 1
1531522170~1531522182~1 1531522170~1531522182~2 1
1531522170~1531522182~2 1531522170~1531522182~1 1
1531522170~1531522182~2 1531522170~1531522182~3 1
1531522170~1531522182~3 1531522170~1531522182~2 1
1531522176~1550949611~1 1531522176~1550949611~2 1
1531522176~1550949611~2 1531522176~1550949611~1 1
1531522199~1537528877~1 1531522199~1537528877~2 1
1531522199~1537528877~2 1531522199~1537528877~1 1
1531522199~1537528877~2 1531522199~1537528877~3 1
1531522199~1537528877~3 1531522199~1537528877~2 1
1531522201~1550949611~1 1531522201~1550949611~2 1
1531522201~1550949611~2 1531522201~1550949611~1 1
1531522201~1550949611~2 1531522201~1550949611~3 1
1531522201~1550949611~3 1531522201~1550949611~2 1
1531522254~1537529967~1 1531522254~1537529967~2 1
1531522254~1537529967~2 1531522254~1537529967~1 1
1531522254~1537529967~2 1531522254~1537529967~3 1
1531522254~1537529967~3 1531522254~1537529967~2 1
1531522254~1537529967~3 1531522254~1537529967~4 1
1531522254~1537529967~4 1531522254~1537529967~3 1
1531522254~1537529967~4 1531522254~1537529967~5 1
1531522254~1537529967~5 1531522254~1537529967~4 1
1531522254~1537529967~5 1531522254~1537529967~6 1
1531522254~1537529967~6 1531522254~1537529967~5 1
1531522254~1537529967~6 1531522254~1537529967~7 1
1531522254~1537529967~7 1531522254~1537529967~6 1
1531522281~1531552747~1 1531522281~1531552747~2 1
1531522281~1531552747~2 1531522281~1531552747~1 1
1531522281~1531552747~2 1531522281~1531552747~3 1
1531522281~1531552747~3 1531522281~1531552747~2 1
1531522283~6455984388~1 1531522283~6455984388~2 1
1531522283~6455984388~2 1531522283~6455984388~1 1
1531522283~6455984388~2 1531522283~6455984388~3 1
1531522283~6455984388~3 1531522283~6455984388~2 1
1531522283~6455984408~1 1531522283~6455984408~2 1
1531522283~6455984408~2 1531522283~6455984408~1 1
1531522296~1541684997~1 1531522296~1541684997~2 1
1531522296~1541684997~2 1531522296~1541684997~1 1
1531522346~6455984402~1 1531522346~6455984402~2 1
1531522346~6455984402~2 1531522346~6455984402~1 1
1531522357~1543881119~1 1531522357~1543881119~2 1
1531522357~1543881119~2 1531522357~1543881119~1 1
1531522357~1543881242~1 1531522357~1543881242~2 1
1531522357~1543881242~2 1531522357~1543881242~1 1
1531522357~1543881242~2 1531522357~1543881242~3 1
1531522357~1543881242~3 1531522357~1543881242~2 1
1531522357~1543881242~3 1531522357~1543881242~4 1
1531522357~1543881242~4 1531522357~1543881242~3 1
1531522357~1543881242~4 1531522357~1543881242~5 1
1531522357~1543881242~5 1531522357~1543881242~4 1
1531522357~1543881242~5 1531522357~1543881242~6 1
1531522357~1543881242~6 1531522357~1543881242~5 1
1531522357~1543881242~6 1531522357~1543881242~7 1
1531522357~1543881242~7 1531522357~1543881242~6 1
1531522382~1531522385~1 1531522382~1531522385~2 1
1531522382~1531522385~2 1531522382~1531522385~1 1
1531522382~6431601740~1 1531522382~6431601740~2 1
1531522382~6431601740~2 1531522382~6431601740~1 1
1531522382~6431601740~2 1531522382~6431601740~3 1
1531522382~6431601740~3 1531522382~6431601740~2 1
1531522382~6431601740~3 1531522382~6431601740~4 1
1531522382~6431601740~4 1531522382~6431601740~3 1
1531522382~6431601740~4 1531522382~6431601740~5 1
1531522382~6431601740~5 1531522382~6431601740~4 1
1531522382~6431601740~5 1531522382~6431601740~6 1
1531522382~6431601740~6 1531522382~6431601740~5 1
1531522385~2025894739~1 1531522385~2025894739~2 1
1531522385~2025894739~2 1531522385~2025894739~1 1
1531522389~1531522395~1 1531522389~1531522395~2 1
1531522389~1531522395~2 1531522389~1531522395~1 1
1531522389~1543881190~1 1531522389~1543881190~2 1
1531522389~1543881190~2 1531522389~1543881190~1 1
1531522389~1543881269~1 1531522389~1543881269~2 1
1531522389~1543881269~2 1531522389~1543881269~1 1
1531522389~1543881269~2 1531522389~1543881269~3 1
1531522389~1543881269~3 1531522389~1543881269~2 1
1531522389~1543881269~3 1531522389~1543881269~4 1
1531522389~1543881269~4 1531522389~1543881269~3 1
1531522389~1543881269~4 1531522389~1543881269~5 1
1531522389~1543881269~5 1531522389~1543881269~4 1
1531522389~1543881269~5 1531522389~1543881269~6 1
1531522389~1543881269~6 1531522389~1543881269~5 1
1531552656~3785430709~1 1531552656~3785430709~2 1
1531552656~3785430709~2 1531552656~3785430709~1 1
1531552656~3785430709~2 1531552656~3785430709~3 1
1531552656~3785430709~3 1531552656~3785430709~2 1
1531552659~1531552665~1 1531552659~1531552665~2 1
1531552659~1531552665~2 1531552659~1531552665~1 1
1531552659~1531552665~2 1531552659~1531552665~3 1
1531552659~1531552665~3 1531552659~1531552665~2 1
1531552659~1531552665~3 1531552659~1531552665~4 1
1531552659~1531552665~4 1531552659~1531552665~3 1
1531552659~1531552665~4 1531552659~1531552665~5 1
1531552659~1531552665~5 1531552659~1531552665~4 1
1531552659~1531552665~5 1531552659~1531552665~6 1
1531552659~1531552665~6 1531552659~1531552665~5 1
1531552659~1531552665~6 1531552659~1531552665~7 1
1531552659~1531552665~7 1531552659~1531552665~6 1
1531552659~687785478~1 1531552659~687785478~2 1
1531552659~687785478~2 1531552659~687785478~1 1
1531552662~3785430709~1 1531552662~3785430709~2 1
1531552662~3785430709~2 1531552662~3785430709~1 1
1531552662~3785430709~2 1531552662~3785430709~3 1
1531552662~3785430709~3 1531552662~3785430709~2 1
1531552667~1537529009~1 1531552667~1537529009~2 1
1531552667~1537529009~2 1531552667~1537529009~1 1
1531552667~1537529009~2 1531552667~1537529009~3 1
1531552667~1537529009~3 1531552667~1537529009~2 1
1531552716~1531552747~1 1531552716~1531552747~2 1
1531552716~1531552747~2 1531552716~1531552747~1 1
1531552747~6431575638~1 1531552747~6431575638~2 1
1531552747~6431575638~2 1531552747~6431575638~1 1
1531641980~712828686~1 1531641980~712828686~2 1
1531641980~712828686~2 1531641980~712828686~1 1
1531641980~712828686~2 1531641980~712828686~3 1
1531641980~712828686~3 1531641980~712828686~2 1
1537528782~1550949431~1 1537528782~1550949431~2 1
1537528782~1550949431~2 1537528782~1550949431~1 1
1537528782~1550949431~2 1537528782~1550949431~3 1
1537528782~1550949431~3 1537528782~1550949431~2 1
1537528782~1550949431~3 1537528782~1550949431~4 1
1537528782~1550949431~4 1537528782~1550949431~3 1
1537528835~1550949564~1 1537528835~1550949564~2 1
1537528835~1550949564~2 1537528835~1550949564~1 1
1537529009~6431571317~1 1537529009~6431571317~2 1
1537529009~6431571317~2 1537529009~6431571317~1 1
1537529009~6431571317~2 1537529009~6431571317~3 1
1537529009~6431571317~3 1537529009~6431571317~2 1
1537529837~3785436640~1 1537529837~3785436640~2 1
1537529837~3785436640~2 1537529837~3785436640~1 1
1537529868~3785436649~1 1537529868~3785436649~2 1
1537529868~3785436649~2 1537529868~3785436649~1 1
1537529967~1537531249~1 1537529967~1537531249~2 1
1537529967~1537531249~2 1537529967~1537531249~1 1
1537529967~1537531249~2 1537529967~1537531249~3 1
1537529967~1537531249~3 1537529967~1537531249~2 1
1537530882~1537531180~1 1537530882~1537531180~2 1
1537530882~1537531180~2 1537530882~1537531180~1 1
1537530943~1550949790~1 1537530943~1550949790~2 1
1537530943~1550949790~2 1537530943~1550949790~1 1
1537530943~1550949790~2 1537530943~1550949790~3 1
1537530943~1550949790~3 1537530943~1550949790~2 1
1537530943~1550949790~3 1537530943~1550949790~4 1
1537530943~1550949790~4 1537530943~1550949790~3 1
1537530943~1550949790~4 1537530943~1550949790~5 1
1537530943~1550949790~5 1537530943~1550949790~4 1
1537530943~1550949790~5 1537530943~1550949790~6 1
1537530943~1550949790~6 1537530943~1550949790~5 1
1537530943~1550949790~6 1537530943~1550949790~7 1
1537530943~1550949790~7 1537530943~1550949790~6 1
1537530943~1550949790~7 1537530943~1550949790~8 1
1537530943~1550949790~8 1537530943~1550949790~7 1
1537530943~1550949790~8 1537530943~1550949790~9 1
1537530943~1550949790~9 1537530943~1550949790~8 1
1537530943~3785437400~1 1537530943~3785437400~2 1
1537530943~3785437400~2 1537530943~3785437400~1 1
1537530943~3785437400~2 1537530943~3785437400~3 1
1537530943~3785437400~3 1537530943~3785437400~2 1
1537531566~8419162710~1 1537531566~8419162710~2 1
1537531566~8419162710~2 1537531566~8419162710~1 1
1537531566~8419162710~10 1537531566~8419162710~11 1
1537531566~8419162710~11 1537531566~8419162710~10 1
1537531566~8419162710~10 1537531566~8419162710~9 1
1537531566~8419162710~9 1537531566~8419162710~10 1
1537531566~8419162710~2 1537531566~8419162710~3 1
1537531566~8419162710~3 1537531566~8419162710~2 1
1537531566~8419162710~3 1537531566~8419162710~4 1
1537531566~8419162710~4 1537531566~8419162710~3 1
1537531566~8419162710~4 1537531566~8419162710~5 1
1537531566~8419162710~5 1537531566~8419162710~4 1
1537531566~8419162710~5 1537531566~8419162710~6 1
1537531566~8419162710~6 1537531566~8419162710~5 1
1537531566~8419162710~6 1537531566~8419162710~7 1
1537531566~8419162710~7 1537531566~8419162710~6 1
1537531566~8419162710~7 1537531566~8419162710~8 1
1537531566~8419162710~8 1537531566~8419162710~7 1
1537531566~8419162710~8 1537531566~8419162710~9 1
1537531566~8419162710~9 1537531566~8419162710~8 1
1541684642~687785630~1 1541684642~687785630~2 1
1541684642~687785630~2 1541684642~687785630~1 1
1541684642~687785630~2 1541684642~687785630~3 1
1541684642~687785630~3 1541684642~687785630~2 1
1541684642~687785630~3 1541684642~687785630~4 1
1541684642~687785630~4 1541684642~687785630~3 1
1541684642~687785630~4 1541684642~687785630~5 1
1541684642~687785630~5 1541684642~687785630~4 1
1541684642~687785630~5 1541684642~687785630~6 1
1541684642~687785630~6 1541684642~687785630~5 1
1541684681~7869952374~1 1541684681~7869952374~2 1
1541684681~7869952374~2 1541684681~7869952374~1 1
1541684681~7869952374~2 1541684681~7869952374~3 1
1541684681~7869952374~3 1541684681~7869952374~2 1
1541684681~7869952374~3 1541684681~7869952374~4 1
1541684681~7869952374~4 1541684681~7869952374~3 1
1541684801~1541684852~1 1541684801~1541684852~2 1
1541684801~1541684852~2 1541684801~1541684852~1 1
1541684801~1541684852~2 1541684801~1541684852~3 1
1541684801~1541684852~3 1541684801~1541684852~2 1
1541684802~5994527445~1 1541684802~5994527445~2 1
1541684802~5994527445~2 1541684802~5994527445~1 1
1541684820~1541684866~1 1541684820~1541684866~2 1
1541684820~1541684866~2 1541684820~1541684866~1 1
1541684839~1541684887~1 1541684839~1541684887~2 1
1541684839~1541684887~2 1541684839~1541684887~1 1
1541684839~5343783803~1 1541684839~5343783803~2 1
1541684839~5343783803~2 1541684839~5343783803~1 1
1541684861~1541684958~1 1541684861~1541684958~2 1
1541684861~1541684958~2 1541684861~1541684958~1 1
1541684861~1541684958~2 1541684861~1541684958~3 1
1541684861~1541684958~3 1541684861~1541684958~2 1
1541684861~1541684958~3 1541684861~1541684958~4 1
1541684861~1541684958~4 1541684861~1541684958~3 1
1541684919~1541684980~1 1541684919~1541684980~2 1
1541684919~1541684980~2 1541684919~1541684980~1 1
1541684919~1541684980~2 1541684919~1541684980~3 1
1541684919~1541684980~3 1541684919~1541684980~2 1
1541684975~1541685016~1 1541684975~1541685016~2 1
1541684975~1541685016~2 1541684975~1541685016~1 1
1541684980~1543881059~1 1541684980~1543881059~2 1
1541684980~1543881059~2 1541684980~1543881059~1 1
1541684980~1543881059~2 1541684980~1543881059~3 1
1541684980~1543881059~3 1541684980~1543881059~2 1
1541685021~1543881050~1 1541685021~1543881050~2 1
1541685021~1543881050~2 1541685021~1543881050~1 1
1541923062~1541923168~1 1541923062~1541923168~2 1
1541923062~1541923168~2 1541923062~1541923168~1 1
1541923062~1541923168~2 1541923062~1541923168~3 1
1541923062~1541923168~3 1541923062~1541923168~2 1
1541923062~519658773~1 1541923062~519658773~2 1
1541923062~519658773~2 1541923062~519658773~1 1
1541923062~519658773~2 1541923062~519658773~3 1
1541923062~519658773~3 1541923062~519658773~2 1
1541923090~519657764~1 1541923090~519657764~2 1
1541923090~519657764~2 1541923090~519657764~1 1
1541923090~519657764~2 1541923090~519657764~3 1
1541923090~519657764~3 1541923090~519657764~2 1
1541923098~1541923180~1 1541923098~1541923180~2 1
1541923098~1541923180~2 1541923098~1541923180~1 1
1541923098~6436243190~1 1541923098~6436243190~2 1
1541923098~6436243190~2 1541923098~6436243190~1 1
1541923122~1541923340~1 1541923122~1541923340~2 1
1541923122~1541923340~2 1541923122~1541923340~1 1
1541923122~1541923340~2 1541923122~1541923340~3 1
1541923122~1541923340~3 1541923122~1541923340~2 1
1541923122~1541923340~3 1541923122~1541923340~4 1
1541923122~1541923340~4 1541923122~1541923340~3 1
1541923126~1541923224~1 1541923126~1541923224~2 1
1541923126~1541923224~2 1541923126~1541923224~1 1
1541923126~1541923224~2 1541923126~1541923224~3 1
1541923126~1541923224~3 1541923126~1541923224~2 1
1541923214~1981941093~1 1541923214~1981941093~2 1
1541923214~1981941093~2 1541923214~1981941093~1 1
1541923214~1981941093~2 1541923214~1981941093~3 1
1541923214~1981941093~3 1541923214~1981941093~2 1
1541923214~1981941093~3 1541923214~1981941093~4 1
1541923214~1981941093~4 1541923214~1981941093~3 1
1541923214~1981941093~4 1541923214~1981941093~5 1
1541923214~1981941093~5 1541923214~1981941093~4 1
1541923214~3785440381~1 1541923214~3785440381~2 1
1541923214~3785440381~2 1541923214~3785440381~1 1
1541923224~8576449800~1 1541923224~8576449800~2 1
1541923224~8576449800~2 1541923224~8576449800~1 1
1541923224~8576449800~2 1541923224~8576449800~3 1
1541923224~8576449800~3 1541923224~8576449800~2 1
1541923238~1541923424~1 1541923238~1541923424~2 1
1541923238~1541923424~2 1541923238~1541923424~1 1
1541923238~1541923424~2 1541923238~1541923424~3 1
1541923238~1541923424~3 1541923238~1541923424~2 1
1541923286~519658773~1 1541923286~519658773~2 1
1541923286~519658773~2 1541923286~519658773~1 1
1541923344~687789676~1 1541923344~687789676~2 1
1541923344~687789676~2 1541923344~687789676~1 1
1541923393~1541923424~1 1541923393~1541923424~2 1
1541923393~1541923424~2 1541923393~1541923424~1 1
1543881050~3785405166~1 1543881050~3785405166~2 1
1543881050~3785405166~2 1543881050~3785405166~1 1
1543881050~3785405166~2 1543881050~3785405166~3 1
1543881050~3785405166~3 1543881050~3785405166~2 1
1543881052~1543881156~1 1543881052~1543881156~2 1
1543881052~1543881156~2 1543881052~1543881156~1 1
1543881052~1543881156~2 1543881052~1543881156~3 1
1543881052~1543881156~3 1543881052~1543881156~2 1
1543881091~1543881190~1 1543881091~1543881190~2 1
1543881091~1543881190~2 1543881091~1543881190~1 1
1543881091~1543881190~2 1543881091~1543881190~3 1
1543881091~1543881190~3 1543881091~1543881190~2 1
1543881091~1543881190~3 1543881091~1543881190~4 1
1543881091~1543881190~4 1543881091~1543881190~3 1
1543881105~1543881213~1 1543881105~1543881213~2 1
1543881105~1543881213~2 1543881105~1543881213~1 1
1543881105~1543881213~2 1543881105~1543881213~3 1
1543881105~1543881213~3 1543881105~1543881213~2 1
1543881156~1543881244~1 1543881156~1543881244~2 1
1543881156~1543881244~2 1543881156~1543881244~1 1
1543881196~1556467453~1 1543881196~1556467453~2 1
1543881196~1556467453~2 1543881196~1556467453~1 1
1543881196~1556467453~2 1543881196~1556467453~3 1
1543881196~1556467453~3 1543881196~1556467453~2 1
1543881196~1556467453~3 1543881196~1556467453~4 1
1543881196~1556467453~4 1543881196~1556467453~3 1
1543881196~687785184~1 1543881196~687785184~2 1
1543881196~687785184~2 1543881196~687785184~1 1
1543881196~687785184~2 1543881196~687785184~3 1
1543881196~687785184~3 1543881196~687785184~2 1
1543881196~687785184~3 1543881196~687785184~4 1
1543881196~687785184~4 1543881196~687785184~3 1
1543881196~687785184~4 1543881196~687785184~5 1
1543881196~687785184~5 1543881196~687785184~4 1
1543881196~687785184~5 1543881196~687785184~6 1
1543881196~687785184~6 1543881196~687785184~5 1
1543881196~687785184~6 1543881196~687785184~7 1
1543881196~687785184~7 1543881196~687785184~6 1
1543881244~1543881301~1 1543881244~1543881301~2 1
1543881244~1543881301~2 1543881244~1543881301~1 1
1543881326~1543881343~1 1543881326~1543881343~2 1
1543881326~1543881343~2 1543881326~1543881343~1 1
1543881343~737120949~1 1543881343~737120949~2 1
1543881343~737120949~2 1543881343~737120949~1 1
1543881347~737120948~1 1543881347~737120948~2 1
1543881347~737120948~2 1543881347~737120948~1 1
1543881347~737120948~2 1543881347~737120948~3 1
1543881347~737120948~3 1543881347~737120948~2 1
1543881347~737120948~3 1543881347~737120948~4 1
1543881347~737120948~4 1543881347~737120948~3 1
1543881422~1543881530~1 1543881422~1543881530~2 1
1543881422~1543881530~2 1543881422~1543881530~1 1
1543881422~1543881530~2 1543881422~1543881530~3 1
1543881422~1543881530~3 1543881422~1543881530~2 1
1543881422~1543881530~3 1543881422~1543881530~4 1
1543881422~1543881530~4 1543881422~1543881530~3 1
1543881449~1543881512~1 1543881449~1543881512~2 1
1543881449~1543881512~2 1543881449~1543881512~1 1
1543881451~1543881606~1 1543881451~1543881606~2 1
1543881451~1543881606~2 1543881451~1543881606~1 1
1543881451~6436455915~1 1543881451~6436455915~2 1
1543881451~6436455915~2 1543881451~6436455915~1 1
1543881505~1543881708~1 1543881505~1543881708~2 1
1543881505~1543881708~2 1543881505~1543881708~1 1
1543881722~3785405170~1 1543881722~3785405170~2 1
1543881722~3785405170~2 1543881722~3785405170~1 1
1543881722~3785405170~2 1543881722~3785405170~3 1
1543881722~3785405170~3 1543881722~3785405170~2 1
1543881722~3785405170~3 1543881722~3785405170~4 1
1543881722~3785405170~4 1543881722~3785405170~3 1
1543881764~1543881929~1 1543881764~1543881929~2 1
1543881764~1543881929~2 1543881764~1543881929~1 1
1543881764~1543881929~2 1543881764~1543881929~3 1
1543881764~1543881929~3 1543881764~1543881929~2 1
1543881811~1543881888~1 1543881811~1543881888~2 1
1543881811~1543881888~2 1543881811~1543881888~1 1
1543881889~1543881929~1 1543881889~1543881929~2 1
1543881889~1543881929~2 1543881889~1543881929~1 1
1546891123~1556467442~1 1546891123~1556467442~2 1
1546891123~1556467442~2 1546891123~1556467442~1 1
1546891123~1556467442~10 1546891123~1556467442~11 1
1546891123~1556467442~11 1546891123~1556467442~10 1
1546891123~1556467442~10 1546891123~1556467442~9 1
1546891123~1556467442~9 1546891123~1556467442~10 1
1546891123~1556467442~11 1546891123~1556467442~12 1
1546891123~1556467442~12 1546891123~1556467442~11 1
1546891123~1556467442~2 1546891123~1556467442~3 1
1546891123~1556467442~3 1546891123~1556467442~2 1
1546891123~1556467442~3 1546891123~1556467442~4 1
1546891123~1556467442~4 1546891123~1556467442~3 1
1546891123~1556467442~4 1546891123~1556467442~5 1
1546891123~1556467442~5 1546891123~1556467442~4 1
1546891123~1556467442~5 1546891123~1556467442~6 1
1546891123~1556467442~6 1546891123~1556467442~5 1
1546891123~1556467442~6 1546891123~1556467442~7 1
1546891123~1556467442~7 1546891123~1556467442~6 1
1546891123~1556467442~7 1546891123~1556467442~8 1
1546891123~1556467442~8 1546891123~1556467442~7 1
1546891123~1556467442~8 1546891123~1556467442~9 1
1546891123~1556467442~9 1546891123~1556467442~8 1
1550919545~3785398828~1 1550919545~3785398828~2 1
1550919545~3785398828~2 1550919545~3785398828~1 1
1550919545~3785398828~2 1550919545~3785398828~3 1
1550919545~3785398828~3 1550919545~3785398828~2 1
1550919545~3785398828~3 1550919545~3785398828~4 1
1550919545~3785398828~4 1550919545~3785398828~3 1
1550919545~712813614~1 1550919545~712813614~2 1
1550919545~712813614~2 1550919545~712813614~1 1
1550919862~1550920079~1 1550919862~1550920079~2 1
1550919862~1550920079~2 1550919862~1550920079~1 1
1550919862~1550920079~2 1550919862~1550920079~3 1
1550919862~1550920079~3 1550919862~1550920079~2 1
1550919862~1550920079~3 1550919862~1550920079~4 1
1550919862~1550920079~4 1550919862~1550920079~3 1
1550919862~1550920079~4 1550919862~1550920079~5 1
1550919862~1550920079~5 1550919862~1550920079~4 1
1550919862~691223579~1 1550919862~691223579~2 1
1550919862~691223579~2 1550919862~691223579~1 1
1550919862~691223579~10 1550919862~691223579~11 1
1550919862~691223579~11 1550919862~691223579~10 1
1550919862~691223579~10 1550919862~691223579~9 1
1550919862~691223579~9 1550919862~691223579~10 1
1550919862~691223579~2 1550919862~691223579~3 1
1550919862~691223579~3 1550919862~691223579~2 1
1550919862~691223579~3 1550919862~691223579~4 1
1550919862~691223579~4 1550919862~691223579~3 1
1550919862~691223579~4 1550919862~691223579~5 1
1550919862~691223579~5 1550919862~691223579~4 1
1550919862~691223579~5 1550919862~691223579~6 1
1550919862~691223579~6 1550919862~691223579~5 1
1550919862~691223579~6 1550919862~691223579~7 1
1550919862~691223579~7 1550919862~691223579~6 1
1550919862~691223579~7 1550919862~691223579~8 1
1550919862~691223579~8 1550919862~691223579~7 1
1550919862~691223579~8 1550919862~691223579~9 1
1550919862~691223579~9 1550919862~691223579~8 1
1550949038~5994527421~1 1550949038~5994527421~2 1
1550949038~5994527421~2 1550949038~5994527421~1 1
1550949038~5994527421~2 1550949038~5994527421~3 1
1550949038~5994527421~3 1550949038~5994527421~2 1
1550949123~1550949333~1 1550949123~1550949333~2 1
1550949123~1550949333~2 1550949123~1550949333~1 1
1550949123~1550949333~2 1550949123~1550949333~3 1
1550949123~1550949333~3 1550949123~1550949333~2 1
1550949123~1550949333~3 1550949123~1550949333~4 1
1550949123~1550949333~4 1550949123~1550949333~3 1
1550949317~1550949461~1 1550949317~1550949461~2 1
1550949317~1550949461~2 1550949317~1550949461~1 1
1550949627~5994527449~1 1550949627~5994527449~2 1
1550949627~5994527449~2 1550949627~5994527449~1 1
1550949810~8418682293~1 1550949810~8418682293~2 1
1550949810~8418682293~2 1550949810~8418682293~1 1
1550949810~8418682293~2 1550949810~8418682293~3 1
1550949810~8418682293~3 1550949810~8418682293~2 1
1550949810~8418682293~3 1550949810~8418682293~4 1
1550949810~8418682293~4 1550949810~8418682293~3 1
1550949810~8418682293~4 1550949810~8418682293~5 1
1550949810~8418682293~5 1550949810~8418682293~4 1
1551398117~5994527453~1 1551398117~5994527453~2 1
1551398117~5994527453~2 1551398117~5994527453~1 1
1554542048~1554542313~1 1554542048~1554542313~2 1
1554542048~1554542313~2 1554542048~1554542313~1 1
1554542251~3785398834~1 1554542251~3785398834~2 1
1554542251~3785398834~2 1554542251~3785398834~1 1
1554693330~1554693381~1 1554693330~1554693381~2 1
1554693330~1554693381~2 1554693330~1554693381~1 1
1554693330~1554693381~2 1554693330~1554693381~3 1
1554693330~1554693381~3 1554693330~1554693381~2 1
1554693330~1554693381~3 1554693330~1554693381~4 1
1554693330~1554693381~4 1554693330~1554693381~3 1
1554693330~3785398827~1 1554693330~3785398827~2 1
1554693330~3785398827~2 1554693330~3785398827~1 1
1554693330~3785398827~10 1554693330~3785398827~11 1
1554693330~3785398827~11 1554693330~3785398827~10 1
1554693330~3785398827~10 1554693330~3785398827~9 1
1554693330~3785398827~9 1554693330~3785398827~10 1
1554693330~3785398827~11 1554693330~3785398827~12 1
1554693330~3785398827~12 1554693330~3785398827~11 1
1554693330~3785398827~12 1554693330~3785398827~13 1
1554693330~3785398827~13 1554693330~3785398827~12 1
1554693330~3785398827~13 1554693330~3785398827~14 1
1554693330~3785398827~14 1554693330~3785398827~13 1
1554693330~3785398827~2 1554693330~3785398827~3 1
1554693330~3785398827~3 1554693330~3785398827~2 1
1554693330~3785398827~3 1554693330~3785398827~4 1
1554693330~3785398827~4 1554693330~3785398827~3 1
1554693330~3785398827~4 1554693330~3785398827~5 1
1554693330~3785398827~5 1554693330~3785398827~4 1
1554693330~3785398827~5 1554693330~3785398827~6 1
1554693330~3785398827~6 1554693330~3785398827~5 1
1554693330~3785398827~6 1554693330~3785398827~7 1
1554693330~3785398827~7 1554693330~3785398827~6 1
1554693330~3785398827~7 1554693330~3785398827~8 1
1554693330~3785398827~8 1554693330~3785398827~7 1
1554693330~3785398827~8 1554693330~3785398827~9 1
1554693330~3785398827~9 1554693330~3785398827~8 1
1556467442~687790065~1 1556467442~687790065~2 1
1556467442~687790065~2 1556467442~687790065~1 1
1556467442~687790065~2 1556467442~687790065~3 1
1556467442~687790065~3 1556467442~687790065~2 1
1980278058~6431635497~1 1980278058~6431635497~2 1
1980278058~6431635497~2 1980278058~6431635497~1 1
1990362202~6431731175~1 1990362202~6431731175~2 1
1990362202~6431731175~2 1990362202~6431731175~1 1
1990362202~6431731175~2 1990362202~6431731175~3 1
1990362202~6431731175~3 1990362202~6431731175~2 1
1990362202~6431731175~3 1990362202~6431731175~4 1
1990362202~6431731175~4 1990362202~6431731175~3 1
1990362202~687789602~1 1990362202~687789602~2 1
1990362202~687789602~2 1990362202~687789602~1 1
1993153546~3785456182~1 1993153546~3785456182~2 1
1993153546~3785456182~2 1993153546~3785456182~1 1
1993153546~3785456182~2 1993153546~3785456182~3 1
1993153546~3785456182~3 1993153546~3785456182~2 1
2003838499~6810301588~1 2003838499~6810301588~2 1
2003838499~6810301588~2 2003838499~6810301588~1 1
2003838499~6810301588~2 2003838499~6810301588~3 1
2003838499~6810301588~3 2003838499~6810301588~2 1
2003838499~737120878~1 2003838499~737120878~2 1
2003838499~737120878~2 2003838499~737120878~1 1
2003838499~737120878~2 2003838499~737120878~3 1
2003838499~737120878~3 2003838499~737120878~2 1
2003838499~737120878~3 2003838499~737120878~4 1
2003838499~737120878~4 2003838499~737120878~3 1
2009302845~2494729017~1 2009302845~2494729017~2 1
2009302845~2494729017~2 2009302845~2494729017~1 1
2009302845~2494729017~2 2009302845~2494729017~3 1
2009302845~2494729017~3 2009302845~2494729017~2 1
2025894717~2025894739~1 2025894717~2025894739~2 1
2025894717~2025894739~2 2025894717~2025894739~1 1
2025894717~2025894739~2 2025894717~2025894739~3 1
2025894717~2025894739~3 2025894717~2025894739~2 1
2494729029~6436388239~1 2494729029~6436388239~2 1
2494729029~6436388239~2 2494729029~6436388239~1 1
3785375540~994447377~1 3785375540~994447377~2 1
3785375540~994447377~2 3785375540~994447377~1 1
3785375540~994447377~2 3785375540~994447377~3 1
3785375540~994447377~3 3785375540~994447377~2 1
3785375540~994447377~3 3785375540~994447377~4 1
3785375540~994447377~4 3785375540~994447377~3 1
3785375541~687785478~1 3785375541~687785478~2 1
3785375541~687785478~2 3785375541~687785478~1 1
3785375541~687785478~2 3785375541~687785478~3 1
3785375541~687785478~3 3785375541~687785478~2 1
3785375541~687785478~3 3785375541~687785478~4 1
3785375541~687785478~4 3785375541~687785478~3 1
3785375541~687785478~4 3785375541~687785478~5 1
3785375541~687785478~5 3785375541~687785478~4 1
3785379164~3785379193~1 3785379164~3785379193~2 1
3785379164~3785379193~2 3785379164~3785379193~1 1
3785398811~712828686~1 3785398811~712828686~2 1
3785398811~712828686~2 3785398811~712828686~1 1
3785398811~712828686~2 3785398811~712828686~3 1
3785398811~712828686~3 3785398811~712828686~2 1
3785398831~691223589~1 3785398831~691223589~2 1
3785398831~691223589~2 3785398831~691223589~1 1
3785398831~691223589~2 3785398831~691223589~3 1
3785398831~691223589~3 3785398831~691223589~2 1
3785398831~691223589~3 3785398831~691223589~4 1
3785398831~691223589~4 3785398831~691223589~3 1
3785398831~691223589~4 3785398831~691223589~5 1
3785398831~691223589~5 3785398831~691223589~4 1
3785398831~691223589~5 3785398831~691223589~6 1
3785398831~691223589~6 3785398831~691223589~5 1
3785402748~3785405166~1 3785402748~3785405166~2 1
3785402748~3785405166~2 3785402748~3785405166~1 1
3785430704~687785607~1 3785430704~687785607~2 1
3785430704~687785607~2 3785430704~687785607~1 1
3785430704~687785607~2 3785430704~687785607~3 1
3785430704~687785607~3 3785430704~687785607~2 1
3785430716~3785430729~1 3785430716~3785430729~2 1
3785430716~3785430729~2 3785430716~3785430729~1 1
3785430729~3785430737~1 3785430729~3785430737~2 1
3785430729~3785430737~2 3785430729~3785430737~1 1
3785430729~3785430737~2 3785430729~3785430737~3 1
3785430729~3785430737~3 3785430729~3785430737~2 1
3785436625~3785436637~1 3785436625~3785436637~2 1
3785436625~3785436637~2 3785436625~3785436637~1 1
3785436631~3785436632~1 3785436631~3785436632~2 1
3785436631~3785436632~2 3785436631~3785436632~1 1
3785436634~3785436635~1 3785436634~3785436635~2 1
3785436634~3785436635~2 3785436634~3785436635~1 1
3785436640~3785436642~1 3785436640~3785436642~2 1
3785436640~3785436642~2 3785436640~3785436642~1 1
3785436644~3785436650~1 3785436644~3785436650~2 1
3785436644~3785436650~2 3785436644~3785436650~1 1
3785437364~3785437372~1 3785437364~3785437372~2 1
3785437364~3785437372~2 3785437364~3785437372~1 1
3785437372~3785437386~1 3785437372~3785437386~2 1
3785437372~3785437386~2 3785437372~3785437386~1 1
3785437375~3785437387~1 3785437375~3785437387~2 1
3785437375~3785437387~2 3785437375~3785437387~1 1
3785437387~3785437396~1 3785437387~3785437396~2 1
3785437387~3785437396~2 3785437387~3785437396~1 1
3785437388~3785437397~1 3785437388~3785437397~2 1
3785437388~3785437397~2 3785437388~3785437397~1 1
3785437389~3785437393~1 3785437389~3785437393~2 1
3785437389~3785437393~2 3785437389~3785437393~1 1
3785437393~3785437401~1 3785437393~3785437401~2 1
3785437393~3785437401~2 3785437393~3785437401~1 1
3785437393~3785437401~2 3785437393~3785437401~3 1
3785437393~3785437401~3 3785437393~3785437401~2 1
3785437393~3785437401~3 3785437393~3785437401~4 1
3785437393~3785437401~4 3785437393~3785437401~3 1
3785437393~3785437401~4 3785437393~3785437401~5 1
3785437393~3785437401~5 3785437393~3785437401~4 1
3785437397~3785437406~1 3785437397~3785437406~2 1
3785437397~3785437406~2 3785437397~3785437406~1 1
3785437398~3785437407~1 3785437398~3785437407~2 1
3785437398~3785437407~2 3785437398~3785437407~1 1
3785437407~3785437414~1 3785437407~3785437414~2 1
3785437407~3785437414~2 3785437407~3785437414~1 1
3785437407~3785437419~1 3785437407~3785437419~2 1
3785437407~3785437419~2 3785437407~3785437419~1 1
3785437407~3785437419~2 3785437407~3785437419~3 1
3785437407~3785437419~3 3785437407~3785437419~2 1
3785437413~3785437417~1 3785437413~3785437417~2 1
3785437413~3785437417~2 3785437413~3785437417~1 1
3785437413~3785437417~2 3785437413~3785437417~3 1
3785437413~3785437417~3 3785437413~3785437417~2 1
3785437413~3785437417~3 3785437413~3785437417~4 1
3785437413~3785437417~4 3785437413~3785437417~3 1
3785437413~3785437417~4 3785437413~3785437417~5 1
3785437413~3785437417~5 3785437413~3785437417~4 1
3785456200~737120982~1 3785456200~737120982~2 1
3785456200~737120982~2 3785456200~737120982~1 1
3785456200~737120982~2 3785456200~737120982~3 1
3785456200~737120982~3 3785456200~737120982~2 1
3785456209~3785456219~1 3785456209~3785456219~2 1
3785456209~3785456219~2 3785456209~3785456219~1 1
3785456226~687789997~1 3785456226~687789997~2 1
3785456226~687789997~2 3785456226~687789997~1 1
3785456226~687789997~2 3785456226~687789997~3 1
3785456226~687789997~3 3785456226~687789997~2 1
3785456226~687789997~3 3785456226~687789997~4 1
3785456226~687789997~4 3785456226~687789997~3 1
519657764~519658253~1 519657764~519658253~2 1
519657764~519658253~2 519657764~519658253~1 1
519657764~519658253~10 519657764~519658253~9 1
519657764~519658253~9 519657764~519658253~10 1
519657764~519658253~2 519657764~519658253~3 1
519657764~519658253~3 519657764~519658253~2 1
519657764~519658253~3 519657764~519658253~4 1
519657764~519658253~4 519657764~519658253~3 1
519657764~519658253~4 519657764~519658253~5 1
519657764~519658253~5 519657764~519658253~4 1
519657764~519658253~5 519657764~519658253~6 1
519657764~519658253~6 519657764~519658253~5 1
519657764~519658253~6 519657764~519658253~7 1
519657764~519658253~7 519657764~519658253~6 1
519657764~519658253~7 519657764~519658253~8 1
519657764~519658253~8 519657764~519658253~7 1
519657764~519658253~8 519657764~519658253~9 1
519657764~519658253~9 519657764~519658253~8 1
519657971~687789602~1 519657971~687789602~2 1
519657971~687789602~2 519657971~687789602~1 1
519657971~689573738~1 519657971~689573738~2 1
519657971~689573738~2 519657971~689573738~1 1
5343777372~5343777383~1 5343777372~5343777383~2 1
5343777372~5343777383~2 5343777372~5343777383~1 1
5343783803~5343783817~1 5343783803~5343783817~2 1
5343783803~5343783817~2 5343783803~5343783817~1 1
6431684443~6431731175~1 6431684443~6431731175~2 1
6431684443~6431731175~2 6431684443~6431731175~1 1
6431684443~6431731175~2 6431684443~6431731175~3 1
6431684443~6431731175~3 6431684443~6431731175~2 1
6431684443~6431731175~3 6431684443~6431731175~4 1
6431684443~6431731175~4 6431684443~6431731175~3 1
6455984388~6455984393~1 6455984388~6455984393~2 1
6455984388~6455984393~2 6455984388~6455984393~1 1
6455984405~6455984408~1 6455984405~6455984408~2 1
6455984405~6455984408~2 6455984405~6455984408~1 1
6455984405~6455984408~2 6455984405~6455984408~3 1
6455984405~6455984408~3 6455984405~6455984408~2 1
687785050~687785089~1 687785050~687785089~2 1
687785050~687785089~2 687785050~687785089~1 1
687785050~687785089~2 687785050~687785089~3 1
687785050~687785089~3 687785050~687785089~2 1
687785050~687790019~1 687785050~687790019~2 1
687785050~687790019~2 687785050~687790019~1 1
687785050~687790019~2 687785050~687790019~3 1
687785050~687790019~3 687785050~687790019~2 1
687785050~687790019~3 687785050~687790019~4 1
687785050~687790019~4 687785050~687790019~3 1
687785089~687789676~1 687785089~687789676~2 1
687785089~687789676~2 687785089~687789676~1 1
687785089~712813386~1 687785089~712813386~2 1
687785089~712813386~2 687785089~712813386~1 1
687785089~712813386~2 687785089~712813386~3 1
687785089~712813386~3 687785089~712813386~2 1
687785089~712813386~3 687785089~712813386~4 1
687785089~712813386~4 687785089~712813386~3 1
687785184~687785187~1 687785184~687785187~2 1
687785184~687785187~2 687785184~687785187~1 1
687785187~7869952382~1 687785187~7869952382~2 1
687785187~7869952382~2 687785187~7869952382~1 1
687785187~7869952382~2 687785187~7869952382~3 1
687785187~7869952382~3 687785187~7869952382~2 1
687785187~7869952382~3 687785187~7869952382~4 1
687785187~7869952382~4 687785187~7869952382~3 1
687789929~687790002~1 687789929~687790002~2 1
687789929~687790002~2 687789929~687790002~1 1
687789929~687790002~2 687789929~687790002~3 1
687789929~687790002~3 687789929~687790002~2 1
687790002~687790003~1 687790002~687790003~2 1
687790002~687790003~2 687790002~687790003~1 1
687790002~687790003~2 687790002~687790003~3 1
687790002~687790003~3 687790002~687790003~2 1
687790003~712813386~1 687790003~712813386~2 1
687790003~712813386~2 687790003~712813386~1 1
687790003~712813386~2 687790003~712813386~3 1
687790003~712813386~3 687790003~712813386~2 1
687790019~712813610~1 687790019~712813610~2 1
687790019~712813610~2 687790019~712813610~1 1
691223579~712813421~1 691223579~712813421~2 1
691223579~712813421~2 691223579~712813421~1 1
691223579~712813421~2 691223579~712813421~3 1
691223579~712813421~3 691223579~712813421~2 1
712813421~712813478~1 712813421~712813478~2 1
712813421~712813478~2 712813421~712813478~1 1
712813421~712813478~10 712813421~712813478~11 1
712813421~712813478~11 712813421~712813478~10 1
712813421~712813478~10 712813421~712813478~9 1
712813421~712813478~9 712813421~712813478~10 1
712813421~712813478~2 712813421~712813478~3 1
712813421~712813478~3 712813421~712813478~2 1
712813421~712813478~3 712813421~712813478~4 1
712813421~712813478~4 712813421~712813478~3 1
712813421~712813478~4 712813421~712813478~5 1
712813421~712813478~5 712813421~712813478~4 1
712813421~712813478~5 712813421~712813478~6 1
712813421~712813478~6 712813421~712813478~5 1
712813421~712813478~6 712813421~712813478~7 1
712813421~712813478~7 712813421~712813478~6 1
712813421~712813478~7 712813421~712813478~8 1
712813421~712813478~8 712813421~712813478~7 1
712813421~712813478~8 712813421~712813478~9 1
712813421~712813478~9 712813421~712813478~8 1
712813421~712813493~1 712813421~712813493~2 1
712813421~712813493~2 712813421~712813493~1 1
712813421~712813493~2 712813421~712813493~3 1
712813421~712813493~3 712813421~712813493~2 1
712813421~712813493~3 712813421~712813493~4 1
712813421~712813493~4 712813421~712813493~3 1
712813495~712813561~1 712813495~712813561~2 1
712813495~712813561~2 712813495~712813561~1 1
712813495~712813561~2 712813495~712813561~3 1
712813495~712813561~3 712813495~712813561~2 1
712828686~8576449800~1 712828686~8576449800~2 1
712828686~8576449800~2 712828686~8576449800~1 1
7873443703~7873443706~1 7873443703~7873443706~2 1
7873443703~7873443706~2 7873443703~7873443706~1 1
7873443703~7873443706~2 7873443703~7873443706~3 1
7873443703~7873443706~3 7873443703~7873443706~2 1
7873443703~7873443706~3 7873443703~7873443706~4 1
7873443703~7873443706~4 7873443703~7873443706~3 1
7873443707~7873443714~1 7873443707~7873443714~2 1
7873443707~7873443714~2 7873443707~7873443714~1 1
7873443714~7873443716~1 7873443714~7873443716~2 1
7873443714~7873443716~2 7873443714~7873443716~1 1
7873443715~7873443717~1 7873443715~7873443717~2 1
7873443715~7873443717~2 7873443715~7873443717~1 1
S 10
8419162710 1537531566 10288505394 5964912087 5994527453 1551398117 3785437413 10288505393 3785437400 3785437401
T 10
3785398827 3785398829 3785398830 3785398832 3785398834 1531641980 8576449800 8576449803 712828686 3785398811
