# meta: nome=urb-belize_city-m25-f4
# meta: familia=urbano
# meta: classe=principal
# meta: das_compat=exata
# meta: instancia_original=belize_city-11.graphml
# meta: fonte=Global Urban Street Networks (Boeing), v3.1
# meta: problema_original=modelo de rede viária urbana (OSMnx/OpenStreetMap)
# meta: url=https://doi.org/10.7910/DVN/KA5HJ3
# meta: referencia=G. Boeing, Street network models and indicators for every urban area in the world (Harvard Dataverse, CC0)
# meta: transformacao=G-SUBDIV:100; maior componente conexa; não dirigido; passos unitários
# meta: regra_ST=ST-REGIAO
# meta: regra_r=R-FRAC:4 (lambda*=96)
# meta: seed=
# meta: script=src/converters/build_benchmark.py
# meta: commit_gerador=a647555
# meta: observacao=não dirigido; aresta de L metros vira caminho com round(L/100) passos (recarga possível a cada 100 m); S e T = interseções nos dois extremos da cidade
N 2306
M 6142
R 24
# u v length
282284459 283442921 1
283442921 282284459 1
282284459 5341931010 1
5341931010 282284459 1
282284459 10205760437 1
10205760437 282284459 1
282284462 282284462~283443424~1 1
282284462~283443424~1 282284462 1
282284462 282284462~340115380~1 1
282284462~340115380~1 282284462 1
282284469 1437159574 1
1437159574 282284469 1
282284469 282284469~340113761~1 1
282284469~340113761~1 282284469 1
282284469 282284469~5809720308~1 1
282284469~5809720308~1 282284469 1
282284478 1854842970~282284478~2 1
1854842970~282284478~2 282284478 1
282284478 282284478~313954094~1 1
282284478~313954094~1 282284478 1
282284478 282284478~5809720308~1 1
282284478~5809720308~1 282284478 1
282302680 1258669705~282302680~3 1
1258669705~282302680~3 282302680 1
282302680 282302680~283379656~1 1
282302680~283379656~1 282302680 1
282302680 282302680~283441913~1 1
282302680~283441913~1 282302680 1
283379655 283379656 1
283379656 283379655 1
283379655 1258669638 1
1258669638 283379655 1
283379655 283379655~5339546308~1 1
283379655~5339546308~1 283379655 1
283379656 283379657 1
283379657 283379656 1
283379656 282302680~283379656~3 1
282302680~283379656~3 283379656 1
283379657 8907247370 1
8907247370 283379657 1
283379657 283379657~3787697975~1 1
283379657~3787697975~1 283379657 1
283379660 283387612 1
283387612 283379660 1
283379660 283442065 1
283442065 283379660 1
283379660 2398732433 1
2398732433 283379660 1
283379853 283379855 1
283379855 283379853 1
283379853 283380716 1
283380716 283379853 1
283379853 283379853~283379946~1 1
283379853~283379946~1 283379853 1
283379855 3787697975 1
3787697975 283379855 1
283379855 283379855~283380335~1 1
283379855~283380335~1 283379855 1
283379942 283436437 1
283436437 283379942 1
283379942 6328223088 1
6328223088 283379942 1
283379942 8773084078 1
8773084078 283379942 1
283379946 2995254565 1
2995254565 283379946 1
283379946 283379853~283379946~2 1
283379853~283379946~2 283379946 1
283379946 283379946~6328223088~1 1
283379946~6328223088~1 283379946 1
283380335 4038712879 1
4038712879 283380335 1
283380335 8773084078 1
8773084078 283380335 1
283380335 283379855~283380335~9 1
283379855~283380335~9 283380335 1
283380699 283429415 1
283429415 283380699 1
283380699 3792999820 1
3792999820 283380699 1
283380699 3792999840 1
3792999840 283380699 1
283380707 283383419 1
283383419 283380707 1
283380707 283383420 1
283383420 283380707 1
283380707 283380707~283387964~1 1
283380707~283387964~1 283380707 1
283380707 283380707~6621237569~1 1
283380707~6621237569~1 283380707 1
283380710 283383275 1
283383275 283380710 1
283380710 340098594 1
340098594 283380710 1
283380710 5341932049 1
5341932049 283380710 1
283380710 283380710~283387964~1 1
283380710~283387964~1 283380710 1
283380713 283381002 1
283381002 283380713 1
283380713 283382926 1
283382926 283380713 1
283380713 283387331 1
283387331 283380713 1
283380716 283438954 1
283438954 283380716 1
283380716 1258669724 1
1258669724 283380716 1
283381002 283387358 1
283387358 283381002 1
283381002 9584439986 1
9584439986 283381002 1
283381220 283383175 1
283383175 283381220 1
283381220 283381220~283381863~1 1
283381220~283381863~1 283381220 1
283381220 283381220~283381927~1 1
283381220~283381927~1 283381220 1
283381227 283381228 1
283381228 283381227 1
283381227 283381227~283381451~1 1
283381227~283381451~1 283381227 1
283381227 283381227~283383520~1 1
283381227~283383520~1 283381227 1
283381228 283381229 1
283381229 283381228 1
283381228 283381228~283387358~1 1
283381228~283387358~1 283381228 1
283381229 283383767 1
283383767 283381229 1
283381229 1288459625~283381229~1 1
1288459625~283381229~1 283381229 1
283381229 283381229~283383008~1 1
283381229~283383008~1 283381229 1
283381235 283381237 1
283381237 283381235 1
283381235 1288459625 1
1288459625 283381235 1
283381235 5341932084 1
5341932084 283381235 1
283381237 283381444 1
283381444 283381237 1
283381237 283381237~283381652~1 1
283381237~283381652~1 283381237 1
283381237 283381237~283381863~1 1
283381237~283381863~1 283381237 1
283381444 1073509847 1
1073509847 283381444 1
283381444 10238004512~283381444~1 1
10238004512~283381444~1 283381444 1
283381451 2645370865 1
2645370865 283381451 1
283381451 283381227~283381451~1 1
283381227~283381451~1 283381451 1
283381451 283381451~283382832~1 1
283381451~283382832~1 283381451 1
283381652 283382192 1
283382192 283381652 1
283381652 283383339 1
283383339 283381652 1
283381652 283381237~283381652~1 1
283381237~283381652~1 283381652 1
283381680 283383357 1
283383357 283381680 1
283381680 283387329 1
283387329 283381680 1
283381680 340098594 1
340098594 283381680 1
283381680 283381680~283387647~1 1
283381680~283387647~1 283381680 1
283381863 283383175 1
283383175 283381863 1
283381863 283381220~283381863~2 1
283381220~283381863~2 283381863 1
283381863 283381237~283381863~2 1
283381237~283381863~2 283381863 1
283381894 283381946 1
283381946 283381894 1
283381894 283383008 1
283383008 283381894 1
283381894 9584439986 1
9584439986 283381894 1
283381894 1288459625~283381894~1 1
1288459625~283381894~1 283381894 1
283381897 283381946 1
283381946 283381897 1
283381897 283381947 1
283381947 283381897 1
283381897 283383062 1
283383062 283381897 1
283381923 283381927 1
283381927 283381923 1
283381923 283383169 1
283383169 283381923 1
283381923 10238004512 1
10238004512 283381923 1
283381927 10238004512 1
10238004512 283381927 1
283381927 1073509847~283381927~1 1
1073509847~283381927~1 283381927 1
283381927 283381220~283381927~1 1
283381220~283381927~1 283381927 1
283381946 283381946~283382926~1 1
283381946~283382926~1 283381946 1
283381946 283381946~5341932084~1 1
283381946~5341932084~1 283381946 1
283381947 283383074 1
283383074 283381947 1
283381947 283383339 1
283383339 283381947 1
283382063 283382232 1
283382232 283382063 1
283382063 11200368890 1
11200368890 283382063 1
283382063 2645359838~283382063~1 1
2645359838~283382063~1 283382063 1
283382192 283383169 1
283383169 283382192 1
283382192 10238004512 1
10238004512 283382192 1
283382192 11200368889~283382192~1 1
11200368889~283382192~1 283382192 1
283382232 11200368889 1
11200368889 283382232 1
283382232 2645359738~283382232~1 1
2645359738~283382232~1 283382232 1
283382232 283382232~283383074~1 1
283382232~283383074~1 283382232 1
283382356 283382376 1
283382376 283382356 1
283382356 2645359838 1
2645359838 283382356 1
283382356 283382356~5334264150~1 1
283382356~5334264150~1 283382356 1
283382376 2645359581 1
2645359581 283382376 1
283382376 283382376~5334264149~1 1
283382376~5334264149~1 283382376 1
283382797 5334263591 1
5334263591 283382797 1
283382797 5334264149 1
5334264149 283382797 1
283382797 283382797~283382946~1 1
283382797~283382946~1 283382797 1
283382813 283383275 1
283383275 283382813 1
283382813 5334263591 1
5334263591 283382813 1
283382813 5334263597 1
5334263597 283382813 1
283382831 283383707 1
283383707 283382831 1
283382831 1437159557~283382831~2 1
1437159557~283382831~2 283382831 1
283382831 283382831~283383422~1 1
283382831~283383422~1 283382831 1
283382831 283382831~283387606~1 1
283382831~283387606~1 283382831 1
283382832 283383422 1
283383422 283382832 1
283382832 283383423 1
283383423 283382832 1
283382832 1437159557 1
1437159557 283382832 1
283382832 283381451~283382832~2 1
283381451~283382832~2 283382832 1
283382926 283382929 1
283382929 283382926 1
283382926 283381946~283382926~1 1
283381946~283382926~1 283382926 1
283382929 5339462052 1
5339462052 283382929 1
283382929 5339462065 1
5339462065 283382929 1
283382946 5339462052 1
5339462052 283382946 1
283382946 5339462062 1
5339462062 283382946 1
283382946 283382797~283382946~1 1
283382797~283382946~1 283382946 1
283383008 283381229~283383008~1 1
283381229~283383008~1 283383008 1
283383008 283383008~283387358~1 1
283383008~283387358~1 283383008 1
283383022 283383497 1
283383497 283383022 1
283383022 5069964960 1
5069964960 283383022 1
283383022 283383022~283383275~1 1
283383022~283383275~1 283383022 1
283383062 283383074 1
283383074 283383062 1
283383062 3789194019 1
3789194019 283383062 1
283383074 283382232~283383074~1 1
283382232~283383074~1 283383074 1
283383169 11200368890~283383169~1 1
11200368890~283383169~1 283383169 1
283383175 1073509847~283383175~1 1
1073509847~283383175~1 283383175 1
283383275 283383022~283383275~1 1
283383022~283383275~1 283383275 1
283383339 5341932084 1
5341932084 283383339 1
283383357 283383703 1
283383703 283383357 1
283383357 2645370865 1
2645370865 283383357 1
283383357 283383357~283383520~1 1
283383357~283383520~1 283383357 1
283383419 283388326 1
283388326 283383419 1
283383419 5069964960 1
5069964960 283383419 1
283383419 283383419~283387964~1 1
283383419~283387964~1 283383419 1
283383420 283387647 1
283387647 283383420 1
283383420 283383420~340098594~1 1
283383420~340098594~1 283383420 1
283383422 283387910 1
283387910 283383422 1
283383422 283382831~283383422~1 1
283382831~283383422~1 283383422 1
283383422 283383422~283383703~1 1
283383422~283383703~1 283383422 1
283383423 1437159557 1
1437159557 283383423 1
283383423 283383423~283383699~1 1
283383423~283383699~1 283383423 1
283383455 283432114 1
283432114 283383455 1
283383455 1287004850~283383455~2 1
1287004850~283383455~2 283383455 1
283383455 283383455~283383497~1 1
283383455~283383497~1 283383455 1
283383497 283383455~283383497~1 1
283383455~283383497~1 283383497 1
283383497 283383497~9584368073~1 1
283383497~9584368073~1 283383497 1
283383500 2398732428 1
2398732428 283383500 1
283383500 4952961385 1
4952961385 283383500 1
283383500 9584368073 1
9584368073 283383500 1
283383502 283387647 1
283387647 283383502 1
283383502 283387910 1
283387910 283383502 1
283383502 283383502~283383703~1 1
283383502~283383703~1 283383502 1
283383520 283387329 1
283387329 283383520 1
283383520 283387358 1
283387358 283383520 1
283383520 283381227~283383520~1 1
283381227~283383520~1 283383520 1
283383520 283383357~283383520~1 1
283383357~283383520~1 283383520 1
283383699 283387913 1
283387913 283383699 1
283383699 339169995 1
339169995 283383699 1
283383699 3786264217 1
3786264217 283383699 1
283383699 283383423~283383699~1 1
283383423~283383699~1 283383699 1
283383703 283383422~283383703~2 1
283383422~283383703~2 283383703 1
283383703 283383502~283383703~1 1
283383502~283383703~1 283383703 1
283383707 6621237569 1
6621237569 283383707 1
283383707 283383707~283387906~1 1
283383707~283387906~1 283383707 1
283383707 283383707~283387910~1 1
283383707~283387910~1 283383707 1
283383710 283388424 1
283388424 283383710 1
283383710 283392949 1
283392949 283383710 1
283383710 1288488606 1
1288488606 283383710 1
283383710 283383710~283388347~1 1
283383710~283388347~1 283383710 1
283383712 283383713 1
283383713 283383712 1
283383712 283383771 1
283383771 283383712 1
283383712 311564845 1
311564845 283383712 1
283383712 2993361198 1
2993361198 283383712 1
283383713 283383742 1
283383742 283383713 1
283383713 2125827845 1
2125827845 283383713 1
283383713 2125827844~283383713~1 1
2125827844~283383713~1 283383713 1
283383717 313953319 1
313953319 283383717 1
283383717 340102413 1
340102413 283383717 1
283383717 340110310 1
340110310 283383717 1
283383717 1387597819 1
1387597819 283383717 1
283383742 283383771 1
283383771 283383742 1
283383742 6286592874 1
6286592874 283383742 1
283383762 5907348040 1
5907348040 283383762 1
283383767 311564766 1
311564766 283383767 1
283383767 339167281 1
339167281 283383767 1
283383767 9866170608 1
9866170608 283383767 1
283383771 283383773 1
283383773 283383771 1
283383771 6286592881 1
6286592881 283383771 1
283384046 311564845 1
311564845 283384046 1
283384046 339169889 1
339169889 283384046 1
283384046 339169890 1
339169890 283384046 1
283384047 311564845 1
311564845 283384047 1
283384047 339171090 1
339171090 283384047 1
283384047 2993361198 1
2993361198 283384047 1
283385855 340106268 1
340106268 283385855 1
283385855 2995253611 1
2995253611 283385855 1
283385855 5353539612 1
5353539612 283385855 1
283387329 283387331 1
283387331 283387329 1
283387329 11415839013 1
11415839013 283387329 1
283387331 11178871292 1
11178871292 283387331 1
283387358 283381228~283387358~1 1
283381228~283387358~1 283387358 1
283387358 283383008~283387358~1 1
283383008~283387358~1 283387358 1
283387606 283387607 1
283387607 283387606 1
283387606 283387906 1
283387906 283387606 1
283387606 2994568169 1
2994568169 283387606 1
283387606 283382831~283387606~1 1
283382831~283387606~1 283387606 1
283387607 283387781 1
283387781 283387607 1
283387607 283387607~2994568169~1 1
283387607~2994568169~1 283387607 1
283387612 283429415 1
283429415 283387612 1
283387612 4050713134 1
4050713134 283387612 1
283387647 283381680~283387647~2 1
283381680~283387647~2 283387647 1
283387781 283387783 1
283387783 283387781 1
283387781 4050713134 1
4050713134 283387781 1
283387906 283387907 1
283387907 283387906 1
283387906 283383707~283387906~1 1
283383707~283387906~1 283387906 1
283387907 6621237570 1
6621237570 283387907 1
283387907 283387907~3792999840~1 1
283387907~3792999840~1 283387907 1
283387910 283383707~283387910~1 1
283383707~283387910~1 283387910 1
283387913 10760521734 1
10760521734 283387913 1
283387913 10760521737 1
10760521737 283387913 1
283387957 283387958 1
283387958 283387957 1
283387957 283388326 1
283388326 283387957 1
283387957 283392951 1
283392951 283387957 1
283387958 2398732428 1
2398732428 283387958 1
283387958 4952961385 1
4952961385 283387958 1
283387958 4952961386 1
4952961386 283387958 1
283387960 283388328 1
283388328 283387960 1
283387960 283392949 1
283392949 283387960 1
283387960 2398732428 1
2398732428 283387960 1
283387964 283380707~283387964~1 1
283380707~283387964~1 283387964 1
283387964 283380710~283387964~1 1
283380710~283387964~1 283387964 1
283387964 283383419~283387964~2 1
283383419~283387964~2 283387964 1
283388326 4952961385 1
4952961385 283388326 1
283388328 283388330 1
283388330 283388328 1
283388328 283392950 1
283392950 283388328 1
283388330 283388333 1
283388333 283388330 1
283388330 283432340 1
283432340 283388330 1
283388333 283388334 1
283388334 283388333 1
283388333 283432122 1
283432122 283388333 1
283388334 283388335 1
283388335 283388334 1
283388334 283431540 1
283431540 283388334 1
283388335 283389243 1
283389243 283388335 1
283388335 283432111 1
283432111 283388335 1
283388337 283389243 1
283389243 283388337 1
283388337 283432008 1
283432008 283388337 1
283388337 283388337~283389051~1 1
283388337~283389051~1 283388337 1
283388347 283392951 1
283392951 283388347 1
283388347 6621237570 1
6621237570 283388347 1
283388347 283383710~283388347~1 1
283383710~283388347~1 283388347 1
283388424 283392950 1
283392950 283388424 1
283388424 283393064 1
283393064 283388424 1
283388693 283389151 1
283389151 283388693 1
283388693 283389549 1
283389549 283388693 1
283388693 283388693~5339546197~1 1
283388693~5339546197~1 283388693 1
283388696 340348722 1
340348722 283388696 1
283388696 3793025298 1
3793025298 283388696 1
283388696 5339546214 1
5339546214 283388696 1
283389051 5339546176 1
5339546176 283389051 1
283389051 5339546177 1
5339546177 283389051 1
283389051 5339546193 1
5339546193 283389051 1
283389051 283388337~283389051~1 1
283388337~283389051~1 283389051 1
283389058 3795977606 1
3795977606 283389058 1
283389058 3795977608 1
3795977608 283389058 1
283389058 5339546227 1
5339546227 283389058 1
283389058 5339546234 1
5339546234 283389058 1
283389151 283389547 1
283389547 283389151 1
283389151 283434493 1
283434493 283389151 1
283389151 283389151~283430837~1 1
283389151~283430837~1 283389151 1
283389243 283432186 1
283432186 283389243 1
283389523 283430059 1
283430059 283389523 1
283389523 5339546308 1
5339546308 283389523 1
283389523 1258669638~283389523~1 1
1258669638~283389523~1 283389523 1
283389523 283389523~5339546247~1 1
283389523~5339546247~1 283389523 1
283389530 283432835 1
283432835 283389530 1
283389530 5339546252 1
5339546252 283389530 1
283389530 283389530~5339546234~1 1
283389530~5339546234~1 283389530 1
283389542 283429986 1
283429986 283389542 1
283389542 3755293107 1
3755293107 283389542 1
283389542 283389542~3793025299~1 1
283389542~3793025299~1 283389542 1
283389545 283389546 1
283389546 283389545 1
283389545 283430515 1
283430515 283389545 1
283389545 283430837 1
283430837 283389545 1
283389545 283389545~3793025309~1 1
283389545~3793025309~1 283389545 1
283389546 283389547 1
283389547 283389546 1
283389546 283431925 1
283431925 283389546 1
283389547 283389549 1
283389549 283389547 1
283389549 283431873 1
283431873 283389549 1
283389549 283389549~5339546177~1 1
283389549~5339546177~1 283389549 1
283392949 283392950 1
283392950 283392949 1
283392949 4952961386 1
4952961386 283392949 1
283392951 4952961386 1
4952961386 283392951 1
283393064 283432458 1
283432458 283393064 1
283393064 283432949 1
283432949 283393064 1
283429345 283429346 1
283429346 283429345 1
283429345 283430057 1
283430057 283429345 1
283429345 283432157 1
283432157 283429345 1
283429345 283432245 1
283432245 283429345 1
283429346 283430055 1
283430055 283429346 1
283429346 283432247 1
283432247 283429346 1
283429346 283435248 1
283435248 283429346 1
283429415 3792999819 1
3792999819 283429415 1
283429979 283430638 1
283430638 283429979 1
283429979 283432671 1
283432671 283429979 1
283429979 1288458968 1
1288458968 283429979 1
283429980 283429984 1
283429984 283429980 1
283429980 283432947 1
283432947 283429980 1
283429980 1288458968 1
1288458968 283429980 1
283429984 283429986 1
283429986 283429984 1
283429984 283429984~283434629~1 1
283429984~283434629~1 283429984 1
283429986 1288458967~283429986~1 1
1288458967~283429986~1 283429986 1
283429986 283429986~283432836~1 1
283429986~283432836~1 283429986 1
283430043 283432247 1
283432247 283430043 1
283430043 340347995 1
340347995 283430043 1
283430043 11393219156 1
11393219156 283430043 1
283430046 283430464 1
283430464 283430046 1
283430046 3793025301 1
3793025301 283430046 1
283430046 11393219156 1
11393219156 283430046 1
283430054 283430055 1
283430055 283430054 1
283430054 283430638 1
283430638 283430054 1
283430054 340347924 1
340347924 283430054 1
283430055 283430057 1
283430057 283430055 1
283430057 283432153 1
283432153 283430057 1
283430057 283430057~283430059~1 1
283430057~283430059~1 283430057 1
283430059 283431607 1
283431607 283430059 1
283430059 283432201 1
283432201 283430059 1
283430059 283430057~283430059~1 1
283430057~283430059~1 283430059 1
283430075 283430462 1
283430462 283430075 1
283430075 283432247 1
283432247 283430075 1
283430075 283430075~283431470~1 1
283430075~283431470~1 283430075 1
283430462 283430464 1
283430464 283430462 1
283430462 2994866219 1
2994866219 283430462 1
283430464 283430515 1
283430515 283430464 1
283430515 283432202 1
283432202 283430515 1
283430631 283431598 1
283431598 283430631 1
283430631 283432013 1
283432013 283430631 1
283430631 1288488619 1
1288488619 283430631 1
283430633 283431470 1
283431470 283430633 1
283430633 283432191 1
283432191 283430633 1
283430633 283432466 1
283432466 283430633 1
283430638 283430638~283432153~1 1
283430638~283432153~1 283430638 1
283430837 283389151~283430837~1 1
283389151~283430837~1 283430837 1
283430837 283430837~5339546210~1 1
283430837~5339546210~1 283430837 1
283431110 283431111 1
283431111 283431110 1
283431110 283432202 1
283432202 283431110 1
283431110 1288488619 1
1288488619 283431110 1
283431111 283431118 1
283431118 283431111 1
283431111 283431925 1
283431925 283431111 1
283431118 283432008 1
283432008 283431118 1
283431118 1288488596 1
1288488596 283431118 1
283431123 283431174 1
283431174 283431123 1
283431123 283432186 1
283432186 283431123 1
283431123 1288488596 1
1288488596 283431123 1
283431174 283432013 1
283432013 283431174 1
283431174 283432642 1
283432642 283431174 1
283431470 283431598 1
283431598 283431470 1
283431470 283430075~283431470~1 1
283430075~283431470~1 283431470 1
283431540 283432117 1
283432117 283431540 1
283431540 283432642 1
283432642 283431540 1
283431598 283431598~2994866219~1 1
283431598~2994866219~1 283431598 1
283431607 283432244 1
283432244 283431607 1
283431607 283432245 1
283432245 283431607 1
283431607 283431607~283432194~1 1
283431607~283432194~1 283431607 1
283431873 283432008 1
283432008 283431873 1
283431873 283431873~283431925~1 1
283431873~283431925~1 283431873 1
283431925 283431873~283431925~1 1
283431873~283431925~1 283431925 1
283431927 283431975 1
283431975 283431927 1
283431927 283432117 1
283432117 283431927 1
283431927 283432466 1
283432466 283431927 1
283431975 283431976 1
283431976 283431975 1
283431975 283432134 1
283432134 283431975 1
283431976 283432122 1
283432122 283431976 1
283432013 283432117 1
283432117 283432013 1
283432111 1287004849 1
1287004849 283432111 1
283432111 283432111~283432114~1 1
283432111~283432114~1 283432111 1
283432114 283432115 1
283432115 283432114 1
283432114 283432111~283432114~1 1
283432111~283432114~1 283432114 1
283432122 283432340 1
283432340 283432122 1
283432132 283432340 1
283432340 283432132 1
283432132 283432458 1
283432458 283432132 1
283432132 5076415037 1
5076415037 283432132 1
283432134 283432467 1
283432467 283432134 1
283432134 5076415037 1
5076415037 283432134 1
283432153 283432671 1
283432671 283432153 1
283432153 283430638~283432153~1 1
283430638~283432153~1 283432153 1
283432155 283432467 1
283432467 283432155 1
283432155 283432672 1
283432672 283432155 1
283432155 283433961 1
283433961 283432155 1
283432155 5076415037 1
5076415037 283432155 1
283432157 283432672 1
283432672 283432157 1
283432157 283432157~283432460~1 1
283432157~283432460~1 283432157 1
283432181 283432182 1
283432182 283432181 1
283432181 283432339 1
283432339 283432181 1
283432181 283432949 1
283432949 283432181 1
283432181 283433961 1
283433961 283432181 1
283432182 283432338 1
283432338 283432182 1
283432182 283432460 1
283432460 283432182 1
283432182 283432182~283432245~1 1
283432182~283432245~1 283432182 1
283432186 283432642 1
283432642 283432186 1
283432191 283432988 1
283432988 283432191 1
283432191 283435248 1
283435248 283432191 1
283432194 283432338 1
283432338 283432194 1
283432194 283433939 1
283433939 283432194 1
283432194 283431607~283432194~1 1
283431607~283432194~1 283432194 1
283432194 283432194~283432244~1 1
283432194~283432244~1 283432194 1
283432201 283432244 1
283432244 283432201 1
283432201 1437159581 1
1437159581 283432201 1
283432202 2994866219 1
2994866219 283432202 1
283432244 9173285044 1
9173285044 283432244 1
283432244 283432194~283432244~1 1
283432194~283432244~1 283432244 1
283432245 283432182~283432245~1 1
283432182~283432245~1 283432245 1
283432247 340347924 1
340347924 283432247 1
283432332 283432339 1
283432339 283432332 1
283432332 283432949 1
283432949 283432332 1
283432332 1288488606 1
1288488606 283432332 1
283432338 283432339 1
283432339 283432338 1
283432338 283433054 1
283433054 283432338 1
283432339 283433939 1
283433939 283432339 1
283432458 283433961 1
283433961 283432458 1
283432460 283432672 1
283432672 283432460 1
283432460 283433961 1
283433961 283432460 1
283432460 283432157~283432460~1 1
283432157~283432460~1 283432460 1
283432466 283432467 1
283432467 283432466 1
283432467 283432988 1
283432988 283432467 1
283432671 283435323 1
283435323 283432671 1
283432672 283432988 1
283432988 283432672 1
283432835 283432835~283432836~1 1
283432835~283432836~1 283432835 1
283432835 283432835~283435323~1 1
283432835~283435323~1 283432835 1
283432836 283434629 1
283434629 283432836 1
283432836 283429986~283432836~2 1
283429986~283432836~2 283432836 1
283432836 283432835~283432836~1 1
283432835~283432836~1 283432836 1
283432947 283435323 1
283435323 283432947 1
283432947 283432947~283434629~1 1
283432947~283434629~1 283432947 1
283432988 283432988~283435248~1 1
283432988~283435248~1 283432988 1
283433052 283434391 1
283434391 283433052 1
283433052 283434460 1
283434460 283433052 1
283433052 283434493 1
283434493 283433052 1
283433939 1288488606 1
1288488606 283433939 1
283433981 283434933 1
283434933 283433981 1
283433981 5339546214 1
5339546214 283433981 1
283433981 283433981~3793367364~1 1
283433981~3793367364~1 283433981 1
283434391 283434933 1
283434933 283434391 1
283434391 283434391~283434460~1 1
283434391~283434460~1 283434391 1
283434460 283434391~283434460~2 1
283434391~283434460~2 283434460 1
283434460 283434460~283434493~1 1
283434460~283434493~1 283434460 1
283434493 283434460~283434493~1 1
283434460~283434493~1 283434493 1
283434629 283429984~283434629~1 1
283429984~283434629~1 283434629 1
283434629 283432947~283434629~2 1
283432947~283434629~2 283434629 1
283434933 283434933~283435533~1 1
283434933~283435533~1 283434933 1
283435248 283432988~283435248~1 1
283432988~283435248~1 283435248 1
283435323 283432835~283435323~1 1
283432835~283435323~1 283435323 1
283435523 283435524 1
283435524 283435523 1
283435523 283438414 1
283438414 283435523 1
283435523 283435523~3795977606~1 1
283435523~3795977606~1 283435523 1
283435524 283435525 1
283435525 283435524 1
283435524 283436121 1
283436121 283435524 1
283435525 283435815 1
283435815 283435525 1
283435525 283435525~283435931~1 1
283435525~283435931~1 283435525 1
283435533 283434933~283435533~1 1
283434933~283435533~1 283435533 1
283435815 283435950 1
283435950 283435815 1
283435815 283435815~283435930~1 1
283435815~283435930~1 283435815 1
283435928 2994538477 1
2994538477 283435928 1
283435928 2994538479 1
2994538479 283435928 1
283435928 283435928~283436065~1 1
283435928~283436065~1 283435928 1
283435928 283435928~2994538484~1 1
283435928~2994538484~1 283435928 1
283435930 283435931 1
283435931 283435930 1
283435930 283436064 1
283436064 283435930 1
283435930 283435815~283435930~2 1
283435815~283435930~2 283435930 1
283435930 283435930~283436065~1 1
283435930~283436065~1 283435930 1
283435931 283435525~283435931~2 1
283435525~283435931~2 283435931 1
283435931 283435931~283436127~1 1
283435931~283436127~1 283435931 1
283435950 283436076 1
283436076 283435950 1
283435950 283436121 1
283436121 283435950 1
283436047 283436076 1
283436076 283436047 1
283436047 283436121 1
283436121 283436047 1
283436047 2994538503 1
2994538503 283436047 1
283436064 283436065 1
283436065 283436064 1
283436064 2994538477 1
2994538477 283436064 1
283436064 2994538480 1
2994538480 283436064 1
283436065 283435928~283436065~1 1
283435928~283436065~1 283436065 1
283436065 283435930~283436065~2 1
283435930~283436065~2 283436065 1
283436076 283436076~2994538479~1 1
283436076~2994538479~1 283436076 1
283436076 283436076~2994538480~1 1
283436076~2994538480~1 283436076 1
283436127 283435931~283436127~2 1
283435931~283436127~2 283436127 1
283436217 283436219 1
283436219 283436217 1
283436217 283441914 1
283441914 283436217 1
283436217 3795764466 1
3795764466 283436217 1
283436219 283436220 1
283436220 283436219 1
283436219 283441913 1
283441913 283436219 1
283436220 283438206 1
283438206 283436220 1
283436220 283436220~283436225~1 1
283436220~283436225~1 283436220 1
283436225 283438211 1
283438211 283436225 1
283436225 283438954 1
283438954 283436225 1
283436225 283436220~283436225~1 1
283436220~283436225~1 283436225 1
283436229 283436231 1
283436231 283436229 1
283436229 2995254593 1
2995254593 283436229 1
283436229 12098265038 1
12098265038 283436229 1
283436231 2995254565 1
2995254565 283436231 1
283436231 2995254596 1
2995254596 283436231 1
283436437 283436499 1
283436499 283436437 1
283436437 5261413360 1
5261413360 283436437 1
283436440 283436864 1
283436864 283436440 1
283436440 283438757 1
283438757 283436440 1
283436440 10760563719 1
10760563719 283436440 1
283436493 283436656 1
283436656 283436493 1
283436493 283441553 1
283441553 283436493 1
283436493 5261413357 1
5261413357 283436493 1
283436499 283436500 1
283436500 283436499 1
283436499 283436656 1
283436656 283436499 1
283436499 283438133 1
283438133 283436499 1
283436500 283436878 1
283436878 283436500 1
283436500 283440382 1
283440382 283436500 1
283436500 10760563719~283436500~1 1
10760563719~283436500~1 283436500 1
283436549 283441823 1
283441823 283436549 1
283436549 283436549~283436550~1 1
283436549~283436550~1 283436549 1
283436549 283436549~283438126~1 1
283436549~283438126~1 283436549 1
283436550 283440413 1
283440413 283436550 1
283436550 283436549~283436550~1 1
283436549~283436550~1 283436550 1
283436550 283436550~283438133~1 1
283436550~283438133~1 283436550 1
283436656 283436878 1
283436878 283436656 1
283436864 283436865 1
283436865 283436864 1
283436865 283438758 1
283438758 283436865 1
283436869 283438759 1
283438759 283436869 1
283436869 283440372 1
283440372 283436869 1
283436869 283436869~283436873~1 1
283436869~283436873~1 283436869 1
283436873 283440948 1
283440948 283436873 1
283436873 283436869~283436873~1 1
283436869~283436873~1 283436873 1
283436873 283436873~283436875~1 1
283436873~283436875~1 283436873 1
283436875 283440796 1
283440796 283436875 1
283436875 283436873~283436875~1 1
283436873~283436875~1 283436875 1
283436875 283436875~340182536~1 1
283436875~340182536~1 283436875 1
283436878 10760563719~283436878~1 1
10760563719~283436878~1 283436878 1
283436878 283436878~283440346~1 1
283436878~283440346~1 283436878 1
283437396 283438026 1
283438026 283437396 1
283437396 283439515 1
283439515 283437396 1
283437396 283440393 1
283440393 283437396 1
283437396 283437396~283439484~1 1
283437396~283439484~1 283437396 1
283437563 283437826 1
283437826 283437563 1
283437563 283438756 1
283438756 283437563 1
283437563 2994538521 1
2994538521 283437563 1
283437636 283437637 1
283437637 283437636 1
283437636 283439515 1
283439515 283437636 1
283437636 283440410 1
283440410 283437636 1
283437636 12073917638 1
12073917638 283437636 1
283437637 283437988 1
283437988 283437637 1
283437637 283438024 1
283438024 283437637 1
283437637 283440300 1
283440300 283437637 1
283437789 283438414 1
283438414 283437789 1
283437789 283438917 1
283438917 283437789 1
283437789 10760523696 1
10760523696 283437789 1
283437789 283437789~283438797~1 1
283437789~283438797~1 283437789 1
283437826 283438761 1
283438761 283437826 1
283437826 283439037 1
283439037 283437826 1
283437973 283438414 1
283438414 283437973 1
283437973 283438917 1
283438917 283437973 1
283437973 2994538503 1
2994538503 283437973 1
283437974 283437976 1
283437976 283437974 1
283437974 283438009 1
283438009 283437974 1
283437974 2994538503 1
2994538503 283437974 1
283437976 283437984 1
283437984 283437976 1
283437976 5794601783 1
5794601783 283437976 1
283437984 283438014 1
283438014 283437984 1
283437984 283438996 1
283438996 283437984 1
283437988 283438912 1
283438912 283437988 1
283437988 283439004 1
283439004 283437988 1
283437988 283437988~283438126~1 1
283437988~283438126~1 283437988 1
283438009 283438014 1
283438014 283438009 1
283438009 5361894504 1
5361894504 283438009 1
283438014 283438874 1
283438874 283438014 1
283438024 283438912 1
283438912 283438024 1
283438024 12073917638 1
12073917638 283438024 1
283438026 283438985 1
283438985 283438026 1
283438026 283439011 1
283439011 283438026 1
283438026 283440391 1
283440391 283438026 1
283438090 283438874 1
283438874 283438090 1
283438090 2134202433 1
2134202433 283438090 1
283438090 5361894504 1
5361894504 283438090 1
283438126 2995254565 1
2995254565 283438126 1
283438126 283436549~283438126~1 1
283436549~283438126~1 283438126 1
283438126 283437988~283438126~1 1
283437988~283438126~1 283438126 1
283438133 283440382 1
283440382 283438133 1
283438133 283436550~283438133~1 1
283436550~283438133~1 283438133 1
283438204 283438211 1
283438211 283438204 1
283438204 283438426 1
283438426 283438204 1
283438204 283438781 1
283438781 283438204 1
283438206 283438412 1
283438412 283438206 1
283438206 5049400402 1
5049400402 283438206 1
283438211 3796105619 1
3796105619 283438211 1
283438412 283438781 1
283438781 283438412 1
283438412 283438412~283438797~1 1
283438412~283438797~1 283438412 1
283438426 283438780 1
283438780 283438426 1
283438426 2134202431 1
2134202431 283438426 1
283438756 283438757 1
283438757 283438756 1
283438756 283438756~2994538521~1 1
283438756~2994538521~1 283438756 1
283438757 283440384 1
283440384 283438757 1
283438758 283438759 1
283438759 283438758 1
283438758 283440611 1
283440611 283438758 1
283438759 2799958454 1
2799958454 283438759 1
283438761 283438911 1
283438911 283438761 1
283438761 283439038 1
283439038 283438761 1
283438780 283438781 1
283438781 283438780 1
283438780 283438797 1
283438797 283438780 1
283438780 283438780~283438917~1 1
283438780~283438917~1 283438780 1
283438797 283437789~283438797~1 1
283437789~283438797~1 283438797 1
283438797 283438412~283438797~1 1
283438412~283438797~1 283438797 1
283438797 283438797~5049400402~1 1
283438797~5049400402~1 283438797 1
283438874 283439004 1
283439004 283438874 1
283438874 2995254595 1
2995254595 283438874 1
283438912 283438996 1
283438996 283438912 1
283438917 5361894505 1
5361894505 283438917 1
283438917 283438780~283438917~1 1
283438780~283438917~1 283438917 1
283438952 283438953 1
283438953 283438952 1
283438952 283439000 1
283439000 283438952 1
283438952 283438952~283438997~1 1
283438952~283438997~1 283438952 1
283438954 1258669724 1
1258669724 283438954 1
283438985 283438986 1
283438986 283438985 1
283438985 283439029 1
283439029 283438985 1
283438986 283439041 1
283439041 283438986 1
283438986 283438986~283439038~1 1
283438986~283439038~1 283438986 1
283438996 283438997 1
283438997 283438996 1
283438997 283438952~283438997~1 1
283438952~283438997~1 283438997 1
283438997 283438997~283439000~1 1
283438997~283439000~1 283438997 1
283439000 283439011 1
283439011 283439000 1
283439000 283438997~283439000~1 1
283438997~283439000~1 283439000 1
283439004 2995254596 1
2995254596 283439004 1
283439011 283439515 1
283439515 283439011 1
283439011 12073917638 1
12073917638 283439011 1
283439037 283440391 1
283440391 283439037 1
283439037 283439037~283439038~1 1
283439037~283439038~1 283439037 1
283439038 283438986~283439038~1 1
283438986~283439038~1 283439038 1
283439038 283439037~283439038~1 1
283439037~283439038~1 283439038 1
283439484 283440400 1
283440400 283439484 1
283439484 283440410 1
283440410 283439484 1
283439484 283437396~283439484~1 1
283437396~283439484~1 283439484 1
283440300 283440301 1
283440301 283440300 1
283440300 283441823 1
283441823 283440300 1
283440301 283440410 1
283440410 283440301 1
283440301 283440412 1
283440412 283440301 1
283440326 283440396 1
283440396 283440326 1
283440326 283440413 1
283440413 283440326 1
283440326 283440326~283440389~1 1
283440326~283440389~1 283440326 1
283440334 283440389 1
283440389 283440334 1
283440334 283440393 1
283440393 283440334 1
283440334 10197722412 1
10197722412 283440334 1
283440346 283440375 1
283440375 283440346 1
283440346 283440611 1
283440611 283440346 1
283440346 283436878~283440346~1 1
283436878~283440346~1 283440346 1
283440372 283440405 1
283440405 283440372 1
283440372 2799958454 1
2799958454 283440372 1
283440375 283441457 1
283441457 283440375 1
283440375 283441607 1
283441607 283440375 1
283440375 283440375~283440405~1 1
283440375~283440405~1 283440375 1
283440382 283440382~283440384~1 1
283440382~283440384~1 283440382 1
283440384 283440389 1
283440389 283440384 1
283440384 283440382~283440384~1 1
283440382~283440384~1 283440384 1
283440389 283440326~283440389~2 1
283440326~283440389~2 283440389 1
283440391 283440393 1
283440393 283440391 1
283440393 2994538521 1
2994538521 283440393 1
283440396 283440400 1
283440400 283440396 1
283440396 10197722411 1
10197722411 283440396 1
283440400 283440412 1
283440412 283440400 1
283440405 283441359 1
283441359 283440405 1
283440405 323082007 1
323082007 283440405 1
283440405 283440375~283440405~1 1
283440375~283440405~1 283440405 1
283440412 283440413 1
283440413 283440412 1
283440611 2799958454 1
2799958454 283440611 1
283440795 283440948 1
283440948 283440795 1
283440795 283440963 1
283440963 283440795 1
283440795 283440795~283440966~1 1
283440795~283440966~1 283440795 1
283440796 283440963 1
283440963 283440796 1
283440796 283440796~283440962~1 1
283440796~283440962~1 283440796 1
283440881 283440967 1
283440967 283440881 1
283440881 283441359 1
283441359 283440881 1
283440881 283440881~283440906~1 1
283440881~283440906~1 283440881 1
283440893 283440906 1
283440906 283440893 1
283440893 323082008 1
323082008 283440893 1
283440893 6327742136 1
6327742136 283440893 1
283440906 283441457 1
283441457 283440906 1
283440906 283440881~283440906~1 1
283440881~283440906~1 283440906 1
283440948 283441458 1
283441458 283440948 1
283440948 283440948~283441454~1 1
283440948~283441454~1 283440948 1
283440962 283441455 1
283441455 283440962 1
283440962 6327742168 1
6327742168 283440962 1
283440962 283440796~283440962~1 1
283440796~283440962~1 283440962 1
283440963 283440963~283441455~1 1
283440963~283441455~1 283440963 1
283440966 283441454 1
283441454 283440966 1
283440966 283441455 1
283441455 283440966 1
283440966 283440795~283440966~1 1
283440795~283440966~1 283440966 1
283440967 323082009 1
323082009 283440967 1
283440967 6327742503 1
6327742503 283440967 1
283441359 283441359~283441457~1 1
283441359~283441457~1 283441359 1
283441454 323080921 1
323080921 283441454 1
283441454 6327742502 1
6327742502 283441454 1
283441454 283440948~283441454~1 1
283440948~283441454~1 283441454 1
283441455 283440963~283441455~1 1
283440963~283441455~1 283441455 1
283441457 283441359~283441457~1 1
283441359~283441457~1 283441457 1
283441458 323082007 1
323082007 283441458 1
283441458 283441458~323080921~1 1
283441458~323080921~1 283441458 1
283441553 323082008 1
323082008 283441553 1
283441553 283441553~283441607~1 1
283441553~283441607~1 283441553 1
283441607 323082008 1
323082008 283441607 1
283441607 283441553~283441607~1 1
283441553~283441607~1 283441607 1
283441823 283441859 1
283441859 283441823 1
283441859 4993635160 1
4993635160 283441859 1
283441859 12073917644 1
12073917644 283441859 1
283441913 282302680~283441913~1 1
282302680~283441913~1 283441913 1
283441913 283441913~283441914~1 1
283441913~283441914~1 283441913 1
283441914 283441913~283441914~1 1
283441913~283441914~1 283441914 1
283441914 283441914~283442004~1 1
283441914~283442004~1 283441914 1
283442004 5339546263 1
5339546263 283442004 1
283442004 5339546308 1
5339546308 283442004 1
283442004 283441914~283442004~2 1
283441914~283442004~2 283442004 1
283442065 8907247370 1
8907247370 283442065 1
283442065 10760512701 1
10760512701 283442065 1
283442468 340110132 1
340110132 283442468 1
283442468 3787765316 1
3787765316 283442468 1
283442468 5357929683 1
5357929683 283442468 1
283442655 340114263 1
340114263 283442655 1
283442655 340114295 1
340114295 283442655 1
283442655 5058415841 1
5058415841 283442655 1
283442659 5058415788 1
5058415788 283442659 1
283442836 340109707 1
340109707 283442836 1
283442836 3787782871 1
3787782871 283442836 1
283442836 283442836~283443416~1 1
283442836~283443416~1 283442836 1
283442921 3787782871 1
3787782871 283442921 1
283442921 5341931010 1
5341931010 283442921 1
283442952 283443335 1
283443335 283442952 1
283442952 2789196382 1
2789196382 283442952 1
283442952 3787782871 1
3787782871 283442952 1
283442955 283442956 1
283442956 283442955 1
283442955 283443416 1
283443416 283442955 1
283442955 340110174 1
340110174 283442955 1
283442955 2125827848 1
2125827848 283442955 1
283442956 283442957 1
283442957 283442956 1
283442956 340110159 1
340110159 283442956 1
283442957 340110151 1
340110151 283442957 1
283442957 3787765336 1
3787765336 283442957 1
283443335 340110174 1
340110174 283443335 1
283443335 283443335~340109831~1 1
283443335~340109831~1 283443335 1
283443339 5341863104 1
5341863104 283443339 1
283443339 283443339~3785399755~1 1
283443339~3785399755~1 283443339 1
283443339 283443339~5058415843~1 1
283443339~5058415843~1 283443339 1
283443413 323081420 1
323081420 283443413 1
283443413 340110220 1
340110220 283443413 1
283443413 340110308 1
340110308 283443413 1
283443413 3785399750 1
3785399750 283443413 1
283443416 283443417 1
283443417 283443416 1
283443416 340109782 1
340109782 283443416 1
283443416 283442836~283443416~1 1
283442836~283443416~1 283443416 1
283443417 340109680 1
340109680 283443417 1
283443417 340109727 1
340109727 283443417 1
283443417 283443417~340109707~1 1
283443417~340109707~1 283443417 1
283443418 340108869 1
340108869 283443418 1
283443418 340109602 1
340109602 283443418 1
283443418 340109667 1
340109667 283443418 1
283443419 283443423 1
283443423 283443419 1
283443419 340108777 1
340108777 283443419 1
283443419 340109666 1
340109666 283443419 1
283443423 283443424 1
283443424 283443423 1
283443423 340108229 1
340108229 283443423 1
283443424 3786717872 1
3786717872 283443424 1
283443424 282284462~283443424~1 1
282284462~283443424~1 283443424 1
311563962 311564768 1
311564768 311563962 1
311563962 339167774 1
339167774 311563962 1
311563962 339169657 1
339169657 311563962 1
311563962 3786340650 1
3786340650 311563962 1
311564256 340102475 1
340102475 311564256 1
311564256 340110289 1
340110289 311564256 1
311564256 340113476 1
340113476 311564256 1
311564256 311564256~340112715~1 1
311564256~340112715~1 311564256 1
311564766 340100885 1
340100885 311564766 1
311564766 6512355011 1
6512355011 311564766 1
311564768 311564771 1
311564771 311564768 1
311564768 340100824 1
340100824 311564768 1
311564768 340100885 1
340100885 311564768 1
311564771 339169657 1
339169657 311564771 1
311564771 3786343766 1
3786343766 311564771 1
313953318 313953403 1
313953403 313953318 1
313953319 323081418 1
323081418 313953319 1
313953319 340110220 1
340110220 313953319 1
313953319 5907348061 1
5907348061 313953319 1
313953396 313953398 1
313953398 313953396 1
313953396 323081420 1
323081420 313953396 1
313953396 313953396~323081423~1 1
313953396~323081423~1 313953396 1
313953398 323081418 1
323081418 313953398 1
313953398 323081423 1
323081423 313953398 1
313953398 313953398~313953403~1 1
313953398~313953403~1 313953398 1
313953403 5907348033 1
5907348033 313953403 1
313953403 313953398~313953403~2 1
313953398~313953403~2 313953403 1
313953911 340109671 1
340109671 313953911 1
313953911 340109727 1
340109727 313953911 1
313953911 340114472 1
340114472 313953911 1
313953911 3787765345 1
3787765345 313953911 1
313953912 313953913 1
313953913 313953912 1
313953912 313956127 1
313956127 313953912 1
313953912 340109154 1
340109154 313953912 1
313953912 340109671 1
340109671 313953912 1
313953913 340109127 1
340109127 313953913 1
313953913 11016162528 1
11016162528 313953913 1
313953914 313953916 1
313953916 313953914 1
313953914 340109590 1
340109590 313953914 1
313953914 3794481812 1
3794481812 313953914 1
313953914 11016162528 1
11016162528 313953914 1
313953916 313953917 1
313953917 313953916 1
313953916 340109529 1
340109529 313953916 1
313953916 340109566 1
340109566 313953916 1
313953917 340109504 1
340109504 313953917 1
313953917 340109527 1
340109527 313953917 1
313953917 3787776399 1
3787776399 313953917 1
313953921 340107945 1
340107945 313953921 1
313953921 340108616 1
340108616 313953921 1
313953921 313953921~340106858~1 1
313953921~340106858~1 313953921 1
313953922 340106858 1
340106858 313953922 1
313953922 340108590 1
340108590 313953922 1
313953922 3787776423 1
3787776423 313953922 1
313953923 340107230 1
340107230 313953923 1
313953923 340108567 1
340108567 313953923 1
313953923 3787776423 1
3787776423 313953923 1
313953923 12068984195~313953923~1 1
12068984195~313953923~1 313953923 1
313953926 313953928 1
313953928 313953926 1
313953926 340107757 1
340107757 313953926 1
313953926 12068984195 1
12068984195 313953926 1
313953928 340107534 1
340107534 313953928 1
313953928 340107753 1
340107753 313953928 1
313954082 313954083 1
313954083 313954082 1
313954082 5907348015 1
5907348015 313954082 1
313954082 313954082~340106530~1 1
313954082~340106530~1 313954082 1
313954083 313954084 1
313954084 313954083 1
313954083 4992939633 1
4992939633 313954083 1
313954083 11010815590 1
11010815590 313954083 1
313954084 313954085 1
313954085 313954084 1
313954084 340106309 1
340106309 313954084 1
313954084 340106632 1
340106632 313954084 1
313954085 313954086 1
313954086 313954085 1
313954085 340106380 1
340106380 313954085 1
313954085 340106633 1
340106633 313954085 1
313954086 340106447 1
340106447 313954086 1
313954086 340106556 1
340106556 313954086 1
313954086 340106635 1
340106635 313954086 1
313954091 340106636 1
340106636 313954091 1
313954091 340107534 1
340107534 313954091 1
313954091 2995253615 1
2995253615 313954091 1
313954094 340107753 1
340107753 313954094 1
313954094 5809720294 1
5809720294 313954094 1
313954094 282284478~313954094~2 1
282284478~313954094~2 313954094 1
313954094 313954094~340107909~1 1
313954094~340107909~1 313954094 1
313955359 339167788 1
339167788 313955359 1
313955359 340100963 1
340100963 313955359 1
313955359 1073509814 1
1073509814 313955359 1
313955359 11612244894 1
11612244894 313955359 1
313955361 1073509814 1
1073509814 313955361 1
313955361 1073509852 1
1073509852 313955361 1
313955361 313955361~340101028~1 1
313955361~340101028~1 313955361 1
313955368 340349754 1
340349754 313955368 1
313955368 1073509699 1
1073509699 313955368 1
313955368 1437159568 1
1437159568 313955368 1
313955368 10198604025 1
10198604025 313955368 1
313955541 340115320 1
340115320 313955541 1
313955541 340116522 1
340116522 313955541 1
313955541 3786246993 1
3786246993 313955541 1
313955541 313955541~340116756~1 1
313955541~340116756~1 313955541 1
313955552 340117301 1
340117301 313955552 1
313955552 340121382 1
340121382 313955552 1
313955552 313955552~4988724425~1 1
313955552~4988724425~1 313955552 1
313956121 313956123 1
313956123 313956121 1
313956121 340109681 1
340109681 313956121 1
313956121 340115380 1
340115380 313956121 1
313956123 313956125 1
313956125 313956123 1
313956123 313956123~340110020~1 1
313956123~340110020~1 313956123 1
313956125 340109667 1
340109667 313956125 1
313956125 340109680 1
340109680 313956125 1
313956125 340109716 1
340109716 313956125 1
313956127 340109127 1
340109127 313956127 1
313956127 340109716 1
340109716 313956127 1
323080921 323082009 1
323082009 323080921 1
323080921 283441458~323080921~1 1
283441458~323080921~1 323080921 1
323081418 323081420 1
323081420 323081418 1
323081418 1387597819 1
1387597819 323081418 1
323081420 3786252485 1
3786252485 323081420 1
323081423 5907348033 1
5907348033 323081423 1
323081423 313953396~323081423~1 1
313953396~323081423~1 323081423 1
323081430 340102387 1
340102387 323081430 1
323081430 2125827844 1
2125827844 323081430 1
323081430 2125827845~323081430~1 1
2125827845~323081430~1 323081430 1
323081430 323081430~339167845~1 1
323081430~339167845~1 323081430 1
323082007 323082007~323082009~1 1
323082007~323082009~1 323082007 1
323082009 323082007~323082009~1 1
323082007~323082009~1 323082009 1
339167281 3786340650 1
3786340650 339167281 1
339167281 11612244891 1
11612244891 339167281 1
339167338 339167788 1
339167788 339167338 1
339167338 1387990242 1
1387990242 339167338 1
339167338 9866170608 1
9866170608 339167338 1
339167774 339167775 1
339167775 339167774 1
339167774 339167789 1
339167789 339167774 1
339167774 340100944 1
340100944 339167774 1
339167775 339169657 1
339169657 339167775 1
339167775 339169659 1
339169659 339167775 1
339167775 339171049 1
339171049 339167775 1
339167776 339167777 1
339167777 339167776 1
339167776 339171049 1
339171049 339167776 1
339167776 2993361171 1
2993361171 339167776 1
339167777 339167791 1
339167791 339167777 1
339167777 339169889 1
339169889 339167777 1
339167788 339167842 1
339167842 339167788 1
339167789 339167843 1
339167843 339167789 1
339167789 340100963 1
340100963 339167789 1
339167791 339169887 1
339169887 339167791 1
339167791 2993361171 1
2993361171 339167791 1
339167841 339167842 1
339167842 339167841 1
339167841 1387990242~339167841~1 1
1387990242~339167841~1 339167841 1
339167841 1387990247~339167841~3 1
1387990247~339167841~3 339167841 1
339167842 1073509814 1
1073509814 339167842 1
339167842 1073509659~339167842~1 1
1073509659~339167842~1 339167842 1
339167843 339169282 1
339169282 339167843 1
339167843 340100977 1
340100977 339167843 1
339167843 340350323 1
340350323 339167843 1
339167845 339170070 1
339170070 339167845 1
339167845 340350201 1
340350201 339167845 1
339167845 323081430~339167845~1 1
323081430~339167845~1 339167845 1
339167868 339168044 1
339168044 339167868 1
339167868 339169282 1
339169282 339167868 1
339167868 340101047 1
340101047 339167868 1
339167868 340350321 1
340350321 339167868 1
339167870 339168045 1
339168045 339167870 1
339167870 339169886 1
339169886 339167870 1
339167870 339171052 1
339171052 339167870 1
339167870 340350391 1
340350391 339167870 1
339167871 339170187 1
339170187 339167871 1
339167871 340113423 1
340113423 339167871 1
339167871 340350201 1
340350201 339167871 1
339168044 339169856 1
339169856 339168044 1
339168044 340101005 1
340101005 339168044 1
339168044 340350320 1
340350320 339168044 1
339168045 339168046 1
339168046 339168045 1
339168045 340350390 1
340350390 339168045 1
339168045 3788494642 1
3788494642 339168045 1
339168046 339169885 1
339169885 339168046 1
339168046 339169886 1
339169886 339168046 1
339168169 340350390 1
340350390 339168169 1
339168169 3786280111 1
3786280111 339168169 1
339168169 3788494642 1
3788494642 339168169 1
339168170 339169999 1
339169999 339168170 1
339168170 339170343 1
339170343 339168170 1
339168170 340113423 1
340113423 339168170 1
339168170 340350230 1
340350230 339168170 1
339168171 340112978 1
340112978 339168171 1
339168171 340113583 1
340113583 339168171 1
339168171 3786267578 1
3786267578 339168171 1
339168171 339168171~340110740~1 1
339168171~340110740~1 339168171 1
339169033 3786173926 1
3786173926 339169033 1
339169033 3786762084 1
3786762084 339169033 1
339169033 8042519004 1
8042519004 339169033 1
339169246 339169737 1
339169737 339169246 1
339169246 340110748 1
340110748 339169246 1
339169246 340110749 1
340110749 339169246 1
339169246 340111850 1
340111850 339169246 1
339169251 339169252 1
339169252 339169251 1
339169251 339169666 1
339169666 339169251 1
339169251 339169743 1
339169743 339169251 1
339169251 339169846 1
339169846 339169251 1
339169252 339169866 1
339169866 339169252 1
339169252 339169867 1
339169867 339169252 1
339169252 339169872 1
339169872 339169252 1
339169282 340101028 1
340101028 339169282 1
339169282 340350322 1
340350322 339169282 1
339169283 339169661 1
339169661 339169283 1
339169283 339171051 1
339171051 339169283 1
339169283 339171052 1
339171052 339169283 1
339169657 3786343767 1
3786343767 339169657 1
339169659 339169661 1
339169661 339169659 1
339169659 339171051 1
339171051 339169659 1
339169659 340350323 1
340350323 339169659 1
339169661 339169663 1
339169663 339169661 1
339169661 340350322 1
340350322 339169661 1
339169663 339169664 1
339169664 339169663 1
339169663 339171052 1
339171052 339169663 1
339169663 340350321 1
340350321 339169663 1
339169664 339169857 1
339169857 339169664 1
339169664 340350320 1
340350320 339169664 1
339169664 3788494642 1
3788494642 339169664 1
339169666 339169797 1
339169797 339169666 1
339169666 339171055 1
339171055 339169666 1
339169703 339169704 1
339169704 339169703 1
339169703 340116566 1
340116566 339169703 1
339169703 1339606582 1
1339606582 339169703 1
339169703 3786267585 1
3786267585 339169703 1
339169704 339169706 1
339169706 339169704 1
339169704 340116565 1
340116565 339169704 1
339169706 339169737 1
339169737 339169706 1
339169706 340111813 1
340111813 339169706 1
339169727 2997092807 1
2997092807 339169727 1
339169727 3788168603 1
3788168603 339169727 1
339169727 5907348056 1
5907348056 339169727 1
339169737 340111569 1
340111569 339169737 1
339169737 339169737~340116756~1 1
339169737~340116756~1 339169737 1
339169743 339169856 1
339169856 339169743 1
339169743 340350317 1
340350317 339169743 1
339169797 340350317 1
340350317 339169797 1
339169797 3786280112 1
3786280112 339169797 1
339169845 339169846 1
339169846 339169845 1
339169845 1437159568 1
1437159568 339169845 1
339169845 339169845~339169855~1 1
339169845~339169855~1 339169845 1
339169846 340101380 1
340101380 339169846 1
339169855 339169856 1
339169856 339169855 1
339169855 340101005 1
340101005 339169855 1
339169855 339169845~339169855~1 1
339169845~339169855~1 339169855 1
339169856 340350319 1
340350319 339169856 1
339169857 340350319 1
340350319 339169857 1
339169857 3786280112 1
3786280112 339169857 1
339169864 339169920 1
339169920 339169864 1
339169864 339170642 1
339170642 339169864 1
339169864 340101381 1
340101381 339169864 1
339169866 339169872 1
339169872 339169866 1
339169866 339169920 1
339169920 339169866 1
339169867 339171055 1
339171055 339169867 1
339169867 340350327 1
340350327 339169867 1
339169872 339169881 1
339169881 339169872 1
339169872 339169919 1
339169919 339169872 1
339169881 339169918 1
339169918 339169881 1
339169881 340350327 1
340350327 339169881 1
339169881 339169881~339169885~1 1
339169881~339169885~1 339169881 1
339169885 339169914 1
339169914 339169885 1
339169885 340350390 1
340350390 339169885 1
339169885 339169881~339169885~1 1
339169881~339169885~1 339169885 1
339169886 339169913 1
339169913 339169886 1
339169886 339169886~339169887~1 1
339169886~339169887~1 339169886 1
339169887 339169891 1
339169891 339169887 1
339169887 340350391 1
340350391 339169887 1
339169887 339169886~339169887~1 1
339169886~339169887~1 339169887 1
339169889 339169889~3786343767~1 1
339169889~3786343767~1 339169889 1
339169890 2125827844 1
2125827844 339169890 1
339169890 339169890~339169891~1 1
339169890~339169891~1 339169890 1
339169891 339170070 1
339170070 339169891 1
339169891 339169890~339169891~1 1
339169890~339169891~1 339169891 1
339169891 339169891~339169913~1 1
339169891~339169913~1 339169891 1
339169913 339170187 1
339170187 339169913 1
339169913 6286592865 1
6286592865 339169913 1
339169913 339169891~339169913~1 1
339169891~339169913~1 339169913 1
339169914 339170343 1
339170343 339169914 1
339169914 6286592865 1
6286592865 339169914 1
339169914 339169914~339169918~1 1
339169914~339169918~1 339169914 1
339169918 339169919 1
339169919 339169918 1
339169918 339170429 1
339170429 339169918 1
339169918 339169914~339169918~1 1
339169914~339169918~1 339169918 1
339169919 339169920 1
339169920 339169919 1
339169919 339170642 1
339170642 339169919 1
339169995 2125827845 1
2125827845 339169995 1
339169995 5907348039 1
5907348039 339169995 1
339169999 340350231 1
340350231 339169999 1
339170000 340116566 1
340116566 339170000 1
339170000 340350231 1
340350231 339170000 1
339170000 3786267577 1
3786267577 339170000 1
339170000 339170000~340112759~1 1
339170000~340112759~1 339170000 1
339170070 2125827844~339170070~1 1
2125827844~339170070~1 339170070 1
339170070 339170070~339170187~1 1
339170070~339170187~1 339170070 1
339170187 6286592864 1
6286592864 339170187 1
339170187 339170070~339170187~1 1
339170070~339170187~1 339170187 1
339170343 6286592864 1
6286592864 339170343 1
339170343 339170343~339170429~1 1
339170343~339170429~1 339170343 1
339170429 339170642 1
339170642 339170429 1
339170429 1339606582 1
1339606582 339170429 1
339170429 339170343~339170429~1 1
339170343~339170429~1 339170429 1
339170642 339170684 1
339170684 339170642 1
339170684 340110748 1
340110748 339170684 1
339170684 3786267586 1
3786267586 339170684 1
339170684 3786762084 1
3786762084 339170684 1
339171049 339171051 1
339171051 339171049 1
339171049 3786343767 1
3786343767 339171049 1
339171051 340350391 1
340350391 339171051 1
339171052 3788494642 1
3788494642 339171052 1
339171055 3786280111 1
3786280111 339171055 1
339171075 339171090 1
339171090 339171075 1
339171075 340100824 1
340100824 339171075 1
339171075 5907348040 1
5907348040 339171075 1
339171090 3786343766 1
3786343766 339171090 1
340098594 283383420~340098594~2 1
283383420~340098594~2 340098594 1
340100824 6512355011 1
6512355011 340100824 1
340100885 3786340650 1
3786340650 340100885 1
340100885 6512355011 1
6512355011 340100885 1
340100944 340100963 1
340100963 340100944 1
340100944 1073509567 1
1073509567 340100944 1
340100944 3786340650 1
3786340650 340100944 1
340100963 340100977 1
340100977 340100963 1
340100977 340101028 1
340101028 340100977 1
340100977 1073509814 1
1073509814 340100977 1
340101005 340101047 1
340101047 340101005 1
340101005 1073509825~340101005~1 1
1073509825~340101005~1 340101005 1
340101028 340101047 1
340101047 340101028 1
340101028 313955361~340101028~1 1
313955361~340101028~1 340101028 1
340101047 1073509852~340101047~1 1
1073509852~340101047~1 340101047 1
340101380 340101381 1
340101381 340101380 1
340101380 6361165669 1
6361165669 340101380 1
340101381 5357968956 1
5357968956 340101381 1
340101799 340111834 1
340111834 340101799 1
340101799 340117470 1
340117470 340101799 1
340101799 2997092807 1
2997092807 340101799 1
340101799 3786173927 1
3786173927 340101799 1
340101806 2047609509 1
2047609509 340101806 1
340101806 2047609596 1
2047609596 340101806 1
340101806 4945979490 1
4945979490 340101806 1
340101806 340101806~340119977~1 1
340101806~340119977~1 340101806 1
340101814 340118771 1
340118771 340101814 1
340101814 340119165 1
340119165 340101814 1
340101814 2047609579~340101814~1 1
2047609579~340101814~1 340101814 1
340101817 340118808 1
340118808 340101817 1
340101817 340119339 1
340119339 340101817 1
340101817 340119699 1
340119699 340101817 1
340101817 9374904686 1
9374904686 340101817 1
340101820 340119669 1
340119669 340101820 1
340101820 3755114965 1
3755114965 340101820 1
340101820 5794600347 1
5794600347 340101820 1
340102302 2125827845 1
2125827845 340102302 1
340102302 10760521734 1
10760521734 340102302 1
340102302 340102302~340102387~1 1
340102302~340102387~1 340102302 1
340102387 340102475 1
340102475 340102387 1
340102387 340102302~340102387~1 1
340102302~340102387~1 340102387 1
340102413 10760521737 1
10760521737 340102413 1
340102413 340102413~340102475~1 1
340102413~340102475~1 340102413 1
340102475 340102413~340102475~1 1
340102413~340102475~1 340102475 1
340103451 340103604 1
340103604 340103451 1
340103451 340103451~340105854~1 1
340103451~340105854~1 340103451 1
340103451 340103451~6328067642~1 1
340103451~6328067642~1 340103451 1
340103453 340105823 1
340105823 340103453 1
340103489 2047609842 1
2047609842 340103489 1
340103489 2047609850 1
2047609850 340103489 1
340103489 340103489~340105854~1 1
340103489~340105854~1 340103489 1
340103592 340105859 1
340105859 340103592 1
340103604 340105774 1
340105774 340103604 1
340103604 340105891 1
340105891 340103604 1
340103604 340105916 1
340105916 340103604 1
340103719 340103737 1
340103737 340103719 1
340103719 1387667621 1
1387667621 340103719 1
340103719 340103719~340105945~1 1
340103719~340105945~1 340103719 1
340103719 340103719~6328067665~1 1
340103719~6328067665~1 340103719 1
340103737 340103750 1
340103750 340103737 1
340103737 340103797 1
340103797 340103737 1
340103797 340103842 1
340103842 340103797 1
340103797 340103797~6328067666~1 1
340103797~6328067666~1 340103797 1
340103840 340103842 1
340103842 340103840 1
340103842 340103948 1
340103948 340103842 1
340103842 340105549 1
340105549 340103842 1
340103896 340105694 1
340105694 340103896 1
340103896 2047609454 1
2047609454 340103896 1
340103896 11386841095 1
11386841095 340103896 1
340103948 340103964 1
340103964 340103948 1
340103948 340105038 1
340105038 340103948 1
340104012 340104557 1
340104557 340104012 1
340104012 2047609436 1
2047609436 340104012 1
340104012 2047609647 1
2047609647 340104012 1
340104079 340104333 1
340104333 340104079 1
340104079 2047609346 1
2047609346 340104079 1
340104079 3796207224 1
3796207224 340104079 1
340104079 340104079~340104215~1 1
340104079~340104215~1 340104079 1
340104215 340104224 1
340104224 340104215 1
340104215 340104079~340104215~1 1
340104079~340104215~1 340104215 1
340104224 8777612900 1
8777612900 340104224 1
340104333 340104338 1
340104338 340104333 1
340104333 340104333~8777651517~1 1
340104333~8777651517~1 340104333 1
340104338 8777651517 1
8777651517 340104338 1
340104342 340104893 1
340104893 340104342 1
340104557 340104569 1
340104569 340104557 1
340104569 340104609 1
340104609 340104569 1
340104609 340104661 1
340104661 340104609 1
340104609 340104727 1
340104727 340104609 1
340104609 5019922530 1
5019922530 340104609 1
340104661 340104727 1
340104727 340104661 1
340104661 5019922534 1
5019922534 340104661 1
340104727 8773559294 1
8773559294 340104727 1
340104889 6304568592 1
6304568592 340104889 1
340104889 8777651518 1
8777651518 340104889 1
340104889 340104889~340104893~1 1
340104889~340104893~1 340104889 1
340104893 8777651518 1
8777651518 340104893 1
340104893 340104889~340104893~1 1
340104889~340104893~1 340104893 1
340105038 3793647352 1
3793647352 340105038 1
340105038 340105038~340105097~1 1
340105038~340105097~1 340105038 1
340105097 340105100 1
340105100 340105097 1
340105097 340105211 1
340105211 340105097 1
340105097 340105038~340105097~1 1
340105038~340105097~1 340105097 1
340105362 1387667626 1
1387667626 340105362 1
340105362 2047609342 1
2047609342 340105362 1
340105362 2047609351 1
2047609351 340105362 1
340105549 340105553 1
340105553 340105549 1
340105553 1387667626 1
1387667626 340105553 1
340105590 1387667626 1
1387667626 340105590 1
340105593 1387667626 1
1387667626 340105593 1
340105619 1387667621 1
1387667621 340105619 1
340105630 340105632 1
340105632 340105630 1
340105630 340105660 1
340105660 340105630 1
340105630 1387667621 1
1387667621 340105630 1
340105660 340105669 1
340105669 340105660 1
340105660 340105673 1
340105673 340105660 1
340105660 5070508559 1
5070508559 340105660 1
340105673 340105675 1
340105675 340105673 1
340105673 11386841095 1
11386841095 340105673 1
340105677 11386841095 1
11386841095 340105677 1
340105696 2047609454 1
2047609454 340105696 1
340105698 340105713 1
340105713 340105698 1
340105698 340105934 1
340105934 340105698 1
340105698 340105945 1
340105945 340105698 1
340105712 340105713 1
340105713 340105712 1
340105713 340105714 1
340105714 340105713 1
340105713 340105719 1
340105719 340105713 1
340105714 340105719 1
340105719 340105714 1
340105714 11386841094 1
11386841094 340105714 1
340105719 340105742 1
340105742 340105719 1
340105719 340105763 1
340105763 340105719 1
340105762 340105763 1
340105763 340105762 1
340105763 340105764 1
340105764 340105763 1
340105763 11386841093~340105763~1 1
11386841093~340105763~1 340105763 1
340105774 340105820 1
340105820 340105774 1
340105774 340105833 1
340105833 340105774 1
340105820 340105823 1
340105823 340105820 1
340105820 340105833 1
340105833 340105820 1
340105823 340105833 1
340105833 340105823 1
340105839 340105891 1
340105891 340105839 1
340105839 2047609557 1
2047609557 340105839 1
340105839 340105839~340105859~1 1
340105839~340105859~1 340105839 1
340105852 2047609557 1
2047609557 340105852 1
340105854 1387667623 1
1387667623 340105854 1
340105854 340103451~340105854~2 1
340103451~340105854~2 340105854 1
340105854 340103489~340105854~1 1
340103489~340105854~1 340105854 1
340105859 340106045 1
340106045 340105859 1
340105859 1387667623 1
1387667623 340105859 1
340105859 340105839~340105859~1 1
340105839~340105859~1 340105859 1
340105874 1387667623 1
1387667623 340105874 1
340105889 340105891 1
340105891 340105889 1
340105914 340105916 1
340105916 340105914 1
340105916 340105934 1
340105934 340105916 1
340105934 340105936 1
340105936 340105934 1
340105945 340105959 1
340105959 340105945 1
340105945 340103719~340105945~1 1
340103719~340105945~1 340105945 1
340105988 340105989 1
340105989 340105988 1
340105988 340106029 1
340106029 340105988 1
340105988 4989806060 1
4989806060 340105988 1
340105989 340106045 1
340106045 340105989 1
340105989 2047609682 1
2047609682 340105989 1
340106045 340106056 1
340106056 340106045 1
340106056 340106182 1
340106182 340106056 1
340106056 340106056~340106058~1 1
340106056~340106058~1 340106056 1
340106058 340106056~340106058~1 1
340106056~340106058~1 340106058 1
340106205 1854843005 1
1854843005 340106205 1
340106205 1854843029 1
1854843029 340106205 1
340106205 5907348015 1
5907348015 340106205 1
340106205 11010815590 1
11010815590 340106205 1
340106268 340106311 1
340106311 340106268 1
340106268 5907348020 1
5907348020 340106268 1
340106309 5794601768 1
5794601768 340106309 1
340106309 11010815589 1
11010815589 340106309 1
340106311 340106383 1
340106383 340106311 1
340106311 340106311~340106632~1 1
340106311~340106632~1 340106311 1
340106380 340106447 1
340106447 340106380 1
340106380 5794601768 1
5794601768 340106380 1
340106383 340106902 1
340106902 340106383 1
340106383 2995253612 1
2995253612 340106383 1
340106383 340106383~340106633~1 1
340106383~340106633~1 340106383 1
340106385 340106449 1
340106449 340106385 1
340106385 2995253612 1
2995253612 340106385 1
340106385 2995253611~340106385~1 1
2995253611~340106385~1 340106385 1
340106447 340106576 1
340106576 340106447 1
340106449 340106902 1
340106902 340106449 1
340106449 2799958453 1
2799958453 340106449 1
340106530 340106630 1
340106630 340106530 1
340106530 5353539612 1
5353539612 340106530 1
340106530 313954082~340106530~1 1
313954082~340106530~1 340106530 1
340106556 340106576 1
340106576 340106556 1
340106556 340106684 1
340106684 340106556 1
340106556 6329495859 1
6329495859 340106556 1
340106576 340107453 1
340107453 340106576 1
340106576 5794601766 1
5794601766 340106576 1
340106630 340106632 1
340106632 340106630 1
340106630 4992939633 1
4992939633 340106630 1
340106630 5907348020 1
5907348020 340106630 1
340106632 340106633 1
340106633 340106632 1
340106632 340106311~340106632~1 1
340106311~340106632~1 340106632 1
340106633 340106635 1
340106635 340106633 1
340106633 340106383~340106633~1 1
340106383~340106633~1 340106633 1
340106635 340106684 1
340106684 340106635 1
340106635 340106635~340106902~1 1
340106635~340106902~1 340106635 1
340106636 340107216 1
340107216 340106636 1
340106636 2995253614 1
2995253614 340106636 1
340106684 3794646410 1
3794646410 340106684 1
340106750 340107360 1
340107360 340106750 1
340106750 6329495859 1
6329495859 340106750 1
340106750 6329495860 1
6329495860 340106750 1
340106807 340106809 1
340106809 340106807 1
340106807 3794646410 1
3794646410 340106807 1
340106807 6329495859 1
6329495859 340106807 1
340106809 340107211 1
340107211 340106809 1
340106809 2995253614 1
2995253614 340106809 1
340106817 340107308 1
340107308 340106817 1
340106817 2799958453 1
2799958453 340106817 1
340106817 340106817~340107324~1 1
340106817~340107324~1 340106817 1
340106825 5907348021 1
5907348021 340106825 1
340106825 11014103623 1
11014103623 340106825 1
340106825 340106825~340106852~1 1
340106825~340106852~1 340106825 1
340106826 340107205 1
340107205 340106826 1
340106826 340107236 1
340107236 340106826 1
340106826 340106826~340106856~1 1
340106826~340106856~1 340106826 1
340106852 340106861 1
340106861 340106852 1
340106852 12067443659 1
12067443659 340106852 1
340106852 340106825~340106852~2 1
340106825~340106852~2 340106852 1
340106854 340107142 1
340107142 340106854 1
340106854 340107199 1
340107199 340106854 1
340106854 340107324 1
340107324 340106854 1
340106856 340107199 1
340107199 340106856 1
340106856 340107289 1
340107289 340106856 1
340106856 3787776423 1
3787776423 340106856 1
340106856 340106826~340106856~1 1
340106826~340106856~1 340106856 1
340106858 340107289 1
340107289 340106858 1
340106858 313953921~340106858~1 1
313953921~340106858~1 340106858 1
340106860 340106875 1
340106875 340106860 1
340106860 5907348021 1
5907348021 340106860 1
340106860 12067443659 1
12067443659 340106860 1
340106861 340106869 1
340106869 340106861 1
340106861 340106861~340106875~1 1
340106861~340106875~1 340106861 1
340106869 340107083 1
340107083 340106869 1
340106869 340106869~340106870~1 1
340106869~340106870~1 340106869 1
340106870 340106875 1
340106875 340106870 1
340106870 340107092 1
340107092 340106870 1
340106870 340106869~340106870~1 1
340106869~340106870~1 340106870 1
340106875 340106861~340106875~1 1
340106861~340106875~1 340106875 1
340106902 340107005 1
340107005 340106902 1
340106902 340106635~340106902~1 1
340106635~340106902~1 340106902 1
340106944 340107308 1
340107308 340106944 1
340106944 5907348013 1
5907348013 340106944 1
340106944 11014103633 1
11014103633 340106944 1
340106944 12068984214 1
12068984214 340106944 1
340107005 2799958453 1
2799958453 340107005 1
340107005 5907348013 1
5907348013 340107005 1
340107083 340107117 1
340107117 340107083 1
340107083 340107083~340107092~1 1
340107083~340107092~1 340107083 1
340107092 340107130 1
340107130 340107092 1
340107092 340107083~340107092~1 1
340107083~340107092~1 340107092 1
340107117 340107142 1
340107142 340107117 1
340107117 340107117~340107130~1 1
340107117~340107130~1 340107117 1
340107130 340107155 1
340107155 340107130 1
340107130 340107117~340107130~1 1
340107117~340107130~1 340107130 1
340107142 340107142~340107155~1 1
340107142~340107155~1 340107142 1
340107155 340107205 1
340107205 340107155 1
340107155 340107142~340107155~1 1
340107142~340107155~1 340107155 1
340107199 340107199~340107205~1 1
340107199~340107205~1 340107199 1
340107205 340107199~340107205~1 1
340107199~340107205~1 340107205 1
340107211 2995253613 1
2995253613 340107211 1
340107211 11014103633 1
11014103633 340107211 1
340107216 340107219 1
340107219 340107216 1
340107216 11014103634 1
11014103634 340107216 1
340107218 2995253613 1
2995253613 340107218 1
340107218 11014103633 1
11014103633 340107218 1
340107218 11014103635 1
11014103635 340107218 1
340107219 340107230 1
340107230 340107219 1
340107219 11014103635 1
11014103635 340107219 1
340107230 12068984214 1
12068984214 340107230 1
340107236 340107301 1
340107301 340107236 1
340107236 3794520988 1
3794520988 340107236 1
340107289 340107289~8049066733~1 1
340107289~8049066733~1 340107289 1
340107301 340108393 1
340108393 340107301 1
340107301 8049066733 1
8049066733 340107301 1
340107308 3794537699 1
3794537699 340107308 1
340107324 3794537699 1
3794537699 340107324 1
340107324 340106817~340107324~1 1
340106817~340107324~1 340107324 1
340107360 340107453 1
340107453 340107360 1
340107360 340107360~340107588~1 1
340107360~340107588~1 340107360 1
340107387 340107456 1
340107456 340107387 1
340107387 340107588 1
340107588 340107387 1
340107387 340107753 1
340107753 340107387 1
340107453 340107462 1
340107462 340107453 1
340107453 340107453~340107589~1 1
340107453~340107589~1 340107453 1
340107456 340107519 1
340107519 340107456 1
340107456 340107589 1
340107589 340107456 1
340107462 5794601763 1
5794601763 340107462 1
340107462 340107462~340107590~1 1
340107462~340107590~1 340107462 1
340107519 340107590 1
340107590 340107519 1
340107519 340107798 1
340107798 340107519 1
340107534 340107588 1
340107588 340107534 1
340107588 340107589 1
340107589 340107588 1
340107588 340107360~340107588~1 1
340107360~340107588~1 340107588 1
340107589 340107590 1
340107590 340107589 1
340107589 340107453~340107589~1 1
340107453~340107589~1 340107589 1
340107590 340107833 1
340107833 340107590 1
340107590 340107462~340107590~1 1
340107462~340107590~1 340107590 1
340107591 1854843012 1
1854843012 340107591 1
340107591 5794601762 1
5794601762 340107591 1
340107591 340107591~7696316274~1 1
340107591~7696316274~1 340107591 1
340107716 340107721 1
340107721 340107716 1
340107716 5794601762 1
5794601762 340107716 1
340107716 340107716~340107798~1 1
340107716~340107798~1 340107716 1
340107721 340107833 1
340107833 340107721 1
340107721 1854842965~340107721~1 1
1854842965~340107721~1 340107721 1
340107753 340107757 1
340107757 340107753 1
340107757 5809720294 1
5809720294 340107757 1
340107757 9057112453 1
9057112453 340107757 1
340107798 340107833 1
340107833 340107798 1
340107798 340107716~340107798~1 1
340107716~340107798~1 340107798 1
340107909 313954094~340107909~2 1
313954094~340107909~2 340107909 1
340107918 340107922 1
340107922 340107918 1
340107918 2047609259~340107918~1 1
2047609259~340107918~1 340107918 1
340107918 340107918~5809720294~1 1
340107918~5809720294~1 340107918 1
340107922 340108209 1
340108209 340107922 1
340107922 340108567 1
340108567 340107922 1
340107922 340108658 1
340108658 340107922 1
340107945 340108355 1
340108355 340107945 1
340107945 340108393 1
340108393 340107945 1
340107945 340108662 1
340108662 340107945 1
340107945 3786717874 1
3786717874 340107945 1
340108209 5809720307 1
5809720307 340108209 1
340108209 340108209~340108217~1 1
340108209~340108217~1 340108209 1
340108217 5062936437 1
5062936437 340108217 1
340108217 340108209~340108217~1 1
340108209~340108217~1 340108217 1
340108217 340108217~340108225~1 1
340108217~340108225~1 340108217 1
340108225 340108227 1
340108227 340108225 1
340108225 5907348011 1
5907348011 340108225 1
340108225 340108217~340108225~1 1
340108217~340108225~1 340108225 1
340108227 1437159574 1
1437159574 340108227 1
340108227 3787782453 1
3787782453 340108227 1
340108229 340108351 1
340108351 340108229 1
340108229 340109497 1
340109497 340108229 1
340108229 5907348005 1
5907348005 340108229 1
340108231 340108777 1
340108777 340108231 1
340108231 340109540 1
340109540 340108231 1
340108231 340109542 1
340109542 340108231 1
340108351 340108352 1
340108352 340108351 1
340108351 340109549 1
340109549 340108351 1
340108352 340108355 1
340108355 340108352 1
340108352 3786717874 1
3786717874 340108352 1
340108355 340108357 1
340108357 340108355 1
340108355 340109499 1
340109499 340108355 1
340108357 340108359 1
340108359 340108357 1
340108357 340108387 1
340108387 340108357 1
340108359 340109305 1
340109305 340108359 1
340108359 340109460 1
340109460 340108359 1
340108361 340109211 1
340109211 340108361 1
340108386 340108386~340108562~1 1
340108386~340108562~1 340108386 1
340108387 340108477 1
340108477 340108387 1
340108387 340108387~340108562~1 1
340108387~340108562~1 340108387 1
340108393 340108477 1
340108477 340108393 1
340108475 5907348022 1
5907348022 340108475 1
340108476 340108562 1
340108562 340108476 1
340108476 2591512843 1
2591512843 340108476 1
340108476 2591515501 1
2591515501 340108476 1
340108477 3794520988 1
3794520988 340108477 1
340108562 340108563 1
340108563 340108562 1
340108562 340108386~340108562~1 1
340108386~340108562~1 340108562 1
340108562 340108387~340108562~1 1
340108387~340108562~1 340108562 1
340108563 340109199 1
340109199 340108563 1
340108563 340109226 1
340109226 340108563 1
340108567 340108590 1
340108590 340108567 1
340108590 340108658 1
340108658 340108590 1
340108590 340108590~340108616~1 1
340108590~340108616~1 340108590 1
340108594 340108616 1
340108616 340108594 1
340108594 3787782453 1
3787782453 340108594 1
340108594 340108594~340108658~1 1
340108594~340108658~1 340108594 1
340108616 340108590~340108616~1 1
340108590~340108616~1 340108616 1
340108658 340108594~340108658~2 1
340108594~340108658~2 340108658 1
340108662 3786717874 1
3786717874 340108662 1
340108662 3787782453 1
3787782453 340108662 1
340108775 340109213 1
340109213 340108775 1
340108776 340108777 1
340108777 340108776 1
340108776 340109527 1
340109527 340108776 1
340108776 340109549 1
340109549 340108776 1
340108776 3787776399 1
3787776399 340108776 1
340108777 340109497 1
340109497 340108777 1
340108864 11016162519 1
11016162519 340108864 1
340108866 340109035 1
340109035 340108866 1
340108866 340109355 1
340109355 340108866 1
340108866 11016162519 1
11016162519 340108866 1
340108869 340109592 1
340109592 340108869 1
340108869 340109652 1
340109652 340108869 1
340109035 340109122 1
340109122 340109035 1
340109035 5907348024 1
5907348024 340109035 1
340109040 340109172 1
340109172 340109040 1
340109040 340109040~340109122~1 1
340109040~340109122~1 340109040 1
340109040 340109040~5907348024~1 1
340109040~5907348024~1 340109040 1
340109041 340109154 1
340109154 340109041 1
340109041 340109158 1
340109158 340109041 1
340109041 340109172 1
340109172 340109041 1
340109122 340109176 1
340109176 340109122 1
340109122 340109040~340109122~1 1
340109040~340109122~1 340109122 1
340109123 340109176 1
340109176 340109123 1
340109123 340109338 1
340109338 340109123 1
340109123 340109123~340109172~1 1
340109123~340109172~1 340109123 1
340109124 340109125 1
340109125 340109124 1
340109124 340109154 1
340109154 340109124 1
340109124 340109463 1
340109463 340109124 1
340109125 3794481812 1
3794481812 340109125 1
340109125 11016162528 1
11016162528 340109125 1
340109127 340109602 1
340109602 340109127 1
340109158 340109338 1
340109338 340109158 1
340109158 340109463 1
340109463 340109158 1
340109172 340109123~340109172~1 1
340109123~340109172~1 340109172 1
340109176 340109177 1
340109177 340109176 1
340109177 340109318 1
340109318 340109177 1
340109177 340109355 1
340109355 340109177 1
340109177 340109177~340109198~1 1
340109177~340109198~1 340109177 1
340109198 340109293 1
340109293 340109198 1
340109198 340109327 1
340109327 340109198 1
340109198 340109339 1
340109339 340109198 1
340109198 340109177~340109198~1 1
340109177~340109198~1 340109198 1
340109199 340109293 1
340109293 340109199 1
340109199 340109305 1
340109305 340109199 1
340109211 340109226 1
340109226 340109211 1
340109211 11016103503 1
11016103503 340109211 1
340109213 340109233 1
340109233 340109213 1
340109213 11016103503 1
11016103503 340109213 1
340109226 340109267 1
340109267 340109226 1
340109233 340109267 1
340109267 340109233 1
340109233 340109339 1
340109339 340109233 1
340109267 340109293 1
340109293 340109267 1
340109305 340109327 1
340109327 340109305 1
340109318 340109338 1
340109338 340109318 1
340109318 340109462 1
340109462 340109318 1
340109318 340109318~340109327~1 1
340109318~340109327~1 340109318 1
340109327 340109461 1
340109461 340109327 1
340109327 340109318~340109327~1 1
340109318~340109327~1 340109327 1
340109339 340109427 1
340109427 340109339 1
340109355 340109407 1
340109407 340109355 1
340109406 340109407 1
340109407 340109406 1
340109407 340109427 1
340109427 340109407 1
340109426 340109426~340109427~1 1
340109426~340109427~1 340109426 1
340109427 340109431 1
340109431 340109427 1
340109427 340109426~340109427~1 1
340109426~340109427~1 340109427 1
340109460 340109461 1
340109461 340109460 1
340109460 340109499 1
340109499 340109460 1
340109461 340109504 1
340109504 340109461 1
340109461 3787776399 1
3787776399 340109461 1
340109462 340109463 1
340109463 340109462 1
340109462 340109529 1
340109529 340109462 1
340109462 3794481812 1
3794481812 340109462 1
340109497 340109549 1
340109549 340109497 1
340109499 340109549 1
340109549 340109499 1
340109499 3787776399 1
3787776399 340109499 1
340109504 340109529 1
340109529 340109504 1
340109527 340109540 1
340109540 340109527 1
340109540 340109566 1
340109566 340109540 1
340109540 2995254602 1
2995254602 340109540 1
340109542 340109652 1
340109652 340109542 1
340109542 340109666 1
340109666 340109542 1
340109566 340109590 1
340109590 340109566 1
340109590 2995254602 1
2995254602 340109590 1
340109592 340109602 1
340109602 340109592 1
340109592 2995254602 1
2995254602 340109592 1
340109652 340110019 1
340110019 340109652 1
340109666 340110018 1
340110018 340109666 1
340109667 340110020 1
340110020 340109667 1
340109671 340109721 1
340109721 340109671 1
340109680 340109721 1
340109721 340109680 1
340109680 340109680~340109681~1 1
340109680~340109681~1 340109680 1
340109681 340109707 1
340109707 340109681 1
340109681 340109680~340109681~1 1
340109680~340109681~1 340109681 1
340109707 283443417~340109707~1 1
283443417~340109707~1 340109707 1
340109716 340109721 1
340109721 340109716 1
340109721 340109727 1
340109727 340109721 1
340109727 340109782 1
340109782 340109727 1
340109782 3787765322 1
3787765322 340109782 1
340109831 340110286 1
340110286 340109831 1
340109831 340110308 1
340110308 340109831 1
340109831 283443335~340109831~2 1
283443335~340109831~2 340109831 1
340110018 5907348003 1
5907348003 340110018 1
340110018 6548806516 1
6548806516 340110018 1
340110019 5907347996 1
5907347996 340110019 1
340110019 5907348003 1
5907348003 340110019 1
340110020 5907347996 1
5907347996 340110020 1
340110020 313956123~340110020~1 1
313956123~340110020~1 340110020 1
340110126 340114581 1
340114581 340110126 1
340110126 2833068551 1
2833068551 340110126 1
340110126 3786252485 1
3786252485 340110126 1
340110132 340110151 1
340110151 340110132 1
340110132 340114579 1
340114579 340110132 1
340110151 340110152 1
340110152 340110151 1
340110151 340114581 1
340114581 340110151 1
340110152 340110159 1
340110159 340110152 1
340110152 340110194 1
340110194 340110152 1
340110159 2125827848 1
2125827848 340110159 1
340110174 2125827848~340110174~1 1
2125827848~340110174~1 340110174 1
340110194 340114583 1
340114583 340110194 1
340110194 2125827847 1
2125827847 340110194 1
340110214 2125827847 1
2125827847 340110214 1
340110220 340110253 1
340110253 340110220 1
340110229 340110310 1
340110310 340110229 1
340110229 5907348061 1
5907348061 340110229 1
340110229 9057112445 1
9057112445 340110229 1
340110253 340110308 1
340110308 340110253 1
340110253 9057112445 1
9057112445 340110253 1
340110254 340110286 1
340110286 340110254 1
340110254 9057112445 1
9057112445 340110254 1
340110254 340110254~340110289~1 1
340110254~340110289~1 340110254 1
340110286 340112715 1
340112715 340110286 1
340110289 340110310 1
340110310 340110289 1
340110289 340110254~340110289~1 1
340110254~340110289~1 340110289 1
340110737 340110740 1
340110740 340110737 1
340110737 340350196 1
340350196 340110737 1
340110737 340350229 1
340350229 340110737 1
340110737 4060906737 1
4060906737 340110737 1
340110740 340350230 1
340350230 340110740 1
340110740 3786267577 1
3786267577 340110740 1
340110740 339168171~340110740~1 1
339168171~340110740~1 340110740 1
340110748 340110749 1
340110749 340110748 1
340110748 3786267585 1
3786267585 340110748 1
340110749 340110750 1
340110750 340110749 1
340110749 340111858 1
340111858 340110749 1
340110749 3786762083 1
3786762083 340110749 1
340110750 340110751 1
340110751 340110750 1
340110750 340111866 1
340111866 340110750 1
340110750 3786173926 1
3786173926 340110750 1
340110751 11818372405 1
11818372405 340110751 1
340110751 340110751~340122416~1 1
340110751~340122416~1 340110751 1
340111569 340111680 1
340111680 340111569 1
340111569 340111850 1
340111850 340111569 1
340111680 340111858 1
340111858 340111680 1
340111680 340116759 1
340116759 340111680 1
340111680 3786173927 1
3786173927 340111680 1
340111684 340116759 1
340116759 340111684 1
340111684 340117161 1
340117161 340111684 1
340111684 340111684~340116882~1 1
340111684~340116882~1 340111684 1
340111803 340112759 1
340112759 340111803 1
340111803 340116564 1
340116564 340111803 1
340111803 5556973804 1
5556973804 340111803 1
340111807 340111813 1
340111813 340111807 1
340111807 340116564 1
340116564 340111807 1
340111807 340116658 1
340116658 340111807 1
340111813 340116658 1
340116658 340111813 1
340111823 340117497 1
340117497 340111823 1
340111823 11036159696 1
11036159696 340111823 1
340111823 340111823~340117530~1 1
340111823~340117530~1 340111823 1
340111825 4992941454 1
4992941454 340111825 1
340111825 5907348056 1
5907348056 340111825 1
340111825 11036159696 1
11036159696 340111825 1
340111834 340117164 1
340117164 340111834 1
340111834 3786173927 1
3786173927 340111834 1
340111850 340111858 1
340111858 340111850 1
340111858 340111866 1
340111866 340111858 1
340111866 340122356 1
340122356 340111866 1
340112715 340113504 1
340113504 340112715 1
340112715 2789196382~340112715~2 1
2789196382~340112715~2 340112715 1
340112715 311564256~340112715~1 1
311564256~340112715~1 340112715 1
340112759 3786267578 1
3786267578 340112759 1
340112759 339170000~340112759~1 1
339170000~340112759~1 340112759 1
340112976 340112978 1
340112978 340112976 1
340112976 340113026 1
340113026 340112976 1
340112976 5556973812 1
5556973812 340112976 1
340112976 340112976~3786553278~1 1
340112976~3786553278~1 340112976 1
340112978 340113594 1
340113594 340112978 1
340112978 340112978~340114730~1 1
340112978~340114730~1 340112978 1
340112980 340113504 1
340113504 340112980 1
340112980 340113670 1
340113670 340112980 1
340112980 340112980~340115417~1 1
340112980~340115417~1 340112980 1
340113025 340113026 1
340113026 340113025 1
340113025 340116563 1
340116563 340113025 1
340113025 3786173931 1
3786173931 340113025 1
340113026 340116563 1
340116563 340113026 1
340113026 5432095391 1
5432095391 340113026 1
340113423 340350229 1
340350229 340113423 1
340113469 340113594 1
340113594 340113469 1
340113469 340113670 1
340113670 340113469 1
340113469 3786264243 1
3786264243 340113469 1
340113469 340113469~340114728~1 1
340113469~340114728~1 340113469 1
340113470 340113630 1
340113630 340113470 1
340113470 340115846 1
340115846 340113470 1
340113470 340116007 1
340116007 340113470 1
340113470 340113470~340114738~1 1
340113470~340114738~1 340113470 1
340113472 340115609 1
340115609 340113472 1
340113472 340115713 1
340115713 340113472 1
340113472 340115715 1
340115715 340113472 1
340113476 340350196 1
340350196 340113476 1
340113476 4060906734 1
4060906734 340113476 1
340113504 340113667 1
340113667 340113504 1
340113504 340350203 1
340350203 340113504 1
340113583 340113594 1
340113594 340113583 1
340113583 3786264243 1
3786264243 340113583 1
340113594 340113594~340115450~1 1
340113594~340115450~1 340113594 1
340113630 340114739 1
340114739 340113630 1
340113630 340115496 1
340115496 340113630 1
340113667 340113670 1
340113670 340113667 1
340113667 3786264243 1
3786264243 340113667 1
340113670 340113670~340114727~1 1
340113670~340114727~1 340113670 1
340113752 340116195 1
340116195 340113752 1
340113752 340116348 1
340116348 340113752 1
340113752 340116379 1
340116379 340113752 1
340113752 340116394 1
340116394 340113752 1
340113756 340116372 1
340116372 340113756 1
340113756 340116394 1
340116394 340113756 1
340113756 5432095408 1
5432095408 340113756 1
340113761 340115532 1
340115532 340113761 1
340113761 2047609233 1
2047609233 340113761 1
340113761 10205760492 1
10205760492 340113761 1
340113761 282284469~340113761~2 1
282284469~340113761~2 340113761 1
340114261 340114263 1
340114263 340114261 1
340114263 340114275 1
340114275 340114263 1
340114263 5058415788 1
5058415788 340114263 1
340114266 340114275 1
340114275 340114266 1
340114266 340114295 1
340114295 340114266 1
340114266 340114266~340114472~1 1
340114266~340114472~1 340114266 1
340114275 340114286 1
340114286 340114275 1
340114295 340114472 1
340114472 340114295 1
340114472 340114266~340114472~1 1
340114266~340114472~1 340114472 1
340114579 340114581 1
340114581 340114579 1
340114579 2833068551 1
2833068551 340114579 1
340114579 3785399755 1
3785399755 340114579 1
340114581 340114583 1
340114583 340114581 1
340114583 340114586 1
340114586 340114583 1
340114583 3786252485 1
3786252485 340114583 1
340114586 2125827847 1
2125827847 340114586 1
340114586 3785399750 1
3785399750 340114586 1
340114727 340114728 1
340114728 340114727 1
340114727 340115417 1
340115417 340114727 1
340114727 340113670~340114727~1 1
340113670~340114727~1 340114727 1
340114728 340114738 1
340114738 340114728 1
340114728 340115450 1
340115450 340114728 1
340114728 340113469~340114728~1 1
340113469~340114728~1 340114728 1
340114730 340114740 1
340114740 340114730 1
340114730 340115450 1
340115450 340114730 1
340114730 3786553278 1
3786553278 340114730 1
340114730 340112978~340114730~1 1
340112978~340114730~1 340114730 1
340114737 340114738 1
340114738 340114737 1
340114737 1437159571 1
1437159571 340114737 1
340114737 1437159575~340114737~1 1
1437159575~340114737~1 340114737 1
340114738 340114739 1
340114739 340114738 1
340114738 340113470~340114738~1 1
340113470~340114738~1 340114738 1
340114739 340114740 1
340114740 340114739 1
340114740 340115496 1
340115496 340114740 1
340114740 340115512 1
340115512 340114740 1
340115320 340116520 1
340116520 340115320 1
340115320 3786247001 1
3786247001 340115320 1
340115320 340115320~340116310~1 1
340115320~340116310~1 340115320 1
340115380 10205760437 1
10205760437 340115380 1
340115380 282284462~340115380~3 1
282284462~340115380~3 340115380 1
340115417 5341931014 1
5341931014 340115417 1
340115417 340112980~340115417~1 1
340112980~340115417~1 340115417 1
340115450 340113594~340115450~1 1
340113594~340115450~1 340115450 1
340115496 340115510 1
340115510 340115496 1
340115510 340115511 1
340115511 340115510 1
340115510 340116206 1
340116206 340115510 1
340115511 340116403 1
340116403 340115511 1
340115511 2047609810 1
2047609810 340115511 1
340115512 340116396 1
340116396 340115512 1
340115512 340115512~340116403~1 1
340115512~340116403~1 340115512 1
340115532 340115769 1
340115769 340115532 1
340115532 340115532~6988538675~1 1
340115532~6988538675~1 340115532 1
340115533 340116206 1
340116206 340115533 1
340115533 340116340 1
340116340 340115533 1
340115533 340120037 1
340120037 340115533 1
340115534 340115582 1
340115582 340115534 1
340115534 340115609 1
340115609 340115534 1
340115534 340115534~340116340~1 1
340115534~340116340~1 340115534 1
340115572 340119969 1
340119969 340115572 1
340115572 5432095411 1
5432095411 340115572 1
340115572 340115572~340115587~1 1
340115572~340115587~1 340115572 1
340115581 340119925 1
340119925 340115581 1
340115581 340119931 1
340119931 340115581 1
340115581 340119977 1
340119977 340115581 1
340115582 340115587 1
340115587 340115582 1
340115582 340115715 1
340115715 340115582 1
340115587 10056327112 1
10056327112 340115587 1
340115587 340115572~340115587~1 1
340115572~340115587~1 340115587 1
340115587 340115587~340116310~1 1
340115587~340116310~1 340115587 1
340115599 340116357 1
340116357 340115599 1
340115599 340116372 1
340116372 340115599 1
340115599 2047609386 1
2047609386 340115599 1
340115609 340116380 1
340116380 340115609 1
340115609 5432095408 1
5432095408 340115609 1
340115711 340116372 1
340116372 340115711 1
340115711 2047609386 1
2047609386 340115711 1
340115711 10205760422 1
10205760422 340115711 1
340115713 6988538675 1
6988538675 340115713 1
340115713 10205760422 1
10205760422 340115713 1
340115715 3786185189 1
3786185189 340115715 1
340115769 340115771 1
340115771 340115769 1
340115769 6988538675 1
6988538675 340115769 1
340115771 2047609233~340115771~1 1
2047609233~340115771~1 340115771 1
340115771 2047609764~340115771~1 1
2047609764~340115771~1 340115771 1
340115846 340115848 1
340115848 340115846 1
340115846 340116004 1
340116004 340115846 1
340115846 11800741290 1
11800741290 340115846 1
340115848 340115984 1
340115984 340115848 1
340115848 10205760437 1
10205760437 340115848 1
340115984 340115988 1
340115988 340115984 1
340115984 340116004 1
340116004 340115984 1
340115988 340116195 1
340116195 340115988 1
340115988 340116348 1
340116348 340115988 1
340116004 340116348 1
340116348 340116004 1
340116007 340116007~340116026~1 1
340116007~340116026~1 340116007 1
340116007 340116007~340116379~1 1
340116007~340116379~1 340116007 1
340116026 340116027 1
340116027 340116026 1
340116026 340116340 1
340116340 340116026 1
340116026 340116007~340116026~2 1
340116007~340116026~2 340116026 1
340116027 340116028 1
340116028 340116027 1
340116027 340116380 1
340116380 340116027 1
340116195 340116387 1
340116387 340116195 1
340116206 340116305 1
340116305 340116206 1
340116310 340120037 1
340120037 340116310 1
340116310 340115320~340116310~3 1
340115320~340116310~3 340116310 1
340116310 340115587~340116310~3 1
340115587~340116310~3 340116310 1
340116340 340115534~340116340~1 1
340115534~340116340~1 340116340 1
340116357 340116372 1
340116372 340116357 1
340116357 340116387 1
340116387 340116357 1
340116379 340116380 1
340116380 340116379 1
340116379 340116007~340116379~1 1
340116007~340116379~1 340116379 1
340116387 340116394 1
340116394 340116387 1
340116396 340116411 1
340116411 340116396 1
340116396 340116520 1
340116520 340116396 1
340116403 340122456 1
340122456 340116403 1
340116403 340115512~340116403~1 1
340115512~340116403~1 340116403 1
340116411 2467142655 1
2467142655 340116411 1
340116411 11036188497 1
11036188497 340116411 1
340116520 11036188497 1
11036188497 340116520 1
340116522 340116563 1
340116563 340116522 1
340116522 3786553278 1
3786553278 340116522 1
340116564 340116565 1
340116565 340116564 1
340116564 5432095391 1
5432095391 340116564 1
340116565 340116566 1
340116566 340116565 1
340116658 2399321880 1
2399321880 340116658 1
340116756 340116883 1
340116883 340116756 1
340116756 3786173931 1
3786173931 340116756 1
340116756 313955541~340116756~1 1
313955541~340116756~1 340116756 1
340116756 339169737~340116756~1 1
339169737~340116756~1 340116756 1
340116758 340116883 1
340116883 340116758 1
340116759 340116759~8870240805~1 1
340116759~8870240805~1 340116759 1
340116882 340116883 1
340116883 340116882 1
340116882 8870240805 1
8870240805 340116882 1
340116882 340111684~340116882~1 1
340111684~340116882~1 340116882 1
340116883 340116884 1
340116884 340116883 1
340116884 340116920 1
340116920 340116884 1
340116884 340116923 1
340116923 340116884 1
340116885 340122444 1
340122444 340116885 1
340116885 340122449 1
340122449 340116885 1
340116885 340122452 1
340122452 340116885 1
340116920 340116929 1
340116929 340116920 1
340116920 340116930 1
340116930 340116920 1
340116923 340116929 1
340116929 340116923 1
340116923 3786246993 1
3786246993 340116923 1
340116929 340116930 1
340116930 340116929 1
340116930 3786246994 1
3786246994 340116930 1
340117161 340117164 1
340117164 340117161 1
340117161 340117381 1
340117381 340117161 1
340117164 340117395 1
340117395 340117164 1
340117233 340117310 1
340117310 340117233 1
340117233 340117395 1
340117395 340117233 1
340117233 340117408 1
340117408 340117233 1
340117234 340117251 1
340117251 340117234 1
340117234 3786762067 1
3786762067 340117234 1
340117234 340117234~340117247~1 1
340117234~340117247~1 340117234 1
340117247 340117413 1
340117413 340117247 1
340117247 340117234~340117247~2 1
340117234~340117247~2 340117247 1
340117247 340117247~340117251~1 1
340117247~340117251~1 340117247 1
340117251 340117381 1
340117381 340117251 1
340117251 340117247~340117251~2 1
340117247~340117251~2 340117251 1
340117264 340117413 1
340117413 340117264 1
340117264 340117264~340117267~1 1
340117264~340117267~1 340117264 1
340117264 340117264~340117301~1 1
340117264~340117301~1 340117264 1
340117267 340117301 1
340117301 340117267 1
340117267 11036167723 1
11036167723 340117267 1
340117267 340117264~340117267~1 1
340117264~340117267~1 340117267 1
340117301 340117264~340117301~1 1
340117264~340117301~1 340117301 1
340117303 4946053337 1
4946053337 340117303 1
340117303 10195513730 1
10195513730 340117303 1
340117303 340117303~340117310~1 1
340117303~340117310~1 340117303 1
340117310 340117433 1
340117433 340117310 1
340117310 340117303~340117310~1 1
340117303~340117310~1 340117310 1
340117312 340117634 1
340117634 340117312 1
340117312 4992956136 1
4992956136 340117312 1
340117312 11036159696~340117312~1 1
11036159696~340117312~1 340117312 1
340117381 340117408 1
340117408 340117381 1
340117395 340117408 1
340117408 340117395 1
340117413 340117426 1
340117426 340117413 1
340117433 340117472 1
340117472 340117433 1
340117433 340117433~340117470~1 1
340117433~340117470~1 340117433 1
340117470 340117497 1
340117497 340117470 1
340117470 340117433~340117470~2 1
340117433~340117470~2 340117470 1
340117472 4992956136 1
4992956136 340117472 1
340117472 340117472~340117497~1 1
340117472~340117497~1 340117472 1
340117497 340117472~340117497~1 1
340117472~340117497~1 340117497 1
340117530 340111823~340117530~1 1
340111823~340117530~1 340117530 1
340117563 340117564 1
340117564 340117563 1
340117563 4992941454 1
4992941454 340117563 1
340117563 340117563~340117629~1 1
340117563~340117629~1 340117563 1
340117629 340117631 1
340117631 340117629 1
340117629 340122352 1
340122352 340117629 1
340117629 340117563~340117629~1 1
340117563~340117629~1 340117629 1
340117631 340117634 1
340117634 340117631 1
340117631 10195513732 1
10195513732 340117631 1
340117634 10195513730 1
10195513730 340117634 1
340118208 340120116 1
340120116 340118208 1
340118208 340122447 1
340122447 340118208 1
340118208 3786156631 1
3786156631 340118208 1
340118571 340118672 1
340118672 340118571 1
340118572 340118574 1
340118574 340118572 1
340118572 340118802 1
340118802 340118572 1
340118572 340118572~340118672~1 1
340118572~340118672~1 340118572 1
340118574 340118803 1
340118803 340118574 1
340118574 340118574~340118762~1 1
340118574~340118762~1 340118574 1
340118578 340118578~340118762~1 1
340118578~340118762~1 340118578 1
340118640 340119655 1
340119655 340118640 1
340118640 340119679 1
340119679 340118640 1
340118640 340119695 1
340119695 340118640 1
340118672 340118776 1
340118776 340118672 1
340118672 340118572~340118672~1 1
340118572~340118672~1 340118672 1
340118738 340118776 1
340118776 340118738 1
340118738 340119669 1
340119669 340118738 1
340118738 340119679 1
340119679 340118738 1
340118762 340118804 1
340118804 340118762 1
340118762 340118574~340118762~1 1
340118574~340118762~1 340118762 1
340118762 340118578~340118762~1 1
340118578~340118762~1 340118762 1
340118771 340119306 1
340119306 340118771 1
340118771 340119339 1
340119339 340118771 1
340118776 340119342 1
340119342 340118776 1
340118802 340119655 1
340119655 340118802 1
340118802 340119657 1
340119657 340118802 1
340118802 340118802~340118803~1 1
340118802~340118803~1 340118802 1
340118803 340118808 1
340118808 340118803 1
340118803 340118802~340118803~1 1
340118802~340118803~1 340118803 1
340118803 340118803~340118804~1 1
340118803~340118804~1 340118803 1
340118804 340118840 1
340118840 340118804 1
340118804 340118959 1
340118959 340118804 1
340118804 340118803~340118804~1 1
340118803~340118804~1 340118804 1
340118808 340118808~340118840~1 1
340118808~340118840~1 340118808 1
340118840 340118843 1
340118843 340118840 1
340118840 340119115 1
340119115 340118840 1
340118840 340118808~340118840~1 1
340118808~340118840~1 340118840 1
340118843 340118959 1
340118959 340118843 1
340118843 340119154 1
340119154 340118843 1
340118959 340118959~340119165~1 1
340118959~340119165~1 340118959 1
340119115 340119154 1
340119154 340119115 1
340119115 340119306 1
340119306 340119115 1
340119154 340119165 1
340119165 340119154 1
340119165 340118959~340119165~1 1
340118959~340119165~1 340119165 1
340119306 340119339 1
340119339 340119306 1
340119342 340119657 1
340119657 340119342 1
340119342 340119665 1
340119665 340119342 1
340119655 340119665 1
340119665 340119655 1
340119657 340119665 1
340119665 340119657 1
340119669 340119669~340119671~1 1
340119669~340119671~1 340119669 1
340119671 340119672 1
340119672 340119671 1
340119671 340119740 1
340119740 340119671 1
340119671 340119669~340119671~1 1
340119669~340119671~1 340119671 1
340119678 340119706 1
340119706 340119678 1
340119679 340119684 1
340119684 340119679 1
340119684 340119690 1
340119690 340119684 1
340119684 340119739 1
340119739 340119684 1
340119690 340119695 1
340119695 340119690 1
340119690 340119769 1
340119769 340119690 1
340119695 340119699 1
340119699 340119695 1
340119696 340119706 1
340119706 340119696 1
340119696 340119769 1
340119769 340119696 1
340119696 340119696~340119740~1 1
340119696~340119740~1 340119696 1
340119699 340119699~340119706~1 1
340119699~340119706~1 340119699 1
340119706 340119699~340119706~1 1
340119699~340119706~1 340119706 1
340119739 340119740 1
340119740 340119739 1
340119739 340119739~340119769~1 1
340119739~340119769~1 340119739 1
340119740 340119696~340119740~1 1
340119696~340119740~1 340119740 1
340119769 340119739~340119769~1 1
340119739~340119769~1 340119769 1
340119897 340119918 1
340119918 340119897 1
340119897 340119925 1
340119925 340119897 1
340119897 2047609579 1
2047609579 340119897 1
340119916 340119918 1
340119918 340119916 1
340119918 340119918~340119969~1 1
340119918~340119969~1 340119918 1
340119923 340119924 1
340119924 340119923 1
340119924 340119925 1
340119925 340119924 1
340119924 340119931 1
340119931 340119924 1
340119931 340119969 1
340119969 340119931 1
340119969 340119918~340119969~2 1
340119918~340119969~2 340119969 1
340119977 10056350822 1
10056350822 340119977 1
340119977 340101806~340119977~1 1
340101806~340119977~1 340119977 1
340120015 2047609509 1
2047609509 340120015 1
340120015 3694099661 1
3694099661 340120015 1
340120015 10056350822~340120015~1 1
10056350822~340120015~1 340120015 1
340120037 340120046 1
340120046 340120037 1
340120113 340120115 1
340120115 340120113 1
340120115 340120116 1
340120116 340120115 1
340120115 5907347989 1
5907347989 340120115 1
340120116 340120116~340122449~1 1
340120116~340122449~1 340120116 1
340120959 3786156632 1
3786156632 340120959 1
340120962 340120976 1
340120976 340120962 1
340120962 3786246992 1
3786246992 340120962 1
340120962 340120962~340121003~1 1
340120962~340121003~1 340120962 1
340120970 340120971 1
340120971 340120970 1
340120971 3786156632 1
3786156632 340120971 1
340120971 3786156634 1
3786156634 340120971 1
340120971 340120971~340120972~1 1
340120971~340120972~1 340120971 1
340120972 340120976 1
340120976 340120972 1
340120972 340120999 1
340120999 340120972 1
340120972 340120971~340120972~1 1
340120971~340120972~1 340120972 1
340120976 340120976~3786156632~1 1
340120976~3786156632~1 340120976 1
340120999 340121000 1
340121000 340120999 1
340120999 340120999~3786156634~1 1
340120999~3786156634~1 340120999 1
340121000 340121118 1
340121118 340121000 1
340121000 6334626225 1
6334626225 340121000 1
340121003 340121118 1
340121118 340121003 1
340121003 340120962~340121003~1 1
340120962~340121003~1 340121003 1
340121003 340121003~340121487~1 1
340121003~340121487~1 340121003 1
340121004 3786156634 1
3786156634 340121004 1
340121006 340121021 1
340121021 340121006 1
340121006 3786156635 1
3786156635 340121006 1
340121006 340121006~340121020~1 1
340121006~340121020~1 340121006 1
340121007 6334626223 1
6334626223 340121007 1
340121020 340121577 1
340121577 340121020 1
340121020 340121591 1
340121591 340121020 1
340121020 340121006~340121020~2 1
340121006~340121020~2 340121020 1
340121021 6334626225 1
6334626225 340121021 1
340121021 340121021~340121574~1 1
340121021~340121574~1 340121021 1
340121047 340121574 1
340121574 340121047 1
340121047 340121675 1
340121675 340121047 1
340121047 340121679 1
340121679 340121047 1
340121102 340121580 1
340121580 340121102 1
340121102 4946024846 1
4946024846 340121102 1
340121102 340121102~5432095405~1 1
340121102~5432095405~1 340121102 1
340121109 340121570 1
340121570 340121109 1
340121109 340121586 1
340121586 340121109 1
340121109 340121731 1
340121731 340121109 1
340121118 340121118~340121347~1 1
340121118~340121347~1 340121118 1
340121347 340121487 1
340121487 340121347 1
340121347 3694099652 1
3694099652 340121347 1
340121347 340121118~340121347~1 1
340121118~340121347~1 340121347 1
340121347 340121347~340121349~1 1
340121347~340121349~1 340121347 1
340121349 340121382 1
340121382 340121349 1
340121349 340121347~340121349~1 1
340121347~340121349~1 340121349 1
340121349 340121349~4988724425~1 1
340121349~4988724425~1 340121349 1
340121382 340121487 1
340121487 340121382 1
340121487 340121003~340121487~1 1
340121003~340121487~1 340121487 1
340121539 340121586 1
340121586 340121539 1
340121539 340121679 1
340121679 340121539 1
340121539 340121706 1
340121706 340121539 1
340121541 340121541~340121983~1 1
340121541~340121983~1 340121541 1
340121569 340121570 1
340121570 340121569 1
340121569 340121577 1
340121577 340121569 1
340121569 340121681 1
340121681 340121569 1
340121570 340121580 1
340121580 340121570 1
340121570 340121723 1
340121723 340121570 1
340121571 340121870 1
340121870 340121571 1
340121571 340122018 1
340122018 340121571 1
340121571 5362305415 1
5362305415 340121571 1
340121574 340121591 1
340121591 340121574 1
340121574 10195458857 1
10195458857 340121574 1
340121574 340121021~340121574~1 1
340121021~340121574~1 340121574 1
340121577 340121580 1
340121580 340121577 1
340121586 340121681 1
340121681 340121586 1
340121591 340121623 1
340121623 340121591 1
340121623 340121679 1
340121679 340121623 1
340121623 340121681 1
340121681 340121623 1
340121673 340121675 1
340121675 340121673 1
340121673 3694099652 1
3694099652 340121673 1
340121673 10195458865 1
10195458865 340121673 1
340121675 340121706 1
340121706 340121675 1
340121706 3694099652 1
3694099652 340121706 1
340121723 340121731 1
340121731 340121723 1
340121723 5432095402 1
5432095402 340121723 1
340121731 340121768 1
340121768 340121731 1
340121746 340121768 1
340121768 340121746 1
340121746 340121782 1
340121782 340121746 1
340121746 5432095402 1
5432095402 340121746 1
340121768 340121790 1
340121790 340121768 1
340121782 340121790 1
340121790 340121782 1
340121782 340122295 1
340122295 340121782 1
340121790 340121847 1
340121847 340121790 1
340121806 340121847 1
340121847 340121806 1
340121806 340121870 1
340121870 340121806 1
340121806 340122295 1
340122295 340121806 1
340121847 340121875 1
340121875 340121847 1
340121870 340121889 1
340121889 340121870 1
340121875 340121889 1
340121889 340121875 1
340121875 340121983 1
340121983 340121875 1
340121889 340121911 1
340121911 340121889 1
340121911 340121982 1
340121982 340121911 1
340121911 340122018 1
340122018 340121911 1
340121981 5432095405 1
5432095405 340121981 1
340121982 340121983 1
340121983 340121982 1
340121982 340121982~340122010~1 1
340121982~340122010~1 340121982 1
340121983 340121541~340121983~1 1
340121541~340121983~1 340121983 1
340122010 340121982~340122010~1 1
340121982~340122010~1 340122010 1
340122018 340122081 1
340122081 340122018 1
340122135 340122294 1
340122294 340122135 1
340122136 340122184 1
340122184 340122136 1
340122136 5432095399 1
5432095399 340122136 1
340122136 10195458884 1
10195458884 340122136 1
340122181 340122293 1
340122293 340122181 1
340122181 3694138200 1
3694138200 340122181 1
340122181 10195458873 1
10195458873 340122181 1
340122182 340122184 1
340122184 340122182 1
340122182 340122293 1
340122293 340122182 1
340122182 340122294 1
340122294 340122182 1
340122182 3694138200 1
3694138200 340122182 1
340122184 340122189 1
340122189 340122184 1
340122184 340122184~340122185~1 1
340122184~340122185~1 340122184 1
340122185 340122184~340122185~1 1
340122184~340122185~1 340122185 1
340122189 340122227 1
340122227 340122189 1
340122189 5432095406 1
5432095406 340122189 1
340122293 5432095406 1
5432095406 340122293 1
340122294 340122295 1
340122295 340122294 1
340122294 10195458883 1
10195458883 340122294 1
340122356 340122414 1
340122414 340122356 1
340122356 3786173927 1
3786173927 340122356 1
340122414 340122416 1
340122416 340122414 1
340122414 2997092807 1
2997092807 340122414 1
340122416 3788168603 1
3788168603 340122416 1
340122416 340110751~340122416~1 1
340110751~340122416~1 340122416 1
340122444 340122446 1
340122446 340122444 1
340122444 340122450 1
340122450 340122444 1
340122446 340122447 1
340122447 340122446 1
340122446 5907347991 1
5907347991 340122446 1
340122447 3786762070 1
3786762070 340122447 1
340122449 340122450 1
340122450 340122449 1
340122449 340120116~340122449~1 1
340120116~340122449~1 340122449 1
340122450 5907347990 1
5907347990 340122450 1
340122452 340122455 1
340122455 340122452 1
340122452 3786247001 1
3786247001 340122452 1
340122456 2467142653 1
2467142653 340122456 1
340122456 2467142655 1
2467142655 340122456 1
340182536 340182543 1
340182543 340182536 1
340182536 340182552 1
340182552 340182536 1
340182536 283436875~340182536~1 1
283436875~340182536~1 340182536 1
340182548 340182552 1
340182552 340182548 1
340182548 6327742167 1
6327742167 340182548 1
340182563 340183195 1
340183195 340182563 1
340182565 2047609835 1
2047609835 340182565 1
340182565 11375364343 1
11375364343 340182565 1
340182565 340182565~340182667~1 1
340182565~340182667~1 340182565 1
340182567 6388022037 1
6388022037 340182567 1
340182567 6388022039 1
6388022039 340182567 1
340182567 340182567~340183195~1 1
340182567~340183195~1 340182567 1
340182667 1387667624 1
1387667624 340182667 1
340182667 340182565~340182667~2 1
340182565~340182667~2 340182667 1
340182667 340182667~6388022037~1 1
340182667~6388022037~1 340182667 1
340182748 1387667624 1
1387667624 340182748 1
340182748 5353568291 1
5353568291 340182748 1
340182748 11375364320 1
11375364320 340182748 1
340182748 2047609672~340182748~1 1
2047609672~340182748~1 340182748 1
340182750 340182750~5353568291~1 1
340182750~5353568291~1 340182750 1
340182810 1387667624 1
1387667624 340182810 1
340182812 1387667624 1
1387667624 340182812 1
340183195 340182567~340183195~1 1
340182567~340183195~1 340183195 1
340183195 340183195~340183201~1 1
340183195~340183201~1 340183195 1
340183201 340183195~340183201~1 1
340183195~340183201~1 340183201 1
340347924 340347995 1
340347995 340347924 1
340347995 1288458967 1
1288458967 340347995 1
340347995 2995225261 1
2995225261 340347995 1
340348722 3793025309 1
3793025309 340348722 1
340348722 5339546210 1
5339546210 340348722 1
340349739 6361165669 1
6361165669 340349739 1
340349739 1437159568~340349739~2 1
1437159568~340349739~2 340349739 1
340349739 2643911957~340349739~1 1
2643911957~340349739~1 340349739 1
340349754 1073509707 1
1073509707 340349754 1
340349754 10198604025 1
10198604025 340349754 1
340349976 2643911957 1
2643911957 340349976 1
340349976 2643911985 1
2643911985 340349976 1
340349976 10198604025 1
10198604025 340349976 1
340349979 2643911985 1
2643911985 340349979 1
340350168 1387597819 1
1387597819 340350168 1
340350196 340350226 1
340350226 340350196 1
340350201 340350226 1
340350226 340350201 1
340350203 340350225 1
340350225 340350203 1
340350203 4060906738 1
4060906738 340350203 1
340350225 3786264243 1
3786264243 340350225 1
340350225 4060906737 1
4060906737 340350225 1
340350226 340350229 1
340350229 340350226 1
340350229 340350230 1
340350230 340350229 1
340350230 340350231 1
340350231 340350230 1
340350317 340350319 1
340350319 340350317 1
340350319 340350320 1
340350320 340350319 1
340350320 340350321 1
340350321 340350320 1
340350321 340350322 1
340350322 340350321 1
340350322 340350323 1
340350323 340350322 1
340350327 340350390 1
340350390 340350327 1
1073509567 11612244891 1
11612244891 1073509567 1
1073509567 11612244894 1
11612244894 1073509567 1
1073509659 1073509825 1
1073509825 1073509659 1
1073509659 1073509659~1073509707~1 1
1073509659~1073509707~1 1073509659 1
1073509659 1073509659~339167842~1 1
1073509659~339167842~1 1073509659 1
1073509699 1437159568 1
1437159568 1073509699 1
1073509699 1073509699~1073509854~1 1
1073509699~1073509854~1 1073509699 1
1073509707 1073509659~1073509707~2 1
1073509659~1073509707~2 1073509707 1
1073509707 1073509707~1073509854~1 1
1073509707~1073509854~1 1073509707 1
1073509707 1073509707~1437159563~1 1
1073509707~1437159563~1 1073509707 1
1073509825 1073509852 1
1073509852 1073509825 1
1073509825 1073509854 1
1073509854 1073509825 1
1073509825 1073509825~340101005~1 1
1073509825~340101005~1 1073509825 1
1073509847 1073509847~283381927~1 1
1073509847~283381927~1 1073509847 1
1073509847 1073509847~283383175~1 1
1073509847~283383175~1 1073509847 1
1073509852 1073509852~340101047~1 1
1073509852~340101047~1 1073509852 1
1073509854 1073509699~1073509854~1 1
1073509699~1073509854~1 1073509854 1
1073509854 1073509707~1073509854~1 1
1073509707~1073509854~1 1073509854 1
1258669638 2398732433 1
2398732433 1258669638 1
1258669638 1258669638~283389523~1 1
1258669638~283389523~1 1258669638 1
1258669705 1258669724 1
1258669724 1258669705 1
1258669705 3787697975 1
3787697975 1258669705 1
1258669705 1258669705~282302680~1 1
1258669705~282302680~1 1258669705 1
1287004849 1287004850 1
1287004850 1287004849 1
1287004849 1287004849~5339546159~1 1
1287004849~5339546159~1 1287004849 1
1287004850 1287004850~283383455~1 1
1287004850~283383455~1 1287004850 1
1287004850 1287004850~5339546158~1 1
1287004850~5339546158~1 1287004850 1
1288458967 1288458968 1
1288458968 1288458967 1
1288458967 1288458967~283429986~1 1
1288458967~283429986~1 1288458967 1
1288459625 1288459625~283381229~1 1
1288459625~283381229~1 1288459625 1
1288459625 1288459625~283381894~1 1
1288459625~283381894~1 1288459625 1
1288488596 1288488619 1
1288488619 1288488596 1
1339606582 3786267586 1
3786267586 1339606582 1
1387597819 3786635331 1
3786635331 1387597819 1
1387667623 2047609730 1
2047609730 1387667623 1
1387990242 9866170608 1
9866170608 1387990242 1
1387990242 1387990242~339167841~1 1
1387990242~339167841~1 1387990242 1
1387990247 1387990248 1
1387990248 1387990247 1
1387990247 1387990247~339167841~1 1
1387990247~339167841~1 1387990247 1
1437159549 1437159571 1
1437159571 1437159549 1
1437159549 11800741290 1
11800741290 1437159549 1
1437159549 1437159549~1437159577~1 1
1437159549~1437159577~1 1437159549 1
1437159557 1437159557~283382831~1 1
1437159557~283382831~1 1437159557 1
1437159563 1073509707~1437159563~2 1
1073509707~1437159563~2 1437159563 1
1437159568 1437159568~340349739~1 1
1437159568~340349739~1 1437159568 1
1437159571 1437159571~1437159577~1 1
1437159571~1437159577~1 1437159571 1
1437159574 3786717872 1
3786717872 1437159574 1
1437159575 1437159577 1
1437159577 1437159575 1
1437159575 2789196378 1
2789196378 1437159575 1
1437159575 1437159575~340114737~1 1
1437159575~340114737~1 1437159575 1
1437159577 1437159549~1437159577~1 1
1437159549~1437159577~1 1437159577 1
1437159577 1437159571~1437159577~1 1
1437159571~1437159577~1 1437159577 1
1437159581 3792999819 1
3792999819 1437159581 1
1437159581 9173285039 1
9173285039 1437159581 1
1854842958 1854842965 1
1854842965 1854842958 1
1854842958 2591528620 1
2591528620 1854842958 1
1854842958 11014103647 1
11014103647 1854842958 1
1854842965 5794601763 1
5794601763 1854842965 1
1854842965 1854842965~340107721~1 1
1854842965~340107721~1 1854842965 1
1854842968 1854842991 1
1854842991 1854842968 1
1854842968 7874173012 1
7874173012 1854842968 1
1854842968 10205562808 1
10205562808 1854842968 1
1854842970 1854843010 1
1854843010 1854842970 1
1854842970 7874173013 1
7874173013 1854842970 1
1854842970 1854842970~282284478~1 1
1854842970~282284478~1 1854842970 1
1854842984 1854842993 1
1854842993 1854842984 1
1854842984 1854843025 1
1854843025 1854842984 1
1854842984 1854842984~8858782227~1 1
1854842984~8858782227~1 1854842984 1
1854842991 10205812138 1
10205812138 1854842991 1
1854842991 1854842991~1854843012~1 1
1854842991~1854843012~1 1854842991 1
1854842993 1854843017 1
1854843017 1854842993 1
1854842993 1854842993~8858782237~1 1
1854842993~8858782237~1 1854842993 1
1854843010 1854843016 1
1854843016 1854843010 1
1854843010 7874173012 1
7874173012 1854843010 1
1854843012 1854843017 1
1854843017 1854843012 1
1854843012 1854842991~1854843012~1 1
1854842991~1854843012~1 1854843012 1
1854843013 7874173013 1
7874173013 1854843013 1
1854843014 1854843025 1
1854843025 1854843014 1
1854843014 8858782223 1
8858782223 1854843014 1
1854843014 8858782239 1
8858782239 1854843014 1
1854843016 5794600346 1
5794600346 1854843016 1
1854843016 5794600350 1
5794600350 1854843016 1
1854843016 1854843016~9057112454~1 1
1854843016~9057112454~1 1854843016 1
1854843017 1854843017~8858782237~1 1
1854843017~8858782237~1 1854843017 1
1854843025 8858782218 1
8858782218 1854843025 1
2047609196 2047609196~6328067578~1 1
2047609196~6328067578~1 2047609196 1
2047609203 2047609764 1
2047609764 2047609203 1
2047609233 2047609764 1
2047609764 2047609233 1
2047609233 8712903041 1
8712903041 2047609233 1
2047609233 2047609233~340115771~1 1
2047609233~340115771~1 2047609233 1
2047609259 5809720294 1
5809720294 2047609259 1
2047609259 2047609259~340107918~1 1
2047609259~340107918~1 2047609259 1
2047609259 2047609259~5809720309~1 1
2047609259~5809720309~1 2047609259 1
2047609275 2047609275~2047609557~1 1
2047609275~2047609557~1 2047609275 1
2047609333 2047609509 1
2047609509 2047609333 1
2047609333 2047609596 1
2047609596 2047609333 1
2047609333 6179201071 1
6179201071 2047609333 1
2047609346 2047609364 1
2047609364 2047609346 1
2047609346 2047609816 1
2047609816 2047609346 1
2047609386 2047609625 1
2047609625 2047609386 1
2047609389 2047609681 1
2047609681 2047609389 1
2047609389 2047609843 1
2047609843 2047609389 1
2047609389 11386835062 1
11386835062 2047609389 1
2047609397 2047609425 1
2047609425 2047609397 1
2047609397 2047609436 1
2047609436 2047609397 1
2047609397 2047609438 1
2047609438 2047609397 1
2047609407 2047609417 1
2047609417 2047609407 1
2047609407 2047609681 1
2047609681 2047609407 1
2047609407 2047609692 1
2047609692 2047609407 1
2047609417 12315905550 1
12315905550 2047609417 1
2047609417 12315905546~2047609417~5 1
12315905546~2047609417~5 2047609417 1
2047609420 2047609425 1
2047609425 2047609420 1
2047609420 2047609436 1
2047609436 2047609420 1
2047609420 3793647352 1
3793647352 2047609420 1
2047609420 6873777522 1
6873777522 2047609420 1
2047609425 6327742340 1
6327742340 2047609425 1
2047609438 2047609647 1
2047609647 2047609438 1
2047609438 2047609691 1
2047609691 2047609438 1
2047609444 2047609835 1
2047609835 2047609444 1
2047609448 2047609755 1
2047609755 2047609448 1
2047609454 8783772824 1
8783772824 2047609454 1
2047609462 2047609463 1
2047609463 2047609462 1
2047609462 2047609537 1
2047609537 2047609462 1
2047609462 11386835062 1
11386835062 2047609462 1
2047609463 5794601787 1
5794601787 2047609463 1
2047609463 2047609463~2047609606~1 1
2047609463~2047609606~1 2047609463 1
2047609480 2047609493 1
2047609493 2047609480 1
2047609480 2047609842 1
2047609842 2047609480 1
2047609480 2047609480~5773901678~1 1
2047609480~5773901678~1 2047609480 1
2047609490 2047609654 1
2047609654 2047609490 1
2047609490 6327742271 1
6327742271 2047609490 1
2047609490 2047609490~2047609653~1 1
2047609490~2047609653~1 2047609490 1
2047609537 2047609619 1
2047609619 2047609537 1
2047609537 6327742369 1
6327742369 2047609537 1
2047609557 2047609275~2047609557~1 1
2047609275~2047609557~1 2047609557 1
2047609564 2047609579 1
2047609579 2047609564 1
2047609576 2047609576~6328067576~1 1
2047609576~6328067576~1 2047609576 1
2047609579 2047609579~340101814~1 1
2047609579~340101814~1 2047609579 1
2047609596 2047609596~3786156631~1 1
2047609596~3786156631~1 2047609596 1
2047609606 5794601786 1
5794601786 2047609606 1
2047609606 2047609463~2047609606~1 1
2047609463~2047609606~1 2047609606 1
2047609606 2047609606~2047609842~1 1
2047609606~2047609842~1 2047609606 1
2047609619 2138105206 1
2138105206 2047609619 1
2047609619 6327742369 1
6327742369 2047609619 1
2047609630 2047609850 1
2047609850 2047609630 1
2047609630 2138105206 1
2138105206 2047609630 1
2047609630 5773901682 1
5773901682 2047609630 1
2047609647 2047609816 1
2047609816 2047609647 1
2047609653 2047609490~2047609653~1 1
2047609490~2047609653~1 2047609653 1
2047609672 2047609672~340182748~1 1
2047609672~340182748~1 2047609672 1
2047609681 2047609755 1
2047609755 2047609681 1
2047609692 5794601787 1
5794601787 2047609692 1
2047609692 11464621041 1
11464621041 2047609692 1
2047609741 2047609741~6328067462~1 1
2047609741~6328067462~1 2047609741 1
2047609750 2047609750~6328067586~1 1
2047609750~6328067586~1 2047609750 1
2047609755 2047609755~6327742369~1 1
2047609755~6327742369~1 2047609755 1
2047609764 2047609764~340115771~1 1
2047609764~340115771~1 2047609764 1
2047609814 2047609816 1
2047609816 2047609814 1
2047609835 10722086972 1
10722086972 2047609835 1
2047609842 2047609606~2047609842~1 1
2047609606~2047609842~1 2047609842 1
2047609850 2138105206 1
2138105206 2047609850 1
2125827844 2125827844~283383713~1 1
2125827844~283383713~1 2125827844 1
2125827844 2125827844~339170070~1 1
2125827844~339170070~1 2125827844 1
2125827845 2125827845~323081430~1 1
2125827845~323081430~1 2125827845 1
2125827847 2125827848 1
2125827848 2125827847 1
2125827848 2125827848~340110174~1 1
2125827848~340110174~1 2125827848 1
2134202431 4723342323 1
4723342323 2134202431 1
2134202431 5361894504 1
5361894504 2134202431 1
2134202433 2995254594 1
2995254594 2134202433 1
2134202433 4723342323 1
4723342323 2134202433 1
2398732433 3792999819 1
3792999819 2398732433 1
2398732504 3793025282 1
3793025282 2398732504 1
2398732504 5339546219 1
5339546219 2398732504 1
2398732504 2398732504~2995225294~1 1
2398732504~2995225294~1 2398732504 1
2398732507 10703172111 1
10703172111 2398732507 1
2398732507 2398732507~3796207224~1 1
2398732507~3796207224~1 2398732507 1
2398732507 2398732507~6327742202~1 1
2398732507~6327742202~1 2398732507 1
2399321880 3786173931 1
3786173931 2399321880 1
2399321880 5432095393 1
5432095393 2399321880 1
2467142655 10205703309 1
10205703309 2467142655 1
2591512841 2591512843 1
2591512843 2591512841 1
2591512843 2591512847 1
2591512847 2591512843 1
2591512845 11014103609 1
11014103609 2591512845 1
2591512847 5907348022 1
5907348022 2591512847 1
2591512847 11014103609 1
11014103609 2591512847 1
2591515501 2591515507 1
2591515507 2591515501 1
2591515501 3794520988 1
3794520988 2591515501 1
2591518014 2591518033 1
2591518033 2591518014 1
2591518033 7696316274 1
7696316274 2591518033 1
2591518033 8858782237 1
8858782237 2591518033 1
2591528620 7696316274 1
7696316274 2591528620 1
2591528620 2591528620~5794601762~1 1
2591528620~5794601762~1 2591528620 1
2643911957 2643911957~2643911985~1 1
2643911957~2643911985~1 2643911957 1
2643911957 2643911957~340349739~1 1
2643911957~340349739~1 2643911957 1
2643911985 2643911957~2643911985~1 1
2643911957~2643911985~1 2643911985 1
2645359581 5334263851 1
5334263851 2645359581 1
2645359581 5334263862 1
5334263862 2645359581 1
2645359738 2645359838 1
2645359838 2645359738 1
2645359738 5334263862 1
5334263862 2645359738 1
2645359738 2645359738~283382232~1 1
2645359738~283382232~1 2645359738 1
2645359838 2645359838~283382063~1 1
2645359838~283382063~1 2645359838 1
2645370865 2645370872 1
2645370872 2645370865 1
2789196378 5341931010 1
5341931010 2789196378 1
2789196378 5341931014 1
5341931014 2789196378 1
2789196382 5341931014 1
5341931014 2789196382 1
2789196382 2789196382~340112715~1 1
2789196382~340112715~1 2789196382 1
2833068551 8254080948 1
8254080948 2833068551 1
2993315493 2993315493~7281334398~1 1
2993315493~7281334398~1 2993315493 1
2993361198 5907348040 1
5907348040 2993361198 1
2994538476 2994538477 1
2994538477 2994538476 1
2994538477 2994538478 1
2994538478 2994538477 1
2994538478 2994538479 1
2994538479 2994538478 1
2994538478 2994538480 1
2994538480 2994538478 1
2994538479 283436076~2994538479~1 1
283436076~2994538479~1 2994538479 1
2994538480 283436076~2994538480~1 1
283436076~2994538480~1 2994538480 1
2994538484 283435928~2994538484~2 1
283435928~2994538484~2 2994538484 1
2994538503 5361894505 1
5361894505 2994538503 1
2994538521 283438756~2994538521~1 1
283438756~2994538521~1 2994538521 1
2994568169 11428503529 1
11428503529 2994568169 1
2994568169 283387607~2994568169~1 1
283387607~2994568169~1 2994568169 1
2994866219 283431598~2994866219~1 1
283431598~2994866219~1 2994866219 1
2995225261 3793025300 1
3793025300 2995225261 1
2995225261 11393219156 1
11393219156 2995225261 1
2995225294 3793367364 1
3793367364 2995225294 1
2995225294 5361945727 1
5361945727 2995225294 1
2995225294 2398732504~2995225294~8 1
2398732504~2995225294~8 2995225294 1
2995225294 2995225294~3793025270~1 1
2995225294~3793025270~1 2995225294 1
2995253611 2995253612 1
2995253612 2995253611 1
2995253611 2995253611~340106385~1 1
2995253611~340106385~1 2995253611 1
2995253613 11014103634 1
11014103634 2995253613 1
2995253614 2995253615 1
2995253615 2995253614 1
2995253615 6329495860 1
6329495860 2995253615 1
2995254593 2995254594 1
2995254594 2995254593 1
2995254593 2995254595 1
2995254595 2995254593 1
2995254594 12098265038 1
12098265038 2995254594 1
2995254595 2995254596 1
2995254596 2995254595 1
3694099660 3694099661 1
3694099661 3694099660 1
3694099660 5432095414 1
5432095414 3694099660 1
3694099660 6179201071 1
6179201071 3694099660 1
3694099661 10056350820~3694099661~1 1
10056350820~3694099661~1 3694099661 1
3694138200 10195458858 1
10195458858 3694138200 1
3755114965 5794600343 1
5794600343 3755114965 1
3755114965 3755114965~4976202353~1 1
3755114965~4976202353~1 3755114965 1
3755293107 3793367364 1
3793367364 3755293107 1
3755293107 5361945727 1
5361945727 3755293107 1
3785399750 3786252485 1
3786252485 3785399750 1
3785399751 3785399752 1
3785399752 3785399751 1
3785399751 5907348027 1
5907348027 3785399751 1
3785399751 8254080948 1
8254080948 3785399751 1
3785399753 3785399755 1
3785399755 3785399753 1
3785399753 7286904404 1
7286904404 3785399753 1
3785399753 11016365746 1
11016365746 3785399753 1
3785399755 5907348031 1
5907348031 3785399755 1
3785399755 283443339~3785399755~1 1
283443339~3785399755~1 3785399755 1
3785443534 5357909048 1
5357909048 3785443534 1
3785443534 6329495791 1
6329495791 3785443534 1
3785443534 6329495796 1
6329495796 3785443534 1
3785443541 3785443545 1
3785443545 3785443541 1
3785443541 3785443556 1
3785443556 3785443541 1
3785443541 6329495796 1
6329495796 3785443541 1
3785443544 3785443545 1
3785443545 3785443544 1
3785443544 3785443550 1
3785443550 3785443544 1
3785443544 12067285811 1
12067285811 3785443544 1
3785443545 3785443556 1
3785443556 3785443545 1
3785443550 5357909055 1
5357909055 3785443550 1
3785443550 3785443550~9057112454~1 1
3785443550~9057112454~1 3785443550 1
3785443556 3785443556~5794600338~1 1
3785443556~5794600338~1 3785443556 1
3786156631 3786156632 1
3786156632 3786156631 1
3786156631 2047609596~3786156631~3 1
2047609596~3786156631~3 3786156631 1
3786156632 340120976~3786156632~1 1
340120976~3786156632~1 3786156632 1
3786156634 3786156635 1
3786156635 3786156634 1
3786156634 340120999~3786156634~1 1
340120999~3786156634~1 3786156634 1
3786156635 10195458876 1
10195458876 3786156635 1
3786173926 3786762083 1
3786762083 3786173926 1
3786246992 3786762067 1
3786762067 3786246992 1
3786246992 3786762070 1
3786762070 3786246992 1
3786246993 3786246993~3786246994~1 1
3786246993~3786246994~1 3786246993 1
3786246994 3786762067 1
3786762067 3786246994 1
3786246994 3786246993~3786246994~1 1
3786246993~3786246994~1 3786246994 1
3786247001 3786247001~3786762070~1 1
3786247001~3786762070~1 3786247001 1
3786264217 3786264219 1
3786264219 3786264217 1
3786264217 3786635331 1
3786635331 3786264217 1
3786267577 3786267577~3786267578~1 1
3786267577~3786267578~1 3786267577 1
3786267578 3786267577~3786267578~1 1
3786267577~3786267578~1 3786267578 1
3786267585 3786267586 1
3786267586 3786267585 1
3786280111 3786280112 1
3786280112 3786280111 1
3786343766 3786343767 1
3786343767 3786343766 1
3786343767 339169889~3786343767~1 1
339169889~3786343767~1 3786343767 1
3786553278 340112976~3786553278~1 1
340112976~3786553278~1 3786553278 1
3786635331 3786635332 1
3786635332 3786635331 1
3786717872 3786717873 1
3786717873 3786717872 1
3786717873 3788150759 1
3788150759 3786717873 1
3786717873 5907348005 1
5907348005 3786717873 1
3786717874 3787782454 1
3787782454 3786717874 1
3786762067 3786762070 1
3786762070 3786762067 1
3786762070 3786247001~3786762070~1 1
3786247001~3786762070~1 3786762070 1
3786762083 3786762084 1
3786762084 3786762083 1
3787697975 283379657~3787697975~7 1
283379657~3787697975~7 3787697975 1
3787765316 5341863104 1
5341863104 3787765316 1
3787765316 5357929683 1
5357929683 3787765316 1
3787765317 3787765322 1
3787765322 3787765317 1
3787765317 3787765343 1
3787765343 3787765317 1
3787765317 3787765345 1
3787765345 3787765317 1
3787765322 3787765336 1
3787765336 3787765322 1
3787765336 5357929683 1
5357929683 3787765336 1
3787765343 3787765345 1
3787765345 3787765343 1
3787765343 5341863103 1
5341863103 3787765343 1
3787782453 3787782454 1
3787782454 3787782453 1
3787782454 3788150759 1
3788150759 3787782454 1
3788150759 3788150760 1
3788150760 3788150759 1
3788168603 5907348054 1
5907348054 3788168603 1
3788168604 5907348054 1
5907348054 3788168604 1
3789194019 3789194020 1
3789194020 3789194019 1
3789194019 5339462064 1
5339462064 3789194019 1
3792999820 9173285039 1
9173285039 3792999820 1
3792999820 9173285040 1
9173285040 3792999820 1
3792999840 9173285040 1
9173285040 3792999840 1
3792999840 283387907~3792999840~1 1
283387907~3792999840~1 3792999840 1
3793025270 5339546217 1
5339546217 3793025270 1
3793025270 5339546219 1
5339546219 3793025270 1
3793025270 2995225294~3793025270~1 1
2995225294~3793025270~1 3793025270 1
3793025279 5339546217 1
5339546217 3793025279 1
3793025279 5339546218 1
5339546218 3793025279 1
3793025279 5339546234 1
5339546234 3793025279 1
3793025282 5339546218 1
5339546218 3793025282 1
3793025282 5339546219 1
5339546219 3793025282 1
3793025298 3793025299 1
3793025299 3793025298 1
3793025298 3793025298~3793367364~1 1
3793025298~3793367364~1 3793025298 1
3793025299 3793025300 1
3793025300 3793025299 1
3793025299 283389542~3793025299~1 1
283389542~3793025299~1 3793025299 1
3793025300 3793025301 1
3793025301 3793025300 1
3793025301 3793025309 1
3793025309 3793025301 1
3793025309 283389545~3793025309~1 1
283389545~3793025309~1 3793025309 1
3793367364 283433981~3793367364~10 1
283433981~3793367364~10 3793367364 1
3793367364 3793025298~3793367364~2 1
3793025298~3793367364~2 3793367364 1
3793647352 6873777521 1
6873777521 3793647352 1
3793647352 3793647352~6327742339~1 1
3793647352~6327742339~1 3793647352 1
3794533765 3794533773 1
3794533773 3794533765 1
3794533765 3794533778 1
3794533778 3794533765 1
3794533765 3794533765~6388022039~1 1
3794533765~6388022039~1 3794533765 1
3794533770 3794533771 1
3794533771 3794533770 1
3794533770 3794533774 1
3794533774 3794533770 1
3794533770 6327742340 1
6327742340 3794533770 1
3794533771 3794533778 1
3794533778 3794533771 1
3794533771 10703172111~3794533771~1 1
10703172111~3794533771~1 3794533771 1
3794533773 3794533774 1
3794533774 3794533773 1
3794533773 3794533773~6328067666~1 1
3794533773~6328067666~1 3794533773 1
3794533774 6327742339 1
6327742339 3794533774 1
3794533778 6327742271 1
6327742271 3794533778 1
3794537699 12068984214 1
12068984214 3794537699 1
3794646410 3794646411 1
3794646411 3794646410 1
3795326006 3795326020 1
3795326020 3795326006 1
3795326006 3795764461 1
3795764461 3795326006 1
3795326006 5339546264 1
5339546264 3795326006 1
3795326011 3795326017 1
3795326017 3795326011 1
3795326011 3795326020 1
3795326020 3795326011 1
3795326011 5339546247 1
5339546247 3795326011 1
3795326013 3795326017 1
3795326017 3795326013 1
3795326013 3795764461 1
3795764461 3795326013 1
3795326013 5339546274 1
5339546274 3795326013 1
3795326017 5339546252 1
5339546252 3795326017 1
3795326020 5339546263 1
5339546263 3795326020 1
3795764461 5339546281 1
5339546281 3795764461 1
3795764466 5339546264 1
5339546264 3795764466 1
3795764466 5339546281 1
5339546281 3795764466 1
3795977606 3795977608 1
3795977608 3795977606 1
3795977606 5339546227 1
5339546227 3795977606 1
3795977606 283435523~3795977606~2 1
283435523~3795977606~2 3795977606 1
3795977608 3795977608~5339546274~1 1
3795977608~5339546274~1 3795977608 1
3796105619 12098265038 1
12098265038 3796105619 1
3796105619 3796105619~4723342323~1 1
3796105619~4723342323~1 3796105619 1
3796207223 3796207224 1
3796207224 3796207223 1
3796207224 2398732507~3796207224~1 1
2398732507~3796207224~1 3796207224 1
4038712879 5261413354 1
5261413354 4038712879 1
4038712879 4038712879~6327742202~1 1
4038712879~6327742202~1 4038712879 1
4050713134 4050713136 1
4050713136 4050713134 1
4060906734 4060906737 1
4060906737 4060906734 1
4060906734 4060906738 1
4060906738 4060906734 1
4060906738 4060906739 1
4060906739 4060906738 1
4723342323 5361894504 1
5361894504 4723342323 1
4723342323 3796105619~4723342323~1 1
3796105619~4723342323~1 4723342323 1
4945979490 10056350844 1
10056350844 4945979490 1
4945979490 4945979490~6334626222~1 1
4945979490~6334626222~1 4945979490 1
4946053337 11036167723 1
11036167723 4946053337 1
4976202353 3755114965~4976202353~1 1
3755114965~4976202353~1 4976202353 1
4988724425 313955552~4988724425~1 1
313955552~4988724425~1 4988724425 1
4988724425 340121349~4988724425~2 1
340121349~4988724425~2 4988724425 1
4988724425 4988724425~4988724427~1 1
4988724425~4988724427~1 4988724425 1
4988724427 4988724425~4988724427~3 1
4988724425~4988724427~3 4988724427 1
4992939633 12067285791 1
12067285791 4992939633 1
4992941454 5432095396 1
5432095396 4992941454 1
4992956136 4992956138 1
4992956138 4992956136 1
5019922371 11390378658~5019922371~1 1
11390378658~5019922371~1 5019922371 1
5019922371 11390378659~5019922371~1 1
11390378659~5019922371~1 5019922371 1
5019922371 11390498894~5019922371~1 1
11390498894~5019922371~1 5019922371 1
5049400401 5049400402 1
5049400402 5049400401 1
5049400401 5049400403 1
5049400403 5049400401 1
5049400401 5049400404 1
5049400404 5049400401 1
5049400402 283438797~5049400402~1 1
283438797~5049400402~1 5049400402 1
5058415788 5058415789 1
5058415789 5058415788 1
5058415841 5058415843 1
5058415843 5058415841 1
5058415841 5058415841~5341863103~1 1
5058415841~5341863103~1 5058415841 1
5058415843 10760512701 1
10760512701 5058415843 1
5058415843 283443339~5058415843~1 1
283443339~5058415843~1 5058415843 1
5058466665 5357909055 1
5357909055 5058466665 1
5058466665 6329495786 1
6329495786 5058466665 1
5058466665 5058466665~5357920989~1 1
5058466665~5357920989~1 5058466665 1
5062936437 5062936442 1
5062936442 5062936437 1
5062936437 5907348012 1
5907348012 5062936437 1
5069964959 5069964960 1
5069964960 5069964959 1
5261413354 5261413357 1
5261413357 5261413354 1
5261413354 6327742161 1
6327742161 5261413354 1
5261413357 5261413360 1
5261413360 5261413357 1
5261413360 8773084078 1
8773084078 5261413360 1
5334263591 5334263597 1
5334263597 5334263591 1
5334263597 5334264150 1
5334264150 5334263597 1
5334263851 5334263862 1
5334263862 5334263851 1
5334263851 5339462077 1
5339462077 5334263851 1
5334264149 5334264150 1
5334264150 5334264149 1
5334264149 283382376~5334264149~1 1
283382376~5334264149~1 5334264149 1
5334264150 283382356~5334264150~1 1
283382356~5334264150~1 5334264150 1
5339462052 5339462065 1
5339462065 5339462052 1
5339462062 5339462077 1
5339462077 5339462062 1
5339462062 5339462080 1
5339462080 5339462062 1
5339462064 5339462065 1
5339462065 5339462064 1
5339462064 5339462080 1
5339462080 5339462064 1
5339462077 5339462080 1
5339462080 5339462077 1
5339546154 5339546193 1
5339546193 5339546154 1
5339546154 5339546197 1
5339546197 5339546154 1
5339546154 5361972788 1
5361972788 5339546154 1
5339546158 5339546159 1
5339546159 5339546158 1
5339546158 5361972788 1
5361972788 5339546158 1
5339546158 1287004850~5339546158~1 1
1287004850~5339546158~1 5339546158 1
5339546159 5361972788 1
5361972788 5339546159 1
5339546159 1287004849~5339546159~1 1
1287004849~5339546159~1 5339546159 1
5339546176 5339546177 1
5339546177 5339546176 1
5339546176 5339546193 1
5339546193 5339546176 1
5339546176 5339546197 1
5339546197 5339546176 1
5339546177 283389549~5339546177~1 1
283389549~5339546177~1 5339546177 1
5339546197 283388693~5339546197~1 1
283388693~5339546197~1 5339546197 1
5339546210 5339546214 1
5339546214 5339546210 1
5339546210 283430837~5339546210~1 1
283430837~5339546210~1 5339546210 1
5339546217 5339546217~5361945727~1 1
5339546217~5361945727~1 5339546217 1
5339546218 5339546227 1
5339546227 5339546218 1
5339546234 283389530~5339546234~2 1
283389530~5339546234~2 5339546234 1
5339546247 5339546252 1
5339546252 5339546247 1
5339546247 283389523~5339546247~1 1
283389523~5339546247~1 5339546247 1
5339546263 5339546264 1
5339546264 5339546263 1
5339546274 5339546281 1
5339546281 5339546274 1
5339546274 3795977608~5339546274~2 1
3795977608~5339546274~2 5339546274 1
5339546308 283379655~5339546308~1 1
283379655~5339546308~1 5339546308 1
5341863103 5341863104 1
5341863104 5341863103 1
5341863103 5058415841~5341863103~1 1
5058415841~5341863103~1 5341863103 1
5341932049 11178871292 1
11178871292 5341932049 1
5341932084 283381946~5341932084~1 1
283381946~5341932084~1 5341932084 1
5353539612 5353539617 1
5353539617 5353539612 1
5353568291 5759314533 1
5759314533 5353568291 1
5353568291 340182750~5353568291~1 1
340182750~5353568291~1 5353568291 1
5357909048 7281334398 1
7281334398 5357909048 1
5357909049 5794600338 1
5794600338 5357909049 1
5357909049 5794600343 1
5794600343 5357909049 1
5357909049 5357909049~7874161631~1 1
5357909049~7874161631~1 5357909049 1
5357909055 12067285811 1
12067285811 5357909055 1
5357920989 5357920990 1
5357920990 5357920989 1
5357920989 5794601754 1
5794601754 5357920989 1
5357920989 8065833501 1
8065833501 5357920989 1
5357920989 5058466665~5357920989~2 1
5058466665~5357920989~2 5357920989 1
5357920990 6329495811 1
6329495811 5357920990 1
5357920990 11014103653~5357920990~1 1
11014103653~5357920990~1 5357920990 1
5357920990 5357920990~6329495790~1 1
5357920990~6329495790~1 5357920990 1
5357968956 5907348046 1
5907348046 5357968956 1
5357968956 8042519004 1
8042519004 5357968956 1
5361894504 5361894505 1
5361894505 5361894504 1
5361945727 5339546217~5361945727~1 1
5339546217~5361945727~1 5361945727 1
5362305415 5362305416 1
5362305416 5362305415 1
5362305415 10195458883 1
10195458883 5362305415 1
5432095390 5432095393 1
5432095393 5432095390 1
5432095391 5432095393 1
5432095393 5432095391 1
5432095396 11036159695 1
11036159695 5432095396 1
5432095396 11818372421 1
11818372421 5432095396 1
5432095401 5432095402 1
5432095402 5432095401 1
5432095405 5432095406 1
5432095406 5432095405 1
5432095405 340121102~5432095405~1 1
340121102~5432095405~1 5432095405 1
5432095408 10205760422 1
10205760422 5432095408 1
5432095414 10056327112 1
10056327112 5432095414 1
5432095414 10056350820~5432095414~1 1
10056350820~5432095414~1 5432095414 1
5432095415 10056350820 1
10056350820 5432095415 1
5556973804 5556973812 1
5556973812 5556973804 1
5773865539 5794601786 1
5794601786 5773865539 1
5773865539 11464621041 1
11464621041 5773865539 1
5773865539 12315905551~5773865539~1 1
12315905551~5773865539~1 5773865539 1
5773901678 2047609480~5773901678~1 1
2047609480~5773901678~1 5773901678 1
5794600338 5794600339 1
5794600339 5794600338 1
5794600338 3785443556~5794600338~1 1
3785443556~5794600338~1 5794600338 1
5794600343 5794600343~7874161631~1 1
5794600343~7874161631~1 5794600343 1
5794600346 5794600347 1
5794600347 5794600346 1
5794600346 7874161631 1
7874161631 5794600346 1
5794600347 5794600348 1
5794600348 5794600347 1
5794600349 5794600350 1
5794600350 5794600349 1
5794600350 10205562808 1
10205562808 5794600350 1
5794601754 6329495811 1
6329495811 5794601754 1
5794601754 8858782282 1
8858782282 5794601754 1
5794601754 5794601754~5794601755~1 1
5794601754~5794601755~1 5794601754 1
5794601755 5794601757 1
5794601757 5794601755 1
5794601755 10205812190~5794601755~1 1
10205812190~5794601755~1 5794601755 1
5794601755 5794601754~5794601755~1 1
5794601754~5794601755~1 5794601755 1
5794601756 5794601757 1
5794601757 5794601756 1
5794601756 8858782243 1
8858782243 5794601756 1
5794601756 12067285784~5794601756~1 1
12067285784~5794601756~1 5794601756 1
5794601757 5794601758 1
5794601758 5794601757 1
5794601758 10205812190 1
10205812190 5794601758 1
5794601758 11273492727 1
11273492727 5794601758 1
5794601762 2591528620~5794601762~1 1
2591528620~5794601762~1 5794601762 1
5794601763 5794601764 1
5794601764 5794601763 1
5794601767 5794601768 1
5794601768 5794601767 1
5794601769 11010815589 1
11010815589 5794601769 1
5794601772 5794601783 1
5794601783 5794601772 1
5794601772 5794601785 1
5794601785 5794601772 1
5794601772 7300129047 1
7300129047 5794601772 1
5794601773 5794601781 1
5794601781 5794601773 1
5794601773 5794601773~5794601780~1 1
5794601773~5794601780~1 5794601773 1
5794601773 5794601773~5794601784~1 1
5794601773~5794601784~1 5794601773 1
5794601774 7300129047 1
7300129047 5794601774 1
5794601780 5794601781 1
5794601781 5794601780 1
5794601780 5794601783 1
5794601783 5794601780 1
5794601780 5794601773~5794601780~1 1
5794601773~5794601780~1 5794601780 1
5794601781 5794601785 1
5794601785 5794601781 1
5794601784 5794601785 1
5794601785 5794601784 1
5794601784 7300129047 1
7300129047 5794601784 1
5794601784 5794601773~5794601784~1 1
5794601773~5794601784~1 5794601784 1
5794601786 5794601786~5794601787~1 1
5794601786~5794601787~1 5794601786 1
5794601787 5794601786~5794601787~1 1
5794601786~5794601787~1 5794601787 1
5809720294 340107918~5809720294~1 1
340107918~5809720294~1 5809720294 1
5809720308 5809720309 1
5809720309 5809720308 1
5809720308 282284469~5809720308~4 1
282284469~5809720308~4 5809720308 1
5809720308 282284478~5809720308~1 1
282284478~5809720308~1 5809720308 1
5809720309 5809720310 1
5809720310 5809720309 1
5809720309 2047609259~5809720309~1 1
2047609259~5809720309~1 5809720309 1
5907347996 5907347999 1
5907347999 5907347996 1
5907348002 5907348003 1
5907348003 5907348002 1
5907348005 5907348006 1
5907348006 5907348005 1
5907348013 5907348014 1
5907348014 5907348013 1
5907348015 12067285790 1
12067285790 5907348015 1
5907348020 11014103636 1
11014103636 5907348020 1
5907348021 5907348022 1
5907348022 5907348021 1
5907348024 5907348025 1
5907348025 5907348024 1
5907348024 340109040~5907348024~1 1
340109040~5907348024~1 5907348024 1
5907348027 5907348031 1
5907348031 5907348027 1
5907348027 11016365746 1
11016365746 5907348027 1
5907348031 8254080948 1
8254080948 5907348031 1
5907348033 5907348036 1
5907348036 5907348033 1
5907348034 5907348036 1
5907348036 5907348034 1
5907348036 11016365745 1
11016365745 5907348036 1
5907348046 6361165669 1
6361165669 5907348046 1
5907348046 10198604053 1
10198604053 5907348046 1
5907348054 5907348055 1
5907348055 5907348054 1
5907348056 5907348057 1
5907348057 5907348056 1
5907348061 5907348062 1
5907348062 5907348061 1
6179201071 10056327110 1
10056327110 6179201071 1
6286592864 6286592865 1
6286592865 6286592864 1
6286592869 6286592874 1
6286592874 6286592869 1
6286592874 6286592877 1
6286592877 6286592874 1
6304568592 8777651517 1
8777651517 6304568592 1
6304568592 6304568592~8777651518~1 1
6304568592~8777651518~1 6304568592 1
6327742136 6327742161 1
6327742161 6327742136 1
6327742136 6327742136~6327742503~1 1
6327742136~6327742503~1 6327742136 1
6327742161 6327742161~6327742167~1 1
6327742161~6327742167~1 6327742161 1
6327742167 6327742168 1
6327742168 6327742167 1
6327742167 6327742271 1
6327742271 6327742167 1
6327742167 6327742161~6327742167~6 1
6327742161~6327742167~6 6327742167 1
6327742168 6327742168~6327742502~1 1
6327742168~6327742502~1 6327742168 1
6327742202 10703172111~6327742202~4 1
10703172111~6327742202~4 6327742202 1
6327742202 2398732507~6327742202~3 1
2398732507~6327742202~3 6327742202 1
6327742202 4038712879~6327742202~1 1
4038712879~6327742202~1 6327742202 1
6327742339 6327742340 1
6327742340 6327742339 1
6327742339 3793647352~6327742339~1 1
3793647352~6327742339~1 6327742339 1
6327742369 2047609755~6327742369~1 1
2047609755~6327742369~1 6327742369 1
6327742502 6327742168~6327742502~1 1
6327742168~6327742502~1 6327742502 1
6327742502 6327742502~6327742503~1 1
6327742502~6327742503~1 6327742502 1
6327742503 6327742136~6327742503~1 1
6327742136~6327742503~1 6327742503 1
6327742503 6327742502~6327742503~1 1
6327742502~6327742503~1 6327742503 1
6328067448 6328067451 1
6328067451 6328067448 1
6328067448 6328067462 1
6328067462 6328067448 1
6328067448 6328067642 1
6328067642 6328067448 1
6328067451 6328067454 1
6328067454 6328067451 1
6328067451 6328067578 1
6328067578 6328067451 1
6328067454 6328067462 1
6328067462 6328067454 1
6328067454 6328067576 1
6328067576 6328067454 1
6328067462 2047609741~6328067462~7 1
2047609741~6328067462~7 6328067462 1
6328067576 2047609576~6328067576~1 1
2047609576~6328067576~1 6328067576 1
6328067576 6328067576~6328067586~1 1
6328067576~6328067586~1 6328067576 1
6328067578 6328067580 1
6328067580 6328067578 1
6328067578 2047609196~6328067578~1 1
2047609196~6328067578~1 6328067578 1
6328067579 6328067579~6328067580~1 1
6328067579~6328067580~1 6328067579 1
6328067580 6328067579~6328067580~1 1
6328067579~6328067580~1 6328067580 1
6328067580 6328067580~6388022038~1 1
6328067580~6388022038~1 6328067580 1
6328067586 2047609750~6328067586~1 1
2047609750~6328067586~1 6328067586 1
6328067586 6328067576~6328067586~2 1
6328067576~6328067586~2 6328067586 1
6328067642 340103451~6328067642~1 1
340103451~6328067642~1 6328067642 1
6328067642 6328067642~6328067665~1 1
6328067642~6328067665~1 6328067642 1
6328067665 340103719~6328067665~2 1
340103719~6328067665~2 6328067665 1
6328067665 6328067642~6328067665~3 1
6328067642~6328067665~3 6328067665 1
6328067665 6328067665~6328067666~1 1
6328067665~6328067666~1 6328067665 1
6328067666 340103797~6328067666~2 1
340103797~6328067666~2 6328067666 1
6328067666 3794533773~6328067666~1 1
3794533773~6328067666~1 6328067666 1
6328067666 6328067665~6328067666~1 1
6328067665~6328067666~1 6328067666 1
6328223088 6328223103 1
6328223103 6328223088 1
6328223088 283379946~6328223088~5 1
283379946~6328223088~5 6328223088 1
6329495786 6329495790 1
6329495790 6329495786 1
6329495786 12067285811 1
12067285811 6329495786 1
6329495790 6329495791 1
6329495791 6329495790 1
6329495790 5357920990~6329495790~3 1
5357920990~6329495790~3 6329495790 1
6329495791 6329495796 1
6329495796 6329495791 1
6329495810 8858782272 1
8858782272 6329495810 1
6329495810 11390378659 1
11390378659 6329495810 1
6329495810 6329495810~8858782276~1 1
6329495810~8858782276~1 6329495810 1
6329495811 8858782272 1
8858782272 6329495811 1
6329495811 8858782274 1
8858782274 6329495811 1
6329495860 6329495861 1
6329495861 6329495860 1
6334626222 4945979490~6334626222~1 1
4945979490~6334626222~1 6334626222 1
6334626223 6334626224 1
6334626224 6334626223 1
6334626223 10195458876 1
10195458876 6334626223 1
6334626225 6334626226 1
6334626226 6334626225 1
6388022037 6388022038 1
6388022038 6388022037 1
6388022037 340182667~6388022037~1 1
340182667~6388022037~1 6388022037 1
6388022038 6388022039 1
6388022039 6388022038 1
6388022038 6328067580~6388022038~4 1
6328067580~6388022038~4 6388022038 1
6388022039 3794533765~6388022039~1 1
3794533765~6388022039~1 6388022039 1
6621237569 6621237570 1
6621237570 6621237569 1
6621237569 283380707~6621237569~1 1
283380707~6621237569~1 6621237569 1
6873777519 6873777520 1
6873777520 6873777519 1
6873777519 6873777521 1
6873777521 6873777519 1
6873777519 7022905822 1
7022905822 6873777519 1
6873777520 6873777522 1
6873777522 6873777520 1
6873777520 7022905823 1
7022905823 6873777520 1
6873777521 6873777522 1
6873777522 6873777521 1
6988538675 340115532~6988538675~3 1
340115532~6988538675~3 6988538675 1
7022905822 7022905823 1
7022905823 7022905822 1
7022905822 11390498894 1
11390498894 7022905822 1
7022905823 11390498894 1
11390498894 7022905823 1
7281334398 2993315493~7281334398~1 1
2993315493~7281334398~1 7281334398 1
7696316274 8858782237 1
8858782237 7696316274 1
7696316274 340107591~7696316274~1 1
340107591~7696316274~1 7696316274 1
7874161631 5357909049~7874161631~1 1
5357909049~7874161631~1 7874161631 1
7874161631 5794600343~7874161631~1 1
5794600343~7874161631~1 7874161631 1
7874173012 7874173013 1
7874173013 7874173012 1
7874173013 7874173014 1
7874173014 7874173013 1
8042519004 11818372405 1
11818372405 8042519004 1
8049066733 8049066737 1
8049066737 8049066733 1
8049066733 340107289~8049066733~1 1
340107289~8049066733~1 8049066733 1
8065833501 10205812177 1
10205812177 8065833501 1
8065833501 10205812180 1
10205812180 8065833501 1
8777651517 340104333~8777651517~1 1
340104333~8777651517~1 8777651517 1
8777651518 6304568592~8777651518~1 1
6304568592~8777651518~1 8777651518 1
8858782218 8858782239 1
8858782239 8858782218 1
8858782218 12067285771 1
12067285771 8858782218 1
8858782223 8858782226 1
8858782226 8858782223 1
8858782223 8858782223~8858782239~1 1
8858782223~8858782239~1 8858782223 1
8858782227 1854842984~8858782227~2 1
1854842984~8858782227~2 8858782227 1
8858782237 1854842993~8858782237~2 1
1854842993~8858782237~2 8858782237 1
8858782237 1854843017~8858782237~1 1
1854843017~8858782237~1 8858782237 1
8858782239 8858782223~8858782239~1 1
8858782223~8858782239~1 8858782239 1
8858782243 8858782244 1
8858782244 8858782243 1
8858782243 10205812201~8858782243~1 1
10205812201~8858782243~1 8858782243 1
8858782244 10205812190 1
10205812190 8858782244 1
8858782244 12067285787~8858782244~1 1
12067285787~8858782244~1 8858782244 1
8858782272 8858782276 1
8858782276 8858782272 1
8858782272 8858782282 1
8858782282 8858782272 1
8858782274 8858782276 1
8858782276 8858782274 1
8858782274 10012412169 1
10012412169 8858782274 1
8858782276 6329495810~8858782276~1 1
6329495810~8858782276~1 8858782276 1
8858782282 11390378658 1
11390378658 8858782282 1
8870240805 8870240806 1
8870240806 8870240805 1
8870240805 340116759~8870240805~1 1
340116759~8870240805~1 8870240805 1
8907247370 10760512701 1
10760512701 8907247370 1
9057112454 1854843016~9057112454~1 1
1854843016~9057112454~1 9057112454 1
9057112454 3785443550~9057112454~1 1
3785443550~9057112454~1 9057112454 1
9057112454 9057112454~9057112457~1 1
9057112454~9057112457~1 9057112454 1
9057112457 9057112454~9057112457~1 1
9057112454~9057112457~1 9057112457 1
9057112458 12315905550 1
12315905550 9057112458 1
9057112458 12315905551~9057112458~2 1
12315905551~9057112458~2 9057112458 1
9173285039 9173285044 1
9173285044 9173285039 1
9173285040 9173285044 1
9173285044 9173285040 1
9584368072 9584368073 1
9584368073 9584368072 1
9584368073 283383497~9584368073~1 1
283383497~9584368073~1 9584368073 1
9584439986 9584439987 1
9584439987 9584439986 1
10056327105 10056327110 1
10056327110 10056327105 1
10056327110 10204357694 1
10204357694 10056327110 1
10056327110 10056327110~10056327112~1 1
10056327110~10056327112~1 10056327110 1
10056327112 10056327110~10056327112~2 1
10056327110~10056327112~2 10056327112 1
10056350820 10056350820~3694099661~1 1
10056350820~3694099661~1 10056350820 1
10056350820 10056350820~5432095414~1 1
10056350820~5432095414~1 10056350820 1
10056350822 10056350823 1
10056350823 10056350822 1
10056350822 10056350822~340120015~1 1
10056350822~340120015~1 10056350822 1
10195458872 10195458876 1
10195458876 10195458872 1
10195458883 10195458884 1
10195458884 10195458883 1
10195458884 10195458884~10195458901~1 1
10195458884~10195458901~1 10195458884 1
10195458901 10195458884~10195458901~1 1
10195458884~10195458901~1 10195458901 1
10195513730 10195513730~10195513731~1 1
10195513730~10195513731~1 10195513730 1
10195513731 10195513730~10195513731~1 1
10195513730~10195513731~1 10195513731 1
10205562808 10205812160 1
10205812160 10205562808 1
10205812138 10205812180 1
10205812180 10205812138 1
10205812138 10205812138~11013144074~1 1
10205812138~11013144074~1 10205812138 1
10205812151 10205812180 1
10205812180 10205812151 1
10205812190 10205812190~5794601755~1 1
10205812190~5794601755~1 10205812190 1
10205812201 12067285784 1
12067285784 10205812201 1
10205812201 12067285787 1
12067285787 10205812201 1
10205812201 10205812201~8858782243~1 1
10205812201~8858782243~1 10205812201 1
10205812205 12067285787 1
12067285787 10205812205 1
10238004512 10238004512~283381444~1 1
10238004512~283381444~1 10238004512 1
10245473973 12315905550 1
12315905550 10245473973 1
10703172111 10703172111~3794533771~1 1
10703172111~3794533771~1 10703172111 1
10703172111 10703172111~6327742202~1 1
10703172111~6327742202~1 10703172111 1
10760521734 10760521737 1
10760521737 10760521734 1
10760563719 10760563719~283436500~1 1
10760563719~283436500~1 10760563719 1
10760563719 10760563719~283436878~1 1
10760563719~283436878~1 10760563719 1
11010815589 11010815590 1
11010815590 11010815589 1
11013144074 10205812138~11013144074~1 1
10205812138~11013144074~1 11013144074 1
11014103609 11014103610 1
11014103610 11014103609 1
11014103634 11014103635 1
11014103635 11014103634 1
11014103653 11014103653~5357920990~1 1
11014103653~5357920990~1 11014103653 1
11016103503 11016103504 1
11016103504 11016103503 1
11016162519 11016162525 1
11016162525 11016162519 1
11016365746 11016365747 1
11016365747 11016365746 1
11036159696 11036159696~340117312~1 1
11036159696~340117312~1 11036159696 1
11036188497 11036188502 1
11036188502 11036188497 1
11200368889 11200368890 1
11200368890 11200368889 1
11200368889 11200368889~283382192~1 1
11200368889~283382192~1 11200368889 1
11200368890 11200368890~283383169~1 1
11200368890~283383169~1 11200368890 1
11386835062 11386835063 1
11386835063 11386835062 1
11386841093 11386841093~340105763~1 1
11386841093~340105763~1 11386841093 1
11390378658 11390378659 1
11390378659 11390378658 1
11390378658 11390378658~5019922371~1 1
11390378658~5019922371~1 11390378658 1
11390378659 11390378659~5019922371~1 1
11390378659~5019922371~1 11390378659 1
11390498894 11390498894~5019922371~1 1
11390498894~5019922371~1 11390498894 1
11464621041 11464621042 1
11464621042 11464621041 1
11612244891 11612244894 1
11612244894 11612244891 1
11800741286 11800741290 1
11800741290 11800741286 1
11818372405 11818372410 1
11818372410 11818372405 1
12067285783 12067285784 1
12067285784 12067285783 1
12067285784 12067285784~5794601756~1 1
12067285784~5794601756~1 12067285784 1
12067285787 12067285787~8858782244~1 1
12067285787~8858782244~1 12067285787 1
12067443659 12067443660 1
12067443660 12067443659 1
12068984195 12068984196 1
12068984196 12068984195 1
12068984195 12068984195~313953923~1 1
12068984195~313953923~1 12068984195 1
12315905546 12315905546~12315905548~1 1
12315905546~12315905548~1 12315905546 1
12315905546 12315905546~2047609417~1 1
12315905546~2047609417~1 12315905546 1
12315905548 12315905546~12315905548~1 1
12315905546~12315905548~1 12315905548 1
12315905550 12315905550~12315905551~1 1
12315905550~12315905551~1 12315905550 1
12315905551 12315905550~12315905551~2 1
12315905550~12315905551~2 12315905551 1
12315905551 12315905551~5773865539~1 1
12315905551~5773865539~1 12315905551 1
12315905551 12315905551~9057112458~1 1
12315905551~9057112458~1 12315905551 1
10056327110~10056327112~1 10056327110~10056327112~2 1
10056327110~10056327112~2 10056327110~10056327112~1 1
10703172111~6327742202~1 10703172111~6327742202~2 1
10703172111~6327742202~2 10703172111~6327742202~1 1
10703172111~6327742202~2 10703172111~6327742202~3 1
10703172111~6327742202~3 10703172111~6327742202~2 1
10703172111~6327742202~3 10703172111~6327742202~4 1
10703172111~6327742202~4 10703172111~6327742202~3 1
1073509659~1073509707~1 1073509659~1073509707~2 1
1073509659~1073509707~2 1073509659~1073509707~1 1
1073509707~1437159563~1 1073509707~1437159563~2 1
1073509707~1437159563~2 1073509707~1437159563~1 1
12315905546~2047609417~1 12315905546~2047609417~2 1
12315905546~2047609417~2 12315905546~2047609417~1 1
12315905546~2047609417~2 12315905546~2047609417~3 1
12315905546~2047609417~3 12315905546~2047609417~2 1
12315905546~2047609417~3 12315905546~2047609417~4 1
12315905546~2047609417~4 12315905546~2047609417~3 1
12315905546~2047609417~4 12315905546~2047609417~5 1
12315905546~2047609417~5 12315905546~2047609417~4 1
12315905550~12315905551~1 12315905550~12315905551~2 1
12315905550~12315905551~2 12315905550~12315905551~1 1
12315905551~9057112458~1 12315905551~9057112458~2 1
12315905551~9057112458~2 12315905551~9057112458~1 1
1258669705~282302680~1 1258669705~282302680~2 1
1258669705~282302680~2 1258669705~282302680~1 1
1258669705~282302680~2 1258669705~282302680~3 1
1258669705~282302680~3 1258669705~282302680~2 1
1287004850~283383455~1 1287004850~283383455~2 1
1287004850~283383455~2 1287004850~283383455~1 1
1387990247~339167841~1 1387990247~339167841~2 1
1387990247~339167841~2 1387990247~339167841~1 1
1387990247~339167841~2 1387990247~339167841~3 1
1387990247~339167841~3 1387990247~339167841~2 1
1437159557~283382831~1 1437159557~283382831~2 1
1437159557~283382831~2 1437159557~283382831~1 1
1437159568~340349739~1 1437159568~340349739~2 1
1437159568~340349739~2 1437159568~340349739~1 1
1854842970~282284478~1 1854842970~282284478~2 1
1854842970~282284478~2 1854842970~282284478~1 1
1854842984~8858782227~1 1854842984~8858782227~2 1
1854842984~8858782227~2 1854842984~8858782227~1 1
1854842993~8858782237~1 1854842993~8858782237~2 1
1854842993~8858782237~2 1854842993~8858782237~1 1
2047609596~3786156631~1 2047609596~3786156631~2 1
2047609596~3786156631~2 2047609596~3786156631~1 1
2047609596~3786156631~2 2047609596~3786156631~3 1
2047609596~3786156631~3 2047609596~3786156631~2 1
2047609741~6328067462~1 2047609741~6328067462~2 1
2047609741~6328067462~2 2047609741~6328067462~1 1
2047609741~6328067462~2 2047609741~6328067462~3 1
2047609741~6328067462~3 2047609741~6328067462~2 1
2047609741~6328067462~3 2047609741~6328067462~4 1
2047609741~6328067462~4 2047609741~6328067462~3 1
2047609741~6328067462~4 2047609741~6328067462~5 1
2047609741~6328067462~5 2047609741~6328067462~4 1
2047609741~6328067462~5 2047609741~6328067462~6 1
2047609741~6328067462~6 2047609741~6328067462~5 1
2047609741~6328067462~6 2047609741~6328067462~7 1
2047609741~6328067462~7 2047609741~6328067462~6 1
2398732504~2995225294~1 2398732504~2995225294~2 1
2398732504~2995225294~2 2398732504~2995225294~1 1
2398732504~2995225294~2 2398732504~2995225294~3 1
2398732504~2995225294~3 2398732504~2995225294~2 1
2398732504~2995225294~3 2398732504~2995225294~4 1
2398732504~2995225294~4 2398732504~2995225294~3 1
2398732504~2995225294~4 2398732504~2995225294~5 1
2398732504~2995225294~5 2398732504~2995225294~4 1
2398732504~2995225294~5 2398732504~2995225294~6 1
2398732504~2995225294~6 2398732504~2995225294~5 1
2398732504~2995225294~6 2398732504~2995225294~7 1
2398732504~2995225294~7 2398732504~2995225294~6 1
2398732504~2995225294~7 2398732504~2995225294~8 1
2398732504~2995225294~8 2398732504~2995225294~7 1
2398732507~6327742202~1 2398732507~6327742202~2 1
2398732507~6327742202~2 2398732507~6327742202~1 1
2398732507~6327742202~2 2398732507~6327742202~3 1
2398732507~6327742202~3 2398732507~6327742202~2 1
2789196382~340112715~1 2789196382~340112715~2 1
2789196382~340112715~2 2789196382~340112715~1 1
282284462~340115380~1 282284462~340115380~2 1
282284462~340115380~2 282284462~340115380~1 1
282284462~340115380~2 282284462~340115380~3 1
282284462~340115380~3 282284462~340115380~2 1
282284469~340113761~1 282284469~340113761~2 1
282284469~340113761~2 282284469~340113761~1 1
282284469~5809720308~1 282284469~5809720308~2 1
282284469~5809720308~2 282284469~5809720308~1 1
282284469~5809720308~2 282284469~5809720308~3 1
282284469~5809720308~3 282284469~5809720308~2 1
282284469~5809720308~3 282284469~5809720308~4 1
282284469~5809720308~4 282284469~5809720308~3 1
282284478~313954094~1 282284478~313954094~2 1
282284478~313954094~2 282284478~313954094~1 1
282302680~283379656~1 282302680~283379656~2 1
282302680~283379656~2 282302680~283379656~1 1
282302680~283379656~2 282302680~283379656~3 1
282302680~283379656~3 282302680~283379656~2 1
283379657~3787697975~1 283379657~3787697975~2 1
283379657~3787697975~2 283379657~3787697975~1 1
283379657~3787697975~2 283379657~3787697975~3 1
283379657~3787697975~3 283379657~3787697975~2 1
283379657~3787697975~3 283379657~3787697975~4 1
283379657~3787697975~4 283379657~3787697975~3 1
283379657~3787697975~4 283379657~3787697975~5 1
283379657~3787697975~5 283379657~3787697975~4 1
283379657~3787697975~5 283379657~3787697975~6 1
283379657~3787697975~6 283379657~3787697975~5 1
283379657~3787697975~6 283379657~3787697975~7 1
283379657~3787697975~7 283379657~3787697975~6 1
283379853~283379946~1 283379853~283379946~2 1
283379853~283379946~2 283379853~283379946~1 1
283379855~283380335~1 283379855~283380335~2 1
283379855~283380335~2 283379855~283380335~1 1
283379855~283380335~2 283379855~283380335~3 1
283379855~283380335~3 283379855~283380335~2 1
283379855~283380335~3 283379855~283380335~4 1
283379855~283380335~4 283379855~283380335~3 1
283379855~283380335~4 283379855~283380335~5 1
283379855~283380335~5 283379855~283380335~4 1
283379855~283380335~5 283379855~283380335~6 1
283379855~283380335~6 283379855~283380335~5 1
283379855~283380335~6 283379855~283380335~7 1
283379855~283380335~7 283379855~283380335~6 1
283379855~283380335~7 283379855~283380335~8 1
283379855~283380335~8 283379855~283380335~7 1
283379855~283380335~8 283379855~283380335~9 1
283379855~283380335~9 283379855~283380335~8 1
283379946~6328223088~1 283379946~6328223088~2 1
283379946~6328223088~2 283379946~6328223088~1 1
283379946~6328223088~2 283379946~6328223088~3 1
283379946~6328223088~3 283379946~6328223088~2 1
283379946~6328223088~3 283379946~6328223088~4 1
283379946~6328223088~4 283379946~6328223088~3 1
283379946~6328223088~4 283379946~6328223088~5 1
283379946~6328223088~5 283379946~6328223088~4 1
283381220~283381863~1 283381220~283381863~2 1
283381220~283381863~2 283381220~283381863~1 1
283381237~283381863~1 283381237~283381863~2 1
283381237~283381863~2 283381237~283381863~1 1
283381451~283382832~1 283381451~283382832~2 1
283381451~283382832~2 283381451~283382832~1 1
283381680~283387647~1 283381680~283387647~2 1
283381680~283387647~2 283381680~283387647~1 1
283383419~283387964~1 283383419~283387964~2 1
283383419~283387964~2 283383419~283387964~1 1
283383420~340098594~1 283383420~340098594~2 1
283383420~340098594~2 283383420~340098594~1 1
283383422~283383703~1 283383422~283383703~2 1
283383422~283383703~2 283383422~283383703~1 1
283389530~5339546234~1 283389530~5339546234~2 1
283389530~5339546234~2 283389530~5339546234~1 1
283429986~283432836~1 283429986~283432836~2 1
283429986~283432836~2 283429986~283432836~1 1
283432947~283434629~1 283432947~283434629~2 1
283432947~283434629~2 283432947~283434629~1 1
283433981~3793367364~1 283433981~3793367364~2 1
283433981~3793367364~2 283433981~3793367364~1 1
283433981~3793367364~10 283433981~3793367364~9 1
283433981~3793367364~9 283433981~3793367364~10 1
283433981~3793367364~2 283433981~3793367364~3 1
283433981~3793367364~3 283433981~3793367364~2 1
283433981~3793367364~3 283433981~3793367364~4 1
283433981~3793367364~4 283433981~3793367364~3 1
283433981~3793367364~4 283433981~3793367364~5 1
283433981~3793367364~5 283433981~3793367364~4 1
283433981~3793367364~5 283433981~3793367364~6 1
283433981~3793367364~6 283433981~3793367364~5 1
283433981~3793367364~6 283433981~3793367364~7 1
283433981~3793367364~7 283433981~3793367364~6 1
283433981~3793367364~7 283433981~3793367364~8 1
283433981~3793367364~8 283433981~3793367364~7 1
283433981~3793367364~8 283433981~3793367364~9 1
283433981~3793367364~9 283433981~3793367364~8 1
283434391~283434460~1 283434391~283434460~2 1
283434391~283434460~2 283434391~283434460~1 1
283435523~3795977606~1 283435523~3795977606~2 1
283435523~3795977606~2 283435523~3795977606~1 1
283435525~283435931~1 283435525~283435931~2 1
283435525~283435931~2 283435525~283435931~1 1
283435815~283435930~1 283435815~283435930~2 1
283435815~283435930~2 283435815~283435930~1 1
283435928~2994538484~1 283435928~2994538484~2 1
283435928~2994538484~2 283435928~2994538484~1 1
283435930~283436065~1 283435930~283436065~2 1
283435930~283436065~2 283435930~283436065~1 1
283435931~283436127~1 283435931~283436127~2 1
283435931~283436127~2 283435931~283436127~1 1
283440326~283440389~1 283440326~283440389~2 1
283440326~283440389~2 283440326~283440389~1 1
283441914~283442004~1 283441914~283442004~2 1
283441914~283442004~2 283441914~283442004~1 1
283443335~340109831~1 283443335~340109831~2 1
283443335~340109831~2 283443335~340109831~1 1
313953398~313953403~1 313953398~313953403~2 1
313953398~313953403~2 313953398~313953403~1 1
313954094~340107909~1 313954094~340107909~2 1
313954094~340107909~2 313954094~340107909~1 1
340103451~340105854~1 340103451~340105854~2 1
340103451~340105854~2 340103451~340105854~1 1
340103719~6328067665~1 340103719~6328067665~2 1
340103719~6328067665~2 340103719~6328067665~1 1
340103797~6328067666~1 340103797~6328067666~2 1
340103797~6328067666~2 340103797~6328067666~1 1
340106825~340106852~1 340106825~340106852~2 1
340106825~340106852~2 340106825~340106852~1 1
340108594~340108658~1 340108594~340108658~2 1
340108594~340108658~2 340108594~340108658~1 1
340115320~340116310~1 340115320~340116310~2 1
340115320~340116310~2 340115320~340116310~1 1
340115320~340116310~2 340115320~340116310~3 1
340115320~340116310~3 340115320~340116310~2 1
340115532~6988538675~1 340115532~6988538675~2 1
340115532~6988538675~2 340115532~6988538675~1 1
340115532~6988538675~2 340115532~6988538675~3 1
340115532~6988538675~3 340115532~6988538675~2 1
340115587~340116310~1 340115587~340116310~2 1
340115587~340116310~2 340115587~340116310~1 1
340115587~340116310~2 340115587~340116310~3 1
340115587~340116310~3 340115587~340116310~2 1
340116007~340116026~1 340116007~340116026~2 1
340116007~340116026~2 340116007~340116026~1 1
340117234~340117247~1 340117234~340117247~2 1
340117234~340117247~2 340117234~340117247~1 1
340117247~340117251~1 340117247~340117251~2 1
340117247~340117251~2 340117247~340117251~1 1
340117433~340117470~1 340117433~340117470~2 1
340117433~340117470~2 340117433~340117470~1 1
340119918~340119969~1 340119918~340119969~2 1
340119918~340119969~2 340119918~340119969~1 1
340121006~340121020~1 340121006~340121020~2 1
340121006~340121020~2 340121006~340121020~1 1
340121349~4988724425~1 340121349~4988724425~2 1
340121349~4988724425~2 340121349~4988724425~1 1
340182565~340182667~1 340182565~340182667~2 1
340182565~340182667~2 340182565~340182667~1 1
3793025298~3793367364~1 3793025298~3793367364~2 1
3793025298~3793367364~2 3793025298~3793367364~1 1
3795977608~5339546274~1 3795977608~5339546274~2 1
3795977608~5339546274~2 3795977608~5339546274~1 1
4988724425~4988724427~1 4988724425~4988724427~2 1
4988724425~4988724427~2 4988724425~4988724427~1 1
4988724425~4988724427~2 4988724425~4988724427~3 1
4988724425~4988724427~3 4988724425~4988724427~2 1
5058466665~5357920989~1 5058466665~5357920989~2 1
5058466665~5357920989~2 5058466665~5357920989~1 1
5357920990~6329495790~1 5357920990~6329495790~2 1
5357920990~6329495790~2 5357920990~6329495790~1 1
5357920990~6329495790~2 5357920990~6329495790~3 1
5357920990~6329495790~3 5357920990~6329495790~2 1
6327742161~6327742167~1 6327742161~6327742167~2 1
6327742161~6327742167~2 6327742161~6327742167~1 1
6327742161~6327742167~2 6327742161~6327742167~3 1
6327742161~6327742167~3 6327742161~6327742167~2 1
6327742161~6327742167~3 6327742161~6327742167~4 1
6327742161~6327742167~4 6327742161~6327742167~3 1
6327742161~6327742167~4 6327742161~6327742167~5 1
6327742161~6327742167~5 6327742161~6327742167~4 1
6327742161~6327742167~5 6327742161~6327742167~6 1
6327742161~6327742167~6 6327742161~6327742167~5 1
6328067576~6328067586~1 6328067576~6328067586~2 1
6328067576~6328067586~2 6328067576~6328067586~1 1
6328067580~6388022038~1 6328067580~6388022038~2 1
6328067580~6388022038~2 6328067580~6388022038~1 1
6328067580~6388022038~2 6328067580~6388022038~3 1
6328067580~6388022038~3 6328067580~6388022038~2 1
6328067580~6388022038~3 6328067580~6388022038~4 1
6328067580~6388022038~4 6328067580~6388022038~3 1
6328067642~6328067665~1 6328067642~6328067665~2 1
6328067642~6328067665~2 6328067642~6328067665~1 1
6328067642~6328067665~2 6328067642~6328067665~3 1
6328067642~6328067665~3 6328067642~6328067665~2 1
S 25
12315905548 12315905546 2047609417 10245473973 12315905550 9057112458 2047609407 2047609681 2047609692 2047609389 2047609843 2047609448 2047609755 5794601787 11464621041 11464621042 12315905551 11386835062 11386835063 2047609463 5773865539 2047609462 5794601786 6327742369 2047609537
T 25
3694138200 10195458858 340121847 340122136 340122295 5432095399 340122135 340122294 340121806 340121875 10195458884 10195458901 340121541 340121983 10195458883 340121870 340121889 340121982 340122010 5362305415 5362305416 340121571 340121911 340122018 340122081
