nome,caminho,braco,seed,threads,work_limit,guard_s,dificuldade,particao,fora_avanco,sha256,commit,cuts_sha256,fonte_certificado,mip_status,guarda_parede,mip_obj,mip_bound,mip_gap,node_count,work,time_modelo_s,time_mip_s,time_to_first_incumbent_s,time_to_best_incumbent_s,time_to_proof_s,n_cortes
b-b06-intercalado-f2.txt,instances/benchmark-v1/steinlib-b/b-b06-intercalado-f2.txt,base,42,4,164.0,1800,F,desenvolvimento,0,abdcdf3d6a523cf86c6de6b1e0c136fe9975fdb7dd0d60fa2c2b09b0bfe86fa0,9b93650-dirty,4952ac563156bc616105251b414e8c2778a3859be94ff5ed183c2d9cd8ffaebb,solver,2,0,1.0,1.0,0.0,1,0.00536327828985755,0.024261426005978137,0.029434766009217128,0.00090789794921875,0.02508997917175293,0.029434766009217128,0
b-b06-intercalado-f2.txt,instances/benchmark-v1/steinlib-b/b-b06-intercalado-f2.txt,comp,42,4,164.0,1800,F,desenvolvimento,0,abdcdf3d6a523cf86c6de6b1e0c136fe9975fdb7dd0d60fa2c2b09b0bfe86fa0,9b93650-dirty,4952ac563156bc616105251b414e8c2778a3859be94ff5ed183c2d9cd8ffaebb,solver,2,0,1.0,1.0,0.0,1,0.004973502821925942,0.024593633992481045,0.027401523999287747,0.0007011890411376953,0.023488998413085938,0.027401523999287747,2
b-b06-intercalado-f2.txt,instances/benchmark-v1/steinlib-b/b-b06-intercalado-f2.txt,nucleo,42,4,164.0,1800,F,desenvolvimento,0,abdcdf3d6a523cf86c6de6b1e0c136fe9975fdb7dd0d60fa2c2b09b0bfe86fa0,9b93650-dirty,4952ac563156bc616105251b414e8c2778a3859be94ff5ed183c2d9cd8ffaebb,solver,2,0,1.0,1.0,0.0,0,2.74071568627451e-05,0.001234294002642855,0.0014392339944606647,0.00011396408081054688,0.0010030269622802734,0.0014392339944606647,2
b-b06-regiao-f2.txt,instances/benchmark-v1/steinlib-b/b-b06-regiao-f2.txt,base,42,4,164.0,1800,F,desenvolvimento,0,5af5c773553695da39e5f4f7ac5a0976097a0a7ac6b9383a689fd17a0052f0d3,9b93650-dirty,4952ac563156bc616105251b414e8c2778a3859be94ff5ed183c2d9cd8ffaebb,solver,2,0,3.0,3.0,0.0,1,0.015083362437525887,0.017264128997339867,0.08205535699380562,0.0005340576171875,0.07975387573242188,0.08205535699380562,0
b-b06-regiao-f2.txt,instances/benchmark-v1/steinlib-b/b-b06-regiao-f2.txt,comp,42,4,164.0,1800,F,desenvolvimento,0,5af5c773553695da39e5f4f7ac5a0976097a0a7ac6b9383a689fd17a0052f0d3,9b93650-dirty,4952ac563156bc616105251b414e8c2778a3859be94ff5ed183c2d9cd8ffaebb,solver,2,0,3.0,3.0,0.0,1,0.007979500628118093,0.02439183200476691,0.034750581995467655,0.0005898475646972656,0.03234291076660156,0.034750581995467655,14
b-b06-regiao-f2.txt,instances/benchmark-v1/steinlib-b/b-b06-regiao-f2.txt,nucleo,42,4,164.0,1800,F,desenvolvimento,0,5af5c773553695da39e5f4f7ac5a0976097a0a7ac6b9383a689fd17a0052f0d3,9b93650-dirty,4952ac563156bc616105251b414e8c2778a3859be94ff5ed183c2d9cd8ffaebb,solver,2,0,3.0,3.0,0.0,1,0.00012578377274509805,0.0019751149957301095,0.003470359995844774,0.0001780986785888672,0.0026369094848632812,0.003470359995844774,14
pucn-cc6-2n-seed-r1.txt,instances/benchmark-v1/pucn/pucn-cc6-2n-seed-r1.txt,base,42,4,164.0,1800,F,desenvolvimento,0,0bb5c20e2f2d1601cda999e43c212a71029fda6476513f2d235839e409b1afab,9b93650-dirty,4952ac563156bc616105251b414e8c2778a3859be94ff5ed183c2d9cd8ffaebb,solver,2,0,6.0,6.0,0.0,1,0.04204893122157082,0.014351677993545309,0.39391280499694403,0.0006160736083984375,0.056498050689697266,0.39391280499694403,0
pucn-cc6-2n-seed-r1.txt,instances/benchmark-v1/pucn/pucn-cc6-2n-seed-r1.txt,comp,42,4,164.0,1800,F,desenvolvimento,0,0bb5c20e2f2d1601cda999e43c212a71029fda6476513f2d235839e409b1afab,9b93650-dirty,4952ac563156bc616105251b414e8c2778a3859be94ff5ed183c2d9cd8ffaebb,solver,2,0,6.0,6.0,0.0,1,0.008002392054869837,0.026088330007041804,0.056106432995875366,0.0007388591766357422,0.027220964431762695,0.056106432995875366,12
pucn-cc6-2n-seed-r1.txt,instances/benchmark-v1/pucn/pucn-cc6-2n-seed-r1.txt,nucleo,42,4,164.0,1800,F,desenvolvimento,0,0bb5c20e2f2d1601cda999e43c212a71029fda6476513f2d235839e409b1afab,9b93650-dirty,4952ac563156bc616105251b414e8c2778a3859be94ff5ed183c2d9cd8ffaebb,solver,2,0,4.0,4.0,0.0,0,4.4622230769230765e-05,0.0016832920082379133,0.0015616839955328032,0.00013399124145507812,0.0011219978332519531,0.0015616839955328032,12
pace18-t2-001-regiao-f2.txt,instances/benchmark-v1/pace2018/pace18-t2-001-regiao-f2.txt,base,42,4,164.0,1800,F,avaliacao,0,ea33d8fb35fc284b90a6ef9abf5686fd05885437611d9e1d5ec01f1d49bfcf9a,9b93650-dirty,4952ac563156bc616105251b414e8c2778a3859be94ff5ed183c2d9cd8ffaebb,solver,2,0,3.0,3.0,0.0,1,0.05372328604788151,0.04369253199547529,0.2655876569915563,0.001383066177368164,0.18181204795837402,0.2655876569915563,0
pace18-t2-001-regiao-f2.txt,instances/benchmark-v1/pace2018/pace18-t2-001-regiao-f2.txt,comp,42,4,164.0,1800,F,avaliacao,0,ea33d8fb35fc284b90a6ef9abf5686fd05885437611d9e1d5ec01f1d49bfcf9a,9b93650-dirty,4952ac563156bc616105251b414e8c2778a3859be94ff5ed183c2d9cd8ffaebb,solver,2,0,3.0,3.0,0.0,1,0.03247649974703914,0.05547360899799969,0.11166496299847495,0.0012040138244628906,0.10701298713684082,0.11166496299847495,10
pace18-t2-001-regiao-f2.txt,instances/benchmark-v1/pace2018/pace18-t2-001-regiao-f2.txt,nucleo,42,4,164.0,1800,F,avaliacao,0,ea33d8fb35fc284b90a6ef9abf5686fd05885437611d9e1d5ec01f1d49bfcf9a,9b93650-dirty,4952ac563156bc616105251b414e8c2778a3859be94ff5ed183c2d9cd8ffaebb,solver,2,0,2.0,2.0,0.0,0,9.209309090909091e-05,0.0020834810129599646,0.0019374239927856252,0.00013208389282226562,0.0015170574188232422,0.0019374239927856252,10
b-b09-intercalado-f2-rho.txt,instances/benchmark-v1/steinlib-b/b-b09-intercalado-f2-rho.txt,base,42,4,164.0,1800,F,avaliacao,0,662b3b5a6485f92965b7d631cb22b4b753cb02176930869e3a7b0aee7c26455d,9b93650-dirty,4952ac563156bc616105251b414e8c2778a3859be94ff5ed183c2d9cd8ffaebb,solver,2,0,2.0,2.0,0.0,1,0.006659468060561563,0.018322096002520993,0.032510201999684796,0.0005910396575927734,0.021967172622680664,0.032510201999684796,0
b-b09-intercalado-f2-rho.txt,instances/benchmark-v1/steinlib-b/b-b09-intercalado-f2-rho.txt,comp,42,4,164.0,1800,F,avaliacao,0,662b3b5a6485f92965b7d631cb22b4b753cb02176930869e3a7b0aee7c26455d,9b93650-dirty,4952ac563156bc616105251b414e8c2778a3859be94ff5ed183c2d9cd8ffaebb,solver,2,0,2.0,2.0,0.0,1,0.006673940007603523,0.02312811100273393,0.03083697501278948,0.0005991458892822266,0.027343034744262695,0.03083697501278948,3
b-b09-intercalado-f2-rho.txt,instances/benchmark-v1/steinlib-b/b-b09-intercalado-f2-rho.txt,nucleo,42,4,164.0,1800,F,avaliacao,0,662b3b5a6485f92965b7d631cb22b4b753cb02176930869e3a7b0aee7c26455d,9b93650-dirty,4952ac563156bc616105251b414e8c2778a3859be94ff5ed183c2d9cd8ffaebb,solver,2,0,2.0,2.0,0.0,0,3.4941197368421055e-05,0.0014405490073841065,0.0014852079912088811,0.00012111663818359375,0.00012111663818359375,0.0014852079912088811,3
b-b12-intercalado-f2.txt,instances/benchmark-v1/steinlib-b/b-b12-intercalado-f2.txt,base,42,4,164.0,1800,F,desenvolvimento,0,a7c590788ff946de1e4c1dcf86764392106975ab2063ff78197dfba1354ddc0a,9b93650-dirty,4952ac563156bc616105251b414e8c2778a3859be94ff5ed183c2d9cd8ffaebb,solver,2,0,7.0,7.0,0.0,1,0.004834485687122642,0.014822147000813857,0.0328498010057956,0.00041794776916503906,0.016238927841186523,0.0328498010057956,0
b-b12-intercalado-f2.txt,instances/benchmark-v1/steinlib-b/b-b12-intercalado-f2.txt,comp,42,4,164.0,1800,F,desenvolvimento,0,a7c590788ff946de1e4c1dcf86764392106975ab2063ff78197dfba1354ddc0a,9b93650-dirty,4952ac563156bc616105251b414e8c2778a3859be94ff5ed183c2d9cd8ffaebb,solver,2,0,7.0,7.0,0.0,1,0.0028745866409518213,0.01753242200356908,0.01785627599747386,0.00041794776916503906,0.015506982803344727,0.01785627599747386,12
b-b12-intercalado-f2.txt,instances/benchmark-v1/steinlib-b/b-b12-intercalado-f2.txt,nucleo,42,4,164.0,1800,F,desenvolvimento,0,a7c590788ff946de1e4c1dcf86764392106975ab2063ff78197dfba1354ddc0a,9b93650-dirty,4952ac563156bc616105251b414e8c2778a3859be94ff5ed183c2d9cd8ffaebb,solver,2,0,7.0,7.0,0.0,0,4.345711234817814e-05,0.0018651379941729829,0.0020562879944918677,0.000125885009765625,0.0016109943389892578,0.0020562879944918677,12
b-b12-regiao-f2.txt,instances/benchmark-v1/steinlib-b/b-b12-regiao-f2.txt,base,42,4,164.0,1800,F,desenvolvimento,0,34abce24950c2dca8634ee13b0ebd9c1b685391cee091ad33dd554edcf5dd3f6,9b93650-dirty,4952ac563156bc616105251b414e8c2778a3859be94ff5ed183c2d9cd8ffaebb,solver,2,0,3.0,3.0,0.0,1,0.023377828001112818,0.027897969994228333,0.12307958099700045,0.00086212158203125,0.11964607238769531,0.12307958099700045,0
b-b12-regiao-f2.txt,instances/benchmark-v1/steinlib-b/b-b12-regiao-f2.txt,comp,42,4,164.0,1800,F,desenvolvimento,0,34abce24950c2dca8634ee13b0ebd9c1b685391cee091ad33dd554edcf5dd3f6,9b93650-dirty,4952ac563156bc616105251b414e8c2778a3859be94ff5ed183c2d9cd8ffaebb,solver,2,0,3.0,3.0,0.0,1,0.012346083645907469,0.037858709009015,0.04817875199660193,0.00080108642578125,0.04558706283569336,0.04817875199660193,10
b-b12-regiao-f2.txt,instances/benchmark-v1/steinlib-b/b-b12-regiao-f2.txt,nucleo,42,4,164.0,1800,F,desenvolvimento,0,34abce24950c2dca8634ee13b0ebd9c1b685391cee091ad33dd554edcf5dd3f6,9b93650-dirty,4952ac563156bc616105251b414e8c2778a3859be94ff5ed183c2d9cd8ffaebb,solver,2,0,3.0,3.0,0.0,0,9.04236447368421e-05,0.0019619810045696795,0.002205440992838703,0.00013303756713867188,0.0017039775848388672,0.002205440992838703,10
i-i080-001-regiao-f2.txt,instances/benchmark-v1/steinlib-i/i-i080-001-regiao-f2.txt,base,42,4,164.0,1800,F,avaliacao,0,16e58a9ed5b8637a9b9efbb59f7943ea550748c0305f65897e22959773d2ca7b,9b93650-dirty,4952ac563156bc616105251b414e8c2778a3859be94ff5ed183c2d9cd8ffaebb,solver,2,0,1.0,1.0,0.0,1,0.016713432570289056,0.038753955013817176,0.06344561399600934,0.0010671615600585938,0.0571441650390625,0.06344561399600934,0
i-i080-001-regiao-f2.txt,instances/benchmark-v1/steinlib-i/i-i080-001-regiao-f2.txt,comp,42,4,164.0,1800,F,avaliacao,0,16e58a9ed5b8637a9b9efbb59f7943ea550748c0305f65897e22959773d2ca7b,9b93650-dirty,4952ac563156bc616105251b414e8c2778a3859be94ff5ed183c2d9cd8ffaebb,solver,2,0,1.0,1.0,0.0,1,0.012363398864963217,0.0720257689972641,0.04968911499599926,0.001631021499633789,0.04549813270568848,0.04968911499599926,2
i-i080-001-regiao-f2.txt,instances/benchmark-v1/steinlib-i/i-i080-001-regiao-f2.txt,nucleo,42,4,164.0,1800,F,avaliacao,0,16e58a9ed5b8637a9b9efbb59f7943ea550748c0305f65897e22959773d2ca7b,9b93650-dirty,4952ac563156bc616105251b414e8c2778a3859be94ff5ed183c2d9cd8ffaebb,solver,2,0,1.0,1.0,0.0,0,3.5266617283950616e-05,0.00141358700057026,0.0014882750110700727,0.0001270771026611328,0.0001270771026611328,0.0014882750110700727,2
i-i080-041-regiao-f2.txt,instances/benchmark-v1/steinlib-i/i-i080-041-regiao-f2.txt,base,42,4,164.0,1800,F,avaliacao,0,7772c21b841ae8ddce326867182ac0ba003f175a0fa836f57675eb57532b5f2a,9b93650-dirty,4952ac563156bc616105251b414e8c2778a3859be94ff5ed183c2d9cd8ffaebb,solver,2,0,1.0,1.0,0.0,1,0.01067404583848911,0.06843849500000942,0.04100454899889883,0.0006999969482421875,0.037950992584228516,0.04100454899889883,0
i-i080-041-regiao-f2.txt,instances/benchmark-v1/steinlib-i/i-i080-041-regiao-f2.txt,comp,42,4,164.0,1800,F,avaliacao,0,7772c21b841ae8ddce326867182ac0ba003f175a0fa836f57675eb57532b5f2a,9b93650-dirty,4952ac563156bc616105251b414e8c2778a3859be94ff5ed183c2d9cd8ffaebb,solver,2,0,1.0,1.0,0.0,1,0.00521280331075644,0.04211153600772377,0.0246926079998957,0.0007147789001464844,0.019118785858154297,0.0246926079998957,4
i-i080-041-regiao-f2.txt,instances/benchmark-v1/steinlib-i/i-i080-041-regiao-f2.txt,nucleo,42,4,164.0,1800,F,avaliacao,0,7772c21b841ae8ddce326867182ac0ba003f175a0fa836f57675eb57532b5f2a,9b93650-dirty,4952ac563156bc616105251b414e8c2778a3859be94ff5ed183c2d9cd8ffaebb,solver,2,0,1.0,1.0,0.0,0,4.272053086419753e-05,0.001529090994154103,0.001517348995548673,0.00012612342834472656,0.0011060237884521484,0.001517348995548673,4
i-i080-301-regiao-f2.txt,instances/benchmark-v1/steinlib-i/i-i080-301-regiao-f2.txt,base,42,4,164.0,1800,F,avaliacao,0,8c2726a68ea3c4f2a4d793a4a2e2535daaf310b25477ac5e533c342b4a6d8d37,9b93650-dirty,4952ac563156bc616105251b414e8c2778a3859be94ff5ed183c2d9cd8ffaebb,solver,2,0,5.0,5.0,0.0,1,0.03288077746662819,0.023929325994686224,0.2033482569968328,0.0009551048278808594,0.1992931365966797,0.2033482569968328,0
i-i080-301-regiao-f2.txt,instances/benchmark-v1/steinlib-i/i-i080-301-regiao-f2.txt,comp,42,4,164.0,1800,F,avaliacao,0,8c2726a68ea3c4f2a4d793a4a2e2535daaf310b25477ac5e533c342b4a6d8d37,9b93650-dirty,4952ac563156bc616105251b414e8c2778a3859be94ff5ed183c2d9cd8ffaebb,solver,2,0,5.0,5.0,0.0,1,0.012591367002589029,0.029851251005311497,0.051049422996584326,0.0009860992431640625,0.050132036209106445,0.051049422996584326,14
i-i080-301-regiao-f2.txt,instances/benchmark-v1/steinlib-i/i-i080-301-regiao-f2.txt,nucleo,42,4,164.0,1800,F,avaliacao,0,8c2726a68ea3c4f2a4d793a4a2e2535daaf310b25477ac5e533c342b4a6d8d37,9b93650-dirty,4952ac563156bc616105251b414e8c2778a3859be94ff5ed183c2d9cd8ffaebb,solver,2,0,5.0,5.0,0.0,0,8.262696296296297e-05,0.0019906059897039086,0.0021305679983925074,0.00013184547424316406,0.0017209053039550781,0.0021305679983925074,14
i-i080-341-intercalado-f2.txt,instances/benchmark-v1/steinlib-i/i-i080-341-intercalado-f2.txt,base,42,4,164.0,1800,F,avaliacao,0,e2f33631cc2a6622560fac924322fb12012636e9c63d32aa54c1b620010c459c,9b93650-dirty,4952ac563156bc616105251b414e8c2778a3859be94ff5ed183c2d9cd8ffaebb,solver,2,0,2.0,2.0,0.0,1,0.01840135971548546,0.027394921009545214,0.1152290099998936,0.0007569789886474609,0.02941298484802246,0.1152290099998936,0
i-i080-341-intercalado-f2.txt,instances/benchmark-v1/steinlib-i/i-i080-341-intercalado-f2.txt,comp,42,4,164.0,1800,F,avaliacao,0,e2f33631cc2a6622560fac924322fb12012636e9c63d32aa54c1b620010c459c,9b93650-dirty,4952ac563156bc616105251b414e8c2778a3859be94ff5ed183c2d9cd8ffaebb,solver,2,0,2.0,2.0,0.0,1,0.0073940463529437355,0.03563420601130929,0.03123818499443587,0.0007970333099365234,0.028779983520507812,0.03123818499443587,4
i-i080-341-intercalado-f2.txt,instances/benchmark-v1/steinlib-i/i-i080-341-intercalado-f2.txt,nucleo,42,4,164.0,1800,F,avaliacao,0,e2f33631cc2a6622560fac924322fb12012636e9c63d32aa54c1b620010c459c,9b93650-dirty,4952ac563156bc616105251b414e8c2778a3859be94ff5ed183c2d9cd8ffaebb,solver,2,0,2.0,2.0,0.0,0,4.621316049382716e-05,0.001573607005411759,0.001706007999018766,0.000125885009765625,0.000125885009765625,0.001706007999018766,4
b-b15-regiao-f4.txt,instances/benchmark-v1/steinlib-b/b-b15-regiao-f4.txt,base,42,4,164.0,1800,F,avaliacao,0,e74909c614c614413103e755bc81fe2f8c82bf351742988c5808d92349968075,9b93650-dirty,4952ac563156bc616105251b414e8c2778a3859be94ff5ed183c2d9cd8ffaebb,solver,2,0,9.0,9.0,0.0,1,0.08430302664056495,0.02430117200128734,0.6495989499962889,0.0013699531555175781,0.646777868270874,0.6495989499962889,0
b-b15-regiao-f4.txt,instances/benchmark-v1/steinlib-b/b-b15-regiao-f4.txt,comp,42,4,164.0,1800,F,avaliacao,0,e74909c614c614413103e755bc81fe2f8c82bf351742988c5808d92349968075,9b93650-dirty,4952ac563156bc616105251b414e8c2778a3859be94ff5ed183c2d9cd8ffaebb,solver,2,0,9.0,9.0,0.0,1,0.048735370708238406,0.03335191200312693,0.32112609899195377,0.0013840198516845703,0.3190150260925293,0.32112609899195377,33
b-b15-regiao-f4.txt,instances/benchmark-v1/steinlib-b/b-b15-regiao-f4.txt,nucleo,42,4,164.0,1800,F,avaliacao,0,e74909c614c614413103e755bc81fe2f8c82bf351742988c5808d92349968075,9b93650-dirty,4952ac563156bc616105251b414e8c2778a3859be94ff5ed183c2d9cd8ffaebb,solver,2,0,8.0,8.0,0.0,0,0.00020041055329062327,0.0036509290075628087,0.003276315997936763,0.0001609325408935547,0.0028150081634521484,0.003276315997936763,33
b-b18-intercalado-f2.txt,instances/benchmark-v1/steinlib-b/b-b18-intercalado-f2.txt,base,42,4,164.0,1800,F,desenvolvimento,0,5ce1a43892f1f21a8ced22e4217fdf4dd643999a94a45a2b36b5e92ae8975624,9b93650-dirty,4952ac563156bc616105251b414e8c2778a3859be94ff5ed183c2d9cd8ffaebb,solver,2,0,1.0,1.0,0.0,1,0.011196008772572388,0.037843445999897085,0.04272129200398922,0.0010700225830078125,0.038247108459472656,0.04272129200398922,0
b-b18-intercalado-f2.txt,instances/benchmark-v1/steinlib-b/b-b18-intercalado-f2.txt,comp,42,4,164.0,1800,F,desenvolvimento,0,5ce1a43892f1f21a8ced22e4217fdf4dd643999a94a45a2b36b5e92ae8975624,9b93650-dirty,4952ac563156bc616105251b414e8c2778a3859be94ff5ed183c2d9cd8ffaebb,solver,2,0,1.0,1.0,0.0,1,0.012889441693335967,0.047735098996781744,0.05125445999146905,0.0010249614715576172,0.043395042419433594,0.05125445999146905,2
b-b18-intercalado-f2.txt,instances/benchmark-v1/steinlib-b/b-b18-intercalado-f2.txt,nucleo,42,4,164.0,1800,F,desenvolvimento,0,5ce1a43892f1f21a8ced22e4217fdf4dd643999a94a45a2b36b5e92ae8975624,9b93650-dirty,4952ac563156bc616105251b414e8c2778a3859be94ff5ed183c2d9cd8ffaebb,solver,2,0,1.0,1.0,0.0,0,4.4968594059405936e-05,0.0016651070036459714,0.0014036149950698018,0.00012183189392089844,0.00012183189392089844,0.0014036149950698018,2
b-b18-regiao-f2.txt,instances/benchmark-v1/steinlib-b/b-b18-regiao-f2.txt,base,42,4,164.0,1800,F,desenvolvimento,0,ae469341762e376b773cc5d08571848a81ba772d8df6aa433a9cc8feea2a510e,9b93650-dirty,4952ac563156bc616105251b414e8c2778a3859be94ff5ed183c2d9cd8ffaebb,solver,2,0,2.0,2.0,0.0,1,0.09400117565220241,0.07427829600055702,0.4944245340011548,0.0023767948150634766,0.18689393997192383,0.4944245340011548,0
b-b18-regiao-f2.txt,instances/benchmark-v1/steinlib-b/b-b18-regiao-f2.txt,comp,42,4,164.0,1800,F,desenvolvimento,0,ae469341762e376b773cc5d08571848a81ba772d8df6aa433a9cc8feea2a510e,9b93650-dirty,4952ac563156bc616105251b414e8c2778a3859be94ff5ed183c2d9cd8ffaebb,solver,2,0,2.0,2.0,0.0,1,0.05197612192760391,0.10697161199641414,0.1594694429950323,0.002187967300415039,0.15128803253173828,0.1594694429950323,4
b-b18-regiao-f2.txt,instances/benchmark-v1/steinlib-b/b-b18-regiao-f2.txt,nucleo,42,4,164.0,1800,F,desenvolvimento,0,ae469341762e376b773cc5d08571848a81ba772d8df6aa433a9cc8feea2a510e,9b93650-dirty,4952ac563156bc616105251b414e8c2778a3859be94ff5ed183c2d9cd8ffaebb,solver,2,0,2.0,2.0,0.0,0,5.194829702970297e-05,0.0018663850059965625,0.0015507560019614175,0.0001327991485595703,0.0001327991485595703,0.0015507560019614175,4
pucn-cc3-5n-seed-r1.txt,instances/benchmark-v1/pucn/pucn-cc3-5n-seed-r1.txt,base,42,4,164.0,1800,F,desenvolvimento,0,7a50d215268f0e494f39b73e49f70d54b0bd95b315f2be642ec44f3918b02bdb,9b93650-dirty,4952ac563156bc616105251b414e8c2778a3859be94ff5ed183c2d9cd8ffaebb,solver,16,0,8.0,7.000000000000002,0.12499999999999978,46078,164.34256171058612,0.035000115996808745,237.32398671799456,0.0010039806365966797,0.04954791069030762,,0
pucn-cc3-5n-seed-r1.txt,instances/benchmark-v1/pucn/pucn-cc3-5n-seed-r1.txt,comp,42,4,164.0,1800,F,desenvolvimento,0,7a50d215268f0e494f39b73e49f70d54b0bd95b315f2be642ec44f3918b02bdb,9b93650-dirty,4952ac563156bc616105251b414e8c2778a3859be94ff5ed183c2d9cd8ffaebb,solver,2,0,8.0,8.0,0.0,8343,12.037499270793232,0.041566133993910626,30.177946283991332,0.0004220008850097656,0.03643512725830078,30.177946283991332,12
pucn-cc3-5n-seed-r1.txt,instances/benchmark-v1/pucn/pucn-cc3-5n-seed-r1.txt,nucleo,42,4,164.0,1800,F,desenvolvimento,0,7a50d215268f0e494f39b73e49f70d54b0bd95b315f2be642ec44f3918b02bdb,9b93650-dirty,4952ac563156bc616105251b414e8c2778a3859be94ff5ed183c2d9cd8ffaebb,solver,2,0,5.0,5.0,0.0,1,0.00020238665523809464,0.0012668029958149418,0.002909257003921084,8.106231689453125e-05,0.002505064010620117,0.002909257003921084,12
i-i160-301-intercalado-f2-rho.txt,instances/benchmark-v1/steinlib-i/i-i160-301-intercalado-f2-rho.txt,base,42,4,164.0,1800,F,avaliacao,0,a83f4e85e68b594edda33ce6f83e5065c46ca487cf2c8bca6de600aa20562ff6,9b93650-dirty,4952ac563156bc616105251b414e8c2778a3859be94ff5ed183c2d9cd8ffaebb,solver,2,0,5.0,5.0,0.0,1,0.03754965145197922,0.02344425700721331,0.09418278399971314,0.0006079673767089844,0.07165408134460449,0.09418278399971314,0
i-i160-301-intercalado-f2-rho.txt,instances/benchmark-v1/steinlib-i/i-i160-301-intercalado-f2-rho.txt,comp,42,4,164.0,1800,F,avaliacao,0,a83f4e85e68b594edda33ce6f83e5065c46ca487cf2c8bca6de600aa20562ff6,9b93650-dirty,4952ac563156bc616105251b414e8c2778a3859be94ff5ed183c2d9cd8ffaebb,solver,2,0,5.0,5.0,0.0,1,0.019861699407504457,0.021777033995022066,0.026273167997715063,0.00045609474182128906,0.02477097511291504,0.026273167997715063,9
i-i160-301-intercalado-f2-rho.txt,instances/benchmark-v1/steinlib-i/i-i160-301-intercalado-f2-rho.txt,nucleo,42,4,164.0,1800,F,avaliacao,0,a83f4e85e68b594edda33ce6f83e5065c46ca487cf2c8bca6de600aa20562ff6,9b93650-dirty,4952ac563156bc616105251b414e8c2778a3859be94ff5ed183c2d9cd8ffaebb,solver,2,0,5.0,5.0,0.0,0,8.01205590062112e-05,0.0009614089940441772,0.0008466970029985532,6.29425048828125e-05,0.0006771087646484375,0.0008466970029985532,9
i-i160-301-regiao-f2.txt,instances/benchmark-v1/steinlib-i/i-i160-301-regiao-f2.txt,base,42,4,164.0,1800,F,avaliacao,0,6a302c8a32908a37224b0e4db92bbf02b6ce7cc00c5d2d6636213eb0a87465f4,9b93650-dirty,4952ac563156bc616105251b414e8c2778a3859be94ff5ed183c2d9cd8ffaebb,solver,2,0,4.0,4.0,0.0,1,0.259373576353444,0.030180791989550926,0.6303735120018246,0.0008769035339355469,0.6245028972625732,0.6303735120018246,0
i-i160-301-regiao-f2.txt,instances/benchmark-v1/steinlib-i/i-i160-301-regiao-f2.txt,comp,42,4,164.0,1800,F,avaliacao,0,6a302c8a32908a37224b0e4db92bbf02b6ce7cc00c5d2d6636213eb0a87465f4,9b93650-dirty,4952ac563156bc616105251b414e8c2778a3859be94ff5ed183c2d9cd8ffaebb,solver,2,0,4.0,4.0,0.0,1,0.04421575049982132,0.07750338299956638,0.06427041400456801,0.0011620521545410156,0.062258005142211914,0.06427041400456801,18
i-i160-301-regiao-f2.txt,instances/benchmark-v1/steinlib-i/i-i160-301-regiao-f2.txt,nucleo,42,4,164.0,1800,F,avaliacao,0,6a302c8a32908a37224b0e4db92bbf02b6ce7cc00c5d2d6636213eb0a87465f4,9b93650-dirty,4952ac563156bc616105251b414e8c2778a3859be94ff5ed183c2d9cd8ffaebb,solver,2,0,4.0,4.0,0.0,0,0.00022410804069957502,0.001381918991683051,0.0011445860000094399,7.700920104980469e-05,0.0009391307830810547,0.0011445860000094399,18
pace18-t2-081-regiao-f2.txt,instances/benchmark-v1/pace2018/pace18-t2-081-regiao-f2.txt,base,42,4,164.0,1800,F,avaliacao,0,c7b91b436c0bc26de585ee1b2f7d4a02141c173b56a79f59e6b8370f171d6519,9b93650-dirty,4952ac563156bc616105251b414e8c2778a3859be94ff5ed183c2d9cd8ffaebb,solver,16,0,3.0,2.0,0.3333333333333333,10921,164.94697309655234,0.18333903400343843,189.78545119300543,0.0048868656158447266,1.3909428119659424,,0
pace18-t2-081-regiao-f2.txt,instances/benchmark-v1/pace2018/pace18-t2-081-regiao-f2.txt,comp,42,4,164.0,1800,F,avaliacao,0,c7b91b436c0bc26de585ee1b2f7d4a02141c173b56a79f59e6b8370f171d6519,9b93650-dirty,4952ac563156bc616105251b414e8c2778a3859be94ff5ed183c2d9cd8ffaebb,solver,2,0,3.0,3.0,0.0,1,0.613319412433501,0.21426679099386092,0.578674096002942,0.0038068294525146484,0.5696167945861816,0.578674096002942,22
pace18-t2-081-regiao-f2.txt,instances/benchmark-v1/pace2018/pace18-t2-081-regiao-f2.txt,nucleo,42,4,164.0,1800,F,avaliacao,0,c7b91b436c0bc26de585ee1b2f7d4a02141c173b56a79f59e6b8370f171d6519,9b93650-dirty,4952ac563156bc616105251b414e8c2778a3859be94ff5ed183c2d9cd8ffaebb,solver,2,0,2.0,2.0,0.0,0,0.00048334729192546586,0.002913771997555159,0.0012882309965789318,0.0001068115234375,0.0001068115234375,0.0012882309965789318,22
pucn-cc5-3n-seed-r1.txt,instances/benchmark-v1/pucn/pucn-cc5-3n-seed-r1.txt,base,42,4,164.0,1800,F,desenvolvimento,0,bc5ebcabf46831712760fffb01d4dbaa7cf1c8425b89d69ece38770cfd40adb9,9b93650-dirty,4952ac563156bc616105251b414e8c2778a3859be94ff5ed183c2d9cd8ffaebb,solver,2,0,15.0,15.0,0.0,6307,92.72860487823817,0.02387279798858799,109.90334788599284,0.0006971359252929688,2.726191997528076,109.90334788599284,0
pucn-cc5-3n-seed-r1.txt,instances/benchmark-v1/pucn/pucn-cc5-3n-seed-r1.txt,comp,42,4,164.0,1800,F,desenvolvimento,0,bc5ebcabf46831712760fffb01d4dbaa7cf1c8425b89d69ece38770cfd40adb9,9b93650-dirty,4952ac563156bc616105251b414e8c2778a3859be94ff5ed183c2d9cd8ffaebb,solver,2,0,15.0,15.0,0.0,4072,27.88605467359603,0.03479400400829036,35.17772564900224,0.0009000301361083984,0.403857946395874,35.17772564900224,29
pucn-cc5-3n-seed-r1.txt,instances/benchmark-v1/pucn/pucn-cc5-3n-seed-r1.txt,nucleo,42,4,164.0,1800,F,desenvolvimento,0,bc5ebcabf46831712760fffb01d4dbaa7cf1c8425b89d69ece38770cfd40adb9,9b93650-dirty,4952ac563156bc616105251b414e8c2778a3859be94ff5ed183c2d9cd8ffaebb,solver,2,0,14.0,14.0,0.0,1,0.0009224048013990203,0.001764339001965709,0.0058278389915358275,8.487701416015625e-05,0.0020380020141601562,0.0058278389915358275,29
pace18-t2-141-regiao-f4.txt,instances/benchmark-v1/pace2018/pace18-t2-141-regiao-f4.txt,base,42,4,164.0,1800,A,desenvolvimento,0,9bb701cdf35b76266d3b7ef52e902947e9ce5ec68fe500b9806bd1c5d2fa47b8,9b93650-dirty,4952ac563156bc616105251b414e8c2778a3859be94ff5ed183c2d9cd8ffaebb,solver,16,0,12.0,10.0,0.16666666666666666,2090,165.04391417924202,0.06889249800588004,214.04633716899843,0.0016751289367675781,62.590089082717896,,0
pace18-t2-141-regiao-f4.txt,instances/benchmark-v1/pace2018/pace18-t2-141-regiao-f4.txt,base,43,4,164.0,1800,A,desenvolvimento,0,9bb701cdf35b76266d3b7ef52e902947e9ce5ec68fe500b9806bd1c5d2fa47b8,9b93650-dirty,4952ac563156bc616105251b414e8c2778a3859be94ff5ed183c2d9cd8ffaebb,solver,16,0,12.0,10.0,0.16666666666666666,2310,165.38740308780626,0.049919505006982945,208.4879777699971,0.0016798973083496094,10.366758108139038,,0
pace18-t2-141-regiao-f4.txt,instances/benchmark-v1/pace2018/pace18-t2-141-regiao-f4.txt,base,44,4,164.0,1800,A,desenvolvimento,0,9bb701cdf35b76266d3b7ef52e902947e9ce5ec68fe500b9806bd1c5d2fa47b8,9b93650-dirty,4952ac563156bc616105251b414e8c2778a3859be94ff5ed183c2d9cd8ffaebb,solver,16,0,12.0,10.0,0.16666666666666666,3163,164.49320666309245,0.07439234499179292,195.26848879500176,0.0029120445251464844,29.051637172698975,,0
pace18-t2-141-regiao-f4.txt,instances/benchmark-v1/pace2018/pace18-t2-141-regiao-f4.txt,comp,42,4,164.0,1800,A,desenvolvimento,0,9bb701cdf35b76266d3b7ef52e902947e9ce5ec68fe500b9806bd1c5d2fa47b8,9b93650-dirty,4952ac563156bc616105251b414e8c2778a3859be94ff5ed183c2d9cd8ffaebb,solver,16,0,12.0,10.0,0.16666666666666666,21010,164.00019860957968,0.07080539099115413,194.9681499129947,0.001550912857055664,7.652640104293823,,54
pace18-t2-141-regiao-f4.txt,instances/benchmark-v1/pace2018/pace18-t2-141-regiao-f4.txt,comp,43,4,164.0,1800,A,desenvolvimento,0,9bb701cdf35b76266d3b7ef52e902947e9ce5ec68fe500b9806bd1c5d2fa47b8,9b93650-dirty,4952ac563156bc616105251b414e8c2778a3859be94ff5ed183c2d9cd8ffaebb,solver,16,0,13.0,10.0,0.23076923076923078,21134,164.00092001511587,0.06672193799749948,180.21668948499428,0.0016160011291503906,1.4623689651489258,,54
pace18-t2-141-regiao-f4.txt,instances/benchmark-v1/pace2018/pace18-t2-141-regiao-f4.txt,comp,44,4,164.0,1800,A,desenvolvimento,0,9bb701cdf35b76266d3b7ef52e902947e9ce5ec68fe500b9806bd1c5d2fa47b8,9b93650-dirty,4952ac563156bc616105251b414e8c2778a3859be94ff5ed183c2d9cd8ffaebb,solver,16,0,12.0,10.0,0.16666666666666666,18660,164.76756566743313,0.07141097499697935,156.01624990800337,0.0024101734161376953,2.720182180404663,,54
pace18-t2-141-regiao-f4.txt,instances/benchmark-v1/pace2018/pace18-t2-141-regiao-f4.txt,nucleo,42,4,164.0,1800,A,desenvolvimento,0,9bb701cdf35b76266d3b7ef52e902947e9ce5ec68fe500b9806bd1c5d2fa47b8,9b93650-dirty,4952ac563156bc616105251b414e8c2778a3859be94ff5ed183c2d9cd8ffaebb,solver,2,0,8.0,8.0,0.0,1,0.0030586621061837608,0.0031994180026231334,0.00730493500304874,0.00011420249938964844,0.006333112716674805,0.00730493500304874,54
pace18-t2-141-regiao-f4.txt,instances/benchmark-v1/pace2018/pace18-t2-141-regiao-f4.txt,nucleo,43,4,164.0,1800,A,desenvolvimento,0,9bb701cdf35b76266d3b7ef52e902947e9ce5ec68fe500b9806bd1c5d2fa47b8,9b93650-dirty,4952ac563156bc616105251b414e8c2778a3859be94ff5ed183c2d9cd8ffaebb,solver,2,0,8.0,8.0,0.0,1,0.003061171897247593,0.003021074997377582,0.006506502002594061,0.0001049041748046875,0.005980968475341797,0.006506502002594061,54
pace18-t2-141-regiao-f4.txt,instances/benchmark-v1/pace2018/pace18-t2-141-regiao-f4.txt,nucleo,44,4,164.0,1800,A,desenvolvimento,0,9bb701cdf35b76266d3b7ef52e902947e9ce5ec68fe500b9806bd1c5d2fa47b8,9b93650-dirty,4952ac563156bc616105251b414e8c2778a3859be94ff5ed183c2d9cd8ffaebb,solver,2,0,8.0,8.0,0.0,1,0.0030567219253326977,0.0028768219926860183,0.006684403007966466,0.00010585784912109375,0.005805015563964844,0.006684403007966466,54
lin-lin03-regiao-f4.txt,instances/benchmark-v1/steinlib-lin/lin-lin03-regiao-f4.txt,base,42,4,164.0,1800,F,avaliacao,0,2ad8b733aef54f3d76db804bd132064498f6e11d408ff3aa98d6dcc8fd53dbec,9b93650-dirty,4952ac563156bc616105251b414e8c2778a3859be94ff5ed183c2d9cd8ffaebb,solver,2,0,7.0,7.0,0.0,1669,31.844004527896082,0.10703554199426435,71.89760226600629,0.003587961196899414,0.7639689445495605,71.89760226600629,0
lin-lin03-regiao-f4.txt,instances/benchmark-v1/steinlib-lin/lin-lin03-regiao-f4.txt,comp,42,4,164.0,1800,F,avaliacao,0,2ad8b733aef54f3d76db804bd132064498f6e11d408ff3aa98d6dcc8fd53dbec,9b93650-dirty,4952ac563156bc616105251b414e8c2778a3859be94ff5ed183c2d9cd8ffaebb,solver,2,0,7.0,7.0,0.0,1,0.7868202963469889,0.1580303910013754,1.8590003010031069,0.0035829544067382812,0.4640920162200928,1.8590003010031069,10
lin-lin03-regiao-f4.txt,instances/benchmark-v1/steinlib-lin/lin-lin03-regiao-f4.txt,nucleo,42,4,164.0,1800,F,avaliacao,0,2ad8b733aef54f3d76db804bd132064498f6e11d408ff3aa98d6dcc8fd53dbec,9b93650-dirty,4952ac563156bc616105251b414e8c2778a3859be94ff5ed183c2d9cd8ffaebb,solver,2,0,5.0,5.0,0.0,0,0.00020324054358013122,0.002207602999988012,0.0012160919868620113,0.00010013580322265625,0.0010030269622802734,0.0012160919868620113,10
lin-lin01-regiao-f2.txt,instances/benchmark-v1/steinlib-lin/lin-lin01-regiao-f2.txt,base,42,4,164.0,1800,F,avaliacao,0,0d24b9b860b14cf57a81c5a2c87768ff6a8669917afd90222b2ddab52476cc1a,9b93650-dirty,4952ac563156bc616105251b414e8c2778a3859be94ff5ed183c2d9cd8ffaebb,solver,2,0,2.0,2.0,0.0,1,0.3248729756581754,0.39332709499285556,0.4680754959990736,0.010832071304321289,0.3968930244445801,0.4680754959990736,0
lin-lin01-regiao-f2.txt,instances/benchmark-v1/steinlib-lin/lin-lin01-regiao-f2.txt,comp,42,4,164.0,1800,F,avaliacao,0,0d24b9b860b14cf57a81c5a2c87768ff6a8669917afd90222b2ddab52476cc1a,9b93650-dirty,4952ac563156bc616105251b414e8c2778a3859be94ff5ed183c2d9cd8ffaebb,solver,2,0,2.0,2.0,0.0,1,0.395154112273006,0.5259950930048944,0.560053979002987,0.009297847747802734,0.52081298828125,0.560053979002987,4
lin-lin01-regiao-f2.txt,instances/benchmark-v1/steinlib-lin/lin-lin01-regiao-f2.txt,nucleo,42,4,164.0,1800,F,avaliacao,0,0d24b9b860b14cf57a81c5a2c87768ff6a8669917afd90222b2ddab52476cc1a,9b93650-dirty,4952ac563156bc616105251b414e8c2778a3859be94ff5ed183c2d9cd8ffaebb,solver,2,0,2.0,2.0,0.0,0,0.00018738284394250514,0.0019577039929572493,0.0008699669997440651,8.988380432128906e-05,8.988380432128906e-05,0.0008699669997440651,4
hc9u.txt,instances/hc9u.txt,base,42,4,164.0,1800,,legado,0,1f2d51b5734e6b7118a1c4a15144760b763b5e1cf51e6c7d6b84bef2a80e04e0,9b93650-dirty,4952ac563156bc616105251b414e8c2778a3859be94ff5ed183c2d9cd8ffaebb,solver,16,0,45.0,28.0,0.37777777777777777,72,167.28422980244,0.04404720298771281,171.8131764879945,0.2866089344024658,128.5395369529724,,0
hc9u.txt,instances/hc9u.txt,comp,42,4,164.0,1800,,legado,0,1f2d51b5734e6b7118a1c4a15144760b763b5e1cf51e6c7d6b84bef2a80e04e0,9b93650-dirty,4952ac563156bc616105251b414e8c2778a3859be94ff5ed183c2d9cd8ffaebb,solver,16,0,41.0,32.0,0.21951219512195122,1374,164.0000940894354,0.0627675680007087,178.64757603600447,0.028568029403686523,61.83847498893738,,256
hc9u.txt,instances/hc9u.txt,nucleo,42,4,164.0,1800,,legado,0,1f2d51b5734e6b7118a1c4a15144760b763b5e1cf51e6c7d6b84bef2a80e04e0,9b93650-dirty,4952ac563156bc616105251b414e8c2778a3859be94ff5ed183c2d9cd8ffaebb,solver,2,0,32.0,31.99999999999998,0.0,50,0.9822224449201664,0.005693970000720583,1.3583403660013573,0.00011992454528808594,1.3568289279937744,1.3583403660013573,256
puc-cc9-2p-seed-r1.txt,instances/benchmark-v1/puc/puc-cc9-2p-seed-r1.txt,base,42,4,164.0,1800,D,desenvolvimento,0,0312f43552cddc102081d9937465429e29797ddb86cf85a6871752d50aeec88c,9b93650-dirty,4952ac563156bc616105251b414e8c2778a3859be94ff5ed183c2d9cd8ffaebb,solver,16,0,31.0,30.0,0.03225806451612903,2427,164.6735263514265,0.05103831400629133,276.41926898100064,0.14656305313110352,15.059544086456299,,0
puc-cc9-2p-seed-r1.txt,instances/benchmark-v1/puc/puc-cc9-2p-seed-r1.txt,base,43,4,164.0,1800,D,desenvolvimento,0,0312f43552cddc102081d9937465429e29797ddb86cf85a6871752d50aeec88c,9b93650-dirty,4952ac563156bc616105251b414e8c2778a3859be94ff5ed183c2d9cd8ffaebb,solver,16,0,31.0,30.0,0.03225806451612903,3759,164.11650559600946,0.049856320998515,228.440251566004,0.12430000305175781,15.68252682685852,,0
puc-cc9-2p-seed-r1.txt,instances/benchmark-v1/puc/puc-cc9-2p-seed-r1.txt,base,44,4,164.0,1800,D,desenvolvimento,0,0312f43552cddc102081d9937465429e29797ddb86cf85a6871752d50aeec88c,9b93650-dirty,4952ac563156bc616105251b414e8c2778a3859be94ff5ed183c2d9cd8ffaebb,solver,16,0,31.0,30.0,0.03225806451612903,3246,165.02967513387637,0.07023844600189477,230.32097313500708,0.0022459030151367188,7.953858852386475,,0
puc-cc9-2p-seed-r1.txt,instances/benchmark-v1/puc/puc-cc9-2p-seed-r1.txt,comp,42,4,164.0,1800,D,desenvolvimento,0,0312f43552cddc102081d9937465429e29797ddb86cf85a6871752d50aeec88c,9b93650-dirty,4952ac563156bc616105251b414e8c2778a3859be94ff5ed183c2d9cd8ffaebb,solver,16,0,31.0,30.0,0.03225806451612903,4522,165.8081593923457,0.0756715370080201,207.1047996050038,0.026114940643310547,7.276412010192871,,67
puc-cc9-2p-seed-r1.txt,instances/benchmark-v1/puc/puc-cc9-2p-seed-r1.txt,comp,43,4,164.0,1800,D,desenvolvimento,0,0312f43552cddc102081d9937465429e29797ddb86cf85a6871752d50aeec88c,9b93650-dirty,4952ac563156bc616105251b414e8c2778a3859be94ff5ed183c2d9cd8ffaebb,solver,16,0,31.0,30.0,0.03225806451612903,4380,165.35192042206853,0.0764122450054856,216.6332560699957,0.02793288230895996,8.669643878936768,,67
puc-cc9-2p-seed-r1.txt,instances/benchmark-v1/puc/puc-cc9-2p-seed-r1.txt,comp,44,4,164.0,1800,D,desenvolvimento,0,0312f43552cddc102081d9937465429e29797ddb86cf85a6871752d50aeec88c,9b93650-dirty,4952ac563156bc616105251b414e8c2778a3859be94ff5ed183c2d9cd8ffaebb,solver,16,0,31.0,30.0,0.03225806451612903,3921,164.0349764234773,0.07705757700023241,202.09150003100513,0.0018470287322998047,6.484253883361816,,67
puc-cc9-2p-seed-r1.txt,instances/benchmark-v1/puc/puc-cc9-2p-seed-r1.txt,nucleo,42,4,164.0,1800,D,desenvolvimento,0,0312f43552cddc102081d9937465429e29797ddb86cf85a6871752d50aeec88c,9b93650-dirty,4952ac563156bc616105251b414e8c2778a3859be94ff5ed183c2d9cd8ffaebb,solver,2,0,27.0,27.0,0.0,1,0.0011630854351424426,0.0028758730040863156,0.003834631002973765,0.00011491775512695312,0.003465890884399414,0.003834631002973765,67
puc-cc9-2p-seed-r1.txt,instances/benchmark-v1/puc/puc-cc9-2p-seed-r1.txt,nucleo,43,4,164.0,1800,D,desenvolvimento,0,0312f43552cddc102081d9937465429e29797ddb86cf85a6871752d50aeec88c,9b93650-dirty,4952ac563156bc616105251b414e8c2778a3859be94ff5ed183c2d9cd8ffaebb,solver,2,0,27.0,27.0,0.0,1,0.0011630854351424426,0.003437049002968706,0.0043258780060568824,0.00013494491577148438,0.0038700103759765625,0.0043258780060568824,67
puc-cc9-2p-seed-r1.txt,instances/benchmark-v1/puc/puc-cc9-2p-seed-r1.txt,nucleo,44,4,164.0,1800,D,desenvolvimento,0,0312f43552cddc102081d9937465429e29797ddb86cf85a6871752d50aeec88c,9b93650-dirty,4952ac563156bc616105251b414e8c2778a3859be94ff5ed183c2d9cd8ffaebb,solver,2,0,27.0,27.0,0.0,1,0.0011630854351424426,0.003137135994620621,0.004144370002904907,0.00012493133544921875,0.003732919692993164,0.004144370002904907,67
puc-hc9u-regiao-f2.txt,instances/benchmark-v1/puc/puc-hc9u-regiao-f2.txt,base,42,4,164.0,1800,F,avaliacao,0,796a8b5159fe4d90b75849f88527e60a51ffaa5b01b38a883a1ba0b05efa9317,9b93650-dirty,4952ac563156bc616105251b414e8c2778a3859be94ff5ed183c2d9cd8ffaebb,solver,2,0,5.0,5.0,0.0,1,9.83755204710744,0.15661846099828836,18.59632654300367,0.004346132278442383,4.6556479930877686,18.59632654300367,0
puc-hc9u-regiao-f2.txt,instances/benchmark-v1/puc/puc-hc9u-regiao-f2.txt,comp,42,4,164.0,1800,F,avaliacao,0,796a8b5159fe4d90b75849f88527e60a51ffaa5b01b38a883a1ba0b05efa9317,9b93650-dirty,4952ac563156bc616105251b414e8c2778a3859be94ff5ed183c2d9cd8ffaebb,solver,2,0,5.0,5.0,0.0,1,6.021538079045241,0.20541424599650782,13.2382626139879,0.004088163375854492,5.282024145126343,13.2382626139879,32
puc-hc9u-regiao-f2.txt,instances/benchmark-v1/puc/puc-hc9u-regiao-f2.txt,nucleo,42,4,164.0,1800,F,avaliacao,0,796a8b5159fe4d90b75849f88527e60a51ffaa5b01b38a883a1ba0b05efa9317,9b93650-dirty,4952ac563156bc616105251b414e8c2778a3859be94ff5ed183c2d9cd8ffaebb,solver,2,0,4.0,4.0,0.0,1,0.0011996248831644622,0.0029830509884050116,0.0026394980086479336,0.00011706352233886719,0.002245187759399414,0.0026394980086479336,32
puc-hc9u-regiao-f4.txt,instances/benchmark-v1/puc/puc-hc9u-regiao-f4.txt,base,42,4,164.0,1800,D,avaliacao,0,92ae21e7d2103292af72cc31ba9cdf68e06720bb90e7a25c423646d70d936d1a,9b93650-dirty,4952ac563156bc616105251b414e8c2778a3859be94ff5ed183c2d9cd8ffaebb,solver,16,0,60.0,32.0,0.4666666666666667,22,168.6858166900783,0.04452181700617075,264.001473878001,0.6606309413909912,184.443834066391,,0
puc-hc9u-regiao-f4.txt,instances/benchmark-v1/puc/puc-hc9u-regiao-f4.txt,base,43,4,164.0,1800,D,avaliacao,0,92ae21e7d2103292af72cc31ba9cdf68e06720bb90e7a25c423646d70d936d1a,9b93650-dirty,4952ac563156bc616105251b414e8c2778a3859be94ff5ed183c2d9cd8ffaebb,solver,16,0,62.0,32.0,0.4838709677419355,71,165.13922951674198,0.06428681199031416,235.66505645599682,0.7101259231567383,210.7881510257721,,0
puc-hc9u-regiao-f4.txt,instances/benchmark-v1/puc/puc-hc9u-regiao-f4.txt,base,44,4,164.0,1800,D,avaliacao,0,92ae21e7d2103292af72cc31ba9cdf68e06720bb90e7a25c423646d70d936d1a,9b93650-dirty,4952ac563156bc616105251b414e8c2778a3859be94ff5ed183c2d9cd8ffaebb,solver,16,0,50.0,32.0,0.36,30,165.53402349119094,0.053387246996862814,267.34566223199363,0.7263851165771484,177.68998408317566,,0
puc-hc9u-regiao-f4.txt,instances/benchmark-v1/puc/puc-hc9u-regiao-f4.txt,comp,42,4,164.0,1800,D,avaliacao,0,92ae21e7d2103292af72cc31ba9cdf68e06720bb90e7a25c423646d70d936d1a,9b93650-dirty,4952ac563156bc616105251b414e8c2778a3859be94ff5ed183c2d9cd8ffaebb,solver,16,0,39.0,36.0,0.07692307692307693,505,164.70222255200687,0.06281164300162345,197.7398076660029,0.03510308265686035,62.066774129867554,,320
puc-hc9u-regiao-f4.txt,instances/benchmark-v1/puc/puc-hc9u-regiao-f4.txt,comp,43,4,164.0,1800,D,avaliacao,0,92ae21e7d2103292af72cc31ba9cdf68e06720bb90e7a25c423646d70d936d1a,9b93650-dirty,4952ac563156bc616105251b414e8c2778a3859be94ff5ed183c2d9cd8ffaebb,solver,16,0,39.0,36.0,0.07692307692307693,1100,164.00032197059494,0.06329771899618208,194.8494965120044,0.034919023513793945,101.31631112098694,,320
puc-hc9u-regiao-f4.txt,instances/benchmark-v1/puc/puc-hc9u-regiao-f4.txt,comp,44,4,164.0,1800,D,avaliacao,0,92ae21e7d2103292af72cc31ba9cdf68e06720bb90e7a25c423646d70d936d1a,9b93650-dirty,4952ac563156bc616105251b414e8c2778a3859be94ff5ed183c2d9cd8ffaebb,solver,16,0,39.0,36.0,0.07692307692307693,834,164.7491269625041,0.06276254799740855,187.8881367349968,0.03715014457702637,67.81215310096741,,320
puc-hc9u-regiao-f4.txt,instances/benchmark-v1/puc/puc-hc9u-regiao-f4.txt,nucleo,42,4,164.0,1800,D,avaliacao,0,92ae21e7d2103292af72cc31ba9cdf68e06720bb90e7a25c423646d70d936d1a,9b93650-dirty,4952ac563156bc616105251b414e8c2778a3859be94ff5ed183c2d9cd8ffaebb,solver,2,0,36.0,35.999999999999986,0.0,51,1.273968068920744,0.009166706004180014,1.7600513240031432,0.0001919269561767578,1.7589309215545654,1.7600513240031432,320
puc-hc9u-regiao-f4.txt,instances/benchmark-v1/puc/puc-hc9u-regiao-f4.txt,nucleo,43,4,164.0,1800,D,avaliacao,0,92ae21e7d2103292af72cc31ba9cdf68e06720bb90e7a25c423646d70d936d1a,9b93650-dirty,4952ac563156bc616105251b414e8c2778a3859be94ff5ed183c2d9cd8ffaebb,solver,2,0,36.0,36.0,0.0,50,1.2665858589394268,0.008997156008263119,1.7884811959957005,0.00017309188842773438,1.7871119976043701,1.7884811959957005,320
puc-hc9u-regiao-f4.txt,instances/benchmark-v1/puc/puc-hc9u-regiao-f4.txt,nucleo,44,4,164.0,1800,D,avaliacao,0,92ae21e7d2103292af72cc31ba9cdf68e06720bb90e7a25c423646d70d936d1a,9b93650-dirty,4952ac563156bc616105251b414e8c2778a3859be94ff5ed183c2d9cd8ffaebb,solver,2,0,36.0,36.0,0.0,52,1.255941181708583,0.009055094007635489,1.7823906999983592,0.0001800060272216797,1.7806470394134521,1.7823906999983592,320
puc-hc9u-seed-r1.txt,instances/benchmark-v1/puc/puc-hc9u-seed-r1.txt,base,42,4,164.0,1800,A,avaliacao,0,7caaf4144c2bb4a00442c9c6cc332909e6a55aa056f40865799c8967dbfa238e,9b93650-dirty,4952ac563156bc616105251b414e8c2778a3859be94ff5ed183c2d9cd8ffaebb,solver,16,0,47.0,27.0,0.425531914893617,101,168.7162462968798,0.06932397300261073,189.5359173100005,0.2810330390930176,130.77451491355896,,0
puc-hc9u-seed-r1.txt,instances/benchmark-v1/puc/puc-hc9u-seed-r1.txt,base,43,4,164.0,1800,A,avaliacao,0,7caaf4144c2bb4a00442c9c6cc332909e6a55aa056f40865799c8967dbfa238e,9b93650-dirty,4952ac563156bc616105251b414e8c2778a3859be94ff5ed183c2d9cd8ffaebb,solver,16,0,48.0,28.0,0.4166666666666667,41,166.83708046011475,0.0520906029996695,197.1417832570005,0.2040109634399414,76.48340606689453,,0
puc-hc9u-seed-r1.txt,instances/benchmark-v1/puc/puc-hc9u-seed-r1.txt,base,44,4,164.0,1800,A,avaliacao,0,7caaf4144c2bb4a00442c9c6cc332909e6a55aa056f40865799c8967dbfa238e,9b93650-dirty,4952ac563156bc616105251b414e8c2778a3859be94ff5ed183c2d9cd8ffaebb,solver,16,0,46.0,28.0,0.391304347826087,62,167.71623665918756,0.0695642479986418,188.82485837800778,0.18722105026245117,155.06962299346924,,0
puc-hc9u-seed-r1.txt,instances/benchmark-v1/puc/puc-hc9u-seed-r1.txt,comp,42,4,164.0,1800,A,avaliacao,0,7caaf4144c2bb4a00442c9c6cc332909e6a55aa056f40865799c8967dbfa238e,9b93650-dirty,4952ac563156bc616105251b414e8c2778a3859be94ff5ed183c2d9cd8ffaebb,solver,16,0,43.0,32.0,0.2558139534883721,1389,164.00027667867965,0.06142773199826479,193.710979889991,0.028877973556518555,143.30078792572021,,256
puc-hc9u-seed-r1.txt,instances/benchmark-v1/puc/puc-hc9u-seed-r1.txt,comp,43,4,164.0,1800,A,avaliacao,0,7caaf4144c2bb4a00442c9c6cc332909e6a55aa056f40865799c8967dbfa238e,9b93650-dirty,4952ac563156bc616105251b414e8c2778a3859be94ff5ed183c2d9cd8ffaebb,solver,16,0,41.0,32.0,0.21951219512195122,1707,164.00021616709168,0.08152296001208015,175.59661728799983,0.029577016830444336,90.85450005531311,,256
puc-hc9u-seed-r1.txt,instances/benchmark-v1/puc/puc-hc9u-seed-r1.txt,comp,44,4,164.0,1800,A,avaliacao,0,7caaf4144c2bb4a00442c9c6cc332909e6a55aa056f40865799c8967dbfa238e,9b93650-dirty,4952ac563156bc616105251b414e8c2778a3859be94ff5ed183c2d9cd8ffaebb,solver,16,0,42.0,32.0,0.23809523809523808,1867,164.00037781404546,0.08530776599945966,172.4374035899964,0.031838178634643555,106.655757188797,,256
puc-hc9u-seed-r1.txt,instances/benchmark-v1/puc/puc-hc9u-seed-r1.txt,nucleo,42,4,164.0,1800,A,avaliacao,0,7caaf4144c2bb4a00442c9c6cc332909e6a55aa056f40865799c8967dbfa238e,9b93650-dirty,4952ac563156bc616105251b414e8c2778a3859be94ff5ed183c2d9cd8ffaebb,solver,2,0,32.0,31.99999999999998,0.0,50,0.9822224449201664,0.0062788200011709705,1.3589835699967807,0.0001251697540283203,1.3577871322631836,1.3589835699967807,256
puc-hc9u-seed-r1.txt,instances/benchmark-v1/puc/puc-hc9u-seed-r1.txt,nucleo,43,4,164.0,1800,A,avaliacao,0,7caaf4144c2bb4a00442c9c6cc332909e6a55aa056f40865799c8967dbfa238e,9b93650-dirty,4952ac563156bc616105251b414e8c2778a3859be94ff5ed183c2d9cd8ffaebb,solver,2,0,32.0,32.0,0.0,61,1.082224401999513,0.005895120993955061,1.447213028994156,0.0001270771026611328,1.4457728862762451,1.447213028994156,256
puc-hc9u-seed-r1.txt,instances/benchmark-v1/puc/puc-hc9u-seed-r1.txt,nucleo,44,4,164.0,1800,A,avaliacao,0,7caaf4144c2bb4a00442c9c6cc332909e6a55aa056f40865799c8967dbfa238e,9b93650-dirty,4952ac563156bc616105251b414e8c2778a3859be94ff5ed183c2d9cd8ffaebb,solver,2,0,32.0,32.0,0.0,48,0.9880260473321355,0.005755723992479034,1.3888175419997424,0.00011491775512695312,1.387294054031372,1.3888175419997424,256
pace18-t2-061-regiao-f4.txt,instances/benchmark-v1/pace2018/pace18-t2-061-regiao-f4.txt,base,42,4,164.0,1800,F,desenvolvimento,0,37cf3679a3c42c6f9c6689eca9c78f45af34430d16189f2d0f800a173ec22a41,9b93650-dirty,4952ac563156bc616105251b414e8c2778a3859be94ff5ed183c2d9cd8ffaebb,solver,16,0,7.0,4.0,0.42857142857142855,1245,164.52778840576676,0.4035154189914465,194.7650396829995,0.010914087295532227,45.408823013305664,,0
pace18-t2-061-regiao-f4.txt,instances/benchmark-v1/pace2018/pace18-t2-061-regiao-f4.txt,comp,42,4,164.0,1800,F,desenvolvimento,0,37cf3679a3c42c6f9c6689eca9c78f45af34430d16189f2d0f800a173ec22a41,9b93650-dirty,4952ac563156bc616105251b414e8c2778a3859be94ff5ed183c2d9cd8ffaebb,solver,2,0,7.0,7.0,0.0,1,5.813059112983587,0.49555317299382295,8.972523693999392,0.009289979934692383,8.82699704170227,8.972523693999392,122
pace18-t2-061-regiao-f4.txt,instances/benchmark-v1/pace2018/pace18-t2-061-regiao-f4.txt,nucleo,42,4,164.0,1800,F,desenvolvimento,0,37cf3679a3c42c6f9c6689eca9c78f45af34430d16189f2d0f800a173ec22a41,9b93650-dirty,4952ac563156bc616105251b414e8c2778a3859be94ff5ed183c2d9cd8ffaebb,solver,2,0,6.0,6.0,0.0,1,0.026667258634965843,0.013369735999731347,0.028778192005120218,0.0002989768981933594,0.028454065322875977,0.028778192005120218,122
lin-lin06-intercalado-f2.txt,instances/benchmark-v1/steinlib-lin/lin-lin06-intercalado-f2.txt,base,42,4,164.0,1800,F,desenvolvimento,0,baa0bafa1ef530d81a99f6fda2deb761a166e904a2f0830c2805a5cf8c5dfdc3,9b93650-dirty,4952ac563156bc616105251b414e8c2778a3859be94ff5ed183c2d9cd8ffaebb,solver,2,0,3.0,3.0,0.0,1,0.26454316192876776,0.16947241299203597,0.4452116169995861,0.005589008331298828,0.17159390449523926,0.4452116169995861,0
lin-lin06-intercalado-f2.txt,instances/benchmark-v1/steinlib-lin/lin-lin06-intercalado-f2.txt,comp,42,4,164.0,1800,F,desenvolvimento,0,baa0bafa1ef530d81a99f6fda2deb761a166e904a2f0830c2805a5cf8c5dfdc3,9b93650-dirty,4952ac563156bc616105251b414e8c2778a3859be94ff5ed183c2d9cd8ffaebb,solver,2,0,3.0,3.0,0.0,1,0.16203597924556976,0.2207435250020353,0.2537473459960893,0.0056149959564208984,0.23685884475708008,0.2537473459960893,6
lin-lin06-intercalado-f2.txt,instances/benchmark-v1/steinlib-lin/lin-lin06-intercalado-f2.txt,nucleo,42,4,164.0,1800,F,desenvolvimento,0,baa0bafa1ef530d81a99f6fda2deb761a166e904a2f0830c2805a5cf8c5dfdc3,9b93650-dirty,4952ac563156bc616105251b414e8c2778a3859be94ff5ed183c2d9cd8ffaebb,solver,2,0,3.0,3.0,0.0,0,0.00016570622197802196,0.0022568729909835383,0.0008996249962365255,0.00010800361633300781,0.0006940364837646484,0.0008996249962365255,6
lin-lin06-regiao-f4.txt,instances/benchmark-v1/steinlib-lin/lin-lin06-regiao-f4.txt,base,42,4,164.0,1800,F,desenvolvimento,0,a35ffd710c976b92fcc302029db242f2b50e6d46c5bbbc148c2ca47647bda93b,9b93650-dirty,4952ac563156bc616105251b414e8c2778a3859be94ff5ed183c2d9cd8ffaebb,solver,2,0,7.0,7.0,0.0,1,4.528214518047063,0.16216516999702435,10.673250225008815,0.005887031555175781,1.085111141204834,10.673250225008815,0
lin-lin06-regiao-f4.txt,instances/benchmark-v1/steinlib-lin/lin-lin06-regiao-f4.txt,comp,42,4,164.0,1800,F,desenvolvimento,0,a35ffd710c976b92fcc302029db242f2b50e6d46c5bbbc148c2ca47647bda93b,9b93650-dirty,4952ac563156bc616105251b414e8c2778a3859be94ff5ed183c2d9cd8ffaebb,solver,2,0,7.0,7.0,0.0,1,1.0135052178088775,0.20926522799709346,1.8802843330049654,0.0052678585052490234,1.8600130081176758,1.8802843330049654,22
lin-lin06-regiao-f4.txt,instances/benchmark-v1/steinlib-lin/lin-lin06-regiao-f4.txt,nucleo,42,4,164.0,1800,F,desenvolvimento,0,a35ffd710c976b92fcc302029db242f2b50e6d46c5bbbc148c2ca47647bda93b,9b93650-dirty,4952ac563156bc616105251b414e8c2778a3859be94ff5ed183c2d9cd8ffaebb,solver,2,0,6.0,6.0,0.0,1,0.0007958957882449433,0.003195812998455949,0.0028588470013346523,0.00013399124145507812,0.0024840831756591797,0.0028588470013346523,22
mapf-maze-32-32-2-m10-f4.txt,instances/benchmark-v1/mapf/mapf-maze-32-32-2-m10-f4.txt,base,42,4,164.0,1800,F,avaliacao,0,143ef55912374b7d6430e80464c99129f65acbf7edbaf6ed87f8bcb6bb44b343,9b93650-dirty,4952ac563156bc616105251b414e8c2778a3859be94ff5ed183c2d9cd8ffaebb,solver,16,0,7.0,3.0,0.5714285714285714,20729,164.01466166160452,0.3752881529944716,180.83426758699352,0.010478973388671875,1.5638139247894287,,0
mapf-maze-32-32-2-m10-f4.txt,instances/benchmark-v1/mapf/mapf-maze-32-32-2-m10-f4.txt,comp,42,4,164.0,1800,F,avaliacao,0,143ef55912374b7d6430e80464c99129f65acbf7edbaf6ed87f8bcb6bb44b343,9b93650-dirty,4952ac563156bc616105251b414e8c2778a3859be94ff5ed183c2d9cd8ffaebb,solver,2,0,7.0,7.0,0.0,1,2.077281721148747,0.5424019829952158,5.22344396400149,0.008771896362304688,0.7733550071716309,5.22344396400149,10
mapf-maze-32-32-2-m10-f4.txt,instances/benchmark-v1/mapf/mapf-maze-32-32-2-m10-f4.txt,nucleo,42,4,164.0,1800,F,avaliacao,0,143ef55912374b7d6430e80464c99129f65acbf7edbaf6ed87f8bcb6bb44b343,9b93650-dirty,4952ac563156bc616105251b414e8c2778a3859be94ff5ed183c2d9cd8ffaebb,solver,2,0,5.0,5.0,0.0,0,0.0002937240757802917,0.002903016997152008,0.00108777399873361,0.0001239776611328125,0.0001239776611328125,0.00108777399873361,10
mapf-maze-32-32-2-m25-f2.txt,instances/benchmark-v1/mapf/mapf-maze-32-32-2-m25-f2.txt,base,42,4,164.0,1800,F,avaliacao,0,2fe20ac8d9c702d086492346f59a7b5b63fbd111fa111f8749891e979d681ad6,9b93650-dirty,4952ac563156bc616105251b414e8c2778a3859be94ff5ed183c2d9cd8ffaebb,solver,16,0,5.0,2.0,0.6,13039,164.464042951856,0.4615104219992645,178.18524852299015,0.012928962707519531,2.11618709564209,,0
mapf-maze-32-32-2-m25-f2.txt,instances/benchmark-v1/mapf/mapf-maze-32-32-2-m25-f2.txt,comp,42,4,164.0,1800,F,avaliacao,0,2fe20ac8d9c702d086492346f59a7b5b63fbd111fa111f8749891e979d681ad6,9b93650-dirty,4952ac563156bc616105251b414e8c2778a3859be94ff5ed183c2d9cd8ffaebb,solver,2,0,5.0,5.0,0.0,1,4.222495167802076,0.5678993949986761,11.887387020993629,0.010973930358886719,2.3082709312438965,11.887387020993629,7
mapf-maze-32-32-2-m25-f2.txt,instances/benchmark-v1/mapf/mapf-maze-32-32-2-m25-f2.txt,nucleo,42,4,164.0,1800,F,avaliacao,0,2fe20ac8d9c702d086492346f59a7b5b63fbd111fa111f8749891e979d681ad6,9b93650-dirty,4952ac563156bc616105251b414e8c2778a3859be94ff5ed183c2d9cd8ffaebb,solver,2,0,3.0,3.0,0.0,0,0.00025994221289355325,0.002554328995756805,0.0009249319991795346,9.989738464355469e-05,9.989738464355469e-05,0.0009249319991795346,7
mapf-room-32-32-4-m10-f8.txt,instances/benchmark-v1/mapf/mapf-room-32-32-4-m10-f8.txt,base,42,4,164.0,1800,A,desenvolvimento,0,78be3e1261f31f4e583d0808bdfc9c93d9c9eb335d86d13b059ce428af5f303f,9b93650-dirty,4952ac563156bc616105251b414e8c2778a3859be94ff5ed183c2d9cd8ffaebb,solver,16,0,18.0,15.0,0.16666666666666666,4136,165.19803685997672,0.08496395499969367,231.54531773099734,0.3158290386199951,2.243250846862793,,0
mapf-room-32-32-4-m10-f8.txt,instances/benchmark-v1/mapf/mapf-room-32-32-4-m10-f8.txt,base,43,4,164.0,1800,A,desenvolvimento,0,78be3e1261f31f4e583d0808bdfc9c93d9c9eb335d86d13b059ce428af5f303f,9b93650-dirty,4952ac563156bc616105251b414e8c2778a3859be94ff5ed183c2d9cd8ffaebb,solver,16,0,18.0,15.0,0.16666666666666666,4780,165.66542557343848,0.11206049799511675,238.25456106799538,0.3723461627960205,42.01483201980591,,0
mapf-room-32-32-4-m10-f8.txt,instances/benchmark-v1/mapf/mapf-room-32-32-4-m10-f8.txt,base,44,4,164.0,1800,A,desenvolvimento,0,78be3e1261f31f4e583d0808bdfc9c93d9c9eb335d86d13b059ce428af5f303f,9b93650-dirty,4952ac563156bc616105251b414e8c2778a3859be94ff5ed183c2d9cd8ffaebb,solver,16,0,18.0,15.0,0.16666666666666666,6376,164.07098049536475,0.11278676601068582,227.43716580499313,0.0032501220703125,2.377362012863159,,0
mapf-room-32-32-4-m10-f8.txt,instances/benchmark-v1/mapf/mapf-room-32-32-4-m10-f8.txt,comp,42,4,164.0,1800,A,desenvolvimento,0,78be3e1261f31f4e583d0808bdfc9c93d9c9eb335d86d13b059ce428af5f303f,9b93650-dirty,4952ac563156bc616105251b414e8c2778a3859be94ff5ed183c2d9cd8ffaebb,solver,16,0,18.0,15.0,0.16666666666666666,1468,164.00342546603247,0.13814419200934935,311.98765271798766,0.06017613410949707,0.5739009380340576,,24
mapf-room-32-32-4-m10-f8.txt,instances/benchmark-v1/mapf/mapf-room-32-32-4-m10-f8.txt,comp,43,4,164.0,1800,A,desenvolvimento,0,78be3e1261f31f4e583d0808bdfc9c93d9c9eb335d86d13b059ce428af5f303f,9b93650-dirty,4952ac563156bc616105251b414e8c2778a3859be94ff5ed183c2d9cd8ffaebb,solver,16,0,18.0,16.0,0.1111111111111111,1394,164.0001111055997,0.13308365500415675,311.2466583589994,0.058751821517944336,223.9870879650116,,24
mapf-room-32-32-4-m10-f8.txt,instances/benchmark-v1/mapf/mapf-room-32-32-4-m10-f8.txt,comp,44,4,164.0,1800,A,desenvolvimento,0,78be3e1261f31f4e583d0808bdfc9c93d9c9eb335d86d13b059ce428af5f303f,9b93650-dirty,4952ac563156bc616105251b414e8c2778a3859be94ff5ed183c2d9cd8ffaebb,solver,16,0,18.0,15.0,0.16666666666666666,8839,164.87578112265564,0.13779869899735786,171.77450456099177,0.002998828887939453,0.6761999130249023,,24
mapf-room-32-32-4-m10-f8.txt,instances/benchmark-v1/mapf/mapf-room-32-32-4-m10-f8.txt,nucleo,42,4,164.0,1800,A,desenvolvimento,0,78be3e1261f31f4e583d0808bdfc9c93d9c9eb335d86d13b059ce428af5f303f,9b93650-dirty,4952ac563156bc616105251b414e8c2778a3859be94ff5ed183c2d9cd8ffaebb,solver,2,0,13.0,13.0,0.0,0,0.0003132446737920937,0.0029752529953839257,0.0015194879961200058,0.00013184547424316406,0.0012738704681396484,0.0015194879961200058,24
mapf-room-32-32-4-m10-f8.txt,instances/benchmark-v1/mapf/mapf-room-32-32-4-m10-f8.txt,nucleo,43,4,164.0,1800,A,desenvolvimento,0,78be3e1261f31f4e583d0808bdfc9c93d9c9eb335d86d13b059ce428af5f303f,9b93650-dirty,4952ac563156bc616105251b414e8c2778a3859be94ff5ed183c2d9cd8ffaebb,solver,2,0,13.0,13.0,0.0,0,0.0003132446737920937,0.002829628996551037,0.0013630430039484054,0.00011897087097167969,0.0011508464813232422,0.0013630430039484054,24
mapf-room-32-32-4-m10-f8.txt,instances/benchmark-v1/mapf/mapf-room-32-32-4-m10-f8.txt,nucleo,44,4,164.0,1800,A,desenvolvimento,0,78be3e1261f31f4e583d0808bdfc9c93d9c9eb335d86d13b059ce428af5f303f,9b93650-dirty,4952ac563156bc616105251b414e8c2778a3859be94ff5ed183c2d9cd8ffaebb,solver,2,0,13.0,13.0,0.0,0,0.0003132446737920937,0.002953732997411862,0.0014256239956011996,0.00012803077697753906,0.00121307373046875,0.0014256239956011996,24
mapf-room-32-32-4-m25-f4-rho.txt,instances/benchmark-v1/mapf/mapf-room-32-32-4-m25-f4-rho.txt,base,42,4,164.0,1800,A,avaliacao,0,5e7eb5189b15a5d81fb1747f251496a03c1cadfbd78b34863eaee447d8a1ab1e,9b93650-dirty,4952ac563156bc616105251b414e8c2778a3859be94ff5ed183c2d9cd8ffaebb,solver,16,0,20.0,16.0,0.2,1358,164.00011093326015,0.148867052004789,303.3061039280001,0.004537820816040039,1.9188289642333984,,0
mapf-room-32-32-4-m25-f4-rho.txt,instances/benchmark-v1/mapf/mapf-room-32-32-4-m25-f4-rho.txt,base,43,4,164.0,1800,A,avaliacao,0,5e7eb5189b15a5d81fb1747f251496a03c1cadfbd78b34863eaee447d8a1ab1e,9b93650-dirty,4952ac563156bc616105251b414e8c2778a3859be94ff5ed183c2d9cd8ffaebb,solver,16,0,19.0,16.0,0.15789473684210525,1796,164.89144924707426,0.12866001500515267,268.5097130649956,0.004480123519897461,179.84643411636353,,0
mapf-room-32-32-4-m25-f4-rho.txt,instances/benchmark-v1/mapf/mapf-room-32-32-4-m25-f4-rho.txt,base,44,4,164.0,1800,A,avaliacao,0,5e7eb5189b15a5d81fb1747f251496a03c1cadfbd78b34863eaee447d8a1ab1e,9b93650-dirty,4952ac563156bc616105251b414e8c2778a3859be94ff5ed183c2d9cd8ffaebb,solver,16,0,20.0,15.0000000000002,0.24999999999998995,2209,164.02104572668492,0.13055617400095798,203.9422853559954,0.4260571002960205,7.614703893661499,,0
mapf-room-32-32-4-m25-f4-rho.txt,instances/benchmark-v1/mapf/mapf-room-32-32-4-m25-f4-rho.txt,comp,42,4,164.0,1800,A,avaliacao,0,5e7eb5189b15a5d81fb1747f251496a03c1cadfbd78b34863eaee447d8a1ab1e,9b93650-dirty,4952ac563156bc616105251b414e8c2778a3859be94ff5ed183c2d9cd8ffaebb,solver,16,0,19.0,16.0,0.15789473684210525,6145,165.31004584587745,0.18119904000195675,174.46711788901302,0.004512786865234375,9.365402936935425,,33
mapf-room-32-32-4-m25-f4-rho.txt,instances/benchmark-v1/mapf/mapf-room-32-32-4-m25-f4-rho.txt,comp,43,4,164.0,1800,A,avaliacao,0,5e7eb5189b15a5d81fb1747f251496a03c1cadfbd78b34863eaee447d8a1ab1e,9b93650-dirty,4952ac563156bc616105251b414e8c2778a3859be94ff5ed183c2d9cd8ffaebb,solver,16,0,19.0,17.0,0.10526315789473684,9089,164.86190198129697,0.17304100000183098,197.05626248598855,0.004393815994262695,53.62175488471985,,33
mapf-room-32-32-4-m25-f4-rho.txt,instances/benchmark-v1/mapf/mapf-room-32-32-4-m25-f4-rho.txt,comp,44,4,164.0,1800,A,avaliacao,0,5e7eb5189b15a5d81fb1747f251496a03c1cadfbd78b34863eaee447d8a1ab1e,9b93650-dirty,4952ac563156bc616105251b414e8c2778a3859be94ff5ed183c2d9cd8ffaebb,solver,16,0,20.0,16.0,0.2,7747,164.02936490817916,0.16227527101000305,172.3907197189983,0.32492804527282715,0.7409210205078125,,33
mapf-room-32-32-4-m25-f4-rho.txt,instances/benchmark-v1/mapf/mapf-room-32-32-4-m25-f4-rho.txt,nucleo,42,4,164.0,1800,A,avaliacao,0,5e7eb5189b15a5d81fb1747f251496a03c1cadfbd78b34863eaee447d8a1ab1e,9b93650-dirty,4952ac563156bc616105251b414e8c2778a3859be94ff5ed183c2d9cd8ffaebb,solver,2,0,14.0,14.0,0.0,0,0.0003877857527775385,0.0029813930013915524,0.0015938169963192195,0.00013184547424316406,0.0013790130615234375,0.0015938169963192195,33
mapf-room-32-32-4-m25-f4-rho.txt,instances/benchmark-v1/mapf/mapf-room-32-32-4-m25-f4-rho.txt,nucleo,43,4,164.0,1800,A,avaliacao,0,5e7eb5189b15a5d81fb1747f251496a03c1cadfbd78b34863eaee447d8a1ab1e,9b93650-dirty,4952ac563156bc616105251b414e8c2778a3859be94ff5ed183c2d9cd8ffaebb,solver,2,0,14.0,14.0,0.0,0,0.0003877857527775385,0.002790005994029343,0.00150214800669346,0.00014710426330566406,0.0013010501861572266,0.00150214800669346,33
mapf-room-32-32-4-m25-f4-rho.txt,instances/benchmark-v1/mapf/mapf-room-32-32-4-m25-f4-rho.txt,nucleo,44,4,164.0,1800,A,avaliacao,0,5e7eb5189b15a5d81fb1747f251496a03c1cadfbd78b34863eaee447d8a1ab1e,9b93650-dirty,4952ac563156bc616105251b414e8c2778a3859be94ff5ed183c2d9cd8ffaebb,solver,2,0,14.0,14.0,0.0,0,0.0003877857527775385,0.0031057499872986227,0.0015068420034367591,0.00012993812561035156,0.0013039112091064453,0.0015068420034367591,33
puc-cc6-3p-seed-r1.txt,instances/benchmark-v1/puc/puc-cc6-3p-seed-r1.txt,base,42,4,164.0,1800,F,desenvolvimento,0,b404ea3598e6cb5e83b4ff0d561b4fe124517926ca742aaf1c7b2b7482b9e0ed,9b93650-dirty,4952ac563156bc616105251b414e8c2778a3859be94ff5ed183c2d9cd8ffaebb,solver,2,0,32.0,32.0,0.0,1,4.047903828360495,0.09589085100742523,9.943493262006086,0.002629995346069336,9.936851978302002,9.943493262006086,0
puc-cc6-3p-seed-r1.txt,instances/benchmark-v1/puc/puc-cc6-3p-seed-r1.txt,comp,42,4,164.0,1800,F,desenvolvimento,0,b404ea3598e6cb5e83b4ff0d561b4fe124517926ca742aaf1c7b2b7482b9e0ed,9b93650-dirty,4952ac563156bc616105251b414e8c2778a3859be94ff5ed183c2d9cd8ffaebb,solver,2,0,32.0,32.0,0.0,1,2.1564891759147566,0.11974603199632838,5.795705880998867,0.002351999282836914,5.791738986968994,5.795705880998867,63
puc-cc6-3p-seed-r1.txt,instances/benchmark-v1/puc/puc-cc6-3p-seed-r1.txt,nucleo,42,4,164.0,1800,F,desenvolvimento,0,b404ea3598e6cb5e83b4ff0d561b4fe124517926ca742aaf1c7b2b7482b9e0ed,9b93650-dirty,4952ac563156bc616105251b414e8c2778a3859be94ff5ed183c2d9cd8ffaebb,solver,2,0,31.0,31.0,0.0,1,0.0012553952475456618,0.0038740760064683855,0.004459004994714633,0.00016307830810546875,0.004022121429443359,0.004459004994714633,63
pace18-t2-181-regiao-f2.txt,instances/benchmark-v1/pace2018/pace18-t2-181-regiao-f2.txt,base,42,4,164.0,1800,F,avaliacao,0,a661fb7c8fd322e884f8a57d8f114f387f3e1df9d908b544e4e8c153056ac0ab,9b93650-dirty,4952ac563156bc616105251b414e8c2778a3859be94ff5ed183c2d9cd8ffaebb,solver,2,0,2.0,2.0,0.0,1,11.362520263033238,1.761532136995811,27.704527155001415,0.04422283172607422,10.832744836807251,27.704527155001415,0
pace18-t2-181-regiao-f2.txt,instances/benchmark-v1/pace2018/pace18-t2-181-regiao-f2.txt,comp,42,4,164.0,1800,F,avaliacao,0,a661fb7c8fd322e884f8a57d8f114f387f3e1df9d908b544e4e8c153056ac0ab,9b93650-dirty,4952ac563156bc616105251b414e8c2778a3859be94ff5ed183c2d9cd8ffaebb,solver,2,0,2.0,2.0,0.0,1,3.5910193998875615,2.274783461005427,4.915832342012436,0.03800010681152344,4.885231971740723,4.915832342012436,22
pace18-t2-181-regiao-f2.txt,instances/benchmark-v1/pace2018/pace18-t2-181-regiao-f2.txt,nucleo,42,4,164.0,1800,F,avaliacao,0,a661fb7c8fd322e884f8a57d8f114f387f3e1df9d908b544e4e8c153056ac0ab,9b93650-dirty,4952ac563156bc616105251b414e8c2778a3859be94ff5ed183c2d9cd8ffaebb,solver,2,0,2.0,2.0,0.0,0,0.0014063055877595503,0.0083944610087201,0.0021675999887520447,0.00022411346435546875,0.0019230842590332031,0.0021675999887520447,22
mapf-random-32-32-10-m25-f4.txt,instances/benchmark-v1/mapf/mapf-random-32-32-10-m25-f4.txt,base,42,4,164.0,1800,A,avaliacao,0,0f7bb70b30d3671f2280ca39bf467808f6a8cd49b8946d1917c4068144ac8c37,9b93650-dirty,4952ac563156bc616105251b414e8c2778a3859be94ff5ed183c2d9cd8ffaebb,solver,16,0,21.0,13.0,0.38095238095238093,1401,164.00022031421747,0.20918795600300655,259.5390006610105,0.007730960845947266,22.83622908592224,,0
mapf-random-32-32-10-m25-f4.txt,instances/benchmark-v1/mapf/mapf-random-32-32-10-m25-f4.txt,base,43,4,164.0,1800,A,avaliacao,0,0f7bb70b30d3671f2280ca39bf467808f6a8cd49b8946d1917c4068144ac8c37,9b93650-dirty,4952ac563156bc616105251b414e8c2778a3859be94ff5ed183c2d9cd8ffaebb,solver,16,0,21.0,13.0,0.38095238095238093,1380,164.0057254619096,0.22000423198915087,219.46425572302542,0.8186910152435303,15.284739971160889,,0
mapf-random-32-32-10-m25-f4.txt,instances/benchmark-v1/mapf/mapf-random-32-32-10-m25-f4.txt,base,44,4,164.0,1800,A,avaliacao,0,0f7bb70b30d3671f2280ca39bf467808f6a8cd49b8946d1917c4068144ac8c37,9b93650-dirty,4952ac563156bc616105251b414e8c2778a3859be94ff5ed183c2d9cd8ffaebb,solver,16,0,21.0,14.0,0.3333333333333333,1291,164.0006674262658,0.23490184597903863,234.98314488999313,0.009901046752929688,192.35649418830872,,0
mapf-random-32-32-10-m25-f4.txt,instances/benchmark-v1/mapf/mapf-random-32-32-10-m25-f4.txt,comp,42,4,164.0,1800,A,avaliacao,0,0f7bb70b30d3671f2280ca39bf467808f6a8cd49b8946d1917c4068144ac8c37,9b93650-dirty,4952ac563156bc616105251b414e8c2778a3859be94ff5ed183c2d9cd8ffaebb,solver,16,0,21.0,15.0,0.2857142857142857,1417,164.00466169318614,0.2691338589938823,244.88551936100703,0.007920026779174805,4.979727029800415,,29
mapf-random-32-32-10-m25-f4.txt,instances/benchmark-v1/mapf/mapf-random-32-32-10-m25-f4.txt,comp,43,4,164.0,1800,A,avaliacao,0,0f7bb70b30d3671f2280ca39bf467808f6a8cd49b8946d1917c4068144ac8c37,9b93650-dirty,4952ac563156bc616105251b414e8c2778a3859be94ff5ed183c2d9cd8ffaebb,solver,16,0,21.0,14.0,0.3333333333333333,1229,164.00029080354562,0.27036250100354664,234.77760726798442,1.1350510120391846,3.513988971710205,,29
mapf-random-32-32-10-m25-f4.txt,instances/benchmark-v1/mapf/mapf-random-32-32-10-m25-f4.txt,comp,44,4,164.0,1800,A,avaliacao,0,0f7bb70b30d3671f2280ca39bf467808f6a8cd49b8946d1917c4068144ac8c37,9b93650-dirty,4952ac563156bc616105251b414e8c2778a3859be94ff5ed183c2d9cd8ffaebb,solver,16,0,21.0,14.00000000000029,0.33333333333331955,1537,164.0001997594742,0.2654327269992791,268.227095987997,0.007650136947631836,192.99547600746155,,29
mapf-random-32-32-10-m25-f4.txt,instances/benchmark-v1/mapf/mapf-random-32-32-10-m25-f4.txt,nucleo,42,4,164.0,1800,A,avaliacao,0,0f7bb70b30d3671f2280ca39bf467808f6a8cd49b8946d1917c4068144ac8c37,9b93650-dirty,4952ac563156bc616105251b414e8c2778a3859be94ff5ed183c2d9cd8ffaebb,solver,2,0,12.0,12.0,0.0,0,0.0004280196946551102,0.003626001998782158,0.0015696200134698302,0.00015997886657714844,0.001344919204711914,0.0015696200134698302,29
mapf-random-32-32-10-m25-f4.txt,instances/benchmark-v1/mapf/mapf-random-32-32-10-m25-f4.txt,nucleo,43,4,164.0,1800,A,avaliacao,0,0f7bb70b30d3671f2280ca39bf467808f6a8cd49b8946d1917c4068144ac8c37,9b93650-dirty,4952ac563156bc616105251b414e8c2778a3859be94ff5ed183c2d9cd8ffaebb,solver,2,0,12.0,12.0,0.0,0,0.0004280196946551102,0.003594730020267889,0.0015630199923180044,0.00015497207641601562,0.0013370513916015625,0.0015630199923180044,29
mapf-random-32-32-10-m25-f4.txt,instances/benchmark-v1/mapf/mapf-random-32-32-10-m25-f4.txt,nucleo,44,4,164.0,1800,A,avaliacao,0,0f7bb70b30d3671f2280ca39bf467808f6a8cd49b8946d1917c4068144ac8c37,9b93650-dirty,4952ac563156bc616105251b414e8c2778a3859be94ff5ed183c2d9cd8ffaebb,solver,2,0,12.0,12.0,0.0,0,0.0004280196946551102,0.003945703007047996,0.001750344003085047,0.00018596649169921875,0.001477956771850586,0.001750344003085047,29
mapf-random-32-32-10-m50-f8.txt,instances/benchmark-v1/mapf/mapf-random-32-32-10-m50-f8.txt,base,42,4,164.0,1800,A,avaliacao,0,8375ce438afcc63a9ad7516dd8b00499a2724b4b17cd09f78e291dc23ec46580,9b93650-dirty,4952ac563156bc616105251b414e8c2778a3859be94ff5ed183c2d9cd8ffaebb,solver,16,0,71.0,52.0,0.2676056338028169,2230,164.31617103104486,0.10769153598812409,295.0160696859821,0.5072360038757324,129.54022407531738,,0
mapf-random-32-32-10-m50-f8.txt,instances/benchmark-v1/mapf/mapf-random-32-32-10-m50-f8.txt,base,43,4,164.0,1800,A,avaliacao,0,8375ce438afcc63a9ad7516dd8b00499a2724b4b17cd09f78e291dc23ec46580,9b93650-dirty,4952ac563156bc616105251b414e8c2778a3859be94ff5ed183c2d9cd8ffaebb,solver,16,0,74.0,51.0,0.3108108108108108,2041,164.00011362162826,0.09547142800875008,295.572094040981,0.6045699119567871,270.8277418613434,,0
mapf-random-32-32-10-m50-f8.txt,instances/benchmark-v1/mapf/mapf-random-32-32-10-m50-f8.txt,base,44,4,164.0,1800,A,avaliacao,0,8375ce438afcc63a9ad7516dd8b00499a2724b4b17cd09f78e291dc23ec46580,9b93650-dirty,4952ac563156bc616105251b414e8c2778a3859be94ff5ed183c2d9cd8ffaebb,solver,16,0,72.0,52.0,0.2777777777777778,1641,164.00624381993035,0.11829275300260633,296.12477174200467,0.47901415824890137,61.39624500274658,,0
mapf-random-32-32-10-m50-f8.txt,instances/benchmark-v1/mapf/mapf-random-32-32-10-m50-f8.txt,comp,42,4,164.0,1800,A,avaliacao,0,8375ce438afcc63a9ad7516dd8b00499a2724b4b17cd09f78e291dc23ec46580,9b93650-dirty,4952ac563156bc616105251b414e8c2778a3859be94ff5ed183c2d9cd8ffaebb,solver,16,0,76.0,53.0,0.3026315789473684,1815,164.33953203415234,0.14762251899810508,289.4279584469914,0.05910301208496094,165.79801893234253,,97
mapf-random-32-32-10-m50-f8.txt,instances/benchmark-v1/mapf/mapf-random-32-32-10-m50-f8.txt,comp,43,4,164.0,1800,A,avaliacao,0,8375ce438afcc63a9ad7516dd8b00499a2724b4b17cd09f78e291dc23ec46580,9b93650-dirty,4952ac563156bc616105251b414e8c2778a3859be94ff5ed183c2d9cd8ffaebb,solver,16,0,76.0,53.0,0.3026315789473684,1871,164.0001342192648,0.14223448402481154,289.50641486697714,0.07002115249633789,35.093064069747925,,97
mapf-random-32-32-10-m50-f8.txt,instances/benchmark-v1/mapf/mapf-random-32-32-10-m50-f8.txt,comp,44,4,164.0,1800,A,avaliacao,0,8375ce438afcc63a9ad7516dd8b00499a2724b4b17cd09f78e291dc23ec46580,9b93650-dirty,4952ac563156bc616105251b414e8c2778a3859be94ff5ed183c2d9cd8ffaebb,solver,16,0,71.0,53.0,0.2535211267605634,1514,164.00008054297837,0.1106653259776067,292.68818843201734,0.06382393836975098,65.90131497383118,,97
mapf-random-32-32-10-m50-f8.txt,instances/benchmark-v1/mapf/mapf-random-32-32-10-m50-f8.txt,nucleo,42,4,164.0,1800,A,avaliacao,0,8375ce438afcc63a9ad7516dd8b00499a2724b4b17cd09f78e291dc23ec46580,9b93650-dirty,4952ac563156bc616105251b414e8c2778a3859be94ff5ed183c2d9cd8ffaebb,solver,2,0,43.0,43.0,0.0,1,0.0010752530898940414,0.004437800991581753,0.004795636981725693,0.00016188621520996094,0.004129886627197266,0.004795636981725693,97
mapf-random-32-32-10-m50-f8.txt,instances/benchmark-v1/mapf/mapf-random-32-32-10-m50-f8.txt,nucleo,43,4,164.0,1800,A,avaliacao,0,8375ce438afcc63a9ad7516dd8b00499a2724b4b17cd09f78e291dc23ec46580,9b93650-dirty,4952ac563156bc616105251b414e8c2778a3859be94ff5ed183c2d9cd8ffaebb,solver,2,0,43.0,43.0,0.0,1,0.0010752530898940414,0.004314794990932569,0.0047498699859716,0.0001590251922607422,0.004065990447998047,0.0047498699859716,97
mapf-random-32-32-10-m50-f8.txt,instances/benchmark-v1/mapf/mapf-random-32-32-10-m50-f8.txt,nucleo,44,4,164.0,1800,A,avaliacao,0,8375ce438afcc63a9ad7516dd8b00499a2724b4b17cd09f78e291dc23ec46580,9b93650-dirty,4952ac563156bc616105251b414e8c2778a3859be94ff5ed183c2d9cd8ffaebb,solver,2,0,43.0,43.0,0.0,1,0.0010752530898940414,0.00440037198131904,0.005141330999322236,0.00018215179443359375,0.004395961761474609,0.005141330999322236,97
pucn-cc3-10n-seed-r1.txt,instances/benchmark-v1/pucn/pucn-cc3-10n-seed-r1.txt,base,42,4,164.0,1800,A,desenvolvimento,0,9123c0e46228c22ba586bb7f730757a7fa2c4b0f815b54afba59f54a3bc8b431,9b93650-dirty,4952ac563156bc616105251b414e8c2778a3859be94ff5ed183c2d9cd8ffaebb,solver,16,0,26.0,17.0,0.34615384615384615,293,167.95167315113846,0.20006095001008362,197.83423653399223,0.0067958831787109375,76.19502401351929,,0
pucn-cc3-10n-seed-r1.txt,instances/benchmark-v1/pucn/pucn-cc3-10n-seed-r1.txt,base,43,4,164.0,1800,A,desenvolvimento,0,9123c0e46228c22ba586bb7f730757a7fa2c4b0f815b54afba59f54a3bc8b431,9b93650-dirty,4952ac563156bc616105251b414e8c2778a3859be94ff5ed183c2d9cd8ffaebb,solver,16,0,26.0,17.0,0.34615384615384615,281,169.29188873644208,0.20513751200633124,199.94535528001143,0.0058290958404541016,55.52094292640686,,0
pucn-cc3-10n-seed-r1.txt,instances/benchmark-v1/pucn/pucn-cc3-10n-seed-r1.txt,base,44,4,164.0,1800,A,desenvolvimento,0,9123c0e46228c22ba586bb7f730757a7fa2c4b0f815b54afba59f54a3bc8b431,9b93650-dirty,4952ac563156bc616105251b414e8c2778a3859be94ff5ed183c2d9cd8ffaebb,solver,16,0,28.0,17.0,0.39285714285714285,464,165.8654832054585,0.21824009501142427,208.40673247000086,0.008614063262939453,33.72218298912048,,0
pucn-cc3-10n-seed-r1.txt,instances/benchmark-v1/pucn/pucn-cc3-10n-seed-r1.txt,comp,42,4,164.0,1800,A,desenvolvimento,0,9123c0e46228c22ba586bb7f730757a7fa2c4b0f815b54afba59f54a3bc8b431,9b93650-dirty,4952ac563156bc616105251b414e8c2778a3859be94ff5ed183c2d9cd8ffaebb,solver,16,0,26.0,17.0,0.34615384615384615,1272,169.63907235355154,0.26429483699030243,209.8414336059941,0.00639796257019043,13.429427862167358,,50
pucn-cc3-10n-seed-r1.txt,instances/benchmark-v1/pucn/pucn-cc3-10n-seed-r1.txt,comp,43,4,164.0,1800,A,desenvolvimento,0,9123c0e46228c22ba586bb7f730757a7fa2c4b0f815b54afba59f54a3bc8b431,9b93650-dirty,4952ac563156bc616105251b414e8c2778a3859be94ff5ed183c2d9cd8ffaebb,solver,16,0,26.0,17.0,0.34615384615384615,294,167.08748896410094,0.2646838429791387,193.33197268200456,0.005460977554321289,13.020434141159058,,50
pucn-cc3-10n-seed-r1.txt,instances/benchmark-v1/pucn/pucn-cc3-10n-seed-r1.txt,comp,44,4,164.0,1800,A,desenvolvimento,0,9123c0e46228c22ba586bb7f730757a7fa2c4b0f815b54afba59f54a3bc8b431,9b93650-dirty,4952ac563156bc616105251b414e8c2778a3859be94ff5ed183c2d9cd8ffaebb,solver,16,0,26.0,17.0,0.34615384615384615,372,167.1673615941254,0.3099543799762614,201.32631035198574,0.008681058883666992,8.942363977432251,,50
pucn-cc3-10n-seed-r1.txt,instances/benchmark-v1/pucn/pucn-cc3-10n-seed-r1.txt,nucleo,42,4,164.0,1800,A,desenvolvimento,0,9123c0e46228c22ba586bb7f730757a7fa2c4b0f815b54afba59f54a3bc8b431,9b93650-dirty,4952ac563156bc616105251b414e8c2778a3859be94ff5ed183c2d9cd8ffaebb,solver,2,0,18.0,18.0,0.0,1,0.0025303411574577506,0.004187546001048759,0.00780556898098439,0.00013399124145507812,0.006846189498901367,0.00780556898098439,50
pucn-cc3-10n-seed-r1.txt,instances/benchmark-v1/pucn/pucn-cc3-10n-seed-r1.txt,nucleo,43,4,164.0,1800,A,desenvolvimento,0,9123c0e46228c22ba586bb7f730757a7fa2c4b0f815b54afba59f54a3bc8b431,9b93650-dirty,4952ac563156bc616105251b414e8c2778a3859be94ff5ed183c2d9cd8ffaebb,solver,2,0,18.0,18.0,0.0,1,0.0028594489963707777,0.004047321010148153,0.009418688016012311,0.00013184547424316406,0.008548974990844727,0.009418688016012311,50
pucn-cc3-10n-seed-r1.txt,instances/benchmark-v1/pucn/pucn-cc3-10n-seed-r1.txt,nucleo,44,4,164.0,1800,A,desenvolvimento,0,9123c0e46228c22ba586bb7f730757a7fa2c4b0f815b54afba59f54a3bc8b431,9b93650-dirty,4952ac563156bc616105251b414e8c2778a3859be94ff5ed183c2d9cd8ffaebb,solver,2,0,18.0,18.0,0.0,1,0.002544874317457761,0.004477009002584964,0.008153553993906826,0.00014495849609375,0.0072650909423828125,0.008153553993906826,50
pace18-t2-199-regiao-f4.txt,instances/benchmark-v1/pace2018/pace18-t2-199-regiao-f4.txt,base,42,4,164.0,1800,M,desenvolvimento,0,98d42c0bac95c7673da313bbe62748b8bea99d5375f2b6895a4e058f0a1c412c,9b93650-dirty,4952ac563156bc616105251b414e8c2778a3859be94ff5ed183c2d9cd8ffaebb,solver,16,0,7.0,4.0,0.42857142857142855,1,164.12239202631858,1.0645011940214317,286.1442491810012,0.025928020477294922,274.3506259918213,,0
pace18-t2-199-regiao-f4.txt,instances/benchmark-v1/pace2018/pace18-t2-199-regiao-f4.txt,comp,42,4,164.0,1800,M,desenvolvimento,0,98d42c0bac95c7673da313bbe62748b8bea99d5375f2b6895a4e058f0a1c412c,9b93650-dirty,4952ac563156bc616105251b414e8c2778a3859be94ff5ed183c2d9cd8ffaebb,solver,2,0,7.0,7.0,0.0,1,39.16616352812609,1.376571064000018,57.45791706099408,0.023166179656982422,57.39082217216492,57.45791706099408,38
pace18-t2-199-regiao-f4.txt,instances/benchmark-v1/pace2018/pace18-t2-199-regiao-f4.txt,nucleo,42,4,164.0,1800,M,desenvolvimento,0,98d42c0bac95c7673da313bbe62748b8bea99d5375f2b6895a4e058f0a1c412c,9b93650-dirty,4952ac563156bc616105251b414e8c2778a3859be94ff5ed183c2d9cd8ffaebb,solver,2,0,6.0,6.0,0.0,1,0.0027774628322712784,0.007434679981088266,0.005631508014630526,0.0002510547637939453,0.00510096549987793,0.005631508014630526,38
hc10p.txt,instances/hc10p.txt,base,42,4,164.0,1800,,legado,0,8cd73be105f57ab1ca33bad09190eacd48d2ad1463037b62e8c706b75d775168,9b93650-dirty,4952ac563156bc616105251b414e8c2778a3859be94ff5ed183c2d9cd8ffaebb,solver,16,0,85.0,50.0,0.4117647058823529,10,172.57359072685912,0.09873607498593628,267.7332212179899,0.9460601806640625,209.84773516654968,,0
hc10p.txt,instances/hc10p.txt,comp,42,4,164.0,1800,,legado,0,8cd73be105f57ab1ca33bad09190eacd48d2ad1463037b62e8c706b75d775168,9b93650-dirty,4952ac563156bc616105251b414e8c2778a3859be94ff5ed183c2d9cd8ffaebb,solver,16,0,77.0,52.0,0.3246753246753247,1,164.21293602072836,0.15042281200294383,194.2453827309946,0.06640410423278809,184.93377494812012,,512
hc10p.txt,instances/hc10p.txt,nucleo,42,4,164.0,1800,,legado,0,8cd73be105f57ab1ca33bad09190eacd48d2ad1463037b62e8c706b75d775168,9b93650-dirty,4952ac563156bc616105251b414e8c2778a3859be94ff5ed183c2d9cd8ffaebb,solver,16,0,64.0,56.0,0.125,4994,165.1522531423186,0.011238125996896997,123.30778759397799,0.00020503997802734375,29.246698141098022,,512
mapf-empty-32-32-m25-f4.txt,instances/benchmark-v1/mapf/mapf-empty-32-32-m25-f4.txt,base,42,4,164.0,1800,A,avaliacao,0,476fca28e855b885d5bbff2014d86c4ae0dae6ca68eb743605bb67c86606128c,9b93650-dirty,4952ac563156bc616105251b414e8c2778a3859be94ff5ed183c2d9cd8ffaebb,solver,16,0,18.0,12.0,0.3333333333333333,1117,164.06895253044084,0.2742823959852103,213.84309509498416,0.008157014846801758,84.15866303443909,,0
mapf-empty-32-32-m25-f4.txt,instances/benchmark-v1/mapf/mapf-empty-32-32-m25-f4.txt,base,43,4,164.0,1800,A,avaliacao,0,476fca28e855b885d5bbff2014d86c4ae0dae6ca68eb743605bb67c86606128c,9b93650-dirty,4952ac563156bc616105251b414e8c2778a3859be94ff5ed183c2d9cd8ffaebb,solver,16,0,18.0,12.0,0.3333333333333333,1448,164.0003964243651,0.24473410099744797,218.5409003670211,0.009243965148925781,79.56937003135681,,0
mapf-empty-32-32-m25-f4.txt,instances/benchmark-v1/mapf/mapf-empty-32-32-m25-f4.txt,base,44,4,164.0,1800,A,avaliacao,0,476fca28e855b885d5bbff2014d86c4ae0dae6ca68eb743605bb67c86606128c,9b93650-dirty,4952ac563156bc616105251b414e8c2778a3859be94ff5ed183c2d9cd8ffaebb,solver,16,0,19.0,12.0,0.3684210526315789,1414,164.0002047952726,0.2413145520258695,225.4040996840049,0.00910186767578125,4.842879056930542,,0
mapf-empty-32-32-m25-f4.txt,instances/benchmark-v1/mapf/mapf-empty-32-32-m25-f4.txt,comp,42,4,164.0,1800,A,avaliacao,0,476fca28e855b885d5bbff2014d86c4ae0dae6ca68eb743605bb67c86606128c,9b93650-dirty,4952ac563156bc616105251b414e8c2778a3859be94ff5ed183c2d9cd8ffaebb,solver,16,0,18.0,13.0,0.2777777777777778,858,165.783130916768,0.36143724000430666,198.2315319859772,0.0076999664306640625,157.96594095230103,,30
mapf-empty-32-32-m25-f4.txt,instances/benchmark-v1/mapf/mapf-empty-32-32-m25-f4.txt,comp,43,4,164.0,1800,A,avaliacao,0,476fca28e855b885d5bbff2014d86c4ae0dae6ca68eb743605bb67c86606128c,9b93650-dirty,4952ac563156bc616105251b414e8c2778a3859be94ff5ed183c2d9cd8ffaebb,solver,16,0,18.0,13.0,0.2777777777777778,1441,164.00910986143873,0.3458139360009227,239.59329993100255,0.008551836013793945,173.67553186416626,,30
mapf-empty-32-32-m25-f4.txt,instances/benchmark-v1/mapf/mapf-empty-32-32-m25-f4.txt,comp,44,4,164.0,1800,A,avaliacao,0,476fca28e855b885d5bbff2014d86c4ae0dae6ca68eb743605bb67c86606128c,9b93650-dirty,4952ac563156bc616105251b414e8c2778a3859be94ff5ed183c2d9cd8ffaebb,solver,16,0,18.0,13.0,0.2777777777777778,1240,164.00427577746802,0.3910540360084269,217.12698758899933,0.007494926452636719,46.21021294593811,,30
mapf-empty-32-32-m25-f4.txt,instances/benchmark-v1/mapf/mapf-empty-32-32-m25-f4.txt,nucleo,42,4,164.0,1800,A,avaliacao,0,476fca28e855b885d5bbff2014d86c4ae0dae6ca68eb743605bb67c86606128c,9b93650-dirty,4952ac563156bc616105251b414e8c2778a3859be94ff5ed183c2d9cd8ffaebb,solver,2,0,11.0,11.0,0.0,0,0.0004966891915027537,0.0038608440081588924,0.001636447006603703,0.00016307830810546875,0.0014081001281738281,0.001636447006603703,30
mapf-empty-32-32-m25-f4.txt,instances/benchmark-v1/mapf/mapf-empty-32-32-m25-f4.txt,nucleo,43,4,164.0,1800,A,avaliacao,0,476fca28e855b885d5bbff2014d86c4ae0dae6ca68eb743605bb67c86606128c,9b93650-dirty,4952ac563156bc616105251b414e8c2778a3859be94ff5ed183c2d9cd8ffaebb,solver,2,0,11.0,11.0,0.0,0,0.0004966891915027537,0.004059061000589281,0.0016917670145630836,0.000164031982421875,0.0014579296112060547,0.0016917670145630836,30
mapf-empty-32-32-m25-f4.txt,instances/benchmark-v1/mapf/mapf-empty-32-32-m25-f4.txt,nucleo,44,4,164.0,1800,A,avaliacao,0,476fca28e855b885d5bbff2014d86c4ae0dae6ca68eb743605bb67c86606128c,9b93650-dirty,4952ac563156bc616105251b414e8c2778a3859be94ff5ed183c2d9cd8ffaebb,solver,2,0,11.0,11.0,0.0,0,0.0004966891915027537,0.0038063479878474027,0.001705397997284308,0.0001671314239501953,0.0014870166778564453,0.001705397997284308,30
mapf-empty-32-32-m50-f2.txt,instances/benchmark-v1/mapf/mapf-empty-32-32-m50-f2.txt,base,42,4,164.0,1800,A,avaliacao,0,e734ef1b11f5529de5065363a279f5c127d6d3398de7af90022a7ea4c29a6205,9b93650-dirty,4952ac563156bc616105251b414e8c2778a3859be94ff5ed183c2d9cd8ffaebb,solver,16,0,6.0,1.0,0.8333333333333334,2973,164.67218644986028,0.5099541769886855,224.8863646989921,0.014341115951538086,8.776741981506348,,0
mapf-empty-32-32-m50-f2.txt,instances/benchmark-v1/mapf/mapf-empty-32-32-m50-f2.txt,base,43,4,164.0,1800,A,avaliacao,0,e734ef1b11f5529de5065363a279f5c127d6d3398de7af90022a7ea4c29a6205,9b93650-dirty,4952ac563156bc616105251b414e8c2778a3859be94ff5ed183c2d9cd8ffaebb,solver,16,0,6.0,2.0,0.6666666666666666,4318,164.99682783544915,0.5180695180024486,234.1771137060132,0.016286849975585938,4.470358848571777,,0
mapf-empty-32-32-m50-f2.txt,instances/benchmark-v1/mapf/mapf-empty-32-32-m50-f2.txt,base,44,4,164.0,1800,A,avaliacao,0,e734ef1b11f5529de5065363a279f5c127d6d3398de7af90022a7ea4c29a6205,9b93650-dirty,4952ac563156bc616105251b414e8c2778a3859be94ff5ed183c2d9cd8ffaebb,solver,16,0,6.0,2.0,0.6666666666666666,4906,164.30654844104134,0.4680554960214067,229.91393771002186,0.014098882675170898,10.324874877929688,,0
mapf-empty-32-32-m50-f2.txt,instances/benchmark-v1/mapf/mapf-empty-32-32-m50-f2.txt,comp,42,4,164.0,1800,A,avaliacao,0,e734ef1b11f5529de5065363a279f5c127d6d3398de7af90022a7ea4c29a6205,9b93650-dirty,4952ac563156bc616105251b414e8c2778a3859be94ff5ed183c2d9cd8ffaebb,solver,16,0,6.0,4.0,0.3333333333333333,1514,165.25503493844846,0.6786926060158294,256.9377992239897,0.013312101364135742,6.42966890335083,,17
mapf-empty-32-32-m50-f2.txt,instances/benchmark-v1/mapf/mapf-empty-32-32-m50-f2.txt,comp,43,4,164.0,1800,A,avaliacao,0,e734ef1b11f5529de5065363a279f5c127d6d3398de7af90022a7ea4c29a6205,9b93650-dirty,4952ac563156bc616105251b414e8c2778a3859be94ff5ed183c2d9cd8ffaebb,solver,16,0,6.0,4.0,0.3333333333333333,1329,164.0120589464139,0.6761472309881356,253.30617254201206,0.015551090240478516,9.123108148574829,,17
mapf-empty-32-32-m50-f2.txt,instances/benchmark-v1/mapf/mapf-empty-32-32-m50-f2.txt,comp,44,4,164.0,1800,A,avaliacao,0,e734ef1b11f5529de5065363a279f5c127d6d3398de7af90022a7ea4c29a6205,9b93650-dirty,4952ac563156bc616105251b414e8c2778a3859be94ff5ed183c2d9cd8ffaebb,solver,16,0,6.0,5.0,0.16666666666666666,1486,164.00032455908064,0.7118421560153365,238.3416382400028,0.014218807220458984,9.05937385559082,,17
mapf-empty-32-32-m50-f2.txt,instances/benchmark-v1/mapf/mapf-empty-32-32-m50-f2.txt,nucleo,42,4,164.0,1800,A,avaliacao,0,e734ef1b11f5529de5065363a279f5c127d6d3398de7af90022a7ea4c29a6205,9b93650-dirty,4952ac563156bc616105251b414e8c2778a3859be94ff5ed183c2d9cd8ffaebb,solver,2,0,3.0,3.0,0.0,0,0.0008104373566395665,0.006070091010769829,0.0018793919880408794,0.00019812583923339844,0.0016341209411621094,0.0018793919880408794,17
mapf-empty-32-32-m50-f2.txt,instances/benchmark-v1/mapf/mapf-empty-32-32-m50-f2.txt,nucleo,43,4,164.0,1800,A,avaliacao,0,e734ef1b11f5529de5065363a279f5c127d6d3398de7af90022a7ea4c29a6205,9b93650-dirty,4952ac563156bc616105251b414e8c2778a3859be94ff5ed183c2d9cd8ffaebb,solver,2,0,3.0,3.0,0.0,0,0.0008104373566395665,0.00586580898379907,0.0017826059774961323,0.0001850128173828125,0.0015459060668945312,0.0017826059774961323,17
mapf-empty-32-32-m50-f2.txt,instances/benchmark-v1/mapf/mapf-empty-32-32-m50-f2.txt,nucleo,44,4,164.0,1800,A,avaliacao,0,e734ef1b11f5529de5065363a279f5c127d6d3398de7af90022a7ea4c29a6205,9b93650-dirty,4952ac563156bc616105251b414e8c2778a3859be94ff5ed183c2d9cd8ffaebb,solver,2,0,3.0,3.0,0.0,0,0.0008104373566395665,0.005733628990128636,0.0018502479942981154,0.0001900196075439453,0.0016131401062011719,0.0018502479942981154,17
puc-cc10-2u-regiao-f2.txt,instances/benchmark-v1/puc/puc-cc10-2u-regiao-f2.txt,base,42,4,164.0,1800,F,desenvolvimento,0,512b6f1f16c62efe41c11bbfab838f3ac1fa9c44a9e978b9480f42c81fe5fe3b,9b93650-dirty,4952ac563156bc616105251b414e8c2778a3859be94ff5ed183c2d9cd8ffaebb,solver,2,0,2.0,2.0,0.0,1189,98.1521634986327,1.3681738020095509,232.4221191490069,0.03306698799133301,1.932744026184082,232.4221191490069,0
puc-cc10-2u-regiao-f2.txt,instances/benchmark-v1/puc/puc-cc10-2u-regiao-f2.txt,comp,42,4,164.0,1800,F,desenvolvimento,0,512b6f1f16c62efe41c11bbfab838f3ac1fa9c44a9e978b9480f42c81fe5fe3b,9b93650-dirty,4952ac563156bc616105251b414e8c2778a3859be94ff5ed183c2d9cd8ffaebb,solver,2,0,2.0,2.0,0.0,1,2.821543510380863,1.7117727620061487,4.1547880500147585,0.02947402000427246,4.096997976303101,4.1547880500147585,5
puc-cc10-2u-regiao-f2.txt,instances/benchmark-v1/puc/puc-cc10-2u-regiao-f2.txt,nucleo,42,4,164.0,1800,F,desenvolvimento,0,512b6f1f16c62efe41c11bbfab838f3ac1fa9c44a9e978b9480f42c81fe5fe3b,9b93650-dirty,4952ac563156bc616105251b414e8c2778a3859be94ff5ed183c2d9cd8ffaebb,solver,2,0,2.0,2.0,0.0,0,0.0004938605073170732,0.004294904007110745,0.0013625409919768572,0.000164031982421875,0.0011429786682128906,0.0013625409919768572,5
puc-cc10-2u-seed-r1.txt,instances/benchmark-v1/puc/puc-cc10-2u-seed-r1.txt,base,42,4,164.0,1800,A,desenvolvimento,0,f47b1dd56c29f03948bf55ccea53ad4ed523b943a40deb92dc29c0b656e4cd8f,9b93650-dirty,4952ac563156bc616105251b414e8c2778a3859be94ff5ed183c2d9cd8ffaebb,solver,16,0,61.0,53.0,0.13114754098360656,1566,164.9839973296349,0.13682907898328267,216.39461704000132,0.5066399574279785,127.01574516296387,,0
puc-cc10-2u-seed-r1.txt,instances/benchmark-v1/puc/puc-cc10-2u-seed-r1.txt,base,43,4,164.0,1800,A,desenvolvimento,0,f47b1dd56c29f03948bf55ccea53ad4ed523b943a40deb92dc29c0b656e4cd8f,9b93650-dirty,4952ac563156bc616105251b414e8c2778a3859be94ff5ed183c2d9cd8ffaebb,solver,16,0,63.0,53.0,0.15873015873015872,560,165.37190101904721,0.12724106799578294,249.41495393100195,0.5897889137268066,24.82654595375061,,0
puc-cc10-2u-seed-r1.txt,instances/benchmark-v1/puc/puc-cc10-2u-seed-r1.txt,base,44,4,164.0,1800,A,desenvolvimento,0,f47b1dd56c29f03948bf55ccea53ad4ed523b943a40deb92dc29c0b656e4cd8f,9b93650-dirty,4952ac563156bc616105251b414e8c2778a3859be94ff5ed183c2d9cd8ffaebb,solver,16,0,61.0,53.0,0.13114754098360656,1054,166.2315438560674,0.11983755000983365,247.65604923898354,0.004385948181152344,188.24166297912598,,0
puc-cc10-2u-seed-r1.txt,instances/benchmark-v1/puc/puc-cc10-2u-seed-r1.txt,comp,42,4,164.0,1800,A,desenvolvimento,0,f47b1dd56c29f03948bf55ccea53ad4ed523b943a40deb92dc29c0b656e4cd8f,9b93650-dirty,4952ac563156bc616105251b414e8c2778a3859be94ff5ed183c2d9cd8ffaebb,solver,16,0,58.0,53.0,0.08620689655172414,762,164.375197907081,0.15991429501445964,247.1973629540007,0.05610990524291992,38.90257811546326,,121
puc-cc10-2u-seed-r1.txt,instances/benchmark-v1/puc/puc-cc10-2u-seed-r1.txt,comp,43,4,164.0,1800,A,desenvolvimento,0,f47b1dd56c29f03948bf55ccea53ad4ed523b943a40deb92dc29c0b656e4cd8f,9b93650-dirty,4952ac563156bc616105251b414e8c2778a3859be94ff5ed183c2d9cd8ffaebb,solver,16,0,58.0,53.0,0.08620689655172414,246,166.2468424483737,0.15868606299045496,251.38248538901098,0.055734872817993164,10.553997039794922,,121
puc-cc10-2u-seed-r1.txt,instances/benchmark-v1/puc/puc-cc10-2u-seed-r1.txt,comp,44,4,164.0,1800,A,desenvolvimento,0,f47b1dd56c29f03948bf55ccea53ad4ed523b943a40deb92dc29c0b656e4cd8f,9b93650-dirty,4952ac563156bc616105251b414e8c2778a3859be94ff5ed183c2d9cd8ffaebb,solver,16,0,57.0,53.00000000000002,0.07017543859649085,400,165.98195939364393,0.1457508459861856,229.68755840099766,0.004383087158203125,172.91598391532898,,121
puc-cc10-2u-seed-r1.txt,instances/benchmark-v1/puc/puc-cc10-2u-seed-r1.txt,nucleo,42,4,164.0,1800,A,desenvolvimento,0,f47b1dd56c29f03948bf55ccea53ad4ed523b943a40deb92dc29c0b656e4cd8f,9b93650-dirty,4952ac563156bc616105251b414e8c2778a3859be94ff5ed183c2d9cd8ffaebb,solver,2,0,52.0,52.0,0.0,0,0.001082362905157937,0.005338699003914371,0.0031385229958686978,0.00021386146545410156,0.0028798580169677734,0.0031385229958686978,121
puc-cc10-2u-seed-r1.txt,instances/benchmark-v1/puc/puc-cc10-2u-seed-r1.txt,nucleo,43,4,164.0,1800,A,desenvolvimento,0,f47b1dd56c29f03948bf55ccea53ad4ed523b943a40deb92dc29c0b656e4cd8f,9b93650-dirty,4952ac563156bc616105251b414e8c2778a3859be94ff5ed183c2d9cd8ffaebb,solver,2,0,52.0,52.0,0.0,0,0.001082362905157937,0.005449866002891213,0.003054208995308727,0.00021195411682128906,0.002805948257446289,0.003054208995308727,121
puc-cc10-2u-seed-r1.txt,instances/benchmark-v1/puc/puc-cc10-2u-seed-r1.txt,nucleo,44,4,164.0,1800,A,desenvolvimento,0,f47b1dd56c29f03948bf55ccea53ad4ed523b943a40deb92dc29c0b656e4cd8f,9b93650-dirty,4952ac563156bc616105251b414e8c2778a3859be94ff5ed183c2d9cd8ffaebb,solver,2,0,52.0,52.0,0.0,0,0.001082362905157937,0.0063992350187618285,0.0034877840080298483,0.00025391578674316406,0.0031888484954833984,0.0034877840080298483,121
puc-hc10p-regiao-f4.txt,instances/benchmark-v1/puc/puc-hc10p-regiao-f4.txt,base,42,4,164.0,1800,F,avaliacao,0,0a3862dfa6eca464f6e458008b9dae09f875ca5ceb07e7f3d8ff3f2bd59e83a7,9b93650-dirty,4952ac563156bc616105251b414e8c2778a3859be94ff5ed183c2d9cd8ffaebb,solver,16,0,11.0,1.0,0.9090909090909091,1387,168.93467928997381,0.3884982790041249,230.11808164799004,0.011036157608032227,180.8740749359131,,0
puc-hc10p-regiao-f4.txt,instances/benchmark-v1/puc/puc-hc10p-regiao-f4.txt,comp,42,4,164.0,1800,F,avaliacao,0,0a3862dfa6eca464f6e458008b9dae09f875ca5ceb07e7f3d8ff3f2bd59e83a7,9b93650-dirty,4952ac563156bc616105251b414e8c2778a3859be94ff5ed183c2d9cd8ffaebb,solver,2,0,6.0,6.0,0.0,1,18.394673500083858,0.5089358929835726,19.250864041008754,0.009613037109375,19.215166091918945,19.250864041008754,94
puc-hc10p-regiao-f4.txt,instances/benchmark-v1/puc/puc-hc10p-regiao-f4.txt,nucleo,42,4,164.0,1800,F,avaliacao,0,0a3862dfa6eca464f6e458008b9dae09f875ca5ceb07e7f3d8ff3f2bd59e83a7,9b93650-dirty,4952ac563156bc616105251b414e8c2778a3859be94ff5ed183c2d9cd8ffaebb,solver,2,0,6.0,6.0,0.0,1,0.017253032553919516,0.009488228999543935,0.02250698598800227,0.00024819374084472656,0.02184319496154785,0.02250698598800227,94
puc-hc10p-seed-r1.txt,instances/benchmark-v1/puc/puc-hc10p-seed-r1.txt,base,42,4,164.0,1800,A,avaliacao,0,536f7ebd481974fec4a9ee6aa36e44ffb434c71779e700f8b66429f36d328e00,9b93650-dirty,4952ac563156bc616105251b414e8c2778a3859be94ff5ed183c2d9cd8ffaebb,solver,16,0,95.0,50.0,0.47368421052631576,7,174.46030549632133,0.12024110998027027,302.19598120299634,0.9494478702545166,158.513121843338,,0
puc-hc10p-seed-r1.txt,instances/benchmark-v1/puc/puc-hc10p-seed-r1.txt,base,43,4,164.0,1800,A,avaliacao,0,536f7ebd481974fec4a9ee6aa36e44ffb434c71779e700f8b66429f36d328e00,9b93650-dirty,4952ac563156bc616105251b414e8c2778a3859be94ff5ed183c2d9cd8ffaebb,solver,16,0,87.0,51.0,0.41379310344827586,1,164.0045421017662,0.12440863001393154,329.9746536969906,0.9850850105285645,172.57327699661255,,0
puc-hc10p-seed-r1.txt,instances/benchmark-v1/puc/puc-hc10p-seed-r1.txt,base,44,4,164.0,1800,A,avaliacao,0,536f7ebd481974fec4a9ee6aa36e44ffb434c71779e700f8b66429f36d328e00,9b93650-dirty,4952ac563156bc616105251b414e8c2778a3859be94ff5ed183c2d9cd8ffaebb,solver,16,0,87.0,51.0,0.41379310344827586,1,164.0004483388394,0.12402797400136478,331.00651562798885,0.8696508407592773,280.90588903427124,,0
puc-hc10p-seed-r1.txt,instances/benchmark-v1/puc/puc-hc10p-seed-r1.txt,comp,42,4,164.0,1800,A,avaliacao,0,536f7ebd481974fec4a9ee6aa36e44ffb434c71779e700f8b66429f36d328e00,9b93650-dirty,4952ac563156bc616105251b414e8c2778a3859be94ff5ed183c2d9cd8ffaebb,solver,16,0,79.0,52.00000000000002,0.3417721518987339,11,166.25940760271857,0.15015133100678213,185.05888767901342,0.07362198829650879,135.97435092926025,,512
puc-hc10p-seed-r1.txt,instances/benchmark-v1/puc/puc-hc10p-seed-r1.txt,comp,43,4,164.0,1800,A,avaliacao,0,536f7ebd481974fec4a9ee6aa36e44ffb434c71779e700f8b66429f36d328e00,9b93650-dirty,4952ac563156bc616105251b414e8c2778a3859be94ff5ed183c2d9cd8ffaebb,solver,16,0,86.0,52.0,0.3953488372093023,20,164.7642405016375,0.21632651699474081,167.88854842199362,0.07025694847106934,40.67923092842102,,512
puc-hc10p-seed-r1.txt,instances/benchmark-v1/puc/puc-hc10p-seed-r1.txt,comp,44,4,164.0,1800,A,avaliacao,0,536f7ebd481974fec4a9ee6aa36e44ffb434c71779e700f8b66429f36d328e00,9b93650-dirty,4952ac563156bc616105251b414e8c2778a3859be94ff5ed183c2d9cd8ffaebb,solver,16,0,88.0,52.0,0.4090909090909091,71,164.76394217141348,0.14677256002323702,179.16787335902336,0.06619906425476074,79.72308707237244,,512
puc-hc10p-seed-r1.txt,instances/benchmark-v1/puc/puc-hc10p-seed-r1.txt,nucleo,42,4,164.0,1800,A,avaliacao,0,536f7ebd481974fec4a9ee6aa36e44ffb434c71779e700f8b66429f36d328e00,9b93650-dirty,4952ac563156bc616105251b414e8c2778a3859be94ff5ed183c2d9cd8ffaebb,solver,16,0,64.0,56.0,0.125,4994,165.1522531423186,0.01186055998550728,123.41367267799797,0.00020694732666015625,28.930105924606323,,512
puc-hc10p-seed-r1.txt,instances/benchmark-v1/puc/puc-hc10p-seed-r1.txt,nucleo,43,4,164.0,1800,A,avaliacao,0,536f7ebd481974fec4a9ee6aa36e44ffb434c71779e700f8b66429f36d328e00,9b93650-dirty,4952ac563156bc616105251b414e8c2778a3859be94ff5ed183c2d9cd8ffaebb,solver,16,0,64.0,55.0,0.140625,5503,164.43906258315673,0.011620245000813156,120.08472128299763,0.00019884109497070312,66.45152688026428,,512
puc-hc10p-seed-r1.txt,instances/benchmark-v1/puc/puc-hc10p-seed-r1.txt,nucleo,44,4,164.0,1800,A,avaliacao,0,536f7ebd481974fec4a9ee6aa36e44ffb434c71779e700f8b66429f36d328e00,9b93650-dirty,4952ac563156bc616105251b414e8c2778a3859be94ff5ed183c2d9cd8ffaebb,solver,16,0,64.0,55.0,0.140625,5610,164.69565999995066,0.011424466007156298,124.60191829700489,0.00019788742065429688,72.5069739818573,,512
puc-w23c23-intercalado-f2-rho.txt,instances/benchmark-v1/puc/puc-w23c23-intercalado-f2-rho.txt,base,42,4,164.0,1800,F,desenvolvimento,0,e09ff5393ebfb3c13981c4aa90a98154842489c8f9a8ea9a7ed3879fe181babc,9b93650-dirty,4952ac563156bc616105251b414e8c2778a3859be94ff5ed183c2d9cd8ffaebb,solver,16,0,132.0,125.0,0.05303030303030303,891,165.7443211684168,0.11210338299861178,264.868562579999,0.2621750831604004,239.68083095550537,,0
puc-w23c23-intercalado-f2-rho.txt,instances/benchmark-v1/puc/puc-w23c23-intercalado-f2-rho.txt,comp,42,4,164.0,1800,F,desenvolvimento,0,e09ff5393ebfb3c13981c4aa90a98154842489c8f9a8ea9a7ed3879fe181babc,9b93650-dirty,4952ac563156bc616105251b414e8c2778a3859be94ff5ed183c2d9cd8ffaebb,solver,2,0,128.0,128.0,0.0,1,2.3655059736088764,0.10603731501032598,5.440625388000626,0.05510592460632324,5.435099840164185,5.440625388000626,496
puc-w23c23-intercalado-f2-rho.txt,instances/benchmark-v1/puc/puc-w23c23-intercalado-f2-rho.txt,nucleo,42,4,164.0,1800,F,desenvolvimento,0,e09ff5393ebfb3c13981c4aa90a98154842489c8f9a8ea9a7ed3879fe181babc,9b93650-dirty,4952ac563156bc616105251b414e8c2778a3859be94ff5ed183c2d9cd8ffaebb,solver,2,0,128.0,128.0,0.0,1,0.005113459178855449,0.011210211989236996,0.008218287024646997,0.000186920166015625,0.007794857025146484,0.008218287024646997,496
puc-w23c23-seed-r1.txt,instances/benchmark-v1/puc/puc-w23c23-seed-r1.txt,base,42,4,164.0,1800,A,desenvolvimento,0,2d66a9d3e0ced42de6e588f97003d87dd244d5491c0b53d40852725a147324f3,9b93650-dirty,4952ac563156bc616105251b414e8c2778a3859be94ff5ed183c2d9cd8ffaebb,solver,16,0,162.0,134.0,0.1728395061728395,1592,165.0167462315215,0.09551036800257862,236.453498132003,0.3486309051513672,172.27974104881287,,0
puc-w23c23-seed-r1.txt,instances/benchmark-v1/puc/puc-w23c23-seed-r1.txt,base,43,4,164.0,1800,A,desenvolvimento,0,2d66a9d3e0ced42de6e588f97003d87dd244d5491c0b53d40852725a147324f3,9b93650-dirty,4952ac563156bc616105251b414e8c2778a3859be94ff5ed183c2d9cd8ffaebb,solver,16,0,162.0,133.0,0.17901234567901234,1258,164.85978137609985,0.08838228098466061,241.45647835699492,0.34166407585144043,202.36231398582458,,0
puc-w23c23-seed-r1.txt,instances/benchmark-v1/puc/puc-w23c23-seed-r1.txt,base,44,4,164.0,1800,A,desenvolvimento,0,2d66a9d3e0ced42de6e588f97003d87dd244d5491c0b53d40852725a147324f3,9b93650-dirty,4952ac563156bc616105251b414e8c2778a3859be94ff5ed183c2d9cd8ffaebb,solver,16,0,164.0,134.0,0.18292682926829268,1958,165.84264948970866,0.11034183797892183,237.9407592829957,0.32215023040771484,218.5446071624756,,0
puc-w23c23-seed-r1.txt,instances/benchmark-v1/puc/puc-w23c23-seed-r1.txt,comp,42,4,164.0,1800,A,desenvolvimento,0,2d66a9d3e0ced42de6e588f97003d87dd244d5491c0b53d40852725a147324f3,9b93650-dirty,4952ac563156bc616105251b414e8c2778a3859be94ff5ed183c2d9cd8ffaebb,solver,16,0,158.0,140.0,0.11392405063291139,1756,164.00173491716134,0.13023567700292915,226.06038242799696,0.05887293815612793,149.49868988990784,,556
puc-w23c23-seed-r1.txt,instances/benchmark-v1/puc/puc-w23c23-seed-r1.txt,comp,43,4,164.0,1800,A,desenvolvimento,0,2d66a9d3e0ced42de6e588f97003d87dd244d5491c0b53d40852725a147324f3,9b93650-dirty,4952ac563156bc616105251b414e8c2778a3859be94ff5ed183c2d9cd8ffaebb,solver,16,0,156.0,140.0,0.10256410256410256,1512,164.00131461154697,0.12873713599401526,233.6743799370015,0.0605928897857666,110.38592100143433,,556
puc-w23c23-seed-r1.txt,instances/benchmark-v1/puc/puc-w23c23-seed-r1.txt,comp,44,4,164.0,1800,A,desenvolvimento,0,2d66a9d3e0ced42de6e588f97003d87dd244d5491c0b53d40852725a147324f3,9b93650-dirty,4952ac563156bc616105251b414e8c2778a3859be94ff5ed183c2d9cd8ffaebb,solver,16,0,158.0,140.0,0.11392405063291139,1576,164.00167375893614,0.13337947099353187,216.66532440198353,0.05766606330871582,136.0748908519745,,556
puc-w23c23-seed-r1.txt,instances/benchmark-v1/puc/puc-w23c23-seed-r1.txt,nucleo,42,4,164.0,1800,A,desenvolvimento,0,2d66a9d3e0ced42de6e588f97003d87dd244d5491c0b53d40852725a147324f3,9b93650-dirty,4952ac563156bc616105251b414e8c2778a3859be94ff5ed183c2d9cd8ffaebb,solver,2,0,139.0,139.0,0.0,2308,18.863126039308888,0.011187538999365643,29.846594226022717,0.0001919269561767578,29.84322190284729,29.846594226022717,556
puc-w23c23-seed-r1.txt,instances/benchmark-v1/puc/puc-w23c23-seed-r1.txt,nucleo,43,4,164.0,1800,A,desenvolvimento,0,2d66a9d3e0ced42de6e588f97003d87dd244d5491c0b53d40852725a147324f3,9b93650-dirty,4952ac563156bc616105251b414e8c2778a3859be94ff5ed183c2d9cd8ffaebb,solver,2,0,139.0,139.0,0.0,1315,7.987848828053847,0.011972923995926976,14.745821525983047,0.00019502639770507812,14.743124008178711,14.745821525983047,556
puc-w23c23-seed-r1.txt,instances/benchmark-v1/puc/puc-w23c23-seed-r1.txt,nucleo,44,4,164.0,1800,A,desenvolvimento,0,2d66a9d3e0ced42de6e588f97003d87dd244d5491c0b53d40852725a147324f3,9b93650-dirty,4952ac563156bc616105251b414e8c2778a3859be94ff5ed183c2d9cd8ffaebb,solver,2,0,139.0,139.0,0.0,3745,51.66782117396344,0.011270416987827048,59.6721497529943,0.00018215179443359375,59.66635203361511,59.6721497529943,556
bip42p.txt,instances/bip42p.txt,base,42,4,164.0,1800,,legado,0,fffb7ecf020b319efd8d99a55da1a90b76dd64d154b27d9a6e5c31aedd7236b5,9b93650-dirty,4952ac563156bc616105251b414e8c2778a3859be94ff5ed183c2d9cd8ffaebb,solver,16,0,50.0,33.0,0.34,64,165.72608161435426,0.12177010902087204,212.62728432400036,0.6410088539123535,62.13843894004822,,0
bip42p.txt,instances/bip42p.txt,comp,42,4,164.0,1800,,legado,0,fffb7ecf020b319efd8d99a55da1a90b76dd64d154b27d9a6e5c31aedd7236b5,9b93650-dirty,4952ac563156bc616105251b414e8c2778a3859be94ff5ed183c2d9cd8ffaebb,solver,16,0,43.0,33.0,0.23255813953488372,999,164.76305330403227,0.19997856099507771,176.9490273289848,0.19638395309448242,86.09776186943054,,200
bip42p.txt,instances/bip42p.txt,nucleo,42,4,164.0,1800,,legado,0,fffb7ecf020b319efd8d99a55da1a90b76dd64d154b27d9a6e5c31aedd7236b5,9b93650-dirty,4952ac563156bc616105251b414e8c2778a3859be94ff5ed183c2d9cd8ffaebb,solver,16,0,37.0,35.0,0.05405405405405406,71872,164.15203991238977,0.008179561991710216,143.35481503698975,0.0002269744873046875,2.7319469451904297,,200
puc-bip42p-regiao-f2.txt,instances/benchmark-v1/puc/puc-bip42p-regiao-f2.txt,base,42,4,164.0,1800,A,desenvolvimento,0,d7c53596522401d4071563d5007d9c8647ee0d37c893426b5ab3b1d65d97743a,9b93650-dirty,4952ac563156bc616105251b414e8c2778a3859be94ff5ed183c2d9cd8ffaebb,solver,16,0,50.0,33.0,0.34,93,166.78036827887908,0.09947618099977262,208.73181127101998,0.7980051040649414,152.56607794761658,,0
puc-bip42p-regiao-f2.txt,instances/benchmark-v1/puc/puc-bip42p-regiao-f2.txt,base,43,4,164.0,1800,A,desenvolvimento,0,d7c53596522401d4071563d5007d9c8647ee0d37c893426b5ab3b1d65d97743a,9b93650-dirty,4952ac563156bc616105251b414e8c2778a3859be94ff5ed183c2d9cd8ffaebb,solver,16,0,49.0,33.0,0.32653061224489793,69,165.40531300131605,0.11004140801378526,207.44139184898813,0.6193959712982178,175.43681406974792,,0
puc-bip42p-regiao-f2.txt,instances/benchmark-v1/puc/puc-bip42p-regiao-f2.txt,base,44,4,164.0,1800,A,desenvolvimento,0,d7c53596522401d4071563d5007d9c8647ee0d37c893426b5ab3b1d65d97743a,9b93650-dirty,4952ac563156bc616105251b414e8c2778a3859be94ff5ed183c2d9cd8ffaebb,solver,16,0,48.0,33.0,0.3125,87,166.35362371154505,0.10729111099499278,207.5346488499781,0.6366219520568848,145.34551310539246,,0
puc-bip42p-regiao-f2.txt,instances/benchmark-v1/puc/puc-bip42p-regiao-f2.txt,comp,42,4,164.0,1800,A,desenvolvimento,0,d7c53596522401d4071563d5007d9c8647ee0d37c893426b5ab3b1d65d97743a,9b93650-dirty,4952ac563156bc616105251b414e8c2778a3859be94ff5ed183c2d9cd8ffaebb,solver,16,0,43.0,33.0,0.23255813953488372,1056,164.18189504001288,0.17033783701481298,173.51250784800504,0.1952509880065918,106.01693797111511,,200
puc-bip42p-regiao-f2.txt,instances/benchmark-v1/puc/puc-bip42p-regiao-f2.txt,comp,43,4,164.0,1800,A,desenvolvimento,0,d7c53596522401d4071563d5007d9c8647ee0d37c893426b5ab3b1d65d97743a,9b93650-dirty,4952ac563156bc616105251b414e8c2778a3859be94ff5ed183c2d9cd8ffaebb,solver,16,0,44.0,33.0,0.25,1123,166.64966782864605,0.20546752799418755,192.43031518300995,0.19753789901733398,30.26558780670166,,200
puc-bip42p-regiao-f2.txt,instances/benchmark-v1/puc/puc-bip42p-regiao-f2.txt,comp,44,4,164.0,1800,A,desenvolvimento,0,d7c53596522401d4071563d5007d9c8647ee0d37c893426b5ab3b1d65d97743a,9b93650-dirty,4952ac563156bc616105251b414e8c2778a3859be94ff5ed183c2d9cd8ffaebb,solver,16,0,44.0,33.0,0.25,1270,164.11233842434848,0.21406827299506404,186.5777930559998,0.19891905784606934,59.23844289779663,,200
puc-bip42p-regiao-f2.txt,instances/benchmark-v1/puc/puc-bip42p-regiao-f2.txt,nucleo,42,4,164.0,1800,A,desenvolvimento,0,d7c53596522401d4071563d5007d9c8647ee0d37c893426b5ab3b1d65d97743a,9b93650-dirty,4952ac563156bc616105251b414e8c2778a3859be94ff5ed183c2d9cd8ffaebb,solver,16,0,37.0,35.0,0.05405405405405406,71872,164.15203991238977,0.008011789002921432,154.21799513098085,0.0002238750457763672,2.479858875274658,,200
puc-bip42p-regiao-f2.txt,instances/benchmark-v1/puc/puc-bip42p-regiao-f2.txt,nucleo,43,4,164.0,1800,A,desenvolvimento,0,d7c53596522401d4071563d5007d9c8647ee0d37c893426b5ab3b1d65d97743a,9b93650-dirty,4952ac563156bc616105251b414e8c2778a3859be94ff5ed183c2d9cd8ffaebb,solver,16,0,37.0,35.0,0.05405405405405406,73961,164.01937635991476,0.00818731400067918,143.06297597000957,0.00023603439331054688,7.521818161010742,,200
puc-bip42p-regiao-f2.txt,instances/benchmark-v1/puc/puc-bip42p-regiao-f2.txt,nucleo,44,4,164.0,1800,A,desenvolvimento,0,d7c53596522401d4071563d5007d9c8647ee0d37c893426b5ab3b1d65d97743a,9b93650-dirty,4952ac563156bc616105251b414e8c2778a3859be94ff5ed183c2d9cd8ffaebb,solver,16,0,37.0,35.0,0.05405405405405406,75943,164.18985921952518,0.008523522003088146,143.03840190000483,0.000244140625,7.930215120315552,,200
puc-bip42p-seed-r1.txt,instances/benchmark-v1/puc/puc-bip42p-seed-r1.txt,base,42,4,164.0,1800,A,desenvolvimento,0,2593a7cbca594fb96b5015c50109e777ef7953215306a6360f6dcf03a8b6c72f,9b93650-dirty,4952ac563156bc616105251b414e8c2778a3859be94ff5ed183c2d9cd8ffaebb,solver,16,0,50.0,33.0,0.34,64,165.72608161435426,0.13190198098891415,213.24324168098974,0.620380163192749,61.860000133514404,,0
puc-bip42p-seed-r1.txt,instances/benchmark-v1/puc/puc-bip42p-seed-r1.txt,base,43,4,164.0,1800,A,desenvolvimento,0,2593a7cbca594fb96b5015c50109e777ef7953215306a6360f6dcf03a8b6c72f,9b93650-dirty,4952ac563156bc616105251b414e8c2778a3859be94ff5ed183c2d9cd8ffaebb,solver,16,0,50.0,33.0,0.34,72,166.40457677058916,0.1217881890188437,207.57601305900607,0.6286060810089111,91.48951816558838,,0
puc-bip42p-seed-r1.txt,instances/benchmark-v1/puc/puc-bip42p-seed-r1.txt,base,44,4,164.0,1800,A,desenvolvimento,0,2593a7cbca594fb96b5015c50109e777ef7953215306a6360f6dcf03a8b6c72f,9b93650-dirty,4952ac563156bc616105251b414e8c2778a3859be94ff5ed183c2d9cd8ffaebb,solver,16,0,50.0,33.0,0.34,100,166.46245137853055,0.11928186699515209,207.4895099499845,0.6704518795013428,145.51740789413452,,0
puc-bip42p-seed-r1.txt,instances/benchmark-v1/puc/puc-bip42p-seed-r1.txt,comp,42,4,164.0,1800,A,desenvolvimento,0,2593a7cbca594fb96b5015c50109e777ef7953215306a6360f6dcf03a8b6c72f,9b93650-dirty,4952ac563156bc616105251b414e8c2778a3859be94ff5ed183c2d9cd8ffaebb,solver,16,0,43.0,33.0,0.23255813953488372,999,164.76305330403227,0.13989012301317416,177.3273820510076,0.08158493041992188,85.53595185279846,,200
puc-bip42p-seed-r1.txt,instances/benchmark-v1/puc/puc-bip42p-seed-r1.txt,comp,43,4,164.0,1800,A,desenvolvimento,0,2593a7cbca594fb96b5015c50109e777ef7953215306a6360f6dcf03a8b6c72f,9b93650-dirty,4952ac563156bc616105251b414e8c2778a3859be94ff5ed183c2d9cd8ffaebb,solver,16,0,43.0,33.0,0.23255813953488372,443,164.79898875553823,0.15669673099182546,178.35373751900624,0.07435202598571777,44.930087089538574,,200
puc-bip42p-seed-r1.txt,instances/benchmark-v1/puc/puc-bip42p-seed-r1.txt,comp,44,4,164.0,1800,A,desenvolvimento,0,2593a7cbca594fb96b5015c50109e777ef7953215306a6360f6dcf03a8b6c72f,9b93650-dirty,4952ac563156bc616105251b414e8c2778a3859be94ff5ed183c2d9cd8ffaebb,solver,16,0,43.0,33.0,0.23255813953488372,1400,164.56034227572883,0.17485485601355322,172.3998277320061,0.0740358829498291,41.746301889419556,,200
puc-bip42p-seed-r1.txt,instances/benchmark-v1/puc/puc-bip42p-seed-r1.txt,nucleo,42,4,164.0,1800,A,desenvolvimento,0,2593a7cbca594fb96b5015c50109e777ef7953215306a6360f6dcf03a8b6c72f,9b93650-dirty,4952ac563156bc616105251b414e8c2778a3859be94ff5ed183c2d9cd8ffaebb,solver,16,0,37.0,35.0,0.05405405405405406,71872,164.15203991238977,0.00831120801740326,143.7201618500112,0.00023794174194335938,2.538796901702881,,200
puc-bip42p-seed-r1.txt,instances/benchmark-v1/puc/puc-bip42p-seed-r1.txt,nucleo,43,4,164.0,1800,A,desenvolvimento,0,2593a7cbca594fb96b5015c50109e777ef7953215306a6360f6dcf03a8b6c72f,9b93650-dirty,4952ac563156bc616105251b414e8c2778a3859be94ff5ed183c2d9cd8ffaebb,solver,16,0,37.0,35.0,0.05405405405405406,73961,164.01937635991476,0.009028401982504874,143.8088067700155,0.00024700164794921875,7.5285890102386475,,200
puc-bip42p-seed-r1.txt,instances/benchmark-v1/puc/puc-bip42p-seed-r1.txt,nucleo,44,4,164.0,1800,A,desenvolvimento,0,2593a7cbca594fb96b5015c50109e777ef7953215306a6360f6dcf03a8b6c72f,9b93650-dirty,4952ac563156bc616105251b414e8c2778a3859be94ff5ed183c2d9cd8ffaebb,solver,16,0,37.0,35.0,0.05405405405405406,75943,164.18985921952518,0.008533567015547305,142.251411078003,0.00023889541625976562,7.947259902954102,,200
urb-st_helier-m10-f4.txt,instances/benchmark-v1/urbano/urb-st_helier-m10-f4.txt,base,42,4,164.0,1800,F,avaliacao,0,80c4f4b60294e5d7d89bf03126f33011ac5d4f4fbb7ca93303365b1ba48ed3d3,9b93650-dirty,4952ac563156bc616105251b414e8c2778a3859be94ff5ed183c2d9cd8ffaebb,solver,2,0,4.0,4.0,0.0,1,9.145641964899797,4.51491971698124,21.472572761995252,0.12553906440734863,21.200037956237793,21.472572761995252,0
urb-st_helier-m10-f4.txt,instances/benchmark-v1/urbano/urb-st_helier-m10-f4.txt,comp,42,4,164.0,1800,F,avaliacao,0,80c4f4b60294e5d7d89bf03126f33011ac5d4f4fbb7ca93303365b1ba48ed3d3,9b93650-dirty,4952ac563156bc616105251b414e8c2778a3859be94ff5ed183c2d9cd8ffaebb,solver,2,0,4.0,4.0,0.0,1,8.603877939633525,5.972049895994132,17.541434062994085,0.09331893920898438,17.487921953201294,17.541434062994085,58
urb-st_helier-m10-f4.txt,instances/benchmark-v1/urbano/urb-st_helier-m10-f4.txt,nucleo,42,4,164.0,1800,F,avaliacao,0,80c4f4b60294e5d7d89bf03126f33011ac5d4f4fbb7ca93303365b1ba48ed3d3,9b93650-dirty,4952ac563156bc616105251b414e8c2778a3859be94ff5ed183c2d9cd8ffaebb,solver,2,0,4.0,4.0,0.0,0,0.005356747583196918,0.03173216400318779,0.008761078992392868,0.0007109642028808594,0.008302927017211914,0.008761078992392868,58
urb-apia-m10-f8.txt,instances/benchmark-v1/urbano/urb-apia-m10-f8.txt,base,42,4,164.0,1800,F,avaliacao,0,cf8c5b37524454be7c327dbd3d107336f1030d64e27d12b84c523dee8c03f610,9b93650-dirty,4952ac563156bc616105251b414e8c2778a3859be94ff5ed183c2d9cd8ffaebb,solver,2,0,8.0,8.0,0.0,1,18.387021305937598,2.49200793899945,38.268450881994795,0.07444095611572266,12.539597034454346,38.268450881994795,0
urb-apia-m10-f8.txt,instances/benchmark-v1/urbano/urb-apia-m10-f8.txt,comp,42,4,164.0,1800,F,avaliacao,0,cf8c5b37524454be7c327dbd3d107336f1030d64e27d12b84c523dee8c03f610,9b93650-dirty,4952ac563156bc616105251b414e8c2778a3859be94ff5ed183c2d9cd8ffaebb,solver,2,0,8.0,8.0,0.0,1,5.625727229679036,3.491134218988009,11.967225452011917,0.0634450912475586,11.85445499420166,11.967225452011917,111
urb-apia-m10-f8.txt,instances/benchmark-v1/urbano/urb-apia-m10-f8.txt,nucleo,42,4,164.0,1800,F,avaliacao,0,cf8c5b37524454be7c327dbd3d107336f1030d64e27d12b84c523dee8c03f610,9b93650-dirty,4952ac563156bc616105251b414e8c2778a3859be94ff5ed183c2d9cd8ffaebb,solver,2,0,8.0,8.0,0.0,0,0.01194927190298244,0.026021283003501594,0.014154942997265607,0.0005710124969482422,0.013792037963867188,0.014154942997265607,111
urb-apia-m25-f2.txt,instances/benchmark-v1/urbano/urb-apia-m25-f2.txt,base,42,4,164.0,1800,M,avaliacao,0,fc564819e8c681b8122985060517763f03f2448f4870a1e996b174085f5af338,9b93650-dirty,4952ac563156bc616105251b414e8c2778a3859be94ff5ed183c2d9cd8ffaebb,solver,2,0,2.0,2.0,0.0,1,16.491830693396818,17.280455441999948,31.879004892980447,0.40143394470214844,31.115237951278687,31.879004892980447,0
urb-apia-m25-f2.txt,instances/benchmark-v1/urbano/urb-apia-m25-f2.txt,comp,42,4,164.0,1800,M,avaliacao,0,fc564819e8c681b8122985060517763f03f2448f4870a1e996b174085f5af338,9b93650-dirty,4952ac563156bc616105251b414e8c2778a3859be94ff5ed183c2d9cd8ffaebb,solver,2,0,2.0,2.0,0.0,1,47.39682595111403,20.26597902199137,69.31213017299888,0.3187069892883301,69.1630208492279,69.31213017299888,50
urb-apia-m25-f2.txt,instances/benchmark-v1/urbano/urb-apia-m25-f2.txt,nucleo,42,4,164.0,1800,M,avaliacao,0,fc564819e8c681b8122985060517763f03f2448f4870a1e996b174085f5af338,9b93650-dirty,4952ac563156bc616105251b414e8c2778a3859be94ff5ed183c2d9cd8ffaebb,solver,2,0,2.0,2.0,0.0,0,0.007720457409839045,0.03769716699025594,0.010000123991630971,0.0007939338684082031,0.009577035903930664,0.010000123991630971,50
vienna-I056-regiao-f4.txt,instances/benchmark-v1/vienna/vienna-I056-regiao-f4.txt,base,42,4,164.0,1800,A,desenvolvimento,0,645da5115a0eeaa6fba9eeae9f4942aebecfa66c4bcbc7aaec2bd0c994eb0ccc,9b93650-dirty,4952ac563156bc616105251b414e8c2778a3859be94ff5ed183c2d9cd8ffaebb,solver,16,0,14.0,3.0,0.7857142857142857,1,164.00512948304967,2.735314482008107,211.74197401100537,0.07587099075317383,16.870179891586304,,0
vienna-I056-regiao-f4.txt,instances/benchmark-v1/vienna/vienna-I056-regiao-f4.txt,base,43,4,164.0,1800,A,desenvolvimento,0,645da5115a0eeaa6fba9eeae9f4942aebecfa66c4bcbc7aaec2bd0c994eb0ccc,9b93650-dirty,4952ac563156bc616105251b414e8c2778a3859be94ff5ed183c2d9cd8ffaebb,solver,16,0,11.0,3.0,0.7272727272727273,1,164.00434467194123,2.9383180709846783,208.41541943198536,0.07396101951599121,29.112746953964233,,0
vienna-I056-regiao-f4.txt,instances/benchmark-v1/vienna/vienna-I056-regiao-f4.txt,base,44,4,164.0,1800,A,desenvolvimento,0,645da5115a0eeaa6fba9eeae9f4942aebecfa66c4bcbc7aaec2bd0c994eb0ccc,9b93650-dirty,4952ac563156bc616105251b414e8c2778a3859be94ff5ed183c2d9cd8ffaebb,solver,16,0,12.0,3.0,0.75,1,164.00977434814249,2.803457755013369,206.93059734700364,0.07265806198120117,29.878437995910645,,0
vienna-I056-regiao-f4.txt,instances/benchmark-v1/vienna/vienna-I056-regiao-f4.txt,comp,42,4,164.0,1800,A,desenvolvimento,0,645da5115a0eeaa6fba9eeae9f4942aebecfa66c4bcbc7aaec2bd0c994eb0ccc,9b93650-dirty,4952ac563156bc616105251b414e8c2778a3859be94ff5ed183c2d9cd8ffaebb,solver,16,0,11.0,9.0,0.18181818181818182,1,164.0023446788046,3.759170250996249,200.82526886102278,0.07214784622192383,99.53970384597778,,101
vienna-I056-regiao-f4.txt,instances/benchmark-v1/vienna/vienna-I056-regiao-f4.txt,comp,43,4,164.0,1800,A,desenvolvimento,0,645da5115a0eeaa6fba9eeae9f4942aebecfa66c4bcbc7aaec2bd0c994eb0ccc,9b93650-dirty,4952ac563156bc616105251b414e8c2778a3859be94ff5ed183c2d9cd8ffaebb,solver,16,0,13.0,9.0,0.3076923076923077,1,164.00156235731967,3.793519360013306,195.63466385100037,0.07675695419311523,70.14367413520813,,101
vienna-I056-regiao-f4.txt,instances/benchmark-v1/vienna/vienna-I056-regiao-f4.txt,comp,44,4,164.0,1800,A,desenvolvimento,0,645da5115a0eeaa6fba9eeae9f4942aebecfa66c4bcbc7aaec2bd0c994eb0ccc,9b93650-dirty,4952ac563156bc616105251b414e8c2778a3859be94ff5ed183c2d9cd8ffaebb,solver,16,0,13.0,9.0,0.3076923076923077,1,164.00235195686966,3.8146455399983097,189.58239277798566,0.0686180591583252,43.16121506690979,,101
vienna-I056-regiao-f4.txt,instances/benchmark-v1/vienna/vienna-I056-regiao-f4.txt,nucleo,42,4,164.0,1800,A,desenvolvimento,0,645da5115a0eeaa6fba9eeae9f4942aebecfa66c4bcbc7aaec2bd0c994eb0ccc,9b93650-dirty,4952ac563156bc616105251b414e8c2778a3859be94ff5ed183c2d9cd8ffaebb,solver,2,0,9.0,9.0,0.0,1,0.018779940925587383,0.02924087201245129,0.02720506500918418,0.0008020401000976562,0.025547027587890625,0.02720506500918418,101
vienna-I056-regiao-f4.txt,instances/benchmark-v1/vienna/vienna-I056-regiao-f4.txt,nucleo,43,4,164.0,1800,A,desenvolvimento,0,645da5115a0eeaa6fba9eeae9f4942aebecfa66c4bcbc7aaec2bd0c994eb0ccc,9b93650-dirty,4952ac563156bc616105251b414e8c2778a3859be94ff5ed183c2d9cd8ffaebb,solver,2,0,9.0,9.0,0.0,1,0.018779940925587383,0.030950854008551687,0.02540519498870708,0.0007140636444091797,0.023923873901367188,0.02540519498870708,101
vienna-I056-regiao-f4.txt,instances/benchmark-v1/vienna/vienna-I056-regiao-f4.txt,nucleo,44,4,164.0,1800,A,desenvolvimento,0,645da5115a0eeaa6fba9eeae9f4942aebecfa66c4bcbc7aaec2bd0c994eb0ccc,9b93650-dirty,4952ac563156bc616105251b414e8c2778a3859be94ff5ed183c2d9cd8ffaebb,solver,2,0,9.0,9.0,0.0,1,0.018779940925587383,0.030217874998925254,0.026106510980753228,0.0007331371307373047,0.024534940719604492,0.026106510980753228,101
hc11p.txt,instances/hc11p.txt,base,42,4,164.0,1800,,legado,0,7d4c55a4deb37ffc5f5675ea2d189a20090fdc9e6dea1fc8a64298405542a2e5,9b93650-dirty,4952ac563156bc616105251b414e8c2778a3859be94ff5ed183c2d9cd8ffaebb,solver,16,0,183.0,81.0,0.5573770491803278,1,164.00022511567508,0.26931921200593933,339.35308801798965,3.128948926925659,338.55602288246155,,0
hc11p.txt,instances/hc11p.txt,comp,42,4,164.0,1800,,legado,0,7d4c55a4deb37ffc5f5675ea2d189a20090fdc9e6dea1fc8a64298405542a2e5,9b93650-dirty,4952ac563156bc616105251b414e8c2778a3859be94ff5ed183c2d9cd8ffaebb,solver,16,0,161.0,96.0,0.40372670807453415,1,164.00186677795156,0.31136941601289436,236.48322316099075,14.997454166412354,165.13382601737976,,1024
hc11p.txt,instances/hc11p.txt,nucleo,42,4,164.0,1800,,legado,0,7d4c55a4deb37ffc5f5675ea2d189a20090fdc9e6dea1fc8a64298405542a2e5,9b93650-dirty,4952ac563156bc616105251b414e8c2778a3859be94ff5ed183c2d9cd8ffaebb,solver,16,0,139.0,97.0,0.302158273381295,1440,164.29264593001076,0.02398927800823003,125.54365154300467,0.0003771781921386719,121.4833312034607,,1024
puc-cc11-2u-seed-r1.txt,instances/benchmark-v1/puc/puc-cc11-2u-seed-r1.txt,base,42,4,164.0,1800,D,desenvolvimento,0,00cf9fd0946e8a0ec5446b4327ff321d5018e0e90d7252f73f7aa095a21a326e,9b93650-dirty,4952ac563156bc616105251b414e8c2778a3859be94ff5ed183c2d9cd8ffaebb,solver,16,0,106.0,92.00000000000003,0.13207547169811293,72,166.46502788663543,0.22769701402285136,253.92292812900268,1.1372349262237549,56.1744179725647,,0
puc-cc11-2u-seed-r1.txt,instances/benchmark-v1/puc/puc-cc11-2u-seed-r1.txt,base,43,4,164.0,1800,D,desenvolvimento,0,00cf9fd0946e8a0ec5446b4327ff321d5018e0e90d7252f73f7aa095a21a326e,9b93650-dirty,4952ac563156bc616105251b414e8c2778a3859be94ff5ed183c2d9cd8ffaebb,solver,16,0,103.0,92.00000000000006,0.10679611650485382,113,174.22637227368347,0.23557916600839235,255.21280897999532,1.0696799755096436,209.24404191970825,,0
puc-cc11-2u-seed-r1.txt,instances/benchmark-v1/puc/puc-cc11-2u-seed-r1.txt,base,44,4,164.0,1800,D,desenvolvimento,0,00cf9fd0946e8a0ec5446b4327ff321d5018e0e90d7252f73f7aa095a21a326e,9b93650-dirty,4952ac563156bc616105251b414e8c2778a3859be94ff5ed183c2d9cd8ffaebb,solver,16,0,107.0,92.00000000000742,0.14018691588778115,100,186.27388163603845,0.2366382289910689,276.68714026300586,1.1998660564422607,97.29710292816162,,0
puc-cc11-2u-seed-r1.txt,instances/benchmark-v1/puc/puc-cc11-2u-seed-r1.txt,comp,42,4,164.0,1800,D,desenvolvimento,0,00cf9fd0946e8a0ec5446b4327ff321d5018e0e90d7252f73f7aa095a21a326e,9b93650-dirty,4952ac563156bc616105251b414e8c2778a3859be94ff5ed183c2d9cd8ffaebb,solver,16,0,104.0,92.00000000000006,0.11538461538461484,39,176.20855685833584,0.29275246401084587,273.55593090099865,7.227911949157715,273.54860496520996,,206
puc-cc11-2u-seed-r1.txt,instances/benchmark-v1/puc/puc-cc11-2u-seed-r1.txt,comp,43,4,164.0,1800,D,desenvolvimento,0,00cf9fd0946e8a0ec5446b4327ff321d5018e0e90d7252f73f7aa095a21a326e,9b93650-dirty,4952ac563156bc616105251b414e8c2778a3859be94ff5ed183c2d9cd8ffaebb,solver,16,0,101.0,92.00000000000006,0.08910891089108855,157,166.40170097159643,0.29261569000664167,257.3066102080047,6.591685056686401,224.43037009239197,,206
puc-cc11-2u-seed-r1.txt,instances/benchmark-v1/puc/puc-cc11-2u-seed-r1.txt,comp,44,4,164.0,1800,D,desenvolvimento,0,00cf9fd0946e8a0ec5446b4327ff321d5018e0e90d7252f73f7aa095a21a326e,9b93650-dirty,4952ac563156bc616105251b414e8c2778a3859be94ff5ed183c2d9cd8ffaebb,solver,16,0,105.0,92.00000000000007,0.12380952380952313,119,168.16760388981842,0.2977001450199168,255.654938917025,5.53056788444519,205.91298985481262,,206
puc-cc11-2u-seed-r1.txt,instances/benchmark-v1/puc/puc-cc11-2u-seed-r1.txt,nucleo,42,4,164.0,1800,D,desenvolvimento,0,00cf9fd0946e8a0ec5446b4327ff321d5018e0e90d7252f73f7aa095a21a326e,9b93650-dirty,4952ac563156bc616105251b414e8c2778a3859be94ff5ed183c2d9cd8ffaebb,solver,2,0,92.0,92.0,0.0,0,0.0024802030382653955,0.009625139005947858,0.010736996977357194,0.00034618377685546875,0.010291099548339844,0.010736996977357194,206
puc-cc11-2u-seed-r1.txt,instances/benchmark-v1/puc/puc-cc11-2u-seed-r1.txt,nucleo,43,4,164.0,1800,D,desenvolvimento,0,00cf9fd0946e8a0ec5446b4327ff321d5018e0e90d7252f73f7aa095a21a326e,9b93650-dirty,4952ac563156bc616105251b414e8c2778a3859be94ff5ed183c2d9cd8ffaebb,solver,2,0,92.0,92.0,0.0,0,0.0024802030382653955,0.010624299000483006,0.010848512989468873,0.0003650188446044922,0.010348081588745117,0.010848512989468873,206
puc-cc11-2u-seed-r1.txt,instances/benchmark-v1/puc/puc-cc11-2u-seed-r1.txt,nucleo,44,4,164.0,1800,D,desenvolvimento,0,00cf9fd0946e8a0ec5446b4327ff321d5018e0e90d7252f73f7aa095a21a326e,9b93650-dirty,4952ac563156bc616105251b414e8c2778a3859be94ff5ed183c2d9cd8ffaebb,solver,2,0,92.0,92.0,0.0,0,0.0024802030382653955,0.009885504987323657,0.006420468998840079,0.00037097930908203125,0.00595402717590332,0.006420468998840079,206
puc-hc11p-seed-r1.txt,instances/benchmark-v1/puc/puc-hc11p-seed-r1.txt,base,42,4,164.0,1800,A,avaliacao,0,24271c14967d855dedec3f76654f8cff74c225789ef26f8c8ed8a7b1d55cdc90,9b93650-dirty,4952ac563156bc616105251b414e8c2778a3859be94ff5ed183c2d9cd8ffaebb,solver,16,0,182.0,82.0,0.5494505494505495,1,164.00077837366297,0.2586227910069283,335.5777418820071,2.464811086654663,330.15251898765564,,0
puc-hc11p-seed-r1.txt,instances/benchmark-v1/puc/puc-hc11p-seed-r1.txt,base,43,4,164.0,1800,A,avaliacao,0,24271c14967d855dedec3f76654f8cff74c225789ef26f8c8ed8a7b1d55cdc90,9b93650-dirty,4952ac563156bc616105251b414e8c2778a3859be94ff5ed183c2d9cd8ffaebb,solver,16,0,195.0,81.0,0.5846153846153846,1,164.00064846409742,0.25194406099035405,336.41051967898966,2.898066997528076,325.2440941333771,,0
puc-hc11p-seed-r1.txt,instances/benchmark-v1/puc/puc-hc11p-seed-r1.txt,base,44,4,164.0,1800,A,avaliacao,0,24271c14967d855dedec3f76654f8cff74c225789ef26f8c8ed8a7b1d55cdc90,9b93650-dirty,4952ac563156bc616105251b414e8c2778a3859be94ff5ed183c2d9cd8ffaebb,solver,16,0,184.0,81.0,0.5597826086956522,1,164.00076116652505,0.24862655400647782,340.39898570999503,2.8594141006469727,242.46286916732788,,0
puc-hc11p-seed-r1.txt,instances/benchmark-v1/puc/puc-hc11p-seed-r1.txt,comp,42,4,164.0,1800,A,avaliacao,0,24271c14967d855dedec3f76654f8cff74c225789ef26f8c8ed8a7b1d55cdc90,9b93650-dirty,4952ac563156bc616105251b414e8c2778a3859be94ff5ed183c2d9cd8ffaebb,solver,16,0,160.0,95.0,0.40625,1,164.0001902924987,0.3152396100049373,220.80521193900495,16.6208438873291,192.46529603004456,,1024
puc-hc11p-seed-r1.txt,instances/benchmark-v1/puc/puc-hc11p-seed-r1.txt,comp,43,4,164.0,1800,A,avaliacao,0,24271c14967d855dedec3f76654f8cff74c225789ef26f8c8ed8a7b1d55cdc90,9b93650-dirty,4952ac563156bc616105251b414e8c2778a3859be94ff5ed183c2d9cd8ffaebb,solver,16,0,162.0,95.0,0.41358024691358025,1,164.00013191364707,0.3081071719934698,226.81106938800076,16.529365062713623,204.2892129421234,,1024
puc-hc11p-seed-r1.txt,instances/benchmark-v1/puc/puc-hc11p-seed-r1.txt,comp,44,4,164.0,1800,A,avaliacao,0,24271c14967d855dedec3f76654f8cff74c225789ef26f8c8ed8a7b1d55cdc90,9b93650-dirty,4952ac563156bc616105251b414e8c2778a3859be94ff5ed183c2d9cd8ffaebb,solver,16,0,158.0,95.0,0.3987341772151899,1,164.00051126803888,0.30773866301751696,222.1796615739877,15.137221097946167,195.6356930732727,,1024
puc-hc11p-seed-r1.txt,instances/benchmark-v1/puc/puc-hc11p-seed-r1.txt,nucleo,42,4,164.0,1800,A,avaliacao,0,24271c14967d855dedec3f76654f8cff74c225789ef26f8c8ed8a7b1d55cdc90,9b93650-dirty,4952ac563156bc616105251b414e8c2778a3859be94ff5ed183c2d9cd8ffaebb,solver,16,0,139.0,97.0,0.302158273381295,1440,164.29264593001076,0.023712872993201017,125.97245380698587,0.0003910064697265625,121.75248193740845,,1024
puc-hc11p-seed-r1.txt,instances/benchmark-v1/puc/puc-hc11p-seed-r1.txt,nucleo,43,4,164.0,1800,A,avaliacao,0,24271c14967d855dedec3f76654f8cff74c225789ef26f8c8ed8a7b1d55cdc90,9b93650-dirty,4952ac563156bc616105251b414e8c2778a3859be94ff5ed183c2d9cd8ffaebb,solver,16,0,138.0,97.0,0.2971014492753623,1239,165.13339453305184,0.024506902002030984,135.94963671898586,0.0004131793975830078,90.72941517829895,,1024
puc-hc11p-seed-r1.txt,instances/benchmark-v1/puc/puc-hc11p-seed-r1.txt,nucleo,44,4,164.0,1800,A,avaliacao,0,24271c14967d855dedec3f76654f8cff74c225789ef26f8c8ed8a7b1d55cdc90,9b93650-dirty,4952ac563156bc616105251b414e8c2778a3859be94ff5ed183c2d9cd8ffaebb,solver,16,0,140.0,97.0,0.30714285714285716,1372,164.01428635200895,0.02427473498391919,131.77064011601033,0.0003848075866699219,85.86158990859985,,1024
pucn-cc7-3n-regiao-f2.txt,instances/benchmark-v1/pucn/pucn-cc7-3n-regiao-f2.txt,base,42,4,164.0,1800,A,avaliacao,0,49618f716809a5ac25a4a26ba73ea99f9728f9993966dbad8ef068b1ba2764b4,9b93650-dirty,4952ac563156bc616105251b414e8c2778a3859be94ff5ed183c2d9cd8ffaebb,solver,16,0,16.0,1.0,0.9375,394,164.55863585532947,1.6218745119986124,322.05054627900245,0.04244494438171387,61.810056924819946,,0
pucn-cc7-3n-regiao-f2.txt,instances/benchmark-v1/pucn/pucn-cc7-3n-regiao-f2.txt,base,43,4,164.0,1800,A,avaliacao,0,49618f716809a5ac25a4a26ba73ea99f9728f9993966dbad8ef068b1ba2764b4,9b93650-dirty,4952ac563156bc616105251b414e8c2778a3859be94ff5ed183c2d9cd8ffaebb,solver,16,0,15.0,1.0,0.9333333333333333,358,164.47725262679387,1.6117474180064164,368.8977610009897,0.05491209030151367,40.74744510650635,,0
pucn-cc7-3n-regiao-f2.txt,instances/benchmark-v1/pucn/pucn-cc7-3n-regiao-f2.txt,base,44,4,164.0,1800,A,avaliacao,0,49618f716809a5ac25a4a26ba73ea99f9728f9993966dbad8ef068b1ba2764b4,9b93650-dirty,4952ac563156bc616105251b414e8c2778a3859be94ff5ed183c2d9cd8ffaebb,solver,16,0,15.0,1.0,0.9333333333333333,590,165.58364614434583,1.863772434007842,354.22709952597506,0.049462080001831055,46.44330811500549,,0
pucn-cc7-3n-regiao-f2.txt,instances/benchmark-v1/pucn/pucn-cc7-3n-regiao-f2.txt,comp,42,4,164.0,1800,A,avaliacao,0,49618f716809a5ac25a4a26ba73ea99f9728f9993966dbad8ef068b1ba2764b4,9b93650-dirty,4952ac563156bc616105251b414e8c2778a3859be94ff5ed183c2d9cd8ffaebb,solver,16,0,14.0,9.0,0.35714285714285715,1,164.00006377165482,2.380012510024244,315.9816989690007,0.04626202583312988,187.57466387748718,,58
pucn-cc7-3n-regiao-f2.txt,instances/benchmark-v1/pucn/pucn-cc7-3n-regiao-f2.txt,comp,43,4,164.0,1800,A,avaliacao,0,49618f716809a5ac25a4a26ba73ea99f9728f9993966dbad8ef068b1ba2764b4,9b93650-dirty,4952ac563156bc616105251b414e8c2778a3859be94ff5ed183c2d9cd8ffaebb,solver,16,0,14.0,9.0,0.35714285714285715,1,164.00028983550072,2.411315168981673,324.28322055202443,0.051583051681518555,273.4141459465027,,58
pucn-cc7-3n-regiao-f2.txt,instances/benchmark-v1/pucn/pucn-cc7-3n-regiao-f2.txt,comp,44,4,164.0,1800,A,avaliacao,0,49618f716809a5ac25a4a26ba73ea99f9728f9993966dbad8ef068b1ba2764b4,9b93650-dirty,4952ac563156bc616105251b414e8c2778a3859be94ff5ed183c2d9cd8ffaebb,solver,16,0,15.0,9.0,0.4,1,164.2179300143151,2.4764381790009793,306.14868748601293,0.0451960563659668,167.37764286994934,,58
pucn-cc7-3n-regiao-f2.txt,instances/benchmark-v1/pucn/pucn-cc7-3n-regiao-f2.txt,nucleo,42,4,164.0,1800,A,avaliacao,0,49618f716809a5ac25a4a26ba73ea99f9728f9993966dbad8ef068b1ba2764b4,9b93650-dirty,4952ac563156bc616105251b414e8c2778a3859be94ff5ed183c2d9cd8ffaebb,solver,2,0,10.0,10.0,0.0,1,0.10427311327838366,0.01912930200342089,0.3968082419887651,0.0006639957427978516,0.03778696060180664,0.3968082419887651,58
pucn-cc7-3n-regiao-f2.txt,instances/benchmark-v1/pucn/pucn-cc7-3n-regiao-f2.txt,nucleo,43,4,164.0,1800,A,avaliacao,0,49618f716809a5ac25a4a26ba73ea99f9728f9993966dbad8ef068b1ba2764b4,9b93650-dirty,4952ac563156bc616105251b414e8c2778a3859be94ff5ed183c2d9cd8ffaebb,solver,2,0,10.0,10.0,0.0,1,0.11525105320175996,0.01838881499134004,0.44227408099686727,0.0006160736083984375,0.06838107109069824,0.44227408099686727,58
pucn-cc7-3n-regiao-f2.txt,instances/benchmark-v1/pucn/pucn-cc7-3n-regiao-f2.txt,nucleo,44,4,164.0,1800,A,avaliacao,0,49618f716809a5ac25a4a26ba73ea99f9728f9993966dbad8ef068b1ba2764b4,9b93650-dirty,4952ac563156bc616105251b414e8c2778a3859be94ff5ed183c2d9cd8ffaebb,solver,2,0,10.0,10.0,0.0,1,0.1115189063988206,0.031800861994270235,0.43847372999880463,0.001172780990600586,0.07428693771362305,0.43847372999880463,58
pucn-cc7-3n-seed-r1.txt,instances/benchmark-v1/pucn/pucn-cc7-3n-seed-r1.txt,base,42,4,164.0,1800,A,avaliacao,0,23cc0005ccb4b5c67ec7ff1ca7732baa08ba6eb4956a17e9d56b961c947e51e0,9b93650-dirty,4952ac563156bc616105251b414e8c2778a3859be94ff5ed183c2d9cd8ffaebb,solver,16,0,82.0,68.0,0.17073170731707318,11,164.20294959910157,0.6658740779967047,349.9956524930021,3.336663007736206,24.736191987991333,,0
pucn-cc7-3n-seed-r1.txt,instances/benchmark-v1/pucn/pucn-cc7-3n-seed-r1.txt,base,43,4,164.0,1800,A,avaliacao,0,23cc0005ccb4b5c67ec7ff1ca7732baa08ba6eb4956a17e9d56b961c947e51e0,9b93650-dirty,4952ac563156bc616105251b414e8c2778a3859be94ff5ed183c2d9cd8ffaebb,solver,16,0,80.0,68.0,0.15,3,165.43997029288113,0.3924164960044436,484.321869915002,3.1224899291992188,170.37067985534668,,0
pucn-cc7-3n-seed-r1.txt,instances/benchmark-v1/pucn/pucn-cc7-3n-seed-r1.txt,base,44,4,164.0,1800,A,avaliacao,0,23cc0005ccb4b5c67ec7ff1ca7732baa08ba6eb4956a17e9d56b961c947e51e0,9b93650-dirty,4952ac563156bc616105251b414e8c2778a3859be94ff5ed183c2d9cd8ffaebb,solver,16,0,81.0,68.0,0.16049382716049382,19,172.40597519420942,0.47847306297626346,397.2877897330036,3.67500901222229,301.2563970088959,,0
pucn-cc7-3n-seed-r1.txt,instances/benchmark-v1/pucn/pucn-cc7-3n-seed-r1.txt,comp,42,4,164.0,1800,A,avaliacao,0,23cc0005ccb4b5c67ec7ff1ca7732baa08ba6eb4956a17e9d56b961c947e51e0,9b93650-dirty,4952ac563156bc616105251b414e8c2778a3859be94ff5ed183c2d9cd8ffaebb,solver,16,0,82.0,69.0,0.15853658536585366,8,169.48337826380356,0.6112779180111829,446.23147116898326,6.650813102722168,287.4646170139313,,148
pucn-cc7-3n-seed-r1.txt,instances/benchmark-v1/pucn/pucn-cc7-3n-seed-r1.txt,comp,43,4,164.0,1800,A,avaliacao,0,23cc0005ccb4b5c67ec7ff1ca7732baa08ba6eb4956a17e9d56b961c947e51e0,9b93650-dirty,4952ac563156bc616105251b414e8c2778a3859be94ff5ed183c2d9cd8ffaebb,solver,16,0,84.0,69.0,0.17857142857142858,3,165.43567024866854,1.1955743370053824,518.8920559450053,14.394633054733276,302.1582980155945,,148
pucn-cc7-3n-seed-r1.txt,instances/benchmark-v1/pucn/pucn-cc7-3n-seed-r1.txt,comp,44,4,164.0,1800,A,avaliacao,0,23cc0005ccb4b5c67ec7ff1ca7732baa08ba6eb4956a17e9d56b961c947e51e0,9b93650-dirty,4952ac563156bc616105251b414e8c2778a3859be94ff5ed183c2d9cd8ffaebb,solver,16,0,86.0,69.0,0.19767441860465115,1,164.05389141411547,1.0264951339922845,596.838068786019,14.181649923324585,82.56199407577515,,148
pucn-cc7-3n-seed-r1.txt,instances/benchmark-v1/pucn/pucn-cc7-3n-seed-r1.txt,nucleo,42,4,164.0,1800,A,avaliacao,0,23cc0005ccb4b5c67ec7ff1ca7732baa08ba6eb4956a17e9d56b961c947e51e0,9b93650-dirty,4952ac563156bc616105251b414e8c2778a3859be94ff5ed183c2d9cd8ffaebb,solver,2,0,66.0,66.0,0.0,1,0.0030716053115065374,0.01776066201273352,0.0221760610002093,0.0007078647613525391,0.020471811294555664,0.0221760610002093,148
pucn-cc7-3n-seed-r1.txt,instances/benchmark-v1/pucn/pucn-cc7-3n-seed-r1.txt,nucleo,43,4,164.0,1800,A,avaliacao,0,23cc0005ccb4b5c67ec7ff1ca7732baa08ba6eb4956a17e9d56b961c947e51e0,9b93650-dirty,4952ac563156bc616105251b414e8c2778a3859be94ff5ed183c2d9cd8ffaebb,solver,2,0,66.0,66.0,0.0,1,0.0030858733310211045,0.026581778016407043,0.026359504990978166,0.0009720325469970703,0.024099111557006836,0.026359504990978166,148
pucn-cc7-3n-seed-r1.txt,instances/benchmark-v1/pucn/pucn-cc7-3n-seed-r1.txt,nucleo,44,4,164.0,1800,A,avaliacao,0,23cc0005ccb4b5c67ec7ff1ca7732baa08ba6eb4956a17e9d56b961c947e51e0,9b93650-dirty,4952ac563156bc616105251b414e8c2778a3859be94ff5ed183c2d9cd8ffaebb,solver,2,0,66.0,66.0,0.0,1,0.003077037311506537,0.02388671800144948,0.02521144799538888,0.0008311271667480469,0.023179054260253906,0.02521144799538888,148
urb-mindelo-m25-f4.txt,instances/benchmark-v1/urbano/urb-mindelo-m25-f4.txt,base,42,4,164.0,1800,M,desenvolvimento,0,a3e9ec1503a173786e288801c5e3e257036833a7affc2cc5550539a98f31215c,9b93650-dirty,4952ac563156bc616105251b414e8c2778a3859be94ff5ed183c2d9cd8ffaebb,solver,2,0,4.0,4.0,0.0,1,70.23899263285338,26.33886867100955,263.57921015901957,0.5475940704345703,113.869961977005,263.57921015901957,0
urb-mindelo-m25-f4.txt,instances/benchmark-v1/urbano/urb-mindelo-m25-f4.txt,comp,42,4,164.0,1800,M,desenvolvimento,0,a3e9ec1503a173786e288801c5e3e257036833a7affc2cc5550539a98f31215c,9b93650-dirty,4952ac563156bc616105251b414e8c2778a3859be94ff5ed183c2d9cd8ffaebb,solver,2,0,4.0,4.0,0.0,1,26.943523626272853,32.73424288100796,84.41289313300513,0.5596659183502197,84.27821087837219,84.41289313300513,101
urb-mindelo-m25-f4.txt,instances/benchmark-v1/urbano/urb-mindelo-m25-f4.txt,nucleo,42,4,164.0,1800,M,desenvolvimento,0,a3e9ec1503a173786e288801c5e3e257036833a7affc2cc5550539a98f31215c,9b93650-dirty,4952ac563156bc616105251b414e8c2778a3859be94ff5ed183c2d9cd8ffaebb,solver,2,0,4.0,4.0,0.0,1,0.021666607270323216,0.06435500699444674,0.03236720300628804,0.0012810230255126953,0.0314030647277832,0.03236720300628804,101
urb-belize_city-m25-f4.txt,instances/benchmark-v1/urbano/urb-belize_city-m25-f4.txt,base,42,4,164.0,1800,F,avaliacao,0,0f5c9ec4e39e665095f02d6f4abd88c3b2354ebba71e4cdc8130d79ea2a01d4a,9b93650-dirty,4952ac563156bc616105251b414e8c2778a3859be94ff5ed183c2d9cd8ffaebb,solver,2,0,4.0,4.0,0.0,1,61.595161414164544,13.127425949001918,115.97139887799858,0.27550792694091797,115.47096610069275,115.97139887799858,0
urb-belize_city-m25-f4.txt,instances/benchmark-v1/urbano/urb-belize_city-m25-f4.txt,comp,42,4,164.0,1800,F,avaliacao,0,0f5c9ec4e39e665095f02d6f4abd88c3b2354ebba71e4cdc8130d79ea2a01d4a,9b93650-dirty,4952ac563156bc616105251b414e8c2778a3859be94ff5ed183c2d9cd8ffaebb,solver,2,0,4.0,4.0,0.0,1,25.49354362798641,16.52551239298191,58.88605709100375,0.27497386932373047,58.75162482261658,58.88605709100375,102
urb-belize_city-m25-f4.txt,instances/benchmark-v1/urbano/urb-belize_city-m25-f4.txt,nucleo,42,4,164.0,1800,F,avaliacao,0,0f5c9ec4e39e665095f02d6f4abd88c3b2354ebba71e4cdc8130d79ea2a01d4a,9b93650-dirty,4952ac563156bc616105251b414e8c2778a3859be94ff5ed183c2d9cd8ffaebb,solver,2,0,4.0,4.0,0.0,0,0.01720931094109106,0.05882822402054444,0.023790312989149243,0.001230001449584961,0.023116111755371094,0.023790312989149243,102
vienna-I052-regiao-f4.txt,instances/benchmark-v1/vienna/vienna-I052-regiao-f4.txt,base,42,4,164.0,1800,M,avaliacao,0,092003450701029f612f7d998a90ff8433f41f7cac25a1e36a3d0ee90001fa33,9b93650-dirty,4952ac563156bc616105251b414e8c2778a3859be94ff5ed183c2d9cd8ffaebb,solver,16,0,7.0,2.0,0.7142857142857143,1,166.63754884644956,3.9315969760064036,242.7501156970102,0.10524296760559082,69.55617713928223,,0
vienna-I052-regiao-f4.txt,instances/benchmark-v1/vienna/vienna-I052-regiao-f4.txt,comp,42,4,164.0,1800,M,avaliacao,0,092003450701029f612f7d998a90ff8433f41f7cac25a1e36a3d0ee90001fa33,9b93650-dirty,4952ac563156bc616105251b414e8c2778a3859be94ff5ed183c2d9cd8ffaebb,solver,2,0,7.0,7.0,0.0,1,15.508745371482473,5.727438813977642,36.27472775502247,0.09954309463500977,36.19582009315491,36.27472775502247,45
vienna-I052-regiao-f4.txt,instances/benchmark-v1/vienna/vienna-I052-regiao-f4.txt,nucleo,42,4,164.0,1800,M,avaliacao,0,092003450701029f612f7d998a90ff8433f41f7cac25a1e36a3d0ee90001fa33,9b93650-dirty,4952ac563156bc616105251b414e8c2778a3859be94ff5ed183c2d9cd8ffaebb,solver,2,0,7.0,7.0,0.0,0,0.003675191231516221,0.02087596702040173,0.007120629015844315,0.0005898475646972656,0.006495952606201172,0.007120629015844315,45
mapf-den312d-m25-f4.txt,instances/benchmark-v1/mapf/mapf-den312d-m25-f4.txt,base,42,4,164.0,1800,A,avaliacao,0,f8d5d8b11813681bb9542950b109bd554fc9f5588174276d19b7c55474d4494d,9b93650-dirty,4952ac563156bc616105251b414e8c2778a3859be94ff5ed183c2d9cd8ffaebb,solver,16,0,17.0,5.0,0.7058823529411765,66,165.29154509388664,2.0257512550160754,321.3971548420086,4.770362138748169,21.37051010131836,,0
mapf-den312d-m25-f4.txt,instances/benchmark-v1/mapf/mapf-den312d-m25-f4.txt,base,43,4,164.0,1800,A,avaliacao,0,f8d5d8b11813681bb9542950b109bd554fc9f5588174276d19b7c55474d4494d,9b93650-dirty,4952ac563156bc616105251b414e8c2778a3859be94ff5ed183c2d9cd8ffaebb,solver,16,0,17.0,5.0,0.7058823529411765,1,165.9206958736672,1.7374009210034274,318.6640454790031,4.088750839233398,17.953755855560303,,0
mapf-den312d-m25-f4.txt,instances/benchmark-v1/mapf/mapf-den312d-m25-f4.txt,base,44,4,164.0,1800,A,avaliacao,0,f8d5d8b11813681bb9542950b109bd554fc9f5588174276d19b7c55474d4494d,9b93650-dirty,4952ac563156bc616105251b414e8c2778a3859be94ff5ed183c2d9cd8ffaebb,solver,16,0,17.0,3.0,0.8235294117647058,1338,167.27317045849995,1.764958719984861,262.84029648499563,4.218804836273193,27.90503692626953,,0
mapf-den312d-m25-f4.txt,instances/benchmark-v1/mapf/mapf-den312d-m25-f4.txt,comp,42,4,164.0,1800,A,avaliacao,0,f8d5d8b11813681bb9542950b109bd554fc9f5588174276d19b7c55474d4494d,9b93650-dirty,4952ac563156bc616105251b414e8c2778a3859be94ff5ed183c2d9cd8ffaebb,solver,16,0,17.0,15.0,0.11764705882352941,1127,164.00326991983746,2.426369605003856,256.00357214402175,7.3303680419921875,20.22811007499695,,30
mapf-den312d-m25-f4.txt,instances/benchmark-v1/mapf/mapf-den312d-m25-f4.txt,comp,43,4,164.0,1800,A,avaliacao,0,f8d5d8b11813681bb9542950b109bd554fc9f5588174276d19b7c55474d4494d,9b93650-dirty,4952ac563156bc616105251b414e8c2778a3859be94ff5ed183c2d9cd8ffaebb,solver,16,0,17.0,15.0,0.11764705882352941,1115,164.00389411536227,2.327332138986094,256.13029832197935,9.507507085800171,23.761954069137573,,30
mapf-den312d-m25-f4.txt,instances/benchmark-v1/mapf/mapf-den312d-m25-f4.txt,comp,44,4,164.0,1800,A,avaliacao,0,f8d5d8b11813681bb9542950b109bd554fc9f5588174276d19b7c55474d4494d,9b93650-dirty,4952ac563156bc616105251b414e8c2778a3859be94ff5ed183c2d9cd8ffaebb,solver,16,0,17.0,15.0,0.11764705882352941,1135,164.00117393612592,2.35307669499889,248.13463272197987,6.507941961288452,10.500980138778687,,30
mapf-den312d-m25-f4.txt,instances/benchmark-v1/mapf/mapf-den312d-m25-f4.txt,nucleo,42,4,164.0,1800,A,avaliacao,0,f8d5d8b11813681bb9542950b109bd554fc9f5588174276d19b7c55474d4494d,9b93650-dirty,4952ac563156bc616105251b414e8c2778a3859be94ff5ed183c2d9cd8ffaebb,solver,2,0,13.0,13.0,0.0,0,0.0011541544820246352,0.009211559983668849,0.0030113100074231625,0.0002999305725097656,0.002574920654296875,0.0030113100074231625,30
mapf-den312d-m25-f4.txt,instances/benchmark-v1/mapf/mapf-den312d-m25-f4.txt,nucleo,43,4,164.0,1800,A,avaliacao,0,f8d5d8b11813681bb9542950b109bd554fc9f5588174276d19b7c55474d4494d,9b93650-dirty,4952ac563156bc616105251b414e8c2778a3859be94ff5ed183c2d9cd8ffaebb,solver,2,0,13.0,13.0,0.0,0,0.0011541544820246352,0.008785992016782984,0.0029367340030148625,0.00029206275939941406,0.0025069713592529297,0.0029367340030148625,30
mapf-den312d-m25-f4.txt,instances/benchmark-v1/mapf/mapf-den312d-m25-f4.txt,nucleo,44,4,164.0,1800,A,avaliacao,0,f8d5d8b11813681bb9542950b109bd554fc9f5588174276d19b7c55474d4494d,9b93650-dirty,4952ac563156bc616105251b414e8c2778a3859be94ff5ed183c2d9cd8ffaebb,solver,2,0,13.0,13.0,0.0,0,0.0011541544820246352,0.009700310998596251,0.0032282579923048615,0.0003039836883544922,0.002769947052001953,0.0032282579923048615,30
mapf-den312d-m50-f2-rho.txt,instances/benchmark-v1/mapf/mapf-den312d-m50-f2-rho.txt,base,42,4,164.0,1800,A,avaliacao,0,54c491c8043d8b5350603aa12cdc77f53e2cd289bd71bc45f93030951dbfb4ea,9b93650-dirty,4952ac563156bc616105251b414e8c2778a3859be94ff5ed183c2d9cd8ffaebb,solver,16,0,9.0,1.0,0.8888888888888888,1,164.0047869820073,4.0946419080137275,199.31996100398828,0.1032860279083252,29.40789294242859,,0
mapf-den312d-m50-f2-rho.txt,instances/benchmark-v1/mapf/mapf-den312d-m50-f2-rho.txt,base,43,4,164.0,1800,A,avaliacao,0,54c491c8043d8b5350603aa12cdc77f53e2cd289bd71bc45f93030951dbfb4ea,9b93650-dirty,4952ac563156bc616105251b414e8c2778a3859be94ff5ed183c2d9cd8ffaebb,solver,16,0,9.0,1.0,0.8888888888888888,1,164.0065246383088,4.006122368009528,210.3169810269901,0.11542201042175293,27.053120136260986,,0
mapf-den312d-m50-f2-rho.txt,instances/benchmark-v1/mapf/mapf-den312d-m50-f2-rho.txt,base,44,4,164.0,1800,A,avaliacao,0,54c491c8043d8b5350603aa12cdc77f53e2cd289bd71bc45f93030951dbfb4ea,9b93650-dirty,4952ac563156bc616105251b414e8c2778a3859be94ff5ed183c2d9cd8ffaebb,solver,16,0,9.0,1.0,0.8888888888888888,1,164.11896913822332,3.9914694520120975,197.76865071599605,0.11454200744628906,27.938917875289917,,0
mapf-den312d-m50-f2-rho.txt,instances/benchmark-v1/mapf/mapf-den312d-m50-f2-rho.txt,comp,42,4,164.0,1800,A,avaliacao,0,54c491c8043d8b5350603aa12cdc77f53e2cd289bd71bc45f93030951dbfb4ea,9b93650-dirty,4952ac563156bc616105251b414e8c2778a3859be94ff5ed183c2d9cd8ffaebb,solver,16,0,9.0,4.0,0.5555555555555556,47,166.76189417790377,5.3984508870053105,213.18903474599938,0.09127998352050781,70.58397793769836,,11
mapf-den312d-m50-f2-rho.txt,instances/benchmark-v1/mapf/mapf-den312d-m50-f2-rho.txt,comp,43,4,164.0,1800,A,avaliacao,0,54c491c8043d8b5350603aa12cdc77f53e2cd289bd71bc45f93030951dbfb4ea,9b93650-dirty,4952ac563156bc616105251b414e8c2778a3859be94ff5ed183c2d9cd8ffaebb,solver,16,0,9.0,4.0,0.5555555555555556,132,165.12554668270093,5.43686185599654,200.1919635630038,0.11143302917480469,17.09062385559082,,11
mapf-den312d-m50-f2-rho.txt,instances/benchmark-v1/mapf/mapf-den312d-m50-f2-rho.txt,comp,44,4,164.0,1800,A,avaliacao,0,54c491c8043d8b5350603aa12cdc77f53e2cd289bd71bc45f93030951dbfb4ea,9b93650-dirty,4952ac563156bc616105251b414e8c2778a3859be94ff5ed183c2d9cd8ffaebb,solver,16,0,9.0,4.0,0.5555555555555556,51,166.03008457232337,5.481040246988414,198.08442498699878,0.2829620838165283,18.571644067764282,,11
mapf-den312d-m50-f2-rho.txt,instances/benchmark-v1/mapf/mapf-den312d-m50-f2-rho.txt,nucleo,42,4,164.0,1800,A,avaliacao,0,54c491c8043d8b5350603aa12cdc77f53e2cd289bd71bc45f93030951dbfb4ea,9b93650-dirty,4952ac563156bc616105251b414e8c2778a3859be94ff5ed183c2d9cd8ffaebb,solver,2,0,3.0,3.0,0.0,0,0.0011853670249386754,0.010825131001183763,0.0026203760062344372,0.0003159046173095703,0.002295970916748047,0.0026203760062344372,11
mapf-den312d-m50-f2-rho.txt,instances/benchmark-v1/mapf/mapf-den312d-m50-f2-rho.txt,nucleo,43,4,164.0,1800,A,avaliacao,0,54c491c8043d8b5350603aa12cdc77f53e2cd289bd71bc45f93030951dbfb4ea,9b93650-dirty,4952ac563156bc616105251b414e8c2778a3859be94ff5ed183c2d9cd8ffaebb,solver,2,0,3.0,3.0,0.0,0,0.0011853670249386754,0.010430149006424472,0.0024754899786785245,0.00030303001403808594,0.0021789073944091797,0.0024754899786785245,11
mapf-den312d-m50-f2-rho.txt,instances/benchmark-v1/mapf/mapf-den312d-m50-f2-rho.txt,nucleo,44,4,164.0,1800,A,avaliacao,0,54c491c8043d8b5350603aa12cdc77f53e2cd289bd71bc45f93030951dbfb4ea,9b93650-dirty,4952ac563156bc616105251b414e8c2778a3859be94ff5ed183c2d9cd8ffaebb,solver,2,0,3.0,3.0,0.0,0,0.0011853670249386754,0.010261330986395478,0.0024495390243828297,0.0003008842468261719,0.002148866653442383,0.0024495390243828297,11
mapf-random-64-64-20-m100-f4.txt,instances/benchmark-v1/mapf/mapf-random-64-64-20-m100-f4.txt,base,42,4,164.0,1800,A,avaliacao,0,91b64046f1177762af8fea8fb5af168ad1f978ca6fa7f52fd397cb01d7468909,9b93650-dirty,4952ac563156bc616105251b414e8c2778a3859be94ff5ed183c2d9cd8ffaebb,solver,16,0,73.0,36.0,0.5068493150684932,1,164.0128436478727,0.9755530139955226,344.4850926840154,6.9967360496521,219.78338193893433,,0
mapf-random-64-64-20-m100-f4.txt,instances/benchmark-v1/mapf/mapf-random-64-64-20-m100-f4.txt,base,43,4,164.0,1800,A,avaliacao,0,91b64046f1177762af8fea8fb5af168ad1f978ca6fa7f52fd397cb01d7468909,9b93650-dirty,4952ac563156bc616105251b414e8c2778a3859be94ff5ed183c2d9cd8ffaebb,solver,16,0,74.0,35.0,0.527027027027027,1,164.0005282740418,0.9474361109896563,340.7331607249798,6.7474119663238525,216.67125606536865,,0
mapf-random-64-64-20-m100-f4.txt,instances/benchmark-v1/mapf/mapf-random-64-64-20-m100-f4.txt,base,44,4,164.0,1800,A,avaliacao,0,91b64046f1177762af8fea8fb5af168ad1f978ca6fa7f52fd397cb01d7468909,9b93650-dirty,4952ac563156bc616105251b414e8c2778a3859be94ff5ed183c2d9cd8ffaebb,solver,16,0,73.0,37.0,0.4931506849315068,1,164.0020618453902,0.9519745169964153,349.64480582097895,6.613006114959717,249.93953108787537,,0
mapf-random-64-64-20-m100-f4.txt,instances/benchmark-v1/mapf/mapf-random-64-64-20-m100-f4.txt,comp,42,4,164.0,1800,A,avaliacao,0,91b64046f1177762af8fea8fb5af168ad1f978ca6fa7f52fd397cb01d7468909,9b93650-dirty,4952ac563156bc616105251b414e8c2778a3859be94ff5ed183c2d9cd8ffaebb,solver,16,0,66.0,41.0,0.3787878787878788,1,164.00092377051425,1.2583153050218243,321.12118268801714,12.852741003036499,193.56477880477905,,97
mapf-random-64-64-20-m100-f4.txt,instances/benchmark-v1/mapf/mapf-random-64-64-20-m100-f4.txt,comp,43,4,164.0,1800,A,avaliacao,0,91b64046f1177762af8fea8fb5af168ad1f978ca6fa7f52fd397cb01d7468909,9b93650-dirty,4952ac563156bc616105251b414e8c2778a3859be94ff5ed183c2d9cd8ffaebb,solver,16,0,69.0,41.0,0.4057971014492754,1,164.4796805882212,1.2476588879944757,324.37536388100125,11.279650926589966,166.4575719833374,,97
mapf-random-64-64-20-m100-f4.txt,instances/benchmark-v1/mapf/mapf-random-64-64-20-m100-f4.txt,comp,44,4,164.0,1800,A,avaliacao,0,91b64046f1177762af8fea8fb5af168ad1f978ca6fa7f52fd397cb01d7468909,9b93650-dirty,4952ac563156bc616105251b414e8c2778a3859be94ff5ed183c2d9cd8ffaebb,solver,16,0,69.0,41.0,0.4057971014492754,1,164.0008411785125,1.2449016640021,316.4953440320096,11.82940411567688,274.24662804603577,,97
mapf-random-64-64-20-m100-f4.txt,instances/benchmark-v1/mapf/mapf-random-64-64-20-m100-f4.txt,nucleo,42,4,164.0,1800,A,avaliacao,0,91b64046f1177762af8fea8fb5af168ad1f978ca6fa7f52fd397cb01d7468909,9b93650-dirty,4952ac563156bc616105251b414e8c2778a3859be94ff5ed183c2d9cd8ffaebb,solver,2,0,40.0,40.0,0.0,0,0.0020274619404195187,0.013951050001196563,0.013426387013169006,0.0004780292510986328,0.012969970703125,0.013426387013169006,97
mapf-random-64-64-20-m100-f4.txt,instances/benchmark-v1/mapf/mapf-random-64-64-20-m100-f4.txt,nucleo,43,4,164.0,1800,A,avaliacao,0,91b64046f1177762af8fea8fb5af168ad1f978ca6fa7f52fd397cb01d7468909,9b93650-dirty,4952ac563156bc616105251b414e8c2778a3859be94ff5ed183c2d9cd8ffaebb,solver,2,0,40.0,40.0,0.0,0,0.0020274619404195187,0.014773356990190223,0.005632496002363041,0.0005459785461425781,0.005151033401489258,0.005632496002363041,97
mapf-random-64-64-20-m100-f4.txt,instances/benchmark-v1/mapf/mapf-random-64-64-20-m100-f4.txt,nucleo,44,4,164.0,1800,A,avaliacao,0,91b64046f1177762af8fea8fb5af168ad1f978ca6fa7f52fd397cb01d7468909,9b93650-dirty,4952ac563156bc616105251b414e8c2778a3859be94ff5ed183c2d9cd8ffaebb,solver,2,0,40.0,40.0,0.0,0,0.0020274619404195187,0.03234651999082416,0.0053541229863185436,0.0005078315734863281,0.004920005798339844,0.0053541229863185436,97
vienna-I065-intercalado-f2.txt,instances/benchmark-v1/vienna/vienna-I065-intercalado-f2.txt,base,42,4,164.0,1800,A,desenvolvimento,0,8d90458140a33f1b10ea1174eead256e1f198999aa0b346b197f3489c106a1cd,9b93650-dirty,4952ac563156bc616105251b414e8c2778a3859be94ff5ed183c2d9cd8ffaebb,solver,16,0,20.0,1.0,0.95,1,164.32816186478476,3.2040580290195066,272.0599244319892,0.08685493469238281,207.6245138645172,,0
vienna-I065-intercalado-f2.txt,instances/benchmark-v1/vienna/vienna-I065-intercalado-f2.txt,base,43,4,164.0,1800,A,desenvolvimento,0,8d90458140a33f1b10ea1174eead256e1f198999aa0b346b197f3489c106a1cd,9b93650-dirty,4952ac563156bc616105251b414e8c2778a3859be94ff5ed183c2d9cd8ffaebb,solver,16,0,20.0,1.0,0.95,1,164.1021950352934,3.035455200006254,233.47491529598483,13.355777025222778,54.147300004959106,,0
vienna-I065-intercalado-f2.txt,instances/benchmark-v1/vienna/vienna-I065-intercalado-f2.txt,base,44,4,164.0,1800,A,desenvolvimento,0,8d90458140a33f1b10ea1174eead256e1f198999aa0b346b197f3489c106a1cd,9b93650-dirty,4952ac563156bc616105251b414e8c2778a3859be94ff5ed183c2d9cd8ffaebb,solver,16,0,20.0,1.0,0.95,60,164.4134570619019,3.0507106310105883,237.18755800800864,0.08175897598266602,38.43296408653259,,0
vienna-I065-intercalado-f2.txt,instances/benchmark-v1/vienna/vienna-I065-intercalado-f2.txt,comp,42,4,164.0,1800,A,desenvolvimento,0,8d90458140a33f1b10ea1174eead256e1f198999aa0b346b197f3489c106a1cd,9b93650-dirty,4952ac563156bc616105251b414e8c2778a3859be94ff5ed183c2d9cd8ffaebb,solver,16,0,20.0,16.000000000000004,0.19999999999999982,1,164.00244063658147,3.9984060429851525,207.5295634100039,0.07572102546691895,153.3475170135498,,34
vienna-I065-intercalado-f2.txt,instances/benchmark-v1/vienna/vienna-I065-intercalado-f2.txt,comp,43,4,164.0,1800,A,desenvolvimento,0,8d90458140a33f1b10ea1174eead256e1f198999aa0b346b197f3489c106a1cd,9b93650-dirty,4952ac563156bc616105251b414e8c2778a3859be94ff5ed183c2d9cd8ffaebb,solver,16,0,20.0,16.000000000000004,0.19999999999999982,1,164.00036877424893,4.04701593099162,209.8266391149955,21.297839879989624,149.88121700286865,,34
vienna-I065-intercalado-f2.txt,instances/benchmark-v1/vienna/vienna-I065-intercalado-f2.txt,comp,44,4,164.0,1800,A,desenvolvimento,0,8d90458140a33f1b10ea1174eead256e1f198999aa0b346b197f3489c106a1cd,9b93650-dirty,4952ac563156bc616105251b414e8c2778a3859be94ff5ed183c2d9cd8ffaebb,solver,16,0,20.0,16.000000000000004,0.19999999999999982,1,164.00209096244345,4.029076769016683,207.7687418469868,0.07686614990234375,131.4045910835266,,34
vienna-I065-intercalado-f2.txt,instances/benchmark-v1/vienna/vienna-I065-intercalado-f2.txt,nucleo,42,4,164.0,1800,A,desenvolvimento,0,8d90458140a33f1b10ea1174eead256e1f198999aa0b346b197f3489c106a1cd,9b93650-dirty,4952ac563156bc616105251b414e8c2778a3859be94ff5ed183c2d9cd8ffaebb,solver,2,0,16.0,16.0,0.0,0,0.0012616070843806107,0.01241020200541243,0.0035082409740425646,0.00048804283142089844,0.003061056137084961,0.0035082409740425646,34
vienna-I065-intercalado-f2.txt,instances/benchmark-v1/vienna/vienna-I065-intercalado-f2.txt,nucleo,43,4,164.0,1800,A,desenvolvimento,0,8d90458140a33f1b10ea1174eead256e1f198999aa0b346b197f3489c106a1cd,9b93650-dirty,4952ac563156bc616105251b414e8c2778a3859be94ff5ed183c2d9cd8ffaebb,solver,2,0,16.0,16.0,0.0,0,0.0012616070843806107,0.012304616975598037,0.0032411709835287184,0.0004761219024658203,0.0028340816497802734,0.0032411709835287184,34
vienna-I065-intercalado-f2.txt,instances/benchmark-v1/vienna/vienna-I065-intercalado-f2.txt,nucleo,44,4,164.0,1800,A,desenvolvimento,0,8d90458140a33f1b10ea1174eead256e1f198999aa0b346b197f3489c106a1cd,9b93650-dirty,4952ac563156bc616105251b414e8c2778a3859be94ff5ed183c2d9cd8ffaebb,solver,2,0,16.0,16.0,0.0,0,0.0012616070843806107,0.01271282898960635,0.003526648972183466,0.0004930496215820312,0.003077983856201172,0.003526648972183466,34
vienna-I065-regiao-f4.txt,instances/benchmark-v1/vienna/vienna-I065-regiao-f4.txt,base,42,4,164.0,1800,A,desenvolvimento,0,1f5d6b6c12942ef1848f5d3ef3f549784d29801512f3cf03df7cb25c1ecb65af,9b93650-dirty,4952ac563156bc616105251b414e8c2778a3859be94ff5ed183c2d9cd8ffaebb,solver,16,0,26.0,2.0,0.9230769230769231,1,166.92819753777317,6.44519287001458,224.5117862910265,0.16465210914611816,84.43024706840515,,0
vienna-I065-regiao-f4.txt,instances/benchmark-v1/vienna/vienna-I065-regiao-f4.txt,base,43,4,164.0,1800,A,desenvolvimento,0,1f5d6b6c12942ef1848f5d3ef3f549784d29801512f3cf03df7cb25c1ecb65af,9b93650-dirty,4952ac563156bc616105251b414e8c2778a3859be94ff5ed183c2d9cd8ffaebb,solver,16,0,24.0,2.0,0.9166666666666666,1,164.14181830597758,6.368481410987442,221.25513631402282,0.15360188484191895,196.95558786392212,,0
vienna-I065-regiao-f4.txt,instances/benchmark-v1/vienna/vienna-I065-regiao-f4.txt,base,44,4,164.0,1800,A,desenvolvimento,0,1f5d6b6c12942ef1848f5d3ef3f549784d29801512f3cf03df7cb25c1ecb65af,9b93650-dirty,4952ac563156bc616105251b414e8c2778a3859be94ff5ed183c2d9cd8ffaebb,solver,16,0,21.0,2.0,0.9047619047619048,1,164.46518281893552,6.194149021990597,221.58235846200841,0.16907382011413574,82.87843894958496,,0
vienna-I065-regiao-f4.txt,instances/benchmark-v1/vienna/vienna-I065-regiao-f4.txt,comp,42,4,164.0,1800,A,desenvolvimento,0,1f5d6b6c12942ef1848f5d3ef3f549784d29801512f3cf03df7cb25c1ecb65af,9b93650-dirty,4952ac563156bc616105251b414e8c2778a3859be94ff5ed183c2d9cd8ffaebb,solver,16,0,20.0,14.0,0.3,1,164.0173418124441,8.337333430012222,225.27780436800094,0.14310097694396973,178.90055394172668,,174
vienna-I065-regiao-f4.txt,instances/benchmark-v1/vienna/vienna-I065-regiao-f4.txt,comp,43,4,164.0,1800,A,desenvolvimento,0,1f5d6b6c12942ef1848f5d3ef3f549784d29801512f3cf03df7cb25c1ecb65af,9b93650-dirty,4952ac563156bc616105251b414e8c2778a3859be94ff5ed183c2d9cd8ffaebb,solver,16,0,20.0,14.0,0.3,1,164.43841071467097,8.412999446009053,223.35278532098164,0.1433570384979248,187.58797407150269,,174
vienna-I065-regiao-f4.txt,instances/benchmark-v1/vienna/vienna-I065-regiao-f4.txt,comp,44,4,164.0,1800,A,desenvolvimento,0,1f5d6b6c12942ef1848f5d3ef3f549784d29801512f3cf03df7cb25c1ecb65af,9b93650-dirty,4952ac563156bc616105251b414e8c2778a3859be94ff5ed183c2d9cd8ffaebb,solver,16,0,23.0,14.0,0.391304347826087,1,164.82185751182965,8.773074636992533,211.44412596299662,0.18651390075683594,131.85938382148743,,174
vienna-I065-regiao-f4.txt,instances/benchmark-v1/vienna/vienna-I065-regiao-f4.txt,nucleo,42,4,164.0,1800,A,desenvolvimento,0,1f5d6b6c12942ef1848f5d3ef3f549784d29801512f3cf03df7cb25c1ecb65af,9b93650-dirty,4952ac563156bc616105251b414e8c2778a3859be94ff5ed183c2d9cd8ffaebb,solver,2,0,13.0,13.0,0.0,1,0.06934382333108896,0.05874135298654437,0.08793025600607507,0.0013959407806396484,0.07964897155761719,0.08793025600607507,174
vienna-I065-regiao-f4.txt,instances/benchmark-v1/vienna/vienna-I065-regiao-f4.txt,nucleo,43,4,164.0,1800,A,desenvolvimento,0,1f5d6b6c12942ef1848f5d3ef3f549784d29801512f3cf03df7cb25c1ecb65af,9b93650-dirty,4952ac563156bc616105251b414e8c2778a3859be94ff5ed183c2d9cd8ffaebb,solver,2,0,13.0,13.0,0.0,1,0.0696075580363486,0.057995887007564306,0.08560477898572572,0.0013821125030517578,0.08252501487731934,0.08560477898572572,174
vienna-I065-regiao-f4.txt,instances/benchmark-v1/vienna/vienna-I065-regiao-f4.txt,nucleo,44,4,164.0,1800,A,desenvolvimento,0,1f5d6b6c12942ef1848f5d3ef3f549784d29801512f3cf03df7cb25c1ecb65af,9b93650-dirty,4952ac563156bc616105251b414e8c2778a3859be94ff5ed183c2d9cd8ffaebb,solver,2,0,13.0,13.0,0.0,1,0.06986969133001657,0.06495795800583437,0.08523587300442159,0.0015189647674560547,0.08257102966308594,0.08523587300442159,174
puc-w3c571-seed-r1.txt,instances/benchmark-v1/puc/puc-w3c571-seed-r1.txt,base,42,4,164.0,1800,A,desenvolvimento,1,e85ced7daef779e6e88f302ee9d80a467129f448a7ac5c6ce465d64b963300fd,9b93650-dirty,4952ac563156bc616105251b414e8c2778a3859be94ff5ed183c2d9cd8ffaebb,solver,16,0,1138.0,450.0,0.6045694200351494,600,164.76089149269393,0.33726807398488745,305.05172756899265,4.338080883026123,305.0391490459442,,0
puc-w3c571-seed-r1.txt,instances/benchmark-v1/puc/puc-w3c571-seed-r1.txt,base,43,4,164.0,1800,A,desenvolvimento,1,e85ced7daef779e6e88f302ee9d80a467129f448a7ac5c6ce465d64b963300fd,9b93650-dirty,4952ac563156bc616105251b414e8c2778a3859be94ff5ed183c2d9cd8ffaebb,solver,16,0,1106.0,451.0,0.5922242314647378,675,164.53978010474563,0.34776847300236113,335.59380346600665,4.74226188659668,320.1912589073181,,0
puc-w3c571-seed-r1.txt,instances/benchmark-v1/puc/puc-w3c571-seed-r1.txt,base,44,4,164.0,1800,A,desenvolvimento,1,e85ced7daef779e6e88f302ee9d80a467129f448a7ac5c6ce465d64b963300fd,9b93650-dirty,4952ac563156bc616105251b414e8c2778a3859be94ff5ed183c2d9cd8ffaebb,solver,16,0,1127.0,457.0,0.5944986690328306,463,164.8890210209688,0.32484500799910165,336.9562690810126,4.581058025360107,334.2758388519287,,0
puc-w3c571-seed-r1.txt,instances/benchmark-v1/puc/puc-w3c571-seed-r1.txt,comp,42,4,164.0,1800,A,desenvolvimento,1,e85ced7daef779e6e88f302ee9d80a467129f448a7ac5c6ce465d64b963300fd,9b93650-dirty,4952ac563156bc616105251b414e8c2778a3859be94ff5ed183c2d9cd8ffaebb,solver,16,0,1064.0,665.0,0.375,2954,164.92104558653895,0.4409506960073486,225.63401462198817,4.0831990242004395,218.36925292015076,,2284
puc-w3c571-seed-r1.txt,instances/benchmark-v1/puc/puc-w3c571-seed-r1.txt,comp,43,4,164.0,1800,A,desenvolvimento,1,e85ced7daef779e6e88f302ee9d80a467129f448a7ac5c6ce465d64b963300fd,9b93650-dirty,4952ac563156bc616105251b414e8c2778a3859be94ff5ed183c2d9cd8ffaebb,solver,16,0,1119.0,669.0,0.40214477211796246,5240,164.0001725217506,0.43793557898607105,295.53543618001277,7.309190988540649,202.78726196289062,,2284
puc-w3c571-seed-r1.txt,instances/benchmark-v1/puc/puc-w3c571-seed-r1.txt,comp,44,4,164.0,1800,A,desenvolvimento,1,e85ced7daef779e6e88f302ee9d80a467129f448a7ac5c6ce465d64b963300fd,9b93650-dirty,4952ac563156bc616105251b414e8c2778a3859be94ff5ed183c2d9cd8ffaebb,solver,16,0,1114.0,664.0,0.40394973070017953,2949,164.70813788573847,0.4204625609854702,251.743276076013,3.7116470336914062,224.04501795768738,,2284
puc-w3c571-seed-r1.txt,instances/benchmark-v1/puc/puc-w3c571-seed-r1.txt,nucleo,42,4,164.0,1800,A,desenvolvimento,1,e85ced7daef779e6e88f302ee9d80a467129f448a7ac5c6ce465d64b963300fd,9b93650-dirty,4952ac563156bc616105251b414e8c2778a3859be94ff5ed183c2d9cd8ffaebb,solver,2,0,571.0,571.0,0.0,1,0.4393197186056271,0.04187766299583018,0.4853711689938791,0.0004649162292480469,0.3448519706726074,0.4853711689938791,2284
puc-w3c571-seed-r1.txt,instances/benchmark-v1/puc/puc-w3c571-seed-r1.txt,nucleo,43,4,164.0,1800,A,desenvolvimento,1,e85ced7daef779e6e88f302ee9d80a467129f448a7ac5c6ce465d64b963300fd,9b93650-dirty,4952ac563156bc616105251b414e8c2778a3859be94ff5ed183c2d9cd8ffaebb,solver,2,0,571.0,571.0,0.0,1,0.4250117191189255,0.04006539101828821,0.4741628310002852,0.000431060791015625,0.33640098571777344,0.4741628310002852,2284
puc-w3c571-seed-r1.txt,instances/benchmark-v1/puc/puc-w3c571-seed-r1.txt,nucleo,44,4,164.0,1800,A,desenvolvimento,1,e85ced7daef779e6e88f302ee9d80a467129f448a7ac5c6ce465d64b963300fd,9b93650-dirty,4952ac563156bc616105251b414e8c2778a3859be94ff5ed183c2d9cd8ffaebb,solver,2,0,571.0,571.0,0.0,1,0.45513158502029727,0.0614138979872223,0.4849689149996266,0.00049591064453125,0.352816104888916,0.4849689149996266,2284
hc12p.txt,instances/hc12p.txt,base,42,4,164.0,1800,,legado,1,01ed34bb2b99500b148617b54b7f0502d595624243e21e5be9818194a668ebda,9b93650-dirty,4952ac563156bc616105251b414e8c2778a3859be94ff5ed183c2d9cd8ffaebb,solver,16,0,376.0,27.0,0.9281914893617021,1,164.00079967946544,0.5328376829857007,347.48497920599766,6.881192922592163,336.7435929775238,,0
hc12p.txt,instances/hc12p.txt,comp,42,4,164.0,1800,,legado,1,01ed34bb2b99500b148617b54b7f0502d595624243e21e5be9818194a668ebda,9b93650-dirty,4952ac563156bc616105251b414e8c2778a3859be94ff5ed183c2d9cd8ffaebb,solver,16,0,,171.0,,1,164.00031480976816,0.7206349650223274,167.4799218599801,,,,2048
hc12p.txt,instances/hc12p.txt,nucleo,42,4,164.0,1800,,legado,1,01ed34bb2b99500b148617b54b7f0502d595624243e21e5be9818194a668ebda,9b93650-dirty,4952ac563156bc616105251b414e8c2778a3859be94ff5ed183c2d9cd8ffaebb,solver,16,0,258.0,171.0,0.3372093023255814,1,164.0014385702567,0.05330561101436615,158.3153211690078,0.0007398128509521484,129.98319792747498,,2048
puc-cc12-2u-seed-r1.txt,instances/benchmark-v1/puc/puc-cc12-2u-seed-r1.txt,base,42,4,164.0,1800,A,desenvolvimento,0,4f2938667fcf494f48cce3f3fec18eca1ba823c6e54ff476ffa4af037c1d8d7d,9b93650-dirty,4952ac563156bc616105251b414e8c2778a3859be94ff5ed183c2d9cd8ffaebb,solver,16,0,198.0,165.0,0.16666666666666666,1,164.0030766221789,0.5551745699776802,371.8799942090118,6.3861000537872314,359.93692803382874,,0
puc-cc12-2u-seed-r1.txt,instances/benchmark-v1/puc/puc-cc12-2u-seed-r1.txt,base,43,4,164.0,1800,A,desenvolvimento,0,4f2938667fcf494f48cce3f3fec18eca1ba823c6e54ff476ffa4af037c1d8d7d,9b93650-dirty,4952ac563156bc616105251b414e8c2778a3859be94ff5ed183c2d9cd8ffaebb,solver,16,0,193.0,163.0,0.15544041450777202,1,164.00219179377353,0.5496849390037823,366.23949575200095,5.4929399490356445,337.7119879722595,,0
puc-cc12-2u-seed-r1.txt,instances/benchmark-v1/puc/puc-cc12-2u-seed-r1.txt,base,44,4,164.0,1800,A,desenvolvimento,0,4f2938667fcf494f48cce3f3fec18eca1ba823c6e54ff476ffa4af037c1d8d7d,9b93650-dirty,4952ac563156bc616105251b414e8c2778a3859be94ff5ed183c2d9cd8ffaebb,solver,16,0,198.0,163.0,0.17676767676767677,1,164.00161919417462,0.5483080510166474,363.7961666159972,5.859789848327637,255.59288477897644,,0
puc-cc12-2u-seed-r1.txt,instances/benchmark-v1/puc/puc-cc12-2u-seed-r1.txt,comp,42,4,164.0,1800,A,desenvolvimento,0,4f2938667fcf494f48cce3f3fec18eca1ba823c6e54ff476ffa4af037c1d8d7d,9b93650-dirty,4952ac563156bc616105251b414e8c2778a3859be94ff5ed183c2d9cd8ffaebb,solver,16,0,198.0,165.0,0.16666666666666666,1,164.00037449417187,0.6769013019802514,361.9126346260018,24.529714107513428,135.30261301994324,,370
puc-cc12-2u-seed-r1.txt,instances/benchmark-v1/puc/puc-cc12-2u-seed-r1.txt,comp,43,4,164.0,1800,A,desenvolvimento,0,4f2938667fcf494f48cce3f3fec18eca1ba823c6e54ff476ffa4af037c1d8d7d,9b93650-dirty,4952ac563156bc616105251b414e8c2778a3859be94ff5ed183c2d9cd8ffaebb,solver,16,0,198.0,165.0,0.16666666666666666,1,164.00061852571443,0.6667320540000219,333.8371970099979,41.48451519012451,203.5816831588745,,370
puc-cc12-2u-seed-r1.txt,instances/benchmark-v1/puc/puc-cc12-2u-seed-r1.txt,comp,44,4,164.0,1800,A,desenvolvimento,0,4f2938667fcf494f48cce3f3fec18eca1ba823c6e54ff476ffa4af037c1d8d7d,9b93650-dirty,4952ac563156bc616105251b414e8c2778a3859be94ff5ed183c2d9cd8ffaebb,solver,16,0,200.0,165.0,0.175,1,164.00415312034815,0.6671054890030064,344.08924263800145,33.180944204330444,127.31161904335022,,370
puc-cc12-2u-seed-r1.txt,instances/benchmark-v1/puc/puc-cc12-2u-seed-r1.txt,nucleo,42,4,164.0,1800,A,desenvolvimento,0,4f2938667fcf494f48cce3f3fec18eca1ba823c6e54ff476ffa4af037c1d8d7d,9b93650-dirty,4952ac563156bc616105251b414e8c2778a3859be94ff5ed183c2d9cd8ffaebb,solver,2,0,164.0,164.0,0.0,1,0.005929474777255555,0.01967080499161966,0.015390811982797459,0.0006551742553710938,0.014111995697021484,0.015390811982797459,370
puc-cc12-2u-seed-r1.txt,instances/benchmark-v1/puc/puc-cc12-2u-seed-r1.txt,nucleo,43,4,164.0,1800,A,desenvolvimento,0,4f2938667fcf494f48cce3f3fec18eca1ba823c6e54ff476ffa4af037c1d8d7d,9b93650-dirty,4952ac563156bc616105251b414e8c2778a3859be94ff5ed183c2d9cd8ffaebb,solver,2,0,164.0,164.0,0.0,1,0.005929474777255555,0.01865373898181133,0.015075480012455955,0.0006170272827148438,0.014050006866455078,0.015075480012455955,370
puc-cc12-2u-seed-r1.txt,instances/benchmark-v1/puc/puc-cc12-2u-seed-r1.txt,nucleo,44,4,164.0,1800,A,desenvolvimento,0,4f2938667fcf494f48cce3f3fec18eca1ba823c6e54ff476ffa4af037c1d8d7d,9b93650-dirty,4952ac563156bc616105251b414e8c2778a3859be94ff5ed183c2d9cd8ffaebb,solver,2,0,164.0,164.0,0.0,1,0.005929474777255555,0.019798334018560126,0.015370459004770964,0.0006499290466308594,0.014277935028076172,0.015370459004770964,370
puc-hc12p-seed-r1.txt,instances/benchmark-v1/puc/puc-hc12p-seed-r1.txt,base,42,4,164.0,1800,A,avaliacao,1,9c42fb4ac369ac74c1efed689b63cd0fe9707da6df6e09e9776d453b69ded61f,9b93650-dirty,4952ac563156bc616105251b414e8c2778a3859be94ff5ed183c2d9cd8ffaebb,solver,16,0,361.0,27.0,0.925207756232687,1,164.001838454206,0.5674845470057335,327.42970422501094,6.5547590255737305,259.55211210250854,,0
puc-hc12p-seed-r1.txt,instances/benchmark-v1/puc/puc-hc12p-seed-r1.txt,base,43,4,164.0,1800,A,avaliacao,1,9c42fb4ac369ac74c1efed689b63cd0fe9707da6df6e09e9776d453b69ded61f,9b93650-dirty,4952ac563156bc616105251b414e8c2778a3859be94ff5ed183c2d9cd8ffaebb,solver,16,0,358.0,29.0,0.9189944134078212,1,164.0088129252343,0.5612694520095829,330.4060270689952,6.720721006393433,271.36819100379944,,0
puc-hc12p-seed-r1.txt,instances/benchmark-v1/puc/puc-hc12p-seed-r1.txt,base,44,4,164.0,1800,A,avaliacao,1,9c42fb4ac369ac74c1efed689b63cd0fe9707da6df6e09e9776d453b69ded61f,9b93650-dirty,4952ac563156bc616105251b414e8c2778a3859be94ff5ed183c2d9cd8ffaebb,solver,16,0,345.0,29.0,0.9159420289855073,1,164.00384709726012,0.5374518730095588,336.6143242580001,6.9751200675964355,287.04623103141785,,0
puc-hc12p-seed-r1.txt,instances/benchmark-v1/puc/puc-hc12p-seed-r1.txt,comp,42,4,164.0,1800,A,avaliacao,1,9c42fb4ac369ac74c1efed689b63cd0fe9707da6df6e09e9776d453b69ded61f,9b93650-dirty,4952ac563156bc616105251b414e8c2778a3859be94ff5ed183c2d9cd8ffaebb,solver,16,0,,171.0,,1,164.00824585705806,0.6909022009931505,162.5768732239958,,,,2048
puc-hc12p-seed-r1.txt,instances/benchmark-v1/puc/puc-hc12p-seed-r1.txt,comp,43,4,164.0,1800,A,avaliacao,1,9c42fb4ac369ac74c1efed689b63cd0fe9707da6df6e09e9776d453b69ded61f,9b93650-dirty,4952ac563156bc616105251b414e8c2778a3859be94ff5ed183c2d9cd8ffaebb,solver,16,0,,171.0,,1,164.00033752907743,0.7347681490064133,164.93554780699196,,,,2048
puc-hc12p-seed-r1.txt,instances/benchmark-v1/puc/puc-hc12p-seed-r1.txt,comp,44,4,164.0,1800,A,avaliacao,1,9c42fb4ac369ac74c1efed689b63cd0fe9707da6df6e09e9776d453b69ded61f,9b93650-dirty,4952ac563156bc616105251b414e8c2778a3859be94ff5ed183c2d9cd8ffaebb,solver,16,0,,171.0,,1,164.00177991648832,0.7170203800196759,165.2930462450022,,,,2048
puc-hc12p-seed-r1.txt,instances/benchmark-v1/puc/puc-hc12p-seed-r1.txt,nucleo,42,4,164.0,1800,A,avaliacao,1,9c42fb4ac369ac74c1efed689b63cd0fe9707da6df6e09e9776d453b69ded61f,9b93650-dirty,4952ac563156bc616105251b414e8c2778a3859be94ff5ed183c2d9cd8ffaebb,solver,16,0,258.0,171.0,0.3372093023255814,1,164.0014385702567,0.052172444004099816,159.0019096120086,0.0007457733154296875,130.2598159313202,,2048
puc-hc12p-seed-r1.txt,instances/benchmark-v1/puc/puc-hc12p-seed-r1.txt,nucleo,43,4,164.0,1800,A,avaliacao,1,9c42fb4ac369ac74c1efed689b63cd0fe9707da6df6e09e9776d453b69ded61f,9b93650-dirty,4952ac563156bc616105251b414e8c2778a3859be94ff5ed183c2d9cd8ffaebb,solver,16,0,255.0,171.0,0.32941176470588235,1,164.00041439671216,0.06189394698594697,156.83714191699983,0.0007860660552978516,81.02487111091614,,2048
puc-hc12p-seed-r1.txt,instances/benchmark-v1/puc/puc-hc12p-seed-r1.txt,nucleo,44,4,164.0,1800,A,avaliacao,1,9c42fb4ac369ac74c1efed689b63cd0fe9707da6df6e09e9776d453b69ded61f,9b93650-dirty,4952ac563156bc616105251b414e8c2778a3859be94ff5ed183c2d9cd8ffaebb,solver,16,0,263.0,171.0,0.34980988593155893,1,164.00006301172323,0.06003539901576005,157.7879186939972,0.0007631778717041016,82.96901202201843,,2048
mapf-warehouse-10-20-10-2-1-m25-f4.txt,instances/benchmark-v1/mapf/mapf-warehouse-10-20-10-2-1-m25-f4.txt,base,42,4,164.0,1800,A,avaliacao,0,be28011841620585d795167766fd5e16380455249c0455e2dac4e4cabea5764e,9b93650-dirty,4952ac563156bc616105251b414e8c2778a3859be94ff5ed183c2d9cd8ffaebb,solver,16,0,38.0,3.0,0.9210526315789473,1,164.00626706906388,4.818033602001378,230.2676042719977,23.75098991394043,67.3523600101471,,0
mapf-warehouse-10-20-10-2-1-m25-f4.txt,instances/benchmark-v1/mapf/mapf-warehouse-10-20-10-2-1-m25-f4.txt,base,43,4,164.0,1800,A,avaliacao,0,be28011841620585d795167766fd5e16380455249c0455e2dac4e4cabea5764e,9b93650-dirty,4952ac563156bc616105251b414e8c2778a3859be94ff5ed183c2d9cd8ffaebb,solver,16,0,39.0,3.0,0.9230769230769231,1,164.00068156594256,4.579041175980819,232.59877501800656,22.215440034866333,160.73551201820374,,0
mapf-warehouse-10-20-10-2-1-m25-f4.txt,instances/benchmark-v1/mapf/mapf-warehouse-10-20-10-2-1-m25-f4.txt,base,44,4,164.0,1800,A,avaliacao,0,be28011841620585d795167766fd5e16380455249c0455e2dac4e4cabea5764e,9b93650-dirty,4952ac563156bc616105251b414e8c2778a3859be94ff5ed183c2d9cd8ffaebb,solver,16,0,37.0,3.0,0.918918918918919,1,164.00320734476406,4.8048406729940325,220.71895170002244,0.13625693321228027,205.80381894111633,,0
mapf-warehouse-10-20-10-2-1-m25-f4.txt,instances/benchmark-v1/mapf/mapf-warehouse-10-20-10-2-1-m25-f4.txt,comp,42,4,164.0,1800,A,avaliacao,0,be28011841620585d795167766fd5e16380455249c0455e2dac4e4cabea5764e,9b93650-dirty,4952ac563156bc616105251b414e8c2778a3859be94ff5ed183c2d9cd8ffaebb,solver,16,0,51.0,28.0,0.45098039215686275,1,164.00251812937836,6.174145347991725,204.21679570199922,174.34887599945068,175.21706008911133,,67
mapf-warehouse-10-20-10-2-1-m25-f4.txt,instances/benchmark-v1/mapf/mapf-warehouse-10-20-10-2-1-m25-f4.txt,comp,43,4,164.0,1800,A,avaliacao,0,be28011841620585d795167766fd5e16380455249c0455e2dac4e4cabea5764e,9b93650-dirty,4952ac563156bc616105251b414e8c2778a3859be94ff5ed183c2d9cd8ffaebb,solver,16,0,51.0,28.0,0.45098039215686275,1,177.36117048234988,6.3789279159973375,245.15769039202132,138.94798398017883,139.97853302955627,,67
mapf-warehouse-10-20-10-2-1-m25-f4.txt,instances/benchmark-v1/mapf/mapf-warehouse-10-20-10-2-1-m25-f4.txt,comp,44,4,164.0,1800,A,avaliacao,0,be28011841620585d795167766fd5e16380455249c0455e2dac4e4cabea5764e,9b93650-dirty,4952ac563156bc616105251b414e8c2778a3859be94ff5ed183c2d9cd8ffaebb,solver,16,0,47.0,29.0,0.3829787234042553,1,174.40199638817307,6.1636748960008845,237.94977628299966,0.12137413024902344,172.73080921173096,,67
mapf-warehouse-10-20-10-2-1-m25-f4.txt,instances/benchmark-v1/mapf/mapf-warehouse-10-20-10-2-1-m25-f4.txt,nucleo,42,4,164.0,1800,A,avaliacao,0,be28011841620585d795167766fd5e16380455249c0455e2dac4e4cabea5764e,9b93650-dirty,4952ac563156bc616105251b414e8c2778a3859be94ff5ed183c2d9cd8ffaebb,solver,2,0,28.0,28.0,0.0,1,0.004021949669711043,0.024231874995166436,0.009088510007131845,0.0007290840148925781,0.00817418098449707,0.009088510007131845,67
mapf-warehouse-10-20-10-2-1-m25-f4.txt,instances/benchmark-v1/mapf/mapf-warehouse-10-20-10-2-1-m25-f4.txt,nucleo,43,4,164.0,1800,A,avaliacao,0,be28011841620585d795167766fd5e16380455249c0455e2dac4e4cabea5764e,9b93650-dirty,4952ac563156bc616105251b414e8c2778a3859be94ff5ed183c2d9cd8ffaebb,solver,2,0,28.0,28.0,0.0,1,0.004021949669711043,0.02411153999855742,0.009102639014599845,0.0007607936859130859,0.008198976516723633,0.009102639014599845,67
mapf-warehouse-10-20-10-2-1-m25-f4.txt,instances/benchmark-v1/mapf/mapf-warehouse-10-20-10-2-1-m25-f4.txt,nucleo,44,4,164.0,1800,A,avaliacao,0,be28011841620585d795167766fd5e16380455249c0455e2dac4e4cabea5764e,9b93650-dirty,4952ac563156bc616105251b414e8c2778a3859be94ff5ed183c2d9cd8ffaebb,solver,2,0,28.0,28.0,0.0,1,0.004021949669711043,0.0233473579864949,0.00871616997756064,0.0007460117340087891,0.007866144180297852,0.00871616997756064,67
mapf-warehouse-10-20-10-2-1-m50-f8.txt,instances/benchmark-v1/mapf/mapf-warehouse-10-20-10-2-1-m50-f8.txt,base,42,4,164.0,1800,A,avaliacao,0,382b2fae442e8ad358e7b2de458170fccf898a6c09a6d7d15360e1080355f859,9b93650-dirty,4952ac563156bc616105251b414e8c2778a3859be94ff5ed183c2d9cd8ffaebb,solver,16,0,122.0,69.0,0.4344262295081967,1,164.00156360917188,1.4243096310237888,373.2266875960049,14.37423300743103,205.13321089744568,,0
mapf-warehouse-10-20-10-2-1-m50-f8.txt,instances/benchmark-v1/mapf/mapf-warehouse-10-20-10-2-1-m50-f8.txt,base,43,4,164.0,1800,A,avaliacao,0,382b2fae442e8ad358e7b2de458170fccf898a6c09a6d7d15360e1080355f859,9b93650-dirty,4952ac563156bc616105251b414e8c2778a3859be94ff5ed183c2d9cd8ffaebb,solver,16,0,121.0,69.0,0.4297520661157025,1,164.00291270677278,1.2156872150080744,367.0202089799859,9.86719298362732,313.2413990497589,,0
mapf-warehouse-10-20-10-2-1-m50-f8.txt,instances/benchmark-v1/mapf/mapf-warehouse-10-20-10-2-1-m50-f8.txt,base,44,4,164.0,1800,A,avaliacao,0,382b2fae442e8ad358e7b2de458170fccf898a6c09a6d7d15360e1080355f859,9b93650-dirty,4952ac563156bc616105251b414e8c2778a3859be94ff5ed183c2d9cd8ffaebb,solver,16,0,121.0,69.0,0.4297520661157025,1,164.00164201629715,1.2363242020073812,379.52074378501857,9.726069927215576,206.77059888839722,,0
mapf-warehouse-10-20-10-2-1-m50-f8.txt,instances/benchmark-v1/mapf/mapf-warehouse-10-20-10-2-1-m50-f8.txt,comp,42,4,164.0,1800,A,avaliacao,0,382b2fae442e8ad358e7b2de458170fccf898a6c09a6d7d15360e1080355f859,9b93650-dirty,4952ac563156bc616105251b414e8c2778a3859be94ff5ed183c2d9cd8ffaebb,solver,16,0,125.0,81.0,0.352,1,164.0022023351485,1.6119361300079618,356.13927812699694,14.03743600845337,292.8361020088196,,187
mapf-warehouse-10-20-10-2-1-m50-f8.txt,instances/benchmark-v1/mapf/mapf-warehouse-10-20-10-2-1-m50-f8.txt,comp,43,4,164.0,1800,A,avaliacao,0,382b2fae442e8ad358e7b2de458170fccf898a6c09a6d7d15360e1080355f859,9b93650-dirty,4952ac563156bc616105251b414e8c2778a3859be94ff5ed183c2d9cd8ffaebb,solver,16,0,124.0,81.0,0.3467741935483871,1,164.0014348729142,1.6603870530088898,350.231626289984,13.665102005004883,208.40813899040222,,187
mapf-warehouse-10-20-10-2-1-m50-f8.txt,instances/benchmark-v1/mapf/mapf-warehouse-10-20-10-2-1-m50-f8.txt,comp,44,4,164.0,1800,A,avaliacao,0,382b2fae442e8ad358e7b2de458170fccf898a6c09a6d7d15360e1080355f859,9b93650-dirty,4952ac563156bc616105251b414e8c2778a3859be94ff5ed183c2d9cd8ffaebb,solver,16,0,130.0,80.0,0.38461538461538464,1,164.00159764631272,1.6344323630037252,351.50542781097465,13.761302947998047,305.9519889354706,,187
mapf-warehouse-10-20-10-2-1-m50-f8.txt,instances/benchmark-v1/mapf/mapf-warehouse-10-20-10-2-1-m50-f8.txt,nucleo,42,4,164.0,1800,A,avaliacao,0,382b2fae442e8ad358e7b2de458170fccf898a6c09a6d7d15360e1080355f859,9b93650-dirty,4952ac563156bc616105251b414e8c2778a3859be94ff5ed183c2d9cd8ffaebb,solver,2,0,79.0,79.0,0.0,1,0.006688662355111944,0.02440913298050873,0.021875759004615247,0.000926971435546875,0.020101070404052734,0.021875759004615247,187
mapf-warehouse-10-20-10-2-1-m50-f8.txt,instances/benchmark-v1/mapf/mapf-warehouse-10-20-10-2-1-m50-f8.txt,nucleo,43,4,164.0,1800,A,avaliacao,0,382b2fae442e8ad358e7b2de458170fccf898a6c09a6d7d15360e1080355f859,9b93650-dirty,4952ac563156bc616105251b414e8c2778a3859be94ff5ed183c2d9cd8ffaebb,solver,2,0,79.0,79.0,0.0,1,0.006619596752110235,0.023520921997260302,0.018096101994160563,0.0007719993591308594,0.016345977783203125,0.018096101994160563,187
mapf-warehouse-10-20-10-2-1-m50-f8.txt,instances/benchmark-v1/mapf/mapf-warehouse-10-20-10-2-1-m50-f8.txt,nucleo,44,4,164.0,1800,A,avaliacao,0,382b2fae442e8ad358e7b2de458170fccf898a6c09a6d7d15360e1080355f859,9b93650-dirty,4952ac563156bc616105251b414e8c2778a3859be94ff5ed183c2d9cd8ffaebb,solver,2,0,79.0,79.0,0.0,1,0.006646792601406979,0.02199846299481578,0.017763143026968464,0.0007410049438476562,0.01631784439086914,0.017763143026968464,187
