instancia,Z,n_Z,z_freq_retorno,z_n_instalacoes_cortadas,n_instalacoes_gravadas,pool_truncado
TR-k2-L5-r2,c0_1 c1_2 c1_3 e0 e1,5,2,2,8,0
TR-k2-L5-r2,c0_2 c0_3 c1_1 e0 e1,5,2,2,8,0
TR-k2-L5-r2,c0_1 c1_2 c1_4 c1_5 e0 e1,6,1,2,8,0
TR-k2-L5-r2,c0_2 c0_4 c0_5 c1_1 e0 e1,6,1,2,8,0
"BP-nao-[3,1]-q2",c0_0 c1_1 t1_0 t1_1,4,1,1,2,0
"BP-nao-[3,1]-q2",c0_1 c1_0 t0_0 t0_1,4,1,1,2,0
mapf-maze-32-32-2-m10-f4,10_10 10_11 10_12 10_13 10_14 10_16 10_17 10_18 10_19 10_20 10_8 10_9 11_10 11_11 11_12 11_13 11_14 11_16 11_17 11_18 11_19 11_9 1_10 1_11 1_12 1_13 1_14 1_15 1_16 1_17 1_18 1_19 1_20 1_21 1_22 1_23 1_24 1_25 1_26 1_27 1_28 1_29 1_30 1_31 1_7 1_8 1_9 2_10 2_11 2_12 2_13 2_14 2_16 2_17 2_18 2_20 2_21 2_22 2_23 2_24 2_25 2_26 2_27 2_28 2_29 2_30 2_31 2_7 2_8 2_9 3_22 3_23 3_29 3_31 3_7 3_8 4_10 4_11 4_12 4_13 4_14 4_15 4_16 4_22 4_23 4_28 4_29 4_31 4_7 4_8 4_9 5_10 5_11 5_12 5_13 5_14 5_15 5_23 5_28 5_29 5_31 5_7 5_8 5_9 6_10 6_11 6_22 6_23 6_31 7_10 7_11 7_13 7_14 7_15 7_16 7_17 7_18 7_19 7_20 7_21 7_22 7_23 7_31 7_7 7_8 7_9 8_10 8_11 8_13 8_14 8_15 8_16 8_17 8_18 8_19 8_20 8_21 8_22 8_23 8_31 8_8 8_9 9_13 9_14 9_19 9_20,146,1,4,200,1
mapf-maze-32-32-2-m10-f4,10_10 10_11 10_12 10_13 10_14 10_16 10_17 10_18 10_19 10_20 10_28 10_29 10_30 10_31 10_8 10_9 11_10 11_11 11_12 11_13 11_14 11_16 11_17 11_18 11_19 11_28 11_29 11_30 11_31 11_9 12_31 13_28 13_30 13_31 14_28 14_29 14_30 14_31 15_28 15_29 16_28 16_29 17_28 17_29 18_28 18_29 19_22 19_23 19_24 19_25 19_26 19_27 19_28 19_29 1_10 1_11 1_12 1_13 1_14 1_15 1_16 1_18 1_19 1_20 1_21 1_22 1_23 1_24 1_25 1_26 1_27 1_28 1_29 1_30 1_31 1_7 1_8 1_9 20_22 20_23 20_24 20_25 20_26 20_27 20_28 20_29 21_14 21_22 22_13 22_14 22_19 22_20 22_22 22_23 23_13 23_14 23_19 23_20 23_22 23_23 24_13 24_14 24_19 24_20 24_22 24_23 25_10 25_11 25_12 25_13 25_14 25_15 25_16 25_17 25_18 25_19 25_20 25_21 25_22 25_23 26_11 26_12 26_13 26_14 26_15 26_16 26_17 26_18 26_19 26_20 26_21 26_22 26_23 27_16 27_17 28_16 28_17 29_16 29_17 2_10 2_11 2_12 2_13 2_14 2_16 2_17 2_18 2_20 2_21 2_22 2_23 2_24 2_25 2_26 2_27 2_28 2_29 2_30 2_31 2_7 2_8 2_9 30_16 30_17 31_16 31_17 31_18 3_22 3_23 3_29 3_31 3_7 3_8 4_10 4_11 4_12 4_13 4_14 4_15 4_16 4_22 4_23 4_28 4_29 4_31 4_7 4_8 4_9 5_10 5_11 5_12 5_13 5_14 5_15 5_22 5_23 5_28 5_29 5_31 5_7 5_8 5_9 6_10 6_11 6_22 6_23 6_31 7_10 7_11 7_13 7_14 7_15 7_16 7_17 7_18 7_19 7_20 7_21 7_22 7_23 7_31 7_7 7_8 7_9 8_10 8_11 8_13 8_14 8_15 8_16 8_17 8_18 8_19 8_20 8_21 8_22 8_23 8_31 8_8 8_9 9_13 9_14 9_19 9_20,244,1,1,200,1
mapf-maze-32-32-2-m10-f4,10_10 10_11 10_12 10_13 10_14 10_16 10_17 10_18 10_19 10_20 10_28 10_29 10_30 10_31 10_8 10_9 11_10 11_11 11_12 11_13 11_14 11_16 11_17 11_18 11_19 11_28 11_29 11_30 11_31 11_9 12_31 13_29 13_30 13_31 14_28 14_29 14_30 14_31 15_28 15_29 16_28 16_29 17_28 17_29 18_28 18_29 19_22 19_23 19_24 19_25 19_26 19_27 19_28 19_29 1_10 1_11 1_12 1_13 1_14 1_15 1_16 1_17 1_18 1_19 1_20 1_21 1_22 1_23 1_24 1_25 1_26 1_27 1_28 1_29 1_30 1_31 1_7 1_8 1_9 20_22 20_23 20_24 20_25 20_26 20_27 20_28 20_29 21_14 21_22 22_13 22_14 22_19 22_20 22_22 22_23 23_13 23_14 23_19 23_20 23_22 23_23 24_13 24_14 24_19 24_20 24_22 24_23 25_10 25_11 25_12 25_13 25_14 25_15 25_16 25_17 25_18 25_19 25_20 25_21 25_22 25_23 26_11 26_12 26_13 26_14 26_15 26_16 26_17 26_18 26_19 26_20 26_21 26_22 26_23 27_16 27_17 28_16 28_17 29_16 29_17 2_10 2_11 2_12 2_13 2_14 2_16 2_17 2_18 2_20 2_21 2_22 2_23 2_24 2_25 2_26 2_27 2_28 2_29 2_30 2_31 2_7 2_8 2_9 30_16 30_17 31_16 31_17 31_18 3_22 3_23 3_29 3_31 3_7 3_8 4_10 4_11 4_12 4_13 4_14 4_15 4_16 4_22 4_23 4_28 4_29 4_31 4_7 4_8 4_9 5_10 5_11 5_12 5_13 5_14 5_15 5_22 5_23 5_28 5_29 5_31 5_7 5_8 5_9 6_10 6_11 6_22 6_23 6_31 7_10 7_11 7_13 7_14 7_15 7_16 7_17 7_18 7_19 7_20 7_21 7_22 7_23 7_31 7_7 7_8 7_9 8_10 8_11 8_13 8_14 8_15 8_16 8_17 8_18 8_19 8_20 8_21 8_22 8_31 8_8 8_9 9_13 9_14 9_19 9_20,244,1,3,200,1
mapf-maze-32-32-2-m10-f4,10_10 10_11 10_12 10_13 10_14 10_16 10_17 10_18 10_19 10_20 10_28 10_29 10_30 10_31 10_8 10_9 11_10 11_11 11_12 11_13 11_14 11_16 11_17 11_18 11_19 11_28 11_29 11_30 11_31 11_9 12_31 13_29 13_30 13_31 14_28 14_29 14_30 14_31 15_28 15_29 16_28 16_29 17_28 17_29 18_28 18_29 19_22 19_23 19_24 19_25 19_26 19_27 19_28 19_29 1_10 1_11 1_12 1_13 1_14 1_15 1_16 1_17 1_18 1_19 1_20 1_21 1_22 1_23 1_24 1_25 1_26 1_27 1_28 1_29 1_30 1_31 1_7 1_8 1_9 20_22 20_23 20_24 20_25 20_26 20_27 20_28 20_29 21_14 21_22 22_13 22_14 22_19 22_20 22_22 22_23 23_13 23_14 23_19 23_20 23_22 23_23 24_13 24_14 24_19 24_20 24_22 24_23 25_10 25_11 25_12 25_13 25_14 25_15 25_16 25_17 25_18 25_19 25_20 25_21 25_22 25_23 26_11 26_12 26_13 26_14 26_15 26_16 26_17 26_18 26_19 26_20 26_21 26_22 26_23 27_16 27_17 28_16 28_17 29_16 29_17 2_10 2_11 2_12 2_13 2_14 2_16 2_17 2_18 2_20 2_21 2_22 2_23 2_24 2_25 2_26 2_27 2_28 2_29 2_30 2_31 2_7 2_8 2_9 30_16 30_17 31_16 31_17 31_18 3_22 3_23 3_29 3_31 3_7 3_8 4_10 4_11 4_12 4_13 4_14 4_15 4_16 4_22 4_23 4_28 4_29 4_31 4_7 4_8 4_9 5_10 5_11 5_12 5_13 5_14 5_15 5_22 5_23 5_28 5_29 5_31 5_7 5_8 5_9 6_10 6_11 6_22 6_23 6_31 7_10 7_11 7_13 7_14 7_15 7_16 7_17 7_18 7_19 7_20 7_21 7_22 7_31 7_7 7_8 7_9 8_10 8_11 8_13 8_14 8_15 8_16 8_17 8_18 8_19 8_20 8_21 8_22 8_23 8_31 8_8 8_9 9_13 9_14 9_19 9_20,244,1,3,200,1
mapf-maze-32-32-2-m10-f4,10_10 10_11 10_12 10_13 10_14 10_16 10_17 10_18 10_19 10_20 10_28 10_29 10_30 10_31 10_8 10_9 11_10 11_11 11_12 11_13 11_14 11_16 11_17 11_18 11_19 11_28 11_29 11_30 11_31 11_9 12_31 13_29 13_30 13_31 14_28 14_29 14_30 14_31 15_28 15_29 16_28 16_29 17_28 17_29 18_28 18_29 19_22 19_23 19_24 19_25 19_26 19_27 19_28 19_29 1_10 1_11 1_12 1_13 1_14 1_15 1_16 1_17 1_18 1_19 1_20 1_21 1_22 1_23 1_24 1_25 1_26 1_27 1_28 1_29 1_30 1_31 1_7 1_8 1_9 20_22 20_23 20_24 20_25 20_26 20_27 20_28 20_29 21_14 21_22 22_13 22_14 22_19 22_20 22_22 22_23 23_13 23_14 23_19 23_20 23_22 23_23 24_13 24_14 24_19 24_20 24_22 24_23 25_10 25_11 25_12 25_13 25_14 25_15 25_16 25_17 25_18 25_19 25_20 25_21 25_22 25_23 26_11 26_12 26_13 26_14 26_15 26_16 26_17 26_18 26_19 26_20 26_21 26_22 26_23 27_16 27_17 28_16 28_17 29_16 29_17 2_10 2_11 2_12 2_13 2_14 2_16 2_17 2_18 2_20 2_21 2_22 2_23 2_24 2_25 2_26 2_27 2_28 2_29 2_30 2_31 2_7 2_8 2_9 30_16 30_17 31_16 31_17 31_18 3_22 3_23 3_29 3_31 3_7 3_8 4_10 4_11 4_12 4_13 4_14 4_15 4_16 4_22 4_23 4_28 4_29 4_31 4_7 4_8 4_9 5_10 5_11 5_12 5_13 5_14 5_15 5_22 5_23 5_28 5_29 5_31 5_7 5_8 5_9 6_10 6_11 6_22 6_23 6_31 7_10 7_11 7_13 7_14 7_15 7_16 7_17 7_18 7_19 7_20 7_21 7_23 7_31 7_7 7_8 7_9 8_10 8_11 8_13 8_14 8_15 8_16 8_17 8_18 8_19 8_20 8_21 8_22 8_23 8_31 8_8 8_9 9_13 9_14 9_19 9_20,244,1,3,200,1
mapf-maze-32-32-2-m10-f4,10_10 10_11 10_12 10_13 10_14 10_16 10_17 10_18 10_19 10_20 10_28 10_29 10_30 10_31 10_8 10_9 11_10 11_11 11_12 11_13 11_14 11_16 11_17 11_18 11_19 11_28 11_29 11_30 11_31 11_9 12_31 13_29 13_30 13_31 14_28 14_29 14_30 14_31 15_28 15_29 16_28 16_29 17_28 17_29 18_28 18_29 19_22 19_23 19_24 19_25 19_26 19_27 19_28 19_29 1_10 1_11 1_12 1_13 1_14 1_15 1_16 1_17 1_18 1_19 1_20 1_21 1_22 1_23 1_24 1_25 1_26 1_27 1_28 1_29 1_30 1_31 1_7 1_8 1_9 20_22 20_23 20_24 20_25 20_26 20_27 20_28 20_29 21_14 21_22 22_13 22_14 22_19 22_20 22_22 22_23 23_13 23_14 23_19 23_20 23_22 23_23 24_13 24_14 24_19 24_20 24_22 24_23 25_10 25_11 25_12 25_13 25_14 25_15 25_16 25_17 25_18 25_19 25_20 25_21 25_22 25_23 26_11 26_12 26_13 26_14 26_15 26_16 26_17 26_18 26_19 26_20 26_21 26_22 26_23 27_16 27_17 28_16 28_17 29_16 29_17 2_10 2_11 2_12 2_13 2_14 2_16 2_17 2_18 2_20 2_21 2_22 2_23 2_24 2_25 2_26 2_27 2_28 2_29 2_30 2_31 2_7 2_8 2_9 30_16 30_17 31_16 31_17 31_18 3_22 3_23 3_29 3_31 3_7 3_8 4_10 4_11 4_12 4_13 4_14 4_15 4_16 4_22 4_23 4_28 4_29 4_31 4_7 4_8 4_9 5_10 5_11 5_12 5_13 5_14 5_15 5_22 5_23 5_28 5_29 5_31 5_7 5_8 5_9 6_10 6_11 6_22 6_31 7_10 7_11 7_13 7_14 7_15 7_16 7_17 7_18 7_19 7_20 7_21 7_22 7_23 7_31 7_7 7_8 7_9 8_10 8_11 8_13 8_14 8_15 8_16 8_17 8_18 8_19 8_20 8_21 8_22 8_23 8_31 8_8 8_9 9_13 9_14 9_19 9_20,244,1,3,200,1
mapf-maze-32-32-2-m10-f4,10_10 10_11 10_12 10_13 10_14 10_16 10_17 10_18 10_19 10_20 10_28 10_29 10_30 10_31 10_8 10_9 11_10 11_11 11_12 11_13 11_14 11_16 11_17 11_18 11_19 11_28 11_29 11_30 11_31 11_9 12_31 13_29 13_30 13_31 14_28 14_29 14_30 14_31 15_28 15_29 16_28 16_29 17_28 17_29 18_28 18_29 19_22 19_23 19_24 19_25 19_26 19_27 19_28 19_29 1_10 1_11 1_12 1_13 1_14 1_15 1_16 1_17 1_18 1_19 1_20 1_21 1_22 1_23 1_24 1_25 1_26 1_27 1_28 1_29 1_30 1_31 1_7 1_8 1_9 20_22 20_23 20_24 20_25 20_26 20_27 20_28 20_29 21_14 21_22 22_13 22_14 22_19 22_20 22_22 22_23 23_13 23_14 23_19 23_20 23_22 23_23 24_13 24_14 24_19 24_20 24_22 24_23 25_10 25_11 25_12 25_13 25_14 25_15 25_16 25_17 25_18 25_19 25_20 25_21 25_22 25_23 26_11 26_12 26_13 26_14 26_15 26_16 26_17 26_18 26_19 26_20 26_21 26_22 26_23 27_16 27_17 28_16 28_17 29_16 29_17 2_10 2_11 2_12 2_13 2_14 2_16 2_17 2_18 2_20 2_21 2_22 2_23 2_24 2_25 2_26 2_27 2_28 2_29 2_30 2_31 2_7 2_8 2_9 30_16 30_17 31_16 31_17 31_18 3_22 3_23 3_29 3_31 3_7 3_8 4_10 4_11 4_12 4_13 4_14 4_15 4_16 4_22 4_23 4_28 4_29 4_31 4_7 4_8 4_9 5_10 5_11 5_12 5_13 5_14 5_15 5_22 5_23 5_28 5_29 5_31 5_7 5_8 5_9 6_10 6_11 6_23 6_31 7_10 7_11 7_13 7_14 7_15 7_16 7_17 7_18 7_19 7_20 7_21 7_22 7_23 7_31 7_7 7_8 7_9 8_10 8_11 8_13 8_14 8_15 8_16 8_17 8_18 8_19 8_20 8_21 8_22 8_23 8_31 8_8 8_9 9_13 9_14 9_19 9_20,244,1,3,200,1
mapf-maze-32-32-2-m10-f4,10_10 10_11 10_12 10_13 10_14 10_16 10_17 10_18 10_19 10_20 10_28 10_29 10_30 10_31 10_8 10_9 11_10 11_11 11_12 11_13 11_14 11_16 11_17 11_18 11_19 11_28 11_29 11_30 11_31 11_9 12_31 13_29 13_30 13_31 14_28 14_29 14_30 14_31 15_28 15_29 16_28 16_29 17_28 17_29 18_28 18_29 19_22 19_23 19_24 19_25 19_26 19_27 19_28 19_29 1_10 1_11 1_12 1_13 1_14 1_15 1_16 1_17 1_18 1_19 1_20 1_21 1_22 1_23 1_24 1_25 1_26 1_27 1_28 1_29 1_30 1_31 1_7 1_8 1_9 20_22 20_23 20_24 20_25 20_26 20_27 20_28 20_29 21_14 21_22 22_13 22_14 22_19 22_20 22_22 22_23 23_13 23_14 23_19 23_20 23_22 23_23 24_13 24_14 24_19 24_20 24_22 24_23 25_10 25_11 25_12 25_13 25_14 25_15 25_16 25_17 25_18 25_19 25_20 25_21 25_22 25_23 26_11 26_12 26_13 26_14 26_15 26_16 26_17 26_18 26_19 26_20 26_21 26_22 26_23 27_16 27_17 28_16 28_17 29_16 29_17 2_10 2_11 2_12 2_13 2_14 2_16 2_17 2_18 2_20 2_21 2_22 2_23 2_24 2_25 2_26 2_27 2_28 2_29 2_30 2_31 2_7 2_8 2_9 30_16 30_17 31_16 31_17 31_18 3_22 3_23 3_29 3_31 3_7 3_8 4_10 4_11 4_12 4_13 4_14 4_15 4_16 4_22 4_23 4_28 4_29 4_31 4_7 4_8 4_9 5_10 5_11 5_12 5_13 5_14 5_15 5_22 5_28 5_29 5_31 5_7 5_8 5_9 6_10 6_11 6_22 6_23 6_31 7_10 7_11 7_13 7_14 7_15 7_16 7_17 7_18 7_19 7_20 7_21 7_22 7_23 7_31 7_7 7_8 7_9 8_10 8_11 8_13 8_14 8_15 8_16 8_17 8_18 8_19 8_20 8_21 8_22 8_23 8_31 8_8 8_9 9_13 9_14 9_19 9_20,244,1,3,200,1
mapf-maze-32-32-2-m10-f4,10_10 10_11 10_12 10_13 10_14 10_16 10_17 10_18 10_19 10_20 10_28 10_29 10_30 10_31 10_8 10_9 11_10 11_11 11_12 11_13 11_14 11_16 11_17 11_18 11_19 11_28 11_29 11_30 11_31 11_9 12_31 13_29 13_30 13_31 14_28 14_29 14_30 14_31 15_28 15_29 16_28 16_29 17_28 17_29 18_28 18_29 19_22 19_23 19_24 19_25 19_26 19_27 19_28 19_29 1_10 1_11 1_12 1_13 1_14 1_15 1_16 1_17 1_18 1_19 1_20 1_21 1_22 1_23 1_24 1_25 1_26 1_27 1_28 1_29 1_30 1_31 1_7 1_8 1_9 20_22 20_23 20_24 20_25 20_26 20_27 20_28 20_29 21_14 21_22 22_13 22_14 22_19 22_20 22_22 22_23 23_13 23_14 23_19 23_20 23_22 23_23 24_13 24_14 24_19 24_20 24_22 24_23 25_10 25_11 25_12 25_13 25_14 25_15 25_16 25_17 25_18 25_19 25_20 25_21 25_22 25_23 26_11 26_12 26_13 26_14 26_15 26_16 26_17 26_18 26_19 26_20 26_21 26_22 26_23 27_16 27_17 28_16 28_17 29_16 29_17 2_10 2_11 2_12 2_13 2_14 2_16 2_17 2_18 2_20 2_21 2_22 2_23 2_24 2_25 2_26 2_27 2_28 2_29 2_30 2_31 2_7 2_8 2_9 30_16 30_17 31_16 31_17 31_18 3_22 3_23 3_29 3_31 3_7 3_8 4_10 4_11 4_12 4_13 4_14 4_15 4_16 4_22 4_23 4_28 4_29 4_31 4_7 4_8 4_9 5_10 5_11 5_12 5_13 5_14 5_15 5_23 5_28 5_29 5_31 5_7 5_8 5_9 6_10 6_11 6_22 6_23 6_31 7_10 7_11 7_13 7_14 7_15 7_16 7_17 7_18 7_19 7_20 7_21 7_22 7_23 7_31 7_7 7_8 7_9 8_10 8_11 8_13 8_14 8_15 8_16 8_17 8_18 8_19 8_20 8_21 8_22 8_23 8_31 8_8 8_9 9_13 9_14 9_19 9_20,244,1,3,200,1
mapf-maze-32-32-2-m10-f4,10_10 10_11 10_12 10_13 10_14 10_16 10_17 10_18 10_19 10_20 10_28 10_29 10_30 10_31 10_8 10_9 11_10 11_11 11_12 11_13 11_14 11_16 11_17 11_18 11_19 11_28 11_29 11_30 11_31 11_9 12_31 13_29 13_30 13_31 14_28 14_29 14_30 14_31 15_28 15_29 16_28 16_29 17_28 17_29 18_28 18_29 19_22 19_23 19_24 19_25 19_26 19_27 19_28 19_29 1_10 1_11 1_12 1_13 1_14 1_15 1_16 1_17 1_18 1_19 1_20 1_21 1_22 1_23 1_24 1_25 1_26 1_27 1_28 1_29 1_30 1_31 1_7 1_8 1_9 20_22 20_23 20_24 20_25 20_26 20_27 20_28 20_29 21_14 21_22 22_13 22_14 22_19 22_20 22_22 22_23 23_13 23_14 23_19 23_20 23_22 23_23 24_13 24_14 24_19 24_20 24_22 24_23 25_10 25_11 25_12 25_13 25_14 25_15 25_16 25_17 25_18 25_19 25_20 25_21 25_22 25_23 26_11 26_12 26_13 26_14 26_15 26_16 26_17 26_18 26_19 26_20 26_21 26_22 26_23 27_16 27_17 28_16 28_17 29_16 29_17 2_10 2_11 2_12 2_13 2_14 2_16 2_17 2_18 2_20 2_21 2_22 2_23 2_24 2_25 2_26 2_27 2_28 2_29 2_30 2_31 2_7 2_8 2_9 30_16 30_17 31_16 31_17 31_18 3_22 3_23 3_29 3_31 3_7 3_8 4_10 4_11 4_12 4_13 4_14 4_15 4_16 4_22 4_28 4_29 4_31 4_7 4_8 4_9 5_10 5_11 5_12 5_13 5_14 5_15 5_22 5_23 5_28 5_29 5_31 5_7 5_8 5_9 6_10 6_11 6_22 6_23 6_31 7_10 7_11 7_13 7_14 7_15 7_16 7_17 7_18 7_19 7_20 7_21 7_22 7_23 7_31 7_7 7_8 7_9 8_10 8_11 8_13 8_14 8_15 8_16 8_17 8_18 8_19 8_20 8_21 8_22 8_23 8_31 8_8 8_9 9_13 9_14 9_19 9_20,244,1,3,200,1
mapf-maze-32-32-2-m10-f4,10_10 10_11 10_12 10_13 10_14 10_16 10_17 10_18 10_19 10_20 10_28 10_29 10_30 10_31 10_8 10_9 11_10 11_11 11_12 11_13 11_14 11_16 11_17 11_18 11_19 11_28 11_29 11_30 11_31 11_9 12_31 13_29 13_30 13_31 14_28 14_29 14_30 14_31 15_28 15_29 16_28 16_29 17_28 17_29 18_28 18_29 19_22 19_23 19_24 19_25 19_26 19_27 19_28 19_29 1_10 1_11 1_12 1_13 1_14 1_15 1_16 1_17 1_18 1_19 1_20 1_21 1_22 1_23 1_24 1_25 1_26 1_27 1_28 1_29 1_30 1_31 1_7 1_8 1_9 20_22 20_23 20_24 20_25 20_26 20_27 20_28 20_29 21_14 21_22 22_13 22_14 22_19 22_20 22_22 22_23 23_13 23_14 23_19 23_20 23_22 23_23 24_13 24_14 24_19 24_20 24_22 24_23 25_10 25_11 25_12 25_13 25_14 25_15 25_16 25_17 25_18 25_19 25_20 25_21 25_22 25_23 26_11 26_12 26_13 26_14 26_15 26_16 26_17 26_18 26_19 26_20 26_21 26_22 26_23 27_16 27_17 28_16 28_17 29_16 29_17 2_10 2_11 2_12 2_13 2_14 2_16 2_17 2_18 2_20 2_21 2_22 2_23 2_24 2_25 2_26 2_27 2_28 2_29 2_30 2_31 2_7 2_8 2_9 30_16 30_17 31_16 31_17 31_18 3_22 3_23 3_29 3_31 3_7 3_8 4_10 4_11 4_12 4_13 4_14 4_15 4_16 4_23 4_28 4_29 4_31 4_7 4_8 4_9 5_10 5_11 5_12 5_13 5_14 5_15 5_22 5_23 5_28 5_29 5_31 5_7 5_8 5_9 6_10 6_11 6_22 6_23 6_31 7_10 7_11 7_13 7_14 7_15 7_16 7_17 7_18 7_19 7_20 7_21 7_22 7_23 7_31 7_7 7_8 7_9 8_10 8_11 8_13 8_14 8_15 8_16 8_17 8_18 8_19 8_20 8_21 8_22 8_23 8_31 8_8 8_9 9_13 9_14 9_19 9_20,244,1,3,200,1
mapf-maze-32-32-2-m10-f4,10_10 10_11 10_12 10_13 10_14 10_16 10_17 10_18 10_19 10_20 10_28 10_29 10_30 10_31 10_8 10_9 11_10 11_11 11_12 11_13 11_14 11_16 11_17 11_18 11_19 11_28 11_29 11_30 11_31 11_9 12_31 13_29 13_30 13_31 14_28 14_29 14_30 14_31 15_28 15_29 16_28 16_29 17_28 17_29 18_28 18_29 19_22 19_23 19_24 19_25 19_26 19_27 19_28 19_29 1_10 1_11 1_12 1_13 1_14 1_15 1_16 1_17 1_18 1_19 1_20 1_21 1_22 1_23 1_24 1_25 1_26 1_27 1_28 1_29 1_30 1_31 1_7 1_8 1_9 20_22 20_23 20_24 20_25 20_26 20_27 20_28 20_29 21_14 21_22 22_13 22_14 22_19 22_20 22_22 22_23 23_13 23_14 23_19 23_20 23_22 23_23 24_13 24_14 24_19 24_20 24_22 24_23 25_10 25_11 25_12 25_13 25_14 25_15 25_16 25_17 25_18 25_19 25_20 25_21 25_22 25_23 26_11 26_12 26_13 26_14 26_15 26_16 26_17 26_18 26_19 26_20 26_21 26_22 26_23 27_16 27_17 28_16 28_17 29_16 29_17 2_10 2_11 2_12 2_13 2_14 2_16 2_17 2_18 2_20 2_21 2_22 2_23 2_24 2_25 2_26 2_27 2_28 2_29 2_30 2_31 2_7 2_8 2_9 30_16 30_17 31_16 31_17 31_18 3_22 3_29 3_31 3_7 3_8 4_10 4_11 4_12 4_13 4_14 4_15 4_16 4_22 4_23 4_28 4_29 4_31 4_7 4_8 4_9 5_10 5_11 5_12 5_13 5_14 5_15 5_22 5_23 5_28 5_29 5_31 5_7 5_8 5_9 6_10 6_11 6_22 6_23 6_31 7_10 7_11 7_13 7_14 7_15 7_16 7_17 7_18 7_19 7_20 7_21 7_22 7_23 7_31 7_7 7_8 7_9 8_10 8_11 8_13 8_14 8_15 8_16 8_17 8_18 8_19 8_20 8_21 8_22 8_23 8_31 8_8 8_9 9_13 9_14 9_19 9_20,244,1,3,200,1
mapf-maze-32-32-2-m10-f4,10_10 10_11 10_12 10_13 10_14 10_16 10_17 10_18 10_19 10_20 10_28 10_29 10_30 10_31 10_8 10_9 11_10 11_11 11_12 11_13 11_14 11_16 11_17 11_18 11_19 11_28 11_29 11_30 11_31 11_9 12_31 13_29 13_30 13_31 14_28 14_29 14_30 14_31 15_28 15_29 16_28 16_29 17_28 17_29 18_28 18_29 19_22 19_23 19_24 19_25 19_26 19_27 19_28 19_29 1_10 1_11 1_12 1_13 1_14 1_15 1_16 1_17 1_18 1_19 1_20 1_21 1_22 1_23 1_24 1_25 1_26 1_27 1_28 1_29 1_30 1_31 1_7 1_8 1_9 20_22 20_23 20_24 20_25 20_26 20_27 20_28 20_29 21_14 21_22 22_13 22_14 22_19 22_20 22_22 22_23 23_13 23_14 23_19 23_20 23_22 23_23 24_13 24_14 24_19 24_20 24_22 24_23 25_10 25_11 25_12 25_13 25_14 25_15 25_16 25_17 25_18 25_19 25_20 25_21 25_22 25_23 26_11 26_12 26_13 26_14 26_15 26_16 26_17 26_18 26_19 26_20 26_21 26_22 26_23 27_16 27_17 28_16 28_17 29_16 29_17 2_10 2_11 2_12 2_13 2_14 2_16 2_17 2_18 2_20 2_21 2_22 2_23 2_24 2_25 2_26 2_27 2_28 2_29 2_30 2_31 2_7 2_8 2_9 30_16 30_17 31_16 31_17 31_18 3_23 3_29 3_31 3_7 3_8 4_10 4_11 4_12 4_13 4_14 4_15 4_16 4_22 4_23 4_28 4_29 4_31 4_7 4_8 4_9 5_10 5_11 5_12 5_13 5_14 5_15 5_22 5_23 5_28 5_29 5_31 5_7 5_8 5_9 6_10 6_11 6_22 6_23 6_31 7_10 7_11 7_13 7_14 7_15 7_16 7_17 7_18 7_19 7_20 7_21 7_22 7_23 7_31 7_7 7_8 7_9 8_10 8_11 8_13 8_14 8_15 8_16 8_17 8_18 8_19 8_20 8_21 8_22 8_23 8_31 8_8 8_9 9_13 9_14 9_19 9_20,244,1,3,200,1
mapf-maze-32-32-2-m10-f4,10_10 10_11 10_12 10_13 10_14 10_16 10_17 10_18 10_19 10_20 10_28 10_29 10_30 10_31 10_8 10_9 11_10 11_11 11_12 11_13 11_14 11_16 11_17 11_18 11_19 11_28 11_29 11_30 11_31 11_9 12_31 13_29 13_30 13_31 14_28 14_29 14_30 14_31 15_28 15_29 16_28 16_29 17_28 17_29 18_28 18_29 19_22 19_23 19_24 19_25 19_26 19_27 19_28 19_29 1_10 1_11 1_12 1_13 1_14 1_15 1_16 1_17 1_18 1_19 1_20 1_21 1_22 1_23 1_24 1_25 1_26 1_27 1_28 1_29 1_30 1_31 1_7 1_8 1_9 20_22 20_23 20_24 20_25 20_26 20_27 20_28 20_29 21_14 21_22 22_13 22_14 22_19 22_20 22_22 22_23 23_13 23_14 23_19 23_20 23_22 23_23 24_13 24_14 24_19 24_20 24_22 24_23 25_10 25_11 25_12 25_13 25_14 25_15 25_16 25_17 25_18 25_19 25_20 25_21 25_22 25_23 26_11 26_12 26_13 26_14 26_15 26_16 26_17 26_18 26_19 26_20 26_21 26_22 26_23 27_16 27_17 28_16 28_17 29_16 29_17 2_10 2_11 2_12 2_13 2_14 2_16 2_17 2_18 2_20 2_21 2_22 2_23 2_24 2_25 2_26 2_27 2_29 2_30 2_31 2_7 2_8 2_9 30_16 30_17 31_16 31_17 31_18 3_22 3_23 3_29 3_31 3_7 3_8 4_10 4_11 4_12 4_13 4_14 4_15 4_16 4_22 4_23 4_28 4_29 4_31 4_7 4_8 4_9 5_10 5_11 5_12 5_13 5_14 5_15 5_22 5_23 5_28 5_29 5_31 5_7 5_8 5_9 6_10 6_11 6_22 6_23 6_31 7_10 7_11 7_13 7_14 7_15 7_16 7_17 7_18 7_19 7_20 7_21 7_22 7_23 7_31 7_7 7_8 7_9 8_10 8_11 8_13 8_14 8_15 8_16 8_17 8_18 8_19 8_20 8_21 8_22 8_23 8_31 8_8 8_9 9_13 9_14 9_19 9_20,244,1,3,200,1
mapf-maze-32-32-2-m10-f4,10_10 10_11 10_12 10_13 10_14 10_16 10_17 10_18 10_19 10_20 10_28 10_29 10_30 10_31 10_8 10_9 11_10 11_11 11_12 11_13 11_14 11_16 11_17 11_18 11_19 11_28 11_29 11_30 11_31 11_9 12_31 13_29 13_30 13_31 14_28 14_29 14_30 14_31 15_28 15_29 16_28 16_29 17_28 17_29 18_28 18_29 19_22 19_23 19_24 19_25 19_26 19_27 19_28 19_29 1_10 1_11 1_12 1_13 1_14 1_15 1_16 1_17 1_18 1_19 1_20 1_21 1_22 1_23 1_24 1_25 1_26 1_27 1_28 1_29 1_30 1_31 1_7 1_8 1_9 20_22 20_23 20_24 20_25 20_26 20_27 20_28 20_29 21_14 21_22 22_13 22_14 22_19 22_20 22_22 22_23 23_13 23_14 23_19 23_20 23_22 23_23 24_13 24_14 24_19 24_20 24_22 24_23 25_10 25_11 25_12 25_13 25_14 25_15 25_16 25_17 25_18 25_19 25_20 25_21 25_22 25_23 26_11 26_12 26_13 26_14 26_15 26_16 26_17 26_18 26_19 26_20 26_21 26_22 26_23 27_16 27_17 28_16 28_17 29_16 29_17 2_10 2_11 2_12 2_13 2_14 2_16 2_17 2_18 2_20 2_21 2_22 2_23 2_24 2_25 2_26 2_28 2_29 2_30 2_31 2_7 2_8 2_9 30_16 30_17 31_16 31_17 31_18 3_22 3_23 3_29 3_31 3_7 3_8 4_10 4_11 4_12 4_13 4_14 4_15 4_16 4_22 4_23 4_28 4_29 4_31 4_7 4_8 4_9 5_10 5_11 5_12 5_13 5_14 5_15 5_22 5_23 5_28 5_29 5_31 5_7 5_8 5_9 6_10 6_11 6_22 6_23 6_31 7_10 7_11 7_13 7_14 7_15 7_16 7_17 7_18 7_19 7_20 7_21 7_22 7_23 7_31 7_7 7_8 7_9 8_10 8_11 8_13 8_14 8_15 8_16 8_17 8_18 8_19 8_20 8_21 8_22 8_23 8_31 8_8 8_9 9_13 9_14 9_19 9_20,244,1,3,200,1
mapf-maze-32-32-2-m10-f4,10_10 10_11 10_12 10_13 10_14 10_16 10_17 10_18 10_19 10_20 10_28 10_29 10_30 10_31 10_8 10_9 11_10 11_11 11_12 11_13 11_14 11_16 11_17 11_18 11_19 11_28 11_29 11_30 11_31 11_9 12_31 13_29 13_30 13_31 14_28 14_29 14_30 14_31 15_28 15_29 16_28 16_29 17_28 17_29 18_28 18_29 19_22 19_23 19_24 19_25 19_26 19_27 19_28 19_29 1_10 1_11 1_12 1_13 1_14 1_15 1_16 1_17 1_18 1_19 1_20 1_21 1_22 1_23 1_24 1_25 1_26 1_27 1_28 1_29 1_30 1_31 1_7 1_8 1_9 20_22 20_23 20_24 20_25 20_26 20_27 20_28 20_29 21_14 21_22 22_13 22_14 22_19 22_20 22_22 22_23 23_13 23_14 23_19 23_20 23_22 23_23 24_13 24_14 24_19 24_20 24_22 24_23 25_10 25_11 25_12 25_13 25_14 25_15 25_16 25_17 25_18 25_19 25_20 25_21 25_22 25_23 26_11 26_12 26_13 26_14 26_15 26_16 26_17 26_18 26_19 26_20 26_21 26_22 26_23 27_16 27_17 28_16 28_17 29_16 29_17 2_10 2_11 2_12 2_13 2_14 2_16 2_17 2_18 2_20 2_21 2_22 2_23 2_24 2_25 2_27 2_28 2_29 2_30 2_31 2_7 2_8 2_9 30_16 30_17 31_16 31_17 31_18 3_22 3_23 3_29 3_31 3_7 3_8 4_10 4_11 4_12 4_13 4_14 4_15 4_16 4_22 4_23 4_28 4_29 4_31 4_7 4_8 4_9 5_10 5_11 5_12 5_13 5_14 5_15 5_22 5_23 5_28 5_29 5_31 5_7 5_8 5_9 6_10 6_11 6_22 6_23 6_31 7_10 7_11 7_13 7_14 7_15 7_16 7_17 7_18 7_19 7_20 7_21 7_22 7_23 7_31 7_7 7_8 7_9 8_10 8_11 8_13 8_14 8_15 8_16 8_17 8_18 8_19 8_20 8_21 8_22 8_23 8_31 8_8 8_9 9_13 9_14 9_19 9_20,244,1,3,200,1
mapf-maze-32-32-2-m10-f4,10_10 10_11 10_12 10_13 10_14 10_16 10_17 10_18 10_19 10_20 10_28 10_29 10_30 10_31 10_8 10_9 11_10 11_11 11_12 11_13 11_14 11_16 11_17 11_18 11_19 11_28 11_29 11_30 11_31 11_9 12_31 13_29 13_30 13_31 14_28 14_29 14_30 14_31 15_28 15_29 16_28 16_29 17_28 17_29 18_28 18_29 19_22 19_23 19_24 19_25 19_26 19_27 19_28 19_29 1_10 1_11 1_12 1_13 1_14 1_15 1_16 1_17 1_18 1_19 1_20 1_21 1_22 1_23 1_24 1_25 1_26 1_27 1_28 1_29 1_30 1_31 1_7 1_8 1_9 20_22 20_23 20_24 20_25 20_26 20_27 20_28 20_29 21_14 21_22 22_13 22_14 22_19 22_20 22_22 22_23 23_13 23_14 23_19 23_20 23_22 23_23 24_13 24_14 24_19 24_20 24_22 24_23 25_10 25_11 25_12 25_13 25_14 25_15 25_16 25_17 25_18 25_19 25_20 25_21 25_22 25_23 26_11 26_12 26_13 26_14 26_15 26_16 26_17 26_18 26_19 26_20 26_21 26_22 26_23 27_16 27_17 28_16 28_17 29_16 29_17 2_10 2_11 2_12 2_13 2_14 2_16 2_17 2_18 2_20 2_21 2_22 2_23 2_24 2_26 2_27 2_28 2_29 2_30 2_31 2_7 2_8 2_9 30_16 30_17 31_16 31_17 31_18 3_22 3_23 3_29 3_31 3_7 3_8 4_10 4_11 4_12 4_13 4_14 4_15 4_16 4_22 4_23 4_28 4_29 4_31 4_7 4_8 4_9 5_10 5_11 5_12 5_13 5_14 5_15 5_22 5_23 5_28 5_29 5_31 5_7 5_8 5_9 6_10 6_11 6_22 6_23 6_31 7_10 7_11 7_13 7_14 7_15 7_16 7_17 7_18 7_19 7_20 7_21 7_22 7_23 7_31 7_7 7_8 7_9 8_10 8_11 8_13 8_14 8_15 8_16 8_17 8_18 8_19 8_20 8_21 8_22 8_23 8_31 8_8 8_9 9_13 9_14 9_19 9_20,244,1,3,200,1
mapf-maze-32-32-2-m10-f4,10_10 10_11 10_12 10_13 10_14 10_16 10_17 10_18 10_19 10_20 10_28 10_29 10_30 10_31 10_8 10_9 11_10 11_11 11_12 11_13 11_14 11_16 11_17 11_18 11_19 11_28 11_29 11_30 11_31 11_9 12_31 13_29 13_30 13_31 14_28 14_29 14_30 14_31 15_28 15_29 16_28 16_29 17_28 17_29 18_28 18_29 19_22 19_23 19_24 19_25 19_26 19_27 19_28 19_29 1_10 1_11 1_12 1_13 1_14 1_15 1_16 1_17 1_18 1_19 1_20 1_21 1_22 1_23 1_24 1_25 1_26 1_27 1_28 1_29 1_30 1_31 1_7 1_8 1_9 20_22 20_23 20_24 20_25 20_26 20_27 20_28 20_29 21_14 21_22 22_13 22_14 22_19 22_20 22_22 22_23 23_13 23_14 23_19 23_20 23_22 23_23 24_13 24_14 24_19 24_20 24_22 24_23 25_10 25_11 25_12 25_13 25_14 25_15 25_16 25_17 25_18 25_19 25_20 25_21 25_22 25_23 26_11 26_12 26_13 26_14 26_15 26_16 26_17 26_18 26_19 26_20 26_21 26_22 26_23 27_16 27_17 28_16 28_17 29_16 29_17 2_10 2_11 2_12 2_13 2_14 2_16 2_17 2_18 2_20 2_21 2_22 2_23 2_25 2_26 2_27 2_28 2_29 2_30 2_31 2_7 2_8 2_9 30_16 30_17 31_16 31_17 31_18 3_22 3_23 3_29 3_31 3_7 3_8 4_10 4_11 4_12 4_13 4_14 4_15 4_16 4_22 4_23 4_28 4_29 4_31 4_7 4_8 4_9 5_10 5_11 5_12 5_13 5_14 5_15 5_22 5_23 5_28 5_29 5_31 5_7 5_8 5_9 6_10 6_11 6_22 6_23 6_31 7_10 7_11 7_13 7_14 7_15 7_16 7_17 7_18 7_19 7_20 7_21 7_22 7_23 7_31 7_7 7_8 7_9 8_10 8_11 8_13 8_14 8_15 8_16 8_17 8_18 8_19 8_20 8_21 8_22 8_23 8_31 8_8 8_9 9_13 9_14 9_19 9_20,244,1,3,200,1
mapf-maze-32-32-2-m10-f4,10_10 10_11 10_12 10_13 10_14 10_16 10_17 10_18 10_19 10_20 10_28 10_29 10_30 10_31 10_8 10_9 11_10 11_11 11_12 11_13 11_14 11_16 11_17 11_18 11_19 11_28 11_29 11_30 11_31 11_9 12_31 13_29 13_30 13_31 14_28 14_29 14_30 14_31 15_28 15_29 16_28 16_29 17_28 17_29 18_28 18_29 19_22 19_23 19_24 19_25 19_26 19_27 19_28 19_29 1_10 1_11 1_12 1_13 1_14 1_15 1_16 1_17 1_18 1_19 1_20 1_21 1_22 1_23 1_24 1_25 1_26 1_27 1_28 1_29 1_30 1_31 1_7 1_8 1_9 20_22 20_23 20_24 20_25 20_26 20_27 20_28 20_29 21_14 21_22 22_13 22_14 22_19 22_20 22_22 22_23 23_13 23_14 23_19 23_20 23_22 23_23 24_13 24_14 24_19 24_20 24_22 24_23 25_10 25_11 25_12 25_13 25_14 25_15 25_16 25_17 25_18 25_19 25_20 25_21 25_22 25_23 26_11 26_12 26_13 26_14 26_15 26_16 26_17 26_18 26_19 26_20 26_21 26_22 26_23 27_16 27_17 28_16 28_17 29_16 29_17 2_10 2_11 2_12 2_13 2_14 2_16 2_17 2_18 2_20 2_21 2_22 2_24 2_25 2_26 2_27 2_28 2_29 2_30 2_31 2_7 2_8 2_9 30_16 30_17 31_16 31_17 31_18 3_22 3_23 3_29 3_31 3_7 3_8 4_10 4_11 4_12 4_13 4_14 4_15 4_16 4_22 4_23 4_28 4_29 4_31 4_7 4_8 4_9 5_10 5_11 5_12 5_13 5_14 5_15 5_22 5_23 5_28 5_29 5_31 5_7 5_8 5_9 6_10 6_11 6_22 6_23 6_31 7_10 7_11 7_13 7_14 7_15 7_16 7_17 7_18 7_19 7_20 7_21 7_22 7_23 7_31 7_7 7_8 7_9 8_10 8_11 8_13 8_14 8_15 8_16 8_17 8_18 8_19 8_20 8_21 8_22 8_23 8_31 8_8 8_9 9_13 9_14 9_19 9_20,244,1,3,200,1
mapf-maze-32-32-2-m10-f4,10_10 10_11 10_12 10_13 10_14 10_16 10_17 10_18 10_19 10_20 10_28 10_29 10_30 10_31 10_8 10_9 11_10 11_11 11_12 11_13 11_14 11_16 11_17 11_18 11_19 11_28 11_29 11_30 11_31 11_9 12_31 13_29 13_30 13_31 14_28 14_29 14_30 14_31 15_28 15_29 16_28 16_29 17_28 17_29 18_28 18_29 19_22 19_23 19_24 19_25 19_26 19_27 19_28 19_29 1_10 1_11 1_12 1_13 1_14 1_15 1_16 1_17 1_18 1_19 1_20 1_21 1_22 1_23 1_24 1_25 1_26 1_27 1_28 1_29 1_30 1_31 1_7 1_8 1_9 20_22 20_23 20_24 20_25 20_26 20_27 20_28 20_29 21_14 21_22 22_13 22_14 22_19 22_20 22_22 22_23 23_13 23_14 23_19 23_20 23_22 23_23 24_13 24_14 24_19 24_20 24_22 24_23 25_10 25_11 25_12 25_13 25_14 25_15 25_16 25_17 25_18 25_19 25_20 25_21 25_22 25_23 26_11 26_12 26_13 26_14 26_15 26_16 26_17 26_18 26_19 26_20 26_21 26_22 26_23 27_16 27_17 28_16 28_17 29_16 29_17 2_10 2_11 2_12 2_13 2_14 2_16 2_17 2_18 2_20 2_21 2_23 2_24 2_25 2_26 2_27 2_28 2_29 2_30 2_31 2_7 2_8 2_9 30_16 30_17 31_16 31_17 31_18 3_22 3_23 3_29 3_31 3_7 3_8 4_10 4_11 4_12 4_13 4_14 4_15 4_16 4_22 4_23 4_28 4_29 4_31 4_7 4_8 4_9 5_10 5_11 5_12 5_13 5_14 5_15 5_22 5_23 5_28 5_29 5_31 5_7 5_8 5_9 6_10 6_11 6_22 6_23 6_31 7_10 7_11 7_13 7_14 7_15 7_16 7_17 7_18 7_19 7_20 7_21 7_22 7_23 7_31 7_7 7_8 7_9 8_10 8_11 8_13 8_14 8_15 8_16 8_17 8_18 8_19 8_20 8_21 8_22 8_23 8_31 8_8 8_9 9_13 9_14 9_19 9_20,244,1,3,200,1
mapf-maze-32-32-2-m10-f4,10_10 10_11 10_12 10_13 10_14 10_16 10_17 10_18 10_19 10_20 10_28 10_29 10_30 10_31 10_8 10_9 11_10 11_11 11_12 11_13 11_14 11_16 11_17 11_18 11_19 11_28 11_29 11_30 11_31 11_9 12_31 13_29 13_30 13_31 14_28 14_29 14_30 14_31 15_28 15_29 16_28 16_29 17_28 17_29 18_28 18_29 19_22 19_23 19_24 19_25 19_26 19_27 19_28 19_29 1_10 1_11 1_12 1_13 1_14 1_15 1_16 1_17 1_18 1_19 1_20 1_21 1_22 1_23 1_24 1_25 1_26 1_27 1_28 1_29 1_30 1_31 1_7 1_8 1_9 20_22 20_23 20_24 20_25 20_26 20_27 20_28 20_29 21_14 21_22 22_13 22_14 22_19 22_20 22_22 22_23 23_13 23_14 23_19 23_20 23_22 23_23 24_13 24_14 24_19 24_20 24_22 24_23 25_10 25_11 25_12 25_13 25_14 25_15 25_16 25_17 25_18 25_19 25_20 25_21 25_22 25_23 26_11 26_12 26_13 26_14 26_15 26_16 26_17 26_18 26_19 26_20 26_21 26_22 26_23 27_16 27_17 28_16 28_17 29_16 29_17 2_10 2_11 2_12 2_13 2_14 2_16 2_17 2_18 2_20 2_22 2_23 2_24 2_25 2_26 2_27 2_28 2_29 2_30 2_31 2_7 2_8 2_9 30_16 30_17 31_16 31_17 31_18 3_22 3_23 3_29 3_31 3_7 3_8 4_10 4_11 4_12 4_13 4_14 4_15 4_16 4_22 4_23 4_28 4_29 4_31 4_7 4_8 4_9 5_10 5_11 5_12 5_13 5_14 5_15 5_22 5_23 5_28 5_29 5_31 5_7 5_8 5_9 6_10 6_11 6_22 6_23 6_31 7_10 7_11 7_13 7_14 7_15 7_16 7_17 7_18 7_19 7_20 7_21 7_22 7_23 7_31 7_7 7_8 7_9 8_10 8_11 8_13 8_14 8_15 8_16 8_17 8_18 8_19 8_20 8_21 8_22 8_23 8_31 8_8 8_9 9_13 9_14 9_19 9_20,244,1,3,200,1
mapf-maze-32-32-2-m10-f4,10_10 10_11 10_12 10_13 10_14 10_16 10_17 10_18 10_19 10_20 10_28 10_29 10_30 10_31 10_8 10_9 11_10 11_11 11_12 11_13 11_14 11_16 11_17 11_18 11_19 11_28 11_29 11_30 11_31 11_9 12_31 13_29 13_30 13_31 14_28 14_29 14_30 14_31 15_28 15_29 16_28 16_29 17_28 17_29 18_28 18_29 19_22 19_23 19_24 19_25 19_26 19_27 19_28 19_29 1_10 1_11 1_12 1_13 1_14 1_15 1_16 1_17 1_18 1_19 1_20 1_21 1_22 1_23 1_24 1_25 1_26 1_27 1_28 1_29 1_30 1_31 1_7 1_8 1_9 20_22 20_23 20_24 20_25 20_26 20_27 20_28 20_29 21_14 21_22 22_13 22_14 22_19 22_20 22_22 22_23 23_13 23_14 23_19 23_20 23_22 23_23 24_13 24_14 24_19 24_20 24_22 24_23 25_10 25_11 25_12 25_13 25_14 25_15 25_16 25_17 25_18 25_19 25_20 25_21 25_22 25_23 26_11 26_12 26_13 26_14 26_15 26_16 26_17 26_18 26_19 26_20 26_21 26_22 26_23 27_16 27_17 28_16 28_17 29_16 29_17 2_10 2_11 2_12 2_13 2_14 2_16 2_17 2_18 2_21 2_22 2_23 2_24 2_25 2_26 2_27 2_28 2_29 2_30 2_31 2_7 2_8 2_9 30_16 30_17 31_16 31_17 31_18 3_22 3_23 3_29 3_31 3_7 3_8 4_10 4_11 4_12 4_13 4_14 4_15 4_16 4_22 4_23 4_28 4_29 4_31 4_7 4_8 4_9 5_10 5_11 5_12 5_13 5_14 5_15 5_22 5_23 5_28 5_29 5_31 5_7 5_8 5_9 6_10 6_11 6_22 6_23 6_31 7_10 7_11 7_13 7_14 7_15 7_16 7_17 7_18 7_19 7_20 7_21 7_22 7_23 7_31 7_7 7_8 7_9 8_10 8_11 8_13 8_14 8_15 8_16 8_17 8_18 8_19 8_20 8_21 8_22 8_23 8_31 8_8 8_9 9_13 9_14 9_19 9_20,244,2,4,200,1
mapf-maze-32-32-2-m10-f4,10_10 10_11 10_12 10_13 10_14 10_16 10_17 10_18 10_19 10_20 10_28 10_29 10_30 10_31 10_8 10_9 11_10 11_11 11_12 11_13 11_14 11_16 11_17 11_18 11_19 11_28 11_29 11_30 11_31 11_9 12_31 13_29 13_30 13_31 14_28 14_29 14_30 14_31 15_28 15_29 16_28 16_29 17_28 17_29 18_28 18_29 19_22 19_23 19_24 19_25 19_26 19_27 19_28 19_29 1_10 1_11 1_12 1_13 1_14 1_15 1_16 1_17 1_18 1_19 1_20 1_21 1_22 1_23 1_24 1_25 1_26 1_27 1_28 1_29 1_30 1_31 1_7 1_8 1_9 20_22 20_23 20_24 20_25 20_26 20_27 20_28 20_29 21_14 21_22 22_13 22_14 22_19 22_20 22_22 22_23 23_13 23_14 23_19 23_20 23_22 23_23 24_13 24_14 24_19 24_20 24_22 24_23 25_10 25_11 25_12 25_13 25_14 25_15 25_16 25_17 25_18 25_19 25_20 25_21 25_22 25_23 26_11 26_12 26_13 26_14 26_15 26_16 26_17 26_18 26_19 26_20 26_21 26_22 26_23 27_16 27_17 28_16 28_17 29_16 29_17 2_10 2_11 2_12 2_13 2_14 2_16 2_17 2_20 2_21 2_22 2_23 2_24 2_25 2_26 2_27 2_28 2_29 2_30 2_31 2_7 2_8 2_9 30_16 30_17 31_16 31_17 31_18 3_22 3_23 3_29 3_31 3_7 3_8 4_10 4_11 4_12 4_13 4_14 4_15 4_16 4_22 4_23 4_28 4_29 4_31 4_7 4_8 4_9 5_10 5_11 5_12 5_13 5_14 5_15 5_22 5_23 5_28 5_29 5_31 5_7 5_8 5_9 6_10 6_11 6_22 6_23 6_31 7_10 7_11 7_13 7_14 7_15 7_16 7_17 7_18 7_19 7_20 7_21 7_22 7_23 7_31 7_7 7_8 7_9 8_10 8_11 8_13 8_14 8_15 8_16 8_17 8_18 8_19 8_20 8_21 8_22 8_23 8_31 8_8 8_9 9_13 9_14 9_19 9_20,244,2,4,200,1
mapf-maze-32-32-2-m10-f4,10_10 10_11 10_12 10_13 10_14 10_16 10_17 10_18 10_19 10_20 10_28 10_29 10_30 10_31 10_8 10_9 11_10 11_11 11_12 11_13 11_14 11_16 11_17 11_18 11_19 11_28 11_29 11_30 11_31 11_9 12_31 13_29 13_30 13_31 14_28 14_29 14_30 14_31 15_28 15_29 16_28 16_29 17_28 17_29 18_28 18_29 19_22 19_23 19_24 19_25 19_26 19_27 19_28 19_29 1_10 1_11 1_12 1_13 1_14 1_15 1_16 1_17 1_18 1_19 1_20 1_21 1_22 1_23 1_24 1_25 1_26 1_27 1_28 1_29 1_30 1_31 1_7 1_8 1_9 20_22 20_23 20_24 20_25 20_26 20_27 20_28 20_29 21_14 21_22 22_13 22_14 22_19 22_20 22_22 22_23 23_13 23_14 23_19 23_20 23_22 23_23 24_13 24_14 24_19 24_20 24_22 24_23 25_10 25_11 25_12 25_13 25_14 25_15 25_16 25_17 25_18 25_19 25_20 25_21 25_22 25_23 26_11 26_12 26_13 26_14 26_15 26_16 26_17 26_18 26_19 26_20 26_21 26_22 26_23 27_16 27_17 28_16 28_17 29_16 29_17 2_10 2_11 2_12 2_13 2_14 2_16 2_18 2_20 2_21 2_22 2_23 2_24 2_25 2_26 2_27 2_28 2_29 2_30 2_31 2_7 2_8 2_9 30_16 30_17 31_16 31_17 31_18 3_22 3_23 3_29 3_31 3_7 3_8 4_10 4_11 4_12 4_13 4_14 4_15 4_16 4_22 4_23 4_28 4_29 4_31 4_7 4_8 4_9 5_10 5_11 5_12 5_13 5_14 5_15 5_22 5_23 5_28 5_29 5_31 5_7 5_8 5_9 6_10 6_11 6_22 6_23 6_31 7_10 7_11 7_13 7_14 7_15 7_16 7_17 7_18 7_19 7_20 7_21 7_22 7_23 7_31 7_7 7_8 7_9 8_10 8_11 8_13 8_14 8_15 8_16 8_17 8_18 8_19 8_20 8_21 8_22 8_23 8_31 8_8 8_9 9_13 9_14 9_19 9_20,244,5,7,200,1
mapf-maze-32-32-2-m10-f4,10_10 10_11 10_12 10_13 10_14 10_16 10_17 10_18 10_19 10_20 10_28 10_29 10_30 10_31 10_8 10_9 11_10 11_11 11_12 11_13 11_14 11_16 11_17 11_18 11_19 11_28 11_29 11_30 11_31 11_9 12_31 13_29 13_30 13_31 14_28 14_29 14_30 14_31 15_28 15_29 16_28 16_29 17_28 17_29 18_28 18_29 19_22 19_23 19_24 19_25 19_26 19_27 19_28 19_29 1_10 1_11 1_12 1_13 1_14 1_15 1_16 1_17 1_18 1_19 1_20 1_21 1_22 1_23 1_24 1_25 1_26 1_27 1_28 1_29 1_30 1_31 1_7 1_8 1_9 20_22 20_23 20_24 20_25 20_26 20_27 20_28 20_29 21_14 21_22 22_13 22_14 22_19 22_20 22_22 22_23 23_13 23_14 23_19 23_20 23_22 23_23 24_13 24_14 24_19 24_20 24_22 24_23 25_10 25_11 25_12 25_13 25_14 25_15 25_16 25_17 25_18 25_19 25_20 25_21 25_22 25_23 26_11 26_12 26_13 26_14 26_15 26_16 26_17 26_18 26_19 26_20 26_21 26_22 26_23 27_16 27_17 28_16 28_17 29_16 29_17 2_10 2_11 2_12 2_13 2_14 2_17 2_18 2_20 2_21 2_22 2_23 2_24 2_25 2_26 2_27 2_28 2_29 2_30 2_31 2_7 2_8 2_9 30_16 30_17 31_16 31_17 31_18 3_22 3_23 3_29 3_31 3_7 3_8 4_10 4_11 4_12 4_13 4_14 4_15 4_16 4_22 4_23 4_28 4_29 4_31 4_7 4_8 4_9 5_10 5_11 5_12 5_13 5_14 5_15 5_22 5_23 5_28 5_29 5_31 5_7 5_8 5_9 6_10 6_11 6_22 6_23 6_31 7_10 7_11 7_13 7_14 7_15 7_16 7_17 7_18 7_19 7_20 7_21 7_22 7_23 7_31 7_7 7_8 7_9 8_10 8_11 8_13 8_14 8_15 8_16 8_17 8_18 8_19 8_20 8_21 8_22 8_23 8_31 8_8 8_9 9_13 9_14 9_19 9_20,244,5,7,200,1
mapf-maze-32-32-2-m10-f4,10_10 10_11 10_12 10_13 10_14 10_16 10_17 10_18 10_19 10_20 10_28 10_29 10_30 10_31 10_8 10_9 11_10 11_11 11_12 11_13 11_14 11_16 11_17 11_18 11_19 11_28 11_29 11_30 11_31 11_9 12_31 13_29 13_30 13_31 14_28 14_29 14_30 14_31 15_28 15_29 16_28 16_29 17_28 17_29 18_28 18_29 19_22 19_23 19_24 19_25 19_26 19_27 19_28 19_29 1_10 1_11 1_12 1_13 1_14 1_15 1_16 1_17 1_18 1_19 1_20 1_21 1_22 1_23 1_24 1_25 1_26 1_28 1_29 1_30 1_31 1_7 1_8 1_9 20_22 20_23 20_24 20_25 20_26 20_27 20_28 20_29 21_14 21_22 22_13 22_14 22_19 22_20 22_22 22_23 23_13 23_14 23_19 23_20 23_22 23_23 24_13 24_14 24_19 24_20 24_22 24_23 25_10 25_11 25_12 25_13 25_14 25_15 25_16 25_17 25_18 25_19 25_20 25_21 25_22 25_23 26_11 26_12 26_13 26_14 26_15 26_16 26_17 26_18 26_19 26_20 26_21 26_22 26_23 27_16 27_17 28_16 28_17 29_16 29_17 2_10 2_11 2_12 2_13 2_14 2_16 2_17 2_18 2_20 2_21 2_22 2_23 2_24 2_25 2_26 2_27 2_28 2_29 2_30 2_31 2_7 2_8 2_9 30_16 30_17 31_16 31_17 31_18 3_22 3_23 3_29 3_31 3_7 3_8 4_10 4_11 4_12 4_13 4_14 4_15 4_16 4_22 4_23 4_28 4_29 4_31 4_7 4_8 4_9 5_10 5_11 5_12 5_13 5_14 5_15 5_22 5_23 5_28 5_29 5_31 5_7 5_8 5_9 6_10 6_11 6_22 6_23 6_31 7_10 7_11 7_13 7_14 7_15 7_16 7_17 7_18 7_19 7_20 7_21 7_22 7_23 7_31 7_7 7_8 7_9 8_10 8_11 8_13 8_14 8_15 8_16 8_17 8_18 8_19 8_20 8_21 8_22 8_23 8_31 8_8 8_9 9_13 9_14 9_19 9_20,244,2,4,200,1
mapf-maze-32-32-2-m10-f4,10_10 10_11 10_12 10_13 10_14 10_16 10_17 10_18 10_19 10_20 10_28 10_29 10_30 10_31 10_8 10_9 11_10 11_11 11_12 11_13 11_14 11_16 11_17 11_18 11_19 11_28 11_29 11_30 11_31 11_9 12_31 13_29 13_30 13_31 14_28 14_29 14_30 14_31 15_28 15_29 16_28 16_29 17_28 17_29 18_28 18_29 19_22 19_23 19_24 19_25 19_26 19_27 19_28 19_29 1_10 1_11 1_12 1_13 1_14 1_15 1_16 1_17 1_18 1_19 1_20 1_21 1_22 1_23 1_24 1_25 1_27 1_28 1_29 1_30 1_31 1_7 1_8 1_9 20_22 20_23 20_24 20_25 20_26 20_27 20_28 20_29 21_14 21_22 22_13 22_14 22_19 22_20 22_22 22_23 23_13 23_14 23_19 23_20 23_22 23_23 24_13 24_14 24_19 24_20 24_22 24_23 25_10 25_11 25_12 25_13 25_14 25_15 25_16 25_17 25_18 25_19 25_20 25_21 25_22 25_23 26_11 26_12 26_13 26_14 26_15 26_16 26_17 26_18 26_19 26_20 26_21 26_22 26_23 27_16 27_17 28_16 28_17 29_16 29_17 2_10 2_11 2_12 2_13 2_14 2_16 2_17 2_18 2_20 2_21 2_22 2_23 2_24 2_25 2_26 2_27 2_28 2_29 2_30 2_31 2_7 2_8 2_9 30_16 30_17 31_16 31_17 31_18 3_22 3_23 3_29 3_31 3_7 3_8 4_10 4_11 4_12 4_13 4_14 4_15 4_16 4_22 4_23 4_28 4_29 4_31 4_7 4_8 4_9 5_10 5_11 5_12 5_13 5_14 5_15 5_22 5_23 5_28 5_29 5_31 5_7 5_8 5_9 6_10 6_11 6_22 6_23 6_31 7_10 7_11 7_13 7_14 7_15 7_16 7_17 7_18 7_19 7_20 7_21 7_22 7_23 7_31 7_7 7_8 7_9 8_10 8_11 8_13 8_14 8_15 8_16 8_17 8_18 8_19 8_20 8_21 8_22 8_23 8_31 8_8 8_9 9_13 9_14 9_19 9_20,244,2,4,200,1
mapf-maze-32-32-2-m10-f4,10_10 10_11 10_12 10_13 10_14 10_16 10_17 10_18 10_19 10_20 10_28 10_29 10_30 10_31 10_8 10_9 11_10 11_11 11_12 11_13 11_14 11_16 11_17 11_18 11_19 11_28 11_29 11_30 11_31 11_9 12_31 13_29 13_30 13_31 14_28 14_29 14_30 14_31 15_28 15_29 16_28 16_29 17_28 17_29 18_28 18_29 19_22 19_23 19_24 19_25 19_26 19_27 19_28 19_29 1_10 1_11 1_12 1_13 1_14 1_15 1_16 1_17 1_18 1_19 1_20 1_21 1_22 1_23 1_24 1_26 1_27 1_28 1_29 1_30 1_31 1_7 1_8 1_9 20_22 20_23 20_24 20_25 20_26 20_27 20_28 20_29 21_14 21_22 22_13 22_14 22_19 22_20 22_22 22_23 23_13 23_14 23_19 23_20 23_22 23_23 24_13 24_14 24_19 24_20 24_22 24_23 25_10 25_11 25_12 25_13 25_14 25_15 25_16 25_17 25_18 25_19 25_20 25_21 25_22 25_23 26_11 26_12 26_13 26_14 26_15 26_16 26_17 26_18 26_19 26_20 26_21 26_22 26_23 27_16 27_17 28_16 28_17 29_16 29_17 2_10 2_11 2_12 2_13 2_14 2_16 2_17 2_18 2_20 2_21 2_22 2_23 2_24 2_25 2_26 2_27 2_28 2_29 2_30 2_31 2_7 2_8 2_9 30_16 30_17 31_16 31_17 31_18 3_22 3_23 3_29 3_31 3_7 3_8 4_10 4_11 4_12 4_13 4_14 4_15 4_16 4_22 4_23 4_28 4_29 4_31 4_7 4_8 4_9 5_10 5_11 5_12 5_13 5_14 5_15 5_22 5_23 5_28 5_29 5_31 5_7 5_8 5_9 6_10 6_11 6_22 6_23 6_31 7_10 7_11 7_13 7_14 7_15 7_16 7_17 7_18 7_19 7_20 7_21 7_22 7_23 7_31 7_7 7_8 7_9 8_10 8_11 8_13 8_14 8_15 8_16 8_17 8_18 8_19 8_20 8_21 8_22 8_23 8_31 8_8 8_9 9_13 9_14 9_19 9_20,244,2,4,200,1
mapf-maze-32-32-2-m10-f4,10_10 10_11 10_12 10_13 10_14 10_16 10_17 10_18 10_19 10_20 10_28 10_29 10_30 10_31 10_8 10_9 11_10 11_11 11_12 11_13 11_14 11_16 11_17 11_18 11_19 11_28 11_29 11_30 11_31 11_9 12_31 13_29 13_30 13_31 14_28 14_29 14_30 14_31 15_28 15_29 16_28 16_29 17_28 17_29 18_28 18_29 19_22 19_23 19_24 19_25 19_26 19_27 19_28 19_29 1_10 1_11 1_12 1_13 1_14 1_15 1_16 1_17 1_18 1_19 1_20 1_21 1_22 1_23 1_25 1_26 1_27 1_28 1_29 1_30 1_31 1_7 1_8 1_9 20_22 20_23 20_24 20_25 20_26 20_27 20_28 20_29 21_14 21_22 22_13 22_14 22_19 22_20 22_22 22_23 23_13 23_14 23_19 23_20 23_22 23_23 24_13 24_14 24_19 24_20 24_22 24_23 25_10 25_11 25_12 25_13 25_14 25_15 25_16 25_17 25_18 25_19 25_20 25_21 25_22 25_23 26_11 26_12 26_13 26_14 26_15 26_16 26_17 26_18 26_19 26_20 26_21 26_22 26_23 27_16 27_17 28_16 28_17 29_16 29_17 2_10 2_11 2_12 2_13 2_14 2_16 2_17 2_18 2_20 2_21 2_22 2_23 2_24 2_25 2_26 2_27 2_28 2_29 2_30 2_31 2_7 2_8 2_9 30_16 30_17 31_16 31_17 31_18 3_22 3_23 3_29 3_31 3_7 3_8 4_10 4_11 4_12 4_13 4_14 4_15 4_16 4_22 4_23 4_28 4_29 4_31 4_7 4_8 4_9 5_10 5_11 5_12 5_13 5_14 5_15 5_22 5_23 5_28 5_29 5_31 5_7 5_8 5_9 6_10 6_11 6_22 6_23 6_31 7_10 7_11 7_13 7_14 7_15 7_16 7_17 7_18 7_19 7_20 7_21 7_22 7_23 7_31 7_7 7_8 7_9 8_10 8_11 8_13 8_14 8_15 8_16 8_17 8_18 8_19 8_20 8_21 8_22 8_23 8_31 8_8 8_9 9_13 9_14 9_19 9_20,244,2,4,200,1
mapf-maze-32-32-2-m10-f4,10_10 10_11 10_12 10_13 10_14 10_16 10_17 10_18 10_19 10_20 10_28 10_29 10_30 10_31 10_8 10_9 11_10 11_11 11_12 11_13 11_14 11_16 11_17 11_18 11_19 11_28 11_29 11_30 11_31 11_9 12_31 13_29 13_30 13_31 14_28 14_29 14_30 14_31 15_28 15_29 16_28 16_29 17_28 17_29 18_28 18_29 19_22 19_23 19_24 19_25 19_26 19_27 19_28 19_29 1_10 1_11 1_12 1_13 1_14 1_15 1_16 1_17 1_18 1_19 1_20 1_21 1_22 1_24 1_25 1_26 1_27 1_28 1_29 1_30 1_31 1_7 1_8 1_9 20_22 20_23 20_24 20_25 20_26 20_27 20_28 20_29 21_14 21_22 22_13 22_14 22_19 22_20 22_22 22_23 23_13 23_14 23_19 23_20 23_22 23_23 24_13 24_14 24_19 24_20 24_22 24_23 25_10 25_11 25_12 25_13 25_14 25_15 25_16 25_17 25_18 25_19 25_20 25_21 25_22 25_23 26_11 26_12 26_13 26_14 26_15 26_16 26_17 26_18 26_19 26_20 26_21 26_22 26_23 27_16 27_17 28_16 28_17 29_16 29_17 2_10 2_11 2_12 2_13 2_14 2_16 2_17 2_18 2_20 2_21 2_22 2_23 2_24 2_25 2_26 2_27 2_28 2_29 2_30 2_31 2_7 2_8 2_9 30_16 30_17 31_16 31_17 31_18 3_22 3_23 3_29 3_31 3_7 3_8 4_10 4_11 4_12 4_13 4_14 4_15 4_16 4_22 4_23 4_28 4_29 4_31 4_7 4_8 4_9 5_10 5_11 5_12 5_13 5_14 5_15 5_22 5_23 5_28 5_29 5_31 5_7 5_8 5_9 6_10 6_11 6_22 6_23 6_31 7_10 7_11 7_13 7_14 7_15 7_16 7_17 7_18 7_19 7_20 7_21 7_22 7_23 7_31 7_7 7_8 7_9 8_10 8_11 8_13 8_14 8_15 8_16 8_17 8_18 8_19 8_20 8_21 8_22 8_23 8_31 8_8 8_9 9_13 9_14 9_19 9_20,244,2,4,200,1
mapf-maze-32-32-2-m10-f4,10_10 10_11 10_12 10_13 10_14 10_16 10_17 10_18 10_19 10_20 10_28 10_29 10_30 10_31 10_8 10_9 11_10 11_11 11_12 11_13 11_14 11_16 11_17 11_18 11_19 11_28 11_29 11_30 11_31 11_9 12_31 13_29 13_30 13_31 14_28 14_29 14_30 14_31 15_28 15_29 16_28 16_29 17_28 17_29 18_28 18_29 19_22 19_23 19_24 19_25 19_26 19_27 19_28 19_29 1_10 1_11 1_12 1_13 1_14 1_15 1_16 1_17 1_18 1_19 1_20 1_21 1_23 1_24 1_25 1_26 1_27 1_28 1_29 1_30 1_31 1_7 1_8 1_9 20_22 20_23 20_24 20_25 20_26 20_27 20_28 20_29 21_14 21_22 22_13 22_14 22_19 22_20 22_22 22_23 23_13 23_14 23_19 23_20 23_22 23_23 24_13 24_14 24_19 24_20 24_22 24_23 25_10 25_11 25_12 25_13 25_14 25_15 25_16 25_17 25_18 25_19 25_20 25_21 25_22 25_23 26_11 26_12 26_13 26_14 26_15 26_16 26_17 26_18 26_19 26_20 26_21 26_22 26_23 27_16 27_17 28_16 28_17 29_16 29_17 2_10 2_11 2_12 2_13 2_14 2_16 2_17 2_18 2_20 2_21 2_22 2_23 2_24 2_25 2_26 2_27 2_28 2_29 2_30 2_31 2_7 2_8 2_9 30_16 30_17 31_16 31_17 31_18 3_22 3_23 3_29 3_31 3_7 3_8 4_10 4_11 4_12 4_13 4_14 4_15 4_16 4_22 4_23 4_28 4_29 4_31 4_7 4_8 4_9 5_10 5_11 5_12 5_13 5_14 5_15 5_22 5_23 5_28 5_29 5_31 5_7 5_8 5_9 6_10 6_11 6_22 6_23 6_31 7_10 7_11 7_13 7_14 7_15 7_16 7_17 7_18 7_19 7_20 7_21 7_22 7_23 7_31 7_7 7_8 7_9 8_10 8_11 8_13 8_14 8_15 8_16 8_17 8_18 8_19 8_20 8_21 8_22 8_23 8_31 8_8 8_9 9_13 9_14 9_19 9_20,244,2,4,200,1
mapf-maze-32-32-2-m10-f4,10_10 10_11 10_12 10_13 10_14 10_16 10_17 10_18 10_19 10_20 10_28 10_29 10_30 10_31 10_8 10_9 11_10 11_11 11_12 11_13 11_14 11_16 11_17 11_18 11_19 11_28 11_29 11_30 11_31 11_9 12_31 13_29 13_30 13_31 14_28 14_29 14_30 14_31 15_28 15_29 16_28 16_29 17_28 17_29 18_28 18_29 19_22 19_23 19_24 19_25 19_26 19_27 19_28 19_29 1_10 1_11 1_12 1_13 1_14 1_15 1_16 1_17 1_18 1_19 1_20 1_22 1_23 1_24 1_25 1_26 1_27 1_28 1_29 1_30 1_31 1_7 1_8 1_9 20_22 20_23 20_24 20_25 20_26 20_27 20_28 20_29 21_14 21_22 22_13 22_14 22_19 22_20 22_22 22_23 23_13 23_14 23_19 23_20 23_22 23_23 24_13 24_14 24_19 24_20 24_22 24_23 25_10 25_11 25_12 25_13 25_14 25_15 25_16 25_17 25_18 25_19 25_20 25_21 25_22 25_23 26_11 26_12 26_13 26_14 26_15 26_16 26_17 26_18 26_19 26_20 26_21 26_22 26_23 27_16 27_17 28_16 28_17 29_16 29_17 2_10 2_11 2_12 2_13 2_14 2_16 2_17 2_18 2_20 2_21 2_22 2_23 2_24 2_25 2_26 2_27 2_28 2_29 2_30 2_31 2_7 2_8 2_9 30_16 30_17 31_16 31_17 31_18 3_22 3_23 3_29 3_31 3_7 3_8 4_10 4_11 4_12 4_13 4_14 4_15 4_16 4_22 4_23 4_28 4_29 4_31 4_7 4_8 4_9 5_10 5_11 5_12 5_13 5_14 5_15 5_22 5_23 5_28 5_29 5_31 5_7 5_8 5_9 6_10 6_11 6_22 6_23 6_31 7_10 7_11 7_13 7_14 7_15 7_16 7_17 7_18 7_19 7_20 7_21 7_22 7_23 7_31 7_7 7_8 7_9 8_10 8_11 8_13 8_14 8_15 8_16 8_17 8_18 8_19 8_20 8_21 8_22 8_23 8_31 8_8 8_9 9_13 9_14 9_19 9_20,244,2,4,200,1
mapf-maze-32-32-2-m10-f4,10_10 10_11 10_12 10_13 10_14 10_16 10_17 10_18 10_19 10_20 10_28 10_29 10_30 10_31 10_8 10_9 11_10 11_11 11_12 11_13 11_14 11_16 11_17 11_18 11_19 11_28 11_29 11_30 11_31 11_9 12_31 13_29 13_30 13_31 14_28 14_29 14_30 14_31 15_28 15_29 16_28 16_29 17_28 17_29 18_28 18_29 19_22 19_23 19_24 19_25 19_26 19_27 19_28 19_29 1_10 1_11 1_12 1_13 1_14 1_15 1_16 1_17 1_18 1_19 1_21 1_22 1_23 1_24 1_25 1_26 1_27 1_28 1_29 1_30 1_31 1_7 1_8 1_9 20_22 20_23 20_24 20_25 20_26 20_27 20_28 20_29 21_14 21_22 22_13 22_14 22_19 22_20 22_22 22_23 23_13 23_14 23_19 23_20 23_22 23_23 24_13 24_14 24_19 24_20 24_22 24_23 25_10 25_11 25_12 25_13 25_14 25_15 25_16 25_17 25_18 25_19 25_20 25_21 25_22 25_23 26_11 26_12 26_13 26_14 26_15 26_16 26_17 26_18 26_19 26_20 26_21 26_22 26_23 27_16 27_17 28_16 28_17 29_16 29_17 2_10 2_11 2_12 2_13 2_14 2_16 2_17 2_18 2_20 2_21 2_22 2_23 2_24 2_25 2_26 2_27 2_28 2_29 2_30 2_31 2_7 2_8 2_9 30_16 30_17 31_16 31_17 31_18 3_22 3_23 3_29 3_31 3_7 3_8 4_10 4_11 4_12 4_13 4_14 4_15 4_16 4_22 4_23 4_28 4_29 4_31 4_7 4_8 4_9 5_10 5_11 5_12 5_13 5_14 5_15 5_22 5_23 5_28 5_29 5_31 5_7 5_8 5_9 6_10 6_11 6_22 6_23 6_31 7_10 7_11 7_13 7_14 7_15 7_16 7_17 7_18 7_19 7_20 7_21 7_22 7_23 7_31 7_7 7_8 7_9 8_10 8_11 8_13 8_14 8_15 8_16 8_17 8_18 8_19 8_20 8_21 8_22 8_23 8_31 8_8 8_9 9_13 9_14 9_19 9_20,244,2,4,200,1
mapf-maze-32-32-2-m10-f4,10_10 10_11 10_12 10_13 10_14 10_16 10_17 10_18 10_19 10_20 10_28 10_29 10_30 10_31 10_8 10_9 11_10 11_11 11_12 11_13 11_14 11_16 11_17 11_18 11_19 11_28 11_29 11_30 11_31 11_9 12_31 13_29 13_30 13_31 14_28 14_29 14_30 14_31 15_28 15_29 16_28 16_29 17_28 17_29 18_28 18_29 19_22 19_23 19_24 19_25 19_26 19_27 19_28 19_29 1_10 1_11 1_12 1_13 1_14 1_15 1_16 1_17 1_18 1_20 1_21 1_22 1_23 1_24 1_25 1_26 1_27 1_28 1_29 1_30 1_31 1_7 1_8 1_9 20_22 20_23 20_24 20_25 20_26 20_27 20_28 20_29 21_14 21_22 22_13 22_14 22_19 22_20 22_22 22_23 23_13 23_14 23_19 23_20 23_22 23_23 24_13 24_14 24_19 24_20 24_22 24_23 25_10 25_11 25_12 25_13 25_14 25_15 25_16 25_17 25_18 25_19 25_20 25_21 25_22 25_23 26_11 26_12 26_13 26_14 26_15 26_16 26_17 26_18 26_19 26_20 26_21 26_22 26_23 27_16 27_17 28_16 28_17 29_16 29_17 2_10 2_11 2_12 2_13 2_14 2_16 2_17 2_18 2_20 2_21 2_22 2_23 2_24 2_25 2_26 2_27 2_28 2_29 2_30 2_31 2_7 2_8 2_9 30_16 30_17 31_16 31_17 31_18 3_22 3_23 3_29 3_31 3_7 3_8 4_10 4_11 4_12 4_13 4_14 4_15 4_16 4_22 4_23 4_28 4_29 4_31 4_7 4_8 4_9 5_10 5_11 5_12 5_13 5_14 5_15 5_22 5_23 5_28 5_29 5_31 5_7 5_8 5_9 6_10 6_11 6_22 6_23 6_31 7_10 7_11 7_13 7_14 7_15 7_16 7_17 7_18 7_19 7_20 7_21 7_22 7_23 7_31 7_7 7_8 7_9 8_10 8_11 8_13 8_14 8_15 8_16 8_17 8_18 8_19 8_20 8_21 8_22 8_23 8_31 8_8 8_9 9_13 9_14 9_19 9_20,244,2,4,200,1
mapf-maze-32-32-2-m10-f4,10_10 10_11 10_12 10_13 10_14 10_16 10_17 10_18 10_19 10_20 10_28 10_29 10_30 10_31 10_8 10_9 11_10 11_11 11_12 11_13 11_14 11_16 11_17 11_18 11_19 11_28 11_29 11_30 11_31 11_9 12_31 13_29 13_30 13_31 14_28 14_29 14_30 14_31 15_28 15_29 16_28 16_29 17_28 17_29 18_28 18_29 19_22 19_23 19_24 19_25 19_26 19_27 19_28 19_29 1_10 1_11 1_12 1_13 1_14 1_15 1_16 1_17 1_19 1_20 1_21 1_22 1_23 1_24 1_25 1_26 1_27 1_28 1_29 1_30 1_31 1_7 1_8 1_9 20_22 20_23 20_24 20_25 20_26 20_27 20_28 20_29 21_14 21_22 22_13 22_14 22_19 22_20 22_22 22_23 23_13 23_14 23_19 23_20 23_22 23_23 24_13 24_14 24_19 24_20 24_22 24_23 25_10 25_11 25_12 25_13 25_14 25_15 25_16 25_17 25_18 25_19 25_20 25_21 25_22 25_23 26_11 26_12 26_13 26_14 26_15 26_16 26_17 26_18 26_19 26_20 26_21 26_22 26_23 27_16 27_17 28_16 28_17 29_16 29_17 2_10 2_11 2_12 2_13 2_14 2_16 2_17 2_18 2_20 2_21 2_22 2_23 2_24 2_25 2_26 2_27 2_28 2_29 2_30 2_31 2_7 2_8 2_9 30_16 30_17 31_16 31_17 31_18 3_22 3_23 3_29 3_31 3_7 3_8 4_10 4_11 4_12 4_13 4_14 4_15 4_16 4_22 4_23 4_28 4_29 4_31 4_7 4_8 4_9 5_10 5_11 5_12 5_13 5_14 5_15 5_22 5_23 5_28 5_29 5_31 5_7 5_8 5_9 6_10 6_11 6_22 6_23 6_31 7_10 7_11 7_13 7_14 7_15 7_16 7_17 7_18 7_19 7_20 7_21 7_22 7_23 7_31 7_7 7_8 7_9 8_10 8_11 8_13 8_14 8_15 8_16 8_17 8_18 8_19 8_20 8_21 8_22 8_23 8_31 8_8 8_9 9_13 9_14 9_19 9_20,244,2,4,200,1
mapf-maze-32-32-2-m10-f4,10_10 10_11 10_12 10_13 10_14 10_16 10_17 10_18 10_19 10_20 10_28 10_29 10_30 10_31 10_8 10_9 11_10 11_11 11_12 11_13 11_14 11_16 11_17 11_18 11_19 11_28 11_29 11_30 11_31 11_9 12_31 13_29 13_30 13_31 14_28 14_29 14_30 14_31 15_28 15_29 16_28 16_29 17_28 17_29 18_28 18_29 19_22 19_23 19_24 19_25 19_26 19_27 19_28 19_29 1_10 1_11 1_12 1_13 1_14 1_15 1_16 1_18 1_19 1_20 1_21 1_22 1_23 1_24 1_25 1_26 1_27 1_28 1_29 1_30 1_31 1_7 1_8 1_9 20_22 20_23 20_24 20_25 20_26 20_27 20_28 20_29 21_14 21_22 22_13 22_14 22_19 22_20 22_22 22_23 23_13 23_14 23_19 23_20 23_22 23_23 24_13 24_14 24_19 24_20 24_22 24_23 25_10 25_11 25_12 25_13 25_14 25_15 25_16 25_17 25_18 25_19 25_20 25_21 25_22 25_23 26_11 26_12 26_13 26_14 26_15 26_16 26_17 26_18 26_19 26_20 26_21 26_22 26_23 27_16 27_17 28_16 28_17 29_16 29_17 2_10 2_11 2_12 2_13 2_14 2_16 2_17 2_18 2_20 2_21 2_22 2_23 2_24 2_25 2_26 2_27 2_28 2_29 2_30 2_31 2_7 2_8 2_9 30_16 30_17 31_16 31_17 31_18 3_22 3_23 3_29 3_31 3_7 3_8 4_10 4_11 4_12 4_13 4_14 4_15 4_16 4_22 4_23 4_28 4_29 4_31 4_7 4_8 4_9 5_10 5_11 5_12 5_13 5_14 5_15 5_22 5_23 5_28 5_29 5_31 5_7 5_8 5_9 6_10 6_11 6_22 6_23 6_31 7_10 7_11 7_13 7_14 7_15 7_16 7_17 7_18 7_19 7_20 7_21 7_22 7_23 7_31 7_7 7_8 7_9 8_10 8_11 8_13 8_14 8_15 8_16 8_17 8_18 8_19 8_20 8_21 8_22 8_23 8_31 8_8 8_9 9_13 9_14 9_19 9_20,244,5,7,200,1
mapf-maze-32-32-2-m10-f4,10_10 10_11 10_12 10_13 10_14 10_16 10_17 10_18 10_19 10_20 10_28 10_29 10_30 10_31 10_8 10_9 11_10 11_11 11_12 11_13 11_14 11_16 11_17 11_18 11_19 11_28 11_29 11_30 11_31 11_9 13_28 13_29 13_30 13_31 14_28 14_29 14_30 14_31 15_28 15_29 16_28 16_29 17_28 17_29 18_28 18_29 19_22 19_23 19_24 19_25 19_26 19_27 19_28 19_29 1_10 1_11 1_12 1_13 1_14 1_15 1_16 1_17 1_18 1_20 1_21 1_22 1_23 1_24 1_25 1_26 1_27 1_28 1_29 1_30 1_31 1_7 1_8 1_9 20_22 20_23 20_24 20_25 20_26 20_27 20_28 20_29 21_14 21_22 22_13 22_14 22_19 22_20 22_22 22_23 23_13 23_14 23_19 23_20 23_22 23_23 24_13 24_14 24_19 24_20 24_22 24_23 25_10 25_11 25_12 25_13 25_14 25_15 25_16 25_17 25_18 25_19 25_20 25_21 25_22 25_23 26_11 26_12 26_13 26_14 26_15 26_16 26_17 26_18 26_19 26_20 26_21 26_22 26_23 27_16 27_17 28_16 28_17 29_16 29_17 2_10 2_11 2_12 2_13 2_14 2_16 2_17 2_18 2_20 2_21 2_22 2_23 2_24 2_25 2_26 2_27 2_28 2_29 2_30 2_31 2_7 2_8 2_9 30_16 30_17 31_16 31_17 31_18 3_22 3_23 3_29 3_31 3_7 3_8 4_10 4_11 4_12 4_13 4_14 4_15 4_16 4_22 4_23 4_28 4_29 4_31 4_7 4_8 4_9 5_10 5_11 5_12 5_13 5_14 5_15 5_22 5_23 5_28 5_29 5_31 5_7 5_8 5_9 6_10 6_11 6_22 6_23 6_31 7_10 7_11 7_13 7_14 7_15 7_16 7_17 7_18 7_19 7_20 7_21 7_22 7_23 7_31 7_7 7_8 7_9 8_10 8_11 8_13 8_14 8_15 8_16 8_17 8_18 8_19 8_20 8_21 8_22 8_23 8_31 8_8 8_9 9_13 9_14 9_19 9_20,244,1,1,200,1
mapf-maze-32-32-2-m10-f4,10_10 10_11 10_12 10_13 10_14 10_16 10_17 10_18 10_19 10_20 10_28 10_29 10_30 10_31 10_8 10_9 11_10 11_11 11_12 11_13 11_14 11_16 11_17 11_18 11_19 11_28 11_29 11_30 11_31 11_9 13_28 13_29 13_30 13_31 14_28 14_29 14_30 14_31 15_28 15_29 16_28 16_29 17_28 17_29 18_28 18_29 19_22 19_23 19_24 19_25 19_26 19_27 19_28 19_29 1_10 1_11 1_12 1_13 1_14 1_15 1_16 1_17 1_19 1_20 1_21 1_22 1_23 1_24 1_25 1_26 1_27 1_28 1_29 1_30 1_31 1_7 1_8 1_9 20_22 20_23 20_24 20_25 20_26 20_27 20_28 20_29 21_14 21_22 22_13 22_14 22_19 22_20 22_22 22_23 23_13 23_14 23_19 23_20 23_22 23_23 24_13 24_14 24_19 24_20 24_22 24_23 25_10 25_11 25_12 25_13 25_14 25_15 25_16 25_17 25_18 25_19 25_20 25_21 25_22 25_23 26_11 26_12 26_13 26_14 26_15 26_16 26_17 26_18 26_19 26_20 26_21 26_22 26_23 27_16 27_17 28_16 28_17 29_16 29_17 2_10 2_11 2_12 2_13 2_14 2_16 2_17 2_18 2_20 2_21 2_22 2_23 2_24 2_25 2_26 2_27 2_28 2_29 2_30 2_31 2_7 2_8 2_9 30_16 30_17 31_16 31_17 31_18 3_22 3_23 3_29 3_31 3_7 3_8 4_10 4_11 4_12 4_13 4_14 4_15 4_16 4_22 4_23 4_28 4_29 4_31 4_7 4_8 4_9 5_10 5_11 5_12 5_13 5_14 5_15 5_22 5_23 5_28 5_29 5_31 5_7 5_8 5_9 6_10 6_11 6_22 6_23 6_31 7_10 7_11 7_13 7_14 7_15 7_16 7_17 7_18 7_19 7_20 7_21 7_22 7_23 7_31 7_7 7_8 7_9 8_10 8_11 8_13 8_14 8_15 8_16 8_17 8_18 8_19 8_20 8_21 8_22 8_23 8_31 8_8 8_9 9_13 9_14 9_19 9_20,244,7,7,200,1
mapf-maze-32-32-2-m10-f4,10_10 10_11 10_12 10_13 10_14 10_16 10_17 10_18 10_19 10_20 10_28 10_29 10_30 10_31 10_8 10_9 11_10 11_11 11_12 11_13 11_14 11_16 11_17 11_18 11_19 11_28 11_29 11_30 11_31 11_9 13_28 13_29 13_30 13_31 14_28 14_29 14_30 14_31 15_28 15_29 16_28 16_29 17_28 17_29 18_28 18_29 19_22 19_23 19_24 19_25 19_26 19_27 19_28 19_29 1_10 1_11 1_12 1_13 1_14 1_15 1_16 1_18 1_19 1_20 1_21 1_22 1_23 1_24 1_25 1_26 1_27 1_28 1_29 1_30 1_31 1_7 1_8 1_9 20_22 20_23 20_24 20_25 20_26 20_27 20_28 20_29 21_14 21_22 22_13 22_14 22_19 22_20 22_22 22_23 23_13 23_14 23_19 23_20 23_22 23_23 24_13 24_14 24_19 24_20 24_22 24_23 25_10 25_11 25_12 25_13 25_14 25_15 25_16 25_17 25_18 25_19 25_20 25_21 25_22 25_23 26_11 26_12 26_13 26_14 26_15 26_16 26_17 26_18 26_19 26_20 26_21 26_22 26_23 27_16 27_17 28_16 28_17 29_16 29_17 2_10 2_11 2_12 2_13 2_14 2_16 2_17 2_18 2_20 2_21 2_22 2_23 2_24 2_25 2_26 2_27 2_28 2_29 2_30 2_31 2_7 2_8 2_9 30_16 30_17 31_16 31_17 31_18 3_22 3_23 3_29 3_31 3_7 3_8 4_10 4_11 4_12 4_13 4_14 4_15 4_16 4_22 4_23 4_28 4_29 4_31 4_7 4_8 4_9 5_10 5_11 5_12 5_13 5_14 5_15 5_22 5_23 5_28 5_29 5_31 5_7 5_8 5_9 6_10 6_11 6_22 6_23 6_31 7_10 7_11 7_13 7_14 7_15 7_16 7_17 7_18 7_19 7_20 7_21 7_22 7_23 7_31 7_7 7_8 7_9 8_10 8_11 8_13 8_14 8_15 8_16 8_17 8_18 8_19 8_20 8_21 8_22 8_23 8_31 8_8 8_9 9_13 9_14 9_19 9_20,244,49,49,200,1
mapf-maze-32-32-2-m10-f4,10_10 10_11 10_12 10_13 10_14 10_16 10_17 10_18 10_19 10_20 10_28 10_29 10_30 10_31 10_8 10_9 11_10 11_11 11_12 11_13 11_14 11_16 11_17 11_18 11_19 11_28 11_29 11_30 11_31 11_9 12_31 13_29 13_30 13_31 14_28 14_29 14_30 14_31 15_28 15_29 16_28 16_29 17_28 17_29 18_28 18_29 19_22 19_23 19_24 19_25 19_26 19_27 19_28 19_29 1_10 1_11 1_12 1_13 1_14 1_15 1_16 1_17 1_18 1_19 1_20 1_21 1_22 1_23 1_24 1_25 1_26 1_27 1_28 1_29 1_30 1_31 1_7 1_8 1_9 20_22 20_23 20_24 20_25 20_26 20_27 20_28 20_29 21_14 21_22 22_13 22_14 22_19 22_20 22_22 22_23 23_13 23_14 23_19 23_20 23_22 23_23 24_13 24_14 24_19 24_20 24_22 24_23 25_10 25_11 25_12 25_13 25_14 25_15 25_16 25_17 25_18 25_19 25_20 25_21 25_22 25_23 26_11 26_12 26_13 26_14 26_15 26_16 26_17 26_18 26_19 26_20 26_21 26_22 26_23 27_16 27_17 28_16 28_17 29_16 29_17 2_10 2_11 2_12 2_13 2_14 2_16 2_17 2_18 2_20 2_21 2_22 2_23 2_24 2_25 2_26 2_27 2_28 2_29 2_30 2_31 2_7 2_8 2_9 30_16 30_17 31_16 31_17 31_18 3_22 3_23 3_29 3_31 3_7 3_8 4_10 4_11 4_12 4_13 4_14 4_15 4_16 4_22 4_23 4_28 4_29 4_31 4_7 4_8 4_9 5_10 5_11 5_12 5_13 5_14 5_15 5_22 5_23 5_28 5_29 5_31 5_7 5_8 5_9 6_10 6_11 6_22 6_23 6_31 7_10 7_11 7_13 7_14 7_15 7_16 7_17 7_18 7_19 7_20 7_21 7_22 7_23 7_31 7_7 7_8 7_9 8_10 8_11 8_13 8_14 8_15 8_16 8_17 8_18 8_19 8_20 8_21 8_22 8_23 8_31 8_8 8_9 9_13 9_14 9_19 9_20,245,2,2,200,1
mapf-maze-32-32-2-m10-f4,10_10 10_11 10_12 10_13 10_14 10_16 10_17 10_18 10_19 10_20 10_28 10_29 10_30 10_31 10_7 10_8 10_9 11_10 11_11 11_12 11_13 11_14 11_16 11_17 11_18 11_19 11_28 11_29 11_30 11_31 11_8 11_9 12_31 13_29 13_30 13_31 14_28 14_29 14_30 14_31 15_28 15_29 16_28 16_29 17_28 17_29 18_28 18_29 19_22 19_23 19_24 19_25 19_26 19_27 19_28 19_29 1_10 1_11 1_12 1_13 1_14 1_15 1_16 1_17 1_18 1_19 1_20 1_21 1_22 1_23 1_24 1_25 1_26 1_27 1_28 1_29 1_30 1_31 1_7 1_8 1_9 20_22 20_23 20_24 20_25 20_26 20_27 20_28 20_29 21_14 21_22 22_13 22_14 22_19 22_20 22_22 22_23 23_13 23_14 23_19 23_20 23_22 23_23 24_13 24_14 24_19 24_20 24_22 24_23 25_10 25_11 25_12 25_13 25_14 25_15 25_16 25_17 25_18 25_19 25_20 25_21 25_22 25_23 26_11 26_12 26_13 26_14 26_15 26_16 26_17 26_18 26_19 26_20 26_21 26_22 26_23 27_16 27_17 28_16 28_17 29_16 29_17 2_10 2_11 2_12 2_13 2_14 2_16 2_17 2_18 2_20 2_21 2_22 2_23 2_24 2_25 2_26 2_27 2_28 2_29 2_30 2_31 2_7 2_8 2_9 30_16 30_17 31_16 31_17 31_18 3_22 3_23 3_29 3_31 3_7 3_8 4_10 4_11 4_12 4_13 4_14 4_15 4_16 4_22 4_23 4_28 4_29 4_31 4_7 4_8 4_9 5_10 5_11 5_12 5_13 5_14 5_15 5_22 5_23 5_28 5_29 5_31 5_7 5_8 5_9 6_10 6_11 6_22 6_23 6_31 7_10 7_11 7_13 7_14 7_15 7_16 7_17 7_18 7_19 7_20 7_21 7_22 7_23 7_31 7_7 7_8 7_9 8_10 8_11 8_13 8_14 8_15 8_16 8_17 8_18 8_19 8_20 8_21 8_23 8_31 8_8 8_9 9_13 9_14 9_19 9_20,246,1,3,200,1
mapf-maze-32-32-2-m10-f4,10_10 10_11 10_12 10_13 10_14 10_16 10_17 10_18 10_19 10_20 10_28 10_29 10_30 10_31 10_7 10_8 10_9 11_10 11_11 11_12 11_13 11_14 11_16 11_17 11_18 11_19 11_28 11_29 11_30 11_31 11_8 11_9 12_31 13_29 13_30 13_31 14_28 14_29 14_30 14_31 15_28 15_29 16_28 16_29 17_28 17_29 18_28 18_29 19_22 19_23 19_24 19_25 19_26 19_27 19_28 19_29 1_10 1_11 1_12 1_13 1_14 1_15 1_16 1_17 1_18 1_19 1_20 1_21 1_22 1_23 1_24 1_25 1_26 1_27 1_28 1_29 1_30 1_31 1_7 1_8 1_9 20_22 20_23 20_24 20_25 20_26 20_27 20_28 20_29 21_14 21_22 22_13 22_14 22_19 22_20 22_22 22_23 23_13 23_14 23_19 23_20 23_22 23_23 24_13 24_14 24_19 24_20 24_22 24_23 25_10 25_11 25_12 25_13 25_14 25_15 25_16 25_17 25_18 25_19 25_20 25_21 25_22 25_23 26_11 26_12 26_13 26_14 26_15 26_16 26_17 26_18 26_19 26_20 26_21 26_22 26_23 27_16 27_17 28_16 28_17 29_16 29_17 2_10 2_11 2_12 2_13 2_14 2_16 2_17 2_18 2_20 2_21 2_22 2_23 2_24 2_25 2_26 2_27 2_28 2_29 2_30 2_31 2_7 2_8 2_9 30_16 30_17 31_16 31_17 31_18 3_22 3_23 3_29 3_31 3_7 3_8 4_10 4_11 4_12 4_13 4_14 4_15 4_16 4_22 4_23 4_28 4_29 4_31 4_7 4_8 4_9 5_10 5_11 5_12 5_13 5_14 5_15 5_22 5_23 5_28 5_29 5_31 5_7 5_8 5_9 6_10 6_11 6_22 6_23 6_31 7_10 7_11 7_13 7_14 7_15 7_16 7_17 7_18 7_19 7_20 7_22 7_23 7_31 7_7 7_8 7_9 8_10 8_11 8_13 8_14 8_15 8_16 8_17 8_18 8_19 8_20 8_21 8_22 8_23 8_31 8_8 8_9 9_13 9_14 9_19 9_20,246,1,3,200,1
mapf-maze-32-32-2-m10-f4,10_10 10_11 10_12 10_13 10_14 10_16 10_17 10_18 10_19 10_28 10_29 10_30 10_31 10_7 10_8 10_9 11_10 11_11 11_12 11_13 11_14 11_16 11_17 11_18 11_19 11_28 11_29 11_30 11_31 11_8 11_9 12_31 13_28 13_30 13_31 14_28 14_29 14_30 14_31 15_28 15_29 16_28 16_29 17_28 17_29 18_28 18_29 19_22 19_23 19_24 19_25 19_26 19_27 19_28 19_29 1_10 1_11 1_12 1_13 1_14 1_15 1_16 1_17 1_18 1_19 1_20 1_21 1_22 1_23 1_24 1_25 1_26 1_27 1_28 1_29 1_30 1_31 1_7 1_8 1_9 20_22 20_23 20_24 20_25 20_26 20_27 20_28 20_29 21_14 21_22 22_13 22_14 22_19 22_20 22_22 22_23 23_13 23_14 23_19 23_20 23_22 23_23 24_13 24_14 24_19 24_20 24_22 24_23 25_10 25_11 25_12 25_13 25_14 25_15 25_16 25_17 25_18 25_19 25_20 25_21 25_22 25_23 26_11 26_12 26_13 26_14 26_15 26_16 26_17 26_18 26_19 26_20 26_21 26_22 26_23 27_16 27_17 28_16 28_17 29_16 29_17 2_10 2_11 2_12 2_13 2_14 2_16 2_17 2_18 2_20 2_21 2_22 2_23 2_24 2_25 2_26 2_27 2_28 2_29 2_30 2_31 2_7 2_8 2_9 30_16 30_17 31_16 31_17 31_18 3_22 3_23 3_29 3_31 3_7 3_8 4_10 4_11 4_12 4_13 4_14 4_15 4_16 4_22 4_23 4_28 4_29 4_31 4_7 4_8 4_9 5_10 5_11 5_12 5_13 5_14 5_15 5_22 5_23 5_28 5_29 5_31 5_7 5_8 5_9 6_10 6_11 6_22 6_23 6_31 7_10 7_11 7_13 7_14 7_15 7_16 7_17 7_18 7_19 7_20 7_21 7_22 7_23 7_31 7_7 7_8 7_9 8_10 8_11 8_13 8_14 8_15 8_16 8_17 8_18 8_19 8_20 8_21 8_22 8_23 8_31 8_8 8_9 9_13 9_14 9_19 9_20,246,1,1,200,1
mapf-maze-32-32-2-m10-f4,10_10 10_11 10_12 10_13 10_14 10_16 10_17 10_18 10_19 10_28 10_29 10_30 10_31 10_7 10_8 10_9 11_10 11_11 11_12 11_13 11_14 11_16 11_17 11_18 11_19 11_28 11_29 11_30 11_31 11_8 11_9 12_31 13_29 13_30 13_31 14_28 14_29 14_30 14_31 15_28 15_29 16_28 16_29 17_28 17_29 18_28 18_29 19_22 19_23 19_24 19_25 19_26 19_27 19_28 19_29 1_10 1_11 1_12 1_13 1_14 1_15 1_16 1_17 1_18 1_19 1_20 1_21 1_22 1_23 1_24 1_25 1_26 1_27 1_28 1_29 1_30 1_31 1_7 1_8 1_9 20_22 20_23 20_24 20_25 20_26 20_27 20_28 20_29 21_14 21_22 22_13 22_14 22_19 22_20 22_22 22_23 23_13 23_14 23_19 23_20 23_22 23_23 24_13 24_14 24_19 24_20 24_22 24_23 25_10 25_11 25_12 25_13 25_14 25_15 25_16 25_17 25_18 25_19 25_20 25_21 25_22 25_23 26_11 26_12 26_13 26_14 26_15 26_16 26_17 26_18 26_19 26_20 26_21 26_22 26_23 27_16 27_17 28_16 28_17 29_16 29_17 2_10 2_11 2_12 2_13 2_14 2_16 2_17 2_18 2_20 2_21 2_22 2_23 2_24 2_25 2_26 2_27 2_28 2_29 2_30 2_31 2_7 2_8 2_9 30_16 30_17 31_16 31_17 31_18 3_22 3_23 3_29 3_31 3_7 3_8 4_10 4_11 4_12 4_13 4_14 4_15 4_16 4_22 4_23 4_28 4_29 4_31 4_7 4_8 4_9 5_10 5_11 5_12 5_13 5_14 5_15 5_22 5_23 5_28 5_29 5_31 5_7 5_8 5_9 6_10 6_11 6_22 6_23 6_31 7_10 7_11 7_13 7_14 7_15 7_16 7_17 7_18 7_19 7_20 7_21 7_22 7_23 7_31 7_7 7_8 7_9 8_10 8_11 8_13 8_14 8_15 8_16 8_17 8_18 8_19 8_20 8_21 8_22 8_23 8_31 8_8 8_9 9_13 9_14 9_19 9_20,246,34,36,200,1
mapf-maze-32-32-2-m10-f4,10_10 10_11 10_12 10_13 10_14 10_16 10_17 10_18 10_19 10_28 10_29 10_30 10_31 10_7 10_8 10_9 11_10 11_11 11_12 11_13 11_14 11_16 11_17 11_18 11_19 11_28 11_29 11_30 11_31 11_8 11_9 13_28 13_29 13_30 13_31 14_28 14_29 14_30 14_31 15_28 15_29 16_28 16_29 17_28 17_29 18_28 18_29 19_22 19_23 19_24 19_25 19_26 19_27 19_28 19_29 1_10 1_11 1_12 1_13 1_14 1_15 1_16 1_17 1_18 1_19 1_20 1_21 1_22 1_23 1_24 1_25 1_26 1_27 1_28 1_29 1_30 1_31 1_7 1_8 1_9 20_22 20_23 20_24 20_25 20_26 20_27 20_28 20_29 21_14 21_22 22_13 22_14 22_19 22_20 22_22 22_23 23_13 23_14 23_19 23_20 23_22 23_23 24_13 24_14 24_19 24_20 24_22 24_23 25_10 25_11 25_12 25_13 25_14 25_15 25_16 25_17 25_18 25_19 25_20 25_21 25_22 25_23 26_11 26_12 26_13 26_14 26_15 26_16 26_17 26_18 26_19 26_20 26_21 26_22 26_23 27_16 27_17 28_16 28_17 29_16 29_17 2_10 2_11 2_12 2_13 2_14 2_16 2_17 2_18 2_20 2_21 2_22 2_23 2_24 2_25 2_26 2_27 2_28 2_29 2_30 2_31 2_7 2_8 2_9 30_16 30_17 31_16 31_17 31_18 3_22 3_23 3_29 3_31 3_7 3_8 4_10 4_11 4_12 4_13 4_14 4_15 4_16 4_22 4_23 4_28 4_29 4_31 4_7 4_8 4_9 5_10 5_11 5_12 5_13 5_14 5_15 5_22 5_23 5_28 5_29 5_31 5_7 5_8 5_9 6_10 6_11 6_22 6_23 6_31 7_10 7_11 7_13 7_14 7_15 7_16 7_17 7_18 7_19 7_20 7_21 7_22 7_23 7_31 7_7 7_8 7_9 8_10 8_11 8_13 8_14 8_15 8_16 8_17 8_18 8_19 8_20 8_21 8_22 8_23 8_31 8_8 8_9 9_13 9_14 9_19 9_20,246,34,34,200,1
mapf-maze-32-32-2-m10-f4,10_10 10_11 10_12 10_13 10_14 10_16 10_17 10_18 10_19 10_20 10_28 10_29 10_30 10_31 10_6 10_7 10_8 10_9 11_10 11_11 11_12 11_13 11_14 11_16 11_17 11_18 11_19 11_28 11_29 11_30 11_31 11_7 11_8 11_9 12_31 13_29 13_30 13_31 14_28 14_29 14_30 14_31 15_28 15_29 16_28 16_29 17_28 17_29 18_28 18_29 19_22 19_23 19_24 19_25 19_26 19_27 19_28 19_29 1_10 1_11 1_12 1_13 1_14 1_15 1_16 1_17 1_18 1_19 1_20 1_21 1_22 1_23 1_24 1_25 1_26 1_27 1_28 1_29 1_30 1_31 1_7 1_8 1_9 20_22 20_23 20_24 20_25 20_26 20_27 20_28 20_29 21_14 21_22 22_13 22_14 22_19 22_20 22_22 22_23 23_13 23_14 23_19 23_20 23_22 23_23 24_13 24_14 24_19 24_20 24_22 24_23 25_10 25_11 25_12 25_13 25_14 25_15 25_16 25_17 25_18 25_19 25_20 25_21 25_22 25_23 26_11 26_12 26_13 26_14 26_15 26_16 26_17 26_18 26_19 26_20 26_21 26_22 26_23 27_16 27_17 28_16 28_17 29_16 29_17 2_10 2_11 2_12 2_13 2_14 2_16 2_17 2_18 2_20 2_21 2_22 2_23 2_24 2_25 2_26 2_27 2_28 2_29 2_30 2_31 2_7 2_8 2_9 30_16 30_17 31_16 31_17 31_18 3_22 3_23 3_29 3_31 3_7 3_8 4_10 4_11 4_12 4_13 4_14 4_15 4_16 4_22 4_23 4_28 4_29 4_31 4_7 4_8 4_9 5_10 5_11 5_12 5_13 5_14 5_15 5_22 5_23 5_28 5_29 5_31 5_7 5_8 5_9 6_10 6_11 6_22 6_23 6_31 7_10 7_11 7_13 7_14 7_15 7_16 7_17 7_18 7_19 7_20 7_21 7_22 7_23 7_31 7_7 7_8 7_9 8_10 8_11 8_13 8_14 8_15 8_16 8_17 8_18 8_19 8_20 8_21 8_22 8_23 8_31 8_8 8_9 9_13 9_14 9_19,248,1,3,200,1
mapf-maze-32-32-2-m10-f4,10_10 10_11 10_12 10_13 10_14 10_16 10_17 10_18 10_19 10_20 10_28 10_29 10_30 10_31 10_6 10_7 10_8 10_9 11_10 11_11 11_12 11_13 11_14 11_16 11_17 11_18 11_19 11_28 11_29 11_30 11_31 11_7 11_8 11_9 12_31 13_29 13_30 13_31 14_28 14_29 14_30 14_31 15_28 15_29 16_28 16_29 17_28 17_29 18_28 18_29 19_22 19_23 19_24 19_25 19_26 19_27 19_28 19_29 1_10 1_11 1_12 1_13 1_14 1_15 1_16 1_17 1_18 1_19 1_20 1_21 1_22 1_23 1_24 1_25 1_26 1_27 1_28 1_29 1_30 1_31 1_7 1_8 1_9 20_22 20_23 20_24 20_25 20_26 20_27 20_28 20_29 21_14 21_22 22_13 22_14 22_19 22_20 22_22 22_23 23_13 23_14 23_19 23_20 23_22 23_23 24_13 24_14 24_19 24_20 24_22 24_23 25_10 25_11 25_12 25_13 25_14 25_15 25_16 25_17 25_18 25_19 25_20 25_21 25_22 25_23 26_11 26_12 26_13 26_14 26_15 26_16 26_17 26_18 26_19 26_20 26_21 26_22 26_23 27_16 27_17 28_16 28_17 29_16 29_17 2_10 2_11 2_12 2_13 2_14 2_16 2_17 2_18 2_20 2_21 2_22 2_23 2_24 2_25 2_26 2_27 2_28 2_29 2_30 2_31 2_7 2_8 2_9 30_16 30_17 31_16 31_17 31_18 3_22 3_23 3_29 3_31 3_7 3_8 4_10 4_11 4_12 4_13 4_14 4_15 4_16 4_22 4_23 4_28 4_29 4_31 4_7 4_8 4_9 5_10 5_11 5_12 5_13 5_14 5_15 5_22 5_23 5_28 5_29 5_31 5_7 5_8 5_9 6_10 6_11 6_22 6_23 6_31 7_10 7_11 7_13 7_14 7_15 7_16 7_17 7_18 7_19 7_20 7_21 7_22 7_23 7_31 7_7 7_8 7_9 8_10 8_11 8_13 8_14 8_15 8_16 8_17 8_18 8_19 8_20 8_22 8_23 8_31 8_8 8_9 9_13 9_14 9_19 9_20,248,1,3,200,1
mapf-maze-32-32-2-m10-f4,10_10 10_11 10_12 10_13 10_14 10_16 10_17 10_18 10_19 10_20 10_28 10_29 10_30 10_31 10_6 10_7 10_8 10_9 11_10 11_11 11_12 11_13 11_14 11_16 11_17 11_18 11_19 11_28 11_29 11_30 11_31 11_7 11_8 11_9 12_31 13_29 13_30 13_31 14_28 14_29 14_30 14_31 15_28 15_29 16_28 16_29 17_28 17_29 18_28 18_29 19_22 19_23 19_24 19_25 19_26 19_27 19_28 19_29 1_10 1_11 1_12 1_13 1_14 1_15 1_16 1_17 1_18 1_19 1_20 1_21 1_22 1_23 1_24 1_25 1_26 1_27 1_28 1_29 1_30 1_31 1_7 1_8 1_9 20_22 20_23 20_24 20_25 20_26 20_27 20_28 20_29 21_14 21_22 22_13 22_14 22_19 22_20 22_22 22_23 23_13 23_14 23_19 23_20 23_22 23_23 24_13 24_14 24_19 24_20 24_22 24_23 25_10 25_11 25_12 25_13 25_14 25_15 25_16 25_17 25_18 25_19 25_20 25_21 25_22 25_23 26_11 26_12 26_13 26_14 26_15 26_16 26_17 26_18 26_19 26_20 26_21 26_22 26_23 27_16 27_17 28_16 28_17 29_16 29_17 2_10 2_11 2_12 2_13 2_14 2_16 2_17 2_18 2_20 2_21 2_22 2_23 2_24 2_25 2_26 2_27 2_28 2_29 2_30 2_31 2_7 2_8 2_9 30_16 30_17 31_16 31_17 31_18 3_22 3_23 3_29 3_31 3_7 3_8 4_10 4_11 4_12 4_13 4_14 4_15 4_16 4_22 4_23 4_28 4_29 4_31 4_7 4_8 4_9 5_10 5_11 5_12 5_13 5_14 5_15 5_22 5_23 5_28 5_29 5_31 5_7 5_8 5_9 6_10 6_11 6_22 6_23 6_31 7_10 7_11 7_13 7_14 7_15 7_16 7_17 7_18 7_19 7_21 7_22 7_23 7_31 7_7 7_8 7_9 8_10 8_11 8_13 8_14 8_15 8_16 8_17 8_18 8_19 8_20 8_21 8_22 8_23 8_31 8_8 8_9 9_13 9_14 9_19 9_20,248,1,3,200,1
mapf-maze-32-32-2-m10-f4,10_10 10_11 10_12 10_13 10_14 10_16 10_17 10_18 10_19 10_20 10_28 10_29 10_30 10_31 10_5 10_6 10_7 10_8 10_9 11_10 11_11 11_12 11_13 11_14 11_16 11_17 11_18 11_19 11_28 11_29 11_30 11_31 11_6 11_7 11_8 11_9 12_31 13_29 13_30 13_31 14_28 14_29 14_30 14_31 15_28 15_29 16_28 16_29 17_28 17_29 18_28 18_29 19_22 19_23 19_24 19_25 19_26 19_27 19_28 19_29 1_10 1_11 1_12 1_13 1_14 1_15 1_16 1_17 1_18 1_19 1_20 1_21 1_22 1_23 1_24 1_25 1_26 1_27 1_28 1_29 1_30 1_31 1_7 1_8 1_9 20_22 20_23 20_24 20_25 20_26 20_27 20_28 20_29 21_14 21_22 22_13 22_14 22_19 22_20 22_22 22_23 23_13 23_14 23_19 23_20 23_22 23_23 24_13 24_14 24_19 24_20 24_22 24_23 25_10 25_11 25_12 25_13 25_14 25_15 25_16 25_17 25_18 25_19 25_20 25_21 25_22 25_23 26_11 26_12 26_13 26_14 26_15 26_16 26_17 26_18 26_19 26_20 26_21 26_22 26_23 27_16 27_17 28_16 28_17 29_16 29_17 2_10 2_11 2_12 2_13 2_14 2_16 2_17 2_18 2_20 2_21 2_22 2_23 2_24 2_25 2_26 2_27 2_28 2_29 2_30 2_31 2_7 2_8 2_9 30_16 30_17 31_16 31_17 31_18 3_22 3_23 3_29 3_31 3_7 3_8 4_10 4_11 4_12 4_13 4_14 4_15 4_16 4_22 4_23 4_28 4_29 4_31 4_7 4_8 4_9 5_10 5_11 5_12 5_13 5_14 5_15 5_22 5_23 5_28 5_29 5_31 5_7 5_8 5_9 6_10 6_11 6_22 6_23 6_31 7_10 7_11 7_13 7_14 7_15 7_16 7_17 7_18 7_19 7_20 7_21 7_22 7_23 7_31 7_7 7_8 7_9 8_10 8_11 8_13 8_14 8_15 8_16 8_17 8_18 8_19 8_20 8_21 8_22 8_23 8_31 8_8 8_9 9_13 9_14 9_20,250,1,3,200,1
mapf-maze-32-32-2-m10-f4,10_10 10_11 10_12 10_13 10_14 10_16 10_17 10_18 10_19 10_20 10_28 10_29 10_30 10_31 10_5 10_6 10_7 10_8 10_9 11_10 11_11 11_12 11_13 11_14 11_16 11_17 11_18 11_19 11_28 11_29 11_30 11_31 11_6 11_7 11_8 11_9 12_31 13_29 13_30 13_31 14_28 14_29 14_30 14_31 15_28 15_29 16_28 16_29 17_28 17_29 18_28 18_29 19_22 19_23 19_24 19_25 19_26 19_27 19_28 19_29 1_10 1_11 1_12 1_13 1_14 1_15 1_16 1_17 1_18 1_19 1_20 1_21 1_22 1_23 1_24 1_25 1_26 1_27 1_28 1_29 1_30 1_31 1_7 1_8 1_9 20_22 20_23 20_24 20_25 20_26 20_27 20_28 20_29 21_14 21_22 22_13 22_14 22_19 22_20 22_22 22_23 23_13 23_14 23_19 23_20 23_22 23_23 24_13 24_14 24_19 24_20 24_22 24_23 25_10 25_11 25_12 25_13 25_14 25_15 25_16 25_17 25_18 25_19 25_20 25_21 25_22 25_23 26_11 26_12 26_13 26_14 26_15 26_16 26_17 26_18 26_19 26_20 26_21 26_22 26_23 27_16 27_17 28_16 28_17 29_16 29_17 2_10 2_11 2_12 2_13 2_14 2_16 2_17 2_18 2_20 2_21 2_22 2_23 2_24 2_25 2_26 2_27 2_28 2_29 2_30 2_31 2_7 2_8 2_9 30_16 30_17 31_16 31_17 31_18 3_22 3_23 3_29 3_31 3_7 3_8 4_10 4_11 4_12 4_13 4_14 4_15 4_16 4_22 4_23 4_28 4_29 4_31 4_7 4_8 4_9 5_10 5_11 5_12 5_13 5_14 5_15 5_22 5_23 5_28 5_29 5_31 5_7 5_8 5_9 6_10 6_11 6_22 6_23 6_31 7_10 7_11 7_13 7_14 7_15 7_16 7_17 7_18 7_19 7_20 7_21 7_22 7_23 7_31 7_7 7_8 7_9 8_10 8_11 8_13 8_14 8_15 8_16 8_17 8_18 8_19 8_21 8_22 8_23 8_31 8_8 8_9 9_13 9_14 9_19 9_20,250,1,3,200,1
mapf-maze-32-32-2-m10-f4,10_10 10_11 10_12 10_13 10_14 10_16 10_17 10_18 10_19 10_20 10_28 10_29 10_30 10_31 10_5 10_6 10_7 10_8 10_9 11_10 11_11 11_12 11_13 11_14 11_16 11_17 11_18 11_19 11_28 11_29 11_30 11_31 11_6 11_7 11_8 11_9 12_31 13_29 13_30 13_31 14_28 14_29 14_30 14_31 15_28 15_29 16_28 16_29 17_28 17_29 18_28 18_29 19_22 19_23 19_24 19_25 19_26 19_27 19_28 19_29 1_10 1_11 1_12 1_13 1_14 1_15 1_16 1_17 1_18 1_19 1_20 1_21 1_22 1_23 1_24 1_25 1_26 1_27 1_28 1_29 1_30 1_31 1_7 1_8 1_9 20_22 20_23 20_24 20_25 20_26 20_27 20_28 20_29 21_14 21_22 22_13 22_14 22_19 22_20 22_22 22_23 23_13 23_14 23_19 23_20 23_22 23_23 24_13 24_14 24_19 24_20 24_22 24_23 25_10 25_11 25_12 25_13 25_14 25_15 25_16 25_17 25_18 25_19 25_20 25_21 25_22 25_23 26_11 26_12 26_13 26_14 26_15 26_16 26_17 26_18 26_19 26_20 26_21 26_22 26_23 27_16 27_17 28_16 28_17 29_16 29_17 2_10 2_11 2_12 2_13 2_14 2_16 2_17 2_18 2_20 2_21 2_22 2_23 2_24 2_25 2_26 2_27 2_28 2_29 2_30 2_31 2_7 2_8 2_9 30_16 30_17 31_16 31_17 31_18 3_22 3_23 3_29 3_31 3_7 3_8 4_10 4_11 4_12 4_13 4_14 4_15 4_16 4_22 4_23 4_28 4_29 4_31 4_7 4_8 4_9 5_10 5_11 5_12 5_13 5_14 5_15 5_22 5_23 5_28 5_29 5_31 5_7 5_8 5_9 6_10 6_11 6_22 6_23 6_31 7_10 7_11 7_13 7_14 7_15 7_16 7_17 7_18 7_20 7_21 7_22 7_23 7_31 7_7 7_8 7_9 8_10 8_11 8_13 8_14 8_15 8_16 8_17 8_18 8_19 8_20 8_21 8_22 8_23 8_31 8_8 8_9 9_13 9_14 9_19 9_20,250,1,3,200,1
mapf-maze-32-32-2-m10-f4,10_10 10_11 10_12 10_13 10_14 10_16 10_17 10_18 10_19 10_20 10_28 10_29 10_30 10_31 10_4 10_5 10_6 10_7 10_8 10_9 11_10 11_11 11_12 11_13 11_14 11_16 11_17 11_18 11_19 11_28 11_29 11_30 11_31 11_5 11_6 11_7 11_8 11_9 12_31 13_29 13_30 13_31 14_28 14_29 14_30 14_31 15_28 15_29 16_28 16_29 17_28 17_29 18_28 18_29 19_22 19_23 19_24 19_25 19_26 19_27 19_28 19_29 1_10 1_11 1_12 1_13 1_14 1_15 1_16 1_17 1_18 1_19 1_20 1_21 1_22 1_23 1_24 1_25 1_26 1_27 1_28 1_29 1_30 1_31 1_7 1_8 1_9 20_22 20_23 20_24 20_25 20_26 20_27 20_28 20_29 21_14 21_22 22_13 22_14 22_19 22_20 22_22 22_23 23_13 23_14 23_19 23_20 23_22 23_23 24_13 24_14 24_19 24_20 24_22 24_23 25_10 25_11 25_12 25_13 25_14 25_15 25_16 25_17 25_18 25_19 25_20 25_21 25_22 25_23 26_11 26_12 26_13 26_14 26_15 26_16 26_17 26_18 26_19 26_20 26_21 26_22 26_23 27_16 27_17 28_16 28_17 29_16 29_17 2_10 2_11 2_12 2_13 2_14 2_16 2_17 2_18 2_20 2_21 2_22 2_23 2_24 2_25 2_26 2_27 2_28 2_29 2_30 2_31 2_7 2_8 2_9 30_16 30_17 31_16 31_17 31_18 3_22 3_23 3_29 3_31 3_7 3_8 4_10 4_11 4_12 4_13 4_14 4_15 4_16 4_22 4_23 4_28 4_29 4_31 4_7 4_8 4_9 5_10 5_11 5_12 5_13 5_14 5_15 5_22 5_23 5_28 5_29 5_31 5_7 5_8 5_9 6_10 6_11 6_22 6_23 6_31 7_10 7_11 7_13 7_14 7_15 7_16 7_17 7_18 7_19 7_20 7_21 7_22 7_23 7_31 7_7 7_8 7_9 8_10 8_11 8_13 8_14 8_15 8_16 8_17 8_18 8_20 8_21 8_22 8_23 8_31 8_8 8_9 9_13 9_14 9_19 9_20,252,1,3,200,1
mapf-maze-32-32-2-m10-f4,10_10 10_11 10_12 10_13 10_14 10_16 10_17 10_18 10_19 10_20 10_28 10_29 10_30 10_31 10_4 10_5 10_6 10_7 10_8 10_9 11_10 11_11 11_12 11_13 11_14 11_16 11_17 11_18 11_19 11_28 11_29 11_30 11_31 11_5 11_6 11_7 11_8 11_9 12_31 13_29 13_30 13_31 14_28 14_29 14_30 14_31 15_28 15_29 16_28 16_29 17_28 17_29 18_28 18_29 19_22 19_23 19_24 19_25 19_26 19_27 19_28 19_29 1_10 1_11 1_12 1_13 1_14 1_15 1_16 1_17 1_18 1_19 1_20 1_21 1_22 1_23 1_24 1_25 1_26 1_27 1_28 1_29 1_30 1_31 1_7 1_8 1_9 20_22 20_23 20_24 20_25 20_26 20_27 20_28 20_29 21_14 21_22 22_13 22_14 22_19 22_20 22_22 22_23 23_13 23_14 23_19 23_20 23_22 23_23 24_13 24_14 24_19 24_20 24_22 24_23 25_10 25_11 25_12 25_13 25_14 25_15 25_16 25_17 25_18 25_19 25_20 25_21 25_22 25_23 26_11 26_12 26_13 26_14 26_15 26_16 26_17 26_18 26_19 26_20 26_21 26_22 26_23 27_16 27_17 28_16 28_17 29_16 29_17 2_10 2_11 2_12 2_13 2_14 2_16 2_17 2_18 2_20 2_21 2_22 2_23 2_24 2_25 2_26 2_27 2_28 2_29 2_30 2_31 2_7 2_8 2_9 30_16 30_17 31_16 31_17 31_18 3_22 3_23 3_29 3_31 3_7 3_8 4_10 4_11 4_12 4_13 4_14 4_15 4_16 4_22 4_23 4_28 4_29 4_31 4_7 4_8 4_9 5_10 5_11 5_12 5_13 5_14 5_15 5_22 5_23 5_28 5_29 5_31 5_7 5_8 5_9 6_10 6_11 6_22 6_23 6_31 7_10 7_11 7_13 7_14 7_15 7_16 7_17 7_19 7_20 7_21 7_22 7_23 7_31 7_7 7_8 7_9 8_10 8_11 8_13 8_14 8_15 8_16 8_17 8_18 8_19 8_20 8_21 8_22 8_23 8_31 8_8 8_9 9_13 9_14 9_19 9_20,252,1,3,200,1
mapf-maze-32-32-2-m10-f4,10_10 10_11 10_12 10_13 10_14 10_16 10_17 10_18 10_19 10_20 10_28 10_29 10_3 10_30 10_31 10_4 10_5 10_6 10_7 10_8 10_9 11_10 11_11 11_12 11_13 11_14 11_16 11_17 11_18 11_19 11_28 11_29 11_30 11_31 11_4 11_5 11_6 11_7 11_8 11_9 12_31 13_29 13_30 13_31 14_28 14_29 14_30 14_31 15_28 15_29 16_28 16_29 17_28 17_29 18_28 18_29 19_22 19_23 19_24 19_25 19_26 19_27 19_28 19_29 1_10 1_11 1_12 1_13 1_14 1_15 1_16 1_17 1_18 1_19 1_20 1_21 1_22 1_23 1_24 1_25 1_26 1_27 1_28 1_29 1_30 1_31 1_7 1_8 1_9 20_22 20_23 20_24 20_25 20_26 20_27 20_28 20_29 21_14 21_22 22_13 22_14 22_19 22_20 22_22 22_23 23_13 23_14 23_19 23_20 23_22 23_23 24_13 24_14 24_19 24_20 24_22 24_23 25_10 25_11 25_12 25_13 25_14 25_15 25_16 25_17 25_18 25_19 25_20 25_21 25_22 25_23 26_11 26_12 26_13 26_14 26_15 26_16 26_17 26_18 26_19 26_20 26_21 26_22 26_23 27_16 27_17 28_16 28_17 29_16 29_17 2_10 2_11 2_12 2_13 2_14 2_16 2_17 2_18 2_20 2_21 2_22 2_23 2_24 2_25 2_26 2_27 2_28 2_29 2_30 2_31 2_7 2_8 2_9 30_16 30_17 31_16 31_17 31_18 3_22 3_23 3_29 3_31 3_7 3_8 4_10 4_11 4_12 4_13 4_14 4_15 4_16 4_22 4_23 4_28 4_29 4_31 4_7 4_8 4_9 5_10 5_11 5_12 5_13 5_14 5_15 5_22 5_23 5_28 5_29 5_31 5_7 5_8 5_9 6_10 6_11 6_22 6_23 6_31 7_10 7_11 7_13 7_14 7_15 7_16 7_17 7_18 7_19 7_20 7_21 7_22 7_23 7_31 7_7 7_8 7_9 8_10 8_11 8_13 8_14 8_15 8_16 8_17 8_19 8_20 8_21 8_22 8_23 8_31 8_8 8_9 9_13 9_14 9_19 9_20,254,1,3,200,1
mapf-maze-32-32-2-m10-f4,10_10 10_11 10_12 10_13 10_14 10_16 10_17 10_18 10_19 10_20 10_28 10_29 10_3 10_30 10_31 10_4 10_5 10_6 10_7 10_8 10_9 11_10 11_11 11_12 11_13 11_14 11_16 11_17 11_18 11_19 11_28 11_29 11_30 11_31 11_4 11_5 11_6 11_7 11_8 11_9 12_31 13_29 13_30 13_31 14_28 14_29 14_30 14_31 15_28 15_29 16_28 16_29 17_28 17_29 18_28 18_29 19_22 19_23 19_24 19_25 19_26 19_27 19_28 19_29 1_10 1_11 1_12 1_13 1_14 1_15 1_16 1_17 1_18 1_19 1_20 1_21 1_22 1_23 1_24 1_25 1_26 1_27 1_28 1_29 1_30 1_31 1_7 1_8 1_9 20_22 20_23 20_24 20_25 20_26 20_27 20_28 20_29 21_14 21_22 22_13 22_14 22_19 22_20 22_22 22_23 23_13 23_14 23_19 23_20 23_22 23_23 24_13 24_14 24_19 24_20 24_22 24_23 25_10 25_11 25_12 25_13 25_14 25_15 25_16 25_17 25_18 25_19 25_20 25_21 25_22 25_23 26_11 26_12 26_13 26_14 26_15 26_16 26_17 26_18 26_19 26_20 26_21 26_22 26_23 27_16 27_17 28_16 28_17 29_16 29_17 2_10 2_11 2_12 2_13 2_14 2_16 2_17 2_18 2_20 2_21 2_22 2_23 2_24 2_25 2_26 2_27 2_28 2_29 2_30 2_31 2_7 2_8 2_9 30_16 30_17 31_16 31_17 31_18 3_22 3_23 3_29 3_31 3_7 3_8 4_10 4_11 4_12 4_13 4_14 4_15 4_16 4_22 4_23 4_28 4_29 4_31 4_7 4_8 4_9 5_10 5_11 5_12 5_13 5_14 5_15 5_22 5_23 5_28 5_29 5_31 5_7 5_8 5_9 6_10 6_11 6_22 6_23 6_31 7_10 7_11 7_13 7_14 7_15 7_16 7_18 7_19 7_20 7_21 7_22 7_23 7_31 7_7 7_8 7_9 8_10 8_11 8_13 8_14 8_15 8_16 8_17 8_18 8_19 8_20 8_21 8_22 8_23 8_31 8_8 8_9 9_13 9_14 9_19 9_20,254,1,3,200,1
lin-lin03-regiao-f4,11 11~21~1 11~44~1 11~44~2 11~44~3 11~44~4 11~44~5 11~44~6 17 17~20~1 17~20~2 17~20~3 17~20~4 17~20~5 17~51~1 17~51~2 17~52~1 17~52~2 17~52~3 17~52~4 17~52~5 21 21~42~1 21~42~2 21~42~3 21~42~4 21~42~5 21~42~6 21~42~7 22 22~45~1 22~45~2 22~45~3 22~45~4 22~45~5 22~45~6 22~48~1 22~48~3 22~48~4 22~48~5 23~51~10 23~51~11 23~51~12 23~51~13 23~51~14 23~51~9 34~39~1 34~39~2 34~39~3 34~51~1 34~51~2 36~39~3 36~39~4 36~39~5 36~39~6 39 39~54~1 39~54~2 39~54~3 39~54~4 41~48~10 41~48~11 41~48~12 41~48~5 41~48~6 41~48~7 41~48~8 41~48~9 42 42~45~1 42~45~2 42~45~3 51,73,4,4,200,1
lin-lin03-regiao-f4,11 11~21~1 11~21~2 11~44~1 11~44~2 11~44~3 11~44~4 17 17~20~1 17~20~2 17~20~3 17~20~4 17~20~5 17~51~1 17~51~2 17~52~1 17~52~2 17~52~3 17~52~4 17~52~5 21 21~42~1 21~42~2 21~42~3 21~42~4 21~42~5 21~42~6 21~42~7 22 22~45~1 22~45~2 22~45~3 22~45~4 22~45~5 22~45~6 22~45~7 22~48~2 22~48~3 22~48~4 22~48~5 23~51~10 23~51~11 23~51~12 23~51~13 23~51~14 23~51~7 23~51~8 23~51~9 34~39~1 34~39~2 34~39~3 34~51~1 34~51~2 36~39~3 36~39~4 36~39~5 36~39~6 39 39~54~1 39~54~2 39~54~3 39~54~4 41~48~10 41~48~11 41~48~12 41~48~5 41~48~6 41~48~7 41~48~8 41~48~9 42 42~45~1 42~45~2 42~45~3,74,4,4,200,1
lin-lin03-regiao-f4,11 11~21~1 11~44~1 11~44~2 11~44~3 11~44~4 11~44~5 11~44~6 17 17~20~1 17~20~2 17~20~3 17~20~4 17~20~5 17~51~1 17~51~2 17~52~1 17~52~2 17~52~3 17~52~4 17~52~5 21 21~42~1 21~42~2 21~42~3 21~42~4 21~42~5 21~42~6 21~42~7 22 22~45~1 22~45~2 22~45~3 22~45~4 22~45~5 22~45~6 22~45~7 22~48~2 22~48~3 22~48~4 22~48~5 23~51~10 23~51~11 23~51~12 23~51~13 23~51~14 23~51~9 34~39~1 34~39~2 34~39~3 34~51~1 34~51~2 36~39~3 36~39~4 36~39~5 36~39~6 39 39~54~1 39~54~2 39~54~3 39~54~4 41~48~10 41~48~11 41~48~12 41~48~5 41~48~6 41~48~7 41~48~8 41~48~9 42 42~45~1 42~45~2 42~45~3 51,74,10,10,200,1
lin-lin03-regiao-f4,11 11~21~1 11~21~2 11~44~1 17 17~20~1 17~20~2 17~51~1 17~51~2 17~52~1 17~52~2 21 21~42~1 21~42~2 21~42~3 21~42~4 21~42~5 21~42~6 21~42~7 22~45~1 22~45~2 22~45~3 22~45~4 22~45~5 22~45~6 22~45~8 22~45~9 22~48~1 22~48~2 22~48~3 22~48~4 22~48~5 23~51~10 23~51~11 23~51~12 23~51~13 23~51~14 27~54~3 27~54~4 27~54~5 27~54~6 34~39~1 34~39~2 34~39~3 34~51~1 34~51~2 36~39~2 36~39~3 36~39~4 36~39~5 36~39~6 39 39~54~1 39~54~2 39~54~4 39~54~5 39~54~6 41~48~10 41~48~11 41~48~12 41~48~5 41~48~6 41~48~7 41~48~8 41~48~9 42 42~45~1 42~45~2 42~45~3 42~45~4 42~45~5 42~45~6 45 51 54,75,1,1,200,1
lin-lin03-regiao-f4,11 11~21~1 11~44~1 11~44~2 11~44~3 11~44~4 11~44~5 11~44~6 17 17~20~1 17~20~2 17~20~3 17~20~4 17~20~5 17~51~1 17~51~2 17~52~1 17~52~2 17~52~3 17~52~4 17~52~5 21 21~42~1 21~42~2 21~42~3 21~42~4 21~42~5 21~42~6 21~42~7 22~45~1 22~45~2 22~45~3 22~45~4 22~45~5 22~45~6 22~45~7 22~45~8 22~48~1 22~48~2 22~48~3 22~48~4 22~48~5 23~51~10 23~51~11 23~51~12 23~51~13 23~51~14 23~51~9 34~39~1 34~39~2 34~39~3 34~51~1 34~51~2 36~39~3 36~39~4 36~39~5 36~39~6 39 39~54~1 39~54~2 39~54~3 39~54~4 41~48~10 41~48~11 41~48~12 41~48~5 41~48~6 41~48~7 41~48~8 41~48~9 42 42~45~1 42~45~2 42~45~3 51,75,3,3,200,1
lin-lin03-regiao-f4,11 11~21~2 11~44~1 11~44~2 11~44~3 11~44~4 11~44~5 11~44~6 11~44~7 17 17~20~1 17~20~2 17~20~3 17~20~4 17~20~5 17~20~6 17~51~1 17~51~2 17~52~1 17~52~2 17~52~3 17~52~4 17~52~5 17~52~6 21 21~42~1 21~42~2 21~42~3 21~42~4 21~42~5 21~42~6 21~42~7 22 22~45~1 22~45~2 22~45~3 22~45~4 22~45~5 22~45~6 22~48~1 22~48~3 22~48~4 22~48~5 23~51~10 23~51~11 23~51~12 23~51~13 23~51~14 34~39~1 34~39~2 34~39~3 34~51~1 34~51~2 36~39~3 36~39~4 36~39~5 36~39~6 39 39~54~1 39~54~2 39~54~3 39~54~4 41~48~10 41~48~11 41~48~12 41~48~5 41~48~6 41~48~7 41~48~8 41~48~9 42 42~45~1 42~45~2 42~45~3 51,75,8,8,200,1
lin-lin03-regiao-f4,11 11~21~1 11~44~1 11~44~2 11~44~3 11~44~4 11~44~5 11~44~6 17 17~20~1 17~20~2 17~20~3 17~20~4 17~20~5 17~51~1 17~51~2 17~52~1 17~52~2 17~52~3 17~52~4 17~52~5 21 21~42~1 21~42~2 21~42~3 21~42~4 21~42~5 21~42~6 21~42~7 22 22~45~2 22~45~3 22~45~4 22~45~5 22~45~6 22~45~7 22~45~8 22~45~9 22~48~1 22~48~2 22~48~3 22~48~4 22~48~5 23~51~10 23~51~11 23~51~12 23~51~13 23~51~14 23~51~9 34~39~1 34~39~2 34~39~3 34~51~1 34~51~2 36~39~3 36~39~4 36~39~5 36~39~6 39 39~54~1 39~54~2 39~54~3 39~54~4 41~48~10 41~48~11 41~48~12 41~48~5 41~48~6 41~48~7 41~48~8 41~48~9 42 42~45~1 42~45~2 42~45~3 51,76,1,1,200,1
lin-lin03-regiao-f4,11 11~21~2 11~44~1 11~44~2 11~44~3 11~44~4 11~44~5 11~44~6 11~44~7 17 17~20~1 17~20~2 17~20~3 17~20~4 17~20~5 17~20~6 17~51~1 17~51~2 17~52~1 17~52~2 17~52~3 17~52~4 17~52~5 17~52~6 21 21~42~1 21~42~2 21~42~3 21~42~4 21~42~5 21~42~6 21~42~7 22 22~45~1 22~45~2 22~45~3 22~45~4 22~45~5 22~45~6 22~45~7 22~48~2 22~48~3 22~48~4 22~48~5 23~51~10 23~51~11 23~51~12 23~51~13 23~51~14 34~39~1 34~39~2 34~39~3 34~51~1 34~51~2 36~39~3 36~39~4 36~39~5 36~39~6 39 39~54~1 39~54~2 39~54~3 39~54~4 41~48~10 41~48~11 41~48~12 41~48~5 41~48~6 41~48~7 41~48~8 41~48~9 42 42~45~1 42~45~2 42~45~3 51,76,17,17,200,1
lin-lin03-regiao-f4,11 11~21~2 11~44~1 11~44~2 11~44~3 11~44~4 11~44~5 11~44~6 11~44~7 17 17~20~1 17~20~2 17~20~3 17~20~4 17~20~5 17~20~6 17~51~1 17~51~2 17~52~1 17~52~2 17~52~3 17~52~4 17~52~5 17~52~6 21 21~42~1 21~42~2 21~42~3 21~42~4 21~42~5 21~42~6 21~42~7 22~45~1 22~45~2 22~45~3 22~45~4 22~45~5 22~45~6 22~45~7 22~45~8 22~48~1 22~48~2 22~48~3 22~48~4 22~48~5 23~51~10 23~51~11 23~51~12 23~51~13 23~51~14 34~39~1 34~39~2 34~39~3 34~51~1 34~51~2 36~39~3 36~39~4 36~39~5 36~39~6 39 39~54~1 39~54~2 39~54~3 39~54~4 41~48~10 41~48~11 41~48~12 41~48~5 41~48~6 41~48~7 41~48~8 41~48~9 42 42~45~1 42~45~2 42~45~3 51,77,8,8,200,1
lin-lin03-regiao-f4,11 11~21~1 11~21~2 11~44~1 11~44~2 11~44~3 11~44~4 11~44~5 11~44~6 17 17~20~2 17~20~3 17~20~4 17~20~5 17~20~6 17~20~7 17~20~8 17~51~1 17~51~2 17~52~1 17~52~2 17~52~3 17~52~4 17~52~5 17~52~6 17~52~7 20 21 21~42~1 21~42~2 21~42~3 21~42~4 21~42~5 21~42~6 21~42~7 22 22~45~1 22~45~2 22~45~3 22~45~4 22~45~5 22~45~6 22~48~1 22~48~3 22~48~4 22~48~5 23~51~10 23~51~11 23~51~12 23~51~13 23~51~14 34~39~1 34~39~2 34~39~3 34~51~1 34~51~2 36~39~3 36~39~4 36~39~5 36~39~6 39 39~54~1 39~54~2 39~54~3 39~54~4 41~48~10 41~48~11 41~48~12 41~48~5 41~48~6 41~48~7 41~48~8 41~48~9 42 42~45~1 42~45~2 42~45~3 51,78,3,3,200,1
lin-lin03-regiao-f4,11 11~21~1 11~21~2 11~44~2 11~44~3 11~44~4 11~44~5 11~44~6 11~44~7 11~44~8 17 17~20~1 17~20~2 17~20~3 17~20~4 17~20~5 17~20~6 17~51~1 17~51~2 17~52~1 17~52~2 17~52~3 17~52~4 17~52~5 17~52~6 21 21~42~1 21~42~2 21~42~3 21~42~4 21~42~5 21~42~6 21~42~7 22 22~45~1 22~45~2 22~45~3 22~45~4 22~45~5 22~45~6 22~45~7 22~48~2 22~48~3 22~48~4 22~48~5 23~51~10 23~51~11 23~51~12 23~51~13 23~51~14 34~39~1 34~39~2 34~39~3 34~51~1 34~51~2 36~39~3 36~39~4 36~39~5 36~39~6 39 39~54~1 39~54~2 39~54~3 39~54~4 41~48~10 41~48~11 41~48~12 41~48~5 41~48~6 41~48~7 41~48~8 41~48~9 42 42~45~1 42~45~2 42~45~3 44 51,78,5,5,200,1
lin-lin03-regiao-f4,11 11~21~2 11~44~1 11~44~2 11~44~3 11~44~4 11~44~5 11~44~6 11~44~7 17 17~20~1 17~20~2 17~20~3 17~20~4 17~20~5 17~20~6 17~51~1 17~51~2 17~52~1 17~52~2 17~52~3 17~52~4 17~52~5 17~52~6 21 21~42~1 21~42~2 21~42~3 21~42~4 21~42~5 21~42~6 21~42~7 22 22~45~2 22~45~3 22~45~4 22~45~5 22~45~6 22~45~7 22~45~8 22~45~9 22~48~1 22~48~2 22~48~3 22~48~4 22~48~5 23~51~10 23~51~11 23~51~12 23~51~13 23~51~14 34~39~1 34~39~2 34~39~3 34~51~1 34~51~2 36~39~3 36~39~4 36~39~5 36~39~6 39 39~54~1 39~54~2 39~54~3 39~54~4 41~48~10 41~48~11 41~48~12 41~48~5 41~48~6 41~48~7 41~48~8 41~48~9 42 42~45~1 42~45~2 42~45~3 51,78,2,2,200,1
lin-lin03-regiao-f4,11 11~21~1 11~21~2 11~44~1 11~44~2 11~44~3 11~44~4 11~44~5 11~44~6 11~44~7 17~20~1 17~20~2 17~20~3 17~20~4 17~20~5 17~20~6 17~20~7 17~20~8 17~51~1 17~51~2 17~52~1 17~52~2 17~52~3 17~52~4 17~52~5 17~52~6 17~52~7 17~52~8 21 21~42~1 21~42~2 21~42~3 21~42~4 21~42~5 21~42~6 21~42~7 22 22~45~1 22~45~2 22~45~3 22~45~4 22~45~5 22~45~6 22~48~1 22~48~3 22~48~4 22~48~5 23~51~10 23~51~11 23~51~12 23~51~13 23~51~14 34~39~1 34~39~2 34~39~3 34~51~1 34~51~2 36~39~3 36~39~4 36~39~5 36~39~6 39 39~54~1 39~54~2 39~54~3 39~54~4 41~48~10 41~48~11 41~48~12 41~48~5 41~48~6 41~48~7 41~48~8 41~48~9 42 42~45~1 42~45~2 42~45~3 51,79,12,12,200,1
lin-lin03-regiao-f4,11 11~21~1 11~21~2 11~44~1 11~44~2 11~44~3 11~44~4 11~44~5 11~44~6 17 17~20~2 17~20~3 17~20~4 17~20~5 17~20~6 17~20~7 17~20~8 17~51~1 17~51~2 17~52~1 17~52~2 17~52~3 17~52~4 17~52~5 17~52~6 17~52~7 20 21 21~42~1 21~42~2 21~42~3 21~42~4 21~42~5 21~42~6 21~42~7 22 22~45~1 22~45~2 22~45~3 22~45~4 22~45~5 22~45~6 22~45~7 22~48~2 22~48~3 22~48~4 22~48~5 23~51~10 23~51~11 23~51~12 23~51~13 23~51~14 34~39~1 34~39~2 34~39~3 34~51~1 34~51~2 36~39~3 36~39~4 36~39~5 36~39~6 39 39~54~1 39~54~2 39~54~3 39~54~4 41~48~10 41~48~11 41~48~12 41~48~5 41~48~6 41~48~7 41~48~8 41~48~9 42 42~45~1 42~45~2 42~45~3 51,79,3,3,200,1
lin-lin03-regiao-f4,11 11~21~1 11~21~2 11~44~2 11~44~3 11~44~4 11~44~5 11~44~6 11~44~7 11~44~8 17 17~20~1 17~20~2 17~20~3 17~20~4 17~20~5 17~20~6 17~51~1 17~51~2 17~52~1 17~52~2 17~52~3 17~52~4 17~52~5 17~52~6 21 21~42~1 21~42~2 21~42~3 21~42~4 21~42~5 21~42~6 21~42~7 22~45~1 22~45~2 22~45~3 22~45~4 22~45~5 22~45~6 22~45~7 22~45~8 22~48~1 22~48~2 22~48~3 22~48~4 22~48~5 23~51~10 23~51~11 23~51~12 23~51~13 23~51~14 34~39~1 34~39~2 34~39~3 34~51~1 34~51~2 36~39~3 36~39~4 36~39~5 36~39~6 39 39~54~1 39~54~2 39~54~3 39~54~4 41~48~10 41~48~11 41~48~12 41~48~5 41~48~6 41~48~7 41~48~8 41~48~9 42 42~45~1 42~45~2 42~45~3 44 51,79,1,1,200,1
lin-lin03-regiao-f4,11~21~1 11~21~2 11~44~1 11~44~2 11~44~3 11~44~4 11~44~5 11~44~6 11~44~7 11~44~8 17 17~20~1 17~20~2 17~20~3 17~20~4 17~20~5 17~20~6 17~20~7 17~51~1 17~51~2 17~52~1 17~52~2 17~52~3 17~52~4 17~52~5 17~52~6 17~52~7 21 21~42~1 21~42~2 21~42~3 21~42~4 21~42~5 21~42~6 21~42~7 22 22~45~1 22~45~2 22~45~3 22~45~4 22~45~5 22~45~6 22~45~7 22~48~2 22~48~3 22~48~4 22~48~5 23~51~10 23~51~11 23~51~12 23~51~13 23~51~14 34~39~1 34~39~2 34~39~3 34~51~1 34~51~2 36~39~3 36~39~4 36~39~5 36~39~6 39 39~54~1 39~54~2 39~54~3 39~54~4 41~48~10 41~48~11 41~48~12 41~48~5 41~48~6 41~48~7 41~48~8 41~48~9 42 42~45~1 42~45~2 42~45~3 51,79,8,8,200,1
lin-lin03-regiao-f4,11 11~21~1 11~21~2 11~44~1 11~44~2 11~44~3 11~44~4 11~44~5 11~44~6 11~44~7 17~20~1 17~20~2 17~20~3 17~20~4 17~20~5 17~20~6 17~20~7 17~20~8 17~51~1 17~51~2 17~52~1 17~52~2 17~52~3 17~52~4 17~52~5 17~52~6 17~52~7 17~52~8 21 21~42~1 21~42~2 21~42~3 21~42~4 21~42~5 21~42~6 21~42~7 22 22~45~1 22~45~2 22~45~3 22~45~4 22~45~5 22~45~6 22~45~7 22~48~2 22~48~3 22~48~4 22~48~5 23~51~10 23~51~11 23~51~12 23~51~13 23~51~14 34~39~1 34~39~2 34~39~3 34~51~1 34~51~2 36~39~3 36~39~4 36~39~5 36~39~6 39 39~54~1 39~54~2 39~54~3 39~54~4 41~48~10 41~48~11 41~48~12 41~48~5 41~48~6 41~48~7 41~48~8 41~48~9 42 42~45~1 42~45~2 42~45~3 51,80,11,11,200,1
lin-lin03-regiao-f4,11~21~1 11~21~2 11~44~1 11~44~2 11~44~3 11~44~4 11~44~5 11~44~6 11~44~7 11~44~8 17 17~20~1 17~20~2 17~20~3 17~20~4 17~20~5 17~20~6 17~20~7 17~51~1 17~51~2 17~52~1 17~52~2 17~52~3 17~52~4 17~52~5 17~52~6 17~52~7 21 21~42~1 21~42~2 21~42~3 21~42~4 21~42~5 21~42~6 21~42~7 22~45~1 22~45~2 22~45~3 22~45~4 22~45~5 22~45~6 22~45~7 22~45~8 22~48~1 22~48~2 22~48~3 22~48~4 22~48~5 23~51~10 23~51~11 23~51~12 23~51~13 23~51~14 34~39~1 34~39~2 34~39~3 34~51~1 34~51~2 36~39~3 36~39~4 36~39~5 36~39~6 39 39~54~1 39~54~2 39~54~3 39~54~4 41~48~10 41~48~11 41~48~12 41~48~5 41~48~6 41~48~7 41~48~8 41~48~9 42 42~45~1 42~45~2 42~45~3 51,80,2,2,200,1
lin-lin03-regiao-f4,11 11~21~1 11~21~2 11~44~1 11~44~2 11~44~3 11~44~4 11~44~5 11~44~6 11~44~7 17~20~1 17~20~2 17~20~3 17~20~4 17~20~5 17~20~6 17~20~7 17~20~8 17~51~1 17~51~2 17~52~1 17~52~2 17~52~3 17~52~4 17~52~5 17~52~6 17~52~7 17~52~8 21 21~42~1 21~42~2 21~42~3 21~42~4 21~42~5 21~42~6 21~42~7 22~45~1 22~45~2 22~45~3 22~45~4 22~45~5 22~45~6 22~45~7 22~45~8 22~48~1 22~48~2 22~48~3 22~48~4 22~48~5 23~51~10 23~51~11 23~51~12 23~51~13 23~51~14 34~39~1 34~39~2 34~39~3 34~51~1 34~51~2 36~39~3 36~39~4 36~39~5 36~39~6 39 39~54~1 39~54~2 39~54~3 39~54~4 41~48~10 41~48~11 41~48~12 41~48~5 41~48~6 41~48~7 41~48~8 41~48~9 42 42~45~1 42~45~2 42~45~3 51,81,7,7,200,1
lin-lin03-regiao-f4,11 11~21~1 11~21~2 11~44~1 11~44~2 11~44~3 11~44~4 11~44~5 11~44~6 11~44~7 17~20~1 17~20~2 17~20~3 17~20~4 17~20~5 17~20~6 17~20~7 17~20~8 17~51~1 17~51~2 17~52~1 17~52~2 17~52~3 17~52~4 17~52~5 17~52~6 17~52~7 17~52~8 21 21~42~1 21~42~2 21~42~3 21~42~4 21~42~5 21~42~6 21~42~7 22 22~45~2 22~45~3 22~45~4 22~45~5 22~45~6 22~45~7 22~45~8 22~45~9 22~48~1 22~48~2 22~48~3 22~48~4 22~48~5 23~51~10 23~51~11 23~51~12 23~51~13 23~51~14 34~39~1 34~39~2 34~39~3 34~51~1 34~51~2 36~39~3 36~39~4 36~39~5 36~39~6 39 39~54~1 39~54~2 39~54~3 39~54~4 41~48~10 41~48~11 41~48~12 41~48~5 41~48~6 41~48~7 41~48~8 41~48~9 42 42~45~1 42~45~2 42~45~3 51,82,3,3,200,1
lin-lin03-regiao-f4,11 11~21~1 11~44~1 11~44~2 11~44~3 11~44~4 11~44~5 11~44~6 17 17~20~1 17~20~2 17~20~3 17~20~4 17~20~5 17~51~1 17~51~2 17~52~1 17~52~2 17~52~3 17~52~4 17~52~5 21 21~42~1 21~42~2 21~42~3 21~42~4 21~42~5 21~42~6 21~42~7 22 22~45~1 22~45~2 22~45~3 22~45~4 22~45~5 22~45~7 22~45~8 22~45~9 22~48~1 22~48~3 22~48~4 22~48~5 23~51~10 23~51~11 23~51~12 23~51~13 23~51~14 23~51~9 27~54~4 27~54~5 27~54~6 34~39~1 34~39~2 34~39~3 34~51~1 34~51~2 36~39~3 36~39~4 36~39~5 36~39~6 39 39~54~1 39~54~2 39~54~3 39~54~4 39~54~5 39~54~6 41~48~10 41~48~11 41~48~12 41~48~5 41~48~6 41~48~7 41~48~8 41~48~9 42 42~45~1 42~45~2 42~45~3 42~45~4 42~45~5 42~45~6 45 51 54,85,1,1,200,1
lin-lin03-regiao-f4,11 11~21~1 11~44~1 11~44~2 11~44~3 11~44~4 11~44~5 11~44~6 17 17~20~1 17~20~2 17~20~3 17~20~4 17~20~5 17~51~1 17~51~2 17~52~1 17~52~2 17~52~3 17~52~4 17~52~5 21 21~42~1 21~42~2 21~42~3 21~42~4 21~42~5 21~42~6 21~42~7 22 22~45~1 22~45~2 22~45~3 22~45~4 22~45~5 22~45~7 22~45~8 22~45~9 22~48~2 22~48~3 22~48~4 22~48~5 23~51~10 23~51~11 23~51~12 23~51~13 23~51~14 23~51~9 27~54~4 27~54~5 27~54~6 34~39~1 34~39~2 34~39~3 34~51~1 34~51~2 36~39~3 36~39~4 36~39~5 36~39~6 39 39~54~1 39~54~2 39~54~3 39~54~4 39~54~5 39~54~6 41~48~10 41~48~11 41~48~12 41~48~5 41~48~6 41~48~7 41~48~8 41~48~9 42 42~45~1 42~45~2 42~45~3 42~45~4 42~45~5 42~45~6 45 51 54,85,2,2,200,1
lin-lin03-regiao-f4,11 11~21~1 11~44~1 11~44~2 11~44~3 11~44~4 11~44~5 11~44~6 17 17~20~1 17~20~2 17~20~3 17~20~4 17~20~5 17~51~1 17~51~2 17~52~1 17~52~2 17~52~3 17~52~4 17~52~5 21 21~42~1 21~42~2 21~42~3 21~42~4 21~42~5 21~42~6 21~42~7 22 22~45~1 22~45~3 22~45~4 22~45~5 22~45~7 22~45~8 22~45~9 22~48~1 22~48~2 22~48~3 22~48~4 22~48~5 23~51~10 23~51~11 23~51~12 23~51~13 23~51~14 23~51~9 27~54~4 27~54~5 27~54~6 34~39~1 34~39~2 34~39~3 34~51~1 34~51~2 36~39~3 36~39~4 36~39~5 36~39~6 39 39~54~1 39~54~2 39~54~3 39~54~4 39~54~5 39~54~6 41~48~10 41~48~11 41~48~12 41~48~5 41~48~6 41~48~7 41~48~8 41~48~9 42 42~45~1 42~45~2 42~45~3 42~45~4 42~45~5 42~45~6 45 51 54,85,1,1,200,1
lin-lin03-regiao-f4,11 11~21~1 11~44~1 11~44~2 11~44~3 11~44~4 11~44~5 11~44~6 17 17~20~1 17~20~2 17~20~3 17~20~4 17~20~5 17~51~1 17~51~2 17~52~1 17~52~2 17~52~3 17~52~4 17~52~5 21 21~42~1 21~42~2 21~42~3 21~42~4 21~42~5 21~42~6 21~42~7 22 22~45~2 22~45~3 22~45~4 22~45~5 22~45~7 22~45~8 22~45~9 22~48~1 22~48~2 22~48~3 22~48~4 22~48~5 23~51~10 23~51~11 23~51~12 23~51~13 23~51~14 23~51~9 27~54~4 27~54~5 27~54~6 34~39~1 34~39~2 34~39~3 34~51~1 34~51~2 36~39~3 36~39~4 36~39~5 36~39~6 39 39~54~1 39~54~2 39~54~3 39~54~4 39~54~5 39~54~6 41~48~10 41~48~11 41~48~12 41~48~5 41~48~6 41~48~7 41~48~8 41~48~9 42 42~45~1 42~45~2 42~45~3 42~45~4 42~45~5 42~45~6 45 51 54,85,2,2,200,1
lin-lin03-regiao-f4,11 11~21~1 11~44~1 11~44~2 11~44~3 11~44~4 11~44~5 11~44~6 17 17~20~1 17~20~2 17~20~3 17~20~4 17~20~5 17~51~1 17~51~2 17~52~1 17~52~2 17~52~3 17~52~4 17~52~5 21 21~42~1 21~42~2 21~42~3 21~42~4 21~42~5 21~42~6 21~42~7 22~45~1 22~45~2 22~45~3 22~45~4 22~45~5 22~45~7 22~45~8 22~45~9 22~48~1 22~48~2 22~48~3 22~48~4 22~48~5 23~51~10 23~51~11 23~51~12 23~51~13 23~51~14 23~51~9 27~54~4 27~54~5 27~54~6 34~39~1 34~39~2 34~39~3 34~51~1 34~51~2 36~39~3 36~39~4 36~39~5 36~39~6 39 39~54~1 39~54~2 39~54~3 39~54~4 39~54~5 39~54~6 41~48~10 41~48~11 41~48~12 41~48~5 41~48~6 41~48~7 41~48~8 41~48~9 42 42~45~1 42~45~2 42~45~3 42~45~4 42~45~5 42~45~6 45 51 54,85,1,1,200,1
lin-lin03-regiao-f4,11 11~21~1 11~44~1 11~44~2 11~44~3 11~44~4 11~44~5 11~44~6 17 17~20~1 17~20~2 17~20~3 17~20~4 17~20~5 17~51~1 17~51~2 17~52~1 17~52~2 17~52~3 17~52~4 17~52~5 21 21~42~1 21~42~2 21~42~3 21~42~4 21~42~5 21~42~6 21~42~7 22 22~45~1 22~45~2 22~45~3 22~45~4 22~45~5 22~45~6 22~45~8 22~45~9 22~48~2 22~48~3 22~48~4 22~48~5 23~51~10 23~51~11 23~51~12 23~51~13 23~51~14 23~51~9 27~54~3 27~54~4 27~54~5 27~54~6 34~39~1 34~39~2 34~39~3 34~51~1 34~51~2 36~39~3 36~39~4 36~39~5 36~39~6 39 39~54~1 39~54~2 39~54~3 39~54~4 39~54~5 39~54~6 41~48~10 41~48~11 41~48~12 41~48~5 41~48~6 41~48~7 41~48~8 41~48~9 42 42~45~1 42~45~2 42~45~3 42~45~4 42~45~5 42~45~6 45 51 54,86,1,1,200,1
lin-lin03-regiao-f4,11 11~21~1 11~44~1 11~44~2 11~44~3 11~44~4 11~44~5 11~44~6 17 17~20~1 17~20~2 17~20~3 17~20~4 17~20~5 17~51~1 17~51~2 17~52~1 17~52~2 17~52~3 17~52~4 17~52~5 21 21~42~1 21~42~2 21~42~3 21~42~4 21~42~5 21~42~6 21~42~7 22 22~45~1 22~45~3 22~45~4 22~45~5 22~45~6 22~45~8 22~45~9 22~48~1 22~48~2 22~48~3 22~48~4 22~48~5 23~51~10 23~51~11 23~51~12 23~51~13 23~51~14 23~51~9 27~54~3 27~54~4 27~54~5 27~54~6 34~39~1 34~39~2 34~39~3 34~51~1 34~51~2 36~39~3 36~39~4 36~39~5 36~39~6 39 39~54~1 39~54~2 39~54~3 39~54~4 39~54~5 39~54~6 41~48~10 41~48~11 41~48~12 41~48~5 41~48~6 41~48~7 41~48~8 41~48~9 42 42~45~1 42~45~2 42~45~3 42~45~4 42~45~5 42~45~6 45 51 54,86,2,2,200,1
lin-lin03-regiao-f4,11 11~21~1 11~44~1 11~44~2 11~44~3 11~44~4 11~44~5 11~44~6 17 17~20~1 17~20~2 17~20~3 17~20~4 17~20~5 17~51~1 17~51~2 17~52~1 17~52~2 17~52~3 17~52~4 17~52~5 21 21~42~1 21~42~2 21~42~3 21~42~4 21~42~5 21~42~6 21~42~7 22 22~45~2 22~45~3 22~45~4 22~45~5 22~45~6 22~45~8 22~45~9 22~48~1 22~48~2 22~48~3 22~48~4 22~48~5 23~51~10 23~51~11 23~51~12 23~51~13 23~51~14 23~51~9 27~54~3 27~54~4 27~54~5 27~54~6 34~39~1 34~39~2 34~39~3 34~51~1 34~51~2 36~39~3 36~39~4 36~39~5 36~39~6 39 39~54~1 39~54~2 39~54~3 39~54~4 39~54~5 39~54~6 41~48~10 41~48~11 41~48~12 41~48~5 41~48~6 41~48~7 41~48~8 41~48~9 42 42~45~1 42~45~2 42~45~3 42~45~4 42~45~5 42~45~6 45 51 54,86,1,1,200,1
lin-lin03-regiao-f4,11 11~21~1 11~44~1 11~44~2 11~44~3 11~44~4 11~44~5 11~44~6 17 17~20~1 17~20~2 17~20~3 17~20~4 17~20~5 17~51~1 17~51~2 17~52~1 17~52~2 17~52~3 17~52~4 17~52~5 21 21~42~1 21~42~2 21~42~3 21~42~4 21~42~5 21~42~6 21~42~7 22~45~1 22~45~2 22~45~3 22~45~4 22~45~5 22~45~6 22~45~8 22~45~9 22~48~1 22~48~2 22~48~3 22~48~4 22~48~5 23~51~10 23~51~11 23~51~12 23~51~13 23~51~14 23~51~9 27~54~3 27~54~4 27~54~5 27~54~6 34~39~1 34~39~2 34~39~3 34~51~1 34~51~2 36~39~3 36~39~4 36~39~5 36~39~6 39 39~54~1 39~54~2 39~54~3 39~54~4 39~54~5 39~54~6 41~48~10 41~48~11 41~48~12 41~48~5 41~48~6 41~48~7 41~48~8 41~48~9 42 42~45~1 42~45~2 42~45~3 42~45~4 42~45~5 42~45~6 45 51 54,86,1,1,200,1
lin-lin03-regiao-f4,11 11~21~1 11~44~1 11~44~2 11~44~3 11~44~4 11~44~5 11~44~6 17 17~20~1 17~20~2 17~20~3 17~20~4 17~20~5 17~51~1 17~51~2 17~52~1 17~52~2 17~52~3 17~52~4 17~52~5 21 21~42~1 21~42~2 21~42~3 21~42~4 21~42~5 21~42~6 21~42~7 22 22~45~1 22~45~3 22~45~4 22~45~5 22~45~6 22~45~7 22~45~9 22~48~1 22~48~2 22~48~3 22~48~4 22~48~5 23~51~10 23~51~11 23~51~12 23~51~13 23~51~14 23~51~9 27~54~2 27~54~3 27~54~4 27~54~5 27~54~6 34~39~1 34~39~2 34~39~3 34~51~1 34~51~2 36~39~3 36~39~4 36~39~5 36~39~6 39 39~54~1 39~54~2 39~54~3 39~54~4 39~54~5 39~54~6 41~48~10 41~48~11 41~48~12 41~48~5 41~48~6 41~48~7 41~48~8 41~48~9 42 42~45~1 42~45~2 42~45~3 42~45~4 42~45~5 42~45~6 45 51 54,87,1,1,200,1
lin-lin03-regiao-f4,11 11~21~1 11~44~1 11~44~2 11~44~3 11~44~4 11~44~5 11~44~6 17 17~20~1 17~20~2 17~20~3 17~20~4 17~20~5 17~51~1 17~51~2 17~52~1 17~52~2 17~52~3 17~52~4 17~52~5 21 21~42~1 21~42~2 21~42~3 21~42~4 21~42~5 21~42~6 21~42~7 22 22~45~2 22~45~3 22~45~4 22~45~5 22~45~6 22~45~7 22~45~9 22~48~1 22~48~2 22~48~3 22~48~4 22~48~5 23~51~10 23~51~11 23~51~12 23~51~13 23~51~14 23~51~9 27~54~2 27~54~3 27~54~4 27~54~5 27~54~6 34~39~1 34~39~2 34~39~3 34~51~1 34~51~2 36~39~3 36~39~4 36~39~5 36~39~6 39 39~54~1 39~54~2 39~54~3 39~54~4 39~54~5 39~54~6 41~48~10 41~48~11 41~48~12 41~48~5 41~48~6 41~48~7 41~48~8 41~48~9 42 42~45~1 42~45~2 42~45~3 42~45~4 42~45~5 42~45~6 45 51 54,87,1,1,200,1
lin-lin03-regiao-f4,11 11~21~1 11~44~1 11~44~2 11~44~3 11~44~4 11~44~5 11~44~6 17 17~20~1 17~20~2 17~20~3 17~20~4 17~20~5 17~51~1 17~51~2 17~52~1 17~52~2 17~52~3 17~52~4 17~52~5 21 21~42~1 21~42~2 21~42~3 21~42~4 21~42~5 21~42~6 21~42~7 22~45~1 22~45~2 22~45~3 22~45~4 22~45~5 22~45~6 22~45~7 22~45~9 22~48~1 22~48~2 22~48~3 22~48~4 22~48~5 23~51~10 23~51~11 23~51~12 23~51~13 23~51~14 23~51~9 27~54~2 27~54~3 27~54~4 27~54~5 27~54~6 34~39~1 34~39~2 34~39~3 34~51~1 34~51~2 36~39~3 36~39~4 36~39~5 36~39~6 39 39~54~1 39~54~2 39~54~3 39~54~4 39~54~5 39~54~6 41~48~10 41~48~11 41~48~12 41~48~5 41~48~6 41~48~7 41~48~8 41~48~9 42 42~45~1 42~45~2 42~45~3 42~45~4 42~45~5 42~45~6 45 51 54,87,1,1,200,1
lin-lin03-regiao-f4,11 11~21~2 11~44~1 11~44~2 11~44~3 11~44~4 11~44~5 11~44~6 11~44~7 17 17~20~1 17~20~2 17~20~3 17~20~4 17~20~5 17~20~6 17~51~1 17~51~2 17~52~1 17~52~2 17~52~3 17~52~4 17~52~5 17~52~6 21 21~42~1 21~42~2 21~42~3 21~42~4 21~42~5 21~42~6 21~42~7 22 22~45~1 22~45~2 22~45~3 22~45~4 22~45~5 22~45~7 22~45~8 22~45~9 22~48~1 22~48~3 22~48~4 22~48~5 23~51~10 23~51~11 23~51~12 23~51~13 23~51~14 27~54~4 27~54~5 27~54~6 34~39~1 34~39~2 34~39~3 34~51~1 34~51~2 36~39~3 36~39~4 36~39~5 36~39~6 39 39~54~1 39~54~2 39~54~3 39~54~4 39~54~5 39~54~6 41~48~10 41~48~11 41~48~12 41~48~5 41~48~6 41~48~7 41~48~8 41~48~9 42 42~45~1 42~45~2 42~45~3 42~45~4 42~45~5 42~45~6 45 51 54,87,1,1,200,1
lin-lin03-regiao-f4,11 11~21~2 11~44~1 11~44~2 11~44~3 11~44~4 11~44~5 11~44~6 11~44~7 17 17~20~1 17~20~2 17~20~3 17~20~4 17~20~5 17~20~6 17~51~1 17~51~2 17~52~1 17~52~2 17~52~3 17~52~4 17~52~5 17~52~6 21 21~42~1 21~42~2 21~42~3 21~42~4 21~42~5 21~42~6 21~42~7 22 22~45~1 22~45~2 22~45~3 22~45~4 22~45~5 22~45~7 22~45~8 22~45~9 22~48~2 22~48~3 22~48~4 22~48~5 23~51~10 23~51~11 23~51~12 23~51~13 23~51~14 27~54~4 27~54~5 27~54~6 34~39~1 34~39~2 34~39~3 34~51~1 34~51~2 36~39~3 36~39~4 36~39~5 36~39~6 39 39~54~1 39~54~2 39~54~3 39~54~4 39~54~5 39~54~6 41~48~10 41~48~11 41~48~12 41~48~5 41~48~6 41~48~7 41~48~8 41~48~9 42 42~45~1 42~45~2 42~45~3 42~45~4 42~45~5 42~45~6 45 51 54,87,2,2,200,1
lin-lin03-regiao-f4,11 11~21~2 11~44~1 11~44~2 11~44~3 11~44~4 11~44~5 11~44~6 11~44~7 17 17~20~1 17~20~2 17~20~3 17~20~4 17~20~5 17~20~6 17~51~1 17~51~2 17~52~1 17~52~2 17~52~3 17~52~4 17~52~5 17~52~6 21 21~42~1 21~42~2 21~42~3 21~42~4 21~42~5 21~42~6 21~42~7 22 22~45~1 22~45~3 22~45~4 22~45~5 22~45~7 22~45~8 22~45~9 22~48~1 22~48~2 22~48~3 22~48~4 22~48~5 23~51~10 23~51~11 23~51~12 23~51~13 23~51~14 27~54~4 27~54~5 27~54~6 34~39~1 34~39~2 34~39~3 34~51~1 34~51~2 36~39~3 36~39~4 36~39~5 36~39~6 39 39~54~1 39~54~2 39~54~3 39~54~4 39~54~5 39~54~6 41~48~10 41~48~11 41~48~12 41~48~5 41~48~6 41~48~7 41~48~8 41~48~9 42 42~45~1 42~45~2 42~45~3 42~45~4 42~45~5 42~45~6 45 51 54,87,1,1,200,1
lin-lin03-regiao-f4,11 11~21~2 11~44~1 11~44~2 11~44~3 11~44~4 11~44~5 11~44~6 11~44~7 17 17~20~1 17~20~2 17~20~3 17~20~4 17~20~5 17~20~6 17~51~1 17~51~2 17~52~1 17~52~2 17~52~3 17~52~4 17~52~5 17~52~6 21 21~42~1 21~42~2 21~42~3 21~42~4 21~42~5 21~42~6 21~42~7 22 22~45~2 22~45~3 22~45~4 22~45~5 22~45~7 22~45~8 22~45~9 22~48~1 22~48~2 22~48~3 22~48~4 22~48~5 23~51~10 23~51~11 23~51~12 23~51~13 23~51~14 27~54~4 27~54~5 27~54~6 34~39~1 34~39~2 34~39~3 34~51~1 34~51~2 36~39~3 36~39~4 36~39~5 36~39~6 39 39~54~1 39~54~2 39~54~3 39~54~4 39~54~5 39~54~6 41~48~10 41~48~11 41~48~12 41~48~5 41~48~6 41~48~7 41~48~8 41~48~9 42 42~45~1 42~45~2 42~45~3 42~45~4 42~45~5 42~45~6 45 51 54,87,3,3,200,1
lin-lin03-regiao-f4,11 11~21~2 11~44~1 11~44~2 11~44~3 11~44~4 11~44~5 11~44~6 11~44~7 17 17~20~1 17~20~2 17~20~3 17~20~4 17~20~5 17~20~6 17~51~1 17~51~2 17~52~1 17~52~2 17~52~3 17~52~4 17~52~5 17~52~6 21 21~42~1 21~42~2 21~42~3 21~42~4 21~42~5 21~42~6 21~42~7 22~45~1 22~45~2 22~45~3 22~45~4 22~45~5 22~45~7 22~45~8 22~45~9 22~48~1 22~48~2 22~48~3 22~48~4 22~48~5 23~51~10 23~51~11 23~51~12 23~51~13 23~51~14 27~54~4 27~54~5 27~54~6 34~39~1 34~39~2 34~39~3 34~51~1 34~51~2 36~39~3 36~39~4 36~39~5 36~39~6 39 39~54~1 39~54~2 39~54~3 39~54~4 39~54~5 39~54~6 41~48~10 41~48~11 41~48~12 41~48~5 41~48~6 41~48~7 41~48~8 41~48~9 42 42~45~1 42~45~2 42~45~3 42~45~4 42~45~5 42~45~6 45 51 54,87,4,4,200,1
lin-lin03-regiao-f4,11 11~21~1 11~44~1 11~44~2 11~44~3 11~44~4 11~44~5 11~44~6 17 17~20~1 17~20~2 17~20~3 17~20~4 17~20~5 17~51~1 17~51~2 17~52~1 17~52~2 17~52~3 17~52~4 17~52~5 21 21~42~1 21~42~2 21~42~3 21~42~4 21~42~5 21~42~6 21~42~7 22 22~45~1 22~45~3 22~45~4 22~45~5 22~45~6 22~45~7 22~45~8 22~48~1 22~48~2 22~48~3 22~48~4 22~48~5 23~51~10 23~51~11 23~51~12 23~51~13 23~51~14 23~51~9 27~54~1 27~54~2 27~54~3 27~54~4 27~54~5 27~54~6 34~39~1 34~39~2 34~39~3 34~51~1 34~51~2 36~39~3 36~39~4 36~39~5 36~39~6 39 39~54~1 39~54~2 39~54~3 39~54~4 39~54~5 39~54~6 41~48~10 41~48~11 41~48~12 41~48~5 41~48~6 41~48~7 41~48~8 41~48~9 42 42~45~1 42~45~2 42~45~3 42~45~4 42~45~5 42~45~6 45 51 54,88,2,2,200,1
lin-lin03-regiao-f4,11 11~21~1 11~44~1 11~44~2 11~44~3 11~44~4 11~44~5 11~44~6 17 17~20~1 17~20~2 17~20~3 17~20~4 17~20~5 17~51~1 17~51~2 17~52~1 17~52~2 17~52~3 17~52~4 17~52~5 21 21~42~1 21~42~2 21~42~3 21~42~4 21~42~5 21~42~6 21~42~7 22 22~45~2 22~45~3 22~45~4 22~45~5 22~45~6 22~45~7 22~45~8 22~48~1 22~48~2 22~48~3 22~48~4 22~48~5 23~51~10 23~51~11 23~51~12 23~51~13 23~51~14 23~51~9 27~54~1 27~54~2 27~54~3 27~54~4 27~54~5 27~54~6 34~39~1 34~39~2 34~39~3 34~51~1 34~51~2 36~39~3 36~39~4 36~39~5 36~39~6 39 39~54~1 39~54~2 39~54~3 39~54~4 39~54~5 39~54~6 41~48~10 41~48~11 41~48~12 41~48~5 41~48~6 41~48~7 41~48~8 41~48~9 42 42~45~1 42~45~2 42~45~3 42~45~4 42~45~5 42~45~6 45 51 54,88,2,2,200,1
lin-lin03-regiao-f4,11 11~21~2 11~44~1 11~44~2 11~44~3 11~44~4 11~44~5 11~44~6 11~44~7 17 17~20~1 17~20~2 17~20~3 17~20~4 17~20~5 17~20~6 17~51~1 17~51~2 17~52~1 17~52~2 17~52~3 17~52~4 17~52~5 17~52~6 21 21~42~1 21~42~2 21~42~3 21~42~4 21~42~5 21~42~6 21~42~7 22 22~45~1 22~45~2 22~45~3 22~45~4 22~45~5 22~45~6 22~45~8 22~45~9 22~48~2 22~48~3 22~48~4 22~48~5 23~51~10 23~51~11 23~51~12 23~51~13 23~51~14 27~54~3 27~54~4 27~54~5 27~54~6 34~39~1 34~39~2 34~39~3 34~51~1 34~51~2 36~39~3 36~39~4 36~39~5 36~39~6 39 39~54~1 39~54~2 39~54~3 39~54~4 39~54~5 39~54~6 41~48~10 41~48~11 41~48~12 41~48~5 41~48~6 41~48~7 41~48~8 41~48~9 42 42~45~1 42~45~2 42~45~3 42~45~4 42~45~5 42~45~6 45 51 54,88,2,2,200,1
lin-lin03-regiao-f4,11 11~21~2 11~44~1 11~44~2 11~44~3 11~44~4 11~44~5 11~44~6 11~44~7 17 17~20~1 17~20~2 17~20~3 17~20~4 17~20~5 17~20~6 17~51~1 17~51~2 17~52~1 17~52~2 17~52~3 17~52~4 17~52~5 17~52~6 21 21~42~1 21~42~2 21~42~3 21~42~4 21~42~5 21~42~6 21~42~7 22 22~45~1 22~45~3 22~45~4 22~45~5 22~45~6 22~45~8 22~45~9 22~48~1 22~48~2 22~48~3 22~48~4 22~48~5 23~51~10 23~51~11 23~51~12 23~51~13 23~51~14 27~54~3 27~54~4 27~54~5 27~54~6 34~39~1 34~39~2 34~39~3 34~51~1 34~51~2 36~39~3 36~39~4 36~39~5 36~39~6 39 39~54~1 39~54~2 39~54~3 39~54~4 39~54~5 39~54~6 41~48~10 41~48~11 41~48~12 41~48~5 41~48~6 41~48~7 41~48~8 41~48~9 42 42~45~1 42~45~2 42~45~3 42~45~4 42~45~5 42~45~6 45 51 54,88,1,1,200,1
lin-lin03-regiao-f4,11 11~21~2 11~44~1 11~44~2 11~44~3 11~44~4 11~44~5 11~44~6 11~44~7 17 17~20~1 17~20~2 17~20~3 17~20~4 17~20~5 17~20~6 17~51~1 17~51~2 17~52~1 17~52~2 17~52~3 17~52~4 17~52~5 17~52~6 21 21~42~1 21~42~2 21~42~3 21~42~4 21~42~5 21~42~6 21~42~7 22 22~45~2 22~45~3 22~45~4 22~45~5 22~45~6 22~45~8 22~45~9 22~48~1 22~48~2 22~48~3 22~48~4 22~48~5 23~51~10 23~51~11 23~51~12 23~51~13 23~51~14 27~54~3 27~54~4 27~54~5 27~54~6 34~39~1 34~39~2 34~39~3 34~51~1 34~51~2 36~39~3 36~39~4 36~39~5 36~39~6 39 39~54~1 39~54~2 39~54~3 39~54~4 39~54~5 39~54~6 41~48~10 41~48~11 41~48~12 41~48~5 41~48~6 41~48~7 41~48~8 41~48~9 42 42~45~1 42~45~2 42~45~3 42~45~4 42~45~5 42~45~6 45 51 54,88,2,2,200,1
lin-lin03-regiao-f4,11 11~21~2 11~44~1 11~44~2 11~44~3 11~44~4 11~44~5 11~44~6 11~44~7 17 17~20~1 17~20~2 17~20~3 17~20~4 17~20~5 17~20~6 17~51~1 17~51~2 17~52~1 17~52~2 17~52~3 17~52~4 17~52~5 17~52~6 21 21~42~1 21~42~2 21~42~3 21~42~4 21~42~5 21~42~6 21~42~7 22~45~1 22~45~2 22~45~3 22~45~4 22~45~5 22~45~6 22~45~8 22~45~9 22~48~1 22~48~2 22~48~3 22~48~4 22~48~5 23~51~10 23~51~11 23~51~12 23~51~13 23~51~14 27~54~3 27~54~4 27~54~5 27~54~6 34~39~1 34~39~2 34~39~3 34~51~1 34~51~2 36~39~3 36~39~4 36~39~5 36~39~6 39 39~54~1 39~54~2 39~54~3 39~54~4 39~54~5 39~54~6 41~48~10 41~48~11 41~48~12 41~48~5 41~48~6 41~48~7 41~48~8 41~48~9 42 42~45~1 42~45~2 42~45~3 42~45~4 42~45~5 42~45~6 45 51 54,88,2,2,200,1
lin-lin03-regiao-f4,11 11~21~1 11~44~1 11~44~2 11~44~3 11~44~4 11~44~5 11~44~6 17 17~20~1 17~20~2 17~20~3 17~20~4 17~20~5 17~51~1 17~51~2 17~52~1 17~52~2 17~52~3 17~52~4 17~52~5 21 21~42~1 21~42~2 21~42~3 21~42~4 21~42~5 21~42~6 21~42~7 22 22~45~1 22~45~3 22~45~4 22~45~5 22~45~6 22~45~7 22~45~8 22~45~9 22~48~1 22~48~2 22~48~3 22~48~4 22~48~5 23~51~10 23~51~11 23~51~12 23~51~13 23~51~14 23~51~9 27 27~54~1 27~54~2 27~54~3 27~54~4 27~54~5 27~54~6 34~39~1 34~39~2 34~39~3 34~51~1 34~51~2 36~39~3 36~39~4 36~39~5 36~39~6 39 39~54~1 39~54~2 39~54~3 39~54~4 39~54~5 39~54~6 41~48~10 41~48~11 41~48~12 41~48~5 41~48~6 41~48~7 41~48~8 41~48~9 42 42~45~1 42~45~2 42~45~3 42~45~4 42~45~5 42~45~6 51 54,89,1,1,200,1
lin-lin03-regiao-f4,11 11~21~2 11~44~1 11~44~2 11~44~3 11~44~4 11~44~5 11~44~6 11~44~7 17 17~20~1 17~20~2 17~20~3 17~20~4 17~20~5 17~20~6 17~51~1 17~51~2 17~52~1 17~52~2 17~52~3 17~52~4 17~52~5 17~52~6 21 21~42~1 21~42~2 21~42~3 21~42~4 21~42~5 21~42~6 21~42~7 22 22~45~1 22~45~3 22~45~4 22~45~5 22~45~6 22~45~7 22~45~9 22~48~1 22~48~2 22~48~3 22~48~4 22~48~5 23~51~10 23~51~11 23~51~12 23~51~13 23~51~14 27~54~2 27~54~3 27~54~4 27~54~5 27~54~6 34~39~1 34~39~2 34~39~3 34~51~1 34~51~2 36~39~3 36~39~4 36~39~5 36~39~6 39 39~54~1 39~54~2 39~54~3 39~54~4 39~54~5 39~54~6 41~48~10 41~48~11 41~48~12 41~48~5 41~48~6 41~48~7 41~48~8 41~48~9 42 42~45~1 42~45~2 42~45~3 42~45~4 42~45~5 42~45~6 45 51 54,89,1,1,200,1
lin-lin03-regiao-f4,11 11~21~2 11~44~1 11~44~2 11~44~3 11~44~4 11~44~5 11~44~6 11~44~7 17 17~20~1 17~20~2 17~20~3 17~20~4 17~20~5 17~20~6 17~51~1 17~51~2 17~52~1 17~52~2 17~52~3 17~52~4 17~52~5 17~52~6 21 21~42~1 21~42~2 21~42~3 21~42~4 21~42~5 21~42~6 21~42~7 22 22~45~2 22~45~3 22~45~4 22~45~5 22~45~6 22~45~7 22~45~9 22~48~1 22~48~2 22~48~3 22~48~4 22~48~5 23~51~10 23~51~11 23~51~12 23~51~13 23~51~14 27~54~2 27~54~3 27~54~4 27~54~5 27~54~6 34~39~1 34~39~2 34~39~3 34~51~1 34~51~2 36~39~3 36~39~4 36~39~5 36~39~6 39 39~54~1 39~54~2 39~54~3 39~54~4 39~54~5 39~54~6 41~48~10 41~48~11 41~48~12 41~48~5 41~48~6 41~48~7 41~48~8 41~48~9 42 42~45~1 42~45~2 42~45~3 42~45~4 42~45~5 42~45~6 45 51 54,89,2,2,200,1
lin-lin03-regiao-f4,11 11~21~2 11~44~1 11~44~2 11~44~3 11~44~4 11~44~5 11~44~6 11~44~7 17 17~20~1 17~20~2 17~20~3 17~20~4 17~20~5 17~20~6 17~51~1 17~51~2 17~52~1 17~52~2 17~52~3 17~52~4 17~52~5 17~52~6 21 21~42~1 21~42~2 21~42~3 21~42~4 21~42~5 21~42~6 21~42~7 22~45~1 22~45~2 22~45~3 22~45~4 22~45~5 22~45~6 22~45~7 22~45~9 22~48~1 22~48~2 22~48~3 22~48~4 22~48~5 23~51~10 23~51~11 23~51~12 23~51~13 23~51~14 27~54~2 27~54~3 27~54~4 27~54~5 27~54~6 34~39~1 34~39~2 34~39~3 34~51~1 34~51~2 36~39~3 36~39~4 36~39~5 36~39~6 39 39~54~1 39~54~2 39~54~3 39~54~4 39~54~5 39~54~6 41~48~10 41~48~11 41~48~12 41~48~5 41~48~6 41~48~7 41~48~8 41~48~9 42 42~45~1 42~45~2 42~45~3 42~45~4 42~45~5 42~45~6 45 51 54,89,2,2,200,1
lin-lin03-regiao-f4,11 11~21~2 11~44~1 11~44~2 11~44~3 11~44~4 11~44~5 11~44~6 11~44~7 17 17~20~1 17~20~2 17~20~3 17~20~4 17~20~5 17~20~6 17~51~1 17~51~2 17~52~1 17~52~2 17~52~3 17~52~4 17~52~5 17~52~6 21 21~42~1 21~42~2 21~42~3 21~42~4 21~42~5 21~42~6 21~42~7 22 22~45~1 22~45~3 22~45~4 22~45~5 22~45~6 22~45~7 22~45~8 22~48~1 22~48~2 22~48~3 22~48~4 22~48~5 23~51~10 23~51~11 23~51~12 23~51~13 23~51~14 27~54~1 27~54~2 27~54~3 27~54~4 27~54~5 27~54~6 34~39~1 34~39~2 34~39~3 34~51~1 34~51~2 36~39~3 36~39~4 36~39~5 36~39~6 39 39~54~1 39~54~2 39~54~3 39~54~4 39~54~5 39~54~6 41~48~10 41~48~11 41~48~12 41~48~5 41~48~6 41~48~7 41~48~8 41~48~9 42 42~45~1 42~45~2 42~45~3 42~45~4 42~45~5 42~45~6 45 51 54,90,3,3,200,1
lin-lin03-regiao-f4,11 11~21~2 11~44~1 11~44~2 11~44~3 11~44~4 11~44~5 11~44~6 11~44~7 17 17~20~1 17~20~2 17~20~3 17~20~4 17~20~5 17~20~6 17~51~1 17~51~2 17~52~1 17~52~2 17~52~3 17~52~4 17~52~5 17~52~6 21 21~42~1 21~42~2 21~42~3 21~42~4 21~42~5 21~42~6 21~42~7 22 22~45~2 22~45~3 22~45~4 22~45~5 22~45~6 22~45~7 22~45~8 22~48~1 22~48~2 22~48~3 22~48~4 22~48~5 23~51~10 23~51~11 23~51~12 23~51~13 23~51~14 27~54~1 27~54~2 27~54~3 27~54~4 27~54~5 27~54~6 34~39~1 34~39~2 34~39~3 34~51~1 34~51~2 36~39~3 36~39~4 36~39~5 36~39~6 39 39~54~1 39~54~2 39~54~3 39~54~4 39~54~5 39~54~6 41~48~10 41~48~11 41~48~12 41~48~5 41~48~6 41~48~7 41~48~8 41~48~9 42 42~45~1 42~45~2 42~45~3 42~45~4 42~45~5 42~45~6 45 51 54,90,4,4,200,1
lin-lin03-regiao-f4,11 11~21~1 11~21~2 11~44~1 11~44~2 11~44~3 11~44~4 11~44~5 11~44~6 11~44~7 17~20~1 17~20~2 17~20~3 17~20~4 17~20~5 17~20~6 17~20~7 17~20~8 17~51~1 17~51~2 17~52~1 17~52~2 17~52~3 17~52~4 17~52~5 17~52~6 17~52~7 17~52~8 21 21~42~1 21~42~2 21~42~3 21~42~4 21~42~5 21~42~6 21~42~7 22 22~45~1 22~45~2 22~45~3 22~45~4 22~45~5 22~45~7 22~45~8 22~45~9 22~48~1 22~48~3 22~48~4 22~48~5 23~51~10 23~51~11 23~51~12 23~51~13 23~51~14 27~54~4 27~54~5 27~54~6 34~39~1 34~39~2 34~39~3 34~51~1 34~51~2 36~39~3 36~39~4 36~39~5 36~39~6 39 39~54~1 39~54~2 39~54~3 39~54~4 39~54~5 39~54~6 41~48~10 41~48~11 41~48~12 41~48~5 41~48~6 41~48~7 41~48~8 41~48~9 42 42~45~1 42~45~2 42~45~3 42~45~4 42~45~5 42~45~6 45 51 54,91,2,2,200,1
lin-lin03-regiao-f4,11 11~21~1 11~21~2 11~44~1 11~44~2 11~44~3 11~44~4 11~44~5 11~44~6 11~44~7 17~20~1 17~20~2 17~20~3 17~20~4 17~20~5 17~20~6 17~20~7 17~20~8 17~51~1 17~51~2 17~52~1 17~52~2 17~52~3 17~52~4 17~52~5 17~52~6 17~52~7 17~52~8 21 21~42~1 21~42~2 21~42~3 21~42~4 21~42~5 21~42~6 21~42~7 22 22~45~1 22~45~2 22~45~3 22~45~4 22~45~5 22~45~7 22~45~8 22~45~9 22~48~2 22~48~3 22~48~4 22~48~5 23~51~10 23~51~11 23~51~12 23~51~13 23~51~14 27~54~4 27~54~5 27~54~6 34~39~1 34~39~2 34~39~3 34~51~1 34~51~2 36~39~3 36~39~4 36~39~5 36~39~6 39 39~54~1 39~54~2 39~54~3 39~54~4 39~54~5 39~54~6 41~48~10 41~48~11 41~48~12 41~48~5 41~48~6 41~48~7 41~48~8 41~48~9 42 42~45~1 42~45~2 42~45~3 42~45~4 42~45~5 42~45~6 45 51 54,91,2,2,200,1
lin-lin03-regiao-f4,11 11~21~1 11~21~2 11~44~1 11~44~2 11~44~3 11~44~4 11~44~5 11~44~6 11~44~7 17~20~1 17~20~2 17~20~3 17~20~4 17~20~5 17~20~6 17~20~7 17~20~8 17~51~1 17~51~2 17~52~1 17~52~2 17~52~3 17~52~4 17~52~5 17~52~6 17~52~7 17~52~8 21 21~42~1 21~42~2 21~42~3 21~42~4 21~42~5 21~42~6 21~42~7 22 22~45~1 22~45~3 22~45~4 22~45~5 22~45~7 22~45~8 22~45~9 22~48~1 22~48~2 22~48~3 22~48~4 22~48~5 23~51~10 23~51~11 23~51~12 23~51~13 23~51~14 27~54~4 27~54~5 27~54~6 34~39~1 34~39~2 34~39~3 34~51~1 34~51~2 36~39~3 36~39~4 36~39~5 36~39~6 39 39~54~1 39~54~2 39~54~3 39~54~4 39~54~5 39~54~6 41~48~10 41~48~11 41~48~12 41~48~5 41~48~6 41~48~7 41~48~8 41~48~9 42 42~45~1 42~45~2 42~45~3 42~45~4 42~45~5 42~45~6 45 51 54,91,2,2,200,1
lin-lin03-regiao-f4,11 11~21~1 11~21~2 11~44~1 11~44~2 11~44~3 11~44~4 11~44~5 11~44~6 11~44~7 17~20~1 17~20~2 17~20~3 17~20~4 17~20~5 17~20~6 17~20~7 17~20~8 17~51~1 17~51~2 17~52~1 17~52~2 17~52~3 17~52~4 17~52~5 17~52~6 17~52~7 17~52~8 21 21~42~1 21~42~2 21~42~3 21~42~4 21~42~5 21~42~6 21~42~7 22 22~45~2 22~45~3 22~45~4 22~45~5 22~45~7 22~45~8 22~45~9 22~48~1 22~48~2 22~48~3 22~48~4 22~48~5 23~51~10 23~51~11 23~51~12 23~51~13 23~51~14 27~54~4 27~54~5 27~54~6 34~39~1 34~39~2 34~39~3 34~51~1 34~51~2 36~39~3 36~39~4 36~39~5 36~39~6 39 39~54~1 39~54~2 39~54~3 39~54~4 39~54~5 39~54~6 41~48~10 41~48~11 41~48~12 41~48~5 41~48~6 41~48~7 41~48~8 41~48~9 42 42~45~1 42~45~2 42~45~3 42~45~4 42~45~5 42~45~6 45 51 54,91,2,2,200,1
lin-lin03-regiao-f4,11 11~21~1 11~21~2 11~44~1 11~44~2 11~44~3 11~44~4 11~44~5 11~44~6 11~44~7 17~20~1 17~20~2 17~20~3 17~20~4 17~20~5 17~20~6 17~20~7 17~20~8 17~51~1 17~51~2 17~52~1 17~52~2 17~52~3 17~52~4 17~52~5 17~52~6 17~52~7 17~52~8 21 21~42~1 21~42~2 21~42~3 21~42~4 21~42~5 21~42~6 21~42~7 22~45~1 22~45~2 22~45~3 22~45~4 22~45~5 22~45~7 22~45~8 22~45~9 22~48~1 22~48~2 22~48~3 22~48~4 22~48~5 23~51~10 23~51~11 23~51~12 23~51~13 23~51~14 27~54~4 27~54~5 27~54~6 34~39~1 34~39~2 34~39~3 34~51~1 34~51~2 36~39~3 36~39~4 36~39~5 36~39~6 39 39~54~1 39~54~2 39~54~3 39~54~4 39~54~5 39~54~6 41~48~10 41~48~11 41~48~12 41~48~5 41~48~6 41~48~7 41~48~8 41~48~9 42 42~45~1 42~45~2 42~45~3 42~45~4 42~45~5 42~45~6 45 51 54,91,3,3,200,1
lin-lin03-regiao-f4,11 11~21~2 11~44~1 11~44~2 11~44~3 11~44~4 11~44~5 11~44~6 11~44~7 17 17~20~1 17~20~2 17~20~3 17~20~4 17~20~5 17~20~6 17~51~1 17~51~2 17~52~1 17~52~2 17~52~3 17~52~4 17~52~5 17~52~6 21 21~42~1 21~42~2 21~42~3 21~42~4 21~42~5 21~42~6 21~42~7 22 22~45~1 22~45~3 22~45~4 22~45~5 22~45~6 22~45~7 22~45~8 22~45~9 22~48~1 22~48~2 22~48~3 22~48~4 22~48~5 23~51~10 23~51~11 23~51~12 23~51~13 23~51~14 27 27~54~1 27~54~2 27~54~3 27~54~4 27~54~5 27~54~6 34~39~1 34~39~2 34~39~3 34~51~1 34~51~2 36~39~3 36~39~4 36~39~5 36~39~6 39 39~54~1 39~54~2 39~54~3 39~54~4 39~54~5 39~54~6 41~48~10 41~48~11 41~48~12 41~48~5 41~48~6 41~48~7 41~48~8 41~48~9 42 42~45~1 42~45~2 42~45~3 42~45~4 42~45~5 42~45~6 51 54,91,1,1,200,1
lin-lin03-regiao-f4,11 11~21~1 11~21~2 11~44~1 11~44~2 11~44~3 11~44~4 11~44~5 11~44~6 11~44~7 17~20~1 17~20~2 17~20~3 17~20~4 17~20~5 17~20~6 17~20~7 17~20~8 17~51~1 17~51~2 17~52~1 17~52~2 17~52~3 17~52~4 17~52~5 17~52~6 17~52~7 17~52~8 21 21~42~1 21~42~2 21~42~3 21~42~4 21~42~5 21~42~6 21~42~7 22 22~45~1 22~45~2 22~45~3 22~45~4 22~45~5 22~45~6 22~45~8 22~45~9 22~48~2 22~48~3 22~48~4 22~48~5 23~51~10 23~51~11 23~51~12 23~51~13 23~51~14 27~54~3 27~54~4 27~54~5 27~54~6 34~39~1 34~39~2 34~39~3 34~51~1 34~51~2 36~39~3 36~39~4 36~39~5 36~39~6 39 39~54~1 39~54~2 39~54~3 39~54~4 39~54~5 39~54~6 41~48~10 41~48~11 41~48~12 41~48~5 41~48~6 41~48~7 41~48~8 41~48~9 42 42~45~1 42~45~2 42~45~3 42~45~4 42~45~5 42~45~6 45 51 54,92,3,3,200,1
lin-lin03-regiao-f4,11 11~21~1 11~21~2 11~44~1 11~44~2 11~44~3 11~44~4 11~44~5 11~44~6 11~44~7 17~20~1 17~20~2 17~20~3 17~20~4 17~20~5 17~20~6 17~20~7 17~20~8 17~51~1 17~51~2 17~52~1 17~52~2 17~52~3 17~52~4 17~52~5 17~52~6 17~52~7 17~52~8 21 21~42~1 21~42~2 21~42~3 21~42~4 21~42~5 21~42~6 21~42~7 22 22~45~1 22~45~3 22~45~4 22~45~5 22~45~6 22~45~8 22~45~9 22~48~1 22~48~2 22~48~3 22~48~4 22~48~5 23~51~10 23~51~11 23~51~12 23~51~13 23~51~14 27~54~3 27~54~4 27~54~5 27~54~6 34~39~1 34~39~2 34~39~3 34~51~1 34~51~2 36~39~3 36~39~4 36~39~5 36~39~6 39 39~54~1 39~54~2 39~54~3 39~54~4 39~54~5 39~54~6 41~48~10 41~48~11 41~48~12 41~48~5 41~48~6 41~48~7 41~48~8 41~48~9 42 42~45~1 42~45~2 42~45~3 42~45~4 42~45~5 42~45~6 45 51 54,92,2,2,200,1
lin-lin03-regiao-f4,11 11~21~1 11~21~2 11~44~1 11~44~2 11~44~3 11~44~4 11~44~5 11~44~6 11~44~7 17~20~1 17~20~2 17~20~3 17~20~4 17~20~5 17~20~6 17~20~7 17~20~8 17~51~1 17~51~2 17~52~1 17~52~2 17~52~3 17~52~4 17~52~5 17~52~6 17~52~7 17~52~8 21 21~42~1 21~42~2 21~42~3 21~42~4 21~42~5 21~42~6 21~42~7 22 22~45~2 22~45~3 22~45~4 22~45~5 22~45~6 22~45~8 22~45~9 22~48~1 22~48~2 22~48~3 22~48~4 22~48~5 23~51~10 23~51~11 23~51~12 23~51~13 23~51~14 27~54~3 27~54~4 27~54~5 27~54~6 34~39~1 34~39~2 34~39~3 34~51~1 34~51~2 36~39~3 36~39~4 36~39~5 36~39~6 39 39~54~1 39~54~2 39~54~3 39~54~4 39~54~5 39~54~6 41~48~10 41~48~11 41~48~12 41~48~5 41~48~6 41~48~7 41~48~8 41~48~9 42 42~45~1 42~45~2 42~45~3 42~45~4 42~45~5 42~45~6 45 51 54,92,2,2,200,1
lin-lin03-regiao-f4,11 11~21~1 11~21~2 11~44~1 11~44~2 11~44~3 11~44~4 11~44~5 11~44~6 11~44~7 17~20~1 17~20~2 17~20~3 17~20~4 17~20~5 17~20~6 17~20~7 17~20~8 17~51~1 17~51~2 17~52~1 17~52~2 17~52~3 17~52~4 17~52~5 17~52~6 17~52~7 17~52~8 21 21~42~1 21~42~2 21~42~3 21~42~4 21~42~5 21~42~6 21~42~7 22~45~1 22~45~2 22~45~3 22~45~4 22~45~5 22~45~6 22~45~8 22~45~9 22~48~1 22~48~2 22~48~3 22~48~4 22~48~5 23~51~10 23~51~11 23~51~12 23~51~13 23~51~14 27~54~3 27~54~4 27~54~5 27~54~6 34~39~1 34~39~2 34~39~3 34~51~1 34~51~2 36~39~3 36~39~4 36~39~5 36~39~6 39 39~54~1 39~54~2 39~54~3 39~54~4 39~54~5 39~54~6 41~48~10 41~48~11 41~48~12 41~48~5 41~48~6 41~48~7 41~48~8 41~48~9 42 42~45~1 42~45~2 42~45~3 42~45~4 42~45~5 42~45~6 45 51 54,92,3,3,200,1
lin-lin03-regiao-f4,11 11~21~1 11~21~2 11~44~1 11~44~2 11~44~3 11~44~4 11~44~5 11~44~6 11~44~7 17~20~1 17~20~2 17~20~3 17~20~4 17~20~5 17~20~6 17~20~7 17~20~8 17~51~1 17~51~2 17~52~1 17~52~2 17~52~3 17~52~4 17~52~5 17~52~6 17~52~7 17~52~8 21 21~42~1 21~42~2 21~42~3 21~42~4 21~42~5 21~42~6 21~42~7 22 22~45~1 22~45~3 22~45~4 22~45~5 22~45~6 22~45~7 22~45~9 22~48~1 22~48~2 22~48~3 22~48~4 22~48~5 23~51~10 23~51~11 23~51~12 23~51~13 23~51~14 27~54~2 27~54~3 27~54~4 27~54~5 27~54~6 34~39~1 34~39~2 34~39~3 34~51~1 34~51~2 36~39~3 36~39~4 36~39~5 36~39~6 39 39~54~1 39~54~2 39~54~3 39~54~4 39~54~5 39~54~6 41~48~10 41~48~11 41~48~12 41~48~5 41~48~6 41~48~7 41~48~8 41~48~9 42 42~45~1 42~45~2 42~45~3 42~45~4 42~45~5 42~45~6 45 51 54,93,2,2,200,1
lin-lin03-regiao-f4,11 11~21~1 11~21~2 11~44~1 11~44~2 11~44~3 11~44~4 11~44~5 11~44~6 11~44~7 17~20~1 17~20~2 17~20~3 17~20~4 17~20~5 17~20~6 17~20~7 17~20~8 17~51~1 17~51~2 17~52~1 17~52~2 17~52~3 17~52~4 17~52~5 17~52~6 17~52~7 17~52~8 21 21~42~1 21~42~2 21~42~3 21~42~4 21~42~5 21~42~6 21~42~7 22 22~45~2 22~45~3 22~45~4 22~45~5 22~45~6 22~45~7 22~45~9 22~48~1 22~48~2 22~48~3 22~48~4 22~48~5 23~51~10 23~51~11 23~51~12 23~51~13 23~51~14 27~54~2 27~54~3 27~54~4 27~54~5 27~54~6 34~39~1 34~39~2 34~39~3 34~51~1 34~51~2 36~39~3 36~39~4 36~39~5 36~39~6 39 39~54~1 39~54~2 39~54~3 39~54~4 39~54~5 39~54~6 41~48~10 41~48~11 41~48~12 41~48~5 41~48~6 41~48~7 41~48~8 41~48~9 42 42~45~1 42~45~2 42~45~3 42~45~4 42~45~5 42~45~6 45 51 54,93,3,3,200,1
lin-lin03-regiao-f4,11 11~21~1 11~21~2 11~44~1 11~44~2 11~44~3 11~44~4 11~44~5 11~44~6 11~44~7 17~20~1 17~20~2 17~20~3 17~20~4 17~20~5 17~20~6 17~20~7 17~20~8 17~51~1 17~51~2 17~52~1 17~52~2 17~52~3 17~52~4 17~52~5 17~52~6 17~52~7 17~52~8 21 21~42~1 21~42~2 21~42~3 21~42~4 21~42~5 21~42~6 21~42~7 22~45~1 22~45~2 22~45~3 22~45~4 22~45~5 22~45~6 22~45~7 22~45~9 22~48~1 22~48~2 22~48~3 22~48~4 22~48~5 23~51~10 23~51~11 23~51~12 23~51~13 23~51~14 27~54~2 27~54~3 27~54~4 27~54~5 27~54~6 34~39~1 34~39~2 34~39~3 34~51~1 34~51~2 36~39~3 36~39~4 36~39~5 36~39~6 39 39~54~1 39~54~2 39~54~3 39~54~4 39~54~5 39~54~6 41~48~10 41~48~11 41~48~12 41~48~5 41~48~6 41~48~7 41~48~8 41~48~9 42 42~45~1 42~45~2 42~45~3 42~45~4 42~45~5 42~45~6 45 51 54,93,3,3,200,1
lin-lin03-regiao-f4,11 11~21~1 11~21~2 11~44~1 11~44~2 11~44~3 11~44~4 11~44~5 11~44~6 11~44~7 17~20~1 17~20~2 17~20~3 17~20~4 17~20~5 17~20~6 17~20~7 17~20~8 17~51~1 17~51~2 17~52~1 17~52~2 17~52~3 17~52~4 17~52~5 17~52~6 17~52~7 17~52~8 21 21~42~1 21~42~2 21~42~3 21~42~4 21~42~5 21~42~6 21~42~7 22 22~45~1 22~45~3 22~45~4 22~45~5 22~45~6 22~45~7 22~45~8 22~48~1 22~48~2 22~48~3 22~48~4 22~48~5 23~51~10 23~51~11 23~51~12 23~51~13 23~51~14 27~54~1 27~54~2 27~54~3 27~54~4 27~54~5 27~54~6 34~39~1 34~39~2 34~39~3 34~51~1 34~51~2 36~39~3 36~39~4 36~39~5 36~39~6 39 39~54~1 39~54~2 39~54~3 39~54~4 39~54~5 39~54~6 41~48~10 41~48~11 41~48~12 41~48~5 41~48~6 41~48~7 41~48~8 41~48~9 42 42~45~1 42~45~2 42~45~3 42~45~4 42~45~5 42~45~6 45 51 54,94,2,2,200,1
lin-lin03-regiao-f4,11 11~21~1 11~21~2 11~44~1 11~44~2 11~44~3 11~44~4 11~44~5 11~44~6 11~44~7 17~20~1 17~20~2 17~20~3 17~20~4 17~20~5 17~20~6 17~20~7 17~20~8 17~51~1 17~51~2 17~52~1 17~52~2 17~52~3 17~52~4 17~52~5 17~52~6 17~52~7 17~52~8 21 21~42~1 21~42~2 21~42~3 21~42~4 21~42~5 21~42~6 21~42~7 22 22~45~2 22~45~3 22~45~4 22~45~5 22~45~6 22~45~7 22~45~8 22~48~1 22~48~2 22~48~3 22~48~4 22~48~5 23~51~10 23~51~11 23~51~12 23~51~13 23~51~14 27~54~1 27~54~2 27~54~3 27~54~4 27~54~5 27~54~6 34~39~1 34~39~2 34~39~3 34~51~1 34~51~2 36~39~3 36~39~4 36~39~5 36~39~6 39 39~54~1 39~54~2 39~54~3 39~54~4 39~54~5 39~54~6 41~48~10 41~48~11 41~48~12 41~48~5 41~48~6 41~48~7 41~48~8 41~48~9 42 42~45~1 42~45~2 42~45~3 42~45~4 42~45~5 42~45~6 45 51 54,94,3,3,200,1
lin-lin03-regiao-f4,11 11~21~1 11~21~2 11~44~1 11~44~2 11~44~3 11~44~4 11~44~5 11~44~6 11~44~7 17~20~1 17~20~2 17~20~3 17~20~4 17~20~5 17~20~6 17~20~7 17~20~8 17~51~1 17~51~2 17~52~1 17~52~2 17~52~3 17~52~4 17~52~5 17~52~6 17~52~7 17~52~8 21 21~42~1 21~42~2 21~42~3 21~42~4 21~42~5 21~42~6 21~42~7 22 22~45~1 22~45~3 22~45~4 22~45~5 22~45~6 22~45~7 22~45~8 22~45~9 22~48~1 22~48~2 22~48~3 22~48~4 22~48~5 23~51~10 23~51~11 23~51~12 23~51~13 23~51~14 27 27~54~1 27~54~2 27~54~3 27~54~4 27~54~5 27~54~6 34~39~1 34~39~2 34~39~3 34~51~1 34~51~2 36~39~3 36~39~4 36~39~5 36~39~6 39 39~54~1 39~54~2 39~54~3 39~54~4 39~54~5 39~54~6 41~48~10 41~48~11 41~48~12 41~48~5 41~48~6 41~48~7 41~48~8 41~48~9 42 42~45~1 42~45~2 42~45~3 42~45~4 42~45~5 42~45~6 51 54,95,2,2,200,1
puc-cc9-2p-seed-r1,108 113 119 129 132 133 134 135 138 139 146 147 149 152 154 156 159 161 162 166 167 168 171 172 173 177 179 180 182 184 186 189 191 194 195 2 209 215 225 227 228 229 23 242 243 245 247 249 258 260 268 282 284 3 300 305 309 311 314 322 323 328 330 331 336 337 340 348 35 353 356 36 362 363 368 37 370 371 373 377 380 385 387 388 39 390 394 396 402 404 405 407 409 411 414 416 418 419 420 421 426 433 434 438 439 441 444 445 446 450 452 460 465 474 476 481 492 498 499 501 505 506 51 53 56 63 68 76,128,2,4,200,1
puc-cc9-2p-seed-r1,108 113 119 129 132 133 134 135 138 139 146 147 149 152 156 159 161 162 166 167 168 171 172 173 177 179 180 182 184 186 188 189 191 194 195 2 209 215 225 227 228 229 23 242 243 245 247 249 258 260 268 284 3 300 305 309 311 314 316 322 323 328 330 331 336 337 340 348 35 353 356 36 362 363 368 37 370 371 373 377 380 385 387 388 39 390 394 396 402 404 405 407 410 411 416 418 419 420 421 426 428 433 434 436 438 439 441 443 445 446 448 450 452 460 465 476 481 492 498 499 501 505 506 508 51 53 56 63 68 76,130,7,9,200,1
puc-cc9-2p-seed-r1,106 107 108 109 119 121 129 132 133 134 135 138 139 146 147 149 152 156 159 161 162 166 167 168 169 171 172 173 179 180 181 184 186 188 191 194 195 2 215 227 228 229 23 233 247 258 260 268 284 293 297 3 300 309 311 314 316 322 323 328 33 330 331 336 340 348 35 356 36 361 362 363 368 37 380 385 387 388 389 39 390 394 396 402 404 405 407 410 411 416 417 418 419 42 420 422 423 426 428 429 43 433 434 436 438 439 441 443 445 446 448 45 450 452 460 476 485 492 501 506 508 51 53 56 57 63 68 73 76 9 97,131,2,8,200,1
puc-cc9-2p-seed-r1,108 113 119 129 130 132 133 135 136 139 147 149 152 156 159 161 162 166 167 168 171 172 173 177 179 180 182 184 186 188 189 191 195 209 215 225 227 228 229 23 242 243 245 247 249 258 260 264 268 284 3 300 305 309 311 314 316 322 323 328 330 331 336 337 340 348 35 353 356 36 362 363 368 37 370 371 373 377 380 385 387 39 390 391 394 396 400 402 404 405 407 408 410 411 416 418 419 420 421 424 426 428 433 434 436 438 439 441 443 445 446 448 450 452 456 460 465 476 481 492 498 499 501 505 506 508 51 53 56 63 68 76,132,3,4,200,1
puc-cc9-2p-seed-r1,108 113 119 129 132 133 134 135 138 139 146 147 149 152 154 156 159 161 162 166 167 168 171 172 173 177 179 180 181 184 186 191 194 195 2 209 215 225 227 228 229 23 242 243 245 247 249 258 260 268 282 284 293 3 300 305 309 311 314 322 323 328 330 331 336 337 340 348 35 353 356 36 362 363 368 37 370 371 373 377 380 385 387 388 389 39 390 394 396 402 404 405 407 409 411 414 416 417 418 419 420 422 423 426 429 433 434 438 439 441 444 445 446 450 452 460 465 474 476 481 485 492 498 499 501 505 506 51 53 56 63 68 76,133,4,9,200,1
puc-cc9-2p-seed-r1,108 113 119 129 132 133 134 135 138 139 146 147 149 152 156 159 161 162 166 167 168 171 172 173 177 179 180 182 183 186 188 189 19 194 195 2 209 21 215 225 227 228 229 24 242 243 245 249 258 260 268 279 284 3 300 305 309 31 311 314 316 322 323 328 330 331 336 337 340 348 35 353 356 36 362 363 368 37 370 371 373 377 380 385 387 388 39 390 394 396 402 404 405 407 410 411 416 418 419 420 421 426 428 433 434 436 438 439 441 443 445 446 448 450 452 460 465 476 481 492 498 499 501 505 506 508 51 53 56 63 68 7 76 87,134,2,2,200,1
puc-cc9-2p-seed-r1,108 113 119 129 132 133 134 135 138 139 146 147 149 152 156 159 161 162 166 167 168 171 172 173 177 179 180 181 184 186 188 191 194 195 2 209 215 225 227 228 229 23 242 243 245 247 249 258 260 268 284 293 3 300 305 309 311 314 316 322 323 328 330 331 336 337 340 348 35 353 356 36 362 363 368 37 370 371 373 377 380 385 387 388 389 39 390 394 396 402 404 405 407 410 411 416 417 418 419 420 422 423 426 428 429 433 434 436 438 439 441 443 445 446 448 450 452 460 465 476 481 485 492 498 499 501 505 506 508 51 53 56 63 68 76,135,21,27,200,1
puc-cc9-2p-seed-r1,108 113 119 129 130 132 133 135 139 147 149 152 156 159 161 162 166 167 168 171 172 173 177 179 180 181 184 186 188 191 195 2 209 215 225 227 228 229 23 242 243 245 247 249 257 260 262 266 268 274 284 290 293 3 300 305 309 311 314 316 322 323 328 330 331 336 337 340 348 35 353 356 36 362 363 368 37 370 371 373 377 380 385 387 388 389 39 390 394 396 402 404 405 407 410 411 416 417 418 419 420 422 423 426 428 429 433 434 436 438 439 441 443 445 446 448 450 452 460 465 476 481 485 492 498 499 501 505 506 508 51 53 56 63 68 76,136,1,2,200,1
puc-cc9-2p-seed-r1,108 119 129 130 132 133 135 139 147 149 152 155 156 159 161 162 166 167 168 171 172 173 177 179 180 182 183 185 186 188 189 19 191 195 21 215 227 228 229 24 245 251 258 260 263 268 275 277 280 283 284 287 299 3 300 307 309 31 311 313 314 316 319 322 323 327 328 330 331 336 339 340 341 344 348 35 351 356 36 362 363 368 37 375 379 380 385 387 39 390 392 394 396 402 404 405 407 410 411 416 418 419 420 421 426 427 428 433 434 435 436 438 439 441 445 446 447 448 450 452 460 471 476 492 501 506 507 508 51 53 56 59 63 68 7 76 87,137,1,1,200,1
puc-cc9-2p-seed-r1,108 113 119 129 132 133 134 135 138 139 146 147 149 152 156 159 161 162 166 167 168 171 172 173 177 179 180 181 183 186 188 19 194 195 2 209 21 215 225 227 228 229 24 242 243 245 249 258 260 268 279 284 293 3 300 305 309 31 311 314 316 322 323 328 330 331 336 337 340 348 35 353 356 36 362 363 368 37 370 371 373 377 380 385 387 388 389 39 390 394 396 402 404 405 407 410 411 416 417 418 419 420 422 423 426 428 429 433 434 436 438 439 441 443 445 446 448 450 452 460 465 476 481 485 492 498 499 501 505 506 508 51 53 56 63 68 7 76 87,139,2,2,200,1
puc-cc9-2p-seed-r1,108 113 119 129 130 132 133 135 136 137 139 145 147 149 152 154 155 156 157 159 161 162 166 167 168 171 172 173 177 179 180 182 184 185 186 189 191 195 209 215 217 225 227 228 229 23 242 243 245 247 249 25 258 260 264 268 281 282 284 3 300 305 309 311 314 322 323 328 330 331 336 337 340 348 35 353 356 36 362 363 368 37 370 371 373 377 380 385 387 39 390 391 393 394 396 400 401 402 404 405 407 408 411 413 414 416 418 419 420 421 424 426 433 434 438 439 441 444 445 446 450 452 456 460 465 473 474 476 481 492 498 499 501 505 506 51 53 56 63 68 76,141,1,5,200,1
puc-cc9-2p-seed-r1,108 113 119 129 130 132 133 135 139 147 149 152 156 159 161 162 166 167 168 171 172 173 177 179 180 181 184 186 188 191 195 2 209 215 225 227 228 229 23 242 243 245 247 249 257 260 262 266 268 274 284 289 292 293 294 298 3 300 305 306 309 311 314 316 322 323 328 330 331 336 337 34 340 348 35 353 354 356 36 362 363 368 37 370 371 373 377 380 385 387 388 389 39 390 394 396 402 404 405 407 410 411 416 417 418 419 420 422 423 426 428 429 433 434 436 438 439 441 443 445 446 448 450 452 460 465 476 481 485 492 498 499 501 505 506 508 51 53 56 63 68 76,142,1,1,200,1
puc-cc9-2p-seed-r1,105 108 113 119 129 132 133 134 135 137 138 139 146 147 149 152 156 159 161 162 166 167 168 170 171 172 173 177 179 180 182 184 185 186 188 189 191 194 195 2 209 215 225 227 228 229 23 233 242 243 245 247 249 258 260 268 284 297 3 300 305 309 311 314 316 322 323 328 33 330 331 336 337 340 348 35 353 356 36 362 363 368 37 370 371 373 377 380 385 387 388 39 390 394 396 402 404 405 407 410 411 416 418 419 42 420 421 425 426 428 43 433 434 436 438 439 441 443 445 446 448 45 450 452 460 465 476 481 492 498 499 501 505 506 508 51 53 56 57 63 68 76 9,143,2,2,200,1
puc-cc9-2p-seed-r1,108 113 119 129 132 133 134 135 138 139 146 147 149 152 155 156 159 161 162 166 167 168 171 172 173 177 179 180 182 184 185 186 188 189 191 194 195 2 209 215 225 227 228 229 23 242 243 245 247 249 251 258 260 268 283 284 299 3 300 305 307 309 311 313 314 316 319 322 323 328 330 331 336 337 340 348 35 353 356 36 362 363 368 37 370 371 373 377 379 380 385 387 388 39 390 394 396 402 404 405 407 410 411 416 418 419 420 421 426 427 428 433 434 435 436 438 439 441 445 446 447 448 450 452 460 465 476 481 492 498 499 501 505 506 507 508 51 53 56 59 63 68 76,143,2,2,200,1
puc-cc9-2p-seed-r1,108 113 119 129 132 133 134 135 138 139 146 147 149 152 154 155 156 159 161 162 166 167 168 171 172 173 177 179 180 182 184 185 186 188 189 191 194 195 2 209 215 225 227 228 229 23 242 243 245 247 249 251 258 260 268 282 283 284 299 3 300 305 307 309 311 313 314 316 319 322 323 328 330 331 336 337 340 348 35 353 356 36 362 363 368 37 370 371 373 377 379 380 385 387 388 39 390 394 396 402 404 405 407 409 411 414 416 418 419 420 421 426 427 433 434 435 438 439 441 444 445 446 447 450 452 460 465 474 476 481 492 498 499 501 505 506 507 51 53 56 59 63 68 76,144,2,2,200,1
puc-cc9-2p-seed-r1,108 113 119 129 130 132 133 135 136 139 147 149 152 155 156 159 161 162 166 167 168 171 172 173 177 179 180 182 184 185 186 188 189 191 195 209 215 225 227 228 229 23 242 243 245 247 249 251 258 260 264 268 283 284 299 3 300 305 307 309 311 313 314 316 319 322 323 328 330 331 336 337 340 348 35 353 356 36 362 363 368 37 370 371 373 377 379 380 385 387 39 390 391 394 396 400 402 404 405 407 408 410 411 416 418 419 420 421 424 426 427 428 433 434 435 436 438 439 441 445 446 447 448 450 452 456 460 465 476 481 492 498 499 501 505 506 507 508 51 53 56 59 63 68 76,145,1,1,200,1
puc-cc9-2p-seed-r1,100 108 113 119 123 129 130 132 133 135 136 139 147 149 152 155 156 159 161 162 166 167 168 171 172 173 177 179 180 182 184 185 186 188 189 191 195 209 215 225 227 228 229 23 242 243 245 247 249 251 258 260 264 27 283 284 292 299 3 300 305 307 309 311 313 314 316 319 322 323 328 332 337 340 35 353 354 355 36 360 362 363 368 37 370 371 372 373 377 379 380 385 387 39 390 391 394 396 400 402 404 405 407 408 410 411 416 418 419 420 421 424 426 428 43 433 434 436 438 439 441 443 445 446 448 450 452 456 465 476 481 484 492 498 499 501 505 506 508 51 53 56 57 60 63 68,146,3,3,200,1
puc-cc9-2p-seed-r1,106 107 108 109 119 121 129 132 133 134 135 138 139 146 147 149 152 156 159 161 162 166 167 168 169 171 172 173 179 180 181 183 186 188 19 194 195 2 21 215 227 228 229 233 24 258 260 263 268 275 277 280 284 287 293 297 3 300 309 31 311 314 316 322 323 327 328 33 330 331 336 339 340 341 344 348 35 351 356 36 361 362 363 368 37 375 380 385 387 388 389 39 390 394 396 402 404 405 407 410 411 416 417 418 419 42 420 422 423 426 428 429 43 433 434 436 438 439 441 443 445 446 448 45 450 452 460 471 476 485 492 501 506 508 51 53 56 57 63 68 7 73 76 87 9 97,146,2,10,200,1
puc-cc9-2p-seed-r1,108 113 119 123 129 130 132 133 135 136 139 147 149 152 155 156 159 161 162 166 167 168 171 172 173 177 179 180 182 184 185 186 188 189 191 195 209 215 225 227 228 229 23 242 243 245 247 249 251 258 260 264 268 27 283 284 299 3 300 305 307 309 311 313 314 316 319 322 323 328 330 331 336 337 340 348 35 353 356 36 362 363 368 37 370 371 373 377 379 380 385 387 39 390 391 394 396 400 402 404 405 407 408 410 411 416 418 419 420 421 424 426 428 43 433 434 436 438 439 441 443 445 446 448 450 452 456 460 465 476 481 492 498 499 501 505 506 508 51 53 56 57 60 63 68 76,146,1,1,200,1
puc-cc9-2p-seed-r1,108 113 119 129 132 134 135 137 138 139 141 145 146 147 149 152 154 155 156 157 159 161 162 166 167 168 169 171 172 173 177 179 180 181 184 186 188 189 191 193 194 195 198 199 2 205 209 213 215 217 225 227 228 229 23 242 243 245 247 249 25 251 258 260 268 284 3 300 305 311 314 316 322 323 328 330 331 336 337 340 348 35 353 356 36 362 363 368 37 370 371 373 377 380 385 387 388 389 39 390 394 396 402 404 407 409 410 411 416 418 419 420 421 426 428 433 434 436 439 441 443 446 448 450 452 453 460 465 476 481 492 498 499 5 501 505 506 508 51 53 56 57 59 63 68 69 76,147,1,1,200,1
puc-cc9-2p-seed-r1,100 108 113 119 129 130 132 134 135 137 139 141 145 147 149 152 154 156 157 159 161 162 166 167 168 171 172 173 177 179 180 181 184 185 186 188 191 193 195 198 199 2 205 209 213 215 217 219 225 227 228 229 23 242 243 245 247 249 25 251 257 260 262 266 27 274 284 290 292 3 300 305 311 314 316 322 323 328 332 337 340 35 353 354 355 36 360 362 363 368 37 370 371 372 373 377 380 385 387 388 389 39 390 394 396 402 404 407 409 410 411 416 418 419 420 421 426 428 433 434 436 439 441 443 446 448 450 452 453 465 476 481 484 492 498 499 5 501 505 506 508 51 53 56 59 63 68 69,148,1,1,200,1
puc-cc9-2p-seed-r1,101 108 113 119 129 132 133 134 135 137 138 139 145 146 147 149 152 154 156 157 159 161 162 166 167 168 171 172 173 177 179 180 181 184 185 186 188 191 193 194 195 198 199 2 205 209 213 215 217 219 225 227 228 23 230 231 237 242 243 245 247 249 25 251 258 260 268 27 284 3 300 305 311 314 316 322 323 328 330 331 336 337 340 348 35 353 356 36 362 363 368 37 370 371 373 377 380 385 387 388 39 390 394 396 402 404 407 409 410 411 416 418 419 420 421 426 428 433 434 436 439 441 443 446 448 450 452 453 460 465 476 481 485 492 498 499 501 505 506 508 51 53 56 59 63 68 69 76,148,1,1,200,1
puc-cc9-2p-seed-r1,108 113 119 129 130 132 133 134 135 136 137 139 145 147 149 152 154 155 156 157 159 161 162 166 167 168 171 172 173 177 179 180 182 184 185 186 189 191 195 209 215 217 225 227 228 229 23 242 243 245 247 249 25 258 260 262 264 268 281 282 284 3 300 305 309 311 314 322 323 328 330 331 336 337 340 348 35 353 356 36 362 363 368 37 370 371 373 377 380 385 387 388 389 39 391 393 394 396 398 400 401 402 404 405 406 407 408 411 413 414 416 418 419 420 421 422 424 426 433 434 438 439 441 444 445 446 450 452 454 456 460 465 473 474 476 481 492 498 499 501 505 506 51 53 56 63 68 76,148,1,2,200,1
puc-cc9-2p-seed-r1,108 113 119 129 132 133 134 135 138 139 146 147 149 152 155 156 159 161 162 166 167 168 171 172 173 177 179 180 181 184 185 186 188 191 194 195 2 209 215 225 227 228 229 23 242 243 245 247 249 251 258 260 268 283 284 293 299 3 300 305 307 309 311 313 314 316 319 322 323 328 330 331 336 337 340 348 35 353 356 36 362 363 368 37 370 371 373 377 379 380 385 387 388 389 39 390 394 396 402 404 405 407 410 411 416 417 418 419 420 422 423 426 427 428 429 433 434 435 436 438 439 441 445 446 447 448 450 452 460 465 476 481 485 492 498 499 501 505 506 507 508 51 53 56 59 63 68 76,148,3,6,200,1
puc-cc9-2p-seed-r1,100 101 108 113 119 129 130 132 133 135 137 139 145 147 149 152 154 156 157 159 161 162 166 167 168 171 172 173 177 179 180 181 184 185 186 188 191 193 195 198 199 2 205 209 213 215 217 219 225 227 228 23 230 231 237 242 243 245 247 249 25 251 257 260 262 266 27 274 284 290 292 3 300 305 311 314 316 322 323 328 332 337 340 35 353 354 355 36 360 362 363 368 37 370 371 372 373 377 380 385 387 388 39 390 394 396 402 404 407 409 410 411 416 418 419 420 421 426 428 433 434 436 439 441 443 446 448 450 452 453 465 476 481 484 485 492 498 499 501 505 506 508 51 53 56 59 63 68 69,149,3,4,200,1
puc-cc9-2p-seed-r1,100 108 113 119 129 130 132 134 135 137 139 141 145 147 149 152 154 155 156 157 159 161 162 166 167 168 169 171 172 173 177 179 180 181 184 186 188 189 191 193 195 198 199 2 205 209 213 215 217 225 227 228 229 23 242 243 245 247 249 25 251 257 260 262 266 274 284 290 292 3 300 305 311 314 316 322 323 328 332 337 340 35 353 354 355 36 360 362 363 368 37 370 371 372 373 377 380 385 387 388 389 39 390 394 396 402 404 407 409 410 411 416 418 419 420 421 426 428 433 434 436 439 441 443 446 448 450 452 453 465 476 481 484 492 498 499 5 501 505 506 508 51 53 56 57 59 63 68 69,149,1,1,200,1
puc-cc9-2p-seed-r1,101 108 113 119 129 132 133 134 135 137 138 139 145 146 147 149 152 154 155 156 157 159 161 162 166 167 168 169 171 172 173 177 179 180 181 184 186 188 189 191 193 194 195 198 199 2 205 209 213 215 217 225 227 228 23 230 231 237 242 243 245 247 249 25 251 258 260 268 284 3 300 305 311 314 316 322 323 328 330 331 336 337 340 348 35 353 356 36 362 363 368 37 370 371 373 377 380 385 387 388 39 390 394 396 402 404 407 409 410 411 416 418 419 420 421 426 428 433 434 436 439 441 443 446 448 450 452 453 460 465 476 481 485 492 498 499 501 505 506 508 51 53 56 57 59 63 68 69 76,149,1,1,200,1
puc-cc9-2p-seed-r1,106 107 108 109 113 119 121 129 132 133 134 135 138 139 146 147 149 152 154 156 159 161 162 166 167 168 169 171 172 173 177 179 180 181 184 186 191 194 195 2 209 215 225 227 228 229 23 233 242 243 245 247 249 258 260 268 282 284 293 297 3 300 305 309 311 314 322 323 328 33 330 331 336 337 340 348 35 353 356 36 361 362 363 368 37 370 371 373 377 380 385 387 388 389 39 390 394 396 402 404 405 407 409 411 414 416 417 418 419 42 420 422 423 426 429 43 433 434 438 439 441 444 445 446 45 450 452 460 465 474 476 481 485 492 498 499 501 505 506 51 53 56 57 63 68 73 76 9 97,149,1,1,200,1
puc-cc9-2p-seed-r1,108 113 119 129 130 132 134 135 137 139 141 145 147 149 152 154 155 156 157 159 161 162 166 167 168 169 171 172 173 177 179 180 181 184 186 188 189 191 193 195 198 199 2 205 209 213 215 217 225 227 228 229 23 242 243 245 247 249 25 251 257 260 262 266 268 274 284 290 3 300 305 311 314 316 322 323 328 330 331 336 337 340 348 35 353 356 36 362 363 368 37 370 371 373 377 380 385 387 388 389 39 390 394 396 402 404 407 409 410 411 416 418 419 420 421 426 428 433 434 436 439 441 443 446 448 450 452 453 460 465 476 481 492 498 499 5 501 505 506 508 51 53 56 57 59 63 68 69 76,149,1,1,200,1
puc-cc9-2p-seed-r1,108 113 119 129 132 133 134 135 138 139 146 147 149 152 154 155 156 159 161 162 166 167 168 171 172 173 177 179 180 181 184 185 186 188 191 194 195 2 209 215 225 227 228 229 23 242 243 245 247 249 251 258 260 268 282 283 284 293 299 3 300 305 307 309 311 313 314 316 319 322 323 328 330 331 336 337 340 348 35 353 356 36 362 363 368 37 370 371 373 377 379 380 385 387 388 389 39 390 394 396 402 404 405 407 409 411 414 416 417 418 419 420 422 423 426 427 429 433 434 435 438 439 441 444 445 446 447 450 452 460 465 474 476 481 485 492 498 499 501 505 506 507 51 53 56 59 63 68 76,149,4,4,200,1
puc-cc9-2p-seed-r1,100 101 108 113 119 129 130 132 133 135 137 139 145 147 149 152 154 155 156 157 159 161 162 166 167 168 169 171 172 173 177 179 180 181 184 186 188 189 191 193 195 198 199 2 205 209 213 215 217 225 227 228 23 230 231 237 242 243 245 247 249 25 251 257 260 262 266 274 284 290 292 3 300 305 311 314 316 322 323 328 332 337 340 35 353 354 355 36 360 362 363 368 37 370 371 372 373 377 380 385 387 388 39 390 394 396 402 404 407 409 410 411 416 418 419 420 421 426 428 433 434 436 439 441 443 446 448 450 452 453 465 476 481 484 485 492 498 499 501 505 506 508 51 53 56 57 59 63 68 69,150,1,2,200,1
puc-cc9-2p-seed-r1,100 108 113 119 123 129 130 132 133 135 139 147 149 152 155 156 159 161 162 166 167 168 171 172 173 177 179 180 181 184 185 186 188 191 195 2 209 215 225 227 228 229 23 242 243 245 247 249 251 257 260 262 266 27 274 283 284 290 292 293 299 3 300 305 307 309 311 313 314 316 319 322 323 328 332 337 340 35 353 354 355 36 360 362 363 368 37 370 371 372 373 377 379 380 385 387 388 389 39 390 394 396 402 404 405 407 410 411 416 417 418 419 420 422 423 426 428 429 43 433 434 436 438 439 441 443 445 446 448 450 452 465 476 481 484 485 492 498 499 501 505 506 508 51 53 56 57 60 63 68,150,1,4,200,1
puc-cc9-2p-seed-r1,101 108 113 119 129 130 132 133 135 137 139 145 147 149 152 154 155 156 157 159 161 162 166 167 168 169 171 172 173 177 179 180 181 184 186 188 189 191 193 195 198 199 2 205 209 213 215 217 225 227 228 23 230 231 237 242 243 245 247 249 25 251 257 260 262 266 268 274 284 290 3 300 305 311 314 316 322 323 328 330 331 336 337 340 348 35 353 356 36 362 363 368 37 370 371 373 377 380 385 387 388 39 390 394 396 402 404 407 409 410 411 416 418 419 420 421 426 428 433 434 436 439 441 443 446 448 450 452 453 460 465 476 481 485 492 498 499 501 505 506 508 51 53 56 57 59 63 68 69 76,150,1,2,200,1
puc-cc9-2p-seed-r1,108 113 119 129 130 132 133 134 135 136 139 147 149 152 156 159 161 162 166 167 168 171 172 173 177 179 180 182 184 186 188 189 191 195 198 209 214 215 225 227 228 229 23 242 243 245 247 249 258 260 262 264 268 284 3 300 305 309 311 314 316 322 323 326 328 330 331 336 337 340 342 348 35 353 356 36 362 363 368 37 370 371 373 377 380 385 387 388 389 39 391 394 396 398 400 402 404 405 406 407 408 410 411 416 418 419 420 421 422 424 426 428 433 434 436 438 439 441 443 445 446 448 450 452 453 456 460 462 465 466 469 472 476 478 481 486 492 498 499 501 502 505 506 508 51 53 56 63 68 76,150,8,10,200,1
puc-cc9-2p-seed-r1,108 113 119 129 132 133 134 135 138 139 146 147 149 152 156 159 161 162 166 167 168 171 172 173 177 179 180 181 183 186 188 19 194 195 2 209 21 215 225 227 228 229 24 242 243 245 249 258 260 263 268 275 277 280 284 287 293 3 300 305 309 31 311 314 316 322 323 327 328 330 331 336 337 339 340 341 344 348 35 351 353 356 36 362 363 368 37 370 371 373 375 377 380 385 387 388 389 39 390 394 396 402 404 405 407 410 411 416 417 418 419 420 422 423 426 428 429 433 434 436 438 439 441 443 445 446 448 450 452 460 465 471 476 481 485 492 498 499 501 505 506 508 51 53 56 63 68 7 76 87,150,8,16,200,1
puc-cc9-2p-seed-r1,106 107 108 109 113 119 121 129 132 133 134 135 138 139 146 147 149 152 156 159 161 162 166 167 168 169 171 172 173 177 179 180 181 184 186 188 191 194 195 2 209 215 225 227 228 229 23 233 242 243 245 247 249 258 260 268 284 293 297 3 300 305 309 311 314 316 322 323 328 33 330 331 336 337 340 348 35 353 356 36 361 362 363 368 37 370 371 373 377 380 385 387 388 389 39 390 394 396 402 404 405 407 410 411 416 417 418 419 42 420 422 423 426 428 429 43 433 434 436 438 439 441 443 445 446 448 45 450 452 460 465 476 481 485 492 498 499 501 505 506 508 51 53 56 57 63 68 73 76 9 97,151,6,6,200,1
puc-cc9-2p-seed-r1,101 108 113 119 129 130 132 133 135 136 137 139 145 147 149 152 154 156 157 159 161 162 166 167 168 171 172 173 177 179 180 181 183 185 186 188 19 191 193 195 198 199 205 209 21 213 215 217 219 225 227 228 230 231 237 24 242 243 245 249 25 251 258 260 264 268 27 279 282 284 3 300 305 31 311 314 322 323 328 330 331 336 337 340 348 35 353 356 36 362 363 368 37 370 371 373 377 380 385 387 39 390 391 394 396 400 402 404 407 408 409 411 414 416 418 419 420 421 424 426 433 434 441 443 444 446 450 452 453 456 460 465 474 476 481 485 492 498 499 501 505 506 51 53 56 59 63 68 69 7 76 87,152,4,4,200,1
puc-cc9-2p-seed-r1,100 101 108 113 119 129 130 132 133 135 137 139 145 147 149 152 154 156 157 159 161 162 166 167 168 171 172 173 177 179 180 181 184 185 186 188 191 193 195 198 199 2 205 209 213 215 217 219 225 227 228 23 230 231 237 242 243 245 247 249 25 251 257 260 262 266 27 274 284 289 292 294 298 3 300 305 306 311 314 316 322 323 328 332 337 34 340 35 353 354 355 36 360 362 363 368 37 370 371 372 373 377 380 385 387 388 39 390 394 396 402 404 407 409 410 411 416 418 419 420 421 426 428 433 434 436 439 441 443 446 448 450 452 453 465 476 481 484 485 492 498 499 501 505 506 508 51 53 56 59 63 68 69,153,1,1,200,1
puc-cc9-2p-seed-r1,108 113 119 129 130 132 133 134 135 136 139 147 149 152 156 159 161 162 166 167 168 171 172 173 177 179 180 181 184 186 188 191 195 198 209 214 215 225 227 228 229 23 242 243 245 247 249 258 260 262 264 268 284 293 3 300 305 309 311 314 316 322 323 326 328 330 331 336 337 340 342 348 35 353 356 36 362 363 368 37 370 371 373 377 380 385 387 388 389 39 391 394 396 398 400 402 404 405 406 407 408 410 411 416 417 418 419 420 422 423 424 426 428 429 433 434 436 438 439 441 443 445 446 448 450 452 453 456 460 462 465 466 469 472 476 478 481 485 486 492 498 499 501 502 505 506 508 51 53 56 63 68 76,153,9,9,200,1
puc-cc9-2p-seed-r1,100 101 108 113 119 129 130 132 133 135 137 139 145 147 149 152 154 155 156 157 159 161 162 166 167 168 169 171 172 173 177 179 180 181 184 186 188 189 191 193 195 198 199 2 205 209 213 215 217 225 227 228 23 230 231 237 242 243 245 247 249 25 251 257 260 262 266 274 284 289 292 294 298 3 300 305 306 311 314 316 322 323 328 332 337 34 340 35 353 354 355 36 360 362 363 368 37 370 371 372 373 377 380 385 387 388 39 390 394 396 402 404 407 409 410 411 416 418 419 420 421 426 428 433 434 436 439 441 443 446 448 450 452 453 465 476 481 484 485 492 498 499 501 505 506 508 51 53 56 57 59 63 68 69,154,1,1,200,1
puc-cc9-2p-seed-r1,100 108 113 119 123 129 130 132 133 135 139 147 149 152 155 156 159 161 162 166 167 168 171 172 173 177 179 180 181 184 185 186 188 191 195 2 209 215 225 227 228 229 23 242 243 245 247 249 251 257 260 262 266 27 274 283 284 289 292 293 294 298 299 3 300 305 306 307 309 311 313 314 316 319 322 323 328 332 337 34 340 35 353 354 355 36 360 362 363 368 37 370 371 372 373 377 379 380 385 387 388 389 39 390 394 396 402 404 405 407 410 411 416 417 418 419 420 422 423 426 428 429 43 433 434 436 438 439 441 443 445 446 448 450 452 465 476 481 484 485 492 498 499 501 505 506 508 51 53 56 57 60 63 68,154,3,3,200,1
puc-cc9-2p-seed-r1,101 108 113 119 129 130 132 133 135 136 137 139 145 147 149 152 154 156 157 159 161 162 166 167 168 171 172 173 177 179 180 181 183 185 186 188 19 191 193 195 198 199 205 209 21 213 215 217 219 225 227 228 230 231 237 24 242 243 245 249 25 251 258 260 264 268 27 279 284 3 300 305 31 311 314 316 322 323 328 330 331 336 337 340 348 35 353 356 36 362 363 368 37 370 371 373 377 380 385 387 39 390 391 394 396 400 402 404 407 408 409 410 411 416 418 419 420 421 424 426 428 433 434 436 441 443 446 448 450 452 453 456 460 465 476 481 485 492 498 499 501 505 506 508 51 53 56 59 63 68 69 7 76 87,154,2,2,200,1
puc-cc9-2p-seed-r1,108 113 119 129 130 132 133 135 136 137 139 145 147 149 152 154 155 156 157 159 161 162 166 167 168 171 172 173 177 179 180 182 184 185 186 188 189 191 195 209 215 217 225 227 228 229 23 242 243 245 247 249 25 251 258 260 264 268 281 282 283 284 299 3 300 305 307 309 311 313 314 316 319 322 323 328 330 331 336 337 340 348 35 353 356 36 362 363 368 37 370 371 373 377 379 380 385 387 39 390 391 393 394 396 400 401 402 404 405 407 408 411 413 414 416 418 419 420 421 424 426 427 433 434 435 438 439 441 444 445 446 447 450 452 456 460 465 473 474 476 481 492 498 499 501 505 506 507 51 53 56 59 63 68 76,155,2,2,200,1
puc-cc9-2p-seed-r1,101 108 113 119 129 130 132 133 135 137 139 145 147 149 152 154 155 156 157 159 161 162 166 167 168 169 171 172 173 177 179 180 181 184 186 188 189 191 193 195 198 199 2 205 209 213 215 217 225 227 228 23 230 231 237 242 243 245 247 249 25 251 257 260 262 266 268 274 284 289 292 294 298 3 300 305 306 311 314 316 322 323 328 330 331 336 337 34 340 348 35 353 354 356 36 362 363 368 37 370 371 373 377 380 385 387 388 39 390 394 396 402 404 407 409 410 411 416 418 419 420 421 426 428 433 434 436 439 441 443 446 448 450 452 453 460 465 476 481 485 492 498 499 501 505 506 508 51 53 56 57 59 63 68 69 76,156,1,1,200,1
puc-cc9-2p-seed-r1,108 113 119 123 129 130 132 133 135 136 137 139 145 147 149 152 154 155 156 157 159 161 162 166 167 168 171 172 173 177 179 180 182 184 185 186 188 189 191 195 209 215 217 225 227 228 229 23 242 243 245 247 249 25 251 258 260 264 268 27 281 282 283 284 299 3 300 305 307 309 311 313 314 316 319 322 323 328 330 331 336 337 340 348 35 353 356 36 362 363 368 37 370 371 373 377 379 380 385 387 39 390 391 393 394 396 400 401 402 404 405 407 408 411 413 414 416 418 419 420 421 424 426 43 433 434 438 439 441 443 444 445 446 450 452 456 460 465 473 474 476 481 492 498 499 501 505 506 51 53 56 57 60 63 68 76,156,2,2,200,1
puc-cc9-2p-seed-r1,108 113 119 129 130 132 133 134 135 136 137 139 145 147 149 152 154 155 156 157 159 161 162 166 167 168 171 172 173 177 179 180 182 184 185 186 189 191 195 198 209 214 215 217 225 227 228 229 23 242 243 245 247 249 25 258 260 262 264 268 281 282 284 3 300 305 309 311 314 322 323 326 328 330 331 336 337 340 342 348 35 353 356 36 362 363 368 37 370 371 373 377 380 385 387 388 389 39 391 393 394 396 398 400 401 402 404 405 406 407 408 411 413 414 416 418 419 420 421 422 424 426 433 434 438 439 441 444 445 446 450 452 453 456 460 462 465 466 469 472 473 474 476 478 481 486 492 498 499 501 502 505 506 51 53 56 63 68 76,159,1,2,200,1
puc-cc9-2p-seed-r1,106 107 108 109 119 121 129 132 133 134 135 138 139 146 147 149 152 155 156 159 161 162 166 167 168 169 171 172 173 179 180 181 183 185 186 188 19 191 194 195 2 21 215 227 228 229 233 24 251 258 260 263 268 275 277 280 283 284 287 293 297 299 3 300 307 309 31 311 313 314 316 319 322 323 327 328 33 330 331 336 339 340 341 344 348 35 351 356 36 361 362 363 368 37 375 379 380 385 387 388 389 39 390 394 396 402 404 405 407 410 411 416 417 418 419 42 420 422 423 426 427 428 429 43 433 434 435 436 438 439 441 445 446 447 448 45 450 452 460 471 476 485 492 501 506 507 508 51 53 56 57 59 63 68 7 73 76 87 9 97,160,1,5,200,1
puc-cc9-2p-seed-r1,108 113 119 129 130 132 133 134 135 136 137 139 145 147 149 152 154 155 156 157 159 161 162 166 167 168 171 172 173 177 179 180 182 184 185 186 188 189 191 195 209 215 217 225 227 228 229 23 242 243 245 247 249 25 251 258 260 262 264 268 281 282 283 284 299 3 300 305 307 309 311 313 314 316 319 322 323 328 330 331 336 337 340 348 35 353 356 36 362 363 368 37 370 371 373 377 379 380 385 387 388 389 39 391 393 394 396 398 400 401 402 404 405 406 407 408 411 413 414 416 418 419 420 421 422 424 426 427 433 434 435 438 439 441 444 445 446 447 450 452 454 456 460 465 473 474 476 481 492 498 499 501 505 506 507 51 53 56 59 63 68 76,162,1,1,200,1
puc-cc9-2p-seed-r1,105 108 113 119 129 130 132 133 134 135 136 137 139 147 149 152 156 159 161 162 166 167 168 170 171 172 173 177 179 180 182 184 185 186 188 189 191 195 198 209 214 215 225 227 228 229 23 233 242 243 245 247 249 258 260 262 264 268 284 297 3 300 305 309 311 314 316 322 323 326 328 33 330 331 336 337 340 342 348 35 353 356 36 362 363 368 37 370 371 373 377 380 385 387 388 389 39 391 394 396 398 400 402 404 405 406 407 408 410 411 416 418 419 42 420 421 422 424 425 426 428 43 433 434 436 438 439 441 443 445 446 448 45 450 452 453 456 460 462 465 466 469 472 476 478 481 486 492 498 499 501 502 505 506 508 51 53 56 57 63 68 76 9,163,2,2,200,1
puc-cc9-2p-seed-r1,108 113 119 129 130 132 133 134 135 136 139 147 149 152 155 156 159 161 162 166 167 168 171 172 173 177 179 180 182 184 185 186 188 189 191 195 198 209 214 215 225 227 228 229 23 242 243 245 247 249 251 258 260 262 264 268 283 284 299 3 300 305 307 309 311 313 314 316 319 322 323 326 328 330 331 336 337 340 342 348 35 353 356 36 362 363 368 37 370 371 373 377 379 380 385 387 388 389 39 391 394 396 398 400 402 404 405 406 407 408 410 411 416 418 419 420 421 422 424 426 427 428 433 434 435 436 438 439 441 445 446 447 448 450 452 453 456 460 462 465 466 469 472 476 478 481 486 492 498 499 501 502 505 506 507 508 51 53 56 59 63 68 76,163,1,1,200,1
puc-cc9-2p-seed-r1,100 108 113 119 123 129 130 132 133 134 135 136 139 147 149 152 155 156 159 161 162 166 167 168 171 172 173 177 179 180 182 184 185 186 188 189 191 195 198 209 214 215 225 227 228 229 23 242 243 245 247 249 251 258 260 262 264 27 283 284 292 299 3 300 305 307 309 311 313 314 316 319 322 323 326 328 332 337 340 342 35 353 354 355 36 360 362 363 368 37 370 371 372 373 377 379 380 385 387 388 389 39 391 394 396 398 400 402 404 405 406 407 408 410 411 416 418 419 420 421 422 424 426 428 43 433 434 436 438 439 441 443 445 446 448 450 452 453 456 462 465 466 469 472 476 478 481 484 486 492 498 499 501 502 505 506 508 51 53 56 57 60 63 68,164,7,7,200,1
puc-cc9-2p-seed-r1,106 107 108 109 113 119 121 129 132 133 134 135 138 139 146 147 149 152 154 156 159 161 162 166 167 168 169 171 172 173 177 179 180 181 183 186 19 194 195 2 209 21 215 225 227 228 229 233 24 242 243 245 249 258 260 263 268 275 277 280 282 284 287 293 297 3 300 305 309 31 311 314 322 323 327 328 33 330 331 336 337 339 340 341 344 348 35 351 353 356 36 361 362 363 368 37 370 371 373 375 377 380 385 387 388 389 39 390 394 396 402 404 405 407 409 411 414 416 417 418 419 42 420 422 423 426 429 43 433 434 438 439 441 444 445 446 45 450 452 460 465 471 474 476 481 485 492 498 499 501 505 506 51 53 56 57 63 68 7 73 76 87 9 97,164,4,7,200,1
puc-cc9-2p-seed-r1,106 107 108 109 113 119 121 129 132 133 134 135 138 139 146 147 149 152 155 156 159 161 162 166 167 168 169 171 172 173 177 179 180 181 184 185 186 188 191 194 195 2 209 215 225 227 228 229 23 233 242 243 245 247 249 251 258 260 268 283 284 293 297 299 3 300 305 307 309 311 313 314 316 319 322 323 328 33 330 331 336 337 340 348 35 353 356 36 361 362 363 368 37 370 371 373 377 379 380 385 387 388 389 39 390 394 396 402 404 405 407 410 411 416 417 418 419 42 420 422 423 426 427 428 429 43 433 434 435 436 438 439 441 445 446 447 448 45 450 452 460 465 476 481 485 492 498 499 501 505 506 507 508 51 53 56 57 59 63 68 73 76 9 97,164,3,3,200,1
puc-cc9-2p-seed-r1,108 113 119 129 132 133 134 135 138 139 146 147 149 152 155 156 159 161 162 166 167 168 171 172 173 177 179 180 181 183 185 186 188 19 191 194 195 2 209 21 215 225 227 228 229 24 242 243 245 249 251 258 260 263 268 275 277 280 283 284 287 293 299 3 300 305 307 309 31 311 313 314 316 319 322 323 327 328 330 331 336 337 339 340 341 344 348 35 351 353 356 36 362 363 368 37 370 371 373 375 377 379 380 385 387 388 389 39 390 394 396 402 404 405 407 410 411 416 417 418 419 420 422 423 426 427 428 429 433 434 435 436 438 439 441 445 446 447 448 450 452 460 465 471 476 481 485 492 498 499 501 505 506 507 508 51 53 56 59 63 68 7 76 87,164,4,8,200,1
puc-cc9-2p-seed-r1,108 113 119 129 130 132 133 134 135 136 139 147 149 152 156 159 161 162 166 167 168 171 172 173 177 179 180 182 183 186 188 189 19 195 198 209 21 214 215 225 227 228 229 24 242 243 245 249 258 260 262 263 264 268 275 277 280 284 287 3 300 305 309 31 311 314 316 322 323 326 327 328 330 331 336 337 339 340 341 342 344 348 35 351 353 356 36 362 363 368 37 370 371 373 375 377 380 385 387 388 389 39 391 394 396 398 400 402 404 405 406 407 408 410 411 416 418 419 420 421 422 424 426 428 433 434 436 438 439 441 443 445 446 448 450 452 453 456 460 462 465 466 469 471 472 476 478 481 486 492 498 499 501 502 505 506 508 51 53 56 63 68 7 76 87,165,1,1,200,1
puc-cc9-2p-seed-r1,108 113 119 129 132 133 134 135 138 139 146 147 149 152 154 155 156 159 161 162 166 167 168 171 172 173 177 179 180 181 183 185 186 188 19 191 194 195 2 209 21 215 225 227 228 229 24 242 243 245 249 251 258 260 263 268 275 277 280 282 283 284 287 293 299 3 300 305 307 309 31 311 313 314 316 319 322 323 327 328 330 331 336 337 339 340 341 344 348 35 351 353 356 36 362 363 368 37 370 371 373 375 377 379 380 385 387 388 389 39 390 394 396 402 404 405 407 409 411 414 416 417 418 419 420 422 423 426 427 429 433 434 435 438 439 441 444 445 446 447 450 452 460 465 471 474 476 481 485 492 498 499 501 505 506 507 51 53 56 59 63 68 7 76 87,165,8,11,200,1
puc-cc9-2p-seed-r1,100 101 108 113 119 129 130 132 133 134 135 136 137 139 145 147 149 152 154 156 157 159 161 162 166 167 168 171 172 173 177 179 180 181 184 185 186 188 191 193 195 198 199 205 209 213 214 215 217 219 225 227 228 23 230 231 237 242 243 245 247 249 25 251 258 260 262 264 27 284 292 3 300 305 311 314 316 322 323 326 328 332 337 340 342 35 353 354 355 36 360 362 363 368 37 370 371 372 373 377 380 385 387 388 389 39 391 394 396 398 400 402 404 406 407 408 409 410 411 416 418 419 420 421 422 424 426 428 433 434 436 439 441 443 446 448 450 452 453 456 462 465 466 469 472 476 478 481 484 485 486 492 498 499 501 502 505 506 508 51 53 56 59 63 68 69,166,2,2,200,1
puc-cc9-2p-seed-r1,106 107 108 109 113 119 121 129 132 133 134 135 138 139 146 147 149 152 156 159 161 162 166 167 168 169 171 172 173 177 179 180 181 183 186 188 19 194 195 2 209 21 215 225 227 228 229 233 24 242 243 245 249 258 260 263 268 275 277 280 284 287 293 297 3 300 305 309 31 311 314 316 322 323 327 328 33 330 331 336 337 339 340 341 344 348 35 351 353 356 36 361 362 363 368 37 370 371 373 375 377 380 385 387 388 389 39 390 394 396 402 404 405 407 410 411 416 417 418 419 42 420 422 423 426 428 429 43 433 434 436 438 439 441 443 445 446 448 45 450 452 460 465 471 476 481 485 492 498 499 501 505 506 508 51 53 56 57 63 68 7 73 76 87 9 97,166,8,8,200,1
puc-cc9-2p-seed-r1,100 101 108 113 119 129 130 132 133 134 135 136 137 139 145 147 149 152 154 155 156 157 159 161 162 166 167 168 169 171 172 173 177 179 180 181 184 186 188 189 191 193 195 198 199 205 209 213 214 215 217 225 227 228 23 230 231 237 242 243 245 247 249 25 251 258 260 262 264 284 292 3 300 305 311 314 316 322 323 326 328 332 337 340 342 35 353 354 355 36 360 362 363 368 37 370 371 372 373 377 380 385 387 388 389 39 391 394 396 398 400 402 404 406 407 408 409 410 411 416 418 419 420 421 422 424 426 428 433 434 436 439 441 443 446 448 450 452 453 456 462 465 466 469 472 476 478 481 484 485 486 492 498 499 501 502 505 506 508 51 53 56 57 59 63 68 69,167,3,3,200,1
puc-cc9-2p-seed-r1,100 108 113 119 123 129 130 132 133 134 135 136 139 147 149 152 155 156 159 161 162 166 167 168 171 172 173 177 179 180 181 184 185 186 188 191 195 198 209 214 215 225 227 228 229 23 242 243 245 247 249 251 258 260 262 264 27 283 284 292 293 299 3 300 305 307 309 311 313 314 316 319 322 323 326 328 332 337 340 342 35 353 354 355 36 360 362 363 368 37 370 371 372 373 377 379 380 385 387 388 389 39 391 394 396 398 400 402 404 405 406 407 408 410 411 416 417 418 419 420 422 423 424 426 428 429 43 433 434 436 438 439 441 443 445 446 448 450 452 453 456 462 465 466 469 472 476 478 481 484 485 486 492 498 499 501 502 505 506 508 51 53 56 57 60 63 68,167,6,6,200,1
puc-cc9-2p-seed-r1,100 108 113 119 123 129 130 132 133 134 135 136 139 147 149 152 155 156 159 161 162 166 167 168 171 172 173 177 179 180 182 183 185 186 188 189 19 191 195 198 209 21 214 215 225 227 228 229 24 242 243 245 249 251 258 260 262 264 27 279 283 284 292 299 3 300 305 307 309 31 311 313 314 316 319 322 323 326 328 332 337 340 342 35 353 354 355 36 360 362 363 368 37 370 371 372 373 377 379 380 385 387 388 389 39 391 394 396 398 400 402 404 405 406 407 408 410 411 416 418 419 420 421 422 424 426 428 43 433 434 436 438 439 441 443 445 446 448 450 452 453 456 462 465 466 469 472 476 478 481 484 486 492 498 499 501 502 505 506 508 51 53 56 57 60 63 68 7 87,169,2,2,200,1
puc-cc9-2p-seed-r1,100 101 108 113 119 129 130 132 133 134 135 136 137 139 145 147 149 152 154 156 157 159 161 162 166 167 168 171 172 173 177 179 180 181 183 185 186 188 19 191 193 195 198 199 205 209 21 213 214 215 217 219 225 227 228 230 231 237 24 242 243 245 249 25 251 258 260 262 264 27 279 284 292 3 300 305 31 311 314 316 322 323 326 328 332 337 340 342 35 353 354 355 36 360 362 363 368 37 370 371 372 373 377 380 385 387 388 389 39 391 394 396 398 400 402 404 406 407 408 409 410 411 416 418 419 420 421 422 424 426 428 433 434 436 441 443 446 448 450 452 453 456 462 465 466 469 472 476 478 481 484 485 486 492 498 499 501 502 505 506 508 51 53 56 59 63 68 69 7 87,170,7,7,200,1
puc-cc9-2p-seed-r1,101 108 113 119 129 130 132 133 134 135 136 137 139 145 147 149 152 154 156 157 159 161 162 166 167 168 171 172 173 177 179 180 181 183 185 186 188 19 191 193 195 198 199 205 209 21 213 214 215 217 219 225 227 228 230 231 237 24 242 243 245 249 25 251 258 260 262 264 268 27 279 284 3 300 305 31 311 314 316 322 323 326 328 330 331 336 337 340 342 348 35 353 356 36 362 363 368 37 370 371 373 377 380 385 387 388 389 39 391 394 396 398 400 402 404 406 407 408 409 410 411 416 418 419 420 421 422 424 426 428 433 434 436 441 443 446 448 450 452 453 456 460 462 465 466 469 472 476 478 481 485 486 492 498 499 501 502 505 506 508 51 53 56 59 63 68 69 7 76 87,170,3,3,200,1
puc-cc9-2p-seed-r1,108 113 119 129 130 132 133 134 135 136 137 139 145 147 149 152 154 155 156 157 159 161 162 166 167 168 171 172 173 177 179 180 182 184 185 186 188 189 191 195 198 209 214 215 217 225 227 228 229 23 242 243 245 247 249 25 251 258 260 262 264 268 281 282 283 284 299 3 300 305 307 309 311 313 314 316 319 322 323 326 328 330 331 336 337 340 342 348 35 353 356 36 362 363 368 37 370 371 373 377 379 380 385 387 388 389 39 391 393 394 396 398 400 401 402 404 405 406 407 408 411 413 414 416 418 419 420 421 422 424 426 427 433 434 435 438 439 441 444 445 446 447 450 452 453 456 460 462 465 466 469 472 473 474 476 478 481 486 492 498 499 501 502 505 506 507 51 53 56 59 63 68 76,173,1,1,200,1
puc-cc9-2p-seed-r1,106 107 108 109 113 119 121 129 132 133 134 135 138 139 146 147 149 152 155 156 159 161 162 166 167 168 169 171 172 173 177 179 180 181 183 185 186 188 19 191 194 195 2 209 21 215 225 227 228 229 233 24 242 243 245 249 251 258 260 263 268 275 277 280 283 284 287 293 297 299 3 300 305 307 309 31 311 313 314 316 319 322 323 327 328 33 330 331 336 337 339 340 341 344 348 35 351 353 356 36 361 362 363 368 37 370 371 373 375 377 379 380 385 387 388 389 39 390 394 396 402 404 405 407 410 411 416 417 418 419 42 420 422 423 426 427 428 429 43 433 434 435 436 438 439 441 445 446 447 448 45 450 452 460 465 471 476 481 485 492 498 499 501 505 506 507 508 51 53 56 57 59 63 68 7 73 76 87 9 97,180,4,4,200,1
puc-cc9-2p-seed-r1,106 107 108 109 113 119 121 129 132 133 134 135 138 139 146 147 149 152 154 155 156 159 161 162 166 167 168 169 171 172 173 177 179 180 181 183 185 186 188 19 191 194 195 2 209 21 215 225 227 228 229 233 24 242 243 245 249 251 258 260 263 268 275 277 280 282 283 284 287 293 297 299 3 300 305 307 309 31 311 313 314 316 319 322 323 327 328 33 330 331 336 337 339 340 341 344 348 35 351 353 356 36 361 362 363 368 37 370 371 373 375 377 379 380 385 387 388 389 39 390 394 396 402 404 405 407 409 411 414 416 417 418 419 42 420 422 423 426 427 429 43 433 434 435 438 439 441 444 445 446 447 45 450 452 460 465 471 474 476 481 485 492 498 499 501 505 506 507 51 53 56 57 59 63 68 7 73 76 87 9 97,181,3,3,200,1
