instancia,idx,opt_core,n_estacoes,estacoes,n_componentes,tamanhos_componentes,oracle_viavel,Z,n_Z,validador_viavel,hdesc,n_origens_sem_par,truncado_pool
TR-k2-L5-r2,0,3.0,3,c0_1 c0_3 c0_5,1,3,1,,0,,0,0,0
TR-k2-L5-r2,1,3.0,3,c0_1 c0_5 c1_3,3,"1,1,1",0,c0_2 c0_3 c1_1 e0 e1,5,,1,2,0
TR-k2-L5-r2,2,3.0,3,c0_3 c0_5 c1_1,2,"2,1",0,c0_1 c1_2 c1_3 e0 e1,5,,1,2,0
TR-k2-L5-r2,3,3.0,3,c0_5 c1_1 c1_3,2,"1,2",0,c0_1 c1_2 c1_4 c1_5 e0 e1,6,,1,2,0
TR-k2-L5-r2,4,3.0,3,c0_3 c1_1 c1_5,3,"1,1,1",0,c0_1 c1_2 c1_3 e0 e1,5,,1,2,0
TR-k2-L5-r2,5,3.0,3,c0_1 c0_3 c1_5,2,"2,1",0,c0_2 c0_4 c0_5 c1_1 e0 e1,6,,1,2,0
TR-k2-L5-r2,6,3.0,3,c1_1 c1_3 c1_5,1,3,1,,0,,0,0,0
TR-k2-L5-r2,7,3.0,3,c0_1 c1_3 c1_5,2,"1,2",0,c0_2 c0_3 c1_1 e0 e1,5,,1,2,0
"BP-nao-[3,1]-q2",0,6.0,6,v0 v1 u0 c0_1 u1 c1_0,2,"3,3",0,c0_0 c1_1 t1_0 t1_1,4,False,1,0,0
"BP-nao-[3,1]-q2",1,6.0,6,v0 v1 u0 c0_0 u1 c1_1,2,"3,3",0,c0_1 c1_0 t0_0 t0_1,4,False,1,0,0
mapf-maze-32-32-2-m10-f4,0,5.0,5,11_25 26_21 30_1 31_23 5_22,4,"1,2,1,1",0,10_10 10_11 10_12 10_13 10_14 10_16 10_17 10_18 10_19 10_20 10_8 10_9 11_10 11_11 11_12 11_13 11_14 11_16 11_17 11_18 11_19 11_9 1_10 1_11 1_12 1_13 1_14 1_15 1_16 1_17 1_18 1_19 1_20 1_21 1_22 1_23 1_24 1_25 1_26 1_27 1_28 1_29 1_30 1_31 1_7 1_8 1_9 2_10 2_11 2_12 2_13 2_14 2_16 2_17 2_18 2_20 2_21 2_22 2_23 2_24 2_25 2_26 2_27 2_28 2_29 2_30 2_31 2_7 2_8 2_9 3_22 3_23 3_29 3_31 3_7 3_8 4_10 4_11 4_12 4_13 4_14 4_15 4_16 4_22 4_23 4_28 4_29 4_31 4_7 4_8 4_9 5_10 5_11 5_12 5_13 5_14 5_15 5_23 5_28 5_29 5_31 5_7 5_8 5_9 6_10 6_11 6_22 6_23 6_31 7_10 7_11 7_13 7_14 7_15 7_16 7_17 7_18 7_19 7_20 7_21 7_22 7_23 7_31 7_7 7_8 7_9 8_10 8_11 8_13 8_14 8_15 8_16 8_17 8_18 8_19 8_20 8_21 8_22 8_23 8_31 8_8 8_9 9_13 9_14 9_19 9_20,146,,1,0,1
mapf-maze-32-32-2-m10-f4,1,5.0,5,10_20 10_22 12_31 16_31 20_2,5,"1,1,1,1,1",0,10_10 10_11 10_12 10_13 10_14 10_16 10_17 10_18 10_19 10_28 10_29 10_30 10_31 10_7 10_8 10_9 11_10 11_11 11_12 11_13 11_14 11_16 11_17 11_18 11_19 11_28 11_29 11_30 11_31 11_8 11_9 13_28 13_29 13_30 13_31 14_28 14_29 14_30 14_31 15_28 15_29 16_28 16_29 17_28 17_29 18_28 18_29 19_22 19_23 19_24 19_25 19_26 19_27 19_28 19_29 1_10 1_11 1_12 1_13 1_14 1_15 1_16 1_17 1_18 1_19 1_20 1_21 1_22 1_23 1_24 1_25 1_26 1_27 1_28 1_29 1_30 1_31 1_7 1_8 1_9 20_22 20_23 20_24 20_25 20_26 20_27 20_28 20_29 21_14 21_22 22_13 22_14 22_19 22_20 22_22 22_23 23_13 23_14 23_19 23_20 23_22 23_23 24_13 24_14 24_19 24_20 24_22 24_23 25_10 25_11 25_12 25_13 25_14 25_15 25_16 25_17 25_18 25_19 25_20 25_21 25_22 25_23 26_11 26_12 26_13 26_14 26_15 26_16 26_17 26_18 26_19 26_20 26_21 26_22 26_23 27_16 27_17 28_16 28_17 29_16 29_17 2_10 2_11 2_12 2_13 2_14 2_16 2_17 2_18 2_20 2_21 2_22 2_23 2_24 2_25 2_26 2_27 2_28 2_29 2_30 2_31 2_7 2_8 2_9 30_16 30_17 31_16 31_17 31_18 3_22 3_23 3_29 3_31 3_7 3_8 4_10 4_11 4_12 4_13 4_14 4_15 4_16 4_22 4_23 4_28 4_29 4_31 4_7 4_8 4_9 5_10 5_11 5_12 5_13 5_14 5_15 5_22 5_23 5_28 5_29 5_31 5_7 5_8 5_9 6_10 6_11 6_22 6_23 6_31 7_10 7_11 7_13 7_14 7_15 7_16 7_17 7_18 7_19 7_20 7_21 7_22 7_23 7_31 7_7 7_8 7_9 8_10 8_11 8_13 8_14 8_15 8_16 8_17 8_18 8_19 8_20 8_21 8_22 8_23 8_31 8_8 8_9 9_13 9_14 9_19 9_20,246,,1,2,1
mapf-maze-32-32-2-m10-f4,2,5.0,5,10_22 12_31 16_31 1_17 20_2,5,"1,1,1,1,1",0,10_10 10_11 10_12 10_13 10_14 10_16 10_17 10_18 10_19 10_20 10_28 10_29 10_30 10_31 10_8 10_9 11_10 11_11 11_12 11_13 11_14 11_16 11_17 11_18 11_19 11_28 11_29 11_30 11_31 11_9 13_28 13_29 13_30 13_31 14_28 14_29 14_30 14_31 15_28 15_29 16_28 16_29 17_28 17_29 18_28 18_29 19_22 19_23 19_24 19_25 19_26 19_27 19_28 19_29 1_10 1_11 1_12 1_13 1_14 1_15 1_16 1_18 1_19 1_20 1_21 1_22 1_23 1_24 1_25 1_26 1_27 1_28 1_29 1_30 1_31 1_7 1_8 1_9 20_22 20_23 20_24 20_25 20_26 20_27 20_28 20_29 21_14 21_22 22_13 22_14 22_19 22_20 22_22 22_23 23_13 23_14 23_19 23_20 23_22 23_23 24_13 24_14 24_19 24_20 24_22 24_23 25_10 25_11 25_12 25_13 25_14 25_15 25_16 25_17 25_18 25_19 25_20 25_21 25_22 25_23 26_11 26_12 26_13 26_14 26_15 26_16 26_17 26_18 26_19 26_20 26_21 26_22 26_23 27_16 27_17 28_16 28_17 29_16 29_17 2_10 2_11 2_12 2_13 2_14 2_16 2_17 2_18 2_20 2_21 2_22 2_23 2_24 2_25 2_26 2_27 2_28 2_29 2_30 2_31 2_7 2_8 2_9 30_16 30_17 31_16 31_17 31_18 3_22 3_23 3_29 3_31 3_7 3_8 4_10 4_11 4_12 4_13 4_14 4_15 4_16 4_22 4_23 4_28 4_29 4_31 4_7 4_8 4_9 5_10 5_11 5_12 5_13 5_14 5_15 5_22 5_23 5_28 5_29 5_31 5_7 5_8 5_9 6_10 6_11 6_22 6_23 6_31 7_10 7_11 7_13 7_14 7_15 7_16 7_17 7_18 7_19 7_20 7_21 7_22 7_23 7_31 7_7 7_8 7_9 8_10 8_11 8_13 8_14 8_15 8_16 8_17 8_18 8_19 8_20 8_21 8_22 8_23 8_31 8_8 8_9 9_13 9_14 9_19 9_20,244,,1,1,1
mapf-maze-32-32-2-m10-f4,3,5.0,5,10_23 12_31 16_31 1_17 20_2,5,"1,1,1,1,1",0,10_10 10_11 10_12 10_13 10_14 10_16 10_17 10_18 10_19 10_20 10_28 10_29 10_30 10_31 10_8 10_9 11_10 11_11 11_12 11_13 11_14 11_16 11_17 11_18 11_19 11_28 11_29 11_30 11_31 11_9 13_28 13_29 13_30 13_31 14_28 14_29 14_30 14_31 15_28 15_29 16_28 16_29 17_28 17_29 18_28 18_29 19_22 19_23 19_24 19_25 19_26 19_27 19_28 19_29 1_10 1_11 1_12 1_13 1_14 1_15 1_16 1_18 1_19 1_20 1_21 1_22 1_23 1_24 1_25 1_26 1_27 1_28 1_29 1_30 1_31 1_7 1_8 1_9 20_22 20_23 20_24 20_25 20_26 20_27 20_28 20_29 21_14 21_22 22_13 22_14 22_19 22_20 22_22 22_23 23_13 23_14 23_19 23_20 23_22 23_23 24_13 24_14 24_19 24_20 24_22 24_23 25_10 25_11 25_12 25_13 25_14 25_15 25_16 25_17 25_18 25_19 25_20 25_21 25_22 25_23 26_11 26_12 26_13 26_14 26_15 26_16 26_17 26_18 26_19 26_20 26_21 26_22 26_23 27_16 27_17 28_16 28_17 29_16 29_17 2_10 2_11 2_12 2_13 2_14 2_16 2_17 2_18 2_20 2_21 2_22 2_23 2_24 2_25 2_26 2_27 2_28 2_29 2_30 2_31 2_7 2_8 2_9 30_16 30_17 31_16 31_17 31_18 3_22 3_23 3_29 3_31 3_7 3_8 4_10 4_11 4_12 4_13 4_14 4_15 4_16 4_22 4_23 4_28 4_29 4_31 4_7 4_8 4_9 5_10 5_11 5_12 5_13 5_14 5_15 5_22 5_23 5_28 5_29 5_31 5_7 5_8 5_9 6_10 6_11 6_22 6_23 6_31 7_10 7_11 7_13 7_14 7_15 7_16 7_17 7_18 7_19 7_20 7_21 7_22 7_23 7_31 7_7 7_8 7_9 8_10 8_11 8_13 8_14 8_15 8_16 8_17 8_18 8_19 8_20 8_21 8_22 8_23 8_31 8_8 8_9 9_13 9_14 9_19 9_20,244,,1,1,1
mapf-maze-32-32-2-m10-f4,4,5.0,5,10_20 10_23 12_31 16_31 20_2,5,"1,1,1,1,1",0,10_10 10_11 10_12 10_13 10_14 10_16 10_17 10_18 10_19 10_28 10_29 10_30 10_31 10_7 10_8 10_9 11_10 11_11 11_12 11_13 11_14 11_16 11_17 11_18 11_19 11_28 11_29 11_30 11_31 11_8 11_9 13_28 13_29 13_30 13_31 14_28 14_29 14_30 14_31 15_28 15_29 16_28 16_29 17_28 17_29 18_28 18_29 19_22 19_23 19_24 19_25 19_26 19_27 19_28 19_29 1_10 1_11 1_12 1_13 1_14 1_15 1_16 1_17 1_18 1_19 1_20 1_21 1_22 1_23 1_24 1_25 1_26 1_27 1_28 1_29 1_30 1_31 1_7 1_8 1_9 20_22 20_23 20_24 20_25 20_26 20_27 20_28 20_29 21_14 21_22 22_13 22_14 22_19 22_20 22_22 22_23 23_13 23_14 23_19 23_20 23_22 23_23 24_13 24_14 24_19 24_20 24_22 24_23 25_10 25_11 25_12 25_13 25_14 25_15 25_16 25_17 25_18 25_19 25_20 25_21 25_22 25_23 26_11 26_12 26_13 26_14 26_15 26_16 26_17 26_18 26_19 26_20 26_21 26_22 26_23 27_16 27_17 28_16 28_17 29_16 29_17 2_10 2_11 2_12 2_13 2_14 2_16 2_17 2_18 2_20 2_21 2_22 2_23 2_24 2_25 2_26 2_27 2_28 2_29 2_30 2_31 2_7 2_8 2_9 30_16 30_17 31_16 31_17 31_18 3_22 3_23 3_29 3_31 3_7 3_8 4_10 4_11 4_12 4_13 4_14 4_15 4_16 4_22 4_23 4_28 4_29 4_31 4_7 4_8 4_9 5_10 5_11 5_12 5_13 5_14 5_15 5_22 5_23 5_28 5_29 5_31 5_7 5_8 5_9 6_10 6_11 6_22 6_23 6_31 7_10 7_11 7_13 7_14 7_15 7_16 7_17 7_18 7_19 7_20 7_21 7_22 7_23 7_31 7_7 7_8 7_9 8_10 8_11 8_13 8_14 8_15 8_16 8_17 8_18 8_19 8_20 8_21 8_22 8_23 8_31 8_8 8_9 9_13 9_14 9_19 9_20,246,,1,2,1
mapf-maze-32-32-2-m10-f4,5,5.0,5,10_25 12_31 16_31 1_17 20_2,5,"1,1,1,1,1",0,10_10 10_11 10_12 10_13 10_14 10_16 10_17 10_18 10_19 10_20 10_28 10_29 10_30 10_31 10_8 10_9 11_10 11_11 11_12 11_13 11_14 11_16 11_17 11_18 11_19 11_28 11_29 11_30 11_31 11_9 13_28 13_29 13_30 13_31 14_28 14_29 14_30 14_31 15_28 15_29 16_28 16_29 17_28 17_29 18_28 18_29 19_22 19_23 19_24 19_25 19_26 19_27 19_28 19_29 1_10 1_11 1_12 1_13 1_14 1_15 1_16 1_18 1_19 1_20 1_21 1_22 1_23 1_24 1_25 1_26 1_27 1_28 1_29 1_30 1_31 1_7 1_8 1_9 20_22 20_23 20_24 20_25 20_26 20_27 20_28 20_29 21_14 21_22 22_13 22_14 22_19 22_20 22_22 22_23 23_13 23_14 23_19 23_20 23_22 23_23 24_13 24_14 24_19 24_20 24_22 24_23 25_10 25_11 25_12 25_13 25_14 25_15 25_16 25_17 25_18 25_19 25_20 25_21 25_22 25_23 26_11 26_12 26_13 26_14 26_15 26_16 26_17 26_18 26_19 26_20 26_21 26_22 26_23 27_16 27_17 28_16 28_17 29_16 29_17 2_10 2_11 2_12 2_13 2_14 2_16 2_17 2_18 2_20 2_21 2_22 2_23 2_24 2_25 2_26 2_27 2_28 2_29 2_30 2_31 2_7 2_8 2_9 30_16 30_17 31_16 31_17 31_18 3_22 3_23 3_29 3_31 3_7 3_8 4_10 4_11 4_12 4_13 4_14 4_15 4_16 4_22 4_23 4_28 4_29 4_31 4_7 4_8 4_9 5_10 5_11 5_12 5_13 5_14 5_15 5_22 5_23 5_28 5_29 5_31 5_7 5_8 5_9 6_10 6_11 6_22 6_23 6_31 7_10 7_11 7_13 7_14 7_15 7_16 7_17 7_18 7_19 7_20 7_21 7_22 7_23 7_31 7_7 7_8 7_9 8_10 8_11 8_13 8_14 8_15 8_16 8_17 8_18 8_19 8_20 8_21 8_22 8_23 8_31 8_8 8_9 9_13 9_14 9_19 9_20,244,,1,1,1
mapf-maze-32-32-2-m10-f4,6,5.0,5,10_26 12_31 16_31 1_17 20_2,5,"1,1,1,1,1",0,10_10 10_11 10_12 10_13 10_14 10_16 10_17 10_18 10_19 10_20 10_28 10_29 10_30 10_31 10_8 10_9 11_10 11_11 11_12 11_13 11_14 11_16 11_17 11_18 11_19 11_28 11_29 11_30 11_31 11_9 13_28 13_29 13_30 13_31 14_28 14_29 14_30 14_31 15_28 15_29 16_28 16_29 17_28 17_29 18_28 18_29 19_22 19_23 19_24 19_25 19_26 19_27 19_28 19_29 1_10 1_11 1_12 1_13 1_14 1_15 1_16 1_18 1_19 1_20 1_21 1_22 1_23 1_24 1_25 1_26 1_27 1_28 1_29 1_30 1_31 1_7 1_8 1_9 20_22 20_23 20_24 20_25 20_26 20_27 20_28 20_29 21_14 21_22 22_13 22_14 22_19 22_20 22_22 22_23 23_13 23_14 23_19 23_20 23_22 23_23 24_13 24_14 24_19 24_20 24_22 24_23 25_10 25_11 25_12 25_13 25_14 25_15 25_16 25_17 25_18 25_19 25_20 25_21 25_22 25_23 26_11 26_12 26_13 26_14 26_15 26_16 26_17 26_18 26_19 26_20 26_21 26_22 26_23 27_16 27_17 28_16 28_17 29_16 29_17 2_10 2_11 2_12 2_13 2_14 2_16 2_17 2_18 2_20 2_21 2_22 2_23 2_24 2_25 2_26 2_27 2_28 2_29 2_30 2_31 2_7 2_8 2_9 30_16 30_17 31_16 31_17 31_18 3_22 3_23 3_29 3_31 3_7 3_8 4_10 4_11 4_12 4_13 4_14 4_15 4_16 4_22 4_23 4_28 4_29 4_31 4_7 4_8 4_9 5_10 5_11 5_12 5_13 5_14 5_15 5_22 5_23 5_28 5_29 5_31 5_7 5_8 5_9 6_10 6_11 6_22 6_23 6_31 7_10 7_11 7_13 7_14 7_15 7_16 7_17 7_18 7_19 7_20 7_21 7_22 7_23 7_31 7_7 7_8 7_9 8_10 8_11 8_13 8_14 8_15 8_16 8_17 8_18 8_19 8_20 8_21 8_22 8_23 8_31 8_8 8_9 9_13 9_14 9_19 9_20,244,,1,1,1
mapf-maze-32-32-2-m10-f4,7,5.0,5,10_20 10_25 12_31 16_31 20_2,5,"1,1,1,1,1",0,10_10 10_11 10_12 10_13 10_14 10_16 10_17 10_18 10_19 10_28 10_29 10_30 10_31 10_7 10_8 10_9 11_10 11_11 11_12 11_13 11_14 11_16 11_17 11_18 11_19 11_28 11_29 11_30 11_31 11_8 11_9 13_28 13_29 13_30 13_31 14_28 14_29 14_30 14_31 15_28 15_29 16_28 16_29 17_28 17_29 18_28 18_29 19_22 19_23 19_24 19_25 19_26 19_27 19_28 19_29 1_10 1_11 1_12 1_13 1_14 1_15 1_16 1_17 1_18 1_19 1_20 1_21 1_22 1_23 1_24 1_25 1_26 1_27 1_28 1_29 1_30 1_31 1_7 1_8 1_9 20_22 20_23 20_24 20_25 20_26 20_27 20_28 20_29 21_14 21_22 22_13 22_14 22_19 22_20 22_22 22_23 23_13 23_14 23_19 23_20 23_22 23_23 24_13 24_14 24_19 24_20 24_22 24_23 25_10 25_11 25_12 25_13 25_14 25_15 25_16 25_17 25_18 25_19 25_20 25_21 25_22 25_23 26_11 26_12 26_13 26_14 26_15 26_16 26_17 26_18 26_19 26_20 26_21 26_22 26_23 27_16 27_17 28_16 28_17 29_16 29_17 2_10 2_11 2_12 2_13 2_14 2_16 2_17 2_18 2_20 2_21 2_22 2_23 2_24 2_25 2_26 2_27 2_28 2_29 2_30 2_31 2_7 2_8 2_9 30_16 30_17 31_16 31_17 31_18 3_22 3_23 3_29 3_31 3_7 3_8 4_10 4_11 4_12 4_13 4_14 4_15 4_16 4_22 4_23 4_28 4_29 4_31 4_7 4_8 4_9 5_10 5_11 5_12 5_13 5_14 5_15 5_22 5_23 5_28 5_29 5_31 5_7 5_8 5_9 6_10 6_11 6_22 6_23 6_31 7_10 7_11 7_13 7_14 7_15 7_16 7_17 7_18 7_19 7_20 7_21 7_22 7_23 7_31 7_7 7_8 7_9 8_10 8_11 8_13 8_14 8_15 8_16 8_17 8_18 8_19 8_20 8_21 8_22 8_23 8_31 8_8 8_9 9_13 9_14 9_19 9_20,246,,1,2,1
mapf-maze-32-32-2-m10-f4,8,5.0,5,11_22 12_31 16_31 1_17 20_2,5,"1,1,1,1,1",0,10_10 10_11 10_12 10_13 10_14 10_16 10_17 10_18 10_19 10_20 10_28 10_29 10_30 10_31 10_8 10_9 11_10 11_11 11_12 11_13 11_14 11_16 11_17 11_18 11_19 11_28 11_29 11_30 11_31 11_9 13_28 13_29 13_30 13_31 14_28 14_29 14_30 14_31 15_28 15_29 16_28 16_29 17_28 17_29 18_28 18_29 19_22 19_23 19_24 19_25 19_26 19_27 19_28 19_29 1_10 1_11 1_12 1_13 1_14 1_15 1_16 1_18 1_19 1_20 1_21 1_22 1_23 1_24 1_25 1_26 1_27 1_28 1_29 1_30 1_31 1_7 1_8 1_9 20_22 20_23 20_24 20_25 20_26 20_27 20_28 20_29 21_14 21_22 22_13 22_14 22_19 22_20 22_22 22_23 23_13 23_14 23_19 23_20 23_22 23_23 24_13 24_14 24_19 24_20 24_22 24_23 25_10 25_11 25_12 25_13 25_14 25_15 25_16 25_17 25_18 25_19 25_20 25_21 25_22 25_23 26_11 26_12 26_13 26_14 26_15 26_16 26_17 26_18 26_19 26_20 26_21 26_22 26_23 27_16 27_17 28_16 28_17 29_16 29_17 2_10 2_11 2_12 2_13 2_14 2_16 2_17 2_18 2_20 2_21 2_22 2_23 2_24 2_25 2_26 2_27 2_28 2_29 2_30 2_31 2_7 2_8 2_9 30_16 30_17 31_16 31_17 31_18 3_22 3_23 3_29 3_31 3_7 3_8 4_10 4_11 4_12 4_13 4_14 4_15 4_16 4_22 4_23 4_28 4_29 4_31 4_7 4_8 4_9 5_10 5_11 5_12 5_13 5_14 5_15 5_22 5_23 5_28 5_29 5_31 5_7 5_8 5_9 6_10 6_11 6_22 6_23 6_31 7_10 7_11 7_13 7_14 7_15 7_16 7_17 7_18 7_19 7_20 7_21 7_22 7_23 7_31 7_7 7_8 7_9 8_10 8_11 8_13 8_14 8_15 8_16 8_17 8_18 8_19 8_20 8_21 8_22 8_23 8_31 8_8 8_9 9_13 9_14 9_19 9_20,244,,1,1,1
mapf-maze-32-32-2-m10-f4,9,5.0,5,10_26 13_28 16_31 1_17 20_2,5,"1,1,1,1,1",0,10_10 10_11 10_12 10_13 10_14 10_16 10_17 10_18 10_19 10_20 10_28 10_29 10_30 10_31 10_8 10_9 11_10 11_11 11_12 11_13 11_14 11_16 11_17 11_18 11_19 11_28 11_29 11_30 11_31 11_9 12_31 13_29 13_30 13_31 14_28 14_29 14_30 14_31 15_28 15_29 16_28 16_29 17_28 17_29 18_28 18_29 19_22 19_23 19_24 19_25 19_26 19_27 19_28 19_29 1_10 1_11 1_12 1_13 1_14 1_15 1_16 1_18 1_19 1_20 1_21 1_22 1_23 1_24 1_25 1_26 1_27 1_28 1_29 1_30 1_31 1_7 1_8 1_9 20_22 20_23 20_24 20_25 20_26 20_27 20_28 20_29 21_14 21_22 22_13 22_14 22_19 22_20 22_22 22_23 23_13 23_14 23_19 23_20 23_22 23_23 24_13 24_14 24_19 24_20 24_22 24_23 25_10 25_11 25_12 25_13 25_14 25_15 25_16 25_17 25_18 25_19 25_20 25_21 25_22 25_23 26_11 26_12 26_13 26_14 26_15 26_16 26_17 26_18 26_19 26_20 26_21 26_22 26_23 27_16 27_17 28_16 28_17 29_16 29_17 2_10 2_11 2_12 2_13 2_14 2_16 2_17 2_18 2_20 2_21 2_22 2_23 2_24 2_25 2_26 2_27 2_28 2_29 2_30 2_31 2_7 2_8 2_9 30_16 30_17 31_16 31_17 31_18 3_22 3_23 3_29 3_31 3_7 3_8 4_10 4_11 4_12 4_13 4_14 4_15 4_16 4_22 4_23 4_28 4_29 4_31 4_7 4_8 4_9 5_10 5_11 5_12 5_13 5_14 5_15 5_22 5_23 5_28 5_29 5_31 5_7 5_8 5_9 6_10 6_11 6_22 6_23 6_31 7_10 7_11 7_13 7_14 7_15 7_16 7_17 7_18 7_19 7_20 7_21 7_22 7_23 7_31 7_7 7_8 7_9 8_10 8_11 8_13 8_14 8_15 8_16 8_17 8_18 8_19 8_20 8_21 8_22 8_23 8_31 8_8 8_9 9_13 9_14 9_19 9_20,244,,1,1,1
mapf-maze-32-32-2-m10-f4,10,5.0,5,10_26 12_31 17_31 1_17 20_2,5,"1,1,1,1,1",0,10_10 10_11 10_12 10_13 10_14 10_16 10_17 10_18 10_19 10_20 10_28 10_29 10_30 10_31 10_8 10_9 11_10 11_11 11_12 11_13 11_14 11_16 11_17 11_18 11_19 11_28 11_29 11_30 11_31 11_9 13_28 13_29 13_30 13_31 14_28 14_29 14_30 14_31 15_28 15_29 16_28 16_29 17_28 17_29 18_28 18_29 19_22 19_23 19_24 19_25 19_26 19_27 19_28 19_29 1_10 1_11 1_12 1_13 1_14 1_15 1_16 1_18 1_19 1_20 1_21 1_22 1_23 1_24 1_25 1_26 1_27 1_28 1_29 1_30 1_31 1_7 1_8 1_9 20_22 20_23 20_24 20_25 20_26 20_27 20_28 20_29 21_14 21_22 22_13 22_14 22_19 22_20 22_22 22_23 23_13 23_14 23_19 23_20 23_22 23_23 24_13 24_14 24_19 24_20 24_22 24_23 25_10 25_11 25_12 25_13 25_14 25_15 25_16 25_17 25_18 25_19 25_20 25_21 25_22 25_23 26_11 26_12 26_13 26_14 26_15 26_16 26_17 26_18 26_19 26_20 26_21 26_22 26_23 27_16 27_17 28_16 28_17 29_16 29_17 2_10 2_11 2_12 2_13 2_14 2_16 2_17 2_18 2_20 2_21 2_22 2_23 2_24 2_25 2_26 2_27 2_28 2_29 2_30 2_31 2_7 2_8 2_9 30_16 30_17 31_16 31_17 31_18 3_22 3_23 3_29 3_31 3_7 3_8 4_10 4_11 4_12 4_13 4_14 4_15 4_16 4_22 4_23 4_28 4_29 4_31 4_7 4_8 4_9 5_10 5_11 5_12 5_13 5_14 5_15 5_22 5_23 5_28 5_29 5_31 5_7 5_8 5_9 6_10 6_11 6_22 6_23 6_31 7_10 7_11 7_13 7_14 7_15 7_16 7_17 7_18 7_19 7_20 7_21 7_22 7_23 7_31 7_7 7_8 7_9 8_10 8_11 8_13 8_14 8_15 8_16 8_17 8_18 8_19 8_20 8_21 8_22 8_23 8_31 8_8 8_9 9_13 9_14 9_19 9_20,244,,1,1,1
mapf-maze-32-32-2-m10-f4,11,5.0,5,10_20 10_22 13_28 16_31 20_2,5,"1,1,1,1,1",0,10_10 10_11 10_12 10_13 10_14 10_16 10_17 10_18 10_19 10_28 10_29 10_30 10_31 10_7 10_8 10_9 11_10 11_11 11_12 11_13 11_14 11_16 11_17 11_18 11_19 11_28 11_29 11_30 11_31 11_8 11_9 12_31 13_29 13_30 13_31 14_28 14_29 14_30 14_31 15_28 15_29 16_28 16_29 17_28 17_29 18_28 18_29 19_22 19_23 19_24 19_25 19_26 19_27 19_28 19_29 1_10 1_11 1_12 1_13 1_14 1_15 1_16 1_17 1_18 1_19 1_20 1_21 1_22 1_23 1_24 1_25 1_26 1_27 1_28 1_29 1_30 1_31 1_7 1_8 1_9 20_22 20_23 20_24 20_25 20_26 20_27 20_28 20_29 21_14 21_22 22_13 22_14 22_19 22_20 22_22 22_23 23_13 23_14 23_19 23_20 23_22 23_23 24_13 24_14 24_19 24_20 24_22 24_23 25_10 25_11 25_12 25_13 25_14 25_15 25_16 25_17 25_18 25_19 25_20 25_21 25_22 25_23 26_11 26_12 26_13 26_14 26_15 26_16 26_17 26_18 26_19 26_20 26_21 26_22 26_23 27_16 27_17 28_16 28_17 29_16 29_17 2_10 2_11 2_12 2_13 2_14 2_16 2_17 2_18 2_20 2_21 2_22 2_23 2_24 2_25 2_26 2_27 2_28 2_29 2_30 2_31 2_7 2_8 2_9 30_16 30_17 31_16 31_17 31_18 3_22 3_23 3_29 3_31 3_7 3_8 4_10 4_11 4_12 4_13 4_14 4_15 4_16 4_22 4_23 4_28 4_29 4_31 4_7 4_8 4_9 5_10 5_11 5_12 5_13 5_14 5_15 5_22 5_23 5_28 5_29 5_31 5_7 5_8 5_9 6_10 6_11 6_22 6_23 6_31 7_10 7_11 7_13 7_14 7_15 7_16 7_17 7_18 7_19 7_20 7_21 7_22 7_23 7_31 7_7 7_8 7_9 8_10 8_11 8_13 8_14 8_15 8_16 8_17 8_18 8_19 8_20 8_21 8_22 8_23 8_31 8_8 8_9 9_13 9_14 9_19 9_20,246,,1,2,1
mapf-maze-32-32-2-m10-f4,12,5.0,5,10_20 10_22 12_31 17_31 20_2,5,"1,1,1,1,1",0,10_10 10_11 10_12 10_13 10_14 10_16 10_17 10_18 10_19 10_28 10_29 10_30 10_31 10_7 10_8 10_9 11_10 11_11 11_12 11_13 11_14 11_16 11_17 11_18 11_19 11_28 11_29 11_30 11_31 11_8 11_9 13_28 13_29 13_30 13_31 14_28 14_29 14_30 14_31 15_28 15_29 16_28 16_29 17_28 17_29 18_28 18_29 19_22 19_23 19_24 19_25 19_26 19_27 19_28 19_29 1_10 1_11 1_12 1_13 1_14 1_15 1_16 1_17 1_18 1_19 1_20 1_21 1_22 1_23 1_24 1_25 1_26 1_27 1_28 1_29 1_30 1_31 1_7 1_8 1_9 20_22 20_23 20_24 20_25 20_26 20_27 20_28 20_29 21_14 21_22 22_13 22_14 22_19 22_20 22_22 22_23 23_13 23_14 23_19 23_20 23_22 23_23 24_13 24_14 24_19 24_20 24_22 24_23 25_10 25_11 25_12 25_13 25_14 25_15 25_16 25_17 25_18 25_19 25_20 25_21 25_22 25_23 26_11 26_12 26_13 26_14 26_15 26_16 26_17 26_18 26_19 26_20 26_21 26_22 26_23 27_16 27_17 28_16 28_17 29_16 29_17 2_10 2_11 2_12 2_13 2_14 2_16 2_17 2_18 2_20 2_21 2_22 2_23 2_24 2_25 2_26 2_27 2_28 2_29 2_30 2_31 2_7 2_8 2_9 30_16 30_17 31_16 31_17 31_18 3_22 3_23 3_29 3_31 3_7 3_8 4_10 4_11 4_12 4_13 4_14 4_15 4_16 4_22 4_23 4_28 4_29 4_31 4_7 4_8 4_9 5_10 5_11 5_12 5_13 5_14 5_15 5_22 5_23 5_28 5_29 5_31 5_7 5_8 5_9 6_10 6_11 6_22 6_23 6_31 7_10 7_11 7_13 7_14 7_15 7_16 7_17 7_18 7_19 7_20 7_21 7_22 7_23 7_31 7_7 7_8 7_9 8_10 8_11 8_13 8_14 8_15 8_16 8_17 8_18 8_19 8_20 8_21 8_22 8_23 8_31 8_8 8_9 9_13 9_14 9_19 9_20,246,,1,2,1
mapf-maze-32-32-2-m10-f4,13,5.0,5,10_23 13_28 16_31 1_17 20_2,5,"1,1,1,1,1",0,10_10 10_11 10_12 10_13 10_14 10_16 10_17 10_18 10_19 10_20 10_28 10_29 10_30 10_31 10_8 10_9 11_10 11_11 11_12 11_13 11_14 11_16 11_17 11_18 11_19 11_28 11_29 11_30 11_31 11_9 12_31 13_29 13_30 13_31 14_28 14_29 14_30 14_31 15_28 15_29 16_28 16_29 17_28 17_29 18_28 18_29 19_22 19_23 19_24 19_25 19_26 19_27 19_28 19_29 1_10 1_11 1_12 1_13 1_14 1_15 1_16 1_18 1_19 1_20 1_21 1_22 1_23 1_24 1_25 1_26 1_27 1_28 1_29 1_30 1_31 1_7 1_8 1_9 20_22 20_23 20_24 20_25 20_26 20_27 20_28 20_29 21_14 21_22 22_13 22_14 22_19 22_20 22_22 22_23 23_13 23_14 23_19 23_20 23_22 23_23 24_13 24_14 24_19 24_20 24_22 24_23 25_10 25_11 25_12 25_13 25_14 25_15 25_16 25_17 25_18 25_19 25_20 25_21 25_22 25_23 26_11 26_12 26_13 26_14 26_15 26_16 26_17 26_18 26_19 26_20 26_21 26_22 26_23 27_16 27_17 28_16 28_17 29_16 29_17 2_10 2_11 2_12 2_13 2_14 2_16 2_17 2_18 2_20 2_21 2_22 2_23 2_24 2_25 2_26 2_27 2_28 2_29 2_30 2_31 2_7 2_8 2_9 30_16 30_17 31_16 31_17 31_18 3_22 3_23 3_29 3_31 3_7 3_8 4_10 4_11 4_12 4_13 4_14 4_15 4_16 4_22 4_23 4_28 4_29 4_31 4_7 4_8 4_9 5_10 5_11 5_12 5_13 5_14 5_15 5_22 5_23 5_28 5_29 5_31 5_7 5_8 5_9 6_10 6_11 6_22 6_23 6_31 7_10 7_11 7_13 7_14 7_15 7_16 7_17 7_18 7_19 7_20 7_21 7_22 7_23 7_31 7_7 7_8 7_9 8_10 8_11 8_13 8_14 8_15 8_16 8_17 8_18 8_19 8_20 8_21 8_22 8_23 8_31 8_8 8_9 9_13 9_14 9_19 9_20,244,,1,1,1
mapf-maze-32-32-2-m10-f4,14,5.0,5,10_20 10_23 13_28 16_31 20_2,5,"1,1,1,1,1",0,10_10 10_11 10_12 10_13 10_14 10_16 10_17 10_18 10_19 10_28 10_29 10_30 10_31 10_7 10_8 10_9 11_10 11_11 11_12 11_13 11_14 11_16 11_17 11_18 11_19 11_28 11_29 11_30 11_31 11_8 11_9 12_31 13_29 13_30 13_31 14_28 14_29 14_30 14_31 15_28 15_29 16_28 16_29 17_28 17_29 18_28 18_29 19_22 19_23 19_24 19_25 19_26 19_27 19_28 19_29 1_10 1_11 1_12 1_13 1_14 1_15 1_16 1_17 1_18 1_19 1_20 1_21 1_22 1_23 1_24 1_25 1_26 1_27 1_28 1_29 1_30 1_31 1_7 1_8 1_9 20_22 20_23 20_24 20_25 20_26 20_27 20_28 20_29 21_14 21_22 22_13 22_14 22_19 22_20 22_22 22_23 23_13 23_14 23_19 23_20 23_22 23_23 24_13 24_14 24_19 24_20 24_22 24_23 25_10 25_11 25_12 25_13 25_14 25_15 25_16 25_17 25_18 25_19 25_20 25_21 25_22 25_23 26_11 26_12 26_13 26_14 26_15 26_16 26_17 26_18 26_19 26_20 26_21 26_22 26_23 27_16 27_17 28_16 28_17 29_16 29_17 2_10 2_11 2_12 2_13 2_14 2_16 2_17 2_18 2_20 2_21 2_22 2_23 2_24 2_25 2_26 2_27 2_28 2_29 2_30 2_31 2_7 2_8 2_9 30_16 30_17 31_16 31_17 31_18 3_22 3_23 3_29 3_31 3_7 3_8 4_10 4_11 4_12 4_13 4_14 4_15 4_16 4_22 4_23 4_28 4_29 4_31 4_7 4_8 4_9 5_10 5_11 5_12 5_13 5_14 5_15 5_22 5_23 5_28 5_29 5_31 5_7 5_8 5_9 6_10 6_11 6_22 6_23 6_31 7_10 7_11 7_13 7_14 7_15 7_16 7_17 7_18 7_19 7_20 7_21 7_22 7_23 7_31 7_7 7_8 7_9 8_10 8_11 8_13 8_14 8_15 8_16 8_17 8_18 8_19 8_20 8_21 8_22 8_23 8_31 8_8 8_9 9_13 9_14 9_19 9_20,246,,1,2,1
mapf-maze-32-32-2-m10-f4,15,5.0,5,10_20 10_23 13_29 16_31 20_2,5,"1,1,1,1,1",0,10_10 10_11 10_12 10_13 10_14 10_16 10_17 10_18 10_19 10_28 10_29 10_30 10_31 10_7 10_8 10_9 11_10 11_11 11_12 11_13 11_14 11_16 11_17 11_18 11_19 11_28 11_29 11_30 11_31 11_8 11_9 12_31 13_28 13_30 13_31 14_28 14_29 14_30 14_31 15_28 15_29 16_28 16_29 17_28 17_29 18_28 18_29 19_22 19_23 19_24 19_25 19_26 19_27 19_28 19_29 1_10 1_11 1_12 1_13 1_14 1_15 1_16 1_17 1_18 1_19 1_20 1_21 1_22 1_23 1_24 1_25 1_26 1_27 1_28 1_29 1_30 1_31 1_7 1_8 1_9 20_22 20_23 20_24 20_25 20_26 20_27 20_28 20_29 21_14 21_22 22_13 22_14 22_19 22_20 22_22 22_23 23_13 23_14 23_19 23_20 23_22 23_23 24_13 24_14 24_19 24_20 24_22 24_23 25_10 25_11 25_12 25_13 25_14 25_15 25_16 25_17 25_18 25_19 25_20 25_21 25_22 25_23 26_11 26_12 26_13 26_14 26_15 26_16 26_17 26_18 26_19 26_20 26_21 26_22 26_23 27_16 27_17 28_16 28_17 29_16 29_17 2_10 2_11 2_12 2_13 2_14 2_16 2_17 2_18 2_20 2_21 2_22 2_23 2_24 2_25 2_26 2_27 2_28 2_29 2_30 2_31 2_7 2_8 2_9 30_16 30_17 31_16 31_17 31_18 3_22 3_23 3_29 3_31 3_7 3_8 4_10 4_11 4_12 4_13 4_14 4_15 4_16 4_22 4_23 4_28 4_29 4_31 4_7 4_8 4_9 5_10 5_11 5_12 5_13 5_14 5_15 5_22 5_23 5_28 5_29 5_31 5_7 5_8 5_9 6_10 6_11 6_22 6_23 6_31 7_10 7_11 7_13 7_14 7_15 7_16 7_17 7_18 7_19 7_20 7_21 7_22 7_23 7_31 7_7 7_8 7_9 8_10 8_11 8_13 8_14 8_15 8_16 8_17 8_18 8_19 8_20 8_21 8_22 8_23 8_31 8_8 8_9 9_13 9_14 9_19 9_20,246,,1,2,1
mapf-maze-32-32-2-m10-f4,16,5.0,5,10_26 12_31 18_31 1_17 20_2,5,"1,1,1,1,1",0,10_10 10_11 10_12 10_13 10_14 10_16 10_17 10_18 10_19 10_20 10_28 10_29 10_30 10_31 10_8 10_9 11_10 11_11 11_12 11_13 11_14 11_16 11_17 11_18 11_19 11_28 11_29 11_30 11_31 11_9 13_28 13_29 13_30 13_31 14_28 14_29 14_30 14_31 15_28 15_29 16_28 16_29 17_28 17_29 18_28 18_29 19_22 19_23 19_24 19_25 19_26 19_27 19_28 19_29 1_10 1_11 1_12 1_13 1_14 1_15 1_16 1_18 1_19 1_20 1_21 1_22 1_23 1_24 1_25 1_26 1_27 1_28 1_29 1_30 1_31 1_7 1_8 1_9 20_22 20_23 20_24 20_25 20_26 20_27 20_28 20_29 21_14 21_22 22_13 22_14 22_19 22_20 22_22 22_23 23_13 23_14 23_19 23_20 23_22 23_23 24_13 24_14 24_19 24_20 24_22 24_23 25_10 25_11 25_12 25_13 25_14 25_15 25_16 25_17 25_18 25_19 25_20 25_21 25_22 25_23 26_11 26_12 26_13 26_14 26_15 26_16 26_17 26_18 26_19 26_20 26_21 26_22 26_23 27_16 27_17 28_16 28_17 29_16 29_17 2_10 2_11 2_12 2_13 2_14 2_16 2_17 2_18 2_20 2_21 2_22 2_23 2_24 2_25 2_26 2_27 2_28 2_29 2_30 2_31 2_7 2_8 2_9 30_16 30_17 31_16 31_17 31_18 3_22 3_23 3_29 3_31 3_7 3_8 4_10 4_11 4_12 4_13 4_14 4_15 4_16 4_22 4_23 4_28 4_29 4_31 4_7 4_8 4_9 5_10 5_11 5_12 5_13 5_14 5_15 5_22 5_23 5_28 5_29 5_31 5_7 5_8 5_9 6_10 6_11 6_22 6_23 6_31 7_10 7_11 7_13 7_14 7_15 7_16 7_17 7_18 7_19 7_20 7_21 7_22 7_23 7_31 7_7 7_8 7_9 8_10 8_11 8_13 8_14 8_15 8_16 8_17 8_18 8_19 8_20 8_21 8_22 8_23 8_31 8_8 8_9 9_13 9_14 9_19 9_20,244,,1,1,1
mapf-maze-32-32-2-m10-f4,17,5.0,5,10_26 12_31 19_31 1_17 20_2,5,"1,1,1,1,1",0,10_10 10_11 10_12 10_13 10_14 10_16 10_17 10_18 10_19 10_20 10_28 10_29 10_30 10_31 10_8 10_9 11_10 11_11 11_12 11_13 11_14 11_16 11_17 11_18 11_19 11_28 11_29 11_30 11_31 11_9 13_28 13_29 13_30 13_31 14_28 14_29 14_30 14_31 15_28 15_29 16_28 16_29 17_28 17_29 18_28 18_29 19_22 19_23 19_24 19_25 19_26 19_27 19_28 19_29 1_10 1_11 1_12 1_13 1_14 1_15 1_16 1_18 1_19 1_20 1_21 1_22 1_23 1_24 1_25 1_26 1_27 1_28 1_29 1_30 1_31 1_7 1_8 1_9 20_22 20_23 20_24 20_25 20_26 20_27 20_28 20_29 21_14 21_22 22_13 22_14 22_19 22_20 22_22 22_23 23_13 23_14 23_19 23_20 23_22 23_23 24_13 24_14 24_19 24_20 24_22 24_23 25_10 25_11 25_12 25_13 25_14 25_15 25_16 25_17 25_18 25_19 25_20 25_21 25_22 25_23 26_11 26_12 26_13 26_14 26_15 26_16 26_17 26_18 26_19 26_20 26_21 26_22 26_23 27_16 27_17 28_16 28_17 29_16 29_17 2_10 2_11 2_12 2_13 2_14 2_16 2_17 2_18 2_20 2_21 2_22 2_23 2_24 2_25 2_26 2_27 2_28 2_29 2_30 2_31 2_7 2_8 2_9 30_16 30_17 31_16 31_17 31_18 3_22 3_23 3_29 3_31 3_7 3_8 4_10 4_11 4_12 4_13 4_14 4_15 4_16 4_22 4_23 4_28 4_29 4_31 4_7 4_8 4_9 5_10 5_11 5_12 5_13 5_14 5_15 5_22 5_23 5_28 5_29 5_31 5_7 5_8 5_9 6_10 6_11 6_22 6_23 6_31 7_10 7_11 7_13 7_14 7_15 7_16 7_17 7_18 7_19 7_20 7_21 7_22 7_23 7_31 7_7 7_8 7_9 8_10 8_11 8_13 8_14 8_15 8_16 8_17 8_18 8_19 8_20 8_21 8_22 8_23 8_31 8_8 8_9 9_13 9_14 9_19 9_20,244,,1,1,1
mapf-maze-32-32-2-m10-f4,18,5.0,5,10_26 12_31 1_17 20_2 20_31,5,"1,1,1,1,1",0,10_10 10_11 10_12 10_13 10_14 10_16 10_17 10_18 10_19 10_20 10_28 10_29 10_30 10_31 10_8 10_9 11_10 11_11 11_12 11_13 11_14 11_16 11_17 11_18 11_19 11_28 11_29 11_30 11_31 11_9 13_28 13_29 13_30 13_31 14_28 14_29 14_30 14_31 15_28 15_29 16_28 16_29 17_28 17_29 18_28 18_29 19_22 19_23 19_24 19_25 19_26 19_27 19_28 19_29 1_10 1_11 1_12 1_13 1_14 1_15 1_16 1_18 1_19 1_20 1_21 1_22 1_23 1_24 1_25 1_26 1_27 1_28 1_29 1_30 1_31 1_7 1_8 1_9 20_22 20_23 20_24 20_25 20_26 20_27 20_28 20_29 21_14 21_22 22_13 22_14 22_19 22_20 22_22 22_23 23_13 23_14 23_19 23_20 23_22 23_23 24_13 24_14 24_19 24_20 24_22 24_23 25_10 25_11 25_12 25_13 25_14 25_15 25_16 25_17 25_18 25_19 25_20 25_21 25_22 25_23 26_11 26_12 26_13 26_14 26_15 26_16 26_17 26_18 26_19 26_20 26_21 26_22 26_23 27_16 27_17 28_16 28_17 29_16 29_17 2_10 2_11 2_12 2_13 2_14 2_16 2_17 2_18 2_20 2_21 2_22 2_23 2_24 2_25 2_26 2_27 2_28 2_29 2_30 2_31 2_7 2_8 2_9 30_16 30_17 31_16 31_17 31_18 3_22 3_23 3_29 3_31 3_7 3_8 4_10 4_11 4_12 4_13 4_14 4_15 4_16 4_22 4_23 4_28 4_29 4_31 4_7 4_8 4_9 5_10 5_11 5_12 5_13 5_14 5_15 5_22 5_23 5_28 5_29 5_31 5_7 5_8 5_9 6_10 6_11 6_22 6_23 6_31 7_10 7_11 7_13 7_14 7_15 7_16 7_17 7_18 7_19 7_20 7_21 7_22 7_23 7_31 7_7 7_8 7_9 8_10 8_11 8_13 8_14 8_15 8_16 8_17 8_18 8_19 8_20 8_21 8_22 8_23 8_31 8_8 8_9 9_13 9_14 9_19 9_20,244,,1,1,1
mapf-maze-32-32-2-m10-f4,19,5.0,5,10_26 12_31 19_31 1_18 20_2,5,"1,1,1,1,1",0,10_10 10_11 10_12 10_13 10_14 10_16 10_17 10_18 10_19 10_20 10_28 10_29 10_30 10_31 10_8 10_9 11_10 11_11 11_12 11_13 11_14 11_16 11_17 11_18 11_19 11_28 11_29 11_30 11_31 11_9 13_28 13_29 13_30 13_31 14_28 14_29 14_30 14_31 15_28 15_29 16_28 16_29 17_28 17_29 18_28 18_29 19_22 19_23 19_24 19_25 19_26 19_27 19_28 19_29 1_10 1_11 1_12 1_13 1_14 1_15 1_16 1_17 1_19 1_20 1_21 1_22 1_23 1_24 1_25 1_26 1_27 1_28 1_29 1_30 1_31 1_7 1_8 1_9 20_22 20_23 20_24 20_25 20_26 20_27 20_28 20_29 21_14 21_22 22_13 22_14 22_19 22_20 22_22 22_23 23_13 23_14 23_19 23_20 23_22 23_23 24_13 24_14 24_19 24_20 24_22 24_23 25_10 25_11 25_12 25_13 25_14 25_15 25_16 25_17 25_18 25_19 25_20 25_21 25_22 25_23 26_11 26_12 26_13 26_14 26_15 26_16 26_17 26_18 26_19 26_20 26_21 26_22 26_23 27_16 27_17 28_16 28_17 29_16 29_17 2_10 2_11 2_12 2_13 2_14 2_16 2_17 2_18 2_20 2_21 2_22 2_23 2_24 2_25 2_26 2_27 2_28 2_29 2_30 2_31 2_7 2_8 2_9 30_16 30_17 31_16 31_17 31_18 3_22 3_23 3_29 3_31 3_7 3_8 4_10 4_11 4_12 4_13 4_14 4_15 4_16 4_22 4_23 4_28 4_29 4_31 4_7 4_8 4_9 5_10 5_11 5_12 5_13 5_14 5_15 5_22 5_23 5_28 5_29 5_31 5_7 5_8 5_9 6_10 6_11 6_22 6_23 6_31 7_10 7_11 7_13 7_14 7_15 7_16 7_17 7_18 7_19 7_20 7_21 7_22 7_23 7_31 7_7 7_8 7_9 8_10 8_11 8_13 8_14 8_15 8_16 8_17 8_18 8_19 8_20 8_21 8_22 8_23 8_31 8_8 8_9 9_13 9_14 9_19 9_20,244,,1,1,1
mapf-maze-32-32-2-m10-f4,20,5.0,5,10_26 12_31 19_31 1_17 21_1,5,"1,1,1,1,1",0,10_10 10_11 10_12 10_13 10_14 10_16 10_17 10_18 10_19 10_20 10_28 10_29 10_30 10_31 10_8 10_9 11_10 11_11 11_12 11_13 11_14 11_16 11_17 11_18 11_19 11_28 11_29 11_30 11_31 11_9 13_28 13_29 13_30 13_31 14_28 14_29 14_30 14_31 15_28 15_29 16_28 16_29 17_28 17_29 18_28 18_29 19_22 19_23 19_24 19_25 19_26 19_27 19_28 19_29 1_10 1_11 1_12 1_13 1_14 1_15 1_16 1_18 1_19 1_20 1_21 1_22 1_23 1_24 1_25 1_26 1_27 1_28 1_29 1_30 1_31 1_7 1_8 1_9 20_22 20_23 20_24 20_25 20_26 20_27 20_28 20_29 21_14 21_22 22_13 22_14 22_19 22_20 22_22 22_23 23_13 23_14 23_19 23_20 23_22 23_23 24_13 24_14 24_19 24_20 24_22 24_23 25_10 25_11 25_12 25_13 25_14 25_15 25_16 25_17 25_18 25_19 25_20 25_21 25_22 25_23 26_11 26_12 26_13 26_14 26_15 26_16 26_17 26_18 26_19 26_20 26_21 26_22 26_23 27_16 27_17 28_16 28_17 29_16 29_17 2_10 2_11 2_12 2_13 2_14 2_16 2_17 2_18 2_20 2_21 2_22 2_23 2_24 2_25 2_26 2_27 2_28 2_29 2_30 2_31 2_7 2_8 2_9 30_16 30_17 31_16 31_17 31_18 3_22 3_23 3_29 3_31 3_7 3_8 4_10 4_11 4_12 4_13 4_14 4_15 4_16 4_22 4_23 4_28 4_29 4_31 4_7 4_8 4_9 5_10 5_11 5_12 5_13 5_14 5_15 5_22 5_23 5_28 5_29 5_31 5_7 5_8 5_9 6_10 6_11 6_22 6_23 6_31 7_10 7_11 7_13 7_14 7_15 7_16 7_17 7_18 7_19 7_20 7_21 7_22 7_23 7_31 7_7 7_8 7_9 8_10 8_11 8_13 8_14 8_15 8_16 8_17 8_18 8_19 8_20 8_21 8_22 8_23 8_31 8_8 8_9 9_13 9_14 9_19 9_20,244,,1,1,1
mapf-maze-32-32-2-m10-f4,21,5.0,5,10_26 12_31 19_31 1_17 21_2,5,"1,1,1,1,1",0,10_10 10_11 10_12 10_13 10_14 10_16 10_17 10_18 10_19 10_20 10_28 10_29 10_30 10_31 10_8 10_9 11_10 11_11 11_12 11_13 11_14 11_16 11_17 11_18 11_19 11_28 11_29 11_30 11_31 11_9 13_28 13_29 13_30 13_31 14_28 14_29 14_30 14_31 15_28 15_29 16_28 16_29 17_28 17_29 18_28 18_29 19_22 19_23 19_24 19_25 19_26 19_27 19_28 19_29 1_10 1_11 1_12 1_13 1_14 1_15 1_16 1_18 1_19 1_20 1_21 1_22 1_23 1_24 1_25 1_26 1_27 1_28 1_29 1_30 1_31 1_7 1_8 1_9 20_22 20_23 20_24 20_25 20_26 20_27 20_28 20_29 21_14 21_22 22_13 22_14 22_19 22_20 22_22 22_23 23_13 23_14 23_19 23_20 23_22 23_23 24_13 24_14 24_19 24_20 24_22 24_23 25_10 25_11 25_12 25_13 25_14 25_15 25_16 25_17 25_18 25_19 25_20 25_21 25_22 25_23 26_11 26_12 26_13 26_14 26_15 26_16 26_17 26_18 26_19 26_20 26_21 26_22 26_23 27_16 27_17 28_16 28_17 29_16 29_17 2_10 2_11 2_12 2_13 2_14 2_16 2_17 2_18 2_20 2_21 2_22 2_23 2_24 2_25 2_26 2_27 2_28 2_29 2_30 2_31 2_7 2_8 2_9 30_16 30_17 31_16 31_17 31_18 3_22 3_23 3_29 3_31 3_7 3_8 4_10 4_11 4_12 4_13 4_14 4_15 4_16 4_22 4_23 4_28 4_29 4_31 4_7 4_8 4_9 5_10 5_11 5_12 5_13 5_14 5_15 5_22 5_23 5_28 5_29 5_31 5_7 5_8 5_9 6_10 6_11 6_22 6_23 6_31 7_10 7_11 7_13 7_14 7_15 7_16 7_17 7_18 7_19 7_20 7_21 7_22 7_23 7_31 7_7 7_8 7_9 8_10 8_11 8_13 8_14 8_15 8_16 8_17 8_18 8_19 8_20 8_21 8_22 8_23 8_31 8_8 8_9 9_13 9_14 9_19 9_20,244,,1,1,1
mapf-maze-32-32-2-m10-f4,22,5.0,5,10_26 12_31 19_31 1_17 22_1,5,"1,1,1,1,1",0,10_10 10_11 10_12 10_13 10_14 10_16 10_17 10_18 10_19 10_20 10_28 10_29 10_30 10_31 10_8 10_9 11_10 11_11 11_12 11_13 11_14 11_16 11_17 11_18 11_19 11_28 11_29 11_30 11_31 11_9 13_28 13_29 13_30 13_31 14_28 14_29 14_30 14_31 15_28 15_29 16_28 16_29 17_28 17_29 18_28 18_29 19_22 19_23 19_24 19_25 19_26 19_27 19_28 19_29 1_10 1_11 1_12 1_13 1_14 1_15 1_16 1_18 1_19 1_20 1_21 1_22 1_23 1_24 1_25 1_26 1_27 1_28 1_29 1_30 1_31 1_7 1_8 1_9 20_22 20_23 20_24 20_25 20_26 20_27 20_28 20_29 21_14 21_22 22_13 22_14 22_19 22_20 22_22 22_23 23_13 23_14 23_19 23_20 23_22 23_23 24_13 24_14 24_19 24_20 24_22 24_23 25_10 25_11 25_12 25_13 25_14 25_15 25_16 25_17 25_18 25_19 25_20 25_21 25_22 25_23 26_11 26_12 26_13 26_14 26_15 26_16 26_17 26_18 26_19 26_20 26_21 26_22 26_23 27_16 27_17 28_16 28_17 29_16 29_17 2_10 2_11 2_12 2_13 2_14 2_16 2_17 2_18 2_20 2_21 2_22 2_23 2_24 2_25 2_26 2_27 2_28 2_29 2_30 2_31 2_7 2_8 2_9 30_16 30_17 31_16 31_17 31_18 3_22 3_23 3_29 3_31 3_7 3_8 4_10 4_11 4_12 4_13 4_14 4_15 4_16 4_22 4_23 4_28 4_29 4_31 4_7 4_8 4_9 5_10 5_11 5_12 5_13 5_14 5_15 5_22 5_23 5_28 5_29 5_31 5_7 5_8 5_9 6_10 6_11 6_22 6_23 6_31 7_10 7_11 7_13 7_14 7_15 7_16 7_17 7_18 7_19 7_20 7_21 7_22 7_23 7_31 7_7 7_8 7_9 8_10 8_11 8_13 8_14 8_15 8_16 8_17 8_18 8_19 8_20 8_21 8_22 8_23 8_31 8_8 8_9 9_13 9_14 9_19 9_20,244,,1,1,1
mapf-maze-32-32-2-m10-f4,23,5.0,5,10_26 12_31 19_31 1_17 22_2,5,"1,1,1,1,1",0,10_10 10_11 10_12 10_13 10_14 10_16 10_17 10_18 10_19 10_20 10_28 10_29 10_30 10_31 10_8 10_9 11_10 11_11 11_12 11_13 11_14 11_16 11_17 11_18 11_19 11_28 11_29 11_30 11_31 11_9 13_28 13_29 13_30 13_31 14_28 14_29 14_30 14_31 15_28 15_29 16_28 16_29 17_28 17_29 18_28 18_29 19_22 19_23 19_24 19_25 19_26 19_27 19_28 19_29 1_10 1_11 1_12 1_13 1_14 1_15 1_16 1_18 1_19 1_20 1_21 1_22 1_23 1_24 1_25 1_26 1_27 1_28 1_29 1_30 1_31 1_7 1_8 1_9 20_22 20_23 20_24 20_25 20_26 20_27 20_28 20_29 21_14 21_22 22_13 22_14 22_19 22_20 22_22 22_23 23_13 23_14 23_19 23_20 23_22 23_23 24_13 24_14 24_19 24_20 24_22 24_23 25_10 25_11 25_12 25_13 25_14 25_15 25_16 25_17 25_18 25_19 25_20 25_21 25_22 25_23 26_11 26_12 26_13 26_14 26_15 26_16 26_17 26_18 26_19 26_20 26_21 26_22 26_23 27_16 27_17 28_16 28_17 29_16 29_17 2_10 2_11 2_12 2_13 2_14 2_16 2_17 2_18 2_20 2_21 2_22 2_23 2_24 2_25 2_26 2_27 2_28 2_29 2_30 2_31 2_7 2_8 2_9 30_16 30_17 31_16 31_17 31_18 3_22 3_23 3_29 3_31 3_7 3_8 4_10 4_11 4_12 4_13 4_14 4_15 4_16 4_22 4_23 4_28 4_29 4_31 4_7 4_8 4_9 5_10 5_11 5_12 5_13 5_14 5_15 5_22 5_23 5_28 5_29 5_31 5_7 5_8 5_9 6_10 6_11 6_22 6_23 6_31 7_10 7_11 7_13 7_14 7_15 7_16 7_17 7_18 7_19 7_20 7_21 7_22 7_23 7_31 7_7 7_8 7_9 8_10 8_11 8_13 8_14 8_15 8_16 8_17 8_18 8_19 8_20 8_21 8_22 8_23 8_31 8_8 8_9 9_13 9_14 9_19 9_20,244,,1,1,1
mapf-maze-32-32-2-m10-f4,24,5.0,5,10_26 12_31 19_31 1_17 31_5,5,"1,1,1,1,1",0,10_10 10_11 10_12 10_13 10_14 10_16 10_17 10_18 10_19 10_20 10_28 10_29 10_30 10_31 10_8 10_9 11_10 11_11 11_12 11_13 11_14 11_16 11_17 11_18 11_19 11_28 11_29 11_30 11_31 11_9 13_28 13_29 13_30 13_31 14_28 14_29 14_30 14_31 15_28 15_29 16_28 16_29 17_28 17_29 18_28 18_29 19_22 19_23 19_24 19_25 19_26 19_27 19_28 19_29 1_10 1_11 1_12 1_13 1_14 1_15 1_16 1_18 1_19 1_20 1_21 1_22 1_23 1_24 1_25 1_26 1_27 1_28 1_29 1_30 1_31 1_7 1_8 1_9 20_22 20_23 20_24 20_25 20_26 20_27 20_28 20_29 21_14 21_22 22_13 22_14 22_19 22_20 22_22 22_23 23_13 23_14 23_19 23_20 23_22 23_23 24_13 24_14 24_19 24_20 24_22 24_23 25_10 25_11 25_12 25_13 25_14 25_15 25_16 25_17 25_18 25_19 25_20 25_21 25_22 25_23 26_11 26_12 26_13 26_14 26_15 26_16 26_17 26_18 26_19 26_20 26_21 26_22 26_23 27_16 27_17 28_16 28_17 29_16 29_17 2_10 2_11 2_12 2_13 2_14 2_16 2_17 2_18 2_20 2_21 2_22 2_23 2_24 2_25 2_26 2_27 2_28 2_29 2_30 2_31 2_7 2_8 2_9 30_16 30_17 31_16 31_17 31_18 3_22 3_23 3_29 3_31 3_7 3_8 4_10 4_11 4_12 4_13 4_14 4_15 4_16 4_22 4_23 4_28 4_29 4_31 4_7 4_8 4_9 5_10 5_11 5_12 5_13 5_14 5_15 5_22 5_23 5_28 5_29 5_31 5_7 5_8 5_9 6_10 6_11 6_22 6_23 6_31 7_10 7_11 7_13 7_14 7_15 7_16 7_17 7_18 7_19 7_20 7_21 7_22 7_23 7_31 7_7 7_8 7_9 8_10 8_11 8_13 8_14 8_15 8_16 8_17 8_18 8_19 8_20 8_21 8_22 8_23 8_31 8_8 8_9 9_13 9_14 9_19 9_20,244,,1,1,1
mapf-maze-32-32-2-m10-f4,25,5.0,5,10_20 10_22 12_31 16_31 21_1,5,"1,1,1,1,1",0,10_10 10_11 10_12 10_13 10_14 10_16 10_17 10_18 10_19 10_28 10_29 10_30 10_31 10_7 10_8 10_9 11_10 11_11 11_12 11_13 11_14 11_16 11_17 11_18 11_19 11_28 11_29 11_30 11_31 11_8 11_9 13_28 13_29 13_30 13_31 14_28 14_29 14_30 14_31 15_28 15_29 16_28 16_29 17_28 17_29 18_28 18_29 19_22 19_23 19_24 19_25 19_26 19_27 19_28 19_29 1_10 1_11 1_12 1_13 1_14 1_15 1_16 1_17 1_18 1_19 1_20 1_21 1_22 1_23 1_24 1_25 1_26 1_27 1_28 1_29 1_30 1_31 1_7 1_8 1_9 20_22 20_23 20_24 20_25 20_26 20_27 20_28 20_29 21_14 21_22 22_13 22_14 22_19 22_20 22_22 22_23 23_13 23_14 23_19 23_20 23_22 23_23 24_13 24_14 24_19 24_20 24_22 24_23 25_10 25_11 25_12 25_13 25_14 25_15 25_16 25_17 25_18 25_19 25_20 25_21 25_22 25_23 26_11 26_12 26_13 26_14 26_15 26_16 26_17 26_18 26_19 26_20 26_21 26_22 26_23 27_16 27_17 28_16 28_17 29_16 29_17 2_10 2_11 2_12 2_13 2_14 2_16 2_17 2_18 2_20 2_21 2_22 2_23 2_24 2_25 2_26 2_27 2_28 2_29 2_30 2_31 2_7 2_8 2_9 30_16 30_17 31_16 31_17 31_18 3_22 3_23 3_29 3_31 3_7 3_8 4_10 4_11 4_12 4_13 4_14 4_15 4_16 4_22 4_23 4_28 4_29 4_31 4_7 4_8 4_9 5_10 5_11 5_12 5_13 5_14 5_15 5_22 5_23 5_28 5_29 5_31 5_7 5_8 5_9 6_10 6_11 6_22 6_23 6_31 7_10 7_11 7_13 7_14 7_15 7_16 7_17 7_18 7_19 7_20 7_21 7_22 7_23 7_31 7_7 7_8 7_9 8_10 8_11 8_13 8_14 8_15 8_16 8_17 8_18 8_19 8_20 8_21 8_22 8_23 8_31 8_8 8_9 9_13 9_14 9_19 9_20,246,,1,2,1
mapf-maze-32-32-2-m10-f4,26,5.0,5,10_20 10_22 12_31 16_31 21_2,5,"1,1,1,1,1",0,10_10 10_11 10_12 10_13 10_14 10_16 10_17 10_18 10_19 10_28 10_29 10_30 10_31 10_7 10_8 10_9 11_10 11_11 11_12 11_13 11_14 11_16 11_17 11_18 11_19 11_28 11_29 11_30 11_31 11_8 11_9 13_28 13_29 13_30 13_31 14_28 14_29 14_30 14_31 15_28 15_29 16_28 16_29 17_28 17_29 18_28 18_29 19_22 19_23 19_24 19_25 19_26 19_27 19_28 19_29 1_10 1_11 1_12 1_13 1_14 1_15 1_16 1_17 1_18 1_19 1_20 1_21 1_22 1_23 1_24 1_25 1_26 1_27 1_28 1_29 1_30 1_31 1_7 1_8 1_9 20_22 20_23 20_24 20_25 20_26 20_27 20_28 20_29 21_14 21_22 22_13 22_14 22_19 22_20 22_22 22_23 23_13 23_14 23_19 23_20 23_22 23_23 24_13 24_14 24_19 24_20 24_22 24_23 25_10 25_11 25_12 25_13 25_14 25_15 25_16 25_17 25_18 25_19 25_20 25_21 25_22 25_23 26_11 26_12 26_13 26_14 26_15 26_16 26_17 26_18 26_19 26_20 26_21 26_22 26_23 27_16 27_17 28_16 28_17 29_16 29_17 2_10 2_11 2_12 2_13 2_14 2_16 2_17 2_18 2_20 2_21 2_22 2_23 2_24 2_25 2_26 2_27 2_28 2_29 2_30 2_31 2_7 2_8 2_9 30_16 30_17 31_16 31_17 31_18 3_22 3_23 3_29 3_31 3_7 3_8 4_10 4_11 4_12 4_13 4_14 4_15 4_16 4_22 4_23 4_28 4_29 4_31 4_7 4_8 4_9 5_10 5_11 5_12 5_13 5_14 5_15 5_22 5_23 5_28 5_29 5_31 5_7 5_8 5_9 6_10 6_11 6_22 6_23 6_31 7_10 7_11 7_13 7_14 7_15 7_16 7_17 7_18 7_19 7_20 7_21 7_22 7_23 7_31 7_7 7_8 7_9 8_10 8_11 8_13 8_14 8_15 8_16 8_17 8_18 8_19 8_20 8_21 8_22 8_23 8_31 8_8 8_9 9_13 9_14 9_19 9_20,246,,1,2,1
mapf-maze-32-32-2-m10-f4,27,5.0,5,10_20 10_22 12_31 16_31 22_1,5,"1,1,1,1,1",0,10_10 10_11 10_12 10_13 10_14 10_16 10_17 10_18 10_19 10_28 10_29 10_30 10_31 10_7 10_8 10_9 11_10 11_11 11_12 11_13 11_14 11_16 11_17 11_18 11_19 11_28 11_29 11_30 11_31 11_8 11_9 13_28 13_29 13_30 13_31 14_28 14_29 14_30 14_31 15_28 15_29 16_28 16_29 17_28 17_29 18_28 18_29 19_22 19_23 19_24 19_25 19_26 19_27 19_28 19_29 1_10 1_11 1_12 1_13 1_14 1_15 1_16 1_17 1_18 1_19 1_20 1_21 1_22 1_23 1_24 1_25 1_26 1_27 1_28 1_29 1_30 1_31 1_7 1_8 1_9 20_22 20_23 20_24 20_25 20_26 20_27 20_28 20_29 21_14 21_22 22_13 22_14 22_19 22_20 22_22 22_23 23_13 23_14 23_19 23_20 23_22 23_23 24_13 24_14 24_19 24_20 24_22 24_23 25_10 25_11 25_12 25_13 25_14 25_15 25_16 25_17 25_18 25_19 25_20 25_21 25_22 25_23 26_11 26_12 26_13 26_14 26_15 26_16 26_17 26_18 26_19 26_20 26_21 26_22 26_23 27_16 27_17 28_16 28_17 29_16 29_17 2_10 2_11 2_12 2_13 2_14 2_16 2_17 2_18 2_20 2_21 2_22 2_23 2_24 2_25 2_26 2_27 2_28 2_29 2_30 2_31 2_7 2_8 2_9 30_16 30_17 31_16 31_17 31_18 3_22 3_23 3_29 3_31 3_7 3_8 4_10 4_11 4_12 4_13 4_14 4_15 4_16 4_22 4_23 4_28 4_29 4_31 4_7 4_8 4_9 5_10 5_11 5_12 5_13 5_14 5_15 5_22 5_23 5_28 5_29 5_31 5_7 5_8 5_9 6_10 6_11 6_22 6_23 6_31 7_10 7_11 7_13 7_14 7_15 7_16 7_17 7_18 7_19 7_20 7_21 7_22 7_23 7_31 7_7 7_8 7_9 8_10 8_11 8_13 8_14 8_15 8_16 8_17 8_18 8_19 8_20 8_21 8_22 8_23 8_31 8_8 8_9 9_13 9_14 9_19 9_20,246,,1,2,1
mapf-maze-32-32-2-m10-f4,28,5.0,5,10_20 10_22 12_31 16_31 22_2,5,"1,1,1,1,1",0,10_10 10_11 10_12 10_13 10_14 10_16 10_17 10_18 10_19 10_28 10_29 10_30 10_31 10_7 10_8 10_9 11_10 11_11 11_12 11_13 11_14 11_16 11_17 11_18 11_19 11_28 11_29 11_30 11_31 11_8 11_9 13_28 13_29 13_30 13_31 14_28 14_29 14_30 14_31 15_28 15_29 16_28 16_29 17_28 17_29 18_28 18_29 19_22 19_23 19_24 19_25 19_26 19_27 19_28 19_29 1_10 1_11 1_12 1_13 1_14 1_15 1_16 1_17 1_18 1_19 1_20 1_21 1_22 1_23 1_24 1_25 1_26 1_27 1_28 1_29 1_30 1_31 1_7 1_8 1_9 20_22 20_23 20_24 20_25 20_26 20_27 20_28 20_29 21_14 21_22 22_13 22_14 22_19 22_20 22_22 22_23 23_13 23_14 23_19 23_20 23_22 23_23 24_13 24_14 24_19 24_20 24_22 24_23 25_10 25_11 25_12 25_13 25_14 25_15 25_16 25_17 25_18 25_19 25_20 25_21 25_22 25_23 26_11 26_12 26_13 26_14 26_15 26_16 26_17 26_18 26_19 26_20 26_21 26_22 26_23 27_16 27_17 28_16 28_17 29_16 29_17 2_10 2_11 2_12 2_13 2_14 2_16 2_17 2_18 2_20 2_21 2_22 2_23 2_24 2_25 2_26 2_27 2_28 2_29 2_30 2_31 2_7 2_8 2_9 30_16 30_17 31_16 31_17 31_18 3_22 3_23 3_29 3_31 3_7 3_8 4_10 4_11 4_12 4_13 4_14 4_15 4_16 4_22 4_23 4_28 4_29 4_31 4_7 4_8 4_9 5_10 5_11 5_12 5_13 5_14 5_15 5_22 5_23 5_28 5_29 5_31 5_7 5_8 5_9 6_10 6_11 6_22 6_23 6_31 7_10 7_11 7_13 7_14 7_15 7_16 7_17 7_18 7_19 7_20 7_21 7_22 7_23 7_31 7_7 7_8 7_9 8_10 8_11 8_13 8_14 8_15 8_16 8_17 8_18 8_19 8_20 8_21 8_22 8_23 8_31 8_8 8_9 9_13 9_14 9_19 9_20,246,,1,2,1
mapf-maze-32-32-2-m10-f4,29,5.0,5,10_20 10_22 12_31 16_31 31_5,5,"1,1,1,1,1",0,10_10 10_11 10_12 10_13 10_14 10_16 10_17 10_18 10_19 10_28 10_29 10_30 10_31 10_7 10_8 10_9 11_10 11_11 11_12 11_13 11_14 11_16 11_17 11_18 11_19 11_28 11_29 11_30 11_31 11_8 11_9 13_28 13_29 13_30 13_31 14_28 14_29 14_30 14_31 15_28 15_29 16_28 16_29 17_28 17_29 18_28 18_29 19_22 19_23 19_24 19_25 19_26 19_27 19_28 19_29 1_10 1_11 1_12 1_13 1_14 1_15 1_16 1_17 1_18 1_19 1_20 1_21 1_22 1_23 1_24 1_25 1_26 1_27 1_28 1_29 1_30 1_31 1_7 1_8 1_9 20_22 20_23 20_24 20_25 20_26 20_27 20_28 20_29 21_14 21_22 22_13 22_14 22_19 22_20 22_22 22_23 23_13 23_14 23_19 23_20 23_22 23_23 24_13 24_14 24_19 24_20 24_22 24_23 25_10 25_11 25_12 25_13 25_14 25_15 25_16 25_17 25_18 25_19 25_20 25_21 25_22 25_23 26_11 26_12 26_13 26_14 26_15 26_16 26_17 26_18 26_19 26_20 26_21 26_22 26_23 27_16 27_17 28_16 28_17 29_16 29_17 2_10 2_11 2_12 2_13 2_14 2_16 2_17 2_18 2_20 2_21 2_22 2_23 2_24 2_25 2_26 2_27 2_28 2_29 2_30 2_31 2_7 2_8 2_9 30_16 30_17 31_16 31_17 31_18 3_22 3_23 3_29 3_31 3_7 3_8 4_10 4_11 4_12 4_13 4_14 4_15 4_16 4_22 4_23 4_28 4_29 4_31 4_7 4_8 4_9 5_10 5_11 5_12 5_13 5_14 5_15 5_22 5_23 5_28 5_29 5_31 5_7 5_8 5_9 6_10 6_11 6_22 6_23 6_31 7_10 7_11 7_13 7_14 7_15 7_16 7_17 7_18 7_19 7_20 7_21 7_22 7_23 7_31 7_7 7_8 7_9 8_10 8_11 8_13 8_14 8_15 8_16 8_17 8_18 8_19 8_20 8_21 8_22 8_23 8_31 8_8 8_9 9_13 9_14 9_19 9_20,246,,1,2,1
mapf-maze-32-32-2-m10-f4,30,5.0,5,10_23 13_29 16_31 1_17 20_2,5,"1,1,1,1,1",0,10_10 10_11 10_12 10_13 10_14 10_16 10_17 10_18 10_19 10_20 10_28 10_29 10_30 10_31 10_8 10_9 11_10 11_11 11_12 11_13 11_14 11_16 11_17 11_18 11_19 11_28 11_29 11_30 11_31 11_9 12_31 13_28 13_30 13_31 14_28 14_29 14_30 14_31 15_28 15_29 16_28 16_29 17_28 17_29 18_28 18_29 19_22 19_23 19_24 19_25 19_26 19_27 19_28 19_29 1_10 1_11 1_12 1_13 1_14 1_15 1_16 1_18 1_19 1_20 1_21 1_22 1_23 1_24 1_25 1_26 1_27 1_28 1_29 1_30 1_31 1_7 1_8 1_9 20_22 20_23 20_24 20_25 20_26 20_27 20_28 20_29 21_14 21_22 22_13 22_14 22_19 22_20 22_22 22_23 23_13 23_14 23_19 23_20 23_22 23_23 24_13 24_14 24_19 24_20 24_22 24_23 25_10 25_11 25_12 25_13 25_14 25_15 25_16 25_17 25_18 25_19 25_20 25_21 25_22 25_23 26_11 26_12 26_13 26_14 26_15 26_16 26_17 26_18 26_19 26_20 26_21 26_22 26_23 27_16 27_17 28_16 28_17 29_16 29_17 2_10 2_11 2_12 2_13 2_14 2_16 2_17 2_18 2_20 2_21 2_22 2_23 2_24 2_25 2_26 2_27 2_28 2_29 2_30 2_31 2_7 2_8 2_9 30_16 30_17 31_16 31_17 31_18 3_22 3_23 3_29 3_31 3_7 3_8 4_10 4_11 4_12 4_13 4_14 4_15 4_16 4_22 4_23 4_28 4_29 4_31 4_7 4_8 4_9 5_10 5_11 5_12 5_13 5_14 5_15 5_22 5_23 5_28 5_29 5_31 5_7 5_8 5_9 6_10 6_11 6_22 6_23 6_31 7_10 7_11 7_13 7_14 7_15 7_16 7_17 7_18 7_19 7_20 7_21 7_22 7_23 7_31 7_7 7_8 7_9 8_10 8_11 8_13 8_14 8_15 8_16 8_17 8_18 8_19 8_20 8_21 8_22 8_23 8_31 8_8 8_9 9_13 9_14 9_19 9_20,244,,1,1,1
mapf-maze-32-32-2-m10-f4,31,5.0,5,10_23 13_28 17_31 1_17 20_2,5,"1,1,1,1,1",0,10_10 10_11 10_12 10_13 10_14 10_16 10_17 10_18 10_19 10_20 10_28 10_29 10_30 10_31 10_8 10_9 11_10 11_11 11_12 11_13 11_14 11_16 11_17 11_18 11_19 11_28 11_29 11_30 11_31 11_9 12_31 13_29 13_30 13_31 14_28 14_29 14_30 14_31 15_28 15_29 16_28 16_29 17_28 17_29 18_28 18_29 19_22 19_23 19_24 19_25 19_26 19_27 19_28 19_29 1_10 1_11 1_12 1_13 1_14 1_15 1_16 1_18 1_19 1_20 1_21 1_22 1_23 1_24 1_25 1_26 1_27 1_28 1_29 1_30 1_31 1_7 1_8 1_9 20_22 20_23 20_24 20_25 20_26 20_27 20_28 20_29 21_14 21_22 22_13 22_14 22_19 22_20 22_22 22_23 23_13 23_14 23_19 23_20 23_22 23_23 24_13 24_14 24_19 24_20 24_22 24_23 25_10 25_11 25_12 25_13 25_14 25_15 25_16 25_17 25_18 25_19 25_20 25_21 25_22 25_23 26_11 26_12 26_13 26_14 26_15 26_16 26_17 26_18 26_19 26_20 26_21 26_22 26_23 27_16 27_17 28_16 28_17 29_16 29_17 2_10 2_11 2_12 2_13 2_14 2_16 2_17 2_18 2_20 2_21 2_22 2_23 2_24 2_25 2_26 2_27 2_28 2_29 2_30 2_31 2_7 2_8 2_9 30_16 30_17 31_16 31_17 31_18 3_22 3_23 3_29 3_31 3_7 3_8 4_10 4_11 4_12 4_13 4_14 4_15 4_16 4_22 4_23 4_28 4_29 4_31 4_7 4_8 4_9 5_10 5_11 5_12 5_13 5_14 5_15 5_22 5_23 5_28 5_29 5_31 5_7 5_8 5_9 6_10 6_11 6_22 6_23 6_31 7_10 7_11 7_13 7_14 7_15 7_16 7_17 7_18 7_19 7_20 7_21 7_22 7_23 7_31 7_7 7_8 7_9 8_10 8_11 8_13 8_14 8_15 8_16 8_17 8_18 8_19 8_20 8_21 8_22 8_23 8_31 8_8 8_9 9_13 9_14 9_19 9_20,244,,1,1,1
mapf-maze-32-32-2-m10-f4,32,5.0,5,10_23 13_28 16_31 1_17 21_1,5,"1,1,1,1,1",0,10_10 10_11 10_12 10_13 10_14 10_16 10_17 10_18 10_19 10_20 10_28 10_29 10_30 10_31 10_8 10_9 11_10 11_11 11_12 11_13 11_14 11_16 11_17 11_18 11_19 11_28 11_29 11_30 11_31 11_9 12_31 13_29 13_30 13_31 14_28 14_29 14_30 14_31 15_28 15_29 16_28 16_29 17_28 17_29 18_28 18_29 19_22 19_23 19_24 19_25 19_26 19_27 19_28 19_29 1_10 1_11 1_12 1_13 1_14 1_15 1_16 1_18 1_19 1_20 1_21 1_22 1_23 1_24 1_25 1_26 1_27 1_28 1_29 1_30 1_31 1_7 1_8 1_9 20_22 20_23 20_24 20_25 20_26 20_27 20_28 20_29 21_14 21_22 22_13 22_14 22_19 22_20 22_22 22_23 23_13 23_14 23_19 23_20 23_22 23_23 24_13 24_14 24_19 24_20 24_22 24_23 25_10 25_11 25_12 25_13 25_14 25_15 25_16 25_17 25_18 25_19 25_20 25_21 25_22 25_23 26_11 26_12 26_13 26_14 26_15 26_16 26_17 26_18 26_19 26_20 26_21 26_22 26_23 27_16 27_17 28_16 28_17 29_16 29_17 2_10 2_11 2_12 2_13 2_14 2_16 2_17 2_18 2_20 2_21 2_22 2_23 2_24 2_25 2_26 2_27 2_28 2_29 2_30 2_31 2_7 2_8 2_9 30_16 30_17 31_16 31_17 31_18 3_22 3_23 3_29 3_31 3_7 3_8 4_10 4_11 4_12 4_13 4_14 4_15 4_16 4_22 4_23 4_28 4_29 4_31 4_7 4_8 4_9 5_10 5_11 5_12 5_13 5_14 5_15 5_22 5_23 5_28 5_29 5_31 5_7 5_8 5_9 6_10 6_11 6_22 6_23 6_31 7_10 7_11 7_13 7_14 7_15 7_16 7_17 7_18 7_19 7_20 7_21 7_22 7_23 7_31 7_7 7_8 7_9 8_10 8_11 8_13 8_14 8_15 8_16 8_17 8_18 8_19 8_20 8_21 8_22 8_23 8_31 8_8 8_9 9_13 9_14 9_19 9_20,244,,1,1,1
mapf-maze-32-32-2-m10-f4,33,5.0,5,10_23 13_28 16_31 1_18 20_2,5,"1,1,1,1,1",0,10_10 10_11 10_12 10_13 10_14 10_16 10_17 10_18 10_19 10_20 10_28 10_29 10_30 10_31 10_8 10_9 11_10 11_11 11_12 11_13 11_14 11_16 11_17 11_18 11_19 11_28 11_29 11_30 11_31 11_9 12_31 13_29 13_30 13_31 14_28 14_29 14_30 14_31 15_28 15_29 16_28 16_29 17_28 17_29 18_28 18_29 19_22 19_23 19_24 19_25 19_26 19_27 19_28 19_29 1_10 1_11 1_12 1_13 1_14 1_15 1_16 1_17 1_19 1_20 1_21 1_22 1_23 1_24 1_25 1_26 1_27 1_28 1_29 1_30 1_31 1_7 1_8 1_9 20_22 20_23 20_24 20_25 20_26 20_27 20_28 20_29 21_14 21_22 22_13 22_14 22_19 22_20 22_22 22_23 23_13 23_14 23_19 23_20 23_22 23_23 24_13 24_14 24_19 24_20 24_22 24_23 25_10 25_11 25_12 25_13 25_14 25_15 25_16 25_17 25_18 25_19 25_20 25_21 25_22 25_23 26_11 26_12 26_13 26_14 26_15 26_16 26_17 26_18 26_19 26_20 26_21 26_22 26_23 27_16 27_17 28_16 28_17 29_16 29_17 2_10 2_11 2_12 2_13 2_14 2_16 2_17 2_18 2_20 2_21 2_22 2_23 2_24 2_25 2_26 2_27 2_28 2_29 2_30 2_31 2_7 2_8 2_9 30_16 30_17 31_16 31_17 31_18 3_22 3_23 3_29 3_31 3_7 3_8 4_10 4_11 4_12 4_13 4_14 4_15 4_16 4_22 4_23 4_28 4_29 4_31 4_7 4_8 4_9 5_10 5_11 5_12 5_13 5_14 5_15 5_22 5_23 5_28 5_29 5_31 5_7 5_8 5_9 6_10 6_11 6_22 6_23 6_31 7_10 7_11 7_13 7_14 7_15 7_16 7_17 7_18 7_19 7_20 7_21 7_22 7_23 7_31 7_7 7_8 7_9 8_10 8_11 8_13 8_14 8_15 8_16 8_17 8_18 8_19 8_20 8_21 8_22 8_23 8_31 8_8 8_9 9_13 9_14 9_19 9_20,244,,1,1,1
mapf-maze-32-32-2-m10-f4,34,5.0,5,10_23 13_28 16_31 1_19 20_2,5,"1,1,1,1,1",0,10_10 10_11 10_12 10_13 10_14 10_16 10_17 10_18 10_19 10_20 10_28 10_29 10_30 10_31 10_8 10_9 11_10 11_11 11_12 11_13 11_14 11_16 11_17 11_18 11_19 11_28 11_29 11_30 11_31 11_9 12_31 13_29 13_30 13_31 14_28 14_29 14_30 14_31 15_28 15_29 16_28 16_29 17_28 17_29 18_28 18_29 19_22 19_23 19_24 19_25 19_26 19_27 19_28 19_29 1_10 1_11 1_12 1_13 1_14 1_15 1_16 1_17 1_18 1_20 1_21 1_22 1_23 1_24 1_25 1_26 1_27 1_28 1_29 1_30 1_31 1_7 1_8 1_9 20_22 20_23 20_24 20_25 20_26 20_27 20_28 20_29 21_14 21_22 22_13 22_14 22_19 22_20 22_22 22_23 23_13 23_14 23_19 23_20 23_22 23_23 24_13 24_14 24_19 24_20 24_22 24_23 25_10 25_11 25_12 25_13 25_14 25_15 25_16 25_17 25_18 25_19 25_20 25_21 25_22 25_23 26_11 26_12 26_13 26_14 26_15 26_16 26_17 26_18 26_19 26_20 26_21 26_22 26_23 27_16 27_17 28_16 28_17 29_16 29_17 2_10 2_11 2_12 2_13 2_14 2_16 2_17 2_18 2_20 2_21 2_22 2_23 2_24 2_25 2_26 2_27 2_28 2_29 2_30 2_31 2_7 2_8 2_9 30_16 30_17 31_16 31_17 31_18 3_22 3_23 3_29 3_31 3_7 3_8 4_10 4_11 4_12 4_13 4_14 4_15 4_16 4_22 4_23 4_28 4_29 4_31 4_7 4_8 4_9 5_10 5_11 5_12 5_13 5_14 5_15 5_22 5_23 5_28 5_29 5_31 5_7 5_8 5_9 6_10 6_11 6_22 6_23 6_31 7_10 7_11 7_13 7_14 7_15 7_16 7_17 7_18 7_19 7_20 7_21 7_22 7_23 7_31 7_7 7_8 7_9 8_10 8_11 8_13 8_14 8_15 8_16 8_17 8_18 8_19 8_20 8_21 8_22 8_23 8_31 8_8 8_9 9_13 9_14 9_19 9_20,244,,1,1,1
mapf-maze-32-32-2-m10-f4,35,5.0,5,10_23 13_28 16_31 1_20 20_2,5,"1,1,1,1,1",0,10_10 10_11 10_12 10_13 10_14 10_16 10_17 10_18 10_19 10_20 10_28 10_29 10_30 10_31 10_8 10_9 11_10 11_11 11_12 11_13 11_14 11_16 11_17 11_18 11_19 11_28 11_29 11_30 11_31 11_9 12_31 13_29 13_30 13_31 14_28 14_29 14_30 14_31 15_28 15_29 16_28 16_29 17_28 17_29 18_28 18_29 19_22 19_23 19_24 19_25 19_26 19_27 19_28 19_29 1_10 1_11 1_12 1_13 1_14 1_15 1_16 1_17 1_18 1_19 1_21 1_22 1_23 1_24 1_25 1_26 1_27 1_28 1_29 1_30 1_31 1_7 1_8 1_9 20_22 20_23 20_24 20_25 20_26 20_27 20_28 20_29 21_14 21_22 22_13 22_14 22_19 22_20 22_22 22_23 23_13 23_14 23_19 23_20 23_22 23_23 24_13 24_14 24_19 24_20 24_22 24_23 25_10 25_11 25_12 25_13 25_14 25_15 25_16 25_17 25_18 25_19 25_20 25_21 25_22 25_23 26_11 26_12 26_13 26_14 26_15 26_16 26_17 26_18 26_19 26_20 26_21 26_22 26_23 27_16 27_17 28_16 28_17 29_16 29_17 2_10 2_11 2_12 2_13 2_14 2_16 2_17 2_18 2_20 2_21 2_22 2_23 2_24 2_25 2_26 2_27 2_28 2_29 2_30 2_31 2_7 2_8 2_9 30_16 30_17 31_16 31_17 31_18 3_22 3_23 3_29 3_31 3_7 3_8 4_10 4_11 4_12 4_13 4_14 4_15 4_16 4_22 4_23 4_28 4_29 4_31 4_7 4_8 4_9 5_10 5_11 5_12 5_13 5_14 5_15 5_22 5_23 5_28 5_29 5_31 5_7 5_8 5_9 6_10 6_11 6_22 6_23 6_31 7_10 7_11 7_13 7_14 7_15 7_16 7_17 7_18 7_19 7_20 7_21 7_22 7_23 7_31 7_7 7_8 7_9 8_10 8_11 8_13 8_14 8_15 8_16 8_17 8_18 8_19 8_20 8_21 8_22 8_23 8_31 8_8 8_9 9_13 9_14 9_19 9_20,244,,1,1,1
mapf-maze-32-32-2-m10-f4,36,5.0,5,10_23 13_28 16_31 1_21 20_2,5,"1,1,1,1,1",0,10_10 10_11 10_12 10_13 10_14 10_16 10_17 10_18 10_19 10_20 10_28 10_29 10_30 10_31 10_8 10_9 11_10 11_11 11_12 11_13 11_14 11_16 11_17 11_18 11_19 11_28 11_29 11_30 11_31 11_9 12_31 13_29 13_30 13_31 14_28 14_29 14_30 14_31 15_28 15_29 16_28 16_29 17_28 17_29 18_28 18_29 19_22 19_23 19_24 19_25 19_26 19_27 19_28 19_29 1_10 1_11 1_12 1_13 1_14 1_15 1_16 1_17 1_18 1_19 1_20 1_22 1_23 1_24 1_25 1_26 1_27 1_28 1_29 1_30 1_31 1_7 1_8 1_9 20_22 20_23 20_24 20_25 20_26 20_27 20_28 20_29 21_14 21_22 22_13 22_14 22_19 22_20 22_22 22_23 23_13 23_14 23_19 23_20 23_22 23_23 24_13 24_14 24_19 24_20 24_22 24_23 25_10 25_11 25_12 25_13 25_14 25_15 25_16 25_17 25_18 25_19 25_20 25_21 25_22 25_23 26_11 26_12 26_13 26_14 26_15 26_16 26_17 26_18 26_19 26_20 26_21 26_22 26_23 27_16 27_17 28_16 28_17 29_16 29_17 2_10 2_11 2_12 2_13 2_14 2_16 2_17 2_18 2_20 2_21 2_22 2_23 2_24 2_25 2_26 2_27 2_28 2_29 2_30 2_31 2_7 2_8 2_9 30_16 30_17 31_16 31_17 31_18 3_22 3_23 3_29 3_31 3_7 3_8 4_10 4_11 4_12 4_13 4_14 4_15 4_16 4_22 4_23 4_28 4_29 4_31 4_7 4_8 4_9 5_10 5_11 5_12 5_13 5_14 5_15 5_22 5_23 5_28 5_29 5_31 5_7 5_8 5_9 6_10 6_11 6_22 6_23 6_31 7_10 7_11 7_13 7_14 7_15 7_16 7_17 7_18 7_19 7_20 7_21 7_22 7_23 7_31 7_7 7_8 7_9 8_10 8_11 8_13 8_14 8_15 8_16 8_17 8_18 8_19 8_20 8_21 8_22 8_23 8_31 8_8 8_9 9_13 9_14 9_19 9_20,244,,1,1,1
mapf-maze-32-32-2-m10-f4,37,5.0,5,10_23 13_28 16_31 1_22 20_2,5,"1,1,1,1,1",0,10_10 10_11 10_12 10_13 10_14 10_16 10_17 10_18 10_19 10_20 10_28 10_29 10_30 10_31 10_8 10_9 11_10 11_11 11_12 11_13 11_14 11_16 11_17 11_18 11_19 11_28 11_29 11_30 11_31 11_9 12_31 13_29 13_30 13_31 14_28 14_29 14_30 14_31 15_28 15_29 16_28 16_29 17_28 17_29 18_28 18_29 19_22 19_23 19_24 19_25 19_26 19_27 19_28 19_29 1_10 1_11 1_12 1_13 1_14 1_15 1_16 1_17 1_18 1_19 1_20 1_21 1_23 1_24 1_25 1_26 1_27 1_28 1_29 1_30 1_31 1_7 1_8 1_9 20_22 20_23 20_24 20_25 20_26 20_27 20_28 20_29 21_14 21_22 22_13 22_14 22_19 22_20 22_22 22_23 23_13 23_14 23_19 23_20 23_22 23_23 24_13 24_14 24_19 24_20 24_22 24_23 25_10 25_11 25_12 25_13 25_14 25_15 25_16 25_17 25_18 25_19 25_20 25_21 25_22 25_23 26_11 26_12 26_13 26_14 26_15 26_16 26_17 26_18 26_19 26_20 26_21 26_22 26_23 27_16 27_17 28_16 28_17 29_16 29_17 2_10 2_11 2_12 2_13 2_14 2_16 2_17 2_18 2_20 2_21 2_22 2_23 2_24 2_25 2_26 2_27 2_28 2_29 2_30 2_31 2_7 2_8 2_9 30_16 30_17 31_16 31_17 31_18 3_22 3_23 3_29 3_31 3_7 3_8 4_10 4_11 4_12 4_13 4_14 4_15 4_16 4_22 4_23 4_28 4_29 4_31 4_7 4_8 4_9 5_10 5_11 5_12 5_13 5_14 5_15 5_22 5_23 5_28 5_29 5_31 5_7 5_8 5_9 6_10 6_11 6_22 6_23 6_31 7_10 7_11 7_13 7_14 7_15 7_16 7_17 7_18 7_19 7_20 7_21 7_22 7_23 7_31 7_7 7_8 7_9 8_10 8_11 8_13 8_14 8_15 8_16 8_17 8_18 8_19 8_20 8_21 8_22 8_23 8_31 8_8 8_9 9_13 9_14 9_19 9_20,244,,1,1,1
mapf-maze-32-32-2-m10-f4,38,5.0,5,10_23 13_28 16_31 1_23 20_2,5,"1,1,1,1,1",0,10_10 10_11 10_12 10_13 10_14 10_16 10_17 10_18 10_19 10_20 10_28 10_29 10_30 10_31 10_8 10_9 11_10 11_11 11_12 11_13 11_14 11_16 11_17 11_18 11_19 11_28 11_29 11_30 11_31 11_9 12_31 13_29 13_30 13_31 14_28 14_29 14_30 14_31 15_28 15_29 16_28 16_29 17_28 17_29 18_28 18_29 19_22 19_23 19_24 19_25 19_26 19_27 19_28 19_29 1_10 1_11 1_12 1_13 1_14 1_15 1_16 1_17 1_18 1_19 1_20 1_21 1_22 1_24 1_25 1_26 1_27 1_28 1_29 1_30 1_31 1_7 1_8 1_9 20_22 20_23 20_24 20_25 20_26 20_27 20_28 20_29 21_14 21_22 22_13 22_14 22_19 22_20 22_22 22_23 23_13 23_14 23_19 23_20 23_22 23_23 24_13 24_14 24_19 24_20 24_22 24_23 25_10 25_11 25_12 25_13 25_14 25_15 25_16 25_17 25_18 25_19 25_20 25_21 25_22 25_23 26_11 26_12 26_13 26_14 26_15 26_16 26_17 26_18 26_19 26_20 26_21 26_22 26_23 27_16 27_17 28_16 28_17 29_16 29_17 2_10 2_11 2_12 2_13 2_14 2_16 2_17 2_18 2_20 2_21 2_22 2_23 2_24 2_25 2_26 2_27 2_28 2_29 2_30 2_31 2_7 2_8 2_9 30_16 30_17 31_16 31_17 31_18 3_22 3_23 3_29 3_31 3_7 3_8 4_10 4_11 4_12 4_13 4_14 4_15 4_16 4_22 4_23 4_28 4_29 4_31 4_7 4_8 4_9 5_10 5_11 5_12 5_13 5_14 5_15 5_22 5_23 5_28 5_29 5_31 5_7 5_8 5_9 6_10 6_11 6_22 6_23 6_31 7_10 7_11 7_13 7_14 7_15 7_16 7_17 7_18 7_19 7_20 7_21 7_22 7_23 7_31 7_7 7_8 7_9 8_10 8_11 8_13 8_14 8_15 8_16 8_17 8_18 8_19 8_20 8_21 8_22 8_23 8_31 8_8 8_9 9_13 9_14 9_19 9_20,244,,1,1,1
mapf-maze-32-32-2-m10-f4,39,5.0,5,10_20 10_23 13_28 17_31 20_2,5,"1,1,1,1,1",0,10_10 10_11 10_12 10_13 10_14 10_16 10_17 10_18 10_19 10_28 10_29 10_30 10_31 10_7 10_8 10_9 11_10 11_11 11_12 11_13 11_14 11_16 11_17 11_18 11_19 11_28 11_29 11_30 11_31 11_8 11_9 12_31 13_29 13_30 13_31 14_28 14_29 14_30 14_31 15_28 15_29 16_28 16_29 17_28 17_29 18_28 18_29 19_22 19_23 19_24 19_25 19_26 19_27 19_28 19_29 1_10 1_11 1_12 1_13 1_14 1_15 1_16 1_17 1_18 1_19 1_20 1_21 1_22 1_23 1_24 1_25 1_26 1_27 1_28 1_29 1_30 1_31 1_7 1_8 1_9 20_22 20_23 20_24 20_25 20_26 20_27 20_28 20_29 21_14 21_22 22_13 22_14 22_19 22_20 22_22 22_23 23_13 23_14 23_19 23_20 23_22 23_23 24_13 24_14 24_19 24_20 24_22 24_23 25_10 25_11 25_12 25_13 25_14 25_15 25_16 25_17 25_18 25_19 25_20 25_21 25_22 25_23 26_11 26_12 26_13 26_14 26_15 26_16 26_17 26_18 26_19 26_20 26_21 26_22 26_23 27_16 27_17 28_16 28_17 29_16 29_17 2_10 2_11 2_12 2_13 2_14 2_16 2_17 2_18 2_20 2_21 2_22 2_23 2_24 2_25 2_26 2_27 2_28 2_29 2_30 2_31 2_7 2_8 2_9 30_16 30_17 31_16 31_17 31_18 3_22 3_23 3_29 3_31 3_7 3_8 4_10 4_11 4_12 4_13 4_14 4_15 4_16 4_22 4_23 4_28 4_29 4_31 4_7 4_8 4_9 5_10 5_11 5_12 5_13 5_14 5_15 5_22 5_23 5_28 5_29 5_31 5_7 5_8 5_9 6_10 6_11 6_22 6_23 6_31 7_10 7_11 7_13 7_14 7_15 7_16 7_17 7_18 7_19 7_20 7_21 7_22 7_23 7_31 7_7 7_8 7_9 8_10 8_11 8_13 8_14 8_15 8_16 8_17 8_18 8_19 8_20 8_21 8_22 8_23 8_31 8_8 8_9 9_13 9_14 9_19 9_20,246,,1,2,1
mapf-maze-32-32-2-m10-f4,40,5.0,5,10_20 10_23 13_28 18_31 20_2,5,"1,1,1,1,1",0,10_10 10_11 10_12 10_13 10_14 10_16 10_17 10_18 10_19 10_28 10_29 10_30 10_31 10_7 10_8 10_9 11_10 11_11 11_12 11_13 11_14 11_16 11_17 11_18 11_19 11_28 11_29 11_30 11_31 11_8 11_9 12_31 13_29 13_30 13_31 14_28 14_29 14_30 14_31 15_28 15_29 16_28 16_29 17_28 17_29 18_28 18_29 19_22 19_23 19_24 19_25 19_26 19_27 19_28 19_29 1_10 1_11 1_12 1_13 1_14 1_15 1_16 1_17 1_18 1_19 1_20 1_21 1_22 1_23 1_24 1_25 1_26 1_27 1_28 1_29 1_30 1_31 1_7 1_8 1_9 20_22 20_23 20_24 20_25 20_26 20_27 20_28 20_29 21_14 21_22 22_13 22_14 22_19 22_20 22_22 22_23 23_13 23_14 23_19 23_20 23_22 23_23 24_13 24_14 24_19 24_20 24_22 24_23 25_10 25_11 25_12 25_13 25_14 25_15 25_16 25_17 25_18 25_19 25_20 25_21 25_22 25_23 26_11 26_12 26_13 26_14 26_15 26_16 26_17 26_18 26_19 26_20 26_21 26_22 26_23 27_16 27_17 28_16 28_17 29_16 29_17 2_10 2_11 2_12 2_13 2_14 2_16 2_17 2_18 2_20 2_21 2_22 2_23 2_24 2_25 2_26 2_27 2_28 2_29 2_30 2_31 2_7 2_8 2_9 30_16 30_17 31_16 31_17 31_18 3_22 3_23 3_29 3_31 3_7 3_8 4_10 4_11 4_12 4_13 4_14 4_15 4_16 4_22 4_23 4_28 4_29 4_31 4_7 4_8 4_9 5_10 5_11 5_12 5_13 5_14 5_15 5_22 5_23 5_28 5_29 5_31 5_7 5_8 5_9 6_10 6_11 6_22 6_23 6_31 7_10 7_11 7_13 7_14 7_15 7_16 7_17 7_18 7_19 7_20 7_21 7_22 7_23 7_31 7_7 7_8 7_9 8_10 8_11 8_13 8_14 8_15 8_16 8_17 8_18 8_19 8_20 8_21 8_22 8_23 8_31 8_8 8_9 9_13 9_14 9_19 9_20,246,,1,2,1
mapf-maze-32-32-2-m10-f4,41,5.0,5,10_20 10_23 13_28 17_31 21_1,5,"1,1,1,1,1",0,10_10 10_11 10_12 10_13 10_14 10_16 10_17 10_18 10_19 10_28 10_29 10_30 10_31 10_7 10_8 10_9 11_10 11_11 11_12 11_13 11_14 11_16 11_17 11_18 11_19 11_28 11_29 11_30 11_31 11_8 11_9 12_31 13_29 13_30 13_31 14_28 14_29 14_30 14_31 15_28 15_29 16_28 16_29 17_28 17_29 18_28 18_29 19_22 19_23 19_24 19_25 19_26 19_27 19_28 19_29 1_10 1_11 1_12 1_13 1_14 1_15 1_16 1_17 1_18 1_19 1_20 1_21 1_22 1_23 1_24 1_25 1_26 1_27 1_28 1_29 1_30 1_31 1_7 1_8 1_9 20_22 20_23 20_24 20_25 20_26 20_27 20_28 20_29 21_14 21_22 22_13 22_14 22_19 22_20 22_22 22_23 23_13 23_14 23_19 23_20 23_22 23_23 24_13 24_14 24_19 24_20 24_22 24_23 25_10 25_11 25_12 25_13 25_14 25_15 25_16 25_17 25_18 25_19 25_20 25_21 25_22 25_23 26_11 26_12 26_13 26_14 26_15 26_16 26_17 26_18 26_19 26_20 26_21 26_22 26_23 27_16 27_17 28_16 28_17 29_16 29_17 2_10 2_11 2_12 2_13 2_14 2_16 2_17 2_18 2_20 2_21 2_22 2_23 2_24 2_25 2_26 2_27 2_28 2_29 2_30 2_31 2_7 2_8 2_9 30_16 30_17 31_16 31_17 31_18 3_22 3_23 3_29 3_31 3_7 3_8 4_10 4_11 4_12 4_13 4_14 4_15 4_16 4_22 4_23 4_28 4_29 4_31 4_7 4_8 4_9 5_10 5_11 5_12 5_13 5_14 5_15 5_22 5_23 5_28 5_29 5_31 5_7 5_8 5_9 6_10 6_11 6_22 6_23 6_31 7_10 7_11 7_13 7_14 7_15 7_16 7_17 7_18 7_19 7_20 7_21 7_22 7_23 7_31 7_7 7_8 7_9 8_10 8_11 8_13 8_14 8_15 8_16 8_17 8_18 8_19 8_20 8_21 8_22 8_23 8_31 8_8 8_9 9_13 9_14 9_19 9_20,246,,1,2,1
mapf-maze-32-32-2-m10-f4,42,5.0,5,10_20 10_23 13_28 17_31 21_2,5,"1,1,1,1,1",0,10_10 10_11 10_12 10_13 10_14 10_16 10_17 10_18 10_19 10_28 10_29 10_30 10_31 10_7 10_8 10_9 11_10 11_11 11_12 11_13 11_14 11_16 11_17 11_18 11_19 11_28 11_29 11_30 11_31 11_8 11_9 12_31 13_29 13_30 13_31 14_28 14_29 14_30 14_31 15_28 15_29 16_28 16_29 17_28 17_29 18_28 18_29 19_22 19_23 19_24 19_25 19_26 19_27 19_28 19_29 1_10 1_11 1_12 1_13 1_14 1_15 1_16 1_17 1_18 1_19 1_20 1_21 1_22 1_23 1_24 1_25 1_26 1_27 1_28 1_29 1_30 1_31 1_7 1_8 1_9 20_22 20_23 20_24 20_25 20_26 20_27 20_28 20_29 21_14 21_22 22_13 22_14 22_19 22_20 22_22 22_23 23_13 23_14 23_19 23_20 23_22 23_23 24_13 24_14 24_19 24_20 24_22 24_23 25_10 25_11 25_12 25_13 25_14 25_15 25_16 25_17 25_18 25_19 25_20 25_21 25_22 25_23 26_11 26_12 26_13 26_14 26_15 26_16 26_17 26_18 26_19 26_20 26_21 26_22 26_23 27_16 27_17 28_16 28_17 29_16 29_17 2_10 2_11 2_12 2_13 2_14 2_16 2_17 2_18 2_20 2_21 2_22 2_23 2_24 2_25 2_26 2_27 2_28 2_29 2_30 2_31 2_7 2_8 2_9 30_16 30_17 31_16 31_17 31_18 3_22 3_23 3_29 3_31 3_7 3_8 4_10 4_11 4_12 4_13 4_14 4_15 4_16 4_22 4_23 4_28 4_29 4_31 4_7 4_8 4_9 5_10 5_11 5_12 5_13 5_14 5_15 5_22 5_23 5_28 5_29 5_31 5_7 5_8 5_9 6_10 6_11 6_22 6_23 6_31 7_10 7_11 7_13 7_14 7_15 7_16 7_17 7_18 7_19 7_20 7_21 7_22 7_23 7_31 7_7 7_8 7_9 8_10 8_11 8_13 8_14 8_15 8_16 8_17 8_18 8_19 8_20 8_21 8_22 8_23 8_31 8_8 8_9 9_13 9_14 9_19 9_20,246,,1,2,1
mapf-maze-32-32-2-m10-f4,43,5.0,5,10_20 10_23 13_28 17_31 31_5,5,"1,1,1,1,1",0,10_10 10_11 10_12 10_13 10_14 10_16 10_17 10_18 10_19 10_28 10_29 10_30 10_31 10_7 10_8 10_9 11_10 11_11 11_12 11_13 11_14 11_16 11_17 11_18 11_19 11_28 11_29 11_30 11_31 11_8 11_9 12_31 13_29 13_30 13_31 14_28 14_29 14_30 14_31 15_28 15_29 16_28 16_29 17_28 17_29 18_28 18_29 19_22 19_23 19_24 19_25 19_26 19_27 19_28 19_29 1_10 1_11 1_12 1_13 1_14 1_15 1_16 1_17 1_18 1_19 1_20 1_21 1_22 1_23 1_24 1_25 1_26 1_27 1_28 1_29 1_30 1_31 1_7 1_8 1_9 20_22 20_23 20_24 20_25 20_26 20_27 20_28 20_29 21_14 21_22 22_13 22_14 22_19 22_20 22_22 22_23 23_13 23_14 23_19 23_20 23_22 23_23 24_13 24_14 24_19 24_20 24_22 24_23 25_10 25_11 25_12 25_13 25_14 25_15 25_16 25_17 25_18 25_19 25_20 25_21 25_22 25_23 26_11 26_12 26_13 26_14 26_15 26_16 26_17 26_18 26_19 26_20 26_21 26_22 26_23 27_16 27_17 28_16 28_17 29_16 29_17 2_10 2_11 2_12 2_13 2_14 2_16 2_17 2_18 2_20 2_21 2_22 2_23 2_24 2_25 2_26 2_27 2_28 2_29 2_30 2_31 2_7 2_8 2_9 30_16 30_17 31_16 31_17 31_18 3_22 3_23 3_29 3_31 3_7 3_8 4_10 4_11 4_12 4_13 4_14 4_15 4_16 4_22 4_23 4_28 4_29 4_31 4_7 4_8 4_9 5_10 5_11 5_12 5_13 5_14 5_15 5_22 5_23 5_28 5_29 5_31 5_7 5_8 5_9 6_10 6_11 6_22 6_23 6_31 7_10 7_11 7_13 7_14 7_15 7_16 7_17 7_18 7_19 7_20 7_21 7_22 7_23 7_31 7_7 7_8 7_9 8_10 8_11 8_13 8_14 8_15 8_16 8_17 8_18 8_19 8_20 8_21 8_22 8_23 8_31 8_8 8_9 9_13 9_14 9_19 9_20,246,,1,2,1
mapf-maze-32-32-2-m10-f4,44,5.0,5,10_20 10_23 13_28 17_31 22_1,5,"1,1,1,1,1",0,10_10 10_11 10_12 10_13 10_14 10_16 10_17 10_18 10_19 10_28 10_29 10_30 10_31 10_7 10_8 10_9 11_10 11_11 11_12 11_13 11_14 11_16 11_17 11_18 11_19 11_28 11_29 11_30 11_31 11_8 11_9 12_31 13_29 13_30 13_31 14_28 14_29 14_30 14_31 15_28 15_29 16_28 16_29 17_28 17_29 18_28 18_29 19_22 19_23 19_24 19_25 19_26 19_27 19_28 19_29 1_10 1_11 1_12 1_13 1_14 1_15 1_16 1_17 1_18 1_19 1_20 1_21 1_22 1_23 1_24 1_25 1_26 1_27 1_28 1_29 1_30 1_31 1_7 1_8 1_9 20_22 20_23 20_24 20_25 20_26 20_27 20_28 20_29 21_14 21_22 22_13 22_14 22_19 22_20 22_22 22_23 23_13 23_14 23_19 23_20 23_22 23_23 24_13 24_14 24_19 24_20 24_22 24_23 25_10 25_11 25_12 25_13 25_14 25_15 25_16 25_17 25_18 25_19 25_20 25_21 25_22 25_23 26_11 26_12 26_13 26_14 26_15 26_16 26_17 26_18 26_19 26_20 26_21 26_22 26_23 27_16 27_17 28_16 28_17 29_16 29_17 2_10 2_11 2_12 2_13 2_14 2_16 2_17 2_18 2_20 2_21 2_22 2_23 2_24 2_25 2_26 2_27 2_28 2_29 2_30 2_31 2_7 2_8 2_9 30_16 30_17 31_16 31_17 31_18 3_22 3_23 3_29 3_31 3_7 3_8 4_10 4_11 4_12 4_13 4_14 4_15 4_16 4_22 4_23 4_28 4_29 4_31 4_7 4_8 4_9 5_10 5_11 5_12 5_13 5_14 5_15 5_22 5_23 5_28 5_29 5_31 5_7 5_8 5_9 6_10 6_11 6_22 6_23 6_31 7_10 7_11 7_13 7_14 7_15 7_16 7_17 7_18 7_19 7_20 7_21 7_22 7_23 7_31 7_7 7_8 7_9 8_10 8_11 8_13 8_14 8_15 8_16 8_17 8_18 8_19 8_20 8_21 8_22 8_23 8_31 8_8 8_9 9_13 9_14 9_19 9_20,246,,1,2,1
mapf-maze-32-32-2-m10-f4,45,5.0,5,10_20 10_23 13_28 17_31 22_2,5,"1,1,1,1,1",0,10_10 10_11 10_12 10_13 10_14 10_16 10_17 10_18 10_19 10_28 10_29 10_30 10_31 10_7 10_8 10_9 11_10 11_11 11_12 11_13 11_14 11_16 11_17 11_18 11_19 11_28 11_29 11_30 11_31 11_8 11_9 12_31 13_29 13_30 13_31 14_28 14_29 14_30 14_31 15_28 15_29 16_28 16_29 17_28 17_29 18_28 18_29 19_22 19_23 19_24 19_25 19_26 19_27 19_28 19_29 1_10 1_11 1_12 1_13 1_14 1_15 1_16 1_17 1_18 1_19 1_20 1_21 1_22 1_23 1_24 1_25 1_26 1_27 1_28 1_29 1_30 1_31 1_7 1_8 1_9 20_22 20_23 20_24 20_25 20_26 20_27 20_28 20_29 21_14 21_22 22_13 22_14 22_19 22_20 22_22 22_23 23_13 23_14 23_19 23_20 23_22 23_23 24_13 24_14 24_19 24_20 24_22 24_23 25_10 25_11 25_12 25_13 25_14 25_15 25_16 25_17 25_18 25_19 25_20 25_21 25_22 25_23 26_11 26_12 26_13 26_14 26_15 26_16 26_17 26_18 26_19 26_20 26_21 26_22 26_23 27_16 27_17 28_16 28_17 29_16 29_17 2_10 2_11 2_12 2_13 2_14 2_16 2_17 2_18 2_20 2_21 2_22 2_23 2_24 2_25 2_26 2_27 2_28 2_29 2_30 2_31 2_7 2_8 2_9 30_16 30_17 31_16 31_17 31_18 3_22 3_23 3_29 3_31 3_7 3_8 4_10 4_11 4_12 4_13 4_14 4_15 4_16 4_22 4_23 4_28 4_29 4_31 4_7 4_8 4_9 5_10 5_11 5_12 5_13 5_14 5_15 5_22 5_23 5_28 5_29 5_31 5_7 5_8 5_9 6_10 6_11 6_22 6_23 6_31 7_10 7_11 7_13 7_14 7_15 7_16 7_17 7_18 7_19 7_20 7_21 7_22 7_23 7_31 7_7 7_8 7_9 8_10 8_11 8_13 8_14 8_15 8_16 8_17 8_18 8_19 8_20 8_21 8_22 8_23 8_31 8_8 8_9 9_13 9_14 9_19 9_20,246,,1,2,1
mapf-maze-32-32-2-m10-f4,46,5.0,5,10_26 12_31 19_31 1_17 23_1,5,"1,1,1,1,1",0,10_10 10_11 10_12 10_13 10_14 10_16 10_17 10_18 10_19 10_20 10_28 10_29 10_30 10_31 10_8 10_9 11_10 11_11 11_12 11_13 11_14 11_16 11_17 11_18 11_19 11_28 11_29 11_30 11_31 11_9 13_28 13_29 13_30 13_31 14_28 14_29 14_30 14_31 15_28 15_29 16_28 16_29 17_28 17_29 18_28 18_29 19_22 19_23 19_24 19_25 19_26 19_27 19_28 19_29 1_10 1_11 1_12 1_13 1_14 1_15 1_16 1_18 1_19 1_20 1_21 1_22 1_23 1_24 1_25 1_26 1_27 1_28 1_29 1_30 1_31 1_7 1_8 1_9 20_22 20_23 20_24 20_25 20_26 20_27 20_28 20_29 21_14 21_22 22_13 22_14 22_19 22_20 22_22 22_23 23_13 23_14 23_19 23_20 23_22 23_23 24_13 24_14 24_19 24_20 24_22 24_23 25_10 25_11 25_12 25_13 25_14 25_15 25_16 25_17 25_18 25_19 25_20 25_21 25_22 25_23 26_11 26_12 26_13 26_14 26_15 26_16 26_17 26_18 26_19 26_20 26_21 26_22 26_23 27_16 27_17 28_16 28_17 29_16 29_17 2_10 2_11 2_12 2_13 2_14 2_16 2_17 2_18 2_20 2_21 2_22 2_23 2_24 2_25 2_26 2_27 2_28 2_29 2_30 2_31 2_7 2_8 2_9 30_16 30_17 31_16 31_17 31_18 3_22 3_23 3_29 3_31 3_7 3_8 4_10 4_11 4_12 4_13 4_14 4_15 4_16 4_22 4_23 4_28 4_29 4_31 4_7 4_8 4_9 5_10 5_11 5_12 5_13 5_14 5_15 5_22 5_23 5_28 5_29 5_31 5_7 5_8 5_9 6_10 6_11 6_22 6_23 6_31 7_10 7_11 7_13 7_14 7_15 7_16 7_17 7_18 7_19 7_20 7_21 7_22 7_23 7_31 7_7 7_8 7_9 8_10 8_11 8_13 8_14 8_15 8_16 8_17 8_18 8_19 8_20 8_21 8_22 8_23 8_31 8_8 8_9 9_13 9_14 9_19 9_20,244,,1,1,1
mapf-maze-32-32-2-m10-f4,47,5.0,5,10_26 12_31 19_31 1_17 23_2,5,"1,1,1,1,1",0,10_10 10_11 10_12 10_13 10_14 10_16 10_17 10_18 10_19 10_20 10_28 10_29 10_30 10_31 10_8 10_9 11_10 11_11 11_12 11_13 11_14 11_16 11_17 11_18 11_19 11_28 11_29 11_30 11_31 11_9 13_28 13_29 13_30 13_31 14_28 14_29 14_30 14_31 15_28 15_29 16_28 16_29 17_28 17_29 18_28 18_29 19_22 19_23 19_24 19_25 19_26 19_27 19_28 19_29 1_10 1_11 1_12 1_13 1_14 1_15 1_16 1_18 1_19 1_20 1_21 1_22 1_23 1_24 1_25 1_26 1_27 1_28 1_29 1_30 1_31 1_7 1_8 1_9 20_22 20_23 20_24 20_25 20_26 20_27 20_28 20_29 21_14 21_22 22_13 22_14 22_19 22_20 22_22 22_23 23_13 23_14 23_19 23_20 23_22 23_23 24_13 24_14 24_19 24_20 24_22 24_23 25_10 25_11 25_12 25_13 25_14 25_15 25_16 25_17 25_18 25_19 25_20 25_21 25_22 25_23 26_11 26_12 26_13 26_14 26_15 26_16 26_17 26_18 26_19 26_20 26_21 26_22 26_23 27_16 27_17 28_16 28_17 29_16 29_17 2_10 2_11 2_12 2_13 2_14 2_16 2_17 2_18 2_20 2_21 2_22 2_23 2_24 2_25 2_26 2_27 2_28 2_29 2_30 2_31 2_7 2_8 2_9 30_16 30_17 31_16 31_17 31_18 3_22 3_23 3_29 3_31 3_7 3_8 4_10 4_11 4_12 4_13 4_14 4_15 4_16 4_22 4_23 4_28 4_29 4_31 4_7 4_8 4_9 5_10 5_11 5_12 5_13 5_14 5_15 5_22 5_23 5_28 5_29 5_31 5_7 5_8 5_9 6_10 6_11 6_22 6_23 6_31 7_10 7_11 7_13 7_14 7_15 7_16 7_17 7_18 7_19 7_20 7_21 7_22 7_23 7_31 7_7 7_8 7_9 8_10 8_11 8_13 8_14 8_15 8_16 8_17 8_18 8_19 8_20 8_21 8_22 8_23 8_31 8_8 8_9 9_13 9_14 9_19 9_20,244,,1,1,1
mapf-maze-32-32-2-m10-f4,48,5.0,5,10_26 12_31 19_31 1_17 24_1,5,"1,1,1,1,1",0,10_10 10_11 10_12 10_13 10_14 10_16 10_17 10_18 10_19 10_20 10_28 10_29 10_30 10_31 10_8 10_9 11_10 11_11 11_12 11_13 11_14 11_16 11_17 11_18 11_19 11_28 11_29 11_30 11_31 11_9 13_28 13_29 13_30 13_31 14_28 14_29 14_30 14_31 15_28 15_29 16_28 16_29 17_28 17_29 18_28 18_29 19_22 19_23 19_24 19_25 19_26 19_27 19_28 19_29 1_10 1_11 1_12 1_13 1_14 1_15 1_16 1_18 1_19 1_20 1_21 1_22 1_23 1_24 1_25 1_26 1_27 1_28 1_29 1_30 1_31 1_7 1_8 1_9 20_22 20_23 20_24 20_25 20_26 20_27 20_28 20_29 21_14 21_22 22_13 22_14 22_19 22_20 22_22 22_23 23_13 23_14 23_19 23_20 23_22 23_23 24_13 24_14 24_19 24_20 24_22 24_23 25_10 25_11 25_12 25_13 25_14 25_15 25_16 25_17 25_18 25_19 25_20 25_21 25_22 25_23 26_11 26_12 26_13 26_14 26_15 26_16 26_17 26_18 26_19 26_20 26_21 26_22 26_23 27_16 27_17 28_16 28_17 29_16 29_17 2_10 2_11 2_12 2_13 2_14 2_16 2_17 2_18 2_20 2_21 2_22 2_23 2_24 2_25 2_26 2_27 2_28 2_29 2_30 2_31 2_7 2_8 2_9 30_16 30_17 31_16 31_17 31_18 3_22 3_23 3_29 3_31 3_7 3_8 4_10 4_11 4_12 4_13 4_14 4_15 4_16 4_22 4_23 4_28 4_29 4_31 4_7 4_8 4_9 5_10 5_11 5_12 5_13 5_14 5_15 5_22 5_23 5_28 5_29 5_31 5_7 5_8 5_9 6_10 6_11 6_22 6_23 6_31 7_10 7_11 7_13 7_14 7_15 7_16 7_17 7_18 7_19 7_20 7_21 7_22 7_23 7_31 7_7 7_8 7_9 8_10 8_11 8_13 8_14 8_15 8_16 8_17 8_18 8_19 8_20 8_21 8_22 8_23 8_31 8_8 8_9 9_13 9_14 9_19 9_20,244,,1,1,1
mapf-maze-32-32-2-m10-f4,49,5.0,5,10_26 12_31 19_31 1_17 24_2,5,"1,1,1,1,1",0,10_10 10_11 10_12 10_13 10_14 10_16 10_17 10_18 10_19 10_20 10_28 10_29 10_30 10_31 10_8 10_9 11_10 11_11 11_12 11_13 11_14 11_16 11_17 11_18 11_19 11_28 11_29 11_30 11_31 11_9 13_28 13_29 13_30 13_31 14_28 14_29 14_30 14_31 15_28 15_29 16_28 16_29 17_28 17_29 18_28 18_29 19_22 19_23 19_24 19_25 19_26 19_27 19_28 19_29 1_10 1_11 1_12 1_13 1_14 1_15 1_16 1_18 1_19 1_20 1_21 1_22 1_23 1_24 1_25 1_26 1_27 1_28 1_29 1_30 1_31 1_7 1_8 1_9 20_22 20_23 20_24 20_25 20_26 20_27 20_28 20_29 21_14 21_22 22_13 22_14 22_19 22_20 22_22 22_23 23_13 23_14 23_19 23_20 23_22 23_23 24_13 24_14 24_19 24_20 24_22 24_23 25_10 25_11 25_12 25_13 25_14 25_15 25_16 25_17 25_18 25_19 25_20 25_21 25_22 25_23 26_11 26_12 26_13 26_14 26_15 26_16 26_17 26_18 26_19 26_20 26_21 26_22 26_23 27_16 27_17 28_16 28_17 29_16 29_17 2_10 2_11 2_12 2_13 2_14 2_16 2_17 2_18 2_20 2_21 2_22 2_23 2_24 2_25 2_26 2_27 2_28 2_29 2_30 2_31 2_7 2_8 2_9 30_16 30_17 31_16 31_17 31_18 3_22 3_23 3_29 3_31 3_7 3_8 4_10 4_11 4_12 4_13 4_14 4_15 4_16 4_22 4_23 4_28 4_29 4_31 4_7 4_8 4_9 5_10 5_11 5_12 5_13 5_14 5_15 5_22 5_23 5_28 5_29 5_31 5_7 5_8 5_9 6_10 6_11 6_22 6_23 6_31 7_10 7_11 7_13 7_14 7_15 7_16 7_17 7_18 7_19 7_20 7_21 7_22 7_23 7_31 7_7 7_8 7_9 8_10 8_11 8_13 8_14 8_15 8_16 8_17 8_18 8_19 8_20 8_21 8_22 8_23 8_31 8_8 8_9 9_13 9_14 9_19 9_20,244,,1,1,1
mapf-maze-32-32-2-m10-f4,50,5.0,5,10_26 12_31 19_31 1_17 25_1,5,"1,1,1,1,1",0,10_10 10_11 10_12 10_13 10_14 10_16 10_17 10_18 10_19 10_20 10_28 10_29 10_30 10_31 10_8 10_9 11_10 11_11 11_12 11_13 11_14 11_16 11_17 11_18 11_19 11_28 11_29 11_30 11_31 11_9 13_28 13_29 13_30 13_31 14_28 14_29 14_30 14_31 15_28 15_29 16_28 16_29 17_28 17_29 18_28 18_29 19_22 19_23 19_24 19_25 19_26 19_27 19_28 19_29 1_10 1_11 1_12 1_13 1_14 1_15 1_16 1_18 1_19 1_20 1_21 1_22 1_23 1_24 1_25 1_26 1_27 1_28 1_29 1_30 1_31 1_7 1_8 1_9 20_22 20_23 20_24 20_25 20_26 20_27 20_28 20_29 21_14 21_22 22_13 22_14 22_19 22_20 22_22 22_23 23_13 23_14 23_19 23_20 23_22 23_23 24_13 24_14 24_19 24_20 24_22 24_23 25_10 25_11 25_12 25_13 25_14 25_15 25_16 25_17 25_18 25_19 25_20 25_21 25_22 25_23 26_11 26_12 26_13 26_14 26_15 26_16 26_17 26_18 26_19 26_20 26_21 26_22 26_23 27_16 27_17 28_16 28_17 29_16 29_17 2_10 2_11 2_12 2_13 2_14 2_16 2_17 2_18 2_20 2_21 2_22 2_23 2_24 2_25 2_26 2_27 2_28 2_29 2_30 2_31 2_7 2_8 2_9 30_16 30_17 31_16 31_17 31_18 3_22 3_23 3_29 3_31 3_7 3_8 4_10 4_11 4_12 4_13 4_14 4_15 4_16 4_22 4_23 4_28 4_29 4_31 4_7 4_8 4_9 5_10 5_11 5_12 5_13 5_14 5_15 5_22 5_23 5_28 5_29 5_31 5_7 5_8 5_9 6_10 6_11 6_22 6_23 6_31 7_10 7_11 7_13 7_14 7_15 7_16 7_17 7_18 7_19 7_20 7_21 7_22 7_23 7_31 7_7 7_8 7_9 8_10 8_11 8_13 8_14 8_15 8_16 8_17 8_18 8_19 8_20 8_21 8_22 8_23 8_31 8_8 8_9 9_13 9_14 9_19 9_20,244,,1,1,1
mapf-maze-32-32-2-m10-f4,51,5.0,5,10_26 12_31 19_31 1_17 25_2,5,"1,1,1,1,1",0,10_10 10_11 10_12 10_13 10_14 10_16 10_17 10_18 10_19 10_20 10_28 10_29 10_30 10_31 10_8 10_9 11_10 11_11 11_12 11_13 11_14 11_16 11_17 11_18 11_19 11_28 11_29 11_30 11_31 11_9 13_28 13_29 13_30 13_31 14_28 14_29 14_30 14_31 15_28 15_29 16_28 16_29 17_28 17_29 18_28 18_29 19_22 19_23 19_24 19_25 19_26 19_27 19_28 19_29 1_10 1_11 1_12 1_13 1_14 1_15 1_16 1_18 1_19 1_20 1_21 1_22 1_23 1_24 1_25 1_26 1_27 1_28 1_29 1_30 1_31 1_7 1_8 1_9 20_22 20_23 20_24 20_25 20_26 20_27 20_28 20_29 21_14 21_22 22_13 22_14 22_19 22_20 22_22 22_23 23_13 23_14 23_19 23_20 23_22 23_23 24_13 24_14 24_19 24_20 24_22 24_23 25_10 25_11 25_12 25_13 25_14 25_15 25_16 25_17 25_18 25_19 25_20 25_21 25_22 25_23 26_11 26_12 26_13 26_14 26_15 26_16 26_17 26_18 26_19 26_20 26_21 26_22 26_23 27_16 27_17 28_16 28_17 29_16 29_17 2_10 2_11 2_12 2_13 2_14 2_16 2_17 2_18 2_20 2_21 2_22 2_23 2_24 2_25 2_26 2_27 2_28 2_29 2_30 2_31 2_7 2_8 2_9 30_16 30_17 31_16 31_17 31_18 3_22 3_23 3_29 3_31 3_7 3_8 4_10 4_11 4_12 4_13 4_14 4_15 4_16 4_22 4_23 4_28 4_29 4_31 4_7 4_8 4_9 5_10 5_11 5_12 5_13 5_14 5_15 5_22 5_23 5_28 5_29 5_31 5_7 5_8 5_9 6_10 6_11 6_22 6_23 6_31 7_10 7_11 7_13 7_14 7_15 7_16 7_17 7_18 7_19 7_20 7_21 7_22 7_23 7_31 7_7 7_8 7_9 8_10 8_11 8_13 8_14 8_15 8_16 8_17 8_18 8_19 8_20 8_21 8_22 8_23 8_31 8_8 8_9 9_13 9_14 9_19 9_20,244,,1,1,1
mapf-maze-32-32-2-m10-f4,52,5.0,5,10_26 12_31 19_31 1_17 25_4,5,"1,1,1,1,1",0,10_10 10_11 10_12 10_13 10_14 10_16 10_17 10_18 10_19 10_20 10_28 10_29 10_30 10_31 10_8 10_9 11_10 11_11 11_12 11_13 11_14 11_16 11_17 11_18 11_19 11_28 11_29 11_30 11_31 11_9 13_28 13_29 13_30 13_31 14_28 14_29 14_30 14_31 15_28 15_29 16_28 16_29 17_28 17_29 18_28 18_29 19_22 19_23 19_24 19_25 19_26 19_27 19_28 19_29 1_10 1_11 1_12 1_13 1_14 1_15 1_16 1_18 1_19 1_20 1_21 1_22 1_23 1_24 1_25 1_26 1_27 1_28 1_29 1_30 1_31 1_7 1_8 1_9 20_22 20_23 20_24 20_25 20_26 20_27 20_28 20_29 21_14 21_22 22_13 22_14 22_19 22_20 22_22 22_23 23_13 23_14 23_19 23_20 23_22 23_23 24_13 24_14 24_19 24_20 24_22 24_23 25_10 25_11 25_12 25_13 25_14 25_15 25_16 25_17 25_18 25_19 25_20 25_21 25_22 25_23 26_11 26_12 26_13 26_14 26_15 26_16 26_17 26_18 26_19 26_20 26_21 26_22 26_23 27_16 27_17 28_16 28_17 29_16 29_17 2_10 2_11 2_12 2_13 2_14 2_16 2_17 2_18 2_20 2_21 2_22 2_23 2_24 2_25 2_26 2_27 2_28 2_29 2_30 2_31 2_7 2_8 2_9 30_16 30_17 31_16 31_17 31_18 3_22 3_23 3_29 3_31 3_7 3_8 4_10 4_11 4_12 4_13 4_14 4_15 4_16 4_22 4_23 4_28 4_29 4_31 4_7 4_8 4_9 5_10 5_11 5_12 5_13 5_14 5_15 5_22 5_23 5_28 5_29 5_31 5_7 5_8 5_9 6_10 6_11 6_22 6_23 6_31 7_10 7_11 7_13 7_14 7_15 7_16 7_17 7_18 7_19 7_20 7_21 7_22 7_23 7_31 7_7 7_8 7_9 8_10 8_11 8_13 8_14 8_15 8_16 8_17 8_18 8_19 8_20 8_21 8_22 8_23 8_31 8_8 8_9 9_13 9_14 9_19 9_20,244,,1,1,1
mapf-maze-32-32-2-m10-f4,53,5.0,5,10_26 12_31 19_31 1_17 25_5,5,"1,1,1,1,1",0,10_10 10_11 10_12 10_13 10_14 10_16 10_17 10_18 10_19 10_20 10_28 10_29 10_30 10_31 10_8 10_9 11_10 11_11 11_12 11_13 11_14 11_16 11_17 11_18 11_19 11_28 11_29 11_30 11_31 11_9 13_28 13_29 13_30 13_31 14_28 14_29 14_30 14_31 15_28 15_29 16_28 16_29 17_28 17_29 18_28 18_29 19_22 19_23 19_24 19_25 19_26 19_27 19_28 19_29 1_10 1_11 1_12 1_13 1_14 1_15 1_16 1_18 1_19 1_20 1_21 1_22 1_23 1_24 1_25 1_26 1_27 1_28 1_29 1_30 1_31 1_7 1_8 1_9 20_22 20_23 20_24 20_25 20_26 20_27 20_28 20_29 21_14 21_22 22_13 22_14 22_19 22_20 22_22 22_23 23_13 23_14 23_19 23_20 23_22 23_23 24_13 24_14 24_19 24_20 24_22 24_23 25_10 25_11 25_12 25_13 25_14 25_15 25_16 25_17 25_18 25_19 25_20 25_21 25_22 25_23 26_11 26_12 26_13 26_14 26_15 26_16 26_17 26_18 26_19 26_20 26_21 26_22 26_23 27_16 27_17 28_16 28_17 29_16 29_17 2_10 2_11 2_12 2_13 2_14 2_16 2_17 2_18 2_20 2_21 2_22 2_23 2_24 2_25 2_26 2_27 2_28 2_29 2_30 2_31 2_7 2_8 2_9 30_16 30_17 31_16 31_17 31_18 3_22 3_23 3_29 3_31 3_7 3_8 4_10 4_11 4_12 4_13 4_14 4_15 4_16 4_22 4_23 4_28 4_29 4_31 4_7 4_8 4_9 5_10 5_11 5_12 5_13 5_14 5_15 5_22 5_23 5_28 5_29 5_31 5_7 5_8 5_9 6_10 6_11 6_22 6_23 6_31 7_10 7_11 7_13 7_14 7_15 7_16 7_17 7_18 7_19 7_20 7_21 7_22 7_23 7_31 7_7 7_8 7_9 8_10 8_11 8_13 8_14 8_15 8_16 8_17 8_18 8_19 8_20 8_21 8_22 8_23 8_31 8_8 8_9 9_13 9_14 9_19 9_20,244,,1,1,1
mapf-maze-32-32-2-m10-f4,54,5.0,5,10_26 12_31 19_31 1_17 26_1,5,"1,1,1,1,1",0,10_10 10_11 10_12 10_13 10_14 10_16 10_17 10_18 10_19 10_20 10_28 10_29 10_30 10_31 10_8 10_9 11_10 11_11 11_12 11_13 11_14 11_16 11_17 11_18 11_19 11_28 11_29 11_30 11_31 11_9 13_28 13_29 13_30 13_31 14_28 14_29 14_30 14_31 15_28 15_29 16_28 16_29 17_28 17_29 18_28 18_29 19_22 19_23 19_24 19_25 19_26 19_27 19_28 19_29 1_10 1_11 1_12 1_13 1_14 1_15 1_16 1_18 1_19 1_20 1_21 1_22 1_23 1_24 1_25 1_26 1_27 1_28 1_29 1_30 1_31 1_7 1_8 1_9 20_22 20_23 20_24 20_25 20_26 20_27 20_28 20_29 21_14 21_22 22_13 22_14 22_19 22_20 22_22 22_23 23_13 23_14 23_19 23_20 23_22 23_23 24_13 24_14 24_19 24_20 24_22 24_23 25_10 25_11 25_12 25_13 25_14 25_15 25_16 25_17 25_18 25_19 25_20 25_21 25_22 25_23 26_11 26_12 26_13 26_14 26_15 26_16 26_17 26_18 26_19 26_20 26_21 26_22 26_23 27_16 27_17 28_16 28_17 29_16 29_17 2_10 2_11 2_12 2_13 2_14 2_16 2_17 2_18 2_20 2_21 2_22 2_23 2_24 2_25 2_26 2_27 2_28 2_29 2_30 2_31 2_7 2_8 2_9 30_16 30_17 31_16 31_17 31_18 3_22 3_23 3_29 3_31 3_7 3_8 4_10 4_11 4_12 4_13 4_14 4_15 4_16 4_22 4_23 4_28 4_29 4_31 4_7 4_8 4_9 5_10 5_11 5_12 5_13 5_14 5_15 5_22 5_23 5_28 5_29 5_31 5_7 5_8 5_9 6_10 6_11 6_22 6_23 6_31 7_10 7_11 7_13 7_14 7_15 7_16 7_17 7_18 7_19 7_20 7_21 7_22 7_23 7_31 7_7 7_8 7_9 8_10 8_11 8_13 8_14 8_15 8_16 8_17 8_18 8_19 8_20 8_21 8_22 8_23 8_31 8_8 8_9 9_13 9_14 9_19 9_20,244,,1,1,1
mapf-maze-32-32-2-m10-f4,55,5.0,5,10_26 12_31 19_31 1_17 26_2,5,"1,1,1,1,1",0,10_10 10_11 10_12 10_13 10_14 10_16 10_17 10_18 10_19 10_20 10_28 10_29 10_30 10_31 10_8 10_9 11_10 11_11 11_12 11_13 11_14 11_16 11_17 11_18 11_19 11_28 11_29 11_30 11_31 11_9 13_28 13_29 13_30 13_31 14_28 14_29 14_30 14_31 15_28 15_29 16_28 16_29 17_28 17_29 18_28 18_29 19_22 19_23 19_24 19_25 19_26 19_27 19_28 19_29 1_10 1_11 1_12 1_13 1_14 1_15 1_16 1_18 1_19 1_20 1_21 1_22 1_23 1_24 1_25 1_26 1_27 1_28 1_29 1_30 1_31 1_7 1_8 1_9 20_22 20_23 20_24 20_25 20_26 20_27 20_28 20_29 21_14 21_22 22_13 22_14 22_19 22_20 22_22 22_23 23_13 23_14 23_19 23_20 23_22 23_23 24_13 24_14 24_19 24_20 24_22 24_23 25_10 25_11 25_12 25_13 25_14 25_15 25_16 25_17 25_18 25_19 25_20 25_21 25_22 25_23 26_11 26_12 26_13 26_14 26_15 26_16 26_17 26_18 26_19 26_20 26_21 26_22 26_23 27_16 27_17 28_16 28_17 29_16 29_17 2_10 2_11 2_12 2_13 2_14 2_16 2_17 2_18 2_20 2_21 2_22 2_23 2_24 2_25 2_26 2_27 2_28 2_29 2_30 2_31 2_7 2_8 2_9 30_16 30_17 31_16 31_17 31_18 3_22 3_23 3_29 3_31 3_7 3_8 4_10 4_11 4_12 4_13 4_14 4_15 4_16 4_22 4_23 4_28 4_29 4_31 4_7 4_8 4_9 5_10 5_11 5_12 5_13 5_14 5_15 5_22 5_23 5_28 5_29 5_31 5_7 5_8 5_9 6_10 6_11 6_22 6_23 6_31 7_10 7_11 7_13 7_14 7_15 7_16 7_17 7_18 7_19 7_20 7_21 7_22 7_23 7_31 7_7 7_8 7_9 8_10 8_11 8_13 8_14 8_15 8_16 8_17 8_18 8_19 8_20 8_21 8_22 8_23 8_31 8_8 8_9 9_13 9_14 9_19 9_20,244,,1,1,1
mapf-maze-32-32-2-m10-f4,56,5.0,5,10_20 10_22 12_31 16_31 23_1,5,"1,1,1,1,1",0,10_10 10_11 10_12 10_13 10_14 10_16 10_17 10_18 10_19 10_28 10_29 10_30 10_31 10_7 10_8 10_9 11_10 11_11 11_12 11_13 11_14 11_16 11_17 11_18 11_19 11_28 11_29 11_30 11_31 11_8 11_9 13_28 13_29 13_30 13_31 14_28 14_29 14_30 14_31 15_28 15_29 16_28 16_29 17_28 17_29 18_28 18_29 19_22 19_23 19_24 19_25 19_26 19_27 19_28 19_29 1_10 1_11 1_12 1_13 1_14 1_15 1_16 1_17 1_18 1_19 1_20 1_21 1_22 1_23 1_24 1_25 1_26 1_27 1_28 1_29 1_30 1_31 1_7 1_8 1_9 20_22 20_23 20_24 20_25 20_26 20_27 20_28 20_29 21_14 21_22 22_13 22_14 22_19 22_20 22_22 22_23 23_13 23_14 23_19 23_20 23_22 23_23 24_13 24_14 24_19 24_20 24_22 24_23 25_10 25_11 25_12 25_13 25_14 25_15 25_16 25_17 25_18 25_19 25_20 25_21 25_22 25_23 26_11 26_12 26_13 26_14 26_15 26_16 26_17 26_18 26_19 26_20 26_21 26_22 26_23 27_16 27_17 28_16 28_17 29_16 29_17 2_10 2_11 2_12 2_13 2_14 2_16 2_17 2_18 2_20 2_21 2_22 2_23 2_24 2_25 2_26 2_27 2_28 2_29 2_30 2_31 2_7 2_8 2_9 30_16 30_17 31_16 31_17 31_18 3_22 3_23 3_29 3_31 3_7 3_8 4_10 4_11 4_12 4_13 4_14 4_15 4_16 4_22 4_23 4_28 4_29 4_31 4_7 4_8 4_9 5_10 5_11 5_12 5_13 5_14 5_15 5_22 5_23 5_28 5_29 5_31 5_7 5_8 5_9 6_10 6_11 6_22 6_23 6_31 7_10 7_11 7_13 7_14 7_15 7_16 7_17 7_18 7_19 7_20 7_21 7_22 7_23 7_31 7_7 7_8 7_9 8_10 8_11 8_13 8_14 8_15 8_16 8_17 8_18 8_19 8_20 8_21 8_22 8_23 8_31 8_8 8_9 9_13 9_14 9_19 9_20,246,,1,2,1
mapf-maze-32-32-2-m10-f4,57,5.0,5,10_20 10_22 12_31 16_31 23_2,5,"1,1,1,1,1",0,10_10 10_11 10_12 10_13 10_14 10_16 10_17 10_18 10_19 10_28 10_29 10_30 10_31 10_7 10_8 10_9 11_10 11_11 11_12 11_13 11_14 11_16 11_17 11_18 11_19 11_28 11_29 11_30 11_31 11_8 11_9 13_28 13_29 13_30 13_31 14_28 14_29 14_30 14_31 15_28 15_29 16_28 16_29 17_28 17_29 18_28 18_29 19_22 19_23 19_24 19_25 19_26 19_27 19_28 19_29 1_10 1_11 1_12 1_13 1_14 1_15 1_16 1_17 1_18 1_19 1_20 1_21 1_22 1_23 1_24 1_25 1_26 1_27 1_28 1_29 1_30 1_31 1_7 1_8 1_9 20_22 20_23 20_24 20_25 20_26 20_27 20_28 20_29 21_14 21_22 22_13 22_14 22_19 22_20 22_22 22_23 23_13 23_14 23_19 23_20 23_22 23_23 24_13 24_14 24_19 24_20 24_22 24_23 25_10 25_11 25_12 25_13 25_14 25_15 25_16 25_17 25_18 25_19 25_20 25_21 25_22 25_23 26_11 26_12 26_13 26_14 26_15 26_16 26_17 26_18 26_19 26_20 26_21 26_22 26_23 27_16 27_17 28_16 28_17 29_16 29_17 2_10 2_11 2_12 2_13 2_14 2_16 2_17 2_18 2_20 2_21 2_22 2_23 2_24 2_25 2_26 2_27 2_28 2_29 2_30 2_31 2_7 2_8 2_9 30_16 30_17 31_16 31_17 31_18 3_22 3_23 3_29 3_31 3_7 3_8 4_10 4_11 4_12 4_13 4_14 4_15 4_16 4_22 4_23 4_28 4_29 4_31 4_7 4_8 4_9 5_10 5_11 5_12 5_13 5_14 5_15 5_22 5_23 5_28 5_29 5_31 5_7 5_8 5_9 6_10 6_11 6_22 6_23 6_31 7_10 7_11 7_13 7_14 7_15 7_16 7_17 7_18 7_19 7_20 7_21 7_22 7_23 7_31 7_7 7_8 7_9 8_10 8_11 8_13 8_14 8_15 8_16 8_17 8_18 8_19 8_20 8_21 8_22 8_23 8_31 8_8 8_9 9_13 9_14 9_19 9_20,246,,1,2,1
mapf-maze-32-32-2-m10-f4,58,5.0,5,10_20 10_22 12_31 16_31 24_1,5,"1,1,1,1,1",0,10_10 10_11 10_12 10_13 10_14 10_16 10_17 10_18 10_19 10_28 10_29 10_30 10_31 10_7 10_8 10_9 11_10 11_11 11_12 11_13 11_14 11_16 11_17 11_18 11_19 11_28 11_29 11_30 11_31 11_8 11_9 13_28 13_29 13_30 13_31 14_28 14_29 14_30 14_31 15_28 15_29 16_28 16_29 17_28 17_29 18_28 18_29 19_22 19_23 19_24 19_25 19_26 19_27 19_28 19_29 1_10 1_11 1_12 1_13 1_14 1_15 1_16 1_17 1_18 1_19 1_20 1_21 1_22 1_23 1_24 1_25 1_26 1_27 1_28 1_29 1_30 1_31 1_7 1_8 1_9 20_22 20_23 20_24 20_25 20_26 20_27 20_28 20_29 21_14 21_22 22_13 22_14 22_19 22_20 22_22 22_23 23_13 23_14 23_19 23_20 23_22 23_23 24_13 24_14 24_19 24_20 24_22 24_23 25_10 25_11 25_12 25_13 25_14 25_15 25_16 25_17 25_18 25_19 25_20 25_21 25_22 25_23 26_11 26_12 26_13 26_14 26_15 26_16 26_17 26_18 26_19 26_20 26_21 26_22 26_23 27_16 27_17 28_16 28_17 29_16 29_17 2_10 2_11 2_12 2_13 2_14 2_16 2_17 2_18 2_20 2_21 2_22 2_23 2_24 2_25 2_26 2_27 2_28 2_29 2_30 2_31 2_7 2_8 2_9 30_16 30_17 31_16 31_17 31_18 3_22 3_23 3_29 3_31 3_7 3_8 4_10 4_11 4_12 4_13 4_14 4_15 4_16 4_22 4_23 4_28 4_29 4_31 4_7 4_8 4_9 5_10 5_11 5_12 5_13 5_14 5_15 5_22 5_23 5_28 5_29 5_31 5_7 5_8 5_9 6_10 6_11 6_22 6_23 6_31 7_10 7_11 7_13 7_14 7_15 7_16 7_17 7_18 7_19 7_20 7_21 7_22 7_23 7_31 7_7 7_8 7_9 8_10 8_11 8_13 8_14 8_15 8_16 8_17 8_18 8_19 8_20 8_21 8_22 8_23 8_31 8_8 8_9 9_13 9_14 9_19 9_20,246,,1,2,1
mapf-maze-32-32-2-m10-f4,59,5.0,5,10_20 10_22 12_31 16_31 24_2,5,"1,1,1,1,1",0,10_10 10_11 10_12 10_13 10_14 10_16 10_17 10_18 10_19 10_28 10_29 10_30 10_31 10_7 10_8 10_9 11_10 11_11 11_12 11_13 11_14 11_16 11_17 11_18 11_19 11_28 11_29 11_30 11_31 11_8 11_9 13_28 13_29 13_30 13_31 14_28 14_29 14_30 14_31 15_28 15_29 16_28 16_29 17_28 17_29 18_28 18_29 19_22 19_23 19_24 19_25 19_26 19_27 19_28 19_29 1_10 1_11 1_12 1_13 1_14 1_15 1_16 1_17 1_18 1_19 1_20 1_21 1_22 1_23 1_24 1_25 1_26 1_27 1_28 1_29 1_30 1_31 1_7 1_8 1_9 20_22 20_23 20_24 20_25 20_26 20_27 20_28 20_29 21_14 21_22 22_13 22_14 22_19 22_20 22_22 22_23 23_13 23_14 23_19 23_20 23_22 23_23 24_13 24_14 24_19 24_20 24_22 24_23 25_10 25_11 25_12 25_13 25_14 25_15 25_16 25_17 25_18 25_19 25_20 25_21 25_22 25_23 26_11 26_12 26_13 26_14 26_15 26_16 26_17 26_18 26_19 26_20 26_21 26_22 26_23 27_16 27_17 28_16 28_17 29_16 29_17 2_10 2_11 2_12 2_13 2_14 2_16 2_17 2_18 2_20 2_21 2_22 2_23 2_24 2_25 2_26 2_27 2_28 2_29 2_30 2_31 2_7 2_8 2_9 30_16 30_17 31_16 31_17 31_18 3_22 3_23 3_29 3_31 3_7 3_8 4_10 4_11 4_12 4_13 4_14 4_15 4_16 4_22 4_23 4_28 4_29 4_31 4_7 4_8 4_9 5_10 5_11 5_12 5_13 5_14 5_15 5_22 5_23 5_28 5_29 5_31 5_7 5_8 5_9 6_10 6_11 6_22 6_23 6_31 7_10 7_11 7_13 7_14 7_15 7_16 7_17 7_18 7_19 7_20 7_21 7_22 7_23 7_31 7_7 7_8 7_9 8_10 8_11 8_13 8_14 8_15 8_16 8_17 8_18 8_19 8_20 8_21 8_22 8_23 8_31 8_8 8_9 9_13 9_14 9_19 9_20,246,,1,2,1
mapf-maze-32-32-2-m10-f4,60,5.0,5,10_20 10_22 12_31 16_31 25_1,5,"1,1,1,1,1",0,10_10 10_11 10_12 10_13 10_14 10_16 10_17 10_18 10_19 10_28 10_29 10_30 10_31 10_7 10_8 10_9 11_10 11_11 11_12 11_13 11_14 11_16 11_17 11_18 11_19 11_28 11_29 11_30 11_31 11_8 11_9 13_28 13_29 13_30 13_31 14_28 14_29 14_30 14_31 15_28 15_29 16_28 16_29 17_28 17_29 18_28 18_29 19_22 19_23 19_24 19_25 19_26 19_27 19_28 19_29 1_10 1_11 1_12 1_13 1_14 1_15 1_16 1_17 1_18 1_19 1_20 1_21 1_22 1_23 1_24 1_25 1_26 1_27 1_28 1_29 1_30 1_31 1_7 1_8 1_9 20_22 20_23 20_24 20_25 20_26 20_27 20_28 20_29 21_14 21_22 22_13 22_14 22_19 22_20 22_22 22_23 23_13 23_14 23_19 23_20 23_22 23_23 24_13 24_14 24_19 24_20 24_22 24_23 25_10 25_11 25_12 25_13 25_14 25_15 25_16 25_17 25_18 25_19 25_20 25_21 25_22 25_23 26_11 26_12 26_13 26_14 26_15 26_16 26_17 26_18 26_19 26_20 26_21 26_22 26_23 27_16 27_17 28_16 28_17 29_16 29_17 2_10 2_11 2_12 2_13 2_14 2_16 2_17 2_18 2_20 2_21 2_22 2_23 2_24 2_25 2_26 2_27 2_28 2_29 2_30 2_31 2_7 2_8 2_9 30_16 30_17 31_16 31_17 31_18 3_22 3_23 3_29 3_31 3_7 3_8 4_10 4_11 4_12 4_13 4_14 4_15 4_16 4_22 4_23 4_28 4_29 4_31 4_7 4_8 4_9 5_10 5_11 5_12 5_13 5_14 5_15 5_22 5_23 5_28 5_29 5_31 5_7 5_8 5_9 6_10 6_11 6_22 6_23 6_31 7_10 7_11 7_13 7_14 7_15 7_16 7_17 7_18 7_19 7_20 7_21 7_22 7_23 7_31 7_7 7_8 7_9 8_10 8_11 8_13 8_14 8_15 8_16 8_17 8_18 8_19 8_20 8_21 8_22 8_23 8_31 8_8 8_9 9_13 9_14 9_19 9_20,246,,1,2,1
mapf-maze-32-32-2-m10-f4,61,5.0,5,10_20 10_22 12_31 16_31 25_2,5,"1,1,1,1,1",0,10_10 10_11 10_12 10_13 10_14 10_16 10_17 10_18 10_19 10_28 10_29 10_30 10_31 10_7 10_8 10_9 11_10 11_11 11_12 11_13 11_14 11_16 11_17 11_18 11_19 11_28 11_29 11_30 11_31 11_8 11_9 13_28 13_29 13_30 13_31 14_28 14_29 14_30 14_31 15_28 15_29 16_28 16_29 17_28 17_29 18_28 18_29 19_22 19_23 19_24 19_25 19_26 19_27 19_28 19_29 1_10 1_11 1_12 1_13 1_14 1_15 1_16 1_17 1_18 1_19 1_20 1_21 1_22 1_23 1_24 1_25 1_26 1_27 1_28 1_29 1_30 1_31 1_7 1_8 1_9 20_22 20_23 20_24 20_25 20_26 20_27 20_28 20_29 21_14 21_22 22_13 22_14 22_19 22_20 22_22 22_23 23_13 23_14 23_19 23_20 23_22 23_23 24_13 24_14 24_19 24_20 24_22 24_23 25_10 25_11 25_12 25_13 25_14 25_15 25_16 25_17 25_18 25_19 25_20 25_21 25_22 25_23 26_11 26_12 26_13 26_14 26_15 26_16 26_17 26_18 26_19 26_20 26_21 26_22 26_23 27_16 27_17 28_16 28_17 29_16 29_17 2_10 2_11 2_12 2_13 2_14 2_16 2_17 2_18 2_20 2_21 2_22 2_23 2_24 2_25 2_26 2_27 2_28 2_29 2_30 2_31 2_7 2_8 2_9 30_16 30_17 31_16 31_17 31_18 3_22 3_23 3_29 3_31 3_7 3_8 4_10 4_11 4_12 4_13 4_14 4_15 4_16 4_22 4_23 4_28 4_29 4_31 4_7 4_8 4_9 5_10 5_11 5_12 5_13 5_14 5_15 5_22 5_23 5_28 5_29 5_31 5_7 5_8 5_9 6_10 6_11 6_22 6_23 6_31 7_10 7_11 7_13 7_14 7_15 7_16 7_17 7_18 7_19 7_20 7_21 7_22 7_23 7_31 7_7 7_8 7_9 8_10 8_11 8_13 8_14 8_15 8_16 8_17 8_18 8_19 8_20 8_21 8_22 8_23 8_31 8_8 8_9 9_13 9_14 9_19 9_20,246,,1,2,1
mapf-maze-32-32-2-m10-f4,62,5.0,5,10_20 10_22 12_31 16_31 25_4,5,"1,1,1,1,1",0,10_10 10_11 10_12 10_13 10_14 10_16 10_17 10_18 10_19 10_28 10_29 10_30 10_31 10_7 10_8 10_9 11_10 11_11 11_12 11_13 11_14 11_16 11_17 11_18 11_19 11_28 11_29 11_30 11_31 11_8 11_9 13_28 13_29 13_30 13_31 14_28 14_29 14_30 14_31 15_28 15_29 16_28 16_29 17_28 17_29 18_28 18_29 19_22 19_23 19_24 19_25 19_26 19_27 19_28 19_29 1_10 1_11 1_12 1_13 1_14 1_15 1_16 1_17 1_18 1_19 1_20 1_21 1_22 1_23 1_24 1_25 1_26 1_27 1_28 1_29 1_30 1_31 1_7 1_8 1_9 20_22 20_23 20_24 20_25 20_26 20_27 20_28 20_29 21_14 21_22 22_13 22_14 22_19 22_20 22_22 22_23 23_13 23_14 23_19 23_20 23_22 23_23 24_13 24_14 24_19 24_20 24_22 24_23 25_10 25_11 25_12 25_13 25_14 25_15 25_16 25_17 25_18 25_19 25_20 25_21 25_22 25_23 26_11 26_12 26_13 26_14 26_15 26_16 26_17 26_18 26_19 26_20 26_21 26_22 26_23 27_16 27_17 28_16 28_17 29_16 29_17 2_10 2_11 2_12 2_13 2_14 2_16 2_17 2_18 2_20 2_21 2_22 2_23 2_24 2_25 2_26 2_27 2_28 2_29 2_30 2_31 2_7 2_8 2_9 30_16 30_17 31_16 31_17 31_18 3_22 3_23 3_29 3_31 3_7 3_8 4_10 4_11 4_12 4_13 4_14 4_15 4_16 4_22 4_23 4_28 4_29 4_31 4_7 4_8 4_9 5_10 5_11 5_12 5_13 5_14 5_15 5_22 5_23 5_28 5_29 5_31 5_7 5_8 5_9 6_10 6_11 6_22 6_23 6_31 7_10 7_11 7_13 7_14 7_15 7_16 7_17 7_18 7_19 7_20 7_21 7_22 7_23 7_31 7_7 7_8 7_9 8_10 8_11 8_13 8_14 8_15 8_16 8_17 8_18 8_19 8_20 8_21 8_22 8_23 8_31 8_8 8_9 9_13 9_14 9_19 9_20,246,,1,2,1
mapf-maze-32-32-2-m10-f4,63,5.0,5,10_20 10_22 12_31 16_31 25_5,5,"1,1,1,1,1",0,10_10 10_11 10_12 10_13 10_14 10_16 10_17 10_18 10_19 10_28 10_29 10_30 10_31 10_7 10_8 10_9 11_10 11_11 11_12 11_13 11_14 11_16 11_17 11_18 11_19 11_28 11_29 11_30 11_31 11_8 11_9 13_28 13_29 13_30 13_31 14_28 14_29 14_30 14_31 15_28 15_29 16_28 16_29 17_28 17_29 18_28 18_29 19_22 19_23 19_24 19_25 19_26 19_27 19_28 19_29 1_10 1_11 1_12 1_13 1_14 1_15 1_16 1_17 1_18 1_19 1_20 1_21 1_22 1_23 1_24 1_25 1_26 1_27 1_28 1_29 1_30 1_31 1_7 1_8 1_9 20_22 20_23 20_24 20_25 20_26 20_27 20_28 20_29 21_14 21_22 22_13 22_14 22_19 22_20 22_22 22_23 23_13 23_14 23_19 23_20 23_22 23_23 24_13 24_14 24_19 24_20 24_22 24_23 25_10 25_11 25_12 25_13 25_14 25_15 25_16 25_17 25_18 25_19 25_20 25_21 25_22 25_23 26_11 26_12 26_13 26_14 26_15 26_16 26_17 26_18 26_19 26_20 26_21 26_22 26_23 27_16 27_17 28_16 28_17 29_16 29_17 2_10 2_11 2_12 2_13 2_14 2_16 2_17 2_18 2_20 2_21 2_22 2_23 2_24 2_25 2_26 2_27 2_28 2_29 2_30 2_31 2_7 2_8 2_9 30_16 30_17 31_16 31_17 31_18 3_22 3_23 3_29 3_31 3_7 3_8 4_10 4_11 4_12 4_13 4_14 4_15 4_16 4_22 4_23 4_28 4_29 4_31 4_7 4_8 4_9 5_10 5_11 5_12 5_13 5_14 5_15 5_22 5_23 5_28 5_29 5_31 5_7 5_8 5_9 6_10 6_11 6_22 6_23 6_31 7_10 7_11 7_13 7_14 7_15 7_16 7_17 7_18 7_19 7_20 7_21 7_22 7_23 7_31 7_7 7_8 7_9 8_10 8_11 8_13 8_14 8_15 8_16 8_17 8_18 8_19 8_20 8_21 8_22 8_23 8_31 8_8 8_9 9_13 9_14 9_19 9_20,246,,1,2,1
mapf-maze-32-32-2-m10-f4,64,5.0,5,10_20 10_22 12_31 16_31 26_1,5,"1,1,1,1,1",0,10_10 10_11 10_12 10_13 10_14 10_16 10_17 10_18 10_19 10_28 10_29 10_30 10_31 10_7 10_8 10_9 11_10 11_11 11_12 11_13 11_14 11_16 11_17 11_18 11_19 11_28 11_29 11_30 11_31 11_8 11_9 13_28 13_29 13_30 13_31 14_28 14_29 14_30 14_31 15_28 15_29 16_28 16_29 17_28 17_29 18_28 18_29 19_22 19_23 19_24 19_25 19_26 19_27 19_28 19_29 1_10 1_11 1_12 1_13 1_14 1_15 1_16 1_17 1_18 1_19 1_20 1_21 1_22 1_23 1_24 1_25 1_26 1_27 1_28 1_29 1_30 1_31 1_7 1_8 1_9 20_22 20_23 20_24 20_25 20_26 20_27 20_28 20_29 21_14 21_22 22_13 22_14 22_19 22_20 22_22 22_23 23_13 23_14 23_19 23_20 23_22 23_23 24_13 24_14 24_19 24_20 24_22 24_23 25_10 25_11 25_12 25_13 25_14 25_15 25_16 25_17 25_18 25_19 25_20 25_21 25_22 25_23 26_11 26_12 26_13 26_14 26_15 26_16 26_17 26_18 26_19 26_20 26_21 26_22 26_23 27_16 27_17 28_16 28_17 29_16 29_17 2_10 2_11 2_12 2_13 2_14 2_16 2_17 2_18 2_20 2_21 2_22 2_23 2_24 2_25 2_26 2_27 2_28 2_29 2_30 2_31 2_7 2_8 2_9 30_16 30_17 31_16 31_17 31_18 3_22 3_23 3_29 3_31 3_7 3_8 4_10 4_11 4_12 4_13 4_14 4_15 4_16 4_22 4_23 4_28 4_29 4_31 4_7 4_8 4_9 5_10 5_11 5_12 5_13 5_14 5_15 5_22 5_23 5_28 5_29 5_31 5_7 5_8 5_9 6_10 6_11 6_22 6_23 6_31 7_10 7_11 7_13 7_14 7_15 7_16 7_17 7_18 7_19 7_20 7_21 7_22 7_23 7_31 7_7 7_8 7_9 8_10 8_11 8_13 8_14 8_15 8_16 8_17 8_18 8_19 8_20 8_21 8_22 8_23 8_31 8_8 8_9 9_13 9_14 9_19 9_20,246,,1,2,1
mapf-maze-32-32-2-m10-f4,65,5.0,5,10_20 10_22 12_31 16_31 26_2,5,"1,1,1,1,1",0,10_10 10_11 10_12 10_13 10_14 10_16 10_17 10_18 10_19 10_28 10_29 10_30 10_31 10_7 10_8 10_9 11_10 11_11 11_12 11_13 11_14 11_16 11_17 11_18 11_19 11_28 11_29 11_30 11_31 11_8 11_9 13_28 13_29 13_30 13_31 14_28 14_29 14_30 14_31 15_28 15_29 16_28 16_29 17_28 17_29 18_28 18_29 19_22 19_23 19_24 19_25 19_26 19_27 19_28 19_29 1_10 1_11 1_12 1_13 1_14 1_15 1_16 1_17 1_18 1_19 1_20 1_21 1_22 1_23 1_24 1_25 1_26 1_27 1_28 1_29 1_30 1_31 1_7 1_8 1_9 20_22 20_23 20_24 20_25 20_26 20_27 20_28 20_29 21_14 21_22 22_13 22_14 22_19 22_20 22_22 22_23 23_13 23_14 23_19 23_20 23_22 23_23 24_13 24_14 24_19 24_20 24_22 24_23 25_10 25_11 25_12 25_13 25_14 25_15 25_16 25_17 25_18 25_19 25_20 25_21 25_22 25_23 26_11 26_12 26_13 26_14 26_15 26_16 26_17 26_18 26_19 26_20 26_21 26_22 26_23 27_16 27_17 28_16 28_17 29_16 29_17 2_10 2_11 2_12 2_13 2_14 2_16 2_17 2_18 2_20 2_21 2_22 2_23 2_24 2_25 2_26 2_27 2_28 2_29 2_30 2_31 2_7 2_8 2_9 30_16 30_17 31_16 31_17 31_18 3_22 3_23 3_29 3_31 3_7 3_8 4_10 4_11 4_12 4_13 4_14 4_15 4_16 4_22 4_23 4_28 4_29 4_31 4_7 4_8 4_9 5_10 5_11 5_12 5_13 5_14 5_15 5_22 5_23 5_28 5_29 5_31 5_7 5_8 5_9 6_10 6_11 6_22 6_23 6_31 7_10 7_11 7_13 7_14 7_15 7_16 7_17 7_18 7_19 7_20 7_21 7_22 7_23 7_31 7_7 7_8 7_9 8_10 8_11 8_13 8_14 8_15 8_16 8_17 8_18 8_19 8_20 8_21 8_22 8_23 8_31 8_8 8_9 9_13 9_14 9_19 9_20,246,,1,2,1
mapf-maze-32-32-2-m10-f4,66,5.0,5,10_20 10_22 12_31 16_31 26_4,5,"1,1,1,1,1",0,10_10 10_11 10_12 10_13 10_14 10_16 10_17 10_18 10_19 10_28 10_29 10_30 10_31 10_7 10_8 10_9 11_10 11_11 11_12 11_13 11_14 11_16 11_17 11_18 11_19 11_28 11_29 11_30 11_31 11_8 11_9 13_28 13_29 13_30 13_31 14_28 14_29 14_30 14_31 15_28 15_29 16_28 16_29 17_28 17_29 18_28 18_29 19_22 19_23 19_24 19_25 19_26 19_27 19_28 19_29 1_10 1_11 1_12 1_13 1_14 1_15 1_16 1_17 1_18 1_19 1_20 1_21 1_22 1_23 1_24 1_25 1_26 1_27 1_28 1_29 1_30 1_31 1_7 1_8 1_9 20_22 20_23 20_24 20_25 20_26 20_27 20_28 20_29 21_14 21_22 22_13 22_14 22_19 22_20 22_22 22_23 23_13 23_14 23_19 23_20 23_22 23_23 24_13 24_14 24_19 24_20 24_22 24_23 25_10 25_11 25_12 25_13 25_14 25_15 25_16 25_17 25_18 25_19 25_20 25_21 25_22 25_23 26_11 26_12 26_13 26_14 26_15 26_16 26_17 26_18 26_19 26_20 26_21 26_22 26_23 27_16 27_17 28_16 28_17 29_16 29_17 2_10 2_11 2_12 2_13 2_14 2_16 2_17 2_18 2_20 2_21 2_22 2_23 2_24 2_25 2_26 2_27 2_28 2_29 2_30 2_31 2_7 2_8 2_9 30_16 30_17 31_16 31_17 31_18 3_22 3_23 3_29 3_31 3_7 3_8 4_10 4_11 4_12 4_13 4_14 4_15 4_16 4_22 4_23 4_28 4_29 4_31 4_7 4_8 4_9 5_10 5_11 5_12 5_13 5_14 5_15 5_22 5_23 5_28 5_29 5_31 5_7 5_8 5_9 6_10 6_11 6_22 6_23 6_31 7_10 7_11 7_13 7_14 7_15 7_16 7_17 7_18 7_19 7_20 7_21 7_22 7_23 7_31 7_7 7_8 7_9 8_10 8_11 8_13 8_14 8_15 8_16 8_17 8_18 8_19 8_20 8_21 8_22 8_23 8_31 8_8 8_9 9_13 9_14 9_19 9_20,246,,1,2,1
mapf-maze-32-32-2-m10-f4,67,5.0,5,10_23 13_28 16_31 1_24 20_2,5,"1,1,1,1,1",0,10_10 10_11 10_12 10_13 10_14 10_16 10_17 10_18 10_19 10_20 10_28 10_29 10_30 10_31 10_8 10_9 11_10 11_11 11_12 11_13 11_14 11_16 11_17 11_18 11_19 11_28 11_29 11_30 11_31 11_9 12_31 13_29 13_30 13_31 14_28 14_29 14_30 14_31 15_28 15_29 16_28 16_29 17_28 17_29 18_28 18_29 19_22 19_23 19_24 19_25 19_26 19_27 19_28 19_29 1_10 1_11 1_12 1_13 1_14 1_15 1_16 1_17 1_18 1_19 1_20 1_21 1_22 1_23 1_25 1_26 1_27 1_28 1_29 1_30 1_31 1_7 1_8 1_9 20_22 20_23 20_24 20_25 20_26 20_27 20_28 20_29 21_14 21_22 22_13 22_14 22_19 22_20 22_22 22_23 23_13 23_14 23_19 23_20 23_22 23_23 24_13 24_14 24_19 24_20 24_22 24_23 25_10 25_11 25_12 25_13 25_14 25_15 25_16 25_17 25_18 25_19 25_20 25_21 25_22 25_23 26_11 26_12 26_13 26_14 26_15 26_16 26_17 26_18 26_19 26_20 26_21 26_22 26_23 27_16 27_17 28_16 28_17 29_16 29_17 2_10 2_11 2_12 2_13 2_14 2_16 2_17 2_18 2_20 2_21 2_22 2_23 2_24 2_25 2_26 2_27 2_28 2_29 2_30 2_31 2_7 2_8 2_9 30_16 30_17 31_16 31_17 31_18 3_22 3_23 3_29 3_31 3_7 3_8 4_10 4_11 4_12 4_13 4_14 4_15 4_16 4_22 4_23 4_28 4_29 4_31 4_7 4_8 4_9 5_10 5_11 5_12 5_13 5_14 5_15 5_22 5_23 5_28 5_29 5_31 5_7 5_8 5_9 6_10 6_11 6_22 6_23 6_31 7_10 7_11 7_13 7_14 7_15 7_16 7_17 7_18 7_19 7_20 7_21 7_22 7_23 7_31 7_7 7_8 7_9 8_10 8_11 8_13 8_14 8_15 8_16 8_17 8_18 8_19 8_20 8_21 8_22 8_23 8_31 8_8 8_9 9_13 9_14 9_19 9_20,244,,1,1,1
mapf-maze-32-32-2-m10-f4,68,5.0,5,10_23 13_28 16_31 1_25 20_2,5,"1,1,1,1,1",0,10_10 10_11 10_12 10_13 10_14 10_16 10_17 10_18 10_19 10_20 10_28 10_29 10_30 10_31 10_8 10_9 11_10 11_11 11_12 11_13 11_14 11_16 11_17 11_18 11_19 11_28 11_29 11_30 11_31 11_9 12_31 13_29 13_30 13_31 14_28 14_29 14_30 14_31 15_28 15_29 16_28 16_29 17_28 17_29 18_28 18_29 19_22 19_23 19_24 19_25 19_26 19_27 19_28 19_29 1_10 1_11 1_12 1_13 1_14 1_15 1_16 1_17 1_18 1_19 1_20 1_21 1_22 1_23 1_24 1_26 1_27 1_28 1_29 1_30 1_31 1_7 1_8 1_9 20_22 20_23 20_24 20_25 20_26 20_27 20_28 20_29 21_14 21_22 22_13 22_14 22_19 22_20 22_22 22_23 23_13 23_14 23_19 23_20 23_22 23_23 24_13 24_14 24_19 24_20 24_22 24_23 25_10 25_11 25_12 25_13 25_14 25_15 25_16 25_17 25_18 25_19 25_20 25_21 25_22 25_23 26_11 26_12 26_13 26_14 26_15 26_16 26_17 26_18 26_19 26_20 26_21 26_22 26_23 27_16 27_17 28_16 28_17 29_16 29_17 2_10 2_11 2_12 2_13 2_14 2_16 2_17 2_18 2_20 2_21 2_22 2_23 2_24 2_25 2_26 2_27 2_28 2_29 2_30 2_31 2_7 2_8 2_9 30_16 30_17 31_16 31_17 31_18 3_22 3_23 3_29 3_31 3_7 3_8 4_10 4_11 4_12 4_13 4_14 4_15 4_16 4_22 4_23 4_28 4_29 4_31 4_7 4_8 4_9 5_10 5_11 5_12 5_13 5_14 5_15 5_22 5_23 5_28 5_29 5_31 5_7 5_8 5_9 6_10 6_11 6_22 6_23 6_31 7_10 7_11 7_13 7_14 7_15 7_16 7_17 7_18 7_19 7_20 7_21 7_22 7_23 7_31 7_7 7_8 7_9 8_10 8_11 8_13 8_14 8_15 8_16 8_17 8_18 8_19 8_20 8_21 8_22 8_23 8_31 8_8 8_9 9_13 9_14 9_19 9_20,244,,1,1,1
mapf-maze-32-32-2-m10-f4,69,5.0,5,10_23 13_28 16_31 1_26 20_2,5,"1,1,1,1,1",0,10_10 10_11 10_12 10_13 10_14 10_16 10_17 10_18 10_19 10_20 10_28 10_29 10_30 10_31 10_8 10_9 11_10 11_11 11_12 11_13 11_14 11_16 11_17 11_18 11_19 11_28 11_29 11_30 11_31 11_9 12_31 13_29 13_30 13_31 14_28 14_29 14_30 14_31 15_28 15_29 16_28 16_29 17_28 17_29 18_28 18_29 19_22 19_23 19_24 19_25 19_26 19_27 19_28 19_29 1_10 1_11 1_12 1_13 1_14 1_15 1_16 1_17 1_18 1_19 1_20 1_21 1_22 1_23 1_24 1_25 1_27 1_28 1_29 1_30 1_31 1_7 1_8 1_9 20_22 20_23 20_24 20_25 20_26 20_27 20_28 20_29 21_14 21_22 22_13 22_14 22_19 22_20 22_22 22_23 23_13 23_14 23_19 23_20 23_22 23_23 24_13 24_14 24_19 24_20 24_22 24_23 25_10 25_11 25_12 25_13 25_14 25_15 25_16 25_17 25_18 25_19 25_20 25_21 25_22 25_23 26_11 26_12 26_13 26_14 26_15 26_16 26_17 26_18 26_19 26_20 26_21 26_22 26_23 27_16 27_17 28_16 28_17 29_16 29_17 2_10 2_11 2_12 2_13 2_14 2_16 2_17 2_18 2_20 2_21 2_22 2_23 2_24 2_25 2_26 2_27 2_28 2_29 2_30 2_31 2_7 2_8 2_9 30_16 30_17 31_16 31_17 31_18 3_22 3_23 3_29 3_31 3_7 3_8 4_10 4_11 4_12 4_13 4_14 4_15 4_16 4_22 4_23 4_28 4_29 4_31 4_7 4_8 4_9 5_10 5_11 5_12 5_13 5_14 5_15 5_22 5_23 5_28 5_29 5_31 5_7 5_8 5_9 6_10 6_11 6_22 6_23 6_31 7_10 7_11 7_13 7_14 7_15 7_16 7_17 7_18 7_19 7_20 7_21 7_22 7_23 7_31 7_7 7_8 7_9 8_10 8_11 8_13 8_14 8_15 8_16 8_17 8_18 8_19 8_20 8_21 8_22 8_23 8_31 8_8 8_9 9_13 9_14 9_19 9_20,244,,1,1,1
mapf-maze-32-32-2-m10-f4,70,5.0,5,10_23 13_28 16_31 1_27 20_2,5,"1,1,1,1,1",0,10_10 10_11 10_12 10_13 10_14 10_16 10_17 10_18 10_19 10_20 10_28 10_29 10_30 10_31 10_8 10_9 11_10 11_11 11_12 11_13 11_14 11_16 11_17 11_18 11_19 11_28 11_29 11_30 11_31 11_9 12_31 13_29 13_30 13_31 14_28 14_29 14_30 14_31 15_28 15_29 16_28 16_29 17_28 17_29 18_28 18_29 19_22 19_23 19_24 19_25 19_26 19_27 19_28 19_29 1_10 1_11 1_12 1_13 1_14 1_15 1_16 1_17 1_18 1_19 1_20 1_21 1_22 1_23 1_24 1_25 1_26 1_28 1_29 1_30 1_31 1_7 1_8 1_9 20_22 20_23 20_24 20_25 20_26 20_27 20_28 20_29 21_14 21_22 22_13 22_14 22_19 22_20 22_22 22_23 23_13 23_14 23_19 23_20 23_22 23_23 24_13 24_14 24_19 24_20 24_22 24_23 25_10 25_11 25_12 25_13 25_14 25_15 25_16 25_17 25_18 25_19 25_20 25_21 25_22 25_23 26_11 26_12 26_13 26_14 26_15 26_16 26_17 26_18 26_19 26_20 26_21 26_22 26_23 27_16 27_17 28_16 28_17 29_16 29_17 2_10 2_11 2_12 2_13 2_14 2_16 2_17 2_18 2_20 2_21 2_22 2_23 2_24 2_25 2_26 2_27 2_28 2_29 2_30 2_31 2_7 2_8 2_9 30_16 30_17 31_16 31_17 31_18 3_22 3_23 3_29 3_31 3_7 3_8 4_10 4_11 4_12 4_13 4_14 4_15 4_16 4_22 4_23 4_28 4_29 4_31 4_7 4_8 4_9 5_10 5_11 5_12 5_13 5_14 5_15 5_22 5_23 5_28 5_29 5_31 5_7 5_8 5_9 6_10 6_11 6_22 6_23 6_31 7_10 7_11 7_13 7_14 7_15 7_16 7_17 7_18 7_19 7_20 7_21 7_22 7_23 7_31 7_7 7_8 7_9 8_10 8_11 8_13 8_14 8_15 8_16 8_17 8_18 8_19 8_20 8_21 8_22 8_23 8_31 8_8 8_9 9_13 9_14 9_19 9_20,244,,1,1,1
mapf-maze-32-32-2-m10-f4,71,5.0,5,10_23 13_28 16_31 20_2 2_16,5,"1,1,1,1,1",0,10_10 10_11 10_12 10_13 10_14 10_16 10_17 10_18 10_19 10_20 10_28 10_29 10_30 10_31 10_8 10_9 11_10 11_11 11_12 11_13 11_14 11_16 11_17 11_18 11_19 11_28 11_29 11_30 11_31 11_9 12_31 13_29 13_30 13_31 14_28 14_29 14_30 14_31 15_28 15_29 16_28 16_29 17_28 17_29 18_28 18_29 19_22 19_23 19_24 19_25 19_26 19_27 19_28 19_29 1_10 1_11 1_12 1_13 1_14 1_15 1_16 1_17 1_18 1_19 1_20 1_21 1_22 1_23 1_24 1_25 1_26 1_27 1_28 1_29 1_30 1_31 1_7 1_8 1_9 20_22 20_23 20_24 20_25 20_26 20_27 20_28 20_29 21_14 21_22 22_13 22_14 22_19 22_20 22_22 22_23 23_13 23_14 23_19 23_20 23_22 23_23 24_13 24_14 24_19 24_20 24_22 24_23 25_10 25_11 25_12 25_13 25_14 25_15 25_16 25_17 25_18 25_19 25_20 25_21 25_22 25_23 26_11 26_12 26_13 26_14 26_15 26_16 26_17 26_18 26_19 26_20 26_21 26_22 26_23 27_16 27_17 28_16 28_17 29_16 29_17 2_10 2_11 2_12 2_13 2_14 2_17 2_18 2_20 2_21 2_22 2_23 2_24 2_25 2_26 2_27 2_28 2_29 2_30 2_31 2_7 2_8 2_9 30_16 30_17 31_16 31_17 31_18 3_22 3_23 3_29 3_31 3_7 3_8 4_10 4_11 4_12 4_13 4_14 4_15 4_16 4_22 4_23 4_28 4_29 4_31 4_7 4_8 4_9 5_10 5_11 5_12 5_13 5_14 5_15 5_22 5_23 5_28 5_29 5_31 5_7 5_8 5_9 6_10 6_11 6_22 6_23 6_31 7_10 7_11 7_13 7_14 7_15 7_16 7_17 7_18 7_19 7_20 7_21 7_22 7_23 7_31 7_7 7_8 7_9 8_10 8_11 8_13 8_14 8_15 8_16 8_17 8_18 8_19 8_20 8_21 8_22 8_23 8_31 8_8 8_9 9_13 9_14 9_19 9_20,244,,1,1,1
mapf-maze-32-32-2-m10-f4,72,5.0,5,10_23 13_28 16_31 21_1 2_16,5,"1,1,1,1,1",0,10_10 10_11 10_12 10_13 10_14 10_16 10_17 10_18 10_19 10_20 10_28 10_29 10_30 10_31 10_8 10_9 11_10 11_11 11_12 11_13 11_14 11_16 11_17 11_18 11_19 11_28 11_29 11_30 11_31 11_9 12_31 13_29 13_30 13_31 14_28 14_29 14_30 14_31 15_28 15_29 16_28 16_29 17_28 17_29 18_28 18_29 19_22 19_23 19_24 19_25 19_26 19_27 19_28 19_29 1_10 1_11 1_12 1_13 1_14 1_15 1_16 1_17 1_18 1_19 1_20 1_21 1_22 1_23 1_24 1_25 1_26 1_27 1_28 1_29 1_30 1_31 1_7 1_8 1_9 20_22 20_23 20_24 20_25 20_26 20_27 20_28 20_29 21_14 21_22 22_13 22_14 22_19 22_20 22_22 22_23 23_13 23_14 23_19 23_20 23_22 23_23 24_13 24_14 24_19 24_20 24_22 24_23 25_10 25_11 25_12 25_13 25_14 25_15 25_16 25_17 25_18 25_19 25_20 25_21 25_22 25_23 26_11 26_12 26_13 26_14 26_15 26_16 26_17 26_18 26_19 26_20 26_21 26_22 26_23 27_16 27_17 28_16 28_17 29_16 29_17 2_10 2_11 2_12 2_13 2_14 2_17 2_18 2_20 2_21 2_22 2_23 2_24 2_25 2_26 2_27 2_28 2_29 2_30 2_31 2_7 2_8 2_9 30_16 30_17 31_16 31_17 31_18 3_22 3_23 3_29 3_31 3_7 3_8 4_10 4_11 4_12 4_13 4_14 4_15 4_16 4_22 4_23 4_28 4_29 4_31 4_7 4_8 4_9 5_10 5_11 5_12 5_13 5_14 5_15 5_22 5_23 5_28 5_29 5_31 5_7 5_8 5_9 6_10 6_11 6_22 6_23 6_31 7_10 7_11 7_13 7_14 7_15 7_16 7_17 7_18 7_19 7_20 7_21 7_22 7_23 7_31 7_7 7_8 7_9 8_10 8_11 8_13 8_14 8_15 8_16 8_17 8_18 8_19 8_20 8_21 8_22 8_23 8_31 8_8 8_9 9_13 9_14 9_19 9_20,244,,1,1,1
mapf-maze-32-32-2-m10-f4,73,5.0,5,10_23 13_28 16_31 20_2 2_17,5,"1,1,1,1,1",0,10_10 10_11 10_12 10_13 10_14 10_16 10_17 10_18 10_19 10_20 10_28 10_29 10_30 10_31 10_8 10_9 11_10 11_11 11_12 11_13 11_14 11_16 11_17 11_18 11_19 11_28 11_29 11_30 11_31 11_9 12_31 13_29 13_30 13_31 14_28 14_29 14_30 14_31 15_28 15_29 16_28 16_29 17_28 17_29 18_28 18_29 19_22 19_23 19_24 19_25 19_26 19_27 19_28 19_29 1_10 1_11 1_12 1_13 1_14 1_15 1_16 1_17 1_18 1_19 1_20 1_21 1_22 1_23 1_24 1_25 1_26 1_27 1_28 1_29 1_30 1_31 1_7 1_8 1_9 20_22 20_23 20_24 20_25 20_26 20_27 20_28 20_29 21_14 21_22 22_13 22_14 22_19 22_20 22_22 22_23 23_13 23_14 23_19 23_20 23_22 23_23 24_13 24_14 24_19 24_20 24_22 24_23 25_10 25_11 25_12 25_13 25_14 25_15 25_16 25_17 25_18 25_19 25_20 25_21 25_22 25_23 26_11 26_12 26_13 26_14 26_15 26_16 26_17 26_18 26_19 26_20 26_21 26_22 26_23 27_16 27_17 28_16 28_17 29_16 29_17 2_10 2_11 2_12 2_13 2_14 2_16 2_18 2_20 2_21 2_22 2_23 2_24 2_25 2_26 2_27 2_28 2_29 2_30 2_31 2_7 2_8 2_9 30_16 30_17 31_16 31_17 31_18 3_22 3_23 3_29 3_31 3_7 3_8 4_10 4_11 4_12 4_13 4_14 4_15 4_16 4_22 4_23 4_28 4_29 4_31 4_7 4_8 4_9 5_10 5_11 5_12 5_13 5_14 5_15 5_22 5_23 5_28 5_29 5_31 5_7 5_8 5_9 6_10 6_11 6_22 6_23 6_31 7_10 7_11 7_13 7_14 7_15 7_16 7_17 7_18 7_19 7_20 7_21 7_22 7_23 7_31 7_7 7_8 7_9 8_10 8_11 8_13 8_14 8_15 8_16 8_17 8_18 8_19 8_20 8_21 8_22 8_23 8_31 8_8 8_9 9_13 9_14 9_19 9_20,244,,1,1,1
mapf-maze-32-32-2-m10-f4,74,5.0,5,10_23 13_28 16_31 21_1 2_17,5,"1,1,1,1,1",0,10_10 10_11 10_12 10_13 10_14 10_16 10_17 10_18 10_19 10_20 10_28 10_29 10_30 10_31 10_8 10_9 11_10 11_11 11_12 11_13 11_14 11_16 11_17 11_18 11_19 11_28 11_29 11_30 11_31 11_9 12_31 13_29 13_30 13_31 14_28 14_29 14_30 14_31 15_28 15_29 16_28 16_29 17_28 17_29 18_28 18_29 19_22 19_23 19_24 19_25 19_26 19_27 19_28 19_29 1_10 1_11 1_12 1_13 1_14 1_15 1_16 1_17 1_18 1_19 1_20 1_21 1_22 1_23 1_24 1_25 1_26 1_27 1_28 1_29 1_30 1_31 1_7 1_8 1_9 20_22 20_23 20_24 20_25 20_26 20_27 20_28 20_29 21_14 21_22 22_13 22_14 22_19 22_20 22_22 22_23 23_13 23_14 23_19 23_20 23_22 23_23 24_13 24_14 24_19 24_20 24_22 24_23 25_10 25_11 25_12 25_13 25_14 25_15 25_16 25_17 25_18 25_19 25_20 25_21 25_22 25_23 26_11 26_12 26_13 26_14 26_15 26_16 26_17 26_18 26_19 26_20 26_21 26_22 26_23 27_16 27_17 28_16 28_17 29_16 29_17 2_10 2_11 2_12 2_13 2_14 2_16 2_18 2_20 2_21 2_22 2_23 2_24 2_25 2_26 2_27 2_28 2_29 2_30 2_31 2_7 2_8 2_9 30_16 30_17 31_16 31_17 31_18 3_22 3_23 3_29 3_31 3_7 3_8 4_10 4_11 4_12 4_13 4_14 4_15 4_16 4_22 4_23 4_28 4_29 4_31 4_7 4_8 4_9 5_10 5_11 5_12 5_13 5_14 5_15 5_22 5_23 5_28 5_29 5_31 5_7 5_8 5_9 6_10 6_11 6_22 6_23 6_31 7_10 7_11 7_13 7_14 7_15 7_16 7_17 7_18 7_19 7_20 7_21 7_22 7_23 7_31 7_7 7_8 7_9 8_10 8_11 8_13 8_14 8_15 8_16 8_17 8_18 8_19 8_20 8_21 8_22 8_23 8_31 8_8 8_9 9_13 9_14 9_19 9_20,244,,1,1,1
mapf-maze-32-32-2-m10-f4,75,5.0,5,10_23 13_28 16_31 20_2 2_18,5,"1,1,1,1,1",0,10_10 10_11 10_12 10_13 10_14 10_16 10_17 10_18 10_19 10_20 10_28 10_29 10_30 10_31 10_8 10_9 11_10 11_11 11_12 11_13 11_14 11_16 11_17 11_18 11_19 11_28 11_29 11_30 11_31 11_9 12_31 13_29 13_30 13_31 14_28 14_29 14_30 14_31 15_28 15_29 16_28 16_29 17_28 17_29 18_28 18_29 19_22 19_23 19_24 19_25 19_26 19_27 19_28 19_29 1_10 1_11 1_12 1_13 1_14 1_15 1_16 1_17 1_18 1_19 1_20 1_21 1_22 1_23 1_24 1_25 1_26 1_27 1_28 1_29 1_30 1_31 1_7 1_8 1_9 20_22 20_23 20_24 20_25 20_26 20_27 20_28 20_29 21_14 21_22 22_13 22_14 22_19 22_20 22_22 22_23 23_13 23_14 23_19 23_20 23_22 23_23 24_13 24_14 24_19 24_20 24_22 24_23 25_10 25_11 25_12 25_13 25_14 25_15 25_16 25_17 25_18 25_19 25_20 25_21 25_22 25_23 26_11 26_12 26_13 26_14 26_15 26_16 26_17 26_18 26_19 26_20 26_21 26_22 26_23 27_16 27_17 28_16 28_17 29_16 29_17 2_10 2_11 2_12 2_13 2_14 2_16 2_17 2_20 2_21 2_22 2_23 2_24 2_25 2_26 2_27 2_28 2_29 2_30 2_31 2_7 2_8 2_9 30_16 30_17 31_16 31_17 31_18 3_22 3_23 3_29 3_31 3_7 3_8 4_10 4_11 4_12 4_13 4_14 4_15 4_16 4_22 4_23 4_28 4_29 4_31 4_7 4_8 4_9 5_10 5_11 5_12 5_13 5_14 5_15 5_22 5_23 5_28 5_29 5_31 5_7 5_8 5_9 6_10 6_11 6_22 6_23 6_31 7_10 7_11 7_13 7_14 7_15 7_16 7_17 7_18 7_19 7_20 7_21 7_22 7_23 7_31 7_7 7_8 7_9 8_10 8_11 8_13 8_14 8_15 8_16 8_17 8_18 8_19 8_20 8_21 8_22 8_23 8_31 8_8 8_9 9_13 9_14 9_19 9_20,244,,1,1,1
mapf-maze-32-32-2-m10-f4,76,5.0,5,10_23 13_28 16_31 20_2 2_19,5,"1,1,1,1,1",0,10_10 10_11 10_12 10_13 10_14 10_16 10_17 10_18 10_19 10_20 10_28 10_29 10_30 10_31 10_8 10_9 11_10 11_11 11_12 11_13 11_14 11_16 11_17 11_18 11_19 11_28 11_29 11_30 11_31 11_9 12_31 13_29 13_30 13_31 14_28 14_29 14_30 14_31 15_28 15_29 16_28 16_29 17_28 17_29 18_28 18_29 19_22 19_23 19_24 19_25 19_26 19_27 19_28 19_29 1_10 1_11 1_12 1_13 1_14 1_15 1_16 1_17 1_18 1_19 1_20 1_21 1_22 1_23 1_24 1_25 1_26 1_27 1_28 1_29 1_30 1_31 1_7 1_8 1_9 20_22 20_23 20_24 20_25 20_26 20_27 20_28 20_29 21_14 21_22 22_13 22_14 22_19 22_20 22_22 22_23 23_13 23_14 23_19 23_20 23_22 23_23 24_13 24_14 24_19 24_20 24_22 24_23 25_10 25_11 25_12 25_13 25_14 25_15 25_16 25_17 25_18 25_19 25_20 25_21 25_22 25_23 26_11 26_12 26_13 26_14 26_15 26_16 26_17 26_18 26_19 26_20 26_21 26_22 26_23 27_16 27_17 28_16 28_17 29_16 29_17 2_10 2_11 2_12 2_13 2_14 2_16 2_17 2_18 2_20 2_21 2_22 2_23 2_24 2_25 2_26 2_27 2_28 2_29 2_30 2_31 2_7 2_8 2_9 30_16 30_17 31_16 31_17 31_18 3_22 3_23 3_29 3_31 3_7 3_8 4_10 4_11 4_12 4_13 4_14 4_15 4_16 4_22 4_23 4_28 4_29 4_31 4_7 4_8 4_9 5_10 5_11 5_12 5_13 5_14 5_15 5_22 5_23 5_28 5_29 5_31 5_7 5_8 5_9 6_10 6_11 6_22 6_23 6_31 7_10 7_11 7_13 7_14 7_15 7_16 7_17 7_18 7_19 7_20 7_21 7_22 7_23 7_31 7_7 7_8 7_9 8_10 8_11 8_13 8_14 8_15 8_16 8_17 8_18 8_19 8_20 8_21 8_22 8_23 8_31 8_8 8_9 9_13 9_14 9_19 9_20,245,,1,1,1
mapf-maze-32-32-2-m10-f4,77,5.0,5,10_23 13_28 16_31 21_1 2_18,5,"1,1,1,1,1",0,10_10 10_11 10_12 10_13 10_14 10_16 10_17 10_18 10_19 10_20 10_28 10_29 10_30 10_31 10_8 10_9 11_10 11_11 11_12 11_13 11_14 11_16 11_17 11_18 11_19 11_28 11_29 11_30 11_31 11_9 12_31 13_29 13_30 13_31 14_28 14_29 14_30 14_31 15_28 15_29 16_28 16_29 17_28 17_29 18_28 18_29 19_22 19_23 19_24 19_25 19_26 19_27 19_28 19_29 1_10 1_11 1_12 1_13 1_14 1_15 1_16 1_17 1_18 1_19 1_20 1_21 1_22 1_23 1_24 1_25 1_26 1_27 1_28 1_29 1_30 1_31 1_7 1_8 1_9 20_22 20_23 20_24 20_25 20_26 20_27 20_28 20_29 21_14 21_22 22_13 22_14 22_19 22_20 22_22 22_23 23_13 23_14 23_19 23_20 23_22 23_23 24_13 24_14 24_19 24_20 24_22 24_23 25_10 25_11 25_12 25_13 25_14 25_15 25_16 25_17 25_18 25_19 25_20 25_21 25_22 25_23 26_11 26_12 26_13 26_14 26_15 26_16 26_17 26_18 26_19 26_20 26_21 26_22 26_23 27_16 27_17 28_16 28_17 29_16 29_17 2_10 2_11 2_12 2_13 2_14 2_16 2_17 2_20 2_21 2_22 2_23 2_24 2_25 2_26 2_27 2_28 2_29 2_30 2_31 2_7 2_8 2_9 30_16 30_17 31_16 31_17 31_18 3_22 3_23 3_29 3_31 3_7 3_8 4_10 4_11 4_12 4_13 4_14 4_15 4_16 4_22 4_23 4_28 4_29 4_31 4_7 4_8 4_9 5_10 5_11 5_12 5_13 5_14 5_15 5_22 5_23 5_28 5_29 5_31 5_7 5_8 5_9 6_10 6_11 6_22 6_23 6_31 7_10 7_11 7_13 7_14 7_15 7_16 7_17 7_18 7_19 7_20 7_21 7_22 7_23 7_31 7_7 7_8 7_9 8_10 8_11 8_13 8_14 8_15 8_16 8_17 8_18 8_19 8_20 8_21 8_22 8_23 8_31 8_8 8_9 9_13 9_14 9_19 9_20,244,,1,1,1
mapf-maze-32-32-2-m10-f4,78,5.0,5,10_23 13_28 16_31 21_1 2_19,5,"1,1,1,1,1",0,10_10 10_11 10_12 10_13 10_14 10_16 10_17 10_18 10_19 10_20 10_28 10_29 10_30 10_31 10_8 10_9 11_10 11_11 11_12 11_13 11_14 11_16 11_17 11_18 11_19 11_28 11_29 11_30 11_31 11_9 12_31 13_29 13_30 13_31 14_28 14_29 14_30 14_31 15_28 15_29 16_28 16_29 17_28 17_29 18_28 18_29 19_22 19_23 19_24 19_25 19_26 19_27 19_28 19_29 1_10 1_11 1_12 1_13 1_14 1_15 1_16 1_17 1_18 1_19 1_20 1_21 1_22 1_23 1_24 1_25 1_26 1_27 1_28 1_29 1_30 1_31 1_7 1_8 1_9 20_22 20_23 20_24 20_25 20_26 20_27 20_28 20_29 21_14 21_22 22_13 22_14 22_19 22_20 22_22 22_23 23_13 23_14 23_19 23_20 23_22 23_23 24_13 24_14 24_19 24_20 24_22 24_23 25_10 25_11 25_12 25_13 25_14 25_15 25_16 25_17 25_18 25_19 25_20 25_21 25_22 25_23 26_11 26_12 26_13 26_14 26_15 26_16 26_17 26_18 26_19 26_20 26_21 26_22 26_23 27_16 27_17 28_16 28_17 29_16 29_17 2_10 2_11 2_12 2_13 2_14 2_16 2_17 2_18 2_20 2_21 2_22 2_23 2_24 2_25 2_26 2_27 2_28 2_29 2_30 2_31 2_7 2_8 2_9 30_16 30_17 31_16 31_17 31_18 3_22 3_23 3_29 3_31 3_7 3_8 4_10 4_11 4_12 4_13 4_14 4_15 4_16 4_22 4_23 4_28 4_29 4_31 4_7 4_8 4_9 5_10 5_11 5_12 5_13 5_14 5_15 5_22 5_23 5_28 5_29 5_31 5_7 5_8 5_9 6_10 6_11 6_22 6_23 6_31 7_10 7_11 7_13 7_14 7_15 7_16 7_17 7_18 7_19 7_20 7_21 7_22 7_23 7_31 7_7 7_8 7_9 8_10 8_11 8_13 8_14 8_15 8_16 8_17 8_18 8_19 8_20 8_21 8_22 8_23 8_31 8_8 8_9 9_13 9_14 9_19 9_20,245,,1,1,1
mapf-maze-32-32-2-m10-f4,79,5.0,5,10_23 13_28 16_31 20_2 2_20,5,"1,1,1,1,1",0,10_10 10_11 10_12 10_13 10_14 10_16 10_17 10_18 10_19 10_20 10_28 10_29 10_30 10_31 10_8 10_9 11_10 11_11 11_12 11_13 11_14 11_16 11_17 11_18 11_19 11_28 11_29 11_30 11_31 11_9 12_31 13_29 13_30 13_31 14_28 14_29 14_30 14_31 15_28 15_29 16_28 16_29 17_28 17_29 18_28 18_29 19_22 19_23 19_24 19_25 19_26 19_27 19_28 19_29 1_10 1_11 1_12 1_13 1_14 1_15 1_16 1_17 1_18 1_19 1_20 1_21 1_22 1_23 1_24 1_25 1_26 1_27 1_28 1_29 1_30 1_31 1_7 1_8 1_9 20_22 20_23 20_24 20_25 20_26 20_27 20_28 20_29 21_14 21_22 22_13 22_14 22_19 22_20 22_22 22_23 23_13 23_14 23_19 23_20 23_22 23_23 24_13 24_14 24_19 24_20 24_22 24_23 25_10 25_11 25_12 25_13 25_14 25_15 25_16 25_17 25_18 25_19 25_20 25_21 25_22 25_23 26_11 26_12 26_13 26_14 26_15 26_16 26_17 26_18 26_19 26_20 26_21 26_22 26_23 27_16 27_17 28_16 28_17 29_16 29_17 2_10 2_11 2_12 2_13 2_14 2_16 2_17 2_18 2_21 2_22 2_23 2_24 2_25 2_26 2_27 2_28 2_29 2_30 2_31 2_7 2_8 2_9 30_16 30_17 31_16 31_17 31_18 3_22 3_23 3_29 3_31 3_7 3_8 4_10 4_11 4_12 4_13 4_14 4_15 4_16 4_22 4_23 4_28 4_29 4_31 4_7 4_8 4_9 5_10 5_11 5_12 5_13 5_14 5_15 5_22 5_23 5_28 5_29 5_31 5_7 5_8 5_9 6_10 6_11 6_22 6_23 6_31 7_10 7_11 7_13 7_14 7_15 7_16 7_17 7_18 7_19 7_20 7_21 7_22 7_23 7_31 7_7 7_8 7_9 8_10 8_11 8_13 8_14 8_15 8_16 8_17 8_18 8_19 8_20 8_21 8_22 8_23 8_31 8_8 8_9 9_13 9_14 9_19 9_20,244,,1,1,1
mapf-maze-32-32-2-m10-f4,80,5.0,5,10_23 13_28 16_31 21_2 2_16,5,"1,1,1,1,1",0,10_10 10_11 10_12 10_13 10_14 10_16 10_17 10_18 10_19 10_20 10_28 10_29 10_30 10_31 10_8 10_9 11_10 11_11 11_12 11_13 11_14 11_16 11_17 11_18 11_19 11_28 11_29 11_30 11_31 11_9 12_31 13_29 13_30 13_31 14_28 14_29 14_30 14_31 15_28 15_29 16_28 16_29 17_28 17_29 18_28 18_29 19_22 19_23 19_24 19_25 19_26 19_27 19_28 19_29 1_10 1_11 1_12 1_13 1_14 1_15 1_16 1_17 1_18 1_19 1_20 1_21 1_22 1_23 1_24 1_25 1_26 1_27 1_28 1_29 1_30 1_31 1_7 1_8 1_9 20_22 20_23 20_24 20_25 20_26 20_27 20_28 20_29 21_14 21_22 22_13 22_14 22_19 22_20 22_22 22_23 23_13 23_14 23_19 23_20 23_22 23_23 24_13 24_14 24_19 24_20 24_22 24_23 25_10 25_11 25_12 25_13 25_14 25_15 25_16 25_17 25_18 25_19 25_20 25_21 25_22 25_23 26_11 26_12 26_13 26_14 26_15 26_16 26_17 26_18 26_19 26_20 26_21 26_22 26_23 27_16 27_17 28_16 28_17 29_16 29_17 2_10 2_11 2_12 2_13 2_14 2_17 2_18 2_20 2_21 2_22 2_23 2_24 2_25 2_26 2_27 2_28 2_29 2_30 2_31 2_7 2_8 2_9 30_16 30_17 31_16 31_17 31_18 3_22 3_23 3_29 3_31 3_7 3_8 4_10 4_11 4_12 4_13 4_14 4_15 4_16 4_22 4_23 4_28 4_29 4_31 4_7 4_8 4_9 5_10 5_11 5_12 5_13 5_14 5_15 5_22 5_23 5_28 5_29 5_31 5_7 5_8 5_9 6_10 6_11 6_22 6_23 6_31 7_10 7_11 7_13 7_14 7_15 7_16 7_17 7_18 7_19 7_20 7_21 7_22 7_23 7_31 7_7 7_8 7_9 8_10 8_11 8_13 8_14 8_15 8_16 8_17 8_18 8_19 8_20 8_21 8_22 8_23 8_31 8_8 8_9 9_13 9_14 9_19 9_20,244,,1,1,1
mapf-maze-32-32-2-m10-f4,81,5.0,5,10_23 13_28 16_31 21_1 2_20,5,"1,1,1,1,1",0,10_10 10_11 10_12 10_13 10_14 10_16 10_17 10_18 10_19 10_20 10_28 10_29 10_30 10_31 10_8 10_9 11_10 11_11 11_12 11_13 11_14 11_16 11_17 11_18 11_19 11_28 11_29 11_30 11_31 11_9 12_31 13_29 13_30 13_31 14_28 14_29 14_30 14_31 15_28 15_29 16_28 16_29 17_28 17_29 18_28 18_29 19_22 19_23 19_24 19_25 19_26 19_27 19_28 19_29 1_10 1_11 1_12 1_13 1_14 1_15 1_16 1_17 1_18 1_19 1_20 1_21 1_22 1_23 1_24 1_25 1_26 1_27 1_28 1_29 1_30 1_31 1_7 1_8 1_9 20_22 20_23 20_24 20_25 20_26 20_27 20_28 20_29 21_14 21_22 22_13 22_14 22_19 22_20 22_22 22_23 23_13 23_14 23_19 23_20 23_22 23_23 24_13 24_14 24_19 24_20 24_22 24_23 25_10 25_11 25_12 25_13 25_14 25_15 25_16 25_17 25_18 25_19 25_20 25_21 25_22 25_23 26_11 26_12 26_13 26_14 26_15 26_16 26_17 26_18 26_19 26_20 26_21 26_22 26_23 27_16 27_17 28_16 28_17 29_16 29_17 2_10 2_11 2_12 2_13 2_14 2_16 2_17 2_18 2_21 2_22 2_23 2_24 2_25 2_26 2_27 2_28 2_29 2_30 2_31 2_7 2_8 2_9 30_16 30_17 31_16 31_17 31_18 3_22 3_23 3_29 3_31 3_7 3_8 4_10 4_11 4_12 4_13 4_14 4_15 4_16 4_22 4_23 4_28 4_29 4_31 4_7 4_8 4_9 5_10 5_11 5_12 5_13 5_14 5_15 5_22 5_23 5_28 5_29 5_31 5_7 5_8 5_9 6_10 6_11 6_22 6_23 6_31 7_10 7_11 7_13 7_14 7_15 7_16 7_17 7_18 7_19 7_20 7_21 7_22 7_23 7_31 7_7 7_8 7_9 8_10 8_11 8_13 8_14 8_15 8_16 8_17 8_18 8_19 8_20 8_21 8_22 8_23 8_31 8_8 8_9 9_13 9_14 9_19 9_20,244,,1,1,1
mapf-maze-32-32-2-m10-f4,82,5.0,5,10_23 13_28 16_31 21_2 2_17,5,"1,1,1,1,1",0,10_10 10_11 10_12 10_13 10_14 10_16 10_17 10_18 10_19 10_20 10_28 10_29 10_30 10_31 10_8 10_9 11_10 11_11 11_12 11_13 11_14 11_16 11_17 11_18 11_19 11_28 11_29 11_30 11_31 11_9 12_31 13_29 13_30 13_31 14_28 14_29 14_30 14_31 15_28 15_29 16_28 16_29 17_28 17_29 18_28 18_29 19_22 19_23 19_24 19_25 19_26 19_27 19_28 19_29 1_10 1_11 1_12 1_13 1_14 1_15 1_16 1_17 1_18 1_19 1_20 1_21 1_22 1_23 1_24 1_25 1_26 1_27 1_28 1_29 1_30 1_31 1_7 1_8 1_9 20_22 20_23 20_24 20_25 20_26 20_27 20_28 20_29 21_14 21_22 22_13 22_14 22_19 22_20 22_22 22_23 23_13 23_14 23_19 23_20 23_22 23_23 24_13 24_14 24_19 24_20 24_22 24_23 25_10 25_11 25_12 25_13 25_14 25_15 25_16 25_17 25_18 25_19 25_20 25_21 25_22 25_23 26_11 26_12 26_13 26_14 26_15 26_16 26_17 26_18 26_19 26_20 26_21 26_22 26_23 27_16 27_17 28_16 28_17 29_16 29_17 2_10 2_11 2_12 2_13 2_14 2_16 2_18 2_20 2_21 2_22 2_23 2_24 2_25 2_26 2_27 2_28 2_29 2_30 2_31 2_7 2_8 2_9 30_16 30_17 31_16 31_17 31_18 3_22 3_23 3_29 3_31 3_7 3_8 4_10 4_11 4_12 4_13 4_14 4_15 4_16 4_22 4_23 4_28 4_29 4_31 4_7 4_8 4_9 5_10 5_11 5_12 5_13 5_14 5_15 5_22 5_23 5_28 5_29 5_31 5_7 5_8 5_9 6_10 6_11 6_22 6_23 6_31 7_10 7_11 7_13 7_14 7_15 7_16 7_17 7_18 7_19 7_20 7_21 7_22 7_23 7_31 7_7 7_8 7_9 8_10 8_11 8_13 8_14 8_15 8_16 8_17 8_18 8_19 8_20 8_21 8_22 8_23 8_31 8_8 8_9 9_13 9_14 9_19 9_20,244,,1,1,1
mapf-maze-32-32-2-m10-f4,83,5.0,5,10_23 13_28 16_31 21_1 2_21,5,"1,1,1,1,1",0,10_10 10_11 10_12 10_13 10_14 10_16 10_17 10_18 10_19 10_20 10_28 10_29 10_30 10_31 10_8 10_9 11_10 11_11 11_12 11_13 11_14 11_16 11_17 11_18 11_19 11_28 11_29 11_30 11_31 11_9 12_31 13_29 13_30 13_31 14_28 14_29 14_30 14_31 15_28 15_29 16_28 16_29 17_28 17_29 18_28 18_29 19_22 19_23 19_24 19_25 19_26 19_27 19_28 19_29 1_10 1_11 1_12 1_13 1_14 1_15 1_16 1_17 1_18 1_19 1_20 1_21 1_22 1_23 1_24 1_25 1_26 1_27 1_28 1_29 1_30 1_31 1_7 1_8 1_9 20_22 20_23 20_24 20_25 20_26 20_27 20_28 20_29 21_14 21_22 22_13 22_14 22_19 22_20 22_22 22_23 23_13 23_14 23_19 23_20 23_22 23_23 24_13 24_14 24_19 24_20 24_22 24_23 25_10 25_11 25_12 25_13 25_14 25_15 25_16 25_17 25_18 25_19 25_20 25_21 25_22 25_23 26_11 26_12 26_13 26_14 26_15 26_16 26_17 26_18 26_19 26_20 26_21 26_22 26_23 27_16 27_17 28_16 28_17 29_16 29_17 2_10 2_11 2_12 2_13 2_14 2_16 2_17 2_18 2_20 2_22 2_23 2_24 2_25 2_26 2_27 2_28 2_29 2_30 2_31 2_7 2_8 2_9 30_16 30_17 31_16 31_17 31_18 3_22 3_23 3_29 3_31 3_7 3_8 4_10 4_11 4_12 4_13 4_14 4_15 4_16 4_22 4_23 4_28 4_29 4_31 4_7 4_8 4_9 5_10 5_11 5_12 5_13 5_14 5_15 5_22 5_23 5_28 5_29 5_31 5_7 5_8 5_9 6_10 6_11 6_22 6_23 6_31 7_10 7_11 7_13 7_14 7_15 7_16 7_17 7_18 7_19 7_20 7_21 7_22 7_23 7_31 7_7 7_8 7_9 8_10 8_11 8_13 8_14 8_15 8_16 8_17 8_18 8_19 8_20 8_21 8_22 8_23 8_31 8_8 8_9 9_13 9_14 9_19 9_20,244,,1,1,1
mapf-maze-32-32-2-m10-f4,84,5.0,5,10_23 13_28 16_31 21_1 2_22,5,"1,1,1,1,1",0,10_10 10_11 10_12 10_13 10_14 10_16 10_17 10_18 10_19 10_20 10_28 10_29 10_30 10_31 10_8 10_9 11_10 11_11 11_12 11_13 11_14 11_16 11_17 11_18 11_19 11_28 11_29 11_30 11_31 11_9 12_31 13_29 13_30 13_31 14_28 14_29 14_30 14_31 15_28 15_29 16_28 16_29 17_28 17_29 18_28 18_29 19_22 19_23 19_24 19_25 19_26 19_27 19_28 19_29 1_10 1_11 1_12 1_13 1_14 1_15 1_16 1_17 1_18 1_19 1_20 1_21 1_22 1_23 1_24 1_25 1_26 1_27 1_28 1_29 1_30 1_31 1_7 1_8 1_9 20_22 20_23 20_24 20_25 20_26 20_27 20_28 20_29 21_14 21_22 22_13 22_14 22_19 22_20 22_22 22_23 23_13 23_14 23_19 23_20 23_22 23_23 24_13 24_14 24_19 24_20 24_22 24_23 25_10 25_11 25_12 25_13 25_14 25_15 25_16 25_17 25_18 25_19 25_20 25_21 25_22 25_23 26_11 26_12 26_13 26_14 26_15 26_16 26_17 26_18 26_19 26_20 26_21 26_22 26_23 27_16 27_17 28_16 28_17 29_16 29_17 2_10 2_11 2_12 2_13 2_14 2_16 2_17 2_18 2_20 2_21 2_23 2_24 2_25 2_26 2_27 2_28 2_29 2_30 2_31 2_7 2_8 2_9 30_16 30_17 31_16 31_17 31_18 3_22 3_23 3_29 3_31 3_7 3_8 4_10 4_11 4_12 4_13 4_14 4_15 4_16 4_22 4_23 4_28 4_29 4_31 4_7 4_8 4_9 5_10 5_11 5_12 5_13 5_14 5_15 5_22 5_23 5_28 5_29 5_31 5_7 5_8 5_9 6_10 6_11 6_22 6_23 6_31 7_10 7_11 7_13 7_14 7_15 7_16 7_17 7_18 7_19 7_20 7_21 7_22 7_23 7_31 7_7 7_8 7_9 8_10 8_11 8_13 8_14 8_15 8_16 8_17 8_18 8_19 8_20 8_21 8_22 8_23 8_31 8_8 8_9 9_13 9_14 9_19 9_20,244,,1,1,1
mapf-maze-32-32-2-m10-f4,85,5.0,5,10_23 13_28 16_31 21_1 9_20,5,"1,1,1,1,1",0,10_10 10_11 10_12 10_13 10_14 10_16 10_17 10_18 10_19 10_20 10_28 10_29 10_30 10_31 10_6 10_7 10_8 10_9 11_10 11_11 11_12 11_13 11_14 11_16 11_17 11_18 11_19 11_28 11_29 11_30 11_31 11_7 11_8 11_9 12_31 13_29 13_30 13_31 14_28 14_29 14_30 14_31 15_28 15_29 16_28 16_29 17_28 17_29 18_28 18_29 19_22 19_23 19_24 19_25 19_26 19_27 19_28 19_29 1_10 1_11 1_12 1_13 1_14 1_15 1_16 1_17 1_18 1_19 1_20 1_21 1_22 1_23 1_24 1_25 1_26 1_27 1_28 1_29 1_30 1_31 1_7 1_8 1_9 20_22 20_23 20_24 20_25 20_26 20_27 20_28 20_29 21_14 21_22 22_13 22_14 22_19 22_20 22_22 22_23 23_13 23_14 23_19 23_20 23_22 23_23 24_13 24_14 24_19 24_20 24_22 24_23 25_10 25_11 25_12 25_13 25_14 25_15 25_16 25_17 25_18 25_19 25_20 25_21 25_22 25_23 26_11 26_12 26_13 26_14 26_15 26_16 26_17 26_18 26_19 26_20 26_21 26_22 26_23 27_16 27_17 28_16 28_17 29_16 29_17 2_10 2_11 2_12 2_13 2_14 2_16 2_17 2_18 2_20 2_21 2_22 2_23 2_24 2_25 2_26 2_27 2_28 2_29 2_30 2_31 2_7 2_8 2_9 30_16 30_17 31_16 31_17 31_18 3_22 3_23 3_29 3_31 3_7 3_8 4_10 4_11 4_12 4_13 4_14 4_15 4_16 4_22 4_23 4_28 4_29 4_31 4_7 4_8 4_9 5_10 5_11 5_12 5_13 5_14 5_15 5_22 5_23 5_28 5_29 5_31 5_7 5_8 5_9 6_10 6_11 6_22 6_23 6_31 7_10 7_11 7_13 7_14 7_15 7_16 7_17 7_18 7_19 7_20 7_21 7_22 7_23 7_31 7_7 7_8 7_9 8_10 8_11 8_13 8_14 8_15 8_16 8_17 8_18 8_19 8_20 8_21 8_22 8_23 8_31 8_8 8_9 9_13 9_14 9_19,248,,1,1,1
mapf-maze-32-32-2-m10-f4,86,5.0,5,10_23 13_28 16_31 21_1 2_23,5,"1,1,1,1,1",0,10_10 10_11 10_12 10_13 10_14 10_16 10_17 10_18 10_19 10_20 10_28 10_29 10_30 10_31 10_8 10_9 11_10 11_11 11_12 11_13 11_14 11_16 11_17 11_18 11_19 11_28 11_29 11_30 11_31 11_9 12_31 13_29 13_30 13_31 14_28 14_29 14_30 14_31 15_28 15_29 16_28 16_29 17_28 17_29 18_28 18_29 19_22 19_23 19_24 19_25 19_26 19_27 19_28 19_29 1_10 1_11 1_12 1_13 1_14 1_15 1_16 1_17 1_18 1_19 1_20 1_21 1_22 1_23 1_24 1_25 1_26 1_27 1_28 1_29 1_30 1_31 1_7 1_8 1_9 20_22 20_23 20_24 20_25 20_26 20_27 20_28 20_29 21_14 21_22 22_13 22_14 22_19 22_20 22_22 22_23 23_13 23_14 23_19 23_20 23_22 23_23 24_13 24_14 24_19 24_20 24_22 24_23 25_10 25_11 25_12 25_13 25_14 25_15 25_16 25_17 25_18 25_19 25_20 25_21 25_22 25_23 26_11 26_12 26_13 26_14 26_15 26_16 26_17 26_18 26_19 26_20 26_21 26_22 26_23 27_16 27_17 28_16 28_17 29_16 29_17 2_10 2_11 2_12 2_13 2_14 2_16 2_17 2_18 2_20 2_21 2_22 2_24 2_25 2_26 2_27 2_28 2_29 2_30 2_31 2_7 2_8 2_9 30_16 30_17 31_16 31_17 31_18 3_22 3_23 3_29 3_31 3_7 3_8 4_10 4_11 4_12 4_13 4_14 4_15 4_16 4_22 4_23 4_28 4_29 4_31 4_7 4_8 4_9 5_10 5_11 5_12 5_13 5_14 5_15 5_22 5_23 5_28 5_29 5_31 5_7 5_8 5_9 6_10 6_11 6_22 6_23 6_31 7_10 7_11 7_13 7_14 7_15 7_16 7_17 7_18 7_19 7_20 7_21 7_22 7_23 7_31 7_7 7_8 7_9 8_10 8_11 8_13 8_14 8_15 8_16 8_17 8_18 8_19 8_20 8_21 8_22 8_23 8_31 8_8 8_9 9_13 9_14 9_19 9_20,244,,1,1,1
mapf-maze-32-32-2-m10-f4,87,5.0,5,10_23 13_28 16_31 21_1 2_24,5,"1,1,1,1,1",0,10_10 10_11 10_12 10_13 10_14 10_16 10_17 10_18 10_19 10_20 10_28 10_29 10_30 10_31 10_8 10_9 11_10 11_11 11_12 11_13 11_14 11_16 11_17 11_18 11_19 11_28 11_29 11_30 11_31 11_9 12_31 13_29 13_30 13_31 14_28 14_29 14_30 14_31 15_28 15_29 16_28 16_29 17_28 17_29 18_28 18_29 19_22 19_23 19_24 19_25 19_26 19_27 19_28 19_29 1_10 1_11 1_12 1_13 1_14 1_15 1_16 1_17 1_18 1_19 1_20 1_21 1_22 1_23 1_24 1_25 1_26 1_27 1_28 1_29 1_30 1_31 1_7 1_8 1_9 20_22 20_23 20_24 20_25 20_26 20_27 20_28 20_29 21_14 21_22 22_13 22_14 22_19 22_20 22_22 22_23 23_13 23_14 23_19 23_20 23_22 23_23 24_13 24_14 24_19 24_20 24_22 24_23 25_10 25_11 25_12 25_13 25_14 25_15 25_16 25_17 25_18 25_19 25_20 25_21 25_22 25_23 26_11 26_12 26_13 26_14 26_15 26_16 26_17 26_18 26_19 26_20 26_21 26_22 26_23 27_16 27_17 28_16 28_17 29_16 29_17 2_10 2_11 2_12 2_13 2_14 2_16 2_17 2_18 2_20 2_21 2_22 2_23 2_25 2_26 2_27 2_28 2_29 2_30 2_31 2_7 2_8 2_9 30_16 30_17 31_16 31_17 31_18 3_22 3_23 3_29 3_31 3_7 3_8 4_10 4_11 4_12 4_13 4_14 4_15 4_16 4_22 4_23 4_28 4_29 4_31 4_7 4_8 4_9 5_10 5_11 5_12 5_13 5_14 5_15 5_22 5_23 5_28 5_29 5_31 5_7 5_8 5_9 6_10 6_11 6_22 6_23 6_31 7_10 7_11 7_13 7_14 7_15 7_16 7_17 7_18 7_19 7_20 7_21 7_22 7_23 7_31 7_7 7_8 7_9 8_10 8_11 8_13 8_14 8_15 8_16 8_17 8_18 8_19 8_20 8_21 8_22 8_23 8_31 8_8 8_9 9_13 9_14 9_19 9_20,244,,1,1,1
mapf-maze-32-32-2-m10-f4,88,5.0,5,10_23 13_28 16_31 21_1 2_25,5,"1,1,1,1,1",0,10_10 10_11 10_12 10_13 10_14 10_16 10_17 10_18 10_19 10_20 10_28 10_29 10_30 10_31 10_8 10_9 11_10 11_11 11_12 11_13 11_14 11_16 11_17 11_18 11_19 11_28 11_29 11_30 11_31 11_9 12_31 13_29 13_30 13_31 14_28 14_29 14_30 14_31 15_28 15_29 16_28 16_29 17_28 17_29 18_28 18_29 19_22 19_23 19_24 19_25 19_26 19_27 19_28 19_29 1_10 1_11 1_12 1_13 1_14 1_15 1_16 1_17 1_18 1_19 1_20 1_21 1_22 1_23 1_24 1_25 1_26 1_27 1_28 1_29 1_30 1_31 1_7 1_8 1_9 20_22 20_23 20_24 20_25 20_26 20_27 20_28 20_29 21_14 21_22 22_13 22_14 22_19 22_20 22_22 22_23 23_13 23_14 23_19 23_20 23_22 23_23 24_13 24_14 24_19 24_20 24_22 24_23 25_10 25_11 25_12 25_13 25_14 25_15 25_16 25_17 25_18 25_19 25_20 25_21 25_22 25_23 26_11 26_12 26_13 26_14 26_15 26_16 26_17 26_18 26_19 26_20 26_21 26_22 26_23 27_16 27_17 28_16 28_17 29_16 29_17 2_10 2_11 2_12 2_13 2_14 2_16 2_17 2_18 2_20 2_21 2_22 2_23 2_24 2_26 2_27 2_28 2_29 2_30 2_31 2_7 2_8 2_9 30_16 30_17 31_16 31_17 31_18 3_22 3_23 3_29 3_31 3_7 3_8 4_10 4_11 4_12 4_13 4_14 4_15 4_16 4_22 4_23 4_28 4_29 4_31 4_7 4_8 4_9 5_10 5_11 5_12 5_13 5_14 5_15 5_22 5_23 5_28 5_29 5_31 5_7 5_8 5_9 6_10 6_11 6_22 6_23 6_31 7_10 7_11 7_13 7_14 7_15 7_16 7_17 7_18 7_19 7_20 7_21 7_22 7_23 7_31 7_7 7_8 7_9 8_10 8_11 8_13 8_14 8_15 8_16 8_17 8_18 8_19 8_20 8_21 8_22 8_23 8_31 8_8 8_9 9_13 9_14 9_19 9_20,244,,1,1,1
mapf-maze-32-32-2-m10-f4,89,5.0,5,10_23 13_28 16_31 21_1 2_26,5,"1,1,1,1,1",0,10_10 10_11 10_12 10_13 10_14 10_16 10_17 10_18 10_19 10_20 10_28 10_29 10_30 10_31 10_8 10_9 11_10 11_11 11_12 11_13 11_14 11_16 11_17 11_18 11_19 11_28 11_29 11_30 11_31 11_9 12_31 13_29 13_30 13_31 14_28 14_29 14_30 14_31 15_28 15_29 16_28 16_29 17_28 17_29 18_28 18_29 19_22 19_23 19_24 19_25 19_26 19_27 19_28 19_29 1_10 1_11 1_12 1_13 1_14 1_15 1_16 1_17 1_18 1_19 1_20 1_21 1_22 1_23 1_24 1_25 1_26 1_27 1_28 1_29 1_30 1_31 1_7 1_8 1_9 20_22 20_23 20_24 20_25 20_26 20_27 20_28 20_29 21_14 21_22 22_13 22_14 22_19 22_20 22_22 22_23 23_13 23_14 23_19 23_20 23_22 23_23 24_13 24_14 24_19 24_20 24_22 24_23 25_10 25_11 25_12 25_13 25_14 25_15 25_16 25_17 25_18 25_19 25_20 25_21 25_22 25_23 26_11 26_12 26_13 26_14 26_15 26_16 26_17 26_18 26_19 26_20 26_21 26_22 26_23 27_16 27_17 28_16 28_17 29_16 29_17 2_10 2_11 2_12 2_13 2_14 2_16 2_17 2_18 2_20 2_21 2_22 2_23 2_24 2_25 2_27 2_28 2_29 2_30 2_31 2_7 2_8 2_9 30_16 30_17 31_16 31_17 31_18 3_22 3_23 3_29 3_31 3_7 3_8 4_10 4_11 4_12 4_13 4_14 4_15 4_16 4_22 4_23 4_28 4_29 4_31 4_7 4_8 4_9 5_10 5_11 5_12 5_13 5_14 5_15 5_22 5_23 5_28 5_29 5_31 5_7 5_8 5_9 6_10 6_11 6_22 6_23 6_31 7_10 7_11 7_13 7_14 7_15 7_16 7_17 7_18 7_19 7_20 7_21 7_22 7_23 7_31 7_7 7_8 7_9 8_10 8_11 8_13 8_14 8_15 8_16 8_17 8_18 8_19 8_20 8_21 8_22 8_23 8_31 8_8 8_9 9_13 9_14 9_19 9_20,244,,1,1,1
mapf-maze-32-32-2-m10-f4,90,5.0,5,10_23 13_28 16_31 21_1 2_27,5,"1,1,1,1,1",0,10_10 10_11 10_12 10_13 10_14 10_16 10_17 10_18 10_19 10_20 10_28 10_29 10_30 10_31 10_8 10_9 11_10 11_11 11_12 11_13 11_14 11_16 11_17 11_18 11_19 11_28 11_29 11_30 11_31 11_9 12_31 13_29 13_30 13_31 14_28 14_29 14_30 14_31 15_28 15_29 16_28 16_29 17_28 17_29 18_28 18_29 19_22 19_23 19_24 19_25 19_26 19_27 19_28 19_29 1_10 1_11 1_12 1_13 1_14 1_15 1_16 1_17 1_18 1_19 1_20 1_21 1_22 1_23 1_24 1_25 1_26 1_27 1_28 1_29 1_30 1_31 1_7 1_8 1_9 20_22 20_23 20_24 20_25 20_26 20_27 20_28 20_29 21_14 21_22 22_13 22_14 22_19 22_20 22_22 22_23 23_13 23_14 23_19 23_20 23_22 23_23 24_13 24_14 24_19 24_20 24_22 24_23 25_10 25_11 25_12 25_13 25_14 25_15 25_16 25_17 25_18 25_19 25_20 25_21 25_22 25_23 26_11 26_12 26_13 26_14 26_15 26_16 26_17 26_18 26_19 26_20 26_21 26_22 26_23 27_16 27_17 28_16 28_17 29_16 29_17 2_10 2_11 2_12 2_13 2_14 2_16 2_17 2_18 2_20 2_21 2_22 2_23 2_24 2_25 2_26 2_28 2_29 2_30 2_31 2_7 2_8 2_9 30_16 30_17 31_16 31_17 31_18 3_22 3_23 3_29 3_31 3_7 3_8 4_10 4_11 4_12 4_13 4_14 4_15 4_16 4_22 4_23 4_28 4_29 4_31 4_7 4_8 4_9 5_10 5_11 5_12 5_13 5_14 5_15 5_22 5_23 5_28 5_29 5_31 5_7 5_8 5_9 6_10 6_11 6_22 6_23 6_31 7_10 7_11 7_13 7_14 7_15 7_16 7_17 7_18 7_19 7_20 7_21 7_22 7_23 7_31 7_7 7_8 7_9 8_10 8_11 8_13 8_14 8_15 8_16 8_17 8_18 8_19 8_20 8_21 8_22 8_23 8_31 8_8 8_9 9_13 9_14 9_19 9_20,244,,1,1,1
mapf-maze-32-32-2-m10-f4,91,5.0,5,10_23 13_28 16_31 21_1 2_28,5,"1,1,1,1,1",0,10_10 10_11 10_12 10_13 10_14 10_16 10_17 10_18 10_19 10_20 10_28 10_29 10_30 10_31 10_8 10_9 11_10 11_11 11_12 11_13 11_14 11_16 11_17 11_18 11_19 11_28 11_29 11_30 11_31 11_9 12_31 13_29 13_30 13_31 14_28 14_29 14_30 14_31 15_28 15_29 16_28 16_29 17_28 17_29 18_28 18_29 19_22 19_23 19_24 19_25 19_26 19_27 19_28 19_29 1_10 1_11 1_12 1_13 1_14 1_15 1_16 1_17 1_18 1_19 1_20 1_21 1_22 1_23 1_24 1_25 1_26 1_27 1_28 1_29 1_30 1_31 1_7 1_8 1_9 20_22 20_23 20_24 20_25 20_26 20_27 20_28 20_29 21_14 21_22 22_13 22_14 22_19 22_20 22_22 22_23 23_13 23_14 23_19 23_20 23_22 23_23 24_13 24_14 24_19 24_20 24_22 24_23 25_10 25_11 25_12 25_13 25_14 25_15 25_16 25_17 25_18 25_19 25_20 25_21 25_22 25_23 26_11 26_12 26_13 26_14 26_15 26_16 26_17 26_18 26_19 26_20 26_21 26_22 26_23 27_16 27_17 28_16 28_17 29_16 29_17 2_10 2_11 2_12 2_13 2_14 2_16 2_17 2_18 2_20 2_21 2_22 2_23 2_24 2_25 2_26 2_27 2_29 2_30 2_31 2_7 2_8 2_9 30_16 30_17 31_16 31_17 31_18 3_22 3_23 3_29 3_31 3_7 3_8 4_10 4_11 4_12 4_13 4_14 4_15 4_16 4_22 4_23 4_28 4_29 4_31 4_7 4_8 4_9 5_10 5_11 5_12 5_13 5_14 5_15 5_22 5_23 5_28 5_29 5_31 5_7 5_8 5_9 6_10 6_11 6_22 6_23 6_31 7_10 7_11 7_13 7_14 7_15 7_16 7_17 7_18 7_19 7_20 7_21 7_22 7_23 7_31 7_7 7_8 7_9 8_10 8_11 8_13 8_14 8_15 8_16 8_17 8_18 8_19 8_20 8_21 8_22 8_23 8_31 8_8 8_9 9_13 9_14 9_19 9_20,244,,1,1,1
mapf-maze-32-32-2-m10-f4,92,5.0,5,10_23 13_28 16_31 21_1 3_22,5,"1,1,1,1,1",0,10_10 10_11 10_12 10_13 10_14 10_16 10_17 10_18 10_19 10_20 10_28 10_29 10_30 10_31 10_8 10_9 11_10 11_11 11_12 11_13 11_14 11_16 11_17 11_18 11_19 11_28 11_29 11_30 11_31 11_9 12_31 13_29 13_30 13_31 14_28 14_29 14_30 14_31 15_28 15_29 16_28 16_29 17_28 17_29 18_28 18_29 19_22 19_23 19_24 19_25 19_26 19_27 19_28 19_29 1_10 1_11 1_12 1_13 1_14 1_15 1_16 1_17 1_18 1_19 1_20 1_21 1_22 1_23 1_24 1_25 1_26 1_27 1_28 1_29 1_30 1_31 1_7 1_8 1_9 20_22 20_23 20_24 20_25 20_26 20_27 20_28 20_29 21_14 21_22 22_13 22_14 22_19 22_20 22_22 22_23 23_13 23_14 23_19 23_20 23_22 23_23 24_13 24_14 24_19 24_20 24_22 24_23 25_10 25_11 25_12 25_13 25_14 25_15 25_16 25_17 25_18 25_19 25_20 25_21 25_22 25_23 26_11 26_12 26_13 26_14 26_15 26_16 26_17 26_18 26_19 26_20 26_21 26_22 26_23 27_16 27_17 28_16 28_17 29_16 29_17 2_10 2_11 2_12 2_13 2_14 2_16 2_17 2_18 2_20 2_21 2_22 2_23 2_24 2_25 2_26 2_27 2_28 2_29 2_30 2_31 2_7 2_8 2_9 30_16 30_17 31_16 31_17 31_18 3_23 3_29 3_31 3_7 3_8 4_10 4_11 4_12 4_13 4_14 4_15 4_16 4_22 4_23 4_28 4_29 4_31 4_7 4_8 4_9 5_10 5_11 5_12 5_13 5_14 5_15 5_22 5_23 5_28 5_29 5_31 5_7 5_8 5_9 6_10 6_11 6_22 6_23 6_31 7_10 7_11 7_13 7_14 7_15 7_16 7_17 7_18 7_19 7_20 7_21 7_22 7_23 7_31 7_7 7_8 7_9 8_10 8_11 8_13 8_14 8_15 8_16 8_17 8_18 8_19 8_20 8_21 8_22 8_23 8_31 8_8 8_9 9_13 9_14 9_19 9_20,244,,1,1,1
mapf-maze-32-32-2-m10-f4,93,5.0,5,10_23 13_28 16_31 21_1 3_23,5,"1,1,1,1,1",0,10_10 10_11 10_12 10_13 10_14 10_16 10_17 10_18 10_19 10_20 10_28 10_29 10_30 10_31 10_8 10_9 11_10 11_11 11_12 11_13 11_14 11_16 11_17 11_18 11_19 11_28 11_29 11_30 11_31 11_9 12_31 13_29 13_30 13_31 14_28 14_29 14_30 14_31 15_28 15_29 16_28 16_29 17_28 17_29 18_28 18_29 19_22 19_23 19_24 19_25 19_26 19_27 19_28 19_29 1_10 1_11 1_12 1_13 1_14 1_15 1_16 1_17 1_18 1_19 1_20 1_21 1_22 1_23 1_24 1_25 1_26 1_27 1_28 1_29 1_30 1_31 1_7 1_8 1_9 20_22 20_23 20_24 20_25 20_26 20_27 20_28 20_29 21_14 21_22 22_13 22_14 22_19 22_20 22_22 22_23 23_13 23_14 23_19 23_20 23_22 23_23 24_13 24_14 24_19 24_20 24_22 24_23 25_10 25_11 25_12 25_13 25_14 25_15 25_16 25_17 25_18 25_19 25_20 25_21 25_22 25_23 26_11 26_12 26_13 26_14 26_15 26_16 26_17 26_18 26_19 26_20 26_21 26_22 26_23 27_16 27_17 28_16 28_17 29_16 29_17 2_10 2_11 2_12 2_13 2_14 2_16 2_17 2_18 2_20 2_21 2_22 2_23 2_24 2_25 2_26 2_27 2_28 2_29 2_30 2_31 2_7 2_8 2_9 30_16 30_17 31_16 31_17 31_18 3_22 3_29 3_31 3_7 3_8 4_10 4_11 4_12 4_13 4_14 4_15 4_16 4_22 4_23 4_28 4_29 4_31 4_7 4_8 4_9 5_10 5_11 5_12 5_13 5_14 5_15 5_22 5_23 5_28 5_29 5_31 5_7 5_8 5_9 6_10 6_11 6_22 6_23 6_31 7_10 7_11 7_13 7_14 7_15 7_16 7_17 7_18 7_19 7_20 7_21 7_22 7_23 7_31 7_7 7_8 7_9 8_10 8_11 8_13 8_14 8_15 8_16 8_17 8_18 8_19 8_20 8_21 8_22 8_23 8_31 8_8 8_9 9_13 9_14 9_19 9_20,244,,1,1,1
mapf-maze-32-32-2-m10-f4,94,5.0,5,10_23 13_28 16_31 21_1 4_22,5,"1,1,1,1,1",0,10_10 10_11 10_12 10_13 10_14 10_16 10_17 10_18 10_19 10_20 10_28 10_29 10_30 10_31 10_8 10_9 11_10 11_11 11_12 11_13 11_14 11_16 11_17 11_18 11_19 11_28 11_29 11_30 11_31 11_9 12_31 13_29 13_30 13_31 14_28 14_29 14_30 14_31 15_28 15_29 16_28 16_29 17_28 17_29 18_28 18_29 19_22 19_23 19_24 19_25 19_26 19_27 19_28 19_29 1_10 1_11 1_12 1_13 1_14 1_15 1_16 1_17 1_18 1_19 1_20 1_21 1_22 1_23 1_24 1_25 1_26 1_27 1_28 1_29 1_30 1_31 1_7 1_8 1_9 20_22 20_23 20_24 20_25 20_26 20_27 20_28 20_29 21_14 21_22 22_13 22_14 22_19 22_20 22_22 22_23 23_13 23_14 23_19 23_20 23_22 23_23 24_13 24_14 24_19 24_20 24_22 24_23 25_10 25_11 25_12 25_13 25_14 25_15 25_16 25_17 25_18 25_19 25_20 25_21 25_22 25_23 26_11 26_12 26_13 26_14 26_15 26_16 26_17 26_18 26_19 26_20 26_21 26_22 26_23 27_16 27_17 28_16 28_17 29_16 29_17 2_10 2_11 2_12 2_13 2_14 2_16 2_17 2_18 2_20 2_21 2_22 2_23 2_24 2_25 2_26 2_27 2_28 2_29 2_30 2_31 2_7 2_8 2_9 30_16 30_17 31_16 31_17 31_18 3_22 3_23 3_29 3_31 3_7 3_8 4_10 4_11 4_12 4_13 4_14 4_15 4_16 4_23 4_28 4_29 4_31 4_7 4_8 4_9 5_10 5_11 5_12 5_13 5_14 5_15 5_22 5_23 5_28 5_29 5_31 5_7 5_8 5_9 6_10 6_11 6_22 6_23 6_31 7_10 7_11 7_13 7_14 7_15 7_16 7_17 7_18 7_19 7_20 7_21 7_22 7_23 7_31 7_7 7_8 7_9 8_10 8_11 8_13 8_14 8_15 8_16 8_17 8_18 8_19 8_20 8_21 8_22 8_23 8_31 8_8 8_9 9_13 9_14 9_19 9_20,244,,1,1,1
mapf-maze-32-32-2-m10-f4,95,5.0,5,10_20 10_23 13_28 17_31 23_1,5,"1,1,1,1,1",0,10_10 10_11 10_12 10_13 10_14 10_16 10_17 10_18 10_19 10_28 10_29 10_30 10_31 10_7 10_8 10_9 11_10 11_11 11_12 11_13 11_14 11_16 11_17 11_18 11_19 11_28 11_29 11_30 11_31 11_8 11_9 12_31 13_29 13_30 13_31 14_28 14_29 14_30 14_31 15_28 15_29 16_28 16_29 17_28 17_29 18_28 18_29 19_22 19_23 19_24 19_25 19_26 19_27 19_28 19_29 1_10 1_11 1_12 1_13 1_14 1_15 1_16 1_17 1_18 1_19 1_20 1_21 1_22 1_23 1_24 1_25 1_26 1_27 1_28 1_29 1_30 1_31 1_7 1_8 1_9 20_22 20_23 20_24 20_25 20_26 20_27 20_28 20_29 21_14 21_22 22_13 22_14 22_19 22_20 22_22 22_23 23_13 23_14 23_19 23_20 23_22 23_23 24_13 24_14 24_19 24_20 24_22 24_23 25_10 25_11 25_12 25_13 25_14 25_15 25_16 25_17 25_18 25_19 25_20 25_21 25_22 25_23 26_11 26_12 26_13 26_14 26_15 26_16 26_17 26_18 26_19 26_20 26_21 26_22 26_23 27_16 27_17 28_16 28_17 29_16 29_17 2_10 2_11 2_12 2_13 2_14 2_16 2_17 2_18 2_20 2_21 2_22 2_23 2_24 2_25 2_26 2_27 2_28 2_29 2_30 2_31 2_7 2_8 2_9 30_16 30_17 31_16 31_17 31_18 3_22 3_23 3_29 3_31 3_7 3_8 4_10 4_11 4_12 4_13 4_14 4_15 4_16 4_22 4_23 4_28 4_29 4_31 4_7 4_8 4_9 5_10 5_11 5_12 5_13 5_14 5_15 5_22 5_23 5_28 5_29 5_31 5_7 5_8 5_9 6_10 6_11 6_22 6_23 6_31 7_10 7_11 7_13 7_14 7_15 7_16 7_17 7_18 7_19 7_20 7_21 7_22 7_23 7_31 7_7 7_8 7_9 8_10 8_11 8_13 8_14 8_15 8_16 8_17 8_18 8_19 8_20 8_21 8_22 8_23 8_31 8_8 8_9 9_13 9_14 9_19 9_20,246,,1,2,1
mapf-maze-32-32-2-m10-f4,96,5.0,5,10_20 10_23 13_28 17_31 23_2,5,"1,1,1,1,1",0,10_10 10_11 10_12 10_13 10_14 10_16 10_17 10_18 10_19 10_28 10_29 10_30 10_31 10_7 10_8 10_9 11_10 11_11 11_12 11_13 11_14 11_16 11_17 11_18 11_19 11_28 11_29 11_30 11_31 11_8 11_9 12_31 13_29 13_30 13_31 14_28 14_29 14_30 14_31 15_28 15_29 16_28 16_29 17_28 17_29 18_28 18_29 19_22 19_23 19_24 19_25 19_26 19_27 19_28 19_29 1_10 1_11 1_12 1_13 1_14 1_15 1_16 1_17 1_18 1_19 1_20 1_21 1_22 1_23 1_24 1_25 1_26 1_27 1_28 1_29 1_30 1_31 1_7 1_8 1_9 20_22 20_23 20_24 20_25 20_26 20_27 20_28 20_29 21_14 21_22 22_13 22_14 22_19 22_20 22_22 22_23 23_13 23_14 23_19 23_20 23_22 23_23 24_13 24_14 24_19 24_20 24_22 24_23 25_10 25_11 25_12 25_13 25_14 25_15 25_16 25_17 25_18 25_19 25_20 25_21 25_22 25_23 26_11 26_12 26_13 26_14 26_15 26_16 26_17 26_18 26_19 26_20 26_21 26_22 26_23 27_16 27_17 28_16 28_17 29_16 29_17 2_10 2_11 2_12 2_13 2_14 2_16 2_17 2_18 2_20 2_21 2_22 2_23 2_24 2_25 2_26 2_27 2_28 2_29 2_30 2_31 2_7 2_8 2_9 30_16 30_17 31_16 31_17 31_18 3_22 3_23 3_29 3_31 3_7 3_8 4_10 4_11 4_12 4_13 4_14 4_15 4_16 4_22 4_23 4_28 4_29 4_31 4_7 4_8 4_9 5_10 5_11 5_12 5_13 5_14 5_15 5_22 5_23 5_28 5_29 5_31 5_7 5_8 5_9 6_10 6_11 6_22 6_23 6_31 7_10 7_11 7_13 7_14 7_15 7_16 7_17 7_18 7_19 7_20 7_21 7_22 7_23 7_31 7_7 7_8 7_9 8_10 8_11 8_13 8_14 8_15 8_16 8_17 8_18 8_19 8_20 8_21 8_22 8_23 8_31 8_8 8_9 9_13 9_14 9_19 9_20,246,,1,2,1
mapf-maze-32-32-2-m10-f4,97,5.0,5,10_20 10_23 13_28 17_31 24_1,5,"1,1,1,1,1",0,10_10 10_11 10_12 10_13 10_14 10_16 10_17 10_18 10_19 10_28 10_29 10_30 10_31 10_7 10_8 10_9 11_10 11_11 11_12 11_13 11_14 11_16 11_17 11_18 11_19 11_28 11_29 11_30 11_31 11_8 11_9 12_31 13_29 13_30 13_31 14_28 14_29 14_30 14_31 15_28 15_29 16_28 16_29 17_28 17_29 18_28 18_29 19_22 19_23 19_24 19_25 19_26 19_27 19_28 19_29 1_10 1_11 1_12 1_13 1_14 1_15 1_16 1_17 1_18 1_19 1_20 1_21 1_22 1_23 1_24 1_25 1_26 1_27 1_28 1_29 1_30 1_31 1_7 1_8 1_9 20_22 20_23 20_24 20_25 20_26 20_27 20_28 20_29 21_14 21_22 22_13 22_14 22_19 22_20 22_22 22_23 23_13 23_14 23_19 23_20 23_22 23_23 24_13 24_14 24_19 24_20 24_22 24_23 25_10 25_11 25_12 25_13 25_14 25_15 25_16 25_17 25_18 25_19 25_20 25_21 25_22 25_23 26_11 26_12 26_13 26_14 26_15 26_16 26_17 26_18 26_19 26_20 26_21 26_22 26_23 27_16 27_17 28_16 28_17 29_16 29_17 2_10 2_11 2_12 2_13 2_14 2_16 2_17 2_18 2_20 2_21 2_22 2_23 2_24 2_25 2_26 2_27 2_28 2_29 2_30 2_31 2_7 2_8 2_9 30_16 30_17 31_16 31_17 31_18 3_22 3_23 3_29 3_31 3_7 3_8 4_10 4_11 4_12 4_13 4_14 4_15 4_16 4_22 4_23 4_28 4_29 4_31 4_7 4_8 4_9 5_10 5_11 5_12 5_13 5_14 5_15 5_22 5_23 5_28 5_29 5_31 5_7 5_8 5_9 6_10 6_11 6_22 6_23 6_31 7_10 7_11 7_13 7_14 7_15 7_16 7_17 7_18 7_19 7_20 7_21 7_22 7_23 7_31 7_7 7_8 7_9 8_10 8_11 8_13 8_14 8_15 8_16 8_17 8_18 8_19 8_20 8_21 8_22 8_23 8_31 8_8 8_9 9_13 9_14 9_19 9_20,246,,1,2,1
mapf-maze-32-32-2-m10-f4,98,5.0,5,10_20 10_23 13_28 17_31 24_2,5,"1,1,1,1,1",0,10_10 10_11 10_12 10_13 10_14 10_16 10_17 10_18 10_19 10_28 10_29 10_30 10_31 10_7 10_8 10_9 11_10 11_11 11_12 11_13 11_14 11_16 11_17 11_18 11_19 11_28 11_29 11_30 11_31 11_8 11_9 12_31 13_29 13_30 13_31 14_28 14_29 14_30 14_31 15_28 15_29 16_28 16_29 17_28 17_29 18_28 18_29 19_22 19_23 19_24 19_25 19_26 19_27 19_28 19_29 1_10 1_11 1_12 1_13 1_14 1_15 1_16 1_17 1_18 1_19 1_20 1_21 1_22 1_23 1_24 1_25 1_26 1_27 1_28 1_29 1_30 1_31 1_7 1_8 1_9 20_22 20_23 20_24 20_25 20_26 20_27 20_28 20_29 21_14 21_22 22_13 22_14 22_19 22_20 22_22 22_23 23_13 23_14 23_19 23_20 23_22 23_23 24_13 24_14 24_19 24_20 24_22 24_23 25_10 25_11 25_12 25_13 25_14 25_15 25_16 25_17 25_18 25_19 25_20 25_21 25_22 25_23 26_11 26_12 26_13 26_14 26_15 26_16 26_17 26_18 26_19 26_20 26_21 26_22 26_23 27_16 27_17 28_16 28_17 29_16 29_17 2_10 2_11 2_12 2_13 2_14 2_16 2_17 2_18 2_20 2_21 2_22 2_23 2_24 2_25 2_26 2_27 2_28 2_29 2_30 2_31 2_7 2_8 2_9 30_16 30_17 31_16 31_17 31_18 3_22 3_23 3_29 3_31 3_7 3_8 4_10 4_11 4_12 4_13 4_14 4_15 4_16 4_22 4_23 4_28 4_29 4_31 4_7 4_8 4_9 5_10 5_11 5_12 5_13 5_14 5_15 5_22 5_23 5_28 5_29 5_31 5_7 5_8 5_9 6_10 6_11 6_22 6_23 6_31 7_10 7_11 7_13 7_14 7_15 7_16 7_17 7_18 7_19 7_20 7_21 7_22 7_23 7_31 7_7 7_8 7_9 8_10 8_11 8_13 8_14 8_15 8_16 8_17 8_18 8_19 8_20 8_21 8_22 8_23 8_31 8_8 8_9 9_13 9_14 9_19 9_20,246,,1,2,1
mapf-maze-32-32-2-m10-f4,99,5.0,5,10_20 10_23 13_28 17_31 25_1,5,"1,1,1,1,1",0,10_10 10_11 10_12 10_13 10_14 10_16 10_17 10_18 10_19 10_28 10_29 10_30 10_31 10_7 10_8 10_9 11_10 11_11 11_12 11_13 11_14 11_16 11_17 11_18 11_19 11_28 11_29 11_30 11_31 11_8 11_9 12_31 13_29 13_30 13_31 14_28 14_29 14_30 14_31 15_28 15_29 16_28 16_29 17_28 17_29 18_28 18_29 19_22 19_23 19_24 19_25 19_26 19_27 19_28 19_29 1_10 1_11 1_12 1_13 1_14 1_15 1_16 1_17 1_18 1_19 1_20 1_21 1_22 1_23 1_24 1_25 1_26 1_27 1_28 1_29 1_30 1_31 1_7 1_8 1_9 20_22 20_23 20_24 20_25 20_26 20_27 20_28 20_29 21_14 21_22 22_13 22_14 22_19 22_20 22_22 22_23 23_13 23_14 23_19 23_20 23_22 23_23 24_13 24_14 24_19 24_20 24_22 24_23 25_10 25_11 25_12 25_13 25_14 25_15 25_16 25_17 25_18 25_19 25_20 25_21 25_22 25_23 26_11 26_12 26_13 26_14 26_15 26_16 26_17 26_18 26_19 26_20 26_21 26_22 26_23 27_16 27_17 28_16 28_17 29_16 29_17 2_10 2_11 2_12 2_13 2_14 2_16 2_17 2_18 2_20 2_21 2_22 2_23 2_24 2_25 2_26 2_27 2_28 2_29 2_30 2_31 2_7 2_8 2_9 30_16 30_17 31_16 31_17 31_18 3_22 3_23 3_29 3_31 3_7 3_8 4_10 4_11 4_12 4_13 4_14 4_15 4_16 4_22 4_23 4_28 4_29 4_31 4_7 4_8 4_9 5_10 5_11 5_12 5_13 5_14 5_15 5_22 5_23 5_28 5_29 5_31 5_7 5_8 5_9 6_10 6_11 6_22 6_23 6_31 7_10 7_11 7_13 7_14 7_15 7_16 7_17 7_18 7_19 7_20 7_21 7_22 7_23 7_31 7_7 7_8 7_9 8_10 8_11 8_13 8_14 8_15 8_16 8_17 8_18 8_19 8_20 8_21 8_22 8_23 8_31 8_8 8_9 9_13 9_14 9_19 9_20,246,,1,2,1
mapf-maze-32-32-2-m10-f4,100,5.0,5,10_20 10_23 13_28 17_31 25_2,5,"1,1,1,1,1",0,10_10 10_11 10_12 10_13 10_14 10_16 10_17 10_18 10_19 10_28 10_29 10_30 10_31 10_7 10_8 10_9 11_10 11_11 11_12 11_13 11_14 11_16 11_17 11_18 11_19 11_28 11_29 11_30 11_31 11_8 11_9 12_31 13_29 13_30 13_31 14_28 14_29 14_30 14_31 15_28 15_29 16_28 16_29 17_28 17_29 18_28 18_29 19_22 19_23 19_24 19_25 19_26 19_27 19_28 19_29 1_10 1_11 1_12 1_13 1_14 1_15 1_16 1_17 1_18 1_19 1_20 1_21 1_22 1_23 1_24 1_25 1_26 1_27 1_28 1_29 1_30 1_31 1_7 1_8 1_9 20_22 20_23 20_24 20_25 20_26 20_27 20_28 20_29 21_14 21_22 22_13 22_14 22_19 22_20 22_22 22_23 23_13 23_14 23_19 23_20 23_22 23_23 24_13 24_14 24_19 24_20 24_22 24_23 25_10 25_11 25_12 25_13 25_14 25_15 25_16 25_17 25_18 25_19 25_20 25_21 25_22 25_23 26_11 26_12 26_13 26_14 26_15 26_16 26_17 26_18 26_19 26_20 26_21 26_22 26_23 27_16 27_17 28_16 28_17 29_16 29_17 2_10 2_11 2_12 2_13 2_14 2_16 2_17 2_18 2_20 2_21 2_22 2_23 2_24 2_25 2_26 2_27 2_28 2_29 2_30 2_31 2_7 2_8 2_9 30_16 30_17 31_16 31_17 31_18 3_22 3_23 3_29 3_31 3_7 3_8 4_10 4_11 4_12 4_13 4_14 4_15 4_16 4_22 4_23 4_28 4_29 4_31 4_7 4_8 4_9 5_10 5_11 5_12 5_13 5_14 5_15 5_22 5_23 5_28 5_29 5_31 5_7 5_8 5_9 6_10 6_11 6_22 6_23 6_31 7_10 7_11 7_13 7_14 7_15 7_16 7_17 7_18 7_19 7_20 7_21 7_22 7_23 7_31 7_7 7_8 7_9 8_10 8_11 8_13 8_14 8_15 8_16 8_17 8_18 8_19 8_20 8_21 8_22 8_23 8_31 8_8 8_9 9_13 9_14 9_19 9_20,246,,1,2,1
mapf-maze-32-32-2-m10-f4,101,5.0,5,10_20 10_23 13_28 17_31 25_4,5,"1,1,1,1,1",0,10_10 10_11 10_12 10_13 10_14 10_16 10_17 10_18 10_19 10_28 10_29 10_30 10_31 10_7 10_8 10_9 11_10 11_11 11_12 11_13 11_14 11_16 11_17 11_18 11_19 11_28 11_29 11_30 11_31 11_8 11_9 12_31 13_29 13_30 13_31 14_28 14_29 14_30 14_31 15_28 15_29 16_28 16_29 17_28 17_29 18_28 18_29 19_22 19_23 19_24 19_25 19_26 19_27 19_28 19_29 1_10 1_11 1_12 1_13 1_14 1_15 1_16 1_17 1_18 1_19 1_20 1_21 1_22 1_23 1_24 1_25 1_26 1_27 1_28 1_29 1_30 1_31 1_7 1_8 1_9 20_22 20_23 20_24 20_25 20_26 20_27 20_28 20_29 21_14 21_22 22_13 22_14 22_19 22_20 22_22 22_23 23_13 23_14 23_19 23_20 23_22 23_23 24_13 24_14 24_19 24_20 24_22 24_23 25_10 25_11 25_12 25_13 25_14 25_15 25_16 25_17 25_18 25_19 25_20 25_21 25_22 25_23 26_11 26_12 26_13 26_14 26_15 26_16 26_17 26_18 26_19 26_20 26_21 26_22 26_23 27_16 27_17 28_16 28_17 29_16 29_17 2_10 2_11 2_12 2_13 2_14 2_16 2_17 2_18 2_20 2_21 2_22 2_23 2_24 2_25 2_26 2_27 2_28 2_29 2_30 2_31 2_7 2_8 2_9 30_16 30_17 31_16 31_17 31_18 3_22 3_23 3_29 3_31 3_7 3_8 4_10 4_11 4_12 4_13 4_14 4_15 4_16 4_22 4_23 4_28 4_29 4_31 4_7 4_8 4_9 5_10 5_11 5_12 5_13 5_14 5_15 5_22 5_23 5_28 5_29 5_31 5_7 5_8 5_9 6_10 6_11 6_22 6_23 6_31 7_10 7_11 7_13 7_14 7_15 7_16 7_17 7_18 7_19 7_20 7_21 7_22 7_23 7_31 7_7 7_8 7_9 8_10 8_11 8_13 8_14 8_15 8_16 8_17 8_18 8_19 8_20 8_21 8_22 8_23 8_31 8_8 8_9 9_13 9_14 9_19 9_20,246,,1,2,1
mapf-maze-32-32-2-m10-f4,102,5.0,5,10_20 10_23 13_28 17_31 25_5,5,"1,1,1,1,1",0,10_10 10_11 10_12 10_13 10_14 10_16 10_17 10_18 10_19 10_28 10_29 10_30 10_31 10_7 10_8 10_9 11_10 11_11 11_12 11_13 11_14 11_16 11_17 11_18 11_19 11_28 11_29 11_30 11_31 11_8 11_9 12_31 13_29 13_30 13_31 14_28 14_29 14_30 14_31 15_28 15_29 16_28 16_29 17_28 17_29 18_28 18_29 19_22 19_23 19_24 19_25 19_26 19_27 19_28 19_29 1_10 1_11 1_12 1_13 1_14 1_15 1_16 1_17 1_18 1_19 1_20 1_21 1_22 1_23 1_24 1_25 1_26 1_27 1_28 1_29 1_30 1_31 1_7 1_8 1_9 20_22 20_23 20_24 20_25 20_26 20_27 20_28 20_29 21_14 21_22 22_13 22_14 22_19 22_20 22_22 22_23 23_13 23_14 23_19 23_20 23_22 23_23 24_13 24_14 24_19 24_20 24_22 24_23 25_10 25_11 25_12 25_13 25_14 25_15 25_16 25_17 25_18 25_19 25_20 25_21 25_22 25_23 26_11 26_12 26_13 26_14 26_15 26_16 26_17 26_18 26_19 26_20 26_21 26_22 26_23 27_16 27_17 28_16 28_17 29_16 29_17 2_10 2_11 2_12 2_13 2_14 2_16 2_17 2_18 2_20 2_21 2_22 2_23 2_24 2_25 2_26 2_27 2_28 2_29 2_30 2_31 2_7 2_8 2_9 30_16 30_17 31_16 31_17 31_18 3_22 3_23 3_29 3_31 3_7 3_8 4_10 4_11 4_12 4_13 4_14 4_15 4_16 4_22 4_23 4_28 4_29 4_31 4_7 4_8 4_9 5_10 5_11 5_12 5_13 5_14 5_15 5_22 5_23 5_28 5_29 5_31 5_7 5_8 5_9 6_10 6_11 6_22 6_23 6_31 7_10 7_11 7_13 7_14 7_15 7_16 7_17 7_18 7_19 7_20 7_21 7_22 7_23 7_31 7_7 7_8 7_9 8_10 8_11 8_13 8_14 8_15 8_16 8_17 8_18 8_19 8_20 8_21 8_22 8_23 8_31 8_8 8_9 9_13 9_14 9_19 9_20,246,,1,2,1
mapf-maze-32-32-2-m10-f4,103,5.0,5,10_20 10_23 13_28 17_31 26_1,5,"1,1,1,1,1",0,10_10 10_11 10_12 10_13 10_14 10_16 10_17 10_18 10_19 10_28 10_29 10_30 10_31 10_7 10_8 10_9 11_10 11_11 11_12 11_13 11_14 11_16 11_17 11_18 11_19 11_28 11_29 11_30 11_31 11_8 11_9 12_31 13_29 13_30 13_31 14_28 14_29 14_30 14_31 15_28 15_29 16_28 16_29 17_28 17_29 18_28 18_29 19_22 19_23 19_24 19_25 19_26 19_27 19_28 19_29 1_10 1_11 1_12 1_13 1_14 1_15 1_16 1_17 1_18 1_19 1_20 1_21 1_22 1_23 1_24 1_25 1_26 1_27 1_28 1_29 1_30 1_31 1_7 1_8 1_9 20_22 20_23 20_24 20_25 20_26 20_27 20_28 20_29 21_14 21_22 22_13 22_14 22_19 22_20 22_22 22_23 23_13 23_14 23_19 23_20 23_22 23_23 24_13 24_14 24_19 24_20 24_22 24_23 25_10 25_11 25_12 25_13 25_14 25_15 25_16 25_17 25_18 25_19 25_20 25_21 25_22 25_23 26_11 26_12 26_13 26_14 26_15 26_16 26_17 26_18 26_19 26_20 26_21 26_22 26_23 27_16 27_17 28_16 28_17 29_16 29_17 2_10 2_11 2_12 2_13 2_14 2_16 2_17 2_18 2_20 2_21 2_22 2_23 2_24 2_25 2_26 2_27 2_28 2_29 2_30 2_31 2_7 2_8 2_9 30_16 30_17 31_16 31_17 31_18 3_22 3_23 3_29 3_31 3_7 3_8 4_10 4_11 4_12 4_13 4_14 4_15 4_16 4_22 4_23 4_28 4_29 4_31 4_7 4_8 4_9 5_10 5_11 5_12 5_13 5_14 5_15 5_22 5_23 5_28 5_29 5_31 5_7 5_8 5_9 6_10 6_11 6_22 6_23 6_31 7_10 7_11 7_13 7_14 7_15 7_16 7_17 7_18 7_19 7_20 7_21 7_22 7_23 7_31 7_7 7_8 7_9 8_10 8_11 8_13 8_14 8_15 8_16 8_17 8_18 8_19 8_20 8_21 8_22 8_23 8_31 8_8 8_9 9_13 9_14 9_19 9_20,246,,1,2,1
mapf-maze-32-32-2-m10-f4,104,5.0,5,10_20 10_23 13_28 17_31 26_2,5,"1,1,1,1,1",0,10_10 10_11 10_12 10_13 10_14 10_16 10_17 10_18 10_19 10_28 10_29 10_30 10_31 10_7 10_8 10_9 11_10 11_11 11_12 11_13 11_14 11_16 11_17 11_18 11_19 11_28 11_29 11_30 11_31 11_8 11_9 12_31 13_29 13_30 13_31 14_28 14_29 14_30 14_31 15_28 15_29 16_28 16_29 17_28 17_29 18_28 18_29 19_22 19_23 19_24 19_25 19_26 19_27 19_28 19_29 1_10 1_11 1_12 1_13 1_14 1_15 1_16 1_17 1_18 1_19 1_20 1_21 1_22 1_23 1_24 1_25 1_26 1_27 1_28 1_29 1_30 1_31 1_7 1_8 1_9 20_22 20_23 20_24 20_25 20_26 20_27 20_28 20_29 21_14 21_22 22_13 22_14 22_19 22_20 22_22 22_23 23_13 23_14 23_19 23_20 23_22 23_23 24_13 24_14 24_19 24_20 24_22 24_23 25_10 25_11 25_12 25_13 25_14 25_15 25_16 25_17 25_18 25_19 25_20 25_21 25_22 25_23 26_11 26_12 26_13 26_14 26_15 26_16 26_17 26_18 26_19 26_20 26_21 26_22 26_23 27_16 27_17 28_16 28_17 29_16 29_17 2_10 2_11 2_12 2_13 2_14 2_16 2_17 2_18 2_20 2_21 2_22 2_23 2_24 2_25 2_26 2_27 2_28 2_29 2_30 2_31 2_7 2_8 2_9 30_16 30_17 31_16 31_17 31_18 3_22 3_23 3_29 3_31 3_7 3_8 4_10 4_11 4_12 4_13 4_14 4_15 4_16 4_22 4_23 4_28 4_29 4_31 4_7 4_8 4_9 5_10 5_11 5_12 5_13 5_14 5_15 5_22 5_23 5_28 5_29 5_31 5_7 5_8 5_9 6_10 6_11 6_22 6_23 6_31 7_10 7_11 7_13 7_14 7_15 7_16 7_17 7_18 7_19 7_20 7_21 7_22 7_23 7_31 7_7 7_8 7_9 8_10 8_11 8_13 8_14 8_15 8_16 8_17 8_18 8_19 8_20 8_21 8_22 8_23 8_31 8_8 8_9 9_13 9_14 9_19 9_20,246,,1,2,1
mapf-maze-32-32-2-m10-f4,105,5.0,5,10_26 12_31 19_31 1_17 26_4,5,"1,1,1,1,1",0,10_10 10_11 10_12 10_13 10_14 10_16 10_17 10_18 10_19 10_20 10_28 10_29 10_30 10_31 10_8 10_9 11_10 11_11 11_12 11_13 11_14 11_16 11_17 11_18 11_19 11_28 11_29 11_30 11_31 11_9 13_28 13_29 13_30 13_31 14_28 14_29 14_30 14_31 15_28 15_29 16_28 16_29 17_28 17_29 18_28 18_29 19_22 19_23 19_24 19_25 19_26 19_27 19_28 19_29 1_10 1_11 1_12 1_13 1_14 1_15 1_16 1_18 1_19 1_20 1_21 1_22 1_23 1_24 1_25 1_26 1_27 1_28 1_29 1_30 1_31 1_7 1_8 1_9 20_22 20_23 20_24 20_25 20_26 20_27 20_28 20_29 21_14 21_22 22_13 22_14 22_19 22_20 22_22 22_23 23_13 23_14 23_19 23_20 23_22 23_23 24_13 24_14 24_19 24_20 24_22 24_23 25_10 25_11 25_12 25_13 25_14 25_15 25_16 25_17 25_18 25_19 25_20 25_21 25_22 25_23 26_11 26_12 26_13 26_14 26_15 26_16 26_17 26_18 26_19 26_20 26_21 26_22 26_23 27_16 27_17 28_16 28_17 29_16 29_17 2_10 2_11 2_12 2_13 2_14 2_16 2_17 2_18 2_20 2_21 2_22 2_23 2_24 2_25 2_26 2_27 2_28 2_29 2_30 2_31 2_7 2_8 2_9 30_16 30_17 31_16 31_17 31_18 3_22 3_23 3_29 3_31 3_7 3_8 4_10 4_11 4_12 4_13 4_14 4_15 4_16 4_22 4_23 4_28 4_29 4_31 4_7 4_8 4_9 5_10 5_11 5_12 5_13 5_14 5_15 5_22 5_23 5_28 5_29 5_31 5_7 5_8 5_9 6_10 6_11 6_22 6_23 6_31 7_10 7_11 7_13 7_14 7_15 7_16 7_17 7_18 7_19 7_20 7_21 7_22 7_23 7_31 7_7 7_8 7_9 8_10 8_11 8_13 8_14 8_15 8_16 8_17 8_18 8_19 8_20 8_21 8_22 8_23 8_31 8_8 8_9 9_13 9_14 9_19 9_20,244,,1,1,1
mapf-maze-32-32-2-m10-f4,106,5.0,5,10_26 12_31 19_31 1_17 26_5,5,"1,1,1,1,1",0,10_10 10_11 10_12 10_13 10_14 10_16 10_17 10_18 10_19 10_20 10_28 10_29 10_30 10_31 10_8 10_9 11_10 11_11 11_12 11_13 11_14 11_16 11_17 11_18 11_19 11_28 11_29 11_30 11_31 11_9 13_28 13_29 13_30 13_31 14_28 14_29 14_30 14_31 15_28 15_29 16_28 16_29 17_28 17_29 18_28 18_29 19_22 19_23 19_24 19_25 19_26 19_27 19_28 19_29 1_10 1_11 1_12 1_13 1_14 1_15 1_16 1_18 1_19 1_20 1_21 1_22 1_23 1_24 1_25 1_26 1_27 1_28 1_29 1_30 1_31 1_7 1_8 1_9 20_22 20_23 20_24 20_25 20_26 20_27 20_28 20_29 21_14 21_22 22_13 22_14 22_19 22_20 22_22 22_23 23_13 23_14 23_19 23_20 23_22 23_23 24_13 24_14 24_19 24_20 24_22 24_23 25_10 25_11 25_12 25_13 25_14 25_15 25_16 25_17 25_18 25_19 25_20 25_21 25_22 25_23 26_11 26_12 26_13 26_14 26_15 26_16 26_17 26_18 26_19 26_20 26_21 26_22 26_23 27_16 27_17 28_16 28_17 29_16 29_17 2_10 2_11 2_12 2_13 2_14 2_16 2_17 2_18 2_20 2_21 2_22 2_23 2_24 2_25 2_26 2_27 2_28 2_29 2_30 2_31 2_7 2_8 2_9 30_16 30_17 31_16 31_17 31_18 3_22 3_23 3_29 3_31 3_7 3_8 4_10 4_11 4_12 4_13 4_14 4_15 4_16 4_22 4_23 4_28 4_29 4_31 4_7 4_8 4_9 5_10 5_11 5_12 5_13 5_14 5_15 5_22 5_23 5_28 5_29 5_31 5_7 5_8 5_9 6_10 6_11 6_22 6_23 6_31 7_10 7_11 7_13 7_14 7_15 7_16 7_17 7_18 7_19 7_20 7_21 7_22 7_23 7_31 7_7 7_8 7_9 8_10 8_11 8_13 8_14 8_15 8_16 8_17 8_18 8_19 8_20 8_21 8_22 8_23 8_31 8_8 8_9 9_13 9_14 9_19 9_20,244,,1,1,1
mapf-maze-32-32-2-m10-f4,107,5.0,5,10_26 12_31 19_31 1_17 27_1,5,"1,1,1,1,1",0,10_10 10_11 10_12 10_13 10_14 10_16 10_17 10_18 10_19 10_20 10_28 10_29 10_30 10_31 10_8 10_9 11_10 11_11 11_12 11_13 11_14 11_16 11_17 11_18 11_19 11_28 11_29 11_30 11_31 11_9 13_28 13_29 13_30 13_31 14_28 14_29 14_30 14_31 15_28 15_29 16_28 16_29 17_28 17_29 18_28 18_29 19_22 19_23 19_24 19_25 19_26 19_27 19_28 19_29 1_10 1_11 1_12 1_13 1_14 1_15 1_16 1_18 1_19 1_20 1_21 1_22 1_23 1_24 1_25 1_26 1_27 1_28 1_29 1_30 1_31 1_7 1_8 1_9 20_22 20_23 20_24 20_25 20_26 20_27 20_28 20_29 21_14 21_22 22_13 22_14 22_19 22_20 22_22 22_23 23_13 23_14 23_19 23_20 23_22 23_23 24_13 24_14 24_19 24_20 24_22 24_23 25_10 25_11 25_12 25_13 25_14 25_15 25_16 25_17 25_18 25_19 25_20 25_21 25_22 25_23 26_11 26_12 26_13 26_14 26_15 26_16 26_17 26_18 26_19 26_20 26_21 26_22 26_23 27_16 27_17 28_16 28_17 29_16 29_17 2_10 2_11 2_12 2_13 2_14 2_16 2_17 2_18 2_20 2_21 2_22 2_23 2_24 2_25 2_26 2_27 2_28 2_29 2_30 2_31 2_7 2_8 2_9 30_16 30_17 31_16 31_17 31_18 3_22 3_23 3_29 3_31 3_7 3_8 4_10 4_11 4_12 4_13 4_14 4_15 4_16 4_22 4_23 4_28 4_29 4_31 4_7 4_8 4_9 5_10 5_11 5_12 5_13 5_14 5_15 5_22 5_23 5_28 5_29 5_31 5_7 5_8 5_9 6_10 6_11 6_22 6_23 6_31 7_10 7_11 7_13 7_14 7_15 7_16 7_17 7_18 7_19 7_20 7_21 7_22 7_23 7_31 7_7 7_8 7_9 8_10 8_11 8_13 8_14 8_15 8_16 8_17 8_18 8_19 8_20 8_21 8_22 8_23 8_31 8_8 8_9 9_13 9_14 9_19 9_20,244,,1,1,1
mapf-maze-32-32-2-m10-f4,108,5.0,5,10_26 12_31 19_31 1_17 27_2,5,"1,1,1,1,1",0,10_10 10_11 10_12 10_13 10_14 10_16 10_17 10_18 10_19 10_20 10_28 10_29 10_30 10_31 10_8 10_9 11_10 11_11 11_12 11_13 11_14 11_16 11_17 11_18 11_19 11_28 11_29 11_30 11_31 11_9 13_28 13_29 13_30 13_31 14_28 14_29 14_30 14_31 15_28 15_29 16_28 16_29 17_28 17_29 18_28 18_29 19_22 19_23 19_24 19_25 19_26 19_27 19_28 19_29 1_10 1_11 1_12 1_13 1_14 1_15 1_16 1_18 1_19 1_20 1_21 1_22 1_23 1_24 1_25 1_26 1_27 1_28 1_29 1_30 1_31 1_7 1_8 1_9 20_22 20_23 20_24 20_25 20_26 20_27 20_28 20_29 21_14 21_22 22_13 22_14 22_19 22_20 22_22 22_23 23_13 23_14 23_19 23_20 23_22 23_23 24_13 24_14 24_19 24_20 24_22 24_23 25_10 25_11 25_12 25_13 25_14 25_15 25_16 25_17 25_18 25_19 25_20 25_21 25_22 25_23 26_11 26_12 26_13 26_14 26_15 26_16 26_17 26_18 26_19 26_20 26_21 26_22 26_23 27_16 27_17 28_16 28_17 29_16 29_17 2_10 2_11 2_12 2_13 2_14 2_16 2_17 2_18 2_20 2_21 2_22 2_23 2_24 2_25 2_26 2_27 2_28 2_29 2_30 2_31 2_7 2_8 2_9 30_16 30_17 31_16 31_17 31_18 3_22 3_23 3_29 3_31 3_7 3_8 4_10 4_11 4_12 4_13 4_14 4_15 4_16 4_22 4_23 4_28 4_29 4_31 4_7 4_8 4_9 5_10 5_11 5_12 5_13 5_14 5_15 5_22 5_23 5_28 5_29 5_31 5_7 5_8 5_9 6_10 6_11 6_22 6_23 6_31 7_10 7_11 7_13 7_14 7_15 7_16 7_17 7_18 7_19 7_20 7_21 7_22 7_23 7_31 7_7 7_8 7_9 8_10 8_11 8_13 8_14 8_15 8_16 8_17 8_18 8_19 8_20 8_21 8_22 8_23 8_31 8_8 8_9 9_13 9_14 9_19 9_20,244,,1,1,1
mapf-maze-32-32-2-m10-f4,109,5.0,5,10_26 12_31 19_31 1_17 27_5,5,"1,1,1,1,1",0,10_10 10_11 10_12 10_13 10_14 10_16 10_17 10_18 10_19 10_20 10_28 10_29 10_30 10_31 10_8 10_9 11_10 11_11 11_12 11_13 11_14 11_16 11_17 11_18 11_19 11_28 11_29 11_30 11_31 11_9 13_28 13_29 13_30 13_31 14_28 14_29 14_30 14_31 15_28 15_29 16_28 16_29 17_28 17_29 18_28 18_29 19_22 19_23 19_24 19_25 19_26 19_27 19_28 19_29 1_10 1_11 1_12 1_13 1_14 1_15 1_16 1_18 1_19 1_20 1_21 1_22 1_23 1_24 1_25 1_26 1_27 1_28 1_29 1_30 1_31 1_7 1_8 1_9 20_22 20_23 20_24 20_25 20_26 20_27 20_28 20_29 21_14 21_22 22_13 22_14 22_19 22_20 22_22 22_23 23_13 23_14 23_19 23_20 23_22 23_23 24_13 24_14 24_19 24_20 24_22 24_23 25_10 25_11 25_12 25_13 25_14 25_15 25_16 25_17 25_18 25_19 25_20 25_21 25_22 25_23 26_11 26_12 26_13 26_14 26_15 26_16 26_17 26_18 26_19 26_20 26_21 26_22 26_23 27_16 27_17 28_16 28_17 29_16 29_17 2_10 2_11 2_12 2_13 2_14 2_16 2_17 2_18 2_20 2_21 2_22 2_23 2_24 2_25 2_26 2_27 2_28 2_29 2_30 2_31 2_7 2_8 2_9 30_16 30_17 31_16 31_17 31_18 3_22 3_23 3_29 3_31 3_7 3_8 4_10 4_11 4_12 4_13 4_14 4_15 4_16 4_22 4_23 4_28 4_29 4_31 4_7 4_8 4_9 5_10 5_11 5_12 5_13 5_14 5_15 5_22 5_23 5_28 5_29 5_31 5_7 5_8 5_9 6_10 6_11 6_22 6_23 6_31 7_10 7_11 7_13 7_14 7_15 7_16 7_17 7_18 7_19 7_20 7_21 7_22 7_23 7_31 7_7 7_8 7_9 8_10 8_11 8_13 8_14 8_15 8_16 8_17 8_18 8_19 8_20 8_21 8_22 8_23 8_31 8_8 8_9 9_13 9_14 9_19 9_20,244,,1,1,1
mapf-maze-32-32-2-m10-f4,110,5.0,5,10_26 12_31 19_31 1_17 28_1,5,"1,1,1,1,1",0,10_10 10_11 10_12 10_13 10_14 10_16 10_17 10_18 10_19 10_20 10_28 10_29 10_30 10_31 10_8 10_9 11_10 11_11 11_12 11_13 11_14 11_16 11_17 11_18 11_19 11_28 11_29 11_30 11_31 11_9 13_28 13_29 13_30 13_31 14_28 14_29 14_30 14_31 15_28 15_29 16_28 16_29 17_28 17_29 18_28 18_29 19_22 19_23 19_24 19_25 19_26 19_27 19_28 19_29 1_10 1_11 1_12 1_13 1_14 1_15 1_16 1_18 1_19 1_20 1_21 1_22 1_23 1_24 1_25 1_26 1_27 1_28 1_29 1_30 1_31 1_7 1_8 1_9 20_22 20_23 20_24 20_25 20_26 20_27 20_28 20_29 21_14 21_22 22_13 22_14 22_19 22_20 22_22 22_23 23_13 23_14 23_19 23_20 23_22 23_23 24_13 24_14 24_19 24_20 24_22 24_23 25_10 25_11 25_12 25_13 25_14 25_15 25_16 25_17 25_18 25_19 25_20 25_21 25_22 25_23 26_11 26_12 26_13 26_14 26_15 26_16 26_17 26_18 26_19 26_20 26_21 26_22 26_23 27_16 27_17 28_16 28_17 29_16 29_17 2_10 2_11 2_12 2_13 2_14 2_16 2_17 2_18 2_20 2_21 2_22 2_23 2_24 2_25 2_26 2_27 2_28 2_29 2_30 2_31 2_7 2_8 2_9 30_16 30_17 31_16 31_17 31_18 3_22 3_23 3_29 3_31 3_7 3_8 4_10 4_11 4_12 4_13 4_14 4_15 4_16 4_22 4_23 4_28 4_29 4_31 4_7 4_8 4_9 5_10 5_11 5_12 5_13 5_14 5_15 5_22 5_23 5_28 5_29 5_31 5_7 5_8 5_9 6_10 6_11 6_22 6_23 6_31 7_10 7_11 7_13 7_14 7_15 7_16 7_17 7_18 7_19 7_20 7_21 7_22 7_23 7_31 7_7 7_8 7_9 8_10 8_11 8_13 8_14 8_15 8_16 8_17 8_18 8_19 8_20 8_21 8_22 8_23 8_31 8_8 8_9 9_13 9_14 9_19 9_20,244,,1,1,1
mapf-maze-32-32-2-m10-f4,111,5.0,5,10_26 12_31 19_31 1_17 28_2,5,"1,1,1,1,1",0,10_10 10_11 10_12 10_13 10_14 10_16 10_17 10_18 10_19 10_20 10_28 10_29 10_30 10_31 10_8 10_9 11_10 11_11 11_12 11_13 11_14 11_16 11_17 11_18 11_19 11_28 11_29 11_30 11_31 11_9 13_28 13_29 13_30 13_31 14_28 14_29 14_30 14_31 15_28 15_29 16_28 16_29 17_28 17_29 18_28 18_29 19_22 19_23 19_24 19_25 19_26 19_27 19_28 19_29 1_10 1_11 1_12 1_13 1_14 1_15 1_16 1_18 1_19 1_20 1_21 1_22 1_23 1_24 1_25 1_26 1_27 1_28 1_29 1_30 1_31 1_7 1_8 1_9 20_22 20_23 20_24 20_25 20_26 20_27 20_28 20_29 21_14 21_22 22_13 22_14 22_19 22_20 22_22 22_23 23_13 23_14 23_19 23_20 23_22 23_23 24_13 24_14 24_19 24_20 24_22 24_23 25_10 25_11 25_12 25_13 25_14 25_15 25_16 25_17 25_18 25_19 25_20 25_21 25_22 25_23 26_11 26_12 26_13 26_14 26_15 26_16 26_17 26_18 26_19 26_20 26_21 26_22 26_23 27_16 27_17 28_16 28_17 29_16 29_17 2_10 2_11 2_12 2_13 2_14 2_16 2_17 2_18 2_20 2_21 2_22 2_23 2_24 2_25 2_26 2_27 2_28 2_29 2_30 2_31 2_7 2_8 2_9 30_16 30_17 31_16 31_17 31_18 3_22 3_23 3_29 3_31 3_7 3_8 4_10 4_11 4_12 4_13 4_14 4_15 4_16 4_22 4_23 4_28 4_29 4_31 4_7 4_8 4_9 5_10 5_11 5_12 5_13 5_14 5_15 5_22 5_23 5_28 5_29 5_31 5_7 5_8 5_9 6_10 6_11 6_22 6_23 6_31 7_10 7_11 7_13 7_14 7_15 7_16 7_17 7_18 7_19 7_20 7_21 7_22 7_23 7_31 7_7 7_8 7_9 8_10 8_11 8_13 8_14 8_15 8_16 8_17 8_18 8_19 8_20 8_21 8_22 8_23 8_31 8_8 8_9 9_13 9_14 9_19 9_20,244,,1,1,1
mapf-maze-32-32-2-m10-f4,112,5.0,5,10_26 12_31 19_31 1_17 28_4,5,"1,1,1,1,1",0,10_10 10_11 10_12 10_13 10_14 10_16 10_17 10_18 10_19 10_20 10_28 10_29 10_30 10_31 10_8 10_9 11_10 11_11 11_12 11_13 11_14 11_16 11_17 11_18 11_19 11_28 11_29 11_30 11_31 11_9 13_28 13_29 13_30 13_31 14_28 14_29 14_30 14_31 15_28 15_29 16_28 16_29 17_28 17_29 18_28 18_29 19_22 19_23 19_24 19_25 19_26 19_27 19_28 19_29 1_10 1_11 1_12 1_13 1_14 1_15 1_16 1_18 1_19 1_20 1_21 1_22 1_23 1_24 1_25 1_26 1_27 1_28 1_29 1_30 1_31 1_7 1_8 1_9 20_22 20_23 20_24 20_25 20_26 20_27 20_28 20_29 21_14 21_22 22_13 22_14 22_19 22_20 22_22 22_23 23_13 23_14 23_19 23_20 23_22 23_23 24_13 24_14 24_19 24_20 24_22 24_23 25_10 25_11 25_12 25_13 25_14 25_15 25_16 25_17 25_18 25_19 25_20 25_21 25_22 25_23 26_11 26_12 26_13 26_14 26_15 26_16 26_17 26_18 26_19 26_20 26_21 26_22 26_23 27_16 27_17 28_16 28_17 29_16 29_17 2_10 2_11 2_12 2_13 2_14 2_16 2_17 2_18 2_20 2_21 2_22 2_23 2_24 2_25 2_26 2_27 2_28 2_29 2_30 2_31 2_7 2_8 2_9 30_16 30_17 31_16 31_17 31_18 3_22 3_23 3_29 3_31 3_7 3_8 4_10 4_11 4_12 4_13 4_14 4_15 4_16 4_22 4_23 4_28 4_29 4_31 4_7 4_8 4_9 5_10 5_11 5_12 5_13 5_14 5_15 5_22 5_23 5_28 5_29 5_31 5_7 5_8 5_9 6_10 6_11 6_22 6_23 6_31 7_10 7_11 7_13 7_14 7_15 7_16 7_17 7_18 7_19 7_20 7_21 7_22 7_23 7_31 7_7 7_8 7_9 8_10 8_11 8_13 8_14 8_15 8_16 8_17 8_18 8_19 8_20 8_21 8_22 8_23 8_31 8_8 8_9 9_13 9_14 9_19 9_20,244,,1,1,1
mapf-maze-32-32-2-m10-f4,113,5.0,5,10_26 12_31 19_31 1_17 28_5,5,"1,1,1,1,1",0,10_10 10_11 10_12 10_13 10_14 10_16 10_17 10_18 10_19 10_20 10_28 10_29 10_30 10_31 10_8 10_9 11_10 11_11 11_12 11_13 11_14 11_16 11_17 11_18 11_19 11_28 11_29 11_30 11_31 11_9 13_28 13_29 13_30 13_31 14_28 14_29 14_30 14_31 15_28 15_29 16_28 16_29 17_28 17_29 18_28 18_29 19_22 19_23 19_24 19_25 19_26 19_27 19_28 19_29 1_10 1_11 1_12 1_13 1_14 1_15 1_16 1_18 1_19 1_20 1_21 1_22 1_23 1_24 1_25 1_26 1_27 1_28 1_29 1_30 1_31 1_7 1_8 1_9 20_22 20_23 20_24 20_25 20_26 20_27 20_28 20_29 21_14 21_22 22_13 22_14 22_19 22_20 22_22 22_23 23_13 23_14 23_19 23_20 23_22 23_23 24_13 24_14 24_19 24_20 24_22 24_23 25_10 25_11 25_12 25_13 25_14 25_15 25_16 25_17 25_18 25_19 25_20 25_21 25_22 25_23 26_11 26_12 26_13 26_14 26_15 26_16 26_17 26_18 26_19 26_20 26_21 26_22 26_23 27_16 27_17 28_16 28_17 29_16 29_17 2_10 2_11 2_12 2_13 2_14 2_16 2_17 2_18 2_20 2_21 2_22 2_23 2_24 2_25 2_26 2_27 2_28 2_29 2_30 2_31 2_7 2_8 2_9 30_16 30_17 31_16 31_17 31_18 3_22 3_23 3_29 3_31 3_7 3_8 4_10 4_11 4_12 4_13 4_14 4_15 4_16 4_22 4_23 4_28 4_29 4_31 4_7 4_8 4_9 5_10 5_11 5_12 5_13 5_14 5_15 5_22 5_23 5_28 5_29 5_31 5_7 5_8 5_9 6_10 6_11 6_22 6_23 6_31 7_10 7_11 7_13 7_14 7_15 7_16 7_17 7_18 7_19 7_20 7_21 7_22 7_23 7_31 7_7 7_8 7_9 8_10 8_11 8_13 8_14 8_15 8_16 8_17 8_18 8_19 8_20 8_21 8_22 8_23 8_31 8_8 8_9 9_13 9_14 9_19 9_20,244,,1,1,1
mapf-maze-32-32-2-m10-f4,114,5.0,5,10_26 12_31 19_31 1_17 29_1,5,"1,1,1,1,1",0,10_10 10_11 10_12 10_13 10_14 10_16 10_17 10_18 10_19 10_20 10_28 10_29 10_30 10_31 10_8 10_9 11_10 11_11 11_12 11_13 11_14 11_16 11_17 11_18 11_19 11_28 11_29 11_30 11_31 11_9 13_28 13_29 13_30 13_31 14_28 14_29 14_30 14_31 15_28 15_29 16_28 16_29 17_28 17_29 18_28 18_29 19_22 19_23 19_24 19_25 19_26 19_27 19_28 19_29 1_10 1_11 1_12 1_13 1_14 1_15 1_16 1_18 1_19 1_20 1_21 1_22 1_23 1_24 1_25 1_26 1_27 1_28 1_29 1_30 1_31 1_7 1_8 1_9 20_22 20_23 20_24 20_25 20_26 20_27 20_28 20_29 21_14 21_22 22_13 22_14 22_19 22_20 22_22 22_23 23_13 23_14 23_19 23_20 23_22 23_23 24_13 24_14 24_19 24_20 24_22 24_23 25_10 25_11 25_12 25_13 25_14 25_15 25_16 25_17 25_18 25_19 25_20 25_21 25_22 25_23 26_11 26_12 26_13 26_14 26_15 26_16 26_17 26_18 26_19 26_20 26_21 26_22 26_23 27_16 27_17 28_16 28_17 29_16 29_17 2_10 2_11 2_12 2_13 2_14 2_16 2_17 2_18 2_20 2_21 2_22 2_23 2_24 2_25 2_26 2_27 2_28 2_29 2_30 2_31 2_7 2_8 2_9 30_16 30_17 31_16 31_17 31_18 3_22 3_23 3_29 3_31 3_7 3_8 4_10 4_11 4_12 4_13 4_14 4_15 4_16 4_22 4_23 4_28 4_29 4_31 4_7 4_8 4_9 5_10 5_11 5_12 5_13 5_14 5_15 5_22 5_23 5_28 5_29 5_31 5_7 5_8 5_9 6_10 6_11 6_22 6_23 6_31 7_10 7_11 7_13 7_14 7_15 7_16 7_17 7_18 7_19 7_20 7_21 7_22 7_23 7_31 7_7 7_8 7_9 8_10 8_11 8_13 8_14 8_15 8_16 8_17 8_18 8_19 8_20 8_21 8_22 8_23 8_31 8_8 8_9 9_13 9_14 9_19 9_20,244,,1,1,1
mapf-maze-32-32-2-m10-f4,115,5.0,5,10_26 12_31 19_31 1_17 29_2,5,"1,1,1,1,1",0,10_10 10_11 10_12 10_13 10_14 10_16 10_17 10_18 10_19 10_20 10_28 10_29 10_30 10_31 10_8 10_9 11_10 11_11 11_12 11_13 11_14 11_16 11_17 11_18 11_19 11_28 11_29 11_30 11_31 11_9 13_28 13_29 13_30 13_31 14_28 14_29 14_30 14_31 15_28 15_29 16_28 16_29 17_28 17_29 18_28 18_29 19_22 19_23 19_24 19_25 19_26 19_27 19_28 19_29 1_10 1_11 1_12 1_13 1_14 1_15 1_16 1_18 1_19 1_20 1_21 1_22 1_23 1_24 1_25 1_26 1_27 1_28 1_29 1_30 1_31 1_7 1_8 1_9 20_22 20_23 20_24 20_25 20_26 20_27 20_28 20_29 21_14 21_22 22_13 22_14 22_19 22_20 22_22 22_23 23_13 23_14 23_19 23_20 23_22 23_23 24_13 24_14 24_19 24_20 24_22 24_23 25_10 25_11 25_12 25_13 25_14 25_15 25_16 25_17 25_18 25_19 25_20 25_21 25_22 25_23 26_11 26_12 26_13 26_14 26_15 26_16 26_17 26_18 26_19 26_20 26_21 26_22 26_23 27_16 27_17 28_16 28_17 29_16 29_17 2_10 2_11 2_12 2_13 2_14 2_16 2_17 2_18 2_20 2_21 2_22 2_23 2_24 2_25 2_26 2_27 2_28 2_29 2_30 2_31 2_7 2_8 2_9 30_16 30_17 31_16 31_17 31_18 3_22 3_23 3_29 3_31 3_7 3_8 4_10 4_11 4_12 4_13 4_14 4_15 4_16 4_22 4_23 4_28 4_29 4_31 4_7 4_8 4_9 5_10 5_11 5_12 5_13 5_14 5_15 5_22 5_23 5_28 5_29 5_31 5_7 5_8 5_9 6_10 6_11 6_22 6_23 6_31 7_10 7_11 7_13 7_14 7_15 7_16 7_17 7_18 7_19 7_20 7_21 7_22 7_23 7_31 7_7 7_8 7_9 8_10 8_11 8_13 8_14 8_15 8_16 8_17 8_18 8_19 8_20 8_21 8_22 8_23 8_31 8_8 8_9 9_13 9_14 9_19 9_20,244,,1,1,1
mapf-maze-32-32-2-m10-f4,116,5.0,5,10_26 12_31 19_31 1_17 29_4,5,"1,1,1,1,1",0,10_10 10_11 10_12 10_13 10_14 10_16 10_17 10_18 10_19 10_20 10_28 10_29 10_30 10_31 10_8 10_9 11_10 11_11 11_12 11_13 11_14 11_16 11_17 11_18 11_19 11_28 11_29 11_30 11_31 11_9 13_28 13_29 13_30 13_31 14_28 14_29 14_30 14_31 15_28 15_29 16_28 16_29 17_28 17_29 18_28 18_29 19_22 19_23 19_24 19_25 19_26 19_27 19_28 19_29 1_10 1_11 1_12 1_13 1_14 1_15 1_16 1_18 1_19 1_20 1_21 1_22 1_23 1_24 1_25 1_26 1_27 1_28 1_29 1_30 1_31 1_7 1_8 1_9 20_22 20_23 20_24 20_25 20_26 20_27 20_28 20_29 21_14 21_22 22_13 22_14 22_19 22_20 22_22 22_23 23_13 23_14 23_19 23_20 23_22 23_23 24_13 24_14 24_19 24_20 24_22 24_23 25_10 25_11 25_12 25_13 25_14 25_15 25_16 25_17 25_18 25_19 25_20 25_21 25_22 25_23 26_11 26_12 26_13 26_14 26_15 26_16 26_17 26_18 26_19 26_20 26_21 26_22 26_23 27_16 27_17 28_16 28_17 29_16 29_17 2_10 2_11 2_12 2_13 2_14 2_16 2_17 2_18 2_20 2_21 2_22 2_23 2_24 2_25 2_26 2_27 2_28 2_29 2_30 2_31 2_7 2_8 2_9 30_16 30_17 31_16 31_17 31_18 3_22 3_23 3_29 3_31 3_7 3_8 4_10 4_11 4_12 4_13 4_14 4_15 4_16 4_22 4_23 4_28 4_29 4_31 4_7 4_8 4_9 5_10 5_11 5_12 5_13 5_14 5_15 5_22 5_23 5_28 5_29 5_31 5_7 5_8 5_9 6_10 6_11 6_22 6_23 6_31 7_10 7_11 7_13 7_14 7_15 7_16 7_17 7_18 7_19 7_20 7_21 7_22 7_23 7_31 7_7 7_8 7_9 8_10 8_11 8_13 8_14 8_15 8_16 8_17 8_18 8_19 8_20 8_21 8_22 8_23 8_31 8_8 8_9 9_13 9_14 9_19 9_20,244,,1,1,1
mapf-maze-32-32-2-m10-f4,117,5.0,5,10_26 12_31 19_31 1_17 29_5,5,"1,1,1,1,1",0,10_10 10_11 10_12 10_13 10_14 10_16 10_17 10_18 10_19 10_20 10_28 10_29 10_30 10_31 10_8 10_9 11_10 11_11 11_12 11_13 11_14 11_16 11_17 11_18 11_19 11_28 11_29 11_30 11_31 11_9 13_28 13_29 13_30 13_31 14_28 14_29 14_30 14_31 15_28 15_29 16_28 16_29 17_28 17_29 18_28 18_29 19_22 19_23 19_24 19_25 19_26 19_27 19_28 19_29 1_10 1_11 1_12 1_13 1_14 1_15 1_16 1_18 1_19 1_20 1_21 1_22 1_23 1_24 1_25 1_26 1_27 1_28 1_29 1_30 1_31 1_7 1_8 1_9 20_22 20_23 20_24 20_25 20_26 20_27 20_28 20_29 21_14 21_22 22_13 22_14 22_19 22_20 22_22 22_23 23_13 23_14 23_19 23_20 23_22 23_23 24_13 24_14 24_19 24_20 24_22 24_23 25_10 25_11 25_12 25_13 25_14 25_15 25_16 25_17 25_18 25_19 25_20 25_21 25_22 25_23 26_11 26_12 26_13 26_14 26_15 26_16 26_17 26_18 26_19 26_20 26_21 26_22 26_23 27_16 27_17 28_16 28_17 29_16 29_17 2_10 2_11 2_12 2_13 2_14 2_16 2_17 2_18 2_20 2_21 2_22 2_23 2_24 2_25 2_26 2_27 2_28 2_29 2_30 2_31 2_7 2_8 2_9 30_16 30_17 31_16 31_17 31_18 3_22 3_23 3_29 3_31 3_7 3_8 4_10 4_11 4_12 4_13 4_14 4_15 4_16 4_22 4_23 4_28 4_29 4_31 4_7 4_8 4_9 5_10 5_11 5_12 5_13 5_14 5_15 5_22 5_23 5_28 5_29 5_31 5_7 5_8 5_9 6_10 6_11 6_22 6_23 6_31 7_10 7_11 7_13 7_14 7_15 7_16 7_17 7_18 7_19 7_20 7_21 7_22 7_23 7_31 7_7 7_8 7_9 8_10 8_11 8_13 8_14 8_15 8_16 8_17 8_18 8_19 8_20 8_21 8_22 8_23 8_31 8_8 8_9 9_13 9_14 9_19 9_20,244,,1,1,1
mapf-maze-32-32-2-m10-f4,118,5.0,5,10_26 12_31 19_31 1_17 30_1,5,"1,1,1,1,1",0,10_10 10_11 10_12 10_13 10_14 10_16 10_17 10_18 10_19 10_20 10_28 10_29 10_30 10_31 10_8 10_9 11_10 11_11 11_12 11_13 11_14 11_16 11_17 11_18 11_19 11_28 11_29 11_30 11_31 11_9 13_28 13_29 13_30 13_31 14_28 14_29 14_30 14_31 15_28 15_29 16_28 16_29 17_28 17_29 18_28 18_29 19_22 19_23 19_24 19_25 19_26 19_27 19_28 19_29 1_10 1_11 1_12 1_13 1_14 1_15 1_16 1_18 1_19 1_20 1_21 1_22 1_23 1_24 1_25 1_26 1_27 1_28 1_29 1_30 1_31 1_7 1_8 1_9 20_22 20_23 20_24 20_25 20_26 20_27 20_28 20_29 21_14 21_22 22_13 22_14 22_19 22_20 22_22 22_23 23_13 23_14 23_19 23_20 23_22 23_23 24_13 24_14 24_19 24_20 24_22 24_23 25_10 25_11 25_12 25_13 25_14 25_15 25_16 25_17 25_18 25_19 25_20 25_21 25_22 25_23 26_11 26_12 26_13 26_14 26_15 26_16 26_17 26_18 26_19 26_20 26_21 26_22 26_23 27_16 27_17 28_16 28_17 29_16 29_17 2_10 2_11 2_12 2_13 2_14 2_16 2_17 2_18 2_20 2_21 2_22 2_23 2_24 2_25 2_26 2_27 2_28 2_29 2_30 2_31 2_7 2_8 2_9 30_16 30_17 31_16 31_17 31_18 3_22 3_23 3_29 3_31 3_7 3_8 4_10 4_11 4_12 4_13 4_14 4_15 4_16 4_22 4_23 4_28 4_29 4_31 4_7 4_8 4_9 5_10 5_11 5_12 5_13 5_14 5_15 5_22 5_23 5_28 5_29 5_31 5_7 5_8 5_9 6_10 6_11 6_22 6_23 6_31 7_10 7_11 7_13 7_14 7_15 7_16 7_17 7_18 7_19 7_20 7_21 7_22 7_23 7_31 7_7 7_8 7_9 8_10 8_11 8_13 8_14 8_15 8_16 8_17 8_18 8_19 8_20 8_21 8_22 8_23 8_31 8_8 8_9 9_13 9_14 9_19 9_20,244,,1,1,1
mapf-maze-32-32-2-m10-f4,119,5.0,5,10_26 12_31 19_31 1_17 30_2,5,"1,1,1,1,1",0,10_10 10_11 10_12 10_13 10_14 10_16 10_17 10_18 10_19 10_20 10_28 10_29 10_30 10_31 10_8 10_9 11_10 11_11 11_12 11_13 11_14 11_16 11_17 11_18 11_19 11_28 11_29 11_30 11_31 11_9 13_28 13_29 13_30 13_31 14_28 14_29 14_30 14_31 15_28 15_29 16_28 16_29 17_28 17_29 18_28 18_29 19_22 19_23 19_24 19_25 19_26 19_27 19_28 19_29 1_10 1_11 1_12 1_13 1_14 1_15 1_16 1_18 1_19 1_20 1_21 1_22 1_23 1_24 1_25 1_26 1_27 1_28 1_29 1_30 1_31 1_7 1_8 1_9 20_22 20_23 20_24 20_25 20_26 20_27 20_28 20_29 21_14 21_22 22_13 22_14 22_19 22_20 22_22 22_23 23_13 23_14 23_19 23_20 23_22 23_23 24_13 24_14 24_19 24_20 24_22 24_23 25_10 25_11 25_12 25_13 25_14 25_15 25_16 25_17 25_18 25_19 25_20 25_21 25_22 25_23 26_11 26_12 26_13 26_14 26_15 26_16 26_17 26_18 26_19 26_20 26_21 26_22 26_23 27_16 27_17 28_16 28_17 29_16 29_17 2_10 2_11 2_12 2_13 2_14 2_16 2_17 2_18 2_20 2_21 2_22 2_23 2_24 2_25 2_26 2_27 2_28 2_29 2_30 2_31 2_7 2_8 2_9 30_16 30_17 31_16 31_17 31_18 3_22 3_23 3_29 3_31 3_7 3_8 4_10 4_11 4_12 4_13 4_14 4_15 4_16 4_22 4_23 4_28 4_29 4_31 4_7 4_8 4_9 5_10 5_11 5_12 5_13 5_14 5_15 5_22 5_23 5_28 5_29 5_31 5_7 5_8 5_9 6_10 6_11 6_22 6_23 6_31 7_10 7_11 7_13 7_14 7_15 7_16 7_17 7_18 7_19 7_20 7_21 7_22 7_23 7_31 7_7 7_8 7_9 8_10 8_11 8_13 8_14 8_15 8_16 8_17 8_18 8_19 8_20 8_21 8_22 8_23 8_31 8_8 8_9 9_13 9_14 9_19 9_20,244,,1,1,1
mapf-maze-32-32-2-m10-f4,120,5.0,5,10_20 10_22 12_31 16_31 26_5,5,"1,1,1,1,1",0,10_10 10_11 10_12 10_13 10_14 10_16 10_17 10_18 10_19 10_28 10_29 10_30 10_31 10_7 10_8 10_9 11_10 11_11 11_12 11_13 11_14 11_16 11_17 11_18 11_19 11_28 11_29 11_30 11_31 11_8 11_9 13_28 13_29 13_30 13_31 14_28 14_29 14_30 14_31 15_28 15_29 16_28 16_29 17_28 17_29 18_28 18_29 19_22 19_23 19_24 19_25 19_26 19_27 19_28 19_29 1_10 1_11 1_12 1_13 1_14 1_15 1_16 1_17 1_18 1_19 1_20 1_21 1_22 1_23 1_24 1_25 1_26 1_27 1_28 1_29 1_30 1_31 1_7 1_8 1_9 20_22 20_23 20_24 20_25 20_26 20_27 20_28 20_29 21_14 21_22 22_13 22_14 22_19 22_20 22_22 22_23 23_13 23_14 23_19 23_20 23_22 23_23 24_13 24_14 24_19 24_20 24_22 24_23 25_10 25_11 25_12 25_13 25_14 25_15 25_16 25_17 25_18 25_19 25_20 25_21 25_22 25_23 26_11 26_12 26_13 26_14 26_15 26_16 26_17 26_18 26_19 26_20 26_21 26_22 26_23 27_16 27_17 28_16 28_17 29_16 29_17 2_10 2_11 2_12 2_13 2_14 2_16 2_17 2_18 2_20 2_21 2_22 2_23 2_24 2_25 2_26 2_27 2_28 2_29 2_30 2_31 2_7 2_8 2_9 30_16 30_17 31_16 31_17 31_18 3_22 3_23 3_29 3_31 3_7 3_8 4_10 4_11 4_12 4_13 4_14 4_15 4_16 4_22 4_23 4_28 4_29 4_31 4_7 4_8 4_9 5_10 5_11 5_12 5_13 5_14 5_15 5_22 5_23 5_28 5_29 5_31 5_7 5_8 5_9 6_10 6_11 6_22 6_23 6_31 7_10 7_11 7_13 7_14 7_15 7_16 7_17 7_18 7_19 7_20 7_21 7_22 7_23 7_31 7_7 7_8 7_9 8_10 8_11 8_13 8_14 8_15 8_16 8_17 8_18 8_19 8_20 8_21 8_22 8_23 8_31 8_8 8_9 9_13 9_14 9_19 9_20,246,,1,2,1
mapf-maze-32-32-2-m10-f4,121,5.0,5,10_20 10_22 12_31 16_31 27_1,5,"1,1,1,1,1",0,10_10 10_11 10_12 10_13 10_14 10_16 10_17 10_18 10_19 10_28 10_29 10_30 10_31 10_7 10_8 10_9 11_10 11_11 11_12 11_13 11_14 11_16 11_17 11_18 11_19 11_28 11_29 11_30 11_31 11_8 11_9 13_28 13_29 13_30 13_31 14_28 14_29 14_30 14_31 15_28 15_29 16_28 16_29 17_28 17_29 18_28 18_29 19_22 19_23 19_24 19_25 19_26 19_27 19_28 19_29 1_10 1_11 1_12 1_13 1_14 1_15 1_16 1_17 1_18 1_19 1_20 1_21 1_22 1_23 1_24 1_25 1_26 1_27 1_28 1_29 1_30 1_31 1_7 1_8 1_9 20_22 20_23 20_24 20_25 20_26 20_27 20_28 20_29 21_14 21_22 22_13 22_14 22_19 22_20 22_22 22_23 23_13 23_14 23_19 23_20 23_22 23_23 24_13 24_14 24_19 24_20 24_22 24_23 25_10 25_11 25_12 25_13 25_14 25_15 25_16 25_17 25_18 25_19 25_20 25_21 25_22 25_23 26_11 26_12 26_13 26_14 26_15 26_16 26_17 26_18 26_19 26_20 26_21 26_22 26_23 27_16 27_17 28_16 28_17 29_16 29_17 2_10 2_11 2_12 2_13 2_14 2_16 2_17 2_18 2_20 2_21 2_22 2_23 2_24 2_25 2_26 2_27 2_28 2_29 2_30 2_31 2_7 2_8 2_9 30_16 30_17 31_16 31_17 31_18 3_22 3_23 3_29 3_31 3_7 3_8 4_10 4_11 4_12 4_13 4_14 4_15 4_16 4_22 4_23 4_28 4_29 4_31 4_7 4_8 4_9 5_10 5_11 5_12 5_13 5_14 5_15 5_22 5_23 5_28 5_29 5_31 5_7 5_8 5_9 6_10 6_11 6_22 6_23 6_31 7_10 7_11 7_13 7_14 7_15 7_16 7_17 7_18 7_19 7_20 7_21 7_22 7_23 7_31 7_7 7_8 7_9 8_10 8_11 8_13 8_14 8_15 8_16 8_17 8_18 8_19 8_20 8_21 8_22 8_23 8_31 8_8 8_9 9_13 9_14 9_19 9_20,246,,1,2,1
mapf-maze-32-32-2-m10-f4,122,5.0,5,10_20 10_22 12_31 16_31 27_2,5,"1,1,1,1,1",0,10_10 10_11 10_12 10_13 10_14 10_16 10_17 10_18 10_19 10_28 10_29 10_30 10_31 10_7 10_8 10_9 11_10 11_11 11_12 11_13 11_14 11_16 11_17 11_18 11_19 11_28 11_29 11_30 11_31 11_8 11_9 13_28 13_29 13_30 13_31 14_28 14_29 14_30 14_31 15_28 15_29 16_28 16_29 17_28 17_29 18_28 18_29 19_22 19_23 19_24 19_25 19_26 19_27 19_28 19_29 1_10 1_11 1_12 1_13 1_14 1_15 1_16 1_17 1_18 1_19 1_20 1_21 1_22 1_23 1_24 1_25 1_26 1_27 1_28 1_29 1_30 1_31 1_7 1_8 1_9 20_22 20_23 20_24 20_25 20_26 20_27 20_28 20_29 21_14 21_22 22_13 22_14 22_19 22_20 22_22 22_23 23_13 23_14 23_19 23_20 23_22 23_23 24_13 24_14 24_19 24_20 24_22 24_23 25_10 25_11 25_12 25_13 25_14 25_15 25_16 25_17 25_18 25_19 25_20 25_21 25_22 25_23 26_11 26_12 26_13 26_14 26_15 26_16 26_17 26_18 26_19 26_20 26_21 26_22 26_23 27_16 27_17 28_16 28_17 29_16 29_17 2_10 2_11 2_12 2_13 2_14 2_16 2_17 2_18 2_20 2_21 2_22 2_23 2_24 2_25 2_26 2_27 2_28 2_29 2_30 2_31 2_7 2_8 2_9 30_16 30_17 31_16 31_17 31_18 3_22 3_23 3_29 3_31 3_7 3_8 4_10 4_11 4_12 4_13 4_14 4_15 4_16 4_22 4_23 4_28 4_29 4_31 4_7 4_8 4_9 5_10 5_11 5_12 5_13 5_14 5_15 5_22 5_23 5_28 5_29 5_31 5_7 5_8 5_9 6_10 6_11 6_22 6_23 6_31 7_10 7_11 7_13 7_14 7_15 7_16 7_17 7_18 7_19 7_20 7_21 7_22 7_23 7_31 7_7 7_8 7_9 8_10 8_11 8_13 8_14 8_15 8_16 8_17 8_18 8_19 8_20 8_21 8_22 8_23 8_31 8_8 8_9 9_13 9_14 9_19 9_20,246,,1,2,1
mapf-maze-32-32-2-m10-f4,123,5.0,5,10_20 10_22 12_31 16_31 27_5,5,"1,1,1,1,1",0,10_10 10_11 10_12 10_13 10_14 10_16 10_17 10_18 10_19 10_28 10_29 10_30 10_31 10_7 10_8 10_9 11_10 11_11 11_12 11_13 11_14 11_16 11_17 11_18 11_19 11_28 11_29 11_30 11_31 11_8 11_9 13_28 13_29 13_30 13_31 14_28 14_29 14_30 14_31 15_28 15_29 16_28 16_29 17_28 17_29 18_28 18_29 19_22 19_23 19_24 19_25 19_26 19_27 19_28 19_29 1_10 1_11 1_12 1_13 1_14 1_15 1_16 1_17 1_18 1_19 1_20 1_21 1_22 1_23 1_24 1_25 1_26 1_27 1_28 1_29 1_30 1_31 1_7 1_8 1_9 20_22 20_23 20_24 20_25 20_26 20_27 20_28 20_29 21_14 21_22 22_13 22_14 22_19 22_20 22_22 22_23 23_13 23_14 23_19 23_20 23_22 23_23 24_13 24_14 24_19 24_20 24_22 24_23 25_10 25_11 25_12 25_13 25_14 25_15 25_16 25_17 25_18 25_19 25_20 25_21 25_22 25_23 26_11 26_12 26_13 26_14 26_15 26_16 26_17 26_18 26_19 26_20 26_21 26_22 26_23 27_16 27_17 28_16 28_17 29_16 29_17 2_10 2_11 2_12 2_13 2_14 2_16 2_17 2_18 2_20 2_21 2_22 2_23 2_24 2_25 2_26 2_27 2_28 2_29 2_30 2_31 2_7 2_8 2_9 30_16 30_17 31_16 31_17 31_18 3_22 3_23 3_29 3_31 3_7 3_8 4_10 4_11 4_12 4_13 4_14 4_15 4_16 4_22 4_23 4_28 4_29 4_31 4_7 4_8 4_9 5_10 5_11 5_12 5_13 5_14 5_15 5_22 5_23 5_28 5_29 5_31 5_7 5_8 5_9 6_10 6_11 6_22 6_23 6_31 7_10 7_11 7_13 7_14 7_15 7_16 7_17 7_18 7_19 7_20 7_21 7_22 7_23 7_31 7_7 7_8 7_9 8_10 8_11 8_13 8_14 8_15 8_16 8_17 8_18 8_19 8_20 8_21 8_22 8_23 8_31 8_8 8_9 9_13 9_14 9_19 9_20,246,,1,2,1
mapf-maze-32-32-2-m10-f4,124,5.0,5,10_20 10_22 12_31 16_31 28_1,5,"1,1,1,1,1",0,10_10 10_11 10_12 10_13 10_14 10_16 10_17 10_18 10_19 10_28 10_29 10_30 10_31 10_7 10_8 10_9 11_10 11_11 11_12 11_13 11_14 11_16 11_17 11_18 11_19 11_28 11_29 11_30 11_31 11_8 11_9 13_28 13_29 13_30 13_31 14_28 14_29 14_30 14_31 15_28 15_29 16_28 16_29 17_28 17_29 18_28 18_29 19_22 19_23 19_24 19_25 19_26 19_27 19_28 19_29 1_10 1_11 1_12 1_13 1_14 1_15 1_16 1_17 1_18 1_19 1_20 1_21 1_22 1_23 1_24 1_25 1_26 1_27 1_28 1_29 1_30 1_31 1_7 1_8 1_9 20_22 20_23 20_24 20_25 20_26 20_27 20_28 20_29 21_14 21_22 22_13 22_14 22_19 22_20 22_22 22_23 23_13 23_14 23_19 23_20 23_22 23_23 24_13 24_14 24_19 24_20 24_22 24_23 25_10 25_11 25_12 25_13 25_14 25_15 25_16 25_17 25_18 25_19 25_20 25_21 25_22 25_23 26_11 26_12 26_13 26_14 26_15 26_16 26_17 26_18 26_19 26_20 26_21 26_22 26_23 27_16 27_17 28_16 28_17 29_16 29_17 2_10 2_11 2_12 2_13 2_14 2_16 2_17 2_18 2_20 2_21 2_22 2_23 2_24 2_25 2_26 2_27 2_28 2_29 2_30 2_31 2_7 2_8 2_9 30_16 30_17 31_16 31_17 31_18 3_22 3_23 3_29 3_31 3_7 3_8 4_10 4_11 4_12 4_13 4_14 4_15 4_16 4_22 4_23 4_28 4_29 4_31 4_7 4_8 4_9 5_10 5_11 5_12 5_13 5_14 5_15 5_22 5_23 5_28 5_29 5_31 5_7 5_8 5_9 6_10 6_11 6_22 6_23 6_31 7_10 7_11 7_13 7_14 7_15 7_16 7_17 7_18 7_19 7_20 7_21 7_22 7_23 7_31 7_7 7_8 7_9 8_10 8_11 8_13 8_14 8_15 8_16 8_17 8_18 8_19 8_20 8_21 8_22 8_23 8_31 8_8 8_9 9_13 9_14 9_19 9_20,246,,1,2,1
mapf-maze-32-32-2-m10-f4,125,5.0,5,10_20 10_22 12_31 16_31 28_2,5,"1,1,1,1,1",0,10_10 10_11 10_12 10_13 10_14 10_16 10_17 10_18 10_19 10_28 10_29 10_30 10_31 10_7 10_8 10_9 11_10 11_11 11_12 11_13 11_14 11_16 11_17 11_18 11_19 11_28 11_29 11_30 11_31 11_8 11_9 13_28 13_29 13_30 13_31 14_28 14_29 14_30 14_31 15_28 15_29 16_28 16_29 17_28 17_29 18_28 18_29 19_22 19_23 19_24 19_25 19_26 19_27 19_28 19_29 1_10 1_11 1_12 1_13 1_14 1_15 1_16 1_17 1_18 1_19 1_20 1_21 1_22 1_23 1_24 1_25 1_26 1_27 1_28 1_29 1_30 1_31 1_7 1_8 1_9 20_22 20_23 20_24 20_25 20_26 20_27 20_28 20_29 21_14 21_22 22_13 22_14 22_19 22_20 22_22 22_23 23_13 23_14 23_19 23_20 23_22 23_23 24_13 24_14 24_19 24_20 24_22 24_23 25_10 25_11 25_12 25_13 25_14 25_15 25_16 25_17 25_18 25_19 25_20 25_21 25_22 25_23 26_11 26_12 26_13 26_14 26_15 26_16 26_17 26_18 26_19 26_20 26_21 26_22 26_23 27_16 27_17 28_16 28_17 29_16 29_17 2_10 2_11 2_12 2_13 2_14 2_16 2_17 2_18 2_20 2_21 2_22 2_23 2_24 2_25 2_26 2_27 2_28 2_29 2_30 2_31 2_7 2_8 2_9 30_16 30_17 31_16 31_17 31_18 3_22 3_23 3_29 3_31 3_7 3_8 4_10 4_11 4_12 4_13 4_14 4_15 4_16 4_22 4_23 4_28 4_29 4_31 4_7 4_8 4_9 5_10 5_11 5_12 5_13 5_14 5_15 5_22 5_23 5_28 5_29 5_31 5_7 5_8 5_9 6_10 6_11 6_22 6_23 6_31 7_10 7_11 7_13 7_14 7_15 7_16 7_17 7_18 7_19 7_20 7_21 7_22 7_23 7_31 7_7 7_8 7_9 8_10 8_11 8_13 8_14 8_15 8_16 8_17 8_18 8_19 8_20 8_21 8_22 8_23 8_31 8_8 8_9 9_13 9_14 9_19 9_20,246,,1,2,1
mapf-maze-32-32-2-m10-f4,126,5.0,5,10_20 10_22 12_31 16_31 28_4,5,"1,1,1,1,1",0,10_10 10_11 10_12 10_13 10_14 10_16 10_17 10_18 10_19 10_28 10_29 10_30 10_31 10_7 10_8 10_9 11_10 11_11 11_12 11_13 11_14 11_16 11_17 11_18 11_19 11_28 11_29 11_30 11_31 11_8 11_9 13_28 13_29 13_30 13_31 14_28 14_29 14_30 14_31 15_28 15_29 16_28 16_29 17_28 17_29 18_28 18_29 19_22 19_23 19_24 19_25 19_26 19_27 19_28 19_29 1_10 1_11 1_12 1_13 1_14 1_15 1_16 1_17 1_18 1_19 1_20 1_21 1_22 1_23 1_24 1_25 1_26 1_27 1_28 1_29 1_30 1_31 1_7 1_8 1_9 20_22 20_23 20_24 20_25 20_26 20_27 20_28 20_29 21_14 21_22 22_13 22_14 22_19 22_20 22_22 22_23 23_13 23_14 23_19 23_20 23_22 23_23 24_13 24_14 24_19 24_20 24_22 24_23 25_10 25_11 25_12 25_13 25_14 25_15 25_16 25_17 25_18 25_19 25_20 25_21 25_22 25_23 26_11 26_12 26_13 26_14 26_15 26_16 26_17 26_18 26_19 26_20 26_21 26_22 26_23 27_16 27_17 28_16 28_17 29_16 29_17 2_10 2_11 2_12 2_13 2_14 2_16 2_17 2_18 2_20 2_21 2_22 2_23 2_24 2_25 2_26 2_27 2_28 2_29 2_30 2_31 2_7 2_8 2_9 30_16 30_17 31_16 31_17 31_18 3_22 3_23 3_29 3_31 3_7 3_8 4_10 4_11 4_12 4_13 4_14 4_15 4_16 4_22 4_23 4_28 4_29 4_31 4_7 4_8 4_9 5_10 5_11 5_12 5_13 5_14 5_15 5_22 5_23 5_28 5_29 5_31 5_7 5_8 5_9 6_10 6_11 6_22 6_23 6_31 7_10 7_11 7_13 7_14 7_15 7_16 7_17 7_18 7_19 7_20 7_21 7_22 7_23 7_31 7_7 7_8 7_9 8_10 8_11 8_13 8_14 8_15 8_16 8_17 8_18 8_19 8_20 8_21 8_22 8_23 8_31 8_8 8_9 9_13 9_14 9_19 9_20,246,,1,2,1
mapf-maze-32-32-2-m10-f4,127,5.0,5,10_20 10_22 12_31 16_31 28_5,5,"1,1,1,1,1",0,10_10 10_11 10_12 10_13 10_14 10_16 10_17 10_18 10_19 10_28 10_29 10_30 10_31 10_7 10_8 10_9 11_10 11_11 11_12 11_13 11_14 11_16 11_17 11_18 11_19 11_28 11_29 11_30 11_31 11_8 11_9 13_28 13_29 13_30 13_31 14_28 14_29 14_30 14_31 15_28 15_29 16_28 16_29 17_28 17_29 18_28 18_29 19_22 19_23 19_24 19_25 19_26 19_27 19_28 19_29 1_10 1_11 1_12 1_13 1_14 1_15 1_16 1_17 1_18 1_19 1_20 1_21 1_22 1_23 1_24 1_25 1_26 1_27 1_28 1_29 1_30 1_31 1_7 1_8 1_9 20_22 20_23 20_24 20_25 20_26 20_27 20_28 20_29 21_14 21_22 22_13 22_14 22_19 22_20 22_22 22_23 23_13 23_14 23_19 23_20 23_22 23_23 24_13 24_14 24_19 24_20 24_22 24_23 25_10 25_11 25_12 25_13 25_14 25_15 25_16 25_17 25_18 25_19 25_20 25_21 25_22 25_23 26_11 26_12 26_13 26_14 26_15 26_16 26_17 26_18 26_19 26_20 26_21 26_22 26_23 27_16 27_17 28_16 28_17 29_16 29_17 2_10 2_11 2_12 2_13 2_14 2_16 2_17 2_18 2_20 2_21 2_22 2_23 2_24 2_25 2_26 2_27 2_28 2_29 2_30 2_31 2_7 2_8 2_9 30_16 30_17 31_16 31_17 31_18 3_22 3_23 3_29 3_31 3_7 3_8 4_10 4_11 4_12 4_13 4_14 4_15 4_16 4_22 4_23 4_28 4_29 4_31 4_7 4_8 4_9 5_10 5_11 5_12 5_13 5_14 5_15 5_22 5_23 5_28 5_29 5_31 5_7 5_8 5_9 6_10 6_11 6_22 6_23 6_31 7_10 7_11 7_13 7_14 7_15 7_16 7_17 7_18 7_19 7_20 7_21 7_22 7_23 7_31 7_7 7_8 7_9 8_10 8_11 8_13 8_14 8_15 8_16 8_17 8_18 8_19 8_20 8_21 8_22 8_23 8_31 8_8 8_9 9_13 9_14 9_19 9_20,246,,1,2,1
mapf-maze-32-32-2-m10-f4,128,5.0,5,10_20 10_22 12_31 16_31 29_1,5,"1,1,1,1,1",0,10_10 10_11 10_12 10_13 10_14 10_16 10_17 10_18 10_19 10_28 10_29 10_30 10_31 10_7 10_8 10_9 11_10 11_11 11_12 11_13 11_14 11_16 11_17 11_18 11_19 11_28 11_29 11_30 11_31 11_8 11_9 13_28 13_29 13_30 13_31 14_28 14_29 14_30 14_31 15_28 15_29 16_28 16_29 17_28 17_29 18_28 18_29 19_22 19_23 19_24 19_25 19_26 19_27 19_28 19_29 1_10 1_11 1_12 1_13 1_14 1_15 1_16 1_17 1_18 1_19 1_20 1_21 1_22 1_23 1_24 1_25 1_26 1_27 1_28 1_29 1_30 1_31 1_7 1_8 1_9 20_22 20_23 20_24 20_25 20_26 20_27 20_28 20_29 21_14 21_22 22_13 22_14 22_19 22_20 22_22 22_23 23_13 23_14 23_19 23_20 23_22 23_23 24_13 24_14 24_19 24_20 24_22 24_23 25_10 25_11 25_12 25_13 25_14 25_15 25_16 25_17 25_18 25_19 25_20 25_21 25_22 25_23 26_11 26_12 26_13 26_14 26_15 26_16 26_17 26_18 26_19 26_20 26_21 26_22 26_23 27_16 27_17 28_16 28_17 29_16 29_17 2_10 2_11 2_12 2_13 2_14 2_16 2_17 2_18 2_20 2_21 2_22 2_23 2_24 2_25 2_26 2_27 2_28 2_29 2_30 2_31 2_7 2_8 2_9 30_16 30_17 31_16 31_17 31_18 3_22 3_23 3_29 3_31 3_7 3_8 4_10 4_11 4_12 4_13 4_14 4_15 4_16 4_22 4_23 4_28 4_29 4_31 4_7 4_8 4_9 5_10 5_11 5_12 5_13 5_14 5_15 5_22 5_23 5_28 5_29 5_31 5_7 5_8 5_9 6_10 6_11 6_22 6_23 6_31 7_10 7_11 7_13 7_14 7_15 7_16 7_17 7_18 7_19 7_20 7_21 7_22 7_23 7_31 7_7 7_8 7_9 8_10 8_11 8_13 8_14 8_15 8_16 8_17 8_18 8_19 8_20 8_21 8_22 8_23 8_31 8_8 8_9 9_13 9_14 9_19 9_20,246,,1,2,1
mapf-maze-32-32-2-m10-f4,129,5.0,5,10_20 10_22 12_31 16_31 29_2,5,"1,1,1,1,1",0,10_10 10_11 10_12 10_13 10_14 10_16 10_17 10_18 10_19 10_28 10_29 10_30 10_31 10_7 10_8 10_9 11_10 11_11 11_12 11_13 11_14 11_16 11_17 11_18 11_19 11_28 11_29 11_30 11_31 11_8 11_9 13_28 13_29 13_30 13_31 14_28 14_29 14_30 14_31 15_28 15_29 16_28 16_29 17_28 17_29 18_28 18_29 19_22 19_23 19_24 19_25 19_26 19_27 19_28 19_29 1_10 1_11 1_12 1_13 1_14 1_15 1_16 1_17 1_18 1_19 1_20 1_21 1_22 1_23 1_24 1_25 1_26 1_27 1_28 1_29 1_30 1_31 1_7 1_8 1_9 20_22 20_23 20_24 20_25 20_26 20_27 20_28 20_29 21_14 21_22 22_13 22_14 22_19 22_20 22_22 22_23 23_13 23_14 23_19 23_20 23_22 23_23 24_13 24_14 24_19 24_20 24_22 24_23 25_10 25_11 25_12 25_13 25_14 25_15 25_16 25_17 25_18 25_19 25_20 25_21 25_22 25_23 26_11 26_12 26_13 26_14 26_15 26_16 26_17 26_18 26_19 26_20 26_21 26_22 26_23 27_16 27_17 28_16 28_17 29_16 29_17 2_10 2_11 2_12 2_13 2_14 2_16 2_17 2_18 2_20 2_21 2_22 2_23 2_24 2_25 2_26 2_27 2_28 2_29 2_30 2_31 2_7 2_8 2_9 30_16 30_17 31_16 31_17 31_18 3_22 3_23 3_29 3_31 3_7 3_8 4_10 4_11 4_12 4_13 4_14 4_15 4_16 4_22 4_23 4_28 4_29 4_31 4_7 4_8 4_9 5_10 5_11 5_12 5_13 5_14 5_15 5_22 5_23 5_28 5_29 5_31 5_7 5_8 5_9 6_10 6_11 6_22 6_23 6_31 7_10 7_11 7_13 7_14 7_15 7_16 7_17 7_18 7_19 7_20 7_21 7_22 7_23 7_31 7_7 7_8 7_9 8_10 8_11 8_13 8_14 8_15 8_16 8_17 8_18 8_19 8_20 8_21 8_22 8_23 8_31 8_8 8_9 9_13 9_14 9_19 9_20,246,,1,2,1
mapf-maze-32-32-2-m10-f4,130,5.0,5,10_20 10_22 12_31 16_31 29_4,5,"1,1,1,1,1",0,10_10 10_11 10_12 10_13 10_14 10_16 10_17 10_18 10_19 10_28 10_29 10_30 10_31 10_7 10_8 10_9 11_10 11_11 11_12 11_13 11_14 11_16 11_17 11_18 11_19 11_28 11_29 11_30 11_31 11_8 11_9 13_28 13_29 13_30 13_31 14_28 14_29 14_30 14_31 15_28 15_29 16_28 16_29 17_28 17_29 18_28 18_29 19_22 19_23 19_24 19_25 19_26 19_27 19_28 19_29 1_10 1_11 1_12 1_13 1_14 1_15 1_16 1_17 1_18 1_19 1_20 1_21 1_22 1_23 1_24 1_25 1_26 1_27 1_28 1_29 1_30 1_31 1_7 1_8 1_9 20_22 20_23 20_24 20_25 20_26 20_27 20_28 20_29 21_14 21_22 22_13 22_14 22_19 22_20 22_22 22_23 23_13 23_14 23_19 23_20 23_22 23_23 24_13 24_14 24_19 24_20 24_22 24_23 25_10 25_11 25_12 25_13 25_14 25_15 25_16 25_17 25_18 25_19 25_20 25_21 25_22 25_23 26_11 26_12 26_13 26_14 26_15 26_16 26_17 26_18 26_19 26_20 26_21 26_22 26_23 27_16 27_17 28_16 28_17 29_16 29_17 2_10 2_11 2_12 2_13 2_14 2_16 2_17 2_18 2_20 2_21 2_22 2_23 2_24 2_25 2_26 2_27 2_28 2_29 2_30 2_31 2_7 2_8 2_9 30_16 30_17 31_16 31_17 31_18 3_22 3_23 3_29 3_31 3_7 3_8 4_10 4_11 4_12 4_13 4_14 4_15 4_16 4_22 4_23 4_28 4_29 4_31 4_7 4_8 4_9 5_10 5_11 5_12 5_13 5_14 5_15 5_22 5_23 5_28 5_29 5_31 5_7 5_8 5_9 6_10 6_11 6_22 6_23 6_31 7_10 7_11 7_13 7_14 7_15 7_16 7_17 7_18 7_19 7_20 7_21 7_22 7_23 7_31 7_7 7_8 7_9 8_10 8_11 8_13 8_14 8_15 8_16 8_17 8_18 8_19 8_20 8_21 8_22 8_23 8_31 8_8 8_9 9_13 9_14 9_19 9_20,246,,1,2,1
mapf-maze-32-32-2-m10-f4,131,5.0,5,10_20 10_22 12_31 16_31 29_5,5,"1,1,1,1,1",0,10_10 10_11 10_12 10_13 10_14 10_16 10_17 10_18 10_19 10_28 10_29 10_30 10_31 10_7 10_8 10_9 11_10 11_11 11_12 11_13 11_14 11_16 11_17 11_18 11_19 11_28 11_29 11_30 11_31 11_8 11_9 13_28 13_29 13_30 13_31 14_28 14_29 14_30 14_31 15_28 15_29 16_28 16_29 17_28 17_29 18_28 18_29 19_22 19_23 19_24 19_25 19_26 19_27 19_28 19_29 1_10 1_11 1_12 1_13 1_14 1_15 1_16 1_17 1_18 1_19 1_20 1_21 1_22 1_23 1_24 1_25 1_26 1_27 1_28 1_29 1_30 1_31 1_7 1_8 1_9 20_22 20_23 20_24 20_25 20_26 20_27 20_28 20_29 21_14 21_22 22_13 22_14 22_19 22_20 22_22 22_23 23_13 23_14 23_19 23_20 23_22 23_23 24_13 24_14 24_19 24_20 24_22 24_23 25_10 25_11 25_12 25_13 25_14 25_15 25_16 25_17 25_18 25_19 25_20 25_21 25_22 25_23 26_11 26_12 26_13 26_14 26_15 26_16 26_17 26_18 26_19 26_20 26_21 26_22 26_23 27_16 27_17 28_16 28_17 29_16 29_17 2_10 2_11 2_12 2_13 2_14 2_16 2_17 2_18 2_20 2_21 2_22 2_23 2_24 2_25 2_26 2_27 2_28 2_29 2_30 2_31 2_7 2_8 2_9 30_16 30_17 31_16 31_17 31_18 3_22 3_23 3_29 3_31 3_7 3_8 4_10 4_11 4_12 4_13 4_14 4_15 4_16 4_22 4_23 4_28 4_29 4_31 4_7 4_8 4_9 5_10 5_11 5_12 5_13 5_14 5_15 5_22 5_23 5_28 5_29 5_31 5_7 5_8 5_9 6_10 6_11 6_22 6_23 6_31 7_10 7_11 7_13 7_14 7_15 7_16 7_17 7_18 7_19 7_20 7_21 7_22 7_23 7_31 7_7 7_8 7_9 8_10 8_11 8_13 8_14 8_15 8_16 8_17 8_18 8_19 8_20 8_21 8_22 8_23 8_31 8_8 8_9 9_13 9_14 9_19 9_20,246,,1,2,1
mapf-maze-32-32-2-m10-f4,132,5.0,5,10_20 10_22 12_31 16_31 30_1,5,"1,1,1,1,1",0,10_10 10_11 10_12 10_13 10_14 10_16 10_17 10_18 10_19 10_28 10_29 10_30 10_31 10_7 10_8 10_9 11_10 11_11 11_12 11_13 11_14 11_16 11_17 11_18 11_19 11_28 11_29 11_30 11_31 11_8 11_9 13_28 13_29 13_30 13_31 14_28 14_29 14_30 14_31 15_28 15_29 16_28 16_29 17_28 17_29 18_28 18_29 19_22 19_23 19_24 19_25 19_26 19_27 19_28 19_29 1_10 1_11 1_12 1_13 1_14 1_15 1_16 1_17 1_18 1_19 1_20 1_21 1_22 1_23 1_24 1_25 1_26 1_27 1_28 1_29 1_30 1_31 1_7 1_8 1_9 20_22 20_23 20_24 20_25 20_26 20_27 20_28 20_29 21_14 21_22 22_13 22_14 22_19 22_20 22_22 22_23 23_13 23_14 23_19 23_20 23_22 23_23 24_13 24_14 24_19 24_20 24_22 24_23 25_10 25_11 25_12 25_13 25_14 25_15 25_16 25_17 25_18 25_19 25_20 25_21 25_22 25_23 26_11 26_12 26_13 26_14 26_15 26_16 26_17 26_18 26_19 26_20 26_21 26_22 26_23 27_16 27_17 28_16 28_17 29_16 29_17 2_10 2_11 2_12 2_13 2_14 2_16 2_17 2_18 2_20 2_21 2_22 2_23 2_24 2_25 2_26 2_27 2_28 2_29 2_30 2_31 2_7 2_8 2_9 30_16 30_17 31_16 31_17 31_18 3_22 3_23 3_29 3_31 3_7 3_8 4_10 4_11 4_12 4_13 4_14 4_15 4_16 4_22 4_23 4_28 4_29 4_31 4_7 4_8 4_9 5_10 5_11 5_12 5_13 5_14 5_15 5_22 5_23 5_28 5_29 5_31 5_7 5_8 5_9 6_10 6_11 6_22 6_23 6_31 7_10 7_11 7_13 7_14 7_15 7_16 7_17 7_18 7_19 7_20 7_21 7_22 7_23 7_31 7_7 7_8 7_9 8_10 8_11 8_13 8_14 8_15 8_16 8_17 8_18 8_19 8_20 8_21 8_22 8_23 8_31 8_8 8_9 9_13 9_14 9_19 9_20,246,,1,2,1
mapf-maze-32-32-2-m10-f4,133,5.0,5,10_20 10_22 12_31 16_31 30_2,5,"1,1,1,1,1",0,10_10 10_11 10_12 10_13 10_14 10_16 10_17 10_18 10_19 10_28 10_29 10_30 10_31 10_7 10_8 10_9 11_10 11_11 11_12 11_13 11_14 11_16 11_17 11_18 11_19 11_28 11_29 11_30 11_31 11_8 11_9 13_28 13_29 13_30 13_31 14_28 14_29 14_30 14_31 15_28 15_29 16_28 16_29 17_28 17_29 18_28 18_29 19_22 19_23 19_24 19_25 19_26 19_27 19_28 19_29 1_10 1_11 1_12 1_13 1_14 1_15 1_16 1_17 1_18 1_19 1_20 1_21 1_22 1_23 1_24 1_25 1_26 1_27 1_28 1_29 1_30 1_31 1_7 1_8 1_9 20_22 20_23 20_24 20_25 20_26 20_27 20_28 20_29 21_14 21_22 22_13 22_14 22_19 22_20 22_22 22_23 23_13 23_14 23_19 23_20 23_22 23_23 24_13 24_14 24_19 24_20 24_22 24_23 25_10 25_11 25_12 25_13 25_14 25_15 25_16 25_17 25_18 25_19 25_20 25_21 25_22 25_23 26_11 26_12 26_13 26_14 26_15 26_16 26_17 26_18 26_19 26_20 26_21 26_22 26_23 27_16 27_17 28_16 28_17 29_16 29_17 2_10 2_11 2_12 2_13 2_14 2_16 2_17 2_18 2_20 2_21 2_22 2_23 2_24 2_25 2_26 2_27 2_28 2_29 2_30 2_31 2_7 2_8 2_9 30_16 30_17 31_16 31_17 31_18 3_22 3_23 3_29 3_31 3_7 3_8 4_10 4_11 4_12 4_13 4_14 4_15 4_16 4_22 4_23 4_28 4_29 4_31 4_7 4_8 4_9 5_10 5_11 5_12 5_13 5_14 5_15 5_22 5_23 5_28 5_29 5_31 5_7 5_8 5_9 6_10 6_11 6_22 6_23 6_31 7_10 7_11 7_13 7_14 7_15 7_16 7_17 7_18 7_19 7_20 7_21 7_22 7_23 7_31 7_7 7_8 7_9 8_10 8_11 8_13 8_14 8_15 8_16 8_17 8_18 8_19 8_20 8_21 8_22 8_23 8_31 8_8 8_9 9_13 9_14 9_19 9_20,246,,1,2,1
mapf-maze-32-32-2-m10-f4,134,5.0,5,10_23 13_28 16_31 21_1 4_23,5,"1,1,1,1,1",0,10_10 10_11 10_12 10_13 10_14 10_16 10_17 10_18 10_19 10_20 10_28 10_29 10_30 10_31 10_8 10_9 11_10 11_11 11_12 11_13 11_14 11_16 11_17 11_18 11_19 11_28 11_29 11_30 11_31 11_9 12_31 13_29 13_30 13_31 14_28 14_29 14_30 14_31 15_28 15_29 16_28 16_29 17_28 17_29 18_28 18_29 19_22 19_23 19_24 19_25 19_26 19_27 19_28 19_29 1_10 1_11 1_12 1_13 1_14 1_15 1_16 1_17 1_18 1_19 1_20 1_21 1_22 1_23 1_24 1_25 1_26 1_27 1_28 1_29 1_30 1_31 1_7 1_8 1_9 20_22 20_23 20_24 20_25 20_26 20_27 20_28 20_29 21_14 21_22 22_13 22_14 22_19 22_20 22_22 22_23 23_13 23_14 23_19 23_20 23_22 23_23 24_13 24_14 24_19 24_20 24_22 24_23 25_10 25_11 25_12 25_13 25_14 25_15 25_16 25_17 25_18 25_19 25_20 25_21 25_22 25_23 26_11 26_12 26_13 26_14 26_15 26_16 26_17 26_18 26_19 26_20 26_21 26_22 26_23 27_16 27_17 28_16 28_17 29_16 29_17 2_10 2_11 2_12 2_13 2_14 2_16 2_17 2_18 2_20 2_21 2_22 2_23 2_24 2_25 2_26 2_27 2_28 2_29 2_30 2_31 2_7 2_8 2_9 30_16 30_17 31_16 31_17 31_18 3_22 3_23 3_29 3_31 3_7 3_8 4_10 4_11 4_12 4_13 4_14 4_15 4_16 4_22 4_28 4_29 4_31 4_7 4_8 4_9 5_10 5_11 5_12 5_13 5_14 5_15 5_22 5_23 5_28 5_29 5_31 5_7 5_8 5_9 6_10 6_11 6_22 6_23 6_31 7_10 7_11 7_13 7_14 7_15 7_16 7_17 7_18 7_19 7_20 7_21 7_22 7_23 7_31 7_7 7_8 7_9 8_10 8_11 8_13 8_14 8_15 8_16 8_17 8_18 8_19 8_20 8_21 8_22 8_23 8_31 8_8 8_9 9_13 9_14 9_19 9_20,244,,1,1,1
mapf-maze-32-32-2-m10-f4,135,5.0,5,10_23 13_28 16_31 21_1 5_22,5,"1,1,1,1,1",0,10_10 10_11 10_12 10_13 10_14 10_16 10_17 10_18 10_19 10_20 10_28 10_29 10_30 10_31 10_8 10_9 11_10 11_11 11_12 11_13 11_14 11_16 11_17 11_18 11_19 11_28 11_29 11_30 11_31 11_9 12_31 13_29 13_30 13_31 14_28 14_29 14_30 14_31 15_28 15_29 16_28 16_29 17_28 17_29 18_28 18_29 19_22 19_23 19_24 19_25 19_26 19_27 19_28 19_29 1_10 1_11 1_12 1_13 1_14 1_15 1_16 1_17 1_18 1_19 1_20 1_21 1_22 1_23 1_24 1_25 1_26 1_27 1_28 1_29 1_30 1_31 1_7 1_8 1_9 20_22 20_23 20_24 20_25 20_26 20_27 20_28 20_29 21_14 21_22 22_13 22_14 22_19 22_20 22_22 22_23 23_13 23_14 23_19 23_20 23_22 23_23 24_13 24_14 24_19 24_20 24_22 24_23 25_10 25_11 25_12 25_13 25_14 25_15 25_16 25_17 25_18 25_19 25_20 25_21 25_22 25_23 26_11 26_12 26_13 26_14 26_15 26_16 26_17 26_18 26_19 26_20 26_21 26_22 26_23 27_16 27_17 28_16 28_17 29_16 29_17 2_10 2_11 2_12 2_13 2_14 2_16 2_17 2_18 2_20 2_21 2_22 2_23 2_24 2_25 2_26 2_27 2_28 2_29 2_30 2_31 2_7 2_8 2_9 30_16 30_17 31_16 31_17 31_18 3_22 3_23 3_29 3_31 3_7 3_8 4_10 4_11 4_12 4_13 4_14 4_15 4_16 4_22 4_23 4_28 4_29 4_31 4_7 4_8 4_9 5_10 5_11 5_12 5_13 5_14 5_15 5_23 5_28 5_29 5_31 5_7 5_8 5_9 6_10 6_11 6_22 6_23 6_31 7_10 7_11 7_13 7_14 7_15 7_16 7_17 7_18 7_19 7_20 7_21 7_22 7_23 7_31 7_7 7_8 7_9 8_10 8_11 8_13 8_14 8_15 8_16 8_17 8_18 8_19 8_20 8_21 8_22 8_23 8_31 8_8 8_9 9_13 9_14 9_19 9_20,244,,1,1,1
mapf-maze-32-32-2-m10-f4,136,5.0,5,10_23 13_28 16_31 21_1 5_23,5,"1,1,1,1,1",0,10_10 10_11 10_12 10_13 10_14 10_16 10_17 10_18 10_19 10_20 10_28 10_29 10_30 10_31 10_8 10_9 11_10 11_11 11_12 11_13 11_14 11_16 11_17 11_18 11_19 11_28 11_29 11_30 11_31 11_9 12_31 13_29 13_30 13_31 14_28 14_29 14_30 14_31 15_28 15_29 16_28 16_29 17_28 17_29 18_28 18_29 19_22 19_23 19_24 19_25 19_26 19_27 19_28 19_29 1_10 1_11 1_12 1_13 1_14 1_15 1_16 1_17 1_18 1_19 1_20 1_21 1_22 1_23 1_24 1_25 1_26 1_27 1_28 1_29 1_30 1_31 1_7 1_8 1_9 20_22 20_23 20_24 20_25 20_26 20_27 20_28 20_29 21_14 21_22 22_13 22_14 22_19 22_20 22_22 22_23 23_13 23_14 23_19 23_20 23_22 23_23 24_13 24_14 24_19 24_20 24_22 24_23 25_10 25_11 25_12 25_13 25_14 25_15 25_16 25_17 25_18 25_19 25_20 25_21 25_22 25_23 26_11 26_12 26_13 26_14 26_15 26_16 26_17 26_18 26_19 26_20 26_21 26_22 26_23 27_16 27_17 28_16 28_17 29_16 29_17 2_10 2_11 2_12 2_13 2_14 2_16 2_17 2_18 2_20 2_21 2_22 2_23 2_24 2_25 2_26 2_27 2_28 2_29 2_30 2_31 2_7 2_8 2_9 30_16 30_17 31_16 31_17 31_18 3_22 3_23 3_29 3_31 3_7 3_8 4_10 4_11 4_12 4_13 4_14 4_15 4_16 4_22 4_23 4_28 4_29 4_31 4_7 4_8 4_9 5_10 5_11 5_12 5_13 5_14 5_15 5_22 5_28 5_29 5_31 5_7 5_8 5_9 6_10 6_11 6_22 6_23 6_31 7_10 7_11 7_13 7_14 7_15 7_16 7_17 7_18 7_19 7_20 7_21 7_22 7_23 7_31 7_7 7_8 7_9 8_10 8_11 8_13 8_14 8_15 8_16 8_17 8_18 8_19 8_20 8_21 8_22 8_23 8_31 8_8 8_9 9_13 9_14 9_19 9_20,244,,1,1,1
mapf-maze-32-32-2-m10-f4,137,5.0,5,10_23 13_28 16_31 21_1 6_22,5,"1,1,1,1,1",0,10_10 10_11 10_12 10_13 10_14 10_16 10_17 10_18 10_19 10_20 10_28 10_29 10_30 10_31 10_8 10_9 11_10 11_11 11_12 11_13 11_14 11_16 11_17 11_18 11_19 11_28 11_29 11_30 11_31 11_9 12_31 13_29 13_30 13_31 14_28 14_29 14_30 14_31 15_28 15_29 16_28 16_29 17_28 17_29 18_28 18_29 19_22 19_23 19_24 19_25 19_26 19_27 19_28 19_29 1_10 1_11 1_12 1_13 1_14 1_15 1_16 1_17 1_18 1_19 1_20 1_21 1_22 1_23 1_24 1_25 1_26 1_27 1_28 1_29 1_30 1_31 1_7 1_8 1_9 20_22 20_23 20_24 20_25 20_26 20_27 20_28 20_29 21_14 21_22 22_13 22_14 22_19 22_20 22_22 22_23 23_13 23_14 23_19 23_20 23_22 23_23 24_13 24_14 24_19 24_20 24_22 24_23 25_10 25_11 25_12 25_13 25_14 25_15 25_16 25_17 25_18 25_19 25_20 25_21 25_22 25_23 26_11 26_12 26_13 26_14 26_15 26_16 26_17 26_18 26_19 26_20 26_21 26_22 26_23 27_16 27_17 28_16 28_17 29_16 29_17 2_10 2_11 2_12 2_13 2_14 2_16 2_17 2_18 2_20 2_21 2_22 2_23 2_24 2_25 2_26 2_27 2_28 2_29 2_30 2_31 2_7 2_8 2_9 30_16 30_17 31_16 31_17 31_18 3_22 3_23 3_29 3_31 3_7 3_8 4_10 4_11 4_12 4_13 4_14 4_15 4_16 4_22 4_23 4_28 4_29 4_31 4_7 4_8 4_9 5_10 5_11 5_12 5_13 5_14 5_15 5_22 5_23 5_28 5_29 5_31 5_7 5_8 5_9 6_10 6_11 6_23 6_31 7_10 7_11 7_13 7_14 7_15 7_16 7_17 7_18 7_19 7_20 7_21 7_22 7_23 7_31 7_7 7_8 7_9 8_10 8_11 8_13 8_14 8_15 8_16 8_17 8_18 8_19 8_20 8_21 8_22 8_23 8_31 8_8 8_9 9_13 9_14 9_19 9_20,244,,1,1,1
mapf-maze-32-32-2-m10-f4,138,5.0,5,10_23 13_28 16_31 21_1 6_23,5,"1,1,1,1,1",0,10_10 10_11 10_12 10_13 10_14 10_16 10_17 10_18 10_19 10_20 10_28 10_29 10_30 10_31 10_8 10_9 11_10 11_11 11_12 11_13 11_14 11_16 11_17 11_18 11_19 11_28 11_29 11_30 11_31 11_9 12_31 13_29 13_30 13_31 14_28 14_29 14_30 14_31 15_28 15_29 16_28 16_29 17_28 17_29 18_28 18_29 19_22 19_23 19_24 19_25 19_26 19_27 19_28 19_29 1_10 1_11 1_12 1_13 1_14 1_15 1_16 1_17 1_18 1_19 1_20 1_21 1_22 1_23 1_24 1_25 1_26 1_27 1_28 1_29 1_30 1_31 1_7 1_8 1_9 20_22 20_23 20_24 20_25 20_26 20_27 20_28 20_29 21_14 21_22 22_13 22_14 22_19 22_20 22_22 22_23 23_13 23_14 23_19 23_20 23_22 23_23 24_13 24_14 24_19 24_20 24_22 24_23 25_10 25_11 25_12 25_13 25_14 25_15 25_16 25_17 25_18 25_19 25_20 25_21 25_22 25_23 26_11 26_12 26_13 26_14 26_15 26_16 26_17 26_18 26_19 26_20 26_21 26_22 26_23 27_16 27_17 28_16 28_17 29_16 29_17 2_10 2_11 2_12 2_13 2_14 2_16 2_17 2_18 2_20 2_21 2_22 2_23 2_24 2_25 2_26 2_27 2_28 2_29 2_30 2_31 2_7 2_8 2_9 30_16 30_17 31_16 31_17 31_18 3_22 3_23 3_29 3_31 3_7 3_8 4_10 4_11 4_12 4_13 4_14 4_15 4_16 4_22 4_23 4_28 4_29 4_31 4_7 4_8 4_9 5_10 5_11 5_12 5_13 5_14 5_15 5_22 5_23 5_28 5_29 5_31 5_7 5_8 5_9 6_10 6_11 6_22 6_31 7_10 7_11 7_13 7_14 7_15 7_16 7_17 7_18 7_19 7_20 7_21 7_22 7_23 7_31 7_7 7_8 7_9 8_10 8_11 8_13 8_14 8_15 8_16 8_17 8_18 8_19 8_20 8_21 8_22 8_23 8_31 8_8 8_9 9_13 9_14 9_19 9_20,244,,1,1,1
mapf-maze-32-32-2-m10-f4,139,5.0,5,10_23 13_28 16_31 21_1 7_17,5,"1,1,1,1,1",0,10_10 10_11 10_12 10_13 10_14 10_16 10_17 10_18 10_19 10_20 10_28 10_29 10_3 10_30 10_31 10_4 10_5 10_6 10_7 10_8 10_9 11_10 11_11 11_12 11_13 11_14 11_16 11_17 11_18 11_19 11_28 11_29 11_30 11_31 11_4 11_5 11_6 11_7 11_8 11_9 12_31 13_29 13_30 13_31 14_28 14_29 14_30 14_31 15_28 15_29 16_28 16_29 17_28 17_29 18_28 18_29 19_22 19_23 19_24 19_25 19_26 19_27 19_28 19_29 1_10 1_11 1_12 1_13 1_14 1_15 1_16 1_17 1_18 1_19 1_20 1_21 1_22 1_23 1_24 1_25 1_26 1_27 1_28 1_29 1_30 1_31 1_7 1_8 1_9 20_22 20_23 20_24 20_25 20_26 20_27 20_28 20_29 21_14 21_22 22_13 22_14 22_19 22_20 22_22 22_23 23_13 23_14 23_19 23_20 23_22 23_23 24_13 24_14 24_19 24_20 24_22 24_23 25_10 25_11 25_12 25_13 25_14 25_15 25_16 25_17 25_18 25_19 25_20 25_21 25_22 25_23 26_11 26_12 26_13 26_14 26_15 26_16 26_17 26_18 26_19 26_20 26_21 26_22 26_23 27_16 27_17 28_16 28_17 29_16 29_17 2_10 2_11 2_12 2_13 2_14 2_16 2_17 2_18 2_20 2_21 2_22 2_23 2_24 2_25 2_26 2_27 2_28 2_29 2_30 2_31 2_7 2_8 2_9 30_16 30_17 31_16 31_17 31_18 3_22 3_23 3_29 3_31 3_7 3_8 4_10 4_11 4_12 4_13 4_14 4_15 4_16 4_22 4_23 4_28 4_29 4_31 4_7 4_8 4_9 5_10 5_11 5_12 5_13 5_14 5_15 5_22 5_23 5_28 5_29 5_31 5_7 5_8 5_9 6_10 6_11 6_22 6_23 6_31 7_10 7_11 7_13 7_14 7_15 7_16 7_18 7_19 7_20 7_21 7_22 7_23 7_31 7_7 7_8 7_9 8_10 8_11 8_13 8_14 8_15 8_16 8_17 8_18 8_19 8_20 8_21 8_22 8_23 8_31 8_8 8_9 9_13 9_14 9_19 9_20,254,,1,1,1
mapf-maze-32-32-2-m10-f4,140,5.0,5,10_23 13_28 16_31 21_1 7_18,5,"1,1,1,1,1",0,10_10 10_11 10_12 10_13 10_14 10_16 10_17 10_18 10_19 10_20 10_28 10_29 10_30 10_31 10_4 10_5 10_6 10_7 10_8 10_9 11_10 11_11 11_12 11_13 11_14 11_16 11_17 11_18 11_19 11_28 11_29 11_30 11_31 11_5 11_6 11_7 11_8 11_9 12_31 13_29 13_30 13_31 14_28 14_29 14_30 14_31 15_28 15_29 16_28 16_29 17_28 17_29 18_28 18_29 19_22 19_23 19_24 19_25 19_26 19_27 19_28 19_29 1_10 1_11 1_12 1_13 1_14 1_15 1_16 1_17 1_18 1_19 1_20 1_21 1_22 1_23 1_24 1_25 1_26 1_27 1_28 1_29 1_30 1_31 1_7 1_8 1_9 20_22 20_23 20_24 20_25 20_26 20_27 20_28 20_29 21_14 21_22 22_13 22_14 22_19 22_20 22_22 22_23 23_13 23_14 23_19 23_20 23_22 23_23 24_13 24_14 24_19 24_20 24_22 24_23 25_10 25_11 25_12 25_13 25_14 25_15 25_16 25_17 25_18 25_19 25_20 25_21 25_22 25_23 26_11 26_12 26_13 26_14 26_15 26_16 26_17 26_18 26_19 26_20 26_21 26_22 26_23 27_16 27_17 28_16 28_17 29_16 29_17 2_10 2_11 2_12 2_13 2_14 2_16 2_17 2_18 2_20 2_21 2_22 2_23 2_24 2_25 2_26 2_27 2_28 2_29 2_30 2_31 2_7 2_8 2_9 30_16 30_17 31_16 31_17 31_18 3_22 3_23 3_29 3_31 3_7 3_8 4_10 4_11 4_12 4_13 4_14 4_15 4_16 4_22 4_23 4_28 4_29 4_31 4_7 4_8 4_9 5_10 5_11 5_12 5_13 5_14 5_15 5_22 5_23 5_28 5_29 5_31 5_7 5_8 5_9 6_10 6_11 6_22 6_23 6_31 7_10 7_11 7_13 7_14 7_15 7_16 7_17 7_19 7_20 7_21 7_22 7_23 7_31 7_7 7_8 7_9 8_10 8_11 8_13 8_14 8_15 8_16 8_17 8_18 8_19 8_20 8_21 8_22 8_23 8_31 8_8 8_9 9_13 9_14 9_19 9_20,252,,1,1,1
mapf-maze-32-32-2-m10-f4,141,5.0,5,10_23 13_28 16_31 21_1 7_19,5,"1,1,1,1,1",0,10_10 10_11 10_12 10_13 10_14 10_16 10_17 10_18 10_19 10_20 10_28 10_29 10_30 10_31 10_5 10_6 10_7 10_8 10_9 11_10 11_11 11_12 11_13 11_14 11_16 11_17 11_18 11_19 11_28 11_29 11_30 11_31 11_6 11_7 11_8 11_9 12_31 13_29 13_30 13_31 14_28 14_29 14_30 14_31 15_28 15_29 16_28 16_29 17_28 17_29 18_28 18_29 19_22 19_23 19_24 19_25 19_26 19_27 19_28 19_29 1_10 1_11 1_12 1_13 1_14 1_15 1_16 1_17 1_18 1_19 1_20 1_21 1_22 1_23 1_24 1_25 1_26 1_27 1_28 1_29 1_30 1_31 1_7 1_8 1_9 20_22 20_23 20_24 20_25 20_26 20_27 20_28 20_29 21_14 21_22 22_13 22_14 22_19 22_20 22_22 22_23 23_13 23_14 23_19 23_20 23_22 23_23 24_13 24_14 24_19 24_20 24_22 24_23 25_10 25_11 25_12 25_13 25_14 25_15 25_16 25_17 25_18 25_19 25_20 25_21 25_22 25_23 26_11 26_12 26_13 26_14 26_15 26_16 26_17 26_18 26_19 26_20 26_21 26_22 26_23 27_16 27_17 28_16 28_17 29_16 29_17 2_10 2_11 2_12 2_13 2_14 2_16 2_17 2_18 2_20 2_21 2_22 2_23 2_24 2_25 2_26 2_27 2_28 2_29 2_30 2_31 2_7 2_8 2_9 30_16 30_17 31_16 31_17 31_18 3_22 3_23 3_29 3_31 3_7 3_8 4_10 4_11 4_12 4_13 4_14 4_15 4_16 4_22 4_23 4_28 4_29 4_31 4_7 4_8 4_9 5_10 5_11 5_12 5_13 5_14 5_15 5_22 5_23 5_28 5_29 5_31 5_7 5_8 5_9 6_10 6_11 6_22 6_23 6_31 7_10 7_11 7_13 7_14 7_15 7_16 7_17 7_18 7_20 7_21 7_22 7_23 7_31 7_7 7_8 7_9 8_10 8_11 8_13 8_14 8_15 8_16 8_17 8_18 8_19 8_20 8_21 8_22 8_23 8_31 8_8 8_9 9_13 9_14 9_19 9_20,250,,1,1,1
mapf-maze-32-32-2-m10-f4,142,5.0,5,10_23 13_28 16_31 21_1 7_20,5,"1,1,1,1,1",0,10_10 10_11 10_12 10_13 10_14 10_16 10_17 10_18 10_19 10_20 10_28 10_29 10_30 10_31 10_6 10_7 10_8 10_9 11_10 11_11 11_12 11_13 11_14 11_16 11_17 11_18 11_19 11_28 11_29 11_30 11_31 11_7 11_8 11_9 12_31 13_29 13_30 13_31 14_28 14_29 14_30 14_31 15_28 15_29 16_28 16_29 17_28 17_29 18_28 18_29 19_22 19_23 19_24 19_25 19_26 19_27 19_28 19_29 1_10 1_11 1_12 1_13 1_14 1_15 1_16 1_17 1_18 1_19 1_20 1_21 1_22 1_23 1_24 1_25 1_26 1_27 1_28 1_29 1_30 1_31 1_7 1_8 1_9 20_22 20_23 20_24 20_25 20_26 20_27 20_28 20_29 21_14 21_22 22_13 22_14 22_19 22_20 22_22 22_23 23_13 23_14 23_19 23_20 23_22 23_23 24_13 24_14 24_19 24_20 24_22 24_23 25_10 25_11 25_12 25_13 25_14 25_15 25_16 25_17 25_18 25_19 25_20 25_21 25_22 25_23 26_11 26_12 26_13 26_14 26_15 26_16 26_17 26_18 26_19 26_20 26_21 26_22 26_23 27_16 27_17 28_16 28_17 29_16 29_17 2_10 2_11 2_12 2_13 2_14 2_16 2_17 2_18 2_20 2_21 2_22 2_23 2_24 2_25 2_26 2_27 2_28 2_29 2_30 2_31 2_7 2_8 2_9 30_16 30_17 31_16 31_17 31_18 3_22 3_23 3_29 3_31 3_7 3_8 4_10 4_11 4_12 4_13 4_14 4_15 4_16 4_22 4_23 4_28 4_29 4_31 4_7 4_8 4_9 5_10 5_11 5_12 5_13 5_14 5_15 5_22 5_23 5_28 5_29 5_31 5_7 5_8 5_9 6_10 6_11 6_22 6_23 6_31 7_10 7_11 7_13 7_14 7_15 7_16 7_17 7_18 7_19 7_21 7_22 7_23 7_31 7_7 7_8 7_9 8_10 8_11 8_13 8_14 8_15 8_16 8_17 8_18 8_19 8_20 8_21 8_22 8_23 8_31 8_8 8_9 9_13 9_14 9_19 9_20,248,,1,1,1
mapf-maze-32-32-2-m10-f4,143,5.0,5,10_23 13_28 16_31 21_1 7_21,5,"1,1,1,1,1",0,10_10 10_11 10_12 10_13 10_14 10_16 10_17 10_18 10_19 10_20 10_28 10_29 10_30 10_31 10_7 10_8 10_9 11_10 11_11 11_12 11_13 11_14 11_16 11_17 11_18 11_19 11_28 11_29 11_30 11_31 11_8 11_9 12_31 13_29 13_30 13_31 14_28 14_29 14_30 14_31 15_28 15_29 16_28 16_29 17_28 17_29 18_28 18_29 19_22 19_23 19_24 19_25 19_26 19_27 19_28 19_29 1_10 1_11 1_12 1_13 1_14 1_15 1_16 1_17 1_18 1_19 1_20 1_21 1_22 1_23 1_24 1_25 1_26 1_27 1_28 1_29 1_30 1_31 1_7 1_8 1_9 20_22 20_23 20_24 20_25 20_26 20_27 20_28 20_29 21_14 21_22 22_13 22_14 22_19 22_20 22_22 22_23 23_13 23_14 23_19 23_20 23_22 23_23 24_13 24_14 24_19 24_20 24_22 24_23 25_10 25_11 25_12 25_13 25_14 25_15 25_16 25_17 25_18 25_19 25_20 25_21 25_22 25_23 26_11 26_12 26_13 26_14 26_15 26_16 26_17 26_18 26_19 26_20 26_21 26_22 26_23 27_16 27_17 28_16 28_17 29_16 29_17 2_10 2_11 2_12 2_13 2_14 2_16 2_17 2_18 2_20 2_21 2_22 2_23 2_24 2_25 2_26 2_27 2_28 2_29 2_30 2_31 2_7 2_8 2_9 30_16 30_17 31_16 31_17 31_18 3_22 3_23 3_29 3_31 3_7 3_8 4_10 4_11 4_12 4_13 4_14 4_15 4_16 4_22 4_23 4_28 4_29 4_31 4_7 4_8 4_9 5_10 5_11 5_12 5_13 5_14 5_15 5_22 5_23 5_28 5_29 5_31 5_7 5_8 5_9 6_10 6_11 6_22 6_23 6_31 7_10 7_11 7_13 7_14 7_15 7_16 7_17 7_18 7_19 7_20 7_22 7_23 7_31 7_7 7_8 7_9 8_10 8_11 8_13 8_14 8_15 8_16 8_17 8_18 8_19 8_20 8_21 8_22 8_23 8_31 8_8 8_9 9_13 9_14 9_19 9_20,246,,1,1,1
mapf-maze-32-32-2-m10-f4,144,5.0,5,10_23 13_28 16_31 21_1 7_22,5,"1,1,1,1,1",0,10_10 10_11 10_12 10_13 10_14 10_16 10_17 10_18 10_19 10_20 10_28 10_29 10_30 10_31 10_8 10_9 11_10 11_11 11_12 11_13 11_14 11_16 11_17 11_18 11_19 11_28 11_29 11_30 11_31 11_9 12_31 13_29 13_30 13_31 14_28 14_29 14_30 14_31 15_28 15_29 16_28 16_29 17_28 17_29 18_28 18_29 19_22 19_23 19_24 19_25 19_26 19_27 19_28 19_29 1_10 1_11 1_12 1_13 1_14 1_15 1_16 1_17 1_18 1_19 1_20 1_21 1_22 1_23 1_24 1_25 1_26 1_27 1_28 1_29 1_30 1_31 1_7 1_8 1_9 20_22 20_23 20_24 20_25 20_26 20_27 20_28 20_29 21_14 21_22 22_13 22_14 22_19 22_20 22_22 22_23 23_13 23_14 23_19 23_20 23_22 23_23 24_13 24_14 24_19 24_20 24_22 24_23 25_10 25_11 25_12 25_13 25_14 25_15 25_16 25_17 25_18 25_19 25_20 25_21 25_22 25_23 26_11 26_12 26_13 26_14 26_15 26_16 26_17 26_18 26_19 26_20 26_21 26_22 26_23 27_16 27_17 28_16 28_17 29_16 29_17 2_10 2_11 2_12 2_13 2_14 2_16 2_17 2_18 2_20 2_21 2_22 2_23 2_24 2_25 2_26 2_27 2_28 2_29 2_30 2_31 2_7 2_8 2_9 30_16 30_17 31_16 31_17 31_18 3_22 3_23 3_29 3_31 3_7 3_8 4_10 4_11 4_12 4_13 4_14 4_15 4_16 4_22 4_23 4_28 4_29 4_31 4_7 4_8 4_9 5_10 5_11 5_12 5_13 5_14 5_15 5_22 5_23 5_28 5_29 5_31 5_7 5_8 5_9 6_10 6_11 6_22 6_23 6_31 7_10 7_11 7_13 7_14 7_15 7_16 7_17 7_18 7_19 7_20 7_21 7_23 7_31 7_7 7_8 7_9 8_10 8_11 8_13 8_14 8_15 8_16 8_17 8_18 8_19 8_20 8_21 8_22 8_23 8_31 8_8 8_9 9_13 9_14 9_19 9_20,244,,1,1,1
mapf-maze-32-32-2-m10-f4,145,5.0,5,10_23 13_28 16_31 21_1 7_23,5,"1,1,1,1,1",0,10_10 10_11 10_12 10_13 10_14 10_16 10_17 10_18 10_19 10_20 10_28 10_29 10_30 10_31 10_8 10_9 11_10 11_11 11_12 11_13 11_14 11_16 11_17 11_18 11_19 11_28 11_29 11_30 11_31 11_9 12_31 13_29 13_30 13_31 14_28 14_29 14_30 14_31 15_28 15_29 16_28 16_29 17_28 17_29 18_28 18_29 19_22 19_23 19_24 19_25 19_26 19_27 19_28 19_29 1_10 1_11 1_12 1_13 1_14 1_15 1_16 1_17 1_18 1_19 1_20 1_21 1_22 1_23 1_24 1_25 1_26 1_27 1_28 1_29 1_30 1_31 1_7 1_8 1_9 20_22 20_23 20_24 20_25 20_26 20_27 20_28 20_29 21_14 21_22 22_13 22_14 22_19 22_20 22_22 22_23 23_13 23_14 23_19 23_20 23_22 23_23 24_13 24_14 24_19 24_20 24_22 24_23 25_10 25_11 25_12 25_13 25_14 25_15 25_16 25_17 25_18 25_19 25_20 25_21 25_22 25_23 26_11 26_12 26_13 26_14 26_15 26_16 26_17 26_18 26_19 26_20 26_21 26_22 26_23 27_16 27_17 28_16 28_17 29_16 29_17 2_10 2_11 2_12 2_13 2_14 2_16 2_17 2_18 2_20 2_21 2_22 2_23 2_24 2_25 2_26 2_27 2_28 2_29 2_30 2_31 2_7 2_8 2_9 30_16 30_17 31_16 31_17 31_18 3_22 3_23 3_29 3_31 3_7 3_8 4_10 4_11 4_12 4_13 4_14 4_15 4_16 4_22 4_23 4_28 4_29 4_31 4_7 4_8 4_9 5_10 5_11 5_12 5_13 5_14 5_15 5_22 5_23 5_28 5_29 5_31 5_7 5_8 5_9 6_10 6_11 6_22 6_23 6_31 7_10 7_11 7_13 7_14 7_15 7_16 7_17 7_18 7_19 7_20 7_21 7_22 7_31 7_7 7_8 7_9 8_10 8_11 8_13 8_14 8_15 8_16 8_17 8_18 8_19 8_20 8_21 8_22 8_23 8_31 8_8 8_9 9_13 9_14 9_19 9_20,244,,1,1,1
mapf-maze-32-32-2-m10-f4,146,5.0,5,10_23 13_28 16_31 21_1 8_18,5,"1,1,1,1,1",0,10_10 10_11 10_12 10_13 10_14 10_16 10_17 10_18 10_19 10_20 10_28 10_29 10_3 10_30 10_31 10_4 10_5 10_6 10_7 10_8 10_9 11_10 11_11 11_12 11_13 11_14 11_16 11_17 11_18 11_19 11_28 11_29 11_30 11_31 11_4 11_5 11_6 11_7 11_8 11_9 12_31 13_29 13_30 13_31 14_28 14_29 14_30 14_31 15_28 15_29 16_28 16_29 17_28 17_29 18_28 18_29 19_22 19_23 19_24 19_25 19_26 19_27 19_28 19_29 1_10 1_11 1_12 1_13 1_14 1_15 1_16 1_17 1_18 1_19 1_20 1_21 1_22 1_23 1_24 1_25 1_26 1_27 1_28 1_29 1_30 1_31 1_7 1_8 1_9 20_22 20_23 20_24 20_25 20_26 20_27 20_28 20_29 21_14 21_22 22_13 22_14 22_19 22_20 22_22 22_23 23_13 23_14 23_19 23_20 23_22 23_23 24_13 24_14 24_19 24_20 24_22 24_23 25_10 25_11 25_12 25_13 25_14 25_15 25_16 25_17 25_18 25_19 25_20 25_21 25_22 25_23 26_11 26_12 26_13 26_14 26_15 26_16 26_17 26_18 26_19 26_20 26_21 26_22 26_23 27_16 27_17 28_16 28_17 29_16 29_17 2_10 2_11 2_12 2_13 2_14 2_16 2_17 2_18 2_20 2_21 2_22 2_23 2_24 2_25 2_26 2_27 2_28 2_29 2_30 2_31 2_7 2_8 2_9 30_16 30_17 31_16 31_17 31_18 3_22 3_23 3_29 3_31 3_7 3_8 4_10 4_11 4_12 4_13 4_14 4_15 4_16 4_22 4_23 4_28 4_29 4_31 4_7 4_8 4_9 5_10 5_11 5_12 5_13 5_14 5_15 5_22 5_23 5_28 5_29 5_31 5_7 5_8 5_9 6_10 6_11 6_22 6_23 6_31 7_10 7_11 7_13 7_14 7_15 7_16 7_17 7_18 7_19 7_20 7_21 7_22 7_23 7_31 7_7 7_8 7_9 8_10 8_11 8_13 8_14 8_15 8_16 8_17 8_19 8_20 8_21 8_22 8_23 8_31 8_8 8_9 9_13 9_14 9_19 9_20,254,,1,1,1
mapf-maze-32-32-2-m10-f4,147,5.0,5,10_23 13_28 16_31 21_1 8_19,5,"1,1,1,1,1",0,10_10 10_11 10_12 10_13 10_14 10_16 10_17 10_18 10_19 10_20 10_28 10_29 10_30 10_31 10_4 10_5 10_6 10_7 10_8 10_9 11_10 11_11 11_12 11_13 11_14 11_16 11_17 11_18 11_19 11_28 11_29 11_30 11_31 11_5 11_6 11_7 11_8 11_9 12_31 13_29 13_30 13_31 14_28 14_29 14_30 14_31 15_28 15_29 16_28 16_29 17_28 17_29 18_28 18_29 19_22 19_23 19_24 19_25 19_26 19_27 19_28 19_29 1_10 1_11 1_12 1_13 1_14 1_15 1_16 1_17 1_18 1_19 1_20 1_21 1_22 1_23 1_24 1_25 1_26 1_27 1_28 1_29 1_30 1_31 1_7 1_8 1_9 20_22 20_23 20_24 20_25 20_26 20_27 20_28 20_29 21_14 21_22 22_13 22_14 22_19 22_20 22_22 22_23 23_13 23_14 23_19 23_20 23_22 23_23 24_13 24_14 24_19 24_20 24_22 24_23 25_10 25_11 25_12 25_13 25_14 25_15 25_16 25_17 25_18 25_19 25_20 25_21 25_22 25_23 26_11 26_12 26_13 26_14 26_15 26_16 26_17 26_18 26_19 26_20 26_21 26_22 26_23 27_16 27_17 28_16 28_17 29_16 29_17 2_10 2_11 2_12 2_13 2_14 2_16 2_17 2_18 2_20 2_21 2_22 2_23 2_24 2_25 2_26 2_27 2_28 2_29 2_30 2_31 2_7 2_8 2_9 30_16 30_17 31_16 31_17 31_18 3_22 3_23 3_29 3_31 3_7 3_8 4_10 4_11 4_12 4_13 4_14 4_15 4_16 4_22 4_23 4_28 4_29 4_31 4_7 4_8 4_9 5_10 5_11 5_12 5_13 5_14 5_15 5_22 5_23 5_28 5_29 5_31 5_7 5_8 5_9 6_10 6_11 6_22 6_23 6_31 7_10 7_11 7_13 7_14 7_15 7_16 7_17 7_18 7_19 7_20 7_21 7_22 7_23 7_31 7_7 7_8 7_9 8_10 8_11 8_13 8_14 8_15 8_16 8_17 8_18 8_20 8_21 8_22 8_23 8_31 8_8 8_9 9_13 9_14 9_19 9_20,252,,1,1,1
mapf-maze-32-32-2-m10-f4,148,5.0,5,10_23 13_28 16_31 21_1 8_20,5,"1,1,1,1,1",0,10_10 10_11 10_12 10_13 10_14 10_16 10_17 10_18 10_19 10_20 10_28 10_29 10_30 10_31 10_5 10_6 10_7 10_8 10_9 11_10 11_11 11_12 11_13 11_14 11_16 11_17 11_18 11_19 11_28 11_29 11_30 11_31 11_6 11_7 11_8 11_9 12_31 13_29 13_30 13_31 14_28 14_29 14_30 14_31 15_28 15_29 16_28 16_29 17_28 17_29 18_28 18_29 19_22 19_23 19_24 19_25 19_26 19_27 19_28 19_29 1_10 1_11 1_12 1_13 1_14 1_15 1_16 1_17 1_18 1_19 1_20 1_21 1_22 1_23 1_24 1_25 1_26 1_27 1_28 1_29 1_30 1_31 1_7 1_8 1_9 20_22 20_23 20_24 20_25 20_26 20_27 20_28 20_29 21_14 21_22 22_13 22_14 22_19 22_20 22_22 22_23 23_13 23_14 23_19 23_20 23_22 23_23 24_13 24_14 24_19 24_20 24_22 24_23 25_10 25_11 25_12 25_13 25_14 25_15 25_16 25_17 25_18 25_19 25_20 25_21 25_22 25_23 26_11 26_12 26_13 26_14 26_15 26_16 26_17 26_18 26_19 26_20 26_21 26_22 26_23 27_16 27_17 28_16 28_17 29_16 29_17 2_10 2_11 2_12 2_13 2_14 2_16 2_17 2_18 2_20 2_21 2_22 2_23 2_24 2_25 2_26 2_27 2_28 2_29 2_30 2_31 2_7 2_8 2_9 30_16 30_17 31_16 31_17 31_18 3_22 3_23 3_29 3_31 3_7 3_8 4_10 4_11 4_12 4_13 4_14 4_15 4_16 4_22 4_23 4_28 4_29 4_31 4_7 4_8 4_9 5_10 5_11 5_12 5_13 5_14 5_15 5_22 5_23 5_28 5_29 5_31 5_7 5_8 5_9 6_10 6_11 6_22 6_23 6_31 7_10 7_11 7_13 7_14 7_15 7_16 7_17 7_18 7_19 7_20 7_21 7_22 7_23 7_31 7_7 7_8 7_9 8_10 8_11 8_13 8_14 8_15 8_16 8_17 8_18 8_19 8_21 8_22 8_23 8_31 8_8 8_9 9_13 9_14 9_19 9_20,250,,1,1,1
mapf-maze-32-32-2-m10-f4,149,5.0,5,10_23 13_28 16_31 21_1 8_21,5,"1,1,1,1,1",0,10_10 10_11 10_12 10_13 10_14 10_16 10_17 10_18 10_19 10_20 10_28 10_29 10_30 10_31 10_6 10_7 10_8 10_9 11_10 11_11 11_12 11_13 11_14 11_16 11_17 11_18 11_19 11_28 11_29 11_30 11_31 11_7 11_8 11_9 12_31 13_29 13_30 13_31 14_28 14_29 14_30 14_31 15_28 15_29 16_28 16_29 17_28 17_29 18_28 18_29 19_22 19_23 19_24 19_25 19_26 19_27 19_28 19_29 1_10 1_11 1_12 1_13 1_14 1_15 1_16 1_17 1_18 1_19 1_20 1_21 1_22 1_23 1_24 1_25 1_26 1_27 1_28 1_29 1_30 1_31 1_7 1_8 1_9 20_22 20_23 20_24 20_25 20_26 20_27 20_28 20_29 21_14 21_22 22_13 22_14 22_19 22_20 22_22 22_23 23_13 23_14 23_19 23_20 23_22 23_23 24_13 24_14 24_19 24_20 24_22 24_23 25_10 25_11 25_12 25_13 25_14 25_15 25_16 25_17 25_18 25_19 25_20 25_21 25_22 25_23 26_11 26_12 26_13 26_14 26_15 26_16 26_17 26_18 26_19 26_20 26_21 26_22 26_23 27_16 27_17 28_16 28_17 29_16 29_17 2_10 2_11 2_12 2_13 2_14 2_16 2_17 2_18 2_20 2_21 2_22 2_23 2_24 2_25 2_26 2_27 2_28 2_29 2_30 2_31 2_7 2_8 2_9 30_16 30_17 31_16 31_17 31_18 3_22 3_23 3_29 3_31 3_7 3_8 4_10 4_11 4_12 4_13 4_14 4_15 4_16 4_22 4_23 4_28 4_29 4_31 4_7 4_8 4_9 5_10 5_11 5_12 5_13 5_14 5_15 5_22 5_23 5_28 5_29 5_31 5_7 5_8 5_9 6_10 6_11 6_22 6_23 6_31 7_10 7_11 7_13 7_14 7_15 7_16 7_17 7_18 7_19 7_20 7_21 7_22 7_23 7_31 7_7 7_8 7_9 8_10 8_11 8_13 8_14 8_15 8_16 8_17 8_18 8_19 8_20 8_22 8_23 8_31 8_8 8_9 9_13 9_14 9_19 9_20,248,,1,1,1
mapf-maze-32-32-2-m10-f4,150,5.0,5,10_23 13_28 16_31 21_1 8_22,5,"1,1,1,1,1",0,10_10 10_11 10_12 10_13 10_14 10_16 10_17 10_18 10_19 10_20 10_28 10_29 10_30 10_31 10_7 10_8 10_9 11_10 11_11 11_12 11_13 11_14 11_16 11_17 11_18 11_19 11_28 11_29 11_30 11_31 11_8 11_9 12_31 13_29 13_30 13_31 14_28 14_29 14_30 14_31 15_28 15_29 16_28 16_29 17_28 17_29 18_28 18_29 19_22 19_23 19_24 19_25 19_26 19_27 19_28 19_29 1_10 1_11 1_12 1_13 1_14 1_15 1_16 1_17 1_18 1_19 1_20 1_21 1_22 1_23 1_24 1_25 1_26 1_27 1_28 1_29 1_30 1_31 1_7 1_8 1_9 20_22 20_23 20_24 20_25 20_26 20_27 20_28 20_29 21_14 21_22 22_13 22_14 22_19 22_20 22_22 22_23 23_13 23_14 23_19 23_20 23_22 23_23 24_13 24_14 24_19 24_20 24_22 24_23 25_10 25_11 25_12 25_13 25_14 25_15 25_16 25_17 25_18 25_19 25_20 25_21 25_22 25_23 26_11 26_12 26_13 26_14 26_15 26_16 26_17 26_18 26_19 26_20 26_21 26_22 26_23 27_16 27_17 28_16 28_17 29_16 29_17 2_10 2_11 2_12 2_13 2_14 2_16 2_17 2_18 2_20 2_21 2_22 2_23 2_24 2_25 2_26 2_27 2_28 2_29 2_30 2_31 2_7 2_8 2_9 30_16 30_17 31_16 31_17 31_18 3_22 3_23 3_29 3_31 3_7 3_8 4_10 4_11 4_12 4_13 4_14 4_15 4_16 4_22 4_23 4_28 4_29 4_31 4_7 4_8 4_9 5_10 5_11 5_12 5_13 5_14 5_15 5_22 5_23 5_28 5_29 5_31 5_7 5_8 5_9 6_10 6_11 6_22 6_23 6_31 7_10 7_11 7_13 7_14 7_15 7_16 7_17 7_18 7_19 7_20 7_21 7_22 7_23 7_31 7_7 7_8 7_9 8_10 8_11 8_13 8_14 8_15 8_16 8_17 8_18 8_19 8_20 8_21 8_23 8_31 8_8 8_9 9_13 9_14 9_19 9_20,246,,1,1,1
mapf-maze-32-32-2-m10-f4,151,5.0,5,10_23 13_28 16_31 21_1 8_23,5,"1,1,1,1,1",0,10_10 10_11 10_12 10_13 10_14 10_16 10_17 10_18 10_19 10_20 10_28 10_29 10_30 10_31 10_8 10_9 11_10 11_11 11_12 11_13 11_14 11_16 11_17 11_18 11_19 11_28 11_29 11_30 11_31 11_9 12_31 13_29 13_30 13_31 14_28 14_29 14_30 14_31 15_28 15_29 16_28 16_29 17_28 17_29 18_28 18_29 19_22 19_23 19_24 19_25 19_26 19_27 19_28 19_29 1_10 1_11 1_12 1_13 1_14 1_15 1_16 1_17 1_18 1_19 1_20 1_21 1_22 1_23 1_24 1_25 1_26 1_27 1_28 1_29 1_30 1_31 1_7 1_8 1_9 20_22 20_23 20_24 20_25 20_26 20_27 20_28 20_29 21_14 21_22 22_13 22_14 22_19 22_20 22_22 22_23 23_13 23_14 23_19 23_20 23_22 23_23 24_13 24_14 24_19 24_20 24_22 24_23 25_10 25_11 25_12 25_13 25_14 25_15 25_16 25_17 25_18 25_19 25_20 25_21 25_22 25_23 26_11 26_12 26_13 26_14 26_15 26_16 26_17 26_18 26_19 26_20 26_21 26_22 26_23 27_16 27_17 28_16 28_17 29_16 29_17 2_10 2_11 2_12 2_13 2_14 2_16 2_17 2_18 2_20 2_21 2_22 2_23 2_24 2_25 2_26 2_27 2_28 2_29 2_30 2_31 2_7 2_8 2_9 30_16 30_17 31_16 31_17 31_18 3_22 3_23 3_29 3_31 3_7 3_8 4_10 4_11 4_12 4_13 4_14 4_15 4_16 4_22 4_23 4_28 4_29 4_31 4_7 4_8 4_9 5_10 5_11 5_12 5_13 5_14 5_15 5_22 5_23 5_28 5_29 5_31 5_7 5_8 5_9 6_10 6_11 6_22 6_23 6_31 7_10 7_11 7_13 7_14 7_15 7_16 7_17 7_18 7_19 7_20 7_21 7_22 7_23 7_31 7_7 7_8 7_9 8_10 8_11 8_13 8_14 8_15 8_16 8_17 8_18 8_19 8_20 8_21 8_22 8_31 8_8 8_9 9_13 9_14 9_19 9_20,244,,1,1,1
mapf-maze-32-32-2-m10-f4,152,5.0,5,10_23 13_28 16_31 21_1 9_19,5,"1,1,1,1,1",0,10_10 10_11 10_12 10_13 10_14 10_16 10_17 10_18 10_19 10_20 10_28 10_29 10_30 10_31 10_5 10_6 10_7 10_8 10_9 11_10 11_11 11_12 11_13 11_14 11_16 11_17 11_18 11_19 11_28 11_29 11_30 11_31 11_6 11_7 11_8 11_9 12_31 13_29 13_30 13_31 14_28 14_29 14_30 14_31 15_28 15_29 16_28 16_29 17_28 17_29 18_28 18_29 19_22 19_23 19_24 19_25 19_26 19_27 19_28 19_29 1_10 1_11 1_12 1_13 1_14 1_15 1_16 1_17 1_18 1_19 1_20 1_21 1_22 1_23 1_24 1_25 1_26 1_27 1_28 1_29 1_30 1_31 1_7 1_8 1_9 20_22 20_23 20_24 20_25 20_26 20_27 20_28 20_29 21_14 21_22 22_13 22_14 22_19 22_20 22_22 22_23 23_13 23_14 23_19 23_20 23_22 23_23 24_13 24_14 24_19 24_20 24_22 24_23 25_10 25_11 25_12 25_13 25_14 25_15 25_16 25_17 25_18 25_19 25_20 25_21 25_22 25_23 26_11 26_12 26_13 26_14 26_15 26_16 26_17 26_18 26_19 26_20 26_21 26_22 26_23 27_16 27_17 28_16 28_17 29_16 29_17 2_10 2_11 2_12 2_13 2_14 2_16 2_17 2_18 2_20 2_21 2_22 2_23 2_24 2_25 2_26 2_27 2_28 2_29 2_30 2_31 2_7 2_8 2_9 30_16 30_17 31_16 31_17 31_18 3_22 3_23 3_29 3_31 3_7 3_8 4_10 4_11 4_12 4_13 4_14 4_15 4_16 4_22 4_23 4_28 4_29 4_31 4_7 4_8 4_9 5_10 5_11 5_12 5_13 5_14 5_15 5_22 5_23 5_28 5_29 5_31 5_7 5_8 5_9 6_10 6_11 6_22 6_23 6_31 7_10 7_11 7_13 7_14 7_15 7_16 7_17 7_18 7_19 7_20 7_21 7_22 7_23 7_31 7_7 7_8 7_9 8_10 8_11 8_13 8_14 8_15 8_16 8_17 8_18 8_19 8_20 8_21 8_22 8_23 8_31 8_8 8_9 9_13 9_14 9_20,250,,1,2,1
mapf-maze-32-32-2-m10-f4,153,5.0,5,11_23 12_31 16_31 1_17 20_2,5,"1,1,1,1,1",0,10_10 10_11 10_12 10_13 10_14 10_16 10_17 10_18 10_19 10_20 10_28 10_29 10_30 10_31 10_8 10_9 11_10 11_11 11_12 11_13 11_14 11_16 11_17 11_18 11_19 11_28 11_29 11_30 11_31 11_9 13_28 13_29 13_30 13_31 14_28 14_29 14_30 14_31 15_28 15_29 16_28 16_29 17_28 17_29 18_28 18_29 19_22 19_23 19_24 19_25 19_26 19_27 19_28 19_29 1_10 1_11 1_12 1_13 1_14 1_15 1_16 1_18 1_19 1_20 1_21 1_22 1_23 1_24 1_25 1_26 1_27 1_28 1_29 1_30 1_31 1_7 1_8 1_9 20_22 20_23 20_24 20_25 20_26 20_27 20_28 20_29 21_14 21_22 22_13 22_14 22_19 22_20 22_22 22_23 23_13 23_14 23_19 23_20 23_22 23_23 24_13 24_14 24_19 24_20 24_22 24_23 25_10 25_11 25_12 25_13 25_14 25_15 25_16 25_17 25_18 25_19 25_20 25_21 25_22 25_23 26_11 26_12 26_13 26_14 26_15 26_16 26_17 26_18 26_19 26_20 26_21 26_22 26_23 27_16 27_17 28_16 28_17 29_16 29_17 2_10 2_11 2_12 2_13 2_14 2_16 2_17 2_18 2_20 2_21 2_22 2_23 2_24 2_25 2_26 2_27 2_28 2_29 2_30 2_31 2_7 2_8 2_9 30_16 30_17 31_16 31_17 31_18 3_22 3_23 3_29 3_31 3_7 3_8 4_10 4_11 4_12 4_13 4_14 4_15 4_16 4_22 4_23 4_28 4_29 4_31 4_7 4_8 4_9 5_10 5_11 5_12 5_13 5_14 5_15 5_22 5_23 5_28 5_29 5_31 5_7 5_8 5_9 6_10 6_11 6_22 6_23 6_31 7_10 7_11 7_13 7_14 7_15 7_16 7_17 7_18 7_19 7_20 7_21 7_22 7_23 7_31 7_7 7_8 7_9 8_10 8_11 8_13 8_14 8_15 8_16 8_17 8_18 8_19 8_20 8_21 8_22 8_23 8_31 8_8 8_9 9_13 9_14 9_19 9_20,244,,1,1,1
mapf-maze-32-32-2-m10-f4,154,5.0,5,11_25 12_31 16_31 1_17 20_2,5,"1,1,1,1,1",0,10_10 10_11 10_12 10_13 10_14 10_16 10_17 10_18 10_19 10_20 10_28 10_29 10_30 10_31 10_8 10_9 11_10 11_11 11_12 11_13 11_14 11_16 11_17 11_18 11_19 11_28 11_29 11_30 11_31 11_9 13_28 13_29 13_30 13_31 14_28 14_29 14_30 14_31 15_28 15_29 16_28 16_29 17_28 17_29 18_28 18_29 19_22 19_23 19_24 19_25 19_26 19_27 19_28 19_29 1_10 1_11 1_12 1_13 1_14 1_15 1_16 1_18 1_19 1_20 1_21 1_22 1_23 1_24 1_25 1_26 1_27 1_28 1_29 1_30 1_31 1_7 1_8 1_9 20_22 20_23 20_24 20_25 20_26 20_27 20_28 20_29 21_14 21_22 22_13 22_14 22_19 22_20 22_22 22_23 23_13 23_14 23_19 23_20 23_22 23_23 24_13 24_14 24_19 24_20 24_22 24_23 25_10 25_11 25_12 25_13 25_14 25_15 25_16 25_17 25_18 25_19 25_20 25_21 25_22 25_23 26_11 26_12 26_13 26_14 26_15 26_16 26_17 26_18 26_19 26_20 26_21 26_22 26_23 27_16 27_17 28_16 28_17 29_16 29_17 2_10 2_11 2_12 2_13 2_14 2_16 2_17 2_18 2_20 2_21 2_22 2_23 2_24 2_25 2_26 2_27 2_28 2_29 2_30 2_31 2_7 2_8 2_9 30_16 30_17 31_16 31_17 31_18 3_22 3_23 3_29 3_31 3_7 3_8 4_10 4_11 4_12 4_13 4_14 4_15 4_16 4_22 4_23 4_28 4_29 4_31 4_7 4_8 4_9 5_10 5_11 5_12 5_13 5_14 5_15 5_22 5_23 5_28 5_29 5_31 5_7 5_8 5_9 6_10 6_11 6_22 6_23 6_31 7_10 7_11 7_13 7_14 7_15 7_16 7_17 7_18 7_19 7_20 7_21 7_22 7_23 7_31 7_7 7_8 7_9 8_10 8_11 8_13 8_14 8_15 8_16 8_17 8_18 8_19 8_20 8_21 8_22 8_23 8_31 8_8 8_9 9_13 9_14 9_19 9_20,244,,1,1,1
mapf-maze-32-32-2-m10-f4,155,5.0,5,11_26 12_31 16_31 1_17 20_2,5,"1,1,1,1,1",0,10_10 10_11 10_12 10_13 10_14 10_16 10_17 10_18 10_19 10_20 10_28 10_29 10_30 10_31 10_8 10_9 11_10 11_11 11_12 11_13 11_14 11_16 11_17 11_18 11_19 11_28 11_29 11_30 11_31 11_9 13_28 13_29 13_30 13_31 14_28 14_29 14_30 14_31 15_28 15_29 16_28 16_29 17_28 17_29 18_28 18_29 19_22 19_23 19_24 19_25 19_26 19_27 19_28 19_29 1_10 1_11 1_12 1_13 1_14 1_15 1_16 1_18 1_19 1_20 1_21 1_22 1_23 1_24 1_25 1_26 1_27 1_28 1_29 1_30 1_31 1_7 1_8 1_9 20_22 20_23 20_24 20_25 20_26 20_27 20_28 20_29 21_14 21_22 22_13 22_14 22_19 22_20 22_22 22_23 23_13 23_14 23_19 23_20 23_22 23_23 24_13 24_14 24_19 24_20 24_22 24_23 25_10 25_11 25_12 25_13 25_14 25_15 25_16 25_17 25_18 25_19 25_20 25_21 25_22 25_23 26_11 26_12 26_13 26_14 26_15 26_16 26_17 26_18 26_19 26_20 26_21 26_22 26_23 27_16 27_17 28_16 28_17 29_16 29_17 2_10 2_11 2_12 2_13 2_14 2_16 2_17 2_18 2_20 2_21 2_22 2_23 2_24 2_25 2_26 2_27 2_28 2_29 2_30 2_31 2_7 2_8 2_9 30_16 30_17 31_16 31_17 31_18 3_22 3_23 3_29 3_31 3_7 3_8 4_10 4_11 4_12 4_13 4_14 4_15 4_16 4_22 4_23 4_28 4_29 4_31 4_7 4_8 4_9 5_10 5_11 5_12 5_13 5_14 5_15 5_22 5_23 5_28 5_29 5_31 5_7 5_8 5_9 6_10 6_11 6_22 6_23 6_31 7_10 7_11 7_13 7_14 7_15 7_16 7_17 7_18 7_19 7_20 7_21 7_22 7_23 7_31 7_7 7_8 7_9 8_10 8_11 8_13 8_14 8_15 8_16 8_17 8_18 8_19 8_20 8_21 8_22 8_23 8_31 8_8 8_9 9_13 9_14 9_19 9_20,244,,1,1,1
mapf-maze-32-32-2-m10-f4,156,5.0,5,11_25 13_28 16_31 1_17 20_2,5,"1,1,1,1,1",0,10_10 10_11 10_12 10_13 10_14 10_16 10_17 10_18 10_19 10_20 10_28 10_29 10_30 10_31 10_8 10_9 11_10 11_11 11_12 11_13 11_14 11_16 11_17 11_18 11_19 11_28 11_29 11_30 11_31 11_9 12_31 13_29 13_30 13_31 14_28 14_29 14_30 14_31 15_28 15_29 16_28 16_29 17_28 17_29 18_28 18_29 19_22 19_23 19_24 19_25 19_26 19_27 19_28 19_29 1_10 1_11 1_12 1_13 1_14 1_15 1_16 1_18 1_19 1_20 1_21 1_22 1_23 1_24 1_25 1_26 1_27 1_28 1_29 1_30 1_31 1_7 1_8 1_9 20_22 20_23 20_24 20_25 20_26 20_27 20_28 20_29 21_14 21_22 22_13 22_14 22_19 22_20 22_22 22_23 23_13 23_14 23_19 23_20 23_22 23_23 24_13 24_14 24_19 24_20 24_22 24_23 25_10 25_11 25_12 25_13 25_14 25_15 25_16 25_17 25_18 25_19 25_20 25_21 25_22 25_23 26_11 26_12 26_13 26_14 26_15 26_16 26_17 26_18 26_19 26_20 26_21 26_22 26_23 27_16 27_17 28_16 28_17 29_16 29_17 2_10 2_11 2_12 2_13 2_14 2_16 2_17 2_18 2_20 2_21 2_22 2_23 2_24 2_25 2_26 2_27 2_28 2_29 2_30 2_31 2_7 2_8 2_9 30_16 30_17 31_16 31_17 31_18 3_22 3_23 3_29 3_31 3_7 3_8 4_10 4_11 4_12 4_13 4_14 4_15 4_16 4_22 4_23 4_28 4_29 4_31 4_7 4_8 4_9 5_10 5_11 5_12 5_13 5_14 5_15 5_22 5_23 5_28 5_29 5_31 5_7 5_8 5_9 6_10 6_11 6_22 6_23 6_31 7_10 7_11 7_13 7_14 7_15 7_16 7_17 7_18 7_19 7_20 7_21 7_22 7_23 7_31 7_7 7_8 7_9 8_10 8_11 8_13 8_14 8_15 8_16 8_17 8_18 8_19 8_20 8_21 8_22 8_23 8_31 8_8 8_9 9_13 9_14 9_19 9_20,244,,1,1,1
mapf-maze-32-32-2-m10-f4,157,5.0,5,11_25 12_31 17_31 1_17 20_2,5,"1,1,1,1,1",0,10_10 10_11 10_12 10_13 10_14 10_16 10_17 10_18 10_19 10_20 10_28 10_29 10_30 10_31 10_8 10_9 11_10 11_11 11_12 11_13 11_14 11_16 11_17 11_18 11_19 11_28 11_29 11_30 11_31 11_9 13_28 13_29 13_30 13_31 14_28 14_29 14_30 14_31 15_28 15_29 16_28 16_29 17_28 17_29 18_28 18_29 19_22 19_23 19_24 19_25 19_26 19_27 19_28 19_29 1_10 1_11 1_12 1_13 1_14 1_15 1_16 1_18 1_19 1_20 1_21 1_22 1_23 1_24 1_25 1_26 1_27 1_28 1_29 1_30 1_31 1_7 1_8 1_9 20_22 20_23 20_24 20_25 20_26 20_27 20_28 20_29 21_14 21_22 22_13 22_14 22_19 22_20 22_22 22_23 23_13 23_14 23_19 23_20 23_22 23_23 24_13 24_14 24_19 24_20 24_22 24_23 25_10 25_11 25_12 25_13 25_14 25_15 25_16 25_17 25_18 25_19 25_20 25_21 25_22 25_23 26_11 26_12 26_13 26_14 26_15 26_16 26_17 26_18 26_19 26_20 26_21 26_22 26_23 27_16 27_17 28_16 28_17 29_16 29_17 2_10 2_11 2_12 2_13 2_14 2_16 2_17 2_18 2_20 2_21 2_22 2_23 2_24 2_25 2_26 2_27 2_28 2_29 2_30 2_31 2_7 2_8 2_9 30_16 30_17 31_16 31_17 31_18 3_22 3_23 3_29 3_31 3_7 3_8 4_10 4_11 4_12 4_13 4_14 4_15 4_16 4_22 4_23 4_28 4_29 4_31 4_7 4_8 4_9 5_10 5_11 5_12 5_13 5_14 5_15 5_22 5_23 5_28 5_29 5_31 5_7 5_8 5_9 6_10 6_11 6_22 6_23 6_31 7_10 7_11 7_13 7_14 7_15 7_16 7_17 7_18 7_19 7_20 7_21 7_22 7_23 7_31 7_7 7_8 7_9 8_10 8_11 8_13 8_14 8_15 8_16 8_17 8_18 8_19 8_20 8_21 8_22 8_23 8_31 8_8 8_9 9_13 9_14 9_19 9_20,244,,1,1,1
mapf-maze-32-32-2-m10-f4,158,5.0,5,11_25 12_31 16_31 1_18 20_2,5,"1,1,1,1,1",0,10_10 10_11 10_12 10_13 10_14 10_16 10_17 10_18 10_19 10_20 10_28 10_29 10_30 10_31 10_8 10_9 11_10 11_11 11_12 11_13 11_14 11_16 11_17 11_18 11_19 11_28 11_29 11_30 11_31 11_9 13_28 13_29 13_30 13_31 14_28 14_29 14_30 14_31 15_28 15_29 16_28 16_29 17_28 17_29 18_28 18_29 19_22 19_23 19_24 19_25 19_26 19_27 19_28 19_29 1_10 1_11 1_12 1_13 1_14 1_15 1_16 1_17 1_19 1_20 1_21 1_22 1_23 1_24 1_25 1_26 1_27 1_28 1_29 1_30 1_31 1_7 1_8 1_9 20_22 20_23 20_24 20_25 20_26 20_27 20_28 20_29 21_14 21_22 22_13 22_14 22_19 22_20 22_22 22_23 23_13 23_14 23_19 23_20 23_22 23_23 24_13 24_14 24_19 24_20 24_22 24_23 25_10 25_11 25_12 25_13 25_14 25_15 25_16 25_17 25_18 25_19 25_20 25_21 25_22 25_23 26_11 26_12 26_13 26_14 26_15 26_16 26_17 26_18 26_19 26_20 26_21 26_22 26_23 27_16 27_17 28_16 28_17 29_16 29_17 2_10 2_11 2_12 2_13 2_14 2_16 2_17 2_18 2_20 2_21 2_22 2_23 2_24 2_25 2_26 2_27 2_28 2_29 2_30 2_31 2_7 2_8 2_9 30_16 30_17 31_16 31_17 31_18 3_22 3_23 3_29 3_31 3_7 3_8 4_10 4_11 4_12 4_13 4_14 4_15 4_16 4_22 4_23 4_28 4_29 4_31 4_7 4_8 4_9 5_10 5_11 5_12 5_13 5_14 5_15 5_22 5_23 5_28 5_29 5_31 5_7 5_8 5_9 6_10 6_11 6_22 6_23 6_31 7_10 7_11 7_13 7_14 7_15 7_16 7_17 7_18 7_19 7_20 7_21 7_22 7_23 7_31 7_7 7_8 7_9 8_10 8_11 8_13 8_14 8_15 8_16 8_17 8_18 8_19 8_20 8_21 8_22 8_23 8_31 8_8 8_9 9_13 9_14 9_19 9_20,244,,1,1,1
mapf-maze-32-32-2-m10-f4,159,5.0,5,11_25 12_31 16_31 1_18 21_1,5,"1,1,1,1,1",0,10_10 10_11 10_12 10_13 10_14 10_16 10_17 10_18 10_19 10_20 10_28 10_29 10_30 10_31 10_8 10_9 11_10 11_11 11_12 11_13 11_14 11_16 11_17 11_18 11_19 11_28 11_29 11_30 11_31 11_9 13_28 13_29 13_30 13_31 14_28 14_29 14_30 14_31 15_28 15_29 16_28 16_29 17_28 17_29 18_28 18_29 19_22 19_23 19_24 19_25 19_26 19_27 19_28 19_29 1_10 1_11 1_12 1_13 1_14 1_15 1_16 1_17 1_19 1_20 1_21 1_22 1_23 1_24 1_25 1_26 1_27 1_28 1_29 1_30 1_31 1_7 1_8 1_9 20_22 20_23 20_24 20_25 20_26 20_27 20_28 20_29 21_14 21_22 22_13 22_14 22_19 22_20 22_22 22_23 23_13 23_14 23_19 23_20 23_22 23_23 24_13 24_14 24_19 24_20 24_22 24_23 25_10 25_11 25_12 25_13 25_14 25_15 25_16 25_17 25_18 25_19 25_20 25_21 25_22 25_23 26_11 26_12 26_13 26_14 26_15 26_16 26_17 26_18 26_19 26_20 26_21 26_22 26_23 27_16 27_17 28_16 28_17 29_16 29_17 2_10 2_11 2_12 2_13 2_14 2_16 2_17 2_18 2_20 2_21 2_22 2_23 2_24 2_25 2_26 2_27 2_28 2_29 2_30 2_31 2_7 2_8 2_9 30_16 30_17 31_16 31_17 31_18 3_22 3_23 3_29 3_31 3_7 3_8 4_10 4_11 4_12 4_13 4_14 4_15 4_16 4_22 4_23 4_28 4_29 4_31 4_7 4_8 4_9 5_10 5_11 5_12 5_13 5_14 5_15 5_22 5_23 5_28 5_29 5_31 5_7 5_8 5_9 6_10 6_11 6_22 6_23 6_31 7_10 7_11 7_13 7_14 7_15 7_16 7_17 7_18 7_19 7_20 7_21 7_22 7_23 7_31 7_7 7_8 7_9 8_10 8_11 8_13 8_14 8_15 8_16 8_17 8_18 8_19 8_20 8_21 8_22 8_23 8_31 8_8 8_9 9_13 9_14 9_19 9_20,244,,1,1,1
mapf-maze-32-32-2-m10-f4,160,5.0,5,11_25 12_31 16_31 1_17 21_1,5,"1,1,1,1,1",0,10_10 10_11 10_12 10_13 10_14 10_16 10_17 10_18 10_19 10_20 10_28 10_29 10_30 10_31 10_8 10_9 11_10 11_11 11_12 11_13 11_14 11_16 11_17 11_18 11_19 11_28 11_29 11_30 11_31 11_9 13_28 13_29 13_30 13_31 14_28 14_29 14_30 14_31 15_28 15_29 16_28 16_29 17_28 17_29 18_28 18_29 19_22 19_23 19_24 19_25 19_26 19_27 19_28 19_29 1_10 1_11 1_12 1_13 1_14 1_15 1_16 1_18 1_19 1_20 1_21 1_22 1_23 1_24 1_25 1_26 1_27 1_28 1_29 1_30 1_31 1_7 1_8 1_9 20_22 20_23 20_24 20_25 20_26 20_27 20_28 20_29 21_14 21_22 22_13 22_14 22_19 22_20 22_22 22_23 23_13 23_14 23_19 23_20 23_22 23_23 24_13 24_14 24_19 24_20 24_22 24_23 25_10 25_11 25_12 25_13 25_14 25_15 25_16 25_17 25_18 25_19 25_20 25_21 25_22 25_23 26_11 26_12 26_13 26_14 26_15 26_16 26_17 26_18 26_19 26_20 26_21 26_22 26_23 27_16 27_17 28_16 28_17 29_16 29_17 2_10 2_11 2_12 2_13 2_14 2_16 2_17 2_18 2_20 2_21 2_22 2_23 2_24 2_25 2_26 2_27 2_28 2_29 2_30 2_31 2_7 2_8 2_9 30_16 30_17 31_16 31_17 31_18 3_22 3_23 3_29 3_31 3_7 3_8 4_10 4_11 4_12 4_13 4_14 4_15 4_16 4_22 4_23 4_28 4_29 4_31 4_7 4_8 4_9 5_10 5_11 5_12 5_13 5_14 5_15 5_22 5_23 5_28 5_29 5_31 5_7 5_8 5_9 6_10 6_11 6_22 6_23 6_31 7_10 7_11 7_13 7_14 7_15 7_16 7_17 7_18 7_19 7_20 7_21 7_22 7_23 7_31 7_7 7_8 7_9 8_10 8_11 8_13 8_14 8_15 8_16 8_17 8_18 8_19 8_20 8_21 8_22 8_23 8_31 8_8 8_9 9_13 9_14 9_19 9_20,244,,1,1,1
mapf-maze-32-32-2-m10-f4,161,5.0,5,11_25 12_31 16_31 1_19 20_2,5,"1,1,1,1,1",0,10_10 10_11 10_12 10_13 10_14 10_16 10_17 10_18 10_19 10_20 10_28 10_29 10_30 10_31 10_8 10_9 11_10 11_11 11_12 11_13 11_14 11_16 11_17 11_18 11_19 11_28 11_29 11_30 11_31 11_9 13_28 13_29 13_30 13_31 14_28 14_29 14_30 14_31 15_28 15_29 16_28 16_29 17_28 17_29 18_28 18_29 19_22 19_23 19_24 19_25 19_26 19_27 19_28 19_29 1_10 1_11 1_12 1_13 1_14 1_15 1_16 1_17 1_18 1_20 1_21 1_22 1_23 1_24 1_25 1_26 1_27 1_28 1_29 1_30 1_31 1_7 1_8 1_9 20_22 20_23 20_24 20_25 20_26 20_27 20_28 20_29 21_14 21_22 22_13 22_14 22_19 22_20 22_22 22_23 23_13 23_14 23_19 23_20 23_22 23_23 24_13 24_14 24_19 24_20 24_22 24_23 25_10 25_11 25_12 25_13 25_14 25_15 25_16 25_17 25_18 25_19 25_20 25_21 25_22 25_23 26_11 26_12 26_13 26_14 26_15 26_16 26_17 26_18 26_19 26_20 26_21 26_22 26_23 27_16 27_17 28_16 28_17 29_16 29_17 2_10 2_11 2_12 2_13 2_14 2_16 2_17 2_18 2_20 2_21 2_22 2_23 2_24 2_25 2_26 2_27 2_28 2_29 2_30 2_31 2_7 2_8 2_9 30_16 30_17 31_16 31_17 31_18 3_22 3_23 3_29 3_31 3_7 3_8 4_10 4_11 4_12 4_13 4_14 4_15 4_16 4_22 4_23 4_28 4_29 4_31 4_7 4_8 4_9 5_10 5_11 5_12 5_13 5_14 5_15 5_22 5_23 5_28 5_29 5_31 5_7 5_8 5_9 6_10 6_11 6_22 6_23 6_31 7_10 7_11 7_13 7_14 7_15 7_16 7_17 7_18 7_19 7_20 7_21 7_22 7_23 7_31 7_7 7_8 7_9 8_10 8_11 8_13 8_14 8_15 8_16 8_17 8_18 8_19 8_20 8_21 8_22 8_23 8_31 8_8 8_9 9_13 9_14 9_19 9_20,244,,1,1,1
mapf-maze-32-32-2-m10-f4,162,5.0,5,11_25 12_31 16_31 1_18 21_2,5,"1,1,1,1,1",0,10_10 10_11 10_12 10_13 10_14 10_16 10_17 10_18 10_19 10_20 10_28 10_29 10_30 10_31 10_8 10_9 11_10 11_11 11_12 11_13 11_14 11_16 11_17 11_18 11_19 11_28 11_29 11_30 11_31 11_9 13_28 13_29 13_30 13_31 14_28 14_29 14_30 14_31 15_28 15_29 16_28 16_29 17_28 17_29 18_28 18_29 19_22 19_23 19_24 19_25 19_26 19_27 19_28 19_29 1_10 1_11 1_12 1_13 1_14 1_15 1_16 1_17 1_19 1_20 1_21 1_22 1_23 1_24 1_25 1_26 1_27 1_28 1_29 1_30 1_31 1_7 1_8 1_9 20_22 20_23 20_24 20_25 20_26 20_27 20_28 20_29 21_14 21_22 22_13 22_14 22_19 22_20 22_22 22_23 23_13 23_14 23_19 23_20 23_22 23_23 24_13 24_14 24_19 24_20 24_22 24_23 25_10 25_11 25_12 25_13 25_14 25_15 25_16 25_17 25_18 25_19 25_20 25_21 25_22 25_23 26_11 26_12 26_13 26_14 26_15 26_16 26_17 26_18 26_19 26_20 26_21 26_22 26_23 27_16 27_17 28_16 28_17 29_16 29_17 2_10 2_11 2_12 2_13 2_14 2_16 2_17 2_18 2_20 2_21 2_22 2_23 2_24 2_25 2_26 2_27 2_28 2_29 2_30 2_31 2_7 2_8 2_9 30_16 30_17 31_16 31_17 31_18 3_22 3_23 3_29 3_31 3_7 3_8 4_10 4_11 4_12 4_13 4_14 4_15 4_16 4_22 4_23 4_28 4_29 4_31 4_7 4_8 4_9 5_10 5_11 5_12 5_13 5_14 5_15 5_22 5_23 5_28 5_29 5_31 5_7 5_8 5_9 6_10 6_11 6_22 6_23 6_31 7_10 7_11 7_13 7_14 7_15 7_16 7_17 7_18 7_19 7_20 7_21 7_22 7_23 7_31 7_7 7_8 7_9 8_10 8_11 8_13 8_14 8_15 8_16 8_17 8_18 8_19 8_20 8_21 8_22 8_23 8_31 8_8 8_9 9_13 9_14 9_19 9_20,244,,1,1,1
mapf-maze-32-32-2-m10-f4,163,5.0,5,11_25 12_31 16_31 1_18 31_5,5,"1,1,1,1,1",0,10_10 10_11 10_12 10_13 10_14 10_16 10_17 10_18 10_19 10_20 10_28 10_29 10_30 10_31 10_8 10_9 11_10 11_11 11_12 11_13 11_14 11_16 11_17 11_18 11_19 11_28 11_29 11_30 11_31 11_9 13_28 13_29 13_30 13_31 14_28 14_29 14_30 14_31 15_28 15_29 16_28 16_29 17_28 17_29 18_28 18_29 19_22 19_23 19_24 19_25 19_26 19_27 19_28 19_29 1_10 1_11 1_12 1_13 1_14 1_15 1_16 1_17 1_19 1_20 1_21 1_22 1_23 1_24 1_25 1_26 1_27 1_28 1_29 1_30 1_31 1_7 1_8 1_9 20_22 20_23 20_24 20_25 20_26 20_27 20_28 20_29 21_14 21_22 22_13 22_14 22_19 22_20 22_22 22_23 23_13 23_14 23_19 23_20 23_22 23_23 24_13 24_14 24_19 24_20 24_22 24_23 25_10 25_11 25_12 25_13 25_14 25_15 25_16 25_17 25_18 25_19 25_20 25_21 25_22 25_23 26_11 26_12 26_13 26_14 26_15 26_16 26_17 26_18 26_19 26_20 26_21 26_22 26_23 27_16 27_17 28_16 28_17 29_16 29_17 2_10 2_11 2_12 2_13 2_14 2_16 2_17 2_18 2_20 2_21 2_22 2_23 2_24 2_25 2_26 2_27 2_28 2_29 2_30 2_31 2_7 2_8 2_9 30_16 30_17 31_16 31_17 31_18 3_22 3_23 3_29 3_31 3_7 3_8 4_10 4_11 4_12 4_13 4_14 4_15 4_16 4_22 4_23 4_28 4_29 4_31 4_7 4_8 4_9 5_10 5_11 5_12 5_13 5_14 5_15 5_22 5_23 5_28 5_29 5_31 5_7 5_8 5_9 6_10 6_11 6_22 6_23 6_31 7_10 7_11 7_13 7_14 7_15 7_16 7_17 7_18 7_19 7_20 7_21 7_22 7_23 7_31 7_7 7_8 7_9 8_10 8_11 8_13 8_14 8_15 8_16 8_17 8_18 8_19 8_20 8_21 8_22 8_23 8_31 8_8 8_9 9_13 9_14 9_19 9_20,244,,1,1,1
mapf-maze-32-32-2-m10-f4,164,5.0,5,11_25 12_31 16_31 1_18 22_1,5,"1,1,1,1,1",0,10_10 10_11 10_12 10_13 10_14 10_16 10_17 10_18 10_19 10_20 10_28 10_29 10_30 10_31 10_8 10_9 11_10 11_11 11_12 11_13 11_14 11_16 11_17 11_18 11_19 11_28 11_29 11_30 11_31 11_9 13_28 13_29 13_30 13_31 14_28 14_29 14_30 14_31 15_28 15_29 16_28 16_29 17_28 17_29 18_28 18_29 19_22 19_23 19_24 19_25 19_26 19_27 19_28 19_29 1_10 1_11 1_12 1_13 1_14 1_15 1_16 1_17 1_19 1_20 1_21 1_22 1_23 1_24 1_25 1_26 1_27 1_28 1_29 1_30 1_31 1_7 1_8 1_9 20_22 20_23 20_24 20_25 20_26 20_27 20_28 20_29 21_14 21_22 22_13 22_14 22_19 22_20 22_22 22_23 23_13 23_14 23_19 23_20 23_22 23_23 24_13 24_14 24_19 24_20 24_22 24_23 25_10 25_11 25_12 25_13 25_14 25_15 25_16 25_17 25_18 25_19 25_20 25_21 25_22 25_23 26_11 26_12 26_13 26_14 26_15 26_16 26_17 26_18 26_19 26_20 26_21 26_22 26_23 27_16 27_17 28_16 28_17 29_16 29_17 2_10 2_11 2_12 2_13 2_14 2_16 2_17 2_18 2_20 2_21 2_22 2_23 2_24 2_25 2_26 2_27 2_28 2_29 2_30 2_31 2_7 2_8 2_9 30_16 30_17 31_16 31_17 31_18 3_22 3_23 3_29 3_31 3_7 3_8 4_10 4_11 4_12 4_13 4_14 4_15 4_16 4_22 4_23 4_28 4_29 4_31 4_7 4_8 4_9 5_10 5_11 5_12 5_13 5_14 5_15 5_22 5_23 5_28 5_29 5_31 5_7 5_8 5_9 6_10 6_11 6_22 6_23 6_31 7_10 7_11 7_13 7_14 7_15 7_16 7_17 7_18 7_19 7_20 7_21 7_22 7_23 7_31 7_7 7_8 7_9 8_10 8_11 8_13 8_14 8_15 8_16 8_17 8_18 8_19 8_20 8_21 8_22 8_23 8_31 8_8 8_9 9_13 9_14 9_19 9_20,244,,1,1,1
mapf-maze-32-32-2-m10-f4,165,5.0,5,11_25 12_31 16_31 1_18 22_2,5,"1,1,1,1,1",0,10_10 10_11 10_12 10_13 10_14 10_16 10_17 10_18 10_19 10_20 10_28 10_29 10_30 10_31 10_8 10_9 11_10 11_11 11_12 11_13 11_14 11_16 11_17 11_18 11_19 11_28 11_29 11_30 11_31 11_9 13_28 13_29 13_30 13_31 14_28 14_29 14_30 14_31 15_28 15_29 16_28 16_29 17_28 17_29 18_28 18_29 19_22 19_23 19_24 19_25 19_26 19_27 19_28 19_29 1_10 1_11 1_12 1_13 1_14 1_15 1_16 1_17 1_19 1_20 1_21 1_22 1_23 1_24 1_25 1_26 1_27 1_28 1_29 1_30 1_31 1_7 1_8 1_9 20_22 20_23 20_24 20_25 20_26 20_27 20_28 20_29 21_14 21_22 22_13 22_14 22_19 22_20 22_22 22_23 23_13 23_14 23_19 23_20 23_22 23_23 24_13 24_14 24_19 24_20 24_22 24_23 25_10 25_11 25_12 25_13 25_14 25_15 25_16 25_17 25_18 25_19 25_20 25_21 25_22 25_23 26_11 26_12 26_13 26_14 26_15 26_16 26_17 26_18 26_19 26_20 26_21 26_22 26_23 27_16 27_17 28_16 28_17 29_16 29_17 2_10 2_11 2_12 2_13 2_14 2_16 2_17 2_18 2_20 2_21 2_22 2_23 2_24 2_25 2_26 2_27 2_28 2_29 2_30 2_31 2_7 2_8 2_9 30_16 30_17 31_16 31_17 31_18 3_22 3_23 3_29 3_31 3_7 3_8 4_10 4_11 4_12 4_13 4_14 4_15 4_16 4_22 4_23 4_28 4_29 4_31 4_7 4_8 4_9 5_10 5_11 5_12 5_13 5_14 5_15 5_22 5_23 5_28 5_29 5_31 5_7 5_8 5_9 6_10 6_11 6_22 6_23 6_31 7_10 7_11 7_13 7_14 7_15 7_16 7_17 7_18 7_19 7_20 7_21 7_22 7_23 7_31 7_7 7_8 7_9 8_10 8_11 8_13 8_14 8_15 8_16 8_17 8_18 8_19 8_20 8_21 8_22 8_23 8_31 8_8 8_9 9_13 9_14 9_19 9_20,244,,1,1,1
mapf-maze-32-32-2-m10-f4,166,5.0,5,10_20 10_23 13_28 17_31 26_4,5,"1,1,1,1,1",0,10_10 10_11 10_12 10_13 10_14 10_16 10_17 10_18 10_19 10_28 10_29 10_30 10_31 10_7 10_8 10_9 11_10 11_11 11_12 11_13 11_14 11_16 11_17 11_18 11_19 11_28 11_29 11_30 11_31 11_8 11_9 12_31 13_29 13_30 13_31 14_28 14_29 14_30 14_31 15_28 15_29 16_28 16_29 17_28 17_29 18_28 18_29 19_22 19_23 19_24 19_25 19_26 19_27 19_28 19_29 1_10 1_11 1_12 1_13 1_14 1_15 1_16 1_17 1_18 1_19 1_20 1_21 1_22 1_23 1_24 1_25 1_26 1_27 1_28 1_29 1_30 1_31 1_7 1_8 1_9 20_22 20_23 20_24 20_25 20_26 20_27 20_28 20_29 21_14 21_22 22_13 22_14 22_19 22_20 22_22 22_23 23_13 23_14 23_19 23_20 23_22 23_23 24_13 24_14 24_19 24_20 24_22 24_23 25_10 25_11 25_12 25_13 25_14 25_15 25_16 25_17 25_18 25_19 25_20 25_21 25_22 25_23 26_11 26_12 26_13 26_14 26_15 26_16 26_17 26_18 26_19 26_20 26_21 26_22 26_23 27_16 27_17 28_16 28_17 29_16 29_17 2_10 2_11 2_12 2_13 2_14 2_16 2_17 2_18 2_20 2_21 2_22 2_23 2_24 2_25 2_26 2_27 2_28 2_29 2_30 2_31 2_7 2_8 2_9 30_16 30_17 31_16 31_17 31_18 3_22 3_23 3_29 3_31 3_7 3_8 4_10 4_11 4_12 4_13 4_14 4_15 4_16 4_22 4_23 4_28 4_29 4_31 4_7 4_8 4_9 5_10 5_11 5_12 5_13 5_14 5_15 5_22 5_23 5_28 5_29 5_31 5_7 5_8 5_9 6_10 6_11 6_22 6_23 6_31 7_10 7_11 7_13 7_14 7_15 7_16 7_17 7_18 7_19 7_20 7_21 7_22 7_23 7_31 7_7 7_8 7_9 8_10 8_11 8_13 8_14 8_15 8_16 8_17 8_18 8_19 8_20 8_21 8_22 8_23 8_31 8_8 8_9 9_13 9_14 9_19 9_20,246,,1,2,1
mapf-maze-32-32-2-m10-f4,167,5.0,5,10_20 10_23 13_28 17_31 26_5,5,"1,1,1,1,1",0,10_10 10_11 10_12 10_13 10_14 10_16 10_17 10_18 10_19 10_28 10_29 10_30 10_31 10_7 10_8 10_9 11_10 11_11 11_12 11_13 11_14 11_16 11_17 11_18 11_19 11_28 11_29 11_30 11_31 11_8 11_9 12_31 13_29 13_30 13_31 14_28 14_29 14_30 14_31 15_28 15_29 16_28 16_29 17_28 17_29 18_28 18_29 19_22 19_23 19_24 19_25 19_26 19_27 19_28 19_29 1_10 1_11 1_12 1_13 1_14 1_15 1_16 1_17 1_18 1_19 1_20 1_21 1_22 1_23 1_24 1_25 1_26 1_27 1_28 1_29 1_30 1_31 1_7 1_8 1_9 20_22 20_23 20_24 20_25 20_26 20_27 20_28 20_29 21_14 21_22 22_13 22_14 22_19 22_20 22_22 22_23 23_13 23_14 23_19 23_20 23_22 23_23 24_13 24_14 24_19 24_20 24_22 24_23 25_10 25_11 25_12 25_13 25_14 25_15 25_16 25_17 25_18 25_19 25_20 25_21 25_22 25_23 26_11 26_12 26_13 26_14 26_15 26_16 26_17 26_18 26_19 26_20 26_21 26_22 26_23 27_16 27_17 28_16 28_17 29_16 29_17 2_10 2_11 2_12 2_13 2_14 2_16 2_17 2_18 2_20 2_21 2_22 2_23 2_24 2_25 2_26 2_27 2_28 2_29 2_30 2_31 2_7 2_8 2_9 30_16 30_17 31_16 31_17 31_18 3_22 3_23 3_29 3_31 3_7 3_8 4_10 4_11 4_12 4_13 4_14 4_15 4_16 4_22 4_23 4_28 4_29 4_31 4_7 4_8 4_9 5_10 5_11 5_12 5_13 5_14 5_15 5_22 5_23 5_28 5_29 5_31 5_7 5_8 5_9 6_10 6_11 6_22 6_23 6_31 7_10 7_11 7_13 7_14 7_15 7_16 7_17 7_18 7_19 7_20 7_21 7_22 7_23 7_31 7_7 7_8 7_9 8_10 8_11 8_13 8_14 8_15 8_16 8_17 8_18 8_19 8_20 8_21 8_22 8_23 8_31 8_8 8_9 9_13 9_14 9_19 9_20,246,,1,2,1
mapf-maze-32-32-2-m10-f4,168,5.0,5,10_20 10_23 13_28 17_31 27_1,5,"1,1,1,1,1",0,10_10 10_11 10_12 10_13 10_14 10_16 10_17 10_18 10_19 10_28 10_29 10_30 10_31 10_7 10_8 10_9 11_10 11_11 11_12 11_13 11_14 11_16 11_17 11_18 11_19 11_28 11_29 11_30 11_31 11_8 11_9 12_31 13_29 13_30 13_31 14_28 14_29 14_30 14_31 15_28 15_29 16_28 16_29 17_28 17_29 18_28 18_29 19_22 19_23 19_24 19_25 19_26 19_27 19_28 19_29 1_10 1_11 1_12 1_13 1_14 1_15 1_16 1_17 1_18 1_19 1_20 1_21 1_22 1_23 1_24 1_25 1_26 1_27 1_28 1_29 1_30 1_31 1_7 1_8 1_9 20_22 20_23 20_24 20_25 20_26 20_27 20_28 20_29 21_14 21_22 22_13 22_14 22_19 22_20 22_22 22_23 23_13 23_14 23_19 23_20 23_22 23_23 24_13 24_14 24_19 24_20 24_22 24_23 25_10 25_11 25_12 25_13 25_14 25_15 25_16 25_17 25_18 25_19 25_20 25_21 25_22 25_23 26_11 26_12 26_13 26_14 26_15 26_16 26_17 26_18 26_19 26_20 26_21 26_22 26_23 27_16 27_17 28_16 28_17 29_16 29_17 2_10 2_11 2_12 2_13 2_14 2_16 2_17 2_18 2_20 2_21 2_22 2_23 2_24 2_25 2_26 2_27 2_28 2_29 2_30 2_31 2_7 2_8 2_9 30_16 30_17 31_16 31_17 31_18 3_22 3_23 3_29 3_31 3_7 3_8 4_10 4_11 4_12 4_13 4_14 4_15 4_16 4_22 4_23 4_28 4_29 4_31 4_7 4_8 4_9 5_10 5_11 5_12 5_13 5_14 5_15 5_22 5_23 5_28 5_29 5_31 5_7 5_8 5_9 6_10 6_11 6_22 6_23 6_31 7_10 7_11 7_13 7_14 7_15 7_16 7_17 7_18 7_19 7_20 7_21 7_22 7_23 7_31 7_7 7_8 7_9 8_10 8_11 8_13 8_14 8_15 8_16 8_17 8_18 8_19 8_20 8_21 8_22 8_23 8_31 8_8 8_9 9_13 9_14 9_19 9_20,246,,1,2,1
mapf-maze-32-32-2-m10-f4,169,5.0,5,10_20 10_23 13_28 17_31 27_2,5,"1,1,1,1,1",0,10_10 10_11 10_12 10_13 10_14 10_16 10_17 10_18 10_19 10_28 10_29 10_30 10_31 10_7 10_8 10_9 11_10 11_11 11_12 11_13 11_14 11_16 11_17 11_18 11_19 11_28 11_29 11_30 11_31 11_8 11_9 12_31 13_29 13_30 13_31 14_28 14_29 14_30 14_31 15_28 15_29 16_28 16_29 17_28 17_29 18_28 18_29 19_22 19_23 19_24 19_25 19_26 19_27 19_28 19_29 1_10 1_11 1_12 1_13 1_14 1_15 1_16 1_17 1_18 1_19 1_20 1_21 1_22 1_23 1_24 1_25 1_26 1_27 1_28 1_29 1_30 1_31 1_7 1_8 1_9 20_22 20_23 20_24 20_25 20_26 20_27 20_28 20_29 21_14 21_22 22_13 22_14 22_19 22_20 22_22 22_23 23_13 23_14 23_19 23_20 23_22 23_23 24_13 24_14 24_19 24_20 24_22 24_23 25_10 25_11 25_12 25_13 25_14 25_15 25_16 25_17 25_18 25_19 25_20 25_21 25_22 25_23 26_11 26_12 26_13 26_14 26_15 26_16 26_17 26_18 26_19 26_20 26_21 26_22 26_23 27_16 27_17 28_16 28_17 29_16 29_17 2_10 2_11 2_12 2_13 2_14 2_16 2_17 2_18 2_20 2_21 2_22 2_23 2_24 2_25 2_26 2_27 2_28 2_29 2_30 2_31 2_7 2_8 2_9 30_16 30_17 31_16 31_17 31_18 3_22 3_23 3_29 3_31 3_7 3_8 4_10 4_11 4_12 4_13 4_14 4_15 4_16 4_22 4_23 4_28 4_29 4_31 4_7 4_8 4_9 5_10 5_11 5_12 5_13 5_14 5_15 5_22 5_23 5_28 5_29 5_31 5_7 5_8 5_9 6_10 6_11 6_22 6_23 6_31 7_10 7_11 7_13 7_14 7_15 7_16 7_17 7_18 7_19 7_20 7_21 7_22 7_23 7_31 7_7 7_8 7_9 8_10 8_11 8_13 8_14 8_15 8_16 8_17 8_18 8_19 8_20 8_21 8_22 8_23 8_31 8_8 8_9 9_13 9_14 9_19 9_20,246,,1,2,1
mapf-maze-32-32-2-m10-f4,170,5.0,5,10_20 10_23 13_28 17_31 27_5,5,"1,1,1,1,1",0,10_10 10_11 10_12 10_13 10_14 10_16 10_17 10_18 10_19 10_28 10_29 10_30 10_31 10_7 10_8 10_9 11_10 11_11 11_12 11_13 11_14 11_16 11_17 11_18 11_19 11_28 11_29 11_30 11_31 11_8 11_9 12_31 13_29 13_30 13_31 14_28 14_29 14_30 14_31 15_28 15_29 16_28 16_29 17_28 17_29 18_28 18_29 19_22 19_23 19_24 19_25 19_26 19_27 19_28 19_29 1_10 1_11 1_12 1_13 1_14 1_15 1_16 1_17 1_18 1_19 1_20 1_21 1_22 1_23 1_24 1_25 1_26 1_27 1_28 1_29 1_30 1_31 1_7 1_8 1_9 20_22 20_23 20_24 20_25 20_26 20_27 20_28 20_29 21_14 21_22 22_13 22_14 22_19 22_20 22_22 22_23 23_13 23_14 23_19 23_20 23_22 23_23 24_13 24_14 24_19 24_20 24_22 24_23 25_10 25_11 25_12 25_13 25_14 25_15 25_16 25_17 25_18 25_19 25_20 25_21 25_22 25_23 26_11 26_12 26_13 26_14 26_15 26_16 26_17 26_18 26_19 26_20 26_21 26_22 26_23 27_16 27_17 28_16 28_17 29_16 29_17 2_10 2_11 2_12 2_13 2_14 2_16 2_17 2_18 2_20 2_21 2_22 2_23 2_24 2_25 2_26 2_27 2_28 2_29 2_30 2_31 2_7 2_8 2_9 30_16 30_17 31_16 31_17 31_18 3_22 3_23 3_29 3_31 3_7 3_8 4_10 4_11 4_12 4_13 4_14 4_15 4_16 4_22 4_23 4_28 4_29 4_31 4_7 4_8 4_9 5_10 5_11 5_12 5_13 5_14 5_15 5_22 5_23 5_28 5_29 5_31 5_7 5_8 5_9 6_10 6_11 6_22 6_23 6_31 7_10 7_11 7_13 7_14 7_15 7_16 7_17 7_18 7_19 7_20 7_21 7_22 7_23 7_31 7_7 7_8 7_9 8_10 8_11 8_13 8_14 8_15 8_16 8_17 8_18 8_19 8_20 8_21 8_22 8_23 8_31 8_8 8_9 9_13 9_14 9_19 9_20,246,,1,2,1
mapf-maze-32-32-2-m10-f4,171,5.0,5,10_20 10_23 13_28 17_31 28_1,5,"1,1,1,1,1",0,10_10 10_11 10_12 10_13 10_14 10_16 10_17 10_18 10_19 10_28 10_29 10_30 10_31 10_7 10_8 10_9 11_10 11_11 11_12 11_13 11_14 11_16 11_17 11_18 11_19 11_28 11_29 11_30 11_31 11_8 11_9 12_31 13_29 13_30 13_31 14_28 14_29 14_30 14_31 15_28 15_29 16_28 16_29 17_28 17_29 18_28 18_29 19_22 19_23 19_24 19_25 19_26 19_27 19_28 19_29 1_10 1_11 1_12 1_13 1_14 1_15 1_16 1_17 1_18 1_19 1_20 1_21 1_22 1_23 1_24 1_25 1_26 1_27 1_28 1_29 1_30 1_31 1_7 1_8 1_9 20_22 20_23 20_24 20_25 20_26 20_27 20_28 20_29 21_14 21_22 22_13 22_14 22_19 22_20 22_22 22_23 23_13 23_14 23_19 23_20 23_22 23_23 24_13 24_14 24_19 24_20 24_22 24_23 25_10 25_11 25_12 25_13 25_14 25_15 25_16 25_17 25_18 25_19 25_20 25_21 25_22 25_23 26_11 26_12 26_13 26_14 26_15 26_16 26_17 26_18 26_19 26_20 26_21 26_22 26_23 27_16 27_17 28_16 28_17 29_16 29_17 2_10 2_11 2_12 2_13 2_14 2_16 2_17 2_18 2_20 2_21 2_22 2_23 2_24 2_25 2_26 2_27 2_28 2_29 2_30 2_31 2_7 2_8 2_9 30_16 30_17 31_16 31_17 31_18 3_22 3_23 3_29 3_31 3_7 3_8 4_10 4_11 4_12 4_13 4_14 4_15 4_16 4_22 4_23 4_28 4_29 4_31 4_7 4_8 4_9 5_10 5_11 5_12 5_13 5_14 5_15 5_22 5_23 5_28 5_29 5_31 5_7 5_8 5_9 6_10 6_11 6_22 6_23 6_31 7_10 7_11 7_13 7_14 7_15 7_16 7_17 7_18 7_19 7_20 7_21 7_22 7_23 7_31 7_7 7_8 7_9 8_10 8_11 8_13 8_14 8_15 8_16 8_17 8_18 8_19 8_20 8_21 8_22 8_23 8_31 8_8 8_9 9_13 9_14 9_19 9_20,246,,1,2,1
mapf-maze-32-32-2-m10-f4,172,5.0,5,10_20 10_23 13_28 17_31 28_2,5,"1,1,1,1,1",0,10_10 10_11 10_12 10_13 10_14 10_16 10_17 10_18 10_19 10_28 10_29 10_30 10_31 10_7 10_8 10_9 11_10 11_11 11_12 11_13 11_14 11_16 11_17 11_18 11_19 11_28 11_29 11_30 11_31 11_8 11_9 12_31 13_29 13_30 13_31 14_28 14_29 14_30 14_31 15_28 15_29 16_28 16_29 17_28 17_29 18_28 18_29 19_22 19_23 19_24 19_25 19_26 19_27 19_28 19_29 1_10 1_11 1_12 1_13 1_14 1_15 1_16 1_17 1_18 1_19 1_20 1_21 1_22 1_23 1_24 1_25 1_26 1_27 1_28 1_29 1_30 1_31 1_7 1_8 1_9 20_22 20_23 20_24 20_25 20_26 20_27 20_28 20_29 21_14 21_22 22_13 22_14 22_19 22_20 22_22 22_23 23_13 23_14 23_19 23_20 23_22 23_23 24_13 24_14 24_19 24_20 24_22 24_23 25_10 25_11 25_12 25_13 25_14 25_15 25_16 25_17 25_18 25_19 25_20 25_21 25_22 25_23 26_11 26_12 26_13 26_14 26_15 26_16 26_17 26_18 26_19 26_20 26_21 26_22 26_23 27_16 27_17 28_16 28_17 29_16 29_17 2_10 2_11 2_12 2_13 2_14 2_16 2_17 2_18 2_20 2_21 2_22 2_23 2_24 2_25 2_26 2_27 2_28 2_29 2_30 2_31 2_7 2_8 2_9 30_16 30_17 31_16 31_17 31_18 3_22 3_23 3_29 3_31 3_7 3_8 4_10 4_11 4_12 4_13 4_14 4_15 4_16 4_22 4_23 4_28 4_29 4_31 4_7 4_8 4_9 5_10 5_11 5_12 5_13 5_14 5_15 5_22 5_23 5_28 5_29 5_31 5_7 5_8 5_9 6_10 6_11 6_22 6_23 6_31 7_10 7_11 7_13 7_14 7_15 7_16 7_17 7_18 7_19 7_20 7_21 7_22 7_23 7_31 7_7 7_8 7_9 8_10 8_11 8_13 8_14 8_15 8_16 8_17 8_18 8_19 8_20 8_21 8_22 8_23 8_31 8_8 8_9 9_13 9_14 9_19 9_20,246,,1,2,1
mapf-maze-32-32-2-m10-f4,173,5.0,5,10_20 10_23 13_28 17_31 28_4,5,"1,1,1,1,1",0,10_10 10_11 10_12 10_13 10_14 10_16 10_17 10_18 10_19 10_28 10_29 10_30 10_31 10_7 10_8 10_9 11_10 11_11 11_12 11_13 11_14 11_16 11_17 11_18 11_19 11_28 11_29 11_30 11_31 11_8 11_9 12_31 13_29 13_30 13_31 14_28 14_29 14_30 14_31 15_28 15_29 16_28 16_29 17_28 17_29 18_28 18_29 19_22 19_23 19_24 19_25 19_26 19_27 19_28 19_29 1_10 1_11 1_12 1_13 1_14 1_15 1_16 1_17 1_18 1_19 1_20 1_21 1_22 1_23 1_24 1_25 1_26 1_27 1_28 1_29 1_30 1_31 1_7 1_8 1_9 20_22 20_23 20_24 20_25 20_26 20_27 20_28 20_29 21_14 21_22 22_13 22_14 22_19 22_20 22_22 22_23 23_13 23_14 23_19 23_20 23_22 23_23 24_13 24_14 24_19 24_20 24_22 24_23 25_10 25_11 25_12 25_13 25_14 25_15 25_16 25_17 25_18 25_19 25_20 25_21 25_22 25_23 26_11 26_12 26_13 26_14 26_15 26_16 26_17 26_18 26_19 26_20 26_21 26_22 26_23 27_16 27_17 28_16 28_17 29_16 29_17 2_10 2_11 2_12 2_13 2_14 2_16 2_17 2_18 2_20 2_21 2_22 2_23 2_24 2_25 2_26 2_27 2_28 2_29 2_30 2_31 2_7 2_8 2_9 30_16 30_17 31_16 31_17 31_18 3_22 3_23 3_29 3_31 3_7 3_8 4_10 4_11 4_12 4_13 4_14 4_15 4_16 4_22 4_23 4_28 4_29 4_31 4_7 4_8 4_9 5_10 5_11 5_12 5_13 5_14 5_15 5_22 5_23 5_28 5_29 5_31 5_7 5_8 5_9 6_10 6_11 6_22 6_23 6_31 7_10 7_11 7_13 7_14 7_15 7_16 7_17 7_18 7_19 7_20 7_21 7_22 7_23 7_31 7_7 7_8 7_9 8_10 8_11 8_13 8_14 8_15 8_16 8_17 8_18 8_19 8_20 8_21 8_22 8_23 8_31 8_8 8_9 9_13 9_14 9_19 9_20,246,,1,2,1
mapf-maze-32-32-2-m10-f4,174,5.0,5,10_20 10_23 13_28 17_31 28_5,5,"1,1,1,1,1",0,10_10 10_11 10_12 10_13 10_14 10_16 10_17 10_18 10_19 10_28 10_29 10_30 10_31 10_7 10_8 10_9 11_10 11_11 11_12 11_13 11_14 11_16 11_17 11_18 11_19 11_28 11_29 11_30 11_31 11_8 11_9 12_31 13_29 13_30 13_31 14_28 14_29 14_30 14_31 15_28 15_29 16_28 16_29 17_28 17_29 18_28 18_29 19_22 19_23 19_24 19_25 19_26 19_27 19_28 19_29 1_10 1_11 1_12 1_13 1_14 1_15 1_16 1_17 1_18 1_19 1_20 1_21 1_22 1_23 1_24 1_25 1_26 1_27 1_28 1_29 1_30 1_31 1_7 1_8 1_9 20_22 20_23 20_24 20_25 20_26 20_27 20_28 20_29 21_14 21_22 22_13 22_14 22_19 22_20 22_22 22_23 23_13 23_14 23_19 23_20 23_22 23_23 24_13 24_14 24_19 24_20 24_22 24_23 25_10 25_11 25_12 25_13 25_14 25_15 25_16 25_17 25_18 25_19 25_20 25_21 25_22 25_23 26_11 26_12 26_13 26_14 26_15 26_16 26_17 26_18 26_19 26_20 26_21 26_22 26_23 27_16 27_17 28_16 28_17 29_16 29_17 2_10 2_11 2_12 2_13 2_14 2_16 2_17 2_18 2_20 2_21 2_22 2_23 2_24 2_25 2_26 2_27 2_28 2_29 2_30 2_31 2_7 2_8 2_9 30_16 30_17 31_16 31_17 31_18 3_22 3_23 3_29 3_31 3_7 3_8 4_10 4_11 4_12 4_13 4_14 4_15 4_16 4_22 4_23 4_28 4_29 4_31 4_7 4_8 4_9 5_10 5_11 5_12 5_13 5_14 5_15 5_22 5_23 5_28 5_29 5_31 5_7 5_8 5_9 6_10 6_11 6_22 6_23 6_31 7_10 7_11 7_13 7_14 7_15 7_16 7_17 7_18 7_19 7_20 7_21 7_22 7_23 7_31 7_7 7_8 7_9 8_10 8_11 8_13 8_14 8_15 8_16 8_17 8_18 8_19 8_20 8_21 8_22 8_23 8_31 8_8 8_9 9_13 9_14 9_19 9_20,246,,1,2,1
mapf-maze-32-32-2-m10-f4,175,5.0,5,10_20 10_23 13_28 17_31 29_1,5,"1,1,1,1,1",0,10_10 10_11 10_12 10_13 10_14 10_16 10_17 10_18 10_19 10_28 10_29 10_30 10_31 10_7 10_8 10_9 11_10 11_11 11_12 11_13 11_14 11_16 11_17 11_18 11_19 11_28 11_29 11_30 11_31 11_8 11_9 12_31 13_29 13_30 13_31 14_28 14_29 14_30 14_31 15_28 15_29 16_28 16_29 17_28 17_29 18_28 18_29 19_22 19_23 19_24 19_25 19_26 19_27 19_28 19_29 1_10 1_11 1_12 1_13 1_14 1_15 1_16 1_17 1_18 1_19 1_20 1_21 1_22 1_23 1_24 1_25 1_26 1_27 1_28 1_29 1_30 1_31 1_7 1_8 1_9 20_22 20_23 20_24 20_25 20_26 20_27 20_28 20_29 21_14 21_22 22_13 22_14 22_19 22_20 22_22 22_23 23_13 23_14 23_19 23_20 23_22 23_23 24_13 24_14 24_19 24_20 24_22 24_23 25_10 25_11 25_12 25_13 25_14 25_15 25_16 25_17 25_18 25_19 25_20 25_21 25_22 25_23 26_11 26_12 26_13 26_14 26_15 26_16 26_17 26_18 26_19 26_20 26_21 26_22 26_23 27_16 27_17 28_16 28_17 29_16 29_17 2_10 2_11 2_12 2_13 2_14 2_16 2_17 2_18 2_20 2_21 2_22 2_23 2_24 2_25 2_26 2_27 2_28 2_29 2_30 2_31 2_7 2_8 2_9 30_16 30_17 31_16 31_17 31_18 3_22 3_23 3_29 3_31 3_7 3_8 4_10 4_11 4_12 4_13 4_14 4_15 4_16 4_22 4_23 4_28 4_29 4_31 4_7 4_8 4_9 5_10 5_11 5_12 5_13 5_14 5_15 5_22 5_23 5_28 5_29 5_31 5_7 5_8 5_9 6_10 6_11 6_22 6_23 6_31 7_10 7_11 7_13 7_14 7_15 7_16 7_17 7_18 7_19 7_20 7_21 7_22 7_23 7_31 7_7 7_8 7_9 8_10 8_11 8_13 8_14 8_15 8_16 8_17 8_18 8_19 8_20 8_21 8_22 8_23 8_31 8_8 8_9 9_13 9_14 9_19 9_20,246,,1,2,1
mapf-maze-32-32-2-m10-f4,176,5.0,5,10_20 10_23 13_28 17_31 29_2,5,"1,1,1,1,1",0,10_10 10_11 10_12 10_13 10_14 10_16 10_17 10_18 10_19 10_28 10_29 10_30 10_31 10_7 10_8 10_9 11_10 11_11 11_12 11_13 11_14 11_16 11_17 11_18 11_19 11_28 11_29 11_30 11_31 11_8 11_9 12_31 13_29 13_30 13_31 14_28 14_29 14_30 14_31 15_28 15_29 16_28 16_29 17_28 17_29 18_28 18_29 19_22 19_23 19_24 19_25 19_26 19_27 19_28 19_29 1_10 1_11 1_12 1_13 1_14 1_15 1_16 1_17 1_18 1_19 1_20 1_21 1_22 1_23 1_24 1_25 1_26 1_27 1_28 1_29 1_30 1_31 1_7 1_8 1_9 20_22 20_23 20_24 20_25 20_26 20_27 20_28 20_29 21_14 21_22 22_13 22_14 22_19 22_20 22_22 22_23 23_13 23_14 23_19 23_20 23_22 23_23 24_13 24_14 24_19 24_20 24_22 24_23 25_10 25_11 25_12 25_13 25_14 25_15 25_16 25_17 25_18 25_19 25_20 25_21 25_22 25_23 26_11 26_12 26_13 26_14 26_15 26_16 26_17 26_18 26_19 26_20 26_21 26_22 26_23 27_16 27_17 28_16 28_17 29_16 29_17 2_10 2_11 2_12 2_13 2_14 2_16 2_17 2_18 2_20 2_21 2_22 2_23 2_24 2_25 2_26 2_27 2_28 2_29 2_30 2_31 2_7 2_8 2_9 30_16 30_17 31_16 31_17 31_18 3_22 3_23 3_29 3_31 3_7 3_8 4_10 4_11 4_12 4_13 4_14 4_15 4_16 4_22 4_23 4_28 4_29 4_31 4_7 4_8 4_9 5_10 5_11 5_12 5_13 5_14 5_15 5_22 5_23 5_28 5_29 5_31 5_7 5_8 5_9 6_10 6_11 6_22 6_23 6_31 7_10 7_11 7_13 7_14 7_15 7_16 7_17 7_18 7_19 7_20 7_21 7_22 7_23 7_31 7_7 7_8 7_9 8_10 8_11 8_13 8_14 8_15 8_16 8_17 8_18 8_19 8_20 8_21 8_22 8_23 8_31 8_8 8_9 9_13 9_14 9_19 9_20,246,,1,2,1
mapf-maze-32-32-2-m10-f4,177,5.0,5,10_20 10_23 13_28 17_31 29_4,5,"1,1,1,1,1",0,10_10 10_11 10_12 10_13 10_14 10_16 10_17 10_18 10_19 10_28 10_29 10_30 10_31 10_7 10_8 10_9 11_10 11_11 11_12 11_13 11_14 11_16 11_17 11_18 11_19 11_28 11_29 11_30 11_31 11_8 11_9 12_31 13_29 13_30 13_31 14_28 14_29 14_30 14_31 15_28 15_29 16_28 16_29 17_28 17_29 18_28 18_29 19_22 19_23 19_24 19_25 19_26 19_27 19_28 19_29 1_10 1_11 1_12 1_13 1_14 1_15 1_16 1_17 1_18 1_19 1_20 1_21 1_22 1_23 1_24 1_25 1_26 1_27 1_28 1_29 1_30 1_31 1_7 1_8 1_9 20_22 20_23 20_24 20_25 20_26 20_27 20_28 20_29 21_14 21_22 22_13 22_14 22_19 22_20 22_22 22_23 23_13 23_14 23_19 23_20 23_22 23_23 24_13 24_14 24_19 24_20 24_22 24_23 25_10 25_11 25_12 25_13 25_14 25_15 25_16 25_17 25_18 25_19 25_20 25_21 25_22 25_23 26_11 26_12 26_13 26_14 26_15 26_16 26_17 26_18 26_19 26_20 26_21 26_22 26_23 27_16 27_17 28_16 28_17 29_16 29_17 2_10 2_11 2_12 2_13 2_14 2_16 2_17 2_18 2_20 2_21 2_22 2_23 2_24 2_25 2_26 2_27 2_28 2_29 2_30 2_31 2_7 2_8 2_9 30_16 30_17 31_16 31_17 31_18 3_22 3_23 3_29 3_31 3_7 3_8 4_10 4_11 4_12 4_13 4_14 4_15 4_16 4_22 4_23 4_28 4_29 4_31 4_7 4_8 4_9 5_10 5_11 5_12 5_13 5_14 5_15 5_22 5_23 5_28 5_29 5_31 5_7 5_8 5_9 6_10 6_11 6_22 6_23 6_31 7_10 7_11 7_13 7_14 7_15 7_16 7_17 7_18 7_19 7_20 7_21 7_22 7_23 7_31 7_7 7_8 7_9 8_10 8_11 8_13 8_14 8_15 8_16 8_17 8_18 8_19 8_20 8_21 8_22 8_23 8_31 8_8 8_9 9_13 9_14 9_19 9_20,246,,1,2,1
mapf-maze-32-32-2-m10-f4,178,5.0,5,10_20 10_23 13_28 17_31 29_5,5,"1,1,1,1,1",0,10_10 10_11 10_12 10_13 10_14 10_16 10_17 10_18 10_19 10_28 10_29 10_30 10_31 10_7 10_8 10_9 11_10 11_11 11_12 11_13 11_14 11_16 11_17 11_18 11_19 11_28 11_29 11_30 11_31 11_8 11_9 12_31 13_29 13_30 13_31 14_28 14_29 14_30 14_31 15_28 15_29 16_28 16_29 17_28 17_29 18_28 18_29 19_22 19_23 19_24 19_25 19_26 19_27 19_28 19_29 1_10 1_11 1_12 1_13 1_14 1_15 1_16 1_17 1_18 1_19 1_20 1_21 1_22 1_23 1_24 1_25 1_26 1_27 1_28 1_29 1_30 1_31 1_7 1_8 1_9 20_22 20_23 20_24 20_25 20_26 20_27 20_28 20_29 21_14 21_22 22_13 22_14 22_19 22_20 22_22 22_23 23_13 23_14 23_19 23_20 23_22 23_23 24_13 24_14 24_19 24_20 24_22 24_23 25_10 25_11 25_12 25_13 25_14 25_15 25_16 25_17 25_18 25_19 25_20 25_21 25_22 25_23 26_11 26_12 26_13 26_14 26_15 26_16 26_17 26_18 26_19 26_20 26_21 26_22 26_23 27_16 27_17 28_16 28_17 29_16 29_17 2_10 2_11 2_12 2_13 2_14 2_16 2_17 2_18 2_20 2_21 2_22 2_23 2_24 2_25 2_26 2_27 2_28 2_29 2_30 2_31 2_7 2_8 2_9 30_16 30_17 31_16 31_17 31_18 3_22 3_23 3_29 3_31 3_7 3_8 4_10 4_11 4_12 4_13 4_14 4_15 4_16 4_22 4_23 4_28 4_29 4_31 4_7 4_8 4_9 5_10 5_11 5_12 5_13 5_14 5_15 5_22 5_23 5_28 5_29 5_31 5_7 5_8 5_9 6_10 6_11 6_22 6_23 6_31 7_10 7_11 7_13 7_14 7_15 7_16 7_17 7_18 7_19 7_20 7_21 7_22 7_23 7_31 7_7 7_8 7_9 8_10 8_11 8_13 8_14 8_15 8_16 8_17 8_18 8_19 8_20 8_21 8_22 8_23 8_31 8_8 8_9 9_13 9_14 9_19 9_20,246,,1,2,1
mapf-maze-32-32-2-m10-f4,179,5.0,5,10_20 10_23 13_28 17_31 30_1,5,"1,1,1,1,1",0,10_10 10_11 10_12 10_13 10_14 10_16 10_17 10_18 10_19 10_28 10_29 10_30 10_31 10_7 10_8 10_9 11_10 11_11 11_12 11_13 11_14 11_16 11_17 11_18 11_19 11_28 11_29 11_30 11_31 11_8 11_9 12_31 13_29 13_30 13_31 14_28 14_29 14_30 14_31 15_28 15_29 16_28 16_29 17_28 17_29 18_28 18_29 19_22 19_23 19_24 19_25 19_26 19_27 19_28 19_29 1_10 1_11 1_12 1_13 1_14 1_15 1_16 1_17 1_18 1_19 1_20 1_21 1_22 1_23 1_24 1_25 1_26 1_27 1_28 1_29 1_30 1_31 1_7 1_8 1_9 20_22 20_23 20_24 20_25 20_26 20_27 20_28 20_29 21_14 21_22 22_13 22_14 22_19 22_20 22_22 22_23 23_13 23_14 23_19 23_20 23_22 23_23 24_13 24_14 24_19 24_20 24_22 24_23 25_10 25_11 25_12 25_13 25_14 25_15 25_16 25_17 25_18 25_19 25_20 25_21 25_22 25_23 26_11 26_12 26_13 26_14 26_15 26_16 26_17 26_18 26_19 26_20 26_21 26_22 26_23 27_16 27_17 28_16 28_17 29_16 29_17 2_10 2_11 2_12 2_13 2_14 2_16 2_17 2_18 2_20 2_21 2_22 2_23 2_24 2_25 2_26 2_27 2_28 2_29 2_30 2_31 2_7 2_8 2_9 30_16 30_17 31_16 31_17 31_18 3_22 3_23 3_29 3_31 3_7 3_8 4_10 4_11 4_12 4_13 4_14 4_15 4_16 4_22 4_23 4_28 4_29 4_31 4_7 4_8 4_9 5_10 5_11 5_12 5_13 5_14 5_15 5_22 5_23 5_28 5_29 5_31 5_7 5_8 5_9 6_10 6_11 6_22 6_23 6_31 7_10 7_11 7_13 7_14 7_15 7_16 7_17 7_18 7_19 7_20 7_21 7_22 7_23 7_31 7_7 7_8 7_9 8_10 8_11 8_13 8_14 8_15 8_16 8_17 8_18 8_19 8_20 8_21 8_22 8_23 8_31 8_8 8_9 9_13 9_14 9_19 9_20,246,,1,2,1
mapf-maze-32-32-2-m10-f4,180,5.0,5,10_20 10_23 13_28 17_31 30_2,5,"1,1,1,1,1",0,10_10 10_11 10_12 10_13 10_14 10_16 10_17 10_18 10_19 10_28 10_29 10_30 10_31 10_7 10_8 10_9 11_10 11_11 11_12 11_13 11_14 11_16 11_17 11_18 11_19 11_28 11_29 11_30 11_31 11_8 11_9 12_31 13_29 13_30 13_31 14_28 14_29 14_30 14_31 15_28 15_29 16_28 16_29 17_28 17_29 18_28 18_29 19_22 19_23 19_24 19_25 19_26 19_27 19_28 19_29 1_10 1_11 1_12 1_13 1_14 1_15 1_16 1_17 1_18 1_19 1_20 1_21 1_22 1_23 1_24 1_25 1_26 1_27 1_28 1_29 1_30 1_31 1_7 1_8 1_9 20_22 20_23 20_24 20_25 20_26 20_27 20_28 20_29 21_14 21_22 22_13 22_14 22_19 22_20 22_22 22_23 23_13 23_14 23_19 23_20 23_22 23_23 24_13 24_14 24_19 24_20 24_22 24_23 25_10 25_11 25_12 25_13 25_14 25_15 25_16 25_17 25_18 25_19 25_20 25_21 25_22 25_23 26_11 26_12 26_13 26_14 26_15 26_16 26_17 26_18 26_19 26_20 26_21 26_22 26_23 27_16 27_17 28_16 28_17 29_16 29_17 2_10 2_11 2_12 2_13 2_14 2_16 2_17 2_18 2_20 2_21 2_22 2_23 2_24 2_25 2_26 2_27 2_28 2_29 2_30 2_31 2_7 2_8 2_9 30_16 30_17 31_16 31_17 31_18 3_22 3_23 3_29 3_31 3_7 3_8 4_10 4_11 4_12 4_13 4_14 4_15 4_16 4_22 4_23 4_28 4_29 4_31 4_7 4_8 4_9 5_10 5_11 5_12 5_13 5_14 5_15 5_22 5_23 5_28 5_29 5_31 5_7 5_8 5_9 6_10 6_11 6_22 6_23 6_31 7_10 7_11 7_13 7_14 7_15 7_16 7_17 7_18 7_19 7_20 7_21 7_22 7_23 7_31 7_7 7_8 7_9 8_10 8_11 8_13 8_14 8_15 8_16 8_17 8_18 8_19 8_20 8_21 8_22 8_23 8_31 8_8 8_9 9_13 9_14 9_19 9_20,246,,1,2,1
mapf-maze-32-32-2-m10-f4,181,5.0,5,10_26 12_31 19_31 1_17 30_4,5,"1,1,1,1,1",0,10_10 10_11 10_12 10_13 10_14 10_16 10_17 10_18 10_19 10_20 10_28 10_29 10_30 10_31 10_8 10_9 11_10 11_11 11_12 11_13 11_14 11_16 11_17 11_18 11_19 11_28 11_29 11_30 11_31 11_9 13_28 13_29 13_30 13_31 14_28 14_29 14_30 14_31 15_28 15_29 16_28 16_29 17_28 17_29 18_28 18_29 19_22 19_23 19_24 19_25 19_26 19_27 19_28 19_29 1_10 1_11 1_12 1_13 1_14 1_15 1_16 1_18 1_19 1_20 1_21 1_22 1_23 1_24 1_25 1_26 1_27 1_28 1_29 1_30 1_31 1_7 1_8 1_9 20_22 20_23 20_24 20_25 20_26 20_27 20_28 20_29 21_14 21_22 22_13 22_14 22_19 22_20 22_22 22_23 23_13 23_14 23_19 23_20 23_22 23_23 24_13 24_14 24_19 24_20 24_22 24_23 25_10 25_11 25_12 25_13 25_14 25_15 25_16 25_17 25_18 25_19 25_20 25_21 25_22 25_23 26_11 26_12 26_13 26_14 26_15 26_16 26_17 26_18 26_19 26_20 26_21 26_22 26_23 27_16 27_17 28_16 28_17 29_16 29_17 2_10 2_11 2_12 2_13 2_14 2_16 2_17 2_18 2_20 2_21 2_22 2_23 2_24 2_25 2_26 2_27 2_28 2_29 2_30 2_31 2_7 2_8 2_9 30_16 30_17 31_16 31_17 31_18 3_22 3_23 3_29 3_31 3_7 3_8 4_10 4_11 4_12 4_13 4_14 4_15 4_16 4_22 4_23 4_28 4_29 4_31 4_7 4_8 4_9 5_10 5_11 5_12 5_13 5_14 5_15 5_22 5_23 5_28 5_29 5_31 5_7 5_8 5_9 6_10 6_11 6_22 6_23 6_31 7_10 7_11 7_13 7_14 7_15 7_16 7_17 7_18 7_19 7_20 7_21 7_22 7_23 7_31 7_7 7_8 7_9 8_10 8_11 8_13 8_14 8_15 8_16 8_17 8_18 8_19 8_20 8_21 8_22 8_23 8_31 8_8 8_9 9_13 9_14 9_19 9_20,244,,1,1,1
mapf-maze-32-32-2-m10-f4,182,5.0,5,10_26 12_31 19_31 1_17 31_1,5,"1,1,1,1,1",0,10_10 10_11 10_12 10_13 10_14 10_16 10_17 10_18 10_19 10_20 10_28 10_29 10_30 10_31 10_8 10_9 11_10 11_11 11_12 11_13 11_14 11_16 11_17 11_18 11_19 11_28 11_29 11_30 11_31 11_9 13_28 13_29 13_30 13_31 14_28 14_29 14_30 14_31 15_28 15_29 16_28 16_29 17_28 17_29 18_28 18_29 19_22 19_23 19_24 19_25 19_26 19_27 19_28 19_29 1_10 1_11 1_12 1_13 1_14 1_15 1_16 1_18 1_19 1_20 1_21 1_22 1_23 1_24 1_25 1_26 1_27 1_28 1_29 1_30 1_31 1_7 1_8 1_9 20_22 20_23 20_24 20_25 20_26 20_27 20_28 20_29 21_14 21_22 22_13 22_14 22_19 22_20 22_22 22_23 23_13 23_14 23_19 23_20 23_22 23_23 24_13 24_14 24_19 24_20 24_22 24_23 25_10 25_11 25_12 25_13 25_14 25_15 25_16 25_17 25_18 25_19 25_20 25_21 25_22 25_23 26_11 26_12 26_13 26_14 26_15 26_16 26_17 26_18 26_19 26_20 26_21 26_22 26_23 27_16 27_17 28_16 28_17 29_16 29_17 2_10 2_11 2_12 2_13 2_14 2_16 2_17 2_18 2_20 2_21 2_22 2_23 2_24 2_25 2_26 2_27 2_28 2_29 2_30 2_31 2_7 2_8 2_9 30_16 30_17 31_16 31_17 31_18 3_22 3_23 3_29 3_31 3_7 3_8 4_10 4_11 4_12 4_13 4_14 4_15 4_16 4_22 4_23 4_28 4_29 4_31 4_7 4_8 4_9 5_10 5_11 5_12 5_13 5_14 5_15 5_22 5_23 5_28 5_29 5_31 5_7 5_8 5_9 6_10 6_11 6_22 6_23 6_31 7_10 7_11 7_13 7_14 7_15 7_16 7_17 7_18 7_19 7_20 7_21 7_22 7_23 7_31 7_7 7_8 7_9 8_10 8_11 8_13 8_14 8_15 8_16 8_17 8_18 8_19 8_20 8_21 8_22 8_23 8_31 8_8 8_9 9_13 9_14 9_19 9_20,244,,1,1,1
mapf-maze-32-32-2-m10-f4,183,5.0,5,10_26 12_31 19_31 1_17 31_2,5,"1,1,1,1,1",0,10_10 10_11 10_12 10_13 10_14 10_16 10_17 10_18 10_19 10_20 10_28 10_29 10_30 10_31 10_8 10_9 11_10 11_11 11_12 11_13 11_14 11_16 11_17 11_18 11_19 11_28 11_29 11_30 11_31 11_9 13_28 13_29 13_30 13_31 14_28 14_29 14_30 14_31 15_28 15_29 16_28 16_29 17_28 17_29 18_28 18_29 19_22 19_23 19_24 19_25 19_26 19_27 19_28 19_29 1_10 1_11 1_12 1_13 1_14 1_15 1_16 1_18 1_19 1_20 1_21 1_22 1_23 1_24 1_25 1_26 1_27 1_28 1_29 1_30 1_31 1_7 1_8 1_9 20_22 20_23 20_24 20_25 20_26 20_27 20_28 20_29 21_14 21_22 22_13 22_14 22_19 22_20 22_22 22_23 23_13 23_14 23_19 23_20 23_22 23_23 24_13 24_14 24_19 24_20 24_22 24_23 25_10 25_11 25_12 25_13 25_14 25_15 25_16 25_17 25_18 25_19 25_20 25_21 25_22 25_23 26_11 26_12 26_13 26_14 26_15 26_16 26_17 26_18 26_19 26_20 26_21 26_22 26_23 27_16 27_17 28_16 28_17 29_16 29_17 2_10 2_11 2_12 2_13 2_14 2_16 2_17 2_18 2_20 2_21 2_22 2_23 2_24 2_25 2_26 2_27 2_28 2_29 2_30 2_31 2_7 2_8 2_9 30_16 30_17 31_16 31_17 31_18 3_22 3_23 3_29 3_31 3_7 3_8 4_10 4_11 4_12 4_13 4_14 4_15 4_16 4_22 4_23 4_28 4_29 4_31 4_7 4_8 4_9 5_10 5_11 5_12 5_13 5_14 5_15 5_22 5_23 5_28 5_29 5_31 5_7 5_8 5_9 6_10 6_11 6_22 6_23 6_31 7_10 7_11 7_13 7_14 7_15 7_16 7_17 7_18 7_19 7_20 7_21 7_22 7_23 7_31 7_7 7_8 7_9 8_10 8_11 8_13 8_14 8_15 8_16 8_17 8_18 8_19 8_20 8_21 8_22 8_23 8_31 8_8 8_9 9_13 9_14 9_19 9_20,244,,1,1,1
mapf-maze-32-32-2-m10-f4,184,5.0,5,10_26 12_31 19_31 1_17 31_3,5,"1,1,1,1,1",0,10_10 10_11 10_12 10_13 10_14 10_16 10_17 10_18 10_19 10_20 10_28 10_29 10_30 10_31 10_8 10_9 11_10 11_11 11_12 11_13 11_14 11_16 11_17 11_18 11_19 11_28 11_29 11_30 11_31 11_9 13_28 13_29 13_30 13_31 14_28 14_29 14_30 14_31 15_28 15_29 16_28 16_29 17_28 17_29 18_28 18_29 19_22 19_23 19_24 19_25 19_26 19_27 19_28 19_29 1_10 1_11 1_12 1_13 1_14 1_15 1_16 1_18 1_19 1_20 1_21 1_22 1_23 1_24 1_25 1_26 1_27 1_28 1_29 1_30 1_31 1_7 1_8 1_9 20_22 20_23 20_24 20_25 20_26 20_27 20_28 20_29 21_14 21_22 22_13 22_14 22_19 22_20 22_22 22_23 23_13 23_14 23_19 23_20 23_22 23_23 24_13 24_14 24_19 24_20 24_22 24_23 25_10 25_11 25_12 25_13 25_14 25_15 25_16 25_17 25_18 25_19 25_20 25_21 25_22 25_23 26_11 26_12 26_13 26_14 26_15 26_16 26_17 26_18 26_19 26_20 26_21 26_22 26_23 27_16 27_17 28_16 28_17 29_16 29_17 2_10 2_11 2_12 2_13 2_14 2_16 2_17 2_18 2_20 2_21 2_22 2_23 2_24 2_25 2_26 2_27 2_28 2_29 2_30 2_31 2_7 2_8 2_9 30_16 30_17 31_16 31_17 31_18 3_22 3_23 3_29 3_31 3_7 3_8 4_10 4_11 4_12 4_13 4_14 4_15 4_16 4_22 4_23 4_28 4_29 4_31 4_7 4_8 4_9 5_10 5_11 5_12 5_13 5_14 5_15 5_22 5_23 5_28 5_29 5_31 5_7 5_8 5_9 6_10 6_11 6_22 6_23 6_31 7_10 7_11 7_13 7_14 7_15 7_16 7_17 7_18 7_19 7_20 7_21 7_22 7_23 7_31 7_7 7_8 7_9 8_10 8_11 8_13 8_14 8_15 8_16 8_17 8_18 8_19 8_20 8_21 8_22 8_23 8_31 8_8 8_9 9_13 9_14 9_19 9_20,244,,1,1,1
mapf-maze-32-32-2-m10-f4,185,5.0,5,10_26 12_31 19_31 1_17 31_4,5,"1,1,1,1,1",0,10_10 10_11 10_12 10_13 10_14 10_16 10_17 10_18 10_19 10_20 10_28 10_29 10_30 10_31 10_8 10_9 11_10 11_11 11_12 11_13 11_14 11_16 11_17 11_18 11_19 11_28 11_29 11_30 11_31 11_9 13_28 13_29 13_30 13_31 14_28 14_29 14_30 14_31 15_28 15_29 16_28 16_29 17_28 17_29 18_28 18_29 19_22 19_23 19_24 19_25 19_26 19_27 19_28 19_29 1_10 1_11 1_12 1_13 1_14 1_15 1_16 1_18 1_19 1_20 1_21 1_22 1_23 1_24 1_25 1_26 1_27 1_28 1_29 1_30 1_31 1_7 1_8 1_9 20_22 20_23 20_24 20_25 20_26 20_27 20_28 20_29 21_14 21_22 22_13 22_14 22_19 22_20 22_22 22_23 23_13 23_14 23_19 23_20 23_22 23_23 24_13 24_14 24_19 24_20 24_22 24_23 25_10 25_11 25_12 25_13 25_14 25_15 25_16 25_17 25_18 25_19 25_20 25_21 25_22 25_23 26_11 26_12 26_13 26_14 26_15 26_16 26_17 26_18 26_19 26_20 26_21 26_22 26_23 27_16 27_17 28_16 28_17 29_16 29_17 2_10 2_11 2_12 2_13 2_14 2_16 2_17 2_18 2_20 2_21 2_22 2_23 2_24 2_25 2_26 2_27 2_28 2_29 2_30 2_31 2_7 2_8 2_9 30_16 30_17 31_16 31_17 31_18 3_22 3_23 3_29 3_31 3_7 3_8 4_10 4_11 4_12 4_13 4_14 4_15 4_16 4_22 4_23 4_28 4_29 4_31 4_7 4_8 4_9 5_10 5_11 5_12 5_13 5_14 5_15 5_22 5_23 5_28 5_29 5_31 5_7 5_8 5_9 6_10 6_11 6_22 6_23 6_31 7_10 7_11 7_13 7_14 7_15 7_16 7_17 7_18 7_19 7_20 7_21 7_22 7_23 7_31 7_7 7_8 7_9 8_10 8_11 8_13 8_14 8_15 8_16 8_17 8_18 8_19 8_20 8_21 8_22 8_23 8_31 8_8 8_9 9_13 9_14 9_19 9_20,244,,1,1,1
mapf-maze-32-32-2-m10-f4,186,5.0,5,10_26 13_28 16_31 1_18 20_2,5,"1,1,1,1,1",0,10_10 10_11 10_12 10_13 10_14 10_16 10_17 10_18 10_19 10_20 10_28 10_29 10_30 10_31 10_8 10_9 11_10 11_11 11_12 11_13 11_14 11_16 11_17 11_18 11_19 11_28 11_29 11_30 11_31 11_9 12_31 13_29 13_30 13_31 14_28 14_29 14_30 14_31 15_28 15_29 16_28 16_29 17_28 17_29 18_28 18_29 19_22 19_23 19_24 19_25 19_26 19_27 19_28 19_29 1_10 1_11 1_12 1_13 1_14 1_15 1_16 1_17 1_19 1_20 1_21 1_22 1_23 1_24 1_25 1_26 1_27 1_28 1_29 1_30 1_31 1_7 1_8 1_9 20_22 20_23 20_24 20_25 20_26 20_27 20_28 20_29 21_14 21_22 22_13 22_14 22_19 22_20 22_22 22_23 23_13 23_14 23_19 23_20 23_22 23_23 24_13 24_14 24_19 24_20 24_22 24_23 25_10 25_11 25_12 25_13 25_14 25_15 25_16 25_17 25_18 25_19 25_20 25_21 25_22 25_23 26_11 26_12 26_13 26_14 26_15 26_16 26_17 26_18 26_19 26_20 26_21 26_22 26_23 27_16 27_17 28_16 28_17 29_16 29_17 2_10 2_11 2_12 2_13 2_14 2_16 2_17 2_18 2_20 2_21 2_22 2_23 2_24 2_25 2_26 2_27 2_28 2_29 2_30 2_31 2_7 2_8 2_9 30_16 30_17 31_16 31_17 31_18 3_22 3_23 3_29 3_31 3_7 3_8 4_10 4_11 4_12 4_13 4_14 4_15 4_16 4_22 4_23 4_28 4_29 4_31 4_7 4_8 4_9 5_10 5_11 5_12 5_13 5_14 5_15 5_22 5_23 5_28 5_29 5_31 5_7 5_8 5_9 6_10 6_11 6_22 6_23 6_31 7_10 7_11 7_13 7_14 7_15 7_16 7_17 7_18 7_19 7_20 7_21 7_22 7_23 7_31 7_7 7_8 7_9 8_10 8_11 8_13 8_14 8_15 8_16 8_17 8_18 8_19 8_20 8_21 8_22 8_23 8_31 8_8 8_9 9_13 9_14 9_19 9_20,244,,1,1,1
mapf-maze-32-32-2-m10-f4,187,5.0,5,10_26 13_28 16_31 1_19 20_2,5,"1,1,1,1,1",0,10_10 10_11 10_12 10_13 10_14 10_16 10_17 10_18 10_19 10_20 10_28 10_29 10_30 10_31 10_8 10_9 11_10 11_11 11_12 11_13 11_14 11_16 11_17 11_18 11_19 11_28 11_29 11_30 11_31 11_9 12_31 13_29 13_30 13_31 14_28 14_29 14_30 14_31 15_28 15_29 16_28 16_29 17_28 17_29 18_28 18_29 19_22 19_23 19_24 19_25 19_26 19_27 19_28 19_29 1_10 1_11 1_12 1_13 1_14 1_15 1_16 1_17 1_18 1_20 1_21 1_22 1_23 1_24 1_25 1_26 1_27 1_28 1_29 1_30 1_31 1_7 1_8 1_9 20_22 20_23 20_24 20_25 20_26 20_27 20_28 20_29 21_14 21_22 22_13 22_14 22_19 22_20 22_22 22_23 23_13 23_14 23_19 23_20 23_22 23_23 24_13 24_14 24_19 24_20 24_22 24_23 25_10 25_11 25_12 25_13 25_14 25_15 25_16 25_17 25_18 25_19 25_20 25_21 25_22 25_23 26_11 26_12 26_13 26_14 26_15 26_16 26_17 26_18 26_19 26_20 26_21 26_22 26_23 27_16 27_17 28_16 28_17 29_16 29_17 2_10 2_11 2_12 2_13 2_14 2_16 2_17 2_18 2_20 2_21 2_22 2_23 2_24 2_25 2_26 2_27 2_28 2_29 2_30 2_31 2_7 2_8 2_9 30_16 30_17 31_16 31_17 31_18 3_22 3_23 3_29 3_31 3_7 3_8 4_10 4_11 4_12 4_13 4_14 4_15 4_16 4_22 4_23 4_28 4_29 4_31 4_7 4_8 4_9 5_10 5_11 5_12 5_13 5_14 5_15 5_22 5_23 5_28 5_29 5_31 5_7 5_8 5_9 6_10 6_11 6_22 6_23 6_31 7_10 7_11 7_13 7_14 7_15 7_16 7_17 7_18 7_19 7_20 7_21 7_22 7_23 7_31 7_7 7_8 7_9 8_10 8_11 8_13 8_14 8_15 8_16 8_17 8_18 8_19 8_20 8_21 8_22 8_23 8_31 8_8 8_9 9_13 9_14 9_19 9_20,244,,1,1,1
mapf-maze-32-32-2-m10-f4,188,5.0,5,10_26 13_28 16_31 1_20 20_2,5,"1,1,1,1,1",0,10_10 10_11 10_12 10_13 10_14 10_16 10_17 10_18 10_19 10_20 10_28 10_29 10_30 10_31 10_8 10_9 11_10 11_11 11_12 11_13 11_14 11_16 11_17 11_18 11_19 11_28 11_29 11_30 11_31 11_9 12_31 13_29 13_30 13_31 14_28 14_29 14_30 14_31 15_28 15_29 16_28 16_29 17_28 17_29 18_28 18_29 19_22 19_23 19_24 19_25 19_26 19_27 19_28 19_29 1_10 1_11 1_12 1_13 1_14 1_15 1_16 1_17 1_18 1_19 1_21 1_22 1_23 1_24 1_25 1_26 1_27 1_28 1_29 1_30 1_31 1_7 1_8 1_9 20_22 20_23 20_24 20_25 20_26 20_27 20_28 20_29 21_14 21_22 22_13 22_14 22_19 22_20 22_22 22_23 23_13 23_14 23_19 23_20 23_22 23_23 24_13 24_14 24_19 24_20 24_22 24_23 25_10 25_11 25_12 25_13 25_14 25_15 25_16 25_17 25_18 25_19 25_20 25_21 25_22 25_23 26_11 26_12 26_13 26_14 26_15 26_16 26_17 26_18 26_19 26_20 26_21 26_22 26_23 27_16 27_17 28_16 28_17 29_16 29_17 2_10 2_11 2_12 2_13 2_14 2_16 2_17 2_18 2_20 2_21 2_22 2_23 2_24 2_25 2_26 2_27 2_28 2_29 2_30 2_31 2_7 2_8 2_9 30_16 30_17 31_16 31_17 31_18 3_22 3_23 3_29 3_31 3_7 3_8 4_10 4_11 4_12 4_13 4_14 4_15 4_16 4_22 4_23 4_28 4_29 4_31 4_7 4_8 4_9 5_10 5_11 5_12 5_13 5_14 5_15 5_22 5_23 5_28 5_29 5_31 5_7 5_8 5_9 6_10 6_11 6_22 6_23 6_31 7_10 7_11 7_13 7_14 7_15 7_16 7_17 7_18 7_19 7_20 7_21 7_22 7_23 7_31 7_7 7_8 7_9 8_10 8_11 8_13 8_14 8_15 8_16 8_17 8_18 8_19 8_20 8_21 8_22 8_23 8_31 8_8 8_9 9_13 9_14 9_19 9_20,244,,1,1,1
mapf-maze-32-32-2-m10-f4,189,5.0,5,10_26 13_28 16_31 1_21 20_2,5,"1,1,1,1,1",0,10_10 10_11 10_12 10_13 10_14 10_16 10_17 10_18 10_19 10_20 10_28 10_29 10_30 10_31 10_8 10_9 11_10 11_11 11_12 11_13 11_14 11_16 11_17 11_18 11_19 11_28 11_29 11_30 11_31 11_9 12_31 13_29 13_30 13_31 14_28 14_29 14_30 14_31 15_28 15_29 16_28 16_29 17_28 17_29 18_28 18_29 19_22 19_23 19_24 19_25 19_26 19_27 19_28 19_29 1_10 1_11 1_12 1_13 1_14 1_15 1_16 1_17 1_18 1_19 1_20 1_22 1_23 1_24 1_25 1_26 1_27 1_28 1_29 1_30 1_31 1_7 1_8 1_9 20_22 20_23 20_24 20_25 20_26 20_27 20_28 20_29 21_14 21_22 22_13 22_14 22_19 22_20 22_22 22_23 23_13 23_14 23_19 23_20 23_22 23_23 24_13 24_14 24_19 24_20 24_22 24_23 25_10 25_11 25_12 25_13 25_14 25_15 25_16 25_17 25_18 25_19 25_20 25_21 25_22 25_23 26_11 26_12 26_13 26_14 26_15 26_16 26_17 26_18 26_19 26_20 26_21 26_22 26_23 27_16 27_17 28_16 28_17 29_16 29_17 2_10 2_11 2_12 2_13 2_14 2_16 2_17 2_18 2_20 2_21 2_22 2_23 2_24 2_25 2_26 2_27 2_28 2_29 2_30 2_31 2_7 2_8 2_9 30_16 30_17 31_16 31_17 31_18 3_22 3_23 3_29 3_31 3_7 3_8 4_10 4_11 4_12 4_13 4_14 4_15 4_16 4_22 4_23 4_28 4_29 4_31 4_7 4_8 4_9 5_10 5_11 5_12 5_13 5_14 5_15 5_22 5_23 5_28 5_29 5_31 5_7 5_8 5_9 6_10 6_11 6_22 6_23 6_31 7_10 7_11 7_13 7_14 7_15 7_16 7_17 7_18 7_19 7_20 7_21 7_22 7_23 7_31 7_7 7_8 7_9 8_10 8_11 8_13 8_14 8_15 8_16 8_17 8_18 8_19 8_20 8_21 8_22 8_23 8_31 8_8 8_9 9_13 9_14 9_19 9_20,244,,1,1,1
mapf-maze-32-32-2-m10-f4,190,5.0,5,10_26 13_28 16_31 1_22 20_2,5,"1,1,1,1,1",0,10_10 10_11 10_12 10_13 10_14 10_16 10_17 10_18 10_19 10_20 10_28 10_29 10_30 10_31 10_8 10_9 11_10 11_11 11_12 11_13 11_14 11_16 11_17 11_18 11_19 11_28 11_29 11_30 11_31 11_9 12_31 13_29 13_30 13_31 14_28 14_29 14_30 14_31 15_28 15_29 16_28 16_29 17_28 17_29 18_28 18_29 19_22 19_23 19_24 19_25 19_26 19_27 19_28 19_29 1_10 1_11 1_12 1_13 1_14 1_15 1_16 1_17 1_18 1_19 1_20 1_21 1_23 1_24 1_25 1_26 1_27 1_28 1_29 1_30 1_31 1_7 1_8 1_9 20_22 20_23 20_24 20_25 20_26 20_27 20_28 20_29 21_14 21_22 22_13 22_14 22_19 22_20 22_22 22_23 23_13 23_14 23_19 23_20 23_22 23_23 24_13 24_14 24_19 24_20 24_22 24_23 25_10 25_11 25_12 25_13 25_14 25_15 25_16 25_17 25_18 25_19 25_20 25_21 25_22 25_23 26_11 26_12 26_13 26_14 26_15 26_16 26_17 26_18 26_19 26_20 26_21 26_22 26_23 27_16 27_17 28_16 28_17 29_16 29_17 2_10 2_11 2_12 2_13 2_14 2_16 2_17 2_18 2_20 2_21 2_22 2_23 2_24 2_25 2_26 2_27 2_28 2_29 2_30 2_31 2_7 2_8 2_9 30_16 30_17 31_16 31_17 31_18 3_22 3_23 3_29 3_31 3_7 3_8 4_10 4_11 4_12 4_13 4_14 4_15 4_16 4_22 4_23 4_28 4_29 4_31 4_7 4_8 4_9 5_10 5_11 5_12 5_13 5_14 5_15 5_22 5_23 5_28 5_29 5_31 5_7 5_8 5_9 6_10 6_11 6_22 6_23 6_31 7_10 7_11 7_13 7_14 7_15 7_16 7_17 7_18 7_19 7_20 7_21 7_22 7_23 7_31 7_7 7_8 7_9 8_10 8_11 8_13 8_14 8_15 8_16 8_17 8_18 8_19 8_20 8_21 8_22 8_23 8_31 8_8 8_9 9_13 9_14 9_19 9_20,244,,1,1,1
mapf-maze-32-32-2-m10-f4,191,5.0,5,10_26 13_28 16_31 1_23 20_2,5,"1,1,1,1,1",0,10_10 10_11 10_12 10_13 10_14 10_16 10_17 10_18 10_19 10_20 10_28 10_29 10_30 10_31 10_8 10_9 11_10 11_11 11_12 11_13 11_14 11_16 11_17 11_18 11_19 11_28 11_29 11_30 11_31 11_9 12_31 13_29 13_30 13_31 14_28 14_29 14_30 14_31 15_28 15_29 16_28 16_29 17_28 17_29 18_28 18_29 19_22 19_23 19_24 19_25 19_26 19_27 19_28 19_29 1_10 1_11 1_12 1_13 1_14 1_15 1_16 1_17 1_18 1_19 1_20 1_21 1_22 1_24 1_25 1_26 1_27 1_28 1_29 1_30 1_31 1_7 1_8 1_9 20_22 20_23 20_24 20_25 20_26 20_27 20_28 20_29 21_14 21_22 22_13 22_14 22_19 22_20 22_22 22_23 23_13 23_14 23_19 23_20 23_22 23_23 24_13 24_14 24_19 24_20 24_22 24_23 25_10 25_11 25_12 25_13 25_14 25_15 25_16 25_17 25_18 25_19 25_20 25_21 25_22 25_23 26_11 26_12 26_13 26_14 26_15 26_16 26_17 26_18 26_19 26_20 26_21 26_22 26_23 27_16 27_17 28_16 28_17 29_16 29_17 2_10 2_11 2_12 2_13 2_14 2_16 2_17 2_18 2_20 2_21 2_22 2_23 2_24 2_25 2_26 2_27 2_28 2_29 2_30 2_31 2_7 2_8 2_9 30_16 30_17 31_16 31_17 31_18 3_22 3_23 3_29 3_31 3_7 3_8 4_10 4_11 4_12 4_13 4_14 4_15 4_16 4_22 4_23 4_28 4_29 4_31 4_7 4_8 4_9 5_10 5_11 5_12 5_13 5_14 5_15 5_22 5_23 5_28 5_29 5_31 5_7 5_8 5_9 6_10 6_11 6_22 6_23 6_31 7_10 7_11 7_13 7_14 7_15 7_16 7_17 7_18 7_19 7_20 7_21 7_22 7_23 7_31 7_7 7_8 7_9 8_10 8_11 8_13 8_14 8_15 8_16 8_17 8_18 8_19 8_20 8_21 8_22 8_23 8_31 8_8 8_9 9_13 9_14 9_19 9_20,244,,1,1,1
mapf-maze-32-32-2-m10-f4,192,5.0,5,10_26 13_28 16_31 1_24 20_2,5,"1,1,1,1,1",0,10_10 10_11 10_12 10_13 10_14 10_16 10_17 10_18 10_19 10_20 10_28 10_29 10_30 10_31 10_8 10_9 11_10 11_11 11_12 11_13 11_14 11_16 11_17 11_18 11_19 11_28 11_29 11_30 11_31 11_9 12_31 13_29 13_30 13_31 14_28 14_29 14_30 14_31 15_28 15_29 16_28 16_29 17_28 17_29 18_28 18_29 19_22 19_23 19_24 19_25 19_26 19_27 19_28 19_29 1_10 1_11 1_12 1_13 1_14 1_15 1_16 1_17 1_18 1_19 1_20 1_21 1_22 1_23 1_25 1_26 1_27 1_28 1_29 1_30 1_31 1_7 1_8 1_9 20_22 20_23 20_24 20_25 20_26 20_27 20_28 20_29 21_14 21_22 22_13 22_14 22_19 22_20 22_22 22_23 23_13 23_14 23_19 23_20 23_22 23_23 24_13 24_14 24_19 24_20 24_22 24_23 25_10 25_11 25_12 25_13 25_14 25_15 25_16 25_17 25_18 25_19 25_20 25_21 25_22 25_23 26_11 26_12 26_13 26_14 26_15 26_16 26_17 26_18 26_19 26_20 26_21 26_22 26_23 27_16 27_17 28_16 28_17 29_16 29_17 2_10 2_11 2_12 2_13 2_14 2_16 2_17 2_18 2_20 2_21 2_22 2_23 2_24 2_25 2_26 2_27 2_28 2_29 2_30 2_31 2_7 2_8 2_9 30_16 30_17 31_16 31_17 31_18 3_22 3_23 3_29 3_31 3_7 3_8 4_10 4_11 4_12 4_13 4_14 4_15 4_16 4_22 4_23 4_28 4_29 4_31 4_7 4_8 4_9 5_10 5_11 5_12 5_13 5_14 5_15 5_22 5_23 5_28 5_29 5_31 5_7 5_8 5_9 6_10 6_11 6_22 6_23 6_31 7_10 7_11 7_13 7_14 7_15 7_16 7_17 7_18 7_19 7_20 7_21 7_22 7_23 7_31 7_7 7_8 7_9 8_10 8_11 8_13 8_14 8_15 8_16 8_17 8_18 8_19 8_20 8_21 8_22 8_23 8_31 8_8 8_9 9_13 9_14 9_19 9_20,244,,1,1,1
mapf-maze-32-32-2-m10-f4,193,5.0,5,10_26 13_28 16_31 1_25 20_2,5,"1,1,1,1,1",0,10_10 10_11 10_12 10_13 10_14 10_16 10_17 10_18 10_19 10_20 10_28 10_29 10_30 10_31 10_8 10_9 11_10 11_11 11_12 11_13 11_14 11_16 11_17 11_18 11_19 11_28 11_29 11_30 11_31 11_9 12_31 13_29 13_30 13_31 14_28 14_29 14_30 14_31 15_28 15_29 16_28 16_29 17_28 17_29 18_28 18_29 19_22 19_23 19_24 19_25 19_26 19_27 19_28 19_29 1_10 1_11 1_12 1_13 1_14 1_15 1_16 1_17 1_18 1_19 1_20 1_21 1_22 1_23 1_24 1_26 1_27 1_28 1_29 1_30 1_31 1_7 1_8 1_9 20_22 20_23 20_24 20_25 20_26 20_27 20_28 20_29 21_14 21_22 22_13 22_14 22_19 22_20 22_22 22_23 23_13 23_14 23_19 23_20 23_22 23_23 24_13 24_14 24_19 24_20 24_22 24_23 25_10 25_11 25_12 25_13 25_14 25_15 25_16 25_17 25_18 25_19 25_20 25_21 25_22 25_23 26_11 26_12 26_13 26_14 26_15 26_16 26_17 26_18 26_19 26_20 26_21 26_22 26_23 27_16 27_17 28_16 28_17 29_16 29_17 2_10 2_11 2_12 2_13 2_14 2_16 2_17 2_18 2_20 2_21 2_22 2_23 2_24 2_25 2_26 2_27 2_28 2_29 2_30 2_31 2_7 2_8 2_9 30_16 30_17 31_16 31_17 31_18 3_22 3_23 3_29 3_31 3_7 3_8 4_10 4_11 4_12 4_13 4_14 4_15 4_16 4_22 4_23 4_28 4_29 4_31 4_7 4_8 4_9 5_10 5_11 5_12 5_13 5_14 5_15 5_22 5_23 5_28 5_29 5_31 5_7 5_8 5_9 6_10 6_11 6_22 6_23 6_31 7_10 7_11 7_13 7_14 7_15 7_16 7_17 7_18 7_19 7_20 7_21 7_22 7_23 7_31 7_7 7_8 7_9 8_10 8_11 8_13 8_14 8_15 8_16 8_17 8_18 8_19 8_20 8_21 8_22 8_23 8_31 8_8 8_9 9_13 9_14 9_19 9_20,244,,1,1,1
mapf-maze-32-32-2-m10-f4,194,5.0,5,10_26 13_28 16_31 1_26 20_2,5,"1,1,1,1,1",0,10_10 10_11 10_12 10_13 10_14 10_16 10_17 10_18 10_19 10_20 10_28 10_29 10_30 10_31 10_8 10_9 11_10 11_11 11_12 11_13 11_14 11_16 11_17 11_18 11_19 11_28 11_29 11_30 11_31 11_9 12_31 13_29 13_30 13_31 14_28 14_29 14_30 14_31 15_28 15_29 16_28 16_29 17_28 17_29 18_28 18_29 19_22 19_23 19_24 19_25 19_26 19_27 19_28 19_29 1_10 1_11 1_12 1_13 1_14 1_15 1_16 1_17 1_18 1_19 1_20 1_21 1_22 1_23 1_24 1_25 1_27 1_28 1_29 1_30 1_31 1_7 1_8 1_9 20_22 20_23 20_24 20_25 20_26 20_27 20_28 20_29 21_14 21_22 22_13 22_14 22_19 22_20 22_22 22_23 23_13 23_14 23_19 23_20 23_22 23_23 24_13 24_14 24_19 24_20 24_22 24_23 25_10 25_11 25_12 25_13 25_14 25_15 25_16 25_17 25_18 25_19 25_20 25_21 25_22 25_23 26_11 26_12 26_13 26_14 26_15 26_16 26_17 26_18 26_19 26_20 26_21 26_22 26_23 27_16 27_17 28_16 28_17 29_16 29_17 2_10 2_11 2_12 2_13 2_14 2_16 2_17 2_18 2_20 2_21 2_22 2_23 2_24 2_25 2_26 2_27 2_28 2_29 2_30 2_31 2_7 2_8 2_9 30_16 30_17 31_16 31_17 31_18 3_22 3_23 3_29 3_31 3_7 3_8 4_10 4_11 4_12 4_13 4_14 4_15 4_16 4_22 4_23 4_28 4_29 4_31 4_7 4_8 4_9 5_10 5_11 5_12 5_13 5_14 5_15 5_22 5_23 5_28 5_29 5_31 5_7 5_8 5_9 6_10 6_11 6_22 6_23 6_31 7_10 7_11 7_13 7_14 7_15 7_16 7_17 7_18 7_19 7_20 7_21 7_22 7_23 7_31 7_7 7_8 7_9 8_10 8_11 8_13 8_14 8_15 8_16 8_17 8_18 8_19 8_20 8_21 8_22 8_23 8_31 8_8 8_9 9_13 9_14 9_19 9_20,244,,1,1,1
mapf-maze-32-32-2-m10-f4,195,5.0,5,10_26 13_28 16_31 1_27 20_2,5,"1,1,1,1,1",0,10_10 10_11 10_12 10_13 10_14 10_16 10_17 10_18 10_19 10_20 10_28 10_29 10_30 10_31 10_8 10_9 11_10 11_11 11_12 11_13 11_14 11_16 11_17 11_18 11_19 11_28 11_29 11_30 11_31 11_9 12_31 13_29 13_30 13_31 14_28 14_29 14_30 14_31 15_28 15_29 16_28 16_29 17_28 17_29 18_28 18_29 19_22 19_23 19_24 19_25 19_26 19_27 19_28 19_29 1_10 1_11 1_12 1_13 1_14 1_15 1_16 1_17 1_18 1_19 1_20 1_21 1_22 1_23 1_24 1_25 1_26 1_28 1_29 1_30 1_31 1_7 1_8 1_9 20_22 20_23 20_24 20_25 20_26 20_27 20_28 20_29 21_14 21_22 22_13 22_14 22_19 22_20 22_22 22_23 23_13 23_14 23_19 23_20 23_22 23_23 24_13 24_14 24_19 24_20 24_22 24_23 25_10 25_11 25_12 25_13 25_14 25_15 25_16 25_17 25_18 25_19 25_20 25_21 25_22 25_23 26_11 26_12 26_13 26_14 26_15 26_16 26_17 26_18 26_19 26_20 26_21 26_22 26_23 27_16 27_17 28_16 28_17 29_16 29_17 2_10 2_11 2_12 2_13 2_14 2_16 2_17 2_18 2_20 2_21 2_22 2_23 2_24 2_25 2_26 2_27 2_28 2_29 2_30 2_31 2_7 2_8 2_9 30_16 30_17 31_16 31_17 31_18 3_22 3_23 3_29 3_31 3_7 3_8 4_10 4_11 4_12 4_13 4_14 4_15 4_16 4_22 4_23 4_28 4_29 4_31 4_7 4_8 4_9 5_10 5_11 5_12 5_13 5_14 5_15 5_22 5_23 5_28 5_29 5_31 5_7 5_8 5_9 6_10 6_11 6_22 6_23 6_31 7_10 7_11 7_13 7_14 7_15 7_16 7_17 7_18 7_19 7_20 7_21 7_22 7_23 7_31 7_7 7_8 7_9 8_10 8_11 8_13 8_14 8_15 8_16 8_17 8_18 8_19 8_20 8_21 8_22 8_23 8_31 8_8 8_9 9_13 9_14 9_19 9_20,244,,1,1,1
mapf-maze-32-32-2-m10-f4,196,5.0,5,10_26 13_28 16_31 20_2 2_16,5,"1,1,1,1,1",0,10_10 10_11 10_12 10_13 10_14 10_16 10_17 10_18 10_19 10_20 10_28 10_29 10_30 10_31 10_8 10_9 11_10 11_11 11_12 11_13 11_14 11_16 11_17 11_18 11_19 11_28 11_29 11_30 11_31 11_9 12_31 13_29 13_30 13_31 14_28 14_29 14_30 14_31 15_28 15_29 16_28 16_29 17_28 17_29 18_28 18_29 19_22 19_23 19_24 19_25 19_26 19_27 19_28 19_29 1_10 1_11 1_12 1_13 1_14 1_15 1_16 1_17 1_18 1_19 1_20 1_21 1_22 1_23 1_24 1_25 1_26 1_27 1_28 1_29 1_30 1_31 1_7 1_8 1_9 20_22 20_23 20_24 20_25 20_26 20_27 20_28 20_29 21_14 21_22 22_13 22_14 22_19 22_20 22_22 22_23 23_13 23_14 23_19 23_20 23_22 23_23 24_13 24_14 24_19 24_20 24_22 24_23 25_10 25_11 25_12 25_13 25_14 25_15 25_16 25_17 25_18 25_19 25_20 25_21 25_22 25_23 26_11 26_12 26_13 26_14 26_15 26_16 26_17 26_18 26_19 26_20 26_21 26_22 26_23 27_16 27_17 28_16 28_17 29_16 29_17 2_10 2_11 2_12 2_13 2_14 2_17 2_18 2_20 2_21 2_22 2_23 2_24 2_25 2_26 2_27 2_28 2_29 2_30 2_31 2_7 2_8 2_9 30_16 30_17 31_16 31_17 31_18 3_22 3_23 3_29 3_31 3_7 3_8 4_10 4_11 4_12 4_13 4_14 4_15 4_16 4_22 4_23 4_28 4_29 4_31 4_7 4_8 4_9 5_10 5_11 5_12 5_13 5_14 5_15 5_22 5_23 5_28 5_29 5_31 5_7 5_8 5_9 6_10 6_11 6_22 6_23 6_31 7_10 7_11 7_13 7_14 7_15 7_16 7_17 7_18 7_19 7_20 7_21 7_22 7_23 7_31 7_7 7_8 7_9 8_10 8_11 8_13 8_14 8_15 8_16 8_17 8_18 8_19 8_20 8_21 8_22 8_23 8_31 8_8 8_9 9_13 9_14 9_19 9_20,244,,1,1,1
mapf-maze-32-32-2-m10-f4,197,5.0,5,10_26 13_28 16_31 21_1 2_16,5,"1,1,1,1,1",0,10_10 10_11 10_12 10_13 10_14 10_16 10_17 10_18 10_19 10_20 10_28 10_29 10_30 10_31 10_8 10_9 11_10 11_11 11_12 11_13 11_14 11_16 11_17 11_18 11_19 11_28 11_29 11_30 11_31 11_9 12_31 13_29 13_30 13_31 14_28 14_29 14_30 14_31 15_28 15_29 16_28 16_29 17_28 17_29 18_28 18_29 19_22 19_23 19_24 19_25 19_26 19_27 19_28 19_29 1_10 1_11 1_12 1_13 1_14 1_15 1_16 1_17 1_18 1_19 1_20 1_21 1_22 1_23 1_24 1_25 1_26 1_27 1_28 1_29 1_30 1_31 1_7 1_8 1_9 20_22 20_23 20_24 20_25 20_26 20_27 20_28 20_29 21_14 21_22 22_13 22_14 22_19 22_20 22_22 22_23 23_13 23_14 23_19 23_20 23_22 23_23 24_13 24_14 24_19 24_20 24_22 24_23 25_10 25_11 25_12 25_13 25_14 25_15 25_16 25_17 25_18 25_19 25_20 25_21 25_22 25_23 26_11 26_12 26_13 26_14 26_15 26_16 26_17 26_18 26_19 26_20 26_21 26_22 26_23 27_16 27_17 28_16 28_17 29_16 29_17 2_10 2_11 2_12 2_13 2_14 2_17 2_18 2_20 2_21 2_22 2_23 2_24 2_25 2_26 2_27 2_28 2_29 2_30 2_31 2_7 2_8 2_9 30_16 30_17 31_16 31_17 31_18 3_22 3_23 3_29 3_31 3_7 3_8 4_10 4_11 4_12 4_13 4_14 4_15 4_16 4_22 4_23 4_28 4_29 4_31 4_7 4_8 4_9 5_10 5_11 5_12 5_13 5_14 5_15 5_22 5_23 5_28 5_29 5_31 5_7 5_8 5_9 6_10 6_11 6_22 6_23 6_31 7_10 7_11 7_13 7_14 7_15 7_16 7_17 7_18 7_19 7_20 7_21 7_22 7_23 7_31 7_7 7_8 7_9 8_10 8_11 8_13 8_14 8_15 8_16 8_17 8_18 8_19 8_20 8_21 8_22 8_23 8_31 8_8 8_9 9_13 9_14 9_19 9_20,244,,1,1,1
mapf-maze-32-32-2-m10-f4,198,5.0,5,10_26 13_28 16_31 20_2 2_17,5,"1,1,1,1,1",0,10_10 10_11 10_12 10_13 10_14 10_16 10_17 10_18 10_19 10_20 10_28 10_29 10_30 10_31 10_8 10_9 11_10 11_11 11_12 11_13 11_14 11_16 11_17 11_18 11_19 11_28 11_29 11_30 11_31 11_9 12_31 13_29 13_30 13_31 14_28 14_29 14_30 14_31 15_28 15_29 16_28 16_29 17_28 17_29 18_28 18_29 19_22 19_23 19_24 19_25 19_26 19_27 19_28 19_29 1_10 1_11 1_12 1_13 1_14 1_15 1_16 1_17 1_18 1_19 1_20 1_21 1_22 1_23 1_24 1_25 1_26 1_27 1_28 1_29 1_30 1_31 1_7 1_8 1_9 20_22 20_23 20_24 20_25 20_26 20_27 20_28 20_29 21_14 21_22 22_13 22_14 22_19 22_20 22_22 22_23 23_13 23_14 23_19 23_20 23_22 23_23 24_13 24_14 24_19 24_20 24_22 24_23 25_10 25_11 25_12 25_13 25_14 25_15 25_16 25_17 25_18 25_19 25_20 25_21 25_22 25_23 26_11 26_12 26_13 26_14 26_15 26_16 26_17 26_18 26_19 26_20 26_21 26_22 26_23 27_16 27_17 28_16 28_17 29_16 29_17 2_10 2_11 2_12 2_13 2_14 2_16 2_18 2_20 2_21 2_22 2_23 2_24 2_25 2_26 2_27 2_28 2_29 2_30 2_31 2_7 2_8 2_9 30_16 30_17 31_16 31_17 31_18 3_22 3_23 3_29 3_31 3_7 3_8 4_10 4_11 4_12 4_13 4_14 4_15 4_16 4_22 4_23 4_28 4_29 4_31 4_7 4_8 4_9 5_10 5_11 5_12 5_13 5_14 5_15 5_22 5_23 5_28 5_29 5_31 5_7 5_8 5_9 6_10 6_11 6_22 6_23 6_31 7_10 7_11 7_13 7_14 7_15 7_16 7_17 7_18 7_19 7_20 7_21 7_22 7_23 7_31 7_7 7_8 7_9 8_10 8_11 8_13 8_14 8_15 8_16 8_17 8_18 8_19 8_20 8_21 8_22 8_23 8_31 8_8 8_9 9_13 9_14 9_19 9_20,244,,1,1,1
mapf-maze-32-32-2-m10-f4,199,5.0,5,10_26 13_28 16_31 21_1 2_17,5,"1,1,1,1,1",0,10_10 10_11 10_12 10_13 10_14 10_16 10_17 10_18 10_19 10_20 10_28 10_29 10_30 10_31 10_8 10_9 11_10 11_11 11_12 11_13 11_14 11_16 11_17 11_18 11_19 11_28 11_29 11_30 11_31 11_9 12_31 13_29 13_30 13_31 14_28 14_29 14_30 14_31 15_28 15_29 16_28 16_29 17_28 17_29 18_28 18_29 19_22 19_23 19_24 19_25 19_26 19_27 19_28 19_29 1_10 1_11 1_12 1_13 1_14 1_15 1_16 1_17 1_18 1_19 1_20 1_21 1_22 1_23 1_24 1_25 1_26 1_27 1_28 1_29 1_30 1_31 1_7 1_8 1_9 20_22 20_23 20_24 20_25 20_26 20_27 20_28 20_29 21_14 21_22 22_13 22_14 22_19 22_20 22_22 22_23 23_13 23_14 23_19 23_20 23_22 23_23 24_13 24_14 24_19 24_20 24_22 24_23 25_10 25_11 25_12 25_13 25_14 25_15 25_16 25_17 25_18 25_19 25_20 25_21 25_22 25_23 26_11 26_12 26_13 26_14 26_15 26_16 26_17 26_18 26_19 26_20 26_21 26_22 26_23 27_16 27_17 28_16 28_17 29_16 29_17 2_10 2_11 2_12 2_13 2_14 2_16 2_18 2_20 2_21 2_22 2_23 2_24 2_25 2_26 2_27 2_28 2_29 2_30 2_31 2_7 2_8 2_9 30_16 30_17 31_16 31_17 31_18 3_22 3_23 3_29 3_31 3_7 3_8 4_10 4_11 4_12 4_13 4_14 4_15 4_16 4_22 4_23 4_28 4_29 4_31 4_7 4_8 4_9 5_10 5_11 5_12 5_13 5_14 5_15 5_22 5_23 5_28 5_29 5_31 5_7 5_8 5_9 6_10 6_11 6_22 6_23 6_31 7_10 7_11 7_13 7_14 7_15 7_16 7_17 7_18 7_19 7_20 7_21 7_22 7_23 7_31 7_7 7_8 7_9 8_10 8_11 8_13 8_14 8_15 8_16 8_17 8_18 8_19 8_20 8_21 8_22 8_23 8_31 8_8 8_9 9_13 9_14 9_19 9_20,244,,1,1,1
lin-lin03-regiao-f4,0,5.0,5,13~8~1 19~49~5 22 22~45~7 39~54~3,3,"1,1,3",0,11 11~21~1 11~21~2 11~44~1 17 17~20~1 17~20~2 17~51~1 17~51~2 17~52~1 17~52~2 21 21~42~1 21~42~2 21~42~3 21~42~4 21~42~5 21~42~6 21~42~7 22~45~1 22~45~2 22~45~3 22~45~4 22~45~5 22~45~6 22~45~8 22~45~9 22~48~1 22~48~2 22~48~3 22~48~4 22~48~5 23~51~10 23~51~11 23~51~12 23~51~13 23~51~14 27~54~3 27~54~4 27~54~5 27~54~6 34~39~1 34~39~2 34~39~3 34~51~1 34~51~2 36~39~2 36~39~3 36~39~4 36~39~5 36~39~6 39 39~54~1 39~54~2 39~54~4 39~54~5 39~54~6 41~48~10 41~48~11 41~48~12 41~48~5 41~48~6 41~48~7 41~48~8 41~48~9 42 42~45~1 42~45~2 42~45~3 42~45~4 42~45~5 42~45~6 45 51 54,75,,1,2,1
lin-lin03-regiao-f4,1,5.0,5,10~31~2 11 13~38~1 22~45~9 22~48~1,5,"1,1,1,1,1",0,11~21~1 11~21~2 11~44~1 11~44~2 11~44~3 11~44~4 11~44~5 11~44~6 11~44~7 11~44~8 17 17~20~1 17~20~2 17~20~3 17~20~4 17~20~5 17~20~6 17~20~7 17~51~1 17~51~2 17~52~1 17~52~2 17~52~3 17~52~4 17~52~5 17~52~6 17~52~7 21 21~42~1 21~42~2 21~42~3 21~42~4 21~42~5 21~42~6 21~42~7 22 22~45~1 22~45~2 22~45~3 22~45~4 22~45~5 22~45~6 22~45~7 22~48~2 22~48~3 22~48~4 22~48~5 23~51~10 23~51~11 23~51~12 23~51~13 23~51~14 34~39~1 34~39~2 34~39~3 34~51~1 34~51~2 36~39~3 36~39~4 36~39~5 36~39~6 39 39~54~1 39~54~2 39~54~3 39~54~4 41~48~10 41~48~11 41~48~12 41~48~5 41~48~6 41~48~7 41~48~8 41~48~9 42 42~45~1 42~45~2 42~45~3 51,79,,1,2,1
lin-lin03-regiao-f4,2,5.0,5,10~31~1 11 13~38~1 22~45~9 22~48~1,5,"1,1,1,1,1",0,11~21~1 11~21~2 11~44~1 11~44~2 11~44~3 11~44~4 11~44~5 11~44~6 11~44~7 11~44~8 17 17~20~1 17~20~2 17~20~3 17~20~4 17~20~5 17~20~6 17~20~7 17~51~1 17~51~2 17~52~1 17~52~2 17~52~3 17~52~4 17~52~5 17~52~6 17~52~7 21 21~42~1 21~42~2 21~42~3 21~42~4 21~42~5 21~42~6 21~42~7 22 22~45~1 22~45~2 22~45~3 22~45~4 22~45~5 22~45~6 22~45~7 22~48~2 22~48~3 22~48~4 22~48~5 23~51~10 23~51~11 23~51~12 23~51~13 23~51~14 34~39~1 34~39~2 34~39~3 34~51~1 34~51~2 36~39~3 36~39~4 36~39~5 36~39~6 39 39~54~1 39~54~2 39~54~3 39~54~4 41~48~10 41~48~11 41~48~12 41~48~5 41~48~6 41~48~7 41~48~8 41~48~9 42 42~45~1 42~45~2 42~45~3 51,79,,1,2,1
lin-lin03-regiao-f4,3,5.0,5,11 13~38~1 19~49~4 22~45~9 22~48~1,5,"1,1,1,1,1",0,11~21~1 11~21~2 11~44~1 11~44~2 11~44~3 11~44~4 11~44~5 11~44~6 11~44~7 11~44~8 17 17~20~1 17~20~2 17~20~3 17~20~4 17~20~5 17~20~6 17~20~7 17~51~1 17~51~2 17~52~1 17~52~2 17~52~3 17~52~4 17~52~5 17~52~6 17~52~7 21 21~42~1 21~42~2 21~42~3 21~42~4 21~42~5 21~42~6 21~42~7 22 22~45~1 22~45~2 22~45~3 22~45~4 22~45~5 22~45~6 22~45~7 22~48~2 22~48~3 22~48~4 22~48~5 23~51~10 23~51~11 23~51~12 23~51~13 23~51~14 34~39~1 34~39~2 34~39~3 34~51~1 34~51~2 36~39~3 36~39~4 36~39~5 36~39~6 39 39~54~1 39~54~2 39~54~3 39~54~4 41~48~10 41~48~11 41~48~12 41~48~5 41~48~6 41~48~7 41~48~8 41~48~9 42 42~45~1 42~45~2 42~45~3 51,79,,1,2,1
lin-lin03-regiao-f4,4,5.0,5,11~21~1 13~38~1 19~49~4 22~45~9 22~48~1,5,"1,1,1,1,1",0,11 11~21~2 11~44~1 11~44~2 11~44~3 11~44~4 11~44~5 11~44~6 11~44~7 17 17~20~1 17~20~2 17~20~3 17~20~4 17~20~5 17~20~6 17~51~1 17~51~2 17~52~1 17~52~2 17~52~3 17~52~4 17~52~5 17~52~6 21 21~42~1 21~42~2 21~42~3 21~42~4 21~42~5 21~42~6 21~42~7 22 22~45~1 22~45~2 22~45~3 22~45~4 22~45~5 22~45~6 22~45~7 22~48~2 22~48~3 22~48~4 22~48~5 23~51~10 23~51~11 23~51~12 23~51~13 23~51~14 34~39~1 34~39~2 34~39~3 34~51~1 34~51~2 36~39~3 36~39~4 36~39~5 36~39~6 39 39~54~1 39~54~2 39~54~3 39~54~4 41~48~10 41~48~11 41~48~12 41~48~5 41~48~6 41~48~7 41~48~8 41~48~9 42 42~45~1 42~45~2 42~45~3 51,76,,1,2,1
lin-lin03-regiao-f4,5,5.0,5,11~21~2 13~38~1 19~49~4 22~45~9 22~48~1,5,"1,1,1,1,1",0,11 11~21~1 11~44~1 11~44~2 11~44~3 11~44~4 11~44~5 11~44~6 17 17~20~1 17~20~2 17~20~3 17~20~4 17~20~5 17~51~1 17~51~2 17~52~1 17~52~2 17~52~3 17~52~4 17~52~5 21 21~42~1 21~42~2 21~42~3 21~42~4 21~42~5 21~42~6 21~42~7 22 22~45~1 22~45~2 22~45~3 22~45~4 22~45~5 22~45~6 22~45~7 22~48~2 22~48~3 22~48~4 22~48~5 23~51~10 23~51~11 23~51~12 23~51~13 23~51~14 23~51~9 34~39~1 34~39~2 34~39~3 34~51~1 34~51~2 36~39~3 36~39~4 36~39~5 36~39~6 39 39~54~1 39~54~2 39~54~3 39~54~4 41~48~10 41~48~11 41~48~12 41~48~5 41~48~6 41~48~7 41~48~8 41~48~9 42 42~45~1 42~45~2 42~45~3 51,74,,1,2,1
lin-lin03-regiao-f4,6,5.0,5,11~21~1 13 19~49~4 22~45~9 22~48~1,5,"1,1,1,1,1",0,11 11~21~2 11~44~1 11~44~2 11~44~3 11~44~4 11~44~5 11~44~6 11~44~7 17 17~20~1 17~20~2 17~20~3 17~20~4 17~20~5 17~20~6 17~51~1 17~51~2 17~52~1 17~52~2 17~52~3 17~52~4 17~52~5 17~52~6 21 21~42~1 21~42~2 21~42~3 21~42~4 21~42~5 21~42~6 21~42~7 22 22~45~1 22~45~2 22~45~3 22~45~4 22~45~5 22~45~6 22~45~7 22~48~2 22~48~3 22~48~4 22~48~5 23~51~10 23~51~11 23~51~12 23~51~13 23~51~14 34~39~1 34~39~2 34~39~3 34~51~1 34~51~2 36~39~3 36~39~4 36~39~5 36~39~6 39 39~54~1 39~54~2 39~54~3 39~54~4 41~48~10 41~48~11 41~48~12 41~48~5 41~48~6 41~48~7 41~48~8 41~48~9 42 42~45~1 42~45~2 42~45~3 51,76,,1,2,1
lin-lin03-regiao-f4,7,5.0,5,10~31~1 11~21~1 13~38~1 22~45~9 22~48~1,5,"1,1,1,1,1",0,11 11~21~2 11~44~1 11~44~2 11~44~3 11~44~4 11~44~5 11~44~6 11~44~7 17 17~20~1 17~20~2 17~20~3 17~20~4 17~20~5 17~20~6 17~51~1 17~51~2 17~52~1 17~52~2 17~52~3 17~52~4 17~52~5 17~52~6 21 21~42~1 21~42~2 21~42~3 21~42~4 21~42~5 21~42~6 21~42~7 22 22~45~1 22~45~2 22~45~3 22~45~4 22~45~5 22~45~6 22~45~7 22~48~2 22~48~3 22~48~4 22~48~5 23~51~10 23~51~11 23~51~12 23~51~13 23~51~14 34~39~1 34~39~2 34~39~3 34~51~1 34~51~2 36~39~3 36~39~4 36~39~5 36~39~6 39 39~54~1 39~54~2 39~54~3 39~54~4 41~48~10 41~48~11 41~48~12 41~48~5 41~48~6 41~48~7 41~48~8 41~48~9 42 42~45~1 42~45~2 42~45~3 51,76,,1,2,1
lin-lin03-regiao-f4,8,5.0,5,10~31~1 11~21~2 13~38~1 22~45~9 22~48~1,5,"1,1,1,1,1",0,11 11~21~1 11~44~1 11~44~2 11~44~3 11~44~4 11~44~5 11~44~6 17 17~20~1 17~20~2 17~20~3 17~20~4 17~20~5 17~51~1 17~51~2 17~52~1 17~52~2 17~52~3 17~52~4 17~52~5 21 21~42~1 21~42~2 21~42~3 21~42~4 21~42~5 21~42~6 21~42~7 22 22~45~1 22~45~2 22~45~3 22~45~4 22~45~5 22~45~6 22~45~7 22~48~2 22~48~3 22~48~4 22~48~5 23~51~10 23~51~11 23~51~12 23~51~13 23~51~14 23~51~9 34~39~1 34~39~2 34~39~3 34~51~1 34~51~2 36~39~3 36~39~4 36~39~5 36~39~6 39 39~54~1 39~54~2 39~54~3 39~54~4 41~48~10 41~48~11 41~48~12 41~48~5 41~48~6 41~48~7 41~48~8 41~48~9 42 42~45~1 42~45~2 42~45~3 51,74,,1,2,1
lin-lin03-regiao-f4,9,5.0,5,10~31~1 11~21~1 13 22~45~9 22~48~1,5,"1,1,1,1,1",0,11 11~21~2 11~44~1 11~44~2 11~44~3 11~44~4 11~44~5 11~44~6 11~44~7 17 17~20~1 17~20~2 17~20~3 17~20~4 17~20~5 17~20~6 17~51~1 17~51~2 17~52~1 17~52~2 17~52~3 17~52~4 17~52~5 17~52~6 21 21~42~1 21~42~2 21~42~3 21~42~4 21~42~5 21~42~6 21~42~7 22 22~45~1 22~45~2 22~45~3 22~45~4 22~45~5 22~45~6 22~45~7 22~48~2 22~48~3 22~48~4 22~48~5 23~51~10 23~51~11 23~51~12 23~51~13 23~51~14 34~39~1 34~39~2 34~39~3 34~51~1 34~51~2 36~39~3 36~39~4 36~39~5 36~39~6 39 39~54~1 39~54~2 39~54~3 39~54~4 41~48~10 41~48~11 41~48~12 41~48~5 41~48~6 41~48~7 41~48~8 41~48~9 42 42~45~1 42~45~2 42~45~3 51,76,,1,2,1
lin-lin03-regiao-f4,10,5.0,5,10~31~2 11~21~1 13~38~1 22~45~9 22~48~1,5,"1,1,1,1,1",0,11 11~21~2 11~44~1 11~44~2 11~44~3 11~44~4 11~44~5 11~44~6 11~44~7 17 17~20~1 17~20~2 17~20~3 17~20~4 17~20~5 17~20~6 17~51~1 17~51~2 17~52~1 17~52~2 17~52~3 17~52~4 17~52~5 17~52~6 21 21~42~1 21~42~2 21~42~3 21~42~4 21~42~5 21~42~6 21~42~7 22 22~45~1 22~45~2 22~45~3 22~45~4 22~45~5 22~45~6 22~45~7 22~48~2 22~48~3 22~48~4 22~48~5 23~51~10 23~51~11 23~51~12 23~51~13 23~51~14 34~39~1 34~39~2 34~39~3 34~51~1 34~51~2 36~39~3 36~39~4 36~39~5 36~39~6 39 39~54~1 39~54~2 39~54~3 39~54~4 41~48~10 41~48~11 41~48~12 41~48~5 41~48~6 41~48~7 41~48~8 41~48~9 42 42~45~1 42~45~2 42~45~3 51,76,,1,2,1
lin-lin03-regiao-f4,11,5.0,5,10~31~2 11~21~1 13 22~45~9 22~48~1,5,"1,1,1,1,1",0,11 11~21~2 11~44~1 11~44~2 11~44~3 11~44~4 11~44~5 11~44~6 11~44~7 17 17~20~1 17~20~2 17~20~3 17~20~4 17~20~5 17~20~6 17~51~1 17~51~2 17~52~1 17~52~2 17~52~3 17~52~4 17~52~5 17~52~6 21 21~42~1 21~42~2 21~42~3 21~42~4 21~42~5 21~42~6 21~42~7 22 22~45~1 22~45~2 22~45~3 22~45~4 22~45~5 22~45~6 22~45~7 22~48~2 22~48~3 22~48~4 22~48~5 23~51~10 23~51~11 23~51~12 23~51~13 23~51~14 34~39~1 34~39~2 34~39~3 34~51~1 34~51~2 36~39~3 36~39~4 36~39~5 36~39~6 39 39~54~1 39~54~2 39~54~3 39~54~4 41~48~10 41~48~11 41~48~12 41~48~5 41~48~6 41~48~7 41~48~8 41~48~9 42 42~45~1 42~45~2 42~45~3 51,76,,1,2,1
lin-lin03-regiao-f4,12,5.0,5,10~31~2 11~21~2 13~38~1 22~45~9 22~48~1,5,"1,1,1,1,1",0,11 11~21~1 11~44~1 11~44~2 11~44~3 11~44~4 11~44~5 11~44~6 17 17~20~1 17~20~2 17~20~3 17~20~4 17~20~5 17~51~1 17~51~2 17~52~1 17~52~2 17~52~3 17~52~4 17~52~5 21 21~42~1 21~42~2 21~42~3 21~42~4 21~42~5 21~42~6 21~42~7 22 22~45~1 22~45~2 22~45~3 22~45~4 22~45~5 22~45~6 22~45~7 22~48~2 22~48~3 22~48~4 22~48~5 23~51~10 23~51~11 23~51~12 23~51~13 23~51~14 23~51~9 34~39~1 34~39~2 34~39~3 34~51~1 34~51~2 36~39~3 36~39~4 36~39~5 36~39~6 39 39~54~1 39~54~2 39~54~3 39~54~4 41~48~10 41~48~11 41~48~12 41~48~5 41~48~6 41~48~7 41~48~8 41~48~9 42 42~45~1 42~45~2 42~45~3 51,74,,1,2,1
lin-lin03-regiao-f4,13,5.0,5,10~49~3 11 13~38~1 22~45~9 22~48~1,5,"1,1,1,1,1",0,11~21~1 11~21~2 11~44~1 11~44~2 11~44~3 11~44~4 11~44~5 11~44~6 11~44~7 11~44~8 17 17~20~1 17~20~2 17~20~3 17~20~4 17~20~5 17~20~6 17~20~7 17~51~1 17~51~2 17~52~1 17~52~2 17~52~3 17~52~4 17~52~5 17~52~6 17~52~7 21 21~42~1 21~42~2 21~42~3 21~42~4 21~42~5 21~42~6 21~42~7 22 22~45~1 22~45~2 22~45~3 22~45~4 22~45~5 22~45~6 22~45~7 22~48~2 22~48~3 22~48~4 22~48~5 23~51~10 23~51~11 23~51~12 23~51~13 23~51~14 34~39~1 34~39~2 34~39~3 34~51~1 34~51~2 36~39~3 36~39~4 36~39~5 36~39~6 39 39~54~1 39~54~2 39~54~3 39~54~4 41~48~10 41~48~11 41~48~12 41~48~5 41~48~6 41~48~7 41~48~8 41~48~9 42 42~45~1 42~45~2 42~45~3 51,79,,1,2,1
lin-lin03-regiao-f4,14,5.0,5,10~49~3 11~21~1 13~38~1 22~45~9 22~48~1,5,"1,1,1,1,1",0,11 11~21~2 11~44~1 11~44~2 11~44~3 11~44~4 11~44~5 11~44~6 11~44~7 17 17~20~1 17~20~2 17~20~3 17~20~4 17~20~5 17~20~6 17~51~1 17~51~2 17~52~1 17~52~2 17~52~3 17~52~4 17~52~5 17~52~6 21 21~42~1 21~42~2 21~42~3 21~42~4 21~42~5 21~42~6 21~42~7 22 22~45~1 22~45~2 22~45~3 22~45~4 22~45~5 22~45~6 22~45~7 22~48~2 22~48~3 22~48~4 22~48~5 23~51~10 23~51~11 23~51~12 23~51~13 23~51~14 34~39~1 34~39~2 34~39~3 34~51~1 34~51~2 36~39~3 36~39~4 36~39~5 36~39~6 39 39~54~1 39~54~2 39~54~3 39~54~4 41~48~10 41~48~11 41~48~12 41~48~5 41~48~6 41~48~7 41~48~8 41~48~9 42 42~45~1 42~45~2 42~45~3 51,76,,1,2,1
lin-lin03-regiao-f4,15,5.0,5,10~49~3 11~21~1 13 22~45~9 22~48~1,5,"1,1,1,1,1",0,11 11~21~2 11~44~1 11~44~2 11~44~3 11~44~4 11~44~5 11~44~6 11~44~7 17 17~20~1 17~20~2 17~20~3 17~20~4 17~20~5 17~20~6 17~51~1 17~51~2 17~52~1 17~52~2 17~52~3 17~52~4 17~52~5 17~52~6 21 21~42~1 21~42~2 21~42~3 21~42~4 21~42~5 21~42~6 21~42~7 22 22~45~1 22~45~2 22~45~3 22~45~4 22~45~5 22~45~6 22~45~7 22~48~2 22~48~3 22~48~4 22~48~5 23~51~10 23~51~11 23~51~12 23~51~13 23~51~14 34~39~1 34~39~2 34~39~3 34~51~1 34~51~2 36~39~3 36~39~4 36~39~5 36~39~6 39 39~54~1 39~54~2 39~54~3 39~54~4 41~48~10 41~48~11 41~48~12 41~48~5 41~48~6 41~48~7 41~48~8 41~48~9 42 42~45~1 42~45~2 42~45~3 51,76,,1,2,1
lin-lin03-regiao-f4,16,5.0,5,10~49~3 11~21~2 13~38~1 22~45~9 22~48~1,5,"1,1,1,1,1",0,11 11~21~1 11~44~1 11~44~2 11~44~3 11~44~4 11~44~5 11~44~6 17 17~20~1 17~20~2 17~20~3 17~20~4 17~20~5 17~51~1 17~51~2 17~52~1 17~52~2 17~52~3 17~52~4 17~52~5 21 21~42~1 21~42~2 21~42~3 21~42~4 21~42~5 21~42~6 21~42~7 22 22~45~1 22~45~2 22~45~3 22~45~4 22~45~5 22~45~6 22~45~7 22~48~2 22~48~3 22~48~4 22~48~5 23~51~10 23~51~11 23~51~12 23~51~13 23~51~14 23~51~9 34~39~1 34~39~2 34~39~3 34~51~1 34~51~2 36~39~3 36~39~4 36~39~5 36~39~6 39 39~54~1 39~54~2 39~54~3 39~54~4 41~48~10 41~48~11 41~48~12 41~48~5 41~48~6 41~48~7 41~48~8 41~48~9 42 42~45~1 42~45~2 42~45~3 51,74,,1,2,1
lin-lin03-regiao-f4,17,5.0,5,11~21~1 13~18~1 19~49~4 22~45~9 22~48~1,5,"1,1,1,1,1",0,11 11~21~2 11~44~1 11~44~2 11~44~3 11~44~4 11~44~5 11~44~6 11~44~7 17 17~20~1 17~20~2 17~20~3 17~20~4 17~20~5 17~20~6 17~51~1 17~51~2 17~52~1 17~52~2 17~52~3 17~52~4 17~52~5 17~52~6 21 21~42~1 21~42~2 21~42~3 21~42~4 21~42~5 21~42~6 21~42~7 22 22~45~1 22~45~2 22~45~3 22~45~4 22~45~5 22~45~6 22~45~7 22~48~2 22~48~3 22~48~4 22~48~5 23~51~10 23~51~11 23~51~12 23~51~13 23~51~14 34~39~1 34~39~2 34~39~3 34~51~1 34~51~2 36~39~3 36~39~4 36~39~5 36~39~6 39 39~54~1 39~54~2 39~54~3 39~54~4 41~48~10 41~48~11 41~48~12 41~48~5 41~48~6 41~48~7 41~48~8 41~48~9 42 42~45~1 42~45~2 42~45~3 51,76,,1,2,1
lin-lin03-regiao-f4,18,5.0,5,11~21~1 13~18~1 19~49~3 22~45~9 22~48~1,5,"1,1,1,1,1",0,11 11~21~2 11~44~1 11~44~2 11~44~3 11~44~4 11~44~5 11~44~6 11~44~7 17 17~20~1 17~20~2 17~20~3 17~20~4 17~20~5 17~20~6 17~51~1 17~51~2 17~52~1 17~52~2 17~52~3 17~52~4 17~52~5 17~52~6 21 21~42~1 21~42~2 21~42~3 21~42~4 21~42~5 21~42~6 21~42~7 22 22~45~1 22~45~2 22~45~3 22~45~4 22~45~5 22~45~6 22~45~7 22~48~2 22~48~3 22~48~4 22~48~5 23~51~10 23~51~11 23~51~12 23~51~13 23~51~14 34~39~1 34~39~2 34~39~3 34~51~1 34~51~2 36~39~3 36~39~4 36~39~5 36~39~6 39 39~54~1 39~54~2 39~54~3 39~54~4 41~48~10 41~48~11 41~48~12 41~48~5 41~48~6 41~48~7 41~48~8 41~48~9 42 42~45~1 42~45~2 42~45~3 51,76,,1,2,1
lin-lin03-regiao-f4,19,5.0,5,11~21~1 13~18~1 19~49~3 22 22~45~9,5,"1,1,1,1,1",0,11 11~21~2 11~44~1 11~44~2 11~44~3 11~44~4 11~44~5 11~44~6 11~44~7 17 17~20~1 17~20~2 17~20~3 17~20~4 17~20~5 17~20~6 17~51~1 17~51~2 17~52~1 17~52~2 17~52~3 17~52~4 17~52~5 17~52~6 21 21~42~1 21~42~2 21~42~3 21~42~4 21~42~5 21~42~6 21~42~7 22~45~1 22~45~2 22~45~3 22~45~4 22~45~5 22~45~6 22~45~7 22~45~8 22~48~1 22~48~2 22~48~3 22~48~4 22~48~5 23~51~10 23~51~11 23~51~12 23~51~13 23~51~14 34~39~1 34~39~2 34~39~3 34~51~1 34~51~2 36~39~3 36~39~4 36~39~5 36~39~6 39 39~54~1 39~54~2 39~54~3 39~54~4 41~48~10 41~48~11 41~48~12 41~48~5 41~48~6 41~48~7 41~48~8 41~48~9 42 42~45~1 42~45~2 42~45~3 51,77,,1,2,1
lin-lin03-regiao-f4,20,5.0,5,11~21~1 13~18~1 19~49~3 22~45~1 22~45~9,4,"1,1,1,2",0,11 11~21~2 11~44~1 11~44~2 11~44~3 11~44~4 11~44~5 11~44~6 11~44~7 17 17~20~1 17~20~2 17~20~3 17~20~4 17~20~5 17~20~6 17~51~1 17~51~2 17~52~1 17~52~2 17~52~3 17~52~4 17~52~5 17~52~6 21 21~42~1 21~42~2 21~42~3 21~42~4 21~42~5 21~42~6 21~42~7 22 22~45~2 22~45~3 22~45~4 22~45~5 22~45~6 22~45~7 22~45~8 22~48~1 22~48~2 22~48~3 22~48~4 22~48~5 23~51~10 23~51~11 23~51~12 23~51~13 23~51~14 27~54~1 27~54~2 27~54~3 27~54~4 27~54~5 27~54~6 34~39~1 34~39~2 34~39~3 34~51~1 34~51~2 36~39~3 36~39~4 36~39~5 36~39~6 39 39~54~1 39~54~2 39~54~3 39~54~4 39~54~5 39~54~6 41~48~10 41~48~11 41~48~12 41~48~5 41~48~6 41~48~7 41~48~8 41~48~9 42 42~45~1 42~45~2 42~45~3 42~45~4 42~45~5 42~45~6 45 51 54,90,,1,2,1
lin-lin03-regiao-f4,21,5.0,5,11~21~1 13~18~1 19~49~3 22~45~1 22~45~6,4,"1,1,1,2",0,11 11~21~2 11~44~1 11~44~2 11~44~3 11~44~4 11~44~5 11~44~6 11~44~7 17 17~20~1 17~20~2 17~20~3 17~20~4 17~20~5 17~20~6 17~51~1 17~51~2 17~52~1 17~52~2 17~52~3 17~52~4 17~52~5 17~52~6 21 21~42~1 21~42~2 21~42~3 21~42~4 21~42~5 21~42~6 21~42~7 22 22~45~2 22~45~3 22~45~4 22~45~5 22~45~7 22~45~8 22~45~9 22~48~1 22~48~2 22~48~3 22~48~4 22~48~5 23~51~10 23~51~11 23~51~12 23~51~13 23~51~14 27~54~4 27~54~5 27~54~6 34~39~1 34~39~2 34~39~3 34~51~1 34~51~2 36~39~3 36~39~4 36~39~5 36~39~6 39 39~54~1 39~54~2 39~54~3 39~54~4 39~54~5 39~54~6 41~48~10 41~48~11 41~48~12 41~48~5 41~48~6 41~48~7 41~48~8 41~48~9 42 42~45~1 42~45~2 42~45~3 42~45~4 42~45~5 42~45~6 45 51 54,87,,1,2,1
lin-lin03-regiao-f4,22,5.0,5,11~21~1 13~18~1 19~49~3 22~45~2 22~45~9,4,"1,1,1,2",0,11 11~21~2 11~44~1 11~44~2 11~44~3 11~44~4 11~44~5 11~44~6 11~44~7 17 17~20~1 17~20~2 17~20~3 17~20~4 17~20~5 17~20~6 17~51~1 17~51~2 17~52~1 17~52~2 17~52~3 17~52~4 17~52~5 17~52~6 21 21~42~1 21~42~2 21~42~3 21~42~4 21~42~5 21~42~6 21~42~7 22 22~45~1 22~45~3 22~45~4 22~45~5 22~45~6 22~45~7 22~45~8 22~48~1 22~48~2 22~48~3 22~48~4 22~48~5 23~51~10 23~51~11 23~51~12 23~51~13 23~51~14 27~54~1 27~54~2 27~54~3 27~54~4 27~54~5 27~54~6 34~39~1 34~39~2 34~39~3 34~51~1 34~51~2 36~39~3 36~39~4 36~39~5 36~39~6 39 39~54~1 39~54~2 39~54~3 39~54~4 39~54~5 39~54~6 41~48~10 41~48~11 41~48~12 41~48~5 41~48~6 41~48~7 41~48~8 41~48~9 42 42~45~1 42~45~2 42~45~3 42~45~4 42~45~5 42~45~6 45 51 54,90,,1,2,1
lin-lin03-regiao-f4,23,5.0,5,11~21~1 13~18~1 19~49~3 22~45~2 22~45~6,4,"1,1,1,2",0,11 11~21~2 11~44~1 11~44~2 11~44~3 11~44~4 11~44~5 11~44~6 11~44~7 17 17~20~1 17~20~2 17~20~3 17~20~4 17~20~5 17~20~6 17~51~1 17~51~2 17~52~1 17~52~2 17~52~3 17~52~4 17~52~5 17~52~6 21 21~42~1 21~42~2 21~42~3 21~42~4 21~42~5 21~42~6 21~42~7 22 22~45~1 22~45~3 22~45~4 22~45~5 22~45~7 22~45~8 22~45~9 22~48~1 22~48~2 22~48~3 22~48~4 22~48~5 23~51~10 23~51~11 23~51~12 23~51~13 23~51~14 27~54~4 27~54~5 27~54~6 34~39~1 34~39~2 34~39~3 34~51~1 34~51~2 36~39~3 36~39~4 36~39~5 36~39~6 39 39~54~1 39~54~2 39~54~3 39~54~4 39~54~5 39~54~6 41~48~10 41~48~11 41~48~12 41~48~5 41~48~6 41~48~7 41~48~8 41~48~9 42 42~45~1 42~45~2 42~45~3 42~45~4 42~45~5 42~45~6 45 51 54,87,,1,2,1
lin-lin03-regiao-f4,24,5.0,5,11~21~1 13~18~1 19~49~3 22~45~6 22~48~1,4,"1,1,1,2",0,11 11~21~2 11~44~1 11~44~2 11~44~3 11~44~4 11~44~5 11~44~6 11~44~7 17 17~20~1 17~20~2 17~20~3 17~20~4 17~20~5 17~20~6 17~51~1 17~51~2 17~52~1 17~52~2 17~52~3 17~52~4 17~52~5 17~52~6 21 21~42~1 21~42~2 21~42~3 21~42~4 21~42~5 21~42~6 21~42~7 22 22~45~1 22~45~2 22~45~3 22~45~4 22~45~5 22~45~7 22~45~8 22~45~9 22~48~2 22~48~3 22~48~4 22~48~5 23~51~10 23~51~11 23~51~12 23~51~13 23~51~14 27~54~4 27~54~5 27~54~6 34~39~1 34~39~2 34~39~3 34~51~1 34~51~2 36~39~3 36~39~4 36~39~5 36~39~6 39 39~54~1 39~54~2 39~54~3 39~54~4 39~54~5 39~54~6 41~48~10 41~48~11 41~48~12 41~48~5 41~48~6 41~48~7 41~48~8 41~48~9 42 42~45~1 42~45~2 42~45~3 42~45~4 42~45~5 42~45~6 45 51 54,87,,1,2,1
lin-lin03-regiao-f4,25,5.0,5,11~21~1 13~18~1 19~49~3 22~45~7 22~48~1,4,"1,1,1,2",0,11 11~21~2 11~44~1 11~44~2 11~44~3 11~44~4 11~44~5 11~44~6 11~44~7 17 17~20~1 17~20~2 17~20~3 17~20~4 17~20~5 17~20~6 17~51~1 17~51~2 17~52~1 17~52~2 17~52~3 17~52~4 17~52~5 17~52~6 21 21~42~1 21~42~2 21~42~3 21~42~4 21~42~5 21~42~6 21~42~7 22 22~45~1 22~45~2 22~45~3 22~45~4 22~45~5 22~45~6 22~45~8 22~45~9 22~48~2 22~48~3 22~48~4 22~48~5 23~51~10 23~51~11 23~51~12 23~51~13 23~51~14 27~54~3 27~54~4 27~54~5 27~54~6 34~39~1 34~39~2 34~39~3 34~51~1 34~51~2 36~39~3 36~39~4 36~39~5 36~39~6 39 39~54~1 39~54~2 39~54~3 39~54~4 39~54~5 39~54~6 41~48~10 41~48~11 41~48~12 41~48~5 41~48~6 41~48~7 41~48~8 41~48~9 42 42~45~1 42~45~2 42~45~3 42~45~4 42~45~5 42~45~6 45 51 54,88,,1,2,1
lin-lin03-regiao-f4,26,5.0,5,11~21~1 13~18~1 19~49~3 22~45~8 22~48~1,5,"1,1,1,1,1",0,11 11~21~2 11~44~1 11~44~2 11~44~3 11~44~4 11~44~5 11~44~6 11~44~7 17 17~20~1 17~20~2 17~20~3 17~20~4 17~20~5 17~20~6 17~51~1 17~51~2 17~52~1 17~52~2 17~52~3 17~52~4 17~52~5 17~52~6 21 21~42~1 21~42~2 21~42~3 21~42~4 21~42~5 21~42~6 21~42~7 22 22~45~1 22~45~2 22~45~3 22~45~4 22~45~5 22~45~6 22~45~7 22~48~2 22~48~3 22~48~4 22~48~5 23~51~10 23~51~11 23~51~12 23~51~13 23~51~14 34~39~1 34~39~2 34~39~3 34~51~1 34~51~2 36~39~3 36~39~4 36~39~5 36~39~6 39 39~54~1 39~54~2 39~54~3 39~54~4 41~48~10 41~48~11 41~48~12 41~48~5 41~48~6 41~48~7 41~48~8 41~48~9 42 42~45~1 42~45~2 42~45~3 51,76,,1,2,1
lin-lin03-regiao-f4,27,5.0,5,11~21~1 13~18~1 19~49~3 22~48~1 45,5,"1,1,1,1,1",0,11 11~21~2 11~44~1 11~44~2 11~44~3 11~44~4 11~44~5 11~44~6 11~44~7 17 17~20~1 17~20~2 17~20~3 17~20~4 17~20~5 17~20~6 17~51~1 17~51~2 17~52~1 17~52~2 17~52~3 17~52~4 17~52~5 17~52~6 21 21~42~1 21~42~2 21~42~3 21~42~4 21~42~5 21~42~6 21~42~7 22 22~45~1 22~45~2 22~45~3 22~45~4 22~45~5 22~45~6 22~45~7 22~48~2 22~48~3 22~48~4 22~48~5 23~51~10 23~51~11 23~51~12 23~51~13 23~51~14 34~39~1 34~39~2 34~39~3 34~51~1 34~51~2 36~39~3 36~39~4 36~39~5 36~39~6 39 39~54~1 39~54~2 39~54~3 39~54~4 41~48~10 41~48~11 41~48~12 41~48~5 41~48~6 41~48~7 41~48~8 41~48~9 42 42~45~1 42~45~2 42~45~3 51,76,,1,2,1
lin-lin03-regiao-f4,28,5.0,5,10~31~1 11~21~1 13~18~1 22~45~9 22~48~1,5,"1,1,1,1,1",0,11 11~21~2 11~44~1 11~44~2 11~44~3 11~44~4 11~44~5 11~44~6 11~44~7 17 17~20~1 17~20~2 17~20~3 17~20~4 17~20~5 17~20~6 17~51~1 17~51~2 17~52~1 17~52~2 17~52~3 17~52~4 17~52~5 17~52~6 21 21~42~1 21~42~2 21~42~3 21~42~4 21~42~5 21~42~6 21~42~7 22 22~45~1 22~45~2 22~45~3 22~45~4 22~45~5 22~45~6 22~45~7 22~48~2 22~48~3 22~48~4 22~48~5 23~51~10 23~51~11 23~51~12 23~51~13 23~51~14 34~39~1 34~39~2 34~39~3 34~51~1 34~51~2 36~39~3 36~39~4 36~39~5 36~39~6 39 39~54~1 39~54~2 39~54~3 39~54~4 41~48~10 41~48~11 41~48~12 41~48~5 41~48~6 41~48~7 41~48~8 41~48~9 42 42~45~1 42~45~2 42~45~3 51,76,,1,2,1
lin-lin03-regiao-f4,29,5.0,5,10~31~1 11~21~1 13~18~1 22 22~45~9,5,"1,1,1,1,1",0,11 11~21~2 11~44~1 11~44~2 11~44~3 11~44~4 11~44~5 11~44~6 11~44~7 17 17~20~1 17~20~2 17~20~3 17~20~4 17~20~5 17~20~6 17~51~1 17~51~2 17~52~1 17~52~2 17~52~3 17~52~4 17~52~5 17~52~6 21 21~42~1 21~42~2 21~42~3 21~42~4 21~42~5 21~42~6 21~42~7 22~45~1 22~45~2 22~45~3 22~45~4 22~45~5 22~45~6 22~45~7 22~45~8 22~48~1 22~48~2 22~48~3 22~48~4 22~48~5 23~51~10 23~51~11 23~51~12 23~51~13 23~51~14 34~39~1 34~39~2 34~39~3 34~51~1 34~51~2 36~39~3 36~39~4 36~39~5 36~39~6 39 39~54~1 39~54~2 39~54~3 39~54~4 41~48~10 41~48~11 41~48~12 41~48~5 41~48~6 41~48~7 41~48~8 41~48~9 42 42~45~1 42~45~2 42~45~3 51,77,,1,2,1
lin-lin03-regiao-f4,30,5.0,5,10~31~1 11~21~1 13~18~1 22~45~1 22~45~9,4,"1,1,1,2",0,11 11~21~2 11~44~1 11~44~2 11~44~3 11~44~4 11~44~5 11~44~6 11~44~7 17 17~20~1 17~20~2 17~20~3 17~20~4 17~20~5 17~20~6 17~51~1 17~51~2 17~52~1 17~52~2 17~52~3 17~52~4 17~52~5 17~52~6 21 21~42~1 21~42~2 21~42~3 21~42~4 21~42~5 21~42~6 21~42~7 22 22~45~2 22~45~3 22~45~4 22~45~5 22~45~6 22~45~7 22~45~8 22~48~1 22~48~2 22~48~3 22~48~4 22~48~5 23~51~10 23~51~11 23~51~12 23~51~13 23~51~14 27~54~1 27~54~2 27~54~3 27~54~4 27~54~5 27~54~6 34~39~1 34~39~2 34~39~3 34~51~1 34~51~2 36~39~3 36~39~4 36~39~5 36~39~6 39 39~54~1 39~54~2 39~54~3 39~54~4 39~54~5 39~54~6 41~48~10 41~48~11 41~48~12 41~48~5 41~48~6 41~48~7 41~48~8 41~48~9 42 42~45~1 42~45~2 42~45~3 42~45~4 42~45~5 42~45~6 45 51 54,90,,1,2,1
lin-lin03-regiao-f4,31,5.0,5,10~31~1 11~21~1 13~18~1 22 22~45~6,4,"1,1,1,2",0,11 11~21~2 11~44~1 11~44~2 11~44~3 11~44~4 11~44~5 11~44~6 11~44~7 17 17~20~1 17~20~2 17~20~3 17~20~4 17~20~5 17~20~6 17~51~1 17~51~2 17~52~1 17~52~2 17~52~3 17~52~4 17~52~5 17~52~6 21 21~42~1 21~42~2 21~42~3 21~42~4 21~42~5 21~42~6 21~42~7 22~45~1 22~45~2 22~45~3 22~45~4 22~45~5 22~45~7 22~45~8 22~45~9 22~48~1 22~48~2 22~48~3 22~48~4 22~48~5 23~51~10 23~51~11 23~51~12 23~51~13 23~51~14 27~54~4 27~54~5 27~54~6 34~39~1 34~39~2 34~39~3 34~51~1 34~51~2 36~39~3 36~39~4 36~39~5 36~39~6 39 39~54~1 39~54~2 39~54~3 39~54~4 39~54~5 39~54~6 41~48~10 41~48~11 41~48~12 41~48~5 41~48~6 41~48~7 41~48~8 41~48~9 42 42~45~1 42~45~2 42~45~3 42~45~4 42~45~5 42~45~6 45 51 54,87,,1,2,1
lin-lin03-regiao-f4,32,5.0,5,10~31~1 11~21~1 13~18~1 22 22~45~7,4,"1,1,1,2",0,11 11~21~2 11~44~1 11~44~2 11~44~3 11~44~4 11~44~5 11~44~6 11~44~7 17 17~20~1 17~20~2 17~20~3 17~20~4 17~20~5 17~20~6 17~51~1 17~51~2 17~52~1 17~52~2 17~52~3 17~52~4 17~52~5 17~52~6 21 21~42~1 21~42~2 21~42~3 21~42~4 21~42~5 21~42~6 21~42~7 22~45~1 22~45~2 22~45~3 22~45~4 22~45~5 22~45~6 22~45~8 22~45~9 22~48~1 22~48~2 22~48~3 22~48~4 22~48~5 23~51~10 23~51~11 23~51~12 23~51~13 23~51~14 27~54~3 27~54~4 27~54~5 27~54~6 34~39~1 34~39~2 34~39~3 34~51~1 34~51~2 36~39~3 36~39~4 36~39~5 36~39~6 39 39~54~1 39~54~2 39~54~3 39~54~4 39~54~5 39~54~6 41~48~10 41~48~11 41~48~12 41~48~5 41~48~6 41~48~7 41~48~8 41~48~9 42 42~45~1 42~45~2 42~45~3 42~45~4 42~45~5 42~45~6 45 51 54,88,,1,2,1
lin-lin03-regiao-f4,33,5.0,5,10~31~1 11~21~1 13~18~1 22 22~45~8,4,"1,1,1,2",0,11 11~21~2 11~44~1 11~44~2 11~44~3 11~44~4 11~44~5 11~44~6 11~44~7 17 17~20~1 17~20~2 17~20~3 17~20~4 17~20~5 17~20~6 17~51~1 17~51~2 17~52~1 17~52~2 17~52~3 17~52~4 17~52~5 17~52~6 21 21~42~1 21~42~2 21~42~3 21~42~4 21~42~5 21~42~6 21~42~7 22~45~1 22~45~2 22~45~3 22~45~4 22~45~5 22~45~6 22~45~7 22~45~9 22~48~1 22~48~2 22~48~3 22~48~4 22~48~5 23~51~10 23~51~11 23~51~12 23~51~13 23~51~14 27~54~2 27~54~3 27~54~4 27~54~5 27~54~6 34~39~1 34~39~2 34~39~3 34~51~1 34~51~2 36~39~3 36~39~4 36~39~5 36~39~6 39 39~54~1 39~54~2 39~54~3 39~54~4 39~54~5 39~54~6 41~48~10 41~48~11 41~48~12 41~48~5 41~48~6 41~48~7 41~48~8 41~48~9 42 42~45~1 42~45~2 42~45~3 42~45~4 42~45~5 42~45~6 45 51 54,89,,1,2,1
lin-lin03-regiao-f4,34,5.0,5,10~31~1 11~21~1 13~18~1 22 45,5,"1,1,1,1,1",0,11 11~21~2 11~44~1 11~44~2 11~44~3 11~44~4 11~44~5 11~44~6 11~44~7 17 17~20~1 17~20~2 17~20~3 17~20~4 17~20~5 17~20~6 17~51~1 17~51~2 17~52~1 17~52~2 17~52~3 17~52~4 17~52~5 17~52~6 21 21~42~1 21~42~2 21~42~3 21~42~4 21~42~5 21~42~6 21~42~7 22~45~1 22~45~2 22~45~3 22~45~4 22~45~5 22~45~6 22~45~7 22~45~8 22~48~1 22~48~2 22~48~3 22~48~4 22~48~5 23~51~10 23~51~11 23~51~12 23~51~13 23~51~14 34~39~1 34~39~2 34~39~3 34~51~1 34~51~2 36~39~3 36~39~4 36~39~5 36~39~6 39 39~54~1 39~54~2 39~54~3 39~54~4 41~48~10 41~48~11 41~48~12 41~48~5 41~48~6 41~48~7 41~48~8 41~48~9 42 42~45~1 42~45~2 42~45~3 51,77,,1,2,1
lin-lin03-regiao-f4,35,5.0,5,11~44~1 13~38~1 19~49~4 22~45~9 22~48~1,5,"1,1,1,1,1",0,11 11~21~1 11~21~2 11~44~2 11~44~3 11~44~4 11~44~5 11~44~6 11~44~7 11~44~8 17 17~20~1 17~20~2 17~20~3 17~20~4 17~20~5 17~20~6 17~51~1 17~51~2 17~52~1 17~52~2 17~52~3 17~52~4 17~52~5 17~52~6 21 21~42~1 21~42~2 21~42~3 21~42~4 21~42~5 21~42~6 21~42~7 22 22~45~1 22~45~2 22~45~3 22~45~4 22~45~5 22~45~6 22~45~7 22~48~2 22~48~3 22~48~4 22~48~5 23~51~10 23~51~11 23~51~12 23~51~13 23~51~14 34~39~1 34~39~2 34~39~3 34~51~1 34~51~2 36~39~3 36~39~4 36~39~5 36~39~6 39 39~54~1 39~54~2 39~54~3 39~54~4 41~48~10 41~48~11 41~48~12 41~48~5 41~48~6 41~48~7 41~48~8 41~48~9 42 42~45~1 42~45~2 42~45~3 44 51,78,,1,2,1
lin-lin03-regiao-f4,36,5.0,5,13~38~1 19~49~4 22~45~9 22~48~1 51,5,"1,1,1,1,1",0,11 11~21~1 11~21~2 11~44~1 11~44~2 11~44~3 11~44~4 17 17~20~1 17~20~2 17~20~3 17~20~4 17~20~5 17~51~1 17~51~2 17~52~1 17~52~2 17~52~3 17~52~4 17~52~5 21 21~42~1 21~42~2 21~42~3 21~42~4 21~42~5 21~42~6 21~42~7 22 22~45~1 22~45~2 22~45~3 22~45~4 22~45~5 22~45~6 22~45~7 22~48~2 22~48~3 22~48~4 22~48~5 23~51~10 23~51~11 23~51~12 23~51~13 23~51~14 23~51~7 23~51~8 23~51~9 34~39~1 34~39~2 34~39~3 34~51~1 34~51~2 36~39~3 36~39~4 36~39~5 36~39~6 39 39~54~1 39~54~2 39~54~3 39~54~4 41~48~10 41~48~11 41~48~12 41~48~5 41~48~6 41~48~7 41~48~8 41~48~9 42 42~45~1 42~45~2 42~45~3,74,,1,2,1
lin-lin03-regiao-f4,37,5.0,5,13 19~49~4 22~45~9 22~48~1 51,5,"1,1,1,1,1",0,11 11~21~1 11~21~2 11~44~1 11~44~2 11~44~3 11~44~4 17 17~20~1 17~20~2 17~20~3 17~20~4 17~20~5 17~51~1 17~51~2 17~52~1 17~52~2 17~52~3 17~52~4 17~52~5 21 21~42~1 21~42~2 21~42~3 21~42~4 21~42~5 21~42~6 21~42~7 22 22~45~1 22~45~2 22~45~3 22~45~4 22~45~5 22~45~6 22~45~7 22~48~2 22~48~3 22~48~4 22~48~5 23~51~10 23~51~11 23~51~12 23~51~13 23~51~14 23~51~7 23~51~8 23~51~9 34~39~1 34~39~2 34~39~3 34~51~1 34~51~2 36~39~3 36~39~4 36~39~5 36~39~6 39 39~54~1 39~54~2 39~54~3 39~54~4 41~48~10 41~48~11 41~48~12 41~48~5 41~48~6 41~48~7 41~48~8 41~48~9 42 42~45~1 42~45~2 42~45~3,74,,1,2,1
lin-lin03-regiao-f4,38,5.0,5,11~44~1 13 19~49~4 22~45~9 22~48~1,5,"1,1,1,1,1",0,11 11~21~1 11~21~2 11~44~2 11~44~3 11~44~4 11~44~5 11~44~6 11~44~7 11~44~8 17 17~20~1 17~20~2 17~20~3 17~20~4 17~20~5 17~20~6 17~51~1 17~51~2 17~52~1 17~52~2 17~52~3 17~52~4 17~52~5 17~52~6 21 21~42~1 21~42~2 21~42~3 21~42~4 21~42~5 21~42~6 21~42~7 22 22~45~1 22~45~2 22~45~3 22~45~4 22~45~5 22~45~6 22~45~7 22~48~2 22~48~3 22~48~4 22~48~5 23~51~10 23~51~11 23~51~12 23~51~13 23~51~14 34~39~1 34~39~2 34~39~3 34~51~1 34~51~2 36~39~3 36~39~4 36~39~5 36~39~6 39 39~54~1 39~54~2 39~54~3 39~54~4 41~48~10 41~48~11 41~48~12 41~48~5 41~48~6 41~48~7 41~48~8 41~48~9 42 42~45~1 42~45~2 42~45~3 44 51,78,,1,2,1
lin-lin03-regiao-f4,39,5.0,5,13 17 19~49~4 22~45~9 22~48~1,5,"1,1,1,1,1",0,11 11~21~1 11~21~2 11~44~1 11~44~2 11~44~3 11~44~4 11~44~5 11~44~6 11~44~7 17~20~1 17~20~2 17~20~3 17~20~4 17~20~5 17~20~6 17~20~7 17~20~8 17~51~1 17~51~2 17~52~1 17~52~2 17~52~3 17~52~4 17~52~5 17~52~6 17~52~7 17~52~8 21 21~42~1 21~42~2 21~42~3 21~42~4 21~42~5 21~42~6 21~42~7 22 22~45~1 22~45~2 22~45~3 22~45~4 22~45~5 22~45~6 22~45~7 22~48~2 22~48~3 22~48~4 22~48~5 23~51~10 23~51~11 23~51~12 23~51~13 23~51~14 34~39~1 34~39~2 34~39~3 34~51~1 34~51~2 36~39~3 36~39~4 36~39~5 36~39~6 39 39~54~1 39~54~2 39~54~3 39~54~4 41~48~10 41~48~11 41~48~12 41~48~5 41~48~6 41~48~7 41~48~8 41~48~9 42 42~45~1 42~45~2 42~45~3 51,80,,1,2,1
lin-lin03-regiao-f4,40,5.0,5,11~44~1 13 19~49~3 22~45~9 22~48~1,5,"1,1,1,1,1",0,11 11~21~1 11~21~2 11~44~2 11~44~3 11~44~4 11~44~5 11~44~6 11~44~7 11~44~8 17 17~20~1 17~20~2 17~20~3 17~20~4 17~20~5 17~20~6 17~51~1 17~51~2 17~52~1 17~52~2 17~52~3 17~52~4 17~52~5 17~52~6 21 21~42~1 21~42~2 21~42~3 21~42~4 21~42~5 21~42~6 21~42~7 22 22~45~1 22~45~2 22~45~3 22~45~4 22~45~5 22~45~6 22~45~7 22~48~2 22~48~3 22~48~4 22~48~5 23~51~10 23~51~11 23~51~12 23~51~13 23~51~14 34~39~1 34~39~2 34~39~3 34~51~1 34~51~2 36~39~3 36~39~4 36~39~5 36~39~6 39 39~54~1 39~54~2 39~54~3 39~54~4 41~48~10 41~48~11 41~48~12 41~48~5 41~48~6 41~48~7 41~48~8 41~48~9 42 42~45~1 42~45~2 42~45~3 44 51,78,,1,2,1
lin-lin03-regiao-f4,41,5.0,5,13 17 19~49~3 22~45~9 22~48~1,5,"1,1,1,1,1",0,11 11~21~1 11~21~2 11~44~1 11~44~2 11~44~3 11~44~4 11~44~5 11~44~6 11~44~7 17~20~1 17~20~2 17~20~3 17~20~4 17~20~5 17~20~6 17~20~7 17~20~8 17~51~1 17~51~2 17~52~1 17~52~2 17~52~3 17~52~4 17~52~5 17~52~6 17~52~7 17~52~8 21 21~42~1 21~42~2 21~42~3 21~42~4 21~42~5 21~42~6 21~42~7 22 22~45~1 22~45~2 22~45~3 22~45~4 22~45~5 22~45~6 22~45~7 22~48~2 22~48~3 22~48~4 22~48~5 23~51~10 23~51~11 23~51~12 23~51~13 23~51~14 34~39~1 34~39~2 34~39~3 34~51~1 34~51~2 36~39~3 36~39~4 36~39~5 36~39~6 39 39~54~1 39~54~2 39~54~3 39~54~4 41~48~10 41~48~11 41~48~12 41~48~5 41~48~6 41~48~7 41~48~8 41~48~9 42 42~45~1 42~45~2 42~45~3 51,80,,1,2,1
lin-lin03-regiao-f4,42,5.0,5,13 17 19~49~3 22 22~45~9,5,"1,1,1,1,1",0,11 11~21~1 11~21~2 11~44~1 11~44~2 11~44~3 11~44~4 11~44~5 11~44~6 11~44~7 17~20~1 17~20~2 17~20~3 17~20~4 17~20~5 17~20~6 17~20~7 17~20~8 17~51~1 17~51~2 17~52~1 17~52~2 17~52~3 17~52~4 17~52~5 17~52~6 17~52~7 17~52~8 21 21~42~1 21~42~2 21~42~3 21~42~4 21~42~5 21~42~6 21~42~7 22~45~1 22~45~2 22~45~3 22~45~4 22~45~5 22~45~6 22~45~7 22~45~8 22~48~1 22~48~2 22~48~3 22~48~4 22~48~5 23~51~10 23~51~11 23~51~12 23~51~13 23~51~14 34~39~1 34~39~2 34~39~3 34~51~1 34~51~2 36~39~3 36~39~4 36~39~5 36~39~6 39 39~54~1 39~54~2 39~54~3 39~54~4 41~48~10 41~48~11 41~48~12 41~48~5 41~48~6 41~48~7 41~48~8 41~48~9 42 42~45~1 42~45~2 42~45~3 51,81,,1,2,1
lin-lin03-regiao-f4,43,5.0,5,13 17 19~49~3 22 22~45~6,4,"1,1,1,2",0,11 11~21~1 11~21~2 11~44~1 11~44~2 11~44~3 11~44~4 11~44~5 11~44~6 11~44~7 17~20~1 17~20~2 17~20~3 17~20~4 17~20~5 17~20~6 17~20~7 17~20~8 17~51~1 17~51~2 17~52~1 17~52~2 17~52~3 17~52~4 17~52~5 17~52~6 17~52~7 17~52~8 21 21~42~1 21~42~2 21~42~3 21~42~4 21~42~5 21~42~6 21~42~7 22~45~1 22~45~2 22~45~3 22~45~4 22~45~5 22~45~7 22~45~8 22~45~9 22~48~1 22~48~2 22~48~3 22~48~4 22~48~5 23~51~10 23~51~11 23~51~12 23~51~13 23~51~14 27~54~4 27~54~5 27~54~6 34~39~1 34~39~2 34~39~3 34~51~1 34~51~2 36~39~3 36~39~4 36~39~5 36~39~6 39 39~54~1 39~54~2 39~54~3 39~54~4 39~54~5 39~54~6 41~48~10 41~48~11 41~48~12 41~48~5 41~48~6 41~48~7 41~48~8 41~48~9 42 42~45~1 42~45~2 42~45~3 42~45~4 42~45~5 42~45~6 45 51 54,91,,1,2,1
lin-lin03-regiao-f4,44,5.0,5,10~31~2 11~21~1 13~18~1 22~45~9 22~48~1,5,"1,1,1,1,1",0,11 11~21~2 11~44~1 11~44~2 11~44~3 11~44~4 11~44~5 11~44~6 11~44~7 17 17~20~1 17~20~2 17~20~3 17~20~4 17~20~5 17~20~6 17~51~1 17~51~2 17~52~1 17~52~2 17~52~3 17~52~4 17~52~5 17~52~6 21 21~42~1 21~42~2 21~42~3 21~42~4 21~42~5 21~42~6 21~42~7 22 22~45~1 22~45~2 22~45~3 22~45~4 22~45~5 22~45~6 22~45~7 22~48~2 22~48~3 22~48~4 22~48~5 23~51~10 23~51~11 23~51~12 23~51~13 23~51~14 34~39~1 34~39~2 34~39~3 34~51~1 34~51~2 36~39~3 36~39~4 36~39~5 36~39~6 39 39~54~1 39~54~2 39~54~3 39~54~4 41~48~10 41~48~11 41~48~12 41~48~5 41~48~6 41~48~7 41~48~8 41~48~9 42 42~45~1 42~45~2 42~45~3 51,76,,1,2,1
lin-lin03-regiao-f4,45,5.0,5,10~31~2 11~21~1 13 22 22~45~9,5,"1,1,1,1,1",0,11 11~21~2 11~44~1 11~44~2 11~44~3 11~44~4 11~44~5 11~44~6 11~44~7 17 17~20~1 17~20~2 17~20~3 17~20~4 17~20~5 17~20~6 17~51~1 17~51~2 17~52~1 17~52~2 17~52~3 17~52~4 17~52~5 17~52~6 21 21~42~1 21~42~2 21~42~3 21~42~4 21~42~5 21~42~6 21~42~7 22~45~1 22~45~2 22~45~3 22~45~4 22~45~5 22~45~6 22~45~7 22~45~8 22~48~1 22~48~2 22~48~3 22~48~4 22~48~5 23~51~10 23~51~11 23~51~12 23~51~13 23~51~14 34~39~1 34~39~2 34~39~3 34~51~1 34~51~2 36~39~3 36~39~4 36~39~5 36~39~6 39 39~54~1 39~54~2 39~54~3 39~54~4 41~48~10 41~48~11 41~48~12 41~48~5 41~48~6 41~48~7 41~48~8 41~48~9 42 42~45~1 42~45~2 42~45~3 51,77,,1,2,1
lin-lin03-regiao-f4,46,5.0,5,10~31~2 11~21~1 13~18~1 22 22~45~9,5,"1,1,1,1,1",0,11 11~21~2 11~44~1 11~44~2 11~44~3 11~44~4 11~44~5 11~44~6 11~44~7 17 17~20~1 17~20~2 17~20~3 17~20~4 17~20~5 17~20~6 17~51~1 17~51~2 17~52~1 17~52~2 17~52~3 17~52~4 17~52~5 17~52~6 21 21~42~1 21~42~2 21~42~3 21~42~4 21~42~5 21~42~6 21~42~7 22~45~1 22~45~2 22~45~3 22~45~4 22~45~5 22~45~6 22~45~7 22~45~8 22~48~1 22~48~2 22~48~3 22~48~4 22~48~5 23~51~10 23~51~11 23~51~12 23~51~13 23~51~14 34~39~1 34~39~2 34~39~3 34~51~1 34~51~2 36~39~3 36~39~4 36~39~5 36~39~6 39 39~54~1 39~54~2 39~54~3 39~54~4 41~48~10 41~48~11 41~48~12 41~48~5 41~48~6 41~48~7 41~48~8 41~48~9 42 42~45~1 42~45~2 42~45~3 51,77,,1,2,1
lin-lin03-regiao-f4,47,5.0,5,10~31~2 11~21~1 13 22~45~1 22~45~9,4,"1,1,1,2",0,11 11~21~2 11~44~1 11~44~2 11~44~3 11~44~4 11~44~5 11~44~6 11~44~7 17 17~20~1 17~20~2 17~20~3 17~20~4 17~20~5 17~20~6 17~51~1 17~51~2 17~52~1 17~52~2 17~52~3 17~52~4 17~52~5 17~52~6 21 21~42~1 21~42~2 21~42~3 21~42~4 21~42~5 21~42~6 21~42~7 22 22~45~2 22~45~3 22~45~4 22~45~5 22~45~6 22~45~7 22~45~8 22~48~1 22~48~2 22~48~3 22~48~4 22~48~5 23~51~10 23~51~11 23~51~12 23~51~13 23~51~14 27~54~1 27~54~2 27~54~3 27~54~4 27~54~5 27~54~6 34~39~1 34~39~2 34~39~3 34~51~1 34~51~2 36~39~3 36~39~4 36~39~5 36~39~6 39 39~54~1 39~54~2 39~54~3 39~54~4 39~54~5 39~54~6 41~48~10 41~48~11 41~48~12 41~48~5 41~48~6 41~48~7 41~48~8 41~48~9 42 42~45~1 42~45~2 42~45~3 42~45~4 42~45~5 42~45~6 45 51 54,90,,1,2,1
lin-lin03-regiao-f4,48,5.0,5,10~31~2 11~21~1 13 22 22~45~6,4,"1,1,1,2",0,11 11~21~2 11~44~1 11~44~2 11~44~3 11~44~4 11~44~5 11~44~6 11~44~7 17 17~20~1 17~20~2 17~20~3 17~20~4 17~20~5 17~20~6 17~51~1 17~51~2 17~52~1 17~52~2 17~52~3 17~52~4 17~52~5 17~52~6 21 21~42~1 21~42~2 21~42~3 21~42~4 21~42~5 21~42~6 21~42~7 22~45~1 22~45~2 22~45~3 22~45~4 22~45~5 22~45~7 22~45~8 22~45~9 22~48~1 22~48~2 22~48~3 22~48~4 22~48~5 23~51~10 23~51~11 23~51~12 23~51~13 23~51~14 27~54~4 27~54~5 27~54~6 34~39~1 34~39~2 34~39~3 34~51~1 34~51~2 36~39~3 36~39~4 36~39~5 36~39~6 39 39~54~1 39~54~2 39~54~3 39~54~4 39~54~5 39~54~6 41~48~10 41~48~11 41~48~12 41~48~5 41~48~6 41~48~7 41~48~8 41~48~9 42 42~45~1 42~45~2 42~45~3 42~45~4 42~45~5 42~45~6 45 51 54,87,,1,2,1
lin-lin03-regiao-f4,49,5.0,5,10~31~2 11~21~1 13 22~45~1 22~45~6,4,"1,1,1,2",0,11 11~21~2 11~44~1 11~44~2 11~44~3 11~44~4 11~44~5 11~44~6 11~44~7 17 17~20~1 17~20~2 17~20~3 17~20~4 17~20~5 17~20~6 17~51~1 17~51~2 17~52~1 17~52~2 17~52~3 17~52~4 17~52~5 17~52~6 21 21~42~1 21~42~2 21~42~3 21~42~4 21~42~5 21~42~6 21~42~7 22 22~45~2 22~45~3 22~45~4 22~45~5 22~45~7 22~45~8 22~45~9 22~48~1 22~48~2 22~48~3 22~48~4 22~48~5 23~51~10 23~51~11 23~51~12 23~51~13 23~51~14 27~54~4 27~54~5 27~54~6 34~39~1 34~39~2 34~39~3 34~51~1 34~51~2 36~39~3 36~39~4 36~39~5 36~39~6 39 39~54~1 39~54~2 39~54~3 39~54~4 39~54~5 39~54~6 41~48~10 41~48~11 41~48~12 41~48~5 41~48~6 41~48~7 41~48~8 41~48~9 42 42~45~1 42~45~2 42~45~3 42~45~4 42~45~5 42~45~6 45 51 54,87,,1,2,1
lin-lin03-regiao-f4,50,5.0,5,10~31~2 11~21~1 13 22~45~1 22~45~7,4,"1,1,1,2",0,11 11~21~2 11~44~1 11~44~2 11~44~3 11~44~4 11~44~5 11~44~6 11~44~7 17 17~20~1 17~20~2 17~20~3 17~20~4 17~20~5 17~20~6 17~51~1 17~51~2 17~52~1 17~52~2 17~52~3 17~52~4 17~52~5 17~52~6 21 21~42~1 21~42~2 21~42~3 21~42~4 21~42~5 21~42~6 21~42~7 22 22~45~2 22~45~3 22~45~4 22~45~5 22~45~6 22~45~8 22~45~9 22~48~1 22~48~2 22~48~3 22~48~4 22~48~5 23~51~10 23~51~11 23~51~12 23~51~13 23~51~14 27~54~3 27~54~4 27~54~5 27~54~6 34~39~1 34~39~2 34~39~3 34~51~1 34~51~2 36~39~3 36~39~4 36~39~5 36~39~6 39 39~54~1 39~54~2 39~54~3 39~54~4 39~54~5 39~54~6 41~48~10 41~48~11 41~48~12 41~48~5 41~48~6 41~48~7 41~48~8 41~48~9 42 42~45~1 42~45~2 42~45~3 42~45~4 42~45~5 42~45~6 45 51 54,88,,1,2,1
lin-lin03-regiao-f4,51,5.0,5,10~31~2 11~21~1 13 22~45~2 22~45~9,4,"1,1,1,2",0,11 11~21~2 11~44~1 11~44~2 11~44~3 11~44~4 11~44~5 11~44~6 11~44~7 17 17~20~1 17~20~2 17~20~3 17~20~4 17~20~5 17~20~6 17~51~1 17~51~2 17~52~1 17~52~2 17~52~3 17~52~4 17~52~5 17~52~6 21 21~42~1 21~42~2 21~42~3 21~42~4 21~42~5 21~42~6 21~42~7 22 22~45~1 22~45~3 22~45~4 22~45~5 22~45~6 22~45~7 22~45~8 22~48~1 22~48~2 22~48~3 22~48~4 22~48~5 23~51~10 23~51~11 23~51~12 23~51~13 23~51~14 27~54~1 27~54~2 27~54~3 27~54~4 27~54~5 27~54~6 34~39~1 34~39~2 34~39~3 34~51~1 34~51~2 36~39~3 36~39~4 36~39~5 36~39~6 39 39~54~1 39~54~2 39~54~3 39~54~4 39~54~5 39~54~6 41~48~10 41~48~11 41~48~12 41~48~5 41~48~6 41~48~7 41~48~8 41~48~9 42 42~45~1 42~45~2 42~45~3 42~45~4 42~45~5 42~45~6 45 51 54,90,,1,2,1
lin-lin03-regiao-f4,52,5.0,5,10~31~2 11~21~1 13 22~45~1 22~45~8,4,"1,1,1,2",0,11 11~21~2 11~44~1 11~44~2 11~44~3 11~44~4 11~44~5 11~44~6 11~44~7 17 17~20~1 17~20~2 17~20~3 17~20~4 17~20~5 17~20~6 17~51~1 17~51~2 17~52~1 17~52~2 17~52~3 17~52~4 17~52~5 17~52~6 21 21~42~1 21~42~2 21~42~3 21~42~4 21~42~5 21~42~6 21~42~7 22 22~45~2 22~45~3 22~45~4 22~45~5 22~45~6 22~45~7 22~45~9 22~48~1 22~48~2 22~48~3 22~48~4 22~48~5 23~51~10 23~51~11 23~51~12 23~51~13 23~51~14 27~54~2 27~54~3 27~54~4 27~54~5 27~54~6 34~39~1 34~39~2 34~39~3 34~51~1 34~51~2 36~39~3 36~39~4 36~39~5 36~39~6 39 39~54~1 39~54~2 39~54~3 39~54~4 39~54~5 39~54~6 41~48~10 41~48~11 41~48~12 41~48~5 41~48~6 41~48~7 41~48~8 41~48~9 42 42~45~1 42~45~2 42~45~3 42~45~4 42~45~5 42~45~6 45 51 54,89,,1,2,1
lin-lin03-regiao-f4,53,5.0,5,10~31~2 11~21~1 13 22~45~1 45,5,"1,1,1,1,1",0,11 11~21~2 11~44~1 11~44~2 11~44~3 11~44~4 11~44~5 11~44~6 11~44~7 17 17~20~1 17~20~2 17~20~3 17~20~4 17~20~5 17~20~6 17~51~1 17~51~2 17~52~1 17~52~2 17~52~3 17~52~4 17~52~5 17~52~6 21 21~42~1 21~42~2 21~42~3 21~42~4 21~42~5 21~42~6 21~42~7 22 22~45~2 22~45~3 22~45~4 22~45~5 22~45~6 22~45~7 22~45~8 22~45~9 22~48~1 22~48~2 22~48~3 22~48~4 22~48~5 23~51~10 23~51~11 23~51~12 23~51~13 23~51~14 34~39~1 34~39~2 34~39~3 34~51~1 34~51~2 36~39~3 36~39~4 36~39~5 36~39~6 39 39~54~1 39~54~2 39~54~3 39~54~4 41~48~10 41~48~11 41~48~12 41~48~5 41~48~6 41~48~7 41~48~8 41~48~9 42 42~45~1 42~45~2 42~45~3 51,78,,1,2,1
lin-lin03-regiao-f4,54,5.0,5,10~31~2 11~21~1 13 22~45~2 22~45~7,4,"1,1,1,2",0,11 11~21~2 11~44~1 11~44~2 11~44~3 11~44~4 11~44~5 11~44~6 11~44~7 17 17~20~1 17~20~2 17~20~3 17~20~4 17~20~5 17~20~6 17~51~1 17~51~2 17~52~1 17~52~2 17~52~3 17~52~4 17~52~5 17~52~6 21 21~42~1 21~42~2 21~42~3 21~42~4 21~42~5 21~42~6 21~42~7 22 22~45~1 22~45~3 22~45~4 22~45~5 22~45~6 22~45~8 22~45~9 22~48~1 22~48~2 22~48~3 22~48~4 22~48~5 23~51~10 23~51~11 23~51~12 23~51~13 23~51~14 27~54~3 27~54~4 27~54~5 27~54~6 34~39~1 34~39~2 34~39~3 34~51~1 34~51~2 36~39~3 36~39~4 36~39~5 36~39~6 39 39~54~1 39~54~2 39~54~3 39~54~4 39~54~5 39~54~6 41~48~10 41~48~11 41~48~12 41~48~5 41~48~6 41~48~7 41~48~8 41~48~9 42 42~45~1 42~45~2 42~45~3 42~45~4 42~45~5 42~45~6 45 51 54,88,,1,2,1
lin-lin03-regiao-f4,55,5.0,5,10~31~2 11~21~1 13 22~45~2 22~45~8,4,"1,1,1,2",0,11 11~21~2 11~44~1 11~44~2 11~44~3 11~44~4 11~44~5 11~44~6 11~44~7 17 17~20~1 17~20~2 17~20~3 17~20~4 17~20~5 17~20~6 17~51~1 17~51~2 17~52~1 17~52~2 17~52~3 17~52~4 17~52~5 17~52~6 21 21~42~1 21~42~2 21~42~3 21~42~4 21~42~5 21~42~6 21~42~7 22 22~45~1 22~45~3 22~45~4 22~45~5 22~45~6 22~45~7 22~45~9 22~48~1 22~48~2 22~48~3 22~48~4 22~48~5 23~51~10 23~51~11 23~51~12 23~51~13 23~51~14 27~54~2 27~54~3 27~54~4 27~54~5 27~54~6 34~39~1 34~39~2 34~39~3 34~51~1 34~51~2 36~39~3 36~39~4 36~39~5 36~39~6 39 39~54~1 39~54~2 39~54~3 39~54~4 39~54~5 39~54~6 41~48~10 41~48~11 41~48~12 41~48~5 41~48~6 41~48~7 41~48~8 41~48~9 42 42~45~1 42~45~2 42~45~3 42~45~4 42~45~5 42~45~6 45 51 54,89,,1,2,1
lin-lin03-regiao-f4,56,5.0,5,10~31~2 11~21~1 13 22~45~2 45,4,"1,1,1,2",0,11 11~21~2 11~44~1 11~44~2 11~44~3 11~44~4 11~44~5 11~44~6 11~44~7 17 17~20~1 17~20~2 17~20~3 17~20~4 17~20~5 17~20~6 17~51~1 17~51~2 17~52~1 17~52~2 17~52~3 17~52~4 17~52~5 17~52~6 21 21~42~1 21~42~2 21~42~3 21~42~4 21~42~5 21~42~6 21~42~7 22 22~45~1 22~45~3 22~45~4 22~45~5 22~45~6 22~45~7 22~45~8 22~45~9 22~48~1 22~48~2 22~48~3 22~48~4 22~48~5 23~51~10 23~51~11 23~51~12 23~51~13 23~51~14 27 27~54~1 27~54~2 27~54~3 27~54~4 27~54~5 27~54~6 34~39~1 34~39~2 34~39~3 34~51~1 34~51~2 36~39~3 36~39~4 36~39~5 36~39~6 39 39~54~1 39~54~2 39~54~3 39~54~4 39~54~5 39~54~6 41~48~10 41~48~11 41~48~12 41~48~5 41~48~6 41~48~7 41~48~8 41~48~9 42 42~45~1 42~45~2 42~45~3 42~45~4 42~45~5 42~45~6 51 54,91,,1,2,1
lin-lin03-regiao-f4,57,5.0,5,10~49~3 11~21~1 13~18~1 22~45~9 22~48~1,5,"1,1,1,1,1",0,11 11~21~2 11~44~1 11~44~2 11~44~3 11~44~4 11~44~5 11~44~6 11~44~7 17 17~20~1 17~20~2 17~20~3 17~20~4 17~20~5 17~20~6 17~51~1 17~51~2 17~52~1 17~52~2 17~52~3 17~52~4 17~52~5 17~52~6 21 21~42~1 21~42~2 21~42~3 21~42~4 21~42~5 21~42~6 21~42~7 22 22~45~1 22~45~2 22~45~3 22~45~4 22~45~5 22~45~6 22~45~7 22~48~2 22~48~3 22~48~4 22~48~5 23~51~10 23~51~11 23~51~12 23~51~13 23~51~14 34~39~1 34~39~2 34~39~3 34~51~1 34~51~2 36~39~3 36~39~4 36~39~5 36~39~6 39 39~54~1 39~54~2 39~54~3 39~54~4 41~48~10 41~48~11 41~48~12 41~48~5 41~48~6 41~48~7 41~48~8 41~48~9 42 42~45~1 42~45~2 42~45~3 51,76,,1,2,1
lin-lin03-regiao-f4,58,5.0,5,10~49~3 11~21~1 13 22 22~45~9,5,"1,1,1,1,1",0,11 11~21~2 11~44~1 11~44~2 11~44~3 11~44~4 11~44~5 11~44~6 11~44~7 17 17~20~1 17~20~2 17~20~3 17~20~4 17~20~5 17~20~6 17~51~1 17~51~2 17~52~1 17~52~2 17~52~3 17~52~4 17~52~5 17~52~6 21 21~42~1 21~42~2 21~42~3 21~42~4 21~42~5 21~42~6 21~42~7 22~45~1 22~45~2 22~45~3 22~45~4 22~45~5 22~45~6 22~45~7 22~45~8 22~48~1 22~48~2 22~48~3 22~48~4 22~48~5 23~51~10 23~51~11 23~51~12 23~51~13 23~51~14 34~39~1 34~39~2 34~39~3 34~51~1 34~51~2 36~39~3 36~39~4 36~39~5 36~39~6 39 39~54~1 39~54~2 39~54~3 39~54~4 41~48~10 41~48~11 41~48~12 41~48~5 41~48~6 41~48~7 41~48~8 41~48~9 42 42~45~1 42~45~2 42~45~3 51,77,,1,2,1
lin-lin03-regiao-f4,59,5.0,5,10~49~3 11~21~1 13~18~1 22 22~45~9,5,"1,1,1,1,1",0,11 11~21~2 11~44~1 11~44~2 11~44~3 11~44~4 11~44~5 11~44~6 11~44~7 17 17~20~1 17~20~2 17~20~3 17~20~4 17~20~5 17~20~6 17~51~1 17~51~2 17~52~1 17~52~2 17~52~3 17~52~4 17~52~5 17~52~6 21 21~42~1 21~42~2 21~42~3 21~42~4 21~42~5 21~42~6 21~42~7 22~45~1 22~45~2 22~45~3 22~45~4 22~45~5 22~45~6 22~45~7 22~45~8 22~48~1 22~48~2 22~48~3 22~48~4 22~48~5 23~51~10 23~51~11 23~51~12 23~51~13 23~51~14 34~39~1 34~39~2 34~39~3 34~51~1 34~51~2 36~39~3 36~39~4 36~39~5 36~39~6 39 39~54~1 39~54~2 39~54~3 39~54~4 41~48~10 41~48~11 41~48~12 41~48~5 41~48~6 41~48~7 41~48~8 41~48~9 42 42~45~1 42~45~2 42~45~3 51,77,,1,2,1
lin-lin03-regiao-f4,60,5.0,5,10~49~3 11~21~1 13 22~45~1 22~45~9,4,"1,1,1,2",0,11 11~21~2 11~44~1 11~44~2 11~44~3 11~44~4 11~44~5 11~44~6 11~44~7 17 17~20~1 17~20~2 17~20~3 17~20~4 17~20~5 17~20~6 17~51~1 17~51~2 17~52~1 17~52~2 17~52~3 17~52~4 17~52~5 17~52~6 21 21~42~1 21~42~2 21~42~3 21~42~4 21~42~5 21~42~6 21~42~7 22 22~45~2 22~45~3 22~45~4 22~45~5 22~45~6 22~45~7 22~45~8 22~48~1 22~48~2 22~48~3 22~48~4 22~48~5 23~51~10 23~51~11 23~51~12 23~51~13 23~51~14 27~54~1 27~54~2 27~54~3 27~54~4 27~54~5 27~54~6 34~39~1 34~39~2 34~39~3 34~51~1 34~51~2 36~39~3 36~39~4 36~39~5 36~39~6 39 39~54~1 39~54~2 39~54~3 39~54~4 39~54~5 39~54~6 41~48~10 41~48~11 41~48~12 41~48~5 41~48~6 41~48~7 41~48~8 41~48~9 42 42~45~1 42~45~2 42~45~3 42~45~4 42~45~5 42~45~6 45 51 54,90,,1,2,1
lin-lin03-regiao-f4,61,5.0,5,10~49~3 11~21~1 13 22 22~45~6,4,"1,1,1,2",0,11 11~21~2 11~44~1 11~44~2 11~44~3 11~44~4 11~44~5 11~44~6 11~44~7 17 17~20~1 17~20~2 17~20~3 17~20~4 17~20~5 17~20~6 17~51~1 17~51~2 17~52~1 17~52~2 17~52~3 17~52~4 17~52~5 17~52~6 21 21~42~1 21~42~2 21~42~3 21~42~4 21~42~5 21~42~6 21~42~7 22~45~1 22~45~2 22~45~3 22~45~4 22~45~5 22~45~7 22~45~8 22~45~9 22~48~1 22~48~2 22~48~3 22~48~4 22~48~5 23~51~10 23~51~11 23~51~12 23~51~13 23~51~14 27~54~4 27~54~5 27~54~6 34~39~1 34~39~2 34~39~3 34~51~1 34~51~2 36~39~3 36~39~4 36~39~5 36~39~6 39 39~54~1 39~54~2 39~54~3 39~54~4 39~54~5 39~54~6 41~48~10 41~48~11 41~48~12 41~48~5 41~48~6 41~48~7 41~48~8 41~48~9 42 42~45~1 42~45~2 42~45~3 42~45~4 42~45~5 42~45~6 45 51 54,87,,1,2,1
lin-lin03-regiao-f4,62,5.0,5,10~49~3 11~21~1 13 22~45~1 22~45~6,4,"1,1,1,2",0,11 11~21~2 11~44~1 11~44~2 11~44~3 11~44~4 11~44~5 11~44~6 11~44~7 17 17~20~1 17~20~2 17~20~3 17~20~4 17~20~5 17~20~6 17~51~1 17~51~2 17~52~1 17~52~2 17~52~3 17~52~4 17~52~5 17~52~6 21 21~42~1 21~42~2 21~42~3 21~42~4 21~42~5 21~42~6 21~42~7 22 22~45~2 22~45~3 22~45~4 22~45~5 22~45~7 22~45~8 22~45~9 22~48~1 22~48~2 22~48~3 22~48~4 22~48~5 23~51~10 23~51~11 23~51~12 23~51~13 23~51~14 27~54~4 27~54~5 27~54~6 34~39~1 34~39~2 34~39~3 34~51~1 34~51~2 36~39~3 36~39~4 36~39~5 36~39~6 39 39~54~1 39~54~2 39~54~3 39~54~4 39~54~5 39~54~6 41~48~10 41~48~11 41~48~12 41~48~5 41~48~6 41~48~7 41~48~8 41~48~9 42 42~45~1 42~45~2 42~45~3 42~45~4 42~45~5 42~45~6 45 51 54,87,,1,2,1
lin-lin03-regiao-f4,63,5.0,5,10~49~3 11~21~1 13 22~45~1 22~45~7,4,"1,1,1,2",0,11 11~21~2 11~44~1 11~44~2 11~44~3 11~44~4 11~44~5 11~44~6 11~44~7 17 17~20~1 17~20~2 17~20~3 17~20~4 17~20~5 17~20~6 17~51~1 17~51~2 17~52~1 17~52~2 17~52~3 17~52~4 17~52~5 17~52~6 21 21~42~1 21~42~2 21~42~3 21~42~4 21~42~5 21~42~6 21~42~7 22 22~45~2 22~45~3 22~45~4 22~45~5 22~45~6 22~45~8 22~45~9 22~48~1 22~48~2 22~48~3 22~48~4 22~48~5 23~51~10 23~51~11 23~51~12 23~51~13 23~51~14 27~54~3 27~54~4 27~54~5 27~54~6 34~39~1 34~39~2 34~39~3 34~51~1 34~51~2 36~39~3 36~39~4 36~39~5 36~39~6 39 39~54~1 39~54~2 39~54~3 39~54~4 39~54~5 39~54~6 41~48~10 41~48~11 41~48~12 41~48~5 41~48~6 41~48~7 41~48~8 41~48~9 42 42~45~1 42~45~2 42~45~3 42~45~4 42~45~5 42~45~6 45 51 54,88,,1,2,1
lin-lin03-regiao-f4,64,5.0,5,10~49~3 11~21~1 13 22~45~2 22~45~9,4,"1,1,1,2",0,11 11~21~2 11~44~1 11~44~2 11~44~3 11~44~4 11~44~5 11~44~6 11~44~7 17 17~20~1 17~20~2 17~20~3 17~20~4 17~20~5 17~20~6 17~51~1 17~51~2 17~52~1 17~52~2 17~52~3 17~52~4 17~52~5 17~52~6 21 21~42~1 21~42~2 21~42~3 21~42~4 21~42~5 21~42~6 21~42~7 22 22~45~1 22~45~3 22~45~4 22~45~5 22~45~6 22~45~7 22~45~8 22~48~1 22~48~2 22~48~3 22~48~4 22~48~5 23~51~10 23~51~11 23~51~12 23~51~13 23~51~14 27~54~1 27~54~2 27~54~3 27~54~4 27~54~5 27~54~6 34~39~1 34~39~2 34~39~3 34~51~1 34~51~2 36~39~3 36~39~4 36~39~5 36~39~6 39 39~54~1 39~54~2 39~54~3 39~54~4 39~54~5 39~54~6 41~48~10 41~48~11 41~48~12 41~48~5 41~48~6 41~48~7 41~48~8 41~48~9 42 42~45~1 42~45~2 42~45~3 42~45~4 42~45~5 42~45~6 45 51 54,90,,1,2,1
lin-lin03-regiao-f4,65,5.0,5,10~49~3 11~21~1 13 22~45~1 22~45~8,4,"1,1,1,2",0,11 11~21~2 11~44~1 11~44~2 11~44~3 11~44~4 11~44~5 11~44~6 11~44~7 17 17~20~1 17~20~2 17~20~3 17~20~4 17~20~5 17~20~6 17~51~1 17~51~2 17~52~1 17~52~2 17~52~3 17~52~4 17~52~5 17~52~6 21 21~42~1 21~42~2 21~42~3 21~42~4 21~42~5 21~42~6 21~42~7 22 22~45~2 22~45~3 22~45~4 22~45~5 22~45~6 22~45~7 22~45~9 22~48~1 22~48~2 22~48~3 22~48~4 22~48~5 23~51~10 23~51~11 23~51~12 23~51~13 23~51~14 27~54~2 27~54~3 27~54~4 27~54~5 27~54~6 34~39~1 34~39~2 34~39~3 34~51~1 34~51~2 36~39~3 36~39~4 36~39~5 36~39~6 39 39~54~1 39~54~2 39~54~3 39~54~4 39~54~5 39~54~6 41~48~10 41~48~11 41~48~12 41~48~5 41~48~6 41~48~7 41~48~8 41~48~9 42 42~45~1 42~45~2 42~45~3 42~45~4 42~45~5 42~45~6 45 51 54,89,,1,2,1
lin-lin03-regiao-f4,66,5.0,5,10~49~3 11~21~1 13 22~45~1 45,5,"1,1,1,1,1",0,11 11~21~2 11~44~1 11~44~2 11~44~3 11~44~4 11~44~5 11~44~6 11~44~7 17 17~20~1 17~20~2 17~20~3 17~20~4 17~20~5 17~20~6 17~51~1 17~51~2 17~52~1 17~52~2 17~52~3 17~52~4 17~52~5 17~52~6 21 21~42~1 21~42~2 21~42~3 21~42~4 21~42~5 21~42~6 21~42~7 22 22~45~2 22~45~3 22~45~4 22~45~5 22~45~6 22~45~7 22~45~8 22~45~9 22~48~1 22~48~2 22~48~3 22~48~4 22~48~5 23~51~10 23~51~11 23~51~12 23~51~13 23~51~14 34~39~1 34~39~2 34~39~3 34~51~1 34~51~2 36~39~3 36~39~4 36~39~5 36~39~6 39 39~54~1 39~54~2 39~54~3 39~54~4 41~48~10 41~48~11 41~48~12 41~48~5 41~48~6 41~48~7 41~48~8 41~48~9 42 42~45~1 42~45~2 42~45~3 51,78,,1,2,1
lin-lin03-regiao-f4,67,5.0,5,11 13 19~49~4 22~45~9 22~48~1,5,"1,1,1,1,1",0,11~21~1 11~21~2 11~44~1 11~44~2 11~44~3 11~44~4 11~44~5 11~44~6 11~44~7 11~44~8 17 17~20~1 17~20~2 17~20~3 17~20~4 17~20~5 17~20~6 17~20~7 17~51~1 17~51~2 17~52~1 17~52~2 17~52~3 17~52~4 17~52~5 17~52~6 17~52~7 21 21~42~1 21~42~2 21~42~3 21~42~4 21~42~5 21~42~6 21~42~7 22 22~45~1 22~45~2 22~45~3 22~45~4 22~45~5 22~45~6 22~45~7 22~48~2 22~48~3 22~48~4 22~48~5 23~51~10 23~51~11 23~51~12 23~51~13 23~51~14 34~39~1 34~39~2 34~39~3 34~51~1 34~51~2 36~39~3 36~39~4 36~39~5 36~39~6 39 39~54~1 39~54~2 39~54~3 39~54~4 41~48~10 41~48~11 41~48~12 41~48~5 41~48~6 41~48~7 41~48~8 41~48~9 42 42~45~1 42~45~2 42~45~3 51,79,,1,2,1
lin-lin03-regiao-f4,68,5.0,5,11 13~18~1 19~49~4 22~45~9 22~48~1,5,"1,1,1,1,1",0,11~21~1 11~21~2 11~44~1 11~44~2 11~44~3 11~44~4 11~44~5 11~44~6 11~44~7 11~44~8 17 17~20~1 17~20~2 17~20~3 17~20~4 17~20~5 17~20~6 17~20~7 17~51~1 17~51~2 17~52~1 17~52~2 17~52~3 17~52~4 17~52~5 17~52~6 17~52~7 21 21~42~1 21~42~2 21~42~3 21~42~4 21~42~5 21~42~6 21~42~7 22 22~45~1 22~45~2 22~45~3 22~45~4 22~45~5 22~45~6 22~45~7 22~48~2 22~48~3 22~48~4 22~48~5 23~51~10 23~51~11 23~51~12 23~51~13 23~51~14 34~39~1 34~39~2 34~39~3 34~51~1 34~51~2 36~39~3 36~39~4 36~39~5 36~39~6 39 39~54~1 39~54~2 39~54~3 39~54~4 41~48~10 41~48~11 41~48~12 41~48~5 41~48~6 41~48~7 41~48~8 41~48~9 42 42~45~1 42~45~2 42~45~3 51,79,,1,2,1
lin-lin03-regiao-f4,69,5.0,5,11 13 19~49~3 22~45~9 22~48~1,5,"1,1,1,1,1",0,11~21~1 11~21~2 11~44~1 11~44~2 11~44~3 11~44~4 11~44~5 11~44~6 11~44~7 11~44~8 17 17~20~1 17~20~2 17~20~3 17~20~4 17~20~5 17~20~6 17~20~7 17~51~1 17~51~2 17~52~1 17~52~2 17~52~3 17~52~4 17~52~5 17~52~6 17~52~7 21 21~42~1 21~42~2 21~42~3 21~42~4 21~42~5 21~42~6 21~42~7 22 22~45~1 22~45~2 22~45~3 22~45~4 22~45~5 22~45~6 22~45~7 22~48~2 22~48~3 22~48~4 22~48~5 23~51~10 23~51~11 23~51~12 23~51~13 23~51~14 34~39~1 34~39~2 34~39~3 34~51~1 34~51~2 36~39~3 36~39~4 36~39~5 36~39~6 39 39~54~1 39~54~2 39~54~3 39~54~4 41~48~10 41~48~11 41~48~12 41~48~5 41~48~6 41~48~7 41~48~8 41~48~9 42 42~45~1 42~45~2 42~45~3 51,79,,1,2,1
lin-lin03-regiao-f4,70,5.0,5,11 13~18~1 19~49~3 22~45~9 22~48~1,5,"1,1,1,1,1",0,11~21~1 11~21~2 11~44~1 11~44~2 11~44~3 11~44~4 11~44~5 11~44~6 11~44~7 11~44~8 17 17~20~1 17~20~2 17~20~3 17~20~4 17~20~5 17~20~6 17~20~7 17~51~1 17~51~2 17~52~1 17~52~2 17~52~3 17~52~4 17~52~5 17~52~6 17~52~7 21 21~42~1 21~42~2 21~42~3 21~42~4 21~42~5 21~42~6 21~42~7 22 22~45~1 22~45~2 22~45~3 22~45~4 22~45~5 22~45~6 22~45~7 22~48~2 22~48~3 22~48~4 22~48~5 23~51~10 23~51~11 23~51~12 23~51~13 23~51~14 34~39~1 34~39~2 34~39~3 34~51~1 34~51~2 36~39~3 36~39~4 36~39~5 36~39~6 39 39~54~1 39~54~2 39~54~3 39~54~4 41~48~10 41~48~11 41~48~12 41~48~5 41~48~6 41~48~7 41~48~8 41~48~9 42 42~45~1 42~45~2 42~45~3 51,79,,1,2,1
lin-lin03-regiao-f4,71,5.0,5,11 13 19~49~3 22 22~45~9,5,"1,1,1,1,1",0,11~21~1 11~21~2 11~44~1 11~44~2 11~44~3 11~44~4 11~44~5 11~44~6 11~44~7 11~44~8 17 17~20~1 17~20~2 17~20~3 17~20~4 17~20~5 17~20~6 17~20~7 17~51~1 17~51~2 17~52~1 17~52~2 17~52~3 17~52~4 17~52~5 17~52~6 17~52~7 21 21~42~1 21~42~2 21~42~3 21~42~4 21~42~5 21~42~6 21~42~7 22~45~1 22~45~2 22~45~3 22~45~4 22~45~5 22~45~6 22~45~7 22~45~8 22~48~1 22~48~2 22~48~3 22~48~4 22~48~5 23~51~10 23~51~11 23~51~12 23~51~13 23~51~14 34~39~1 34~39~2 34~39~3 34~51~1 34~51~2 36~39~3 36~39~4 36~39~5 36~39~6 39 39~54~1 39~54~2 39~54~3 39~54~4 41~48~10 41~48~11 41~48~12 41~48~5 41~48~6 41~48~7 41~48~8 41~48~9 42 42~45~1 42~45~2 42~45~3 51,80,,1,2,1
lin-lin03-regiao-f4,72,5.0,5,11 13~18~1 19~49~3 22 22~45~9,5,"1,1,1,1,1",0,11~21~1 11~21~2 11~44~1 11~44~2 11~44~3 11~44~4 11~44~5 11~44~6 11~44~7 11~44~8 17 17~20~1 17~20~2 17~20~3 17~20~4 17~20~5 17~20~6 17~20~7 17~51~1 17~51~2 17~52~1 17~52~2 17~52~3 17~52~4 17~52~5 17~52~6 17~52~7 21 21~42~1 21~42~2 21~42~3 21~42~4 21~42~5 21~42~6 21~42~7 22~45~1 22~45~2 22~45~3 22~45~4 22~45~5 22~45~6 22~45~7 22~45~8 22~48~1 22~48~2 22~48~3 22~48~4 22~48~5 23~51~10 23~51~11 23~51~12 23~51~13 23~51~14 34~39~1 34~39~2 34~39~3 34~51~1 34~51~2 36~39~3 36~39~4 36~39~5 36~39~6 39 39~54~1 39~54~2 39~54~3 39~54~4 41~48~10 41~48~11 41~48~12 41~48~5 41~48~6 41~48~7 41~48~8 41~48~9 42 42~45~1 42~45~2 42~45~3 51,80,,1,2,1
lin-lin03-regiao-f4,73,5.0,5,11~21~1 13~18~1 19~49~3 22~48~2 45,5,"1,1,1,1,1",0,11 11~21~2 11~44~1 11~44~2 11~44~3 11~44~4 11~44~5 11~44~6 11~44~7 17 17~20~1 17~20~2 17~20~3 17~20~4 17~20~5 17~20~6 17~51~1 17~51~2 17~52~1 17~52~2 17~52~3 17~52~4 17~52~5 17~52~6 21 21~42~1 21~42~2 21~42~3 21~42~4 21~42~5 21~42~6 21~42~7 22 22~45~1 22~45~2 22~45~3 22~45~4 22~45~5 22~45~6 22~48~1 22~48~3 22~48~4 22~48~5 23~51~10 23~51~11 23~51~12 23~51~13 23~51~14 34~39~1 34~39~2 34~39~3 34~51~1 34~51~2 36~39~3 36~39~4 36~39~5 36~39~6 39 39~54~1 39~54~2 39~54~3 39~54~4 41~48~10 41~48~11 41~48~12 41~48~5 41~48~6 41~48~7 41~48~8 41~48~9 42 42~45~1 42~45~2 42~45~3 51,75,,1,2,1
lin-lin03-regiao-f4,74,5.0,5,11~21~1 13~18~1 19~49~3 22~45~9 22~48~2,5,"1,1,1,1,1",0,11 11~21~2 11~44~1 11~44~2 11~44~3 11~44~4 11~44~5 11~44~6 11~44~7 17 17~20~1 17~20~2 17~20~3 17~20~4 17~20~5 17~20~6 17~51~1 17~51~2 17~52~1 17~52~2 17~52~3 17~52~4 17~52~5 17~52~6 21 21~42~1 21~42~2 21~42~3 21~42~4 21~42~5 21~42~6 21~42~7 22 22~45~1 22~45~2 22~45~3 22~45~4 22~45~5 22~45~6 22~48~1 22~48~3 22~48~4 22~48~5 23~51~10 23~51~11 23~51~12 23~51~13 23~51~14 34~39~1 34~39~2 34~39~3 34~51~1 34~51~2 36~39~3 36~39~4 36~39~5 36~39~6 39 39~54~1 39~54~2 39~54~3 39~54~4 41~48~10 41~48~11 41~48~12 41~48~5 41~48~6 41~48~7 41~48~8 41~48~9 42 42~45~1 42~45~2 42~45~3 51,75,,1,2,1
lin-lin03-regiao-f4,75,5.0,5,11~21~1 13~18~1 19~49~3 22~45~8 22~48~2,5,"1,1,1,1,1",0,11 11~21~2 11~44~1 11~44~2 11~44~3 11~44~4 11~44~5 11~44~6 11~44~7 17 17~20~1 17~20~2 17~20~3 17~20~4 17~20~5 17~20~6 17~51~1 17~51~2 17~52~1 17~52~2 17~52~3 17~52~4 17~52~5 17~52~6 21 21~42~1 21~42~2 21~42~3 21~42~4 21~42~5 21~42~6 21~42~7 22 22~45~1 22~45~2 22~45~3 22~45~4 22~45~5 22~45~6 22~48~1 22~48~3 22~48~4 22~48~5 23~51~10 23~51~11 23~51~12 23~51~13 23~51~14 34~39~1 34~39~2 34~39~3 34~51~1 34~51~2 36~39~3 36~39~4 36~39~5 36~39~6 39 39~54~1 39~54~2 39~54~3 39~54~4 41~48~10 41~48~11 41~48~12 41~48~5 41~48~6 41~48~7 41~48~8 41~48~9 42 42~45~1 42~45~2 42~45~3 51,75,,1,2,1
lin-lin03-regiao-f4,76,5.0,5,10~49~3 11~44~1 13~38~1 22~45~9 22~48~1,5,"1,1,1,1,1",0,11 11~21~1 11~21~2 11~44~2 11~44~3 11~44~4 11~44~5 11~44~6 11~44~7 11~44~8 17 17~20~1 17~20~2 17~20~3 17~20~4 17~20~5 17~20~6 17~51~1 17~51~2 17~52~1 17~52~2 17~52~3 17~52~4 17~52~5 17~52~6 21 21~42~1 21~42~2 21~42~3 21~42~4 21~42~5 21~42~6 21~42~7 22 22~45~1 22~45~2 22~45~3 22~45~4 22~45~5 22~45~6 22~45~7 22~48~2 22~48~3 22~48~4 22~48~5 23~51~10 23~51~11 23~51~12 23~51~13 23~51~14 34~39~1 34~39~2 34~39~3 34~51~1 34~51~2 36~39~3 36~39~4 36~39~5 36~39~6 39 39~54~1 39~54~2 39~54~3 39~54~4 41~48~10 41~48~11 41~48~12 41~48~5 41~48~6 41~48~7 41~48~8 41~48~9 42 42~45~1 42~45~2 42~45~3 44 51,78,,1,2,1
lin-lin03-regiao-f4,77,5.0,5,10~49~3 13~38~1 22~45~9 22~48~1 51,5,"1,1,1,1,1",0,11 11~21~1 11~21~2 11~44~1 11~44~2 11~44~3 11~44~4 17 17~20~1 17~20~2 17~20~3 17~20~4 17~20~5 17~51~1 17~51~2 17~52~1 17~52~2 17~52~3 17~52~4 17~52~5 21 21~42~1 21~42~2 21~42~3 21~42~4 21~42~5 21~42~6 21~42~7 22 22~45~1 22~45~2 22~45~3 22~45~4 22~45~5 22~45~6 22~45~7 22~48~2 22~48~3 22~48~4 22~48~5 23~51~10 23~51~11 23~51~12 23~51~13 23~51~14 23~51~7 23~51~8 23~51~9 34~39~1 34~39~2 34~39~3 34~51~1 34~51~2 36~39~3 36~39~4 36~39~5 36~39~6 39 39~54~1 39~54~2 39~54~3 39~54~4 41~48~10 41~48~11 41~48~12 41~48~5 41~48~6 41~48~7 41~48~8 41~48~9 42 42~45~1 42~45~2 42~45~3,74,,1,2,1
lin-lin03-regiao-f4,78,5.0,5,10~49~3 13 22~45~9 22~48~1 51,5,"1,1,1,1,1",0,11 11~21~1 11~21~2 11~44~1 11~44~2 11~44~3 11~44~4 17 17~20~1 17~20~2 17~20~3 17~20~4 17~20~5 17~51~1 17~51~2 17~52~1 17~52~2 17~52~3 17~52~4 17~52~5 21 21~42~1 21~42~2 21~42~3 21~42~4 21~42~5 21~42~6 21~42~7 22 22~45~1 22~45~2 22~45~3 22~45~4 22~45~5 22~45~6 22~45~7 22~48~2 22~48~3 22~48~4 22~48~5 23~51~10 23~51~11 23~51~12 23~51~13 23~51~14 23~51~7 23~51~8 23~51~9 34~39~1 34~39~2 34~39~3 34~51~1 34~51~2 36~39~3 36~39~4 36~39~5 36~39~6 39 39~54~1 39~54~2 39~54~3 39~54~4 41~48~10 41~48~11 41~48~12 41~48~5 41~48~6 41~48~7 41~48~8 41~48~9 42 42~45~1 42~45~2 42~45~3,74,,1,2,1
lin-lin03-regiao-f4,79,5.0,5,10~49~3 11~44~1 13 22~45~9 22~48~1,5,"1,1,1,1,1",0,11 11~21~1 11~21~2 11~44~2 11~44~3 11~44~4 11~44~5 11~44~6 11~44~7 11~44~8 17 17~20~1 17~20~2 17~20~3 17~20~4 17~20~5 17~20~6 17~51~1 17~51~2 17~52~1 17~52~2 17~52~3 17~52~4 17~52~5 17~52~6 21 21~42~1 21~42~2 21~42~3 21~42~4 21~42~5 21~42~6 21~42~7 22 22~45~1 22~45~2 22~45~3 22~45~4 22~45~5 22~45~6 22~45~7 22~48~2 22~48~3 22~48~4 22~48~5 23~51~10 23~51~11 23~51~12 23~51~13 23~51~14 34~39~1 34~39~2 34~39~3 34~51~1 34~51~2 36~39~3 36~39~4 36~39~5 36~39~6 39 39~54~1 39~54~2 39~54~3 39~54~4 41~48~10 41~48~11 41~48~12 41~48~5 41~48~6 41~48~7 41~48~8 41~48~9 42 42~45~1 42~45~2 42~45~3 44 51,78,,1,2,1
lin-lin03-regiao-f4,80,5.0,5,10~49~3 13 17 22~45~9 22~48~1,5,"1,1,1,1,1",0,11 11~21~1 11~21~2 11~44~1 11~44~2 11~44~3 11~44~4 11~44~5 11~44~6 11~44~7 17~20~1 17~20~2 17~20~3 17~20~4 17~20~5 17~20~6 17~20~7 17~20~8 17~51~1 17~51~2 17~52~1 17~52~2 17~52~3 17~52~4 17~52~5 17~52~6 17~52~7 17~52~8 21 21~42~1 21~42~2 21~42~3 21~42~4 21~42~5 21~42~6 21~42~7 22 22~45~1 22~45~2 22~45~3 22~45~4 22~45~5 22~45~6 22~45~7 22~48~2 22~48~3 22~48~4 22~48~5 23~51~10 23~51~11 23~51~12 23~51~13 23~51~14 34~39~1 34~39~2 34~39~3 34~51~1 34~51~2 36~39~3 36~39~4 36~39~5 36~39~6 39 39~54~1 39~54~2 39~54~3 39~54~4 41~48~10 41~48~11 41~48~12 41~48~5 41~48~6 41~48~7 41~48~8 41~48~9 42 42~45~1 42~45~2 42~45~3 51,80,,1,2,1
lin-lin03-regiao-f4,81,5.0,5,10~49~3 11~44~1 13 22 22~45~9,5,"1,1,1,1,1",0,11 11~21~1 11~21~2 11~44~2 11~44~3 11~44~4 11~44~5 11~44~6 11~44~7 11~44~8 17 17~20~1 17~20~2 17~20~3 17~20~4 17~20~5 17~20~6 17~51~1 17~51~2 17~52~1 17~52~2 17~52~3 17~52~4 17~52~5 17~52~6 21 21~42~1 21~42~2 21~42~3 21~42~4 21~42~5 21~42~6 21~42~7 22~45~1 22~45~2 22~45~3 22~45~4 22~45~5 22~45~6 22~45~7 22~45~8 22~48~1 22~48~2 22~48~3 22~48~4 22~48~5 23~51~10 23~51~11 23~51~12 23~51~13 23~51~14 34~39~1 34~39~2 34~39~3 34~51~1 34~51~2 36~39~3 36~39~4 36~39~5 36~39~6 39 39~54~1 39~54~2 39~54~3 39~54~4 41~48~10 41~48~11 41~48~12 41~48~5 41~48~6 41~48~7 41~48~8 41~48~9 42 42~45~1 42~45~2 42~45~3 44 51,79,,1,2,1
lin-lin03-regiao-f4,82,5.0,5,10~49~3 13 17 22 22~45~9,5,"1,1,1,1,1",0,11 11~21~1 11~21~2 11~44~1 11~44~2 11~44~3 11~44~4 11~44~5 11~44~6 11~44~7 17~20~1 17~20~2 17~20~3 17~20~4 17~20~5 17~20~6 17~20~7 17~20~8 17~51~1 17~51~2 17~52~1 17~52~2 17~52~3 17~52~4 17~52~5 17~52~6 17~52~7 17~52~8 21 21~42~1 21~42~2 21~42~3 21~42~4 21~42~5 21~42~6 21~42~7 22~45~1 22~45~2 22~45~3 22~45~4 22~45~5 22~45~6 22~45~7 22~45~8 22~48~1 22~48~2 22~48~3 22~48~4 22~48~5 23~51~10 23~51~11 23~51~12 23~51~13 23~51~14 34~39~1 34~39~2 34~39~3 34~51~1 34~51~2 36~39~3 36~39~4 36~39~5 36~39~6 39 39~54~1 39~54~2 39~54~3 39~54~4 41~48~10 41~48~11 41~48~12 41~48~5 41~48~6 41~48~7 41~48~8 41~48~9 42 42~45~1 42~45~2 42~45~3 51,81,,1,2,1
lin-lin03-regiao-f4,83,5.0,5,10~49~3 13 17 22 22~45~6,4,"1,1,1,2",0,11 11~21~1 11~21~2 11~44~1 11~44~2 11~44~3 11~44~4 11~44~5 11~44~6 11~44~7 17~20~1 17~20~2 17~20~3 17~20~4 17~20~5 17~20~6 17~20~7 17~20~8 17~51~1 17~51~2 17~52~1 17~52~2 17~52~3 17~52~4 17~52~5 17~52~6 17~52~7 17~52~8 21 21~42~1 21~42~2 21~42~3 21~42~4 21~42~5 21~42~6 21~42~7 22~45~1 22~45~2 22~45~3 22~45~4 22~45~5 22~45~7 22~45~8 22~45~9 22~48~1 22~48~2 22~48~3 22~48~4 22~48~5 23~51~10 23~51~11 23~51~12 23~51~13 23~51~14 27~54~4 27~54~5 27~54~6 34~39~1 34~39~2 34~39~3 34~51~1 34~51~2 36~39~3 36~39~4 36~39~5 36~39~6 39 39~54~1 39~54~2 39~54~3 39~54~4 39~54~5 39~54~6 41~48~10 41~48~11 41~48~12 41~48~5 41~48~6 41~48~7 41~48~8 41~48~9 42 42~45~1 42~45~2 42~45~3 42~45~4 42~45~5 42~45~6 45 51 54,91,,1,2,1
lin-lin03-regiao-f4,84,5.0,5,10~49~3 13 17~20~1 22~45~9 22~48~1,5,"1,1,1,1,1",0,11 11~21~1 11~21~2 11~44~1 11~44~2 11~44~3 11~44~4 11~44~5 11~44~6 17 17~20~2 17~20~3 17~20~4 17~20~5 17~20~6 17~20~7 17~20~8 17~51~1 17~51~2 17~52~1 17~52~2 17~52~3 17~52~4 17~52~5 17~52~6 17~52~7 20 21 21~42~1 21~42~2 21~42~3 21~42~4 21~42~5 21~42~6 21~42~7 22 22~45~1 22~45~2 22~45~3 22~45~4 22~45~5 22~45~6 22~45~7 22~48~2 22~48~3 22~48~4 22~48~5 23~51~10 23~51~11 23~51~12 23~51~13 23~51~14 34~39~1 34~39~2 34~39~3 34~51~1 34~51~2 36~39~3 36~39~4 36~39~5 36~39~6 39 39~54~1 39~54~2 39~54~3 39~54~4 41~48~10 41~48~11 41~48~12 41~48~5 41~48~6 41~48~7 41~48~8 41~48~9 42 42~45~1 42~45~2 42~45~3 51,79,,1,2,1
lin-lin03-regiao-f4,85,5.0,5,10~49~3 13 17 22 22~45~7,4,"1,1,1,2",0,11 11~21~1 11~21~2 11~44~1 11~44~2 11~44~3 11~44~4 11~44~5 11~44~6 11~44~7 17~20~1 17~20~2 17~20~3 17~20~4 17~20~5 17~20~6 17~20~7 17~20~8 17~51~1 17~51~2 17~52~1 17~52~2 17~52~3 17~52~4 17~52~5 17~52~6 17~52~7 17~52~8 21 21~42~1 21~42~2 21~42~3 21~42~4 21~42~5 21~42~6 21~42~7 22~45~1 22~45~2 22~45~3 22~45~4 22~45~5 22~45~6 22~45~8 22~45~9 22~48~1 22~48~2 22~48~3 22~48~4 22~48~5 23~51~10 23~51~11 23~51~12 23~51~13 23~51~14 27~54~3 27~54~4 27~54~5 27~54~6 34~39~1 34~39~2 34~39~3 34~51~1 34~51~2 36~39~3 36~39~4 36~39~5 36~39~6 39 39~54~1 39~54~2 39~54~3 39~54~4 39~54~5 39~54~6 41~48~10 41~48~11 41~48~12 41~48~5 41~48~6 41~48~7 41~48~8 41~48~9 42 42~45~1 42~45~2 42~45~3 42~45~4 42~45~5 42~45~6 45 51 54,92,,1,2,1
lin-lin03-regiao-f4,86,5.0,5,10~49~3 13 17 22~45~1 22~45~9,4,"1,1,1,2",0,11 11~21~1 11~21~2 11~44~1 11~44~2 11~44~3 11~44~4 11~44~5 11~44~6 11~44~7 17~20~1 17~20~2 17~20~3 17~20~4 17~20~5 17~20~6 17~20~7 17~20~8 17~51~1 17~51~2 17~52~1 17~52~2 17~52~3 17~52~4 17~52~5 17~52~6 17~52~7 17~52~8 21 21~42~1 21~42~2 21~42~3 21~42~4 21~42~5 21~42~6 21~42~7 22 22~45~2 22~45~3 22~45~4 22~45~5 22~45~6 22~45~7 22~45~8 22~48~1 22~48~2 22~48~3 22~48~4 22~48~5 23~51~10 23~51~11 23~51~12 23~51~13 23~51~14 27~54~1 27~54~2 27~54~3 27~54~4 27~54~5 27~54~6 34~39~1 34~39~2 34~39~3 34~51~1 34~51~2 36~39~3 36~39~4 36~39~5 36~39~6 39 39~54~1 39~54~2 39~54~3 39~54~4 39~54~5 39~54~6 41~48~10 41~48~11 41~48~12 41~48~5 41~48~6 41~48~7 41~48~8 41~48~9 42 42~45~1 42~45~2 42~45~3 42~45~4 42~45~5 42~45~6 45 51 54,94,,1,2,1
lin-lin03-regiao-f4,87,5.0,5,10~49~3 13 17 22 22~45~8,4,"1,1,1,2",0,11 11~21~1 11~21~2 11~44~1 11~44~2 11~44~3 11~44~4 11~44~5 11~44~6 11~44~7 17~20~1 17~20~2 17~20~3 17~20~4 17~20~5 17~20~6 17~20~7 17~20~8 17~51~1 17~51~2 17~52~1 17~52~2 17~52~3 17~52~4 17~52~5 17~52~6 17~52~7 17~52~8 21 21~42~1 21~42~2 21~42~3 21~42~4 21~42~5 21~42~6 21~42~7 22~45~1 22~45~2 22~45~3 22~45~4 22~45~5 22~45~6 22~45~7 22~45~9 22~48~1 22~48~2 22~48~3 22~48~4 22~48~5 23~51~10 23~51~11 23~51~12 23~51~13 23~51~14 27~54~2 27~54~3 27~54~4 27~54~5 27~54~6 34~39~1 34~39~2 34~39~3 34~51~1 34~51~2 36~39~3 36~39~4 36~39~5 36~39~6 39 39~54~1 39~54~2 39~54~3 39~54~4 39~54~5 39~54~6 41~48~10 41~48~11 41~48~12 41~48~5 41~48~6 41~48~7 41~48~8 41~48~9 42 42~45~1 42~45~2 42~45~3 42~45~4 42~45~5 42~45~6 45 51 54,93,,1,2,1
lin-lin03-regiao-f4,88,5.0,5,10~49~3 13 17 22 45,5,"1,1,1,1,1",0,11 11~21~1 11~21~2 11~44~1 11~44~2 11~44~3 11~44~4 11~44~5 11~44~6 11~44~7 17~20~1 17~20~2 17~20~3 17~20~4 17~20~5 17~20~6 17~20~7 17~20~8 17~51~1 17~51~2 17~52~1 17~52~2 17~52~3 17~52~4 17~52~5 17~52~6 17~52~7 17~52~8 21 21~42~1 21~42~2 21~42~3 21~42~4 21~42~5 21~42~6 21~42~7 22~45~1 22~45~2 22~45~3 22~45~4 22~45~5 22~45~6 22~45~7 22~45~8 22~48~1 22~48~2 22~48~3 22~48~4 22~48~5 23~51~10 23~51~11 23~51~12 23~51~13 23~51~14 34~39~1 34~39~2 34~39~3 34~51~1 34~51~2 36~39~3 36~39~4 36~39~5 36~39~6 39 39~54~1 39~54~2 39~54~3 39~54~4 41~48~10 41~48~11 41~48~12 41~48~5 41~48~6 41~48~7 41~48~8 41~48~9 42 42~45~1 42~45~2 42~45~3 51,81,,1,2,1
lin-lin03-regiao-f4,89,5.0,5,10~49~3 11~21~1 13~18~1 22 22~45~6,4,"1,1,1,2",0,11 11~21~2 11~44~1 11~44~2 11~44~3 11~44~4 11~44~5 11~44~6 11~44~7 17 17~20~1 17~20~2 17~20~3 17~20~4 17~20~5 17~20~6 17~51~1 17~51~2 17~52~1 17~52~2 17~52~3 17~52~4 17~52~5 17~52~6 21 21~42~1 21~42~2 21~42~3 21~42~4 21~42~5 21~42~6 21~42~7 22~45~1 22~45~2 22~45~3 22~45~4 22~45~5 22~45~7 22~45~8 22~45~9 22~48~1 22~48~2 22~48~3 22~48~4 22~48~5 23~51~10 23~51~11 23~51~12 23~51~13 23~51~14 27~54~4 27~54~5 27~54~6 34~39~1 34~39~2 34~39~3 34~51~1 34~51~2 36~39~3 36~39~4 36~39~5 36~39~6 39 39~54~1 39~54~2 39~54~3 39~54~4 39~54~5 39~54~6 41~48~10 41~48~11 41~48~12 41~48~5 41~48~6 41~48~7 41~48~8 41~48~9 42 42~45~1 42~45~2 42~45~3 42~45~4 42~45~5 42~45~6 45 51 54,87,,1,2,1
lin-lin03-regiao-f4,90,5.0,5,10~49~3 11~21~1 13~18~1 22 22~45~7,4,"1,1,1,2",0,11 11~21~2 11~44~1 11~44~2 11~44~3 11~44~4 11~44~5 11~44~6 11~44~7 17 17~20~1 17~20~2 17~20~3 17~20~4 17~20~5 17~20~6 17~51~1 17~51~2 17~52~1 17~52~2 17~52~3 17~52~4 17~52~5 17~52~6 21 21~42~1 21~42~2 21~42~3 21~42~4 21~42~5 21~42~6 21~42~7 22~45~1 22~45~2 22~45~3 22~45~4 22~45~5 22~45~6 22~45~8 22~45~9 22~48~1 22~48~2 22~48~3 22~48~4 22~48~5 23~51~10 23~51~11 23~51~12 23~51~13 23~51~14 27~54~3 27~54~4 27~54~5 27~54~6 34~39~1 34~39~2 34~39~3 34~51~1 34~51~2 36~39~3 36~39~4 36~39~5 36~39~6 39 39~54~1 39~54~2 39~54~3 39~54~4 39~54~5 39~54~6 41~48~10 41~48~11 41~48~12 41~48~5 41~48~6 41~48~7 41~48~8 41~48~9 42 42~45~1 42~45~2 42~45~3 42~45~4 42~45~5 42~45~6 45 51 54,88,,1,2,1
lin-lin03-regiao-f4,91,5.0,5,10~49~3 11~21~1 13~18~1 22 22~45~8,4,"1,1,1,2",0,11 11~21~2 11~44~1 11~44~2 11~44~3 11~44~4 11~44~5 11~44~6 11~44~7 17 17~20~1 17~20~2 17~20~3 17~20~4 17~20~5 17~20~6 17~51~1 17~51~2 17~52~1 17~52~2 17~52~3 17~52~4 17~52~5 17~52~6 21 21~42~1 21~42~2 21~42~3 21~42~4 21~42~5 21~42~6 21~42~7 22~45~1 22~45~2 22~45~3 22~45~4 22~45~5 22~45~6 22~45~7 22~45~9 22~48~1 22~48~2 22~48~3 22~48~4 22~48~5 23~51~10 23~51~11 23~51~12 23~51~13 23~51~14 27~54~2 27~54~3 27~54~4 27~54~5 27~54~6 34~39~1 34~39~2 34~39~3 34~51~1 34~51~2 36~39~3 36~39~4 36~39~5 36~39~6 39 39~54~1 39~54~2 39~54~3 39~54~4 39~54~5 39~54~6 41~48~10 41~48~11 41~48~12 41~48~5 41~48~6 41~48~7 41~48~8 41~48~9 42 42~45~1 42~45~2 42~45~3 42~45~4 42~45~5 42~45~6 45 51 54,89,,1,2,1
lin-lin03-regiao-f4,92,5.0,5,10~49~3 11~21~1 13~18~1 22 45,5,"1,1,1,1,1",0,11 11~21~2 11~44~1 11~44~2 11~44~3 11~44~4 11~44~5 11~44~6 11~44~7 17 17~20~1 17~20~2 17~20~3 17~20~4 17~20~5 17~20~6 17~51~1 17~51~2 17~52~1 17~52~2 17~52~3 17~52~4 17~52~5 17~52~6 21 21~42~1 21~42~2 21~42~3 21~42~4 21~42~5 21~42~6 21~42~7 22~45~1 22~45~2 22~45~3 22~45~4 22~45~5 22~45~6 22~45~7 22~45~8 22~48~1 22~48~2 22~48~3 22~48~4 22~48~5 23~51~10 23~51~11 23~51~12 23~51~13 23~51~14 34~39~1 34~39~2 34~39~3 34~51~1 34~51~2 36~39~3 36~39~4 36~39~5 36~39~6 39 39~54~1 39~54~2 39~54~3 39~54~4 41~48~10 41~48~11 41~48~12 41~48~5 41~48~6 41~48~7 41~48~8 41~48~9 42 42~45~1 42~45~2 42~45~3 51,77,,1,2,1
lin-lin03-regiao-f4,93,5.0,5,10~49~3 13 17 22~45~1 45,5,"1,1,1,1,1",0,11 11~21~1 11~21~2 11~44~1 11~44~2 11~44~3 11~44~4 11~44~5 11~44~6 11~44~7 17~20~1 17~20~2 17~20~3 17~20~4 17~20~5 17~20~6 17~20~7 17~20~8 17~51~1 17~51~2 17~52~1 17~52~2 17~52~3 17~52~4 17~52~5 17~52~6 17~52~7 17~52~8 21 21~42~1 21~42~2 21~42~3 21~42~4 21~42~5 21~42~6 21~42~7 22 22~45~2 22~45~3 22~45~4 22~45~5 22~45~6 22~45~7 22~45~8 22~45~9 22~48~1 22~48~2 22~48~3 22~48~4 22~48~5 23~51~10 23~51~11 23~51~12 23~51~13 23~51~14 34~39~1 34~39~2 34~39~3 34~51~1 34~51~2 36~39~3 36~39~4 36~39~5 36~39~6 39 39~54~1 39~54~2 39~54~3 39~54~4 41~48~10 41~48~11 41~48~12 41~48~5 41~48~6 41~48~7 41~48~8 41~48~9 42 42~45~1 42~45~2 42~45~3 51,82,,1,2,1
lin-lin03-regiao-f4,94,5.0,5,10~49~3 13 17 22~45~1 22~45~8,4,"1,1,1,2",0,11 11~21~1 11~21~2 11~44~1 11~44~2 11~44~3 11~44~4 11~44~5 11~44~6 11~44~7 17~20~1 17~20~2 17~20~3 17~20~4 17~20~5 17~20~6 17~20~7 17~20~8 17~51~1 17~51~2 17~52~1 17~52~2 17~52~3 17~52~4 17~52~5 17~52~6 17~52~7 17~52~8 21 21~42~1 21~42~2 21~42~3 21~42~4 21~42~5 21~42~6 21~42~7 22 22~45~2 22~45~3 22~45~4 22~45~5 22~45~6 22~45~7 22~45~9 22~48~1 22~48~2 22~48~3 22~48~4 22~48~5 23~51~10 23~51~11 23~51~12 23~51~13 23~51~14 27~54~2 27~54~3 27~54~4 27~54~5 27~54~6 34~39~1 34~39~2 34~39~3 34~51~1 34~51~2 36~39~3 36~39~4 36~39~5 36~39~6 39 39~54~1 39~54~2 39~54~3 39~54~4 39~54~5 39~54~6 41~48~10 41~48~11 41~48~12 41~48~5 41~48~6 41~48~7 41~48~8 41~48~9 42 42~45~1 42~45~2 42~45~3 42~45~4 42~45~5 42~45~6 45 51 54,93,,1,2,1
lin-lin03-regiao-f4,95,5.0,5,10~49~3 13 17 22~45~1 22~45~7,4,"1,1,1,2",0,11 11~21~1 11~21~2 11~44~1 11~44~2 11~44~3 11~44~4 11~44~5 11~44~6 11~44~7 17~20~1 17~20~2 17~20~3 17~20~4 17~20~5 17~20~6 17~20~7 17~20~8 17~51~1 17~51~2 17~52~1 17~52~2 17~52~3 17~52~4 17~52~5 17~52~6 17~52~7 17~52~8 21 21~42~1 21~42~2 21~42~3 21~42~4 21~42~5 21~42~6 21~42~7 22 22~45~2 22~45~3 22~45~4 22~45~5 22~45~6 22~45~8 22~45~9 22~48~1 22~48~2 22~48~3 22~48~4 22~48~5 23~51~10 23~51~11 23~51~12 23~51~13 23~51~14 27~54~3 27~54~4 27~54~5 27~54~6 34~39~1 34~39~2 34~39~3 34~51~1 34~51~2 36~39~3 36~39~4 36~39~5 36~39~6 39 39~54~1 39~54~2 39~54~3 39~54~4 39~54~5 39~54~6 41~48~10 41~48~11 41~48~12 41~48~5 41~48~6 41~48~7 41~48~8 41~48~9 42 42~45~1 42~45~2 42~45~3 42~45~4 42~45~5 42~45~6 45 51 54,92,,1,2,1
lin-lin03-regiao-f4,96,5.0,5,10~49~3 13 17 22~48~1 45,5,"1,1,1,1,1",0,11 11~21~1 11~21~2 11~44~1 11~44~2 11~44~3 11~44~4 11~44~5 11~44~6 11~44~7 17~20~1 17~20~2 17~20~3 17~20~4 17~20~5 17~20~6 17~20~7 17~20~8 17~51~1 17~51~2 17~52~1 17~52~2 17~52~3 17~52~4 17~52~5 17~52~6 17~52~7 17~52~8 21 21~42~1 21~42~2 21~42~3 21~42~4 21~42~5 21~42~6 21~42~7 22 22~45~1 22~45~2 22~45~3 22~45~4 22~45~5 22~45~6 22~45~7 22~48~2 22~48~3 22~48~4 22~48~5 23~51~10 23~51~11 23~51~12 23~51~13 23~51~14 34~39~1 34~39~2 34~39~3 34~51~1 34~51~2 36~39~3 36~39~4 36~39~5 36~39~6 39 39~54~1 39~54~2 39~54~3 39~54~4 41~48~10 41~48~11 41~48~12 41~48~5 41~48~6 41~48~7 41~48~8 41~48~9 42 42~45~1 42~45~2 42~45~3 51,80,,1,2,1
lin-lin03-regiao-f4,97,5.0,5,10~49~3 13 17 22~48~2 45,5,"1,1,1,1,1",0,11 11~21~1 11~21~2 11~44~1 11~44~2 11~44~3 11~44~4 11~44~5 11~44~6 11~44~7 17~20~1 17~20~2 17~20~3 17~20~4 17~20~5 17~20~6 17~20~7 17~20~8 17~51~1 17~51~2 17~52~1 17~52~2 17~52~3 17~52~4 17~52~5 17~52~6 17~52~7 17~52~8 21 21~42~1 21~42~2 21~42~3 21~42~4 21~42~5 21~42~6 21~42~7 22 22~45~1 22~45~2 22~45~3 22~45~4 22~45~5 22~45~6 22~48~1 22~48~3 22~48~4 22~48~5 23~51~10 23~51~11 23~51~12 23~51~13 23~51~14 34~39~1 34~39~2 34~39~3 34~51~1 34~51~2 36~39~3 36~39~4 36~39~5 36~39~6 39 39~54~1 39~54~2 39~54~3 39~54~4 41~48~10 41~48~11 41~48~12 41~48~5 41~48~6 41~48~7 41~48~8 41~48~9 42 42~45~1 42~45~2 42~45~3 51,79,,1,2,1
lin-lin03-regiao-f4,98,5.0,5,10~49~3 13 17 22~45~9 22~48~2,5,"1,1,1,1,1",0,11 11~21~1 11~21~2 11~44~1 11~44~2 11~44~3 11~44~4 11~44~5 11~44~6 11~44~7 17~20~1 17~20~2 17~20~3 17~20~4 17~20~5 17~20~6 17~20~7 17~20~8 17~51~1 17~51~2 17~52~1 17~52~2 17~52~3 17~52~4 17~52~5 17~52~6 17~52~7 17~52~8 21 21~42~1 21~42~2 21~42~3 21~42~4 21~42~5 21~42~6 21~42~7 22 22~45~1 22~45~2 22~45~3 22~45~4 22~45~5 22~45~6 22~48~1 22~48~3 22~48~4 22~48~5 23~51~10 23~51~11 23~51~12 23~51~13 23~51~14 34~39~1 34~39~2 34~39~3 34~51~1 34~51~2 36~39~3 36~39~4 36~39~5 36~39~6 39 39~54~1 39~54~2 39~54~3 39~54~4 41~48~10 41~48~11 41~48~12 41~48~5 41~48~6 41~48~7 41~48~8 41~48~9 42 42~45~1 42~45~2 42~45~3 51,79,,1,2,1
lin-lin03-regiao-f4,99,5.0,5,10~49~3 13 17 22~45~8 22~48~1,5,"1,1,1,1,1",0,11 11~21~1 11~21~2 11~44~1 11~44~2 11~44~3 11~44~4 11~44~5 11~44~6 11~44~7 17~20~1 17~20~2 17~20~3 17~20~4 17~20~5 17~20~6 17~20~7 17~20~8 17~51~1 17~51~2 17~52~1 17~52~2 17~52~3 17~52~4 17~52~5 17~52~6 17~52~7 17~52~8 21 21~42~1 21~42~2 21~42~3 21~42~4 21~42~5 21~42~6 21~42~7 22 22~45~1 22~45~2 22~45~3 22~45~4 22~45~5 22~45~6 22~45~7 22~48~2 22~48~3 22~48~4 22~48~5 23~51~10 23~51~11 23~51~12 23~51~13 23~51~14 34~39~1 34~39~2 34~39~3 34~51~1 34~51~2 36~39~3 36~39~4 36~39~5 36~39~6 39 39~54~1 39~54~2 39~54~3 39~54~4 41~48~10 41~48~11 41~48~12 41~48~5 41~48~6 41~48~7 41~48~8 41~48~9 42 42~45~1 42~45~2 42~45~3 51,80,,1,2,1
lin-lin03-regiao-f4,100,5.0,5,10~49~3 13 17 22~45~8 22~48~2,5,"1,1,1,1,1",0,11 11~21~1 11~21~2 11~44~1 11~44~2 11~44~3 11~44~4 11~44~5 11~44~6 11~44~7 17~20~1 17~20~2 17~20~3 17~20~4 17~20~5 17~20~6 17~20~7 17~20~8 17~51~1 17~51~2 17~52~1 17~52~2 17~52~3 17~52~4 17~52~5 17~52~6 17~52~7 17~52~8 21 21~42~1 21~42~2 21~42~3 21~42~4 21~42~5 21~42~6 21~42~7 22 22~45~1 22~45~2 22~45~3 22~45~4 22~45~5 22~45~6 22~48~1 22~48~3 22~48~4 22~48~5 23~51~10 23~51~11 23~51~12 23~51~13 23~51~14 34~39~1 34~39~2 34~39~3 34~51~1 34~51~2 36~39~3 36~39~4 36~39~5 36~39~6 39 39~54~1 39~54~2 39~54~3 39~54~4 41~48~10 41~48~11 41~48~12 41~48~5 41~48~6 41~48~7 41~48~8 41~48~9 42 42~45~1 42~45~2 42~45~3 51,79,,1,2,1
lin-lin03-regiao-f4,101,5.0,5,10~49~3 13 17 22~45~1 22~45~6,4,"1,1,1,2",0,11 11~21~1 11~21~2 11~44~1 11~44~2 11~44~3 11~44~4 11~44~5 11~44~6 11~44~7 17~20~1 17~20~2 17~20~3 17~20~4 17~20~5 17~20~6 17~20~7 17~20~8 17~51~1 17~51~2 17~52~1 17~52~2 17~52~3 17~52~4 17~52~5 17~52~6 17~52~7 17~52~8 21 21~42~1 21~42~2 21~42~3 21~42~4 21~42~5 21~42~6 21~42~7 22 22~45~2 22~45~3 22~45~4 22~45~5 22~45~7 22~45~8 22~45~9 22~48~1 22~48~2 22~48~3 22~48~4 22~48~5 23~51~10 23~51~11 23~51~12 23~51~13 23~51~14 27~54~4 27~54~5 27~54~6 34~39~1 34~39~2 34~39~3 34~51~1 34~51~2 36~39~3 36~39~4 36~39~5 36~39~6 39 39~54~1 39~54~2 39~54~3 39~54~4 39~54~5 39~54~6 41~48~10 41~48~11 41~48~12 41~48~5 41~48~6 41~48~7 41~48~8 41~48~9 42 42~45~1 42~45~2 42~45~3 42~45~4 42~45~5 42~45~6 45 51 54,91,,1,2,1
lin-lin03-regiao-f4,102,5.0,5,10~49~3 13 17 22~45~7 22~48~1,4,"1,1,1,2",0,11 11~21~1 11~21~2 11~44~1 11~44~2 11~44~3 11~44~4 11~44~5 11~44~6 11~44~7 17~20~1 17~20~2 17~20~3 17~20~4 17~20~5 17~20~6 17~20~7 17~20~8 17~51~1 17~51~2 17~52~1 17~52~2 17~52~3 17~52~4 17~52~5 17~52~6 17~52~7 17~52~8 21 21~42~1 21~42~2 21~42~3 21~42~4 21~42~5 21~42~6 21~42~7 22 22~45~1 22~45~2 22~45~3 22~45~4 22~45~5 22~45~6 22~45~8 22~45~9 22~48~2 22~48~3 22~48~4 22~48~5 23~51~10 23~51~11 23~51~12 23~51~13 23~51~14 27~54~3 27~54~4 27~54~5 27~54~6 34~39~1 34~39~2 34~39~3 34~51~1 34~51~2 36~39~3 36~39~4 36~39~5 36~39~6 39 39~54~1 39~54~2 39~54~3 39~54~4 39~54~5 39~54~6 41~48~10 41~48~11 41~48~12 41~48~5 41~48~6 41~48~7 41~48~8 41~48~9 42 42~45~1 42~45~2 42~45~3 42~45~4 42~45~5 42~45~6 45 51 54,92,,1,2,1
lin-lin03-regiao-f4,103,5.0,5,10~49~3 13 17 22~45~7 22~48~2,5,"1,1,1,1,1",0,11 11~21~1 11~21~2 11~44~1 11~44~2 11~44~3 11~44~4 11~44~5 11~44~6 11~44~7 17~20~1 17~20~2 17~20~3 17~20~4 17~20~5 17~20~6 17~20~7 17~20~8 17~51~1 17~51~2 17~52~1 17~52~2 17~52~3 17~52~4 17~52~5 17~52~6 17~52~7 17~52~8 21 21~42~1 21~42~2 21~42~3 21~42~4 21~42~5 21~42~6 21~42~7 22 22~45~1 22~45~2 22~45~3 22~45~4 22~45~5 22~45~6 22~48~1 22~48~3 22~48~4 22~48~5 23~51~10 23~51~11 23~51~12 23~51~13 23~51~14 34~39~1 34~39~2 34~39~3 34~51~1 34~51~2 36~39~3 36~39~4 36~39~5 36~39~6 39 39~54~1 39~54~2 39~54~3 39~54~4 41~48~10 41~48~11 41~48~12 41~48~5 41~48~6 41~48~7 41~48~8 41~48~9 42 42~45~1 42~45~2 42~45~3 51,79,,1,2,1
lin-lin03-regiao-f4,104,5.0,5,10~49~3 13 17 22~45~6 22~48~1,4,"1,1,1,2",0,11 11~21~1 11~21~2 11~44~1 11~44~2 11~44~3 11~44~4 11~44~5 11~44~6 11~44~7 17~20~1 17~20~2 17~20~3 17~20~4 17~20~5 17~20~6 17~20~7 17~20~8 17~51~1 17~51~2 17~52~1 17~52~2 17~52~3 17~52~4 17~52~5 17~52~6 17~52~7 17~52~8 21 21~42~1 21~42~2 21~42~3 21~42~4 21~42~5 21~42~6 21~42~7 22 22~45~1 22~45~2 22~45~3 22~45~4 22~45~5 22~45~7 22~45~8 22~45~9 22~48~2 22~48~3 22~48~4 22~48~5 23~51~10 23~51~11 23~51~12 23~51~13 23~51~14 27~54~4 27~54~5 27~54~6 34~39~1 34~39~2 34~39~3 34~51~1 34~51~2 36~39~3 36~39~4 36~39~5 36~39~6 39 39~54~1 39~54~2 39~54~3 39~54~4 39~54~5 39~54~6 41~48~10 41~48~11 41~48~12 41~48~5 41~48~6 41~48~7 41~48~8 41~48~9 42 42~45~1 42~45~2 42~45~3 42~45~4 42~45~5 42~45~6 45 51 54,91,,1,2,1
lin-lin03-regiao-f4,105,5.0,5,10~49~3 13 17 22~45~6 22~48~2,4,"1,1,1,2",0,11 11~21~1 11~21~2 11~44~1 11~44~2 11~44~3 11~44~4 11~44~5 11~44~6 11~44~7 17~20~1 17~20~2 17~20~3 17~20~4 17~20~5 17~20~6 17~20~7 17~20~8 17~51~1 17~51~2 17~52~1 17~52~2 17~52~3 17~52~4 17~52~5 17~52~6 17~52~7 17~52~8 21 21~42~1 21~42~2 21~42~3 21~42~4 21~42~5 21~42~6 21~42~7 22 22~45~1 22~45~2 22~45~3 22~45~4 22~45~5 22~45~7 22~45~8 22~45~9 22~48~1 22~48~3 22~48~4 22~48~5 23~51~10 23~51~11 23~51~12 23~51~13 23~51~14 27~54~4 27~54~5 27~54~6 34~39~1 34~39~2 34~39~3 34~51~1 34~51~2 36~39~3 36~39~4 36~39~5 36~39~6 39 39~54~1 39~54~2 39~54~3 39~54~4 39~54~5 39~54~6 41~48~10 41~48~11 41~48~12 41~48~5 41~48~6 41~48~7 41~48~8 41~48~9 42 42~45~1 42~45~2 42~45~3 42~45~4 42~45~5 42~45~6 45 51 54,91,,1,2,1
lin-lin03-regiao-f4,106,5.0,5,10~49~3 13 17 22~45~2 22~45~9,4,"1,1,1,2",0,11 11~21~1 11~21~2 11~44~1 11~44~2 11~44~3 11~44~4 11~44~5 11~44~6 11~44~7 17~20~1 17~20~2 17~20~3 17~20~4 17~20~5 17~20~6 17~20~7 17~20~8 17~51~1 17~51~2 17~52~1 17~52~2 17~52~3 17~52~4 17~52~5 17~52~6 17~52~7 17~52~8 21 21~42~1 21~42~2 21~42~3 21~42~4 21~42~5 21~42~6 21~42~7 22 22~45~1 22~45~3 22~45~4 22~45~5 22~45~6 22~45~7 22~45~8 22~48~1 22~48~2 22~48~3 22~48~4 22~48~5 23~51~10 23~51~11 23~51~12 23~51~13 23~51~14 27~54~1 27~54~2 27~54~3 27~54~4 27~54~5 27~54~6 34~39~1 34~39~2 34~39~3 34~51~1 34~51~2 36~39~3 36~39~4 36~39~5 36~39~6 39 39~54~1 39~54~2 39~54~3 39~54~4 39~54~5 39~54~6 41~48~10 41~48~11 41~48~12 41~48~5 41~48~6 41~48~7 41~48~8 41~48~9 42 42~45~1 42~45~2 42~45~3 42~45~4 42~45~5 42~45~6 45 51 54,94,,1,2,1
lin-lin03-regiao-f4,107,5.0,5,10~49~3 13 17 22~45~2 22~45~6,4,"1,1,1,2",0,11 11~21~1 11~21~2 11~44~1 11~44~2 11~44~3 11~44~4 11~44~5 11~44~6 11~44~7 17~20~1 17~20~2 17~20~3 17~20~4 17~20~5 17~20~6 17~20~7 17~20~8 17~51~1 17~51~2 17~52~1 17~52~2 17~52~3 17~52~4 17~52~5 17~52~6 17~52~7 17~52~8 21 21~42~1 21~42~2 21~42~3 21~42~4 21~42~5 21~42~6 21~42~7 22 22~45~1 22~45~3 22~45~4 22~45~5 22~45~7 22~45~8 22~45~9 22~48~1 22~48~2 22~48~3 22~48~4 22~48~5 23~51~10 23~51~11 23~51~12 23~51~13 23~51~14 27~54~4 27~54~5 27~54~6 34~39~1 34~39~2 34~39~3 34~51~1 34~51~2 36~39~3 36~39~4 36~39~5 36~39~6 39 39~54~1 39~54~2 39~54~3 39~54~4 39~54~5 39~54~6 41~48~10 41~48~11 41~48~12 41~48~5 41~48~6 41~48~7 41~48~8 41~48~9 42 42~45~1 42~45~2 42~45~3 42~45~4 42~45~5 42~45~6 45 51 54,91,,1,2,1
lin-lin03-regiao-f4,108,5.0,5,10~49~3 13 17 22~45~2 22~45~7,4,"1,1,1,2",0,11 11~21~1 11~21~2 11~44~1 11~44~2 11~44~3 11~44~4 11~44~5 11~44~6 11~44~7 17~20~1 17~20~2 17~20~3 17~20~4 17~20~5 17~20~6 17~20~7 17~20~8 17~51~1 17~51~2 17~52~1 17~52~2 17~52~3 17~52~4 17~52~5 17~52~6 17~52~7 17~52~8 21 21~42~1 21~42~2 21~42~3 21~42~4 21~42~5 21~42~6 21~42~7 22 22~45~1 22~45~3 22~45~4 22~45~5 22~45~6 22~45~8 22~45~9 22~48~1 22~48~2 22~48~3 22~48~4 22~48~5 23~51~10 23~51~11 23~51~12 23~51~13 23~51~14 27~54~3 27~54~4 27~54~5 27~54~6 34~39~1 34~39~2 34~39~3 34~51~1 34~51~2 36~39~3 36~39~4 36~39~5 36~39~6 39 39~54~1 39~54~2 39~54~3 39~54~4 39~54~5 39~54~6 41~48~10 41~48~11 41~48~12 41~48~5 41~48~6 41~48~7 41~48~8 41~48~9 42 42~45~1 42~45~2 42~45~3 42~45~4 42~45~5 42~45~6 45 51 54,92,,1,2,1
lin-lin03-regiao-f4,109,5.0,5,10~49~3 13 17 22~45~2 22~45~8,4,"1,1,1,2",0,11 11~21~1 11~21~2 11~44~1 11~44~2 11~44~3 11~44~4 11~44~5 11~44~6 11~44~7 17~20~1 17~20~2 17~20~3 17~20~4 17~20~5 17~20~6 17~20~7 17~20~8 17~51~1 17~51~2 17~52~1 17~52~2 17~52~3 17~52~4 17~52~5 17~52~6 17~52~7 17~52~8 21 21~42~1 21~42~2 21~42~3 21~42~4 21~42~5 21~42~6 21~42~7 22 22~45~1 22~45~3 22~45~4 22~45~5 22~45~6 22~45~7 22~45~9 22~48~1 22~48~2 22~48~3 22~48~4 22~48~5 23~51~10 23~51~11 23~51~12 23~51~13 23~51~14 27~54~2 27~54~3 27~54~4 27~54~5 27~54~6 34~39~1 34~39~2 34~39~3 34~51~1 34~51~2 36~39~3 36~39~4 36~39~5 36~39~6 39 39~54~1 39~54~2 39~54~3 39~54~4 39~54~5 39~54~6 41~48~10 41~48~11 41~48~12 41~48~5 41~48~6 41~48~7 41~48~8 41~48~9 42 42~45~1 42~45~2 42~45~3 42~45~4 42~45~5 42~45~6 45 51 54,93,,1,2,1
lin-lin03-regiao-f4,110,5.0,5,10~49~3 13 17 22~45~2 45,4,"1,1,1,2",0,11 11~21~1 11~21~2 11~44~1 11~44~2 11~44~3 11~44~4 11~44~5 11~44~6 11~44~7 17~20~1 17~20~2 17~20~3 17~20~4 17~20~5 17~20~6 17~20~7 17~20~8 17~51~1 17~51~2 17~52~1 17~52~2 17~52~3 17~52~4 17~52~5 17~52~6 17~52~7 17~52~8 21 21~42~1 21~42~2 21~42~3 21~42~4 21~42~5 21~42~6 21~42~7 22 22~45~1 22~45~3 22~45~4 22~45~5 22~45~6 22~45~7 22~45~8 22~45~9 22~48~1 22~48~2 22~48~3 22~48~4 22~48~5 23~51~10 23~51~11 23~51~12 23~51~13 23~51~14 27 27~54~1 27~54~2 27~54~3 27~54~4 27~54~5 27~54~6 34~39~1 34~39~2 34~39~3 34~51~1 34~51~2 36~39~3 36~39~4 36~39~5 36~39~6 39 39~54~1 39~54~2 39~54~3 39~54~4 39~54~5 39~54~6 41~48~10 41~48~11 41~48~12 41~48~5 41~48~6 41~48~7 41~48~8 41~48~9 42 42~45~1 42~45~2 42~45~3 42~45~4 42~45~5 42~45~6 51 54,95,,1,2,1
lin-lin03-regiao-f4,111,5.0,5,10~49~3 13 17~20~1 22~48~1 45,5,"1,1,1,1,1",0,11 11~21~1 11~21~2 11~44~1 11~44~2 11~44~3 11~44~4 11~44~5 11~44~6 17 17~20~2 17~20~3 17~20~4 17~20~5 17~20~6 17~20~7 17~20~8 17~51~1 17~51~2 17~52~1 17~52~2 17~52~3 17~52~4 17~52~5 17~52~6 17~52~7 20 21 21~42~1 21~42~2 21~42~3 21~42~4 21~42~5 21~42~6 21~42~7 22 22~45~1 22~45~2 22~45~3 22~45~4 22~45~5 22~45~6 22~45~7 22~48~2 22~48~3 22~48~4 22~48~5 23~51~10 23~51~11 23~51~12 23~51~13 23~51~14 34~39~1 34~39~2 34~39~3 34~51~1 34~51~2 36~39~3 36~39~4 36~39~5 36~39~6 39 39~54~1 39~54~2 39~54~3 39~54~4 41~48~10 41~48~11 41~48~12 41~48~5 41~48~6 41~48~7 41~48~8 41~48~9 42 42~45~1 42~45~2 42~45~3 51,79,,1,2,1
lin-lin03-regiao-f4,112,5.0,5,10~49~3 13 17~20~1 22~48~2 45,5,"1,1,1,1,1",0,11 11~21~1 11~21~2 11~44~1 11~44~2 11~44~3 11~44~4 11~44~5 11~44~6 17 17~20~2 17~20~3 17~20~4 17~20~5 17~20~6 17~20~7 17~20~8 17~51~1 17~51~2 17~52~1 17~52~2 17~52~3 17~52~4 17~52~5 17~52~6 17~52~7 20 21 21~42~1 21~42~2 21~42~3 21~42~4 21~42~5 21~42~6 21~42~7 22 22~45~1 22~45~2 22~45~3 22~45~4 22~45~5 22~45~6 22~48~1 22~48~3 22~48~4 22~48~5 23~51~10 23~51~11 23~51~12 23~51~13 23~51~14 34~39~1 34~39~2 34~39~3 34~51~1 34~51~2 36~39~3 36~39~4 36~39~5 36~39~6 39 39~54~1 39~54~2 39~54~3 39~54~4 41~48~10 41~48~11 41~48~12 41~48~5 41~48~6 41~48~7 41~48~8 41~48~9 42 42~45~1 42~45~2 42~45~3 51,78,,1,2,1
lin-lin03-regiao-f4,113,5.0,5,10~49~3 13 17~20~1 22~45~9 22~48~2,5,"1,1,1,1,1",0,11 11~21~1 11~21~2 11~44~1 11~44~2 11~44~3 11~44~4 11~44~5 11~44~6 17 17~20~2 17~20~3 17~20~4 17~20~5 17~20~6 17~20~7 17~20~8 17~51~1 17~51~2 17~52~1 17~52~2 17~52~3 17~52~4 17~52~5 17~52~6 17~52~7 20 21 21~42~1 21~42~2 21~42~3 21~42~4 21~42~5 21~42~6 21~42~7 22 22~45~1 22~45~2 22~45~3 22~45~4 22~45~5 22~45~6 22~48~1 22~48~3 22~48~4 22~48~5 23~51~10 23~51~11 23~51~12 23~51~13 23~51~14 34~39~1 34~39~2 34~39~3 34~51~1 34~51~2 36~39~3 36~39~4 36~39~5 36~39~6 39 39~54~1 39~54~2 39~54~3 39~54~4 41~48~10 41~48~11 41~48~12 41~48~5 41~48~6 41~48~7 41~48~8 41~48~9 42 42~45~1 42~45~2 42~45~3 51,78,,1,2,1
lin-lin03-regiao-f4,114,5.0,5,10~49~3 13 17~20~1 22~45~8 22~48~1,5,"1,1,1,1,1",0,11 11~21~1 11~21~2 11~44~1 11~44~2 11~44~3 11~44~4 11~44~5 11~44~6 17 17~20~2 17~20~3 17~20~4 17~20~5 17~20~6 17~20~7 17~20~8 17~51~1 17~51~2 17~52~1 17~52~2 17~52~3 17~52~4 17~52~5 17~52~6 17~52~7 20 21 21~42~1 21~42~2 21~42~3 21~42~4 21~42~5 21~42~6 21~42~7 22 22~45~1 22~45~2 22~45~3 22~45~4 22~45~5 22~45~6 22~45~7 22~48~2 22~48~3 22~48~4 22~48~5 23~51~10 23~51~11 23~51~12 23~51~13 23~51~14 34~39~1 34~39~2 34~39~3 34~51~1 34~51~2 36~39~3 36~39~4 36~39~5 36~39~6 39 39~54~1 39~54~2 39~54~3 39~54~4 41~48~10 41~48~11 41~48~12 41~48~5 41~48~6 41~48~7 41~48~8 41~48~9 42 42~45~1 42~45~2 42~45~3 51,79,,1,2,1
lin-lin03-regiao-f4,115,5.0,5,10~49~3 13 17~20~1 22~45~8 22~48~2,5,"1,1,1,1,1",0,11 11~21~1 11~21~2 11~44~1 11~44~2 11~44~3 11~44~4 11~44~5 11~44~6 17 17~20~2 17~20~3 17~20~4 17~20~5 17~20~6 17~20~7 17~20~8 17~51~1 17~51~2 17~52~1 17~52~2 17~52~3 17~52~4 17~52~5 17~52~6 17~52~7 20 21 21~42~1 21~42~2 21~42~3 21~42~4 21~42~5 21~42~6 21~42~7 22 22~45~1 22~45~2 22~45~3 22~45~4 22~45~5 22~45~6 22~48~1 22~48~3 22~48~4 22~48~5 23~51~10 23~51~11 23~51~12 23~51~13 23~51~14 34~39~1 34~39~2 34~39~3 34~51~1 34~51~2 36~39~3 36~39~4 36~39~5 36~39~6 39 39~54~1 39~54~2 39~54~3 39~54~4 41~48~10 41~48~11 41~48~12 41~48~5 41~48~6 41~48~7 41~48~8 41~48~9 42 42~45~1 42~45~2 42~45~3 51,78,,1,2,1
lin-lin03-regiao-f4,116,5.0,5,13 17 19~49~3 22 22~45~7,4,"1,1,1,2",0,11 11~21~1 11~21~2 11~44~1 11~44~2 11~44~3 11~44~4 11~44~5 11~44~6 11~44~7 17~20~1 17~20~2 17~20~3 17~20~4 17~20~5 17~20~6 17~20~7 17~20~8 17~51~1 17~51~2 17~52~1 17~52~2 17~52~3 17~52~4 17~52~5 17~52~6 17~52~7 17~52~8 21 21~42~1 21~42~2 21~42~3 21~42~4 21~42~5 21~42~6 21~42~7 22~45~1 22~45~2 22~45~3 22~45~4 22~45~5 22~45~6 22~45~8 22~45~9 22~48~1 22~48~2 22~48~3 22~48~4 22~48~5 23~51~10 23~51~11 23~51~12 23~51~13 23~51~14 27~54~3 27~54~4 27~54~5 27~54~6 34~39~1 34~39~2 34~39~3 34~51~1 34~51~2 36~39~3 36~39~4 36~39~5 36~39~6 39 39~54~1 39~54~2 39~54~3 39~54~4 39~54~5 39~54~6 41~48~10 41~48~11 41~48~12 41~48~5 41~48~6 41~48~7 41~48~8 41~48~9 42 42~45~1 42~45~2 42~45~3 42~45~4 42~45~5 42~45~6 45 51 54,92,,1,2,1
lin-lin03-regiao-f4,117,5.0,5,13 17 19~49~3 22~45~1 22~45~9,4,"1,1,1,2",0,11 11~21~1 11~21~2 11~44~1 11~44~2 11~44~3 11~44~4 11~44~5 11~44~6 11~44~7 17~20~1 17~20~2 17~20~3 17~20~4 17~20~5 17~20~6 17~20~7 17~20~8 17~51~1 17~51~2 17~52~1 17~52~2 17~52~3 17~52~4 17~52~5 17~52~6 17~52~7 17~52~8 21 21~42~1 21~42~2 21~42~3 21~42~4 21~42~5 21~42~6 21~42~7 22 22~45~2 22~45~3 22~45~4 22~45~5 22~45~6 22~45~7 22~45~8 22~48~1 22~48~2 22~48~3 22~48~4 22~48~5 23~51~10 23~51~11 23~51~12 23~51~13 23~51~14 27~54~1 27~54~2 27~54~3 27~54~4 27~54~5 27~54~6 34~39~1 34~39~2 34~39~3 34~51~1 34~51~2 36~39~3 36~39~4 36~39~5 36~39~6 39 39~54~1 39~54~2 39~54~3 39~54~4 39~54~5 39~54~6 41~48~10 41~48~11 41~48~12 41~48~5 41~48~6 41~48~7 41~48~8 41~48~9 42 42~45~1 42~45~2 42~45~3 42~45~4 42~45~5 42~45~6 45 51 54,94,,1,2,1
lin-lin03-regiao-f4,118,5.0,5,13 17 19~49~3 22 22~45~8,4,"1,1,1,2",0,11 11~21~1 11~21~2 11~44~1 11~44~2 11~44~3 11~44~4 11~44~5 11~44~6 11~44~7 17~20~1 17~20~2 17~20~3 17~20~4 17~20~5 17~20~6 17~20~7 17~20~8 17~51~1 17~51~2 17~52~1 17~52~2 17~52~3 17~52~4 17~52~5 17~52~6 17~52~7 17~52~8 21 21~42~1 21~42~2 21~42~3 21~42~4 21~42~5 21~42~6 21~42~7 22~45~1 22~45~2 22~45~3 22~45~4 22~45~5 22~45~6 22~45~7 22~45~9 22~48~1 22~48~2 22~48~3 22~48~4 22~48~5 23~51~10 23~51~11 23~51~12 23~51~13 23~51~14 27~54~2 27~54~3 27~54~4 27~54~5 27~54~6 34~39~1 34~39~2 34~39~3 34~51~1 34~51~2 36~39~3 36~39~4 36~39~5 36~39~6 39 39~54~1 39~54~2 39~54~3 39~54~4 39~54~5 39~54~6 41~48~10 41~48~11 41~48~12 41~48~5 41~48~6 41~48~7 41~48~8 41~48~9 42 42~45~1 42~45~2 42~45~3 42~45~4 42~45~5 42~45~6 45 51 54,93,,1,2,1
lin-lin03-regiao-f4,119,5.0,5,13 17 19~49~3 22 45,5,"1,1,1,1,1",0,11 11~21~1 11~21~2 11~44~1 11~44~2 11~44~3 11~44~4 11~44~5 11~44~6 11~44~7 17~20~1 17~20~2 17~20~3 17~20~4 17~20~5 17~20~6 17~20~7 17~20~8 17~51~1 17~51~2 17~52~1 17~52~2 17~52~3 17~52~4 17~52~5 17~52~6 17~52~7 17~52~8 21 21~42~1 21~42~2 21~42~3 21~42~4 21~42~5 21~42~6 21~42~7 22~45~1 22~45~2 22~45~3 22~45~4 22~45~5 22~45~6 22~45~7 22~45~8 22~48~1 22~48~2 22~48~3 22~48~4 22~48~5 23~51~10 23~51~11 23~51~12 23~51~13 23~51~14 34~39~1 34~39~2 34~39~3 34~51~1 34~51~2 36~39~3 36~39~4 36~39~5 36~39~6 39 39~54~1 39~54~2 39~54~3 39~54~4 41~48~10 41~48~11 41~48~12 41~48~5 41~48~6 41~48~7 41~48~8 41~48~9 42 42~45~1 42~45~2 42~45~3 51,81,,1,2,1
lin-lin03-regiao-f4,120,5.0,5,11~21~1 13~18~1 19~49~3 22~45~7 22~48~2,5,"1,1,1,1,1",0,11 11~21~2 11~44~1 11~44~2 11~44~3 11~44~4 11~44~5 11~44~6 11~44~7 17 17~20~1 17~20~2 17~20~3 17~20~4 17~20~5 17~20~6 17~51~1 17~51~2 17~52~1 17~52~2 17~52~3 17~52~4 17~52~5 17~52~6 21 21~42~1 21~42~2 21~42~3 21~42~4 21~42~5 21~42~6 21~42~7 22 22~45~1 22~45~2 22~45~3 22~45~4 22~45~5 22~45~6 22~48~1 22~48~3 22~48~4 22~48~5 23~51~10 23~51~11 23~51~12 23~51~13 23~51~14 34~39~1 34~39~2 34~39~3 34~51~1 34~51~2 36~39~3 36~39~4 36~39~5 36~39~6 39 39~54~1 39~54~2 39~54~3 39~54~4 41~48~10 41~48~11 41~48~12 41~48~5 41~48~6 41~48~7 41~48~8 41~48~9 42 42~45~1 42~45~2 42~45~3 51,75,,1,2,1
lin-lin03-regiao-f4,121,5.0,5,13 17 19~49~3 22~45~1 22~45~7,4,"1,1,1,2",0,11 11~21~1 11~21~2 11~44~1 11~44~2 11~44~3 11~44~4 11~44~5 11~44~6 11~44~7 17~20~1 17~20~2 17~20~3 17~20~4 17~20~5 17~20~6 17~20~7 17~20~8 17~51~1 17~51~2 17~52~1 17~52~2 17~52~3 17~52~4 17~52~5 17~52~6 17~52~7 17~52~8 21 21~42~1 21~42~2 21~42~3 21~42~4 21~42~5 21~42~6 21~42~7 22 22~45~2 22~45~3 22~45~4 22~45~5 22~45~6 22~45~8 22~45~9 22~48~1 22~48~2 22~48~3 22~48~4 22~48~5 23~51~10 23~51~11 23~51~12 23~51~13 23~51~14 27~54~3 27~54~4 27~54~5 27~54~6 34~39~1 34~39~2 34~39~3 34~51~1 34~51~2 36~39~3 36~39~4 36~39~5 36~39~6 39 39~54~1 39~54~2 39~54~3 39~54~4 39~54~5 39~54~6 41~48~10 41~48~11 41~48~12 41~48~5 41~48~6 41~48~7 41~48~8 41~48~9 42 42~45~1 42~45~2 42~45~3 42~45~4 42~45~5 42~45~6 45 51 54,92,,1,2,1
lin-lin03-regiao-f4,122,5.0,5,13 17 19~49~3 22~45~1 22~45~8,4,"1,1,1,2",0,11 11~21~1 11~21~2 11~44~1 11~44~2 11~44~3 11~44~4 11~44~5 11~44~6 11~44~7 17~20~1 17~20~2 17~20~3 17~20~4 17~20~5 17~20~6 17~20~7 17~20~8 17~51~1 17~51~2 17~52~1 17~52~2 17~52~3 17~52~4 17~52~5 17~52~6 17~52~7 17~52~8 21 21~42~1 21~42~2 21~42~3 21~42~4 21~42~5 21~42~6 21~42~7 22 22~45~2 22~45~3 22~45~4 22~45~5 22~45~6 22~45~7 22~45~9 22~48~1 22~48~2 22~48~3 22~48~4 22~48~5 23~51~10 23~51~11 23~51~12 23~51~13 23~51~14 27~54~2 27~54~3 27~54~4 27~54~5 27~54~6 34~39~1 34~39~2 34~39~3 34~51~1 34~51~2 36~39~3 36~39~4 36~39~5 36~39~6 39 39~54~1 39~54~2 39~54~3 39~54~4 39~54~5 39~54~6 41~48~10 41~48~11 41~48~12 41~48~5 41~48~6 41~48~7 41~48~8 41~48~9 42 42~45~1 42~45~2 42~45~3 42~45~4 42~45~5 42~45~6 45 51 54,93,,1,2,1
lin-lin03-regiao-f4,123,5.0,5,13 17 19~49~3 22~45~1 45,5,"1,1,1,1,1",0,11 11~21~1 11~21~2 11~44~1 11~44~2 11~44~3 11~44~4 11~44~5 11~44~6 11~44~7 17~20~1 17~20~2 17~20~3 17~20~4 17~20~5 17~20~6 17~20~7 17~20~8 17~51~1 17~51~2 17~52~1 17~52~2 17~52~3 17~52~4 17~52~5 17~52~6 17~52~7 17~52~8 21 21~42~1 21~42~2 21~42~3 21~42~4 21~42~5 21~42~6 21~42~7 22 22~45~2 22~45~3 22~45~4 22~45~5 22~45~6 22~45~7 22~45~8 22~45~9 22~48~1 22~48~2 22~48~3 22~48~4 22~48~5 23~51~10 23~51~11 23~51~12 23~51~13 23~51~14 34~39~1 34~39~2 34~39~3 34~51~1 34~51~2 36~39~3 36~39~4 36~39~5 36~39~6 39 39~54~1 39~54~2 39~54~3 39~54~4 41~48~10 41~48~11 41~48~12 41~48~5 41~48~6 41~48~7 41~48~8 41~48~9 42 42~45~1 42~45~2 42~45~3 51,82,,1,2,1
lin-lin03-regiao-f4,124,5.0,5,13 17 19~49~3 22~45~2 22~45~9,4,"1,1,1,2",0,11 11~21~1 11~21~2 11~44~1 11~44~2 11~44~3 11~44~4 11~44~5 11~44~6 11~44~7 17~20~1 17~20~2 17~20~3 17~20~4 17~20~5 17~20~6 17~20~7 17~20~8 17~51~1 17~51~2 17~52~1 17~52~2 17~52~3 17~52~4 17~52~5 17~52~6 17~52~7 17~52~8 21 21~42~1 21~42~2 21~42~3 21~42~4 21~42~5 21~42~6 21~42~7 22 22~45~1 22~45~3 22~45~4 22~45~5 22~45~6 22~45~7 22~45~8 22~48~1 22~48~2 22~48~3 22~48~4 22~48~5 23~51~10 23~51~11 23~51~12 23~51~13 23~51~14 27~54~1 27~54~2 27~54~3 27~54~4 27~54~5 27~54~6 34~39~1 34~39~2 34~39~3 34~51~1 34~51~2 36~39~3 36~39~4 36~39~5 36~39~6 39 39~54~1 39~54~2 39~54~3 39~54~4 39~54~5 39~54~6 41~48~10 41~48~11 41~48~12 41~48~5 41~48~6 41~48~7 41~48~8 41~48~9 42 42~45~1 42~45~2 42~45~3 42~45~4 42~45~5 42~45~6 45 51 54,94,,1,2,1
lin-lin03-regiao-f4,125,5.0,5,13 17 19~49~3 22~45~6 22~48~1,4,"1,1,1,2",0,11 11~21~1 11~21~2 11~44~1 11~44~2 11~44~3 11~44~4 11~44~5 11~44~6 11~44~7 17~20~1 17~20~2 17~20~3 17~20~4 17~20~5 17~20~6 17~20~7 17~20~8 17~51~1 17~51~2 17~52~1 17~52~2 17~52~3 17~52~4 17~52~5 17~52~6 17~52~7 17~52~8 21 21~42~1 21~42~2 21~42~3 21~42~4 21~42~5 21~42~6 21~42~7 22 22~45~1 22~45~2 22~45~3 22~45~4 22~45~5 22~45~7 22~45~8 22~45~9 22~48~2 22~48~3 22~48~4 22~48~5 23~51~10 23~51~11 23~51~12 23~51~13 23~51~14 27~54~4 27~54~5 27~54~6 34~39~1 34~39~2 34~39~3 34~51~1 34~51~2 36~39~3 36~39~4 36~39~5 36~39~6 39 39~54~1 39~54~2 39~54~3 39~54~4 39~54~5 39~54~6 41~48~10 41~48~11 41~48~12 41~48~5 41~48~6 41~48~7 41~48~8 41~48~9 42 42~45~1 42~45~2 42~45~3 42~45~4 42~45~5 42~45~6 45 51 54,91,,1,2,1
lin-lin03-regiao-f4,126,5.0,5,13 17 19~49~3 22~45~2 22~45~6,4,"1,1,1,2",0,11 11~21~1 11~21~2 11~44~1 11~44~2 11~44~3 11~44~4 11~44~5 11~44~6 11~44~7 17~20~1 17~20~2 17~20~3 17~20~4 17~20~5 17~20~6 17~20~7 17~20~8 17~51~1 17~51~2 17~52~1 17~52~2 17~52~3 17~52~4 17~52~5 17~52~6 17~52~7 17~52~8 21 21~42~1 21~42~2 21~42~3 21~42~4 21~42~5 21~42~6 21~42~7 22 22~45~1 22~45~3 22~45~4 22~45~5 22~45~7 22~45~8 22~45~9 22~48~1 22~48~2 22~48~3 22~48~4 22~48~5 23~51~10 23~51~11 23~51~12 23~51~13 23~51~14 27~54~4 27~54~5 27~54~6 34~39~1 34~39~2 34~39~3 34~51~1 34~51~2 36~39~3 36~39~4 36~39~5 36~39~6 39 39~54~1 39~54~2 39~54~3 39~54~4 39~54~5 39~54~6 41~48~10 41~48~11 41~48~12 41~48~5 41~48~6 41~48~7 41~48~8 41~48~9 42 42~45~1 42~45~2 42~45~3 42~45~4 42~45~5 42~45~6 45 51 54,91,,1,2,1
lin-lin03-regiao-f4,127,5.0,5,13 17 19~49~3 22~45~6 22~48~2,4,"1,1,1,2",0,11 11~21~1 11~21~2 11~44~1 11~44~2 11~44~3 11~44~4 11~44~5 11~44~6 11~44~7 17~20~1 17~20~2 17~20~3 17~20~4 17~20~5 17~20~6 17~20~7 17~20~8 17~51~1 17~51~2 17~52~1 17~52~2 17~52~3 17~52~4 17~52~5 17~52~6 17~52~7 17~52~8 21 21~42~1 21~42~2 21~42~3 21~42~4 21~42~5 21~42~6 21~42~7 22 22~45~1 22~45~2 22~45~3 22~45~4 22~45~5 22~45~7 22~45~8 22~45~9 22~48~1 22~48~3 22~48~4 22~48~5 23~51~10 23~51~11 23~51~12 23~51~13 23~51~14 27~54~4 27~54~5 27~54~6 34~39~1 34~39~2 34~39~3 34~51~1 34~51~2 36~39~3 36~39~4 36~39~5 36~39~6 39 39~54~1 39~54~2 39~54~3 39~54~4 39~54~5 39~54~6 41~48~10 41~48~11 41~48~12 41~48~5 41~48~6 41~48~7 41~48~8 41~48~9 42 42~45~1 42~45~2 42~45~3 42~45~4 42~45~5 42~45~6 45 51 54,91,,1,2,1
lin-lin03-regiao-f4,128,5.0,5,13 17 19~49~3 22~45~7 22~48~1,4,"1,1,1,2",0,11 11~21~1 11~21~2 11~44~1 11~44~2 11~44~3 11~44~4 11~44~5 11~44~6 11~44~7 17~20~1 17~20~2 17~20~3 17~20~4 17~20~5 17~20~6 17~20~7 17~20~8 17~51~1 17~51~2 17~52~1 17~52~2 17~52~3 17~52~4 17~52~5 17~52~6 17~52~7 17~52~8 21 21~42~1 21~42~2 21~42~3 21~42~4 21~42~5 21~42~6 21~42~7 22 22~45~1 22~45~2 22~45~3 22~45~4 22~45~5 22~45~6 22~45~8 22~45~9 22~48~2 22~48~3 22~48~4 22~48~5 23~51~10 23~51~11 23~51~12 23~51~13 23~51~14 27~54~3 27~54~4 27~54~5 27~54~6 34~39~1 34~39~2 34~39~3 34~51~1 34~51~2 36~39~3 36~39~4 36~39~5 36~39~6 39 39~54~1 39~54~2 39~54~3 39~54~4 39~54~5 39~54~6 41~48~10 41~48~11 41~48~12 41~48~5 41~48~6 41~48~7 41~48~8 41~48~9 42 42~45~1 42~45~2 42~45~3 42~45~4 42~45~5 42~45~6 45 51 54,92,,1,2,1
lin-lin03-regiao-f4,129,5.0,5,13 17 19~49~3 22~45~8 22~48~1,5,"1,1,1,1,1",0,11 11~21~1 11~21~2 11~44~1 11~44~2 11~44~3 11~44~4 11~44~5 11~44~6 11~44~7 17~20~1 17~20~2 17~20~3 17~20~4 17~20~5 17~20~6 17~20~7 17~20~8 17~51~1 17~51~2 17~52~1 17~52~2 17~52~3 17~52~4 17~52~5 17~52~6 17~52~7 17~52~8 21 21~42~1 21~42~2 21~42~3 21~42~4 21~42~5 21~42~6 21~42~7 22 22~45~1 22~45~2 22~45~3 22~45~4 22~45~5 22~45~6 22~45~7 22~48~2 22~48~3 22~48~4 22~48~5 23~51~10 23~51~11 23~51~12 23~51~13 23~51~14 34~39~1 34~39~2 34~39~3 34~51~1 34~51~2 36~39~3 36~39~4 36~39~5 36~39~6 39 39~54~1 39~54~2 39~54~3 39~54~4 41~48~10 41~48~11 41~48~12 41~48~5 41~48~6 41~48~7 41~48~8 41~48~9 42 42~45~1 42~45~2 42~45~3 51,80,,1,2,1
lin-lin03-regiao-f4,130,5.0,5,13 17 19~49~3 22~48~1 45,5,"1,1,1,1,1",0,11 11~21~1 11~21~2 11~44~1 11~44~2 11~44~3 11~44~4 11~44~5 11~44~6 11~44~7 17~20~1 17~20~2 17~20~3 17~20~4 17~20~5 17~20~6 17~20~7 17~20~8 17~51~1 17~51~2 17~52~1 17~52~2 17~52~3 17~52~4 17~52~5 17~52~6 17~52~7 17~52~8 21 21~42~1 21~42~2 21~42~3 21~42~4 21~42~5 21~42~6 21~42~7 22 22~45~1 22~45~2 22~45~3 22~45~4 22~45~5 22~45~6 22~45~7 22~48~2 22~48~3 22~48~4 22~48~5 23~51~10 23~51~11 23~51~12 23~51~13 23~51~14 34~39~1 34~39~2 34~39~3 34~51~1 34~51~2 36~39~3 36~39~4 36~39~5 36~39~6 39 39~54~1 39~54~2 39~54~3 39~54~4 41~48~10 41~48~11 41~48~12 41~48~5 41~48~6 41~48~7 41~48~8 41~48~9 42 42~45~1 42~45~2 42~45~3 51,80,,1,2,1
lin-lin03-regiao-f4,131,5.0,5,13 17 19~49~3 22~48~2 45,5,"1,1,1,1,1",0,11 11~21~1 11~21~2 11~44~1 11~44~2 11~44~3 11~44~4 11~44~5 11~44~6 11~44~7 17~20~1 17~20~2 17~20~3 17~20~4 17~20~5 17~20~6 17~20~7 17~20~8 17~51~1 17~51~2 17~52~1 17~52~2 17~52~3 17~52~4 17~52~5 17~52~6 17~52~7 17~52~8 21 21~42~1 21~42~2 21~42~3 21~42~4 21~42~5 21~42~6 21~42~7 22 22~45~1 22~45~2 22~45~3 22~45~4 22~45~5 22~45~6 22~48~1 22~48~3 22~48~4 22~48~5 23~51~10 23~51~11 23~51~12 23~51~13 23~51~14 34~39~1 34~39~2 34~39~3 34~51~1 34~51~2 36~39~3 36~39~4 36~39~5 36~39~6 39 39~54~1 39~54~2 39~54~3 39~54~4 41~48~10 41~48~11 41~48~12 41~48~5 41~48~6 41~48~7 41~48~8 41~48~9 42 42~45~1 42~45~2 42~45~3 51,79,,1,2,1
lin-lin03-regiao-f4,132,5.0,5,13 17 19~49~3 22~45~9 22~48~2,5,"1,1,1,1,1",0,11 11~21~1 11~21~2 11~44~1 11~44~2 11~44~3 11~44~4 11~44~5 11~44~6 11~44~7 17~20~1 17~20~2 17~20~3 17~20~4 17~20~5 17~20~6 17~20~7 17~20~8 17~51~1 17~51~2 17~52~1 17~52~2 17~52~3 17~52~4 17~52~5 17~52~6 17~52~7 17~52~8 21 21~42~1 21~42~2 21~42~3 21~42~4 21~42~5 21~42~6 21~42~7 22 22~45~1 22~45~2 22~45~3 22~45~4 22~45~5 22~45~6 22~48~1 22~48~3 22~48~4 22~48~5 23~51~10 23~51~11 23~51~12 23~51~13 23~51~14 34~39~1 34~39~2 34~39~3 34~51~1 34~51~2 36~39~3 36~39~4 36~39~5 36~39~6 39 39~54~1 39~54~2 39~54~3 39~54~4 41~48~10 41~48~11 41~48~12 41~48~5 41~48~6 41~48~7 41~48~8 41~48~9 42 42~45~1 42~45~2 42~45~3 51,79,,1,2,1
lin-lin03-regiao-f4,133,5.0,5,13 17 19~49~3 22~45~8 22~48~2,5,"1,1,1,1,1",0,11 11~21~1 11~21~2 11~44~1 11~44~2 11~44~3 11~44~4 11~44~5 11~44~6 11~44~7 17~20~1 17~20~2 17~20~3 17~20~4 17~20~5 17~20~6 17~20~7 17~20~8 17~51~1 17~51~2 17~52~1 17~52~2 17~52~3 17~52~4 17~52~5 17~52~6 17~52~7 17~52~8 21 21~42~1 21~42~2 21~42~3 21~42~4 21~42~5 21~42~6 21~42~7 22 22~45~1 22~45~2 22~45~3 22~45~4 22~45~5 22~45~6 22~48~1 22~48~3 22~48~4 22~48~5 23~51~10 23~51~11 23~51~12 23~51~13 23~51~14 34~39~1 34~39~2 34~39~3 34~51~1 34~51~2 36~39~3 36~39~4 36~39~5 36~39~6 39 39~54~1 39~54~2 39~54~3 39~54~4 41~48~10 41~48~11 41~48~12 41~48~5 41~48~6 41~48~7 41~48~8 41~48~9 42 42~45~1 42~45~2 42~45~3 51,79,,1,2,1
lin-lin03-regiao-f4,134,5.0,5,13 17 19~49~3 22~45~1 22~45~6,4,"1,1,1,2",0,11 11~21~1 11~21~2 11~44~1 11~44~2 11~44~3 11~44~4 11~44~5 11~44~6 11~44~7 17~20~1 17~20~2 17~20~3 17~20~4 17~20~5 17~20~6 17~20~7 17~20~8 17~51~1 17~51~2 17~52~1 17~52~2 17~52~3 17~52~4 17~52~5 17~52~6 17~52~7 17~52~8 21 21~42~1 21~42~2 21~42~3 21~42~4 21~42~5 21~42~6 21~42~7 22 22~45~2 22~45~3 22~45~4 22~45~5 22~45~7 22~45~8 22~45~9 22~48~1 22~48~2 22~48~3 22~48~4 22~48~5 23~51~10 23~51~11 23~51~12 23~51~13 23~51~14 27~54~4 27~54~5 27~54~6 34~39~1 34~39~2 34~39~3 34~51~1 34~51~2 36~39~3 36~39~4 36~39~5 36~39~6 39 39~54~1 39~54~2 39~54~3 39~54~4 39~54~5 39~54~6 41~48~10 41~48~11 41~48~12 41~48~5 41~48~6 41~48~7 41~48~8 41~48~9 42 42~45~1 42~45~2 42~45~3 42~45~4 42~45~5 42~45~6 45 51 54,91,,1,2,1
lin-lin03-regiao-f4,135,5.0,5,13 17 19~49~3 22~45~7 22~48~2,5,"1,1,1,1,1",0,11 11~21~1 11~21~2 11~44~1 11~44~2 11~44~3 11~44~4 11~44~5 11~44~6 11~44~7 17~20~1 17~20~2 17~20~3 17~20~4 17~20~5 17~20~6 17~20~7 17~20~8 17~51~1 17~51~2 17~52~1 17~52~2 17~52~3 17~52~4 17~52~5 17~52~6 17~52~7 17~52~8 21 21~42~1 21~42~2 21~42~3 21~42~4 21~42~5 21~42~6 21~42~7 22 22~45~1 22~45~2 22~45~3 22~45~4 22~45~5 22~45~6 22~48~1 22~48~3 22~48~4 22~48~5 23~51~10 23~51~11 23~51~12 23~51~13 23~51~14 34~39~1 34~39~2 34~39~3 34~51~1 34~51~2 36~39~3 36~39~4 36~39~5 36~39~6 39 39~54~1 39~54~2 39~54~3 39~54~4 41~48~10 41~48~11 41~48~12 41~48~5 41~48~6 41~48~7 41~48~8 41~48~9 42 42~45~1 42~45~2 42~45~3 51,79,,1,2,1
lin-lin03-regiao-f4,136,5.0,5,13 17 19~49~3 22~45~2 22~45~8,4,"1,1,1,2",0,11 11~21~1 11~21~2 11~44~1 11~44~2 11~44~3 11~44~4 11~44~5 11~44~6 11~44~7 17~20~1 17~20~2 17~20~3 17~20~4 17~20~5 17~20~6 17~20~7 17~20~8 17~51~1 17~51~2 17~52~1 17~52~2 17~52~3 17~52~4 17~52~5 17~52~6 17~52~7 17~52~8 21 21~42~1 21~42~2 21~42~3 21~42~4 21~42~5 21~42~6 21~42~7 22 22~45~1 22~45~3 22~45~4 22~45~5 22~45~6 22~45~7 22~45~9 22~48~1 22~48~2 22~48~3 22~48~4 22~48~5 23~51~10 23~51~11 23~51~12 23~51~13 23~51~14 27~54~2 27~54~3 27~54~4 27~54~5 27~54~6 34~39~1 34~39~2 34~39~3 34~51~1 34~51~2 36~39~3 36~39~4 36~39~5 36~39~6 39 39~54~1 39~54~2 39~54~3 39~54~4 39~54~5 39~54~6 41~48~10 41~48~11 41~48~12 41~48~5 41~48~6 41~48~7 41~48~8 41~48~9 42 42~45~1 42~45~2 42~45~3 42~45~4 42~45~5 42~45~6 45 51 54,93,,1,2,1
lin-lin03-regiao-f4,137,5.0,5,13 17 19~49~3 22~45~2 45,4,"1,1,1,2",0,11 11~21~1 11~21~2 11~44~1 11~44~2 11~44~3 11~44~4 11~44~5 11~44~6 11~44~7 17~20~1 17~20~2 17~20~3 17~20~4 17~20~5 17~20~6 17~20~7 17~20~8 17~51~1 17~51~2 17~52~1 17~52~2 17~52~3 17~52~4 17~52~5 17~52~6 17~52~7 17~52~8 21 21~42~1 21~42~2 21~42~3 21~42~4 21~42~5 21~42~6 21~42~7 22 22~45~1 22~45~3 22~45~4 22~45~5 22~45~6 22~45~7 22~45~8 22~45~9 22~48~1 22~48~2 22~48~3 22~48~4 22~48~5 23~51~10 23~51~11 23~51~12 23~51~13 23~51~14 27 27~54~1 27~54~2 27~54~3 27~54~4 27~54~5 27~54~6 34~39~1 34~39~2 34~39~3 34~51~1 34~51~2 36~39~3 36~39~4 36~39~5 36~39~6 39 39~54~1 39~54~2 39~54~3 39~54~4 39~54~5 39~54~6 41~48~10 41~48~11 41~48~12 41~48~5 41~48~6 41~48~7 41~48~8 41~48~9 42 42~45~1 42~45~2 42~45~3 42~45~4 42~45~5 42~45~6 51 54,95,,1,2,1
lin-lin03-regiao-f4,138,5.0,5,13 17 19~49~3 22~45~2 22~45~7,4,"1,1,1,2",0,11 11~21~1 11~21~2 11~44~1 11~44~2 11~44~3 11~44~4 11~44~5 11~44~6 11~44~7 17~20~1 17~20~2 17~20~3 17~20~4 17~20~5 17~20~6 17~20~7 17~20~8 17~51~1 17~51~2 17~52~1 17~52~2 17~52~3 17~52~4 17~52~5 17~52~6 17~52~7 17~52~8 21 21~42~1 21~42~2 21~42~3 21~42~4 21~42~5 21~42~6 21~42~7 22 22~45~1 22~45~3 22~45~4 22~45~5 22~45~6 22~45~8 22~45~9 22~48~1 22~48~2 22~48~3 22~48~4 22~48~5 23~51~10 23~51~11 23~51~12 23~51~13 23~51~14 27~54~3 27~54~4 27~54~5 27~54~6 34~39~1 34~39~2 34~39~3 34~51~1 34~51~2 36~39~3 36~39~4 36~39~5 36~39~6 39 39~54~1 39~54~2 39~54~3 39~54~4 39~54~5 39~54~6 41~48~10 41~48~11 41~48~12 41~48~5 41~48~6 41~48~7 41~48~8 41~48~9 42 42~45~1 42~45~2 42~45~3 42~45~4 42~45~5 42~45~6 45 51 54,92,,1,2,1
lin-lin03-regiao-f4,139,5.0,5,13 17 19~49~4 22~48~1 45,5,"1,1,1,1,1",0,11 11~21~1 11~21~2 11~44~1 11~44~2 11~44~3 11~44~4 11~44~5 11~44~6 11~44~7 17~20~1 17~20~2 17~20~3 17~20~4 17~20~5 17~20~6 17~20~7 17~20~8 17~51~1 17~51~2 17~52~1 17~52~2 17~52~3 17~52~4 17~52~5 17~52~6 17~52~7 17~52~8 21 21~42~1 21~42~2 21~42~3 21~42~4 21~42~5 21~42~6 21~42~7 22 22~45~1 22~45~2 22~45~3 22~45~4 22~45~5 22~45~6 22~45~7 22~48~2 22~48~3 22~48~4 22~48~5 23~51~10 23~51~11 23~51~12 23~51~13 23~51~14 34~39~1 34~39~2 34~39~3 34~51~1 34~51~2 36~39~3 36~39~4 36~39~5 36~39~6 39 39~54~1 39~54~2 39~54~3 39~54~4 41~48~10 41~48~11 41~48~12 41~48~5 41~48~6 41~48~7 41~48~8 41~48~9 42 42~45~1 42~45~2 42~45~3 51,80,,1,2,1
lin-lin03-regiao-f4,140,5.0,5,13 17 19~49~4 22~48~2 45,5,"1,1,1,1,1",0,11 11~21~1 11~21~2 11~44~1 11~44~2 11~44~3 11~44~4 11~44~5 11~44~6 11~44~7 17~20~1 17~20~2 17~20~3 17~20~4 17~20~5 17~20~6 17~20~7 17~20~8 17~51~1 17~51~2 17~52~1 17~52~2 17~52~3 17~52~4 17~52~5 17~52~6 17~52~7 17~52~8 21 21~42~1 21~42~2 21~42~3 21~42~4 21~42~5 21~42~6 21~42~7 22 22~45~1 22~45~2 22~45~3 22~45~4 22~45~5 22~45~6 22~48~1 22~48~3 22~48~4 22~48~5 23~51~10 23~51~11 23~51~12 23~51~13 23~51~14 34~39~1 34~39~2 34~39~3 34~51~1 34~51~2 36~39~3 36~39~4 36~39~5 36~39~6 39 39~54~1 39~54~2 39~54~3 39~54~4 41~48~10 41~48~11 41~48~12 41~48~5 41~48~6 41~48~7 41~48~8 41~48~9 42 42~45~1 42~45~2 42~45~3 51,79,,1,2,1
lin-lin03-regiao-f4,141,5.0,5,13 17 19~49~4 22~45~9 22~48~2,5,"1,1,1,1,1",0,11 11~21~1 11~21~2 11~44~1 11~44~2 11~44~3 11~44~4 11~44~5 11~44~6 11~44~7 17~20~1 17~20~2 17~20~3 17~20~4 17~20~5 17~20~6 17~20~7 17~20~8 17~51~1 17~51~2 17~52~1 17~52~2 17~52~3 17~52~4 17~52~5 17~52~6 17~52~7 17~52~8 21 21~42~1 21~42~2 21~42~3 21~42~4 21~42~5 21~42~6 21~42~7 22 22~45~1 22~45~2 22~45~3 22~45~4 22~45~5 22~45~6 22~48~1 22~48~3 22~48~4 22~48~5 23~51~10 23~51~11 23~51~12 23~51~13 23~51~14 34~39~1 34~39~2 34~39~3 34~51~1 34~51~2 36~39~3 36~39~4 36~39~5 36~39~6 39 39~54~1 39~54~2 39~54~3 39~54~4 41~48~10 41~48~11 41~48~12 41~48~5 41~48~6 41~48~7 41~48~8 41~48~9 42 42~45~1 42~45~2 42~45~3 51,79,,1,2,1
lin-lin03-regiao-f4,142,5.0,5,13 17 19~49~4 22~45~8 22~48~1,5,"1,1,1,1,1",0,11 11~21~1 11~21~2 11~44~1 11~44~2 11~44~3 11~44~4 11~44~5 11~44~6 11~44~7 17~20~1 17~20~2 17~20~3 17~20~4 17~20~5 17~20~6 17~20~7 17~20~8 17~51~1 17~51~2 17~52~1 17~52~2 17~52~3 17~52~4 17~52~5 17~52~6 17~52~7 17~52~8 21 21~42~1 21~42~2 21~42~3 21~42~4 21~42~5 21~42~6 21~42~7 22 22~45~1 22~45~2 22~45~3 22~45~4 22~45~5 22~45~6 22~45~7 22~48~2 22~48~3 22~48~4 22~48~5 23~51~10 23~51~11 23~51~12 23~51~13 23~51~14 34~39~1 34~39~2 34~39~3 34~51~1 34~51~2 36~39~3 36~39~4 36~39~5 36~39~6 39 39~54~1 39~54~2 39~54~3 39~54~4 41~48~10 41~48~11 41~48~12 41~48~5 41~48~6 41~48~7 41~48~8 41~48~9 42 42~45~1 42~45~2 42~45~3 51,80,,1,2,1
lin-lin03-regiao-f4,143,5.0,5,13 17 19~49~4 22~45~8 22~48~2,5,"1,1,1,1,1",0,11 11~21~1 11~21~2 11~44~1 11~44~2 11~44~3 11~44~4 11~44~5 11~44~6 11~44~7 17~20~1 17~20~2 17~20~3 17~20~4 17~20~5 17~20~6 17~20~7 17~20~8 17~51~1 17~51~2 17~52~1 17~52~2 17~52~3 17~52~4 17~52~5 17~52~6 17~52~7 17~52~8 21 21~42~1 21~42~2 21~42~3 21~42~4 21~42~5 21~42~6 21~42~7 22 22~45~1 22~45~2 22~45~3 22~45~4 22~45~5 22~45~6 22~48~1 22~48~3 22~48~4 22~48~5 23~51~10 23~51~11 23~51~12 23~51~13 23~51~14 34~39~1 34~39~2 34~39~3 34~51~1 34~51~2 36~39~3 36~39~4 36~39~5 36~39~6 39 39~54~1 39~54~2 39~54~3 39~54~4 41~48~10 41~48~11 41~48~12 41~48~5 41~48~6 41~48~7 41~48~8 41~48~9 42 42~45~1 42~45~2 42~45~3 51,79,,1,2,1
lin-lin03-regiao-f4,144,5.0,5,13 17 19~49~5 22~45~9 22~48~1,5,"1,1,1,1,1",0,11 11~21~1 11~21~2 11~44~1 11~44~2 11~44~3 11~44~4 11~44~5 11~44~6 11~44~7 17~20~1 17~20~2 17~20~3 17~20~4 17~20~5 17~20~6 17~20~7 17~20~8 17~51~1 17~51~2 17~52~1 17~52~2 17~52~3 17~52~4 17~52~5 17~52~6 17~52~7 17~52~8 21 21~42~1 21~42~2 21~42~3 21~42~4 21~42~5 21~42~6 21~42~7 22 22~45~1 22~45~2 22~45~3 22~45~4 22~45~5 22~45~6 22~45~7 22~48~2 22~48~3 22~48~4 22~48~5 23~51~10 23~51~11 23~51~12 23~51~13 23~51~14 34~39~1 34~39~2 34~39~3 34~51~1 34~51~2 36~39~3 36~39~4 36~39~5 36~39~6 39 39~54~1 39~54~2 39~54~3 39~54~4 41~48~10 41~48~11 41~48~12 41~48~5 41~48~6 41~48~7 41~48~8 41~48~9 42 42~45~1 42~45~2 42~45~3 51,80,,1,2,1
lin-lin03-regiao-f4,145,5.0,5,13 17 22~45~9 22~48~1 6,5,"1,1,1,1,1",0,11 11~21~1 11~21~2 11~44~1 11~44~2 11~44~3 11~44~4 11~44~5 11~44~6 11~44~7 17~20~1 17~20~2 17~20~3 17~20~4 17~20~5 17~20~6 17~20~7 17~20~8 17~51~1 17~51~2 17~52~1 17~52~2 17~52~3 17~52~4 17~52~5 17~52~6 17~52~7 17~52~8 21 21~42~1 21~42~2 21~42~3 21~42~4 21~42~5 21~42~6 21~42~7 22 22~45~1 22~45~2 22~45~3 22~45~4 22~45~5 22~45~6 22~45~7 22~48~2 22~48~3 22~48~4 22~48~5 23~51~10 23~51~11 23~51~12 23~51~13 23~51~14 34~39~1 34~39~2 34~39~3 34~51~1 34~51~2 36~39~3 36~39~4 36~39~5 36~39~6 39 39~54~1 39~54~2 39~54~3 39~54~4 41~48~10 41~48~11 41~48~12 41~48~5 41~48~6 41~48~7 41~48~8 41~48~9 42 42~45~1 42~45~2 42~45~3 51,80,,1,2,1
lin-lin03-regiao-f4,146,5.0,5,13 17 22 22~45~9 6,5,"1,1,1,1,1",0,11 11~21~1 11~21~2 11~44~1 11~44~2 11~44~3 11~44~4 11~44~5 11~44~6 11~44~7 17~20~1 17~20~2 17~20~3 17~20~4 17~20~5 17~20~6 17~20~7 17~20~8 17~51~1 17~51~2 17~52~1 17~52~2 17~52~3 17~52~4 17~52~5 17~52~6 17~52~7 17~52~8 21 21~42~1 21~42~2 21~42~3 21~42~4 21~42~5 21~42~6 21~42~7 22~45~1 22~45~2 22~45~3 22~45~4 22~45~5 22~45~6 22~45~7 22~45~8 22~48~1 22~48~2 22~48~3 22~48~4 22~48~5 23~51~10 23~51~11 23~51~12 23~51~13 23~51~14 34~39~1 34~39~2 34~39~3 34~51~1 34~51~2 36~39~3 36~39~4 36~39~5 36~39~6 39 39~54~1 39~54~2 39~54~3 39~54~4 41~48~10 41~48~11 41~48~12 41~48~5 41~48~6 41~48~7 41~48~8 41~48~9 42 42~45~1 42~45~2 42~45~3 51,81,,1,2,1
lin-lin03-regiao-f4,147,5.0,5,13 17 19~49~5 22 22~45~9,5,"1,1,1,1,1",0,11 11~21~1 11~21~2 11~44~1 11~44~2 11~44~3 11~44~4 11~44~5 11~44~6 11~44~7 17~20~1 17~20~2 17~20~3 17~20~4 17~20~5 17~20~6 17~20~7 17~20~8 17~51~1 17~51~2 17~52~1 17~52~2 17~52~3 17~52~4 17~52~5 17~52~6 17~52~7 17~52~8 21 21~42~1 21~42~2 21~42~3 21~42~4 21~42~5 21~42~6 21~42~7 22~45~1 22~45~2 22~45~3 22~45~4 22~45~5 22~45~6 22~45~7 22~45~8 22~48~1 22~48~2 22~48~3 22~48~4 22~48~5 23~51~10 23~51~11 23~51~12 23~51~13 23~51~14 34~39~1 34~39~2 34~39~3 34~51~1 34~51~2 36~39~3 36~39~4 36~39~5 36~39~6 39 39~54~1 39~54~2 39~54~3 39~54~4 41~48~10 41~48~11 41~48~12 41~48~5 41~48~6 41~48~7 41~48~8 41~48~9 42 42~45~1 42~45~2 42~45~3 51,81,,1,2,1
lin-lin03-regiao-f4,148,5.0,5,13 17 19~49~5 22 22~45~6,4,"1,1,1,2",0,11 11~21~1 11~21~2 11~44~1 11~44~2 11~44~3 11~44~4 11~44~5 11~44~6 11~44~7 17~20~1 17~20~2 17~20~3 17~20~4 17~20~5 17~20~6 17~20~7 17~20~8 17~51~1 17~51~2 17~52~1 17~52~2 17~52~3 17~52~4 17~52~5 17~52~6 17~52~7 17~52~8 21 21~42~1 21~42~2 21~42~3 21~42~4 21~42~5 21~42~6 21~42~7 22~45~1 22~45~2 22~45~3 22~45~4 22~45~5 22~45~7 22~45~8 22~45~9 22~48~1 22~48~2 22~48~3 22~48~4 22~48~5 23~51~10 23~51~11 23~51~12 23~51~13 23~51~14 27~54~4 27~54~5 27~54~6 34~39~1 34~39~2 34~39~3 34~51~1 34~51~2 36~39~3 36~39~4 36~39~5 36~39~6 39 39~54~1 39~54~2 39~54~3 39~54~4 39~54~5 39~54~6 41~48~10 41~48~11 41~48~12 41~48~5 41~48~6 41~48~7 41~48~8 41~48~9 42 42~45~1 42~45~2 42~45~3 42~45~4 42~45~5 42~45~6 45 51 54,91,,1,2,1
lin-lin03-regiao-f4,149,5.0,5,13 17 19~49~5 22 22~45~7,4,"1,1,1,2",0,11 11~21~1 11~21~2 11~44~1 11~44~2 11~44~3 11~44~4 11~44~5 11~44~6 11~44~7 17~20~1 17~20~2 17~20~3 17~20~4 17~20~5 17~20~6 17~20~7 17~20~8 17~51~1 17~51~2 17~52~1 17~52~2 17~52~3 17~52~4 17~52~5 17~52~6 17~52~7 17~52~8 21 21~42~1 21~42~2 21~42~3 21~42~4 21~42~5 21~42~6 21~42~7 22~45~1 22~45~2 22~45~3 22~45~4 22~45~5 22~45~6 22~45~8 22~45~9 22~48~1 22~48~2 22~48~3 22~48~4 22~48~5 23~51~10 23~51~11 23~51~12 23~51~13 23~51~14 27~54~3 27~54~4 27~54~5 27~54~6 34~39~1 34~39~2 34~39~3 34~51~1 34~51~2 36~39~3 36~39~4 36~39~5 36~39~6 39 39~54~1 39~54~2 39~54~3 39~54~4 39~54~5 39~54~6 41~48~10 41~48~11 41~48~12 41~48~5 41~48~6 41~48~7 41~48~8 41~48~9 42 42~45~1 42~45~2 42~45~3 42~45~4 42~45~5 42~45~6 45 51 54,92,,1,2,1
lin-lin03-regiao-f4,150,5.0,5,13 17 19~49~5 22~45~1 22~45~9,4,"1,1,1,2",0,11 11~21~1 11~21~2 11~44~1 11~44~2 11~44~3 11~44~4 11~44~5 11~44~6 11~44~7 17~20~1 17~20~2 17~20~3 17~20~4 17~20~5 17~20~6 17~20~7 17~20~8 17~51~1 17~51~2 17~52~1 17~52~2 17~52~3 17~52~4 17~52~5 17~52~6 17~52~7 17~52~8 21 21~42~1 21~42~2 21~42~3 21~42~4 21~42~5 21~42~6 21~42~7 22 22~45~2 22~45~3 22~45~4 22~45~5 22~45~6 22~45~7 22~45~8 22~48~1 22~48~2 22~48~3 22~48~4 22~48~5 23~51~10 23~51~11 23~51~12 23~51~13 23~51~14 27~54~1 27~54~2 27~54~3 27~54~4 27~54~5 27~54~6 34~39~1 34~39~2 34~39~3 34~51~1 34~51~2 36~39~3 36~39~4 36~39~5 36~39~6 39 39~54~1 39~54~2 39~54~3 39~54~4 39~54~5 39~54~6 41~48~10 41~48~11 41~48~12 41~48~5 41~48~6 41~48~7 41~48~8 41~48~9 42 42~45~1 42~45~2 42~45~3 42~45~4 42~45~5 42~45~6 45 51 54,94,,1,2,1
lin-lin03-regiao-f4,151,5.0,5,13 17 19~49~5 22 22~45~8,4,"1,1,1,2",0,11 11~21~1 11~21~2 11~44~1 11~44~2 11~44~3 11~44~4 11~44~5 11~44~6 11~44~7 17~20~1 17~20~2 17~20~3 17~20~4 17~20~5 17~20~6 17~20~7 17~20~8 17~51~1 17~51~2 17~52~1 17~52~2 17~52~3 17~52~4 17~52~5 17~52~6 17~52~7 17~52~8 21 21~42~1 21~42~2 21~42~3 21~42~4 21~42~5 21~42~6 21~42~7 22~45~1 22~45~2 22~45~3 22~45~4 22~45~5 22~45~6 22~45~7 22~45~9 22~48~1 22~48~2 22~48~3 22~48~4 22~48~5 23~51~10 23~51~11 23~51~12 23~51~13 23~51~14 27~54~2 27~54~3 27~54~4 27~54~5 27~54~6 34~39~1 34~39~2 34~39~3 34~51~1 34~51~2 36~39~3 36~39~4 36~39~5 36~39~6 39 39~54~1 39~54~2 39~54~3 39~54~4 39~54~5 39~54~6 41~48~10 41~48~11 41~48~12 41~48~5 41~48~6 41~48~7 41~48~8 41~48~9 42 42~45~1 42~45~2 42~45~3 42~45~4 42~45~5 42~45~6 45 51 54,93,,1,2,1
lin-lin03-regiao-f4,152,5.0,5,13 17 19~49~5 22 45,5,"1,1,1,1,1",0,11 11~21~1 11~21~2 11~44~1 11~44~2 11~44~3 11~44~4 11~44~5 11~44~6 11~44~7 17~20~1 17~20~2 17~20~3 17~20~4 17~20~5 17~20~6 17~20~7 17~20~8 17~51~1 17~51~2 17~52~1 17~52~2 17~52~3 17~52~4 17~52~5 17~52~6 17~52~7 17~52~8 21 21~42~1 21~42~2 21~42~3 21~42~4 21~42~5 21~42~6 21~42~7 22~45~1 22~45~2 22~45~3 22~45~4 22~45~5 22~45~6 22~45~7 22~45~8 22~48~1 22~48~2 22~48~3 22~48~4 22~48~5 23~51~10 23~51~11 23~51~12 23~51~13 23~51~14 34~39~1 34~39~2 34~39~3 34~51~1 34~51~2 36~39~3 36~39~4 36~39~5 36~39~6 39 39~54~1 39~54~2 39~54~3 39~54~4 41~48~10 41~48~11 41~48~12 41~48~5 41~48~6 41~48~7 41~48~8 41~48~9 42 42~45~1 42~45~2 42~45~3 51,81,,1,2,1
lin-lin03-regiao-f4,153,5.0,5,13 17 19~49~4 22~45~7 22~48~1,4,"1,1,1,2",0,11 11~21~1 11~21~2 11~44~1 11~44~2 11~44~3 11~44~4 11~44~5 11~44~6 11~44~7 17~20~1 17~20~2 17~20~3 17~20~4 17~20~5 17~20~6 17~20~7 17~20~8 17~51~1 17~51~2 17~52~1 17~52~2 17~52~3 17~52~4 17~52~5 17~52~6 17~52~7 17~52~8 21 21~42~1 21~42~2 21~42~3 21~42~4 21~42~5 21~42~6 21~42~7 22 22~45~1 22~45~2 22~45~3 22~45~4 22~45~5 22~45~6 22~45~8 22~45~9 22~48~2 22~48~3 22~48~4 22~48~5 23~51~10 23~51~11 23~51~12 23~51~13 23~51~14 27~54~3 27~54~4 27~54~5 27~54~6 34~39~1 34~39~2 34~39~3 34~51~1 34~51~2 36~39~3 36~39~4 36~39~5 36~39~6 39 39~54~1 39~54~2 39~54~3 39~54~4 39~54~5 39~54~6 41~48~10 41~48~11 41~48~12 41~48~5 41~48~6 41~48~7 41~48~8 41~48~9 42 42~45~1 42~45~2 42~45~3 42~45~4 42~45~5 42~45~6 45 51 54,92,,1,2,1
lin-lin03-regiao-f4,154,5.0,5,13 17 19~49~4 22~45~7 22~48~2,5,"1,1,1,1,1",0,11 11~21~1 11~21~2 11~44~1 11~44~2 11~44~3 11~44~4 11~44~5 11~44~6 11~44~7 17~20~1 17~20~2 17~20~3 17~20~4 17~20~5 17~20~6 17~20~7 17~20~8 17~51~1 17~51~2 17~52~1 17~52~2 17~52~3 17~52~4 17~52~5 17~52~6 17~52~7 17~52~8 21 21~42~1 21~42~2 21~42~3 21~42~4 21~42~5 21~42~6 21~42~7 22 22~45~1 22~45~2 22~45~3 22~45~4 22~45~5 22~45~6 22~48~1 22~48~3 22~48~4 22~48~5 23~51~10 23~51~11 23~51~12 23~51~13 23~51~14 34~39~1 34~39~2 34~39~3 34~51~1 34~51~2 36~39~3 36~39~4 36~39~5 36~39~6 39 39~54~1 39~54~2 39~54~3 39~54~4 41~48~10 41~48~11 41~48~12 41~48~5 41~48~6 41~48~7 41~48~8 41~48~9 42 42~45~1 42~45~2 42~45~3 51,79,,1,2,1
lin-lin03-regiao-f4,155,5.0,5,13 17 19~49~5 22~45~1 45,5,"1,1,1,1,1",0,11 11~21~1 11~21~2 11~44~1 11~44~2 11~44~3 11~44~4 11~44~5 11~44~6 11~44~7 17~20~1 17~20~2 17~20~3 17~20~4 17~20~5 17~20~6 17~20~7 17~20~8 17~51~1 17~51~2 17~52~1 17~52~2 17~52~3 17~52~4 17~52~5 17~52~6 17~52~7 17~52~8 21 21~42~1 21~42~2 21~42~3 21~42~4 21~42~5 21~42~6 21~42~7 22 22~45~2 22~45~3 22~45~4 22~45~5 22~45~6 22~45~7 22~45~8 22~45~9 22~48~1 22~48~2 22~48~3 22~48~4 22~48~5 23~51~10 23~51~11 23~51~12 23~51~13 23~51~14 34~39~1 34~39~2 34~39~3 34~51~1 34~51~2 36~39~3 36~39~4 36~39~5 36~39~6 39 39~54~1 39~54~2 39~54~3 39~54~4 41~48~10 41~48~11 41~48~12 41~48~5 41~48~6 41~48~7 41~48~8 41~48~9 42 42~45~1 42~45~2 42~45~3 51,82,,1,2,1
lin-lin03-regiao-f4,156,5.0,5,13 17 19~49~5 22~45~1 22~45~8,4,"1,1,1,2",0,11 11~21~1 11~21~2 11~44~1 11~44~2 11~44~3 11~44~4 11~44~5 11~44~6 11~44~7 17~20~1 17~20~2 17~20~3 17~20~4 17~20~5 17~20~6 17~20~7 17~20~8 17~51~1 17~51~2 17~52~1 17~52~2 17~52~3 17~52~4 17~52~5 17~52~6 17~52~7 17~52~8 21 21~42~1 21~42~2 21~42~3 21~42~4 21~42~5 21~42~6 21~42~7 22 22~45~2 22~45~3 22~45~4 22~45~5 22~45~6 22~45~7 22~45~9 22~48~1 22~48~2 22~48~3 22~48~4 22~48~5 23~51~10 23~51~11 23~51~12 23~51~13 23~51~14 27~54~2 27~54~3 27~54~4 27~54~5 27~54~6 34~39~1 34~39~2 34~39~3 34~51~1 34~51~2 36~39~3 36~39~4 36~39~5 36~39~6 39 39~54~1 39~54~2 39~54~3 39~54~4 39~54~5 39~54~6 41~48~10 41~48~11 41~48~12 41~48~5 41~48~6 41~48~7 41~48~8 41~48~9 42 42~45~1 42~45~2 42~45~3 42~45~4 42~45~5 42~45~6 45 51 54,93,,1,2,1
lin-lin03-regiao-f4,157,5.0,5,10~31~2 11~21~1 13 22~45~6 22~48~1,4,"1,1,1,2",0,11 11~21~2 11~44~1 11~44~2 11~44~3 11~44~4 11~44~5 11~44~6 11~44~7 17 17~20~1 17~20~2 17~20~3 17~20~4 17~20~5 17~20~6 17~51~1 17~51~2 17~52~1 17~52~2 17~52~3 17~52~4 17~52~5 17~52~6 21 21~42~1 21~42~2 21~42~3 21~42~4 21~42~5 21~42~6 21~42~7 22 22~45~1 22~45~2 22~45~3 22~45~4 22~45~5 22~45~7 22~45~8 22~45~9 22~48~2 22~48~3 22~48~4 22~48~5 23~51~10 23~51~11 23~51~12 23~51~13 23~51~14 27~54~4 27~54~5 27~54~6 34~39~1 34~39~2 34~39~3 34~51~1 34~51~2 36~39~3 36~39~4 36~39~5 36~39~6 39 39~54~1 39~54~2 39~54~3 39~54~4 39~54~5 39~54~6 41~48~10 41~48~11 41~48~12 41~48~5 41~48~6 41~48~7 41~48~8 41~48~9 42 42~45~1 42~45~2 42~45~3 42~45~4 42~45~5 42~45~6 45 51 54,87,,1,2,1
lin-lin03-regiao-f4,158,5.0,5,10~31~2 11~21~1 13 22~45~7 22~48~1,4,"1,1,1,2",0,11 11~21~2 11~44~1 11~44~2 11~44~3 11~44~4 11~44~5 11~44~6 11~44~7 17 17~20~1 17~20~2 17~20~3 17~20~4 17~20~5 17~20~6 17~51~1 17~51~2 17~52~1 17~52~2 17~52~3 17~52~4 17~52~5 17~52~6 21 21~42~1 21~42~2 21~42~3 21~42~4 21~42~5 21~42~6 21~42~7 22 22~45~1 22~45~2 22~45~3 22~45~4 22~45~5 22~45~6 22~45~8 22~45~9 22~48~2 22~48~3 22~48~4 22~48~5 23~51~10 23~51~11 23~51~12 23~51~13 23~51~14 27~54~3 27~54~4 27~54~5 27~54~6 34~39~1 34~39~2 34~39~3 34~51~1 34~51~2 36~39~3 36~39~4 36~39~5 36~39~6 39 39~54~1 39~54~2 39~54~3 39~54~4 39~54~5 39~54~6 41~48~10 41~48~11 41~48~12 41~48~5 41~48~6 41~48~7 41~48~8 41~48~9 42 42~45~1 42~45~2 42~45~3 42~45~4 42~45~5 42~45~6 45 51 54,88,,1,2,1
lin-lin03-regiao-f4,159,5.0,5,10~31~2 11~21~1 13 22~45~7 22~48~2,5,"1,1,1,1,1",0,11 11~21~2 11~44~1 11~44~2 11~44~3 11~44~4 11~44~5 11~44~6 11~44~7 17 17~20~1 17~20~2 17~20~3 17~20~4 17~20~5 17~20~6 17~51~1 17~51~2 17~52~1 17~52~2 17~52~3 17~52~4 17~52~5 17~52~6 21 21~42~1 21~42~2 21~42~3 21~42~4 21~42~5 21~42~6 21~42~7 22 22~45~1 22~45~2 22~45~3 22~45~4 22~45~5 22~45~6 22~48~1 22~48~3 22~48~4 22~48~5 23~51~10 23~51~11 23~51~12 23~51~13 23~51~14 34~39~1 34~39~2 34~39~3 34~51~1 34~51~2 36~39~3 36~39~4 36~39~5 36~39~6 39 39~54~1 39~54~2 39~54~3 39~54~4 41~48~10 41~48~11 41~48~12 41~48~5 41~48~6 41~48~7 41~48~8 41~48~9 42 42~45~1 42~45~2 42~45~3 51,75,,1,2,1
lin-lin03-regiao-f4,160,5.0,5,10~31~2 11~21~1 13 22~45~8 22~48~1,5,"1,1,1,1,1",0,11 11~21~2 11~44~1 11~44~2 11~44~3 11~44~4 11~44~5 11~44~6 11~44~7 17 17~20~1 17~20~2 17~20~3 17~20~4 17~20~5 17~20~6 17~51~1 17~51~2 17~52~1 17~52~2 17~52~3 17~52~4 17~52~5 17~52~6 21 21~42~1 21~42~2 21~42~3 21~42~4 21~42~5 21~42~6 21~42~7 22 22~45~1 22~45~2 22~45~3 22~45~4 22~45~5 22~45~6 22~45~7 22~48~2 22~48~3 22~48~4 22~48~5 23~51~10 23~51~11 23~51~12 23~51~13 23~51~14 34~39~1 34~39~2 34~39~3 34~51~1 34~51~2 36~39~3 36~39~4 36~39~5 36~39~6 39 39~54~1 39~54~2 39~54~3 39~54~4 41~48~10 41~48~11 41~48~12 41~48~5 41~48~6 41~48~7 41~48~8 41~48~9 42 42~45~1 42~45~2 42~45~3 51,76,,1,2,1
lin-lin03-regiao-f4,161,5.0,5,10~31~2 11~21~1 13 22~48~1 45,5,"1,1,1,1,1",0,11 11~21~2 11~44~1 11~44~2 11~44~3 11~44~4 11~44~5 11~44~6 11~44~7 17 17~20~1 17~20~2 17~20~3 17~20~4 17~20~5 17~20~6 17~51~1 17~51~2 17~52~1 17~52~2 17~52~3 17~52~4 17~52~5 17~52~6 21 21~42~1 21~42~2 21~42~3 21~42~4 21~42~5 21~42~6 21~42~7 22 22~45~1 22~45~2 22~45~3 22~45~4 22~45~5 22~45~6 22~45~7 22~48~2 22~48~3 22~48~4 22~48~5 23~51~10 23~51~11 23~51~12 23~51~13 23~51~14 34~39~1 34~39~2 34~39~3 34~51~1 34~51~2 36~39~3 36~39~4 36~39~5 36~39~6 39 39~54~1 39~54~2 39~54~3 39~54~4 41~48~10 41~48~11 41~48~12 41~48~5 41~48~6 41~48~7 41~48~8 41~48~9 42 42~45~1 42~45~2 42~45~3 51,76,,1,2,1
lin-lin03-regiao-f4,162,5.0,5,10~31~2 11~21~1 13 22~48~2 45,5,"1,1,1,1,1",0,11 11~21~2 11~44~1 11~44~2 11~44~3 11~44~4 11~44~5 11~44~6 11~44~7 17 17~20~1 17~20~2 17~20~3 17~20~4 17~20~5 17~20~6 17~51~1 17~51~2 17~52~1 17~52~2 17~52~3 17~52~4 17~52~5 17~52~6 21 21~42~1 21~42~2 21~42~3 21~42~4 21~42~5 21~42~6 21~42~7 22 22~45~1 22~45~2 22~45~3 22~45~4 22~45~5 22~45~6 22~48~1 22~48~3 22~48~4 22~48~5 23~51~10 23~51~11 23~51~12 23~51~13 23~51~14 34~39~1 34~39~2 34~39~3 34~51~1 34~51~2 36~39~3 36~39~4 36~39~5 36~39~6 39 39~54~1 39~54~2 39~54~3 39~54~4 41~48~10 41~48~11 41~48~12 41~48~5 41~48~6 41~48~7 41~48~8 41~48~9 42 42~45~1 42~45~2 42~45~3 51,75,,1,2,1
lin-lin03-regiao-f4,163,5.0,5,10~31~2 11~21~1 13 22~45~9 22~48~2,5,"1,1,1,1,1",0,11 11~21~2 11~44~1 11~44~2 11~44~3 11~44~4 11~44~5 11~44~6 11~44~7 17 17~20~1 17~20~2 17~20~3 17~20~4 17~20~5 17~20~6 17~51~1 17~51~2 17~52~1 17~52~2 17~52~3 17~52~4 17~52~5 17~52~6 21 21~42~1 21~42~2 21~42~3 21~42~4 21~42~5 21~42~6 21~42~7 22 22~45~1 22~45~2 22~45~3 22~45~4 22~45~5 22~45~6 22~48~1 22~48~3 22~48~4 22~48~5 23~51~10 23~51~11 23~51~12 23~51~13 23~51~14 34~39~1 34~39~2 34~39~3 34~51~1 34~51~2 36~39~3 36~39~4 36~39~5 36~39~6 39 39~54~1 39~54~2 39~54~3 39~54~4 41~48~10 41~48~11 41~48~12 41~48~5 41~48~6 41~48~7 41~48~8 41~48~9 42 42~45~1 42~45~2 42~45~3 51,75,,1,2,1
lin-lin03-regiao-f4,164,5.0,5,10~31~2 11~21~1 13 22~45~8 22~48~2,5,"1,1,1,1,1",0,11 11~21~2 11~44~1 11~44~2 11~44~3 11~44~4 11~44~5 11~44~6 11~44~7 17 17~20~1 17~20~2 17~20~3 17~20~4 17~20~5 17~20~6 17~51~1 17~51~2 17~52~1 17~52~2 17~52~3 17~52~4 17~52~5 17~52~6 21 21~42~1 21~42~2 21~42~3 21~42~4 21~42~5 21~42~6 21~42~7 22 22~45~1 22~45~2 22~45~3 22~45~4 22~45~5 22~45~6 22~48~1 22~48~3 22~48~4 22~48~5 23~51~10 23~51~11 23~51~12 23~51~13 23~51~14 34~39~1 34~39~2 34~39~3 34~51~1 34~51~2 36~39~3 36~39~4 36~39~5 36~39~6 39 39~54~1 39~54~2 39~54~3 39~54~4 41~48~10 41~48~11 41~48~12 41~48~5 41~48~6 41~48~7 41~48~8 41~48~9 42 42~45~1 42~45~2 42~45~3 51,75,,1,2,1
lin-lin03-regiao-f4,165,5.0,5,11~21~2 13 19~49~4 22~45~9 22~48~1,5,"1,1,1,1,1",0,11 11~21~1 11~44~1 11~44~2 11~44~3 11~44~4 11~44~5 11~44~6 17 17~20~1 17~20~2 17~20~3 17~20~4 17~20~5 17~51~1 17~51~2 17~52~1 17~52~2 17~52~3 17~52~4 17~52~5 21 21~42~1 21~42~2 21~42~3 21~42~4 21~42~5 21~42~6 21~42~7 22 22~45~1 22~45~2 22~45~3 22~45~4 22~45~5 22~45~6 22~45~7 22~48~2 22~48~3 22~48~4 22~48~5 23~51~10 23~51~11 23~51~12 23~51~13 23~51~14 23~51~9 34~39~1 34~39~2 34~39~3 34~51~1 34~51~2 36~39~3 36~39~4 36~39~5 36~39~6 39 39~54~1 39~54~2 39~54~3 39~54~4 41~48~10 41~48~11 41~48~12 41~48~5 41~48~6 41~48~7 41~48~8 41~48~9 42 42~45~1 42~45~2 42~45~3 51,74,,1,2,1
lin-lin03-regiao-f4,166,5.0,5,11~21~2 13~18~1 19~49~4 22~45~9 22~48~1,5,"1,1,1,1,1",0,11 11~21~1 11~44~1 11~44~2 11~44~3 11~44~4 11~44~5 11~44~6 17 17~20~1 17~20~2 17~20~3 17~20~4 17~20~5 17~51~1 17~51~2 17~52~1 17~52~2 17~52~3 17~52~4 17~52~5 21 21~42~1 21~42~2 21~42~3 21~42~4 21~42~5 21~42~6 21~42~7 22 22~45~1 22~45~2 22~45~3 22~45~4 22~45~5 22~45~6 22~45~7 22~48~2 22~48~3 22~48~4 22~48~5 23~51~10 23~51~11 23~51~12 23~51~13 23~51~14 23~51~9 34~39~1 34~39~2 34~39~3 34~51~1 34~51~2 36~39~3 36~39~4 36~39~5 36~39~6 39 39~54~1 39~54~2 39~54~3 39~54~4 41~48~10 41~48~11 41~48~12 41~48~5 41~48~6 41~48~7 41~48~8 41~48~9 42 42~45~1 42~45~2 42~45~3 51,74,,1,2,1
lin-lin03-regiao-f4,167,5.0,5,11~21~2 13 19~49~3 22~45~9 22~48~1,5,"1,1,1,1,1",0,11 11~21~1 11~44~1 11~44~2 11~44~3 11~44~4 11~44~5 11~44~6 17 17~20~1 17~20~2 17~20~3 17~20~4 17~20~5 17~51~1 17~51~2 17~52~1 17~52~2 17~52~3 17~52~4 17~52~5 21 21~42~1 21~42~2 21~42~3 21~42~4 21~42~5 21~42~6 21~42~7 22 22~45~1 22~45~2 22~45~3 22~45~4 22~45~5 22~45~6 22~45~7 22~48~2 22~48~3 22~48~4 22~48~5 23~51~10 23~51~11 23~51~12 23~51~13 23~51~14 23~51~9 34~39~1 34~39~2 34~39~3 34~51~1 34~51~2 36~39~3 36~39~4 36~39~5 36~39~6 39 39~54~1 39~54~2 39~54~3 39~54~4 41~48~10 41~48~11 41~48~12 41~48~5 41~48~6 41~48~7 41~48~8 41~48~9 42 42~45~1 42~45~2 42~45~3 51,74,,1,2,1
lin-lin03-regiao-f4,168,5.0,5,11~21~2 13~18~1 19~49~3 22~45~9 22~48~1,5,"1,1,1,1,1",0,11 11~21~1 11~44~1 11~44~2 11~44~3 11~44~4 11~44~5 11~44~6 17 17~20~1 17~20~2 17~20~3 17~20~4 17~20~5 17~51~1 17~51~2 17~52~1 17~52~2 17~52~3 17~52~4 17~52~5 21 21~42~1 21~42~2 21~42~3 21~42~4 21~42~5 21~42~6 21~42~7 22 22~45~1 22~45~2 22~45~3 22~45~4 22~45~5 22~45~6 22~45~7 22~48~2 22~48~3 22~48~4 22~48~5 23~51~10 23~51~11 23~51~12 23~51~13 23~51~14 23~51~9 34~39~1 34~39~2 34~39~3 34~51~1 34~51~2 36~39~3 36~39~4 36~39~5 36~39~6 39 39~54~1 39~54~2 39~54~3 39~54~4 41~48~10 41~48~11 41~48~12 41~48~5 41~48~6 41~48~7 41~48~8 41~48~9 42 42~45~1 42~45~2 42~45~3 51,74,,1,2,1
lin-lin03-regiao-f4,169,5.0,5,11~21~2 13 19~49~3 22 22~45~9,5,"1,1,1,1,1",0,11 11~21~1 11~44~1 11~44~2 11~44~3 11~44~4 11~44~5 11~44~6 17 17~20~1 17~20~2 17~20~3 17~20~4 17~20~5 17~51~1 17~51~2 17~52~1 17~52~2 17~52~3 17~52~4 17~52~5 21 21~42~1 21~42~2 21~42~3 21~42~4 21~42~5 21~42~6 21~42~7 22~45~1 22~45~2 22~45~3 22~45~4 22~45~5 22~45~6 22~45~7 22~45~8 22~48~1 22~48~2 22~48~3 22~48~4 22~48~5 23~51~10 23~51~11 23~51~12 23~51~13 23~51~14 23~51~9 34~39~1 34~39~2 34~39~3 34~51~1 34~51~2 36~39~3 36~39~4 36~39~5 36~39~6 39 39~54~1 39~54~2 39~54~3 39~54~4 41~48~10 41~48~11 41~48~12 41~48~5 41~48~6 41~48~7 41~48~8 41~48~9 42 42~45~1 42~45~2 42~45~3 51,75,,1,2,1
lin-lin03-regiao-f4,170,5.0,5,11~21~2 13~18~1 19~49~3 22 22~45~9,5,"1,1,1,1,1",0,11 11~21~1 11~44~1 11~44~2 11~44~3 11~44~4 11~44~5 11~44~6 17 17~20~1 17~20~2 17~20~3 17~20~4 17~20~5 17~51~1 17~51~2 17~52~1 17~52~2 17~52~3 17~52~4 17~52~5 21 21~42~1 21~42~2 21~42~3 21~42~4 21~42~5 21~42~6 21~42~7 22~45~1 22~45~2 22~45~3 22~45~4 22~45~5 22~45~6 22~45~7 22~45~8 22~48~1 22~48~2 22~48~3 22~48~4 22~48~5 23~51~10 23~51~11 23~51~12 23~51~13 23~51~14 23~51~9 34~39~1 34~39~2 34~39~3 34~51~1 34~51~2 36~39~3 36~39~4 36~39~5 36~39~6 39 39~54~1 39~54~2 39~54~3 39~54~4 41~48~10 41~48~11 41~48~12 41~48~5 41~48~6 41~48~7 41~48~8 41~48~9 42 42~45~1 42~45~2 42~45~3 51,75,,1,2,1
lin-lin03-regiao-f4,171,5.0,5,11~21~2 13~18~1 19~49~3 22 22~45~6,4,"1,1,1,2",0,11 11~21~1 11~44~1 11~44~2 11~44~3 11~44~4 11~44~5 11~44~6 17 17~20~1 17~20~2 17~20~3 17~20~4 17~20~5 17~51~1 17~51~2 17~52~1 17~52~2 17~52~3 17~52~4 17~52~5 21 21~42~1 21~42~2 21~42~3 21~42~4 21~42~5 21~42~6 21~42~7 22~45~1 22~45~2 22~45~3 22~45~4 22~45~5 22~45~7 22~45~8 22~45~9 22~48~1 22~48~2 22~48~3 22~48~4 22~48~5 23~51~10 23~51~11 23~51~12 23~51~13 23~51~14 23~51~9 27~54~4 27~54~5 27~54~6 34~39~1 34~39~2 34~39~3 34~51~1 34~51~2 36~39~3 36~39~4 36~39~5 36~39~6 39 39~54~1 39~54~2 39~54~3 39~54~4 39~54~5 39~54~6 41~48~10 41~48~11 41~48~12 41~48~5 41~48~6 41~48~7 41~48~8 41~48~9 42 42~45~1 42~45~2 42~45~3 42~45~4 42~45~5 42~45~6 45 51 54,85,,1,2,1
lin-lin03-regiao-f4,172,5.0,5,11~21~2 13~18~1 19~49~3 22 22~45~7,4,"1,1,1,2",0,11 11~21~1 11~44~1 11~44~2 11~44~3 11~44~4 11~44~5 11~44~6 17 17~20~1 17~20~2 17~20~3 17~20~4 17~20~5 17~51~1 17~51~2 17~52~1 17~52~2 17~52~3 17~52~4 17~52~5 21 21~42~1 21~42~2 21~42~3 21~42~4 21~42~5 21~42~6 21~42~7 22~45~1 22~45~2 22~45~3 22~45~4 22~45~5 22~45~6 22~45~8 22~45~9 22~48~1 22~48~2 22~48~3 22~48~4 22~48~5 23~51~10 23~51~11 23~51~12 23~51~13 23~51~14 23~51~9 27~54~3 27~54~4 27~54~5 27~54~6 34~39~1 34~39~2 34~39~3 34~51~1 34~51~2 36~39~3 36~39~4 36~39~5 36~39~6 39 39~54~1 39~54~2 39~54~3 39~54~4 39~54~5 39~54~6 41~48~10 41~48~11 41~48~12 41~48~5 41~48~6 41~48~7 41~48~8 41~48~9 42 42~45~1 42~45~2 42~45~3 42~45~4 42~45~5 42~45~6 45 51 54,86,,1,2,1
lin-lin03-regiao-f4,173,5.0,5,11~21~2 13~18~1 19~49~3 22~45~1 22~45~9,4,"1,1,1,2",0,11 11~21~1 11~44~1 11~44~2 11~44~3 11~44~4 11~44~5 11~44~6 17 17~20~1 17~20~2 17~20~3 17~20~4 17~20~5 17~51~1 17~51~2 17~52~1 17~52~2 17~52~3 17~52~4 17~52~5 21 21~42~1 21~42~2 21~42~3 21~42~4 21~42~5 21~42~6 21~42~7 22 22~45~2 22~45~3 22~45~4 22~45~5 22~45~6 22~45~7 22~45~8 22~48~1 22~48~2 22~48~3 22~48~4 22~48~5 23~51~10 23~51~11 23~51~12 23~51~13 23~51~14 23~51~9 27~54~1 27~54~2 27~54~3 27~54~4 27~54~5 27~54~6 34~39~1 34~39~2 34~39~3 34~51~1 34~51~2 36~39~3 36~39~4 36~39~5 36~39~6 39 39~54~1 39~54~2 39~54~3 39~54~4 39~54~5 39~54~6 41~48~10 41~48~11 41~48~12 41~48~5 41~48~6 41~48~7 41~48~8 41~48~9 42 42~45~1 42~45~2 42~45~3 42~45~4 42~45~5 42~45~6 45 51 54,88,,1,2,1
lin-lin03-regiao-f4,174,5.0,5,11~21~2 13~18~1 19~49~3 22 22~45~8,4,"1,1,1,2",0,11 11~21~1 11~44~1 11~44~2 11~44~3 11~44~4 11~44~5 11~44~6 17 17~20~1 17~20~2 17~20~3 17~20~4 17~20~5 17~51~1 17~51~2 17~52~1 17~52~2 17~52~3 17~52~4 17~52~5 21 21~42~1 21~42~2 21~42~3 21~42~4 21~42~5 21~42~6 21~42~7 22~45~1 22~45~2 22~45~3 22~45~4 22~45~5 22~45~6 22~45~7 22~45~9 22~48~1 22~48~2 22~48~3 22~48~4 22~48~5 23~51~10 23~51~11 23~51~12 23~51~13 23~51~14 23~51~9 27~54~2 27~54~3 27~54~4 27~54~5 27~54~6 34~39~1 34~39~2 34~39~3 34~51~1 34~51~2 36~39~3 36~39~4 36~39~5 36~39~6 39 39~54~1 39~54~2 39~54~3 39~54~4 39~54~5 39~54~6 41~48~10 41~48~11 41~48~12 41~48~5 41~48~6 41~48~7 41~48~8 41~48~9 42 42~45~1 42~45~2 42~45~3 42~45~4 42~45~5 42~45~6 45 51 54,87,,1,2,1
lin-lin03-regiao-f4,175,5.0,5,11~21~2 13~18~1 19~49~3 22 45,5,"1,1,1,1,1",0,11 11~21~1 11~44~1 11~44~2 11~44~3 11~44~4 11~44~5 11~44~6 17 17~20~1 17~20~2 17~20~3 17~20~4 17~20~5 17~51~1 17~51~2 17~52~1 17~52~2 17~52~3 17~52~4 17~52~5 21 21~42~1 21~42~2 21~42~3 21~42~4 21~42~5 21~42~6 21~42~7 22~45~1 22~45~2 22~45~3 22~45~4 22~45~5 22~45~6 22~45~7 22~45~8 22~48~1 22~48~2 22~48~3 22~48~4 22~48~5 23~51~10 23~51~11 23~51~12 23~51~13 23~51~14 23~51~9 34~39~1 34~39~2 34~39~3 34~51~1 34~51~2 36~39~3 36~39~4 36~39~5 36~39~6 39 39~54~1 39~54~2 39~54~3 39~54~4 41~48~10 41~48~11 41~48~12 41~48~5 41~48~6 41~48~7 41~48~8 41~48~9 42 42~45~1 42~45~2 42~45~3 51,75,,1,2,1
lin-lin03-regiao-f4,176,5.0,5,10~31~2 11~21~1 13 22~45~6 22~48~2,4,"1,1,1,2",0,11 11~21~2 11~44~1 11~44~2 11~44~3 11~44~4 11~44~5 11~44~6 11~44~7 17 17~20~1 17~20~2 17~20~3 17~20~4 17~20~5 17~20~6 17~51~1 17~51~2 17~52~1 17~52~2 17~52~3 17~52~4 17~52~5 17~52~6 21 21~42~1 21~42~2 21~42~3 21~42~4 21~42~5 21~42~6 21~42~7 22 22~45~1 22~45~2 22~45~3 22~45~4 22~45~5 22~45~7 22~45~8 22~45~9 22~48~1 22~48~3 22~48~4 22~48~5 23~51~10 23~51~11 23~51~12 23~51~13 23~51~14 27~54~4 27~54~5 27~54~6 34~39~1 34~39~2 34~39~3 34~51~1 34~51~2 36~39~3 36~39~4 36~39~5 36~39~6 39 39~54~1 39~54~2 39~54~3 39~54~4 39~54~5 39~54~6 41~48~10 41~48~11 41~48~12 41~48~5 41~48~6 41~48~7 41~48~8 41~48~9 42 42~45~1 42~45~2 42~45~3 42~45~4 42~45~5 42~45~6 45 51 54,87,,1,2,1
lin-lin03-regiao-f4,177,5.0,5,11~21~2 13~18~1 19~49~3 22~45~1 22~45~7,4,"1,1,1,2",0,11 11~21~1 11~44~1 11~44~2 11~44~3 11~44~4 11~44~5 11~44~6 17 17~20~1 17~20~2 17~20~3 17~20~4 17~20~5 17~51~1 17~51~2 17~52~1 17~52~2 17~52~3 17~52~4 17~52~5 21 21~42~1 21~42~2 21~42~3 21~42~4 21~42~5 21~42~6 21~42~7 22 22~45~2 22~45~3 22~45~4 22~45~5 22~45~6 22~45~8 22~45~9 22~48~1 22~48~2 22~48~3 22~48~4 22~48~5 23~51~10 23~51~11 23~51~12 23~51~13 23~51~14 23~51~9 27~54~3 27~54~4 27~54~5 27~54~6 34~39~1 34~39~2 34~39~3 34~51~1 34~51~2 36~39~3 36~39~4 36~39~5 36~39~6 39 39~54~1 39~54~2 39~54~3 39~54~4 39~54~5 39~54~6 41~48~10 41~48~11 41~48~12 41~48~5 41~48~6 41~48~7 41~48~8 41~48~9 42 42~45~1 42~45~2 42~45~3 42~45~4 42~45~5 42~45~6 45 51 54,86,,1,2,1
lin-lin03-regiao-f4,178,5.0,5,11~21~2 13~18~1 19~49~3 22~45~1 22~45~8,4,"1,1,1,2",0,11 11~21~1 11~44~1 11~44~2 11~44~3 11~44~4 11~44~5 11~44~6 17 17~20~1 17~20~2 17~20~3 17~20~4 17~20~5 17~51~1 17~51~2 17~52~1 17~52~2 17~52~3 17~52~4 17~52~5 21 21~42~1 21~42~2 21~42~3 21~42~4 21~42~5 21~42~6 21~42~7 22 22~45~2 22~45~3 22~45~4 22~45~5 22~45~6 22~45~7 22~45~9 22~48~1 22~48~2 22~48~3 22~48~4 22~48~5 23~51~10 23~51~11 23~51~12 23~51~13 23~51~14 23~51~9 27~54~2 27~54~3 27~54~4 27~54~5 27~54~6 34~39~1 34~39~2 34~39~3 34~51~1 34~51~2 36~39~3 36~39~4 36~39~5 36~39~6 39 39~54~1 39~54~2 39~54~3 39~54~4 39~54~5 39~54~6 41~48~10 41~48~11 41~48~12 41~48~5 41~48~6 41~48~7 41~48~8 41~48~9 42 42~45~1 42~45~2 42~45~3 42~45~4 42~45~5 42~45~6 45 51 54,87,,1,2,1
lin-lin03-regiao-f4,179,5.0,5,11~21~2 13~18~1 19~49~3 22~45~1 45,5,"1,1,1,1,1",0,11 11~21~1 11~44~1 11~44~2 11~44~3 11~44~4 11~44~5 11~44~6 17 17~20~1 17~20~2 17~20~3 17~20~4 17~20~5 17~51~1 17~51~2 17~52~1 17~52~2 17~52~3 17~52~4 17~52~5 21 21~42~1 21~42~2 21~42~3 21~42~4 21~42~5 21~42~6 21~42~7 22 22~45~2 22~45~3 22~45~4 22~45~5 22~45~6 22~45~7 22~45~8 22~45~9 22~48~1 22~48~2 22~48~3 22~48~4 22~48~5 23~51~10 23~51~11 23~51~12 23~51~13 23~51~14 23~51~9 34~39~1 34~39~2 34~39~3 34~51~1 34~51~2 36~39~3 36~39~4 36~39~5 36~39~6 39 39~54~1 39~54~2 39~54~3 39~54~4 41~48~10 41~48~11 41~48~12 41~48~5 41~48~6 41~48~7 41~48~8 41~48~9 42 42~45~1 42~45~2 42~45~3 51,76,,1,2,1
lin-lin03-regiao-f4,180,5.0,5,11~21~2 13~18~1 19~49~3 22~48~1 45,5,"1,1,1,1,1",0,11 11~21~1 11~44~1 11~44~2 11~44~3 11~44~4 11~44~5 11~44~6 17 17~20~1 17~20~2 17~20~3 17~20~4 17~20~5 17~51~1 17~51~2 17~52~1 17~52~2 17~52~3 17~52~4 17~52~5 21 21~42~1 21~42~2 21~42~3 21~42~4 21~42~5 21~42~6 21~42~7 22 22~45~1 22~45~2 22~45~3 22~45~4 22~45~5 22~45~6 22~45~7 22~48~2 22~48~3 22~48~4 22~48~5 23~51~10 23~51~11 23~51~12 23~51~13 23~51~14 23~51~9 34~39~1 34~39~2 34~39~3 34~51~1 34~51~2 36~39~3 36~39~4 36~39~5 36~39~6 39 39~54~1 39~54~2 39~54~3 39~54~4 41~48~10 41~48~11 41~48~12 41~48~5 41~48~6 41~48~7 41~48~8 41~48~9 42 42~45~1 42~45~2 42~45~3 51,74,,1,2,1
lin-lin03-regiao-f4,181,5.0,5,11~21~2 13~18~1 19~49~3 22~48~2 45,5,"1,1,1,1,1",0,11 11~21~1 11~44~1 11~44~2 11~44~3 11~44~4 11~44~5 11~44~6 17 17~20~1 17~20~2 17~20~3 17~20~4 17~20~5 17~51~1 17~51~2 17~52~1 17~52~2 17~52~3 17~52~4 17~52~5 21 21~42~1 21~42~2 21~42~3 21~42~4 21~42~5 21~42~6 21~42~7 22 22~45~1 22~45~2 22~45~3 22~45~4 22~45~5 22~45~6 22~48~1 22~48~3 22~48~4 22~48~5 23~51~10 23~51~11 23~51~12 23~51~13 23~51~14 23~51~9 34~39~1 34~39~2 34~39~3 34~51~1 34~51~2 36~39~3 36~39~4 36~39~5 36~39~6 39 39~54~1 39~54~2 39~54~3 39~54~4 41~48~10 41~48~11 41~48~12 41~48~5 41~48~6 41~48~7 41~48~8 41~48~9 42 42~45~1 42~45~2 42~45~3 51,73,,1,2,1
lin-lin03-regiao-f4,182,5.0,5,11~21~2 13~18~1 19~49~3 22~45~9 22~48~2,5,"1,1,1,1,1",0,11 11~21~1 11~44~1 11~44~2 11~44~3 11~44~4 11~44~5 11~44~6 17 17~20~1 17~20~2 17~20~3 17~20~4 17~20~5 17~51~1 17~51~2 17~52~1 17~52~2 17~52~3 17~52~4 17~52~5 21 21~42~1 21~42~2 21~42~3 21~42~4 21~42~5 21~42~6 21~42~7 22 22~45~1 22~45~2 22~45~3 22~45~4 22~45~5 22~45~6 22~48~1 22~48~3 22~48~4 22~48~5 23~51~10 23~51~11 23~51~12 23~51~13 23~51~14 23~51~9 34~39~1 34~39~2 34~39~3 34~51~1 34~51~2 36~39~3 36~39~4 36~39~5 36~39~6 39 39~54~1 39~54~2 39~54~3 39~54~4 41~48~10 41~48~11 41~48~12 41~48~5 41~48~6 41~48~7 41~48~8 41~48~9 42 42~45~1 42~45~2 42~45~3 51,73,,1,2,1
lin-lin03-regiao-f4,183,5.0,5,11~21~2 13~18~1 19~49~3 22~45~8 22~48~1,5,"1,1,1,1,1",0,11 11~21~1 11~44~1 11~44~2 11~44~3 11~44~4 11~44~5 11~44~6 17 17~20~1 17~20~2 17~20~3 17~20~4 17~20~5 17~51~1 17~51~2 17~52~1 17~52~2 17~52~3 17~52~4 17~52~5 21 21~42~1 21~42~2 21~42~3 21~42~4 21~42~5 21~42~6 21~42~7 22 22~45~1 22~45~2 22~45~3 22~45~4 22~45~5 22~45~6 22~45~7 22~48~2 22~48~3 22~48~4 22~48~5 23~51~10 23~51~11 23~51~12 23~51~13 23~51~14 23~51~9 34~39~1 34~39~2 34~39~3 34~51~1 34~51~2 36~39~3 36~39~4 36~39~5 36~39~6 39 39~54~1 39~54~2 39~54~3 39~54~4 41~48~10 41~48~11 41~48~12 41~48~5 41~48~6 41~48~7 41~48~8 41~48~9 42 42~45~1 42~45~2 42~45~3 51,74,,1,2,1
lin-lin03-regiao-f4,184,5.0,5,11~21~2 13~18~1 19~49~3 22~45~8 22~48~2,5,"1,1,1,1,1",0,11 11~21~1 11~44~1 11~44~2 11~44~3 11~44~4 11~44~5 11~44~6 17 17~20~1 17~20~2 17~20~3 17~20~4 17~20~5 17~51~1 17~51~2 17~52~1 17~52~2 17~52~3 17~52~4 17~52~5 21 21~42~1 21~42~2 21~42~3 21~42~4 21~42~5 21~42~6 21~42~7 22 22~45~1 22~45~2 22~45~3 22~45~4 22~45~5 22~45~6 22~48~1 22~48~3 22~48~4 22~48~5 23~51~10 23~51~11 23~51~12 23~51~13 23~51~14 23~51~9 34~39~1 34~39~2 34~39~3 34~51~1 34~51~2 36~39~3 36~39~4 36~39~5 36~39~6 39 39~54~1 39~54~2 39~54~3 39~54~4 41~48~10 41~48~11 41~48~12 41~48~5 41~48~6 41~48~7 41~48~8 41~48~9 42 42~45~1 42~45~2 42~45~3 51,73,,1,2,1
lin-lin03-regiao-f4,185,5.0,5,11~21~2 13~18~1 19~49~3 22~45~1 22~45~6,4,"1,1,1,2",0,11 11~21~1 11~44~1 11~44~2 11~44~3 11~44~4 11~44~5 11~44~6 17 17~20~1 17~20~2 17~20~3 17~20~4 17~20~5 17~51~1 17~51~2 17~52~1 17~52~2 17~52~3 17~52~4 17~52~5 21 21~42~1 21~42~2 21~42~3 21~42~4 21~42~5 21~42~6 21~42~7 22 22~45~2 22~45~3 22~45~4 22~45~5 22~45~7 22~45~8 22~45~9 22~48~1 22~48~2 22~48~3 22~48~4 22~48~5 23~51~10 23~51~11 23~51~12 23~51~13 23~51~14 23~51~9 27~54~4 27~54~5 27~54~6 34~39~1 34~39~2 34~39~3 34~51~1 34~51~2 36~39~3 36~39~4 36~39~5 36~39~6 39 39~54~1 39~54~2 39~54~3 39~54~4 39~54~5 39~54~6 41~48~10 41~48~11 41~48~12 41~48~5 41~48~6 41~48~7 41~48~8 41~48~9 42 42~45~1 42~45~2 42~45~3 42~45~4 42~45~5 42~45~6 45 51 54,85,,1,2,1
lin-lin03-regiao-f4,186,5.0,5,11~21~2 13~18~1 19~49~3 22~45~7 22~48~1,4,"1,1,1,2",0,11 11~21~1 11~44~1 11~44~2 11~44~3 11~44~4 11~44~5 11~44~6 17 17~20~1 17~20~2 17~20~3 17~20~4 17~20~5 17~51~1 17~51~2 17~52~1 17~52~2 17~52~3 17~52~4 17~52~5 21 21~42~1 21~42~2 21~42~3 21~42~4 21~42~5 21~42~6 21~42~7 22 22~45~1 22~45~2 22~45~3 22~45~4 22~45~5 22~45~6 22~45~8 22~45~9 22~48~2 22~48~3 22~48~4 22~48~5 23~51~10 23~51~11 23~51~12 23~51~13 23~51~14 23~51~9 27~54~3 27~54~4 27~54~5 27~54~6 34~39~1 34~39~2 34~39~3 34~51~1 34~51~2 36~39~3 36~39~4 36~39~5 36~39~6 39 39~54~1 39~54~2 39~54~3 39~54~4 39~54~5 39~54~6 41~48~10 41~48~11 41~48~12 41~48~5 41~48~6 41~48~7 41~48~8 41~48~9 42 42~45~1 42~45~2 42~45~3 42~45~4 42~45~5 42~45~6 45 51 54,86,,1,2,1
lin-lin03-regiao-f4,187,5.0,5,11~21~2 13~18~1 19~49~3 22~45~7 22~48~2,5,"1,1,1,1,1",0,11 11~21~1 11~44~1 11~44~2 11~44~3 11~44~4 11~44~5 11~44~6 17 17~20~1 17~20~2 17~20~3 17~20~4 17~20~5 17~51~1 17~51~2 17~52~1 17~52~2 17~52~3 17~52~4 17~52~5 21 21~42~1 21~42~2 21~42~3 21~42~4 21~42~5 21~42~6 21~42~7 22 22~45~1 22~45~2 22~45~3 22~45~4 22~45~5 22~45~6 22~48~1 22~48~3 22~48~4 22~48~5 23~51~10 23~51~11 23~51~12 23~51~13 23~51~14 23~51~9 34~39~1 34~39~2 34~39~3 34~51~1 34~51~2 36~39~3 36~39~4 36~39~5 36~39~6 39 39~54~1 39~54~2 39~54~3 39~54~4 41~48~10 41~48~11 41~48~12 41~48~5 41~48~6 41~48~7 41~48~8 41~48~9 42 42~45~1 42~45~2 42~45~3 51,73,,1,2,1
lin-lin03-regiao-f4,188,5.0,5,11~21~2 13~18~1 19~49~3 22~45~6 22~48~1,4,"1,1,1,2",0,11 11~21~1 11~44~1 11~44~2 11~44~3 11~44~4 11~44~5 11~44~6 17 17~20~1 17~20~2 17~20~3 17~20~4 17~20~5 17~51~1 17~51~2 17~52~1 17~52~2 17~52~3 17~52~4 17~52~5 21 21~42~1 21~42~2 21~42~3 21~42~4 21~42~5 21~42~6 21~42~7 22 22~45~1 22~45~2 22~45~3 22~45~4 22~45~5 22~45~7 22~45~8 22~45~9 22~48~2 22~48~3 22~48~4 22~48~5 23~51~10 23~51~11 23~51~12 23~51~13 23~51~14 23~51~9 27~54~4 27~54~5 27~54~6 34~39~1 34~39~2 34~39~3 34~51~1 34~51~2 36~39~3 36~39~4 36~39~5 36~39~6 39 39~54~1 39~54~2 39~54~3 39~54~4 39~54~5 39~54~6 41~48~10 41~48~11 41~48~12 41~48~5 41~48~6 41~48~7 41~48~8 41~48~9 42 42~45~1 42~45~2 42~45~3 42~45~4 42~45~5 42~45~6 45 51 54,85,,1,2,1
lin-lin03-regiao-f4,189,5.0,5,11~21~2 13~18~1 19~49~3 22~45~6 22~48~2,4,"1,1,1,2",0,11 11~21~1 11~44~1 11~44~2 11~44~3 11~44~4 11~44~5 11~44~6 17 17~20~1 17~20~2 17~20~3 17~20~4 17~20~5 17~51~1 17~51~2 17~52~1 17~52~2 17~52~3 17~52~4 17~52~5 21 21~42~1 21~42~2 21~42~3 21~42~4 21~42~5 21~42~6 21~42~7 22 22~45~1 22~45~2 22~45~3 22~45~4 22~45~5 22~45~7 22~45~8 22~45~9 22~48~1 22~48~3 22~48~4 22~48~5 23~51~10 23~51~11 23~51~12 23~51~13 23~51~14 23~51~9 27~54~4 27~54~5 27~54~6 34~39~1 34~39~2 34~39~3 34~51~1 34~51~2 36~39~3 36~39~4 36~39~5 36~39~6 39 39~54~1 39~54~2 39~54~3 39~54~4 39~54~5 39~54~6 41~48~10 41~48~11 41~48~12 41~48~5 41~48~6 41~48~7 41~48~8 41~48~9 42 42~45~1 42~45~2 42~45~3 42~45~4 42~45~5 42~45~6 45 51 54,85,,1,2,1
lin-lin03-regiao-f4,190,5.0,5,11~21~2 13~18~1 19~49~3 22~45~2 22~45~9,4,"1,1,1,2",0,11 11~21~1 11~44~1 11~44~2 11~44~3 11~44~4 11~44~5 11~44~6 17 17~20~1 17~20~2 17~20~3 17~20~4 17~20~5 17~51~1 17~51~2 17~52~1 17~52~2 17~52~3 17~52~4 17~52~5 21 21~42~1 21~42~2 21~42~3 21~42~4 21~42~5 21~42~6 21~42~7 22 22~45~1 22~45~3 22~45~4 22~45~5 22~45~6 22~45~7 22~45~8 22~48~1 22~48~2 22~48~3 22~48~4 22~48~5 23~51~10 23~51~11 23~51~12 23~51~13 23~51~14 23~51~9 27~54~1 27~54~2 27~54~3 27~54~4 27~54~5 27~54~6 34~39~1 34~39~2 34~39~3 34~51~1 34~51~2 36~39~3 36~39~4 36~39~5 36~39~6 39 39~54~1 39~54~2 39~54~3 39~54~4 39~54~5 39~54~6 41~48~10 41~48~11 41~48~12 41~48~5 41~48~6 41~48~7 41~48~8 41~48~9 42 42~45~1 42~45~2 42~45~3 42~45~4 42~45~5 42~45~6 45 51 54,88,,1,2,1
lin-lin03-regiao-f4,191,5.0,5,11~21~2 13~18~1 19~49~3 22~45~2 45,4,"1,1,1,2",0,11 11~21~1 11~44~1 11~44~2 11~44~3 11~44~4 11~44~5 11~44~6 17 17~20~1 17~20~2 17~20~3 17~20~4 17~20~5 17~51~1 17~51~2 17~52~1 17~52~2 17~52~3 17~52~4 17~52~5 21 21~42~1 21~42~2 21~42~3 21~42~4 21~42~5 21~42~6 21~42~7 22 22~45~1 22~45~3 22~45~4 22~45~5 22~45~6 22~45~7 22~45~8 22~45~9 22~48~1 22~48~2 22~48~3 22~48~4 22~48~5 23~51~10 23~51~11 23~51~12 23~51~13 23~51~14 23~51~9 27 27~54~1 27~54~2 27~54~3 27~54~4 27~54~5 27~54~6 34~39~1 34~39~2 34~39~3 34~51~1 34~51~2 36~39~3 36~39~4 36~39~5 36~39~6 39 39~54~1 39~54~2 39~54~3 39~54~4 39~54~5 39~54~6 41~48~10 41~48~11 41~48~12 41~48~5 41~48~6 41~48~7 41~48~8 41~48~9 42 42~45~1 42~45~2 42~45~3 42~45~4 42~45~5 42~45~6 51 54,89,,1,2,1
lin-lin03-regiao-f4,192,5.0,5,11~21~2 13~18~1 19~49~3 22~45~2 22~45~8,4,"1,1,1,2",0,11 11~21~1 11~44~1 11~44~2 11~44~3 11~44~4 11~44~5 11~44~6 17 17~20~1 17~20~2 17~20~3 17~20~4 17~20~5 17~51~1 17~51~2 17~52~1 17~52~2 17~52~3 17~52~4 17~52~5 21 21~42~1 21~42~2 21~42~3 21~42~4 21~42~5 21~42~6 21~42~7 22 22~45~1 22~45~3 22~45~4 22~45~5 22~45~6 22~45~7 22~45~9 22~48~1 22~48~2 22~48~3 22~48~4 22~48~5 23~51~10 23~51~11 23~51~12 23~51~13 23~51~14 23~51~9 27~54~2 27~54~3 27~54~4 27~54~5 27~54~6 34~39~1 34~39~2 34~39~3 34~51~1 34~51~2 36~39~3 36~39~4 36~39~5 36~39~6 39 39~54~1 39~54~2 39~54~3 39~54~4 39~54~5 39~54~6 41~48~10 41~48~11 41~48~12 41~48~5 41~48~6 41~48~7 41~48~8 41~48~9 42 42~45~1 42~45~2 42~45~3 42~45~4 42~45~5 42~45~6 45 51 54,87,,1,2,1
lin-lin03-regiao-f4,193,5.0,5,11~21~2 13~18~1 19~49~3 22~45~2 22~45~7,4,"1,1,1,2",0,11 11~21~1 11~44~1 11~44~2 11~44~3 11~44~4 11~44~5 11~44~6 17 17~20~1 17~20~2 17~20~3 17~20~4 17~20~5 17~51~1 17~51~2 17~52~1 17~52~2 17~52~3 17~52~4 17~52~5 21 21~42~1 21~42~2 21~42~3 21~42~4 21~42~5 21~42~6 21~42~7 22 22~45~1 22~45~3 22~45~4 22~45~5 22~45~6 22~45~8 22~45~9 22~48~1 22~48~2 22~48~3 22~48~4 22~48~5 23~51~10 23~51~11 23~51~12 23~51~13 23~51~14 23~51~9 27~54~3 27~54~4 27~54~5 27~54~6 34~39~1 34~39~2 34~39~3 34~51~1 34~51~2 36~39~3 36~39~4 36~39~5 36~39~6 39 39~54~1 39~54~2 39~54~3 39~54~4 39~54~5 39~54~6 41~48~10 41~48~11 41~48~12 41~48~5 41~48~6 41~48~7 41~48~8 41~48~9 42 42~45~1 42~45~2 42~45~3 42~45~4 42~45~5 42~45~6 45 51 54,86,,1,2,1
lin-lin03-regiao-f4,194,5.0,5,11~21~2 13~18~1 19~49~4 22~45~1 22~45~9,4,"1,1,1,2",0,11 11~21~1 11~44~1 11~44~2 11~44~3 11~44~4 11~44~5 11~44~6 17 17~20~1 17~20~2 17~20~3 17~20~4 17~20~5 17~51~1 17~51~2 17~52~1 17~52~2 17~52~3 17~52~4 17~52~5 21 21~42~1 21~42~2 21~42~3 21~42~4 21~42~5 21~42~6 21~42~7 22 22~45~2 22~45~3 22~45~4 22~45~5 22~45~6 22~45~7 22~45~8 22~48~1 22~48~2 22~48~3 22~48~4 22~48~5 23~51~10 23~51~11 23~51~12 23~51~13 23~51~14 23~51~9 27~54~1 27~54~2 27~54~3 27~54~4 27~54~5 27~54~6 34~39~1 34~39~2 34~39~3 34~51~1 34~51~2 36~39~3 36~39~4 36~39~5 36~39~6 39 39~54~1 39~54~2 39~54~3 39~54~4 39~54~5 39~54~6 41~48~10 41~48~11 41~48~12 41~48~5 41~48~6 41~48~7 41~48~8 41~48~9 42 42~45~1 42~45~2 42~45~3 42~45~4 42~45~5 42~45~6 45 51 54,88,,1,2,1
lin-lin03-regiao-f4,195,5.0,5,11~21~2 13~18~1 19~49~4 22~45~2 22~45~9,4,"1,1,1,2",0,11 11~21~1 11~44~1 11~44~2 11~44~3 11~44~4 11~44~5 11~44~6 17 17~20~1 17~20~2 17~20~3 17~20~4 17~20~5 17~51~1 17~51~2 17~52~1 17~52~2 17~52~3 17~52~4 17~52~5 21 21~42~1 21~42~2 21~42~3 21~42~4 21~42~5 21~42~6 21~42~7 22 22~45~1 22~45~3 22~45~4 22~45~5 22~45~6 22~45~7 22~45~8 22~48~1 22~48~2 22~48~3 22~48~4 22~48~5 23~51~10 23~51~11 23~51~12 23~51~13 23~51~14 23~51~9 27~54~1 27~54~2 27~54~3 27~54~4 27~54~5 27~54~6 34~39~1 34~39~2 34~39~3 34~51~1 34~51~2 36~39~3 36~39~4 36~39~5 36~39~6 39 39~54~1 39~54~2 39~54~3 39~54~4 39~54~5 39~54~6 41~48~10 41~48~11 41~48~12 41~48~5 41~48~6 41~48~7 41~48~8 41~48~9 42 42~45~1 42~45~2 42~45~3 42~45~4 42~45~5 42~45~6 45 51 54,88,,1,2,1
lin-lin03-regiao-f4,196,5.0,5,11~21~2 13~18~1 19~49~4 22~45~1 22~45~6,4,"1,1,1,2",0,11 11~21~1 11~44~1 11~44~2 11~44~3 11~44~4 11~44~5 11~44~6 17 17~20~1 17~20~2 17~20~3 17~20~4 17~20~5 17~51~1 17~51~2 17~52~1 17~52~2 17~52~3 17~52~4 17~52~5 21 21~42~1 21~42~2 21~42~3 21~42~4 21~42~5 21~42~6 21~42~7 22 22~45~2 22~45~3 22~45~4 22~45~5 22~45~7 22~45~8 22~45~9 22~48~1 22~48~2 22~48~3 22~48~4 22~48~5 23~51~10 23~51~11 23~51~12 23~51~13 23~51~14 23~51~9 27~54~4 27~54~5 27~54~6 34~39~1 34~39~2 34~39~3 34~51~1 34~51~2 36~39~3 36~39~4 36~39~5 36~39~6 39 39~54~1 39~54~2 39~54~3 39~54~4 39~54~5 39~54~6 41~48~10 41~48~11 41~48~12 41~48~5 41~48~6 41~48~7 41~48~8 41~48~9 42 42~45~1 42~45~2 42~45~3 42~45~4 42~45~5 42~45~6 45 51 54,85,,1,2,1
lin-lin03-regiao-f4,197,5.0,5,11~21~2 13~18~1 19~49~4 22~45~2 22~45~6,4,"1,1,1,2",0,11 11~21~1 11~44~1 11~44~2 11~44~3 11~44~4 11~44~5 11~44~6 17 17~20~1 17~20~2 17~20~3 17~20~4 17~20~5 17~51~1 17~51~2 17~52~1 17~52~2 17~52~3 17~52~4 17~52~5 21 21~42~1 21~42~2 21~42~3 21~42~4 21~42~5 21~42~6 21~42~7 22 22~45~1 22~45~3 22~45~4 22~45~5 22~45~7 22~45~8 22~45~9 22~48~1 22~48~2 22~48~3 22~48~4 22~48~5 23~51~10 23~51~11 23~51~12 23~51~13 23~51~14 23~51~9 27~54~4 27~54~5 27~54~6 34~39~1 34~39~2 34~39~3 34~51~1 34~51~2 36~39~3 36~39~4 36~39~5 36~39~6 39 39~54~1 39~54~2 39~54~3 39~54~4 39~54~5 39~54~6 41~48~10 41~48~11 41~48~12 41~48~5 41~48~6 41~48~7 41~48~8 41~48~9 42 42~45~1 42~45~2 42~45~3 42~45~4 42~45~5 42~45~6 45 51 54,85,,1,2,1
lin-lin03-regiao-f4,198,5.0,5,11~21~2 13~18~1 19~49~4 22~45~2 22~45~7,4,"1,1,1,2",0,11 11~21~1 11~44~1 11~44~2 11~44~3 11~44~4 11~44~5 11~44~6 17 17~20~1 17~20~2 17~20~3 17~20~4 17~20~5 17~51~1 17~51~2 17~52~1 17~52~2 17~52~3 17~52~4 17~52~5 21 21~42~1 21~42~2 21~42~3 21~42~4 21~42~5 21~42~6 21~42~7 22 22~45~1 22~45~3 22~45~4 22~45~5 22~45~6 22~45~8 22~45~9 22~48~1 22~48~2 22~48~3 22~48~4 22~48~5 23~51~10 23~51~11 23~51~12 23~51~13 23~51~14 23~51~9 27~54~3 27~54~4 27~54~5 27~54~6 34~39~1 34~39~2 34~39~3 34~51~1 34~51~2 36~39~3 36~39~4 36~39~5 36~39~6 39 39~54~1 39~54~2 39~54~3 39~54~4 39~54~5 39~54~6 41~48~10 41~48~11 41~48~12 41~48~5 41~48~6 41~48~7 41~48~8 41~48~9 42 42~45~1 42~45~2 42~45~3 42~45~4 42~45~5 42~45~6 45 51 54,86,,1,2,1
lin-lin03-regiao-f4,199,5.0,5,11~21~2 13~18~1 19~49~4 22~45~6 22~48~1,4,"1,1,1,2",0,11 11~21~1 11~44~1 11~44~2 11~44~3 11~44~4 11~44~5 11~44~6 17 17~20~1 17~20~2 17~20~3 17~20~4 17~20~5 17~51~1 17~51~2 17~52~1 17~52~2 17~52~3 17~52~4 17~52~5 21 21~42~1 21~42~2 21~42~3 21~42~4 21~42~5 21~42~6 21~42~7 22 22~45~1 22~45~2 22~45~3 22~45~4 22~45~5 22~45~7 22~45~8 22~45~9 22~48~2 22~48~3 22~48~4 22~48~5 23~51~10 23~51~11 23~51~12 23~51~13 23~51~14 23~51~9 27~54~4 27~54~5 27~54~6 34~39~1 34~39~2 34~39~3 34~51~1 34~51~2 36~39~3 36~39~4 36~39~5 36~39~6 39 39~54~1 39~54~2 39~54~3 39~54~4 39~54~5 39~54~6 41~48~10 41~48~11 41~48~12 41~48~5 41~48~6 41~48~7 41~48~8 41~48~9 42 42~45~1 42~45~2 42~45~3 42~45~4 42~45~5 42~45~6 45 51 54,85,,1,2,1
puc-cc9-2p-seed-r1,0,27.0,27,104 157 16 163 174 181 193 216 23 269 279 297 306 320 332 350 355 388 400 443 444 454 495 497 498 505 92,23,"1,1,1,1,1,1,1,1,2,1,1,1,1,1,1,1,1,1,2,1,1,3,1",0,108 119 129 130 132 133 135 139 147 149 152 155 156 159 161 162 166 167 168 171 172 173 177 179 180 182 183 185 186 188 189 19 191 195 21 215 227 228 229 24 245 251 258 260 263 268 275 277 280 283 284 287 299 3 300 307 309 31 311 313 314 316 319 322 323 327 328 330 331 336 339 340 341 344 348 35 351 356 36 362 363 368 37 375 379 380 385 387 39 390 392 394 396 402 404 405 407 410 411 416 418 419 420 421 426 427 428 433 434 435 436 438 439 441 445 446 447 448 450 452 460 471 476 492 501 506 507 508 51 53 56 59 63 68 7 76 87,137,,1,9,1
puc-cc9-2p-seed-r1,1,27.0,27,103 104 105 114 158 16 163 183 233 244 258 269 279 320 350 356 400 409 421 444 454 480 495 497 59 69 92,25,"2,2,1,1,1,1,1,1,1,1,1,1,1,1,1,1,1,1,1,1,1,1,1,1,1",0,100 108 113 119 123 129 130 132 133 135 139 147 149 152 155 156 159 161 162 166 167 168 171 172 173 177 179 180 181 184 185 186 188 191 195 2 209 215 225 227 228 229 23 242 243 245 247 249 251 257 260 262 266 27 274 283 284 289 292 293 294 298 299 3 300 305 306 307 309 311 313 314 316 319 322 323 328 332 337 34 340 35 353 354 355 36 360 362 363 368 37 370 371 372 373 377 379 380 385 387 388 389 39 390 394 396 402 404 405 407 410 411 416 417 418 419 420 422 423 426 428 429 43 433 434 436 438 439 441 443 445 446 448 450 452 465 476 481 484 485 492 498 499 501 505 506 508 51 53 56 57 60 63 68,154,,1,12,1
puc-cc9-2p-seed-r1,2,27.0,27,104 105 11 158 163 183 185 216 229 233 269 283 304 306 320 350 356 375 390 444 445 454 468 495 497 92 97,23,"1,3,1,1,1,1,1,1,1,1,1,2,1,1,1,1,2,1,1,1,1,1,1",0,100 101 108 113 119 129 130 132 133 134 135 136 137 139 145 147 149 152 154 155 156 157 159 161 162 166 167 168 169 171 172 173 177 179 180 181 184 186 188 189 191 193 195 198 199 205 209 213 214 215 217 225 227 228 23 230 231 237 242 243 245 247 249 25 251 258 260 262 264 284 292 3 300 305 311 314 316 322 323 326 328 332 337 340 342 35 353 354 355 36 360 362 363 368 37 370 371 372 373 377 380 385 387 388 389 39 391 394 396 398 400 402 404 406 407 408 409 410 411 416 418 419 420 421 422 424 426 428 433 434 436 439 441 443 446 448 450 452 453 456 462 465 466 469 472 476 478 481 484 485 486 492 498 499 501 502 505 506 508 51 53 56 57 59 63 68 69,167,,1,10,1
puc-cc9-2p-seed-r1,3,27.0,27,105 11 158 163 183 185 216 229 233 269 283 304 306 320 350 356 375 390 444 445 454 468 495 497 70 92 97,23,"3,1,1,1,1,1,1,1,1,1,2,1,1,1,1,2,1,1,1,1,1,1,1",0,100 101 108 113 119 129 130 132 133 134 135 136 137 139 145 147 149 152 154 155 156 157 159 161 162 166 167 168 169 171 172 173 177 179 180 181 184 186 188 189 191 193 195 198 199 205 209 213 214 215 217 225 227 228 23 230 231 237 242 243 245 247 249 25 251 258 260 262 264 284 292 3 300 305 311 314 316 322 323 326 328 332 337 340 342 35 353 354 355 36 360 362 363 368 37 370 371 372 373 377 380 385 387 388 389 39 391 394 396 398 400 402 404 406 407 408 409 410 411 416 418 419 420 421 422 424 426 428 433 434 436 439 441 443 446 448 450 452 453 456 462 465 466 469 472 476 478 481 484 485 486 492 498 499 501 502 505 506 508 51 53 56 57 59 63 68 69,167,,1,10,1
puc-cc9-2p-seed-r1,4,27.0,27,103 105 114 158 16 163 183 233 244 258 269 279 320 350 356 400 409 421 444 454 480 495 497 59 69 70 92,25,"1,2,1,1,1,1,1,1,1,1,1,1,1,1,1,1,1,1,1,1,1,1,1,2,1",0,100 108 113 119 123 129 130 132 133 135 139 147 149 152 155 156 159 161 162 166 167 168 171 172 173 177 179 180 181 184 185 186 188 191 195 2 209 215 225 227 228 229 23 242 243 245 247 249 251 257 260 262 266 27 274 283 284 289 292 293 294 298 299 3 300 305 306 307 309 311 313 314 316 319 322 323 328 332 337 34 340 35 353 354 355 36 360 362 363 368 37 370 371 372 373 377 379 380 385 387 388 389 39 390 394 396 402 404 405 407 410 411 416 417 418 419 420 422 423 426 428 429 43 433 434 436 438 439 441 443 445 446 448 450 452 465 476 481 484 485 492 498 499 501 505 506 508 51 53 56 57 60 63 68,154,,1,12,1
puc-cc9-2p-seed-r1,5,27.0,27,11 158 163 183 185 216 229 233 269 283 297 304 306 320 350 356 375 390 444 445 454 468 495 497 70 92 97,25,"1,1,1,1,1,1,1,1,1,1,1,2,1,1,1,1,2,1,1,1,1,1,1,1,1",0,100 101 108 113 119 129 130 132 133 134 135 136 137 139 145 147 149 152 154 155 156 157 159 161 162 166 167 168 169 171 172 173 177 179 180 181 184 186 188 189 191 193 195 198 199 205 209 213 214 215 217 225 227 228 23 230 231 237 242 243 245 247 249 25 251 258 260 262 264 284 292 3 300 305 311 314 316 322 323 326 328 332 337 340 342 35 353 354 355 36 360 362 363 368 37 370 371 372 373 377 380 385 387 388 389 39 391 394 396 398 400 402 404 406 407 408 409 410 411 416 418 419 420 421 422 424 426 428 433 434 436 439 441 443 446 448 450 452 453 456 462 465 466 469 472 476 478 481 484 485 486 492 498 499 501 502 505 506 508 51 53 56 57 59 63 68 69,167,,1,10,1
puc-cc9-2p-seed-r1,6,27.0,27,103 104 105 11 158 163 183 216 233 269 279 304 306 320 350 356 390 409 421 444 454 468 495 497 59 69 92,23,"2,2,1,1,1,1,1,1,1,2,1,1,1,2,1,1,1,1,1,1,1,1,1",0,100 108 113 119 123 129 130 132 133 134 135 136 139 147 149 152 155 156 159 161 162 166 167 168 171 172 173 177 179 180 181 184 185 186 188 191 195 198 209 214 215 225 227 228 229 23 242 243 245 247 249 251 258 260 262 264 27 283 284 292 293 299 3 300 305 307 309 311 313 314 316 319 322 323 326 328 332 337 340 342 35 353 354 355 36 360 362 363 368 37 370 371 372 373 377 379 380 385 387 388 389 39 391 394 396 398 400 402 404 405 406 407 408 410 411 416 417 418 419 420 422 423 424 426 428 429 43 433 434 436 438 439 441 443 445 446 448 450 452 453 456 462 465 466 469 472 476 478 481 484 485 486 492 498 499 501 502 505 506 508 51 53 56 57 60 63 68,167,,1,10,1
puc-cc9-2p-seed-r1,7,27.0,27,103 104 114 158 16 163 183 233 244 258 269 279 297 320 350 356 400 409 421 444 454 480 495 497 59 69 92,26,"2,1,1,1,1,1,1,1,1,1,1,1,1,1,1,1,1,1,1,1,1,1,1,1,1,1",0,100 108 113 119 123 129 130 132 133 135 139 147 149 152 155 156 159 161 162 166 167 168 171 172 173 177 179 180 181 184 185 186 188 191 195 2 209 215 225 227 228 229 23 242 243 245 247 249 251 257 260 262 266 27 274 283 284 289 292 293 294 298 299 3 300 305 306 307 309 311 313 314 316 319 322 323 328 332 337 34 340 35 353 354 355 36 360 362 363 368 37 370 371 372 373 377 379 380 385 387 388 389 39 390 394 396 402 404 405 407 410 411 416 417 418 419 420 422 423 426 428 429 43 433 434 436 438 439 441 443 445 446 448 450 452 465 476 481 484 485 492 498 499 501 505 506 508 51 53 56 57 60 63 68,154,,1,12,1
puc-cc9-2p-seed-r1,8,27.0,27,105 114 158 16 163 183 185 216 229 233 258 269 283 320 350 356 375 400 444 445 454 468 495 497 70 92 97,25,"3,1,1,1,1,1,1,1,1,1,1,1,1,1,1,1,1,1,1,1,1,1,1,1,1",0,100 101 108 113 119 129 130 132 133 135 137 139 145 147 149 152 154 155 156 157 159 161 162 166 167 168 169 171 172 173 177 179 180 181 184 186 188 189 191 193 195 198 199 2 205 209 213 215 217 225 227 228 23 230 231 237 242 243 245 247 249 25 251 257 260 262 266 274 284 289 292 294 298 3 300 305 306 311 314 316 322 323 328 332 337 34 340 35 353 354 355 36 360 362 363 368 37 370 371 372 373 377 380 385 387 388 39 390 394 396 402 404 407 409 410 411 416 418 419 420 421 426 428 433 434 436 439 441 443 446 448 450 452 453 465 476 481 484 485 492 498 499 501 505 506 508 51 53 56 57 59 63 68 69,154,,1,12,1
puc-cc9-2p-seed-r1,9,27.0,27,105 158 16 163 183 185 216 229 233 258 269 283 306 320 350 356 375 400 444 445 454 468 495 497 70 92 97,25,"3,1,1,1,1,1,1,1,1,1,1,1,1,1,1,1,1,1,1,1,1,1,1,1,1",0,100 101 108 113 119 129 130 132 133 135 137 139 145 147 149 152 154 155 156 157 159 161 162 166 167 168 169 171 172 173 177 179 180 181 184 186 188 189 191 193 195 198 199 2 205 209 213 215 217 225 227 228 23 230 231 237 242 243 245 247 249 25 251 257 260 262 266 274 284 290 292 3 300 305 311 314 316 322 323 328 332 337 340 35 353 354 355 36 360 362 363 368 37 370 371 372 373 377 380 385 387 388 39 390 394 396 402 404 407 409 410 411 416 418 419 420 421 426 428 433 434 436 439 441 443 446 448 450 452 453 465 476 481 484 485 492 498 499 501 505 506 508 51 53 56 57 59 63 68 69,150,,1,11,1
puc-cc9-2p-seed-r1,10,27.0,27,105 123 158 16 163 183 185 216 229 233 258 269 283 306 320 332 350 375 400 444 445 454 468 495 497 70 97,25,"3,1,1,1,1,1,1,1,1,1,1,1,1,1,1,1,1,1,1,1,1,1,1,1,1",0,101 108 113 119 129 130 132 133 135 137 139 145 147 149 152 154 155 156 157 159 161 162 166 167 168 169 171 172 173 177 179 180 181 184 186 188 189 191 193 195 198 199 2 205 209 213 215 217 225 227 228 23 230 231 237 242 243 245 247 249 25 251 257 260 262 266 268 274 284 290 3 300 305 311 314 316 322 323 328 330 331 336 337 340 348 35 353 356 36 362 363 368 37 370 371 373 377 380 385 387 388 39 390 394 396 402 404 407 409 410 411 416 418 419 420 421 426 428 433 434 436 439 441 443 446 448 450 452 453 460 465 476 481 485 492 498 499 501 505 506 508 51 53 56 57 59 63 68 69 76,150,,1,11,1
puc-cc9-2p-seed-r1,11,27.0,27,105 114 123 158 16 163 183 185 216 229 233 258 269 283 320 332 350 375 400 444 445 454 468 495 497 70 97,25,"3,1,1,1,1,1,1,1,1,1,1,1,1,1,1,1,1,1,1,1,1,1,1,1,1",0,101 108 113 119 129 130 132 133 135 137 139 145 147 149 152 154 155 156 157 159 161 162 166 167 168 169 171 172 173 177 179 180 181 184 186 188 189 191 193 195 198 199 2 205 209 213 215 217 225 227 228 23 230 231 237 242 243 245 247 249 25 251 257 260 262 266 268 274 284 289 292 294 298 3 300 305 306 311 314 316 322 323 328 330 331 336 337 34 340 348 35 353 354 356 36 362 363 368 37 370 371 373 377 380 385 387 388 39 390 394 396 402 404 407 409 410 411 416 418 419 420 421 426 428 433 434 436 439 441 443 446 448 450 452 453 460 465 476 481 485 492 498 499 501 505 506 508 51 53 56 57 59 63 68 69 76,156,,1,12,1
puc-cc9-2p-seed-r1,12,27.0,27,105 123 130 158 16 163 183 185 216 229 233 269 283 306 320 332 350 375 400 444 445 454 468 495 497 70 97,25,"3,1,1,1,1,1,1,1,1,1,1,1,1,1,1,1,1,1,1,1,1,1,1,1,1",0,101 108 113 119 129 132 133 134 135 137 138 139 145 146 147 149 152 154 155 156 157 159 161 162 166 167 168 169 171 172 173 177 179 180 181 184 186 188 189 191 193 194 195 198 199 2 205 209 213 215 217 225 227 228 23 230 231 237 242 243 245 247 249 25 251 258 260 268 284 3 300 305 311 314 316 322 323 328 330 331 336 337 340 348 35 353 356 36 362 363 368 37 370 371 373 377 380 385 387 388 39 390 394 396 402 404 407 409 410 411 416 418 419 420 421 426 428 433 434 436 439 441 443 446 448 450 452 453 460 465 476 481 485 492 498 499 501 505 506 508 51 53 56 57 59 63 68 69 76,149,,1,11,1
puc-cc9-2p-seed-r1,13,27.0,27,103 104 105 11 123 158 163 183 216 233 269 279 304 306 320 332 350 390 409 421 444 454 468 495 497 59 69,22,"2,2,1,2,1,1,1,1,1,1,2,1,1,1,2,1,1,1,1,1,1,1",0,108 113 119 129 130 132 133 134 135 136 139 147 149 152 156 159 161 162 166 167 168 171 172 173 177 179 180 181 184 186 188 191 195 198 209 214 215 225 227 228 229 23 242 243 245 247 249 258 260 262 264 268 284 293 3 300 305 309 311 314 316 322 323 326 328 330 331 336 337 340 342 348 35 353 356 36 362 363 368 37 370 371 373 377 380 385 387 388 389 39 391 394 396 398 400 402 404 405 406 407 408 410 411 416 417 418 419 420 422 423 424 426 428 429 433 434 436 438 439 441 443 445 446 448 450 452 453 456 460 462 465 466 469 472 476 478 481 485 486 492 498 499 501 502 505 506 508 51 53 56 63 68 76,153,,1,8,1
puc-cc9-2p-seed-r1,14,27.0,27,103 104 11 158 163 183 216 233 269 279 297 304 306 320 350 356 390 409 421 444 454 468 495 497 59 69 92,24,"2,1,1,1,1,1,1,1,1,1,2,1,1,1,2,1,1,1,1,1,1,1,1,1",0,100 108 113 119 123 129 130 132 133 134 135 136 139 147 149 152 155 156 159 161 162 166 167 168 171 172 173 177 179 180 181 184 185 186 188 191 195 198 209 214 215 225 227 228 229 23 242 243 245 247 249 251 258 260 262 264 27 283 284 292 293 299 3 300 305 307 309 311 313 314 316 319 322 323 326 328 332 337 340 342 35 353 354 355 36 360 362 363 368 37 370 371 372 373 377 379 380 385 387 388 389 39 391 394 396 398 400 402 404 405 406 407 408 410 411 416 417 418 419 420 422 423 424 426 428 429 43 433 434 436 438 439 441 443 445 446 448 450 452 453 456 462 465 466 469 472 476 478 481 484 485 486 492 498 499 501 502 505 506 508 51 53 56 57 60 63 68,167,,1,10,1
puc-cc9-2p-seed-r1,15,27.0,27,103 104 11 123 158 163 183 216 233 269 279 297 304 306 320 332 350 390 409 421 444 454 468 495 497 59 69,23,"2,1,2,1,1,1,1,1,1,1,1,2,1,1,1,2,1,1,1,1,1,1,1",0,108 113 119 129 130 132 133 134 135 136 139 147 149 152 156 159 161 162 166 167 168 171 172 173 177 179 180 181 184 186 188 191 195 198 209 214 215 225 227 228 229 23 242 243 245 247 249 258 260 262 264 268 284 293 3 300 305 309 311 314 316 322 323 326 328 330 331 336 337 340 342 348 35 353 356 36 362 363 368 37 370 371 373 377 380 385 387 388 389 39 391 394 396 398 400 402 404 405 406 407 408 410 411 416 417 418 419 420 422 423 424 426 428 429 433 434 436 438 439 441 443 445 446 448 450 452 453 456 460 462 465 466 469 472 476 478 481 485 486 492 498 499 501 502 505 506 508 51 53 56 63 68 76,153,,1,8,1
puc-cc9-2p-seed-r1,16,27.0,27,103 104 158 16 163 183 233 244 258 269 279 297 306 320 350 356 400 409 421 444 454 480 495 497 59 69 92,26,"2,1,1,1,1,1,1,1,1,1,1,1,1,1,1,1,1,1,1,1,1,1,1,1,1,1",0,100 108 113 119 123 129 130 132 133 135 139 147 149 152 155 156 159 161 162 166 167 168 171 172 173 177 179 180 181 184 185 186 188 191 195 2 209 215 225 227 228 229 23 242 243 245 247 249 251 257 260 262 266 27 274 283 284 290 292 293 299 3 300 305 307 309 311 313 314 316 319 322 323 328 332 337 340 35 353 354 355 36 360 362 363 368 37 370 371 372 373 377 379 380 385 387 388 389 39 390 394 396 402 404 405 407 410 411 416 417 418 419 420 422 423 426 428 429 43 433 434 436 438 439 441 443 445 446 448 450 452 465 476 481 484 485 492 498 499 501 505 506 508 51 53 56 57 60 63 68,150,,1,11,1
puc-cc9-2p-seed-r1,17,27.0,27,103 104 123 158 16 163 183 233 244 258 269 279 297 306 320 332 350 400 409 421 444 454 480 495 497 59 69,25,"2,2,1,1,1,1,1,1,1,1,1,1,1,1,1,1,1,1,1,1,1,1,1,1,1",0,108 113 119 129 130 132 133 135 139 147 149 152 156 159 161 162 166 167 168 171 172 173 177 179 180 181 184 186 188 191 195 2 209 215 225 227 228 229 23 242 243 245 247 249 257 260 262 266 268 274 284 290 293 3 300 305 309 311 314 316 322 323 328 330 331 336 337 340 348 35 353 356 36 362 363 368 37 370 371 373 377 380 385 387 388 389 39 390 394 396 402 404 405 407 410 411 416 417 418 419 420 422 423 426 428 429 433 434 436 438 439 441 443 445 446 448 450 452 460 465 476 481 485 492 498 499 501 505 506 508 51 53 56 63 68 76,136,,1,9,1
puc-cc9-2p-seed-r1,18,27.0,27,103 104 114 123 158 16 163 183 233 244 258 269 279 297 320 332 350 400 409 421 444 454 480 495 497 59 69,25,"2,1,2,1,1,1,1,1,1,1,1,1,1,1,1,1,1,1,1,1,1,1,1,1,1",0,108 113 119 129 130 132 133 135 139 147 149 152 156 159 161 162 166 167 168 171 172 173 177 179 180 181 184 186 188 191 195 2 209 215 225 227 228 229 23 242 243 245 247 249 257 260 262 266 268 274 284 289 292 293 294 298 3 300 305 306 309 311 314 316 322 323 328 330 331 336 337 34 340 348 35 353 354 356 36 362 363 368 37 370 371 373 377 380 385 387 388 389 39 390 394 396 402 404 405 407 410 411 416 417 418 419 420 422 423 426 428 429 433 434 436 438 439 441 443 445 446 448 450 452 460 465 476 481 485 492 498 499 501 505 506 508 51 53 56 63 68 76,142,,1,10,1
puc-cc9-2p-seed-r1,19,27.0,27,103 104 123 130 158 16 163 183 216 233 269 279 297 306 320 332 350 400 409 421 444 454 468 495 497 59 69,25,"2,2,1,1,1,1,1,1,1,1,1,1,1,1,1,1,1,1,1,1,1,1,1,1,1",0,108 113 119 129 132 133 134 135 138 139 146 147 149 152 156 159 161 162 166 167 168 171 172 173 177 179 180 181 184 186 188 191 194 195 2 209 215 225 227 228 229 23 242 243 245 247 249 258 260 268 284 293 3 300 305 309 311 314 316 322 323 328 330 331 336 337 340 348 35 353 356 36 362 363 368 37 370 371 373 377 380 385 387 388 389 39 390 394 396 402 404 405 407 410 411 416 417 418 419 420 422 423 426 428 429 433 434 436 438 439 441 443 445 446 448 450 452 460 465 476 481 485 492 498 499 501 505 506 508 51 53 56 63 68 76,135,,1,9,1
puc-cc9-2p-seed-r1,20,27.0,27,105 123 133 158 16 163 183 185 233 244 258 269 283 306 320 332 350 375 400 444 445 454 480 495 497 70 97,25,"3,1,1,1,1,1,1,1,1,1,1,1,1,1,1,1,1,1,1,1,1,1,1,1,1",0,108 113 119 129 130 132 134 135 137 139 141 145 147 149 152 154 155 156 157 159 161 162 166 167 168 169 171 172 173 177 179 180 181 184 186 188 189 191 193 195 198 199 2 205 209 213 215 217 225 227 228 229 23 242 243 245 247 249 25 251 257 260 262 266 268 274 284 290 3 300 305 311 314 316 322 323 328 330 331 336 337 340 348 35 353 356 36 362 363 368 37 370 371 373 377 380 385 387 388 389 39 390 394 396 402 404 407 409 410 411 416 418 419 420 421 426 428 433 434 436 439 441 443 446 448 450 452 453 460 465 476 481 492 498 499 5 501 505 506 508 51 53 56 57 59 63 68 69 76,149,,1,11,1
puc-cc9-2p-seed-r1,21,27.0,27,105 123 130 133 158 16 163 183 185 216 233 269 283 306 320 332 350 375 400 444 445 454 468 495 497 70 97,25,"3,1,1,1,1,1,1,1,1,1,1,1,1,1,1,1,1,1,1,1,1,1,1,1,1",0,108 113 119 129 132 134 135 137 138 139 141 145 146 147 149 152 154 155 156 157 159 161 162 166 167 168 169 171 172 173 177 179 180 181 184 186 188 189 191 193 194 195 198 199 2 205 209 213 215 217 225 227 228 229 23 242 243 245 247 249 25 251 258 260 268 284 3 300 305 311 314 316 322 323 328 330 331 336 337 340 348 35 353 356 36 362 363 368 37 370 371 373 377 380 385 387 388 389 39 390 394 396 402 404 407 409 410 411 416 418 419 420 421 426 428 433 434 436 439 441 443 446 448 450 452 453 460 465 476 481 492 498 499 5 501 505 506 508 51 53 56 57 59 63 68 69 76,147,,1,11,1
puc-cc9-2p-seed-r1,22,27.0,27,105 123 130 155 158 16 163 183 216 229 233 269 283 306 320 332 350 375 400 444 445 454 468 495 497 70 97,25,"3,1,1,1,1,1,1,1,1,1,1,1,1,1,1,1,1,1,1,1,1,1,1,1,1",0,101 108 113 119 129 132 133 134 135 137 138 139 145 146 147 149 152 154 156 157 159 161 162 166 167 168 171 172 173 177 179 180 181 184 185 186 188 191 193 194 195 198 199 2 205 209 213 215 217 219 225 227 228 23 230 231 237 242 243 245 247 249 25 251 258 260 268 27 284 3 300 305 311 314 316 322 323 328 330 331 336 337 340 348 35 353 356 36 362 363 368 37 370 371 373 377 380 385 387 388 39 390 394 396 402 404 407 409 410 411 416 418 419 420 421 426 428 433 434 436 439 441 443 446 448 450 452 453 460 465 476 481 485 492 498 499 501 505 506 508 51 53 56 59 63 68 69 76,148,,1,11,1
puc-cc9-2p-seed-r1,23,27.0,27,105 123 130 157 158 16 163 183 233 244 269 279 306 320 332 350 355 400 421 444 454 480 495 497 59 69 70,23,"2,2,1,2,1,1,1,1,1,1,1,1,1,1,1,1,1,1,1,1,1,1,2",0,108 113 119 129 132 133 134 135 138 139 146 147 149 152 156 159 161 162 166 167 168 171 172 173 177 179 180 181 184 186 188 191 194 195 2 209 215 225 227 228 229 23 242 243 245 247 249 258 260 268 284 293 3 300 305 309 311 314 316 322 323 328 330 331 336 337 340 348 35 353 356 36 362 363 368 37 370 371 373 377 380 385 387 388 389 39 390 394 396 402 404 405 407 410 411 416 417 418 419 420 422 423 426 428 429 433 434 436 438 439 441 443 445 446 448 450 452 460 465 476 481 485 492 498 499 501 505 506 508 51 53 56 63 68 76,135,,1,9,1
puc-cc9-2p-seed-r1,24,27.0,27,105 123 130 157 158 16 160 163 183 233 244 269 279 306 320 332 350 355 400 421 444 454 495 497 59 69 70,22,"2,2,1,3,1,1,1,1,1,1,1,1,1,1,1,1,1,1,1,1,1,2",0,108 113 119 129 132 133 134 135 138 139 146 147 149 152 156 159 161 162 166 167 168 171 172 173 177 179 180 181 184 186 188 191 194 195 2 209 215 225 227 228 229 23 242 243 245 247 249 258 260 268 284 293 3 300 305 309 311 314 316 322 323 328 330 331 336 337 340 348 35 353 356 36 362 363 368 37 370 371 373 377 380 385 387 388 389 39 390 394 396 402 404 405 407 410 411 416 417 418 419 420 422 423 426 428 429 433 434 436 438 439 441 443 445 446 448 450 452 460 465 476 481 485 492 498 499 501 505 506 508 51 53 56 63 68 76,135,,1,9,1
puc-cc9-2p-seed-r1,25,27.0,27,105 123 130 157 16 163 174 183 233 244 269 279 306 320 332 350 355 400 421 444 454 480 495 497 59 69 70,24,"2,2,1,1,1,1,1,1,1,1,1,1,1,1,1,1,1,1,1,1,1,1,1,2",0,108 113 119 129 132 133 134 135 138 139 146 147 149 152 156 159 161 162 166 167 168 171 172 173 177 179 180 181 184 186 188 191 194 195 2 209 215 225 227 228 229 23 242 243 245 247 249 258 260 268 284 293 3 300 305 309 311 314 316 322 323 328 330 331 336 337 340 348 35 353 356 36 362 363 368 37 370 371 373 377 380 385 387 388 389 39 390 394 396 402 404 405 407 410 411 416 417 418 419 420 422 423 426 428 429 433 434 436 438 439 441 443 445 446 448 450 452 460 465 476 481 485 492 498 499 501 505 506 508 51 53 56 63 68 76,135,,1,9,1
puc-cc9-2p-seed-r1,26,27.0,27,105 123 130 157 158 16 160 163 181 183 233 244 269 279 306 320 332 350 355 400 444 454 495 497 59 69 70,21,"2,2,1,3,1,1,2,1,1,1,1,1,1,1,1,1,1,1,1,1,2",0,108 113 119 129 132 133 134 135 138 139 146 147 149 152 156 159 161 162 166 167 168 171 172 173 177 179 180 182 184 186 188 189 191 194 195 2 209 215 225 227 228 229 23 242 243 245 247 249 258 260 268 284 3 300 305 309 311 314 316 322 323 328 330 331 336 337 340 348 35 353 356 36 362 363 368 37 370 371 373 377 380 385 387 388 39 390 394 396 402 404 405 407 410 411 416 418 419 420 421 426 428 433 434 436 438 439 441 443 445 446 448 450 452 460 465 476 481 492 498 499 501 505 506 508 51 53 56 63 68 76,130,,1,9,1
puc-cc9-2p-seed-r1,27,27.0,27,105 123 130 157 158 16 160 163 183 193 233 244 269 279 306 320 332 350 355 400 421 444 454 495 497 59 70,23,"2,2,1,3,1,1,1,1,1,1,1,1,1,1,1,1,1,1,1,1,1,1,1",0,108 113 119 129 132 133 134 135 138 139 146 147 149 152 156 159 161 162 166 167 168 171 172 173 177 179 180 181 184 186 188 191 194 195 2 209 215 225 227 228 229 23 242 243 245 247 249 258 260 268 284 293 3 300 305 309 311 314 316 322 323 328 330 331 336 337 340 348 35 353 356 36 362 363 368 37 370 371 373 377 380 385 387 388 389 39 390 394 396 402 404 405 407 410 411 416 417 418 419 420 422 423 426 428 429 433 434 436 438 439 441 443 445 446 448 450 452 460 465 476 481 485 492 498 499 501 505 506 508 51 53 56 63 68 76,135,,1,9,1
puc-cc9-2p-seed-r1,28,27.0,27,105 123 130 157 158 16 160 163 23 233 244 269 279 306 320 332 350 355 400 421 444 454 495 497 59 69 70,21,"2,2,1,3,1,1,2,1,1,1,1,1,1,1,1,1,1,1,1,1,2",0,108 113 119 129 132 133 134 135 138 139 146 147 149 152 156 159 161 162 166 167 168 171 172 173 177 179 180 181 183 186 188 19 194 195 2 209 21 215 225 227 228 229 24 242 243 245 249 258 260 263 268 275 277 280 284 287 293 3 300 305 309 31 311 314 316 322 323 327 328 330 331 336 337 339 340 341 344 348 35 351 353 356 36 362 363 368 37 370 371 373 375 377 380 385 387 388 389 39 390 394 396 402 404 405 407 410 411 416 417 418 419 420 422 423 426 428 429 433 434 436 438 439 441 443 445 446 448 450 452 460 465 471 476 481 485 492 498 499 501 505 506 508 51 53 56 63 68 7 76 87,150,,1,7,1
puc-cc9-2p-seed-r1,29,27.0,27,103 104 105 11 157 158 163 183 216 233 269 279 304 306 320 350 356 390 421 444 454 468 495 497 59 69 92,22,"2,2,1,2,1,1,1,1,1,2,1,1,1,2,1,1,1,1,1,1,1,1",0,100 108 113 119 123 129 130 132 133 134 135 136 139 147 149 152 155 156 159 161 162 166 167 168 171 172 173 177 179 180 181 184 185 186 188 191 195 198 209 214 215 225 227 228 229 23 242 243 245 247 249 251 258 260 262 264 27 283 284 292 293 299 3 300 305 307 309 311 313 314 316 319 322 323 326 328 332 337 340 342 35 353 354 355 36 360 362 363 368 37 370 371 372 373 377 379 380 385 387 388 389 39 391 394 396 398 400 402 404 405 406 407 408 410 411 416 417 418 419 420 422 423 424 426 428 429 43 433 434 436 438 439 441 443 445 446 448 450 452 453 456 462 465 466 469 472 476 478 481 484 485 486 492 498 499 501 502 505 506 508 51 53 56 57 60 63 68,167,,1,10,1
puc-cc9-2p-seed-r1,30,27.0,27,103 104 105 11 158 160 163 183 233 244 269 304 306 320 339 350 356 390 409 421 444 454 495 497 59 69 92,22,"2,2,1,2,1,1,1,1,2,1,1,1,1,2,1,1,1,1,1,1,1,1",0,100 108 113 119 123 129 130 132 133 134 135 136 139 147 149 152 155 156 159 161 162 166 167 168 171 172 173 177 179 180 181 184 185 186 188 191 195 198 209 214 215 225 227 228 229 23 242 243 245 247 249 251 258 260 262 264 27 283 284 292 293 299 3 300 305 307 309 311 313 314 316 319 322 323 326 328 332 337 340 342 35 353 354 355 36 360 362 363 368 37 370 371 372 373 377 379 380 385 387 388 389 39 391 394 396 398 400 402 404 405 406 407 408 410 411 416 417 418 419 420 422 423 424 426 428 429 43 433 434 436 438 439 441 443 445 446 448 450 452 453 456 462 465 466 469 472 476 478 481 484 485 486 492 498 499 501 502 505 506 508 51 53 56 57 60 63 68,167,,1,10,1
puc-cc9-2p-seed-r1,31,27.0,27,103 104 105 11 163 174 183 216 233 269 279 304 306 320 350 356 390 409 421 444 454 468 495 497 59 69 92,23,"2,2,1,1,1,1,1,1,1,2,1,1,1,2,1,1,1,1,1,1,1,1,1",0,100 108 113 119 123 129 130 132 133 134 135 136 139 147 149 152 155 156 159 161 162 166 167 168 171 172 173 177 179 180 181 184 185 186 188 191 195 198 209 214 215 225 227 228 229 23 242 243 245 247 249 251 258 260 262 264 27 283 284 292 293 299 3 300 305 307 309 311 313 314 316 319 322 323 326 328 332 337 340 342 35 353 354 355 36 360 362 363 368 37 370 371 372 373 377 379 380 385 387 388 389 39 391 394 396 398 400 402 404 405 406 407 408 410 411 416 417 418 419 420 422 423 424 426 428 429 43 433 434 436 438 439 441 443 445 446 448 450 452 453 456 462 465 466 469 472 476 478 481 484 485 486 492 498 499 501 502 505 506 508 51 53 56 57 60 63 68,167,,1,10,1
puc-cc9-2p-seed-r1,32,27.0,27,103 104 105 11 158 160 163 176 183 233 244 269 306 320 339 350 356 390 409 421 444 454 495 497 59 69 92,23,"2,2,1,2,1,1,1,1,1,1,1,1,1,1,2,1,1,1,1,1,1,1,1",0,100 108 113 119 123 129 130 132 133 134 135 136 139 147 149 152 155 156 159 161 162 166 167 168 171 172 173 177 179 180 181 184 185 186 188 191 195 198 209 214 215 225 227 228 229 23 242 243 245 247 249 251 258 260 262 264 27 283 284 292 293 299 3 300 305 307 309 311 313 314 316 319 322 323 326 328 332 337 340 342 35 353 354 355 36 360 362 363 368 37 370 371 372 373 377 379 380 385 387 388 389 39 391 394 396 398 400 402 404 405 406 407 408 410 411 416 417 418 419 420 422 423 424 426 428 429 43 433 434 436 438 439 441 443 445 446 448 450 452 453 456 462 465 466 469 472 476 478 481 484 485 486 492 498 499 501 502 505 506 508 51 53 56 57 60 63 68,167,,1,10,1
puc-cc9-2p-seed-r1,33,27.0,27,103 104 105 11 158 160 163 176 181 183 233 244 269 306 320 339 350 356 390 409 444 454 495 497 59 69 92,22,"2,2,1,2,1,1,2,1,1,1,1,1,1,1,2,1,1,1,1,1,1,1",0,100 108 113 119 123 129 130 132 133 134 135 136 139 147 149 152 155 156 159 161 162 166 167 168 171 172 173 177 179 180 182 184 185 186 188 189 191 195 198 209 214 215 225 227 228 229 23 242 243 245 247 249 251 258 260 262 264 27 283 284 292 299 3 300 305 307 309 311 313 314 316 319 322 323 326 328 332 337 340 342 35 353 354 355 36 360 362 363 368 37 370 371 372 373 377 379 380 385 387 388 389 39 391 394 396 398 400 402 404 405 406 407 408 410 411 416 418 419 420 421 422 424 426 428 43 433 434 436 438 439 441 443 445 446 448 450 452 453 456 462 465 466 469 472 476 478 481 484 486 492 498 499 501 502 505 506 508 51 53 56 57 60 63 68,164,,1,10,1
puc-cc9-2p-seed-r1,34,27.0,27,103 104 105 11 158 160 163 181 183 233 244 269 304 306 320 339 350 356 390 409 444 454 495 497 59 69 92,21,"2,2,1,2,1,2,1,1,2,1,1,1,1,2,1,1,1,1,1,1,1",0,100 108 113 119 123 129 130 132 133 134 135 136 139 147 149 152 155 156 159 161 162 166 167 168 171 172 173 177 179 180 182 184 185 186 188 189 191 195 198 209 214 215 225 227 228 229 23 242 243 245 247 249 251 258 260 262 264 27 283 284 292 299 3 300 305 307 309 311 313 314 316 319 322 323 326 328 332 337 340 342 35 353 354 355 36 360 362 363 368 37 370 371 372 373 377 379 380 385 387 388 389 39 391 394 396 398 400 402 404 405 406 407 408 410 411 416 418 419 420 421 422 424 426 428 43 433 434 436 438 439 441 443 445 446 448 450 452 453 456 462 465 466 469 472 476 478 481 484 486 492 498 499 501 502 505 506 508 51 53 56 57 60 63 68,164,,1,10,1
puc-cc9-2p-seed-r1,35,27.0,27,103 104 105 11 158 160 163 176 181 183 193 233 244 269 306 320 339 350 356 390 409 444 454 495 497 59 92,22,"2,2,1,2,1,1,2,1,1,1,1,1,1,1,1,2,1,1,1,1,1,1",0,100 108 113 119 123 129 130 132 133 134 135 136 139 147 149 152 155 156 159 161 162 166 167 168 171 172 173 177 179 180 182 184 185 186 188 189 191 195 198 209 214 215 225 227 228 229 23 242 243 245 247 249 251 258 260 262 264 27 283 284 292 299 3 300 305 307 309 311 313 314 316 319 322 323 326 328 332 337 340 342 35 353 354 355 36 360 362 363 368 37 370 371 372 373 377 379 380 385 387 388 389 39 391 394 396 398 400 402 404 405 406 407 408 410 411 416 418 419 420 421 422 424 426 428 43 433 434 436 438 439 441 443 445 446 448 450 452 453 456 462 465 466 469 472 476 478 481 484 486 492 498 499 501 502 505 506 508 51 53 56 57 60 63 68,164,,1,10,1
puc-cc9-2p-seed-r1,36,27.0,27,103 104 105 11 158 160 163 176 181 23 233 244 269 306 320 339 350 356 390 409 444 454 495 497 59 69 92,23,"2,2,1,2,1,1,1,1,1,1,1,1,1,1,1,2,1,1,1,1,1,1,1",0,100 108 113 119 123 129 130 132 133 134 135 136 139 147 149 152 155 156 159 161 162 166 167 168 171 172 173 177 179 180 182 183 185 186 188 189 19 191 195 198 209 21 214 215 225 227 228 229 24 242 243 245 249 251 258 260 262 264 27 279 283 284 292 299 3 300 305 307 309 31 311 313 314 316 319 322 323 326 328 332 337 340 342 35 353 354 355 36 360 362 363 368 37 370 371 372 373 377 379 380 385 387 388 389 39 391 394 396 398 400 402 404 405 406 407 408 410 411 416 418 419 420 421 422 424 426 428 43 433 434 436 438 439 441 443 445 446 448 450 452 453 456 462 465 466 469 472 476 478 481 484 486 492 498 499 501 502 505 506 508 51 53 56 57 60 63 68 7 87,169,,1,10,1
puc-cc9-2p-seed-r1,37,27.0,27,103 104 105 11 158 160 163 176 181 193 23 233 244 269 306 320 339 350 356 390 409 444 454 495 497 59 92,23,"2,2,1,2,1,1,1,1,1,1,1,1,1,1,1,1,2,1,1,1,1,1,1",0,100 108 113 119 123 129 130 132 133 134 135 136 139 147 149 152 155 156 159 161 162 166 167 168 171 172 173 177 179 180 182 183 185 186 188 189 19 191 195 198 209 21 214 215 225 227 228 229 24 242 243 245 249 251 258 260 262 264 27 279 283 284 292 299 3 300 305 307 309 31 311 313 314 316 319 322 323 326 328 332 337 340 342 35 353 354 355 36 360 362 363 368 37 370 371 372 373 377 379 380 385 387 388 389 39 391 394 396 398 400 402 404 405 406 407 408 410 411 416 418 419 420 421 422 424 426 428 43 433 434 436 438 439 441 443 445 446 448 450 452 453 456 462 465 466 469 472 476 478 481 484 486 492 498 499 501 502 505 506 508 51 53 56 57 60 63 68 7 87,169,,1,10,1
puc-cc9-2p-seed-r1,38,27.0,27,103 104 11 123 157 158 163 183 216 233 269 279 297 304 306 320 332 350 390 421 444 454 468 495 497 59 69,22,"2,1,2,2,1,1,1,1,1,1,1,2,1,1,1,2,1,1,1,1,1,1",0,108 113 119 129 130 132 133 134 135 136 139 147 149 152 156 159 161 162 166 167 168 171 172 173 177 179 180 181 184 186 188 191 195 198 209 214 215 225 227 228 229 23 242 243 245 247 249 258 260 262 264 268 284 293 3 300 305 309 311 314 316 322 323 326 328 330 331 336 337 340 342 348 35 353 356 36 362 363 368 37 370 371 373 377 380 385 387 388 389 39 391 394 396 398 400 402 404 405 406 407 408 410 411 416 417 418 419 420 422 423 424 426 428 429 433 434 436 438 439 441 443 445 446 448 450 452 453 456 460 462 465 466 469 472 476 478 481 485 486 492 498 499 501 502 505 506 508 51 53 56 63 68 76,153,,1,8,1
puc-cc9-2p-seed-r1,39,27.0,27,103 104 11 123 158 160 163 183 233 244 269 297 304 306 320 332 339 350 390 409 421 444 454 495 497 59 69,22,"2,1,2,2,1,1,1,1,1,1,2,1,1,1,1,2,1,1,1,1,1,1",0,108 113 119 129 130 132 133 134 135 136 139 147 149 152 156 159 161 162 166 167 168 171 172 173 177 179 180 181 184 186 188 191 195 198 209 214 215 225 227 228 229 23 242 243 245 247 249 258 260 262 264 268 284 293 3 300 305 309 311 314 316 322 323 326 328 330 331 336 337 340 342 348 35 353 356 36 362 363 368 37 370 371 373 377 380 385 387 388 389 39 391 394 396 398 400 402 404 405 406 407 408 410 411 416 417 418 419 420 422 423 424 426 428 429 433 434 436 438 439 441 443 445 446 448 450 452 453 456 460 462 465 466 469 472 476 478 481 485 486 492 498 499 501 502 505 506 508 51 53 56 63 68 76,153,,1,8,1
puc-cc9-2p-seed-r1,40,27.0,27,103 104 11 123 163 174 183 216 233 269 279 297 304 306 320 332 350 390 409 421 444 454 468 495 497 59 69,23,"2,1,2,1,1,1,1,1,1,1,1,2,1,1,1,2,1,1,1,1,1,1,1",0,108 113 119 129 130 132 133 134 135 136 139 147 149 152 156 159 161 162 166 167 168 171 172 173 177 179 180 181 184 186 188 191 195 198 209 214 215 225 227 228 229 23 242 243 245 247 249 258 260 262 264 268 284 293 3 300 305 309 311 314 316 322 323 326 328 330 331 336 337 340 342 348 35 353 356 36 362 363 368 37 370 371 373 377 380 385 387 388 389 39 391 394 396 398 400 402 404 405 406 407 408 410 411 416 417 418 419 420 422 423 424 426 428 429 433 434 436 438 439 441 443 445 446 448 450 452 453 456 460 462 465 466 469 472 476 478 481 485 486 492 498 499 501 502 505 506 508 51 53 56 63 68 76,153,,1,8,1
puc-cc9-2p-seed-r1,41,27.0,27,103 104 11 123 158 160 163 169 183 233 244 269 304 306 320 332 339 350 390 409 421 444 454 495 497 59 69,21,"2,1,2,2,1,2,1,1,1,2,1,1,1,1,2,1,1,1,1,1,1",0,108 113 119 129 130 132 133 134 135 136 139 147 149 152 156 159 161 162 166 167 168 171 172 173 177 179 180 181 184 186 188 191 195 198 209 214 215 225 227 228 229 23 242 243 245 247 249 258 260 262 264 268 284 293 3 300 305 309 311 314 316 322 323 326 328 330 331 336 337 340 342 348 35 353 356 36 362 363 368 37 370 371 373 377 380 385 387 388 389 39 391 394 396 398 400 402 404 405 406 407 408 410 411 416 417 418 419 420 422 423 424 426 428 429 433 434 436 438 439 441 443 445 446 448 450 452 453 456 460 462 465 466 469 472 476 478 481 485 486 492 498 499 501 502 505 506 508 51 53 56 63 68 76,153,,1,8,1
puc-cc9-2p-seed-r1,42,27.0,27,103 104 11 123 158 163 169 183 216 233 269 279 304 306 320 332 350 390 409 421 444 454 468 495 497 59 69,22,"2,1,2,1,1,2,1,1,1,1,2,1,1,1,2,1,1,1,1,1,1,1",0,108 113 119 129 130 132 133 134 135 136 139 147 149 152 156 159 161 162 166 167 168 171 172 173 177 179 180 181 184 186 188 191 195 198 209 214 215 225 227 228 229 23 242 243 245 247 249 258 260 262 264 268 284 293 3 300 305 309 311 314 316 322 323 326 328 330 331 336 337 340 342 348 35 353 356 36 362 363 368 37 370 371 373 377 380 385 387 388 389 39 391 394 396 398 400 402 404 405 406 407 408 410 411 416 417 418 419 420 422 423 424 426 428 429 433 434 436 438 439 441 443 445 446 448 450 452 453 456 460 462 465 466 469 472 476 478 481 485 486 492 498 499 501 502 505 506 508 51 53 56 63 68 76,153,,1,8,1
puc-cc9-2p-seed-r1,43,27.0,27,103 104 11 123 158 163 169 176 183 216 233 269 279 306 320 332 350 390 409 421 444 454 468 495 497 59 69,23,"2,1,2,1,1,2,1,1,1,1,1,1,1,1,1,2,1,1,1,1,1,1,1",0,108 113 119 129 130 132 133 134 135 136 139 147 149 152 156 159 161 162 166 167 168 171 172 173 177 179 180 181 184 186 188 191 195 198 209 214 215 225 227 228 229 23 242 243 245 247 249 258 260 262 264 268 284 293 3 300 305 309 311 314 316 322 323 326 328 330 331 336 337 340 342 348 35 353 356 36 362 363 368 37 370 371 373 377 380 385 387 388 389 39 391 394 396 398 400 402 404 405 406 407 408 410 411 416 417 418 419 420 422 423 424 426 428 429 433 434 436 438 439 441 443 445 446 448 450 452 453 456 460 462 465 466 469 472 476 478 481 485 486 492 498 499 501 502 505 506 508 51 53 56 63 68 76,153,,1,8,1
puc-cc9-2p-seed-r1,44,27.0,27,103 104 11 123 158 163 176 183 216 233 269 279 297 306 320 332 350 390 409 421 444 454 468 495 497 59 69,24,"2,1,2,1,1,1,1,1,1,1,1,1,1,1,1,1,2,1,1,1,1,1,1,1",0,108 113 119 129 130 132 133 134 135 136 139 147 149 152 156 159 161 162 166 167 168 171 172 173 177 179 180 181 184 186 188 191 195 198 209 214 215 225 227 228 229 23 242 243 245 247 249 258 260 262 264 268 284 293 3 300 305 309 311 314 316 322 323 326 328 330 331 336 337 340 342 348 35 353 356 36 362 363 368 37 370 371 373 377 380 385 387 388 389 39 391 394 396 398 400 402 404 405 406 407 408 410 411 416 417 418 419 420 422 423 424 426 428 429 433 434 436 438 439 441 443 445 446 448 450 452 453 456 460 462 465 466 469 472 476 478 481 485 486 492 498 499 501 502 505 506 508 51 53 56 63 68 76,153,,1,8,1
puc-cc9-2p-seed-r1,45,27.0,27,103 104 11 123 158 163 169 176 181 183 216 233 269 279 306 320 332 350 390 409 444 454 468 495 497 59 69,22,"2,1,2,1,1,2,1,2,1,1,1,1,1,1,1,2,1,1,1,1,1,1",0,108 113 119 129 130 132 133 134 135 136 139 147 149 152 156 159 161 162 166 167 168 171 172 173 177 179 180 182 184 186 188 189 191 195 198 209 214 215 225 227 228 229 23 242 243 245 247 249 258 260 262 264 268 284 3 300 305 309 311 314 316 322 323 326 328 330 331 336 337 340 342 348 35 353 356 36 362 363 368 37 370 371 373 377 380 385 387 388 389 39 391 394 396 398 400 402 404 405 406 407 408 410 411 416 418 419 420 421 422 424 426 428 433 434 436 438 439 441 443 445 446 448 450 452 453 456 460 462 465 466 469 472 476 478 481 486 492 498 499 501 502 505 506 508 51 53 56 63 68 76,150,,1,8,1
puc-cc9-2p-seed-r1,46,27.0,27,103 104 11 123 158 163 176 181 183 216 233 269 279 297 306 320 332 350 390 409 444 454 468 495 497 59 69,23,"2,1,2,1,1,1,2,1,1,1,1,1,1,1,1,1,2,1,1,1,1,1,1",0,108 113 119 129 130 132 133 134 135 136 139 147 149 152 156 159 161 162 166 167 168 171 172 173 177 179 180 182 184 186 188 189 191 195 198 209 214 215 225 227 228 229 23 242 243 245 247 249 258 260 262 264 268 284 3 300 305 309 311 314 316 322 323 326 328 330 331 336 337 340 342 348 35 353 356 36 362 363 368 37 370 371 373 377 380 385 387 388 389 39 391 394 396 398 400 402 404 405 406 407 408 410 411 416 418 419 420 421 422 424 426 428 433 434 436 438 439 441 443 445 446 448 450 452 453 456 460 462 465 466 469 472 476 478 481 486 492 498 499 501 502 505 506 508 51 53 56 63 68 76,150,,1,8,1
puc-cc9-2p-seed-r1,47,27.0,27,103 104 11 123 158 163 169 176 181 183 193 216 233 269 279 306 320 332 350 390 409 444 454 468 495 497 59,22,"2,1,2,1,1,2,1,2,1,1,1,1,1,1,1,1,2,1,1,1,1,1",0,108 113 119 129 130 132 133 134 135 136 139 147 149 152 156 159 161 162 166 167 168 171 172 173 177 179 180 182 184 186 188 189 191 195 198 209 214 215 225 227 228 229 23 242 243 245 247 249 258 260 262 264 268 284 3 300 305 309 311 314 316 322 323 326 328 330 331 336 337 340 342 348 35 353 356 36 362 363 368 37 370 371 373 377 380 385 387 388 389 39 391 394 396 398 400 402 404 405 406 407 408 410 411 416 418 419 420 421 422 424 426 428 433 434 436 438 439 441 443 445 446 448 450 452 453 456 460 462 465 466 469 472 476 478 481 486 492 498 499 501 502 505 506 508 51 53 56 63 68 76,150,,1,8,1
puc-cc9-2p-seed-r1,48,27.0,27,103 104 11 123 158 163 169 176 181 183 193 208 233 244 269 306 320 332 339 350 390 409 444 454 495 497 59,22,"2,1,2,1,1,2,1,2,1,1,1,1,1,1,1,1,1,2,1,1,1,1",0,108 113 119 129 130 132 133 134 135 136 139 147 149 152 156 159 161 162 166 167 168 171 172 173 177 179 180 182 184 186 188 189 191 195 198 209 214 215 225 227 228 229 23 242 243 245 247 249 258 260 262 264 268 284 3 300 305 309 311 314 316 322 323 326 328 330 331 336 337 340 342 348 35 353 356 36 362 363 368 37 370 371 373 377 380 385 387 388 389 39 391 394 396 398 400 402 404 405 406 407 408 410 411 416 418 419 420 421 422 424 426 428 433 434 436 438 439 441 443 445 446 448 450 452 453 456 460 462 465 466 469 472 476 478 481 486 492 498 499 501 502 505 506 508 51 53 56 63 68 76,150,,1,8,1
puc-cc9-2p-seed-r1,49,27.0,27,103 104 11 123 158 163 169 176 181 216 23 233 269 279 306 320 332 350 390 409 444 454 468 495 497 59 69,22,"2,1,2,1,1,2,1,1,1,2,1,1,1,1,1,2,1,1,1,1,1,1",0,108 113 119 129 130 132 133 134 135 136 139 147 149 152 156 159 161 162 166 167 168 171 172 173 177 179 180 182 183 186 188 189 19 195 198 209 21 214 215 225 227 228 229 24 242 243 245 249 258 260 262 263 264 268 275 277 280 284 287 3 300 305 309 31 311 314 316 322 323 326 327 328 330 331 336 337 339 340 341 342 344 348 35 351 353 356 36 362 363 368 37 370 371 373 375 377 380 385 387 388 389 39 391 394 396 398 400 402 404 405 406 407 408 410 411 416 418 419 420 421 422 424 426 428 433 434 436 438 439 441 443 445 446 448 450 452 453 456 460 462 465 466 469 471 472 476 478 481 486 492 498 499 501 502 505 506 508 51 53 56 63 68 7 76 87,165,,1,6,1
puc-cc9-2p-seed-r1,50,27.0,27,103 104 11 123 158 163 169 176 181 183 208 233 244 269 306 320 332 339 350 390 409 444 454 495 497 59 69,22,"2,1,2,1,1,2,1,2,1,1,1,1,1,1,1,1,2,1,1,1,1,1",0,108 113 119 129 130 132 133 134 135 136 139 147 149 152 156 159 161 162 166 167 168 171 172 173 177 179 180 182 184 186 188 189 191 195 198 209 214 215 225 227 228 229 23 242 243 245 247 249 258 260 262 264 268 284 3 300 305 309 311 314 316 322 323 326 328 330 331 336 337 340 342 348 35 353 356 36 362 363 368 37 370 371 373 377 380 385 387 388 389 39 391 394 396 398 400 402 404 405 406 407 408 410 411 416 418 419 420 421 422 424 426 428 433 434 436 438 439 441 443 445 446 448 450 452 453 456 460 462 465 466 469 472 476 478 481 486 492 498 499 501 502 505 506 508 51 53 56 63 68 76,150,,1,8,1
puc-cc9-2p-seed-r1,51,27.0,27,103 104 123 130 157 158 16 163 183 216 233 269 279 297 306 320 332 350 400 421 444 454 468 495 497 59 69,24,"2,2,1,2,1,1,1,1,1,1,1,1,1,1,1,1,1,1,1,1,1,1,1,1",0,108 113 119 129 132 133 134 135 138 139 146 147 149 152 156 159 161 162 166 167 168 171 172 173 177 179 180 181 184 186 188 191 194 195 2 209 215 225 227 228 229 23 242 243 245 247 249 258 260 268 284 293 3 300 305 309 311 314 316 322 323 328 330 331 336 337 340 348 35 353 356 36 362 363 368 37 370 371 373 377 380 385 387 388 389 39 390 394 396 402 404 405 407 410 411 416 417 418 419 420 422 423 426 428 429 433 434 436 438 439 441 443 445 446 448 450 452 460 465 476 481 485 492 498 499 501 505 506 508 51 53 56 63 68 76,135,,1,9,1
puc-cc9-2p-seed-r1,52,27.0,27,103 104 123 130 157 158 16 160 163 183 233 244 269 297 306 320 332 339 350 400 421 444 454 495 497 59 69,23,"2,2,1,3,1,1,1,1,1,1,1,1,1,1,1,1,1,1,1,1,1,1,1",0,108 113 119 129 132 133 134 135 138 139 146 147 149 152 156 159 161 162 166 167 168 171 172 173 177 179 180 181 184 186 188 191 194 195 2 209 215 225 227 228 229 23 242 243 245 247 249 258 260 268 284 293 3 300 305 309 311 314 316 322 323 328 330 331 336 337 340 348 35 353 356 36 362 363 368 37 370 371 373 377 380 385 387 388 389 39 390 394 396 402 404 405 407 410 411 416 417 418 419 420 422 423 426 428 429 433 434 436 438 439 441 443 445 446 448 450 452 460 465 476 481 485 492 498 499 501 505 506 508 51 53 56 63 68 76,135,,1,9,1
puc-cc9-2p-seed-r1,53,27.0,27,103 104 123 130 158 16 160 163 183 233 244 269 297 306 320 332 339 350 400 409 421 444 454 495 497 59 69,24,"2,2,1,2,1,1,1,1,1,1,1,1,1,1,1,1,1,1,1,1,1,1,1,1",0,108 113 119 129 132 133 134 135 138 139 146 147 149 152 156 159 161 162 166 167 168 171 172 173 177 179 180 181 184 186 188 191 194 195 2 209 215 225 227 228 229 23 242 243 245 247 249 258 260 268 284 293 3 300 305 309 311 314 316 322 323 328 330 331 336 337 340 348 35 353 356 36 362 363 368 37 370 371 373 377 380 385 387 388 389 39 390 394 396 402 404 405 407 410 411 416 417 418 419 420 422 423 426 428 429 433 434 436 438 439 441 443 445 446 448 450 452 460 465 476 481 485 492 498 499 501 505 506 508 51 53 56 63 68 76,135,,1,9,1
puc-cc9-2p-seed-r1,54,27.0,27,103 104 123 130 157 158 16 160 163 169 183 233 244 269 306 320 332 339 350 400 421 444 454 495 497 59 69,22,"2,2,1,3,1,1,2,1,1,1,1,1,1,1,1,1,1,1,1,1,1,1",0,108 113 119 129 132 133 134 135 138 139 146 147 149 152 156 159 161 162 166 167 168 171 172 173 177 179 180 181 184 186 188 191 194 195 2 209 215 225 227 228 229 23 242 243 245 247 249 258 260 268 284 293 3 300 305 309 311 314 316 322 323 328 330 331 336 337 340 348 35 353 356 36 362 363 368 37 370 371 373 377 380 385 387 388 389 39 390 394 396 402 404 405 407 410 411 416 417 418 419 420 422 423 426 428 429 433 434 436 438 439 441 443 445 446 448 450 452 460 465 476 481 485 492 498 499 501 505 506 508 51 53 56 63 68 76,135,,1,9,1
puc-cc9-2p-seed-r1,55,27.0,27,103 104 123 130 157 16 163 174 183 216 233 269 279 297 306 320 332 350 400 421 444 454 468 495 497 59 69,25,"2,2,1,1,1,1,1,1,1,1,1,1,1,1,1,1,1,1,1,1,1,1,1,1,1",0,108 113 119 129 132 133 134 135 138 139 146 147 149 152 156 159 161 162 166 167 168 171 172 173 177 179 180 181 184 186 188 191 194 195 2 209 215 225 227 228 229 23 242 243 245 247 249 258 260 268 284 293 3 300 305 309 311 314 316 322 323 328 330 331 336 337 340 348 35 353 356 36 362 363 368 37 370 371 373 377 380 385 387 388 389 39 390 394 396 402 404 405 407 410 411 416 417 418 419 420 422 423 426 428 429 433 434 436 438 439 441 443 445 446 448 450 452 460 465 476 481 485 492 498 499 501 505 506 508 51 53 56 63 68 76,135,,1,9,1
puc-cc9-2p-seed-r1,56,27.0,27,103 104 123 130 157 158 16 163 169 183 216 233 269 279 306 320 332 350 400 421 444 454 468 495 497 59 69,23,"2,2,1,2,1,1,2,1,1,1,1,1,1,1,1,1,1,1,1,1,1,1,1",0,108 113 119 129 132 133 134 135 138 139 146 147 149 152 156 159 161 162 166 167 168 171 172 173 177 179 180 181 184 186 188 191 194 195 2 209 215 225 227 228 229 23 242 243 245 247 249 258 260 268 284 293 3 300 305 309 311 314 316 322 323 328 330 331 336 337 340 348 35 353 356 36 362 363 368 37 370 371 373 377 380 385 387 388 389 39 390 394 396 402 404 405 407 410 411 416 417 418 419 420 422 423 426 428 429 433 434 436 438 439 441 443 445 446 448 450 452 460 465 476 481 485 492 498 499 501 505 506 508 51 53 56 63 68 76,135,,1,9,1
puc-cc9-2p-seed-r1,57,27.0,27,103 104 123 130 157 158 16 160 163 181 183 233 244 269 297 306 320 332 339 350 400 444 454 495 497 59 69,22,"2,2,1,3,1,1,2,1,1,1,1,1,1,1,1,1,1,1,1,1,1,1",0,108 113 119 129 132 133 134 135 138 139 146 147 149 152 156 159 161 162 166 167 168 171 172 173 177 179 180 182 184 186 188 189 191 194 195 2 209 215 225 227 228 229 23 242 243 245 247 249 258 260 268 284 3 300 305 309 311 314 316 322 323 328 330 331 336 337 340 348 35 353 356 36 362 363 368 37 370 371 373 377 380 385 387 388 39 390 394 396 402 404 405 407 410 411 416 418 419 420 421 426 428 433 434 436 438 439 441 443 445 446 448 450 452 460 465 476 481 492 498 499 501 505 506 508 51 53 56 63 68 76,130,,1,9,1
puc-cc9-2p-seed-r1,58,27.0,27,103 104 123 130 157 158 16 160 163 169 181 183 233 244 269 306 320 332 339 350 400 444 454 495 497 59 69,21,"2,2,1,3,1,1,2,2,1,1,1,1,1,1,1,1,1,1,1,1,1",0,108 113 119 129 132 133 134 135 138 139 146 147 149 152 156 159 161 162 166 167 168 171 172 173 177 179 180 182 184 186 188 189 191 194 195 2 209 215 225 227 228 229 23 242 243 245 247 249 258 260 268 284 3 300 305 309 311 314 316 322 323 328 330 331 336 337 340 348 35 353 356 36 362 363 368 37 370 371 373 377 380 385 387 388 39 390 394 396 402 404 405 407 410 411 416 418 419 420 421 426 428 433 434 436 438 439 441 443 445 446 448 450 452 460 465 476 481 492 498 499 501 505 506 508 51 53 56 63 68 76,130,,1,9,1
puc-cc9-2p-seed-r1,59,27.0,27,103 104 123 130 157 158 16 160 163 169 181 183 193 233 244 269 306 320 332 339 350 400 444 454 495 497 59,21,"2,2,1,3,1,1,2,2,1,1,1,1,1,1,1,1,1,1,1,1,1",0,108 113 119 129 132 133 134 135 138 139 146 147 149 152 156 159 161 162 166 167 168 171 172 173 177 179 180 182 184 186 188 189 191 194 195 2 209 215 225 227 228 229 23 242 243 245 247 249 258 260 268 284 3 300 305 309 311 314 316 322 323 328 330 331 336 337 340 348 35 353 356 36 362 363 368 37 370 371 373 377 380 385 387 388 39 390 394 396 402 404 405 407 410 411 416 418 419 420 421 426 428 433 434 436 438 439 441 443 445 446 448 450 452 460 465 476 481 492 498 499 501 505 506 508 51 53 56 63 68 76,130,,1,9,1
puc-cc9-2p-seed-r1,60,27.0,27,103 104 123 130 157 158 16 160 163 169 183 193 233 244 269 306 320 332 339 350 400 421 444 454 495 497 59,22,"2,2,1,3,1,1,2,1,1,1,1,1,1,1,1,1,1,1,1,1,1,1",0,108 113 119 129 132 133 134 135 138 139 146 147 149 152 156 159 161 162 166 167 168 171 172 173 177 179 180 181 184 186 188 191 194 195 2 209 215 225 227 228 229 23 242 243 245 247 249 258 260 268 284 293 3 300 305 309 311 314 316 322 323 328 330 331 336 337 340 348 35 353 356 36 362 363 368 37 370 371 373 377 380 385 387 388 389 39 390 394 396 402 404 405 407 410 411 416 417 418 419 420 422 423 426 428 429 433 434 436 438 439 441 443 445 446 448 450 452 460 465 476 481 485 492 498 499 501 505 506 508 51 53 56 63 68 76,135,,1,9,1
puc-cc9-2p-seed-r1,61,27.0,27,103 104 123 130 157 158 16 160 163 169 181 23 233 244 269 306 320 332 339 350 400 444 454 495 497 59 69,22,"2,2,1,3,1,1,2,1,1,1,1,1,1,1,1,1,1,1,1,1,1,1",0,108 113 119 129 132 133 134 135 138 139 146 147 149 152 156 159 161 162 166 167 168 171 172 173 177 179 180 182 183 186 188 189 19 194 195 2 209 21 215 225 227 228 229 24 242 243 245 249 258 260 268 279 284 3 300 305 309 31 311 314 316 322 323 328 330 331 336 337 340 348 35 353 356 36 362 363 368 37 370 371 373 377 380 385 387 388 39 390 394 396 402 404 405 407 410 411 416 418 419 420 421 426 428 433 434 436 438 439 441 443 445 446 448 450 452 460 465 476 481 492 498 499 501 505 506 508 51 53 56 63 68 7 76 87,134,,1,9,1
puc-cc9-2p-seed-r1,62,27.0,27,103 104 123 130 157 158 16 160 163 169 181 193 23 233 244 269 306 320 332 339 350 400 444 454 495 497 59,22,"2,2,1,3,1,1,2,1,1,1,1,1,1,1,1,1,1,1,1,1,1,1",0,108 113 119 129 132 133 134 135 138 139 146 147 149 152 156 159 161 162 166 167 168 171 172 173 177 179 180 182 183 186 188 189 19 194 195 2 209 21 215 225 227 228 229 24 242 243 245 249 258 260 268 279 284 3 300 305 309 31 311 314 316 322 323 328 330 331 336 337 340 348 35 353 356 36 362 363 368 37 370 371 373 377 380 385 387 388 39 390 394 396 402 404 405 407 410 411 416 418 419 420 421 426 428 433 434 436 438 439 441 443 445 446 448 450 452 460 465 476 481 492 498 499 501 505 506 508 51 53 56 63 68 7 76 87,134,,1,9,1
puc-cc9-2p-seed-r1,63,27.0,27,103 104 123 130 157 158 16 160 163 169 181 183 193 244 269 306 320 332 339 350 361 400 444 454 495 497 59,22,"2,2,1,3,1,1,1,2,1,1,1,1,1,1,1,1,1,1,1,1,1,1",0,105 108 113 119 129 132 133 134 135 137 138 139 146 147 149 152 156 159 161 162 166 167 168 170 171 172 173 177 179 180 182 184 185 186 188 189 191 194 195 2 209 215 225 227 228 229 23 233 242 243 245 247 249 258 260 268 284 297 3 300 305 309 311 314 316 322 323 328 33 330 331 336 337 340 348 35 353 356 36 362 363 368 37 370 371 373 377 380 385 387 388 39 390 394 396 402 404 405 407 410 411 416 418 419 42 420 421 425 426 428 43 433 434 436 438 439 441 443 445 446 448 45 450 452 460 465 476 481 492 498 499 501 505 506 508 51 53 56 57 63 68 76 9,143,,1,10,1
puc-cc9-2p-seed-r1,64,27.0,27,105 123 130 157 158 16 160 163 183 193 244 269 279 306 320 332 350 355 361 400 421 444 454 495 497 59 70,23,"2,2,1,3,1,1,1,1,1,1,1,1,1,1,1,1,1,1,1,1,1,1,1",0,108 113 119 129 132 133 134 135 138 139 146 147 149 152 156 159 161 162 166 167 168 171 172 173 177 179 180 181 184 186 188 191 194 195 2 209 215 225 227 228 229 23 242 243 245 247 249 258 260 268 284 293 3 300 305 309 311 314 316 322 323 328 330 331 336 337 340 348 35 353 356 36 362 363 368 37 370 371 373 377 380 385 387 388 389 39 390 394 396 402 404 405 407 410 411 416 417 418 419 420 422 423 426 428 429 433 434 436 438 439 441 443 445 446 448 450 452 460 465 476 481 485 492 498 499 501 505 506 508 51 53 56 63 68 76,135,,1,9,1
puc-cc9-2p-seed-r1,65,27.0,27,105 123 130 157 158 16 160 163 183 193 244 255 269 279 306 320 332 350 355 361 400 421 444 454 497 59 70,23,"2,2,1,3,1,1,1,1,1,1,1,1,1,1,1,1,1,1,1,1,1,1,1",0,108 113 119 129 132 133 134 135 138 139 146 147 149 152 156 159 161 162 166 167 168 171 172 173 177 179 180 181 184 186 188 191 194 195 2 209 215 225 227 228 229 23 242 243 245 247 249 258 260 268 284 293 3 300 305 309 311 314 316 322 323 328 330 331 336 337 340 348 35 353 356 36 362 363 368 37 370 371 373 377 380 385 387 388 389 39 390 394 396 402 404 405 407 410 411 416 417 418 419 420 422 423 426 428 429 433 434 436 438 439 441 443 445 446 448 450 452 460 465 476 481 485 492 498 499 501 505 506 508 51 53 56 63 68 76,135,,1,9,1
puc-cc9-2p-seed-r1,66,27.0,27,105 123 130 157 158 16 160 163 183 193 233 244 255 269 279 306 320 332 350 355 400 421 444 454 497 59 70,23,"2,2,1,3,1,1,1,1,1,1,1,1,1,1,1,1,1,1,1,1,1,1,1",0,108 113 119 129 132 133 134 135 138 139 146 147 149 152 156 159 161 162 166 167 168 171 172 173 177 179 180 181 184 186 188 191 194 195 2 209 215 225 227 228 229 23 242 243 245 247 249 258 260 268 284 293 3 300 305 309 311 314 316 322 323 328 330 331 336 337 340 348 35 353 356 36 362 363 368 37 370 371 373 377 380 385 387 388 389 39 390 394 396 402 404 405 407 410 411 416 417 418 419 420 422 423 426 428 429 433 434 436 438 439 441 443 445 446 448 450 452 460 465 476 481 485 492 498 499 501 505 506 508 51 53 56 63 68 76,135,,1,9,1
puc-cc9-2p-seed-r1,67,27.0,27,105 123 130 157 158 16 160 163 183 193 244 255 269 306 320 332 339 350 355 361 400 421 444 454 497 59 70,23,"2,2,1,3,1,1,1,1,1,1,1,1,1,1,1,1,1,1,1,1,1,1,1",0,108 113 119 129 132 133 134 135 138 139 146 147 149 152 156 159 161 162 166 167 168 171 172 173 177 179 180 181 184 186 188 191 194 195 2 209 215 225 227 228 229 23 242 243 245 247 249 258 260 268 284 293 3 300 305 309 311 314 316 322 323 328 330 331 336 337 340 348 35 353 356 36 362 363 368 37 370 371 373 377 380 385 387 388 389 39 390 394 396 402 404 405 407 410 411 416 417 418 419 420 422 423 426 428 429 433 434 436 438 439 441 443 445 446 448 450 452 460 465 476 481 485 492 498 499 501 505 506 508 51 53 56 63 68 76,135,,1,9,1
puc-cc9-2p-seed-r1,68,27.0,27,105 123 130 157 158 16 160 163 183 193 244 255 269 279 320 332 34 350 355 400 421 425 444 454 497 59 70,24,"1,2,1,3,1,1,1,1,1,1,1,1,1,1,1,1,1,1,1,1,1,1,1,1",0,106 107 108 109 113 119 121 129 132 133 134 135 138 139 146 147 149 152 156 159 161 162 166 167 168 169 171 172 173 177 179 180 181 184 186 188 191 194 195 2 209 215 225 227 228 229 23 233 242 243 245 247 249 258 260 268 284 293 297 3 300 305 309 311 314 316 322 323 328 33 330 331 336 337 340 348 35 353 356 36 361 362 363 368 37 370 371 373 377 380 385 387 388 389 39 390 394 396 402 404 405 407 410 411 416 417 418 419 42 420 422 423 426 428 429 43 433 434 436 438 439 441 443 445 446 448 45 450 452 460 465 476 481 485 492 498 499 501 505 506 508 51 53 56 57 63 68 73 76 9 97,151,,1,10,1
puc-cc9-2p-seed-r1,69,27.0,27,105 123 130 157 158 16 160 163 183 193 244 255 269 279 320 332 34 350 355 361 400 421 443 444 454 497 70,23,"2,1,1,3,1,1,1,1,1,1,1,1,1,1,1,1,1,1,1,2,1,1,1",0,108 113 119 129 132 133 134 135 138 139 146 147 149 152 155 156 159 161 162 166 167 168 171 172 173 177 179 180 181 184 185 186 188 191 194 195 2 209 215 225 227 228 229 23 242 243 245 247 249 251 258 260 268 283 284 293 299 3 300 305 307 309 311 313 314 316 319 322 323 328 330 331 336 337 340 348 35 353 356 36 362 363 368 37 370 371 373 377 379 380 385 387 388 389 39 390 394 396 402 404 405 407 410 411 416 417 418 419 420 422 423 426 427 428 429 433 434 435 436 438 439 441 445 446 447 448 450 452 460 465 476 481 485 492 498 499 501 505 506 507 508 51 53 56 59 63 68 76,148,,1,11,1
puc-cc9-2p-seed-r1,70,27.0,27,105 123 130 157 158 16 160 163 183 193 244 255 269 279 320 332 34 350 355 421 424 425 444 454 497 59 70,24,"1,2,1,3,1,1,1,1,1,1,1,1,1,1,1,1,1,1,1,1,1,1,1,1",0,106 107 108 109 113 119 121 129 132 133 134 135 138 139 146 147 149 152 156 159 161 162 166 167 168 169 171 172 173 177 179 180 181 184 186 188 191 194 195 2 209 215 225 227 228 229 23 233 242 243 245 247 249 258 260 268 284 293 297 3 300 305 309 311 314 316 322 323 328 33 330 331 336 337 340 348 35 353 356 36 361 362 363 368 37 370 371 373 377 380 385 387 388 389 39 390 394 396 402 404 405 407 410 411 416 417 418 419 42 420 422 423 426 428 429 43 433 434 436 438 439 441 443 445 446 448 45 450 452 460 465 476 481 485 492 498 499 501 505 506 508 51 53 56 57 63 68 73 76 9 97,151,,1,10,1
puc-cc9-2p-seed-r1,71,27.0,27,105 123 130 157 158 16 160 163 183 193 244 255 269 279 320 332 34 350 355 400 410 421 425 454 497 59 70,24,"1,2,1,3,1,1,1,1,1,1,1,1,1,1,1,1,1,1,1,1,1,1,1,1",0,106 107 108 109 113 119 121 129 132 133 134 135 138 139 146 147 149 152 154 156 159 161 162 166 167 168 169 171 172 173 177 179 180 181 184 186 191 194 195 2 209 215 225 227 228 229 23 233 242 243 245 247 249 258 260 268 282 284 293 297 3 300 305 309 311 314 322 323 328 33 330 331 336 337 340 348 35 353 356 36 361 362 363 368 37 370 371 373 377 380 385 387 388 389 39 390 394 396 402 404 405 407 409 411 414 416 417 418 419 42 420 422 423 426 429 43 433 434 438 439 441 444 445 446 45 450 452 460 465 474 476 481 485 492 498 499 501 505 506 51 53 56 57 63 68 73 76 9 97,149,,1,10,1
puc-cc9-2p-seed-r1,72,27.0,27,105 123 130 157 158 16 160 163 183 193 244 255 269 279 320 332 34 350 355 400 421 444 454 490 497 59 70,24,"1,2,1,3,1,1,1,1,1,1,1,1,1,1,1,1,1,1,1,1,1,1,1,1",0,106 107 108 109 113 119 121 129 132 133 134 135 138 139 146 147 149 152 156 159 161 162 166 167 168 169 171 172 173 177 179 180 181 184 186 188 191 194 195 2 209 215 225 227 228 229 23 233 242 243 245 247 249 258 260 268 284 293 297 3 300 305 309 311 314 316 322 323 328 33 330 331 336 337 340 348 35 353 356 36 361 362 363 368 37 370 371 373 377 380 385 387 388 389 39 390 394 396 402 404 405 407 410 411 416 417 418 419 42 420 422 423 426 428 429 43 433 434 436 438 439 441 443 445 446 448 45 450 452 460 465 476 481 485 492 498 499 501 505 506 508 51 53 56 57 63 68 73 76 9 97,151,,1,10,1
puc-cc9-2p-seed-r1,73,27.0,27,105 123 130 157 158 16 160 163 183 193 244 255 269 279 320 332 34 350 355 400 421 425 443 444 454 497 70,24,"1,1,1,3,1,1,1,1,1,1,1,1,1,1,1,1,1,1,1,1,2,1,1,1",0,106 107 108 109 113 119 121 129 132 133 134 135 138 139 146 147 149 152 155 156 159 161 162 166 167 168 169 171 172 173 177 179 180 181 184 185 186 188 191 194 195 2 209 215 225 227 228 229 23 233 242 243 245 247 249 251 258 260 268 283 284 293 297 299 3 300 305 307 309 311 313 314 316 319 322 323 328 33 330 331 336 337 340 348 35 353 356 36 361 362 363 368 37 370 371 373 377 379 380 385 387 388 389 39 390 394 396 402 404 405 407 410 411 416 417 418 419 42 420 422 423 426 427 428 429 43 433 434 435 436 438 439 441 445 446 447 448 45 450 452 460 465 476 481 485 492 498 499 501 505 506 507 508 51 53 56 57 59 63 68 73 76 9 97,164,,1,12,1
puc-cc9-2p-seed-r1,74,27.0,27,105 123 130 157 158 16 160 163 183 193 244 255 269 279 320 332 34 350 355 400 421 443 444 454 490 497 70,24,"1,1,1,3,1,1,1,1,1,1,1,1,1,1,1,1,1,1,1,2,1,1,1,1",0,106 107 108 109 113 119 121 129 132 133 134 135 138 139 146 147 149 152 155 156 159 161 162 166 167 168 169 171 172 173 177 179 180 181 184 185 186 188 191 194 195 2 209 215 225 227 228 229 23 233 242 243 245 247 249 251 258 260 268 283 284 293 297 299 3 300 305 307 309 311 313 314 316 319 322 323 328 33 330 331 336 337 340 348 35 353 356 36 361 362 363 368 37 370 371 373 377 379 380 385 387 388 389 39 390 394 396 402 404 405 407 410 411 416 417 418 419 42 420 422 423 426 427 428 429 43 433 434 435 436 438 439 441 445 446 447 448 45 450 452 460 465 476 481 485 492 498 499 501 505 506 507 508 51 53 56 57 59 63 68 73 76 9 97,164,,1,12,1
puc-cc9-2p-seed-r1,75,27.0,27,105 123 130 157 158 16 160 163 183 193 244 255 269 279 320 332 34 350 355 400 421 443 444 454 457 497 70,24,"1,1,1,3,1,1,1,1,1,1,1,1,1,1,1,1,1,1,1,2,1,1,1,1",0,106 107 108 109 113 119 121 129 132 133 134 135 138 139 146 147 149 152 155 156 159 161 162 166 167 168 169 171 172 173 177 179 180 181 184 185 186 188 191 194 195 2 209 215 225 227 228 229 23 233 242 243 245 247 249 251 258 260 268 283 284 293 297 299 3 300 305 307 309 311 313 314 316 319 322 323 328 33 330 331 336 337 340 348 35 353 356 36 361 362 363 368 37 370 371 373 377 379 380 385 387 388 389 39 390 394 396 402 404 405 407 410 411 416 417 418 419 42 420 422 423 426 427 428 429 43 433 434 435 436 438 439 441 445 446 447 448 45 450 452 460 465 476 481 485 492 498 499 501 505 506 507 508 51 53 56 57 59 63 68 73 76 9 97,164,,1,12,1
puc-cc9-2p-seed-r1,76,27.0,27,105 123 130 157 158 16 160 163 183 193 244 255 269 279 320 332 34 350 355 400 421 444 454 497 505 59 70,23,"1,2,1,3,1,1,1,1,1,1,1,1,1,1,1,1,1,1,1,1,1,2,1",0,106 107 108 109 119 121 129 132 133 134 135 138 139 146 147 149 152 156 159 161 162 166 167 168 169 171 172 173 179 180 181 184 186 188 191 194 195 2 215 227 228 229 23 233 247 258 260 268 284 293 297 3 300 309 311 314 316 322 323 328 33 330 331 336 340 348 35 356 36 361 362 363 368 37 380 385 387 388 389 39 390 394 396 402 404 405 407 410 411 416 417 418 419 42 420 422 423 426 428 429 43 433 434 436 438 439 441 443 445 446 448 45 450 452 460 476 485 492 501 506 508 51 53 56 57 63 68 73 76 9 97,131,,1,10,1
puc-cc9-2p-seed-r1,77,27.0,27,105 133 158 16 163 183 185 233 244 258 269 283 306 320 350 356 375 400 444 445 454 480 495 497 70 92 97,25,"3,1,1,1,1,1,1,1,1,1,1,1,1,1,1,1,1,1,1,1,1,1,1,1,1",0,100 108 113 119 129 130 132 134 135 137 139 141 145 147 149 152 154 155 156 157 159 161 162 166 167 168 169 171 172 173 177 179 180 181 184 186 188 189 191 193 195 198 199 2 205 209 213 215 217 225 227 228 229 23 242 243 245 247 249 25 251 257 260 262 266 274 284 290 292 3 300 305 311 314 316 322 323 328 332 337 340 35 353 354 355 36 360 362 363 368 37 370 371 372 373 377 380 385 387 388 389 39 390 394 396 402 404 407 409 410 411 416 418 419 420 421 426 428 433 434 436 439 441 443 446 448 450 452 453 465 476 481 484 492 498 499 5 501 505 506 508 51 53 56 57 59 63 68 69,149,,1,11,1
puc-cc9-2p-seed-r1,78,27.0,27,105 155 158 16 163 183 229 233 244 258 269 283 306 320 350 356 375 400 444 445 454 480 495 497 70 92 97,25,"3,1,1,1,1,1,1,1,1,1,1,1,1,1,1,1,1,1,1,1,1,1,1,1,1",0,100 101 108 113 119 129 130 132 133 135 137 139 145 147 149 152 154 156 157 159 161 162 166 167 168 171 172 173 177 179 180 181 184 185 186 188 191 193 195 198 199 2 205 209 213 215 217 219 225 227 228 23 230 231 237 242 243 245 247 249 25 251 257 260 262 266 27 274 284 290 292 3 300 305 311 314 316 322 323 328 332 337 340 35 353 354 355 36 360 362 363 368 37 370 371 372 373 377 380 385 387 388 39 390 394 396 402 404 407 409 410 411 416 418 419 420 421 426 428 433 434 436 439 441 443 446 448 450 452 453 465 476 481 484 485 492 498 499 501 505 506 508 51 53 56 59 63 68 69,149,,1,11,1
puc-cc9-2p-seed-r1,79,27.0,27,105 133 155 158 16 163 183 233 244 258 269 283 306 320 350 356 375 400 444 445 454 480 495 497 70 92 97,25,"3,1,1,1,1,1,1,1,1,1,1,1,1,1,1,1,1,1,1,1,1,1,1,1,1",0,100 108 113 119 129 130 132 134 135 137 139 141 145 147 149 152 154 156 157 159 161 162 166 167 168 171 172 173 177 179 180 181 184 185 186 188 191 193 195 198 199 2 205 209 213 215 217 219 225 227 228 229 23 242 243 245 247 249 25 251 257 260 262 266 27 274 284 290 292 3 300 305 311 314 316 322 323 328 332 337 340 35 353 354 355 36 360 362 363 368 37 370 371 372 373 377 380 385 387 388 389 39 390 394 396 402 404 407 409 410 411 416 418 419 420 421 426 428 433 434 436 439 441 443 446 448 450 452 453 465 476 481 484 492 498 499 5 501 505 506 508 51 53 56 59 63 68 69,148,,1,11,1
puc-cc9-2p-seed-r1,80,27.0,27,105 155 158 16 160 163 183 229 233 244 258 269 283 306 320 350 356 375 400 444 445 454 495 497 70 92 97,24,"3,1,2,1,1,1,1,1,1,1,1,1,1,1,1,1,1,1,1,1,1,1,1,1",0,100 101 108 113 119 129 130 132 133 135 137 139 145 147 149 152 154 156 157 159 161 162 166 167 168 171 172 173 177 179 180 181 184 185 186 188 191 193 195 198 199 2 205 209 213 215 217 219 225 227 228 23 230 231 237 242 243 245 247 249 25 251 257 260 262 266 27 274 284 290 292 3 300 305 311 314 316 322 323 328 332 337 340 35 353 354 355 36 360 362 363 368 37 370 371 372 373 377 380 385 387 388 39 390 394 396 402 404 407 409 410 411 416 418 419 420 421 426 428 433 434 436 439 441 443 446 448 450 452 453 465 476 481 484 485 492 498 499 501 505 506 508 51 53 56 59 63 68 69,149,,1,11,1
puc-cc9-2p-seed-r1,81,27.0,27,105 155 158 16 160 163 176 183 229 233 244 269 283 306 320 327 350 356 390 444 445 454 495 497 70 92 97,23,"3,1,2,1,1,1,1,1,1,1,1,1,1,1,1,1,2,1,1,1,1,1,1",0,100 101 108 113 119 129 130 132 133 134 135 136 137 139 145 147 149 152 154 156 157 159 161 162 166 167 168 171 172 173 177 179 180 181 184 185 186 188 191 193 195 198 199 205 209 213 214 215 217 219 225 227 228 23 230 231 237 242 243 245 247 249 25 251 258 260 262 264 27 284 292 3 300 305 311 314 316 322 323 326 328 332 337 340 342 35 353 354 355 36 360 362 363 368 37 370 371 372 373 377 380 385 387 388 389 39 391 394 396 398 400 402 404 406 407 408 409 410 411 416 418 419 420 421 422 424 426 428 433 434 436 439 441 443 446 448 450 452 453 456 462 465 466 469 472 476 478 481 484 485 486 492 498 499 501 502 505 506 508 51 53 56 59 63 68 69,166,,1,10,1
puc-cc9-2p-seed-r1,82,27.0,27,105 155 16 163 174 183 229 233 244 258 269 283 306 320 350 356 375 400 444 445 454 480 495 497 70 92 97,25,"3,1,1,1,1,1,1,1,1,1,1,1,1,1,1,1,1,1,1,1,1,1,1,1,1",0,100 101 108 113 119 129 130 132 133 135 137 139 145 147 149 152 154 156 157 159 161 162 166 167 168 171 172 173 177 179 180 181 184 185 186 188 191 193 195 198 199 2 205 209 213 215 217 219 225 227 228 23 230 231 237 242 243 245 247 249 25 251 257 260 262 266 27 274 284 290 292 3 300 305 311 314 316 322 323 328 332 337 340 35 353 354 355 36 360 362 363 368 37 370 371 372 373 377 380 385 387 388 39 390 394 396 402 404 407 409 410 411 416 418 419 420 421 426 428 433 434 436 439 441 443 446 448 450 452 453 465 476 481 484 485 492 498 499 501 505 506 508 51 53 56 59 63 68 69,149,,1,11,1
puc-cc9-2p-seed-r1,83,27.0,27,105 155 158 16 163 176 183 216 229 233 269 283 306 320 350 356 375 390 444 445 454 468 495 497 70 92 97,24,"3,1,1,1,1,1,1,1,1,1,1,1,1,1,1,1,2,1,1,1,1,1,1,1",0,100 101 108 113 119 129 130 132 133 134 135 136 137 139 145 147 149 152 154 156 157 159 161 162 166 167 168 171 172 173 177 179 180 181 184 185 186 188 191 193 195 198 199 205 209 213 214 215 217 219 225 227 228 23 230 231 237 242 243 245 247 249 25 251 258 260 262 264 27 284 292 3 300 305 311 314 316 322 323 326 328 332 337 340 342 35 353 354 355 36 360 362 363 368 37 370 371 372 373 377 380 385 387 388 389 39 391 394 396 398 400 402 404 406 407 408 409 410 411 416 418 419 420 421 422 424 426 428 433 434 436 439 441 443 446 448 450 452 453 456 462 465 466 469 472 476 478 481 484 485 486 492 498 499 501 502 505 506 508 51 53 56 59 63 68 69,166,,1,10,1
puc-cc9-2p-seed-r1,84,27.0,27,105 155 158 16 160 163 178 183 229 233 244 258 269 283 320 350 356 375 400 444 445 454 495 497 70 92 97,24,"3,1,2,1,1,1,1,1,1,1,1,1,1,1,1,1,1,1,1,1,1,1,1,1",0,100 101 108 113 119 129 130 132 133 135 137 139 145 147 149 152 154 156 157 159 161 162 166 167 168 171 172 173 177 179 180 181 184 185 186 188 191 193 195 198 199 2 205 209 213 215 217 219 225 227 228 23 230 231 237 242 243 245 247 249 25 251 257 260 262 266 27 274 284 289 292 294 298 3 300 305 306 311 314 316 322 323 328 332 337 34 340 35 353 354 355 36 360 362 363 368 37 370 371 372 373 377 380 385 387 388 39 390 394 396 402 404 407 409 410 411 416 418 419 420 421 426 428 433 434 436 439 441 443 446 448 450 452 453 465 476 481 484 485 492 498 499 501 505 506 508 51 53 56 59 63 68 69,153,,1,12,1
puc-cc9-2p-seed-r1,85,27.0,27,105 155 158 16 160 163 176 229 23 233 244 269 283 306 320 327 350 356 390 444 445 454 495 497 70 92 97,23,"3,1,2,1,1,1,1,1,1,1,1,1,1,1,1,1,2,1,1,1,1,1,1",0,100 101 108 113 119 129 130 132 133 134 135 136 137 139 145 147 149 152 154 156 157 159 161 162 166 167 168 171 172 173 177 179 180 181 183 185 186 188 19 191 193 195 198 199 205 209 21 213 214 215 217 219 225 227 228 230 231 237 24 242 243 245 249 25 251 258 260 262 264 27 279 284 292 3 300 305 31 311 314 316 322 323 326 328 332 337 340 342 35 353 354 355 36 360 362 363 368 37 370 371 372 373 377 380 385 387 388 389 39 391 394 396 398 400 402 404 406 407 408 409 410 411 416 418 419 420 421 422 424 426 428 433 434 436 441 443 446 448 450 452 453 456 462 465 466 469 472 476 478 481 484 485 486 492 498 499 501 502 505 506 508 51 53 56 59 63 68 69 7 87,170,,1,10,1
puc-cc9-2p-seed-r1,86,27.0,27,105 155 158 16 160 163 176 229 23 233 244 255 269 283 306 320 327 350 356 390 444 445 454 497 70 92 97,23,"3,1,2,1,1,1,1,1,1,1,1,1,1,1,1,1,1,2,1,1,1,1,1",0,100 101 108 113 119 129 130 132 133 134 135 136 137 139 145 147 149 152 154 156 157 159 161 162 166 167 168 171 172 173 177 179 180 181 183 185 186 188 19 191 193 195 198 199 205 209 21 213 214 215 217 219 225 227 228 230 231 237 24 242 243 245 249 25 251 258 260 262 264 27 279 284 292 3 300 305 31 311 314 316 322 323 326 328 332 337 340 342 35 353 354 355 36 360 362 363 368 37 370 371 372 373 377 380 385 387 388 389 39 391 394 396 398 400 402 404 406 407 408 409 410 411 416 418 419 420 421 422 424 426 428 433 434 436 441 443 446 448 450 452 453 456 462 465 466 469 472 476 478 481 484 485 486 492 498 499 501 502 505 506 508 51 53 56 59 63 68 69 7 87,170,,1,10,1
puc-cc9-2p-seed-r1,87,27.0,27,105 155 158 16 160 163 176 229 23 244 269 283 306 320 327 350 356 361 390 444 445 454 495 497 70 92 97,23,"3,1,2,1,1,1,1,1,1,1,1,1,1,1,1,1,2,1,1,1,1,1,1",0,100 101 108 113 119 129 130 132 133 134 135 136 137 139 145 147 149 152 154 156 157 159 161 162 166 167 168 171 172 173 177 179 180 181 183 185 186 188 19 191 193 195 198 199 205 209 21 213 214 215 217 219 225 227 228 230 231 237 24 242 243 245 249 25 251 258 260 262 264 27 279 284 292 3 300 305 31 311 314 316 322 323 326 328 332 337 340 342 35 353 354 355 36 360 362 363 368 37 370 371 372 373 377 380 385 387 388 389 39 391 394 396 398 400 402 404 406 407 408 409 410 411 416 418 419 420 421 422 424 426 428 433 434 436 441 443 446 448 450 452 453 456 462 465 466 469 472 476 478 481 484 485 486 492 498 499 501 502 505 506 508 51 53 56 59 63 68 69 7 87,170,,1,10,1
puc-cc9-2p-seed-r1,88,27.0,27,105 155 158 16 160 163 176 229 23 244 255 269 283 306 320 327 350 356 361 390 444 445 454 497 70 92 97,23,"3,1,2,1,1,1,1,1,1,1,1,1,1,1,1,1,1,2,1,1,1,1,1",0,100 101 108 113 119 129 130 132 133 134 135 136 137 139 145 147 149 152 154 156 157 159 161 162 166 167 168 171 172 173 177 179 180 181 183 185 186 188 19 191 193 195 198 199 205 209 21 213 214 215 217 219 225 227 228 230 231 237 24 242 243 245 249 25 251 258 260 262 264 27 279 284 292 3 300 305 31 311 314 316 322 323 326 328 332 337 340 342 35 353 354 355 36 360 362 363 368 37 370 371 372 373 377 380 385 387 388 389 39 391 394 396 398 400 402 404 406 407 408 409 410 411 416 418 419 420 421 422 424 426 428 433 434 436 441 443 446 448 450 452 453 456 462 465 466 469 472 476 478 481 484 485 486 492 498 499 501 502 505 506 508 51 53 56 59 63 68 69 7 87,170,,1,10,1
puc-cc9-2p-seed-r1,89,27.0,27,105 155 158 16 160 163 176 229 23 233 244 255 269 306 307 320 327 350 356 390 444 445 454 497 70 92 97,23,"3,1,2,1,1,1,1,1,1,1,1,1,1,1,1,1,1,2,1,1,1,1,1",0,100 101 108 113 119 129 130 132 133 134 135 136 137 139 145 147 149 152 154 156 157 159 161 162 166 167 168 171 172 173 177 179 180 181 183 185 186 188 19 191 193 195 198 199 205 209 21 213 214 215 217 219 225 227 228 230 231 237 24 242 243 245 249 25 251 258 260 262 264 27 279 284 292 3 300 305 31 311 314 316 322 323 326 328 332 337 340 342 35 353 354 355 36 360 362 363 368 37 370 371 372 373 377 380 385 387 388 389 39 391 394 396 398 400 402 404 406 407 408 409 410 411 416 418 419 420 421 422 424 426 428 433 434 436 441 443 446 448 450 452 453 456 462 465 466 469 472 476 478 481 484 485 486 492 498 499 501 502 505 506 508 51 53 56 59 63 68 69 7 87,170,,1,10,1
puc-cc9-2p-seed-r1,90,27.0,27,105 155 158 16 160 163 176 229 23 233 244 255 269 283 306 320 327 332 350 390 444 445 454 497 70 92 97,23,"3,1,2,1,1,1,1,1,1,1,1,1,1,1,1,1,1,2,1,1,1,1,1",0,101 108 113 119 129 130 132 133 134 135 136 137 139 145 147 149 152 154 156 157 159 161 162 166 167 168 171 172 173 177 179 180 181 183 185 186 188 19 191 193 195 198 199 205 209 21 213 214 215 217 219 225 227 228 230 231 237 24 242 243 245 249 25 251 258 260 262 264 268 27 279 284 3 300 305 31 311 314 316 322 323 326 328 330 331 336 337 340 342 348 35 353 356 36 362 363 368 37 370 371 373 377 380 385 387 388 389 39 391 394 396 398 400 402 404 406 407 408 409 410 411 416 418 419 420 421 422 424 426 428 433 434 436 441 443 446 448 450 452 453 456 460 462 465 466 469 472 476 478 481 485 486 492 498 499 501 502 505 506 508 51 53 56 59 63 68 69 7 76 87,170,,1,10,1
puc-cc9-2p-seed-r1,91,27.0,27,105 155 158 16 160 163 176 229 23 233 244 255 269 283 320 327 34 350 356 390 444 445 454 497 70 92 97,23,"3,1,2,1,1,1,1,1,1,1,1,1,1,1,1,1,1,2,1,1,1,1,1",0,100 101 108 113 119 129 130 132 133 134 135 136 137 139 145 147 149 152 154 156 157 159 161 162 166 167 168 171 172 173 177 179 180 181 183 185 186 188 19 191 193 195 198 199 205 209 21 213 214 215 217 219 225 227 228 230 231 237 24 242 243 245 249 25 251 258 260 262 264 27 279 284 292 3 300 305 31 311 314 316 322 323 326 328 332 337 340 342 35 353 354 355 36 360 362 363 368 37 370 371 372 373 377 380 385 387 388 389 39 391 394 396 398 400 402 404 406 407 408 409 410 411 416 418 419 420 421 422 424 426 428 433 434 436 441 443 446 448 450 452 453 456 462 465 466 469 472 476 478 481 484 485 486 492 498 499 501 502 505 506 508 51 53 56 59 63 68 69 7 87,170,,1,10,1
puc-cc9-2p-seed-r1,92,27.0,27,105 155 158 16 160 163 176 229 23 233 244 255 269 283 306 320 350 356 375 390 444 445 454 497 67 70 92,24,"2,1,2,1,1,1,1,1,1,1,1,1,1,1,1,1,1,2,1,1,1,1,1,1",0,100 101 108 113 119 129 130 132 133 134 135 136 137 139 145 147 149 152 154 156 157 159 161 162 166 167 168 171 172 173 177 179 180 181 183 185 186 188 19 191 193 195 198 199 205 209 21 213 214 215 217 219 225 227 228 230 231 237 24 242 243 245 249 25 251 258 260 262 264 27 279 284 292 3 300 305 31 311 314 316 322 323 326 328 332 337 340 342 35 353 354 355 36 360 362 363 368 37 370 371 372 373 377 380 385 387 388 389 39 391 394 396 398 400 402 404 406 407 408 409 410 411 416 418 419 420 421 422 424 426 428 433 434 436 441 443 446 448 450 452 453 456 462 465 466 469 472 476 478 481 484 485 486 492 498 499 501 502 505 506 508 51 53 56 59 63 68 69 7 87,170,,1,10,1
puc-cc9-2p-seed-r1,93,27.0,27,105 155 158 16 160 163 176 229 23 233 244 255 269 283 306 320 332 350 375 390 444 445 454 497 67 70 92,24,"2,1,2,1,1,1,1,1,1,1,1,1,1,1,1,1,1,2,1,1,1,1,1,1",0,101 108 113 119 129 130 132 133 134 135 136 137 139 145 147 149 152 154 156 157 159 161 162 166 167 168 171 172 173 177 179 180 181 183 185 186 188 19 191 193 195 198 199 205 209 21 213 214 215 217 219 225 227 228 230 231 237 24 242 243 245 249 25 251 258 260 262 264 268 27 279 284 3 300 305 31 311 314 316 322 323 326 328 330 331 336 337 340 342 348 35 353 356 36 362 363 368 37 370 371 373 377 380 385 387 388 389 39 391 394 396 398 400 402 404 406 407 408 409 410 411 416 418 419 420 421 422 424 426 428 433 434 436 441 443 446 448 450 452 453 456 460 462 465 466 469 472 476 478 481 485 486 492 498 499 501 502 505 506 508 51 53 56 59 63 68 69 7 76 87,170,,1,10,1
puc-cc9-2p-seed-r1,94,27.0,27,105 155 158 16 160 163 176 229 23 233 244 255 269 283 306 320 327 332 350 388 444 445 454 497 70 92 97,24,"3,1,2,1,1,1,1,1,1,1,1,1,1,1,1,1,1,1,1,1,1,1,1,1",0,101 108 113 119 129 130 132 133 135 136 137 139 145 147 149 152 154 156 157 159 161 162 166 167 168 171 172 173 177 179 180 181 183 185 186 188 19 191 193 195 198 199 205 209 21 213 215 217 219 225 227 228 230 231 237 24 242 243 245 249 25 251 258 260 264 268 27 279 284 3 300 305 31 311 314 316 322 323 328 330 331 336 337 340 348 35 353 356 36 362 363 368 37 370 371 373 377 380 385 387 39 390 391 394 396 400 402 404 407 408 409 410 411 416 418 419 420 421 424 426 428 433 434 436 441 443 446 448 450 452 453 456 460 465 476 481 485 492 498 499 501 505 506 508 51 53 56 59 63 68 69 7 76 87,154,,1,12,1
puc-cc9-2p-seed-r1,95,27.0,27,105 155 158 16 160 163 176 229 23 233 244 255 269 283 306 320 327 332 350 388 405 444 454 497 70 92 97,24,"3,1,2,1,1,1,1,1,1,1,1,1,1,1,1,1,1,1,1,1,1,1,1,1",0,101 108 113 119 129 130 132 133 135 136 137 139 145 147 149 152 154 156 157 159 161 162 166 167 168 171 172 173 177 179 180 181 183 185 186 188 19 191 193 195 198 199 205 209 21 213 215 217 219 225 227 228 230 231 237 24 242 243 245 249 25 251 258 260 264 268 27 279 284 3 300 305 31 311 314 316 322 323 328 330 331 336 337 340 348 35 353 356 36 362 363 368 37 370 371 373 377 380 385 387 39 390 391 394 396 400 402 404 407 408 409 410 411 416 418 419 420 421 424 426 428 433 434 436 441 443 446 448 450 452 453 456 460 465 476 481 485 492 498 499 501 505 506 508 51 53 56 59 63 68 69 7 76 87,154,,1,12,1
puc-cc9-2p-seed-r1,96,27.0,27,105 155 158 16 160 163 176 229 23 233 244 255 269 283 306 320 327 332 350 390 405 444 454 497 70 92 97,23,"3,1,2,1,1,1,1,1,1,1,1,1,1,1,1,1,1,2,1,1,1,1,1",0,101 108 113 119 129 130 132 133 134 135 136 137 139 145 147 149 152 154 156 157 159 161 162 166 167 168 171 172 173 177 179 180 181 183 185 186 188 19 191 193 195 198 199 205 209 21 213 214 215 217 219 225 227 228 230 231 237 24 242 243 245 249 25 251 258 260 262 264 268 27 279 284 3 300 305 31 311 314 316 322 323 326 328 330 331 336 337 340 342 348 35 353 356 36 362 363 368 37 370 371 373 377 380 385 387 388 389 39 391 394 396 398 400 402 404 406 407 408 409 410 411 416 418 419 420 421 422 424 426 428 433 434 436 441 443 446 448 450 452 453 456 460 462 465 466 469 472 476 478 481 485 486 492 498 499 501 502 505 506 508 51 53 56 59 63 68 69 7 76 87,170,,1,10,1
puc-cc9-2p-seed-r1,97,27.0,27,105 155 158 16 160 163 176 229 23 233 244 255 269 283 306 320 327 332 350 388 405 410 454 497 70 92 97,24,"3,1,2,1,1,1,1,1,1,1,1,1,1,1,1,1,1,1,1,1,1,1,1,1",0,101 108 113 119 129 130 132 133 135 136 137 139 145 147 149 152 154 156 157 159 161 162 166 167 168 171 172 173 177 179 180 181 183 185 186 188 19 191 193 195 198 199 205 209 21 213 215 217 219 225 227 228 230 231 237 24 242 243 245 249 25 251 258 260 264 268 27 279 282 284 3 300 305 31 311 314 322 323 328 330 331 336 337 340 348 35 353 356 36 362 363 368 37 370 371 373 377 380 385 387 39 390 391 394 396 400 402 404 407 408 409 411 414 416 418 419 420 421 424 426 433 434 441 443 444 446 450 452 453 456 460 465 474 476 481 485 492 498 499 501 505 506 51 53 56 59 63 68 69 7 76 87,152,,1,12,1
puc-cc9-2p-seed-r1,98,27.0,27,105 155 158 16 160 163 176 229 23 233 244 255 269 283 306 320 327 332 350 388 410 445 454 497 70 92 97,24,"3,1,2,1,1,1,1,1,1,1,1,1,1,1,1,1,1,1,1,1,1,1,1,1",0,101 108 113 119 129 130 132 133 135 136 137 139 145 147 149 152 154 156 157 159 161 162 166 167 168 171 172 173 177 179 180 181 183 185 186 188 19 191 193 195 198 199 205 209 21 213 215 217 219 225 227 228 230 231 237 24 242 243 245 249 25 251 258 260 264 268 27 279 282 284 3 300 305 31 311 314 322 323 328 330 331 336 337 340 348 35 353 356 36 362 363 368 37 370 371 373 377 380 385 387 39 390 391 394 396 400 402 404 407 408 409 411 414 416 418 419 420 421 424 426 433 434 441 443 444 446 450 452 453 456 460 465 474 476 481 485 492 498 499 501 505 506 51 53 56 59 63 68 69 7 76 87,152,,1,12,1
puc-cc9-2p-seed-r1,99,27.0,27,105 155 158 16 160 163 176 229 23 233 244 255 269 283 306 320 327 332 350 388 410 445 497 502 70 92 97,24,"3,1,2,1,1,1,1,1,1,1,1,1,1,1,1,1,1,1,1,1,1,1,1,1",0,101 108 113 119 129 130 132 133 135 136 137 139 145 147 149 152 154 156 157 159 161 162 166 167 168 171 172 173 177 179 180 181 183 185 186 188 19 191 193 195 198 199 205 209 21 213 215 217 219 225 227 228 230 231 237 24 242 243 245 249 25 251 258 260 264 268 27 279 282 284 3 300 305 31 311 314 322 323 328 330 331 336 337 340 348 35 353 356 36 362 363 368 37 370 371 373 377 380 385 387 39 390 391 394 396 400 402 404 407 408 409 411 414 416 418 419 420 421 424 426 433 434 441 443 444 446 450 452 453 456 460 465 474 476 481 485 492 498 499 501 505 506 51 53 56 59 63 68 69 7 76 87,152,,1,12,1
puc-cc9-2p-seed-r1,100,27.0,27,105 155 158 16 160 163 176 229 23 233 244 255 269 283 306 320 327 332 350 388 410 445 454 497 67 70 92,25,"2,1,2,1,1,1,1,1,1,1,1,1,1,1,1,1,1,1,1,1,1,1,1,1,1",0,101 108 113 119 129 130 132 133 135 136 137 139 145 147 149 152 154 156 157 159 161 162 166 167 168 171 172 173 177 179 180 181 183 185 186 188 19 191 193 195 198 199 205 209 21 213 215 217 219 225 227 228 230 231 237 24 242 243 245 249 25 251 258 260 264 268 27 279 282 284 3 300 305 31 311 314 322 323 328 330 331 336 337 340 348 35 353 356 36 362 363 368 37 370 371 373 377 380 385 387 39 390 391 394 396 400 402 404 407 408 409 411 414 416 418 419 420 421 424 426 433 434 441 443 444 446 450 452 453 456 460 465 474 476 481 485 492 498 499 501 505 506 51 53 56 59 63 68 69 7 76 87,152,,1,12,1
puc-cc9-2p-seed-r1,101,27.0,27,103 104 105 11 158 160 163 176 181 183 193 244 269 306 320 339 350 356 361 390 409 444 454 495 497 59 92,22,"2,2,1,2,1,1,2,1,1,1,1,1,1,1,1,2,1,1,1,1,1,1",0,100 108 113 119 123 129 130 132 133 134 135 136 139 147 149 152 155 156 159 161 162 166 167 168 171 172 173 177 179 180 182 184 185 186 188 189 191 195 198 209 214 215 225 227 228 229 23 242 243 245 247 249 251 258 260 262 264 27 283 284 292 299 3 300 305 307 309 311 313 314 316 319 322 323 326 328 332 337 340 342 35 353 354 355 36 360 362 363 368 37 370 371 372 373 377 379 380 385 387 388 389 39 391 394 396 398 400 402 404 405 406 407 408 410 411 416 418 419 420 421 422 424 426 428 43 433 434 436 438 439 441 443 445 446 448 450 452 453 456 462 465 466 469 472 476 478 481 484 486 492 498 499 501 502 505 506 508 51 53 56 57 60 63 68,164,,1,10,1
puc-cc9-2p-seed-r1,102,27.0,27,103 104 105 11 158 160 163 176 181 183 193 233 244 255 269 306 320 339 350 356 390 409 444 454 497 59 92,22,"2,2,1,2,1,1,2,1,1,1,1,1,1,1,1,1,2,1,1,1,1,1",0,100 108 113 119 123 129 130 132 133 134 135 136 139 147 149 152 155 156 159 161 162 166 167 168 171 172 173 177 179 180 182 184 185 186 188 189 191 195 198 209 214 215 225 227 228 229 23 242 243 245 247 249 251 258 260 262 264 27 283 284 292 299 3 300 305 307 309 311 313 314 316 319 322 323 326 328 332 337 340 342 35 353 354 355 36 360 362 363 368 37 370 371 372 373 377 379 380 385 387 388 389 39 391 394 396 398 400 402 404 405 406 407 408 410 411 416 418 419 420 421 422 424 426 428 43 433 434 436 438 439 441 443 445 446 448 450 452 453 456 462 465 466 469 472 476 478 481 484 486 492 498 499 501 502 505 506 508 51 53 56 57 60 63 68,164,,1,10,1
puc-cc9-2p-seed-r1,103,27.0,27,103 104 105 11 158 160 163 176 181 183 193 244 255 269 306 320 339 350 356 361 390 409 444 454 497 59 92,22,"2,2,1,2,1,1,2,1,1,1,1,1,1,1,1,1,2,1,1,1,1,1",0,100 108 113 119 123 129 130 132 133 134 135 136 139 147 149 152 155 156 159 161 162 166 167 168 171 172 173 177 179 180 182 184 185 186 188 189 191 195 198 209 214 215 225 227 228 229 23 242 243 245 247 249 251 258 260 262 264 27 283 284 292 299 3 300 305 307 309 311 313 314 316 319 322 323 326 328 332 337 340 342 35 353 354 355 36 360 362 363 368 37 370 371 372 373 377 379 380 385 387 388 389 39 391 394 396 398 400 402 404 405 406 407 408 410 411 416 418 419 420 421 422 424 426 428 43 433 434 436 438 439 441 443 445 446 448 450 452 453 456 462 465 466 469 472 476 478 481 484 486 492 498 499 501 502 505 506 508 51 53 56 57 60 63 68,164,,1,10,1
puc-cc9-2p-seed-r1,104,27.0,27,103 104 105 11 158 160 163 176 181 183 193 233 244 255 269 279 306 320 350 356 388 409 444 454 497 59 92,23,"2,2,1,2,1,1,2,1,1,1,1,1,1,1,1,1,1,1,1,1,1,1,1",0,100 108 113 119 123 129 130 132 133 135 136 139 147 149 152 155 156 159 161 162 166 167 168 171 172 173 177 179 180 182 184 185 186 188 189 191 195 209 215 225 227 228 229 23 242 243 245 247 249 251 258 260 264 27 283 284 292 299 3 300 305 307 309 311 313 314 316 319 322 323 328 332 337 340 35 353 354 355 36 360 362 363 368 37 370 371 372 373 377 379 380 385 387 39 390 391 394 396 400 402 404 405 407 408 410 411 416 418 419 420 421 424 426 428 43 433 434 436 438 439 441 443 445 446 448 450 452 456 465 476 481 484 492 498 499 501 505 506 508 51 53 56 57 60 63 68,146,,1,12,1
puc-cc9-2p-seed-r1,105,27.0,27,103 104 105 11 158 160 163 176 181 183 193 233 244 255 269 280 306 339 350 356 390 409 444 454 497 59 92,22,"2,2,1,2,1,1,2,1,1,1,1,1,1,1,1,1,2,1,1,1,1,1",0,100 108 113 119 123 129 130 132 133 134 135 136 139 147 149 152 155 156 159 161 162 166 167 168 171 172 173 177 179 180 182 184 185 186 188 189 191 195 198 209 214 215 225 227 228 229 23 242 243 245 247 249 251 258 260 262 264 27 283 284 292 299 3 300 305 307 309 311 313 314 316 319 322 323 326 328 332 337 340 342 35 353 354 355 36 360 362 363 368 37 370 371 372 373 377 379 380 385 387 388 389 39 391 394 396 398 400 402 404 405 406 407 408 410 411 416 418 419 420 421 422 424 426 428 43 433 434 436 438 439 441 443 445 446 448 450 452 453 456 462 465 466 469 472 476 478 481 484 486 492 498 499 501 502 505 506 508 51 53 56 57 60 63 68,164,,1,10,1
puc-cc9-2p-seed-r1,106,27.0,27,103 104 105 11 158 160 163 176 181 183 193 233 244 255 269 279 280 306 350 356 388 409 444 454 497 59 92,22,"2,2,1,2,1,1,2,1,1,1,1,2,1,1,1,1,1,1,1,1,1,1",0,100 108 113 119 123 129 130 132 133 135 136 139 147 149 152 155 156 159 161 162 166 167 168 171 172 173 177 179 180 182 184 185 186 188 189 191 195 209 215 225 227 228 229 23 242 243 245 247 249 251 258 260 264 27 283 284 292 299 3 300 305 307 309 311 313 314 316 319 322 323 328 332 337 340 35 353 354 355 36 360 362 363 368 37 370 371 372 373 377 379 380 385 387 39 390 391 394 396 400 402 404 405 407 408 410 411 416 418 419 420 421 424 426 428 43 433 434 436 438 439 441 443 445 446 448 450 452 456 465 476 481 484 492 498 499 501 505 506 508 51 53 56 57 60 63 68,146,,1,12,1
puc-cc9-2p-seed-r1,107,27.0,27,103 104 105 11 158 160 163 176 181 183 193 233 244 255 269 279 280 34 350 356 388 409 444 454 497 59 92,22,"2,2,1,2,1,1,2,1,1,1,1,2,1,1,1,1,1,1,1,1,1,1",0,100 108 113 119 123 129 130 132 133 135 136 139 147 149 152 155 156 159 161 162 166 167 168 171 172 173 177 179 180 182 184 185 186 188 189 191 195 209 215 225 227 228 229 23 242 243 245 247 249 251 258 260 264 27 283 284 292 299 3 300 305 307 309 311 313 314 316 319 322 323 328 332 337 340 35 353 354 355 36 360 362 363 368 37 370 371 372 373 377 379 380 385 387 39 390 391 394 396 400 402 404 405 407 408 410 411 416 418 419 420 421 424 426 428 43 433 434 436 438 439 441 443 445 446 448 450 452 456 465 476 481 484 492 498 499 501 505 506 508 51 53 56 57 60 63 68,146,,1,12,1
puc-cc9-2p-seed-r1,108,27.0,27,103 104 105 11 158 160 163 176 181 183 193 233 244 255 269 279 280 306 332 350 388 409 444 454 497 59 92,22,"2,2,1,2,1,1,2,1,1,1,1,2,1,1,1,1,1,1,1,1,1,1",0,108 113 119 123 129 130 132 133 135 136 139 147 149 152 155 156 159 161 162 166 167 168 171 172 173 177 179 180 182 184 185 186 188 189 191 195 209 215 225 227 228 229 23 242 243 245 247 249 251 258 260 264 268 27 283 284 299 3 300 305 307 309 311 313 314 316 319 322 323 328 330 331 336 337 340 348 35 353 356 36 362 363 368 37 370 371 373 377 379 380 385 387 39 390 391 394 396 400 402 404 405 407 408 410 411 416 418 419 420 421 424 426 428 43 433 434 436 438 439 441 443 445 446 448 450 452 456 460 465 476 481 492 498 499 501 505 506 508 51 53 56 57 60 63 68 76,146,,1,12,1
puc-cc9-2p-seed-r1,109,27.0,27,103 104 105 11 158 160 163 176 181 183 193 233 244 255 269 279 280 306 332 350 388 409 410 454 497 59 92,21,"2,2,1,2,1,1,2,1,1,1,1,2,1,1,1,1,2,1,1,1,1",0,108 113 119 123 129 130 132 133 135 136 137 139 145 147 149 152 154 155 156 157 159 161 162 166 167 168 171 172 173 177 179 180 182 184 185 186 188 189 191 195 209 215 217 225 227 228 229 23 242 243 245 247 249 25 251 258 260 264 268 27 281 282 283 284 299 3 300 305 307 309 311 313 314 316 319 322 323 328 330 331 336 337 340 348 35 353 356 36 362 363 368 37 370 371 373 377 379 380 385 387 39 390 391 393 394 396 400 401 402 404 405 407 408 411 413 414 416 418 419 420 421 424 426 43 433 434 438 439 441 443 444 445 446 450 452 456 460 465 473 474 476 481 492 498 499 501 505 506 51 53 56 57 60 63 68 76,156,,1,10,1
puc-cc9-2p-seed-r1,110,27.0,27,103 104 105 11 158 160 163 176 181 183 193 233 244 255 269 279 280 306 332 350 388 409 410 443 454 497 92,21,"2,2,1,2,1,1,2,1,1,1,1,2,1,1,1,1,2,1,1,1,1",0,108 113 119 129 130 132 133 135 136 137 139 145 147 149 152 154 155 156 157 159 161 162 166 167 168 171 172 173 177 179 180 182 184 185 186 188 189 191 195 209 215 217 225 227 228 229 23 242 243 245 247 249 25 251 258 260 264 268 281 282 283 284 299 3 300 305 307 309 311 313 314 316 319 322 323 328 330 331 336 337 340 348 35 353 356 36 362 363 368 37 370 371 373 377 379 380 385 387 39 390 391 393 394 396 400 401 402 404 405 407 408 411 413 414 416 418 419 420 421 424 426 427 433 434 435 438 439 441 444 445 446 447 450 452 456 460 465 473 474 476 481 492 498 499 501 505 506 507 51 53 56 59 63 68 76,155,,1,10,1
puc-cc9-2p-seed-r1,111,27.0,27,103 104 105 11 158 160 163 176 181 183 193 233 244 255 269 279 280 306 332 350 388 409 443 444 454 497 92,21,"2,2,1,2,1,1,2,1,1,1,1,2,1,1,1,1,1,2,1,1,1",0,108 113 119 129 130 132 133 135 136 139 147 149 152 155 156 159 161 162 166 167 168 171 172 173 177 179 180 182 184 185 186 188 189 191 195 209 215 225 227 228 229 23 242 243 245 247 249 251 258 260 264 268 283 284 299 3 300 305 307 309 311 313 314 316 319 322 323 328 330 331 336 337 340 348 35 353 356 36 362 363 368 37 370 371 373 377 379 380 385 387 39 390 391 394 396 400 402 404 405 407 408 410 411 416 418 419 420 421 424 426 427 428 433 434 435 436 438 439 441 445 446 447 448 450 452 456 460 465 476 481 492 498 499 501 505 506 507 508 51 53 56 59 63 68 76,145,,1,12,1
puc-cc9-2p-seed-r1,112,27.0,27,103 104 105 11 158 160 163 176 181 183 193 233 244 255 269 279 280 306 332 350 388 409 410 443 497 502 92,21,"2,2,1,2,1,1,2,1,1,1,1,2,1,1,1,1,2,1,1,1,1",0,108 113 119 129 130 132 133 135 136 137 139 145 147 149 152 154 155 156 157 159 161 162 166 167 168 171 172 173 177 179 180 182 184 185 186 188 189 191 195 209 215 217 225 227 228 229 23 242 243 245 247 249 25 251 258 260 264 268 281 282 283 284 299 3 300 305 307 309 311 313 314 316 319 322 323 328 330 331 336 337 340 348 35 353 356 36 362 363 368 37 370 371 373 377 379 380 385 387 39 390 391 393 394 396 400 401 402 404 405 407 408 411 413 414 416 418 419 420 421 424 426 427 433 434 435 438 439 441 444 445 446 447 450 452 456 460 465 473 474 476 481 492 498 499 501 505 506 507 51 53 56 59 63 68 76,155,,1,10,1
puc-cc9-2p-seed-r1,113,27.0,27,103 104 105 11 158 160 163 176 181 183 193 233 244 255 269 279 280 306 332 350 388 409 410 497 502 59 92,21,"2,2,1,2,1,1,2,1,1,1,1,2,1,1,1,1,2,1,1,1,1",0,108 113 119 123 129 130 132 133 135 136 137 139 145 147 149 152 154 155 156 157 159 161 162 166 167 168 171 172 173 177 179 180 182 184 185 186 188 189 191 195 209 215 217 225 227 228 229 23 242 243 245 247 249 25 251 258 260 264 268 27 281 282 283 284 299 3 300 305 307 309 311 313 314 316 319 322 323 328 330 331 336 337 340 348 35 353 356 36 362 363 368 37 370 371 373 377 379 380 385 387 39 390 391 393 394 396 400 401 402 404 405 407 408 411 413 414 416 418 419 420 421 424 426 43 433 434 438 439 441 443 444 445 446 450 452 456 460 465 473 474 476 481 492 498 499 501 505 506 51 53 56 57 60 63 68 76,156,,1,10,1
puc-cc9-2p-seed-r1,114,27.0,27,105 123 130 157 158 16 160 163 183 244 269 279 306 320 332 350 355 361 400 421 444 454 495 497 59 69 70,22,"2,2,1,3,1,1,1,1,1,1,1,1,1,1,1,1,1,1,1,1,1,2",0,108 113 119 129 132 133 134 135 138 139 146 147 149 152 156 159 161 162 166 167 168 171 172 173 177 179 180 181 184 186 188 191 194 195 2 209 215 225 227 228 229 23 242 243 245 247 249 258 260 268 284 293 3 300 305 309 311 314 316 322 323 328 330 331 336 337 340 348 35 353 356 36 362 363 368 37 370 371 373 377 380 385 387 388 389 39 390 394 396 402 404 405 407 410 411 416 417 418 419 420 422 423 426 428 429 433 434 436 438 439 441 443 445 446 448 450 452 460 465 476 481 485 492 498 499 501 505 506 508 51 53 56 63 68 76,135,,1,9,1
puc-cc9-2p-seed-r1,115,27.0,27,105 123 130 157 158 16 160 163 183 244 255 269 279 306 320 332 350 355 361 400 421 444 454 497 59 69 70,22,"2,2,1,3,1,1,1,1,1,1,1,1,1,1,1,1,1,1,1,1,1,2",0,108 113 119 129 132 133 134 135 138 139 146 147 149 152 156 159 161 162 166 167 168 171 172 173 177 179 180 181 184 186 188 191 194 195 2 209 215 225 227 228 229 23 242 243 245 247 249 258 260 268 284 293 3 300 305 309 311 314 316 322 323 328 330 331 336 337 340 348 35 353 356 36 362 363 368 37 370 371 373 377 380 385 387 388 389 39 390 394 396 402 404 405 407 410 411 416 417 418 419 420 422 423 426 428 429 433 434 436 438 439 441 443 445 446 448 450 452 460 465 476 481 485 492 498 499 501 505 506 508 51 53 56 63 68 76,135,,1,9,1
puc-cc9-2p-seed-r1,116,27.0,27,105 123 130 157 158 16 160 163 183 233 244 255 269 279 306 320 332 350 355 400 421 444 454 497 59 69 70,22,"2,2,1,3,1,1,1,1,1,1,1,1,1,1,1,1,1,1,1,1,1,2",0,108 113 119 129 132 133 134 135 138 139 146 147 149 152 156 159 161 162 166 167 168 171 172 173 177 179 180 181 184 186 188 191 194 195 2 209 215 225 227 228 229 23 242 243 245 247 249 258 260 268 284 293 3 300 305 309 311 314 316 322 323 328 330 331 336 337 340 348 35 353 356 36 362 363 368 37 370 371 373 377 380 385 387 388 389 39 390 394 396 402 404 405 407 410 411 416 417 418 419 420 422 423 426 428 429 433 434 436 438 439 441 443 445 446 448 450 452 460 465 476 481 485 492 498 499 501 505 506 508 51 53 56 63 68 76,135,,1,9,1
puc-cc9-2p-seed-r1,117,27.0,27,105 123 130 157 158 16 160 163 183 244 255 269 306 320 332 339 350 355 361 400 421 444 454 497 59 69 70,22,"2,2,1,3,1,1,1,1,1,1,1,1,1,1,1,1,1,1,1,1,1,2",0,108 113 119 129 132 133 134 135 138 139 146 147 149 152 156 159 161 162 166 167 168 171 172 173 177 179 180 181 184 186 188 191 194 195 2 209 215 225 227 228 229 23 242 243 245 247 249 258 260 268 284 293 3 300 305 309 311 314 316 322 323 328 330 331 336 337 340 348 35 353 356 36 362 363 368 37 370 371 373 377 380 385 387 388 389 39 390 394 396 402 404 405 407 410 411 416 417 418 419 420 422 423 426 428 429 433 434 436 438 439 441 443 445 446 448 450 452 460 465 476 481 485 492 498 499 501 505 506 508 51 53 56 63 68 76,135,,1,9,1
puc-cc9-2p-seed-r1,118,27.0,27,105 123 130 157 158 16 160 163 183 244 255 269 279 320 332 34 350 355 400 421 425 444 454 497 59 69 70,23,"1,2,1,3,1,1,1,1,1,1,1,1,1,1,1,1,1,1,1,1,1,1,2",0,106 107 108 109 113 119 121 129 132 133 134 135 138 139 146 147 149 152 156 159 161 162 166 167 168 169 171 172 173 177 179 180 181 184 186 188 191 194 195 2 209 215 225 227 228 229 23 233 242 243 245 247 249 258 260 268 284 293 297 3 300 305 309 311 314 316 322 323 328 33 330 331 336 337 340 348 35 353 356 36 361 362 363 368 37 370 371 373 377 380 385 387 388 389 39 390 394 396 402 404 405 407 410 411 416 417 418 419 42 420 422 423 426 428 429 43 433 434 436 438 439 441 443 445 446 448 45 450 452 460 465 476 481 485 492 498 499 501 505 506 508 51 53 56 57 63 68 73 76 9 97,151,,1,10,1
puc-cc9-2p-seed-r1,119,27.0,27,105 123 130 157 158 16 160 163 183 244 255 269 279 306 320 332 350 355 400 421 444 454 457 497 59 69 70,23,"1,2,1,3,1,1,1,1,1,1,1,1,1,1,1,1,1,1,1,1,1,1,2",0,106 107 108 109 113 119 121 129 132 133 134 135 138 139 146 147 149 152 156 159 161 162 166 167 168 169 171 172 173 177 179 180 181 184 186 188 191 194 195 2 209 215 225 227 228 229 23 233 242 243 245 247 249 258 260 268 284 293 297 3 300 305 309 311 314 316 322 323 328 33 330 331 336 337 340 348 35 353 356 36 361 362 363 368 37 370 371 373 377 380 385 387 388 389 39 390 394 396 402 404 405 407 410 411 416 417 418 419 42 420 422 423 426 428 429 43 433 434 436 438 439 441 443 445 446 448 45 450 452 460 465 476 481 485 492 498 499 501 505 506 508 51 53 56 57 63 68 73 76 9 97,151,,1,10,1
puc-cc9-2p-seed-r1,120,27.0,27,105 123 130 157 158 16 160 163 183 244 255 269 279 306 320 332 350 355 361 421 424 444 454 497 59 69 70,22,"2,2,1,3,1,1,1,1,1,1,1,1,1,1,1,1,1,1,1,1,1,2",0,108 113 119 129 132 133 134 135 138 139 146 147 149 152 156 159 161 162 166 167 168 171 172 173 177 179 180 181 184 186 188 191 194 195 2 209 215 225 227 228 229 23 242 243 245 247 249 258 260 268 284 293 3 300 305 309 311 314 316 322 323 328 330 331 336 337 340 348 35 353 356 36 362 363 368 37 370 371 373 377 380 385 387 388 389 39 390 394 396 402 404 405 407 410 411 416 417 418 419 420 422 423 426 428 429 433 434 436 438 439 441 443 445 446 448 450 452 460 465 476 481 485 492 498 499 501 505 506 508 51 53 56 63 68 76,135,,1,9,1
puc-cc9-2p-seed-r1,121,27.0,27,105 123 130 157 158 16 160 163 183 244 255 269 279 306 320 332 350 355 361 400 410 421 454 497 59 69 70,22,"2,2,1,3,1,1,1,1,1,1,1,1,1,1,1,1,1,1,1,1,1,2",0,108 113 119 129 132 133 134 135 138 139 146 147 149 152 154 156 159 161 162 166 167 168 171 172 173 177 179 180 181 184 186 191 194 195 2 209 215 225 227 228 229 23 242 243 245 247 249 258 260 268 282 284 293 3 300 305 309 311 314 322 323 328 330 331 336 337 340 348 35 353 356 36 362 363 368 37 370 371 373 377 380 385 387 388 389 39 390 394 396 402 404 405 407 409 411 414 416 417 418 419 420 422 423 426 429 433 434 438 439 441 444 445 446 450 452 460 465 474 476 481 485 492 498 499 501 505 506 51 53 56 63 68 76,133,,1,9,1
puc-cc9-2p-seed-r1,122,27.0,27,105 123 130 157 158 16 160 163 183 244 255 269 279 306 320 332 350 355 361 410 421 424 454 497 59 69 70,22,"2,2,1,3,1,1,1,1,1,1,1,1,1,1,1,1,1,1,1,1,1,2",0,108 113 119 129 132 133 134 135 138 139 146 147 149 152 154 156 159 161 162 166 167 168 171 172 173 177 179 180 181 184 186 191 194 195 2 209 215 225 227 228 229 23 242 243 245 247 249 258 260 268 282 284 293 3 300 305 309 311 314 322 323 328 330 331 336 337 340 348 35 353 356 36 362 363 368 37 370 371 373 377 380 385 387 388 389 39 390 394 396 402 404 405 407 409 411 414 416 417 418 419 420 422 423 426 429 433 434 438 439 441 444 445 446 450 452 460 465 474 476 481 485 492 498 499 501 505 506 51 53 56 63 68 76,133,,1,9,1
puc-cc9-2p-seed-r1,123,27.0,27,105 123 130 157 158 16 160 163 183 244 255 269 279 306 320 332 350 355 361 400 410 421 443 454 497 69 70,23,"2,1,1,3,1,1,1,1,1,1,1,1,1,1,1,1,1,1,1,1,1,1,2",0,108 113 119 129 132 133 134 135 138 139 146 147 149 152 154 155 156 159 161 162 166 167 168 171 172 173 177 179 180 181 184 185 186 188 191 194 195 2 209 215 225 227 228 229 23 242 243 245 247 249 251 258 260 268 282 283 284 293 299 3 300 305 307 309 311 313 314 316 319 322 323 328 330 331 336 337 340 348 35 353 356 36 362 363 368 37 370 371 373 377 379 380 385 387 388 389 39 390 394 396 402 404 405 407 409 411 414 416 417 418 419 420 422 423 426 427 429 433 434 435 438 439 441 444 445 446 447 450 452 460 465 474 476 481 485 492 498 499 501 505 506 507 51 53 56 59 63 68 76,149,,1,11,1
puc-cc9-2p-seed-r1,124,27.0,27,105 123 130 157 158 16 160 163 183 244 255 269 279 306 320 332 350 355 361 410 421 424 443 454 497 69 70,23,"2,1,1,3,1,1,1,1,1,1,1,1,1,1,1,1,1,1,1,1,1,1,2",0,108 113 119 129 132 133 134 135 138 139 146 147 149 152 154 155 156 159 161 162 166 167 168 171 172 173 177 179 180 181 184 185 186 188 191 194 195 2 209 215 225 227 228 229 23 242 243 245 247 249 251 258 260 268 282 283 284 293 299 3 300 305 307 309 311 313 314 316 319 322 323 328 330 331 336 337 340 348 35 353 356 36 362 363 368 37 370 371 373 377 379 380 385 387 388 389 39 390 394 396 402 404 405 407 409 411 414 416 417 418 419 420 422 423 426 427 429 433 434 435 438 439 441 444 445 446 447 450 452 460 465 474 476 481 485 492 498 499 501 505 506 507 51 53 56 59 63 68 76,149,,1,11,1
puc-cc9-2p-seed-r1,125,27.0,27,105 123 130 157 158 16 160 163 183 244 255 269 279 306 320 332 350 355 361 400 421 443 444 454 497 69 70,22,"2,1,1,3,1,1,1,1,1,1,1,1,1,1,1,1,1,1,2,1,1,2",0,108 113 119 129 132 133 134 135 138 139 146 147 149 152 155 156 159 161 162 166 167 168 171 172 173 177 179 180 181 184 185 186 188 191 194 195 2 209 215 225 227 228 229 23 242 243 245 247 249 251 258 260 268 283 284 293 299 3 300 305 307 309 311 313 314 316 319 322 323 328 330 331 336 337 340 348 35 353 356 36 362 363 368 37 370 371 373 377 379 380 385 387 388 389 39 390 394 396 402 404 405 407 410 411 416 417 418 419 420 422 423 426 427 428 429 433 434 435 436 438 439 441 445 446 447 448 450 452 460 465 476 481 485 492 498 499 501 505 506 507 508 51 53 56 59 63 68 76,148,,1,11,1
puc-cc9-2p-seed-r1,126,27.0,27,105 123 130 157 158 16 160 163 183 244 255 269 279 306 320 332 350 355 361 400 410 421 443 497 502 69 70,23,"2,1,1,3,1,1,1,1,1,1,1,1,1,1,1,1,1,1,1,1,1,1,2",0,108 113 119 129 132 133 134 135 138 139 146 147 149 152 154 155 156 159 161 162 166 167 168 171 172 173 177 179 180 181 184 185 186 188 191 194 195 2 209 215 225 227 228 229 23 242 243 245 247 249 251 258 260 268 282 283 284 293 299 3 300 305 307 309 311 313 314 316 319 322 323 328 330 331 336 337 340 348 35 353 356 36 362 363 368 37 370 371 373 377 379 380 385 387 388 389 39 390 394 396 402 404 405 407 409 411 414 416 417 418 419 420 422 423 426 427 429 433 434 435 438 439 441 444 445 446 447 450 452 460 465 474 476 481 485 492 498 499 501 505 506 507 51 53 56 59 63 68 76,149,,1,11,1
puc-cc9-2p-seed-r1,127,27.0,27,105 123 130 157 158 16 160 163 183 244 255 269 279 306 320 332 350 355 361 400 410 421 497 502 59 69 70,22,"2,2,1,3,1,1,1,1,1,1,1,1,1,1,1,1,1,1,1,1,1,2",0,108 113 119 129 132 133 134 135 138 139 146 147 149 152 154 156 159 161 162 166 167 168 171 172 173 177 179 180 181 184 186 191 194 195 2 209 215 225 227 228 229 23 242 243 245 247 249 258 260 268 282 284 293 3 300 305 309 311 314 322 323 328 330 331 336 337 340 348 35 353 356 36 362 363 368 37 370 371 373 377 380 385 387 388 389 39 390 394 396 402 404 405 407 409 411 414 416 417 418 419 420 422 423 426 429 433 434 438 439 441 444 445 446 450 452 460 465 474 476 481 485 492 498 499 501 505 506 51 53 56 63 68 76,133,,1,9,1
puc-cc9-2p-seed-r1,128,27.0,27,105 123 130 157 158 16 160 163 183 244 255 269 279 306 320 332 350 355 361 410 421 424 443 497 502 69 70,23,"2,1,1,3,1,1,1,1,1,1,1,1,1,1,1,1,1,1,1,1,1,1,2",0,108 113 119 129 132 133 134 135 138 139 146 147 149 152 154 155 156 159 161 162 166 167 168 171 172 173 177 179 180 181 184 185 186 188 191 194 195 2 209 215 225 227 228 229 23 242 243 245 247 249 251 258 260 268 282 283 284 293 299 3 300 305 307 309 311 313 314 316 319 322 323 328 330 331 336 337 340 348 35 353 356 36 362 363 368 37 370 371 373 377 379 380 385 387 388 389 39 390 394 396 402 404 405 407 409 411 414 416 417 418 419 420 422 423 426 427 429 433 434 435 438 439 441 444 445 446 447 450 452 460 465 474 476 481 485 492 498 499 501 505 506 507 51 53 56 59 63 68 76,149,,1,11,1
puc-cc9-2p-seed-r1,129,27.0,27,105 123 130 157 158 16 160 163 183 244 255 269 279 306 320 332 350 355 361 410 421 424 497 502 59 69 70,22,"2,2,1,3,1,1,1,1,1,1,1,1,1,1,1,1,1,1,1,1,1,2",0,108 113 119 129 132 133 134 135 138 139 146 147 149 152 154 156 159 161 162 166 167 168 171 172 173 177 179 180 181 184 186 191 194 195 2 209 215 225 227 228 229 23 242 243 245 247 249 258 260 268 282 284 293 3 300 305 309 311 314 322 323 328 330 331 336 337 340 348 35 353 356 36 362 363 368 37 370 371 373 377 380 385 387 388 389 39 390 394 396 402 404 405 407 409 411 414 416 417 418 419 420 422 423 426 429 433 434 438 439 441 444 445 446 450 452 460 465 474 476 481 485 492 498 499 501 505 506 51 53 56 63 68 76,133,,1,9,1
puc-cc9-2p-seed-r1,130,27.0,27,105 123 130 157 158 16 160 163 183 244 255 269 279 306 320 332 350 355 361 421 424 443 444 454 497 69 70,22,"2,1,1,3,1,1,1,1,1,1,1,1,1,1,1,1,1,1,2,1,1,2",0,108 113 119 129 132 133 134 135 138 139 146 147 149 152 155 156 159 161 162 166 167 168 171 172 173 177 179 180 181 184 185 186 188 191 194 195 2 209 215 225 227 228 229 23 242 243 245 247 249 251 258 260 268 283 284 293 299 3 300 305 307 309 311 313 314 316 319 322 323 328 330 331 336 337 340 348 35 353 356 36 362 363 368 37 370 371 373 377 379 380 385 387 388 389 39 390 394 396 402 404 405 407 410 411 416 417 418 419 420 422 423 426 427 428 429 433 434 435 436 438 439 441 445 446 447 448 450 452 460 465 476 481 485 492 498 499 501 505 506 507 508 51 53 56 59 63 68 76,148,,1,11,1
puc-cc9-2p-seed-r1,131,27.0,27,105 123 130 157 158 16 160 163 183 244 255 269 279 306 320 332 350 355 400 421 444 454 481 497 59 69 70,22,"1,2,1,3,1,1,1,1,1,1,1,1,1,1,1,1,1,1,1,1,2,2",0,106 107 108 109 119 121 129 132 133 134 135 138 139 146 147 149 152 156 159 161 162 166 167 168 169 171 172 173 179 180 181 184 186 188 191 194 195 2 215 227 228 229 23 233 247 258 260 268 284 293 297 3 300 309 311 314 316 322 323 328 33 330 331 336 340 348 35 356 36 361 362 363 368 37 380 385 387 388 389 39 390 394 396 402 404 405 407 410 411 416 417 418 419 42 420 422 423 426 428 429 43 433 434 436 438 439 441 443 445 446 448 45 450 452 460 476 485 492 501 506 508 51 53 56 57 63 68 73 76 9 97,131,,1,10,1
puc-cc9-2p-seed-r1,132,27.0,27,105 123 130 157 158 16 160 163 183 244 255 269 279 306 320 332 350 355 400 421 444 454 493 497 59 69 70,23,"1,2,1,3,1,1,1,1,1,1,1,1,1,1,1,1,1,1,1,1,1,1,2",0,106 107 108 109 113 119 121 129 132 133 134 135 138 139 146 147 149 152 156 159 161 162 166 167 168 169 171 172 173 177 179 180 181 184 186 188 191 194 195 2 209 215 225 227 228 229 23 233 242 243 245 247 249 258 260 268 284 293 297 3 300 305 309 311 314 316 322 323 328 33 330 331 336 337 340 348 35 353 356 36 361 362 363 368 37 370 371 373 377 380 385 387 388 389 39 390 394 396 402 404 405 407 410 411 416 417 418 419 42 420 422 423 426 428 429 43 433 434 436 438 439 441 443 445 446 448 45 450 452 460 465 476 481 485 492 498 499 501 505 506 508 51 53 56 57 63 68 73 76 9 97,151,,1,10,1
puc-cc9-2p-seed-r1,133,27.0,27,103 104 11 123 158 163 169 176 181 183 193 208 244 269 306 320 332 339 350 361 390 409 444 454 495 497 59,23,"2,1,2,1,1,1,1,2,1,1,1,1,1,1,1,1,1,1,2,1,1,1,1",0,105 108 113 119 129 130 132 133 134 135 136 137 139 147 149 152 156 159 161 162 166 167 168 170 171 172 173 177 179 180 182 184 185 186 188 189 191 195 198 209 214 215 225 227 228 229 23 233 242 243 245 247 249 258 260 262 264 268 284 297 3 300 305 309 311 314 316 322 323 326 328 33 330 331 336 337 340 342 348 35 353 356 36 362 363 368 37 370 371 373 377 380 385 387 388 389 39 391 394 396 398 400 402 404 405 406 407 408 410 411 416 418 419 42 420 421 422 424 425 426 428 43 433 434 436 438 439 441 443 445 446 448 45 450 452 453 456 460 462 465 466 469 472 476 478 481 486 492 498 499 501 502 505 506 508 51 53 56 57 63 68 76 9,163,,1,9,1
puc-cc9-2p-seed-r1,134,27.0,27,103 104 11 123 158 163 169 176 181 183 193 208 233 244 255 269 306 320 332 339 350 390 409 444 454 497 59,22,"2,1,2,1,1,2,1,2,1,1,1,1,1,1,1,1,1,1,2,1,1,1",0,108 113 119 129 130 132 133 134 135 136 139 147 149 152 156 159 161 162 166 167 168 171 172 173 177 179 180 182 184 186 188 189 191 195 198 209 214 215 225 227 228 229 23 242 243 245 247 249 258 260 262 264 268 284 3 300 305 309 311 314 316 322 323 326 328 330 331 336 337 340 342 348 35 353 356 36 362 363 368 37 370 371 373 377 380 385 387 388 389 39 391 394 396 398 400 402 404 405 406 407 408 410 411 416 418 419 420 421 422 424 426 428 433 434 436 438 439 441 443 445 446 448 450 452 453 456 460 462 465 466 469 472 476 478 481 486 492 498 499 501 502 505 506 508 51 53 56 63 68 76,150,,1,8,1
puc-cc9-2p-seed-r1,135,27.0,27,103 104 11 123 158 163 169 176 181 183 193 208 244 255 269 306 320 332 339 350 361 390 409 444 454 497 59,23,"2,1,2,1,1,1,1,2,1,1,1,1,1,1,1,1,1,1,1,2,1,1,1",0,105 108 113 119 129 130 132 133 134 135 136 137 139 147 149 152 156 159 161 162 166 167 168 170 171 172 173 177 179 180 182 184 185 186 188 189 191 195 198 209 214 215 225 227 228 229 23 233 242 243 245 247 249 258 260 262 264 268 284 297 3 300 305 309 311 314 316 322 323 326 328 33 330 331 336 337 340 342 348 35 353 356 36 362 363 368 37 370 371 373 377 380 385 387 388 389 39 391 394 396 398 400 402 404 405 406 407 408 410 411 416 418 419 42 420 421 422 424 425 426 428 43 433 434 436 438 439 441 443 445 446 448 45 450 452 453 456 460 462 465 466 469 472 476 478 481 486 492 498 499 501 502 505 506 508 51 53 56 57 63 68 76 9,163,,1,9,1
puc-cc9-2p-seed-r1,136,27.0,27,103 104 11 123 158 163 169 176 181 183 193 208 233 244 255 269 279 306 320 332 350 388 409 444 454 497 59,23,"2,1,2,1,1,2,1,2,1,1,1,1,1,1,1,1,1,1,1,1,1,1,1",0,108 113 119 129 130 132 133 135 136 139 147 149 152 156 159 161 162 166 167 168 171 172 173 177 179 180 182 184 186 188 189 191 195 209 215 225 227 228 229 23 242 243 245 247 249 258 260 264 268 284 3 300 305 309 311 314 316 322 323 328 330 331 336 337 340 348 35 353 356 36 362 363 368 37 370 371 373 377 380 385 387 39 390 391 394 396 400 402 404 405 407 408 410 411 416 418 419 420 421 424 426 428 433 434 436 438 439 441 443 445 446 448 450 452 456 460 465 476 481 492 498 499 501 505 506 508 51 53 56 63 68 76,132,,1,10,1
puc-cc9-2p-seed-r1,137,27.0,27,103 104 11 123 158 163 169 176 181 183 193 208 233 244 255 269 279 280 306 332 350 388 409 444 454 497 59,22,"2,1,2,1,1,2,1,2,1,1,1,1,1,2,1,1,1,1,1,1,1,1",0,108 113 119 129 130 132 133 135 136 139 147 149 152 156 159 161 162 166 167 168 171 172 173 177 179 180 182 184 186 188 189 191 195 209 215 225 227 228 229 23 242 243 245 247 249 258 260 264 268 284 3 300 305 309 311 314 316 322 323 328 330 331 336 337 340 348 35 353 356 36 362 363 368 37 370 371 373 377 380 385 387 39 390 391 394 396 400 402 404 405 407 408 410 411 416 418 419 420 421 424 426 428 433 434 436 438 439 441 443 445 446 448 450 452 456 460 465 476 481 492 498 499 501 505 506 508 51 53 56 63 68 76,132,,1,10,1
puc-cc9-2p-seed-r1,138,27.0,27,103 104 11 123 158 163 169 176 181 183 193 208 233 244 255 269 280 306 332 339 350 390 409 444 454 497 59,22,"2,1,2,1,1,2,1,2,1,1,1,1,1,1,1,1,1,1,2,1,1,1",0,108 113 119 129 130 132 133 134 135 136 139 147 149 152 156 159 161 162 166 167 168 171 172 173 177 179 180 182 184 186 188 189 191 195 198 209 214 215 225 227 228 229 23 242 243 245 247 249 258 260 262 264 268 284 3 300 305 309 311 314 316 322 323 326 328 330 331 336 337 340 342 348 35 353 356 36 362 363 368 37 370 371 373 377 380 385 387 388 389 39 391 394 396 398 400 402 404 405 406 407 408 410 411 416 418 419 420 421 422 424 426 428 433 434 436 438 439 441 443 445 446 448 450 452 453 456 460 462 465 466 469 472 476 478 481 486 492 498 499 501 502 505 506 508 51 53 56 63 68 76,150,,1,8,1
puc-cc9-2p-seed-r1,139,27.0,27,103 104 11 123 158 163 169 176 181 183 193 208 233 244 255 269 280 332 339 34 350 390 409 444 454 497 59,22,"2,1,2,1,1,2,1,2,1,1,1,1,1,1,1,1,1,1,2,1,1,1",0,108 113 119 129 130 132 133 134 135 136 139 147 149 152 156 159 161 162 166 167 168 171 172 173 177 179 180 182 184 186 188 189 191 195 198 209 214 215 225 227 228 229 23 242 243 245 247 249 258 260 262 264 268 284 3 300 305 309 311 314 316 322 323 326 328 330 331 336 337 340 342 348 35 353 356 36 362 363 368 37 370 371 373 377 380 385 387 388 389 39 391 394 396 398 400 402 404 405 406 407 408 410 411 416 418 419 420 421 422 424 426 428 433 434 436 438 439 441 443 445 446 448 450 452 453 456 460 462 465 466 469 472 476 478 481 486 492 498 499 501 502 505 506 508 51 53 56 63 68 76,150,,1,8,1
puc-cc9-2p-seed-r1,140,27.0,27,103 104 11 123 158 163 169 176 181 183 193 208 233 244 255 269 280 332 339 34 350 388 409 444 454 497 59,23,"2,1,2,1,1,2,1,2,1,1,1,1,1,1,1,1,1,1,1,1,1,1,1",0,108 113 119 129 130 132 133 135 136 139 147 149 152 156 159 161 162 166 167 168 171 172 173 177 179 180 182 184 186 188 189 191 195 209 215 225 227 228 229 23 242 243 245 247 249 258 260 264 268 284 3 300 305 309 311 314 316 322 323 328 330 331 336 337 340 348 35 353 356 36 362 363 368 37 370 371 373 377 380 385 387 39 390 391 394 396 400 402 404 405 407 408 410 411 416 418 419 420 421 424 426 428 433 434 436 438 439 441 443 445 446 448 450 452 456 460 465 476 481 492 498 499 501 505 506 508 51 53 56 63 68 76,132,,1,10,1
puc-cc9-2p-seed-r1,141,27.0,27,103 104 11 123 158 163 169 176 181 183 193 208 233 244 255 269 280 332 339 34 350 390 409 410 454 497 59,21,"2,1,2,1,1,2,1,2,1,1,1,1,1,1,1,1,1,1,2,2,1",0,108 113 119 129 130 132 133 134 135 136 137 139 145 147 149 152 154 155 156 157 159 161 162 166 167 168 171 172 173 177 179 180 182 184 185 186 189 191 195 198 209 214 215 217 225 227 228 229 23 242 243 245 247 249 25 258 260 262 264 268 281 282 284 3 300 305 309 311 314 322 323 326 328 330 331 336 337 340 342 348 35 353 356 36 362 363 368 37 370 371 373 377 380 385 387 388 389 39 391 393 394 396 398 400 401 402 404 405 406 407 408 411 413 414 416 418 419 420 421 422 424 426 433 434 438 439 441 444 445 446 450 452 453 456 460 462 465 466 469 472 473 474 476 478 481 486 492 498 499 501 502 505 506 51 53 56 63 68 76,159,,1,6,1
puc-cc9-2p-seed-r1,142,27.0,27,103 104 11 123 158 163 169 176 181 183 193 208 233 244 255 269 280 332 339 34 350 388 409 410 454 497 59,22,"2,1,2,1,1,2,1,2,1,1,1,1,1,1,1,1,1,1,1,2,1,1",0,108 113 119 129 130 132 133 135 136 137 139 145 147 149 152 154 155 156 157 159 161 162 166 167 168 171 172 173 177 179 180 182 184 185 186 189 191 195 209 215 217 225 227 228 229 23 242 243 245 247 249 25 258 260 264 268 281 282 284 3 300 305 309 311 314 322 323 328 330 331 336 337 340 348 35 353 356 36 362 363 368 37 370 371 373 377 380 385 387 39 390 391 393 394 396 400 401 402 404 405 407 408 411 413 414 416 418 419 420 421 424 426 433 434 438 439 441 444 445 446 450 452 456 460 465 473 474 476 481 492 498 499 501 505 506 51 53 56 63 68 76,141,,1,8,1
puc-cc9-2p-seed-r1,143,27.0,27,103 104 11 123 158 163 169 176 181 183 193 208 233 244 255 269 280 332 339 34 350 390 409 443 444 454 497,22,"2,1,1,1,1,2,1,2,1,1,1,1,1,1,1,1,1,1,2,1,2,1",0,108 113 119 129 130 132 133 134 135 136 139 147 149 152 155 156 159 161 162 166 167 168 171 172 173 177 179 180 182 184 185 186 188 189 191 195 198 209 214 215 225 227 228 229 23 242 243 245 247 249 251 258 260 262 264 268 283 284 299 3 300 305 307 309 311 313 314 316 319 322 323 326 328 330 331 336 337 340 342 348 35 353 356 36 362 363 368 37 370 371 373 377 379 380 385 387 388 389 39 391 394 396 398 400 402 404 405 406 407 408 410 411 416 418 419 420 421 422 424 426 427 428 433 434 435 436 438 439 441 445 446 447 448 450 452 453 456 460 462 465 466 469 472 476 478 481 486 492 498 499 501 502 505 506 507 508 51 53 56 59 63 68 76,163,,1,10,1
puc-cc9-2p-seed-r1,144,27.0,27,103 104 11 123 158 163 169 176 181 183 193 208 233 244 255 269 280 332 339 34 350 390 409 410 443 454 497,22,"2,1,1,1,1,2,1,2,1,1,1,1,1,1,1,1,1,1,2,2,1,1",0,108 113 119 129 130 132 133 134 135 136 137 139 145 147 149 152 154 155 156 157 159 161 162 166 167 168 171 172 173 177 179 180 182 184 185 186 188 189 191 195 198 209 214 215 217 225 227 228 229 23 242 243 245 247 249 25 251 258 260 262 264 268 281 282 283 284 299 3 300 305 307 309 311 313 314 316 319 322 323 326 328 330 331 336 337 340 342 348 35 353 356 36 362 363 368 37 370 371 373 377 379 380 385 387 388 389 39 391 393 394 396 398 400 401 402 404 405 406 407 408 411 413 414 416 418 419 420 421 422 424 426 427 433 434 435 438 439 441 444 445 446 447 450 452 453 456 460 462 465 466 469 472 473 474 476 478 481 486 492 498 499 501 502 505 506 507 51 53 56 59 63 68 76,173,,1,8,1
puc-cc9-2p-seed-r1,145,27.0,27,103 104 11 123 158 163 169 176 181 183 193 208 233 244 255 269 280 332 339 34 350 390 409 410 443 497 502,23,"2,1,1,1,1,2,1,2,1,1,1,1,1,1,1,1,1,1,1,2,1,1,1",0,108 113 119 129 130 132 133 134 135 136 137 139 145 147 149 152 154 155 156 157 159 161 162 166 167 168 171 172 173 177 179 180 182 184 185 186 188 189 191 195 209 215 217 225 227 228 229 23 242 243 245 247 249 25 251 258 260 262 264 268 281 282 283 284 299 3 300 305 307 309 311 313 314 316 319 322 323 328 330 331 336 337 340 348 35 353 356 36 362 363 368 37 370 371 373 377 379 380 385 387 388 389 39 391 393 394 396 398 400 401 402 404 405 406 407 408 411 413 414 416 418 419 420 421 422 424 426 427 433 434 435 438 439 441 444 445 446 447 450 452 454 456 460 465 473 474 476 481 492 498 499 501 505 506 507 51 53 56 59 63 68 76,162,,1,10,1
puc-cc9-2p-seed-r1,146,27.0,27,103 104 11 123 158 163 169 176 181 183 193 208 233 244 255 269 280 332 339 34 350 390 409 410 497 502 59,22,"2,1,2,1,1,2,1,2,1,1,1,1,1,1,1,1,1,1,1,2,1,1",0,108 113 119 129 130 132 133 134 135 136 137 139 145 147 149 152 154 155 156 157 159 161 162 166 167 168 171 172 173 177 179 180 182 184 185 186 189 191 195 209 215 217 225 227 228 229 23 242 243 245 247 249 25 258 260 262 264 268 281 282 284 3 300 305 309 311 314 322 323 328 330 331 336 337 340 348 35 353 356 36 362 363 368 37 370 371 373 377 380 385 387 388 389 39 391 393 394 396 398 400 401 402 404 405 406 407 408 411 413 414 416 418 419 420 421 422 424 426 433 434 438 439 441 444 445 446 450 452 454 456 460 465 473 474 476 481 492 498 499 501 505 506 51 53 56 63 68 76,148,,1,8,1
puc-cc9-2p-seed-r1,147,27.0,27,105 123 130 157 158 16 160 163 23 244 269 279 306 320 332 350 355 361 400 421 444 454 495 497 59 69 70,21,"2,2,1,3,1,1,2,1,1,1,1,1,1,1,1,1,1,1,1,1,2",0,108 113 119 129 132 133 134 135 138 139 146 147 149 152 156 159 161 162 166 167 168 171 172 173 177 179 180 181 183 186 188 19 194 195 2 209 21 215 225 227 228 229 24 242 243 245 249 258 260 263 268 275 277 280 284 287 293 3 300 305 309 31 311 314 316 322 323 327 328 330 331 336 337 339 340 341 344 348 35 351 353 356 36 362 363 368 37 370 371 373 375 377 380 385 387 388 389 39 390 394 396 402 404 405 407 410 411 416 417 418 419 420 422 423 426 428 429 433 434 436 438 439 441 443 445 446 448 450 452 460 465 471 476 481 485 492 498 499 501 505 506 508 51 53 56 63 68 7 76 87,150,,1,7,1
puc-cc9-2p-seed-r1,148,27.0,27,105 123 130 157 158 16 160 163 23 244 255 269 279 306 320 332 350 355 361 400 421 444 454 497 59 69 70,21,"2,2,1,3,1,1,2,1,1,1,1,1,1,1,1,1,1,1,1,1,2",0,108 113 119 129 132 133 134 135 138 139 146 147 149 152 156 159 161 162 166 167 168 171 172 173 177 179 180 181 183 186 188 19 194 195 2 209 21 215 225 227 228 229 24 242 243 245 249 258 260 263 268 275 277 280 284 287 293 3 300 305 309 31 311 314 316 322 323 327 328 330 331 336 337 339 340 341 344 348 35 351 353 356 36 362 363 368 37 370 371 373 375 377 380 385 387 388 389 39 390 394 396 402 404 405 407 410 411 416 417 418 419 420 422 423 426 428 429 433 434 436 438 439 441 443 445 446 448 450 452 460 465 471 476 481 485 492 498 499 501 505 506 508 51 53 56 63 68 7 76 87,150,,1,7,1
puc-cc9-2p-seed-r1,149,27.0,27,105 123 130 157 158 16 160 163 23 233 244 255 269 279 306 320 332 350 355 400 421 444 454 497 59 69 70,21,"2,2,1,3,1,1,2,1,1,1,1,1,1,1,1,1,1,1,1,1,2",0,108 113 119 129 132 133 134 135 138 139 146 147 149 152 156 159 161 162 166 167 168 171 172 173 177 179 180 181 183 186 188 19 194 195 2 209 21 215 225 227 228 229 24 242 243 245 249 258 260 263 268 275 277 280 284 287 293 3 300 305 309 31 311 314 316 322 323 327 328 330 331 336 337 339 340 341 344 348 35 351 353 356 36 362 363 368 37 370 371 373 375 377 380 385 387 388 389 39 390 394 396 402 404 405 407 410 411 416 417 418 419 420 422 423 426 428 429 433 434 436 438 439 441 443 445 446 448 450 452 460 465 471 476 481 485 492 498 499 501 505 506 508 51 53 56 63 68 7 76 87,150,,1,7,1
puc-cc9-2p-seed-r1,150,27.0,27,105 123 130 157 158 16 160 163 23 244 255 269 306 320 332 339 350 355 361 400 421 444 454 497 59 69 70,22,"2,2,1,3,1,1,1,1,1,1,1,1,1,1,1,1,1,1,1,1,1,2",0,108 113 119 129 132 133 134 135 138 139 146 147 149 152 156 159 161 162 166 167 168 171 172 173 177 179 180 181 183 186 188 19 194 195 2 209 21 215 225 227 228 229 24 242 243 245 249 258 260 268 279 284 293 3 300 305 309 31 311 314 316 322 323 328 330 331 336 337 340 348 35 353 356 36 362 363 368 37 370 371 373 377 380 385 387 388 389 39 390 394 396 402 404 405 407 410 411 416 417 418 419 420 422 423 426 428 429 433 434 436 438 439 441 443 445 446 448 450 452 460 465 476 481 485 492 498 499 501 505 506 508 51 53 56 63 68 7 76 87,139,,1,9,1
puc-cc9-2p-seed-r1,151,27.0,27,105 123 130 157 158 16 160 163 23 244 255 269 279 320 332 34 350 355 400 421 425 444 454 497 59 69 70,22,"1,2,1,3,1,1,2,1,1,1,1,1,1,1,1,1,1,1,1,1,1,2",0,106 107 108 109 113 119 121 129 132 133 134 135 138 139 146 147 149 152 156 159 161 162 166 167 168 169 171 172 173 177 179 180 181 183 186 188 19 194 195 2 209 21 215 225 227 228 229 233 24 242 243 245 249 258 260 263 268 275 277 280 284 287 293 297 3 300 305 309 31 311 314 316 322 323 327 328 33 330 331 336 337 339 340 341 344 348 35 351 353 356 36 361 362 363 368 37 370 371 373 375 377 380 385 387 388 389 39 390 394 396 402 404 405 407 410 411 416 417 418 419 42 420 422 423 426 428 429 43 433 434 436 438 439 441 443 445 446 448 45 450 452 460 465 471 476 481 485 492 498 499 501 505 506 508 51 53 56 57 63 68 7 73 76 87 9 97,166,,1,8,1
puc-cc9-2p-seed-r1,152,27.0,27,105 123 130 157 158 16 160 163 23 244 255 269 279 320 332 34 350 355 361 400 421 443 444 454 497 69 70,21,"2,1,1,3,1,1,2,1,1,1,1,1,1,1,1,1,1,2,1,1,2",0,108 113 119 129 132 133 134 135 138 139 146 147 149 152 155 156 159 161 162 166 167 168 171 172 173 177 179 180 181 183 185 186 188 19 191 194 195 2 209 21 215 225 227 228 229 24 242 243 245 249 251 258 260 263 268 275 277 280 283 284 287 293 299 3 300 305 307 309 31 311 313 314 316 319 322 323 327 328 330 331 336 337 339 340 341 344 348 35 351 353 356 36 362 363 368 37 370 371 373 375 377 379 380 385 387 388 389 39 390 394 396 402 404 405 407 410 411 416 417 418 419 420 422 423 426 427 428 429 433 434 435 436 438 439 441 445 446 447 448 450 452 460 465 471 476 481 485 492 498 499 501 505 506 507 508 51 53 56 59 63 68 7 76 87,164,,1,9,1
puc-cc9-2p-seed-r1,153,27.0,27,105 123 130 157 158 16 160 163 23 244 255 269 279 320 332 34 350 355 361 421 424 443 444 454 497 69 70,21,"2,1,1,3,1,1,2,1,1,1,1,1,1,1,1,1,1,2,1,1,2",0,108 113 119 129 132 133 134 135 138 139 146 147 149 152 155 156 159 161 162 166 167 168 171 172 173 177 179 180 181 183 185 186 188 19 191 194 195 2 209 21 215 225 227 228 229 24 242 243 245 249 251 258 260 263 268 275 277 280 283 284 287 293 299 3 300 305 307 309 31 311 313 314 316 319 322 323 327 328 330 331 336 337 339 340 341 344 348 35 351 353 356 36 362 363 368 37 370 371 373 375 377 379 380 385 387 388 389 39 390 394 396 402 404 405 407 410 411 416 417 418 419 420 422 423 426 427 428 429 433 434 435 436 438 439 441 445 446 447 448 450 452 460 465 471 476 481 485 492 498 499 501 505 506 507 508 51 53 56 59 63 68 7 76 87,164,,1,9,1
puc-cc9-2p-seed-r1,154,27.0,27,105 123 130 157 158 16 160 163 23 244 255 269 279 320 332 34 350 355 361 400 410 421 443 454 497 69 70,22,"2,1,1,3,1,1,2,1,1,1,1,1,1,1,1,1,1,1,1,1,1,2",0,108 113 119 129 132 133 134 135 138 139 146 147 149 152 154 155 156 159 161 162 166 167 168 171 172 173 177 179 180 181 183 185 186 188 19 191 194 195 2 209 21 215 225 227 228 229 24 242 243 245 249 251 258 260 263 268 275 277 280 282 283 284 287 293 299 3 300 305 307 309 31 311 313 314 316 319 322 323 327 328 330 331 336 337 339 340 341 344 348 35 351 353 356 36 362 363 368 37 370 371 373 375 377 379 380 385 387 388 389 39 390 394 396 402 404 405 407 409 411 414 416 417 418 419 420 422 423 426 427 429 433 434 435 438 439 441 444 445 446 447 450 452 460 465 471 474 476 481 485 492 498 499 501 505 506 507 51 53 56 59 63 68 7 76 87,165,,1,9,1
puc-cc9-2p-seed-r1,155,27.0,27,105 123 130 157 158 16 160 163 23 244 255 269 279 320 332 34 350 355 361 410 421 424 443 454 497 69 70,22,"2,1,1,3,1,1,2,1,1,1,1,1,1,1,1,1,1,1,1,1,1,2",0,108 113 119 129 132 133 134 135 138 139 146 147 149 152 154 155 156 159 161 162 166 167 168 171 172 173 177 179 180 181 183 185 186 188 19 191 194 195 2 209 21 215 225 227 228 229 24 242 243 245 249 251 258 260 263 268 275 277 280 282 283 284 287 293 299 3 300 305 307 309 31 311 313 314 316 319 322 323 327 328 330 331 336 337 339 340 341 344 348 35 351 353 356 36 362 363 368 37 370 371 373 375 377 379 380 385 387 388 389 39 390 394 396 402 404 405 407 409 411 414 416 417 418 419 420 422 423 426 427 429 433 434 435 438 439 441 444 445 446 447 450 452 460 465 471 474 476 481 485 492 498 499 501 505 506 507 51 53 56 59 63 68 7 76 87,165,,1,9,1
puc-cc9-2p-seed-r1,156,27.0,27,105 123 130 157 158 16 160 163 23 244 255 269 279 320 332 34 350 355 361 410 421 424 443 497 502 69 70,22,"2,1,1,3,1,1,2,1,1,1,1,1,1,1,1,1,1,1,1,1,1,2",0,108 113 119 129 132 133 134 135 138 139 146 147 149 152 154 155 156 159 161 162 166 167 168 171 172 173 177 179 180 181 183 185 186 188 19 191 194 195 2 209 21 215 225 227 228 229 24 242 243 245 249 251 258 260 263 268 275 277 280 282 283 284 287 293 299 3 300 305 307 309 31 311 313 314 316 319 322 323 327 328 330 331 336 337 339 340 341 344 348 35 351 353 356 36 362 363 368 37 370 371 373 375 377 379 380 385 387 388 389 39 390 394 396 402 404 405 407 409 411 414 416 417 418 419 420 422 423 426 427 429 433 434 435 438 439 441 444 445 446 447 450 452 460 465 471 474 476 481 485 492 498 499 501 505 506 507 51 53 56 59 63 68 7 76 87,165,,1,9,1
puc-cc9-2p-seed-r1,157,27.0,27,105 123 130 157 158 16 160 163 23 244 255 269 279 320 332 34 350 355 361 400 410 421 443 497 502 69 70,22,"2,1,1,3,1,1,2,1,1,1,1,1,1,1,1,1,1,1,1,1,1,2",0,108 113 119 129 132 133 134 135 138 139 146 147 149 152 154 155 156 159 161 162 166 167 168 171 172 173 177 179 180 181 183 185 186 188 19 191 194 195 2 209 21 215 225 227 228 229 24 242 243 245 249 251 258 260 263 268 275 277 280 282 283 284 287 293 299 3 300 305 307 309 31 311 313 314 316 319 322 323 327 328 330 331 336 337 339 340 341 344 348 35 351 353 356 36 362 363 368 37 370 371 373 375 377 379 380 385 387 388 389 39 390 394 396 402 404 405 407 409 411 414 416 417 418 419 420 422 423 426 427 429 433 434 435 438 439 441 444 445 446 447 450 452 460 465 471 474 476 481 485 492 498 499 501 505 506 507 51 53 56 59 63 68 7 76 87,165,,1,9,1
puc-cc9-2p-seed-r1,158,27.0,27,105 123 130 157 158 16 160 163 23 244 255 269 279 320 332 34 350 355 421 424 425 444 454 497 59 69 70,22,"1,2,1,3,1,1,2,1,1,1,1,1,1,1,1,1,1,1,1,1,1,2",0,106 107 108 109 113 119 121 129 132 133 134 135 138 139 146 147 149 152 156 159 161 162 166 167 168 169 171 172 173 177 179 180 181 183 186 188 19 194 195 2 209 21 215 225 227 228 229 233 24 242 243 245 249 258 260 263 268 275 277 280 284 287 293 297 3 300 305 309 31 311 314 316 322 323 327 328 33 330 331 336 337 339 340 341 344 348 35 351 353 356 36 361 362 363 368 37 370 371 373 375 377 380 385 387 388 389 39 390 394 396 402 404 405 407 410 411 416 417 418 419 42 420 422 423 426 428 429 43 433 434 436 438 439 441 443 445 446 448 45 450 452 460 465 471 476 481 485 492 498 499 501 505 506 508 51 53 56 57 63 68 7 73 76 87 9 97,166,,1,8,1
puc-cc9-2p-seed-r1,159,27.0,27,105 123 130 157 158 16 160 163 23 244 255 269 279 320 332 34 350 355 410 421 424 425 454 497 59 69 70,22,"1,2,1,3,1,1,2,1,1,1,1,1,1,1,1,1,1,1,1,1,1,2",0,106 107 108 109 113 119 121 129 132 133 134 135 138 139 146 147 149 152 154 156 159 161 162 166 167 168 169 171 172 173 177 179 180 181 183 186 19 194 195 2 209 21 215 225 227 228 229 233 24 242 243 245 249 258 260 263 268 275 277 280 282 284 287 293 297 3 300 305 309 31 311 314 322 323 327 328 33 330 331 336 337 339 340 341 344 348 35 351 353 356 36 361 362 363 368 37 370 371 373 375 377 380 385 387 388 389 39 390 394 396 402 404 405 407 409 411 414 416 417 418 419 42 420 422 423 426 429 43 433 434 438 439 441 444 445 446 45 450 452 460 465 471 474 476 481 485 492 498 499 501 505 506 51 53 56 57 63 68 7 73 76 87 9 97,164,,1,8,1
puc-cc9-2p-seed-r1,160,27.0,27,105 123 130 157 158 16 160 163 23 244 255 269 279 320 332 34 350 355 400 410 421 425 454 497 59 69 70,22,"1,2,1,3,1,1,2,1,1,1,1,1,1,1,1,1,1,1,1,1,1,2",0,106 107 108 109 113 119 121 129 132 133 134 135 138 139 146 147 149 152 154 156 159 161 162 166 167 168 169 171 172 173 177 179 180 181 183 186 19 194 195 2 209 21 215 225 227 228 229 233 24 242 243 245 249 258 260 263 268 275 277 280 282 284 287 293 297 3 300 305 309 31 311 314 322 323 327 328 33 330 331 336 337 339 340 341 344 348 35 351 353 356 36 361 362 363 368 37 370 371 373 375 377 380 385 387 388 389 39 390 394 396 402 404 405 407 409 411 414 416 417 418 419 42 420 422 423 426 429 43 433 434 438 439 441 444 445 446 45 450 452 460 465 471 474 476 481 485 492 498 499 501 505 506 51 53 56 57 63 68 7 73 76 87 9 97,164,,1,8,1
puc-cc9-2p-seed-r1,161,27.0,27,105 123 130 157 158 16 160 163 23 244 255 269 279 320 332 34 350 355 410 421 424 425 443 454 497 69 70,23,"1,1,1,3,1,1,2,1,1,1,1,1,1,1,1,1,1,1,1,1,1,1,2",0,106 107 108 109 113 119 121 129 132 133 134 135 138 139 146 147 149 152 154 155 156 159 161 162 166 167 168 169 171 172 173 177 179 180 181 183 185 186 188 19 191 194 195 2 209 21 215 225 227 228 229 233 24 242 243 245 249 251 258 260 263 268 275 277 280 282 283 284 287 293 297 299 3 300 305 307 309 31 311 313 314 316 319 322 323 327 328 33 330 331 336 337 339 340 341 344 348 35 351 353 356 36 361 362 363 368 37 370 371 373 375 377 379 380 385 387 388 389 39 390 394 396 402 404 405 407 409 411 414 416 417 418 419 42 420 422 423 426 427 429 43 433 434 435 438 439 441 444 445 446 447 45 450 452 460 465 471 474 476 481 485 492 498 499 501 505 506 507 51 53 56 57 59 63 68 7 73 76 87 9 97,181,,1,10,1
puc-cc9-2p-seed-r1,162,27.0,27,105 123 130 157 158 16 160 163 23 244 255 269 279 320 332 34 350 355 410 421 424 454 490 497 59 69 70,22,"1,2,1,3,1,1,2,1,1,1,1,1,1,1,1,1,1,1,1,1,1,2",0,106 107 108 109 113 119 121 129 132 133 134 135 138 139 146 147 149 152 154 156 159 161 162 166 167 168 169 171 172 173 177 179 180 181 183 186 19 194 195 2 209 21 215 225 227 228 229 233 24 242 243 245 249 258 260 263 268 275 277 280 282 284 287 293 297 3 300 305 309 31 311 314 322 323 327 328 33 330 331 336 337 339 340 341 344 348 35 351 353 356 36 361 362 363 368 37 370 371 373 375 377 380 385 387 388 389 39 390 394 396 402 404 405 407 409 411 414 416 417 418 419 42 420 422 423 426 429 43 433 434 438 439 441 444 445 446 45 450 452 460 465 471 474 476 481 485 492 498 499 501 505 506 51 53 56 57 63 68 7 73 76 87 9 97,164,,1,8,1
puc-cc9-2p-seed-r1,163,27.0,27,105 123 130 157 158 16 160 163 23 244 255 269 279 320 332 34 350 355 410 421 424 443 454 490 497 69 70,23,"1,1,1,3,1,1,2,1,1,1,1,1,1,1,1,1,1,1,1,1,1,1,2",0,106 107 108 109 113 119 121 129 132 133 134 135 138 139 146 147 149 152 154 155 156 159 161 162 166 167 168 169 171 172 173 177 179 180 181 183 185 186 188 19 191 194 195 2 209 21 215 225 227 228 229 233 24 242 243 245 249 251 258 260 263 268 275 277 280 282 283 284 287 293 297 299 3 300 305 307 309 31 311 313 314 316 319 322 323 327 328 33 330 331 336 337 339 340 341 344 348 35 351 353 356 36 361 362 363 368 37 370 371 373 375 377 379 380 385 387 388 389 39 390 394 396 402 404 405 407 409 411 414 416 417 418 419 42 420 422 423 426 427 429 43 433 434 435 438 439 441 444 445 446 447 45 450 452 460 465 471 474 476 481 485 492 498 499 501 505 506 507 51 53 56 57 59 63 68 7 73 76 87 9 97,181,,1,10,1
puc-cc9-2p-seed-r1,164,27.0,27,105 123 130 157 158 16 160 163 23 244 255 269 279 320 332 34 350 355 410 421 424 425 443 497 502 69 70,23,"1,1,1,3,1,1,2,1,1,1,1,1,1,1,1,1,1,1,1,1,1,1,2",0,106 107 108 109 113 119 121 129 132 133 134 135 138 139 146 147 149 152 154 155 156 159 161 162 166 167 168 169 171 172 173 177 179 180 181 183 185 186 188 19 191 194 195 2 209 21 215 225 227 228 229 233 24 242 243 245 249 251 258 260 263 268 275 277 280 282 283 284 287 293 297 299 3 300 305 307 309 31 311 313 314 316 319 322 323 327 328 33 330 331 336 337 339 340 341 344 348 35 351 353 356 36 361 362 363 368 37 370 371 373 375 377 379 380 385 387 388 389 39 390 394 396 402 404 405 407 409 411 414 416 417 418 419 42 420 422 423 426 427 429 43 433 434 435 438 439 441 444 445 446 447 45 450 452 460 465 471 474 476 481 485 492 498 499 501 505 506 507 51 53 56 57 59 63 68 7 73 76 87 9 97,181,,1,10,1
puc-cc9-2p-seed-r1,165,27.0,27,105 123 130 157 158 16 160 163 23 244 255 269 279 320 332 34 350 355 410 421 424 425 497 502 59 69 70,22,"1,2,1,3,1,1,2,1,1,1,1,1,1,1,1,1,1,1,1,1,1,2",0,106 107 108 109 113 119 121 129 132 133 134 135 138 139 146 147 149 152 154 156 159 161 162 166 167 168 169 171 172 173 177 179 180 181 183 186 19 194 195 2 209 21 215 225 227 228 229 233 24 242 243 245 249 258 260 263 268 275 277 280 282 284 287 293 297 3 300 305 309 31 311 314 322 323 327 328 33 330 331 336 337 339 340 341 344 348 35 351 353 356 36 361 362 363 368 37 370 371 373 375 377 380 385 387 388 389 39 390 394 396 402 404 405 407 409 411 414 416 417 418 419 42 420 422 423 426 429 43 433 434 438 439 441 444 445 446 45 450 452 460 465 471 474 476 481 485 492 498 499 501 505 506 51 53 56 57 63 68 7 73 76 87 9 97,164,,1,8,1
puc-cc9-2p-seed-r1,166,27.0,27,105 123 130 157 158 16 160 163 23 244 255 269 279 306 320 332 350 355 400 421 444 454 457 497 59 69 70,22,"1,2,1,3,1,1,2,1,1,1,1,1,1,1,1,1,1,1,1,1,1,2",0,106 107 108 109 113 119 121 129 132 133 134 135 138 139 146 147 149 152 156 159 161 162 166 167 168 169 171 172 173 177 179 180 181 183 186 188 19 194 195 2 209 21 215 225 227 228 229 233 24 242 243 245 249 258 260 263 268 275 277 280 284 287 293 297 3 300 305 309 31 311 314 316 322 323 327 328 33 330 331 336 337 339 340 341 344 348 35 351 353 356 36 361 362 363 368 37 370 371 373 375 377 380 385 387 388 389 39 390 394 396 402 404 405 407 410 411 416 417 418 419 42 420 422 423 426 428 429 43 433 434 436 438 439 441 443 445 446 448 45 450 452 460 465 471 476 481 485 492 498 499 501 505 506 508 51 53 56 57 63 68 7 73 76 87 9 97,166,,1,8,1
puc-cc9-2p-seed-r1,167,27.0,27,105 123 130 157 158 16 160 163 23 244 255 269 279 306 320 332 350 355 421 424 444 454 457 497 59 69 70,22,"1,2,1,3,1,1,2,1,1,1,1,1,1,1,1,1,1,1,1,1,1,2",0,106 107 108 109 113 119 121 129 132 133 134 135 138 139 146 147 149 152 156 159 161 162 166 167 168 169 171 172 173 177 179 180 181 183 186 188 19 194 195 2 209 21 215 225 227 228 229 233 24 242 243 245 249 258 260 263 268 275 277 280 284 287 293 297 3 300 305 309 31 311 314 316 322 323 327 328 33 330 331 336 337 339 340 341 344 348 35 351 353 356 36 361 362 363 368 37 370 371 373 375 377 380 385 387 388 389 39 390 394 396 402 404 405 407 410 411 416 417 418 419 42 420 422 423 426 428 429 43 433 434 436 438 439 441 443 445 446 448 45 450 452 460 465 471 476 481 485 492 498 499 501 505 506 508 51 53 56 57 63 68 7 73 76 87 9 97,166,,1,8,1
puc-cc9-2p-seed-r1,168,27.0,27,105 123 130 157 158 16 160 163 23 244 255 269 279 306 320 332 350 355 421 424 444 454 493 497 59 69 70,22,"1,2,1,3,1,1,2,1,1,1,1,1,1,1,1,1,1,1,1,1,1,2",0,106 107 108 109 113 119 121 129 132 133 134 135 138 139 146 147 149 152 156 159 161 162 166 167 168 169 171 172 173 177 179 180 181 183 186 188 19 194 195 2 209 21 215 225 227 228 229 233 24 242 243 245 249 258 260 263 268 275 277 280 284 287 293 297 3 300 305 309 31 311 314 316 322 323 327 328 33 330 331 336 337 339 340 341 344 348 35 351 353 356 36 361 362 363 368 37 370 371 373 375 377 380 385 387 388 389 39 390 394 396 402 404 405 407 410 411 416 417 418 419 42 420 422 423 426 428 429 43 433 434 436 438 439 441 443 445 446 448 45 450 452 460 465 471 476 481 485 492 498 499 501 505 506 508 51 53 56 57 63 68 7 73 76 87 9 97,166,,1,8,1
puc-cc9-2p-seed-r1,169,27.0,27,105 123 130 157 158 16 160 163 23 244 255 269 279 306 320 332 350 355 421 424 444 454 497 505 59 69 70,21,"1,2,1,3,1,1,2,1,1,1,1,1,1,1,1,1,1,1,1,2,2",0,106 107 108 109 119 121 129 132 133 134 135 138 139 146 147 149 152 156 159 161 162 166 167 168 169 171 172 173 179 180 181 183 186 188 19 194 195 2 21 215 227 228 229 233 24 258 260 263 268 275 277 280 284 287 293 297 3 300 309 31 311 314 316 322 323 327 328 33 330 331 336 339 340 341 344 348 35 351 356 36 361 362 363 368 37 375 380 385 387 388 389 39 390 394 396 402 404 405 407 410 411 416 417 418 419 42 420 422 423 426 428 429 43 433 434 436 438 439 441 443 445 446 448 45 450 452 460 471 476 485 492 501 506 508 51 53 56 57 63 68 7 73 76 87 9 97,146,,1,8,1
puc-cc9-2p-seed-r1,170,27.0,27,105 123 130 157 158 16 160 163 23 244 255 269 279 306 320 332 350 355 421 424 444 454 491 497 59 69 70,22,"1,2,1,3,1,1,2,1,1,1,1,1,1,1,1,1,1,1,1,1,1,2",0,106 107 108 109 113 119 121 129 132 133 134 135 138 139 146 147 149 152 156 159 161 162 166 167 168 169 171 172 173 177 179 180 181 183 186 188 19 194 195 2 209 21 215 225 227 228 229 233 24 242 243 245 249 258 260 263 268 275 277 280 284 287 293 297 3 300 305 309 31 311 314 316 322 323 327 328 33 330 331 336 337 339 340 341 344 348 35 351 353 356 36 361 362 363 368 37 370 371 373 375 377 380 385 387 388 389 39 390 394 396 402 404 405 407 410 411 416 417 418 419 42 420 422 423 426 428 429 43 433 434 436 438 439 441 443 445 446 448 45 450 452 460 465 471 476 481 485 492 498 499 501 505 506 508 51 53 56 57 63 68 7 73 76 87 9 97,166,,1,8,1
puc-cc9-2p-seed-r1,171,27.0,27,103 104 123 130 157 158 16 160 163 169 181 183 193 233 244 255 269 306 320 332 339 350 400 444 454 497 59,21,"2,2,1,3,1,1,2,2,1,1,1,1,1,1,1,1,1,1,1,1,1",0,108 113 119 129 132 133 134 135 138 139 146 147 149 152 156 159 161 162 166 167 168 171 172 173 177 179 180 182 184 186 188 189 191 194 195 2 209 215 225 227 228 229 23 242 243 245 247 249 258 260 268 284 3 300 305 309 311 314 316 322 323 328 330 331 336 337 340 348 35 353 356 36 362 363 368 37 370 371 373 377 380 385 387 388 39 390 394 396 402 404 405 407 410 411 416 418 419 420 421 426 428 433 434 436 438 439 441 443 445 446 448 450 452 460 465 476 481 492 498 499 501 505 506 508 51 53 56 63 68 76,130,,1,9,1
puc-cc9-2p-seed-r1,172,27.0,27,103 104 123 130 157 158 16 160 163 169 181 183 193 244 255 269 306 320 332 339 350 361 400 444 454 497 59,22,"2,2,1,3,1,1,1,2,1,1,1,1,1,1,1,1,1,1,1,1,1,1",0,105 108 113 119 129 132 133 134 135 137 138 139 146 147 149 152 156 159 161 162 166 167 168 170 171 172 173 177 179 180 182 184 185 186 188 189 191 194 195 2 209 215 225 227 228 229 23 233 242 243 245 247 249 258 260 268 284 297 3 300 305 309 311 314 316 322 323 328 33 330 331 336 337 340 348 35 353 356 36 362 363 368 37 370 371 373 377 380 385 387 388 39 390 394 396 402 404 405 407 410 411 416 418 419 42 420 421 425 426 428 43 433 434 436 438 439 441 443 445 446 448 45 450 452 460 465 476 481 492 498 499 501 505 506 508 51 53 56 57 63 68 76 9,143,,1,10,1
puc-cc9-2p-seed-r1,173,27.0,27,103 104 123 130 157 158 16 160 163 169 181 183 193 233 244 255 269 280 306 332 339 350 400 444 454 497 59,21,"2,2,1,3,1,1,2,2,1,1,1,1,1,1,1,1,1,1,1,1,1",0,108 113 119 129 132 133 134 135 138 139 146 147 149 152 156 159 161 162 166 167 168 171 172 173 177 179 180 182 184 186 188 189 191 194 195 2 209 215 225 227 228 229 23 242 243 245 247 249 258 260 268 284 3 300 305 309 311 314 316 322 323 328 330 331 336 337 340 348 35 353 356 36 362 363 368 37 370 371 373 377 380 385 387 388 39 390 394 396 402 404 405 407 410 411 416 418 419 420 421 426 428 433 434 436 438 439 441 443 445 446 448 450 452 460 465 476 481 492 498 499 501 505 506 508 51 53 56 63 68 76,130,,1,9,1
puc-cc9-2p-seed-r1,174,27.0,27,103 104 123 130 157 158 16 160 163 169 181 183 193 233 244 255 269 280 332 339 34 350 400 443 444 454 497,21,"2,1,1,3,1,1,2,2,1,1,1,1,1,1,1,1,1,1,2,1,1",0,108 113 119 129 132 133 134 135 138 139 146 147 149 152 155 156 159 161 162 166 167 168 171 172 173 177 179 180 182 184 185 186 188 189 191 194 195 2 209 215 225 227 228 229 23 242 243 245 247 249 251 258 260 268 283 284 299 3 300 305 307 309 311 313 314 316 319 322 323 328 330 331 336 337 340 348 35 353 356 36 362 363 368 37 370 371 373 377 379 380 385 387 388 39 390 394 396 402 404 405 407 410 411 416 418 419 420 421 426 427 428 433 434 435 436 438 439 441 445 446 447 448 450 452 460 465 476 481 492 498 499 501 505 506 507 508 51 53 56 59 63 68 76,143,,1,11,1
puc-cc9-2p-seed-r1,175,27.0,27,103 104 123 130 157 158 16 160 163 169 181 183 193 233 244 255 269 280 306 332 339 350 424 444 454 497 59,21,"2,2,1,3,1,1,2,2,1,1,1,1,1,1,1,1,1,1,1,1,1",0,108 113 119 129 132 133 134 135 138 139 146 147 149 152 156 159 161 162 166 167 168 171 172 173 177 179 180 182 184 186 188 189 191 194 195 2 209 215 225 227 228 229 23 242 243 245 247 249 258 260 268 284 3 300 305 309 311 314 316 322 323 328 330 331 336 337 340 348 35 353 356 36 362 363 368 37 370 371 373 377 380 385 387 388 39 390 394 396 402 404 405 407 410 411 416 418 419 420 421 426 428 433 434 436 438 439 441 443 445 446 448 450 452 460 465 476 481 492 498 499 501 505 506 508 51 53 56 63 68 76,130,,1,9,1
puc-cc9-2p-seed-r1,176,27.0,27,103 104 123 130 157 158 16 160 163 169 181 183 193 233 244 255 269 280 306 332 339 350 410 424 454 497 59,21,"2,2,1,3,1,1,2,2,1,1,1,1,1,1,1,1,1,1,1,1,1",0,108 113 119 129 132 133 134 135 138 139 146 147 149 152 154 156 159 161 162 166 167 168 171 172 173 177 179 180 182 184 186 189 191 194 195 2 209 215 225 227 228 229 23 242 243 245 247 249 258 260 268 282 284 3 300 305 309 311 314 322 323 328 330 331 336 337 340 348 35 353 356 36 362 363 368 37 370 371 373 377 380 385 387 388 39 390 394 396 402 404 405 407 409 411 414 416 418 419 420 421 426 433 434 438 439 441 444 445 446 450 452 460 465 474 476 481 492 498 499 501 505 506 51 53 56 63 68 76,128,,1,9,1
puc-cc9-2p-seed-r1,177,27.0,27,103 104 123 130 157 158 16 160 163 169 181 183 193 233 244 255 269 280 306 332 339 350 424 443 444 454 497,21,"2,1,1,3,1,1,2,2,1,1,1,1,1,1,1,1,1,1,2,1,1",0,108 113 119 129 132 133 134 135 138 139 146 147 149 152 155 156 159 161 162 166 167 168 171 172 173 177 179 180 182 184 185 186 188 189 191 194 195 2 209 215 225 227 228 229 23 242 243 245 247 249 251 258 260 268 283 284 299 3 300 305 307 309 311 313 314 316 319 322 323 328 330 331 336 337 340 348 35 353 356 36 362 363 368 37 370 371 373 377 379 380 385 387 388 39 390 394 396 402 404 405 407 410 411 416 418 419 420 421 426 427 428 433 434 435 436 438 439 441 445 446 447 448 450 452 460 465 476 481 492 498 499 501 505 506 507 508 51 53 56 59 63 68 76,143,,1,11,1
puc-cc9-2p-seed-r1,178,27.0,27,103 104 123 130 157 158 16 160 163 169 181 183 193 233 244 255 269 280 306 332 339 350 410 424 443 454 497,22,"2,1,1,3,1,1,2,2,1,1,1,1,1,1,1,1,1,1,1,1,1,1",0,108 113 119 129 132 133 134 135 138 139 146 147 149 152 154 155 156 159 161 162 166 167 168 171 172 173 177 179 180 182 184 185 186 188 189 191 194 195 2 209 215 225 227 228 229 23 242 243 245 247 249 251 258 260 268 282 283 284 299 3 300 305 307 309 311 313 314 316 319 322 323 328 330 331 336 337 340 348 35 353 356 36 362 363 368 37 370 371 373 377 379 380 385 387 388 39 390 394 396 402 404 405 407 409 411 414 416 418 419 420 421 426 427 433 434 435 438 439 441 444 445 446 447 450 452 460 465 474 476 481 492 498 499 501 505 506 507 51 53 56 59 63 68 76,144,,1,11,1
puc-cc9-2p-seed-r1,179,27.0,27,103 104 123 130 157 158 16 160 163 169 181 183 193 233 244 255 269 280 306 332 339 350 410 424 443 497 502,22,"2,1,1,3,1,1,2,2,1,1,1,1,1,1,1,1,1,1,1,1,1,1",0,108 113 119 129 132 133 134 135 138 139 146 147 149 152 154 155 156 159 161 162 166 167 168 171 172 173 177 179 180 182 184 185 186 188 189 191 194 195 2 209 215 225 227 228 229 23 242 243 245 247 249 251 258 260 268 282 283 284 299 3 300 305 307 309 311 313 314 316 319 322 323 328 330 331 336 337 340 348 35 353 356 36 362 363 368 37 370 371 373 377 379 380 385 387 388 39 390 394 396 402 404 405 407 409 411 414 416 418 419 420 421 426 427 433 434 435 438 439 441 444 445 446 447 450 452 460 465 474 476 481 492 498 499 501 505 506 507 51 53 56 59 63 68 76,144,,1,11,1
puc-cc9-2p-seed-r1,180,27.0,27,103 104 123 130 157 158 16 160 163 169 181 183 193 233 244 255 269 280 306 332 339 350 410 424 497 502 59,21,"2,2,1,3,1,1,2,2,1,1,1,1,1,1,1,1,1,1,1,1,1",0,108 113 119 129 132 133 134 135 138 139 146 147 149 152 154 156 159 161 162 166 167 168 171 172 173 177 179 180 182 184 186 189 191 194 195 2 209 215 225 227 228 229 23 242 243 245 247 249 258 260 268 282 284 3 300 305 309 311 314 322 323 328 330 331 336 337 340 348 35 353 356 36 362 363 368 37 370 371 373 377 380 385 387 388 39 390 394 396 402 404 405 407 409 411 414 416 418 419 420 421 426 433 434 438 439 441 444 445 446 450 452 460 465 474 476 481 492 498 499 501 505 506 51 53 56 63 68 76,128,,1,9,1
puc-cc9-2p-seed-r1,181,27.0,27,105 123 130 157 158 16 160 163 193 23 233 244 269 279 306 320 332 350 355 400 421 444 454 495 497 59 70,22,"2,2,1,3,1,1,1,2,1,1,1,1,1,1,1,1,1,1,1,1,1,1",0,108 113 119 129 132 133 134 135 138 139 146 147 149 152 156 159 161 162 166 167 168 171 172 173 177 179 180 181 183 186 188 19 194 195 2 209 21 215 225 227 228 229 24 242 243 245 249 258 260 263 268 275 277 280 284 287 293 3 300 305 309 31 311 314 316 322 323 327 328 330 331 336 337 339 340 341 344 348 35 351 353 356 36 362 363 368 37 370 371 373 375 377 380 385 387 388 389 39 390 394 396 402 404 405 407 410 411 416 417 418 419 420 422 423 426 428 429 433 434 436 438 439 441 443 445 446 448 450 452 460 465 471 476 481 485 492 498 499 501 505 506 508 51 53 56 63 68 7 76 87,150,,1,7,1
puc-cc9-2p-seed-r1,182,27.0,27,105 123 130 157 158 16 160 163 193 23 244 269 279 306 320 332 350 355 361 400 421 444 454 495 497 59 70,22,"2,2,1,3,1,1,1,2,1,1,1,1,1,1,1,1,1,1,1,1,1,1",0,108 113 119 129 132 133 134 135 138 139 146 147 149 152 156 159 161 162 166 167 168 171 172 173 177 179 180 181 183 186 188 19 194 195 2 209 21 215 225 227 228 229 24 242 243 245 249 258 260 263 268 275 277 280 284 287 293 3 300 305 309 31 311 314 316 322 323 327 328 330 331 336 337 339 340 341 344 348 35 351 353 356 36 362 363 368 37 370 371 373 375 377 380 385 387 388 389 39 390 394 396 402 404 405 407 410 411 416 417 418 419 420 422 423 426 428 429 433 434 436 438 439 441 443 445 446 448 450 452 460 465 471 476 481 485 492 498 499 501 505 506 508 51 53 56 63 68 7 76 87,150,,1,7,1
puc-cc9-2p-seed-r1,183,27.0,27,105 123 130 157 158 16 160 163 193 23 244 255 269 279 306 320 332 350 355 361 400 421 444 454 497 59 70,22,"2,2,1,3,1,1,1,2,1,1,1,1,1,1,1,1,1,1,1,1,1,1",0,108 113 119 129 132 133 134 135 138 139 146 147 149 152 156 159 161 162 166 167 168 171 172 173 177 179 180 181 183 186 188 19 194 195 2 209 21 215 225 227 228 229 24 242 243 245 249 258 260 263 268 275 277 280 284 287 293 3 300 305 309 31 311 314 316 322 323 327 328 330 331 336 337 339 340 341 344 348 35 351 353 356 36 362 363 368 37 370 371 373 375 377 380 385 387 388 389 39 390 394 396 402 404 405 407 410 411 416 417 418 419 420 422 423 426 428 429 433 434 436 438 439 441 443 445 446 448 450 452 460 465 471 476 481 485 492 498 499 501 505 506 508 51 53 56 63 68 7 76 87,150,,1,7,1
puc-cc9-2p-seed-r1,184,27.0,27,105 123 130 157 158 16 160 163 193 23 233 244 255 269 279 306 320 332 350 355 400 421 444 454 497 59 70,22,"2,2,1,3,1,1,1,2,1,1,1,1,1,1,1,1,1,1,1,1,1,1",0,108 113 119 129 132 133 134 135 138 139 146 147 149 152 156 159 161 162 166 167 168 171 172 173 177 179 180 181 183 186 188 19 194 195 2 209 21 215 225 227 228 229 24 242 243 245 249 258 260 263 268 275 277 280 284 287 293 3 300 305 309 31 311 314 316 322 323 327 328 330 331 336 337 339 340 341 344 348 35 351 353 356 36 362 363 368 37 370 371 373 375 377 380 385 387 388 389 39 390 394 396 402 404 405 407 410 411 416 417 418 419 420 422 423 426 428 429 433 434 436 438 439 441 443 445 446 448 450 452 460 465 471 476 481 485 492 498 499 501 505 506 508 51 53 56 63 68 7 76 87,150,,1,7,1
puc-cc9-2p-seed-r1,185,27.0,27,105 123 130 157 158 16 160 163 193 23 244 255 269 306 320 332 339 350 355 361 400 421 444 454 497 59 70,23,"2,2,1,3,1,1,1,1,1,1,1,1,1,1,1,1,1,1,1,1,1,1,1",0,108 113 119 129 132 133 134 135 138 139 146 147 149 152 156 159 161 162 166 167 168 171 172 173 177 179 180 181 183 186 188 19 194 195 2 209 21 215 225 227 228 229 24 242 243 245 249 258 260 268 279 284 293 3 300 305 309 31 311 314 316 322 323 328 330 331 336 337 340 348 35 353 356 36 362 363 368 37 370 371 373 377 380 385 387 388 389 39 390 394 396 402 404 405 407 410 411 416 417 418 419 420 422 423 426 428 429 433 434 436 438 439 441 443 445 446 448 450 452 460 465 476 481 485 492 498 499 501 505 506 508 51 53 56 63 68 7 76 87,139,,1,9,1
puc-cc9-2p-seed-r1,186,27.0,27,105 123 130 157 158 16 160 163 193 23 244 255 269 279 320 332 34 350 355 400 421 425 444 454 497 59 70,23,"1,2,1,3,1,1,1,2,1,1,1,1,1,1,1,1,1,1,1,1,1,1,1",0,106 107 108 109 113 119 121 129 132 133 134 135 138 139 146 147 149 152 156 159 161 162 166 167 168 169 171 172 173 177 179 180 181 183 186 188 19 194 195 2 209 21 215 225 227 228 229 233 24 242 243 245 249 258 260 263 268 275 277 280 284 287 293 297 3 300 305 309 31 311 314 316 322 323 327 328 33 330 331 336 337 339 340 341 344 348 35 351 353 356 36 361 362 363 368 37 370 371 373 375 377 380 385 387 388 389 39 390 394 396 402 404 405 407 410 411 416 417 418 419 42 420 422 423 426 428 429 43 433 434 436 438 439 441 443 445 446 448 45 450 452 460 465 471 476 481 485 492 498 499 501 505 506 508 51 53 56 57 63 68 7 73 76 87 9 97,166,,1,8,1
puc-cc9-2p-seed-r1,187,27.0,27,105 123 130 157 158 16 160 163 193 23 244 255 269 279 320 332 34 350 355 361 400 421 443 444 454 497 70,22,"2,1,1,3,1,1,1,2,1,1,1,1,1,1,1,1,1,1,2,1,1,1",0,108 113 119 129 132 133 134 135 138 139 146 147 149 152 155 156 159 161 162 166 167 168 171 172 173 177 179 180 181 183 185 186 188 19 191 194 195 2 209 21 215 225 227 228 229 24 242 243 245 249 251 258 260 263 268 275 277 280 283 284 287 293 299 3 300 305 307 309 31 311 313 314 316 319 322 323 327 328 330 331 336 337 339 340 341 344 348 35 351 353 356 36 362 363 368 37 370 371 373 375 377 379 380 385 387 388 389 39 390 394 396 402 404 405 407 410 411 416 417 418 419 420 422 423 426 427 428 429 433 434 435 436 438 439 441 445 446 447 448 450 452 460 465 471 476 481 485 492 498 499 501 505 506 507 508 51 53 56 59 63 68 7 76 87,164,,1,9,1
puc-cc9-2p-seed-r1,188,27.0,27,105 123 130 157 158 16 160 163 193 23 244 255 269 279 320 332 34 350 355 361 400 410 421 443 454 497 70,23,"2,1,1,3,1,1,1,2,1,1,1,1,1,1,1,1,1,1,1,1,1,1,1",0,108 113 119 129 132 133 134 135 138 139 146 147 149 152 154 155 156 159 161 162 166 167 168 171 172 173 177 179 180 181 183 185 186 188 19 191 194 195 2 209 21 215 225 227 228 229 24 242 243 245 249 251 258 260 263 268 275 277 280 282 283 284 287 293 299 3 300 305 307 309 31 311 313 314 316 319 322 323 327 328 330 331 336 337 339 340 341 344 348 35 351 353 356 36 362 363 368 37 370 371 373 375 377 379 380 385 387 388 389 39 390 394 396 402 404 405 407 409 411 414 416 417 418 419 420 422 423 426 427 429 433 434 435 438 439 441 444 445 446 447 450 452 460 465 471 474 476 481 485 492 498 499 501 505 506 507 51 53 56 59 63 68 7 76 87,165,,1,9,1
puc-cc9-2p-seed-r1,189,27.0,27,105 123 130 157 158 16 160 163 193 23 244 255 269 279 320 332 34 350 355 361 421 424 443 444 454 497 70,22,"2,1,1,3,1,1,1,2,1,1,1,1,1,1,1,1,1,1,2,1,1,1",0,108 113 119 129 132 133 134 135 138 139 146 147 149 152 155 156 159 161 162 166 167 168 171 172 173 177 179 180 181 183 185 186 188 19 191 194 195 2 209 21 215 225 227 228 229 24 242 243 245 249 251 258 260 263 268 275 277 280 283 284 287 293 299 3 300 305 307 309 31 311 313 314 316 319 322 323 327 328 330 331 336 337 339 340 341 344 348 35 351 353 356 36 362 363 368 37 370 371 373 375 377 379 380 385 387 388 389 39 390 394 396 402 404 405 407 410 411 416 417 418 419 420 422 423 426 427 428 429 433 434 435 436 438 439 441 445 446 447 448 450 452 460 465 471 476 481 485 492 498 499 501 505 506 507 508 51 53 56 59 63 68 7 76 87,164,,1,9,1
puc-cc9-2p-seed-r1,190,27.0,27,105 123 130 157 158 16 160 163 193 23 244 255 269 279 320 332 34 350 355 361 410 421 424 443 454 497 70,23,"2,1,1,3,1,1,1,2,1,1,1,1,1,1,1,1,1,1,1,1,1,1,1",0,108 113 119 129 132 133 134 135 138 139 146 147 149 152 154 155 156 159 161 162 166 167 168 171 172 173 177 179 180 181 183 185 186 188 19 191 194 195 2 209 21 215 225 227 228 229 24 242 243 245 249 251 258 260 263 268 275 277 280 282 283 284 287 293 299 3 300 305 307 309 31 311 313 314 316 319 322 323 327 328 330 331 336 337 339 340 341 344 348 35 351 353 356 36 362 363 368 37 370 371 373 375 377 379 380 385 387 388 389 39 390 394 396 402 404 405 407 409 411 414 416 417 418 419 420 422 423 426 427 429 433 434 435 438 439 441 444 445 446 447 450 452 460 465 471 474 476 481 485 492 498 499 501 505 506 507 51 53 56 59 63 68 7 76 87,165,,1,9,1
puc-cc9-2p-seed-r1,191,27.0,27,105 123 130 157 158 16 160 163 193 23 244 255 269 279 320 332 34 350 355 361 400 410 421 443 497 502 70,23,"2,1,1,3,1,1,1,2,1,1,1,1,1,1,1,1,1,1,1,1,1,1,1",0,108 113 119 129 132 133 134 135 138 139 146 147 149 152 154 155 156 159 161 162 166 167 168 171 172 173 177 179 180 181 183 185 186 188 19 191 194 195 2 209 21 215 225 227 228 229 24 242 243 245 249 251 258 260 263 268 275 277 280 282 283 284 287 293 299 3 300 305 307 309 31 311 313 314 316 319 322 323 327 328 330 331 336 337 339 340 341 344 348 35 351 353 356 36 362 363 368 37 370 371 373 375 377 379 380 385 387 388 389 39 390 394 396 402 404 405 407 409 411 414 416 417 418 419 420 422 423 426 427 429 433 434 435 438 439 441 444 445 446 447 450 452 460 465 471 474 476 481 485 492 498 499 501 505 506 507 51 53 56 59 63 68 7 76 87,165,,1,9,1
puc-cc9-2p-seed-r1,192,27.0,27,105 123 130 157 158 16 160 163 193 23 244 255 269 279 320 332 34 350 355 361 410 421 424 443 497 502 70,23,"2,1,1,3,1,1,1,2,1,1,1,1,1,1,1,1,1,1,1,1,1,1,1",0,108 113 119 129 132 133 134 135 138 139 146 147 149 152 154 155 156 159 161 162 166 167 168 171 172 173 177 179 180 181 183 185 186 188 19 191 194 195 2 209 21 215 225 227 228 229 24 242 243 245 249 251 258 260 263 268 275 277 280 282 283 284 287 293 299 3 300 305 307 309 31 311 313 314 316 319 322 323 327 328 330 331 336 337 339 340 341 344 348 35 351 353 356 36 362 363 368 37 370 371 373 375 377 379 380 385 387 388 389 39 390 394 396 402 404 405 407 409 411 414 416 417 418 419 420 422 423 426 427 429 433 434 435 438 439 441 444 445 446 447 450 452 460 465 471 474 476 481 485 492 498 499 501 505 506 507 51 53 56 59 63 68 7 76 87,165,,1,9,1
puc-cc9-2p-seed-r1,193,27.0,27,105 123 130 157 158 16 160 163 193 23 244 255 269 279 320 332 34 350 355 400 421 444 454 490 497 59 70,23,"1,2,1,3,1,1,1,2,1,1,1,1,1,1,1,1,1,1,1,1,1,1,1",0,106 107 108 109 113 119 121 129 132 133 134 135 138 139 146 147 149 152 156 159 161 162 166 167 168 169 171 172 173 177 179 180 181 183 186 188 19 194 195 2 209 21 215 225 227 228 229 233 24 242 243 245 249 258 260 263 268 275 277 280 284 287 293 297 3 300 305 309 31 311 314 316 322 323 327 328 33 330 331 336 337 339 340 341 344 348 35 351 353 356 36 361 362 363 368 37 370 371 373 375 377 380 385 387 388 389 39 390 394 396 402 404 405 407 410 411 416 417 418 419 42 420 422 423 426 428 429 43 433 434 436 438 439 441 443 445 446 448 45 450 452 460 465 471 476 481 485 492 498 499 501 505 506 508 51 53 56 57 63 68 7 73 76 87 9 97,166,,1,8,1
puc-cc9-2p-seed-r1,194,27.0,27,105 123 130 157 158 16 160 163 193 23 244 255 269 279 320 332 34 350 355 400 421 425 443 444 454 497 70,23,"1,1,1,3,1,1,1,2,1,1,1,1,1,1,1,1,1,1,1,2,1,1,1",0,106 107 108 109 113 119 121 129 132 133 134 135 138 139 146 147 149 152 155 156 159 161 162 166 167 168 169 171 172 173 177 179 180 181 183 185 186 188 19 191 194 195 2 209 21 215 225 227 228 229 233 24 242 243 245 249 251 258 260 263 268 275 277 280 283 284 287 293 297 299 3 300 305 307 309 31 311 313 314 316 319 322 323 327 328 33 330 331 336 337 339 340 341 344 348 35 351 353 356 36 361 362 363 368 37 370 371 373 375 377 379 380 385 387 388 389 39 390 394 396 402 404 405 407 410 411 416 417 418 419 42 420 422 423 426 427 428 429 43 433 434 435 436 438 439 441 445 446 447 448 45 450 452 460 465 471 476 481 485 492 498 499 501 505 506 507 508 51 53 56 57 59 63 68 7 73 76 87 9 97,180,,1,10,1
puc-cc9-2p-seed-r1,195,27.0,27,105 123 130 157 158 16 160 163 193 23 244 255 269 279 320 332 34 350 355 400 421 443 444 454 490 497 70,23,"1,1,1,3,1,1,1,2,1,1,1,1,1,1,1,1,1,1,2,1,1,1,1",0,106 107 108 109 113 119 121 129 132 133 134 135 138 139 146 147 149 152 155 156 159 161 162 166 167 168 169 171 172 173 177 179 180 181 183 185 186 188 19 191 194 195 2 209 21 215 225 227 228 229 233 24 242 243 245 249 251 258 260 263 268 275 277 280 283 284 287 293 297 299 3 300 305 307 309 31 311 313 314 316 319 322 323 327 328 33 330 331 336 337 339 340 341 344 348 35 351 353 356 36 361 362 363 368 37 370 371 373 375 377 379 380 385 387 388 389 39 390 394 396 402 404 405 407 410 411 416 417 418 419 42 420 422 423 426 427 428 429 43 433 434 435 436 438 439 441 445 446 447 448 45 450 452 460 465 471 476 481 485 492 498 499 501 505 506 507 508 51 53 56 57 59 63 68 7 73 76 87 9 97,180,,1,10,1
puc-cc9-2p-seed-r1,196,27.0,27,105 123 130 157 158 16 160 163 193 23 244 255 269 279 320 332 34 350 355 400 421 443 444 454 457 497 70,23,"1,1,1,3,1,1,1,2,1,1,1,1,1,1,1,1,1,1,2,1,1,1,1",0,106 107 108 109 113 119 121 129 132 133 134 135 138 139 146 147 149 152 155 156 159 161 162 166 167 168 169 171 172 173 177 179 180 181 183 185 186 188 19 191 194 195 2 209 21 215 225 227 228 229 233 24 242 243 245 249 251 258 260 263 268 275 277 280 283 284 287 293 297 299 3 300 305 307 309 31 311 313 314 316 319 322 323 327 328 33 330 331 336 337 339 340 341 344 348 35 351 353 356 36 361 362 363 368 37 370 371 373 375 377 379 380 385 387 388 389 39 390 394 396 402 404 405 407 410 411 416 417 418 419 42 420 422 423 426 427 428 429 43 433 434 435 436 438 439 441 445 446 447 448 45 450 452 460 465 471 476 481 485 492 498 499 501 505 506 507 508 51 53 56 57 59 63 68 7 73 76 87 9 97,180,,1,10,1
puc-cc9-2p-seed-r1,197,27.0,27,105 123 130 157 158 16 160 163 193 23 244 255 269 279 320 332 34 350 355 400 421 443 444 454 481 497 70,22,"1,1,1,3,1,1,1,2,1,1,1,1,1,1,1,1,1,1,2,1,2,1",0,106 107 108 109 119 121 129 132 133 134 135 138 139 146 147 149 152 155 156 159 161 162 166 167 168 169 171 172 173 179 180 181 183 185 186 188 19 191 194 195 2 21 215 227 228 229 233 24 251 258 260 263 268 275 277 280 283 284 287 293 297 299 3 300 307 309 31 311 313 314 316 319 322 323 327 328 33 330 331 336 339 340 341 344 348 35 351 356 36 361 362 363 368 37 375 379 380 385 387 388 389 39 390 394 396 402 404 405 407 410 411 416 417 418 419 42 420 422 423 426 427 428 429 43 433 434 435 436 438 439 441 445 446 447 448 45 450 452 460 471 476 485 492 501 506 507 508 51 53 56 57 59 63 68 7 73 76 87 9 97,160,,1,10,1
puc-cc9-2p-seed-r1,198,27.0,27,105 123 130 157 158 16 160 163 193 23 244 255 269 279 320 332 34 350 355 400 421 444 454 497 505 59 70,22,"1,2,1,3,1,1,1,2,1,1,1,1,1,1,1,1,1,1,1,1,2,1",0,106 107 108 109 119 121 129 132 133 134 135 138 139 146 147 149 152 156 159 161 162 166 167 168 169 171 172 173 179 180 181 183 186 188 19 194 195 2 21 215 227 228 229 233 24 258 260 263 268 275 277 280 284 287 293 297 3 300 309 31 311 314 316 322 323 327 328 33 330 331 336 339 340 341 344 348 35 351 356 36 361 362 363 368 37 375 380 385 387 388 389 39 390 394 396 402 404 405 407 410 411 416 417 418 419 42 420 422 423 426 428 429 43 433 434 436 438 439 441 443 445 446 448 45 450 452 460 471 476 485 492 501 506 508 51 53 56 57 63 68 7 73 76 87 9 97,146,,1,8,1
puc-cc9-2p-seed-r1,199,27.0,27,105 123 130 157 158 16 160 163 193 23 244 255 269 279 320 332 34 350 355 400 421 443 444 454 491 497 70,23,"1,1,1,3,1,1,1,2,1,1,1,1,1,1,1,1,1,1,2,1,1,1,1",0,106 107 108 109 113 119 121 129 132 133 134 135 138 139 146 147 149 152 155 156 159 161 162 166 167 168 169 171 172 173 177 179 180 181 183 185 186 188 19 191 194 195 2 209 21 215 225 227 228 229 233 24 242 243 245 249 251 258 260 263 268 275 277 280 283 284 287 293 297 299 3 300 305 307 309 31 311 313 314 316 319 322 323 327 328 33 330 331 336 337 339 340 341 344 348 35 351 353 356 36 361 362 363 368 37 370 371 373 375 377 379 380 385 387 388 389 39 390 394 396 402 404 405 407 410 411 416 417 418 419 42 420 422 423 426 427 428 429 43 433 434 435 436 438 439 441 445 446 447 448 45 450 452 460 465 471 476 481 485 492 498 499 501 505 506 507 508 51 53 56 57 59 63 68 7 73 76 87 9 97,180,,1,10,1
