11 arquivo(s) encontrados em inputs

================================================================================
Arquivo: Barcelona_n930_m2522_st_25.txt
================================================================================

[Barcelona_n930_m2522_st_25.txt] ===== R = 5 =====
Set parameter Username
Academic license - for non-commercial use only - expires 2026-08-17
Set parameter TimeLimit to value 3600
Gurobi Optimizer version 12.0.3 build v12.0.3rc0 (linux64 - "Linux Mint 22.1")

CPU model: 13th Gen Intel(R) Core(TM) i5-13420H, instruction set [SSE2|AVX|AVX2]
Thread count: 12 physical cores, 12 logical processors, using up to 12 threads

Non-default parameters:
TimeLimit  3600

Optimize a model with 2790 rows, 33578 columns and 132452 nonzeros
Model fingerprint: 0xb2712960
Variable types: 0 continuous, 33578 integer (930 binary)
Coefficient statistics:
  Matrix range     [1e+00, 2e+01]
  Objective range  [1e+00, 1e+00]
  Bounds range     [1e+00, 1e+00]
  RHS range        [1e+00, 1e+00]
Found heuristic solution: objective 206.0000000
Presolve added 64 rows and 21 columns
Presolve time: 0.11s
Presolved: 2854 rows, 33599 columns, 123259 nonzeros
Variable types: 0 continuous, 33599 integer (925 binary)
Deterministic concurrent LP optimizer: primal and dual simplex
Showing primal log only...

Concurrent spin time: 0.00s

Solved with primal simplex

Root relaxation: objective 2.080000e+00, 6626 iterations, 0.12 seconds (0.18 work units)

    Nodes    |    Current Node    |     Objective Bounds      |     Work
 Expl Unexpl |  Obj  Depth IntInf | Incumbent    BestBd   Gap | It/Node Time

     0     0    2.08000    0   26  206.00000    2.08000  99.0%     -    0s
H    0     0                      27.0000000    2.08000  92.3%     -    0s
H    0     0                      26.0000000    2.08000  92.0%     -    0s
H    0     0                      24.0000000    2.08000  91.3%     -    0s
H    0     0                      23.0000000    2.08000  91.0%     -    0s
H    0     0                      22.0000000    2.08000  90.5%     -    0s
H    0     0                      18.0000000    2.08000  88.4%     -    1s
H    0     0                      17.0000000    2.08000  87.8%     -    1s
H    0     0                      16.0000000    2.08000  87.0%     -    1s
     0     0    7.79969    0  121   16.00000    7.79969  51.3%     -    2s
     0     0    8.45133    0   68   16.00000    8.45133  47.2%     -    2s
     0     0    8.45281    0   73   16.00000    8.45281  47.2%     -    2s
     0     0    9.52643    0  135   16.00000    9.52643  40.5%     -    3s
     0     0   10.26103    0  148   16.00000   10.26103  35.9%     -    3s
     0     0   10.26103    0  153   16.00000   10.26103  35.9%     -    3s
     0     0   10.46208    0  232   16.00000   10.46208  34.6%     -    4s
     0     0   10.55609    0  212   16.00000   10.55609  34.0%     -    5s
     0     0   10.55664    0  190   16.00000   10.55664  34.0%     -    5s
     0     0   11.27032    0  145   16.00000   11.27032  29.6%     -    6s
     0     0   11.29204    0  134   16.00000   11.29204  29.4%     -    6s
     0     0   11.29204    0  137   16.00000   11.29204  29.4%     -    6s
     0     0   11.35298    0  207   16.00000   11.35298  29.0%     -    6s
     0     0   11.70597    0  185   16.00000   11.70597  26.8%     -    7s
     0     0   11.71040    0  194   16.00000   11.71040  26.8%     -    7s
     0     0   11.71040    0  172   16.00000   11.71040  26.8%     -    7s
     0     0   11.71965    0  189   16.00000   11.71965  26.8%     -    7s
     0     0   12.14512    0  181   16.00000   12.14512  24.1%     -    8s
     0     0   12.14512    0  181   16.00000   12.14512  24.1%     -    8s
     0     0   12.14512    0  202   16.00000   12.14512  24.1%     -    9s
     0     0   12.14512    0  190   16.00000   12.14512  24.1%     -   10s
     0     0   12.14512    0  217   16.00000   12.14512  24.1%     -   10s
     0     0   12.14512    0  203   16.00000   12.14512  24.1%     -   10s
     0     0   12.14512    0   92   16.00000   12.14512  24.1%     -   11s
     0     0   12.14684    0  180   16.00000   12.14684  24.1%     -   12s
     0     0   12.16000    0  163   16.00000   12.16000  24.0%     -   13s
     0     0   12.16000    0   71   16.00000   12.16000  24.0%     -   13s
     0     2   12.16000    0   54   16.00000   12.16000  24.0%     -   14s
     3     8   12.16000    2   39   16.00000   12.16000  24.0%  2059   15s
    39    60   13.04000    6   78   16.00000   12.16000  24.0%  2865   21s
    91   126   12.16345    7  160   16.00000   12.16000  24.0%  1549   25s
   213   221   12.40000   17  164   16.00000   12.16000  24.0%   941   30s
   318   342   12.49032   21  171   16.00000   12.16000  24.0%   832   35s
   465   461   12.59993   25  161   16.00000   12.16345  24.0%   685   40s
   561   547   12.64286   43  131   16.00000   12.16487  24.0%   659   46s
   634   620   12.67994   47  125   16.00000   12.16487  24.0%   634   50s
   738   729   12.72000   51   66   16.00000   12.16487  24.0%   585   55s
   824   803   12.72000   55   77   16.00000   12.16487  24.0%   560   61s
   893   876   12.72000   58   77   16.00000   12.16487  24.0%   538   65s
   968   985   12.72000   61   67   16.00000   12.16487  24.0%   520   71s
  1124  1167   12.72000   64   65   16.00000   12.16487  24.0%   478   76s
  1316  1422   12.72056   66  104   16.00000   12.16487  24.0%   445   80s
  1798  1920   12.73343   69   97   16.00000   12.16487  24.0%   378   85s
  2396  2461   12.96253   83  132   16.00000   12.16487  24.0%   329   92s
  2826  2841   13.33613  116  136   16.00000   12.16551  24.0%   313   97s
  3189  3009   13.56125   87   71   16.00000   12.16551  24.0%   307  101s
  3193  3012   13.16343    9  207   16.00000   12.16551  24.0%   307  105s
  3196  3014   13.47040   88  163   16.00000   12.16551  24.0%   306  110s
  3200  3016   13.57055   53  252   16.00000   12.16551  24.0%   306  116s
  3202  3018   13.77590  235  326   16.00000   12.16551  24.0%   306  121s
  3204  3019   13.59098   61  296   16.00000   12.27053  23.3%   305  125s
  3207  3021   14.09594   59  372   16.00000   12.37335  22.7%   305  131s
  3208  3022   13.60359   44  352   16.00000   12.43489  22.3%   305  135s
  3211  3024   14.88603  272  374   16.00000   12.80308  20.0%   305  140s
  3214  3026   13.32460   17  379   16.00000   13.03221  18.5%   305  148s
  3215  3026   14.88603  270  362   16.00000   13.03221  18.5%   304  150s
  3218  3028   13.55041   55  327   16.00000   13.41593  16.2%   304  156s
  3222  3031   13.99267  266  361   16.00000   13.44688  16.0%   304  160s
  3226  3034   13.71826  117  354   16.00000   13.71826  14.3%   303  166s
  3229  3036   14.46195   85  393   16.00000   13.72369  14.2%   303  170s
  3233  3038   13.75322   34  386   16.00000   13.75322  14.0%   303  175s
  3238  3042   13.77282   41  344   16.00000   13.77282  13.9%   302  181s
  3242  3044   13.83261  138  358   16.00000   13.83261  13.5%   302  187s
  3246  3047   13.83261   56  302   16.00000   13.83261  13.5%   302  190s
  3250  3050   14.51680   41  314   16.00000   13.89379  13.2%   301  196s
  3254  3052   14.18064   82  384   16.00000   13.90171  13.1%   301  201s
  3258  3055   13.94880   57  402   16.00000   13.94880  12.8%   300  207s
  3260  3056   13.95379  102  489   16.00000   13.95379  12.8%   300  210s
  3264  3059   14.93782   88  506   16.00000   13.99358  12.5%   300  216s
  3267  3061   14.02821   31  454   16.00000   14.02821  12.3%   300  220s
  3274  3067   14.07479  163   20   16.00000   14.07479  12.0%   454  225s
  3279  3071   14.16065    8  217   16.00000   14.16065  11.5%   454  230s
  3282  3073   14.16194   31  395   16.00000   14.16194  11.5%   453  235s
  3285  3075   14.28443  219  427   16.00000   14.17208  11.4%   453  241s
  3288  3077   14.42195   74  513   16.00000   14.20939  11.2%   453  245s
  3291  3079   14.20939   36  427   16.00000   14.20939  11.2%   452  250s
  3300  3086   14.23945   53  197   16.00000   14.23945  11.0%   488  255s
  3304  3089   14.39954   61  300   16.00000   14.39954  10.0%   488  260s
  3314  3097   14.49327   17  271   16.00000   14.49327  9.42%   499  265s

Cutting planes:
  Gomory: 4
  Cover: 62
  Implied bound: 27
  Projected implied bound: 4
  Dual implied bound: 1
  Clique: 16
  MIR: 38
  StrongCG: 8
  Flow cover: 154
  Flow path: 5
  GUB cover: 7
  Zero half: 13
  Network: 9
  Relax-and-lift: 10

Explored 3326 nodes (1788823 simplex iterations) in 270.00 seconds (368.91 work units)
Thread count was 12 (of 12 available processors)

Solution count 9: 16 17 18 ... 206

Optimal solution found (tolerance 1.00e-04)
Best objective 1.600000000000e+01, best bound 1.600000000000e+01, gap 0.0000%

User-callback calls 37221, time in user-callback 0.27 sec
Série salva em: plots/Barcelona_n930_m2522_st_25.txt__R5__timeseries.csv
Gráfico salvo em: plots/Barcelona_n930_m2522_st_25.txt__R5__lb_ub.png

================================================================================
Arquivo: Barcelona_n930_m2522_st_50.txt
================================================================================

[Barcelona_n930_m2522_st_50.txt] ===== R = 6 =====
Set parameter TimeLimit to value 3600
Gurobi Optimizer version 12.0.3 build v12.0.3rc0 (linux64 - "Linux Mint 22.1")

CPU model: 13th Gen Intel(R) Core(TM) i5-13420H, instruction set [SSE2|AVX|AVX2]
Thread count: 12 physical cores, 12 logical processors, using up to 12 threads

Non-default parameters:
TimeLimit  3600

Optimize a model with 2790 rows, 49283 columns and 195272 nonzeros
Model fingerprint: 0xdeae35e6
Variable types: 0 continuous, 49283 integer (930 binary)
Coefficient statistics:
  Matrix range     [1e+00, 5e+01]
  Objective range  [1e+00, 1e+00]
  Bounds range     [1e+00, 1e+00]
  RHS range        [1e+00, 1e+00]
Found heuristic solution: objective 214.0000000
Presolve added 421 rows and 365 columns
Presolve time: 0.11s
Presolved: 3211 rows, 49648 columns, 136809 nonzeros
Variable types: 0 continuous, 49648 integer (928 binary)
Deterministic concurrent LP optimizer: primal and dual simplex
Showing primal log only...

Concurrent spin time: 0.00s

Solved with primal simplex

Root relaxation: objective 4.000000e-01, 8601 iterations, 0.17 seconds (0.22 work units)

    Nodes    |    Current Node    |     Objective Bounds      |     Work
 Expl Unexpl |  Obj  Depth IntInf | Incumbent    BestBd   Gap | It/Node Time

     0     0    0.40000    0   20  214.00000    0.40000   100%     -    0s
H    0     0                      20.0000000    0.40000  98.0%     -    0s
H    0     0                      19.0000000    0.40000  97.9%     -    0s
H    0     0                      18.0000000    0.40000  97.8%     -    0s
H    0     0                      17.0000000    0.40000  97.6%     -    0s
H    0     0                      16.0000000    0.40000  97.5%     -    0s
H    0     0                      15.0000000    0.40000  97.3%     -    0s
     0     0    5.31958    0   55   15.00000    5.31958  64.5%     -    3s
     0     0    5.37327    0  156   15.00000    5.37327  64.2%     -    4s
     0     0    5.39537    0  103   15.00000    5.39537  64.0%     -    4s
     0     0    6.26751    0  105   15.00000    6.26751  58.2%     -    4s
     0     0    6.26779    0  108   15.00000    6.26779  58.2%     -    4s
     0     0    6.26984    0  168   15.00000    6.26984  58.2%     -    5s
     0     0    6.27057    0  147   15.00000    6.27057  58.2%     -    5s
     0     0    6.27920    0  197   15.00000    6.27920  58.1%     -    6s
     0     0    6.28030    0  203   15.00000    6.28030  58.1%     -    6s
     0     0    7.22039    0  193   15.00000    7.22039  51.9%     -    7s
     0     0    7.22042    0  175   15.00000    7.22042  51.9%     -    7s
     0     0    7.24096    0  217   15.00000    7.24096  51.7%     -    8s
     0     0    7.24187    0  231   15.00000    7.24187  51.7%     -    9s
     0     0    7.26135    0  244   15.00000    7.26135  51.6%     -   10s
     0     0    7.26145    0  230   15.00000    7.26145  51.6%     -   10s
     0     0    7.26167    0  216   15.00000    7.26167  51.6%     -   11s
     0     0    7.26921    0  216   15.00000    7.26921  51.5%     -   11s
     0     0    7.26921    0  199   15.00000    7.26921  51.5%     -   11s
     0     0    7.27000    0  198   15.00000    7.27000  51.5%     -   11s
     0     0    7.27001    0  195   15.00000    7.27001  51.5%     -   13s
     0     0    8.19899    0  196   15.00000    8.19899  45.3%     -   14s
     0     0    8.19958    0  176   15.00000    8.19958  45.3%     -   15s
     0     0    8.20118    0  179   15.00000    8.20118  45.3%     -   16s
     0     0    8.20181    0  223   15.00000    8.20181  45.3%     -   17s
     0     0    8.20327    0  264   15.00000    8.20327  45.3%     -   18s
     0     0    8.20342    0  189   15.00000    8.20342  45.3%     -   18s
     0     2    8.20342    0  176   15.00000    8.20342  45.3%     -   21s
    15    28    8.25839    4  132   15.00000    8.21942  45.2%  1617   25s
    79    92    8.25916   16  228   15.00000    8.21999  45.2%   781   31s
   188   204    8.25979   21  171   15.00000    8.21999  45.2%   480   36s
   274   319    8.26052   27  179   15.00000    8.21999  45.2%   402   40s
   403   439    8.29423   35  111   15.00000    8.21999  45.2%   396   45s
   606   619    8.29801   53  179   15.00000    8.21999  45.2%   321   50s
   709   767    8.29991   59  129   15.00000    8.21999  45.2%   296   55s
   947   998    8.33720   99  117   15.00000    8.21999  45.2%   272   60s
  1143  1220    8.35685  122  170   15.00000    8.21999  45.2%   267   65s
  1377  1492    8.39489  146  154   15.00000    8.21999  45.2%   260   72s
  1613  1747    9.35583  159  126   15.00000    8.21999  45.2%   248   75s
  2108  2306   10.43878  197  130   15.00000    8.21999  45.2%   221   82s
  2407  2579   10.51721  236  114   15.00000    8.21999  45.2%   214   86s
  2847  3081   12.49837  280  111   15.00000    8.21999  45.2%   200   91s
  3250  3453   12.53800  307  118   15.00000    8.21999  45.2%   192   95s
  3482  3465   12.53878  333   98   15.00000    8.21999  45.2%   185  101s
  3494  3477   12.53879  334   97   15.00000    8.21999  45.2%   185  109s
  3506  3489   12.53879  335   97   15.00000    8.21999  45.2%   185  111s
  3530  3513   12.53879  337   96   15.00000    8.21999  45.2%   184  115s
  3554  3537   12.53879  339   96   15.00000    8.21999  45.2%   183  121s
  3566  3549   12.53879  340   96   15.00000    8.21999  45.2%   183  126s
  3590  3573   12.53961  342   85   15.00000    8.21999  45.2%   183  132s
  3602  3585   12.55694  343  108   15.00000    8.21999  45.2%   182  135s
  3614  3596   12.55729  344  101   15.00000    8.21999  45.2%   182  140s
  3657  3646   12.55785  346   98   15.00000    8.21999  45.2%   181  146s
  3888  4192   12.59965  380   82   15.00000    8.21999  45.2%   178  152s
  4261  4453    8.26692   12  169   15.00000    8.21999  45.2%   170  156s
  4794  5052    8.29354   18  241   15.00000    8.22038  45.2%   168  163s
  5181  5346    8.29781   22  162   15.00000    8.23686  45.1%   164  166s
  5527  5543    8.31679   31  246   15.00000    8.23686  45.1%   163  171s
  5748  5545    9.37556  154   20   15.00000    8.23686  45.1%   164  175s
  5755  5550    8.31531   65  129   15.00000    8.23686  45.1%   163  181s
  5758  5552    8.68976  145  180   15.00000    8.23686  45.1%   163  185s
  5767  5558   11.58066  385  302   15.00000    8.23686  45.1%   163  190s
  5772  5561   11.67458  374  380   15.00000    8.23798  45.1%   163  195s
  5776  5564    9.66039   89  355   15.00000    8.23887  45.1%   163  201s
  5779  5566    8.39784  110  273   15.00000    8.24046  45.1%   163  205s
  5784  5569    8.67145  235  413   15.00000    8.26039  44.9%   163  214s
  5785  5570   13.55603  374  440   15.00000    8.26220  44.9%   163  215s
  5790  5573   13.51961  405  439   15.00000    8.27862  44.8%   162  222s
  5793  5575    9.11952  154  388   15.00000    9.11952  39.2%   162  226s
  5796  5577    9.14026   16  305   15.00000    9.14026  39.1%   162  230s
  5801  5581    9.47839  221  361   15.00000    9.15751  38.9%   162  236s
  5803  5582   12.49838  244  283   15.00000    9.15753  38.9%   162  243s
  5806  5584    9.15781   79  368   15.00000    9.15781  38.9%   162  245s
  5809  5586    9.23838   88  288   15.00000    9.15839  38.9%   162  252s
  5812  5588    9.50000  287  325   15.00000    9.15852  38.9%   162  255s
  5815  5590    9.35888  147  246   15.00000    9.15882  38.9%   162  262s
  5822  5596    9.15883   14   20   15.00000    9.15883  38.9%   197  266s
  5824  5598    9.15883   26  220   15.00000    9.15883  38.9%   197  270s
  5830  5602   13.38988  393  280   15.00000    9.15883  38.9%   196  276s
  5832  5603    9.67686  339  234   15.00000    9.15884  38.9%   196  280s
  5834  5604    9.67451  342  283   15.00000    9.15885  38.9%   196  285s
  5836  5606    9.15895  125  269   15.00000    9.15895  38.9%   196  290s
  5838  5607    9.20327  137  254   15.00000    9.15895  38.9%   196  296s
  5841  5609    9.15895   97  264   15.00000    9.15895  38.9%   196  300s
  5844  5611    9.55797  265  270   15.00000    9.15896  38.9%   196  310s
  5847  5613   11.41522  183  231   15.00000    9.15906  38.9%   196  315s
  5849  5617    9.16123   23  245   15.00000    9.15921  38.9%   219  321s
  5851  5621    9.16795   24  240   15.00000    9.16147  38.9%   220  325s
  5855  5627    9.16829   25  280   15.00000    9.16829  38.9%   221  330s
  5863  5637    9.16903   26  318   15.00000    9.16829  38.9%   225  335s
  5875  5659    9.16903   27  306   15.00000    9.16903  38.9%   231  342s
  5901  5677    9.16942   29  294   15.00000    9.16903  38.9%   237  349s
  5928  5680    9.19936   30  352   15.00000    9.16903  38.9%   243  354s
  5940  5701    9.18086   31  340   15.00000    9.16903  38.9%   246  359s
  5965  5705    9.18132   32  310   15.00000    9.16903  38.9%   249  364s
  5977  5727    9.21139   32  319   15.00000    9.16903  38.9%   252  370s
  6003  5753    9.18133   33  346   15.00000    9.16903  38.9%   255  375s
  6060  5780   10.15918   34  202   15.00000    9.16903  38.9%   261  383s
  6084  5797    9.19486   35  257   15.00000    9.16903  38.9%   262  387s
  6109  5813   10.15919   35  240   15.00000    9.16903  38.9%   265  391s
  6133  5831    9.19496   36  244   15.00000    9.16903  38.9%   267  396s
  6159  5849    9.19554   37  310   15.00000    9.16903  38.9%   271  401s
  6186  5864    9.19554   38  315   15.00000    9.16903  38.9%   274  406s
  6210  5888    9.19571   39  317   15.00000    9.16903  38.9%   277  410s
  6242  5909    9.19614   40  304   15.00000    9.16903  38.9%   279  415s
  6274  5911    9.30157   40  264   15.00000    9.16903  38.9%   281  420s
  6286  5919    9.19676   41  340   15.00000    9.16903  38.9%   281  425s
  6317  5965    9.19676   42  284   15.00000    9.16903  38.9%   283  434s
  6355  5992    9.23628   43  167   15.00000    9.16903  38.9%   287  440s
  6394  6024    9.23646   44  182   15.00000    9.16903  38.9%   289  446s
  6440  6050    9.23725   45  189   15.00000    9.16903  38.9%   291  451s
  6483  6087    9.23725   46  187   15.00000    9.16903  38.9%   293  456s
  6534  6117    9.23868   47  130   15.00000    9.16903  38.9%   294  463s
  6582  6160    9.23868   48  133   15.00000    9.16903  38.9%   297  469s
  6641  6203    9.23871   50  182   15.00000    9.16903  38.9%   300  476s
  6704  6232   10.18000   51   92   15.00000    9.16903  38.9%   302  483s
  6754  6274   10.21948   52  171   15.00000    9.16903  38.9%   305  490s
  6812  6309    9.23871   54  202   15.00000    9.16903  38.9%   308  497s
  6867  6361    9.23871   56  171   15.00000    9.16903  38.9%   311  504s
  6937  6403   10.17812   57  133   15.00000    9.16903  38.9%   314  513s
  7004  6444    9.23874   59  207   15.00000    9.16903  38.9%   317  522s
  7069  6508   10.19470   60  180   15.00000    9.16903  38.9%   320  531s
  7154  6500    9.23953   62  204   15.00000    9.16903  38.9%   323  539s
  7176  6569    9.25919   62  144   15.00000    9.16903  38.9%   323  548s
  7253  6655    9.23956   64  216   15.00000    9.16903  38.9%   325  557s
  7366  6720    9.23957   67  156   15.00000    9.16903  38.9%   326  566s
  7470  6820    9.23964   70  219   15.00000    9.16903  38.9%   330  576s
  7608  6926    9.23971   73  244   15.00000    9.16903  38.9%   334  587s
  7770  7089    9.25919   75  133   15.00000    9.16903  38.9%   338  596s
  7996  7194    9.25996   78  155   15.00000    9.16903  38.9%   336  607s
  8193  7302   10.23997   80  105   15.00000    9.16903  38.9%   339  618s
  8421  7424    9.27539   85  172   15.00000    9.16903  38.9%   341  628s
  8663  7545    9.27542   88  177   15.00000    9.16903  38.9%   340  638s
  8883  7692   10.14262   91  190   15.00000    9.17999  38.8%   341  650s
  9115  7657   10.15803   94  174   15.00000    9.17999  38.8%   343  661s
  9158  7872   10.25497   94  183   15.00000    9.17999  38.8%   343  673s
  9417  8120   11.08319   96  111   15.00000    9.17999  38.8%   341  683s
  9782  8023   10.17503  100  167   15.00000    9.17999  38.8%   338  693s
  9837  8015   11.13602  100  116   15.00000    9.17999  38.8%   337  703s
  9849  8214   10.17503  101  181   15.00000    9.17999  38.8%   337  715s
 10115  8382   10.25775  103  125   15.00000    9.17999  38.8%   332  728s
 10394  8530   10.17582  107  230   15.00000    9.17999  38.8%   334  741s
 10667  8716   10.17584  111  194   15.00000    9.17999  38.8%   338  756s
 10985  8784   10.17584  115  214   15.00000    9.19228  38.7%   341  772s
 11177  9111   10.19621  118  223   15.00000    9.19228  38.7%   343  787s
 11629  9316   10.21458  120  234   15.00000    9.19228  38.7%   342  805s
 12031  9598   10.21493  123  159   15.00000    9.19566  38.7%   344  821s
 12450  9495   10.21561  126  189   15.00000    9.19566  38.7%   344  838s
 12488  9833   11.19550  126  133   15.00000    9.19566  38.7%   344  859s
 12910  9956   10.21677  130  186   15.00000    9.19566  38.7%   344  877s
 13198 10386   10.21688  134  215   15.00000    9.19566  38.7%   346  894s
 13798 10652   10.21793  141  179   15.00000    9.19566  38.7%   343  913s
 14387 10640   10.23285  148  205   15.00000    9.19607  38.7%   342  933s
 14652 10687   10.23381  155  251   15.00000    9.19607  38.7%   346  952s
 14790 10825   11.19727  159  210   15.00000    9.19607  38.7%   353  972s
 14985 11082   10.23677  167  251   15.00000    9.19607  38.7%   358  994s
 15458 11568   11.19897  171  267   15.00000    9.19607  38.7%   358 1015s
 16157 11665   10.23919  178  267   15.00000    9.19936  38.7%   357 1040s
 16644 11747   10.23954  185  234   15.00000    9.19936  38.7%   357 1064s
 16925 12240   10.23954  190  235   15.00000    9.21619  38.6%   356 1088s
 17597 12390   10.24145  200  238   15.00000    9.21619  38.6%   354 1113s
 18033 12952   10.24278  208  167   15.00000    9.21693  38.6%   356 1143s
 18766 13283   10.24279  226  146   15.00000    9.21693  38.6%   358 1167s
 19452 13862   11.25446  237  153   15.00000    9.21693  38.6%   356 1189s
 20679 13844   10.35899  249  250   15.00000    9.21693  38.6%   344 1205s
 21108 14135   10.35947  257  193   15.00000    9.21693  38.6%   343 1223s
 21913 14171   11.31761  270  140   15.00000    9.21693  38.6%   335 1243s
 22417 14415   10.36084  285  146   15.00000    9.21693  38.6%   334 1263s
 22957 14522   10.37594  303  209   15.00000    9.21693  38.6%   333 1280s
 23197 15056   10.39543  313  201   15.00000    9.21693  38.6%   333 1303s
 23917 15227   10.46884  357  156   15.00000    9.21693  38.6%   332 1322s
 24159 15824   11.41259  368  141   15.00000    9.21693  38.6%   331 1349s
 24814 16368   12.46347  418  118   15.00000    9.21693  38.6%   330 1378s
 25549 16639   12.45702  496   55   15.00000    9.21693  38.6%   329 1408s
 26034 17000    9.58254   45  283   15.00000    9.21693  38.6%   332 1437s
 26396 17423    9.68069   65  247   15.00000    9.21693  38.6%   336 1468s
 27065 17985   10.25064   80  251   15.00000    9.21693  38.6%   338 1500s
 27852 18711   10.32097  130  219   15.00000    9.21882  38.5%   339 1535s
 28829 19530   11.35849  205  154   15.00000    9.21882  38.5%   339 1570s
 29731 20656   11.32145  231  104   15.00000    9.21882  38.5%   339 1608s
 31013 21589   10.20448   35  190   15.00000    9.21882  38.5%   336 1647s
 32196 23095   13.15959   49  146   15.00000    9.23939  38.4%   337 1688s
 34317 23802   12.25840   57  203   15.00000    9.24000  38.4%   328 1723s
 35141 24407   13.35410  123  163   15.00000    9.24000  38.4%   327 1757s
 36096 24408   10.27883  233  189   15.00000    9.24000  38.4%   324 1833s
 36099 24410   10.13854  104  311   15.00000    9.24000  38.4%   324 1838s
 36100 24411   10.30287  319  468   15.00000    9.24000  38.4%   324 1840s
 36103 24413   12.25661  373  384   15.00000    9.24000  38.4%   324 1845s
 36107 24415   13.20040  546  349   15.00000    9.24000  38.4%   324 1850s
 36108 24416   11.39451  305  350   15.00000    9.24000  38.4%   324 1855s
 36112 24419   11.19309   46  226   15.00000    9.24000  38.4%   324 1863s
 36113 24419   11.11695  103  389   15.00000    9.24000  38.4%   324 1865s
 36118 24423   12.22000  205  411   15.00000    9.24000  38.4%   324 1870s
 36120 24424   10.51312  334  264   15.00000    9.24000  38.4%   324 1876s
 36125 24427   12.19917  256  386   15.00000    9.24000  38.4%   324 1881s
 36126 24428   10.47963  106  366   15.00000    9.24000  38.4%   324 1885s
 36131 24431   12.22073  328  373   15.00000    9.24000  38.4%   324 1892s
 36134 24433   13.14002  132  412   15.00000    9.24000  38.4%   324 1898s
 36136 24435   13.27922  175  363   15.00000    9.24000  38.4%   324 1902s
 36139 24437   11.18219  121  390   15.00000    9.24000  38.4%   324 1905s
 36140 24437   12.23889  344  367   15.00000    9.24000  38.4%   324 1912s
 36142 24439   10.28842  265  349   15.00000    9.24000  38.4%   324 1915s
 36146 24441   11.22797   79  526   15.00000    9.24000  38.4%   323 1920s
 36151 24445   10.21997   47  279   15.00000    9.24000  38.4%   323 1926s
 36153 24446   11.31523  183  285   15.00000    9.24000  38.4%   323 1931s
 36155 24447   12.21922  224  338   15.00000    9.24000  38.4%   323 1937s
 36157 24449   11.86873  378  337   15.00000    9.24000  38.4%   323 1942s
 36159 24450   10.27883  190  276   15.00000    9.24000  38.4%   323 1946s
 36161 24451   10.31919   45  307   15.00000    9.24000  38.4%   323 1951s
 36163 24453   12.31774  185  300   15.00000    9.24000  38.4%   323 1955s
 36168 24456   13.38111  504  210   15.00000    9.24000  38.4%   323 1961s
 36170 24457   13.55725  113  302   15.00000    9.25050  38.3%   323 1967s
 36172 24459   11.31566  290  202   15.00000    9.25050  38.3%   323 1971s
 36175 24461   12.25776  248  243   15.00000    9.25050  38.3%   323 1976s
 36176 24461   12.27096  371  197   15.00000    9.25050  38.3%   323 1980s
 36179 24463   10.23633  157  399   15.00000    9.25050  38.3%   323 1986s
 36180 24464   10.28000  344  292   15.00000    9.25050  38.3%   323 1991s
 36183 24466   11.17771   89  270   15.00000    9.25050  38.3%   323 1996s
 36186 24468   11.31683   86  365   15.00000    9.25050  38.3%   323 2002s
 36189 24470   13.44070  172  509   15.00000    9.25050  38.3%   323 2006s
 36191 24471   11.27301  115  430   15.00000    9.25050  38.3%   323 2010s
 36192 24472   13.30000  705  388   15.00000    9.25050  38.3%   323 2015s
 36194 24473   10.23760   61  435   15.00000    9.25075  38.3%   323 2022s
 36197 24475   11.13882   47  414   15.00000    9.25093  38.3%   323 2026s
 36200 24477   10.30287  319  330   15.00000    9.25133  38.3%   323 2031s
 36202 24479   13.19487  107  280   15.00000    9.25149  38.3%   323 2035s
 36204 24480   11.31543  341  417   15.00000    9.25155  38.3%   323 2041s
 36207 24482   13.20040  546  436   15.00000    9.25184  38.3%   323 2045s
 36210 24484   13.27918  249  521   15.00000    9.25762  38.3%   323 2050s
 36214 24487   13.43047  140  420   15.00000    9.50785  36.6%   323 2056s
 36219 24490   11.32000  250  343   15.00000    9.50936  36.6%   323 2061s
H36220 23264                      14.0000000    9.51071  32.1%   323 2065s
 36224 23266   13.78538  242  394   14.00000    9.51454  32.0%   323 2070s
 36229 23270   11.49302  453  428   14.00000    9.68430  30.8%   323 2075s
 36231 23271   12.22073  328  272   14.00000   10.44687  25.4%   323 2080s
 36232 23272   11.53840  425  275   14.00000   10.44687  25.4%   323 2085s
 36234 23273   13.14002  132  271   14.00000   10.44687  25.4%   323 2090s
 36237 23275   13.20041  245  249   14.00000   10.44687  25.4%   323 2097s
 36240 23277   12.23889  344  295   14.00000   10.44687  25.4%   323 2102s
 36243 23279   11.34000  303  309   14.00000   10.44687  25.4%   323 2107s
 36245 23280   12.22037  571  370   14.00000   10.44687  25.4%   323 2110s
 36249 23283   11.31370  206  450   14.00000   10.44687  25.4%   323 2116s
 36250 23284   11.49721  306  227   14.00000   10.49720  25.0%   323 2125s
 36253 23286   11.31523  183  242   14.00000   10.50103  25.0%   323 2134s
 36254 23286   12.15890   79  234   14.00000   10.50199  25.0%   323 2136s
 36256 23288   12.95426  522  242   14.00000   10.50393  25.0%   323 2140s
 36258 23289   11.23650   84  197   14.00000   10.53035  24.8%   322 2145s
 36261 23291   10.53374   45  185   14.00000   10.53374  24.8%   322 2152s
 36263 23292   12.31774  185  182   14.00000   10.53374  24.8%   322 2159s
 36264 23293   10.53374  120  249   14.00000   10.53374  24.8%   322 2161s
 36265 23294   11.70544  119  240   14.00000   10.53374  24.8%   322 2167s
 36266 23294   11.14142   36  312   14.00000   10.53374  24.8%   322 2173s
 36267 23295   12.85876  379  323   14.00000   10.53427  24.8%   322 2182s
 36268 23296   13.38111  504  372   14.00000   10.53475  24.8%   322 2185s
 36271 23298   10.53703  196  334   14.00000   10.53703  24.7%   322 2190s
 36273 23299   10.69435  164  367   14.00000   10.56512  24.5%   322 2195s
 36274 23300   10.56635   34  285   14.00000   10.56635  24.5%   322 2202s
 36276 23301   12.27096  371  332   14.00000   10.56635  24.5%   322 2207s
 36278 23302   10.56635  102  305   14.00000   10.56635  24.5%   322 2214s
 36279 23303   10.56635  157  302   14.00000   10.56635  24.5%   322 2216s
 36280 23304   10.56652  344  396   14.00000   10.56652  24.5%   322 2221s
 36282 23305   13.17614   91  310   14.00000   10.56715  24.5%   322 2226s
 36286 23308   11.31683   86  223   14.00000   10.60676  24.2%   322 2233s
 36289 23310   13.44070  172  393   14.00000   10.60676  24.2%   322 2235s
 36293 23312   10.60676   92  317   14.00000   10.60676  24.2%   322 2241s
 36295 23314   12.04511  590  346   14.00000   10.60913  24.2%   322 2246s
 36298 23316   10.61208  282  399   14.00000   10.61208  24.2%   322 2250s
 36300 23317   10.61265  319  296   14.00000   10.61265  24.2%   322 2255s
 36302 23318   13.19487  107  302   14.00000   10.61273  24.2%   322 2261s
 36303 23319   12.25661  373  259   14.00000   10.61651  24.2%   322 2267s
 36305 23320   11.47356  216  319   14.00000   10.61651  24.2%   322 2272s
 36307 23322   13.20040  546  286   14.00000   10.61651  24.2%   322 2277s
 36309 23323   11.30506  190  303   14.00000   10.61651  24.2%   322 2284s
 36310 23324   13.27918  249  346   14.00000   10.61651  24.2%   322 2286s
 36311 23324   11.18629   59  294   14.00000   10.67414  23.8%   322 2290s
 36314 23326   13.43047  140  179   14.00000   10.67454  23.8%   322 2296s
 36316 23328   13.23841  173  224   14.00000   10.67454  23.8%   322 2301s
 36318 23329   12.22000  205  339   14.00000   10.67738  23.7%   322 2305s
 36320 23330   10.67748  334  298   14.00000   10.67748  23.7%   322 2311s
 36321 23331   11.43345  398  257   14.00000   10.67748  23.7%   322 2315s
 36324 23333   13.78538  242  390   14.00000   10.67750  23.7%   322 2321s
 36325 23334   12.19917  256  281   14.00000   10.67758  23.7%   322 2330s
 36328 23336   10.67837   75  350   14.00000   10.67837  23.7%   322 2336s
 36330 23337   12.21919  217  432   14.00000   10.67843  23.7%   322 2340s
 36332 23338   11.53840  425  282   14.00000   10.67843  23.7%   322 2346s
 36334 23340   13.14002  132  285   14.00000   10.67916  23.7%   322 2352s
 36336 23341   13.27922  175  287   14.00000   10.67916  23.7%   322 2357s
 36338 23342   12.23868  352  290   14.00000   10.67916  23.7%   322 2364s
 36339 23343   11.18219  121  317   14.00000   10.67916  23.7%   322 2365s
 36341 23344   12.28001  119  336   14.00000   10.67916  23.7%   322 2371s
 36342 23345   10.67916  265  289   14.00000   10.67916  23.7%   322 2376s
 36345 23347   12.22037  571  366   14.00000   10.67916  23.7%   322 2381s
 36347 23348   11.34281   73  378   14.00000   10.67916  23.7%   322 2385s
 36349 23350   11.31370  206  413   14.00000   10.67916  23.7%   322 2390s
 36351 23351   10.67916   47  389   14.00000   10.67916  23.7%   322 2395s
 36352 23352   11.96280  538  342   14.00000   10.67916  23.7%   322 2400s
 36354 23353   12.15890   79  447   14.00000   10.67916  23.7%   322 2408s
 36355 23354   12.21922  224  478   14.00000   10.67916  23.7%   322 2410s
 36357 23355   11.86873  378  394   14.00000   10.67990  23.7%   322 2415s
 36359 23356   10.67990  190  431   14.00000   10.67990  23.7%   322 2420s
 36361 23358   10.67990   45  391   14.00000   10.67990  23.7%   322 2426s
 36362 23358   12.92557  404  432   14.00000   10.67990  23.7%   322 2432s
 36364 23360   10.67990  120  347   14.00000   10.67990  23.7%   322 2438s
 36365 23360   11.70544  119  426   14.00000   10.67990  23.7%   322 2440s
 36366 23361   11.14142   36  355   14.00000   10.67990  23.7%   322 2447s
 36367 23362   12.85876  379  396   14.00000   10.67990  23.7%   322 2450s
 36368 23362   13.38111  504  128   14.00000   10.71555  23.5%   322 2459s
 36369 23363   11.85871  351  188   14.00000   10.71555  23.5%   322 2462s
 36370 23364   13.55725  113   99   14.00000   11.00000  21.4%   322 2466s
 36372 23365   11.31566  290  113   14.00000   11.00000  21.4%   321 2471s
 36374 23366   11.00000   34  236   14.00000   11.00000  21.4%   321 2475s
 36379 23371   11.00000  157  296   14.00000   11.00000  21.4%   363 2481s
 36382 23373   13.17614   91  154   14.00000   11.00000  21.4%   363 2485s
 36385 23375   11.00000   49  137   14.00000   11.00000  21.4%   363 2490s
 36386 23376   11.31683   86  100   14.00000   11.00000  21.4%   363 2495s
 36388 23377   11.00000   45  139   14.00000   11.00000  21.4%   363 2504s
 36389 23378   13.44070  172  259   14.00000   11.00000  21.4%   363 2508s
 36390 23378   11.24000  399  112   14.00000   11.00000  21.4%   363 2512s
 36392 23380   13.30000  705  112   14.00000   11.00000  21.4%   363 2517s
 36393 23383   11.50761   45  117   14.00000   11.00000  21.4%   367 2521s
 36399 23393   12.00000   47  125   14.00000   11.00000  21.4%   367 2527s
 36407 23403   12.00000   48  137   14.00000   11.00000  21.4%   367 2533s
 36419 23423   12.00000   49  154   14.00000   11.00000  21.4%   368 2540s
 36443 23438   12.00000   51   90   14.00000   11.00000  21.4%   369 2545s
 36470 23442   12.05000   53  124   14.00000   11.00000  21.4%   370 2550s
 36486 23455   12.05000   54  106   14.00000   11.00000  21.4%   371 2555s
 36512 23467   12.05000   56  142   14.00000   11.00000  21.4%   372 2560s
 36553 23469   12.05000   61  115   14.00000   11.00000  21.4%   373 2568s
 36567 23474   12.05000   62  133   14.00000   11.00000  21.4%   373 2571s
 36599 23485   12.05000   68  168   14.00000   11.00000  21.4%   373 2578s
 36620 23487   12.05000   73  172   14.00000   11.00000  21.4%   374 2582s
 36640 23492   12.05000   78  171   14.00000   11.00000  21.4%   374 2585s
 36688 23498   12.06000   87  126   14.00000   11.00000  21.4%   375 2591s
 36719 23499   12.08000   92  136   14.00000   11.00000  21.4%   375 2595s
 36784 23503   12.11922  100  104   14.00000   11.00000  21.4%   375 2602s
 36826 23506   12.15730  106   98   14.00000   11.00000  21.4%   375 2606s
 36920 23518   12.12000  118   72   14.00000   11.00000  21.4%   376 2614s
 36960 23523   12.12000  120  118   14.00000   11.00000  21.4%   377 2619s
 37006 23524   12.12000  124  101   14.00000   11.00000  21.4%   377 2623s
 37059 23522   12.18921  129  148   14.00000   11.00000  21.4%   378 2628s
 37106 23529   12.12880  135  132   14.00000   11.00000  21.4%   378 2632s
 37155 23539   12.12960  139  151   14.00000   11.00000  21.4%   378 2637s
 37218 23543     cutoff  142        14.00000   11.00000  21.4%   378 2643s
 37274 23553   12.13551  146  125   14.00000   11.00000  21.4%   379 2648s
 37332 23565   12.14150  153  110   14.00000   11.00000  21.4%   379 2653s
 37398 23557   12.16309  160  112   14.00000   11.00000  21.4%   380 2659s
 37436 23580   12.18466  166  115   14.00000   11.00000  21.4%   380 2666s
 37523 23599   12.33528  182  116   14.00000   11.00000  21.4%   381 2673s
 37636 23607   11.07785   57  258   14.00000   11.00000  21.4%   381 2680s
 37740 23612   11.08377   58  219   14.00000   11.00000  21.4%   381 2687s
 37827 23622   11.13961   61  200   14.00000   11.00000  21.4%   381 2695s
 37916 23632   11.79663   65  120   14.00000   11.00000  21.4%   382 2703s
 37986 23649   11.89180   71  117   14.00000   11.00000  21.4%   383 2710s
 38080 23665   12.15839   79   60   14.00000   11.00000  21.4%   383 2718s
 38203 23684   12.23689  108   56   14.00000   11.00000  21.4%   383 2728s
 38327 23655   11.04000   59  122   14.00000   11.00000  21.4%   384 2736s
 38355 23690   11.04000   60  113   14.00000   11.00000  21.4%   384 2744s
 38450 23716   11.09103   63  156   14.00000   11.00000  21.4%   385 2753s
 38566 23751   11.13942   69   91   14.00000   11.00000  21.4%   385 2763s
 38710 23753   11.16528   76  155   14.00000   11.00000  21.4%   386 2774s
 38848 23770   11.17887   85  167   14.00000   11.00000  21.4%   386 2784s
 38992 23787   11.19766   93  121   14.00000   11.00000  21.4%   386 2794s
 39138 23805   11.19843  103  103   14.00000   11.00000  21.4%   387 2806s
 39296 23831   11.21878  115  114   14.00000   11.00000  21.4%   387 2818s
 39468 23873   11.22000  133   77   14.00000   11.00000  21.4%   388 2830s
 39646 23888   12.22000  185   21   14.00000   11.00000  21.4%   388 2845s
 39840 23914   12.04000   63  114   14.00000   11.00000  21.4%   388 2858s
 40091 23912   12.22479   75  192   14.00000   11.00000  21.4%   387 2872s
 40322 23969   12.12069   82  176   14.00000   11.00000  21.4%   388 2885s
 40577 24028   12.27601   94  118   14.00000   11.00000  21.4%   387 2900s
 40980 24113   11.17647   63   64   14.00000   11.00000  21.4%   386 2913s
 41398 24200   11.24000  127   50   14.00000   11.00000  21.4%   384 2931s
 41826 24189   11.04093   67  224   14.00000   11.00000  21.4%   383 2947s
 42032 24284   11.04104   79  213   14.00000   11.00000  21.4%   384 2966s
 42316 24308   11.12185   96  191   14.00000   11.00000  21.4%   385 2983s
 42474 24400   11.12219  105  149   14.00000   11.00000  21.4%   386 3000s
 42707 24481   11.17697  125  198   14.00000   11.00000  21.4%   387 3018s
 42901 24622   11.19827  151  124   14.00000   11.00000  21.4%   389 3036s
 43238 24780   11.20822  175  205   14.00000   11.00000  21.4%   389 3054s
 43713 24871   11.28275  199  195   14.00000   11.00000  21.4%   388 3074s
 44124 25070   11.29283  240  139   14.00000   11.00000  21.4%   389 3093s
 44709 25183   11.34249  320  177   14.00000   11.00000  21.4%   388 3115s
 45283 25396   12.34010  459  157   14.00000   11.00000  21.4%   387 3139s
 45898 25488   11.01559   65  161   14.00000   11.00000  21.4%   386 3160s
 46369 25789   11.02301   84  166   14.00000   11.00000  21.4%   386 3185s
 46999 25960   11.21808  113  194   14.00000   11.00000  21.4%   386 3211s
 47710 26173   11.08000   68  128   14.00000   11.00000  21.4%   385 3239s
 48496 26143   12.36000  237  116   14.00000   11.00000  21.4%   384 3266s
 48869 26377   11.06790   59  289   14.00000   11.00000  21.4%   386 3293s
 49348 26626   12.10000   81  130   14.00000   11.00000  21.4%   388 3323s
 49878 26877   12.45856  141  163   14.00000   11.00000  21.4%   390 3357s
 50441 27234   11.17957  124   99   14.00000   11.00000  21.4%   391 3388s
 51129 27612   11.37920  264   90   14.00000   11.00000  21.4%   393 3421s
 52022 28099   11.08555   63  347   14.00000   11.00000  21.4%   392 3459s
 53282 28269   11.28700   81  330   14.00000   11.00000  21.4%   389 3494s
 54129 28759   12.41257  184  199   14.00000   11.00000  21.4%   388 3535s
 55197 28955   11.13689   71  254   14.00000   11.00000  21.4%   387 3566s
 55852 29785   11.14014   94  198   14.00000   11.00000  21.4%   387 3599s
 57233 29372   12.29229  274  142   14.00000   11.00000  21.4%   382 3600s

Cutting planes:
  Cover: 19
  Dual implied bound: 3
  MIR: 209
  StrongCG: 2
  Flow cover: 408
  Flow path: 244
  Zero half: 8
  Network: 1
  Relax-and-lift: 1

Explored 57295 nodes (21917976 simplex iterations) in 3600.02 seconds (4185.57 work units)
Thread count was 12 (of 12 available processors)

Solution count 8: 14 15 16 ... 214

Time limit reached
Best objective 1.400000000000e+01, best bound 1.100000000000e+01, gap 21.4286%

User-callback calls 442558, time in user-callback 4.07 sec
Série salva em: plots/Barcelona_n930_m2522_st_50.txt__R6__timeseries.csv
Gráfico salvo em: plots/Barcelona_n930_m2522_st_50.txt__R6__lb_ub.png

================================================================================
Arquivo: Philadelphia_n800_m2404_st_25.txt
================================================================================

[Philadelphia_n800_m2404_st_25.txt] ===== R = 3 =====
Set parameter TimeLimit to value 3600
Gurobi Optimizer version 12.0.3 build v12.0.3rc0 (linux64 - "Linux Mint 22.1")

CPU model: 13th Gen Intel(R) Core(TM) i5-13420H, instruction set [SSE2|AVX|AVX2]
Thread count: 12 physical cores, 12 logical processors, using up to 12 threads

Non-default parameters:
TimeLimit  3600

Optimize a model with 2400 rows, 10637 columns and 40948 nonzeros
Model fingerprint: 0x6f895468
Variable types: 0 continuous, 10637 integer (800 binary)
Coefficient statistics:
  Matrix range     [1e+00, 2e+01]
  Objective range  [1e+00, 1e+00]
  Bounds range     [1e+00, 1e+00]
  RHS range        [1e+00, 1e+00]
Presolve removed 126 rows and 147 columns
Presolve time: 0.03s
Presolved: 2274 rows, 10490 columns, 40416 nonzeros
Variable types: 0 continuous, 10490 integer (763 binary)

Root relaxation: objective 3.280000e+00, 2818 iterations, 0.04 seconds (0.07 work units)

    Nodes    |    Current Node    |     Objective Bounds      |     Work
 Expl Unexpl |  Obj  Depth IntInf | Incumbent    BestBd   Gap | It/Node Time

     0     0    3.28000    0   57          -    3.28000      -     -    0s
H    0     0                      58.0000000    3.28000  94.3%     -    0s
H    0     0                      54.0000000    3.28000  93.9%     -    0s
H    0     0                      53.0000000    3.28000  93.8%     -    0s
H    0     0                      52.0000000    3.28000  93.7%     -    0s
H    0     0                      51.0000000    3.28000  93.6%     -    0s
H    0     0                      50.0000000   26.86546  46.3%     -    0s
     0     0   26.86546    0  227   50.00000   26.86546  46.3%     -    0s
     0     0   26.88875    0  212   50.00000   26.88875  46.2%     -    0s
H    0     0                      49.0000000   26.88875  45.1%     -    0s
     0     0   29.63704    0  318   49.00000   29.63704  39.5%     -    0s
     0     0   30.10465    0  296   49.00000   30.10465  38.6%     -    0s
     0     0   30.11643    0  296   49.00000   30.11643  38.5%     -    0s
     0     0   30.11643    0  305   49.00000   30.11643  38.5%     -    0s
     0     0   31.66384    0  396   49.00000   31.66384  35.4%     -    1s
     0     0   31.74123    0  362   49.00000   31.74123  35.2%     -    1s
     0     0   31.75918    0  340   49.00000   31.75918  35.2%     -    1s
     0     0   31.76856    0  353   49.00000   31.76856  35.2%     -    1s
     0     0   32.48763    0  375   49.00000   32.48763  33.7%     -    1s
     0     0   32.81164    0  376   49.00000   32.81164  33.0%     -    1s
     0     0   32.81230    0  410   49.00000   32.81230  33.0%     -    1s
     0     0   33.05563    0  476   49.00000   33.05563  32.5%     -    1s
     0     0   33.17244    0  504   49.00000   33.17244  32.3%     -    1s
     0     0   33.17244    0  490   49.00000   33.17244  32.3%     -    1s
     0     0   33.17244    0  501   49.00000   33.17244  32.3%     -    2s
H    0     0                      48.0000000   33.21006  30.8%     -    2s
     0     0   33.21006    0  484   48.00000   33.21006  30.8%     -    2s
     0     0   33.24170    0  472   48.00000   33.24170  30.7%     -    2s
     0     0   33.56707    0  416   48.00000   33.56707  30.1%     -    2s
     0     0   33.57817    0  465   48.00000   33.57817  30.0%     -    2s
     0     0   33.74531    0  505   48.00000   33.74531  29.7%     -    2s
     0     0   33.74978    0  517   48.00000   33.74978  29.7%     -    3s
     0     0   33.77028    0  525   48.00000   33.77028  29.6%     -    3s
     0     0   34.14179    0  469   48.00000   34.14179  28.9%     -    3s
     0     0   34.14329    0  510   48.00000   34.14329  28.9%     -    3s
     0     0   34.23338    0  572   48.00000   34.23338  28.7%     -    4s
     0     0   34.23845    0  563   48.00000   34.23845  28.7%     -    5s
     0     0   34.63722    0  557   48.00000   34.63722  27.8%     -    5s
     0     0   34.76478    0  527   48.00000   34.76478  27.6%     -    5s
     0     0   34.85755    0  558   48.00000   34.85755  27.4%     -    6s
     0     0   34.86322    0  563   48.00000   34.86322  27.4%     -    6s
     0     0   34.89348    0  550   48.00000   34.89348  27.3%     -    6s
     0     0   34.93500    0  602   48.00000   34.93500  27.2%     -    6s
     0     0   34.93766    0  581   48.00000   34.93766  27.2%     -    7s
     0     0   35.03536    0  548   48.00000   35.03536  27.0%     -    7s
     0     0   35.03536    0  416   48.00000   35.03536  27.0%     -    7s
     0     2   35.03537    0  415   48.00000   35.03537  27.0%     -    8s
    27    40   35.48373    5  567   48.00000   35.27638  26.5%  1938   10s
   163   181   35.73849   14  368   48.00000   35.27638  26.5%  1023   15s
   333   366   36.27331   28  370   48.00000   35.27638  26.5%   812   20s
   638   706   36.95130   46  413   48.00000   35.27638  26.5%   580   25s
  1591  1661   42.40635  123  344   48.00000   35.27638  26.5%   328   30s
  1949  1844   39.30322   15  343   48.00000   35.44985  26.1%   343   35s
  2566  2494   36.71477    8  524   48.00000   35.44985  26.1%   339   40s
  2841  2598   43.50894  167  494   48.00000   35.44985  26.1%   336   45s
  2856  2608   43.40819   79  673   48.00000   35.95417  25.1%   334   50s
  2872  2619   45.42058  173  524   48.00000   36.68563  23.6%   332   55s
  2890  2631   43.06070  126  559   48.00000   37.12413  22.7%   330   60s
  2901  2638   45.62292   78  537   48.00000   37.43342  22.0%   329   65s
  2911  2645   39.27117   97  734   48.00000   37.59119  21.7%   328   70s
  2922  2652   46.57831   86  755   48.00000   37.67951  21.5%   327   75s
  2934  2660   41.24208  109  742   48.00000   37.86629  21.1%   325   80s
  2945  2667   45.67993   85  683   48.00000   38.08175  20.7%   324   85s
  2958  2676   40.82360   25  601   48.00000   38.32739  20.2%   323   90s
  2971  2685   42.83677  163  697   48.00000   38.44097  19.9%   321   95s
  2980  2691   38.56656   92  720   48.00000   38.56656  19.7%   320  100s
  2995  2701   38.66549   77  825   48.00000   38.66549  19.4%   319  105s
  3006  2708   38.80197   62  740   48.00000   38.73020  19.3%   318  110s
  3020  2718   40.56311  116   52   48.00000   38.76807  19.2%   444  115s
  3035  2728   38.80207   77  551   48.00000   38.80207  19.2%   442  120s
  3042  2733   39.89510  117  670   48.00000   38.80251  19.2%   441  125s
  3049  2738   38.81168   84  617   48.00000   38.81168  19.1%   440  130s
  3064  2761   38.95703   24  695   48.00000   38.90793  18.9%   477  135s
  3100  2788   39.03116   26  694   48.00000   38.95705  18.8%   500  140s
  3156  2836   39.22571   28  659   48.00000   38.95705  18.8%   522  145s
  3233  2891   39.69055   30  675   48.00000   38.95705  18.8%   551  150s
  3346  2964   39.86132   33  737   48.00000   38.95705  18.8%   570  155s
  3532  3103   39.52504   36  595   48.00000   38.95705  18.8%   583  160s
  3772  3267   39.68728   41  577   48.00000   38.95705  18.8%   600  165s
  4017  3467   39.81139   45  538   48.00000   38.95705  18.8%   616  171s
  4337  3668   40.57238   51  399   48.00000   38.95705  18.8%   609  176s
  4602  3769   41.42077   58  473   48.00000   38.95705  18.8%   606  181s
  4777  3846   41.66106   63  500   48.00000   38.96312  18.8%   607  186s
  4980  3899   44.09522   71  407   48.00000   38.96312  18.8%   610  191s
  5144  4006   45.01557   83  338   48.00000   38.96312  18.8%   618  196s
  5315  4127   45.27312   95  298   48.00000   39.01141  18.7%   627  200s
  5554  4263   45.52660  113  288   48.00000   39.03142  18.7%   630  205s
  5827  4457   46.03418  143  306   48.00000   39.05279  18.6%   627  211s
  6212  4553   40.61717   34  548   48.00000   39.05496  18.6%   615  217s
  6322  4621   41.78605   42  536   48.00000   39.05496  18.6%   616  221s
  6484  4657   43.08371   46  390   48.00000   39.05496  18.6%   616  225s
  6778  4925   46.42014   72  314   48.00000   39.08088  18.6%   616  233s
  7033  4983   39.72555   31  642   48.00000   39.08088  18.6%   610  238s
  7275  5030   40.11560   37  524   48.00000   39.11794  18.5%   607  242s
  7471  5071   40.79795   47  297   48.00000   39.11794  18.5%   605  246s
  7581  5228   42.24305   53  394   48.00000   39.11794  18.5%   613  250s
  7852  5349   42.75956   61  347   48.00000   39.11794  18.5%   611  256s
  8138  5426   43.55405   66  320   48.00000   39.13199  18.5%   606  261s
  8350  5477   44.83261  104  276   48.00000   39.13199  18.5%   607  267s
  8497  5585   40.33371   26  615   48.00000   39.13199  18.5%   610  273s
  8733  5659   42.76609   34  514   48.00000   39.13199  18.5%   612  279s
  8915  5809   44.20467   38  459   48.00000   39.13199  18.5%   618  285s
  9227  5911   46.63669   61  271   48.00000   39.30270  18.1%   617  291s
  9561  5989   41.29512   29  394   48.00000   39.30270  18.1%   614  298s
  9811  6072   43.14868   40  333   48.00000   39.30270  18.1%   618  304s
 10001  6187   44.34962   46  363   48.00000   39.30270  18.1%   625  311s
 10232  6372   40.30156   28  751   48.00000   39.30270  18.1%   631  318s
 10605  6423   40.38551   32  727   48.00000   39.30270  18.1%   629  325s
 10890  6554   43.51836   44  498   48.00000   39.37297  18.0%   631  333s
 11179  6663   44.33099   64  327   48.00000   39.37297  18.0%   633  341s
 11474  6911   39.95947   29  585   48.00000   39.37297  18.0%   635  349s
 11789  7269   42.87926   48  295   48.00000   39.37297  18.0%   639  358s
 12269  7510   40.41364   34  693   48.00000   39.37297  18.0%   632  366s
 12571  7799   41.95096   54  431   48.00000   39.37297  18.0%   636  376s
 12994  7976   41.20021   38  450   48.00000   39.46918  17.8%   634  388s
H13114  7158                      47.0000000   39.46918  16.0%   634  388s
 13198  7494   43.06222   56  368   47.00000   39.46918  16.0%   635  398s
 13693  7943   41.25918   35  482   47.00000   39.47412  16.0%   632  408s
 14284  8318   40.72034   29  619   47.00000   39.49023  16.0%   627  419s
 14852  8566   41.50598   32  664   47.00000   39.51432  15.9%   625  431s
 15341  8915   41.34233   29  591   47.00000   39.52750  15.9%   626  443s
 15820  9276   40.85888   31  648   47.00000   39.53868  15.9%   629  455s
 16292  9622     cutoff   60        47.00000   39.54325  15.9%   629  468s
 16756  9658   42.96768   54  422   47.00000   39.54327  15.9%   633  482s
 16797  9985   43.08958   57  342   47.00000   39.54327  15.9%   634  494s
 17253 10364   42.50372   40  480   47.00000   39.56769  15.8%   635  508s
 17798 11029   45.54173   71  253   47.00000   39.56972  15.8%   638  524s
 18665 11325   41.01677   34  597   47.00000   39.61596  15.7%   634  537s
 19082 11652   45.00780   53  399   47.00000   39.61596  15.7%   637  550s
 19564 12116   42.09517   49  419   47.00000   39.65642  15.6%   642  566s
 20206 12605   40.65578   33  622   47.00000   39.65930  15.6%   645  584s
 20884 13099   43.35907   97  371   47.00000   39.65930  15.6%   648  602s
 21551 13735   41.22211   37  568   47.00000   39.65930  15.6%   650  621s
 22378 14414   43.39236   46  437   47.00000   39.71315  15.5%   652  641s
 23265 15104   42.46450   44  527   47.00000   39.72579  15.5%   652  661s
 24151 15955   44.95964  107  344   47.00000   39.73395  15.5%   655  683s
 25261 17118   40.85374   32  603   47.00000   39.74898  15.4%   652  704s
 26684 17746   41.55352   37  531   47.00000   39.77057  15.4%   643  725s
 27509 18402   43.27620   49  332   47.00000   39.79896  15.3%   648  747s
 28420 19293   40.92858   30  735   47.00000   39.82068  15.3%   651  770s
 29577 20345   40.49400   45  584   47.00000   39.83878  15.2%   649  793s
 30895 21074   40.63023   39  609   47.00000   39.85031  15.2%   646  817s
 31720 22460   42.66229   89  295   47.00000   39.85166  15.2%   650  842s
 33468 23518   41.26440   52  289   47.00000   39.86524  15.2%   643  868s
 34855 24895   45.64709   72  359   47.00000   39.88212  15.1%   641  893s
 36620 24896   44.15361  129  416   47.00000   39.89901  15.1%   634  941s
 36627 24901   44.95489  196  781   47.00000   39.89901  15.1%   634  945s
 36639 24909   45.89808   78  813   47.00000   39.89901  15.1%   634  950s
 36647 24914   42.56355   93  744   47.00000   39.89901  15.1%   634  956s
 36656 24920   41.85551   61  717   47.00000   39.89901  15.1%   633  960s
 36665 24926   44.50654  134  723   47.00000   39.89901  15.1%   633  965s
 36672 24931   43.49794  110  727   47.00000   39.89901  15.1%   633  970s
 36679 24935   40.98739   40  846   47.00000   39.89901  15.1%   633  975s
 36687 24941   41.47007   37  780   47.00000   39.89901  15.1%   633  980s
 36696 24947   44.14313   39  820   47.00000   39.89901  15.1%   633  985s
 36702 24951   43.10016   46  731   47.00000   39.89901  15.1%   633  990s
 36709 24955   45.10020   58  837   47.00000   39.89901  15.1%   633  995s
 36716 24960   44.17003   80  839   47.00000   39.89901  15.1%   632 1000s
 36722 24964   42.34153   46  721   47.00000   39.89901  15.1%   632 1005s
 36730 24969   45.26168   59  824   47.00000   39.89901  15.1%   632 1010s
 36740 24976   45.14418   63  733   47.00000   39.89901  15.1%   632 1015s
 36746 24980   41.28144   38  784   47.00000   39.89901  15.1%   632 1020s
 36754 24985   40.52588   31  694   47.00000   39.89901  15.1%   632 1040s
 36756 24987   41.85551   61  761   47.00000   39.89901  15.1%   632 1045s
 36765 24993   44.50654  134  717   47.00000   39.89901  15.1%   632 1050s
 36769 24995   45.15870  101  695   47.00000   39.89901  15.1%   632 1055s
 36778 25001   43.09646   56  670   47.00000   39.93439  15.0%   631 1061s
 36784 25005   44.29296  106  666   47.00000   39.95592  15.0%   631 1065s
 36791 25010   40.04431   36  836   47.00000   39.99918  14.9%   631 1070s
 36796 25013   44.14313   39  725   47.00000   40.03107  14.8%   631 1075s
 36803 25018   42.75976  114  807   47.00000   40.05063  14.8%   631 1080s
 36812 25024   43.31770   48  772   47.00000   40.08489  14.7%   631 1085s
 36817 25027   42.66000   71  651   47.00000   40.09338  14.7%   631 1090s
 36823 25031   40.67051   36  728   47.00000   40.09942  14.7%   631 1095s
 36830 25036   45.26168   59  714   47.00000   40.12600  14.6%   630 1100s
 36835 25039   41.13325   53  899   47.00000   40.12993  14.6%   630 1105s
 36840 25043   45.14418   63  913   47.00000   40.14268  14.6%   630 1110s
 36847 25047   42.56355   93  874   47.00000   40.15448  14.6%   630 1115s
 36854 25052   40.52588   31  746   47.00000   40.16905  14.5%   630 1120s
 36858 25055   41.15004   49  771   47.00000   40.18667  14.5%   630 1125s
 36867 25061   43.57100   49  774   47.00000   40.20910  14.4%   630 1130s
 36872 25064   43.49794  110  907   47.00000   40.21904  14.4%   630 1135s
 36877 25067   44.69411   68  742   47.00000   40.22735  14.4%   630 1141s
 36882 25071   44.32695   53  818   47.00000   40.23592  14.4%   630 1145s
 36888 25075   43.22703   45  926   47.00000   40.25146  14.4%   629 1150s
 36895 25079   44.40632  115  712   47.00000   40.26892  14.3%   629 1155s
 36902 25084   43.10016   46  831   47.00000   40.28843  14.3%   629 1160s
 36907 25087   42.39935   46  671   47.00000   40.30319  14.2%   629 1165s
 36913 25091   41.00299   48  734   47.00000   40.31268  14.2%   629 1171s
 36918 25095   40.66530   40  869   47.00000   40.31772  14.2%   629 1175s
 36923 25098   40.67051   36  697   47.00000   40.32168  14.2%   629 1180s
 36929 25102   40.86977   32  753   47.00000   40.32537  14.2%   629 1185s
 36935 25106   41.13325   53  834   47.00000   40.32691  14.2%   629 1190s
 36940 25109   45.14418   63  811   47.00000   40.33217  14.2%   629 1195s
 36947 25114   42.56355   93  759   47.00000   40.34785  14.2%   628 1208s
 36948 25118   40.40268   31  581   47.00000   40.34785  14.2%   656 1210s
 36954 25128   40.52705   33  706   47.00000   40.40433  14.0%   656 1215s
 36962 25137   40.54657   34  817   47.00000   40.42313  14.0%   657 1220s
 36987 25156   41.16756   36  885   47.00000   40.54720  13.7%   662 1227s
 37001 25166   40.60676   36  794   47.00000   40.54720  13.7%   663 1230s
 37032 25186   40.65886   37  825   47.00000   40.54720  13.7%   666 1237s
 37046 25196   41.08409   38  775   47.00000   40.54720  13.7%   667 1241s
 37079 25228   41.57351   39  737   47.00000   40.54720  13.7%   670 1248s
 37105 25248   41.21779   39  767   47.00000   40.54720  13.7%   673 1252s
 37134 25263   41.70444   40  757   47.00000   40.54720  13.7%   676 1255s
 37190 25307   41.75676   41  726   47.00000   40.54720  13.7%   680 1260s
 37252 25337   42.32548   42  725   47.00000   40.54720  13.7%   682 1265s
 37301 25382   42.43080   43  727   47.00000   40.54720  13.7%   683 1270s
 37377 25429   43.36310   45  699   47.00000   40.54720  13.7%   685 1276s
 37458 25484   42.52054   48  666   47.00000   40.54720  13.7%   686 1281s
 37563 25550   43.42380   50  650   47.00000   40.54720  13.7%   687 1288s
 37622 25588   43.21235   52  623   47.00000   40.63762  13.5%   688 1291s
 37750 25637   43.33347   55  620   47.00000   40.63762  13.5%   689 1299s
 37810 25660   43.58211   57  556   47.00000   40.66579  13.5%   690 1303s
 37856 25695   43.81870   58  479   47.00000   40.67967  13.4%   691 1307s
 37920 25734   43.83561   61  485   47.00000   40.67967  13.4%   692 1311s
 37984 25757   43.96419   63  497   47.00000   40.67967  13.4%   693 1315s
 38112 25831   44.09191   67  542   47.00000   40.67967  13.4%   695 1324s
 38187 25867   44.15091   70  499   47.00000   40.68168  13.4%   696 1329s
 38262 25853   44.22888   72  505   47.00000   40.68222  13.4%   697 1333s
 38274 25867   44.94953   72  451   47.00000   40.68222  13.4%   697 1339s
 38296 25883   44.24810   73  486   47.00000   40.68222  13.4%   698 1343s
 38330 25911   44.58024   73  453   47.00000   40.68222  13.4%   698 1347s
 38389 25943   44.25737   74  481   47.00000   40.70192  13.4%   698 1353s
 38468 25981   44.28992   77  439   47.00000   40.70248  13.4%   698 1360s
 38548 26011   44.34208   81  418   47.00000   40.76115  13.3%   699 1365s
 38617 26048   44.97221   85  335   47.00000   40.76115  13.3%   701 1371s
 38717 26081   45.51544   94  537   47.00000   40.79047  13.2%   702 1378s
 38804 26141   41.01156   37  707   47.00000   40.79047  13.2%   703 1384s
 38904 26206   41.15184   44  600   47.00000   40.79047  13.2%   705 1391s
 39047 26258   41.47345   52  482   47.00000   40.81771  13.2%   705 1399s
 39199 26304   42.17081   61  403   47.00000   40.82631  13.1%   705 1406s
 39365 26327   43.71979   70  347   47.00000   40.84718  13.1%   705 1413s
 39503 26365   41.72266   38  745   47.00000   40.84718  13.1%   706 1422s
 39639 26424   41.96114   44  590   47.00000   40.87503  13.0%   708 1431s
 39793 26503   43.34914   52  473   47.00000   40.87503  13.0%   709 1439s
 39964 26566   43.53099   65  402   47.00000   40.87503  13.0%   710 1448s
 40157 26640   43.96742   80  347   47.00000   40.87503  13.0%   710 1458s
 40373 26672   45.73067  100  248   47.00000   40.95727  12.9%   711 1467s
 40535 26772   41.02163   39  625   47.00000   40.95727  12.9%   712 1477s
 40722 26860   41.31761   49  487   47.00000   40.96864  12.8%   713 1487s
 40947 26977   41.75990   62  436   47.00000   40.97336  12.8%   714 1498s
 41161 27133   43.83328   86  385   47.00000   40.99990  12.8%   715 1508s
 41457 27185   45.30950  132  299   47.00000   41.00629  12.8%   715 1520s
 41799 27223   41.41609   38  610   47.00000   41.00629  12.8%   715 1531s
 42008 27338   41.79521   45  551   47.00000   41.00967  12.7%   716 1543s
 42260 27500   41.89762   54  453   47.00000   41.01540  12.7%   718 1555s
 42592 27607   42.59005   63  381   47.00000   41.01605  12.7%   717 1568s
 42955 27739   42.92445   74  361   47.00000   41.02155  12.7%   717 1581s
 43365 27883   42.98405   91  329   47.00000   41.02156  12.7%   716 1595s
 43788 28076   43.02451  108  393   47.00000   41.03112  12.7%   715 1609s
 44190 28346   43.79420  127  409   47.00000   41.03112  12.7%   715 1623s
 44811 28486   44.27311  155  302   47.00000   41.03293  12.7%   711 1639s
 45387 28656   42.09781   57  458   47.00000   41.03293  12.7%   710 1655s
 45954 28878   41.78779   43  573   47.00000   41.03293  12.7%   708 1672s
 46526 29083   42.18655   56  476   47.00000   41.05858  12.6%   707 1688s
 46963 29517   42.85338   81  342   47.00000   41.05858  12.6%   709 1706s
 47705 29988   44.77060  136  260   47.00000   41.05858  12.6%   708 1723s
 48541 30362   42.82343   51  575   47.00000   41.05858  12.6%   706 1742s
 49372 30711   45.31456   74  325   47.00000   41.13338  12.5%   705 1761s
 50195 31131   42.15332   69  376   47.00000   41.13734  12.5%   704 1781s
 51055 31565   41.50185   43  530   47.00000   41.13734  12.5%   704 1803s
 51908 31998   41.99381   39  643   47.00000   41.13734  12.5%   702 1824s
 52810 32309   44.88640   55  479   47.00000   41.16577  12.4%   701 1847s
 53567 32636   44.52424   50  674   47.00000   41.16638  12.4%   701 1871s
 54359 33079   41.69893   48  540   47.00000   41.19297  12.4%   702 1898s
 55310 33462   42.71652   62  518   47.00000   41.20037  12.3%   702 1922s
 56195 33731   43.27793   47  563   47.00000   41.20206  12.3%   702 1944s
 56891 34005   43.05467   51  606   47.00000   41.20206  12.3%   702 1968s
 57656 34717   41.96773   54  489   47.00000   41.23224  12.3%   704 1994s
 58796 34889   41.90478   53  526   47.00000   41.24899  12.2%   701 2020s
 59486 35533   41.43036   40  751   47.00000   41.26967  12.2%   702 2049s
 60588 36048   43.08000   60  350   47.00000   41.27378  12.2%   701 2078s
 61702 36325   44.49101   94  293   47.00000   41.29914  12.1%   700 2107s
 62497 36969   45.11430   82  399   47.00000   41.30383  12.1%   703 2136s
 63569 37593   43.24632   55  547   47.00000   41.30383  12.1%   702 2168s
 64805 37980   41.95376   44  686   47.00000   41.32320  12.1%   701 2203s
 65787 38408   44.28169   59  443   47.00000   41.32320  12.1%   701 2239s
 66695 38803   44.39503  102  339   47.00000   41.32320  12.1%   701 2278s
 67528 39085   45.34679  103  411   47.00000   41.32320  12.1%   701 2317s
 68210 39433   45.34723  104  398   47.00000   41.34354  12.0%   703 2357s
 68932 39934     cutoff  105        47.00000   41.34797  12.0%   704 2399s
 69848 40112   45.34729  104  384   47.00000   41.36721  12.0%   704 2441s
 70523 40404   45.34914  105  346   47.00000   41.36721  12.0%   707 2487s
 71236 41041   45.35004  106  388   47.00000   41.37618  12.0%   707 2532s
 72238 41526     cutoff  107        47.00000   41.37618  12.0%   708 2581s
 73271 42036 infeasible  108        47.00000   41.39475  11.9%   708 2639s
 74388 42739   45.46898  109  352   47.00000   41.39533  11.9%   708 2701s
 75749 43826   45.87235  110  305   47.00000   41.40963  11.9%   707 2759s
 77570 44716   42.52019   41  577   47.00000   41.42936  11.9%   706 2809s
 79373 45459   42.41790   79  372   47.00000   41.44915  11.8%   707 2856s
 81129 45815   43.70730   58  507   47.00000   41.46347  11.8%   707 2899s
 82477 45711   43.73010   60  456   47.00000   41.46991  11.8%   709 2937s
 82900 46897   42.47331   54  577   47.00000   41.47193  11.8%   709 2980s
 84391 48137   43.41373  122  324   47.00000   41.47362  11.8%   708 3024s
 86471 48454   42.74645   51  538   47.00000   41.48775  11.7%   705 3064s
 87763 49212   42.13430   56  459   47.00000   41.50061  11.7%   706 3105s
 89148 49929   43.64650   58  518   47.00000   41.51006  11.7%   707 3143s
 90598 51341   43.06475   61  366   47.00000   41.51686  11.7%   706 3186s
 92999 51391   42.28110   40  707   47.00000   41.51960  11.7%   704 3211s
 94005 51639   43.71385   62  349   47.00000   41.51960  11.7%   703 3237s
 94745 52840   42.58728   50  424   47.00000   41.52249  11.7%   703 3264s
 96399 53176   42.55291   51  561   47.00000   41.53455  11.6%   700 3290s
 97492 53877   44.89099  129  352   47.00000   41.53696  11.6%   698 3317s
 98728 54294   41.73236   50  603   47.00000   41.54427  11.6%   697 3344s
 99716 54924   43.05652   73  354   47.00000   41.54427  11.6%   697 3370s
 100916 55491   43.13038   56  448   47.00000   41.55026  11.6%   696 3397s
 102026 55813   45.42281  111  281   47.00000   41.56370  11.6%   696 3424s
 102928 56129   45.48383   78  320   47.00000   41.56370  11.6%   697 3453s
 103741 56632   43.11957   55  634   47.00000   41.56667  11.6%   698 3482s
 104667 57444   44.25619   73  384   47.00000   41.57050  11.6%   700 3512s
 106013 57904   42.04338   59  591   47.00000   41.57838  11.5%   699 3542s
 107159 58374   42.98367   61  398   47.00000   41.57939  11.5%   699 3572s
 108197 58740   44.10699   80  422   47.00000   41.58762  11.5%   700 3600s

Cutting planes:
  Lift-and-project: 2
  Cover: 422
  Implied bound: 2
  Dual implied bound: 59
  Clique: 1
  MIR: 812
  StrongCG: 2
  Flow cover: 2487
  Flow path: 1078
  Inf proof: 17
  Zero half: 28
  Network: 99
  Relax-and-lift: 1

Explored 109183 nodes (76539829 simplex iterations) in 3600.02 seconds (4296.37 work units)
Thread count was 12 (of 12 available processors)

Solution count 9: 47 48 49 ... 58

Time limit reached
Best objective 4.700000000000e+01, best bound 4.200000000000e+01, gap 10.6383%

User-callback calls 537289, time in user-callback 3.92 sec
Série salva em: plots/Philadelphia_n800_m2404_st_25.txt__R3__timeseries.csv
Gráfico salvo em: plots/Philadelphia_n800_m2404_st_25.txt__R3__lb_ub.png

================================================================================
Arquivo: bip42p.txt
================================================================================

[bip42p.txt] ===== R = 200 =====
Set parameter TimeLimit to value 3600
Gurobi Optimizer version 12.0.3 build v12.0.3rc0 (linux64 - "Linux Mint 22.1")

CPU model: 13th Gen Intel(R) Core(TM) i5-13420H, instruction set [SSE2|AVX|AVX2]
Thread count: 12 physical cores, 12 logical processors, using up to 12 threads

Non-default parameters:
TimeLimit  3600

Optimize a model with 3600 rows, 9164 columns and 34256 nonzeros
Model fingerprint: 0x303a89c7
Variable types: 0 continuous, 9164 integer (1200 binary)
Coefficient statistics:
  Matrix range     [1e+00, 1e+02]
  Objective range  [1e+00, 1e+00]
  Bounds range     [1e+00, 1e+00]
  RHS range        [1e+00, 1e+00]
Presolve removed 468 rows and 468 columns
Presolve time: 0.03s
Presolved: 3132 rows, 8696 columns, 32642 nonzeros
Variable types: 0 continuous, 8696 integer (1152 binary)

Root relaxation: objective 1.000000e+00, 5662 iterations, 0.10 seconds (0.15 work units)

    Nodes    |    Current Node    |     Objective Bounds      |     Work
 Expl Unexpl |  Obj  Depth IntInf | Incumbent    BestBd   Gap | It/Node Time

     0     0    1.00000    0  100          -    1.00000      -     -    0s
H    0     0                     100.0000000    1.00000  99.0%     -    0s
H    0     0                      99.0000000    1.00000  99.0%     -    0s
H    0     0                      98.0000000    1.00000  99.0%     -    0s
H    0     0                      97.0000000    1.00000  99.0%     -    0s
H    0     0                      96.0000000    1.00000  99.0%     -    0s
H    0     0                      95.0000000    1.00000  98.9%     -    0s
H    0     0                      93.0000000    1.00000  98.9%     -    0s
H    0     0                      90.0000000    1.00000  98.9%     -    0s
H    0     0                      83.0000000    1.00000  98.8%     -    0s
H    0     0                      82.0000000    1.00000  98.8%     -    0s
H    0     0                      81.0000000    1.00000  98.8%     -    0s
H    0     0                      78.0000000   12.64320  83.8%     -    1s
H    0     0                      77.0000000   12.64320  83.6%     -    1s
H    0     0                      76.0000000   12.64320  83.4%     -    1s
H    0     0                      74.0000000   12.64320  82.9%     -    1s
H    0     0                      73.0000000   12.64320  82.7%     -    1s
H    0     0                      72.0000000   12.64320  82.4%     -    1s
H    0     0                      71.0000000   12.64320  82.2%     -    1s
H    0     0                      69.0000000   12.64320  81.7%     -    1s
H    0     0                      68.0000000   12.64320  81.4%     -    1s
H    0     0                      67.0000000   12.64320  81.1%     -    1s
H    0     0                      66.0000000   12.64320  80.8%     -    1s
H    0     0                      65.0000000   12.64320  80.5%     -    1s
H    0     0                      64.0000000   12.64320  80.2%     -    1s
     0     0   12.64320    0  546   64.00000   12.64320  80.2%     -    1s
H    0     0                      62.0000000   15.29674  75.3%     -    2s
H    0     0                      61.0000000   15.29674  74.9%     -    2s
     0     0   15.35364    0  603   61.00000   15.35364  74.8%     -    2s
     0     0   15.35364    0  595   61.00000   15.35364  74.8%     -    2s
     0     0   15.35364    0  587   61.00000   15.35364  74.8%     -    2s
     0     0   15.35364    0  588   61.00000   15.35364  74.8%     -    2s
H    0     0                      60.0000000   23.84731  60.3%     -    4s
     0     0   23.84731    0  783   60.00000   23.84731  60.3%     -    4s
     0     0   26.13674    0  789   60.00000   26.13674  56.4%     -    5s
     0     0   26.24781    0  825   60.00000   26.24781  56.3%     -    6s
     0     0   26.25809    0  781   60.00000   26.25809  56.2%     -    6s
H    0     0                      58.0000000   29.02577  50.0%     -    8s
     0     0   29.02577    0  755   58.00000   29.02577  50.0%     -    8s
     0     0   30.31052    0  785   58.00000   30.31052  47.7%     -    9s
     0     0   30.67529    0  866   58.00000   30.67529  47.1%     -   10s
     0     0   30.77474    0  892   58.00000   30.77474  46.9%     -   10s
H    0     0                      57.0000000   30.78894  46.0%     -   11s
     0     0   30.78894    0  942   57.00000   30.78894  46.0%     -   11s
     0     0   31.24662    0  796   57.00000   31.24662  45.2%     -   13s
H    0     0                      56.0000000   31.42299  43.9%     -   14s
     0     0   31.42299    0  939   56.00000   31.42299  43.9%     -   14s
     0     0   31.59636    0  968   56.00000   31.59636  43.6%     -   16s
     0     0   31.63815    0 1036   56.00000   31.63815  43.5%     -   17s
     0     0   31.66133    0 1080   56.00000   31.66133  43.5%     -   18s
     0     0   31.68166    0 1093   56.00000   31.68166  43.4%     -   19s
     0     0   31.73426    0 1186   56.00000   31.73426  43.3%     -   21s
     0     0   31.76403    0 1254   56.00000   31.76403  43.3%     -   23s
     0     0   31.81990    0 1378   56.00000   31.81990  43.2%     -   25s
     0     0   31.81991    0 1378   56.00000   31.81991  43.2%     -   25s
H    0     0                      55.0000000   31.81991  42.1%     -   29s
     0     2   31.81991    0 1378   55.00000   31.81991  42.1%     -   29s
     1     4   31.88255    1 1296   55.00000   31.81995  42.1%  2089   30s
     7    16   32.66760    3 1452   55.00000   32.05559  41.7%  6321   41s
    15    28   32.96702    4 1526   55.00000   32.42209  41.1%  6947   48s
    27    38   32.75637    5 1423   55.00000   32.63270  40.7%  7807   66s
H   37    59                      53.0000000   32.63270  38.4%  8922   78s
H   38    59                      52.0000000   32.63270  37.2%  8859   78s
H   48    59                      51.0000000   32.63270  36.0%  8018   78s
    58    83   33.26412    7 1368   51.00000   32.63270  36.0%  7358   88s
    82   107   33.39360    8 1342   51.00000   32.63270  36.0%  6852  101s
   106   140   33.40744    9 1303   51.00000   32.63270  36.0%  6016  110s
   139   166   33.48686   11 1330   51.00000   32.63270  36.0%  5251  118s
   165   189   33.50800   14 1320   51.00000   32.63270  36.0%  4912  125s
   188   201   33.57582   16 1285   51.00000   32.63270  36.0%  4675  132s
   200   217   33.87157   15 1227   51.00000   32.63270  36.0%  4593  145s
   216   231   33.58195   17 1281   51.00000   32.63270  36.0%  4450  151s
   230   245   33.76248   18 1238   51.00000   32.63270  36.0%  4378  158s
   244   259   33.98606   17 1238   51.00000   32.63270  36.0%  4295  164s
   258   272   33.78048   18 1285   51.00000   32.63270  36.0%  4223  171s
   271   286   33.85735   16 1221   51.00000   32.63270  36.0%  4211  177s
   285   298   33.76437   19 1258   51.00000   32.63270  36.0%  4213  183s
   297   313   33.79499   19 1259   51.00000   32.63270  36.0%  4169  189s
   312   329   33.85138   20 1231   51.00000   32.63270  36.0%  4105  198s
   328   344   33.90886   20 1246   51.00000   32.63270  36.0%  4083  205s
   343   360   34.01653   20 1232   51.00000   32.63270  36.0%  4067  212s
   359   377   34.00330   21 1207   51.00000   32.63270  36.0%  4047  219s
   376   389   34.09473   21 1184   51.00000   32.63270  36.0%  3989  232s
   388   414   34.16783   19 1229   51.00000   32.63270  36.0%  3971  240s
   413   440   34.19015   20 1182   51.00000   32.63270  36.0%  3891  249s
H  414   440                      49.0000000   32.63270  33.4%  3881  249s
   439   477   34.07522   22 1172   49.00000   32.63270  33.4%  3844  258s
   476   520   34.14260   23 1217   49.00000   32.63270  33.4%  3746  269s
   519   573   34.33317   23 1199   49.00000   32.63270  33.4%  3677  280s
   572   617   34.51492   24 1133   49.00000   32.63270  33.4%  3546  291s
   616   663   34.41790   25 1181   49.00000   32.63270  33.4%  3505  301s
   662   699   34.43816   26 1167   49.00000   32.63270  33.4%  3432  317s
   698   753   34.52258   28 1162   49.00000   32.63270  33.4%  3392  329s
   752   809   34.68671   33 1211   49.00000   32.63270  33.4%  3344  341s
   808   821   34.96131   33 1142   49.00000   32.63270  33.4%  3302  350s
H  811   821                      47.0000000   32.63270  30.6%  3296  350s
   820   889   34.79867   34 1128   47.00000   32.63270  30.6%  3293  363s
   888   930   34.96261   38 1103   47.00000   32.63270  30.6%  3218  374s
H  902   930                      46.0000000   32.63270  29.1%  3214  374s
   929  1011   35.45333   38 1130   46.00000   32.63270  29.1%  3197  388s
  1010  1090   35.22467   40 1123   46.00000   32.63270  29.1%  3117  403s
  1089  1182   35.20844   40 1063   46.00000   32.63270  29.1%  3070  417s
  1181  1292   35.38990   44 1023   46.00000   32.63270  29.1%  2991  432s
  1291  1402   35.72104   44 1015   46.00000   32.63270  29.1%  2893  447s
  1401  1535   36.05598   47  981   46.00000   32.63270  29.1%  2812  464s
  1534  1697   35.99287   55 1000   46.00000   32.63270  29.1%  2708  479s
  1696  1857   36.33391   59 1017   46.00000   32.63270  29.1%  2581  496s
  1856  2015   36.47336   61  940   46.00000   32.63270  29.1%  2487  513s
  2014  2175   36.74981   64 1037   46.00000   32.63270  29.1%  2415  530s
  2174  2371   36.88413   69 1019   46.00000   32.63270  29.1%  2353  548s
  2370  2573   37.11058   78  953   46.00000   32.63270  29.1%  2278  566s
  2572  2831   37.50059   81  907   46.00000   32.63270  29.1%  2212  582s
  2830  3127   37.44430   88  909   46.00000   32.63270  29.1%  2102  598s
  3126  3444   37.65662   91  887   46.00000   32.63270  29.1%  1983  616s
  3443  3812   37.95176   93  852   46.00000   32.63270  29.1%  1880  632s
  3820  4055   38.11479   93  860   46.00000   32.63270  29.1%  1760  650s
H 3823  3996                      45.0000000   32.63270  27.5%  1759  650s
  4097  4033   38.39570   99  801   45.00000   32.63270  27.5%  1702  670s
  4256  4136   38.52658  105  818   45.00000   32.63270  27.5%  1698  690s
  4365  4251   39.41672  111  762   45.00000   32.63270  27.5%  1715  711s
  4485  4377   39.53338  115  830   45.00000   32.66788  27.4%  1730  732s
  4611  4510   39.93290  124  823   45.00000   32.66788  27.4%  1741  754s
  4752  4667   40.30257  135  817   45.00000   32.80403  27.1%  1752  778s
  4910  4668   42.75733  136 1378   45.00000   32.80403  27.1%  1760  784s
  4912  4669   40.93310  199  100   45.00000   32.80403  27.1%  1759  785s
  4914  4671   33.89145   19 1118   45.00000   32.80403  27.1%  1759  790s
  4916  4672   34.51147   10 1205   45.00000   32.80403  27.1%  1758  796s
  4919  4674   43.09484  240 1365   45.00000   32.80403  27.1%  1757  800s
  4923  4677   42.34412  319 1485   45.00000   32.80403  27.1%  1755  807s
  4925  4678   37.92924  148 1640   45.00000   32.80403  27.1%  1755  811s
  4929  4681   43.45702  288 1627   45.00000   32.80403  27.1%  1753  816s
  4931  4682   41.53112  310 1610   45.00000   32.80403  27.1%  1753  820s
  4933  4683   36.06639   78 1638   45.00000   32.80403  27.1%  1752  825s
  4936  4685   38.65316  150 1686   45.00000   32.80403  27.1%  1751  831s
  4939  4687   35.05103   19 1616   45.00000   32.80403  27.1%  1750  837s
  4942  4689   35.45349   39 1728   45.00000   32.80403  27.1%  1749  841s
  4944  4691   33.93462   11 1710   45.00000   32.80403  27.1%  1748  845s
  4947  4693   36.55934   86 1723   45.00000   32.80403  27.1%  1747  850s
  4950  4695   36.18917   19 1667   45.00000   32.80403  27.1%  1746  856s
  4951  4695   34.90341   42 1667   45.00000   32.80403  27.1%  1745  886s
  4952  4699   32.80403   10 1613   45.00000   32.80403  27.1%  1771  891s
  4954  4702   32.85493   11 1593   45.00000   32.80403  27.1%  1773  897s
  4958  4709   33.01535   12 1696   45.00000   32.80403  27.1%  1778  908s
  4966  4718   33.37532   13 1804   45.00000   32.82735  27.1%  1785  925s
  4978  4725   33.57017   14 1718   45.00000   32.98075  26.7%  1804  954s
  4989  4753   33.91171   15 1701   45.00000   32.98091  26.7%  1830  978s
  5020  4771   34.17310   18 1549   45.00000   32.98091  26.7%  1850  995s
  5049  4788   34.57174   18 1438   45.00000   32.98091  26.7%  1876 1009s
  5075  4805   34.36209   20 1549   45.00000   32.98091  26.7%  1890 1023s
  5101  4821   34.63173   20 1477   45.00000   32.98091  26.7%  1903 1036s
  5126  4838   34.76698   22 1425   45.00000   32.98091  26.7%  1914 1048s
  5151  4854   35.10313   23 1403   45.00000   32.98091  26.7%  1927 1062s
  5175  4873   35.36956   24 1343   45.00000   32.98091  26.7%  1938 1075s
  5202  4882   35.23195   23 1396   45.00000   32.98091  26.7%  1949 1084s
  5220  4898   35.53046   25 1283   45.00000   32.98091  26.7%  1958 1096s
  5242  4910   35.59913   25 1378   45.00000   32.98091  26.7%  1970 1106s
  5262  4925   35.54760   26 1427   45.00000   32.98091  26.7%  1984 1118s
  5283  4947   35.68977   27 1381   45.00000   32.98091  26.7%  1993 1128s
  5312  4966   35.70629   28 1388   45.00000   32.98091  26.7%  2000 1139s
  5341  4968   35.93740   30 1256   45.00000   32.98091  26.7%  2008 1153s
  5353  4977   36.00703   31 1317   45.00000   32.98091  26.7%  2013 1180s
  5366  4985   36.16150   32 1283   45.00000   32.98091  26.7%  2016 1193s
  5378  4993   36.22065   33 1234   45.00000   32.98091  26.7%  2021 1205s
  5390  5001   36.32382   34 1264   45.00000   32.98091  26.7%  2029 1216s
  5402  5009   36.45059   34 1223   45.00000   32.98091  26.7%  2031 1228s
  5414  5017   36.55997   33 1202   45.00000   32.98091  26.7%  2035 1241s
  5426  5025   36.45209   35 1221   45.00000   32.98091  26.7%  2037 1253s
  5438  5033   36.53319   36 1172   45.00000   32.98091  26.7%  2039 1266s
  5450  5043   36.57499   37 1138   45.00000   32.98091  26.7%  2041 1280s
  5464  5053   36.58338   38 1167   45.00000   32.98091  26.7%  2043 1294s
  5479  5062   36.59664   39 1145   45.00000   32.98091  26.7%  2047 1309s
  5493  5074   36.93798   37 1142   45.00000   32.98091  26.7%  2050 1334s
H 5509  4848                      44.0000000   32.98091  25.0%  2052 1360s
  5525  4903   36.73896   40 1189   44.00000   32.98091  25.0%  2056 1379s
  5585  4950   36.81524   43 1146   44.00000   32.98091  25.0%  2065 1397s
  5652  5002   37.19714   49 1119   44.00000   32.98091  25.0%  2073 1416s
  5726  5058   37.42619   53 1163   44.00000   32.98091  25.0%  2081 1434s
  5807  5122   37.89246   58 1038   44.00000   32.98091  25.0%  2088 1454s
  5898  5197   38.34551   66 1026   44.00000   32.98091  25.0%  2093 1474s
  6003  5263   38.53689   77  983   44.00000   32.98091  25.0%  2091 1494s
  6104  5344   38.55512   82  954   44.00000   32.98091  25.0%  2090 1514s
  6219  5438   39.19097   93  832   44.00000   32.98091  25.0%  2091 1534s
  6351  5543   40.43935  101  848   44.00000   32.98091  25.0%  2086 1554s
  6500  5639   40.51123  117  779   44.00000   32.98091  25.0%  2076 1575s
  6646  5775   40.80758  119  706   44.00000   32.98091  25.0%  2071 1594s
  6842  5870   41.77475  144  745   44.00000   32.98091  25.0%  2049 1616s
  7021  5948   42.39716  163  681   44.00000   33.00144  25.0%  2032 1639s
  7197  6004   42.92781  180  580   44.00000   33.01069  25.0%  2020 1665s
  7322  6096   34.28719   17 1491   44.00000   33.01069  25.0%  2021 1688s
  7469  6183   36.15282   22 1285   44.00000   33.01069  25.0%  2020 1715s
  7607  6286   36.98394   27 1261   44.00000   33.02437  24.9%  2024 1741s
  7756  6395   38.18322   35 1207   44.00000   33.02437  24.9%  2026 1768s
  7915  6539   39.40797   42 1186   44.00000   33.02437  24.9%  2025 1795s
  8129  6657   40.27846   52 1013   44.00000   33.02437  24.9%  2014 1825s
  8356  6716   41.41495   66  980   44.00000   33.11918  24.7%  2000 1853s
  8539  6779   34.18680   14 1527   44.00000   33.15687  24.6%  1988 1883s
  8703  6874   35.13969   19 1371   44.00000   33.15687  24.6%  1986 1915s
  8892  7009   36.49160   24 1126   44.00000   33.15687  24.6%  1980 1949s
  9075  6948   41.82257   75  973   44.00000   33.15687  24.6%  1973 1950s
  9099  7153   37.62168   34 1184   44.00000   33.15687  24.6%  1973 1981s
  9328  7274   38.45351   46 1100   44.00000   33.15687  24.6%  1960 2017s
  9576  7384   39.86422   65  994   44.00000   33.30928  24.3%  1949 2055s
  9840  7456   41.13521   94  938   44.00000   33.30928  24.3%  1937 2095s
 10032  7607   34.24724   20 1450   44.00000   33.30928  24.3%  1941 2138s
 10247  7784   36.58597   30 1104   44.00000   33.30928  24.3%  1944 2187s
 10549  7970   39.02539   47  962   44.00000   33.30928  24.3%  1933 2231s
 10843  8205   41.36820   76  761   44.00000   33.32316  24.3%  1925 2279s
 11243  8270   33.59627   20 1554   44.00000   33.36503  24.2%  1899 2327s
 11485  8444   35.43831   28 1283   44.00000   33.36503  24.2%  1901 2378s
 11740  8753   38.99334   49  701   44.00000   33.37533  24.1%  1906 2438s
 12247  8819   33.91754   15 1587   44.00000   33.45546  24.0%  1882 2494s
 12498  9039   35.38784   23 1493   44.00000   33.45546  24.0%  1886 2554s
 12839  9248   37.61534   37 1090   44.00000   33.46604  23.9%  1883 2614s
 13194  9354   42.29664   75  570   44.00000   33.46604  23.9%  1882 2677s
 13501  9439   33.90024   19 1577   44.00000   33.46604  23.9%  1881 2741s
 13708  9604   34.27478   24 1504   44.00000   33.46604  23.9%  1893 2808s
 13978  9750   34.59433   29 1461   44.00000   33.46604  23.9%  1899 2880s
 14246  9966   35.25237   34 1464   44.00000   33.46604  23.9%  1907 2956s
 14575 10161   35.87006   40 1406   44.00000   33.46604  23.9%  1913 3035s
 14914 10398   36.23782   47 1382   44.00000   33.46604  23.9%  1918 3118s
 15300 10760   36.93148   54 1222   44.00000   33.46604  23.9%  1923 3203s
 15847 10952   37.70365   63 1222   44.00000   33.46604  23.9%  1911 3292s
 16234 11289   38.40655   73 1058   44.00000   33.46604  23.9%  1915 3386s
 16726 11535   39.33345   90  964   44.00000   33.46604  23.9%  1915 3482s
 17183 11824   40.24102  117  824   44.00000   33.46604  23.9%  1917 3582s
 17675 11735   41.96136  148  849   44.00000   33.46604  23.9%  1919 3600s

Cutting planes:
  Learned: 1
  Cover: 124
  Dual implied bound: 2
  MIR: 602
  StrongCG: 1
  Flow cover: 2753
  Flow path: 855
  Zero half: 1
  Network: 24
  Relax-and-lift: 4

Explored 17750 nodes (34156297 simplex iterations) in 3600.01 seconds (3822.15 work units)
Thread count was 12 (of 12 available processors)

Solution count 10: 44 45 46 ... 56

Time limit reached
Best objective 4.400000000000e+01, best bound 3.400000000000e+01, gap 22.7273%

User-callback calls 291490, time in user-callback 3.02 sec
Série salva em: plots/bip42p.txt__R200__timeseries.csv
Gráfico salvo em: plots/bip42p.txt__R200__lb_ub.png

================================================================================
Arquivo: cc10-2u.txt
================================================================================

[cc10-2u.txt] ===== R = 4 =====
Set parameter TimeLimit to value 3600
Gurobi Optimizer version 12.0.3 build v12.0.3rc0 (linux64 - "Linux Mint 22.1")

CPU model: 13th Gen Intel(R) Core(TM) i5-13420H, instruction set [SSE2|AVX|AVX2]
Thread count: 12 physical cores, 12 logical processors, using up to 12 threads

Non-default parameters:
TimeLimit  3600

Optimize a model with 3072 rows, 340148 columns and 1358544 nonzeros
Model fingerprint: 0x2b7ee5eb
Variable types: 0 continuous, 340148 integer (1024 binary)
Coefficient statistics:
  Matrix range     [1e+00, 7e+01]
  Objective range  [1e+00, 1e+00]
  Bounds range     [1e+00, 1e+00]
  RHS range        [1e+00, 1e+00]
Found heuristic solution: objective 78.0000000
Presolve added 1024 rows and 1024 columns
Presolve time: 0.79s
Presolved: 4096 rows, 341172 columns, 684392 nonzeros
Variable types: 0 continuous, 341172 integer (1024 binary)
Deterministic concurrent LP optimizer: primal simplex, dual simplex, and barrier
Showing barrier log only...

Root barrier log...

Ordering time: 0.16s

Barrier performed 0 iterations in 1.42 seconds (2.12 work units)
Barrier solve interrupted - model solved by another algorithm

Concurrent spin time: 0.12s (can be avoided by choosing Method=3)

Solved with primal simplex

Root relaxation: objective 1.492537e-01, 4415 iterations, 0.52 seconds (0.55 work units)

    Nodes    |    Current Node    |     Objective Bounds      |     Work
 Expl Unexpl |  Obj  Depth IntInf | Incumbent    BestBd   Gap | It/Node Time

     0     0    0.14925    0   10   78.00000    0.14925   100%     -    1s
H    0     0                      10.0000000    0.14925  98.5%     -    1s
H    0     0                       8.0000000    0.14925  98.1%     -    2s
H    0     0                       6.0000000    0.14925  97.5%     -    2s
H    0     0                       5.0000000    0.14925  97.0%     -    2s
H    0     0                       4.0000000    0.14925  96.3%     -    3s
     0     0    0.14925    0   10    4.00000    0.14925  96.3%     -    8s
H    0     0                       3.0000000    0.14925  95.0%     -   10s
     0     0    0.14925    0   10    3.00000    0.14925  95.0%     -   19s
     0     0    0.14925    0   10    3.00000    0.14925  95.0%     -   21s
     0     0    0.14925    0   10    3.00000    0.14925  95.0%     -   23s
     0     0    0.14925    0   37    3.00000    0.14925  95.0%     -   23s
     0     0    0.14925    0   10    3.00000    0.14925  95.0%     -   24s
     0     0    0.14925    0   10    3.00000    0.14925  95.0%     -   24s
     0     2    1.00000    0   10    3.00000    1.00000  66.7%     -   47s
     3     6    1.00000    2   10    3.00000    1.00000  66.7%  1421   54s
     7     8    1.00000    3   10    3.00000    1.00000  66.7%  1216   60s
    13    10    1.00000    4   10    3.00000    1.00000  66.7%  1139   67s
    31    28    1.00000    6   10    3.00000    1.00000  66.7%   723   77s
    63    49    1.11940    9    8    3.00000    1.00000  66.7%   514   83s
   102    76    1.11940   10    8    3.00000    1.00000  66.7%   446   91s
   136   112    1.11940   11   89    3.00000    1.00000  66.7%   404  100s
   192   130    1.11940   15   37    3.00000    1.00000  66.7%   323  110s
   218   150    1.11940   17   32    3.00000    1.00000  66.7%   290  115s
   254   179    1.11940   20    8    3.00000    1.00000  66.7%   258  121s
   285   225    1.11940   22    8    3.00000    1.00000  66.7%   232  126s
   321   237    1.11940   27    8    3.00000    1.00000  66.7%   209  130s
   357   279    1.11940   29    8    3.00000    1.00000  66.7%   190  136s
   432   371    1.11940   31    8    3.00000    1.00000  66.7%   160  141s
   546   486    1.11940   33    8    3.00000    1.00000  66.7%   131  147s
   610   560    1.11940   34    8    3.00000    1.00000  66.7%   122  151s
   775   753    1.11940   36    8    3.00000    1.00000  66.7%  98.5  156s
   889   878    1.11940   49    8    3.00000    1.00000  66.7%  87.3  161s
  1023  1012    1.11940   64    8    3.00000    1.00000  66.7%  77.2  165s
  1336  1355    1.11940  102    8    3.00000    1.00000  66.7%  62.7  173s
  1527  1506    1.11940  125    8    3.00000    1.00000  66.7%  56.5  176s
  1686  1716    1.11940  147    8    3.00000    1.00000  66.7%  52.5  181s
  1904  1717    1.11940   21   10    3.00000    1.00000  66.7%  48.0  188s
  1906  1718    1.11940   92   10    3.00000    1.00000  66.7%  48.0  193s
  1907  1719    1.11940   49   10    3.00000    1.00000  66.7%  48.0  195s
  1908  1720    1.13433   14   10    3.00000    1.00000  66.7%  47.9  208s
  1909  1722    1.00000   14   10    3.00000    1.00000  66.7%  54.5  217s
  1914  1723    1.00000   16   10    3.00000    1.00000  66.7%  55.3  220s
  1938  1721    1.00000   20   10    3.00000    1.00000  66.7%  56.3  228s
  1955  1714    1.00000   21   10    3.00000    1.00000  66.7%  57.6  235s
  2010  1703    1.13433   23    9    3.00000    1.00000  66.7%  60.4  243s
  2036  1694    1.13433   24    9    3.00000    1.00000  66.7%  60.5  246s
  2049  1690    1.13433   25    9    3.00000    1.00000  66.7%  60.5  253s
  2063  1687    1.13433   26    9    3.00000    1.00000  66.7%  61.0  255s
  2087  1685    1.13433   28    9    3.00000    1.00000  66.7%  61.0  260s
  2111  1680    1.13433   30    8    3.00000    1.00000  66.7%  61.6 1266s
  2124  1678    1.13433   31    9    3.00000    1.00000  66.7%  61.7 1273s
  2136  1677    1.13433   32    9    3.00000    1.00000  66.7%  61.6 1277s
  2148  1679    1.13433   33    9    3.00000    1.00000  66.7%  61.5 1282s
  2167  1685    1.13433   34    9    3.00000    1.00000  66.7%  61.3 1287s
  2203  1681    1.13433   36    9    3.00000    1.00000  66.7%  60.9 1291s
  2226  1678    1.13433   41    9    3.00000    1.00000  66.7%  61.7 1296s
  2264  1676    1.13433   46    9    3.00000    1.00000  66.7%  62.1 1303s
  2283  1674    1.13433   47    9    3.00000    1.00000  66.7%  62.4 1307s
  2295  1680    1.13433   48    9    3.00000    1.00000  66.7%  62.1 1311s
  2348  1678    1.13433   50    9    3.00000    1.00000  66.7%  61.2 1318s
  2366  1683    1.13433   51    9    3.00000    1.00000  66.7%  60.9 1323s
  2395  1679    1.13433   52    9    3.00000    1.00000  66.7%  60.7 1327s
  2432  1674    1.13433   53    9    3.00000    1.00000  66.7%  60.4 1332s
  2472  1670    1.13433   54    9    3.00000    1.00000  66.7%  61.7 1338s
  2512  1662    1.13433   55    9    3.00000    1.00000  66.7%  63.7 1343s
  2541  1672    1.13433   56    9    3.00000    1.00000  66.7%  64.1 1349s
  2617  1674    1.13433   57    9    3.00000    1.00000  66.7%  64.3 1357s
  2688  1662     cutoff   63         3.00000    1.00000  66.7%  64.9 1362s
  2742  1649    1.13433   65    9    3.00000    1.00000  66.7%  65.1 1367s
  2763  1655     cutoff   65         3.00000    1.00000  66.7%  65.1 1373s
  2832  1657    1.13433   75    9    3.00000    1.00000  66.7%  64.6 1378s
  2914  1630    1.13433   88    9    3.00000    1.00000  66.7%  64.9 1383s
  2945  1627    1.13433   89    9    3.00000    1.00000  66.7%  65.2 1389s
  2985  1624    1.13433   90    9    3.00000    1.00000  66.7%  65.6 1394s
  3038  1654    1.13433   91    9    3.00000    1.00000  66.7%  65.7 1400s
  3186  1668    1.13433  105    9    3.00000    1.00000  66.7%  63.5 1408s
  3365  1684     cutoff  118         3.00000    1.00000  66.7%  62.4 1417s
  3589  1714    1.13433  133    9    3.00000    1.00000  66.7%  61.3 1427s
  3831  1744     cutoff  146         3.00000    1.00000  66.7%  61.2 1437s
  4066  1795    1.13433  160    8    3.00000    1.00000  66.7%  61.2 1447s
  4398  1838    1.13433  185    8    3.00000    1.00000  66.7%  59.4 1456s
  4721  1902     cutoff  201         3.00000    1.00000  66.7%  57.6 1468s
  5024  1998    1.13433  217    9    3.00000    1.00000  66.7%  57.8 1478s
  5444  2108    1.13433  235    9    3.00000    1.00000  66.7%  56.2 1489s
  5888  2106    1.13433  257    7    3.00000    1.00000  66.7%  54.3 1499s
  6220  2214     cutoff  277         3.00000    1.00000  66.7%  53.8 1510s
  6639  2525     cutoff  305         3.00000    1.00000  66.7%  52.9 1530s
  7425  2918    1.13433  345    8    3.00000    1.00000  66.7%  51.0 1548s
  8174  3405    1.10448  285    7    3.00000    1.00000  66.7%  49.7 1565s
  8923  3986    1.10448  361    7    3.00000    1.00000  66.7%  48.7 1581s
  9689  4538    1.10448  448    7    3.00000    1.00000  66.7%  47.5 1595s
 10426  4990    1.13433  533    8    3.00000    1.00000  66.7%  46.4 1608s
 11130  5438    1.14925  618    9    3.00000    1.00000  66.7%  45.5 1622s
 11810  5893    1.13433  168    9    3.00000    1.00000  66.7%  45.0 1637s
 12506  6348    1.13433  252    8    3.00000    1.00000  66.7%  44.7 1653s
 13223  6366    1.13433  343    9    3.00000    1.00000  66.7%  44.2 1661s
 13287  6372    1.13433  344    9    3.00000    1.00000  66.7%  44.2 1668s
 13305  6606    1.13433  345    9    3.00000    1.00000  66.7%  44.5 1679s
 13694  7084    1.14925  436   10    3.00000    1.00000  66.7%  44.2 1695s
 14428  7506     cutoff  113         3.00000    1.00000  66.7%  43.6 1711s
 14998  7895    1.13433  121    9    3.00000    1.00000  66.7%  43.8 1728s
 15629  8300    1.13433  129    9    3.00000    1.00000  66.7%  44.0 1744s
 16222  8735     cutoff  137         3.00000    1.00000  66.7%  44.7 1760s
 16896  9236    1.13433  142    9    3.00000    1.00000  66.7%  44.7 1777s
 17607  9758     cutoff  152         3.00000    1.00000  66.7%  44.8 1793s
 18342 10230    1.13433  157    9    3.00000    1.00000  66.7%  44.7 1830s
 19339 10690    1.13433  189    8    3.00000    1.00000  66.7%  47.1 1856s
 20150 11333     cutoff  201         3.00000    1.00000  66.7%  47.2 1875s
 20972 11924    1.13433  220    9    3.00000    1.00000  66.7%  47.3 1895s
 21855 12385    1.13433  235    9    3.00000    1.00000  66.7%  47.2 1915s
 22647 12919    1.13433  258    9    3.00000    1.00000  66.7%  47.5 1931s
 23359 13539    1.13433  272    9    3.00000    1.00000  66.7%  47.1 1948s
 24197 14251     cutoff  301         3.00000    1.00000  66.7%  46.7 1964s
 25143 14975    1.14925  346   10    3.00000    1.00000  66.7%  46.0 1982s
 26141 15676     cutoff  388         3.00000    1.00000  66.7%  45.4 1998s
 27193 16447    1.14925  438    9    3.00000    1.00000  66.7%  44.7 2015s
 28268 17385     cutoff  475         3.00000    1.00000  66.7%  43.8 2034s
 29360 18338    1.11940  163    8    3.00000    1.00000  66.7%  42.7 2049s
 30446 19274    1.11940  254    8    3.00000    1.00000  66.7%  41.8 2064s
 31506 20216    1.13433  345    9    3.00000    1.00000  66.7%  40.8 2079s
 32591 21138    1.13433  373    9    3.00000    1.00000  66.7%  39.9 2096s
 33635 22071    1.10448  109    7    3.00000    1.00000  66.7%  39.1 2110s
 34685 23082    1.10448  200    7    3.00000    1.00000  66.7%  38.3 2125s
 35746 23570    1.10448  291    7    3.00000    1.00000  66.7%  37.4 2141s
 36539 23996    1.13433  224    9    3.00000    1.00000  66.7%  37.4 2435s
 37449 24369     cutoff  263         3.00000    1.00000  66.7%  38.8 2466s
 38362 24670    1.13433  299    9    3.00000    1.00000  66.7%  39.5 2492s
 39222 25022     cutoff  323         3.00000    1.00000  66.7%  40.1 2517s
 40073 25373    1.13433  352    9    3.00000    1.00000  66.7%  40.6 2544s
 40967 25723    1.14925  389   10    3.00000    1.00000  66.7%  40.8 2569s
 41831 26207    1.14925  435   10    3.00000    1.00000  66.7%  41.3 2595s
 42773 26921    1.11940  161    8    3.00000    1.00000  66.7%  41.4 2620s
 43723 27718    1.11940  243    8    3.00000    1.00000  66.7%  41.5 2639s
 44705 28444    1.13433  329    9    3.00000    1.00000  66.7%  41.1 2657s
 45680 29228    1.13433  227    9    3.00000    1.00000  66.7%  40.8 2675s
 46665 29998    1.13433  312    8    3.00000    1.00000  66.7%  40.4 2692s
 47702 30877    1.10448  299    7    3.00000    1.00000  66.7%  40.0 2708s
 48727 31551    1.13433  390    9    3.00000    1.00000  66.7%  39.5 2727s
 49701 32315    1.11940   93    8    3.00000    1.00000  66.7%  39.4 2745s
 50724 33142    1.11940  178    8    3.00000    1.00000  66.7%  39.1 2762s
 51747 33972    1.13433  246    9    3.00000    1.00000  66.7%  38.7 2778s
 52780 34628    1.14925  330   10    3.00000    1.00000  66.7%  38.4 2796s
 53631 34754    1.11940  167    8    3.00000    1.00000  66.7%  38.3 2810s
 53951 34899    1.11940  183    8    3.00000    1.00000  66.7%  38.4 2826s
 54376 35077    1.11940  195    8    3.00000    1.00000  66.7%  38.7 2862s
 55270 35363     cutoff  229         3.00000    1.00000  66.7%  39.3 2892s
 56279 35732     cutoff  275         3.00000    1.00000  66.7%  39.7 2920s
 57197 36322    1.13455  325    8    3.00000    1.00000  66.7%  40.0 2947s
 58108 36895    1.13433  409    9    3.00000    1.00000  66.7%  40.2 2971s
 59089 37518    1.11940  230    8    3.00000    1.00000  66.7%  40.2 2990s
 60084 38332    1.11940  317    8    3.00000    1.00000  66.7%  40.1 3010s
 61111 39200    1.13433  230    9    3.00000    1.00000  66.7%  39.8 3026s
 62130 40066    1.13433  427    9    3.00000    1.00000  66.7%  39.4 3041s
 63149 40856    1.16441  518   10    3.00000    1.00000  66.7%  39.0 3058s
 64168 41570     cutoff  495         3.00000    1.00000  66.7%  38.8 3075s
 65208 42398    1.13433  232    9    3.00000    1.00000  66.7%  38.6 3093s
 66267 43135    1.13433  323    9    3.00000    1.00000  66.7%  38.4 3112s
 67281 43935    1.13433   77    9    3.00000    1.00000  66.7%  38.1 3129s
 68259 44568    1.13433  168    9    3.00000    1.00000  66.7%  37.9 3150s
 69121 45266    1.13433  259    9    3.00000    1.00000  66.7%  37.8 3168s
 70109 46023    1.13433  134    9    3.00000    1.00000  66.7%  37.7 3186s
 71122 46919    1.13433  222    9    3.00000    1.00000  66.7%  37.4 3202s
 72134 47784    1.13433  309    9    3.00000    1.00000  66.7%  37.2 3222s
 73165 48468    1.13433  385    9    3.00000    1.00000  66.7%  36.9 3239s
 74024 48944    1.16441  466   11    3.00000    1.00000  66.7%  36.8 3257s
 74895 49288    1.11940  345    8    3.00000    1.00000  66.7%  36.9 3276s
 75720 49670    1.13433  362    9    3.00000    1.00000  66.7%  36.9 3297s
 76536 50003     cutoff  407         3.00000    1.00000  66.7%  37.0 3317s
 77182 50429    1.14925  462   10    3.00000    1.00000  66.7%  37.2 3339s
 77882 50926    1.13433  377    9    3.00000    1.00000  66.7%  37.4 3359s
 78597 51392    1.08955  153    6    3.00000    1.00000  66.7%  37.5 3380s
 79351 51723     cutoff  242         3.00000    1.00000  66.7%  37.6 3406s
 80141 52223    1.10448  317    7    3.00000    1.00000  66.7%  37.8 3425s
 80968 52823    1.16418  396   11    3.00000    1.00000  66.7%  37.9 3446s
 81858 53374     cutoff  130         3.00000    1.00000  66.7%  37.8 3470s
 82771 53871    1.11940  199    7    3.00000    1.00000  66.7%  37.9 3494s
 83650 54405    1.11940  285    7    3.00000    1.00000  66.7%  37.9 3517s
 84509 54807    1.13433  370    9    3.00000    1.00000  66.7%  38.0 3540s
 85286 54989    1.13433  456    9    3.00000    1.00000  66.7%  38.1 3564s
 85944 54819    1.14925  536    9    3.00000    1.07463  64.2%  38.3 3592s
 86360 54770     cutoff  300         3.00000    1.07463  64.2%  38.8 3600s

Explored 86468 nodes (3399943 simplex iterations) in 3600.19 seconds (2400.36 work units)
Thread count was 12 (of 12 available processors)

Solution count 7: 3 4 5 ... 78

Time limit reached
Best objective 3.000000000000e+00, best bound 2.000000000000e+00, gap 33.3333%

User-callback calls 727575, time in user-callback 13.50 sec
Série salva em: plots/cc10-2u.txt__R4__timeseries.csv
Gráfico salvo em: plots/cc10-2u.txt__R4__lb_ub.png

================================================================================
Arquivo: hc10p.txt
================================================================================

[hc10p.txt] ===== R = 150 =====
Set parameter TimeLimit to value 3600
Gurobi Optimizer version 12.0.3 build v12.0.3rc0 (linux64 - "Linux Mint 22.1")

CPU model: 13th Gen Intel(R) Core(TM) i5-13420H, instruction set [SSE2|AVX|AVX2]
Thread count: 12 physical cores, 12 logical processors, using up to 12 threads

Non-default parameters:
TimeLimit  3600

Optimize a model with 3072 rows, 11264 columns and 43008 nonzeros
Model fingerprint: 0x7d10d61e
Variable types: 0 continuous, 11264 integer (1024 binary)
Coefficient statistics:
  Matrix range     [1e+00, 3e+02]
  Objective range  [1e+00, 1e+00]
  Bounds range     [1e+00, 1e+00]
  RHS range        [1e+00, 1e+00]
Presolve time: 0.02s
Presolved: 3072 rows, 11264 columns, 43008 nonzeros
Variable types: 0 continuous, 11264 integer (1024 binary)

Root relaxation: objective 1.000000e+00, 7179 iterations, 0.12 seconds (0.22 work units)

    Nodes    |    Current Node    |     Objective Bounds      |     Work
 Expl Unexpl |  Obj  Depth IntInf | Incumbent    BestBd   Gap | It/Node Time

     0     0    1.00000    0  133          -    1.00000      -     -    0s
H    0     0                     133.0000000    1.00000  99.2%     -    0s
H    0     0                     132.0000000    1.00000  99.2%     -    0s
H    0     0                     130.0000000    1.00000  99.2%     -    0s
H    0     0                     129.0000000    1.00000  99.2%     -    0s
H    0     0                     128.0000000    1.00000  99.2%     -    0s
H    0     0                     127.0000000    1.00000  99.2%     -    0s
H    0     0                     124.0000000    1.00000  99.2%     -    0s
H    0     0                     123.0000000    1.00000  99.2%     -    0s
H    0     0                     121.0000000    1.00000  99.2%     -    0s
H    0     0                     119.0000000    1.00000  99.2%     -    0s
H    0     0                     116.0000000    1.00000  99.1%     -    0s
H    0     0                     115.0000000    1.00000  99.1%     -    0s
H    0     0                     114.0000000    8.59638  92.5%     -    3s
H    0     0                     110.0000000    8.59638  92.2%     -    3s
H    0     0                     109.0000000    8.59638  92.1%     -    3s
     0     0    8.59638    0 1144  109.00000    8.59638  92.1%     -    3s
     0     0   31.58132    0 1377  109.00000   31.58132  71.0%     -    9s
     0     0   35.75949    0 1273  109.00000   35.75949  67.2%     -   11s
H    0     0                     107.0000000   36.11182  66.3%     -   14s
     0     0   36.11182    0 1356  107.00000   36.11182  66.3%     -   14s
     0     0   36.14222    0 1422  107.00000   36.14222  66.2%     -   15s
     0     0   36.17453    0 1410  107.00000   36.17453  66.2%     -   16s
     0     0   36.18225    0 1441  107.00000   36.18225  66.2%     -   17s
H    0     0                     106.0000000   41.30066  61.0%     -   22s
H    0     0                     105.0000000   41.30066  60.7%     -   22s
     0     0   41.30066    0 1392  105.00000   41.30066  60.7%     -   22s
H    0     0                     104.0000000   41.30090  60.3%     -   23s
     0     0   44.41225    0 1551  104.00000   44.41225  57.3%     -   25s
     0     0   44.98689    0 1582  104.00000   44.98689  56.7%     -   28s
     0     0   45.01865    0 1744  104.00000   45.01865  56.7%     -   30s
     0     0   45.03619    0 1865  104.00000   45.03619  56.7%     -   31s
H    0     0                     103.0000000   47.18776  54.2%     -   35s
H    0     0                     102.0000000   47.18776  53.7%     -   35s
H    0     0                     101.0000000   47.18776  53.3%     -   35s
     0     0   47.18776    0 1601  101.00000   47.18776  53.3%     -   35s
     0     0   47.74970    0 1894  101.00000   47.74970  52.7%     -   39s
     0     0   48.08402    0 1921  101.00000   48.08402  52.4%     -   42s
     0     0   48.11876    0 2047  101.00000   48.11876  52.4%     -   44s
     0     0   48.35050    0 2100  101.00000   48.35050  52.1%     -   48s
H    0     0                     100.0000000   48.35078  51.6%     -   48s
H    0     0                      95.0000000   48.90503  48.5%     -   56s
H    0     0                      93.0000000   48.90503  47.4%     -   56s
     0     0   48.90503    0 2223   93.00000   48.90503  47.4%     -   56s
H    0     0                      92.0000000   49.04326  46.7%     -   59s
     0     0   49.04326    0 2344   92.00000   49.04326  46.7%     -   59s
H    0     0                      90.0000000   49.06529  45.5%     -   64s
     0     0   49.06529    0 2497   90.00000   49.06529  45.5%     -   64s
     0     0   49.30604    0 2482   90.00000   49.30604  45.2%     -   70s
H    0     0                      89.0000000   49.30623  44.6%     -   70s
H    0     0                      88.0000000   49.30623  44.0%     -   71s
     0     0   49.62626    0 2478   88.00000   49.62626  43.6%     -   78s
     0     0   49.84767    0 2451   88.00000   49.84767  43.4%     -   87s
     0     0   49.94991    0 2494   88.00000   49.94991  43.2%     -   96s
     0     0   49.96956    0 2671   88.00000   49.96956  43.2%     -  109s
     0     0   50.06262    0 2590   88.00000   50.06262  43.1%     -  122s
     0     0   50.11993    0 2700   88.00000   50.11993  43.0%     -  137s
     0     0   50.18198    0 2595   88.00000   50.18198  43.0%     -  149s
     0     0   50.18209    0 2595   88.00000   50.18209  43.0%     -  150s
     0     2   50.18209    0 2595   88.00000   50.18209  43.0%     -  161s
     1     4   50.22168    1 2020   88.00000   50.18209  43.0% 12590  165s
     3     8   50.23196    2 2410   88.00000   50.22177  42.9% 10962  172s
     7    11   50.75673    3 2760   88.00000   50.23196  42.9% 12590  194s
    10    22   51.23146    4 3069   88.00000   50.23196  42.9% 13486  215s
    21    33   51.03839    4 3880   88.00000   50.38063  42.7% 14043  423s
    32    44   51.04424    5 3729   88.00000   50.38063  42.7% 14895  516s
    44    45   51.48410    7 2595   88.00000   50.38063  42.7% 12977  602s
    48    48   51.62054    5  133   88.00000   50.38288  42.7% 11896  673s
   159   135   50.38288   19  168   88.00000   50.38288  42.7%  3716  675s
   442   417   50.38288   28  188   88.00000   50.38288  42.7%  1362  680s
H  473   437                      87.0000000   50.38288  42.1%  1276  680s
  2576  2681   50.38288  183  192   87.00000   50.38288  42.1%   301  685s
  5220  5432   63.35559  365   76   87.00000   50.38288  42.1%   216  690s
  8257  8634   50.38288  322   91   87.00000   50.38288  42.1%   188  695s
  9033  8892   52.41020  328   89   87.00000   50.38288  42.1%   180  700s
  9130  8942   52.40627  325   89   87.00000   50.38288  42.1%   179  705s
  9190  9002   53.39456  328   86   87.00000   50.38288  42.1%   178  710s
  9262  9074   53.39847  328   86   87.00000   50.38288  42.1%   177  715s
  9334  9146   53.40237  327   91   87.00000   50.38288  42.1%   177  720s
  9633  9501   53.39848  328   87   87.00000   50.38288  42.1%   173  725s
  9864  9711   54.39067  330   85   87.00000   50.38288  42.1%   173  730s
 10086  9967   54.38675  328   87   87.00000   50.38288  42.1%   172  735s
 10730 10638   54.39458  331   90   87.00000   50.38288  42.1%   167  740s
 11857 12186   54.38675  329   86   87.00000   50.38288  42.1%   157  745s
 14199 13751   54.39458  330   87   87.00000   50.38288  42.1%   141  750s
 16119 16960   54.39848  331   87   87.00000   50.38288  42.1%   133  755s
 18916 20114   54.38675  329   90   87.00000   50.38288  42.1%   123  760s
 23696 23969   55.38675  330   85   87.00000   50.38288  42.1%   122  766s
 27960 28481   55.39066  329   89   87.00000   50.38288  42.1%   115  770s
 32238 31934   55.39067  331   86   87.00000   50.38288  42.1%   109  775s
 35185 34768   54.40239  332   88   87.00000   50.38288  42.1%   112  780s
 37370 38517   55.38676  332   85   87.00000   50.38288  42.1%   113  785s
 43326 42589   55.37112  330   83   87.00000   50.38288  42.1%   108  790s
 48349 47409   55.38284  330   87   87.00000   50.38288  42.1%   106  796s
 51727 50534   55.38286  332   88   87.00000   50.38288  42.1%   105  800s
 56312 56888   55.38286  333   88   87.00000   50.38288  42.1%   102  806s
 63611 61302   78.21492  382   49   87.00000   50.38288  42.1%  98.0  810s
 69058 66435   72.33609  334   72   87.00000   50.38288  42.1%  96.4  815s
 73943 71076   50.38288  224   93   87.00000   50.38288  42.1%  94.6  820s
 78569 75661   79.17969  276   45   87.00000   50.38288  42.1%  94.0  825s
 84291 81115   50.38288  183  181   87.00000   50.38288  42.1%  92.6  830s
 89968 86261   85.28548  333   57   87.00000   50.38288  42.1%  90.9  835s
 96268 91770   59.35941  323   87   87.00000   50.38288  42.1%  89.4  841s
 100485 96040   72.23834  353   54   87.00000   50.38288  42.1%  90.6  846s
 103753 99218   85.17198  392   39   87.00000   50.38288  42.1%  91.7  850s
 109360 104876   50.38288  150  174   87.00000   50.38288  42.1%  91.5  855s
 116038 110754     cutoff  348        87.00000   50.38288  42.1%  89.8  860s
 122236 116175   53.33594  285   84   87.00000   50.38288  42.1%  88.4  866s
 127175 120535   50.38288  133  208   87.00000   50.38288  42.1%  87.4  870s
 132486 125738   67.32034  335   73   87.00000   50.38288  42.1%  87.7  875s
 136635 129761   50.38288  212  161   87.00000   50.38288  42.1%  87.9  880s
 142308 134861   55.44142  293  101   87.00000   50.38288  42.1%  87.7  885s
 147623 140324   69.31253  348   70   87.00000   50.38288  42.1%  87.5  891s
 153314 144643   81.22662  374   51   87.00000   50.38288  42.1%  87.2  895s
 158398 149662   72.30081  320   71   87.00000   50.38288  42.1%  86.7  900s
 162519 153237   56.42584  279  100   87.00000   50.38288  42.1%  87.1  905s
 166960 157950   54.41408  272   98   87.00000   50.38288  42.1%  87.9  911s
 171330 161807   50.38288  214  168   87.00000   50.38288  42.1%  87.8  915s
 176516 166596   50.38288  169  188   87.00000   50.38288  42.1%  87.6  920s
 181519 170136 infeasible  317        87.00000   50.38288  42.1%  87.5  925s
 181532 170146     cutoff  318        87.00000   50.38288  42.1%  87.5  931s
 181570 170180     cutoff  318        87.00000   50.38288  42.1%  87.5  935s
 181626 170219   84.21100  315   51   87.00000   50.38288  42.1%  87.5  940s
H181668 169006                      86.0000000   50.38288  41.4%  87.5  944s
 181677 170302     cutoff  318        86.00000   50.38288  41.4%  87.5  945s
 188089 175962   70.30862  288   73   86.00000   50.38288  41.4%  86.7  950s
 194008 180951   65.35161  307   84   86.00000   50.38288  41.4%  86.0  955s
 198032 184735   50.38288  169  190   86.00000   50.38288  41.4%  86.0  960s
 202624 189682   64.33989  331   80   86.00000   50.38288  41.4%  86.5  966s
 206973 193373   77.26183  373   58   86.00000   50.38288  41.4%  86.5  970s
 212811 198553   50.38288  171  172   86.00000   50.38288  41.4%  86.0  975s
 217420 203251   50.38288   78  201   86.00000   50.38288  41.4%  85.9  980s
 223242 208291   52.37109  280   86   86.00000   50.38288  41.4%  85.6  985s
 227814 212459   65.26955  319   66   86.00000   50.38288  41.4%  86.2  991s
 231422 215957   78.19925  358   47   86.00000   50.38288  41.4%  86.7  995s
 235373 220199   50.38288  172  161   86.00000   50.38288  41.4%  86.9 1000s
 242831 226203   50.38288  186  167   86.00000   50.38288  41.4%  86.0 1005s
 248356 231050   50.38288   95  181   86.00000   50.38288  41.4%  85.6 1010s
 254727 236865   50.38288  259  133   86.00000   50.38288  41.4%  85.0 1015s
 260229 241932   50.38288  131  185   86.00000   50.38288  41.4%  84.5 1020s
 265307 246743   67.32822  291   78   86.00000   50.38288  41.4%  84.0 1025s
 270763 251362   71.33601  295   81   86.00000   50.38288  41.4%  84.0 1030s
 275184 255649   62.41017  273  102   86.00000   50.38288  41.4%  83.9 1035s
 281137 260747   50.38288  172  189   86.00000   50.38288  41.4%  83.5 1040s
 286911 266085   50.38288  145  189   86.00000   50.38288  41.4%  83.3 1045s
 290369 269528   81.24229  346   57   86.00000   50.38288  41.4%  83.6 1050s
 292688 270506   80.29692  306   66   86.00000   50.38288  41.4%  83.6 1058s
 292713 270528   81.29301  308   64   86.00000   50.38288  41.4%  83.6 1060s
 292761 270573   82.27741  312   64   86.00000   50.38288  41.4%  83.6 1065s
 292811 270617   83.26959  316   59   86.00000   50.38288  41.4%  83.6 1070s
 293188 271087   83.26959  320   59   86.00000   50.38288  41.4%  83.6 1075s
 293644 271461   83.26967  323   60   86.00000   50.38288  41.4%  83.6 1080s
H293798 269137                      85.0000000   50.38288  40.7%  83.6 1082s
 295660 272030   50.48053  292  110   85.00000   50.38288  40.7%  83.5 1085s
 301235 276759   56.39850  294   96   85.00000   50.38288  40.7%  83.6 1090s
 306167 281539   57.40237  274   96   85.00000   50.38288  40.7%  83.7 1096s
 311500 286605   60.37112  297   88   85.00000   50.38288  40.7%  83.8 1101s
 316165 291009   73.25784  317   63   85.00000   50.38288  40.7%  83.6 1105s
 321192 295678   81.20706  338   50   85.00000   50.38288  40.7%  83.4 1110s
 328186 301535   50.38288  273  118   85.00000   50.38288  40.7%  83.0 1115s
 332641 306329   60.37503  301   93   85.00000   50.38288  40.7%  82.9 1120s
 337308 310079   75.25005  343   59   85.00000   50.38288  40.7%  83.2 1125s
 342203 314901   70.30475  322   71   85.00000   50.38288  40.7%  83.5 1131s
 346786 319453   50.38288  219  170   85.00000   50.38288  40.7%  83.4 1135s
 353248 324894   53.40234  292   97   85.00000   50.38288  40.7%  83.1 1140s
 356783 328133   66.26173  328   66   85.00000   50.38288  40.7%  83.2 1145s
 361585 332727   82.16017  372   37   85.00000   50.38288  40.7%  83.5 1150s
 365851 336962   73.28912  332   64   85.00000   50.38288  40.7%  83.5 1155s
 371432 341810   82.16412  350   39   85.00000   50.38288  40.7%  83.5 1160s
 376321 346173   65.37907  353   82   85.00000   50.38288  40.7%  83.8 1165s
 381671 351219   50.38288  150  193   85.00000   50.38288  40.7%  83.8 1170s
 386602 355384   62.28125  256   71   85.00000   50.38288  40.7%  83.8 1175s
 389667 358716   82.13672  300   33   85.00000   50.38288  40.7%  84.1 1180s
 395562 363898   63.40642  334   83   85.00000   50.38288  40.7%  84.0 1185s
 401079 368550   67.35161  287   86   85.00000   50.38288  40.7%  83.7 1190s
 406476 373726   50.38288  311  104   85.00000   50.38288  40.7%  83.4 1195s
 412404 378676   66.27347  307   68   85.00000   50.38288  40.7%  83.5 1201s
 416451 382595   50.38288  195  179   85.00000   50.38288  40.7%  83.9 1206s
 420464 386732   68.24611  314   58   85.00000   50.38288  40.7%  83.9 1210s
 426982 391891   53.41408  279   99   85.00000   50.38288  40.7%  83.7 1215s
 431059 396058   72.23048  327   58   85.00000   50.38288  40.7%  83.9 1221s
 434291 399378   50.38288  148  200   85.00000   50.38288  40.7%  84.3 1225s
 440783 405111   50.38288  202  160   85.00000   50.38288  40.7%  84.1 1231s
 444897 408693   50.42970  291   95   85.00000   50.38288  40.7%  84.0 1235s
 448092 412190   65.28520  337   65   85.00000   50.38288  40.7%  84.3 1240s
 452697 416661   82.18372  380   36   85.00000   50.38288  40.7%  84.4 1245s
 459103 422357   50.38288  223  177   85.00000   50.38288  40.7%  84.2 1251s
 464346 426518   81.25014  341   57   85.00000   50.38288  40.7%  84.0 1255s
 469914 431667   80.27748  321   61   85.00000   50.38288  40.7%  83.9 1260s
 473693 435295   68.35550  284   82   85.00000   50.38288  40.7%  84.1 1265s
 478115 439463   50.42970  274  103   85.00000   50.38288  40.7%  84.3 1270s
 482748 443834   73.25783  348   60   85.00000   50.38288  40.7%  84.5 1276s
 486874 448004   50.38288  263  137   85.00000   50.38288  40.7%  84.7 1280s
 491971 452444   71.22659  329   56   85.00000   50.38288  40.7%  84.5 1285s
 498095 457869   50.38288  243  134   85.00000   50.38288  40.7%  84.2 1290s
 504585 463542     cutoff  334        85.00000   50.38288  40.7%  84.0 1296s
 509294 467995   60.40639  316   85   85.00000   50.38288  40.7%  84.0 1300s
 514392 472845   50.38288  222  152   85.00000   50.38288  40.7%  83.9 1305s
 520438 477918   50.38288  210  157   85.00000   50.38288  40.7%  83.6 1310s
 524492 481606   61.32425  292   76   85.00000   50.38288  40.7%  83.6 1315s
 528234 485193   76.19926  330   47   85.00000   50.38288  40.7%  83.9 1320s
 533206 489922   67.36726  321   83   85.00000   50.38288  40.7%  83.9 1325s
 538437 494869   57.34380  312   78   85.00000   50.38288  40.7%  84.0 1330s
 542662 498527   50.38288  159  119   85.00000   50.38288  40.7%  84.0 1335s
 546790 502508   78.15625  229   40   85.00000   50.38288  40.7%  84.1 1340s
 550631 506168   50.38288  122  179   85.00000   50.38288  40.7%  84.1 1345s
 554979 510482   67.23828  219   61   85.00000   50.38288  40.7%  84.3 1351s
 559550 514615   50.38288  257  134   85.00000   50.38288  40.7%  84.4 1356s
 564417 519055   50.38288  202  173   85.00000   50.38288  40.7%  84.3 1360s
 569092 523301   63.31645  324   75   85.00000   50.38288  40.7%  84.4 1365s
 572365 526363   74.23837  360   56   85.00000   50.38288  40.7%  84.6 1370s
 576711 530719 infeasible  307        85.00000   50.38288  40.7%  84.6 1375s
 581830 535199   64.30081  336   64   85.00000   50.38288  40.7%  84.6 1380s
 586134 539508   50.38288   82  191   85.00000   50.38288  40.7%  84.8 1385s
 591646 544341   50.38288  232  147   85.00000   50.38288  40.7%  84.8 1390s
 596840 548660   83.17581  358   43   85.00000   50.38288  40.7%  84.7 1395s
 601041 552700   50.38288  221  161   85.00000   50.38288  40.7%  84.7 1400s
 605276 556860   64.32036  315   73   85.00000   50.38288  40.7%  84.8 1405s
 609974 561652   81.22278  369   49   85.00000   50.38288  40.7%  84.9 1411s
 614605 565703   50.38288  227  148   85.00000   50.38288  40.7%  84.8 1415s
 621566 571927   50.38288  253  125   85.00000   50.38288  40.7%  84.6 1421s
 626112 576038   66.29689  309   70   85.00000   50.38288  40.7%  84.6 1425s
 629763 579563   77.21098  344   49   85.00000   50.38288  40.7%  84.7 1430s
 635662 584694   50.38288  255  133   85.00000   50.38288  40.7%  84.6 1435s
 640612 589526     cutoff  316        85.00000   50.38288  40.7%  84.6 1440s
 645607 594189   68.30481  314   72   85.00000   50.38288  40.7%  84.6 1445s
 651196 599478 infeasible  331        85.00000   50.38288  40.7%  84.5 1451s
 656712 604253   68.41023  263   93   85.00000   50.38288  40.7%  84.3 1455s
 661844 608714   65.42209  281   91   85.00000   50.38288  40.7%  84.1 1460s
 667402 613575   50.38288  295  116   85.00000   50.38288  40.7%  84.0 1465s
 673216 618894   57.39064  279   97   85.00000   50.38288  40.7%  83.9 1471s
 677269 622770   72.28525  324   67   85.00000   50.38288  40.7%  84.0 1475s
 681590 627086   50.38288  110  195   85.00000   50.38288  40.7%  84.0 1480s
 685944 630850   56.35547  204   89   85.00000   50.38288  40.7%  83.9 1485s
 690711 635077   50.38288  124  162   85.00000   50.38288  40.7%  83.9 1490s
 694308 638577   65.28125  200   70   85.00000   50.38288  40.7%  84.1 1495s
 697356 641768   50.38288   98  211   85.00000   50.38288  40.7%  84.3 1500s
 703948 647194   50.38288  142  197   85.00000   50.38288  40.7%  84.2 1505s
 708313 651305   50.38288  270  122   85.00000   50.38288  40.7%  84.1 1510s
 713145 655650   65.30486  327   68   85.00000   50.38288  40.7%  84.1 1515s
 717172 659543   77.22286  355   45   85.00000   50.38288  40.7%  84.2 1521s
 720964 663037   59.43372  300   97   85.00000   50.38288  40.7%  84.2 1525s
 726371 667771   50.38288  204  157   85.00000   50.38288  40.7%  84.1 1530s
 730507 671922   71.32828  331   68   85.00000   50.38288  40.7%  84.3 1535s
 735486 676412   56.37111  291   84   85.00000   50.38288  40.7%  84.3 1540s
 740373 681188   70.24220  336   59   85.00000   50.38288  40.7%  84.4 1546s
 743502 684163   77.19144  355   39   85.00000   50.38288  40.7%  84.5 1550s
 747483 687637   82.28142  342   63   85.00000   50.38288  40.7%  84.5 1555s
 752476 692479   54.33594  222   81   85.00000   50.38288  40.7%  84.6 1560s
 756496 696357   82.12891  280   33   85.00000   50.38288  40.7%  84.6 1565s
 762756 701546   62.31641  238   80   85.00000   50.38288  40.7%  84.5 1571s
 767286 705706   50.38288  136  208   85.00000   50.38288  40.7%  84.5 1576s
 771436 709793   83.19150  357   48   85.00000   50.38288  40.7%  84.6 1581s
 774557 713120   60.37900  298   85   85.00000   50.38288  40.7%  84.7 1585s
 779889 717905   71.32819  297   76   85.00000   50.38288  40.7%  84.7 1590s
 785090 722165   50.38288  285  112   85.00000   50.38288  40.7%  84.5 1595s
 791337 727925   61.29297  237   74   85.00000   50.38288  40.7%  84.4 1600s
 794756 731347   58.40239  284   91   85.00000   50.38288  40.7%  84.4 1605s
 798670 735341   67.35944  303   86   85.00000   50.38288  40.7%  84.6 1610s
 804525 740385   81.31664  343   67   85.00000   50.38288  40.7%  84.6 1616s
 808705 744571   58.35551  270   87   85.00000   50.38288  40.7%  84.5 1620s
 813832 749369   69.33989  282   82   85.00000   50.38288  40.7%  84.5 1626s
 818200 753508   51.49622  276  110   85.00000   50.38288  40.7%  84.5 1630s
 823625 757812   50.38288  260   95   85.00000   50.38288  40.7%  84.4 1635s
 828059 761876   50.38288  248  115   85.00000   50.38288  40.7%  84.4 1641s
 832087 765772   50.38288  227  160   85.00000   50.38288  40.7%  84.5 1646s
 835931 769724   50.38288  138  201   85.00000   50.38288  40.7%  84.5 1650s
 842007 774706   50.38288  222  154   85.00000   50.38288  40.7%  84.3 1655s
 846664 779115   50.38288  179  197   85.00000   50.38288  40.7%  84.4 1661s
 850265 782709   70.24614  302   59   85.00000   50.38288  40.7%  84.5 1665s
 856200 787735   52.40627  264   95   85.00000   50.38288  40.7%  84.4 1671s
 859574 790924   65.31642  301   74   85.00000   50.38288  40.7%  84.5 1675s
 864278 795254   79.22269  343   53   85.00000   50.38288  40.7%  84.6 1680s
 869496 799894   50.38288  291  102   85.00000   50.38288  40.7%  84.5 1685s
 875421 805253   60.48460  298   97   85.00000   50.38288  40.7%  84.3 1690s
 879452 808815   67.33987  316   79   85.00000   50.38288  40.7%  84.4 1695s
 883497 812840   50.42188  204  103   85.00000   50.38288  40.7%  84.4 1700s
 887107 816564   80.17578  253   42   85.00000   50.38288  40.7%  84.5 1705s
 891897 820675   62.33595  324   82   85.00000   50.38288  40.7%  84.6 1711s
 895488 824440   75.24611  359   56   85.00000   50.38288  40.7%  84.7 1715s
 900342 828912   71.28519  306   68   85.00000   50.38288  40.7%  84.6 1720s
 906404 834133   50.38288  222  172   85.00000   50.38288  40.7%  84.5 1725s
 910658 838251   79.28163  392   52   85.00000   50.38288  40.7%  84.5 1730s
 917199 843974   60.41412  269   93   85.00000   50.38288  40.7%  84.4 1736s
 921053 847862   80.31278  347   66   85.00000   50.38288  40.7%  84.3 1740s
 926183 852511   82.23448  328   56   85.00000   50.38288  40.7%  84.3 1745s
 931642 857251   63.28908  292   68   85.00000   50.38288  40.7%  84.2 1750s
 936017 861180   50.38288  170  125   85.00000   50.38288  40.7%  84.2 1755s
 940385 865814   72.23828  230   59   85.00000   50.38288  40.7%  84.2 1761s
 945120 869432   50.38288  207  163   85.00000   50.38288  40.7%  84.1 1765s
 949964 874255   50.38288  112  208   85.00000   50.38288  40.7%  84.1 1770s
 955065 879125   80.32434  337   66   85.00000   50.38288  40.7%  84.0 1776s
 958793 882256   59.41817  318   88   85.00000   50.38288  40.7%  84.1 1780s
 962319 886022   72.33621  355   69   85.00000   50.38288  40.7%  84.2 1785s
 967046 890276   60.34766  290   82   85.00000   50.38288  40.7%  84.3 1791s
 971851 894637   50.38288  183  173   85.00000   50.38288  40.7%  84.3 1795s
 977667 899824   50.38288  189  141   85.00000   50.38288  40.7%  84.2 1800s
 982738 904492   79.32436  319   75   85.00000   50.38288  40.7%  84.1 1805s
 987825 908893   79.22665  357   54   85.00000   50.38288  40.7%  84.0 1810s
 993042 913707   79.34010  329   68   85.00000   50.38288  40.7%  83.9 1815s
 999421 918844   58.34375  195   85   85.00000   50.38288  40.7%  83.8 1820s
 1004051 922165   50.38288  215  163   85.00000   50.38288  40.7%  83.8 1825s
 1007413 925951   83.26576  340   63   85.00000   50.38288  40.7%  83.8 1830s
 1011983 930397   50.38288  179  196   85.00000   50.38288  40.7%  83.8 1836s
 1015851 933660   60.34384  314   82   85.00000   50.38288  40.7%  83.9 1841s
 1019106 936765   72.27358  344   59   85.00000   50.38288  40.7%  84.0 1845s
 1022094 939978   50.38288  219  177   85.00000   50.38288  40.7%  84.1 1850s
 1028064 945473   83.18367  325   44   85.00000   50.38288  40.7%  84.1 1856s
 1033691 950308   78.37137  324   74   85.00000   50.38288  40.7%  84.0 1861s
 1038756 954710   51.41017  273   91   85.00000   50.38288  40.7%  83.9 1865s
 1044473 959771   50.38288  271  114   85.00000   50.38288  40.7%  83.9 1871s
 1047899 963107   63.32031  324   73   85.00000   50.38288  40.7%  84.0 1875s
 1051913 967086   77.19925  354   46   85.00000   50.38288  40.7%  84.0 1880s
 1055766 970280   74.20703  198   50   85.00000   50.38288  40.7%  84.0 1885s
 1060365 974461   50.38288  212  137   85.00000   50.38288  40.7%  84.1 1890s
 1064972 979082   77.16797  292   41   85.00000   50.38288  40.7%  84.1 1896s
 1068983 982582   50.38288  192  185   85.00000   50.38288  40.7%  84.1 1900s
 1074066 987114   54.44534  295  105   85.00000   50.38288  40.7%  84.1 1905s
 1078672 991485   69.31256  330   74   85.00000   50.38288  40.7%  84.2 1911s
 1082941 995664   76.25790  341   61   85.00000   50.38288  40.7%  84.2 1915s
 1087962 999909   50.38288  278  123   85.00000   50.38288  40.7%  84.2 1920s
 1091025 1003223   64.36733  334   82   85.00000   50.38288  40.7%  84.4 1925s
 1094829 1006971   73.30873  350   67   85.00000   50.38288  40.7%  84.5 1930s
 1100710 1011824   80.31262  331   72   85.00000   50.38288  40.7%  84.5 1935s
 1105784 1016590     cutoff  342        85.00000   50.38288  40.7%  84.5 1941s
 1110601 1020918   59.33597  332   72   85.00000   50.38288  40.7%  84.4 1946s
 1114674 1024581   74.22270  368   49   85.00000   50.38288  40.7%  84.5 1950s
 1118848 1028571   50.38288   97  208   85.00000   50.38288  40.7%  84.6 1956s
 1122835 1032191   58.40237  300   98   85.00000   50.38288  40.7%  84.7 1960s
 1127687 1036496   50.38288  210  165   85.00000   50.38288  40.7%  84.6 1965s
 1132228 1040664   50.38288  259  125   85.00000   50.38288  40.7%  84.6 1970s
 1136539 1044792   74.28912  320   68   85.00000   50.38288  40.7%  84.7 1975s
 1142110 1049846   82.26576  334   61   85.00000   50.38288  40.7%  84.7 1980s
 1147537 1054750   50.38288  195  169   85.00000   50.38288  40.7%  84.6 1986s
 1152066 1058974   50.38288  129  204   85.00000   50.38288  40.7%  84.6 1990s
 1156900 1063642   82.23442  350   52   85.00000   50.38288  40.7%  84.6 1996s
 1162031 1067751   50.38288  264  107   85.00000   50.38288  40.7%  84.5 2000s
 1165531 1071127   66.30470  298   75   85.00000   50.38288  40.7%  84.7 2005s
 1169582 1075301   81.19536  341   45   85.00000   50.38288  40.7%  84.8 2011s
 1173297 1078556   50.38288  180  173   85.00000   50.38288  40.7%  84.9 2015s
 1176432 1082130   77.26176  321   60   85.00000   50.38288  40.7%  84.9 2020s
 1181877 1086555   52.43359  274  107   85.00000   50.38288  40.7%  84.9 2025s
 1185177 1089670   66.29691  317   68   85.00000   50.38288  40.7%  85.0 2030s
 1190381 1094620   81.16803  369   38   85.00000   50.38288  40.7%  85.0 2035s
 1196565 1100045   62.34378  296   81   85.00000   50.38288  40.7%  84.9 2040s
 1201227 1104311   50.38288  138  179   85.00000   50.38288  40.7%  84.8 2045s
 1205795 1108339   58.37109  214   90   85.00000   50.38288  40.7%  84.9 2050s
 1209161 1111880   50.38288  111  197   85.00000   50.38288  40.7%  85.0 2055s
 1213891 1116248     cutoff  333        85.00000   50.38288  40.7%  85.1 2061s
 1217651 1119550   69.31644  296   79   85.00000   50.38288  40.7%  85.1 2065s
 1221920 1123671   50.38288  133  212   85.00000   50.38288  40.7%  85.2 2070s
 1225326 1126751   59.39456  300   93   85.00000   50.38288  40.7%  85.3 2075s
 1230412 1131663   83.19144  363   41   85.00000   50.38288  40.7%  85.3 2081s
 1234602 1135491   50.38288  259  117   85.00000   50.38288  40.7%  85.3 2085s
 1240947 1141168   83.18364  333   44   85.00000   50.38288  40.7%  85.2 2091s
 1246309 1145531   50.38288  140  201   85.00000   50.38288  40.7%  85.1 2095s
 1249937 1148845   65.32819  312   78   85.00000   50.38288  40.7%  85.1 2100s
 1255128 1153632   63.33205  295   80   85.00000   50.38288  40.7%  85.1 2105s
 1258942 1157461   50.38288  232  131   85.00000   50.38288  40.7%  85.1 2110s
 1264329 1162356   55.41020  278   92   85.00000   50.38288  40.7%  85.1 2115s
 1269466 1167196   50.38288  256  120   85.00000   50.38288  40.7%  85.1 2120s
 1274047 1171098   50.38288  178  104   85.00000   50.38288  40.7%  85.2 2125s
 1277974 1175089   77.18750  240   47   85.00000   50.38288  40.7%  85.2 2131s
 1282020 1178608   50.38288  118  177   85.00000   50.38288  40.7%  85.2 2135s
 1286840 1183109   57.34766  219   84   85.00000   50.38288  40.7%  85.2 2140s
 1292356 1188040   63.38283  260   90   85.00000   50.38288  40.7%  85.1 2145s
 1297670 1192811   58.40628  315   93   85.00000   50.38288  40.7%  85.1 2150s
 1302258 1197041   52.42583  278   93   85.00000   50.38288  40.7%  85.1 2155s
 1305605 1200539   70.24614  343   56   85.00000   50.38288  40.7%  85.2 2160s
 1310302 1205274   50.38288  189  170   85.00000   50.38288  40.7%  85.3 2166s
 1314709 1209165   82.15625  165   39   85.00000   50.38288  40.7%  85.2 2170s
 1321100 1214895   82.31667  342   66   85.00000   50.38288  40.7%  85.1 2176s
 1326281 1219076   61.35158  298   82   85.00000   50.38288  40.7%  85.1 2180s
 1331815 1224081   50.38288  240  116   85.00000   50.38288  40.7%  85.0 2186s
 1336142 1227923   57.36331  292   85   85.00000   50.38288  40.7%  85.0 2190s
 1340143 1231984   72.23831  325   58   85.00000   50.38288  40.7%  85.1 2196s
 1344223 1235734   50.38288  193  193   85.00000   50.38288  40.7%  85.1 2200s
 1350093 1240215   50.38288  255  121   85.00000   50.38288  40.7%  85.0 2205s
 1354377 1244477   68.32816  310   74   85.00000   50.38288  40.7%  85.0 2210s
 1359280 1249257   50.38288  142  197   85.00000   50.38288  40.7%  85.0 2215s
 1364981 1254162   50.38288  223  170   85.00000   50.38288  40.7%  84.9 2220s
 1369609 1258233   50.38288  148  152   85.00000   50.38288  40.7%  84.9 2225s
 1373906 1262515   50.38288  145  175   85.00000   50.38288  40.7%  84.9 2230s
 1378976 1267059   50.38288  173  177   85.00000   50.38288  40.7%  84.9 2235s
 1384076 1271544   50.38288  175  128   85.00000   50.38288  40.7%  84.8 2240s
 1388066 1275224   63.26172  234   65   85.00000   50.38288  40.7%  84.9 2245s
 1392678 1279703   50.38288  141  159   85.00000   50.38288  40.7%  84.9 2251s
 1396356 1283039   57.39063  207   97   85.00000   50.38288  40.7%  84.9 2255s
 1401018 1287589   50.38288  230  142   85.00000   50.38288  40.7%  85.0 2261s
 1405500 1291598   50.38288  132  208   85.00000   50.38288  40.7%  85.0 2265s
 1409909 1295735   63.36331  302   84   85.00000   50.38288  40.7%  85.0 2270s
 1415809 1300646   64.35548  296   85   85.00000   50.38288  40.7%  84.9 2275s
 1421164 1305409   50.38288  273  111   85.00000   50.38288  40.7%  84.9 2280s
 1425019 1309297   63.30864  310   70   85.00000   50.38288  40.7%  84.9 2285s
 1429420 1313446   77.21489  346   50   85.00000   50.38288  40.7%  85.0 2291s
 1432901 1316792   59.40628  293   95   85.00000   50.38288  40.7%  85.0 2295s
 1436746 1320421   50.38288  214  154   85.00000   50.38288  40.7%  85.0 2300s
 1442876 1325763   50.38288  265  128   85.00000   50.38288  40.7%  85.0 2306s
 1446501 1329054   51.44141  276  102   85.00000   50.38288  40.7%  85.0 2310s
 1449770 1332491   69.26564  333   62   85.00000   50.38288  40.7%  85.1 2315s
 1454642 1337212   74.28519  297   67   85.00000   50.38288  40.7%  85.2 2321s
 1458705 1340836   57.35551  297   84   85.00000   50.38288  40.7%  85.2 2326s
 1462821 1344658   73.26579  351   53   85.00000   50.38288  40.7%  85.2 2330s
 1466614 1348148   50.38288  192  172   85.00000   50.38288  40.7%  85.2 2335s
 1471383 1352530   55.33594  195   84   85.00000   50.38288  40.7%  85.3 2341s
 1475351 1356514   50.38288  173  171   85.00000   50.38288  40.7%  85.3 2345s
 1479838 1360466   77.20317  313   50   85.00000   50.38288  40.7%  85.3 2350s
 1486099 1365781   50.38288  255  149   85.00000   50.38288  40.7%  85.2 2355s
 1490477 1370293   82.22293  400   46   85.00000   50.38288  40.7%  85.2 2360s
 1496077 1375144   50.38288  151  171   85.00000   50.38288  40.7%  85.1 2365s
 1502426 1380704   50.38288  121  179   85.00000   50.38288  40.7%  85.0 2371s
 1506342 1384211   51.41016  177  101   85.00000   50.38288  40.7%  85.0 2375s
 1511074 1388763   79.17969  238   45   85.00000   50.38288  40.7%  85.0 2380s
 1515968 1393023   83.15237  340   37   85.00000   50.38288  40.7%  85.0 2385s
 1519328 1396256   50.38288  224  134   85.00000   50.38288  40.7%  85.0 2390s
 1524321 1400859   50.38288  220  134   85.00000   50.38288  40.7%  85.0 2395s
 1529570 1405490   69.34773  310   82   85.00000   50.38288  40.7%  85.0 2400s
 1534518 1410059   57.39459  272   92   85.00000   50.38288  40.7%  85.0 2405s
 1538260 1413499   76.23056  345   51   85.00000   50.38288  40.7%  85.0 2410s
 1541781 1417426   50.38288  110  196   85.00000   50.38288  40.7%  85.2 2415s
 1546559 1421759   59.37894  315   88   85.00000   50.38288  40.7%  85.2 2420s
 1551246 1425984   79.26584  373   55   85.00000   50.38288  40.7%  85.3 2426s
 1555154 1429738   50.38288  179  174   85.00000   50.38288  40.7%  85.3 2431s
 1559024 1433134   62.44536  280   99   85.00000   50.38288  40.7%  85.3 2435s
 1563824 1437527   55.42189  264   98   85.00000   50.38288  40.7%  85.3 2440s
 1569588 1442845   64.35941  284   88   85.00000   50.38288  40.7%  85.3 2445s
 1575049 1448053   78.20314  336   50   85.00000   50.38288  40.7%  85.2 2450s
 1580250 1452003   50.51575  283  123   85.00000   50.38288  40.7%  85.1 2455s
 1585674 1457032   50.38288  178  104   85.00000   50.38288  40.7%  85.1 2461s
 1589761 1461094   82.17969  234   46   85.00000   50.38288  40.7%  85.1 2466s
 1593736 1464394   50.42189  269  103   85.00000   50.38288  40.7%  85.1 2470s
 1598290 1469034   71.24220  326   60   85.00000   50.38288  40.7%  85.2 2476s
 1600917 1471713   83.18361  366   41   85.00000   50.38288  40.7%  85.3 2480s
 1607817 1477449   50.38288  220  150   85.00000   50.38288  40.7%  85.2 2486s
 1611545 1480855   80.26569  314   61   85.00000   50.38288  40.7%  85.1 2490s
 1615759 1485178   63.34766  202   87   85.00000   50.38288  40.7%  85.2 2496s
 1620652 1489411   50.38288  224  159   85.00000   50.38288  40.7%  85.2 2501s
 1624737 1493192   50.38288  103  210   85.00000   50.38288  40.7%  85.2 2505s
 1628071 1496360   70.33986  296   79   85.00000   50.38288  40.7%  85.3 2510s
 1633038 1500768   50.38288  159  134   85.00000   50.38288  40.7%  85.3 2515s
 1637219 1504968   61.31252  213   76   85.00000   50.38288  40.7%  85.4 2521s
 1641190 1508812   75.19923  244   50   85.00000   50.38288  40.7%  85.4 2525s
 1647523 1514291   50.38288  245  117   85.00000   50.38288  40.7%  85.3 2531s
 1652674 1518644   57.43758  263   97   85.00000   50.38288  40.7%  85.3 2535s
 1656524 1522642   77.26184  339   56   85.00000   50.38288  40.7%  85.3 2540s
 1661114 1526944   59.35550  295   82   85.00000   50.38288  40.7%  85.4 2546s
 1665066 1530635   74.23441  344   56   85.00000   50.38288  40.7%  85.4 2550s
 1669978 1535209   53.46491  297  106   85.00000   50.38288  40.7%  85.4 2556s
 1673979 1538998   66.33991  304   79   85.00000   50.38288  40.7%  85.4 2560s
 1680204 1544497   78.28523  341   68   85.00000   50.38288  40.7%  85.3 2566s
 1683517 1547293   50.38288  248  132   85.00000   50.38288  40.7%  85.4 2570s
 1686596 1551009   81.22278  369   51   85.00000   50.38288  40.7%  85.5 2575s
 1693351 1556896   50.38288  225  123   85.00000   50.38288  40.7%  85.4 2581s
 1697693 1560563   50.46098  273  108   85.00000   50.38288  40.7%  85.4 2585s
 1701690 1564360   71.26567  322   61   85.00000   50.38288  40.7%  85.5 2590s
 1706721 1569239   82.28523  339   65   85.00000   50.38288  40.7%  85.5 2596s
 1711211 1573207   50.38288  255  114   85.00000   50.38288  40.7%  85.5 2600s
 1716806 1577978   50.38288  201  161   85.00000   50.38288  40.7%  85.4 2605s
 1721506 1582388   60.39459  295   91   85.00000   50.38288  40.7%  85.4 2610s
 1726357 1586942   80.25015  342   54   85.00000   50.38288  40.7%  85.4 2615s
 1731879 1591977   52.37892  265   88   85.00000   50.38288  40.7%  85.4 2620s
 1736735 1596184   54.41805  289  101   85.00000   50.38288  40.7%  85.4 2625s
 1740587 1600191   74.24622  339   59   85.00000   50.38288  40.7%  85.5 2631s
 1744751 1604005   80.15239  329   37   85.00000   50.38288  40.7%  85.5 2636s
 1749460 1608207   61.39070  315   92   85.00000   50.38288  40.7%  85.5 2640s
 1753525 1611623   50.38288  201  119   85.00000   50.38288  40.7%  85.5 2645s
 1757241 1615309   78.21094  267   53   85.00000   50.38288  40.7%  85.5 2650s
 1761877 1619905   55.41019  286   96   85.00000   50.38288  40.7%  85.6 2656s
 1765786 1623348   69.29694  318   67   85.00000   50.38288  40.7%  85.6 2660s
 1771009 1628252   50.38288  221  150   85.00000   50.38288  40.7%  85.6 2665s
 1776212 1632915   54.39456  294   97   85.00000   50.38288  40.7%  85.6 2671s
 1780201 1636912   54.46095  266  112   85.00000   50.38288  40.7%  85.6 2675s
 1785881 1641730     cutoff  337        85.00000   50.38288  40.7%  85.6 2681s
 1790510 1646137   50.38288  200  155   85.00000   50.38288  40.7%  85.6 2686s
 1794879 1650134     cutoff  319        85.00000   50.38288  40.7%  85.5 2690s
 1801427 1655697   50.38288  144  207   85.00000   50.38288  40.7%  85.4 2695s
 1805944 1659618   60.33987  311   79   85.00000   50.38288  40.7%  85.4 2700s
 1811486 1664798   75.21487  349   51   85.00000   50.38288  40.7%  85.4 2706s
 1816745 1669539   50.38288  240  144   85.00000   50.38288  40.7%  85.4 2710s
 1821636 1674133   50.38288  110  208   85.00000   50.38288  40.7%  85.3 2715s
 1825791 1677811   66.33986  278   79   85.00000   50.38288  40.7%  85.4 2720s
 1830708 1682966   50.38288  182  184   85.00000   50.38288  40.7%  85.3 2725s
 1837087 1688154   50.38288  246  139   85.00000   50.38288  40.7%  85.3 2730s
 1841842 1692447   54.45708  295  102   85.00000   50.38288  40.7%  85.2 2735s
 1845978 1696146   72.34387  338   77   85.00000   50.38288  40.7%  85.3 2740s
 1849929 1700167   81.26965  365   63   85.00000   50.38288  40.7%  85.3 2745s
 1855423 1705032   50.38288  259  103   85.00000   50.38288  40.7%  85.3 2751s
 1859097 1708644   64.30861  319   74   85.00000   50.38288  40.7%  85.3 2755s
 1864331 1713143   80.20317  361   46   85.00000   50.38288  40.7%  85.3 2760s
 1869674 1717996   56.39845  266   92   85.00000   50.38288  40.7%  85.3 2765s
 1874207 1722239   72.26956  332   63   85.00000   50.38288  40.7%  85.3 2770s
 1879113 1726961   50.38288  242  154   85.00000   50.38288  40.7%  85.3 2775s
 1885010 1732133   81.27351  333   57   85.00000   50.38288  40.7%  85.2 2781s
 1888224 1735351   50.38288  191  169   85.00000   50.38288  40.7%  85.3 2785s
 1892522 1739291   50.38288  134  205   85.00000   50.38288  40.7%  85.3 2790s
 1897861 1744072   76.20314  332   50   85.00000   50.38288  40.7%  85.3 2795s
 1901683 1747551   82.20708  318   51   85.00000   50.38288  40.7%  85.3 2800s
 1906285 1751841   59.28516  257   70   85.00000   50.38288  40.7%  85.3 2805s
 1909903 1755349   50.38288  168  198   85.00000   50.38288  40.7%  85.4 2810s
 1915699 1760412   50.38288  221  135   85.00000   50.38288  40.7%  85.3 2816s
 1919221 1763751   54.41411  295   99   85.00000   50.38288  40.7%  85.3 2820s
 1923954 1768469   77.24628  366   52   85.00000   50.38288  40.7%  85.4 2826s
 1928439 1772465     cutoff  379        85.00000   50.38288  40.7%  85.4 2830s
 1934008 1777165   50.38288  237  122   85.00000   50.38288  40.7%  85.3 2835s
 1938685 1781323   52.41798  263  101   85.00000   50.38288  40.7%  85.3 2840s
 1941591 1784673   69.26955  314   62   85.00000   50.38288  40.7%  85.4 2845s
 1946362 1789224   82.19536  346   45   85.00000   50.38288  40.7%  85.5 2850s
 1951278 1793827   52.46492  280  111   85.00000   50.38288  40.7%  85.4 2855s
 1957501 1799092   69.36737  315   84   85.00000   50.38288  40.7%  85.3 2860s
 1962766 1803414   50.38288  276  115   85.00000   50.38288  40.7%  85.3 2865s
 1968744 1808886   83.23051  314   56   85.00000   50.38288  40.7%  85.3 2870s
 1973369 1813092   68.30475  334   74   85.00000   50.38288  40.7%  85.2 2875s
 1978607 1818166   65.34770  279   84   85.00000   50.38288  40.7%  85.2 2880s
 1983651 1822615   58.38283  284   84   85.00000   50.38288  40.7%  85.2 2885s
 1988233 1826900   50.38288  228  127   85.00000   50.38288  40.7%  85.2 2890s
 1993515 1831894   54.35939  283   91   85.00000   50.38288  40.7%  85.2 2895s
 1999056 1836696     cutoff  354        85.00000   50.38288  40.7%  85.1 2900s
 2003586 1841060     cutoff  336        85.00000   50.38288  40.7%  85.1 2905s
 2008992 1845813   50.38288  127  159   85.00000   50.38288  40.7%  85.1 2910s
 2013184 1849682   52.38281  191   97   85.00000   50.38288  40.7%  85.1 2915s
 2016649 1853254   73.20703  229   52   85.00000   50.38288  40.7%  85.1 2920s
 2022734 1858722   50.38288  202  175   85.00000   50.38288  40.7%  85.1 2926s
 2026966 1862694   67.35551  294   84   85.00000   50.38288  40.7%  85.1 2930s
 2032536 1867556   66.25392  291   62   85.00000   50.38288  40.7%  85.1 2935s
 2036798 1871747   56.33984  220   81   85.00000   50.38288  40.7%  85.1 2941s
 2040653 1875551   50.38288  131  128   85.00000   50.38288  40.7%  85.2 2946s
 2045767 1879778   50.38288  159  202   85.00000   50.38288  40.7%  85.1 2950s
 2050504 1884324   63.35947  311   81   85.00000   50.38288  40.7%  85.1 2956s
 2054373 1887857   75.28142  356   63   85.00000   50.38288  40.7%  85.2 2961s
 2058910 1891873   51.47270  275  103   85.00000   50.38288  40.7%  85.2 2965s
 2063853 1896698   70.30084  340   68   85.00000   50.38288  40.7%  85.2 2970s
 2067527 1900212   82.24226  364   55   85.00000   50.38288  40.7%  85.2 2975s
 2073896 1905597   55.38283  267   89   85.00000   50.38288  40.7%  85.2 2980s
 2078219 1909839   69.26564  312   63   85.00000   50.38288  40.7%  85.2 2985s
 2083353 1914344   82.21097  346   49   85.00000   50.38288  40.7%  85.1 2990s
 2088312 1919009   50.38288  227  146   85.00000   50.38288  40.7%  85.1 2995s
 2093676 1923835   67.29695  317   70   85.00000   50.38288  40.7%  85.1 3000s
 2098878 1928525   50.38288  120  198   85.00000   50.38288  40.7%  85.1 3005s
 2104681 1933897   50.38288  233  132   85.00000   50.38288  40.7%  85.0 3011s
 2109776 1938301   57.33203  303   78   85.00000   50.38288  40.7%  85.0 3015s
 2114028 1942347   69.23047  331   57   85.00000   50.38288  40.7%  85.0 3020s
 2118132 1945870   82.16017  355   39   85.00000   50.38288  40.7%  85.1 3025s
 2122587 1950279   57.38284  304   94   85.00000   50.38288  40.7%  85.1 3031s
 2126143 1953625   69.28911  345   65   85.00000   50.38288  40.7%  85.1 3035s
 2131988 1959163   50.38288  165  184   85.00000   50.38288  40.7%  85.1 3040s
 2136573 1963378   63.33987  308   80   85.00000   50.38288  40.7%  85.1 3045s
 2140924 1967373   78.23836  359   53   85.00000   50.38288  40.7%  85.2 3051s
 2144844 1970940   61.30861  284   73   85.00000   50.38288  40.7%  85.2 3055s
 2150335 1976034   80.28143  348   59   85.00000   50.38288  40.7%  85.2 3060s
 2156081 1981239   78.28908  275   68   85.00000   50.38288  40.7%  85.1 3066s
 2159997 1984690   55.38672  152   96   85.00000   50.38288  40.7%  85.1 3070s
 2165661 1989523   50.38288  265  123   85.00000   50.38288  40.7%  85.1 3075s
 2169478 1993224   67.27347  321   63   85.00000   50.38288  40.7%  85.1 3080s
 2173367 1997219   80.18362  349   44   85.00000   50.38288  40.7%  85.2 3085s
 2177722 2000849   52.37500  268   95   85.00000   50.38288  40.7%  85.2 3090s
 2181126 2004369   67.22266  310   54   85.00000   50.38288  40.7%  85.3 3095s
 2184672 2008039   82.13284  365   33   85.00000   50.38288  40.7%  85.4 3100s
 2189701 2012460   83.22295  333   45   85.00000   50.38288  40.7%  85.3 3105s
 2196458 2018433   50.38288  122  193   85.00000   50.38288  40.7%  85.3 3110s
 2201487 2022835   50.38288  152  191   85.00000   50.38288  40.7%  85.2 3115s
 2205738 2026832   50.38288  211  114   85.00000   50.38288  40.7%  85.2 3120s
 2210111 2031001   74.23828  260   60   85.00000   50.38288  40.7%  85.3 3125s
 2215251 2035741   50.38288  234  154   85.00000   50.38288  40.7%  85.3 3131s
 2219042 2039525   50.38288  107  191   85.00000   50.38288  40.7%  85.3 3135s
 2224348 2044246   50.38288  148  174   85.00000   50.38288  40.7%  85.2 3140s
 2229887 2049017   71.32814  301   79   85.00000   50.38288  40.7%  85.2 3145s
 2233641 2052473   62.38678  284   88   85.00000   50.38288  40.7%  85.3 3150s
 2237160 2056230   50.38288  171  113   85.00000   50.38288  40.7%  85.3 3155s
 2241666 2060414   77.21484  220   55   85.00000   50.38288  40.7%  85.3 3160s
 2245698 2064023   50.38288  224  152   85.00000   50.38288  40.7%  85.3 3165s
 2250459 2068734   68.30475  354   66   85.00000   50.38288  40.7%  85.4 3170s
 2255692 2073224   83.19934  389   46   85.00000   50.38288  40.7%  85.4 3176s
 2258727 2075967   50.38288  207  112   85.00000   50.38288  40.7%  85.4 3180s
 2262707 2080059   76.22267  265   56   85.00000   50.38288  40.7%  85.5 3186s
 2266872 2084262   56.46881  264  110   85.00000   50.38288  40.7%  85.5 3190s
 2271436 2087753   50.40234  162  101   85.00000   50.38288  40.7%  85.5 3195s
 2277157 2092830   63.32422  262   80   85.00000   50.38288  40.7%  85.5 3200s
 2283401 2098395     cutoff  300        85.00000   50.38288  40.7%  85.4 3205s
 2288184 2102895   50.38288  270  106   85.00000   50.38288  40.7%  85.4 3210s
 2292985 2107292   50.38288  176  136   85.00000   50.38288  40.7%  85.4 3215s
 2296777 2110660   58.31250  225   76   85.00000   50.38288  40.7%  85.4 3220s
 2301478 2115325   74.26964  320   61   85.00000   50.38288  40.7%  85.4 3226s
 2305515 2118950   56.34769  276   82   85.00000   50.38288  40.7%  85.4 3230s
 2310512 2123428   50.38288  266  109   85.00000   50.38288  40.7%  85.4 3235s
 2315689 2128330   50.38288  125  210   85.00000   50.38288  40.7%  85.4 3240s
 2320630 2132351   52.38281  281   93   85.00000   50.38288  40.7%  85.3 3245s
 2325105 2136646   71.22267  335   53   85.00000   50.38288  40.7%  85.3 3250s
 2328879 2140253   82.16805  361   37   85.00000   50.38288  40.7%  85.4 3255s
 2334598 2145679   80.23445  324   55   85.00000   50.38288  40.7%  85.3 3260s
 2340004 2150346   60.41017  293   93   85.00000   50.38288  40.7%  85.3 3265s
 2345513 2155202   54.47275  301  106   85.00000   50.38288  40.7%  85.2 3270s
 2351276 2160344   50.38288  218  119   85.00000   50.38288  40.7%  85.2 3276s
 2355360 2164337   77.20703  267   48   85.00000   50.38288  40.7%  85.2 3280s
 2360084 2168551   50.38288  253  118   85.00000   50.38288  40.7%  85.2 3285s
 2363314 2171868   64.32034  322   69   85.00000   50.38288  40.7%  85.2 3290s
 2368861 2176855   81.22272  364   50   85.00000   50.38288  40.7%  85.2 3295s
 2374487 2182231   76.29314  331   64   85.00000   50.38288  40.7%  85.2 3300s
 2379916 2187049   75.25394  321   62   85.00000   50.38288  40.7%  85.1 3305s
 2386390 2192556   73.24226  323   59   85.00000   50.38288  40.7%  85.1 3310s
 2391252 2197062   66.33206  287   79   85.00000   50.38288  40.7%  85.1 3315s
 2396645 2201938   50.38288  151  201   85.00000   50.38288  40.7%  85.1 3320s
 2401632 2206425   50.38288  215  160   85.00000   50.38288  40.7%  85.1 3326s
 2404839 2209952   50.38288  120  203   85.00000   50.38288  40.7%  85.1 3330s
 2410845 2215008   50.38288  159  124   85.00000   50.38288  40.7%  85.0 3335s
 2415100 2218882   72.21875  219   54   85.00000   50.38288  40.7%  85.0 3340s
 2419830 2223501   50.38288  204  173   85.00000   50.38288  40.7%  85.0 3346s
 2423735 2226987   78.26958  315   64   85.00000   50.38288  40.7%  85.0 3350s
 2428121 2230962   60.34377  299   83   85.00000   50.38288  40.7%  85.0 3355s
 2432355 2234985   77.22270  364   51   85.00000   50.38288  40.7%  85.1 3361s
 2436585 2238723   57.44144  296  101   85.00000   50.38288  40.7%  85.1 3365s
 2440889 2242831   57.37503  306   91   85.00000   50.38288  40.7%  85.1 3370s
 2445390 2247333   75.28543  365   58   85.00000   50.38288  40.7%  85.1 3375s
 2449303 2251142   83.28133  294   62   85.00000   50.38288  40.7%  85.2 3380s
 2454779 2256035   50.38288  216  146   85.00000   50.38288  40.7%  85.2 3385s
 2459987 2260714   50.38288  167  187   85.00000   50.38288  40.7%  85.1 3391s
 2463808 2264160   51.43750  281  100   85.00000   50.38288  40.7%  85.1 3395s
 2467751 2267967   70.28912  335   67   85.00000   50.38288  40.7%  85.2 3400s
 2472660 2272585   50.38288  259  132   85.00000   50.38288  40.7%  85.2 3406s
 2476694 2276253   59.35556  326   82   85.00000   50.38288  40.7%  85.2 3410s
 2481067 2280169   68.28917  355   67   85.00000   50.38288  40.7%  85.3 3415s
 2485490 2284437   50.38288  178  182   85.00000   50.38288  40.7%  85.3 3420s
 2489614 2288146   50.38288  280  101   85.00000   50.38288  40.7%  85.3 3425s
 2494473 2292735   70.25392  346   59   85.00000   50.38288  40.7%  85.3 3431s
 2498302 2296487   81.19536  383   46   85.00000   50.38288  40.7%  85.3 3435s
 2503525 2300975   57.36331  303   85   85.00000   50.38288  40.7%  85.4 3440s
 2506691 2304185   69.26176  331   62   85.00000   50.38288  40.7%  85.4 3445s
 2511969 2309239   83.15242  359   37   85.00000   50.38288  40.7%  85.4 3450s
 2517325 2314090   50.38288  204  170   85.00000   50.38288  40.7%  85.4 3456s
 2522585 2318614   50.38288  214  107   85.00000   50.38288  40.7%  85.4 3461s
 2526974 2322724   70.19922  270   50   85.00000   50.38288  40.7%  85.4 3466s
 2530639 2326178   50.38288  204  189   85.00000   50.38288  40.7%  85.4 3470s
 2534569 2330117   50.38288  210  175   85.00000   50.38288  40.7%  85.4 3475s
 2539998 2335036   66.28131  336   68   85.00000   50.38288  40.7%  85.4 3480s
 2545531 2339731   50.38288  151  180   85.00000   50.38288  40.7%  85.4 3486s
 2549853 2343596   61.31641  241   78   85.00000   50.38288  40.7%  85.4 3491s
 2553383 2347229   54.38284  294   91   85.00000   50.38288  40.7%  85.4 3495s
 2557320 2350694   50.38288  199  172   85.00000   50.38288  40.7%  85.4 3500s
 2563107 2355917   82.25786  339   59   85.00000   50.38288  40.7%  85.4 3505s
 2568128 2360042   50.38288  175  142   85.00000   50.38288  40.7%  85.3 3510s
 2571729 2363441   68.25391  258   64   85.00000   50.38288  40.7%  85.4 3515s
 2576607 2368092   50.38288  163  178   85.00000   50.38288  40.7%  85.4 3520s
 2580812 2371817   59.31642  261   77   85.00000   50.38288  40.7%  85.4 3525s
 2584783 2375687   50.38288  232  145   85.00000   50.38288  40.7%  85.4 3530s
 2588919 2379385   50.44533  288  101   85.00000   50.38288  40.7%  85.4 3535s
 2593589 2383603   71.29308  349   67   85.00000   50.38288  40.7%  85.4 3540s
 2598188 2388102   78.31262  303   76   85.00000   50.38288  40.7%  85.5 3546s
 2602092 2391471   67.37117  289   85   85.00000   50.38288  40.7%  85.5 3550s
 2607375 2396596   75.22269  316   56   85.00000   50.38288  40.7%  85.5 3555s
 2612928 2401336   50.38288  130  201   85.00000   50.38288  40.7%  85.4 3561s
 2617788 2405940   83.26967  340   63   85.00000   50.38288  40.7%  85.4 3566s
 2621112 2408697   55.42972  267  103   85.00000   50.38288  40.7%  85.4 3570s
 2625712 2413145   81.20322  364   46   85.00000   50.38288  40.7%  85.5 3576s
 2629924 2417123   73.30475  325   70   85.00000   50.38288  40.7%  85.5 3581s
 2634265 2420692   50.38288  243  126   85.00000   50.38288  40.7%  85.5 3585s
 2638592 2425132   64.28517  331   71   85.00000   50.38288  40.7%  85.5 3591s
 2642430 2428767   76.20316  363   47   85.00000   50.38288  40.7%  85.5 3595s
 2646792 2432512   50.38288  210  146   85.00000   50.38288  40.7%  85.5 3600s

Explored 2648243 nodes (226713661 simplex iterations) in 3600.02 seconds (3580.38 work units)
Thread count was 12 (of 12 available processors)

Solution count 10: 85 86 87 ... 100

Time limit reached
Best objective 8.500000000000e+01, best bound 5.100000000000e+01, gap 40.0000%

User-callback calls 5417568, time in user-callback 10.02 sec
Série salva em: plots/hc10p.txt__R150__timeseries.csv
Gráfico salvo em: plots/hc10p.txt__R150__lb_ub.png

================================================================================
Arquivo: hc11p.txt
================================================================================

[hc11p.txt] ===== R = 150 =====
Set parameter TimeLimit to value 3600
Gurobi Optimizer version 12.0.3 build v12.0.3rc0 (linux64 - "Linux Mint 22.1")

CPU model: 13th Gen Intel(R) Core(TM) i5-13420H, instruction set [SSE2|AVX|AVX2]
Thread count: 12 physical cores, 12 logical processors, using up to 12 threads

Non-default parameters:
TimeLimit  3600

Optimize a model with 6144 rows, 24576 columns and 94208 nonzeros
Model fingerprint: 0x03f03f40
Variable types: 0 continuous, 24576 integer (2048 binary)
Coefficient statistics:
  Matrix range     [1e+00, 5e+02]
  Objective range  [1e+00, 1e+00]
  Bounds range     [1e+00, 1e+00]
  RHS range        [1e+00, 1e+00]
Presolve time: 0.05s
Presolved: 6144 rows, 24576 columns, 94208 nonzeros
Variable types: 0 continuous, 24576 integer (2048 binary)

Root relaxation: objective 1.000000e+00, 17240 iterations, 0.51 seconds (0.89 work units)

    Nodes    |    Current Node    |     Objective Bounds      |     Work
 Expl Unexpl |  Obj  Depth IntInf | Incumbent    BestBd   Gap | It/Node Time

     0     0    1.00000    0  262          -    1.00000      -     -    0s
H    0     0                     262.0000000    1.00000   100%     -    0s
H    0     0                     261.0000000    1.00000   100%     -    1s
H    0     0                     260.0000000    1.00000   100%     -    1s
H    0     0                     259.0000000    1.00000   100%     -    1s
H    0     0                     257.0000000    1.00000   100%     -    1s
H    0     0                     253.0000000    1.00000   100%     -    1s
H    0     0                     249.0000000    1.00000   100%     -    1s
H    0     0                     247.0000000    1.00000   100%     -    1s
H    0     0                     245.0000000    1.00000   100%     -    1s
H    0     0                     241.0000000    1.00000   100%     -    1s
H    0     0                     238.0000000    1.00000   100%     -    1s
H    0     0                     237.0000000    1.00000   100%     -    1s
H    0     0                     236.0000000    1.00000   100%     -    1s
H    0     0                     235.0000000    1.00000   100%     -    2s
H    0     0                     234.0000000    1.00000   100%     -    2s
H    0     0                     231.0000000    1.00000   100%     -    2s
H    0     0                     207.0000000   21.34560  89.7%     -   12s
H    0     0                     206.0000000   21.34560  89.6%     -   12s
     0     0   21.37096    0 1646  206.00000   21.37096  89.6%     -   12s
H    0     0                     205.0000000   21.37096  89.6%     -   12s
     0     0   21.39735    0 1919  205.00000   21.39735  89.6%     -   20s
H    0     0                     204.0000000   21.40270  89.5%     -   24s
     0     0   21.40270    0 1943  204.00000   21.40270  89.5%     -   24s
     0     0   21.40644    0 1965  204.00000   21.40644  89.5%     -   26s
H    0     0                     203.0000000   36.33718  82.1%     -   50s
H    0     0                     202.0000000   36.33718  82.0%     -   50s
H    0     0                     201.0000000   36.33718  81.9%     -   50s
H    0     0                     200.0000000   36.33718  81.8%     -   50s
H    0     0                     199.0000000   36.33718  81.7%     -   50s
     0     0   36.33718    0 2443  199.00000   36.33718  81.7%     -   50s
H    0     0                     198.0000000   59.15790  70.1%     -   66s
     0     0   59.15790    0 2320  198.00000   59.15790  70.1%     -   66s
H    0     0                     197.0000000   66.32385  66.3%     -   78s
     0     0   66.32385    0 2515  197.00000   66.32385  66.3%     -   78s
     0     0   66.88043    0 2643  197.00000   66.88043  66.1%     -   88s
     0     0   67.31658    0 2650  197.00000   67.31658  65.8%     -   96s
     0     0   67.35916    0 2746  197.00000   67.35916  65.8%     -  102s
     0     0   67.36764    0 2811  197.00000   67.36764  65.8%     -  106s
H    0     0                     196.0000000   70.33121  64.1%     -  126s
H    0     0                     195.0000000   70.33121  63.9%     -  126s
     0     0   70.33121    0 2843  195.00000   70.33121  63.9%     -  126s
H    0     0                     194.0000000   76.42886  60.6%     -  143s
H    0     0                     193.0000000   76.42886  60.4%     -  143s
     0     0   76.42886    0 2862  193.00000   76.42886  60.4%     -  143s
     0     0   79.04751    0 3036  193.00000   79.04751  59.0%     -  155s
H    0     0                     192.0000000   79.84001  58.4%     -  170s
     0     0   79.84001    0 3219  192.00000   79.84001  58.4%     -  170s
H    0     0                     191.0000000   80.20699  58.0%     -  186s
     0     0   80.20699    0 3227  191.00000   80.20699  58.0%     -  186s
H    0     0                     189.0000000   80.25687  57.5%     -  197s
     0     0   80.25687    0 3207  189.00000   80.25687  57.5%     -  197s
     0     0   80.26735    0 3242  189.00000   80.26735  57.5%     -  205s
H    0     0                     188.0000000   83.40899  55.6%     -  226s
     0     0   83.40899    0 2919  188.00000   83.40899  55.6%     -  226s
H    0     0                     186.0000000   83.98377  54.8%     -  239s
     0     0   83.98377    0 3175  186.00000   83.98377  54.8%     -  239s
H    0     0                     185.0000000   84.88510  54.1%     -  258s
H    0     0                     183.0000000   84.88510  53.6%     -  258s
     0     0   84.88510    0 3226  183.00000   84.88510  53.6%     -  258s
     0     0   85.15762    0 3325  183.00000   85.15762  53.5%     -  271s
     0     0   85.40544    0 3526  183.00000   85.40544  53.3%     -  289s
     0     0   85.58848    0 3716  183.00000   85.58848  53.2%     -  304s
H    0     0                     182.0000000   85.69569  52.9%     -  315s
     0     0   85.69569    0 3901  182.00000   85.69569  52.9%     -  315s
     0     0   85.72662    0 3991  182.00000   85.72662  52.9%     -  329s
     0     0   85.88468    0 3907  182.00000   85.88468  52.8%     -  349s
     0     0   86.05444    0 3757  182.00000   86.05444  52.7%     -  367s
H    0     0                     180.0000000   86.39682  52.0%     -  391s
H    0     0                     179.0000000   86.39682  51.7%     -  391s
     0     0   86.39682    0 3816  179.00000   86.39682  51.7%     -  391s
     0     0   86.52807    0 3877  179.00000   86.52807  51.7%     -  410s
     0     0   86.73206    0 3890  179.00000   86.73206  51.5%     -  428s
H    0     0                     178.0000000   86.80807  51.2%     -  447s
H    0     0                     176.0000000   86.80807  50.7%     -  447s
H    0     0                     175.0000000   86.80807  50.4%     -  447s
     0     0   86.80807    0 4059  175.00000   86.80807  50.4%     -  447s
     0     0   86.88022    0 3995  175.00000   86.88022  50.4%     -  464s
H    0     0                     172.0000000   86.94157  49.5%     -  484s
H    0     0                     171.0000000   86.94157  49.2%     -  484s
     0     0   86.94157    0 3863  171.00000   86.94157  49.2%     -  484s
H    0     0                     170.0000000   86.94160  48.9%     -  484s
H    0     0                     169.0000000   86.94160  48.6%     -  487s
     0     0   87.11800    0 3935  169.00000   87.11800  48.5%     -  511s
     0     0   87.16181    0 4056  169.00000   87.16181  48.4%     -  530s
     0     0   87.30329    0 3878  169.00000   87.30329  48.3%     -  554s
     0     0   87.30344    0 2881  169.00000   87.30344  48.3%     -  562s
H    0     0                     168.0000000   87.30344  48.0%     -  598s
     0     2   87.30344    0 2586  168.00000   87.30344  48.0%     -  626s
     1     4   87.33584    1 2543  168.00000   87.30344  48.0% 18865  631s
     3     6   87.61499    2 2905  168.00000   87.33600  48.0% 12472  642s
     5     9   87.69327    3 3102  168.00000   87.33620  48.0% 12224  668s
     8    10   88.00924    3 3703  168.00000   87.33620  48.0% 14035  719s
     9    15   88.29631    4 4094  168.00000   87.33620  48.0% 14802  785s
    14    17   88.60784    5 4486  168.00000   87.33620  48.0% 16475  913s
    16    20   88.61122    6 4526  168.00000   87.33620  48.0% 17142 1100s
    19    23   88.91269    7 4791  168.00000   87.59286  47.9% 17365 1299s
    22    27   89.01567    8 4724  168.00000   87.59286  47.9% 19624 1495s
H   26    31                     164.0000000   87.59286  46.6% 19565 1760s
H   28    31                     162.0000000   87.59286  45.9% 20384 1760s
    30    38   89.63836   10 5153  162.00000   87.59286  45.9% 22473 2173s
    37    46   89.98695   11 5729  162.00000   87.69381  45.9% 26744 2531s
    45    57   90.57043   12 5618  162.00000   87.69381  45.9% 28038 2912s
    56    71   90.99586   13 5726  162.00000   87.69381  45.9% 28193 3339s

Cutting planes:
  Learned: 3
  Cover: 671
  Implied bound: 1
  Dual implied bound: 21
  MIR: 4674
  Flow cover: 741
  Flow path: 4814
  Zero half: 36
  Network: 114
  Relax-and-lift: 276

Explored 70 nodes (2554591 simplex iterations) in 3600.04 seconds (3926.79 work units)
Thread count was 12 (of 12 available processors)

Solution count 10: 162 164 168 ... 178

Time limit reached
Best objective 1.620000000000e+02, best bound 8.800000000000e+01, gap 45.6790%

User-callback calls 375229, time in user-callback 5.68 sec
Série salva em: plots/hc11p.txt__R150__timeseries.csv
Gráfico salvo em: plots/hc11p.txt__R150__lb_ub.png

================================================================================
Arquivo: hc12p.txt
================================================================================

[hc12p.txt] ===== R = 150 =====
Set parameter TimeLimit to value 3600
Gurobi Optimizer version 12.0.3 build v12.0.3rc0 (linux64 - "Linux Mint 22.1")

CPU model: 13th Gen Intel(R) Core(TM) i5-13420H, instruction set [SSE2|AVX|AVX2]
Thread count: 12 physical cores, 12 logical processors, using up to 12 threads

Non-default parameters:
TimeLimit  3600

Optimize a model with 12288 rows, 53248 columns and 204800 nonzeros
Model fingerprint: 0x0a4a90d4
Variable types: 0 continuous, 53248 integer (4096 binary)
Coefficient statistics:
  Matrix range     [1e+00, 1e+03]
  Objective range  [1e+00, 1e+00]
  Bounds range     [1e+00, 1e+00]
  RHS range        [1e+00, 1e+00]
Presolve time: 0.10s
Presolved: 12288 rows, 53248 columns, 204800 nonzeros
Variable types: 0 continuous, 53248 integer (4096 binary)
Deterministic concurrent LP optimizer: primal and dual simplex
Showing primal log only...

Concurrent spin time: 0.08s

Solved with primal simplex

Root relaxation: objective 1.000000e+00, 19690 iterations, 0.72 seconds (0.81 work units)

    Nodes    |    Current Node    |     Objective Bounds      |     Work
 Expl Unexpl |  Obj  Depth IntInf | Incumbent    BestBd   Gap | It/Node Time

     0     0    1.00000    0  509          -    1.00000      -     -    2s
H    0     0                     509.0000000    1.00000   100%     -    2s
H    0     0                     508.0000000    1.00000   100%     -    2s
H    0     0                     503.0000000    1.00000   100%     -    2s
H    0     0                     500.0000000    1.00000   100%     -    2s
H    0     0                     497.0000000    1.00000   100%     -    2s
H    0     0                     495.0000000    1.00000   100%     -    2s
H    0     0                     494.0000000    1.00000   100%     -    2s
H    0     0                     472.0000000    1.00000   100%     -    2s
H    0     0                     467.0000000    1.00000   100%     -    2s
H    0     0                     460.0000000    1.00000   100%     -    2s
H    0     0                     457.0000000    1.00000   100%     -    2s
H    0     0                     456.0000000    1.00000   100%     -    2s
H    0     0                     452.0000000    1.00000   100%     -    2s
H    0     0                     450.0000000    1.00000   100%     -    3s
H    0     0                     449.0000000    1.00000   100%     -    3s
H    0     0                     448.0000000    1.00000   100%     -    3s
H    0     0                     447.0000000   16.60248  96.3%     -   18s
H    0     0                     446.0000000   16.60248  96.3%     -   18s
H    0     0                     445.0000000   16.60248  96.3%     -   18s
H    0     0                     444.0000000   16.60248  96.3%     -   18s
H    0     0                     440.0000000   16.60248  96.2%     -   18s
H    0     0                     439.0000000   16.60248  96.2%     -   18s
H    0     0                     438.0000000   16.60248  96.2%     -   18s
H    0     0                     437.0000000   16.60248  96.2%     -   18s
H    0     0                     435.0000000   16.60248  96.2%     -   18s
H    0     0                     432.0000000   16.60248  96.2%     -   18s
H    0     0                     430.0000000   16.60248  96.1%     -   18s
     0     0   16.60248    0 1868  430.00000   16.60248  96.1%     -   18s
H    0     0                     429.0000000   28.51789  93.4%     -  140s
H    0     0                     428.0000000   28.51789  93.3%     -  140s
H    0     0                     420.0000000   28.51789  93.2%     -  140s
H    0     0                     406.0000000   28.51789  93.0%     -  140s
H    0     0                     404.0000000   28.51789  92.9%     -  140s
H    0     0                     396.0000000   28.51789  92.8%     -  140s
H    0     0                     393.0000000   28.51789  92.7%     -  140s
H    0     0                     388.0000000   28.51789  92.7%     -  140s
H    0     0                     387.0000000   28.51789  92.6%     -  140s
H    0     0                     383.0000000   28.51789  92.6%     -  140s
H    0     0                     381.0000000   28.51789  92.5%     -  140s
H    0     0                     380.0000000   28.51789  92.5%     -  140s
H    0     0                     379.0000000   28.51789  92.5%     -  140s
H    0     0                     377.0000000   28.51789  92.4%     -  140s
H    0     0                     376.0000000   28.51789  92.4%     -  140s
H    0     0                     371.0000000   28.51789  92.3%     -  140s
H    0     0                     370.0000000   28.51789  92.3%     -  140s
H    0     0                     369.0000000   28.51789  92.3%     -  140s
     0     0   28.51789    0 3512  369.00000   28.51789  92.3%     -  140s
     0     0   28.56938    0 3934  369.00000   28.56938  92.3%     -  163s
H    0     0                     368.0000000   28.57251  92.2%     -  178s
H    0     0                     367.0000000   28.57251  92.2%     -  178s
     0     0   37.49346    0 3991  367.00000   37.49346  89.8%     -  178s
     0     0   37.49346    0 4017  367.00000   37.49346  89.8%     -  182s
H    0     0                     362.0000000   45.42806  87.5%     -  279s
H    0     0                     358.0000000   45.42806  87.3%     -  279s
H    0     0                     357.0000000   45.42806  87.3%     -  279s
H    0     0                     356.0000000   45.42806  87.2%     -  279s
H    0     0                     355.0000000   45.42806  87.2%     -  279s
H    0     0                     352.0000000   45.42806  87.1%     -  279s
H    0     0                     349.0000000   45.42806  87.0%     -  279s
     0     0   45.42806    0 4403  349.00000   45.42806  87.0%     -  279s
H    0     0                     348.0000000   56.94813  83.6%     -  411s
H    0     0                     346.0000000   56.94813  83.5%     -  411s
H    0     0                     343.0000000   56.94813  83.4%     -  411s
H    0     0                     342.0000000   56.94813  83.3%     -  411s
H    0     0                     341.0000000   56.94813  83.3%     -  411s
     0     0   56.94813    0 4711  341.00000   56.94813  83.3%     -  411s
H    0     0                     338.0000000   65.99441  80.5%     -  552s
H    0     0                     337.0000000   65.99441  80.4%     -  552s
H    0     0                     335.0000000   65.99441  80.3%     -  552s
     0     0   65.99441    0 4920  335.00000   65.99441  80.3%     -  552s
H    0     0                     334.0000000   82.42740  75.3%     -  667s
H    0     0                     333.0000000   82.42740  75.2%     -  667s
H    0     0                     332.0000000   82.42740  75.2%     -  667s
H    0     0                     331.0000000   82.42740  75.1%     -  667s
     0     0   82.42740    0 4666  331.00000   82.42740  75.1%     -  667s
     0     0   88.48135    0 4752  331.00000   88.48135  73.3%     -  761s
     0     0   92.21940    0 4804  331.00000   92.21940  72.1%     -  838s
H    0     0                     330.0000000   94.87561  71.2%     -  928s
H    0     0                     328.0000000   94.87561  71.1%     -  928s
     0     0   94.87561    0 4959  328.00000   94.87561  71.1%     -  928s
H    0     0                     327.0000000   96.04616  70.6%     -  999s
     0     0   96.04616    0 5033  327.00000   96.04616  70.6%     -  999s
     0     0   96.57192    0 5170  327.00000   96.57192  70.5%     - 1060s
     0     0   97.18350    0 5305  327.00000   97.18350  70.3%     - 1131s
H    0     0                     326.0000000   97.47906  70.1%     - 1177s
H    0     0                     325.0000000   97.47906  70.0%     - 1177s
     0     0   97.47906    0 5403  325.00000   97.47906  70.0%     - 1177s
     0     0   97.63557    0 5519  325.00000   97.63557  70.0%     - 1237s
H    0     0                     324.0000000   97.69170  69.8%     - 1274s
     0     0   97.69170    0 5700  324.00000   97.69170  69.8%     - 1274s
     0     0   97.71311    0 5730  324.00000   97.71311  69.8%     - 1300s
H    0     0                     323.0000000   97.71737  69.7%     - 1322s
H    0     0                     321.0000000   97.71737  69.6%     - 1322s
     0     0   97.71737    0 5806  321.00000   97.71737  69.6%     - 1322s
H    0     0                     320.0000000  105.64991  67.0%     - 1461s
H    0     0                     318.0000000  105.64991  66.8%     - 1461s
H    0     0                     317.0000000  105.64991  66.7%     - 1461s
     0     0  105.64991    0 5264  317.00000  105.64991  66.7%     - 1461s
     0     0  113.55804    0 4845  317.00000  113.55804  64.2%     - 1597s
     0     0  114.90448    0 4924  317.00000  114.90448  63.8%     - 1668s
     0     0  115.20957    0 5112  317.00000  115.20957  63.7%     - 1721s
H    0     0                     316.0000000  121.02181  61.7%     - 1850s
     0     0  121.02181    0 4644  316.00000  121.02181  61.7%     - 1850s
H    0     0                     315.0000000  121.60595  61.4%     - 1909s
     0     0  121.60595    0 4793  315.00000  121.60595  61.4%     - 1909s
     0     0  123.57501    0 4788  315.00000  123.57501  60.8%     - 1986s
     0     0  124.46295    0 4843  315.00000  124.46295  60.5%     - 2065s
     0     0  125.47977    0 4799  315.00000  125.47977  60.2%     - 2178s
     0     0  126.34525    0 4855  315.00000  126.34525  59.9%     - 2230s
     0     0  127.22061    0 4926  315.00000  127.22061  59.6%     - 2291s
     0     0  127.43486    0 4991  315.00000  127.43486  59.5%     - 2327s
     0     0  128.59398    0 5041  315.00000  128.59398  59.2%     - 2387s
     0     0  128.98210    0 5137  315.00000  128.98210  59.1%     - 2427s
     0     0  129.24534    0 5263  315.00000  129.24534  59.0%     - 2478s
H    0     0                     314.0000000  129.68946  58.7%     - 2546s
H    0     0                     313.0000000  129.68946  58.6%     - 2546s
H    0     0                     312.0000000  129.68946  58.4%     - 2546s
     0     0  129.68946    0 5151  312.00000  129.68946  58.4%     - 2546s
     0     0  129.75148    0 5387  312.00000  129.75148  58.4%     - 2581s
     0     0  130.00176    0 5328  312.00000  130.00176  58.3%     - 2636s
     0     0  130.25044    0 5444  312.00000  130.25044  58.3%     - 2685s
     0     0  130.35180    0 5585  312.00000  130.35180  58.2%     - 2722s
     0     0  130.76041    0 5548  312.00000  130.76041  58.1%     - 2782s
     0     0  130.88301    0 5713  312.00000  130.88301  58.1%     - 2836s
     0     0  131.06520    0 5892  312.00000  131.06520  58.0%     - 2910s
     0     0  131.32762    0 6004  312.00000  131.32762  57.9%     - 2993s
     0     0  131.41211    0 6044  312.00000  131.41211  57.9%     - 3044s
     0     0  131.53440    0 5968  312.00000  131.53440  57.8%     - 3100s
     0     0  131.56904    0 6144  312.00000  131.56904  57.8%     - 3142s
H    0     0                     311.0000000  131.56904  57.7%     - 3194s
H    0     0                     310.0000000  146.86622  52.6%     - 3405s
     0     0  146.86622    0 4511  310.00000  146.86622  52.6%     - 3405s
H    0     0                     308.0000000  147.79630  52.0%     - 3478s
     0     0  147.79630    0 4563  308.00000  147.79630  52.0%     - 3478s
     0     0  148.68096    0 4675  308.00000  148.68096  51.7%     - 3544s
     0     0  148.89021    0 4870  308.00000  148.89021  51.7%     - 3595s
     0     0          -    0       308.00000  148.89021  51.7%     - 3600s

Cutting planes:
  Cover: 777
  MIR: 610
  Flow cover: 608
  Flow path: 1074
  Zero half: 122

Explored 1 nodes (1544510 simplex iterations) in 3600.08 seconds (3972.14 work units)
Thread count was 12 (of 12 available processors)

Solution count 10: 308 310 311 ... 318

Time limit reached
Best objective 3.080000000000e+02, best bound 1.490000000000e+02, gap 51.6234%

User-callback calls 931362, time in user-callback 4.50 sec
Série salva em: plots/hc12p.txt__R150__timeseries.csv
Gráfico salvo em: plots/hc12p.txt__R150__lb_ub.png

================================================================================
Arquivo: hc9u.txt
================================================================================

[hc9u.txt] ===== R = 1 =====
Set parameter TimeLimit to value 3600
Gurobi Optimizer version 12.0.3 build v12.0.3rc0 (linux64 - "Linux Mint 22.1")

CPU model: 13th Gen Intel(R) Core(TM) i5-13420H, instruction set [SSE2|AVX|AVX2]
Thread count: 12 physical cores, 12 logical processors, using up to 12 threads

Non-default parameters:
TimeLimit  3600

Optimize a model with 1536 rows, 5120 columns and 19456 nonzeros
Model fingerprint: 0x75fa132e
Variable types: 0 continuous, 5120 integer (512 binary)
Coefficient statistics:
  Matrix range     [1e+00, 1e+02]
  Objective range  [1e+00, 1e+00]
  Bounds range     [1e+00, 1e+00]
  RHS range        [1e+00, 1e+00]
Presolve time: 0.01s
Presolved: 1536 rows, 5120 columns, 19456 nonzeros
Variable types: 0 continuous, 5120 integer (512 binary)

Root relaxation: objective 1.000000e+00, 2985 iterations, 0.03 seconds (0.06 work units)

    Nodes    |    Current Node    |     Objective Bounds      |     Work
 Expl Unexpl |  Obj  Depth IntInf | Incumbent    BestBd   Gap | It/Node Time

     0     0    1.00000    0   68          -    1.00000      -     -    0s
H    0     0                      68.0000000    1.00000  98.5%     -    0s
H    0     0                      67.0000000    1.00000  98.5%     -    0s
H    0     0                      66.0000000    1.00000  98.5%     -    0s
H    0     0                      65.0000000    1.00000  98.5%     -    0s
H    0     0                      61.0000000    1.00000  98.4%     -    0s
H    0     0                      60.0000000    1.00000  98.3%     -    0s
     0     0    8.48957    0  593   60.00000    8.48957  85.9%     -    0s
H    0     0                      59.0000000    8.48971  85.6%     -    0s
H    0     0                      58.0000000    8.48971  85.4%     -    0s
H    0     0                      57.0000000    8.48971  85.1%     -    0s
H    0     0                      56.0000000    8.48971  84.8%     -    0s
     0     0   18.54672    0  732   56.00000   18.54672  66.9%     -    1s
H    0     0                      55.0000000   21.19729  61.5%     -    2s
H    0     0                      54.0000000   21.19729  60.7%     -    2s
     0     0   21.19729    0  665   54.00000   21.19729  60.7%     -    2s
     0     0   21.23512    0  735   54.00000   21.23512  60.7%     -    2s
     0     0   21.24794    0  729   54.00000   21.24794  60.7%     -    2s
     0     0   23.31662    0  822   54.00000   23.31662  56.8%     -    3s
     0     0   24.34027    0  841   54.00000   24.34027  54.9%     -    3s
H    0     0                      52.0000000   24.56195  52.8%     -    4s
     0     0   24.56195    0  910   52.00000   24.56195  52.8%     -    4s
     0     0   24.66458    0  932   52.00000   24.66458  52.6%     -    4s
     0     0   24.68025    0  945   52.00000   24.68025  52.5%     -    4s
     0     0   25.51998    0  850   52.00000   25.51998  50.9%     -    5s
     0     0   25.69614    0 1096   52.00000   25.69614  50.6%     -    6s
     0     0   25.78371    0 1182   52.00000   25.78371  50.4%     -    7s
     0     0   25.80240    0 1263   52.00000   25.80240  50.4%     -    7s
     0     0   26.28498    0 1331   52.00000   26.28498  49.5%     -    9s
     0     0   26.53628    0 1398   52.00000   26.53628  49.0%     -   10s
H    0     0                      47.0000000   26.61160  43.4%     -   12s
     0     0   26.61160    0 1464   47.00000   26.61160  43.4%     -   12s
     0     0   26.63659    0 1534   47.00000   26.63659  43.3%     -   12s
     0     0   26.78618    0 1635   47.00000   26.78618  43.0%     -   15s
H    0     0                      46.0000000   26.78644  41.8%     -   15s
     0     0   26.89575    0 1726   46.00000   26.89575  41.5%     -   17s
     0     0   26.93569    0 1811   46.00000   26.93569  41.4%     -   19s
     0     0   26.94225    0 1890   46.00000   26.94225  41.4%     -   20s
     0     0   27.06530    0 1889   46.00000   27.06530  41.2%     -   23s
     0     0   27.06541    0 1873   46.00000   27.06541  41.2%     -   23s
     0     2   27.06541    0 1863   46.00000   27.06541  41.2%     -   27s
     3     8   27.18724    2 1833   46.00000   27.14891  41.0%  5711   32s
     7    15   27.77927    3 1992   46.00000   27.18731  40.9%  7690   39s
    14    27   28.30625    4 2067   46.00000   27.18731  40.9%  7902   47s
    26    40   28.32534    5 1967   46.00000   27.18731  40.9%  7405   57s
H   30    40                      45.0000000   27.18731  39.6%  7100   57s
    39    59   28.39713    6 1865   45.00000   27.18731  39.6%  7262   68s
    58    82   28.65804    6 1831   45.00000   27.18731  39.6%  6738   78s
    81    94   28.81816    7 1788   45.00000   27.18731  39.6%  6444   87s
    93   117   28.48886    8 1842   45.00000   27.18731  39.6%  6216   98s
   116   144   28.57207   10 1793   45.00000   27.18731  39.6%  5903  108s
   143   172   28.62116   13 1707   45.00000   27.18731  39.6%  5521  116s
   171   195   28.68211   15 1639   45.00000   27.18731  39.6%  5218  124s
   194   225   29.07997   17 1616   45.00000   27.18731  39.6%  5050  132s
   224   242   28.89025   20 1704   45.00000   27.18731  39.6%  4880  142s
   241   267   28.92605   21 1667   45.00000   27.18731  39.6%  4861  151s
   266   288   29.05674   23 1627   45.00000   27.18731  39.6%  4834  158s
   287   310   29.20655   23 1588   45.00000   27.18731  39.6%  4753  166s
   309   337   29.14170   24 1625   45.00000   27.18731  39.6%  4720  174s
   336   356   29.20517   25 1601   45.00000   27.18731  39.6%  4709  181s
   355   387   29.38580   26 1577   45.00000   27.18731  39.6%  4674  188s
H  386   410                      44.0000000   27.18731  38.2%  4571  195s
   409   441   29.57985   26 1588   44.00000   27.18731  38.2%  4542  203s
   440   471   29.54587   28 1594   44.00000   27.18731  38.2%  4544  210s
   470   483   29.65470   29 1611   44.00000   27.18731  38.2%  4459  224s
   482   521   29.65611   29 1540   44.00000   27.18731  38.2%  4477  231s
   520   552   29.88011   31 1529   44.00000   27.18731  38.2%  4417  240s
   551   595   29.94929   31 1465   44.00000   27.18731  38.2%  4381  249s
   594   626   30.00130   34 1488   44.00000   27.18731  38.2%  4337  257s
   625   674   30.49544   35 1403   44.00000   27.18731  38.2%  4337  266s
   673   709   30.28225   39 1453   44.00000   27.18731  38.2%  4272  275s
   708   759   30.29826   40 1426   44.00000   27.18731  38.2%  4259  285s
   758   811   30.54737   43 1360   44.00000   27.18731  38.2%  4242  295s
   810   881   30.64332   46 1405   44.00000   27.18731  38.2%  4176  306s
   880   934   30.78796   55 1332   44.00000   27.18731  38.2%  4081  316s
   933  1015   31.20704   57 1233   44.00000   27.18731  38.2%  4077  327s
  1014  1079   31.54047   59 1172   44.00000   27.18731  38.2%  4035  338s
  1078  1179   31.95845   61 1164   44.00000   27.18731  38.2%  3998  350s
  1178  1276   32.39880   64 1143   44.00000   27.18731  38.2%  3954  362s
  1275  1418   32.73355   67 1160   44.00000   27.18731  38.2%  3896  374s
  1417  1430   33.30675   71 1118   44.00000   27.18731  38.2%  3788  398s
  1429  1442   33.65521   71 1081   44.00000   27.18731  38.2%  3784  425s
H 1437  1442                      43.0000000   27.18731  36.8%  3781  425s
  1441  1625   33.41023   72 1130   43.00000   27.18731  36.8%  3781  438s
  1624  1833   34.13168   75 1002   43.00000   27.18731  36.8%  3628  450s
  1832  2059   35.24420   81  993   43.00000   27.18731  36.8%  3432  461s
  2073  2267   36.89543   95  768   43.00000   27.18731  36.8%  3217  473s
  2290  2496   38.16420  110  731   43.00000   27.18731  36.8%  3068  485s
  2530  2674   39.17910  145  513   43.00000   27.18731  36.8%  2911  496s
  2733  2809   39.23935  186  473   43.00000   27.18731  36.8%  2802  508s
  2871  2897   41.29365  227  386   43.00000   27.27008  36.6%  2777  521s
  2971  3019   28.79805    6 1643   43.00000   27.27009  36.6%  2802  534s
  3093  3169   30.71451   10 1459   43.00000   27.27009  36.6%  2816  548s
  3243  3444   31.87163   15 1332   43.00000   27.27009  36.6%  2815  562s
  3529  3664   32.89490   18 1252   43.00000   27.27009  36.6%  2725  577s
  3785  3665   37.13667  104 1873   43.00000   27.27009  36.6%  2648  585s
  3790  3668   29.42665   28 1613   43.00000   27.27009  36.6%  2645  590s
  3793  3670   30.38202   35 1988   43.00000   27.39326  36.3%  2642  596s
  3796  3672   35.36853  104 2187   43.00000   27.48880  36.1%  2640  600s
  3800  3675   40.61569  152 2248   43.00000   28.01293  34.9%  2638  610s
  3802  3676   29.15797   21 2478   43.00000   28.17511  34.5%  2636  618s
  3803  3677   28.95630   16 2566   43.00000   28.31608  34.1%  2635  621s
  3804  3678   29.75072   37 2653   43.00000   28.47802  33.8%  2635  626s
  3806  3679   41.07295  170 2706   43.00000   28.56414  33.6%  2633  631s
  3809  3681   33.18209   57 2781   43.00000   28.57214  33.6%  2631  638s
  3810  3682   41.06588  149 2573   43.00000   29.08211  32.4%  2631  647s
  3811  3682   29.58187   11 2647   43.00000   29.12959  32.3%  2630  650s
  3813  3684   35.62915   75 2728   43.00000   29.15635  32.2%  2629  655s
  3816  3686   30.48471   12 2762   43.00000   29.16533  32.2%  2627  660s
  3817  3686   31.95935   52 2784   43.00000   29.16613  32.2%  2626  665s
  3818  3687   31.61079   18 2441   43.00000   29.76981  30.8%  2625  674s
  3819  3688   32.17837   68 2407   43.00000   30.01894  30.2%  2624  677s
  3820  3688   32.02878   54 2408   43.00000   30.11264  30.0%  2624  680s
  3822  3690   34.89781   87 2533   43.00000   30.20771  29.7%  2622  687s
  3824  3691   31.66015   69 2520   43.00000   30.22936  29.7%  2621  692s
  3826  3692   36.40750   71 2620   43.00000   30.23626  29.7%  2620  695s
  3829  3694   40.12446  130 2587   43.00000   30.24069  29.7%  2618  703s
  3830  3695   35.88059   97 2342   43.00000   30.32708  29.5%  2617  710s
  3832  3696   41.48204  151 2544   43.00000   30.35557  29.4%  2616  715s
  3835  3698   41.33707  161 2564   43.00000   30.36393  29.4%  2614  720s
  3837  3700   36.17177  114 2606   43.00000   30.36630  29.4%  2612  727s
  3838  3700   30.42401   31 2438   43.00000   30.42401  29.2%  2611  736s
  3840  3702   30.45284   34 2496   43.00000   30.45284  29.2%  2610  741s
  3842  3703   36.77302   83 2549   43.00000   30.46492  29.2%  2609  745s
  3845  3705   30.47089    8 2562   43.00000   30.47089  29.1%  2607  752s
  3846  3706   32.31382   57 2585   43.00000   30.47165  29.1%  2606  759s
  3847  3706   39.16858  103 2517   43.00000   30.48548  29.1%  2605  768s
  3848  3707   37.49130   84 2542   43.00000   30.49226  29.1%  2605  770s
  3850  3708   33.91386   66 2546   43.00000   30.50142  29.1%  2603  775s
  3852  3710   35.84340  109 2490   43.00000   30.51050  29.0%  2602  780s
  3853  3710   39.77969  101 2507   43.00000   30.51266  29.0%  2601  785s
  3854  3711   33.18234   57 2543   43.00000   30.51367  29.0%  2601  792s
  3855  3712   30.53027    7 2438   43.00000   30.53027  29.0%  2600  800s
  3857  3713   38.91537  104 2532   43.00000   30.53872  29.0%  2599  805s
  3860  3715   33.09120   20 2573   43.00000   30.54193  29.0%  2597  816s
  3861  3716   34.42606   78 2480   43.00000   30.55171  28.9%  2596  824s
  3862  3716   41.16135  206 2463   43.00000   30.55933  28.9%  2595  827s
  3863  3717   30.56273   12 2512   43.00000   30.56273  28.9%  2595  831s
  3865  3718   33.49760   21 2511   43.00000   30.56633  28.9%  2593  835s
  3866  3719   39.77921  101 2574   43.00000   30.56679  28.9%  2593  842s
  3867  3720   30.63481   46 2419   43.00000   30.58096  28.9%  2592  852s
  3869  3721   33.40306   58 2509   43.00000   30.58851  28.9%  2591  856s
  3870  3722   31.65065   57 2517   43.00000   30.58953  28.9%  2590  863s
  3871  3722   36.46341   84 2430   43.00000   30.59454  28.8%  2589  871s
  3873  3724   34.60797   36 2541   43.00000   30.59824  28.8%  2588  875s
  3874  3724   30.59855   14 2594   43.00000   30.59855  28.8%  2587  883s
  3875  3725   30.60098   15 2441   43.00000   30.60098  28.8%  2587  891s
  3877  3726   33.39508   63 2566   43.00000   30.60340  28.8%  2585  899s
  3878  3727   40.36213  127 2478   43.00000   30.60666  28.8%  2585  909s
  3879  3728   35.63248  101 2458   43.00000   30.61053  28.8%  2584  912s
  3881  3729   31.28263   67 2439   43.00000   30.61380  28.8%  2583  917s
  3882  3730   40.32613   80 2451   43.00000   30.61444  28.8%  2582  923s
  3883  3730   30.61551   34 2426   43.00000   30.61551  28.8%  2581  932s
  3890  3737   30.61551   28 1612   43.00000   30.61551  28.8%  2688  936s
  3892  3738   30.61551   31 1754   43.00000   30.61551  28.8%  2686  940s
  3895  3740   38.72134   97 1911   43.00000   30.61553  28.8%  2684  946s
  3897  3741   31.82564   51 2032   43.00000   30.62227  28.8%  2683  951s
  3899  3743   35.03692  104 2123   43.00000   30.62227  28.8%  2681  956s
  3901  3744   31.51959   65 2204   43.00000   30.62227  28.8%  2680  960s
  3903  3745   30.62227   16 2258   43.00000   30.62227  28.8%  2679  967s
  3904  3746   30.62227   37 2369   43.00000   30.62227  28.8%  2678  974s
  3905  3747   34.65921   71 2392   43.00000   30.62227  28.8%  2677  975s
  3907  3748   30.62227   49 2426   43.00000   30.62227  28.8%  2676  981s
  3908  3749   30.62227   32 2392   43.00000   30.62227  28.8%  2675  989s
  3909  3749   33.18209   57 2404   43.00000   30.62227  28.8%  2675  994s
  3910  3750   41.06588  149 2355   43.00000   30.62227  28.8%  2674 1002s
  3911  3751   30.62227   11 2449   43.00000   30.62227  28.8%  2673 1007s
  3912  3751   30.62227   34 2372   43.00000   30.62227  28.8%  2673 1014s
  3913  3752   35.62915   75 2399   43.00000   30.62227  28.8%  2672 1019s
  3914  3753   31.37300   57 2440   43.00000   30.62230  28.8%  2671 1026s
  3916  3754   30.62230   12 2382   43.00000   30.62230  28.8%  2670 1033s
  3917  3758   30.63010   27 2175   43.00000   30.62230  28.8%  2706 1041s
  3919  3761   30.63661   28 2234   43.00000   30.63010  28.8%  2708 1051s
  3923  3768   30.66153   29 2306   43.00000   30.63664  28.8%  2714 1068s
  3931  3777   30.68184   30 2463   43.00000   30.66153  28.7%  2726 1088s
  3943  3792   30.83429   31 2376   43.00000   30.68184  28.6%  2754 1116s
  3962  3820   31.44205   33 2166   43.00000   30.68184  28.6%  2785 1139s
  3996  3837   31.58672   36 1741   43.00000   30.68184  28.6%  2817 1154s
  4025  3851   31.83547   40 1729   43.00000   30.68184  28.6%  2853 1170s
  4048  3863   31.93228   42 1650   43.00000   30.68184  28.6%  2873 1184s
  4068  3883   32.04496   44 1685   43.00000   30.68184  28.6%  2891 1197s
  4095  3900   32.11229   47 1725   43.00000   30.68184  28.6%  2914 1209s
  4121  3920   32.13158   52 1657   43.00000   30.68184  28.6%  2925 1221s
  4149  3939   32.19955   57 1658   43.00000   30.68184  28.6%  2935 1232s
  4178  3953   32.35630   58 1557   43.00000   30.68184  28.6%  2943 1244s
  4201  3968   32.49510   59 1549   43.00000   30.68184  28.6%  2956 1253s
  4224  3991   32.67562   61 1514   43.00000   30.68184  28.6%  2971 1264s
  4255  4006   32.49805   67 1520   43.00000   30.68184  28.6%  2987 1274s
  4280  4029   32.60305   68 1547   43.00000   30.68184  28.6%  3003 1285s
  4311  4050   32.64077   69 1469   43.00000   30.68184  28.6%  3020 1298s
  4343  4081   33.60257   70 1541   43.00000   30.68184  28.6%  3035 1309s
  4384  4111   33.27869   73 1476   43.00000   30.68184  28.6%  3048 1321s
  4428  4140   33.09507   77 1443   43.00000   30.68184  28.6%  3062 1333s
  4472  4168   33.13557   82 1408   43.00000   30.68184  28.6%  3077 1345s
  4514  4206   33.17096   87 1389   43.00000   30.68184  28.6%  3086 1357s
  4566  4238   33.37682   92 1310   43.00000   30.68184  28.6%  3096 1369s
  4616  4285   33.66581   93 1253   43.00000   30.68184  28.6%  3103 1380s
  4679  4318   34.03136  101 1304   43.00000   30.68184  28.6%  3107 1392s
  4733  4362   34.18336  104 1242   43.00000   30.68184  28.6%  3114 1404s
  4795  4409   34.36933  110 1185   43.00000   30.68184  28.6%  3123 1417s
  4863  4461   34.46344  114 1169   43.00000   30.68184  28.6%  3129 1431s
  4938  4524   34.66835  124 1101   43.00000   30.68184  28.6%  3130 1444s
  5026  4602   34.85082  130 1057   43.00000   30.68184  28.6%  3125 1458s
  5133  4688   35.39309  139  986   43.00000   30.68184  28.6%  3111 1471s
  5255  4776   35.91831  145  996   43.00000   30.68184  28.6%  3092 1484s
  5383  4867   37.03026  150  873   43.00000   30.68184  28.6%  3066 1497s
  5517  4987   37.74355  157  853   43.00000   30.68184  28.6%  3039 1511s
  5682  5123   38.46709  164  771   43.00000   30.68184  28.6%  2997 1524s
  5875  5279   39.25157  179  675   43.00000   30.68184  28.6%  2941 1537s
  6095  5418   40.23226  189  568   43.00000   30.68188  28.6%  2877 1555s
  6338  5603   30.81266   32 2227   43.00000   30.68188  28.6%  2807 1568s
  6610  5788   31.01427   34 2081   43.00000   30.68188  28.6%  2730 1587s
  6904  5702   31.18742   36 1931   43.00000   30.68188  28.6%  2652 1617s
  6916  5709   31.33056   37 1831   43.00000   30.68188  28.6%  2652 1667s
  6928  5716   31.41687   38 1844   43.00000   30.68188  28.6%  2652 1687s
  6940  5723   31.58001   38 1794   43.00000   30.68188  28.6%  2651 1708s
  6952  5730   31.51435   39 1757   43.00000   30.68188  28.6%  2650 1727s
  6964  5738   31.65677   39 1721   43.00000   30.68188  28.6%  2649 1747s
  6976  5745   31.57975   39 1830   43.00000   30.68188  28.6%  2648 1766s
  6988  5752   31.57115   40 1744   43.00000   30.68188  28.6%  2648 1785s
  7000  5759   31.65801   40 1783   43.00000   30.68188  28.6%  2647 1820s
  7012  5818   31.85615   39 1730   43.00000   30.68188  28.6%  2646 1838s
  7076  5863   31.72618   40 1677   43.00000   30.68188  28.6%  2629 1862s
  7143  6097   31.95486   43 1647   43.00000   30.68188  28.6%  2612 1879s
  7401  6409   32.20611   46 1546   43.00000   30.68188  28.6%  2550 1896s
  7808  6828   32.27948   74 1187   43.00000   30.71754  28.6%  2462 1911s
  8366  7224   32.36887  112  889   43.00000   30.71754  28.6%  2339 1931s
  9007  7562   32.46717  185  540   43.00000   30.71754  28.6%  2206 1944s
  9573  7854   32.74006  264  282   43.00000   30.71754  28.6%  2098 1960s
 10141  7991   37.99465  313  111   43.00000   30.71754  28.6%  2005 1983s
 10551  8057   31.22450   32 1957   43.00000   30.71754  28.6%  1953 2007s
 10774  8220   32.05000   35 1744   43.00000   30.71754  28.6%  1941 2029s
 11036  8473   32.49532   39 1629   43.00000   30.71754  28.6%  1926 2054s
 11385  8708   32.18054   43 1600   43.00000   30.71754  28.6%  1898 2075s
 11763  8749   32.21373   59 1442   43.00000   30.71754  28.6%  1863 2106s
 12013  8822   32.27545   97 1023   43.00000   30.71754  28.6%  1855 2129s
 12181  9016   33.29337  168  663   43.00000   30.71754  28.6%  1860 2155s
 12435  9161   34.48405  299  172   43.00000   30.76007  28.5%  1852 2184s
 12710  9313   31.11808   36 2166   43.00000   30.76007  28.5%  1844 2222s
 13028  9335   31.25905   42 2079   43.00000   30.76007  28.5%  1840 2255s
 13187  9474   31.56826   47 1924   43.00000   30.76007  28.5%  1855 2292s
 13388  9519   32.45346   54 1733   43.00000   30.76007  28.5%  1867 2329s
 13554  9615   33.32622   63 1591   43.00000   30.76007  28.5%  1879 2361s
 13710  9725   35.34133   75 1315   43.00000   30.76007  28.5%  1896 2396s
 13898  9877   37.68482   96 1075   43.00000   30.76203  28.5%  1909 2436s
 14177 10162   31.13065   33 2137   43.00000   30.76203  28.5%  1911 2472s
 14557 10259   32.47903   39 1575   43.00000   30.76203  28.5%  1900 2508s
 14781 10737   34.58772   48 1282   43.00000   30.76203  28.5%  1897 2550s
 15435 10826   40.33434   74  832   43.00000   30.76203  28.5%  1857 2601s
 15717 11203   31.18231   36 1966   43.00000   30.76203  28.5%  1866 2643s
 16094 12074   32.62276   44 1484   43.00000   30.76203  28.5%  1864 2694s
 17031 12731   37.60305   69  694   43.00000   30.76203  28.5%  1804 2748s
 17783 13195   31.34909   34 1949   43.00000   30.76203  28.5%  1762 2820s
 18303 13718   35.56063   55  940   43.00000   30.80117  28.4%  1766 2921s
 18933 14127   30.87556   35 2151   43.00000   30.80342  28.4%  1768 3014s
 19394 14671   31.62559   41 1880   43.00000   30.80342  28.4%  1784 3118s
H19730 14217                      42.0000000   30.80342  26.7%  1814 3118s
 20011 15178   33.28317   54 1443   42.00000   30.82958  26.6%  1811 3225s
 21075 17177   32.35581   75 1280   42.00000   30.82958  26.6%  1796 3309s
 23183 18640   32.42292  120  847   42.00000   30.82958  26.6%  1709 3380s
 24770 19800   33.46526  202  533   42.00000   30.84010  26.6%  1649 3457s
 26084 20148   31.62247   37 1642   42.00000   30.84010  26.6%  1616 3522s
 26473 20313   31.90388   38 1508   42.00000   30.84010  26.6%  1601 3591s
H26649 19646                      41.0000000   30.84010  24.8%  1599 3591s
 26657 19647   32.06918   39 1409   41.00000   30.84010  24.8%  1601 3600s

Cutting planes:
  Cover: 74
  MIR: 661
  Flow cover: 6105
  Flow path: 1050
  Zero half: 166
  Network: 4
  Relax-and-lift: 13

Explored 26670 nodes (42831095 simplex iterations) in 3600.01 seconds (4767.00 work units)
Thread count was 12 (of 12 available processors)

Solution count 10: 41 42 43 ... 55

Time limit reached
Best objective 4.100000000000e+01, best bound 3.100000000000e+01, gap 24.3902%

User-callback calls 543818, time in user-callback 5.65 sec
Série salva em: plots/hc9u.txt__R1__timeseries.csv
Gráfico salvo em: plots/hc9u.txt__R1__lb_ub.png

================================================================================
Arquivo: inst_Anaheim_n416_m914_st_19.txt
================================================================================

[inst_Anaheim_n416_m914_st_19.txt] ===== R = 4 =====
Set parameter TimeLimit to value 3600
Gurobi Optimizer version 12.0.3 build v12.0.3rc0 (linux64 - "Linux Mint 22.1")

CPU model: 13th Gen Intel(R) Core(TM) i5-13420H, instruction set [SSE2|AVX|AVX2]
Thread count: 12 physical cores, 12 logical processors, using up to 12 threads

Non-default parameters:
TimeLimit  3600

Optimize a model with 1248 rows, 5925 columns and 22868 nonzeros
Model fingerprint: 0x44a31cce
Variable types: 0 continuous, 5925 integer (416 binary)
Coefficient statistics:
  Matrix range     [1e+00, 2e+01]
  Objective range  [1e+00, 1e+00]
  Bounds range     [1e+00, 1e+00]
  RHS range        [1e+00, 1e+00]
Found heuristic solution: objective 162.0000000
Presolve time: 0.01s
Presolved: 1248 rows, 5925 columns, 22868 nonzeros
Variable types: 0 continuous, 5925 integer (416 binary)

Root relaxation: objective 1.894737e+00, 1706 iterations, 0.02 seconds (0.04 work units)

    Nodes    |    Current Node    |     Objective Bounds      |     Work
 Expl Unexpl |  Obj  Depth IntInf | Incumbent    BestBd   Gap | It/Node Time

     0     0    1.89474    0   35  162.00000    1.89474  98.8%     -    0s
H    0     0                      35.0000000    1.89474  94.6%     -    0s
H    0     0                      34.0000000    1.89474  94.4%     -    0s
H    0     0                      32.0000000    1.89474  94.1%     -    0s
H    0     0                      31.0000000    1.89474  93.9%     -    0s
     0     0   18.73700    0   91   31.00000   18.73700  39.6%     -    0s
H    0     0                      30.0000000   18.73700  37.5%     -    0s
H    0     0                      29.0000000   18.73700  35.4%     -    0s
     0     0   19.68518    0  116   29.00000   19.68518  32.1%     -    0s
     0     0   19.68652    0  115   29.00000   19.68652  32.1%     -    0s
     0     0   22.32441    0  126   29.00000   22.32441  23.0%     -    0s
     0     0   22.34194    0  156   29.00000   22.34194  23.0%     -    0s
     0     0   22.41131    0  153   29.00000   22.41131  22.7%     -    0s
     0     0   22.41135    0  161   29.00000   22.41135  22.7%     -    0s
     0     0   23.29874    0  147   29.00000   23.29874  19.7%     -    0s
     0     0   23.33501    0  180   29.00000   23.33501  19.5%     -    0s
     0     0   23.35513    0  175   29.00000   23.35513  19.5%     -    0s
     0     0   23.72136    0  155   29.00000   23.72136  18.2%     -    0s
     0     0   23.72176    0  168   29.00000   23.72176  18.2%     -    0s
     0     0   24.01389    0  163   29.00000   24.01389  17.2%     -    1s
     0     0   24.20487    0  171   29.00000   24.20487  16.5%     -    1s
     0     0   24.25635    0  171   29.00000   24.25635  16.4%     -    1s
     0     0   24.26022    0  164   29.00000   24.26022  16.3%     -    1s
     0     0   24.27127    0  147   29.00000   24.27127  16.3%     -    1s
     0     0   24.28752    0  134   29.00000   24.28752  16.2%     -    1s
     0     0   24.28790    0  144   29.00000   24.28790  16.2%     -    1s
     0     0   24.32112    0  174   29.00000   24.32112  16.1%     -    1s
     0     0   24.32233    0  190   29.00000   24.32233  16.1%     -    1s
     0     0   24.34038    0  175   29.00000   24.34038  16.1%     -    1s
     0     0   24.34468    0  128   29.00000   24.34468  16.1%     -    1s
     0     2   24.34468    0  124   29.00000   24.34468  16.1%     -    1s
H   97   106                      28.0000000   24.46497  12.6%   313    2s
  1174   853   25.39440   11   97   28.00000   25.12640  10.3%   159    5s
  2504  1579   26.22423   24  256   28.00000   25.26316  9.77%   139   10s
  2525  1593   27.00000   18  262   28.00000   25.26316  9.77%   137   15s
  2551  1610   25.54076   10  180   28.00000   25.54076  8.78%   136   20s
  2996  1598   26.07388   27   82   28.00000   25.76918  7.97%   186   25s
  4915  1454   26.31053   63   45   28.00000   26.00000  7.14%   158   30s
  6995  1537   27.00000   47   26   28.00000   26.08365  6.84%   152   35s
  9291  1859   26.70815   33  151   28.00000   26.17649  6.51%   145   40s
 12631  1814     cutoff   45        28.00000   26.36275  5.85%   140   45s
 15009  1847   26.78540   39  138   28.00000   26.50000  5.36%   140   50s
 18048   720   27.00000   41  119   28.00000   27.00000  3.57%   137   55s

Cutting planes:
  Lift-and-project: 14
  Cover: 90
  Implied bound: 5
  Dual implied bound: 2
  Clique: 2
  MIR: 334
  StrongCG: 6
  Flow cover: 732
  Flow path: 259
  Inf proof: 17
  Zero half: 39
  Mod-K: 1
  Network: 39
  Relax-and-lift: 23

Explored 21187 nodes (2935847 simplex iterations) in 59.89 seconds (71.61 work units)
Thread count was 12 (of 12 available processors)

Solution count 8: 28 29 30 ... 162

Optimal solution found (tolerance 1.00e-04)
Best objective 2.800000000000e+01, best bound 2.800000000000e+01, gap 0.0000%

User-callback calls 50977, time in user-callback 0.16 sec
Série salva em: plots/inst_Anaheim_n416_m914_st_19.txt__R4__timeseries.csv
Gráfico salvo em: plots/inst_Anaheim_n416_m914_st_19.txt__R4__lb_ub.png

================================================================================
Arquivo: lin23.txt
================================================================================

[lin23.txt] ===== R = 500 =====
Set parameter TimeLimit to value 3600
Gurobi Optimizer version 12.0.3 build v12.0.3rc0 (linux64 - "Linux Mint 22.1")

CPU model: 13th Gen Intel(R) Core(TM) i5-13420H, instruction set [SSE2|AVX|AVX2]
Thread count: 12 physical cores, 12 logical processors, using up to 12 threads

Non-default parameters:
TimeLimit  3600

Optimize a model with 11148 rows, 568890 columns and 2268128 nonzeros
Model fingerprint: 0x7adcc5da
Variable types: 0 continuous, 568890 integer (3716 binary)
Coefficient statistics:
  Matrix range     [1e+00, 3e+01]
  Objective range  [1e+00, 1e+00]
  Bounds range     [1e+00, 1e+00]
  RHS range        [1e+00, 1e+00]
Found heuristic solution: objective 634.0000000
Presolve added 3423 rows and 3423 columns
Presolve time: 1.58s
Presolved: 14571 rows, 572313 columns, 1175672 nonzeros
Variable types: 0 continuous, 572313 integer (3716 binary)
Deterministic concurrent LP optimizer: primal simplex, dual simplex, and barrier
Showing barrier log only...

Root barrier log...

Ordering time: 1.07s

Barrier statistics:
 AA' NZ     : 5.976e+05
 Factor NZ  : 4.468e+06 (roughly 270 MB of memory)
 Factor Ops : 3.633e+09 (less than 1 second per iteration)
 Threads    : 10

                  Objective                Residual
Iter       Primal          Dual         Primal    Dual     Compl     Time
   0   8.49479899e+03 -6.59130428e+05  1.13e+03 1.11e-16  2.13e+00     4s
   1   2.94326272e+03 -2.17436009e+05  4.61e-12 4.72e-16  1.94e-01     4s

Barrier performed 1 iterations in 4.26 seconds (4.46 work units)
Barrier solve interrupted - model solved by another algorithm

Concurrent spin time: 0.07s

Solved with primal simplex

Root relaxation: objective 1.115385e+00, 18753 iterations, 2.44 seconds (1.85 work units)
Total elapsed time = 5.02s (DegenMoves)

    Nodes    |    Current Node    |     Objective Bounds      |     Work
 Expl Unexpl |  Obj  Depth IntInf | Incumbent    BestBd   Gap | It/Node Time

     0     0    1.11538    0   29  634.00000    1.11538   100%     -    5s
H    0     0                      29.0000000    1.11538  96.2%     -    5s
H    0     0                      24.0000000    1.11538  95.4%     -    6s
H    0     0                      20.0000000    1.11538  94.4%     -    6s
H    0     0                      19.0000000    1.11538  94.1%     -    7s
     0     0    1.15231    0   53   19.00000    1.15231  93.9%     -   20s
H    0     0                      18.0000000    1.15385  93.6%     -   23s
     0     0    1.15385    0  110   18.00000    1.15385  93.6%     -   34s
     0     0    1.15385    0   30   18.00000    1.15385  93.6%     -   38s
     0     0    1.18672    0  158   18.00000    1.18672  93.4%     -   44s
     0     0    1.18798    0  108   18.00000    1.18798  93.4%     -   45s
     0     0    1.19230    0  282   18.00000    1.19230  93.4%     -   57s
     0     0    1.19230    0  273   18.00000    1.19230  93.4%     -   58s
     0     0    1.19231    0   89   18.00000    1.19231  93.4%     -   60s
     0     0    1.19231    0   76   18.00000    1.19231  93.4%     -   61s
     0     0    1.19231    0   45   18.00000    1.19231  93.4%     -   67s
     0     0    1.19231    0   30   18.00000    1.19231  93.4%     -   78s
     0     0    1.22652    0  115   18.00000    1.22652  93.2%     -  107s
     0     0    1.22658    0  136   18.00000    1.22658  93.2%     -  212s
     0     0    1.22837    0  180   18.00000    1.22837  93.2%     -  220s
     0     0    1.22923    0   76   18.00000    1.22923  93.2%     -  226s
     0     0    1.26558    0  260   18.00000    1.26558  93.0%     -  260s
     0     0    1.26566    0  260   18.00000    1.26566  93.0%     -  266s
     0     0    1.26589    0  232   18.00000    1.26589  93.0%     -  273s
     0     0    1.26603    0  306   18.00000    1.26603  93.0%     -  282s
     0     0    1.26683    0  259   18.00000    1.26683  93.0%     -  305s
     0     0    1.26686    0  225   18.00000    1.26686  93.0%     -  313s
     0     0    1.26859    0  291   18.00000    1.26859  93.0%     -  323s
H    0     0                      17.0000000    1.26859  92.5%     -  360s
     0     0    1.26862    0  254   17.00000    1.26862  92.5%     -  455s
     0     0    1.30018    0  347   17.00000    1.30018  92.4%     -  467s
     0     0    1.30025    0  356   17.00000    1.30025  92.4%     -  473s
     0     0    1.30048    0  316   17.00000    1.30048  92.4%     -  493s
     0     0    1.30048    0  286   17.00000    1.30048  92.4%     -  495s
     0     0    1.30411    0  385   17.00000    1.30411  92.3%     -  510s
     0     0    1.30440    0  360   17.00000    1.30440  92.3%     -  515s
     0     0    1.30641    0  359   17.00000    1.30641  92.3%     -  529s
     0     0    1.30764    0  452   17.00000    1.30764  92.3%     -  537s
     0     0    1.36185    0  439   17.00000    1.36185  92.0%     -  569s
     0     0    1.37331    0  351   17.00000    1.37331  91.9%     -  593s
     0     0    1.40595    0  433   17.00000    1.40595  91.7%     -  635s
     0     0    1.41144    0  400   17.00000    1.41144  91.7%     -  641s
     0     0    1.44283    0  495   17.00000    1.44283  91.5%     -  682s
     0     0    1.44677    0  441   17.00000    1.44677  91.5%     -  697s
     0     0    1.48742    0  627   17.00000    1.48742  91.3%     -  744s
     0     0    1.48916    0  635   17.00000    1.48916  91.2%     -  755s
     0     0    1.55350    0  485   17.00000    1.55350  90.9%     -  795s
     0     0    1.56985    0  537   17.00000    1.56985  90.8%     -  813s
     0     0    1.57886    0  511   17.00000    1.57886  90.7%     -  822s
     0     0    1.58160    0  583   17.00000    1.58160  90.7%     -  831s
     0     0    1.58213    0  570   17.00000    1.58213  90.7%     -  834s
     0     0    1.58237    0  562   17.00000    1.58237  90.7%     -  838s
     0     0    1.58240    0  536   17.00000    1.58240  90.7%     -  838s
     0     0    1.61612    0  613   17.00000    1.61612  90.5%     -  890s
     0     0    1.62446    0  627   17.00000    1.62446  90.4%     -  941s
     0     0    1.63356    0  544   17.00000    1.63356  90.4%     -  955s
     0     0    1.63441    0  662   17.00000    1.63441  90.4%     -  963s
     0     0    1.63499    0  627   17.00000    1.63499  90.4%     -  969s
     0     0    1.63532    0  626   17.00000    1.63532  90.4%     -  973s
     0     0    1.63537    0  641   17.00000    1.63537  90.4%     -  975s
     0     0    1.64242    0  642   17.00000    1.64242  90.3%     - 1019s
     0     0    1.64400    0  603   17.00000    1.64400  90.3%     - 1031s
     0     0    1.64446    0  670   17.00000    1.64446  90.3%     - 1036s
     0     0    1.64488    0  641   17.00000    1.64488  90.3%     - 1040s
     0     0    1.64510    0  688   17.00000    1.64510  90.3%     - 1044s
     0     0    1.64515    0  671   17.00000    1.64515  90.3%     - 1045s
     0     0    1.65246    0  703   17.00000    1.65246  90.3%     - 1094s
     0     0    1.65545    0  795   17.00000    1.65545  90.3%     - 1115s
     0     0    1.65591    0  782   17.00000    1.65591  90.3%     - 1124s
     0     0    1.65603    0  794   17.00000    1.65603  90.3%     - 1130s
     0     0    1.73691    0  777   17.00000    1.73691  89.8%     - 1191s
     0     0    1.74369    0  752   17.00000    1.74369  89.7%     - 1212s
     0     0    1.74632    0  807   17.00000    1.74632  89.7%     - 1218s
     0     0    1.74756    0  754   17.00000    1.74756  89.7%     - 1223s
     0     0    1.74805    0  789   17.00000    1.74805  89.7%     - 1227s
     0     0    1.74851    0  793   17.00000    1.74851  89.7%     - 1231s
     0     0    1.74867    0  795   17.00000    1.74867  89.7%     - 1233s
     0     0    2.41289    0  635   17.00000    2.41289  85.8%     - 1301s
     0     0    3.04610    0  475   17.00000    3.04610  82.1%     - 1340s
     0     0    3.06880    0  479   17.00000    3.06880  81.9%     - 1354s
     0     0    3.07289    0  500   17.00000    3.07289  81.9%     - 1364s
     0     0    3.07608    0  520   17.00000    3.07608  81.9%     - 1373s
     0     0    3.07640    0  518   17.00000    3.07640  81.9%     - 1377s
     0     0    3.13420    0  495   17.00000    3.13420  81.6%     - 1436s
     0     0    3.13597    0  389   17.00000    3.13597  81.6%     - 1707s
     0     0    3.13926    0  403   17.00000    3.13926  81.5%     - 1724s
     0     0    3.13969    0  427   17.00000    3.13969  81.5%     - 1732s
     0     0    3.14947    0  604   17.00000    3.14947  81.5%     - 1782s
     0     0    3.15473    0  573   17.00000    3.15473  81.4%     - 1804s
     0     0    3.15569    0  613   17.00000    3.15569  81.4%     - 1811s
     0     0    3.15576    0  629   17.00000    3.15576  81.4%     - 1814s
     0     0    3.18793    0  526   17.00000    3.18793  81.2%     - 1874s
     0     0    3.18866    0  564   17.00000    3.18866  81.2%     - 1885s
     0     0    3.18887    0  582   17.00000    3.18887  81.2%     - 1890s
     0     0    3.19178    0  598   17.00000    3.19178  81.2%     - 1942s
     0     0    3.19178    0  598   17.00000    3.19178  81.2%     - 1945s
     0     2    3.19178    0  598   17.00000    3.19178  81.2%     - 2017s
     1     4    3.19197    1  557   17.00000    3.19197  81.2%  9773 2035s
     3     6    3.40714    2  562   17.00000    3.19206  81.2%  9563 2129s
     5    10    4.34687    3  675   17.00000    3.19206  81.2%  9305 2242s
     9    17    4.35796    4  656   17.00000    3.27373  80.7%  8489 2502s
    16    27    4.35899    5  661   17.00000    3.27373  80.7%  8863 2839s
    26    37    4.36108    6  704   17.00000    3.27373  80.7% 13490 3030s
H   32    37                      16.0000000    3.27373  79.5% 32667 3030s
    36    77    4.36199    7  653   16.00000    3.27373  79.5% 45968 3292s
    76    96    4.36687   12  608   16.00000    3.27373  79.5% 22228 3500s
    95    99    4.39240   15  639   16.00000    3.27373  79.5% 17974 3600s

Cutting planes:
  Lift-and-project: 1
  Cover: 5
  Implied bound: 1
  MIR: 895
  StrongCG: 43
  Flow cover: 127
  Flow path: 1514
  Zero half: 2
  Network: 4
  Relax-and-lift: 2

Explored 98 nodes (2550144 simplex iterations) in 3600.07 seconds (4135.49 work units)
Thread count was 12 (of 12 available processors)

Solution count 8: 16 17 18 ... 634

Time limit reached
Best objective 1.600000000000e+01, best bound 4.000000000000e+00, gap 75.0000%

User-callback calls 481507, time in user-callback 5.52 sec
Série salva em: plots/lin23.txt__R500__timeseries.csv
Gráfico salvo em: plots/lin23.txt__R500__lb_ub.png

[ok] 11 linha(s) salvas em results/results_min_station_das_24_05.csv
