N 4096
M 49148
R 2
# u v length
2 1 1.0
1 2 1.0
3 1 1.0
1 3 1.0
4 2 1.0
2 4 1.0
4 3 1.0
3 4 1.0
5 1 2.0
1 5 2.0
6 2 1.0
2 6 1.0
6 5 2.0
5 6 2.0
7 3 1.0
3 7 1.0
7 5 2.0
5 7 2.0
8 4 1.0
4 8 1.0
8 6 1.0
6 8 1.0
8 7 1.0
7 8 1.0
9 1 1.0
1 9 1.0
10 2 1.0
2 10 1.0
10 9 1.0
9 10 1.0
11 3 1.0
3 11 1.0
11 9 1.0
9 11 1.0
12 4 1.0
4 12 1.0
12 10 1.0
10 12 1.0
12 11 1.0
11 12 1.0
13 5 2.0
5 13 2.0
13 9 1.0
9 13 1.0
14 6 1.0
6 14 1.0
14 10 1.0
10 14 1.0
14 13 1.0
13 14 1.0
15 7 1.0
7 15 1.0
15 11 1.0
11 15 1.0
15 13 1.0
13 15 1.0
16 8 1.0
8 16 1.0
16 12 1.0
12 16 1.0
16 14 1.0
14 16 1.0
16 15 1.0
15 16 1.0
17 1 1.0
1 17 1.0
18 2 1.0
2 18 1.0
18 17 1.0
17 18 1.0
19 3 1.0
3 19 1.0
19 17 1.0
17 19 1.0
20 4 2.0
4 20 2.0
20 18 2.0
18 20 2.0
20 19 2.0
19 20 2.0
21 5 2.0
5 21 2.0
21 17 1.0
17 21 1.0
22 6 1.0
6 22 1.0
22 18 1.0
18 22 1.0
22 21 1.0
21 22 1.0
23 7 1.0
7 23 1.0
23 19 1.0
19 23 1.0
23 21 1.0
21 23 1.0
24 8 1.0
8 24 1.0
24 20 2.0
20 24 2.0
24 22 1.0
22 24 1.0
24 23 1.0
23 24 1.0
25 9 2.0
9 25 2.0
25 17 2.0
17 25 2.0
26 10 1.0
10 26 1.0
26 18 1.0
18 26 1.0
26 25 2.0
25 26 2.0
27 11 1.0
11 27 1.0
27 19 1.0
19 27 1.0
27 25 2.0
25 27 2.0
28 12 1.0
12 28 1.0
28 20 2.0
20 28 2.0
28 26 1.0
26 28 1.0
28 27 1.0
27 28 1.0
29 13 1.0
13 29 1.0
29 21 1.0
21 29 1.0
29 25 2.0
25 29 2.0
30 14 1.0
14 30 1.0
30 22 1.0
22 30 1.0
30 26 1.0
26 30 1.0
30 29 1.0
29 30 1.0
31 15 1.0
15 31 1.0
31 23 1.0
23 31 1.0
31 27 1.0
27 31 1.0
31 29 1.0
29 31 1.0
32 16 1.0
16 32 1.0
32 24 1.0
24 32 1.0
32 28 1.0
28 32 1.0
32 30 1.0
30 32 1.0
32 31 1.0
31 32 1.0
33 1 1.0
1 33 1.0
34 2 2.0
2 34 2.0
34 33 2.0
33 34 2.0
35 3 1.0
3 35 1.0
35 33 1.0
33 35 1.0
36 4 1.0
4 36 1.0
36 34 2.0
34 36 2.0
36 35 1.0
35 36 1.0
37 5 2.0
5 37 2.0
37 33 1.0
33 37 1.0
38 6 1.0
6 38 1.0
38 34 2.0
34 38 2.0
38 37 1.0
37 38 1.0
39 7 1.0
7 39 1.0
39 35 1.0
35 39 1.0
39 37 1.0
37 39 1.0
40 8 1.0
8 40 1.0
40 36 1.0
36 40 1.0
40 38 1.0
38 40 1.0
40 39 1.0
39 40 1.0
41 9 1.0
9 41 1.0
41 33 1.0
33 41 1.0
42 10 1.0
10 42 1.0
42 34 2.0
34 42 2.0
42 41 1.0
41 42 1.0
43 11 2.0
11 43 2.0
43 35 2.0
35 43 2.0
43 41 2.0
41 43 2.0
44 12 2.0
12 44 2.0
44 36 2.0
36 44 2.0
44 42 2.0
42 44 2.0
44 43 3.0
43 44 3.0
45 13 1.0
13 45 1.0
45 37 1.0
37 45 1.0
45 41 1.0
41 45 1.0
46 14 1.0
14 46 1.0
46 38 1.0
38 46 1.0
46 42 1.0
42 46 1.0
46 45 1.0
45 46 1.0
47 15 1.0
15 47 1.0
47 39 1.0
39 47 1.0
47 43 2.0
43 47 2.0
47 45 1.0
45 47 1.0
48 16 1.0
16 48 1.0
48 40 1.0
40 48 1.0
48 44 2.0
44 48 2.0
48 46 1.0
46 48 1.0
48 47 1.0
47 48 1.0
49 17 1.0
17 49 1.0
49 33 1.0
33 49 1.0
50 18 1.0
18 50 1.0
50 34 2.0
34 50 2.0
50 49 1.0
49 50 1.0
51 19 1.0
19 51 1.0
51 35 1.0
35 51 1.0
51 49 1.0
49 51 1.0
52 20 2.0
20 52 2.0
52 36 1.0
36 52 1.0
52 50 1.0
50 52 1.0
52 51 1.0
51 52 1.0
53 21 1.0
21 53 1.0
53 37 1.0
37 53 1.0
53 49 1.0
49 53 1.0
54 22 1.0
22 54 1.0
54 38 1.0
38 54 1.0
54 50 1.0
50 54 1.0
54 53 1.0
53 54 1.0
55 23 1.0
23 55 1.0
55 39 1.0
39 55 1.0
55 51 1.0
51 55 1.0
55 53 1.0
53 55 1.0
56 24 1.0
24 56 1.0
56 40 1.0
40 56 1.0
56 52 1.0
52 56 1.0
56 54 1.0
54 56 1.0
56 55 1.0
55 56 1.0
57 25 2.0
25 57 2.0
57 41 1.0
41 57 1.0
57 49 1.0
49 57 1.0
58 26 1.0
26 58 1.0
58 42 1.0
42 58 1.0
58 50 1.0
50 58 1.0
58 57 1.0
57 58 1.0
59 27 1.0
27 59 1.0
59 43 2.0
43 59 2.0
59 51 1.0
51 59 1.0
59 57 1.0
57 59 1.0
60 28 2.0
28 60 2.0
60 44 3.0
44 60 3.0
60 52 2.0
52 60 2.0
60 58 2.0
58 60 2.0
60 59 2.0
59 60 2.0
61 29 1.0
29 61 1.0
61 45 1.0
45 61 1.0
61 53 1.0
53 61 1.0
61 57 1.0
57 61 1.0
62 30 2.0
30 62 2.0
62 46 2.0
46 62 2.0
62 54 2.0
54 62 2.0
62 58 2.0
58 62 2.0
62 61 2.0
61 62 2.0
63 31 1.0
31 63 1.0
63 47 1.0
47 63 1.0
63 55 1.0
55 63 1.0
63 59 1.0
59 63 1.0
63 61 1.0
61 63 1.0
64 32 1.0
32 64 1.0
64 48 1.0
48 64 1.0
64 56 1.0
56 64 1.0
64 60 2.0
60 64 2.0
64 62 2.0
62 64 2.0
64 63 1.0
63 64 1.0
65 1 1.0
1 65 1.0
66 2 1.0
2 66 1.0
66 65 1.0
65 66 1.0
67 3 2.0
3 67 2.0
67 65 2.0
65 67 2.0
68 4 1.0
4 68 1.0
68 66 1.0
66 68 1.0
68 67 2.0
67 68 2.0
69 5 2.0
5 69 2.0
69 65 1.0
65 69 1.0
70 6 1.0
6 70 1.0
70 66 1.0
66 70 1.0
70 69 1.0
69 70 1.0
71 7 1.0
7 71 1.0
71 67 2.0
67 71 2.0
71 69 1.0
69 71 1.0
72 8 1.0
8 72 1.0
72 68 1.0
68 72 1.0
72 70 1.0
70 72 1.0
72 71 1.0
71 72 1.0
73 9 1.0
9 73 1.0
73 65 1.0
65 73 1.0
74 10 1.0
10 74 1.0
74 66 1.0
66 74 1.0
74 73 1.0
73 74 1.0
75 11 1.0
11 75 1.0
75 67 2.0
67 75 2.0
75 73 1.0
73 75 1.0
76 12 1.0
12 76 1.0
76 68 1.0
68 76 1.0
76 74 1.0
74 76 1.0
76 75 1.0
75 76 1.0
77 13 1.0
13 77 1.0
77 69 1.0
69 77 1.0
77 73 1.0
73 77 1.0
78 14 2.0
14 78 2.0
78 70 2.0
70 78 2.0
78 74 2.0
74 78 2.0
78 77 2.0
77 78 2.0
79 15 1.0
15 79 1.0
79 71 1.0
71 79 1.0
79 75 1.0
75 79 1.0
79 77 1.0
77 79 1.0
80 16 1.0
16 80 1.0
80 72 1.0
72 80 1.0
80 76 1.0
76 80 1.0
80 78 2.0
78 80 2.0
80 79 1.0
79 80 1.0
81 17 1.0
17 81 1.0
81 65 1.0
65 81 1.0
82 18 1.0
18 82 1.0
82 66 1.0
66 82 1.0
82 81 1.0
81 82 1.0
83 19 1.0
19 83 1.0
83 67 2.0
67 83 2.0
83 81 1.0
81 83 1.0
84 20 2.0
20 84 2.0
84 68 1.0
68 84 1.0
84 82 1.0
82 84 1.0
84 83 1.0
83 84 1.0
85 21 1.0
21 85 1.0
85 69 1.0
69 85 1.0
85 81 1.0
81 85 1.0
86 22 1.0
22 86 1.0
86 70 1.0
70 86 1.0
86 82 1.0
82 86 1.0
86 85 1.0
85 86 1.0
87 23 1.0
23 87 1.0
87 71 1.0
71 87 1.0
87 83 1.0
83 87 1.0
87 85 1.0
85 87 1.0
88 24 1.0
24 88 1.0
88 72 1.0
72 88 1.0
88 84 1.0
84 88 1.0
88 86 1.0
86 88 1.0
88 87 1.0
87 88 1.0
89 25 2.0
25 89 2.0
89 73 1.0
73 89 1.0
89 81 1.0
81 89 1.0
90 26 1.0
26 90 1.0
90 74 1.0
74 90 1.0
90 82 1.0
82 90 1.0
90 89 1.0
89 90 1.0
91 27 1.0
27 91 1.0
91 75 1.0
75 91 1.0
91 83 1.0
83 91 1.0
91 89 1.0
89 91 1.0
92 28 1.0
28 92 1.0
92 76 1.0
76 92 1.0
92 84 1.0
84 92 1.0
92 90 1.0
90 92 1.0
92 91 1.0
91 92 1.0
93 29 1.0
29 93 1.0
93 77 1.0
77 93 1.0
93 85 1.0
85 93 1.0
93 89 1.0
89 93 1.0
94 30 1.0
30 94 1.0
94 78 2.0
78 94 2.0
94 86 1.0
86 94 1.0
94 90 1.0
90 94 1.0
94 93 1.0
93 94 1.0
95 31 2.0
31 95 2.0
95 79 2.0
79 95 2.0
95 87 2.0
87 95 2.0
95 91 2.0
91 95 2.0
95 93 2.0
93 95 2.0
96 32 2.0
32 96 2.0
96 80 2.0
80 96 2.0
96 88 2.0
88 96 2.0
96 92 2.0
92 96 2.0
96 94 2.0
94 96 2.0
96 95 3.0
95 96 3.0
97 33 1.0
33 97 1.0
97 65 1.0
65 97 1.0
98 34 2.0
34 98 2.0
98 66 1.0
66 98 1.0
98 97 1.0
97 98 1.0
99 35 2.0
35 99 2.0
99 67 3.0
67 99 3.0
99 97 2.0
97 99 2.0
100 36 1.0
36 100 1.0
100 68 1.0
68 100 1.0
100 98 1.0
98 100 1.0
100 99 2.0
99 100 2.0
101 37 1.0
37 101 1.0
101 69 1.0
69 101 1.0
101 97 1.0
97 101 1.0
102 38 1.0
38 102 1.0
102 70 1.0
70 102 1.0
102 98 1.0
98 102 1.0
102 101 1.0
101 102 1.0
103 39 1.0
39 103 1.0
103 71 1.0
71 103 1.0
103 99 2.0
99 103 2.0
103 101 1.0
101 103 1.0
104 40 1.0
40 104 1.0
104 72 1.0
72 104 1.0
104 100 1.0
100 104 1.0
104 102 1.0
102 104 1.0
104 103 1.0
103 104 1.0
105 41 2.0
41 105 2.0
105 73 2.0
73 105 2.0
105 97 2.0
97 105 2.0
106 42 1.0
42 106 1.0
106 74 1.0
74 106 1.0
106 98 1.0
98 106 1.0
106 105 2.0
105 106 2.0
107 43 2.0
43 107 2.0
107 75 1.0
75 107 1.0
107 99 2.0
99 107 2.0
107 105 2.0
105 107 2.0
108 44 3.0
44 108 3.0
108 76 2.0
76 108 2.0
108 100 2.0
100 108 2.0
108 106 2.0
106 108 2.0
108 107 2.0
107 108 2.0
109 45 1.0
45 109 1.0
109 77 1.0
77 109 1.0
109 101 1.0
101 109 1.0
109 105 2.0
105 109 2.0
110 46 1.0
46 110 1.0
110 78 2.0
78 110 2.0
110 102 1.0
102 110 1.0
110 106 1.0
106 110 1.0
110 109 1.0
109 110 1.0
111 47 1.0
47 111 1.0
111 79 1.0
79 111 1.0
111 103 1.0
103 111 1.0
111 107 1.0
107 111 1.0
111 109 1.0
109 111 1.0
112 48 1.0
48 112 1.0
112 80 1.0
80 112 1.0
112 104 1.0
104 112 1.0
112 108 2.0
108 112 2.0
112 110 1.0
110 112 1.0
112 111 1.0
111 112 1.0
113 49 2.0
49 113 2.0
113 81 2.0
81 113 2.0
113 97 2.0
97 113 2.0
114 50 1.0
50 114 1.0
114 82 1.0
82 114 1.0
114 98 1.0
98 114 1.0
114 113 2.0
113 114 2.0
115 51 1.0
51 115 1.0
115 83 1.0
83 115 1.0
115 99 2.0
99 115 2.0
115 113 2.0
113 115 2.0
116 52 1.0
52 116 1.0
116 84 1.0
84 116 1.0
116 100 1.0
100 116 1.0
116 114 1.0
114 116 1.0
116 115 1.0
115 116 1.0
117 53 2.0
53 117 2.0
117 85 2.0
85 117 2.0
117 101 2.0
101 117 2.0
117 113 3.0
113 117 3.0
118 54 1.0
54 118 1.0
118 86 1.0
86 118 1.0
118 102 1.0
102 118 1.0
118 114 1.0
114 118 1.0
118 117 2.0
117 118 2.0
119 55 1.0
55 119 1.0
119 87 1.0
87 119 1.0
119 103 1.0
103 119 1.0
119 115 1.0
115 119 1.0
119 117 2.0
117 119 2.0
120 56 1.0
56 120 1.0
120 88 1.0
88 120 1.0
120 104 1.0
104 120 1.0
120 116 1.0
116 120 1.0
120 118 1.0
118 120 1.0
120 119 1.0
119 120 1.0
121 57 1.0
57 121 1.0
121 89 1.0
89 121 1.0
121 105 2.0
105 121 2.0
121 113 2.0
113 121 2.0
122 58 1.0
58 122 1.0
122 90 1.0
90 122 1.0
122 106 1.0
106 122 1.0
122 114 1.0
114 122 1.0
122 121 1.0
121 122 1.0
123 59 1.0
59 123 1.0
123 91 1.0
91 123 1.0
123 107 1.0
107 123 1.0
123 115 1.0
115 123 1.0
123 121 1.0
121 123 1.0
124 60 2.0
60 124 2.0
124 92 1.0
92 124 1.0
124 108 2.0
108 124 2.0
124 116 1.0
116 124 1.0
124 122 1.0
122 124 1.0
124 123 1.0
123 124 1.0
125 61 1.0
61 125 1.0
125 93 1.0
93 125 1.0
125 109 1.0
109 125 1.0
125 117 2.0
117 125 2.0
125 121 1.0
121 125 1.0
126 62 2.0
62 126 2.0
126 94 1.0
94 126 1.0
126 110 1.0
110 126 1.0
126 118 1.0
118 126 1.0
126 122 1.0
122 126 1.0
126 125 1.0
125 126 1.0
127 63 1.0
63 127 1.0
127 95 2.0
95 127 2.0
127 111 1.0
111 127 1.0
127 119 1.0
119 127 1.0
127 123 1.0
123 127 1.0
127 125 1.0
125 127 1.0
128 64 1.0
64 128 1.0
128 96 2.0
96 128 2.0
128 112 1.0
112 128 1.0
128 120 1.0
120 128 1.0
128 124 1.0
124 128 1.0
128 126 1.0
126 128 1.0
128 127 1.0
127 128 1.0
129 1 1.0
1 129 1.0
130 2 1.0
2 130 1.0
130 129 1.0
129 130 1.0
131 3 1.0
3 131 1.0
131 129 1.0
129 131 1.0
132 4 2.0
4 132 2.0
132 130 2.0
130 132 2.0
132 131 2.0
131 132 2.0
133 5 3.0
5 133 3.0
133 129 2.0
129 133 2.0
134 6 1.0
6 134 1.0
134 130 1.0
130 134 1.0
134 133 2.0
133 134 2.0
135 7 1.0
7 135 1.0
135 131 1.0
131 135 1.0
135 133 2.0
133 135 2.0
136 8 1.0
8 136 1.0
136 132 2.0
132 136 2.0
136 134 1.0
134 136 1.0
136 135 1.0
135 136 1.0
137 9 1.0
9 137 1.0
137 129 1.0
129 137 1.0
138 10 1.0
10 138 1.0
138 130 1.0
130 138 1.0
138 137 1.0
137 138 1.0
139 11 1.0
11 139 1.0
139 131 1.0
131 139 1.0
139 137 1.0
137 139 1.0
140 12 1.0
12 140 1.0
140 132 2.0
132 140 2.0
140 138 1.0
138 140 1.0
140 139 1.0
139 140 1.0
141 13 1.0
13 141 1.0
141 133 2.0
133 141 2.0
141 137 1.0
137 141 1.0
142 14 1.0
14 142 1.0
142 134 1.0
134 142 1.0
142 138 1.0
138 142 1.0
142 141 1.0
141 142 1.0
143 15 1.0
15 143 1.0
143 135 1.0
135 143 1.0
143 139 1.0
139 143 1.0
143 141 1.0
141 143 1.0
144 16 2.0
16 144 2.0
144 136 2.0
136 144 2.0
144 140 2.0
140 144 2.0
144 142 2.0
142 144 2.0
144 143 2.0
143 144 2.0
145 17 1.0
17 145 1.0
145 129 1.0
129 145 1.0
146 18 1.0
18 146 1.0
146 130 1.0
130 146 1.0
146 145 1.0
145 146 1.0
147 19 1.0
19 147 1.0
147 131 1.0
131 147 1.0
147 145 1.0
145 147 1.0
148 20 2.0
20 148 2.0
148 132 2.0
132 148 2.0
148 146 1.0
146 148 1.0
148 147 1.0
147 148 1.0
149 21 1.0
21 149 1.0
149 133 2.0
133 149 2.0
149 145 1.0
145 149 1.0
150 22 1.0
22 150 1.0
150 134 1.0
134 150 1.0
150 146 1.0
146 150 1.0
150 149 1.0
149 150 1.0
151 23 1.0
23 151 1.0
151 135 1.0
135 151 1.0
151 147 1.0
147 151 1.0
151 149 1.0
149 151 1.0
152 24 1.0
24 152 1.0
152 136 1.0
136 152 1.0
152 148 1.0
148 152 1.0
152 150 1.0
150 152 1.0
152 151 1.0
151 152 1.0
153 25 3.0
25 153 3.0
153 137 2.0
137 153 2.0
153 145 2.0
145 153 2.0
154 26 1.0
26 154 1.0
154 138 1.0
138 154 1.0
154 146 1.0
146 154 1.0
154 153 2.0
153 154 2.0
155 27 1.0
27 155 1.0
155 139 1.0
139 155 1.0
155 147 1.0
147 155 1.0
155 153 2.0
153 155 2.0
156 28 1.0
28 156 1.0
156 140 1.0
140 156 1.0
156 148 1.0
148 156 1.0
156 154 1.0
154 156 1.0
156 155 1.0
155 156 1.0
157 29 1.0
29 157 1.0
157 141 1.0
141 157 1.0
157 149 1.0
149 157 1.0
157 153 2.0
153 157 2.0
158 30 1.0
30 158 1.0
158 142 1.0
142 158 1.0
158 150 1.0
150 158 1.0
158 154 1.0
154 158 1.0
158 157 1.0
157 158 1.0
159 31 1.0
31 159 1.0
159 143 1.0
143 159 1.0
159 151 1.0
151 159 1.0
159 155 1.0
155 159 1.0
159 157 1.0
157 159 1.0
160 32 1.0
32 160 1.0
160 144 2.0
144 160 2.0
160 152 1.0
152 160 1.0
160 156 1.0
156 160 1.0
160 158 1.0
158 160 1.0
160 159 1.0
159 160 1.0
161 33 1.0
33 161 1.0
161 129 1.0
129 161 1.0
162 34 2.0
34 162 2.0
162 130 1.0
130 162 1.0
162 161 1.0
161 162 1.0
163 35 1.0
35 163 1.0
163 131 1.0
131 163 1.0
163 161 1.0
161 163 1.0
164 36 1.0
36 164 1.0
164 132 2.0
132 164 2.0
164 162 1.0
162 164 1.0
164 163 1.0
163 164 1.0
165 37 1.0
37 165 1.0
165 133 2.0
133 165 2.0
165 161 1.0
161 165 1.0
166 38 1.0
38 166 1.0
166 134 1.0
134 166 1.0
166 162 1.0
162 166 1.0
166 165 1.0
165 166 1.0
167 39 1.0
39 167 1.0
167 135 1.0
135 167 1.0
167 163 1.0
163 167 1.0
167 165 1.0
165 167 1.0
168 40 1.0
40 168 1.0
168 136 1.0
136 168 1.0
168 164 1.0
164 168 1.0
168 166 1.0
166 168 1.0
168 167 1.0
167 168 1.0
169 41 1.0
41 169 1.0
169 137 1.0
137 169 1.0
169 161 1.0
161 169 1.0
170 42 1.0
42 170 1.0
170 138 1.0
138 170 1.0
170 162 1.0
162 170 1.0
170 169 1.0
169 170 1.0
171 43 3.0
43 171 3.0
171 139 2.0
139 171 2.0
171 163 2.0
163 171 2.0
171 169 2.0
169 171 2.0
172 44 2.0
44 172 2.0
172 140 1.0
140 172 1.0
172 164 1.0
164 172 1.0
172 170 1.0
170 172 1.0
172 171 2.0
171 172 2.0
173 45 1.0
45 173 1.0
173 141 1.0
141 173 1.0
173 165 1.0
165 173 1.0
173 169 1.0
169 173 1.0
174 46 1.0
46 174 1.0
174 142 1.0
142 174 1.0
174 166 1.0
166 174 1.0
174 170 1.0
170 174 1.0
174 173 1.0
173 174 1.0
175 47 1.0
47 175 1.0
175 143 1.0
143 175 1.0
175 167 1.0
167 175 1.0
175 171 2.0
171 175 2.0
175 173 1.0
173 175 1.0
176 48 1.0
48 176 1.0
176 144 2.0
144 176 2.0
176 168 1.0
168 176 1.0
176 172 1.0
172 176 1.0
176 174 1.0
174 176 1.0
176 175 1.0
175 176 1.0
177 49 1.0
49 177 1.0
177 145 1.0
145 177 1.0
177 161 1.0
161 177 1.0
178 50 1.0
50 178 1.0
178 146 1.0
146 178 1.0
178 162 1.0
162 178 1.0
178 177 1.0
177 178 1.0
179 51 1.0
51 179 1.0
179 147 1.0
147 179 1.0
179 163 1.0
163 179 1.0
179 177 1.0
177 179 1.0
180 52 1.0
52 180 1.0
180 148 1.0
148 180 1.0
180 164 1.0
164 180 1.0
180 178 1.0
178 180 1.0
180 179 1.0
179 180 1.0
181 53 1.0
53 181 1.0
181 149 1.0
149 181 1.0
181 165 1.0
165 181 1.0
181 177 1.0
177 181 1.0
182 54 1.0
54 182 1.0
182 150 1.0
150 182 1.0
182 166 1.0
166 182 1.0
182 178 1.0
178 182 1.0
182 181 1.0
181 182 1.0
183 55 2.0
55 183 2.0
183 151 2.0
151 183 2.0
183 167 2.0
167 183 2.0
183 179 2.0
179 183 2.0
183 181 2.0
181 183 2.0
184 56 2.0
56 184 2.0
184 152 2.0
152 184 2.0
184 168 2.0
168 184 2.0
184 180 2.0
180 184 2.0
184 182 2.0
182 184 2.0
184 183 3.0
183 184 3.0
185 57 1.0
57 185 1.0
185 153 2.0
153 185 2.0
185 169 1.0
169 185 1.0
185 177 1.0
177 185 1.0
186 58 2.0
58 186 2.0
186 154 2.0
154 186 2.0
186 170 2.0
170 186 2.0
186 178 2.0
178 186 2.0
186 185 2.0
185 186 2.0
187 59 1.0
59 187 1.0
187 155 1.0
155 187 1.0
187 171 2.0
171 187 2.0
187 179 1.0
179 187 1.0
187 185 1.0
185 187 1.0
188 60 2.0
60 188 2.0
188 156 1.0
156 188 1.0
188 172 1.0
172 188 1.0
188 180 1.0
180 188 1.0
188 186 2.0
186 188 2.0
188 187 1.0
187 188 1.0
189 61 1.0
61 189 1.0
189 157 1.0
157 189 1.0
189 173 1.0
173 189 1.0
189 181 1.0
181 189 1.0
189 185 1.0
185 189 1.0
190 62 2.0
62 190 2.0
190 158 1.0
158 190 1.0
190 174 1.0
174 190 1.0
190 182 1.0
182 190 1.0
190 186 2.0
186 190 2.0
190 189 1.0
189 190 1.0
191 63 1.0
63 191 1.0
191 159 1.0
159 191 1.0
191 175 1.0
175 191 1.0
191 183 2.0
183 191 2.0
191 187 1.0
187 191 1.0
191 189 1.0
189 191 1.0
192 64 1.0
64 192 1.0
192 160 1.0
160 192 1.0
192 176 1.0
176 192 1.0
192 184 2.0
184 192 2.0
192 188 1.0
188 192 1.0
192 190 1.0
190 192 1.0
192 191 1.0
191 192 1.0
193 65 1.0
65 193 1.0
193 129 1.0
129 193 1.0
194 66 1.0
66 194 1.0
194 130 1.0
130 194 1.0
194 193 1.0
193 194 1.0
195 67 2.0
67 195 2.0
195 131 1.0
131 195 1.0
195 193 1.0
193 195 1.0
196 68 1.0
68 196 1.0
196 132 2.0
132 196 2.0
196 194 1.0
194 196 1.0
196 195 1.0
195 196 1.0
197 69 1.0
69 197 1.0
197 133 2.0
133 197 2.0
197 193 1.0
193 197 1.0
198 70 1.0
70 198 1.0
198 134 1.0
134 198 1.0
198 194 1.0
194 198 1.0
198 197 1.0
197 198 1.0
199 71 1.0
71 199 1.0
199 135 1.0
135 199 1.0
199 195 1.0
195 199 1.0
199 197 1.0
197 199 1.0
200 72 1.0
72 200 1.0
200 136 1.0
136 200 1.0
200 196 1.0
196 200 1.0
200 198 1.0
198 200 1.0
200 199 1.0
199 200 1.0
201 73 2.0
73 201 2.0
201 137 2.0
137 201 2.0
201 193 2.0
193 201 2.0
202 74 1.0
74 202 1.0
202 138 1.0
138 202 1.0
202 194 1.0
194 202 1.0
202 201 2.0
201 202 2.0
203 75 1.0
75 203 1.0
203 139 1.0
139 203 1.0
203 195 1.0
195 203 1.0
203 201 2.0
201 203 2.0
204 76 1.0
76 204 1.0
204 140 1.0
140 204 1.0
204 196 1.0
196 204 1.0
204 202 1.0
202 204 1.0
204 203 1.0
203 204 1.0
205 77 1.0
77 205 1.0
205 141 1.0
141 205 1.0
205 197 1.0
197 205 1.0
205 201 2.0
201 205 2.0
206 78 2.0
78 206 2.0
206 142 1.0
142 206 1.0
206 198 1.0
198 206 1.0
206 202 1.0
202 206 1.0
206 205 1.0
205 206 1.0
207 79 1.0
79 207 1.0
207 143 1.0
143 207 1.0
207 199 1.0
199 207 1.0
207 203 1.0
203 207 1.0
207 205 1.0
205 207 1.0
208 80 1.0
80 208 1.0
208 144 2.0
144 208 2.0
208 200 1.0
200 208 1.0
208 204 1.0
204 208 1.0
208 206 1.0
206 208 1.0
208 207 1.0
207 208 1.0
209 81 1.0
81 209 1.0
209 145 1.0
145 209 1.0
209 193 1.0
193 209 1.0
210 82 2.0
82 210 2.0
210 146 2.0
146 210 2.0
210 194 2.0
194 210 2.0
210 209 2.0
209 210 2.0
211 83 1.0
83 211 1.0
211 147 1.0
147 211 1.0
211 195 1.0
195 211 1.0
211 209 1.0
209 211 1.0
212 84 2.0
84 212 2.0
212 148 2.0
148 212 2.0
212 196 2.0
196 212 2.0
212 210 3.0
210 212 3.0
212 211 2.0
211 212 2.0
213 85 1.0
85 213 1.0
213 149 1.0
149 213 1.0
213 197 1.0
197 213 1.0
213 209 1.0
209 213 1.0
214 86 1.0
86 214 1.0
214 150 1.0
150 214 1.0
214 198 1.0
198 214 1.0
214 210 2.0
210 214 2.0
214 213 1.0
213 214 1.0
215 87 1.0
87 215 1.0
215 151 1.0
151 215 1.0
215 199 1.0
199 215 1.0
215 211 1.0
211 215 1.0
215 213 1.0
213 215 1.0
216 88 1.0
88 216 1.0
216 152 1.0
152 216 1.0
216 200 1.0
200 216 1.0
216 212 2.0
212 216 2.0
216 214 1.0
214 216 1.0
216 215 1.0
215 216 1.0
217 89 1.0
89 217 1.0
217 153 2.0
153 217 2.0
217 201 2.0
201 217 2.0
217 209 1.0
209 217 1.0
218 90 1.0
90 218 1.0
218 154 1.0
154 218 1.0
218 202 1.0
202 218 1.0
218 210 2.0
210 218 2.0
218 217 1.0
217 218 1.0
219 91 1.0
91 219 1.0
219 155 1.0
155 219 1.0
219 203 1.0
203 219 1.0
219 211 1.0
211 219 1.0
219 217 1.0
217 219 1.0
220 92 1.0
92 220 1.0
220 156 1.0
156 220 1.0
220 204 1.0
204 220 1.0
220 212 2.0
212 220 2.0
220 218 1.0
218 220 1.0
220 219 1.0
219 220 1.0
221 93 1.0
93 221 1.0
221 157 1.0
157 221 1.0
221 205 1.0
205 221 1.0
221 213 1.0
213 221 1.0
221 217 1.0
217 221 1.0
222 94 1.0
94 222 1.0
222 158 1.0
158 222 1.0
222 206 1.0
206 222 1.0
222 214 1.0
214 222 1.0
222 218 1.0
218 222 1.0
222 221 1.0
221 222 1.0
223 95 3.0
95 223 3.0
223 159 2.0
159 223 2.0
223 207 2.0
207 223 2.0
223 215 2.0
215 223 2.0
223 219 2.0
219 223 2.0
223 221 2.0
221 223 2.0
224 96 2.0
96 224 2.0
224 160 1.0
160 224 1.0
224 208 1.0
208 224 1.0
224 216 1.0
216 224 1.0
224 220 1.0
220 224 1.0
224 222 1.0
222 224 1.0
224 223 2.0
223 224 2.0
225 97 1.0
97 225 1.0
225 161 1.0
161 225 1.0
225 193 1.0
193 225 1.0
226 98 2.0
98 226 2.0
226 162 2.0
162 226 2.0
226 194 2.0
194 226 2.0
226 225 2.0
225 226 2.0
227 99 2.0
99 227 2.0
227 163 1.0
163 227 1.0
227 195 1.0
195 227 1.0
227 225 1.0
225 227 1.0
228 100 1.0
100 228 1.0
228 164 1.0
164 228 1.0
228 196 1.0
196 228 1.0
228 226 2.0
226 228 2.0
228 227 1.0
227 228 1.0
229 101 1.0
101 229 1.0
229 165 1.0
165 229 1.0
229 197 1.0
197 229 1.0
229 225 1.0
225 229 1.0
230 102 1.0
102 230 1.0
230 166 1.0
166 230 1.0
230 198 1.0
198 230 1.0
230 226 2.0
226 230 2.0
230 229 1.0
229 230 1.0
231 103 1.0
103 231 1.0
231 167 1.0
167 231 1.0
231 199 1.0
199 231 1.0
231 227 1.0
227 231 1.0
231 229 1.0
229 231 1.0
232 104 2.0
104 232 2.0
232 168 2.0
168 232 2.0
232 200 2.0
200 232 2.0
232 228 2.0
228 232 2.0
232 230 2.0
230 232 2.0
232 231 2.0
231 232 2.0
233 105 2.0
105 233 2.0
233 169 1.0
169 233 1.0
233 201 2.0
201 233 2.0
233 225 1.0
225 233 1.0
234 106 1.0
106 234 1.0
234 170 1.0
170 234 1.0
234 202 1.0
202 234 1.0
234 226 2.0
226 234 2.0
234 233 1.0
233 234 1.0
235 107 1.0
107 235 1.0
235 171 2.0
171 235 2.0
235 203 1.0
203 235 1.0
235 227 1.0
227 235 1.0
235 233 1.0
233 235 1.0
236 108 2.0
108 236 2.0
236 172 1.0
172 236 1.0
236 204 1.0
204 236 1.0
236 228 1.0
228 236 1.0
236 234 1.0
234 236 1.0
236 235 1.0
235 236 1.0
237 109 2.0
109 237 2.0
237 173 2.0
173 237 2.0
237 205 2.0
205 237 2.0
237 229 2.0
229 237 2.0
237 233 2.0
233 237 2.0
238 110 1.0
110 238 1.0
238 174 1.0
174 238 1.0
238 206 1.0
206 238 1.0
238 230 1.0
230 238 1.0
238 234 1.0
234 238 1.0
238 237 2.0
237 238 2.0
239 111 1.0
111 239 1.0
239 175 1.0
175 239 1.0
239 207 1.0
207 239 1.0
239 231 1.0
231 239 1.0
239 235 1.0
235 239 1.0
239 237 2.0
237 239 2.0
240 112 1.0
112 240 1.0
240 176 1.0
176 240 1.0
240 208 1.0
208 240 1.0
240 232 2.0
232 240 2.0
240 236 1.0
236 240 1.0
240 238 1.0
238 240 1.0
240 239 1.0
239 240 1.0
241 113 2.0
113 241 2.0
241 177 1.0
177 241 1.0
241 209 1.0
209 241 1.0
241 225 1.0
225 241 1.0
242 114 1.0
114 242 1.0
242 178 1.0
178 242 1.0
242 210 2.0
210 242 2.0
242 226 2.0
226 242 2.0
242 241 1.0
241 242 1.0
243 115 1.0
115 243 1.0
243 179 1.0
179 243 1.0
243 211 1.0
211 243 1.0
243 227 1.0
227 243 1.0
243 241 1.0
241 243 1.0
244 116 1.0
116 244 1.0
244 180 1.0
180 244 1.0
244 212 2.0
212 244 2.0
244 228 1.0
228 244 1.0
244 242 1.0
242 244 1.0
244 243 1.0
243 244 1.0
245 117 2.0
117 245 2.0
245 181 1.0
181 245 1.0
245 213 1.0
213 245 1.0
245 229 1.0
229 245 1.0
245 241 1.0
241 245 1.0
246 118 1.0
118 246 1.0
246 182 1.0
182 246 1.0
246 214 1.0
214 246 1.0
246 230 1.0
230 246 1.0
246 242 1.0
242 246 1.0
246 245 1.0
245 246 1.0
247 119 1.0
119 247 1.0
247 183 2.0
183 247 2.0
247 215 1.0
215 247 1.0
247 231 1.0
231 247 1.0
247 243 1.0
243 247 1.0
247 245 1.0
245 247 1.0
248 120 1.0
120 248 1.0
248 184 2.0
184 248 2.0
248 216 1.0
216 248 1.0
248 232 2.0
232 248 2.0
248 244 1.0
244 248 1.0
248 246 1.0
246 248 1.0
248 247 1.0
247 248 1.0
249 121 1.0
121 249 1.0
249 185 1.0
185 249 1.0
249 217 1.0
217 249 1.0
249 233 1.0
233 249 1.0
249 241 1.0
241 249 1.0
250 122 1.0
122 250 1.0
250 186 2.0
186 250 2.0
250 218 1.0
218 250 1.0
250 234 1.0
234 250 1.0
250 242 1.0
242 250 1.0
250 249 1.0
249 250 1.0
251 123 1.0
123 251 1.0
251 187 1.0
187 251 1.0
251 219 1.0
219 251 1.0
251 235 1.0
235 251 1.0
251 243 1.0
243 251 1.0
251 249 1.0
249 251 1.0
252 124 1.0
124 252 1.0
252 188 1.0
188 252 1.0
252 220 1.0
220 252 1.0
252 236 1.0
236 252 1.0
252 244 1.0
244 252 1.0
252 250 1.0
250 252 1.0
252 251 1.0
251 252 1.0
253 125 1.0
125 253 1.0
253 189 1.0
189 253 1.0
253 221 1.0
221 253 1.0
253 237 2.0
237 253 2.0
253 245 1.0
245 253 1.0
253 249 1.0
249 253 1.0
254 126 1.0
126 254 1.0
254 190 1.0
190 254 1.0
254 222 1.0
222 254 1.0
254 238 1.0
238 254 1.0
254 246 1.0
246 254 1.0
254 250 1.0
250 254 1.0
254 253 1.0
253 254 1.0
255 127 1.0
127 255 1.0
255 191 1.0
191 255 1.0
255 223 2.0
223 255 2.0
255 239 1.0
239 255 1.0
255 247 1.0
247 255 1.0
255 251 1.0
251 255 1.0
255 253 1.0
253 255 1.0
256 128 1.0
128 256 1.0
256 192 1.0
192 256 1.0
256 224 1.0
224 256 1.0
256 240 1.0
240 256 1.0
256 248 1.0
248 256 1.0
256 252 1.0
252 256 1.0
256 254 1.0
254 256 1.0
256 255 1.0
255 256 1.0
257 1 1.0
1 257 1.0
258 2 1.0
2 258 1.0
258 257 1.0
257 258 1.0
259 3 1.0
3 259 1.0
259 257 1.0
257 259 1.0
260 4 1.0
4 260 1.0
260 258 1.0
258 260 1.0
260 259 1.0
259 260 1.0
261 5 2.0
5 261 2.0
261 257 1.0
257 261 1.0
262 6 1.0
6 262 1.0
262 258 1.0
258 262 1.0
262 261 1.0
261 262 1.0
263 7 1.0
7 263 1.0
263 259 1.0
259 263 1.0
263 261 1.0
261 263 1.0
264 8 1.0
8 264 1.0
264 260 1.0
260 264 1.0
264 262 1.0
262 264 1.0
264 263 1.0
263 264 1.0
265 9 1.0
9 265 1.0
265 257 1.0
257 265 1.0
266 10 2.0
10 266 2.0
266 258 2.0
258 266 2.0
266 265 2.0
265 266 2.0
267 11 1.0
11 267 1.0
267 259 1.0
259 267 1.0
267 265 1.0
265 267 1.0
268 12 1.0
12 268 1.0
268 260 1.0
260 268 1.0
268 266 2.0
266 268 2.0
268 267 1.0
267 268 1.0
269 13 1.0
13 269 1.0
269 261 1.0
261 269 1.0
269 265 1.0
265 269 1.0
270 14 1.0
14 270 1.0
270 262 1.0
262 270 1.0
270 266 2.0
266 270 2.0
270 269 1.0
269 270 1.0
271 15 2.0
15 271 2.0
271 263 2.0
263 271 2.0
271 267 2.0
267 271 2.0
271 269 2.0
269 271 2.0
272 16 1.0
16 272 1.0
272 264 1.0
264 272 1.0
272 268 1.0
268 272 1.0
272 270 1.0
270 272 1.0
272 271 2.0
271 272 2.0
273 17 1.0
17 273 1.0
273 257 1.0
257 273 1.0
274 18 1.0
18 274 1.0
274 258 1.0
258 274 1.0
274 273 1.0
273 274 1.0
275 19 2.0
19 275 2.0
275 259 2.0
259 275 2.0
275 273 2.0
273 275 2.0
276 20 2.0
20 276 2.0
276 260 1.0
260 276 1.0
276 274 1.0
274 276 1.0
276 275 2.0
275 276 2.0
277 21 1.0
21 277 1.0
277 261 1.0
261 277 1.0
277 273 1.0
273 277 1.0
278 22 1.0
22 278 1.0
278 262 1.0
262 278 1.0
278 274 1.0
274 278 1.0
278 277 1.0
277 278 1.0
279 23 1.0
23 279 1.0
279 263 1.0
263 279 1.0
279 275 2.0
275 279 2.0
279 277 1.0
277 279 1.0
280 24 2.0
24 280 2.0
280 264 2.0
264 280 2.0
280 276 2.0
276 280 2.0
280 278 2.0
278 280 2.0
280 279 2.0
279 280 2.0
281 25 2.0
25 281 2.0
281 265 1.0
265 281 1.0
281 273 1.0
273 281 1.0
282 26 1.0
26 282 1.0
282 266 2.0
266 282 2.0
282 274 1.0
274 282 1.0
282 281 1.0
281 282 1.0
283 27 1.0
27 283 1.0
283 267 1.0
267 283 1.0
283 275 2.0
275 283 2.0
283 281 1.0
281 283 1.0
284 28 1.0
28 284 1.0
284 268 1.0
268 284 1.0
284 276 1.0
276 284 1.0
284 282 1.0
282 284 1.0
284 283 1.0
283 284 1.0
285 29 1.0
29 285 1.0
285 269 1.0
269 285 1.0
285 277 1.0
277 285 1.0
285 281 1.0
281 285 1.0
286 30 1.0
30 286 1.0
286 270 1.0
270 286 1.0
286 278 1.0
278 286 1.0
286 282 1.0
282 286 1.0
286 285 1.0
285 286 1.0
287 31 1.0
31 287 1.0
287 271 2.0
271 287 2.0
287 279 1.0
279 287 1.0
287 283 1.0
283 287 1.0
287 285 1.0
285 287 1.0
288 32 1.0
32 288 1.0
288 272 1.0
272 288 1.0
288 280 2.0
280 288 2.0
288 284 1.0
284 288 1.0
288 286 1.0
286 288 1.0
288 287 1.0
287 288 1.0
289 33 1.0
33 289 1.0
289 257 1.0
257 289 1.0
290 34 2.0
34 290 2.0
290 258 1.0
258 290 1.0
290 289 1.0
289 290 1.0
291 35 1.0
35 291 1.0
291 259 1.0
259 291 1.0
291 289 1.0
289 291 1.0
292 36 1.0
36 292 1.0
292 260 1.0
260 292 1.0
292 290 1.0
290 292 1.0
292 291 1.0
291 292 1.0
293 37 1.0
37 293 1.0
293 261 1.0
261 293 1.0
293 289 1.0
289 293 1.0
294 38 1.0
38 294 1.0
294 262 1.0
262 294 1.0
294 290 1.0
290 294 1.0
294 293 1.0
293 294 1.0
295 39 1.0
39 295 1.0
295 263 1.0
263 295 1.0
295 291 1.0
291 295 1.0
295 293 1.0
293 295 1.0
296 40 2.0
40 296 2.0
296 264 2.0
264 296 2.0
296 292 2.0
292 296 2.0
296 294 2.0
294 296 2.0
296 295 2.0
295 296 2.0
297 41 2.0
41 297 2.0
297 265 2.0
265 297 2.0
297 289 2.0
289 297 2.0
298 42 1.0
42 298 1.0
298 266 2.0
266 298 2.0
298 290 1.0
290 298 1.0
298 297 2.0
297 298 2.0
299 43 2.0
43 299 2.0
299 267 1.0
267 299 1.0
299 291 1.0
291 299 1.0
299 297 2.0
297 299 2.0
300 44 2.0
44 300 2.0
300 268 1.0
268 300 1.0
300 292 1.0
292 300 1.0
300 298 1.0
298 300 1.0
300 299 1.0
299 300 1.0
301 45 1.0
45 301 1.0
301 269 1.0
269 301 1.0
301 293 1.0
293 301 1.0
301 297 2.0
297 301 2.0
302 46 1.0
46 302 1.0
302 270 1.0
270 302 1.0
302 294 1.0
294 302 1.0
302 298 1.0
298 302 1.0
302 301 1.0
301 302 1.0
303 47 1.0
47 303 1.0
303 271 2.0
271 303 2.0
303 295 1.0
295 303 1.0
303 299 1.0
299 303 1.0
303 301 1.0
301 303 1.0
304 48 1.0
48 304 1.0
304 272 1.0
272 304 1.0
304 296 2.0
296 304 2.0
304 300 1.0
300 304 1.0
304 302 1.0
302 304 1.0
304 303 1.0
303 304 1.0
305 49 1.0
49 305 1.0
305 273 1.0
273 305 1.0
305 289 1.0
289 305 1.0
306 50 1.0
50 306 1.0
306 274 1.0
274 306 1.0
306 290 1.0
290 306 1.0
306 305 1.0
305 306 1.0
307 51 2.0
51 307 2.0
307 275 3.0
275 307 3.0
307 291 2.0
291 307 2.0
307 305 2.0
305 307 2.0
308 52 1.0
52 308 1.0
308 276 1.0
276 308 1.0
308 292 1.0
292 308 1.0
308 306 1.0
306 308 1.0
308 307 2.0
307 308 2.0
309 53 2.0
53 309 2.0
309 277 2.0
277 309 2.0
309 293 2.0
293 309 2.0
309 305 2.0
305 309 2.0
310 54 1.0
54 310 1.0
310 278 1.0
278 310 1.0
310 294 1.0
294 310 1.0
310 306 1.0
306 310 1.0
310 309 2.0
309 310 2.0
311 55 1.0
55 311 1.0
311 279 1.0
279 311 1.0
311 295 1.0
295 311 1.0
311 307 2.0
307 311 2.0
311 309 2.0
309 311 2.0
312 56 1.0
56 312 1.0
312 280 2.0
280 312 2.0
312 296 2.0
296 312 2.0
312 308 1.0
308 312 1.0
312 310 1.0
310 312 1.0
312 311 1.0
311 312 1.0
313 57 1.0
57 313 1.0
313 281 1.0
281 313 1.0
313 297 2.0
297 313 2.0
313 305 1.0
305 313 1.0
314 58 1.0
58 314 1.0
314 282 1.0
282 314 1.0
314 298 1.0
298 314 1.0
314 306 1.0
306 314 1.0
314 313 1.0
313 314 1.0
315 59 1.0
59 315 1.0
315 283 1.0
283 315 1.0
315 299 1.0
299 315 1.0
315 307 2.0
307 315 2.0
315 313 1.0
313 315 1.0
316 60 2.0
60 316 2.0
316 284 1.0
284 316 1.0
316 300 1.0
300 316 1.0
316 308 1.0
308 316 1.0
316 314 1.0
314 316 1.0
316 315 1.0
315 316 1.0
317 61 1.0
61 317 1.0
317 285 1.0
285 317 1.0
317 301 1.0
301 317 1.0
317 309 2.0
309 317 2.0
317 313 1.0
313 317 1.0
318 62 2.0
62 318 2.0
318 286 1.0
286 318 1.0
318 302 1.0
302 318 1.0
318 310 1.0
310 318 1.0
318 314 1.0
314 318 1.0
318 317 1.0
317 318 1.0
319 63 1.0
63 319 1.0
319 287 1.0
287 319 1.0
319 303 1.0
303 319 1.0
319 311 1.0
311 319 1.0
319 315 1.0
315 319 1.0
319 317 1.0
317 319 1.0
320 64 1.0
64 320 1.0
320 288 1.0
288 320 1.0
320 304 1.0
304 320 1.0
320 312 1.0
312 320 1.0
320 316 1.0
316 320 1.0
320 318 1.0
318 320 1.0
320 319 1.0
319 320 1.0
321 65 1.0
65 321 1.0
321 257 1.0
257 321 1.0
322 66 1.0
66 322 1.0
322 258 1.0
258 322 1.0
322 321 1.0
321 322 1.0
323 67 2.0
67 323 2.0
323 259 1.0
259 323 1.0
323 321 1.0
321 323 1.0
324 68 1.0
68 324 1.0
324 260 1.0
260 324 1.0
324 322 1.0
322 324 1.0
324 323 1.0
323 324 1.0
325 69 1.0
69 325 1.0
325 261 1.0
261 325 1.0
325 321 1.0
321 325 1.0
326 70 2.0
70 326 2.0
326 262 2.0
262 326 2.0
326 322 2.0
322 326 2.0
326 325 2.0
325 326 2.0
327 71 1.0
71 327 1.0
327 263 1.0
263 327 1.0
327 323 1.0
323 327 1.0
327 325 1.0
325 327 1.0
328 72 2.0
72 328 2.0
328 264 2.0
264 328 2.0
328 324 2.0
324 328 2.0
328 326 3.0
326 328 3.0
328 327 2.0
327 328 2.0
329 73 1.0
73 329 1.0
329 265 1.0
265 329 1.0
329 321 1.0
321 329 1.0
330 74 1.0
74 330 1.0
330 266 2.0
266 330 2.0
330 322 1.0
322 330 1.0
330 329 1.0
329 330 1.0
331 75 1.0
75 331 1.0
331 267 1.0
267 331 1.0
331 323 1.0
323 331 1.0
331 329 1.0
329 331 1.0
332 76 1.0
76 332 1.0
332 268 1.0
268 332 1.0
332 324 1.0
324 332 1.0
332 330 1.0
330 332 1.0
332 331 1.0
331 332 1.0
333 77 1.0
77 333 1.0
333 269 1.0
269 333 1.0
333 325 1.0
325 333 1.0
333 329 1.0
329 333 1.0
334 78 2.0
78 334 2.0
334 270 1.0
270 334 1.0
334 326 2.0
326 334 2.0
334 330 1.0
330 334 1.0
334 333 1.0
333 334 1.0
335 79 1.0
79 335 1.0
335 271 2.0
271 335 2.0
335 327 1.0
327 335 1.0
335 331 1.0
331 335 1.0
335 333 1.0
333 335 1.0
336 80 1.0
80 336 1.0
336 272 1.0
272 336 1.0
336 328 2.0
328 336 2.0
336 332 1.0
332 336 1.0
336 334 1.0
334 336 1.0
336 335 1.0
335 336 1.0
337 81 1.0
81 337 1.0
337 273 1.0
273 337 1.0
337 321 1.0
321 337 1.0
338 82 2.0
82 338 2.0
338 274 2.0
274 338 2.0
338 322 2.0
322 338 2.0
338 337 2.0
337 338 2.0
339 83 1.0
83 339 1.0
339 275 2.0
275 339 2.0
339 323 1.0
323 339 1.0
339 337 1.0
337 339 1.0
340 84 1.0
84 340 1.0
340 276 1.0
276 340 1.0
340 324 1.0
324 340 1.0
340 338 2.0
338 340 2.0
340 339 1.0
339 340 1.0
341 85 1.0
85 341 1.0
341 277 1.0
277 341 1.0
341 325 1.0
325 341 1.0
341 337 1.0
337 341 1.0
342 86 1.0
86 342 1.0
342 278 1.0
278 342 1.0
342 326 2.0
326 342 2.0
342 338 2.0
338 342 2.0
342 341 1.0
341 342 1.0
343 87 1.0
87 343 1.0
343 279 1.0
279 343 1.0
343 327 1.0
327 343 1.0
343 339 1.0
339 343 1.0
343 341 1.0
341 343 1.0
344 88 1.0
88 344 1.0
344 280 2.0
280 344 2.0
344 328 2.0
328 344 2.0
344 340 1.0
340 344 1.0
344 342 1.0
342 344 1.0
344 343 1.0
343 344 1.0
345 89 1.0
89 345 1.0
345 281 1.0
281 345 1.0
345 329 1.0
329 345 1.0
345 337 1.0
337 345 1.0
346 90 1.0
90 346 1.0
346 282 1.0
282 346 1.0
346 330 1.0
330 346 1.0
346 338 2.0
338 346 2.0
346 345 1.0
345 346 1.0
347 91 1.0
91 347 1.0
347 283 1.0
283 347 1.0
347 331 1.0
331 347 1.0
347 339 1.0
339 347 1.0
347 345 1.0
345 347 1.0
348 92 1.0
92 348 1.0
348 284 1.0
284 348 1.0
348 332 1.0
332 348 1.0
348 340 1.0
340 348 1.0
348 346 1.0
346 348 1.0
348 347 1.0
347 348 1.0
349 93 1.0
93 349 1.0
349 285 1.0
285 349 1.0
349 333 1.0
333 349 1.0
349 341 1.0
341 349 1.0
349 345 1.0
345 349 1.0
350 94 1.0
94 350 1.0
350 286 1.0
286 350 1.0
350 334 1.0
334 350 1.0
350 342 1.0
342 350 1.0
350 346 1.0
346 350 1.0
350 349 1.0
349 350 1.0
351 95 2.0
95 351 2.0
351 287 1.0
287 351 1.0
351 335 1.0
335 351 1.0
351 343 1.0
343 351 1.0
351 347 1.0
347 351 1.0
351 349 1.0
349 351 1.0
352 96 2.0
96 352 2.0
352 288 1.0
288 352 1.0
352 336 1.0
336 352 1.0
352 344 1.0
344 352 1.0
352 348 1.0
348 352 1.0
352 350 1.0
350 352 1.0
352 351 1.0
351 352 1.0
353 97 1.0
97 353 1.0
353 289 1.0
289 353 1.0
353 321 1.0
321 353 1.0
354 98 1.0
98 354 1.0
354 290 1.0
290 354 1.0
354 322 1.0
322 354 1.0
354 353 1.0
353 354 1.0
355 99 2.0
99 355 2.0
355 291 1.0
291 355 1.0
355 323 1.0
323 355 1.0
355 353 1.0
353 355 1.0
356 100 1.0
100 356 1.0
356 292 1.0
292 356 1.0
356 324 1.0
324 356 1.0
356 354 1.0
354 356 1.0
356 355 1.0
355 356 1.0
357 101 1.0
101 357 1.0
357 293 1.0
293 357 1.0
357 325 1.0
325 357 1.0
357 353 1.0
353 357 1.0
358 102 1.0
102 358 1.0
358 294 1.0
294 358 1.0
358 326 2.0
326 358 2.0
358 354 1.0
354 358 1.0
358 357 1.0
357 358 1.0
359 103 1.0
103 359 1.0
359 295 1.0
295 359 1.0
359 327 1.0
327 359 1.0
359 355 1.0
355 359 1.0
359 357 1.0
357 359 1.0
360 104 1.0
104 360 1.0
360 296 2.0
296 360 2.0
360 328 2.0
328 360 2.0
360 356 1.0
356 360 1.0
360 358 1.0
358 360 1.0
360 359 1.0
359 360 1.0
361 105 3.0
105 361 3.0
361 297 3.0
297 361 3.0
361 329 2.0
329 361 2.0
361 353 2.0
353 361 2.0
362 106 2.0
106 362 2.0
362 298 2.0
298 362 2.0
362 330 2.0
330 362 2.0
362 354 2.0
354 362 2.0
362 361 3.0
361 362 3.0
363 107 1.0
107 363 1.0
363 299 1.0
299 363 1.0
363 331 1.0
331 363 1.0
363 355 1.0
355 363 1.0
363 361 2.0
361 363 2.0
364 108 2.0
108 364 2.0
364 300 1.0
300 364 1.0
364 332 1.0
332 364 1.0
364 356 1.0
356 364 1.0
364 362 2.0
362 364 2.0
364 363 1.0
363 364 1.0
365 109 1.0
109 365 1.0
365 301 1.0
301 365 1.0
365 333 1.0
333 365 1.0
365 357 1.0
357 365 1.0
365 361 2.0
361 365 2.0
366 110 1.0
110 366 1.0
366 302 1.0
302 366 1.0
366 334 1.0
334 366 1.0
366 358 1.0
358 366 1.0
366 362 2.0
362 366 2.0
366 365 1.0
365 366 1.0
367 111 1.0
111 367 1.0
367 303 1.0
303 367 1.0
367 335 1.0
335 367 1.0
367 359 1.0
359 367 1.0
367 363 1.0
363 367 1.0
367 365 1.0
365 367 1.0
368 112 1.0
112 368 1.0
368 304 1.0
304 368 1.0
368 336 1.0
336 368 1.0
368 360 1.0
360 368 1.0
368 364 1.0
364 368 1.0
368 366 1.0
366 368 1.0
368 367 1.0
367 368 1.0
369 113 2.0
113 369 2.0
369 305 1.0
305 369 1.0
369 337 1.0
337 369 1.0
369 353 1.0
353 369 1.0
370 114 1.0
114 370 1.0
370 306 1.0
306 370 1.0
370 338 2.0
338 370 2.0
370 354 1.0
354 370 1.0
370 369 1.0
369 370 1.0
371 115 1.0
115 371 1.0
371 307 2.0
307 371 2.0
371 339 1.0
339 371 1.0
371 355 1.0
355 371 1.0
371 369 1.0
369 371 1.0
372 116 1.0
116 372 1.0
372 308 1.0
308 372 1.0
372 340 1.0
340 372 1.0
372 356 1.0
356 372 1.0
372 370 1.0
370 372 1.0
372 371 1.0
371 372 1.0
373 117 2.0
117 373 2.0
373 309 2.0
309 373 2.0
373 341 1.0
341 373 1.0
373 357 1.0
357 373 1.0
373 369 1.0
369 373 1.0
374 118 1.0
118 374 1.0
374 310 1.0
310 374 1.0
374 342 1.0
342 374 1.0
374 358 1.0
358 374 1.0
374 370 1.0
370 374 1.0
374 373 1.0
373 374 1.0
375 119 2.0
119 375 2.0
375 311 2.0
311 375 2.0
375 343 2.0
343 375 2.0
375 359 2.0
359 375 2.0
375 371 2.0
371 375 2.0
375 373 2.0
373 375 2.0
376 120 1.0
120 376 1.0
376 312 1.0
312 376 1.0
376 344 1.0
344 376 1.0
376 360 1.0
360 376 1.0
376 372 1.0
372 376 1.0
376 374 1.0
374 376 1.0
376 375 2.0
375 376 2.0
377 121 1.0
121 377 1.0
377 313 1.0
313 377 1.0
377 345 1.0
345 377 1.0
377 361 2.0
361 377 2.0
377 369 1.0
369 377 1.0
378 122 1.0
122 378 1.0
378 314 1.0
314 378 1.0
378 346 1.0
346 378 1.0
378 362 2.0
362 378 2.0
378 370 1.0
370 378 1.0
378 377 1.0
377 378 1.0
379 123 1.0
123 379 1.0
379 315 1.0
315 379 1.0
379 347 1.0
347 379 1.0
379 363 1.0
363 379 1.0
379 371 1.0
371 379 1.0
379 377 1.0
377 379 1.0
380 124 1.0
124 380 1.0
380 316 1.0
316 380 1.0
380 348 1.0
348 380 1.0
380 364 1.0
364 380 1.0
380 372 1.0
372 380 1.0
380 378 1.0
378 380 1.0
380 379 1.0
379 380 1.0
381 125 1.0
125 381 1.0
381 317 1.0
317 381 1.0
381 349 1.0
349 381 1.0
381 365 1.0
365 381 1.0
381 373 1.0
373 381 1.0
381 377 1.0
377 381 1.0
382 126 1.0
126 382 1.0
382 318 1.0
318 382 1.0
382 350 1.0
350 382 1.0
382 366 1.0
366 382 1.0
382 374 1.0
374 382 1.0
382 378 1.0
378 382 1.0
382 381 1.0
381 382 1.0
383 127 1.0
127 383 1.0
383 319 1.0
319 383 1.0
383 351 1.0
351 383 1.0
383 367 1.0
367 383 1.0
383 375 2.0
375 383 2.0
383 379 1.0
379 383 1.0
383 381 1.0
381 383 1.0
384 128 1.0
128 384 1.0
384 320 1.0
320 384 1.0
384 352 1.0
352 384 1.0
384 368 1.0
368 384 1.0
384 376 1.0
376 384 1.0
384 380 1.0
380 384 1.0
384 382 1.0
382 384 1.0
384 383 1.0
383 384 1.0
385 129 1.0
129 385 1.0
385 257 1.0
257 385 1.0
386 130 1.0
130 386 1.0
386 258 1.0
258 386 1.0
386 385 1.0
385 386 1.0
387 131 1.0
131 387 1.0
387 259 1.0
259 387 1.0
387 385 1.0
385 387 1.0
388 132 2.0
132 388 2.0
388 260 1.0
260 388 1.0
388 386 1.0
386 388 1.0
388 387 1.0
387 388 1.0
389 133 2.0
133 389 2.0
389 261 1.0
261 389 1.0
389 385 1.0
385 389 1.0
390 134 1.0
134 390 1.0
390 262 1.0
262 390 1.0
390 386 1.0
386 390 1.0
390 389 1.0
389 390 1.0
391 135 1.0
135 391 1.0
391 263 1.0
263 391 1.0
391 387 1.0
387 391 1.0
391 389 1.0
389 391 1.0
392 136 1.0
136 392 1.0
392 264 1.0
264 392 1.0
392 388 1.0
388 392 1.0
392 390 1.0
390 392 1.0
392 391 1.0
391 392 1.0
393 137 1.0
137 393 1.0
393 265 1.0
265 393 1.0
393 385 1.0
385 393 1.0
394 138 1.0
138 394 1.0
394 266 2.0
266 394 2.0
394 386 1.0
386 394 1.0
394 393 1.0
393 394 1.0
395 139 2.0
139 395 2.0
395 267 2.0
267 395 2.0
395 387 2.0
387 395 2.0
395 393 2.0
393 395 2.0
396 140 1.0
140 396 1.0
396 268 1.0
268 396 1.0
396 388 1.0
388 396 1.0
396 394 1.0
394 396 1.0
396 395 2.0
395 396 2.0
397 141 1.0
141 397 1.0
397 269 1.0
269 397 1.0
397 389 1.0
389 397 1.0
397 393 1.0
393 397 1.0
398 142 1.0
142 398 1.0
398 270 1.0
270 398 1.0
398 390 1.0
390 398 1.0
398 394 1.0
394 398 1.0
398 397 1.0
397 398 1.0
399 143 1.0
143 399 1.0
399 271 2.0
271 399 2.0
399 391 1.0
391 399 1.0
399 395 2.0
395 399 2.0
399 397 1.0
397 399 1.0
400 144 2.0
144 400 2.0
400 272 1.0
272 400 1.0
400 392 1.0
392 400 1.0
400 396 1.0
396 400 1.0
400 398 1.0
398 400 1.0
400 399 1.0
399 400 1.0
401 145 1.0
145 401 1.0
401 273 1.0
273 401 1.0
401 385 1.0
385 401 1.0
402 146 1.0
146 402 1.0
402 274 1.0
274 402 1.0
402 386 1.0
386 402 1.0
402 401 1.0
401 402 1.0
403 147 1.0
147 403 1.0
403 275 2.0
275 403 2.0
403 387 1.0
387 403 1.0
403 401 1.0
401 403 1.0
404 148 1.0
148 404 1.0
404 276 1.0
276 404 1.0
404 388 1.0
388 404 1.0
404 402 1.0
402 404 1.0
404 403 1.0
403 404 1.0
405 149 1.0
149 405 1.0
405 277 1.0
277 405 1.0
405 389 1.0
389 405 1.0
405 401 1.0
401 405 1.0
406 150 1.0
150 406 1.0
406 278 1.0
278 406 1.0
406 390 1.0
390 406 1.0
406 402 1.0
402 406 1.0
406 405 1.0
405 406 1.0
407 151 1.0
151 407 1.0
407 279 1.0
279 407 1.0
407 391 1.0
391 407 1.0
407 403 1.0
403 407 1.0
407 405 1.0
405 407 1.0
408 152 1.0
152 408 1.0
408 280 2.0
280 408 2.0
408 392 1.0
392 408 1.0
408 404 1.0
404 408 1.0
408 406 1.0
406 408 1.0
408 407 1.0
407 408 1.0
409 153 2.0
153 409 2.0
409 281 1.0
281 409 1.0
409 393 1.0
393 409 1.0
409 401 1.0
401 409 1.0
410 154 1.0
154 410 1.0
410 282 1.0
282 410 1.0
410 394 1.0
394 410 1.0
410 402 1.0
402 410 1.0
410 409 1.0
409 410 1.0
411 155 1.0
155 411 1.0
411 283 1.0
283 411 1.0
411 395 2.0
395 411 2.0
411 403 1.0
403 411 1.0
411 409 1.0
409 411 1.0
412 156 2.0
156 412 2.0
412 284 2.0
284 412 2.0
412 396 2.0
396 412 2.0
412 404 2.0
404 412 2.0
412 410 2.0
410 412 2.0
412 411 2.0
411 412 2.0
413 157 2.0
157 413 2.0
413 285 2.0
285 413 2.0
413 397 2.0
397 413 2.0
413 405 2.0
405 413 2.0
413 409 2.0
409 413 2.0
414 158 1.0
158 414 1.0
414 286 1.0
286 414 1.0
414 398 1.0
398 414 1.0
414 406 1.0
406 414 1.0
414 410 1.0
410 414 1.0
414 413 2.0
413 414 2.0
415 159 1.0
159 415 1.0
415 287 1.0
287 415 1.0
415 399 1.0
399 415 1.0
415 407 1.0
407 415 1.0
415 411 1.0
411 415 1.0
415 413 2.0
413 415 2.0
416 160 1.0
160 416 1.0
416 288 1.0
288 416 1.0
416 400 1.0
400 416 1.0
416 408 1.0
408 416 1.0
416 412 2.0
412 416 2.0
416 414 1.0
414 416 1.0
416 415 1.0
415 416 1.0
417 161 1.0
161 417 1.0
417 289 1.0
289 417 1.0
417 385 1.0
385 417 1.0
418 162 1.0
162 418 1.0
418 290 1.0
290 418 1.0
418 386 1.0
386 418 1.0
418 417 1.0
417 418 1.0
419 163 1.0
163 419 1.0
419 291 1.0
291 419 1.0
419 387 1.0
387 419 1.0
419 417 1.0
417 419 1.0
420 164 1.0
164 420 1.0
420 292 1.0
292 420 1.0
420 388 1.0
388 420 1.0
420 418 1.0
418 420 1.0
420 419 1.0
419 420 1.0
421 165 1.0
165 421 1.0
421 293 1.0
293 421 1.0
421 389 1.0
389 421 1.0
421 417 1.0
417 421 1.0
422 166 1.0
166 422 1.0
422 294 1.0
294 422 1.0
422 390 1.0
390 422 1.0
422 418 1.0
418 422 1.0
422 421 1.0
421 422 1.0
423 167 1.0
167 423 1.0
423 295 1.0
295 423 1.0
423 391 1.0
391 423 1.0
423 419 1.0
419 423 1.0
423 421 1.0
421 423 1.0
424 168 1.0
168 424 1.0
424 296 2.0
296 424 2.0
424 392 1.0
392 424 1.0
424 420 1.0
420 424 1.0
424 422 1.0
422 424 1.0
424 423 1.0
423 424 1.0
425 169 1.0
169 425 1.0
425 297 2.0
297 425 2.0
425 393 1.0
393 425 1.0
425 417 1.0
417 425 1.0
426 170 1.0
170 426 1.0
426 298 1.0
298 426 1.0
426 394 1.0
394 426 1.0
426 418 1.0
418 426 1.0
426 425 1.0
425 426 1.0
427 171 2.0
171 427 2.0
427 299 1.0
299 427 1.0
427 395 2.0
395 427 2.0
427 419 1.0
419 427 1.0
427 425 1.0
425 427 1.0
428 172 2.0
172 428 2.0
428 300 2.0
300 428 2.0
428 396 2.0
396 428 2.0
428 420 2.0
420 428 2.0
428 426 2.0
426 428 2.0
428 427 2.0
427 428 2.0
429 173 1.0
173 429 1.0
429 301 1.0
301 429 1.0
429 397 1.0
397 429 1.0
429 421 1.0
421 429 1.0
429 425 1.0
425 429 1.0
430 174 2.0
174 430 2.0
430 302 2.0
302 430 2.0
430 398 2.0
398 430 2.0
430 422 2.0
422 430 2.0
430 426 2.0
426 430 2.0
430 429 2.0
429 430 2.0
431 175 2.0
175 431 2.0
431 303 2.0
303 431 2.0
431 399 2.0
399 431 2.0
431 423 2.0
423 431 2.0
431 427 2.0
427 431 2.0
431 429 2.0
429 431 2.0
432 176 1.0
176 432 1.0
432 304 1.0
304 432 1.0
432 400 1.0
400 432 1.0
432 424 1.0
424 432 1.0
432 428 2.0
428 432 2.0
432 430 2.0
430 432 2.0
432 431 2.0
431 432 2.0
433 177 2.0
177 433 2.0
433 305 2.0
305 433 2.0
433 401 2.0
401 433 2.0
433 417 2.0
417 433 2.0
434 178 1.0
178 434 1.0
434 306 1.0
306 434 1.0
434 402 1.0
402 434 1.0
434 418 1.0
418 434 1.0
434 433 2.0
433 434 2.0
435 179 1.0
179 435 1.0
435 307 2.0
307 435 2.0
435 403 1.0
403 435 1.0
435 419 1.0
419 435 1.0
435 433 2.0
433 435 2.0
436 180 1.0
180 436 1.0
436 308 1.0
308 436 1.0
436 404 1.0
404 436 1.0
436 420 1.0
420 436 1.0
436 434 1.0
434 436 1.0
436 435 1.0
435 436 1.0
437 181 1.0
181 437 1.0
437 309 2.0
309 437 2.0
437 405 1.0
405 437 1.0
437 421 1.0
421 437 1.0
437 433 2.0
433 437 2.0
438 182 1.0
182 438 1.0
438 310 1.0
310 438 1.0
438 406 1.0
406 438 1.0
438 422 1.0
422 438 1.0
438 434 1.0
434 438 1.0
438 437 1.0
437 438 1.0
439 183 2.0
183 439 2.0
439 311 1.0
311 439 1.0
439 407 1.0
407 439 1.0
439 423 1.0
423 439 1.0
439 435 1.0
435 439 1.0
439 437 1.0
437 439 1.0
440 184 3.0
184 440 3.0
440 312 2.0
312 440 2.0
440 408 2.0
408 440 2.0
440 424 2.0
424 440 2.0
440 436 2.0
436 440 2.0
440 438 2.0
438 440 2.0
440 439 2.0
439 440 2.0
441 185 1.0
185 441 1.0
441 313 1.0
313 441 1.0
441 409 1.0
409 441 1.0
441 425 1.0
425 441 1.0
441 433 2.0
433 441 2.0
442 186 2.0
186 442 2.0
442 314 1.0
314 442 1.0
442 410 1.0
410 442 1.0
442 426 1.0
426 442 1.0
442 434 1.0
434 442 1.0
442 441 1.0
441 442 1.0
443 187 1.0
187 443 1.0
443 315 1.0
315 443 1.0
443 411 1.0
411 443 1.0
443 427 1.0
427 443 1.0
443 435 1.0
435 443 1.0
443 441 1.0
441 443 1.0
444 188 1.0
188 444 1.0
444 316 1.0
316 444 1.0
444 412 2.0
412 444 2.0
444 428 2.0
428 444 2.0
444 436 1.0
436 444 1.0
444 442 1.0
442 444 1.0
444 443 1.0
443 444 1.0
445 189 1.0
189 445 1.0
445 317 1.0
317 445 1.0
445 413 2.0
413 445 2.0
445 429 1.0
429 445 1.0
445 437 1.0
437 445 1.0
445 441 1.0
441 445 1.0
446 190 1.0
190 446 1.0
446 318 1.0
318 446 1.0
446 414 1.0
414 446 1.0
446 430 2.0
430 446 2.0
446 438 1.0
438 446 1.0
446 442 1.0
442 446 1.0
446 445 1.0
445 446 1.0
447 191 1.0
191 447 1.0
447 319 1.0
319 447 1.0
447 415 1.0
415 447 1.0
447 431 2.0
431 447 2.0
447 439 1.0
439 447 1.0
447 443 1.0
443 447 1.0
447 445 1.0
445 447 1.0
448 192 1.0
192 448 1.0
448 320 1.0
320 448 1.0
448 416 1.0
416 448 1.0
448 432 1.0
432 448 1.0
448 440 2.0
440 448 2.0
448 444 1.0
444 448 1.0
448 446 1.0
446 448 1.0
448 447 1.0
447 448 1.0
449 193 1.0
193 449 1.0
449 321 1.0
321 449 1.0
449 385 1.0
385 449 1.0
450 194 1.0
194 450 1.0
450 322 1.0
322 450 1.0
450 386 1.0
386 450 1.0
450 449 1.0
449 450 1.0
451 195 1.0
195 451 1.0
451 323 1.0
323 451 1.0
451 387 1.0
387 451 1.0
451 449 1.0
449 451 1.0
452 196 1.0
196 452 1.0
452 324 1.0
324 452 1.0
452 388 1.0
388 452 1.0
452 450 1.0
450 452 1.0
452 451 1.0
451 452 1.0
453 197 1.0
197 453 1.0
453 325 1.0
325 453 1.0
453 389 1.0
389 453 1.0
453 449 1.0
449 453 1.0
454 198 2.0
198 454 2.0
454 326 3.0
326 454 3.0
454 390 2.0
390 454 2.0
454 450 2.0
450 454 2.0
454 453 2.0
453 454 2.0
455 199 2.0
199 455 2.0
455 327 2.0
327 455 2.0
455 391 2.0
391 455 2.0
455 451 2.0
451 455 2.0
455 453 2.0
453 455 2.0
456 200 1.0
200 456 1.0
456 328 2.0
328 456 2.0
456 392 1.0
392 456 1.0
456 452 1.0
452 456 1.0
456 454 2.0
454 456 2.0
456 455 2.0
455 456 2.0
457 201 3.0
201 457 3.0
457 329 2.0
329 457 2.0
457 393 2.0
393 457 2.0
457 449 2.0
449 457 2.0
458 202 1.0
202 458 1.0
458 330 1.0
330 458 1.0
458 394 1.0
394 458 1.0
458 450 1.0
450 458 1.0
458 457 2.0
457 458 2.0
459 203 1.0
203 459 1.0
459 331 1.0
331 459 1.0
459 395 2.0
395 459 2.0
459 451 1.0
451 459 1.0
459 457 2.0
457 459 2.0
460 204 1.0
204 460 1.0
460 332 1.0
332 460 1.0
460 396 1.0
396 460 1.0
460 452 1.0
452 460 1.0
460 458 1.0
458 460 1.0
460 459 1.0
459 460 1.0
461 205 1.0
205 461 1.0
461 333 1.0
333 461 1.0
461 397 1.0
397 461 1.0
461 453 1.0
453 461 1.0
461 457 2.0
457 461 2.0
462 206 1.0
206 462 1.0
462 334 1.0
334 462 1.0
462 398 1.0
398 462 1.0
462 454 2.0
454 462 2.0
462 458 1.0
458 462 1.0
462 461 1.0
461 462 1.0
463 207 1.0
207 463 1.0
463 335 1.0
335 463 1.0
463 399 1.0
399 463 1.0
463 455 2.0
455 463 2.0
463 459 1.0
459 463 1.0
463 461 1.0
461 463 1.0
464 208 1.0
208 464 1.0
464 336 1.0
336 464 1.0
464 400 1.0
400 464 1.0
464 456 1.0
456 464 1.0
464 460 1.0
460 464 1.0
464 462 1.0
462 464 1.0
464 463 1.0
463 464 1.0
465 209 1.0
209 465 1.0
465 337 1.0
337 465 1.0
465 401 1.0
401 465 1.0
465 449 1.0
449 465 1.0
466 210 2.0
210 466 2.0
466 338 2.0
338 466 2.0
466 402 1.0
402 466 1.0
466 450 1.0
450 466 1.0
466 465 1.0
465 466 1.0
467 211 1.0
211 467 1.0
467 339 1.0
339 467 1.0
467 403 1.0
403 467 1.0
467 451 1.0
451 467 1.0
467 465 1.0
465 467 1.0
468 212 2.0
212 468 2.0
468 340 1.0
340 468 1.0
468 404 1.0
404 468 1.0
468 452 1.0
452 468 1.0
468 466 1.0
466 468 1.0
468 467 1.0
467 468 1.0
469 213 2.0
213 469 2.0
469 341 2.0
341 469 2.0
469 405 2.0
405 469 2.0
469 453 2.0
453 469 2.0
469 465 2.0
465 469 2.0
470 214 1.0
214 470 1.0
470 342 1.0
342 470 1.0
470 406 1.0
406 470 1.0
470 454 2.0
454 470 2.0
470 466 1.0
466 470 1.0
470 469 2.0
469 470 2.0
471 215 1.0
215 471 1.0
471 343 1.0
343 471 1.0
471 407 1.0
407 471 1.0
471 455 2.0
455 471 2.0
471 467 1.0
467 471 1.0
471 469 2.0
469 471 2.0
472 216 1.0
216 472 1.0
472 344 1.0
344 472 1.0
472 408 1.0
408 472 1.0
472 456 1.0
456 472 1.0
472 468 1.0
468 472 1.0
472 470 1.0
470 472 1.0
472 471 1.0
471 472 1.0
473 217 1.0
217 473 1.0
473 345 1.0
345 473 1.0
473 409 1.0
409 473 1.0
473 457 2.0
457 473 2.0
473 465 1.0
465 473 1.0
474 218 1.0
218 474 1.0
474 346 1.0
346 474 1.0
474 410 1.0
410 474 1.0
474 458 1.0
458 474 1.0
474 466 1.0
466 474 1.0
474 473 1.0
473 474 1.0
475 219 1.0
219 475 1.0
475 347 1.0
347 475 1.0
475 411 1.0
411 475 1.0
475 459 1.0
459 475 1.0
475 467 1.0
467 475 1.0
475 473 1.0
473 475 1.0
476 220 2.0
220 476 2.0
476 348 2.0
348 476 2.0
476 412 3.0
412 476 3.0
476 460 2.0
460 476 2.0
476 468 2.0
468 476 2.0
476 474 2.0
474 476 2.0
476 475 2.0
475 476 2.0
477 221 1.0
221 477 1.0
477 349 1.0
349 477 1.0
477 413 2.0
413 477 2.0
477 461 1.0
461 477 1.0
477 469 2.0
469 477 2.0
477 473 1.0
473 477 1.0
478 222 1.0
222 478 1.0
478 350 1.0
350 478 1.0
478 414 1.0
414 478 1.0
478 462 1.0
462 478 1.0
478 470 1.0
470 478 1.0
478 474 1.0
474 478 1.0
478 477 1.0
477 478 1.0
479 223 2.0
223 479 2.0
479 351 1.0
351 479 1.0
479 415 1.0
415 479 1.0
479 463 1.0
463 479 1.0
479 471 1.0
471 479 1.0
479 475 1.0
475 479 1.0
479 477 1.0
477 479 1.0
480 224 1.0
224 480 1.0
480 352 1.0
352 480 1.0
480 416 1.0
416 480 1.0
480 464 1.0
464 480 1.0
480 472 1.0
472 480 1.0
480 476 2.0
476 480 2.0
480 478 1.0
478 480 1.0
480 479 1.0
479 480 1.0
481 225 1.0
225 481 1.0
481 353 1.0
353 481 1.0
481 417 1.0
417 481 1.0
481 449 1.0
449 481 1.0
482 226 2.0
226 482 2.0
482 354 1.0
354 482 1.0
482 418 1.0
418 482 1.0
482 450 1.0
450 482 1.0
482 481 1.0
481 482 1.0
483 227 1.0
227 483 1.0
483 355 1.0
355 483 1.0
483 419 1.0
419 483 1.0
483 451 1.0
451 483 1.0
483 481 1.0
481 483 1.0
484 228 2.0
228 484 2.0
484 356 2.0
356 484 2.0
484 420 2.0
420 484 2.0
484 452 2.0
452 484 2.0
484 482 2.0
482 484 2.0
484 483 2.0
483 484 2.0
485 229 2.0
229 485 2.0
485 357 2.0
357 485 2.0
485 421 2.0
421 485 2.0
485 453 2.0
453 485 2.0
485 481 2.0
481 485 2.0
486 230 1.0
230 486 1.0
486 358 1.0
358 486 1.0
486 422 1.0
422 486 1.0
486 454 2.0
454 486 2.0
486 482 1.0
482 486 1.0
486 485 2.0
485 486 2.0
487 231 1.0
231 487 1.0
487 359 1.0
359 487 1.0
487 423 1.0
423 487 1.0
487 455 2.0
455 487 2.0
487 483 1.0
483 487 1.0
487 485 2.0
485 487 2.0
488 232 2.0
232 488 2.0
488 360 1.0
360 488 1.0
488 424 1.0
424 488 1.0
488 456 1.0
456 488 1.0
488 484 2.0
484 488 2.0
488 486 1.0
486 488 1.0
488 487 1.0
487 488 1.0
489 233 1.0
233 489 1.0
489 361 2.0
361 489 2.0
489 425 1.0
425 489 1.0
489 457 2.0
457 489 2.0
489 481 1.0
481 489 1.0
490 234 1.0
234 490 1.0
490 362 2.0
362 490 2.0
490 426 1.0
426 490 1.0
490 458 1.0
458 490 1.0
490 482 1.0
482 490 1.0
490 489 1.0
489 490 1.0
491 235 1.0
235 491 1.0
491 363 1.0
363 491 1.0
491 427 1.0
427 491 1.0
491 459 1.0
459 491 1.0
491 483 1.0
483 491 1.0
491 489 1.0
489 491 1.0
492 236 1.0
236 492 1.0
492 364 1.0
364 492 1.0
492 428 2.0
428 492 2.0
492 460 1.0
460 492 1.0
492 484 2.0
484 492 2.0
492 490 1.0
490 492 1.0
492 491 1.0
491 492 1.0
493 237 2.0
237 493 2.0
493 365 1.0
365 493 1.0
493 429 1.0
429 493 1.0
493 461 1.0
461 493 1.0
493 485 2.0
485 493 2.0
493 489 1.0
489 493 1.0
494 238 1.0
238 494 1.0
494 366 1.0
366 494 1.0
494 430 2.0
430 494 2.0
494 462 1.0
462 494 1.0
494 486 1.0
486 494 1.0
494 490 1.0
490 494 1.0
494 493 1.0
493 494 1.0
495 239 1.0
239 495 1.0
495 367 1.0
367 495 1.0
495 431 2.0
431 495 2.0
495 463 1.0
463 495 1.0
495 487 1.0
487 495 1.0
495 491 1.0
491 495 1.0
495 493 1.0
493 495 1.0
496 240 1.0
240 496 1.0
496 368 1.0
368 496 1.0
496 432 1.0
432 496 1.0
496 464 1.0
464 496 1.0
496 488 1.0
488 496 1.0
496 492 1.0
492 496 1.0
496 494 1.0
494 496 1.0
496 495 1.0
495 496 1.0
497 241 1.0
241 497 1.0
497 369 1.0
369 497 1.0
497 433 2.0
433 497 2.0
497 465 1.0
465 497 1.0
497 481 1.0
481 497 1.0
498 242 1.0
242 498 1.0
498 370 1.0
370 498 1.0
498 434 1.0
434 498 1.0
498 466 1.0
466 498 1.0
498 482 1.0
482 498 1.0
498 497 1.0
497 498 1.0
499 243 1.0
243 499 1.0
499 371 1.0
371 499 1.0
499 435 1.0
435 499 1.0
499 467 1.0
467 499 1.0
499 483 1.0
483 499 1.0
499 497 1.0
497 499 1.0
500 244 1.0
244 500 1.0
500 372 1.0
372 500 1.0
500 436 1.0
436 500 1.0
500 468 1.0
468 500 1.0
500 484 2.0
484 500 2.0
500 498 1.0
498 500 1.0
500 499 1.0
499 500 1.0
501 245 1.0
245 501 1.0
501 373 1.0
373 501 1.0
501 437 1.0
437 501 1.0
501 469 2.0
469 501 2.0
501 485 2.0
485 501 2.0
501 497 1.0
497 501 1.0
502 246 2.0
246 502 2.0
502 374 2.0
374 502 2.0
502 438 2.0
438 502 2.0
502 470 2.0
470 502 2.0
502 486 2.0
486 502 2.0
502 498 2.0
498 502 2.0
502 501 2.0
501 502 2.0
503 247 1.0
247 503 1.0
503 375 2.0
375 503 2.0
503 439 1.0
439 503 1.0
503 471 1.0
471 503 1.0
503 487 1.0
487 503 1.0
503 499 1.0
499 503 1.0
503 501 1.0
501 503 1.0
504 248 1.0
248 504 1.0
504 376 1.0
376 504 1.0
504 440 2.0
440 504 2.0
504 472 1.0
472 504 1.0
504 488 1.0
488 504 1.0
504 500 1.0
500 504 1.0
504 502 2.0
502 504 2.0
504 503 1.0
503 504 1.0
505 249 1.0
249 505 1.0
505 377 1.0
377 505 1.0
505 441 1.0
441 505 1.0
505 473 1.0
473 505 1.0
505 489 1.0
489 505 1.0
505 497 1.0
497 505 1.0
506 250 1.0
250 506 1.0
506 378 1.0
378 506 1.0
506 442 1.0
442 506 1.0
506 474 1.0
474 506 1.0
506 490 1.0
490 506 1.0
506 498 1.0
498 506 1.0
506 505 1.0
505 506 1.0
507 251 2.0
251 507 2.0
507 379 2.0
379 507 2.0
507 443 2.0
443 507 2.0
507 475 2.0
475 507 2.0
507 491 2.0
491 507 2.0
507 499 2.0
499 507 2.0
507 505 2.0
505 507 2.0
508 252 1.0
252 508 1.0
508 380 1.0
380 508 1.0
508 444 1.0
444 508 1.0
508 476 2.0
476 508 2.0
508 492 1.0
492 508 1.0
508 500 1.0
500 508 1.0
508 506 1.0
506 508 1.0
508 507 2.0
507 508 2.0
509 253 1.0
253 509 1.0
509 381 1.0
381 509 1.0
509 445 1.0
445 509 1.0
509 477 1.0
477 509 1.0
509 493 1.0
493 509 1.0
509 501 1.0
501 509 1.0
509 505 1.0
505 509 1.0
510 254 2.0
254 510 2.0
510 382 2.0
382 510 2.0
510 446 2.0
446 510 2.0
510 478 2.0
478 510 2.0
510 494 2.0
494 510 2.0
510 502 3.0
502 510 3.0
510 506 2.0
506 510 2.0
510 509 2.0
509 510 2.0
511 255 1.0
255 511 1.0
511 383 1.0
383 511 1.0
511 447 1.0
447 511 1.0
511 479 1.0
479 511 1.0
511 495 1.0
495 511 1.0
511 503 1.0
503 511 1.0
511 507 2.0
507 511 2.0
511 509 1.0
509 511 1.0
512 256 1.0
256 512 1.0
512 384 1.0
384 512 1.0
512 448 1.0
448 512 1.0
512 480 1.0
480 512 1.0
512 496 1.0
496 512 1.0
512 504 1.0
504 512 1.0
512 508 1.0
508 512 1.0
512 510 2.0
510 512 2.0
512 511 1.0
511 512 1.0
513 1 1.0
1 513 1.0
514 2 1.0
2 514 1.0
514 513 1.0
513 514 1.0
515 3 1.0
3 515 1.0
515 513 1.0
513 515 1.0
516 4 1.0
4 516 1.0
516 514 1.0
514 516 1.0
516 515 1.0
515 516 1.0
517 5 2.0
5 517 2.0
517 513 1.0
513 517 1.0
518 6 1.0
6 518 1.0
518 514 1.0
514 518 1.0
518 517 1.0
517 518 1.0
519 7 1.0
7 519 1.0
519 515 1.0
515 519 1.0
519 517 1.0
517 519 1.0
520 8 1.0
8 520 1.0
520 516 1.0
516 520 1.0
520 518 1.0
518 520 1.0
520 519 1.0
519 520 1.0
521 9 1.0
9 521 1.0
521 513 1.0
513 521 1.0
522 10 1.0
10 522 1.0
522 514 1.0
514 522 1.0
522 521 1.0
521 522 1.0
523 11 2.0
11 523 2.0
523 515 2.0
515 523 2.0
523 521 2.0
521 523 2.0
524 12 1.0
12 524 1.0
524 516 1.0
516 524 1.0
524 522 1.0
522 524 1.0
524 523 2.0
523 524 2.0
525 13 1.0
13 525 1.0
525 517 1.0
517 525 1.0
525 521 1.0
521 525 1.0
526 14 1.0
14 526 1.0
526 518 1.0
518 526 1.0
526 522 1.0
522 526 1.0
526 525 1.0
525 526 1.0
527 15 1.0
15 527 1.0
527 519 1.0
519 527 1.0
527 523 2.0
523 527 2.0
527 525 1.0
525 527 1.0
528 16 1.0
16 528 1.0
528 520 1.0
520 528 1.0
528 524 1.0
524 528 1.0
528 526 1.0
526 528 1.0
528 527 1.0
527 528 1.0
529 17 1.0
17 529 1.0
529 513 1.0
513 529 1.0
530 18 1.0
18 530 1.0
530 514 1.0
514 530 1.0
530 529 1.0
529 530 1.0
531 19 1.0
19 531 1.0
531 515 1.0
515 531 1.0
531 529 1.0
529 531 1.0
532 20 2.0
20 532 2.0
532 516 1.0
516 532 1.0
532 530 1.0
530 532 1.0
532 531 1.0
531 532 1.0
533 21 1.0
21 533 1.0
533 517 1.0
517 533 1.0
533 529 1.0
529 533 1.0
534 22 2.0
22 534 2.0
534 518 2.0
518 534 2.0
534 530 2.0
530 534 2.0
534 533 2.0
533 534 2.0
535 23 1.0
23 535 1.0
535 519 1.0
519 535 1.0
535 531 1.0
531 535 1.0
535 533 1.0
533 535 1.0
536 24 1.0
24 536 1.0
536 520 1.0
520 536 1.0
536 532 1.0
532 536 1.0
536 534 2.0
534 536 2.0
536 535 1.0
535 536 1.0
537 25 2.0
25 537 2.0
537 521 1.0
521 537 1.0
537 529 1.0
529 537 1.0
538 26 1.0
26 538 1.0
538 522 1.0
522 538 1.0
538 530 1.0
530 538 1.0
538 537 1.0
537 538 1.0
539 27 1.0
27 539 1.0
539 523 2.0
523 539 2.0
539 531 1.0
531 539 1.0
539 537 1.0
537 539 1.0
540 28 1.0
28 540 1.0
540 524 1.0
524 540 1.0
540 532 1.0
532 540 1.0
540 538 1.0
538 540 1.0
540 539 1.0
539 540 1.0
541 29 1.0
29 541 1.0
541 525 1.0
525 541 1.0
541 533 1.0
533 541 1.0
541 537 1.0
537 541 1.0
542 30 1.0
30 542 1.0
542 526 1.0
526 542 1.0
542 534 2.0
534 542 2.0
542 538 1.0
538 542 1.0
542 541 1.0
541 542 1.0
543 31 1.0
31 543 1.0
543 527 1.0
527 543 1.0
543 535 1.0
535 543 1.0
543 539 1.0
539 543 1.0
543 541 1.0
541 543 1.0
544 32 1.0
32 544 1.0
544 528 1.0
528 544 1.0
544 536 1.0
536 544 1.0
544 540 1.0
540 544 1.0
544 542 1.0
542 544 1.0
544 543 1.0
543 544 1.0
545 33 2.0
33 545 2.0
545 513 2.0
513 545 2.0
546 34 2.0
34 546 2.0
546 514 1.0
514 546 1.0
546 545 2.0
545 546 2.0
547 35 1.0
35 547 1.0
547 515 1.0
515 547 1.0
547 545 2.0
545 547 2.0
548 36 1.0
36 548 1.0
548 516 1.0
516 548 1.0
548 546 1.0
546 548 1.0
548 547 1.0
547 548 1.0
549 37 1.0
37 549 1.0
549 517 1.0
517 549 1.0
549 545 2.0
545 549 2.0
550 38 1.0
38 550 1.0
550 518 1.0
518 550 1.0
550 546 1.0
546 550 1.0
550 549 1.0
549 550 1.0
551 39 1.0
39 551 1.0
551 519 1.0
519 551 1.0
551 547 1.0
547 551 1.0
551 549 1.0
549 551 1.0
552 40 2.0
40 552 2.0
552 520 2.0
520 552 2.0
552 548 2.0
548 552 2.0
552 550 2.0
550 552 2.0
552 551 2.0
551 552 2.0
553 41 1.0
41 553 1.0
553 521 1.0
521 553 1.0
553 545 2.0
545 553 2.0
554 42 1.0
42 554 1.0
554 522 1.0
522 554 1.0
554 546 1.0
546 554 1.0
554 553 1.0
553 554 1.0
555 43 2.0
43 555 2.0
555 523 2.0
523 555 2.0
555 547 1.0
547 555 1.0
555 553 1.0
553 555 1.0
556 44 2.0
44 556 2.0
556 524 1.0
524 556 1.0
556 548 1.0
548 556 1.0
556 554 1.0
554 556 1.0
556 555 1.0
555 556 1.0
557 45 1.0
45 557 1.0
557 525 1.0
525 557 1.0
557 549 1.0
549 557 1.0
557 553 1.0
553 557 1.0
558 46 1.0
46 558 1.0
558 526 1.0
526 558 1.0
558 550 1.0
550 558 1.0
558 554 1.0
554 558 1.0
558 557 1.0
557 558 1.0
559 47 1.0
47 559 1.0
559 527 1.0
527 559 1.0
559 551 1.0
551 559 1.0
559 555 1.0
555 559 1.0
559 557 1.0
557 559 1.0
560 48 1.0
48 560 1.0
560 528 1.0
528 560 1.0
560 552 2.0
552 560 2.0
560 556 1.0
556 560 1.0
560 558 1.0
558 560 1.0
560 559 1.0
559 560 1.0
561 49 1.0
49 561 1.0
561 529 1.0
529 561 1.0
561 545 2.0
545 561 2.0
562 50 1.0
50 562 1.0
562 530 1.0
530 562 1.0
562 546 1.0
546 562 1.0
562 561 1.0
561 562 1.0
563 51 1.0
51 563 1.0
563 531 1.0
531 563 1.0
563 547 1.0
547 563 1.0
563 561 1.0
561 563 1.0
564 52 2.0
52 564 2.0
564 532 2.0
532 564 2.0
564 548 2.0
548 564 2.0
564 562 2.0
562 564 2.0
564 563 2.0
563 564 2.0
565 53 1.0
53 565 1.0
565 533 1.0
533 565 1.0
565 549 1.0
549 565 1.0
565 561 1.0
561 565 1.0
566 54 1.0
54 566 1.0
566 534 2.0
534 566 2.0
566 550 1.0
550 566 1.0
566 562 1.0
562 566 1.0
566 565 1.0
565 566 1.0
567 55 1.0
55 567 1.0
567 535 1.0
535 567 1.0
567 551 1.0
551 567 1.0
567 563 1.0
563 567 1.0
567 565 1.0
565 567 1.0
568 56 1.0
56 568 1.0
568 536 1.0
536 568 1.0
568 552 2.0
552 568 2.0
568 564 2.0
564 568 2.0
568 566 1.0
566 568 1.0
568 567 1.0
567 568 1.0
569 57 1.0
57 569 1.0
569 537 1.0
537 569 1.0
569 553 1.0
553 569 1.0
569 561 1.0
561 569 1.0
570 58 1.0
58 570 1.0
570 538 1.0
538 570 1.0
570 554 1.0
554 570 1.0
570 562 1.0
562 570 1.0
570 569 1.0
569 570 1.0
571 59 1.0
59 571 1.0
571 539 1.0
539 571 1.0
571 555 1.0
555 571 1.0
571 563 1.0
563 571 1.0
571 569 1.0
569 571 1.0
572 60 2.0
60 572 2.0
572 540 1.0
540 572 1.0
572 556 1.0
556 572 1.0
572 564 2.0
564 572 2.0
572 570 1.0
570 572 1.0
572 571 1.0
571 572 1.0
573 61 1.0
61 573 1.0
573 541 1.0
541 573 1.0
573 557 1.0
557 573 1.0
573 565 1.0
565 573 1.0
573 569 1.0
569 573 1.0
574 62 2.0
62 574 2.0
574 542 1.0
542 574 1.0
574 558 1.0
558 574 1.0
574 566 1.0
566 574 1.0
574 570 1.0
570 574 1.0
574 573 1.0
573 574 1.0
575 63 2.0
63 575 2.0
575 543 2.0
543 575 2.0
575 559 2.0
559 575 2.0
575 567 2.0
567 575 2.0
575 571 2.0
571 575 2.0
575 573 2.0
573 575 2.0
576 64 1.0
64 576 1.0
576 544 1.0
544 576 1.0
576 560 1.0
560 576 1.0
576 568 1.0
568 576 1.0
576 572 1.0
572 576 1.0
576 574 1.0
574 576 1.0
576 575 2.0
575 576 2.0
577 65 1.0
65 577 1.0
577 513 1.0
513 577 1.0
578 66 2.0
66 578 2.0
578 514 2.0
514 578 2.0
578 577 2.0
577 578 2.0
579 67 2.0
67 579 2.0
579 515 1.0
515 579 1.0
579 577 1.0
577 579 1.0
580 68 1.0
68 580 1.0
580 516 1.0
516 580 1.0
580 578 2.0
578 580 2.0
580 579 1.0
579 580 1.0
581 69 1.0
69 581 1.0
581 517 1.0
517 581 1.0
581 577 1.0
577 581 1.0
582 70 1.0
70 582 1.0
582 518 1.0
518 582 1.0
582 578 2.0
578 582 2.0
582 581 1.0
581 582 1.0
583 71 2.0
71 583 2.0
583 519 2.0
519 583 2.0
583 579 2.0
579 583 2.0
583 581 2.0
581 583 2.0
584 72 1.0
72 584 1.0
584 520 1.0
520 584 1.0
584 580 1.0
580 584 1.0
584 582 1.0
582 584 1.0
584 583 2.0
583 584 2.0
585 73 1.0
73 585 1.0
585 521 1.0
521 585 1.0
585 577 1.0
577 585 1.0
586 74 1.0
74 586 1.0
586 522 1.0
522 586 1.0
586 578 2.0
578 586 2.0
586 585 1.0
585 586 1.0
587 75 1.0
75 587 1.0
587 523 2.0
523 587 2.0
587 579 1.0
579 587 1.0
587 585 1.0
585 587 1.0
588 76 1.0
76 588 1.0
588 524 1.0
524 588 1.0
588 580 1.0
580 588 1.0
588 586 1.0
586 588 1.0
588 587 1.0
587 588 1.0
589 77 2.0
77 589 2.0
589 525 2.0
525 589 2.0
589 581 2.0
581 589 2.0
589 585 2.0
585 589 2.0
590 78 2.0
78 590 2.0
590 526 1.0
526 590 1.0
590 582 1.0
582 590 1.0
590 586 1.0
586 590 1.0
590 589 2.0
589 590 2.0
591 79 1.0
79 591 1.0
591 527 1.0
527 591 1.0
591 583 2.0
583 591 2.0
591 587 1.0
587 591 1.0
591 589 2.0
589 591 2.0
592 80 2.0
80 592 2.0
592 528 2.0
528 592 2.0
592 584 2.0
584 592 2.0
592 588 2.0
588 592 2.0
592 590 2.0
590 592 2.0
592 591 2.0
591 592 2.0
593 81 1.0
81 593 1.0
593 529 1.0
529 593 1.0
593 577 1.0
577 593 1.0
594 82 1.0
82 594 1.0
594 530 1.0
530 594 1.0
594 578 2.0
578 594 2.0
594 593 1.0
593 594 1.0
595 83 1.0
83 595 1.0
595 531 1.0
531 595 1.0
595 579 1.0
579 595 1.0
595 593 1.0
593 595 1.0
596 84 1.0
84 596 1.0
596 532 1.0
532 596 1.0
596 580 1.0
580 596 1.0
596 594 1.0
594 596 1.0
596 595 1.0
595 596 1.0
597 85 1.0
85 597 1.0
597 533 1.0
533 597 1.0
597 581 1.0
581 597 1.0
597 593 1.0
593 597 1.0
598 86 1.0
86 598 1.0
598 534 2.0
534 598 2.0
598 582 1.0
582 598 1.0
598 594 1.0
594 598 1.0
598 597 1.0
597 598 1.0
599 87 1.0
87 599 1.0
599 535 1.0
535 599 1.0
599 583 2.0
583 599 2.0
599 595 1.0
595 599 1.0
599 597 1.0
597 599 1.0
600 88 2.0
88 600 2.0
600 536 2.0
536 600 2.0
600 584 2.0
584 600 2.0
600 596 2.0
596 600 2.0
600 598 2.0
598 600 2.0
600 599 2.0
599 600 2.0
601 89 1.0
89 601 1.0
601 537 1.0
537 601 1.0
601 585 1.0
585 601 1.0
601 593 1.0
593 601 1.0
602 90 2.0
90 602 2.0
602 538 2.0
538 602 2.0
602 586 2.0
586 602 2.0
602 594 2.0
594 602 2.0
602 601 2.0
601 602 2.0
603 91 1.0
91 603 1.0
603 539 1.0
539 603 1.0
603 587 1.0
587 603 1.0
603 595 1.0
595 603 1.0
603 601 1.0
601 603 1.0
604 92 1.0
92 604 1.0
604 540 1.0
540 604 1.0
604 588 1.0
588 604 1.0
604 596 1.0
596 604 1.0
604 602 2.0
602 604 2.0
604 603 1.0
603 604 1.0
605 93 1.0
93 605 1.0
605 541 1.0
541 605 1.0
605 589 2.0
589 605 2.0
605 597 1.0
597 605 1.0
605 601 1.0
601 605 1.0
606 94 1.0
94 606 1.0
606 542 1.0
542 606 1.0
606 590 1.0
590 606 1.0
606 598 1.0
598 606 1.0
606 602 2.0
602 606 2.0
606 605 1.0
605 606 1.0
607 95 2.0
95 607 2.0
607 543 1.0
543 607 1.0
607 591 1.0
591 607 1.0
607 599 1.0
599 607 1.0
607 603 1.0
603 607 1.0
607 605 1.0
605 607 1.0
608 96 2.0
96 608 2.0
608 544 1.0
544 608 1.0
608 592 2.0
592 608 2.0
608 600 2.0
600 608 2.0
608 604 1.0
604 608 1.0
608 606 1.0
606 608 1.0
608 607 1.0
607 608 1.0
609 97 1.0
97 609 1.0
609 545 2.0
545 609 2.0
609 577 1.0
577 609 1.0
610 98 1.0
98 610 1.0
610 546 1.0
546 610 1.0
610 578 2.0
578 610 2.0
610 609 1.0
609 610 1.0
611 99 2.0
99 611 2.0
611 547 1.0
547 611 1.0
611 579 1.0
579 611 1.0
611 609 1.0
609 611 1.0
612 100 1.0
100 612 1.0
612 548 1.0
548 612 1.0
612 580 1.0
580 612 1.0
612 610 1.0
610 612 1.0
612 611 1.0
611 612 1.0
613 101 1.0
101 613 1.0
613 549 1.0
549 613 1.0
613 581 1.0
581 613 1.0
613 609 1.0
609 613 1.0
614 102 1.0
102 614 1.0
614 550 1.0
550 614 1.0
614 582 1.0
582 614 1.0
614 610 1.0
610 614 1.0
614 613 1.0
613 614 1.0
615 103 1.0
103 615 1.0
615 551 1.0
551 615 1.0
615 583 2.0
583 615 2.0
615 611 1.0
611 615 1.0
615 613 1.0
613 615 1.0
616 104 1.0
104 616 1.0
616 552 2.0
552 616 2.0
616 584 1.0
584 616 1.0
616 612 1.0
612 616 1.0
616 614 1.0
614 616 1.0
616 615 1.0
615 616 1.0
617 105 2.0
105 617 2.0
617 553 1.0
553 617 1.0
617 585 1.0
585 617 1.0
617 609 1.0
609 617 1.0
618 106 1.0
106 618 1.0
618 554 1.0
554 618 1.0
618 586 1.0
586 618 1.0
618 610 1.0
610 618 1.0
618 617 1.0
617 618 1.0
619 107 1.0
107 619 1.0
619 555 1.0
555 619 1.0
619 587 1.0
587 619 1.0
619 611 1.0
611 619 1.0
619 617 1.0
617 619 1.0
620 108 2.0
108 620 2.0
620 556 1.0
556 620 1.0
620 588 1.0
588 620 1.0
620 612 1.0
612 620 1.0
620 618 1.0
618 620 1.0
620 619 1.0
619 620 1.0
621 109 1.0
109 621 1.0
621 557 1.0
557 621 1.0
621 589 2.0
589 621 2.0
621 613 1.0
613 621 1.0
621 617 1.0
617 621 1.0
622 110 1.0
110 622 1.0
622 558 1.0
558 622 1.0
622 590 1.0
590 622 1.0
622 614 1.0
614 622 1.0
622 618 1.0
618 622 1.0
622 621 1.0
621 622 1.0
623 111 1.0
111 623 1.0
623 559 1.0
559 623 1.0
623 591 1.0
591 623 1.0
623 615 1.0
615 623 1.0
623 619 1.0
619 623 1.0
623 621 1.0
621 623 1.0
624 112 1.0
112 624 1.0
624 560 1.0
560 624 1.0
624 592 2.0
592 624 2.0
624 616 1.0
616 624 1.0
624 620 1.0
620 624 1.0
624 622 1.0
622 624 1.0
624 623 1.0
623 624 1.0
625 113 2.0
113 625 2.0
625 561 1.0
561 625 1.0
625 593 1.0
593 625 1.0
625 609 1.0
609 625 1.0
626 114 1.0
114 626 1.0
626 562 1.0
562 626 1.0
626 594 1.0
594 626 1.0
626 610 1.0
610 626 1.0
626 625 1.0
625 626 1.0
627 115 1.0
115 627 1.0
627 563 1.0
563 627 1.0
627 595 1.0
595 627 1.0
627 611 1.0
611 627 1.0
627 625 1.0
625 627 1.0
628 116 2.0
116 628 2.0
628 564 3.0
564 628 3.0
628 596 2.0
596 628 2.0
628 612 2.0
612 628 2.0
628 626 2.0
626 628 2.0
628 627 2.0
627 628 2.0
629 117 2.0
117 629 2.0
629 565 1.0
565 629 1.0
629 597 1.0
597 629 1.0
629 613 1.0
613 629 1.0
629 625 1.0
625 629 1.0
630 118 1.0
118 630 1.0
630 566 1.0
566 630 1.0
630 598 1.0
598 630 1.0
630 614 1.0
614 630 1.0
630 626 1.0
626 630 1.0
630 629 1.0
629 630 1.0
631 119 2.0
119 631 2.0
631 567 2.0
567 631 2.0
631 599 2.0
599 631 2.0
631 615 2.0
615 631 2.0
631 627 2.0
627 631 2.0
631 629 2.0
629 631 2.0
632 120 1.0
120 632 1.0
632 568 1.0
568 632 1.0
632 600 2.0
600 632 2.0
632 616 1.0
616 632 1.0
632 628 2.0
628 632 2.0
632 630 1.0
630 632 1.0
632 631 2.0
631 632 2.0
633 121 1.0
121 633 1.0
633 569 1.0
569 633 1.0
633 601 1.0
601 633 1.0
633 617 1.0
617 633 1.0
633 625 1.0
625 633 1.0
634 122 1.0
122 634 1.0
634 570 1.0
570 634 1.0
634 602 2.0
602 634 2.0
634 618 1.0
618 634 1.0
634 626 1.0
626 634 1.0
634 633 1.0
633 634 1.0
635 123 1.0
123 635 1.0
635 571 1.0
571 635 1.0
635 603 1.0
603 635 1.0
635 619 1.0
619 635 1.0
635 627 1.0
627 635 1.0
635 633 1.0
633 635 1.0
636 124 1.0
124 636 1.0
636 572 1.0
572 636 1.0
636 604 1.0
604 636 1.0
636 620 1.0
620 636 1.0
636 628 2.0
628 636 2.0
636 634 1.0
634 636 1.0
636 635 1.0
635 636 1.0
637 125 1.0
125 637 1.0
637 573 1.0
573 637 1.0
637 605 1.0
605 637 1.0
637 621 1.0
621 637 1.0
637 629 1.0
629 637 1.0
637 633 1.0
633 637 1.0
638 126 1.0
126 638 1.0
638 574 1.0
574 638 1.0
638 606 1.0
606 638 1.0
638 622 1.0
622 638 1.0
638 630 1.0
630 638 1.0
638 634 1.0
634 638 1.0
638 637 1.0
637 638 1.0
639 127 1.0
127 639 1.0
639 575 2.0
575 639 2.0
639 607 1.0
607 639 1.0
639 623 1.0
623 639 1.0
639 631 2.0
631 639 2.0
639 635 1.0
635 639 1.0
639 637 1.0
637 639 1.0
640 128 1.0
128 640 1.0
640 576 1.0
576 640 1.0
640 608 1.0
608 640 1.0
640 624 1.0
624 640 1.0
640 632 1.0
632 640 1.0
640 636 1.0
636 640 1.0
640 638 1.0
638 640 1.0
640 639 1.0
639 640 1.0
641 129 1.0
129 641 1.0
641 513 1.0
513 641 1.0
642 130 1.0
130 642 1.0
642 514 1.0
514 642 1.0
642 641 1.0
641 642 1.0
643 131 1.0
131 643 1.0
643 515 1.0
515 643 1.0
643 641 1.0
641 643 1.0
644 132 2.0
132 644 2.0
644 516 1.0
516 644 1.0
644 642 1.0
642 644 1.0
644 643 1.0
643 644 1.0
645 133 2.0
133 645 2.0
645 517 1.0
517 645 1.0
645 641 1.0
641 645 1.0
646 134 1.0
134 646 1.0
646 518 1.0
518 646 1.0
646 642 1.0
642 646 1.0
646 645 1.0
645 646 1.0
647 135 1.0
135 647 1.0
647 519 1.0
519 647 1.0
647 643 1.0
643 647 1.0
647 645 1.0
645 647 1.0
648 136 2.0
136 648 2.0
648 520 2.0
520 648 2.0
648 644 2.0
644 648 2.0
648 646 2.0
646 648 2.0
648 647 2.0
647 648 2.0
649 137 1.0
137 649 1.0
649 521 1.0
521 649 1.0
649 641 1.0
641 649 1.0
650 138 2.0
138 650 2.0
650 522 2.0
522 650 2.0
650 642 2.0
642 650 2.0
650 649 2.0
649 650 2.0
651 139 1.0
139 651 1.0
651 523 2.0
523 651 2.0
651 643 1.0
643 651 1.0
651 649 1.0
649 651 1.0
652 140 1.0
140 652 1.0
652 524 1.0
524 652 1.0
652 644 1.0
644 652 1.0
652 650 2.0
650 652 2.0
652 651 1.0
651 652 1.0
653 141 1.0
141 653 1.0
653 525 1.0
525 653 1.0
653 645 1.0
645 653 1.0
653 649 1.0
649 653 1.0
654 142 1.0
142 654 1.0
654 526 1.0
526 654 1.0
654 646 1.0
646 654 1.0
654 650 2.0
650 654 2.0
654 653 1.0
653 654 1.0
655 143 1.0
143 655 1.0
655 527 1.0
527 655 1.0
655 647 1.0
647 655 1.0
655 651 1.0
651 655 1.0
655 653 1.0
653 655 1.0
656 144 2.0
144 656 2.0
656 528 1.0
528 656 1.0
656 648 2.0
648 656 2.0
656 652 1.0
652 656 1.0
656 654 1.0
654 656 1.0
656 655 1.0
655 656 1.0
657 145 1.0
145 657 1.0
657 529 1.0
529 657 1.0
657 641 1.0
641 657 1.0
658 146 1.0
146 658 1.0
658 530 1.0
530 658 1.0
658 642 1.0
642 658 1.0
658 657 1.0
657 658 1.0
659 147 1.0
147 659 1.0
659 531 1.0
531 659 1.0
659 643 1.0
643 659 1.0
659 657 1.0
657 659 1.0
660 148 1.0
148 660 1.0
660 532 1.0
532 660 1.0
660 644 1.0
644 660 1.0
660 658 1.0
658 660 1.0
660 659 1.0
659 660 1.0
661 149 1.0
149 661 1.0
661 533 1.0
533 661 1.0
661 645 1.0
645 661 1.0
661 657 1.0
657 661 1.0
662 150 2.0
150 662 2.0
662 534 3.0
534 662 3.0
662 646 2.0
646 662 2.0
662 658 2.0
658 662 2.0
662 661 2.0
661 662 2.0
663 151 1.0
151 663 1.0
663 535 1.0
535 663 1.0
663 647 1.0
647 663 1.0
663 659 1.0
659 663 1.0
663 661 1.0
661 663 1.0
664 152 1.0
152 664 1.0
664 536 1.0
536 664 1.0
664 648 2.0
648 664 2.0
664 660 1.0
660 664 1.0
664 662 2.0
662 664 2.0
664 663 1.0
663 664 1.0
665 153 2.0
153 665 2.0
665 537 1.0
537 665 1.0
665 649 1.0
649 665 1.0
665 657 1.0
657 665 1.0
666 154 1.0
154 666 1.0
666 538 1.0
538 666 1.0
666 650 2.0
650 666 2.0
666 658 1.0
658 666 1.0
666 665 1.0
665 666 1.0
667 155 1.0
155 667 1.0
667 539 1.0
539 667 1.0
667 651 1.0
651 667 1.0
667 659 1.0
659 667 1.0
667 665 1.0
665 667 1.0
668 156 2.0
156 668 2.0
668 540 2.0
540 668 2.0
668 652 2.0
652 668 2.0
668 660 2.0
660 668 2.0
668 666 2.0
666 668 2.0
668 667 2.0
667 668 2.0
669 157 1.0
157 669 1.0
669 541 1.0
541 669 1.0
669 653 1.0
653 669 1.0
669 661 1.0
661 669 1.0
669 665 1.0
665 669 1.0
670 158 1.0
158 670 1.0
670 542 1.0
542 670 1.0
670 654 1.0
654 670 1.0
670 662 2.0
662 670 2.0
670 666 1.0
666 670 1.0
670 669 1.0
669 670 1.0
671 159 1.0
159 671 1.0
671 543 1.0
543 671 1.0
671 655 1.0
655 671 1.0
671 663 1.0
663 671 1.0
671 667 1.0
667 671 1.0
671 669 1.0
669 671 1.0
672 160 1.0
160 672 1.0
672 544 1.0
544 672 1.0
672 656 1.0
656 672 1.0
672 664 1.0
664 672 1.0
672 668 2.0
668 672 2.0
672 670 1.0
670 672 1.0
672 671 1.0
671 672 1.0
673 161 1.0
161 673 1.0
673 545 2.0
545 673 2.0
673 641 1.0
641 673 1.0
674 162 1.0
162 674 1.0
674 546 1.0
546 674 1.0
674 642 1.0
642 674 1.0
674 673 1.0
673 674 1.0
675 163 2.0
163 675 2.0
675 547 2.0
547 675 2.0
675 643 2.0
643 675 2.0
675 673 2.0
673 675 2.0
676 164 1.0
164 676 1.0
676 548 1.0
548 676 1.0
676 644 1.0
644 676 1.0
676 674 1.0
674 676 1.0
676 675 2.0
675 676 2.0
677 165 1.0
165 677 1.0
677 549 1.0
549 677 1.0
677 645 1.0
645 677 1.0
677 673 1.0
673 677 1.0
678 166 1.0
166 678 1.0
678 550 1.0
550 678 1.0
678 646 1.0
646 678 1.0
678 674 1.0
674 678 1.0
678 677 1.0
677 678 1.0
679 167 1.0
167 679 1.0
679 551 1.0
551 679 1.0
679 647 1.0
647 679 1.0
679 675 2.0
675 679 2.0
679 677 1.0
677 679 1.0
680 168 1.0
168 680 1.0
680 552 2.0
552 680 2.0
680 648 2.0
648 680 2.0
680 676 1.0
676 680 1.0
680 678 1.0
678 680 1.0
680 679 1.0
679 680 1.0
681 169 1.0
169 681 1.0
681 553 1.0
553 681 1.0
681 649 1.0
649 681 1.0
681 673 1.0
673 681 1.0
682 170 1.0
170 682 1.0
682 554 1.0
554 682 1.0
682 650 2.0
650 682 2.0
682 674 1.0
674 682 1.0
682 681 1.0
681 682 1.0
683 171 2.0
171 683 2.0
683 555 1.0
555 683 1.0
683 651 1.0
651 683 1.0
683 675 2.0
675 683 2.0
683 681 1.0
681 683 1.0
684 172 1.0
172 684 1.0
684 556 1.0
556 684 1.0
684 652 1.0
652 684 1.0
684 676 1.0
676 684 1.0
684 682 1.0
682 684 1.0
684 683 1.0
683 684 1.0
685 173 2.0
173 685 2.0
685 557 2.0
557 685 2.0
685 653 2.0
653 685 2.0
685 677 2.0
677 685 2.0
685 681 2.0
681 685 2.0
686 174 1.0
174 686 1.0
686 558 1.0
558 686 1.0
686 654 1.0
654 686 1.0
686 678 1.0
678 686 1.0
686 682 1.0
682 686 1.0
686 685 2.0
685 686 2.0
687 175 1.0
175 687 1.0
687 559 1.0
559 687 1.0
687 655 1.0
655 687 1.0
687 679 1.0
679 687 1.0
687 683 1.0
683 687 1.0
687 685 2.0
685 687 2.0
688 176 1.0
176 688 1.0
688 560 1.0
560 688 1.0
688 656 1.0
656 688 1.0
688 680 1.0
680 688 1.0
688 684 1.0
684 688 1.0
688 686 1.0
686 688 1.0
688 687 1.0
687 688 1.0
689 177 1.0
177 689 1.0
689 561 1.0
561 689 1.0
689 657 1.0
657 689 1.0
689 673 1.0
673 689 1.0
690 178 1.0
178 690 1.0
690 562 1.0
562 690 1.0
690 658 1.0
658 690 1.0
690 674 1.0
674 690 1.0
690 689 1.0
689 690 1.0
691 179 1.0
179 691 1.0
691 563 1.0
563 691 1.0
691 659 1.0
659 691 1.0
691 675 2.0
675 691 2.0
691 689 1.0
689 691 1.0
692 180 1.0
180 692 1.0
692 564 2.0
564 692 2.0
692 660 1.0
660 692 1.0
692 676 1.0
676 692 1.0
692 690 1.0
690 692 1.0
692 691 1.0
691 692 1.0
693 181 1.0
181 693 1.0
693 565 1.0
565 693 1.0
693 661 1.0
661 693 1.0
693 677 1.0
677 693 1.0
693 689 1.0
689 693 1.0
694 182 1.0
182 694 1.0
694 566 1.0
566 694 1.0
694 662 2.0
662 694 2.0
694 678 1.0
678 694 1.0
694 690 1.0
690 694 1.0
694 693 1.0
693 694 1.0
695 183 2.0
183 695 2.0
695 567 1.0
567 695 1.0
695 663 1.0
663 695 1.0
695 679 1.0
679 695 1.0
695 691 1.0
691 695 1.0
695 693 1.0
693 695 1.0
696 184 2.0
184 696 2.0
696 568 1.0
568 696 1.0
696 664 1.0
664 696 1.0
696 680 1.0
680 696 1.0
696 692 1.0
692 696 1.0
696 694 1.0
694 696 1.0
696 695 1.0
695 696 1.0
697 185 1.0
185 697 1.0
697 569 1.0
569 697 1.0
697 665 1.0
665 697 1.0
697 681 1.0
681 697 1.0
697 689 1.0
689 697 1.0
698 186 2.0
186 698 2.0
698 570 1.0
570 698 1.0
698 666 1.0
666 698 1.0
698 682 1.0
682 698 1.0
698 690 1.0
690 698 1.0
698 697 1.0
697 698 1.0
699 187 1.0
187 699 1.0
699 571 1.0
571 699 1.0
699 667 1.0
667 699 1.0
699 683 1.0
683 699 1.0
699 691 1.0
691 699 1.0
699 697 1.0
697 699 1.0
700 188 1.0
188 700 1.0
700 572 1.0
572 700 1.0
700 668 2.0
668 700 2.0
700 684 1.0
684 700 1.0
700 692 1.0
692 700 1.0
700 698 1.0
698 700 1.0
700 699 1.0
699 700 1.0
701 189 2.0
189 701 2.0
701 573 2.0
573 701 2.0
701 669 2.0
669 701 2.0
701 685 3.0
685 701 3.0
701 693 2.0
693 701 2.0
701 697 2.0
697 701 2.0
702 190 1.0
190 702 1.0
702 574 1.0
574 702 1.0
702 670 1.0
670 702 1.0
702 686 1.0
686 702 1.0
702 694 1.0
694 702 1.0
702 698 1.0
698 702 1.0
702 701 2.0
701 702 2.0
703 191 1.0
191 703 1.0
703 575 2.0
575 703 2.0
703 671 1.0
671 703 1.0
703 687 1.0
687 703 1.0
703 695 1.0
695 703 1.0
703 699 1.0
699 703 1.0
703 701 2.0
701 703 2.0
704 192 1.0
192 704 1.0
704 576 1.0
576 704 1.0
704 672 1.0
672 704 1.0
704 688 1.0
688 704 1.0
704 696 1.0
696 704 1.0
704 700 1.0
700 704 1.0
704 702 1.0
702 704 1.0
704 703 1.0
703 704 1.0
705 193 1.0
193 705 1.0
705 577 1.0
577 705 1.0
705 641 1.0
641 705 1.0
706 194 1.0
194 706 1.0
706 578 2.0
578 706 2.0
706 642 1.0
642 706 1.0
706 705 1.0
705 706 1.0
707 195 2.0
195 707 2.0
707 579 2.0
579 707 2.0
707 643 2.0
643 707 2.0
707 705 2.0
705 707 2.0
708 196 1.0
196 708 1.0
708 580 1.0
580 708 1.0
708 644 1.0
644 708 1.0
708 706 1.0
706 708 1.0
708 707 2.0
707 708 2.0
709 197 1.0
197 709 1.0
709 581 1.0
581 709 1.0
709 645 1.0
645 709 1.0
709 705 1.0
705 709 1.0
710 198 1.0
198 710 1.0
710 582 1.0
582 710 1.0
710 646 1.0
646 710 1.0
710 706 1.0
706 710 1.0
710 709 1.0
709 710 1.0
711 199 1.0
199 711 1.0
711 583 2.0
583 711 2.0
711 647 1.0
647 711 1.0
711 707 2.0
707 711 2.0
711 709 1.0
709 711 1.0
712 200 1.0
200 712 1.0
712 584 1.0
584 712 1.0
712 648 2.0
648 712 2.0
712 708 1.0
708 712 1.0
712 710 1.0
710 712 1.0
712 711 1.0
711 712 1.0
713 201 2.0
201 713 2.0
713 585 1.0
585 713 1.0
713 649 1.0
649 713 1.0
713 705 1.0
705 713 1.0
714 202 1.0
202 714 1.0
714 586 1.0
586 714 1.0
714 650 2.0
650 714 2.0
714 706 1.0
706 714 1.0
714 713 1.0
713 714 1.0
715 203 1.0
203 715 1.0
715 587 1.0
587 715 1.0
715 651 1.0
651 715 1.0
715 707 2.0
707 715 2.0
715 713 1.0
713 715 1.0
716 204 1.0
204 716 1.0
716 588 1.0
588 716 1.0
716 652 1.0
652 716 1.0
716 708 1.0
708 716 1.0
716 714 1.0
714 716 1.0
716 715 1.0
715 716 1.0
717 205 1.0
205 717 1.0
717 589 2.0
589 717 2.0
717 653 1.0
653 717 1.0
717 709 1.0
709 717 1.0
717 713 1.0
713 717 1.0
718 206 1.0
206 718 1.0
718 590 1.0
590 718 1.0
718 654 1.0
654 718 1.0
718 710 1.0
710 718 1.0
718 714 1.0
714 718 1.0
718 717 1.0
717 718 1.0
719 207 1.0
207 719 1.0
719 591 1.0
591 719 1.0
719 655 1.0
655 719 1.0
719 711 1.0
711 719 1.0
719 715 1.0
715 719 1.0
719 717 1.0
717 719 1.0
720 208 1.0
208 720 1.0
720 592 2.0
592 720 2.0
720 656 1.0
656 720 1.0
720 712 1.0
712 720 1.0
720 716 1.0
716 720 1.0
720 718 1.0
718 720 1.0
720 719 1.0
719 720 1.0
721 209 1.0
209 721 1.0
721 593 1.0
593 721 1.0
721 657 1.0
657 721 1.0
721 705 1.0
705 721 1.0
722 210 2.0
210 722 2.0
722 594 1.0
594 722 1.0
722 658 1.0
658 722 1.0
722 706 1.0
706 722 1.0
722 721 1.0
721 722 1.0
723 211 2.0
211 723 2.0
723 595 2.0
595 723 2.0
723 659 2.0
659 723 2.0
723 707 3.0
707 723 3.0
723 721 2.0
721 723 2.0
724 212 2.0
212 724 2.0
724 596 1.0
596 724 1.0
724 660 1.0
660 724 1.0
724 708 1.0
708 724 1.0
724 722 1.0
722 724 1.0
724 723 2.0
723 724 2.0
725 213 1.0
213 725 1.0
725 597 1.0
597 725 1.0
725 661 1.0
661 725 1.0
725 709 1.0
709 725 1.0
725 721 1.0
721 725 1.0
726 214 1.0
214 726 1.0
726 598 1.0
598 726 1.0
726 662 2.0
662 726 2.0
726 710 1.0
710 726 1.0
726 722 1.0
722 726 1.0
726 725 1.0
725 726 1.0
727 215 1.0
215 727 1.0
727 599 1.0
599 727 1.0
727 663 1.0
663 727 1.0
727 711 1.0
711 727 1.0
727 723 2.0
723 727 2.0
727 725 1.0
725 727 1.0
728 216 1.0
216 728 1.0
728 600 2.0
600 728 2.0
728 664 1.0
664 728 1.0
728 712 1.0
712 728 1.0
728 724 1.0
724 728 1.0
728 726 1.0
726 728 1.0
728 727 1.0
727 728 1.0
729 217 1.0
217 729 1.0
729 601 1.0
601 729 1.0
729 665 1.0
665 729 1.0
729 713 1.0
713 729 1.0
729 721 1.0
721 729 1.0
730 218 1.0
218 730 1.0
730 602 2.0
602 730 2.0
730 666 1.0
666 730 1.0
730 714 1.0
714 730 1.0
730 722 1.0
722 730 1.0
730 729 1.0
729 730 1.0
731 219 1.0
219 731 1.0
731 603 1.0
603 731 1.0
731 667 1.0
667 731 1.0
731 715 1.0
715 731 1.0
731 723 2.0
723 731 2.0
731 729 1.0
729 731 1.0
732 220 1.0
220 732 1.0
732 604 1.0
604 732 1.0
732 668 2.0
668 732 2.0
732 716 1.0
716 732 1.0
732 724 1.0
724 732 1.0
732 730 1.0
730 732 1.0
732 731 1.0
731 732 1.0
733 221 1.0
221 733 1.0
733 605 1.0
605 733 1.0
733 669 1.0
669 733 1.0
733 717 1.0
717 733 1.0
733 725 1.0
725 733 1.0
733 729 1.0
729 733 1.0
734 222 2.0
222 734 2.0
734 606 2.0
606 734 2.0
734 670 2.0
670 734 2.0
734 718 2.0
718 734 2.0
734 726 2.0
726 734 2.0
734 730 2.0
730 734 2.0
734 733 2.0
733 734 2.0
735 223 2.0
223 735 2.0
735 607 1.0
607 735 1.0
735 671 1.0
671 735 1.0
735 719 1.0
719 735 1.0
735 727 1.0
727 735 1.0
735 731 1.0
731 735 1.0
735 733 1.0
733 735 1.0
736 224 1.0
224 736 1.0
736 608 1.0
608 736 1.0
736 672 1.0
672 736 1.0
736 720 1.0
720 736 1.0
736 728 1.0
728 736 1.0
736 732 1.0
732 736 1.0
736 734 2.0
734 736 2.0
736 735 1.0
735 736 1.0
737 225 1.0
225 737 1.0
737 609 1.0
609 737 1.0
737 673 1.0
673 737 1.0
737 705 1.0
705 737 1.0
738 226 2.0
226 738 2.0
738 610 1.0
610 738 1.0
738 674 1.0
674 738 1.0
738 706 1.0
706 738 1.0
738 737 1.0
737 738 1.0
739 227 1.0
227 739 1.0
739 611 1.0
611 739 1.0
739 675 2.0
675 739 2.0
739 707 2.0
707 739 2.0
739 737 1.0
737 739 1.0
740 228 1.0
228 740 1.0
740 612 1.0
612 740 1.0
740 676 1.0
676 740 1.0
740 708 1.0
708 740 1.0
740 738 1.0
738 740 1.0
740 739 1.0
739 740 1.0
741 229 1.0
229 741 1.0
741 613 1.0
613 741 1.0
741 677 1.0
677 741 1.0
741 709 1.0
709 741 1.0
741 737 1.0
737 741 1.0
742 230 2.0
230 742 2.0
742 614 2.0
614 742 2.0
742 678 2.0
678 742 2.0
742 710 2.0
710 742 2.0
742 738 2.0
738 742 2.0
742 741 2.0
741 742 2.0
743 231 1.0
231 743 1.0
743 615 1.0
615 743 1.0
743 679 1.0
679 743 1.0
743 711 1.0
711 743 1.0
743 739 1.0
739 743 1.0
743 741 1.0
741 743 1.0
744 232 2.0
232 744 2.0
744 616 1.0
616 744 1.0
744 680 1.0
680 744 1.0
744 712 1.0
712 744 1.0
744 740 1.0
740 744 1.0
744 742 2.0
742 744 2.0
744 743 1.0
743 744 1.0
745 233 1.0
233 745 1.0
745 617 1.0
617 745 1.0
745 681 1.0
681 745 1.0
745 713 1.0
713 745 1.0
745 737 1.0
737 745 1.0
746 234 1.0
234 746 1.0
746 618 1.0
618 746 1.0
746 682 1.0
682 746 1.0
746 714 1.0
714 746 1.0
746 738 1.0
738 746 1.0
746 745 1.0
745 746 1.0
747 235 1.0
235 747 1.0
747 619 1.0
619 747 1.0
747 683 1.0
683 747 1.0
747 715 1.0
715 747 1.0
747 739 1.0
739 747 1.0
747 745 1.0
745 747 1.0
748 236 2.0
236 748 2.0
748 620 2.0
620 748 2.0
748 684 2.0
684 748 2.0
748 716 2.0
716 748 2.0
748 740 2.0
740 748 2.0
748 746 2.0
746 748 2.0
748 747 2.0
747 748 2.0
749 237 2.0
237 749 2.0
749 621 1.0
621 749 1.0
749 685 2.0
685 749 2.0
749 717 1.0
717 749 1.0
749 741 1.0
741 749 1.0
749 745 1.0
745 749 1.0
750 238 1.0
238 750 1.0
750 622 1.0
622 750 1.0
750 686 1.0
686 750 1.0
750 718 1.0
718 750 1.0
750 742 2.0
742 750 2.0
750 746 1.0
746 750 1.0
750 749 1.0
749 750 1.0
751 239 1.0
239 751 1.0
751 623 1.0
623 751 1.0
751 687 1.0
687 751 1.0
751 719 1.0
719 751 1.0
751 743 1.0
743 751 1.0
751 747 1.0
747 751 1.0
751 749 1.0
749 751 1.0
752 240 1.0
240 752 1.0
752 624 1.0
624 752 1.0
752 688 1.0
688 752 1.0
752 720 1.0
720 752 1.0
752 744 1.0
744 752 1.0
752 748 2.0
748 752 2.0
752 750 1.0
750 752 1.0
752 751 1.0
751 752 1.0
753 241 2.0
241 753 2.0
753 625 2.0
625 753 2.0
753 689 2.0
689 753 2.0
753 721 2.0
721 753 2.0
753 737 2.0
737 753 2.0
754 242 1.0
242 754 1.0
754 626 1.0
626 754 1.0
754 690 1.0
690 754 1.0
754 722 1.0
722 754 1.0
754 738 1.0
738 754 1.0
754 753 2.0
753 754 2.0
755 243 1.0
243 755 1.0
755 627 1.0
627 755 1.0
755 691 1.0
691 755 1.0
755 723 2.0
723 755 2.0
755 739 1.0
739 755 1.0
755 753 2.0
753 755 2.0
756 244 1.0
244 756 1.0
756 628 2.0
628 756 2.0
756 692 1.0
692 756 1.0
756 724 1.0
724 756 1.0
756 740 1.0
740 756 1.0
756 754 1.0
754 756 1.0
756 755 1.0
755 756 1.0
757 245 1.0
245 757 1.0
757 629 1.0
629 757 1.0
757 693 1.0
693 757 1.0
757 725 1.0
725 757 1.0
757 741 1.0
741 757 1.0
757 753 2.0
753 757 2.0
758 246 1.0
246 758 1.0
758 630 1.0
630 758 1.0
758 694 1.0
694 758 1.0
758 726 1.0
726 758 1.0
758 742 2.0
742 758 2.0
758 754 1.0
754 758 1.0
758 757 1.0
757 758 1.0
759 247 1.0
247 759 1.0
759 631 2.0
631 759 2.0
759 695 1.0
695 759 1.0
759 727 1.0
727 759 1.0
759 743 1.0
743 759 1.0
759 755 1.0
755 759 1.0
759 757 1.0
757 759 1.0
760 248 1.0
248 760 1.0
760 632 1.0
632 760 1.0
760 696 1.0
696 760 1.0
760 728 1.0
728 760 1.0
760 744 1.0
744 760 1.0
760 756 1.0
756 760 1.0
760 758 1.0
758 760 1.0
760 759 1.0
759 760 1.0
761 249 2.0
249 761 2.0
761 633 2.0
633 761 2.0
761 697 2.0
697 761 2.0
761 729 2.0
729 761 2.0
761 745 2.0
745 761 2.0
761 753 3.0
753 761 3.0
762 250 1.0
250 762 1.0
762 634 1.0
634 762 1.0
762 698 1.0
698 762 1.0
762 730 1.0
730 762 1.0
762 746 1.0
746 762 1.0
762 754 1.0
754 762 1.0
762 761 2.0
761 762 2.0
763 251 1.0
251 763 1.0
763 635 1.0
635 763 1.0
763 699 1.0
699 763 1.0
763 731 1.0
731 763 1.0
763 747 1.0
747 763 1.0
763 755 1.0
755 763 1.0
763 761 2.0
761 763 2.0
764 252 1.0
252 764 1.0
764 636 1.0
636 764 1.0
764 700 1.0
700 764 1.0
764 732 1.0
732 764 1.0
764 748 2.0
748 764 2.0
764 756 1.0
756 764 1.0
764 762 1.0
762 764 1.0
764 763 1.0
763 764 1.0
765 253 1.0
253 765 1.0
765 637 1.0
637 765 1.0
765 701 2.0
701 765 2.0
765 733 1.0
733 765 1.0
765 749 1.0
749 765 1.0
765 757 1.0
757 765 1.0
765 761 2.0
761 765 2.0
766 254 1.0
254 766 1.0
766 638 1.0
638 766 1.0
766 702 1.0
702 766 1.0
766 734 2.0
734 766 2.0
766 750 1.0
750 766 1.0
766 758 1.0
758 766 1.0
766 762 1.0
762 766 1.0
766 765 1.0
765 766 1.0
767 255 1.0
255 767 1.0
767 639 1.0
639 767 1.0
767 703 1.0
703 767 1.0
767 735 1.0
735 767 1.0
767 751 1.0
751 767 1.0
767 759 1.0
759 767 1.0
767 763 1.0
763 767 1.0
767 765 1.0
765 767 1.0
768 256 2.0
256 768 2.0
768 640 2.0
640 768 2.0
768 704 2.0
704 768 2.0
768 736 2.0
736 768 2.0
768 752 2.0
752 768 2.0
768 760 2.0
760 768 2.0
768 764 2.0
764 768 2.0
768 766 2.0
766 768 2.0
768 767 2.0
767 768 2.0
769 257 1.0
257 769 1.0
769 513 1.0
513 769 1.0
770 258 1.0
258 770 1.0
770 514 1.0
514 770 1.0
770 769 1.0
769 770 1.0
771 259 1.0
259 771 1.0
771 515 1.0
515 771 1.0
771 769 1.0
769 771 1.0
772 260 2.0
260 772 2.0
772 516 2.0
516 772 2.0
772 770 2.0
770 772 2.0
772 771 2.0
771 772 2.0
773 261 1.0
261 773 1.0
773 517 1.0
517 773 1.0
773 769 1.0
769 773 1.0
774 262 1.0
262 774 1.0
774 518 1.0
518 774 1.0
774 770 1.0
770 774 1.0
774 773 1.0
773 774 1.0
775 263 1.0
263 775 1.0
775 519 1.0
519 775 1.0
775 771 1.0
771 775 1.0
775 773 1.0
773 775 1.0
776 264 1.0
264 776 1.0
776 520 1.0
520 776 1.0
776 772 2.0
772 776 2.0
776 774 1.0
774 776 1.0
776 775 1.0
775 776 1.0
777 265 1.0
265 777 1.0
777 521 1.0
521 777 1.0
777 769 1.0
769 777 1.0
778 266 2.0
266 778 2.0
778 522 1.0
522 778 1.0
778 770 1.0
770 778 1.0
778 777 1.0
777 778 1.0
779 267 1.0
267 779 1.0
779 523 2.0
523 779 2.0
779 771 1.0
771 779 1.0
779 777 1.0
777 779 1.0
780 268 1.0
268 780 1.0
780 524 1.0
524 780 1.0
780 772 2.0
772 780 2.0
780 778 1.0
778 780 1.0
780 779 1.0
779 780 1.0
781 269 1.0
269 781 1.0
781 525 1.0
525 781 1.0
781 773 1.0
773 781 1.0
781 777 1.0
777 781 1.0
782 270 1.0
270 782 1.0
782 526 1.0
526 782 1.0
782 774 1.0
774 782 1.0
782 778 1.0
778 782 1.0
782 781 1.0
781 782 1.0
783 271 2.0
271 783 2.0
783 527 1.0
527 783 1.0
783 775 1.0
775 783 1.0
783 779 1.0
779 783 1.0
783 781 1.0
781 783 1.0
784 272 1.0
272 784 1.0
784 528 1.0
528 784 1.0
784 776 1.0
776 784 1.0
784 780 1.0
780 784 1.0
784 782 1.0
782 784 1.0
784 783 1.0
783 784 1.0
785 273 2.0
273 785 2.0
785 529 2.0
529 785 2.0
785 769 2.0
769 785 2.0
786 274 1.0
274 786 1.0
786 530 1.0
530 786 1.0
786 770 1.0
770 786 1.0
786 785 2.0
785 786 2.0
787 275 2.0
275 787 2.0
787 531 1.0
531 787 1.0
787 771 1.0
771 787 1.0
787 785 2.0
785 787 2.0
788 276 1.0
276 788 1.0
788 532 1.0
532 788 1.0
788 772 2.0
772 788 2.0
788 786 1.0
786 788 1.0
788 787 1.0
787 788 1.0
789 277 1.0
277 789 1.0
789 533 1.0
533 789 1.0
789 773 1.0
773 789 1.0
789 785 2.0
785 789 2.0
790 278 1.0
278 790 1.0
790 534 2.0
534 790 2.0
790 774 1.0
774 790 1.0
790 786 1.0
786 790 1.0
790 789 1.0
789 790 1.0
791 279 1.0
279 791 1.0
791 535 1.0
535 791 1.0
791 775 1.0
775 791 1.0
791 787 1.0
787 791 1.0
791 789 1.0
789 791 1.0
792 280 2.0
280 792 2.0
792 536 1.0
536 792 1.0
792 776 1.0
776 792 1.0
792 788 1.0
788 792 1.0
792 790 1.0
790 792 1.0
792 791 1.0
791 792 1.0
793 281 1.0
281 793 1.0
793 537 1.0
537 793 1.0
793 777 1.0
777 793 1.0
793 785 2.0
785 793 2.0
794 282 1.0
282 794 1.0
794 538 1.0
538 794 1.0
794 778 1.0
778 794 1.0
794 786 1.0
786 794 1.0
794 793 1.0
793 794 1.0
795 283 1.0
283 795 1.0
795 539 1.0
539 795 1.0
795 779 1.0
779 795 1.0
795 787 1.0
787 795 1.0
795 793 1.0
793 795 1.0
796 284 1.0
284 796 1.0
796 540 1.0
540 796 1.0
796 780 1.0
780 796 1.0
796 788 1.0
788 796 1.0
796 794 1.0
794 796 1.0
796 795 1.0
795 796 1.0
797 285 1.0
285 797 1.0
797 541 1.0
541 797 1.0
797 781 1.0
781 797 1.0
797 789 1.0
789 797 1.0
797 793 1.0
793 797 1.0
798 286 1.0
286 798 1.0
798 542 1.0
542 798 1.0
798 782 1.0
782 798 1.0
798 790 1.0
790 798 1.0
798 794 1.0
794 798 1.0
798 797 1.0
797 798 1.0
799 287 1.0
287 799 1.0
799 543 1.0
543 799 1.0
799 783 1.0
783 799 1.0
799 791 1.0
791 799 1.0
799 795 1.0
795 799 1.0
799 797 1.0
797 799 1.0
800 288 2.0
288 800 2.0
800 544 2.0
544 800 2.0
800 784 2.0
784 800 2.0
800 792 2.0
792 800 2.0
800 796 2.0
796 800 2.0
800 798 2.0
798 800 2.0
800 799 2.0
799 800 2.0
801 289 1.0
289 801 1.0
801 545 2.0
545 801 2.0
801 769 1.0
769 801 1.0
802 290 1.0
290 802 1.0
802 546 1.0
546 802 1.0
802 770 1.0
770 802 1.0
802 801 1.0
801 802 1.0
803 291 1.0
291 803 1.0
803 547 1.0
547 803 1.0
803 771 1.0
771 803 1.0
803 801 1.0
801 803 1.0
804 292 1.0
292 804 1.0
804 548 1.0
548 804 1.0
804 772 2.0
772 804 2.0
804 802 1.0
802 804 1.0
804 803 1.0
803 804 1.0
805 293 1.0
293 805 1.0
805 549 1.0
549 805 1.0
805 773 1.0
773 805 1.0
805 801 1.0
801 805 1.0
806 294 1.0
294 806 1.0
806 550 1.0
550 806 1.0
806 774 1.0
774 806 1.0
806 802 1.0
802 806 1.0
806 805 1.0
805 806 1.0
807 295 2.0
295 807 2.0
807 551 2.0
551 807 2.0
807 775 2.0
775 807 2.0
807 803 2.0
803 807 2.0
807 805 2.0
805 807 2.0
808 296 2.0
296 808 2.0
808 552 2.0
552 808 2.0
808 776 1.0
776 808 1.0
808 804 1.0
804 808 1.0
808 806 1.0
806 808 1.0
808 807 2.0
807 808 2.0
809 297 2.0
297 809 2.0
809 553 1.0
553 809 1.0
809 777 1.0
777 809 1.0
809 801 1.0
801 809 1.0
810 298 1.0
298 810 1.0
810 554 1.0
554 810 1.0
810 778 1.0
778 810 1.0
810 802 1.0
802 810 1.0
810 809 1.0
809 810 1.0
811 299 1.0
299 811 1.0
811 555 1.0
555 811 1.0
811 779 1.0
779 811 1.0
811 803 1.0
803 811 1.0
811 809 1.0
809 811 1.0
812 300 1.0
300 812 1.0
812 556 1.0
556 812 1.0
812 780 1.0
780 812 1.0
812 804 1.0
804 812 1.0
812 810 1.0
810 812 1.0
812 811 1.0
811 812 1.0
813 301 1.0
301 813 1.0
813 557 1.0
557 813 1.0
813 781 1.0
781 813 1.0
813 805 1.0
805 813 1.0
813 809 1.0
809 813 1.0
814 302 2.0
302 814 2.0
814 558 2.0
558 814 2.0
814 782 2.0
782 814 2.0
814 806 2.0
806 814 2.0
814 810 2.0
810 814 2.0
814 813 2.0
813 814 2.0
815 303 1.0
303 815 1.0
815 559 1.0
559 815 1.0
815 783 1.0
783 815 1.0
815 807 2.0
807 815 2.0
815 811 1.0
811 815 1.0
815 813 1.0
813 815 1.0
816 304 1.0
304 816 1.0
816 560 1.0
560 816 1.0
816 784 1.0
784 816 1.0
816 808 1.0
808 816 1.0
816 812 1.0
812 816 1.0
816 814 2.0
814 816 2.0
816 815 1.0
815 816 1.0
817 305 1.0
305 817 1.0
817 561 1.0
561 817 1.0
817 785 2.0
785 817 2.0
817 801 1.0
801 817 1.0
818 306 1.0
306 818 1.0
818 562 1.0
562 818 1.0
818 786 1.0
786 818 1.0
818 802 1.0
802 818 1.0
818 817 1.0
817 818 1.0
819 307 2.0
307 819 2.0
819 563 1.0
563 819 1.0
819 787 1.0
787 819 1.0
819 803 1.0
803 819 1.0
819 817 1.0
817 819 1.0
820 308 1.0
308 820 1.0
820 564 2.0
564 820 2.0
820 788 1.0
788 820 1.0
820 804 1.0
804 820 1.0
820 818 1.0
818 820 1.0
820 819 1.0
819 820 1.0
821 309 2.0
309 821 2.0
821 565 1.0
565 821 1.0
821 789 1.0
789 821 1.0
821 805 1.0
805 821 1.0
821 817 1.0
817 821 1.0
822 310 1.0
310 822 1.0
822 566 1.0
566 822 1.0
822 790 1.0
790 822 1.0
822 806 1.0
806 822 1.0
822 818 1.0
818 822 1.0
822 821 1.0
821 822 1.0
823 311 1.0
311 823 1.0
823 567 1.0
567 823 1.0
823 791 1.0
791 823 1.0
823 807 2.0
807 823 2.0
823 819 1.0
819 823 1.0
823 821 1.0
821 823 1.0
824 312 1.0
312 824 1.0
824 568 1.0
568 824 1.0
824 792 1.0
792 824 1.0
824 808 1.0
808 824 1.0
824 820 1.0
820 824 1.0
824 822 1.0
822 824 1.0
824 823 1.0
823 824 1.0
825 313 1.0
313 825 1.0
825 569 1.0
569 825 1.0
825 793 1.0
793 825 1.0
825 809 1.0
809 825 1.0
825 817 1.0
817 825 1.0
826 314 2.0
314 826 2.0
826 570 2.0
570 826 2.0
826 794 2.0
794 826 2.0
826 810 2.0
810 826 2.0
826 818 2.0
818 826 2.0
826 825 2.0
825 826 2.0
827 315 1.0
315 827 1.0
827 571 1.0
571 827 1.0
827 795 1.0
795 827 1.0
827 811 1.0
811 827 1.0
827 819 1.0
819 827 1.0
827 825 1.0
825 827 1.0
828 316 1.0
316 828 1.0
828 572 1.0
572 828 1.0
828 796 1.0
796 828 1.0
828 812 1.0
812 828 1.0
828 820 1.0
820 828 1.0
828 826 2.0
826 828 2.0
828 827 1.0
827 828 1.0
829 317 1.0
317 829 1.0
829 573 1.0
573 829 1.0
829 797 1.0
797 829 1.0
829 813 1.0
813 829 1.0
829 821 1.0
821 829 1.0
829 825 1.0
825 829 1.0
830 318 1.0
318 830 1.0
830 574 1.0
574 830 1.0
830 798 1.0
798 830 1.0
830 814 2.0
814 830 2.0
830 822 1.0
822 830 1.0
830 826 2.0
826 830 2.0
830 829 1.0
829 830 1.0
831 319 1.0
319 831 1.0
831 575 2.0
575 831 2.0
831 799 1.0
799 831 1.0
831 815 1.0
815 831 1.0
831 823 1.0
823 831 1.0
831 827 1.0
827 831 1.0
831 829 1.0
829 831 1.0
832 320 1.0
320 832 1.0
832 576 1.0
576 832 1.0
832 800 2.0
800 832 2.0
832 816 1.0
816 832 1.0
832 824 1.0
824 832 1.0
832 828 1.0
828 832 1.0
832 830 1.0
830 832 1.0
832 831 1.0
831 832 1.0
833 321 1.0
321 833 1.0
833 577 1.0
577 833 1.0
833 769 1.0
769 833 1.0
834 322 1.0
322 834 1.0
834 578 2.0
578 834 2.0
834 770 1.0
770 834 1.0
834 833 1.0
833 834 1.0
835 323 1.0
323 835 1.0
835 579 1.0
579 835 1.0
835 771 1.0
771 835 1.0
835 833 1.0
833 835 1.0
836 324 1.0
324 836 1.0
836 580 1.0
580 836 1.0
836 772 2.0
772 836 2.0
836 834 1.0
834 836 1.0
836 835 1.0
835 836 1.0
837 325 1.0
325 837 1.0
837 581 1.0
581 837 1.0
837 773 1.0
773 837 1.0
837 833 1.0
833 837 1.0
838 326 2.0
326 838 2.0
838 582 1.0
582 838 1.0
838 774 1.0
774 838 1.0
838 834 1.0
834 838 1.0
838 837 1.0
837 838 1.0
839 327 1.0
327 839 1.0
839 583 2.0
583 839 2.0
839 775 1.0
775 839 1.0
839 835 1.0
835 839 1.0
839 837 1.0
837 839 1.0
840 328 2.0
328 840 2.0
840 584 1.0
584 840 1.0
840 776 1.0
776 840 1.0
840 836 1.0
836 840 1.0
840 838 1.0
838 840 1.0
840 839 1.0
839 840 1.0
841 329 1.0
329 841 1.0
841 585 1.0
585 841 1.0
841 777 1.0
777 841 1.0
841 833 1.0
833 841 1.0
842 330 1.0
330 842 1.0
842 586 1.0
586 842 1.0
842 778 1.0
778 842 1.0
842 834 1.0
834 842 1.0
842 841 1.0
841 842 1.0
843 331 1.0
331 843 1.0
843 587 1.0
587 843 1.0
843 779 1.0
779 843 1.0
843 835 1.0
835 843 1.0
843 841 1.0
841 843 1.0
844 332 1.0
332 844 1.0
844 588 1.0
588 844 1.0
844 780 1.0
780 844 1.0
844 836 1.0
836 844 1.0
844 842 1.0
842 844 1.0
844 843 1.0
843 844 1.0
845 333 2.0
333 845 2.0
845 589 3.0
589 845 3.0
845 781 2.0
781 845 2.0
845 837 2.0
837 845 2.0
845 841 2.0
841 845 2.0
846 334 1.0
334 846 1.0
846 590 1.0
590 846 1.0
846 782 1.0
782 846 1.0
846 838 1.0
838 846 1.0
846 842 1.0
842 846 1.0
846 845 2.0
845 846 2.0
847 335 1.0
335 847 1.0
847 591 1.0
591 847 1.0
847 783 1.0
783 847 1.0
847 839 1.0
839 847 1.0
847 843 1.0
843 847 1.0
847 845 2.0
845 847 2.0
848 336 1.0
336 848 1.0
848 592 2.0
592 848 2.0
848 784 1.0
784 848 1.0
848 840 1.0
840 848 1.0
848 844 1.0
844 848 1.0
848 846 1.0
846 848 1.0
848 847 1.0
847 848 1.0
849 337 1.0
337 849 1.0
849 593 1.0
593 849 1.0
849 785 2.0
785 849 2.0
849 833 1.0
833 849 1.0
850 338 2.0
338 850 2.0
850 594 1.0
594 850 1.0
850 786 1.0
786 850 1.0
850 834 1.0
834 850 1.0
850 849 1.0
849 850 1.0
851 339 1.0
339 851 1.0
851 595 1.0
595 851 1.0
851 787 1.0
787 851 1.0
851 835 1.0
835 851 1.0
851 849 1.0
849 851 1.0
852 340 1.0
340 852 1.0
852 596 1.0
596 852 1.0
852 788 1.0
788 852 1.0
852 836 1.0
836 852 1.0
852 850 1.0
850 852 1.0
852 851 1.0
851 852 1.0
853 341 1.0
341 853 1.0
853 597 1.0
597 853 1.0
853 789 1.0
789 853 1.0
853 837 1.0
837 853 1.0
853 849 1.0
849 853 1.0
854 342 1.0
342 854 1.0
854 598 1.0
598 854 1.0
854 790 1.0
790 854 1.0
854 838 1.0
838 854 1.0
854 850 1.0
850 854 1.0
854 853 1.0
853 854 1.0
855 343 1.0
343 855 1.0
855 599 1.0
599 855 1.0
855 791 1.0
791 855 1.0
855 839 1.0
839 855 1.0
855 851 1.0
851 855 1.0
855 853 1.0
853 855 1.0
856 344 1.0
344 856 1.0
856 600 2.0
600 856 2.0
856 792 1.0
792 856 1.0
856 840 1.0
840 856 1.0
856 852 1.0
852 856 1.0
856 854 1.0
854 856 1.0
856 855 1.0
855 856 1.0
857 345 1.0
345 857 1.0
857 601 1.0
601 857 1.0
857 793 1.0
793 857 1.0
857 841 1.0
841 857 1.0
857 849 1.0
849 857 1.0
858 346 1.0
346 858 1.0
858 602 2.0
602 858 2.0
858 794 1.0
794 858 1.0
858 842 1.0
842 858 1.0
858 850 1.0
850 858 1.0
858 857 1.0
857 858 1.0
859 347 2.0
347 859 2.0
859 603 2.0
603 859 2.0
859 795 2.0
795 859 2.0
859 843 2.0
843 859 2.0
859 851 2.0
851 859 2.0
859 857 2.0
857 859 2.0
860 348 1.0
348 860 1.0
860 604 1.0
604 860 1.0
860 796 1.0
796 860 1.0
860 844 1.0
844 860 1.0
860 852 1.0
852 860 1.0
860 858 1.0
858 860 1.0
860 859 2.0
859 860 2.0
861 349 1.0
349 861 1.0
861 605 1.0
605 861 1.0
861 797 1.0
797 861 1.0
861 845 2.0
845 861 2.0
861 853 1.0
853 861 1.0
861 857 1.0
857 861 1.0
862 350 1.0
350 862 1.0
862 606 1.0
606 862 1.0
862 798 1.0
798 862 1.0
862 846 1.0
846 862 1.0
862 854 1.0
854 862 1.0
862 858 1.0
858 862 1.0
862 861 1.0
861 862 1.0
863 351 1.0
351 863 1.0
863 607 1.0
607 863 1.0
863 799 1.0
799 863 1.0
863 847 1.0
847 863 1.0
863 855 1.0
855 863 1.0
863 859 2.0
859 863 2.0
863 861 1.0
861 863 1.0
864 352 1.0
352 864 1.0
864 608 1.0
608 864 1.0
864 800 2.0
800 864 2.0
864 848 1.0
848 864 1.0
864 856 1.0
856 864 1.0
864 860 1.0
860 864 1.0
864 862 1.0
862 864 1.0
864 863 1.0
863 864 1.0
865 353 1.0
353 865 1.0
865 609 1.0
609 865 1.0
865 801 1.0
801 865 1.0
865 833 1.0
833 865 1.0
866 354 1.0
354 866 1.0
866 610 1.0
610 866 1.0
866 802 1.0
802 866 1.0
866 834 1.0
834 866 1.0
866 865 1.0
865 866 1.0
867 355 1.0
355 867 1.0
867 611 1.0
611 867 1.0
867 803 1.0
803 867 1.0
867 835 1.0
835 867 1.0
867 865 1.0
865 867 1.0
868 356 2.0
356 868 2.0
868 612 2.0
612 868 2.0
868 804 2.0
804 868 2.0
868 836 2.0
836 868 2.0
868 866 2.0
866 868 2.0
868 867 2.0
867 868 2.0
869 357 1.0
357 869 1.0
869 613 1.0
613 869 1.0
869 805 1.0
805 869 1.0
869 837 1.0
837 869 1.0
869 865 1.0
865 869 1.0
870 358 1.0
358 870 1.0
870 614 1.0
614 870 1.0
870 806 1.0
806 870 1.0
870 838 1.0
838 870 1.0
870 866 1.0
866 870 1.0
870 869 1.0
869 870 1.0
871 359 1.0
359 871 1.0
871 615 1.0
615 871 1.0
871 807 2.0
807 871 2.0
871 839 1.0
839 871 1.0
871 867 1.0
867 871 1.0
871 869 1.0
869 871 1.0
872 360 1.0
360 872 1.0
872 616 1.0
616 872 1.0
872 808 1.0
808 872 1.0
872 840 1.0
840 872 1.0
872 868 2.0
868 872 2.0
872 870 1.0
870 872 1.0
872 871 1.0
871 872 1.0
873 361 2.0
361 873 2.0
873 617 1.0
617 873 1.0
873 809 1.0
809 873 1.0
873 841 1.0
841 873 1.0
873 865 1.0
865 873 1.0
874 362 2.0
362 874 2.0
874 618 1.0
618 874 1.0
874 810 1.0
810 874 1.0
874 842 1.0
842 874 1.0
874 866 1.0
866 874 1.0
874 873 1.0
873 874 1.0
875 363 1.0
363 875 1.0
875 619 1.0
619 875 1.0
875 811 1.0
811 875 1.0
875 843 1.0
843 875 1.0
875 867 1.0
867 875 1.0
875 873 1.0
873 875 1.0
876 364 1.0
364 876 1.0
876 620 1.0
620 876 1.0
876 812 1.0
812 876 1.0
876 844 1.0
844 876 1.0
876 868 2.0
868 876 2.0
876 874 1.0
874 876 1.0
876 875 1.0
875 876 1.0
877 365 1.0
365 877 1.0
877 621 1.0
621 877 1.0
877 813 1.0
813 877 1.0
877 845 2.0
845 877 2.0
877 869 1.0
869 877 1.0
877 873 1.0
873 877 1.0
878 366 1.0
366 878 1.0
878 622 1.0
622 878 1.0
878 814 2.0
814 878 2.0
878 846 1.0
846 878 1.0
878 870 1.0
870 878 1.0
878 874 1.0
874 878 1.0
878 877 1.0
877 878 1.0
879 367 2.0
367 879 2.0
879 623 2.0
623 879 2.0
879 815 2.0
815 879 2.0
879 847 2.0
847 879 2.0
879 871 2.0
871 879 2.0
879 875 2.0
875 879 2.0
879 877 2.0
877 879 2.0
880 368 1.0
368 880 1.0
880 624 1.0
624 880 1.0
880 816 1.0
816 880 1.0
880 848 1.0
848 880 1.0
880 872 1.0
872 880 1.0
880 876 1.0
876 880 1.0
880 878 1.0
878 880 1.0
880 879 2.0
879 880 2.0
881 369 1.0
369 881 1.0
881 625 1.0
625 881 1.0
881 817 1.0
817 881 1.0
881 849 1.0
849 881 1.0
881 865 1.0
865 881 1.0
882 370 1.0
370 882 1.0
882 626 1.0
626 882 1.0
882 818 1.0
818 882 1.0
882 850 1.0
850 882 1.0
882 866 1.0
866 882 1.0
882 881 1.0
881 882 1.0
883 371 1.0
371 883 1.0
883 627 1.0
627 883 1.0
883 819 1.0
819 883 1.0
883 851 1.0
851 883 1.0
883 867 1.0
867 883 1.0
883 881 1.0
881 883 1.0
884 372 2.0
372 884 2.0
884 628 3.0
628 884 3.0
884 820 2.0
820 884 2.0
884 852 2.0
852 884 2.0
884 868 3.0
868 884 3.0
884 882 2.0
882 884 2.0
884 883 2.0
883 884 2.0
885 373 1.0
373 885 1.0
885 629 1.0
629 885 1.0
885 821 1.0
821 885 1.0
885 853 1.0
853 885 1.0
885 869 1.0
869 885 1.0
885 881 1.0
881 885 1.0
886 374 2.0
374 886 2.0
886 630 2.0
630 886 2.0
886 822 2.0
822 886 2.0
886 854 2.0
854 886 2.0
886 870 2.0
870 886 2.0
886 882 2.0
882 886 2.0
886 885 2.0
885 886 2.0
887 375 2.0
375 887 2.0
887 631 2.0
631 887 2.0
887 823 1.0
823 887 1.0
887 855 1.0
855 887 1.0
887 871 1.0
871 887 1.0
887 883 1.0
883 887 1.0
887 885 1.0
885 887 1.0
888 376 1.0
376 888 1.0
888 632 1.0
632 888 1.0
888 824 1.0
824 888 1.0
888 856 1.0
856 888 1.0
888 872 1.0
872 888 1.0
888 884 2.0
884 888 2.0
888 886 2.0
886 888 2.0
888 887 1.0
887 888 1.0
889 377 1.0
377 889 1.0
889 633 1.0
633 889 1.0
889 825 1.0
825 889 1.0
889 857 1.0
857 889 1.0
889 873 1.0
873 889 1.0
889 881 1.0
881 889 1.0
890 378 1.0
378 890 1.0
890 634 1.0
634 890 1.0
890 826 2.0
826 890 2.0
890 858 1.0
858 890 1.0
890 874 1.0
874 890 1.0
890 882 1.0
882 890 1.0
890 889 1.0
889 890 1.0
891 379 1.0
379 891 1.0
891 635 1.0
635 891 1.0
891 827 1.0
827 891 1.0
891 859 2.0
859 891 2.0
891 875 1.0
875 891 1.0
891 883 1.0
883 891 1.0
891 889 1.0
889 891 1.0
892 380 1.0
380 892 1.0
892 636 1.0
636 892 1.0
892 828 1.0
828 892 1.0
892 860 1.0
860 892 1.0
892 876 1.0
876 892 1.0
892 884 2.0
884 892 2.0
892 890 1.0
890 892 1.0
892 891 1.0
891 892 1.0
893 381 2.0
381 893 2.0
893 637 2.0
637 893 2.0
893 829 2.0
829 893 2.0
893 861 2.0
861 893 2.0
893 877 2.0
877 893 2.0
893 885 2.0
885 893 2.0
893 889 2.0
889 893 2.0
894 382 1.0
382 894 1.0
894 638 1.0
638 894 1.0
894 830 1.0
830 894 1.0
894 862 1.0
862 894 1.0
894 878 1.0
878 894 1.0
894 886 2.0
886 894 2.0
894 890 1.0
890 894 1.0
894 893 2.0
893 894 2.0
895 383 1.0
383 895 1.0
895 639 1.0
639 895 1.0
895 831 1.0
831 895 1.0
895 863 1.0
863 895 1.0
895 879 2.0
879 895 2.0
895 887 1.0
887 895 1.0
895 891 1.0
891 895 1.0
895 893 2.0
893 895 2.0
896 384 1.0
384 896 1.0
896 640 1.0
640 896 1.0
896 832 1.0
832 896 1.0
896 864 1.0
864 896 1.0
896 880 1.0
880 896 1.0
896 888 1.0
888 896 1.0
896 892 1.0
892 896 1.0
896 894 1.0
894 896 1.0
896 895 1.0
895 896 1.0
897 385 2.0
385 897 2.0
897 641 2.0
641 897 2.0
897 769 2.0
769 897 2.0
898 386 1.0
386 898 1.0
898 642 1.0
642 898 1.0
898 770 1.0
770 898 1.0
898 897 2.0
897 898 2.0
899 387 1.0
387 899 1.0
899 643 1.0
643 899 1.0
899 771 1.0
771 899 1.0
899 897 2.0
897 899 2.0
900 388 1.0
388 900 1.0
900 644 1.0
644 900 1.0
900 772 2.0
772 900 2.0
900 898 1.0
898 900 1.0
900 899 1.0
899 900 1.0
901 389 1.0
389 901 1.0
901 645 1.0
645 901 1.0
901 773 1.0
773 901 1.0
901 897 2.0
897 901 2.0
902 390 1.0
390 902 1.0
902 646 1.0
646 902 1.0
902 774 1.0
774 902 1.0
902 898 1.0
898 902 1.0
902 901 1.0
901 902 1.0
903 391 1.0
391 903 1.0
903 647 1.0
647 903 1.0
903 775 1.0
775 903 1.0
903 899 1.0
899 903 1.0
903 901 1.0
901 903 1.0
904 392 1.0
392 904 1.0
904 648 2.0
648 904 2.0
904 776 1.0
776 904 1.0
904 900 1.0
900 904 1.0
904 902 1.0
902 904 1.0
904 903 1.0
903 904 1.0
905 393 1.0
393 905 1.0
905 649 1.0
649 905 1.0
905 777 1.0
777 905 1.0
905 897 2.0
897 905 2.0
906 394 1.0
394 906 1.0
906 650 2.0
650 906 2.0
906 778 1.0
778 906 1.0
906 898 1.0
898 906 1.0
906 905 1.0
905 906 1.0
907 395 2.0
395 907 2.0
907 651 1.0
651 907 1.0
907 779 1.0
779 907 1.0
907 899 1.0
899 907 1.0
907 905 1.0
905 907 1.0
908 396 1.0
396 908 1.0
908 652 1.0
652 908 1.0
908 780 1.0
780 908 1.0
908 900 1.0
900 908 1.0
908 906 1.0
906 908 1.0
908 907 1.0
907 908 1.0
909 397 1.0
397 909 1.0
909 653 1.0
653 909 1.0
909 781 1.0
781 909 1.0
909 901 1.0
901 909 1.0
909 905 1.0
905 909 1.0
910 398 1.0
398 910 1.0
910 654 1.0
654 910 1.0
910 782 1.0
782 910 1.0
910 902 1.0
902 910 1.0
910 906 1.0
906 910 1.0
910 909 1.0
909 910 1.0
911 399 2.0
399 911 2.0
911 655 2.0
655 911 2.0
911 783 2.0
783 911 2.0
911 903 2.0
903 911 2.0
911 907 2.0
907 911 2.0
911 909 2.0
909 911 2.0
912 400 1.0
400 912 1.0
912 656 1.0
656 912 1.0
912 784 1.0
784 912 1.0
912 904 1.0
904 912 1.0
912 908 1.0
908 912 1.0
912 910 1.0
910 912 1.0
912 911 2.0
911 912 2.0
913 401 1.0
401 913 1.0
913 657 1.0
657 913 1.0
913 785 2.0
785 913 2.0
913 897 2.0
897 913 2.0
914 402 1.0
402 914 1.0
914 658 1.0
658 914 1.0
914 786 1.0
786 914 1.0
914 898 1.0
898 914 1.0
914 913 1.0
913 914 1.0
915 403 2.0
403 915 2.0
915 659 2.0
659 915 2.0
915 787 2.0
787 915 2.0
915 899 2.0
899 915 2.0
915 913 2.0
913 915 2.0
916 404 1.0
404 916 1.0
916 660 1.0
660 916 1.0
916 788 1.0
788 916 1.0
916 900 1.0
900 916 1.0
916 914 1.0
914 916 1.0
916 915 2.0
915 916 2.0
917 405 1.0
405 917 1.0
917 661 1.0
661 917 1.0
917 789 1.0
789 917 1.0
917 901 1.0
901 917 1.0
917 913 1.0
913 917 1.0
918 406 2.0
406 918 2.0
918 662 3.0
662 918 3.0
918 790 2.0
790 918 2.0
918 902 2.0
902 918 2.0
918 914 2.0
914 918 2.0
918 917 2.0
917 918 2.0
919 407 2.0
407 919 2.0
919 663 2.0
663 919 2.0
919 791 2.0
791 919 2.0
919 903 2.0
903 919 2.0
919 915 3.0
915 919 3.0
919 917 2.0
917 919 2.0
920 408 1.0
408 920 1.0
920 664 1.0
664 920 1.0
920 792 1.0
792 920 1.0
920 904 1.0
904 920 1.0
920 916 1.0
916 920 1.0
920 918 2.0
918 920 2.0
920 919 2.0
919 920 2.0
921 409 1.0
409 921 1.0
921 665 1.0
665 921 1.0
921 793 1.0
793 921 1.0
921 905 1.0
905 921 1.0
921 913 1.0
913 921 1.0
922 410 1.0
410 922 1.0
922 666 1.0
666 922 1.0
922 794 1.0
794 922 1.0
922 906 1.0
906 922 1.0
922 914 1.0
914 922 1.0
922 921 1.0
921 922 1.0
923 411 1.0
411 923 1.0
923 667 1.0
667 923 1.0
923 795 1.0
795 923 1.0
923 907 1.0
907 923 1.0
923 915 2.0
915 923 2.0
923 921 1.0
921 923 1.0
924 412 2.0
412 924 2.0
924 668 2.0
668 924 2.0
924 796 1.0
796 924 1.0
924 908 1.0
908 924 1.0
924 916 1.0
916 924 1.0
924 922 1.0
922 924 1.0
924 923 1.0
923 924 1.0
925 413 2.0
413 925 2.0
925 669 1.0
669 925 1.0
925 797 1.0
797 925 1.0
925 909 1.0
909 925 1.0
925 917 1.0
917 925 1.0
925 921 1.0
921 925 1.0
926 414 1.0
414 926 1.0
926 670 1.0
670 926 1.0
926 798 1.0
798 926 1.0
926 910 1.0
910 926 1.0
926 918 2.0
918 926 2.0
926 922 1.0
922 926 1.0
926 925 1.0
925 926 1.0
927 415 1.0
415 927 1.0
927 671 1.0
671 927 1.0
927 799 1.0
799 927 1.0
927 911 2.0
911 927 2.0
927 919 2.0
919 927 2.0
927 923 1.0
923 927 1.0
927 925 1.0
925 927 1.0
928 416 1.0
416 928 1.0
928 672 1.0
672 928 1.0
928 800 2.0
800 928 2.0
928 912 1.0
912 928 1.0
928 920 1.0
920 928 1.0
928 924 1.0
924 928 1.0
928 926 1.0
926 928 1.0
928 927 1.0
927 928 1.0
929 417 1.0
417 929 1.0
929 673 1.0
673 929 1.0
929 801 1.0
801 929 1.0
929 897 2.0
897 929 2.0
930 418 2.0
418 930 2.0
930 674 2.0
674 930 2.0
930 802 2.0
802 930 2.0
930 898 2.0
898 930 2.0
930 929 2.0
929 930 2.0
931 419 1.0
419 931 1.0
931 675 2.0
675 931 2.0
931 803 1.0
803 931 1.0
931 899 1.0
899 931 1.0
931 929 1.0
929 931 1.0
932 420 1.0
420 932 1.0
932 676 1.0
676 932 1.0
932 804 1.0
804 932 1.0
932 900 1.0
900 932 1.0
932 930 2.0
930 932 2.0
932 931 1.0
931 932 1.0
933 421 1.0
421 933 1.0
933 677 1.0
677 933 1.0
933 805 1.0
805 933 1.0
933 901 1.0
901 933 1.0
933 929 1.0
929 933 1.0
934 422 1.0
422 934 1.0
934 678 1.0
678 934 1.0
934 806 1.0
806 934 1.0
934 902 1.0
902 934 1.0
934 930 2.0
930 934 2.0
934 933 1.0
933 934 1.0
935 423 1.0
423 935 1.0
935 679 1.0
679 935 1.0
935 807 2.0
807 935 2.0
935 903 1.0
903 935 1.0
935 931 1.0
931 935 1.0
935 933 1.0
933 935 1.0
936 424 1.0
424 936 1.0
936 680 1.0
680 936 1.0
936 808 1.0
808 936 1.0
936 904 1.0
904 936 1.0
936 932 1.0
932 936 1.0
936 934 1.0
934 936 1.0
936 935 1.0
935 936 1.0
937 425 1.0
425 937 1.0
937 681 1.0
681 937 1.0
937 809 1.0
809 937 1.0
937 905 1.0
905 937 1.0
937 929 1.0
929 937 1.0
938 426 1.0
426 938 1.0
938 682 1.0
682 938 1.0
938 810 1.0
810 938 1.0
938 906 1.0
906 938 1.0
938 930 2.0
930 938 2.0
938 937 1.0
937 938 1.0
939 427 1.0
427 939 1.0
939 683 1.0
683 939 1.0
939 811 1.0
811 939 1.0
939 907 1.0
907 939 1.0
939 931 1.0
931 939 1.0
939 937 1.0
937 939 1.0
940 428 2.0
428 940 2.0
940 684 1.0
684 940 1.0
940 812 1.0
812 940 1.0
940 908 1.0
908 940 1.0
940 932 1.0
932 940 1.0
940 938 1.0
938 940 1.0
940 939 1.0
939 940 1.0
941 429 1.0
429 941 1.0
941 685 2.0
685 941 2.0
941 813 1.0
813 941 1.0
941 909 1.0
909 941 1.0
941 933 1.0
933 941 1.0
941 937 1.0
937 941 1.0
942 430 2.0
430 942 2.0
942 686 1.0
686 942 1.0
942 814 2.0
814 942 2.0
942 910 1.0
910 942 1.0
942 934 1.0
934 942 1.0
942 938 1.0
938 942 1.0
942 941 1.0
941 942 1.0
943 431 2.0
431 943 2.0
943 687 1.0
687 943 1.0
943 815 1.0
815 943 1.0
943 911 2.0
911 943 2.0
943 935 1.0
935 943 1.0
943 939 1.0
939 943 1.0
943 941 1.0
941 943 1.0
944 432 1.0
432 944 1.0
944 688 1.0
688 944 1.0
944 816 1.0
816 944 1.0
944 912 1.0
912 944 1.0
944 936 1.0
936 944 1.0
944 940 1.0
940 944 1.0
944 942 1.0
942 944 1.0
944 943 1.0
943 944 1.0
945 433 2.0
433 945 2.0
945 689 1.0
689 945 1.0
945 817 1.0
817 945 1.0
945 913 1.0
913 945 1.0
945 929 1.0
929 945 1.0
946 434 1.0
434 946 1.0
946 690 1.0
690 946 1.0
946 818 1.0
818 946 1.0
946 914 1.0
914 946 1.0
946 930 2.0
930 946 2.0
946 945 1.0
945 946 1.0
947 435 1.0
435 947 1.0
947 691 1.0
691 947 1.0
947 819 1.0
819 947 1.0
947 915 2.0
915 947 2.0
947 931 1.0
931 947 1.0
947 945 1.0
945 947 1.0
948 436 1.0
436 948 1.0
948 692 1.0
692 948 1.0
948 820 1.0
820 948 1.0
948 916 1.0
916 948 1.0
948 932 1.0
932 948 1.0
948 946 1.0
946 948 1.0
948 947 1.0
947 948 1.0
949 437 1.0
437 949 1.0
949 693 1.0
693 949 1.0
949 821 1.0
821 949 1.0
949 917 1.0
917 949 1.0
949 933 1.0
933 949 1.0
949 945 1.0
945 949 1.0
950 438 1.0
438 950 1.0
950 694 1.0
694 950 1.0
950 822 1.0
822 950 1.0
950 918 2.0
918 950 2.0
950 934 1.0
934 950 1.0
950 946 1.0
946 950 1.0
950 949 1.0
949 950 1.0
951 439 1.0
439 951 1.0
951 695 1.0
695 951 1.0
951 823 1.0
823 951 1.0
951 919 2.0
919 951 2.0
951 935 1.0
935 951 1.0
951 947 1.0
947 951 1.0
951 949 1.0
949 951 1.0
952 440 2.0
440 952 2.0
952 696 1.0
696 952 1.0
952 824 1.0
824 952 1.0
952 920 1.0
920 952 1.0
952 936 1.0
936 952 1.0
952 948 1.0
948 952 1.0
952 950 1.0
950 952 1.0
952 951 1.0
951 952 1.0
953 441 1.0
441 953 1.0
953 697 1.0
697 953 1.0
953 825 1.0
825 953 1.0
953 921 1.0
921 953 1.0
953 937 1.0
937 953 1.0
953 945 1.0
945 953 1.0
954 442 1.0
442 954 1.0
954 698 1.0
698 954 1.0
954 826 2.0
826 954 2.0
954 922 1.0
922 954 1.0
954 938 1.0
938 954 1.0
954 946 1.0
946 954 1.0
954 953 1.0
953 954 1.0
955 443 2.0
443 955 2.0
955 699 2.0
699 955 2.0
955 827 2.0
827 955 2.0
955 923 2.0
923 955 2.0
955 939 2.0
939 955 2.0
955 947 2.0
947 955 2.0
955 953 2.0
953 955 2.0
956 444 1.0
444 956 1.0
956 700 1.0
700 956 1.0
956 828 1.0
828 956 1.0
956 924 1.0
924 956 1.0
956 940 1.0
940 956 1.0
956 948 1.0
948 956 1.0
956 954 1.0
954 956 1.0
956 955 2.0
955 956 2.0
957 445 1.0
445 957 1.0
957 701 2.0
701 957 2.0
957 829 1.0
829 957 1.0
957 925 1.0
925 957 1.0
957 941 1.0
941 957 1.0
957 949 1.0
949 957 1.0
957 953 1.0
953 957 1.0
958 446 1.0
446 958 1.0
958 702 1.0
702 958 1.0
958 830 1.0
830 958 1.0
958 926 1.0
926 958 1.0
958 942 1.0
942 958 1.0
958 950 1.0
950 958 1.0
958 954 1.0
954 958 1.0
958 957 1.0
957 958 1.0
959 447 1.0
447 959 1.0
959 703 1.0
703 959 1.0
959 831 1.0
831 959 1.0
959 927 1.0
927 959 1.0
959 943 1.0
943 959 1.0
959 951 1.0
951 959 1.0
959 955 2.0
955 959 2.0
959 957 1.0
957 959 1.0
960 448 1.0
448 960 1.0
960 704 1.0
704 960 1.0
960 832 1.0
832 960 1.0
960 928 1.0
928 960 1.0
960 944 1.0
944 960 1.0
960 952 1.0
952 960 1.0
960 956 1.0
956 960 1.0
960 958 1.0
958 960 1.0
960 959 1.0
959 960 1.0
961 449 1.0
449 961 1.0
961 705 1.0
705 961 1.0
961 833 1.0
833 961 1.0
961 897 2.0
897 961 2.0
962 450 1.0
450 962 1.0
962 706 1.0
706 962 1.0
962 834 1.0
834 962 1.0
962 898 1.0
898 962 1.0
962 961 1.0
961 962 1.0
963 451 1.0
451 963 1.0
963 707 2.0
707 963 2.0
963 835 1.0
835 963 1.0
963 899 1.0
899 963 1.0
963 961 1.0
961 963 1.0
964 452 1.0
452 964 1.0
964 708 1.0
708 964 1.0
964 836 1.0
836 964 1.0
964 900 1.0
900 964 1.0
964 962 1.0
962 964 1.0
964 963 1.0
963 964 1.0
965 453 1.0
453 965 1.0
965 709 1.0
709 965 1.0
965 837 1.0
837 965 1.0
965 901 1.0
901 965 1.0
965 961 1.0
961 965 1.0
966 454 2.0
454 966 2.0
966 710 1.0
710 966 1.0
966 838 1.0
838 966 1.0
966 902 1.0
902 966 1.0
966 962 1.0
962 966 1.0
966 965 1.0
965 966 1.0
967 455 2.0
455 967 2.0
967 711 1.0
711 967 1.0
967 839 1.0
839 967 1.0
967 903 1.0
903 967 1.0
967 963 1.0
963 967 1.0
967 965 1.0
965 967 1.0
968 456 1.0
456 968 1.0
968 712 1.0
712 968 1.0
968 840 1.0
840 968 1.0
968 904 1.0
904 968 1.0
968 964 1.0
964 968 1.0
968 966 1.0
966 968 1.0
968 967 1.0
967 968 1.0
969 457 2.0
457 969 2.0
969 713 1.0
713 969 1.0
969 841 1.0
841 969 1.0
969 905 1.0
905 969 1.0
969 961 1.0
961 969 1.0
970 458 2.0
458 970 2.0
970 714 2.0
714 970 2.0
970 842 2.0
842 970 2.0
970 906 2.0
906 970 2.0
970 962 2.0
962 970 2.0
970 969 2.0
969 970 2.0
971 459 1.0
459 971 1.0
971 715 1.0
715 971 1.0
971 843 1.0
843 971 1.0
971 907 1.0
907 971 1.0
971 963 1.0
963 971 1.0
971 969 1.0
969 971 1.0
972 460 1.0
460 972 1.0
972 716 1.0
716 972 1.0
972 844 1.0
844 972 1.0
972 908 1.0
908 972 1.0
972 964 1.0
964 972 1.0
972 970 2.0
970 972 2.0
972 971 1.0
971 972 1.0
973 461 1.0
461 973 1.0
973 717 1.0
717 973 1.0
973 845 2.0
845 973 2.0
973 909 1.0
909 973 1.0
973 965 1.0
965 973 1.0
973 969 1.0
969 973 1.0
974 462 1.0
462 974 1.0
974 718 1.0
718 974 1.0
974 846 1.0
846 974 1.0
974 910 1.0
910 974 1.0
974 966 1.0
966 974 1.0
974 970 2.0
970 974 2.0
974 973 1.0
973 974 1.0
975 463 1.0
463 975 1.0
975 719 1.0
719 975 1.0
975 847 1.0
847 975 1.0
975 911 2.0
911 975 2.0
975 967 1.0
967 975 1.0
975 971 1.0
971 975 1.0
975 973 1.0
973 975 1.0
976 464 1.0
464 976 1.0
976 720 1.0
720 976 1.0
976 848 1.0
848 976 1.0
976 912 1.0
912 976 1.0
976 968 1.0
968 976 1.0
976 972 1.0
972 976 1.0
976 974 1.0
974 976 1.0
976 975 1.0
975 976 1.0
977 465 1.0
465 977 1.0
977 721 1.0
721 977 1.0
977 849 1.0
849 977 1.0
977 913 1.0
913 977 1.0
977 961 1.0
961 977 1.0
978 466 1.0
466 978 1.0
978 722 1.0
722 978 1.0
978 850 1.0
850 978 1.0
978 914 1.0
914 978 1.0
978 962 1.0
962 978 1.0
978 977 1.0
977 978 1.0
979 467 1.0
467 979 1.0
979 723 2.0
723 979 2.0
979 851 1.0
851 979 1.0
979 915 2.0
915 979 2.0
979 963 1.0
963 979 1.0
979 977 1.0
977 979 1.0
980 468 1.0
468 980 1.0
980 724 1.0
724 980 1.0
980 852 1.0
852 980 1.0
980 916 1.0
916 980 1.0
980 964 1.0
964 980 1.0
980 978 1.0
978 980 1.0
980 979 1.0
979 980 1.0
981 469 3.0
469 981 3.0
981 725 2.0
725 981 2.0
981 853 2.0
853 981 2.0
981 917 2.0
917 981 2.0
981 965 2.0
965 981 2.0
981 977 2.0
977 981 2.0
982 470 1.0
470 982 1.0
982 726 1.0
726 982 1.0
982 854 1.0
854 982 1.0
982 918 2.0
918 982 2.0
982 966 1.0
966 982 1.0
982 978 1.0
978 982 1.0
982 981 2.0
981 982 2.0
983 471 1.0
471 983 1.0
983 727 1.0
727 983 1.0
983 855 1.0
855 983 1.0
983 919 2.0
919 983 2.0
983 967 1.0
967 983 1.0
983 979 1.0
979 983 1.0
983 981 2.0
981 983 2.0
984 472 2.0
472 984 2.0
984 728 2.0
728 984 2.0
984 856 2.0
856 984 2.0
984 920 2.0
920 984 2.0
984 968 2.0
968 984 2.0
984 980 2.0
980 984 2.0
984 982 2.0
982 984 2.0
984 983 2.0
983 984 2.0
985 473 1.0
473 985 1.0
985 729 1.0
729 985 1.0
985 857 1.0
857 985 1.0
985 921 1.0
921 985 1.0
985 969 1.0
969 985 1.0
985 977 1.0
977 985 1.0
986 474 1.0
474 986 1.0
986 730 1.0
730 986 1.0
986 858 1.0
858 986 1.0
986 922 1.0
922 986 1.0
986 970 2.0
970 986 2.0
986 978 1.0
978 986 1.0
986 985 1.0
985 986 1.0
987 475 1.0
475 987 1.0
987 731 1.0
731 987 1.0
987 859 2.0
859 987 2.0
987 923 1.0
923 987 1.0
987 971 1.0
971 987 1.0
987 979 1.0
979 987 1.0
987 985 1.0
985 987 1.0
988 476 2.0
476 988 2.0
988 732 1.0
732 988 1.0
988 860 1.0
860 988 1.0
988 924 1.0
924 988 1.0
988 972 1.0
972 988 1.0
988 980 1.0
980 988 1.0
988 986 1.0
986 988 1.0
988 987 1.0
987 988 1.0
989 477 1.0
477 989 1.0
989 733 1.0
733 989 1.0
989 861 1.0
861 989 1.0
989 925 1.0
925 989 1.0
989 973 1.0
973 989 1.0
989 981 2.0
981 989 2.0
989 985 1.0
985 989 1.0
990 478 1.0
478 990 1.0
990 734 2.0
734 990 2.0
990 862 1.0
862 990 1.0
990 926 1.0
926 990 1.0
990 974 1.0
974 990 1.0
990 982 1.0
982 990 1.0
990 986 1.0
986 990 1.0
990 989 1.0
989 990 1.0
991 479 1.0
479 991 1.0
991 735 1.0
735 991 1.0
991 863 1.0
863 991 1.0
991 927 1.0
927 991 1.0
991 975 1.0
975 991 1.0
991 983 1.0
983 991 1.0
991 987 1.0
987 991 1.0
991 989 1.0
989 991 1.0
992 480 1.0
480 992 1.0
992 736 1.0
736 992 1.0
992 864 1.0
864 992 1.0
992 928 1.0
928 992 1.0
992 976 1.0
976 992 1.0
992 984 2.0
984 992 2.0
992 988 1.0
988 992 1.0
992 990 1.0
990 992 1.0
992 991 1.0
991 992 1.0
993 481 1.0
481 993 1.0
993 737 1.0
737 993 1.0
993 865 1.0
865 993 1.0
993 929 1.0
929 993 1.0
993 961 1.0
961 993 1.0
994 482 1.0
482 994 1.0
994 738 1.0
738 994 1.0
994 866 1.0
866 994 1.0
994 930 2.0
930 994 2.0
994 962 1.0
962 994 1.0
994 993 1.0
993 994 1.0
995 483 1.0
483 995 1.0
995 739 1.0
739 995 1.0
995 867 1.0
867 995 1.0
995 931 1.0
931 995 1.0
995 963 1.0
963 995 1.0
995 993 1.0
993 995 1.0
996 484 2.0
484 996 2.0
996 740 1.0
740 996 1.0
996 868 2.0
868 996 2.0
996 932 1.0
932 996 1.0
996 964 1.0
964 996 1.0
996 994 1.0
994 996 1.0
996 995 1.0
995 996 1.0
997 485 2.0
485 997 2.0
997 741 1.0
741 997 1.0
997 869 1.0
869 997 1.0
997 933 1.0
933 997 1.0
997 965 1.0
965 997 1.0
997 993 1.0
993 997 1.0
998 486 1.0
486 998 1.0
998 742 2.0
742 998 2.0
998 870 1.0
870 998 1.0
998 934 1.0
934 998 1.0
998 966 1.0
966 998 1.0
998 994 1.0
994 998 1.0
998 997 1.0
997 998 1.0
999 487 2.0
487 999 2.0
999 743 2.0
743 999 2.0
999 871 2.0
871 999 2.0
999 935 2.0
935 999 2.0
999 967 2.0
967 999 2.0
999 995 2.0
995 999 2.0
999 997 2.0
997 999 2.0
1000 488 1.0
488 1000 1.0
1000 744 1.0
744 1000 1.0
1000 872 1.0
872 1000 1.0
1000 936 1.0
936 1000 1.0
1000 968 1.0
968 1000 1.0
1000 996 1.0
996 1000 1.0
1000 998 1.0
998 1000 1.0
1000 999 2.0
999 1000 2.0
1001 489 1.0
489 1001 1.0
1001 745 1.0
745 1001 1.0
1001 873 1.0
873 1001 1.0
1001 937 1.0
937 1001 1.0
1001 969 1.0
969 1001 1.0
1001 993 1.0
993 1001 1.0
1002 490 1.0
490 1002 1.0
1002 746 1.0
746 1002 1.0
1002 874 1.0
874 1002 1.0
1002 938 1.0
938 1002 1.0
1002 970 2.0
970 1002 2.0
1002 994 1.0
994 1002 1.0
1002 1001 1.0
1001 1002 1.0
1003 491 2.0
491 1003 2.0
1003 747 2.0
747 1003 2.0
1003 875 2.0
875 1003 2.0
1003 939 2.0
939 1003 2.0
1003 971 2.0
971 1003 2.0
1003 995 2.0
995 1003 2.0
1003 1001 2.0
1001 1003 2.0
1004 492 1.0
492 1004 1.0
1004 748 2.0
748 1004 2.0
1004 876 1.0
876 1004 1.0
1004 940 1.0
940 1004 1.0
1004 972 1.0
972 1004 1.0
1004 996 1.0
996 1004 1.0
1004 1002 1.0
1002 1004 1.0
1004 1003 2.0
1003 1004 2.0
1005 493 1.0
493 1005 1.0
1005 749 1.0
749 1005 1.0
1005 877 1.0
877 1005 1.0
1005 941 1.0
941 1005 1.0
1005 973 1.0
973 1005 1.0
1005 997 1.0
997 1005 1.0
1005 1001 1.0
1001 1005 1.0
1006 494 1.0
494 1006 1.0
1006 750 1.0
750 1006 1.0
1006 878 1.0
878 1006 1.0
1006 942 1.0
942 1006 1.0
1006 974 1.0
974 1006 1.0
1006 998 1.0
998 1006 1.0
1006 1002 1.0
1002 1006 1.0
1006 1005 1.0
1005 1006 1.0
1007 495 1.0
495 1007 1.0
1007 751 1.0
751 1007 1.0
1007 879 2.0
879 1007 2.0
1007 943 1.0
943 1007 1.0
1007 975 1.0
975 1007 1.0
1007 999 2.0
999 1007 2.0
1007 1003 2.0
1003 1007 2.0
1007 1005 1.0
1005 1007 1.0
1008 496 2.0
496 1008 2.0
1008 752 2.0
752 1008 2.0
1008 880 2.0
880 1008 2.0
1008 944 2.0
944 1008 2.0
1008 976 2.0
976 1008 2.0
1008 1000 2.0
1000 1008 2.0
1008 1004 2.0
1004 1008 2.0
1008 1006 2.0
1006 1008 2.0
1008 1007 2.0
1007 1008 2.0
1009 497 1.0
497 1009 1.0
1009 753 2.0
753 1009 2.0
1009 881 1.0
881 1009 1.0
1009 945 1.0
945 1009 1.0
1009 977 1.0
977 1009 1.0
1009 993 1.0
993 1009 1.0
1010 498 1.0
498 1010 1.0
1010 754 1.0
754 1010 1.0
1010 882 1.0
882 1010 1.0
1010 946 1.0
946 1010 1.0
1010 978 1.0
978 1010 1.0
1010 994 1.0
994 1010 1.0
1010 1009 1.0
1009 1010 1.0
1011 499 1.0
499 1011 1.0
1011 755 1.0
755 1011 1.0
1011 883 1.0
883 1011 1.0
1011 947 1.0
947 1011 1.0
1011 979 1.0
979 1011 1.0
1011 995 1.0
995 1011 1.0
1011 1009 1.0
1009 1011 1.0
1012 500 1.0
500 1012 1.0
1012 756 1.0
756 1012 1.0
1012 884 2.0
884 1012 2.0
1012 948 1.0
948 1012 1.0
1012 980 1.0
980 1012 1.0
1012 996 1.0
996 1012 1.0
1012 1010 1.0
1010 1012 1.0
1012 1011 1.0
1011 1012 1.0
1013 501 1.0
501 1013 1.0
1013 757 1.0
757 1013 1.0
1013 885 1.0
885 1013 1.0
1013 949 1.0
949 1013 1.0
1013 981 2.0
981 1013 2.0
1013 997 1.0
997 1013 1.0
1013 1009 1.0
1009 1013 1.0
1014 502 2.0
502 1014 2.0
1014 758 1.0
758 1014 1.0
1014 886 2.0
886 1014 2.0
1014 950 1.0
950 1014 1.0
1014 982 1.0
982 1014 1.0
1014 998 1.0
998 1014 1.0
1014 1010 1.0
1010 1014 1.0
1014 1013 1.0
1013 1014 1.0
1015 503 1.0
503 1015 1.0
1015 759 1.0
759 1015 1.0
1015 887 1.0
887 1015 1.0
1015 951 1.0
951 1015 1.0
1015 983 1.0
983 1015 1.0
1015 999 2.0
999 1015 2.0
1015 1011 1.0
1011 1015 1.0
1015 1013 1.0
1013 1015 1.0
1016 504 1.0
504 1016 1.0
1016 760 1.0
760 1016 1.0
1016 888 1.0
888 1016 1.0
1016 952 1.0
952 1016 1.0
1016 984 2.0
984 1016 2.0
1016 1000 1.0
1000 1016 1.0
1016 1012 1.0
1012 1016 1.0
1016 1014 1.0
1014 1016 1.0
1016 1015 1.0
1015 1016 1.0
1017 505 1.0
505 1017 1.0
1017 761 2.0
761 1017 2.0
1017 889 1.0
889 1017 1.0
1017 953 1.0
953 1017 1.0
1017 985 1.0
985 1017 1.0
1017 1001 1.0
1001 1017 1.0
1017 1009 1.0
1009 1017 1.0
1018 506 1.0
506 1018 1.0
1018 762 1.0
762 1018 1.0
1018 890 1.0
890 1018 1.0
1018 954 1.0
954 1018 1.0
1018 986 1.0
986 1018 1.0
1018 1002 1.0
1002 1018 1.0
1018 1010 1.0
1010 1018 1.0
1018 1017 1.0
1017 1018 1.0
1019 507 2.0
507 1019 2.0
1019 763 1.0
763 1019 1.0
1019 891 1.0
891 1019 1.0
1019 955 2.0
955 1019 2.0
1019 987 1.0
987 1019 1.0
1019 1003 2.0
1003 1019 2.0
1019 1011 1.0
1011 1019 1.0
1019 1017 1.0
1017 1019 1.0
1020 508 1.0
508 1020 1.0
1020 764 1.0
764 1020 1.0
1020 892 1.0
892 1020 1.0
1020 956 1.0
956 1020 1.0
1020 988 1.0
988 1020 1.0
1020 1004 1.0
1004 1020 1.0
1020 1012 1.0
1012 1020 1.0
1020 1018 1.0
1018 1020 1.0
1020 1019 1.0
1019 1020 1.0
1021 509 1.0
509 1021 1.0
1021 765 1.0
765 1021 1.0
1021 893 2.0
893 1021 2.0
1021 957 1.0
957 1021 1.0
1021 989 1.0
989 1021 1.0
1021 1005 1.0
1005 1021 1.0
1021 1013 1.0
1013 1021 1.0
1021 1017 1.0
1017 1021 1.0
1022 510 2.0
510 1022 2.0
1022 766 1.0
766 1022 1.0
1022 894 1.0
894 1022 1.0
1022 958 1.0
958 1022 1.0
1022 990 1.0
990 1022 1.0
1022 1006 1.0
1006 1022 1.0
1022 1014 1.0
1014 1022 1.0
1022 1018 1.0
1018 1022 1.0
1022 1021 1.0
1021 1022 1.0
1023 511 1.0
511 1023 1.0
1023 767 1.0
767 1023 1.0
1023 895 1.0
895 1023 1.0
1023 959 1.0
959 1023 1.0
1023 991 1.0
991 1023 1.0
1023 1007 1.0
1007 1023 1.0
1023 1015 1.0
1015 1023 1.0
1023 1019 1.0
1019 1023 1.0
1023 1021 1.0
1021 1023 1.0
1024 512 1.0
512 1024 1.0
1024 768 2.0
768 1024 2.0
1024 896 1.0
896 1024 1.0
1024 960 1.0
960 1024 1.0
1024 992 1.0
992 1024 1.0
1024 1008 2.0
1008 1024 2.0
1024 1016 1.0
1016 1024 1.0
1024 1020 1.0
1020 1024 1.0
1024 1022 1.0
1022 1024 1.0
1024 1023 1.0
1023 1024 1.0
1025 1 1.0
1 1025 1.0
1026 2 1.0
2 1026 1.0
1026 1025 1.0
1025 1026 1.0
1027 3 1.0
3 1027 1.0
1027 1025 1.0
1025 1027 1.0
1028 4 1.0
4 1028 1.0
1028 1026 1.0
1026 1028 1.0
1028 1027 1.0
1027 1028 1.0
1029 5 2.0
5 1029 2.0
1029 1025 1.0
1025 1029 1.0
1030 6 1.0
6 1030 1.0
1030 1026 1.0
1026 1030 1.0
1030 1029 1.0
1029 1030 1.0
1031 7 1.0
7 1031 1.0
1031 1027 1.0
1027 1031 1.0
1031 1029 1.0
1029 1031 1.0
1032 8 2.0
8 1032 2.0
1032 1028 2.0
1028 1032 2.0
1032 1030 2.0
1030 1032 2.0
1032 1031 2.0
1031 1032 2.0
1033 9 2.0
9 1033 2.0
1033 1025 2.0
1025 1033 2.0
1034 10 1.0
10 1034 1.0
1034 1026 1.0
1026 1034 1.0
1034 1033 2.0
1033 1034 2.0
1035 11 1.0
11 1035 1.0
1035 1027 1.0
1027 1035 1.0
1035 1033 2.0
1033 1035 2.0
1036 12 1.0
12 1036 1.0
1036 1028 1.0
1028 1036 1.0
1036 1034 1.0
1034 1036 1.0
1036 1035 1.0
1035 1036 1.0
1037 13 1.0
13 1037 1.0
1037 1029 1.0
1029 1037 1.0
1037 1033 2.0
1033 1037 2.0
1038 14 1.0
14 1038 1.0
1038 1030 1.0
1030 1038 1.0
1038 1034 1.0
1034 1038 1.0
1038 1037 1.0
1037 1038 1.0
1039 15 1.0
15 1039 1.0
1039 1031 1.0
1031 1039 1.0
1039 1035 1.0
1035 1039 1.0
1039 1037 1.0
1037 1039 1.0
1040 16 1.0
16 1040 1.0
1040 1032 2.0
1032 1040 2.0
1040 1036 1.0
1036 1040 1.0
1040 1038 1.0
1038 1040 1.0
1040 1039 1.0
1039 1040 1.0
1041 17 1.0
17 1041 1.0
1041 1025 1.0
1025 1041 1.0
1042 18 1.0
18 1042 1.0
1042 1026 1.0
1026 1042 1.0
1042 1041 1.0
1041 1042 1.0
1043 19 1.0
19 1043 1.0
1043 1027 1.0
1027 1043 1.0
1043 1041 1.0
1041 1043 1.0
1044 20 2.0
20 1044 2.0
1044 1028 1.0
1028 1044 1.0
1044 1042 1.0
1042 1044 1.0
1044 1043 1.0
1043 1044 1.0
1045 21 1.0
21 1045 1.0
1045 1029 1.0
1029 1045 1.0
1045 1041 1.0
1041 1045 1.0
1046 22 1.0
22 1046 1.0
1046 1030 1.0
1030 1046 1.0
1046 1042 1.0
1042 1046 1.0
1046 1045 1.0
1045 1046 1.0
1047 23 1.0
23 1047 1.0
1047 1031 1.0
1031 1047 1.0
1047 1043 1.0
1043 1047 1.0
1047 1045 1.0
1045 1047 1.0
1048 24 1.0
24 1048 1.0
1048 1032 2.0
1032 1048 2.0
1048 1044 1.0
1044 1048 1.0
1048 1046 1.0
1046 1048 1.0
1048 1047 1.0
1047 1048 1.0
1049 25 2.0
25 1049 2.0
1049 1033 2.0
1033 1049 2.0
1049 1041 1.0
1041 1049 1.0
1050 26 1.0
26 1050 1.0
1050 1034 1.0
1034 1050 1.0
1050 1042 1.0
1042 1050 1.0
1050 1049 1.0
1049 1050 1.0
1051 27 1.0
27 1051 1.0
1051 1035 1.0
1035 1051 1.0
1051 1043 1.0
1043 1051 1.0
1051 1049 1.0
1049 1051 1.0
1052 28 2.0
28 1052 2.0
1052 1036 2.0
1036 1052 2.0
1052 1044 2.0
1044 1052 2.0
1052 1050 2.0
1050 1052 2.0
1052 1051 2.0
1051 1052 2.0
1053 29 1.0
29 1053 1.0
1053 1037 1.0
1037 1053 1.0
1053 1045 1.0
1045 1053 1.0
1053 1049 1.0
1049 1053 1.0
1054 30 1.0
30 1054 1.0
1054 1038 1.0
1038 1054 1.0
1054 1046 1.0
1046 1054 1.0
1054 1050 1.0
1050 1054 1.0
1054 1053 1.0
1053 1054 1.0
1055 31 1.0
31 1055 1.0
1055 1039 1.0
1039 1055 1.0
1055 1047 1.0
1047 1055 1.0
1055 1051 1.0
1051 1055 1.0
1055 1053 1.0
1053 1055 1.0
1056 32 1.0
32 1056 1.0
1056 1040 1.0
1040 1056 1.0
1056 1048 1.0
1048 1056 1.0
1056 1052 2.0
1052 1056 2.0
1056 1054 1.0
1054 1056 1.0
1056 1055 1.0
1055 1056 1.0
1057 33 1.0
33 1057 1.0
1057 1025 1.0
1025 1057 1.0
1058 34 2.0
34 1058 2.0
1058 1026 1.0
1026 1058 1.0
1058 1057 1.0
1057 1058 1.0
1059 35 1.0
35 1059 1.0
1059 1027 1.0
1027 1059 1.0
1059 1057 1.0
1057 1059 1.0
1060 36 1.0
36 1060 1.0
1060 1028 1.0
1028 1060 1.0
1060 1058 1.0
1058 1060 1.0
1060 1059 1.0
1059 1060 1.0
1061 37 1.0
37 1061 1.0
1061 1029 1.0
1029 1061 1.0
1061 1057 1.0
1057 1061 1.0
1062 38 1.0
38 1062 1.0
1062 1030 1.0
1030 1062 1.0
1062 1058 1.0
1058 1062 1.0
1062 1061 1.0
1061 1062 1.0
1063 39 2.0
39 1063 2.0
1063 1031 2.0
1031 1063 2.0
1063 1059 2.0
1059 1063 2.0
1063 1061 2.0
1061 1063 2.0
1064 40 1.0
40 1064 1.0
1064 1032 2.0
1032 1064 2.0
1064 1060 1.0
1060 1064 1.0
1064 1062 1.0
1062 1064 1.0
1064 1063 2.0
1063 1064 2.0
1065 41 1.0
41 1065 1.0
1065 1033 2.0
1033 1065 2.0
1065 1057 1.0
1057 1065 1.0
1066 42 1.0
42 1066 1.0
1066 1034 1.0
1034 1066 1.0
1066 1058 1.0
1058 1066 1.0
1066 1065 1.0
1065 1066 1.0
1067 43 2.0
43 1067 2.0
1067 1035 1.0
1035 1067 1.0
1067 1059 1.0
1059 1067 1.0
1067 1065 1.0
1065 1067 1.0
1068 44 2.0
44 1068 2.0
1068 1036 1.0
1036 1068 1.0
1068 1060 1.0
1060 1068 1.0
1068 1066 1.0
1066 1068 1.0
1068 1067 1.0
1067 1068 1.0
1069 45 2.0
45 1069 2.0
1069 1037 2.0
1037 1069 2.0
1069 1061 2.0
1061 1069 2.0
1069 1065 2.0
1065 1069 2.0
1070 46 1.0
46 1070 1.0
1070 1038 1.0
1038 1070 1.0
1070 1062 1.0
1062 1070 1.0
1070 1066 1.0
1066 1070 1.0
1070 1069 2.0
1069 1070 2.0
1071 47 1.0
47 1071 1.0
1071 1039 1.0
1039 1071 1.0
1071 1063 2.0
1063 1071 2.0
1071 1067 1.0
1067 1071 1.0
1071 1069 2.0
1069 1071 2.0
1072 48 1.0
48 1072 1.0
1072 1040 1.0
1040 1072 1.0
1072 1064 1.0
1064 1072 1.0
1072 1068 1.0
1068 1072 1.0
1072 1070 1.0
1070 1072 1.0
1072 1071 1.0
1071 1072 1.0
1073 49 1.0
49 1073 1.0
1073 1041 1.0
1041 1073 1.0
1073 1057 1.0
1057 1073 1.0
1074 50 1.0
50 1074 1.0
1074 1042 1.0
1042 1074 1.0
1074 1058 1.0
1058 1074 1.0
1074 1073 1.0
1073 1074 1.0
1075 51 1.0
51 1075 1.0
1075 1043 1.0
1043 1075 1.0
1075 1059 1.0
1059 1075 1.0
1075 1073 1.0
1073 1075 1.0
1076 52 1.0
52 1076 1.0
1076 1044 1.0
1044 1076 1.0
1076 1060 1.0
1060 1076 1.0
1076 1074 1.0
1074 1076 1.0
1076 1075 1.0
1075 1076 1.0
1077 53 1.0
53 1077 1.0
1077 1045 1.0
1045 1077 1.0
1077 1061 1.0
1061 1077 1.0
1077 1073 1.0
1073 1077 1.0
1078 54 2.0
54 1078 2.0
1078 1046 2.0
1046 1078 2.0
1078 1062 2.0
1062 1078 2.0
1078 1074 2.0
1074 1078 2.0
1078 1077 2.0
1077 1078 2.0
1079 55 1.0
55 1079 1.0
1079 1047 1.0
1047 1079 1.0
1079 1063 2.0
1063 1079 2.0
1079 1075 1.0
1075 1079 1.0
1079 1077 1.0
1077 1079 1.0
1080 56 1.0
56 1080 1.0
1080 1048 1.0
1048 1080 1.0
1080 1064 1.0
1064 1080 1.0
1080 1076 1.0
1076 1080 1.0
1080 1078 2.0
1078 1080 2.0
1080 1079 1.0
1079 1080 1.0
1081 57 1.0
57 1081 1.0
1081 1049 1.0
1049 1081 1.0
1081 1065 1.0
1065 1081 1.0
1081 1073 1.0
1073 1081 1.0
1082 58 1.0
58 1082 1.0
1082 1050 1.0
1050 1082 1.0
1082 1066 1.0
1066 1082 1.0
1082 1074 1.0
1074 1082 1.0
1082 1081 1.0
1081 1082 1.0
1083 59 1.0
59 1083 1.0
1083 1051 1.0
1051 1083 1.0
1083 1067 1.0
1067 1083 1.0
1083 1075 1.0
1075 1083 1.0
1083 1081 1.0
1081 1083 1.0
1084 60 2.0
60 1084 2.0
1084 1052 2.0
1052 1084 2.0
1084 1068 1.0
1068 1084 1.0
1084 1076 1.0
1076 1084 1.0
1084 1082 1.0
1082 1084 1.0
1084 1083 1.0
1083 1084 1.0
1085 61 1.0
61 1085 1.0
1085 1053 1.0
1053 1085 1.0
1085 1069 2.0
1069 1085 2.0
1085 1077 1.0
1077 1085 1.0
1085 1081 1.0
1081 1085 1.0
1086 62 2.0
62 1086 2.0
1086 1054 1.0
1054 1086 1.0
1086 1070 1.0
1070 1086 1.0
1086 1078 2.0
1078 1086 2.0
1086 1082 1.0
1082 1086 1.0
1086 1085 1.0
1085 1086 1.0
1087 63 1.0
63 1087 1.0
1087 1055 1.0
1055 1087 1.0
1087 1071 1.0
1071 1087 1.0
1087 1079 1.0
1079 1087 1.0
1087 1083 1.0
1083 1087 1.0
1087 1085 1.0
1085 1087 1.0
1088 64 1.0
64 1088 1.0
1088 1056 1.0
1056 1088 1.0
1088 1072 1.0
1072 1088 1.0
1088 1080 1.0
1080 1088 1.0
1088 1084 1.0
1084 1088 1.0
1088 1086 1.0
1086 1088 1.0
1088 1087 1.0
1087 1088 1.0
1089 65 1.0
65 1089 1.0
1089 1025 1.0
1025 1089 1.0
1090 66 1.0
66 1090 1.0
1090 1026 1.0
1026 1090 1.0
1090 1089 1.0
1089 1090 1.0
1091 67 2.0
67 1091 2.0
1091 1027 1.0
1027 1091 1.0
1091 1089 1.0
1089 1091 1.0
1092 68 1.0
68 1092 1.0
1092 1028 1.0
1028 1092 1.0
1092 1090 1.0
1090 1092 1.0
1092 1091 1.0
1091 1092 1.0
1093 69 1.0
69 1093 1.0
1093 1029 1.0
1029 1093 1.0
1093 1089 1.0
1089 1093 1.0
1094 70 1.0
70 1094 1.0
1094 1030 1.0
1030 1094 1.0
1094 1090 1.0
1090 1094 1.0
1094 1093 1.0
1093 1094 1.0
1095 71 1.0
71 1095 1.0
1095 1031 1.0
1031 1095 1.0
1095 1091 1.0
1091 1095 1.0
1095 1093 1.0
1093 1095 1.0
1096 72 1.0
72 1096 1.0
1096 1032 2.0
1032 1096 2.0
1096 1092 1.0
1092 1096 1.0
1096 1094 1.0
1094 1096 1.0
1096 1095 1.0
1095 1096 1.0
1097 73 1.0
73 1097 1.0
1097 1033 2.0
1033 1097 2.0
1097 1089 1.0
1089 1097 1.0
1098 74 1.0
74 1098 1.0
1098 1034 1.0
1034 1098 1.0
1098 1090 1.0
1090 1098 1.0
1098 1097 1.0
1097 1098 1.0
1099 75 1.0
75 1099 1.0
1099 1035 1.0
1035 1099 1.0
1099 1091 1.0
1091 1099 1.0
1099 1097 1.0
1097 1099 1.0
1100 76 1.0
76 1100 1.0
1100 1036 1.0
1036 1100 1.0
1100 1092 1.0
1092 1100 1.0
1100 1098 1.0
1098 1100 1.0
1100 1099 1.0
1099 1100 1.0
1101 77 1.0
77 1101 1.0
1101 1037 1.0
1037 1101 1.0
1101 1093 1.0
1093 1101 1.0
1101 1097 1.0
1097 1101 1.0
1102 78 3.0
78 1102 3.0
1102 1038 2.0
1038 1102 2.0
1102 1094 2.0
1094 1102 2.0
1102 1098 2.0
1098 1102 2.0
1102 1101 2.0
1101 1102 2.0
1103 79 2.0
79 1103 2.0
1103 1039 2.0
1039 1103 2.0
1103 1095 2.0
1095 1103 2.0
1103 1099 2.0
1099 1103 2.0
1103 1101 2.0
1101 1103 2.0
1104 80 1.0
80 1104 1.0
1104 1040 1.0
1040 1104 1.0
1104 1096 1.0
1096 1104 1.0
1104 1100 1.0
1100 1104 1.0
1104 1102 2.0
1102 1104 2.0
1104 1103 2.0
1103 1104 2.0
1105 81 1.0
81 1105 1.0
1105 1041 1.0
1041 1105 1.0
1105 1089 1.0
1089 1105 1.0
1106 82 1.0
82 1106 1.0
1106 1042 1.0
1042 1106 1.0
1106 1090 1.0
1090 1106 1.0
1106 1105 1.0
1105 1106 1.0
1107 83 1.0
83 1107 1.0
1107 1043 1.0
1043 1107 1.0
1107 1091 1.0
1091 1107 1.0
1107 1105 1.0
1105 1107 1.0
1108 84 2.0
84 1108 2.0
1108 1044 2.0
1044 1108 2.0
1108 1092 2.0
1092 1108 2.0
1108 1106 2.0
1106 1108 2.0
1108 1107 2.0
1107 1108 2.0
1109 85 2.0
85 1109 2.0
1109 1045 2.0
1045 1109 2.0
1109 1093 2.0
1093 1109 2.0
1109 1105 2.0
1105 1109 2.0
1110 86 1.0
86 1110 1.0
1110 1046 1.0
1046 1110 1.0
1110 1094 1.0
1094 1110 1.0
1110 1106 1.0
1106 1110 1.0
1110 1109 2.0
1109 1110 2.0
1111 87 1.0
87 1111 1.0
1111 1047 1.0
1047 1111 1.0
1111 1095 1.0
1095 1111 1.0
1111 1107 1.0
1107 1111 1.0
1111 1109 2.0
1109 1111 2.0
1112 88 1.0
88 1112 1.0
1112 1048 1.0
1048 1112 1.0
1112 1096 1.0
1096 1112 1.0
1112 1108 2.0
1108 1112 2.0
1112 1110 1.0
1110 1112 1.0
1112 1111 1.0
1111 1112 1.0
1113 89 1.0
89 1113 1.0
1113 1049 1.0
1049 1113 1.0
1113 1097 1.0
1097 1113 1.0
1113 1105 1.0
1105 1113 1.0
1114 90 1.0
90 1114 1.0
1114 1050 1.0
1050 1114 1.0
1114 1098 1.0
1098 1114 1.0
1114 1106 1.0
1106 1114 1.0
1114 1113 1.0
1113 1114 1.0
1115 91 1.0
91 1115 1.0
1115 1051 1.0
1051 1115 1.0
1115 1099 1.0
1099 1115 1.0
1115 1107 1.0
1107 1115 1.0
1115 1113 1.0
1113 1115 1.0
1116 92 1.0
92 1116 1.0
1116 1052 2.0
1052 1116 2.0
1116 1100 1.0
1100 1116 1.0
1116 1108 2.0
1108 1116 2.0
1116 1114 1.0
1114 1116 1.0
1116 1115 1.0
1115 1116 1.0
1117 93 1.0
93 1117 1.0
1117 1053 1.0
1053 1117 1.0
1117 1101 1.0
1101 1117 1.0
1117 1109 2.0
1109 1117 2.0
1117 1113 1.0
1113 1117 1.0
1118 94 1.0
94 1118 1.0
1118 1054 1.0
1054 1118 1.0
1118 1102 2.0
1102 1118 2.0
1118 1110 1.0
1110 1118 1.0
1118 1114 1.0
1114 1118 1.0
1118 1117 1.0
1117 1118 1.0
1119 95 2.0
95 1119 2.0
1119 1055 1.0
1055 1119 1.0
1119 1103 2.0
1103 1119 2.0
1119 1111 1.0
1111 1119 1.0
1119 1115 1.0
1115 1119 1.0
1119 1117 1.0
1117 1119 1.0
1120 96 2.0
96 1120 2.0
1120 1056 1.0
1056 1120 1.0
1120 1104 1.0
1104 1120 1.0
1120 1112 1.0
1112 1120 1.0
1120 1116 1.0
1116 1120 1.0
1120 1118 1.0
1118 1120 1.0
1120 1119 1.0
1119 1120 1.0
1121 97 1.0
97 1121 1.0
1121 1057 1.0
1057 1121 1.0
1121 1089 1.0
1089 1121 1.0
1122 98 2.0
98 1122 2.0
1122 1058 2.0
1058 1122 2.0
1122 1090 2.0
1090 1122 2.0
1122 1121 2.0
1121 1122 2.0
1123 99 2.0
99 1123 2.0
1123 1059 1.0
1059 1123 1.0
1123 1091 1.0
1091 1123 1.0
1123 1121 1.0
1121 1123 1.0
1124 100 1.0
100 1124 1.0
1124 1060 1.0
1060 1124 1.0
1124 1092 1.0
1092 1124 1.0
1124 1122 2.0
1122 1124 2.0
1124 1123 1.0
1123 1124 1.0
1125 101 1.0
101 1125 1.0
1125 1061 1.0
1061 1125 1.0
1125 1093 1.0
1093 1125 1.0
1125 1121 1.0
1121 1125 1.0
1126 102 1.0
102 1126 1.0
1126 1062 1.0
1062 1126 1.0
1126 1094 1.0
1094 1126 1.0
1126 1122 2.0
1122 1126 2.0
1126 1125 1.0
1125 1126 1.0
1127 103 1.0
103 1127 1.0
1127 1063 2.0
1063 1127 2.0
1127 1095 1.0
1095 1127 1.0
1127 1123 1.0
1123 1127 1.0
1127 1125 1.0
1125 1127 1.0
1128 104 1.0
104 1128 1.0
1128 1064 1.0
1064 1128 1.0
1128 1096 1.0
1096 1128 1.0
1128 1124 1.0
1124 1128 1.0
1128 1126 1.0
1126 1128 1.0
1128 1127 1.0
1127 1128 1.0
1129 105 2.0
105 1129 2.0
1129 1065 1.0
1065 1129 1.0
1129 1097 1.0
1097 1129 1.0
1129 1121 1.0
1121 1129 1.0
1130 106 1.0
106 1130 1.0
1130 1066 1.0
1066 1130 1.0
1130 1098 1.0
1098 1130 1.0
1130 1122 2.0
1122 1130 2.0
1130 1129 1.0
1129 1130 1.0
1131 107 1.0
107 1131 1.0
1131 1067 1.0
1067 1131 1.0
1131 1099 1.0
1099 1131 1.0
1131 1123 1.0
1123 1131 1.0
1131 1129 1.0
1129 1131 1.0
1132 108 2.0
108 1132 2.0
1132 1068 1.0
1068 1132 1.0
1132 1100 1.0
1100 1132 1.0
1132 1124 1.0
1124 1132 1.0
1132 1130 1.0
1130 1132 1.0
1132 1131 1.0
1131 1132 1.0
1133 109 1.0
109 1133 1.0
1133 1069 2.0
1069 1133 2.0
1133 1101 1.0
1101 1133 1.0
1133 1125 1.0
1125 1133 1.0
1133 1129 1.0
1129 1133 1.0
1134 110 1.0
110 1134 1.0
1134 1070 1.0
1070 1134 1.0
1134 1102 2.0
1102 1134 2.0
1134 1126 1.0
1126 1134 1.0
1134 1130 1.0
1130 1134 1.0
1134 1133 1.0
1133 1134 1.0
1135 111 1.0
111 1135 1.0
1135 1071 1.0
1071 1135 1.0
1135 1103 2.0
1103 1135 2.0
1135 1127 1.0
1127 1135 1.0
1135 1131 1.0
1131 1135 1.0
1135 1133 1.0
1133 1135 1.0
1136 112 1.0
112 1136 1.0
1136 1072 1.0
1072 1136 1.0
1136 1104 1.0
1104 1136 1.0
1136 1128 1.0
1128 1136 1.0
1136 1132 1.0
1132 1136 1.0
1136 1134 1.0
1134 1136 1.0
1136 1135 1.0
1135 1136 1.0
1137 113 2.0
113 1137 2.0
1137 1073 1.0
1073 1137 1.0
1137 1105 1.0
1105 1137 1.0
1137 1121 1.0
1121 1137 1.0
1138 114 1.0
114 1138 1.0
1138 1074 1.0
1074 1138 1.0
1138 1106 1.0
1106 1138 1.0
1138 1122 2.0
1122 1138 2.0
1138 1137 1.0
1137 1138 1.0
1139 115 1.0
115 1139 1.0
1139 1075 1.0
1075 1139 1.0
1139 1107 1.0
1107 1139 1.0
1139 1123 1.0
1123 1139 1.0
1139 1137 1.0
1137 1139 1.0
1140 116 1.0
116 1140 1.0
1140 1076 1.0
1076 1140 1.0
1140 1108 2.0
1108 1140 2.0
1140 1124 1.0
1124 1140 1.0
1140 1138 1.0
1138 1140 1.0
1140 1139 1.0
1139 1140 1.0
1141 117 2.0
117 1141 2.0
1141 1077 1.0
1077 1141 1.0
1141 1109 2.0
1109 1141 2.0
1141 1125 1.0
1125 1141 1.0
1141 1137 1.0
1137 1141 1.0
1142 118 1.0
118 1142 1.0
1142 1078 2.0
1078 1142 2.0
1142 1110 1.0
1110 1142 1.0
1142 1126 1.0
1126 1142 1.0
1142 1138 1.0
1138 1142 1.0
1142 1141 1.0
1141 1142 1.0
1143 119 1.0
119 1143 1.0
1143 1079 1.0
1079 1143 1.0
1143 1111 1.0
1111 1143 1.0
1143 1127 1.0
1127 1143 1.0
1143 1139 1.0
1139 1143 1.0
1143 1141 1.0
1141 1143 1.0
1144 120 1.0
120 1144 1.0
1144 1080 1.0
1080 1144 1.0
1144 1112 1.0
1112 1144 1.0
1144 1128 1.0
1128 1144 1.0
1144 1140 1.0
1140 1144 1.0
1144 1142 1.0
1142 1144 1.0
1144 1143 1.0
1143 1144 1.0
1145 121 1.0
121 1145 1.0
1145 1081 1.0
1081 1145 1.0
1145 1113 1.0
1113 1145 1.0
1145 1129 1.0
1129 1145 1.0
1145 1137 1.0
1137 1145 1.0
1146 122 1.0
122 1146 1.0
1146 1082 1.0
1082 1146 1.0
1146 1114 1.0
1114 1146 1.0
1146 1130 1.0
1130 1146 1.0
1146 1138 1.0
1138 1146 1.0
1146 1145 1.0
1145 1146 1.0
1147 123 2.0
123 1147 2.0
1147 1083 2.0
1083 1147 2.0
1147 1115 2.0
1115 1147 2.0
1147 1131 2.0
1131 1147 2.0
1147 1139 2.0
1139 1147 2.0
1147 1145 2.0
1145 1147 2.0
1148 124 1.0
124 1148 1.0
1148 1084 1.0
1084 1148 1.0
1148 1116 1.0
1116 1148 1.0
1148 1132 1.0
1132 1148 1.0
1148 1140 1.0
1140 1148 1.0
1148 1146 1.0
1146 1148 1.0
1148 1147 2.0
1147 1148 2.0
1149 125 1.0
125 1149 1.0
1149 1085 1.0
1085 1149 1.0
1149 1117 1.0
1117 1149 1.0
1149 1133 1.0
1133 1149 1.0
1149 1141 1.0
1141 1149 1.0
1149 1145 1.0
1145 1149 1.0
1150 126 1.0
126 1150 1.0
1150 1086 1.0
1086 1150 1.0
1150 1118 1.0
1118 1150 1.0
1150 1134 1.0
1134 1150 1.0
1150 1142 1.0
1142 1150 1.0
1150 1146 1.0
1146 1150 1.0
1150 1149 1.0
1149 1150 1.0
1151 127 1.0
127 1151 1.0
1151 1087 1.0
1087 1151 1.0
1151 1119 1.0
1119 1151 1.0
1151 1135 1.0
1135 1151 1.0
1151 1143 1.0
1143 1151 1.0
1151 1147 2.0
1147 1151 2.0
1151 1149 1.0
1149 1151 1.0
1152 128 1.0
128 1152 1.0
1152 1088 1.0
1088 1152 1.0
1152 1120 1.0
1120 1152 1.0
1152 1136 1.0
1136 1152 1.0
1152 1144 1.0
1144 1152 1.0
1152 1148 1.0
1148 1152 1.0
1152 1150 1.0
1150 1152 1.0
1152 1151 1.0
1151 1152 1.0
1153 129 1.0
129 1153 1.0
1153 1025 1.0
1025 1153 1.0
1154 130 1.0
130 1154 1.0
1154 1026 1.0
1026 1154 1.0
1154 1153 1.0
1153 1154 1.0
1155 131 1.0
131 1155 1.0
1155 1027 1.0
1027 1155 1.0
1155 1153 1.0
1153 1155 1.0
1156 132 2.0
132 1156 2.0
1156 1028 1.0
1028 1156 1.0
1156 1154 1.0
1154 1156 1.0
1156 1155 1.0
1155 1156 1.0
1157 133 2.0
133 1157 2.0
1157 1029 1.0
1029 1157 1.0
1157 1153 1.0
1153 1157 1.0
1158 134 1.0
134 1158 1.0
1158 1030 1.0
1030 1158 1.0
1158 1154 1.0
1154 1158 1.0
1158 1157 1.0
1157 1158 1.0
1159 135 1.0
135 1159 1.0
1159 1031 1.0
1031 1159 1.0
1159 1155 1.0
1155 1159 1.0
1159 1157 1.0
1157 1159 1.0
1160 136 1.0
136 1160 1.0
1160 1032 2.0
1032 1160 2.0
1160 1156 1.0
1156 1160 1.0
1160 1158 1.0
1158 1160 1.0
1160 1159 1.0
1159 1160 1.0
1161 137 1.0
137 1161 1.0
1161 1033 2.0
1033 1161 2.0
1161 1153 1.0
1153 1161 1.0
1162 138 1.0
138 1162 1.0
1162 1034 1.0
1034 1162 1.0
1162 1154 1.0
1154 1162 1.0
1162 1161 1.0
1161 1162 1.0
1163 139 1.0
139 1163 1.0
1163 1035 1.0
1035 1163 1.0
1163 1155 1.0
1155 1163 1.0
1163 1161 1.0
1161 1163 1.0
1164 140 1.0
140 1164 1.0
1164 1036 1.0
1036 1164 1.0
1164 1156 1.0
1156 1164 1.0
1164 1162 1.0
1162 1164 1.0
1164 1163 1.0
1163 1164 1.0
1165 141 1.0
141 1165 1.0
1165 1037 1.0
1037 1165 1.0
1165 1157 1.0
1157 1165 1.0
1165 1161 1.0
1161 1165 1.0
1166 142 1.0
142 1166 1.0
1166 1038 1.0
1038 1166 1.0
1166 1158 1.0
1158 1166 1.0
1166 1162 1.0
1162 1166 1.0
1166 1165 1.0
1165 1166 1.0
1167 143 1.0
143 1167 1.0
1167 1039 1.0
1039 1167 1.0
1167 1159 1.0
1159 1167 1.0
1167 1163 1.0
1163 1167 1.0
1167 1165 1.0
1165 1167 1.0
1168 144 2.0
144 1168 2.0
1168 1040 1.0
1040 1168 1.0
1168 1160 1.0
1160 1168 1.0
1168 1164 1.0
1164 1168 1.0
1168 1166 1.0
1166 1168 1.0
1168 1167 1.0
1167 1168 1.0
1169 145 2.0
145 1169 2.0
1169 1041 2.0
1041 1169 2.0
1169 1153 2.0
1153 1169 2.0
1170 146 1.0
146 1170 1.0
1170 1042 1.0
1042 1170 1.0
1170 1154 1.0
1154 1170 1.0
1170 1169 2.0
1169 1170 2.0
1171 147 2.0
147 1171 2.0
1171 1043 2.0
1043 1171 2.0
1171 1155 2.0
1155 1171 2.0
1171 1169 3.0
1169 1171 3.0
1172 148 1.0
148 1172 1.0
1172 1044 1.0
1044 1172 1.0
1172 1156 1.0
1156 1172 1.0
1172 1170 1.0
1170 1172 1.0
1172 1171 2.0
1171 1172 2.0
1173 149 1.0
149 1173 1.0
1173 1045 1.0
1045 1173 1.0
1173 1157 1.0
1157 1173 1.0
1173 1169 2.0
1169 1173 2.0
1174 150 1.0
150 1174 1.0
1174 1046 1.0
1046 1174 1.0
1174 1158 1.0
1158 1174 1.0
1174 1170 1.0
1170 1174 1.0
1174 1173 1.0
1173 1174 1.0
1175 151 1.0
151 1175 1.0
1175 1047 1.0
1047 1175 1.0
1175 1159 1.0
1159 1175 1.0
1175 1171 2.0
1171 1175 2.0
1175 1173 1.0
1173 1175 1.0
1176 152 1.0
152 1176 1.0
1176 1048 1.0
1048 1176 1.0
1176 1160 1.0
1160 1176 1.0
1176 1172 1.0
1172 1176 1.0
1176 1174 1.0
1174 1176 1.0
1176 1175 1.0
1175 1176 1.0
1177 153 2.0
153 1177 2.0
1177 1049 1.0
1049 1177 1.0
1177 1161 1.0
1161 1177 1.0
1177 1169 2.0
1169 1177 2.0
1178 154 1.0
154 1178 1.0
1178 1050 1.0
1050 1178 1.0
1178 1162 1.0
1162 1178 1.0
1178 1170 1.0
1170 1178 1.0
1178 1177 1.0
1177 1178 1.0
1179 155 1.0
155 1179 1.0
1179 1051 1.0
1051 1179 1.0
1179 1163 1.0
1163 1179 1.0
1179 1171 2.0
1171 1179 2.0
1179 1177 1.0
1177 1179 1.0
1180 156 1.0
156 1180 1.0
1180 1052 2.0
1052 1180 2.0
1180 1164 1.0
1164 1180 1.0
1180 1172 1.0
1172 1180 1.0
1180 1178 1.0
1178 1180 1.0
1180 1179 1.0
1179 1180 1.0
1181 157 1.0
157 1181 1.0
1181 1053 1.0
1053 1181 1.0
1181 1165 1.0
1165 1181 1.0
1181 1173 1.0
1173 1181 1.0
1181 1177 1.0
1177 1181 1.0
1182 158 2.0
158 1182 2.0
1182 1054 2.0
1054 1182 2.0
1182 1166 2.0
1166 1182 2.0
1182 1174 2.0
1174 1182 2.0
1182 1178 2.0
1178 1182 2.0
1182 1181 2.0
1181 1182 2.0
1183 159 1.0
159 1183 1.0
1183 1055 1.0
1055 1183 1.0
1183 1167 1.0
1167 1183 1.0
1183 1175 1.0
1175 1183 1.0
1183 1179 1.0
1179 1183 1.0
1183 1181 1.0
1181 1183 1.0
1184 160 1.0
160 1184 1.0
1184 1056 1.0
1056 1184 1.0
1184 1168 1.0
1168 1184 1.0
1184 1176 1.0
1176 1184 1.0
1184 1180 1.0
1180 1184 1.0
1184 1182 2.0
1182 1184 2.0
1184 1183 1.0
1183 1184 1.0
1185 161 2.0
161 1185 2.0
1185 1057 2.0
1057 1185 2.0
1185 1153 2.0
1153 1185 2.0
1186 162 1.0
162 1186 1.0
1186 1058 1.0
1058 1186 1.0
1186 1154 1.0
1154 1186 1.0
1186 1185 2.0
1185 1186 2.0
1187 163 1.0
163 1187 1.0
1187 1059 1.0
1059 1187 1.0
1187 1155 1.0
1155 1187 1.0
1187 1185 2.0
1185 1187 2.0
1188 164 1.0
164 1188 1.0
1188 1060 1.0
1060 1188 1.0
1188 1156 1.0
1156 1188 1.0
1188 1186 1.0
1186 1188 1.0
1188 1187 1.0
1187 1188 1.0
1189 165 1.0
165 1189 1.0
1189 1061 1.0
1061 1189 1.0
1189 1157 1.0
1157 1189 1.0
1189 1185 2.0
1185 1189 2.0
1190 166 1.0
166 1190 1.0
1190 1062 1.0
1062 1190 1.0
1190 1158 1.0
1158 1190 1.0
1190 1186 1.0
1186 1190 1.0
1190 1189 1.0
1189 1190 1.0
1191 167 1.0
167 1191 1.0
1191 1063 2.0
1063 1191 2.0
1191 1159 1.0
1159 1191 1.0
1191 1187 1.0
1187 1191 1.0
1191 1189 1.0
1189 1191 1.0
1192 168 1.0
168 1192 1.0
1192 1064 1.0
1064 1192 1.0
1192 1160 1.0
1160 1192 1.0
1192 1188 1.0
1188 1192 1.0
1192 1190 1.0
1190 1192 1.0
1192 1191 1.0
1191 1192 1.0
1193 169 1.0
169 1193 1.0
1193 1065 1.0
1065 1193 1.0
1193 1161 1.0
1161 1193 1.0
1193 1185 2.0
1185 1193 2.0
1194 170 1.0
170 1194 1.0
1194 1066 1.0
1066 1194 1.0
1194 1162 1.0
1162 1194 1.0
1194 1186 1.0
1186 1194 1.0
1194 1193 1.0
1193 1194 1.0
1195 171 2.0
171 1195 2.0
1195 1067 1.0
1067 1195 1.0
1195 1163 1.0
1163 1195 1.0
1195 1187 1.0
1187 1195 1.0
1195 1193 1.0
1193 1195 1.0
1196 172 1.0
172 1196 1.0
1196 1068 1.0
1068 1196 1.0
1196 1164 1.0
1164 1196 1.0
1196 1188 1.0
1188 1196 1.0
1196 1194 1.0
1194 1196 1.0
1196 1195 1.0
1195 1196 1.0
1197 173 1.0
173 1197 1.0
1197 1069 2.0
1069 1197 2.0
1197 1165 1.0
1165 1197 1.0
1197 1189 1.0
1189 1197 1.0
1197 1193 1.0
1193 1197 1.0
1198 174 1.0
174 1198 1.0
1198 1070 1.0
1070 1198 1.0
1198 1166 1.0
1166 1198 1.0
1198 1190 1.0
1190 1198 1.0
1198 1194 1.0
1194 1198 1.0
1198 1197 1.0
1197 1198 1.0
1199 175 1.0
175 1199 1.0
1199 1071 1.0
1071 1199 1.0
1199 1167 1.0
1167 1199 1.0
1199 1191 1.0
1191 1199 1.0
1199 1195 1.0
1195 1199 1.0
1199 1197 1.0
1197 1199 1.0
1200 176 2.0
176 1200 2.0
1200 1072 2.0
1072 1200 2.0
1200 1168 2.0
1168 1200 2.0
1200 1192 2.0
1192 1200 2.0
1200 1196 2.0
1196 1200 2.0
1200 1198 2.0
1198 1200 2.0
1200 1199 2.0
1199 1200 2.0
1201 177 1.0
177 1201 1.0
1201 1073 1.0
1073 1201 1.0
1201 1169 2.0
1169 1201 2.0
1201 1185 2.0
1185 1201 2.0
1202 178 1.0
178 1202 1.0
1202 1074 1.0
1074 1202 1.0
1202 1170 1.0
1170 1202 1.0
1202 1186 1.0
1186 1202 1.0
1202 1201 1.0
1201 1202 1.0
1203 179 1.0
179 1203 1.0
1203 1075 1.0
1075 1203 1.0
1203 1171 2.0
1171 1203 2.0
1203 1187 1.0
1187 1203 1.0
1203 1201 1.0
1201 1203 1.0
1204 180 1.0
180 1204 1.0
1204 1076 1.0
1076 1204 1.0
1204 1172 1.0
1172 1204 1.0
1204 1188 1.0
1188 1204 1.0
1204 1202 1.0
1202 1204 1.0
1204 1203 1.0
1203 1204 1.0
1205 181 1.0
181 1205 1.0
1205 1077 1.0
1077 1205 1.0
1205 1173 1.0
1173 1205 1.0
1205 1189 1.0
1189 1205 1.0
1205 1201 1.0
1201 1205 1.0
1206 182 2.0
182 1206 2.0
1206 1078 3.0
1078 1206 3.0
1206 1174 2.0
1174 1206 2.0
1206 1190 2.0
1190 1206 2.0
1206 1202 2.0
1202 1206 2.0
1206 1205 2.0
1205 1206 2.0
1207 183 2.0
183 1207 2.0
1207 1079 1.0
1079 1207 1.0
1207 1175 1.0
1175 1207 1.0
1207 1191 1.0
1191 1207 1.0
1207 1203 1.0
1203 1207 1.0
1207 1205 1.0
1205 1207 1.0
1208 184 2.0
184 1208 2.0
1208 1080 1.0
1080 1208 1.0
1208 1176 1.0
1176 1208 1.0
1208 1192 1.0
1192 1208 1.0
1208 1204 1.0
1204 1208 1.0
1208 1206 2.0
1206 1208 2.0
1208 1207 1.0
1207 1208 1.0
1209 185 1.0
185 1209 1.0
1209 1081 1.0
1081 1209 1.0
1209 1177 1.0
1177 1209 1.0
1209 1193 1.0
1193 1209 1.0
1209 1201 1.0
1201 1209 1.0
1210 186 2.0
186 1210 2.0
1210 1082 1.0
1082 1210 1.0
1210 1178 1.0
1178 1210 1.0
1210 1194 1.0
1194 1210 1.0
1210 1202 1.0
1202 1210 1.0
1210 1209 1.0
1209 1210 1.0
1211 187 1.0
187 1211 1.0
1211 1083 1.0
1083 1211 1.0
1211 1179 1.0
1179 1211 1.0
1211 1195 1.0
1195 1211 1.0
1211 1203 1.0
1203 1211 1.0
1211 1209 1.0
1209 1211 1.0
1212 188 1.0
188 1212 1.0
1212 1084 1.0
1084 1212 1.0
1212 1180 1.0
1180 1212 1.0
1212 1196 1.0
1196 1212 1.0
1212 1204 1.0
1204 1212 1.0
1212 1210 1.0
1210 1212 1.0
1212 1211 1.0
1211 1212 1.0
1213 189 1.0
189 1213 1.0
1213 1085 1.0
1085 1213 1.0
1213 1181 1.0
1181 1213 1.0
1213 1197 1.0
1197 1213 1.0
1213 1205 1.0
1205 1213 1.0
1213 1209 1.0
1209 1213 1.0
1214 190 1.0
190 1214 1.0
1214 1086 1.0
1086 1214 1.0
1214 1182 2.0
1182 1214 2.0
1214 1198 1.0
1198 1214 1.0
1214 1206 2.0
1206 1214 2.0
1214 1210 1.0
1210 1214 1.0
1214 1213 1.0
1213 1214 1.0
1215 191 2.0
191 1215 2.0
1215 1087 2.0
1087 1215 2.0
1215 1183 2.0
1183 1215 2.0
1215 1199 2.0
1199 1215 2.0
1215 1207 2.0
1207 1215 2.0
1215 1211 2.0
1211 1215 2.0
1215 1213 2.0
1213 1215 2.0
1216 192 1.0
192 1216 1.0
1216 1088 1.0
1088 1216 1.0
1216 1184 1.0
1184 1216 1.0
1216 1200 2.0
1200 1216 2.0
1216 1208 1.0
1208 1216 1.0
1216 1212 1.0
1212 1216 1.0
1216 1214 1.0
1214 1216 1.0
1216 1215 2.0
1215 1216 2.0
1217 193 1.0
193 1217 1.0
1217 1089 1.0
1089 1217 1.0
1217 1153 1.0
1153 1217 1.0
1218 194 1.0
194 1218 1.0
1218 1090 1.0
1090 1218 1.0
1218 1154 1.0
1154 1218 1.0
1218 1217 1.0
1217 1218 1.0
1219 195 2.0
195 1219 2.0
1219 1091 2.0
1091 1219 2.0
1219 1155 2.0
1155 1219 2.0
1219 1217 2.0
1217 1219 2.0
1220 196 1.0
196 1220 1.0
1220 1092 1.0
1092 1220 1.0
1220 1156 1.0
1156 1220 1.0
1220 1218 1.0
1218 1220 1.0
1220 1219 2.0
1219 1220 2.0
1221 197 1.0
197 1221 1.0
1221 1093 1.0
1093 1221 1.0
1221 1157 1.0
1157 1221 1.0
1221 1217 1.0
1217 1221 1.0
1222 198 1.0
198 1222 1.0
1222 1094 1.0
1094 1222 1.0
1222 1158 1.0
1158 1222 1.0
1222 1218 1.0
1218 1222 1.0
1222 1221 1.0
1221 1222 1.0
1223 199 1.0
199 1223 1.0
1223 1095 1.0
1095 1223 1.0
1223 1159 1.0
1159 1223 1.0
1223 1219 2.0
1219 1223 2.0
1223 1221 1.0
1221 1223 1.0
1224 200 1.0
200 1224 1.0
1224 1096 1.0
1096 1224 1.0
1224 1160 1.0
1160 1224 1.0
1224 1220 1.0
1220 1224 1.0
1224 1222 1.0
1222 1224 1.0
1224 1223 1.0
1223 1224 1.0
1225 201 2.0
201 1225 2.0
1225 1097 1.0
1097 1225 1.0
1225 1161 1.0
1161 1225 1.0
1225 1217 1.0
1217 1225 1.0
1226 202 2.0
202 1226 2.0
1226 1098 2.0
1098 1226 2.0
1226 1162 2.0
1162 1226 2.0
1226 1218 2.0
1218 1226 2.0
1226 1225 2.0
1225 1226 2.0
1227 203 1.0
203 1227 1.0
1227 1099 1.0
1099 1227 1.0
1227 1163 1.0
1163 1227 1.0
1227 1219 2.0
1219 1227 2.0
1227 1225 1.0
1225 1227 1.0
1228 204 1.0
204 1228 1.0
1228 1100 1.0
1100 1228 1.0
1228 1164 1.0
1164 1228 1.0
1228 1220 1.0
1220 1228 1.0
1228 1226 2.0
1226 1228 2.0
1228 1227 1.0
1227 1228 1.0
1229 205 2.0
205 1229 2.0
1229 1101 2.0
1101 1229 2.0
1229 1165 2.0
1165 1229 2.0
1229 1221 2.0
1221 1229 2.0
1229 1225 2.0
1225 1229 2.0
1230 206 1.0
206 1230 1.0
1230 1102 2.0
1102 1230 2.0
1230 1166 1.0
1166 1230 1.0
1230 1222 1.0
1222 1230 1.0
1230 1226 2.0
1226 1230 2.0
1230 1229 2.0
1229 1230 2.0
1231 207 1.0
207 1231 1.0
1231 1103 2.0
1103 1231 2.0
1231 1167 1.0
1167 1231 1.0
1231 1223 1.0
1223 1231 1.0
1231 1227 1.0
1227 1231 1.0
1231 1229 2.0
1229 1231 2.0
1232 208 1.0
208 1232 1.0
1232 1104 1.0
1104 1232 1.0
1232 1168 1.0
1168 1232 1.0
1232 1224 1.0
1224 1232 1.0
1232 1228 1.0
1228 1232 1.0
1232 1230 1.0
1230 1232 1.0
1232 1231 1.0
1231 1232 1.0
1233 209 1.0
209 1233 1.0
1233 1105 1.0
1105 1233 1.0
1233 1169 2.0
1169 1233 2.0
1233 1217 1.0
1217 1233 1.0
1234 210 2.0
210 1234 2.0
1234 1106 1.0
1106 1234 1.0
1234 1170 1.0
1170 1234 1.0
1234 1218 1.0
1218 1234 1.0
1234 1233 1.0
1233 1234 1.0
1235 211 1.0
211 1235 1.0
1235 1107 1.0
1107 1235 1.0
1235 1171 2.0
1171 1235 2.0
1235 1219 2.0
1219 1235 2.0
1235 1233 1.0
1233 1235 1.0
1236 212 2.0
212 1236 2.0
1236 1108 2.0
1108 1236 2.0
1236 1172 1.0
1172 1236 1.0
1236 1220 1.0
1220 1236 1.0
1236 1234 1.0
1234 1236 1.0
1236 1235 1.0
1235 1236 1.0
1237 213 1.0
213 1237 1.0
1237 1109 2.0
1109 1237 2.0
1237 1173 1.0
1173 1237 1.0
1237 1221 1.0
1221 1237 1.0
1237 1233 1.0
1233 1237 1.0
1238 214 1.0
214 1238 1.0
1238 1110 1.0
1110 1238 1.0
1238 1174 1.0
1174 1238 1.0
1238 1222 1.0
1222 1238 1.0
1238 1234 1.0
1234 1238 1.0
1238 1237 1.0
1237 1238 1.0
1239 215 1.0
215 1239 1.0
1239 1111 1.0
1111 1239 1.0
1239 1175 1.0
1175 1239 1.0
1239 1223 1.0
1223 1239 1.0
1239 1235 1.0
1235 1239 1.0
1239 1237 1.0
1237 1239 1.0
1240 216 1.0
216 1240 1.0
1240 1112 1.0
1112 1240 1.0
1240 1176 1.0
1176 1240 1.0
1240 1224 1.0
1224 1240 1.0
1240 1236 1.0
1236 1240 1.0
1240 1238 1.0
1238 1240 1.0
1240 1239 1.0
1239 1240 1.0
1241 217 1.0
217 1241 1.0
1241 1113 1.0
1113 1241 1.0
1241 1177 1.0
1177 1241 1.0
1241 1225 1.0
1225 1241 1.0
1241 1233 1.0
1233 1241 1.0
1242 218 1.0
218 1242 1.0
1242 1114 1.0
1114 1242 1.0
1242 1178 1.0
1178 1242 1.0
1242 1226 2.0
1226 1242 2.0
1242 1234 1.0
1234 1242 1.0
1242 1241 1.0
1241 1242 1.0
1243 219 1.0
219 1243 1.0
1243 1115 1.0
1115 1243 1.0
1243 1179 1.0
1179 1243 1.0
1243 1227 1.0
1227 1243 1.0
1243 1235 1.0
1235 1243 1.0
1243 1241 1.0
1241 1243 1.0
1244 220 1.0
220 1244 1.0
1244 1116 1.0
1116 1244 1.0
1244 1180 1.0
1180 1244 1.0
1244 1228 1.0
1228 1244 1.0
1244 1236 1.0
1236 1244 1.0
1244 1242 1.0
1242 1244 1.0
1244 1243 1.0
1243 1244 1.0
1245 221 1.0
221 1245 1.0
1245 1117 1.0
1117 1245 1.0
1245 1181 1.0
1181 1245 1.0
1245 1229 2.0
1229 1245 2.0
1245 1237 1.0
1237 1245 1.0
1245 1241 1.0
1241 1245 1.0
1246 222 1.0
222 1246 1.0
1246 1118 1.0
1118 1246 1.0
1246 1182 2.0
1182 1246 2.0
1246 1230 1.0
1230 1246 1.0
1246 1238 1.0
1238 1246 1.0
1246 1242 1.0
1242 1246 1.0
1246 1245 1.0
1245 1246 1.0
1247 223 2.0
223 1247 2.0
1247 1119 1.0
1119 1247 1.0
1247 1183 1.0
1183 1247 1.0
1247 1231 1.0
1231 1247 1.0
1247 1239 1.0
1239 1247 1.0
1247 1243 1.0
1243 1247 1.0
1247 1245 1.0
1245 1247 1.0
1248 224 1.0
224 1248 1.0
1248 1120 1.0
1120 1248 1.0
1248 1184 1.0
1184 1248 1.0
1248 1232 1.0
1232 1248 1.0
1248 1240 1.0
1240 1248 1.0
1248 1244 1.0
1244 1248 1.0
1248 1246 1.0
1246 1248 1.0
1248 1247 1.0
1247 1248 1.0
1249 225 1.0
225 1249 1.0
1249 1121 1.0
1121 1249 1.0
1249 1185 2.0
1185 1249 2.0
1249 1217 1.0
1217 1249 1.0
1250 226 2.0
226 1250 2.0
1250 1122 2.0
1122 1250 2.0
1250 1186 1.0
1186 1250 1.0
1250 1218 1.0
1218 1250 1.0
1250 1249 1.0
1249 1250 1.0
1251 227 1.0
227 1251 1.0
1251 1123 1.0
1123 1251 1.0
1251 1187 1.0
1187 1251 1.0
1251 1219 2.0
1219 1251 2.0
1251 1249 1.0
1249 1251 1.0
1252 228 1.0
228 1252 1.0
1252 1124 1.0
1124 1252 1.0
1252 1188 1.0
1188 1252 1.0
1252 1220 1.0
1220 1252 1.0
1252 1250 1.0
1250 1252 1.0
1252 1251 1.0
1251 1252 1.0
1253 229 1.0
229 1253 1.0
1253 1125 1.0
1125 1253 1.0
1253 1189 1.0
1189 1253 1.0
1253 1221 1.0
1221 1253 1.0
1253 1249 1.0
1249 1253 1.0
1254 230 1.0
230 1254 1.0
1254 1126 1.0
1126 1254 1.0
1254 1190 1.0
1190 1254 1.0
1254 1222 1.0
1222 1254 1.0
1254 1250 1.0
1250 1254 1.0
1254 1253 1.0
1253 1254 1.0
1255 231 1.0
231 1255 1.0
1255 1127 1.0
1127 1255 1.0
1255 1191 1.0
1191 1255 1.0
1255 1223 1.0
1223 1255 1.0
1255 1251 1.0
1251 1255 1.0
1255 1253 1.0
1253 1255 1.0
1256 232 3.0
232 1256 3.0
1256 1128 2.0
1128 1256 2.0
1256 1192 2.0
1192 1256 2.0
1256 1224 2.0
1224 1256 2.0
1256 1252 2.0
1252 1256 2.0
1256 1254 2.0
1254 1256 2.0
1256 1255 2.0
1255 1256 2.0
1257 233 1.0
233 1257 1.0
1257 1129 1.0
1129 1257 1.0
1257 1193 1.0
1193 1257 1.0
1257 1225 1.0
1225 1257 1.0
1257 1249 1.0
1249 1257 1.0
1258 234 1.0
234 1258 1.0
1258 1130 1.0
1130 1258 1.0
1258 1194 1.0
1194 1258 1.0
1258 1226 2.0
1226 1258 2.0
1258 1250 1.0
1250 1258 1.0
1258 1257 1.0
1257 1258 1.0
1259 235 1.0
235 1259 1.0
1259 1131 1.0
1131 1259 1.0
1259 1195 1.0
1195 1259 1.0
1259 1227 1.0
1227 1259 1.0
1259 1251 1.0
1251 1259 1.0
1259 1257 1.0
1257 1259 1.0
1260 236 1.0
236 1260 1.0
1260 1132 1.0
1132 1260 1.0
1260 1196 1.0
1196 1260 1.0
1260 1228 1.0
1228 1260 1.0
1260 1252 1.0
1252 1260 1.0
1260 1258 1.0
1258 1260 1.0
1260 1259 1.0
1259 1260 1.0
1261 237 2.0
237 1261 2.0
1261 1133 1.0
1133 1261 1.0
1261 1197 1.0
1197 1261 1.0
1261 1229 2.0
1229 1261 2.0
1261 1253 1.0
1253 1261 1.0
1261 1257 1.0
1257 1261 1.0
1262 238 1.0
238 1262 1.0
1262 1134 1.0
1134 1262 1.0
1262 1198 1.0
1198 1262 1.0
1262 1230 1.0
1230 1262 1.0
1262 1254 1.0
1254 1262 1.0
1262 1258 1.0
1258 1262 1.0
1262 1261 1.0
1261 1262 1.0
1263 239 1.0
239 1263 1.0
1263 1135 1.0
1135 1263 1.0
1263 1199 1.0
1199 1263 1.0
1263 1231 1.0
1231 1263 1.0
1263 1255 1.0
1255 1263 1.0
1263 1259 1.0
1259 1263 1.0
1263 1261 1.0
1261 1263 1.0
1264 240 1.0
240 1264 1.0
1264 1136 1.0
1136 1264 1.0
1264 1200 2.0
1200 1264 2.0
1264 1232 1.0
1232 1264 1.0
1264 1256 2.0
1256 1264 2.0
1264 1260 1.0
1260 1264 1.0
1264 1262 1.0
1262 1264 1.0
1264 1263 1.0
1263 1264 1.0
1265 241 1.0
241 1265 1.0
1265 1137 1.0
1137 1265 1.0
1265 1201 1.0
1201 1265 1.0
1265 1233 1.0
1233 1265 1.0
1265 1249 1.0
1249 1265 1.0
1266 242 1.0
242 1266 1.0
1266 1138 1.0
1138 1266 1.0
1266 1202 1.0
1202 1266 1.0
1266 1234 1.0
1234 1266 1.0
1266 1250 1.0
1250 1266 1.0
1266 1265 1.0
1265 1266 1.0
1267 243 1.0
243 1267 1.0
1267 1139 1.0
1139 1267 1.0
1267 1203 1.0
1203 1267 1.0
1267 1235 1.0
1235 1267 1.0
1267 1251 1.0
1251 1267 1.0
1267 1265 1.0
1265 1267 1.0
1268 244 1.0
244 1268 1.0
1268 1140 1.0
1140 1268 1.0
1268 1204 1.0
1204 1268 1.0
1268 1236 1.0
1236 1268 1.0
1268 1252 1.0
1252 1268 1.0
1268 1266 1.0
1266 1268 1.0
1268 1267 1.0
1267 1268 1.0
1269 245 2.0
245 1269 2.0
1269 1141 2.0
1141 1269 2.0
1269 1205 2.0
1205 1269 2.0
1269 1237 2.0
1237 1269 2.0
1269 1253 2.0
1253 1269 2.0
1269 1265 2.0
1265 1269 2.0
1270 246 1.0
246 1270 1.0
1270 1142 1.0
1142 1270 1.0
1270 1206 2.0
1206 1270 2.0
1270 1238 1.0
1238 1270 1.0
1270 1254 1.0
1254 1270 1.0
1270 1266 1.0
1266 1270 1.0
1270 1269 2.0
1269 1270 2.0
1271 247 1.0
247 1271 1.0
1271 1143 1.0
1143 1271 1.0
1271 1207 1.0
1207 1271 1.0
1271 1239 1.0
1239 1271 1.0
1271 1255 1.0
1255 1271 1.0
1271 1267 1.0
1267 1271 1.0
1271 1269 2.0
1269 1271 2.0
1272 248 1.0
248 1272 1.0
1272 1144 1.0
1144 1272 1.0
1272 1208 1.0
1208 1272 1.0
1272 1240 1.0
1240 1272 1.0
1272 1256 2.0
1256 1272 2.0
1272 1268 1.0
1268 1272 1.0
1272 1270 1.0
1270 1272 1.0
1272 1271 1.0
1271 1272 1.0
1273 249 1.0
249 1273 1.0
1273 1145 1.0
1145 1273 1.0
1273 1209 1.0
1209 1273 1.0
1273 1241 1.0
1241 1273 1.0
1273 1257 1.0
1257 1273 1.0
1273 1265 1.0
1265 1273 1.0
1274 250 1.0
250 1274 1.0
1274 1146 1.0
1146 1274 1.0
1274 1210 1.0
1210 1274 1.0
1274 1242 1.0
1242 1274 1.0
1274 1258 1.0
1258 1274 1.0
1274 1266 1.0
1266 1274 1.0
1274 1273 1.0
1273 1274 1.0
1275 251 1.0
251 1275 1.0
1275 1147 2.0
1147 1275 2.0
1275 1211 1.0
1211 1275 1.0
1275 1243 1.0
1243 1275 1.0
1275 1259 1.0
1259 1275 1.0
1275 1267 1.0
1267 1275 1.0
1275 1273 1.0
1273 1275 1.0
1276 252 2.0
252 1276 2.0
1276 1148 2.0
1148 1276 2.0
1276 1212 2.0
1212 1276 2.0
1276 1244 2.0
1244 1276 2.0
1276 1260 2.0
1260 1276 2.0
1276 1268 2.0
1268 1276 2.0
1276 1274 2.0
1274 1276 2.0
1276 1275 2.0
1275 1276 2.0
1277 253 1.0
253 1277 1.0
1277 1149 1.0
1149 1277 1.0
1277 1213 1.0
1213 1277 1.0
1277 1245 1.0
1245 1277 1.0
1277 1261 1.0
1261 1277 1.0
1277 1269 2.0
1269 1277 2.0
1277 1273 1.0
1273 1277 1.0
1278 254 1.0
254 1278 1.0
1278 1150 1.0
1150 1278 1.0
1278 1214 1.0
1214 1278 1.0
1278 1246 1.0
1246 1278 1.0
1278 1262 1.0
1262 1278 1.0
1278 1270 1.0
1270 1278 1.0
1278 1274 1.0
1274 1278 1.0
1278 1277 1.0
1277 1278 1.0
1279 255 1.0
255 1279 1.0
1279 1151 1.0
1151 1279 1.0
1279 1215 2.0
1215 1279 2.0
1279 1247 1.0
1247 1279 1.0
1279 1263 1.0
1263 1279 1.0
1279 1271 1.0
1271 1279 1.0
1279 1275 1.0
1275 1279 1.0
1279 1277 1.0
1277 1279 1.0
1280 256 1.0
256 1280 1.0
1280 1152 1.0
1152 1280 1.0
1280 1216 1.0
1216 1280 1.0
1280 1248 1.0
1248 1280 1.0
1280 1264 1.0
1264 1280 1.0
1280 1272 1.0
1272 1280 1.0
1280 1276 2.0
1276 1280 2.0
1280 1278 1.0
1278 1280 1.0
1280 1279 1.0
1279 1280 1.0
1281 257 1.0
257 1281 1.0
1281 1025 1.0
1025 1281 1.0
1282 258 1.0
258 1282 1.0
1282 1026 1.0
1026 1282 1.0
1282 1281 1.0
1281 1282 1.0
1283 259 1.0
259 1283 1.0
1283 1027 1.0
1027 1283 1.0
1283 1281 1.0
1281 1283 1.0
1284 260 1.0
260 1284 1.0
1284 1028 1.0
1028 1284 1.0
1284 1282 1.0
1282 1284 1.0
1284 1283 1.0
1283 1284 1.0
1285 261 1.0
261 1285 1.0
1285 1029 1.0
1029 1285 1.0
1285 1281 1.0
1281 1285 1.0
1286 262 1.0
262 1286 1.0
1286 1030 1.0
1030 1286 1.0
1286 1282 1.0
1282 1286 1.0
1286 1285 1.0
1285 1286 1.0
1287 263 1.0
263 1287 1.0
1287 1031 1.0
1031 1287 1.0
1287 1283 1.0
1283 1287 1.0
1287 1285 1.0
1285 1287 1.0
1288 264 1.0
264 1288 1.0
1288 1032 2.0
1032 1288 2.0
1288 1284 1.0
1284 1288 1.0
1288 1286 1.0
1286 1288 1.0
1288 1287 1.0
1287 1288 1.0
1289 265 1.0
265 1289 1.0
1289 1033 2.0
1033 1289 2.0
1289 1281 1.0
1281 1289 1.0
1290 266 2.0
266 1290 2.0
1290 1034 1.0
1034 1290 1.0
1290 1282 1.0
1282 1290 1.0
1290 1289 1.0
1289 1290 1.0
1291 267 1.0
267 1291 1.0
1291 1035 1.0
1035 1291 1.0
1291 1283 1.0
1283 1291 1.0
1291 1289 1.0
1289 1291 1.0
1292 268 1.0
268 1292 1.0
1292 1036 1.0
1036 1292 1.0
1292 1284 1.0
1284 1292 1.0
1292 1290 1.0
1290 1292 1.0
1292 1291 1.0
1291 1292 1.0
1293 269 1.0
269 1293 1.0
1293 1037 1.0
1037 1293 1.0
1293 1285 1.0
1285 1293 1.0
1293 1289 1.0
1289 1293 1.0
1294 270 1.0
270 1294 1.0
1294 1038 1.0
1038 1294 1.0
1294 1286 1.0
1286 1294 1.0
1294 1290 1.0
1290 1294 1.0
1294 1293 1.0
1293 1294 1.0
1295 271 2.0
271 1295 2.0
1295 1039 1.0
1039 1295 1.0
1295 1287 1.0
1287 1295 1.0
1295 1291 1.0
1291 1295 1.0
1295 1293 1.0
1293 1295 1.0
1296 272 1.0
272 1296 1.0
1296 1040 1.0
1040 1296 1.0
1296 1288 1.0
1288 1296 1.0
1296 1292 1.0
1292 1296 1.0
1296 1294 1.0
1294 1296 1.0
1296 1295 1.0
1295 1296 1.0
1297 273 1.0
273 1297 1.0
1297 1041 1.0
1041 1297 1.0
1297 1281 1.0
1281 1297 1.0
1298 274 1.0
274 1298 1.0
1298 1042 1.0
1042 1298 1.0
1298 1282 1.0
1282 1298 1.0
1298 1297 1.0
1297 1298 1.0
1299 275 2.0
275 1299 2.0
1299 1043 1.0
1043 1299 1.0
1299 1283 1.0
1283 1299 1.0
1299 1297 1.0
1297 1299 1.0
1300 276 1.0
276 1300 1.0
1300 1044 1.0
1044 1300 1.0
1300 1284 1.0
1284 1300 1.0
1300 1298 1.0
1298 1300 1.0
1300 1299 1.0
1299 1300 1.0
1301 277 1.0
277 1301 1.0
1301 1045 1.0
1045 1301 1.0
1301 1285 1.0
1285 1301 1.0
1301 1297 1.0
1297 1301 1.0
1302 278 1.0
278 1302 1.0
1302 1046 1.0
1046 1302 1.0
1302 1286 1.0
1286 1302 1.0
1302 1298 1.0
1298 1302 1.0
1302 1301 1.0
1301 1302 1.0
1303 279 1.0
279 1303 1.0
1303 1047 1.0
1047 1303 1.0
1303 1287 1.0
1287 1303 1.0
1303 1299 1.0
1299 1303 1.0
1303 1301 1.0
1301 1303 1.0
1304 280 3.0
280 1304 3.0
1304 1048 2.0
1048 1304 2.0
1304 1288 2.0
1288 1304 2.0
1304 1300 2.0
1300 1304 2.0
1304 1302 2.0
1302 1304 2.0
1304 1303 2.0
1303 1304 2.0
1305 281 1.0
281 1305 1.0
1305 1049 1.0
1049 1305 1.0
1305 1289 1.0
1289 1305 1.0
1305 1297 1.0
1297 1305 1.0
1306 282 1.0
282 1306 1.0
1306 1050 1.0
1050 1306 1.0
1306 1290 1.0
1290 1306 1.0
1306 1298 1.0
1298 1306 1.0
1306 1305 1.0
1305 1306 1.0
1307 283 1.0
283 1307 1.0
1307 1051 1.0
1051 1307 1.0
1307 1291 1.0
1291 1307 1.0
1307 1299 1.0
1299 1307 1.0
1307 1305 1.0
1305 1307 1.0
1308 284 1.0
284 1308 1.0
1308 1052 2.0
1052 1308 2.0
1308 1292 1.0
1292 1308 1.0
1308 1300 1.0
1300 1308 1.0
1308 1306 1.0
1306 1308 1.0
1308 1307 1.0
1307 1308 1.0
1309 285 1.0
285 1309 1.0
1309 1053 1.0
1053 1309 1.0
1309 1293 1.0
1293 1309 1.0
1309 1301 1.0
1301 1309 1.0
1309 1305 1.0
1305 1309 1.0
1310 286 2.0
286 1310 2.0
1310 1054 2.0
1054 1310 2.0
1310 1294 2.0
1294 1310 2.0
1310 1302 2.0
1302 1310 2.0
1310 1306 2.0
1306 1310 2.0
1310 1309 2.0
1309 1310 2.0
1311 287 2.0
287 1311 2.0
1311 1055 2.0
1055 1311 2.0
1311 1295 2.0
1295 1311 2.0
1311 1303 2.0
1303 1311 2.0
1311 1307 2.0
1307 1311 2.0
1311 1309 2.0
1309 1311 2.0
1312 288 1.0
288 1312 1.0
1312 1056 1.0
1056 1312 1.0
1312 1296 1.0
1296 1312 1.0
1312 1304 2.0
1304 1312 2.0
1312 1308 1.0
1308 1312 1.0
1312 1310 2.0
1310 1312 2.0
1312 1311 2.0
1311 1312 2.0
1313 289 1.0
289 1313 1.0
1313 1057 1.0
1057 1313 1.0
1313 1281 1.0
1281 1313 1.0
1314 290 1.0
290 1314 1.0
1314 1058 1.0
1058 1314 1.0
1314 1282 1.0
1282 1314 1.0
1314 1313 1.0
1313 1314 1.0
1315 291 1.0
291 1315 1.0
1315 1059 1.0
1059 1315 1.0
1315 1283 1.0
1283 1315 1.0
1315 1313 1.0
1313 1315 1.0
1316 292 2.0
292 1316 2.0
1316 1060 2.0
1060 1316 2.0
1316 1284 2.0
1284 1316 2.0
1316 1314 2.0
1314 1316 2.0
1316 1315 2.0
1315 1316 2.0
1317 293 1.0
293 1317 1.0
1317 1061 1.0
1061 1317 1.0
1317 1285 1.0
1285 1317 1.0
1317 1313 1.0
1313 1317 1.0
1318 294 2.0
294 1318 2.0
1318 1062 2.0
1062 1318 2.0
1318 1286 2.0
1286 1318 2.0
1318 1314 2.0
1314 1318 2.0
1318 1317 2.0
1317 1318 2.0
1319 295 1.0
295 1319 1.0
1319 1063 2.0
1063 1319 2.0
1319 1287 1.0
1287 1319 1.0
1319 1315 1.0
1315 1319 1.0
1319 1317 1.0
1317 1319 1.0
1320 296 2.0
296 1320 2.0
1320 1064 1.0
1064 1320 1.0
1320 1288 1.0
1288 1320 1.0
1320 1316 2.0
1316 1320 2.0
1320 1318 2.0
1318 1320 2.0
1320 1319 1.0
1319 1320 1.0
1321 297 2.0
297 1321 2.0
1321 1065 1.0
1065 1321 1.0
1321 1289 1.0
1289 1321 1.0
1321 1313 1.0
1313 1321 1.0
1322 298 1.0
298 1322 1.0
1322 1066 1.0
1066 1322 1.0
1322 1290 1.0
1290 1322 1.0
1322 1314 1.0
1314 1322 1.0
1322 1321 1.0
1321 1322 1.0
1323 299 1.0
299 1323 1.0
1323 1067 1.0
1067 1323 1.0
1323 1291 1.0
1291 1323 1.0
1323 1315 1.0
1315 1323 1.0
1323 1321 1.0
1321 1323 1.0
1324 300 1.0
300 1324 1.0
1324 1068 1.0
1068 1324 1.0
1324 1292 1.0
1292 1324 1.0
1324 1316 2.0
1316 1324 2.0
1324 1322 1.0
1322 1324 1.0
1324 1323 1.0
1323 1324 1.0
1325 301 1.0
301 1325 1.0
1325 1069 2.0
1069 1325 2.0
1325 1293 1.0
1293 1325 1.0
1325 1317 1.0
1317 1325 1.0
1325 1321 1.0
1321 1325 1.0
1326 302 1.0
302 1326 1.0
1326 1070 1.0
1070 1326 1.0
1326 1294 1.0
1294 1326 1.0
1326 1318 2.0
1318 1326 2.0
1326 1322 1.0
1322 1326 1.0
1326 1325 1.0
1325 1326 1.0
1327 303 1.0
303 1327 1.0
1327 1071 1.0
1071 1327 1.0
1327 1295 1.0
1295 1327 1.0
1327 1319 1.0
1319 1327 1.0
1327 1323 1.0
1323 1327 1.0
1327 1325 1.0
1325 1327 1.0
1328 304 1.0
304 1328 1.0
1328 1072 1.0
1072 1328 1.0
1328 1296 1.0
1296 1328 1.0
1328 1320 1.0
1320 1328 1.0
1328 1324 1.0
1324 1328 1.0
1328 1326 1.0
1326 1328 1.0
1328 1327 1.0
1327 1328 1.0
1329 305 2.0
305 1329 2.0
1329 1073 2.0
1073 1329 2.0
1329 1297 2.0
1297 1329 2.0
1329 1313 2.0
1313 1329 2.0
1330 306 1.0
306 1330 1.0
1330 1074 1.0
1074 1330 1.0
1330 1298 1.0
1298 1330 1.0
1330 1314 1.0
1314 1330 1.0
1330 1329 2.0
1329 1330 2.0
1331 307 2.0
307 1331 2.0
1331 1075 1.0
1075 1331 1.0
1331 1299 1.0
1299 1331 1.0
1331 1315 1.0
1315 1331 1.0
1331 1329 2.0
1329 1331 2.0
1332 308 1.0
308 1332 1.0
1332 1076 1.0
1076 1332 1.0
1332 1300 1.0
1300 1332 1.0
1332 1316 2.0
1316 1332 2.0
1332 1330 1.0
1330 1332 1.0
1332 1331 1.0
1331 1332 1.0
1333 309 2.0
309 1333 2.0
1333 1077 1.0
1077 1333 1.0
1333 1301 1.0
1301 1333 1.0
1333 1317 1.0
1317 1333 1.0
1333 1329 2.0
1329 1333 2.0
1334 310 1.0
310 1334 1.0
1334 1078 2.0
1078 1334 2.0
1334 1302 1.0
1302 1334 1.0
1334 1318 2.0
1318 1334 2.0
1334 1330 1.0
1330 1334 1.0
1334 1333 1.0
1333 1334 1.0
1335 311 1.0
311 1335 1.0
1335 1079 1.0
1079 1335 1.0
1335 1303 1.0
1303 1335 1.0
1335 1319 1.0
1319 1335 1.0
1335 1331 1.0
1331 1335 1.0
1335 1333 1.0
1333 1335 1.0
1336 312 1.0
312 1336 1.0
1336 1080 1.0
1080 1336 1.0
1336 1304 2.0
1304 1336 2.0
1336 1320 1.0
1320 1336 1.0
1336 1332 1.0
1332 1336 1.0
1336 1334 1.0
1334 1336 1.0
1336 1335 1.0
1335 1336 1.0
1337 313 1.0
313 1337 1.0
1337 1081 1.0
1081 1337 1.0
1337 1305 1.0
1305 1337 1.0
1337 1321 1.0
1321 1337 1.0
1337 1329 2.0
1329 1337 2.0
1338 314 2.0
314 1338 2.0
1338 1082 2.0
1082 1338 2.0
1338 1306 2.0
1306 1338 2.0
1338 1322 2.0
1322 1338 2.0
1338 1330 2.0
1330 1338 2.0
1338 1337 2.0
1337 1338 2.0
1339 315 1.0
315 1339 1.0
1339 1083 1.0
1083 1339 1.0
1339 1307 1.0
1307 1339 1.0
1339 1323 1.0
1323 1339 1.0
1339 1331 1.0
1331 1339 1.0
1339 1337 1.0
1337 1339 1.0
1340 316 1.0
316 1340 1.0
1340 1084 1.0
1084 1340 1.0
1340 1308 1.0
1308 1340 1.0
1340 1324 1.0
1324 1340 1.0
1340 1332 1.0
1332 1340 1.0
1340 1338 2.0
1338 1340 2.0
1340 1339 1.0
1339 1340 1.0
1341 317 1.0
317 1341 1.0
1341 1085 1.0
1085 1341 1.0
1341 1309 1.0
1309 1341 1.0
1341 1325 1.0
1325 1341 1.0
1341 1333 1.0
1333 1341 1.0
1341 1337 1.0
1337 1341 1.0
1342 318 1.0
318 1342 1.0
1342 1086 1.0
1086 1342 1.0
1342 1310 2.0
1310 1342 2.0
1342 1326 1.0
1326 1342 1.0
1342 1334 1.0
1334 1342 1.0
1342 1338 2.0
1338 1342 2.0
1342 1341 1.0
1341 1342 1.0
1343 319 2.0
319 1343 2.0
1343 1087 2.0
1087 1343 2.0
1343 1311 3.0
1311 1343 3.0
1343 1327 2.0
1327 1343 2.0
1343 1335 2.0
1335 1343 2.0
1343 1339 2.0
1339 1343 2.0
1343 1341 2.0
1341 1343 2.0
1344 320 1.0
320 1344 1.0
1344 1088 1.0
1088 1344 1.0
1344 1312 1.0
1312 1344 1.0
1344 1328 1.0
1328 1344 1.0
1344 1336 1.0
1336 1344 1.0
1344 1340 1.0
1340 1344 1.0
1344 1342 1.0
1342 1344 1.0
1344 1343 2.0
1343 1344 2.0
1345 321 2.0
321 1345 2.0
1345 1089 2.0
1089 1345 2.0
1345 1281 2.0
1281 1345 2.0
1346 322 1.0
322 1346 1.0
1346 1090 1.0
1090 1346 1.0
1346 1282 1.0
1282 1346 1.0
1346 1345 2.0
1345 1346 2.0
1347 323 2.0
323 1347 2.0
1347 1091 2.0
1091 1347 2.0
1347 1283 2.0
1283 1347 2.0
1347 1345 3.0
1345 1347 3.0
1348 324 1.0
324 1348 1.0
1348 1092 1.0
1092 1348 1.0
1348 1284 1.0
1284 1348 1.0
1348 1346 1.0
1346 1348 1.0
1348 1347 2.0
1347 1348 2.0
1349 325 1.0
325 1349 1.0
1349 1093 1.0
1093 1349 1.0
1349 1285 1.0
1285 1349 1.0
1349 1345 2.0
1345 1349 2.0
1350 326 2.0
326 1350 2.0
1350 1094 1.0
1094 1350 1.0
1350 1286 1.0
1286 1350 1.0
1350 1346 1.0
1346 1350 1.0
1350 1349 1.0
1349 1350 1.0
1351 327 1.0
327 1351 1.0
1351 1095 1.0
1095 1351 1.0
1351 1287 1.0
1287 1351 1.0
1351 1347 2.0
1347 1351 2.0
1351 1349 1.0
1349 1351 1.0
1352 328 2.0
328 1352 2.0
1352 1096 1.0
1096 1352 1.0
1352 1288 1.0
1288 1352 1.0
1352 1348 1.0
1348 1352 1.0
1352 1350 1.0
1350 1352 1.0
1352 1351 1.0
1351 1352 1.0
1353 329 1.0
329 1353 1.0
1353 1097 1.0
1097 1353 1.0
1353 1289 1.0
1289 1353 1.0
1353 1345 2.0
1345 1353 2.0
1354 330 1.0
330 1354 1.0
1354 1098 1.0
1098 1354 1.0
1354 1290 1.0
1290 1354 1.0
1354 1346 1.0
1346 1354 1.0
1354 1353 1.0
1353 1354 1.0
1355 331 1.0
331 1355 1.0
1355 1099 1.0
1099 1355 1.0
1355 1291 1.0
1291 1355 1.0
1355 1347 2.0
1347 1355 2.0
1355 1353 1.0
1353 1355 1.0
1356 332 1.0
332 1356 1.0
1356 1100 1.0
1100 1356 1.0
1356 1292 1.0
1292 1356 1.0
1356 1348 1.0
1348 1356 1.0
1356 1354 1.0
1354 1356 1.0
1356 1355 1.0
1355 1356 1.0
1357 333 1.0
333 1357 1.0
1357 1101 1.0
1101 1357 1.0
1357 1293 1.0
1293 1357 1.0
1357 1349 1.0
1349 1357 1.0
1357 1353 1.0
1353 1357 1.0
1358 334 1.0
334 1358 1.0
1358 1102 2.0
1102 1358 2.0
1358 1294 1.0
1294 1358 1.0
1358 1350 1.0
1350 1358 1.0
1358 1354 1.0
1354 1358 1.0
1358 1357 1.0
1357 1358 1.0
1359 335 1.0
335 1359 1.0
1359 1103 2.0
1103 1359 2.0
1359 1295 1.0
1295 1359 1.0
1359 1351 1.0
1351 1359 1.0
1359 1355 1.0
1355 1359 1.0
1359 1357 1.0
1357 1359 1.0
1360 336 1.0
336 1360 1.0
1360 1104 1.0
1104 1360 1.0
1360 1296 1.0
1296 1360 1.0
1360 1352 1.0
1352 1360 1.0
1360 1356 1.0
1356 1360 1.0
1360 1358 1.0
1358 1360 1.0
1360 1359 1.0
1359 1360 1.0
1361 337 1.0
337 1361 1.0
1361 1105 1.0
1105 1361 1.0
1361 1297 1.0
1297 1361 1.0
1361 1345 2.0
1345 1361 2.0
1362 338 2.0
338 1362 2.0
1362 1106 1.0
1106 1362 1.0
1362 1298 1.0
1298 1362 1.0
1362 1346 1.0
1346 1362 1.0
1362 1361 1.0
1361 1362 1.0
1363 339 1.0
339 1363 1.0
1363 1107 1.0
1107 1363 1.0
1363 1299 1.0
1299 1363 1.0
1363 1347 2.0
1347 1363 2.0
1363 1361 1.0
1361 1363 1.0
1364 340 1.0
340 1364 1.0
1364 1108 2.0
1108 1364 2.0
1364 1300 1.0
1300 1364 1.0
1364 1348 1.0
1348 1364 1.0
1364 1362 1.0
1362 1364 1.0
1364 1363 1.0
1363 1364 1.0
1365 341 1.0
341 1365 1.0
1365 1109 2.0
1109 1365 2.0
1365 1301 1.0
1301 1365 1.0
1365 1349 1.0
1349 1365 1.0
1365 1361 1.0
1361 1365 1.0
1366 342 1.0
342 1366 1.0
1366 1110 1.0
1110 1366 1.0
1366 1302 1.0
1302 1366 1.0
1366 1350 1.0
1350 1366 1.0
1366 1362 1.0
1362 1366 1.0
1366 1365 1.0
1365 1366 1.0
1367 343 1.0
343 1367 1.0
1367 1111 1.0
1111 1367 1.0
1367 1303 1.0
1303 1367 1.0
1367 1351 1.0
1351 1367 1.0
1367 1363 1.0
1363 1367 1.0
1367 1365 1.0
1365 1367 1.0
1368 344 1.0
344 1368 1.0
1368 1112 1.0
1112 1368 1.0
1368 1304 2.0
1304 1368 2.0
1368 1352 1.0
1352 1368 1.0
1368 1364 1.0
1364 1368 1.0
1368 1366 1.0
1366 1368 1.0
1368 1367 1.0
1367 1368 1.0
1369 345 2.0
345 1369 2.0
1369 1113 2.0
1113 1369 2.0
1369 1305 2.0
1305 1369 2.0
1369 1353 2.0
1353 1369 2.0
1369 1361 2.0
1361 1369 2.0
1370 346 1.0
346 1370 1.0
1370 1114 1.0
1114 1370 1.0
1370 1306 1.0
1306 1370 1.0
1370 1354 1.0
1354 1370 1.0
1370 1362 1.0
1362 1370 1.0
1370 1369 2.0
1369 1370 2.0
1371 347 1.0
347 1371 1.0
1371 1115 1.0
1115 1371 1.0
1371 1307 1.0
1307 1371 1.0
1371 1355 1.0
1355 1371 1.0
1371 1363 1.0
1363 1371 1.0
1371 1369 2.0
1369 1371 2.0
1372 348 1.0
348 1372 1.0
1372 1116 1.0
1116 1372 1.0
1372 1308 1.0
1308 1372 1.0
1372 1356 1.0
1356 1372 1.0
1372 1364 1.0
1364 1372 1.0
1372 1370 1.0
1370 1372 1.0
1372 1371 1.0
1371 1372 1.0
1373 349 1.0
349 1373 1.0
1373 1117 1.0
1117 1373 1.0
1373 1309 1.0
1309 1373 1.0
1373 1357 1.0
1357 1373 1.0
1373 1365 1.0
1365 1373 1.0
1373 1369 2.0
1369 1373 2.0
1374 350 1.0
350 1374 1.0
1374 1118 1.0
1118 1374 1.0
1374 1310 2.0
1310 1374 2.0
1374 1358 1.0
1358 1374 1.0
1374 1366 1.0
1366 1374 1.0
1374 1370 1.0
1370 1374 1.0
1374 1373 1.0
1373 1374 1.0
1375 351 1.0
351 1375 1.0
1375 1119 1.0
1119 1375 1.0
1375 1311 2.0
1311 1375 2.0
1375 1359 1.0
1359 1375 1.0
1375 1367 1.0
1367 1375 1.0
1375 1371 1.0
1371 1375 1.0
1375 1373 1.0
1373 1375 1.0
1376 352 1.0
352 1376 1.0
1376 1120 1.0
1120 1376 1.0
1376 1312 1.0
1312 1376 1.0
1376 1360 1.0
1360 1376 1.0
1376 1368 1.0
1368 1376 1.0
1376 1372 1.0
1372 1376 1.0
1376 1374 1.0
1374 1376 1.0
1376 1375 1.0
1375 1376 1.0
1377 353 1.0
353 1377 1.0
1377 1121 1.0
1121 1377 1.0
1377 1313 1.0
1313 1377 1.0
1377 1345 2.0
1345 1377 2.0
1378 354 1.0
354 1378 1.0
1378 1122 2.0
1122 1378 2.0
1378 1314 1.0
1314 1378 1.0
1378 1346 1.0
1346 1378 1.0
1378 1377 1.0
1377 1378 1.0
1379 355 1.0
355 1379 1.0
1379 1123 1.0
1123 1379 1.0
1379 1315 1.0
1315 1379 1.0
1379 1347 2.0
1347 1379 2.0
1379 1377 1.0
1377 1379 1.0
1380 356 1.0
356 1380 1.0
1380 1124 1.0
1124 1380 1.0
1380 1316 2.0
1316 1380 2.0
1380 1348 1.0
1348 1380 1.0
1380 1378 1.0
1378 1380 1.0
1380 1379 1.0
1379 1380 1.0
1381 357 1.0
357 1381 1.0
1381 1125 1.0
1125 1381 1.0
1381 1317 1.0
1317 1381 1.0
1381 1349 1.0
1349 1381 1.0
1381 1377 1.0
1377 1381 1.0
1382 358 1.0
358 1382 1.0
1382 1126 1.0
1126 1382 1.0
1382 1318 2.0
1318 1382 2.0
1382 1350 1.0
1350 1382 1.0
1382 1378 1.0
1378 1382 1.0
1382 1381 1.0
1381 1382 1.0
1383 359 1.0
359 1383 1.0
1383 1127 1.0
1127 1383 1.0
1383 1319 1.0
1319 1383 1.0
1383 1351 1.0
1351 1383 1.0
1383 1379 1.0
1379 1383 1.0
1383 1381 1.0
1381 1383 1.0
1384 360 1.0
360 1384 1.0
1384 1128 1.0
1128 1384 1.0
1384 1320 1.0
1320 1384 1.0
1384 1352 1.0
1352 1384 1.0
1384 1380 1.0
1380 1384 1.0
1384 1382 1.0
1382 1384 1.0
1384 1383 1.0
1383 1384 1.0
1385 361 2.0
361 1385 2.0
1385 1129 1.0
1129 1385 1.0
1385 1321 1.0
1321 1385 1.0
1385 1353 1.0
1353 1385 1.0
1385 1377 1.0
1377 1385 1.0
1386 362 2.0
362 1386 2.0
1386 1130 1.0
1130 1386 1.0
1386 1322 1.0
1322 1386 1.0
1386 1354 1.0
1354 1386 1.0
1386 1378 1.0
1378 1386 1.0
1386 1385 1.0
1385 1386 1.0
1387 363 1.0
363 1387 1.0
1387 1131 1.0
1131 1387 1.0
1387 1323 1.0
1323 1387 1.0
1387 1355 1.0
1355 1387 1.0
1387 1379 1.0
1379 1387 1.0
1387 1385 1.0
1385 1387 1.0
1388 364 1.0
364 1388 1.0
1388 1132 1.0
1132 1388 1.0
1388 1324 1.0
1324 1388 1.0
1388 1356 1.0
1356 1388 1.0
1388 1380 1.0
1380 1388 1.0
1388 1386 1.0
1386 1388 1.0
1388 1387 1.0
1387 1388 1.0
1389 365 2.0
365 1389 2.0
1389 1133 2.0
1133 1389 2.0
1389 1325 2.0
1325 1389 2.0
1389 1357 2.0
1357 1389 2.0
1389 1381 2.0
1381 1389 2.0
1389 1385 2.0
1385 1389 2.0
1390 366 1.0
366 1390 1.0
1390 1134 1.0
1134 1390 1.0
1390 1326 1.0
1326 1390 1.0
1390 1358 1.0
1358 1390 1.0
1390 1382 1.0
1382 1390 1.0
1390 1386 1.0
1386 1390 1.0
1390 1389 2.0
1389 1390 2.0
1391 367 1.0
367 1391 1.0
1391 1135 1.0
1135 1391 1.0
1391 1327 1.0
1327 1391 1.0
1391 1359 1.0
1359 1391 1.0
1391 1383 1.0
1383 1391 1.0
1391 1387 1.0
1387 1391 1.0
1391 1389 2.0
1389 1391 2.0
1392 368 2.0
368 1392 2.0
1392 1136 2.0
1136 1392 2.0
1392 1328 2.0
1328 1392 2.0
1392 1360 2.0
1360 1392 2.0
1392 1384 2.0
1384 1392 2.0
1392 1388 2.0
1388 1392 2.0
1392 1390 2.0
1390 1392 2.0
1392 1391 2.0
1391 1392 2.0
1393 369 1.0
369 1393 1.0
1393 1137 1.0
1137 1393 1.0
1393 1329 2.0
1329 1393 2.0
1393 1361 1.0
1361 1393 1.0
1393 1377 1.0
1377 1393 1.0
1394 370 1.0
370 1394 1.0
1394 1138 1.0
1138 1394 1.0
1394 1330 1.0
1330 1394 1.0
1394 1362 1.0
1362 1394 1.0
1394 1378 1.0
1378 1394 1.0
1394 1393 1.0
1393 1394 1.0
1395 371 1.0
371 1395 1.0
1395 1139 1.0
1139 1395 1.0
1395 1331 1.0
1331 1395 1.0
1395 1363 1.0
1363 1395 1.0
1395 1379 1.0
1379 1395 1.0
1395 1393 1.0
1393 1395 1.0
1396 372 1.0
372 1396 1.0
1396 1140 1.0
1140 1396 1.0
1396 1332 1.0
1332 1396 1.0
1396 1364 1.0
1364 1396 1.0
1396 1380 1.0
1380 1396 1.0
1396 1394 1.0
1394 1396 1.0
1396 1395 1.0
1395 1396 1.0
1397 373 1.0
373 1397 1.0
1397 1141 1.0
1141 1397 1.0
1397 1333 1.0
1333 1397 1.0
1397 1365 1.0
1365 1397 1.0
1397 1381 1.0
1381 1397 1.0
1397 1393 1.0
1393 1397 1.0
1398 374 1.0
374 1398 1.0
1398 1142 1.0
1142 1398 1.0
1398 1334 1.0
1334 1398 1.0
1398 1366 1.0
1366 1398 1.0
1398 1382 1.0
1382 1398 1.0
1398 1394 1.0
1394 1398 1.0
1398 1397 1.0
1397 1398 1.0
1399 375 3.0
375 1399 3.0
1399 1143 2.0
1143 1399 2.0
1399 1335 2.0
1335 1399 2.0
1399 1367 2.0
1367 1399 2.0
1399 1383 2.0
1383 1399 2.0
1399 1395 2.0
1395 1399 2.0
1399 1397 2.0
1397 1399 2.0
1400 376 1.0
376 1400 1.0
1400 1144 1.0
1144 1400 1.0
1400 1336 1.0
1336 1400 1.0
1400 1368 1.0
1368 1400 1.0
1400 1384 1.0
1384 1400 1.0
1400 1396 1.0
1396 1400 1.0
1400 1398 1.0
1398 1400 1.0
1400 1399 2.0
1399 1400 2.0
1401 377 1.0
377 1401 1.0
1401 1145 1.0
1145 1401 1.0
1401 1337 1.0
1337 1401 1.0
1401 1369 2.0
1369 1401 2.0
1401 1385 1.0
1385 1401 1.0
1401 1393 1.0
1393 1401 1.0
1402 378 2.0
378 1402 2.0
1402 1146 2.0
1146 1402 2.0
1402 1338 3.0
1338 1402 3.0
1402 1370 2.0
1370 1402 2.0
1402 1386 2.0
1386 1402 2.0
1402 1394 2.0
1394 1402 2.0
1402 1401 2.0
1401 1402 2.0
1403 379 1.0
379 1403 1.0
1403 1147 2.0
1147 1403 2.0
1403 1339 1.0
1339 1403 1.0
1403 1371 1.0
1371 1403 1.0
1403 1387 1.0
1387 1403 1.0
1403 1395 1.0
1395 1403 1.0
1403 1401 1.0
1401 1403 1.0
1404 380 2.0
380 1404 2.0
1404 1148 2.0
1148 1404 2.0
1404 1340 2.0
1340 1404 2.0
1404 1372 2.0
1372 1404 2.0
1404 1388 2.0
1388 1404 2.0
1404 1396 2.0
1396 1404 2.0
1404 1402 3.0
1402 1404 3.0
1404 1403 2.0
1403 1404 2.0
1405 381 1.0
381 1405 1.0
1405 1149 1.0
1149 1405 1.0
1405 1341 1.0
1341 1405 1.0
1405 1373 1.0
1373 1405 1.0
1405 1389 2.0
1389 1405 2.0
1405 1397 1.0
1397 1405 1.0
1405 1401 1.0
1401 1405 1.0
1406 382 1.0
382 1406 1.0
1406 1150 1.0
1150 1406 1.0
1406 1342 1.0
1342 1406 1.0
1406 1374 1.0
1374 1406 1.0
1406 1390 1.0
1390 1406 1.0
1406 1398 1.0
1398 1406 1.0
1406 1402 2.0
1402 1406 2.0
1406 1405 1.0
1405 1406 1.0
1407 383 1.0
383 1407 1.0
1407 1151 1.0
1151 1407 1.0
1407 1343 2.0
1343 1407 2.0
1407 1375 1.0
1375 1407 1.0
1407 1391 1.0
1391 1407 1.0
1407 1399 2.0
1399 1407 2.0
1407 1403 1.0
1403 1407 1.0
1407 1405 1.0
1405 1407 1.0
1408 384 1.0
384 1408 1.0
1408 1152 1.0
1152 1408 1.0
1408 1344 1.0
1344 1408 1.0
1408 1376 1.0
1376 1408 1.0
1408 1392 2.0
1392 1408 2.0
1408 1400 1.0
1400 1408 1.0
1408 1404 2.0
1404 1408 2.0
1408 1406 1.0
1406 1408 1.0
1408 1407 1.0
1407 1408 1.0
1409 385 1.0
385 1409 1.0
1409 1153 1.0
1153 1409 1.0
1409 1281 1.0
1281 1409 1.0
1410 386 2.0
386 1410 2.0
1410 1154 2.0
1154 1410 2.0
1410 1282 2.0
1282 1410 2.0
1410 1409 2.0
1409 1410 2.0
1411 387 1.0
387 1411 1.0
1411 1155 1.0
1155 1411 1.0
1411 1283 1.0
1283 1411 1.0
1411 1409 1.0
1409 1411 1.0
1412 388 1.0
388 1412 1.0
1412 1156 1.0
1156 1412 1.0
1412 1284 1.0
1284 1412 1.0
1412 1410 2.0
1410 1412 2.0
1412 1411 1.0
1411 1412 1.0
1413 389 1.0
389 1413 1.0
1413 1157 1.0
1157 1413 1.0
1413 1285 1.0
1285 1413 1.0
1413 1409 1.0
1409 1413 1.0
1414 390 1.0
390 1414 1.0
1414 1158 1.0
1158 1414 1.0
1414 1286 1.0
1286 1414 1.0
1414 1410 2.0
1410 1414 2.0
1414 1413 1.0
1413 1414 1.0
1415 391 2.0
391 1415 2.0
1415 1159 2.0
1159 1415 2.0
1415 1287 2.0
1287 1415 2.0
1415 1411 2.0
1411 1415 2.0
1415 1413 2.0
1413 1415 2.0
1416 392 1.0
392 1416 1.0
1416 1160 1.0
1160 1416 1.0
1416 1288 1.0
1288 1416 1.0
1416 1412 1.0
1412 1416 1.0
1416 1414 1.0
1414 1416 1.0
1416 1415 2.0
1415 1416 2.0
1417 393 1.0
393 1417 1.0
1417 1161 1.0
1161 1417 1.0
1417 1289 1.0
1289 1417 1.0
1417 1409 1.0
1409 1417 1.0
1418 394 1.0
394 1418 1.0
1418 1162 1.0
1162 1418 1.0
1418 1290 1.0
1290 1418 1.0
1418 1410 2.0
1410 1418 2.0
1418 1417 1.0
1417 1418 1.0
1419 395 3.0
395 1419 3.0
1419 1163 2.0
1163 1419 2.0
1419 1291 2.0
1291 1419 2.0
1419 1411 2.0
1411 1419 2.0
1419 1417 2.0
1417 1419 2.0
1420 396 1.0
396 1420 1.0
1420 1164 1.0
1164 1420 1.0
1420 1292 1.0
1292 1420 1.0
1420 1412 1.0
1412 1420 1.0
1420 1418 1.0
1418 1420 1.0
1420 1419 2.0
1419 1420 2.0
1421 397 1.0
397 1421 1.0
1421 1165 1.0
1165 1421 1.0
1421 1293 1.0
1293 1421 1.0
1421 1413 1.0
1413 1421 1.0
1421 1417 1.0
1417 1421 1.0
1422 398 1.0
398 1422 1.0
1422 1166 1.0
1166 1422 1.0
1422 1294 1.0
1294 1422 1.0
1422 1414 1.0
1414 1422 1.0
1422 1418 1.0
1418 1422 1.0
1422 1421 1.0
1421 1422 1.0
1423 399 1.0
399 1423 1.0
1423 1167 1.0
1167 1423 1.0
1423 1295 1.0
1295 1423 1.0
1423 1415 2.0
1415 1423 2.0
1423 1419 2.0
1419 1423 2.0
1423 1421 1.0
1421 1423 1.0
1424 400 1.0
400 1424 1.0
1424 1168 1.0
1168 1424 1.0
1424 1296 1.0
1296 1424 1.0
1424 1416 1.0
1416 1424 1.0
1424 1420 1.0
1420 1424 1.0
1424 1422 1.0
1422 1424 1.0
1424 1423 1.0
1423 1424 1.0
1425 401 1.0
401 1425 1.0
1425 1169 2.0
1169 1425 2.0
1425 1297 1.0
1297 1425 1.0
1425 1409 1.0
1409 1425 1.0
1426 402 1.0
402 1426 1.0
1426 1170 1.0
1170 1426 1.0
1426 1298 1.0
1298 1426 1.0
1426 1410 2.0
1410 1426 2.0
1426 1425 1.0
1425 1426 1.0
1427 403 1.0
403 1427 1.0
1427 1171 2.0
1171 1427 2.0
1427 1299 1.0
1299 1427 1.0
1427 1411 1.0
1411 1427 1.0
1427 1425 1.0
1425 1427 1.0
1428 404 1.0
404 1428 1.0
1428 1172 1.0
1172 1428 1.0
1428 1300 1.0
1300 1428 1.0
1428 1412 1.0
1412 1428 1.0
1428 1426 1.0
1426 1428 1.0
1428 1427 1.0
1427 1428 1.0
1429 405 1.0
405 1429 1.0
1429 1173 1.0
1173 1429 1.0
1429 1301 1.0
1301 1429 1.0
1429 1413 1.0
1413 1429 1.0
1429 1425 1.0
1425 1429 1.0
1430 406 1.0
406 1430 1.0
1430 1174 1.0
1174 1430 1.0
1430 1302 1.0
1302 1430 1.0
1430 1414 1.0
1414 1430 1.0
1430 1426 1.0
1426 1430 1.0
1430 1429 1.0
1429 1430 1.0
1431 407 1.0
407 1431 1.0
1431 1175 1.0
1175 1431 1.0
1431 1303 1.0
1303 1431 1.0
1431 1415 2.0
1415 1431 2.0
1431 1427 1.0
1427 1431 1.0
1431 1429 1.0
1429 1431 1.0
1432 408 1.0
408 1432 1.0
1432 1176 1.0
1176 1432 1.0
1432 1304 2.0
1304 1432 2.0
1432 1416 1.0
1416 1432 1.0
1432 1428 1.0
1428 1432 1.0
1432 1430 1.0
1430 1432 1.0
1432 1431 1.0
1431 1432 1.0
1433 409 1.0
409 1433 1.0
1433 1177 1.0
1177 1433 1.0
1433 1305 1.0
1305 1433 1.0
1433 1417 1.0
1417 1433 1.0
1433 1425 1.0
1425 1433 1.0
1434 410 1.0
410 1434 1.0
1434 1178 1.0
1178 1434 1.0
1434 1306 1.0
1306 1434 1.0
1434 1418 1.0
1418 1434 1.0
1434 1426 1.0
1426 1434 1.0
1434 1433 1.0
1433 1434 1.0
1435 411 2.0
411 1435 2.0
1435 1179 2.0
1179 1435 2.0
1435 1307 2.0
1307 1435 2.0
1435 1419 3.0
1419 1435 3.0
1435 1427 2.0
1427 1435 2.0
1435 1433 2.0
1433 1435 2.0
1436 412 2.0
412 1436 2.0
1436 1180 1.0
1180 1436 1.0
1436 1308 1.0
1308 1436 1.0
1436 1420 1.0
1420 1436 1.0
1436 1428 1.0
1428 1436 1.0
1436 1434 1.0
1434 1436 1.0
1436 1435 2.0
1435 1436 2.0
1437 413 2.0
413 1437 2.0
1437 1181 1.0
1181 1437 1.0
1437 1309 1.0
1309 1437 1.0
1437 1421 1.0
1421 1437 1.0
1437 1429 1.0
1429 1437 1.0
1437 1433 1.0
1433 1437 1.0
1438 414 1.0
414 1438 1.0
1438 1182 2.0
1182 1438 2.0
1438 1310 2.0
1310 1438 2.0
1438 1422 1.0
1422 1438 1.0
1438 1430 1.0
1430 1438 1.0
1438 1434 1.0
1434 1438 1.0
1438 1437 1.0
1437 1438 1.0
1439 415 1.0
415 1439 1.0
1439 1183 1.0
1183 1439 1.0
1439 1311 2.0
1311 1439 2.0
1439 1423 1.0
1423 1439 1.0
1439 1431 1.0
1431 1439 1.0
1439 1435 2.0
1435 1439 2.0
1439 1437 1.0
1437 1439 1.0
1440 416 1.0
416 1440 1.0
1440 1184 1.0
1184 1440 1.0
1440 1312 1.0
1312 1440 1.0
1440 1424 1.0
1424 1440 1.0
1440 1432 1.0
1432 1440 1.0
1440 1436 1.0
1436 1440 1.0
1440 1438 1.0
1438 1440 1.0
1440 1439 1.0
1439 1440 1.0
1441 417 1.0
417 1441 1.0
1441 1185 2.0
1185 1441 2.0
1441 1313 1.0
1313 1441 1.0
1441 1409 1.0
1409 1441 1.0
1442 418 1.0
418 1442 1.0
1442 1186 1.0
1186 1442 1.0
1442 1314 1.0
1314 1442 1.0
1442 1410 2.0
1410 1442 2.0
1442 1441 1.0
1441 1442 1.0
1443 419 1.0
419 1443 1.0
1443 1187 1.0
1187 1443 1.0
1443 1315 1.0
1315 1443 1.0
1443 1411 1.0
1411 1443 1.0
1443 1441 1.0
1441 1443 1.0
1444 420 1.0
420 1444 1.0
1444 1188 1.0
1188 1444 1.0
1444 1316 2.0
1316 1444 2.0
1444 1412 1.0
1412 1444 1.0
1444 1442 1.0
1442 1444 1.0
1444 1443 1.0
1443 1444 1.0
1445 421 1.0
421 1445 1.0
1445 1189 1.0
1189 1445 1.0
1445 1317 1.0
1317 1445 1.0
1445 1413 1.0
1413 1445 1.0
1445 1441 1.0
1441 1445 1.0
1446 422 1.0
422 1446 1.0
1446 1190 1.0
1190 1446 1.0
1446 1318 2.0
1318 1446 2.0
1446 1414 1.0
1414 1446 1.0
1446 1442 1.0
1442 1446 1.0
1446 1445 1.0
1445 1446 1.0
1447 423 1.0
423 1447 1.0
1447 1191 1.0
1191 1447 1.0
1447 1319 1.0
1319 1447 1.0
1447 1415 2.0
1415 1447 2.0
1447 1443 1.0
1443 1447 1.0
1447 1445 1.0
1445 1447 1.0
1448 424 1.0
424 1448 1.0
1448 1192 1.0
1192 1448 1.0
1448 1320 1.0
1320 1448 1.0
1448 1416 1.0
1416 1448 1.0
1448 1444 1.0
1444 1448 1.0
1448 1446 1.0
1446 1448 1.0
1448 1447 1.0
1447 1448 1.0
1449 425 1.0
425 1449 1.0
1449 1193 1.0
1193 1449 1.0
1449 1321 1.0
1321 1449 1.0
1449 1417 1.0
1417 1449 1.0
1449 1441 1.0
1441 1449 1.0
1450 426 1.0
426 1450 1.0
1450 1194 1.0
1194 1450 1.0
1450 1322 1.0
1322 1450 1.0
1450 1418 1.0
1418 1450 1.0
1450 1442 1.0
1442 1450 1.0
1450 1449 1.0
1449 1450 1.0
1451 427 1.0
427 1451 1.0
1451 1195 1.0
1195 1451 1.0
1451 1323 1.0
1323 1451 1.0
1451 1419 2.0
1419 1451 2.0
1451 1443 1.0
1443 1451 1.0
1451 1449 1.0
1449 1451 1.0
1452 428 2.0
428 1452 2.0
1452 1196 1.0
1196 1452 1.0
1452 1324 1.0
1324 1452 1.0
1452 1420 1.0
1420 1452 1.0
1452 1444 1.0
1444 1452 1.0
1452 1450 1.0
1450 1452 1.0
1452 1451 1.0
1451 1452 1.0
1453 429 1.0
429 1453 1.0
1453 1197 1.0
1197 1453 1.0
1453 1325 1.0
1325 1453 1.0
1453 1421 1.0
1421 1453 1.0
1453 1445 1.0
1445 1453 1.0
1453 1449 1.0
1449 1453 1.0
1454 430 3.0
430 1454 3.0
1454 1198 2.0
1198 1454 2.0
1454 1326 2.0
1326 1454 2.0
1454 1422 2.0
1422 1454 2.0
1454 1446 2.0
1446 1454 2.0
1454 1450 2.0
1450 1454 2.0
1454 1453 2.0
1453 1454 2.0
1455 431 2.0
431 1455 2.0
1455 1199 1.0
1199 1455 1.0
1455 1327 1.0
1327 1455 1.0
1455 1423 1.0
1423 1455 1.0
1455 1447 1.0
1447 1455 1.0
1455 1451 1.0
1451 1455 1.0
1455 1453 1.0
1453 1455 1.0
1456 432 1.0
432 1456 1.0
1456 1200 2.0
1200 1456 2.0
1456 1328 1.0
1328 1456 1.0
1456 1424 1.0
1424 1456 1.0
1456 1448 1.0
1448 1456 1.0
1456 1452 1.0
1452 1456 1.0
1456 1454 2.0
1454 1456 2.0
1456 1455 1.0
1455 1456 1.0
1457 433 2.0
433 1457 2.0
1457 1201 1.0
1201 1457 1.0
1457 1329 2.0
1329 1457 2.0
1457 1425 1.0
1425 1457 1.0
1457 1441 1.0
1441 1457 1.0
1458 434 1.0
434 1458 1.0
1458 1202 1.0
1202 1458 1.0
1458 1330 1.0
1330 1458 1.0
1458 1426 1.0
1426 1458 1.0
1458 1442 1.0
1442 1458 1.0
1458 1457 1.0
1457 1458 1.0
1459 435 1.0
435 1459 1.0
1459 1203 1.0
1203 1459 1.0
1459 1331 1.0
1331 1459 1.0
1459 1427 1.0
1427 1459 1.0
1459 1443 1.0
1443 1459 1.0
1459 1457 1.0
1457 1459 1.0
1460 436 2.0
436 1460 2.0
1460 1204 2.0
1204 1460 2.0
1460 1332 2.0
1332 1460 2.0
1460 1428 2.0
1428 1460 2.0
1460 1444 2.0
1444 1460 2.0
1460 1458 2.0
1458 1460 2.0
1460 1459 2.0
1459 1460 2.0
1461 437 1.0
437 1461 1.0
1461 1205 1.0
1205 1461 1.0
1461 1333 1.0
1333 1461 1.0
1461 1429 1.0
1429 1461 1.0
1461 1445 1.0
1445 1461 1.0
1461 1457 1.0
1457 1461 1.0
1462 438 1.0
438 1462 1.0
1462 1206 2.0
1206 1462 2.0
1462 1334 1.0
1334 1462 1.0
1462 1430 1.0
1430 1462 1.0
1462 1446 1.0
1446 1462 1.0
1462 1458 1.0
1458 1462 1.0
1462 1461 1.0
1461 1462 1.0
1463 439 1.0
439 1463 1.0
1463 1207 1.0
1207 1463 1.0
1463 1335 1.0
1335 1463 1.0
1463 1431 1.0
1431 1463 1.0
1463 1447 1.0
1447 1463 1.0
1463 1459 1.0
1459 1463 1.0
1463 1461 1.0
1461 1463 1.0
1464 440 2.0
440 1464 2.0
1464 1208 1.0
1208 1464 1.0
1464 1336 1.0
1336 1464 1.0
1464 1432 1.0
1432 1464 1.0
1464 1448 1.0
1448 1464 1.0
1464 1460 2.0
1460 1464 2.0
1464 1462 1.0
1462 1464 1.0
1464 1463 1.0
1463 1464 1.0
1465 441 1.0
441 1465 1.0
1465 1209 1.0
1209 1465 1.0
1465 1337 1.0
1337 1465 1.0
1465 1433 1.0
1433 1465 1.0
1465 1449 1.0
1449 1465 1.0
1465 1457 1.0
1457 1465 1.0
1466 442 1.0
442 1466 1.0
1466 1210 1.0
1210 1466 1.0
1466 1338 2.0
1338 1466 2.0
1466 1434 1.0
1434 1466 1.0
1466 1450 1.0
1450 1466 1.0
1466 1458 1.0
1458 1466 1.0
1466 1465 1.0
1465 1466 1.0
1467 443 1.0
443 1467 1.0
1467 1211 1.0
1211 1467 1.0
1467 1339 1.0
1339 1467 1.0
1467 1435 2.0
1435 1467 2.0
1467 1451 1.0
1451 1467 1.0
1467 1459 1.0
1459 1467 1.0
1467 1465 1.0
1465 1467 1.0
1468 444 1.0
444 1468 1.0
1468 1212 1.0
1212 1468 1.0
1468 1340 1.0
1340 1468 1.0
1468 1436 1.0
1436 1468 1.0
1468 1452 1.0
1452 1468 1.0
1468 1460 2.0
1460 1468 2.0
1468 1466 1.0
1466 1468 1.0
1468 1467 1.0
1467 1468 1.0
1469 445 1.0
445 1469 1.0
1469 1213 1.0
1213 1469 1.0
1469 1341 1.0
1341 1469 1.0
1469 1437 1.0
1437 1469 1.0
1469 1453 1.0
1453 1469 1.0
1469 1461 1.0
1461 1469 1.0
1469 1465 1.0
1465 1469 1.0
1470 446 1.0
446 1470 1.0
1470 1214 1.0
1214 1470 1.0
1470 1342 1.0
1342 1470 1.0
1470 1438 1.0
1438 1470 1.0
1470 1454 2.0
1454 1470 2.0
1470 1462 1.0
1462 1470 1.0
1470 1466 1.0
1466 1470 1.0
1470 1469 1.0
1469 1470 1.0
1471 447 1.0
447 1471 1.0
1471 1215 2.0
1215 1471 2.0
1471 1343 2.0
1343 1471 2.0
1471 1439 1.0
1439 1471 1.0
1471 1455 1.0
1455 1471 1.0
1471 1463 1.0
1463 1471 1.0
1471 1467 1.0
1467 1471 1.0
1471 1469 1.0
1469 1471 1.0
1472 448 1.0
448 1472 1.0
1472 1216 1.0
1216 1472 1.0
1472 1344 1.0
1344 1472 1.0
1472 1440 1.0
1440 1472 1.0
1472 1456 1.0
1456 1472 1.0
1472 1464 1.0
1464 1472 1.0
1472 1468 1.0
1468 1472 1.0
1472 1470 1.0
1470 1472 1.0
1472 1471 1.0
1471 1472 1.0
1473 449 1.0
449 1473 1.0
1473 1217 1.0
1217 1473 1.0
1473 1345 2.0
1345 1473 2.0
1473 1409 1.0
1409 1473 1.0
1474 450 1.0
450 1474 1.0
1474 1218 1.0
1218 1474 1.0
1474 1346 1.0
1346 1474 1.0
1474 1410 2.0
1410 1474 2.0
1474 1473 1.0
1473 1474 1.0
1475 451 1.0
451 1475 1.0
1475 1219 2.0
1219 1475 2.0
1475 1347 2.0
1347 1475 2.0
1475 1411 1.0
1411 1475 1.0
1475 1473 1.0
1473 1475 1.0
1476 452 1.0
452 1476 1.0
1476 1220 1.0
1220 1476 1.0
1476 1348 1.0
1348 1476 1.0
1476 1412 1.0
1412 1476 1.0
1476 1474 1.0
1474 1476 1.0
1476 1475 1.0
1475 1476 1.0
1477 453 1.0
453 1477 1.0
1477 1221 1.0
1221 1477 1.0
1477 1349 1.0
1349 1477 1.0
1477 1413 1.0
1413 1477 1.0
1477 1473 1.0
1473 1477 1.0
1478 454 2.0
454 1478 2.0
1478 1222 1.0
1222 1478 1.0
1478 1350 1.0
1350 1478 1.0
1478 1414 1.0
1414 1478 1.0
1478 1474 1.0
1474 1478 1.0
1478 1477 1.0
1477 1478 1.0
1479 455 2.0
455 1479 2.0
1479 1223 1.0
1223 1479 1.0
1479 1351 1.0
1351 1479 1.0
1479 1415 2.0
1415 1479 2.0
1479 1475 1.0
1475 1479 1.0
1479 1477 1.0
1477 1479 1.0
1480 456 1.0
456 1480 1.0
1480 1224 1.0
1224 1480 1.0
1480 1352 1.0
1352 1480 1.0
1480 1416 1.0
1416 1480 1.0
1480 1476 1.0
1476 1480 1.0
1480 1478 1.0
1478 1480 1.0
1480 1479 1.0
1479 1480 1.0
1481 457 2.0
457 1481 2.0
1481 1225 1.0
1225 1481 1.0
1481 1353 1.0
1353 1481 1.0
1481 1417 1.0
1417 1481 1.0
1481 1473 1.0
1473 1481 1.0
1482 458 1.0
458 1482 1.0
1482 1226 2.0
1226 1482 2.0
1482 1354 1.0
1354 1482 1.0
1482 1418 1.0
1418 1482 1.0
1482 1474 1.0
1474 1482 1.0
1482 1481 1.0
1481 1482 1.0
1483 459 1.0
459 1483 1.0
1483 1227 1.0
1227 1483 1.0
1483 1355 1.0
1355 1483 1.0
1483 1419 2.0
1419 1483 2.0
1483 1475 1.0
1475 1483 1.0
1483 1481 1.0
1481 1483 1.0
1484 460 1.0
460 1484 1.0
1484 1228 1.0
1228 1484 1.0
1484 1356 1.0
1356 1484 1.0
1484 1420 1.0
1420 1484 1.0
1484 1476 1.0
1476 1484 1.0
1484 1482 1.0
1482 1484 1.0
1484 1483 1.0
1483 1484 1.0
1485 461 1.0
461 1485 1.0
1485 1229 2.0
1229 1485 2.0
1485 1357 1.0
1357 1485 1.0
1485 1421 1.0
1421 1485 1.0
1485 1477 1.0
1477 1485 1.0
1485 1481 1.0
1481 1485 1.0
1486 462 1.0
462 1486 1.0
1486 1230 1.0
1230 1486 1.0
1486 1358 1.0
1358 1486 1.0
1486 1422 1.0
1422 1486 1.0
1486 1478 1.0
1478 1486 1.0
1486 1482 1.0
1482 1486 1.0
1486 1485 1.0
1485 1486 1.0
1487 463 1.0
463 1487 1.0
1487 1231 1.0
1231 1487 1.0
1487 1359 1.0
1359 1487 1.0
1487 1423 1.0
1423 1487 1.0
1487 1479 1.0
1479 1487 1.0
1487 1483 1.0
1483 1487 1.0
1487 1485 1.0
1485 1487 1.0
1488 464 2.0
464 1488 2.0
1488 1232 2.0
1232 1488 2.0
1488 1360 2.0
1360 1488 2.0
1488 1424 2.0
1424 1488 2.0
1488 1480 2.0
1480 1488 2.0
1488 1484 2.0
1484 1488 2.0
1488 1486 2.0
1486 1488 2.0
1488 1487 2.0
1487 1488 2.0
1489 465 1.0
465 1489 1.0
1489 1233 1.0
1233 1489 1.0
1489 1361 1.0
1361 1489 1.0
1489 1425 1.0
1425 1489 1.0
1489 1473 1.0
1473 1489 1.0
1490 466 1.0
466 1490 1.0
1490 1234 1.0
1234 1490 1.0
1490 1362 1.0
1362 1490 1.0
1490 1426 1.0
1426 1490 1.0
1490 1474 1.0
1474 1490 1.0
1490 1489 1.0
1489 1490 1.0
1491 467 1.0
467 1491 1.0
1491 1235 1.0
1235 1491 1.0
1491 1363 1.0
1363 1491 1.0
1491 1427 1.0
1427 1491 1.0
1491 1475 1.0
1475 1491 1.0
1491 1489 1.0
1489 1491 1.0
1492 468 1.0
468 1492 1.0
1492 1236 1.0
1236 1492 1.0
1492 1364 1.0
1364 1492 1.0
1492 1428 1.0
1428 1492 1.0
1492 1476 1.0
1476 1492 1.0
1492 1490 1.0
1490 1492 1.0
1492 1491 1.0
1491 1492 1.0
1493 469 3.0
469 1493 3.0
1493 1237 2.0
1237 1493 2.0
1493 1365 2.0
1365 1493 2.0
1493 1429 2.0
1429 1493 2.0
1493 1477 2.0
1477 1493 2.0
1493 1489 2.0
1489 1493 2.0
1494 470 2.0
470 1494 2.0
1494 1238 2.0
1238 1494 2.0
1494 1366 2.0
1366 1494 2.0
1494 1430 2.0
1430 1494 2.0
1494 1478 2.0
1478 1494 2.0
1494 1490 2.0
1490 1494 2.0
1494 1493 3.0
1493 1494 3.0
1495 471 1.0
471 1495 1.0
1495 1239 1.0
1239 1495 1.0
1495 1367 1.0
1367 1495 1.0
1495 1431 1.0
1431 1495 1.0
1495 1479 1.0
1479 1495 1.0
1495 1491 1.0
1491 1495 1.0
1495 1493 2.0
1493 1495 2.0
1496 472 2.0
472 1496 2.0
1496 1240 2.0
1240 1496 2.0
1496 1368 2.0
1368 1496 2.0
1496 1432 2.0
1432 1496 2.0
1496 1480 2.0
1480 1496 2.0
1496 1492 2.0
1492 1496 2.0
1496 1494 3.0
1494 1496 3.0
1496 1495 2.0
1495 1496 2.0
1497 473 1.0
473 1497 1.0
1497 1241 1.0
1241 1497 1.0
1497 1369 2.0
1369 1497 2.0
1497 1433 1.0
1433 1497 1.0
1497 1481 1.0
1481 1497 1.0
1497 1489 1.0
1489 1497 1.0
1498 474 1.0
474 1498 1.0
1498 1242 1.0
1242 1498 1.0
1498 1370 1.0
1370 1498 1.0
1498 1434 1.0
1434 1498 1.0
1498 1482 1.0
1482 1498 1.0
1498 1490 1.0
1490 1498 1.0
1498 1497 1.0
1497 1498 1.0
1499 475 1.0
475 1499 1.0
1499 1243 1.0
1243 1499 1.0
1499 1371 1.0
1371 1499 1.0
1499 1435 2.0
1435 1499 2.0
1499 1483 1.0
1483 1499 1.0
1499 1491 1.0
1491 1499 1.0
1499 1497 1.0
1497 1499 1.0
1500 476 2.0
476 1500 2.0
1500 1244 1.0
1244 1500 1.0
1500 1372 1.0
1372 1500 1.0
1500 1436 1.0
1436 1500 1.0
1500 1484 1.0
1484 1500 1.0
1500 1492 1.0
1492 1500 1.0
1500 1498 1.0
1498 1500 1.0
1500 1499 1.0
1499 1500 1.0
1501 477 1.0
477 1501 1.0
1501 1245 1.0
1245 1501 1.0
1501 1373 1.0
1373 1501 1.0
1501 1437 1.0
1437 1501 1.0
1501 1485 1.0
1485 1501 1.0
1501 1493 2.0
1493 1501 2.0
1501 1497 1.0
1497 1501 1.0
1502 478 1.0
478 1502 1.0
1502 1246 1.0
1246 1502 1.0
1502 1374 1.0
1374 1502 1.0
1502 1438 1.0
1438 1502 1.0
1502 1486 1.0
1486 1502 1.0
1502 1494 2.0
1494 1502 2.0
1502 1498 1.0
1498 1502 1.0
1502 1501 1.0
1501 1502 1.0
1503 479 1.0
479 1503 1.0
1503 1247 1.0
1247 1503 1.0
1503 1375 1.0
1375 1503 1.0
1503 1439 1.0
1439 1503 1.0
1503 1487 1.0
1487 1503 1.0
1503 1495 1.0
1495 1503 1.0
1503 1499 1.0
1499 1503 1.0
1503 1501 1.0
1501 1503 1.0
1504 480 2.0
480 1504 2.0
1504 1248 2.0
1248 1504 2.0
1504 1376 2.0
1376 1504 2.0
1504 1440 2.0
1440 1504 2.0
1504 1488 3.0
1488 1504 3.0
1504 1496 3.0
1496 1504 3.0
1504 1500 2.0
1500 1504 2.0
1504 1502 2.0
1502 1504 2.0
1504 1503 2.0
1503 1504 2.0
1505 481 1.0
481 1505 1.0
1505 1249 1.0
1249 1505 1.0
1505 1377 1.0
1377 1505 1.0
1505 1441 1.0
1441 1505 1.0
1505 1473 1.0
1473 1505 1.0
1506 482 1.0
482 1506 1.0
1506 1250 1.0
1250 1506 1.0
1506 1378 1.0
1378 1506 1.0
1506 1442 1.0
1442 1506 1.0
1506 1474 1.0
1474 1506 1.0
1506 1505 1.0
1505 1506 1.0
1507 483 2.0
483 1507 2.0
1507 1251 2.0
1251 1507 2.0
1507 1379 2.0
1379 1507 2.0
1507 1443 2.0
1443 1507 2.0
1507 1475 2.0
1475 1507 2.0
1507 1505 2.0
1505 1507 2.0
1508 484 2.0
484 1508 2.0
1508 1252 1.0
1252 1508 1.0
1508 1380 1.0
1380 1508 1.0
1508 1444 1.0
1444 1508 1.0
1508 1476 1.0
1476 1508 1.0
1508 1506 1.0
1506 1508 1.0
1508 1507 2.0
1507 1508 2.0
1509 485 2.0
485 1509 2.0
1509 1253 1.0
1253 1509 1.0
1509 1381 1.0
1381 1509 1.0
1509 1445 1.0
1445 1509 1.0
1509 1477 1.0
1477 1509 1.0
1509 1505 1.0
1505 1509 1.0
1510 486 1.0
486 1510 1.0
1510 1254 1.0
1254 1510 1.0
1510 1382 1.0
1382 1510 1.0
1510 1446 1.0
1446 1510 1.0
1510 1478 1.0
1478 1510 1.0
1510 1506 1.0
1506 1510 1.0
1510 1509 1.0
1509 1510 1.0
1511 487 1.0
487 1511 1.0
1511 1255 1.0
1255 1511 1.0
1511 1383 1.0
1383 1511 1.0
1511 1447 1.0
1447 1511 1.0
1511 1479 1.0
1479 1511 1.0
1511 1507 2.0
1507 1511 2.0
1511 1509 1.0
1509 1511 1.0
1512 488 1.0
488 1512 1.0
1512 1256 2.0
1256 1512 2.0
1512 1384 1.0
1384 1512 1.0
1512 1448 1.0
1448 1512 1.0
1512 1480 1.0
1480 1512 1.0
1512 1508 1.0
1508 1512 1.0
1512 1510 1.0
1510 1512 1.0
1512 1511 1.0
1511 1512 1.0
1513 489 2.0
489 1513 2.0
1513 1257 2.0
1257 1513 2.0
1513 1385 2.0
1385 1513 2.0
1513 1449 2.0
1449 1513 2.0
1513 1481 2.0
1481 1513 2.0
1513 1505 2.0
1505 1513 2.0
1514 490 1.0
490 1514 1.0
1514 1258 1.0
1258 1514 1.0
1514 1386 1.0
1386 1514 1.0
1514 1450 1.0
1450 1514 1.0
1514 1482 1.0
1482 1514 1.0
1514 1506 1.0
1506 1514 1.0
1514 1513 2.0
1513 1514 2.0
1515 491 2.0
491 1515 2.0
1515 1259 2.0
1259 1515 2.0
1515 1387 2.0
1387 1515 2.0
1515 1451 2.0
1451 1515 2.0
1515 1483 2.0
1483 1515 2.0
1515 1507 3.0
1507 1515 3.0
1515 1513 3.0
1513 1515 3.0
1516 492 1.0
492 1516 1.0
1516 1260 1.0
1260 1516 1.0
1516 1388 1.0
1388 1516 1.0
1516 1452 1.0
1452 1516 1.0
1516 1484 1.0
1484 1516 1.0
1516 1508 1.0
1508 1516 1.0
1516 1514 1.0
1514 1516 1.0
1516 1515 2.0
1515 1516 2.0
1517 493 1.0
493 1517 1.0
1517 1261 1.0
1261 1517 1.0
1517 1389 2.0
1389 1517 2.0
1517 1453 1.0
1453 1517 1.0
1517 1485 1.0
1485 1517 1.0
1517 1509 1.0
1509 1517 1.0
1517 1513 2.0
1513 1517 2.0
1518 494 1.0
494 1518 1.0
1518 1262 1.0
1262 1518 1.0
1518 1390 1.0
1390 1518 1.0
1518 1454 2.0
1454 1518 2.0
1518 1486 1.0
1486 1518 1.0
1518 1510 1.0
1510 1518 1.0
1518 1514 1.0
1514 1518 1.0
1518 1517 1.0
1517 1518 1.0
1519 495 1.0
495 1519 1.0
1519 1263 1.0
1263 1519 1.0
1519 1391 1.0
1391 1519 1.0
1519 1455 1.0
1455 1519 1.0
1519 1487 1.0
1487 1519 1.0
1519 1511 1.0
1511 1519 1.0
1519 1515 2.0
1515 1519 2.0
1519 1517 1.0
1517 1519 1.0
1520 496 1.0
496 1520 1.0
1520 1264 1.0
1264 1520 1.0
1520 1392 2.0
1392 1520 2.0
1520 1456 1.0
1456 1520 1.0
1520 1488 2.0
1488 1520 2.0
1520 1512 1.0
1512 1520 1.0
1520 1516 1.0
1516 1520 1.0
1520 1518 1.0
1518 1520 1.0
1520 1519 1.0
1519 1520 1.0
1521 497 1.0
497 1521 1.0
1521 1265 1.0
1265 1521 1.0
1521 1393 1.0
1393 1521 1.0
1521 1457 1.0
1457 1521 1.0
1521 1489 1.0
1489 1521 1.0
1521 1505 1.0
1505 1521 1.0
1522 498 1.0
498 1522 1.0
1522 1266 1.0
1266 1522 1.0
1522 1394 1.0
1394 1522 1.0
1522 1458 1.0
1458 1522 1.0
1522 1490 1.0
1490 1522 1.0
1522 1506 1.0
1506 1522 1.0
1522 1521 1.0
1521 1522 1.0
1523 499 1.0
499 1523 1.0
1523 1267 1.0
1267 1523 1.0
1523 1395 1.0
1395 1523 1.0
1523 1459 1.0
1459 1523 1.0
1523 1491 1.0
1491 1523 1.0
1523 1507 2.0
1507 1523 2.0
1523 1521 1.0
1521 1523 1.0
1524 500 1.0
500 1524 1.0
1524 1268 1.0
1268 1524 1.0
1524 1396 1.0
1396 1524 1.0
1524 1460 2.0
1460 1524 2.0
1524 1492 1.0
1492 1524 1.0
1524 1508 1.0
1508 1524 1.0
1524 1522 1.0
1522 1524 1.0
1524 1523 1.0
1523 1524 1.0
1525 501 1.0
501 1525 1.0
1525 1269 2.0
1269 1525 2.0
1525 1397 1.0
1397 1525 1.0
1525 1461 1.0
1461 1525 1.0
1525 1493 2.0
1493 1525 2.0
1525 1509 1.0
1509 1525 1.0
1525 1521 1.0
1521 1525 1.0
1526 502 2.0
502 1526 2.0
1526 1270 1.0
1270 1526 1.0
1526 1398 1.0
1398 1526 1.0
1526 1462 1.0
1462 1526 1.0
1526 1494 2.0
1494 1526 2.0
1526 1510 1.0
1510 1526 1.0
1526 1522 1.0
1522 1526 1.0
1526 1525 1.0
1525 1526 1.0
1527 503 1.0
503 1527 1.0
1527 1271 1.0
1271 1527 1.0
1527 1399 2.0
1399 1527 2.0
1527 1463 1.0
1463 1527 1.0
1527 1495 1.0
1495 1527 1.0
1527 1511 1.0
1511 1527 1.0
1527 1523 1.0
1523 1527 1.0
1527 1525 1.0
1525 1527 1.0
1528 504 1.0
504 1528 1.0
1528 1272 1.0
1272 1528 1.0
1528 1400 1.0
1400 1528 1.0
1528 1464 1.0
1464 1528 1.0
1528 1496 2.0
1496 1528 2.0
1528 1512 1.0
1512 1528 1.0
1528 1524 1.0
1524 1528 1.0
1528 1526 1.0
1526 1528 1.0
1528 1527 1.0
1527 1528 1.0
1529 505 2.0
505 1529 2.0
1529 1273 2.0
1273 1529 2.0
1529 1401 2.0
1401 1529 2.0
1529 1465 2.0
1465 1529 2.0
1529 1497 2.0
1497 1529 2.0
1529 1513 3.0
1513 1529 3.0
1529 1521 2.0
1521 1529 2.0
1530 506 1.0
506 1530 1.0
1530 1274 1.0
1274 1530 1.0
1530 1402 2.0
1402 1530 2.0
1530 1466 1.0
1466 1530 1.0
1530 1498 1.0
1498 1530 1.0
1530 1514 1.0
1514 1530 1.0
1530 1522 1.0
1522 1530 1.0
1530 1529 2.0
1529 1530 2.0
1531 507 2.0
507 1531 2.0
1531 1275 1.0
1275 1531 1.0
1531 1403 1.0
1403 1531 1.0
1531 1467 1.0
1467 1531 1.0
1531 1499 1.0
1499 1531 1.0
1531 1515 2.0
1515 1531 2.0
1531 1523 1.0
1523 1531 1.0
1531 1529 2.0
1529 1531 2.0
1532 508 1.0
508 1532 1.0
1532 1276 2.0
1276 1532 2.0
1532 1404 2.0
1404 1532 2.0
1532 1468 1.0
1468 1532 1.0
1532 1500 1.0
1500 1532 1.0
1532 1516 1.0
1516 1532 1.0
1532 1524 1.0
1524 1532 1.0
1532 1530 1.0
1530 1532 1.0
1532 1531 1.0
1531 1532 1.0
1533 509 1.0
509 1533 1.0
1533 1277 1.0
1277 1533 1.0
1533 1405 1.0
1405 1533 1.0
1533 1469 1.0
1469 1533 1.0
1533 1501 1.0
1501 1533 1.0
1533 1517 1.0
1517 1533 1.0
1533 1525 1.0
1525 1533 1.0
1533 1529 2.0
1529 1533 2.0
1534 510 2.0
510 1534 2.0
1534 1278 1.0
1278 1534 1.0
1534 1406 1.0
1406 1534 1.0
1534 1470 1.0
1470 1534 1.0
1534 1502 1.0
1502 1534 1.0
1534 1518 1.0
1518 1534 1.0
1534 1526 1.0
1526 1534 1.0
1534 1530 1.0
1530 1534 1.0
1534 1533 1.0
1533 1534 1.0
1535 511 1.0
511 1535 1.0
1535 1279 1.0
1279 1535 1.0
1535 1407 1.0
1407 1535 1.0
1535 1471 1.0
1471 1535 1.0
1535 1503 1.0
1503 1535 1.0
1535 1519 1.0
1519 1535 1.0
1535 1527 1.0
1527 1535 1.0
1535 1531 1.0
1531 1535 1.0
1535 1533 1.0
1533 1535 1.0
1536 512 1.0
512 1536 1.0
1536 1280 1.0
1280 1536 1.0
1536 1408 1.0
1408 1536 1.0
1536 1472 1.0
1472 1536 1.0
1536 1504 2.0
1504 1536 2.0
1536 1520 1.0
1520 1536 1.0
1536 1528 1.0
1528 1536 1.0
1536 1532 1.0
1532 1536 1.0
1536 1534 1.0
1534 1536 1.0
1536 1535 1.0
1535 1536 1.0
1537 513 1.0
513 1537 1.0
1537 1025 1.0
1025 1537 1.0
1538 514 2.0
514 1538 2.0
1538 1026 2.0
1026 1538 2.0
1538 1537 2.0
1537 1538 2.0
1539 515 1.0
515 1539 1.0
1539 1027 1.0
1027 1539 1.0
1539 1537 1.0
1537 1539 1.0
1540 516 1.0
516 1540 1.0
1540 1028 1.0
1028 1540 1.0
1540 1538 2.0
1538 1540 2.0
1540 1539 1.0
1539 1540 1.0
1541 517 1.0
517 1541 1.0
1541 1029 1.0
1029 1541 1.0
1541 1537 1.0
1537 1541 1.0
1542 518 1.0
518 1542 1.0
1542 1030 1.0
1030 1542 1.0
1542 1538 2.0
1538 1542 2.0
1542 1541 1.0
1541 1542 1.0
1543 519 1.0
519 1543 1.0
1543 1031 1.0
1031 1543 1.0
1543 1539 1.0
1539 1543 1.0
1543 1541 1.0
1541 1543 1.0
1544 520 1.0
520 1544 1.0
1544 1032 2.0
1032 1544 2.0
1544 1540 1.0
1540 1544 1.0
1544 1542 1.0
1542 1544 1.0
1544 1543 1.0
1543 1544 1.0
1545 521 1.0
521 1545 1.0
1545 1033 2.0
1033 1545 2.0
1545 1537 1.0
1537 1545 1.0
1546 522 1.0
522 1546 1.0
1546 1034 1.0
1034 1546 1.0
1546 1538 2.0
1538 1546 2.0
1546 1545 1.0
1545 1546 1.0
1547 523 2.0
523 1547 2.0
1547 1035 1.0
1035 1547 1.0
1547 1539 1.0
1539 1547 1.0
1547 1545 1.0
1545 1547 1.0
1548 524 1.0
524 1548 1.0
1548 1036 1.0
1036 1548 1.0
1548 1540 1.0
1540 1548 1.0
1548 1546 1.0
1546 1548 1.0
1548 1547 1.0
1547 1548 1.0
1549 525 1.0
525 1549 1.0
1549 1037 1.0
1037 1549 1.0
1549 1541 1.0
1541 1549 1.0
1549 1545 1.0
1545 1549 1.0
1550 526 2.0
526 1550 2.0
1550 1038 2.0
1038 1550 2.0
1550 1542 2.0
1542 1550 2.0
1550 1546 2.0
1546 1550 2.0
1550 1549 2.0
1549 1550 2.0
1551 527 1.0
527 1551 1.0
1551 1039 1.0
1039 1551 1.0
1551 1543 1.0
1543 1551 1.0
1551 1547 1.0
1547 1551 1.0
1551 1549 1.0
1549 1551 1.0
1552 528 2.0
528 1552 2.0
1552 1040 2.0
1040 1552 2.0
1552 1544 2.0
1544 1552 2.0
1552 1548 2.0
1548 1552 2.0
1552 1550 3.0
1550 1552 3.0
1552 1551 2.0
1551 1552 2.0
1553 529 1.0
529 1553 1.0
1553 1041 1.0
1041 1553 1.0
1553 1537 1.0
1537 1553 1.0
1554 530 1.0
530 1554 1.0
1554 1042 1.0
1042 1554 1.0
1554 1538 2.0
1538 1554 2.0
1554 1553 1.0
1553 1554 1.0
1555 531 2.0
531 1555 2.0
1555 1043 2.0
1043 1555 2.0
1555 1539 2.0
1539 1555 2.0
1555 1553 2.0
1553 1555 2.0
1556 532 1.0
532 1556 1.0
1556 1044 1.0
1044 1556 1.0
1556 1540 1.0
1540 1556 1.0
1556 1554 1.0
1554 1556 1.0
1556 1555 2.0
1555 1556 2.0
1557 533 1.0
533 1557 1.0
1557 1045 1.0
1045 1557 1.0
1557 1541 1.0
1541 1557 1.0
1557 1553 1.0
1553 1557 1.0
1558 534 2.0
534 1558 2.0
1558 1046 1.0
1046 1558 1.0
1558 1542 1.0
1542 1558 1.0
1558 1554 1.0
1554 1558 1.0
1558 1557 1.0
1557 1558 1.0
1559 535 2.0
535 1559 2.0
1559 1047 2.0
1047 1559 2.0
1559 1543 2.0
1543 1559 2.0
1559 1555 3.0
1555 1559 3.0
1559 1557 2.0
1557 1559 2.0
1560 536 1.0
536 1560 1.0
1560 1048 1.0
1048 1560 1.0
1560 1544 1.0
1544 1560 1.0
1560 1556 1.0
1556 1560 1.0
1560 1558 1.0
1558 1560 1.0
1560 1559 2.0
1559 1560 2.0
1561 537 1.0
537 1561 1.0
1561 1049 1.0
1049 1561 1.0
1561 1545 1.0
1545 1561 1.0
1561 1553 1.0
1553 1561 1.0
1562 538 1.0
538 1562 1.0
1562 1050 1.0
1050 1562 1.0
1562 1546 1.0
1546 1562 1.0
1562 1554 1.0
1554 1562 1.0
1562 1561 1.0
1561 1562 1.0
1563 539 1.0
539 1563 1.0
1563 1051 1.0
1051 1563 1.0
1563 1547 1.0
1547 1563 1.0
1563 1555 2.0
1555 1563 2.0
1563 1561 1.0
1561 1563 1.0
1564 540 1.0
540 1564 1.0
1564 1052 2.0
1052 1564 2.0
1564 1548 1.0
1548 1564 1.0
1564 1556 1.0
1556 1564 1.0
1564 1562 1.0
1562 1564 1.0
1564 1563 1.0
1563 1564 1.0
1565 541 1.0
541 1565 1.0
1565 1053 1.0
1053 1565 1.0
1565 1549 1.0
1549 1565 1.0
1565 1557 1.0
1557 1565 1.0
1565 1561 1.0
1561 1565 1.0
1566 542 1.0
542 1566 1.0
1566 1054 1.0
1054 1566 1.0
1566 1550 2.0
1550 1566 2.0
1566 1558 1.0
1558 1566 1.0
1566 1562 1.0
1562 1566 1.0
1566 1565 1.0
1565 1566 1.0
1567 543 1.0
543 1567 1.0
1567 1055 1.0
1055 1567 1.0
1567 1551 1.0
1551 1567 1.0
1567 1559 2.0
1559 1567 2.0
1567 1563 1.0
1563 1567 1.0
1567 1565 1.0
1565 1567 1.0
1568 544 1.0
544 1568 1.0
1568 1056 1.0
1056 1568 1.0
1568 1552 2.0
1552 1568 2.0
1568 1560 1.0
1560 1568 1.0
1568 1564 1.0
1564 1568 1.0
1568 1566 1.0
1566 1568 1.0
1568 1567 1.0
1567 1568 1.0
1569 545 2.0
545 1569 2.0
1569 1057 1.0
1057 1569 1.0
1569 1537 1.0
1537 1569 1.0
1570 546 1.0
546 1570 1.0
1570 1058 1.0
1058 1570 1.0
1570 1538 2.0
1538 1570 2.0
1570 1569 1.0
1569 1570 1.0
1571 547 1.0
547 1571 1.0
1571 1059 1.0
1059 1571 1.0
1571 1539 1.0
1539 1571 1.0
1571 1569 1.0
1569 1571 1.0
1572 548 1.0
548 1572 1.0
1572 1060 1.0
1060 1572 1.0
1572 1540 1.0
1540 1572 1.0
1572 1570 1.0
1570 1572 1.0
1572 1571 1.0
1571 1572 1.0
1573 549 1.0
549 1573 1.0
1573 1061 1.0
1061 1573 1.0
1573 1541 1.0
1541 1573 1.0
1573 1569 1.0
1569 1573 1.0
1574 550 1.0
550 1574 1.0
1574 1062 1.0
1062 1574 1.0
1574 1542 1.0
1542 1574 1.0
1574 1570 1.0
1570 1574 1.0
1574 1573 1.0
1573 1574 1.0
1575 551 1.0
551 1575 1.0
1575 1063 2.0
1063 1575 2.0
1575 1543 1.0
1543 1575 1.0
1575 1571 1.0
1571 1575 1.0
1575 1573 1.0
1573 1575 1.0
1576 552 2.0
552 1576 2.0
1576 1064 1.0
1064 1576 1.0
1576 1544 1.0
1544 1576 1.0
1576 1572 1.0
1572 1576 1.0
1576 1574 1.0
1574 1576 1.0
1576 1575 1.0
1575 1576 1.0
1577 553 1.0
553 1577 1.0
1577 1065 1.0
1065 1577 1.0
1577 1545 1.0
1545 1577 1.0
1577 1569 1.0
1569 1577 1.0
1578 554 1.0
554 1578 1.0
1578 1066 1.0
1066 1578 1.0
1578 1546 1.0
1546 1578 1.0
1578 1570 1.0
1570 1578 1.0
1578 1577 1.0
1577 1578 1.0
1579 555 1.0
555 1579 1.0
1579 1067 1.0
1067 1579 1.0
1579 1547 1.0
1547 1579 1.0
1579 1571 1.0
1571 1579 1.0
1579 1577 1.0
1577 1579 1.0
1580 556 1.0
556 1580 1.0
1580 1068 1.0
1068 1580 1.0
1580 1548 1.0
1548 1580 1.0
1580 1572 1.0
1572 1580 1.0
1580 1578 1.0
1578 1580 1.0
1580 1579 1.0
1579 1580 1.0
1581 557 1.0
557 1581 1.0
1581 1069 2.0
1069 1581 2.0
1581 1549 1.0
1549 1581 1.0
1581 1573 1.0
1573 1581 1.0
1581 1577 1.0
1577 1581 1.0
1582 558 1.0
558 1582 1.0
1582 1070 1.0
1070 1582 1.0
1582 1550 2.0
1550 1582 2.0
1582 1574 1.0
1574 1582 1.0
1582 1578 1.0
1578 1582 1.0
1582 1581 1.0
1581 1582 1.0
1583 559 1.0
559 1583 1.0
1583 1071 1.0
1071 1583 1.0
1583 1551 1.0
1551 1583 1.0
1583 1575 1.0
1575 1583 1.0
1583 1579 1.0
1579 1583 1.0
1583 1581 1.0
1581 1583 1.0
1584 560 1.0
560 1584 1.0
1584 1072 1.0
1072 1584 1.0
1584 1552 2.0
1552 1584 2.0
1584 1576 1.0
1576 1584 1.0
1584 1580 1.0
1580 1584 1.0
1584 1582 1.0
1582 1584 1.0
1584 1583 1.0
1583 1584 1.0
1585 561 1.0
561 1585 1.0
1585 1073 1.0
1073 1585 1.0
1585 1553 1.0
1553 1585 1.0
1585 1569 1.0
1569 1585 1.0
1586 562 1.0
562 1586 1.0
1586 1074 1.0
1074 1586 1.0
1586 1554 1.0
1554 1586 1.0
1586 1570 1.0
1570 1586 1.0
1586 1585 1.0
1585 1586 1.0
1587 563 1.0
563 1587 1.0
1587 1075 1.0
1075 1587 1.0
1587 1555 2.0
1555 1587 2.0
1587 1571 1.0
1571 1587 1.0
1587 1585 1.0
1585 1587 1.0
1588 564 3.0
564 1588 3.0
1588 1076 2.0
1076 1588 2.0
1588 1556 2.0
1556 1588 2.0
1588 1572 2.0
1572 1588 2.0
1588 1586 2.0
1586 1588 2.0
1588 1587 2.0
1587 1588 2.0
1589 565 1.0
565 1589 1.0
1589 1077 1.0
1077 1589 1.0
1589 1557 1.0
1557 1589 1.0
1589 1573 1.0
1573 1589 1.0
1589 1585 1.0
1585 1589 1.0
1590 566 1.0
566 1590 1.0
1590 1078 2.0
1078 1590 2.0
1590 1558 1.0
1558 1590 1.0
1590 1574 1.0
1574 1590 1.0
1590 1586 1.0
1586 1590 1.0
1590 1589 1.0
1589 1590 1.0
1591 567 1.0
567 1591 1.0
1591 1079 1.0
1079 1591 1.0
1591 1559 2.0
1559 1591 2.0
1591 1575 1.0
1575 1591 1.0
1591 1587 1.0
1587 1591 1.0
1591 1589 1.0
1589 1591 1.0
1592 568 1.0
568 1592 1.0
1592 1080 1.0
1080 1592 1.0
1592 1560 1.0
1560 1592 1.0
1592 1576 1.0
1576 1592 1.0
1592 1588 2.0
1588 1592 2.0
1592 1590 1.0
1590 1592 1.0
1592 1591 1.0
1591 1592 1.0
1593 569 2.0
569 1593 2.0
1593 1081 2.0
1081 1593 2.0
1593 1561 2.0
1561 1593 2.0
1593 1577 2.0
1577 1593 2.0
1593 1585 2.0
1585 1593 2.0
1594 570 1.0
570 1594 1.0
1594 1082 1.0
1082 1594 1.0
1594 1562 1.0
1562 1594 1.0
1594 1578 1.0
1578 1594 1.0
1594 1586 1.0
1586 1594 1.0
1594 1593 2.0
1593 1594 2.0
1595 571 1.0
571 1595 1.0
1595 1083 1.0
1083 1595 1.0
1595 1563 1.0
1563 1595 1.0
1595 1579 1.0
1579 1595 1.0
1595 1587 1.0
1587 1595 1.0
1595 1593 2.0
1593 1595 2.0
1596 572 1.0
572 1596 1.0
1596 1084 1.0
1084 1596 1.0
1596 1564 1.0
1564 1596 1.0
1596 1580 1.0
1580 1596 1.0
1596 1588 2.0
1588 1596 2.0
1596 1594 1.0
1594 1596 1.0
1596 1595 1.0
1595 1596 1.0
1597 573 1.0
573 1597 1.0
1597 1085 1.0
1085 1597 1.0
1597 1565 1.0
1565 1597 1.0
1597 1581 1.0
1581 1597 1.0
1597 1589 1.0
1589 1597 1.0
1597 1593 2.0
1593 1597 2.0
1598 574 1.0
574 1598 1.0
1598 1086 1.0
1086 1598 1.0
1598 1566 1.0
1566 1598 1.0
1598 1582 1.0
1582 1598 1.0
1598 1590 1.0
1590 1598 1.0
1598 1594 1.0
1594 1598 1.0
1598 1597 1.0
1597 1598 1.0
1599 575 2.0
575 1599 2.0
1599 1087 1.0
1087 1599 1.0
1599 1567 1.0
1567 1599 1.0
1599 1583 1.0
1583 1599 1.0
1599 1591 1.0
1591 1599 1.0
1599 1595 1.0
1595 1599 1.0
1599 1597 1.0
1597 1599 1.0
1600 576 1.0
576 1600 1.0
1600 1088 1.0
1088 1600 1.0
1600 1568 1.0
1568 1600 1.0
1600 1584 1.0
1584 1600 1.0
1600 1592 1.0
1592 1600 1.0
1600 1596 1.0
1596 1600 1.0
1600 1598 1.0
1598 1600 1.0
1600 1599 1.0
1599 1600 1.0
1601 577 1.0
577 1601 1.0
1601 1089 1.0
1089 1601 1.0
1601 1537 1.0
1537 1601 1.0
1602 578 2.0
578 1602 2.0
1602 1090 1.0
1090 1602 1.0
1602 1538 2.0
1538 1602 2.0
1602 1601 1.0
1601 1602 1.0
1603 579 1.0
579 1603 1.0
1603 1091 1.0
1091 1603 1.0
1603 1539 1.0
1539 1603 1.0
1603 1601 1.0
1601 1603 1.0
1604 580 1.0
580 1604 1.0
1604 1092 1.0
1092 1604 1.0
1604 1540 1.0
1540 1604 1.0
1604 1602 1.0
1602 1604 1.0
1604 1603 1.0
1603 1604 1.0
1605 581 1.0
581 1605 1.0
1605 1093 1.0
1093 1605 1.0
1605 1541 1.0
1541 1605 1.0
1605 1601 1.0
1601 1605 1.0
1606 582 1.0
582 1606 1.0
1606 1094 1.0
1094 1606 1.0
1606 1542 1.0
1542 1606 1.0
1606 1602 1.0
1602 1606 1.0
1606 1605 1.0
1605 1606 1.0
1607 583 2.0
583 1607 2.0
1607 1095 1.0
1095 1607 1.0
1607 1543 1.0
1543 1607 1.0
1607 1603 1.0
1603 1607 1.0
1607 1605 1.0
1605 1607 1.0
1608 584 1.0
584 1608 1.0
1608 1096 1.0
1096 1608 1.0
1608 1544 1.0
1544 1608 1.0
1608 1604 1.0
1604 1608 1.0
1608 1606 1.0
1606 1608 1.0
1608 1607 1.0
1607 1608 1.0
1609 585 1.0
585 1609 1.0
1609 1097 1.0
1097 1609 1.0
1609 1545 1.0
1545 1609 1.0
1609 1601 1.0
1601 1609 1.0
1610 586 1.0
586 1610 1.0
1610 1098 1.0
1098 1610 1.0
1610 1546 1.0
1546 1610 1.0
1610 1602 1.0
1602 1610 1.0
1610 1609 1.0
1609 1610 1.0
1611 587 1.0
587 1611 1.0
1611 1099 1.0
1099 1611 1.0
1611 1547 1.0
1547 1611 1.0
1611 1603 1.0
1603 1611 1.0
1611 1609 1.0
1609 1611 1.0
1612 588 1.0
588 1612 1.0
1612 1100 1.0
1100 1612 1.0
1612 1548 1.0
1548 1612 1.0
1612 1604 1.0
1604 1612 1.0
1612 1610 1.0
1610 1612 1.0
1612 1611 1.0
1611 1612 1.0
1613 589 2.0
589 1613 2.0
1613 1101 1.0
1101 1613 1.0
1613 1549 1.0
1549 1613 1.0
1613 1605 1.0
1605 1613 1.0
1613 1609 1.0
1609 1613 1.0
1614 590 1.0
590 1614 1.0
1614 1102 2.0
1102 1614 2.0
1614 1550 2.0
1550 1614 2.0
1614 1606 1.0
1606 1614 1.0
1614 1610 1.0
1610 1614 1.0
1614 1613 1.0
1613 1614 1.0
1615 591 1.0
591 1615 1.0
1615 1103 2.0
1103 1615 2.0
1615 1551 1.0
1551 1615 1.0
1615 1607 1.0
1607 1615 1.0
1615 1611 1.0
1611 1615 1.0
1615 1613 1.0
1613 1615 1.0
1616 592 2.0
592 1616 2.0
1616 1104 1.0
1104 1616 1.0
1616 1552 2.0
1552 1616 2.0
1616 1608 1.0
1608 1616 1.0
1616 1612 1.0
1612 1616 1.0
1616 1614 1.0
1614 1616 1.0
1616 1615 1.0
1615 1616 1.0
1617 593 1.0
593 1617 1.0
1617 1105 1.0
1105 1617 1.0
1617 1553 1.0
1553 1617 1.0
1617 1601 1.0
1601 1617 1.0
1618 594 1.0
594 1618 1.0
1618 1106 1.0
1106 1618 1.0
1618 1554 1.0
1554 1618 1.0
1618 1602 1.0
1602 1618 1.0
1618 1617 1.0
1617 1618 1.0
1619 595 1.0
595 1619 1.0
1619 1107 1.0
1107 1619 1.0
1619 1555 2.0
1555 1619 2.0
1619 1603 1.0
1603 1619 1.0
1619 1617 1.0
1617 1619 1.0
1620 596 1.0
596 1620 1.0
1620 1108 2.0
1108 1620 2.0
1620 1556 1.0
1556 1620 1.0
1620 1604 1.0
1604 1620 1.0
1620 1618 1.0
1618 1620 1.0
1620 1619 1.0
1619 1620 1.0
1621 597 2.0
597 1621 2.0
1621 1109 3.0
1109 1621 3.0
1621 1557 2.0
1557 1621 2.0
1621 1605 2.0
1605 1621 2.0
1621 1617 2.0
1617 1621 2.0
1622 598 1.0
598 1622 1.0
1622 1110 1.0
1110 1622 1.0
1622 1558 1.0
1558 1622 1.0
1622 1606 1.0
1606 1622 1.0
1622 1618 1.0
1618 1622 1.0
1622 1621 2.0
1621 1622 2.0
1623 599 1.0
599 1623 1.0
1623 1111 1.0
1111 1623 1.0
1623 1559 2.0
1559 1623 2.0
1623 1607 1.0
1607 1623 1.0
1623 1619 1.0
1619 1623 1.0
1623 1621 2.0
1621 1623 2.0
1624 600 2.0
600 1624 2.0
1624 1112 1.0
1112 1624 1.0
1624 1560 1.0
1560 1624 1.0
1624 1608 1.0
1608 1624 1.0
1624 1620 1.0
1620 1624 1.0
1624 1622 1.0
1622 1624 1.0
1624 1623 1.0
1623 1624 1.0
1625 601 1.0
601 1625 1.0
1625 1113 1.0
1113 1625 1.0
1625 1561 1.0
1561 1625 1.0
1625 1609 1.0
1609 1625 1.0
1625 1617 1.0
1617 1625 1.0
1626 602 3.0
602 1626 3.0
1626 1114 2.0
1114 1626 2.0
1626 1562 2.0
1562 1626 2.0
1626 1610 2.0
1610 1626 2.0
1626 1618 2.0
1618 1626 2.0
1626 1625 2.0
1625 1626 2.0
1627 603 1.0
603 1627 1.0
1627 1115 1.0
1115 1627 1.0
1627 1563 1.0
1563 1627 1.0
1627 1611 1.0
1611 1627 1.0
1627 1619 1.0
1619 1627 1.0
1627 1625 1.0
1625 1627 1.0
1628 604 1.0
604 1628 1.0
1628 1116 1.0
1116 1628 1.0
1628 1564 1.0
1564 1628 1.0
1628 1612 1.0
1612 1628 1.0
1628 1620 1.0
1620 1628 1.0
1628 1626 2.0
1626 1628 2.0
1628 1627 1.0
1627 1628 1.0
1629 605 1.0
605 1629 1.0
1629 1117 1.0
1117 1629 1.0
1629 1565 1.0
1565 1629 1.0
1629 1613 1.0
1613 1629 1.0
1629 1621 2.0
1621 1629 2.0
1629 1625 1.0
1625 1629 1.0
1630 606 1.0
606 1630 1.0
1630 1118 1.0
1118 1630 1.0
1630 1566 1.0
1566 1630 1.0
1630 1614 1.0
1614 1630 1.0
1630 1622 1.0
1622 1630 1.0
1630 1626 2.0
1626 1630 2.0
1630 1629 1.0
1629 1630 1.0
1631 607 1.0
607 1631 1.0
1631 1119 1.0
1119 1631 1.0
1631 1567 1.0
1567 1631 1.0
1631 1615 1.0
1615 1631 1.0
1631 1623 1.0
1623 1631 1.0
1631 1627 1.0
1627 1631 1.0
1631 1629 1.0
1629 1631 1.0
1632 608 1.0
608 1632 1.0
1632 1120 1.0
1120 1632 1.0
1632 1568 1.0
1568 1632 1.0
1632 1616 1.0
1616 1632 1.0
1632 1624 1.0
1624 1632 1.0
1632 1628 1.0
1628 1632 1.0
1632 1630 1.0
1630 1632 1.0
1632 1631 1.0
1631 1632 1.0
1633 609 1.0
609 1633 1.0
1633 1121 1.0
1121 1633 1.0
1633 1569 1.0
1569 1633 1.0
1633 1601 1.0
1601 1633 1.0
1634 610 1.0
610 1634 1.0
1634 1122 2.0
1122 1634 2.0
1634 1570 1.0
1570 1634 1.0
1634 1602 1.0
1602 1634 1.0
1634 1633 1.0
1633 1634 1.0
1635 611 1.0
611 1635 1.0
1635 1123 1.0
1123 1635 1.0
1635 1571 1.0
1571 1635 1.0
1635 1603 1.0
1603 1635 1.0
1635 1633 1.0
1633 1635 1.0
1636 612 1.0
612 1636 1.0
1636 1124 1.0
1124 1636 1.0
1636 1572 1.0
1572 1636 1.0
1636 1604 1.0
1604 1636 1.0
1636 1634 1.0
1634 1636 1.0
1636 1635 1.0
1635 1636 1.0
1637 613 2.0
613 1637 2.0
1637 1125 2.0
1125 1637 2.0
1637 1573 2.0
1573 1637 2.0
1637 1605 2.0
1605 1637 2.0
1637 1633 2.0
1633 1637 2.0
1638 614 1.0
614 1638 1.0
1638 1126 1.0
1126 1638 1.0
1638 1574 1.0
1574 1638 1.0
1638 1606 1.0
1606 1638 1.0
1638 1634 1.0
1634 1638 1.0
1638 1637 2.0
1637 1638 2.0
1639 615 1.0
615 1639 1.0
1639 1127 1.0
1127 1639 1.0
1639 1575 1.0
1575 1639 1.0
1639 1607 1.0
1607 1639 1.0
1639 1635 1.0
1635 1639 1.0
1639 1637 2.0
1637 1639 2.0
1640 616 1.0
616 1640 1.0
1640 1128 1.0
1128 1640 1.0
1640 1576 1.0
1576 1640 1.0
1640 1608 1.0
1608 1640 1.0
1640 1636 1.0
1636 1640 1.0
1640 1638 1.0
1638 1640 1.0
1640 1639 1.0
1639 1640 1.0
1641 617 1.0
617 1641 1.0
1641 1129 1.0
1129 1641 1.0
1641 1577 1.0
1577 1641 1.0
1641 1609 1.0
1609 1641 1.0
1641 1633 1.0
1633 1641 1.0
1642 618 1.0
618 1642 1.0
1642 1130 1.0
1130 1642 1.0
1642 1578 1.0
1578 1642 1.0
1642 1610 1.0
1610 1642 1.0
1642 1634 1.0
1634 1642 1.0
1642 1641 1.0
1641 1642 1.0
1643 619 2.0
619 1643 2.0
1643 1131 2.0
1131 1643 2.0
1643 1579 2.0
1579 1643 2.0
1643 1611 2.0
1611 1643 2.0
1643 1635 2.0
1635 1643 2.0
1643 1641 2.0
1641 1643 2.0
1644 620 1.0
620 1644 1.0
1644 1132 1.0
1132 1644 1.0
1644 1580 1.0
1580 1644 1.0
1644 1612 1.0
1612 1644 1.0
1644 1636 1.0
1636 1644 1.0
1644 1642 1.0
1642 1644 1.0
1644 1643 2.0
1643 1644 2.0
1645 621 1.0
621 1645 1.0
1645 1133 1.0
1133 1645 1.0
1645 1581 1.0
1581 1645 1.0
1645 1613 1.0
1613 1645 1.0
1645 1637 2.0
1637 1645 2.0
1645 1641 1.0
1641 1645 1.0
1646 622 1.0
622 1646 1.0
1646 1134 1.0
1134 1646 1.0
1646 1582 1.0
1582 1646 1.0
1646 1614 1.0
1614 1646 1.0
1646 1638 1.0
1638 1646 1.0
1646 1642 1.0
1642 1646 1.0
1646 1645 1.0
1645 1646 1.0
1647 623 1.0
623 1647 1.0
1647 1135 1.0
1135 1647 1.0
1647 1583 1.0
1583 1647 1.0
1647 1615 1.0
1615 1647 1.0
1647 1639 1.0
1639 1647 1.0
1647 1643 2.0
1643 1647 2.0
1647 1645 1.0
1645 1647 1.0
1648 624 1.0
624 1648 1.0
1648 1136 1.0
1136 1648 1.0
1648 1584 1.0
1584 1648 1.0
1648 1616 1.0
1616 1648 1.0
1648 1640 1.0
1640 1648 1.0
1648 1644 1.0
1644 1648 1.0
1648 1646 1.0
1646 1648 1.0
1648 1647 1.0
1647 1648 1.0
1649 625 1.0
625 1649 1.0
1649 1137 1.0
1137 1649 1.0
1649 1585 1.0
1585 1649 1.0
1649 1617 1.0
1617 1649 1.0
1649 1633 1.0
1633 1649 1.0
1650 626 1.0
626 1650 1.0
1650 1138 1.0
1138 1650 1.0
1650 1586 1.0
1586 1650 1.0
1650 1618 1.0
1618 1650 1.0
1650 1634 1.0
1634 1650 1.0
1650 1649 1.0
1649 1650 1.0
1651 627 2.0
627 1651 2.0
1651 1139 2.0
1139 1651 2.0
1651 1587 2.0
1587 1651 2.0
1651 1619 2.0
1619 1651 2.0
1651 1635 2.0
1635 1651 2.0
1651 1649 2.0
1649 1651 2.0
1652 628 2.0
628 1652 2.0
1652 1140 1.0
1140 1652 1.0
1652 1588 2.0
1588 1652 2.0
1652 1620 1.0
1620 1652 1.0
1652 1636 1.0
1636 1652 1.0
1652 1650 1.0
1650 1652 1.0
1652 1651 2.0
1651 1652 2.0
1653 629 1.0
629 1653 1.0
1653 1141 1.0
1141 1653 1.0
1653 1589 1.0
1589 1653 1.0
1653 1621 2.0
1621 1653 2.0
1653 1637 2.0
1637 1653 2.0
1653 1649 1.0
1649 1653 1.0
1654 630 1.0
630 1654 1.0
1654 1142 1.0
1142 1654 1.0
1654 1590 1.0
1590 1654 1.0
1654 1622 1.0
1622 1654 1.0
1654 1638 1.0
1638 1654 1.0
1654 1650 1.0
1650 1654 1.0
1654 1653 1.0
1653 1654 1.0
1655 631 2.0
631 1655 2.0
1655 1143 1.0
1143 1655 1.0
1655 1591 1.0
1591 1655 1.0
1655 1623 1.0
1623 1655 1.0
1655 1639 1.0
1639 1655 1.0
1655 1651 2.0
1651 1655 2.0
1655 1653 1.0
1653 1655 1.0
1656 632 1.0
632 1656 1.0
1656 1144 1.0
1144 1656 1.0
1656 1592 1.0
1592 1656 1.0
1656 1624 1.0
1624 1656 1.0
1656 1640 1.0
1640 1656 1.0
1656 1652 1.0
1652 1656 1.0
1656 1654 1.0
1654 1656 1.0
1656 1655 1.0
1655 1656 1.0
1657 633 1.0
633 1657 1.0
1657 1145 1.0
1145 1657 1.0
1657 1593 2.0
1593 1657 2.0
1657 1625 1.0
1625 1657 1.0
1657 1641 1.0
1641 1657 1.0
1657 1649 1.0
1649 1657 1.0
1658 634 1.0
634 1658 1.0
1658 1146 1.0
1146 1658 1.0
1658 1594 1.0
1594 1658 1.0
1658 1626 2.0
1626 1658 2.0
1658 1642 1.0
1642 1658 1.0
1658 1650 1.0
1650 1658 1.0
1658 1657 1.0
1657 1658 1.0
1659 635 1.0
635 1659 1.0
1659 1147 2.0
1147 1659 2.0
1659 1595 1.0
1595 1659 1.0
1659 1627 1.0
1627 1659 1.0
1659 1643 2.0
1643 1659 2.0
1659 1651 2.0
1651 1659 2.0
1659 1657 1.0
1657 1659 1.0
1660 636 1.0
636 1660 1.0
1660 1148 1.0
1148 1660 1.0
1660 1596 1.0
1596 1660 1.0
1660 1628 1.0
1628 1660 1.0
1660 1644 1.0
1644 1660 1.0
1660 1652 1.0
1652 1660 1.0
1660 1658 1.0
1658 1660 1.0
1660 1659 1.0
1659 1660 1.0
1661 637 1.0
637 1661 1.0
1661 1149 1.0
1149 1661 1.0
1661 1597 1.0
1597 1661 1.0
1661 1629 1.0
1629 1661 1.0
1661 1645 1.0
1645 1661 1.0
1661 1653 1.0
1653 1661 1.0
1661 1657 1.0
1657 1661 1.0
1662 638 2.0
638 1662 2.0
1662 1150 2.0
1150 1662 2.0
1662 1598 2.0
1598 1662 2.0
1662 1630 2.0
1630 1662 2.0
1662 1646 2.0
1646 1662 2.0
1662 1654 2.0
1654 1662 2.0
1662 1658 2.0
1658 1662 2.0
1662 1661 2.0
1661 1662 2.0
1663 639 1.0
639 1663 1.0
1663 1151 1.0
1151 1663 1.0
1663 1599 1.0
1599 1663 1.0
1663 1631 1.0
1631 1663 1.0
1663 1647 1.0
1647 1663 1.0
1663 1655 1.0
1655 1663 1.0
1663 1659 1.0
1659 1663 1.0
1663 1661 1.0
1661 1663 1.0
1664 640 2.0
640 1664 2.0
1664 1152 2.0
1152 1664 2.0
1664 1600 2.0
1600 1664 2.0
1664 1632 2.0
1632 1664 2.0
1664 1648 2.0
1648 1664 2.0
1664 1656 2.0
1656 1664 2.0
1664 1660 2.0
1660 1664 2.0
1664 1662 3.0
1662 1664 3.0
1664 1663 2.0
1663 1664 2.0
1665 641 1.0
641 1665 1.0
1665 1153 1.0
1153 1665 1.0
1665 1537 1.0
1537 1665 1.0
1666 642 1.0
642 1666 1.0
1666 1154 1.0
1154 1666 1.0
1666 1538 2.0
1538 1666 2.0
1666 1665 1.0
1665 1666 1.0
1667 643 1.0
643 1667 1.0
1667 1155 1.0
1155 1667 1.0
1667 1539 1.0
1539 1667 1.0
1667 1665 1.0
1665 1667 1.0
1668 644 1.0
644 1668 1.0
1668 1156 1.0
1156 1668 1.0
1668 1540 1.0
1540 1668 1.0
1668 1666 1.0
1666 1668 1.0
1668 1667 1.0
1667 1668 1.0
1669 645 1.0
645 1669 1.0
1669 1157 1.0
1157 1669 1.0
1669 1541 1.0
1541 1669 1.0
1669 1665 1.0
1665 1669 1.0
1670 646 1.0
646 1670 1.0
1670 1158 1.0
1158 1670 1.0
1670 1542 1.0
1542 1670 1.0
1670 1666 1.0
1666 1670 1.0
1670 1669 1.0
1669 1670 1.0
1671 647 2.0
647 1671 2.0
1671 1159 2.0
1159 1671 2.0
1671 1543 2.0
1543 1671 2.0
1671 1667 2.0
1667 1671 2.0
1671 1669 2.0
1669 1671 2.0
1672 648 2.0
648 1672 2.0
1672 1160 1.0
1160 1672 1.0
1672 1544 1.0
1544 1672 1.0
1672 1668 1.0
1668 1672 1.0
1672 1670 1.0
1670 1672 1.0
1672 1671 2.0
1671 1672 2.0
1673 649 1.0
649 1673 1.0
1673 1161 1.0
1161 1673 1.0
1673 1545 1.0
1545 1673 1.0
1673 1665 1.0
1665 1673 1.0
1674 650 2.0
650 1674 2.0
1674 1162 1.0
1162 1674 1.0
1674 1546 1.0
1546 1674 1.0
1674 1666 1.0
1666 1674 1.0
1674 1673 1.0
1673 1674 1.0
1675 651 2.0
651 1675 2.0
1675 1163 2.0
1163 1675 2.0
1675 1547 2.0
1547 1675 2.0
1675 1667 2.0
1667 1675 2.0
1675 1673 2.0
1673 1675 2.0
1676 652 1.0
652 1676 1.0
1676 1164 1.0
1164 1676 1.0
1676 1548 1.0
1548 1676 1.0
1676 1668 1.0
1668 1676 1.0
1676 1674 1.0
1674 1676 1.0
1676 1675 2.0
1675 1676 2.0
1677 653 1.0
653 1677 1.0
1677 1165 1.0
1165 1677 1.0
1677 1549 1.0
1549 1677 1.0
1677 1669 1.0
1669 1677 1.0
1677 1673 1.0
1673 1677 1.0
1678 654 1.0
654 1678 1.0
1678 1166 1.0
1166 1678 1.0
1678 1550 2.0
1550 1678 2.0
1678 1670 1.0
1670 1678 1.0
1678 1674 1.0
1674 1678 1.0
1678 1677 1.0
1677 1678 1.0
1679 655 1.0
655 1679 1.0
1679 1167 1.0
1167 1679 1.0
1679 1551 1.0
1551 1679 1.0
1679 1671 2.0
1671 1679 2.0
1679 1675 2.0
1675 1679 2.0
1679 1677 1.0
1677 1679 1.0
1680 656 1.0
656 1680 1.0
1680 1168 1.0
1168 1680 1.0
1680 1552 2.0
1552 1680 2.0
1680 1672 1.0
1672 1680 1.0
1680 1676 1.0
1676 1680 1.0
1680 1678 1.0
1678 1680 1.0
1680 1679 1.0
1679 1680 1.0
1681 657 2.0
657 1681 2.0
1681 1169 3.0
1169 1681 3.0
1681 1553 2.0
1553 1681 2.0
1681 1665 2.0
1665 1681 2.0
1682 658 1.0
658 1682 1.0
1682 1170 1.0
1170 1682 1.0
1682 1554 1.0
1554 1682 1.0
1682 1666 1.0
1666 1682 1.0
1682 1681 2.0
1681 1682 2.0
1683 659 1.0
659 1683 1.0
1683 1171 2.0
1171 1683 2.0
1683 1555 2.0
1555 1683 2.0
1683 1667 1.0
1667 1683 1.0
1683 1681 2.0
1681 1683 2.0
1684 660 1.0
660 1684 1.0
1684 1172 1.0
1172 1684 1.0
1684 1556 1.0
1556 1684 1.0
1684 1668 1.0
1668 1684 1.0
1684 1682 1.0
1682 1684 1.0
1684 1683 1.0
1683 1684 1.0
1685 661 1.0
661 1685 1.0
1685 1173 1.0
1173 1685 1.0
1685 1557 1.0
1557 1685 1.0
1685 1669 1.0
1669 1685 1.0
1685 1681 2.0
1681 1685 2.0
1686 662 2.0
662 1686 2.0
1686 1174 1.0
1174 1686 1.0
1686 1558 1.0
1558 1686 1.0
1686 1670 1.0
1670 1686 1.0
1686 1682 1.0
1682 1686 1.0
1686 1685 1.0
1685 1686 1.0
1687 663 1.0
663 1687 1.0
1687 1175 1.0
1175 1687 1.0
1687 1559 2.0
1559 1687 2.0
1687 1671 2.0
1671 1687 2.0
1687 1683 1.0
1683 1687 1.0
1687 1685 1.0
1685 1687 1.0
1688 664 1.0
664 1688 1.0
1688 1176 1.0
1176 1688 1.0
1688 1560 1.0
1560 1688 1.0
1688 1672 1.0
1672 1688 1.0
1688 1684 1.0
1684 1688 1.0
1688 1686 1.0
1686 1688 1.0
1688 1687 1.0
1687 1688 1.0
1689 665 1.0
665 1689 1.0
1689 1177 1.0
1177 1689 1.0
1689 1561 1.0
1561 1689 1.0
1689 1673 1.0
1673 1689 1.0
1689 1681 2.0
1681 1689 2.0
1690 666 1.0
666 1690 1.0
1690 1178 1.0
1178 1690 1.0
1690 1562 1.0
1562 1690 1.0
1690 1674 1.0
1674 1690 1.0
1690 1682 1.0
1682 1690 1.0
1690 1689 1.0
1689 1690 1.0
1691 667 1.0
667 1691 1.0
1691 1179 1.0
1179 1691 1.0
1691 1563 1.0
1563 1691 1.0
1691 1675 2.0
1675 1691 2.0
1691 1683 1.0
1683 1691 1.0
1691 1689 1.0
1689 1691 1.0
1692 668 2.0
668 1692 2.0
1692 1180 1.0
1180 1692 1.0
1692 1564 1.0
1564 1692 1.0
1692 1676 1.0
1676 1692 1.0
1692 1684 1.0
1684 1692 1.0
1692 1690 1.0
1690 1692 1.0
1692 1691 1.0
1691 1692 1.0
1693 669 1.0
669 1693 1.0
1693 1181 1.0
1181 1693 1.0
1693 1565 1.0
1565 1693 1.0
1693 1677 1.0
1677 1693 1.0
1693 1685 1.0
1685 1693 1.0
1693 1689 1.0
1689 1693 1.0
1694 670 1.0
670 1694 1.0
1694 1182 2.0
1182 1694 2.0
1694 1566 1.0
1566 1694 1.0
1694 1678 1.0
1678 1694 1.0
1694 1686 1.0
1686 1694 1.0
1694 1690 1.0
1690 1694 1.0
1694 1693 1.0
1693 1694 1.0
1695 671 2.0
671 1695 2.0
1695 1183 2.0
1183 1695 2.0
1695 1567 2.0
1567 1695 2.0
1695 1679 2.0
1679 1695 2.0
1695 1687 2.0
1687 1695 2.0
1695 1691 2.0
1691 1695 2.0
1695 1693 2.0
1693 1695 2.0
1696 672 1.0
672 1696 1.0
1696 1184 1.0
1184 1696 1.0
1696 1568 1.0
1568 1696 1.0
1696 1680 1.0
1680 1696 1.0
1696 1688 1.0
1688 1696 1.0
1696 1692 1.0
1692 1696 1.0
1696 1694 1.0
1694 1696 1.0
1696 1695 2.0
1695 1696 2.0
1697 673 1.0
673 1697 1.0
1697 1185 2.0
1185 1697 2.0
1697 1569 1.0
1569 1697 1.0
1697 1665 1.0
1665 1697 1.0
1698 674 1.0
674 1698 1.0
1698 1186 1.0
1186 1698 1.0
1698 1570 1.0
1570 1698 1.0
1698 1666 1.0
1666 1698 1.0
1698 1697 1.0
1697 1698 1.0
1699 675 2.0
675 1699 2.0
1699 1187 1.0
1187 1699 1.0
1699 1571 1.0
1571 1699 1.0
1699 1667 1.0
1667 1699 1.0
1699 1697 1.0
1697 1699 1.0
1700 676 1.0
676 1700 1.0
1700 1188 1.0
1188 1700 1.0
1700 1572 1.0
1572 1700 1.0
1700 1668 1.0
1668 1700 1.0
1700 1698 1.0
1698 1700 1.0
1700 1699 1.0
1699 1700 1.0
1701 677 1.0
677 1701 1.0
1701 1189 1.0
1189 1701 1.0
1701 1573 1.0
1573 1701 1.0
1701 1669 1.0
1669 1701 1.0
1701 1697 1.0
1697 1701 1.0
1702 678 1.0
678 1702 1.0
1702 1190 1.0
1190 1702 1.0
1702 1574 1.0
1574 1702 1.0
1702 1670 1.0
1670 1702 1.0
1702 1698 1.0
1698 1702 1.0
1702 1701 1.0
1701 1702 1.0
1703 679 1.0
679 1703 1.0
1703 1191 1.0
1191 1703 1.0
1703 1575 1.0
1575 1703 1.0
1703 1671 2.0
1671 1703 2.0
1703 1699 1.0
1699 1703 1.0
1703 1701 1.0
1701 1703 1.0
1704 680 1.0
680 1704 1.0
1704 1192 1.0
1192 1704 1.0
1704 1576 1.0
1576 1704 1.0
1704 1672 1.0
1672 1704 1.0
1704 1700 1.0
1700 1704 1.0
1704 1702 1.0
1702 1704 1.0
1704 1703 1.0
1703 1704 1.0
1705 681 1.0
681 1705 1.0
1705 1193 1.0
1193 1705 1.0
1705 1577 1.0
1577 1705 1.0
1705 1673 1.0
1673 1705 1.0
1705 1697 1.0
1697 1705 1.0
1706 682 2.0
682 1706 2.0
1706 1194 2.0
1194 1706 2.0
1706 1578 2.0
1578 1706 2.0
1706 1674 2.0
1674 1706 2.0
1706 1698 2.0
1698 1706 2.0
1706 1705 2.0
1705 1706 2.0
1707 683 1.0
683 1707 1.0
1707 1195 1.0
1195 1707 1.0
1707 1579 1.0
1579 1707 1.0
1707 1675 2.0
1675 1707 2.0
1707 1699 1.0
1699 1707 1.0
1707 1705 1.0
1705 1707 1.0
1708 684 1.0
684 1708 1.0
1708 1196 1.0
1196 1708 1.0
1708 1580 1.0
1580 1708 1.0
1708 1676 1.0
1676 1708 1.0
1708 1700 1.0
1700 1708 1.0
1708 1706 2.0
1706 1708 2.0
1708 1707 1.0
1707 1708 1.0
1709 685 2.0
685 1709 2.0
1709 1197 1.0
1197 1709 1.0
1709 1581 1.0
1581 1709 1.0
1709 1677 1.0
1677 1709 1.0
1709 1701 1.0
1701 1709 1.0
1709 1705 1.0
1705 1709 1.0
1710 686 1.0
686 1710 1.0
1710 1198 1.0
1198 1710 1.0
1710 1582 1.0
1582 1710 1.0
1710 1678 1.0
1678 1710 1.0
1710 1702 1.0
1702 1710 1.0
1710 1706 2.0
1706 1710 2.0
1710 1709 1.0
1709 1710 1.0
1711 687 1.0
687 1711 1.0
1711 1199 1.0
1199 1711 1.0
1711 1583 1.0
1583 1711 1.0
1711 1679 1.0
1679 1711 1.0
1711 1703 1.0
1703 1711 1.0
1711 1707 1.0
1707 1711 1.0
1711 1709 1.0
1709 1711 1.0
1712 688 1.0
688 1712 1.0
1712 1200 2.0
1200 1712 2.0
1712 1584 1.0
1584 1712 1.0
1712 1680 1.0
1680 1712 1.0
1712 1704 1.0
1704 1712 1.0
1712 1708 1.0
1708 1712 1.0
1712 1710 1.0
1710 1712 1.0
1712 1711 1.0
1711 1712 1.0
1713 689 1.0
689 1713 1.0
1713 1201 1.0
1201 1713 1.0
1713 1585 1.0
1585 1713 1.0
1713 1681 2.0
1681 1713 2.0
1713 1697 1.0
1697 1713 1.0
1714 690 1.0
690 1714 1.0
1714 1202 1.0
1202 1714 1.0
1714 1586 1.0
1586 1714 1.0
1714 1682 1.0
1682 1714 1.0
1714 1698 1.0
1698 1714 1.0
1714 1713 1.0
1713 1714 1.0
1715 691 1.0
691 1715 1.0
1715 1203 1.0
1203 1715 1.0
1715 1587 1.0
1587 1715 1.0
1715 1683 1.0
1683 1715 1.0
1715 1699 1.0
1699 1715 1.0
1715 1713 1.0
1713 1715 1.0
1716 692 2.0
692 1716 2.0
1716 1204 2.0
1204 1716 2.0
1716 1588 3.0
1588 1716 3.0
1716 1684 2.0
1684 1716 2.0
1716 1700 2.0
1700 1716 2.0
1716 1714 2.0
1714 1716 2.0
1716 1715 2.0
1715 1716 2.0
1717 693 2.0
693 1717 2.0
1717 1205 2.0
1205 1717 2.0
1717 1589 2.0
1589 1717 2.0
1717 1685 2.0
1685 1717 2.0
1717 1701 2.0
1701 1717 2.0
1717 1713 2.0
1713 1717 2.0
1718 694 1.0
694 1718 1.0
1718 1206 2.0
1206 1718 2.0
1718 1590 1.0
1590 1718 1.0
1718 1686 1.0
1686 1718 1.0
1718 1702 1.0
1702 1718 1.0
1718 1714 1.0
1714 1718 1.0
1718 1717 2.0
1717 1718 2.0
1719 695 1.0
695 1719 1.0
1719 1207 1.0
1207 1719 1.0
1719 1591 1.0
1591 1719 1.0
1719 1687 1.0
1687 1719 1.0
1719 1703 1.0
1703 1719 1.0
1719 1715 1.0
1715 1719 1.0
1719 1717 2.0
1717 1719 2.0
1720 696 1.0
696 1720 1.0
1720 1208 1.0
1208 1720 1.0
1720 1592 1.0
1592 1720 1.0
1720 1688 1.0
1688 1720 1.0
1720 1704 1.0
1704 1720 1.0
1720 1716 2.0
1716 1720 2.0
1720 1718 1.0
1718 1720 1.0
1720 1719 1.0
1719 1720 1.0
1721 697 1.0
697 1721 1.0
1721 1209 1.0
1209 1721 1.0
1721 1593 2.0
1593 1721 2.0
1721 1689 1.0
1689 1721 1.0
1721 1705 1.0
1705 1721 1.0
1721 1713 1.0
1713 1721 1.0
1722 698 1.0
698 1722 1.0
1722 1210 1.0
1210 1722 1.0
1722 1594 1.0
1594 1722 1.0
1722 1690 1.0
1690 1722 1.0
1722 1706 2.0
1706 1722 2.0
1722 1714 1.0
1714 1722 1.0
1722 1721 1.0
1721 1722 1.0
1723 699 1.0
699 1723 1.0
1723 1211 1.0
1211 1723 1.0
1723 1595 1.0
1595 1723 1.0
1723 1691 1.0
1691 1723 1.0
1723 1707 1.0
1707 1723 1.0
1723 1715 1.0
1715 1723 1.0
1723 1721 1.0
1721 1723 1.0
1724 700 1.0
700 1724 1.0
1724 1212 1.0
1212 1724 1.0
1724 1596 1.0
1596 1724 1.0
1724 1692 1.0
1692 1724 1.0
1724 1708 1.0
1708 1724 1.0
1724 1716 2.0
1716 1724 2.0
1724 1722 1.0
1722 1724 1.0
1724 1723 1.0
1723 1724 1.0
1725 701 2.0
701 1725 2.0
1725 1213 1.0
1213 1725 1.0
1725 1597 1.0
1597 1725 1.0
1725 1693 1.0
1693 1725 1.0
1725 1709 1.0
1709 1725 1.0
1725 1717 2.0
1717 1725 2.0
1725 1721 1.0
1721 1725 1.0
1726 702 1.0
702 1726 1.0
1726 1214 1.0
1214 1726 1.0
1726 1598 1.0
1598 1726 1.0
1726 1694 1.0
1694 1726 1.0
1726 1710 1.0
1710 1726 1.0
1726 1718 1.0
1718 1726 1.0
1726 1722 1.0
1722 1726 1.0
1726 1725 1.0
1725 1726 1.0
1727 703 1.0
703 1727 1.0
1727 1215 2.0
1215 1727 2.0
1727 1599 1.0
1599 1727 1.0
1727 1695 2.0
1695 1727 2.0
1727 1711 1.0
1711 1727 1.0
1727 1719 1.0
1719 1727 1.0
1727 1723 1.0
1723 1727 1.0
1727 1725 1.0
1725 1727 1.0
1728 704 1.0
704 1728 1.0
1728 1216 1.0
1216 1728 1.0
1728 1600 1.0
1600 1728 1.0
1728 1696 1.0
1696 1728 1.0
1728 1712 1.0
1712 1728 1.0
1728 1720 1.0
1720 1728 1.0
1728 1724 1.0
1724 1728 1.0
1728 1726 1.0
1726 1728 1.0
1728 1727 1.0
1727 1728 1.0
1729 705 1.0
705 1729 1.0
1729 1217 1.0
1217 1729 1.0
1729 1601 1.0
1601 1729 1.0
1729 1665 1.0
1665 1729 1.0
1730 706 1.0
706 1730 1.0
1730 1218 1.0
1218 1730 1.0
1730 1602 1.0
1602 1730 1.0
1730 1666 1.0
1666 1730 1.0
1730 1729 1.0
1729 1730 1.0
1731 707 2.0
707 1731 2.0
1731 1219 2.0
1219 1731 2.0
1731 1603 1.0
1603 1731 1.0
1731 1667 1.0
1667 1731 1.0
1731 1729 1.0
1729 1731 1.0
1732 708 2.0
708 1732 2.0
1732 1220 2.0
1220 1732 2.0
1732 1604 2.0
1604 1732 2.0
1732 1668 2.0
1668 1732 2.0
1732 1730 2.0
1730 1732 2.0
1732 1731 2.0
1731 1732 2.0
1733 709 1.0
709 1733 1.0
1733 1221 1.0
1221 1733 1.0
1733 1605 1.0
1605 1733 1.0
1733 1669 1.0
1669 1733 1.0
1733 1729 1.0
1729 1733 1.0
1734 710 2.0
710 1734 2.0
1734 1222 2.0
1222 1734 2.0
1734 1606 2.0
1606 1734 2.0
1734 1670 2.0
1670 1734 2.0
1734 1730 2.0
1730 1734 2.0
1734 1733 2.0
1733 1734 2.0
1735 711 1.0
711 1735 1.0
1735 1223 1.0
1223 1735 1.0
1735 1607 1.0
1607 1735 1.0
1735 1671 2.0
1671 1735 2.0
1735 1731 1.0
1731 1735 1.0
1735 1733 1.0
1733 1735 1.0
1736 712 1.0
712 1736 1.0
1736 1224 1.0
1224 1736 1.0
1736 1608 1.0
1608 1736 1.0
1736 1672 1.0
1672 1736 1.0
1736 1732 2.0
1732 1736 2.0
1736 1734 2.0
1734 1736 2.0
1736 1735 1.0
1735 1736 1.0
1737 713 1.0
713 1737 1.0
1737 1225 1.0
1225 1737 1.0
1737 1609 1.0
1609 1737 1.0
1737 1673 1.0
1673 1737 1.0
1737 1729 1.0
1729 1737 1.0
1738 714 1.0
714 1738 1.0
1738 1226 2.0
1226 1738 2.0
1738 1610 1.0
1610 1738 1.0
1738 1674 1.0
1674 1738 1.0
1738 1730 1.0
1730 1738 1.0
1738 1737 1.0
1737 1738 1.0
1739 715 1.0
715 1739 1.0
1739 1227 1.0
1227 1739 1.0
1739 1611 1.0
1611 1739 1.0
1739 1675 2.0
1675 1739 2.0
1739 1731 1.0
1731 1739 1.0
1739 1737 1.0
1737 1739 1.0
1740 716 1.0
716 1740 1.0
1740 1228 1.0
1228 1740 1.0
1740 1612 1.0
1612 1740 1.0
1740 1676 1.0
1676 1740 1.0
1740 1732 2.0
1732 1740 2.0
1740 1738 1.0
1738 1740 1.0
1740 1739 1.0
1739 1740 1.0
1741 717 1.0
717 1741 1.0
1741 1229 2.0
1229 1741 2.0
1741 1613 1.0
1613 1741 1.0
1741 1677 1.0
1677 1741 1.0
1741 1733 1.0
1733 1741 1.0
1741 1737 1.0
1737 1741 1.0
1742 718 1.0
718 1742 1.0
1742 1230 1.0
1230 1742 1.0
1742 1614 1.0
1614 1742 1.0
1742 1678 1.0
1678 1742 1.0
1742 1734 2.0
1734 1742 2.0
1742 1738 1.0
1738 1742 1.0
1742 1741 1.0
1741 1742 1.0
1743 719 1.0
719 1743 1.0
1743 1231 1.0
1231 1743 1.0
1743 1615 1.0
1615 1743 1.0
1743 1679 1.0
1679 1743 1.0
1743 1735 1.0
1735 1743 1.0
1743 1739 1.0
1739 1743 1.0
1743 1741 1.0
1741 1743 1.0
1744 720 1.0
720 1744 1.0
1744 1232 1.0
1232 1744 1.0
1744 1616 1.0
1616 1744 1.0
1744 1680 1.0
1680 1744 1.0
1744 1736 1.0
1736 1744 1.0
1744 1740 1.0
1740 1744 1.0
1744 1742 1.0
1742 1744 1.0
1744 1743 1.0
1743 1744 1.0
1745 721 2.0
721 1745 2.0
1745 1233 2.0
1233 1745 2.0
1745 1617 2.0
1617 1745 2.0
1745 1681 3.0
1681 1745 3.0
1745 1729 2.0
1729 1745 2.0
1746 722 1.0
722 1746 1.0
1746 1234 1.0
1234 1746 1.0
1746 1618 1.0
1618 1746 1.0
1746 1682 1.0
1682 1746 1.0
1746 1730 1.0
1730 1746 1.0
1746 1745 2.0
1745 1746 2.0
1747 723 2.0
723 1747 2.0
1747 1235 1.0
1235 1747 1.0
1747 1619 1.0
1619 1747 1.0
1747 1683 1.0
1683 1747 1.0
1747 1731 1.0
1731 1747 1.0
1747 1745 2.0
1745 1747 2.0
1748 724 1.0
724 1748 1.0
1748 1236 1.0
1236 1748 1.0
1748 1620 1.0
1620 1748 1.0
1748 1684 1.0
1684 1748 1.0
1748 1732 2.0
1732 1748 2.0
1748 1746 1.0
1746 1748 1.0
1748 1747 1.0
1747 1748 1.0
1749 725 1.0
725 1749 1.0
1749 1237 1.0
1237 1749 1.0
1749 1621 2.0
1621 1749 2.0
1749 1685 1.0
1685 1749 1.0
1749 1733 1.0
1733 1749 1.0
1749 1745 2.0
1745 1749 2.0
1750 726 1.0
726 1750 1.0
1750 1238 1.0
1238 1750 1.0
1750 1622 1.0
1622 1750 1.0
1750 1686 1.0
1686 1750 1.0
1750 1734 2.0
1734 1750 2.0
1750 1746 1.0
1746 1750 1.0
1750 1749 1.0
1749 1750 1.0
1751 727 1.0
727 1751 1.0
1751 1239 1.0
1239 1751 1.0
1751 1623 1.0
1623 1751 1.0
1751 1687 1.0
1687 1751 1.0
1751 1735 1.0
1735 1751 1.0
1751 1747 1.0
1747 1751 1.0
1751 1749 1.0
1749 1751 1.0
1752 728 2.0
728 1752 2.0
1752 1240 2.0
1240 1752 2.0
1752 1624 2.0
1624 1752 2.0
1752 1688 2.0
1688 1752 2.0
1752 1736 2.0
1736 1752 2.0
1752 1748 2.0
1748 1752 2.0
1752 1750 2.0
1750 1752 2.0
1752 1751 2.0
1751 1752 2.0
1753 729 2.0
729 1753 2.0
1753 1241 2.0
1241 1753 2.0
1753 1625 2.0
1625 1753 2.0
1753 1689 2.0
1689 1753 2.0
1753 1737 2.0
1737 1753 2.0
1753 1745 3.0
1745 1753 3.0
1754 730 1.0
730 1754 1.0
1754 1242 1.0
1242 1754 1.0
1754 1626 2.0
1626 1754 2.0
1754 1690 1.0
1690 1754 1.0
1754 1738 1.0
1738 1754 1.0
1754 1746 1.0
1746 1754 1.0
1754 1753 2.0
1753 1754 2.0
1755 731 2.0
731 1755 2.0
1755 1243 2.0
1243 1755 2.0
1755 1627 2.0
1627 1755 2.0
1755 1691 2.0
1691 1755 2.0
1755 1739 2.0
1739 1755 2.0
1755 1747 2.0
1747 1755 2.0
1755 1753 3.0
1753 1755 3.0
1756 732 1.0
732 1756 1.0
1756 1244 1.0
1244 1756 1.0
1756 1628 1.0
1628 1756 1.0
1756 1692 1.0
1692 1756 1.0
1756 1740 1.0
1740 1756 1.0
1756 1748 1.0
1748 1756 1.0
1756 1754 1.0
1754 1756 1.0
1756 1755 2.0
1755 1756 2.0
1757 733 1.0
733 1757 1.0
1757 1245 1.0
1245 1757 1.0
1757 1629 1.0
1629 1757 1.0
1757 1693 1.0
1693 1757 1.0
1757 1741 1.0
1741 1757 1.0
1757 1749 1.0
1749 1757 1.0
1757 1753 2.0
1753 1757 2.0
1758 734 2.0
734 1758 2.0
1758 1246 1.0
1246 1758 1.0
1758 1630 1.0
1630 1758 1.0
1758 1694 1.0
1694 1758 1.0
1758 1742 1.0
1742 1758 1.0
1758 1750 1.0
1750 1758 1.0
1758 1754 1.0
1754 1758 1.0
1758 1757 1.0
1757 1758 1.0
1759 735 1.0
735 1759 1.0
1759 1247 1.0
1247 1759 1.0
1759 1631 1.0
1631 1759 1.0
1759 1695 2.0
1695 1759 2.0
1759 1743 1.0
1743 1759 1.0
1759 1751 1.0
1751 1759 1.0
1759 1755 2.0
1755 1759 2.0
1759 1757 1.0
1757 1759 1.0
1760 736 1.0
736 1760 1.0
1760 1248 1.0
1248 1760 1.0
1760 1632 1.0
1632 1760 1.0
1760 1696 1.0
1696 1760 1.0
1760 1744 1.0
1744 1760 1.0
1760 1752 2.0
1752 1760 2.0
1760 1756 1.0
1756 1760 1.0
1760 1758 1.0
1758 1760 1.0
1760 1759 1.0
1759 1760 1.0
1761 737 1.0
737 1761 1.0
1761 1249 1.0
1249 1761 1.0
1761 1633 1.0
1633 1761 1.0
1761 1697 1.0
1697 1761 1.0
1761 1729 1.0
1729 1761 1.0
1762 738 1.0
738 1762 1.0
1762 1250 1.0
1250 1762 1.0
1762 1634 1.0
1634 1762 1.0
1762 1698 1.0
1698 1762 1.0
1762 1730 1.0
1730 1762 1.0
1762 1761 1.0
1761 1762 1.0
1763 739 1.0
739 1763 1.0
1763 1251 1.0
1251 1763 1.0
1763 1635 1.0
1635 1763 1.0
1763 1699 1.0
1699 1763 1.0
1763 1731 1.0
1731 1763 1.0
1763 1761 1.0
1761 1763 1.0
1764 740 1.0
740 1764 1.0
1764 1252 1.0
1252 1764 1.0
1764 1636 1.0
1636 1764 1.0
1764 1700 1.0
1700 1764 1.0
1764 1732 2.0
1732 1764 2.0
1764 1762 1.0
1762 1764 1.0
1764 1763 1.0
1763 1764 1.0
1765 741 1.0
741 1765 1.0
1765 1253 1.0
1253 1765 1.0
1765 1637 2.0
1637 1765 2.0
1765 1701 1.0
1701 1765 1.0
1765 1733 1.0
1733 1765 1.0
1765 1761 1.0
1761 1765 1.0
1766 742 2.0
742 1766 2.0
1766 1254 1.0
1254 1766 1.0
1766 1638 1.0
1638 1766 1.0
1766 1702 1.0
1702 1766 1.0
1766 1734 2.0
1734 1766 2.0
1766 1762 1.0
1762 1766 1.0
1766 1765 1.0
1765 1766 1.0
1767 743 1.0
743 1767 1.0
1767 1255 1.0
1255 1767 1.0
1767 1639 1.0
1639 1767 1.0
1767 1703 1.0
1703 1767 1.0
1767 1735 1.0
1735 1767 1.0
1767 1763 1.0
1763 1767 1.0
1767 1765 1.0
1765 1767 1.0
1768 744 1.0
744 1768 1.0
1768 1256 2.0
1256 1768 2.0
1768 1640 1.0
1640 1768 1.0
1768 1704 1.0
1704 1768 1.0
1768 1736 1.0
1736 1768 1.0
1768 1764 1.0
1764 1768 1.0
1768 1766 1.0
1766 1768 1.0
1768 1767 1.0
1767 1768 1.0
1769 745 1.0
745 1769 1.0
1769 1257 1.0
1257 1769 1.0
1769 1641 1.0
1641 1769 1.0
1769 1705 1.0
1705 1769 1.0
1769 1737 1.0
1737 1769 1.0
1769 1761 1.0
1761 1769 1.0
1770 746 2.0
746 1770 2.0
1770 1258 2.0
1258 1770 2.0
1770 1642 2.0
1642 1770 2.0
1770 1706 3.0
1706 1770 3.0
1770 1738 2.0
1738 1770 2.0
1770 1762 2.0
1762 1770 2.0
1770 1769 2.0
1769 1770 2.0
1771 747 1.0
747 1771 1.0
1771 1259 1.0
1259 1771 1.0
1771 1643 2.0
1643 1771 2.0
1771 1707 1.0
1707 1771 1.0
1771 1739 1.0
1739 1771 1.0
1771 1763 1.0
1763 1771 1.0
1771 1769 1.0
1769 1771 1.0
1772 748 2.0
748 1772 2.0
1772 1260 1.0
1260 1772 1.0
1772 1644 1.0
1644 1772 1.0
1772 1708 1.0
1708 1772 1.0
1772 1740 1.0
1740 1772 1.0
1772 1764 1.0
1764 1772 1.0
1772 1770 2.0
1770 1772 2.0
1772 1771 1.0
1771 1772 1.0
1773 749 1.0
749 1773 1.0
1773 1261 1.0
1261 1773 1.0
1773 1645 1.0
1645 1773 1.0
1773 1709 1.0
1709 1773 1.0
1773 1741 1.0
1741 1773 1.0
1773 1765 1.0
1765 1773 1.0
1773 1769 1.0
1769 1773 1.0
1774 750 1.0
750 1774 1.0
1774 1262 1.0
1262 1774 1.0
1774 1646 1.0
1646 1774 1.0
1774 1710 1.0
1710 1774 1.0
1774 1742 1.0
1742 1774 1.0
1774 1766 1.0
1766 1774 1.0
1774 1770 2.0
1770 1774 2.0
1774 1773 1.0
1773 1774 1.0
1775 751 2.0
751 1775 2.0
1775 1263 2.0
1263 1775 2.0
1775 1647 2.0
1647 1775 2.0
1775 1711 2.0
1711 1775 2.0
1775 1743 2.0
1743 1775 2.0
1775 1767 2.0
1767 1775 2.0
1775 1771 2.0
1771 1775 2.0
1775 1773 2.0
1773 1775 2.0
1776 752 1.0
752 1776 1.0
1776 1264 1.0
1264 1776 1.0
1776 1648 1.0
1648 1776 1.0
1776 1712 1.0
1712 1776 1.0
1776 1744 1.0
1744 1776 1.0
1776 1768 1.0
1768 1776 1.0
1776 1772 1.0
1772 1776 1.0
1776 1774 1.0
1774 1776 1.0
1776 1775 2.0
1775 1776 2.0
1777 753 2.0
753 1777 2.0
1777 1265 1.0
1265 1777 1.0
1777 1649 1.0
1649 1777 1.0
1777 1713 1.0
1713 1777 1.0
1777 1745 2.0
1745 1777 2.0
1777 1761 1.0
1761 1777 1.0
1778 754 1.0
754 1778 1.0
1778 1266 1.0
1266 1778 1.0
1778 1650 1.0
1650 1778 1.0
1778 1714 1.0
1714 1778 1.0
1778 1746 1.0
1746 1778 1.0
1778 1762 1.0
1762 1778 1.0
1778 1777 1.0
1777 1778 1.0
1779 755 2.0
755 1779 2.0
1779 1267 2.0
1267 1779 2.0
1779 1651 3.0
1651 1779 3.0
1779 1715 2.0
1715 1779 2.0
1779 1747 2.0
1747 1779 2.0
1779 1763 2.0
1763 1779 2.0
1779 1777 2.0
1777 1779 2.0
1780 756 1.0
756 1780 1.0
1780 1268 1.0
1268 1780 1.0
1780 1652 1.0
1652 1780 1.0
1780 1716 2.0
1716 1780 2.0
1780 1748 1.0
1748 1780 1.0
1780 1764 1.0
1764 1780 1.0
1780 1778 1.0
1778 1780 1.0
1780 1779 2.0
1779 1780 2.0
1781 757 1.0
757 1781 1.0
1781 1269 2.0
1269 1781 2.0
1781 1653 1.0
1653 1781 1.0
1781 1717 2.0
1717 1781 2.0
1781 1749 1.0
1749 1781 1.0
1781 1765 1.0
1765 1781 1.0
1781 1777 1.0
1777 1781 1.0
1782 758 1.0
758 1782 1.0
1782 1270 1.0
1270 1782 1.0
1782 1654 1.0
1654 1782 1.0
1782 1718 1.0
1718 1782 1.0
1782 1750 1.0
1750 1782 1.0
1782 1766 1.0
1766 1782 1.0
1782 1778 1.0
1778 1782 1.0
1782 1781 1.0
1781 1782 1.0
1783 759 1.0
759 1783 1.0
1783 1271 1.0
1271 1783 1.0
1783 1655 1.0
1655 1783 1.0
1783 1719 1.0
1719 1783 1.0
1783 1751 1.0
1751 1783 1.0
1783 1767 1.0
1767 1783 1.0
1783 1779 2.0
1779 1783 2.0
1783 1781 1.0
1781 1783 1.0
1784 760 1.0
760 1784 1.0
1784 1272 1.0
1272 1784 1.0
1784 1656 1.0
1656 1784 1.0
1784 1720 1.0
1720 1784 1.0
1784 1752 2.0
1752 1784 2.0
1784 1768 1.0
1768 1784 1.0
1784 1780 1.0
1780 1784 1.0
1784 1782 1.0
1782 1784 1.0
1784 1783 1.0
1783 1784 1.0
1785 761 2.0
761 1785 2.0
1785 1273 1.0
1273 1785 1.0
1785 1657 1.0
1657 1785 1.0
1785 1721 1.0
1721 1785 1.0
1785 1753 2.0
1753 1785 2.0
1785 1769 1.0
1769 1785 1.0
1785 1777 1.0
1777 1785 1.0
1786 762 1.0
762 1786 1.0
1786 1274 1.0
1274 1786 1.0
1786 1658 1.0
1658 1786 1.0
1786 1722 1.0
1722 1786 1.0
1786 1754 1.0
1754 1786 1.0
1786 1770 2.0
1770 1786 2.0
1786 1778 1.0
1778 1786 1.0
1786 1785 1.0
1785 1786 1.0
1787 763 1.0
763 1787 1.0
1787 1275 1.0
1275 1787 1.0
1787 1659 1.0
1659 1787 1.0
1787 1723 1.0
1723 1787 1.0
1787 1755 2.0
1755 1787 2.0
1787 1771 1.0
1771 1787 1.0
1787 1779 2.0
1779 1787 2.0
1787 1785 1.0
1785 1787 1.0
1788 764 1.0
764 1788 1.0
1788 1276 2.0
1276 1788 2.0
1788 1660 1.0
1660 1788 1.0
1788 1724 1.0
1724 1788 1.0
1788 1756 1.0
1756 1788 1.0
1788 1772 1.0
1772 1788 1.0
1788 1780 1.0
1780 1788 1.0
1788 1786 1.0
1786 1788 1.0
1788 1787 1.0
1787 1788 1.0
1789 765 1.0
765 1789 1.0
1789 1277 1.0
1277 1789 1.0
1789 1661 1.0
1661 1789 1.0
1789 1725 1.0
1725 1789 1.0
1789 1757 1.0
1757 1789 1.0
1789 1773 1.0
1773 1789 1.0
1789 1781 1.0
1781 1789 1.0
1789 1785 1.0
1785 1789 1.0
1790 766 2.0
766 1790 2.0
1790 1278 2.0
1278 1790 2.0
1790 1662 3.0
1662 1790 3.0
1790 1726 2.0
1726 1790 2.0
1790 1758 2.0
1758 1790 2.0
1790 1774 2.0
1774 1790 2.0
1790 1782 2.0
1782 1790 2.0
1790 1786 2.0
1786 1790 2.0
1790 1789 2.0
1789 1790 2.0
1791 767 1.0
767 1791 1.0
1791 1279 1.0
1279 1791 1.0
1791 1663 1.0
1663 1791 1.0
1791 1727 1.0
1727 1791 1.0
1791 1759 1.0
1759 1791 1.0
1791 1775 2.0
1775 1791 2.0
1791 1783 1.0
1783 1791 1.0
1791 1787 1.0
1787 1791 1.0
1791 1789 1.0
1789 1791 1.0
1792 768 2.0
768 1792 2.0
1792 1280 1.0
1280 1792 1.0
1792 1664 2.0
1664 1792 2.0
1792 1728 1.0
1728 1792 1.0
1792 1760 1.0
1760 1792 1.0
1792 1776 1.0
1776 1792 1.0
1792 1784 1.0
1784 1792 1.0
1792 1788 1.0
1788 1792 1.0
1792 1790 2.0
1790 1792 2.0
1792 1791 1.0
1791 1792 1.0
1793 769 1.0
769 1793 1.0
1793 1281 1.0
1281 1793 1.0
1793 1537 1.0
1537 1793 1.0
1794 770 1.0
770 1794 1.0
1794 1282 1.0
1282 1794 1.0
1794 1538 2.0
1538 1794 2.0
1794 1793 1.0
1793 1794 1.0
1795 771 1.0
771 1795 1.0
1795 1283 1.0
1283 1795 1.0
1795 1539 1.0
1539 1795 1.0
1795 1793 1.0
1793 1795 1.0
1796 772 2.0
772 1796 2.0
1796 1284 1.0
1284 1796 1.0
1796 1540 1.0
1540 1796 1.0
1796 1794 1.0
1794 1796 1.0
1796 1795 1.0
1795 1796 1.0
1797 773 2.0
773 1797 2.0
1797 1285 2.0
1285 1797 2.0
1797 1541 2.0
1541 1797 2.0
1797 1793 2.0
1793 1797 2.0
1798 774 1.0
774 1798 1.0
1798 1286 1.0
1286 1798 1.0
1798 1542 1.0
1542 1798 1.0
1798 1794 1.0
1794 1798 1.0
1798 1797 2.0
1797 1798 2.0
1799 775 1.0
775 1799 1.0
1799 1287 1.0
1287 1799 1.0
1799 1543 1.0
1543 1799 1.0
1799 1795 1.0
1795 1799 1.0
1799 1797 2.0
1797 1799 2.0
1800 776 1.0
776 1800 1.0
1800 1288 1.0
1288 1800 1.0
1800 1544 1.0
1544 1800 1.0
1800 1796 1.0
1796 1800 1.0
1800 1798 1.0
1798 1800 1.0
1800 1799 1.0
1799 1800 1.0
1801 777 1.0
777 1801 1.0
1801 1289 1.0
1289 1801 1.0
1801 1545 1.0
1545 1801 1.0
1801 1793 1.0
1793 1801 1.0
1802 778 1.0
778 1802 1.0
1802 1290 1.0
1290 1802 1.0
1802 1546 1.0
1546 1802 1.0
1802 1794 1.0
1794 1802 1.0
1802 1801 1.0
1801 1802 1.0
1803 779 1.0
779 1803 1.0
1803 1291 1.0
1291 1803 1.0
1803 1547 1.0
1547 1803 1.0
1803 1795 1.0
1795 1803 1.0
1803 1801 1.0
1801 1803 1.0
1804 780 2.0
780 1804 2.0
1804 1292 2.0
1292 1804 2.0
1804 1548 2.0
1548 1804 2.0
1804 1796 2.0
1796 1804 2.0
1804 1802 2.0
1802 1804 2.0
1804 1803 2.0
1803 1804 2.0
1805 781 2.0
781 1805 2.0
1805 1293 2.0
1293 1805 2.0
1805 1549 2.0
1549 1805 2.0
1805 1797 3.0
1797 1805 3.0
1805 1801 2.0
1801 1805 2.0
1806 782 1.0
782 1806 1.0
1806 1294 1.0
1294 1806 1.0
1806 1550 2.0
1550 1806 2.0
1806 1798 1.0
1798 1806 1.0
1806 1802 1.0
1802 1806 1.0
1806 1805 2.0
1805 1806 2.0
1807 783 1.0
783 1807 1.0
1807 1295 1.0
1295 1807 1.0
1807 1551 1.0
1551 1807 1.0
1807 1799 1.0
1799 1807 1.0
1807 1803 1.0
1803 1807 1.0
1807 1805 2.0
1805 1807 2.0
1808 784 1.0
784 1808 1.0
1808 1296 1.0
1296 1808 1.0
1808 1552 2.0
1552 1808 2.0
1808 1800 1.0
1800 1808 1.0
1808 1804 2.0
1804 1808 2.0
1808 1806 1.0
1806 1808 1.0
1808 1807 1.0
1807 1808 1.0
1809 785 2.0
785 1809 2.0
1809 1297 1.0
1297 1809 1.0
1809 1553 1.0
1553 1809 1.0
1809 1793 1.0
1793 1809 1.0
1810 786 2.0
786 1810 2.0
1810 1298 2.0
1298 1810 2.0
1810 1554 2.0
1554 1810 2.0
1810 1794 2.0
1794 1810 2.0
1810 1809 2.0
1809 1810 2.0
1811 787 1.0
787 1811 1.0
1811 1299 1.0
1299 1811 1.0
1811 1555 2.0
1555 1811 2.0
1811 1795 1.0
1795 1811 1.0
1811 1809 1.0
1809 1811 1.0
1812 788 1.0
788 1812 1.0
1812 1300 1.0
1300 1812 1.0
1812 1556 1.0
1556 1812 1.0
1812 1796 1.0
1796 1812 1.0
1812 1810 2.0
1810 1812 2.0
1812 1811 1.0
1811 1812 1.0
1813 789 1.0
789 1813 1.0
1813 1301 1.0
1301 1813 1.0
1813 1557 1.0
1557 1813 1.0
1813 1797 2.0
1797 1813 2.0
1813 1809 1.0
1809 1813 1.0
1814 790 1.0
790 1814 1.0
1814 1302 1.0
1302 1814 1.0
1814 1558 1.0
1558 1814 1.0
1814 1798 1.0
1798 1814 1.0
1814 1810 2.0
1810 1814 2.0
1814 1813 1.0
1813 1814 1.0
1815 791 1.0
791 1815 1.0
1815 1303 1.0
1303 1815 1.0
1815 1559 2.0
1559 1815 2.0
1815 1799 1.0
1799 1815 1.0
1815 1811 1.0
1811 1815 1.0
1815 1813 1.0
1813 1815 1.0
1816 792 1.0
792 1816 1.0
1816 1304 2.0
1304 1816 2.0
1816 1560 1.0
1560 1816 1.0
1816 1800 1.0
1800 1816 1.0
1816 1812 1.0
1812 1816 1.0
1816 1814 1.0
1814 1816 1.0
1816 1815 1.0
1815 1816 1.0
1817 793 1.0
793 1817 1.0
1817 1305 1.0
1305 1817 1.0
1817 1561 1.0
1561 1817 1.0
1817 1801 1.0
1801 1817 1.0
1817 1809 1.0
1809 1817 1.0
1818 794 1.0
794 1818 1.0
1818 1306 1.0
1306 1818 1.0
1818 1562 1.0
1562 1818 1.0
1818 1802 1.0
1802 1818 1.0
1818 1810 2.0
1810 1818 2.0
1818 1817 1.0
1817 1818 1.0
1819 795 1.0
795 1819 1.0
1819 1307 1.0
1307 1819 1.0
1819 1563 1.0
1563 1819 1.0
1819 1803 1.0
1803 1819 1.0
1819 1811 1.0
1811 1819 1.0
1819 1817 1.0
1817 1819 1.0
1820 796 1.0
796 1820 1.0
1820 1308 1.0
1308 1820 1.0
1820 1564 1.0
1564 1820 1.0
1820 1804 2.0
1804 1820 2.0
1820 1812 1.0
1812 1820 1.0
1820 1818 1.0
1818 1820 1.0
1820 1819 1.0
1819 1820 1.0
1821 797 2.0
797 1821 2.0
1821 1309 2.0
1309 1821 2.0
1821 1565 2.0
1565 1821 2.0
1821 1805 3.0
1805 1821 3.0
1821 1813 2.0
1813 1821 2.0
1821 1817 2.0
1817 1821 2.0
1822 798 1.0
798 1822 1.0
1822 1310 2.0
1310 1822 2.0
1822 1566 1.0
1566 1822 1.0
1822 1806 1.0
1806 1822 1.0
1822 1814 1.0
1814 1822 1.0
1822 1818 1.0
1818 1822 1.0
1822 1821 2.0
1821 1822 2.0
1823 799 1.0
799 1823 1.0
1823 1311 2.0
1311 1823 2.0
1823 1567 1.0
1567 1823 1.0
1823 1807 1.0
1807 1823 1.0
1823 1815 1.0
1815 1823 1.0
1823 1819 1.0
1819 1823 1.0
1823 1821 2.0
1821 1823 2.0
1824 800 2.0
800 1824 2.0
1824 1312 1.0
1312 1824 1.0
1824 1568 1.0
1568 1824 1.0
1824 1808 1.0
1808 1824 1.0
1824 1816 1.0
1816 1824 1.0
1824 1820 1.0
1820 1824 1.0
1824 1822 1.0
1822 1824 1.0
1824 1823 1.0
1823 1824 1.0
1825 801 1.0
801 1825 1.0
1825 1313 1.0
1313 1825 1.0
1825 1569 1.0
1569 1825 1.0
1825 1793 1.0
1793 1825 1.0
1826 802 1.0
802 1826 1.0
1826 1314 1.0
1314 1826 1.0
1826 1570 1.0
1570 1826 1.0
1826 1794 1.0
1794 1826 1.0
1826 1825 1.0
1825 1826 1.0
1827 803 2.0
803 1827 2.0
1827 1315 2.0
1315 1827 2.0
1827 1571 2.0
1571 1827 2.0
1827 1795 2.0
1795 1827 2.0
1827 1825 2.0
1825 1827 2.0
1828 804 1.0
804 1828 1.0
1828 1316 2.0
1316 1828 2.0
1828 1572 1.0
1572 1828 1.0
1828 1796 1.0
1796 1828 1.0
1828 1826 1.0
1826 1828 1.0
1828 1827 2.0
1827 1828 2.0
1829 805 1.0
805 1829 1.0
1829 1317 1.0
1317 1829 1.0
1829 1573 1.0
1573 1829 1.0
1829 1797 2.0
1797 1829 2.0
1829 1825 1.0
1825 1829 1.0
1830 806 2.0
806 1830 2.0
1830 1318 3.0
1318 1830 3.0
1830 1574 2.0
1574 1830 2.0
1830 1798 2.0
1798 1830 2.0
1830 1826 2.0
1826 1830 2.0
1830 1829 2.0
1829 1830 2.0
1831 807 2.0
807 1831 2.0
1831 1319 1.0
1319 1831 1.0
1831 1575 1.0
1575 1831 1.0
1831 1799 1.0
1799 1831 1.0
1831 1827 2.0
1827 1831 2.0
1831 1829 1.0
1829 1831 1.0
1832 808 1.0
808 1832 1.0
1832 1320 1.0
1320 1832 1.0
1832 1576 1.0
1576 1832 1.0
1832 1800 1.0
1800 1832 1.0
1832 1828 1.0
1828 1832 1.0
1832 1830 2.0
1830 1832 2.0
1832 1831 1.0
1831 1832 1.0
1833 809 1.0
809 1833 1.0
1833 1321 1.0
1321 1833 1.0
1833 1577 1.0
1577 1833 1.0
1833 1801 1.0
1801 1833 1.0
1833 1825 1.0
1825 1833 1.0
1834 810 1.0
810 1834 1.0
1834 1322 1.0
1322 1834 1.0
1834 1578 1.0
1578 1834 1.0
1834 1802 1.0
1802 1834 1.0
1834 1826 1.0
1826 1834 1.0
1834 1833 1.0
1833 1834 1.0
1835 811 1.0
811 1835 1.0
1835 1323 1.0
1323 1835 1.0
1835 1579 1.0
1579 1835 1.0
1835 1803 1.0
1803 1835 1.0
1835 1827 2.0
1827 1835 2.0
1835 1833 1.0
1833 1835 1.0
1836 812 2.0
812 1836 2.0
1836 1324 2.0
1324 1836 2.0
1836 1580 2.0
1580 1836 2.0
1836 1804 3.0
1804 1836 3.0
1836 1828 2.0
1828 1836 2.0
1836 1834 2.0
1834 1836 2.0
1836 1835 2.0
1835 1836 2.0
1837 813 1.0
813 1837 1.0
1837 1325 1.0
1325 1837 1.0
1837 1581 1.0
1581 1837 1.0
1837 1805 2.0
1805 1837 2.0
1837 1829 1.0
1829 1837 1.0
1837 1833 1.0
1833 1837 1.0
1838 814 2.0
814 1838 2.0
1838 1326 1.0
1326 1838 1.0
1838 1582 1.0
1582 1838 1.0
1838 1806 1.0
1806 1838 1.0
1838 1830 2.0
1830 1838 2.0
1838 1834 1.0
1834 1838 1.0
1838 1837 1.0
1837 1838 1.0
1839 815 1.0
815 1839 1.0
1839 1327 1.0
1327 1839 1.0
1839 1583 1.0
1583 1839 1.0
1839 1807 1.0
1807 1839 1.0
1839 1831 1.0
1831 1839 1.0
1839 1835 1.0
1835 1839 1.0
1839 1837 1.0
1837 1839 1.0
1840 816 1.0
816 1840 1.0
1840 1328 1.0
1328 1840 1.0
1840 1584 1.0
1584 1840 1.0
1840 1808 1.0
1808 1840 1.0
1840 1832 1.0
1832 1840 1.0
1840 1836 2.0
1836 1840 2.0
1840 1838 1.0
1838 1840 1.0
1840 1839 1.0
1839 1840 1.0
1841 817 1.0
817 1841 1.0
1841 1329 2.0
1329 1841 2.0
1841 1585 1.0
1585 1841 1.0
1841 1809 1.0
1809 1841 1.0
1841 1825 1.0
1825 1841 1.0
1842 818 1.0
818 1842 1.0
1842 1330 1.0
1330 1842 1.0
1842 1586 1.0
1586 1842 1.0
1842 1810 2.0
1810 1842 2.0
1842 1826 1.0
1826 1842 1.0
1842 1841 1.0
1841 1842 1.0
1843 819 1.0
819 1843 1.0
1843 1331 1.0
1331 1843 1.0
1843 1587 1.0
1587 1843 1.0
1843 1811 1.0
1811 1843 1.0
1843 1827 2.0
1827 1843 2.0
1843 1841 1.0
1841 1843 1.0
1844 820 1.0
820 1844 1.0
1844 1332 1.0
1332 1844 1.0
1844 1588 2.0
1588 1844 2.0
1844 1812 1.0
1812 1844 1.0
1844 1828 1.0
1828 1844 1.0
1844 1842 1.0
1842 1844 1.0
1844 1843 1.0
1843 1844 1.0
1845 821 1.0
821 1845 1.0
1845 1333 1.0
1333 1845 1.0
1845 1589 1.0
1589 1845 1.0
1845 1813 1.0
1813 1845 1.0
1845 1829 1.0
1829 1845 1.0
1845 1841 1.0
1841 1845 1.0
1846 822 1.0
822 1846 1.0
1846 1334 1.0
1334 1846 1.0
1846 1590 1.0
1590 1846 1.0
1846 1814 1.0
1814 1846 1.0
1846 1830 2.0
1830 1846 2.0
1846 1842 1.0
1842 1846 1.0
1846 1845 1.0
1845 1846 1.0
1847 823 1.0
823 1847 1.0
1847 1335 1.0
1335 1847 1.0
1847 1591 1.0
1591 1847 1.0
1847 1815 1.0
1815 1847 1.0
1847 1831 1.0
1831 1847 1.0
1847 1843 1.0
1843 1847 1.0
1847 1845 1.0
1845 1847 1.0
1848 824 1.0
824 1848 1.0
1848 1336 1.0
1336 1848 1.0
1848 1592 1.0
1592 1848 1.0
1848 1816 1.0
1816 1848 1.0
1848 1832 1.0
1832 1848 1.0
1848 1844 1.0
1844 1848 1.0
1848 1846 1.0
1846 1848 1.0
1848 1847 1.0
1847 1848 1.0
1849 825 1.0
825 1849 1.0
1849 1337 1.0
1337 1849 1.0
1849 1593 2.0
1593 1849 2.0
1849 1817 1.0
1817 1849 1.0
1849 1833 1.0
1833 1849 1.0
1849 1841 1.0
1841 1849 1.0
1850 826 2.0
826 1850 2.0
1850 1338 2.0
1338 1850 2.0
1850 1594 1.0
1594 1850 1.0
1850 1818 1.0
1818 1850 1.0
1850 1834 1.0
1834 1850 1.0
1850 1842 1.0
1842 1850 1.0
1850 1849 1.0
1849 1850 1.0
1851 827 1.0
827 1851 1.0
1851 1339 1.0
1339 1851 1.0
1851 1595 1.0
1595 1851 1.0
1851 1819 1.0
1819 1851 1.0
1851 1835 1.0
1835 1851 1.0
1851 1843 1.0
1843 1851 1.0
1851 1849 1.0
1849 1851 1.0
1852 828 1.0
828 1852 1.0
1852 1340 1.0
1340 1852 1.0
1852 1596 1.0
1596 1852 1.0
1852 1820 1.0
1820 1852 1.0
1852 1836 2.0
1836 1852 2.0
1852 1844 1.0
1844 1852 1.0
1852 1850 1.0
1850 1852 1.0
1852 1851 1.0
1851 1852 1.0
1853 829 1.0
829 1853 1.0
1853 1341 1.0
1341 1853 1.0
1853 1597 1.0
1597 1853 1.0
1853 1821 2.0
1821 1853 2.0
1853 1837 1.0
1837 1853 1.0
1853 1845 1.0
1845 1853 1.0
1853 1849 1.0
1849 1853 1.0
1854 830 1.0
830 1854 1.0
1854 1342 1.0
1342 1854 1.0
1854 1598 1.0
1598 1854 1.0
1854 1822 1.0
1822 1854 1.0
1854 1838 1.0
1838 1854 1.0
1854 1846 1.0
1846 1854 1.0
1854 1850 1.0
1850 1854 1.0
1854 1853 1.0
1853 1854 1.0
1855 831 2.0
831 1855 2.0
1855 1343 3.0
1343 1855 3.0
1855 1599 2.0
1599 1855 2.0
1855 1823 2.0
1823 1855 2.0
1855 1839 2.0
1839 1855 2.0
1855 1847 2.0
1847 1855 2.0
1855 1851 2.0
1851 1855 2.0
1855 1853 2.0
1853 1855 2.0
1856 832 1.0
832 1856 1.0
1856 1344 1.0
1344 1856 1.0
1856 1600 1.0
1600 1856 1.0
1856 1824 1.0
1824 1856 1.0
1856 1840 1.0
1840 1856 1.0
1856 1848 1.0
1848 1856 1.0
1856 1852 1.0
1852 1856 1.0
1856 1854 1.0
1854 1856 1.0
1856 1855 2.0
1855 1856 2.0
1857 833 2.0
833 1857 2.0
1857 1345 3.0
1345 1857 3.0
1857 1601 2.0
1601 1857 2.0
1857 1793 2.0
1793 1857 2.0
1858 834 1.0
834 1858 1.0
1858 1346 1.0
1346 1858 1.0
1858 1602 1.0
1602 1858 1.0
1858 1794 1.0
1794 1858 1.0
1858 1857 2.0
1857 1858 2.0
1859 835 2.0
835 1859 2.0
1859 1603 2.0
1603 1859 2.0
1859 1795 2.0
1795 1859 2.0
1859 1857 3.0
1857 1859 3.0
1860 836 1.0
836 1860 1.0
1860 1348 1.0
1348 1860 1.0
1860 1604 1.0
1604 1860 1.0
1860 1796 1.0
1796 1860 1.0
1860 1858 1.0
1858 1860 1.0
1860 1859 2.0
1859 1860 2.0
1861 837 1.0
837 1861 1.0
1861 1349 1.0
1349 1861 1.0
1861 1605 1.0
1605 1861 1.0
1861 1797 2.0
1797 1861 2.0
1861 1857 2.0
1857 1861 2.0
1862 838 1.0
838 1862 1.0
1862 1350 1.0
1350 1862 1.0
1862 1606 1.0
1606 1862 1.0
1862 1798 1.0
1798 1862 1.0
1862 1858 1.0
1858 1862 1.0
1862 1861 1.0
1861 1862 1.0
1863 839 1.0
839 1863 1.0
1863 1351 1.0
1351 1863 1.0
1863 1607 1.0
1607 1863 1.0
1863 1799 1.0
1799 1863 1.0
1863 1859 2.0
1859 1863 2.0
1863 1861 1.0
1861 1863 1.0
1864 840 2.0
840 1864 2.0
1864 1352 2.0
1352 1864 2.0
1864 1608 2.0
1608 1864 2.0
1864 1800 2.0
1800 1864 2.0
1864 1860 2.0
1860 1864 2.0
1864 1862 2.0
1862 1864 2.0
1864 1863 2.0
1863 1864 2.0
1865 841 1.0
841 1865 1.0
1865 1353 1.0
1353 1865 1.0
1865 1609 1.0
1609 1865 1.0
1865 1801 1.0
1801 1865 1.0
1865 1857 2.0
1857 1865 2.0
1866 842 1.0
842 1866 1.0
1866 1354 1.0
1354 1866 1.0
1866 1610 1.0
1610 1866 1.0
1866 1802 1.0
1802 1866 1.0
1866 1858 1.0
1858 1866 1.0
1866 1865 1.0
1865 1866 1.0
1867 843 1.0
843 1867 1.0
1867 1355 1.0
1355 1867 1.0
1867 1611 1.0
1611 1867 1.0
1867 1803 1.0
1803 1867 1.0
1867 1859 2.0
1859 1867 2.0
1867 1865 1.0
1865 1867 1.0
1868 844 2.0
844 1868 2.0
1868 1356 2.0
1356 1868 2.0
1868 1612 2.0
1612 1868 2.0
1868 1804 3.0
1804 1868 3.0
1868 1860 2.0
1860 1868 2.0
1868 1866 2.0
1866 1868 2.0
1868 1867 2.0
1867 1868 2.0
1869 845 2.0
845 1869 2.0
1869 1357 1.0
1357 1869 1.0
1869 1613 1.0
1613 1869 1.0
1869 1805 2.0
1805 1869 2.0
1869 1861 1.0
1861 1869 1.0
1869 1865 1.0
1865 1869 1.0
1870 846 1.0
846 1870 1.0
1870 1358 1.0
1358 1870 1.0
1870 1614 1.0
1614 1870 1.0
1870 1806 1.0
1806 1870 1.0
1870 1862 1.0
1862 1870 1.0
1870 1866 1.0
1866 1870 1.0
1870 1869 1.0
1869 1870 1.0
1871 847 1.0
847 1871 1.0
1871 1359 1.0
1359 1871 1.0
1871 1615 1.0
1615 1871 1.0
1871 1807 1.0
1807 1871 1.0
1871 1863 1.0
1863 1871 1.0
1871 1867 1.0
1867 1871 1.0
1871 1869 1.0
1869 1871 1.0
1872 848 1.0
848 1872 1.0
1872 1360 1.0
1360 1872 1.0
1872 1616 1.0
1616 1872 1.0
1872 1808 1.0
1808 1872 1.0
1872 1864 2.0
1864 1872 2.0
1872 1868 2.0
1868 1872 2.0
1872 1870 1.0
1870 1872 1.0
1872 1871 1.0
1871 1872 1.0
1873 849 1.0
849 1873 1.0
1873 1361 1.0
1361 1873 1.0
1873 1617 1.0
1617 1873 1.0
1873 1809 1.0
1809 1873 1.0
1873 1857 2.0
1857 1873 2.0
1874 850 1.0
850 1874 1.0
1874 1362 1.0
1362 1874 1.0
1874 1618 1.0
1618 1874 1.0
1874 1810 2.0
1810 1874 2.0
1874 1858 1.0
1858 1874 1.0
1874 1873 1.0
1873 1874 1.0
1875 851 1.0
851 1875 1.0
1875 1363 1.0
1363 1875 1.0
1875 1619 1.0
1619 1875 1.0
1875 1811 1.0
1811 1875 1.0
1875 1859 2.0
1859 1875 2.0
1875 1873 1.0
1873 1875 1.0
1876 852 1.0
852 1876 1.0
1876 1364 1.0
1364 1876 1.0
1876 1620 1.0
1620 1876 1.0
1876 1812 1.0
1812 1876 1.0
1876 1860 1.0
1860 1876 1.0
1876 1874 1.0
1874 1876 1.0
1876 1875 1.0
1875 1876 1.0
1877 853 1.0
853 1877 1.0
1877 1365 1.0
1365 1877 1.0
1877 1621 2.0
1621 1877 2.0
1877 1813 1.0
1813 1877 1.0
1877 1861 1.0
1861 1877 1.0
1877 1873 1.0
1873 1877 1.0
1878 854 1.0
854 1878 1.0
1878 1366 1.0
1366 1878 1.0
1878 1622 1.0
1622 1878 1.0
1878 1814 1.0
1814 1878 1.0
1878 1862 1.0
1862 1878 1.0
1878 1874 1.0
1874 1878 1.0
1878 1877 1.0
1877 1878 1.0
1879 855 1.0
855 1879 1.0
1879 1367 1.0
1367 1879 1.0
1879 1623 1.0
1623 1879 1.0
1879 1815 1.0
1815 1879 1.0
1879 1863 1.0
1863 1879 1.0
1879 1875 1.0
1875 1879 1.0
1879 1877 1.0
1877 1879 1.0
1880 856 1.0
856 1880 1.0
1880 1368 1.0
1368 1880 1.0
1880 1624 1.0
1624 1880 1.0
1880 1816 1.0
1816 1880 1.0
1880 1864 2.0
1864 1880 2.0
1880 1876 1.0
1876 1880 1.0
1880 1878 1.0
1878 1880 1.0
1880 1879 1.0
1879 1880 1.0
1881 857 1.0
857 1881 1.0
1881 1369 2.0
1369 1881 2.0
1881 1625 1.0
1625 1881 1.0
1881 1817 1.0
1817 1881 1.0
1881 1865 1.0
1865 1881 1.0
1881 1873 1.0
1873 1881 1.0
1882 858 1.0
858 1882 1.0
1882 1370 1.0
1370 1882 1.0
1882 1626 2.0
1626 1882 2.0
1882 1818 1.0
1818 1882 1.0
1882 1866 1.0
1866 1882 1.0
1882 1874 1.0
1874 1882 1.0
1882 1881 1.0
1881 1882 1.0
1883 859 2.0
859 1883 2.0
1883 1371 1.0
1371 1883 1.0
1883 1627 1.0
1627 1883 1.0
1883 1819 1.0
1819 1883 1.0
1883 1867 1.0
1867 1883 1.0
1883 1875 1.0
1875 1883 1.0
1883 1881 1.0
1881 1883 1.0
1884 860 1.0
860 1884 1.0
1884 1372 1.0
1372 1884 1.0
1884 1628 1.0
1628 1884 1.0
1884 1820 1.0
1820 1884 1.0
1884 1868 2.0
1868 1884 2.0
1884 1876 1.0
1876 1884 1.0
1884 1882 1.0
1882 1884 1.0
1884 1883 1.0
1883 1884 1.0
1885 861 1.0
861 1885 1.0
1885 1373 1.0
1373 1885 1.0
1885 1629 1.0
1629 1885 1.0
1885 1821 2.0
1821 1885 2.0
1885 1869 1.0
1869 1885 1.0
1885 1877 1.0
1877 1885 1.0
1885 1881 1.0
1881 1885 1.0
1886 862 2.0
862 1886 2.0
1886 1374 2.0
1374 1886 2.0
1886 1630 2.0
1630 1886 2.0
1886 1822 2.0
1822 1886 2.0
1886 1870 2.0
1870 1886 2.0
1886 1878 2.0
1878 1886 2.0
1886 1882 2.0
1882 1886 2.0
1886 1885 2.0
1885 1886 2.0
1887 863 1.0
863 1887 1.0
1887 1375 1.0
1375 1887 1.0
1887 1631 1.0
1631 1887 1.0
1887 1823 1.0
1823 1887 1.0
1887 1871 1.0
1871 1887 1.0
1887 1879 1.0
1879 1887 1.0
1887 1883 1.0
1883 1887 1.0
1887 1885 1.0
1885 1887 1.0
1888 864 1.0
864 1888 1.0
1888 1376 1.0
1376 1888 1.0
1888 1632 1.0
1632 1888 1.0
1888 1824 1.0
1824 1888 1.0
1888 1872 1.0
1872 1888 1.0
1888 1880 1.0
1880 1888 1.0
1888 1884 1.0
1884 1888 1.0
1888 1886 2.0
1886 1888 2.0
1888 1887 1.0
1887 1888 1.0
1889 865 1.0
865 1889 1.0
1889 1377 1.0
1377 1889 1.0
1889 1633 1.0
1633 1889 1.0
1889 1825 1.0
1825 1889 1.0
1889 1857 2.0
1857 1889 2.0
1890 866 1.0
866 1890 1.0
1890 1378 1.0
1378 1890 1.0
1890 1634 1.0
1634 1890 1.0
1890 1826 1.0
1826 1890 1.0
1890 1858 1.0
1858 1890 1.0
1890 1889 1.0
1889 1890 1.0
1891 867 1.0
867 1891 1.0
1891 1379 1.0
1379 1891 1.0
1891 1635 1.0
1635 1891 1.0
1891 1827 2.0
1827 1891 2.0
1891 1859 2.0
1859 1891 2.0
1891 1889 1.0
1889 1891 1.0
1892 868 2.0
868 1892 2.0
1892 1380 1.0
1380 1892 1.0
1892 1636 1.0
1636 1892 1.0
1892 1828 1.0
1828 1892 1.0
1892 1860 1.0
1860 1892 1.0
1892 1890 1.0
1890 1892 1.0
1892 1891 1.0
1891 1892 1.0
1893 869 1.0
869 1893 1.0
1893 1381 1.0
1381 1893 1.0
1893 1637 2.0
1637 1893 2.0
1893 1829 1.0
1829 1893 1.0
1893 1861 1.0
1861 1893 1.0
1893 1889 1.0
1889 1893 1.0
1894 870 1.0
870 1894 1.0
1894 1382 1.0
1382 1894 1.0
1894 1638 1.0
1638 1894 1.0
1894 1830 2.0
1830 1894 2.0
1894 1862 1.0
1862 1894 1.0
1894 1890 1.0
1890 1894 1.0
1894 1893 1.0
1893 1894 1.0
1895 871 1.0
871 1895 1.0
1895 1383 1.0
1383 1895 1.0
1895 1639 1.0
1639 1895 1.0
1895 1831 1.0
1831 1895 1.0
1895 1863 1.0
1863 1895 1.0
1895 1891 1.0
1891 1895 1.0
1895 1893 1.0
1893 1895 1.0
1896 872 1.0
872 1896 1.0
1896 1384 1.0
1384 1896 1.0
1896 1640 1.0
1640 1896 1.0
1896 1832 1.0
1832 1896 1.0
1896 1864 2.0
1864 1896 2.0
1896 1892 1.0
1892 1896 1.0
1896 1894 1.0
1894 1896 1.0
1896 1895 1.0
1895 1896 1.0
1897 873 1.0
873 1897 1.0
1897 1385 1.0
1385 1897 1.0
1897 1641 1.0
1641 1897 1.0
1897 1833 1.0
1833 1897 1.0
1897 1865 1.0
1865 1897 1.0
1897 1889 1.0
1889 1897 1.0
1898 874 2.0
874 1898 2.0
1898 1386 2.0
1386 1898 2.0
1898 1642 2.0
1642 1898 2.0
1898 1834 2.0
1834 1898 2.0
1898 1866 2.0
1866 1898 2.0
1898 1890 2.0
1890 1898 2.0
1898 1897 2.0
1897 1898 2.0
1899 875 1.0
875 1899 1.0
1899 1387 1.0
1387 1899 1.0
1899 1643 2.0
1643 1899 2.0
1899 1835 1.0
1835 1899 1.0
1899 1867 1.0
1867 1899 1.0
1899 1891 1.0
1891 1899 1.0
1899 1897 1.0
1897 1899 1.0
1900 876 1.0
876 1900 1.0
1900 1388 1.0
1388 1900 1.0
1900 1644 1.0
1644 1900 1.0
1900 1836 2.0
1836 1900 2.0
1900 1868 2.0
1868 1900 2.0
1900 1892 1.0
1892 1900 1.0
1900 1898 2.0
1898 1900 2.0
1900 1899 1.0
1899 1900 1.0
1901 877 1.0
877 1901 1.0
1901 1389 2.0
1389 1901 2.0
1901 1645 1.0
1645 1901 1.0
1901 1837 1.0
1837 1901 1.0
1901 1869 1.0
1869 1901 1.0
1901 1893 1.0
1893 1901 1.0
1901 1897 1.0
1897 1901 1.0
1902 878 1.0
878 1902 1.0
1902 1390 1.0
1390 1902 1.0
1902 1646 1.0
1646 1902 1.0
1902 1838 1.0
1838 1902 1.0
1902 1870 1.0
1870 1902 1.0
1902 1894 1.0
1894 1902 1.0
1902 1898 2.0
1898 1902 2.0
1902 1901 1.0
1901 1902 1.0
1903 879 2.0
879 1903 2.0
1903 1391 1.0
1391 1903 1.0
1903 1647 1.0
1647 1903 1.0
1903 1839 1.0
1839 1903 1.0
1903 1871 1.0
1871 1903 1.0
1903 1895 1.0
1895 1903 1.0
1903 1899 1.0
1899 1903 1.0
1903 1901 1.0
1901 1903 1.0
1904 880 1.0
880 1904 1.0
1904 1392 2.0
1392 1904 2.0
1904 1648 1.0
1648 1904 1.0
1904 1840 1.0
1840 1904 1.0
1904 1872 1.0
1872 1904 1.0
1904 1896 1.0
1896 1904 1.0
1904 1900 1.0
1900 1904 1.0
1904 1902 1.0
1902 1904 1.0
1904 1903 1.0
1903 1904 1.0
1905 881 1.0
881 1905 1.0
1905 1393 1.0
1393 1905 1.0
1905 1649 1.0
1649 1905 1.0
1905 1841 1.0
1841 1905 1.0
1905 1873 1.0
1873 1905 1.0
1905 1889 1.0
1889 1905 1.0
1906 882 1.0
882 1906 1.0
1906 1394 1.0
1394 1906 1.0
1906 1650 1.0
1650 1906 1.0
1906 1842 1.0
1842 1906 1.0
1906 1874 1.0
1874 1906 1.0
1906 1890 1.0
1890 1906 1.0
1906 1905 1.0
1905 1906 1.0
1907 883 1.0
883 1907 1.0
1907 1395 1.0
1395 1907 1.0
1907 1651 2.0
1651 1907 2.0
1907 1843 1.0
1843 1907 1.0
1907 1875 1.0
1875 1907 1.0
1907 1891 1.0
1891 1907 1.0
1907 1905 1.0
1905 1907 1.0
1908 884 2.0
884 1908 2.0
1908 1396 1.0
1396 1908 1.0
1908 1652 1.0
1652 1908 1.0
1908 1844 1.0
1844 1908 1.0
1908 1876 1.0
1876 1908 1.0
1908 1892 1.0
1892 1908 1.0
1908 1906 1.0
1906 1908 1.0
1908 1907 1.0
1907 1908 1.0
1909 885 1.0
885 1909 1.0
1909 1397 1.0
1397 1909 1.0
1909 1653 1.0
1653 1909 1.0
1909 1845 1.0
1845 1909 1.0
1909 1877 1.0
1877 1909 1.0
1909 1893 1.0
1893 1909 1.0
1909 1905 1.0
1905 1909 1.0
1910 886 2.0
886 1910 2.0
1910 1398 1.0
1398 1910 1.0
1910 1654 1.0
1654 1910 1.0
1910 1846 1.0
1846 1910 1.0
1910 1878 1.0
1878 1910 1.0
1910 1894 1.0
1894 1910 1.0
1910 1906 1.0
1906 1910 1.0
1910 1909 1.0
1909 1910 1.0
1911 887 2.0
887 1911 2.0
1911 1399 3.0
1399 1911 3.0
1911 1655 2.0
1655 1911 2.0
1911 1847 2.0
1847 1911 2.0
1911 1879 2.0
1879 1911 2.0
1911 1895 2.0
1895 1911 2.0
1911 1907 2.0
1907 1911 2.0
1911 1909 2.0
1909 1911 2.0
1912 888 1.0
888 1912 1.0
1912 1400 1.0
1400 1912 1.0
1912 1656 1.0
1656 1912 1.0
1912 1848 1.0
1848 1912 1.0
1912 1880 1.0
1880 1912 1.0
1912 1896 1.0
1896 1912 1.0
1912 1908 1.0
1908 1912 1.0
1912 1910 1.0
1910 1912 1.0
1912 1911 2.0
1911 1912 2.0
1913 889 1.0
889 1913 1.0
1913 1401 1.0
1401 1913 1.0
1913 1657 1.0
1657 1913 1.0
1913 1849 1.0
1849 1913 1.0
1913 1881 1.0
1881 1913 1.0
1913 1897 1.0
1897 1913 1.0
1913 1905 1.0
1905 1913 1.0
1914 890 1.0
890 1914 1.0
1914 1402 2.0
1402 1914 2.0
1914 1658 1.0
1658 1914 1.0
1914 1850 1.0
1850 1914 1.0
1914 1882 1.0
1882 1914 1.0
1914 1898 2.0
1898 1914 2.0
1914 1906 1.0
1906 1914 1.0
1914 1913 1.0
1913 1914 1.0
1915 891 1.0
891 1915 1.0
1915 1403 1.0
1403 1915 1.0
1915 1659 1.0
1659 1915 1.0
1915 1851 1.0
1851 1915 1.0
1915 1883 1.0
1883 1915 1.0
1915 1899 1.0
1899 1915 1.0
1915 1907 1.0
1907 1915 1.0
1915 1913 1.0
1913 1915 1.0
1916 892 1.0
892 1916 1.0
1916 1404 2.0
1404 1916 2.0
1916 1660 1.0
1660 1916 1.0
1916 1852 1.0
1852 1916 1.0
1916 1884 1.0
1884 1916 1.0
1916 1900 1.0
1900 1916 1.0
1916 1908 1.0
1908 1916 1.0
1916 1914 1.0
1914 1916 1.0
1916 1915 1.0
1915 1916 1.0
1917 893 2.0
893 1917 2.0
1917 1405 1.0
1405 1917 1.0
1917 1661 1.0
1661 1917 1.0
1917 1853 1.0
1853 1917 1.0
1917 1885 1.0
1885 1917 1.0
1917 1901 1.0
1901 1917 1.0
1917 1909 1.0
1909 1917 1.0
1917 1913 1.0
1913 1917 1.0
1918 894 1.0
894 1918 1.0
1918 1406 1.0
1406 1918 1.0
1918 1662 2.0
1662 1918 2.0
1918 1854 1.0
1854 1918 1.0
1918 1886 2.0
1886 1918 2.0
1918 1902 1.0
1902 1918 1.0
1918 1910 1.0
1910 1918 1.0
1918 1914 1.0
1914 1918 1.0
1918 1917 1.0
1917 1918 1.0
1919 895 1.0
895 1919 1.0
1919 1407 1.0
1407 1919 1.0
1919 1663 1.0
1663 1919 1.0
1919 1855 2.0
1855 1919 2.0
1919 1887 1.0
1887 1919 1.0
1919 1903 1.0
1903 1919 1.0
1919 1911 2.0
1911 1919 2.0
1919 1915 1.0
1915 1919 1.0
1919 1917 1.0
1917 1919 1.0
1920 896 1.0
896 1920 1.0
1920 1408 1.0
1408 1920 1.0
1920 1664 2.0
1664 1920 2.0
1920 1856 1.0
1856 1920 1.0
1920 1888 1.0
1888 1920 1.0
1920 1904 1.0
1904 1920 1.0
1920 1912 1.0
1912 1920 1.0
1920 1916 1.0
1916 1920 1.0
1920 1918 1.0
1918 1920 1.0
1920 1919 1.0
1919 1920 1.0
1921 897 2.0
897 1921 2.0
1921 1409 1.0
1409 1921 1.0
1921 1665 1.0
1665 1921 1.0
1921 1793 1.0
1793 1921 1.0
1922 898 1.0
898 1922 1.0
1922 1410 2.0
1410 1922 2.0
1922 1666 1.0
1666 1922 1.0
1922 1794 1.0
1794 1922 1.0
1922 1921 1.0
1921 1922 1.0
1923 899 1.0
899 1923 1.0
1923 1411 1.0
1411 1923 1.0
1923 1667 1.0
1667 1923 1.0
1923 1795 1.0
1795 1923 1.0
1923 1921 1.0
1921 1923 1.0
1924 900 1.0
900 1924 1.0
1924 1412 1.0
1412 1924 1.0
1924 1668 1.0
1668 1924 1.0
1924 1796 1.0
1796 1924 1.0
1924 1922 1.0
1922 1924 1.0
1924 1923 1.0
1923 1924 1.0
1925 901 1.0
901 1925 1.0
1925 1413 1.0
1413 1925 1.0
1925 1669 1.0
1669 1925 1.0
1925 1797 2.0
1797 1925 2.0
1925 1921 1.0
1921 1925 1.0
1926 902 1.0
902 1926 1.0
1926 1414 1.0
1414 1926 1.0
1926 1670 1.0
1670 1926 1.0
1926 1798 1.0
1798 1926 1.0
1926 1922 1.0
1922 1926 1.0
1926 1925 1.0
1925 1926 1.0
1927 903 1.0
903 1927 1.0
1927 1415 2.0
1415 1927 2.0
1927 1671 2.0
1671 1927 2.0
1927 1799 1.0
1799 1927 1.0
1927 1923 1.0
1923 1927 1.0
1927 1925 1.0
1925 1927 1.0
1928 904 1.0
904 1928 1.0
1928 1416 1.0
1416 1928 1.0
1928 1672 1.0
1672 1928 1.0
1928 1800 1.0
1800 1928 1.0
1928 1924 1.0
1924 1928 1.0
1928 1926 1.0
1926 1928 1.0
1928 1927 1.0
1927 1928 1.0
1929 905 1.0
905 1929 1.0
1929 1417 1.0
1417 1929 1.0
1929 1673 1.0
1673 1929 1.0
1929 1801 1.0
1801 1929 1.0
1929 1921 1.0
1921 1929 1.0
1930 906 1.0
906 1930 1.0
1930 1418 1.0
1418 1930 1.0
1930 1674 1.0
1674 1930 1.0
1930 1802 1.0
1802 1930 1.0
1930 1922 1.0
1922 1930 1.0
1930 1929 1.0
1929 1930 1.0
1931 907 1.0
907 1931 1.0
1931 1419 2.0
1419 1931 2.0
1931 1675 2.0
1675 1931 2.0
1931 1803 1.0
1803 1931 1.0
1931 1923 1.0
1923 1931 1.0
1931 1929 1.0
1929 1931 1.0
1932 908 1.0
908 1932 1.0
1932 1420 1.0
1420 1932 1.0
1932 1676 1.0
1676 1932 1.0
1932 1804 2.0
1804 1932 2.0
1932 1924 1.0
1924 1932 1.0
1932 1930 1.0
1930 1932 1.0
1932 1931 1.0
1931 1932 1.0
1933 909 1.0
909 1933 1.0
1933 1421 1.0
1421 1933 1.0
1933 1677 1.0
1677 1933 1.0
1933 1805 2.0
1805 1933 2.0
1933 1925 1.0
1925 1933 1.0
1933 1929 1.0
1929 1933 1.0
1934 910 2.0
910 1934 2.0
1934 1422 2.0
1422 1934 2.0
1934 1678 2.0
1678 1934 2.0
1934 1806 2.0
1806 1934 2.0
1934 1926 2.0
1926 1934 2.0
1934 1930 2.0
1930 1934 2.0
1934 1933 2.0
1933 1934 2.0
1935 911 2.0
911 1935 2.0
1935 1423 1.0
1423 1935 1.0
1935 1679 1.0
1679 1935 1.0
1935 1807 1.0
1807 1935 1.0
1935 1927 1.0
1927 1935 1.0
1935 1931 1.0
1931 1935 1.0
1935 1933 1.0
1933 1935 1.0
1936 912 1.0
912 1936 1.0
1936 1424 1.0
1424 1936 1.0
1936 1680 1.0
1680 1936 1.0
1936 1808 1.0
1808 1936 1.0
1936 1928 1.0
1928 1936 1.0
1936 1932 1.0
1932 1936 1.0
1936 1934 2.0
1934 1936 2.0
1936 1935 1.0
1935 1936 1.0
1937 913 1.0
913 1937 1.0
1937 1425 1.0
1425 1937 1.0
1937 1681 2.0
1681 1937 2.0
1937 1809 1.0
1809 1937 1.0
1937 1921 1.0
1921 1937 1.0
1938 914 1.0
914 1938 1.0
1938 1426 1.0
1426 1938 1.0
1938 1682 1.0
1682 1938 1.0
1938 1810 2.0
1810 1938 2.0
1938 1922 1.0
1922 1938 1.0
1938 1937 1.0
1937 1938 1.0
1939 915 2.0
915 1939 2.0
1939 1427 1.0
1427 1939 1.0
1939 1683 1.0
1683 1939 1.0
1939 1811 1.0
1811 1939 1.0
1939 1923 1.0
1923 1939 1.0
1939 1937 1.0
1937 1939 1.0
1940 916 1.0
916 1940 1.0
1940 1428 1.0
1428 1940 1.0
1940 1684 1.0
1684 1940 1.0
1940 1812 1.0
1812 1940 1.0
1940 1924 1.0
1924 1940 1.0
1940 1938 1.0
1938 1940 1.0
1940 1939 1.0
1939 1940 1.0
1941 917 1.0
917 1941 1.0
1941 1429 1.0
1429 1941 1.0
1941 1685 1.0
1685 1941 1.0
1941 1813 1.0
1813 1941 1.0
1941 1925 1.0
1925 1941 1.0
1941 1937 1.0
1937 1941 1.0
1942 918 2.0
918 1942 2.0
1942 1430 1.0
1430 1942 1.0
1942 1686 1.0
1686 1942 1.0
1942 1814 1.0
1814 1942 1.0
1942 1926 1.0
1926 1942 1.0
1942 1938 1.0
1938 1942 1.0
1942 1941 1.0
1941 1942 1.0
1943 919 2.0
919 1943 2.0
1943 1431 1.0
1431 1943 1.0
1943 1687 1.0
1687 1943 1.0
1943 1815 1.0
1815 1943 1.0
1943 1927 1.0
1927 1943 1.0
1943 1939 1.0
1939 1943 1.0
1943 1941 1.0
1941 1943 1.0
1944 920 1.0
920 1944 1.0
1944 1432 1.0
1432 1944 1.0
1944 1688 1.0
1688 1944 1.0
1944 1816 1.0
1816 1944 1.0
1944 1928 1.0
1928 1944 1.0
1944 1940 1.0
1940 1944 1.0
1944 1942 1.0
1942 1944 1.0
1944 1943 1.0
1943 1944 1.0
1945 921 1.0
921 1945 1.0
1945 1433 1.0
1433 1945 1.0
1945 1689 1.0
1689 1945 1.0
1945 1817 1.0
1817 1945 1.0
1945 1929 1.0
1929 1945 1.0
1945 1937 1.0
1937 1945 1.0
1946 922 2.0
922 1946 2.0
1946 1434 2.0
1434 1946 2.0
1946 1690 2.0
1690 1946 2.0
1946 1818 2.0
1818 1946 2.0
1946 1930 2.0
1930 1946 2.0
1946 1938 2.0
1938 1946 2.0
1946 1945 2.0
1945 1946 2.0
1947 923 1.0
923 1947 1.0
1947 1435 2.0
1435 1947 2.0
1947 1691 1.0
1691 1947 1.0
1947 1819 1.0
1819 1947 1.0
1947 1931 1.0
1931 1947 1.0
1947 1939 1.0
1939 1947 1.0
1947 1945 1.0
1945 1947 1.0
1948 924 1.0
924 1948 1.0
1948 1436 1.0
1436 1948 1.0
1948 1692 1.0
1692 1948 1.0
1948 1820 1.0
1820 1948 1.0
1948 1932 1.0
1932 1948 1.0
1948 1940 1.0
1940 1948 1.0
1948 1946 2.0
1946 1948 2.0
1948 1947 1.0
1947 1948 1.0
1949 925 1.0
925 1949 1.0
1949 1437 1.0
1437 1949 1.0
1949 1693 1.0
1693 1949 1.0
1949 1821 2.0
1821 1949 2.0
1949 1933 1.0
1933 1949 1.0
1949 1941 1.0
1941 1949 1.0
1949 1945 1.0
1945 1949 1.0
1950 926 1.0
926 1950 1.0
1950 1438 1.0
1438 1950 1.0
1950 1694 1.0
1694 1950 1.0
1950 1822 1.0
1822 1950 1.0
1950 1934 2.0
1934 1950 2.0
1950 1942 1.0
1942 1950 1.0
1950 1946 2.0
1946 1950 2.0
1950 1949 1.0
1949 1950 1.0
1951 927 1.0
927 1951 1.0
1951 1439 1.0
1439 1951 1.0
1951 1695 2.0
1695 1951 2.0
1951 1823 1.0
1823 1951 1.0
1951 1935 1.0
1935 1951 1.0
1951 1943 1.0
1943 1951 1.0
1951 1947 1.0
1947 1951 1.0
1951 1949 1.0
1949 1951 1.0
1952 928 1.0
928 1952 1.0
1952 1440 1.0
1440 1952 1.0
1952 1696 1.0
1696 1952 1.0
1952 1824 1.0
1824 1952 1.0
1952 1936 1.0
1936 1952 1.0
1952 1944 1.0
1944 1952 1.0
1952 1948 1.0
1948 1952 1.0
1952 1950 1.0
1950 1952 1.0
1952 1951 1.0
1951 1952 1.0
1953 929 1.0
929 1953 1.0
1953 1441 1.0
1441 1953 1.0
1953 1697 1.0
1697 1953 1.0
1953 1825 1.0
1825 1953 1.0
1953 1921 1.0
1921 1953 1.0
1954 930 2.0
930 1954 2.0
1954 1442 1.0
1442 1954 1.0
1954 1698 1.0
1698 1954 1.0
1954 1826 1.0
1826 1954 1.0
1954 1922 1.0
1922 1954 1.0
1954 1953 1.0
1953 1954 1.0
1955 931 1.0
931 1955 1.0
1955 1443 1.0
1443 1955 1.0
1955 1699 1.0
1699 1955 1.0
1955 1827 2.0
1827 1955 2.0
1955 1923 1.0
1923 1955 1.0
1955 1953 1.0
1953 1955 1.0
1956 932 1.0
932 1956 1.0
1956 1444 1.0
1444 1956 1.0
1956 1700 1.0
1700 1956 1.0
1956 1828 1.0
1828 1956 1.0
1956 1924 1.0
1924 1956 1.0
1956 1954 1.0
1954 1956 1.0
1956 1955 1.0
1955 1956 1.0
1957 933 1.0
933 1957 1.0
1957 1445 1.0
1445 1957 1.0
1957 1701 1.0
1701 1957 1.0
1957 1829 1.0
1829 1957 1.0
1957 1925 1.0
1925 1957 1.0
1957 1953 1.0
1953 1957 1.0
1958 934 1.0
934 1958 1.0
1958 1446 1.0
1446 1958 1.0
1958 1702 1.0
1702 1958 1.0
1958 1830 2.0
1830 1958 2.0
1958 1926 1.0
1926 1958 1.0
1958 1954 1.0
1954 1958 1.0
1958 1957 1.0
1957 1958 1.0
1959 935 1.0
935 1959 1.0
1959 1447 1.0
1447 1959 1.0
1959 1703 1.0
1703 1959 1.0
1959 1831 1.0
1831 1959 1.0
1959 1927 1.0
1927 1959 1.0
1959 1955 1.0
1955 1959 1.0
1959 1957 1.0
1957 1959 1.0
1960 936 2.0
936 1960 2.0
1960 1448 2.0
1448 1960 2.0
1960 1704 2.0
1704 1960 2.0
1960 1832 2.0
1832 1960 2.0
1960 1928 2.0
1928 1960 2.0
1960 1956 2.0
1956 1960 2.0
1960 1958 2.0
1958 1960 2.0
1960 1959 2.0
1959 1960 2.0
1961 937 2.0
937 1961 2.0
1961 1449 2.0
1449 1961 2.0
1961 1705 2.0
1705 1961 2.0
1961 1833 2.0
1833 1961 2.0
1961 1929 2.0
1929 1961 2.0
1961 1953 2.0
1953 1961 2.0
1962 938 1.0
938 1962 1.0
1962 1450 1.0
1450 1962 1.0
1962 1706 2.0
1706 1962 2.0
1962 1834 1.0
1834 1962 1.0
1962 1930 1.0
1930 1962 1.0
1962 1954 1.0
1954 1962 1.0
1962 1961 2.0
1961 1962 2.0
1963 939 1.0
939 1963 1.0
1963 1451 1.0
1451 1963 1.0
1963 1707 1.0
1707 1963 1.0
1963 1835 1.0
1835 1963 1.0
1963 1931 1.0
1931 1963 1.0
1963 1955 1.0
1955 1963 1.0
1963 1961 2.0
1961 1963 2.0
1964 940 1.0
940 1964 1.0
1964 1452 1.0
1452 1964 1.0
1964 1708 1.0
1708 1964 1.0
1964 1836 2.0
1836 1964 2.0
1964 1932 1.0
1932 1964 1.0
1964 1956 1.0
1956 1964 1.0
1964 1962 1.0
1962 1964 1.0
1964 1963 1.0
1963 1964 1.0
1965 941 1.0
941 1965 1.0
1965 1453 1.0
1453 1965 1.0
1965 1709 1.0
1709 1965 1.0
1965 1837 1.0
1837 1965 1.0
1965 1933 1.0
1933 1965 1.0
1965 1957 1.0
1957 1965 1.0
1965 1961 2.0
1961 1965 2.0
1966 942 1.0
942 1966 1.0
1966 1454 2.0
1454 1966 2.0
1966 1710 1.0
1710 1966 1.0
1966 1838 1.0
1838 1966 1.0
1966 1934 2.0
1934 1966 2.0
1966 1958 1.0
1958 1966 1.0
1966 1962 1.0
1962 1966 1.0
1966 1965 1.0
1965 1966 1.0
1967 943 1.0
943 1967 1.0
1967 1455 1.0
1455 1967 1.0
1967 1711 1.0
1711 1967 1.0
1967 1839 1.0
1839 1967 1.0
1967 1935 1.0
1935 1967 1.0
1967 1959 1.0
1959 1967 1.0
1967 1963 1.0
1963 1967 1.0
1967 1965 1.0
1965 1967 1.0
1968 944 1.0
944 1968 1.0
1968 1456 1.0
1456 1968 1.0
1968 1712 1.0
1712 1968 1.0
1968 1840 1.0
1840 1968 1.0
1968 1936 1.0
1936 1968 1.0
1968 1960 2.0
1960 1968 2.0
1968 1964 1.0
1964 1968 1.0
1968 1966 1.0
1966 1968 1.0
1968 1967 1.0
1967 1968 1.0
1969 945 1.0
945 1969 1.0
1969 1457 1.0
1457 1969 1.0
1969 1713 1.0
1713 1969 1.0
1969 1841 1.0
1841 1969 1.0
1969 1937 1.0
1937 1969 1.0
1969 1953 1.0
1953 1969 1.0
1970 946 1.0
946 1970 1.0
1970 1458 1.0
1458 1970 1.0
1970 1714 1.0
1714 1970 1.0
1970 1842 1.0
1842 1970 1.0
1970 1938 1.0
1938 1970 1.0
1970 1954 1.0
1954 1970 1.0
1970 1969 1.0
1969 1970 1.0
1971 947 1.0
947 1971 1.0
1971 1459 1.0
1459 1971 1.0
1971 1715 1.0
1715 1971 1.0
1971 1843 1.0
1843 1971 1.0
1971 1939 1.0
1939 1971 1.0
1971 1955 1.0
1955 1971 1.0
1971 1969 1.0
1969 1971 1.0
1972 948 1.0
948 1972 1.0
1972 1460 2.0
1460 1972 2.0
1972 1716 2.0
1716 1972 2.0
1972 1844 1.0
1844 1972 1.0
1972 1940 1.0
1940 1972 1.0
1972 1956 1.0
1956 1972 1.0
1972 1970 1.0
1970 1972 1.0
1972 1971 1.0
1971 1972 1.0
1973 949 2.0
949 1973 2.0
1973 1461 2.0
1461 1973 2.0
1973 1717 3.0
1717 1973 3.0
1973 1845 2.0
1845 1973 2.0
1973 1941 2.0
1941 1973 2.0
1973 1957 2.0
1957 1973 2.0
1973 1969 2.0
1969 1973 2.0
1974 950 1.0
950 1974 1.0
1974 1462 1.0
1462 1974 1.0
1974 1718 1.0
1718 1974 1.0
1974 1846 1.0
1846 1974 1.0
1974 1942 1.0
1942 1974 1.0
1974 1958 1.0
1958 1974 1.0
1974 1970 1.0
1970 1974 1.0
1974 1973 2.0
1973 1974 2.0
1975 951 1.0
951 1975 1.0
1975 1463 1.0
1463 1975 1.0
1975 1719 1.0
1719 1975 1.0
1975 1847 1.0
1847 1975 1.0
1975 1943 1.0
1943 1975 1.0
1975 1959 1.0
1959 1975 1.0
1975 1971 1.0
1971 1975 1.0
1975 1973 2.0
1973 1975 2.0
1976 952 1.0
952 1976 1.0
1976 1464 1.0
1464 1976 1.0
1976 1720 1.0
1720 1976 1.0
1976 1848 1.0
1848 1976 1.0
1976 1944 1.0
1944 1976 1.0
1976 1960 2.0
1960 1976 2.0
1976 1972 1.0
1972 1976 1.0
1976 1974 1.0
1974 1976 1.0
1976 1975 1.0
1975 1976 1.0
1977 953 1.0
953 1977 1.0
1977 1465 1.0
1465 1977 1.0
1977 1721 1.0
1721 1977 1.0
1977 1849 1.0
1849 1977 1.0
1977 1945 1.0
1945 1977 1.0
1977 1961 2.0
1961 1977 2.0
1977 1969 1.0
1969 1977 1.0
1978 954 1.0
954 1978 1.0
1978 1466 1.0
1466 1978 1.0
1978 1722 1.0
1722 1978 1.0
1978 1850 1.0
1850 1978 1.0
1978 1946 2.0
1946 1978 2.0
1978 1962 1.0
1962 1978 1.0
1978 1970 1.0
1970 1978 1.0
1978 1977 1.0
1977 1978 1.0
1979 955 2.0
955 1979 2.0
1979 1467 1.0
1467 1979 1.0
1979 1723 1.0
1723 1979 1.0
1979 1851 1.0
1851 1979 1.0
1979 1947 1.0
1947 1979 1.0
1979 1963 1.0
1963 1979 1.0
1979 1971 1.0
1971 1979 1.0
1979 1977 1.0
1977 1979 1.0
1980 956 1.0
956 1980 1.0
1980 1468 1.0
1468 1980 1.0
1980 1724 1.0
1724 1980 1.0
1980 1852 1.0
1852 1980 1.0
1980 1948 1.0
1948 1980 1.0
1980 1964 1.0
1964 1980 1.0
1980 1972 1.0
1972 1980 1.0
1980 1978 1.0
1978 1980 1.0
1980 1979 1.0
1979 1980 1.0
1981 957 1.0
957 1981 1.0
1981 1469 1.0
1469 1981 1.0
1981 1725 1.0
1725 1981 1.0
1981 1853 1.0
1853 1981 1.0
1981 1949 1.0
1949 1981 1.0
1981 1965 1.0
1965 1981 1.0
1981 1973 2.0
1973 1981 2.0
1981 1977 1.0
1977 1981 1.0
1982 958 1.0
958 1982 1.0
1982 1470 1.0
1470 1982 1.0
1982 1726 1.0
1726 1982 1.0
1982 1854 1.0
1854 1982 1.0
1982 1950 1.0
1950 1982 1.0
1982 1966 1.0
1966 1982 1.0
1982 1974 1.0
1974 1982 1.0
1982 1978 1.0
1978 1982 1.0
1982 1981 1.0
1981 1982 1.0
1983 959 1.0
959 1983 1.0
1983 1471 1.0
1471 1983 1.0
1983 1727 1.0
1727 1983 1.0
1983 1855 2.0
1855 1983 2.0
1983 1951 1.0
1951 1983 1.0
1983 1967 1.0
1967 1983 1.0
1983 1975 1.0
1975 1983 1.0
1983 1979 1.0
1979 1983 1.0
1983 1981 1.0
1981 1983 1.0
1984 960 2.0
960 1984 2.0
1984 1472 2.0
1472 1984 2.0
1984 1728 2.0
1728 1984 2.0
1984 1856 2.0
1856 1984 2.0
1984 1952 2.0
1952 1984 2.0
1984 1968 2.0
1968 1984 2.0
1984 1976 2.0
1976 1984 2.0
1984 1980 2.0
1980 1984 2.0
1984 1982 2.0
1982 1984 2.0
1984 1983 2.0
1983 1984 2.0
1985 961 2.0
961 1985 2.0
1985 1473 2.0
1473 1985 2.0
1985 1729 2.0
1729 1985 2.0
1985 1857 3.0
1857 1985 3.0
1985 1921 2.0
1921 1985 2.0
1986 962 1.0
962 1986 1.0
1986 1474 1.0
1474 1986 1.0
1986 1730 1.0
1730 1986 1.0
1986 1858 1.0
1858 1986 1.0
1986 1922 1.0
1922 1986 1.0
1986 1985 2.0
1985 1986 2.0
1987 963 1.0
963 1987 1.0
1987 1475 1.0
1475 1987 1.0
1987 1731 1.0
1731 1987 1.0
1987 1859 2.0
1859 1987 2.0
1987 1923 1.0
1923 1987 1.0
1987 1985 2.0
1985 1987 2.0
1988 964 2.0
964 1988 2.0
1988 1476 2.0
1476 1988 2.0
1988 1732 3.0
1732 1988 3.0
1988 1860 2.0
1860 1988 2.0
1988 1924 2.0
1924 1988 2.0
1988 1986 2.0
1986 1988 2.0
1988 1987 2.0
1987 1988 2.0
1989 965 1.0
965 1989 1.0
1989 1477 1.0
1477 1989 1.0
1989 1733 1.0
1733 1989 1.0
1989 1861 1.0
1861 1989 1.0
1989 1925 1.0
1925 1989 1.0
1989 1985 2.0
1985 1989 2.0
1990 966 1.0
966 1990 1.0
1990 1478 1.0
1478 1990 1.0
1990 1734 2.0
1734 1990 2.0
1990 1862 1.0
1862 1990 1.0
1990 1926 1.0
1926 1990 1.0
1990 1986 1.0
1986 1990 1.0
1990 1989 1.0
1989 1990 1.0
1991 967 1.0
967 1991 1.0
1991 1479 1.0
1479 1991 1.0
1991 1735 1.0
1735 1991 1.0
1991 1863 1.0
1863 1991 1.0
1991 1927 1.0
1927 1991 1.0
1991 1987 1.0
1987 1991 1.0
1991 1989 1.0
1989 1991 1.0
1992 968 1.0
968 1992 1.0
1992 1480 1.0
1480 1992 1.0
1992 1736 1.0
1736 1992 1.0
1992 1864 2.0
1864 1992 2.0
1992 1928 1.0
1928 1992 1.0
1992 1988 2.0
1988 1992 2.0
1992 1990 1.0
1990 1992 1.0
1992 1991 1.0
1991 1992 1.0
1993 969 1.0
969 1993 1.0
1993 1481 1.0
1481 1993 1.0
1993 1737 1.0
1737 1993 1.0
1993 1865 1.0
1865 1993 1.0
1993 1929 1.0
1929 1993 1.0
1993 1985 2.0
1985 1993 2.0
1994 970 2.0
970 1994 2.0
1994 1482 1.0
1482 1994 1.0
1994 1738 1.0
1738 1994 1.0
1994 1866 1.0
1866 1994 1.0
1994 1930 1.0
1930 1994 1.0
1994 1986 1.0
1986 1994 1.0
1994 1993 1.0
1993 1994 1.0
1995 971 1.0
971 1995 1.0
1995 1483 1.0
1483 1995 1.0
1995 1739 1.0
1739 1995 1.0
1995 1867 1.0
1867 1995 1.0
1995 1931 1.0
1931 1995 1.0
1995 1987 1.0
1987 1995 1.0
1995 1993 1.0
1993 1995 1.0
1996 972 1.0
972 1996 1.0
1996 1484 1.0
1484 1996 1.0
1996 1740 1.0
1740 1996 1.0
1996 1868 2.0
1868 1996 2.0
1996 1932 1.0
1932 1996 1.0
1996 1988 2.0
1988 1996 2.0
1996 1994 1.0
1994 1996 1.0
1996 1995 1.0
1995 1996 1.0
1997 973 1.0
973 1997 1.0
1997 1485 1.0
1485 1997 1.0
1997 1741 1.0
1741 1997 1.0
1997 1869 1.0
1869 1997 1.0
1997 1933 1.0
1933 1997 1.0
1997 1989 1.0
1989 1997 1.0
1997 1993 1.0
1993 1997 1.0
1998 974 1.0
974 1998 1.0
1998 1486 1.0
1486 1998 1.0
1998 1742 1.0
1742 1998 1.0
1998 1870 1.0
1870 1998 1.0
1998 1934 2.0
1934 1998 2.0
1998 1990 1.0
1990 1998 1.0
1998 1994 1.0
1994 1998 1.0
1998 1997 1.0
1997 1998 1.0
1999 975 1.0
975 1999 1.0
1999 1487 1.0
1487 1999 1.0
1999 1743 1.0
1743 1999 1.0
1999 1871 1.0
1871 1999 1.0
1999 1935 1.0
1935 1999 1.0
1999 1991 1.0
1991 1999 1.0
1999 1995 1.0
1995 1999 1.0
1999 1997 1.0
1997 1999 1.0
2000 976 1.0
976 2000 1.0
2000 1488 2.0
1488 2000 2.0
2000 1744 1.0
1744 2000 1.0
2000 1872 1.0
1872 2000 1.0
2000 1936 1.0
1936 2000 1.0
2000 1992 1.0
1992 2000 1.0
2000 1996 1.0
1996 2000 1.0
2000 1998 1.0
1998 2000 1.0
2000 1999 1.0
1999 2000 1.0
2001 977 1.0
977 2001 1.0
2001 1489 1.0
1489 2001 1.0
2001 1745 2.0
1745 2001 2.0
2001 1873 1.0
1873 2001 1.0
2001 1937 1.0
1937 2001 1.0
2001 1985 2.0
1985 2001 2.0
2002 978 1.0
978 2002 1.0
2002 1490 1.0
1490 2002 1.0
2002 1746 1.0
1746 2002 1.0
2002 1874 1.0
1874 2002 1.0
2002 1938 1.0
1938 2002 1.0
2002 1986 1.0
1986 2002 1.0
2002 2001 1.0
2001 2002 1.0
2003 979 1.0
979 2003 1.0
2003 1491 1.0
1491 2003 1.0
2003 1747 1.0
1747 2003 1.0
2003 1875 1.0
1875 2003 1.0
2003 1939 1.0
1939 2003 1.0
2003 1987 1.0
1987 2003 1.0
2003 2001 1.0
2001 2003 1.0
2004 980 1.0
980 2004 1.0
2004 1492 1.0
1492 2004 1.0
2004 1748 1.0
1748 2004 1.0
2004 1876 1.0
1876 2004 1.0
2004 1940 1.0
1940 2004 1.0
2004 1988 2.0
1988 2004 2.0
2004 2002 1.0
2002 2004 1.0
2004 2003 1.0
2003 2004 1.0
2005 981 2.0
981 2005 2.0
2005 1493 2.0
1493 2005 2.0
2005 1749 1.0
1749 2005 1.0
2005 1877 1.0
1877 2005 1.0
2005 1941 1.0
1941 2005 1.0
2005 1989 1.0
1989 2005 1.0
2005 2001 1.0
2001 2005 1.0
2006 982 1.0
982 2006 1.0
2006 1494 2.0
1494 2006 2.0
2006 1750 1.0
1750 2006 1.0
2006 1878 1.0
1878 2006 1.0
2006 1942 1.0
1942 2006 1.0
2006 1990 1.0
1990 2006 1.0
2006 2002 1.0
2002 2006 1.0
2006 2005 1.0
2005 2006 1.0
2007 983 1.0
983 2007 1.0
2007 1495 1.0
1495 2007 1.0
2007 1751 1.0
1751 2007 1.0
2007 1879 1.0
1879 2007 1.0
2007 1943 1.0
1943 2007 1.0
2007 1991 1.0
1991 2007 1.0
2007 2003 1.0
2003 2007 1.0
2007 2005 1.0
2005 2007 1.0
2008 984 2.0
984 2008 2.0
2008 1496 2.0
1496 2008 2.0
2008 1752 2.0
1752 2008 2.0
2008 1880 1.0
1880 2008 1.0
2008 1944 1.0
1944 2008 1.0
2008 1992 1.0
1992 2008 1.0
2008 2004 1.0
2004 2008 1.0
2008 2006 1.0
2006 2008 1.0
2008 2007 1.0
2007 2008 1.0
2009 985 1.0
985 2009 1.0
2009 1497 1.0
1497 2009 1.0
2009 1753 2.0
1753 2009 2.0
2009 1881 1.0
1881 2009 1.0
2009 1945 1.0
1945 2009 1.0
2009 1993 1.0
1993 2009 1.0
2009 2001 1.0
2001 2009 1.0
2010 986 1.0
986 2010 1.0
2010 1498 1.0
1498 2010 1.0
2010 1754 1.0
1754 2010 1.0
2010 1882 1.0
1882 2010 1.0
2010 1946 2.0
1946 2010 2.0
2010 1994 1.0
1994 2010 1.0
2010 2002 1.0
2002 2010 1.0
2010 2009 1.0
2009 2010 1.0
2011 987 1.0
987 2011 1.0
2011 1499 1.0
1499 2011 1.0
2011 1755 2.0
1755 2011 2.0
2011 1883 1.0
1883 2011 1.0
2011 1947 1.0
1947 2011 1.0
2011 1995 1.0
1995 2011 1.0
2011 2003 1.0
2003 2011 1.0
2011 2009 1.0
2009 2011 1.0
2012 988 2.0
988 2012 2.0
2012 1500 2.0
1500 2012 2.0
2012 1756 2.0
1756 2012 2.0
2012 1884 2.0
1884 2012 2.0
2012 1948 2.0
1948 2012 2.0
2012 1996 2.0
1996 2012 2.0
2012 2004 2.0
2004 2012 2.0
2012 2010 2.0
2010 2012 2.0
2012 2011 2.0
2011 2012 2.0
2013 989 1.0
989 2013 1.0
2013 1501 1.0
1501 2013 1.0
2013 1757 1.0
1757 2013 1.0
2013 1885 1.0
1885 2013 1.0
2013 1949 1.0
1949 2013 1.0
2013 1997 1.0
1997 2013 1.0
2013 2005 1.0
2005 2013 1.0
2013 2009 1.0
2009 2013 1.0
2014 990 1.0
990 2014 1.0
2014 1502 1.0
1502 2014 1.0
2014 1758 1.0
1758 2014 1.0
2014 1886 2.0
1886 2014 2.0
2014 1950 1.0
1950 2014 1.0
2014 1998 1.0
1998 2014 1.0
2014 2006 1.0
2006 2014 1.0
2014 2010 1.0
2010 2014 1.0
2014 2013 1.0
2013 2014 1.0
2015 991 2.0
991 2015 2.0
2015 1503 2.0
1503 2015 2.0
2015 1759 2.0
1759 2015 2.0
2015 1887 2.0
1887 2015 2.0
2015 1951 2.0
1951 2015 2.0
2015 1999 2.0
1999 2015 2.0
2015 2007 2.0
2007 2015 2.0
2015 2011 2.0
2011 2015 2.0
2015 2013 2.0
2013 2015 2.0
2016 992 1.0
992 2016 1.0
2016 1504 2.0
1504 2016 2.0
2016 1760 1.0
1760 2016 1.0
2016 1888 1.0
1888 2016 1.0
2016 1952 1.0
1952 2016 1.0
2016 2000 1.0
2000 2016 1.0
2016 2008 1.0
2008 2016 1.0
2016 2012 2.0
2012 2016 2.0
2016 2014 1.0
2014 2016 1.0
2016 2015 2.0
2015 2016 2.0
2017 993 1.0
993 2017 1.0
2017 1505 1.0
1505 2017 1.0
2017 1761 1.0
1761 2017 1.0
2017 1889 1.0
1889 2017 1.0
2017 1953 1.0
1953 2017 1.0
2017 1985 2.0
1985 2017 2.0
2018 994 1.0
994 2018 1.0
2018 1506 1.0
1506 2018 1.0
2018 1762 1.0
1762 2018 1.0
2018 1890 1.0
1890 2018 1.0
2018 1954 1.0
1954 2018 1.0
2018 1986 1.0
1986 2018 1.0
2018 2017 1.0
2017 2018 1.0
2019 995 1.0
995 2019 1.0
2019 1507 2.0
1507 2019 2.0
2019 1763 1.0
1763 2019 1.0
2019 1891 1.0
1891 2019 1.0
2019 1955 1.0
1955 2019 1.0
2019 1987 1.0
1987 2019 1.0
2019 2017 1.0
2017 2019 1.0
2020 996 1.0
996 2020 1.0
2020 1508 1.0
1508 2020 1.0
2020 1764 1.0
1764 2020 1.0
2020 1892 1.0
1892 2020 1.0
2020 1956 1.0
1956 2020 1.0
2020 1988 2.0
1988 2020 2.0
2020 2018 1.0
2018 2020 1.0
2020 2019 1.0
2019 2020 1.0
2021 997 1.0
997 2021 1.0
2021 1509 1.0
1509 2021 1.0
2021 1765 1.0
1765 2021 1.0
2021 1893 1.0
1893 2021 1.0
2021 1957 1.0
1957 2021 1.0
2021 1989 1.0
1989 2021 1.0
2021 2017 1.0
2017 2021 1.0
2022 998 2.0
998 2022 2.0
2022 1510 2.0
1510 2022 2.0
2022 1766 2.0
1766 2022 2.0
2022 1894 2.0
1894 2022 2.0
2022 1958 2.0
1958 2022 2.0
2022 1990 2.0
1990 2022 2.0
2022 2018 2.0
2018 2022 2.0
2022 2021 2.0
2021 2022 2.0
2023 999 2.0
999 2023 2.0
2023 1511 1.0
1511 2023 1.0
2023 1767 1.0
1767 2023 1.0
2023 1895 1.0
1895 2023 1.0
2023 1959 1.0
1959 2023 1.0
2023 1991 1.0
1991 2023 1.0
2023 2019 1.0
2019 2023 1.0
2023 2021 1.0
2021 2023 1.0
2024 1000 1.0
1000 2024 1.0
2024 1512 1.0
1512 2024 1.0
2024 1768 1.0
1768 2024 1.0
2024 1896 1.0
1896 2024 1.0
2024 1960 2.0
1960 2024 2.0
2024 1992 1.0
1992 2024 1.0
2024 2020 1.0
2020 2024 1.0
2024 2022 2.0
2022 2024 2.0
2024 2023 1.0
2023 2024 1.0
2025 1001 1.0
1001 2025 1.0
2025 1513 2.0
1513 2025 2.0
2025 1769 1.0
1769 2025 1.0
2025 1897 1.0
1897 2025 1.0
2025 1961 2.0
1961 2025 2.0
2025 1993 1.0
1993 2025 1.0
2025 2017 1.0
2017 2025 1.0
2026 1002 1.0
1002 2026 1.0
2026 1514 1.0
1514 2026 1.0
2026 1770 2.0
1770 2026 2.0
2026 1898 2.0
1898 2026 2.0
2026 1962 1.0
1962 2026 1.0
2026 1994 1.0
1994 2026 1.0
2026 2018 1.0
2018 2026 1.0
2026 2025 1.0
2025 2026 1.0
2027 1003 2.0
1003 2027 2.0
2027 1515 2.0
1515 2027 2.0
2027 1771 1.0
1771 2027 1.0
2027 1899 1.0
1899 2027 1.0
2027 1963 1.0
1963 2027 1.0
2027 1995 1.0
1995 2027 1.0
2027 2019 1.0
2019 2027 1.0
2027 2025 1.0
2025 2027 1.0
2028 1004 1.0
1004 2028 1.0
2028 1516 1.0
1516 2028 1.0
2028 1772 1.0
1772 2028 1.0
2028 1900 1.0
1900 2028 1.0
2028 1964 1.0
1964 2028 1.0
2028 1996 1.0
1996 2028 1.0
2028 2020 1.0
2020 2028 1.0
2028 2026 1.0
2026 2028 1.0
2028 2027 1.0
2027 2028 1.0
2029 1005 2.0
1005 2029 2.0
2029 1517 2.0
1517 2029 2.0
2029 1773 2.0
1773 2029 2.0
2029 1901 2.0
1901 2029 2.0
2029 1965 2.0
1965 2029 2.0
2029 1997 2.0
1997 2029 2.0
2029 2021 2.0
2021 2029 2.0
2029 2025 2.0
2025 2029 2.0
2030 1006 1.0
1006 2030 1.0
2030 1518 1.0
1518 2030 1.0
2030 1774 1.0
1774 2030 1.0
2030 1902 1.0
1902 2030 1.0
2030 1966 1.0
1966 2030 1.0
2030 1998 1.0
1998 2030 1.0
2030 2022 2.0
2022 2030 2.0
2030 2026 1.0
2026 2030 1.0
2030 2029 2.0
2029 2030 2.0
2031 1007 1.0
1007 2031 1.0
2031 1519 1.0
1519 2031 1.0
2031 1775 2.0
1775 2031 2.0
2031 1903 1.0
1903 2031 1.0
2031 1967 1.0
1967 2031 1.0
2031 1999 1.0
1999 2031 1.0
2031 2023 1.0
2023 2031 1.0
2031 2027 1.0
2027 2031 1.0
2031 2029 2.0
2029 2031 2.0
2032 1008 2.0
1008 2032 2.0
2032 1520 1.0
1520 2032 1.0
2032 1776 1.0
1776 2032 1.0
2032 1904 1.0
1904 2032 1.0
2032 1968 1.0
1968 2032 1.0
2032 2000 1.0
2000 2032 1.0
2032 2024 1.0
2024 2032 1.0
2032 2028 1.0
2028 2032 1.0
2032 2030 1.0
2030 2032 1.0
2032 2031 1.0
2031 2032 1.0
2033 1009 1.0
1009 2033 1.0
2033 1521 1.0
1521 2033 1.0
2033 1777 1.0
1777 2033 1.0
2033 1905 1.0
1905 2033 1.0
2033 1969 1.0
1969 2033 1.0
2033 2001 1.0
2001 2033 1.0
2033 2017 1.0
2017 2033 1.0
2034 1010 2.0
1010 2034 2.0
2034 1522 2.0
1522 2034 2.0
2034 1778 2.0
1778 2034 2.0
2034 1906 2.0
1906 2034 2.0
2034 1970 2.0
1970 2034 2.0
2034 2002 2.0
2002 2034 2.0
2034 2018 2.0
2018 2034 2.0
2034 2033 2.0
2033 2034 2.0
2035 1011 2.0
1011 2035 2.0
2035 1523 2.0
1523 2035 2.0
2035 1779 3.0
1779 2035 3.0
2035 1907 2.0
1907 2035 2.0
2035 1971 2.0
1971 2035 2.0
2035 2003 2.0
2003 2035 2.0
2035 2019 2.0
2019 2035 2.0
2035 2033 2.0
2033 2035 2.0
2036 1012 1.0
1012 2036 1.0
2036 1524 1.0
1524 2036 1.0
2036 1780 1.0
1780 2036 1.0
2036 1908 1.0
1908 2036 1.0
2036 1972 1.0
1972 2036 1.0
2036 2004 1.0
2004 2036 1.0
2036 2020 1.0
2020 2036 1.0
2036 2034 2.0
2034 2036 2.0
2036 2035 2.0
2035 2036 2.0
2037 1013 1.0
1013 2037 1.0
2037 1525 1.0
1525 2037 1.0
2037 1781 1.0
1781 2037 1.0
2037 1909 1.0
1909 2037 1.0
2037 1973 2.0
1973 2037 2.0
2037 2005 1.0
2005 2037 1.0
2037 2021 1.0
2021 2037 1.0
2037 2033 1.0
2033 2037 1.0
2038 1014 1.0
1014 2038 1.0
2038 1526 1.0
1526 2038 1.0
2038 1782 1.0
1782 2038 1.0
2038 1910 1.0
1910 2038 1.0
2038 1974 1.0
1974 2038 1.0
2038 2006 1.0
2006 2038 1.0
2038 2022 2.0
2022 2038 2.0
2038 2034 2.0
2034 2038 2.0
2038 2037 1.0
2037 2038 1.0
2039 1015 1.0
1015 2039 1.0
2039 1527 1.0
1527 2039 1.0
2039 1783 1.0
1783 2039 1.0
2039 1911 2.0
1911 2039 2.0
2039 1975 1.0
1975 2039 1.0
2039 2007 1.0
2007 2039 1.0
2039 2023 1.0
2023 2039 1.0
2039 2035 2.0
2035 2039 2.0
2039 2037 1.0
2037 2039 1.0
2040 1016 1.0
1016 2040 1.0
2040 1528 1.0
1528 2040 1.0
2040 1784 1.0
1784 2040 1.0
2040 1912 1.0
1912 2040 1.0
2040 1976 1.0
1976 2040 1.0
2040 2008 1.0
2008 2040 1.0
2040 2024 1.0
2024 2040 1.0
2040 2036 1.0
2036 2040 1.0
2040 2038 1.0
2038 2040 1.0
2040 2039 1.0
2039 2040 1.0
2041 1017 1.0
1017 2041 1.0
2041 1529 2.0
1529 2041 2.0
2041 1785 1.0
1785 2041 1.0
2041 1913 1.0
1913 2041 1.0
2041 1977 1.0
1977 2041 1.0
2041 2009 1.0
2009 2041 1.0
2041 2025 1.0
2025 2041 1.0
2041 2033 1.0
2033 2041 1.0
2042 1018 1.0
1018 2042 1.0
2042 1530 1.0
1530 2042 1.0
2042 1786 1.0
1786 2042 1.0
2042 1914 1.0
1914 2042 1.0
2042 1978 1.0
1978 2042 1.0
2042 2010 1.0
2010 2042 1.0
2042 2026 1.0
2026 2042 1.0
2042 2034 2.0
2034 2042 2.0
2042 2041 1.0
2041 2042 1.0
2043 1019 1.0
1019 2043 1.0
2043 1531 1.0
1531 2043 1.0
2043 1787 1.0
1787 2043 1.0
2043 1915 1.0
1915 2043 1.0
2043 1979 1.0
1979 2043 1.0
2043 2011 1.0
2011 2043 1.0
2043 2027 1.0
2027 2043 1.0
2043 2035 2.0
2035 2043 2.0
2043 2041 1.0
2041 2043 1.0
2044 1020 1.0
1020 2044 1.0
2044 1532 1.0
1532 2044 1.0
2044 1788 1.0
1788 2044 1.0
2044 1916 1.0
1916 2044 1.0
2044 1980 1.0
1980 2044 1.0
2044 2012 2.0
2012 2044 2.0
2044 2028 1.0
2028 2044 1.0
2044 2036 1.0
2036 2044 1.0
2044 2042 1.0
2042 2044 1.0
2044 2043 1.0
2043 2044 1.0
2045 1021 1.0
1021 2045 1.0
2045 1533 1.0
1533 2045 1.0
2045 1789 1.0
1789 2045 1.0
2045 1917 1.0
1917 2045 1.0
2045 1981 1.0
1981 2045 1.0
2045 2013 1.0
2013 2045 1.0
2045 2029 2.0
2029 2045 2.0
2045 2037 1.0
2037 2045 1.0
2045 2041 1.0
2041 2045 1.0
2046 1022 1.0
1022 2046 1.0
2046 1534 1.0
1534 2046 1.0
2046 1790 2.0
1790 2046 2.0
2046 1918 1.0
1918 2046 1.0
2046 1982 1.0
1982 2046 1.0
2046 2014 1.0
2014 2046 1.0
2046 2030 1.0
2030 2046 1.0
2046 2038 1.0
2038 2046 1.0
2046 2042 1.0
2042 2046 1.0
2046 2045 1.0
2045 2046 1.0
2047 1023 1.0
1023 2047 1.0
2047 1535 1.0
1535 2047 1.0
2047 1791 1.0
1791 2047 1.0
2047 1919 1.0
1919 2047 1.0
2047 1983 1.0
1983 2047 1.0
2047 2015 2.0
2015 2047 2.0
2047 2031 1.0
2031 2047 1.0
2047 2039 1.0
2039 2047 1.0
2047 2043 1.0
2043 2047 1.0
2047 2045 1.0
2045 2047 1.0
2048 1024 1.0
1024 2048 1.0
2048 1536 1.0
1536 2048 1.0
2048 1792 1.0
1792 2048 1.0
2048 1920 1.0
1920 2048 1.0
2048 1984 2.0
1984 2048 2.0
2048 2016 1.0
2016 2048 1.0
2048 2032 1.0
2032 2048 1.0
2048 2040 1.0
2040 2048 1.0
2048 2044 1.0
2044 2048 1.0
2048 2046 1.0
2046 2048 1.0
2048 2047 1.0
2047 2048 1.0
2049 1 1.0
1 2049 1.0
2050 2 1.0
2 2050 1.0
2050 2049 1.0
2049 2050 1.0
2051 3 1.0
3 2051 1.0
2051 2049 1.0
2049 2051 1.0
2052 4 1.0
4 2052 1.0
2052 2050 1.0
2050 2052 1.0
2052 2051 1.0
2051 2052 1.0
2053 5 2.0
5 2053 2.0
2053 2049 1.0
2049 2053 1.0
2054 6 1.0
6 2054 1.0
2054 2050 1.0
2050 2054 1.0
2054 2053 1.0
2053 2054 1.0
2055 7 1.0
7 2055 1.0
2055 2051 1.0
2051 2055 1.0
2055 2053 1.0
2053 2055 1.0
2056 8 1.0
8 2056 1.0
2056 2052 1.0
2052 2056 1.0
2056 2054 1.0
2054 2056 1.0
2056 2055 1.0
2055 2056 1.0
2057 9 2.0
9 2057 2.0
2057 2049 2.0
2049 2057 2.0
2058 10 1.0
10 2058 1.0
2058 2050 1.0
2050 2058 1.0
2058 2057 2.0
2057 2058 2.0
2059 11 1.0
11 2059 1.0
2059 2051 1.0
2051 2059 1.0
2059 2057 2.0
2057 2059 2.0
2060 12 1.0
12 2060 1.0
2060 2052 1.0
2052 2060 1.0
2060 2058 1.0
2058 2060 1.0
2060 2059 1.0
2059 2060 1.0
2061 13 1.0
13 2061 1.0
2061 2053 1.0
2053 2061 1.0
2061 2057 2.0
2057 2061 2.0
2062 14 1.0
14 2062 1.0
2062 2054 1.0
2054 2062 1.0
2062 2058 1.0
2058 2062 1.0
2062 2061 1.0
2061 2062 1.0
2063 15 1.0
15 2063 1.0
2063 2055 1.0
2055 2063 1.0
2063 2059 1.0
2059 2063 1.0
2063 2061 1.0
2061 2063 1.0
2064 16 2.0
16 2064 2.0
2064 2056 2.0
2056 2064 2.0
2064 2060 2.0
2060 2064 2.0
2064 2062 2.0
2062 2064 2.0
2064 2063 2.0
2063 2064 2.0
2065 17 1.0
17 2065 1.0
2065 2049 1.0
2049 2065 1.0
2066 18 1.0
18 2066 1.0
2066 2050 1.0
2050 2066 1.0
2066 2065 1.0
2065 2066 1.0
2067 19 1.0
19 2067 1.0
2067 2051 1.0
2051 2067 1.0
2067 2065 1.0
2065 2067 1.0
2068 20 2.0
20 2068 2.0
2068 2052 1.0
2052 2068 1.0
2068 2066 1.0
2066 2068 1.0
2068 2067 1.0
2067 2068 1.0
2069 21 1.0
21 2069 1.0
2069 2053 1.0
2053 2069 1.0
2069 2065 1.0
2065 2069 1.0
2070 22 1.0
22 2070 1.0
2070 2054 1.0
2054 2070 1.0
2070 2066 1.0
2066 2070 1.0
2070 2069 1.0
2069 2070 1.0
2071 23 2.0
23 2071 2.0
2071 2055 2.0
2055 2071 2.0
2071 2067 2.0
2067 2071 2.0
2071 2069 2.0
2069 2071 2.0
2072 24 1.0
24 2072 1.0
2072 2056 1.0
2056 2072 1.0
2072 2068 1.0
2068 2072 1.0
2072 2070 1.0
2070 2072 1.0
2072 2071 2.0
2071 2072 2.0
2073 25 2.0
25 2073 2.0
2073 2057 2.0
2057 2073 2.0
2073 2065 1.0
2065 2073 1.0
2074 26 1.0
26 2074 1.0
2074 2058 1.0
2058 2074 1.0
2074 2066 1.0
2066 2074 1.0
2074 2073 1.0
2073 2074 1.0
2075 27 1.0
27 2075 1.0
2075 2059 1.0
2059 2075 1.0
2075 2067 1.0
2067 2075 1.0
2075 2073 1.0
2073 2075 1.0
2076 28 1.0
28 2076 1.0
2076 2060 1.0
2060 2076 1.0
2076 2068 1.0
2068 2076 1.0
2076 2074 1.0
2074 2076 1.0
2076 2075 1.0
2075 2076 1.0
2077 29 1.0
29 2077 1.0
2077 2061 1.0
2061 2077 1.0
2077 2069 1.0
2069 2077 1.0
2077 2073 1.0
2073 2077 1.0
2078 30 1.0
30 2078 1.0
2078 2062 1.0
2062 2078 1.0
2078 2070 1.0
2070 2078 1.0
2078 2074 1.0
2074 2078 1.0
2078 2077 1.0
2077 2078 1.0
2079 31 1.0
31 2079 1.0
2079 2063 1.0
2063 2079 1.0
2079 2071 2.0
2071 2079 2.0
2079 2075 1.0
2075 2079 1.0
2079 2077 1.0
2077 2079 1.0
2080 32 1.0
32 2080 1.0
2080 2064 2.0
2064 2080 2.0
2080 2072 1.0
2072 2080 1.0
2080 2076 1.0
2076 2080 1.0
2080 2078 1.0
2078 2080 1.0
2080 2079 1.0
2079 2080 1.0
2081 33 1.0
33 2081 1.0
2081 2049 1.0
2049 2081 1.0
2082 34 2.0
34 2082 2.0
2082 2050 1.0
2050 2082 1.0
2082 2081 1.0
2081 2082 1.0
2083 35 1.0
35 2083 1.0
2083 2051 1.0
2051 2083 1.0
2083 2081 1.0
2081 2083 1.0
2084 36 1.0
36 2084 1.0
2084 2052 1.0
2052 2084 1.0
2084 2082 1.0
2082 2084 1.0
2084 2083 1.0
2083 2084 1.0
2085 37 1.0
37 2085 1.0
2085 2053 1.0
2053 2085 1.0
2085 2081 1.0
2081 2085 1.0
2086 38 2.0
38 2086 2.0
2086 2054 2.0
2054 2086 2.0
2086 2082 2.0
2082 2086 2.0
2086 2085 2.0
2085 2086 2.0
2087 39 1.0
39 2087 1.0
2087 2055 1.0
2055 2087 1.0
2087 2083 1.0
2083 2087 1.0
2087 2085 1.0
2085 2087 1.0
2088 40 1.0
40 2088 1.0
2088 2056 1.0
2056 2088 1.0
2088 2084 1.0
2084 2088 1.0
2088 2086 2.0
2086 2088 2.0
2088 2087 1.0
2087 2088 1.0
2089 41 1.0
41 2089 1.0
2089 2057 2.0
2057 2089 2.0
2089 2081 1.0
2081 2089 1.0
2090 42 1.0
42 2090 1.0
2090 2058 1.0
2058 2090 1.0
2090 2082 1.0
2082 2090 1.0
2090 2089 1.0
2089 2090 1.0
2091 43 2.0
43 2091 2.0
2091 2059 1.0
2059 2091 1.0
2091 2083 1.0
2083 2091 1.0
2091 2089 1.0
2089 2091 1.0
2092 44 2.0
44 2092 2.0
2092 2060 1.0
2060 2092 1.0
2092 2084 1.0
2084 2092 1.0
2092 2090 1.0
2090 2092 1.0
2092 2091 1.0
2091 2092 1.0
2093 45 1.0
45 2093 1.0
2093 2061 1.0
2061 2093 1.0
2093 2085 1.0
2085 2093 1.0
2093 2089 1.0
2089 2093 1.0
2094 46 1.0
46 2094 1.0
2094 2062 1.0
2062 2094 1.0
2094 2086 2.0
2086 2094 2.0
2094 2090 1.0
2090 2094 1.0
2094 2093 1.0
2093 2094 1.0
2095 47 1.0
47 2095 1.0
2095 2063 1.0
2063 2095 1.0
2095 2087 1.0
2087 2095 1.0
2095 2091 1.0
2091 2095 1.0
2095 2093 1.0
2093 2095 1.0
2096 48 1.0
48 2096 1.0
2096 2064 2.0
2064 2096 2.0
2096 2088 1.0
2088 2096 1.0
2096 2092 1.0
2092 2096 1.0
2096 2094 1.0
2094 2096 1.0
2096 2095 1.0
2095 2096 1.0
2097 49 1.0
49 2097 1.0
2097 2065 1.0
2065 2097 1.0
2097 2081 1.0
2081 2097 1.0
2098 50 1.0
50 2098 1.0
2098 2066 1.0
2066 2098 1.0
2098 2082 1.0
2082 2098 1.0
2098 2097 1.0
2097 2098 1.0
2099 51 1.0
51 2099 1.0
2099 2067 1.0
2067 2099 1.0
2099 2083 1.0
2083 2099 1.0
2099 2097 1.0
2097 2099 1.0
2100 52 1.0
52 2100 1.0
2100 2068 1.0
2068 2100 1.0
2100 2084 1.0
2084 2100 1.0
2100 2098 1.0
2098 2100 1.0
2100 2099 1.0
2099 2100 1.0
2101 53 1.0
53 2101 1.0
2101 2069 1.0
2069 2101 1.0
2101 2085 1.0
2085 2101 1.0
2101 2097 1.0
2097 2101 1.0
2102 54 1.0
54 2102 1.0
2102 2070 1.0
2070 2102 1.0
2102 2086 2.0
2086 2102 2.0
2102 2098 1.0
2098 2102 1.0
2102 2101 1.0
2101 2102 1.0
2103 55 1.0
55 2103 1.0
2103 2071 2.0
2071 2103 2.0
2103 2087 1.0
2087 2103 1.0
2103 2099 1.0
2099 2103 1.0
2103 2101 1.0
2101 2103 1.0
2104 56 1.0
56 2104 1.0
2104 2072 1.0
2072 2104 1.0
2104 2088 1.0
2088 2104 1.0
2104 2100 1.0
2100 2104 1.0
2104 2102 1.0
2102 2104 1.0
2104 2103 1.0
2103 2104 1.0
2105 57 2.0
57 2105 2.0
2105 2073 2.0
2073 2105 2.0
2105 2089 2.0
2089 2105 2.0
2105 2097 2.0
2097 2105 2.0
2106 58 1.0
58 2106 1.0
2106 2074 1.0
2074 2106 1.0
2106 2090 1.0
2090 2106 1.0
2106 2098 1.0
2098 2106 1.0
2106 2105 2.0
2105 2106 2.0
2107 59 1.0
59 2107 1.0
2107 2075 1.0
2075 2107 1.0
2107 2091 1.0
2091 2107 1.0
2107 2099 1.0
2099 2107 1.0
2107 2105 2.0
2105 2107 2.0
2108 60 2.0
60 2108 2.0
2108 2076 1.0
2076 2108 1.0
2108 2092 1.0
2092 2108 1.0
2108 2100 1.0
2100 2108 1.0
2108 2106 1.0
2106 2108 1.0
2108 2107 1.0
2107 2108 1.0
2109 61 1.0
61 2109 1.0
2109 2077 1.0
2077 2109 1.0
2109 2093 1.0
2093 2109 1.0
2109 2101 1.0
2101 2109 1.0
2109 2105 2.0
2105 2109 2.0
2110 62 2.0
62 2110 2.0
2110 2078 1.0
2078 2110 1.0
2110 2094 1.0
2094 2110 1.0
2110 2102 1.0
2102 2110 1.0
2110 2106 1.0
2106 2110 1.0
2110 2109 1.0
2109 2110 1.0
2111 63 1.0
63 2111 1.0
2111 2079 1.0
2079 2111 1.0
2111 2095 1.0
2095 2111 1.0
2111 2103 1.0
2103 2111 1.0
2111 2107 1.0
2107 2111 1.0
2111 2109 1.0
2109 2111 1.0
2112 64 1.0
64 2112 1.0
2112 2080 1.0
2080 2112 1.0
2112 2096 1.0
2096 2112 1.0
2112 2104 1.0
2104 2112 1.0
2112 2108 1.0
2108 2112 1.0
2112 2110 1.0
2110 2112 1.0
2112 2111 1.0
2111 2112 1.0
2113 65 1.0
65 2113 1.0
2113 2049 1.0
2049 2113 1.0
2114 66 2.0
66 2114 2.0
2114 2050 2.0
2050 2114 2.0
2114 2113 2.0
2113 2114 2.0
2115 67 2.0
67 2115 2.0
2115 2051 1.0
2051 2115 1.0
2115 2113 1.0
2113 2115 1.0
2116 68 2.0
68 2116 2.0
2116 2052 2.0
2052 2116 2.0
2116 2114 3.0
2114 2116 3.0
2116 2115 2.0
2115 2116 2.0
2117 69 1.0
69 2117 1.0
2117 2053 1.0
2053 2117 1.0
2117 2113 1.0
2113 2117 1.0
2118 70 1.0
70 2118 1.0
2118 2054 1.0
2054 2118 1.0
2118 2114 2.0
2114 2118 2.0
2118 2117 1.0
2117 2118 1.0
2119 71 1.0
71 2119 1.0
2119 2055 1.0
2055 2119 1.0
2119 2115 1.0
2115 2119 1.0
2119 2117 1.0
2117 2119 1.0
2120 72 1.0
72 2120 1.0
2120 2056 1.0
2056 2120 1.0
2120 2116 2.0
2116 2120 2.0
2120 2118 1.0
2118 2120 1.0
2120 2119 1.0
2119 2120 1.0
2121 73 1.0
73 2121 1.0
2121 2057 2.0
2057 2121 2.0
2121 2113 1.0
2113 2121 1.0
2122 74 1.0
74 2122 1.0
2122 2058 1.0
2058 2122 1.0
2122 2114 2.0
2114 2122 2.0
2122 2121 1.0
2121 2122 1.0
2123 75 1.0
75 2123 1.0
2123 2059 1.0
2059 2123 1.0
2123 2115 1.0
2115 2123 1.0
2123 2121 1.0
2121 2123 1.0
2124 76 1.0
76 2124 1.0
2124 2060 1.0
2060 2124 1.0
2124 2116 2.0
2116 2124 2.0
2124 2122 1.0
2122 2124 1.0
2124 2123 1.0
2123 2124 1.0
2125 77 1.0
77 2125 1.0
2125 2061 1.0
2061 2125 1.0
2125 2117 1.0
2117 2125 1.0
2125 2121 1.0
2121 2125 1.0
2126 78 2.0
78 2126 2.0
2126 2062 1.0
2062 2126 1.0
2126 2118 1.0
2118 2126 1.0
2126 2122 1.0
2122 2126 1.0
2126 2125 1.0
2125 2126 1.0
2127 79 1.0
79 2127 1.0
2127 2063 1.0
2063 2127 1.0
2127 2119 1.0
2119 2127 1.0
2127 2123 1.0
2123 2127 1.0
2127 2125 1.0
2125 2127 1.0
2128 80 1.0
80 2128 1.0
2128 2064 2.0
2064 2128 2.0
2128 2120 1.0
2120 2128 1.0
2128 2124 1.0
2124 2128 1.0
2128 2126 1.0
2126 2128 1.0
2128 2127 1.0
2127 2128 1.0
2129 81 2.0
81 2129 2.0
2129 2065 2.0
2065 2129 2.0
2129 2113 2.0
2113 2129 2.0
2130 82 1.0
82 2130 1.0
2130 2066 1.0
2066 2130 1.0
2130 2114 2.0
2114 2130 2.0
2130 2129 2.0
2129 2130 2.0
2131 83 1.0
83 2131 1.0
2131 2067 1.0
2067 2131 1.0
2131 2115 1.0
2115 2131 1.0
2131 2129 2.0
2129 2131 2.0
2132 84 1.0
84 2132 1.0
2132 2068 1.0
2068 2132 1.0
2132 2116 2.0
2116 2132 2.0
2132 2130 1.0
2130 2132 1.0
2132 2131 1.0
2131 2132 1.0
2133 85 1.0
85 2133 1.0
2133 2069 1.0
2069 2133 1.0
2133 2117 1.0
2117 2133 1.0
2133 2129 2.0
2129 2133 2.0
2134 86 2.0
86 2134 2.0
2134 2070 2.0
2070 2134 2.0
2134 2118 2.0
2118 2134 2.0
2134 2130 2.0
2130 2134 2.0
2134 2133 2.0
2133 2134 2.0
2135 87 1.0
87 2135 1.0
2135 2071 2.0
2071 2135 2.0
2135 2119 1.0
2119 2135 1.0
2135 2131 1.0
2131 2135 1.0
2135 2133 1.0
2133 2135 1.0
2136 88 1.0
88 2136 1.0
2136 2072 1.0
2072 2136 1.0
2136 2120 1.0
2120 2136 1.0
2136 2132 1.0
2132 2136 1.0
2136 2134 2.0
2134 2136 2.0
2136 2135 1.0
2135 2136 1.0
2137 89 1.0
89 2137 1.0
2137 2073 1.0
2073 2137 1.0
2137 2121 1.0
2121 2137 1.0
2137 2129 2.0
2129 2137 2.0
2138 90 1.0
90 2138 1.0
2138 2074 1.0
2074 2138 1.0
2138 2122 1.0
2122 2138 1.0
2138 2130 1.0
2130 2138 1.0
2138 2137 1.0
2137 2138 1.0
2139 91 1.0
91 2139 1.0
2139 2075 1.0
2075 2139 1.0
2139 2123 1.0
2123 2139 1.0
2139 2131 1.0
2131 2139 1.0
2139 2137 1.0
2137 2139 1.0
2140 92 1.0
92 2140 1.0
2140 2076 1.0
2076 2140 1.0
2140 2124 1.0
2124 2140 1.0
2140 2132 1.0
2132 2140 1.0
2140 2138 1.0
2138 2140 1.0
2140 2139 1.0
2139 2140 1.0
2141 93 1.0
93 2141 1.0
2141 2077 1.0
2077 2141 1.0
2141 2125 1.0
2125 2141 1.0
2141 2133 1.0
2133 2141 1.0
2141 2137 1.0
2137 2141 1.0
2142 94 1.0
94 2142 1.0
2142 2078 1.0
2078 2142 1.0
2142 2126 1.0
2126 2142 1.0
2142 2134 2.0
2134 2142 2.0
2142 2138 1.0
2138 2142 1.0
2142 2141 1.0
2141 2142 1.0
2143 95 2.0
95 2143 2.0
2143 2079 1.0
2079 2143 1.0
2143 2127 1.0
2127 2143 1.0
2143 2135 1.0
2135 2143 1.0
2143 2139 1.0
2139 2143 1.0
2143 2141 1.0
2141 2143 1.0
2144 96 2.0
96 2144 2.0
2144 2080 1.0
2080 2144 1.0
2144 2128 1.0
2128 2144 1.0
2144 2136 1.0
2136 2144 1.0
2144 2140 1.0
2140 2144 1.0
2144 2142 1.0
2142 2144 1.0
2144 2143 1.0
2143 2144 1.0
2145 97 1.0
97 2145 1.0
2145 2081 1.0
2081 2145 1.0
2145 2113 1.0
2113 2145 1.0
2146 98 1.0
98 2146 1.0
2146 2082 1.0
2082 2146 1.0
2146 2114 2.0
2114 2146 2.0
2146 2145 1.0
2145 2146 1.0
2147 99 2.0
99 2147 2.0
2147 2083 1.0
2083 2147 1.0
2147 2115 1.0
2115 2147 1.0
2147 2145 1.0
2145 2147 1.0
2148 100 1.0
100 2148 1.0
2148 2084 1.0
2084 2148 1.0
2148 2116 2.0
2116 2148 2.0
2148 2146 1.0
2146 2148 1.0
2148 2147 1.0
2147 2148 1.0
2149 101 1.0
101 2149 1.0
2149 2085 1.0
2085 2149 1.0
2149 2117 1.0
2117 2149 1.0
2149 2145 1.0
2145 2149 1.0
2150 102 2.0
102 2150 2.0
2150 2086 3.0
2086 2150 3.0
2150 2118 2.0
2118 2150 2.0
2150 2146 2.0
2146 2150 2.0
2150 2149 2.0
2149 2150 2.0
2151 103 1.0
103 2151 1.0
2151 2087 1.0
2087 2151 1.0
2151 2119 1.0
2119 2151 1.0
2151 2147 1.0
2147 2151 1.0
2151 2149 1.0
2149 2151 1.0
2152 104 1.0
104 2152 1.0
2152 2088 1.0
2088 2152 1.0
2152 2120 1.0
2120 2152 1.0
2152 2148 1.0
2148 2152 1.0
2152 2150 2.0
2150 2152 2.0
2152 2151 1.0
2151 2152 1.0
2153 105 2.0
105 2153 2.0
2153 2089 1.0
2089 2153 1.0
2153 2121 1.0
2121 2153 1.0
2153 2145 1.0
2145 2153 1.0
2154 106 1.0
106 2154 1.0
2154 2090 1.0
2090 2154 1.0
2154 2122 1.0
2122 2154 1.0
2154 2146 1.0
2146 2154 1.0
2154 2153 1.0
2153 2154 1.0
2155 107 1.0
107 2155 1.0
2155 2091 1.0
2091 2155 1.0
2155 2123 1.0
2123 2155 1.0
2155 2147 1.0
2147 2155 1.0
2155 2153 1.0
2153 2155 1.0
2156 108 2.0
108 2156 2.0
2156 2092 1.0
2092 2156 1.0
2156 2124 1.0
2124 2156 1.0
2156 2148 1.0
2148 2156 1.0
2156 2154 1.0
2154 2156 1.0
2156 2155 1.0
2155 2156 1.0
2157 109 2.0
109 2157 2.0
2157 2093 2.0
2093 2157 2.0
2157 2125 2.0
2125 2157 2.0
2157 2149 2.0
2149 2157 2.0
2157 2153 2.0
2153 2157 2.0
2158 110 1.0
110 2158 1.0
2158 2094 1.0
2094 2158 1.0
2158 2126 1.0
2126 2158 1.0
2158 2150 2.0
2150 2158 2.0
2158 2154 1.0
2154 2158 1.0
2158 2157 2.0
2157 2158 2.0
2159 111 2.0
111 2159 2.0
2159 2095 2.0
2095 2159 2.0
2159 2127 2.0
2127 2159 2.0
2159 2151 2.0
2151 2159 2.0
2159 2155 2.0
2155 2159 2.0
2159 2157 3.0
2157 2159 3.0
2160 112 1.0
112 2160 1.0
2160 2096 1.0
2096 2160 1.0
2160 2128 1.0
2128 2160 1.0
2160 2152 1.0
2152 2160 1.0
2160 2156 1.0
2156 2160 1.0
2160 2158 1.0
2158 2160 1.0
2160 2159 2.0
2159 2160 2.0
2161 113 2.0
113 2161 2.0
2161 2097 1.0
2097 2161 1.0
2161 2129 2.0
2129 2161 2.0
2161 2145 1.0
2145 2161 1.0
2162 114 1.0
114 2162 1.0
2162 2098 1.0
2098 2162 1.0
2162 2130 1.0
2130 2162 1.0
2162 2146 1.0
2146 2162 1.0
2162 2161 1.0
2161 2162 1.0
2163 115 1.0
115 2163 1.0
2163 2099 1.0
2099 2163 1.0
2163 2131 1.0
2131 2163 1.0
2163 2147 1.0
2147 2163 1.0
2163 2161 1.0
2161 2163 1.0
2164 116 1.0
116 2164 1.0
2164 2100 1.0
2100 2164 1.0
2164 2132 1.0
2132 2164 1.0
2164 2148 1.0
2148 2164 1.0
2164 2162 1.0
2162 2164 1.0
2164 2163 1.0
2163 2164 1.0
2165 117 2.0
117 2165 2.0
2165 2101 1.0
2101 2165 1.0
2165 2133 1.0
2133 2165 1.0
2165 2149 1.0
2149 2165 1.0
2165 2161 1.0
2161 2165 1.0
2166 118 1.0
118 2166 1.0
2166 2102 1.0
2102 2166 1.0
2166 2134 2.0
2134 2166 2.0
2166 2150 2.0
2150 2166 2.0
2166 2162 1.0
2162 2166 1.0
2166 2165 1.0
2165 2166 1.0
2167 119 1.0
119 2167 1.0
2167 2103 1.0
2103 2167 1.0
2167 2135 1.0
2135 2167 1.0
2167 2151 1.0
2151 2167 1.0
2167 2163 1.0
2163 2167 1.0
2167 2165 1.0
2165 2167 1.0
2168 120 2.0
120 2168 2.0
2168 2104 2.0
2104 2168 2.0
2168 2136 2.0
2136 2168 2.0
2168 2152 2.0
2152 2168 2.0
2168 2164 2.0
2164 2168 2.0
2168 2166 2.0
2166 2168 2.0
2168 2167 2.0
2167 2168 2.0
2169 121 1.0
121 2169 1.0
2169 2105 2.0
2105 2169 2.0
2169 2137 1.0
2137 2169 1.0
2169 2153 1.0
2153 2169 1.0
2169 2161 1.0
2161 2169 1.0
2170 122 2.0
122 2170 2.0
2170 2106 2.0
2106 2170 2.0
2170 2138 2.0
2138 2170 2.0
2170 2154 2.0
2154 2170 2.0
2170 2162 2.0
2162 2170 2.0
2170 2169 2.0
2169 2170 2.0
2171 123 1.0
123 2171 1.0
2171 2107 1.0
2107 2171 1.0
2171 2139 1.0
2139 2171 1.0
2171 2155 1.0
2155 2171 1.0
2171 2163 1.0
2163 2171 1.0
2171 2169 1.0
2169 2171 1.0
2172 124 1.0
124 2172 1.0
2172 2108 1.0
2108 2172 1.0
2172 2140 1.0
2140 2172 1.0
2172 2156 1.0
2156 2172 1.0
2172 2164 1.0
2164 2172 1.0
2172 2170 2.0
2170 2172 2.0
2172 2171 1.0
2171 2172 1.0
2173 125 1.0
125 2173 1.0
2173 2109 1.0
2109 2173 1.0
2173 2141 1.0
2141 2173 1.0
2173 2157 2.0
2157 2173 2.0
2173 2165 1.0
2165 2173 1.0
2173 2169 1.0
2169 2173 1.0
2174 126 1.0
126 2174 1.0
2174 2110 1.0
2110 2174 1.0
2174 2142 1.0
2142 2174 1.0
2174 2158 1.0
2158 2174 1.0
2174 2166 1.0
2166 2174 1.0
2174 2170 2.0
2170 2174 2.0
2174 2173 1.0
2173 2174 1.0
2175 127 1.0
127 2175 1.0
2175 2111 1.0
2111 2175 1.0
2175 2143 1.0
2143 2175 1.0
2175 2159 2.0
2159 2175 2.0
2175 2167 1.0
2167 2175 1.0
2175 2171 1.0
2171 2175 1.0
2175 2173 1.0
2173 2175 1.0
2176 128 1.0
128 2176 1.0
2176 2112 1.0
2112 2176 1.0
2176 2144 1.0
2144 2176 1.0
2176 2160 1.0
2160 2176 1.0
2176 2168 2.0
2168 2176 2.0
2176 2172 1.0
2172 2176 1.0
2176 2174 1.0
2174 2176 1.0
2176 2175 1.0
2175 2176 1.0
2177 129 1.0
129 2177 1.0
2177 2049 1.0
2049 2177 1.0
2178 130 1.0
130 2178 1.0
2178 2050 1.0
2050 2178 1.0
2178 2177 1.0
2177 2178 1.0
2179 131 1.0
131 2179 1.0
2179 2051 1.0
2051 2179 1.0
2179 2177 1.0
2177 2179 1.0
2180 132 2.0
132 2180 2.0
2180 2052 1.0
2052 2180 1.0
2180 2178 1.0
2178 2180 1.0
2180 2179 1.0
2179 2180 1.0
2181 133 2.0
133 2181 2.0
2181 2053 1.0
2053 2181 1.0
2181 2177 1.0
2177 2181 1.0
2182 134 1.0
134 2182 1.0
2182 2054 1.0
2054 2182 1.0
2182 2178 1.0
2178 2182 1.0
2182 2181 1.0
2181 2182 1.0
2183 135 2.0
135 2183 2.0
2183 2055 2.0
2055 2183 2.0
2183 2179 2.0
2179 2183 2.0
2183 2181 2.0
2181 2183 2.0
2184 136 1.0
136 2184 1.0
2184 2056 1.0
2056 2184 1.0
2184 2180 1.0
2180 2184 1.0
2184 2182 1.0
2182 2184 1.0
2184 2183 2.0
2183 2184 2.0
2185 137 1.0
137 2185 1.0
2185 2057 2.0
2057 2185 2.0
2185 2177 1.0
2177 2185 1.0
2186 138 1.0
138 2186 1.0
2186 2058 1.0
2058 2186 1.0
2186 2178 1.0
2178 2186 1.0
2186 2185 1.0
2185 2186 1.0
2187 139 1.0
139 2187 1.0
2187 2059 1.0
2059 2187 1.0
2187 2179 1.0
2179 2187 1.0
2187 2185 1.0
2185 2187 1.0
2188 140 1.0
140 2188 1.0
2188 2060 1.0
2060 2188 1.0
2188 2180 1.0
2180 2188 1.0
2188 2186 1.0
2186 2188 1.0
2188 2187 1.0
2187 2188 1.0
2189 141 1.0
141 2189 1.0
2189 2061 1.0
2061 2189 1.0
2189 2181 1.0
2181 2189 1.0
2189 2185 1.0
2185 2189 1.0
2190 142 2.0
142 2190 2.0
2190 2062 2.0
2062 2190 2.0
2190 2182 2.0
2182 2190 2.0
2190 2186 2.0
2186 2190 2.0
2190 2189 2.0
2189 2190 2.0
2191 143 1.0
143 2191 1.0
2191 2063 1.0
2063 2191 1.0
2191 2183 2.0
2183 2191 2.0
2191 2187 1.0
2187 2191 1.0
2191 2189 1.0
2189 2191 1.0
2192 144 2.0
144 2192 2.0
2192 2064 2.0
2064 2192 2.0
2192 2184 1.0
2184 2192 1.0
2192 2188 1.0
2188 2192 1.0
2192 2190 2.0
2190 2192 2.0
2192 2191 1.0
2191 2192 1.0
2193 145 1.0
145 2193 1.0
2193 2065 1.0
2065 2193 1.0
2193 2177 1.0
2177 2193 1.0
2194 146 1.0
146 2194 1.0
2194 2066 1.0
2066 2194 1.0
2194 2178 1.0
2178 2194 1.0
2194 2193 1.0
2193 2194 1.0
2195 147 1.0
147 2195 1.0
2195 2067 1.0
2067 2195 1.0
2195 2179 1.0
2179 2195 1.0
2195 2193 1.0
2193 2195 1.0
2196 148 1.0
148 2196 1.0
2196 2068 1.0
2068 2196 1.0
2196 2180 1.0
2180 2196 1.0
2196 2194 1.0
2194 2196 1.0
2196 2195 1.0
2195 2196 1.0
2197 149 2.0
149 2197 2.0
2197 2069 2.0
2069 2197 2.0
2197 2181 2.0
2181 2197 2.0
2197 2193 2.0
2193 2197 2.0
2198 150 1.0
150 2198 1.0
2198 2070 1.0
2070 2198 1.0
2198 2182 1.0
2182 2198 1.0
2198 2194 1.0
2194 2198 1.0
2198 2197 2.0
2197 2198 2.0
2199 151 1.0
151 2199 1.0
2199 2071 2.0
2071 2199 2.0
2199 2183 2.0
2183 2199 2.0
2199 2195 1.0
2195 2199 1.0
2199 2197 2.0
2197 2199 2.0
2200 152 1.0
152 2200 1.0
2200 2072 1.0
2072 2200 1.0
2200 2184 1.0
2184 2200 1.0
2200 2196 1.0
2196 2200 1.0
2200 2198 1.0
2198 2200 1.0
2200 2199 1.0
2199 2200 1.0
2201 153 2.0
153 2201 2.0
2201 2073 1.0
2073 2201 1.0
2201 2185 1.0
2185 2201 1.0
2201 2193 1.0
2193 2201 1.0
2202 154 1.0
154 2202 1.0
2202 2074 1.0
2074 2202 1.0
2202 2186 1.0
2186 2202 1.0
2202 2194 1.0
2194 2202 1.0
2202 2201 1.0
2201 2202 1.0
2203 155 2.0
155 2203 2.0
2203 2075 2.0
2075 2203 2.0
2203 2187 2.0
2187 2203 2.0
2203 2195 2.0
2195 2203 2.0
2203 2201 2.0
2201 2203 2.0
2204 156 1.0
156 2204 1.0
2204 2076 1.0
2076 2204 1.0
2204 2188 1.0
2188 2204 1.0
2204 2196 1.0
2196 2204 1.0
2204 2202 1.0
2202 2204 1.0
2204 2203 2.0
2203 2204 2.0
2205 157 1.0
157 2205 1.0
2205 2077 1.0
2077 2205 1.0
2205 2189 1.0
2189 2205 1.0
2205 2197 2.0
2197 2205 2.0
2205 2201 1.0
2201 2205 1.0
2206 158 2.0
158 2206 2.0
2206 2078 2.0
2078 2206 2.0
2206 2190 3.0
2190 2206 3.0
2206 2198 2.0
2198 2206 2.0
2206 2202 2.0
2202 2206 2.0
2206 2205 2.0
2205 2206 2.0
2207 159 1.0
159 2207 1.0
2207 2079 1.0
2079 2207 1.0
2207 2191 1.0
2191 2207 1.0
2207 2199 1.0
2199 2207 1.0
2207 2203 2.0
2203 2207 2.0
2207 2205 1.0
2205 2207 1.0
2208 160 1.0
160 2208 1.0
2208 2080 1.0
2080 2208 1.0
2208 2192 1.0
2192 2208 1.0
2208 2200 1.0
2200 2208 1.0
2208 2204 1.0
2204 2208 1.0
2208 2206 2.0
2206 2208 2.0
2208 2207 1.0
2207 2208 1.0
2209 161 2.0
161 2209 2.0
2209 2081 2.0
2081 2209 2.0
2209 2177 2.0
2177 2209 2.0
2210 162 1.0
162 2210 1.0
2210 2082 1.0
2082 2210 1.0
2210 2178 1.0
2178 2210 1.0
2210 2209 2.0
2209 2210 2.0
2211 163 1.0
163 2211 1.0
2211 2083 1.0
2083 2211 1.0
2211 2179 1.0
2179 2211 1.0
2211 2209 2.0
2209 2211 2.0
2212 164 1.0
164 2212 1.0
2212 2084 1.0
2084 2212 1.0
2212 2180 1.0
2180 2212 1.0
2212 2210 1.0
2210 2212 1.0
2212 2211 1.0
2211 2212 1.0
2213 165 1.0
165 2213 1.0
2213 2085 1.0
2085 2213 1.0
2213 2181 1.0
2181 2213 1.0
2213 2209 2.0
2209 2213 2.0
2214 166 2.0
166 2214 2.0
2214 2086 3.0
2086 2214 3.0
2214 2182 2.0
2182 2214 2.0
2214 2210 2.0
2210 2214 2.0
2214 2213 2.0
2213 2214 2.0
2215 167 1.0
167 2215 1.0
2215 2087 1.0
2087 2215 1.0
2215 2183 2.0
2183 2215 2.0
2215 2211 1.0
2211 2215 1.0
2215 2213 1.0
2213 2215 1.0
2216 168 1.0
168 2216 1.0
2216 2088 1.0
2088 2216 1.0
2216 2184 1.0
2184 2216 1.0
2216 2212 1.0
2212 2216 1.0
2216 2214 2.0
2214 2216 2.0
2216 2215 1.0
2215 2216 1.0
2217 169 1.0
169 2217 1.0
2217 2089 1.0
2089 2217 1.0
2217 2185 1.0
2185 2217 1.0
2217 2209 2.0
2209 2217 2.0
2218 170 1.0
170 2218 1.0
2218 2090 1.0
2090 2218 1.0
2218 2186 1.0
2186 2218 1.0
2218 2210 1.0
2210 2218 1.0
2218 2217 1.0
2217 2218 1.0
2219 171 2.0
171 2219 2.0
2219 2091 1.0
2091 2219 1.0
2219 2187 1.0
2187 2219 1.0
2219 2211 1.0
2211 2219 1.0
2219 2217 1.0
2217 2219 1.0
2220 172 1.0
172 2220 1.0
2220 2092 1.0
2092 2220 1.0
2220 2188 1.0
2188 2220 1.0
2220 2212 1.0
2212 2220 1.0
2220 2218 1.0
2218 2220 1.0
2220 2219 1.0
2219 2220 1.0
2221 173 1.0
173 2221 1.0
2221 2093 1.0
2093 2221 1.0
2221 2189 1.0
2189 2221 1.0
2221 2213 1.0
2213 2221 1.0
2221 2217 1.0
2217 2221 1.0
2222 174 1.0
174 2222 1.0
2222 2094 1.0
2094 2222 1.0
2222 2190 2.0
2190 2222 2.0
2222 2214 2.0
2214 2222 2.0
2222 2218 1.0
2218 2222 1.0
2222 2221 1.0
2221 2222 1.0
2223 175 1.0
175 2223 1.0
2223 2095 1.0
2095 2223 1.0
2223 2191 1.0
2191 2223 1.0
2223 2215 1.0
2215 2223 1.0
2223 2219 1.0
2219 2223 1.0
2223 2221 1.0
2221 2223 1.0
2224 176 1.0
176 2224 1.0
2224 2096 1.0
2096 2224 1.0
2224 2192 1.0
2192 2224 1.0
2224 2216 1.0
2216 2224 1.0
2224 2220 1.0
2220 2224 1.0
2224 2222 1.0
2222 2224 1.0
2224 2223 1.0
2223 2224 1.0
2225 177 1.0
177 2225 1.0
2225 2097 1.0
2097 2225 1.0
2225 2193 1.0
2193 2225 1.0
2225 2209 2.0
2209 2225 2.0
2226 178 1.0
178 2226 1.0
2226 2098 1.0
2098 2226 1.0
2226 2194 1.0
2194 2226 1.0
2226 2210 1.0
2210 2226 1.0
2226 2225 1.0
2225 2226 1.0
2227 179 1.0
179 2227 1.0
2227 2099 1.0
2099 2227 1.0
2227 2195 1.0
2195 2227 1.0
2227 2211 1.0
2211 2227 1.0
2227 2225 1.0
2225 2227 1.0
2228 180 2.0
180 2228 2.0
2228 2100 2.0
2100 2228 2.0
2228 2196 2.0
2196 2228 2.0
2228 2212 2.0
2212 2228 2.0
2228 2226 2.0
2226 2228 2.0
2228 2227 2.0
2227 2228 2.0
2229 181 1.0
181 2229 1.0
2229 2101 1.0
2101 2229 1.0
2229 2197 2.0
2197 2229 2.0
2229 2213 1.0
2213 2229 1.0
2229 2225 1.0
2225 2229 1.0
2230 182 1.0
182 2230 1.0
2230 2102 1.0
2102 2230 1.0
2230 2198 1.0
2198 2230 1.0
2230 2214 2.0
2214 2230 2.0
2230 2226 1.0
2226 2230 1.0
2230 2229 1.0
2229 2230 1.0
2231 183 2.0
183 2231 2.0
2231 2103 1.0
2103 2231 1.0
2231 2199 1.0
2199 2231 1.0
2231 2215 1.0
2215 2231 1.0
2231 2227 1.0
2227 2231 1.0
2231 2229 1.0
2229 2231 1.0
2232 184 2.0
184 2232 2.0
2232 2104 1.0
2104 2232 1.0
2232 2200 1.0
2200 2232 1.0
2232 2216 1.0
2216 2232 1.0
2232 2228 2.0
2228 2232 2.0
2232 2230 1.0
2230 2232 1.0
2232 2231 1.0
2231 2232 1.0
2233 185 1.0
185 2233 1.0
2233 2105 2.0
2105 2233 2.0
2233 2201 1.0
2201 2233 1.0
2233 2217 1.0
2217 2233 1.0
2233 2225 1.0
2225 2233 1.0
2234 186 2.0
186 2234 2.0
2234 2106 1.0
2106 2234 1.0
2234 2202 1.0
2202 2234 1.0
2234 2218 1.0
2218 2234 1.0
2234 2226 1.0
2226 2234 1.0
2234 2233 1.0
2233 2234 1.0
2235 187 1.0
187 2235 1.0
2235 2107 1.0
2107 2235 1.0
2235 2203 2.0
2203 2235 2.0
2235 2219 1.0
2219 2235 1.0
2235 2227 1.0
2227 2235 1.0
2235 2233 1.0
2233 2235 1.0
2236 188 1.0
188 2236 1.0
2236 2108 1.0
2108 2236 1.0
2236 2204 1.0
2204 2236 1.0
2236 2220 1.0
2220 2236 1.0
2236 2228 2.0
2228 2236 2.0
2236 2234 1.0
2234 2236 1.0
2236 2235 1.0
2235 2236 1.0
2237 189 1.0
189 2237 1.0
2237 2109 1.0
2109 2237 1.0
2237 2205 1.0
2205 2237 1.0
2237 2221 1.0
2221 2237 1.0
2237 2229 1.0
2229 2237 1.0
2237 2233 1.0
2233 2237 1.0
2238 190 1.0
190 2238 1.0
2238 2110 1.0
2110 2238 1.0
2238 2206 2.0
2206 2238 2.0
2238 2222 1.0
2222 2238 1.0
2238 2230 1.0
2230 2238 1.0
2238 2234 1.0
2234 2238 1.0
2238 2237 1.0
2237 2238 1.0
2239 191 2.0
191 2239 2.0
2239 2111 2.0
2111 2239 2.0
2239 2207 2.0
2207 2239 2.0
2239 2223 2.0
2223 2239 2.0
2239 2231 2.0
2231 2239 2.0
2239 2235 2.0
2235 2239 2.0
2239 2237 2.0
2237 2239 2.0
2240 192 1.0
192 2240 1.0
2240 2112 1.0
2112 2240 1.0
2240 2208 1.0
2208 2240 1.0
2240 2224 1.0
2224 2240 1.0
2240 2232 1.0
2232 2240 1.0
2240 2236 1.0
2236 2240 1.0
2240 2238 1.0
2238 2240 1.0
2240 2239 2.0
2239 2240 2.0
2241 193 1.0
193 2241 1.0
2241 2113 1.0
2113 2241 1.0
2241 2177 1.0
2177 2241 1.0
2242 194 1.0
194 2242 1.0
2242 2114 2.0
2114 2242 2.0
2242 2178 1.0
2178 2242 1.0
2242 2241 1.0
2241 2242 1.0
2243 195 1.0
195 2243 1.0
2243 2115 1.0
2115 2243 1.0
2243 2179 1.0
2179 2243 1.0
2243 2241 1.0
2241 2243 1.0
2244 196 1.0
196 2244 1.0
2244 2116 2.0
2116 2244 2.0
2244 2180 1.0
2180 2244 1.0
2244 2242 1.0
2242 2244 1.0
2244 2243 1.0
2243 2244 1.0
2245 197 1.0
197 2245 1.0
2245 2117 1.0
2117 2245 1.0
2245 2181 1.0
2181 2245 1.0
2245 2241 1.0
2241 2245 1.0
2246 198 1.0
198 2246 1.0
2246 2118 1.0
2118 2246 1.0
2246 2182 1.0
2182 2246 1.0
2246 2242 1.0
2242 2246 1.0
2246 2245 1.0
2245 2246 1.0
2247 199 2.0
199 2247 2.0
2247 2119 2.0
2119 2247 2.0
2247 2183 3.0
2183 2247 3.0
2247 2243 2.0
2243 2247 2.0
2247 2245 2.0
2245 2247 2.0
2248 200 1.0
200 2248 1.0
2248 2120 1.0
2120 2248 1.0
2248 2184 1.0
2184 2248 1.0
2248 2244 1.0
2244 2248 1.0
2248 2246 1.0
2246 2248 1.0
2248 2247 2.0
2247 2248 2.0
2249 201 2.0
201 2249 2.0
2249 2121 1.0
2121 2249 1.0
2249 2185 1.0
2185 2249 1.0
2249 2241 1.0
2241 2249 1.0
2250 202 2.0
202 2250 2.0
2250 2122 2.0
2122 2250 2.0
2250 2186 2.0
2186 2250 2.0
2250 2242 2.0
2242 2250 2.0
2250 2249 2.0
2249 2250 2.0
2251 203 1.0
203 2251 1.0
2251 2123 1.0
2123 2251 1.0
2251 2187 1.0
2187 2251 1.0
2251 2243 1.0
2243 2251 1.0
2251 2249 1.0
2249 2251 1.0
2252 204 2.0
204 2252 2.0
2252 2124 2.0
2124 2252 2.0
2252 2188 2.0
2188 2252 2.0
2252 2244 2.0
2244 2252 2.0
2252 2250 3.0
2250 2252 3.0
2252 2251 2.0
2251 2252 2.0
2253 205 1.0
205 2253 1.0
2253 2125 1.0
2125 2253 1.0
2253 2189 1.0
2189 2253 1.0
2253 2245 1.0
2245 2253 1.0
2253 2249 1.0
2249 2253 1.0
2254 206 1.0
206 2254 1.0
2254 2126 1.0
2126 2254 1.0
2254 2190 2.0
2190 2254 2.0
2254 2246 1.0
2246 2254 1.0
2254 2250 2.0
2250 2254 2.0
2254 2253 1.0
2253 2254 1.0
2255 207 1.0
207 2255 1.0
2255 2127 1.0
2127 2255 1.0
2255 2191 1.0
2191 2255 1.0
2255 2247 2.0
2247 2255 2.0
2255 2251 1.0
2251 2255 1.0
2255 2253 1.0
2253 2255 1.0
2256 208 1.0
208 2256 1.0
2256 2128 1.0
2128 2256 1.0
2256 2192 1.0
2192 2256 1.0
2256 2248 1.0
2248 2256 1.0
2256 2252 2.0
2252 2256 2.0
2256 2254 1.0
2254 2256 1.0
2256 2255 1.0
2255 2256 1.0
2257 209 1.0
209 2257 1.0
2257 2129 2.0
2129 2257 2.0
2257 2193 1.0
2193 2257 1.0
2257 2241 1.0
2241 2257 1.0
2258 210 2.0
210 2258 2.0
2258 2130 1.0
2130 2258 1.0
2258 2194 1.0
2194 2258 1.0
2258 2242 1.0
2242 2258 1.0
2258 2257 1.0
2257 2258 1.0
2259 211 1.0
211 2259 1.0
2259 2131 1.0
2131 2259 1.0
2259 2195 1.0
2195 2259 1.0
2259 2243 1.0
2243 2259 1.0
2259 2257 1.0
2257 2259 1.0
2260 212 2.0
212 2260 2.0
2260 2132 1.0
2132 2260 1.0
2260 2196 1.0
2196 2260 1.0
2260 2244 1.0
2244 2260 1.0
2260 2258 1.0
2258 2260 1.0
2260 2259 1.0
2259 2260 1.0
2261 213 1.0
213 2261 1.0
2261 2133 1.0
2133 2261 1.0
2261 2197 2.0
2197 2261 2.0
2261 2245 1.0
2245 2261 1.0
2261 2257 1.0
2257 2261 1.0
2262 214 1.0
214 2262 1.0
2262 2134 2.0
2134 2262 2.0
2262 2198 1.0
2198 2262 1.0
2262 2246 1.0
2246 2262 1.0
2262 2258 1.0
2258 2262 1.0
2262 2261 1.0
2261 2262 1.0
2263 215 1.0
215 2263 1.0
2263 2135 1.0
2135 2263 1.0
2263 2199 1.0
2199 2263 1.0
2263 2247 2.0
2247 2263 2.0
2263 2259 1.0
2259 2263 1.0
2263 2261 1.0
2261 2263 1.0
2264 216 1.0
216 2264 1.0
2264 2136 1.0
2136 2264 1.0
2264 2200 1.0
2200 2264 1.0
2264 2248 1.0
2248 2264 1.0
2264 2260 1.0
2260 2264 1.0
2264 2262 1.0
2262 2264 1.0
2264 2263 1.0
2263 2264 1.0
2265 217 1.0
217 2265 1.0
2265 2137 1.0
2137 2265 1.0
2265 2201 1.0
2201 2265 1.0
2265 2249 1.0
2249 2265 1.0
2265 2257 1.0
2257 2265 1.0
2266 218 1.0
218 2266 1.0
2266 2138 1.0
2138 2266 1.0
2266 2202 1.0
2202 2266 1.0
2266 2250 2.0
2250 2266 2.0
2266 2258 1.0
2258 2266 1.0
2266 2265 1.0
2265 2266 1.0
2267 219 1.0
219 2267 1.0
2267 2139 1.0
2139 2267 1.0
2267 2203 2.0
2203 2267 2.0
2267 2251 1.0
2251 2267 1.0
2267 2259 1.0
2259 2267 1.0
2267 2265 1.0
2265 2267 1.0
2268 220 1.0
220 2268 1.0
2268 2140 1.0
2140 2268 1.0
2268 2204 1.0
2204 2268 1.0
2268 2252 2.0
2252 2268 2.0
2268 2260 1.0
2260 2268 1.0
2268 2266 1.0
2266 2268 1.0
2268 2267 1.0
2267 2268 1.0
2269 221 1.0
221 2269 1.0
2269 2141 1.0
2141 2269 1.0
2269 2205 1.0
2205 2269 1.0
2269 2253 1.0
2253 2269 1.0
2269 2261 1.0
2261 2269 1.0
2269 2265 1.0
2265 2269 1.0
2270 222 1.0
222 2270 1.0
2270 2142 1.0
2142 2270 1.0
2270 2206 2.0
2206 2270 2.0
2270 2254 1.0
2254 2270 1.0
2270 2262 1.0
2262 2270 1.0
2270 2266 1.0
2266 2270 1.0
2270 2269 1.0
2269 2270 1.0
2271 223 2.0
223 2271 2.0
2271 2143 1.0
2143 2271 1.0
2271 2207 1.0
2207 2271 1.0
2271 2255 1.0
2255 2271 1.0
2271 2263 1.0
2263 2271 1.0
2271 2267 1.0
2267 2271 1.0
2271 2269 1.0
2269 2271 1.0
2272 224 1.0
224 2272 1.0
2272 2144 1.0
2144 2272 1.0
2272 2208 1.0
2208 2272 1.0
2272 2256 1.0
2256 2272 1.0
2272 2264 1.0
2264 2272 1.0
2272 2268 1.0
2268 2272 1.0
2272 2270 1.0
2270 2272 1.0
2272 2271 1.0
2271 2272 1.0
2273 225 1.0
225 2273 1.0
2273 2145 1.0
2145 2273 1.0
2273 2209 2.0
2209 2273 2.0
2273 2241 1.0
2241 2273 1.0
2274 226 2.0
226 2274 2.0
2274 2146 1.0
2146 2274 1.0
2274 2210 1.0
2210 2274 1.0
2274 2242 1.0
2242 2274 1.0
2274 2273 1.0
2273 2274 1.0
2275 227 1.0
227 2275 1.0
2275 2147 1.0
2147 2275 1.0
2275 2211 1.0
2211 2275 1.0
2275 2243 1.0
2243 2275 1.0
2275 2273 1.0
2273 2275 1.0
2276 228 1.0
228 2276 1.0
2276 2148 1.0
2148 2276 1.0
2276 2212 1.0
2212 2276 1.0
2276 2244 1.0
2244 2276 1.0
2276 2274 1.0
2274 2276 1.0
2276 2275 1.0
2275 2276 1.0
2277 229 1.0
229 2277 1.0
2277 2149 1.0
2149 2277 1.0
2277 2213 1.0
2213 2277 1.0
2277 2245 1.0
2245 2277 1.0
2277 2273 1.0
2273 2277 1.0
2278 230 1.0
230 2278 1.0
2278 2150 2.0
2150 2278 2.0
2278 2214 2.0
2214 2278 2.0
2278 2246 1.0
2246 2278 1.0
2278 2274 1.0
2274 2278 1.0
2278 2277 1.0
2277 2278 1.0
2279 231 1.0
231 2279 1.0
2279 2151 1.0
2151 2279 1.0
2279 2215 1.0
2215 2279 1.0
2279 2247 2.0
2247 2279 2.0
2279 2275 1.0
2275 2279 1.0
2279 2277 1.0
2277 2279 1.0
2280 232 2.0
232 2280 2.0
2280 2152 1.0
2152 2280 1.0
2280 2216 1.0
2216 2280 1.0
2280 2248 1.0
2248 2280 1.0
2280 2276 1.0
2276 2280 1.0
2280 2278 1.0
2278 2280 1.0
2280 2279 1.0
2279 2280 1.0
2281 233 1.0
233 2281 1.0
2281 2153 1.0
2153 2281 1.0
2281 2217 1.0
2217 2281 1.0
2281 2249 1.0
2249 2281 1.0
2281 2273 1.0
2273 2281 1.0
2282 234 1.0
234 2282 1.0
2282 2154 1.0
2154 2282 1.0
2282 2218 1.0
2218 2282 1.0
2282 2250 2.0
2250 2282 2.0
2282 2274 1.0
2274 2282 1.0
2282 2281 1.0
2281 2282 1.0
2283 235 1.0
235 2283 1.0
2283 2155 1.0
2155 2283 1.0
2283 2219 1.0
2219 2283 1.0
2283 2251 1.0
2251 2283 1.0
2283 2275 1.0
2275 2283 1.0
2283 2281 1.0
2281 2283 1.0
2284 236 1.0
236 2284 1.0
2284 2156 1.0
2156 2284 1.0
2284 2220 1.0
2220 2284 1.0
2284 2252 2.0
2252 2284 2.0
2284 2276 1.0
2276 2284 1.0
2284 2282 1.0
2282 2284 1.0
2284 2283 1.0
2283 2284 1.0
2285 237 3.0
237 2285 3.0
2285 2157 3.0
2157 2285 3.0
2285 2221 2.0
2221 2285 2.0
2285 2253 2.0
2253 2285 2.0
2285 2277 2.0
2277 2285 2.0
2285 2281 2.0
2281 2285 2.0
2286 238 1.0
238 2286 1.0
2286 2158 1.0
2158 2286 1.0
2286 2222 1.0
2222 2286 1.0
2286 2254 1.0
2254 2286 1.0
2286 2278 1.0
2278 2286 1.0
2286 2282 1.0
2282 2286 1.0
2286 2285 2.0
2285 2286 2.0
2287 239 1.0
239 2287 1.0
2287 2159 2.0
2159 2287 2.0
2287 2223 1.0
2223 2287 1.0
2287 2255 1.0
2255 2287 1.0
2287 2279 1.0
2279 2287 1.0
2287 2283 1.0
2283 2287 1.0
2287 2285 2.0
2285 2287 2.0
2288 240 1.0
240 2288 1.0
2288 2160 1.0
2160 2288 1.0
2288 2224 1.0
2224 2288 1.0
2288 2256 1.0
2256 2288 1.0
2288 2280 1.0
2280 2288 1.0
2288 2284 1.0
2284 2288 1.0
2288 2286 1.0
2286 2288 1.0
2288 2287 1.0
2287 2288 1.0
2289 241 1.0
241 2289 1.0
2289 2161 1.0
2161 2289 1.0
2289 2225 1.0
2225 2289 1.0
2289 2257 1.0
2257 2289 1.0
2289 2273 1.0
2273 2289 1.0
2290 242 1.0
242 2290 1.0
2290 2162 1.0
2162 2290 1.0
2290 2226 1.0
2226 2290 1.0
2290 2258 1.0
2258 2290 1.0
2290 2274 1.0
2274 2290 1.0
2290 2289 1.0
2289 2290 1.0
2291 243 2.0
243 2291 2.0
2291 2163 2.0
2163 2291 2.0
2291 2227 2.0
2227 2291 2.0
2291 2259 2.0
2259 2291 2.0
2291 2275 2.0
2275 2291 2.0
2291 2289 2.0
2289 2291 2.0
2292 244 1.0
244 2292 1.0
2292 2164 1.0
2164 2292 1.0
2292 2228 2.0
2228 2292 2.0
2292 2260 1.0
2260 2292 1.0
2292 2276 1.0
2276 2292 1.0
2292 2290 1.0
2290 2292 1.0
2292 2291 2.0
2291 2292 2.0
2293 245 1.0
245 2293 1.0
2293 2165 1.0
2165 2293 1.0
2293 2229 1.0
2229 2293 1.0
2293 2261 1.0
2261 2293 1.0
2293 2277 1.0
2277 2293 1.0
2293 2289 1.0
2289 2293 1.0
2294 246 1.0
246 2294 1.0
2294 2166 1.0
2166 2294 1.0
2294 2230 1.0
2230 2294 1.0
2294 2262 1.0
2262 2294 1.0
2294 2278 1.0
2278 2294 1.0
2294 2290 1.0
2290 2294 1.0
2294 2293 1.0
2293 2294 1.0
2295 247 1.0
247 2295 1.0
2295 2167 1.0
2167 2295 1.0
2295 2231 1.0
2231 2295 1.0
2295 2263 1.0
2263 2295 1.0
2295 2279 1.0
2279 2295 1.0
2295 2291 2.0
2291 2295 2.0
2295 2293 1.0
2293 2295 1.0
2296 248 1.0
248 2296 1.0
2296 2168 2.0
2168 2296 2.0
2296 2232 1.0
2232 2296 1.0
2296 2264 1.0
2264 2296 1.0
2296 2280 1.0
2280 2296 1.0
2296 2292 1.0
2292 2296 1.0
2296 2294 1.0
2294 2296 1.0
2296 2295 1.0
2295 2296 1.0
2297 249 1.0
249 2297 1.0
2297 2169 1.0
2169 2297 1.0
2297 2233 1.0
2233 2297 1.0
2297 2265 1.0
2265 2297 1.0
2297 2281 1.0
2281 2297 1.0
2297 2289 1.0
2289 2297 1.0
2298 250 1.0
250 2298 1.0
2298 2170 2.0
2170 2298 2.0
2298 2234 1.0
2234 2298 1.0
2298 2266 1.0
2266 2298 1.0
2298 2282 1.0
2282 2298 1.0
2298 2290 1.0
2290 2298 1.0
2298 2297 1.0
2297 2298 1.0
2299 251 1.0
251 2299 1.0
2299 2171 1.0
2171 2299 1.0
2299 2235 1.0
2235 2299 1.0
2299 2267 1.0
2267 2299 1.0
2299 2283 1.0
2283 2299 1.0
2299 2291 2.0
2291 2299 2.0
2299 2297 1.0
2297 2299 1.0
2300 252 1.0
252 2300 1.0
2300 2172 1.0
2172 2300 1.0
2300 2236 1.0
2236 2300 1.0
2300 2268 1.0
2268 2300 1.0
2300 2284 1.0
2284 2300 1.0
2300 2292 1.0
2292 2300 1.0
2300 2298 1.0
2298 2300 1.0
2300 2299 1.0
2299 2300 1.0
2301 253 1.0
253 2301 1.0
2301 2173 1.0
2173 2301 1.0
2301 2237 1.0
2237 2301 1.0
2301 2269 1.0
2269 2301 1.0
2301 2285 2.0
2285 2301 2.0
2301 2293 1.0
2293 2301 1.0
2301 2297 1.0
2297 2301 1.0
2302 254 1.0
254 2302 1.0
2302 2174 1.0
2174 2302 1.0
2302 2238 1.0
2238 2302 1.0
2302 2270 1.0
2270 2302 1.0
2302 2286 1.0
2286 2302 1.0
2302 2294 1.0
2294 2302 1.0
2302 2298 1.0
2298 2302 1.0
2302 2301 1.0
2301 2302 1.0
2303 255 1.0
255 2303 1.0
2303 2175 1.0
2175 2303 1.0
2303 2239 2.0
2239 2303 2.0
2303 2271 1.0
2271 2303 1.0
2303 2287 1.0
2287 2303 1.0
2303 2295 1.0
2295 2303 1.0
2303 2299 1.0
2299 2303 1.0
2303 2301 1.0
2301 2303 1.0
2304 256 2.0
256 2304 2.0
2304 2176 2.0
2176 2304 2.0
2304 2240 2.0
2240 2304 2.0
2304 2272 2.0
2272 2304 2.0
2304 2288 2.0
2288 2304 2.0
2304 2296 2.0
2296 2304 2.0
2304 2300 2.0
2300 2304 2.0
2304 2302 2.0
2302 2304 2.0
2304 2303 2.0
2303 2304 2.0
2305 257 2.0
257 2305 2.0
2305 2049 2.0
2049 2305 2.0
2306 258 1.0
258 2306 1.0
2306 2050 1.0
2050 2306 1.0
2306 2305 2.0
2305 2306 2.0
2307 259 1.0
259 2307 1.0
2307 2051 1.0
2051 2307 1.0
2307 2305 2.0
2305 2307 2.0
2308 260 1.0
260 2308 1.0
2308 2052 1.0
2052 2308 1.0
2308 2306 1.0
2306 2308 1.0
2308 2307 1.0
2307 2308 1.0
2309 261 1.0
261 2309 1.0
2309 2053 1.0
2053 2309 1.0
2309 2305 2.0
2305 2309 2.0
2310 262 1.0
262 2310 1.0
2310 2054 1.0
2054 2310 1.0
2310 2306 1.0
2306 2310 1.0
2310 2309 1.0
2309 2310 1.0
2311 263 1.0
263 2311 1.0
2311 2055 1.0
2055 2311 1.0
2311 2307 1.0
2307 2311 1.0
2311 2309 1.0
2309 2311 1.0
2312 264 1.0
264 2312 1.0
2312 2056 1.0
2056 2312 1.0
2312 2308 1.0
2308 2312 1.0
2312 2310 1.0
2310 2312 1.0
2312 2311 1.0
2311 2312 1.0
2313 265 1.0
265 2313 1.0
2313 2057 2.0
2057 2313 2.0
2313 2305 2.0
2305 2313 2.0
2314 266 2.0
266 2314 2.0
2314 2058 1.0
2058 2314 1.0
2314 2306 1.0
2306 2314 1.0
2314 2313 1.0
2313 2314 1.0
2315 267 1.0
267 2315 1.0
2315 2059 1.0
2059 2315 1.0
2315 2307 1.0
2307 2315 1.0
2315 2313 1.0
2313 2315 1.0
2316 268 1.0
268 2316 1.0
2316 2060 1.0
2060 2316 1.0
2316 2308 1.0
2308 2316 1.0
2316 2314 1.0
2314 2316 1.0
2316 2315 1.0
2315 2316 1.0
2317 269 1.0
269 2317 1.0
2317 2061 1.0
2061 2317 1.0
2317 2309 1.0
2309 2317 1.0
2317 2313 1.0
2313 2317 1.0
2318 270 1.0
270 2318 1.0
2318 2062 1.0
2062 2318 1.0
2318 2310 1.0
2310 2318 1.0
2318 2314 1.0
2314 2318 1.0
2318 2317 1.0
2317 2318 1.0
2319 271 2.0
271 2319 2.0
2319 2063 1.0
2063 2319 1.0
2319 2311 1.0
2311 2319 1.0
2319 2315 1.0
2315 2319 1.0
2319 2317 1.0
2317 2319 1.0
2320 272 1.0
272 2320 1.0
2320 2064 2.0
2064 2320 2.0
2320 2312 1.0
2312 2320 1.0
2320 2316 1.0
2316 2320 1.0
2320 2318 1.0
2318 2320 1.0
2320 2319 1.0
2319 2320 1.0
2321 273 1.0
273 2321 1.0
2321 2065 1.0
2065 2321 1.0
2321 2305 2.0
2305 2321 2.0
2322 274 1.0
274 2322 1.0
2322 2066 1.0
2066 2322 1.0
2322 2306 1.0
2306 2322 1.0
2322 2321 1.0
2321 2322 1.0
2323 275 2.0
275 2323 2.0
2323 2067 1.0
2067 2323 1.0
2323 2307 1.0
2307 2323 1.0
2323 2321 1.0
2321 2323 1.0
2324 276 1.0
276 2324 1.0
2324 2068 1.0
2068 2324 1.0
2324 2308 1.0
2308 2324 1.0
2324 2322 1.0
2322 2324 1.0
2324 2323 1.0
2323 2324 1.0
2325 277 1.0
277 2325 1.0
2325 2069 1.0
2069 2325 1.0
2325 2309 1.0
2309 2325 1.0
2325 2321 1.0
2321 2325 1.0
2326 278 1.0
278 2326 1.0
2326 2070 1.0
2070 2326 1.0
2326 2310 1.0
2310 2326 1.0
2326 2322 1.0
2322 2326 1.0
2326 2325 1.0
2325 2326 1.0
2327 279 1.0
279 2327 1.0
2327 2071 2.0
2071 2327 2.0
2327 2311 1.0
2311 2327 1.0
2327 2323 1.0
2323 2327 1.0
2327 2325 1.0
2325 2327 1.0
2328 280 2.0
280 2328 2.0
2328 2072 1.0
2072 2328 1.0
2328 2312 1.0
2312 2328 1.0
2328 2324 1.0
2324 2328 1.0
2328 2326 1.0
2326 2328 1.0
2328 2327 1.0
2327 2328 1.0
2329 281 1.0
281 2329 1.0
2329 2073 1.0
2073 2329 1.0
2329 2313 1.0
2313 2329 1.0
2329 2321 1.0
2321 2329 1.0
2330 282 2.0
282 2330 2.0
2330 2074 2.0
2074 2330 2.0
2330 2314 2.0
2314 2330 2.0
2330 2322 2.0
2322 2330 2.0
2330 2329 2.0
2329 2330 2.0
2331 283 1.0
283 2331 1.0
2331 2075 1.0
2075 2331 1.0
2331 2315 1.0
2315 2331 1.0
2331 2323 1.0
2323 2331 1.0
2331 2329 1.0
2329 2331 1.0
2332 284 1.0
284 2332 1.0
2332 2076 1.0
2076 2332 1.0
2332 2316 1.0
2316 2332 1.0
2332 2324 1.0
2324 2332 1.0
2332 2330 2.0
2330 2332 2.0
2332 2331 1.0
2331 2332 1.0
2333 285 1.0
285 2333 1.0
2333 2077 1.0
2077 2333 1.0
2333 2317 1.0
2317 2333 1.0
2333 2325 1.0
2325 2333 1.0
2333 2329 1.0
2329 2333 1.0
2334 286 1.0
286 2334 1.0
2334 2078 1.0
2078 2334 1.0
2334 2318 1.0
2318 2334 1.0
2334 2326 1.0
2326 2334 1.0
2334 2330 2.0
2330 2334 2.0
2334 2333 1.0
2333 2334 1.0
2335 287 1.0
287 2335 1.0
2335 2079 1.0
2079 2335 1.0
2335 2319 1.0
2319 2335 1.0
2335 2327 1.0
2327 2335 1.0
2335 2331 1.0
2331 2335 1.0
2335 2333 1.0
2333 2335 1.0
2336 288 1.0
288 2336 1.0
2336 2080 1.0
2080 2336 1.0
2336 2320 1.0
2320 2336 1.0
2336 2328 1.0
2328 2336 1.0
2336 2332 1.0
2332 2336 1.0
2336 2334 1.0
2334 2336 1.0
2336 2335 1.0
2335 2336 1.0
2337 289 1.0
289 2337 1.0
2337 2081 1.0
2081 2337 1.0
2337 2305 2.0
2305 2337 2.0
2338 290 1.0
290 2338 1.0
2338 2082 1.0
2082 2338 1.0
2338 2306 1.0
2306 2338 1.0
2338 2337 1.0
2337 2338 1.0
2339 291 1.0
291 2339 1.0
2339 2083 1.0
2083 2339 1.0
2339 2307 1.0
2307 2339 1.0
2339 2337 1.0
2337 2339 1.0
2340 292 2.0
292 2340 2.0
2340 2084 2.0
2084 2340 2.0
2340 2308 2.0
2308 2340 2.0
2340 2338 2.0
2338 2340 2.0
2340 2339 2.0
2339 2340 2.0
2341 293 1.0
293 2341 1.0
2341 2085 1.0
2085 2341 1.0
2341 2309 1.0
2309 2341 1.0
2341 2337 1.0
2337 2341 1.0
2342 294 1.0
294 2342 1.0
2342 2086 2.0
2086 2342 2.0
2342 2310 1.0
2310 2342 1.0
2342 2338 1.0
2338 2342 1.0
2342 2341 1.0
2341 2342 1.0
2343 295 2.0
295 2343 2.0
2343 2087 2.0
2087 2343 2.0
2343 2311 2.0
2311 2343 2.0
2343 2339 2.0
2339 2343 2.0
2343 2341 2.0
2341 2343 2.0
2344 296 2.0
296 2344 2.0
2344 2088 1.0
2088 2344 1.0
2344 2312 1.0
2312 2344 1.0
2344 2340 2.0
2340 2344 2.0
2344 2342 1.0
2342 2344 1.0
2344 2343 2.0
2343 2344 2.0
2345 297 2.0
297 2345 2.0
2345 2089 1.0
2089 2345 1.0
2345 2313 1.0
2313 2345 1.0
2345 2337 1.0
2337 2345 1.0
2346 298 1.0
298 2346 1.0
2346 2090 1.0
2090 2346 1.0
2346 2314 1.0
2314 2346 1.0
2346 2338 1.0
2338 2346 1.0
2346 2345 1.0
2345 2346 1.0
2347 299 1.0
299 2347 1.0
2347 2091 1.0
2091 2347 1.0
2347 2315 1.0
2315 2347 1.0
2347 2339 1.0
2339 2347 1.0
2347 2345 1.0
2345 2347 1.0
2348 300 1.0
300 2348 1.0
2348 2092 1.0
2092 2348 1.0
2348 2316 1.0
2316 2348 1.0
2348 2340 2.0
2340 2348 2.0
2348 2346 1.0
2346 2348 1.0
2348 2347 1.0
2347 2348 1.0
2349 301 2.0
301 2349 2.0
2349 2093 2.0
2093 2349 2.0
2349 2317 2.0
2317 2349 2.0
2349 2341 2.0
2341 2349 2.0
2349 2345 2.0
2345 2349 2.0
2350 302 1.0
302 2350 1.0
2350 2094 1.0
2094 2350 1.0
2350 2318 1.0
2318 2350 1.0
2350 2342 1.0
2342 2350 1.0
2350 2346 1.0
2346 2350 1.0
2350 2349 2.0
2349 2350 2.0
2351 303 1.0
303 2351 1.0
2351 2095 1.0
2095 2351 1.0
2351 2319 1.0
2319 2351 1.0
2351 2343 2.0
2343 2351 2.0
2351 2347 1.0
2347 2351 1.0
2351 2349 2.0
2349 2351 2.0
2352 304 1.0
304 2352 1.0
2352 2096 1.0
2096 2352 1.0
2352 2320 1.0
2320 2352 1.0
2352 2344 1.0
2344 2352 1.0
2352 2348 1.0
2348 2352 1.0
2352 2350 1.0
2350 2352 1.0
2352 2351 1.0
2351 2352 1.0
2353 305 1.0
305 2353 1.0
2353 2097 1.0
2097 2353 1.0
2353 2321 1.0
2321 2353 1.0
2353 2337 1.0
2337 2353 1.0
2354 306 2.0
306 2354 2.0
2354 2098 2.0
2098 2354 2.0
2354 2322 2.0
2322 2354 2.0
2354 2338 2.0
2338 2354 2.0
2354 2353 2.0
2353 2354 2.0
2355 307 2.0
307 2355 2.0
2355 2099 1.0
2099 2355 1.0
2355 2323 1.0
2323 2355 1.0
2355 2339 1.0
2339 2355 1.0
2355 2353 1.0
2353 2355 1.0
2356 308 1.0
308 2356 1.0
2356 2100 1.0
2100 2356 1.0
2356 2324 1.0
2324 2356 1.0
2356 2340 2.0
2340 2356 2.0
2356 2354 2.0
2354 2356 2.0
2356 2355 1.0
2355 2356 1.0
2357 309 2.0
309 2357 2.0
2357 2101 1.0
2101 2357 1.0
2357 2325 1.0
2325 2357 1.0
2357 2341 1.0
2341 2357 1.0
2357 2353 1.0
2353 2357 1.0
2358 310 1.0
310 2358 1.0
2358 2102 1.0
2102 2358 1.0
2358 2326 1.0
2326 2358 1.0
2358 2342 1.0
2342 2358 1.0
2358 2354 2.0
2354 2358 2.0
2358 2357 1.0
2357 2358 1.0
2359 311 1.0
311 2359 1.0
2359 2103 1.0
2103 2359 1.0
2359 2327 1.0
2327 2359 1.0
2359 2343 2.0
2343 2359 2.0
2359 2355 1.0
2355 2359 1.0
2359 2357 1.0
2357 2359 1.0
2360 312 1.0
312 2360 1.0
2360 2104 1.0
2104 2360 1.0
2360 2328 1.0
2328 2360 1.0
2360 2344 1.0
2344 2360 1.0
2360 2356 1.0
2356 2360 1.0
2360 2358 1.0
2358 2360 1.0
2360 2359 1.0
2359 2360 1.0
2361 313 1.0
313 2361 1.0
2361 2105 2.0
2105 2361 2.0
2361 2329 1.0
2329 2361 1.0
2361 2345 1.0
2345 2361 1.0
2361 2353 1.0
2353 2361 1.0
2362 314 1.0
314 2362 1.0
2362 2106 1.0
2106 2362 1.0
2362 2330 2.0
2330 2362 2.0
2362 2346 1.0
2346 2362 1.0
2362 2354 2.0
2354 2362 2.0
2362 2361 1.0
2361 2362 1.0
2363 315 2.0
315 2363 2.0
2363 2107 2.0
2107 2363 2.0
2363 2331 2.0
2331 2363 2.0
2363 2347 2.0
2347 2363 2.0
2363 2355 2.0
2355 2363 2.0
2363 2361 2.0
2361 2363 2.0
2364 316 1.0
316 2364 1.0
2364 2108 1.0
2108 2364 1.0
2364 2332 1.0
2332 2364 1.0
2364 2348 1.0
2348 2364 1.0
2364 2356 1.0
2356 2364 1.0
2364 2362 1.0
2362 2364 1.0
2364 2363 2.0
2363 2364 2.0
2365 317 1.0
317 2365 1.0
2365 2109 1.0
2109 2365 1.0
2365 2333 1.0
2333 2365 1.0
2365 2349 2.0
2349 2365 2.0
2365 2357 1.0
2357 2365 1.0
2365 2361 1.0
2361 2365 1.0
2366 318 1.0
318 2366 1.0
2366 2110 1.0
2110 2366 1.0
2366 2334 1.0
2334 2366 1.0
2366 2350 1.0
2350 2366 1.0
2366 2358 1.0
2358 2366 1.0
2366 2362 1.0
2362 2366 1.0
2366 2365 1.0
2365 2366 1.0
2367 319 1.0
319 2367 1.0
2367 2111 1.0
2111 2367 1.0
2367 2335 1.0
2335 2367 1.0
2367 2351 1.0
2351 2367 1.0
2367 2359 1.0
2359 2367 1.0
2367 2363 2.0
2363 2367 2.0
2367 2365 1.0
2365 2367 1.0
2368 320 2.0
320 2368 2.0
2368 2112 2.0
2112 2368 2.0
2368 2336 2.0
2336 2368 2.0
2368 2352 2.0
2352 2368 2.0
2368 2360 2.0
2360 2368 2.0
2368 2364 2.0
2364 2368 2.0
2368 2366 2.0
2366 2368 2.0
2368 2367 2.0
2367 2368 2.0
2369 321 1.0
321 2369 1.0
2369 2113 1.0
2113 2369 1.0
2369 2305 2.0
2305 2369 2.0
2370 322 1.0
322 2370 1.0
2370 2114 2.0
2114 2370 2.0
2370 2306 1.0
2306 2370 1.0
2370 2369 1.0
2369 2370 1.0
2371 323 1.0
323 2371 1.0
2371 2115 1.0
2115 2371 1.0
2371 2307 1.0
2307 2371 1.0
2371 2369 1.0
2369 2371 1.0
2372 324 1.0
324 2372 1.0
2372 2116 2.0
2116 2372 2.0
2372 2308 1.0
2308 2372 1.0
2372 2370 1.0
2370 2372 1.0
2372 2371 1.0
2371 2372 1.0
2373 325 1.0
325 2373 1.0
2373 2117 1.0
2117 2373 1.0
2373 2309 1.0
2309 2373 1.0
2373 2369 1.0
2369 2373 1.0
2374 326 2.0
326 2374 2.0
2374 2118 1.0
2118 2374 1.0
2374 2310 1.0
2310 2374 1.0
2374 2370 1.0
2370 2374 1.0
2374 2373 1.0
2373 2374 1.0
2375 327 1.0
327 2375 1.0
2375 2119 1.0
2119 2375 1.0
2375 2311 1.0
2311 2375 1.0
2375 2371 1.0
2371 2375 1.0
2375 2373 1.0
2373 2375 1.0
2376 328 2.0
328 2376 2.0
2376 2120 1.0
2120 2376 1.0
2376 2312 1.0
2312 2376 1.0
2376 2372 1.0
2372 2376 1.0
2376 2374 1.0
2374 2376 1.0
2376 2375 1.0
2375 2376 1.0
2377 329 1.0
329 2377 1.0
2377 2121 1.0
2121 2377 1.0
2377 2313 1.0
2313 2377 1.0
2377 2369 1.0
2369 2377 1.0
2378 330 1.0
330 2378 1.0
2378 2122 1.0
2122 2378 1.0
2378 2314 1.0
2314 2378 1.0
2378 2370 1.0
2370 2378 1.0
2378 2377 1.0
2377 2378 1.0
2379 331 2.0
331 2379 2.0
2379 2123 2.0
2123 2379 2.0
2379 2315 2.0
2315 2379 2.0
2379 2371 2.0
2371 2379 2.0
2379 2377 2.0
2377 2379 2.0
2380 332 2.0
332 2380 2.0
2380 2124 2.0
2124 2380 2.0
2380 2316 2.0
2316 2380 2.0
2380 2372 2.0
2372 2380 2.0
2380 2378 2.0
2378 2380 2.0
2380 2379 3.0
2379 2380 3.0
2381 333 1.0
333 2381 1.0
2381 2125 1.0
2125 2381 1.0
2381 2317 1.0
2317 2381 1.0
2381 2373 1.0
2373 2381 1.0
2381 2377 1.0
2377 2381 1.0
2382 334 1.0
334 2382 1.0
2382 2126 1.0
2126 2382 1.0
2382 2318 1.0
2318 2382 1.0
2382 2374 1.0
2374 2382 1.0
2382 2378 1.0
2378 2382 1.0
2382 2381 1.0
2381 2382 1.0
2383 335 1.0
335 2383 1.0
2383 2127 1.0
2127 2383 1.0
2383 2319 1.0
2319 2383 1.0
2383 2375 1.0
2375 2383 1.0
2383 2379 2.0
2379 2383 2.0
2383 2381 1.0
2381 2383 1.0
2384 336 1.0
336 2384 1.0
2384 2128 1.0
2128 2384 1.0
2384 2320 1.0
2320 2384 1.0
2384 2376 1.0
2376 2384 1.0
2384 2380 2.0
2380 2384 2.0
2384 2382 1.0
2382 2384 1.0
2384 2383 1.0
2383 2384 1.0
2385 337 1.0
337 2385 1.0
2385 2129 2.0
2129 2385 2.0
2385 2321 1.0
2321 2385 1.0
2385 2369 1.0
2369 2385 1.0
2386 338 2.0
338 2386 2.0
2386 2130 1.0
2130 2386 1.0
2386 2322 1.0
2322 2386 1.0
2386 2370 1.0
2370 2386 1.0
2386 2385 1.0
2385 2386 1.0
2387 339 1.0
339 2387 1.0
2387 2131 1.0
2131 2387 1.0
2387 2323 1.0
2323 2387 1.0
2387 2371 1.0
2371 2387 1.0
2387 2385 1.0
2385 2387 1.0
2388 340 1.0
340 2388 1.0
2388 2132 1.0
2132 2388 1.0
2388 2324 1.0
2324 2388 1.0
2388 2372 1.0
2372 2388 1.0
2388 2386 1.0
2386 2388 1.0
2388 2387 1.0
2387 2388 1.0
2389 341 1.0
341 2389 1.0
2389 2133 1.0
2133 2389 1.0
2389 2325 1.0
2325 2389 1.0
2389 2373 1.0
2373 2389 1.0
2389 2385 1.0
2385 2389 1.0
2390 342 1.0
342 2390 1.0
2390 2134 2.0
2134 2390 2.0
2390 2326 1.0
2326 2390 1.0
2390 2374 1.0
2374 2390 1.0
2390 2386 1.0
2386 2390 1.0
2390 2389 1.0
2389 2390 1.0
2391 343 1.0
343 2391 1.0
2391 2135 1.0
2135 2391 1.0
2391 2327 1.0
2327 2391 1.0
2391 2375 1.0
2375 2391 1.0
2391 2387 1.0
2387 2391 1.0
2391 2389 1.0
2389 2391 1.0
2392 344 1.0
344 2392 1.0
2392 2136 1.0
2136 2392 1.0
2392 2328 1.0
2328 2392 1.0
2392 2376 1.0
2376 2392 1.0
2392 2388 1.0
2388 2392 1.0
2392 2390 1.0
2390 2392 1.0
2392 2391 1.0
2391 2392 1.0
2393 345 1.0
345 2393 1.0
2393 2137 1.0
2137 2393 1.0
2393 2329 1.0
2329 2393 1.0
2393 2377 1.0
2377 2393 1.0
2393 2385 1.0
2385 2393 1.0
2394 346 1.0
346 2394 1.0
2394 2138 1.0
2138 2394 1.0
2394 2330 2.0
2330 2394 2.0
2394 2378 1.0
2378 2394 1.0
2394 2386 1.0
2386 2394 1.0
2394 2393 1.0
2393 2394 1.0
2395 347 1.0
347 2395 1.0
2395 2139 1.0
2139 2395 1.0
2395 2331 1.0
2331 2395 1.0
2395 2379 2.0
2379 2395 2.0
2395 2387 1.0
2387 2395 1.0
2395 2393 1.0
2393 2395 1.0
2396 348 1.0
348 2396 1.0
2396 2140 1.0
2140 2396 1.0
2396 2332 1.0
2332 2396 1.0
2396 2380 2.0
2380 2396 2.0
2396 2388 1.0
2388 2396 1.0
2396 2394 1.0
2394 2396 1.0
2396 2395 1.0
2395 2396 1.0
2397 349 2.0
349 2397 2.0
2397 2141 2.0
2141 2397 2.0
2397 2333 2.0
2333 2397 2.0
2397 2381 2.0
2381 2397 2.0
2397 2389 2.0
2389 2397 2.0
2397 2393 2.0
2393 2397 2.0
2398 350 2.0
350 2398 2.0
2398 2142 2.0
2142 2398 2.0
2398 2334 2.0
2334 2398 2.0
2398 2382 2.0
2382 2398 2.0
2398 2390 2.0
2390 2398 2.0
2398 2394 2.0
2394 2398 2.0
2398 2397 3.0
2397 2398 3.0
2399 351 1.0
351 2399 1.0
2399 2143 1.0
2143 2399 1.0
2399 2335 1.0
2335 2399 1.0
2399 2383 1.0
2383 2399 1.0
2399 2391 1.0
2391 2399 1.0
2399 2395 1.0
2395 2399 1.0
2399 2397 2.0
2397 2399 2.0
2400 352 1.0
352 2400 1.0
2400 2144 1.0
2144 2400 1.0
2400 2336 1.0
2336 2400 1.0
2400 2384 1.0
2384 2400 1.0
2400 2392 1.0
2392 2400 1.0
2400 2396 1.0
2396 2400 1.0
2400 2398 2.0
2398 2400 2.0
2400 2399 1.0
2399 2400 1.0
2401 353 1.0
353 2401 1.0
2401 2145 1.0
2145 2401 1.0
2401 2337 1.0
2337 2401 1.0
2401 2369 1.0
2369 2401 1.0
2402 354 1.0
354 2402 1.0
2402 2146 1.0
2146 2402 1.0
2402 2338 1.0
2338 2402 1.0
2402 2370 1.0
2370 2402 1.0
2402 2401 1.0
2401 2402 1.0
2403 355 1.0
355 2403 1.0
2403 2147 1.0
2147 2403 1.0
2403 2339 1.0
2339 2403 1.0
2403 2371 1.0
2371 2403 1.0
2403 2401 1.0
2401 2403 1.0
2404 356 1.0
356 2404 1.0
2404 2148 1.0
2148 2404 1.0
2404 2340 2.0
2340 2404 2.0
2404 2372 1.0
2372 2404 1.0
2404 2402 1.0
2402 2404 1.0
2404 2403 1.0
2403 2404 1.0
2405 357 1.0
357 2405 1.0
2405 2149 1.0
2149 2405 1.0
2405 2341 1.0
2341 2405 1.0
2405 2373 1.0
2373 2405 1.0
2405 2401 1.0
2401 2405 1.0
2406 358 2.0
358 2406 2.0
2406 2150 3.0
2150 2406 3.0
2406 2342 2.0
2342 2406 2.0
2406 2374 2.0
2374 2406 2.0
2406 2402 2.0
2402 2406 2.0
2406 2405 2.0
2405 2406 2.0
2407 359 1.0
359 2407 1.0
2407 2151 1.0
2151 2407 1.0
2407 2343 2.0
2343 2407 2.0
2407 2375 1.0
2375 2407 1.0
2407 2403 1.0
2403 2407 1.0
2407 2405 1.0
2405 2407 1.0
2408 360 1.0
360 2408 1.0
2408 2152 1.0
2152 2408 1.0
2408 2344 1.0
2344 2408 1.0
2408 2376 1.0
2376 2408 1.0
2408 2404 1.0
2404 2408 1.0
2408 2406 2.0
2406 2408 2.0
2408 2407 1.0
2407 2408 1.0
2409 361 2.0
361 2409 2.0
2409 2153 1.0
2153 2409 1.0
2409 2345 1.0
2345 2409 1.0
2409 2377 1.0
2377 2409 1.0
2409 2401 1.0
2401 2409 1.0
2410 362 2.0
362 2410 2.0
2410 2154 1.0
2154 2410 1.0
2410 2346 1.0
2346 2410 1.0
2410 2378 1.0
2378 2410 1.0
2410 2402 1.0
2402 2410 1.0
2410 2409 1.0
2409 2410 1.0
2411 363 1.0
363 2411 1.0
2411 2155 1.0
2155 2411 1.0
2411 2347 1.0
2347 2411 1.0
2411 2379 2.0
2379 2411 2.0
2411 2403 1.0
2403 2411 1.0
2411 2409 1.0
2409 2411 1.0
2412 364 1.0
364 2412 1.0
2412 2156 1.0
2156 2412 1.0
2412 2348 1.0
2348 2412 1.0
2412 2380 2.0
2380 2412 2.0
2412 2404 1.0
2404 2412 1.0
2412 2410 1.0
2410 2412 1.0
2412 2411 1.0
2411 2412 1.0
2413 365 1.0
365 2413 1.0
2413 2157 2.0
2157 2413 2.0
2413 2349 2.0
2349 2413 2.0
2413 2381 1.0
2381 2413 1.0
2413 2405 1.0
2405 2413 1.0
2413 2409 1.0
2409 2413 1.0
2414 366 1.0
366 2414 1.0
2414 2158 1.0
2158 2414 1.0
2414 2350 1.0
2350 2414 1.0
2414 2382 1.0
2382 2414 1.0
2414 2406 2.0
2406 2414 2.0
2414 2410 1.0
2410 2414 1.0
2414 2413 1.0
2413 2414 1.0
2415 367 1.0
367 2415 1.0
2415 2159 2.0
2159 2415 2.0
2415 2351 1.0
2351 2415 1.0
2415 2383 1.0
2383 2415 1.0
2415 2407 1.0
2407 2415 1.0
2415 2411 1.0
2411 2415 1.0
2415 2413 1.0
2413 2415 1.0
2416 368 1.0
368 2416 1.0
2416 2160 1.0
2160 2416 1.0
2416 2352 1.0
2352 2416 1.0
2416 2384 1.0
2384 2416 1.0
2416 2408 1.0
2408 2416 1.0
2416 2412 1.0
2412 2416 1.0
2416 2414 1.0
2414 2416 1.0
2416 2415 1.0
2415 2416 1.0
2417 369 1.0
369 2417 1.0
2417 2161 1.0
2161 2417 1.0
2417 2353 1.0
2353 2417 1.0
2417 2385 1.0
2385 2417 1.0
2417 2401 1.0
2401 2417 1.0
2418 370 1.0
370 2418 1.0
2418 2162 1.0
2162 2418 1.0
2418 2354 2.0
2354 2418 2.0
2418 2386 1.0
2386 2418 1.0
2418 2402 1.0
2402 2418 1.0
2418 2417 1.0
2417 2418 1.0
2419 371 1.0
371 2419 1.0
2419 2163 1.0
2163 2419 1.0
2419 2355 1.0
2355 2419 1.0
2419 2387 1.0
2387 2419 1.0
2419 2403 1.0
2403 2419 1.0
2419 2417 1.0
2417 2419 1.0
2420 372 2.0
372 2420 2.0
2420 2164 2.0
2164 2420 2.0
2420 2356 2.0
2356 2420 2.0
2420 2388 2.0
2388 2420 2.0
2420 2404 2.0
2404 2420 2.0
2420 2418 2.0
2418 2420 2.0
2420 2419 2.0
2419 2420 2.0
2421 373 1.0
373 2421 1.0
2421 2165 1.0
2165 2421 1.0
2421 2357 1.0
2357 2421 1.0
2421 2389 1.0
2389 2421 1.0
2421 2405 1.0
2405 2421 1.0
2421 2417 1.0
2417 2421 1.0
2422 374 1.0
374 2422 1.0
2422 2166 1.0
2166 2422 1.0
2422 2358 1.0
2358 2422 1.0
2422 2390 1.0
2390 2422 1.0
2422 2406 2.0
2406 2422 2.0
2422 2418 1.0
2418 2422 1.0
2422 2421 1.0
2421 2422 1.0
2423 375 2.0
375 2423 2.0
2423 2167 1.0
2167 2423 1.0
2423 2359 1.0
2359 2423 1.0
2423 2391 1.0
2391 2423 1.0
2423 2407 1.0
2407 2423 1.0
2423 2419 1.0
2419 2423 1.0
2423 2421 1.0
2421 2423 1.0
2424 376 1.0
376 2424 1.0
2424 2168 2.0
2168 2424 2.0
2424 2360 1.0
2360 2424 1.0
2424 2392 1.0
2392 2424 1.0
2424 2408 1.0
2408 2424 1.0
2424 2420 2.0
2420 2424 2.0
2424 2422 1.0
2422 2424 1.0
2424 2423 1.0
2423 2424 1.0
2425 377 1.0
377 2425 1.0
2425 2169 1.0
2169 2425 1.0
2425 2361 1.0
2361 2425 1.0
2425 2393 1.0
2393 2425 1.0
2425 2409 1.0
2409 2425 1.0
2425 2417 1.0
2417 2425 1.0
2426 378 1.0
378 2426 1.0
2426 2170 2.0
2170 2426 2.0
2426 2362 1.0
2362 2426 1.0
2426 2394 1.0
2394 2426 1.0
2426 2410 1.0
2410 2426 1.0
2426 2418 1.0
2418 2426 1.0
2426 2425 1.0
2425 2426 1.0
2427 379 1.0
379 2427 1.0
2427 2171 1.0
2171 2427 1.0
2427 2363 2.0
2363 2427 2.0
2427 2395 1.0
2395 2427 1.0
2427 2411 1.0
2411 2427 1.0
2427 2419 1.0
2419 2427 1.0
2427 2425 1.0
2425 2427 1.0
2428 380 1.0
380 2428 1.0
2428 2172 1.0
2172 2428 1.0
2428 2364 1.0
2364 2428 1.0
2428 2396 1.0
2396 2428 1.0
2428 2412 1.0
2412 2428 1.0
2428 2420 2.0
2420 2428 2.0
2428 2426 1.0
2426 2428 1.0
2428 2427 1.0
2427 2428 1.0
2429 381 1.0
381 2429 1.0
2429 2173 1.0
2173 2429 1.0
2429 2365 1.0
2365 2429 1.0
2429 2397 2.0
2397 2429 2.0
2429 2413 1.0
2413 2429 1.0
2429 2421 1.0
2421 2429 1.0
2429 2425 1.0
2425 2429 1.0
2430 382 1.0
382 2430 1.0
2430 2174 1.0
2174 2430 1.0
2430 2366 1.0
2366 2430 1.0
2430 2398 2.0
2398 2430 2.0
2430 2414 1.0
2414 2430 1.0
2430 2422 1.0
2422 2430 1.0
2430 2426 1.0
2426 2430 1.0
2430 2429 1.0
2429 2430 1.0
2431 383 1.0
383 2431 1.0
2431 2175 1.0
2175 2431 1.0
2431 2367 1.0
2367 2431 1.0
2431 2399 1.0
2399 2431 1.0
2431 2415 1.0
2415 2431 1.0
2431 2423 1.0
2423 2431 1.0
2431 2427 1.0
2427 2431 1.0
2431 2429 1.0
2429 2431 1.0
2432 384 2.0
384 2432 2.0
2432 2176 2.0
2176 2432 2.0
2432 2368 3.0
2368 2432 3.0
2432 2400 2.0
2400 2432 2.0
2432 2416 2.0
2416 2432 2.0
2432 2424 2.0
2424 2432 2.0
2432 2428 2.0
2428 2432 2.0
2432 2430 2.0
2430 2432 2.0
2432 2431 2.0
2431 2432 2.0
2433 385 1.0
385 2433 1.0
2433 2177 1.0
2177 2433 1.0
2433 2305 2.0
2305 2433 2.0
2434 386 1.0
386 2434 1.0
2434 2178 1.0
2178 2434 1.0
2434 2306 1.0
2306 2434 1.0
2434 2433 1.0
2433 2434 1.0
2435 387 1.0
387 2435 1.0
2435 2179 1.0
2179 2435 1.0
2435 2307 1.0
2307 2435 1.0
2435 2433 1.0
2433 2435 1.0
2436 388 1.0
388 2436 1.0
2436 2180 1.0
2180 2436 1.0
2436 2308 1.0
2308 2436 1.0
2436 2434 1.0
2434 2436 1.0
2436 2435 1.0
2435 2436 1.0
2437 389 1.0
389 2437 1.0
2437 2181 1.0
2181 2437 1.0
2437 2309 1.0
2309 2437 1.0
2437 2433 1.0
2433 2437 1.0
2438 390 1.0
390 2438 1.0
2438 2182 1.0
2182 2438 1.0
2438 2310 1.0
2310 2438 1.0
2438 2434 1.0
2434 2438 1.0
2438 2437 1.0
2437 2438 1.0
2439 391 1.0
391 2439 1.0
2439 2183 2.0
2183 2439 2.0
2439 2311 1.0
2311 2439 1.0
2439 2435 1.0
2435 2439 1.0
2439 2437 1.0
2437 2439 1.0
2440 392 2.0
392 2440 2.0
2440 2184 2.0
2184 2440 2.0
2440 2312 2.0
2312 2440 2.0
2440 2436 2.0
2436 2440 2.0
2440 2438 2.0
2438 2440 2.0
2440 2439 2.0
2439 2440 2.0
2441 393 1.0
393 2441 1.0
2441 2185 1.0
2185 2441 1.0
2441 2313 1.0
2313 2441 1.0
2441 2433 1.0
2433 2441 1.0
2442 394 1.0
394 2442 1.0
2442 2186 1.0
2186 2442 1.0
2442 2314 1.0
2314 2442 1.0
2442 2434 1.0
2434 2442 1.0
2442 2441 1.0
2441 2442 1.0
2443 395 2.0
395 2443 2.0
2443 2187 1.0
2187 2443 1.0
2443 2315 1.0
2315 2443 1.0
2443 2435 1.0
2435 2443 1.0
2443 2441 1.0
2441 2443 1.0
2444 396 1.0
396 2444 1.0
2444 2188 1.0
2188 2444 1.0
2444 2316 1.0
2316 2444 1.0
2444 2436 1.0
2436 2444 1.0
2444 2442 1.0
2442 2444 1.0
2444 2443 1.0
2443 2444 1.0
2445 397 1.0
397 2445 1.0
2445 2189 1.0
2189 2445 1.0
2445 2317 1.0
2317 2445 1.0
2445 2437 1.0
2437 2445 1.0
2445 2441 1.0
2441 2445 1.0
2446 398 1.0
398 2446 1.0
2446 2190 2.0
2190 2446 2.0
2446 2318 1.0
2318 2446 1.0
2446 2438 1.0
2438 2446 1.0
2446 2442 1.0
2442 2446 1.0
2446 2445 1.0
2445 2446 1.0
2447 399 1.0
399 2447 1.0
2447 2191 1.0
2191 2447 1.0
2447 2319 1.0
2319 2447 1.0
2447 2439 1.0
2439 2447 1.0
2447 2443 1.0
2443 2447 1.0
2447 2445 1.0
2445 2447 1.0
2448 400 1.0
400 2448 1.0
2448 2192 1.0
2192 2448 1.0
2448 2320 1.0
2320 2448 1.0
2448 2440 2.0
2440 2448 2.0
2448 2444 1.0
2444 2448 1.0
2448 2446 1.0
2446 2448 1.0
2448 2447 1.0
2447 2448 1.0
2449 401 1.0
401 2449 1.0
2449 2193 1.0
2193 2449 1.0
2449 2321 1.0
2321 2449 1.0
2449 2433 1.0
2433 2449 1.0
2450 402 2.0
402 2450 2.0
2450 2194 2.0
2194 2450 2.0
2450 2322 2.0
2322 2450 2.0
2450 2434 2.0
2434 2450 2.0
2450 2449 2.0
2449 2450 2.0
2451 403 1.0
403 2451 1.0
2451 2195 1.0
2195 2451 1.0
2451 2323 1.0
2323 2451 1.0
2451 2435 1.0
2435 2451 1.0
2451 2449 1.0
2449 2451 1.0
2452 404 1.0
404 2452 1.0
2452 2196 1.0
2196 2452 1.0
2452 2324 1.0
2324 2452 1.0
2452 2436 1.0
2436 2452 1.0
2452 2450 2.0
2450 2452 2.0
2452 2451 1.0
2451 2452 1.0
2453 405 1.0
405 2453 1.0
2453 2197 2.0
2197 2453 2.0
2453 2325 1.0
2325 2453 1.0
2453 2437 1.0
2437 2453 1.0
2453 2449 1.0
2449 2453 1.0
2454 406 1.0
406 2454 1.0
2454 2198 1.0
2198 2454 1.0
2454 2326 1.0
2326 2454 1.0
2454 2438 1.0
2438 2454 1.0
2454 2450 2.0
2450 2454 2.0
2454 2453 1.0
2453 2454 1.0
2455 407 1.0
407 2455 1.0
2455 2199 1.0
2199 2455 1.0
2455 2327 1.0
2327 2455 1.0
2455 2439 1.0
2439 2455 1.0
2455 2451 1.0
2451 2455 1.0
2455 2453 1.0
2453 2455 1.0
2456 408 1.0
408 2456 1.0
2456 2200 1.0
2200 2456 1.0
2456 2328 1.0
2328 2456 1.0
2456 2440 2.0
2440 2456 2.0
2456 2452 1.0
2452 2456 1.0
2456 2454 1.0
2454 2456 1.0
2456 2455 1.0
2455 2456 1.0
2457 409 1.0
409 2457 1.0
2457 2201 1.0
2201 2457 1.0
2457 2329 1.0
2329 2457 1.0
2457 2441 1.0
2441 2457 1.0
2457 2449 1.0
2449 2457 1.0
2458 410 1.0
410 2458 1.0
2458 2202 1.0
2202 2458 1.0
2458 2330 2.0
2330 2458 2.0
2458 2442 1.0
2442 2458 1.0
2458 2450 2.0
2450 2458 2.0
2458 2457 1.0
2457 2458 1.0
2459 411 1.0
411 2459 1.0
2459 2203 2.0
2203 2459 2.0
2459 2331 1.0
2331 2459 1.0
2459 2443 1.0
2443 2459 1.0
2459 2451 1.0
2451 2459 1.0
2459 2457 1.0
2457 2459 1.0
2460 412 2.0
412 2460 2.0
2460 2204 1.0
2204 2460 1.0
2460 2332 1.0
2332 2460 1.0
2460 2444 1.0
2444 2460 1.0
2460 2452 1.0
2452 2460 1.0
2460 2458 1.0
2458 2460 1.0
2460 2459 1.0
2459 2460 1.0
2461 413 2.0
413 2461 2.0
2461 2205 1.0
2205 2461 1.0
2461 2333 1.0
2333 2461 1.0
2461 2445 1.0
2445 2461 1.0
2461 2453 1.0
2453 2461 1.0
2461 2457 1.0
2457 2461 1.0
2462 414 1.0
414 2462 1.0
2462 2206 2.0
2206 2462 2.0
2462 2334 1.0
2334 2462 1.0
2462 2446 1.0
2446 2462 1.0
2462 2454 1.0
2454 2462 1.0
2462 2458 1.0
2458 2462 1.0
2462 2461 1.0
2461 2462 1.0
2463 415 2.0
415 2463 2.0
2463 2207 2.0
2207 2463 2.0
2463 2335 2.0
2335 2463 2.0
2463 2447 2.0
2447 2463 2.0
2463 2455 2.0
2455 2463 2.0
2463 2459 2.0
2459 2463 2.0
2463 2461 2.0
2461 2463 2.0
2464 416 1.0
416 2464 1.0
2464 2208 1.0
2208 2464 1.0
2464 2336 1.0
2336 2464 1.0
2464 2448 1.0
2448 2464 1.0
2464 2456 1.0
2456 2464 1.0
2464 2460 1.0
2460 2464 1.0
2464 2462 1.0
2462 2464 1.0
2464 2463 2.0
2463 2464 2.0
2465 417 1.0
417 2465 1.0
2465 2209 2.0
2209 2465 2.0
2465 2337 1.0
2337 2465 1.0
2465 2433 1.0
2433 2465 1.0
2466 418 1.0
418 2466 1.0
2466 2210 1.0
2210 2466 1.0
2466 2338 1.0
2338 2466 1.0
2466 2434 1.0
2434 2466 1.0
2466 2465 1.0
2465 2466 1.0
2467 419 2.0
419 2467 2.0
2467 2211 2.0
2211 2467 2.0
2467 2339 2.0
2339 2467 2.0
2467 2435 2.0
2435 2467 2.0
2467 2465 2.0
2465 2467 2.0
2468 420 1.0
420 2468 1.0
2468 2212 1.0
2212 2468 1.0
2468 2340 2.0
2340 2468 2.0
2468 2436 1.0
2436 2468 1.0
2468 2466 1.0
2466 2468 1.0
2468 2467 2.0
2467 2468 2.0
2469 421 1.0
421 2469 1.0
2469 2213 1.0
2213 2469 1.0
2469 2341 1.0
2341 2469 1.0
2469 2437 1.0
2437 2469 1.0
2469 2465 1.0
2465 2469 1.0
2470 422 1.0
422 2470 1.0
2470 2214 2.0
2214 2470 2.0
2470 2342 1.0
2342 2470 1.0
2470 2438 1.0
2438 2470 1.0
2470 2466 1.0
2466 2470 1.0
2470 2469 1.0
2469 2470 1.0
2471 423 1.0
423 2471 1.0
2471 2215 1.0
2215 2471 1.0
2471 2343 2.0
2343 2471 2.0
2471 2439 1.0
2439 2471 1.0
2471 2467 2.0
2467 2471 2.0
2471 2469 1.0
2469 2471 1.0
2472 424 1.0
424 2472 1.0
2472 2216 1.0
2216 2472 1.0
2472 2344 1.0
2344 2472 1.0
2472 2440 2.0
2440 2472 2.0
2472 2468 1.0
2468 2472 1.0
2472 2470 1.0
2470 2472 1.0
2472 2471 1.0
2471 2472 1.0
2473 425 1.0
425 2473 1.0
2473 2217 1.0
2217 2473 1.0
2473 2345 1.0
2345 2473 1.0
2473 2441 1.0
2441 2473 1.0
2473 2465 1.0
2465 2473 1.0
2474 426 2.0
426 2474 2.0
2474 2218 2.0
2218 2474 2.0
2474 2346 2.0
2346 2474 2.0
2474 2442 2.0
2442 2474 2.0
2474 2466 2.0
2466 2474 2.0
2474 2473 2.0
2473 2474 2.0
2475 427 1.0
427 2475 1.0
2475 2219 1.0
2219 2475 1.0
2475 2347 1.0
2347 2475 1.0
2475 2443 1.0
2443 2475 1.0
2475 2467 2.0
2467 2475 2.0
2475 2473 1.0
2473 2475 1.0
2476 428 3.0
428 2476 3.0
2476 2220 2.0
2220 2476 2.0
2476 2348 2.0
2348 2476 2.0
2476 2444 2.0
2444 2476 2.0
2476 2468 2.0
2468 2476 2.0
2476 2474 3.0
2474 2476 3.0
2476 2475 2.0
2475 2476 2.0
2477 429 1.0
429 2477 1.0
2477 2221 1.0
2221 2477 1.0
2477 2349 2.0
2349 2477 2.0
2477 2445 1.0
2445 2477 1.0
2477 2469 1.0
2469 2477 1.0
2477 2473 1.0
2473 2477 1.0
2478 430 2.0
430 2478 2.0
2478 2222 1.0
2222 2478 1.0
2478 2350 1.0
2350 2478 1.0
2478 2446 1.0
2446 2478 1.0
2478 2470 1.0
2470 2478 1.0
2478 2474 2.0
2474 2478 2.0
2478 2477 1.0
2477 2478 1.0
2479 431 2.0
431 2479 2.0
2479 2223 1.0
2223 2479 1.0
2479 2351 1.0
2351 2479 1.0
2479 2447 1.0
2447 2479 1.0
2479 2471 1.0
2471 2479 1.0
2479 2475 1.0
2475 2479 1.0
2479 2477 1.0
2477 2479 1.0
2480 432 1.0
432 2480 1.0
2480 2224 1.0
2224 2480 1.0
2480 2352 1.0
2352 2480 1.0
2480 2448 1.0
2448 2480 1.0
2480 2472 1.0
2472 2480 1.0
2480 2476 2.0
2476 2480 2.0
2480 2478 1.0
2478 2480 1.0
2480 2479 1.0
2479 2480 1.0
2481 433 2.0
433 2481 2.0
2481 2225 1.0
2225 2481 1.0
2481 2353 1.0
2353 2481 1.0
2481 2449 1.0
2449 2481 1.0
2481 2465 1.0
2465 2481 1.0
2482 434 1.0
434 2482 1.0
2482 2226 1.0
2226 2482 1.0
2482 2354 2.0
2354 2482 2.0
2482 2450 2.0
2450 2482 2.0
2482 2466 1.0
2466 2482 1.0
2482 2481 1.0
2481 2482 1.0
2483 435 1.0
435 2483 1.0
2483 2227 1.0
2227 2483 1.0
2483 2355 1.0
2355 2483 1.0
2483 2451 1.0
2451 2483 1.0
2483 2467 2.0
2467 2483 2.0
2483 2481 1.0
2481 2483 1.0
2484 436 1.0
436 2484 1.0
2484 2228 2.0
2228 2484 2.0
2484 2356 1.0
2356 2484 1.0
2484 2452 1.0
2452 2484 1.0
2484 2468 1.0
2468 2484 1.0
2484 2482 1.0
2482 2484 1.0
2484 2483 1.0
2483 2484 1.0
2485 437 1.0
437 2485 1.0
2485 2229 1.0
2229 2485 1.0
2485 2357 1.0
2357 2485 1.0
2485 2453 1.0
2453 2485 1.0
2485 2469 1.0
2469 2485 1.0
2485 2481 1.0
2481 2485 1.0
2486 438 1.0
438 2486 1.0
2486 2230 1.0
2230 2486 1.0
2486 2358 1.0
2358 2486 1.0
2486 2454 1.0
2454 2486 1.0
2486 2470 1.0
2470 2486 1.0
2486 2482 1.0
2482 2486 1.0
2486 2485 1.0
2485 2486 1.0
2487 439 1.0
439 2487 1.0
2487 2231 1.0
2231 2487 1.0
2487 2359 1.0
2359 2487 1.0
2487 2455 1.0
2455 2487 1.0
2487 2471 1.0
2471 2487 1.0
2487 2483 1.0
2483 2487 1.0
2487 2485 1.0
2485 2487 1.0
2488 440 2.0
440 2488 2.0
2488 2232 1.0
2232 2488 1.0
2488 2360 1.0
2360 2488 1.0
2488 2456 1.0
2456 2488 1.0
2488 2472 1.0
2472 2488 1.0
2488 2484 1.0
2484 2488 1.0
2488 2486 1.0
2486 2488 1.0
2488 2487 1.0
2487 2488 1.0
2489 441 1.0
441 2489 1.0
2489 2233 1.0
2233 2489 1.0
2489 2361 1.0
2361 2489 1.0
2489 2457 1.0
2457 2489 1.0
2489 2473 1.0
2473 2489 1.0
2489 2481 1.0
2481 2489 1.0
2490 442 1.0
442 2490 1.0
2490 2234 1.0
2234 2490 1.0
2490 2362 1.0
2362 2490 1.0
2490 2458 1.0
2458 2490 1.0
2490 2474 2.0
2474 2490 2.0
2490 2482 1.0
2482 2490 1.0
2490 2489 1.0
2489 2490 1.0
2491 443 1.0
443 2491 1.0
2491 2235 1.0
2235 2491 1.0
2491 2363 2.0
2363 2491 2.0
2491 2459 1.0
2459 2491 1.0
2491 2475 1.0
2475 2491 1.0
2491 2483 1.0
2483 2491 1.0
2491 2489 1.0
2489 2491 1.0
2492 444 1.0
444 2492 1.0
2492 2236 1.0
2236 2492 1.0
2492 2364 1.0
2364 2492 1.0
2492 2460 1.0
2460 2492 1.0
2492 2476 2.0
2476 2492 2.0
2492 2484 1.0
2484 2492 1.0
2492 2490 1.0
2490 2492 1.0
2492 2491 1.0
2491 2492 1.0
2493 445 1.0
445 2493 1.0
2493 2237 1.0
2237 2493 1.0
2493 2365 1.0
2365 2493 1.0
2493 2461 1.0
2461 2493 1.0
2493 2477 1.0
2477 2493 1.0
2493 2485 1.0
2485 2493 1.0
2493 2489 1.0
2489 2493 1.0
2494 446 1.0
446 2494 1.0
2494 2238 1.0
2238 2494 1.0
2494 2366 1.0
2366 2494 1.0
2494 2462 1.0
2462 2494 1.0
2494 2478 1.0
2478 2494 1.0
2494 2486 1.0
2486 2494 1.0
2494 2490 1.0
2490 2494 1.0
2494 2493 1.0
2493 2494 1.0
2495 447 1.0
447 2495 1.0
2495 2239 2.0
2239 2495 2.0
2495 2367 1.0
2367 2495 1.0
2495 2463 2.0
2463 2495 2.0
2495 2479 1.0
2479 2495 1.0
2495 2487 1.0
2487 2495 1.0
2495 2491 1.0
2491 2495 1.0
2495 2493 1.0
2493 2495 1.0
2496 448 1.0
448 2496 1.0
2496 2240 1.0
2240 2496 1.0
2496 2368 2.0
2368 2496 2.0
2496 2464 1.0
2464 2496 1.0
2496 2480 1.0
2480 2496 1.0
2496 2488 1.0
2488 2496 1.0
2496 2492 1.0
2492 2496 1.0
2496 2494 1.0
2494 2496 1.0
2496 2495 1.0
2495 2496 1.0
2497 449 2.0
449 2497 2.0
2497 2241 2.0
2241 2497 2.0
2497 2369 2.0
2369 2497 2.0
2497 2433 2.0
2433 2497 2.0
2498 450 1.0
450 2498 1.0
2498 2242 1.0
2242 2498 1.0
2498 2370 1.0
2370 2498 1.0
2498 2434 1.0
2434 2498 1.0
2498 2497 2.0
2497 2498 2.0
2499 451 1.0
451 2499 1.0
2499 2243 1.0
2243 2499 1.0
2499 2371 1.0
2371 2499 1.0
2499 2435 1.0
2435 2499 1.0
2499 2497 2.0
2497 2499 2.0
2500 452 1.0
452 2500 1.0
2500 2244 1.0
2244 2500 1.0
2500 2372 1.0
2372 2500 1.0
2500 2436 1.0
2436 2500 1.0
2500 2498 1.0
2498 2500 1.0
2500 2499 1.0
2499 2500 1.0
2501 453 1.0
453 2501 1.0
2501 2245 1.0
2245 2501 1.0
2501 2373 1.0
2373 2501 1.0
2501 2437 1.0
2437 2501 1.0
2501 2497 2.0
2497 2501 2.0
2502 454 2.0
454 2502 2.0
2502 2246 1.0
2246 2502 1.0
2502 2374 1.0
2374 2502 1.0
2502 2438 1.0
2438 2502 1.0
2502 2498 1.0
2498 2502 1.0
2502 2501 1.0
2501 2502 1.0
2503 455 2.0
455 2503 2.0
2503 2247 2.0
2247 2503 2.0
2503 2375 1.0
2375 2503 1.0
2503 2439 1.0
2439 2503 1.0
2503 2499 1.0
2499 2503 1.0
2503 2501 1.0
2501 2503 1.0
2504 456 1.0
456 2504 1.0
2504 2248 1.0
2248 2504 1.0
2504 2376 1.0
2376 2504 1.0
2504 2440 2.0
2440 2504 2.0
2504 2500 1.0
2500 2504 1.0
2504 2502 1.0
2502 2504 1.0
2504 2503 1.0
2503 2504 1.0
2505 457 2.0
457 2505 2.0
2505 2249 1.0
2249 2505 1.0
2505 2377 1.0
2377 2505 1.0
2505 2441 1.0
2441 2505 1.0
2505 2497 2.0
2497 2505 2.0
2506 458 1.0
458 2506 1.0
2506 2250 2.0
2250 2506 2.0
2506 2378 1.0
2378 2506 1.0
2506 2442 1.0
2442 2506 1.0
2506 2498 1.0
2498 2506 1.0
2506 2505 1.0
2505 2506 1.0
2507 459 1.0
459 2507 1.0
2507 2251 1.0
2251 2507 1.0
2507 2379 2.0
2379 2507 2.0
2507 2443 1.0
2443 2507 1.0
2507 2499 1.0
2499 2507 1.0
2507 2505 1.0
2505 2507 1.0
2508 460 1.0
460 2508 1.0
2508 2252 2.0
2252 2508 2.0
2508 2380 2.0
2380 2508 2.0
2508 2444 1.0
2444 2508 1.0
2508 2500 1.0
2500 2508 1.0
2508 2506 1.0
2506 2508 1.0
2508 2507 1.0
2507 2508 1.0
2509 461 1.0
461 2509 1.0
2509 2253 1.0
2253 2509 1.0
2509 2381 1.0
2381 2509 1.0
2509 2445 1.0
2445 2509 1.0
2509 2501 1.0
2501 2509 1.0
2509 2505 1.0
2505 2509 1.0
2510 462 2.0
462 2510 2.0
2510 2254 2.0
2254 2510 2.0
2510 2382 2.0
2382 2510 2.0
2510 2446 2.0
2446 2510 2.0
2510 2502 2.0
2502 2510 2.0
2510 2506 2.0
2506 2510 2.0
2510 2509 2.0
2509 2510 2.0
2511 463 1.0
463 2511 1.0
2511 2255 1.0
2255 2511 1.0
2511 2383 1.0
2383 2511 1.0
2511 2447 1.0
2447 2511 1.0
2511 2503 1.0
2503 2511 1.0
2511 2507 1.0
2507 2511 1.0
2511 2509 1.0
2509 2511 1.0
2512 464 1.0
464 2512 1.0
2512 2256 1.0
2256 2512 1.0
2512 2384 1.0
2384 2512 1.0
2512 2448 1.0
2448 2512 1.0
2512 2504 1.0
2504 2512 1.0
2512 2508 1.0
2508 2512 1.0
2512 2510 2.0
2510 2512 2.0
2512 2511 1.0
2511 2512 1.0
2513 465 1.0
465 2513 1.0
2513 2257 1.0
2257 2513 1.0
2513 2385 1.0
2385 2513 1.0
2513 2449 1.0
2449 2513 1.0
2513 2497 2.0
2497 2513 2.0
2514 466 1.0
466 2514 1.0
2514 2258 1.0
2258 2514 1.0
2514 2386 1.0
2386 2514 1.0
2514 2450 2.0
2450 2514 2.0
2514 2498 1.0
2498 2514 1.0
2514 2513 1.0
2513 2514 1.0
2515 467 2.0
467 2515 2.0
2515 2259 2.0
2259 2515 2.0
2515 2387 2.0
2387 2515 2.0
2515 2451 2.0
2451 2515 2.0
2515 2499 2.0
2499 2515 2.0
2515 2513 2.0
2513 2515 2.0
2516 468 1.0
468 2516 1.0
2516 2260 1.0
2260 2516 1.0
2516 2388 1.0
2388 2516 1.0
2516 2452 1.0
2452 2516 1.0
2516 2500 1.0
2500 2516 1.0
2516 2514 1.0
2514 2516 1.0
2516 2515 2.0
2515 2516 2.0
2517 469 2.0
469 2517 2.0
2517 2261 1.0
2261 2517 1.0
2517 2389 1.0
2389 2517 1.0
2517 2453 1.0
2453 2517 1.0
2517 2501 1.0
2501 2517 1.0
2517 2513 1.0
2513 2517 1.0
2518 470 1.0
470 2518 1.0
2518 2262 1.0
2262 2518 1.0
2518 2390 1.0
2390 2518 1.0
2518 2454 1.0
2454 2518 1.0
2518 2502 1.0
2502 2518 1.0
2518 2514 1.0
2514 2518 1.0
2518 2517 1.0
2517 2518 1.0
2519 471 1.0
471 2519 1.0
2519 2263 1.0
2263 2519 1.0
2519 2391 1.0
2391 2519 1.0
2519 2455 1.0
2455 2519 1.0
2519 2503 1.0
2503 2519 1.0
2519 2515 2.0
2515 2519 2.0
2519 2517 1.0
2517 2519 1.0
2520 472 2.0
472 2520 2.0
2520 2264 2.0
2264 2520 2.0
2520 2392 2.0
2392 2520 2.0
2520 2456 2.0
2456 2520 2.0
2520 2504 2.0
2504 2520 2.0
2520 2516 2.0
2516 2520 2.0
2520 2518 2.0
2518 2520 2.0
2520 2519 2.0
2519 2520 2.0
2521 473 1.0
473 2521 1.0
2521 2265 1.0
2265 2521 1.0
2521 2393 1.0
2393 2521 1.0
2521 2457 1.0
2457 2521 1.0
2521 2505 1.0
2505 2521 1.0
2521 2513 1.0
2513 2521 1.0
2522 474 1.0
474 2522 1.0
2522 2266 1.0
2266 2522 1.0
2522 2394 1.0
2394 2522 1.0
2522 2458 1.0
2458 2522 1.0
2522 2506 1.0
2506 2522 1.0
2522 2514 1.0
2514 2522 1.0
2522 2521 1.0
2521 2522 1.0
2523 475 1.0
475 2523 1.0
2523 2267 1.0
2267 2523 1.0
2523 2395 1.0
2395 2523 1.0
2523 2459 1.0
2459 2523 1.0
2523 2507 1.0
2507 2523 1.0
2523 2515 2.0
2515 2523 2.0
2523 2521 1.0
2521 2523 1.0
2524 476 2.0
476 2524 2.0
2524 2268 1.0
2268 2524 1.0
2524 2396 1.0
2396 2524 1.0
2524 2460 1.0
2460 2524 1.0
2524 2508 1.0
2508 2524 1.0
2524 2516 1.0
2516 2524 1.0
2524 2522 1.0
2522 2524 1.0
2524 2523 1.0
2523 2524 1.0
2525 477 1.0
477 2525 1.0
2525 2269 1.0
2269 2525 1.0
2525 2397 2.0
2397 2525 2.0
2525 2461 1.0
2461 2525 1.0
2525 2509 1.0
2509 2525 1.0
2525 2517 1.0
2517 2525 1.0
2525 2521 1.0
2521 2525 1.0
2526 478 1.0
478 2526 1.0
2526 2270 1.0
2270 2526 1.0
2526 2398 2.0
2398 2526 2.0
2526 2462 1.0
2462 2526 1.0
2526 2510 2.0
2510 2526 2.0
2526 2518 1.0
2518 2526 1.0
2526 2522 1.0
2522 2526 1.0
2526 2525 1.0
2525 2526 1.0
2527 479 1.0
479 2527 1.0
2527 2271 1.0
2271 2527 1.0
2527 2399 1.0
2399 2527 1.0
2527 2463 2.0
2463 2527 2.0
2527 2511 1.0
2511 2527 1.0
2527 2519 1.0
2519 2527 1.0
2527 2523 1.0
2523 2527 1.0
2527 2525 1.0
2525 2527 1.0
2528 480 1.0
480 2528 1.0
2528 2272 1.0
2272 2528 1.0
2528 2400 1.0
2400 2528 1.0
2528 2464 1.0
2464 2528 1.0
2528 2512 1.0
2512 2528 1.0
2528 2520 2.0
2520 2528 2.0
2528 2524 1.0
2524 2528 1.0
2528 2526 1.0
2526 2528 1.0
2528 2527 1.0
2527 2528 1.0
2529 481 1.0
481 2529 1.0
2529 2273 1.0
2273 2529 1.0
2529 2401 1.0
2401 2529 1.0
2529 2465 1.0
2465 2529 1.0
2529 2497 2.0
2497 2529 2.0
2530 482 1.0
482 2530 1.0
2530 2274 1.0
2274 2530 1.0
2530 2402 1.0
2402 2530 1.0
2530 2466 1.0
2466 2530 1.0
2530 2498 1.0
2498 2530 1.0
2530 2529 1.0
2529 2530 1.0
2531 483 1.0
483 2531 1.0
2531 2275 1.0
2275 2531 1.0
2531 2403 1.0
2403 2531 1.0
2531 2467 2.0
2467 2531 2.0
2531 2499 1.0
2499 2531 1.0
2531 2529 1.0
2529 2531 1.0
2532 484 2.0
484 2532 2.0
2532 2276 1.0
2276 2532 1.0
2532 2404 1.0
2404 2532 1.0
2532 2468 1.0
2468 2532 1.0
2532 2500 1.0
2500 2532 1.0
2532 2530 1.0
2530 2532 1.0
2532 2531 1.0
2531 2532 1.0
2533 485 2.0
485 2533 2.0
2533 2277 1.0
2277 2533 1.0
2533 2405 1.0
2405 2533 1.0
2533 2469 1.0
2469 2533 1.0
2533 2501 1.0
2501 2533 1.0
2533 2529 1.0
2529 2533 1.0
2534 486 1.0
486 2534 1.0
2534 2278 1.0
2278 2534 1.0
2534 2406 2.0
2406 2534 2.0
2534 2470 1.0
2470 2534 1.0
2534 2502 1.0
2502 2534 1.0
2534 2530 1.0
2530 2534 1.0
2534 2533 1.0
2533 2534 1.0
2535 487 1.0
487 2535 1.0
2535 2279 1.0
2279 2535 1.0
2535 2407 1.0
2407 2535 1.0
2535 2471 1.0
2471 2535 1.0
2535 2503 1.0
2503 2535 1.0
2535 2531 1.0
2531 2535 1.0
2535 2533 1.0
2533 2535 1.0
2536 488 1.0
488 2536 1.0
2536 2280 1.0
2280 2536 1.0
2536 2408 1.0
2408 2536 1.0
2536 2472 1.0
2472 2536 1.0
2536 2504 1.0
2504 2536 1.0
2536 2532 1.0
2532 2536 1.0
2536 2534 1.0
2534 2536 1.0
2536 2535 1.0
2535 2536 1.0
2537 489 1.0
489 2537 1.0
2537 2281 1.0
2281 2537 1.0
2537 2409 1.0
2409 2537 1.0
2537 2473 1.0
2473 2537 1.0
2537 2505 1.0
2505 2537 1.0
2537 2529 1.0
2529 2537 1.0
2538 490 1.0
490 2538 1.0
2538 2282 1.0
2282 2538 1.0
2538 2410 1.0
2410 2538 1.0
2538 2474 2.0
2474 2538 2.0
2538 2506 1.0
2506 2538 1.0
2538 2530 1.0
2530 2538 1.0
2538 2537 1.0
2537 2538 1.0
2539 491 1.0
491 2539 1.0
2539 2283 1.0
2283 2539 1.0
2539 2411 1.0
2411 2539 1.0
2539 2475 1.0
2475 2539 1.0
2539 2507 1.0
2507 2539 1.0
2539 2531 1.0
2531 2539 1.0
2539 2537 1.0
2537 2539 1.0
2540 492 1.0
492 2540 1.0
2540 2284 1.0
2284 2540 1.0
2540 2412 1.0
2412 2540 1.0
2540 2476 2.0
2476 2540 2.0
2540 2508 1.0
2508 2540 1.0
2540 2532 1.0
2532 2540 1.0
2540 2538 1.0
2538 2540 1.0
2540 2539 1.0
2539 2540 1.0
2541 493 1.0
493 2541 1.0
2541 2285 2.0
2285 2541 2.0
2541 2413 1.0
2413 2541 1.0
2541 2477 1.0
2477 2541 1.0
2541 2509 1.0
2509 2541 1.0
2541 2533 1.0
2533 2541 1.0
2541 2537 1.0
2537 2541 1.0
2542 494 1.0
494 2542 1.0
2542 2286 1.0
2286 2542 1.0
2542 2414 1.0
2414 2542 1.0
2542 2478 1.0
2478 2542 1.0
2542 2510 2.0
2510 2542 2.0
2542 2534 1.0
2534 2542 1.0
2542 2538 1.0
2538 2542 1.0
2542 2541 1.0
2541 2542 1.0
2543 495 2.0
495 2543 2.0
2543 2287 2.0
2287 2543 2.0
2543 2415 2.0
2415 2543 2.0
2543 2479 2.0
2479 2543 2.0
2543 2511 2.0
2511 2543 2.0
2543 2535 2.0
2535 2543 2.0
2543 2539 2.0
2539 2543 2.0
2543 2541 2.0
2541 2543 2.0
2544 496 1.0
496 2544 1.0
2544 2288 1.0
2288 2544 1.0
2544 2416 1.0
2416 2544 1.0
2544 2480 1.0
2480 2544 1.0
2544 2512 1.0
2512 2544 1.0
2544 2536 1.0
2536 2544 1.0
2544 2540 1.0
2540 2544 1.0
2544 2542 1.0
2542 2544 1.0
2544 2543 2.0
2543 2544 2.0
2545 497 1.0
497 2545 1.0
2545 2289 1.0
2289 2545 1.0
2545 2417 1.0
2417 2545 1.0
2545 2481 1.0
2481 2545 1.0
2545 2513 1.0
2513 2545 1.0
2545 2529 1.0
2529 2545 1.0
2546 498 1.0
498 2546 1.0
2546 2290 1.0
2290 2546 1.0
2546 2418 1.0
2418 2546 1.0
2546 2482 1.0
2482 2546 1.0
2546 2514 1.0
2514 2546 1.0
2546 2530 1.0
2530 2546 1.0
2546 2545 1.0
2545 2546 1.0
2547 499 1.0
499 2547 1.0
2547 2291 2.0
2291 2547 2.0
2547 2419 1.0
2419 2547 1.0
2547 2483 1.0
2483 2547 1.0
2547 2515 2.0
2515 2547 2.0
2547 2531 1.0
2531 2547 1.0
2547 2545 1.0
2545 2547 1.0
2548 500 1.0
500 2548 1.0
2548 2292 1.0
2292 2548 1.0
2548 2420 2.0
2420 2548 2.0
2548 2484 1.0
2484 2548 1.0
2548 2516 1.0
2516 2548 1.0
2548 2532 1.0
2532 2548 1.0
2548 2546 1.0
2546 2548 1.0
2548 2547 1.0
2547 2548 1.0
2549 501 2.0
501 2549 2.0
2549 2293 2.0
2293 2549 2.0
2549 2421 2.0
2421 2549 2.0
2549 2485 2.0
2485 2549 2.0
2549 2517 2.0
2517 2549 2.0
2549 2533 2.0
2533 2549 2.0
2549 2545 2.0
2545 2549 2.0
2550 502 2.0
502 2550 2.0
2550 2294 1.0
2294 2550 1.0
2550 2422 1.0
2422 2550 1.0
2550 2486 1.0
2486 2550 1.0
2550 2518 1.0
2518 2550 1.0
2550 2534 1.0
2534 2550 1.0
2550 2546 1.0
2546 2550 1.0
2550 2549 2.0
2549 2550 2.0
2551 503 1.0
503 2551 1.0
2551 2295 1.0
2295 2551 1.0
2551 2423 1.0
2423 2551 1.0
2551 2487 1.0
2487 2551 1.0
2551 2519 1.0
2519 2551 1.0
2551 2535 1.0
2535 2551 1.0
2551 2547 1.0
2547 2551 1.0
2551 2549 2.0
2549 2551 2.0
2552 504 1.0
504 2552 1.0
2552 2296 1.0
2296 2552 1.0
2552 2424 1.0
2424 2552 1.0
2552 2488 1.0
2488 2552 1.0
2552 2520 2.0
2520 2552 2.0
2552 2536 1.0
2536 2552 1.0
2552 2548 1.0
2548 2552 1.0
2552 2550 1.0
2550 2552 1.0
2552 2551 1.0
2551 2552 1.0
2553 505 2.0
505 2553 2.0
2553 2297 2.0
2297 2553 2.0
2553 2425 2.0
2425 2553 2.0
2553 2489 2.0
2489 2553 2.0
2553 2521 2.0
2521 2553 2.0
2553 2537 2.0
2537 2553 2.0
2553 2545 2.0
2545 2553 2.0
2554 506 1.0
506 2554 1.0
2554 2298 1.0
2298 2554 1.0
2554 2426 1.0
2426 2554 1.0
2554 2490 1.0
2490 2554 1.0
2554 2522 1.0
2522 2554 1.0
2554 2538 1.0
2538 2554 1.0
2554 2546 1.0
2546 2554 1.0
2554 2553 2.0
2553 2554 2.0
2555 507 2.0
507 2555 2.0
2555 2299 1.0
2299 2555 1.0
2555 2427 1.0
2427 2555 1.0
2555 2491 1.0
2491 2555 1.0
2555 2523 1.0
2523 2555 1.0
2555 2539 1.0
2539 2555 1.0
2555 2547 1.0
2547 2555 1.0
2555 2553 2.0
2553 2555 2.0
2556 508 1.0
508 2556 1.0
2556 2300 1.0
2300 2556 1.0
2556 2428 1.0
2428 2556 1.0
2556 2492 1.0
2492 2556 1.0
2556 2524 1.0
2524 2556 1.0
2556 2540 1.0
2540 2556 1.0
2556 2548 1.0
2548 2556 1.0
2556 2554 1.0
2554 2556 1.0
2556 2555 1.0
2555 2556 1.0
2557 509 1.0
509 2557 1.0
2557 2301 1.0
2301 2557 1.0
2557 2429 1.0
2429 2557 1.0
2557 2493 1.0
2493 2557 1.0
2557 2525 1.0
2525 2557 1.0
2557 2541 1.0
2541 2557 1.0
2557 2549 2.0
2549 2557 2.0
2557 2553 2.0
2553 2557 2.0
2558 510 2.0
510 2558 2.0
2558 2302 1.0
2302 2558 1.0
2558 2430 1.0
2430 2558 1.0
2558 2494 1.0
2494 2558 1.0
2558 2526 1.0
2526 2558 1.0
2558 2542 1.0
2542 2558 1.0
2558 2550 1.0
2550 2558 1.0
2558 2554 1.0
2554 2558 1.0
2558 2557 1.0
2557 2558 1.0
2559 511 1.0
511 2559 1.0
2559 2303 1.0
2303 2559 1.0
2559 2431 1.0
2431 2559 1.0
2559 2495 1.0
2495 2559 1.0
2559 2527 1.0
2527 2559 1.0
2559 2543 2.0
2543 2559 2.0
2559 2551 1.0
2551 2559 1.0
2559 2555 1.0
2555 2559 1.0
2559 2557 1.0
2557 2559 1.0
2560 512 1.0
512 2560 1.0
2560 2304 2.0
2304 2560 2.0
2560 2432 2.0
2432 2560 2.0
2560 2496 1.0
2496 2560 1.0
2560 2528 1.0
2528 2560 1.0
2560 2544 1.0
2544 2560 1.0
2560 2552 1.0
2552 2560 1.0
2560 2556 1.0
2556 2560 1.0
2560 2558 1.0
2558 2560 1.0
2560 2559 1.0
2559 2560 1.0
2561 513 1.0
513 2561 1.0
2561 2049 1.0
2049 2561 1.0
2562 514 1.0
514 2562 1.0
2562 2050 1.0
2050 2562 1.0
2562 2561 1.0
2561 2562 1.0
2563 515 2.0
515 2563 2.0
2563 2051 2.0
2051 2563 2.0
2563 2561 2.0
2561 2563 2.0
2564 516 1.0
516 2564 1.0
2564 2052 1.0
2052 2564 1.0
2564 2562 1.0
2562 2564 1.0
2564 2563 2.0
2563 2564 2.0
2565 517 1.0
517 2565 1.0
2565 2053 1.0
2053 2565 1.0
2565 2561 1.0
2561 2565 1.0
2566 518 2.0
518 2566 2.0
2566 2054 2.0
2054 2566 2.0
2566 2562 2.0
2562 2566 2.0
2566 2565 2.0
2565 2566 2.0
2567 519 1.0
519 2567 1.0
2567 2055 1.0
2055 2567 1.0
2567 2563 2.0
2563 2567 2.0
2567 2565 1.0
2565 2567 1.0
2568 520 1.0
520 2568 1.0
2568 2056 1.0
2056 2568 1.0
2568 2564 1.0
2564 2568 1.0
2568 2566 2.0
2566 2568 2.0
2568 2567 1.0
2567 2568 1.0
2569 521 1.0
521 2569 1.0
2569 2057 2.0
2057 2569 2.0
2569 2561 1.0
2561 2569 1.0
2570 522 1.0
522 2570 1.0
2570 2058 1.0
2058 2570 1.0
2570 2562 1.0
2562 2570 1.0
2570 2569 1.0
2569 2570 1.0
2571 523 2.0
523 2571 2.0
2571 2059 1.0
2059 2571 1.0
2571 2563 2.0
2563 2571 2.0
2571 2569 1.0
2569 2571 1.0
2572 524 1.0
524 2572 1.0
2572 2060 1.0
2060 2572 1.0
2572 2564 1.0
2564 2572 1.0
2572 2570 1.0
2570 2572 1.0
2572 2571 1.0
2571 2572 1.0
2573 525 1.0
525 2573 1.0
2573 2061 1.0
2061 2573 1.0
2573 2565 1.0
2565 2573 1.0
2573 2569 1.0
2569 2573 1.0
2574 526 1.0
526 2574 1.0
2574 2062 1.0
2062 2574 1.0
2574 2566 2.0
2566 2574 2.0
2574 2570 1.0
2570 2574 1.0
2574 2573 1.0
2573 2574 1.0
2575 527 1.0
527 2575 1.0
2575 2063 1.0
2063 2575 1.0
2575 2567 1.0
2567 2575 1.0
2575 2571 1.0
2571 2575 1.0
2575 2573 1.0
2573 2575 1.0
2576 528 1.0
528 2576 1.0
2576 2064 2.0
2064 2576 2.0
2576 2568 1.0
2568 2576 1.0
2576 2572 1.0
2572 2576 1.0
2576 2574 1.0
2574 2576 1.0
2576 2575 1.0
2575 2576 1.0
2577 529 1.0
529 2577 1.0
2577 2065 1.0
2065 2577 1.0
2577 2561 1.0
2561 2577 1.0
2578 530 1.0
530 2578 1.0
2578 2066 1.0
2066 2578 1.0
2578 2562 1.0
2562 2578 1.0
2578 2577 1.0
2577 2578 1.0
2579 531 1.0
531 2579 1.0
2579 2067 1.0
2067 2579 1.0
2579 2563 2.0
2563 2579 2.0
2579 2577 1.0
2577 2579 1.0
2580 532 2.0
532 2580 2.0
2580 2068 2.0
2068 2580 2.0
2580 2564 2.0
2564 2580 2.0
2580 2578 2.0
2578 2580 2.0
2580 2579 2.0
2579 2580 2.0
2581 533 1.0
533 2581 1.0
2581 2069 1.0
2069 2581 1.0
2581 2565 1.0
2565 2581 1.0
2581 2577 1.0
2577 2581 1.0
2582 534 2.0
534 2582 2.0
2582 2070 1.0
2070 2582 1.0
2582 2566 2.0
2566 2582 2.0
2582 2578 1.0
2578 2582 1.0
2582 2581 1.0
2581 2582 1.0
2583 535 1.0
535 2583 1.0
2583 2071 2.0
2071 2583 2.0
2583 2567 1.0
2567 2583 1.0
2583 2579 1.0
2579 2583 1.0
2583 2581 1.0
2581 2583 1.0
2584 536 1.0
536 2584 1.0
2584 2072 1.0
2072 2584 1.0
2584 2568 1.0
2568 2584 1.0
2584 2580 2.0
2580 2584 2.0
2584 2582 1.0
2582 2584 1.0
2584 2583 1.0
2583 2584 1.0
2585 537 1.0
537 2585 1.0
2585 2073 1.0
2073 2585 1.0
2585 2569 1.0
2569 2585 1.0
2585 2577 1.0
2577 2585 1.0
2586 538 1.0
538 2586 1.0
2586 2074 1.0
2074 2586 1.0
2586 2570 1.0
2570 2586 1.0
2586 2578 1.0
2578 2586 1.0
2586 2585 1.0
2585 2586 1.0
2587 539 1.0
539 2587 1.0
2587 2075 1.0
2075 2587 1.0
2587 2571 1.0
2571 2587 1.0
2587 2579 1.0
2579 2587 1.0
2587 2585 1.0
2585 2587 1.0
2588 540 2.0
540 2588 2.0
2588 2076 2.0
2076 2588 2.0
2588 2572 2.0
2572 2588 2.0
2588 2580 3.0
2580 2588 3.0
2588 2586 2.0
2586 2588 2.0
2588 2587 2.0
2587 2588 2.0
2589 541 2.0
541 2589 2.0
2589 2077 2.0
2077 2589 2.0
2589 2573 2.0
2573 2589 2.0
2589 2581 2.0
2581 2589 2.0
2589 2585 2.0
2585 2589 2.0
2590 542 1.0
542 2590 1.0
2590 2078 1.0
2078 2590 1.0
2590 2574 1.0
2574 2590 1.0
2590 2582 1.0
2582 2590 1.0
2590 2586 1.0
2586 2590 1.0
2590 2589 2.0
2589 2590 2.0
2591 543 1.0
543 2591 1.0
2591 2079 1.0
2079 2591 1.0
2591 2575 1.0
2575 2591 1.0
2591 2583 1.0
2583 2591 1.0
2591 2587 1.0
2587 2591 1.0
2591 2589 2.0
2589 2591 2.0
2592 544 1.0
544 2592 1.0
2592 2080 1.0
2080 2592 1.0
2592 2576 1.0
2576 2592 1.0
2592 2584 1.0
2584 2592 1.0
2592 2588 2.0
2588 2592 2.0
2592 2590 1.0
2590 2592 1.0
2592 2591 1.0
2591 2592 1.0
2593 545 2.0
545 2593 2.0
2593 2081 1.0
2081 2593 1.0
2593 2561 1.0
2561 2593 1.0
2594 546 1.0
546 2594 1.0
2594 2082 1.0
2082 2594 1.0
2594 2562 1.0
2562 2594 1.0
2594 2593 1.0
2593 2594 1.0
2595 547 2.0
547 2595 2.0
2595 2083 2.0
2083 2595 2.0
2595 2563 3.0
2563 2595 3.0
2595 2593 2.0
2593 2595 2.0
2596 548 1.0
548 2596 1.0
2596 2084 1.0
2084 2596 1.0
2596 2564 1.0
2564 2596 1.0
2596 2594 1.0
2594 2596 1.0
2596 2595 2.0
2595 2596 2.0
2597 549 1.0
549 2597 1.0
2597 2085 1.0
2085 2597 1.0
2597 2565 1.0
2565 2597 1.0
2597 2593 1.0
2593 2597 1.0
2598 550 1.0
550 2598 1.0
2598 2086 2.0
2086 2598 2.0
2598 2566 2.0
2566 2598 2.0
2598 2594 1.0
2594 2598 1.0
2598 2597 1.0
2597 2598 1.0
2599 551 1.0
551 2599 1.0
2599 2087 1.0
2087 2599 1.0
2599 2567 1.0
2567 2599 1.0
2599 2595 2.0
2595 2599 2.0
2599 2597 1.0
2597 2599 1.0
2600 552 2.0
552 2600 2.0
2600 2088 1.0
2088 2600 1.0
2600 2568 1.0
2568 2600 1.0
2600 2596 1.0
2596 2600 1.0
2600 2598 1.0
2598 2600 1.0
2600 2599 1.0
2599 2600 1.0
2601 553 1.0
553 2601 1.0
2601 2089 1.0
2089 2601 1.0
2601 2569 1.0
2569 2601 1.0
2601 2593 1.0
2593 2601 1.0
2602 554 2.0
554 2602 2.0
2602 2090 2.0
2090 2602 2.0
2602 2570 2.0
2570 2602 2.0
2602 2594 2.0
2594 2602 2.0
2602 2601 2.0
2601 2602 2.0
2603 555 1.0
555 2603 1.0
2603 2091 1.0
2091 2603 1.0
2603 2571 1.0
2571 2603 1.0
2603 2595 2.0
2595 2603 2.0
2603 2601 1.0
2601 2603 1.0
2604 556 1.0
556 2604 1.0
2604 2092 1.0
2092 2604 1.0
2604 2572 1.0
2572 2604 1.0
2604 2596 1.0
2596 2604 1.0
2604 2602 2.0
2602 2604 2.0
2604 2603 1.0
2603 2604 1.0
2605 557 1.0
557 2605 1.0
2605 2093 1.0
2093 2605 1.0
2605 2573 1.0
2573 2605 1.0
2605 2597 1.0
2597 2605 1.0
2605 2601 1.0
2601 2605 1.0
2606 558 1.0
558 2606 1.0
2606 2094 1.0
2094 2606 1.0
2606 2574 1.0
2574 2606 1.0
2606 2598 1.0
2598 2606 1.0
2606 2602 2.0
2602 2606 2.0
2606 2605 1.0
2605 2606 1.0
2607 559 1.0
559 2607 1.0
2607 2095 1.0
2095 2607 1.0
2607 2575 1.0
2575 2607 1.0
2607 2599 1.0
2599 2607 1.0
2607 2603 1.0
2603 2607 1.0
2607 2605 1.0
2605 2607 1.0
2608 560 1.0
560 2608 1.0
2608 2096 1.0
2096 2608 1.0
2608 2576 1.0
2576 2608 1.0
2608 2600 1.0
2600 2608 1.0
2608 2604 1.0
2604 2608 1.0
2608 2606 1.0
2606 2608 1.0
2608 2607 1.0
2607 2608 1.0
2609 561 1.0
561 2609 1.0
2609 2097 1.0
2097 2609 1.0
2609 2577 1.0
2577 2609 1.0
2609 2593 1.0
2593 2609 1.0
2610 562 1.0
562 2610 1.0
2610 2098 1.0
2098 2610 1.0
2610 2578 1.0
2578 2610 1.0
2610 2594 1.0
2594 2610 1.0
2610 2609 1.0
2609 2610 1.0
2611 563 1.0
563 2611 1.0
2611 2099 1.0
2099 2611 1.0
2611 2579 1.0
2579 2611 1.0
2611 2595 2.0
2595 2611 2.0
2611 2609 1.0
2609 2611 1.0
2612 564 2.0
564 2612 2.0
2612 2100 1.0
2100 2612 1.0
2612 2580 2.0
2580 2612 2.0
2612 2596 1.0
2596 2612 1.0
2612 2610 1.0
2610 2612 1.0
2612 2611 1.0
2611 2612 1.0
2613 565 2.0
565 2613 2.0
2613 2101 2.0
2101 2613 2.0
2613 2581 2.0
2581 2613 2.0
2613 2597 2.0
2597 2613 2.0
2613 2609 2.0
2609 2613 2.0
2614 566 1.0
566 2614 1.0
2614 2102 1.0
2102 2614 1.0
2614 2582 1.0
2582 2614 1.0
2614 2598 1.0
2598 2614 1.0
2614 2610 1.0
2610 2614 1.0
2614 2613 2.0
2613 2614 2.0
2615 567 1.0
567 2615 1.0
2615 2103 1.0
2103 2615 1.0
2615 2583 1.0
2583 2615 1.0
2615 2599 1.0
2599 2615 1.0
2615 2611 1.0
2611 2615 1.0
2615 2613 2.0
2613 2615 2.0
2616 568 1.0
568 2616 1.0
2616 2104 1.0
2104 2616 1.0
2616 2584 1.0
2584 2616 1.0
2616 2600 1.0
2600 2616 1.0
2616 2612 1.0
2612 2616 1.0
2616 2614 1.0
2614 2616 1.0
2616 2615 1.0
2615 2616 1.0
2617 569 1.0
569 2617 1.0
2617 2105 2.0
2105 2617 2.0
2617 2585 1.0
2585 2617 1.0
2617 2601 1.0
2601 2617 1.0
2617 2609 1.0
2609 2617 1.0
2618 570 1.0
570 2618 1.0
2618 2106 1.0
2106 2618 1.0
2618 2586 1.0
2586 2618 1.0
2618 2602 2.0
2602 2618 2.0
2618 2610 1.0
2610 2618 1.0
2618 2617 1.0
2617 2618 1.0
2619 571 1.0
571 2619 1.0
2619 2107 1.0
2107 2619 1.0
2619 2587 1.0
2587 2619 1.0
2619 2603 1.0
2603 2619 1.0
2619 2611 1.0
2611 2619 1.0
2619 2617 1.0
2617 2619 1.0
2620 572 1.0
572 2620 1.0
2620 2108 1.0
2108 2620 1.0
2620 2588 2.0
2588 2620 2.0
2620 2604 1.0
2604 2620 1.0
2620 2612 1.0
2612 2620 1.0
2620 2618 1.0
2618 2620 1.0
2620 2619 1.0
2619 2620 1.0
2621 573 2.0
573 2621 2.0
2621 2109 2.0
2109 2621 2.0
2621 2589 3.0
2589 2621 3.0
2621 2605 2.0
2605 2621 2.0
2621 2613 3.0
2613 2621 3.0
2621 2617 2.0
2617 2621 2.0
2622 574 1.0
574 2622 1.0
2622 2110 1.0
2110 2622 1.0
2622 2590 1.0
2590 2622 1.0
2622 2606 1.0
2606 2622 1.0
2622 2614 1.0
2614 2622 1.0
2622 2618 1.0
2618 2622 1.0
2622 2621 2.0
2621 2622 2.0
2623 575 2.0
575 2623 2.0
2623 2111 1.0
2111 2623 1.0
2623 2591 1.0
2591 2623 1.0
2623 2607 1.0
2607 2623 1.0
2623 2615 1.0
2615 2623 1.0
2623 2619 1.0
2619 2623 1.0
2623 2621 2.0
2621 2623 2.0
2624 576 1.0
576 2624 1.0
2624 2112 1.0
2112 2624 1.0
2624 2592 1.0
2592 2624 1.0
2624 2608 1.0
2608 2624 1.0
2624 2616 1.0
2616 2624 1.0
2624 2620 1.0
2620 2624 1.0
2624 2622 1.0
2622 2624 1.0
2624 2623 1.0
2623 2624 1.0
2625 577 1.0
577 2625 1.0
2625 2113 1.0
2113 2625 1.0
2625 2561 1.0
2561 2625 1.0
2626 578 2.0
578 2626 2.0
2626 2114 2.0
2114 2626 2.0
2626 2562 1.0
2562 2626 1.0
2626 2625 1.0
2625 2626 1.0
2627 579 1.0
579 2627 1.0
2627 2115 1.0
2115 2627 1.0
2627 2563 2.0
2563 2627 2.0
2627 2625 1.0
2625 2627 1.0
2628 580 1.0
580 2628 1.0
2628 2116 2.0
2116 2628 2.0
2628 2564 1.0
2564 2628 1.0
2628 2626 1.0
2626 2628 1.0
2628 2627 1.0
2627 2628 1.0
2629 581 1.0
581 2629 1.0
2629 2117 1.0
2117 2629 1.0
2629 2565 1.0
2565 2629 1.0
2629 2625 1.0
2625 2629 1.0
2630 582 1.0
582 2630 1.0
2630 2118 1.0
2118 2630 1.0
2630 2566 2.0
2566 2630 2.0
2630 2626 1.0
2626 2630 1.0
2630 2629 1.0
2629 2630 1.0
2631 583 2.0
583 2631 2.0
2631 2119 1.0
2119 2631 1.0
2631 2567 1.0
2567 2631 1.0
2631 2627 1.0
2627 2631 1.0
2631 2629 1.0
2629 2631 1.0
2632 584 1.0
584 2632 1.0
2632 2120 1.0
2120 2632 1.0
2632 2568 1.0
2568 2632 1.0
2632 2628 1.0
2628 2632 1.0
2632 2630 1.0
2630 2632 1.0
2632 2631 1.0
2631 2632 1.0
2633 585 1.0
585 2633 1.0
2633 2121 1.0
2121 2633 1.0
2633 2569 1.0
2569 2633 1.0
2633 2625 1.0
2625 2633 1.0
2634 586 1.0
586 2634 1.0
2634 2122 1.0
2122 2634 1.0
2634 2570 1.0
2570 2634 1.0
2634 2626 1.0
2626 2634 1.0
2634 2633 1.0
2633 2634 1.0
2635 587 1.0
587 2635 1.0
2635 2123 1.0
2123 2635 1.0
2635 2571 1.0
2571 2635 1.0
2635 2627 1.0
2627 2635 1.0
2635 2633 1.0
2633 2635 1.0
2636 588 1.0
588 2636 1.0
2636 2124 1.0
2124 2636 1.0
2636 2572 1.0
2572 2636 1.0
2636 2628 1.0
2628 2636 1.0
2636 2634 1.0
2634 2636 1.0
2636 2635 1.0
2635 2636 1.0
2637 589 2.0
589 2637 2.0
2637 2125 1.0
2125 2637 1.0
2637 2573 1.0
2573 2637 1.0
2637 2629 1.0
2629 2637 1.0
2637 2633 1.0
2633 2637 1.0
2638 590 1.0
590 2638 1.0
2638 2126 1.0
2126 2638 1.0
2638 2574 1.0
2574 2638 1.0
2638 2630 1.0
2630 2638 1.0
2638 2634 1.0
2634 2638 1.0
2638 2637 1.0
2637 2638 1.0
2639 591 1.0
591 2639 1.0
2639 2127 1.0
2127 2639 1.0
2639 2575 1.0
2575 2639 1.0
2639 2631 1.0
2631 2639 1.0
2639 2635 1.0
2635 2639 1.0
2639 2637 1.0
2637 2639 1.0
2640 592 2.0
592 2640 2.0
2640 2128 1.0
2128 2640 1.0
2640 2576 1.0
2576 2640 1.0
2640 2632 1.0
2632 2640 1.0
2640 2636 1.0
2636 2640 1.0
2640 2638 1.0
2638 2640 1.0
2640 2639 1.0
2639 2640 1.0
2641 593 2.0
593 2641 2.0
2641 2129 3.0
2129 2641 3.0
2641 2577 2.0
2577 2641 2.0
2641 2625 2.0
2625 2641 2.0
2642 594 1.0
594 2642 1.0
2642 2130 1.0
2130 2642 1.0
2642 2578 1.0
2578 2642 1.0
2642 2626 1.0
2626 2642 1.0
2642 2641 2.0
2641 2642 2.0
2643 595 1.0
595 2643 1.0
2643 2131 1.0
2131 2643 1.0
2643 2579 1.0
2579 2643 1.0
2643 2627 1.0
2627 2643 1.0
2643 2641 2.0
2641 2643 2.0
2644 596 1.0
596 2644 1.0
2644 2132 1.0
2132 2644 1.0
2644 2580 2.0
2580 2644 2.0
2644 2628 1.0
2628 2644 1.0
2644 2642 1.0
2642 2644 1.0
2644 2643 1.0
2643 2644 1.0
2645 597 1.0
597 2645 1.0
2645 2133 1.0
2133 2645 1.0
2645 2581 1.0
2581 2645 1.0
2645 2629 1.0
2629 2645 1.0
2645 2641 2.0
2641 2645 2.0
2646 598 1.0
598 2646 1.0
2646 2134 2.0
2134 2646 2.0
2646 2582 1.0
2582 2646 1.0
2646 2630 1.0
2630 2646 1.0
2646 2642 1.0
2642 2646 1.0
2646 2645 1.0
2645 2646 1.0
2647 599 1.0
599 2647 1.0
2647 2135 1.0
2135 2647 1.0
2647 2583 1.0
2583 2647 1.0
2647 2631 1.0
2631 2647 1.0
2647 2643 1.0
2643 2647 1.0
2647 2645 1.0
2645 2647 1.0
2648 600 2.0
600 2648 2.0
2648 2136 1.0
2136 2648 1.0
2648 2584 1.0
2584 2648 1.0
2648 2632 1.0
2632 2648 1.0
2648 2644 1.0
2644 2648 1.0
2648 2646 1.0
2646 2648 1.0
2648 2647 1.0
2647 2648 1.0
2649 601 1.0
601 2649 1.0
2649 2137 1.0
2137 2649 1.0
2649 2585 1.0
2585 2649 1.0
2649 2633 1.0
2633 2649 1.0
2649 2641 2.0
2641 2649 2.0
2650 602 2.0
602 2650 2.0
2650 2138 1.0
2138 2650 1.0
2650 2586 1.0
2586 2650 1.0
2650 2634 1.0
2634 2650 1.0
2650 2642 1.0
2642 2650 1.0
2650 2649 1.0
2649 2650 1.0
2651 603 1.0
603 2651 1.0
2651 2139 1.0
2139 2651 1.0
2651 2587 1.0
2587 2651 1.0
2651 2635 1.0
2635 2651 1.0
2651 2643 1.0
2643 2651 1.0
2651 2649 1.0
2649 2651 1.0
2652 604 1.0
604 2652 1.0
2652 2140 1.0
2140 2652 1.0
2652 2588 2.0
2588 2652 2.0
2652 2636 1.0
2636 2652 1.0
2652 2644 1.0
2644 2652 1.0
2652 2650 1.0
2650 2652 1.0
2652 2651 1.0
2651 2652 1.0
2653 605 1.0
605 2653 1.0
2653 2141 1.0
2141 2653 1.0
2653 2589 2.0
2589 2653 2.0
2653 2637 1.0
2637 2653 1.0
2653 2645 1.0
2645 2653 1.0
2653 2649 1.0
2649 2653 1.0
2654 606 1.0
606 2654 1.0
2654 2142 1.0
2142 2654 1.0
2654 2590 1.0
2590 2654 1.0
2654 2638 1.0
2638 2654 1.0
2654 2646 1.0
2646 2654 1.0
2654 2650 1.0
2650 2654 1.0
2654 2653 1.0
2653 2654 1.0
2655 607 1.0
607 2655 1.0
2655 2143 1.0
2143 2655 1.0
2655 2591 1.0
2591 2655 1.0
2655 2639 1.0
2639 2655 1.0
2655 2647 1.0
2647 2655 1.0
2655 2651 1.0
2651 2655 1.0
2655 2653 1.0
2653 2655 1.0
2656 608 1.0
608 2656 1.0
2656 2144 1.0
2144 2656 1.0
2656 2592 1.0
2592 2656 1.0
2656 2640 1.0
2640 2656 1.0
2656 2648 1.0
2648 2656 1.0
2656 2652 1.0
2652 2656 1.0
2656 2654 1.0
2654 2656 1.0
2656 2655 1.0
2655 2656 1.0
2657 609 1.0
609 2657 1.0
2657 2145 1.0
2145 2657 1.0
2657 2593 1.0
2593 2657 1.0
2657 2625 1.0
2625 2657 1.0
2658 610 1.0
610 2658 1.0
2658 2146 1.0
2146 2658 1.0
2658 2594 1.0
2594 2658 1.0
2658 2626 1.0
2626 2658 1.0
2658 2657 1.0
2657 2658 1.0
2659 611 1.0
611 2659 1.0
2659 2147 1.0
2147 2659 1.0
2659 2595 2.0
2595 2659 2.0
2659 2627 1.0
2627 2659 1.0
2659 2657 1.0
2657 2659 1.0
2660 612 1.0
612 2660 1.0
2660 2148 1.0
2148 2660 1.0
2660 2596 1.0
2596 2660 1.0
2660 2628 1.0
2628 2660 1.0
2660 2658 1.0
2658 2660 1.0
2660 2659 1.0
2659 2660 1.0
2661 613 1.0
613 2661 1.0
2661 2149 1.0
2149 2661 1.0
2661 2597 1.0
2597 2661 1.0
2661 2629 1.0
2629 2661 1.0
2661 2657 1.0
2657 2661 1.0
2662 614 1.0
614 2662 1.0
2662 2150 2.0
2150 2662 2.0
2662 2598 1.0
2598 2662 1.0
2662 2630 1.0
2630 2662 1.0
2662 2658 1.0
2658 2662 1.0
2662 2661 1.0
2661 2662 1.0
2663 615 1.0
615 2663 1.0
2663 2151 1.0
2151 2663 1.0
2663 2599 1.0
2599 2663 1.0
2663 2631 1.0
2631 2663 1.0
2663 2659 1.0
2659 2663 1.0
2663 2661 1.0
2661 2663 1.0
2664 616 1.0
616 2664 1.0
2664 2152 1.0
2152 2664 1.0
2664 2600 1.0
2600 2664 1.0
2664 2632 1.0
2632 2664 1.0
2664 2660 1.0
2660 2664 1.0
2664 2662 1.0
2662 2664 1.0
2664 2663 1.0
2663 2664 1.0
2665 617 1.0
617 2665 1.0
2665 2153 1.0
2153 2665 1.0
2665 2601 1.0
2601 2665 1.0
2665 2633 1.0
2633 2665 1.0
2665 2657 1.0
2657 2665 1.0
2666 618 2.0
618 2666 2.0
2666 2154 2.0
2154 2666 2.0
2666 2602 3.0
2602 2666 3.0
2666 2634 2.0
2634 2666 2.0
2666 2658 2.0
2658 2666 2.0
2666 2665 2.0
2665 2666 2.0
2667 619 1.0
619 2667 1.0
2667 2155 1.0
2155 2667 1.0
2667 2603 1.0
2603 2667 1.0
2667 2635 1.0
2635 2667 1.0
2667 2659 1.0
2659 2667 1.0
2667 2665 1.0
2665 2667 1.0
2668 620 1.0
620 2668 1.0
2668 2156 1.0
2156 2668 1.0
2668 2604 1.0
2604 2668 1.0
2668 2636 1.0
2636 2668 1.0
2668 2660 1.0
2660 2668 1.0
2668 2666 2.0
2666 2668 2.0
2668 2667 1.0
2667 2668 1.0
2669 621 1.0
621 2669 1.0
2669 2157 2.0
2157 2669 2.0
2669 2605 1.0
2605 2669 1.0
2669 2637 1.0
2637 2669 1.0
2669 2661 1.0
2661 2669 1.0
2669 2665 1.0
2665 2669 1.0
2670 622 2.0
622 2670 2.0
2670 2158 2.0
2158 2670 2.0
2670 2606 2.0
2606 2670 2.0
2670 2638 2.0
2638 2670 2.0
2670 2662 2.0
2662 2670 2.0
2670 2666 3.0
2666 2670 3.0
2670 2669 2.0
2669 2670 2.0
2671 623 1.0
623 2671 1.0
2671 2159 2.0
2159 2671 2.0
2671 2607 1.0
2607 2671 1.0
2671 2639 1.0
2639 2671 1.0
2671 2663 1.0
2663 2671 1.0
2671 2667 1.0
2667 2671 1.0
2671 2669 1.0
2669 2671 1.0
2672 624 1.0
624 2672 1.0
2672 2160 1.0
2160 2672 1.0
2672 2608 1.0
2608 2672 1.0
2672 2640 1.0
2640 2672 1.0
2672 2664 1.0
2664 2672 1.0
2672 2668 1.0
2668 2672 1.0
2672 2670 2.0
2670 2672 2.0
2672 2671 1.0
2671 2672 1.0
2673 625 1.0
625 2673 1.0
2673 2161 1.0
2161 2673 1.0
2673 2609 1.0
2609 2673 1.0
2673 2641 2.0
2641 2673 2.0
2673 2657 1.0
2657 2673 1.0
2674 626 1.0
626 2674 1.0
2674 2162 1.0
2162 2674 1.0
2674 2610 1.0
2610 2674 1.0
2674 2642 1.0
2642 2674 1.0
2674 2658 1.0
2658 2674 1.0
2674 2673 1.0
2673 2674 1.0
2675 627 1.0
627 2675 1.0
2675 2163 1.0
2163 2675 1.0
2675 2611 1.0
2611 2675 1.0
2675 2643 1.0
2643 2675 1.0
2675 2659 1.0
2659 2675 1.0
2675 2673 1.0
2673 2675 1.0
2676 628 2.0
628 2676 2.0
2676 2164 1.0
2164 2676 1.0
2676 2612 1.0
2612 2676 1.0
2676 2644 1.0
2644 2676 1.0
2676 2660 1.0
2660 2676 1.0
2676 2674 1.0
2674 2676 1.0
2676 2675 1.0
2675 2676 1.0
2677 629 1.0
629 2677 1.0
2677 2165 1.0
2165 2677 1.0
2677 2613 2.0
2613 2677 2.0
2677 2645 1.0
2645 2677 1.0
2677 2661 1.0
2661 2677 1.0
2677 2673 1.0
2673 2677 1.0
2678 630 1.0
630 2678 1.0
2678 2166 1.0
2166 2678 1.0
2678 2614 1.0
2614 2678 1.0
2678 2646 1.0
2646 2678 1.0
2678 2662 1.0
2662 2678 1.0
2678 2674 1.0
2674 2678 1.0
2678 2677 1.0
2677 2678 1.0
2679 631 2.0
631 2679 2.0
2679 2167 1.0
2167 2679 1.0
2679 2615 1.0
2615 2679 1.0
2679 2647 1.0
2647 2679 1.0
2679 2663 1.0
2663 2679 1.0
2679 2675 1.0
2675 2679 1.0
2679 2677 1.0
2677 2679 1.0
2680 632 1.0
632 2680 1.0
2680 2168 2.0
2168 2680 2.0
2680 2616 1.0
2616 2680 1.0
2680 2648 1.0
2648 2680 1.0
2680 2664 1.0
2664 2680 1.0
2680 2676 1.0
2676 2680 1.0
2680 2678 1.0
2678 2680 1.0
2680 2679 1.0
2679 2680 1.0
2681 633 1.0
633 2681 1.0
2681 2169 1.0
2169 2681 1.0
2681 2617 1.0
2617 2681 1.0
2681 2649 1.0
2649 2681 1.0
2681 2665 1.0
2665 2681 1.0
2681 2673 1.0
2673 2681 1.0
2682 634 1.0
634 2682 1.0
2682 2170 2.0
2170 2682 2.0
2682 2618 1.0
2618 2682 1.0
2682 2650 1.0
2650 2682 1.0
2682 2666 2.0
2666 2682 2.0
2682 2674 1.0
2674 2682 1.0
2682 2681 1.0
2681 2682 1.0
2683 635 2.0
635 2683 2.0
2683 2171 2.0
2171 2683 2.0
2683 2619 2.0
2619 2683 2.0
2683 2651 2.0
2651 2683 2.0
2683 2667 2.0
2667 2683 2.0
2683 2675 2.0
2675 2683 2.0
2683 2681 2.0
2681 2683 2.0
2684 636 1.0
636 2684 1.0
2684 2172 1.0
2172 2684 1.0
2684 2620 1.0
2620 2684 1.0
2684 2652 1.0
2652 2684 1.0
2684 2668 1.0
2668 2684 1.0
2684 2676 1.0
2676 2684 1.0
2684 2682 1.0
2682 2684 1.0
2684 2683 2.0
2683 2684 2.0
2685 637 1.0
637 2685 1.0
2685 2173 1.0
2173 2685 1.0
2685 2621 2.0
2621 2685 2.0
2685 2653 1.0
2653 2685 1.0
2685 2669 1.0
2669 2685 1.0
2685 2677 1.0
2677 2685 1.0
2685 2681 1.0
2681 2685 1.0
2686 638 1.0
638 2686 1.0
2686 2174 1.0
2174 2686 1.0
2686 2622 1.0
2622 2686 1.0
2686 2654 1.0
2654 2686 1.0
2686 2670 2.0
2670 2686 2.0
2686 2678 1.0
2678 2686 1.0
2686 2682 1.0
2682 2686 1.0
2686 2685 1.0
2685 2686 1.0
2687 639 1.0
639 2687 1.0
2687 2175 1.0
2175 2687 1.0
2687 2623 1.0
2623 2687 1.0
2687 2655 1.0
2655 2687 1.0
2687 2671 1.0
2671 2687 1.0
2687 2679 1.0
2679 2687 1.0
2687 2683 2.0
2683 2687 2.0
2687 2685 1.0
2685 2687 1.0
2688 640 1.0
640 2688 1.0
2688 2176 1.0
2176 2688 1.0
2688 2624 1.0
2624 2688 1.0
2688 2656 1.0
2656 2688 1.0
2688 2672 1.0
2672 2688 1.0
2688 2680 1.0
2680 2688 1.0
2688 2684 1.0
2684 2688 1.0
2688 2686 1.0
2686 2688 1.0
2688 2687 1.0
2687 2688 1.0
2689 641 1.0
641 2689 1.0
2689 2177 1.0
2177 2689 1.0
2689 2561 1.0
2561 2689 1.0
2690 642 2.0
642 2690 2.0
2690 2178 2.0
2178 2690 2.0
2690 2562 2.0
2562 2690 2.0
2690 2689 2.0
2689 2690 2.0
2691 643 1.0
643 2691 1.0
2691 2179 1.0
2179 2691 1.0
2691 2563 2.0
2563 2691 2.0
2691 2689 1.0
2689 2691 1.0
2692 644 1.0
644 2692 1.0
2692 2180 1.0
2180 2692 1.0
2692 2564 1.0
2564 2692 1.0
2692 2690 2.0
2690 2692 2.0
2692 2691 1.0
2691 2692 1.0
2693 645 1.0
645 2693 1.0
2693 2181 1.0
2181 2693 1.0
2693 2565 1.0
2565 2693 1.0
2693 2689 1.0
2689 2693 1.0
2694 646 1.0
646 2694 1.0
2694 2182 1.0
2182 2694 1.0
2694 2566 2.0
2566 2694 2.0
2694 2690 2.0
2690 2694 2.0
2694 2693 1.0
2693 2694 1.0
2695 647 1.0
647 2695 1.0
2695 2183 2.0
2183 2695 2.0
2695 2567 1.0
2567 2695 1.0
2695 2691 1.0
2691 2695 1.0
2695 2693 1.0
2693 2695 1.0
2696 648 2.0
648 2696 2.0
2696 2184 1.0
2184 2696 1.0
2696 2568 1.0
2568 2696 1.0
2696 2692 1.0
2692 2696 1.0
2696 2694 1.0
2694 2696 1.0
2696 2695 1.0
2695 2696 1.0
2697 649 1.0
649 2697 1.0
2697 2185 1.0
2185 2697 1.0
2697 2569 1.0
2569 2697 1.0
2697 2689 1.0
2689 2697 1.0
2698 650 2.0
650 2698 2.0
2698 2186 1.0
2186 2698 1.0
2698 2570 1.0
2570 2698 1.0
2698 2690 2.0
2690 2698 2.0
2698 2697 1.0
2697 2698 1.0
2699 651 1.0
651 2699 1.0
2699 2187 1.0
2187 2699 1.0
2699 2571 1.0
2571 2699 1.0
2699 2691 1.0
2691 2699 1.0
2699 2697 1.0
2697 2699 1.0
2700 652 1.0
652 2700 1.0
2700 2188 1.0
2188 2700 1.0
2700 2572 1.0
2572 2700 1.0
2700 2692 1.0
2692 2700 1.0
2700 2698 1.0
2698 2700 1.0
2700 2699 1.0
2699 2700 1.0
2701 653 1.0
653 2701 1.0
2701 2189 1.0
2189 2701 1.0
2701 2573 1.0
2573 2701 1.0
2701 2693 1.0
2693 2701 1.0
2701 2697 1.0
2697 2701 1.0
2702 654 1.0
654 2702 1.0
2702 2190 2.0
2190 2702 2.0
2702 2574 1.0
2574 2702 1.0
2702 2694 1.0
2694 2702 1.0
2702 2698 1.0
2698 2702 1.0
2702 2701 1.0
2701 2702 1.0
2703 655 1.0
655 2703 1.0
2703 2191 1.0
2191 2703 1.0
2703 2575 1.0
2575 2703 1.0
2703 2695 1.0
2695 2703 1.0
2703 2699 1.0
2699 2703 1.0
2703 2701 1.0
2701 2703 1.0
2704 656 1.0
656 2704 1.0
2704 2192 1.0
2192 2704 1.0
2704 2576 1.0
2576 2704 1.0
2704 2696 1.0
2696 2704 1.0
2704 2700 1.0
2700 2704 1.0
2704 2702 1.0
2702 2704 1.0
2704 2703 1.0
2703 2704 1.0
2705 657 1.0
657 2705 1.0
2705 2193 1.0
2193 2705 1.0
2705 2577 1.0
2577 2705 1.0
2705 2689 1.0
2689 2705 1.0
2706 658 1.0
658 2706 1.0
2706 2194 1.0
2194 2706 1.0
2706 2578 1.0
2578 2706 1.0
2706 2690 2.0
2690 2706 2.0
2706 2705 1.0
2705 2706 1.0
2707 659 1.0
659 2707 1.0
2707 2195 1.0
2195 2707 1.0
2707 2579 1.0
2579 2707 1.0
2707 2691 1.0
2691 2707 1.0
2707 2705 1.0
2705 2707 1.0
2708 660 1.0
660 2708 1.0
2708 2196 1.0
2196 2708 1.0
2708 2580 2.0
2580 2708 2.0
2708 2692 1.0
2692 2708 1.0
2708 2706 1.0
2706 2708 1.0
2708 2707 1.0
2707 2708 1.0
2709 661 1.0
661 2709 1.0
2709 2197 2.0
2197 2709 2.0
2709 2581 1.0
2581 2709 1.0
2709 2693 1.0
2693 2709 1.0
2709 2705 1.0
2705 2709 1.0
2710 662 2.0
662 2710 2.0
2710 2198 1.0
2198 2710 1.0
2710 2582 1.0
2582 2710 1.0
2710 2694 1.0
2694 2710 1.0
2710 2706 1.0
2706 2710 1.0
2710 2709 1.0
2709 2710 1.0
2711 663 2.0
663 2711 2.0
2711 2199 2.0
2199 2711 2.0
2711 2583 2.0
2583 2711 2.0
2711 2695 2.0
2695 2711 2.0
2711 2707 2.0
2707 2711 2.0
2711 2709 2.0
2709 2711 2.0
2712 664 1.0
664 2712 1.0
2712 2200 1.0
2200 2712 1.0
2712 2584 1.0
2584 2712 1.0
2712 2696 1.0
2696 2712 1.0
2712 2708 1.0
2708 2712 1.0
2712 2710 1.0
2710 2712 1.0
2712 2711 2.0
2711 2712 2.0
2713 665 1.0
665 2713 1.0
2713 2201 1.0
2201 2713 1.0
2713 2585 1.0
2585 2713 1.0
2713 2697 1.0
2697 2713 1.0
2713 2705 1.0
2705 2713 1.0
2714 666 1.0
666 2714 1.0
2714 2202 1.0
2202 2714 1.0
2714 2586 1.0
2586 2714 1.0
2714 2698 1.0
2698 2714 1.0
2714 2706 1.0
2706 2714 1.0
2714 2713 1.0
2713 2714 1.0
2715 667 1.0
667 2715 1.0
2715 2203 2.0
2203 2715 2.0
2715 2587 1.0
2587 2715 1.0
2715 2699 1.0
2699 2715 1.0
2715 2707 1.0
2707 2715 1.0
2715 2713 1.0
2713 2715 1.0
2716 668 2.0
668 2716 2.0
2716 2204 1.0
2204 2716 1.0
2716 2588 2.0
2588 2716 2.0
2716 2700 1.0
2700 2716 1.0
2716 2708 1.0
2708 2716 1.0
2716 2714 1.0
2714 2716 1.0
2716 2715 1.0
2715 2716 1.0
2717 669 1.0
669 2717 1.0
2717 2205 1.0
2205 2717 1.0
2717 2589 2.0
2589 2717 2.0
2717 2701 1.0
2701 2717 1.0
2717 2709 1.0
2709 2717 1.0
2717 2713 1.0
2713 2717 1.0
2718 670 1.0
670 2718 1.0
2718 2206 2.0
2206 2718 2.0
2718 2590 1.0
2590 2718 1.0
2718 2702 1.0
2702 2718 1.0
2718 2710 1.0
2710 2718 1.0
2718 2714 1.0
2714 2718 1.0
2718 2717 1.0
2717 2718 1.0
2719 671 1.0
671 2719 1.0
2719 2207 1.0
2207 2719 1.0
2719 2591 1.0
2591 2719 1.0
2719 2703 1.0
2703 2719 1.0
2719 2711 2.0
2711 2719 2.0
2719 2715 1.0
2715 2719 1.0
2719 2717 1.0
2717 2719 1.0
2720 672 1.0
672 2720 1.0
2720 2208 1.0
2208 2720 1.0
2720 2592 1.0
2592 2720 1.0
2720 2704 1.0
2704 2720 1.0
2720 2712 1.0
2712 2720 1.0
2720 2716 1.0
2716 2720 1.0
2720 2718 1.0
2718 2720 1.0
2720 2719 1.0
2719 2720 1.0
2721 673 1.0
673 2721 1.0
2721 2209 2.0
2209 2721 2.0
2721 2593 1.0
2593 2721 1.0
2721 2689 1.0
2689 2721 1.0
2722 674 1.0
674 2722 1.0
2722 2210 1.0
2210 2722 1.0
2722 2594 1.0
2594 2722 1.0
2722 2690 2.0
2690 2722 2.0
2722 2721 1.0
2721 2722 1.0
2723 675 2.0
675 2723 2.0
2723 2211 1.0
2211 2723 1.0
2723 2595 2.0
2595 2723 2.0
2723 2691 1.0
2691 2723 1.0
2723 2721 1.0
2721 2723 1.0
2724 676 1.0
676 2724 1.0
2724 2212 1.0
2212 2724 1.0
2724 2596 1.0
2596 2724 1.0
2724 2692 1.0
2692 2724 1.0
2724 2722 1.0
2722 2724 1.0
2724 2723 1.0
2723 2724 1.0
2725 677 1.0
677 2725 1.0
2725 2213 1.0
2213 2725 1.0
2725 2597 1.0
2597 2725 1.0
2725 2693 1.0
2693 2725 1.0
2725 2721 1.0
2721 2725 1.0
2726 678 1.0
678 2726 1.0
2726 2214 2.0
2214 2726 2.0
2726 2598 1.0
2598 2726 1.0
2726 2694 1.0
2694 2726 1.0
2726 2722 1.0
2722 2726 1.0
2726 2725 1.0
2725 2726 1.0
2727 679 1.0
679 2727 1.0
2727 2215 1.0
2215 2727 1.0
2727 2599 1.0
2599 2727 1.0
2727 2695 1.0
2695 2727 1.0
2727 2723 1.0
2723 2727 1.0
2727 2725 1.0
2725 2727 1.0
2728 680 1.0
680 2728 1.0
2728 2216 1.0
2216 2728 1.0
2728 2600 1.0
2600 2728 1.0
2728 2696 1.0
2696 2728 1.0
2728 2724 1.0
2724 2728 1.0
2728 2726 1.0
2726 2728 1.0
2728 2727 1.0
2727 2728 1.0
2729 681 2.0
681 2729 2.0
2729 2217 2.0
2217 2729 2.0
2729 2601 2.0
2601 2729 2.0
2729 2697 2.0
2697 2729 2.0
2729 2721 2.0
2721 2729 2.0
2730 682 1.0
682 2730 1.0
2730 2218 1.0
2218 2730 1.0
2730 2602 2.0
2602 2730 2.0
2730 2698 1.0
2698 2730 1.0
2730 2722 1.0
2722 2730 1.0
2730 2729 2.0
2729 2730 2.0
2731 683 1.0
683 2731 1.0
2731 2219 1.0
2219 2731 1.0
2731 2603 1.0
2603 2731 1.0
2731 2699 1.0
2699 2731 1.0
2731 2723 1.0
2723 2731 1.0
2731 2729 2.0
2729 2731 2.0
2732 684 1.0
684 2732 1.0
2732 2220 1.0
2220 2732 1.0
2732 2604 1.0
2604 2732 1.0
2732 2700 1.0
2700 2732 1.0
2732 2724 1.0
2724 2732 1.0
2732 2730 1.0
2730 2732 1.0
2732 2731 1.0
2731 2732 1.0
2733 685 2.0
685 2733 2.0
2733 2221 1.0
2221 2733 1.0
2733 2605 1.0
2605 2733 1.0
2733 2701 1.0
2701 2733 1.0
2733 2725 1.0
2725 2733 1.0
2733 2729 2.0
2729 2733 2.0
2734 686 1.0
686 2734 1.0
2734 2222 1.0
2222 2734 1.0
2734 2606 1.0
2606 2734 1.0
2734 2702 1.0
2702 2734 1.0
2734 2726 1.0
2726 2734 1.0
2734 2730 1.0
2730 2734 1.0
2734 2733 1.0
2733 2734 1.0
2735 687 1.0
687 2735 1.0
2735 2223 1.0
2223 2735 1.0
2735 2607 1.0
2607 2735 1.0
2735 2703 1.0
2703 2735 1.0
2735 2727 1.0
2727 2735 1.0
2735 2731 1.0
2731 2735 1.0
2735 2733 1.0
2733 2735 1.0
2736 688 2.0
688 2736 2.0
2736 2224 2.0
2224 2736 2.0
2736 2608 2.0
2608 2736 2.0
2736 2704 2.0
2704 2736 2.0
2736 2728 2.0
2728 2736 2.0
2736 2732 2.0
2732 2736 2.0
2736 2734 2.0
2734 2736 2.0
2736 2735 2.0
2735 2736 2.0
2737 689 1.0
689 2737 1.0
2737 2225 1.0
2225 2737 1.0
2737 2609 1.0
2609 2737 1.0
2737 2705 1.0
2705 2737 1.0
2737 2721 1.0
2721 2737 1.0
2738 690 2.0
690 2738 2.0
2738 2226 2.0
2226 2738 2.0
2738 2610 2.0
2610 2738 2.0
2738 2706 2.0
2706 2738 2.0
2738 2722 2.0
2722 2738 2.0
2738 2737 2.0
2737 2738 2.0
2739 691 1.0
691 2739 1.0
2739 2227 1.0
2227 2739 1.0
2739 2611 1.0
2611 2739 1.0
2739 2707 1.0
2707 2739 1.0
2739 2723 1.0
2723 2739 1.0
2739 2737 1.0
2737 2739 1.0
2740 692 1.0
692 2740 1.0
2740 2228 2.0
2228 2740 2.0
2740 2612 1.0
2612 2740 1.0
2740 2708 1.0
2708 2740 1.0
2740 2724 1.0
2724 2740 1.0
2740 2738 2.0
2738 2740 2.0
2740 2739 1.0
2739 2740 1.0
2741 693 1.0
693 2741 1.0
2741 2229 1.0
2229 2741 1.0
2741 2613 2.0
2613 2741 2.0
2741 2709 1.0
2709 2741 1.0
2741 2725 1.0
2725 2741 1.0
2741 2737 1.0
2737 2741 1.0
2742 694 1.0
694 2742 1.0
2742 2230 1.0
2230 2742 1.0
2742 2614 1.0
2614 2742 1.0
2742 2710 1.0
2710 2742 1.0
2742 2726 1.0
2726 2742 1.0
2742 2738 2.0
2738 2742 2.0
2742 2741 1.0
2741 2742 1.0
2743 695 2.0
695 2743 2.0
2743 2231 2.0
2231 2743 2.0
2743 2615 2.0
2615 2743 2.0
2743 2711 3.0
2711 2743 3.0
2743 2727 2.0
2727 2743 2.0
2743 2739 2.0
2739 2743 2.0
2743 2741 2.0
2741 2743 2.0
2744 696 1.0
696 2744 1.0
2744 2232 1.0
2232 2744 1.0
2744 2616 1.0
2616 2744 1.0
2744 2712 1.0
2712 2744 1.0
2744 2728 1.0
2728 2744 1.0
2744 2740 1.0
2740 2744 1.0
2744 2742 1.0
2742 2744 1.0
2744 2743 2.0
2743 2744 2.0
2745 697 1.0
697 2745 1.0
2745 2233 1.0
2233 2745 1.0
2745 2617 1.0
2617 2745 1.0
2745 2713 1.0
2713 2745 1.0
2745 2729 2.0
2729 2745 2.0
2745 2737 1.0
2737 2745 1.0
2746 698 1.0
698 2746 1.0
2746 2234 1.0
2234 2746 1.0
2746 2618 1.0
2618 2746 1.0
2746 2714 1.0
2714 2746 1.0
2746 2730 1.0
2730 2746 1.0
2746 2738 2.0
2738 2746 2.0
2746 2745 1.0
2745 2746 1.0
2747 699 1.0
699 2747 1.0
2747 2235 1.0
2235 2747 1.0
2747 2619 1.0
2619 2747 1.0
2747 2715 1.0
2715 2747 1.0
2747 2731 1.0
2731 2747 1.0
2747 2739 1.0
2739 2747 1.0
2747 2745 1.0
2745 2747 1.0
2748 700 1.0
700 2748 1.0
2748 2236 1.0
2236 2748 1.0
2748 2620 1.0
2620 2748 1.0
2748 2716 1.0
2716 2748 1.0
2748 2732 1.0
2732 2748 1.0
2748 2740 1.0
2740 2748 1.0
2748 2746 1.0
2746 2748 1.0
2748 2747 1.0
2747 2748 1.0
2749 701 2.0
701 2749 2.0
2749 2237 1.0
2237 2749 1.0
2749 2621 2.0
2621 2749 2.0
2749 2717 1.0
2717 2749 1.0
2749 2733 1.0
2733 2749 1.0
2749 2741 1.0
2741 2749 1.0
2749 2745 1.0
2745 2749 1.0
2750 702 1.0
702 2750 1.0
2750 2238 1.0
2238 2750 1.0
2750 2622 1.0
2622 2750 1.0
2750 2718 1.0
2718 2750 1.0
2750 2734 1.0
2734 2750 1.0
2750 2742 1.0
2742 2750 1.0
2750 2746 1.0
2746 2750 1.0
2750 2749 1.0
2749 2750 1.0
2751 703 1.0
703 2751 1.0
2751 2239 2.0
2239 2751 2.0
2751 2623 1.0
2623 2751 1.0
2751 2719 1.0
2719 2751 1.0
2751 2735 1.0
2735 2751 1.0
2751 2743 2.0
2743 2751 2.0
2751 2747 1.0
2747 2751 1.0
2751 2749 1.0
2749 2751 1.0
2752 704 1.0
704 2752 1.0
2752 2240 1.0
2240 2752 1.0
2752 2624 1.0
2624 2752 1.0
2752 2720 1.0
2720 2752 1.0
2752 2736 2.0
2736 2752 2.0
2752 2744 1.0
2744 2752 1.0
2752 2748 1.0
2748 2752 1.0
2752 2750 1.0
2750 2752 1.0
2752 2751 1.0
2751 2752 1.0
2753 705 1.0
705 2753 1.0
2753 2241 1.0
2241 2753 1.0
2753 2625 1.0
2625 2753 1.0
2753 2689 1.0
2689 2753 1.0
2754 706 1.0
706 2754 1.0
2754 2242 1.0
2242 2754 1.0
2754 2626 1.0
2626 2754 1.0
2754 2690 2.0
2690 2754 2.0
2754 2753 1.0
2753 2754 1.0
2755 707 2.0
707 2755 2.0
2755 2243 1.0
2243 2755 1.0
2755 2627 1.0
2627 2755 1.0
2755 2691 1.0
2691 2755 1.0
2755 2753 1.0
2753 2755 1.0
2756 708 1.0
708 2756 1.0
2756 2244 1.0
2244 2756 1.0
2756 2628 1.0
2628 2756 1.0
2756 2692 1.0
2692 2756 1.0
2756 2754 1.0
2754 2756 1.0
2756 2755 1.0
2755 2756 1.0
2757 709 2.0
709 2757 2.0
2757 2245 2.0
2245 2757 2.0
2757 2629 2.0
2629 2757 2.0
2757 2693 2.0
2693 2757 2.0
2757 2753 2.0
2753 2757 2.0
2758 710 1.0
710 2758 1.0
2758 2246 1.0
2246 2758 1.0
2758 2630 1.0
2630 2758 1.0
2758 2694 1.0
2694 2758 1.0
2758 2754 1.0
2754 2758 1.0
2758 2757 2.0
2757 2758 2.0
2759 711 1.0
711 2759 1.0
2759 2247 2.0
2247 2759 2.0
2759 2631 1.0
2631 2759 1.0
2759 2695 1.0
2695 2759 1.0
2759 2755 1.0
2755 2759 1.0
2759 2757 2.0
2757 2759 2.0
2760 712 2.0
712 2760 2.0
2760 2248 2.0
2248 2760 2.0
2760 2632 2.0
2632 2760 2.0
2760 2696 2.0
2696 2760 2.0
2760 2756 2.0
2756 2760 2.0
2760 2758 2.0
2758 2760 2.0
2760 2759 2.0
2759 2760 2.0
2761 713 1.0
713 2761 1.0
2761 2249 1.0
2249 2761 1.0
2761 2633 1.0
2633 2761 1.0
2761 2697 1.0
2697 2761 1.0
2761 2753 1.0
2753 2761 1.0
2762 714 1.0
714 2762 1.0
2762 2250 2.0
2250 2762 2.0
2762 2634 1.0
2634 2762 1.0
2762 2698 1.0
2698 2762 1.0
2762 2754 1.0
2754 2762 1.0
2762 2761 1.0
2761 2762 1.0
2763 715 2.0
715 2763 2.0
2763 2251 2.0
2251 2763 2.0
2763 2635 2.0
2635 2763 2.0
2763 2699 2.0
2699 2763 2.0
2763 2755 2.0
2755 2763 2.0
2763 2761 2.0
2761 2763 2.0
2764 716 1.0
716 2764 1.0
2764 2252 2.0
2252 2764 2.0
2764 2636 1.0
2636 2764 1.0
2764 2700 1.0
2700 2764 1.0
2764 2756 1.0
2756 2764 1.0
2764 2762 1.0
2762 2764 1.0
2764 2763 2.0
2763 2764 2.0
2765 717 1.0
717 2765 1.0
2765 2253 1.0
2253 2765 1.0
2765 2637 1.0
2637 2765 1.0
2765 2701 1.0
2701 2765 1.0
2765 2757 2.0
2757 2765 2.0
2765 2761 1.0
2761 2765 1.0
2766 718 1.0
718 2766 1.0
2766 2254 1.0
2254 2766 1.0
2766 2638 1.0
2638 2766 1.0
2766 2702 1.0
2702 2766 1.0
2766 2758 1.0
2758 2766 1.0
2766 2762 1.0
2762 2766 1.0
2766 2765 1.0
2765 2766 1.0
2767 719 2.0
719 2767 2.0
2767 2255 2.0
2255 2767 2.0
2767 2639 2.0
2639 2767 2.0
2767 2703 2.0
2703 2767 2.0
2767 2759 2.0
2759 2767 2.0
2767 2763 3.0
2763 2767 3.0
2767 2765 2.0
2765 2767 2.0
2768 720 1.0
720 2768 1.0
2768 2256 1.0
2256 2768 1.0
2768 2640 1.0
2640 2768 1.0
2768 2704 1.0
2704 2768 1.0
2768 2760 2.0
2760 2768 2.0
2768 2764 1.0
2764 2768 1.0
2768 2766 1.0
2766 2768 1.0
2768 2767 2.0
2767 2768 2.0
2769 721 1.0
721 2769 1.0
2769 2257 1.0
2257 2769 1.0
2769 2641 2.0
2641 2769 2.0
2769 2705 1.0
2705 2769 1.0
2769 2753 1.0
2753 2769 1.0
2770 722 1.0
722 2770 1.0
2770 2258 1.0
2258 2770 1.0
2770 2642 1.0
2642 2770 1.0
2770 2706 1.0
2706 2770 1.0
2770 2754 1.0
2754 2770 1.0
2770 2769 1.0
2769 2770 1.0
2771 723 2.0
723 2771 2.0
2771 2259 1.0
2259 2771 1.0
2771 2643 1.0
2643 2771 1.0
2771 2707 1.0
2707 2771 1.0
2771 2755 1.0
2755 2771 1.0
2771 2769 1.0
2769 2771 1.0
2772 724 1.0
724 2772 1.0
2772 2260 1.0
2260 2772 1.0
2772 2644 1.0
2644 2772 1.0
2772 2708 1.0
2708 2772 1.0
2772 2756 1.0
2756 2772 1.0
2772 2770 1.0
2770 2772 1.0
2772 2771 1.0
2771 2772 1.0
2773 725 1.0
725 2773 1.0
2773 2261 1.0
2261 2773 1.0
2773 2645 1.0
2645 2773 1.0
2773 2709 1.0
2709 2773 1.0
2773 2757 2.0
2757 2773 2.0
2773 2769 1.0
2769 2773 1.0
2774 726 1.0
726 2774 1.0
2774 2262 1.0
2262 2774 1.0
2774 2646 1.0
2646 2774 1.0
2774 2710 1.0
2710 2774 1.0
2774 2758 1.0
2758 2774 1.0
2774 2770 1.0
2770 2774 1.0
2774 2773 1.0
2773 2774 1.0
2775 727 1.0
727 2775 1.0
2775 2263 1.0
2263 2775 1.0
2775 2647 1.0
2647 2775 1.0
2775 2711 2.0
2711 2775 2.0
2775 2759 1.0
2759 2775 1.0
2775 2771 1.0
2771 2775 1.0
2775 2773 1.0
2773 2775 1.0
2776 728 1.0
728 2776 1.0
2776 2264 1.0
2264 2776 1.0
2776 2648 1.0
2648 2776 1.0
2776 2712 1.0
2712 2776 1.0
2776 2760 2.0
2760 2776 2.0
2776 2772 1.0
2772 2776 1.0
2776 2774 1.0
2774 2776 1.0
2776 2775 1.0
2775 2776 1.0
2777 729 2.0
729 2777 2.0
2777 2265 2.0
2265 2777 2.0
2777 2649 2.0
2649 2777 2.0
2777 2713 2.0
2713 2777 2.0
2777 2761 2.0
2761 2777 2.0
2777 2769 2.0
2769 2777 2.0
2778 730 1.0
730 2778 1.0
2778 2266 1.0
2266 2778 1.0
2778 2650 1.0
2650 2778 1.0
2778 2714 1.0
2714 2778 1.0
2778 2762 1.0
2762 2778 1.0
2778 2770 1.0
2770 2778 1.0
2778 2777 2.0
2777 2778 2.0
2779 731 1.0
731 2779 1.0
2779 2267 1.0
2267 2779 1.0
2779 2651 1.0
2651 2779 1.0
2779 2715 1.0
2715 2779 1.0
2779 2763 2.0
2763 2779 2.0
2779 2771 1.0
2771 2779 1.0
2779 2777 2.0
2777 2779 2.0
2780 732 1.0
732 2780 1.0
2780 2268 1.0
2268 2780 1.0
2780 2652 1.0
2652 2780 1.0
2780 2716 1.0
2716 2780 1.0
2780 2764 1.0
2764 2780 1.0
2780 2772 1.0
2772 2780 1.0
2780 2778 1.0
2778 2780 1.0
2780 2779 1.0
2779 2780 1.0
2781 733 1.0
733 2781 1.0
2781 2269 1.0
2269 2781 1.0
2781 2653 1.0
2653 2781 1.0
2781 2717 1.0
2717 2781 1.0
2781 2765 1.0
2765 2781 1.0
2781 2773 1.0
2773 2781 1.0
2781 2777 2.0
2777 2781 2.0
2782 734 2.0
734 2782 2.0
2782 2270 1.0
2270 2782 1.0
2782 2654 1.0
2654 2782 1.0
2782 2718 1.0
2718 2782 1.0
2782 2766 1.0
2766 2782 1.0
2782 2774 1.0
2774 2782 1.0
2782 2778 1.0
2778 2782 1.0
2782 2781 1.0
2781 2782 1.0
2783 735 1.0
735 2783 1.0
2783 2271 1.0
2271 2783 1.0
2783 2655 1.0
2655 2783 1.0
2783 2719 1.0
2719 2783 1.0
2783 2767 2.0
2767 2783 2.0
2783 2775 1.0
2775 2783 1.0
2783 2779 1.0
2779 2783 1.0
2783 2781 1.0
2781 2783 1.0
2784 736 2.0
736 2784 2.0
2784 2272 2.0
2272 2784 2.0
2784 2656 2.0
2656 2784 2.0
2784 2720 2.0
2720 2784 2.0
2784 2768 2.0
2768 2784 2.0
2784 2776 2.0
2776 2784 2.0
2784 2780 2.0
2780 2784 2.0
2784 2782 2.0
2782 2784 2.0
2784 2783 2.0
2783 2784 2.0
2785 737 1.0
737 2785 1.0
2785 2273 1.0
2273 2785 1.0
2785 2657 1.0
2657 2785 1.0
2785 2721 1.0
2721 2785 1.0
2785 2753 1.0
2753 2785 1.0
2786 738 1.0
738 2786 1.0
2786 2274 1.0
2274 2786 1.0
2786 2658 1.0
2658 2786 1.0
2786 2722 1.0
2722 2786 1.0
2786 2754 1.0
2754 2786 1.0
2786 2785 1.0
2785 2786 1.0
2787 739 1.0
739 2787 1.0
2787 2275 1.0
2275 2787 1.0
2787 2659 1.0
2659 2787 1.0
2787 2723 1.0
2723 2787 1.0
2787 2755 1.0
2755 2787 1.0
2787 2785 1.0
2785 2787 1.0
2788 740 2.0
740 2788 2.0
2788 2276 2.0
2276 2788 2.0
2788 2660 2.0
2660 2788 2.0
2788 2724 2.0
2724 2788 2.0
2788 2756 2.0
2756 2788 2.0
2788 2786 2.0
2786 2788 2.0
2788 2787 2.0
2787 2788 2.0
2789 741 1.0
741 2789 1.0
2789 2277 1.0
2277 2789 1.0
2789 2661 1.0
2661 2789 1.0
2789 2725 1.0
2725 2789 1.0
2789 2757 2.0
2757 2789 2.0
2789 2785 1.0
2785 2789 1.0
2790 742 2.0
742 2790 2.0
2790 2278 1.0
2278 2790 1.0
2790 2662 1.0
2662 2790 1.0
2790 2726 1.0
2726 2790 1.0
2790 2758 1.0
2758 2790 1.0
2790 2786 1.0
2786 2790 1.0
2790 2789 1.0
2789 2790 1.0
2791 743 1.0
743 2791 1.0
2791 2279 1.0
2279 2791 1.0
2791 2663 1.0
2663 2791 1.0
2791 2727 1.0
2727 2791 1.0
2791 2759 1.0
2759 2791 1.0
2791 2787 1.0
2787 2791 1.0
2791 2789 1.0
2789 2791 1.0
2792 744 1.0
744 2792 1.0
2792 2280 1.0
2280 2792 1.0
2792 2664 1.0
2664 2792 1.0
2792 2728 1.0
2728 2792 1.0
2792 2760 2.0
2760 2792 2.0
2792 2788 2.0
2788 2792 2.0
2792 2790 1.0
2790 2792 1.0
2792 2791 1.0
2791 2792 1.0
2793 745 1.0
745 2793 1.0
2793 2281 1.0
2281 2793 1.0
2793 2665 1.0
2665 2793 1.0
2793 2729 2.0
2729 2793 2.0
2793 2761 1.0
2761 2793 1.0
2793 2785 1.0
2785 2793 1.0
2794 746 1.0
746 2794 1.0
2794 2282 1.0
2282 2794 1.0
2794 2666 2.0
2666 2794 2.0
2794 2730 1.0
2730 2794 1.0
2794 2762 1.0
2762 2794 1.0
2794 2786 1.0
2786 2794 1.0
2794 2793 1.0
2793 2794 1.0
2795 747 1.0
747 2795 1.0
2795 2283 1.0
2283 2795 1.0
2795 2667 1.0
2667 2795 1.0
2795 2731 1.0
2731 2795 1.0
2795 2763 2.0
2763 2795 2.0
2795 2787 1.0
2787 2795 1.0
2795 2793 1.0
2793 2795 1.0
2796 748 2.0
748 2796 2.0
2796 2284 1.0
2284 2796 1.0
2796 2668 1.0
2668 2796 1.0
2796 2732 1.0
2732 2796 1.0
2796 2764 1.0
2764 2796 1.0
2796 2788 2.0
2788 2796 2.0
2796 2794 1.0
2794 2796 1.0
2796 2795 1.0
2795 2796 1.0
2797 749 1.0
749 2797 1.0
2797 2285 2.0
2285 2797 2.0
2797 2669 1.0
2669 2797 1.0
2797 2733 1.0
2733 2797 1.0
2797 2765 1.0
2765 2797 1.0
2797 2789 1.0
2789 2797 1.0
2797 2793 1.0
2793 2797 1.0
2798 750 1.0
750 2798 1.0
2798 2286 1.0
2286 2798 1.0
2798 2670 2.0
2670 2798 2.0
2798 2734 1.0
2734 2798 1.0
2798 2766 1.0
2766 2798 1.0
2798 2790 1.0
2790 2798 1.0
2798 2794 1.0
2794 2798 1.0
2798 2797 1.0
2797 2798 1.0
2799 751 1.0
751 2799 1.0
2799 2287 1.0
2287 2799 1.0
2799 2671 1.0
2671 2799 1.0
2799 2735 1.0
2735 2799 1.0
2799 2767 2.0
2767 2799 2.0
2799 2791 1.0
2791 2799 1.0
2799 2795 1.0
2795 2799 1.0
2799 2797 1.0
2797 2799 1.0
2800 752 1.0
752 2800 1.0
2800 2288 1.0
2288 2800 1.0
2800 2672 1.0
2672 2800 1.0
2800 2736 2.0
2736 2800 2.0
2800 2768 1.0
2768 2800 1.0
2800 2792 1.0
2792 2800 1.0
2800 2796 1.0
2796 2800 1.0
2800 2798 1.0
2798 2800 1.0
2800 2799 1.0
2799 2800 1.0
2801 753 2.0
753 2801 2.0
2801 2289 1.0
2289 2801 1.0
2801 2673 1.0
2673 2801 1.0
2801 2737 1.0
2737 2801 1.0
2801 2769 1.0
2769 2801 1.0
2801 2785 1.0
2785 2801 1.0
2802 754 1.0
754 2802 1.0
2802 2290 1.0
2290 2802 1.0
2802 2674 1.0
2674 2802 1.0
2802 2738 2.0
2738 2802 2.0
2802 2770 1.0
2770 2802 1.0
2802 2786 1.0
2786 2802 1.0
2802 2801 1.0
2801 2802 1.0
2803 755 1.0
755 2803 1.0
2803 2291 2.0
2291 2803 2.0
2803 2675 1.0
2675 2803 1.0
2803 2739 1.0
2739 2803 1.0
2803 2771 1.0
2771 2803 1.0
2803 2787 1.0
2787 2803 1.0
2803 2801 1.0
2801 2803 1.0
2804 756 1.0
756 2804 1.0
2804 2292 1.0
2292 2804 1.0
2804 2676 1.0
2676 2804 1.0
2804 2740 1.0
2740 2804 1.0
2804 2772 1.0
2772 2804 1.0
2804 2788 2.0
2788 2804 2.0
2804 2802 1.0
2802 2804 1.0
2804 2803 1.0
2803 2804 1.0
2805 757 1.0
757 2805 1.0
2805 2293 1.0
2293 2805 1.0
2805 2677 1.0
2677 2805 1.0
2805 2741 1.0
2741 2805 1.0
2805 2773 1.0
2773 2805 1.0
2805 2789 1.0
2789 2805 1.0
2805 2801 1.0
2801 2805 1.0
2806 758 2.0
758 2806 2.0
2806 2294 2.0
2294 2806 2.0
2806 2678 2.0
2678 2806 2.0
2806 2742 2.0
2742 2806 2.0
2806 2774 2.0
2774 2806 2.0
2806 2790 2.0
2790 2806 2.0
2806 2802 2.0
2802 2806 2.0
2806 2805 2.0
2805 2806 2.0
2807 759 1.0
759 2807 1.0
2807 2295 1.0
2295 2807 1.0
2807 2679 1.0
2679 2807 1.0
2807 2743 2.0
2743 2807 2.0
2807 2775 1.0
2775 2807 1.0
2807 2791 1.0
2791 2807 1.0
2807 2803 1.0
2803 2807 1.0
2807 2805 1.0
2805 2807 1.0
2808 760 1.0
760 2808 1.0
2808 2296 1.0
2296 2808 1.0
2808 2680 1.0
2680 2808 1.0
2808 2744 1.0
2744 2808 1.0
2808 2776 1.0
2776 2808 1.0
2808 2792 1.0
2792 2808 1.0
2808 2804 1.0
2804 2808 1.0
2808 2806 2.0
2806 2808 2.0
2808 2807 1.0
2807 2808 1.0
2809 761 2.0
761 2809 2.0
2809 2297 1.0
2297 2809 1.0
2809 2681 1.0
2681 2809 1.0
2809 2745 1.0
2745 2809 1.0
2809 2777 2.0
2777 2809 2.0
2809 2793 1.0
2793 2809 1.0
2809 2801 1.0
2801 2809 1.0
2810 762 1.0
762 2810 1.0
2810 2298 1.0
2298 2810 1.0
2810 2682 1.0
2682 2810 1.0
2810 2746 1.0
2746 2810 1.0
2810 2778 1.0
2778 2810 1.0
2810 2794 1.0
2794 2810 1.0
2810 2802 1.0
2802 2810 1.0
2810 2809 1.0
2809 2810 1.0
2811 763 1.0
763 2811 1.0
2811 2299 1.0
2299 2811 1.0
2811 2683 2.0
2683 2811 2.0
2811 2747 1.0
2747 2811 1.0
2811 2779 1.0
2779 2811 1.0
2811 2795 1.0
2795 2811 1.0
2811 2803 1.0
2803 2811 1.0
2811 2809 1.0
2809 2811 1.0
2812 764 1.0
764 2812 1.0
2812 2300 1.0
2300 2812 1.0
2812 2684 1.0
2684 2812 1.0
2812 2748 1.0
2748 2812 1.0
2812 2780 1.0
2780 2812 1.0
2812 2796 1.0
2796 2812 1.0
2812 2804 1.0
2804 2812 1.0
2812 2810 1.0
2810 2812 1.0
2812 2811 1.0
2811 2812 1.0
2813 765 1.0
765 2813 1.0
2813 2301 1.0
2301 2813 1.0
2813 2685 1.0
2685 2813 1.0
2813 2749 1.0
2749 2813 1.0
2813 2781 1.0
2781 2813 1.0
2813 2797 1.0
2797 2813 1.0
2813 2805 1.0
2805 2813 1.0
2813 2809 1.0
2809 2813 1.0
2814 766 1.0
766 2814 1.0
2814 2302 1.0
2302 2814 1.0
2814 2686 1.0
2686 2814 1.0
2814 2750 1.0
2750 2814 1.0
2814 2782 1.0
2782 2814 1.0
2814 2798 1.0
2798 2814 1.0
2814 2806 2.0
2806 2814 2.0
2814 2810 1.0
2810 2814 1.0
2814 2813 1.0
2813 2814 1.0
2815 767 1.0
767 2815 1.0
2815 2303 1.0
2303 2815 1.0
2815 2687 1.0
2687 2815 1.0
2815 2751 1.0
2751 2815 1.0
2815 2783 1.0
2783 2815 1.0
2815 2799 1.0
2799 2815 1.0
2815 2807 1.0
2807 2815 1.0
2815 2811 1.0
2811 2815 1.0
2815 2813 1.0
2813 2815 1.0
2816 768 2.0
768 2816 2.0
2816 2304 2.0
2304 2816 2.0
2816 2688 1.0
2688 2816 1.0
2816 2752 1.0
2752 2816 1.0
2816 2784 2.0
2784 2816 2.0
2816 2800 1.0
2800 2816 1.0
2816 2808 1.0
2808 2816 1.0
2816 2812 1.0
2812 2816 1.0
2816 2814 1.0
2814 2816 1.0
2816 2815 1.0
2815 2816 1.0
2817 769 1.0
769 2817 1.0
2817 2305 2.0
2305 2817 2.0
2817 2561 1.0
2561 2817 1.0
2818 770 1.0
770 2818 1.0
2818 2306 1.0
2306 2818 1.0
2818 2562 1.0
2562 2818 1.0
2818 2817 1.0
2817 2818 1.0
2819 771 1.0
771 2819 1.0
2819 2307 1.0
2307 2819 1.0
2819 2563 2.0
2563 2819 2.0
2819 2817 1.0
2817 2819 1.0
2820 772 2.0
772 2820 2.0
2820 2308 1.0
2308 2820 1.0
2820 2564 1.0
2564 2820 1.0
2820 2818 1.0
2818 2820 1.0
2820 2819 1.0
2819 2820 1.0
2821 773 1.0
773 2821 1.0
2821 2309 1.0
2309 2821 1.0
2821 2565 1.0
2565 2821 1.0
2821 2817 1.0
2817 2821 1.0
2822 774 2.0
774 2822 2.0
2822 2310 2.0
2310 2822 2.0
2822 2566 3.0
2566 2822 3.0
2822 2818 2.0
2818 2822 2.0
2822 2821 2.0
2821 2822 2.0
2823 775 1.0
775 2823 1.0
2823 2311 1.0
2311 2823 1.0
2823 2567 1.0
2567 2823 1.0
2823 2819 1.0
2819 2823 1.0
2823 2821 1.0
2821 2823 1.0
2824 776 1.0
776 2824 1.0
2824 2312 1.0
2312 2824 1.0
2824 2568 1.0
2568 2824 1.0
2824 2820 1.0
2820 2824 1.0
2824 2822 2.0
2822 2824 2.0
2824 2823 1.0
2823 2824 1.0
2825 777 2.0
777 2825 2.0
2825 2313 2.0
2313 2825 2.0
2825 2569 2.0
2569 2825 2.0
2825 2817 2.0
2817 2825 2.0
2826 778 1.0
778 2826 1.0
2826 2314 1.0
2314 2826 1.0
2826 2570 1.0
2570 2826 1.0
2826 2818 1.0
2818 2826 1.0
2826 2825 2.0
2825 2826 2.0
2827 779 1.0
779 2827 1.0
2827 2315 1.0
2315 2827 1.0
2827 2571 1.0
2571 2827 1.0
2827 2819 1.0
2819 2827 1.0
2827 2825 2.0
2825 2827 2.0
2828 780 1.0
780 2828 1.0
2828 2316 1.0
2316 2828 1.0
2828 2572 1.0
2572 2828 1.0
2828 2820 1.0
2820 2828 1.0
2828 2826 1.0
2826 2828 1.0
2828 2827 1.0
2827 2828 1.0
2829 781 1.0
781 2829 1.0
2829 2317 1.0
2317 2829 1.0
2829 2573 1.0
2573 2829 1.0
2829 2821 1.0
2821 2829 1.0
2829 2825 2.0
2825 2829 2.0
2830 782 1.0
782 2830 1.0
2830 2318 1.0
2318 2830 1.0
2830 2574 1.0
2574 2830 1.0
2830 2822 2.0
2822 2830 2.0
2830 2826 1.0
2826 2830 1.0
2830 2829 1.0
2829 2830 1.0
2831 783 2.0
783 2831 2.0
2831 2319 2.0
2319 2831 2.0
2831 2575 2.0
2575 2831 2.0
2831 2823 2.0
2823 2831 2.0
2831 2827 2.0
2827 2831 2.0
2831 2829 2.0
2829 2831 2.0
2832 784 1.0
784 2832 1.0
2832 2320 1.0
2320 2832 1.0
2832 2576 1.0
2576 2832 1.0
2832 2824 1.0
2824 2832 1.0
2832 2828 1.0
2828 2832 1.0
2832 2830 1.0
2830 2832 1.0
2832 2831 2.0
2831 2832 2.0
2833 785 2.0
785 2833 2.0
2833 2321 1.0
2321 2833 1.0
2833 2577 1.0
2577 2833 1.0
2833 2817 1.0
2817 2833 1.0
2834 786 1.0
786 2834 1.0
2834 2322 1.0
2322 2834 1.0
2834 2578 1.0
2578 2834 1.0
2834 2818 1.0
2818 2834 1.0
2834 2833 1.0
2833 2834 1.0
2835 787 1.0
787 2835 1.0
2835 2323 1.0
2323 2835 1.0
2835 2579 1.0
2579 2835 1.0
2835 2819 1.0
2819 2835 1.0
2835 2833 1.0
2833 2835 1.0
2836 788 1.0
788 2836 1.0
2836 2324 1.0
2324 2836 1.0
2836 2580 2.0
2580 2836 2.0
2836 2820 1.0
2820 2836 1.0
2836 2834 1.0
2834 2836 1.0
2836 2835 1.0
2835 2836 1.0
2837 789 1.0
789 2837 1.0
2837 2325 1.0
2325 2837 1.0
2837 2581 1.0
2581 2837 1.0
2837 2821 1.0
2821 2837 1.0
2837 2833 1.0
2833 2837 1.0
2838 790 2.0
790 2838 2.0
2838 2326 2.0
2326 2838 2.0
2838 2582 2.0
2582 2838 2.0
2838 2822 3.0
2822 2838 3.0
2838 2834 2.0
2834 2838 2.0
2838 2837 2.0
2837 2838 2.0
2839 791 1.0
791 2839 1.0
2839 2327 1.0
2327 2839 1.0
2839 2583 1.0
2583 2839 1.0
2839 2823 1.0
2823 2839 1.0
2839 2835 1.0
2835 2839 1.0
2839 2837 1.0
2837 2839 1.0
2840 792 1.0
792 2840 1.0
2840 2328 1.0
2328 2840 1.0
2840 2584 1.0
2584 2840 1.0
2840 2824 1.0
2824 2840 1.0
2840 2836 1.0
2836 2840 1.0
2840 2838 2.0
2838 2840 2.0
2840 2839 1.0
2839 2840 1.0
2841 793 1.0
793 2841 1.0
2841 2329 1.0
2329 2841 1.0
2841 2585 1.0
2585 2841 1.0
2841 2825 2.0
2825 2841 2.0
2841 2833 1.0
2833 2841 1.0
2842 794 1.0
794 2842 1.0
2842 2330 2.0
2330 2842 2.0
2842 2586 1.0
2586 2842 1.0
2842 2826 1.0
2826 2842 1.0
2842 2834 1.0
2834 2842 1.0
2842 2841 1.0
2841 2842 1.0
2843 795 1.0
795 2843 1.0
2843 2331 1.0
2331 2843 1.0
2843 2587 1.0
2587 2843 1.0
2843 2827 1.0
2827 2843 1.0
2843 2835 1.0
2835 2843 1.0
2843 2841 1.0
2841 2843 1.0
2844 796 1.0
796 2844 1.0
2844 2332 1.0
2332 2844 1.0
2844 2588 2.0
2588 2844 2.0
2844 2828 1.0
2828 2844 1.0
2844 2836 1.0
2836 2844 1.0
2844 2842 1.0
2842 2844 1.0
2844 2843 1.0
2843 2844 1.0
2845 797 1.0
797 2845 1.0
2845 2333 1.0
2333 2845 1.0
2845 2589 2.0
2589 2845 2.0
2845 2829 1.0
2829 2845 1.0
2845 2837 1.0
2837 2845 1.0
2845 2841 1.0
2841 2845 1.0
2846 798 1.0
798 2846 1.0
2846 2334 1.0
2334 2846 1.0
2846 2590 1.0
2590 2846 1.0
2846 2830 1.0
2830 2846 1.0
2846 2838 2.0
2838 2846 2.0
2846 2842 1.0
2842 2846 1.0
2846 2845 1.0
2845 2846 1.0
2847 799 1.0
799 2847 1.0
2847 2335 1.0
2335 2847 1.0
2847 2591 1.0
2591 2847 1.0
2847 2831 2.0
2831 2847 2.0
2847 2839 1.0
2839 2847 1.0
2847 2843 1.0
2843 2847 1.0
2847 2845 1.0
2845 2847 1.0
2848 800 2.0
800 2848 2.0
2848 2336 1.0
2336 2848 1.0
2848 2592 1.0
2592 2848 1.0
2848 2832 1.0
2832 2848 1.0
2848 2840 1.0
2840 2848 1.0
2848 2844 1.0
2844 2848 1.0
2848 2846 1.0
2846 2848 1.0
2848 2847 1.0
2847 2848 1.0
2849 801 1.0
801 2849 1.0
2849 2337 1.0
2337 2849 1.0
2849 2593 1.0
2593 2849 1.0
2849 2817 1.0
2817 2849 1.0
2850 802 1.0
802 2850 1.0
2850 2338 1.0
2338 2850 1.0
2850 2594 1.0
2594 2850 1.0
2850 2818 1.0
2818 2850 1.0
2850 2849 1.0
2849 2850 1.0
2851 803 1.0
803 2851 1.0
2851 2339 1.0
2339 2851 1.0
2851 2595 2.0
2595 2851 2.0
2851 2819 1.0
2819 2851 1.0
2851 2849 1.0
2849 2851 1.0
2852 804 1.0
804 2852 1.0
2852 2340 2.0
2340 2852 2.0
2852 2596 1.0
2596 2852 1.0
2852 2820 1.0
2820 2852 1.0
2852 2850 1.0
2850 2852 1.0
2852 2851 1.0
2851 2852 1.0
2853 805 1.0
805 2853 1.0
2853 2341 1.0
2341 2853 1.0
2853 2597 1.0
2597 2853 1.0
2853 2821 1.0
2821 2853 1.0
2853 2849 1.0
2849 2853 1.0
2854 806 1.0
806 2854 1.0
2854 2342 1.0
2342 2854 1.0
2854 2598 1.0
2598 2854 1.0
2854 2822 2.0
2822 2854 2.0
2854 2850 1.0
2850 2854 1.0
2854 2853 1.0
2853 2854 1.0
2855 807 2.0
807 2855 2.0
2855 2343 2.0
2343 2855 2.0
2855 2599 1.0
2599 2855 1.0
2855 2823 1.0
2823 2855 1.0
2855 2851 1.0
2851 2855 1.0
2855 2853 1.0
2853 2855 1.0
2856 808 1.0
808 2856 1.0
2856 2344 1.0
2344 2856 1.0
2856 2600 1.0
2600 2856 1.0
2856 2824 1.0
2824 2856 1.0
2856 2852 1.0
2852 2856 1.0
2856 2854 1.0
2854 2856 1.0
2856 2855 1.0
2855 2856 1.0
2857 809 1.0
809 2857 1.0
2857 2345 1.0
2345 2857 1.0
2857 2601 1.0
2601 2857 1.0
2857 2825 2.0
2825 2857 2.0
2857 2849 1.0
2849 2857 1.0
2858 810 1.0
810 2858 1.0
2858 2346 1.0
2346 2858 1.0
2858 2602 2.0
2602 2858 2.0
2858 2826 1.0
2826 2858 1.0
2858 2850 1.0
2850 2858 1.0
2858 2857 1.0
2857 2858 1.0
2859 811 2.0
811 2859 2.0
2859 2347 2.0
2347 2859 2.0
2859 2603 2.0
2603 2859 2.0
2859 2827 2.0
2827 2859 2.0
2859 2851 2.0
2851 2859 2.0
2859 2857 2.0
2857 2859 2.0
2860 812 1.0
812 2860 1.0
2860 2348 1.0
2348 2860 1.0
2860 2604 1.0
2604 2860 1.0
2860 2828 1.0
2828 2860 1.0
2860 2852 1.0
2852 2860 1.0
2860 2858 1.0
2858 2860 1.0
2860 2859 2.0
2859 2860 2.0
2861 813 1.0
813 2861 1.0
2861 2349 2.0
2349 2861 2.0
2861 2605 1.0
2605 2861 1.0
2861 2829 1.0
2829 2861 1.0
2861 2853 1.0
2853 2861 1.0
2861 2857 1.0
2857 2861 1.0
2862 814 2.0
814 2862 2.0
2862 2350 1.0
2350 2862 1.0
2862 2606 1.0
2606 2862 1.0
2862 2830 1.0
2830 2862 1.0
2862 2854 1.0
2854 2862 1.0
2862 2858 1.0
2858 2862 1.0
2862 2861 1.0
2861 2862 1.0
2863 815 1.0
815 2863 1.0
2863 2351 1.0
2351 2863 1.0
2863 2607 1.0
2607 2863 1.0
2863 2831 2.0
2831 2863 2.0
2863 2855 1.0
2855 2863 1.0
2863 2859 2.0
2859 2863 2.0
2863 2861 1.0
2861 2863 1.0
2864 816 1.0
816 2864 1.0
2864 2352 1.0
2352 2864 1.0
2864 2608 1.0
2608 2864 1.0
2864 2832 1.0
2832 2864 1.0
2864 2856 1.0
2856 2864 1.0
2864 2860 1.0
2860 2864 1.0
2864 2862 1.0
2862 2864 1.0
2864 2863 1.0
2863 2864 1.0
2865 817 1.0
817 2865 1.0
2865 2353 1.0
2353 2865 1.0
2865 2609 1.0
2609 2865 1.0
2865 2833 1.0
2833 2865 1.0
2865 2849 1.0
2849 2865 1.0
2866 818 1.0
818 2866 1.0
2866 2354 2.0
2354 2866 2.0
2866 2610 1.0
2610 2866 1.0
2866 2834 1.0
2834 2866 1.0
2866 2850 1.0
2850 2866 1.0
2866 2865 1.0
2865 2866 1.0
2867 819 1.0
819 2867 1.0
2867 2355 1.0
2355 2867 1.0
2867 2611 1.0
2611 2867 1.0
2867 2835 1.0
2835 2867 1.0
2867 2851 1.0
2851 2867 1.0
2867 2865 1.0
2865 2867 1.0
2868 820 1.0
820 2868 1.0
2868 2356 1.0
2356 2868 1.0
2868 2612 1.0
2612 2868 1.0
2868 2836 1.0
2836 2868 1.0
2868 2852 1.0
2852 2868 1.0
2868 2866 1.0
2866 2868 1.0
2868 2867 1.0
2867 2868 1.0
2869 821 1.0
821 2869 1.0
2869 2357 1.0
2357 2869 1.0
2869 2613 2.0
2613 2869 2.0
2869 2837 1.0
2837 2869 1.0
2869 2853 1.0
2853 2869 1.0
2869 2865 1.0
2865 2869 1.0
2870 822 1.0
822 2870 1.0
2870 2358 1.0
2358 2870 1.0
2870 2614 1.0
2614 2870 1.0
2870 2838 2.0
2838 2870 2.0
2870 2854 1.0
2854 2870 1.0
2870 2866 1.0
2866 2870 1.0
2870 2869 1.0
2869 2870 1.0
2871 823 1.0
823 2871 1.0
2871 2359 1.0
2359 2871 1.0
2871 2615 1.0
2615 2871 1.0
2871 2839 1.0
2839 2871 1.0
2871 2855 1.0
2855 2871 1.0
2871 2867 1.0
2867 2871 1.0
2871 2869 1.0
2869 2871 1.0
2872 824 2.0
824 2872 2.0
2872 2360 2.0
2360 2872 2.0
2872 2616 2.0
2616 2872 2.0
2872 2840 2.0
2840 2872 2.0
2872 2856 2.0
2856 2872 2.0
2872 2868 2.0
2868 2872 2.0
2872 2870 2.0
2870 2872 2.0
2872 2871 2.0
2871 2872 2.0
2873 825 1.0
825 2873 1.0
2873 2361 1.0
2361 2873 1.0
2873 2617 1.0
2617 2873 1.0
2873 2841 1.0
2841 2873 1.0
2873 2857 1.0
2857 2873 1.0
2873 2865 1.0
2865 2873 1.0
2874 826 2.0
826 2874 2.0
2874 2362 1.0
2362 2874 1.0
2874 2618 1.0
2618 2874 1.0
2874 2842 1.0
2842 2874 1.0
2874 2858 1.0
2858 2874 1.0
2874 2866 1.0
2866 2874 1.0
2874 2873 1.0
2873 2874 1.0
2875 827 2.0
827 2875 2.0
2875 2363 3.0
2363 2875 3.0
2875 2619 2.0
2619 2875 2.0
2875 2843 2.0
2843 2875 2.0
2875 2859 3.0
2859 2875 3.0
2875 2867 2.0
2867 2875 2.0
2875 2873 2.0
2873 2875 2.0
2876 828 1.0
828 2876 1.0
2876 2364 1.0
2364 2876 1.0
2876 2620 1.0
2620 2876 1.0
2876 2844 1.0
2844 2876 1.0
2876 2860 1.0
2860 2876 1.0
2876 2868 1.0
2868 2876 1.0
2876 2874 1.0
2874 2876 1.0
2876 2875 2.0
2875 2876 2.0
2877 829 1.0
829 2877 1.0
2877 2365 1.0
2365 2877 1.0
2877 2621 2.0
2621 2877 2.0
2877 2845 1.0
2845 2877 1.0
2877 2861 1.0
2861 2877 1.0
2877 2869 1.0
2869 2877 1.0
2877 2873 1.0
2873 2877 1.0
2878 830 1.0
830 2878 1.0
2878 2366 1.0
2366 2878 1.0
2878 2622 1.0
2622 2878 1.0
2878 2846 1.0
2846 2878 1.0
2878 2862 1.0
2862 2878 1.0
2878 2870 1.0
2870 2878 1.0
2878 2874 1.0
2874 2878 1.0
2878 2877 1.0
2877 2878 1.0
2879 831 1.0
831 2879 1.0
2879 2367 1.0
2367 2879 1.0
2879 2623 1.0
2623 2879 1.0
2879 2847 1.0
2847 2879 1.0
2879 2863 1.0
2863 2879 1.0
2879 2871 1.0
2871 2879 1.0
2879 2875 2.0
2875 2879 2.0
2879 2877 1.0
2877 2879 1.0
2880 832 2.0
832 2880 2.0
2880 2624 2.0
2624 2880 2.0
2880 2848 2.0
2848 2880 2.0
2880 2864 2.0
2864 2880 2.0
2880 2872 3.0
2872 2880 3.0
2880 2876 2.0
2876 2880 2.0
2880 2878 2.0
2878 2880 2.0
2880 2879 2.0
2879 2880 2.0
2881 833 1.0
833 2881 1.0
2881 2369 1.0
2369 2881 1.0
2881 2625 1.0
2625 2881 1.0
2881 2817 1.0
2817 2881 1.0
2882 834 1.0
834 2882 1.0
2882 2370 1.0
2370 2882 1.0
2882 2626 1.0
2626 2882 1.0
2882 2818 1.0
2818 2882 1.0
2882 2881 1.0
2881 2882 1.0
2883 835 1.0
835 2883 1.0
2883 2371 1.0
2371 2883 1.0
2883 2627 1.0
2627 2883 1.0
2883 2819 1.0
2819 2883 1.0
2883 2881 1.0
2881 2883 1.0
2884 836 2.0
836 2884 2.0
2884 2372 2.0
2372 2884 2.0
2884 2628 2.0
2628 2884 2.0
2884 2820 2.0
2820 2884 2.0
2884 2882 2.0
2882 2884 2.0
2884 2883 2.0
2883 2884 2.0
2885 837 1.0
837 2885 1.0
2885 2373 1.0
2373 2885 1.0
2885 2629 1.0
2629 2885 1.0
2885 2821 1.0
2821 2885 1.0
2885 2881 1.0
2881 2885 1.0
2886 838 1.0
838 2886 1.0
2886 2374 1.0
2374 2886 1.0
2886 2630 1.0
2630 2886 1.0
2886 2822 2.0
2822 2886 2.0
2886 2882 1.0
2882 2886 1.0
2886 2885 1.0
2885 2886 1.0
2887 839 1.0
839 2887 1.0
2887 2375 1.0
2375 2887 1.0
2887 2631 1.0
2631 2887 1.0
2887 2823 1.0
2823 2887 1.0
2887 2883 1.0
2883 2887 1.0
2887 2885 1.0
2885 2887 1.0
2888 840 1.0
840 2888 1.0
2888 2376 1.0
2376 2888 1.0
2888 2632 1.0
2632 2888 1.0
2888 2824 1.0
2824 2888 1.0
2888 2884 2.0
2884 2888 2.0
2888 2886 1.0
2886 2888 1.0
2888 2887 1.0
2887 2888 1.0
2889 841 1.0
841 2889 1.0
2889 2377 1.0
2377 2889 1.0
2889 2633 1.0
2633 2889 1.0
2889 2825 2.0
2825 2889 2.0
2889 2881 1.0
2881 2889 1.0
2890 842 1.0
842 2890 1.0
2890 2378 1.0
2378 2890 1.0
2890 2634 1.0
2634 2890 1.0
2890 2826 1.0
2826 2890 1.0
2890 2882 1.0
2882 2890 1.0
2890 2889 1.0
2889 2890 1.0
2891 843 1.0
843 2891 1.0
2891 2379 2.0
2379 2891 2.0
2891 2635 1.0
2635 2891 1.0
2891 2827 1.0
2827 2891 1.0
2891 2883 1.0
2883 2891 1.0
2891 2889 1.0
2889 2891 1.0
2892 844 2.0
844 2892 2.0
2892 2380 3.0
2380 2892 3.0
2892 2636 2.0
2636 2892 2.0
2892 2828 2.0
2828 2892 2.0
2892 2884 3.0
2884 2892 3.0
2892 2890 2.0
2890 2892 2.0
2892 2891 2.0
2891 2892 2.0
2893 845 2.0
845 2893 2.0
2893 2381 1.0
2381 2893 1.0
2893 2637 1.0
2637 2893 1.0
2893 2829 1.0
2829 2893 1.0
2893 2885 1.0
2885 2893 1.0
2893 2889 1.0
2889 2893 1.0
2894 846 1.0
846 2894 1.0
2894 2382 1.0
2382 2894 1.0
2894 2638 1.0
2638 2894 1.0
2894 2830 1.0
2830 2894 1.0
2894 2886 1.0
2886 2894 1.0
2894 2890 1.0
2890 2894 1.0
2894 2893 1.0
2893 2894 1.0
2895 847 1.0
847 2895 1.0
2895 2383 1.0
2383 2895 1.0
2895 2639 1.0
2639 2895 1.0
2895 2831 2.0
2831 2895 2.0
2895 2887 1.0
2887 2895 1.0
2895 2891 1.0
2891 2895 1.0
2895 2893 1.0
2893 2895 1.0
2896 848 1.0
848 2896 1.0
2896 2384 1.0
2384 2896 1.0
2896 2640 1.0
2640 2896 1.0
2896 2832 1.0
2832 2896 1.0
2896 2888 1.0
2888 2896 1.0
2896 2892 2.0
2892 2896 2.0
2896 2894 1.0
2894 2896 1.0
2896 2895 1.0
2895 2896 1.0
2897 849 1.0
849 2897 1.0
2897 2385 1.0
2385 2897 1.0
2897 2641 2.0
2641 2897 2.0
2897 2833 1.0
2833 2897 1.0
2897 2881 1.0
2881 2897 1.0
2898 850 1.0
850 2898 1.0
2898 2386 1.0
2386 2898 1.0
2898 2642 1.0
2642 2898 1.0
2898 2834 1.0
2834 2898 1.0
2898 2882 1.0
2882 2898 1.0
2898 2897 1.0
2897 2898 1.0
2899 851 1.0
851 2899 1.0
2899 2387 1.0
2387 2899 1.0
2899 2643 1.0
2643 2899 1.0
2899 2835 1.0
2835 2899 1.0
2899 2883 1.0
2883 2899 1.0
2899 2897 1.0
2897 2899 1.0
2900 852 1.0
852 2900 1.0
2900 2388 1.0
2388 2900 1.0
2900 2644 1.0
2644 2900 1.0
2900 2836 1.0
2836 2900 1.0
2900 2884 2.0
2884 2900 2.0
2900 2898 1.0
2898 2900 1.0
2900 2899 1.0
2899 2900 1.0
2901 853 1.0
853 2901 1.0
2901 2389 1.0
2389 2901 1.0
2901 2645 1.0
2645 2901 1.0
2901 2837 1.0
2837 2901 1.0
2901 2885 1.0
2885 2901 1.0
2901 2897 1.0
2897 2901 1.0
2902 854 1.0
854 2902 1.0
2902 2390 1.0
2390 2902 1.0
2902 2646 1.0
2646 2902 1.0
2902 2838 2.0
2838 2902 2.0
2902 2886 1.0
2886 2902 1.0
2902 2898 1.0
2898 2902 1.0
2902 2901 1.0
2901 2902 1.0
2903 855 2.0
855 2903 2.0
2903 2391 2.0
2391 2903 2.0
2903 2647 2.0
2647 2903 2.0
2903 2839 2.0
2839 2903 2.0
2903 2887 2.0
2887 2903 2.0
2903 2899 2.0
2899 2903 2.0
2903 2901 2.0
2901 2903 2.0
2904 856 1.0
856 2904 1.0
2904 2392 1.0
2392 2904 1.0
2904 2648 1.0
2648 2904 1.0
2904 2840 1.0
2840 2904 1.0
2904 2888 1.0
2888 2904 1.0
2904 2900 1.0
2900 2904 1.0
2904 2902 1.0
2902 2904 1.0
2904 2903 2.0
2903 2904 2.0
2905 857 1.0
857 2905 1.0
2905 2393 1.0
2393 2905 1.0
2905 2649 1.0
2649 2905 1.0
2905 2841 1.0
2841 2905 1.0
2905 2889 1.0
2889 2905 1.0
2905 2897 1.0
2897 2905 1.0
2906 858 1.0
858 2906 1.0
2906 2394 1.0
2394 2906 1.0
2906 2650 1.0
2650 2906 1.0
2906 2842 1.0
2842 2906 1.0
2906 2890 1.0
2890 2906 1.0
2906 2898 1.0
2898 2906 1.0
2906 2905 1.0
2905 2906 1.0
2907 859 2.0
859 2907 2.0
2907 2395 1.0
2395 2907 1.0
2907 2651 1.0
2651 2907 1.0
2907 2843 1.0
2843 2907 1.0
2907 2891 1.0
2891 2907 1.0
2907 2899 1.0
2899 2907 1.0
2907 2905 1.0
2905 2907 1.0
2908 860 1.0
860 2908 1.0
2908 2396 1.0
2396 2908 1.0
2908 2652 1.0
2652 2908 1.0
2908 2844 1.0
2844 2908 1.0
2908 2892 2.0
2892 2908 2.0
2908 2900 1.0
2900 2908 1.0
2908 2906 1.0
2906 2908 1.0
2908 2907 1.0
2907 2908 1.0
2909 861 1.0
861 2909 1.0
2909 2397 2.0
2397 2909 2.0
2909 2653 1.0
2653 2909 1.0
2909 2845 1.0
2845 2909 1.0
2909 2893 1.0
2893 2909 1.0
2909 2901 1.0
2901 2909 1.0
2909 2905 1.0
2905 2909 1.0
2910 862 1.0
862 2910 1.0
2910 2398 2.0
2398 2910 2.0
2910 2654 1.0
2654 2910 1.0
2910 2846 1.0
2846 2910 1.0
2910 2894 1.0
2894 2910 1.0
2910 2902 1.0
2902 2910 1.0
2910 2906 1.0
2906 2910 1.0
2910 2909 1.0
2909 2910 1.0
2911 863 1.0
863 2911 1.0
2911 2399 1.0
2399 2911 1.0
2911 2655 1.0
2655 2911 1.0
2911 2847 1.0
2847 2911 1.0
2911 2895 1.0
2895 2911 1.0
2911 2903 2.0
2903 2911 2.0
2911 2907 1.0
2907 2911 1.0
2911 2909 1.0
2909 2911 1.0
2912 864 1.0
864 2912 1.0
2912 2400 1.0
2400 2912 1.0
2912 2656 1.0
2656 2912 1.0
2912 2848 1.0
2848 2912 1.0
2912 2896 1.0
2896 2912 1.0
2912 2904 1.0
2904 2912 1.0
2912 2908 1.0
2908 2912 1.0
2912 2910 1.0
2910 2912 1.0
2912 2911 1.0
2911 2912 1.0
2913 865 2.0
865 2913 2.0
2913 2401 2.0
2401 2913 2.0
2913 2657 2.0
2657 2913 2.0
2913 2849 2.0
2849 2913 2.0
2913 2881 2.0
2881 2913 2.0
2914 866 1.0
866 2914 1.0
2914 2402 1.0
2402 2914 1.0
2914 2658 1.0
2658 2914 1.0
2914 2850 1.0
2850 2914 1.0
2914 2882 1.0
2882 2914 1.0
2914 2913 2.0
2913 2914 2.0
2915 867 1.0
867 2915 1.0
2915 2403 1.0
2403 2915 1.0
2915 2659 1.0
2659 2915 1.0
2915 2851 1.0
2851 2915 1.0
2915 2883 1.0
2883 2915 1.0
2915 2913 2.0
2913 2915 2.0
2916 868 2.0
868 2916 2.0
2916 2404 1.0
2404 2916 1.0
2916 2660 1.0
2660 2916 1.0
2916 2852 1.0
2852 2916 1.0
2916 2884 2.0
2884 2916 2.0
2916 2914 1.0
2914 2916 1.0
2916 2915 1.0
2915 2916 1.0
2917 869 2.0
869 2917 2.0
2917 2405 2.0
2405 2917 2.0
2917 2661 2.0
2661 2917 2.0
2917 2853 2.0
2853 2917 2.0
2917 2885 2.0
2885 2917 2.0
2917 2913 3.0
2913 2917 3.0
2918 870 1.0
870 2918 1.0
2918 2406 2.0
2406 2918 2.0
2918 2662 1.0
2662 2918 1.0
2918 2854 1.0
2854 2918 1.0
2918 2886 1.0
2886 2918 1.0
2918 2914 1.0
2914 2918 1.0
2918 2917 2.0
2917 2918 2.0
2919 871 1.0
871 2919 1.0
2919 2407 1.0
2407 2919 1.0
2919 2663 1.0
2663 2919 1.0
2919 2855 1.0
2855 2919 1.0
2919 2887 1.0
2887 2919 1.0
2919 2915 1.0
2915 2919 1.0
2919 2917 2.0
2917 2919 2.0
2920 872 1.0
872 2920 1.0
2920 2408 1.0
2408 2920 1.0
2920 2664 1.0
2664 2920 1.0
2920 2856 1.0
2856 2920 1.0
2920 2888 1.0
2888 2920 1.0
2920 2916 1.0
2916 2920 1.0
2920 2918 1.0
2918 2920 1.0
2920 2919 1.0
2919 2920 1.0
2921 873 1.0
873 2921 1.0
2921 2409 1.0
2409 2921 1.0
2921 2665 1.0
2665 2921 1.0
2921 2857 1.0
2857 2921 1.0
2921 2889 1.0
2889 2921 1.0
2921 2913 2.0
2913 2921 2.0
2922 874 1.0
874 2922 1.0
2922 2410 1.0
2410 2922 1.0
2922 2666 2.0
2666 2922 2.0
2922 2858 1.0
2858 2922 1.0
2922 2890 1.0
2890 2922 1.0
2922 2914 1.0
2914 2922 1.0
2922 2921 1.0
2921 2922 1.0
2923 875 1.0
875 2923 1.0
2923 2411 1.0
2411 2923 1.0
2923 2667 1.0
2667 2923 1.0
2923 2859 2.0
2859 2923 2.0
2923 2891 1.0
2891 2923 1.0
2923 2915 1.0
2915 2923 1.0
2923 2921 1.0
2921 2923 1.0
2924 876 1.0
876 2924 1.0
2924 2412 1.0
2412 2924 1.0
2924 2668 1.0
2668 2924 1.0
2924 2860 1.0
2860 2924 1.0
2924 2892 2.0
2892 2924 2.0
2924 2916 1.0
2916 2924 1.0
2924 2922 1.0
2922 2924 1.0
2924 2923 1.0
2923 2924 1.0
2925 877 1.0
877 2925 1.0
2925 2413 1.0
2413 2925 1.0
2925 2669 1.0
2669 2925 1.0
2925 2861 1.0
2861 2925 1.0
2925 2893 1.0
2893 2925 1.0
2925 2917 2.0
2917 2925 2.0
2925 2921 1.0
2921 2925 1.0
2926 878 1.0
878 2926 1.0
2926 2414 1.0
2414 2926 1.0
2926 2670 2.0
2670 2926 2.0
2926 2862 1.0
2862 2926 1.0
2926 2894 1.0
2894 2926 1.0
2926 2918 1.0
2918 2926 1.0
2926 2922 1.0
2922 2926 1.0
2926 2925 1.0
2925 2926 1.0
2927 879 2.0
879 2927 2.0
2927 2415 1.0
2415 2927 1.0
2927 2671 1.0
2671 2927 1.0
2927 2863 1.0
2863 2927 1.0
2927 2895 1.0
2895 2927 1.0
2927 2919 1.0
2919 2927 1.0
2927 2923 1.0
2923 2927 1.0
2927 2925 1.0
2925 2927 1.0
2928 880 1.0
880 2928 1.0
2928 2416 1.0
2416 2928 1.0
2928 2672 1.0
2672 2928 1.0
2928 2864 1.0
2864 2928 1.0
2928 2896 1.0
2896 2928 1.0
2928 2920 1.0
2920 2928 1.0
2928 2924 1.0
2924 2928 1.0
2928 2926 1.0
2926 2928 1.0
2928 2927 1.0
2927 2928 1.0
2929 881 2.0
881 2929 2.0
2929 2417 2.0
2417 2929 2.0
2929 2673 2.0
2673 2929 2.0
2929 2865 2.0
2865 2929 2.0
2929 2897 2.0
2897 2929 2.0
2929 2913 3.0
2913 2929 3.0
2930 882 1.0
882 2930 1.0
2930 2418 1.0
2418 2930 1.0
2930 2674 1.0
2674 2930 1.0
2930 2866 1.0
2866 2930 1.0
2930 2898 1.0
2898 2930 1.0
2930 2914 1.0
2914 2930 1.0
2930 2929 2.0
2929 2930 2.0
2931 883 1.0
883 2931 1.0
2931 2419 1.0
2419 2931 1.0
2931 2675 1.0
2675 2931 1.0
2931 2867 1.0
2867 2931 1.0
2931 2899 1.0
2899 2931 1.0
2931 2915 1.0
2915 2931 1.0
2931 2929 2.0
2929 2931 2.0
2932 884 2.0
884 2932 2.0
2932 2420 2.0
2420 2932 2.0
2932 2676 1.0
2676 2932 1.0
2932 2868 1.0
2868 2932 1.0
2932 2900 1.0
2900 2932 1.0
2932 2916 1.0
2916 2932 1.0
2932 2930 1.0
2930 2932 1.0
2932 2931 1.0
2931 2932 1.0
2933 885 1.0
885 2933 1.0
2933 2421 1.0
2421 2933 1.0
2933 2677 1.0
2677 2933 1.0
2933 2869 1.0
2869 2933 1.0
2933 2901 1.0
2901 2933 1.0
2933 2917 2.0
2917 2933 2.0
2933 2929 2.0
2929 2933 2.0
2934 886 2.0
886 2934 2.0
2934 2422 1.0
2422 2934 1.0
2934 2678 1.0
2678 2934 1.0
2934 2870 1.0
2870 2934 1.0
2934 2902 1.0
2902 2934 1.0
2934 2918 1.0
2918 2934 1.0
2934 2930 1.0
2930 2934 1.0
2934 2933 1.0
2933 2934 1.0
2935 887 1.0
887 2935 1.0
2935 2423 1.0
2423 2935 1.0
2935 2679 1.0
2679 2935 1.0
2935 2871 1.0
2871 2935 1.0
2935 2903 2.0
2903 2935 2.0
2935 2919 1.0
2919 2935 1.0
2935 2931 1.0
2931 2935 1.0
2935 2933 1.0
2933 2935 1.0
2936 888 1.0
888 2936 1.0
2936 2424 1.0
2424 2936 1.0
2936 2680 1.0
2680 2936 1.0
2936 2872 2.0
2872 2936 2.0
2936 2904 1.0
2904 2936 1.0
2936 2920 1.0
2920 2936 1.0
2936 2932 1.0
2932 2936 1.0
2936 2934 1.0
2934 2936 1.0
2936 2935 1.0
2935 2936 1.0
2937 889 1.0
889 2937 1.0
2937 2425 1.0
2425 2937 1.0
2937 2681 1.0
2681 2937 1.0
2937 2873 1.0
2873 2937 1.0
2937 2905 1.0
2905 2937 1.0
2937 2921 1.0
2921 2937 1.0
2937 2929 2.0
2929 2937 2.0
2938 890 1.0
890 2938 1.0
2938 2426 1.0
2426 2938 1.0
2938 2682 1.0
2682 2938 1.0
2938 2874 1.0
2874 2938 1.0
2938 2906 1.0
2906 2938 1.0
2938 2922 1.0
2922 2938 1.0
2938 2930 1.0
2930 2938 1.0
2938 2937 1.0
2937 2938 1.0
2939 891 1.0
891 2939 1.0
2939 2427 1.0
2427 2939 1.0
2939 2683 2.0
2683 2939 2.0
2939 2875 2.0
2875 2939 2.0
2939 2907 1.0
2907 2939 1.0
2939 2923 1.0
2923 2939 1.0
2939 2931 1.0
2931 2939 1.0
2939 2937 1.0
2937 2939 1.0
2940 892 1.0
892 2940 1.0
2940 2428 1.0
2428 2940 1.0
2940 2684 1.0
2684 2940 1.0
2940 2876 1.0
2876 2940 1.0
2940 2908 1.0
2908 2940 1.0
2940 2924 1.0
2924 2940 1.0
2940 2932 1.0
2932 2940 1.0
2940 2938 1.0
2938 2940 1.0
2940 2939 1.0
2939 2940 1.0
2941 893 2.0
893 2941 2.0
2941 2429 1.0
2429 2941 1.0
2941 2685 1.0
2685 2941 1.0
2941 2877 1.0
2877 2941 1.0
2941 2909 1.0
2909 2941 1.0
2941 2925 1.0
2925 2941 1.0
2941 2933 1.0
2933 2941 1.0
2941 2937 1.0
2937 2941 1.0
2942 894 1.0
894 2942 1.0
2942 2430 1.0
2430 2942 1.0
2942 2686 1.0
2686 2942 1.0
2942 2878 1.0
2878 2942 1.0
2942 2910 1.0
2910 2942 1.0
2942 2926 1.0
2926 2942 1.0
2942 2934 1.0
2934 2942 1.0
2942 2938 1.0
2938 2942 1.0
2942 2941 1.0
2941 2942 1.0
2943 895 1.0
895 2943 1.0
2943 2431 1.0
2431 2943 1.0
2943 2687 1.0
2687 2943 1.0
2943 2879 1.0
2879 2943 1.0
2943 2911 1.0
2911 2943 1.0
2943 2927 1.0
2927 2943 1.0
2943 2935 1.0
2935 2943 1.0
2943 2939 1.0
2939 2943 1.0
2943 2941 1.0
2941 2943 1.0
2944 896 2.0
896 2944 2.0
2944 2432 3.0
2432 2944 3.0
2944 2688 2.0
2688 2944 2.0
2944 2880 3.0
2880 2944 3.0
2944 2912 2.0
2912 2944 2.0
2944 2928 2.0
2928 2944 2.0
2944 2936 2.0
2936 2944 2.0
2944 2940 2.0
2940 2944 2.0
2944 2942 2.0
2942 2944 2.0
2944 2943 2.0
2943 2944 2.0
2945 897 2.0
897 2945 2.0
2945 2433 1.0
2433 2945 1.0
2945 2689 1.0
2689 2945 1.0
2945 2817 1.0
2817 2945 1.0
2946 898 1.0
898 2946 1.0
2946 2434 1.0
2434 2946 1.0
2946 2690 2.0
2690 2946 2.0
2946 2818 1.0
2818 2946 1.0
2946 2945 1.0
2945 2946 1.0
2947 899 1.0
899 2947 1.0
2947 2435 1.0
2435 2947 1.0
2947 2691 1.0
2691 2947 1.0
2947 2819 1.0
2819 2947 1.0
2947 2945 1.0
2945 2947 1.0
2948 900 1.0
900 2948 1.0
2948 2436 1.0
2436 2948 1.0
2948 2692 1.0
2692 2948 1.0
2948 2820 1.0
2820 2948 1.0
2948 2946 1.0
2946 2948 1.0
2948 2947 1.0
2947 2948 1.0
2949 901 2.0
901 2949 2.0
2949 2437 2.0
2437 2949 2.0
2949 2693 2.0
2693 2949 2.0
2949 2821 2.0
2821 2949 2.0
2949 2945 2.0
2945 2949 2.0
2950 902 1.0
902 2950 1.0
2950 2438 1.0
2438 2950 1.0
2950 2694 1.0
2694 2950 1.0
2950 2822 2.0
2822 2950 2.0
2950 2946 1.0
2946 2950 1.0
2950 2949 2.0
2949 2950 2.0
2951 903 1.0
903 2951 1.0
2951 2439 1.0
2439 2951 1.0
2951 2695 1.0
2695 2951 1.0
2951 2823 1.0
2823 2951 1.0
2951 2947 1.0
2947 2951 1.0
2951 2949 2.0
2949 2951 2.0
2952 904 1.0
904 2952 1.0
2952 2440 2.0
2440 2952 2.0
2952 2696 1.0
2696 2952 1.0
2952 2824 1.0
2824 2952 1.0
2952 2948 1.0
2948 2952 1.0
2952 2950 1.0
2950 2952 1.0
2952 2951 1.0
2951 2952 1.0
2953 905 1.0
905 2953 1.0
2953 2441 1.0
2441 2953 1.0
2953 2697 1.0
2697 2953 1.0
2953 2825 2.0
2825 2953 2.0
2953 2945 1.0
2945 2953 1.0
2954 906 1.0
906 2954 1.0
2954 2442 1.0
2442 2954 1.0
2954 2698 1.0
2698 2954 1.0
2954 2826 1.0
2826 2954 1.0
2954 2946 1.0
2946 2954 1.0
2954 2953 1.0
2953 2954 1.0
2955 907 1.0
907 2955 1.0
2955 2443 1.0
2443 2955 1.0
2955 2699 1.0
2699 2955 1.0
2955 2827 1.0
2827 2955 1.0
2955 2947 1.0
2947 2955 1.0
2955 2953 1.0
2953 2955 1.0
2956 908 2.0
908 2956 2.0
2956 2444 2.0
2444 2956 2.0
2956 2700 2.0
2700 2956 2.0
2956 2828 2.0
2828 2956 2.0
2956 2948 2.0
2948 2956 2.0
2956 2954 2.0
2954 2956 2.0
2956 2955 2.0
2955 2956 2.0
2957 909 1.0
909 2957 1.0
2957 2445 1.0
2445 2957 1.0
2957 2701 1.0
2701 2957 1.0
2957 2829 1.0
2829 2957 1.0
2957 2949 2.0
2949 2957 2.0
2957 2953 1.0
2953 2957 1.0
2958 910 1.0
910 2958 1.0
2958 2446 1.0
2446 2958 1.0
2958 2702 1.0
2702 2958 1.0
2958 2830 1.0
2830 2958 1.0
2958 2950 1.0
2950 2958 1.0
2958 2954 1.0
2954 2958 1.0
2958 2957 1.0
2957 2958 1.0
2959 911 2.0
911 2959 2.0
2959 2447 1.0
2447 2959 1.0
2959 2703 1.0
2703 2959 1.0
2959 2831 2.0
2831 2959 2.0
2959 2951 1.0
2951 2959 1.0
2959 2955 1.0
2955 2959 1.0
2959 2957 1.0
2957 2959 1.0
2960 912 1.0
912 2960 1.0
2960 2448 1.0
2448 2960 1.0
2960 2704 1.0
2704 2960 1.0
2960 2832 1.0
2832 2960 1.0
2960 2952 1.0
2952 2960 1.0
2960 2956 2.0
2956 2960 2.0
2960 2958 1.0
2958 2960 1.0
2960 2959 1.0
2959 2960 1.0
2961 913 1.0
913 2961 1.0
2961 2449 1.0
2449 2961 1.0
2961 2705 1.0
2705 2961 1.0
2961 2833 1.0
2833 2961 1.0
2961 2945 1.0
2945 2961 1.0
2962 914 1.0
914 2962 1.0
2962 2450 2.0
2450 2962 2.0
2962 2706 1.0
2706 2962 1.0
2962 2834 1.0
2834 2962 1.0
2962 2946 1.0
2946 2962 1.0
2962 2961 1.0
2961 2962 1.0
2963 915 2.0
915 2963 2.0
2963 2451 1.0
2451 2963 1.0
2963 2707 1.0
2707 2963 1.0
2963 2835 1.0
2835 2963 1.0
2963 2947 1.0
2947 2963 1.0
2963 2961 1.0
2961 2963 1.0
2964 916 1.0
916 2964 1.0
2964 2452 1.0
2452 2964 1.0
2964 2708 1.0
2708 2964 1.0
2964 2836 1.0
2836 2964 1.0
2964 2948 1.0
2948 2964 1.0
2964 2962 1.0
2962 2964 1.0
2964 2963 1.0
2963 2964 1.0
2965 917 1.0
917 2965 1.0
2965 2453 1.0
2453 2965 1.0
2965 2709 1.0
2709 2965 1.0
2965 2837 1.0
2837 2965 1.0
2965 2949 2.0
2949 2965 2.0
2965 2961 1.0
2961 2965 1.0
2966 918 2.0
918 2966 2.0
2966 2454 1.0
2454 2966 1.0
2966 2710 1.0
2710 2966 1.0
2966 2838 2.0
2838 2966 2.0
2966 2950 1.0
2950 2966 1.0
2966 2962 1.0
2962 2966 1.0
2966 2965 1.0
2965 2966 1.0
2967 919 2.0
919 2967 2.0
2967 2455 1.0
2455 2967 1.0
2967 2711 2.0
2711 2967 2.0
2967 2839 1.0
2839 2967 1.0
2967 2951 1.0
2951 2967 1.0
2967 2963 1.0
2963 2967 1.0
2967 2965 1.0
2965 2967 1.0
2968 920 1.0
920 2968 1.0
2968 2456 1.0
2456 2968 1.0
2968 2712 1.0
2712 2968 1.0
2968 2840 1.0
2840 2968 1.0
2968 2952 1.0
2952 2968 1.0
2968 2964 1.0
2964 2968 1.0
2968 2966 1.0
2966 2968 1.0
2968 2967 1.0
2967 2968 1.0
2969 921 2.0
921 2969 2.0
2969 2457 2.0
2457 2969 2.0
2969 2713 2.0
2713 2969 2.0
2969 2841 2.0
2841 2969 2.0
2969 2953 2.0
2953 2969 2.0
2969 2961 2.0
2961 2969 2.0
2970 922 1.0
922 2970 1.0
2970 2458 1.0
2458 2970 1.0
2970 2714 1.0
2714 2970 1.0
2970 2842 1.0
2842 2970 1.0
2970 2954 1.0
2954 2970 1.0
2970 2962 1.0
2962 2970 1.0
2970 2969 2.0
2969 2970 2.0
2971 923 1.0
923 2971 1.0
2971 2459 1.0
2459 2971 1.0
2971 2715 1.0
2715 2971 1.0
2971 2843 1.0
2843 2971 1.0
2971 2955 1.0
2955 2971 1.0
2971 2963 1.0
2963 2971 1.0
2971 2969 2.0
2969 2971 2.0
2972 924 1.0
924 2972 1.0
2972 2460 1.0
2460 2972 1.0
2972 2716 1.0
2716 2972 1.0
2972 2844 1.0
2844 2972 1.0
2972 2956 2.0
2956 2972 2.0
2972 2964 1.0
2964 2972 1.0
2972 2970 1.0
2970 2972 1.0
2972 2971 1.0
2971 2972 1.0
2973 925 1.0
925 2973 1.0
2973 2461 1.0
2461 2973 1.0
2973 2717 1.0
2717 2973 1.0
2973 2845 1.0
2845 2973 1.0
2973 2957 1.0
2957 2973 1.0
2973 2965 1.0
2965 2973 1.0
2973 2969 2.0
2969 2973 2.0
2974 926 1.0
926 2974 1.0
2974 2462 1.0
2462 2974 1.0
2974 2718 1.0
2718 2974 1.0
2974 2846 1.0
2846 2974 1.0
2974 2958 1.0
2958 2974 1.0
2974 2966 1.0
2966 2974 1.0
2974 2970 1.0
2970 2974 1.0
2974 2973 1.0
2973 2974 1.0
2975 927 1.0
927 2975 1.0
2975 2463 2.0
2463 2975 2.0
2975 2719 1.0
2719 2975 1.0
2975 2847 1.0
2847 2975 1.0
2975 2959 1.0
2959 2975 1.0
2975 2967 1.0
2967 2975 1.0
2975 2971 1.0
2971 2975 1.0
2975 2973 1.0
2973 2975 1.0
2976 928 1.0
928 2976 1.0
2976 2464 1.0
2464 2976 1.0
2976 2720 1.0
2720 2976 1.0
2976 2848 1.0
2848 2976 1.0
2976 2960 1.0
2960 2976 1.0
2976 2968 1.0
2968 2976 1.0
2976 2972 1.0
2972 2976 1.0
2976 2974 1.0
2974 2976 1.0
2976 2975 1.0
2975 2976 1.0
2977 929 1.0
929 2977 1.0
2977 2465 1.0
2465 2977 1.0
2977 2721 1.0
2721 2977 1.0
2977 2849 1.0
2849 2977 1.0
2977 2945 1.0
2945 2977 1.0
2978 930 2.0
930 2978 2.0
2978 2466 1.0
2466 2978 1.0
2978 2722 1.0
2722 2978 1.0
2978 2850 1.0
2850 2978 1.0
2978 2946 1.0
2946 2978 1.0
2978 2977 1.0
2977 2978 1.0
2979 931 1.0
931 2979 1.0
2979 2467 2.0
2467 2979 2.0
2979 2723 1.0
2723 2979 1.0
2979 2851 1.0
2851 2979 1.0
2979 2947 1.0
2947 2979 1.0
2979 2977 1.0
2977 2979 1.0
2980 932 1.0
932 2980 1.0
2980 2468 1.0
2468 2980 1.0
2980 2724 1.0
2724 2980 1.0
2980 2852 1.0
2852 2980 1.0
2980 2948 1.0
2948 2980 1.0
2980 2978 1.0
2978 2980 1.0
2980 2979 1.0
2979 2980 1.0
2981 933 2.0
933 2981 2.0
2981 2469 2.0
2469 2981 2.0
2981 2725 2.0
2725 2981 2.0
2981 2853 2.0
2853 2981 2.0
2981 2949 3.0
2949 2981 3.0
2981 2977 2.0
2977 2981 2.0
2982 934 1.0
934 2982 1.0
2982 2470 1.0
2470 2982 1.0
2982 2726 1.0
2726 2982 1.0
2982 2854 1.0
2854 2982 1.0
2982 2950 1.0
2950 2982 1.0
2982 2978 1.0
2978 2982 1.0
2982 2981 2.0
2981 2982 2.0
2983 935 1.0
935 2983 1.0
2983 2471 1.0
2471 2983 1.0
2983 2727 1.0
2727 2983 1.0
2983 2855 1.0
2855 2983 1.0
2983 2951 1.0
2951 2983 1.0
2983 2979 1.0
2979 2983 1.0
2983 2981 2.0
2981 2983 2.0
2984 936 1.0
936 2984 1.0
2984 2472 1.0
2472 2984 1.0
2984 2728 1.0
2728 2984 1.0
2984 2856 1.0
2856 2984 1.0
2984 2952 1.0
2952 2984 1.0
2984 2980 1.0
2980 2984 1.0
2984 2982 1.0
2982 2984 1.0
2984 2983 1.0
2983 2984 1.0
2985 937 1.0
937 2985 1.0
2985 2473 1.0
2473 2985 1.0
2985 2729 2.0
2729 2985 2.0
2985 2857 1.0
2857 2985 1.0
2985 2953 1.0
2953 2985 1.0
2985 2977 1.0
2977 2985 1.0
2986 938 1.0
938 2986 1.0
2986 2474 2.0
2474 2986 2.0
2986 2730 1.0
2730 2986 1.0
2986 2858 1.0
2858 2986 1.0
2986 2954 1.0
2954 2986 1.0
2986 2978 1.0
2978 2986 1.0
2986 2985 1.0
2985 2986 1.0
2987 939 1.0
939 2987 1.0
2987 2475 1.0
2475 2987 1.0
2987 2731 1.0
2731 2987 1.0
2987 2859 2.0
2859 2987 2.0
2987 2955 1.0
2955 2987 1.0
2987 2979 1.0
2979 2987 1.0
2987 2985 1.0
2985 2987 1.0
2988 940 1.0
940 2988 1.0
2988 2476 2.0
2476 2988 2.0
2988 2732 1.0
2732 2988 1.0
2988 2860 1.0
2860 2988 1.0
2988 2956 2.0
2956 2988 2.0
2988 2980 1.0
2980 2988 1.0
2988 2986 1.0
2986 2988 1.0
2988 2987 1.0
2987 2988 1.0
2989 941 1.0
941 2989 1.0
2989 2477 1.0
2477 2989 1.0
2989 2733 1.0
2733 2989 1.0
2989 2861 1.0
2861 2989 1.0
2989 2957 1.0
2957 2989 1.0
2989 2981 2.0
2981 2989 2.0
2989 2985 1.0
2985 2989 1.0
2990 942 1.0
942 2990 1.0
2990 2478 1.0
2478 2990 1.0
2990 2734 1.0
2734 2990 1.0
2990 2862 1.0
2862 2990 1.0
2990 2958 1.0
2958 2990 1.0
2990 2982 1.0
2982 2990 1.0
2990 2986 1.0
2986 2990 1.0
2990 2989 1.0
2989 2990 1.0
2991 943 1.0
943 2991 1.0
2991 2479 1.0
2479 2991 1.0
2991 2735 1.0
2735 2991 1.0
2991 2863 1.0
2863 2991 1.0
2991 2959 1.0
2959 2991 1.0
2991 2983 1.0
2983 2991 1.0
2991 2987 1.0
2987 2991 1.0
2991 2989 1.0
2989 2991 1.0
2992 944 1.0
944 2992 1.0
2992 2480 1.0
2480 2992 1.0
2992 2736 2.0
2736 2992 2.0
2992 2864 1.0
2864 2992 1.0
2992 2960 1.0
2960 2992 1.0
2992 2984 1.0
2984 2992 1.0
2992 2988 1.0
2988 2992 1.0
2992 2990 1.0
2990 2992 1.0
2992 2991 1.0
2991 2992 1.0
2993 945 1.0
945 2993 1.0
2993 2481 1.0
2481 2993 1.0
2993 2737 1.0
2737 2993 1.0
2993 2865 1.0
2865 2993 1.0
2993 2961 1.0
2961 2993 1.0
2993 2977 1.0
2977 2993 1.0
2994 946 1.0
946 2994 1.0
2994 2482 1.0
2482 2994 1.0
2994 2738 2.0
2738 2994 2.0
2994 2866 1.0
2866 2994 1.0
2994 2962 1.0
2962 2994 1.0
2994 2978 1.0
2978 2994 1.0
2994 2993 1.0
2993 2994 1.0
2995 947 1.0
947 2995 1.0
2995 2483 1.0
2483 2995 1.0
2995 2739 1.0
2739 2995 1.0
2995 2867 1.0
2867 2995 1.0
2995 2963 1.0
2963 2995 1.0
2995 2979 1.0
2979 2995 1.0
2995 2993 1.0
2993 2995 1.0
2996 948 2.0
948 2996 2.0
2996 2484 2.0
2484 2996 2.0
2996 2740 2.0
2740 2996 2.0
2996 2868 2.0
2868 2996 2.0
2996 2964 2.0
2964 2996 2.0
2996 2980 2.0
2980 2996 2.0
2996 2994 2.0
2994 2996 2.0
2996 2995 2.0
2995 2996 2.0
2997 949 1.0
949 2997 1.0
2997 2485 1.0
2485 2997 1.0
2997 2741 1.0
2741 2997 1.0
2997 2869 1.0
2869 2997 1.0
2997 2965 1.0
2965 2997 1.0
2997 2981 2.0
2981 2997 2.0
2997 2993 1.0
2993 2997 1.0
2998 950 1.0
950 2998 1.0
2998 2486 1.0
2486 2998 1.0
2998 2742 1.0
2742 2998 1.0
2998 2870 1.0
2870 2998 1.0
2998 2966 1.0
2966 2998 1.0
2998 2982 1.0
2982 2998 1.0
2998 2994 1.0
2994 2998 1.0
2998 2997 1.0
2997 2998 1.0
2999 951 1.0
951 2999 1.0
2999 2487 1.0
2487 2999 1.0
2999 2743 2.0
2743 2999 2.0
2999 2871 1.0
2871 2999 1.0
2999 2967 1.0
2967 2999 1.0
2999 2983 1.0
2983 2999 1.0
2999 2995 1.0
2995 2999 1.0
2999 2997 1.0
2997 2999 1.0
3000 952 1.0
952 3000 1.0
3000 2488 1.0
2488 3000 1.0
3000 2744 1.0
2744 3000 1.0
3000 2872 2.0
2872 3000 2.0
3000 2968 1.0
2968 3000 1.0
3000 2984 1.0
2984 3000 1.0
3000 2996 2.0
2996 3000 2.0
3000 2998 1.0
2998 3000 1.0
3000 2999 1.0
2999 3000 1.0
3001 953 1.0
953 3001 1.0
3001 2489 1.0
2489 3001 1.0
3001 2745 1.0
2745 3001 1.0
3001 2873 1.0
2873 3001 1.0
3001 2969 2.0
2969 3001 2.0
3001 2985 1.0
2985 3001 1.0
3001 2993 1.0
2993 3001 1.0
3002 954 1.0
954 3002 1.0
3002 2490 1.0
2490 3002 1.0
3002 2746 1.0
2746 3002 1.0
3002 2874 1.0
2874 3002 1.0
3002 2970 1.0
2970 3002 1.0
3002 2986 1.0
2986 3002 1.0
3002 2994 1.0
2994 3002 1.0
3002 3001 1.0
3001 3002 1.0
3003 955 2.0
955 3003 2.0
3003 2491 1.0
2491 3003 1.0
3003 2747 1.0
2747 3003 1.0
3003 2875 2.0
2875 3003 2.0
3003 2971 1.0
2971 3003 1.0
3003 2987 1.0
2987 3003 1.0
3003 2995 1.0
2995 3003 1.0
3003 3001 1.0
3001 3003 1.0
3004 956 1.0
956 3004 1.0
3004 2492 1.0
2492 3004 1.0
3004 2748 1.0
2748 3004 1.0
3004 2876 1.0
2876 3004 1.0
3004 2972 1.0
2972 3004 1.0
3004 2988 1.0
2988 3004 1.0
3004 2996 2.0
2996 3004 2.0
3004 3002 1.0
3002 3004 1.0
3004 3003 1.0
3003 3004 1.0
3005 957 1.0
957 3005 1.0
3005 2493 1.0
2493 3005 1.0
3005 2749 1.0
2749 3005 1.0
3005 2877 1.0
2877 3005 1.0
3005 2973 1.0
2973 3005 1.0
3005 2989 1.0
2989 3005 1.0
3005 2997 1.0
2997 3005 1.0
3005 3001 1.0
3001 3005 1.0
3006 958 2.0
958 3006 2.0
3006 2494 2.0
2494 3006 2.0
3006 2750 2.0
2750 3006 2.0
3006 2878 2.0
2878 3006 2.0
3006 2974 2.0
2974 3006 2.0
3006 2990 2.0
2990 3006 2.0
3006 2998 2.0
2998 3006 2.0
3006 3002 2.0
3002 3006 2.0
3006 3005 2.0
3005 3006 2.0
3007 959 1.0
959 3007 1.0
3007 2495 1.0
2495 3007 1.0
3007 2751 1.0
2751 3007 1.0
3007 2879 1.0
2879 3007 1.0
3007 2975 1.0
2975 3007 1.0
3007 2991 1.0
2991 3007 1.0
3007 2999 1.0
2999 3007 1.0
3007 3003 1.0
3003 3007 1.0
3007 3005 1.0
3005 3007 1.0
3008 960 1.0
960 3008 1.0
3008 2496 1.0
2496 3008 1.0
3008 2752 1.0
2752 3008 1.0
3008 2880 2.0
2880 3008 2.0
3008 2976 1.0
2976 3008 1.0
3008 2992 1.0
2992 3008 1.0
3008 3000 1.0
3000 3008 1.0
3008 3004 1.0
3004 3008 1.0
3008 3006 2.0
3006 3008 2.0
3008 3007 1.0
3007 3008 1.0
3009 961 1.0
961 3009 1.0
3009 2497 2.0
2497 3009 2.0
3009 2753 1.0
2753 3009 1.0
3009 2881 1.0
2881 3009 1.0
3009 2945 1.0
2945 3009 1.0
3010 962 1.0
962 3010 1.0
3010 2498 1.0
2498 3010 1.0
3010 2754 1.0
2754 3010 1.0
3010 2882 1.0
2882 3010 1.0
3010 2946 1.0
2946 3010 1.0
3010 3009 1.0
3009 3010 1.0
3011 963 1.0
963 3011 1.0
3011 2499 1.0
2499 3011 1.0
3011 2755 1.0
2755 3011 1.0
3011 2883 1.0
2883 3011 1.0
3011 2947 1.0
2947 3011 1.0
3011 3009 1.0
3009 3011 1.0
3012 964 1.0
964 3012 1.0
3012 2500 1.0
2500 3012 1.0
3012 2756 1.0
2756 3012 1.0
3012 2884 2.0
2884 3012 2.0
3012 2948 1.0
2948 3012 1.0
3012 3010 1.0
3010 3012 1.0
3012 3011 1.0
3011 3012 1.0
3013 965 1.0
965 3013 1.0
3013 2501 1.0
2501 3013 1.0
3013 2757 2.0
2757 3013 2.0
3013 2885 1.0
2885 3013 1.0
3013 2949 2.0
2949 3013 2.0
3013 3009 1.0
3009 3013 1.0
3014 966 1.0
966 3014 1.0
3014 2502 1.0
2502 3014 1.0
3014 2758 1.0
2758 3014 1.0
3014 2886 1.0
2886 3014 1.0
3014 2950 1.0
2950 3014 1.0
3014 3010 1.0
3010 3014 1.0
3014 3013 1.0
3013 3014 1.0
3015 967 1.0
967 3015 1.0
3015 2503 1.0
2503 3015 1.0
3015 2759 1.0
2759 3015 1.0
3015 2887 1.0
2887 3015 1.0
3015 2951 1.0
2951 3015 1.0
3015 3011 1.0
3011 3015 1.0
3015 3013 1.0
3013 3015 1.0
3016 968 1.0
968 3016 1.0
3016 2504 1.0
2504 3016 1.0
3016 2760 2.0
2760 3016 2.0
3016 2888 1.0
2888 3016 1.0
3016 2952 1.0
2952 3016 1.0
3016 3012 1.0
3012 3016 1.0
3016 3014 1.0
3014 3016 1.0
3016 3015 1.0
3015 3016 1.0
3017 969 1.0
969 3017 1.0
3017 2505 1.0
2505 3017 1.0
3017 2761 1.0
2761 3017 1.0
3017 2889 1.0
2889 3017 1.0
3017 2953 1.0
2953 3017 1.0
3017 3009 1.0
3009 3017 1.0
3018 970 2.0
970 3018 2.0
3018 2506 1.0
2506 3018 1.0
3018 2762 1.0
2762 3018 1.0
3018 2890 1.0
2890 3018 1.0
3018 2954 1.0
2954 3018 1.0
3018 3010 1.0
3010 3018 1.0
3018 3017 1.0
3017 3018 1.0
3019 971 1.0
971 3019 1.0
3019 2507 1.0
2507 3019 1.0
3019 2763 2.0
2763 3019 2.0
3019 2891 1.0
2891 3019 1.0
3019 2955 1.0
2955 3019 1.0
3019 3011 1.0
3011 3019 1.0
3019 3017 1.0
3017 3019 1.0
3020 972 1.0
972 3020 1.0
3020 2508 1.0
2508 3020 1.0
3020 2764 1.0
2764 3020 1.0
3020 2892 2.0
2892 3020 2.0
3020 2956 2.0
2956 3020 2.0
3020 3012 1.0
3012 3020 1.0
3020 3018 1.0
3018 3020 1.0
3020 3019 1.0
3019 3020 1.0
3021 973 1.0
973 3021 1.0
3021 2509 1.0
2509 3021 1.0
3021 2765 1.0
2765 3021 1.0
3021 2893 1.0
2893 3021 1.0
3021 2957 1.0
2957 3021 1.0
3021 3013 1.0
3013 3021 1.0
3021 3017 1.0
3017 3021 1.0
3022 974 2.0
974 3022 2.0
3022 2510 3.0
2510 3022 3.0
3022 2766 2.0
2766 3022 2.0
3022 2894 2.0
2894 3022 2.0
3022 2958 2.0
2958 3022 2.0
3022 3014 2.0
3014 3022 2.0
3022 3018 2.0
3018 3022 2.0
3022 3021 2.0
3021 3022 2.0
3023 975 1.0
975 3023 1.0
3023 2511 1.0
2511 3023 1.0
3023 2767 2.0
2767 3023 2.0
3023 2895 1.0
2895 3023 1.0
3023 2959 1.0
2959 3023 1.0
3023 3015 1.0
3015 3023 1.0
3023 3019 1.0
3019 3023 1.0
3023 3021 1.0
3021 3023 1.0
3024 976 1.0
976 3024 1.0
3024 2512 1.0
2512 3024 1.0
3024 2768 1.0
2768 3024 1.0
3024 2896 1.0
2896 3024 1.0
3024 2960 1.0
2960 3024 1.0
3024 3016 1.0
3016 3024 1.0
3024 3020 1.0
3020 3024 1.0
3024 3022 2.0
3022 3024 2.0
3024 3023 1.0
3023 3024 1.0
3025 977 1.0
977 3025 1.0
3025 2513 1.0
2513 3025 1.0
3025 2769 1.0
2769 3025 1.0
3025 2897 1.0
2897 3025 1.0
3025 2961 1.0
2961 3025 1.0
3025 3009 1.0
3009 3025 1.0
3026 978 2.0
978 3026 2.0
3026 2514 2.0
2514 3026 2.0
3026 2770 2.0
2770 3026 2.0
3026 2898 2.0
2898 3026 2.0
3026 2962 2.0
2962 3026 2.0
3026 3010 2.0
3010 3026 2.0
3026 3025 2.0
3025 3026 2.0
3027 979 1.0
979 3027 1.0
3027 2515 2.0
2515 3027 2.0
3027 2771 1.0
2771 3027 1.0
3027 2899 1.0
2899 3027 1.0
3027 2963 1.0
2963 3027 1.0
3027 3011 1.0
3011 3027 1.0
3027 3025 1.0
3025 3027 1.0
3028 980 1.0
980 3028 1.0
3028 2516 1.0
2516 3028 1.0
3028 2772 1.0
2772 3028 1.0
3028 2900 1.0
2900 3028 1.0
3028 2964 1.0
2964 3028 1.0
3028 3012 1.0
3012 3028 1.0
3028 3026 2.0
3026 3028 2.0
3028 3027 1.0
3027 3028 1.0
3029 981 2.0
981 3029 2.0
3029 2517 1.0
2517 3029 1.0
3029 2773 1.0
2773 3029 1.0
3029 2901 1.0
2901 3029 1.0
3029 2965 1.0
2965 3029 1.0
3029 3013 1.0
3013 3029 1.0
3029 3025 1.0
3025 3029 1.0
3030 982 1.0
982 3030 1.0
3030 2518 1.0
2518 3030 1.0
3030 2774 1.0
2774 3030 1.0
3030 2902 1.0
2902 3030 1.0
3030 2966 1.0
2966 3030 1.0
3030 3014 1.0
3014 3030 1.0
3030 3026 2.0
3026 3030 2.0
3030 3029 1.0
3029 3030 1.0
3031 983 1.0
983 3031 1.0
3031 2519 1.0
2519 3031 1.0
3031 2775 1.0
2775 3031 1.0
3031 2903 2.0
2903 3031 2.0
3031 2967 1.0
2967 3031 1.0
3031 3015 1.0
3015 3031 1.0
3031 3027 1.0
3027 3031 1.0
3031 3029 1.0
3029 3031 1.0
3032 984 2.0
984 3032 2.0
3032 2520 2.0
2520 3032 2.0
3032 2776 1.0
2776 3032 1.0
3032 2904 1.0
2904 3032 1.0
3032 2968 1.0
2968 3032 1.0
3032 3016 1.0
3016 3032 1.0
3032 3028 1.0
3028 3032 1.0
3032 3030 1.0
3030 3032 1.0
3032 3031 1.0
3031 3032 1.0
3033 985 2.0
985 3033 2.0
3033 2521 2.0
2521 3033 2.0
3033 2777 3.0
2777 3033 3.0
3033 2905 2.0
2905 3033 2.0
3033 2969 3.0
2969 3033 3.0
3033 3017 2.0
3017 3033 2.0
3033 3025 2.0
3025 3033 2.0
3034 986 1.0
986 3034 1.0
3034 2522 1.0
2522 3034 1.0
3034 2778 1.0
2778 3034 1.0
3034 2906 1.0
2906 3034 1.0
3034 2970 1.0
2970 3034 1.0
3034 3018 1.0
3018 3034 1.0
3034 3026 2.0
3026 3034 2.0
3034 3033 2.0
3033 3034 2.0
3035 987 1.0
987 3035 1.0
3035 2523 1.0
2523 3035 1.0
3035 2779 1.0
2779 3035 1.0
3035 2907 1.0
2907 3035 1.0
3035 2971 1.0
2971 3035 1.0
3035 3019 1.0
3019 3035 1.0
3035 3027 1.0
3027 3035 1.0
3035 3033 2.0
3033 3035 2.0
3036 988 1.0
988 3036 1.0
3036 2524 1.0
2524 3036 1.0
3036 2780 1.0
2780 3036 1.0
3036 2908 1.0
2908 3036 1.0
3036 2972 1.0
2972 3036 1.0
3036 3020 1.0
3020 3036 1.0
3036 3028 1.0
3028 3036 1.0
3036 3034 1.0
3034 3036 1.0
3036 3035 1.0
3035 3036 1.0
3037 989 1.0
989 3037 1.0
3037 2525 1.0
2525 3037 1.0
3037 2781 1.0
2781 3037 1.0
3037 2909 1.0
2909 3037 1.0
3037 2973 1.0
2973 3037 1.0
3037 3021 1.0
3021 3037 1.0
3037 3029 1.0
3029 3037 1.0
3037 3033 2.0
3033 3037 2.0
3038 990 1.0
990 3038 1.0
3038 2526 1.0
2526 3038 1.0
3038 2782 1.0
2782 3038 1.0
3038 2910 1.0
2910 3038 1.0
3038 2974 1.0
2974 3038 1.0
3038 3022 2.0
3022 3038 2.0
3038 3030 1.0
3030 3038 1.0
3038 3034 1.0
3034 3038 1.0
3038 3037 1.0
3037 3038 1.0
3039 991 1.0
991 3039 1.0
3039 2527 1.0
2527 3039 1.0
3039 2783 1.0
2783 3039 1.0
3039 2911 1.0
2911 3039 1.0
3039 2975 1.0
2975 3039 1.0
3039 3023 1.0
3023 3039 1.0
3039 3031 1.0
3031 3039 1.0
3039 3035 1.0
3035 3039 1.0
3039 3037 1.0
3037 3039 1.0
3040 992 1.0
992 3040 1.0
3040 2528 1.0
2528 3040 1.0
3040 2784 2.0
2784 3040 2.0
3040 2912 1.0
2912 3040 1.0
3040 2976 1.0
2976 3040 1.0
3040 3024 1.0
3024 3040 1.0
3040 3032 1.0
3032 3040 1.0
3040 3036 1.0
3036 3040 1.0
3040 3038 1.0
3038 3040 1.0
3040 3039 1.0
3039 3040 1.0
3041 993 2.0
993 3041 2.0
3041 2529 2.0
2529 3041 2.0
3041 2785 2.0
2785 3041 2.0
3041 2913 3.0
2913 3041 3.0
3041 2977 2.0
2977 3041 2.0
3041 3009 2.0
3009 3041 2.0
3042 994 1.0
994 3042 1.0
3042 2530 1.0
2530 3042 1.0
3042 2786 1.0
2786 3042 1.0
3042 2914 1.0
2914 3042 1.0
3042 2978 1.0
2978 3042 1.0
3042 3010 1.0
3010 3042 1.0
3042 3041 2.0
3041 3042 2.0
3043 995 2.0
995 3043 2.0
3043 2531 2.0
2531 3043 2.0
3043 2787 2.0
2787 3043 2.0
3043 2915 2.0
2915 3043 2.0
3043 2979 2.0
2979 3043 2.0
3043 3011 2.0
3011 3043 2.0
3043 3041 3.0
3041 3043 3.0
3044 996 1.0
996 3044 1.0
3044 2532 1.0
2532 3044 1.0
3044 2788 2.0
2788 3044 2.0
3044 2916 1.0
2916 3044 1.0
3044 2980 1.0
2980 3044 1.0
3044 3012 1.0
3012 3044 1.0
3044 3042 1.0
3042 3044 1.0
3044 3043 2.0
3043 3044 2.0
3045 997 1.0
997 3045 1.0
3045 2533 1.0
2533 3045 1.0
3045 2789 1.0
2789 3045 1.0
3045 2917 2.0
2917 3045 2.0
3045 2981 2.0
2981 3045 2.0
3045 3013 1.0
3013 3045 1.0
3045 3041 2.0
3041 3045 2.0
3046 998 1.0
998 3046 1.0
3046 2534 1.0
2534 3046 1.0
3046 2790 1.0
2790 3046 1.0
3046 2918 1.0
2918 3046 1.0
3046 2982 1.0
2982 3046 1.0
3046 3014 1.0
3014 3046 1.0
3046 3042 1.0
3042 3046 1.0
3046 3045 1.0
3045 3046 1.0
3047 999 2.0
999 3047 2.0
3047 2535 1.0
2535 3047 1.0
3047 2791 1.0
2791 3047 1.0
3047 2919 1.0
2919 3047 1.0
3047 2983 1.0
2983 3047 1.0
3047 3015 1.0
3015 3047 1.0
3047 3043 2.0
3043 3047 2.0
3047 3045 1.0
3045 3047 1.0
3048 1000 2.0
1000 3048 2.0
3048 2536 2.0
2536 3048 2.0
3048 2792 2.0
2792 3048 2.0
3048 2920 2.0
2920 3048 2.0
3048 2984 2.0
2984 3048 2.0
3048 3016 2.0
3016 3048 2.0
3048 3044 2.0
3044 3048 2.0
3048 3046 2.0
3046 3048 2.0
3048 3047 2.0
3047 3048 2.0
3049 1001 1.0
1001 3049 1.0
3049 2537 1.0
2537 3049 1.0
3049 2793 1.0
2793 3049 1.0
3049 2921 1.0
2921 3049 1.0
3049 2985 1.0
2985 3049 1.0
3049 3017 1.0
3017 3049 1.0
3049 3041 2.0
3041 3049 2.0
3050 1002 1.0
1002 3050 1.0
3050 2538 1.0
2538 3050 1.0
3050 2794 1.0
2794 3050 1.0
3050 2922 1.0
2922 3050 1.0
3050 2986 1.0
2986 3050 1.0
3050 3018 1.0
3018 3050 1.0
3050 3042 1.0
3042 3050 1.0
3050 3049 1.0
3049 3050 1.0
3051 1003 2.0
1003 3051 2.0
3051 2539 1.0
2539 3051 1.0
3051 2795 1.0
2795 3051 1.0
3051 2923 1.0
2923 3051 1.0
3051 2987 1.0
2987 3051 1.0
3051 3019 1.0
3019 3051 1.0
3051 3043 2.0
3043 3051 2.0
3051 3049 1.0
3049 3051 1.0
3052 1004 1.0
1004 3052 1.0
3052 2540 1.0
2540 3052 1.0
3052 2796 1.0
2796 3052 1.0
3052 2924 1.0
2924 3052 1.0
3052 2988 1.0
2988 3052 1.0
3052 3020 1.0
3020 3052 1.0
3052 3044 1.0
3044 3052 1.0
3052 3050 1.0
3050 3052 1.0
3052 3051 1.0
3051 3052 1.0
3053 1005 1.0
1005 3053 1.0
3053 2541 1.0
2541 3053 1.0
3053 2797 1.0
2797 3053 1.0
3053 2925 1.0
2925 3053 1.0
3053 2989 1.0
2989 3053 1.0
3053 3021 1.0
3021 3053 1.0
3053 3045 1.0
3045 3053 1.0
3053 3049 1.0
3049 3053 1.0
3054 1006 1.0
1006 3054 1.0
3054 2542 1.0
2542 3054 1.0
3054 2798 1.0
2798 3054 1.0
3054 2926 1.0
2926 3054 1.0
3054 2990 1.0
2990 3054 1.0
3054 3022 2.0
3022 3054 2.0
3054 3046 1.0
3046 3054 1.0
3054 3050 1.0
3050 3054 1.0
3054 3053 1.0
3053 3054 1.0
3055 1007 1.0
1007 3055 1.0
3055 2543 2.0
2543 3055 2.0
3055 2799 1.0
2799 3055 1.0
3055 2927 1.0
2927 3055 1.0
3055 2991 1.0
2991 3055 1.0
3055 3023 1.0
3023 3055 1.0
3055 3047 1.0
3047 3055 1.0
3055 3051 1.0
3051 3055 1.0
3055 3053 1.0
3053 3055 1.0
3056 1008 2.0
1008 3056 2.0
3056 2544 1.0
2544 3056 1.0
3056 2800 1.0
2800 3056 1.0
3056 2928 1.0
2928 3056 1.0
3056 2992 1.0
2992 3056 1.0
3056 3024 1.0
3024 3056 1.0
3056 3048 2.0
3048 3056 2.0
3056 3052 1.0
3052 3056 1.0
3056 3054 1.0
3054 3056 1.0
3056 3055 1.0
3055 3056 1.0
3057 1009 1.0
1009 3057 1.0
3057 2545 1.0
2545 3057 1.0
3057 2801 1.0
2801 3057 1.0
3057 2929 2.0
2929 3057 2.0
3057 2993 1.0
2993 3057 1.0
3057 3025 1.0
3025 3057 1.0
3057 3041 2.0
3041 3057 2.0
3058 1010 1.0
1010 3058 1.0
3058 2546 1.0
2546 3058 1.0
3058 2802 1.0
2802 3058 1.0
3058 2930 1.0
2930 3058 1.0
3058 2994 1.0
2994 3058 1.0
3058 3026 2.0
3026 3058 2.0
3058 3042 1.0
3042 3058 1.0
3058 3057 1.0
3057 3058 1.0
3059 1011 1.0
1011 3059 1.0
3059 2547 1.0
2547 3059 1.0
3059 2803 1.0
2803 3059 1.0
3059 2931 1.0
2931 3059 1.0
3059 2995 1.0
2995 3059 1.0
3059 3027 1.0
3027 3059 1.0
3059 3043 2.0
3043 3059 2.0
3059 3057 1.0
3057 3059 1.0
3060 1012 1.0
1012 3060 1.0
3060 2548 1.0
2548 3060 1.0
3060 2804 1.0
2804 3060 1.0
3060 2932 1.0
2932 3060 1.0
3060 2996 2.0
2996 3060 2.0
3060 3028 1.0
3028 3060 1.0
3060 3044 1.0
3044 3060 1.0
3060 3058 1.0
3058 3060 1.0
3060 3059 1.0
3059 3060 1.0
3061 1013 1.0
1013 3061 1.0
3061 2549 2.0
2549 3061 2.0
3061 2805 1.0
2805 3061 1.0
3061 2933 1.0
2933 3061 1.0
3061 2997 1.0
2997 3061 1.0
3061 3029 1.0
3029 3061 1.0
3061 3045 1.0
3045 3061 1.0
3061 3057 1.0
3057 3061 1.0
3062 1014 1.0
1014 3062 1.0
3062 2550 1.0
2550 3062 1.0
3062 2806 2.0
2806 3062 2.0
3062 2934 1.0
2934 3062 1.0
3062 2998 1.0
2998 3062 1.0
3062 3030 1.0
3030 3062 1.0
3062 3046 1.0
3046 3062 1.0
3062 3058 1.0
3058 3062 1.0
3062 3061 1.0
3061 3062 1.0
3063 1015 1.0
1015 3063 1.0
3063 2551 1.0
2551 3063 1.0
3063 2807 1.0
2807 3063 1.0
3063 2935 1.0
2935 3063 1.0
3063 2999 1.0
2999 3063 1.0
3063 3031 1.0
3031 3063 1.0
3063 3047 1.0
3047 3063 1.0
3063 3059 1.0
3059 3063 1.0
3063 3061 1.0
3061 3063 1.0
3064 1016 1.0
1016 3064 1.0
3064 2552 1.0
2552 3064 1.0
3064 2808 1.0
2808 3064 1.0
3064 2936 1.0
2936 3064 1.0
3064 3000 1.0
3000 3064 1.0
3064 3032 1.0
3032 3064 1.0
3064 3048 2.0
3048 3064 2.0
3064 3060 1.0
3060 3064 1.0
3064 3062 1.0
3062 3064 1.0
3064 3063 1.0
3063 3064 1.0
3065 1017 1.0
1017 3065 1.0
3065 2553 2.0
2553 3065 2.0
3065 2809 1.0
2809 3065 1.0
3065 2937 1.0
2937 3065 1.0
3065 3001 1.0
3001 3065 1.0
3065 3033 2.0
3033 3065 2.0
3065 3049 1.0
3049 3065 1.0
3065 3057 1.0
3057 3065 1.0
3066 1018 2.0
1018 3066 2.0
3066 2554 2.0
2554 3066 2.0
3066 2810 2.0
2810 3066 2.0
3066 2938 2.0
2938 3066 2.0
3066 3002 2.0
3002 3066 2.0
3066 3034 2.0
3034 3066 2.0
3066 3050 2.0
3050 3066 2.0
3066 3058 2.0
3058 3066 2.0
3066 3065 2.0
3065 3066 2.0
3067 1019 1.0
1019 3067 1.0
3067 2555 1.0
2555 3067 1.0
3067 2811 1.0
2811 3067 1.0
3067 2939 1.0
2939 3067 1.0
3067 3003 1.0
3003 3067 1.0
3067 3035 1.0
3035 3067 1.0
3067 3051 1.0
3051 3067 1.0
3067 3059 1.0
3059 3067 1.0
3067 3065 1.0
3065 3067 1.0
3068 1020 2.0
1020 3068 2.0
3068 2556 2.0
2556 3068 2.0
3068 2812 2.0
2812 3068 2.0
3068 2940 2.0
2940 3068 2.0
3068 3004 2.0
3004 3068 2.0
3068 3036 2.0
3036 3068 2.0
3068 3052 2.0
3052 3068 2.0
3068 3060 2.0
3060 3068 2.0
3068 3066 3.0
3066 3068 3.0
3068 3067 2.0
3067 3068 2.0
3069 1021 1.0
1021 3069 1.0
3069 2557 1.0
2557 3069 1.0
3069 2813 1.0
2813 3069 1.0
3069 2941 1.0
2941 3069 1.0
3069 3005 1.0
3005 3069 1.0
3069 3037 1.0
3037 3069 1.0
3069 3053 1.0
3053 3069 1.0
3069 3061 1.0
3061 3069 1.0
3069 3065 1.0
3065 3069 1.0
3070 1022 1.0
1022 3070 1.0
3070 2558 1.0
2558 3070 1.0
3070 2814 1.0
2814 3070 1.0
3070 2942 1.0
2942 3070 1.0
3070 3006 2.0
3006 3070 2.0
3070 3038 1.0
3038 3070 1.0
3070 3054 1.0
3054 3070 1.0
3070 3062 1.0
3062 3070 1.0
3070 3066 2.0
3066 3070 2.0
3070 3069 1.0
3069 3070 1.0
3071 1023 2.0
1023 3071 2.0
3071 2559 2.0
2559 3071 2.0
3071 2815 2.0
2815 3071 2.0
3071 2943 2.0
2943 3071 2.0
3071 3007 2.0
3007 3071 2.0
3071 3039 2.0
3039 3071 2.0
3071 3055 2.0
3055 3071 2.0
3071 3063 2.0
3063 3071 2.0
3071 3067 2.0
3067 3071 2.0
3071 3069 2.0
3069 3071 2.0
3072 1024 1.0
1024 3072 1.0
3072 2560 1.0
2560 3072 1.0
3072 2816 1.0
2816 3072 1.0
3072 2944 2.0
2944 3072 2.0
3072 3008 1.0
3008 3072 1.0
3072 3040 1.0
3040 3072 1.0
3072 3056 1.0
3056 3072 1.0
3072 3064 1.0
3064 3072 1.0
3072 3068 2.0
3068 3072 2.0
3072 3070 1.0
3070 3072 1.0
3072 3071 2.0
3071 3072 2.0
3073 1025 1.0
1025 3073 1.0
3073 2049 1.0
2049 3073 1.0
3074 1026 1.0
1026 3074 1.0
3074 2050 1.0
2050 3074 1.0
3074 3073 1.0
3073 3074 1.0
3075 1027 2.0
1027 3075 2.0
3075 2051 2.0
2051 3075 2.0
3075 3073 2.0
3073 3075 2.0
3076 1028 1.0
1028 3076 1.0
3076 2052 1.0
2052 3076 1.0
3076 3074 1.0
3074 3076 1.0
3076 3075 2.0
3075 3076 2.0
3077 1029 1.0
1029 3077 1.0
3077 2053 1.0
2053 3077 1.0
3077 3073 1.0
3073 3077 1.0
3078 1030 1.0
1030 3078 1.0
3078 2054 1.0
2054 3078 1.0
3078 3074 1.0
3074 3078 1.0
3078 3077 1.0
3077 3078 1.0
3079 1031 1.0
1031 3079 1.0
3079 2055 1.0
2055 3079 1.0
3079 3075 2.0
3075 3079 2.0
3079 3077 1.0
3077 3079 1.0
3080 1032 3.0
1032 3080 3.0
3080 2056 2.0
2056 3080 2.0
3080 3076 2.0
3076 3080 2.0
3080 3078 2.0
3078 3080 2.0
3080 3079 2.0
3079 3080 2.0
3081 1033 2.0
1033 3081 2.0
3081 2057 2.0
2057 3081 2.0
3081 3073 1.0
3073 3081 1.0
3082 1034 1.0
1034 3082 1.0
3082 2058 1.0
2058 3082 1.0
3082 3074 1.0
3074 3082 1.0
3082 3081 1.0
3081 3082 1.0
3083 1035 1.0
1035 3083 1.0
3083 2059 1.0
2059 3083 1.0
3083 3075 2.0
3075 3083 2.0
3083 3081 1.0
3081 3083 1.0
3084 1036 1.0
1036 3084 1.0
3084 2060 1.0
2060 3084 1.0
3084 3076 1.0
3076 3084 1.0
3084 3082 1.0
3082 3084 1.0
3084 3083 1.0
3083 3084 1.0
3085 1037 1.0
1037 3085 1.0
3085 2061 1.0
2061 3085 1.0
3085 3077 1.0
3077 3085 1.0
3085 3081 1.0
3081 3085 1.0
3086 1038 1.0
1038 3086 1.0
3086 2062 1.0
2062 3086 1.0
3086 3078 1.0
3078 3086 1.0
3086 3082 1.0
3082 3086 1.0
3086 3085 1.0
3085 3086 1.0
3087 1039 1.0
1039 3087 1.0
3087 2063 1.0
2063 3087 1.0
3087 3079 1.0
3079 3087 1.0
3087 3083 1.0
3083 3087 1.0
3087 3085 1.0
3085 3087 1.0
3088 1040 1.0
1040 3088 1.0
3088 2064 2.0
2064 3088 2.0
3088 3080 2.0
3080 3088 2.0
3088 3084 1.0
3084 3088 1.0
3088 3086 1.0
3086 3088 1.0
3088 3087 1.0
3087 3088 1.0
3089 1041 1.0
1041 3089 1.0
3089 2065 1.0
2065 3089 1.0
3089 3073 1.0
3073 3089 1.0
3090 1042 2.0
1042 3090 2.0
3090 2066 2.0
2066 3090 2.0
3090 3074 2.0
3074 3090 2.0
3090 3089 2.0
3089 3090 2.0
3091 1043 1.0
1043 3091 1.0
3091 2067 1.0
2067 3091 1.0
3091 3075 2.0
3075 3091 2.0
3091 3089 1.0
3089 3091 1.0
3092 1044 1.0
1044 3092 1.0
3092 2068 1.0
2068 3092 1.0
3092 3076 1.0
3076 3092 1.0
3092 3090 2.0
3090 3092 2.0
3092 3091 1.0
3091 3092 1.0
3093 1045 1.0
1045 3093 1.0
3093 2069 1.0
2069 3093 1.0
3093 3077 1.0
3077 3093 1.0
3093 3089 1.0
3089 3093 1.0
3094 1046 1.0
1046 3094 1.0
3094 2070 1.0
2070 3094 1.0
3094 3078 1.0
3078 3094 1.0
3094 3090 2.0
3090 3094 2.0
3094 3093 1.0
3093 3094 1.0
3095 1047 1.0
1047 3095 1.0
3095 2071 2.0
2071 3095 2.0
3095 3079 1.0
3079 3095 1.0
3095 3091 1.0
3091 3095 1.0
3095 3093 1.0
3093 3095 1.0
3096 1048 1.0
1048 3096 1.0
3096 2072 1.0
2072 3096 1.0
3096 3080 2.0
3080 3096 2.0
3096 3092 1.0
3092 3096 1.0
3096 3094 1.0
3094 3096 1.0
3096 3095 1.0
3095 3096 1.0
3097 1049 1.0
1049 3097 1.0
3097 2073 1.0
2073 3097 1.0
3097 3081 1.0
3081 3097 1.0
3097 3089 1.0
3089 3097 1.0
3098 1050 1.0
1050 3098 1.0
3098 2074 1.0
2074 3098 1.0
3098 3082 1.0
3082 3098 1.0
3098 3090 2.0
3090 3098 2.0
3098 3097 1.0
3097 3098 1.0
3099 1051 1.0
1051 3099 1.0
3099 2075 1.0
2075 3099 1.0
3099 3083 1.0
3083 3099 1.0
3099 3091 1.0
3091 3099 1.0
3099 3097 1.0
3097 3099 1.0
3100 1052 2.0
1052 3100 2.0
3100 2076 1.0
2076 3100 1.0
3100 3084 1.0
3084 3100 1.0
3100 3092 1.0
3092 3100 1.0
3100 3098 1.0
3098 3100 1.0
3100 3099 1.0
3099 3100 1.0
3101 1053 2.0
1053 3101 2.0
3101 2077 2.0
2077 3101 2.0
3101 3085 2.0
3085 3101 2.0
3101 3093 2.0
3093 3101 2.0
3101 3097 2.0
3097 3101 2.0
3102 1054 1.0
1054 3102 1.0
3102 2078 1.0
2078 3102 1.0
3102 3086 1.0
3086 3102 1.0
3102 3094 1.0
3094 3102 1.0
3102 3098 1.0
3098 3102 1.0
3102 3101 2.0
3101 3102 2.0
3103 1055 1.0
1055 3103 1.0
3103 2079 1.0
2079 3103 1.0
3103 3087 1.0
3087 3103 1.0
3103 3095 1.0
3095 3103 1.0
3103 3099 1.0
3099 3103 1.0
3103 3101 2.0
3101 3103 2.0
3104 1056 1.0
1056 3104 1.0
3104 2080 1.0
2080 3104 1.0
3104 3088 1.0
3088 3104 1.0
3104 3096 1.0
3096 3104 1.0
3104 3100 1.0
3100 3104 1.0
3104 3102 1.0
3102 3104 1.0
3104 3103 1.0
3103 3104 1.0
3105 1057 1.0
1057 3105 1.0
3105 2081 1.0
2081 3105 1.0
3105 3073 1.0
3073 3105 1.0
3106 1058 1.0
1058 3106 1.0
3106 2082 1.0
2082 3106 1.0
3106 3074 1.0
3074 3106 1.0
3106 3105 1.0
3105 3106 1.0
3107 1059 1.0
1059 3107 1.0
3107 2083 1.0
2083 3107 1.0
3107 3075 2.0
3075 3107 2.0
3107 3105 1.0
3105 3107 1.0
3108 1060 1.0
1060 3108 1.0
3108 2084 1.0
2084 3108 1.0
3108 3076 1.0
3076 3108 1.0
3108 3106 1.0
3106 3108 1.0
3108 3107 1.0
3107 3108 1.0
3109 1061 1.0
1061 3109 1.0
3109 2085 1.0
2085 3109 1.0
3109 3077 1.0
3077 3109 1.0
3109 3105 1.0
3105 3109 1.0
3110 1062 1.0
1062 3110 1.0
3110 2086 2.0
2086 3110 2.0
3110 3078 1.0
3078 3110 1.0
3110 3106 1.0
3106 3110 1.0
3110 3109 1.0
3109 3110 1.0
3111 1063 2.0
1063 3111 2.0
3111 2087 1.0
2087 3111 1.0
3111 3079 1.0
3079 3111 1.0
3111 3107 1.0
3107 3111 1.0
3111 3109 1.0
3109 3111 1.0
3112 1064 1.0
1064 3112 1.0
3112 2088 1.0
2088 3112 1.0
3112 3080 2.0
3080 3112 2.0
3112 3108 1.0
3108 3112 1.0
3112 3110 1.0
3110 3112 1.0
3112 3111 1.0
3111 3112 1.0
3113 1065 1.0
1065 3113 1.0
3113 2089 1.0
2089 3113 1.0
3113 3081 1.0
3081 3113 1.0
3113 3105 1.0
3105 3113 1.0
3114 1066 2.0
1066 3114 2.0
3114 2090 2.0
2090 3114 2.0
3114 3082 2.0
3082 3114 2.0
3114 3106 2.0
3106 3114 2.0
3114 3113 2.0
3113 3114 2.0
3115 1067 1.0
1067 3115 1.0
3115 2091 1.0
2091 3115 1.0
3115 3083 1.0
3083 3115 1.0
3115 3107 1.0
3107 3115 1.0
3115 3113 1.0
3113 3115 1.0
3116 1068 1.0
1068 3116 1.0
3116 2092 1.0
2092 3116 1.0
3116 3084 1.0
3084 3116 1.0
3116 3108 1.0
3108 3116 1.0
3116 3114 2.0
3114 3116 2.0
3116 3115 1.0
3115 3116 1.0
3117 1069 2.0
1069 3117 2.0
3117 2093 1.0
2093 3117 1.0
3117 3085 1.0
3085 3117 1.0
3117 3109 1.0
3109 3117 1.0
3117 3113 1.0
3113 3117 1.0
3118 1070 1.0
1070 3118 1.0
3118 2094 1.0
2094 3118 1.0
3118 3086 1.0
3086 3118 1.0
3118 3110 1.0
3110 3118 1.0
3118 3114 2.0
3114 3118 2.0
3118 3117 1.0
3117 3118 1.0
3119 1071 1.0
1071 3119 1.0
3119 2095 1.0
2095 3119 1.0
3119 3087 1.0
3087 3119 1.0
3119 3111 1.0
3111 3119 1.0
3119 3115 1.0
3115 3119 1.0
3119 3117 1.0
3117 3119 1.0
3120 1072 1.0
1072 3120 1.0
3120 2096 1.0
2096 3120 1.0
3120 3088 1.0
3088 3120 1.0
3120 3112 1.0
3112 3120 1.0
3120 3116 1.0
3116 3120 1.0
3120 3118 1.0
3118 3120 1.0
3120 3119 1.0
3119 3120 1.0
3121 1073 1.0
1073 3121 1.0
3121 2097 1.0
2097 3121 1.0
3121 3089 1.0
3089 3121 1.0
3121 3105 1.0
3105 3121 1.0
3122 1074 1.0
1074 3122 1.0
3122 2098 1.0
2098 3122 1.0
3122 3090 2.0
3090 3122 2.0
3122 3106 1.0
3106 3122 1.0
3122 3121 1.0
3121 3122 1.0
3123 1075 2.0
1075 3123 2.0
3123 2099 2.0
2099 3123 2.0
3123 3091 2.0
3091 3123 2.0
3123 3107 2.0
3107 3123 2.0
3123 3121 2.0
3121 3123 2.0
3124 1076 1.0
1076 3124 1.0
3124 2100 1.0
2100 3124 1.0
3124 3092 1.0
3092 3124 1.0
3124 3108 1.0
3108 3124 1.0
3124 3122 1.0
3122 3124 1.0
3124 3123 2.0
3123 3124 2.0
3125 1077 1.0
1077 3125 1.0
3125 2101 1.0
2101 3125 1.0
3125 3093 1.0
3093 3125 1.0
3125 3109 1.0
3109 3125 1.0
3125 3121 1.0
3121 3125 1.0
3126 1078 2.0
1078 3126 2.0
3126 2102 1.0
2102 3126 1.0
3126 3094 1.0
3094 3126 1.0
3126 3110 1.0
3110 3126 1.0
3126 3122 1.0
3122 3126 1.0
3126 3125 1.0
3125 3126 1.0
3127 1079 1.0
1079 3127 1.0
3127 2103 1.0
2103 3127 1.0
3127 3095 1.0
3095 3127 1.0
3127 3111 1.0
3111 3127 1.0
3127 3123 2.0
3123 3127 2.0
3127 3125 1.0
3125 3127 1.0
3128 1080 1.0
1080 3128 1.0
3128 2104 1.0
2104 3128 1.0
3128 3096 1.0
3096 3128 1.0
3128 3112 1.0
3112 3128 1.0
3128 3124 1.0
3124 3128 1.0
3128 3126 1.0
3126 3128 1.0
3128 3127 1.0
3127 3128 1.0
3129 1081 1.0
1081 3129 1.0
3129 2105 2.0
2105 3129 2.0
3129 3097 1.0
3097 3129 1.0
3129 3113 1.0
3113 3129 1.0
3129 3121 1.0
3121 3129 1.0
3130 1082 1.0
1082 3130 1.0
3130 2106 1.0
2106 3130 1.0
3130 3098 1.0
3098 3130 1.0
3130 3114 2.0
3114 3130 2.0
3130 3122 1.0
3122 3130 1.0
3130 3129 1.0
3129 3130 1.0
3131 1083 1.0
1083 3131 1.0
3131 2107 1.0
2107 3131 1.0
3131 3099 1.0
3099 3131 1.0
3131 3115 1.0
3115 3131 1.0
3131 3123 2.0
3123 3131 2.0
3131 3129 1.0
3129 3131 1.0
3132 1084 1.0
1084 3132 1.0
3132 2108 1.0
2108 3132 1.0
3132 3100 1.0
3100 3132 1.0
3132 3116 1.0
3116 3132 1.0
3132 3124 1.0
3124 3132 1.0
3132 3130 1.0
3130 3132 1.0
3132 3131 1.0
3131 3132 1.0
3133 1085 1.0
1085 3133 1.0
3133 2109 1.0
2109 3133 1.0
3133 3101 2.0
3101 3133 2.0
3133 3117 1.0
3117 3133 1.0
3133 3125 1.0
3125 3133 1.0
3133 3129 1.0
3129 3133 1.0
3134 1086 1.0
1086 3134 1.0
3134 2110 1.0
2110 3134 1.0
3134 3102 1.0
3102 3134 1.0
3134 3118 1.0
3118 3134 1.0
3134 3126 1.0
3126 3134 1.0
3134 3130 1.0
3130 3134 1.0
3134 3133 1.0
3133 3134 1.0
3135 1087 1.0
1087 3135 1.0
3135 2111 1.0
2111 3135 1.0
3135 3103 1.0
3103 3135 1.0
3135 3119 1.0
3119 3135 1.0
3135 3127 1.0
3127 3135 1.0
3135 3131 1.0
3131 3135 1.0
3135 3133 1.0
3133 3135 1.0
3136 1088 2.0
1088 3136 2.0
3136 2112 2.0
2112 3136 2.0
3136 3104 2.0
3104 3136 2.0
3136 3120 2.0
3120 3136 2.0
3136 3128 2.0
3128 3136 2.0
3136 3132 2.0
3132 3136 2.0
3136 3134 2.0
3134 3136 2.0
3136 3135 2.0
3135 3136 2.0
3137 1089 1.0
1089 3137 1.0
3137 2113 1.0
2113 3137 1.0
3137 3073 1.0
3073 3137 1.0
3138 1090 1.0
1090 3138 1.0
3138 2114 2.0
2114 3138 2.0
3138 3074 1.0
3074 3138 1.0
3138 3137 1.0
3137 3138 1.0
3139 1091 1.0
1091 3139 1.0
3139 2115 1.0
2115 3139 1.0
3139 3075 2.0
3075 3139 2.0
3139 3137 1.0
3137 3139 1.0
3140 1092 1.0
1092 3140 1.0
3140 2116 2.0
2116 3140 2.0
3140 3076 1.0
3076 3140 1.0
3140 3138 1.0
3138 3140 1.0
3140 3139 1.0
3139 3140 1.0
3141 1093 2.0
1093 3141 2.0
3141 2117 2.0
2117 3141 2.0
3141 3077 2.0
3077 3141 2.0
3141 3137 2.0
3137 3141 2.0
3142 1094 1.0
1094 3142 1.0
3142 2118 1.0
2118 3142 1.0
3142 3078 1.0
3078 3142 1.0
3142 3138 1.0
3138 3142 1.0
3142 3141 2.0
3141 3142 2.0
3143 1095 1.0
1095 3143 1.0
3143 2119 1.0
2119 3143 1.0
3143 3079 1.0
3079 3143 1.0
3143 3139 1.0
3139 3143 1.0
3143 3141 2.0
3141 3143 2.0
3144 1096 1.0
1096 3144 1.0
3144 2120 1.0
2120 3144 1.0
3144 3080 2.0
3080 3144 2.0
3144 3140 1.0
3140 3144 1.0
3144 3142 1.0
3142 3144 1.0
3144 3143 1.0
3143 3144 1.0
3145 1097 1.0
1097 3145 1.0
3145 2121 1.0
2121 3145 1.0
3145 3081 1.0
3081 3145 1.0
3145 3137 1.0
3137 3145 1.0
3146 1098 1.0
1098 3146 1.0
3146 2122 1.0
2122 3146 1.0
3146 3082 1.0
3082 3146 1.0
3146 3138 1.0
3138 3146 1.0
3146 3145 1.0
3145 3146 1.0
3147 1099 1.0
1099 3147 1.0
3147 2123 1.0
2123 3147 1.0
3147 3083 1.0
3083 3147 1.0
3147 3139 1.0
3139 3147 1.0
3147 3145 1.0
3145 3147 1.0
3148 1100 2.0
1100 3148 2.0
3148 2124 2.0
2124 3148 2.0
3148 3084 2.0
3084 3148 2.0
3148 3140 2.0
3140 3148 2.0
3148 3146 2.0
3146 3148 2.0
3148 3147 2.0
3147 3148 2.0
3149 1101 1.0
1101 3149 1.0
3149 2125 1.0
2125 3149 1.0
3149 3085 1.0
3085 3149 1.0
3149 3141 2.0
3141 3149 2.0
3149 3145 1.0
3145 3149 1.0
3150 1102 2.0
1102 3150 2.0
3150 2126 1.0
2126 3150 1.0
3150 3086 1.0
3086 3150 1.0
3150 3142 1.0
3142 3150 1.0
3150 3146 1.0
3146 3150 1.0
3150 3149 1.0
3149 3150 1.0
3151 1103 2.0
1103 3151 2.0
3151 2127 1.0
2127 3151 1.0
3151 3087 1.0
3087 3151 1.0
3151 3143 1.0
3143 3151 1.0
3151 3147 1.0
3147 3151 1.0
3151 3149 1.0
3149 3151 1.0
3152 1104 1.0
1104 3152 1.0
3152 2128 1.0
2128 3152 1.0
3152 3088 1.0
3088 3152 1.0
3152 3144 1.0
3144 3152 1.0
3152 3148 2.0
3148 3152 2.0
3152 3150 1.0
3150 3152 1.0
3152 3151 1.0
3151 3152 1.0
3153 1105 1.0
1105 3153 1.0
3153 2129 2.0
2129 3153 2.0
3153 3089 1.0
3089 3153 1.0
3153 3137 1.0
3137 3153 1.0
3154 1106 1.0
1106 3154 1.0
3154 2130 1.0
2130 3154 1.0
3154 3090 2.0
3090 3154 2.0
3154 3138 1.0
3138 3154 1.0
3154 3153 1.0
3153 3154 1.0
3155 1107 1.0
1107 3155 1.0
3155 2131 1.0
2131 3155 1.0
3155 3091 1.0
3091 3155 1.0
3155 3139 1.0
3139 3155 1.0
3155 3153 1.0
3153 3155 1.0
3156 1108 2.0
1108 3156 2.0
3156 2132 1.0
2132 3156 1.0
3156 3092 1.0
3092 3156 1.0
3156 3140 1.0
3140 3156 1.0
3156 3154 1.0
3154 3156 1.0
3156 3155 1.0
3155 3156 1.0
3157 1109 2.0
1109 3157 2.0
3157 2133 1.0
2133 3157 1.0
3157 3093 1.0
3093 3157 1.0
3157 3141 2.0
3141 3157 2.0
3157 3153 1.0
3153 3157 1.0
3158 1110 1.0
1110 3158 1.0
3158 2134 2.0
2134 3158 2.0
3158 3094 1.0
3094 3158 1.0
3158 3142 1.0
3142 3158 1.0
3158 3154 1.0
3154 3158 1.0
3158 3157 1.0
3157 3158 1.0
3159 1111 1.0
1111 3159 1.0
3159 2135 1.0
2135 3159 1.0
3159 3095 1.0
3095 3159 1.0
3159 3143 1.0
3143 3159 1.0
3159 3155 1.0
3155 3159 1.0
3159 3157 1.0
3157 3159 1.0
3160 1112 1.0
1112 3160 1.0
3160 2136 1.0
2136 3160 1.0
3160 3096 1.0
3096 3160 1.0
3160 3144 1.0
3144 3160 1.0
3160 3156 1.0
3156 3160 1.0
3160 3158 1.0
3158 3160 1.0
3160 3159 1.0
3159 3160 1.0
3161 1113 1.0
1113 3161 1.0
3161 2137 1.0
2137 3161 1.0
3161 3097 1.0
3097 3161 1.0
3161 3145 1.0
3145 3161 1.0
3161 3153 1.0
3153 3161 1.0
3162 1114 1.0
1114 3162 1.0
3162 2138 1.0
2138 3162 1.0
3162 3098 1.0
3098 3162 1.0
3162 3146 1.0
3146 3162 1.0
3162 3154 1.0
3154 3162 1.0
3162 3161 1.0
3161 3162 1.0
3163 1115 2.0
1115 3163 2.0
3163 2139 2.0
2139 3163 2.0
3163 3099 2.0
3099 3163 2.0
3163 3147 2.0
3147 3163 2.0
3163 3155 2.0
3155 3163 2.0
3163 3161 2.0
3161 3163 2.0
3164 1116 2.0
1116 3164 2.0
3164 2140 2.0
2140 3164 2.0
3164 3100 2.0
3100 3164 2.0
3164 3148 3.0
3148 3164 3.0
3164 3156 2.0
3156 3164 2.0
3164 3162 2.0
3162 3164 2.0
3164 3163 3.0
3163 3164 3.0
3165 1117 1.0
1117 3165 1.0
3165 2141 1.0
2141 3165 1.0
3165 3101 2.0
3101 3165 2.0
3165 3149 1.0
3149 3165 1.0
3165 3157 1.0
3157 3165 1.0
3165 3161 1.0
3161 3165 1.0
3166 1118 1.0
1118 3166 1.0
3166 2142 1.0
2142 3166 1.0
3166 3102 1.0
3102 3166 1.0
3166 3150 1.0
3150 3166 1.0
3166 3158 1.0
3158 3166 1.0
3166 3162 1.0
3162 3166 1.0
3166 3165 1.0
3165 3166 1.0
3167 1119 1.0
1119 3167 1.0
3167 2143 1.0
2143 3167 1.0
3167 3103 1.0
3103 3167 1.0
3167 3151 1.0
3151 3167 1.0
3167 3159 1.0
3159 3167 1.0
3167 3163 2.0
3163 3167 2.0
3167 3165 1.0
3165 3167 1.0
3168 1120 1.0
1120 3168 1.0
3168 2144 1.0
2144 3168 1.0
3168 3104 1.0
3104 3168 1.0
3168 3152 1.0
3152 3168 1.0
3168 3160 1.0
3160 3168 1.0
3168 3164 2.0
3164 3168 2.0
3168 3166 1.0
3166 3168 1.0
3168 3167 1.0
3167 3168 1.0
3169 1121 2.0
1121 3169 2.0
3169 2145 2.0
2145 3169 2.0
3169 3105 2.0
3105 3169 2.0
3169 3137 2.0
3137 3169 2.0
3170 1122 2.0
1122 3170 2.0
3170 2146 1.0
2146 3170 1.0
3170 3106 1.0
3106 3170 1.0
3170 3138 1.0
3138 3170 1.0
3170 3169 2.0
3169 3170 2.0
3171 1123 1.0
1123 3171 1.0
3171 2147 1.0
2147 3171 1.0
3171 3107 1.0
3107 3171 1.0
3171 3139 1.0
3139 3171 1.0
3171 3169 2.0
3169 3171 2.0
3172 1124 1.0
1124 3172 1.0
3172 2148 1.0
2148 3172 1.0
3172 3108 1.0
3108 3172 1.0
3172 3140 1.0
3140 3172 1.0
3172 3170 1.0
3170 3172 1.0
3172 3171 1.0
3171 3172 1.0
3173 1125 1.0
1125 3173 1.0
3173 2149 1.0
2149 3173 1.0
3173 3109 1.0
3109 3173 1.0
3173 3141 2.0
3141 3173 2.0
3173 3169 2.0
3169 3173 2.0
3174 1126 1.0
1126 3174 1.0
3174 2150 2.0
2150 3174 2.0
3174 3110 1.0
3110 3174 1.0
3174 3142 1.0
3142 3174 1.0
3174 3170 1.0
3170 3174 1.0
3174 3173 1.0
3173 3174 1.0
3175 1127 1.0
1127 3175 1.0
3175 2151 1.0
2151 3175 1.0
3175 3111 1.0
3111 3175 1.0
3175 3143 1.0
3143 3175 1.0
3175 3171 1.0
3171 3175 1.0
3175 3173 1.0
3173 3175 1.0
3176 1128 1.0
1128 3176 1.0
3176 2152 1.0
2152 3176 1.0
3176 3112 1.0
3112 3176 1.0
3176 3144 1.0
3144 3176 1.0
3176 3172 1.0
3172 3176 1.0
3176 3174 1.0
3174 3176 1.0
3176 3175 1.0
3175 3176 1.0
3177 1129 1.0
1129 3177 1.0
3177 2153 1.0
2153 3177 1.0
3177 3113 1.0
3113 3177 1.0
3177 3145 1.0
3145 3177 1.0
3177 3169 2.0
3169 3177 2.0
3178 1130 1.0
1130 3178 1.0
3178 2154 1.0
2154 3178 1.0
3178 3114 2.0
3114 3178 2.0
3178 3146 1.0
3146 3178 1.0
3178 3170 1.0
3170 3178 1.0
3178 3177 1.0
3177 3178 1.0
3179 1131 1.0
1131 3179 1.0
3179 2155 1.0
2155 3179 1.0
3179 3115 1.0
3115 3179 1.0
3179 3147 1.0
3147 3179 1.0
3179 3171 1.0
3171 3179 1.0
3179 3177 1.0
3177 3179 1.0
3180 1132 1.0
1132 3180 1.0
3180 2156 1.0
2156 3180 1.0
3180 3116 1.0
3116 3180 1.0
3180 3148 2.0
3148 3180 2.0
3180 3172 1.0
3172 3180 1.0
3180 3178 1.0
3178 3180 1.0
3180 3179 1.0
3179 3180 1.0
3181 1133 1.0
1133 3181 1.0
3181 2157 2.0
2157 3181 2.0
3181 3117 1.0
3117 3181 1.0
3181 3149 1.0
3149 3181 1.0
3181 3173 1.0
3173 3181 1.0
3181 3177 1.0
3177 3181 1.0
3182 1134 1.0
1134 3182 1.0
3182 2158 1.0
2158 3182 1.0
3182 3118 1.0
3118 3182 1.0
3182 3150 1.0
3150 3182 1.0
3182 3174 1.0
3174 3182 1.0
3182 3178 1.0
3178 3182 1.0
3182 3181 1.0
3181 3182 1.0
3183 1135 1.0
1135 3183 1.0
3183 2159 2.0
2159 3183 2.0
3183 3119 1.0
3119 3183 1.0
3183 3151 1.0
3151 3183 1.0
3183 3175 1.0
3175 3183 1.0
3183 3179 1.0
3179 3183 1.0
3183 3181 1.0
3181 3183 1.0
3184 1136 1.0
1136 3184 1.0
3184 2160 1.0
2160 3184 1.0
3184 3120 1.0
3120 3184 1.0
3184 3152 1.0
3152 3184 1.0
3184 3176 1.0
3176 3184 1.0
3184 3180 1.0
3180 3184 1.0
3184 3182 1.0
3182 3184 1.0
3184 3183 1.0
3183 3184 1.0
3185 1137 1.0
1137 3185 1.0
3185 2161 1.0
2161 3185 1.0
3185 3121 1.0
3121 3185 1.0
3185 3153 1.0
3153 3185 1.0
3185 3169 2.0
3169 3185 2.0
3186 1138 1.0
1138 3186 1.0
3186 2162 1.0
2162 3186 1.0
3186 3122 1.0
3122 3186 1.0
3186 3154 1.0
3154 3186 1.0
3186 3170 1.0
3170 3186 1.0
3186 3185 1.0
3185 3186 1.0
3187 1139 1.0
1139 3187 1.0
3187 2163 1.0
2163 3187 1.0
3187 3123 2.0
3123 3187 2.0
3187 3155 1.0
3155 3187 1.0
3187 3171 1.0
3171 3187 1.0
3187 3185 1.0
3185 3187 1.0
3188 1140 1.0
1140 3188 1.0
3188 2164 1.0
2164 3188 1.0
3188 3124 1.0
3124 3188 1.0
3188 3156 1.0
3156 3188 1.0
3188 3172 1.0
3172 3188 1.0
3188 3186 1.0
3186 3188 1.0
3188 3187 1.0
3187 3188 1.0
3189 1141 1.0
1141 3189 1.0
3189 2165 1.0
2165 3189 1.0
3189 3125 1.0
3125 3189 1.0
3189 3157 1.0
3157 3189 1.0
3189 3173 1.0
3173 3189 1.0
3189 3185 1.0
3185 3189 1.0
3190 1142 1.0
1142 3190 1.0
3190 2166 1.0
2166 3190 1.0
3190 3126 1.0
3126 3190 1.0
3190 3158 1.0
3158 3190 1.0
3190 3174 1.0
3174 3190 1.0
3190 3186 1.0
3186 3190 1.0
3190 3189 1.0
3189 3190 1.0
3191 1143 1.0
1143 3191 1.0
3191 2167 1.0
2167 3191 1.0
3191 3127 1.0
3127 3191 1.0
3191 3159 1.0
3159 3191 1.0
3191 3175 1.0
3175 3191 1.0
3191 3187 1.0
3187 3191 1.0
3191 3189 1.0
3189 3191 1.0
3192 1144 2.0
1144 3192 2.0
3192 2168 3.0
2168 3192 3.0
3192 3128 2.0
3128 3192 2.0
3192 3160 2.0
3160 3192 2.0
3192 3176 2.0
3176 3192 2.0
3192 3188 2.0
3188 3192 2.0
3192 3190 2.0
3190 3192 2.0
3192 3191 2.0
3191 3192 2.0
3193 1145 1.0
1145 3193 1.0
3193 2169 1.0
2169 3193 1.0
3193 3129 1.0
3129 3193 1.0
3193 3161 1.0
3161 3193 1.0
3193 3177 1.0
3177 3193 1.0
3193 3185 1.0
3185 3193 1.0
3194 1146 1.0
1146 3194 1.0
3194 2170 2.0
2170 3194 2.0
3194 3130 1.0
3130 3194 1.0
3194 3162 1.0
3162 3194 1.0
3194 3178 1.0
3178 3194 1.0
3194 3186 1.0
3186 3194 1.0
3194 3193 1.0
3193 3194 1.0
3195 1147 2.0
1147 3195 2.0
3195 2171 1.0
2171 3195 1.0
3195 3131 1.0
3131 3195 1.0
3195 3163 2.0
3163 3195 2.0
3195 3179 1.0
3179 3195 1.0
3195 3187 1.0
3187 3195 1.0
3195 3193 1.0
3193 3195 1.0
3196 1148 1.0
1148 3196 1.0
3196 2172 1.0
2172 3196 1.0
3196 3132 1.0
3132 3196 1.0
3196 3164 2.0
3164 3196 2.0
3196 3180 1.0
3180 3196 1.0
3196 3188 1.0
3188 3196 1.0
3196 3194 1.0
3194 3196 1.0
3196 3195 1.0
3195 3196 1.0
3197 1149 2.0
1149 3197 2.0
3197 2173 2.0
2173 3197 2.0
3197 3133 2.0
3133 3197 2.0
3197 3165 2.0
3165 3197 2.0
3197 3181 2.0
3181 3197 2.0
3197 3189 2.0
3189 3197 2.0
3197 3193 2.0
3193 3197 2.0
3198 1150 1.0
1150 3198 1.0
3198 2174 1.0
2174 3198 1.0
3198 3134 1.0
3134 3198 1.0
3198 3166 1.0
3166 3198 1.0
3198 3182 1.0
3182 3198 1.0
3198 3190 1.0
3190 3198 1.0
3198 3194 1.0
3194 3198 1.0
3198 3197 2.0
3197 3198 2.0
3199 1151 1.0
1151 3199 1.0
3199 2175 1.0
2175 3199 1.0
3199 3135 1.0
3135 3199 1.0
3199 3167 1.0
3167 3199 1.0
3199 3183 1.0
3183 3199 1.0
3199 3191 1.0
3191 3199 1.0
3199 3195 1.0
3195 3199 1.0
3199 3197 2.0
3197 3199 2.0
3200 1152 1.0
1152 3200 1.0
3200 2176 1.0
2176 3200 1.0
3200 3136 2.0
3136 3200 2.0
3200 3168 1.0
3168 3200 1.0
3200 3184 1.0
3184 3200 1.0
3200 3192 2.0
3192 3200 2.0
3200 3196 1.0
3196 3200 1.0
3200 3198 1.0
3198 3200 1.0
3200 3199 1.0
3199 3200 1.0
3201 1153 1.0
1153 3201 1.0
3201 2177 1.0
2177 3201 1.0
3201 3073 1.0
3073 3201 1.0
3202 1154 1.0
1154 3202 1.0
3202 2178 1.0
2178 3202 1.0
3202 3074 1.0
3074 3202 1.0
3202 3201 1.0
3201 3202 1.0
3203 1155 1.0
1155 3203 1.0
3203 2179 1.0
2179 3203 1.0
3203 3075 2.0
3075 3203 2.0
3203 3201 1.0
3201 3203 1.0
3204 1156 1.0
1156 3204 1.0
3204 2180 1.0
2180 3204 1.0
3204 3076 1.0
3076 3204 1.0
3204 3202 1.0
3202 3204 1.0
3204 3203 1.0
3203 3204 1.0
3205 1157 1.0
1157 3205 1.0
3205 2181 1.0
2181 3205 1.0
3205 3077 1.0
3077 3205 1.0
3205 3201 1.0
3201 3205 1.0
3206 1158 2.0
1158 3206 2.0
3206 2182 2.0
2182 3206 2.0
3206 3078 2.0
3078 3206 2.0
3206 3202 2.0
3202 3206 2.0
3206 3205 2.0
3205 3206 2.0
3207 1159 1.0
1159 3207 1.0
3207 2183 2.0
2183 3207 2.0
3207 3079 1.0
3079 3207 1.0
3207 3203 1.0
3203 3207 1.0
3207 3205 1.0
3205 3207 1.0
3208 1160 1.0
1160 3208 1.0
3208 2184 1.0
2184 3208 1.0
3208 3080 2.0
3080 3208 2.0
3208 3204 1.0
3204 3208 1.0
3208 3206 2.0
3206 3208 2.0
3208 3207 1.0
3207 3208 1.0
3209 1161 1.0
1161 3209 1.0
3209 2185 1.0
2185 3209 1.0
3209 3081 1.0
3081 3209 1.0
3209 3201 1.0
3201 3209 1.0
3210 1162 1.0
1162 3210 1.0
3210 2186 1.0
2186 3210 1.0
3210 3082 1.0
3082 3210 1.0
3210 3202 1.0
3202 3210 1.0
3210 3209 1.0
3209 3210 1.0
3211 1163 1.0
1163 3211 1.0
3211 2187 1.0
2187 3211 1.0
3211 3083 1.0
3083 3211 1.0
3211 3203 1.0
3203 3211 1.0
3211 3209 1.0
3209 3211 1.0
3212 1164 2.0
1164 3212 2.0
3212 2188 2.0
2188 3212 2.0
3212 3084 2.0
3084 3212 2.0
3212 3204 2.0
3204 3212 2.0
3212 3210 2.0
3210 3212 2.0
3212 3211 2.0
3211 3212 2.0
3213 1165 1.0
1165 3213 1.0
3213 2189 1.0
2189 3213 1.0
3213 3085 1.0
3085 3213 1.0
3213 3205 1.0
3205 3213 1.0
3213 3209 1.0
3209 3213 1.0
3214 1166 1.0
1166 3214 1.0
3214 2190 2.0
2190 3214 2.0
3214 3086 1.0
3086 3214 1.0
3214 3206 2.0
3206 3214 2.0
3214 3210 1.0
3210 3214 1.0
3214 3213 1.0
3213 3214 1.0
3215 1167 2.0
1167 3215 2.0
3215 2191 2.0
2191 3215 2.0
3215 3087 2.0
3087 3215 2.0
3215 3207 2.0
3207 3215 2.0
3215 3211 2.0
3211 3215 2.0
3215 3213 2.0
3213 3215 2.0
3216 1168 1.0
1168 3216 1.0
3216 2192 1.0
2192 3216 1.0
3216 3088 1.0
3088 3216 1.0
3216 3208 1.0
3208 3216 1.0
3216 3212 2.0
3212 3216 2.0
3216 3214 1.0
3214 3216 1.0
3216 3215 2.0
3215 3216 2.0
3217 1169 2.0
1169 3217 2.0
3217 2193 1.0
2193 3217 1.0
3217 3089 1.0
3089 3217 1.0
3217 3201 1.0
3201 3217 1.0
3218 1170 1.0
1170 3218 1.0
3218 2194 1.0
2194 3218 1.0
3218 3090 2.0
3090 3218 2.0
3218 3202 1.0
3202 3218 1.0
3218 3217 1.0
3217 3218 1.0
3219 1171 2.0
1171 3219 2.0
3219 2195 1.0
2195 3219 1.0
3219 3091 1.0
3091 3219 1.0
3219 3203 1.0
3203 3219 1.0
3219 3217 1.0
3217 3219 1.0
3220 1172 1.0
1172 3220 1.0
3220 2196 1.0
2196 3220 1.0
3220 3092 1.0
3092 3220 1.0
3220 3204 1.0
3204 3220 1.0
3220 3218 1.0
3218 3220 1.0
3220 3219 1.0
3219 3220 1.0
3221 1173 1.0
1173 3221 1.0
3221 2197 2.0
2197 3221 2.0
3221 3093 1.0
3093 3221 1.0
3221 3205 1.0
3205 3221 1.0
3221 3217 1.0
3217 3221 1.0
3222 1174 1.0
1174 3222 1.0
3222 2198 1.0
2198 3222 1.0
3222 3094 1.0
3094 3222 1.0
3222 3206 2.0
3206 3222 2.0
3222 3218 1.0
3218 3222 1.0
3222 3221 1.0
3221 3222 1.0
3223 1175 1.0
1175 3223 1.0
3223 2199 1.0
2199 3223 1.0
3223 3095 1.0
3095 3223 1.0
3223 3207 1.0
3207 3223 1.0
3223 3219 1.0
3219 3223 1.0
3223 3221 1.0
3221 3223 1.0
3224 1176 2.0
1176 3224 2.0
3224 2200 2.0
2200 3224 2.0
3224 3096 2.0
3096 3224 2.0
3224 3208 2.0
3208 3224 2.0
3224 3220 2.0
3220 3224 2.0
3224 3222 2.0
3222 3224 2.0
3224 3223 2.0
3223 3224 2.0
3225 1177 1.0
1177 3225 1.0
3225 2201 1.0
2201 3225 1.0
3225 3097 1.0
3097 3225 1.0
3225 3209 1.0
3209 3225 1.0
3225 3217 1.0
3217 3225 1.0
3226 1178 1.0
1178 3226 1.0
3226 2202 1.0
2202 3226 1.0
3226 3098 1.0
3098 3226 1.0
3226 3210 1.0
3210 3226 1.0
3226 3218 1.0
3218 3226 1.0
3226 3225 1.0
3225 3226 1.0
3227 1179 1.0
1179 3227 1.0
3227 2203 2.0
2203 3227 2.0
3227 3099 1.0
3099 3227 1.0
3227 3211 1.0
3211 3227 1.0
3227 3219 1.0
3219 3227 1.0
3227 3225 1.0
3225 3227 1.0
3228 1180 1.0
1180 3228 1.0
3228 2204 1.0
2204 3228 1.0
3228 3100 1.0
3100 3228 1.0
3228 3212 2.0
3212 3228 2.0
3228 3220 1.0
3220 3228 1.0
3228 3226 1.0
3226 3228 1.0
3228 3227 1.0
3227 3228 1.0
3229 1181 1.0
1181 3229 1.0
3229 2205 1.0
2205 3229 1.0
3229 3101 2.0
3101 3229 2.0
3229 3213 1.0
3213 3229 1.0
3229 3221 1.0
3221 3229 1.0
3229 3225 1.0
3225 3229 1.0
3230 1182 2.0
1182 3230 2.0
3230 2206 2.0
2206 3230 2.0
3230 3102 1.0
3102 3230 1.0
3230 3214 1.0
3214 3230 1.0
3230 3222 1.0
3222 3230 1.0
3230 3226 1.0
3226 3230 1.0
3230 3229 1.0
3229 3230 1.0
3231 1183 1.0
1183 3231 1.0
3231 2207 1.0
2207 3231 1.0
3231 3103 1.0
3103 3231 1.0
3231 3215 2.0
3215 3231 2.0
3231 3223 1.0
3223 3231 1.0
3231 3227 1.0
3227 3231 1.0
3231 3229 1.0
3229 3231 1.0
3232 1184 2.0
1184 3232 2.0
3232 2208 2.0
2208 3232 2.0
3232 3104 2.0
3104 3232 2.0
3232 3216 2.0
3216 3232 2.0
3232 3224 3.0
3224 3232 3.0
3232 3228 2.0
3228 3232 2.0
3232 3230 2.0
3230 3232 2.0
3232 3231 2.0
3231 3232 2.0
3233 1185 2.0
1185 3233 2.0
3233 2209 2.0
2209 3233 2.0
3233 3105 1.0
3105 3233 1.0
3233 3201 1.0
3201 3233 1.0
3234 1186 1.0
1186 3234 1.0
3234 2210 1.0
2210 3234 1.0
3234 3106 1.0
3106 3234 1.0
3234 3202 1.0
3202 3234 1.0
3234 3233 1.0
3233 3234 1.0
3235 1187 1.0
1187 3235 1.0
3235 2211 1.0
2211 3235 1.0
3235 3107 1.0
3107 3235 1.0
3235 3203 1.0
3203 3235 1.0
3235 3233 1.0
3233 3235 1.0
3236 1188 2.0
1188 3236 2.0
3236 2212 2.0
2212 3236 2.0
3236 3108 2.0
3108 3236 2.0
3236 3204 2.0
3204 3236 2.0
3236 3234 2.0
3234 3236 2.0
3236 3235 2.0
3235 3236 2.0
3237 1189 2.0
1189 3237 2.0
3237 2213 2.0
2213 3237 2.0
3237 3109 2.0
3109 3237 2.0
3237 3205 2.0
3205 3237 2.0
3237 3233 2.0
3233 3237 2.0
3238 1190 1.0
1190 3238 1.0
3238 2214 2.0
2214 3238 2.0
3238 3110 1.0
3110 3238 1.0
3238 3206 2.0
3206 3238 2.0
3238 3234 1.0
3234 3238 1.0
3238 3237 2.0
3237 3238 2.0
3239 1191 1.0
1191 3239 1.0
3239 2215 1.0
2215 3239 1.0
3239 3111 1.0
3111 3239 1.0
3239 3207 1.0
3207 3239 1.0
3239 3235 1.0
3235 3239 1.0
3239 3237 2.0
3237 3239 2.0
3240 1192 1.0
1192 3240 1.0
3240 2216 1.0
2216 3240 1.0
3240 3112 1.0
3112 3240 1.0
3240 3208 1.0
3208 3240 1.0
3240 3236 2.0
3236 3240 2.0
3240 3238 1.0
3238 3240 1.0
3240 3239 1.0
3239 3240 1.0
3241 1193 1.0
1193 3241 1.0
3241 2217 1.0
2217 3241 1.0
3241 3113 1.0
3113 3241 1.0
3241 3209 1.0
3209 3241 1.0
3241 3233 1.0
3233 3241 1.0
3242 1194 1.0
1194 3242 1.0
3242 2218 1.0
2218 3242 1.0
3242 3114 2.0
3114 3242 2.0
3242 3210 1.0
3210 3242 1.0
3242 3234 1.0
3234 3242 1.0
3242 3241 1.0
3241 3242 1.0
3243 1195 1.0
1195 3243 1.0
3243 2219 1.0
2219 3243 1.0
3243 3115 1.0
3115 3243 1.0
3243 3211 1.0
3211 3243 1.0
3243 3235 1.0
3235 3243 1.0
3243 3241 1.0
3241 3243 1.0
3244 1196 1.0
1196 3244 1.0
3244 2220 1.0
2220 3244 1.0
3244 3116 1.0
3116 3244 1.0
3244 3212 2.0
3212 3244 2.0
3244 3236 2.0
3236 3244 2.0
3244 3242 1.0
3242 3244 1.0
3244 3243 1.0
3243 3244 1.0
3245 1197 1.0
1197 3245 1.0
3245 2221 1.0
2221 3245 1.0
3245 3117 1.0
3117 3245 1.0
3245 3213 1.0
3213 3245 1.0
3245 3237 2.0
3237 3245 2.0
3245 3241 1.0
3241 3245 1.0
3246 1198 1.0
1198 3246 1.0
3246 2222 1.0
2222 3246 1.0
3246 3118 1.0
3118 3246 1.0
3246 3214 1.0
3214 3246 1.0
3246 3238 1.0
3238 3246 1.0
3246 3242 1.0
3242 3246 1.0
3246 3245 1.0
3245 3246 1.0
3247 1199 1.0
1199 3247 1.0
3247 2223 1.0
2223 3247 1.0
3247 3119 1.0
3119 3247 1.0
3247 3215 2.0
3215 3247 2.0
3247 3239 1.0
3239 3247 1.0
3247 3243 1.0
3243 3247 1.0
3247 3245 1.0
3245 3247 1.0
3248 1200 2.0
1200 3248 2.0
3248 2224 1.0
2224 3248 1.0
3248 3120 1.0
3120 3248 1.0
3248 3216 1.0
3216 3248 1.0
3248 3240 1.0
3240 3248 1.0
3248 3244 1.0
3244 3248 1.0
3248 3246 1.0
3246 3248 1.0
3248 3247 1.0
3247 3248 1.0
3249 1201 1.0
1201 3249 1.0
3249 2225 1.0
2225 3249 1.0
3249 3121 1.0
3121 3249 1.0
3249 3217 1.0
3217 3249 1.0
3249 3233 1.0
3233 3249 1.0
3250 1202 1.0
1202 3250 1.0
3250 2226 1.0
2226 3250 1.0
3250 3122 1.0
3122 3250 1.0
3250 3218 1.0
3218 3250 1.0
3250 3234 1.0
3234 3250 1.0
3250 3249 1.0
3249 3250 1.0
3251 1203 1.0
1203 3251 1.0
3251 2227 1.0
2227 3251 1.0
3251 3123 2.0
3123 3251 2.0
3251 3219 1.0
3219 3251 1.0
3251 3235 1.0
3235 3251 1.0
3251 3249 1.0
3249 3251 1.0
3252 1204 1.0
1204 3252 1.0
3252 2228 2.0
2228 3252 2.0
3252 3124 1.0
3124 3252 1.0
3252 3220 1.0
3220 3252 1.0
3252 3236 2.0
3236 3252 2.0
3252 3250 1.0
3250 3252 1.0
3252 3251 1.0
3251 3252 1.0
3253 1205 1.0
1205 3253 1.0
3253 2229 1.0
2229 3253 1.0
3253 3125 1.0
3125 3253 1.0
3253 3221 1.0
3221 3253 1.0
3253 3237 2.0
3237 3253 2.0
3253 3249 1.0
3249 3253 1.0
3254 1206 2.0
1206 3254 2.0
3254 2230 1.0
2230 3254 1.0
3254 3126 1.0
3126 3254 1.0
3254 3222 1.0
3222 3254 1.0
3254 3238 1.0
3238 3254 1.0
3254 3250 1.0
3250 3254 1.0
3254 3253 1.0
3253 3254 1.0
3255 1207 1.0
1207 3255 1.0
3255 2231 1.0
2231 3255 1.0
3255 3127 1.0
3127 3255 1.0
3255 3223 1.0
3223 3255 1.0
3255 3239 1.0
3239 3255 1.0
3255 3251 1.0
3251 3255 1.0
3255 3253 1.0
3253 3255 1.0
3256 1208 1.0
1208 3256 1.0
3256 2232 1.0
2232 3256 1.0
3256 3128 1.0
3128 3256 1.0
3256 3224 2.0
3224 3256 2.0
3256 3240 1.0
3240 3256 1.0
3256 3252 1.0
3252 3256 1.0
3256 3254 1.0
3254 3256 1.0
3256 3255 1.0
3255 3256 1.0
3257 1209 2.0
1209 3257 2.0
3257 2233 2.0
2233 3257 2.0
3257 3129 2.0
3129 3257 2.0
3257 3225 2.0
3225 3257 2.0
3257 3241 2.0
3241 3257 2.0
3257 3249 2.0
3249 3257 2.0
3258 1210 1.0
1210 3258 1.0
3258 2234 1.0
2234 3258 1.0
3258 3130 1.0
3130 3258 1.0
3258 3226 1.0
3226 3258 1.0
3258 3242 1.0
3242 3258 1.0
3258 3250 1.0
3250 3258 1.0
3258 3257 2.0
3257 3258 2.0
3259 1211 1.0
1211 3259 1.0
3259 2235 1.0
2235 3259 1.0
3259 3131 1.0
3131 3259 1.0
3259 3227 1.0
3227 3259 1.0
3259 3243 1.0
3243 3259 1.0
3259 3251 1.0
3251 3259 1.0
3259 3257 2.0
3257 3259 2.0
3260 1212 1.0
1212 3260 1.0
3260 2236 1.0
2236 3260 1.0
3260 3132 1.0
3132 3260 1.0
3260 3228 1.0
3228 3260 1.0
3260 3244 1.0
3244 3260 1.0
3260 3252 1.0
3252 3260 1.0
3260 3258 1.0
3258 3260 1.0
3260 3259 1.0
3259 3260 1.0
3261 1213 1.0
1213 3261 1.0
3261 2237 1.0
2237 3261 1.0
3261 3133 1.0
3133 3261 1.0
3261 3229 1.0
3229 3261 1.0
3261 3245 1.0
3245 3261 1.0
3261 3253 1.0
3253 3261 1.0
3261 3257 2.0
3257 3261 2.0
3262 1214 1.0
1214 3262 1.0
3262 2238 1.0
2238 3262 1.0
3262 3134 1.0
3134 3262 1.0
3262 3230 1.0
3230 3262 1.0
3262 3246 1.0
3246 3262 1.0
3262 3254 1.0
3254 3262 1.0
3262 3258 1.0
3258 3262 1.0
3262 3261 1.0
3261 3262 1.0
3263 1215 2.0
1215 3263 2.0
3263 2239 2.0
2239 3263 2.0
3263 3135 1.0
3135 3263 1.0
3263 3231 1.0
3231 3263 1.0
3263 3247 1.0
3247 3263 1.0
3263 3255 1.0
3255 3263 1.0
3263 3259 1.0
3259 3263 1.0
3263 3261 1.0
3261 3263 1.0
3264 1216 1.0
1216 3264 1.0
3264 2240 1.0
2240 3264 1.0
3264 3136 2.0
3136 3264 2.0
3264 3232 2.0
3232 3264 2.0
3264 3248 1.0
3248 3264 1.0
3264 3256 1.0
3256 3264 1.0
3264 3260 1.0
3260 3264 1.0
3264 3262 1.0
3262 3264 1.0
3264 3263 1.0
3263 3264 1.0
3265 1217 2.0
1217 3265 2.0
3265 2241 2.0
2241 3265 2.0
3265 3137 2.0
3137 3265 2.0
3265 3201 2.0
3201 3265 2.0
3266 1218 1.0
1218 3266 1.0
3266 2242 1.0
2242 3266 1.0
3266 3138 1.0
3138 3266 1.0
3266 3202 1.0
3202 3266 1.0
3266 3265 2.0
3265 3266 2.0
3267 1219 2.0
1219 3267 2.0
3267 2243 1.0
2243 3267 1.0
3267 3139 1.0
3139 3267 1.0
3267 3203 1.0
3203 3267 1.0
3267 3265 2.0
3265 3267 2.0
3268 1220 1.0
1220 3268 1.0
3268 2244 1.0
2244 3268 1.0
3268 3140 1.0
3140 3268 1.0
3268 3204 1.0
3204 3268 1.0
3268 3266 1.0
3266 3268 1.0
3268 3267 1.0
3267 3268 1.0
3269 1221 1.0
1221 3269 1.0
3269 2245 1.0
2245 3269 1.0
3269 3141 2.0
3141 3269 2.0
3269 3205 1.0
3205 3269 1.0
3269 3265 2.0
3265 3269 2.0
3270 1222 2.0
1222 3270 2.0
3270 2246 2.0
2246 3270 2.0
3270 3142 2.0
3142 3270 2.0
3270 3206 3.0
3206 3270 3.0
3270 3266 2.0
3266 3270 2.0
3270 3269 2.0
3269 3270 2.0
3271 1223 1.0
1223 3271 1.0
3271 2247 2.0
2247 3271 2.0
3271 3143 1.0
3143 3271 1.0
3271 3207 1.0
3207 3271 1.0
3271 3267 1.0
3267 3271 1.0
3271 3269 1.0
3269 3271 1.0
3272 1224 1.0
1224 3272 1.0
3272 2248 1.0
2248 3272 1.0
3272 3144 1.0
3144 3272 1.0
3272 3208 1.0
3208 3272 1.0
3272 3268 1.0
3268 3272 1.0
3272 3270 2.0
3270 3272 2.0
3272 3271 1.0
3271 3272 1.0
3273 1225 1.0
1225 3273 1.0
3273 2249 1.0
2249 3273 1.0
3273 3145 1.0
3145 3273 1.0
3273 3209 1.0
3209 3273 1.0
3273 3265 2.0
3265 3273 2.0
3274 1226 2.0
1226 3274 2.0
3274 2250 2.0
2250 3274 2.0
3274 3146 1.0
3146 3274 1.0
3274 3210 1.0
3210 3274 1.0
3274 3266 1.0
3266 3274 1.0
3274 3273 1.0
3273 3274 1.0
3275 1227 1.0
1227 3275 1.0
3275 2251 1.0
2251 3275 1.0
3275 3147 1.0
3147 3275 1.0
3275 3211 1.0
3211 3275 1.0
3275 3267 1.0
3267 3275 1.0
3275 3273 1.0
3273 3275 1.0
3276 1228 1.0
1228 3276 1.0
3276 2252 2.0
2252 3276 2.0
3276 3148 2.0
3148 3276 2.0
3276 3212 2.0
3212 3276 2.0
3276 3268 1.0
3268 3276 1.0
3276 3274 1.0
3274 3276 1.0
3276 3275 1.0
3275 3276 1.0
3277 1229 2.0
1229 3277 2.0
3277 2253 1.0
2253 3277 1.0
3277 3149 1.0
3149 3277 1.0
3277 3213 1.0
3213 3277 1.0
3277 3269 1.0
3269 3277 1.0
3277 3273 1.0
3273 3277 1.0
3278 1230 1.0
1230 3278 1.0
3278 2254 1.0
2254 3278 1.0
3278 3150 1.0
3150 3278 1.0
3278 3214 1.0
3214 3278 1.0
3278 3270 2.0
3270 3278 2.0
3278 3274 1.0
3274 3278 1.0
3278 3277 1.0
3277 3278 1.0
3279 1231 1.0
1231 3279 1.0
3279 2255 1.0
2255 3279 1.0
3279 3151 1.0
3151 3279 1.0
3279 3215 2.0
3215 3279 2.0
3279 3271 1.0
3271 3279 1.0
3279 3275 1.0
3275 3279 1.0
3279 3277 1.0
3277 3279 1.0
3280 1232 1.0
1232 3280 1.0
3280 2256 1.0
2256 3280 1.0
3280 3152 1.0
3152 3280 1.0
3280 3216 1.0
3216 3280 1.0
3280 3272 1.0
3272 3280 1.0
3280 3276 1.0
3276 3280 1.0
3280 3278 1.0
3278 3280 1.0
3280 3279 1.0
3279 3280 1.0
3281 1233 1.0
1233 3281 1.0
3281 2257 1.0
2257 3281 1.0
3281 3153 1.0
3153 3281 1.0
3281 3217 1.0
3217 3281 1.0
3281 3265 2.0
3265 3281 2.0
3282 1234 1.0
1234 3282 1.0
3282 2258 1.0
2258 3282 1.0
3282 3154 1.0
3154 3282 1.0
3282 3218 1.0
3218 3282 1.0
3282 3266 1.0
3266 3282 1.0
3282 3281 1.0
3281 3282 1.0
3283 1235 1.0
1235 3283 1.0
3283 2259 1.0
2259 3283 1.0
3283 3155 1.0
3155 3283 1.0
3283 3219 1.0
3219 3283 1.0
3283 3267 1.0
3267 3283 1.0
3283 3281 1.0
3281 3283 1.0
3284 1236 1.0
1236 3284 1.0
3284 2260 1.0
2260 3284 1.0
3284 3156 1.0
3156 3284 1.0
3284 3220 1.0
3220 3284 1.0
3284 3268 1.0
3268 3284 1.0
3284 3282 1.0
3282 3284 1.0
3284 3283 1.0
3283 3284 1.0
3285 1237 1.0
1237 3285 1.0
3285 2261 1.0
2261 3285 1.0
3285 3157 1.0
3157 3285 1.0
3285 3221 1.0
3221 3285 1.0
3285 3269 1.0
3269 3285 1.0
3285 3281 1.0
3281 3285 1.0
3286 1238 1.0
1238 3286 1.0
3286 2262 1.0
2262 3286 1.0
3286 3158 1.0
3158 3286 1.0
3286 3222 1.0
3222 3286 1.0
3286 3270 2.0
3270 3286 2.0
3286 3282 1.0
3282 3286 1.0
3286 3285 1.0
3285 3286 1.0
3287 1239 2.0
1239 3287 2.0
3287 2263 2.0
2263 3287 2.0
3287 3159 2.0
3159 3287 2.0
3287 3223 2.0
3223 3287 2.0
3287 3271 2.0
3271 3287 2.0
3287 3283 2.0
3283 3287 2.0
3287 3285 2.0
3285 3287 2.0
3288 1240 1.0
1240 3288 1.0
3288 2264 1.0
2264 3288 1.0
3288 3160 1.0
3160 3288 1.0
3288 3224 2.0
3224 3288 2.0
3288 3272 1.0
3272 3288 1.0
3288 3284 1.0
3284 3288 1.0
3288 3286 1.0
3286 3288 1.0
3288 3287 2.0
3287 3288 2.0
3289 1241 1.0
1241 3289 1.0
3289 2265 1.0
2265 3289 1.0
3289 3161 1.0
3161 3289 1.0
3289 3225 1.0
3225 3289 1.0
3289 3273 1.0
3273 3289 1.0
3289 3281 1.0
3281 3289 1.0
3290 1242 1.0
1242 3290 1.0
3290 2266 1.0
2266 3290 1.0
3290 3162 1.0
3162 3290 1.0
3290 3226 1.0
3226 3290 1.0
3290 3274 1.0
3274 3290 1.0
3290 3282 1.0
3282 3290 1.0
3290 3289 1.0
3289 3290 1.0
3291 1243 1.0
1243 3291 1.0
3291 2267 1.0
2267 3291 1.0
3291 3163 2.0
3163 3291 2.0
3291 3227 1.0
3227 3291 1.0
3291 3275 1.0
3275 3291 1.0
3291 3283 1.0
3283 3291 1.0
3291 3289 1.0
3289 3291 1.0
3292 1244 1.0
1244 3292 1.0
3292 2268 1.0
2268 3292 1.0
3292 3164 2.0
3164 3292 2.0
3292 3228 1.0
3228 3292 1.0
3292 3276 1.0
3276 3292 1.0
3292 3284 1.0
3284 3292 1.0
3292 3290 1.0
3290 3292 1.0
3292 3291 1.0
3291 3292 1.0
3293 1245 2.0
1245 3293 2.0
3293 2269 2.0
2269 3293 2.0
3293 3165 2.0
3165 3293 2.0
3293 3229 2.0
3229 3293 2.0
3293 3277 2.0
3277 3293 2.0
3293 3285 2.0
3285 3293 2.0
3293 3289 2.0
3289 3293 2.0
3294 1246 1.0
1246 3294 1.0
3294 2270 1.0
2270 3294 1.0
3294 3166 1.0
3166 3294 1.0
3294 3230 1.0
3230 3294 1.0
3294 3278 1.0
3278 3294 1.0
3294 3286 1.0
3286 3294 1.0
3294 3290 1.0
3290 3294 1.0
3294 3293 2.0
3293 3294 2.0
3295 1247 1.0
1247 3295 1.0
3295 2271 1.0
2271 3295 1.0
3295 3167 1.0
3167 3295 1.0
3295 3231 1.0
3231 3295 1.0
3295 3279 1.0
3279 3295 1.0
3295 3287 2.0
3287 3295 2.0
3295 3291 1.0
3291 3295 1.0
3295 3293 2.0
3293 3295 2.0
3296 1248 1.0
1248 3296 1.0
3296 2272 1.0
2272 3296 1.0
3296 3168 1.0
3168 3296 1.0
3296 3232 2.0
3232 3296 2.0
3296 3280 1.0
3280 3296 1.0
3296 3288 1.0
3288 3296 1.0
3296 3292 1.0
3292 3296 1.0
3296 3294 1.0
3294 3296 1.0
3296 3295 1.0
3295 3296 1.0
3297 1249 1.0
1249 3297 1.0
3297 2273 1.0
2273 3297 1.0
3297 3169 2.0
3169 3297 2.0
3297 3233 1.0
3233 3297 1.0
3297 3265 2.0
3265 3297 2.0
3298 1250 1.0
1250 3298 1.0
3298 2274 1.0
2274 3298 1.0
3298 3170 1.0
3170 3298 1.0
3298 3234 1.0
3234 3298 1.0
3298 3266 1.0
3266 3298 1.0
3298 3297 1.0
3297 3298 1.0
3299 1251 1.0
1251 3299 1.0
3299 2275 1.0
2275 3299 1.0
3299 3171 1.0
3171 3299 1.0
3299 3235 1.0
3235 3299 1.0
3299 3267 1.0
3267 3299 1.0
3299 3297 1.0
3297 3299 1.0
3300 1252 1.0
1252 3300 1.0
3300 2276 1.0
2276 3300 1.0
3300 3172 1.0
3172 3300 1.0
3300 3236 2.0
3236 3300 2.0
3300 3268 1.0
3268 3300 1.0
3300 3298 1.0
3298 3300 1.0
3300 3299 1.0
3299 3300 1.0
3301 1253 1.0
1253 3301 1.0
3301 2277 1.0
2277 3301 1.0
3301 3173 1.0
3173 3301 1.0
3301 3237 2.0
3237 3301 2.0
3301 3269 1.0
3269 3301 1.0
3301 3297 1.0
3297 3301 1.0
3302 1254 1.0
1254 3302 1.0
3302 2278 1.0
2278 3302 1.0
3302 3174 1.0
3174 3302 1.0
3302 3238 1.0
3238 3302 1.0
3302 3270 2.0
3270 3302 2.0
3302 3298 1.0
3298 3302 1.0
3302 3301 1.0
3301 3302 1.0
3303 1255 1.0
1255 3303 1.0
3303 2279 1.0
2279 3303 1.0
3303 3175 1.0
3175 3303 1.0
3303 3239 1.0
3239 3303 1.0
3303 3271 1.0
3271 3303 1.0
3303 3299 1.0
3299 3303 1.0
3303 3301 1.0
3301 3303 1.0
3304 1256 2.0
1256 3304 2.0
3304 2280 1.0
2280 3304 1.0
3304 3176 1.0
3176 3304 1.0
3304 3240 1.0
3240 3304 1.0
3304 3272 1.0
3272 3304 1.0
3304 3300 1.0
3300 3304 1.0
3304 3302 1.0
3302 3304 1.0
3304 3303 1.0
3303 3304 1.0
3305 1257 1.0
1257 3305 1.0
3305 2281 1.0
2281 3305 1.0
3305 3177 1.0
3177 3305 1.0
3305 3241 1.0
3241 3305 1.0
3305 3273 1.0
3273 3305 1.0
3305 3297 1.0
3297 3305 1.0
3306 1258 1.0
1258 3306 1.0
3306 2282 1.0
2282 3306 1.0
3306 3178 1.0
3178 3306 1.0
3306 3242 1.0
3242 3306 1.0
3306 3274 1.0
3274 3306 1.0
3306 3298 1.0
3298 3306 1.0
3306 3305 1.0
3305 3306 1.0
3307 1259 2.0
1259 3307 2.0
3307 2283 2.0
2283 3307 2.0
3307 3179 2.0
3179 3307 2.0
3307 3243 2.0
3243 3307 2.0
3307 3275 2.0
3275 3307 2.0
3307 3299 2.0
3299 3307 2.0
3307 3305 2.0
3305 3307 2.0
3308 1260 1.0
1260 3308 1.0
3308 2284 1.0
2284 3308 1.0
3308 3180 1.0
3180 3308 1.0
3308 3244 1.0
3244 3308 1.0
3308 3276 1.0
3276 3308 1.0
3308 3300 1.0
3300 3308 1.0
3308 3306 1.0
3306 3308 1.0
3308 3307 2.0
3307 3308 2.0
3309 1261 1.0
1261 3309 1.0
3309 2285 2.0
2285 3309 2.0
3309 3181 1.0
3181 3309 1.0
3309 3245 1.0
3245 3309 1.0
3309 3277 1.0
3277 3309 1.0
3309 3301 1.0
3301 3309 1.0
3309 3305 1.0
3305 3309 1.0
3310 1262 2.0
1262 3310 2.0
3310 2286 2.0
2286 3310 2.0
3310 3182 2.0
3182 3310 2.0
3310 3246 2.0
3246 3310 2.0
3310 3278 2.0
3278 3310 2.0
3310 3302 2.0
3302 3310 2.0
3310 3306 2.0
3306 3310 2.0
3310 3309 2.0
3309 3310 2.0
3311 1263 1.0
1263 3311 1.0
3311 2287 1.0
2287 3311 1.0
3311 3183 1.0
3183 3311 1.0
3311 3247 1.0
3247 3311 1.0
3311 3279 1.0
3279 3311 1.0
3311 3303 1.0
3303 3311 1.0
3311 3307 2.0
3307 3311 2.0
3311 3309 1.0
3309 3311 1.0
3312 1264 1.0
1264 3312 1.0
3312 2288 1.0
2288 3312 1.0
3312 3184 1.0
3184 3312 1.0
3312 3248 1.0
3248 3312 1.0
3312 3280 1.0
3280 3312 1.0
3312 3304 1.0
3304 3312 1.0
3312 3308 1.0
3308 3312 1.0
3312 3310 2.0
3310 3312 2.0
3312 3311 1.0
3311 3312 1.0
3313 1265 1.0
1265 3313 1.0
3313 2289 1.0
2289 3313 1.0
3313 3185 1.0
3185 3313 1.0
3313 3249 1.0
3249 3313 1.0
3313 3281 1.0
3281 3313 1.0
3313 3297 1.0
3297 3313 1.0
3314 1266 2.0
1266 3314 2.0
3314 2290 2.0
2290 3314 2.0
3314 3186 2.0
3186 3314 2.0
3314 3250 2.0
3250 3314 2.0
3314 3282 2.0
3282 3314 2.0
3314 3298 2.0
3298 3314 2.0
3314 3313 2.0
3313 3314 2.0
3315 1267 1.0
1267 3315 1.0
3315 2291 2.0
2291 3315 2.0
3315 3187 1.0
3187 3315 1.0
3315 3251 1.0
3251 3315 1.0
3315 3283 1.0
3283 3315 1.0
3315 3299 1.0
3299 3315 1.0
3315 3313 1.0
3313 3315 1.0
3316 1268 1.0
1268 3316 1.0
3316 2292 1.0
2292 3316 1.0
3316 3188 1.0
3188 3316 1.0
3316 3252 1.0
3252 3316 1.0
3316 3284 1.0
3284 3316 1.0
3316 3300 1.0
3300 3316 1.0
3316 3314 2.0
3314 3316 2.0
3316 3315 1.0
3315 3316 1.0
3317 1269 2.0
1269 3317 2.0
3317 2293 1.0
2293 3317 1.0
3317 3189 1.0
3189 3317 1.0
3317 3253 1.0
3253 3317 1.0
3317 3285 1.0
3285 3317 1.0
3317 3301 1.0
3301 3317 1.0
3317 3313 1.0
3313 3317 1.0
3318 1270 1.0
1270 3318 1.0
3318 2294 1.0
2294 3318 1.0
3318 3190 1.0
3190 3318 1.0
3318 3254 1.0
3254 3318 1.0
3318 3286 1.0
3286 3318 1.0
3318 3302 1.0
3302 3318 1.0
3318 3314 2.0
3314 3318 2.0
3318 3317 1.0
3317 3318 1.0
3319 1271 1.0
1271 3319 1.0
3319 2295 1.0
2295 3319 1.0
3319 3191 1.0
3191 3319 1.0
3319 3255 1.0
3255 3319 1.0
3319 3287 2.0
3287 3319 2.0
3319 3303 1.0
3303 3319 1.0
3319 3315 1.0
3315 3319 1.0
3319 3317 1.0
3317 3319 1.0
3320 1272 1.0
1272 3320 1.0
3320 2296 1.0
2296 3320 1.0
3320 3192 2.0
3192 3320 2.0
3320 3256 1.0
3256 3320 1.0
3320 3288 1.0
3288 3320 1.0
3320 3304 1.0
3304 3320 1.0
3320 3316 1.0
3316 3320 1.0
3320 3318 1.0
3318 3320 1.0
3320 3319 1.0
3319 3320 1.0
3321 1273 1.0
1273 3321 1.0
3321 2297 1.0
2297 3321 1.0
3321 3193 1.0
3193 3321 1.0
3321 3257 2.0
3257 3321 2.0
3321 3289 1.0
3289 3321 1.0
3321 3305 1.0
3305 3321 1.0
3321 3313 1.0
3313 3321 1.0
3322 1274 1.0
1274 3322 1.0
3322 2298 1.0
2298 3322 1.0
3322 3194 1.0
3194 3322 1.0
3322 3258 1.0
3258 3322 1.0
3322 3290 1.0
3290 3322 1.0
3322 3306 1.0
3306 3322 1.0
3322 3314 2.0
3314 3322 2.0
3322 3321 1.0
3321 3322 1.0
3323 1275 1.0
1275 3323 1.0
3323 2299 1.0
2299 3323 1.0
3323 3195 1.0
3195 3323 1.0
3323 3259 1.0
3259 3323 1.0
3323 3291 1.0
3291 3323 1.0
3323 3307 2.0
3307 3323 2.0
3323 3315 1.0
3315 3323 1.0
3323 3321 1.0
3321 3323 1.0
3324 1276 2.0
1276 3324 2.0
3324 2300 1.0
2300 3324 1.0
3324 3196 1.0
3196 3324 1.0
3324 3260 1.0
3260 3324 1.0
3324 3292 1.0
3292 3324 1.0
3324 3308 1.0
3308 3324 1.0
3324 3316 1.0
3316 3324 1.0
3324 3322 1.0
3322 3324 1.0
3324 3323 1.0
3323 3324 1.0
3325 1277 1.0
1277 3325 1.0
3325 2301 1.0
2301 3325 1.0
3325 3197 2.0
3197 3325 2.0
3325 3261 1.0
3261 3325 1.0
3325 3293 2.0
3293 3325 2.0
3325 3309 1.0
3309 3325 1.0
3325 3317 1.0
3317 3325 1.0
3325 3321 1.0
3321 3325 1.0
3326 1278 1.0
1278 3326 1.0
3326 2302 1.0
2302 3326 1.0
3326 3198 1.0
3198 3326 1.0
3326 3262 1.0
3262 3326 1.0
3326 3294 1.0
3294 3326 1.0
3326 3310 2.0
3310 3326 2.0
3326 3318 1.0
3318 3326 1.0
3326 3322 1.0
3322 3326 1.0
3326 3325 1.0
3325 3326 1.0
3327 1279 1.0
1279 3327 1.0
3327 2303 1.0
2303 3327 1.0
3327 3199 1.0
3199 3327 1.0
3327 3263 1.0
3263 3327 1.0
3327 3295 1.0
3295 3327 1.0
3327 3311 1.0
3311 3327 1.0
3327 3319 1.0
3319 3327 1.0
3327 3323 1.0
3323 3327 1.0
3327 3325 1.0
3325 3327 1.0
3328 1280 1.0
1280 3328 1.0
3328 2304 2.0
2304 3328 2.0
3328 3200 1.0
3200 3328 1.0
3328 3264 1.0
3264 3328 1.0
3328 3296 1.0
3296 3328 1.0
3328 3312 1.0
3312 3328 1.0
3328 3320 1.0
3320 3328 1.0
3328 3324 1.0
3324 3328 1.0
3328 3326 1.0
3326 3328 1.0
3328 3327 1.0
3327 3328 1.0
3329 1281 1.0
1281 3329 1.0
3329 2305 2.0
2305 3329 2.0
3329 3073 1.0
3073 3329 1.0
3330 1282 1.0
1282 3330 1.0
3330 2306 1.0
2306 3330 1.0
3330 3074 1.0
3074 3330 1.0
3330 3329 1.0
3329 3330 1.0
3331 1283 1.0
1283 3331 1.0
3331 2307 1.0
2307 3331 1.0
3331 3075 2.0
3075 3331 2.0
3331 3329 1.0
3329 3331 1.0
3332 1284 1.0
1284 3332 1.0
3332 2308 1.0
2308 3332 1.0
3332 3076 1.0
3076 3332 1.0
3332 3330 1.0
3330 3332 1.0
3332 3331 1.0
3331 3332 1.0
3333 1285 1.0
1285 3333 1.0
3333 2309 1.0
2309 3333 1.0
3333 3077 1.0
3077 3333 1.0
3333 3329 1.0
3329 3333 1.0
3334 1286 1.0
1286 3334 1.0
3334 2310 1.0
2310 3334 1.0
3334 3078 1.0
3078 3334 1.0
3334 3330 1.0
3330 3334 1.0
3334 3333 1.0
3333 3334 1.0
3335 1287 1.0
1287 3335 1.0
3335 2311 1.0
2311 3335 1.0
3335 3079 1.0
3079 3335 1.0
3335 3331 1.0
3331 3335 1.0
3335 3333 1.0
3333 3335 1.0
3336 1288 1.0
1288 3336 1.0
3336 2312 1.0
2312 3336 1.0
3336 3080 2.0
3080 3336 2.0
3336 3332 1.0
3332 3336 1.0
3336 3334 1.0
3334 3336 1.0
3336 3335 1.0
3335 3336 1.0
3337 1289 1.0
1289 3337 1.0
3337 2313 1.0
2313 3337 1.0
3337 3081 1.0
3081 3337 1.0
3337 3329 1.0
3329 3337 1.0
3338 1290 1.0
1290 3338 1.0
3338 2314 1.0
2314 3338 1.0
3338 3082 1.0
3082 3338 1.0
3338 3330 1.0
3330 3338 1.0
3338 3337 1.0
3337 3338 1.0
3339 1291 1.0
1291 3339 1.0
3339 2315 1.0
2315 3339 1.0
3339 3083 1.0
3083 3339 1.0
3339 3331 1.0
3331 3339 1.0
3339 3337 1.0
3337 3339 1.0
3340 1292 1.0
1292 3340 1.0
3340 2316 1.0
2316 3340 1.0
3340 3084 1.0
3084 3340 1.0
3340 3332 1.0
3332 3340 1.0
3340 3338 1.0
3338 3340 1.0
3340 3339 1.0
3339 3340 1.0
3341 1293 1.0
1293 3341 1.0
3341 2317 1.0
2317 3341 1.0
3341 3085 1.0
3085 3341 1.0
3341 3333 1.0
3333 3341 1.0
3341 3337 1.0
3337 3341 1.0
3342 1294 2.0
1294 3342 2.0
3342 2318 2.0
2318 3342 2.0
3342 3086 2.0
3086 3342 2.0
3342 3334 2.0
3334 3342 2.0
3342 3338 2.0
3338 3342 2.0
3342 3341 2.0
3341 3342 2.0
3343 1295 1.0
1295 3343 1.0
3343 2319 1.0
2319 3343 1.0
3343 3087 1.0
3087 3343 1.0
3343 3335 1.0
3335 3343 1.0
3343 3339 1.0
3339 3343 1.0
3343 3341 1.0
3341 3343 1.0
3344 1296 2.0
1296 3344 2.0
3344 2320 2.0
2320 3344 2.0
3344 3088 2.0
3088 3344 2.0
3344 3336 2.0
3336 3344 2.0
3344 3340 2.0
3340 3344 2.0
3344 3342 3.0
3342 3344 3.0
3344 3343 2.0
3343 3344 2.0
3345 1297 1.0
1297 3345 1.0
3345 2321 1.0
2321 3345 1.0
3345 3089 1.0
3089 3345 1.0
3345 3329 1.0
3329 3345 1.0
3346 1298 2.0
1298 3346 2.0
3346 2322 2.0
2322 3346 2.0
3346 3090 3.0
3090 3346 3.0
3346 3330 2.0
3330 3346 2.0
3346 3345 2.0
3345 3346 2.0
3347 1299 1.0
1299 3347 1.0
3347 2323 1.0
2323 3347 1.0
3347 3091 1.0
3091 3347 1.0
3347 3331 1.0
3331 3347 1.0
3347 3345 1.0
3345 3347 1.0
3348 1300 2.0
1300 3348 2.0
3348 2324 2.0
2324 3348 2.0
3348 3092 2.0
3092 3348 2.0
3348 3332 2.0
3332 3348 2.0
3348 3346 3.0
3346 3348 3.0
3348 3347 2.0
3347 3348 2.0
3349 1301 2.0
1301 3349 2.0
3349 2325 2.0
2325 3349 2.0
3349 3093 2.0
3093 3349 2.0
3349 3333 2.0
3333 3349 2.0
3349 3345 2.0
3345 3349 2.0
3350 1302 1.0
1302 3350 1.0
3350 2326 1.0
2326 3350 1.0
3350 3094 1.0
3094 3350 1.0
3350 3334 1.0
3334 3350 1.0
3350 3346 2.0
3346 3350 2.0
3350 3349 2.0
3349 3350 2.0
3351 1303 1.0
1303 3351 1.0
3351 2327 1.0
2327 3351 1.0
3351 3095 1.0
3095 3351 1.0
3351 3335 1.0
3335 3351 1.0
3351 3347 1.0
3347 3351 1.0
3351 3349 2.0
3349 3351 2.0
3352 1304 2.0
1304 3352 2.0
3352 2328 1.0
2328 3352 1.0
3352 3096 1.0
3096 3352 1.0
3352 3336 1.0
3336 3352 1.0
3352 3348 2.0
3348 3352 2.0
3352 3350 1.0
3350 3352 1.0
3352 3351 1.0
3351 3352 1.0
3353 1305 1.0
1305 3353 1.0
3353 2329 1.0
2329 3353 1.0
3353 3097 1.0
3097 3353 1.0
3353 3337 1.0
3337 3353 1.0
3353 3345 1.0
3345 3353 1.0
3354 1306 1.0
1306 3354 1.0
3354 2330 2.0
2330 3354 2.0
3354 3098 1.0
3098 3354 1.0
3354 3338 1.0
3338 3354 1.0
3354 3346 2.0
3346 3354 2.0
3354 3353 1.0
3353 3354 1.0
3355 1307 1.0
1307 3355 1.0
3355 2331 1.0
2331 3355 1.0
3355 3099 1.0
3099 3355 1.0
3355 3339 1.0
3339 3355 1.0
3355 3347 1.0
3347 3355 1.0
3355 3353 1.0
3353 3355 1.0
3356 1308 1.0
1308 3356 1.0
3356 2332 1.0
2332 3356 1.0
3356 3100 1.0
3100 3356 1.0
3356 3340 1.0
3340 3356 1.0
3356 3348 2.0
3348 3356 2.0
3356 3354 1.0
3354 3356 1.0
3356 3355 1.0
3355 3356 1.0
3357 1309 1.0
1309 3357 1.0
3357 2333 1.0
2333 3357 1.0
3357 3101 2.0
3101 3357 2.0
3357 3341 1.0
3341 3357 1.0
3357 3349 2.0
3349 3357 2.0
3357 3353 1.0
3353 3357 1.0
3358 1310 2.0
1310 3358 2.0
3358 2334 1.0
2334 3358 1.0
3358 3102 1.0
3102 3358 1.0
3358 3342 2.0
3342 3358 2.0
3358 3350 1.0
3350 3358 1.0
3358 3354 1.0
3354 3358 1.0
3358 3357 1.0
3357 3358 1.0
3359 1311 2.0
1311 3359 2.0
3359 2335 1.0
2335 3359 1.0
3359 3103 1.0
3103 3359 1.0
3359 3343 1.0
3343 3359 1.0
3359 3351 1.0
3351 3359 1.0
3359 3355 1.0
3355 3359 1.0
3359 3357 1.0
3357 3359 1.0
3360 1312 1.0
1312 3360 1.0
3360 2336 1.0
2336 3360 1.0
3360 3104 1.0
3104 3360 1.0
3360 3344 2.0
3344 3360 2.0
3360 3352 1.0
3352 3360 1.0
3360 3356 1.0
3356 3360 1.0
3360 3358 1.0
3358 3360 1.0
3360 3359 1.0
3359 3360 1.0
3361 1313 1.0
1313 3361 1.0
3361 2337 1.0
2337 3361 1.0
3361 3105 1.0
3105 3361 1.0
3361 3329 1.0
3329 3361 1.0
3362 1314 1.0
1314 3362 1.0
3362 2338 1.0
2338 3362 1.0
3362 3106 1.0
3106 3362 1.0
3362 3330 1.0
3330 3362 1.0
3362 3361 1.0
3361 3362 1.0
3363 1315 1.0
1315 3363 1.0
3363 2339 1.0
2339 3363 1.0
3363 3107 1.0
3107 3363 1.0
3363 3331 1.0
3331 3363 1.0
3363 3361 1.0
3361 3363 1.0
3364 1316 2.0
1316 3364 2.0
3364 2340 2.0
2340 3364 2.0
3364 3108 1.0
3108 3364 1.0
3364 3332 1.0
3332 3364 1.0
3364 3362 1.0
3362 3364 1.0
3364 3363 1.0
3363 3364 1.0
3365 1317 1.0
1317 3365 1.0
3365 2341 1.0
2341 3365 1.0
3365 3109 1.0
3109 3365 1.0
3365 3333 1.0
3333 3365 1.0
3365 3361 1.0
3361 3365 1.0
3366 1318 2.0
1318 3366 2.0
3366 2342 1.0
2342 3366 1.0
3366 3110 1.0
3110 3366 1.0
3366 3334 1.0
3334 3366 1.0
3366 3362 1.0
3362 3366 1.0
3366 3365 1.0
3365 3366 1.0
3367 1319 1.0
1319 3367 1.0
3367 2343 2.0
2343 3367 2.0
3367 3111 1.0
3111 3367 1.0
3367 3335 1.0
3335 3367 1.0
3367 3363 1.0
3363 3367 1.0
3367 3365 1.0
3365 3367 1.0
3368 1320 1.0
1320 3368 1.0
3368 2344 1.0
2344 3368 1.0
3368 3112 1.0
3112 3368 1.0
3368 3336 1.0
3336 3368 1.0
3368 3364 1.0
3364 3368 1.0
3368 3366 1.0
3366 3368 1.0
3368 3367 1.0
3367 3368 1.0
3369 1321 2.0
1321 3369 2.0
3369 2345 2.0
2345 3369 2.0
3369 3113 2.0
3113 3369 2.0
3369 3337 2.0
3337 3369 2.0
3369 3361 2.0
3361 3369 2.0
3370 1322 1.0
1322 3370 1.0
3370 2346 1.0
2346 3370 1.0
3370 3114 2.0
3114 3370 2.0
3370 3338 1.0
3338 3370 1.0
3370 3362 1.0
3362 3370 1.0
3370 3369 2.0
3369 3370 2.0
3371 1323 2.0
1323 3371 2.0
3371 2347 2.0
2347 3371 2.0
3371 3115 2.0
3115 3371 2.0
3371 3339 2.0
3339 3371 2.0
3371 3363 2.0
3363 3371 2.0
3371 3369 3.0
3369 3371 3.0
3372 1324 1.0
1324 3372 1.0
3372 2348 1.0
2348 3372 1.0
3372 3116 1.0
3116 3372 1.0
3372 3340 1.0
3340 3372 1.0
3372 3364 1.0
3364 3372 1.0
3372 3370 1.0
3370 3372 1.0
3372 3371 2.0
3371 3372 2.0
3373 1325 1.0
1325 3373 1.0
3373 2349 2.0
2349 3373 2.0
3373 3117 1.0
3117 3373 1.0
3373 3341 1.0
3341 3373 1.0
3373 3365 1.0
3365 3373 1.0
3373 3369 2.0
3369 3373 2.0
3374 1326 1.0
1326 3374 1.0
3374 2350 1.0
2350 3374 1.0
3374 3118 1.0
3118 3374 1.0
3374 3342 2.0
3342 3374 2.0
3374 3366 1.0
3366 3374 1.0
3374 3370 1.0
3370 3374 1.0
3374 3373 1.0
3373 3374 1.0
3375 1327 1.0
1327 3375 1.0
3375 2351 1.0
2351 3375 1.0
3375 3119 1.0
3119 3375 1.0
3375 3343 1.0
3343 3375 1.0
3375 3367 1.0
3367 3375 1.0
3375 3371 2.0
3371 3375 2.0
3375 3373 1.0
3373 3375 1.0
3376 1328 1.0
1328 3376 1.0
3376 2352 1.0
2352 3376 1.0
3376 3120 1.0
3120 3376 1.0
3376 3344 2.0
3344 3376 2.0
3376 3368 1.0
3368 3376 1.0
3376 3372 1.0
3372 3376 1.0
3376 3374 1.0
3374 3376 1.0
3376 3375 1.0
3375 3376 1.0
3377 1329 2.0
1329 3377 2.0
3377 2353 1.0
2353 3377 1.0
3377 3121 1.0
3121 3377 1.0
3377 3345 1.0
3345 3377 1.0
3377 3361 1.0
3361 3377 1.0
3378 1330 1.0
1330 3378 1.0
3378 2354 2.0
2354 3378 2.0
3378 3122 1.0
3122 3378 1.0
3378 3346 2.0
3346 3378 2.0
3378 3362 1.0
3362 3378 1.0
3378 3377 1.0
3377 3378 1.0
3379 1331 1.0
1331 3379 1.0
3379 2355 1.0
2355 3379 1.0
3379 3123 2.0
3123 3379 2.0
3379 3347 1.0
3347 3379 1.0
3379 3363 1.0
3363 3379 1.0
3379 3377 1.0
3377 3379 1.0
3380 1332 1.0
1332 3380 1.0
3380 2356 1.0
2356 3380 1.0
3380 3124 1.0
3124 3380 1.0
3380 3348 2.0
3348 3380 2.0
3380 3364 1.0
3364 3380 1.0
3380 3378 1.0
3378 3380 1.0
3380 3379 1.0
3379 3380 1.0
3381 1333 1.0
1333 3381 1.0
3381 2357 1.0
2357 3381 1.0
3381 3125 1.0
3125 3381 1.0
3381 3349 2.0
3349 3381 2.0
3381 3365 1.0
3365 3381 1.0
3381 3377 1.0
3377 3381 1.0
3382 1334 1.0
1334 3382 1.0
3382 2358 1.0
2358 3382 1.0
3382 3126 1.0
3126 3382 1.0
3382 3350 1.0
3350 3382 1.0
3382 3366 1.0
3366 3382 1.0
3382 3378 1.0
3378 3382 1.0
3382 3381 1.0
3381 3382 1.0
3383 1335 1.0
1335 3383 1.0
3383 2359 1.0
2359 3383 1.0
3383 3127 1.0
3127 3383 1.0
3383 3351 1.0
3351 3383 1.0
3383 3367 1.0
3367 3383 1.0
3383 3379 1.0
3379 3383 1.0
3383 3381 1.0
3381 3383 1.0
3384 1336 1.0
1336 3384 1.0
3384 2360 1.0
2360 3384 1.0
3384 3128 1.0
3128 3384 1.0
3384 3352 1.0
3352 3384 1.0
3384 3368 1.0
3368 3384 1.0
3384 3380 1.0
3380 3384 1.0
3384 3382 1.0
3382 3384 1.0
3384 3383 1.0
3383 3384 1.0
3385 1337 1.0
1337 3385 1.0
3385 2361 1.0
2361 3385 1.0
3385 3129 1.0
3129 3385 1.0
3385 3353 1.0
3353 3385 1.0
3385 3369 2.0
3369 3385 2.0
3385 3377 1.0
3377 3385 1.0
3386 1338 2.0
1338 3386 2.0
3386 2362 1.0
2362 3386 1.0
3386 3130 1.0
3130 3386 1.0
3386 3354 1.0
3354 3386 1.0
3386 3370 1.0
3370 3386 1.0
3386 3378 1.0
3378 3386 1.0
3386 3385 1.0
3385 3386 1.0
3387 1339 1.0
1339 3387 1.0
3387 2363 2.0
2363 3387 2.0
3387 3131 1.0
3131 3387 1.0
3387 3355 1.0
3355 3387 1.0
3387 3371 2.0
3371 3387 2.0
3387 3379 1.0
3379 3387 1.0
3387 3385 1.0
3385 3387 1.0
3388 1340 1.0
1340 3388 1.0
3388 2364 1.0
2364 3388 1.0
3388 3132 1.0
3132 3388 1.0
3388 3356 1.0
3356 3388 1.0
3388 3372 1.0
3372 3388 1.0
3388 3380 1.0
3380 3388 1.0
3388 3386 1.0
3386 3388 1.0
3388 3387 1.0
3387 3388 1.0
3389 1341 1.0
1341 3389 1.0
3389 2365 1.0
2365 3389 1.0
3389 3133 1.0
3133 3389 1.0
3389 3357 1.0
3357 3389 1.0
3389 3373 1.0
3373 3389 1.0
3389 3381 1.0
3381 3389 1.0
3389 3385 1.0
3385 3389 1.0
3390 1342 1.0
1342 3390 1.0
3390 2366 1.0
2366 3390 1.0
3390 3134 1.0
3134 3390 1.0
3390 3358 1.0
3358 3390 1.0
3390 3374 1.0
3374 3390 1.0
3390 3382 1.0
3382 3390 1.0
3390 3386 1.0
3386 3390 1.0
3390 3389 1.0
3389 3390 1.0
3391 1343 2.0
1343 3391 2.0
3391 2367 1.0
2367 3391 1.0
3391 3135 1.0
3135 3391 1.0
3391 3359 1.0
3359 3391 1.0
3391 3375 1.0
3375 3391 1.0
3391 3383 1.0
3383 3391 1.0
3391 3387 1.0
3387 3391 1.0
3391 3389 1.0
3389 3391 1.0
3392 1344 1.0
1344 3392 1.0
3392 2368 2.0
2368 3392 2.0
3392 3136 2.0
3136 3392 2.0
3392 3360 1.0
3360 3392 1.0
3392 3376 1.0
3376 3392 1.0
3392 3384 1.0
3384 3392 1.0
3392 3388 1.0
3388 3392 1.0
3392 3390 1.0
3390 3392 1.0
3392 3391 1.0
3391 3392 1.0
3393 1345 2.0
1345 3393 2.0
3393 2369 1.0
2369 3393 1.0
3393 3137 1.0
3137 3393 1.0
3393 3329 1.0
3329 3393 1.0
3394 1346 1.0
1346 3394 1.0
3394 2370 1.0
2370 3394 1.0
3394 3138 1.0
3138 3394 1.0
3394 3330 1.0
3330 3394 1.0
3394 3393 1.0
3393 3394 1.0
3395 1347 2.0
1347 3395 2.0
3395 2371 1.0
2371 3395 1.0
3395 3139 1.0
3139 3395 1.0
3395 3331 1.0
3331 3395 1.0
3395 3393 1.0
3393 3395 1.0
3396 1348 1.0
1348 3396 1.0
3396 2372 1.0
2372 3396 1.0
3396 3140 1.0
3140 3396 1.0
3396 3332 1.0
3332 3396 1.0
3396 3394 1.0
3394 3396 1.0
3396 3395 1.0
3395 3396 1.0
3397 1349 2.0
1349 3397 2.0
3397 2373 2.0
2373 3397 2.0
3397 3141 3.0
3141 3397 3.0
3397 3333 2.0
3333 3397 2.0
3397 3393 2.0
3393 3397 2.0
3398 1350 1.0
1350 3398 1.0
3398 2374 1.0
2374 3398 1.0
3398 3142 1.0
3142 3398 1.0
3398 3334 1.0
3334 3398 1.0
3398 3394 1.0
3394 3398 1.0
3398 3397 2.0
3397 3398 2.0
3399 1351 2.0
1351 3399 2.0
3399 2375 2.0
2375 3399 2.0
3399 3143 2.0
3143 3399 2.0
3399 3335 2.0
3335 3399 2.0
3399 3395 2.0
3395 3399 2.0
3399 3397 3.0
3397 3399 3.0
3400 1352 1.0
1352 3400 1.0
3400 2376 1.0
2376 3400 1.0
3400 3144 1.0
3144 3400 1.0
3400 3336 1.0
3336 3400 1.0
3400 3396 1.0
3396 3400 1.0
3400 3398 1.0
3398 3400 1.0
3400 3399 2.0
3399 3400 2.0
3401 1353 1.0
1353 3401 1.0
3401 2377 1.0
2377 3401 1.0
3401 3145 1.0
3145 3401 1.0
3401 3337 1.0
3337 3401 1.0
3401 3393 1.0
3393 3401 1.0
3402 1354 2.0
1354 3402 2.0
3402 2378 2.0
2378 3402 2.0
3402 3146 2.0
3146 3402 2.0
3402 3338 2.0
3338 3402 2.0
3402 3394 2.0
3394 3402 2.0
3402 3401 2.0
3401 3402 2.0
3403 1355 1.0
1355 3403 1.0
3403 2379 2.0
2379 3403 2.0
3403 3147 1.0
3147 3403 1.0
3403 3339 1.0
3339 3403 1.0
3403 3395 1.0
3395 3403 1.0
3403 3401 1.0
3401 3403 1.0
3404 1356 1.0
1356 3404 1.0
3404 2380 2.0
2380 3404 2.0
3404 3148 2.0
3148 3404 2.0
3404 3340 1.0
3340 3404 1.0
3404 3396 1.0
3396 3404 1.0
3404 3402 2.0
3402 3404 2.0
3404 3403 1.0
3403 3404 1.0
3405 1357 1.0
1357 3405 1.0
3405 2381 1.0
2381 3405 1.0
3405 3149 1.0
3149 3405 1.0
3405 3341 1.0
3341 3405 1.0
3405 3397 2.0
3397 3405 2.0
3405 3401 1.0
3401 3405 1.0
3406 1358 1.0
1358 3406 1.0
3406 2382 1.0
2382 3406 1.0
3406 3150 1.0
3150 3406 1.0
3406 3342 2.0
3342 3406 2.0
3406 3398 1.0
3398 3406 1.0
3406 3402 2.0
3402 3406 2.0
3406 3405 1.0
3405 3406 1.0
3407 1359 1.0
1359 3407 1.0
3407 2383 1.0
2383 3407 1.0
3407 3151 1.0
3151 3407 1.0
3407 3343 1.0
3343 3407 1.0
3407 3399 2.0
3399 3407 2.0
3407 3403 1.0
3403 3407 1.0
3407 3405 1.0
3405 3407 1.0
3408 1360 1.0
1360 3408 1.0
3408 2384 1.0
2384 3408 1.0
3408 3152 1.0
3152 3408 1.0
3408 3344 2.0
3344 3408 2.0
3408 3400 1.0
3400 3408 1.0
3408 3404 1.0
3404 3408 1.0
3408 3406 1.0
3406 3408 1.0
3408 3407 1.0
3407 3408 1.0
3409 1361 1.0
1361 3409 1.0
3409 2385 1.0
2385 3409 1.0
3409 3153 1.0
3153 3409 1.0
3409 3345 1.0
3345 3409 1.0
3409 3393 1.0
3393 3409 1.0
3410 1362 1.0
1362 3410 1.0
3410 2386 1.0
2386 3410 1.0
3410 3154 1.0
3154 3410 1.0
3410 3346 2.0
3346 3410 2.0
3410 3394 1.0
3394 3410 1.0
3410 3409 1.0
3409 3410 1.0
3411 1363 1.0
1363 3411 1.0
3411 2387 1.0
2387 3411 1.0
3411 3155 1.0
3155 3411 1.0
3411 3347 1.0
3347 3411 1.0
3411 3395 1.0
3395 3411 1.0
3411 3409 1.0
3409 3411 1.0
3412 1364 1.0
1364 3412 1.0
3412 2388 1.0
2388 3412 1.0
3412 3156 1.0
3156 3412 1.0
3412 3348 2.0
3348 3412 2.0
3412 3396 1.0
3396 3412 1.0
3412 3410 1.0
3410 3412 1.0
3412 3411 1.0
3411 3412 1.0
3413 1365 1.0
1365 3413 1.0
3413 2389 1.0
2389 3413 1.0
3413 3157 1.0
3157 3413 1.0
3413 3349 2.0
3349 3413 2.0
3413 3397 2.0
3397 3413 2.0
3413 3409 1.0
3409 3413 1.0
3414 1366 1.0
1366 3414 1.0
3414 2390 1.0
2390 3414 1.0
3414 3158 1.0
3158 3414 1.0
3414 3350 1.0
3350 3414 1.0
3414 3398 1.0
3398 3414 1.0
3414 3410 1.0
3410 3414 1.0
3414 3413 1.0
3413 3414 1.0
3415 1367 1.0
1367 3415 1.0
3415 2391 1.0
2391 3415 1.0
3415 3159 1.0
3159 3415 1.0
3415 3351 1.0
3351 3415 1.0
3415 3399 2.0
3399 3415 2.0
3415 3411 1.0
3411 3415 1.0
3415 3413 1.0
3413 3415 1.0
3416 1368 1.0
1368 3416 1.0
3416 2392 1.0
2392 3416 1.0
3416 3160 1.0
3160 3416 1.0
3416 3352 1.0
3352 3416 1.0
3416 3400 1.0
3400 3416 1.0
3416 3412 1.0
3412 3416 1.0
3416 3414 1.0
3414 3416 1.0
3416 3415 1.0
3415 3416 1.0
3417 1369 2.0
1369 3417 2.0
3417 2393 1.0
2393 3417 1.0
3417 3161 1.0
3161 3417 1.0
3417 3353 1.0
3353 3417 1.0
3417 3401 1.0
3401 3417 1.0
3417 3409 1.0
3409 3417 1.0
3418 1370 1.0
1370 3418 1.0
3418 2394 1.0
2394 3418 1.0
3418 3162 1.0
3162 3418 1.0
3418 3354 1.0
3354 3418 1.0
3418 3402 2.0
3402 3418 2.0
3418 3410 1.0
3410 3418 1.0
3418 3417 1.0
3417 3418 1.0
3419 1371 1.0
1371 3419 1.0
3419 2395 1.0
2395 3419 1.0
3419 3163 2.0
3163 3419 2.0
3419 3355 1.0
3355 3419 1.0
3419 3403 1.0
3403 3419 1.0
3419 3411 1.0
3411 3419 1.0
3419 3417 1.0
3417 3419 1.0
3420 1372 1.0
1372 3420 1.0
3420 2396 1.0
2396 3420 1.0
3420 3164 2.0
3164 3420 2.0
3420 3356 1.0
3356 3420 1.0
3420 3404 1.0
3404 3420 1.0
3420 3412 1.0
3412 3420 1.0
3420 3418 1.0
3418 3420 1.0
3420 3419 1.0
3419 3420 1.0
3421 1373 1.0
1373 3421 1.0
3421 2397 2.0
2397 3421 2.0
3421 3165 1.0
3165 3421 1.0
3421 3357 1.0
3357 3421 1.0
3421 3405 1.0
3405 3421 1.0
3421 3413 1.0
3413 3421 1.0
3421 3417 1.0
3417 3421 1.0
3422 1374 1.0
1374 3422 1.0
3422 2398 2.0
2398 3422 2.0
3422 3166 1.0
3166 3422 1.0
3422 3358 1.0
3358 3422 1.0
3422 3406 1.0
3406 3422 1.0
3422 3414 1.0
3414 3422 1.0
3422 3418 1.0
3418 3422 1.0
3422 3421 1.0
3421 3422 1.0
3423 1375 1.0
1375 3423 1.0
3423 2399 1.0
2399 3423 1.0
3423 3167 1.0
3167 3423 1.0
3423 3359 1.0
3359 3423 1.0
3423 3407 1.0
3407 3423 1.0
3423 3415 1.0
3415 3423 1.0
3423 3419 1.0
3419 3423 1.0
3423 3421 1.0
3421 3423 1.0
3424 1376 2.0
1376 3424 2.0
3424 2400 2.0
2400 3424 2.0
3424 3168 2.0
3168 3424 2.0
3424 3360 2.0
3360 3424 2.0
3424 3408 2.0
3408 3424 2.0
3424 3416 2.0
3416 3424 2.0
3424 3420 2.0
3420 3424 2.0
3424 3422 2.0
3422 3424 2.0
3424 3423 2.0
3423 3424 2.0
3425 1377 1.0
1377 3425 1.0
3425 2401 1.0
2401 3425 1.0
3425 3169 2.0
3169 3425 2.0
3425 3361 1.0
3361 3425 1.0
3425 3393 1.0
3393 3425 1.0
3426 1378 1.0
1378 3426 1.0
3426 2402 1.0
2402 3426 1.0
3426 3170 1.0
3170 3426 1.0
3426 3362 1.0
3362 3426 1.0
3426 3394 1.0
3394 3426 1.0
3426 3425 1.0
3425 3426 1.0
3427 1379 2.0
1379 3427 2.0
3427 2403 2.0
2403 3427 2.0
3427 3171 2.0
3171 3427 2.0
3427 3363 2.0
3363 3427 2.0
3427 3395 2.0
3395 3427 2.0
3427 3425 2.0
3425 3427 2.0
3428 1380 1.0
1380 3428 1.0
3428 2404 1.0
2404 3428 1.0
3428 3172 1.0
3172 3428 1.0
3428 3364 1.0
3364 3428 1.0
3428 3396 1.0
3396 3428 1.0
3428 3426 1.0
3426 3428 1.0
3428 3427 2.0
3427 3428 2.0
3429 1381 1.0
1381 3429 1.0
3429 2405 1.0
2405 3429 1.0
3429 3173 1.0
3173 3429 1.0
3429 3365 1.0
3365 3429 1.0
3429 3397 2.0
3397 3429 2.0
3429 3425 1.0
3425 3429 1.0
3430 1382 1.0
1382 3430 1.0
3430 2406 2.0
2406 3430 2.0
3430 3174 1.0
3174 3430 1.0
3430 3366 1.0
3366 3430 1.0
3430 3398 1.0
3398 3430 1.0
3430 3426 1.0
3426 3430 1.0
3430 3429 1.0
3429 3430 1.0
3431 1383 1.0
1383 3431 1.0
3431 2407 1.0
2407 3431 1.0
3431 3175 1.0
3175 3431 1.0
3431 3367 1.0
3367 3431 1.0
3431 3399 2.0
3399 3431 2.0
3431 3427 2.0
3427 3431 2.0
3431 3429 1.0
3429 3431 1.0
3432 1384 1.0
1384 3432 1.0
3432 2408 1.0
2408 3432 1.0
3432 3176 1.0
3176 3432 1.0
3432 3368 1.0
3368 3432 1.0
3432 3400 1.0
3400 3432 1.0
3432 3428 1.0
3428 3432 1.0
3432 3430 1.0
3430 3432 1.0
3432 3431 1.0
3431 3432 1.0
3433 1385 1.0
1385 3433 1.0
3433 2409 1.0
2409 3433 1.0
3433 3177 1.0
3177 3433 1.0
3433 3369 2.0
3369 3433 2.0
3433 3401 1.0
3401 3433 1.0
3433 3425 1.0
3425 3433 1.0
3434 1386 1.0
1386 3434 1.0
3434 2410 1.0
2410 3434 1.0
3434 3178 1.0
3178 3434 1.0
3434 3370 1.0
3370 3434 1.0
3434 3402 2.0
3402 3434 2.0
3434 3426 1.0
3426 3434 1.0
3434 3433 1.0
3433 3434 1.0
3435 1387 1.0
1387 3435 1.0
3435 2411 1.0
2411 3435 1.0
3435 3179 1.0
3179 3435 1.0
3435 3371 2.0
3371 3435 2.0
3435 3403 1.0
3403 3435 1.0
3435 3427 2.0
3427 3435 2.0
3435 3433 1.0
3433 3435 1.0
3436 1388 1.0
1388 3436 1.0
3436 2412 1.0
2412 3436 1.0
3436 3180 1.0
3180 3436 1.0
3436 3372 1.0
3372 3436 1.0
3436 3404 1.0
3404 3436 1.0
3436 3428 1.0
3428 3436 1.0
3436 3434 1.0
3434 3436 1.0
3436 3435 1.0
3435 3436 1.0
3437 1389 2.0
1389 3437 2.0
3437 2413 1.0
2413 3437 1.0
3437 3181 1.0
3181 3437 1.0
3437 3373 1.0
3373 3437 1.0
3437 3405 1.0
3405 3437 1.0
3437 3429 1.0
3429 3437 1.0
3437 3433 1.0
3433 3437 1.0
3438 1390 1.0
1390 3438 1.0
3438 2414 1.0
2414 3438 1.0
3438 3182 1.0
3182 3438 1.0
3438 3374 1.0
3374 3438 1.0
3438 3406 1.0
3406 3438 1.0
3438 3430 1.0
3430 3438 1.0
3438 3434 1.0
3434 3438 1.0
3438 3437 1.0
3437 3438 1.0
3439 1391 1.0
1391 3439 1.0
3439 2415 1.0
2415 3439 1.0
3439 3183 1.0
3183 3439 1.0
3439 3375 1.0
3375 3439 1.0
3439 3407 1.0
3407 3439 1.0
3439 3431 1.0
3431 3439 1.0
3439 3435 1.0
3435 3439 1.0
3439 3437 1.0
3437 3439 1.0
3440 1392 3.0
1392 3440 3.0
3440 2416 2.0
2416 3440 2.0
3440 3184 2.0
3184 3440 2.0
3440 3376 2.0
3376 3440 2.0
3440 3408 2.0
3408 3440 2.0
3440 3432 2.0
3432 3440 2.0
3440 3436 2.0
3436 3440 2.0
3440 3438 2.0
3438 3440 2.0
3440 3439 2.0
3439 3440 2.0
3441 1393 1.0
1393 3441 1.0
3441 2417 1.0
2417 3441 1.0
3441 3185 1.0
3185 3441 1.0
3441 3377 1.0
3377 3441 1.0
3441 3409 1.0
3409 3441 1.0
3441 3425 1.0
3425 3441 1.0
3442 1394 1.0
1394 3442 1.0
3442 2418 1.0
2418 3442 1.0
3442 3186 1.0
3186 3442 1.0
3442 3378 1.0
3378 3442 1.0
3442 3410 1.0
3410 3442 1.0
3442 3426 1.0
3426 3442 1.0
3442 3441 1.0
3441 3442 1.0
3443 1395 1.0
1395 3443 1.0
3443 2419 1.0
2419 3443 1.0
3443 3187 1.0
3187 3443 1.0
3443 3379 1.0
3379 3443 1.0
3443 3411 1.0
3411 3443 1.0
3443 3427 2.0
3427 3443 2.0
3443 3441 1.0
3441 3443 1.0
3444 1396 1.0
1396 3444 1.0
3444 2420 2.0
2420 3444 2.0
3444 3188 1.0
3188 3444 1.0
3444 3380 1.0
3380 3444 1.0
3444 3412 1.0
3412 3444 1.0
3444 3428 1.0
3428 3444 1.0
3444 3442 1.0
3442 3444 1.0
3444 3443 1.0
3443 3444 1.0
3445 1397 1.0
1397 3445 1.0
3445 2421 1.0
2421 3445 1.0
3445 3189 1.0
3189 3445 1.0
3445 3381 1.0
3381 3445 1.0
3445 3413 1.0
3413 3445 1.0
3445 3429 1.0
3429 3445 1.0
3445 3441 1.0
3441 3445 1.0
3446 1398 2.0
1398 3446 2.0
3446 2422 2.0
2422 3446 2.0
3446 3190 2.0
3190 3446 2.0
3446 3382 2.0
3382 3446 2.0
3446 3414 2.0
3414 3446 2.0
3446 3430 2.0
3430 3446 2.0
3446 3442 2.0
3442 3446 2.0
3446 3445 2.0
3445 3446 2.0
3447 1399 2.0
1399 3447 2.0
3447 2423 1.0
2423 3447 1.0
3447 3191 1.0
3191 3447 1.0
3447 3383 1.0
3383 3447 1.0
3447 3415 1.0
3415 3447 1.0
3447 3431 1.0
3431 3447 1.0
3447 3443 1.0
3443 3447 1.0
3447 3445 1.0
3445 3447 1.0
3448 1400 1.0
1400 3448 1.0
3448 2424 1.0
2424 3448 1.0
3448 3192 2.0
3192 3448 2.0
3448 3384 1.0
3384 3448 1.0
3448 3416 1.0
3416 3448 1.0
3448 3432 1.0
3432 3448 1.0
3448 3444 1.0
3444 3448 1.0
3448 3446 2.0
3446 3448 2.0
3448 3447 1.0
3447 3448 1.0
3449 1401 1.0
1401 3449 1.0
3449 2425 1.0
2425 3449 1.0
3449 3193 1.0
3193 3449 1.0
3449 3385 1.0
3385 3449 1.0
3449 3417 1.0
3417 3449 1.0
3449 3433 1.0
3433 3449 1.0
3449 3441 1.0
3441 3449 1.0
3450 1402 2.0
1402 3450 2.0
3450 2426 1.0
2426 3450 1.0
3450 3194 1.0
3194 3450 1.0
3450 3386 1.0
3386 3450 1.0
3450 3418 1.0
3418 3450 1.0
3450 3434 1.0
3434 3450 1.0
3450 3442 1.0
3442 3450 1.0
3450 3449 1.0
3449 3450 1.0
3451 1403 1.0
1403 3451 1.0
3451 2427 1.0
2427 3451 1.0
3451 3195 1.0
3195 3451 1.0
3451 3387 1.0
3387 3451 1.0
3451 3419 1.0
3419 3451 1.0
3451 3435 1.0
3435 3451 1.0
3451 3443 1.0
3443 3451 1.0
3451 3449 1.0
3449 3451 1.0
3452 1404 2.0
1404 3452 2.0
3452 2428 1.0
2428 3452 1.0
3452 3196 1.0
3196 3452 1.0
3452 3388 1.0
3388 3452 1.0
3452 3420 1.0
3420 3452 1.0
3452 3436 1.0
3436 3452 1.0
3452 3444 1.0
3444 3452 1.0
3452 3450 1.0
3450 3452 1.0
3452 3451 1.0
3451 3452 1.0
3453 1405 1.0
1405 3453 1.0
3453 2429 1.0
2429 3453 1.0
3453 3197 2.0
3197 3453 2.0
3453 3389 1.0
3389 3453 1.0
3453 3421 1.0
3421 3453 1.0
3453 3437 1.0
3437 3453 1.0
3453 3445 1.0
3445 3453 1.0
3453 3449 1.0
3449 3453 1.0
3454 1406 1.0
1406 3454 1.0
3454 2430 1.0
2430 3454 1.0
3454 3198 1.0
3198 3454 1.0
3454 3390 1.0
3390 3454 1.0
3454 3422 1.0
3422 3454 1.0
3454 3438 1.0
3438 3454 1.0
3454 3446 2.0
3446 3454 2.0
3454 3450 1.0
3450 3454 1.0
3454 3453 1.0
3453 3454 1.0
3455 1407 1.0
1407 3455 1.0
3455 2431 1.0
2431 3455 1.0
3455 3199 1.0
3199 3455 1.0
3455 3391 1.0
3391 3455 1.0
3455 3423 1.0
3423 3455 1.0
3455 3439 1.0
3439 3455 1.0
3455 3447 1.0
3447 3455 1.0
3455 3451 1.0
3451 3455 1.0
3455 3453 1.0
3453 3455 1.0
3456 1408 1.0
1408 3456 1.0
3456 2432 2.0
2432 3456 2.0
3456 3200 1.0
3200 3456 1.0
3456 3392 1.0
3392 3456 1.0
3456 3424 2.0
3424 3456 2.0
3456 3440 2.0
3440 3456 2.0
3456 3448 1.0
3448 3456 1.0
3456 3452 1.0
3452 3456 1.0
3456 3454 1.0
3454 3456 1.0
3456 3455 1.0
3455 3456 1.0
3457 1409 1.0
1409 3457 1.0
3457 2433 1.0
2433 3457 1.0
3457 3201 1.0
3201 3457 1.0
3457 3329 1.0
3329 3457 1.0
3458 1410 2.0
1410 3458 2.0
3458 2434 1.0
2434 3458 1.0
3458 3202 1.0
3202 3458 1.0
3458 3330 1.0
3330 3458 1.0
3458 3457 1.0
3457 3458 1.0
3459 1411 1.0
1411 3459 1.0
3459 2435 1.0
2435 3459 1.0
3459 3203 1.0
3203 3459 1.0
3459 3331 1.0
3331 3459 1.0
3459 3457 1.0
3457 3459 1.0
3460 1412 1.0
1412 3460 1.0
3460 2436 1.0
2436 3460 1.0
3460 3204 1.0
3204 3460 1.0
3460 3332 1.0
3332 3460 1.0
3460 3458 1.0
3458 3460 1.0
3460 3459 1.0
3459 3460 1.0
3461 1413 1.0
1413 3461 1.0
3461 2437 1.0
2437 3461 1.0
3461 3205 1.0
3205 3461 1.0
3461 3333 1.0
3333 3461 1.0
3461 3457 1.0
3457 3461 1.0
3462 1414 1.0
1414 3462 1.0
3462 2438 1.0
2438 3462 1.0
3462 3206 2.0
3206 3462 2.0
3462 3334 1.0
3334 3462 1.0
3462 3458 1.0
3458 3462 1.0
3462 3461 1.0
3461 3462 1.0
3463 1415 2.0
1415 3463 2.0
3463 2439 1.0
2439 3463 1.0
3463 3207 1.0
3207 3463 1.0
3463 3335 1.0
3335 3463 1.0
3463 3459 1.0
3459 3463 1.0
3463 3461 1.0
3461 3463 1.0
3464 1416 1.0
1416 3464 1.0
3464 2440 2.0
2440 3464 2.0
3464 3208 1.0
3208 3464 1.0
3464 3336 1.0
3336 3464 1.0
3464 3460 1.0
3460 3464 1.0
3464 3462 1.0
3462 3464 1.0
3464 3463 1.0
3463 3464 1.0
3465 1417 2.0
1417 3465 2.0
3465 2441 2.0
2441 3465 2.0
3465 3209 2.0
3209 3465 2.0
3465 3337 2.0
3337 3465 2.0
3465 3457 2.0
3457 3465 2.0
3466 1418 1.0
1418 3466 1.0
3466 2442 1.0
2442 3466 1.0
3466 3210 1.0
3210 3466 1.0
3466 3338 1.0
3338 3466 1.0
3466 3458 1.0
3458 3466 1.0
3466 3465 2.0
3465 3466 2.0
3467 1419 2.0
1419 3467 2.0
3467 2443 1.0
2443 3467 1.0
3467 3211 1.0
3211 3467 1.0
3467 3339 1.0
3339 3467 1.0
3467 3459 1.0
3459 3467 1.0
3467 3465 2.0
3465 3467 2.0
3468 1420 1.0
1420 3468 1.0
3468 2444 1.0
2444 3468 1.0
3468 3212 2.0
3212 3468 2.0
3468 3340 1.0
3340 3468 1.0
3468 3460 1.0
3460 3468 1.0
3468 3466 1.0
3466 3468 1.0
3468 3467 1.0
3467 3468 1.0
3469 1421 2.0
1421 3469 2.0
3469 2445 2.0
2445 3469 2.0
3469 3213 2.0
3213 3469 2.0
3469 3341 2.0
3341 3469 2.0
3469 3461 2.0
3461 3469 2.0
3469 3465 3.0
3465 3469 3.0
3470 1422 1.0
1422 3470 1.0
3470 2446 1.0
2446 3470 1.0
3470 3214 1.0
3214 3470 1.0
3470 3342 2.0
3342 3470 2.0
3470 3462 1.0
3462 3470 1.0
3470 3466 1.0
3466 3470 1.0
3470 3469 2.0
3469 3470 2.0
3471 1423 1.0
1423 3471 1.0
3471 2447 1.0
2447 3471 1.0
3471 3215 2.0
3215 3471 2.0
3471 3343 1.0
3343 3471 1.0
3471 3463 1.0
3463 3471 1.0
3471 3467 1.0
3467 3471 1.0
3471 3469 2.0
3469 3471 2.0
3472 1424 1.0
1424 3472 1.0
3472 2448 1.0
2448 3472 1.0
3472 3216 1.0
3216 3472 1.0
3472 3344 2.0
3344 3472 2.0
3472 3464 1.0
3464 3472 1.0
3472 3468 1.0
3468 3472 1.0
3472 3470 1.0
3470 3472 1.0
3472 3471 1.0
3471 3472 1.0
3473 1425 1.0
1425 3473 1.0
3473 2449 1.0
2449 3473 1.0
3473 3217 1.0
3217 3473 1.0
3473 3345 1.0
3345 3473 1.0
3473 3457 1.0
3457 3473 1.0
3474 1426 1.0
1426 3474 1.0
3474 2450 2.0
2450 3474 2.0
3474 3218 1.0
3218 3474 1.0
3474 3346 2.0
3346 3474 2.0
3474 3458 1.0
3458 3474 1.0
3474 3473 1.0
3473 3474 1.0
3475 1427 1.0
1427 3475 1.0
3475 2451 1.0
2451 3475 1.0
3475 3219 1.0
3219 3475 1.0
3475 3347 1.0
3347 3475 1.0
3475 3459 1.0
3459 3475 1.0
3475 3473 1.0
3473 3475 1.0
3476 1428 1.0
1428 3476 1.0
3476 2452 1.0
2452 3476 1.0
3476 3220 1.0
3220 3476 1.0
3476 3348 2.0
3348 3476 2.0
3476 3460 1.0
3460 3476 1.0
3476 3474 1.0
3474 3476 1.0
3476 3475 1.0
3475 3476 1.0
3477 1429 1.0
1429 3477 1.0
3477 2453 1.0
2453 3477 1.0
3477 3221 1.0
3221 3477 1.0
3477 3349 2.0
3349 3477 2.0
3477 3461 1.0
3461 3477 1.0
3477 3473 1.0
3473 3477 1.0
3478 1430 1.0
1430 3478 1.0
3478 2454 1.0
2454 3478 1.0
3478 3222 1.0
3222 3478 1.0
3478 3350 1.0
3350 3478 1.0
3478 3462 1.0
3462 3478 1.0
3478 3474 1.0
3474 3478 1.0
3478 3477 1.0
3477 3478 1.0
3479 1431 1.0
1431 3479 1.0
3479 2455 1.0
2455 3479 1.0
3479 3223 1.0
3223 3479 1.0
3479 3351 1.0
3351 3479 1.0
3479 3463 1.0
3463 3479 1.0
3479 3475 1.0
3475 3479 1.0
3479 3477 1.0
3477 3479 1.0
3480 1432 1.0
1432 3480 1.0
3480 2456 1.0
2456 3480 1.0
3480 3224 2.0
3224 3480 2.0
3480 3352 1.0
3352 3480 1.0
3480 3464 1.0
3464 3480 1.0
3480 3476 1.0
3476 3480 1.0
3480 3478 1.0
3478 3480 1.0
3480 3479 1.0
3479 3480 1.0
3481 1433 1.0
1433 3481 1.0
3481 2457 1.0
2457 3481 1.0
3481 3225 1.0
3225 3481 1.0
3481 3353 1.0
3353 3481 1.0
3481 3465 2.0
3465 3481 2.0
3481 3473 1.0
3473 3481 1.0
3482 1434 1.0
1434 3482 1.0
3482 2458 1.0
2458 3482 1.0
3482 3226 1.0
3226 3482 1.0
3482 3354 1.0
3354 3482 1.0
3482 3466 1.0
3466 3482 1.0
3482 3474 1.0
3474 3482 1.0
3482 3481 1.0
3481 3482 1.0
3483 1435 2.0
1435 3483 2.0
3483 2459 1.0
2459 3483 1.0
3483 3227 1.0
3227 3483 1.0
3483 3355 1.0
3355 3483 1.0
3483 3467 1.0
3467 3483 1.0
3483 3475 1.0
3475 3483 1.0
3483 3481 1.0
3481 3483 1.0
3484 1436 1.0
1436 3484 1.0
3484 2460 1.0
2460 3484 1.0
3484 3228 1.0
3228 3484 1.0
3484 3356 1.0
3356 3484 1.0
3484 3468 1.0
3468 3484 1.0
3484 3476 1.0
3476 3484 1.0
3484 3482 1.0
3482 3484 1.0
3484 3483 1.0
3483 3484 1.0
3485 1437 1.0
1437 3485 1.0
3485 2461 1.0
2461 3485 1.0
3485 3229 1.0
3229 3485 1.0
3485 3357 1.0
3357 3485 1.0
3485 3469 2.0
3469 3485 2.0
3485 3477 1.0
3477 3485 1.0
3485 3481 1.0
3481 3485 1.0
3486 1438 1.0
1438 3486 1.0
3486 2462 1.0
2462 3486 1.0
3486 3230 1.0
3230 3486 1.0
3486 3358 1.0
3358 3486 1.0
3486 3470 1.0
3470 3486 1.0
3486 3478 1.0
3478 3486 1.0
3486 3482 1.0
3482 3486 1.0
3486 3485 1.0
3485 3486 1.0
3487 1439 1.0
1439 3487 1.0
3487 2463 2.0
2463 3487 2.0
3487 3231 1.0
3231 3487 1.0
3487 3359 1.0
3359 3487 1.0
3487 3471 1.0
3471 3487 1.0
3487 3479 1.0
3479 3487 1.0
3487 3483 1.0
3483 3487 1.0
3487 3485 1.0
3485 3487 1.0
3488 1440 1.0
1440 3488 1.0
3488 2464 1.0
2464 3488 1.0
3488 3232 2.0
3232 3488 2.0
3488 3360 1.0
3360 3488 1.0
3488 3472 1.0
3472 3488 1.0
3488 3480 1.0
3480 3488 1.0
3488 3484 1.0
3484 3488 1.0
3488 3486 1.0
3486 3488 1.0
3488 3487 1.0
3487 3488 1.0
3489 1441 1.0
1441 3489 1.0
3489 2465 1.0
2465 3489 1.0
3489 3233 1.0
3233 3489 1.0
3489 3361 1.0
3361 3489 1.0
3489 3457 1.0
3457 3489 1.0
3490 1442 1.0
1442 3490 1.0
3490 2466 1.0
2466 3490 1.0
3490 3234 1.0
3234 3490 1.0
3490 3362 1.0
3362 3490 1.0
3490 3458 1.0
3458 3490 1.0
3490 3489 1.0
3489 3490 1.0
3491 1443 1.0
1443 3491 1.0
3491 2467 2.0
2467 3491 2.0
3491 3235 1.0
3235 3491 1.0
3491 3363 1.0
3363 3491 1.0
3491 3459 1.0
3459 3491 1.0
3491 3489 1.0
3489 3491 1.0
3492 1444 1.0
1444 3492 1.0
3492 2468 1.0
2468 3492 1.0
3492 3236 2.0
3236 3492 2.0
3492 3364 1.0
3364 3492 1.0
3492 3460 1.0
3460 3492 1.0
3492 3490 1.0
3490 3492 1.0
3492 3491 1.0
3491 3492 1.0
3493 1445 2.0
1445 3493 2.0
3493 2469 2.0
2469 3493 2.0
3493 3237 3.0
3237 3493 3.0
3493 3365 2.0
3365 3493 2.0
3493 3461 2.0
3461 3493 2.0
3493 3489 2.0
3489 3493 2.0
3494 1446 1.0
1446 3494 1.0
3494 2470 1.0
2470 3494 1.0
3494 3238 1.0
3238 3494 1.0
3494 3366 1.0
3366 3494 1.0
3494 3462 1.0
3462 3494 1.0
3494 3490 1.0
3490 3494 1.0
3494 3493 2.0
3493 3494 2.0
3495 1447 1.0
1447 3495 1.0
3495 2471 1.0
2471 3495 1.0
3495 3239 1.0
3239 3495 1.0
3495 3367 1.0
3367 3495 1.0
3495 3463 1.0
3463 3495 1.0
3495 3491 1.0
3491 3495 1.0
3495 3493 2.0
3493 3495 2.0
3496 1448 2.0
1448 3496 2.0
3496 2472 2.0
2472 3496 2.0
3496 3240 2.0
3240 3496 2.0
3496 3368 2.0
3368 3496 2.0
3496 3464 2.0
3464 3496 2.0
3496 3492 2.0
3492 3496 2.0
3496 3494 2.0
3494 3496 2.0
3496 3495 2.0
3495 3496 2.0
3497 1449 1.0
1449 3497 1.0
3497 2473 1.0
2473 3497 1.0
3497 3241 1.0
3241 3497 1.0
3497 3369 2.0
3369 3497 2.0
3497 3465 2.0
3465 3497 2.0
3497 3489 1.0
3489 3497 1.0
3498 1450 1.0
1450 3498 1.0
3498 2474 2.0
2474 3498 2.0
3498 3242 1.0
3242 3498 1.0
3498 3370 1.0
3370 3498 1.0
3498 3466 1.0
3466 3498 1.0
3498 3490 1.0
3490 3498 1.0
3498 3497 1.0
3497 3498 1.0
3499 1451 1.0
1451 3499 1.0
3499 2475 1.0
2475 3499 1.0
3499 3243 1.0
3243 3499 1.0
3499 3371 2.0
3371 3499 2.0
3499 3467 1.0
3467 3499 1.0
3499 3491 1.0
3491 3499 1.0
3499 3497 1.0
3497 3499 1.0
3500 1452 1.0
1452 3500 1.0
3500 2476 2.0
2476 3500 2.0
3500 3244 1.0
3244 3500 1.0
3500 3372 1.0
3372 3500 1.0
3500 3468 1.0
3468 3500 1.0
3500 3492 1.0
3492 3500 1.0
3500 3498 1.0
3498 3500 1.0
3500 3499 1.0
3499 3500 1.0
3501 1453 1.0
1453 3501 1.0
3501 2477 1.0
2477 3501 1.0
3501 3245 1.0
3245 3501 1.0
3501 3373 1.0
3373 3501 1.0
3501 3469 2.0
3469 3501 2.0
3501 3493 2.0
3493 3501 2.0
3501 3497 1.0
3497 3501 1.0
3502 1454 2.0
1454 3502 2.0
3502 2478 1.0
2478 3502 1.0
3502 3246 1.0
3246 3502 1.0
3502 3374 1.0
3374 3502 1.0
3502 3470 1.0
3470 3502 1.0
3502 3494 1.0
3494 3502 1.0
3502 3498 1.0
3498 3502 1.0
3502 3501 1.0
3501 3502 1.0
3503 1455 1.0
1455 3503 1.0
3503 2479 1.0
2479 3503 1.0
3503 3247 1.0
3247 3503 1.0
3503 3375 1.0
3375 3503 1.0
3503 3471 1.0
3471 3503 1.0
3503 3495 1.0
3495 3503 1.0
3503 3499 1.0
3499 3503 1.0
3503 3501 1.0
3501 3503 1.0
3504 1456 1.0
1456 3504 1.0
3504 2480 1.0
2480 3504 1.0
3504 3248 1.0
3248 3504 1.0
3504 3376 1.0
3376 3504 1.0
3504 3472 1.0
3472 3504 1.0
3504 3496 2.0
3496 3504 2.0
3504 3500 1.0
3500 3504 1.0
3504 3502 1.0
3502 3504 1.0
3504 3503 1.0
3503 3504 1.0
3505 1457 1.0
1457 3505 1.0
3505 2481 1.0
2481 3505 1.0
3505 3249 1.0
3249 3505 1.0
3505 3377 1.0
3377 3505 1.0
3505 3473 1.0
3473 3505 1.0
3505 3489 1.0
3489 3505 1.0
3506 1458 1.0
1458 3506 1.0
3506 2482 1.0
2482 3506 1.0
3506 3250 1.0
3250 3506 1.0
3506 3378 1.0
3378 3506 1.0
3506 3474 1.0
3474 3506 1.0
3506 3490 1.0
3490 3506 1.0
3506 3505 1.0
3505 3506 1.0
3507 1459 1.0
1459 3507 1.0
3507 2483 1.0
2483 3507 1.0
3507 3251 1.0
3251 3507 1.0
3507 3379 1.0
3379 3507 1.0
3507 3475 1.0
3475 3507 1.0
3507 3491 1.0
3491 3507 1.0
3507 3505 1.0
3505 3507 1.0
3508 1460 2.0
1460 3508 2.0
3508 2484 1.0
2484 3508 1.0
3508 3252 1.0
3252 3508 1.0
3508 3380 1.0
3380 3508 1.0
3508 3476 1.0
3476 3508 1.0
3508 3492 1.0
3492 3508 1.0
3508 3506 1.0
3506 3508 1.0
3508 3507 1.0
3507 3508 1.0
3509 1461 1.0
1461 3509 1.0
3509 2485 1.0
2485 3509 1.0
3509 3253 1.0
3253 3509 1.0
3509 3381 1.0
3381 3509 1.0
3509 3477 1.0
3477 3509 1.0
3509 3493 2.0
3493 3509 2.0
3509 3505 1.0
3505 3509 1.0
3510 1462 2.0
1462 3510 2.0
3510 2486 2.0
2486 3510 2.0
3510 3254 2.0
3254 3510 2.0
3510 3382 2.0
3382 3510 2.0
3510 3478 2.0
3478 3510 2.0
3510 3494 2.0
3494 3510 2.0
3510 3506 2.0
3506 3510 2.0
3510 3509 2.0
3509 3510 2.0
3511 1463 2.0
1463 3511 2.0
3511 2487 2.0
2487 3511 2.0
3511 3255 2.0
3255 3511 2.0
3511 3383 2.0
3383 3511 2.0
3511 3479 2.0
3479 3511 2.0
3511 3495 2.0
3495 3511 2.0
3511 3507 2.0
3507 3511 2.0
3511 3509 2.0
3509 3511 2.0
3512 1464 1.0
1464 3512 1.0
3512 2488 1.0
2488 3512 1.0
3512 3256 1.0
3256 3512 1.0
3512 3384 1.0
3384 3512 1.0
3512 3480 1.0
3480 3512 1.0
3512 3496 2.0
3496 3512 2.0
3512 3508 1.0
3508 3512 1.0
3512 3510 2.0
3510 3512 2.0
3512 3511 2.0
3511 3512 2.0
3513 1465 1.0
1465 3513 1.0
3513 2489 1.0
2489 3513 1.0
3513 3257 2.0
3257 3513 2.0
3513 3385 1.0
3385 3513 1.0
3513 3481 1.0
3481 3513 1.0
3513 3497 1.0
3497 3513 1.0
3513 3505 1.0
3505 3513 1.0
3514 1466 1.0
1466 3514 1.0
3514 2490 1.0
2490 3514 1.0
3514 3258 1.0
3258 3514 1.0
3514 3386 1.0
3386 3514 1.0
3514 3482 1.0
3482 3514 1.0
3514 3498 1.0
3498 3514 1.0
3514 3506 1.0
3506 3514 1.0
3514 3513 1.0
3513 3514 1.0
3515 1467 1.0
1467 3515 1.0
3515 2491 1.0
2491 3515 1.0
3515 3259 1.0
3259 3515 1.0
3515 3387 1.0
3387 3515 1.0
3515 3483 1.0
3483 3515 1.0
3515 3499 1.0
3499 3515 1.0
3515 3507 1.0
3507 3515 1.0
3515 3513 1.0
3513 3515 1.0
3516 1468 2.0
1468 3516 2.0
3516 2492 2.0
2492 3516 2.0
3516 3260 2.0
3260 3516 2.0
3516 3388 2.0
3388 3516 2.0
3516 3484 2.0
3484 3516 2.0
3516 3500 2.0
3500 3516 2.0
3516 3508 2.0
3508 3516 2.0
3516 3514 2.0
3514 3516 2.0
3516 3515 2.0
3515 3516 2.0
3517 1469 2.0
1469 3517 2.0
3517 2493 2.0
2493 3517 2.0
3517 3261 2.0
3261 3517 2.0
3517 3389 2.0
3389 3517 2.0
3517 3485 2.0
3485 3517 2.0
3517 3501 2.0
3501 3517 2.0
3517 3509 2.0
3509 3517 2.0
3517 3513 2.0
3513 3517 2.0
3518 1470 2.0
1470 3518 2.0
3518 2494 2.0
2494 3518 2.0
3518 3262 2.0
3262 3518 2.0
3518 3390 2.0
3390 3518 2.0
3518 3486 2.0
3486 3518 2.0
3518 3502 2.0
3502 3518 2.0
3518 3510 3.0
3510 3518 3.0
3518 3514 2.0
3514 3518 2.0
3518 3517 3.0
3517 3518 3.0
3519 1471 1.0
1471 3519 1.0
3519 2495 1.0
2495 3519 1.0
3519 3263 1.0
3263 3519 1.0
3519 3391 1.0
3391 3519 1.0
3519 3487 1.0
3487 3519 1.0
3519 3503 1.0
3503 3519 1.0
3519 3511 2.0
3511 3519 2.0
3519 3515 1.0
3515 3519 1.0
3519 3517 2.0
3517 3519 2.0
3520 1472 1.0
1472 3520 1.0
3520 2496 1.0
2496 3520 1.0
3520 3264 1.0
3264 3520 1.0
3520 3392 1.0
3392 3520 1.0
3520 3488 1.0
3488 3520 1.0
3520 3504 1.0
3504 3520 1.0
3520 3512 1.0
3512 3520 1.0
3520 3516 2.0
3516 3520 2.0
3520 3518 2.0
3518 3520 2.0
3520 3519 1.0
3519 3520 1.0
3521 1473 1.0
1473 3521 1.0
3521 2497 2.0
2497 3521 2.0
3521 3265 2.0
3265 3521 2.0
3521 3393 1.0
3393 3521 1.0
3521 3457 1.0
3457 3521 1.0
3522 1474 1.0
1474 3522 1.0
3522 2498 1.0
2498 3522 1.0
3522 3266 1.0
3266 3522 1.0
3522 3394 1.0
3394 3522 1.0
3522 3458 1.0
3458 3522 1.0
3522 3521 1.0
3521 3522 1.0
3523 1475 1.0
1475 3523 1.0
3523 2499 1.0
2499 3523 1.0
3523 3267 1.0
3267 3523 1.0
3523 3395 1.0
3395 3523 1.0
3523 3459 1.0
3459 3523 1.0
3523 3521 1.0
3521 3523 1.0
3524 1476 2.0
1476 3524 2.0
3524 2500 2.0
2500 3524 2.0
3524 3268 2.0
3268 3524 2.0
3524 3396 2.0
3396 3524 2.0
3524 3460 2.0
3460 3524 2.0
3524 3522 2.0
3522 3524 2.0
3524 3523 2.0
3523 3524 2.0
3525 1477 1.0
1477 3525 1.0
3525 2501 1.0
2501 3525 1.0
3525 3269 1.0
3269 3525 1.0
3525 3397 2.0
3397 3525 2.0
3525 3461 1.0
3461 3525 1.0
3525 3521 1.0
3521 3525 1.0
3526 1478 1.0
1478 3526 1.0
3526 2502 1.0
2502 3526 1.0
3526 3270 2.0
3270 3526 2.0
3526 3398 1.0
3398 3526 1.0
3526 3462 1.0
3462 3526 1.0
3526 3522 1.0
3522 3526 1.0
3526 3525 1.0
3525 3526 1.0
3527 1479 1.0
1479 3527 1.0
3527 2503 1.0
2503 3527 1.0
3527 3271 1.0
3271 3527 1.0
3527 3399 2.0
3399 3527 2.0
3527 3463 1.0
3463 3527 1.0
3527 3523 1.0
3523 3527 1.0
3527 3525 1.0
3525 3527 1.0
3528 1480 1.0
1480 3528 1.0
3528 2504 1.0
2504 3528 1.0
3528 3272 1.0
3272 3528 1.0
3528 3400 1.0
3400 3528 1.0
3528 3464 1.0
3464 3528 1.0
3528 3524 2.0
3524 3528 2.0
3528 3526 1.0
3526 3528 1.0
3528 3527 1.0
3527 3528 1.0
3529 1481 1.0
1481 3529 1.0
3529 2505 1.0
2505 3529 1.0
3529 3273 1.0
3273 3529 1.0
3529 3401 1.0
3401 3529 1.0
3529 3465 2.0
3465 3529 2.0
3529 3521 1.0
3521 3529 1.0
3530 1482 1.0
1482 3530 1.0
3530 2506 1.0
2506 3530 1.0
3530 3274 1.0
3274 3530 1.0
3530 3402 2.0
3402 3530 2.0
3530 3466 1.0
3466 3530 1.0
3530 3522 1.0
3522 3530 1.0
3530 3529 1.0
3529 3530 1.0
3531 1483 1.0
1483 3531 1.0
3531 2507 1.0
2507 3531 1.0
3531 3275 1.0
3275 3531 1.0
3531 3403 1.0
3403 3531 1.0
3531 3467 1.0
3467 3531 1.0
3531 3523 1.0
3523 3531 1.0
3531 3529 1.0
3529 3531 1.0
3532 1484 1.0
1484 3532 1.0
3532 2508 1.0
2508 3532 1.0
3532 3276 1.0
3276 3532 1.0
3532 3404 1.0
3404 3532 1.0
3532 3468 1.0
3468 3532 1.0
3532 3524 2.0
3524 3532 2.0
3532 3530 1.0
3530 3532 1.0
3532 3531 1.0
3531 3532 1.0
3533 1485 1.0
1485 3533 1.0
3533 2509 1.0
2509 3533 1.0
3533 3277 1.0
3277 3533 1.0
3533 3405 1.0
3405 3533 1.0
3533 3469 2.0
3469 3533 2.0
3533 3525 1.0
3525 3533 1.0
3533 3529 1.0
3529 3533 1.0
3534 1486 1.0
1486 3534 1.0
3534 2510 2.0
2510 3534 2.0
3534 3278 1.0
3278 3534 1.0
3534 3406 1.0
3406 3534 1.0
3534 3470 1.0
3470 3534 1.0
3534 3526 1.0
3526 3534 1.0
3534 3530 1.0
3530 3534 1.0
3534 3533 1.0
3533 3534 1.0
3535 1487 1.0
1487 3535 1.0
3535 2511 1.0
2511 3535 1.0
3535 3279 1.0
3279 3535 1.0
3535 3407 1.0
3407 3535 1.0
3535 3471 1.0
3471 3535 1.0
3535 3527 1.0
3527 3535 1.0
3535 3531 1.0
3531 3535 1.0
3535 3533 1.0
3533 3535 1.0
3536 1488 2.0
1488 3536 2.0
3536 2512 1.0
2512 3536 1.0
3536 3280 1.0
3280 3536 1.0
3536 3408 1.0
3408 3536 1.0
3536 3472 1.0
3472 3536 1.0
3536 3528 1.0
3528 3536 1.0
3536 3532 1.0
3532 3536 1.0
3536 3534 1.0
3534 3536 1.0
3536 3535 1.0
3535 3536 1.0
3537 1489 2.0
1489 3537 2.0
3537 2513 2.0
2513 3537 2.0
3537 3281 2.0
3281 3537 2.0
3537 3409 2.0
3409 3537 2.0
3537 3473 2.0
3473 3537 2.0
3537 3521 2.0
3521 3537 2.0
3538 1490 1.0
1490 3538 1.0
3538 2514 1.0
2514 3538 1.0
3538 3282 1.0
3282 3538 1.0
3538 3410 1.0
3410 3538 1.0
3538 3474 1.0
3474 3538 1.0
3538 3522 1.0
3522 3538 1.0
3538 3537 2.0
3537 3538 2.0
3539 1491 2.0
1491 3539 2.0
3539 2515 3.0
2515 3539 3.0
3539 3283 2.0
3283 3539 2.0
3539 3411 2.0
3411 3539 2.0
3539 3475 2.0
3475 3539 2.0
3539 3523 2.0
3523 3539 2.0
3539 3537 3.0
3537 3539 3.0
3540 1492 1.0
1492 3540 1.0
3540 2516 1.0
2516 3540 1.0
3540 3284 1.0
3284 3540 1.0
3540 3412 1.0
3412 3540 1.0
3540 3476 1.0
3476 3540 1.0
3540 3524 2.0
3524 3540 2.0
3540 3538 1.0
3538 3540 1.0
3540 3539 2.0
3539 3540 2.0
3541 1493 2.0
1493 3541 2.0
3541 2517 1.0
2517 3541 1.0
3541 3285 1.0
3285 3541 1.0
3541 3413 1.0
3413 3541 1.0
3541 3477 1.0
3477 3541 1.0
3541 3525 1.0
3525 3541 1.0
3541 3537 2.0
3537 3541 2.0
3542 1494 2.0
1494 3542 2.0
3542 2518 1.0
2518 3542 1.0
3542 3286 1.0
3286 3542 1.0
3542 3414 1.0
3414 3542 1.0
3542 3478 1.0
3478 3542 1.0
3542 3526 1.0
3526 3542 1.0
3542 3538 1.0
3538 3542 1.0
3542 3541 1.0
3541 3542 1.0
3543 1495 1.0
1495 3543 1.0
3543 2519 1.0
2519 3543 1.0
3543 3287 2.0
3287 3543 2.0
3543 3415 1.0
3415 3543 1.0
3543 3479 1.0
3479 3543 1.0
3543 3527 1.0
3527 3543 1.0
3543 3539 2.0
3539 3543 2.0
3543 3541 1.0
3541 3543 1.0
3544 1496 2.0
1496 3544 2.0
3544 2520 2.0
2520 3544 2.0
3544 3288 1.0
3288 3544 1.0
3544 3416 1.0
3416 3544 1.0
3544 3480 1.0
3480 3544 1.0
3544 3528 1.0
3528 3544 1.0
3544 3540 1.0
3540 3544 1.0
3544 3542 1.0
3542 3544 1.0
3544 3543 1.0
3543 3544 1.0
3545 1497 1.0
1497 3545 1.0
3545 2521 1.0
2521 3545 1.0
3545 3289 1.0
3289 3545 1.0
3545 3417 1.0
3417 3545 1.0
3545 3481 1.0
3481 3545 1.0
3545 3529 1.0
3529 3545 1.0
3545 3537 2.0
3537 3545 2.0
3546 1498 2.0
1498 3546 2.0
3546 2522 2.0
2522 3546 2.0
3546 3290 2.0
3290 3546 2.0
3546 3418 2.0
3418 3546 2.0
3546 3482 2.0
3482 3546 2.0
3546 3530 2.0
3530 3546 2.0
3546 3538 2.0
3538 3546 2.0
3546 3545 2.0
3545 3546 2.0
3547 1499 1.0
1499 3547 1.0
3547 2523 1.0
2523 3547 1.0
3547 3291 1.0
3291 3547 1.0
3547 3419 1.0
3419 3547 1.0
3547 3483 1.0
3483 3547 1.0
3547 3531 1.0
3531 3547 1.0
3547 3539 2.0
3539 3547 2.0
3547 3545 1.0
3545 3547 1.0
3548 1500 1.0
1500 3548 1.0
3548 2524 1.0
2524 3548 1.0
3548 3292 1.0
3292 3548 1.0
3548 3420 1.0
3420 3548 1.0
3548 3484 1.0
3484 3548 1.0
3548 3532 1.0
3532 3548 1.0
3548 3540 1.0
3540 3548 1.0
3548 3546 2.0
3546 3548 2.0
3548 3547 1.0
3547 3548 1.0
3549 1501 1.0
1501 3549 1.0
3549 2525 1.0
2525 3549 1.0
3549 3293 2.0
3293 3549 2.0
3549 3421 1.0
3421 3549 1.0
3549 3485 1.0
3485 3549 1.0
3549 3533 1.0
3533 3549 1.0
3549 3541 1.0
3541 3549 1.0
3549 3545 1.0
3545 3549 1.0
3550 1502 1.0
1502 3550 1.0
3550 2526 1.0
2526 3550 1.0
3550 3294 1.0
3294 3550 1.0
3550 3422 1.0
3422 3550 1.0
3550 3486 1.0
3486 3550 1.0
3550 3534 1.0
3534 3550 1.0
3550 3542 1.0
3542 3550 1.0
3550 3546 2.0
3546 3550 2.0
3550 3549 1.0
3549 3550 1.0
3551 1503 1.0
1503 3551 1.0
3551 2527 1.0
2527 3551 1.0
3551 3295 1.0
3295 3551 1.0
3551 3423 1.0
3423 3551 1.0
3551 3487 1.0
3487 3551 1.0
3551 3535 1.0
3535 3551 1.0
3551 3543 1.0
3543 3551 1.0
3551 3547 1.0
3547 3551 1.0
3551 3549 1.0
3549 3551 1.0
3552 1504 2.0
1504 3552 2.0
3552 2528 1.0
2528 3552 1.0
3552 3296 1.0
3296 3552 1.0
3552 3424 2.0
3424 3552 2.0
3552 3488 1.0
3488 3552 1.0
3552 3536 1.0
3536 3552 1.0
3552 3544 1.0
3544 3552 1.0
3552 3548 1.0
3548 3552 1.0
3552 3550 1.0
3550 3552 1.0
3552 3551 1.0
3551 3552 1.0
3553 1505 1.0
1505 3553 1.0
3553 2529 1.0
2529 3553 1.0
3553 3297 1.0
3297 3553 1.0
3553 3425 1.0
3425 3553 1.0
3553 3489 1.0
3489 3553 1.0
3553 3521 1.0
3521 3553 1.0
3554 1506 2.0
1506 3554 2.0
3554 2530 2.0
2530 3554 2.0
3554 3298 2.0
3298 3554 2.0
3554 3426 2.0
3426 3554 2.0
3554 3490 2.0
3490 3554 2.0
3554 3522 2.0
3522 3554 2.0
3554 3553 2.0
3553 3554 2.0
3555 1507 2.0
1507 3555 2.0
3555 2531 1.0
2531 3555 1.0
3555 3299 1.0
3299 3555 1.0
3555 3427 2.0
3427 3555 2.0
3555 3491 1.0
3491 3555 1.0
3555 3523 1.0
3523 3555 1.0
3555 3553 1.0
3553 3555 1.0
3556 1508 1.0
1508 3556 1.0
3556 2532 1.0
2532 3556 1.0
3556 3300 1.0
3300 3556 1.0
3556 3428 1.0
3428 3556 1.0
3556 3492 1.0
3492 3556 1.0
3556 3524 2.0
3524 3556 2.0
3556 3554 2.0
3554 3556 2.0
3556 3555 1.0
3555 3556 1.0
3557 1509 1.0
1509 3557 1.0
3557 2533 1.0
2533 3557 1.0
3557 3301 1.0
3301 3557 1.0
3557 3429 1.0
3429 3557 1.0
3557 3493 2.0
3493 3557 2.0
3557 3525 1.0
3525 3557 1.0
3557 3553 1.0
3553 3557 1.0
3558 1510 1.0
1510 3558 1.0
3558 2534 1.0
2534 3558 1.0
3558 3302 1.0
3302 3558 1.0
3558 3430 1.0
3430 3558 1.0
3558 3494 1.0
3494 3558 1.0
3558 3526 1.0
3526 3558 1.0
3558 3554 2.0
3554 3558 2.0
3558 3557 1.0
3557 3558 1.0
3559 1511 1.0
1511 3559 1.0
3559 2535 1.0
2535 3559 1.0
3559 3303 1.0
3303 3559 1.0
3559 3431 1.0
3431 3559 1.0
3559 3495 1.0
3495 3559 1.0
3559 3527 1.0
3527 3559 1.0
3559 3555 1.0
3555 3559 1.0
3559 3557 1.0
3557 3559 1.0
3560 1512 1.0
1512 3560 1.0
3560 2536 1.0
2536 3560 1.0
3560 3304 1.0
3304 3560 1.0
3560 3432 1.0
3432 3560 1.0
3560 3496 2.0
3496 3560 2.0
3560 3528 1.0
3528 3560 1.0
3560 3556 1.0
3556 3560 1.0
3560 3558 1.0
3558 3560 1.0
3560 3559 1.0
3559 3560 1.0
3561 1513 2.0
1513 3561 2.0
3561 2537 1.0
2537 3561 1.0
3561 3305 1.0
3305 3561 1.0
3561 3433 1.0
3433 3561 1.0
3561 3497 1.0
3497 3561 1.0
3561 3529 1.0
3529 3561 1.0
3561 3553 1.0
3553 3561 1.0
3562 1514 1.0
1514 3562 1.0
3562 2538 1.0
2538 3562 1.0
3562 3306 1.0
3306 3562 1.0
3562 3434 1.0
3434 3562 1.0
3562 3498 1.0
3498 3562 1.0
3562 3530 1.0
3530 3562 1.0
3562 3554 2.0
3554 3562 2.0
3562 3561 1.0
3561 3562 1.0
3563 1515 2.0
1515 3563 2.0
3563 2539 1.0
2539 3563 1.0
3563 3307 2.0
3307 3563 2.0
3563 3435 1.0
3435 3563 1.0
3563 3499 1.0
3499 3563 1.0
3563 3531 1.0
3531 3563 1.0
3563 3555 1.0
3555 3563 1.0
3563 3561 1.0
3561 3563 1.0
3564 1516 1.0
1516 3564 1.0
3564 2540 1.0
2540 3564 1.0
3564 3308 1.0
3308 3564 1.0
3564 3436 1.0
3436 3564 1.0
3564 3500 1.0
3500 3564 1.0
3564 3532 1.0
3532 3564 1.0
3564 3556 1.0
3556 3564 1.0
3564 3562 1.0
3562 3564 1.0
3564 3563 1.0
3563 3564 1.0
3565 1517 1.0
1517 3565 1.0
3565 2541 1.0
2541 3565 1.0
3565 3309 1.0
3309 3565 1.0
3565 3437 1.0
3437 3565 1.0
3565 3501 1.0
3501 3565 1.0
3565 3533 1.0
3533 3565 1.0
3565 3557 1.0
3557 3565 1.0
3565 3561 1.0
3561 3565 1.0
3566 1518 1.0
1518 3566 1.0
3566 2542 1.0
2542 3566 1.0
3566 3310 2.0
3310 3566 2.0
3566 3438 1.0
3438 3566 1.0
3566 3502 1.0
3502 3566 1.0
3566 3534 1.0
3534 3566 1.0
3566 3558 1.0
3558 3566 1.0
3566 3562 1.0
3562 3566 1.0
3566 3565 1.0
3565 3566 1.0
3567 1519 2.0
1519 3567 2.0
3567 2543 3.0
2543 3567 3.0
3567 3311 2.0
3311 3567 2.0
3567 3439 2.0
3439 3567 2.0
3567 3503 2.0
3503 3567 2.0
3567 3535 2.0
3535 3567 2.0
3567 3559 2.0
3559 3567 2.0
3567 3563 2.0
3563 3567 2.0
3567 3565 2.0
3565 3567 2.0
3568 1520 1.0
1520 3568 1.0
3568 2544 1.0
2544 3568 1.0
3568 3312 1.0
3312 3568 1.0
3568 3440 2.0
3440 3568 2.0
3568 3504 1.0
3504 3568 1.0
3568 3536 1.0
3536 3568 1.0
3568 3560 1.0
3560 3568 1.0
3568 3564 1.0
3564 3568 1.0
3568 3566 1.0
3566 3568 1.0
3568 3567 2.0
3567 3568 2.0
3569 1521 1.0
1521 3569 1.0
3569 2545 1.0
2545 3569 1.0
3569 3313 1.0
3313 3569 1.0
3569 3441 1.0
3441 3569 1.0
3569 3505 1.0
3505 3569 1.0
3569 3537 2.0
3537 3569 2.0
3569 3553 1.0
3553 3569 1.0
3570 1522 2.0
1522 3570 2.0
3570 2546 2.0
2546 3570 2.0
3570 3314 3.0
3314 3570 3.0
3570 3442 2.0
3442 3570 2.0
3570 3506 2.0
3506 3570 2.0
3570 3538 2.0
3538 3570 2.0
3570 3554 3.0
3554 3570 3.0
3570 3569 2.0
3569 3570 2.0
3571 1523 1.0
1523 3571 1.0
3571 2547 1.0
2547 3571 1.0
3571 3315 1.0
3315 3571 1.0
3571 3443 1.0
3443 3571 1.0
3571 3507 1.0
3507 3571 1.0
3571 3539 2.0
3539 3571 2.0
3571 3555 1.0
3555 3571 1.0
3571 3569 1.0
3569 3571 1.0
3572 1524 1.0
1524 3572 1.0
3572 2548 1.0
2548 3572 1.0
3572 3316 1.0
3316 3572 1.0
3572 3444 1.0
3444 3572 1.0
3572 3508 1.0
3508 3572 1.0
3572 3540 1.0
3540 3572 1.0
3572 3556 1.0
3556 3572 1.0
3572 3570 2.0
3570 3572 2.0
3572 3571 1.0
3571 3572 1.0
3573 1525 1.0
1525 3573 1.0
3573 2549 2.0
2549 3573 2.0
3573 3317 1.0
3317 3573 1.0
3573 3445 1.0
3445 3573 1.0
3573 3509 1.0
3509 3573 1.0
3573 3541 1.0
3541 3573 1.0
3573 3557 1.0
3557 3573 1.0
3573 3569 1.0
3569 3573 1.0
3574 1526 1.0
1526 3574 1.0
3574 2550 1.0
2550 3574 1.0
3574 3318 1.0
3318 3574 1.0
3574 3446 2.0
3446 3574 2.0
3574 3510 2.0
3510 3574 2.0
3574 3542 1.0
3542 3574 1.0
3574 3558 1.0
3558 3574 1.0
3574 3570 2.0
3570 3574 2.0
3574 3573 1.0
3573 3574 1.0
3575 1527 1.0
1527 3575 1.0
3575 2551 1.0
2551 3575 1.0
3575 3319 1.0
3319 3575 1.0
3575 3447 1.0
3447 3575 1.0
3575 3511 2.0
3511 3575 2.0
3575 3543 1.0
3543 3575 1.0
3575 3559 1.0
3559 3575 1.0
3575 3571 1.0
3571 3575 1.0
3575 3573 1.0
3573 3575 1.0
3576 1528 1.0
1528 3576 1.0
3576 2552 1.0
2552 3576 1.0
3576 3320 1.0
3320 3576 1.0
3576 3448 1.0
3448 3576 1.0
3576 3512 1.0
3512 3576 1.0
3576 3544 1.0
3544 3576 1.0
3576 3560 1.0
3560 3576 1.0
3576 3572 1.0
3572 3576 1.0
3576 3574 1.0
3574 3576 1.0
3576 3575 1.0
3575 3576 1.0
3577 1529 2.0
1529 3577 2.0
3577 2553 2.0
2553 3577 2.0
3577 3321 1.0
3321 3577 1.0
3577 3449 1.0
3449 3577 1.0
3577 3513 1.0
3513 3577 1.0
3577 3545 1.0
3545 3577 1.0
3577 3561 1.0
3561 3577 1.0
3577 3569 1.0
3569 3577 1.0
3578 1530 1.0
1530 3578 1.0
3578 2554 1.0
2554 3578 1.0
3578 3322 1.0
3322 3578 1.0
3578 3450 1.0
3450 3578 1.0
3578 3514 1.0
3514 3578 1.0
3578 3546 2.0
3546 3578 2.0
3578 3562 1.0
3562 3578 1.0
3578 3570 2.0
3570 3578 2.0
3578 3577 1.0
3577 3578 1.0
3579 1531 1.0
1531 3579 1.0
3579 2555 1.0
2555 3579 1.0
3579 3323 1.0
3323 3579 1.0
3579 3451 1.0
3451 3579 1.0
3579 3515 1.0
3515 3579 1.0
3579 3547 1.0
3547 3579 1.0
3579 3563 1.0
3563 3579 1.0
3579 3571 1.0
3571 3579 1.0
3579 3577 1.0
3577 3579 1.0
3580 1532 1.0
1532 3580 1.0
3580 2556 1.0
2556 3580 1.0
3580 3324 1.0
3324 3580 1.0
3580 3452 1.0
3452 3580 1.0
3580 3516 2.0
3516 3580 2.0
3580 3548 1.0
3548 3580 1.0
3580 3564 1.0
3564 3580 1.0
3580 3572 1.0
3572 3580 1.0
3580 3578 1.0
3578 3580 1.0
3580 3579 1.0
3579 3580 1.0
3581 1533 1.0
1533 3581 1.0
3581 2557 1.0
2557 3581 1.0
3581 3325 1.0
3325 3581 1.0
3581 3453 1.0
3453 3581 1.0
3581 3517 2.0
3517 3581 2.0
3581 3549 1.0
3549 3581 1.0
3581 3565 1.0
3565 3581 1.0
3581 3573 1.0
3573 3581 1.0
3581 3577 1.0
3577 3581 1.0
3582 1534 1.0
1534 3582 1.0
3582 2558 1.0
2558 3582 1.0
3582 3326 1.0
3326 3582 1.0
3582 3454 1.0
3454 3582 1.0
3582 3518 2.0
3518 3582 2.0
3582 3550 1.0
3550 3582 1.0
3582 3566 1.0
3566 3582 1.0
3582 3574 1.0
3574 3582 1.0
3582 3578 1.0
3578 3582 1.0
3582 3581 1.0
3581 3582 1.0
3583 1535 2.0
1535 3583 2.0
3583 2559 2.0
2559 3583 2.0
3583 3327 2.0
3327 3583 2.0
3583 3455 2.0
3455 3583 2.0
3583 3519 2.0
3519 3583 2.0
3583 3551 2.0
3551 3583 2.0
3583 3567 3.0
3567 3583 3.0
3583 3575 2.0
3575 3583 2.0
3583 3579 2.0
3579 3583 2.0
3583 3581 2.0
3581 3583 2.0
3584 1536 1.0
1536 3584 1.0
3584 2560 1.0
2560 3584 1.0
3584 3328 1.0
3328 3584 1.0
3584 3456 1.0
3456 3584 1.0
3584 3520 1.0
3520 3584 1.0
3584 3552 1.0
3552 3584 1.0
3584 3568 1.0
3568 3584 1.0
3584 3576 1.0
3576 3584 1.0
3584 3580 1.0
3580 3584 1.0
3584 3582 1.0
3582 3584 1.0
3584 3583 2.0
3583 3584 2.0
3585 1537 2.0
1537 3585 2.0
3585 2561 2.0
2561 3585 2.0
3585 3073 2.0
3073 3585 2.0
3586 1538 2.0
1538 3586 2.0
3586 2562 1.0
2562 3586 1.0
3586 3074 1.0
3074 3586 1.0
3586 3585 2.0
3585 3586 2.0
3587 1539 1.0
1539 3587 1.0
3587 2563 2.0
2563 3587 2.0
3587 3075 2.0
3075 3587 2.0
3587 3585 2.0
3585 3587 2.0
3588 1540 1.0
1540 3588 1.0
3588 2564 1.0
2564 3588 1.0
3588 3076 1.0
3076 3588 1.0
3588 3586 1.0
3586 3588 1.0
3588 3587 1.0
3587 3588 1.0
3589 1541 1.0
1541 3589 1.0
3589 2565 1.0
2565 3589 1.0
3589 3077 1.0
3077 3589 1.0
3589 3585 2.0
3585 3589 2.0
3590 1542 1.0
1542 3590 1.0
3590 2566 2.0
2566 3590 2.0
3590 3078 1.0
3078 3590 1.0
3590 3586 1.0
3586 3590 1.0
3590 3589 1.0
3589 3590 1.0
3591 1543 1.0
1543 3591 1.0
3591 2567 1.0
2567 3591 1.0
3591 3079 1.0
3079 3591 1.0
3591 3587 1.0
3587 3591 1.0
3591 3589 1.0
3589 3591 1.0
3592 1544 1.0
1544 3592 1.0
3592 2568 1.0
2568 3592 1.0
3592 3080 2.0
3080 3592 2.0
3592 3588 1.0
3588 3592 1.0
3592 3590 1.0
3590 3592 1.0
3592 3591 1.0
3591 3592 1.0
3593 1545 1.0
1545 3593 1.0
3593 2569 1.0
2569 3593 1.0
3593 3081 1.0
3081 3593 1.0
3593 3585 2.0
3585 3593 2.0
3594 1546 1.0
1546 3594 1.0
3594 2570 1.0
2570 3594 1.0
3594 3082 1.0
3082 3594 1.0
3594 3586 1.0
3586 3594 1.0
3594 3593 1.0
3593 3594 1.0
3595 1547 1.0
1547 3595 1.0
3595 2571 1.0
2571 3595 1.0
3595 3083 1.0
3083 3595 1.0
3595 3587 1.0
3587 3595 1.0
3595 3593 1.0
3593 3595 1.0
3596 1548 2.0
1548 3596 2.0
3596 2572 2.0
2572 3596 2.0
3596 3084 2.0
3084 3596 2.0
3596 3588 2.0
3588 3596 2.0
3596 3594 2.0
3594 3596 2.0
3596 3595 2.0
3595 3596 2.0
3597 1549 1.0
1549 3597 1.0
3597 2573 1.0
2573 3597 1.0
3597 3085 1.0
3085 3597 1.0
3597 3589 1.0
3589 3597 1.0
3597 3593 1.0
3593 3597 1.0
3598 1550 2.0
1550 3598 2.0
3598 2574 1.0
2574 3598 1.0
3598 3086 1.0
3086 3598 1.0
3598 3590 1.0
3590 3598 1.0
3598 3594 1.0
3594 3598 1.0
3598 3597 1.0
3597 3598 1.0
3599 1551 1.0
1551 3599 1.0
3599 2575 1.0
2575 3599 1.0
3599 3087 1.0
3087 3599 1.0
3599 3591 1.0
3591 3599 1.0
3599 3595 1.0
3595 3599 1.0
3599 3597 1.0
3597 3599 1.0
3600 1552 2.0
1552 3600 2.0
3600 2576 1.0
2576 3600 1.0
3600 3088 1.0
3088 3600 1.0
3600 3592 1.0
3592 3600 1.0
3600 3596 2.0
3596 3600 2.0
3600 3598 1.0
3598 3600 1.0
3600 3599 1.0
3599 3600 1.0
3601 1553 1.0
1553 3601 1.0
3601 2577 1.0
2577 3601 1.0
3601 3089 1.0
3089 3601 1.0
3601 3585 2.0
3585 3601 2.0
3602 1554 1.0
1554 3602 1.0
3602 2578 1.0
2578 3602 1.0
3602 3090 2.0
3090 3602 2.0
3602 3586 1.0
3586 3602 1.0
3602 3601 1.0
3601 3602 1.0
3603 1555 2.0
1555 3603 2.0
3603 2579 1.0
2579 3603 1.0
3603 3091 1.0
3091 3603 1.0
3603 3587 1.0
3587 3603 1.0
3603 3601 1.0
3601 3603 1.0
3604 1556 1.0
1556 3604 1.0
3604 2580 2.0
2580 3604 2.0
3604 3092 1.0
3092 3604 1.0
3604 3588 1.0
3588 3604 1.0
3604 3602 1.0
3602 3604 1.0
3604 3603 1.0
3603 3604 1.0
3605 1557 1.0
1557 3605 1.0
3605 2581 1.0
2581 3605 1.0
3605 3093 1.0
3093 3605 1.0
3605 3589 1.0
3589 3605 1.0
3605 3601 1.0
3601 3605 1.0
3606 1558 1.0
1558 3606 1.0
3606 2582 1.0
2582 3606 1.0
3606 3094 1.0
3094 3606 1.0
3606 3590 1.0
3590 3606 1.0
3606 3602 1.0
3602 3606 1.0
3606 3605 1.0
3605 3606 1.0
3607 1559 3.0
1559 3607 3.0
3607 2583 2.0
2583 3607 2.0
3607 3095 2.0
3095 3607 2.0
3607 3591 2.0
3591 3607 2.0
3607 3603 2.0
3603 3607 2.0
3607 3605 2.0
3605 3607 2.0
3608 1560 1.0
1560 3608 1.0
3608 2584 1.0
2584 3608 1.0
3608 3096 1.0
3096 3608 1.0
3608 3592 1.0
3592 3608 1.0
3608 3604 1.0
3604 3608 1.0
3608 3606 1.0
3606 3608 1.0
3608 3607 2.0
3607 3608 2.0
3609 1561 1.0
1561 3609 1.0
3609 2585 1.0
2585 3609 1.0
3609 3097 1.0
3097 3609 1.0
3609 3593 1.0
3593 3609 1.0
3609 3601 1.0
3601 3609 1.0
3610 1562 1.0
1562 3610 1.0
3610 2586 1.0
2586 3610 1.0
3610 3098 1.0
3098 3610 1.0
3610 3594 1.0
3594 3610 1.0
3610 3602 1.0
3602 3610 1.0
3610 3609 1.0
3609 3610 1.0
3611 1563 1.0
1563 3611 1.0
3611 2587 1.0
2587 3611 1.0
3611 3099 1.0
3099 3611 1.0
3611 3595 1.0
3595 3611 1.0
3611 3603 1.0
3603 3611 1.0
3611 3609 1.0
3609 3611 1.0
3612 1564 2.0
1564 3612 2.0
3612 2588 3.0
2588 3612 3.0
3612 3100 2.0
3100 3612 2.0
3612 3596 3.0
3596 3612 3.0
3612 3604 2.0
3604 3612 2.0
3612 3610 2.0
3610 3612 2.0
3612 3611 2.0
3611 3612 2.0
3613 1565 1.0
1565 3613 1.0
3613 2589 2.0
2589 3613 2.0
3613 3101 2.0
3101 3613 2.0
3613 3597 1.0
3597 3613 1.0
3613 3605 1.0
3605 3613 1.0
3613 3609 1.0
3609 3613 1.0
3614 1566 1.0
1566 3614 1.0
3614 2590 1.0
2590 3614 1.0
3614 3102 1.0
3102 3614 1.0
3614 3598 1.0
3598 3614 1.0
3614 3606 1.0
3606 3614 1.0
3614 3610 1.0
3610 3614 1.0
3614 3613 1.0
3613 3614 1.0
3615 1567 1.0
1567 3615 1.0
3615 2591 1.0
2591 3615 1.0
3615 3103 1.0
3103 3615 1.0
3615 3599 1.0
3599 3615 1.0
3615 3607 2.0
3607 3615 2.0
3615 3611 1.0
3611 3615 1.0
3615 3613 1.0
3613 3615 1.0
3616 1568 1.0
1568 3616 1.0
3616 2592 1.0
2592 3616 1.0
3616 3104 1.0
3104 3616 1.0
3616 3600 1.0
3600 3616 1.0
3616 3608 1.0
3608 3616 1.0
3616 3612 2.0
3612 3616 2.0
3616 3614 1.0
3614 3616 1.0
3616 3615 1.0
3615 3616 1.0
3617 1569 1.0
1569 3617 1.0
3617 2593 1.0
2593 3617 1.0
3617 3105 1.0
3105 3617 1.0
3617 3585 2.0
3585 3617 2.0
3618 1570 1.0
1570 3618 1.0
3618 2594 1.0
2594 3618 1.0
3618 3106 1.0
3106 3618 1.0
3618 3586 1.0
3586 3618 1.0
3618 3617 1.0
3617 3618 1.0
3619 1571 1.0
1571 3619 1.0
3619 2595 2.0
2595 3619 2.0
3619 3107 1.0
3107 3619 1.0
3619 3587 1.0
3587 3619 1.0
3619 3617 1.0
3617 3619 1.0
3620 1572 1.0
1572 3620 1.0
3620 2596 1.0
2596 3620 1.0
3620 3108 1.0
3108 3620 1.0
3620 3588 1.0
3588 3620 1.0
3620 3618 1.0
3618 3620 1.0
3620 3619 1.0
3619 3620 1.0
3621 1573 1.0
1573 3621 1.0
3621 2597 1.0
2597 3621 1.0
3621 3109 1.0
3109 3621 1.0
3621 3589 1.0
3589 3621 1.0
3621 3617 1.0
3617 3621 1.0
3622 1574 1.0
1574 3622 1.0
3622 2598 1.0
2598 3622 1.0
3622 3110 1.0
3110 3622 1.0
3622 3590 1.0
3590 3622 1.0
3622 3618 1.0
3618 3622 1.0
3622 3621 1.0
3621 3622 1.0
3623 1575 1.0
1575 3623 1.0
3623 2599 1.0
2599 3623 1.0
3623 3111 1.0
3111 3623 1.0
3623 3591 1.0
3591 3623 1.0
3623 3619 1.0
3619 3623 1.0
3623 3621 1.0
3621 3623 1.0
3624 1576 1.0
1576 3624 1.0
3624 2600 1.0
2600 3624 1.0
3624 3112 1.0
3112 3624 1.0
3624 3592 1.0
3592 3624 1.0
3624 3620 1.0
3620 3624 1.0
3624 3622 1.0
3622 3624 1.0
3624 3623 1.0
3623 3624 1.0
3625 1577 1.0
1577 3625 1.0
3625 2601 1.0
2601 3625 1.0
3625 3113 1.0
3113 3625 1.0
3625 3593 1.0
3593 3625 1.0
3625 3617 1.0
3617 3625 1.0
3626 1578 1.0
1578 3626 1.0
3626 2602 2.0
2602 3626 2.0
3626 3114 2.0
3114 3626 2.0
3626 3594 1.0
3594 3626 1.0
3626 3618 1.0
3618 3626 1.0
3626 3625 1.0
3625 3626 1.0
3627 1579 1.0
1579 3627 1.0
3627 2603 1.0
2603 3627 1.0
3627 3115 1.0
3115 3627 1.0
3627 3595 1.0
3595 3627 1.0
3627 3619 1.0
3619 3627 1.0
3627 3625 1.0
3625 3627 1.0
3628 1580 1.0
1580 3628 1.0
3628 2604 1.0
2604 3628 1.0
3628 3116 1.0
3116 3628 1.0
3628 3596 2.0
3596 3628 2.0
3628 3620 1.0
3620 3628 1.0
3628 3626 1.0
3626 3628 1.0
3628 3627 1.0
3627 3628 1.0
3629 1581 1.0
1581 3629 1.0
3629 2605 1.0
2605 3629 1.0
3629 3117 1.0
3117 3629 1.0
3629 3597 1.0
3597 3629 1.0
3629 3621 1.0
3621 3629 1.0
3629 3625 1.0
3625 3629 1.0
3630 1582 1.0
1582 3630 1.0
3630 2606 1.0
2606 3630 1.0
3630 3118 1.0
3118 3630 1.0
3630 3598 1.0
3598 3630 1.0
3630 3622 1.0
3622 3630 1.0
3630 3626 1.0
3626 3630 1.0
3630 3629 1.0
3629 3630 1.0
3631 1583 2.0
1583 3631 2.0
3631 2607 2.0
2607 3631 2.0
3631 3119 2.0
3119 3631 2.0
3631 3599 2.0
3599 3631 2.0
3631 3623 2.0
3623 3631 2.0
3631 3627 2.0
3627 3631 2.0
3631 3629 2.0
3629 3631 2.0
3632 1584 1.0
1584 3632 1.0
3632 2608 1.0
2608 3632 1.0
3632 3120 1.0
3120 3632 1.0
3632 3600 1.0
3600 3632 1.0
3632 3624 1.0
3624 3632 1.0
3632 3628 1.0
3628 3632 1.0
3632 3630 1.0
3630 3632 1.0
3632 3631 2.0
3631 3632 2.0
3633 1585 1.0
1585 3633 1.0
3633 2609 1.0
2609 3633 1.0
3633 3121 1.0
3121 3633 1.0
3633 3601 1.0
3601 3633 1.0
3633 3617 1.0
3617 3633 1.0
3634 1586 1.0
1586 3634 1.0
3634 2610 1.0
2610 3634 1.0
3634 3122 1.0
3122 3634 1.0
3634 3602 1.0
3602 3634 1.0
3634 3618 1.0
3618 3634 1.0
3634 3633 1.0
3633 3634 1.0
3635 1587 1.0
1587 3635 1.0
3635 2611 1.0
2611 3635 1.0
3635 3123 2.0
3123 3635 2.0
3635 3603 1.0
3603 3635 1.0
3635 3619 1.0
3619 3635 1.0
3635 3633 1.0
3633 3635 1.0
3636 1588 2.0
1588 3636 2.0
3636 2612 1.0
2612 3636 1.0
3636 3124 1.0
3124 3636 1.0
3636 3604 1.0
3604 3636 1.0
3636 3620 1.0
3620 3636 1.0
3636 3634 1.0
3634 3636 1.0
3636 3635 1.0
3635 3636 1.0
3637 1589 2.0
1589 3637 2.0
3637 2613 3.0
2613 3637 3.0
3637 3125 2.0
3125 3637 2.0
3637 3605 2.0
3605 3637 2.0
3637 3621 2.0
3621 3637 2.0
3637 3633 2.0
3633 3637 2.0
3638 1590 1.0
1590 3638 1.0
3638 2614 1.0
2614 3638 1.0
3638 3126 1.0
3126 3638 1.0
3638 3606 1.0
3606 3638 1.0
3638 3622 1.0
3622 3638 1.0
3638 3634 1.0
3634 3638 1.0
3638 3637 2.0
3637 3638 2.0
3639 1591 1.0
1591 3639 1.0
3639 2615 1.0
2615 3639 1.0
3639 3127 1.0
3127 3639 1.0
3639 3607 2.0
3607 3639 2.0
3639 3623 1.0
3623 3639 1.0
3639 3635 1.0
3635 3639 1.0
3639 3637 2.0
3637 3639 2.0
3640 1592 1.0
1592 3640 1.0
3640 2616 1.0
2616 3640 1.0
3640 3128 1.0
3128 3640 1.0
3640 3608 1.0
3608 3640 1.0
3640 3624 1.0
3624 3640 1.0
3640 3636 1.0
3636 3640 1.0
3640 3638 1.0
3638 3640 1.0
3640 3639 1.0
3639 3640 1.0
3641 1593 2.0
1593 3641 2.0
3641 2617 1.0
2617 3641 1.0
3641 3129 1.0
3129 3641 1.0
3641 3609 1.0
3609 3641 1.0
3641 3625 1.0
3625 3641 1.0
3641 3633 1.0
3633 3641 1.0
3642 1594 1.0
1594 3642 1.0
3642 2618 1.0
2618 3642 1.0
3642 3130 1.0
3130 3642 1.0
3642 3610 1.0
3610 3642 1.0
3642 3626 1.0
3626 3642 1.0
3642 3634 1.0
3634 3642 1.0
3642 3641 1.0
3641 3642 1.0
3643 1595 1.0
1595 3643 1.0
3643 2619 1.0
2619 3643 1.0
3643 3131 1.0
3131 3643 1.0
3643 3611 1.0
3611 3643 1.0
3643 3627 1.0
3627 3643 1.0
3643 3635 1.0
3635 3643 1.0
3643 3641 1.0
3641 3643 1.0
3644 1596 2.0
1596 3644 2.0
3644 2620 2.0
2620 3644 2.0
3644 3132 2.0
3132 3644 2.0
3644 3612 3.0
3612 3644 3.0
3644 3628 2.0
3628 3644 2.0
3644 3636 2.0
3636 3644 2.0
3644 3642 2.0
3642 3644 2.0
3644 3643 2.0
3643 3644 2.0
3645 1597 1.0
1597 3645 1.0
3645 2621 2.0
2621 3645 2.0
3645 3133 1.0
3133 3645 1.0
3645 3613 1.0
3613 3645 1.0
3645 3629 1.0
3629 3645 1.0
3645 3637 2.0
3637 3645 2.0
3645 3641 1.0
3641 3645 1.0
3646 1598 1.0
1598 3646 1.0
3646 2622 1.0
2622 3646 1.0
3646 3134 1.0
3134 3646 1.0
3646 3614 1.0
3614 3646 1.0
3646 3630 1.0
3630 3646 1.0
3646 3638 1.0
3638 3646 1.0
3646 3642 1.0
3642 3646 1.0
3646 3645 1.0
3645 3646 1.0
3647 1599 1.0
1599 3647 1.0
3647 2623 1.0
2623 3647 1.0
3647 3135 1.0
3135 3647 1.0
3647 3615 1.0
3615 3647 1.0
3647 3631 2.0
3631 3647 2.0
3647 3639 1.0
3639 3647 1.0
3647 3643 1.0
3643 3647 1.0
3647 3645 1.0
3645 3647 1.0
3648 1600 1.0
1600 3648 1.0
3648 2624 1.0
2624 3648 1.0
3648 3136 2.0
3136 3648 2.0
3648 3616 1.0
3616 3648 1.0
3648 3632 1.0
3632 3648 1.0
3648 3640 1.0
3640 3648 1.0
3648 3644 2.0
3644 3648 2.0
3648 3646 1.0
3646 3648 1.0
3648 3647 1.0
3647 3648 1.0
3649 1601 1.0
1601 3649 1.0
3649 2625 1.0
2625 3649 1.0
3649 3137 1.0
3137 3649 1.0
3649 3585 2.0
3585 3649 2.0
3650 1602 1.0
1602 3650 1.0
3650 2626 1.0
2626 3650 1.0
3650 3138 1.0
3138 3650 1.0
3650 3586 1.0
3586 3650 1.0
3650 3649 1.0
3649 3650 1.0
3651 1603 2.0
1603 3651 2.0
3651 2627 2.0
2627 3651 2.0
3651 3139 2.0
3139 3651 2.0
3651 3587 2.0
3587 3651 2.0
3651 3649 2.0
3649 3651 2.0
3652 1604 1.0
1604 3652 1.0
3652 2628 1.0
2628 3652 1.0
3652 3140 1.0
3140 3652 1.0
3652 3588 1.0
3588 3652 1.0
3652 3650 1.0
3650 3652 1.0
3652 3651 2.0
3651 3652 2.0
3653 1605 1.0
1605 3653 1.0
3653 2629 1.0
2629 3653 1.0
3653 3141 2.0
3141 3653 2.0
3653 3589 1.0
3589 3653 1.0
3653 3649 1.0
3649 3653 1.0
3654 1606 1.0
1606 3654 1.0
3654 2630 1.0
2630 3654 1.0
3654 3142 1.0
3142 3654 1.0
3654 3590 1.0
3590 3654 1.0
3654 3650 1.0
3650 3654 1.0
3654 3653 1.0
3653 3654 1.0
3655 1607 1.0
1607 3655 1.0
3655 2631 1.0
2631 3655 1.0
3655 3143 1.0
3143 3655 1.0
3655 3591 1.0
3591 3655 1.0
3655 3651 2.0
3651 3655 2.0
3655 3653 1.0
3653 3655 1.0
3656 1608 1.0
1608 3656 1.0
3656 2632 1.0
2632 3656 1.0
3656 3144 1.0
3144 3656 1.0
3656 3592 1.0
3592 3656 1.0
3656 3652 1.0
3652 3656 1.0
3656 3654 1.0
3654 3656 1.0
3656 3655 1.0
3655 3656 1.0
3657 1609 2.0
1609 3657 2.0
3657 2633 2.0
2633 3657 2.0
3657 3145 2.0
3145 3657 2.0
3657 3593 2.0
3593 3657 2.0
3657 3649 2.0
3649 3657 2.0
3658 1610 1.0
1610 3658 1.0
3658 2634 1.0
2634 3658 1.0
3658 3146 1.0
3146 3658 1.0
3658 3594 1.0
3594 3658 1.0
3658 3650 1.0
3650 3658 1.0
3658 3657 2.0
3657 3658 2.0
3659 1611 1.0
1611 3659 1.0
3659 2635 1.0
2635 3659 1.0
3659 3147 1.0
3147 3659 1.0
3659 3595 1.0
3595 3659 1.0
3659 3651 2.0
3651 3659 2.0
3659 3657 2.0
3657 3659 2.0
3660 1612 1.0
1612 3660 1.0
3660 2636 1.0
2636 3660 1.0
3660 3148 2.0
3148 3660 2.0
3660 3596 2.0
3596 3660 2.0
3660 3652 1.0
3652 3660 1.0
3660 3658 1.0
3658 3660 1.0
3660 3659 1.0
3659 3660 1.0
3661 1613 1.0
1613 3661 1.0
3661 2637 1.0
2637 3661 1.0
3661 3149 1.0
3149 3661 1.0
3661 3597 1.0
3597 3661 1.0
3661 3653 1.0
3653 3661 1.0
3661 3657 2.0
3657 3661 2.0
3662 1614 1.0
1614 3662 1.0
3662 2638 1.0
2638 3662 1.0
3662 3150 1.0
3150 3662 1.0
3662 3598 1.0
3598 3662 1.0
3662 3654 1.0
3654 3662 1.0
3662 3658 1.0
3658 3662 1.0
3662 3661 1.0
3661 3662 1.0
3663 1615 1.0
1615 3663 1.0
3663 2639 1.0
2639 3663 1.0
3663 3151 1.0
3151 3663 1.0
3663 3599 1.0
3599 3663 1.0
3663 3655 1.0
3655 3663 1.0
3663 3659 1.0
3659 3663 1.0
3663 3661 1.0
3661 3663 1.0
3664 1616 1.0
1616 3664 1.0
3664 2640 1.0
2640 3664 1.0
3664 3152 1.0
3152 3664 1.0
3664 3600 1.0
3600 3664 1.0
3664 3656 1.0
3656 3664 1.0
3664 3660 1.0
3660 3664 1.0
3664 3662 1.0
3662 3664 1.0
3664 3663 1.0
3663 3664 1.0
3665 1617 1.0
1617 3665 1.0
3665 2641 2.0
2641 3665 2.0
3665 3153 1.0
3153 3665 1.0
3665 3601 1.0
3601 3665 1.0
3665 3649 1.0
3649 3665 1.0
3666 1618 1.0
1618 3666 1.0
3666 2642 1.0
2642 3666 1.0
3666 3154 1.0
3154 3666 1.0
3666 3602 1.0
3602 3666 1.0
3666 3650 1.0
3650 3666 1.0
3666 3665 1.0
3665 3666 1.0
3667 1619 1.0
1619 3667 1.0
3667 2643 1.0
2643 3667 1.0
3667 3155 1.0
3155 3667 1.0
3667 3603 1.0
3603 3667 1.0
3667 3651 2.0
3651 3667 2.0
3667 3665 1.0
3665 3667 1.0
3668 1620 1.0
1620 3668 1.0
3668 2644 1.0
2644 3668 1.0
3668 3156 1.0
3156 3668 1.0
3668 3604 1.0
3604 3668 1.0
3668 3652 1.0
3652 3668 1.0
3668 3666 1.0
3666 3668 1.0
3668 3667 1.0
3667 3668 1.0
3669 1621 2.0
1621 3669 2.0
3669 2645 1.0
2645 3669 1.0
3669 3157 1.0
3157 3669 1.0
3669 3605 1.0
3605 3669 1.0
3669 3653 1.0
3653 3669 1.0
3669 3665 1.0
3665 3669 1.0
3670 1622 2.0
1622 3670 2.0
3670 2646 2.0
2646 3670 2.0
3670 3158 2.0
3158 3670 2.0
3670 3606 2.0
3606 3670 2.0
3670 3654 2.0
3654 3670 2.0
3670 3666 2.0
3666 3670 2.0
3670 3669 2.0
3669 3670 2.0
3671 1623 1.0
1623 3671 1.0
3671 2647 1.0
2647 3671 1.0
3671 3159 1.0
3159 3671 1.0
3671 3607 2.0
3607 3671 2.0
3671 3655 1.0
3655 3671 1.0
3671 3667 1.0
3667 3671 1.0
3671 3669 1.0
3669 3671 1.0
3672 1624 1.0
1624 3672 1.0
3672 2648 1.0
2648 3672 1.0
3672 3160 1.0
3160 3672 1.0
3672 3608 1.0
3608 3672 1.0
3672 3656 1.0
3656 3672 1.0
3672 3668 1.0
3668 3672 1.0
3672 3670 2.0
3670 3672 2.0
3672 3671 1.0
3671 3672 1.0
3673 1625 1.0
1625 3673 1.0
3673 2649 1.0
2649 3673 1.0
3673 3161 1.0
3161 3673 1.0
3673 3609 1.0
3609 3673 1.0
3673 3657 2.0
3657 3673 2.0
3673 3665 1.0
3665 3673 1.0
3674 1626 2.0
1626 3674 2.0
3674 2650 1.0
2650 3674 1.0
3674 3162 1.0
3162 3674 1.0
3674 3610 1.0
3610 3674 1.0
3674 3658 1.0
3658 3674 1.0
3674 3666 1.0
3666 3674 1.0
3674 3673 1.0
3673 3674 1.0
3675 1627 1.0
1627 3675 1.0
3675 2651 1.0
2651 3675 1.0
3675 3163 2.0
3163 3675 2.0
3675 3611 1.0
3611 3675 1.0
3675 3659 1.0
3659 3675 1.0
3675 3667 1.0
3667 3675 1.0
3675 3673 1.0
3673 3675 1.0
3676 1628 1.0
1628 3676 1.0
3676 2652 1.0
2652 3676 1.0
3676 3164 2.0
3164 3676 2.0
3676 3612 2.0
3612 3676 2.0
3676 3660 1.0
3660 3676 1.0
3676 3668 1.0
3668 3676 1.0
3676 3674 1.0
3674 3676 1.0
3676 3675 1.0
3675 3676 1.0
3677 1629 1.0
1629 3677 1.0
3677 2653 1.0
2653 3677 1.0
3677 3165 1.0
3165 3677 1.0
3677 3613 1.0
3613 3677 1.0
3677 3661 1.0
3661 3677 1.0
3677 3669 1.0
3669 3677 1.0
3677 3673 1.0
3673 3677 1.0
3678 1630 2.0
1630 3678 2.0
3678 2654 2.0
2654 3678 2.0
3678 3166 2.0
3166 3678 2.0
3678 3614 2.0
3614 3678 2.0
3678 3662 2.0
3662 3678 2.0
3678 3670 3.0
3670 3678 3.0
3678 3674 2.0
3674 3678 2.0
3678 3677 2.0
3677 3678 2.0
3679 1631 2.0
1631 3679 2.0
3679 2655 2.0
2655 3679 2.0
3679 3167 2.0
3167 3679 2.0
3679 3615 2.0
3615 3679 2.0
3679 3663 2.0
3663 3679 2.0
3679 3671 2.0
3671 3679 2.0
3679 3675 2.0
3675 3679 2.0
3679 3677 2.0
3677 3679 2.0
3680 1632 1.0
1632 3680 1.0
3680 2656 1.0
2656 3680 1.0
3680 3168 1.0
3168 3680 1.0
3680 3616 1.0
3616 3680 1.0
3680 3664 1.0
3664 3680 1.0
3680 3672 1.0
3672 3680 1.0
3680 3676 1.0
3676 3680 1.0
3680 3678 2.0
3678 3680 2.0
3680 3679 2.0
3679 3680 2.0
3681 1633 1.0
1633 3681 1.0
3681 2657 1.0
2657 3681 1.0
3681 3169 2.0
3169 3681 2.0
3681 3617 1.0
3617 3681 1.0
3681 3649 1.0
3649 3681 1.0
3682 1634 1.0
1634 3682 1.0
3682 2658 1.0
2658 3682 1.0
3682 3170 1.0
3170 3682 1.0
3682 3618 1.0
3618 3682 1.0
3682 3650 1.0
3650 3682 1.0
3682 3681 1.0
3681 3682 1.0
3683 1635 1.0
1635 3683 1.0
3683 2659 1.0
2659 3683 1.0
3683 3171 1.0
3171 3683 1.0
3683 3619 1.0
3619 3683 1.0
3683 3651 2.0
3651 3683 2.0
3683 3681 1.0
3681 3683 1.0
3684 1636 2.0
1636 3684 2.0
3684 2660 2.0
2660 3684 2.0
3684 3172 2.0
3172 3684 2.0
3684 3620 2.0
3620 3684 2.0
3684 3652 2.0
3652 3684 2.0
3684 3682 2.0
3682 3684 2.0
3684 3683 2.0
3683 3684 2.0
3685 1637 2.0
1637 3685 2.0
3685 2661 1.0
2661 3685 1.0
3685 3173 1.0
3173 3685 1.0
3685 3621 1.0
3621 3685 1.0
3685 3653 1.0
3653 3685 1.0
3685 3681 1.0
3681 3685 1.0
3686 1638 1.0
1638 3686 1.0
3686 2662 1.0
2662 3686 1.0
3686 3174 1.0
3174 3686 1.0
3686 3622 1.0
3622 3686 1.0
3686 3654 1.0
3654 3686 1.0
3686 3682 1.0
3682 3686 1.0
3686 3685 1.0
3685 3686 1.0
3687 1639 2.0
1639 3687 2.0
3687 2663 2.0
2663 3687 2.0
3687 3175 2.0
3175 3687 2.0
3687 3623 2.0
3623 3687 2.0
3687 3655 2.0
3655 3687 2.0
3687 3683 2.0
3683 3687 2.0
3687 3685 2.0
3685 3687 2.0
3688 1640 2.0
1640 3688 2.0
3688 2664 2.0
2664 3688 2.0
3688 3176 2.0
3176 3688 2.0
3688 3624 2.0
3624 3688 2.0
3688 3656 2.0
3656 3688 2.0
3688 3684 3.0
3684 3688 3.0
3688 3686 2.0
3686 3688 2.0
3688 3687 3.0
3687 3688 3.0
3689 1641 2.0
1641 3689 2.0
3689 2665 2.0
2665 3689 2.0
3689 3177 2.0
3177 3689 2.0
3689 3625 2.0
3625 3689 2.0
3689 3657 3.0
3657 3689 3.0
3689 3681 2.0
3681 3689 2.0
3690 1642 1.0
1642 3690 1.0
3690 2666 2.0
2666 3690 2.0
3690 3178 1.0
3178 3690 1.0
3690 3626 1.0
3626 3690 1.0
3690 3658 1.0
3658 3690 1.0
3690 3682 1.0
3682 3690 1.0
3690 3689 2.0
3689 3690 2.0
3691 1643 2.0
1643 3691 2.0
3691 2667 1.0
2667 3691 1.0
3691 3179 1.0
3179 3691 1.0
3691 3627 1.0
3627 3691 1.0
3691 3659 1.0
3659 3691 1.0
3691 3683 1.0
3683 3691 1.0
3691 3689 2.0
3689 3691 2.0
3692 1644 1.0
1644 3692 1.0
3692 2668 1.0
2668 3692 1.0
3692 3180 1.0
3180 3692 1.0
3692 3628 1.0
3628 3692 1.0
3692 3660 1.0
3660 3692 1.0
3692 3684 2.0
3684 3692 2.0
3692 3690 1.0
3690 3692 1.0
3692 3691 1.0
3691 3692 1.0
3693 1645 1.0
1645 3693 1.0
3693 2669 1.0
2669 3693 1.0
3693 3181 1.0
3181 3693 1.0
3693 3629 1.0
3629 3693 1.0
3693 3661 1.0
3661 3693 1.0
3693 3685 1.0
3685 3693 1.0
3693 3689 2.0
3689 3693 2.0
3694 1646 1.0
1646 3694 1.0
3694 2670 2.0
2670 3694 2.0
3694 3182 1.0
3182 3694 1.0
3694 3630 1.0
3630 3694 1.0
3694 3662 1.0
3662 3694 1.0
3694 3686 1.0
3686 3694 1.0
3694 3690 1.0
3690 3694 1.0
3694 3693 1.0
3693 3694 1.0
3695 1647 1.0
1647 3695 1.0
3695 2671 1.0
2671 3695 1.0
3695 3183 1.0
3183 3695 1.0
3695 3631 2.0
3631 3695 2.0
3695 3663 1.0
3663 3695 1.0
3695 3687 2.0
3687 3695 2.0
3695 3691 1.0
3691 3695 1.0
3695 3693 1.0
3693 3695 1.0
3696 1648 1.0
1648 3696 1.0
3696 2672 1.0
2672 3696 1.0
3696 3184 1.0
3184 3696 1.0
3696 3632 1.0
3632 3696 1.0
3696 3664 1.0
3664 3696 1.0
3696 3688 2.0
3688 3696 2.0
3696 3692 1.0
3692 3696 1.0
3696 3694 1.0
3694 3696 1.0
3696 3695 1.0
3695 3696 1.0
3697 1649 1.0
1649 3697 1.0
3697 2673 1.0
2673 3697 1.0
3697 3185 1.0
3185 3697 1.0
3697 3633 1.0
3633 3697 1.0
3697 3665 1.0
3665 3697 1.0
3697 3681 1.0
3681 3697 1.0
3698 1650 2.0
1650 3698 2.0
3698 2674 2.0
2674 3698 2.0
3698 3186 2.0
3186 3698 2.0
3698 3634 2.0
3634 3698 2.0
3698 3666 2.0
3666 3698 2.0
3698 3682 2.0
3682 3698 2.0
3698 3697 2.0
3697 3698 2.0
3699 1651 2.0
1651 3699 2.0
3699 2675 1.0
2675 3699 1.0
3699 3187 1.0
3187 3699 1.0
3699 3635 1.0
3635 3699 1.0
3699 3667 1.0
3667 3699 1.0
3699 3683 1.0
3683 3699 1.0
3699 3697 1.0
3697 3699 1.0
3700 1652 1.0
1652 3700 1.0
3700 2676 1.0
2676 3700 1.0
3700 3188 1.0
3188 3700 1.0
3700 3636 1.0
3636 3700 1.0
3700 3668 1.0
3668 3700 1.0
3700 3684 2.0
3684 3700 2.0
3700 3698 2.0
3698 3700 2.0
3700 3699 1.0
3699 3700 1.0
3701 1653 1.0
1653 3701 1.0
3701 2677 1.0
2677 3701 1.0
3701 3189 1.0
3189 3701 1.0
3701 3637 2.0
3637 3701 2.0
3701 3669 1.0
3669 3701 1.0
3701 3685 1.0
3685 3701 1.0
3701 3697 1.0
3697 3701 1.0
3702 1654 1.0
1654 3702 1.0
3702 2678 1.0
2678 3702 1.0
3702 3190 1.0
3190 3702 1.0
3702 3638 1.0
3638 3702 1.0
3702 3670 2.0
3670 3702 2.0
3702 3686 1.0
3686 3702 1.0
3702 3698 2.0
3698 3702 2.0
3702 3701 1.0
3701 3702 1.0
3703 1655 1.0
1655 3703 1.0
3703 2679 1.0
2679 3703 1.0
3703 3191 1.0
3191 3703 1.0
3703 3639 1.0
3639 3703 1.0
3703 3671 1.0
3671 3703 1.0
3703 3687 2.0
3687 3703 2.0
3703 3699 1.0
3699 3703 1.0
3703 3701 1.0
3701 3703 1.0
3704 1656 1.0
1656 3704 1.0
3704 2680 1.0
2680 3704 1.0
3704 3192 2.0
3192 3704 2.0
3704 3640 1.0
3640 3704 1.0
3704 3672 1.0
3672 3704 1.0
3704 3688 2.0
3688 3704 2.0
3704 3700 1.0
3700 3704 1.0
3704 3702 1.0
3702 3704 1.0
3704 3703 1.0
3703 3704 1.0
3705 1657 1.0
1657 3705 1.0
3705 2681 1.0
2681 3705 1.0
3705 3193 1.0
3193 3705 1.0
3705 3641 1.0
3641 3705 1.0
3705 3673 1.0
3673 3705 1.0
3705 3689 2.0
3689 3705 2.0
3705 3697 1.0
3697 3705 1.0
3706 1658 1.0
1658 3706 1.0
3706 2682 1.0
2682 3706 1.0
3706 3194 1.0
3194 3706 1.0
3706 3642 1.0
3642 3706 1.0
3706 3674 1.0
3674 3706 1.0
3706 3690 1.0
3690 3706 1.0
3706 3698 2.0
3698 3706 2.0
3706 3705 1.0
3705 3706 1.0
3707 1659 1.0
1659 3707 1.0
3707 2683 2.0
2683 3707 2.0
3707 3195 1.0
3195 3707 1.0
3707 3643 1.0
3643 3707 1.0
3707 3675 1.0
3675 3707 1.0
3707 3691 1.0
3691 3707 1.0
3707 3699 1.0
3699 3707 1.0
3707 3705 1.0
3705 3707 1.0
3708 1660 1.0
1660 3708 1.0
3708 2684 1.0
2684 3708 1.0
3708 3196 1.0
3196 3708 1.0
3708 3644 2.0
3644 3708 2.0
3708 3676 1.0
3676 3708 1.0
3708 3692 1.0
3692 3708 1.0
3708 3700 1.0
3700 3708 1.0
3708 3706 1.0
3706 3708 1.0
3708 3707 1.0
3707 3708 1.0
3709 1661 1.0
1661 3709 1.0
3709 2685 1.0
2685 3709 1.0
3709 3197 2.0
3197 3709 2.0
3709 3645 1.0
3645 3709 1.0
3709 3677 1.0
3677 3709 1.0
3709 3693 1.0
3693 3709 1.0
3709 3701 1.0
3701 3709 1.0
3709 3705 1.0
3705 3709 1.0
3710 1662 2.0
1662 3710 2.0
3710 2686 1.0
2686 3710 1.0
3710 3198 1.0
3198 3710 1.0
3710 3646 1.0
3646 3710 1.0
3710 3678 2.0
3678 3710 2.0
3710 3694 1.0
3694 3710 1.0
3710 3702 1.0
3702 3710 1.0
3710 3706 1.0
3706 3710 1.0
3710 3709 1.0
3709 3710 1.0
3711 1663 1.0
1663 3711 1.0
3711 2687 1.0
2687 3711 1.0
3711 3199 1.0
3199 3711 1.0
3711 3647 1.0
3647 3711 1.0
3711 3679 2.0
3679 3711 2.0
3711 3695 1.0
3695 3711 1.0
3711 3703 1.0
3703 3711 1.0
3711 3707 1.0
3707 3711 1.0
3711 3709 1.0
3709 3711 1.0
3712 1664 2.0
1664 3712 2.0
3712 2688 1.0
2688 3712 1.0
3712 3200 1.0
3200 3712 1.0
3712 3648 1.0
3648 3712 1.0
3712 3680 1.0
3680 3712 1.0
3712 3696 1.0
3696 3712 1.0
3712 3704 1.0
3704 3712 1.0
3712 3708 1.0
3708 3712 1.0
3712 3710 1.0
3710 3712 1.0
3712 3711 1.0
3711 3712 1.0
3713 1665 1.0
1665 3713 1.0
3713 2689 1.0
2689 3713 1.0
3713 3201 1.0
3201 3713 1.0
3713 3585 2.0
3585 3713 2.0
3714 1666 1.0
1666 3714 1.0
3714 2690 2.0
2690 3714 2.0
3714 3202 1.0
3202 3714 1.0
3714 3586 1.0
3586 3714 1.0
3714 3713 1.0
3713 3714 1.0
3715 1667 1.0
1667 3715 1.0
3715 2691 1.0
2691 3715 1.0
3715 3203 1.0
3203 3715 1.0
3715 3587 1.0
3587 3715 1.0
3715 3713 1.0
3713 3715 1.0
3716 1668 1.0
1668 3716 1.0
3716 2692 1.0
2692 3716 1.0
3716 3204 1.0
3204 3716 1.0
3716 3588 1.0
3588 3716 1.0
3716 3714 1.0
3714 3716 1.0
3716 3715 1.0
3715 3716 1.0
3717 1669 1.0
1669 3717 1.0
3717 2693 1.0
2693 3717 1.0
3717 3205 1.0
3205 3717 1.0
3717 3589 1.0
3589 3717 1.0
3717 3713 1.0
3713 3717 1.0
3718 1670 2.0
1670 3718 2.0
3718 2694 2.0
2694 3718 2.0
3718 3206 3.0
3206 3718 3.0
3718 3590 2.0
3590 3718 2.0
3718 3714 2.0
3714 3718 2.0
3718 3717 2.0
3717 3718 2.0
3719 1671 2.0
1671 3719 2.0
3719 2695 1.0
2695 3719 1.0
3719 3207 1.0
3207 3719 1.0
3719 3591 1.0
3591 3719 1.0
3719 3715 1.0
3715 3719 1.0
3719 3717 1.0
3717 3719 1.0
3720 1672 1.0
1672 3720 1.0
3720 2696 1.0
2696 3720 1.0
3720 3208 1.0
3208 3720 1.0
3720 3592 1.0
3592 3720 1.0
3720 3716 1.0
3716 3720 1.0
3720 3718 2.0
3718 3720 2.0
3720 3719 1.0
3719 3720 1.0
3721 1673 1.0
1673 3721 1.0
3721 2697 1.0
2697 3721 1.0
3721 3209 1.0
3209 3721 1.0
3721 3593 1.0
3593 3721 1.0
3721 3713 1.0
3713 3721 1.0
3722 1674 1.0
1674 3722 1.0
3722 2698 1.0
2698 3722 1.0
3722 3210 1.0
3210 3722 1.0
3722 3594 1.0
3594 3722 1.0
3722 3714 1.0
3714 3722 1.0
3722 3721 1.0
3721 3722 1.0
3723 1675 2.0
1675 3723 2.0
3723 2699 1.0
2699 3723 1.0
3723 3211 1.0
3211 3723 1.0
3723 3595 1.0
3595 3723 1.0
3723 3715 1.0
3715 3723 1.0
3723 3721 1.0
3721 3723 1.0
3724 1676 1.0
1676 3724 1.0
3724 2700 1.0
2700 3724 1.0
3724 3212 2.0
3212 3724 2.0
3724 3596 2.0
3596 3724 2.0
3724 3716 1.0
3716 3724 1.0
3724 3722 1.0
3722 3724 1.0
3724 3723 1.0
3723 3724 1.0
3725 1677 2.0
1677 3725 2.0
3725 2701 2.0
2701 3725 2.0
3725 3213 2.0
3213 3725 2.0
3725 3597 2.0
3597 3725 2.0
3725 3717 2.0
3717 3725 2.0
3725 3721 2.0
3721 3725 2.0
3726 1678 1.0
1678 3726 1.0
3726 2702 1.0
2702 3726 1.0
3726 3214 1.0
3214 3726 1.0
3726 3598 1.0
3598 3726 1.0
3726 3718 2.0
3718 3726 2.0
3726 3722 1.0
3722 3726 1.0
3726 3725 2.0
3725 3726 2.0
3727 1679 1.0
1679 3727 1.0
3727 2703 1.0
2703 3727 1.0
3727 3215 2.0
3215 3727 2.0
3727 3599 1.0
3599 3727 1.0
3727 3719 1.0
3719 3727 1.0
3727 3723 1.0
3723 3727 1.0
3727 3725 2.0
3725 3727 2.0
3728 1680 1.0
1680 3728 1.0
3728 2704 1.0
2704 3728 1.0
3728 3216 1.0
3216 3728 1.0
3728 3600 1.0
3600 3728 1.0
3728 3720 1.0
3720 3728 1.0
3728 3724 1.0
3724 3728 1.0
3728 3726 1.0
3726 3728 1.0
3728 3727 1.0
3727 3728 1.0
3729 1681 3.0
1681 3729 3.0
3729 2705 2.0
2705 3729 2.0
3729 3217 2.0
3217 3729 2.0
3729 3601 2.0
3601 3729 2.0
3729 3713 2.0
3713 3729 2.0
3730 1682 1.0
1682 3730 1.0
3730 2706 1.0
2706 3730 1.0
3730 3218 1.0
3218 3730 1.0
3730 3602 1.0
3602 3730 1.0
3730 3714 1.0
3714 3730 1.0
3730 3729 2.0
3729 3730 2.0
3731 1683 1.0
1683 3731 1.0
3731 2707 1.0
2707 3731 1.0
3731 3219 1.0
3219 3731 1.0
3731 3603 1.0
3603 3731 1.0
3731 3715 1.0
3715 3731 1.0
3731 3729 2.0
3729 3731 2.0
3732 1684 1.0
1684 3732 1.0
3732 2708 1.0
2708 3732 1.0
3732 3220 1.0
3220 3732 1.0
3732 3604 1.0
3604 3732 1.0
3732 3716 1.0
3716 3732 1.0
3732 3730 1.0
3730 3732 1.0
3732 3731 1.0
3731 3732 1.0
3733 1685 1.0
1685 3733 1.0
3733 2709 1.0
2709 3733 1.0
3733 3221 1.0
3221 3733 1.0
3733 3605 1.0
3605 3733 1.0
3733 3717 1.0
3717 3733 1.0
3733 3729 2.0
3729 3733 2.0
3734 1686 1.0
1686 3734 1.0
3734 2710 1.0
2710 3734 1.0
3734 3222 1.0
3222 3734 1.0
3734 3606 1.0
3606 3734 1.0
3734 3718 2.0
3718 3734 2.0
3734 3730 1.0
3730 3734 1.0
3734 3733 1.0
3733 3734 1.0
3735 1687 1.0
1687 3735 1.0
3735 2711 2.0
2711 3735 2.0
3735 3223 1.0
3223 3735 1.0
3735 3607 2.0
3607 3735 2.0
3735 3719 1.0
3719 3735 1.0
3735 3731 1.0
3731 3735 1.0
3735 3733 1.0
3733 3735 1.0
3736 1688 1.0
1688 3736 1.0
3736 2712 1.0
2712 3736 1.0
3736 3224 2.0
3224 3736 2.0
3736 3608 1.0
3608 3736 1.0
3736 3720 1.0
3720 3736 1.0
3736 3732 1.0
3732 3736 1.0
3736 3734 1.0
3734 3736 1.0
3736 3735 1.0
3735 3736 1.0
3737 1689 1.0
1689 3737 1.0
3737 2713 1.0
2713 3737 1.0
3737 3225 1.0
3225 3737 1.0
3737 3609 1.0
3609 3737 1.0
3737 3721 1.0
3721 3737 1.0
3737 3729 2.0
3729 3737 2.0
3738 1690 2.0
1690 3738 2.0
3738 2714 2.0
2714 3738 2.0
3738 3226 2.0
3226 3738 2.0
3738 3610 2.0
3610 3738 2.0
3738 3722 2.0
3722 3738 2.0
3738 3730 2.0
3730 3738 2.0
3738 3737 2.0
3737 3738 2.0
3739 1691 1.0
1691 3739 1.0
3739 2715 1.0
2715 3739 1.0
3739 3227 1.0
3227 3739 1.0
3739 3611 1.0
3611 3739 1.0
3739 3723 1.0
3723 3739 1.0
3739 3731 1.0
3731 3739 1.0
3739 3737 1.0
3737 3739 1.0
3740 1692 1.0
1692 3740 1.0
3740 2716 1.0
2716 3740 1.0
3740 3228 1.0
3228 3740 1.0
3740 3612 2.0
3612 3740 2.0
3740 3724 1.0
3724 3740 1.0
3740 3732 1.0
3732 3740 1.0
3740 3738 2.0
3738 3740 2.0
3740 3739 1.0
3739 3740 1.0
3741 1693 1.0
1693 3741 1.0
3741 2717 1.0
2717 3741 1.0
3741 3229 1.0
3229 3741 1.0
3741 3613 1.0
3613 3741 1.0
3741 3725 2.0
3725 3741 2.0
3741 3733 1.0
3733 3741 1.0
3741 3737 1.0
3737 3741 1.0
3742 1694 1.0
1694 3742 1.0
3742 2718 1.0
2718 3742 1.0
3742 3230 1.0
3230 3742 1.0
3742 3614 1.0
3614 3742 1.0
3742 3726 1.0
3726 3742 1.0
3742 3734 1.0
3734 3742 1.0
3742 3738 2.0
3738 3742 2.0
3742 3741 1.0
3741 3742 1.0
3743 1695 2.0
1695 3743 2.0
3743 2719 1.0
2719 3743 1.0
3743 3231 1.0
3231 3743 1.0
3743 3615 1.0
3615 3743 1.0
3743 3727 1.0
3727 3743 1.0
3743 3735 1.0
3735 3743 1.0
3743 3739 1.0
3739 3743 1.0
3743 3741 1.0
3741 3743 1.0
3744 1696 1.0
1696 3744 1.0
3744 2720 1.0
2720 3744 1.0
3744 3232 2.0
3232 3744 2.0
3744 3616 1.0
3616 3744 1.0
3744 3728 1.0
3728 3744 1.0
3744 3736 1.0
3736 3744 1.0
3744 3740 1.0
3740 3744 1.0
3744 3742 1.0
3742 3744 1.0
3744 3743 1.0
3743 3744 1.0
3745 1697 1.0
1697 3745 1.0
3745 2721 1.0
2721 3745 1.0
3745 3233 1.0
3233 3745 1.0
3745 3617 1.0
3617 3745 1.0
3745 3713 1.0
3713 3745 1.0
3746 1698 1.0
1698 3746 1.0
3746 2722 1.0
2722 3746 1.0
3746 3234 1.0
3234 3746 1.0
3746 3618 1.0
3618 3746 1.0
3746 3714 1.0
3714 3746 1.0
3746 3745 1.0
3745 3746 1.0
3747 1699 1.0
1699 3747 1.0
3747 2723 1.0
2723 3747 1.0
3747 3235 1.0
3235 3747 1.0
3747 3619 1.0
3619 3747 1.0
3747 3715 1.0
3715 3747 1.0
3747 3745 1.0
3745 3747 1.0
3748 1700 2.0
1700 3748 2.0
3748 2724 2.0
2724 3748 2.0
3748 3236 3.0
3236 3748 3.0
3748 3620 2.0
3620 3748 2.0
3748 3716 2.0
3716 3748 2.0
3748 3746 2.0
3746 3748 2.0
3748 3747 2.0
3747 3748 2.0
3749 1701 1.0
1701 3749 1.0
3749 2725 1.0
2725 3749 1.0
3749 3237 2.0
3237 3749 2.0
3749 3621 1.0
3621 3749 1.0
3749 3717 1.0
3717 3749 1.0
3749 3745 1.0
3745 3749 1.0
3750 1702 2.0
1702 3750 2.0
3750 2726 2.0
2726 3750 2.0
3750 3238 2.0
3238 3750 2.0
3750 3622 2.0
3622 3750 2.0
3750 3718 3.0
3718 3750 3.0
3750 3746 2.0
3746 3750 2.0
3750 3749 2.0
3749 3750 2.0
3751 1703 1.0
1703 3751 1.0
3751 2727 1.0
2727 3751 1.0
3751 3239 1.0
3239 3751 1.0
3751 3623 1.0
3623 3751 1.0
3751 3719 1.0
3719 3751 1.0
3751 3747 1.0
3747 3751 1.0
3751 3749 1.0
3749 3751 1.0
3752 1704 1.0
1704 3752 1.0
3752 2728 1.0
2728 3752 1.0
3752 3240 1.0
3240 3752 1.0
3752 3624 1.0
3624 3752 1.0
3752 3720 1.0
3720 3752 1.0
3752 3748 2.0
3748 3752 2.0
3752 3750 2.0
3750 3752 2.0
3752 3751 1.0
3751 3752 1.0
3753 1705 1.0
1705 3753 1.0
3753 2729 2.0
2729 3753 2.0
3753 3241 1.0
3241 3753 1.0
3753 3625 1.0
3625 3753 1.0
3753 3721 1.0
3721 3753 1.0
3753 3745 1.0
3745 3753 1.0
3754 1706 2.0
1706 3754 2.0
3754 2730 1.0
2730 3754 1.0
3754 3242 1.0
3242 3754 1.0
3754 3626 1.0
3626 3754 1.0
3754 3722 1.0
3722 3754 1.0
3754 3746 1.0
3746 3754 1.0
3754 3753 1.0
3753 3754 1.0
3755 1707 1.0
1707 3755 1.0
3755 2731 1.0
2731 3755 1.0
3755 3243 1.0
3243 3755 1.0
3755 3627 1.0
3627 3755 1.0
3755 3723 1.0
3723 3755 1.0
3755 3747 1.0
3747 3755 1.0
3755 3753 1.0
3753 3755 1.0
3756 1708 1.0
1708 3756 1.0
3756 2732 1.0
2732 3756 1.0
3756 3244 1.0
3244 3756 1.0
3756 3628 1.0
3628 3756 1.0
3756 3724 1.0
3724 3756 1.0
3756 3748 2.0
3748 3756 2.0
3756 3754 1.0
3754 3756 1.0
3756 3755 1.0
3755 3756 1.0
3757 1709 1.0
1709 3757 1.0
3757 2733 1.0
2733 3757 1.0
3757 3245 1.0
3245 3757 1.0
3757 3629 1.0
3629 3757 1.0
3757 3725 2.0
3725 3757 2.0
3757 3749 1.0
3749 3757 1.0
3757 3753 1.0
3753 3757 1.0
3758 1710 1.0
1710 3758 1.0
3758 2734 1.0
2734 3758 1.0
3758 3246 1.0
3246 3758 1.0
3758 3630 1.0
3630 3758 1.0
3758 3726 1.0
3726 3758 1.0
3758 3750 2.0
3750 3758 2.0
3758 3754 1.0
3754 3758 1.0
3758 3757 1.0
3757 3758 1.0
3759 1711 1.0
1711 3759 1.0
3759 2735 1.0
2735 3759 1.0
3759 3247 1.0
3247 3759 1.0
3759 3631 2.0
3631 3759 2.0
3759 3727 1.0
3727 3759 1.0
3759 3751 1.0
3751 3759 1.0
3759 3755 1.0
3755 3759 1.0
3759 3757 1.0
3757 3759 1.0
3760 1712 1.0
1712 3760 1.0
3760 2736 2.0
2736 3760 2.0
3760 3248 1.0
3248 3760 1.0
3760 3632 1.0
3632 3760 1.0
3760 3728 1.0
3728 3760 1.0
3760 3752 1.0
3752 3760 1.0
3760 3756 1.0
3756 3760 1.0
3760 3758 1.0
3758 3760 1.0
3760 3759 1.0
3759 3760 1.0
3761 1713 1.0
1713 3761 1.0
3761 2737 1.0
2737 3761 1.0
3761 3249 1.0
3249 3761 1.0
3761 3633 1.0
3633 3761 1.0
3761 3729 2.0
3729 3761 2.0
3761 3745 1.0
3745 3761 1.0
3762 1714 1.0
1714 3762 1.0
3762 2738 2.0
2738 3762 2.0
3762 3250 1.0
3250 3762 1.0
3762 3634 1.0
3634 3762 1.0
3762 3730 1.0
3730 3762 1.0
3762 3746 1.0
3746 3762 1.0
3762 3761 1.0
3761 3762 1.0
3763 1715 1.0
1715 3763 1.0
3763 2739 1.0
2739 3763 1.0
3763 3251 1.0
3251 3763 1.0
3763 3635 1.0
3635 3763 1.0
3763 3731 1.0
3731 3763 1.0
3763 3747 1.0
3747 3763 1.0
3763 3761 1.0
3761 3763 1.0
3764 1716 2.0
1716 3764 2.0
3764 2740 1.0
2740 3764 1.0
3764 3252 1.0
3252 3764 1.0
3764 3636 1.0
3636 3764 1.0
3764 3732 1.0
3732 3764 1.0
3764 3748 2.0
3748 3764 2.0
3764 3762 1.0
3762 3764 1.0
3764 3763 1.0
3763 3764 1.0
3765 1717 2.0
1717 3765 2.0
3765 2741 1.0
2741 3765 1.0
3765 3253 1.0
3253 3765 1.0
3765 3637 2.0
3637 3765 2.0
3765 3733 1.0
3733 3765 1.0
3765 3749 1.0
3749 3765 1.0
3765 3761 1.0
3761 3765 1.0
3766 1718 1.0
1718 3766 1.0
3766 2742 1.0
2742 3766 1.0
3766 3254 1.0
3254 3766 1.0
3766 3638 1.0
3638 3766 1.0
3766 3734 1.0
3734 3766 1.0
3766 3750 2.0
3750 3766 2.0
3766 3762 1.0
3762 3766 1.0
3766 3765 1.0
3765 3766 1.0
3767 1719 1.0
1719 3767 1.0
3767 2743 2.0
2743 3767 2.0
3767 3255 1.0
3255 3767 1.0
3767 3639 1.0
3639 3767 1.0
3767 3735 1.0
3735 3767 1.0
3767 3751 1.0
3751 3767 1.0
3767 3763 1.0
3763 3767 1.0
3767 3765 1.0
3765 3767 1.0
3768 1720 1.0
1720 3768 1.0
3768 2744 1.0
2744 3768 1.0
3768 3256 1.0
3256 3768 1.0
3768 3640 1.0
3640 3768 1.0
3768 3736 1.0
3736 3768 1.0
3768 3752 1.0
3752 3768 1.0
3768 3764 1.0
3764 3768 1.0
3768 3766 1.0
3766 3768 1.0
3768 3767 1.0
3767 3768 1.0
3769 1721 1.0
1721 3769 1.0
3769 2745 1.0
2745 3769 1.0
3769 3257 2.0
3257 3769 2.0
3769 3641 1.0
3641 3769 1.0
3769 3737 1.0
3737 3769 1.0
3769 3753 1.0
3753 3769 1.0
3769 3761 1.0
3761 3769 1.0
3770 1722 1.0
1722 3770 1.0
3770 2746 1.0
2746 3770 1.0
3770 3258 1.0
3258 3770 1.0
3770 3642 1.0
3642 3770 1.0
3770 3738 2.0
3738 3770 2.0
3770 3754 1.0
3754 3770 1.0
3770 3762 1.0
3762 3770 1.0
3770 3769 1.0
3769 3770 1.0
3771 1723 2.0
1723 3771 2.0
3771 2747 2.0
2747 3771 2.0
3771 3259 2.0
3259 3771 2.0
3771 3643 2.0
3643 3771 2.0
3771 3739 2.0
3739 3771 2.0
3771 3755 2.0
3755 3771 2.0
3771 3763 2.0
3763 3771 2.0
3771 3769 2.0
3769 3771 2.0
3772 1724 2.0
1724 3772 2.0
3772 2748 2.0
2748 3772 2.0
3772 3260 2.0
3260 3772 2.0
3772 3644 3.0
3644 3772 3.0
3772 3740 2.0
3740 3772 2.0
3772 3756 2.0
3756 3772 2.0
3772 3764 2.0
3764 3772 2.0
3772 3770 2.0
3770 3772 2.0
3772 3771 3.0
3771 3772 3.0
3773 1725 1.0
1725 3773 1.0
3773 2749 1.0
2749 3773 1.0
3773 3261 1.0
3261 3773 1.0
3773 3645 1.0
3645 3773 1.0
3773 3741 1.0
3741 3773 1.0
3773 3757 1.0
3757 3773 1.0
3773 3765 1.0
3765 3773 1.0
3773 3769 1.0
3769 3773 1.0
3774 1726 1.0
1726 3774 1.0
3774 2750 1.0
2750 3774 1.0
3774 3262 1.0
3262 3774 1.0
3774 3646 1.0
3646 3774 1.0
3774 3742 1.0
3742 3774 1.0
3774 3758 1.0
3758 3774 1.0
3774 3766 1.0
3766 3774 1.0
3774 3770 1.0
3770 3774 1.0
3774 3773 1.0
3773 3774 1.0
3775 1727 1.0
1727 3775 1.0
3775 2751 1.0
2751 3775 1.0
3775 3263 1.0
3263 3775 1.0
3775 3647 1.0
3647 3775 1.0
3775 3743 1.0
3743 3775 1.0
3775 3759 1.0
3759 3775 1.0
3775 3767 1.0
3767 3775 1.0
3775 3771 2.0
3771 3775 2.0
3775 3773 1.0
3773 3775 1.0
3776 1728 2.0
1728 3776 2.0
3776 2752 2.0
2752 3776 2.0
3776 3264 2.0
3264 3776 2.0
3776 3648 2.0
3648 3776 2.0
3776 3744 2.0
3744 3776 2.0
3776 3760 2.0
3760 3776 2.0
3776 3768 2.0
3768 3776 2.0
3776 3772 3.0
3772 3776 3.0
3776 3774 2.0
3774 3776 2.0
3776 3775 2.0
3775 3776 2.0
3777 1729 1.0
1729 3777 1.0
3777 2753 1.0
2753 3777 1.0
3777 3265 2.0
3265 3777 2.0
3777 3649 1.0
3649 3777 1.0
3777 3713 1.0
3713 3777 1.0
3778 1730 2.0
1730 3778 2.0
3778 2754 2.0
2754 3778 2.0
3778 3266 2.0
3266 3778 2.0
3778 3650 2.0
3650 3778 2.0
3778 3714 2.0
3714 3778 2.0
3778 3777 2.0
3777 3778 2.0
3779 1731 1.0
1731 3779 1.0
3779 2755 1.0
2755 3779 1.0
3779 3267 1.0
3267 3779 1.0
3779 3651 2.0
3651 3779 2.0
3779 3715 1.0
3715 3779 1.0
3779 3777 1.0
3777 3779 1.0
3780 1732 2.0
1732 3780 2.0
3780 2756 1.0
2756 3780 1.0
3780 3268 1.0
3268 3780 1.0
3780 3652 1.0
3652 3780 1.0
3780 3716 1.0
3716 3780 1.0
3780 3778 2.0
3778 3780 2.0
3780 3779 1.0
3779 3780 1.0
3781 1733 1.0
1733 3781 1.0
3781 2757 2.0
2757 3781 2.0
3781 3269 1.0
3269 3781 1.0
3781 3653 1.0
3653 3781 1.0
3781 3717 1.0
3717 3781 1.0
3781 3777 1.0
3777 3781 1.0
3782 1734 2.0
1734 3782 2.0
3782 2758 1.0
2758 3782 1.0
3782 3270 2.0
3270 3782 2.0
3782 3654 1.0
3654 3782 1.0
3782 3718 2.0
3718 3782 2.0
3782 3778 2.0
3778 3782 2.0
3782 3781 1.0
3781 3782 1.0
3783 1735 1.0
1735 3783 1.0
3783 2759 1.0
2759 3783 1.0
3783 3271 1.0
3271 3783 1.0
3783 3655 1.0
3655 3783 1.0
3783 3719 1.0
3719 3783 1.0
3783 3779 1.0
3779 3783 1.0
3783 3781 1.0
3781 3783 1.0
3784 1736 1.0
1736 3784 1.0
3784 2760 2.0
2760 3784 2.0
3784 3272 1.0
3272 3784 1.0
3784 3656 1.0
3656 3784 1.0
3784 3720 1.0
3720 3784 1.0
3784 3780 1.0
3780 3784 1.0
3784 3782 1.0
3782 3784 1.0
3784 3783 1.0
3783 3784 1.0
3785 1737 1.0
1737 3785 1.0
3785 2761 1.0
2761 3785 1.0
3785 3273 1.0
3273 3785 1.0
3785 3657 2.0
3657 3785 2.0
3785 3721 1.0
3721 3785 1.0
3785 3777 1.0
3777 3785 1.0
3786 1738 1.0
1738 3786 1.0
3786 2762 1.0
2762 3786 1.0
3786 3274 1.0
3274 3786 1.0
3786 3658 1.0
3658 3786 1.0
3786 3722 1.0
3722 3786 1.0
3786 3778 2.0
3778 3786 2.0
3786 3785 1.0
3785 3786 1.0
3787 1739 1.0
1739 3787 1.0
3787 2763 2.0
2763 3787 2.0
3787 3275 1.0
3275 3787 1.0
3787 3659 1.0
3659 3787 1.0
3787 3723 1.0
3723 3787 1.0
3787 3779 1.0
3779 3787 1.0
3787 3785 1.0
3785 3787 1.0
3788 1740 1.0
1740 3788 1.0
3788 2764 1.0
2764 3788 1.0
3788 3276 1.0
3276 3788 1.0
3788 3660 1.0
3660 3788 1.0
3788 3724 1.0
3724 3788 1.0
3788 3780 1.0
3780 3788 1.0
3788 3786 1.0
3786 3788 1.0
3788 3787 1.0
3787 3788 1.0
3789 1741 1.0
1741 3789 1.0
3789 2765 1.0
2765 3789 1.0
3789 3277 1.0
3277 3789 1.0
3789 3661 1.0
3661 3789 1.0
3789 3725 2.0
3725 3789 2.0
3789 3781 1.0
3781 3789 1.0
3789 3785 1.0
3785 3789 1.0
3790 1742 1.0
1742 3790 1.0
3790 2766 1.0
2766 3790 1.0
3790 3278 1.0
3278 3790 1.0
3790 3662 1.0
3662 3790 1.0
3790 3726 1.0
3726 3790 1.0
3790 3782 1.0
3782 3790 1.0
3790 3786 1.0
3786 3790 1.0
3790 3789 1.0
3789 3790 1.0
3791 1743 1.0
1743 3791 1.0
3791 2767 2.0
2767 3791 2.0
3791 3279 1.0
3279 3791 1.0
3791 3663 1.0
3663 3791 1.0
3791 3727 1.0
3727 3791 1.0
3791 3783 1.0
3783 3791 1.0
3791 3787 1.0
3787 3791 1.0
3791 3789 1.0
3789 3791 1.0
3792 1744 2.0
1744 3792 2.0
3792 2768 2.0
2768 3792 2.0
3792 3280 2.0
3280 3792 2.0
3792 3664 2.0
3664 3792 2.0
3792 3728 2.0
3728 3792 2.0
3792 3784 2.0
3784 3792 2.0
3792 3788 2.0
3788 3792 2.0
3792 3790 2.0
3790 3792 2.0
3792 3791 2.0
3791 3792 2.0
3793 1745 2.0
1745 3793 2.0
3793 2769 1.0
2769 3793 1.0
3793 3281 1.0
3281 3793 1.0
3793 3665 1.0
3665 3793 1.0
3793 3729 2.0
3729 3793 2.0
3793 3777 1.0
3777 3793 1.0
3794 1746 1.0
1746 3794 1.0
3794 2770 1.0
2770 3794 1.0
3794 3282 1.0
3282 3794 1.0
3794 3666 1.0
3666 3794 1.0
3794 3730 1.0
3730 3794 1.0
3794 3778 2.0
3778 3794 2.0
3794 3793 1.0
3793 3794 1.0
3795 1747 1.0
1747 3795 1.0
3795 2771 1.0
2771 3795 1.0
3795 3283 1.0
3283 3795 1.0
3795 3667 1.0
3667 3795 1.0
3795 3731 1.0
3731 3795 1.0
3795 3779 1.0
3779 3795 1.0
3795 3793 1.0
3793 3795 1.0
3796 1748 2.0
1748 3796 2.0
3796 2772 2.0
2772 3796 2.0
3796 3284 2.0
3284 3796 2.0
3796 3668 2.0
3668 3796 2.0
3796 3732 2.0
3732 3796 2.0
3796 3780 2.0
3780 3796 2.0
3796 3794 2.0
3794 3796 2.0
3796 3795 2.0
3795 3796 2.0
3797 1749 1.0
1749 3797 1.0
3797 2773 1.0
2773 3797 1.0
3797 3285 1.0
3285 3797 1.0
3797 3669 1.0
3669 3797 1.0
3797 3733 1.0
3733 3797 1.0
3797 3781 1.0
3781 3797 1.0
3797 3793 1.0
3793 3797 1.0
3798 1750 1.0
1750 3798 1.0
3798 2774 1.0
2774 3798 1.0
3798 3286 1.0
3286 3798 1.0
3798 3670 2.0
3670 3798 2.0
3798 3734 1.0
3734 3798 1.0
3798 3782 1.0
3782 3798 1.0
3798 3794 1.0
3794 3798 1.0
3798 3797 1.0
3797 3798 1.0
3799 1751 1.0
1751 3799 1.0
3799 2775 1.0
2775 3799 1.0
3799 3287 2.0
3287 3799 2.0
3799 3671 1.0
3671 3799 1.0
3799 3735 1.0
3735 3799 1.0
3799 3783 1.0
3783 3799 1.0
3799 3795 1.0
3795 3799 1.0
3799 3797 1.0
3797 3799 1.0
3800 1752 2.0
1752 3800 2.0
3800 2776 1.0
2776 3800 1.0
3800 3288 1.0
3288 3800 1.0
3800 3672 1.0
3672 3800 1.0
3800 3736 1.0
3736 3800 1.0
3800 3784 1.0
3784 3800 1.0
3800 3796 2.0
3796 3800 2.0
3800 3798 1.0
3798 3800 1.0
3800 3799 1.0
3799 3800 1.0
3801 1753 2.0
1753 3801 2.0
3801 2777 2.0
2777 3801 2.0
3801 3289 1.0
3289 3801 1.0
3801 3673 1.0
3673 3801 1.0
3801 3737 1.0
3737 3801 1.0
3801 3785 1.0
3785 3801 1.0
3801 3793 1.0
3793 3801 1.0
3802 1754 1.0
1754 3802 1.0
3802 2778 1.0
2778 3802 1.0
3802 3290 1.0
3290 3802 1.0
3802 3674 1.0
3674 3802 1.0
3802 3738 2.0
3738 3802 2.0
3802 3786 1.0
3786 3802 1.0
3802 3794 1.0
3794 3802 1.0
3802 3801 1.0
3801 3802 1.0
3803 1755 2.0
1755 3803 2.0
3803 2779 1.0
2779 3803 1.0
3803 3291 1.0
3291 3803 1.0
3803 3675 1.0
3675 3803 1.0
3803 3739 1.0
3739 3803 1.0
3803 3787 1.0
3787 3803 1.0
3803 3795 1.0
3795 3803 1.0
3803 3801 1.0
3801 3803 1.0
3804 1756 1.0
1756 3804 1.0
3804 2780 1.0
2780 3804 1.0
3804 3292 1.0
3292 3804 1.0
3804 3676 1.0
3676 3804 1.0
3804 3740 1.0
3740 3804 1.0
3804 3788 1.0
3788 3804 1.0
3804 3796 2.0
3796 3804 2.0
3804 3802 1.0
3802 3804 1.0
3804 3803 1.0
3803 3804 1.0
3805 1757 1.0
1757 3805 1.0
3805 2781 1.0
2781 3805 1.0
3805 3293 2.0
3293 3805 2.0
3805 3677 1.0
3677 3805 1.0
3805 3741 1.0
3741 3805 1.0
3805 3789 1.0
3789 3805 1.0
3805 3797 1.0
3797 3805 1.0
3805 3801 1.0
3801 3805 1.0
3806 1758 1.0
1758 3806 1.0
3806 2782 1.0
2782 3806 1.0
3806 3294 1.0
3294 3806 1.0
3806 3678 2.0
3678 3806 2.0
3806 3742 1.0
3742 3806 1.0
3806 3790 1.0
3790 3806 1.0
3806 3798 1.0
3798 3806 1.0
3806 3802 1.0
3802 3806 1.0
3806 3805 1.0
3805 3806 1.0
3807 1759 1.0
1759 3807 1.0
3807 2783 1.0
2783 3807 1.0
3807 3295 1.0
3295 3807 1.0
3807 3679 2.0
3679 3807 2.0
3807 3743 1.0
3743 3807 1.0
3807 3791 1.0
3791 3807 1.0
3807 3799 1.0
3799 3807 1.0
3807 3803 1.0
3803 3807 1.0
3807 3805 1.0
3805 3807 1.0
3808 1760 1.0
1760 3808 1.0
3808 2784 2.0
2784 3808 2.0
3808 3296 1.0
3296 3808 1.0
3808 3680 1.0
3680 3808 1.0
3808 3744 1.0
3744 3808 1.0
3808 3792 2.0
3792 3808 2.0
3808 3800 1.0
3800 3808 1.0
3808 3804 1.0
3804 3808 1.0
3808 3806 1.0
3806 3808 1.0
3808 3807 1.0
3807 3808 1.0
3809 1761 2.0
1761 3809 2.0
3809 2785 2.0
2785 3809 2.0
3809 3297 2.0
3297 3809 2.0
3809 3681 2.0
3681 3809 2.0
3809 3745 2.0
3745 3809 2.0
3809 3777 2.0
3777 3809 2.0
3810 1762 1.0
1762 3810 1.0
3810 2786 1.0
2786 3810 1.0
3810 3298 1.0
3298 3810 1.0
3810 3682 1.0
3682 3810 1.0
3810 3746 1.0
3746 3810 1.0
3810 3778 2.0
3778 3810 2.0
3810 3809 2.0
3809 3810 2.0
3811 1763 1.0
1763 3811 1.0
3811 2787 1.0
2787 3811 1.0
3811 3299 1.0
3299 3811 1.0
3811 3683 1.0
3683 3811 1.0
3811 3747 1.0
3747 3811 1.0
3811 3779 1.0
3779 3811 1.0
3811 3809 2.0
3809 3811 2.0
3812 1764 1.0
1764 3812 1.0
3812 2788 2.0
2788 3812 2.0
3812 3300 1.0
3300 3812 1.0
3812 3684 2.0
3684 3812 2.0
3812 3748 2.0
3748 3812 2.0
3812 3780 1.0
3780 3812 1.0
3812 3810 1.0
3810 3812 1.0
3812 3811 1.0
3811 3812 1.0
3813 1765 1.0
1765 3813 1.0
3813 2789 1.0
2789 3813 1.0
3813 3301 1.0
3301 3813 1.0
3813 3685 1.0
3685 3813 1.0
3813 3749 1.0
3749 3813 1.0
3813 3781 1.0
3781 3813 1.0
3813 3809 2.0
3809 3813 2.0
3814 1766 1.0
1766 3814 1.0
3814 2790 1.0
2790 3814 1.0
3814 3302 1.0
3302 3814 1.0
3814 3686 1.0
3686 3814 1.0
3814 3750 2.0
3750 3814 2.0
3814 3782 1.0
3782 3814 1.0
3814 3810 1.0
3810 3814 1.0
3814 3813 1.0
3813 3814 1.0
3815 1767 2.0
1767 3815 2.0
3815 2791 2.0
2791 3815 2.0
3815 3303 2.0
3303 3815 2.0
3815 3687 3.0
3687 3815 3.0
3815 3751 2.0
3751 3815 2.0
3815 3783 2.0
3783 3815 2.0
3815 3811 2.0
3811 3815 2.0
3815 3813 2.0
3813 3815 2.0
3816 1768 1.0
1768 3816 1.0
3816 2792 1.0
2792 3816 1.0
3816 3304 1.0
3304 3816 1.0
3816 3688 2.0
3688 3816 2.0
3816 3752 1.0
3752 3816 1.0
3816 3784 1.0
3784 3816 1.0
3816 3812 1.0
3812 3816 1.0
3816 3814 1.0
3814 3816 1.0
3816 3815 2.0
3815 3816 2.0
3817 1769 1.0
1769 3817 1.0
3817 2793 1.0
2793 3817 1.0
3817 3305 1.0
3305 3817 1.0
3817 3689 2.0
3689 3817 2.0
3817 3753 1.0
3753 3817 1.0
3817 3785 1.0
3785 3817 1.0
3817 3809 2.0
3809 3817 2.0
3818 1770 2.0
1770 3818 2.0
3818 2794 1.0
2794 3818 1.0
3818 3306 1.0
3306 3818 1.0
3818 3690 1.0
3690 3818 1.0
3818 3754 1.0
3754 3818 1.0
3818 3786 1.0
3786 3818 1.0
3818 3810 1.0
3810 3818 1.0
3818 3817 1.0
3817 3818 1.0
3819 1771 1.0
1771 3819 1.0
3819 2795 1.0
2795 3819 1.0
3819 3307 2.0
3307 3819 2.0
3819 3691 1.0
3691 3819 1.0
3819 3755 1.0
3755 3819 1.0
3819 3787 1.0
3787 3819 1.0
3819 3811 1.0
3811 3819 1.0
3819 3817 1.0
3817 3819 1.0
3820 1772 1.0
1772 3820 1.0
3820 2796 1.0
2796 3820 1.0
3820 3308 1.0
3308 3820 1.0
3820 3692 1.0
3692 3820 1.0
3820 3756 1.0
3756 3820 1.0
3820 3788 1.0
3788 3820 1.0
3820 3812 1.0
3812 3820 1.0
3820 3818 1.0
3818 3820 1.0
3820 3819 1.0
3819 3820 1.0
3821 1773 1.0
1773 3821 1.0
3821 2797 1.0
2797 3821 1.0
3821 3309 1.0
3309 3821 1.0
3821 3693 1.0
3693 3821 1.0
3821 3757 1.0
3757 3821 1.0
3821 3789 1.0
3789 3821 1.0
3821 3813 1.0
3813 3821 1.0
3821 3817 1.0
3817 3821 1.0
3822 1774 1.0
1774 3822 1.0
3822 2798 1.0
2798 3822 1.0
3822 3310 2.0
3310 3822 2.0
3822 3694 1.0
3694 3822 1.0
3822 3758 1.0
3758 3822 1.0
3822 3790 1.0
3790 3822 1.0
3822 3814 1.0
3814 3822 1.0
3822 3818 1.0
3818 3822 1.0
3822 3821 1.0
3821 3822 1.0
3823 1775 2.0
1775 3823 2.0
3823 2799 1.0
2799 3823 1.0
3823 3311 1.0
3311 3823 1.0
3823 3695 1.0
3695 3823 1.0
3823 3759 1.0
3759 3823 1.0
3823 3791 1.0
3791 3823 1.0
3823 3815 2.0
3815 3823 2.0
3823 3819 1.0
3819 3823 1.0
3823 3821 1.0
3821 3823 1.0
3824 1776 1.0
1776 3824 1.0
3824 2800 1.0
2800 3824 1.0
3824 3312 1.0
3312 3824 1.0
3824 3696 1.0
3696 3824 1.0
3824 3760 1.0
3760 3824 1.0
3824 3792 2.0
3792 3824 2.0
3824 3816 1.0
3816 3824 1.0
3824 3820 1.0
3820 3824 1.0
3824 3822 1.0
3822 3824 1.0
3824 3823 1.0
3823 3824 1.0
3825 1777 1.0
1777 3825 1.0
3825 2801 1.0
2801 3825 1.0
3825 3313 1.0
3313 3825 1.0
3825 3697 1.0
3697 3825 1.0
3825 3761 1.0
3761 3825 1.0
3825 3793 1.0
3793 3825 1.0
3825 3809 2.0
3809 3825 2.0
3826 1778 1.0
1778 3826 1.0
3826 2802 1.0
2802 3826 1.0
3826 3314 2.0
3314 3826 2.0
3826 3698 2.0
3698 3826 2.0
3826 3762 1.0
3762 3826 1.0
3826 3794 1.0
3794 3826 1.0
3826 3810 1.0
3810 3826 1.0
3826 3825 1.0
3825 3826 1.0
3827 1779 2.0
1779 3827 2.0
3827 2803 1.0
2803 3827 1.0
3827 3315 1.0
3315 3827 1.0
3827 3699 1.0
3699 3827 1.0
3827 3763 1.0
3763 3827 1.0
3827 3795 1.0
3795 3827 1.0
3827 3811 1.0
3811 3827 1.0
3827 3825 1.0
3825 3827 1.0
3828 1780 1.0
1780 3828 1.0
3828 2804 1.0
2804 3828 1.0
3828 3316 1.0
3316 3828 1.0
3828 3700 1.0
3700 3828 1.0
3828 3764 1.0
3764 3828 1.0
3828 3796 2.0
3796 3828 2.0
3828 3812 1.0
3812 3828 1.0
3828 3826 1.0
3826 3828 1.0
3828 3827 1.0
3827 3828 1.0
3829 1781 1.0
1781 3829 1.0
3829 2805 1.0
2805 3829 1.0
3829 3317 1.0
3317 3829 1.0
3829 3701 1.0
3701 3829 1.0
3829 3765 1.0
3765 3829 1.0
3829 3797 1.0
3797 3829 1.0
3829 3813 1.0
3813 3829 1.0
3829 3825 1.0
3825 3829 1.0
3830 1782 1.0
1782 3830 1.0
3830 2806 2.0
2806 3830 2.0
3830 3318 1.0
3318 3830 1.0
3830 3702 1.0
3702 3830 1.0
3830 3766 1.0
3766 3830 1.0
3830 3798 1.0
3798 3830 1.0
3830 3814 1.0
3814 3830 1.0
3830 3826 1.0
3826 3830 1.0
3830 3829 1.0
3829 3830 1.0
3831 1783 1.0
1783 3831 1.0
3831 2807 1.0
2807 3831 1.0
3831 3319 1.0
3319 3831 1.0
3831 3703 1.0
3703 3831 1.0
3831 3767 1.0
3767 3831 1.0
3831 3799 1.0
3799 3831 1.0
3831 3815 2.0
3815 3831 2.0
3831 3827 1.0
3827 3831 1.0
3831 3829 1.0
3829 3831 1.0
3832 1784 1.0
1784 3832 1.0
3832 2808 1.0
2808 3832 1.0
3832 3320 1.0
3320 3832 1.0
3832 3704 1.0
3704 3832 1.0
3832 3768 1.0
3768 3832 1.0
3832 3800 1.0
3800 3832 1.0
3832 3816 1.0
3816 3832 1.0
3832 3828 1.0
3828 3832 1.0
3832 3830 1.0
3830 3832 1.0
3832 3831 1.0
3831 3832 1.0
3833 1785 1.0
1785 3833 1.0
3833 2809 1.0
2809 3833 1.0
3833 3321 1.0
3321 3833 1.0
3833 3705 1.0
3705 3833 1.0
3833 3769 1.0
3769 3833 1.0
3833 3801 1.0
3801 3833 1.0
3833 3817 1.0
3817 3833 1.0
3833 3825 1.0
3825 3833 1.0
3834 1786 1.0
1786 3834 1.0
3834 2810 1.0
2810 3834 1.0
3834 3322 1.0
3322 3834 1.0
3834 3706 1.0
3706 3834 1.0
3834 3770 1.0
3770 3834 1.0
3834 3802 1.0
3802 3834 1.0
3834 3818 1.0
3818 3834 1.0
3834 3826 1.0
3826 3834 1.0
3834 3833 1.0
3833 3834 1.0
3835 1787 1.0
1787 3835 1.0
3835 2811 1.0
2811 3835 1.0
3835 3323 1.0
3323 3835 1.0
3835 3707 1.0
3707 3835 1.0
3835 3771 2.0
3771 3835 2.0
3835 3803 1.0
3803 3835 1.0
3835 3819 1.0
3819 3835 1.0
3835 3827 1.0
3827 3835 1.0
3835 3833 1.0
3833 3835 1.0
3836 1788 1.0
1788 3836 1.0
3836 2812 1.0
2812 3836 1.0
3836 3324 1.0
3324 3836 1.0
3836 3708 1.0
3708 3836 1.0
3836 3772 2.0
3772 3836 2.0
3836 3804 1.0
3804 3836 1.0
3836 3820 1.0
3820 3836 1.0
3836 3828 1.0
3828 3836 1.0
3836 3834 1.0
3834 3836 1.0
3836 3835 1.0
3835 3836 1.0
3837 1789 2.0
1789 3837 2.0
3837 2813 2.0
2813 3837 2.0
3837 3325 2.0
3325 3837 2.0
3837 3709 2.0
3709 3837 2.0
3837 3773 2.0
3773 3837 2.0
3837 3805 2.0
3805 3837 2.0
3837 3821 2.0
3821 3837 2.0
3837 3829 2.0
3829 3837 2.0
3837 3833 2.0
3833 3837 2.0
3838 1790 2.0
1790 3838 2.0
3838 2814 1.0
2814 3838 1.0
3838 3326 1.0
3326 3838 1.0
3838 3710 1.0
3710 3838 1.0
3838 3774 1.0
3774 3838 1.0
3838 3806 1.0
3806 3838 1.0
3838 3822 1.0
3822 3838 1.0
3838 3830 1.0
3830 3838 1.0
3838 3834 1.0
3834 3838 1.0
3838 3837 2.0
3837 3838 2.0
3839 1791 1.0
1791 3839 1.0
3839 2815 1.0
2815 3839 1.0
3839 3327 1.0
3327 3839 1.0
3839 3711 1.0
3711 3839 1.0
3839 3775 1.0
3775 3839 1.0
3839 3807 1.0
3807 3839 1.0
3839 3823 1.0
3823 3839 1.0
3839 3831 1.0
3831 3839 1.0
3839 3835 1.0
3835 3839 1.0
3839 3837 2.0
3837 3839 2.0
3840 1792 1.0
1792 3840 1.0
3840 2816 1.0
2816 3840 1.0
3840 3328 1.0
3328 3840 1.0
3840 3712 1.0
3712 3840 1.0
3840 3776 2.0
3776 3840 2.0
3840 3808 1.0
3808 3840 1.0
3840 3824 1.0
3824 3840 1.0
3840 3832 1.0
3832 3840 1.0
3840 3836 1.0
3836 3840 1.0
3840 3838 1.0
3838 3840 1.0
3840 3839 1.0
3839 3840 1.0
3841 1793 1.0
1793 3841 1.0
3841 2817 1.0
2817 3841 1.0
3841 3329 1.0
3329 3841 1.0
3841 3585 2.0
3585 3841 2.0
3842 1794 1.0
1794 3842 1.0
3842 2818 1.0
2818 3842 1.0
3842 3330 1.0
3330 3842 1.0
3842 3586 1.0
3586 3842 1.0
3842 3841 1.0
3841 3842 1.0
3843 1795 1.0
1795 3843 1.0
3843 2819 1.0
2819 3843 1.0
3843 3331 1.0
3331 3843 1.0
3843 3587 1.0
3587 3843 1.0
3843 3841 1.0
3841 3843 1.0
3844 1796 1.0
1796 3844 1.0
3844 2820 1.0
2820 3844 1.0
3844 3332 1.0
3332 3844 1.0
3844 3588 1.0
3588 3844 1.0
3844 3842 1.0
3842 3844 1.0
3844 3843 1.0
3843 3844 1.0
3845 1797 2.0
1797 3845 2.0
3845 2821 1.0
2821 3845 1.0
3845 3333 1.0
3333 3845 1.0
3845 3589 1.0
3589 3845 1.0
3845 3841 1.0
3841 3845 1.0
3846 1798 1.0
1798 3846 1.0
3846 2822 2.0
2822 3846 2.0
3846 3334 1.0
3334 3846 1.0
3846 3590 1.0
3590 3846 1.0
3846 3842 1.0
3842 3846 1.0
3846 3845 1.0
3845 3846 1.0
3847 1799 1.0
1799 3847 1.0
3847 2823 1.0
2823 3847 1.0
3847 3335 1.0
3335 3847 1.0
3847 3591 1.0
3591 3847 1.0
3847 3843 1.0
3843 3847 1.0
3847 3845 1.0
3845 3847 1.0
3848 1800 2.0
1800 3848 2.0
3848 2824 2.0
2824 3848 2.0
3848 3336 2.0
3336 3848 2.0
3848 3592 2.0
3592 3848 2.0
3848 3844 2.0
3844 3848 2.0
3848 3846 2.0
3846 3848 2.0
3848 3847 2.0
3847 3848 2.0
3849 1801 1.0
1801 3849 1.0
3849 2825 2.0
2825 3849 2.0
3849 3337 1.0
3337 3849 1.0
3849 3593 1.0
3593 3849 1.0
3849 3841 1.0
3841 3849 1.0
3850 1802 1.0
1802 3850 1.0
3850 2826 1.0
2826 3850 1.0
3850 3338 1.0
3338 3850 1.0
3850 3594 1.0
3594 3850 1.0
3850 3842 1.0
3842 3850 1.0
3850 3849 1.0
3849 3850 1.0
3851 1803 1.0
1803 3851 1.0
3851 2827 1.0
2827 3851 1.0
3851 3339 1.0
3339 3851 1.0
3851 3595 1.0
3595 3851 1.0
3851 3843 1.0
3843 3851 1.0
3851 3849 1.0
3849 3851 1.0
3852 1804 2.0
1804 3852 2.0
3852 2828 1.0
2828 3852 1.0
3852 3340 1.0
3340 3852 1.0
3852 3596 2.0
3596 3852 2.0
3852 3844 1.0
3844 3852 1.0
3852 3850 1.0
3850 3852 1.0
3852 3851 1.0
3851 3852 1.0
3853 1805 2.0
1805 3853 2.0
3853 2829 1.0
2829 3853 1.0
3853 3341 1.0
3341 3853 1.0
3853 3597 1.0
3597 3853 1.0
3853 3845 1.0
3845 3853 1.0
3853 3849 1.0
3849 3853 1.0
3854 1806 1.0
1806 3854 1.0
3854 2830 1.0
2830 3854 1.0
3854 3342 2.0
3342 3854 2.0
3854 3598 1.0
3598 3854 1.0
3854 3846 1.0
3846 3854 1.0
3854 3850 1.0
3850 3854 1.0
3854 3853 1.0
3853 3854 1.0
3855 1807 1.0
1807 3855 1.0
3855 2831 2.0
2831 3855 2.0
3855 3343 1.0
3343 3855 1.0
3855 3599 1.0
3599 3855 1.0
3855 3847 1.0
3847 3855 1.0
3855 3851 1.0
3851 3855 1.0
3855 3853 1.0
3853 3855 1.0
3856 1808 1.0
1808 3856 1.0
3856 2832 1.0
2832 3856 1.0
3856 3344 2.0
3344 3856 2.0
3856 3600 1.0
3600 3856 1.0
3856 3848 2.0
3848 3856 2.0
3856 3852 1.0
3852 3856 1.0
3856 3854 1.0
3854 3856 1.0
3856 3855 1.0
3855 3856 1.0
3857 1809 1.0
1809 3857 1.0
3857 2833 1.0
2833 3857 1.0
3857 3345 1.0
3345 3857 1.0
3857 3601 1.0
3601 3857 1.0
3857 3841 1.0
3841 3857 1.0
3858 1810 2.0
1810 3858 2.0
3858 2834 1.0
2834 3858 1.0
3858 3346 2.0
3346 3858 2.0
3858 3602 1.0
3602 3858 1.0
3858 3842 1.0
3842 3858 1.0
3858 3857 1.0
3857 3858 1.0
3859 1811 2.0
1811 3859 2.0
3859 2835 2.0
2835 3859 2.0
3859 3347 2.0
3347 3859 2.0
3859 3603 2.0
3603 3859 2.0
3859 3843 2.0
3843 3859 2.0
3859 3857 2.0
3857 3859 2.0
3860 1812 1.0
1812 3860 1.0
3860 2836 1.0
2836 3860 1.0
3860 3348 2.0
3348 3860 2.0
3860 3604 1.0
3604 3860 1.0
3860 3844 1.0
3844 3860 1.0
3860 3858 1.0
3858 3860 1.0
3860 3859 2.0
3859 3860 2.0
3861 1813 1.0
1813 3861 1.0
3861 2837 1.0
2837 3861 1.0
3861 3349 2.0
3349 3861 2.0
3861 3605 1.0
3605 3861 1.0
3861 3845 1.0
3845 3861 1.0
3861 3857 1.0
3857 3861 1.0
3862 1814 1.0
1814 3862 1.0
3862 2838 2.0
2838 3862 2.0
3862 3350 1.0
3350 3862 1.0
3862 3606 1.0
3606 3862 1.0
3862 3846 1.0
3846 3862 1.0
3862 3858 1.0
3858 3862 1.0
3862 3861 1.0
3861 3862 1.0
3863 1815 1.0
1815 3863 1.0
3863 2839 1.0
2839 3863 1.0
3863 3351 1.0
3351 3863 1.0
3863 3607 2.0
3607 3863 2.0
3863 3847 1.0
3847 3863 1.0
3863 3859 2.0
3859 3863 2.0
3863 3861 1.0
3861 3863 1.0
3864 1816 1.0
1816 3864 1.0
3864 2840 1.0
2840 3864 1.0
3864 3352 1.0
3352 3864 1.0
3864 3608 1.0
3608 3864 1.0
3864 3848 2.0
3848 3864 2.0
3864 3860 1.0
3860 3864 1.0
3864 3862 1.0
3862 3864 1.0
3864 3863 1.0
3863 3864 1.0
3865 1817 2.0
1817 3865 2.0
3865 2841 2.0
2841 3865 2.0
3865 3353 2.0
3353 3865 2.0
3865 3609 2.0
3609 3865 2.0
3865 3849 2.0
3849 3865 2.0
3865 3857 2.0
3857 3865 2.0
3866 1818 1.0
1818 3866 1.0
3866 2842 1.0
2842 3866 1.0
3866 3354 1.0
3354 3866 1.0
3866 3610 1.0
3610 3866 1.0
3866 3850 1.0
3850 3866 1.0
3866 3858 1.0
3858 3866 1.0
3866 3865 2.0
3865 3866 2.0
3867 1819 2.0
1819 3867 2.0
3867 2843 2.0
2843 3867 2.0
3867 3355 2.0
3355 3867 2.0
3867 3611 2.0
3611 3867 2.0
3867 3851 2.0
3851 3867 2.0
3867 3859 3.0
3859 3867 3.0
3867 3865 3.0
3865 3867 3.0
3868 1820 1.0
1820 3868 1.0
3868 2844 1.0
2844 3868 1.0
3868 3356 1.0
3356 3868 1.0
3868 3612 2.0
3612 3868 2.0
3868 3852 1.0
3852 3868 1.0
3868 3860 1.0
3860 3868 1.0
3868 3866 1.0
3866 3868 1.0
3868 3867 2.0
3867 3868 2.0
3869 1821 2.0
1821 3869 2.0
3869 2845 1.0
2845 3869 1.0
3869 3357 1.0
3357 3869 1.0
3869 3613 1.0
3613 3869 1.0
3869 3853 1.0
3853 3869 1.0
3869 3861 1.0
3861 3869 1.0
3869 3865 2.0
3865 3869 2.0
3870 1822 1.0
1822 3870 1.0
3870 2846 1.0
2846 3870 1.0
3870 3358 1.0
3358 3870 1.0
3870 3614 1.0
3614 3870 1.0
3870 3854 1.0
3854 3870 1.0
3870 3862 1.0
3862 3870 1.0
3870 3866 1.0
3866 3870 1.0
3870 3869 1.0
3869 3870 1.0
3871 1823 1.0
1823 3871 1.0
3871 2847 1.0
2847 3871 1.0
3871 3359 1.0
3359 3871 1.0
3871 3615 1.0
3615 3871 1.0
3871 3855 1.0
3855 3871 1.0
3871 3863 1.0
3863 3871 1.0
3871 3867 2.0
3867 3871 2.0
3871 3869 1.0
3869 3871 1.0
3872 1824 1.0
1824 3872 1.0
3872 2848 1.0
2848 3872 1.0
3872 3360 1.0
3360 3872 1.0
3872 3616 1.0
3616 3872 1.0
3872 3856 1.0
3856 3872 1.0
3872 3864 1.0
3864 3872 1.0
3872 3868 1.0
3868 3872 1.0
3872 3870 1.0
3870 3872 1.0
3872 3871 1.0
3871 3872 1.0
3873 1825 1.0
1825 3873 1.0
3873 2849 1.0
2849 3873 1.0
3873 3361 1.0
3361 3873 1.0
3873 3617 1.0
3617 3873 1.0
3873 3841 1.0
3841 3873 1.0
3874 1826 2.0
1826 3874 2.0
3874 2850 2.0
2850 3874 2.0
3874 3362 2.0
3362 3874 2.0
3874 3618 2.0
3618 3874 2.0
3874 3842 2.0
3842 3874 2.0
3874 3873 2.0
3873 3874 2.0
3875 1827 2.0
1827 3875 2.0
3875 2851 1.0
2851 3875 1.0
3875 3363 1.0
3363 3875 1.0
3875 3619 1.0
3619 3875 1.0
3875 3843 1.0
3843 3875 1.0
3875 3873 1.0
3873 3875 1.0
3876 1828 1.0
1828 3876 1.0
3876 2852 1.0
2852 3876 1.0
3876 3364 1.0
3364 3876 1.0
3876 3620 1.0
3620 3876 1.0
3876 3844 1.0
3844 3876 1.0
3876 3874 2.0
3874 3876 2.0
3876 3875 1.0
3875 3876 1.0
3877 1829 1.0
1829 3877 1.0
3877 2853 1.0
2853 3877 1.0
3877 3365 1.0
3365 3877 1.0
3877 3621 1.0
3621 3877 1.0
3877 3845 1.0
3845 3877 1.0
3877 3873 1.0
3873 3877 1.0
3878 1830 2.0
1830 3878 2.0
3878 2854 1.0
2854 3878 1.0
3878 3366 1.0
3366 3878 1.0
3878 3622 1.0
3622 3878 1.0
3878 3846 1.0
3846 3878 1.0
3878 3874 2.0
3874 3878 2.0
3878 3877 1.0
3877 3878 1.0
3879 1831 2.0
1831 3879 2.0
3879 2855 2.0
2855 3879 2.0
3879 3367 2.0
3367 3879 2.0
3879 3623 2.0
3623 3879 2.0
3879 3847 2.0
3847 3879 2.0
3879 3875 2.0
3875 3879 2.0
3879 3877 2.0
3877 3879 2.0
3880 1832 1.0
1832 3880 1.0
3880 2856 1.0
2856 3880 1.0
3880 3368 1.0
3368 3880 1.0
3880 3624 1.0
3624 3880 1.0
3880 3848 2.0
3848 3880 2.0
3880 3876 1.0
3876 3880 1.0
3880 3878 1.0
3878 3880 1.0
3880 3879 2.0
3879 3880 2.0
3881 1833 1.0
1833 3881 1.0
3881 2857 1.0
2857 3881 1.0
3881 3369 2.0
3369 3881 2.0
3881 3625 1.0
3625 3881 1.0
3881 3849 1.0
3849 3881 1.0
3881 3873 1.0
3873 3881 1.0
3882 1834 1.0
1834 3882 1.0
3882 2858 1.0
2858 3882 1.0
3882 3370 1.0
3370 3882 1.0
3882 3626 1.0
3626 3882 1.0
3882 3850 1.0
3850 3882 1.0
3882 3874 2.0
3874 3882 2.0
3882 3881 1.0
3881 3882 1.0
3883 1835 1.0
1835 3883 1.0
3883 2859 2.0
2859 3883 2.0
3883 3371 2.0
3371 3883 2.0
3883 3627 1.0
3627 3883 1.0
3883 3851 1.0
3851 3883 1.0
3883 3875 1.0
3875 3883 1.0
3883 3881 1.0
3881 3883 1.0
3884 1836 2.0
1836 3884 2.0
3884 2860 1.0
2860 3884 1.0
3884 3372 1.0
3372 3884 1.0
3884 3628 1.0
3628 3884 1.0
3884 3852 1.0
3852 3884 1.0
3884 3876 1.0
3876 3884 1.0
3884 3882 1.0
3882 3884 1.0
3884 3883 1.0
3883 3884 1.0
3885 1837 1.0
1837 3885 1.0
3885 2861 1.0
2861 3885 1.0
3885 3373 1.0
3373 3885 1.0
3885 3629 1.0
3629 3885 1.0
3885 3853 1.0
3853 3885 1.0
3885 3877 1.0
3877 3885 1.0
3885 3881 1.0
3881 3885 1.0
3886 1838 2.0
1838 3886 2.0
3886 2862 2.0
2862 3886 2.0
3886 3374 2.0
3374 3886 2.0
3886 3630 2.0
3630 3886 2.0
3886 3854 2.0
3854 3886 2.0
3886 3878 2.0
3878 3886 2.0
3886 3882 2.0
3882 3886 2.0
3886 3885 2.0
3885 3886 2.0
3887 1839 1.0
1839 3887 1.0
3887 2863 1.0
2863 3887 1.0
3887 3375 1.0
3375 3887 1.0
3887 3631 2.0
3631 3887 2.0
3887 3855 1.0
3855 3887 1.0
3887 3879 2.0
3879 3887 2.0
3887 3883 1.0
3883 3887 1.0
3887 3885 1.0
3885 3887 1.0
3888 1840 1.0
1840 3888 1.0
3888 2864 1.0
2864 3888 1.0
3888 3376 1.0
3376 3888 1.0
3888 3632 1.0
3632 3888 1.0
3888 3856 1.0
3856 3888 1.0
3888 3880 1.0
3880 3888 1.0
3888 3884 1.0
3884 3888 1.0
3888 3886 2.0
3886 3888 2.0
3888 3887 1.0
3887 3888 1.0
3889 1841 1.0
1841 3889 1.0
3889 2865 1.0
2865 3889 1.0
3889 3377 1.0
3377 3889 1.0
3889 3633 1.0
3633 3889 1.0
3889 3857 1.0
3857 3889 1.0
3889 3873 1.0
3873 3889 1.0
3890 1842 1.0
1842 3890 1.0
3890 2866 1.0
2866 3890 1.0
3890 3378 1.0
3378 3890 1.0
3890 3634 1.0
3634 3890 1.0
3890 3858 1.0
3858 3890 1.0
3890 3874 2.0
3874 3890 2.0
3890 3889 1.0
3889 3890 1.0
3891 1843 1.0
1843 3891 1.0
3891 2867 1.0
2867 3891 1.0
3891 3379 1.0
3379 3891 1.0
3891 3635 1.0
3635 3891 1.0
3891 3859 2.0
3859 3891 2.0
3891 3875 1.0
3875 3891 1.0
3891 3889 1.0
3889 3891 1.0
3892 1844 1.0
1844 3892 1.0
3892 2868 1.0
2868 3892 1.0
3892 3380 1.0
3380 3892 1.0
3892 3636 1.0
3636 3892 1.0
3892 3860 1.0
3860 3892 1.0
3892 3876 1.0
3876 3892 1.0
3892 3890 1.0
3890 3892 1.0
3892 3891 1.0
3891 3892 1.0
3893 1845 1.0
1845 3893 1.0
3893 2869 1.0
2869 3893 1.0
3893 3381 1.0
3381 3893 1.0
3893 3637 2.0
3637 3893 2.0
3893 3861 1.0
3861 3893 1.0
3893 3877 1.0
3877 3893 1.0
3893 3889 1.0
3889 3893 1.0
3894 1846 1.0
1846 3894 1.0
3894 2870 1.0
2870 3894 1.0
3894 3382 1.0
3382 3894 1.0
3894 3638 1.0
3638 3894 1.0
3894 3862 1.0
3862 3894 1.0
3894 3878 1.0
3878 3894 1.0
3894 3890 1.0
3890 3894 1.0
3894 3893 1.0
3893 3894 1.0
3895 1847 1.0
1847 3895 1.0
3895 2871 1.0
2871 3895 1.0
3895 3383 1.0
3383 3895 1.0
3895 3639 1.0
3639 3895 1.0
3895 3863 1.0
3863 3895 1.0
3895 3879 2.0
3879 3895 2.0
3895 3891 1.0
3891 3895 1.0
3895 3893 1.0
3893 3895 1.0
3896 1848 2.0
1848 3896 2.0
3896 2872 3.0
2872 3896 3.0
3896 3384 2.0
3384 3896 2.0
3896 3640 2.0
3640 3896 2.0
3896 3864 2.0
3864 3896 2.0
3896 3880 2.0
3880 3896 2.0
3896 3892 2.0
3892 3896 2.0
3896 3894 2.0
3894 3896 2.0
3896 3895 2.0
3895 3896 2.0
3897 1849 1.0
1849 3897 1.0
3897 2873 1.0
2873 3897 1.0
3897 3385 1.0
3385 3897 1.0
3897 3641 1.0
3641 3897 1.0
3897 3865 2.0
3865 3897 2.0
3897 3881 1.0
3881 3897 1.0
3897 3889 1.0
3889 3897 1.0
3898 1850 1.0
1850 3898 1.0
3898 2874 1.0
2874 3898 1.0
3898 3386 1.0
3386 3898 1.0
3898 3642 1.0
3642 3898 1.0
3898 3866 1.0
3866 3898 1.0
3898 3882 1.0
3882 3898 1.0
3898 3890 1.0
3890 3898 1.0
3898 3897 1.0
3897 3898 1.0
3899 1851 1.0
1851 3899 1.0
3899 2875 2.0
2875 3899 2.0
3899 3387 1.0
3387 3899 1.0
3899 3643 1.0
3643 3899 1.0
3899 3867 2.0
3867 3899 2.0
3899 3883 1.0
3883 3899 1.0
3899 3891 1.0
3891 3899 1.0
3899 3897 1.0
3897 3899 1.0
3900 1852 1.0
1852 3900 1.0
3900 2876 1.0
2876 3900 1.0
3900 3388 1.0
3388 3900 1.0
3900 3644 2.0
3644 3900 2.0
3900 3868 1.0
3868 3900 1.0
3900 3884 1.0
3884 3900 1.0
3900 3892 1.0
3892 3900 1.0
3900 3898 1.0
3898 3900 1.0
3900 3899 1.0
3899 3900 1.0
3901 1853 1.0
1853 3901 1.0
3901 2877 1.0
2877 3901 1.0
3901 3389 1.0
3389 3901 1.0
3901 3645 1.0
3645 3901 1.0
3901 3869 1.0
3869 3901 1.0
3901 3885 1.0
3885 3901 1.0
3901 3893 1.0
3893 3901 1.0
3901 3897 1.0
3897 3901 1.0
3902 1854 2.0
1854 3902 2.0
3902 2878 2.0
2878 3902 2.0
3902 3390 2.0
3390 3902 2.0
3902 3646 2.0
3646 3902 2.0
3902 3870 2.0
3870 3902 2.0
3902 3886 3.0
3886 3902 3.0
3902 3894 2.0
3894 3902 2.0
3902 3898 2.0
3898 3902 2.0
3902 3901 2.0
3901 3902 2.0
3903 1855 2.0
1855 3903 2.0
3903 2879 1.0
2879 3903 1.0
3903 3391 1.0
3391 3903 1.0
3903 3647 1.0
3647 3903 1.0
3903 3871 1.0
3871 3903 1.0
3903 3887 1.0
3887 3903 1.0
3903 3895 1.0
3895 3903 1.0
3903 3899 1.0
3899 3903 1.0
3903 3901 1.0
3901 3903 1.0
3904 1856 1.0
1856 3904 1.0
3904 2880 2.0
2880 3904 2.0
3904 3392 1.0
3392 3904 1.0
3904 3648 1.0
3648 3904 1.0
3904 3872 1.0
3872 3904 1.0
3904 3888 1.0
3888 3904 1.0
3904 3896 2.0
3896 3904 2.0
3904 3900 1.0
3900 3904 1.0
3904 3902 2.0
3902 3904 2.0
3904 3903 1.0
3903 3904 1.0
3905 1857 2.0
1857 3905 2.0
3905 2881 1.0
2881 3905 1.0
3905 3393 1.0
3393 3905 1.0
3905 3649 1.0
3649 3905 1.0
3905 3841 1.0
3841 3905 1.0
3906 1858 1.0
1858 3906 1.0
3906 2882 1.0
2882 3906 1.0
3906 3394 1.0
3394 3906 1.0
3906 3650 1.0
3650 3906 1.0
3906 3842 1.0
3842 3906 1.0
3906 3905 1.0
3905 3906 1.0
3907 1859 2.0
1859 3907 2.0
3907 2883 1.0
2883 3907 1.0
3907 3395 1.0
3395 3907 1.0
3907 3651 2.0
3651 3907 2.0
3907 3843 1.0
3843 3907 1.0
3907 3905 1.0
3905 3907 1.0
3908 1860 1.0
1860 3908 1.0
3908 2884 2.0
2884 3908 2.0
3908 3396 1.0
3396 3908 1.0
3908 3652 1.0
3652 3908 1.0
3908 3844 1.0
3844 3908 1.0
3908 3906 1.0
3906 3908 1.0
3908 3907 1.0
3907 3908 1.0
3909 1861 1.0
1861 3909 1.0
3909 2885 1.0
2885 3909 1.0
3909 3397 2.0
3397 3909 2.0
3909 3653 1.0
3653 3909 1.0
3909 3845 1.0
3845 3909 1.0
3909 3905 1.0
3905 3909 1.0
3910 1862 2.0
1862 3910 2.0
3910 2886 2.0
2886 3910 2.0
3910 3398 2.0
3398 3910 2.0
3910 3654 2.0
3654 3910 2.0
3910 3846 2.0
3846 3910 2.0
3910 3906 2.0
3906 3910 2.0
3910 3909 2.0
3909 3910 2.0
3911 1863 1.0
1863 3911 1.0
3911 2887 1.0
2887 3911 1.0
3911 3399 2.0
3399 3911 2.0
3911 3655 1.0
3655 3911 1.0
3911 3847 1.0
3847 3911 1.0
3911 3907 1.0
3907 3911 1.0
3911 3909 1.0
3909 3911 1.0
3912 1864 2.0
1864 3912 2.0
3912 2888 1.0
2888 3912 1.0
3912 3400 1.0
3400 3912 1.0
3912 3656 1.0
3656 3912 1.0
3912 3848 2.0
3848 3912 2.0
3912 3908 1.0
3908 3912 1.0
3912 3910 2.0
3910 3912 2.0
3912 3911 1.0
3911 3912 1.0
3913 1865 1.0
1865 3913 1.0
3913 2889 1.0
2889 3913 1.0
3913 3401 1.0
3401 3913 1.0
3913 3657 2.0
3657 3913 2.0
3913 3849 1.0
3849 3913 1.0
3913 3905 1.0
3905 3913 1.0
3914 1866 1.0
1866 3914 1.0
3914 2890 1.0
2890 3914 1.0
3914 3402 2.0
3402 3914 2.0
3914 3658 1.0
3658 3914 1.0
3914 3850 1.0
3850 3914 1.0
3914 3906 1.0
3906 3914 1.0
3914 3913 1.0
3913 3914 1.0
3915 1867 1.0
1867 3915 1.0
3915 2891 1.0
2891 3915 1.0
3915 3403 1.0
3403 3915 1.0
3915 3659 1.0
3659 3915 1.0
3915 3851 1.0
3851 3915 1.0
3915 3907 1.0
3907 3915 1.0
3915 3913 1.0
3913 3915 1.0
3916 1868 2.0
1868 3916 2.0
3916 2892 2.0
2892 3916 2.0
3916 3404 1.0
3404 3916 1.0
3916 3660 1.0
3660 3916 1.0
3916 3852 1.0
3852 3916 1.0
3916 3908 1.0
3908 3916 1.0
3916 3914 1.0
3914 3916 1.0
3916 3915 1.0
3915 3916 1.0
3917 1869 1.0
1869 3917 1.0
3917 2893 1.0
2893 3917 1.0
3917 3405 1.0
3405 3917 1.0
3917 3661 1.0
3661 3917 1.0
3917 3853 1.0
3853 3917 1.0
3917 3909 1.0
3909 3917 1.0
3917 3913 1.0
3913 3917 1.0
3918 1870 1.0
1870 3918 1.0
3918 2894 1.0
2894 3918 1.0
3918 3406 1.0
3406 3918 1.0
3918 3662 1.0
3662 3918 1.0
3918 3854 1.0
3854 3918 1.0
3918 3910 2.0
3910 3918 2.0
3918 3914 1.0
3914 3918 1.0
3918 3917 1.0
3917 3918 1.0
3919 1871 2.0
1871 3919 2.0
3919 2895 2.0
2895 3919 2.0
3919 3407 2.0
3407 3919 2.0
3919 3663 2.0
3663 3919 2.0
3919 3855 2.0
3855 3919 2.0
3919 3911 2.0
3911 3919 2.0
3919 3915 2.0
3915 3919 2.0
3919 3917 2.0
3917 3919 2.0
3920 1872 1.0
1872 3920 1.0
3920 2896 1.0
2896 3920 1.0
3920 3408 1.0
3408 3920 1.0
3920 3664 1.0
3664 3920 1.0
3920 3856 1.0
3856 3920 1.0
3920 3912 1.0
3912 3920 1.0
3920 3916 1.0
3916 3920 1.0
3920 3918 1.0
3918 3920 1.0
3920 3919 2.0
3919 3920 2.0
3921 1873 1.0
1873 3921 1.0
3921 2897 1.0
2897 3921 1.0
3921 3409 1.0
3409 3921 1.0
3921 3665 1.0
3665 3921 1.0
3921 3857 1.0
3857 3921 1.0
3921 3905 1.0
3905 3921 1.0
3922 1874 1.0
1874 3922 1.0
3922 2898 1.0
2898 3922 1.0
3922 3410 1.0
3410 3922 1.0
3922 3666 1.0
3666 3922 1.0
3922 3858 1.0
3858 3922 1.0
3922 3906 1.0
3906 3922 1.0
3922 3921 1.0
3921 3922 1.0
3923 1875 1.0
1875 3923 1.0
3923 2899 1.0
2899 3923 1.0
3923 3411 1.0
3411 3923 1.0
3923 3667 1.0
3667 3923 1.0
3923 3859 2.0
3859 3923 2.0
3923 3907 1.0
3907 3923 1.0
3923 3921 1.0
3921 3923 1.0
3924 1876 2.0
1876 3924 2.0
3924 2900 2.0
2900 3924 2.0
3924 3412 2.0
3412 3924 2.0
3924 3668 2.0
3668 3924 2.0
3924 3860 2.0
3860 3924 2.0
3924 3908 2.0
3908 3924 2.0
3924 3922 2.0
3922 3924 2.0
3924 3923 2.0
3923 3924 2.0
3925 1877 1.0
1877 3925 1.0
3925 2901 1.0
2901 3925 1.0
3925 3413 1.0
3413 3925 1.0
3925 3669 1.0
3669 3925 1.0
3925 3861 1.0
3861 3925 1.0
3925 3909 1.0
3909 3925 1.0
3925 3921 1.0
3921 3925 1.0
3926 1878 1.0
1878 3926 1.0
3926 2902 1.0
2902 3926 1.0
3926 3414 1.0
3414 3926 1.0
3926 3670 2.0
3670 3926 2.0
3926 3862 1.0
3862 3926 1.0
3926 3910 2.0
3910 3926 2.0
3926 3922 1.0
3922 3926 1.0
3926 3925 1.0
3925 3926 1.0
3927 1879 1.0
1879 3927 1.0
3927 2903 2.0
2903 3927 2.0
3927 3415 1.0
3415 3927 1.0
3927 3671 1.0
3671 3927 1.0
3927 3863 1.0
3863 3927 1.0
3927 3911 1.0
3911 3927 1.0
3927 3923 1.0
3923 3927 1.0
3927 3925 1.0
3925 3927 1.0
3928 1880 1.0
1880 3928 1.0
3928 2904 1.0
2904 3928 1.0
3928 3416 1.0
3416 3928 1.0
3928 3672 1.0
3672 3928 1.0
3928 3864 1.0
3864 3928 1.0
3928 3912 1.0
3912 3928 1.0
3928 3924 2.0
3924 3928 2.0
3928 3926 1.0
3926 3928 1.0
3928 3927 1.0
3927 3928 1.0
3929 1881 1.0
1881 3929 1.0
3929 2905 1.0
2905 3929 1.0
3929 3417 1.0
3417 3929 1.0
3929 3673 1.0
3673 3929 1.0
3929 3865 2.0
3865 3929 2.0
3929 3913 1.0
3913 3929 1.0
3929 3921 1.0
3921 3929 1.0
3930 1882 2.0
1882 3930 2.0
3930 2906 2.0
2906 3930 2.0
3930 3418 2.0
3418 3930 2.0
3930 3674 2.0
3674 3930 2.0
3930 3866 2.0
3866 3930 2.0
3930 3914 2.0
3914 3930 2.0
3930 3922 2.0
3922 3930 2.0
3930 3929 2.0
3929 3930 2.0
3931 1883 1.0
1883 3931 1.0
3931 2907 1.0
2907 3931 1.0
3931 3419 1.0
3419 3931 1.0
3931 3675 1.0
3675 3931 1.0
3931 3867 2.0
3867 3931 2.0
3931 3915 1.0
3915 3931 1.0
3931 3923 1.0
3923 3931 1.0
3931 3929 1.0
3929 3931 1.0
3932 1884 1.0
1884 3932 1.0
3932 2908 1.0
2908 3932 1.0
3932 3420 1.0
3420 3932 1.0
3932 3676 1.0
3676 3932 1.0
3932 3868 1.0
3868 3932 1.0
3932 3916 1.0
3916 3932 1.0
3932 3924 2.0
3924 3932 2.0
3932 3930 2.0
3930 3932 2.0
3932 3931 1.0
3931 3932 1.0
3933 1885 1.0
1885 3933 1.0
3933 2909 1.0
2909 3933 1.0
3933 3421 1.0
3421 3933 1.0
3933 3677 1.0
3677 3933 1.0
3933 3869 1.0
3869 3933 1.0
3933 3917 1.0
3917 3933 1.0
3933 3925 1.0
3925 3933 1.0
3933 3929 1.0
3929 3933 1.0
3934 1886 2.0
1886 3934 2.0
3934 2910 1.0
2910 3934 1.0
3934 3422 1.0
3422 3934 1.0
3934 3678 2.0
3678 3934 2.0
3934 3870 1.0
3870 3934 1.0
3934 3918 1.0
3918 3934 1.0
3934 3926 1.0
3926 3934 1.0
3934 3930 2.0
3930 3934 2.0
3934 3933 1.0
3933 3934 1.0
3935 1887 1.0
1887 3935 1.0
3935 2911 1.0
2911 3935 1.0
3935 3423 1.0
3423 3935 1.0
3935 3679 2.0
3679 3935 2.0
3935 3871 1.0
3871 3935 1.0
3935 3919 2.0
3919 3935 2.0
3935 3927 1.0
3927 3935 1.0
3935 3931 1.0
3931 3935 1.0
3935 3933 1.0
3933 3935 1.0
3936 1888 1.0
1888 3936 1.0
3936 2912 1.0
2912 3936 1.0
3936 3424 2.0
3424 3936 2.0
3936 3680 1.0
3680 3936 1.0
3936 3872 1.0
3872 3936 1.0
3936 3920 1.0
3920 3936 1.0
3936 3928 1.0
3928 3936 1.0
3936 3932 1.0
3932 3936 1.0
3936 3934 1.0
3934 3936 1.0
3936 3935 1.0
3935 3936 1.0
3937 1889 1.0
1889 3937 1.0
3937 2913 2.0
2913 3937 2.0
3937 3425 1.0
3425 3937 1.0
3937 3681 1.0
3681 3937 1.0
3937 3873 1.0
3873 3937 1.0
3937 3905 1.0
3905 3937 1.0
3938 1890 1.0
1890 3938 1.0
3938 2914 1.0
2914 3938 1.0
3938 3426 1.0
3426 3938 1.0
3938 3682 1.0
3682 3938 1.0
3938 3874 2.0
3874 3938 2.0
3938 3906 1.0
3906 3938 1.0
3938 3937 1.0
3937 3938 1.0
3939 1891 1.0
1891 3939 1.0
3939 2915 1.0
2915 3939 1.0
3939 3427 2.0
3427 3939 2.0
3939 3683 1.0
3683 3939 1.0
3939 3875 1.0
3875 3939 1.0
3939 3907 1.0
3907 3939 1.0
3939 3937 1.0
3937 3939 1.0
3940 1892 1.0
1892 3940 1.0
3940 2916 1.0
2916 3940 1.0
3940 3428 1.0
3428 3940 1.0
3940 3684 2.0
3684 3940 2.0
3940 3876 1.0
3876 3940 1.0
3940 3908 1.0
3908 3940 1.0
3940 3938 1.0
3938 3940 1.0
3940 3939 1.0
3939 3940 1.0
3941 1893 1.0
1893 3941 1.0
3941 2917 2.0
2917 3941 2.0
3941 3429 1.0
3429 3941 1.0
3941 3685 1.0
3685 3941 1.0
3941 3877 1.0
3877 3941 1.0
3941 3909 1.0
3909 3941 1.0
3941 3937 1.0
3937 3941 1.0
3942 1894 1.0
1894 3942 1.0
3942 2918 1.0
2918 3942 1.0
3942 3430 1.0
3430 3942 1.0
3942 3686 1.0
3686 3942 1.0
3942 3878 1.0
3878 3942 1.0
3942 3910 2.0
3910 3942 2.0
3942 3938 1.0
3938 3942 1.0
3942 3941 1.0
3941 3942 1.0
3943 1895 1.0
1895 3943 1.0
3943 2919 1.0
2919 3943 1.0
3943 3431 1.0
3431 3943 1.0
3943 3687 2.0
3687 3943 2.0
3943 3879 2.0
3879 3943 2.0
3943 3911 1.0
3911 3943 1.0
3943 3939 1.0
3939 3943 1.0
3943 3941 1.0
3941 3943 1.0
3944 1896 1.0
1896 3944 1.0
3944 2920 1.0
2920 3944 1.0
3944 3432 1.0
3432 3944 1.0
3944 3688 2.0
3688 3944 2.0
3944 3880 1.0
3880 3944 1.0
3944 3912 1.0
3912 3944 1.0
3944 3940 1.0
3940 3944 1.0
3944 3942 1.0
3942 3944 1.0
3944 3943 1.0
3943 3944 1.0
3945 1897 1.0
1897 3945 1.0
3945 2921 1.0
2921 3945 1.0
3945 3433 1.0
3433 3945 1.0
3945 3689 2.0
3689 3945 2.0
3945 3881 1.0
3881 3945 1.0
3945 3913 1.0
3913 3945 1.0
3945 3937 1.0
3937 3945 1.0
3946 1898 2.0
1898 3946 2.0
3946 2922 1.0
2922 3946 1.0
3946 3434 1.0
3434 3946 1.0
3946 3690 1.0
3690 3946 1.0
3946 3882 1.0
3882 3946 1.0
3946 3914 1.0
3914 3946 1.0
3946 3938 1.0
3938 3946 1.0
3946 3945 1.0
3945 3946 1.0
3947 1899 1.0
1899 3947 1.0
3947 2923 1.0
2923 3947 1.0
3947 3435 1.0
3435 3947 1.0
3947 3691 1.0
3691 3947 1.0
3947 3883 1.0
3883 3947 1.0
3947 3915 1.0
3915 3947 1.0
3947 3939 1.0
3939 3947 1.0
3947 3945 1.0
3945 3947 1.0
3948 1900 1.0
1900 3948 1.0
3948 2924 1.0
2924 3948 1.0
3948 3436 1.0
3436 3948 1.0
3948 3692 1.0
3692 3948 1.0
3948 3884 1.0
3884 3948 1.0
3948 3916 1.0
3916 3948 1.0
3948 3940 1.0
3940 3948 1.0
3948 3946 1.0
3946 3948 1.0
3948 3947 1.0
3947 3948 1.0
3949 1901 1.0
1901 3949 1.0
3949 2925 1.0
2925 3949 1.0
3949 3437 1.0
3437 3949 1.0
3949 3693 1.0
3693 3949 1.0
3949 3885 1.0
3885 3949 1.0
3949 3917 1.0
3917 3949 1.0
3949 3941 1.0
3941 3949 1.0
3949 3945 1.0
3945 3949 1.0
3950 1902 1.0
1902 3950 1.0
3950 2926 1.0
2926 3950 1.0
3950 3438 1.0
3438 3950 1.0
3950 3694 1.0
3694 3950 1.0
3950 3886 2.0
3886 3950 2.0
3950 3918 1.0
3918 3950 1.0
3950 3942 1.0
3942 3950 1.0
3950 3946 1.0
3946 3950 1.0
3950 3949 1.0
3949 3950 1.0
3951 1903 1.0
1903 3951 1.0
3951 2927 1.0
2927 3951 1.0
3951 3439 1.0
3439 3951 1.0
3951 3695 1.0
3695 3951 1.0
3951 3887 1.0
3887 3951 1.0
3951 3919 2.0
3919 3951 2.0
3951 3943 1.0
3943 3951 1.0
3951 3947 1.0
3947 3951 1.0
3951 3949 1.0
3949 3951 1.0
3952 1904 1.0
1904 3952 1.0
3952 2928 1.0
2928 3952 1.0
3952 3440 2.0
3440 3952 2.0
3952 3696 1.0
3696 3952 1.0
3952 3888 1.0
3888 3952 1.0
3952 3920 1.0
3920 3952 1.0
3952 3944 1.0
3944 3952 1.0
3952 3948 1.0
3948 3952 1.0
3952 3950 1.0
3950 3952 1.0
3952 3951 1.0
3951 3952 1.0
3953 1905 2.0
1905 3953 2.0
3953 2929 3.0
2929 3953 3.0
3953 3441 2.0
3441 3953 2.0
3953 3697 2.0
3697 3953 2.0
3953 3889 2.0
3889 3953 2.0
3953 3921 2.0
3921 3953 2.0
3953 3937 2.0
3937 3953 2.0
3954 1906 1.0
1906 3954 1.0
3954 2930 1.0
2930 3954 1.0
3954 3442 1.0
3442 3954 1.0
3954 3698 2.0
3698 3954 2.0
3954 3890 1.0
3890 3954 1.0
3954 3922 1.0
3922 3954 1.0
3954 3938 1.0
3938 3954 1.0
3954 3953 2.0
3953 3954 2.0
3955 1907 1.0
1907 3955 1.0
3955 2931 1.0
2931 3955 1.0
3955 3443 1.0
3443 3955 1.0
3955 3699 1.0
3699 3955 1.0
3955 3891 1.0
3891 3955 1.0
3955 3923 1.0
3923 3955 1.0
3955 3939 1.0
3939 3955 1.0
3955 3953 2.0
3953 3955 2.0
3956 1908 1.0
1908 3956 1.0
3956 2932 1.0
2932 3956 1.0
3956 3444 1.0
3444 3956 1.0
3956 3700 1.0
3700 3956 1.0
3956 3892 1.0
3892 3956 1.0
3956 3924 2.0
3924 3956 2.0
3956 3940 1.0
3940 3956 1.0
3956 3954 1.0
3954 3956 1.0
3956 3955 1.0
3955 3956 1.0
3957 1909 1.0
1909 3957 1.0
3957 2933 1.0
2933 3957 1.0
3957 3445 1.0
3445 3957 1.0
3957 3701 1.0
3701 3957 1.0
3957 3893 1.0
3893 3957 1.0
3957 3925 1.0
3925 3957 1.0
3957 3941 1.0
3941 3957 1.0
3957 3953 2.0
3953 3957 2.0
3958 1910 1.0
1910 3958 1.0
3958 2934 1.0
2934 3958 1.0
3958 3446 2.0
3446 3958 2.0
3958 3702 1.0
3702 3958 1.0
3958 3894 1.0
3894 3958 1.0
3958 3926 1.0
3926 3958 1.0
3958 3942 1.0
3942 3958 1.0
3958 3954 1.0
3954 3958 1.0
3958 3957 1.0
3957 3958 1.0
3959 1911 2.0
1911 3959 2.0
3959 2935 1.0
2935 3959 1.0
3959 3447 1.0
3447 3959 1.0
3959 3703 1.0
3703 3959 1.0
3959 3895 1.0
3895 3959 1.0
3959 3927 1.0
3927 3959 1.0
3959 3943 1.0
3943 3959 1.0
3959 3955 1.0
3955 3959 1.0
3959 3957 1.0
3957 3959 1.0
3960 1912 1.0
1912 3960 1.0
3960 2936 1.0
2936 3960 1.0
3960 3448 1.0
3448 3960 1.0
3960 3704 1.0
3704 3960 1.0
3960 3896 2.0
3896 3960 2.0
3960 3928 1.0
3928 3960 1.0
3960 3944 1.0
3944 3960 1.0
3960 3956 1.0
3956 3960 1.0
3960 3958 1.0
3958 3960 1.0
3960 3959 1.0
3959 3960 1.0
3961 1913 2.0
1913 3961 2.0
3961 2937 2.0
2937 3961 2.0
3961 3449 2.0
3449 3961 2.0
3961 3705 2.0
3705 3961 2.0
3961 3897 2.0
3897 3961 2.0
3961 3929 2.0
3929 3961 2.0
3961 3945 2.0
3945 3961 2.0
3961 3953 3.0
3953 3961 3.0
3962 1914 1.0
1914 3962 1.0
3962 2938 1.0
2938 3962 1.0
3962 3450 1.0
3450 3962 1.0
3962 3706 1.0
3706 3962 1.0
3962 3898 1.0
3898 3962 1.0
3962 3930 2.0
3930 3962 2.0
3962 3946 1.0
3946 3962 1.0
3962 3954 1.0
3954 3962 1.0
3962 3961 2.0
3961 3962 2.0
3963 1915 2.0
1915 3963 2.0
3963 2939 2.0
2939 3963 2.0
3963 3451 2.0
3451 3963 2.0
3963 3707 2.0
3707 3963 2.0
3963 3899 2.0
3899 3963 2.0
3963 3931 2.0
3931 3963 2.0
3963 3947 2.0
3947 3963 2.0
3963 3955 2.0
3955 3963 2.0
3963 3961 3.0
3961 3963 3.0
3964 1916 1.0
1916 3964 1.0
3964 2940 1.0
2940 3964 1.0
3964 3452 1.0
3452 3964 1.0
3964 3708 1.0
3708 3964 1.0
3964 3900 1.0
3900 3964 1.0
3964 3932 1.0
3932 3964 1.0
3964 3948 1.0
3948 3964 1.0
3964 3956 1.0
3956 3964 1.0
3964 3962 1.0
3962 3964 1.0
3964 3963 2.0
3963 3964 2.0
3965 1917 1.0
1917 3965 1.0
3965 2941 1.0
2941 3965 1.0
3965 3453 1.0
3453 3965 1.0
3965 3709 1.0
3709 3965 1.0
3965 3901 1.0
3901 3965 1.0
3965 3933 1.0
3933 3965 1.0
3965 3949 1.0
3949 3965 1.0
3965 3957 1.0
3957 3965 1.0
3965 3961 2.0
3961 3965 2.0
3966 1918 1.0
1918 3966 1.0
3966 2942 1.0
2942 3966 1.0
3966 3454 1.0
3454 3966 1.0
3966 3710 1.0
3710 3966 1.0
3966 3902 2.0
3902 3966 2.0
3966 3934 1.0
3934 3966 1.0
3966 3950 1.0
3950 3966 1.0
3966 3958 1.0
3958 3966 1.0
3966 3962 1.0
3962 3966 1.0
3966 3965 1.0
3965 3966 1.0
3967 1919 1.0
1919 3967 1.0
3967 2943 1.0
2943 3967 1.0
3967 3455 1.0
3455 3967 1.0
3967 3711 1.0
3711 3967 1.0
3967 3903 1.0
3903 3967 1.0
3967 3935 1.0
3935 3967 1.0
3967 3951 1.0
3951 3967 1.0
3967 3959 1.0
3959 3967 1.0
3967 3963 2.0
3963 3967 2.0
3967 3965 1.0
3965 3967 1.0
3968 1920 1.0
1920 3968 1.0
3968 2944 2.0
2944 3968 2.0
3968 3456 1.0
3456 3968 1.0
3968 3712 1.0
3712 3968 1.0
3968 3904 1.0
3904 3968 1.0
3968 3936 1.0
3936 3968 1.0
3968 3952 1.0
3952 3968 1.0
3968 3960 1.0
3960 3968 1.0
3968 3964 1.0
3964 3968 1.0
3968 3966 1.0
3966 3968 1.0
3968 3967 1.0
3967 3968 1.0
3969 1921 1.0
1921 3969 1.0
3969 2945 1.0
2945 3969 1.0
3969 3457 1.0
3457 3969 1.0
3969 3713 1.0
3713 3969 1.0
3969 3841 1.0
3841 3969 1.0
3970 1922 1.0
1922 3970 1.0
3970 2946 1.0
2946 3970 1.0
3970 3458 1.0
3458 3970 1.0
3970 3714 1.0
3714 3970 1.0
3970 3842 1.0
3842 3970 1.0
3970 3969 1.0
3969 3970 1.0
3971 1923 2.0
1923 3971 2.0
3971 2947 2.0
2947 3971 2.0
3971 3459 2.0
3459 3971 2.0
3971 3715 2.0
3715 3971 2.0
3971 3843 2.0
3843 3971 2.0
3971 3969 2.0
3969 3971 2.0
3972 1924 1.0
1924 3972 1.0
3972 2948 1.0
2948 3972 1.0
3972 3460 1.0
3460 3972 1.0
3972 3716 1.0
3716 3972 1.0
3972 3844 1.0
3844 3972 1.0
3972 3970 1.0
3970 3972 1.0
3972 3971 2.0
3971 3972 2.0
3973 1925 1.0
1925 3973 1.0
3973 2949 2.0
2949 3973 2.0
3973 3461 1.0
3461 3973 1.0
3973 3717 1.0
3717 3973 1.0
3973 3845 1.0
3845 3973 1.0
3973 3969 1.0
3969 3973 1.0
3974 1926 1.0
1926 3974 1.0
3974 2950 1.0
2950 3974 1.0
3974 3462 1.0
3462 3974 1.0
3974 3718 2.0
3718 3974 2.0
3974 3846 1.0
3846 3974 1.0
3974 3970 1.0
3970 3974 1.0
3974 3973 1.0
3973 3974 1.0
3975 1927 1.0
1927 3975 1.0
3975 2951 1.0
2951 3975 1.0
3975 3463 1.0
3463 3975 1.0
3975 3719 1.0
3719 3975 1.0
3975 3847 1.0
3847 3975 1.0
3975 3971 2.0
3971 3975 2.0
3975 3973 1.0
3973 3975 1.0
3976 1928 1.0
1928 3976 1.0
3976 2952 1.0
2952 3976 1.0
3976 3464 1.0
3464 3976 1.0
3976 3720 1.0
3720 3976 1.0
3976 3848 2.0
3848 3976 2.0
3976 3972 1.0
3972 3976 1.0
3976 3974 1.0
3974 3976 1.0
3976 3975 1.0
3975 3976 1.0
3977 1929 1.0
1929 3977 1.0
3977 2953 1.0
2953 3977 1.0
3977 3465 2.0
3465 3977 2.0
3977 3721 1.0
3721 3977 1.0
3977 3849 1.0
3849 3977 1.0
3977 3969 1.0
3969 3977 1.0
3978 1930 2.0
1930 3978 2.0
3978 2954 2.0
2954 3978 2.0
3978 3466 2.0
3466 3978 2.0
3978 3722 2.0
3722 3978 2.0
3978 3850 2.0
3850 3978 2.0
3978 3970 2.0
3970 3978 2.0
3978 3977 2.0
3977 3978 2.0
3979 1931 1.0
1931 3979 1.0
3979 2955 1.0
2955 3979 1.0
3979 3467 1.0
3467 3979 1.0
3979 3723 1.0
3723 3979 1.0
3979 3851 1.0
3851 3979 1.0
3979 3971 2.0
3971 3979 2.0
3979 3977 1.0
3977 3979 1.0
3980 1932 1.0
1932 3980 1.0
3980 2956 2.0
2956 3980 2.0
3980 3468 1.0
3468 3980 1.0
3980 3724 1.0
3724 3980 1.0
3980 3852 1.0
3852 3980 1.0
3980 3972 1.0
3972 3980 1.0
3980 3978 2.0
3978 3980 2.0
3980 3979 1.0
3979 3980 1.0
3981 1933 1.0
1933 3981 1.0
3981 2957 1.0
2957 3981 1.0
3981 3469 2.0
3469 3981 2.0
3981 3725 2.0
3725 3981 2.0
3981 3853 1.0
3853 3981 1.0
3981 3973 1.0
3973 3981 1.0
3981 3977 1.0
3977 3981 1.0
3982 1934 2.0
1934 3982 2.0
3982 2958 1.0
2958 3982 1.0
3982 3470 1.0
3470 3982 1.0
3982 3726 1.0
3726 3982 1.0
3982 3854 1.0
3854 3982 1.0
3982 3974 1.0
3974 3982 1.0
3982 3978 2.0
3978 3982 2.0
3982 3981 1.0
3981 3982 1.0
3983 1935 1.0
1935 3983 1.0
3983 2959 1.0
2959 3983 1.0
3983 3471 1.0
3471 3983 1.0
3983 3727 1.0
3727 3983 1.0
3983 3855 1.0
3855 3983 1.0
3983 3975 1.0
3975 3983 1.0
3983 3979 1.0
3979 3983 1.0
3983 3981 1.0
3981 3983 1.0
3984 1936 1.0
1936 3984 1.0
3984 2960 1.0
2960 3984 1.0
3984 3472 1.0
3472 3984 1.0
3984 3728 1.0
3728 3984 1.0
3984 3856 1.0
3856 3984 1.0
3984 3976 1.0
3976 3984 1.0
3984 3980 1.0
3980 3984 1.0
3984 3982 1.0
3982 3984 1.0
3984 3983 1.0
3983 3984 1.0
3985 1937 1.0
1937 3985 1.0
3985 2961 1.0
2961 3985 1.0
3985 3473 1.0
3473 3985 1.0
3985 3729 2.0
3729 3985 2.0
3985 3857 1.0
3857 3985 1.0
3985 3969 1.0
3969 3985 1.0
3986 1938 1.0
1938 3986 1.0
3986 2962 1.0
2962 3986 1.0
3986 3474 1.0
3474 3986 1.0
3986 3730 1.0
3730 3986 1.0
3986 3858 1.0
3858 3986 1.0
3986 3970 1.0
3970 3986 1.0
3986 3985 1.0
3985 3986 1.0
3987 1939 1.0
1939 3987 1.0
3987 2963 1.0
2963 3987 1.0
3987 3475 1.0
3475 3987 1.0
3987 3731 1.0
3731 3987 1.0
3987 3859 2.0
3859 3987 2.0
3987 3971 2.0
3971 3987 2.0
3987 3985 1.0
3985 3987 1.0
3988 1940 2.0
1940 3988 2.0
3988 2964 2.0
2964 3988 2.0
3988 3476 2.0
3476 3988 2.0
3988 3732 2.0
3732 3988 2.0
3988 3860 2.0
3860 3988 2.0
3988 3972 2.0
3972 3988 2.0
3988 3986 2.0
3986 3988 2.0
3988 3987 2.0
3987 3988 2.0
3989 1941 1.0
1941 3989 1.0
3989 2965 1.0
2965 3989 1.0
3989 3477 1.0
3477 3989 1.0
3989 3733 1.0
3733 3989 1.0
3989 3861 1.0
3861 3989 1.0
3989 3973 1.0
3973 3989 1.0
3989 3985 1.0
3985 3989 1.0
3990 1942 1.0
1942 3990 1.0
3990 2966 1.0
2966 3990 1.0
3990 3478 1.0
3478 3990 1.0
3990 3734 1.0
3734 3990 1.0
3990 3862 1.0
3862 3990 1.0
3990 3974 1.0
3974 3990 1.0
3990 3986 1.0
3986 3990 1.0
3990 3989 1.0
3989 3990 1.0
3991 1943 1.0
1943 3991 1.0
3991 2967 1.0
2967 3991 1.0
3991 3479 1.0
3479 3991 1.0
3991 3735 1.0
3735 3991 1.0
3991 3863 1.0
3863 3991 1.0
3991 3975 1.0
3975 3991 1.0
3991 3987 1.0
3987 3991 1.0
3991 3989 1.0
3989 3991 1.0
3992 1944 2.0
1944 3992 2.0
3992 2968 2.0
2968 3992 2.0
3992 3480 2.0
3480 3992 2.0
3992 3736 2.0
3736 3992 2.0
3992 3864 2.0
3864 3992 2.0
3992 3976 2.0
3976 3992 2.0
3992 3988 3.0
3988 3992 3.0
3992 3990 2.0
3990 3992 2.0
3992 3991 2.0
3991 3992 2.0
3993 1945 1.0
1945 3993 1.0
3993 2969 2.0
2969 3993 2.0
3993 3481 1.0
3481 3993 1.0
3993 3737 1.0
3737 3993 1.0
3993 3865 2.0
3865 3993 2.0
3993 3977 1.0
3977 3993 1.0
3993 3985 1.0
3985 3993 1.0
3994 1946 2.0
1946 3994 2.0
3994 2970 1.0
2970 3994 1.0
3994 3482 1.0
3482 3994 1.0
3994 3738 2.0
3738 3994 2.0
3994 3866 1.0
3866 3994 1.0
3994 3978 2.0
3978 3994 2.0
3994 3986 1.0
3986 3994 1.0
3994 3993 1.0
3993 3994 1.0
3995 1947 1.0
1947 3995 1.0
3995 2971 1.0
2971 3995 1.0
3995 3483 1.0
3483 3995 1.0
3995 3739 1.0
3739 3995 1.0
3995 3867 2.0
3867 3995 2.0
3995 3979 1.0
3979 3995 1.0
3995 3987 1.0
3987 3995 1.0
3995 3993 1.0
3993 3995 1.0
3996 1948 1.0
1948 3996 1.0
3996 2972 1.0
2972 3996 1.0
3996 3484 1.0
3484 3996 1.0
3996 3740 1.0
3740 3996 1.0
3996 3868 1.0
3868 3996 1.0
3996 3980 1.0
3980 3996 1.0
3996 3988 2.0
3988 3996 2.0
3996 3994 1.0
3994 3996 1.0
3996 3995 1.0
3995 3996 1.0
3997 1949 1.0
1949 3997 1.0
3997 2973 1.0
2973 3997 1.0
3997 3485 1.0
3485 3997 1.0
3997 3741 1.0
3741 3997 1.0
3997 3869 1.0
3869 3997 1.0
3997 3981 1.0
3981 3997 1.0
3997 3989 1.0
3989 3997 1.0
3997 3993 1.0
3993 3997 1.0
3998 1950 1.0
1950 3998 1.0
3998 2974 1.0
2974 3998 1.0
3998 3486 1.0
3486 3998 1.0
3998 3742 1.0
3742 3998 1.0
3998 3870 1.0
3870 3998 1.0
3998 3982 1.0
3982 3998 1.0
3998 3990 1.0
3990 3998 1.0
3998 3994 1.0
3994 3998 1.0
3998 3997 1.0
3997 3998 1.0
3999 1951 1.0
1951 3999 1.0
3999 2975 1.0
2975 3999 1.0
3999 3487 1.0
3487 3999 1.0
3999 3743 1.0
3743 3999 1.0
3999 3871 1.0
3871 3999 1.0
3999 3983 1.0
3983 3999 1.0
3999 3991 1.0
3991 3999 1.0
3999 3995 1.0
3995 3999 1.0
3999 3997 1.0
3997 3999 1.0
4000 1952 2.0
1952 4000 2.0
4000 2976 2.0
2976 4000 2.0
4000 3488 2.0
3488 4000 2.0
4000 3744 2.0
3744 4000 2.0
4000 3872 2.0
3872 4000 2.0
4000 3984 2.0
3984 4000 2.0
4000 3992 3.0
3992 4000 3.0
4000 3996 2.0
3996 4000 2.0
4000 3998 2.0
3998 4000 2.0
4000 3999 2.0
3999 4000 2.0
4001 1953 1.0
1953 4001 1.0
4001 2977 1.0
2977 4001 1.0
4001 3489 1.0
3489 4001 1.0
4001 3745 1.0
3745 4001 1.0
4001 3873 1.0
3873 4001 1.0
4001 3969 1.0
3969 4001 1.0
4002 1954 1.0
1954 4002 1.0
4002 2978 1.0
2978 4002 1.0
4002 3490 1.0
3490 4002 1.0
4002 3746 1.0
3746 4002 1.0
4002 3874 2.0
3874 4002 2.0
4002 3970 1.0
3970 4002 1.0
4002 4001 1.0
4001 4002 1.0
4003 1955 1.0
1955 4003 1.0
4003 2979 1.0
2979 4003 1.0
4003 3491 1.0
3491 4003 1.0
4003 3747 1.0
3747 4003 1.0
4003 3875 1.0
3875 4003 1.0
4003 3971 2.0
3971 4003 2.0
4003 4001 1.0
4001 4003 1.0
4004 1956 1.0
1956 4004 1.0
4004 2980 1.0
2980 4004 1.0
4004 3492 1.0
3492 4004 1.0
4004 3748 2.0
3748 4004 2.0
4004 3876 1.0
3876 4004 1.0
4004 3972 1.0
3972 4004 1.0
4004 4002 1.0
4002 4004 1.0
4004 4003 1.0
4003 4004 1.0
4005 1957 1.0
1957 4005 1.0
4005 2981 2.0
2981 4005 2.0
4005 3493 2.0
3493 4005 2.0
4005 3749 1.0
3749 4005 1.0
4005 3877 1.0
3877 4005 1.0
4005 3973 1.0
3973 4005 1.0
4005 4001 1.0
4001 4005 1.0
4006 1958 1.0
1958 4006 1.0
4006 2982 1.0
2982 4006 1.0
4006 3494 1.0
3494 4006 1.0
4006 3750 2.0
3750 4006 2.0
4006 3878 1.0
3878 4006 1.0
4006 3974 1.0
3974 4006 1.0
4006 4002 1.0
4002 4006 1.0
4006 4005 1.0
4005 4006 1.0
4007 1959 1.0
1959 4007 1.0
4007 2983 1.0
2983 4007 1.0
4007 3495 1.0
3495 4007 1.0
4007 3751 1.0
3751 4007 1.0
4007 3879 2.0
3879 4007 2.0
4007 3975 1.0
3975 4007 1.0
4007 4003 1.0
4003 4007 1.0
4007 4005 1.0
4005 4007 1.0
4008 1960 2.0
1960 4008 2.0
4008 2984 1.0
2984 4008 1.0
4008 3496 2.0
3496 4008 2.0
4008 3752 1.0
3752 4008 1.0
4008 3880 1.0
3880 4008 1.0
4008 3976 1.0
3976 4008 1.0
4008 4004 1.0
4004 4008 1.0
4008 4006 1.0
4006 4008 1.0
4008 4007 1.0
4007 4008 1.0
4009 1961 2.0
1961 4009 2.0
4009 2985 1.0
2985 4009 1.0
4009 3497 1.0
3497 4009 1.0
4009 3753 1.0
3753 4009 1.0
4009 3881 1.0
3881 4009 1.0
4009 3977 1.0
3977 4009 1.0
4009 4001 1.0
4001 4009 1.0
4010 1962 1.0
1962 4010 1.0
4010 2986 1.0
2986 4010 1.0
4010 3498 1.0
3498 4010 1.0
4010 3754 1.0
3754 4010 1.0
4010 3882 1.0
3882 4010 1.0
4010 3978 2.0
3978 4010 2.0
4010 4002 1.0
4002 4010 1.0
4010 4009 1.0
4009 4010 1.0
4011 1963 1.0
1963 4011 1.0
4011 2987 1.0
2987 4011 1.0
4011 3499 1.0
3499 4011 1.0
4011 3755 1.0
3755 4011 1.0
4011 3883 1.0
3883 4011 1.0
4011 3979 1.0
3979 4011 1.0
4011 4003 1.0
4003 4011 1.0
4011 4009 1.0
4009 4011 1.0
4012 1964 1.0
1964 4012 1.0
4012 2988 1.0
2988 4012 1.0
4012 3500 1.0
3500 4012 1.0
4012 3756 1.0
3756 4012 1.0
4012 3884 1.0
3884 4012 1.0
4012 3980 1.0
3980 4012 1.0
4012 4004 1.0
4004 4012 1.0
4012 4010 1.0
4010 4012 1.0
4012 4011 1.0
4011 4012 1.0
4013 1965 1.0
1965 4013 1.0
4013 2989 1.0
2989 4013 1.0
4013 3501 1.0
3501 4013 1.0
4013 3757 1.0
3757 4013 1.0
4013 3885 1.0
3885 4013 1.0
4013 3981 1.0
3981 4013 1.0
4013 4005 1.0
4005 4013 1.0
4013 4009 1.0
4009 4013 1.0
4014 1966 1.0
1966 4014 1.0
4014 2990 1.0
2990 4014 1.0
4014 3502 1.0
3502 4014 1.0
4014 3758 1.0
3758 4014 1.0
4014 3886 2.0
3886 4014 2.0
4014 3982 1.0
3982 4014 1.0
4014 4006 1.0
4006 4014 1.0
4014 4010 1.0
4010 4014 1.0
4014 4013 1.0
4013 4014 1.0
4015 1967 2.0
1967 4015 2.0
4015 2991 2.0
2991 4015 2.0
4015 3503 2.0
3503 4015 2.0
4015 3759 2.0
3759 4015 2.0
4015 3887 2.0
3887 4015 2.0
4015 3983 2.0
3983 4015 2.0
4015 4007 2.0
4007 4015 2.0
4015 4011 2.0
4011 4015 2.0
4015 4013 2.0
4013 4015 2.0
4016 1968 1.0
1968 4016 1.0
4016 2992 1.0
2992 4016 1.0
4016 3504 1.0
3504 4016 1.0
4016 3760 1.0
3760 4016 1.0
4016 3888 1.0
3888 4016 1.0
4016 3984 1.0
3984 4016 1.0
4016 4008 1.0
4008 4016 1.0
4016 4012 1.0
4012 4016 1.0
4016 4014 1.0
4014 4016 1.0
4016 4015 2.0
4015 4016 2.0
4017 1969 2.0
1969 4017 2.0
4017 2993 2.0
2993 4017 2.0
4017 3505 2.0
3505 4017 2.0
4017 3761 2.0
3761 4017 2.0
4017 3889 2.0
3889 4017 2.0
4017 3985 2.0
3985 4017 2.0
4017 4001 2.0
4001 4017 2.0
4018 1970 1.0
1970 4018 1.0
4018 2994 1.0
2994 4018 1.0
4018 3506 1.0
3506 4018 1.0
4018 3762 1.0
3762 4018 1.0
4018 3890 1.0
3890 4018 1.0
4018 3986 1.0
3986 4018 1.0
4018 4002 1.0
4002 4018 1.0
4018 4017 2.0
4017 4018 2.0
4019 1971 1.0
1971 4019 1.0
4019 2995 1.0
2995 4019 1.0
4019 3507 1.0
3507 4019 1.0
4019 3763 1.0
3763 4019 1.0
4019 3891 1.0
3891 4019 1.0
4019 3987 1.0
3987 4019 1.0
4019 4003 1.0
4003 4019 1.0
4019 4017 2.0
4017 4019 2.0
4020 1972 1.0
1972 4020 1.0
4020 2996 2.0
2996 4020 2.0
4020 3508 1.0
3508 4020 1.0
4020 3764 1.0
3764 4020 1.0
4020 3892 1.0
3892 4020 1.0
4020 3988 2.0
3988 4020 2.0
4020 4004 1.0
4004 4020 1.0
4020 4018 1.0
4018 4020 1.0
4020 4019 1.0
4019 4020 1.0
4021 1973 2.0
1973 4021 2.0
4021 2997 1.0
2997 4021 1.0
4021 3509 1.0
3509 4021 1.0
4021 3765 1.0
3765 4021 1.0
4021 3893 1.0
3893 4021 1.0
4021 3989 1.0
3989 4021 1.0
4021 4005 1.0
4005 4021 1.0
4021 4017 2.0
4017 4021 2.0
4022 1974 1.0
1974 4022 1.0
4022 2998 1.0
2998 4022 1.0
4022 3510 2.0
3510 4022 2.0
4022 3766 1.0
3766 4022 1.0
4022 3894 1.0
3894 4022 1.0
4022 3990 1.0
3990 4022 1.0
4022 4006 1.0
4006 4022 1.0
4022 4018 1.0
4018 4022 1.0
4022 4021 1.0
4021 4022 1.0
4023 1975 1.0
1975 4023 1.0
4023 2999 1.0
2999 4023 1.0
4023 3511 2.0
3511 4023 2.0
4023 3767 1.0
3767 4023 1.0
4023 3895 1.0
3895 4023 1.0
4023 3991 1.0
3991 4023 1.0
4023 4007 1.0
4007 4023 1.0
4023 4019 1.0
4019 4023 1.0
4023 4021 1.0
4021 4023 1.0
4024 1976 1.0
1976 4024 1.0
4024 3000 1.0
3000 4024 1.0
4024 3512 1.0
3512 4024 1.0
4024 3768 1.0
3768 4024 1.0
4024 3896 2.0
3896 4024 2.0
4024 3992 2.0
3992 4024 2.0
4024 4008 1.0
4008 4024 1.0
4024 4020 1.0
4020 4024 1.0
4024 4022 1.0
4022 4024 1.0
4024 4023 1.0
4023 4024 1.0
4025 1977 1.0
1977 4025 1.0
4025 3001 1.0
3001 4025 1.0
4025 3513 1.0
3513 4025 1.0
4025 3769 1.0
3769 4025 1.0
4025 3897 1.0
3897 4025 1.0
4025 3993 1.0
3993 4025 1.0
4025 4009 1.0
4009 4025 1.0
4025 4017 2.0
4017 4025 2.0
4026 1978 1.0
1978 4026 1.0
4026 3002 1.0
3002 4026 1.0
4026 3514 1.0
3514 4026 1.0
4026 3770 1.0
3770 4026 1.0
4026 3898 1.0
3898 4026 1.0
4026 3994 1.0
3994 4026 1.0
4026 4010 1.0
4010 4026 1.0
4026 4018 1.0
4018 4026 1.0
4026 4025 1.0
4025 4026 1.0
4027 1979 1.0
1979 4027 1.0
4027 3003 1.0
3003 4027 1.0
4027 3515 1.0
3515 4027 1.0
4027 3771 2.0
3771 4027 2.0
4027 3899 1.0
3899 4027 1.0
4027 3995 1.0
3995 4027 1.0
4027 4011 1.0
4011 4027 1.0
4027 4019 1.0
4019 4027 1.0
4027 4025 1.0
4025 4027 1.0
4028 1980 1.0
1980 4028 1.0
4028 3004 1.0
3004 4028 1.0
4028 3516 2.0
3516 4028 2.0
4028 3772 2.0
3772 4028 2.0
4028 3900 1.0
3900 4028 1.0
4028 3996 1.0
3996 4028 1.0
4028 4012 1.0
4012 4028 1.0
4028 4020 1.0
4020 4028 1.0
4028 4026 1.0
4026 4028 1.0
4028 4027 1.0
4027 4028 1.0
4029 1981 1.0
1981 4029 1.0
4029 3005 1.0
3005 4029 1.0
4029 3517 2.0
3517 4029 2.0
4029 3773 1.0
3773 4029 1.0
4029 3901 1.0
3901 4029 1.0
4029 3997 1.0
3997 4029 1.0
4029 4013 1.0
4013 4029 1.0
4029 4021 1.0
4021 4029 1.0
4029 4025 1.0
4025 4029 1.0
4030 1982 1.0
1982 4030 1.0
4030 3006 2.0
3006 4030 2.0
4030 3518 2.0
3518 4030 2.0
4030 3774 1.0
3774 4030 1.0
4030 3902 2.0
3902 4030 2.0
4030 3998 1.0
3998 4030 1.0
4030 4014 1.0
4014 4030 1.0
4030 4022 1.0
4022 4030 1.0
4030 4026 1.0
4026 4030 1.0
4030 4029 1.0
4029 4030 1.0
4031 1983 1.0
1983 4031 1.0
4031 3007 1.0
3007 4031 1.0
4031 3519 1.0
3519 4031 1.0
4031 3775 1.0
3775 4031 1.0
4031 3903 1.0
3903 4031 1.0
4031 3999 1.0
3999 4031 1.0
4031 4015 2.0
4015 4031 2.0
4031 4023 1.0
4023 4031 1.0
4031 4027 1.0
4027 4031 1.0
4031 4029 1.0
4029 4031 1.0
4032 1984 2.0
1984 4032 2.0
4032 3008 1.0
3008 4032 1.0
4032 3520 1.0
3520 4032 1.0
4032 3776 2.0
3776 4032 2.0
4032 3904 1.0
3904 4032 1.0
4032 4000 2.0
4000 4032 2.0
4032 4016 1.0
4016 4032 1.0
4032 4024 1.0
4024 4032 1.0
4032 4028 1.0
4028 4032 1.0
4032 4030 1.0
4030 4032 1.0
4032 4031 1.0
4031 4032 1.0
4033 1985 2.0
1985 4033 2.0
4033 3009 1.0
3009 4033 1.0
4033 3521 1.0
3521 4033 1.0
4033 3777 1.0
3777 4033 1.0
4033 3905 1.0
3905 4033 1.0
4033 3969 1.0
3969 4033 1.0
4034 1986 1.0
1986 4034 1.0
4034 3010 1.0
3010 4034 1.0
4034 3522 1.0
3522 4034 1.0
4034 3778 2.0
3778 4034 2.0
4034 3906 1.0
3906 4034 1.0
4034 3970 1.0
3970 4034 1.0
4034 4033 1.0
4033 4034 1.0
4035 1987 1.0
1987 4035 1.0
4035 3011 1.0
3011 4035 1.0
4035 3523 1.0
3523 4035 1.0
4035 3779 1.0
3779 4035 1.0
4035 3907 1.0
3907 4035 1.0
4035 3971 2.0
3971 4035 2.0
4035 4033 1.0
4033 4035 1.0
4036 1988 2.0
1988 4036 2.0
4036 3012 1.0
3012 4036 1.0
4036 3524 2.0
3524 4036 2.0
4036 3780 1.0
3780 4036 1.0
4036 3908 1.0
3908 4036 1.0
4036 3972 1.0
3972 4036 1.0
4036 4034 1.0
4034 4036 1.0
4036 4035 1.0
4035 4036 1.0
4037 1989 1.0
1989 4037 1.0
4037 3013 1.0
3013 4037 1.0
4037 3525 1.0
3525 4037 1.0
4037 3781 1.0
3781 4037 1.0
4037 3909 1.0
3909 4037 1.0
4037 3973 1.0
3973 4037 1.0
4037 4033 1.0
4033 4037 1.0
4038 1990 1.0
1990 4038 1.0
4038 3014 1.0
3014 4038 1.0
4038 3526 1.0
3526 4038 1.0
4038 3782 1.0
3782 4038 1.0
4038 3910 2.0
3910 4038 2.0
4038 3974 1.0
3974 4038 1.0
4038 4034 1.0
4034 4038 1.0
4038 4037 1.0
4037 4038 1.0
4039 1991 2.0
1991 4039 2.0
4039 3015 2.0
3015 4039 2.0
4039 3527 2.0
3527 4039 2.0
4039 3783 2.0
3783 4039 2.0
4039 3911 2.0
3911 4039 2.0
4039 3975 2.0
3975 4039 2.0
4039 4035 2.0
4035 4039 2.0
4039 4037 2.0
4037 4039 2.0
4040 1992 1.0
1992 4040 1.0
4040 3016 1.0
3016 4040 1.0
4040 3528 1.0
3528 4040 1.0
4040 3784 1.0
3784 4040 1.0
4040 3912 1.0
3912 4040 1.0
4040 3976 1.0
3976 4040 1.0
4040 4036 1.0
4036 4040 1.0
4040 4038 1.0
4038 4040 1.0
4040 4039 2.0
4039 4040 2.0
4041 1993 1.0
1993 4041 1.0
4041 3017 1.0
3017 4041 1.0
4041 3529 1.0
3529 4041 1.0
4041 3785 1.0
3785 4041 1.0
4041 3913 1.0
3913 4041 1.0
4041 3977 1.0
3977 4041 1.0
4041 4033 1.0
4033 4041 1.0
4042 1994 1.0
1994 4042 1.0
4042 3018 1.0
3018 4042 1.0
4042 3530 1.0
3530 4042 1.0
4042 3786 1.0
3786 4042 1.0
4042 3914 1.0
3914 4042 1.0
4042 3978 2.0
3978 4042 2.0
4042 4034 1.0
4034 4042 1.0
4042 4041 1.0
4041 4042 1.0
4043 1995 2.0
1995 4043 2.0
4043 3019 2.0
3019 4043 2.0
4043 3531 2.0
3531 4043 2.0
4043 3787 2.0
3787 4043 2.0
4043 3915 2.0
3915 4043 2.0
4043 3979 2.0
3979 4043 2.0
4043 4035 2.0
4035 4043 2.0
4043 4041 2.0
4041 4043 2.0
4044 1996 1.0
1996 4044 1.0
4044 3020 1.0
3020 4044 1.0
4044 3532 1.0
3532 4044 1.0
4044 3788 1.0
3788 4044 1.0
4044 3916 1.0
3916 4044 1.0
4044 3980 1.0
3980 4044 1.0
4044 4036 1.0
4036 4044 1.0
4044 4042 1.0
4042 4044 1.0
4044 4043 2.0
4043 4044 2.0
4045 1997 1.0
1997 4045 1.0
4045 3021 1.0
3021 4045 1.0
4045 3533 1.0
3533 4045 1.0
4045 3789 1.0
3789 4045 1.0
4045 3917 1.0
3917 4045 1.0
4045 3981 1.0
3981 4045 1.0
4045 4037 1.0
4037 4045 1.0
4045 4041 1.0
4041 4045 1.0
4046 1998 1.0
1998 4046 1.0
4046 3022 2.0
3022 4046 2.0
4046 3534 1.0
3534 4046 1.0
4046 3790 1.0
3790 4046 1.0
4046 3918 1.0
3918 4046 1.0
4046 3982 1.0
3982 4046 1.0
4046 4038 1.0
4038 4046 1.0
4046 4042 1.0
4042 4046 1.0
4046 4045 1.0
4045 4046 1.0
4047 1999 1.0
1999 4047 1.0
4047 3023 1.0
3023 4047 1.0
4047 3535 1.0
3535 4047 1.0
4047 3791 1.0
3791 4047 1.0
4047 3919 2.0
3919 4047 2.0
4047 3983 1.0
3983 4047 1.0
4047 4039 2.0
4039 4047 2.0
4047 4043 2.0
4043 4047 2.0
4047 4045 1.0
4045 4047 1.0
4048 2000 1.0
2000 4048 1.0
4048 3024 1.0
3024 4048 1.0
4048 3536 1.0
3536 4048 1.0
4048 3792 2.0
3792 4048 2.0
4048 3920 1.0
3920 4048 1.0
4048 3984 1.0
3984 4048 1.0
4048 4040 1.0
4040 4048 1.0
4048 4044 1.0
4044 4048 1.0
4048 4046 1.0
4046 4048 1.0
4048 4047 1.0
4047 4048 1.0
4049 2001 1.0
2001 4049 1.0
4049 3025 1.0
3025 4049 1.0
4049 3537 2.0
3537 4049 2.0
4049 3793 1.0
3793 4049 1.0
4049 3921 1.0
3921 4049 1.0
4049 3985 1.0
3985 4049 1.0
4049 4033 1.0
4033 4049 1.0
4050 2002 1.0
2002 4050 1.0
4050 3026 2.0
3026 4050 2.0
4050 3538 1.0
3538 4050 1.0
4050 3794 1.0
3794 4050 1.0
4050 3922 1.0
3922 4050 1.0
4050 3986 1.0
3986 4050 1.0
4050 4034 1.0
4034 4050 1.0
4050 4049 1.0
4049 4050 1.0
4051 2003 1.0
2003 4051 1.0
4051 3027 1.0
3027 4051 1.0
4051 3539 2.0
3539 4051 2.0
4051 3795 1.0
3795 4051 1.0
4051 3923 1.0
3923 4051 1.0
4051 3987 1.0
3987 4051 1.0
4051 4035 1.0
4035 4051 1.0
4051 4049 1.0
4049 4051 1.0
4052 2004 1.0
2004 4052 1.0
4052 3028 1.0
3028 4052 1.0
4052 3540 1.0
3540 4052 1.0
4052 3796 2.0
3796 4052 2.0
4052 3924 2.0
3924 4052 2.0
4052 3988 2.0
3988 4052 2.0
4052 4036 1.0
4036 4052 1.0
4052 4050 1.0
4050 4052 1.0
4052 4051 1.0
4051 4052 1.0
4053 2005 2.0
2005 4053 2.0
4053 3029 2.0
3029 4053 2.0
4053 3541 2.0
3541 4053 2.0
4053 3797 2.0
3797 4053 2.0
4053 3925 2.0
3925 4053 2.0
4053 3989 2.0
3989 4053 2.0
4053 4037 2.0
4037 4053 2.0
4053 4049 2.0
4049 4053 2.0
4054 2006 1.0
2006 4054 1.0
4054 3030 1.0
3030 4054 1.0
4054 3542 1.0
3542 4054 1.0
4054 3798 1.0
3798 4054 1.0
4054 3926 1.0
3926 4054 1.0
4054 3990 1.0
3990 4054 1.0
4054 4038 1.0
4038 4054 1.0
4054 4050 1.0
4050 4054 1.0
4054 4053 2.0
4053 4054 2.0
4055 2007 1.0
2007 4055 1.0
4055 3031 1.0
3031 4055 1.0
4055 3543 1.0
3543 4055 1.0
4055 3799 1.0
3799 4055 1.0
4055 3927 1.0
3927 4055 1.0
4055 3991 1.0
3991 4055 1.0
4055 4039 2.0
4039 4055 2.0
4055 4051 1.0
4051 4055 1.0
4055 4053 2.0
4053 4055 2.0
4056 2008 1.0
2008 4056 1.0
4056 3032 1.0
3032 4056 1.0
4056 3544 1.0
3544 4056 1.0
4056 3800 1.0
3800 4056 1.0
4056 3928 1.0
3928 4056 1.0
4056 3992 2.0
3992 4056 2.0
4056 4040 1.0
4040 4056 1.0
4056 4052 1.0
4052 4056 1.0
4056 4054 1.0
4054 4056 1.0
4056 4055 1.0
4055 4056 1.0
4057 2009 1.0
2009 4057 1.0
4057 3033 2.0
3033 4057 2.0
4057 3545 1.0
3545 4057 1.0
4057 3801 1.0
3801 4057 1.0
4057 3929 1.0
3929 4057 1.0
4057 3993 1.0
3993 4057 1.0
4057 4041 1.0
4041 4057 1.0
4057 4049 1.0
4049 4057 1.0
4058 2010 1.0
2010 4058 1.0
4058 3034 1.0
3034 4058 1.0
4058 3546 2.0
3546 4058 2.0
4058 3802 1.0
3802 4058 1.0
4058 3930 2.0
3930 4058 2.0
4058 3994 1.0
3994 4058 1.0
4058 4042 1.0
4042 4058 1.0
4058 4050 1.0
4050 4058 1.0
4058 4057 1.0
4057 4058 1.0
4059 2011 1.0
2011 4059 1.0
4059 3035 1.0
3035 4059 1.0
4059 3547 1.0
3547 4059 1.0
4059 3803 1.0
3803 4059 1.0
4059 3931 1.0
3931 4059 1.0
4059 3995 1.0
3995 4059 1.0
4059 4043 2.0
4043 4059 2.0
4059 4051 1.0
4051 4059 1.0
4059 4057 1.0
4057 4059 1.0
4060 2012 2.0
2012 4060 2.0
4060 3036 1.0
3036 4060 1.0
4060 3548 1.0
3548 4060 1.0
4060 3804 1.0
3804 4060 1.0
4060 3932 1.0
3932 4060 1.0
4060 3996 1.0
3996 4060 1.0
4060 4044 1.0
4044 4060 1.0
4060 4052 1.0
4052 4060 1.0
4060 4058 1.0
4058 4060 1.0
4060 4059 1.0
4059 4060 1.0
4061 2013 2.0
2013 4061 2.0
4061 3037 2.0
3037 4061 2.0
4061 3549 2.0
3549 4061 2.0
4061 3805 2.0
3805 4061 2.0
4061 3933 2.0
3933 4061 2.0
4061 3997 2.0
3997 4061 2.0
4061 4045 2.0
4045 4061 2.0
4061 4053 3.0
4053 4061 3.0
4061 4057 2.0
4057 4061 2.0
4062 2014 1.0
2014 4062 1.0
4062 3038 1.0
3038 4062 1.0
4062 3550 1.0
3550 4062 1.0
4062 3806 1.0
3806 4062 1.0
4062 3934 1.0
3934 4062 1.0
4062 3998 1.0
3998 4062 1.0
4062 4046 1.0
4046 4062 1.0
4062 4054 1.0
4054 4062 1.0
4062 4058 1.0
4058 4062 1.0
4062 4061 2.0
4061 4062 2.0
4063 2015 2.0
2015 4063 2.0
4063 3039 1.0
3039 4063 1.0
4063 3551 1.0
3551 4063 1.0
4063 3807 1.0
3807 4063 1.0
4063 3935 1.0
3935 4063 1.0
4063 3999 1.0
3999 4063 1.0
4063 4047 1.0
4047 4063 1.0
4063 4055 1.0
4055 4063 1.0
4063 4059 1.0
4059 4063 1.0
4063 4061 2.0
4061 4063 2.0
4064 2016 1.0
2016 4064 1.0
4064 3040 1.0
3040 4064 1.0
4064 3552 1.0
3552 4064 1.0
4064 3808 1.0
3808 4064 1.0
4064 3936 1.0
3936 4064 1.0
4064 4000 2.0
4000 4064 2.0
4064 4048 1.0
4048 4064 1.0
4064 4056 1.0
4056 4064 1.0
4064 4060 1.0
4060 4064 1.0
4064 4062 1.0
4062 4064 1.0
4064 4063 1.0
4063 4064 1.0
4065 2017 1.0
2017 4065 1.0
4065 3041 2.0
3041 4065 2.0
4065 3553 1.0
3553 4065 1.0
4065 3809 2.0
3809 4065 2.0
4065 3937 1.0
3937 4065 1.0
4065 4001 1.0
4001 4065 1.0
4065 4033 1.0
4033 4065 1.0
4066 2018 1.0
2018 4066 1.0
4066 3042 1.0
3042 4066 1.0
4066 3554 2.0
3554 4066 2.0
4066 3810 1.0
3810 4066 1.0
4066 3938 1.0
3938 4066 1.0
4066 4002 1.0
4002 4066 1.0
4066 4034 1.0
4034 4066 1.0
4066 4065 1.0
4065 4066 1.0
4067 2019 1.0
2019 4067 1.0
4067 3043 2.0
3043 4067 2.0
4067 3555 1.0
3555 4067 1.0
4067 3811 1.0
3811 4067 1.0
4067 3939 1.0
3939 4067 1.0
4067 4003 1.0
4003 4067 1.0
4067 4035 1.0
4035 4067 1.0
4067 4065 1.0
4065 4067 1.0
4068 2020 1.0
2020 4068 1.0
4068 3044 1.0
3044 4068 1.0
4068 3556 1.0
3556 4068 1.0
4068 3812 1.0
3812 4068 1.0
4068 3940 1.0
3940 4068 1.0
4068 4004 1.0
4004 4068 1.0
4068 4036 1.0
4036 4068 1.0
4068 4066 1.0
4066 4068 1.0
4068 4067 1.0
4067 4068 1.0
4069 2021 1.0
2021 4069 1.0
4069 3045 1.0
3045 4069 1.0
4069 3557 1.0
3557 4069 1.0
4069 3813 1.0
3813 4069 1.0
4069 3941 1.0
3941 4069 1.0
4069 4005 1.0
4005 4069 1.0
4069 4037 1.0
4037 4069 1.0
4069 4065 1.0
4065 4069 1.0
4070 2022 2.0
2022 4070 2.0
4070 3046 1.0
3046 4070 1.0
4070 3558 1.0
3558 4070 1.0
4070 3814 1.0
3814 4070 1.0
4070 3942 1.0
3942 4070 1.0
4070 4006 1.0
4006 4070 1.0
4070 4038 1.0
4038 4070 1.0
4070 4066 1.0
4066 4070 1.0
4070 4069 1.0
4069 4070 1.0
4071 2023 1.0
2023 4071 1.0
4071 3047 1.0
3047 4071 1.0
4071 3559 1.0
3559 4071 1.0
4071 3815 2.0
3815 4071 2.0
4071 3943 1.0
3943 4071 1.0
4071 4007 1.0
4007 4071 1.0
4071 4039 2.0
4039 4071 2.0
4071 4067 1.0
4067 4071 1.0
4071 4069 1.0
4069 4071 1.0
4072 2024 1.0
2024 4072 1.0
4072 3048 2.0
3048 4072 2.0
4072 3560 1.0
3560 4072 1.0
4072 3816 1.0
3816 4072 1.0
4072 3944 1.0
3944 4072 1.0
4072 4008 1.0
4008 4072 1.0
4072 4040 1.0
4040 4072 1.0
4072 4068 1.0
4068 4072 1.0
4072 4070 1.0
4070 4072 1.0
4072 4071 1.0
4071 4072 1.0
4073 2025 1.0
2025 4073 1.0
4073 3049 1.0
3049 4073 1.0
4073 3561 1.0
3561 4073 1.0
4073 3817 1.0
3817 4073 1.0
4073 3945 1.0
3945 4073 1.0
4073 4009 1.0
4009 4073 1.0
4073 4041 1.0
4041 4073 1.0
4073 4065 1.0
4065 4073 1.0
4074 2026 1.0
2026 4074 1.0
4074 3050 1.0
3050 4074 1.0
4074 3562 1.0
3562 4074 1.0
4074 3818 1.0
3818 4074 1.0
4074 3946 1.0
3946 4074 1.0
4074 4010 1.0
4010 4074 1.0
4074 4042 1.0
4042 4074 1.0
4074 4066 1.0
4066 4074 1.0
4074 4073 1.0
4073 4074 1.0
4075 2027 1.0
2027 4075 1.0
4075 3051 1.0
3051 4075 1.0
4075 3563 1.0
3563 4075 1.0
4075 3819 1.0
3819 4075 1.0
4075 3947 1.0
3947 4075 1.0
4075 4011 1.0
4011 4075 1.0
4075 4043 2.0
4043 4075 2.0
4075 4067 1.0
4067 4075 1.0
4075 4073 1.0
4073 4075 1.0
4076 2028 2.0
2028 4076 2.0
4076 3052 2.0
3052 4076 2.0
4076 3564 2.0
3564 4076 2.0
4076 3820 2.0
3820 4076 2.0
4076 3948 2.0
3948 4076 2.0
4076 4012 2.0
4012 4076 2.0
4076 4044 2.0
4044 4076 2.0
4076 4068 2.0
4068 4076 2.0
4076 4074 2.0
4074 4076 2.0
4076 4075 2.0
4075 4076 2.0
4077 2029 3.0
2029 4077 3.0
4077 3053 2.0
3053 4077 2.0
4077 3565 2.0
3565 4077 2.0
4077 3821 2.0
3821 4077 2.0
4077 3949 2.0
3949 4077 2.0
4077 4013 2.0
4013 4077 2.0
4077 4045 2.0
4045 4077 2.0
4077 4069 2.0
4069 4077 2.0
4077 4073 2.0
4073 4077 2.0
4078 2030 1.0
2030 4078 1.0
4078 3054 1.0
3054 4078 1.0
4078 3566 1.0
3566 4078 1.0
4078 3822 1.0
3822 4078 1.0
4078 3950 1.0
3950 4078 1.0
4078 4014 1.0
4014 4078 1.0
4078 4046 1.0
4046 4078 1.0
4078 4070 1.0
4070 4078 1.0
4078 4074 1.0
4074 4078 1.0
4078 4077 2.0
4077 4078 2.0
4079 2031 1.0
2031 4079 1.0
4079 3055 1.0
3055 4079 1.0
4079 3567 2.0
3567 4079 2.0
4079 3823 1.0
3823 4079 1.0
4079 3951 1.0
3951 4079 1.0
4079 4015 2.0
4015 4079 2.0
4079 4047 1.0
4047 4079 1.0
4079 4071 1.0
4071 4079 1.0
4079 4075 1.0
4075 4079 1.0
4079 4077 2.0
4077 4079 2.0
4080 2032 1.0
2032 4080 1.0
4080 3056 1.0
3056 4080 1.0
4080 3568 1.0
3568 4080 1.0
4080 3824 1.0
3824 4080 1.0
4080 3952 1.0
3952 4080 1.0
4080 4016 1.0
4016 4080 1.0
4080 4048 1.0
4048 4080 1.0
4080 4072 1.0
4072 4080 1.0
4080 4076 2.0
4076 4080 2.0
4080 4078 1.0
4078 4080 1.0
4080 4079 1.0
4079 4080 1.0
4081 2033 1.0
2033 4081 1.0
4081 3057 1.0
3057 4081 1.0
4081 3569 1.0
3569 4081 1.0
4081 3825 1.0
3825 4081 1.0
4081 3953 2.0
3953 4081 2.0
4081 4017 2.0
4017 4081 2.0
4081 4049 1.0
4049 4081 1.0
4081 4065 1.0
4065 4081 1.0
4082 2034 2.0
2034 4082 2.0
4082 3058 1.0
3058 4082 1.0
4082 3570 2.0
3570 4082 2.0
4082 3826 1.0
3826 4082 1.0
4082 3954 1.0
3954 4082 1.0
4082 4018 1.0
4018 4082 1.0
4082 4050 1.0
4050 4082 1.0
4082 4066 1.0
4066 4082 1.0
4082 4081 1.0
4081 4082 1.0
4083 2035 2.0
2035 4083 2.0
4083 3059 1.0
3059 4083 1.0
4083 3571 1.0
3571 4083 1.0
4083 3827 1.0
3827 4083 1.0
4083 3955 1.0
3955 4083 1.0
4083 4019 1.0
4019 4083 1.0
4083 4051 1.0
4051 4083 1.0
4083 4067 1.0
4067 4083 1.0
4083 4081 1.0
4081 4083 1.0
4084 2036 1.0
2036 4084 1.0
4084 3060 1.0
3060 4084 1.0
4084 3572 1.0
3572 4084 1.0
4084 3828 1.0
3828 4084 1.0
4084 3956 1.0
3956 4084 1.0
4084 4020 1.0
4020 4084 1.0
4084 4052 1.0
4052 4084 1.0
4084 4068 1.0
4068 4084 1.0
4084 4082 1.0
4082 4084 1.0
4084 4083 1.0
4083 4084 1.0
4085 2037 1.0
2037 4085 1.0
4085 3061 1.0
3061 4085 1.0
4085 3573 1.0
3573 4085 1.0
4085 3829 1.0
3829 4085 1.0
4085 3957 1.0
3957 4085 1.0
4085 4021 1.0
4021 4085 1.0
4085 4053 2.0
4053 4085 2.0
4085 4069 1.0
4069 4085 1.0
4085 4081 1.0
4081 4085 1.0
4086 2038 1.0
2038 4086 1.0
4086 3062 1.0
3062 4086 1.0
4086 3574 1.0
3574 4086 1.0
4086 3830 1.0
3830 4086 1.0
4086 3958 1.0
3958 4086 1.0
4086 4022 1.0
4022 4086 1.0
4086 4054 1.0
4054 4086 1.0
4086 4070 1.0
4070 4086 1.0
4086 4082 1.0
4082 4086 1.0
4086 4085 1.0
4085 4086 1.0
4087 2039 1.0
2039 4087 1.0
4087 3063 1.0
3063 4087 1.0
4087 3575 1.0
3575 4087 1.0
4087 3831 1.0
3831 4087 1.0
4087 3959 1.0
3959 4087 1.0
4087 4023 1.0
4023 4087 1.0
4087 4055 1.0
4055 4087 1.0
4087 4071 1.0
4071 4087 1.0
4087 4083 1.0
4083 4087 1.0
4087 4085 1.0
4085 4087 1.0
4088 2040 2.0
2040 4088 2.0
4088 3064 2.0
3064 4088 2.0
4088 3576 2.0
3576 4088 2.0
4088 3832 2.0
3832 4088 2.0
4088 3960 2.0
3960 4088 2.0
4088 4024 2.0
4024 4088 2.0
4088 4056 2.0
4056 4088 2.0
4088 4072 2.0
4072 4088 2.0
4088 4084 2.0
4084 4088 2.0
4088 4086 2.0
4086 4088 2.0
4088 4087 2.0
4087 4088 2.0
4089 2041 1.0
2041 4089 1.0
4089 3065 1.0
3065 4089 1.0
4089 3577 1.0
3577 4089 1.0
4089 3833 1.0
3833 4089 1.0
4089 3961 2.0
3961 4089 2.0
4089 4025 1.0
4025 4089 1.0
4089 4057 1.0
4057 4089 1.0
4089 4073 1.0
4073 4089 1.0
4089 4081 1.0
4081 4089 1.0
4090 2042 2.0
2042 4090 2.0
4090 3066 3.0
3066 4090 3.0
4090 3578 2.0
3578 4090 2.0
4090 3834 2.0
3834 4090 2.0
4090 3962 2.0
3962 4090 2.0
4090 4026 2.0
4026 4090 2.0
4090 4058 2.0
4058 4090 2.0
4090 4074 2.0
4074 4090 2.0
4090 4082 2.0
4082 4090 2.0
4090 4089 2.0
4089 4090 2.0
4091 2043 1.0
2043 4091 1.0
4091 3067 1.0
3067 4091 1.0
4091 3579 1.0
3579 4091 1.0
4091 3835 1.0
3835 4091 1.0
4091 3963 2.0
3963 4091 2.0
4091 4027 1.0
4027 4091 1.0
4091 4059 1.0
4059 4091 1.0
4091 4075 1.0
4075 4091 1.0
4091 4083 1.0
4083 4091 1.0
4091 4089 1.0
4089 4091 1.0
4092 2044 1.0
2044 4092 1.0
4092 3068 2.0
3068 4092 2.0
4092 3580 1.0
3580 4092 1.0
4092 3836 1.0
3836 4092 1.0
4092 3964 1.0
3964 4092 1.0
4092 4028 1.0
4028 4092 1.0
4092 4060 1.0
4060 4092 1.0
4092 4076 2.0
4076 4092 2.0
4092 4084 1.0
4084 4092 1.0
4092 4090 2.0
4090 4092 2.0
4092 4091 1.0
4091 4092 1.0
4093 2045 1.0
2045 4093 1.0
4093 3069 1.0
3069 4093 1.0
4093 3581 1.0
3581 4093 1.0
4093 3837 2.0
3837 4093 2.0
4093 3965 1.0
3965 4093 1.0
4093 4029 1.0
4029 4093 1.0
4093 4061 2.0
4061 4093 2.0
4093 4077 2.0
4077 4093 2.0
4093 4085 1.0
4085 4093 1.0
4093 4089 1.0
4089 4093 1.0
4094 2046 1.0
2046 4094 1.0
4094 3070 1.0
3070 4094 1.0
4094 3582 1.0
3582 4094 1.0
4094 3838 1.0
3838 4094 1.0
4094 3966 1.0
3966 4094 1.0
4094 4030 1.0
4030 4094 1.0
4094 4062 1.0
4062 4094 1.0
4094 4078 1.0
4078 4094 1.0
4094 4086 1.0
4086 4094 1.0
4094 4090 2.0
4090 4094 2.0
4094 4093 1.0
4093 4094 1.0
4095 2047 1.0
2047 4095 1.0
4095 3071 2.0
3071 4095 2.0
4095 3583 2.0
3583 4095 2.0
4095 3839 1.0
3839 4095 1.0
4095 3967 1.0
3967 4095 1.0
4095 4031 1.0
4031 4095 1.0
4095 4063 1.0
4063 4095 1.0
4095 4079 1.0
4079 4095 1.0
4095 4087 1.0
4087 4095 1.0
4095 4091 1.0
4091 4095 1.0
4095 4093 1.0
4093 4095 1.0
4096 2048 1.0
2048 4096 1.0
4096 3072 1.0
3072 4096 1.0
4096 3584 1.0
3584 4096 1.0
4096 3840 1.0
3840 4096 1.0
4096 3968 1.0
3968 4096 1.0
4096 4032 1.0
4032 4096 1.0
4096 4064 1.0
4064 4096 1.0
4096 4080 1.0
4080 4096 1.0
4096 4088 2.0
4088 4096 2.0
4096 4092 1.0
4092 4096 1.0
4096 4094 1.0
4094 4096 1.0
4096 4095 1.0
4095 4096 1.0
S 236
3902 628 742 3865 1755 768 2343 1392 3518 859 1410 2071 2291 1732 600 2159 171 328 1911 2440 1226 1864 440 3524 1389 3809 2064 1304 3440 748 2157 2305 2788 1538 1369 785 3778 1662 1695 2838 484 1552 1402 1745 1857 297 1588 25 1122 3919 1830 43 62 2738 2474 918 375 772 3517 2613 1973 3651 1033 897 3043 1496 2757 3232 3896 96 60 2228 2285 1454 2969 800 2406 210 631 2566 275 1664 1504 3637 1310 1182 3066 1810 3539 1827 4017 1419 3670 1108 3237 2563 2190 3837 575 2497 3796 3307 1435 237 2114 3971 3257 2012 3265 1946 564 3992 1343 589 3718 2784 2170 3206 807 1675 1984 2134 307 2549 707 3148 430 1804 2903 1171 3687 545 1347 3348 1276 3068 3369 232 1775 1559 2203 2520 3684 153 1147 2588 2420 2349 2763 2450 1329 1637 3567 2670 1805 1621 3469 108 455 602 2806 309 3657 3424 3583 3041 3496 552 845 2515 814 1555 2304 2330 2666 3848 2029 2105 338 3236 3511 3776 2116 3169 4077 3136 4061 970 144 1752 1008 3771 2884 1836 2996 4043 3123 2956 3678 3585 212 723 1821 884 2150 201 3006 1493 3688 3886 3397 3446 893 2340 753 3698 1494 1868 3867 413 886 1797 1985 1753 507 1052 1316 1311 1961 2760 3114 3224 2589 1078 1507 3026
T 236
485 1169 3212 2767 1898 67 2252 132 4000 3930 3080 3349 133 3963 2875 2206 3293 1256 2690 95 1515 2822 984 3022 502 2015 1960 2553 2944 1404 879 3192 2831 3346 701 2129 534 523 2368 3516 2168 361 3465 1069 226 1063 1399 2929 2711 78 2183 1460 5 2363 2398 675 1681 3287 3874 3314 1345 454 2247 761 2214 3510 20 3772 662 1934 3554 4088 3729 3344 3596 476 44 2467 1109 2354 2086 2859 1717 1734 266 2683 3738 3750 3546 648 457 186 395 2197 2250 578 3197 3537 1779 2595 1886 2602 1185 2397 3879 1103 4039 3644 592 2034 2892 1770 2209 2949 3101 3748 2543 915 271 1215 1790 1415 3953 1003 223 1488 3075 3815 2476 3090 4090 1219 3689 2057 3371 4053 2379 734 3399 2743 296 2913 3071 3859 1206 3033 911 1593 1671 685 1651 2872 2022 3725 3679 431 3910 3570 1318 3493 999 2981 184 280 3164 826 2580 1643 2777 2825 1338 2463 326 1706 510 2380 2035 3270 183 3612 1200 2736 1550 1626 428 1716 3924 4015 1513 3427 919 650 3792 1529 3988 3141 668 3607 3402 34 3631 1269 2621 1988 955 1855 3978 3163 2917 3215 868 2510 105 2729 2239 1032 930 412 113 117 1859 2641 362 2432 3961 4076 3048 433 3310 583 981 1102 1229 3342 99 469
