N 4096
M 49148
R 500
# u v length
2 1 103.0
1 2 103.0
3 1 107.0
1 3 107.0
4 2 105.0
2 4 105.0
4 3 106.0
3 4 106.0
5 1 202.0
1 5 202.0
6 2 107.0
2 6 107.0
6 5 206.0
5 6 206.0
7 3 106.0
3 7 106.0
7 5 205.0
5 7 205.0
8 4 102.0
4 8 102.0
8 6 109.0
6 8 109.0
8 7 110.0
7 8 110.0
9 1 104.0
1 9 104.0
10 2 102.0
2 10 102.0
10 9 101.0
9 10 101.0
11 3 104.0
3 11 104.0
11 9 101.0
9 11 101.0
12 4 104.0
4 12 104.0
12 10 102.0
10 12 102.0
12 11 109.0
11 12 109.0
13 5 210.0
5 13 210.0
13 9 103.0
9 13 103.0
14 6 106.0
6 14 106.0
14 10 101.0
10 14 101.0
14 13 104.0
13 14 104.0
15 7 108.0
7 15 108.0
15 11 102.0
11 15 102.0
15 13 107.0
13 15 107.0
16 8 103.0
8 16 103.0
16 12 103.0
12 16 103.0
16 14 106.0
14 16 106.0
16 15 109.0
15 16 109.0
17 1 106.0
1 17 106.0
18 2 102.0
2 18 102.0
18 17 104.0
17 18 104.0
19 3 104.0
3 19 104.0
19 17 107.0
17 19 107.0
20 4 203.0
4 20 203.0
20 18 203.0
18 20 203.0
20 19 203.0
19 20 203.0
21 5 208.0
5 21 208.0
21 17 106.0
17 21 106.0
22 6 102.0
6 22 102.0
22 18 105.0
18 22 105.0
22 21 104.0
21 22 104.0
23 7 105.0
7 23 105.0
23 19 107.0
19 23 107.0
23 21 109.0
21 23 109.0
24 8 109.0
8 24 109.0
24 20 201.0
20 24 201.0
24 22 105.0
22 24 105.0
24 23 105.0
23 24 105.0
25 9 202.0
9 25 202.0
25 17 208.0
17 25 208.0
26 10 109.0
10 26 109.0
26 18 103.0
18 26 103.0
26 25 207.0
25 26 207.0
27 11 104.0
11 27 104.0
27 19 107.0
19 27 107.0
27 25 204.0
25 27 204.0
28 12 105.0
12 28 105.0
28 20 205.0
20 28 205.0
28 26 103.0
26 28 103.0
28 27 106.0
27 28 106.0
29 13 101.0
13 29 101.0
29 21 104.0
21 29 104.0
29 25 201.0
25 29 201.0
30 14 103.0
14 30 103.0
30 22 106.0
22 30 106.0
30 26 109.0
26 30 109.0
30 29 103.0
29 30 103.0
31 15 105.0
15 31 105.0
31 23 104.0
23 31 104.0
31 27 103.0
27 31 103.0
31 29 103.0
29 31 103.0
32 16 102.0
16 32 102.0
32 24 101.0
24 32 101.0
32 28 110.0
28 32 110.0
32 30 109.0
30 32 109.0
32 31 102.0
31 32 102.0
33 1 106.0
1 33 106.0
34 2 207.0
2 34 207.0
34 33 210.0
33 34 210.0
35 3 105.0
3 35 105.0
35 33 101.0
33 35 101.0
36 4 106.0
4 36 106.0
36 34 207.0
34 36 207.0
36 35 106.0
35 36 106.0
37 5 202.0
5 37 202.0
37 33 102.0
33 37 102.0
38 6 109.0
6 38 109.0
38 34 201.0
34 38 201.0
38 37 108.0
37 38 108.0
39 7 106.0
7 39 106.0
39 35 105.0
35 39 105.0
39 37 109.0
37 39 109.0
40 8 107.0
8 40 107.0
40 36 104.0
36 40 104.0
40 38 107.0
38 40 107.0
40 39 107.0
39 40 107.0
41 9 102.0
9 41 102.0
41 33 108.0
33 41 108.0
42 10 103.0
10 42 103.0
42 34 204.0
34 42 204.0
42 41 103.0
41 42 103.0
43 11 206.0
11 43 206.0
43 35 208.0
35 43 208.0
43 41 206.0
41 43 206.0
44 12 207.0
12 44 207.0
44 36 210.0
36 44 210.0
44 42 204.0
42 44 204.0
44 43 303.0
43 44 303.0
45 13 103.0
13 45 103.0
45 37 101.0
37 45 101.0
45 41 104.0
41 45 104.0
46 14 110.0
14 46 110.0
46 38 103.0
38 46 103.0
46 42 110.0
42 46 110.0
46 45 107.0
45 46 107.0
47 15 106.0
15 47 106.0
47 39 102.0
39 47 102.0
47 43 203.0
43 47 203.0
47 45 102.0
45 47 102.0
48 16 110.0
16 48 110.0
48 40 105.0
40 48 105.0
48 44 205.0
44 48 205.0
48 46 109.0
46 48 109.0
48 47 108.0
47 48 108.0
49 17 110.0
17 49 110.0
49 33 107.0
33 49 107.0
50 18 102.0
18 50 102.0
50 34 209.0
34 50 209.0
50 49 102.0
49 50 102.0
51 19 103.0
19 51 103.0
51 35 106.0
35 51 106.0
51 49 107.0
49 51 107.0
52 20 209.0
20 52 209.0
52 36 110.0
36 52 110.0
52 50 108.0
50 52 108.0
52 51 101.0
51 52 101.0
53 21 105.0
21 53 105.0
53 37 101.0
37 53 101.0
53 49 109.0
49 53 109.0
54 22 110.0
22 54 110.0
54 38 101.0
38 54 101.0
54 50 103.0
50 54 103.0
54 53 108.0
53 54 108.0
55 23 108.0
23 55 108.0
55 39 107.0
39 55 107.0
55 51 105.0
51 55 105.0
55 53 103.0
53 55 103.0
56 24 103.0
24 56 103.0
56 40 107.0
40 56 107.0
56 52 107.0
52 56 107.0
56 54 102.0
54 56 102.0
56 55 104.0
55 56 104.0
57 25 208.0
25 57 208.0
57 41 104.0
41 57 104.0
57 49 104.0
49 57 104.0
58 26 106.0
26 58 106.0
58 42 107.0
42 58 107.0
58 50 103.0
50 58 103.0
58 57 109.0
57 58 109.0
59 27 110.0
27 59 110.0
59 43 209.0
43 59 209.0
59 51 107.0
51 59 107.0
59 57 110.0
57 59 110.0
60 28 209.0
28 60 209.0
60 44 309.0
44 60 309.0
60 52 207.0
52 60 207.0
60 58 210.0
58 60 210.0
60 59 203.0
59 60 203.0
61 29 103.0
29 61 103.0
61 45 101.0
45 61 101.0
61 53 104.0
53 61 104.0
61 57 109.0
57 61 109.0
62 30 208.0
30 62 208.0
62 46 208.0
46 62 208.0
62 54 201.0
54 62 201.0
62 58 204.0
58 62 204.0
62 61 201.0
61 62 201.0
63 31 104.0
31 63 104.0
63 47 101.0
47 63 101.0
63 55 109.0
55 63 109.0
63 59 106.0
59 63 106.0
63 61 101.0
61 63 101.0
64 32 109.0
32 64 109.0
64 48 110.0
48 64 110.0
64 56 109.0
56 64 109.0
64 60 207.0
60 64 207.0
64 62 209.0
62 64 209.0
64 63 103.0
63 64 103.0
65 1 102.0
1 65 102.0
66 2 104.0
2 66 104.0
66 65 110.0
65 66 110.0
67 3 204.0
3 67 204.0
67 65 206.0
65 67 206.0
68 4 108.0
4 68 108.0
68 66 105.0
66 68 105.0
68 67 204.0
67 68 204.0
69 5 203.0
5 69 203.0
69 65 102.0
65 69 102.0
70 6 102.0
6 70 102.0
70 66 104.0
66 70 104.0
70 69 108.0
69 70 108.0
71 7 105.0
7 71 105.0
71 67 208.0
67 71 208.0
71 69 104.0
69 71 104.0
72 8 104.0
8 72 104.0
72 68 110.0
68 72 110.0
72 70 103.0
70 72 103.0
72 71 106.0
71 72 106.0
73 9 105.0
9 73 105.0
73 65 102.0
65 73 102.0
74 10 107.0
10 74 107.0
74 66 110.0
66 74 110.0
74 73 102.0
73 74 102.0
75 11 103.0
11 75 103.0
75 67 208.0
67 75 208.0
75 73 107.0
73 75 107.0
76 12 103.0
12 76 103.0
76 68 110.0
68 76 110.0
76 74 110.0
74 76 110.0
76 75 102.0
75 76 102.0
77 13 103.0
13 77 103.0
77 69 101.0
69 77 101.0
77 73 106.0
73 77 106.0
78 14 209.0
14 78 209.0
78 70 209.0
70 78 209.0
78 74 207.0
74 78 207.0
78 77 203.0
77 78 203.0
79 15 104.0
15 79 104.0
79 71 108.0
71 79 108.0
79 75 105.0
75 79 105.0
79 77 101.0
77 79 101.0
80 16 106.0
16 80 106.0
80 72 106.0
72 80 106.0
80 76 110.0
76 80 110.0
80 78 202.0
78 80 202.0
80 79 101.0
79 80 101.0
81 17 103.0
17 81 103.0
81 65 101.0
65 81 101.0
82 18 109.0
18 82 109.0
82 66 106.0
66 82 106.0
82 81 110.0
81 82 110.0
83 19 105.0
19 83 105.0
83 67 205.0
67 83 205.0
83 81 109.0
81 83 109.0
84 20 201.0
20 84 201.0
84 68 107.0
68 84 107.0
84 82 103.0
82 84 103.0
84 83 105.0
83 84 105.0
85 21 103.0
21 85 103.0
85 69 106.0
69 85 106.0
85 81 108.0
81 85 108.0
86 22 105.0
22 86 105.0
86 70 102.0
70 86 102.0
86 82 109.0
82 86 109.0
86 85 103.0
85 86 103.0
87 23 106.0
23 87 106.0
87 71 108.0
71 87 108.0
87 83 107.0
83 87 107.0
87 85 104.0
85 87 104.0
88 24 102.0
24 88 102.0
88 72 101.0
72 88 101.0
88 84 107.0
84 88 107.0
88 86 107.0
86 88 107.0
88 87 104.0
87 88 104.0
89 25 205.0
25 89 205.0
89 73 107.0
73 89 107.0
89 81 104.0
81 89 104.0
90 26 106.0
26 90 106.0
90 74 105.0
74 90 105.0
90 82 105.0
82 90 105.0
90 89 110.0
89 90 110.0
91 27 104.0
27 91 104.0
91 75 105.0
75 91 105.0
91 83 108.0
83 91 108.0
91 89 110.0
89 91 110.0
92 28 108.0
28 92 108.0
92 76 108.0
76 92 108.0
92 84 104.0
84 92 104.0
92 90 109.0
90 92 109.0
92 91 101.0
91 92 101.0
93 29 103.0
29 93 103.0
93 77 109.0
77 93 109.0
93 85 102.0
85 93 102.0
93 89 103.0
89 93 103.0
94 30 105.0
30 94 105.0
94 78 207.0
78 94 207.0
94 86 110.0
86 94 110.0
94 90 109.0
90 94 109.0
94 93 103.0
93 94 103.0
95 31 201.0
31 95 201.0
95 79 203.0
79 95 203.0
95 87 204.0
87 95 204.0
95 91 205.0
91 95 205.0
95 93 203.0
93 95 203.0
96 32 202.0
32 96 202.0
96 80 209.0
80 96 209.0
96 88 210.0
88 96 210.0
96 92 205.0
92 96 205.0
96 94 204.0
94 96 204.0
96 95 302.0
95 96 302.0
97 33 107.0
33 97 107.0
97 65 104.0
65 97 104.0
98 34 203.0
34 98 203.0
98 66 107.0
66 98 107.0
98 97 105.0
97 98 105.0
99 35 201.0
35 99 201.0
99 67 302.0
67 99 302.0
99 97 206.0
97 99 206.0
100 36 102.0
36 100 102.0
100 68 105.0
68 100 105.0
100 98 107.0
98 100 107.0
100 99 204.0
99 100 204.0
101 37 109.0
37 101 109.0
101 69 104.0
69 101 104.0
101 97 108.0
97 101 108.0
102 38 106.0
38 102 106.0
102 70 106.0
70 102 106.0
102 98 106.0
98 102 106.0
102 101 109.0
101 102 109.0
103 39 105.0
39 103 105.0
103 71 108.0
71 103 108.0
103 99 205.0
99 103 205.0
103 101 110.0
101 103 110.0
104 40 101.0
40 104 101.0
104 72 101.0
72 104 101.0
104 100 107.0
100 104 107.0
104 102 102.0
102 104 102.0
104 103 104.0
103 104 104.0
105 41 201.0
41 105 201.0
105 73 207.0
73 105 207.0
105 97 202.0
97 105 202.0
106 42 109.0
42 106 109.0
106 74 104.0
74 106 104.0
106 98 105.0
98 106 105.0
106 105 202.0
105 106 202.0
107 43 202.0
43 107 202.0
107 75 104.0
75 107 104.0
107 99 204.0
99 107 204.0
107 105 207.0
105 107 207.0
108 44 305.0
44 108 305.0
108 76 201.0
76 108 201.0
108 100 205.0
100 108 205.0
108 106 208.0
106 108 208.0
108 107 208.0
107 108 208.0
109 45 108.0
45 109 108.0
109 77 106.0
77 109 106.0
109 101 102.0
101 109 102.0
109 105 204.0
105 109 204.0
110 46 107.0
46 110 107.0
110 78 210.0
78 110 210.0
110 102 104.0
102 110 104.0
110 106 101.0
106 110 101.0
110 109 107.0
109 110 107.0
111 47 104.0
47 111 104.0
111 79 108.0
79 111 108.0
111 103 107.0
103 111 107.0
111 107 104.0
107 111 104.0
111 109 107.0
109 111 107.0
112 48 102.0
48 112 102.0
112 80 107.0
80 112 107.0
112 104 106.0
104 112 106.0
112 108 204.0
108 112 204.0
112 110 102.0
110 112 102.0
112 111 108.0
111 112 108.0
113 49 202.0
49 113 202.0
113 81 210.0
81 113 210.0
113 97 208.0
97 113 208.0
114 50 108.0
50 114 108.0
114 82 107.0
82 114 107.0
114 98 108.0
98 114 108.0
114 113 201.0
113 114 201.0
115 51 101.0
51 115 101.0
115 83 101.0
83 115 101.0
115 99 207.0
99 115 207.0
115 113 205.0
113 115 205.0
116 52 105.0
52 116 105.0
116 84 104.0
84 116 104.0
116 100 103.0
100 116 103.0
116 114 109.0
114 116 109.0
116 115 102.0
115 116 102.0
117 53 208.0
53 117 208.0
117 85 206.0
85 117 206.0
117 101 209.0
101 117 209.0
117 113 310.0
113 117 310.0
118 54 110.0
54 118 110.0
118 86 109.0
86 118 109.0
118 102 102.0
102 118 102.0
118 114 102.0
114 118 102.0
118 117 201.0
117 118 201.0
119 55 110.0
55 119 110.0
119 87 104.0
87 119 104.0
119 103 101.0
103 119 101.0
119 115 106.0
115 119 106.0
119 117 205.0
117 119 205.0
120 56 106.0
56 120 106.0
120 88 104.0
88 120 104.0
120 104 109.0
104 120 109.0
120 116 105.0
116 120 105.0
120 118 102.0
118 120 102.0
120 119 104.0
119 120 104.0
121 57 110.0
57 121 110.0
121 89 109.0
89 121 109.0
121 105 210.0
105 121 210.0
121 113 201.0
113 121 201.0
122 58 104.0
58 122 104.0
122 90 103.0
90 122 103.0
122 106 108.0
106 122 108.0
122 114 105.0
114 122 105.0
122 121 109.0
121 122 109.0
123 59 108.0
59 123 108.0
123 91 107.0
91 123 107.0
123 107 106.0
107 123 106.0
123 115 105.0
115 123 105.0
123 121 103.0
121 123 103.0
124 60 208.0
60 124 208.0
124 92 105.0
92 124 105.0
124 108 208.0
108 124 208.0
124 116 103.0
116 124 103.0
124 122 108.0
122 124 108.0
124 123 101.0
123 124 101.0
125 61 107.0
61 125 107.0
125 93 102.0
93 125 102.0
125 109 107.0
109 125 107.0
125 117 203.0
117 125 203.0
125 121 108.0
121 125 108.0
126 62 201.0
62 126 201.0
126 94 103.0
94 126 103.0
126 110 103.0
110 126 103.0
126 118 110.0
118 126 110.0
126 122 104.0
122 126 104.0
126 125 109.0
125 126 109.0
127 63 104.0
63 127 104.0
127 95 205.0
95 127 205.0
127 111 106.0
111 127 106.0
127 119 101.0
119 127 101.0
127 123 109.0
123 127 109.0
127 125 110.0
125 127 110.0
128 64 102.0
64 128 102.0
128 96 206.0
96 128 206.0
128 112 103.0
112 128 103.0
128 120 103.0
120 128 103.0
128 124 109.0
124 128 109.0
128 126 106.0
126 128 106.0
128 127 102.0
127 128 102.0
129 1 106.0
1 129 106.0
130 2 107.0
2 130 107.0
130 129 110.0
129 130 110.0
131 3 102.0
3 131 102.0
131 129 103.0
129 131 103.0
132 4 208.0
4 132 208.0
132 130 210.0
130 132 210.0
132 131 208.0
131 132 208.0
133 5 305.0
5 133 305.0
133 129 210.0
129 133 210.0
134 6 102.0
6 134 102.0
134 130 102.0
130 134 102.0
134 133 207.0
133 134 207.0
135 7 102.0
7 135 102.0
135 131 102.0
131 135 102.0
135 133 208.0
133 135 208.0
136 8 107.0
8 136 107.0
136 132 210.0
132 136 210.0
136 134 106.0
134 136 106.0
136 135 103.0
135 136 103.0
137 9 105.0
9 137 105.0
137 129 107.0
129 137 107.0
138 10 108.0
10 138 108.0
138 130 104.0
130 138 104.0
138 137 105.0
137 138 105.0
139 11 110.0
11 139 110.0
139 131 103.0
131 139 103.0
139 137 101.0
137 139 101.0
140 12 104.0
12 140 104.0
140 132 204.0
132 140 204.0
140 138 103.0
138 140 103.0
140 139 102.0
139 140 102.0
141 13 107.0
13 141 107.0
141 133 203.0
133 141 203.0
141 137 103.0
137 141 103.0
142 14 106.0
14 142 106.0
142 134 110.0
134 142 110.0
142 138 105.0
138 142 105.0
142 141 103.0
141 142 103.0
143 15 110.0
15 143 110.0
143 135 106.0
135 143 106.0
143 139 102.0
139 143 102.0
143 141 107.0
141 143 107.0
144 16 201.0
16 144 201.0
144 136 201.0
136 144 201.0
144 140 203.0
140 144 203.0
144 142 207.0
142 144 207.0
144 143 209.0
143 144 209.0
145 17 103.0
17 145 103.0
145 129 107.0
129 145 107.0
146 18 104.0
18 146 104.0
146 130 101.0
130 146 101.0
146 145 105.0
145 146 105.0
147 19 108.0
19 147 108.0
147 131 108.0
131 147 108.0
147 145 107.0
145 147 107.0
148 20 202.0
20 148 202.0
148 132 206.0
132 148 206.0
148 146 108.0
146 148 108.0
148 147 108.0
147 148 108.0
149 21 102.0
21 149 102.0
149 133 204.0
133 149 204.0
149 145 102.0
145 149 102.0
150 22 107.0
22 150 107.0
150 134 108.0
134 150 108.0
150 146 106.0
146 150 106.0
150 149 109.0
149 150 109.0
151 23 101.0
23 151 101.0
151 135 102.0
135 151 102.0
151 147 101.0
147 151 101.0
151 149 109.0
149 151 109.0
152 24 106.0
24 152 106.0
152 136 109.0
136 152 109.0
152 148 109.0
148 152 109.0
152 150 109.0
150 152 109.0
152 151 101.0
151 152 101.0
153 25 309.0
25 153 309.0
153 137 202.0
137 153 202.0
153 145 208.0
145 153 208.0
154 26 104.0
26 154 104.0
154 138 105.0
138 154 105.0
154 146 103.0
146 154 103.0
154 153 203.0
153 154 203.0
155 27 105.0
27 155 105.0
155 139 101.0
139 155 101.0
155 147 106.0
147 155 106.0
155 153 201.0
153 155 201.0
156 28 109.0
28 156 109.0
156 140 108.0
140 156 108.0
156 148 110.0
148 156 110.0
156 154 102.0
154 156 102.0
156 155 107.0
155 156 107.0
157 29 108.0
29 157 108.0
157 141 101.0
141 157 101.0
157 149 108.0
149 157 108.0
157 153 201.0
153 157 201.0
158 30 110.0
30 158 110.0
158 142 108.0
142 158 108.0
158 150 109.0
150 158 109.0
158 154 110.0
154 158 110.0
158 157 101.0
157 158 101.0
159 31 105.0
31 159 105.0
159 143 102.0
143 159 102.0
159 151 102.0
151 159 102.0
159 155 106.0
155 159 106.0
159 157 110.0
157 159 110.0
160 32 106.0
32 160 106.0
160 144 205.0
144 160 205.0
160 152 101.0
152 160 101.0
160 156 109.0
156 160 109.0
160 158 109.0
158 160 109.0
160 159 109.0
159 160 109.0
161 33 102.0
33 161 102.0
161 129 106.0
129 161 106.0
162 34 207.0
34 162 207.0
162 130 103.0
130 162 103.0
162 161 106.0
161 162 106.0
163 35 110.0
35 163 110.0
163 131 110.0
131 163 110.0
163 161 102.0
161 163 102.0
164 36 106.0
36 164 106.0
164 132 206.0
132 164 206.0
164 162 110.0
162 164 110.0
164 163 107.0
163 164 107.0
165 37 104.0
37 165 104.0
165 133 203.0
133 165 203.0
165 161 109.0
161 165 109.0
166 38 102.0
38 166 102.0
166 134 102.0
134 166 102.0
166 162 108.0
162 166 108.0
166 165 101.0
165 166 101.0
167 39 102.0
39 167 102.0
167 135 104.0
135 167 104.0
167 163 107.0
163 167 107.0
167 165 105.0
165 167 105.0
168 40 101.0
40 168 101.0
168 136 107.0
136 168 107.0
168 164 101.0
164 168 101.0
168 166 104.0
166 168 104.0
168 167 107.0
167 168 107.0
169 41 110.0
41 169 110.0
169 137 107.0
137 169 107.0
169 161 105.0
161 169 105.0
170 42 107.0
42 170 107.0
170 138 103.0
138 170 103.0
170 162 110.0
162 170 110.0
170 169 105.0
169 170 105.0
171 43 302.0
43 171 302.0
171 139 209.0
139 171 209.0
171 163 205.0
163 171 205.0
171 169 203.0
169 171 203.0
172 44 202.0
44 172 202.0
172 140 105.0
140 172 105.0
172 164 104.0
164 172 104.0
172 170 101.0
170 172 101.0
172 171 210.0
171 172 210.0
173 45 109.0
45 173 109.0
173 141 102.0
141 173 102.0
173 165 107.0
165 173 107.0
173 169 110.0
169 173 110.0
174 46 104.0
46 174 104.0
174 142 110.0
142 174 110.0
174 166 107.0
166 174 107.0
174 170 108.0
170 174 108.0
174 173 103.0
173 174 103.0
175 47 108.0
47 175 108.0
175 143 101.0
143 175 101.0
175 167 102.0
167 175 102.0
175 171 205.0
171 175 205.0
175 173 104.0
173 175 104.0
176 48 105.0
48 176 105.0
176 144 207.0
144 176 207.0
176 168 103.0
168 176 103.0
176 172 101.0
172 176 101.0
176 174 104.0
174 176 104.0
176 175 107.0
175 176 107.0
177 49 102.0
49 177 102.0
177 145 101.0
145 177 101.0
177 161 105.0
161 177 105.0
178 50 105.0
50 178 105.0
178 146 108.0
146 178 108.0
178 162 109.0
162 178 109.0
178 177 106.0
177 178 106.0
179 51 106.0
51 179 106.0
179 147 105.0
147 179 105.0
179 163 106.0
163 179 106.0
179 177 102.0
177 179 102.0
180 52 103.0
52 180 103.0
180 148 109.0
148 180 109.0
180 164 101.0
164 180 101.0
180 178 106.0
178 180 106.0
180 179 101.0
179 180 101.0
181 53 103.0
53 181 103.0
181 149 104.0
149 181 104.0
181 165 109.0
165 181 109.0
181 177 101.0
177 181 101.0
182 54 101.0
54 182 101.0
182 150 105.0
150 182 105.0
182 166 101.0
166 182 101.0
182 178 108.0
178 182 108.0
182 181 103.0
181 182 103.0
183 55 201.0
55 183 201.0
183 151 205.0
151 183 205.0
183 167 205.0
167 183 205.0
183 179 210.0
179 183 210.0
183 181 209.0
181 183 209.0
184 56 202.0
56 184 202.0
184 152 201.0
152 184 201.0
184 168 203.0
168 184 203.0
184 180 208.0
180 184 208.0
184 182 208.0
182 184 208.0
184 183 306.0
183 184 306.0
185 57 104.0
57 185 104.0
185 153 206.0
153 185 206.0
185 169 101.0
169 185 101.0
185 177 108.0
177 185 108.0
186 58 207.0
58 186 207.0
186 154 206.0
154 186 206.0
186 170 205.0
170 186 205.0
186 178 204.0
178 186 204.0
186 185 201.0
185 186 201.0
187 59 110.0
59 187 110.0
187 155 102.0
155 187 102.0
187 171 206.0
171 187 206.0
187 179 109.0
179 187 109.0
187 185 106.0
185 187 106.0
188 60 208.0
60 188 208.0
188 156 110.0
156 188 110.0
188 172 103.0
172 188 103.0
188 180 101.0
180 188 101.0
188 186 205.0
186 188 205.0
188 187 101.0
187 188 101.0
189 61 105.0
61 189 105.0
189 157 107.0
157 189 107.0
189 173 104.0
173 189 104.0
189 181 101.0
181 189 101.0
189 185 101.0
185 189 101.0
190 62 204.0
62 190 204.0
190 158 102.0
158 190 102.0
190 174 103.0
174 190 103.0
190 182 101.0
182 190 101.0
190 186 205.0
186 190 205.0
190 189 110.0
189 190 110.0
191 63 106.0
63 191 106.0
191 159 104.0
159 191 104.0
191 175 103.0
175 191 103.0
191 183 202.0
183 191 202.0
191 187 104.0
187 191 104.0
191 189 103.0
189 191 103.0
192 64 106.0
64 192 106.0
192 160 106.0
160 192 106.0
192 176 103.0
176 192 103.0
192 184 201.0
184 192 201.0
192 188 110.0
188 192 110.0
192 190 103.0
190 192 103.0
192 191 104.0
191 192 104.0
193 65 102.0
65 193 102.0
193 129 109.0
129 193 109.0
194 66 110.0
66 194 110.0
194 130 106.0
130 194 106.0
194 193 104.0
193 194 104.0
195 67 204.0
67 195 204.0
195 131 105.0
131 195 105.0
195 193 109.0
193 195 109.0
196 68 109.0
68 196 109.0
196 132 206.0
132 196 206.0
196 194 104.0
194 196 104.0
196 195 108.0
195 196 108.0
197 69 107.0
69 197 107.0
197 133 209.0
133 197 209.0
197 193 103.0
193 197 103.0
198 70 110.0
70 198 110.0
198 134 110.0
134 198 110.0
198 194 104.0
194 198 104.0
198 197 105.0
197 198 105.0
199 71 109.0
71 199 109.0
199 135 106.0
135 199 106.0
199 195 109.0
195 199 109.0
199 197 109.0
197 199 109.0
200 72 105.0
72 200 105.0
200 136 108.0
136 200 108.0
200 196 110.0
196 200 110.0
200 198 106.0
198 200 106.0
200 199 107.0
199 200 107.0
201 73 210.0
73 201 210.0
201 137 208.0
137 201 208.0
201 193 209.0
193 201 209.0
202 74 101.0
74 202 101.0
202 138 102.0
138 202 102.0
202 194 110.0
194 202 110.0
202 201 208.0
201 202 208.0
203 75 107.0
75 203 107.0
203 139 101.0
139 203 101.0
203 195 107.0
195 203 107.0
203 201 205.0
201 203 205.0
204 76 104.0
76 204 104.0
204 140 106.0
140 204 106.0
204 196 110.0
196 204 110.0
204 202 104.0
202 204 104.0
204 203 109.0
203 204 109.0
205 77 109.0
77 205 109.0
205 141 102.0
141 205 102.0
205 197 102.0
197 205 102.0
205 201 203.0
201 205 203.0
206 78 210.0
78 206 210.0
206 142 101.0
142 206 101.0
206 198 105.0
198 206 105.0
206 202 106.0
202 206 106.0
206 205 103.0
205 206 103.0
207 79 106.0
79 207 106.0
207 143 110.0
143 207 110.0
207 199 103.0
199 207 103.0
207 203 105.0
203 207 105.0
207 205 110.0
205 207 110.0
208 80 108.0
80 208 108.0
208 144 210.0
144 208 210.0
208 200 108.0
200 208 108.0
208 204 102.0
204 208 102.0
208 206 102.0
206 208 102.0
208 207 102.0
207 208 102.0
209 81 110.0
81 209 110.0
209 145 108.0
145 209 108.0
209 193 101.0
193 209 101.0
210 82 208.0
82 210 208.0
210 146 202.0
146 210 202.0
210 194 203.0
194 210 203.0
210 209 208.0
209 210 208.0
211 83 103.0
83 211 103.0
211 147 105.0
147 211 105.0
211 195 110.0
195 211 110.0
211 209 102.0
209 211 102.0
212 84 209.0
84 212 209.0
212 148 205.0
148 212 205.0
212 196 208.0
196 212 208.0
212 210 303.0
210 212 303.0
212 211 204.0
211 212 204.0
213 85 106.0
85 213 106.0
213 149 110.0
149 213 110.0
213 197 107.0
197 213 107.0
213 209 108.0
209 213 108.0
214 86 109.0
86 214 109.0
214 150 104.0
150 214 104.0
214 198 105.0
198 214 105.0
214 210 208.0
210 214 208.0
214 213 102.0
213 214 102.0
215 87 101.0
87 215 101.0
215 151 110.0
151 215 110.0
215 199 108.0
199 215 108.0
215 211 106.0
211 215 106.0
215 213 110.0
213 215 110.0
216 88 110.0
88 216 110.0
216 152 108.0
152 216 108.0
216 200 102.0
200 216 102.0
216 212 202.0
212 216 202.0
216 214 107.0
214 216 107.0
216 215 106.0
215 216 106.0
217 89 102.0
89 217 102.0
217 153 204.0
153 217 204.0
217 201 202.0
201 217 202.0
217 209 108.0
209 217 108.0
218 90 103.0
90 218 103.0
218 154 105.0
154 218 105.0
218 202 107.0
202 218 107.0
218 210 202.0
210 218 202.0
218 217 104.0
217 218 104.0
219 91 107.0
91 219 107.0
219 155 106.0
155 219 106.0
219 203 107.0
203 219 107.0
219 211 109.0
211 219 109.0
219 217 103.0
217 219 103.0
220 92 104.0
92 220 104.0
220 156 108.0
156 220 108.0
220 204 108.0
204 220 108.0
220 212 206.0
212 220 206.0
220 218 108.0
218 220 108.0
220 219 104.0
219 220 104.0
221 93 108.0
93 221 108.0
221 157 101.0
157 221 101.0
221 205 103.0
205 221 103.0
221 213 109.0
213 221 109.0
221 217 102.0
217 221 102.0
222 94 109.0
94 222 109.0
222 158 107.0
158 222 107.0
222 206 103.0
206 222 103.0
222 214 105.0
214 222 105.0
222 218 101.0
218 222 101.0
222 221 109.0
221 222 109.0
223 95 308.0
95 223 308.0
223 159 210.0
159 223 210.0
223 207 207.0
207 223 207.0
223 215 204.0
215 223 204.0
223 219 207.0
219 223 207.0
223 221 206.0
221 223 206.0
224 96 209.0
96 224 209.0
224 160 110.0
160 224 110.0
224 208 101.0
208 224 101.0
224 216 106.0
216 224 106.0
224 220 108.0
220 224 108.0
224 222 101.0
222 224 101.0
224 223 207.0
223 224 207.0
225 97 103.0
97 225 103.0
225 161 108.0
161 225 108.0
225 193 102.0
193 225 102.0
226 98 201.0
98 226 201.0
226 162 201.0
162 226 201.0
226 194 206.0
194 226 206.0
226 225 206.0
225 226 206.0
227 99 201.0
99 227 201.0
227 163 104.0
163 227 104.0
227 195 105.0
195 227 105.0
227 225 110.0
225 227 110.0
228 100 103.0
100 228 103.0
228 164 108.0
164 228 108.0
228 196 101.0
196 228 101.0
228 226 206.0
226 228 206.0
228 227 106.0
227 228 106.0
229 101 103.0
101 229 103.0
229 165 103.0
165 229 103.0
229 197 102.0
197 229 102.0
229 225 104.0
225 229 104.0
230 102 106.0
102 230 106.0
230 166 110.0
166 230 110.0
230 198 102.0
198 230 102.0
230 226 207.0
226 230 207.0
230 229 105.0
229 230 105.0
231 103 106.0
103 231 106.0
231 167 110.0
167 231 110.0
231 199 108.0
199 231 108.0
231 227 107.0
227 231 107.0
231 229 105.0
229 231 105.0
232 104 206.0
104 232 206.0
232 168 209.0
168 232 209.0
232 200 203.0
200 232 203.0
232 228 208.0
228 232 208.0
232 230 204.0
230 232 204.0
232 231 207.0
231 232 207.0
233 105 203.0
105 233 203.0
233 169 109.0
169 233 109.0
233 201 209.0
201 233 209.0
233 225 108.0
225 233 108.0
234 106 109.0
106 234 109.0
234 170 110.0
170 234 110.0
234 202 102.0
202 234 102.0
234 226 201.0
226 234 201.0
234 233 107.0
233 234 107.0
235 107 107.0
107 235 107.0
235 171 205.0
171 235 205.0
235 203 110.0
203 235 110.0
235 227 104.0
227 235 104.0
235 233 105.0
233 235 105.0
236 108 203.0
108 236 203.0
236 172 105.0
172 236 105.0
236 204 109.0
204 236 109.0
236 228 105.0
228 236 105.0
236 234 110.0
234 236 110.0
236 235 104.0
235 236 104.0
237 109 209.0
109 237 209.0
237 173 206.0
173 237 206.0
237 205 204.0
205 237 204.0
237 229 208.0
229 237 208.0
237 233 203.0
233 237 203.0
238 110 106.0
110 238 106.0
238 174 108.0
174 238 108.0
238 206 106.0
206 238 106.0
238 230 101.0
230 238 101.0
238 234 102.0
234 238 102.0
238 237 206.0
237 238 206.0
239 111 108.0
111 239 108.0
239 175 101.0
175 239 101.0
239 207 103.0
207 239 103.0
239 231 110.0
231 239 110.0
239 235 104.0
235 239 104.0
239 237 202.0
237 239 202.0
240 112 110.0
112 240 110.0
240 176 106.0
176 240 106.0
240 208 108.0
208 240 108.0
240 232 202.0
232 240 202.0
240 236 106.0
236 240 106.0
240 238 101.0
238 240 101.0
240 239 108.0
239 240 108.0
241 113 201.0
113 241 201.0
241 177 106.0
177 241 106.0
241 209 107.0
209 241 107.0
241 225 106.0
225 241 106.0
242 114 109.0
114 242 109.0
242 178 109.0
178 242 109.0
242 210 204.0
210 242 204.0
242 226 210.0
226 242 210.0
242 241 109.0
241 242 109.0
243 115 108.0
115 243 108.0
243 179 104.0
179 243 104.0
243 211 105.0
211 243 105.0
243 227 106.0
227 243 106.0
243 241 107.0
241 243 107.0
244 116 101.0
116 244 101.0
244 180 105.0
180 244 105.0
244 212 204.0
212 244 204.0
244 228 109.0
228 244 109.0
244 242 110.0
242 244 110.0
244 243 110.0
243 244 110.0
245 117 202.0
117 245 202.0
245 181 105.0
181 245 105.0
245 213 107.0
213 245 107.0
245 229 103.0
229 245 103.0
245 241 101.0
241 245 101.0
246 118 101.0
118 246 101.0
246 182 101.0
182 246 101.0
246 214 108.0
214 246 108.0
246 230 107.0
230 246 107.0
246 242 107.0
242 246 107.0
246 245 102.0
245 246 102.0
247 119 103.0
119 247 103.0
247 183 203.0
183 247 203.0
247 215 104.0
215 247 104.0
247 231 105.0
231 247 105.0
247 243 106.0
243 247 106.0
247 245 106.0
245 247 106.0
248 120 108.0
120 248 108.0
248 184 207.0
184 248 207.0
248 216 108.0
216 248 108.0
248 232 205.0
232 248 205.0
248 244 104.0
244 248 104.0
248 246 109.0
246 248 109.0
248 247 102.0
247 248 102.0
249 121 105.0
121 249 105.0
249 185 103.0
185 249 103.0
249 217 103.0
217 249 103.0
249 233 104.0
233 249 104.0
249 241 102.0
241 249 102.0
250 122 109.0
122 250 109.0
250 186 210.0
186 250 210.0
250 218 101.0
218 250 101.0
250 234 101.0
234 250 101.0
250 242 107.0
242 250 107.0
250 249 103.0
249 250 103.0
251 123 105.0
123 251 105.0
251 187 101.0
187 251 101.0
251 219 103.0
219 251 103.0
251 235 109.0
235 251 109.0
251 243 107.0
243 251 107.0
251 249 102.0
249 251 102.0
252 124 108.0
124 252 108.0
252 188 101.0
188 252 101.0
252 220 102.0
220 252 102.0
252 236 110.0
236 252 110.0
252 244 109.0
244 252 109.0
252 250 109.0
250 252 109.0
252 251 110.0
251 252 110.0
253 125 106.0
125 253 106.0
253 189 108.0
189 253 108.0
253 221 110.0
221 253 110.0
253 237 202.0
237 253 202.0
253 245 105.0
245 253 105.0
253 249 110.0
249 253 110.0
254 126 101.0
126 254 101.0
254 190 105.0
190 254 105.0
254 222 105.0
222 254 105.0
254 238 110.0
238 254 110.0
254 246 106.0
246 254 106.0
254 250 101.0
250 254 101.0
254 253 101.0
253 254 101.0
255 127 105.0
127 255 105.0
255 191 108.0
191 255 108.0
255 223 210.0
223 255 210.0
255 239 105.0
239 255 105.0
255 247 106.0
247 255 106.0
255 251 106.0
251 255 106.0
255 253 108.0
253 255 108.0
256 128 104.0
128 256 104.0
256 192 106.0
192 256 106.0
256 224 106.0
224 256 106.0
256 240 102.0
240 256 102.0
256 248 103.0
248 256 103.0
256 252 102.0
252 256 102.0
256 254 107.0
254 256 107.0
256 255 106.0
255 256 106.0
257 1 101.0
1 257 101.0
258 2 102.0
2 258 102.0
258 257 108.0
257 258 108.0
259 3 104.0
3 259 104.0
259 257 105.0
257 259 105.0
260 4 110.0
4 260 110.0
260 258 101.0
258 260 101.0
260 259 106.0
259 260 106.0
261 5 205.0
5 261 205.0
261 257 105.0
257 261 105.0
262 6 104.0
6 262 104.0
262 258 107.0
258 262 107.0
262 261 110.0
261 262 110.0
263 7 109.0
7 263 109.0
263 259 108.0
259 263 108.0
263 261 103.0
261 263 103.0
264 8 108.0
8 264 108.0
264 260 110.0
260 264 110.0
264 262 109.0
262 264 109.0
264 263 106.0
263 264 106.0
265 9 108.0
9 265 108.0
265 257 101.0
257 265 101.0
266 10 205.0
10 266 205.0
266 258 203.0
258 266 203.0
266 265 206.0
265 266 206.0
267 11 110.0
11 267 110.0
267 259 108.0
259 267 108.0
267 265 105.0
265 267 105.0
268 12 110.0
12 268 110.0
268 260 106.0
260 268 106.0
268 266 209.0
266 268 209.0
268 267 101.0
267 268 101.0
269 13 104.0
13 269 104.0
269 261 102.0
261 269 102.0
269 265 104.0
265 269 104.0
270 14 104.0
14 270 104.0
270 262 109.0
262 270 109.0
270 266 205.0
266 270 205.0
270 269 104.0
269 270 104.0
271 15 203.0
15 271 203.0
271 263 207.0
263 271 207.0
271 267 209.0
267 271 209.0
271 269 208.0
269 271 208.0
272 16 101.0
16 272 101.0
272 264 104.0
264 272 104.0
272 268 105.0
268 272 105.0
272 270 108.0
270 272 108.0
272 271 209.0
271 272 209.0
273 17 103.0
17 273 103.0
273 257 105.0
257 273 105.0
274 18 108.0
18 274 108.0
274 258 101.0
258 274 101.0
274 273 106.0
273 274 106.0
275 19 206.0
19 275 206.0
275 259 205.0
259 275 205.0
275 273 209.0
273 275 209.0
276 20 207.0
20 276 207.0
276 260 105.0
260 276 105.0
276 274 102.0
274 276 102.0
276 275 201.0
275 276 201.0
277 21 103.0
21 277 103.0
277 261 101.0
261 277 101.0
277 273 106.0
273 277 106.0
278 22 104.0
22 278 104.0
278 262 102.0
262 278 102.0
278 274 105.0
274 278 105.0
278 277 107.0
277 278 107.0
279 23 107.0
23 279 107.0
279 263 109.0
263 279 109.0
279 275 201.0
275 279 201.0
279 277 105.0
277 279 105.0
280 24 204.0
24 280 204.0
280 264 210.0
264 280 210.0
280 276 202.0
276 280 202.0
280 278 201.0
278 280 201.0
280 279 202.0
279 280 202.0
281 25 203.0
25 281 203.0
281 265 108.0
265 281 108.0
281 273 108.0
273 281 108.0
282 26 107.0
26 282 107.0
282 266 206.0
266 282 206.0
282 274 109.0
274 282 109.0
282 281 107.0
281 282 107.0
283 27 105.0
27 283 105.0
283 267 110.0
267 283 110.0
283 275 206.0
275 283 206.0
283 281 107.0
281 283 107.0
284 28 106.0
28 284 106.0
284 268 106.0
268 284 106.0
284 276 104.0
276 284 104.0
284 282 110.0
282 284 110.0
284 283 102.0
283 284 102.0
285 29 108.0
29 285 108.0
285 269 104.0
269 285 104.0
285 277 110.0
277 285 110.0
285 281 109.0
281 285 109.0
286 30 110.0
30 286 110.0
286 270 106.0
270 286 106.0
286 278 103.0
278 286 103.0
286 282 106.0
282 286 106.0
286 285 109.0
285 286 109.0
287 31 102.0
31 287 102.0
287 271 206.0
271 287 206.0
287 279 106.0
279 287 106.0
287 283 104.0
283 287 104.0
287 285 106.0
285 287 106.0
288 32 110.0
32 288 110.0
288 272 102.0
272 288 102.0
288 280 203.0
280 288 203.0
288 284 109.0
284 288 109.0
288 286 101.0
286 288 101.0
288 287 104.0
287 288 104.0
289 33 109.0
33 289 109.0
289 257 103.0
257 289 103.0
290 34 210.0
34 290 210.0
290 258 109.0
258 290 109.0
290 289 109.0
289 290 109.0
291 35 103.0
35 291 103.0
291 259 110.0
259 291 110.0
291 289 106.0
289 291 106.0
292 36 102.0
36 292 102.0
292 260 108.0
260 292 108.0
292 290 109.0
290 292 109.0
292 291 106.0
291 292 106.0
293 37 103.0
37 293 103.0
293 261 105.0
261 293 105.0
293 289 103.0
289 293 103.0
294 38 103.0
38 294 103.0
294 262 103.0
262 294 103.0
294 290 108.0
290 294 108.0
294 293 108.0
293 294 108.0
295 39 101.0
39 295 101.0
295 263 105.0
263 295 105.0
295 291 108.0
291 295 108.0
295 293 101.0
293 295 101.0
296 40 206.0
40 296 206.0
296 264 209.0
264 296 209.0
296 292 207.0
292 296 207.0
296 294 205.0
294 296 205.0
296 295 204.0
295 296 204.0
297 41 210.0
41 297 210.0
297 265 208.0
265 297 208.0
297 289 208.0
289 297 208.0
298 42 101.0
42 298 101.0
298 266 205.0
266 298 205.0
298 290 101.0
290 298 101.0
298 297 202.0
297 298 202.0
299 43 203.0
43 299 203.0
299 267 102.0
267 299 102.0
299 291 110.0
291 299 110.0
299 297 207.0
297 299 207.0
300 44 204.0
44 300 204.0
300 268 105.0
268 300 105.0
300 292 105.0
292 300 105.0
300 298 101.0
298 300 101.0
300 299 102.0
299 300 102.0
301 45 107.0
45 301 107.0
301 269 103.0
269 301 103.0
301 293 101.0
293 301 101.0
301 297 209.0
297 301 209.0
302 46 103.0
46 302 103.0
302 270 109.0
270 302 109.0
302 294 103.0
294 302 103.0
302 298 104.0
298 302 104.0
302 301 103.0
301 302 103.0
303 47 106.0
47 303 106.0
303 271 205.0
271 303 205.0
303 295 109.0
295 303 109.0
303 299 101.0
299 303 101.0
303 301 106.0
301 303 106.0
304 48 103.0
48 304 103.0
304 272 103.0
272 304 103.0
304 296 210.0
296 304 210.0
304 300 107.0
300 304 107.0
304 302 104.0
302 304 104.0
304 303 105.0
303 304 105.0
305 49 106.0
49 305 106.0
305 273 108.0
273 305 108.0
305 289 102.0
289 305 102.0
306 50 102.0
50 306 102.0
306 274 102.0
274 306 102.0
306 290 110.0
290 306 110.0
306 305 110.0
305 306 110.0
307 51 202.0
51 307 202.0
307 275 308.0
275 307 308.0
307 291 206.0
291 307 206.0
307 305 206.0
305 307 206.0
308 52 105.0
52 308 105.0
308 276 101.0
276 308 101.0
308 292 103.0
292 308 103.0
308 306 108.0
306 308 108.0
308 307 203.0
307 308 203.0
309 53 209.0
53 309 209.0
309 277 207.0
277 309 207.0
309 293 203.0
293 309 203.0
309 305 209.0
305 309 209.0
310 54 105.0
54 310 105.0
310 278 104.0
278 310 104.0
310 294 104.0
294 310 104.0
310 306 109.0
306 310 109.0
310 309 205.0
309 310 205.0
311 55 110.0
55 311 110.0
311 279 109.0
279 311 109.0
311 295 107.0
295 311 107.0
311 307 206.0
307 311 206.0
311 309 203.0
309 311 203.0
312 56 105.0
56 312 105.0
312 280 202.0
280 312 202.0
312 296 209.0
296 312 209.0
312 308 108.0
308 312 108.0
312 310 107.0
310 312 107.0
312 311 102.0
311 312 102.0
313 57 104.0
57 313 104.0
313 281 107.0
281 313 107.0
313 297 209.0
297 313 209.0
313 305 109.0
305 313 109.0
314 58 108.0
58 314 108.0
314 282 107.0
282 314 107.0
314 298 108.0
298 314 108.0
314 306 105.0
306 314 105.0
314 313 107.0
313 314 107.0
315 59 106.0
59 315 106.0
315 283 101.0
283 315 101.0
315 299 105.0
299 315 105.0
315 307 209.0
307 315 209.0
315 313 110.0
313 315 110.0
316 60 203.0
60 316 203.0
316 284 110.0
284 316 110.0
316 300 104.0
300 316 104.0
316 308 102.0
308 316 102.0
316 314 107.0
314 316 107.0
316 315 109.0
315 316 109.0
317 61 102.0
61 317 102.0
317 285 102.0
285 317 102.0
317 301 105.0
301 317 105.0
317 309 208.0
309 317 208.0
317 313 108.0
313 317 108.0
318 62 207.0
62 318 207.0
318 286 109.0
286 318 109.0
318 302 104.0
302 318 104.0
318 310 109.0
310 318 109.0
318 314 102.0
314 318 102.0
318 317 106.0
317 318 106.0
319 63 109.0
63 319 109.0
319 287 110.0
287 319 110.0
319 303 106.0
303 319 106.0
319 311 107.0
311 319 107.0
319 315 105.0
315 319 105.0
319 317 101.0
317 319 101.0
320 64 105.0
64 320 105.0
320 288 105.0
288 320 105.0
320 304 105.0
304 320 105.0
320 312 106.0
312 320 106.0
320 316 104.0
316 320 104.0
320 318 106.0
318 320 106.0
320 319 102.0
319 320 102.0
321 65 101.0
65 321 101.0
321 257 103.0
257 321 103.0
322 66 110.0
66 322 110.0
322 258 110.0
258 322 110.0
322 321 110.0
321 322 110.0
323 67 202.0
67 323 202.0
323 259 104.0
259 323 104.0
323 321 110.0
321 323 110.0
324 68 101.0
68 324 101.0
324 260 103.0
260 324 103.0
324 322 104.0
322 324 104.0
324 323 103.0
323 324 103.0
325 69 106.0
69 325 106.0
325 261 102.0
261 325 102.0
325 321 103.0
321 325 103.0
326 70 202.0
70 326 202.0
326 262 202.0
262 326 202.0
326 322 205.0
322 326 205.0
326 325 205.0
325 326 205.0
327 71 101.0
71 327 101.0
327 263 101.0
263 327 101.0
327 323 102.0
323 327 102.0
327 325 104.0
325 327 104.0
328 72 204.0
72 328 204.0
328 264 206.0
264 328 206.0
328 324 203.0
324 328 203.0
328 326 310.0
326 328 310.0
328 327 203.0
327 328 203.0
329 73 105.0
73 329 105.0
329 265 102.0
265 329 102.0
329 321 105.0
321 329 105.0
330 74 105.0
74 330 105.0
330 266 210.0
266 330 210.0
330 322 105.0
322 330 105.0
330 329 101.0
329 330 101.0
331 75 109.0
75 331 109.0
331 267 107.0
267 331 107.0
331 323 101.0
323 331 101.0
331 329 109.0
329 331 109.0
332 76 105.0
76 332 105.0
332 268 107.0
268 332 107.0
332 324 107.0
324 332 107.0
332 330 109.0
330 332 109.0
332 331 110.0
331 332 110.0
333 77 108.0
77 333 108.0
333 269 104.0
269 333 104.0
333 325 105.0
325 333 105.0
333 329 105.0
329 333 105.0
334 78 209.0
78 334 209.0
334 270 102.0
270 334 102.0
334 326 210.0
326 334 210.0
334 330 103.0
330 334 103.0
334 333 106.0
333 334 106.0
335 79 107.0
79 335 107.0
335 271 208.0
271 335 208.0
335 327 109.0
327 335 109.0
335 331 109.0
331 335 109.0
335 333 101.0
333 335 101.0
336 80 107.0
80 336 107.0
336 272 109.0
272 336 109.0
336 328 202.0
328 336 202.0
336 332 107.0
332 336 107.0
336 334 104.0
334 336 104.0
336 335 101.0
335 336 101.0
337 81 107.0
81 337 107.0
337 273 101.0
273 337 101.0
337 321 110.0
321 337 110.0
338 82 202.0
82 338 202.0
338 274 201.0
274 338 201.0
338 322 208.0
322 338 208.0
338 337 201.0
337 338 201.0
339 83 105.0
83 339 105.0
339 275 203.0
275 339 203.0
339 323 108.0
323 339 108.0
339 337 110.0
337 339 110.0
340 84 102.0
84 340 102.0
340 276 102.0
276 340 102.0
340 324 109.0
324 340 109.0
340 338 202.0
338 340 202.0
340 339 104.0
339 340 104.0
341 85 101.0
85 341 101.0
341 277 104.0
277 341 104.0
341 325 105.0
325 341 105.0
341 337 105.0
337 341 105.0
342 86 110.0
86 342 110.0
342 278 103.0
278 342 103.0
342 326 202.0
326 342 202.0
342 338 204.0
338 342 204.0
342 341 106.0
341 342 106.0
343 87 107.0
87 343 107.0
343 279 104.0
279 343 104.0
343 327 110.0
327 343 110.0
343 339 101.0
339 343 101.0
343 341 103.0
341 343 103.0
344 88 109.0
88 344 109.0
344 280 204.0
280 344 204.0
344 328 204.0
328 344 204.0
344 340 109.0
340 344 109.0
344 342 103.0
342 344 103.0
344 343 107.0
343 344 107.0
345 89 103.0
89 345 103.0
345 281 106.0
281 345 106.0
345 329 107.0
329 345 107.0
345 337 105.0
337 345 105.0
346 90 110.0
90 346 110.0
346 282 101.0
282 346 101.0
346 330 102.0
330 346 102.0
346 338 204.0
338 346 204.0
346 345 110.0
345 346 110.0
347 91 106.0
91 347 106.0
347 283 108.0
283 347 108.0
347 331 106.0
331 347 106.0
347 339 105.0
339 347 105.0
347 345 107.0
345 347 107.0
348 92 105.0
92 348 105.0
348 284 104.0
284 348 104.0
348 332 103.0
332 348 103.0
348 340 101.0
340 348 101.0
348 346 108.0
346 348 108.0
348 347 102.0
347 348 102.0
349 93 102.0
93 349 102.0
349 285 109.0
285 349 109.0
349 333 107.0
333 349 107.0
349 341 101.0
341 349 101.0
349 345 108.0
345 349 108.0
350 94 101.0
94 350 101.0
350 286 101.0
286 350 101.0
350 334 104.0
334 350 104.0
350 342 101.0
342 350 101.0
350 346 107.0
346 350 107.0
350 349 102.0
349 350 102.0
351 95 205.0
95 351 205.0
351 287 110.0
287 351 110.0
351 335 104.0
335 351 104.0
351 343 109.0
343 351 109.0
351 347 107.0
347 351 107.0
351 349 110.0
349 351 110.0
352 96 208.0
96 352 208.0
352 288 106.0
288 352 106.0
352 336 101.0
336 352 101.0
352 344 102.0
344 352 102.0
352 348 108.0
348 352 108.0
352 350 106.0
350 352 106.0
352 351 104.0
351 352 104.0
353 97 106.0
97 353 106.0
353 289 110.0
289 353 110.0
353 321 103.0
321 353 103.0
354 98 109.0
98 354 109.0
354 290 102.0
290 354 102.0
354 322 109.0
322 354 109.0
354 353 110.0
353 354 110.0
355 99 208.0
99 355 208.0
355 291 108.0
291 355 108.0
355 323 102.0
323 355 102.0
355 353 108.0
353 355 108.0
356 100 107.0
100 356 107.0
356 292 102.0
292 356 102.0
356 324 103.0
324 356 103.0
356 354 105.0
354 356 105.0
356 355 103.0
355 356 103.0
357 101 102.0
101 357 102.0
357 293 102.0
293 357 102.0
357 325 107.0
325 357 107.0
357 353 104.0
353 357 104.0
358 102 109.0
102 358 109.0
358 294 105.0
294 358 105.0
358 326 205.0
326 358 205.0
358 354 109.0
354 358 109.0
358 357 105.0
357 358 105.0
359 103 106.0
103 359 106.0
359 295 105.0
295 359 105.0
359 327 105.0
327 359 105.0
359 355 101.0
355 359 101.0
359 357 101.0
357 359 101.0
360 104 101.0
104 360 101.0
360 296 210.0
296 360 210.0
360 328 209.0
328 360 209.0
360 356 110.0
356 360 110.0
360 358 102.0
358 360 102.0
360 359 102.0
359 360 102.0
361 105 308.0
105 361 308.0
361 297 304.0
297 361 304.0
361 329 203.0
329 361 203.0
361 353 202.0
353 361 202.0
362 106 209.0
106 362 209.0
362 298 207.0
298 362 207.0
362 330 209.0
330 362 209.0
362 354 205.0
354 362 205.0
362 361 309.0
361 362 309.0
363 107 106.0
107 363 106.0
363 299 109.0
299 363 109.0
363 331 101.0
331 363 101.0
363 355 106.0
355 363 106.0
363 361 206.0
361 363 206.0
364 108 207.0
108 364 207.0
364 300 103.0
300 364 103.0
364 332 104.0
332 364 104.0
364 356 104.0
356 364 104.0
364 362 207.0
362 364 207.0
364 363 110.0
363 364 110.0
365 109 102.0
109 365 102.0
365 301 108.0
301 365 108.0
365 333 105.0
333 365 105.0
365 357 101.0
357 365 101.0
365 361 206.0
361 365 206.0
366 110 103.0
110 366 103.0
366 302 104.0
302 366 104.0
366 334 110.0
334 366 110.0
366 358 108.0
358 366 108.0
366 362 203.0
362 366 203.0
366 365 104.0
365 366 104.0
367 111 104.0
111 367 104.0
367 303 106.0
303 367 106.0
367 335 104.0
335 367 104.0
367 359 106.0
359 367 106.0
367 363 110.0
363 367 110.0
367 365 108.0
365 367 108.0
368 112 106.0
112 368 106.0
368 304 101.0
304 368 101.0
368 336 108.0
336 368 108.0
368 360 106.0
360 368 106.0
368 364 107.0
364 368 107.0
368 366 108.0
366 368 108.0
368 367 103.0
367 368 103.0
369 113 210.0
113 369 210.0
369 305 110.0
305 369 110.0
369 337 110.0
337 369 110.0
369 353 105.0
353 369 105.0
370 114 109.0
114 370 109.0
370 306 102.0
306 370 102.0
370 338 202.0
338 370 202.0
370 354 103.0
354 370 103.0
370 369 107.0
369 370 107.0
371 115 107.0
115 371 107.0
371 307 209.0
307 371 209.0
371 339 103.0
339 371 103.0
371 355 102.0
355 371 102.0
371 369 104.0
369 371 104.0
372 116 107.0
116 372 107.0
372 308 101.0
308 372 101.0
372 340 108.0
340 372 108.0
372 356 107.0
356 372 107.0
372 370 103.0
370 372 103.0
372 371 102.0
371 372 102.0
373 117 209.0
117 373 209.0
373 309 203.0
309 373 203.0
373 341 102.0
341 373 102.0
373 357 102.0
357 373 102.0
373 369 108.0
369 373 108.0
374 118 108.0
118 374 108.0
374 310 109.0
310 374 109.0
374 342 106.0
342 374 106.0
374 358 108.0
358 374 108.0
374 370 107.0
370 374 107.0
374 373 110.0
373 374 110.0
375 119 201.0
119 375 201.0
375 311 204.0
311 375 204.0
375 343 201.0
343 375 201.0
375 359 204.0
359 375 204.0
375 371 205.0
371 375 205.0
375 373 204.0
373 375 204.0
376 120 106.0
120 376 106.0
376 312 108.0
312 376 108.0
376 344 109.0
344 376 109.0
376 360 105.0
360 376 105.0
376 372 106.0
372 376 106.0
376 374 104.0
374 376 104.0
376 375 202.0
375 376 202.0
377 121 109.0
121 377 109.0
377 313 106.0
313 377 106.0
377 345 109.0
345 377 109.0
377 361 204.0
361 377 204.0
377 369 105.0
369 377 105.0
378 122 102.0
122 378 102.0
378 314 104.0
314 378 104.0
378 346 104.0
346 378 104.0
378 362 209.0
362 378 209.0
378 370 104.0
370 378 104.0
378 377 105.0
377 378 105.0
379 123 103.0
123 379 103.0
379 315 104.0
315 379 104.0
379 347 107.0
347 379 107.0
379 363 105.0
363 379 105.0
379 371 105.0
371 379 105.0
379 377 105.0
377 379 105.0
380 124 106.0
124 380 106.0
380 316 108.0
316 380 108.0
380 348 101.0
348 380 101.0
380 364 106.0
364 380 106.0
380 372 107.0
372 380 107.0
380 378 101.0
378 380 101.0
380 379 107.0
379 380 107.0
381 125 107.0
125 381 107.0
381 317 106.0
317 381 106.0
381 349 102.0
349 381 102.0
381 365 110.0
365 381 110.0
381 373 106.0
373 381 106.0
381 377 104.0
377 381 104.0
382 126 104.0
126 382 104.0
382 318 101.0
318 382 101.0
382 350 103.0
350 382 103.0
382 366 106.0
366 382 106.0
382 374 101.0
374 382 101.0
382 378 101.0
378 382 101.0
382 381 102.0
381 382 102.0
383 127 103.0
127 383 103.0
383 319 101.0
319 383 101.0
383 351 107.0
351 383 107.0
383 367 110.0
367 383 110.0
383 375 210.0
375 383 210.0
383 379 107.0
379 383 107.0
383 381 109.0
381 383 109.0
384 128 102.0
128 384 102.0
384 320 109.0
320 384 109.0
384 352 106.0
352 384 106.0
384 368 102.0
368 384 102.0
384 376 102.0
376 384 102.0
384 380 102.0
380 384 102.0
384 382 109.0
382 384 109.0
384 383 104.0
383 384 104.0
385 129 104.0
129 385 104.0
385 257 106.0
257 385 106.0
386 130 106.0
130 386 106.0
386 258 108.0
258 386 108.0
386 385 103.0
385 386 103.0
387 131 109.0
131 387 109.0
387 259 108.0
259 387 108.0
387 385 109.0
385 387 109.0
388 132 205.0
132 388 205.0
388 260 110.0
260 388 110.0
388 386 102.0
386 388 102.0
388 387 101.0
387 388 101.0
389 133 207.0
133 389 207.0
389 261 110.0
261 389 110.0
389 385 106.0
385 389 106.0
390 134 105.0
134 390 105.0
390 262 106.0
262 390 106.0
390 386 107.0
386 390 107.0
390 389 105.0
389 390 105.0
391 135 104.0
135 391 104.0
391 263 103.0
263 391 103.0
391 387 101.0
387 391 101.0
391 389 101.0
389 391 101.0
392 136 110.0
136 392 110.0
392 264 107.0
264 392 107.0
392 388 104.0
388 392 104.0
392 390 109.0
390 392 109.0
392 391 104.0
391 392 104.0
393 137 103.0
137 393 103.0
393 265 109.0
265 393 109.0
393 385 101.0
385 393 101.0
394 138 101.0
138 394 101.0
394 266 205.0
266 394 205.0
394 386 110.0
386 394 110.0
394 393 110.0
393 394 110.0
395 139 208.0
139 395 208.0
395 267 208.0
267 395 208.0
395 387 210.0
387 395 210.0
395 393 210.0
393 395 210.0
396 140 110.0
140 396 110.0
396 268 105.0
268 396 105.0
396 388 104.0
388 396 104.0
396 394 105.0
394 396 105.0
396 395 202.0
395 396 202.0
397 141 106.0
141 397 106.0
397 269 106.0
269 397 106.0
397 389 103.0
389 397 103.0
397 393 109.0
393 397 109.0
398 142 109.0
142 398 109.0
398 270 104.0
270 398 104.0
398 390 104.0
390 398 104.0
398 394 110.0
394 398 110.0
398 397 108.0
397 398 108.0
399 143 102.0
143 399 102.0
399 271 204.0
271 399 204.0
399 391 102.0
391 399 102.0
399 395 208.0
395 399 208.0
399 397 109.0
397 399 109.0
400 144 202.0
144 400 202.0
400 272 107.0
272 400 107.0
400 392 103.0
392 400 103.0
400 396 107.0
396 400 107.0
400 398 101.0
398 400 101.0
400 399 108.0
399 400 108.0
401 145 104.0
145 401 104.0
401 273 110.0
273 401 110.0
401 385 108.0
385 401 108.0
402 146 101.0
146 402 101.0
402 274 103.0
274 402 103.0
402 386 102.0
386 402 102.0
402 401 107.0
401 402 107.0
403 147 110.0
147 403 110.0
403 275 208.0
275 403 208.0
403 387 108.0
387 403 108.0
403 401 103.0
401 403 103.0
404 148 104.0
148 404 104.0
404 276 101.0
276 404 101.0
404 388 110.0
388 404 110.0
404 402 102.0
402 404 102.0
404 403 102.0
403 404 102.0
405 149 102.0
149 405 102.0
405 277 101.0
277 405 101.0
405 389 107.0
389 405 107.0
405 401 106.0
401 405 106.0
406 150 110.0
150 406 110.0
406 278 107.0
278 406 107.0
406 390 106.0
390 406 106.0
406 402 103.0
402 406 103.0
406 405 108.0
405 406 108.0
407 151 103.0
151 407 103.0
407 279 104.0
279 407 104.0
407 391 107.0
391 407 107.0
407 403 104.0
403 407 104.0
407 405 103.0
405 407 103.0
408 152 103.0
152 408 103.0
408 280 209.0
280 408 209.0
408 392 105.0
392 408 105.0
408 404 104.0
404 408 104.0
408 406 104.0
406 408 104.0
408 407 109.0
407 408 109.0
409 153 201.0
153 409 201.0
409 281 106.0
281 409 106.0
409 393 109.0
393 409 109.0
409 401 104.0
401 409 104.0
410 154 105.0
154 410 105.0
410 282 101.0
282 410 101.0
410 394 103.0
394 410 103.0
410 402 110.0
402 410 110.0
410 409 103.0
409 410 103.0
411 155 106.0
155 411 106.0
411 283 103.0
283 411 103.0
411 395 209.0
395 411 209.0
411 403 108.0
403 411 108.0
411 409 104.0
409 411 104.0
412 156 209.0
156 412 209.0
412 284 209.0
284 412 209.0
412 396 201.0
396 412 201.0
412 404 207.0
404 412 207.0
412 410 209.0
410 412 209.0
412 411 205.0
411 412 205.0
413 157 207.0
157 413 207.0
413 285 206.0
285 413 206.0
413 397 209.0
397 413 209.0
413 405 204.0
405 413 204.0
413 409 203.0
409 413 203.0
414 158 107.0
158 414 107.0
414 286 110.0
286 414 110.0
414 398 104.0
398 414 104.0
414 406 106.0
406 414 106.0
414 410 105.0
410 414 105.0
414 413 210.0
413 414 210.0
415 159 108.0
159 415 108.0
415 287 103.0
287 415 103.0
415 399 108.0
399 415 108.0
415 407 104.0
407 415 104.0
415 411 106.0
411 415 106.0
415 413 209.0
413 415 209.0
416 160 102.0
160 416 102.0
416 288 107.0
288 416 107.0
416 400 107.0
400 416 107.0
416 408 105.0
408 416 105.0
416 412 209.0
412 416 209.0
416 414 104.0
414 416 104.0
416 415 101.0
415 416 101.0
417 161 102.0
161 417 102.0
417 289 110.0
289 417 110.0
417 385 102.0
385 417 102.0
418 162 107.0
162 418 107.0
418 290 101.0
290 418 101.0
418 386 108.0
386 418 108.0
418 417 105.0
417 418 105.0
419 163 108.0
163 419 108.0
419 291 101.0
291 419 101.0
419 387 107.0
387 419 107.0
419 417 107.0
417 419 107.0
420 164 103.0
164 420 103.0
420 292 103.0
292 420 103.0
420 388 106.0
388 420 106.0
420 418 101.0
418 420 101.0
420 419 109.0
419 420 109.0
421 165 101.0
165 421 101.0
421 293 107.0
293 421 107.0
421 389 106.0
389 421 106.0
421 417 104.0
417 421 104.0
422 166 108.0
166 422 108.0
422 294 109.0
294 422 109.0
422 390 104.0
390 422 104.0
422 418 106.0
418 422 106.0
422 421 102.0
421 422 102.0
423 167 107.0
167 423 107.0
423 295 106.0
295 423 106.0
423 391 107.0
391 423 107.0
423 419 108.0
419 423 108.0
423 421 103.0
421 423 103.0
424 168 110.0
168 424 110.0
424 296 206.0
296 424 206.0
424 392 105.0
392 424 105.0
424 420 109.0
420 424 109.0
424 422 101.0
422 424 101.0
424 423 102.0
423 424 102.0
425 169 109.0
169 425 109.0
425 297 203.0
297 425 203.0
425 393 109.0
393 425 109.0
425 417 102.0
417 425 102.0
426 170 103.0
170 426 103.0
426 298 108.0
298 426 108.0
426 394 103.0
394 426 103.0
426 418 109.0
418 426 109.0
426 425 107.0
425 426 107.0
427 171 208.0
171 427 208.0
427 299 109.0
299 427 109.0
427 395 210.0
395 427 210.0
427 419 108.0
419 427 108.0
427 425 102.0
425 427 102.0
428 172 204.0
172 428 204.0
428 300 207.0
300 428 207.0
428 396 210.0
396 428 210.0
428 420 208.0
420 428 208.0
428 426 204.0
426 428 204.0
428 427 201.0
427 428 201.0
429 173 109.0
173 429 109.0
429 301 107.0
301 429 107.0
429 397 106.0
397 429 106.0
429 421 103.0
421 429 103.0
429 425 105.0
425 429 105.0
430 174 207.0
174 430 207.0
430 302 201.0
302 430 201.0
430 398 206.0
398 430 206.0
430 422 202.0
422 430 202.0
430 426 205.0
426 430 205.0
430 429 207.0
429 430 207.0
431 175 205.0
175 431 205.0
431 303 202.0
303 431 202.0
431 399 204.0
399 431 204.0
431 423 210.0
423 431 210.0
431 427 205.0
427 431 205.0
431 429 206.0
429 431 206.0
432 176 109.0
176 432 109.0
432 304 110.0
304 432 110.0
432 400 108.0
400 432 108.0
432 424 110.0
424 432 110.0
432 428 204.0
428 432 204.0
432 430 202.0
430 432 202.0
432 431 206.0
431 432 206.0
433 177 210.0
177 433 210.0
433 305 204.0
305 433 204.0
433 401 210.0
401 433 210.0
433 417 205.0
417 433 205.0
434 178 109.0
178 434 109.0
434 306 105.0
306 434 105.0
434 402 105.0
402 434 105.0
434 418 109.0
418 434 109.0
434 433 202.0
433 434 202.0
435 179 103.0
179 435 103.0
435 307 203.0
307 435 203.0
435 403 108.0
403 435 108.0
435 419 101.0
419 435 101.0
435 433 204.0
433 435 204.0
436 180 110.0
180 436 110.0
436 308 106.0
308 436 106.0
436 404 106.0
404 436 106.0
436 420 102.0
420 436 102.0
436 434 101.0
434 436 101.0
436 435 104.0
435 436 104.0
437 181 105.0
181 437 105.0
437 309 206.0
309 437 206.0
437 405 105.0
405 437 105.0
437 421 109.0
421 437 109.0
437 433 209.0
433 437 209.0
438 182 103.0
182 438 103.0
438 310 109.0
310 438 109.0
438 406 107.0
406 438 107.0
438 422 110.0
422 438 110.0
438 434 103.0
434 438 103.0
438 437 103.0
437 438 103.0
439 183 207.0
183 439 207.0
439 311 103.0
311 439 103.0
439 407 110.0
407 439 110.0
439 423 101.0
423 439 101.0
439 435 104.0
435 439 104.0
439 437 108.0
437 439 108.0
440 184 308.0
184 440 308.0
440 312 203.0
312 440 203.0
440 408 204.0
408 440 204.0
440 424 203.0
424 440 203.0
440 436 201.0
436 440 201.0
440 438 210.0
438 440 210.0
440 439 204.0
439 440 204.0
441 185 101.0
185 441 101.0
441 313 101.0
313 441 101.0
441 409 109.0
409 441 109.0
441 425 110.0
425 441 110.0
441 433 206.0
433 441 206.0
442 186 207.0
186 442 207.0
442 314 104.0
314 442 104.0
442 410 105.0
410 442 105.0
442 426 105.0
426 442 105.0
442 434 108.0
434 442 108.0
442 441 109.0
441 442 109.0
443 187 104.0
187 443 104.0
443 315 108.0
315 443 108.0
443 411 107.0
411 443 107.0
443 427 108.0
427 443 108.0
443 435 105.0
435 443 105.0
443 441 106.0
441 443 106.0
444 188 106.0
188 444 106.0
444 316 106.0
316 444 106.0
444 412 206.0
412 444 206.0
444 428 209.0
428 444 209.0
444 436 107.0
436 444 107.0
444 442 108.0
442 444 108.0
444 443 102.0
443 444 102.0
445 189 101.0
189 445 101.0
445 317 105.0
317 445 105.0
445 413 204.0
413 445 204.0
445 429 103.0
429 445 103.0
445 437 110.0
437 445 110.0
445 441 110.0
441 445 110.0
446 190 103.0
190 446 103.0
446 318 110.0
318 446 110.0
446 414 108.0
414 446 108.0
446 430 209.0
430 446 209.0
446 438 101.0
438 446 101.0
446 442 110.0
442 446 110.0
446 445 107.0
445 446 107.0
447 191 109.0
191 447 109.0
447 319 110.0
319 447 110.0
447 415 105.0
415 447 105.0
447 431 209.0
431 447 209.0
447 439 101.0
439 447 101.0
447 443 109.0
443 447 109.0
447 445 105.0
445 447 105.0
448 192 107.0
192 448 107.0
448 320 105.0
320 448 105.0
448 416 102.0
416 448 102.0
448 432 105.0
432 448 105.0
448 440 209.0
440 448 209.0
448 444 102.0
444 448 102.0
448 446 103.0
446 448 103.0
448 447 107.0
447 448 107.0
449 193 104.0
193 449 104.0
449 321 110.0
321 449 110.0
449 385 110.0
385 449 110.0
450 194 103.0
194 450 103.0
450 322 104.0
322 450 104.0
450 386 102.0
386 450 102.0
450 449 106.0
449 450 106.0
451 195 104.0
195 451 104.0
451 323 101.0
323 451 101.0
451 387 105.0
387 451 105.0
451 449 106.0
449 451 106.0
452 196 105.0
196 452 105.0
452 324 103.0
324 452 103.0
452 388 110.0
388 452 110.0
452 450 102.0
450 452 102.0
452 451 108.0
451 452 108.0
453 197 103.0
197 453 103.0
453 325 110.0
325 453 110.0
453 389 103.0
389 453 103.0
453 449 101.0
449 453 101.0
454 198 209.0
198 454 209.0
454 326 301.0
326 454 301.0
454 390 204.0
390 454 204.0
454 450 204.0
450 454 204.0
454 453 204.0
453 454 204.0
455 199 203.0
199 455 203.0
455 327 204.0
327 455 204.0
455 391 206.0
391 455 206.0
455 451 208.0
451 455 208.0
455 453 207.0
453 455 207.0
456 200 102.0
200 456 102.0
456 328 210.0
328 456 210.0
456 392 102.0
392 456 102.0
456 452 107.0
452 456 107.0
456 454 203.0
454 456 203.0
456 455 206.0
455 456 206.0
457 201 303.0
201 457 303.0
457 329 201.0
329 457 201.0
457 393 207.0
393 457 207.0
457 449 208.0
449 457 208.0
458 202 110.0
202 458 110.0
458 330 106.0
330 458 106.0
458 394 104.0
394 458 104.0
458 450 104.0
450 458 104.0
458 457 203.0
457 458 203.0
459 203 101.0
203 459 101.0
459 331 106.0
331 459 106.0
459 395 206.0
395 459 206.0
459 451 106.0
451 459 106.0
459 457 204.0
457 459 204.0
460 204 103.0
204 460 103.0
460 332 105.0
332 460 105.0
460 396 103.0
396 460 103.0
460 452 101.0
452 460 101.0
460 458 108.0
458 460 108.0
460 459 110.0
459 460 110.0
461 205 109.0
205 461 109.0
461 333 104.0
333 461 104.0
461 397 101.0
397 461 101.0
461 453 102.0
453 461 102.0
461 457 201.0
457 461 201.0
462 206 110.0
206 462 110.0
462 334 104.0
334 462 104.0
462 398 108.0
398 462 108.0
462 454 203.0
454 462 203.0
462 458 108.0
458 462 108.0
462 461 105.0
461 462 105.0
463 207 103.0
207 463 103.0
463 335 101.0
335 463 101.0
463 399 109.0
399 463 109.0
463 455 208.0
455 463 208.0
463 459 109.0
459 463 109.0
463 461 109.0
461 463 109.0
464 208 103.0
208 464 103.0
464 336 108.0
336 464 108.0
464 400 104.0
400 464 104.0
464 456 102.0
456 464 102.0
464 460 108.0
460 464 108.0
464 462 107.0
462 464 107.0
464 463 105.0
463 464 105.0
465 209 110.0
209 465 110.0
465 337 110.0
337 465 110.0
465 401 104.0
401 465 104.0
465 449 107.0
449 465 107.0
466 210 206.0
210 466 206.0
466 338 206.0
338 466 206.0
466 402 109.0
402 466 109.0
466 450 108.0
450 466 108.0
466 465 110.0
465 466 110.0
467 211 101.0
211 467 101.0
467 339 106.0
339 467 106.0
467 403 106.0
403 467 106.0
467 451 110.0
451 467 110.0
467 465 107.0
465 467 107.0
468 212 203.0
212 468 203.0
468 340 102.0
340 468 102.0
468 404 109.0
404 468 109.0
468 452 110.0
452 468 110.0
468 466 102.0
466 468 102.0
468 467 102.0
467 468 102.0
469 213 204.0
213 469 204.0
469 341 203.0
341 469 203.0
469 405 209.0
405 469 209.0
469 453 209.0
453 469 209.0
469 465 202.0
465 469 202.0
470 214 101.0
214 470 101.0
470 342 106.0
342 470 106.0
470 406 110.0
406 470 110.0
470 454 204.0
454 470 204.0
470 466 106.0
466 470 106.0
470 469 202.0
469 470 202.0
471 215 107.0
215 471 107.0
471 343 104.0
343 471 104.0
471 407 103.0
407 471 103.0
471 455 210.0
455 471 210.0
471 467 103.0
467 471 103.0
471 469 209.0
469 471 209.0
472 216 108.0
216 472 108.0
472 344 109.0
344 472 109.0
472 408 106.0
408 472 106.0
472 456 108.0
456 472 108.0
472 468 110.0
468 472 110.0
472 470 106.0
470 472 106.0
472 471 103.0
471 472 103.0
473 217 107.0
217 473 107.0
473 345 104.0
345 473 104.0
473 409 104.0
409 473 104.0
473 457 205.0
457 473 205.0
473 465 103.0
465 473 103.0
474 218 107.0
218 474 107.0
474 346 103.0
346 474 103.0
474 410 106.0
410 474 106.0
474 458 101.0
458 474 101.0
474 466 103.0
466 474 103.0
474 473 103.0
473 474 103.0
475 219 107.0
219 475 107.0
475 347 105.0
347 475 105.0
475 411 106.0
411 475 106.0
475 459 105.0
459 475 105.0
475 467 108.0
467 475 108.0
475 473 109.0
473 475 109.0
476 220 202.0
220 476 202.0
476 348 203.0
348 476 203.0
476 412 304.0
412 476 304.0
476 460 208.0
460 476 208.0
476 468 202.0
468 476 202.0
476 474 207.0
474 476 207.0
476 475 205.0
475 476 205.0
477 221 105.0
221 477 105.0
477 349 103.0
349 477 103.0
477 413 201.0
413 477 201.0
477 461 108.0
461 477 108.0
477 469 207.0
469 477 207.0
477 473 109.0
473 477 109.0
478 222 101.0
222 478 101.0
478 350 104.0
350 478 104.0
478 414 109.0
414 478 109.0
478 462 101.0
462 478 101.0
478 470 105.0
470 478 105.0
478 474 110.0
474 478 110.0
478 477 101.0
477 478 101.0
479 223 207.0
223 479 207.0
479 351 110.0
351 479 110.0
479 415 103.0
415 479 103.0
479 463 107.0
463 479 107.0
479 471 106.0
471 479 106.0
479 475 105.0
475 479 105.0
479 477 108.0
477 479 108.0
480 224 107.0
224 480 107.0
480 352 102.0
352 480 102.0
480 416 108.0
416 480 108.0
480 464 103.0
464 480 103.0
480 472 107.0
472 480 107.0
480 476 208.0
476 480 208.0
480 478 110.0
478 480 110.0
480 479 104.0
479 480 104.0
481 225 106.0
225 481 106.0
481 353 108.0
353 481 108.0
481 417 104.0
417 481 104.0
481 449 109.0
449 481 109.0
482 226 209.0
226 482 209.0
482 354 101.0
354 482 101.0
482 418 104.0
418 482 104.0
482 450 107.0
450 482 107.0
482 481 103.0
481 482 103.0
483 227 104.0
227 483 104.0
483 355 107.0
355 483 107.0
483 419 106.0
419 483 106.0
483 451 109.0
451 483 109.0
483 481 107.0
481 483 107.0
484 228 202.0
228 484 202.0
484 356 207.0
356 484 207.0
484 420 207.0
420 484 207.0
484 452 210.0
452 484 210.0
484 482 202.0
482 484 202.0
484 483 206.0
483 484 206.0
485 229 204.0
229 485 204.0
485 357 208.0
357 485 208.0
485 421 210.0
421 485 210.0
485 453 201.0
453 485 201.0
485 481 206.0
481 485 206.0
486 230 102.0
230 486 102.0
486 358 108.0
358 486 108.0
486 422 103.0
422 486 103.0
486 454 207.0
454 486 207.0
486 482 105.0
482 486 105.0
486 485 210.0
485 486 210.0
487 231 101.0
231 487 101.0
487 359 109.0
359 487 109.0
487 423 108.0
423 487 108.0
487 455 208.0
455 487 208.0
487 483 110.0
483 487 110.0
487 485 202.0
485 487 202.0
488 232 208.0
232 488 208.0
488 360 109.0
360 488 109.0
488 424 102.0
424 488 102.0
488 456 105.0
456 488 105.0
488 484 208.0
484 488 208.0
488 486 104.0
486 488 104.0
488 487 107.0
487 488 107.0
489 233 103.0
233 489 103.0
489 361 205.0
361 489 205.0
489 425 103.0
425 489 103.0
489 457 206.0
457 489 206.0
489 481 107.0
481 489 107.0
490 234 102.0
234 490 102.0
490 362 207.0
362 490 207.0
490 426 108.0
426 490 108.0
490 458 109.0
458 490 109.0
490 482 110.0
482 490 110.0
490 489 105.0
489 490 105.0
491 235 107.0
235 491 107.0
491 363 105.0
363 491 105.0
491 427 104.0
427 491 104.0
491 459 101.0
459 491 101.0
491 483 107.0
483 491 107.0
491 489 108.0
489 491 108.0
492 236 110.0
236 492 110.0
492 364 103.0
364 492 103.0
492 428 209.0
428 492 209.0
492 460 107.0
460 492 107.0
492 484 203.0
484 492 203.0
492 490 101.0
490 492 101.0
492 491 101.0
491 492 101.0
493 237 203.0
237 493 203.0
493 365 110.0
365 493 110.0
493 429 105.0
429 493 105.0
493 461 107.0
461 493 107.0
493 485 207.0
485 493 207.0
493 489 109.0
489 493 109.0
494 238 101.0
238 494 101.0
494 366 107.0
366 494 107.0
494 430 204.0
430 494 204.0
494 462 101.0
462 494 101.0
494 486 106.0
486 494 106.0
494 490 105.0
490 494 105.0
494 493 103.0
493 494 103.0
495 239 107.0
239 495 107.0
495 367 107.0
367 495 107.0
495 431 205.0
431 495 205.0
495 463 101.0
463 495 101.0
495 487 107.0
487 495 107.0
495 491 108.0
491 495 108.0
495 493 102.0
493 495 102.0
496 240 106.0
240 496 106.0
496 368 108.0
368 496 108.0
496 432 109.0
432 496 109.0
496 464 108.0
464 496 108.0
496 488 102.0
488 496 102.0
496 492 104.0
492 496 104.0
496 494 110.0
494 496 110.0
496 495 108.0
495 496 108.0
497 241 105.0
241 497 105.0
497 369 106.0
369 497 106.0
497 433 210.0
433 497 210.0
497 465 108.0
465 497 108.0
497 481 108.0
481 497 108.0
498 242 107.0
242 498 107.0
498 370 109.0
370 498 109.0
498 434 106.0
434 498 106.0
498 466 110.0
466 498 110.0
498 482 101.0
482 498 101.0
498 497 108.0
497 498 108.0
499 243 101.0
243 499 101.0
499 371 106.0
371 499 106.0
499 435 109.0
435 499 109.0
499 467 110.0
467 499 110.0
499 483 109.0
483 499 109.0
499 497 108.0
497 499 108.0
500 244 105.0
244 500 105.0
500 372 105.0
372 500 105.0
500 436 102.0
436 500 102.0
500 468 106.0
468 500 106.0
500 484 201.0
484 500 201.0
500 498 109.0
498 500 109.0
500 499 105.0
499 500 105.0
501 245 110.0
245 501 110.0
501 373 109.0
373 501 109.0
501 437 101.0
437 501 101.0
501 469 204.0
469 501 204.0
501 485 209.0
485 501 209.0
501 497 110.0
497 501 110.0
502 246 206.0
246 502 206.0
502 374 203.0
374 502 203.0
502 438 209.0
438 502 209.0
502 470 209.0
470 502 209.0
502 486 203.0
486 502 203.0
502 498 203.0
498 502 203.0
502 501 204.0
501 502 204.0
503 247 109.0
247 503 109.0
503 375 207.0
375 503 207.0
503 439 108.0
439 503 108.0
503 471 104.0
471 503 104.0
503 487 106.0
487 503 106.0
503 499 102.0
499 503 102.0
503 501 103.0
501 503 103.0
504 248 104.0
248 504 104.0
504 376 103.0
376 504 103.0
504 440 201.0
440 504 201.0
504 472 103.0
472 504 103.0
504 488 110.0
488 504 110.0
504 500 110.0
500 504 110.0
504 502 206.0
502 504 206.0
504 503 110.0
503 504 110.0
505 249 106.0
249 505 106.0
505 377 108.0
377 505 108.0
505 441 109.0
441 505 109.0
505 473 102.0
473 505 102.0
505 489 106.0
489 505 106.0
505 497 101.0
497 505 101.0
506 250 104.0
250 506 104.0
506 378 103.0
378 506 103.0
506 442 108.0
442 506 108.0
506 474 101.0
474 506 101.0
506 490 109.0
490 506 109.0
506 498 104.0
498 506 104.0
506 505 103.0
505 506 103.0
507 251 206.0
251 507 206.0
507 379 204.0
379 507 204.0
507 443 205.0
443 507 205.0
507 475 210.0
475 507 210.0
507 491 205.0
491 507 205.0
507 499 210.0
499 507 210.0
507 505 209.0
505 507 209.0
508 252 102.0
252 508 102.0
508 380 109.0
380 508 109.0
508 444 110.0
444 508 110.0
508 476 204.0
476 508 204.0
508 492 106.0
492 508 106.0
508 500 105.0
500 508 105.0
508 506 106.0
506 508 106.0
508 507 201.0
507 508 201.0
509 253 102.0
253 509 102.0
509 381 110.0
381 509 110.0
509 445 108.0
445 509 108.0
509 477 106.0
477 509 106.0
509 493 103.0
493 509 103.0
509 501 102.0
501 509 102.0
509 505 108.0
505 509 108.0
510 254 202.0
254 510 202.0
510 382 208.0
382 510 208.0
510 446 204.0
446 510 204.0
510 478 209.0
478 510 209.0
510 494 209.0
494 510 209.0
510 502 306.0
502 510 306.0
510 506 205.0
506 510 205.0
510 509 205.0
509 510 205.0
511 255 103.0
255 511 103.0
511 383 104.0
383 511 104.0
511 447 105.0
447 511 105.0
511 479 107.0
479 511 107.0
511 495 109.0
495 511 109.0
511 503 104.0
503 511 104.0
511 507 210.0
507 511 210.0
511 509 107.0
509 511 107.0
512 256 108.0
256 512 108.0
512 384 104.0
384 512 104.0
512 448 104.0
448 512 104.0
512 480 106.0
480 512 106.0
512 496 109.0
496 512 109.0
512 504 104.0
504 512 104.0
512 508 107.0
508 512 107.0
512 510 201.0
510 512 201.0
512 511 108.0
511 512 108.0
513 1 107.0
1 513 107.0
514 2 107.0
2 514 107.0
514 513 106.0
513 514 106.0
515 3 103.0
3 515 103.0
515 513 110.0
513 515 110.0
516 4 105.0
4 516 105.0
516 514 105.0
514 516 105.0
516 515 110.0
515 516 110.0
517 5 210.0
5 517 210.0
517 513 102.0
513 517 102.0
518 6 104.0
6 518 104.0
518 514 104.0
514 518 104.0
518 517 109.0
517 518 109.0
519 7 106.0
7 519 106.0
519 515 105.0
515 519 105.0
519 517 102.0
517 519 102.0
520 8 108.0
8 520 108.0
520 516 110.0
516 520 110.0
520 518 105.0
518 520 105.0
520 519 107.0
519 520 107.0
521 9 104.0
9 521 104.0
521 513 103.0
513 521 103.0
522 10 109.0
10 522 109.0
522 514 101.0
514 522 101.0
522 521 101.0
521 522 101.0
523 11 204.0
11 523 204.0
523 515 205.0
515 523 205.0
523 521 210.0
521 523 210.0
524 12 109.0
12 524 109.0
524 516 103.0
516 524 103.0
524 522 105.0
522 524 105.0
524 523 201.0
523 524 201.0
525 13 103.0
13 525 103.0
525 517 103.0
517 525 103.0
525 521 108.0
521 525 108.0
526 14 108.0
14 526 108.0
526 518 106.0
518 526 106.0
526 522 105.0
522 526 105.0
526 525 107.0
525 526 107.0
527 15 108.0
15 527 108.0
527 519 105.0
519 527 105.0
527 523 201.0
523 527 201.0
527 525 108.0
525 527 108.0
528 16 108.0
16 528 108.0
528 520 107.0
520 528 107.0
528 524 107.0
524 528 107.0
528 526 107.0
526 528 107.0
528 527 108.0
527 528 108.0
529 17 106.0
17 529 106.0
529 513 103.0
513 529 103.0
530 18 110.0
18 530 110.0
530 514 107.0
514 530 107.0
530 529 109.0
529 530 109.0
531 19 110.0
19 531 110.0
531 515 106.0
515 531 106.0
531 529 110.0
529 531 110.0
532 20 202.0
20 532 202.0
532 516 104.0
516 532 104.0
532 530 105.0
530 532 105.0
532 531 109.0
531 532 109.0
533 21 102.0
21 533 102.0
533 517 109.0
517 533 109.0
533 529 102.0
529 533 102.0
534 22 210.0
22 534 210.0
534 518 209.0
518 534 209.0
534 530 206.0
530 534 206.0
534 533 204.0
533 534 204.0
535 23 103.0
23 535 103.0
535 519 108.0
519 535 108.0
535 531 103.0
531 535 103.0
535 533 101.0
533 535 101.0
536 24 109.0
24 536 109.0
536 520 108.0
520 536 108.0
536 532 105.0
532 536 105.0
536 534 208.0
534 536 208.0
536 535 109.0
535 536 109.0
537 25 209.0
25 537 209.0
537 521 107.0
521 537 107.0
537 529 110.0
529 537 110.0
538 26 104.0
26 538 104.0
538 522 109.0
522 538 109.0
538 530 109.0
530 538 109.0
538 537 101.0
537 538 101.0
539 27 107.0
27 539 107.0
539 523 204.0
523 539 204.0
539 531 108.0
531 539 108.0
539 537 103.0
537 539 103.0
540 28 103.0
28 540 103.0
540 524 101.0
524 540 101.0
540 532 105.0
532 540 105.0
540 538 102.0
538 540 102.0
540 539 105.0
539 540 105.0
541 29 106.0
29 541 106.0
541 525 107.0
525 541 107.0
541 533 109.0
533 541 109.0
541 537 109.0
537 541 109.0
542 30 110.0
30 542 110.0
542 526 108.0
526 542 108.0
542 534 201.0
534 542 201.0
542 538 107.0
538 542 107.0
542 541 105.0
541 542 105.0
543 31 103.0
31 543 103.0
543 527 108.0
527 543 108.0
543 535 106.0
535 543 106.0
543 539 109.0
539 543 109.0
543 541 109.0
541 543 109.0
544 32 105.0
32 544 105.0
544 528 107.0
528 544 107.0
544 536 107.0
536 544 107.0
544 540 104.0
540 544 104.0
544 542 108.0
542 544 108.0
544 543 108.0
543 544 108.0
545 33 208.0
33 545 208.0
545 513 202.0
513 545 202.0
546 34 201.0
34 546 201.0
546 514 107.0
514 546 107.0
546 545 210.0
545 546 210.0
547 35 105.0
35 547 105.0
547 515 107.0
515 547 107.0
547 545 202.0
545 547 202.0
548 36 110.0
36 548 110.0
548 516 105.0
516 548 105.0
548 546 102.0
546 548 102.0
548 547 103.0
547 548 103.0
549 37 103.0
37 549 103.0
549 517 108.0
517 549 108.0
549 545 205.0
545 549 205.0
550 38 102.0
38 550 102.0
550 518 108.0
518 550 108.0
550 546 102.0
546 550 102.0
550 549 107.0
549 550 107.0
551 39 107.0
39 551 107.0
551 519 110.0
519 551 110.0
551 547 101.0
547 551 101.0
551 549 102.0
549 551 102.0
552 40 209.0
40 552 209.0
552 520 209.0
520 552 209.0
552 548 204.0
548 552 204.0
552 550 205.0
550 552 205.0
552 551 208.0
551 552 208.0
553 41 102.0
41 553 102.0
553 521 103.0
521 553 103.0
553 545 205.0
545 553 205.0
554 42 104.0
42 554 104.0
554 522 107.0
522 554 107.0
554 546 108.0
546 554 108.0
554 553 106.0
553 554 106.0
555 43 201.0
43 555 201.0
555 523 209.0
523 555 209.0
555 547 109.0
547 555 109.0
555 553 109.0
553 555 109.0
556 44 201.0
44 556 201.0
556 524 101.0
524 556 101.0
556 548 109.0
548 556 109.0
556 554 104.0
554 556 104.0
556 555 108.0
555 556 108.0
557 45 110.0
45 557 110.0
557 525 107.0
525 557 107.0
557 549 104.0
549 557 104.0
557 553 104.0
553 557 104.0
558 46 106.0
46 558 106.0
558 526 105.0
526 558 105.0
558 550 102.0
550 558 102.0
558 554 106.0
554 558 106.0
558 557 108.0
557 558 108.0
559 47 108.0
47 559 108.0
559 527 109.0
527 559 109.0
559 551 105.0
551 559 105.0
559 555 103.0
555 559 103.0
559 557 108.0
557 559 108.0
560 48 105.0
48 560 105.0
560 528 104.0
528 560 104.0
560 552 204.0
552 560 204.0
560 556 109.0
556 560 109.0
560 558 101.0
558 560 101.0
560 559 109.0
559 560 109.0
561 49 105.0
49 561 105.0
561 529 108.0
529 561 108.0
561 545 208.0
545 561 208.0
562 50 106.0
50 562 106.0
562 530 104.0
530 562 104.0
562 546 106.0
546 562 106.0
562 561 110.0
561 562 110.0
563 51 108.0
51 563 108.0
563 531 108.0
531 563 108.0
563 547 105.0
547 563 105.0
563 561 101.0
561 563 101.0
564 52 202.0
52 564 202.0
564 532 206.0
532 564 206.0
564 548 209.0
548 564 209.0
564 562 205.0
562 564 205.0
564 563 206.0
563 564 206.0
565 53 102.0
53 565 102.0
565 533 108.0
533 565 108.0
565 549 101.0
549 565 101.0
565 561 109.0
561 565 109.0
566 54 101.0
54 566 101.0
566 534 210.0
534 566 210.0
566 550 103.0
550 566 103.0
566 562 102.0
562 566 102.0
566 565 105.0
565 566 105.0
567 55 110.0
55 567 110.0
567 535 110.0
535 567 110.0
567 551 102.0
551 567 102.0
567 563 101.0
563 567 101.0
567 565 103.0
565 567 103.0
568 56 104.0
56 568 104.0
568 536 105.0
536 568 105.0
568 552 205.0
552 568 205.0
568 564 209.0
564 568 209.0
568 566 109.0
566 568 109.0
568 567 105.0
567 568 105.0
569 57 104.0
57 569 104.0
569 537 107.0
537 569 107.0
569 553 106.0
553 569 106.0
569 561 104.0
561 569 104.0
570 58 107.0
58 570 107.0
570 538 106.0
538 570 106.0
570 554 109.0
554 570 109.0
570 562 110.0
562 570 110.0
570 569 101.0
569 570 101.0
571 59 102.0
59 571 102.0
571 539 101.0
539 571 101.0
571 555 109.0
555 571 109.0
571 563 105.0
563 571 105.0
571 569 103.0
569 571 103.0
572 60 201.0
60 572 201.0
572 540 106.0
540 572 106.0
572 556 106.0
556 572 106.0
572 564 210.0
564 572 210.0
572 570 109.0
570 572 109.0
572 571 102.0
571 572 102.0
573 61 107.0
61 573 107.0
573 541 109.0
541 573 109.0
573 557 110.0
557 573 110.0
573 565 108.0
565 573 108.0
573 569 102.0
569 573 102.0
574 62 206.0
62 574 206.0
574 542 108.0
542 574 108.0
574 558 108.0
558 574 108.0
574 566 105.0
566 574 105.0
574 570 108.0
570 574 108.0
574 573 103.0
573 574 103.0
575 63 203.0
63 575 203.0
575 543 208.0
543 575 208.0
575 559 209.0
559 575 209.0
575 567 208.0
567 575 208.0
575 571 207.0
571 575 207.0
575 573 207.0
573 575 207.0
576 64 104.0
64 576 104.0
576 544 108.0
544 576 108.0
576 560 106.0
560 576 106.0
576 568 102.0
568 576 102.0
576 572 105.0
572 576 105.0
576 574 108.0
574 576 108.0
576 575 210.0
575 576 210.0
577 65 105.0
65 577 105.0
577 513 103.0
513 577 103.0
578 66 201.0
66 578 201.0
578 514 208.0
514 578 208.0
578 577 202.0
577 578 202.0
579 67 202.0
67 579 202.0
579 515 109.0
515 579 109.0
579 577 108.0
577 579 108.0
580 68 106.0
68 580 106.0
580 516 107.0
516 580 107.0
580 578 204.0
578 580 204.0
580 579 101.0
579 580 101.0
581 69 101.0
69 581 101.0
581 517 108.0
517 581 108.0
581 577 103.0
577 581 103.0
582 70 104.0
70 582 104.0
582 518 101.0
518 582 101.0
582 578 205.0
578 582 205.0
582 581 105.0
581 582 105.0
583 71 210.0
71 583 210.0
583 519 202.0
519 583 202.0
583 579 210.0
579 583 210.0
583 581 202.0
581 583 202.0
584 72 104.0
72 584 104.0
584 520 105.0
520 584 105.0
584 580 103.0
580 584 103.0
584 582 103.0
582 584 103.0
584 583 204.0
583 584 204.0
585 73 107.0
73 585 107.0
585 521 103.0
521 585 103.0
585 577 104.0
577 585 104.0
586 74 101.0
74 586 101.0
586 522 107.0
522 586 107.0
586 578 209.0
578 586 209.0
586 585 109.0
585 586 109.0
587 75 106.0
75 587 106.0
587 523 210.0
523 587 210.0
587 579 104.0
579 587 104.0
587 585 110.0
585 587 110.0
588 76 110.0
76 588 110.0
588 524 109.0
524 588 109.0
588 580 103.0
580 588 103.0
588 586 110.0
586 588 110.0
588 587 106.0
587 588 106.0
589 77 210.0
77 589 210.0
589 525 203.0
525 589 203.0
589 581 207.0
581 589 207.0
589 585 205.0
585 589 205.0
590 78 205.0
78 590 205.0
590 526 105.0
526 590 105.0
590 582 101.0
582 590 101.0
590 586 101.0
586 590 101.0
590 589 206.0
589 590 206.0
591 79 104.0
79 591 104.0
591 527 103.0
527 591 103.0
591 583 205.0
583 591 205.0
591 587 103.0
587 591 103.0
591 589 201.0
589 591 201.0
592 80 201.0
80 592 201.0
592 528 204.0
528 592 204.0
592 584 210.0
584 592 210.0
592 588 205.0
588 592 205.0
592 590 208.0
590 592 208.0
592 591 204.0
591 592 204.0
593 81 103.0
81 593 103.0
593 529 105.0
529 593 105.0
593 577 106.0
577 593 106.0
594 82 105.0
82 594 105.0
594 530 106.0
530 594 106.0
594 578 202.0
578 594 202.0
594 593 104.0
593 594 104.0
595 83 103.0
83 595 103.0
595 531 108.0
531 595 108.0
595 579 101.0
579 595 101.0
595 593 102.0
593 595 102.0
596 84 108.0
84 596 108.0
596 532 105.0
532 596 105.0
596 580 105.0
580 596 105.0
596 594 105.0
594 596 105.0
596 595 105.0
595 596 105.0
597 85 102.0
85 597 102.0
597 533 102.0
533 597 102.0
597 581 103.0
581 597 103.0
597 593 102.0
593 597 102.0
598 86 107.0
86 598 107.0
598 534 206.0
534 598 206.0
598 582 110.0
582 598 110.0
598 594 103.0
594 598 103.0
598 597 106.0
597 598 106.0
599 87 108.0
87 599 108.0
599 535 106.0
535 599 106.0
599 583 210.0
583 599 210.0
599 595 102.0
595 599 102.0
599 597 103.0
597 599 103.0
600 88 209.0
88 600 209.0
600 536 206.0
536 600 206.0
600 584 204.0
584 600 204.0
600 596 208.0
596 600 208.0
600 598 203.0
598 600 203.0
600 599 206.0
599 600 206.0
601 89 106.0
89 601 106.0
601 537 110.0
537 601 110.0
601 585 108.0
585 601 108.0
601 593 103.0
593 601 103.0
602 90 210.0
90 602 210.0
602 538 207.0
538 602 207.0
602 586 202.0
586 602 202.0
602 594 202.0
594 602 202.0
602 601 201.0
601 602 201.0
603 91 101.0
91 603 101.0
603 539 106.0
539 603 106.0
603 587 109.0
587 603 109.0
603 595 106.0
595 603 106.0
603 601 102.0
601 603 102.0
604 92 110.0
92 604 110.0
604 540 104.0
540 604 104.0
604 588 104.0
588 604 104.0
604 596 108.0
596 604 108.0
604 602 204.0
602 604 204.0
604 603 104.0
603 604 104.0
605 93 106.0
93 605 106.0
605 541 104.0
541 605 104.0
605 589 203.0
589 605 203.0
605 597 101.0
597 605 101.0
605 601 106.0
601 605 106.0
606 94 101.0
94 606 101.0
606 542 104.0
542 606 104.0
606 590 101.0
590 606 101.0
606 598 106.0
598 606 106.0
606 602 209.0
602 606 209.0
606 605 105.0
605 606 105.0
607 95 205.0
95 607 205.0
607 543 110.0
543 607 110.0
607 591 110.0
591 607 110.0
607 599 106.0
599 607 106.0
607 603 102.0
603 607 102.0
607 605 101.0
605 607 101.0
608 96 201.0
96 608 201.0
608 544 102.0
544 608 102.0
608 592 209.0
592 608 209.0
608 600 209.0
600 608 209.0
608 604 105.0
604 608 105.0
608 606 108.0
606 608 108.0
608 607 105.0
607 608 105.0
609 97 105.0
97 609 105.0
609 545 208.0
545 609 208.0
609 577 108.0
577 609 108.0
610 98 105.0
98 610 105.0
610 546 109.0
546 610 109.0
610 578 202.0
578 610 202.0
610 609 107.0
609 610 107.0
611 99 204.0
99 611 204.0
611 547 101.0
547 611 101.0
611 579 101.0
579 611 101.0
611 609 108.0
609 611 108.0
612 100 109.0
100 612 109.0
612 548 108.0
548 612 108.0
612 580 101.0
580 612 101.0
612 610 104.0
610 612 104.0
612 611 110.0
611 612 110.0
613 101 102.0
101 613 102.0
613 549 107.0
549 613 107.0
613 581 105.0
581 613 105.0
613 609 108.0
609 613 108.0
614 102 103.0
102 614 103.0
614 550 109.0
550 614 109.0
614 582 106.0
582 614 106.0
614 610 102.0
610 614 102.0
614 613 103.0
613 614 103.0
615 103 105.0
103 615 105.0
615 551 103.0
551 615 103.0
615 583 210.0
583 615 210.0
615 611 102.0
611 615 102.0
615 613 103.0
613 615 103.0
616 104 104.0
104 616 104.0
616 552 202.0
552 616 202.0
616 584 101.0
584 616 101.0
616 612 109.0
612 616 109.0
616 614 103.0
614 616 103.0
616 615 110.0
615 616 110.0
617 105 204.0
105 617 204.0
617 553 108.0
553 617 108.0
617 585 109.0
585 617 109.0
617 609 106.0
609 617 106.0
618 106 106.0
106 618 106.0
618 554 101.0
554 618 101.0
618 586 107.0
586 618 107.0
618 610 103.0
610 618 103.0
618 617 104.0
617 618 104.0
619 107 106.0
107 619 106.0
619 555 103.0
555 619 103.0
619 587 110.0
587 619 110.0
619 611 109.0
611 619 109.0
619 617 110.0
617 619 110.0
620 108 208.0
108 620 208.0
620 556 102.0
556 620 102.0
620 588 102.0
588 620 102.0
620 612 104.0
612 620 104.0
620 618 105.0
618 620 105.0
620 619 107.0
619 620 107.0
621 109 101.0
109 621 101.0
621 557 110.0
557 621 110.0
621 589 209.0
589 621 209.0
621 613 110.0
613 621 110.0
621 617 101.0
617 621 101.0
622 110 107.0
110 622 107.0
622 558 103.0
558 622 103.0
622 590 108.0
590 622 108.0
622 614 105.0
614 622 105.0
622 618 105.0
618 622 105.0
622 621 103.0
621 622 103.0
623 111 104.0
111 623 104.0
623 559 106.0
559 623 106.0
623 591 107.0
591 623 107.0
623 615 109.0
615 623 109.0
623 619 102.0
619 623 102.0
623 621 110.0
621 623 110.0
624 112 105.0
112 624 105.0
624 560 108.0
560 624 108.0
624 592 202.0
592 624 202.0
624 616 106.0
616 624 106.0
624 620 110.0
620 624 110.0
624 622 103.0
622 624 103.0
624 623 103.0
623 624 103.0
625 113 206.0
113 625 206.0
625 561 102.0
561 625 102.0
625 593 103.0
593 625 103.0
625 609 101.0
609 625 101.0
626 114 106.0
114 626 106.0
626 562 104.0
562 626 104.0
626 594 107.0
594 626 107.0
626 610 107.0
610 626 107.0
626 625 102.0
625 626 102.0
627 115 101.0
115 627 101.0
627 563 103.0
563 627 103.0
627 595 101.0
595 627 101.0
627 611 109.0
611 627 109.0
627 625 106.0
625 627 106.0
628 116 207.0
116 628 207.0
628 564 305.0
564 628 305.0
628 596 201.0
596 628 201.0
628 612 205.0
612 628 205.0
628 626 206.0
626 628 206.0
628 627 205.0
627 628 205.0
629 117 206.0
117 629 206.0
629 565 109.0
565 629 109.0
629 597 108.0
597 629 108.0
629 613 107.0
613 629 107.0
629 625 107.0
625 629 107.0
630 118 104.0
118 630 104.0
630 566 102.0
566 630 102.0
630 598 106.0
598 630 106.0
630 614 108.0
614 630 108.0
630 626 107.0
626 630 107.0
630 629 106.0
629 630 106.0
631 119 206.0
119 631 206.0
631 567 203.0
567 631 203.0
631 599 201.0
599 631 201.0
631 615 210.0
615 631 210.0
631 627 203.0
627 631 203.0
631 629 205.0
629 631 205.0
632 120 102.0
120 632 102.0
632 568 104.0
568 632 104.0
632 600 208.0
600 632 208.0
632 616 108.0
616 632 108.0
632 628 201.0
628 632 201.0
632 630 103.0
630 632 103.0
632 631 207.0
631 632 207.0
633 121 106.0
121 633 106.0
633 569 102.0
569 633 102.0
633 601 107.0
601 633 107.0
633 617 101.0
617 633 101.0
633 625 104.0
625 633 104.0
634 122 109.0
122 634 109.0
634 570 109.0
570 634 109.0
634 602 204.0
602 634 204.0
634 618 102.0
618 634 102.0
634 626 103.0
626 634 103.0
634 633 102.0
633 634 102.0
635 123 103.0
123 635 103.0
635 571 101.0
571 635 101.0
635 603 101.0
603 635 101.0
635 619 107.0
619 635 107.0
635 627 106.0
627 635 106.0
635 633 106.0
633 635 106.0
636 124 110.0
124 636 110.0
636 572 104.0
572 636 104.0
636 604 103.0
604 636 103.0
636 620 104.0
620 636 104.0
636 628 210.0
628 636 210.0
636 634 107.0
634 636 107.0
636 635 104.0
635 636 104.0
637 125 106.0
125 637 106.0
637 573 108.0
573 637 108.0
637 605 110.0
605 637 110.0
637 621 104.0
621 637 104.0
637 629 107.0
629 637 107.0
637 633 109.0
633 637 109.0
638 126 103.0
126 638 103.0
638 574 102.0
574 638 102.0
638 606 110.0
606 638 110.0
638 622 107.0
622 638 107.0
638 630 106.0
630 638 106.0
638 634 107.0
634 638 107.0
638 637 110.0
637 638 110.0
639 127 105.0
127 639 105.0
639 575 206.0
575 639 206.0
639 607 103.0
607 639 103.0
639 623 103.0
623 639 103.0
639 631 208.0
631 639 208.0
639 635 110.0
635 639 110.0
639 637 109.0
637 639 109.0
640 128 103.0
128 640 103.0
640 576 106.0
576 640 106.0
640 608 110.0
608 640 110.0
640 624 102.0
624 640 102.0
640 632 102.0
632 640 102.0
640 636 101.0
636 640 101.0
640 638 105.0
638 640 105.0
640 639 106.0
639 640 106.0
641 129 106.0
129 641 106.0
641 513 102.0
513 641 102.0
642 130 108.0
130 642 108.0
642 514 104.0
514 642 104.0
642 641 103.0
641 642 103.0
643 131 101.0
131 643 101.0
643 515 103.0
515 643 103.0
643 641 104.0
641 643 104.0
644 132 204.0
132 644 204.0
644 516 109.0
516 644 109.0
644 642 110.0
642 644 110.0
644 643 104.0
643 644 104.0
645 133 208.0
133 645 208.0
645 517 110.0
517 645 110.0
645 641 103.0
641 645 103.0
646 134 107.0
134 646 107.0
646 518 102.0
518 646 102.0
646 642 103.0
642 646 103.0
646 645 102.0
645 646 102.0
647 135 105.0
135 647 105.0
647 519 102.0
519 647 102.0
647 643 105.0
643 647 105.0
647 645 102.0
645 647 102.0
648 136 203.0
136 648 203.0
648 520 209.0
520 648 209.0
648 644 203.0
644 648 203.0
648 646 210.0
646 648 210.0
648 647 205.0
647 648 205.0
649 137 108.0
137 649 108.0
649 521 105.0
521 649 105.0
649 641 109.0
641 649 109.0
650 138 204.0
138 650 204.0
650 522 209.0
522 650 209.0
650 642 210.0
642 650 210.0
650 649 203.0
649 650 203.0
651 139 107.0
139 651 107.0
651 523 201.0
523 651 201.0
651 643 103.0
643 651 103.0
651 649 104.0
649 651 104.0
652 140 105.0
140 652 105.0
652 524 104.0
524 652 104.0
652 644 101.0
644 652 101.0
652 650 209.0
650 652 209.0
652 651 110.0
651 652 110.0
653 141 110.0
141 653 110.0
653 525 103.0
525 653 103.0
653 645 106.0
645 653 106.0
653 649 110.0
649 653 110.0
654 142 102.0
142 654 102.0
654 526 110.0
526 654 110.0
654 646 110.0
646 654 110.0
654 650 205.0
650 654 205.0
654 653 108.0
653 654 108.0
655 143 109.0
143 655 109.0
655 527 109.0
527 655 109.0
655 647 105.0
647 655 105.0
655 651 105.0
651 655 105.0
655 653 107.0
653 655 107.0
656 144 205.0
144 656 205.0
656 528 106.0
528 656 106.0
656 648 209.0
648 656 209.0
656 652 109.0
652 656 109.0
656 654 108.0
654 656 108.0
656 655 110.0
655 656 110.0
657 145 109.0
145 657 109.0
657 529 109.0
529 657 109.0
657 641 109.0
641 657 109.0
658 146 106.0
146 658 106.0
658 530 104.0
530 658 104.0
658 642 106.0
642 658 106.0
658 657 105.0
657 658 105.0
659 147 104.0
147 659 104.0
659 531 105.0
531 659 105.0
659 643 107.0
643 659 107.0
659 657 105.0
657 659 105.0
660 148 110.0
148 660 110.0
660 532 103.0
532 660 103.0
660 644 107.0
644 660 107.0
660 658 109.0
658 660 109.0
660 659 101.0
659 660 101.0
661 149 106.0
149 661 106.0
661 533 108.0
533 661 108.0
661 645 108.0
645 661 108.0
661 657 106.0
657 661 106.0
662 150 202.0
150 662 202.0
662 534 301.0
534 662 301.0
662 646 205.0
646 662 205.0
662 658 210.0
658 662 210.0
662 661 208.0
661 662 208.0
663 151 104.0
151 663 104.0
663 535 102.0
535 663 102.0
663 647 104.0
647 663 104.0
663 659 101.0
659 663 101.0
663 661 109.0
661 663 109.0
664 152 104.0
152 664 104.0
664 536 105.0
536 664 105.0
664 648 203.0
648 664 203.0
664 660 109.0
660 664 109.0
664 662 210.0
662 664 210.0
664 663 101.0
663 664 101.0
665 153 208.0
153 665 208.0
665 537 107.0
537 665 107.0
665 649 106.0
649 665 106.0
665 657 105.0
657 665 105.0
666 154 105.0
154 666 105.0
666 538 109.0
538 666 109.0
666 650 207.0
650 666 207.0
666 658 104.0
658 666 104.0
666 665 109.0
665 666 109.0
667 155 108.0
155 667 108.0
667 539 105.0
539 667 105.0
667 651 107.0
651 667 107.0
667 659 106.0
659 667 106.0
667 665 103.0
665 667 103.0
668 156 207.0
156 668 207.0
668 540 210.0
540 668 210.0
668 652 210.0
652 668 210.0
668 660 207.0
660 668 207.0
668 666 207.0
666 668 207.0
668 667 207.0
667 668 207.0
669 157 103.0
157 669 103.0
669 541 105.0
541 669 105.0
669 653 110.0
653 669 110.0
669 661 109.0
661 669 109.0
669 665 105.0
665 669 105.0
670 158 101.0
158 670 101.0
670 542 110.0
542 670 110.0
670 654 106.0
654 670 106.0
670 662 210.0
662 670 210.0
670 666 104.0
666 670 104.0
670 669 106.0
669 670 106.0
671 159 110.0
159 671 110.0
671 543 102.0
543 671 102.0
671 655 104.0
655 671 104.0
671 663 110.0
663 671 110.0
671 667 110.0
667 671 110.0
671 669 109.0
669 671 109.0
672 160 108.0
160 672 108.0
672 544 108.0
544 672 108.0
672 656 106.0
656 672 106.0
672 664 105.0
664 672 105.0
672 668 202.0
668 672 202.0
672 670 102.0
670 672 102.0
672 671 105.0
671 672 105.0
673 161 104.0
161 673 104.0
673 545 206.0
545 673 206.0
673 641 105.0
641 673 105.0
674 162 108.0
162 674 108.0
674 546 107.0
546 674 107.0
674 642 101.0
642 674 101.0
674 673 105.0
673 674 105.0
675 163 205.0
163 675 205.0
675 547 205.0
547 675 205.0
675 643 209.0
643 675 209.0
675 673 208.0
673 675 208.0
676 164 102.0
164 676 102.0
676 548 103.0
548 676 103.0
676 644 105.0
644 676 105.0
676 674 106.0
674 676 106.0
676 675 208.0
675 676 208.0
677 165 101.0
165 677 101.0
677 549 108.0
549 677 108.0
677 645 104.0
645 677 104.0
677 673 102.0
673 677 102.0
678 166 106.0
166 678 106.0
678 550 104.0
550 678 104.0
678 646 109.0
646 678 109.0
678 674 102.0
674 678 102.0
678 677 104.0
677 678 104.0
679 167 103.0
167 679 103.0
679 551 108.0
551 679 108.0
679 647 110.0
647 679 110.0
679 675 206.0
675 679 206.0
679 677 107.0
677 679 107.0
680 168 101.0
168 680 101.0
680 552 201.0
552 680 201.0
680 648 210.0
648 680 210.0
680 676 104.0
676 680 104.0
680 678 102.0
678 680 102.0
680 679 108.0
679 680 108.0
681 169 101.0
169 681 101.0
681 553 109.0
553 681 109.0
681 649 107.0
649 681 107.0
681 673 108.0
673 681 108.0
682 170 110.0
170 682 110.0
682 554 101.0
554 682 101.0
682 650 207.0
650 682 207.0
682 674 107.0
674 682 107.0
682 681 108.0
681 682 108.0
683 171 209.0
171 683 209.0
683 555 105.0
555 683 105.0
683 651 105.0
651 683 105.0
683 675 206.0
675 683 206.0
683 681 107.0
681 683 107.0
684 172 109.0
172 684 109.0
684 556 104.0
556 684 104.0
684 652 103.0
652 684 103.0
684 676 108.0
676 684 108.0
684 682 109.0
682 684 109.0
684 683 106.0
683 684 106.0
685 173 204.0
173 685 204.0
685 557 205.0
557 685 205.0
685 653 209.0
653 685 209.0
685 677 206.0
677 685 206.0
685 681 201.0
681 685 201.0
686 174 109.0
174 686 109.0
686 558 102.0
558 686 102.0
686 654 104.0
654 686 104.0
686 678 104.0
678 686 104.0
686 682 101.0
682 686 101.0
686 685 206.0
685 686 206.0
687 175 108.0
175 687 108.0
687 559 104.0
559 687 104.0
687 655 102.0
655 687 102.0
687 679 105.0
679 687 105.0
687 683 109.0
683 687 109.0
687 685 207.0
685 687 207.0
688 176 109.0
176 688 109.0
688 560 105.0
560 688 105.0
688 656 103.0
656 688 103.0
688 680 107.0
680 688 107.0
688 684 101.0
684 688 101.0
688 686 105.0
686 688 105.0
688 687 104.0
687 688 104.0
689 177 106.0
177 689 106.0
689 561 109.0
561 689 109.0
689 657 110.0
657 689 110.0
689 673 108.0
673 689 108.0
690 178 103.0
178 690 103.0
690 562 109.0
562 690 109.0
690 658 107.0
658 690 107.0
690 674 110.0
674 690 110.0
690 689 102.0
689 690 102.0
691 179 106.0
179 691 106.0
691 563 105.0
563 691 105.0
691 659 103.0
659 691 103.0
691 675 208.0
675 691 208.0
691 689 106.0
689 691 106.0
692 180 104.0
180 692 104.0
692 564 210.0
564 692 210.0
692 660 105.0
660 692 105.0
692 676 107.0
676 692 107.0
692 690 107.0
690 692 107.0
692 691 106.0
691 692 106.0
693 181 108.0
181 693 108.0
693 565 103.0
565 693 103.0
693 661 107.0
661 693 107.0
693 677 102.0
677 693 102.0
693 689 110.0
689 693 110.0
694 182 101.0
182 694 101.0
694 566 105.0
566 694 105.0
694 662 202.0
662 694 202.0
694 678 101.0
678 694 101.0
694 690 107.0
690 694 107.0
694 693 102.0
693 694 102.0
695 183 204.0
183 695 204.0
695 567 105.0
567 695 105.0
695 663 101.0
663 695 101.0
695 679 102.0
679 695 102.0
695 691 101.0
691 695 101.0
695 693 107.0
693 695 107.0
696 184 204.0
184 696 204.0
696 568 103.0
568 696 103.0
696 664 106.0
664 696 106.0
696 680 105.0
680 696 105.0
696 692 110.0
692 696 110.0
696 694 101.0
694 696 101.0
696 695 108.0
695 696 108.0
697 185 103.0
185 697 103.0
697 569 102.0
569 697 102.0
697 665 101.0
665 697 101.0
697 681 106.0
681 697 106.0
697 689 110.0
689 697 110.0
698 186 204.0
186 698 204.0
698 570 109.0
570 698 109.0
698 666 103.0
666 698 103.0
698 682 109.0
682 698 109.0
698 690 101.0
690 698 101.0
698 697 103.0
697 698 103.0
699 187 109.0
187 699 109.0
699 571 110.0
571 699 110.0
699 667 104.0
667 699 104.0
699 683 108.0
683 699 108.0
699 691 102.0
691 699 102.0
699 697 103.0
697 699 103.0
700 188 106.0
188 700 106.0
700 572 107.0
572 700 107.0
700 668 205.0
668 700 205.0
700 684 103.0
684 700 103.0
700 692 106.0
692 700 106.0
700 698 107.0
698 700 107.0
700 699 109.0
699 700 109.0
701 189 207.0
189 701 207.0
701 573 201.0
573 701 201.0
701 669 202.0
669 701 202.0
701 685 308.0
685 701 308.0
701 693 209.0
693 701 209.0
701 697 202.0
697 701 202.0
702 190 107.0
190 702 107.0
702 574 106.0
574 702 106.0
702 670 103.0
670 702 103.0
702 686 102.0
686 702 102.0
702 694 108.0
694 702 108.0
702 698 103.0
698 702 103.0
702 701 210.0
701 702 210.0
703 191 109.0
191 703 109.0
703 575 203.0
575 703 203.0
703 671 103.0
671 703 103.0
703 687 107.0
687 703 107.0
703 695 107.0
695 703 107.0
703 699 109.0
699 703 109.0
703 701 207.0
701 703 207.0
704 192 105.0
192 704 105.0
704 576 106.0
576 704 106.0
704 672 106.0
672 704 106.0
704 688 105.0
688 704 105.0
704 696 105.0
696 704 105.0
704 700 109.0
700 704 109.0
704 702 109.0
702 704 109.0
704 703 107.0
703 704 107.0
705 193 102.0
193 705 102.0
705 577 104.0
577 705 104.0
705 641 102.0
641 705 102.0
706 194 103.0
194 706 103.0
706 578 208.0
578 706 208.0
706 642 110.0
642 706 110.0
706 705 109.0
705 706 109.0
707 195 203.0
195 707 203.0
707 579 208.0
579 707 208.0
707 643 206.0
643 707 206.0
707 705 203.0
705 707 203.0
708 196 105.0
196 708 105.0
708 580 108.0
580 708 108.0
708 644 109.0
644 708 109.0
708 706 101.0
706 708 101.0
708 707 207.0
707 708 207.0
709 197 107.0
197 709 107.0
709 581 106.0
581 709 106.0
709 645 108.0
645 709 108.0
709 705 108.0
705 709 108.0
710 198 105.0
198 710 105.0
710 582 106.0
582 710 106.0
710 646 110.0
646 710 110.0
710 706 102.0
706 710 102.0
710 709 108.0
709 710 108.0
711 199 108.0
199 711 108.0
711 583 208.0
583 711 208.0
711 647 108.0
647 711 108.0
711 707 204.0
707 711 204.0
711 709 107.0
709 711 107.0
712 200 101.0
200 712 101.0
712 584 106.0
584 712 106.0
712 648 207.0
648 712 207.0
712 708 102.0
708 712 102.0
712 710 104.0
710 712 104.0
712 711 103.0
711 712 103.0
713 201 202.0
201 713 202.0
713 585 107.0
585 713 107.0
713 649 108.0
649 713 108.0
713 705 104.0
705 713 104.0
714 202 109.0
202 714 109.0
714 586 108.0
586 714 108.0
714 650 204.0
650 714 204.0
714 706 108.0
706 714 108.0
714 713 109.0
713 714 109.0
715 203 105.0
203 715 105.0
715 587 109.0
587 715 109.0
715 651 110.0
651 715 110.0
715 707 208.0
707 715 208.0
715 713 107.0
713 715 107.0
716 204 107.0
204 716 107.0
716 588 104.0
588 716 104.0
716 652 101.0
652 716 101.0
716 708 109.0
708 716 109.0
716 714 101.0
714 716 101.0
716 715 110.0
715 716 110.0
717 205 108.0
205 717 108.0
717 589 206.0
589 717 206.0
717 653 107.0
653 717 107.0
717 709 109.0
709 717 109.0
717 713 104.0
713 717 104.0
718 206 106.0
206 718 106.0
718 590 101.0
590 718 101.0
718 654 104.0
654 718 104.0
718 710 108.0
710 718 108.0
718 714 109.0
714 718 109.0
718 717 107.0
717 718 107.0
719 207 109.0
207 719 109.0
719 591 110.0
591 719 110.0
719 655 102.0
655 719 102.0
719 711 110.0
711 719 110.0
719 715 103.0
715 719 103.0
719 717 102.0
717 719 102.0
720 208 103.0
208 720 103.0
720 592 207.0
592 720 207.0
720 656 107.0
656 720 107.0
720 712 102.0
712 720 102.0
720 716 104.0
716 720 104.0
720 718 103.0
718 720 103.0
720 719 109.0
719 720 109.0
721 209 106.0
209 721 106.0
721 593 102.0
593 721 102.0
721 657 105.0
657 721 105.0
721 705 105.0
705 721 105.0
722 210 201.0
210 722 201.0
722 594 103.0
594 722 103.0
722 658 103.0
658 722 103.0
722 706 102.0
706 722 102.0
722 721 110.0
721 722 110.0
723 211 208.0
211 723 208.0
723 595 208.0
595 723 208.0
723 659 208.0
659 723 208.0
723 707 303.0
707 723 303.0
723 721 209.0
721 723 209.0
724 212 208.0
212 724 208.0
724 596 102.0
596 724 102.0
724 660 103.0
660 724 103.0
724 708 103.0
708 724 103.0
724 722 110.0
722 724 110.0
724 723 206.0
723 724 206.0
725 213 109.0
213 725 109.0
725 597 104.0
597 725 104.0
725 661 101.0
661 725 101.0
725 709 109.0
709 725 109.0
725 721 102.0
721 725 102.0
726 214 106.0
214 726 106.0
726 598 106.0
598 726 106.0
726 662 210.0
662 726 210.0
726 710 107.0
710 726 107.0
726 722 105.0
722 726 105.0
726 725 110.0
725 726 110.0
727 215 103.0
215 727 103.0
727 599 103.0
599 727 103.0
727 663 108.0
663 727 108.0
727 711 102.0
711 727 102.0
727 723 209.0
723 727 209.0
727 725 109.0
725 727 109.0
728 216 101.0
216 728 101.0
728 600 209.0
600 728 209.0
728 664 103.0
664 728 103.0
728 712 103.0
712 728 103.0
728 724 104.0
724 728 104.0
728 726 107.0
726 728 107.0
728 727 101.0
727 728 101.0
729 217 105.0
217 729 105.0
729 601 102.0
601 729 102.0
729 665 109.0
665 729 109.0
729 713 108.0
713 729 108.0
729 721 106.0
721 729 106.0
730 218 109.0
218 730 109.0
730 602 201.0
602 730 201.0
730 666 109.0
666 730 109.0
730 714 108.0
714 730 108.0
730 722 107.0
722 730 107.0
730 729 107.0
729 730 107.0
731 219 110.0
219 731 110.0
731 603 105.0
603 731 105.0
731 667 106.0
667 731 106.0
731 715 109.0
715 731 109.0
731 723 209.0
723 731 209.0
731 729 106.0
729 731 106.0
732 220 107.0
220 732 107.0
732 604 102.0
604 732 102.0
732 668 205.0
668 732 205.0
732 716 104.0
716 732 104.0
732 724 105.0
724 732 105.0
732 730 103.0
730 732 103.0
732 731 102.0
731 732 102.0
733 221 101.0
221 733 101.0
733 605 101.0
605 733 101.0
733 669 103.0
669 733 103.0
733 717 106.0
717 733 106.0
733 725 106.0
725 733 106.0
733 729 110.0
729 733 110.0
734 222 209.0
222 734 209.0
734 606 202.0
606 734 202.0
734 670 202.0
670 734 202.0
734 718 205.0
718 734 205.0
734 726 204.0
726 734 204.0
734 730 202.0
730 734 202.0
734 733 208.0
733 734 208.0
735 223 203.0
223 735 203.0
735 607 106.0
607 735 106.0
735 671 102.0
671 735 102.0
735 719 108.0
719 735 108.0
735 727 103.0
727 735 103.0
735 731 110.0
731 735 110.0
735 733 102.0
733 735 102.0
736 224 107.0
224 736 107.0
736 608 101.0
608 736 101.0
736 672 102.0
672 736 102.0
736 720 106.0
720 736 106.0
736 728 109.0
728 736 109.0
736 732 110.0
732 736 110.0
736 734 206.0
734 736 206.0
736 735 101.0
735 736 101.0
737 225 107.0
225 737 107.0
737 609 109.0
609 737 109.0
737 673 101.0
673 737 101.0
737 705 104.0
705 737 104.0
738 226 208.0
226 738 208.0
738 610 110.0
610 738 110.0
738 674 108.0
674 738 108.0
738 706 110.0
706 738 110.0
738 737 103.0
737 738 103.0
739 227 103.0
227 739 103.0
739 611 110.0
611 739 110.0
739 675 201.0
675 739 201.0
739 707 202.0
707 739 202.0
739 737 104.0
737 739 104.0
740 228 101.0
228 740 101.0
740 612 103.0
612 740 103.0
740 676 102.0
676 740 102.0
740 708 107.0
708 740 107.0
740 738 102.0
738 740 102.0
740 739 103.0
739 740 103.0
741 229 104.0
229 741 104.0
741 613 102.0
613 741 102.0
741 677 106.0
677 741 106.0
741 709 101.0
709 741 101.0
741 737 102.0
737 741 102.0
742 230 205.0
230 742 205.0
742 614 204.0
614 742 204.0
742 678 207.0
678 742 207.0
742 710 201.0
710 742 201.0
742 738 208.0
738 742 208.0
742 741 206.0
741 742 206.0
743 231 101.0
231 743 101.0
743 615 106.0
615 743 106.0
743 679 108.0
679 743 108.0
743 711 104.0
711 743 104.0
743 739 110.0
739 743 110.0
743 741 102.0
741 743 102.0
744 232 203.0
232 744 203.0
744 616 103.0
616 744 103.0
744 680 102.0
680 744 102.0
744 712 110.0
712 744 110.0
744 740 105.0
740 744 105.0
744 742 205.0
742 744 205.0
744 743 110.0
743 744 110.0
745 233 104.0
233 745 104.0
745 617 109.0
617 745 109.0
745 681 102.0
681 745 102.0
745 713 110.0
713 745 110.0
745 737 108.0
737 745 108.0
746 234 110.0
234 746 110.0
746 618 107.0
618 746 107.0
746 682 107.0
682 746 107.0
746 714 103.0
714 746 103.0
746 738 104.0
738 746 104.0
746 745 102.0
745 746 102.0
747 235 106.0
235 747 106.0
747 619 105.0
619 747 105.0
747 683 108.0
683 747 108.0
747 715 109.0
715 747 109.0
747 739 108.0
739 747 108.0
747 745 103.0
745 747 103.0
748 236 207.0
236 748 207.0
748 620 208.0
620 748 208.0
748 684 205.0
684 748 205.0
748 716 204.0
716 748 204.0
748 740 209.0
740 748 209.0
748 746 209.0
746 748 209.0
748 747 206.0
747 748 206.0
749 237 202.0
237 749 202.0
749 621 109.0
621 749 109.0
749 685 201.0
685 749 201.0
749 717 110.0
717 749 110.0
749 741 102.0
741 749 102.0
749 745 104.0
745 749 104.0
750 238 108.0
238 750 108.0
750 622 101.0
622 750 101.0
750 686 102.0
686 750 102.0
750 718 105.0
718 750 105.0
750 742 207.0
742 750 207.0
750 746 103.0
746 750 103.0
750 749 105.0
749 750 105.0
751 239 110.0
239 751 110.0
751 623 104.0
623 751 104.0
751 687 101.0
687 751 101.0
751 719 105.0
719 751 105.0
751 743 106.0
743 751 106.0
751 747 105.0
747 751 105.0
751 749 102.0
749 751 102.0
752 240 110.0
240 752 110.0
752 624 107.0
624 752 107.0
752 688 101.0
688 752 101.0
752 720 102.0
720 752 102.0
752 744 108.0
744 752 108.0
752 748 207.0
748 752 207.0
752 750 110.0
750 752 110.0
752 751 102.0
751 752 102.0
753 241 209.0
241 753 209.0
753 625 203.0
625 753 203.0
753 689 202.0
689 753 202.0
753 721 203.0
721 753 203.0
753 737 209.0
737 753 209.0
754 242 101.0
242 754 101.0
754 626 108.0
626 754 108.0
754 690 108.0
690 754 108.0
754 722 108.0
722 754 108.0
754 738 108.0
738 754 108.0
754 753 204.0
753 754 204.0
755 243 108.0
243 755 108.0
755 627 103.0
627 755 103.0
755 691 109.0
691 755 109.0
755 723 209.0
723 755 209.0
755 739 103.0
739 755 103.0
755 753 210.0
753 755 210.0
756 244 102.0
244 756 102.0
756 628 204.0
628 756 204.0
756 692 109.0
692 756 109.0
756 724 105.0
724 756 105.0
756 740 106.0
740 756 106.0
756 754 101.0
754 756 101.0
756 755 103.0
755 756 103.0
757 245 102.0
245 757 102.0
757 629 108.0
629 757 108.0
757 693 110.0
693 757 110.0
757 725 101.0
725 757 101.0
757 741 108.0
741 757 108.0
757 753 209.0
753 757 209.0
758 246 104.0
246 758 104.0
758 630 105.0
630 758 105.0
758 694 104.0
694 758 104.0
758 726 101.0
726 758 101.0
758 742 202.0
742 758 202.0
758 754 110.0
754 758 110.0
758 757 102.0
757 758 102.0
759 247 102.0
247 759 102.0
759 631 208.0
631 759 208.0
759 695 106.0
695 759 106.0
759 727 108.0
727 759 108.0
759 743 107.0
743 759 107.0
759 755 103.0
755 759 103.0
759 757 102.0
757 759 102.0
760 248 101.0
248 760 101.0
760 632 108.0
632 760 108.0
760 696 107.0
696 760 107.0
760 728 109.0
728 760 109.0
760 744 104.0
744 760 104.0
760 756 108.0
756 760 108.0
760 758 106.0
758 760 106.0
760 759 106.0
759 760 106.0
761 249 205.0
249 761 205.0
761 633 202.0
633 761 202.0
761 697 208.0
697 761 208.0
761 729 203.0
729 761 203.0
761 745 207.0
745 761 207.0
761 753 302.0
753 761 302.0
762 250 101.0
250 762 101.0
762 634 102.0
634 762 102.0
762 698 103.0
698 762 103.0
762 730 108.0
730 762 108.0
762 746 101.0
746 762 101.0
762 754 107.0
754 762 107.0
762 761 207.0
761 762 207.0
763 251 110.0
251 763 110.0
763 635 103.0
635 763 103.0
763 699 103.0
699 763 103.0
763 731 103.0
731 763 103.0
763 747 104.0
747 763 104.0
763 755 103.0
755 763 103.0
763 761 206.0
761 763 206.0
764 252 109.0
252 764 109.0
764 636 103.0
636 764 103.0
764 700 106.0
700 764 106.0
764 732 103.0
732 764 103.0
764 748 210.0
748 764 210.0
764 756 102.0
756 764 102.0
764 762 101.0
762 764 101.0
764 763 109.0
763 764 109.0
765 253 101.0
253 765 101.0
765 637 102.0
637 765 102.0
765 701 202.0
701 765 202.0
765 733 107.0
733 765 107.0
765 749 108.0
749 765 108.0
765 757 105.0
757 765 105.0
765 761 201.0
761 765 201.0
766 254 109.0
254 766 109.0
766 638 106.0
638 766 106.0
766 702 108.0
702 766 108.0
766 734 201.0
734 766 201.0
766 750 102.0
750 766 102.0
766 758 107.0
758 766 107.0
766 762 110.0
762 766 110.0
766 765 109.0
765 766 109.0
767 255 106.0
255 767 106.0
767 639 108.0
639 767 108.0
767 703 106.0
703 767 106.0
767 735 106.0
735 767 106.0
767 751 101.0
751 767 101.0
767 759 105.0
759 767 105.0
767 763 104.0
763 767 104.0
767 765 107.0
765 767 107.0
768 256 205.0
256 768 205.0
768 640 203.0
640 768 203.0
768 704 201.0
704 768 201.0
768 736 208.0
736 768 208.0
768 752 208.0
752 768 208.0
768 760 206.0
760 768 206.0
768 764 209.0
764 768 209.0
768 766 201.0
766 768 201.0
768 767 202.0
767 768 202.0
769 257 105.0
257 769 105.0
769 513 101.0
513 769 101.0
770 258 105.0
258 770 105.0
770 514 105.0
514 770 105.0
770 769 105.0
769 770 105.0
771 259 110.0
259 771 110.0
771 515 110.0
515 771 110.0
771 769 104.0
769 771 104.0
772 260 201.0
260 772 201.0
772 516 203.0
516 772 203.0
772 770 204.0
770 772 204.0
772 771 205.0
771 772 205.0
773 261 104.0
261 773 104.0
773 517 108.0
517 773 108.0
773 769 104.0
769 773 104.0
774 262 107.0
262 774 107.0
774 518 104.0
518 774 104.0
774 770 106.0
770 774 106.0
774 773 105.0
773 774 105.0
775 263 109.0
263 775 109.0
775 519 101.0
519 775 101.0
775 771 108.0
771 775 108.0
775 773 108.0
773 775 108.0
776 264 109.0
264 776 109.0
776 520 109.0
520 776 109.0
776 772 209.0
772 776 209.0
776 774 102.0
774 776 102.0
776 775 105.0
775 776 105.0
777 265 108.0
265 777 108.0
777 521 110.0
521 777 110.0
777 769 105.0
769 777 105.0
778 266 210.0
266 778 210.0
778 522 109.0
522 778 109.0
778 770 101.0
770 778 101.0
778 777 108.0
777 778 108.0
779 267 101.0
267 779 101.0
779 523 210.0
523 779 210.0
779 771 110.0
771 779 110.0
779 777 104.0
777 779 104.0
780 268 103.0
268 780 103.0
780 524 104.0
524 780 104.0
780 772 207.0
772 780 207.0
780 778 109.0
778 780 109.0
780 779 102.0
779 780 102.0
781 269 107.0
269 781 107.0
781 525 106.0
525 781 106.0
781 773 104.0
773 781 104.0
781 777 109.0
777 781 109.0
782 270 109.0
270 782 109.0
782 526 104.0
526 782 104.0
782 774 107.0
774 782 107.0
782 778 107.0
778 782 107.0
782 781 101.0
781 782 101.0
783 271 204.0
271 783 204.0
783 527 104.0
527 783 104.0
783 775 105.0
775 783 105.0
783 779 105.0
779 783 105.0
783 781 105.0
781 783 105.0
784 272 109.0
272 784 109.0
784 528 109.0
528 784 109.0
784 776 102.0
776 784 102.0
784 780 110.0
780 784 110.0
784 782 109.0
782 784 109.0
784 783 109.0
783 784 109.0
785 273 202.0
273 785 202.0
785 529 205.0
529 785 205.0
785 769 201.0
769 785 201.0
786 274 103.0
274 786 103.0
786 530 103.0
530 786 103.0
786 770 102.0
770 786 102.0
786 785 202.0
785 786 202.0
787 275 203.0
275 787 203.0
787 531 101.0
531 787 101.0
787 771 107.0
771 787 107.0
787 785 207.0
785 787 207.0
788 276 109.0
276 788 109.0
788 532 101.0
532 788 101.0
788 772 210.0
772 788 210.0
788 786 105.0
786 788 105.0
788 787 105.0
787 788 105.0
789 277 108.0
277 789 108.0
789 533 108.0
533 789 108.0
789 773 101.0
773 789 101.0
789 785 210.0
785 789 210.0
790 278 109.0
278 790 109.0
790 534 206.0
534 790 206.0
790 774 103.0
774 790 103.0
790 786 105.0
786 790 105.0
790 789 110.0
789 790 110.0
791 279 104.0
279 791 104.0
791 535 107.0
535 791 107.0
791 775 110.0
775 791 110.0
791 787 108.0
787 791 108.0
791 789 102.0
789 791 102.0
792 280 207.0
280 792 207.0
792 536 109.0
536 792 109.0
792 776 108.0
776 792 108.0
792 788 109.0
788 792 109.0
792 790 108.0
790 792 108.0
792 791 102.0
791 792 102.0
793 281 107.0
281 793 107.0
793 537 108.0
537 793 108.0
793 777 103.0
777 793 103.0
793 785 204.0
785 793 204.0
794 282 106.0
282 794 106.0
794 538 104.0
538 794 104.0
794 778 109.0
778 794 109.0
794 786 104.0
786 794 104.0
794 793 101.0
793 794 101.0
795 283 102.0
283 795 102.0
795 539 103.0
539 795 103.0
795 779 106.0
779 795 106.0
795 787 108.0
787 795 108.0
795 793 110.0
793 795 110.0
796 284 101.0
284 796 101.0
796 540 107.0
540 796 107.0
796 780 104.0
780 796 104.0
796 788 109.0
788 796 109.0
796 794 105.0
794 796 105.0
796 795 107.0
795 796 107.0
797 285 108.0
285 797 108.0
797 541 103.0
541 797 103.0
797 781 108.0
781 797 108.0
797 789 103.0
789 797 103.0
797 793 104.0
793 797 104.0
798 286 103.0
286 798 103.0
798 542 109.0
542 798 109.0
798 782 110.0
782 798 110.0
798 790 110.0
790 798 110.0
798 794 103.0
794 798 103.0
798 797 109.0
797 798 109.0
799 287 102.0
287 799 102.0
799 543 108.0
543 799 108.0
799 783 110.0
783 799 110.0
799 791 104.0
791 799 104.0
799 795 102.0
795 799 102.0
799 797 108.0
797 799 108.0
800 288 202.0
288 800 202.0
800 544 202.0
544 800 202.0
800 784 207.0
784 800 207.0
800 792 209.0
792 800 209.0
800 796 203.0
796 800 203.0
800 798 204.0
798 800 204.0
800 799 205.0
799 800 205.0
801 289 101.0
289 801 101.0
801 545 206.0
545 801 206.0
801 769 109.0
769 801 109.0
802 290 109.0
290 802 109.0
802 546 108.0
546 802 108.0
802 770 107.0
770 802 107.0
802 801 104.0
801 802 104.0
803 291 104.0
291 803 104.0
803 547 102.0
547 803 102.0
803 771 110.0
771 803 110.0
803 801 101.0
801 803 101.0
804 292 109.0
292 804 109.0
804 548 110.0
548 804 110.0
804 772 208.0
772 804 208.0
804 802 108.0
802 804 108.0
804 803 101.0
803 804 101.0
805 293 105.0
293 805 105.0
805 549 101.0
549 805 101.0
805 773 106.0
773 805 106.0
805 801 107.0
801 805 107.0
806 294 102.0
294 806 102.0
806 550 105.0
550 806 105.0
806 774 103.0
774 806 103.0
806 802 108.0
802 806 108.0
806 805 106.0
805 806 106.0
807 295 202.0
295 807 202.0
807 551 203.0
551 807 203.0
807 775 209.0
775 807 209.0
807 803 207.0
803 807 207.0
807 805 206.0
805 807 206.0
808 296 203.0
296 808 203.0
808 552 208.0
552 808 208.0
808 776 106.0
776 808 106.0
808 804 108.0
804 808 108.0
808 806 104.0
806 808 104.0
808 807 204.0
807 808 204.0
809 297 201.0
297 809 201.0
809 553 102.0
553 809 102.0
809 777 108.0
777 809 108.0
809 801 101.0
801 809 101.0
810 298 102.0
298 810 102.0
810 554 109.0
554 810 109.0
810 778 102.0
778 810 102.0
810 802 107.0
802 810 107.0
810 809 102.0
809 810 102.0
811 299 102.0
299 811 102.0
811 555 103.0
555 811 103.0
811 779 110.0
779 811 110.0
811 803 102.0
803 811 102.0
811 809 102.0
809 811 102.0
812 300 102.0
300 812 102.0
812 556 109.0
556 812 109.0
812 780 101.0
780 812 101.0
812 804 101.0
804 812 101.0
812 810 101.0
810 812 101.0
812 811 106.0
811 812 106.0
813 301 108.0
301 813 108.0
813 557 108.0
557 813 108.0
813 781 106.0
781 813 106.0
813 805 109.0
805 813 109.0
813 809 104.0
809 813 104.0
814 302 208.0
302 814 208.0
814 558 208.0
558 814 208.0
814 782 203.0
782 814 203.0
814 806 208.0
806 814 208.0
814 810 206.0
810 814 206.0
814 813 203.0
813 814 203.0
815 303 106.0
303 815 106.0
815 559 108.0
559 815 108.0
815 783 105.0
783 815 105.0
815 807 201.0
807 815 201.0
815 811 104.0
811 815 104.0
815 813 106.0
813 815 106.0
816 304 109.0
304 816 109.0
816 560 103.0
560 816 103.0
816 784 101.0
784 816 101.0
816 808 105.0
808 816 105.0
816 812 101.0
812 816 101.0
816 814 209.0
814 816 209.0
816 815 107.0
815 816 107.0
817 305 106.0
305 817 106.0
817 561 102.0
561 817 102.0
817 785 202.0
785 817 202.0
817 801 101.0
801 817 101.0
818 306 108.0
306 818 108.0
818 562 103.0
562 818 103.0
818 786 102.0
786 818 102.0
818 802 103.0
802 818 103.0
818 817 110.0
817 818 110.0
819 307 206.0
307 819 206.0
819 563 106.0
563 819 106.0
819 787 109.0
787 819 109.0
819 803 103.0
803 819 103.0
819 817 106.0
817 819 106.0
820 308 103.0
308 820 103.0
820 564 209.0
564 820 209.0
820 788 109.0
788 820 109.0
820 804 107.0
804 820 107.0
820 818 105.0
818 820 105.0
820 819 106.0
819 820 106.0
821 309 207.0
309 821 207.0
821 565 105.0
565 821 105.0
821 789 101.0
789 821 101.0
821 805 110.0
805 821 110.0
821 817 107.0
817 821 107.0
822 310 101.0
310 822 101.0
822 566 108.0
566 822 108.0
822 790 107.0
790 822 107.0
822 806 110.0
806 822 110.0
822 818 107.0
818 822 107.0
822 821 105.0
821 822 105.0
823 311 109.0
311 823 109.0
823 567 105.0
567 823 105.0
823 791 102.0
791 823 102.0
823 807 203.0
807 823 203.0
823 819 101.0
819 823 101.0
823 821 110.0
821 823 110.0
824 312 102.0
312 824 102.0
824 568 105.0
568 824 105.0
824 792 106.0
792 824 106.0
824 808 107.0
808 824 107.0
824 820 108.0
820 824 108.0
824 822 105.0
822 824 105.0
824 823 110.0
823 824 110.0
825 313 109.0
313 825 109.0
825 569 110.0
569 825 110.0
825 793 103.0
793 825 103.0
825 809 109.0
809 825 109.0
825 817 101.0
817 825 101.0
826 314 204.0
314 826 204.0
826 570 205.0
570 826 205.0
826 794 207.0
794 826 207.0
826 810 205.0
810 826 205.0
826 818 210.0
818 826 210.0
826 825 209.0
825 826 209.0
827 315 110.0
315 827 110.0
827 571 104.0
571 827 104.0
827 795 107.0
795 827 107.0
827 811 104.0
811 827 104.0
827 819 103.0
819 827 103.0
827 825 103.0
825 827 103.0
828 316 109.0
316 828 109.0
828 572 107.0
572 828 107.0
828 796 105.0
796 828 105.0
828 812 104.0
812 828 104.0
828 820 107.0
820 828 107.0
828 826 205.0
826 828 205.0
828 827 108.0
827 828 108.0
829 317 106.0
317 829 106.0
829 573 101.0
573 829 101.0
829 797 104.0
797 829 104.0
829 813 107.0
813 829 107.0
829 821 108.0
821 829 108.0
829 825 106.0
825 829 106.0
830 318 102.0
318 830 102.0
830 574 107.0
574 830 107.0
830 798 102.0
798 830 102.0
830 814 201.0
814 830 201.0
830 822 102.0
822 830 102.0
830 826 202.0
826 830 202.0
830 829 108.0
829 830 108.0
831 319 102.0
319 831 102.0
831 575 209.0
575 831 209.0
831 799 105.0
799 831 105.0
831 815 105.0
815 831 105.0
831 823 110.0
823 831 110.0
831 827 110.0
827 831 110.0
831 829 109.0
829 831 109.0
832 320 103.0
320 832 103.0
832 576 109.0
576 832 109.0
832 800 210.0
800 832 210.0
832 816 104.0
816 832 104.0
832 824 101.0
824 832 101.0
832 828 101.0
828 832 101.0
832 830 101.0
830 832 101.0
832 831 105.0
831 832 105.0
833 321 106.0
321 833 106.0
833 577 104.0
577 833 104.0
833 769 106.0
769 833 106.0
834 322 107.0
322 834 107.0
834 578 209.0
578 834 209.0
834 770 105.0
770 834 105.0
834 833 110.0
833 834 110.0
835 323 105.0
323 835 105.0
835 579 107.0
579 835 107.0
835 771 108.0
771 835 108.0
835 833 103.0
833 835 103.0
836 324 102.0
324 836 102.0
836 580 103.0
580 836 103.0
836 772 202.0
772 836 202.0
836 834 110.0
834 836 110.0
836 835 108.0
835 836 108.0
837 325 107.0
325 837 107.0
837 581 108.0
581 837 108.0
837 773 107.0
773 837 107.0
837 833 108.0
833 837 108.0
838 326 202.0
326 838 202.0
838 582 101.0
582 838 101.0
838 774 103.0
774 838 103.0
838 834 109.0
834 838 109.0
838 837 107.0
837 838 107.0
839 327 109.0
327 839 109.0
839 583 201.0
583 839 201.0
839 775 107.0
775 839 107.0
839 835 102.0
835 839 102.0
839 837 105.0
837 839 105.0
840 328 206.0
328 840 206.0
840 584 106.0
584 840 106.0
840 776 103.0
776 840 103.0
840 836 104.0
836 840 104.0
840 838 110.0
838 840 110.0
840 839 107.0
839 840 107.0
841 329 104.0
329 841 104.0
841 585 103.0
585 841 103.0
841 777 106.0
777 841 106.0
841 833 103.0
833 841 103.0
842 330 102.0
330 842 102.0
842 586 104.0
586 842 104.0
842 778 102.0
778 842 102.0
842 834 108.0
834 842 108.0
842 841 101.0
841 842 101.0
843 331 107.0
331 843 107.0
843 587 106.0
587 843 106.0
843 779 103.0
779 843 103.0
843 835 102.0
835 843 102.0
843 841 110.0
841 843 110.0
844 332 101.0
332 844 101.0
844 588 109.0
588 844 109.0
844 780 105.0
780 844 105.0
844 836 101.0
836 844 101.0
844 842 109.0
842 844 109.0
844 843 105.0
843 844 105.0
845 333 210.0
333 845 210.0
845 589 307.0
589 845 307.0
845 781 208.0
781 845 208.0
845 837 206.0
837 845 206.0
845 841 205.0
841 845 205.0
846 334 105.0
334 846 105.0
846 590 102.0
590 846 102.0
846 782 110.0
782 846 110.0
846 838 106.0
838 846 106.0
846 842 106.0
842 846 106.0
846 845 209.0
845 846 209.0
847 335 109.0
335 847 109.0
847 591 108.0
591 847 108.0
847 783 102.0
783 847 102.0
847 839 101.0
839 847 101.0
847 843 106.0
843 847 106.0
847 845 202.0
845 847 202.0
848 336 110.0
336 848 110.0
848 592 201.0
592 848 201.0
848 784 101.0
784 848 101.0
848 840 107.0
840 848 107.0
848 844 101.0
844 848 101.0
848 846 107.0
846 848 107.0
848 847 101.0
847 848 101.0
849 337 103.0
337 849 103.0
849 593 109.0
593 849 109.0
849 785 202.0
785 849 202.0
849 833 101.0
833 849 101.0
850 338 201.0
338 850 201.0
850 594 108.0
594 850 108.0
850 786 110.0
786 850 110.0
850 834 105.0
834 850 105.0
850 849 105.0
849 850 105.0
851 339 107.0
339 851 107.0
851 595 101.0
595 851 101.0
851 787 101.0
787 851 101.0
851 835 110.0
835 851 110.0
851 849 109.0
849 851 109.0
852 340 109.0
340 852 109.0
852 596 108.0
596 852 108.0
852 788 107.0
788 852 107.0
852 836 101.0
836 852 101.0
852 850 104.0
850 852 104.0
852 851 110.0
851 852 110.0
853 341 107.0
341 853 107.0
853 597 102.0
597 853 102.0
853 789 102.0
789 853 102.0
853 837 101.0
837 853 101.0
853 849 109.0
849 853 109.0
854 342 107.0
342 854 107.0
854 598 102.0
598 854 102.0
854 790 103.0
790 854 103.0
854 838 101.0
838 854 101.0
854 850 107.0
850 854 107.0
854 853 110.0
853 854 110.0
855 343 109.0
343 855 109.0
855 599 103.0
599 855 103.0
855 791 108.0
791 855 108.0
855 839 102.0
839 855 102.0
855 851 102.0
851 855 102.0
855 853 105.0
853 855 105.0
856 344 103.0
344 856 103.0
856 600 206.0
600 856 206.0
856 792 104.0
792 856 104.0
856 840 107.0
840 856 107.0
856 852 108.0
852 856 108.0
856 854 108.0
854 856 108.0
856 855 104.0
855 856 104.0
857 345 105.0
345 857 105.0
857 601 101.0
601 857 101.0
857 793 103.0
793 857 103.0
857 841 102.0
841 857 102.0
857 849 107.0
849 857 107.0
858 346 105.0
346 858 105.0
858 602 203.0
602 858 203.0
858 794 104.0
794 858 104.0
858 842 109.0
842 858 109.0
858 850 106.0
850 858 106.0
858 857 108.0
857 858 108.0
859 347 202.0
347 859 202.0
859 603 210.0
603 859 210.0
859 795 205.0
795 859 205.0
859 843 202.0
843 859 202.0
859 851 209.0
851 859 209.0
859 857 209.0
857 859 209.0
860 348 102.0
348 860 102.0
860 604 105.0
604 860 105.0
860 796 108.0
796 860 108.0
860 844 102.0
844 860 102.0
860 852 104.0
852 860 104.0
860 858 105.0
858 860 105.0
860 859 202.0
859 860 202.0
861 349 107.0
349 861 107.0
861 605 109.0
605 861 109.0
861 797 105.0
797 861 105.0
861 845 208.0
845 861 208.0
861 853 110.0
853 861 110.0
861 857 104.0
857 861 104.0
862 350 102.0
350 862 102.0
862 606 107.0
606 862 107.0
862 798 107.0
798 862 107.0
862 846 102.0
846 862 102.0
862 854 101.0
854 862 101.0
862 858 110.0
858 862 110.0
862 861 108.0
861 862 108.0
863 351 101.0
351 863 101.0
863 607 109.0
607 863 109.0
863 799 102.0
799 863 102.0
863 847 108.0
847 863 108.0
863 855 104.0
855 863 104.0
863 859 208.0
859 863 208.0
863 861 108.0
861 863 108.0
864 352 105.0
352 864 105.0
864 608 109.0
608 864 109.0
864 800 206.0
800 864 206.0
864 848 107.0
848 864 107.0
864 856 105.0
856 864 105.0
864 860 107.0
860 864 107.0
864 862 109.0
862 864 109.0
864 863 110.0
863 864 110.0
865 353 109.0
353 865 109.0
865 609 110.0
609 865 110.0
865 801 105.0
801 865 105.0
865 833 108.0
833 865 108.0
866 354 105.0
354 866 105.0
866 610 110.0
610 866 110.0
866 802 105.0
802 866 105.0
866 834 107.0
834 866 107.0
866 865 106.0
865 866 106.0
867 355 103.0
355 867 103.0
867 611 106.0
611 867 106.0
867 803 104.0
803 867 104.0
867 835 105.0
835 867 105.0
867 865 109.0
865 867 109.0
868 356 210.0
356 868 210.0
868 612 201.0
612 868 201.0
868 804 206.0
804 868 206.0
868 836 210.0
836 868 210.0
868 866 203.0
866 868 203.0
868 867 204.0
867 868 204.0
869 357 106.0
357 869 106.0
869 613 103.0
613 869 103.0
869 805 104.0
805 869 104.0
869 837 106.0
837 869 106.0
869 865 103.0
865 869 103.0
870 358 109.0
358 870 109.0
870 614 102.0
614 870 102.0
870 806 103.0
806 870 103.0
870 838 105.0
838 870 105.0
870 866 103.0
866 870 103.0
870 869 110.0
869 870 110.0
871 359 110.0
359 871 110.0
871 615 102.0
615 871 102.0
871 807 204.0
807 871 204.0
871 839 106.0
839 871 106.0
871 867 107.0
867 871 107.0
871 869 106.0
869 871 106.0
872 360 101.0
360 872 101.0
872 616 101.0
616 872 101.0
872 808 109.0
808 872 109.0
872 840 108.0
840 872 108.0
872 868 207.0
868 872 207.0
872 870 101.0
870 872 101.0
872 871 105.0
871 872 105.0
873 361 201.0
361 873 201.0
873 617 106.0
617 873 106.0
873 809 102.0
809 873 102.0
873 841 103.0
841 873 103.0
873 865 107.0
865 873 107.0
874 362 209.0
362 874 209.0
874 618 102.0
618 874 102.0
874 810 108.0
810 874 108.0
874 842 107.0
842 874 107.0
874 866 108.0
866 874 108.0
874 873 107.0
873 874 107.0
875 363 107.0
363 875 107.0
875 619 110.0
619 875 110.0
875 811 103.0
811 875 103.0
875 843 105.0
843 875 105.0
875 867 110.0
867 875 110.0
875 873 104.0
873 875 104.0
876 364 109.0
364 876 109.0
876 620 101.0
620 876 101.0
876 812 105.0
812 876 105.0
876 844 102.0
844 876 102.0
876 868 205.0
868 876 205.0
876 874 110.0
874 876 110.0
876 875 106.0
875 876 106.0
877 365 102.0
365 877 102.0
877 621 109.0
621 877 109.0
877 813 105.0
813 877 105.0
877 845 208.0
845 877 208.0
877 869 107.0
869 877 107.0
877 873 104.0
873 877 104.0
878 366 109.0
366 878 109.0
878 622 101.0
622 878 101.0
878 814 205.0
814 878 205.0
878 846 107.0
846 878 107.0
878 870 102.0
870 878 102.0
878 874 107.0
874 878 107.0
878 877 104.0
877 878 104.0
879 367 205.0
367 879 205.0
879 623 209.0
623 879 209.0
879 815 202.0
815 879 202.0
879 847 205.0
847 879 205.0
879 871 204.0
871 879 204.0
879 875 206.0
875 879 206.0
879 877 201.0
877 879 201.0
880 368 107.0
368 880 107.0
880 624 104.0
624 880 104.0
880 816 101.0
816 880 101.0
880 848 104.0
848 880 104.0
880 872 103.0
872 880 103.0
880 876 105.0
876 880 105.0
880 878 104.0
878 880 104.0
880 879 209.0
879 880 209.0
881 369 109.0
369 881 109.0
881 625 105.0
625 881 105.0
881 817 106.0
817 881 106.0
881 849 106.0
849 881 106.0
881 865 108.0
865 881 108.0
882 370 102.0
370 882 102.0
882 626 101.0
626 882 101.0
882 818 104.0
818 882 104.0
882 850 106.0
850 882 106.0
882 866 101.0
866 882 101.0
882 881 108.0
881 882 108.0
883 371 102.0
371 883 102.0
883 627 110.0
627 883 110.0
883 819 109.0
819 883 109.0
883 851 110.0
851 883 110.0
883 867 105.0
867 883 105.0
883 881 103.0
881 883 103.0
884 372 210.0
372 884 210.0
884 628 310.0
628 884 310.0
884 820 201.0
820 884 201.0
884 852 205.0
852 884 205.0
884 868 303.0
868 884 303.0
884 882 201.0
882 884 201.0
884 883 204.0
883 884 204.0
885 373 109.0
373 885 109.0
885 629 110.0
629 885 110.0
885 821 102.0
821 885 102.0
885 853 110.0
853 885 110.0
885 869 103.0
869 885 103.0
885 881 108.0
881 885 108.0
886 374 210.0
374 886 210.0
886 630 209.0
630 886 209.0
886 822 210.0
822 886 210.0
886 854 201.0
854 886 201.0
886 870 205.0
870 886 205.0
886 882 204.0
882 886 204.0
886 885 205.0
885 886 205.0
887 375 207.0
375 887 207.0
887 631 204.0
631 887 204.0
887 823 103.0
823 887 103.0
887 855 104.0
855 887 104.0
887 871 108.0
871 887 108.0
887 883 101.0
883 887 101.0
887 885 109.0
885 887 109.0
888 376 102.0
376 888 102.0
888 632 108.0
632 888 108.0
888 824 102.0
824 888 102.0
888 856 110.0
856 888 110.0
888 872 107.0
872 888 107.0
888 884 203.0
884 888 203.0
888 886 201.0
886 888 201.0
888 887 103.0
887 888 103.0
889 377 109.0
377 889 109.0
889 633 106.0
633 889 106.0
889 825 107.0
825 889 107.0
889 857 104.0
857 889 104.0
889 873 108.0
873 889 108.0
889 881 109.0
881 889 109.0
890 378 109.0
378 890 109.0
890 634 109.0
634 890 109.0
890 826 203.0
826 890 203.0
890 858 103.0
858 890 103.0
890 874 105.0
874 890 105.0
890 882 106.0
882 890 106.0
890 889 107.0
889 890 107.0
891 379 105.0
379 891 105.0
891 635 105.0
635 891 105.0
891 827 109.0
827 891 109.0
891 859 206.0
859 891 206.0
891 875 104.0
875 891 104.0
891 883 103.0
883 891 103.0
891 889 110.0
889 891 110.0
892 380 108.0
380 892 108.0
892 636 105.0
636 892 105.0
892 828 103.0
828 892 103.0
892 860 101.0
860 892 101.0
892 876 101.0
876 892 101.0
892 884 207.0
884 892 207.0
892 890 102.0
890 892 102.0
892 891 106.0
891 892 106.0
893 381 206.0
381 893 206.0
893 637 201.0
637 893 201.0
893 829 210.0
829 893 210.0
893 861 210.0
861 893 210.0
893 877 207.0
877 893 207.0
893 885 201.0
885 893 201.0
893 889 201.0
889 893 201.0
894 382 106.0
382 894 106.0
894 638 109.0
638 894 109.0
894 830 110.0
830 894 110.0
894 862 107.0
862 894 107.0
894 878 108.0
878 894 108.0
894 886 204.0
886 894 204.0
894 890 109.0
890 894 109.0
894 893 203.0
893 894 203.0
895 383 110.0
383 895 110.0
895 639 105.0
639 895 105.0
895 831 102.0
831 895 102.0
895 863 110.0
863 895 110.0
895 879 205.0
879 895 205.0
895 887 104.0
887 895 104.0
895 891 101.0
891 895 101.0
895 893 205.0
893 895 205.0
896 384 101.0
384 896 101.0
896 640 103.0
640 896 103.0
896 832 109.0
832 896 109.0
896 864 103.0
864 896 103.0
896 880 106.0
880 896 106.0
896 888 108.0
888 896 108.0
896 892 104.0
892 896 104.0
896 894 109.0
894 896 109.0
896 895 109.0
895 896 109.0
897 385 202.0
385 897 202.0
897 641 202.0
641 897 202.0
897 769 205.0
769 897 205.0
898 386 109.0
386 898 109.0
898 642 103.0
642 898 103.0
898 770 107.0
770 898 107.0
898 897 210.0
897 898 210.0
899 387 105.0
387 899 105.0
899 643 105.0
643 899 105.0
899 771 102.0
771 899 102.0
899 897 207.0
897 899 207.0
900 388 107.0
388 900 107.0
900 644 103.0
644 900 103.0
900 772 204.0
772 900 204.0
900 898 104.0
898 900 104.0
900 899 104.0
899 900 104.0
901 389 107.0
389 901 107.0
901 645 102.0
645 901 102.0
901 773 105.0
773 901 105.0
901 897 207.0
897 901 207.0
902 390 103.0
390 902 103.0
902 646 110.0
646 902 110.0
902 774 101.0
774 902 101.0
902 898 105.0
898 902 105.0
902 901 108.0
901 902 108.0
903 391 103.0
391 903 103.0
903 647 105.0
647 903 105.0
903 775 101.0
775 903 101.0
903 899 104.0
899 903 104.0
903 901 106.0
901 903 106.0
904 392 108.0
392 904 108.0
904 648 209.0
648 904 209.0
904 776 101.0
776 904 101.0
904 900 108.0
900 904 108.0
904 902 104.0
902 904 104.0
904 903 110.0
903 904 110.0
905 393 102.0
393 905 102.0
905 649 105.0
649 905 105.0
905 777 110.0
777 905 110.0
905 897 201.0
897 905 201.0
906 394 108.0
394 906 108.0
906 650 201.0
650 906 201.0
906 778 102.0
778 906 102.0
906 898 109.0
898 906 109.0
906 905 102.0
905 906 102.0
907 395 202.0
395 907 202.0
907 651 103.0
651 907 103.0
907 779 103.0
779 907 103.0
907 899 103.0
899 907 103.0
907 905 109.0
905 907 109.0
908 396 105.0
396 908 105.0
908 652 102.0
652 908 102.0
908 780 106.0
780 908 106.0
908 900 105.0
900 908 105.0
908 906 109.0
906 908 109.0
908 907 101.0
907 908 101.0
909 397 103.0
397 909 103.0
909 653 109.0
653 909 109.0
909 781 108.0
781 909 108.0
909 901 110.0
901 909 110.0
909 905 108.0
905 909 108.0
910 398 108.0
398 910 108.0
910 654 104.0
654 910 104.0
910 782 110.0
782 910 110.0
910 902 110.0
902 910 110.0
910 906 108.0
906 910 108.0
910 909 105.0
909 910 105.0
911 399 205.0
399 911 205.0
911 655 210.0
655 911 210.0
911 783 204.0
783 911 204.0
911 903 204.0
903 911 204.0
911 907 209.0
907 911 209.0
911 909 206.0
909 911 206.0
912 400 103.0
400 912 103.0
912 656 106.0
656 912 106.0
912 784 110.0
784 912 110.0
912 904 102.0
904 912 102.0
912 908 105.0
908 912 105.0
912 910 103.0
910 912 103.0
912 911 207.0
911 912 207.0
913 401 105.0
401 913 105.0
913 657 103.0
657 913 103.0
913 785 208.0
785 913 208.0
913 897 206.0
897 913 206.0
914 402 101.0
402 914 101.0
914 658 104.0
658 914 104.0
914 786 105.0
786 914 105.0
914 898 105.0
898 914 105.0
914 913 104.0
913 914 104.0
915 403 209.0
403 915 209.0
915 659 207.0
659 915 207.0
915 787 201.0
787 915 201.0
915 899 205.0
899 915 205.0
915 913 202.0
913 915 202.0
916 404 106.0
404 916 106.0
916 660 109.0
660 916 109.0
916 788 104.0
788 916 104.0
916 900 109.0
900 916 109.0
916 914 109.0
914 916 109.0
916 915 209.0
915 916 209.0
917 405 107.0
405 917 107.0
917 661 106.0
661 917 106.0
917 789 101.0
789 917 101.0
917 901 108.0
901 917 108.0
917 913 105.0
913 917 105.0
918 406 203.0
406 918 203.0
918 662 310.0
662 918 310.0
918 790 209.0
790 918 209.0
918 902 201.0
902 918 201.0
918 914 207.0
914 918 207.0
918 917 204.0
917 918 204.0
919 407 203.0
407 919 203.0
919 663 210.0
663 919 210.0
919 791 202.0
791 919 202.0
919 903 209.0
903 919 209.0
919 915 302.0
915 919 302.0
919 917 204.0
917 919 204.0
920 408 105.0
408 920 105.0
920 664 110.0
664 920 110.0
920 792 109.0
792 920 109.0
920 904 103.0
904 920 103.0
920 916 102.0
916 920 102.0
920 918 204.0
918 920 204.0
920 919 201.0
919 920 201.0
921 409 106.0
409 921 106.0
921 665 104.0
665 921 104.0
921 793 102.0
793 921 102.0
921 905 110.0
905 921 110.0
921 913 104.0
913 921 104.0
922 410 102.0
410 922 102.0
922 666 103.0
666 922 103.0
922 794 103.0
794 922 103.0
922 906 108.0
906 922 108.0
922 914 104.0
914 922 104.0
922 921 105.0
921 922 105.0
923 411 107.0
411 923 107.0
923 667 104.0
667 923 104.0
923 795 105.0
795 923 105.0
923 907 104.0
907 923 104.0
923 915 201.0
915 923 201.0
923 921 106.0
921 923 106.0
924 412 207.0
412 924 207.0
924 668 207.0
668 924 207.0
924 796 104.0
796 924 104.0
924 908 101.0
908 924 101.0
924 916 104.0
916 924 104.0
924 922 104.0
922 924 104.0
924 923 105.0
923 924 105.0
925 413 203.0
413 925 203.0
925 669 104.0
669 925 104.0
925 797 109.0
797 925 109.0
925 909 110.0
909 925 110.0
925 917 110.0
917 925 110.0
925 921 104.0
921 925 104.0
926 414 103.0
414 926 103.0
926 670 103.0
670 926 103.0
926 798 104.0
798 926 104.0
926 910 107.0
910 926 107.0
926 918 207.0
918 926 207.0
926 922 107.0
922 926 107.0
926 925 101.0
925 926 101.0
927 415 101.0
415 927 101.0
927 671 109.0
671 927 109.0
927 799 101.0
799 927 101.0
927 911 201.0
911 927 201.0
927 919 210.0
919 927 210.0
927 923 102.0
923 927 102.0
927 925 106.0
925 927 106.0
928 416 107.0
416 928 107.0
928 672 104.0
672 928 104.0
928 800 201.0
800 928 201.0
928 912 104.0
912 928 104.0
928 920 106.0
920 928 106.0
928 924 104.0
924 928 104.0
928 926 105.0
926 928 105.0
928 927 107.0
927 928 107.0
929 417 108.0
417 929 108.0
929 673 103.0
673 929 103.0
929 801 106.0
801 929 106.0
929 897 202.0
897 929 202.0
930 418 203.0
418 930 203.0
930 674 210.0
674 930 210.0
930 802 210.0
802 930 210.0
930 898 202.0
898 930 202.0
930 929 208.0
929 930 208.0
931 419 102.0
419 931 102.0
931 675 208.0
675 931 208.0
931 803 102.0
803 931 102.0
931 899 110.0
899 931 110.0
931 929 101.0
929 931 101.0
932 420 103.0
420 932 103.0
932 676 104.0
676 932 104.0
932 804 106.0
804 932 106.0
932 900 109.0
900 932 109.0
932 930 209.0
930 932 209.0
932 931 101.0
931 932 101.0
933 421 106.0
421 933 106.0
933 677 101.0
677 933 101.0
933 805 108.0
805 933 108.0
933 901 105.0
901 933 105.0
933 929 101.0
929 933 101.0
934 422 103.0
422 934 103.0
934 678 104.0
678 934 104.0
934 806 101.0
806 934 101.0
934 902 107.0
902 934 107.0
934 930 201.0
930 934 201.0
934 933 106.0
933 934 106.0
935 423 101.0
423 935 101.0
935 679 106.0
679 935 106.0
935 807 202.0
807 935 202.0
935 903 108.0
903 935 108.0
935 931 103.0
931 935 103.0
935 933 104.0
933 935 104.0
936 424 109.0
424 936 109.0
936 680 103.0
680 936 103.0
936 808 105.0
808 936 105.0
936 904 105.0
904 936 105.0
936 932 106.0
932 936 106.0
936 934 103.0
934 936 103.0
936 935 104.0
935 936 104.0
937 425 107.0
425 937 107.0
937 681 103.0
681 937 103.0
937 809 101.0
809 937 101.0
937 905 101.0
905 937 101.0
937 929 102.0
929 937 102.0
938 426 110.0
426 938 110.0
938 682 101.0
682 938 101.0
938 810 105.0
810 938 105.0
938 906 108.0
906 938 108.0
938 930 201.0
930 938 201.0
938 937 103.0
937 938 103.0
939 427 104.0
427 939 104.0
939 683 110.0
683 939 110.0
939 811 104.0
811 939 104.0
939 907 108.0
907 939 108.0
939 931 101.0
931 939 101.0
939 937 106.0
937 939 106.0
940 428 208.0
428 940 208.0
940 684 101.0
684 940 101.0
940 812 101.0
812 940 101.0
940 908 108.0
908 940 108.0
940 932 102.0
932 940 102.0
940 938 108.0
938 940 108.0
940 939 102.0
939 940 102.0
941 429 103.0
429 941 103.0
941 685 210.0
685 941 210.0
941 813 106.0
813 941 106.0
941 909 103.0
909 941 103.0
941 933 105.0
933 941 105.0
941 937 110.0
937 941 110.0
942 430 201.0
430 942 201.0
942 686 103.0
686 942 103.0
942 814 210.0
814 942 210.0
942 910 105.0
910 942 105.0
942 934 102.0
934 942 102.0
942 938 106.0
938 942 106.0
942 941 110.0
941 942 110.0
943 431 202.0
431 943 202.0
943 687 104.0
687 943 104.0
943 815 110.0
815 943 110.0
943 911 204.0
911 943 204.0
943 935 108.0
935 943 108.0
943 939 101.0
939 943 101.0
943 941 102.0
941 943 102.0
944 432 110.0
432 944 110.0
944 688 101.0
688 944 101.0
944 816 102.0
816 944 102.0
944 912 104.0
912 944 104.0
944 936 102.0
936 944 102.0
944 940 106.0
940 944 106.0
944 942 108.0
942 944 108.0
944 943 110.0
943 944 110.0
945 433 206.0
433 945 206.0
945 689 101.0
689 945 101.0
945 817 104.0
817 945 104.0
945 913 104.0
913 945 104.0
945 929 101.0
929 945 101.0
946 434 110.0
434 946 110.0
946 690 101.0
690 946 101.0
946 818 110.0
818 946 110.0
946 914 110.0
914 946 110.0
946 930 202.0
930 946 202.0
946 945 110.0
945 946 110.0
947 435 106.0
435 947 106.0
947 691 108.0
691 947 108.0
947 819 101.0
819 947 101.0
947 915 207.0
915 947 207.0
947 931 102.0
931 947 102.0
947 945 109.0
945 947 109.0
948 436 107.0
436 948 107.0
948 692 101.0
692 948 101.0
948 820 103.0
820 948 103.0
948 916 108.0
916 948 108.0
948 932 110.0
932 948 110.0
948 946 105.0
946 948 105.0
948 947 102.0
947 948 102.0
949 437 101.0
437 949 101.0
949 693 101.0
693 949 101.0
949 821 108.0
821 949 108.0
949 917 105.0
917 949 105.0
949 933 109.0
933 949 109.0
949 945 107.0
945 949 107.0
950 438 109.0
438 950 109.0
950 694 103.0
694 950 103.0
950 822 105.0
822 950 105.0
950 918 208.0
918 950 208.0
950 934 109.0
934 950 109.0
950 946 101.0
946 950 101.0
950 949 106.0
949 950 106.0
951 439 103.0
439 951 103.0
951 695 109.0
695 951 109.0
951 823 109.0
823 951 109.0
951 919 204.0
919 951 204.0
951 935 101.0
935 951 101.0
951 947 110.0
947 951 110.0
951 949 102.0
949 951 102.0
952 440 203.0
440 952 203.0
952 696 102.0
696 952 102.0
952 824 104.0
824 952 104.0
952 920 104.0
920 952 104.0
952 936 102.0
936 952 102.0
952 948 110.0
948 952 110.0
952 950 107.0
950 952 107.0
952 951 103.0
951 952 103.0
953 441 102.0
441 953 102.0
953 697 108.0
697 953 108.0
953 825 103.0
825 953 103.0
953 921 101.0
921 953 101.0
953 937 105.0
937 953 105.0
953 945 109.0
945 953 109.0
954 442 109.0
442 954 109.0
954 698 106.0
698 954 106.0
954 826 202.0
826 954 202.0
954 922 105.0
922 954 105.0
954 938 106.0
938 954 106.0
954 946 106.0
946 954 106.0
954 953 101.0
953 954 101.0
955 443 203.0
443 955 203.0
955 699 202.0
699 955 202.0
955 827 210.0
827 955 210.0
955 923 203.0
923 955 203.0
955 939 204.0
939 955 204.0
955 947 204.0
947 955 204.0
955 953 201.0
953 955 201.0
956 444 101.0
444 956 101.0
956 700 109.0
700 956 109.0
956 828 104.0
828 956 104.0
956 924 106.0
924 956 106.0
956 940 107.0
940 956 107.0
956 948 106.0
948 956 106.0
956 954 101.0
954 956 101.0
956 955 204.0
955 956 204.0
957 445 108.0
445 957 108.0
957 701 210.0
701 957 210.0
957 829 103.0
829 957 103.0
957 925 101.0
925 957 101.0
957 941 108.0
941 957 108.0
957 949 109.0
949 957 109.0
957 953 104.0
953 957 104.0
958 446 108.0
446 958 108.0
958 702 102.0
702 958 102.0
958 830 109.0
830 958 109.0
958 926 103.0
926 958 103.0
958 942 101.0
942 958 101.0
958 950 103.0
950 958 103.0
958 954 109.0
954 958 109.0
958 957 106.0
957 958 106.0
959 447 107.0
447 959 107.0
959 703 102.0
703 959 102.0
959 831 101.0
831 959 101.0
959 927 106.0
927 959 106.0
959 943 103.0
943 959 103.0
959 951 107.0
951 959 107.0
959 955 208.0
955 959 208.0
959 957 108.0
957 959 108.0
960 448 107.0
448 960 107.0
960 704 110.0
704 960 110.0
960 832 110.0
832 960 110.0
960 928 110.0
928 960 110.0
960 944 110.0
944 960 110.0
960 952 103.0
952 960 103.0
960 956 108.0
956 960 108.0
960 958 109.0
958 960 109.0
960 959 110.0
959 960 110.0
961 449 105.0
449 961 105.0
961 705 104.0
705 961 104.0
961 833 102.0
833 961 102.0
961 897 202.0
897 961 202.0
962 450 101.0
450 962 101.0
962 706 101.0
706 962 101.0
962 834 102.0
834 962 102.0
962 898 107.0
898 962 107.0
962 961 110.0
961 962 110.0
963 451 109.0
451 963 109.0
963 707 206.0
707 963 206.0
963 835 108.0
835 963 108.0
963 899 104.0
899 963 104.0
963 961 107.0
961 963 107.0
964 452 103.0
452 964 103.0
964 708 103.0
708 964 103.0
964 836 110.0
836 964 110.0
964 900 107.0
900 964 107.0
964 962 103.0
962 964 103.0
964 963 105.0
963 964 105.0
965 453 107.0
453 965 107.0
965 709 101.0
709 965 101.0
965 837 109.0
837 965 109.0
965 901 102.0
901 965 102.0
965 961 105.0
961 965 105.0
966 454 206.0
454 966 206.0
966 710 103.0
710 966 103.0
966 838 102.0
838 966 102.0
966 902 101.0
902 966 101.0
966 962 109.0
962 966 109.0
966 965 101.0
965 966 101.0
967 455 201.0
455 967 201.0
967 711 101.0
711 967 101.0
967 839 103.0
839 967 103.0
967 903 110.0
903 967 110.0
967 963 110.0
963 967 110.0
967 965 108.0
965 967 108.0
968 456 101.0
456 968 101.0
968 712 109.0
712 968 109.0
968 840 101.0
840 968 101.0
968 904 109.0
904 968 109.0
968 964 106.0
964 968 106.0
968 966 109.0
966 968 109.0
968 967 105.0
967 968 105.0
969 457 208.0
457 969 208.0
969 713 102.0
713 969 102.0
969 841 102.0
841 969 102.0
969 905 105.0
905 969 105.0
969 961 108.0
961 969 108.0
970 458 205.0
458 970 205.0
970 714 205.0
714 970 205.0
970 842 209.0
842 970 209.0
970 906 209.0
906 970 209.0
970 962 208.0
962 970 208.0
970 969 202.0
969 970 202.0
971 459 102.0
459 971 102.0
971 715 103.0
715 971 103.0
971 843 105.0
843 971 105.0
971 907 110.0
907 971 110.0
971 963 109.0
963 971 109.0
971 969 109.0
969 971 109.0
972 460 107.0
460 972 107.0
972 716 106.0
716 972 106.0
972 844 105.0
844 972 105.0
972 908 108.0
908 972 108.0
972 964 109.0
964 972 109.0
972 970 203.0
970 972 203.0
972 971 101.0
971 972 101.0
973 461 105.0
461 973 105.0
973 717 105.0
717 973 105.0
973 845 201.0
845 973 201.0
973 909 108.0
909 973 108.0
973 965 104.0
965 973 104.0
973 969 107.0
969 973 107.0
974 462 103.0
462 974 103.0
974 718 101.0
718 974 101.0
974 846 106.0
846 974 106.0
974 910 104.0
910 974 104.0
974 966 101.0
966 974 101.0
974 970 208.0
970 974 208.0
974 973 109.0
973 974 109.0
975 463 104.0
463 975 104.0
975 719 105.0
719 975 105.0
975 847 101.0
847 975 101.0
975 911 208.0
911 975 208.0
975 967 105.0
967 975 105.0
975 971 103.0
971 975 103.0
975 973 102.0
973 975 102.0
976 464 110.0
464 976 110.0
976 720 106.0
720 976 106.0
976 848 106.0
848 976 106.0
976 912 110.0
912 976 110.0
976 968 107.0
968 976 107.0
976 972 106.0
972 976 106.0
976 974 102.0
974 976 102.0
976 975 107.0
975 976 107.0
977 465 103.0
465 977 103.0
977 721 101.0
721 977 101.0
977 849 103.0
849 977 103.0
977 913 105.0
913 977 105.0
977 961 104.0
961 977 104.0
978 466 101.0
466 978 101.0
978 722 101.0
722 978 101.0
978 850 105.0
850 978 105.0
978 914 110.0
914 978 110.0
978 962 106.0
962 978 106.0
978 977 102.0
977 978 102.0
979 467 101.0
467 979 101.0
979 723 209.0
723 979 209.0
979 851 104.0
851 979 104.0
979 915 205.0
915 979 205.0
979 963 103.0
963 979 103.0
979 977 101.0
977 979 101.0
980 468 109.0
468 980 109.0
980 724 101.0
724 980 101.0
980 852 102.0
852 980 102.0
980 916 109.0
916 980 109.0
980 964 104.0
964 980 104.0
980 978 106.0
978 980 106.0
980 979 106.0
979 980 106.0
981 469 306.0
469 981 306.0
981 725 205.0
725 981 205.0
981 853 210.0
853 981 210.0
981 917 203.0
917 981 203.0
981 965 203.0
965 981 203.0
981 977 204.0
977 981 204.0
982 470 102.0
470 982 102.0
982 726 110.0
726 982 110.0
982 854 102.0
854 982 102.0
982 918 209.0
918 982 209.0
982 966 109.0
966 982 109.0
982 978 110.0
978 982 110.0
982 981 206.0
981 982 206.0
983 471 102.0
471 983 102.0
983 727 102.0
727 983 102.0
983 855 105.0
855 983 105.0
983 919 205.0
919 983 205.0
983 967 105.0
967 983 105.0
983 979 102.0
979 983 102.0
983 981 208.0
981 983 208.0
984 472 207.0
472 984 207.0
984 728 201.0
728 984 201.0
984 856 202.0
856 984 202.0
984 920 207.0
920 984 207.0
984 968 208.0
968 984 208.0
984 980 204.0
980 984 204.0
984 982 201.0
982 984 201.0
984 983 202.0
983 984 202.0
985 473 103.0
473 985 103.0
985 729 109.0
729 985 109.0
985 857 109.0
857 985 109.0
985 921 101.0
921 985 101.0
985 969 106.0
969 985 106.0
985 977 102.0
977 985 102.0
986 474 104.0
474 986 104.0
986 730 106.0
730 986 106.0
986 858 103.0
858 986 103.0
986 922 109.0
922 986 109.0
986 970 204.0
970 986 204.0
986 978 101.0
978 986 101.0
986 985 110.0
985 986 110.0
987 475 110.0
475 987 110.0
987 731 103.0
731 987 103.0
987 859 207.0
859 987 207.0
987 923 108.0
923 987 108.0
987 971 101.0
971 987 101.0
987 979 102.0
979 987 102.0
987 985 110.0
985 987 110.0
988 476 204.0
476 988 204.0
988 732 106.0
732 988 106.0
988 860 109.0
860 988 109.0
988 924 104.0
924 988 104.0
988 972 104.0
972 988 104.0
988 980 105.0
980 988 105.0
988 986 108.0
986 988 108.0
988 987 106.0
987 988 106.0
989 477 104.0
477 989 104.0
989 733 107.0
733 989 107.0
989 861 104.0
861 989 104.0
989 925 102.0
925 989 102.0
989 973 104.0
973 989 104.0
989 981 210.0
981 989 210.0
989 985 103.0
985 989 103.0
990 478 102.0
478 990 102.0
990 734 201.0
734 990 201.0
990 862 108.0
862 990 108.0
990 926 110.0
926 990 110.0
990 974 105.0
974 990 105.0
990 982 102.0
982 990 102.0
990 986 107.0
986 990 107.0
990 989 101.0
989 990 101.0
991 479 110.0
479 991 110.0
991 735 101.0
735 991 101.0
991 863 102.0
863 991 102.0
991 927 105.0
927 991 105.0
991 975 108.0
975 991 108.0
991 983 106.0
983 991 106.0
991 987 110.0
987 991 110.0
991 989 110.0
989 991 110.0
992 480 102.0
480 992 102.0
992 736 107.0
736 992 107.0
992 864 105.0
864 992 105.0
992 928 109.0
928 992 109.0
992 976 107.0
976 992 107.0
992 984 201.0
984 992 201.0
992 988 107.0
988 992 107.0
992 990 102.0
990 992 102.0
992 991 105.0
991 992 105.0
993 481 107.0
481 993 107.0
993 737 108.0
737 993 108.0
993 865 108.0
865 993 108.0
993 929 104.0
929 993 104.0
993 961 108.0
961 993 108.0
994 482 104.0
482 994 104.0
994 738 106.0
738 994 106.0
994 866 103.0
866 994 103.0
994 930 207.0
930 994 207.0
994 962 106.0
962 994 106.0
994 993 110.0
993 994 110.0
995 483 110.0
483 995 110.0
995 739 109.0
739 995 109.0
995 867 107.0
867 995 107.0
995 931 106.0
931 995 106.0
995 963 105.0
963 995 105.0
995 993 109.0
993 995 109.0
996 484 209.0
484 996 209.0
996 740 107.0
740 996 107.0
996 868 208.0
868 996 208.0
996 932 104.0
932 996 104.0
996 964 104.0
964 996 104.0
996 994 109.0
994 996 109.0
996 995 105.0
995 996 105.0
997 485 209.0
485 997 209.0
997 741 105.0
741 997 105.0
997 869 104.0
869 997 104.0
997 933 101.0
933 997 101.0
997 965 110.0
965 997 110.0
997 993 110.0
993 997 110.0
998 486 104.0
486 998 104.0
998 742 205.0
742 998 205.0
998 870 108.0
870 998 108.0
998 934 101.0
934 998 101.0
998 966 101.0
966 998 101.0
998 994 102.0
994 998 102.0
998 997 105.0
997 998 105.0
999 487 202.0
487 999 202.0
999 743 206.0
743 999 206.0
999 871 209.0
871 999 209.0
999 935 202.0
935 999 202.0
999 967 206.0
967 999 206.0
999 995 208.0
995 999 208.0
999 997 204.0
997 999 204.0
1000 488 102.0
488 1000 102.0
1000 744 110.0
744 1000 110.0
1000 872 107.0
872 1000 107.0
1000 936 102.0
936 1000 102.0
1000 968 107.0
968 1000 107.0
1000 996 108.0
996 1000 108.0
1000 998 102.0
998 1000 102.0
1000 999 204.0
999 1000 204.0
1001 489 109.0
489 1001 109.0
1001 745 110.0
745 1001 110.0
1001 873 101.0
873 1001 101.0
1001 937 104.0
937 1001 104.0
1001 969 101.0
969 1001 101.0
1001 993 103.0
993 1001 103.0
1002 490 110.0
490 1002 110.0
1002 746 110.0
746 1002 110.0
1002 874 108.0
874 1002 108.0
1002 938 105.0
938 1002 105.0
1002 970 204.0
970 1002 204.0
1002 994 109.0
994 1002 109.0
1002 1001 107.0
1001 1002 107.0
1003 491 209.0
491 1003 209.0
1003 747 203.0
747 1003 203.0
1003 875 201.0
875 1003 201.0
1003 939 202.0
939 1003 202.0
1003 971 206.0
971 1003 206.0
1003 995 206.0
995 1003 206.0
1003 1001 202.0
1001 1003 202.0
1004 492 104.0
492 1004 104.0
1004 748 203.0
748 1004 203.0
1004 876 109.0
876 1004 109.0
1004 940 108.0
940 1004 108.0
1004 972 103.0
972 1004 103.0
1004 996 104.0
996 1004 104.0
1004 1002 106.0
1002 1004 106.0
1004 1003 205.0
1003 1004 205.0
1005 493 105.0
493 1005 105.0
1005 749 104.0
749 1005 104.0
1005 877 107.0
877 1005 107.0
1005 941 110.0
941 1005 110.0
1005 973 101.0
973 1005 101.0
1005 997 101.0
997 1005 101.0
1005 1001 107.0
1001 1005 107.0
1006 494 104.0
494 1006 104.0
1006 750 109.0
750 1006 109.0
1006 878 110.0
878 1006 110.0
1006 942 103.0
942 1006 103.0
1006 974 106.0
974 1006 106.0
1006 998 102.0
998 1006 102.0
1006 1002 102.0
1002 1006 102.0
1006 1005 102.0
1005 1006 102.0
1007 495 102.0
495 1007 102.0
1007 751 103.0
751 1007 103.0
1007 879 201.0
879 1007 201.0
1007 943 103.0
943 1007 103.0
1007 975 108.0
975 1007 108.0
1007 999 205.0
999 1007 205.0
1007 1003 209.0
1003 1007 209.0
1007 1005 107.0
1005 1007 107.0
1008 496 204.0
496 1008 204.0
1008 752 205.0
752 1008 205.0
1008 880 208.0
880 1008 208.0
1008 944 202.0
944 1008 202.0
1008 976 203.0
976 1008 203.0
1008 1000 205.0
1000 1008 205.0
1008 1004 201.0
1004 1008 201.0
1008 1006 208.0
1006 1008 208.0
1008 1007 202.0
1007 1008 202.0
1009 497 106.0
497 1009 106.0
1009 753 207.0
753 1009 207.0
1009 881 107.0
881 1009 107.0
1009 945 104.0
945 1009 104.0
1009 977 102.0
977 1009 102.0
1009 993 101.0
993 1009 101.0
1010 498 110.0
498 1010 110.0
1010 754 106.0
754 1010 106.0
1010 882 109.0
882 1010 109.0
1010 946 105.0
946 1010 105.0
1010 978 101.0
978 1010 101.0
1010 994 110.0
994 1010 110.0
1010 1009 103.0
1009 1010 103.0
1011 499 102.0
499 1011 102.0
1011 755 106.0
755 1011 106.0
1011 883 102.0
883 1011 102.0
1011 947 108.0
947 1011 108.0
1011 979 103.0
979 1011 103.0
1011 995 108.0
995 1011 108.0
1011 1009 103.0
1009 1011 103.0
1012 500 103.0
500 1012 103.0
1012 756 104.0
756 1012 104.0
1012 884 201.0
884 1012 201.0
1012 948 101.0
948 1012 101.0
1012 980 106.0
980 1012 106.0
1012 996 110.0
996 1012 110.0
1012 1010 109.0
1010 1012 109.0
1012 1011 103.0
1011 1012 103.0
1013 501 103.0
501 1013 103.0
1013 757 102.0
757 1013 102.0
1013 885 103.0
885 1013 103.0
1013 949 106.0
949 1013 106.0
1013 981 210.0
981 1013 210.0
1013 997 104.0
997 1013 104.0
1013 1009 106.0
1009 1013 106.0
1014 502 205.0
502 1014 205.0
1014 758 107.0
758 1014 107.0
1014 886 205.0
886 1014 205.0
1014 950 110.0
950 1014 110.0
1014 982 102.0
982 1014 102.0
1014 998 109.0
998 1014 109.0
1014 1010 106.0
1010 1014 106.0
1014 1013 108.0
1013 1014 108.0
1015 503 106.0
503 1015 106.0
1015 759 104.0
759 1015 104.0
1015 887 110.0
887 1015 110.0
1015 951 103.0
951 1015 103.0
1015 983 101.0
983 1015 101.0
1015 999 204.0
999 1015 204.0
1015 1011 110.0
1011 1015 110.0
1015 1013 107.0
1013 1015 107.0
1016 504 104.0
504 1016 104.0
1016 760 109.0
760 1016 109.0
1016 888 108.0
888 1016 108.0
1016 952 102.0
952 1016 102.0
1016 984 207.0
984 1016 207.0
1016 1000 104.0
1000 1016 104.0
1016 1012 104.0
1012 1016 104.0
1016 1014 102.0
1014 1016 102.0
1016 1015 101.0
1015 1016 101.0
1017 505 104.0
505 1017 104.0
1017 761 203.0
761 1017 203.0
1017 889 108.0
889 1017 108.0
1017 953 107.0
953 1017 107.0
1017 985 103.0
985 1017 103.0
1017 1001 104.0
1001 1017 104.0
1017 1009 102.0
1009 1017 102.0
1018 506 102.0
506 1018 102.0
1018 762 105.0
762 1018 105.0
1018 890 106.0
890 1018 106.0
1018 954 101.0
954 1018 101.0
1018 986 102.0
986 1018 102.0
1018 1002 101.0
1002 1018 101.0
1018 1010 105.0
1010 1018 105.0
1018 1017 101.0
1017 1018 101.0
1019 507 201.0
507 1019 201.0
1019 763 102.0
763 1019 102.0
1019 891 102.0
891 1019 102.0
1019 955 204.0
955 1019 204.0
1019 987 105.0
987 1019 105.0
1019 1003 205.0
1003 1019 205.0
1019 1011 103.0
1011 1019 103.0
1019 1017 109.0
1017 1019 109.0
1020 508 109.0
508 1020 109.0
1020 764 106.0
764 1020 106.0
1020 892 107.0
892 1020 107.0
1020 956 101.0
956 1020 101.0
1020 988 108.0
988 1020 108.0
1020 1004 107.0
1004 1020 107.0
1020 1012 105.0
1012 1020 105.0
1020 1018 108.0
1018 1020 108.0
1020 1019 109.0
1019 1020 109.0
1021 509 110.0
509 1021 110.0
1021 765 102.0
765 1021 102.0
1021 893 202.0
893 1021 202.0
1021 957 109.0
957 1021 109.0
1021 989 109.0
989 1021 109.0
1021 1005 106.0
1005 1021 106.0
1021 1013 105.0
1013 1021 105.0
1021 1017 108.0
1017 1021 108.0
1022 510 204.0
510 1022 204.0
1022 766 101.0
766 1022 101.0
1022 894 101.0
894 1022 101.0
1022 958 108.0
958 1022 108.0
1022 990 110.0
990 1022 110.0
1022 1006 102.0
1006 1022 102.0
1022 1014 101.0
1014 1022 101.0
1022 1018 106.0
1018 1022 106.0
1022 1021 101.0
1021 1022 101.0
1023 511 101.0
511 1023 101.0
1023 767 101.0
767 1023 101.0
1023 895 110.0
895 1023 110.0
1023 959 102.0
959 1023 102.0
1023 991 101.0
991 1023 101.0
1023 1007 109.0
1007 1023 109.0
1023 1015 103.0
1015 1023 103.0
1023 1019 104.0
1019 1023 104.0
1023 1021 102.0
1021 1023 102.0
1024 512 108.0
512 1024 108.0
1024 768 204.0
768 1024 204.0
1024 896 106.0
896 1024 106.0
1024 960 110.0
960 1024 110.0
1024 992 109.0
992 1024 109.0
1024 1008 203.0
1008 1024 203.0
1024 1016 105.0
1016 1024 105.0
1024 1020 102.0
1020 1024 102.0
1024 1022 103.0
1022 1024 103.0
1024 1023 109.0
1023 1024 109.0
1025 1 102.0
1 1025 102.0
1026 2 110.0
2 1026 110.0
1026 1025 104.0
1025 1026 104.0
1027 3 102.0
3 1027 102.0
1027 1025 104.0
1025 1027 104.0
1028 4 110.0
4 1028 110.0
1028 1026 109.0
1026 1028 109.0
1028 1027 101.0
1027 1028 101.0
1029 5 202.0
5 1029 202.0
1029 1025 107.0
1025 1029 107.0
1030 6 103.0
6 1030 103.0
1030 1026 103.0
1026 1030 103.0
1030 1029 101.0
1029 1030 101.0
1031 7 103.0
7 1031 103.0
1031 1027 101.0
1027 1031 101.0
1031 1029 110.0
1029 1031 110.0
1032 8 205.0
8 1032 205.0
1032 1028 203.0
1028 1032 203.0
1032 1030 202.0
1030 1032 202.0
1032 1031 207.0
1031 1032 207.0
1033 9 204.0
9 1033 204.0
1033 1025 206.0
1025 1033 206.0
1034 10 104.0
10 1034 104.0
1034 1026 109.0
1026 1034 109.0
1034 1033 204.0
1033 1034 204.0
1035 11 106.0
11 1035 106.0
1035 1027 107.0
1027 1035 107.0
1035 1033 205.0
1033 1035 205.0
1036 12 105.0
12 1036 105.0
1036 1028 108.0
1028 1036 108.0
1036 1034 105.0
1034 1036 105.0
1036 1035 102.0
1035 1036 102.0
1037 13 106.0
13 1037 106.0
1037 1029 106.0
1029 1037 106.0
1037 1033 201.0
1033 1037 201.0
1038 14 104.0
14 1038 104.0
1038 1030 101.0
1030 1038 101.0
1038 1034 108.0
1034 1038 108.0
1038 1037 108.0
1037 1038 108.0
1039 15 102.0
15 1039 102.0
1039 1031 102.0
1031 1039 102.0
1039 1035 106.0
1035 1039 106.0
1039 1037 110.0
1037 1039 110.0
1040 16 106.0
16 1040 106.0
1040 1032 205.0
1032 1040 205.0
1040 1036 109.0
1036 1040 109.0
1040 1038 105.0
1038 1040 105.0
1040 1039 103.0
1039 1040 103.0
1041 17 106.0
17 1041 106.0
1041 1025 110.0
1025 1041 110.0
1042 18 110.0
18 1042 110.0
1042 1026 108.0
1026 1042 108.0
1042 1041 102.0
1041 1042 102.0
1043 19 108.0
19 1043 108.0
1043 1027 109.0
1027 1043 109.0
1043 1041 105.0
1041 1043 105.0
1044 20 203.0
20 1044 203.0
1044 1028 109.0
1028 1044 109.0
1044 1042 109.0
1042 1044 109.0
1044 1043 107.0
1043 1044 107.0
1045 21 106.0
21 1045 106.0
1045 1029 107.0
1029 1045 107.0
1045 1041 103.0
1041 1045 103.0
1046 22 110.0
22 1046 110.0
1046 1030 103.0
1030 1046 103.0
1046 1042 103.0
1042 1046 103.0
1046 1045 103.0
1045 1046 103.0
1047 23 106.0
23 1047 106.0
1047 1031 106.0
1031 1047 106.0
1047 1043 108.0
1043 1047 108.0
1047 1045 104.0
1045 1047 104.0
1048 24 104.0
24 1048 104.0
1048 1032 208.0
1032 1048 208.0
1048 1044 106.0
1044 1048 106.0
1048 1046 108.0
1046 1048 108.0
1048 1047 109.0
1047 1048 109.0
1049 25 206.0
25 1049 206.0
1049 1033 209.0
1033 1049 209.0
1049 1041 107.0
1041 1049 107.0
1050 26 102.0
26 1050 102.0
1050 1034 110.0
1034 1050 110.0
1050 1042 106.0
1042 1050 106.0
1050 1049 102.0
1049 1050 102.0
1051 27 107.0
27 1051 107.0
1051 1035 106.0
1035 1051 106.0
1051 1043 107.0
1043 1051 107.0
1051 1049 107.0
1049 1051 107.0
1052 28 207.0
28 1052 207.0
1052 1036 202.0
1036 1052 202.0
1052 1044 210.0
1044 1052 210.0
1052 1050 208.0
1050 1052 208.0
1052 1051 201.0
1051 1052 201.0
1053 29 105.0
29 1053 105.0
1053 1037 107.0
1037 1053 107.0
1053 1045 106.0
1045 1053 106.0
1053 1049 102.0
1049 1053 102.0
1054 30 109.0
30 1054 109.0
1054 1038 108.0
1038 1054 108.0
1054 1046 101.0
1046 1054 101.0
1054 1050 104.0
1050 1054 104.0
1054 1053 107.0
1053 1054 107.0
1055 31 103.0
31 1055 103.0
1055 1039 108.0
1039 1055 108.0
1055 1047 104.0
1047 1055 104.0
1055 1051 103.0
1051 1055 103.0
1055 1053 102.0
1053 1055 102.0
1056 32 102.0
32 1056 102.0
1056 1040 107.0
1040 1056 107.0
1056 1048 104.0
1048 1056 104.0
1056 1052 208.0
1052 1056 208.0
1056 1054 102.0
1054 1056 102.0
1056 1055 106.0
1055 1056 106.0
1057 33 110.0
33 1057 110.0
1057 1025 109.0
1025 1057 109.0
1058 34 201.0
34 1058 201.0
1058 1026 103.0
1026 1058 103.0
1058 1057 110.0
1057 1058 110.0
1059 35 110.0
35 1059 110.0
1059 1027 104.0
1027 1059 104.0
1059 1057 104.0
1057 1059 104.0
1060 36 107.0
36 1060 107.0
1060 1028 110.0
1028 1060 110.0
1060 1058 107.0
1058 1060 107.0
1060 1059 108.0
1059 1060 108.0
1061 37 105.0
37 1061 105.0
1061 1029 102.0
1029 1061 102.0
1061 1057 110.0
1057 1061 110.0
1062 38 108.0
38 1062 108.0
1062 1030 108.0
1030 1062 108.0
1062 1058 101.0
1058 1062 101.0
1062 1061 102.0
1061 1062 102.0
1063 39 204.0
39 1063 204.0
1063 1031 210.0
1031 1063 210.0
1063 1059 204.0
1059 1063 204.0
1063 1061 207.0
1061 1063 207.0
1064 40 107.0
40 1064 107.0
1064 1032 201.0
1032 1064 201.0
1064 1060 102.0
1060 1064 102.0
1064 1062 105.0
1062 1064 105.0
1064 1063 204.0
1063 1064 204.0
1065 41 110.0
41 1065 110.0
1065 1033 206.0
1033 1065 206.0
1065 1057 110.0
1057 1065 110.0
1066 42 106.0
42 1066 106.0
1066 1034 101.0
1034 1066 101.0
1066 1058 110.0
1058 1066 110.0
1066 1065 106.0
1065 1066 106.0
1067 43 204.0
43 1067 204.0
1067 1035 110.0
1035 1067 110.0
1067 1059 109.0
1059 1067 109.0
1067 1065 110.0
1065 1067 110.0
1068 44 209.0
44 1068 209.0
1068 1036 108.0
1036 1068 108.0
1068 1060 106.0
1060 1068 106.0
1068 1066 108.0
1066 1068 108.0
1068 1067 105.0
1067 1068 105.0
1069 45 201.0
45 1069 201.0
1069 1037 205.0
1037 1069 205.0
1069 1061 205.0
1061 1069 205.0
1069 1065 206.0
1065 1069 206.0
1070 46 101.0
46 1070 101.0
1070 1038 107.0
1038 1070 107.0
1070 1062 106.0
1062 1070 106.0
1070 1066 107.0
1066 1070 107.0
1070 1069 210.0
1069 1070 210.0
1071 47 109.0
47 1071 109.0
1071 1039 110.0
1039 1071 110.0
1071 1063 206.0
1063 1071 206.0
1071 1067 105.0
1067 1071 105.0
1071 1069 202.0
1069 1071 202.0
1072 48 105.0
48 1072 105.0
1072 1040 102.0
1040 1072 102.0
1072 1064 108.0
1064 1072 108.0
1072 1068 104.0
1068 1072 104.0
1072 1070 106.0
1070 1072 106.0
1072 1071 102.0
1071 1072 102.0
1073 49 106.0
49 1073 106.0
1073 1041 102.0
1041 1073 102.0
1073 1057 105.0
1057 1073 105.0
1074 50 103.0
50 1074 103.0
1074 1042 101.0
1042 1074 101.0
1074 1058 102.0
1058 1074 102.0
1074 1073 106.0
1073 1074 106.0
1075 51 104.0
51 1075 104.0
1075 1043 104.0
1043 1075 104.0
1075 1059 104.0
1059 1075 104.0
1075 1073 108.0
1073 1075 108.0
1076 52 108.0
52 1076 108.0
1076 1044 109.0
1044 1076 109.0
1076 1060 101.0
1060 1076 101.0
1076 1074 108.0
1074 1076 108.0
1076 1075 103.0
1075 1076 103.0
1077 53 110.0
53 1077 110.0
1077 1045 108.0
1045 1077 108.0
1077 1061 102.0
1061 1077 102.0
1077 1073 110.0
1073 1077 110.0
1078 54 207.0
54 1078 207.0
1078 1046 209.0
1046 1078 209.0
1078 1062 205.0
1062 1078 205.0
1078 1074 201.0
1074 1078 201.0
1078 1077 210.0
1077 1078 210.0
1079 55 102.0
55 1079 102.0
1079 1047 102.0
1047 1079 102.0
1079 1063 209.0
1063 1079 209.0
1079 1075 110.0
1075 1079 110.0
1079 1077 101.0
1077 1079 101.0
1080 56 103.0
56 1080 103.0
1080 1048 105.0
1048 1080 105.0
1080 1064 108.0
1064 1080 108.0
1080 1076 101.0
1076 1080 101.0
1080 1078 207.0
1078 1080 207.0
1080 1079 106.0
1079 1080 106.0
1081 57 109.0
57 1081 109.0
1081 1049 107.0
1049 1081 107.0
1081 1065 107.0
1065 1081 107.0
1081 1073 103.0
1073 1081 103.0
1082 58 109.0
58 1082 109.0
1082 1050 105.0
1050 1082 105.0
1082 1066 102.0
1066 1082 102.0
1082 1074 109.0
1074 1082 109.0
1082 1081 107.0
1081 1082 107.0
1083 59 107.0
59 1083 107.0
1083 1051 109.0
1051 1083 109.0
1083 1067 109.0
1067 1083 109.0
1083 1075 102.0
1075 1083 102.0
1083 1081 110.0
1081 1083 110.0
1084 60 204.0
60 1084 204.0
1084 1052 201.0
1052 1084 201.0
1084 1068 107.0
1068 1084 107.0
1084 1076 109.0
1076 1084 109.0
1084 1082 108.0
1082 1084 108.0
1084 1083 102.0
1083 1084 102.0
1085 61 103.0
61 1085 103.0
1085 1053 108.0
1053 1085 108.0
1085 1069 207.0
1069 1085 207.0
1085 1077 107.0
1077 1085 107.0
1085 1081 103.0
1081 1085 103.0
1086 62 210.0
62 1086 210.0
1086 1054 104.0
1054 1086 104.0
1086 1070 106.0
1070 1086 106.0
1086 1078 204.0
1078 1086 204.0
1086 1082 106.0
1082 1086 106.0
1086 1085 109.0
1085 1086 109.0
1087 63 108.0
63 1087 108.0
1087 1055 109.0
1055 1087 109.0
1087 1071 107.0
1071 1087 107.0
1087 1079 102.0
1079 1087 102.0
1087 1083 105.0
1083 1087 105.0
1087 1085 107.0
1085 1087 107.0
1088 64 110.0
64 1088 110.0
1088 1056 105.0
1056 1088 105.0
1088 1072 101.0
1072 1088 101.0
1088 1080 104.0
1080 1088 104.0
1088 1084 106.0
1084 1088 106.0
1088 1086 108.0
1086 1088 108.0
1088 1087 106.0
1087 1088 106.0
1089 65 106.0
65 1089 106.0
1089 1025 105.0
1025 1089 105.0
1090 66 108.0
66 1090 108.0
1090 1026 107.0
1026 1090 107.0
1090 1089 105.0
1089 1090 105.0
1091 67 201.0
67 1091 201.0
1091 1027 103.0
1027 1091 103.0
1091 1089 104.0
1089 1091 104.0
1092 68 108.0
68 1092 108.0
1092 1028 104.0
1028 1092 104.0
1092 1090 104.0
1090 1092 104.0
1092 1091 101.0
1091 1092 101.0
1093 69 104.0
69 1093 104.0
1093 1029 101.0
1029 1093 101.0
1093 1089 102.0
1089 1093 102.0
1094 70 104.0
70 1094 104.0
1094 1030 107.0
1030 1094 107.0
1094 1090 102.0
1090 1094 102.0
1094 1093 101.0
1093 1094 101.0
1095 71 101.0
71 1095 101.0
1095 1031 110.0
1031 1095 110.0
1095 1091 103.0
1091 1095 103.0
1095 1093 110.0
1093 1095 110.0
1096 72 108.0
72 1096 108.0
1096 1032 209.0
1032 1096 209.0
1096 1092 103.0
1092 1096 103.0
1096 1094 103.0
1094 1096 103.0
1096 1095 109.0
1095 1096 109.0
1097 73 103.0
73 1097 103.0
1097 1033 201.0
1033 1097 201.0
1097 1089 102.0
1089 1097 102.0
1098 74 101.0
74 1098 101.0
1098 1034 102.0
1034 1098 102.0
1098 1090 103.0
1090 1098 103.0
1098 1097 105.0
1097 1098 105.0
1099 75 107.0
75 1099 107.0
1099 1035 104.0
1035 1099 104.0
1099 1091 108.0
1091 1099 108.0
1099 1097 108.0
1097 1099 108.0
1100 76 102.0
76 1100 102.0
1100 1036 106.0
1036 1100 106.0
1100 1092 110.0
1092 1100 110.0
1100 1098 102.0
1098 1100 102.0
1100 1099 108.0
1099 1100 108.0
1101 77 105.0
77 1101 105.0
1101 1037 106.0
1037 1101 106.0
1101 1093 103.0
1093 1101 103.0
1101 1097 103.0
1097 1101 103.0
1102 78 308.0
78 1102 308.0
1102 1038 204.0
1038 1102 204.0
1102 1094 209.0
1094 1102 209.0
1102 1098 208.0
1098 1102 208.0
1102 1101 201.0
1101 1102 201.0
1103 79 206.0
79 1103 206.0
1103 1039 205.0
1039 1103 205.0
1103 1095 201.0
1095 1103 201.0
1103 1099 209.0
1099 1103 209.0
1103 1101 202.0
1101 1103 202.0
1104 80 105.0
80 1104 105.0
1104 1040 109.0
1040 1104 109.0
1104 1096 109.0
1096 1104 109.0
1104 1100 106.0
1100 1104 106.0
1104 1102 202.0
1102 1104 202.0
1104 1103 204.0
1103 1104 204.0
1105 81 103.0
81 1105 103.0
1105 1041 110.0
1041 1105 110.0
1105 1089 105.0
1089 1105 105.0
1106 82 109.0
82 1106 109.0
1106 1042 107.0
1042 1106 107.0
1106 1090 101.0
1090 1106 101.0
1106 1105 107.0
1105 1106 107.0
1107 83 107.0
83 1107 107.0
1107 1043 106.0
1043 1107 106.0
1107 1091 102.0
1091 1107 102.0
1107 1105 106.0
1105 1107 106.0
1108 84 204.0
84 1108 204.0
1108 1044 209.0
1044 1108 209.0
1108 1092 208.0
1092 1108 208.0
1108 1106 201.0
1106 1108 201.0
1108 1107 207.0
1107 1108 207.0
1109 85 206.0
85 1109 206.0
1109 1045 207.0
1045 1109 207.0
1109 1093 203.0
1093 1109 203.0
1109 1105 208.0
1105 1109 208.0
1110 86 105.0
86 1110 105.0
1110 1046 104.0
1046 1110 104.0
1110 1094 110.0
1094 1110 110.0
1110 1106 108.0
1106 1110 108.0
1110 1109 201.0
1109 1110 201.0
1111 87 102.0
87 1111 102.0
1111 1047 103.0
1047 1111 103.0
1111 1095 105.0
1095 1111 105.0
1111 1107 107.0
1107 1111 107.0
1111 1109 206.0
1109 1111 206.0
1112 88 106.0
88 1112 106.0
1112 1048 108.0
1048 1112 108.0
1112 1096 109.0
1096 1112 109.0
1112 1108 204.0
1108 1112 204.0
1112 1110 107.0
1110 1112 107.0
1112 1111 107.0
1111 1112 107.0
1113 89 110.0
89 1113 110.0
1113 1049 104.0
1049 1113 104.0
1113 1097 101.0
1097 1113 101.0
1113 1105 109.0
1105 1113 109.0
1114 90 110.0
90 1114 110.0
1114 1050 101.0
1050 1114 101.0
1114 1098 109.0
1098 1114 109.0
1114 1106 110.0
1106 1114 110.0
1114 1113 109.0
1113 1114 109.0
1115 91 101.0
91 1115 101.0
1115 1051 102.0
1051 1115 102.0
1115 1099 103.0
1099 1115 103.0
1115 1107 109.0
1107 1115 109.0
1115 1113 110.0
1113 1115 110.0
1116 92 102.0
92 1116 102.0
1116 1052 201.0
1052 1116 201.0
1116 1100 108.0
1100 1116 108.0
1116 1108 209.0
1108 1116 209.0
1116 1114 107.0
1114 1116 107.0
1116 1115 107.0
1115 1116 107.0
1117 93 105.0
93 1117 105.0
1117 1053 103.0
1053 1117 103.0
1117 1101 106.0
1101 1117 106.0
1117 1109 206.0
1109 1117 206.0
1117 1113 106.0
1113 1117 106.0
1118 94 102.0
94 1118 102.0
1118 1054 106.0
1054 1118 106.0
1118 1102 201.0
1102 1118 201.0
1118 1110 109.0
1110 1118 109.0
1118 1114 109.0
1114 1118 109.0
1118 1117 104.0
1117 1118 104.0
1119 95 201.0
95 1119 201.0
1119 1055 105.0
1055 1119 105.0
1119 1103 210.0
1103 1119 210.0
1119 1111 109.0
1111 1119 109.0
1119 1115 110.0
1115 1119 110.0
1119 1117 106.0
1117 1119 106.0
1120 96 208.0
96 1120 208.0
1120 1056 108.0
1056 1120 108.0
1120 1104 108.0
1104 1120 108.0
1120 1112 109.0
1112 1120 109.0
1120 1116 101.0
1116 1120 101.0
1120 1118 107.0
1118 1120 107.0
1120 1119 101.0
1119 1120 101.0
1121 97 106.0
97 1121 106.0
1121 1057 104.0
1057 1121 104.0
1121 1089 105.0
1089 1121 105.0
1122 98 210.0
98 1122 210.0
1122 1058 204.0
1058 1122 204.0
1122 1090 201.0
1090 1122 201.0
1122 1121 208.0
1121 1122 208.0
1123 99 207.0
99 1123 207.0
1123 1059 102.0
1059 1123 102.0
1123 1091 102.0
1091 1123 102.0
1123 1121 109.0
1121 1123 109.0
1124 100 110.0
100 1124 110.0
1124 1060 106.0
1060 1124 106.0
1124 1092 106.0
1092 1124 106.0
1124 1122 201.0
1122 1124 201.0
1124 1123 104.0
1123 1124 104.0
1125 101 105.0
101 1125 105.0
1125 1061 105.0
1061 1125 105.0
1125 1093 101.0
1093 1125 101.0
1125 1121 110.0
1121 1125 110.0
1126 102 104.0
102 1126 104.0
1126 1062 110.0
1062 1126 110.0
1126 1094 106.0
1094 1126 106.0
1126 1122 208.0
1122 1126 208.0
1126 1125 110.0
1125 1126 110.0
1127 103 109.0
103 1127 109.0
1127 1063 210.0
1063 1127 210.0
1127 1095 108.0
1095 1127 108.0
1127 1123 106.0
1123 1127 106.0
1127 1125 104.0
1125 1127 104.0
1128 104 102.0
104 1128 102.0
1128 1064 103.0
1064 1128 103.0
1128 1096 102.0
1096 1128 102.0
1128 1124 103.0
1124 1128 103.0
1128 1126 107.0
1126 1128 107.0
1128 1127 110.0
1127 1128 110.0
1129 105 210.0
105 1129 210.0
1129 1065 101.0
1065 1129 101.0
1129 1097 105.0
1097 1129 105.0
1129 1121 110.0
1121 1129 110.0
1130 106 103.0
106 1130 103.0
1130 1066 107.0
1066 1130 107.0
1130 1098 105.0
1098 1130 105.0
1130 1122 207.0
1122 1130 207.0
1130 1129 101.0
1129 1130 101.0
1131 107 104.0
107 1131 104.0
1131 1067 102.0
1067 1131 102.0
1131 1099 110.0
1099 1131 110.0
1131 1123 103.0
1123 1131 103.0
1131 1129 106.0
1129 1131 106.0
1132 108 210.0
108 1132 210.0
1132 1068 107.0
1068 1132 107.0
1132 1100 107.0
1100 1132 107.0
1132 1124 105.0
1124 1132 105.0
1132 1130 105.0
1130 1132 105.0
1132 1131 106.0
1131 1132 106.0
1133 109 107.0
109 1133 107.0
1133 1069 208.0
1069 1133 208.0
1133 1101 107.0
1101 1133 107.0
1133 1125 105.0
1125 1133 105.0
1133 1129 106.0
1129 1133 106.0
1134 110 110.0
110 1134 110.0
1134 1070 107.0
1070 1134 107.0
1134 1102 209.0
1102 1134 209.0
1134 1126 104.0
1126 1134 104.0
1134 1130 107.0
1130 1134 107.0
1134 1133 107.0
1133 1134 107.0
1135 111 104.0
111 1135 104.0
1135 1071 105.0
1071 1135 105.0
1135 1103 203.0
1103 1135 203.0
1135 1127 106.0
1127 1135 106.0
1135 1131 109.0
1131 1135 109.0
1135 1133 103.0
1133 1135 103.0
1136 112 110.0
112 1136 110.0
1136 1072 101.0
1072 1136 101.0
1136 1104 102.0
1104 1136 102.0
1136 1128 101.0
1128 1136 101.0
1136 1132 106.0
1132 1136 106.0
1136 1134 108.0
1134 1136 108.0
1136 1135 105.0
1135 1136 105.0
1137 113 204.0
113 1137 204.0
1137 1073 110.0
1073 1137 110.0
1137 1105 101.0
1105 1137 101.0
1137 1121 107.0
1121 1137 107.0
1138 114 102.0
114 1138 102.0
1138 1074 108.0
1074 1138 108.0
1138 1106 105.0
1106 1138 105.0
1138 1122 204.0
1122 1138 204.0
1138 1137 105.0
1137 1138 105.0
1139 115 109.0
115 1139 109.0
1139 1075 106.0
1075 1139 106.0
1139 1107 106.0
1107 1139 106.0
1139 1123 107.0
1123 1139 107.0
1139 1137 104.0
1137 1139 104.0
1140 116 105.0
116 1140 105.0
1140 1076 105.0
1076 1140 105.0
1140 1108 207.0
1108 1140 207.0
1140 1124 109.0
1124 1140 109.0
1140 1138 103.0
1138 1140 103.0
1140 1139 110.0
1139 1140 110.0
1141 117 209.0
117 1141 209.0
1141 1077 106.0
1077 1141 106.0
1141 1109 208.0
1109 1141 208.0
1141 1125 105.0
1125 1141 105.0
1141 1137 109.0
1137 1141 109.0
1142 118 105.0
118 1142 105.0
1142 1078 205.0
1078 1142 205.0
1142 1110 101.0
1110 1142 101.0
1142 1126 104.0
1126 1142 104.0
1142 1138 103.0
1138 1142 103.0
1142 1141 103.0
1141 1142 103.0
1143 119 106.0
119 1143 106.0
1143 1079 109.0
1079 1143 109.0
1143 1111 102.0
1111 1143 102.0
1143 1127 106.0
1127 1143 106.0
1143 1139 108.0
1139 1143 108.0
1143 1141 105.0
1141 1143 105.0
1144 120 101.0
120 1144 101.0
1144 1080 105.0
1080 1144 105.0
1144 1112 108.0
1112 1144 108.0
1144 1128 107.0
1128 1144 107.0
1144 1140 108.0
1140 1144 108.0
1144 1142 104.0
1142 1144 104.0
1144 1143 109.0
1143 1144 109.0
1145 121 101.0
121 1145 101.0
1145 1081 104.0
1081 1145 104.0
1145 1113 102.0
1113 1145 102.0
1145 1129 101.0
1129 1145 101.0
1145 1137 101.0
1137 1145 101.0
1146 122 108.0
122 1146 108.0
1146 1082 101.0
1082 1146 101.0
1146 1114 103.0
1114 1146 103.0
1146 1130 104.0
1130 1146 104.0
1146 1138 110.0
1138 1146 110.0
1146 1145 109.0
1145 1146 109.0
1147 123 208.0
123 1147 208.0
1147 1083 204.0
1083 1147 204.0
1147 1115 204.0
1115 1147 204.0
1147 1131 208.0
1131 1147 208.0
1147 1139 208.0
1139 1147 208.0
1147 1145 207.0
1145 1147 207.0
1148 124 108.0
124 1148 108.0
1148 1084 101.0
1084 1148 101.0
1148 1116 107.0
1116 1148 107.0
1148 1132 110.0
1132 1148 110.0
1148 1140 104.0
1140 1148 104.0
1148 1146 103.0
1146 1148 103.0
1148 1147 209.0
1147 1148 209.0
1149 125 103.0
125 1149 103.0
1149 1085 108.0
1085 1149 108.0
1149 1117 108.0
1117 1149 108.0
1149 1133 110.0
1133 1149 110.0
1149 1141 105.0
1141 1149 105.0
1149 1145 108.0
1145 1149 108.0
1150 126 108.0
126 1150 108.0
1150 1086 109.0
1086 1150 109.0
1150 1118 109.0
1118 1150 109.0
1150 1134 109.0
1134 1150 109.0
1150 1142 106.0
1142 1150 106.0
1150 1146 104.0
1146 1150 104.0
1150 1149 107.0
1149 1150 107.0
1151 127 107.0
127 1151 107.0
1151 1087 106.0
1087 1151 106.0
1151 1119 107.0
1119 1151 107.0
1151 1135 107.0
1135 1151 107.0
1151 1143 109.0
1143 1151 109.0
1151 1147 206.0
1147 1151 206.0
1151 1149 103.0
1149 1151 103.0
1152 128 102.0
128 1152 102.0
1152 1088 104.0
1088 1152 104.0
1152 1120 105.0
1120 1152 105.0
1152 1136 107.0
1136 1152 107.0
1152 1144 106.0
1144 1152 106.0
1152 1148 106.0
1148 1152 106.0
1152 1150 108.0
1150 1152 108.0
1152 1151 102.0
1151 1152 102.0
1153 129 102.0
129 1153 102.0
1153 1025 101.0
1025 1153 101.0
1154 130 110.0
130 1154 110.0
1154 1026 106.0
1026 1154 106.0
1154 1153 108.0
1153 1154 108.0
1155 131 101.0
131 1155 101.0
1155 1027 101.0
1027 1155 101.0
1155 1153 101.0
1153 1155 101.0
1156 132 208.0
132 1156 208.0
1156 1028 101.0
1028 1156 101.0
1156 1154 104.0
1154 1156 104.0
1156 1155 101.0
1155 1156 101.0
1157 133 210.0
133 1157 210.0
1157 1029 102.0
1029 1157 102.0
1157 1153 105.0
1153 1157 105.0
1158 134 105.0
134 1158 105.0
1158 1030 102.0
1030 1158 102.0
1158 1154 109.0
1154 1158 109.0
1158 1157 107.0
1157 1158 107.0
1159 135 102.0
135 1159 102.0
1159 1031 106.0
1031 1159 106.0
1159 1155 106.0
1155 1159 106.0
1159 1157 107.0
1157 1159 107.0
1160 136 101.0
136 1160 101.0
1160 1032 204.0
1032 1160 204.0
1160 1156 106.0
1156 1160 106.0
1160 1158 104.0
1158 1160 104.0
1160 1159 108.0
1159 1160 108.0
1161 137 106.0
137 1161 106.0
1161 1033 206.0
1033 1161 206.0
1161 1153 103.0
1153 1161 103.0
1162 138 109.0
138 1162 109.0
1162 1034 103.0
1034 1162 103.0
1162 1154 107.0
1154 1162 107.0
1162 1161 104.0
1161 1162 104.0
1163 139 107.0
139 1163 107.0
1163 1035 109.0
1035 1163 109.0
1163 1155 105.0
1155 1163 105.0
1163 1161 110.0
1161 1163 110.0
1164 140 107.0
140 1164 107.0
1164 1036 110.0
1036 1164 110.0
1164 1156 107.0
1156 1164 107.0
1164 1162 103.0
1162 1164 103.0
1164 1163 105.0
1163 1164 105.0
1165 141 109.0
141 1165 109.0
1165 1037 102.0
1037 1165 102.0
1165 1157 103.0
1157 1165 103.0
1165 1161 108.0
1161 1165 108.0
1166 142 107.0
142 1166 107.0
1166 1038 109.0
1038 1166 109.0
1166 1158 107.0
1158 1166 107.0
1166 1162 102.0
1162 1166 102.0
1166 1165 102.0
1165 1166 102.0
1167 143 106.0
143 1167 106.0
1167 1039 106.0
1039 1167 106.0
1167 1159 104.0
1159 1167 104.0
1167 1163 103.0
1163 1167 103.0
1167 1165 103.0
1165 1167 103.0
1168 144 205.0
144 1168 205.0
1168 1040 102.0
1040 1168 102.0
1168 1160 109.0
1160 1168 109.0
1168 1164 110.0
1164 1168 110.0
1168 1166 106.0
1166 1168 106.0
1168 1167 110.0
1167 1168 110.0
1169 145 206.0
145 1169 206.0
1169 1041 204.0
1041 1169 204.0
1169 1153 203.0
1153 1169 203.0
1170 146 110.0
146 1170 110.0
1170 1042 105.0
1042 1170 105.0
1170 1154 108.0
1154 1170 108.0
1170 1169 210.0
1169 1170 210.0
1171 147 201.0
147 1171 201.0
1171 1043 207.0
1043 1171 207.0
1171 1155 205.0
1155 1171 205.0
1171 1169 310.0
1169 1171 310.0
1172 148 105.0
148 1172 105.0
1172 1044 108.0
1044 1172 108.0
1172 1156 107.0
1156 1172 107.0
1172 1170 108.0
1170 1172 108.0
1172 1171 201.0
1171 1172 201.0
1173 149 107.0
149 1173 107.0
1173 1045 104.0
1045 1173 104.0
1173 1157 108.0
1157 1173 108.0
1173 1169 208.0
1169 1173 208.0
1174 150 107.0
150 1174 107.0
1174 1046 101.0
1046 1174 101.0
1174 1158 110.0
1158 1174 110.0
1174 1170 110.0
1170 1174 110.0
1174 1173 102.0
1173 1174 102.0
1175 151 110.0
151 1175 110.0
1175 1047 104.0
1047 1175 104.0
1175 1159 106.0
1159 1175 106.0
1175 1171 201.0
1171 1175 201.0
1175 1173 103.0
1173 1175 103.0
1176 152 108.0
152 1176 108.0
1176 1048 105.0
1048 1176 105.0
1176 1160 107.0
1160 1176 107.0
1176 1172 103.0
1172 1176 103.0
1176 1174 105.0
1174 1176 105.0
1176 1175 101.0
1175 1176 101.0
1177 153 205.0
153 1177 205.0
1177 1049 103.0
1049 1177 103.0
1177 1161 107.0
1161 1177 107.0
1177 1169 202.0
1169 1177 202.0
1178 154 109.0
154 1178 109.0
1178 1050 106.0
1050 1178 106.0
1178 1162 103.0
1162 1178 103.0
1178 1170 109.0
1170 1178 109.0
1178 1177 106.0
1177 1178 106.0
1179 155 108.0
155 1179 108.0
1179 1051 102.0
1051 1179 102.0
1179 1163 106.0
1163 1179 106.0
1179 1171 208.0
1171 1179 208.0
1179 1177 110.0
1177 1179 110.0
1180 156 105.0
156 1180 105.0
1180 1052 209.0
1052 1180 209.0
1180 1164 105.0
1164 1180 105.0
1180 1172 102.0
1172 1180 102.0
1180 1178 104.0
1178 1180 104.0
1180 1179 102.0
1179 1180 102.0
1181 157 107.0
157 1181 107.0
1181 1053 107.0
1053 1181 107.0
1181 1165 101.0
1165 1181 101.0
1181 1173 102.0
1173 1181 102.0
1181 1177 108.0
1177 1181 108.0
1182 158 207.0
158 1182 207.0
1182 1054 205.0
1054 1182 205.0
1182 1166 206.0
1166 1182 206.0
1182 1174 207.0
1174 1182 207.0
1182 1178 208.0
1178 1182 208.0
1182 1181 204.0
1181 1182 204.0
1183 159 104.0
159 1183 104.0
1183 1055 108.0
1055 1183 108.0
1183 1167 106.0
1167 1183 106.0
1183 1175 105.0
1175 1183 105.0
1183 1179 106.0
1179 1183 106.0
1183 1181 107.0
1181 1183 107.0
1184 160 105.0
160 1184 105.0
1184 1056 101.0
1056 1184 101.0
1184 1168 108.0
1168 1184 108.0
1184 1176 105.0
1176 1184 105.0
1184 1180 110.0
1180 1184 110.0
1184 1182 202.0
1182 1184 202.0
1184 1183 108.0
1183 1184 108.0
1185 161 207.0
161 1185 207.0
1185 1057 205.0
1057 1185 205.0
1185 1153 202.0
1153 1185 202.0
1186 162 104.0
162 1186 104.0
1186 1058 105.0
1058 1186 105.0
1186 1154 109.0
1154 1186 109.0
1186 1185 208.0
1185 1186 208.0
1187 163 103.0
163 1187 103.0
1187 1059 108.0
1059 1187 108.0
1187 1155 102.0
1155 1187 102.0
1187 1185 206.0
1185 1187 206.0
1188 164 106.0
164 1188 106.0
1188 1060 107.0
1060 1188 107.0
1188 1156 109.0
1156 1188 109.0
1188 1186 109.0
1186 1188 109.0
1188 1187 103.0
1187 1188 103.0
1189 165 107.0
165 1189 107.0
1189 1061 102.0
1061 1189 102.0
1189 1157 103.0
1157 1189 103.0
1189 1185 202.0
1185 1189 202.0
1190 166 110.0
166 1190 110.0
1190 1062 102.0
1062 1190 102.0
1190 1158 107.0
1158 1190 107.0
1190 1186 106.0
1186 1190 106.0
1190 1189 105.0
1189 1190 105.0
1191 167 103.0
167 1191 103.0
1191 1063 204.0
1063 1191 204.0
1191 1159 102.0
1159 1191 102.0
1191 1187 107.0
1187 1191 107.0
1191 1189 109.0
1189 1191 109.0
1192 168 107.0
168 1192 107.0
1192 1064 105.0
1064 1192 105.0
1192 1160 109.0
1160 1192 109.0
1192 1188 105.0
1188 1192 105.0
1192 1190 107.0
1190 1192 107.0
1192 1191 103.0
1191 1192 103.0
1193 169 101.0
169 1193 101.0
1193 1065 109.0
1065 1193 109.0
1193 1161 107.0
1161 1193 107.0
1193 1185 208.0
1185 1193 208.0
1194 170 103.0
170 1194 103.0
1194 1066 103.0
1066 1194 103.0
1194 1162 103.0
1162 1194 103.0
1194 1186 110.0
1186 1194 110.0
1194 1193 107.0
1193 1194 107.0
1195 171 201.0
171 1195 201.0
1195 1067 103.0
1067 1195 103.0
1195 1163 104.0
1163 1195 104.0
1195 1187 106.0
1187 1195 106.0
1195 1193 105.0
1193 1195 105.0
1196 172 103.0
172 1196 103.0
1196 1068 103.0
1068 1196 103.0
1196 1164 104.0
1164 1196 104.0
1196 1188 105.0
1188 1196 105.0
1196 1194 101.0
1194 1196 101.0
1196 1195 104.0
1195 1196 104.0
1197 173 103.0
173 1197 103.0
1197 1069 209.0
1069 1197 209.0
1197 1165 107.0
1165 1197 107.0
1197 1189 104.0
1189 1197 104.0
1197 1193 102.0
1193 1197 102.0
1198 174 109.0
174 1198 109.0
1198 1070 110.0
1070 1198 110.0
1198 1166 105.0
1166 1198 105.0
1198 1190 106.0
1190 1198 106.0
1198 1194 109.0
1194 1198 109.0
1198 1197 102.0
1197 1198 102.0
1199 175 105.0
175 1199 105.0
1199 1071 106.0
1071 1199 106.0
1199 1167 110.0
1167 1199 110.0
1199 1191 103.0
1191 1199 103.0
1199 1195 110.0
1195 1199 110.0
1199 1197 101.0
1197 1199 101.0
1200 176 206.0
176 1200 206.0
1200 1072 203.0
1072 1200 203.0
1200 1168 210.0
1168 1200 210.0
1200 1192 201.0
1192 1200 201.0
1200 1196 205.0
1196 1200 205.0
1200 1198 201.0
1198 1200 201.0
1200 1199 205.0
1199 1200 205.0
1201 177 110.0
177 1201 110.0
1201 1073 105.0
1073 1201 105.0
1201 1169 201.0
1169 1201 201.0
1201 1185 207.0
1185 1201 207.0
1202 178 109.0
178 1202 109.0
1202 1074 106.0
1074 1202 106.0
1202 1170 110.0
1170 1202 110.0
1202 1186 109.0
1186 1202 109.0
1202 1201 103.0
1201 1202 103.0
1203 179 106.0
179 1203 106.0
1203 1075 109.0
1075 1203 109.0
1203 1171 202.0
1171 1203 202.0
1203 1187 104.0
1187 1203 104.0
1203 1201 110.0
1201 1203 110.0
1204 180 110.0
180 1204 110.0
1204 1076 101.0
1076 1204 101.0
1204 1172 105.0
1172 1204 105.0
1204 1188 110.0
1188 1204 110.0
1204 1202 101.0
1202 1204 101.0
1204 1203 105.0
1203 1204 105.0
1205 181 101.0
181 1205 101.0
1205 1077 110.0
1077 1205 110.0
1205 1173 104.0
1173 1205 104.0
1205 1189 107.0
1189 1205 107.0
1205 1201 103.0
1201 1205 103.0
1206 182 203.0
182 1206 203.0
1206 1078 303.0
1078 1206 303.0
1206 1174 201.0
1174 1206 201.0
1206 1190 203.0
1190 1206 203.0
1206 1202 204.0
1202 1206 204.0
1206 1205 205.0
1205 1206 205.0
1207 183 208.0
183 1207 208.0
1207 1079 107.0
1079 1207 107.0
1207 1175 103.0
1175 1207 103.0
1207 1191 104.0
1191 1207 104.0
1207 1203 107.0
1203 1207 107.0
1207 1205 101.0
1205 1207 101.0
1208 184 205.0
184 1208 205.0
1208 1080 106.0
1080 1208 106.0
1208 1176 108.0
1176 1208 108.0
1208 1192 106.0
1192 1208 106.0
1208 1204 101.0
1204 1208 101.0
1208 1206 210.0
1206 1208 210.0
1208 1207 106.0
1207 1208 106.0
1209 185 109.0
185 1209 109.0
1209 1081 103.0
1081 1209 103.0
1209 1177 108.0
1177 1209 108.0
1209 1193 110.0
1193 1209 110.0
1209 1201 106.0
1201 1209 106.0
1210 186 203.0
186 1210 203.0
1210 1082 103.0
1082 1210 103.0
1210 1178 101.0
1178 1210 101.0
1210 1194 101.0
1194 1210 101.0
1210 1202 103.0
1202 1210 103.0
1210 1209 106.0
1209 1210 106.0
1211 187 105.0
187 1211 105.0
1211 1083 105.0
1083 1211 105.0
1211 1179 107.0
1179 1211 107.0
1211 1195 103.0
1195 1211 103.0
1211 1203 101.0
1203 1211 101.0
1211 1209 104.0
1209 1211 104.0
1212 188 109.0
188 1212 109.0
1212 1084 104.0
1084 1212 104.0
1212 1180 102.0
1180 1212 102.0
1212 1196 101.0
1196 1212 101.0
1212 1204 104.0
1204 1212 104.0
1212 1210 104.0
1210 1212 104.0
1212 1211 103.0
1211 1212 103.0
1213 189 106.0
189 1213 106.0
1213 1085 103.0
1085 1213 103.0
1213 1181 106.0
1181 1213 106.0
1213 1197 110.0
1197 1213 110.0
1213 1205 107.0
1205 1213 107.0
1213 1209 104.0
1209 1213 104.0
1214 190 105.0
190 1214 105.0
1214 1086 108.0
1086 1214 108.0
1214 1182 202.0
1182 1214 202.0
1214 1198 101.0
1198 1214 101.0
1214 1206 204.0
1206 1214 204.0
1214 1210 107.0
1210 1214 107.0
1214 1213 106.0
1213 1214 106.0
1215 191 202.0
191 1215 202.0
1215 1087 210.0
1087 1215 210.0
1215 1183 203.0
1183 1215 203.0
1215 1199 202.0
1199 1215 202.0
1215 1207 204.0
1207 1215 204.0
1215 1211 204.0
1211 1215 204.0
1215 1213 203.0
1213 1215 203.0
1216 192 109.0
192 1216 109.0
1216 1088 109.0
1088 1216 109.0
1216 1184 109.0
1184 1216 109.0
1216 1200 205.0
1200 1216 205.0
1216 1208 109.0
1208 1216 109.0
1216 1212 102.0
1212 1216 102.0
1216 1214 101.0
1214 1216 101.0
1216 1215 201.0
1215 1216 201.0
1217 193 106.0
193 1217 106.0
1217 1089 109.0
1089 1217 109.0
1217 1153 106.0
1153 1217 106.0
1218 194 108.0
194 1218 108.0
1218 1090 107.0
1090 1218 107.0
1218 1154 101.0
1154 1218 101.0
1218 1217 104.0
1217 1218 104.0
1219 195 204.0
195 1219 204.0
1219 1091 208.0
1091 1219 208.0
1219 1155 208.0
1155 1219 208.0
1219 1217 209.0
1217 1219 209.0
1220 196 101.0
196 1220 101.0
1220 1092 108.0
1092 1220 108.0
1220 1156 103.0
1156 1220 103.0
1220 1218 101.0
1218 1220 101.0
1220 1219 206.0
1219 1220 206.0
1221 197 103.0
197 1221 103.0
1221 1093 108.0
1093 1221 108.0
1221 1157 104.0
1157 1221 104.0
1221 1217 101.0
1217 1221 101.0
1222 198 108.0
198 1222 108.0
1222 1094 110.0
1094 1222 110.0
1222 1158 107.0
1158 1222 107.0
1222 1218 109.0
1218 1222 109.0
1222 1221 105.0
1221 1222 105.0
1223 199 103.0
199 1223 103.0
1223 1095 104.0
1095 1223 104.0
1223 1159 104.0
1159 1223 104.0
1223 1219 204.0
1219 1223 204.0
1223 1221 110.0
1221 1223 110.0
1224 200 104.0
200 1224 104.0
1224 1096 107.0
1096 1224 107.0
1224 1160 110.0
1160 1224 110.0
1224 1220 102.0
1220 1224 102.0
1224 1222 106.0
1222 1224 106.0
1224 1223 105.0
1223 1224 105.0
1225 201 205.0
201 1225 205.0
1225 1097 103.0
1097 1225 103.0
1225 1161 106.0
1161 1225 106.0
1225 1217 103.0
1217 1225 103.0
1226 202 205.0
202 1226 205.0
1226 1098 202.0
1098 1226 202.0
1226 1162 210.0
1162 1226 210.0
1226 1218 203.0
1218 1226 203.0
1226 1225 205.0
1225 1226 205.0
1227 203 103.0
203 1227 103.0
1227 1099 103.0
1099 1227 103.0
1227 1163 102.0
1163 1227 102.0
1227 1219 205.0
1219 1227 205.0
1227 1225 103.0
1225 1227 103.0
1228 204 104.0
204 1228 104.0
1228 1100 106.0
1100 1228 106.0
1228 1164 110.0
1164 1228 110.0
1228 1220 105.0
1220 1228 105.0
1228 1226 209.0
1226 1228 209.0
1228 1227 109.0
1227 1228 109.0
1229 205 208.0
205 1229 208.0
1229 1101 201.0
1101 1229 201.0
1229 1165 210.0
1165 1229 210.0
1229 1221 210.0
1221 1229 210.0
1229 1225 209.0
1225 1229 209.0
1230 206 104.0
206 1230 104.0
1230 1102 201.0
1102 1230 201.0
1230 1166 105.0
1166 1230 105.0
1230 1222 110.0
1222 1230 110.0
1230 1226 205.0
1226 1230 205.0
1230 1229 205.0
1229 1230 205.0
1231 207 107.0
207 1231 107.0
1231 1103 202.0
1103 1231 202.0
1231 1167 106.0
1167 1231 106.0
1231 1223 102.0
1223 1231 102.0
1231 1227 107.0
1227 1231 107.0
1231 1229 204.0
1229 1231 204.0
1232 208 104.0
208 1232 104.0
1232 1104 107.0
1104 1232 107.0
1232 1168 107.0
1168 1232 107.0
1232 1224 109.0
1224 1232 109.0
1232 1228 104.0
1228 1232 104.0
1232 1230 106.0
1230 1232 106.0
1232 1231 106.0
1231 1232 106.0
1233 209 102.0
209 1233 102.0
1233 1105 106.0
1105 1233 106.0
1233 1169 201.0
1169 1233 201.0
1233 1217 107.0
1217 1233 107.0
1234 210 205.0
210 1234 205.0
1234 1106 106.0
1106 1234 106.0
1234 1170 103.0
1170 1234 103.0
1234 1218 103.0
1218 1234 103.0
1234 1233 107.0
1233 1234 107.0
1235 211 110.0
211 1235 110.0
1235 1107 104.0
1107 1235 104.0
1235 1171 210.0
1171 1235 210.0
1235 1219 207.0
1219 1235 207.0
1235 1233 105.0
1233 1235 105.0
1236 212 205.0
212 1236 205.0
1236 1108 207.0
1108 1236 207.0
1236 1172 103.0
1172 1236 103.0
1236 1220 110.0
1220 1236 110.0
1236 1234 101.0
1234 1236 101.0
1236 1235 109.0
1235 1236 109.0
1237 213 103.0
213 1237 103.0
1237 1109 203.0
1109 1237 203.0
1237 1173 107.0
1173 1237 107.0
1237 1221 108.0
1221 1237 108.0
1237 1233 108.0
1233 1237 108.0
1238 214 101.0
214 1238 101.0
1238 1110 108.0
1110 1238 108.0
1238 1174 101.0
1174 1238 101.0
1238 1222 104.0
1222 1238 104.0
1238 1234 104.0
1234 1238 104.0
1238 1237 106.0
1237 1238 106.0
1239 215 106.0
215 1239 106.0
1239 1111 104.0
1111 1239 104.0
1239 1175 105.0
1175 1239 105.0
1239 1223 105.0
1223 1239 105.0
1239 1235 102.0
1235 1239 102.0
1239 1237 107.0
1237 1239 107.0
1240 216 109.0
216 1240 109.0
1240 1112 109.0
1112 1240 109.0
1240 1176 105.0
1176 1240 105.0
1240 1224 108.0
1224 1240 108.0
1240 1236 102.0
1236 1240 102.0
1240 1238 103.0
1238 1240 103.0
1240 1239 101.0
1239 1240 101.0
1241 217 107.0
217 1241 107.0
1241 1113 104.0
1113 1241 104.0
1241 1177 108.0
1177 1241 108.0
1241 1225 101.0
1225 1241 101.0
1241 1233 103.0
1233 1241 103.0
1242 218 101.0
218 1242 101.0
1242 1114 102.0
1114 1242 102.0
1242 1178 107.0
1178 1242 107.0
1242 1226 203.0
1226 1242 203.0
1242 1234 108.0
1234 1242 108.0
1242 1241 108.0
1241 1242 108.0
1243 219 108.0
219 1243 108.0
1243 1115 104.0
1115 1243 104.0
1243 1179 110.0
1179 1243 110.0
1243 1227 104.0
1227 1243 104.0
1243 1235 102.0
1235 1243 102.0
1243 1241 105.0
1241 1243 105.0
1244 220 102.0
220 1244 102.0
1244 1116 103.0
1116 1244 103.0
1244 1180 101.0
1180 1244 101.0
1244 1228 105.0
1228 1244 105.0
1244 1236 103.0
1236 1244 103.0
1244 1242 109.0
1242 1244 109.0
1244 1243 101.0
1243 1244 101.0
1245 221 108.0
221 1245 108.0
1245 1117 103.0
1117 1245 103.0
1245 1181 107.0
1181 1245 107.0
1245 1229 208.0
1229 1245 208.0
1245 1237 105.0
1237 1245 105.0
1245 1241 110.0
1241 1245 110.0
1246 222 110.0
222 1246 110.0
1246 1118 108.0
1118 1246 108.0
1246 1182 209.0
1182 1246 209.0
1246 1230 102.0
1230 1246 102.0
1246 1238 107.0
1238 1246 107.0
1246 1242 106.0
1242 1246 106.0
1246 1245 109.0
1245 1246 109.0
1247 223 208.0
223 1247 208.0
1247 1119 105.0
1119 1247 105.0
1247 1183 106.0
1183 1247 106.0
1247 1231 106.0
1231 1247 106.0
1247 1239 105.0
1239 1247 105.0
1247 1243 104.0
1243 1247 104.0
1247 1245 106.0
1245 1247 106.0
1248 224 106.0
224 1248 106.0
1248 1120 104.0
1120 1248 104.0
1248 1184 107.0
1184 1248 107.0
1248 1232 109.0
1232 1248 109.0
1248 1240 103.0
1240 1248 103.0
1248 1244 105.0
1244 1248 105.0
1248 1246 109.0
1246 1248 109.0
1248 1247 107.0
1247 1248 107.0
1249 225 104.0
225 1249 104.0
1249 1121 107.0
1121 1249 107.0
1249 1185 206.0
1185 1249 206.0
1249 1217 107.0
1217 1249 107.0
1250 226 207.0
226 1250 207.0
1250 1122 209.0
1122 1250 209.0
1250 1186 102.0
1186 1250 102.0
1250 1218 105.0
1218 1250 105.0
1250 1249 101.0
1249 1250 101.0
1251 227 105.0
227 1251 105.0
1251 1123 109.0
1123 1251 109.0
1251 1187 102.0
1187 1251 102.0
1251 1219 205.0
1219 1251 205.0
1251 1249 102.0
1249 1251 102.0
1252 228 101.0
228 1252 101.0
1252 1124 109.0
1124 1252 109.0
1252 1188 107.0
1188 1252 107.0
1252 1220 110.0
1220 1252 110.0
1252 1250 102.0
1250 1252 102.0
1252 1251 105.0
1251 1252 105.0
1253 229 104.0
229 1253 104.0
1253 1125 101.0
1125 1253 101.0
1253 1189 103.0
1189 1253 103.0
1253 1221 102.0
1221 1253 102.0
1253 1249 108.0
1249 1253 108.0
1254 230 110.0
230 1254 110.0
1254 1126 104.0
1126 1254 104.0
1254 1190 107.0
1190 1254 107.0
1254 1222 103.0
1222 1254 103.0
1254 1250 101.0
1250 1254 101.0
1254 1253 108.0
1253 1254 108.0
1255 231 108.0
231 1255 108.0
1255 1127 101.0
1127 1255 101.0
1255 1191 103.0
1191 1255 103.0
1255 1223 107.0
1223 1255 107.0
1255 1251 106.0
1251 1255 106.0
1255 1253 105.0
1253 1255 105.0
1256 232 306.0
232 1256 306.0
1256 1128 201.0
1128 1256 201.0
1256 1192 205.0
1192 1256 205.0
1256 1224 202.0
1224 1256 202.0
1256 1252 204.0
1252 1256 204.0
1256 1254 210.0
1254 1256 210.0
1256 1255 204.0
1255 1256 204.0
1257 233 109.0
233 1257 109.0
1257 1129 103.0
1129 1257 103.0
1257 1193 103.0
1193 1257 103.0
1257 1225 102.0
1225 1257 102.0
1257 1249 106.0
1249 1257 106.0
1258 234 103.0
234 1258 103.0
1258 1130 107.0
1130 1258 107.0
1258 1194 107.0
1194 1258 107.0
1258 1226 202.0
1226 1258 202.0
1258 1250 109.0
1250 1258 109.0
1258 1257 108.0
1257 1258 108.0
1259 235 109.0
235 1259 109.0
1259 1131 107.0
1131 1259 107.0
1259 1195 103.0
1195 1259 103.0
1259 1227 103.0
1227 1259 103.0
1259 1251 107.0
1251 1259 107.0
1259 1257 101.0
1257 1259 101.0
1260 236 110.0
236 1260 110.0
1260 1132 102.0
1132 1260 102.0
1260 1196 110.0
1196 1260 110.0
1260 1228 104.0
1228 1260 104.0
1260 1252 103.0
1252 1260 103.0
1260 1258 103.0
1258 1260 103.0
1260 1259 104.0
1259 1260 104.0
1261 237 206.0
237 1261 206.0
1261 1133 104.0
1133 1261 104.0
1261 1197 110.0
1197 1261 110.0
1261 1229 203.0
1229 1261 203.0
1261 1253 101.0
1253 1261 101.0
1261 1257 106.0
1257 1261 106.0
1262 238 106.0
238 1262 106.0
1262 1134 101.0
1134 1262 101.0
1262 1198 107.0
1198 1262 107.0
1262 1230 103.0
1230 1262 103.0
1262 1254 106.0
1254 1262 106.0
1262 1258 110.0
1258 1262 110.0
1262 1261 103.0
1261 1262 103.0
1263 239 108.0
239 1263 108.0
1263 1135 110.0
1135 1263 110.0
1263 1199 109.0
1199 1263 109.0
1263 1231 106.0
1231 1263 106.0
1263 1255 104.0
1255 1263 104.0
1263 1259 104.0
1259 1263 104.0
1263 1261 108.0
1261 1263 108.0
1264 240 108.0
240 1264 108.0
1264 1136 109.0
1136 1264 109.0
1264 1200 206.0
1200 1264 206.0
1264 1232 101.0
1232 1264 101.0
1264 1256 208.0
1256 1264 208.0
1264 1260 107.0
1260 1264 107.0
1264 1262 109.0
1262 1264 109.0
1264 1263 103.0
1263 1264 103.0
1265 241 103.0
241 1265 103.0
1265 1137 102.0
1137 1265 102.0
1265 1201 104.0
1201 1265 104.0
1265 1233 101.0
1233 1265 101.0
1265 1249 104.0
1249 1265 104.0
1266 242 102.0
242 1266 102.0
1266 1138 108.0
1138 1266 108.0
1266 1202 110.0
1202 1266 110.0
1266 1234 106.0
1234 1266 106.0
1266 1250 104.0
1250 1266 104.0
1266 1265 105.0
1265 1266 105.0
1267 243 103.0
243 1267 103.0
1267 1139 107.0
1139 1267 107.0
1267 1203 110.0
1203 1267 110.0
1267 1235 106.0
1235 1267 106.0
1267 1251 108.0
1251 1267 108.0
1267 1265 101.0
1265 1267 101.0
1268 244 110.0
244 1268 110.0
1268 1140 110.0
1140 1268 110.0
1268 1204 107.0
1204 1268 107.0
1268 1236 107.0
1236 1268 107.0
1268 1252 104.0
1252 1268 104.0
1268 1266 110.0
1266 1268 110.0
1268 1267 110.0
1267 1268 110.0
1269 245 206.0
245 1269 206.0
1269 1141 209.0
1141 1269 209.0
1269 1205 203.0
1205 1269 203.0
1269 1237 210.0
1237 1269 210.0
1269 1253 210.0
1253 1269 210.0
1269 1265 209.0
1265 1269 209.0
1270 246 109.0
246 1270 109.0
1270 1142 110.0
1142 1270 110.0
1270 1206 206.0
1206 1270 206.0
1270 1238 109.0
1238 1270 109.0
1270 1254 107.0
1254 1270 107.0
1270 1266 105.0
1266 1270 105.0
1270 1269 207.0
1269 1270 207.0
1271 247 102.0
247 1271 102.0
1271 1143 110.0
1143 1271 110.0
1271 1207 110.0
1207 1271 110.0
1271 1239 110.0
1239 1271 110.0
1271 1255 107.0
1255 1271 107.0
1271 1267 104.0
1267 1271 104.0
1271 1269 202.0
1269 1271 202.0
1272 248 101.0
248 1272 101.0
1272 1144 105.0
1144 1272 105.0
1272 1208 105.0
1208 1272 105.0
1272 1240 104.0
1240 1272 104.0
1272 1256 204.0
1256 1272 204.0
1272 1268 105.0
1268 1272 105.0
1272 1270 109.0
1270 1272 109.0
1272 1271 110.0
1271 1272 110.0
1273 249 102.0
249 1273 102.0
1273 1145 110.0
1145 1273 110.0
1273 1209 110.0
1209 1273 110.0
1273 1241 104.0
1241 1273 104.0
1273 1257 105.0
1257 1273 105.0
1273 1265 108.0
1265 1273 108.0
1274 250 106.0
250 1274 106.0
1274 1146 106.0
1146 1274 106.0
1274 1210 101.0
1210 1274 101.0
1274 1242 104.0
1242 1274 104.0
1274 1258 103.0
1258 1274 103.0
1274 1266 103.0
1266 1274 103.0
1274 1273 102.0
1273 1274 102.0
1275 251 102.0
251 1275 102.0
1275 1147 207.0
1147 1275 207.0
1275 1211 108.0
1211 1275 108.0
1275 1243 107.0
1243 1275 107.0
1275 1259 105.0
1259 1275 105.0
1275 1267 109.0
1267 1275 109.0
1275 1273 102.0
1273 1275 102.0
1276 252 210.0
252 1276 210.0
1276 1148 201.0
1148 1276 201.0
1276 1212 206.0
1212 1276 206.0
1276 1244 205.0
1244 1276 205.0
1276 1260 210.0
1260 1276 210.0
1276 1268 208.0
1268 1276 208.0
1276 1274 203.0
1274 1276 203.0
1276 1275 205.0
1275 1276 205.0
1277 253 106.0
253 1277 106.0
1277 1149 106.0
1149 1277 106.0
1277 1213 108.0
1213 1277 108.0
1277 1245 109.0
1245 1277 109.0
1277 1261 102.0
1261 1277 102.0
1277 1269 208.0
1269 1277 208.0
1277 1273 102.0
1273 1277 102.0
1278 254 103.0
254 1278 103.0
1278 1150 108.0
1150 1278 108.0
1278 1214 104.0
1214 1278 104.0
1278 1246 105.0
1246 1278 105.0
1278 1262 101.0
1262 1278 101.0
1278 1270 103.0
1270 1278 103.0
1278 1274 105.0
1274 1278 105.0
1278 1277 105.0
1277 1278 105.0
1279 255 105.0
255 1279 105.0
1279 1151 109.0
1151 1279 109.0
1279 1215 202.0
1215 1279 202.0
1279 1247 109.0
1247 1279 109.0
1279 1263 106.0
1263 1279 106.0
1279 1271 109.0
1271 1279 109.0
1279 1275 107.0
1275 1279 107.0
1279 1277 104.0
1277 1279 104.0
1280 256 103.0
256 1280 103.0
1280 1152 101.0
1152 1280 101.0
1280 1216 108.0
1216 1280 108.0
1280 1248 103.0
1248 1280 103.0
1280 1264 106.0
1264 1280 106.0
1280 1272 101.0
1272 1280 101.0
1280 1276 208.0
1276 1280 208.0
1280 1278 109.0
1278 1280 109.0
1280 1279 108.0
1279 1280 108.0
1281 257 108.0
257 1281 108.0
1281 1025 103.0
1025 1281 103.0
1282 258 110.0
258 1282 110.0
1282 1026 101.0
1026 1282 101.0
1282 1281 103.0
1281 1282 103.0
1283 259 105.0
259 1283 105.0
1283 1027 107.0
1027 1283 107.0
1283 1281 106.0
1281 1283 106.0
1284 260 103.0
260 1284 103.0
1284 1028 105.0
1028 1284 105.0
1284 1282 105.0
1282 1284 105.0
1284 1283 109.0
1283 1284 109.0
1285 261 109.0
261 1285 109.0
1285 1029 108.0
1029 1285 108.0
1285 1281 101.0
1281 1285 101.0
1286 262 103.0
262 1286 103.0
1286 1030 110.0
1030 1286 110.0
1286 1282 104.0
1282 1286 104.0
1286 1285 110.0
1285 1286 110.0
1287 263 110.0
263 1287 110.0
1287 1031 103.0
1031 1287 103.0
1287 1283 103.0
1283 1287 103.0
1287 1285 105.0
1285 1287 105.0
1288 264 103.0
264 1288 103.0
1288 1032 204.0
1032 1288 204.0
1288 1284 110.0
1284 1288 110.0
1288 1286 108.0
1286 1288 108.0
1288 1287 101.0
1287 1288 101.0
1289 265 108.0
265 1289 108.0
1289 1033 205.0
1033 1289 205.0
1289 1281 109.0
1281 1289 109.0
1290 266 207.0
266 1290 207.0
1290 1034 110.0
1034 1290 110.0
1290 1282 105.0
1282 1290 105.0
1290 1289 102.0
1289 1290 102.0
1291 267 109.0
267 1291 109.0
1291 1035 110.0
1035 1291 110.0
1291 1283 103.0
1283 1291 103.0
1291 1289 107.0
1289 1291 107.0
1292 268 107.0
268 1292 107.0
1292 1036 102.0
1036 1292 102.0
1292 1284 107.0
1284 1292 107.0
1292 1290 108.0
1290 1292 108.0
1292 1291 108.0
1291 1292 108.0
1293 269 109.0
269 1293 109.0
1293 1037 105.0
1037 1293 105.0
1293 1285 107.0
1285 1293 107.0
1293 1289 110.0
1289 1293 110.0
1294 270 104.0
270 1294 104.0
1294 1038 106.0
1038 1294 106.0
1294 1286 104.0
1286 1294 104.0
1294 1290 110.0
1290 1294 110.0
1294 1293 105.0
1293 1294 105.0
1295 271 203.0
271 1295 203.0
1295 1039 103.0
1039 1295 103.0
1295 1287 103.0
1287 1295 103.0
1295 1291 106.0
1291 1295 106.0
1295 1293 109.0
1293 1295 109.0
1296 272 101.0
272 1296 101.0
1296 1040 108.0
1040 1296 108.0
1296 1288 102.0
1288 1296 102.0
1296 1292 110.0
1292 1296 110.0
1296 1294 101.0
1294 1296 101.0
1296 1295 110.0
1295 1296 110.0
1297 273 102.0
273 1297 102.0
1297 1041 106.0
1041 1297 106.0
1297 1281 108.0
1281 1297 108.0
1298 274 101.0
274 1298 101.0
1298 1042 108.0
1042 1298 108.0
1298 1282 110.0
1282 1298 110.0
1298 1297 109.0
1297 1298 109.0
1299 275 208.0
275 1299 208.0
1299 1043 110.0
1043 1299 110.0
1299 1283 103.0
1283 1299 103.0
1299 1297 107.0
1297 1299 107.0
1300 276 104.0
276 1300 104.0
1300 1044 110.0
1044 1300 110.0
1300 1284 102.0
1284 1300 102.0
1300 1298 101.0
1298 1300 101.0
1300 1299 101.0
1299 1300 101.0
1301 277 101.0
277 1301 101.0
1301 1045 106.0
1045 1301 106.0
1301 1285 103.0
1285 1301 103.0
1301 1297 107.0
1297 1301 107.0
1302 278 109.0
278 1302 109.0
1302 1046 101.0
1046 1302 101.0
1302 1286 104.0
1286 1302 104.0
1302 1298 107.0
1298 1302 107.0
1302 1301 105.0
1301 1302 105.0
1303 279 102.0
279 1303 102.0
1303 1047 103.0
1047 1303 103.0
1303 1287 106.0
1287 1303 106.0
1303 1299 104.0
1299 1303 104.0
1303 1301 110.0
1301 1303 110.0
1304 280 301.0
280 1304 301.0
1304 1048 201.0
1048 1304 201.0
1304 1288 209.0
1288 1304 209.0
1304 1300 208.0
1300 1304 208.0
1304 1302 201.0
1302 1304 201.0
1304 1303 203.0
1303 1304 203.0
1305 281 109.0
281 1305 109.0
1305 1049 110.0
1049 1305 110.0
1305 1289 109.0
1289 1305 109.0
1305 1297 104.0
1297 1305 104.0
1306 282 108.0
282 1306 108.0
1306 1050 108.0
1050 1306 108.0
1306 1290 104.0
1290 1306 104.0
1306 1298 110.0
1298 1306 110.0
1306 1305 103.0
1305 1306 103.0
1307 283 109.0
283 1307 109.0
1307 1051 109.0
1051 1307 109.0
1307 1291 108.0
1291 1307 108.0
1307 1299 106.0
1299 1307 106.0
1307 1305 109.0
1305 1307 109.0
1308 284 106.0
284 1308 106.0
1308 1052 206.0
1052 1308 206.0
1308 1292 105.0
1292 1308 105.0
1308 1300 107.0
1300 1308 107.0
1308 1306 102.0
1306 1308 102.0
1308 1307 109.0
1307 1308 109.0
1309 285 108.0
285 1309 108.0
1309 1053 107.0
1053 1309 107.0
1309 1293 110.0
1293 1309 110.0
1309 1301 108.0
1301 1309 108.0
1309 1305 107.0
1305 1309 107.0
1310 286 204.0
286 1310 204.0
1310 1054 209.0
1054 1310 209.0
1310 1294 205.0
1294 1310 205.0
1310 1302 208.0
1302 1310 208.0
1310 1306 203.0
1306 1310 203.0
1310 1309 207.0
1309 1310 207.0
1311 287 205.0
287 1311 205.0
1311 1055 201.0
1055 1311 201.0
1311 1295 202.0
1295 1311 202.0
1311 1303 201.0
1303 1311 201.0
1311 1307 210.0
1307 1311 210.0
1311 1309 208.0
1309 1311 208.0
1312 288 105.0
288 1312 105.0
1312 1056 108.0
1056 1312 108.0
1312 1296 110.0
1296 1312 110.0
1312 1304 208.0
1304 1312 208.0
1312 1308 109.0
1308 1312 109.0
1312 1310 204.0
1310 1312 204.0
1312 1311 204.0
1311 1312 204.0
1313 289 101.0
289 1313 101.0
1313 1057 105.0
1057 1313 105.0
1313 1281 109.0
1281 1313 109.0
1314 290 108.0
290 1314 108.0
1314 1058 104.0
1058 1314 104.0
1314 1282 101.0
1282 1314 101.0
1314 1313 101.0
1313 1314 101.0
1315 291 109.0
291 1315 109.0
1315 1059 104.0
1059 1315 104.0
1315 1283 102.0
1283 1315 102.0
1315 1313 109.0
1313 1315 109.0
1316 292 204.0
292 1316 204.0
1316 1060 201.0
1060 1316 201.0
1316 1284 210.0
1284 1316 210.0
1316 1314 207.0
1314 1316 207.0
1316 1315 207.0
1315 1316 207.0
1317 293 106.0
293 1317 106.0
1317 1061 109.0
1061 1317 109.0
1317 1285 109.0
1285 1317 109.0
1317 1313 102.0
1313 1317 102.0
1318 294 209.0
294 1318 209.0
1318 1062 208.0
1062 1318 208.0
1318 1286 210.0
1286 1318 210.0
1318 1314 210.0
1314 1318 210.0
1318 1317 203.0
1317 1318 203.0
1319 295 109.0
295 1319 109.0
1319 1063 202.0
1063 1319 202.0
1319 1287 108.0
1287 1319 108.0
1319 1315 108.0
1315 1319 108.0
1319 1317 103.0
1317 1319 103.0
1320 296 201.0
296 1320 201.0
1320 1064 110.0
1064 1320 110.0
1320 1288 107.0
1288 1320 107.0
1320 1316 204.0
1316 1320 204.0
1320 1318 207.0
1318 1320 207.0
1320 1319 103.0
1319 1320 103.0
1321 297 202.0
297 1321 202.0
1321 1065 107.0
1065 1321 107.0
1321 1289 102.0
1289 1321 102.0
1321 1313 103.0
1313 1321 103.0
1322 298 106.0
298 1322 106.0
1322 1066 106.0
1066 1322 106.0
1322 1290 101.0
1290 1322 101.0
1322 1314 110.0
1314 1322 110.0
1322 1321 109.0
1321 1322 109.0
1323 299 109.0
299 1323 109.0
1323 1067 107.0
1067 1323 107.0
1323 1291 105.0
1291 1323 105.0
1323 1315 101.0
1315 1323 101.0
1323 1321 110.0
1321 1323 110.0
1324 300 101.0
300 1324 101.0
1324 1068 103.0
1068 1324 103.0
1324 1292 105.0
1292 1324 105.0
1324 1316 208.0
1316 1324 208.0
1324 1322 104.0
1322 1324 104.0
1324 1323 108.0
1323 1324 108.0
1325 301 105.0
301 1325 105.0
1325 1069 207.0
1069 1325 207.0
1325 1293 108.0
1293 1325 108.0
1325 1317 109.0
1317 1325 109.0
1325 1321 102.0
1321 1325 102.0
1326 302 101.0
302 1326 101.0
1326 1070 106.0
1070 1326 106.0
1326 1294 108.0
1294 1326 108.0
1326 1318 209.0
1318 1326 209.0
1326 1322 102.0
1322 1326 102.0
1326 1325 101.0
1325 1326 101.0
1327 303 102.0
303 1327 102.0
1327 1071 102.0
1071 1327 102.0
1327 1295 110.0
1295 1327 110.0
1327 1319 101.0
1319 1327 101.0
1327 1323 108.0
1323 1327 108.0
1327 1325 106.0
1325 1327 106.0
1328 304 105.0
304 1328 105.0
1328 1072 101.0
1072 1328 101.0
1328 1296 106.0
1296 1328 106.0
1328 1320 103.0
1320 1328 103.0
1328 1324 103.0
1324 1328 103.0
1328 1326 101.0
1326 1328 101.0
1328 1327 109.0
1327 1328 109.0
1329 305 205.0
305 1329 205.0
1329 1073 207.0
1073 1329 207.0
1329 1297 204.0
1297 1329 204.0
1329 1313 207.0
1313 1329 207.0
1330 306 103.0
306 1330 103.0
1330 1074 101.0
1074 1330 101.0
1330 1298 104.0
1298 1330 104.0
1330 1314 108.0
1314 1330 108.0
1330 1329 208.0
1329 1330 208.0
1331 307 206.0
307 1331 206.0
1331 1075 104.0
1075 1331 104.0
1331 1299 101.0
1299 1331 101.0
1331 1315 109.0
1315 1331 109.0
1331 1329 210.0
1329 1331 210.0
1332 308 101.0
308 1332 101.0
1332 1076 107.0
1076 1332 107.0
1332 1300 105.0
1300 1332 105.0
1332 1316 209.0
1316 1332 209.0
1332 1330 101.0
1330 1332 101.0
1332 1331 107.0
1331 1332 107.0
1333 309 210.0
309 1333 210.0
1333 1077 107.0
1077 1333 107.0
1333 1301 107.0
1301 1333 107.0
1333 1317 101.0
1317 1333 101.0
1333 1329 206.0
1329 1333 206.0
1334 310 105.0
310 1334 105.0
1334 1078 202.0
1078 1334 202.0
1334 1302 105.0
1302 1334 105.0
1334 1318 204.0
1318 1334 204.0
1334 1330 109.0
1330 1334 109.0
1334 1333 107.0
1333 1334 107.0
1335 311 101.0
311 1335 101.0
1335 1079 108.0
1079 1335 108.0
1335 1303 104.0
1303 1335 104.0
1335 1319 102.0
1319 1335 102.0
1335 1331 107.0
1331 1335 107.0
1335 1333 102.0
1333 1335 102.0
1336 312 104.0
312 1336 104.0
1336 1080 104.0
1080 1336 104.0
1336 1304 208.0
1304 1336 208.0
1336 1320 101.0
1320 1336 101.0
1336 1332 108.0
1332 1336 108.0
1336 1334 104.0
1334 1336 104.0
1336 1335 106.0
1335 1336 106.0
1337 313 104.0
313 1337 104.0
1337 1081 106.0
1081 1337 106.0
1337 1305 110.0
1305 1337 110.0
1337 1321 110.0
1321 1337 110.0
1337 1329 210.0
1329 1337 210.0
1338 314 210.0
314 1338 210.0
1338 1082 203.0
1082 1338 203.0
1338 1306 201.0
1306 1338 201.0
1338 1322 203.0
1322 1338 203.0
1338 1330 210.0
1330 1338 210.0
1338 1337 207.0
1337 1338 207.0
1339 315 105.0
315 1339 105.0
1339 1083 110.0
1083 1339 110.0
1339 1307 105.0
1307 1339 105.0
1339 1323 110.0
1323 1339 110.0
1339 1331 102.0
1331 1339 102.0
1339 1337 108.0
1337 1339 108.0
1340 316 105.0
316 1340 105.0
1340 1084 102.0
1084 1340 102.0
1340 1308 102.0
1308 1340 102.0
1340 1324 101.0
1324 1340 101.0
1340 1332 103.0
1332 1340 103.0
1340 1338 210.0
1338 1340 210.0
1340 1339 105.0
1339 1340 105.0
1341 317 102.0
317 1341 102.0
1341 1085 101.0
1085 1341 101.0
1341 1309 109.0
1309 1341 109.0
1341 1325 105.0
1325 1341 105.0
1341 1333 104.0
1333 1341 104.0
1341 1337 110.0
1337 1341 110.0
1342 318 107.0
318 1342 107.0
1342 1086 102.0
1086 1342 102.0
1342 1310 208.0
1310 1342 208.0
1342 1326 108.0
1326 1342 108.0
1342 1334 104.0
1334 1342 104.0
1342 1338 205.0
1338 1342 205.0
1342 1341 104.0
1341 1342 104.0
1343 319 209.0
319 1343 209.0
1343 1087 204.0
1087 1343 204.0
1343 1311 301.0
1311 1343 301.0
1343 1327 201.0
1327 1343 201.0
1343 1335 207.0
1335 1343 207.0
1343 1339 204.0
1339 1343 204.0
1343 1341 207.0
1341 1343 207.0
1344 320 110.0
320 1344 110.0
1344 1088 106.0
1088 1344 106.0
1344 1312 105.0
1312 1344 105.0
1344 1328 101.0
1328 1344 101.0
1344 1336 101.0
1336 1344 101.0
1344 1340 103.0
1340 1344 103.0
1344 1342 106.0
1342 1344 106.0
1344 1343 210.0
1343 1344 210.0
1345 321 202.0
321 1345 202.0
1345 1089 210.0
1089 1345 210.0
1345 1281 204.0
1281 1345 204.0
1346 322 104.0
322 1346 104.0
1346 1090 110.0
1090 1346 110.0
1346 1282 110.0
1282 1346 110.0
1346 1345 205.0
1345 1346 205.0
1347 323 209.0
323 1347 209.0
1347 1091 209.0
1091 1347 209.0
1347 1283 204.0
1283 1347 204.0
1347 1345 309.0
1345 1347 309.0
1348 324 102.0
324 1348 102.0
1348 1092 110.0
1092 1348 110.0
1348 1284 102.0
1284 1348 102.0
1348 1346 110.0
1346 1348 110.0
1348 1347 204.0
1347 1348 204.0
1349 325 103.0
325 1349 103.0
1349 1093 106.0
1093 1349 106.0
1349 1285 110.0
1285 1349 110.0
1349 1345 201.0
1345 1349 201.0
1350 326 206.0
326 1350 206.0
1350 1094 102.0
1094 1350 102.0
1350 1286 109.0
1286 1350 109.0
1350 1346 105.0
1346 1350 105.0
1350 1349 105.0
1349 1350 105.0
1351 327 104.0
327 1351 104.0
1351 1095 110.0
1095 1351 110.0
1351 1287 109.0
1287 1351 109.0
1351 1347 210.0
1347 1351 210.0
1351 1349 101.0
1349 1351 101.0
1352 328 203.0
328 1352 203.0
1352 1096 102.0
1096 1352 102.0
1352 1288 104.0
1288 1352 104.0
1352 1348 110.0
1348 1352 110.0
1352 1350 105.0
1350 1352 105.0
1352 1351 107.0
1351 1352 107.0
1353 329 106.0
329 1353 106.0
1353 1097 107.0
1097 1353 107.0
1353 1289 101.0
1289 1353 101.0
1353 1345 208.0
1345 1353 208.0
1354 330 109.0
330 1354 109.0
1354 1098 108.0
1098 1354 108.0
1354 1290 102.0
1290 1354 102.0
1354 1346 104.0
1346 1354 104.0
1354 1353 108.0
1353 1354 108.0
1355 331 106.0
331 1355 106.0
1355 1099 101.0
1099 1355 101.0
1355 1291 107.0
1291 1355 107.0
1355 1347 209.0
1347 1355 209.0
1355 1353 110.0
1353 1355 110.0
1356 332 103.0
332 1356 103.0
1356 1100 108.0
1100 1356 108.0
1356 1292 109.0
1292 1356 109.0
1356 1348 101.0
1348 1356 101.0
1356 1354 102.0
1354 1356 102.0
1356 1355 104.0
1355 1356 104.0
1357 333 103.0
333 1357 103.0
1357 1101 104.0
1101 1357 104.0
1357 1293 102.0
1293 1357 102.0
1357 1349 101.0
1349 1357 101.0
1357 1353 101.0
1353 1357 101.0
1358 334 103.0
334 1358 103.0
1358 1102 210.0
1102 1358 210.0
1358 1294 107.0
1294 1358 107.0
1358 1350 102.0
1350 1358 102.0
1358 1354 110.0
1354 1358 110.0
1358 1357 102.0
1357 1358 102.0
1359 335 104.0
335 1359 104.0
1359 1103 201.0
1103 1359 201.0
1359 1295 110.0
1295 1359 110.0
1359 1351 109.0
1351 1359 109.0
1359 1355 103.0
1355 1359 103.0
1359 1357 108.0
1357 1359 108.0
1360 336 107.0
336 1360 107.0
1360 1104 106.0
1104 1360 106.0
1360 1296 103.0
1296 1360 103.0
1360 1352 109.0
1352 1360 109.0
1360 1356 108.0
1356 1360 108.0
1360 1358 108.0
1358 1360 108.0
1360 1359 103.0
1359 1360 103.0
1361 337 110.0
337 1361 110.0
1361 1105 106.0
1105 1361 106.0
1361 1297 109.0
1297 1361 109.0
1361 1345 210.0
1345 1361 210.0
1362 338 203.0
338 1362 203.0
1362 1106 104.0
1106 1362 104.0
1362 1298 108.0
1298 1362 108.0
1362 1346 108.0
1346 1362 108.0
1362 1361 107.0
1361 1362 107.0
1363 339 106.0
339 1363 106.0
1363 1107 101.0
1107 1363 101.0
1363 1299 104.0
1299 1363 104.0
1363 1347 210.0
1347 1363 210.0
1363 1361 101.0
1361 1363 101.0
1364 340 107.0
340 1364 107.0
1364 1108 208.0
1108 1364 208.0
1364 1300 107.0
1300 1364 107.0
1364 1348 110.0
1348 1364 110.0
1364 1362 107.0
1362 1364 107.0
1364 1363 102.0
1363 1364 102.0
1365 341 105.0
341 1365 105.0
1365 1109 210.0
1109 1365 210.0
1365 1301 105.0
1301 1365 105.0
1365 1349 103.0
1349 1365 103.0
1365 1361 105.0
1361 1365 105.0
1366 342 102.0
342 1366 102.0
1366 1110 101.0
1110 1366 101.0
1366 1302 106.0
1302 1366 106.0
1366 1350 101.0
1350 1366 101.0
1366 1362 102.0
1362 1366 102.0
1366 1365 108.0
1365 1366 108.0
1367 343 104.0
343 1367 104.0
1367 1111 103.0
1111 1367 103.0
1367 1303 109.0
1303 1367 109.0
1367 1351 103.0
1351 1367 103.0
1367 1363 105.0
1363 1367 105.0
1367 1365 110.0
1365 1367 110.0
1368 344 106.0
344 1368 106.0
1368 1112 107.0
1112 1368 107.0
1368 1304 204.0
1304 1368 204.0
1368 1352 106.0
1352 1368 106.0
1368 1364 101.0
1364 1368 101.0
1368 1366 108.0
1366 1368 108.0
1368 1367 110.0
1367 1368 110.0
1369 345 201.0
345 1369 201.0
1369 1113 207.0
1113 1369 207.0
1369 1305 208.0
1305 1369 208.0
1369 1353 209.0
1353 1369 209.0
1369 1361 208.0
1361 1369 208.0
1370 346 108.0
346 1370 108.0
1370 1114 101.0
1114 1370 101.0
1370 1306 109.0
1306 1370 109.0
1370 1354 103.0
1354 1370 103.0
1370 1362 103.0
1362 1370 103.0
1370 1369 207.0
1369 1370 207.0
1371 347 109.0
347 1371 109.0
1371 1115 103.0
1115 1371 103.0
1371 1307 108.0
1307 1371 108.0
1371 1355 107.0
1355 1371 107.0
1371 1363 105.0
1363 1371 105.0
1371 1369 207.0
1369 1371 207.0
1372 348 105.0
348 1372 105.0
1372 1116 107.0
1116 1372 107.0
1372 1308 104.0
1308 1372 104.0
1372 1356 110.0
1356 1372 110.0
1372 1364 109.0
1364 1372 109.0
1372 1370 106.0
1370 1372 106.0
1372 1371 105.0
1371 1372 105.0
1373 349 106.0
349 1373 106.0
1373 1117 110.0
1117 1373 110.0
1373 1309 109.0
1309 1373 109.0
1373 1357 106.0
1357 1373 106.0
1373 1365 110.0
1365 1373 110.0
1373 1369 203.0
1369 1373 203.0
1374 350 107.0
350 1374 107.0
1374 1118 101.0
1118 1374 101.0
1374 1310 202.0
1310 1374 202.0
1374 1358 103.0
1358 1374 103.0
1374 1366 107.0
1366 1374 107.0
1374 1370 106.0
1370 1374 106.0
1374 1373 109.0
1373 1374 109.0
1375 351 103.0
351 1375 103.0
1375 1119 109.0
1119 1375 109.0
1375 1311 209.0
1311 1375 209.0
1375 1359 101.0
1359 1375 101.0
1375 1367 105.0
1367 1375 105.0
1375 1371 108.0
1371 1375 108.0
1375 1373 101.0
1373 1375 101.0
1376 352 110.0
352 1376 110.0
1376 1120 101.0
1120 1376 101.0
1376 1312 106.0
1312 1376 106.0
1376 1360 107.0
1360 1376 107.0
1376 1368 101.0
1368 1376 101.0
1376 1372 105.0
1372 1376 105.0
1376 1374 105.0
1374 1376 105.0
1376 1375 102.0
1375 1376 102.0
1377 353 109.0
353 1377 109.0
1377 1121 103.0
1121 1377 103.0
1377 1313 109.0
1313 1377 109.0
1377 1345 210.0
1345 1377 210.0
1378 354 107.0
354 1378 107.0
1378 1122 207.0
1122 1378 207.0
1378 1314 106.0
1314 1378 106.0
1378 1346 102.0
1346 1378 102.0
1378 1377 101.0
1377 1378 101.0
1379 355 108.0
355 1379 108.0
1379 1123 110.0
1123 1379 110.0
1379 1315 110.0
1315 1379 110.0
1379 1347 202.0
1347 1379 202.0
1379 1377 109.0
1377 1379 109.0
1380 356 102.0
356 1380 102.0
1380 1124 110.0
1124 1380 110.0
1380 1316 204.0
1316 1380 204.0
1380 1348 109.0
1348 1380 109.0
1380 1378 101.0
1378 1380 101.0
1380 1379 106.0
1379 1380 106.0
1381 357 104.0
357 1381 104.0
1381 1125 103.0
1125 1381 103.0
1381 1317 101.0
1317 1381 101.0
1381 1349 106.0
1349 1381 106.0
1381 1377 107.0
1377 1381 107.0
1382 358 110.0
358 1382 110.0
1382 1126 105.0
1126 1382 105.0
1382 1318 207.0
1318 1382 207.0
1382 1350 105.0
1350 1382 105.0
1382 1378 107.0
1378 1382 107.0
1382 1381 108.0
1381 1382 108.0
1383 359 107.0
359 1383 107.0
1383 1127 106.0
1127 1383 106.0
1383 1319 107.0
1319 1383 107.0
1383 1351 109.0
1351 1383 109.0
1383 1379 110.0
1379 1383 110.0
1383 1381 102.0
1381 1383 102.0
1384 360 110.0
360 1384 110.0
1384 1128 109.0
1128 1384 109.0
1384 1320 102.0
1320 1384 102.0
1384 1352 110.0
1352 1384 110.0
1384 1380 104.0
1380 1384 104.0
1384 1382 108.0
1382 1384 108.0
1384 1383 110.0
1383 1384 110.0
1385 361 202.0
361 1385 202.0
1385 1129 109.0
1129 1385 109.0
1385 1321 109.0
1321 1385 109.0
1385 1353 102.0
1353 1385 102.0
1385 1377 103.0
1377 1385 103.0
1386 362 210.0
362 1386 210.0
1386 1130 110.0
1130 1386 110.0
1386 1322 108.0
1322 1386 108.0
1386 1354 103.0
1354 1386 103.0
1386 1378 107.0
1378 1386 107.0
1386 1385 101.0
1385 1386 101.0
1387 363 105.0
363 1387 105.0
1387 1131 105.0
1131 1387 105.0
1387 1323 101.0
1323 1387 101.0
1387 1355 110.0
1355 1387 110.0
1387 1379 101.0
1379 1387 101.0
1387 1385 105.0
1385 1387 105.0
1388 364 101.0
364 1388 101.0
1388 1132 108.0
1132 1388 108.0
1388 1324 106.0
1324 1388 106.0
1388 1356 105.0
1356 1388 105.0
1388 1380 109.0
1380 1388 109.0
1388 1386 109.0
1386 1388 109.0
1388 1387 109.0
1387 1388 109.0
1389 365 204.0
365 1389 204.0
1389 1133 204.0
1133 1389 204.0
1389 1325 209.0
1325 1389 209.0
1389 1357 203.0
1357 1389 203.0
1389 1381 206.0
1381 1389 206.0
1389 1385 204.0
1385 1389 204.0
1390 366 109.0
366 1390 109.0
1390 1134 107.0
1134 1390 107.0
1390 1326 110.0
1326 1390 110.0
1390 1358 103.0
1358 1390 103.0
1390 1382 108.0
1382 1390 108.0
1390 1386 104.0
1386 1390 104.0
1390 1389 208.0
1389 1390 208.0
1391 367 101.0
367 1391 101.0
1391 1135 106.0
1135 1391 106.0
1391 1327 105.0
1327 1391 105.0
1391 1359 101.0
1359 1391 101.0
1391 1383 106.0
1383 1391 106.0
1391 1387 110.0
1387 1391 110.0
1391 1389 205.0
1389 1391 205.0
1392 368 202.0
368 1392 202.0
1392 1136 206.0
1136 1392 206.0
1392 1328 202.0
1328 1392 202.0
1392 1360 210.0
1360 1392 210.0
1392 1384 208.0
1384 1392 208.0
1392 1388 206.0
1388 1392 206.0
1392 1390 209.0
1390 1392 209.0
1392 1391 204.0
1391 1392 204.0
1393 369 102.0
369 1393 102.0
1393 1137 102.0
1137 1393 102.0
1393 1329 207.0
1329 1393 207.0
1393 1361 109.0
1361 1393 109.0
1393 1377 104.0
1377 1393 104.0
1394 370 107.0
370 1394 107.0
1394 1138 109.0
1138 1394 109.0
1394 1330 101.0
1330 1394 101.0
1394 1362 106.0
1362 1394 106.0
1394 1378 102.0
1378 1394 102.0
1394 1393 109.0
1393 1394 109.0
1395 371 104.0
371 1395 104.0
1395 1139 110.0
1139 1395 110.0
1395 1331 103.0
1331 1395 103.0
1395 1363 101.0
1363 1395 101.0
1395 1379 104.0
1379 1395 104.0
1395 1393 107.0
1393 1395 107.0
1396 372 101.0
372 1396 101.0
1396 1140 104.0
1140 1396 104.0
1396 1332 110.0
1332 1396 110.0
1396 1364 101.0
1364 1396 101.0
1396 1380 103.0
1380 1396 103.0
1396 1394 105.0
1394 1396 105.0
1396 1395 106.0
1395 1396 106.0
1397 373 108.0
373 1397 108.0
1397 1141 106.0
1141 1397 106.0
1397 1333 101.0
1333 1397 101.0
1397 1365 107.0
1365 1397 107.0
1397 1381 110.0
1381 1397 110.0
1397 1393 106.0
1393 1397 106.0
1398 374 106.0
374 1398 106.0
1398 1142 104.0
1142 1398 104.0
1398 1334 108.0
1334 1398 108.0
1398 1366 108.0
1366 1398 108.0
1398 1382 105.0
1382 1398 105.0
1398 1394 101.0
1394 1398 101.0
1398 1397 106.0
1397 1398 106.0
1399 375 308.0
375 1399 308.0
1399 1143 207.0
1143 1399 207.0
1399 1335 203.0
1335 1399 203.0
1399 1367 206.0
1367 1399 206.0
1399 1383 206.0
1383 1399 206.0
1399 1395 202.0
1395 1399 202.0
1399 1397 202.0
1397 1399 202.0
1400 376 103.0
376 1400 103.0
1400 1144 106.0
1144 1400 106.0
1400 1336 108.0
1336 1400 108.0
1400 1368 102.0
1368 1400 102.0
1400 1384 109.0
1384 1400 109.0
1400 1396 108.0
1396 1400 108.0
1400 1398 107.0
1398 1400 107.0
1400 1399 210.0
1399 1400 210.0
1401 377 105.0
377 1401 105.0
1401 1145 110.0
1145 1401 110.0
1401 1337 108.0
1337 1401 108.0
1401 1369 207.0
1369 1401 207.0
1401 1385 108.0
1385 1401 108.0
1401 1393 104.0
1393 1401 104.0
1402 378 206.0
378 1402 206.0
1402 1146 203.0
1146 1402 203.0
1402 1338 305.0
1338 1402 305.0
1402 1370 207.0
1370 1402 207.0
1402 1386 208.0
1386 1402 208.0
1402 1394 205.0
1394 1402 205.0
1402 1401 208.0
1401 1402 208.0
1403 379 108.0
379 1403 108.0
1403 1147 208.0
1147 1403 208.0
1403 1339 109.0
1339 1403 109.0
1403 1371 103.0
1371 1403 103.0
1403 1387 101.0
1387 1403 101.0
1403 1395 102.0
1395 1403 102.0
1403 1401 102.0
1401 1403 102.0
1404 380 210.0
380 1404 210.0
1404 1148 206.0
1148 1404 206.0
1404 1340 205.0
1340 1404 205.0
1404 1372 204.0
1372 1404 204.0
1404 1388 204.0
1388 1404 204.0
1404 1396 203.0
1396 1404 203.0
1404 1402 306.0
1402 1404 306.0
1404 1403 201.0
1403 1404 201.0
1405 381 105.0
381 1405 105.0
1405 1149 104.0
1149 1405 104.0
1405 1341 101.0
1341 1405 101.0
1405 1373 110.0
1373 1405 110.0
1405 1389 202.0
1389 1405 202.0
1405 1397 105.0
1397 1405 105.0
1405 1401 107.0
1401 1405 107.0
1406 382 109.0
382 1406 109.0
1406 1150 107.0
1150 1406 107.0
1406 1342 102.0
1342 1406 102.0
1406 1374 102.0
1374 1406 102.0
1406 1390 102.0
1390 1406 102.0
1406 1398 101.0
1398 1406 101.0
1406 1402 210.0
1402 1406 210.0
1406 1405 106.0
1405 1406 106.0
1407 383 101.0
383 1407 101.0
1407 1151 104.0
1151 1407 104.0
1407 1343 203.0
1343 1407 203.0
1407 1375 101.0
1375 1407 101.0
1407 1391 108.0
1391 1407 108.0
1407 1399 210.0
1399 1407 210.0
1407 1403 102.0
1403 1407 102.0
1407 1405 106.0
1405 1407 106.0
1408 384 109.0
384 1408 109.0
1408 1152 107.0
1152 1408 107.0
1408 1344 105.0
1344 1408 105.0
1408 1376 109.0
1376 1408 109.0
1408 1392 202.0
1392 1408 202.0
1408 1400 102.0
1400 1408 102.0
1408 1404 203.0
1404 1408 203.0
1408 1406 109.0
1406 1408 109.0
1408 1407 109.0
1407 1408 109.0
1409 385 106.0
385 1409 106.0
1409 1153 103.0
1153 1409 103.0
1409 1281 107.0
1281 1409 107.0
1410 386 210.0
386 1410 210.0
1410 1154 202.0
1154 1410 202.0
1410 1282 206.0
1282 1410 206.0
1410 1409 210.0
1409 1410 210.0
1411 387 106.0
387 1411 106.0
1411 1155 107.0
1155 1411 107.0
1411 1283 110.0
1283 1411 110.0
1411 1409 109.0
1409 1411 109.0
1412 388 106.0
388 1412 106.0
1412 1156 101.0
1156 1412 101.0
1412 1284 107.0
1284 1412 107.0
1412 1410 210.0
1410 1412 210.0
1412 1411 101.0
1411 1412 101.0
1413 389 106.0
389 1413 106.0
1413 1157 109.0
1157 1413 109.0
1413 1285 106.0
1285 1413 106.0
1413 1409 104.0
1409 1413 104.0
1414 390 109.0
390 1414 109.0
1414 1158 103.0
1158 1414 103.0
1414 1286 106.0
1286 1414 106.0
1414 1410 205.0
1410 1414 205.0
1414 1413 109.0
1413 1414 109.0
1415 391 206.0
391 1415 206.0
1415 1159 204.0
1159 1415 204.0
1415 1287 204.0
1287 1415 204.0
1415 1411 205.0
1411 1415 205.0
1415 1413 204.0
1413 1415 204.0
1416 392 101.0
392 1416 101.0
1416 1160 104.0
1160 1416 104.0
1416 1288 108.0
1288 1416 108.0
1416 1412 104.0
1412 1416 104.0
1416 1414 102.0
1414 1416 102.0
1416 1415 202.0
1415 1416 202.0
1417 393 108.0
393 1417 108.0
1417 1161 107.0
1161 1417 107.0
1417 1289 102.0
1289 1417 102.0
1417 1409 110.0
1409 1417 110.0
1418 394 105.0
394 1418 105.0
1418 1162 103.0
1162 1418 103.0
1418 1290 105.0
1290 1418 105.0
1418 1410 202.0
1410 1418 202.0
1418 1417 103.0
1417 1418 103.0
1419 395 306.0
395 1419 306.0
1419 1163 206.0
1163 1419 206.0
1419 1291 209.0
1291 1419 209.0
1419 1411 205.0
1411 1419 205.0
1419 1417 209.0
1417 1419 209.0
1420 396 108.0
396 1420 108.0
1420 1164 105.0
1164 1420 105.0
1420 1292 103.0
1292 1420 103.0
1420 1412 106.0
1412 1420 106.0
1420 1418 101.0
1418 1420 101.0
1420 1419 204.0
1419 1420 204.0
1421 397 101.0
397 1421 101.0
1421 1165 107.0
1165 1421 107.0
1421 1293 102.0
1293 1421 102.0
1421 1413 105.0
1413 1421 105.0
1421 1417 108.0
1417 1421 108.0
1422 398 109.0
398 1422 109.0
1422 1166 103.0
1166 1422 103.0
1422 1294 110.0
1294 1422 110.0
1422 1414 107.0
1414 1422 107.0
1422 1418 101.0
1418 1422 101.0
1422 1421 110.0
1421 1422 110.0
1423 399 109.0
399 1423 109.0
1423 1167 107.0
1167 1423 107.0
1423 1295 108.0
1295 1423 108.0
1423 1415 210.0
1415 1423 210.0
1423 1419 209.0
1419 1423 209.0
1423 1421 103.0
1421 1423 103.0
1424 400 103.0
400 1424 103.0
1424 1168 103.0
1168 1424 103.0
1424 1296 105.0
1296 1424 105.0
1424 1416 101.0
1416 1424 101.0
1424 1420 103.0
1420 1424 103.0
1424 1422 103.0
1422 1424 103.0
1424 1423 102.0
1423 1424 102.0
1425 401 108.0
401 1425 108.0
1425 1169 209.0
1169 1425 209.0
1425 1297 109.0
1297 1425 109.0
1425 1409 104.0
1409 1425 104.0
1426 402 101.0
402 1426 101.0
1426 1170 107.0
1170 1426 107.0
1426 1298 103.0
1298 1426 103.0
1426 1410 210.0
1410 1426 210.0
1426 1425 110.0
1425 1426 110.0
1427 403 107.0
403 1427 107.0
1427 1171 203.0
1171 1427 203.0
1427 1299 107.0
1299 1427 107.0
1427 1411 108.0
1411 1427 108.0
1427 1425 106.0
1425 1427 106.0
1428 404 103.0
404 1428 103.0
1428 1172 105.0
1172 1428 105.0
1428 1300 105.0
1300 1428 105.0
1428 1412 107.0
1412 1428 107.0
1428 1426 108.0
1426 1428 108.0
1428 1427 107.0
1427 1428 107.0
1429 405 104.0
405 1429 104.0
1429 1173 109.0
1173 1429 109.0
1429 1301 104.0
1301 1429 104.0
1429 1413 103.0
1413 1429 103.0
1429 1425 101.0
1425 1429 101.0
1430 406 107.0
406 1430 107.0
1430 1174 101.0
1174 1430 101.0
1430 1302 107.0
1302 1430 107.0
1430 1414 103.0
1414 1430 103.0
1430 1426 103.0
1426 1430 103.0
1430 1429 107.0
1429 1430 107.0
1431 407 101.0
407 1431 101.0
1431 1175 102.0
1175 1431 102.0
1431 1303 102.0
1303 1431 102.0
1431 1415 201.0
1415 1431 201.0
1431 1427 108.0
1427 1431 108.0
1431 1429 108.0
1429 1431 108.0
1432 408 103.0
408 1432 103.0
1432 1176 103.0
1176 1432 103.0
1432 1304 210.0
1304 1432 210.0
1432 1416 106.0
1416 1432 106.0
1432 1428 102.0
1428 1432 102.0
1432 1430 110.0
1430 1432 110.0
1432 1431 110.0
1431 1432 110.0
1433 409 108.0
409 1433 108.0
1433 1177 106.0
1177 1433 106.0
1433 1305 109.0
1305 1433 109.0
1433 1417 106.0
1417 1433 106.0
1433 1425 103.0
1425 1433 103.0
1434 410 104.0
410 1434 104.0
1434 1178 109.0
1178 1434 109.0
1434 1306 101.0
1306 1434 101.0
1434 1418 106.0
1418 1434 106.0
1434 1426 110.0
1426 1434 110.0
1434 1433 101.0
1433 1434 101.0
1435 411 201.0
411 1435 201.0
1435 1179 204.0
1179 1435 204.0
1435 1307 207.0
1307 1435 207.0
1435 1419 308.0
1419 1435 308.0
1435 1427 207.0
1427 1435 207.0
1435 1433 205.0
1433 1435 205.0
1436 412 209.0
412 1436 209.0
1436 1180 104.0
1180 1436 104.0
1436 1308 109.0
1308 1436 109.0
1436 1420 104.0
1420 1436 104.0
1436 1428 106.0
1428 1436 106.0
1436 1434 102.0
1434 1436 102.0
1436 1435 208.0
1435 1436 208.0
1437 413 207.0
413 1437 207.0
1437 1181 101.0
1181 1437 101.0
1437 1309 105.0
1309 1437 105.0
1437 1421 103.0
1421 1437 103.0
1437 1429 105.0
1429 1437 105.0
1437 1433 103.0
1433 1437 103.0
1438 414 102.0
414 1438 102.0
1438 1182 208.0
1182 1438 208.0
1438 1310 208.0
1310 1438 208.0
1438 1422 108.0
1422 1438 108.0
1438 1430 101.0
1430 1438 101.0
1438 1434 102.0
1434 1438 102.0
1438 1437 107.0
1437 1438 107.0
1439 415 102.0
415 1439 102.0
1439 1183 103.0
1183 1439 103.0
1439 1311 202.0
1311 1439 202.0
1439 1423 101.0
1423 1439 101.0
1439 1431 110.0
1431 1439 110.0
1439 1435 208.0
1435 1439 208.0
1439 1437 110.0
1437 1439 110.0
1440 416 101.0
416 1440 101.0
1440 1184 108.0
1184 1440 108.0
1440 1312 101.0
1312 1440 101.0
1440 1424 107.0
1424 1440 107.0
1440 1432 106.0
1432 1440 106.0
1440 1436 109.0
1436 1440 109.0
1440 1438 104.0
1438 1440 104.0
1440 1439 109.0
1439 1440 109.0
1441 417 102.0
417 1441 102.0
1441 1185 209.0
1185 1441 209.0
1441 1313 110.0
1313 1441 110.0
1441 1409 107.0
1409 1441 107.0
1442 418 103.0
418 1442 103.0
1442 1186 102.0
1186 1442 102.0
1442 1314 108.0
1314 1442 108.0
1442 1410 203.0
1410 1442 203.0
1442 1441 103.0
1441 1442 103.0
1443 419 102.0
419 1443 102.0
1443 1187 110.0
1187 1443 110.0
1443 1315 109.0
1315 1443 109.0
1443 1411 107.0
1411 1443 107.0
1443 1441 110.0
1441 1443 110.0
1444 420 108.0
420 1444 108.0
1444 1188 101.0
1188 1444 101.0
1444 1316 202.0
1316 1444 202.0
1444 1412 104.0
1412 1444 104.0
1444 1442 102.0
1442 1444 102.0
1444 1443 103.0
1443 1444 103.0
1445 421 101.0
421 1445 101.0
1445 1189 102.0
1189 1445 102.0
1445 1317 107.0
1317 1445 107.0
1445 1413 107.0
1413 1445 107.0
1445 1441 103.0
1441 1445 103.0
1446 422 106.0
422 1446 106.0
1446 1190 101.0
1190 1446 101.0
1446 1318 207.0
1318 1446 207.0
1446 1414 101.0
1414 1446 101.0
1446 1442 109.0
1442 1446 109.0
1446 1445 105.0
1445 1446 105.0
1447 423 107.0
423 1447 107.0
1447 1191 108.0
1191 1447 108.0
1447 1319 104.0
1319 1447 104.0
1447 1415 204.0
1415 1447 204.0
1447 1443 102.0
1443 1447 102.0
1447 1445 107.0
1445 1447 107.0
1448 424 101.0
424 1448 101.0
1448 1192 102.0
1192 1448 102.0
1448 1320 103.0
1320 1448 103.0
1448 1416 108.0
1416 1448 108.0
1448 1444 103.0
1444 1448 103.0
1448 1446 105.0
1446 1448 105.0
1448 1447 107.0
1447 1448 107.0
1449 425 103.0
425 1449 103.0
1449 1193 101.0
1193 1449 101.0
1449 1321 101.0
1321 1449 101.0
1449 1417 106.0
1417 1449 106.0
1449 1441 110.0
1441 1449 110.0
1450 426 104.0
426 1450 104.0
1450 1194 103.0
1194 1450 103.0
1450 1322 107.0
1322 1450 107.0
1450 1418 110.0
1418 1450 110.0
1450 1442 109.0
1442 1450 109.0
1450 1449 106.0
1449 1450 106.0
1451 427 101.0
427 1451 101.0
1451 1195 108.0
1195 1451 108.0
1451 1323 105.0
1323 1451 105.0
1451 1419 201.0
1419 1451 201.0
1451 1443 106.0
1443 1451 106.0
1451 1449 107.0
1449 1451 107.0
1452 428 207.0
428 1452 207.0
1452 1196 103.0
1196 1452 103.0
1452 1324 103.0
1324 1452 103.0
1452 1420 106.0
1420 1452 106.0
1452 1444 106.0
1444 1452 106.0
1452 1450 109.0
1450 1452 109.0
1452 1451 103.0
1451 1452 103.0
1453 429 109.0
429 1453 109.0
1453 1197 103.0
1197 1453 103.0
1453 1325 104.0
1325 1453 104.0
1453 1421 108.0
1421 1453 108.0
1453 1445 110.0
1445 1453 110.0
1453 1449 105.0
1449 1453 105.0
1454 430 302.0
430 1454 302.0
1454 1198 202.0
1198 1454 202.0
1454 1326 209.0
1326 1454 209.0
1454 1422 202.0
1422 1454 202.0
1454 1446 201.0
1446 1454 201.0
1454 1450 209.0
1450 1454 209.0
1454 1453 206.0
1453 1454 206.0
1455 431 207.0
431 1455 207.0
1455 1199 102.0
1199 1455 102.0
1455 1327 110.0
1327 1455 110.0
1455 1423 103.0
1423 1455 103.0
1455 1447 101.0
1447 1455 101.0
1455 1451 108.0
1451 1455 108.0
1455 1453 102.0
1453 1455 102.0
1456 432 110.0
432 1456 110.0
1456 1200 202.0
1200 1456 202.0
1456 1328 110.0
1328 1456 110.0
1456 1424 109.0
1424 1456 109.0
1456 1448 107.0
1448 1456 107.0
1456 1452 109.0
1452 1456 109.0
1456 1454 202.0
1454 1456 202.0
1456 1455 108.0
1455 1456 108.0
1457 433 201.0
433 1457 201.0
1457 1201 102.0
1201 1457 102.0
1457 1329 206.0
1329 1457 206.0
1457 1425 107.0
1425 1457 107.0
1457 1441 106.0
1441 1457 106.0
1458 434 109.0
434 1458 109.0
1458 1202 101.0
1202 1458 101.0
1458 1330 108.0
1330 1458 108.0
1458 1426 102.0
1426 1458 102.0
1458 1442 108.0
1442 1458 108.0
1458 1457 109.0
1457 1458 109.0
1459 435 109.0
435 1459 109.0
1459 1203 106.0
1203 1459 106.0
1459 1331 101.0
1331 1459 101.0
1459 1427 104.0
1427 1459 104.0
1459 1443 108.0
1443 1459 108.0
1459 1457 102.0
1457 1459 102.0
1460 436 202.0
436 1460 202.0
1460 1204 206.0
1204 1460 206.0
1460 1332 202.0
1332 1460 202.0
1460 1428 202.0
1428 1460 202.0
1460 1444 204.0
1444 1460 204.0
1460 1458 207.0
1458 1460 207.0
1460 1459 210.0
1459 1460 210.0
1461 437 103.0
437 1461 103.0
1461 1205 102.0
1205 1461 102.0
1461 1333 102.0
1333 1461 102.0
1461 1429 103.0
1429 1461 103.0
1461 1445 108.0
1445 1461 108.0
1461 1457 107.0
1457 1461 107.0
1462 438 101.0
438 1462 101.0
1462 1206 203.0
1206 1462 203.0
1462 1334 104.0
1334 1462 104.0
1462 1430 110.0
1430 1462 110.0
1462 1446 103.0
1446 1462 103.0
1462 1458 102.0
1458 1462 102.0
1462 1461 106.0
1461 1462 106.0
1463 439 106.0
439 1463 106.0
1463 1207 105.0
1207 1463 105.0
1463 1335 107.0
1335 1463 107.0
1463 1431 101.0
1431 1463 101.0
1463 1447 106.0
1447 1463 106.0
1463 1459 105.0
1459 1463 105.0
1463 1461 105.0
1461 1463 105.0
1464 440 203.0
440 1464 203.0
1464 1208 109.0
1208 1464 109.0
1464 1336 107.0
1336 1464 107.0
1464 1432 104.0
1432 1464 104.0
1464 1448 110.0
1448 1464 110.0
1464 1460 202.0
1460 1464 202.0
1464 1462 107.0
1462 1464 107.0
1464 1463 102.0
1463 1464 102.0
1465 441 108.0
441 1465 108.0
1465 1209 110.0
1209 1465 110.0
1465 1337 103.0
1337 1465 103.0
1465 1433 105.0
1433 1465 105.0
1465 1449 105.0
1449 1465 105.0
1465 1457 102.0
1457 1465 102.0
1466 442 101.0
442 1466 101.0
1466 1210 105.0
1210 1466 105.0
1466 1338 201.0
1338 1466 201.0
1466 1434 106.0
1434 1466 106.0
1466 1450 106.0
1450 1466 106.0
1466 1458 104.0
1458 1466 104.0
1466 1465 109.0
1465 1466 109.0
1467 443 106.0
443 1467 106.0
1467 1211 106.0
1211 1467 106.0
1467 1339 109.0
1339 1467 109.0
1467 1435 206.0
1435 1467 206.0
1467 1451 103.0
1451 1467 103.0
1467 1459 106.0
1459 1467 106.0
1467 1465 105.0
1465 1467 105.0
1468 444 103.0
444 1468 103.0
1468 1212 109.0
1212 1468 109.0
1468 1340 106.0
1340 1468 106.0
1468 1436 101.0
1436 1468 101.0
1468 1452 102.0
1452 1468 102.0
1468 1460 209.0
1460 1468 209.0
1468 1466 102.0
1466 1468 102.0
1468 1467 110.0
1467 1468 110.0
1469 445 110.0
445 1469 110.0
1469 1213 105.0
1213 1469 105.0
1469 1341 108.0
1341 1469 108.0
1469 1437 103.0
1437 1469 103.0
1469 1453 101.0
1453 1469 101.0
1469 1461 103.0
1461 1469 103.0
1469 1465 106.0
1465 1469 106.0
1470 446 108.0
446 1470 108.0
1470 1214 108.0
1214 1470 108.0
1470 1342 104.0
1342 1470 104.0
1470 1438 107.0
1438 1470 107.0
1470 1454 207.0
1454 1470 207.0
1470 1462 103.0
1462 1470 103.0
1470 1466 109.0
1466 1470 109.0
1470 1469 110.0
1469 1470 110.0
1471 447 101.0
447 1471 101.0
1471 1215 206.0
1215 1471 206.0
1471 1343 208.0
1343 1471 208.0
1471 1439 106.0
1439 1471 106.0
1471 1455 104.0
1455 1471 104.0
1471 1463 103.0
1463 1471 103.0
1471 1467 107.0
1467 1471 107.0
1471 1469 102.0
1469 1471 102.0
1472 448 102.0
448 1472 102.0
1472 1216 101.0
1216 1472 101.0
1472 1344 105.0
1344 1472 105.0
1472 1440 103.0
1440 1472 103.0
1472 1456 102.0
1456 1472 102.0
1472 1464 103.0
1464 1472 103.0
1472 1468 106.0
1468 1472 106.0
1472 1470 108.0
1470 1472 108.0
1472 1471 109.0
1471 1472 109.0
1473 449 106.0
449 1473 106.0
1473 1217 108.0
1217 1473 108.0
1473 1345 205.0
1345 1473 205.0
1473 1409 101.0
1409 1473 101.0
1474 450 109.0
450 1474 109.0
1474 1218 108.0
1218 1474 108.0
1474 1346 106.0
1346 1474 106.0
1474 1410 208.0
1410 1474 208.0
1474 1473 105.0
1473 1474 105.0
1475 451 101.0
451 1475 101.0
1475 1219 206.0
1219 1475 206.0
1475 1347 203.0
1347 1475 203.0
1475 1411 103.0
1411 1475 103.0
1475 1473 104.0
1473 1475 104.0
1476 452 103.0
452 1476 103.0
1476 1220 103.0
1220 1476 103.0
1476 1348 103.0
1348 1476 103.0
1476 1412 109.0
1412 1476 109.0
1476 1474 102.0
1474 1476 102.0
1476 1475 104.0
1475 1476 104.0
1477 453 110.0
453 1477 110.0
1477 1221 108.0
1221 1477 108.0
1477 1349 102.0
1349 1477 102.0
1477 1413 109.0
1413 1477 109.0
1477 1473 101.0
1473 1477 101.0
1478 454 203.0
454 1478 203.0
1478 1222 110.0
1222 1478 110.0
1478 1350 109.0
1350 1478 109.0
1478 1414 109.0
1414 1478 109.0
1478 1474 103.0
1474 1478 103.0
1478 1477 109.0
1477 1478 109.0
1479 455 209.0
455 1479 209.0
1479 1223 106.0
1223 1479 106.0
1479 1351 105.0
1351 1479 105.0
1479 1415 204.0
1415 1479 204.0
1479 1475 105.0
1475 1479 105.0
1479 1477 110.0
1477 1479 110.0
1480 456 108.0
456 1480 108.0
1480 1224 104.0
1224 1480 104.0
1480 1352 107.0
1352 1480 107.0
1480 1416 108.0
1416 1480 108.0
1480 1476 110.0
1476 1480 110.0
1480 1478 109.0
1478 1480 109.0
1480 1479 108.0
1479 1480 108.0
1481 457 205.0
457 1481 205.0
1481 1225 110.0
1225 1481 110.0
1481 1353 109.0
1353 1481 109.0
1481 1417 104.0
1417 1481 104.0
1481 1473 110.0
1473 1481 110.0
1482 458 106.0
458 1482 106.0
1482 1226 204.0
1226 1482 204.0
1482 1354 106.0
1354 1482 106.0
1482 1418 107.0
1418 1482 107.0
1482 1474 103.0
1474 1482 103.0
1482 1481 109.0
1481 1482 109.0
1483 459 108.0
459 1483 108.0
1483 1227 109.0
1227 1483 109.0
1483 1355 102.0
1355 1483 102.0
1483 1419 204.0
1419 1483 204.0
1483 1475 102.0
1475 1483 102.0
1483 1481 109.0
1481 1483 109.0
1484 460 104.0
460 1484 104.0
1484 1228 109.0
1228 1484 109.0
1484 1356 101.0
1356 1484 101.0
1484 1420 102.0
1420 1484 102.0
1484 1476 101.0
1476 1484 101.0
1484 1482 103.0
1482 1484 103.0
1484 1483 108.0
1483 1484 108.0
1485 461 110.0
461 1485 110.0
1485 1229 207.0
1229 1485 207.0
1485 1357 104.0
1357 1485 104.0
1485 1421 108.0
1421 1485 108.0
1485 1477 106.0
1477 1485 106.0
1485 1481 105.0
1481 1485 105.0
1486 462 109.0
462 1486 109.0
1486 1230 110.0
1230 1486 110.0
1486 1358 104.0
1358 1486 104.0
1486 1422 110.0
1422 1486 110.0
1486 1478 104.0
1478 1486 104.0
1486 1482 102.0
1482 1486 102.0
1486 1485 108.0
1485 1486 108.0
1487 463 110.0
463 1487 110.0
1487 1231 110.0
1231 1487 110.0
1487 1359 110.0
1359 1487 110.0
1487 1423 103.0
1423 1487 103.0
1487 1479 105.0
1479 1487 105.0
1487 1483 105.0
1483 1487 105.0
1487 1485 106.0
1485 1487 106.0
1488 464 205.0
464 1488 205.0
1488 1232 209.0
1232 1488 209.0
1488 1360 209.0
1360 1488 209.0
1488 1424 207.0
1424 1488 207.0
1488 1480 208.0
1480 1488 208.0
1488 1484 206.0
1484 1488 206.0
1488 1486 207.0
1486 1488 207.0
1488 1487 205.0
1487 1488 205.0
1489 465 103.0
465 1489 103.0
1489 1233 109.0
1233 1489 109.0
1489 1361 106.0
1361 1489 106.0
1489 1425 102.0
1425 1489 102.0
1489 1473 102.0
1473 1489 102.0
1490 466 103.0
466 1490 103.0
1490 1234 106.0
1234 1490 106.0
1490 1362 109.0
1362 1490 109.0
1490 1426 109.0
1426 1490 109.0
1490 1474 106.0
1474 1490 106.0
1490 1489 101.0
1489 1490 101.0
1491 467 110.0
467 1491 110.0
1491 1235 108.0
1235 1491 108.0
1491 1363 104.0
1363 1491 104.0
1491 1427 105.0
1427 1491 105.0
1491 1475 108.0
1475 1491 108.0
1491 1489 101.0
1489 1491 101.0
1492 468 110.0
468 1492 110.0
1492 1236 110.0
1236 1492 110.0
1492 1364 102.0
1364 1492 102.0
1492 1428 102.0
1428 1492 102.0
1492 1476 107.0
1476 1492 107.0
1492 1490 107.0
1490 1492 107.0
1492 1491 104.0
1491 1492 104.0
1493 469 302.0
469 1493 302.0
1493 1237 206.0
1237 1493 206.0
1493 1365 203.0
1365 1493 203.0
1493 1429 207.0
1429 1493 207.0
1493 1477 208.0
1477 1493 208.0
1493 1489 208.0
1489 1493 208.0
1494 470 204.0
470 1494 204.0
1494 1238 206.0
1238 1494 206.0
1494 1366 210.0
1366 1494 210.0
1494 1430 201.0
1430 1494 201.0
1494 1478 210.0
1478 1494 210.0
1494 1490 206.0
1490 1494 206.0
1494 1493 309.0
1493 1494 309.0
1495 471 106.0
471 1495 106.0
1495 1239 110.0
1239 1495 110.0
1495 1367 110.0
1367 1495 110.0
1495 1431 102.0
1431 1495 102.0
1495 1479 102.0
1479 1495 102.0
1495 1491 105.0
1491 1495 105.0
1495 1493 210.0
1493 1495 210.0
1496 472 202.0
472 1496 202.0
1496 1240 206.0
1240 1496 206.0
1496 1368 207.0
1368 1496 207.0
1496 1432 210.0
1432 1496 210.0
1496 1480 206.0
1480 1496 206.0
1496 1492 201.0
1492 1496 201.0
1496 1494 301.0
1494 1496 301.0
1496 1495 206.0
1495 1496 206.0
1497 473 106.0
473 1497 106.0
1497 1241 101.0
1241 1497 101.0
1497 1369 205.0
1369 1497 205.0
1497 1433 106.0
1433 1497 106.0
1497 1481 110.0
1481 1497 110.0
1497 1489 103.0
1489 1497 103.0
1498 474 105.0
474 1498 105.0
1498 1242 103.0
1242 1498 103.0
1498 1370 101.0
1370 1498 101.0
1498 1434 107.0
1434 1498 107.0
1498 1482 105.0
1482 1498 105.0
1498 1490 101.0
1490 1498 101.0
1498 1497 105.0
1497 1498 105.0
1499 475 103.0
475 1499 103.0
1499 1243 102.0
1243 1499 102.0
1499 1371 106.0
1371 1499 106.0
1499 1435 206.0
1435 1499 206.0
1499 1483 107.0
1483 1499 107.0
1499 1491 102.0
1491 1499 102.0
1499 1497 109.0
1497 1499 109.0
1500 476 203.0
476 1500 203.0
1500 1244 101.0
1244 1500 101.0
1500 1372 107.0
1372 1500 107.0
1500 1436 108.0
1436 1500 108.0
1500 1484 109.0
1484 1500 109.0
1500 1492 108.0
1492 1500 108.0
1500 1498 105.0
1498 1500 105.0
1500 1499 101.0
1499 1500 101.0
1501 477 106.0
477 1501 106.0
1501 1245 109.0
1245 1501 109.0
1501 1373 105.0
1373 1501 105.0
1501 1437 107.0
1437 1501 107.0
1501 1485 104.0
1485 1501 104.0
1501 1493 203.0
1493 1501 203.0
1501 1497 109.0
1497 1501 109.0
1502 478 108.0
478 1502 108.0
1502 1246 110.0
1246 1502 110.0
1502 1374 106.0
1374 1502 106.0
1502 1438 104.0
1438 1502 104.0
1502 1486 102.0
1486 1502 102.0
1502 1494 202.0
1494 1502 202.0
1502 1498 101.0
1498 1502 101.0
1502 1501 108.0
1501 1502 108.0
1503 479 105.0
479 1503 105.0
1503 1247 106.0
1247 1503 106.0
1503 1375 106.0
1375 1503 106.0
1503 1439 107.0
1439 1503 107.0
1503 1487 109.0
1487 1503 109.0
1503 1495 101.0
1495 1503 101.0
1503 1499 102.0
1499 1503 102.0
1503 1501 107.0
1501 1503 107.0
1504 480 210.0
480 1504 210.0
1504 1248 208.0
1248 1504 208.0
1504 1376 204.0
1376 1504 204.0
1504 1440 201.0
1440 1504 201.0
1504 1488 303.0
1488 1504 303.0
1504 1496 308.0
1496 1504 308.0
1504 1500 202.0
1500 1504 202.0
1504 1502 206.0
1502 1504 206.0
1504 1503 205.0
1503 1504 205.0
1505 481 110.0
481 1505 110.0
1505 1249 110.0
1249 1505 110.0
1505 1377 103.0
1377 1505 103.0
1505 1441 109.0
1441 1505 109.0
1505 1473 107.0
1473 1505 107.0
1506 482 103.0
482 1506 103.0
1506 1250 104.0
1250 1506 104.0
1506 1378 106.0
1378 1506 106.0
1506 1442 103.0
1442 1506 103.0
1506 1474 106.0
1474 1506 106.0
1506 1505 103.0
1505 1506 103.0
1507 483 202.0
483 1507 202.0
1507 1251 207.0
1251 1507 207.0
1507 1379 206.0
1379 1507 206.0
1507 1443 204.0
1443 1507 204.0
1507 1475 206.0
1475 1507 206.0
1507 1505 202.0
1505 1507 202.0
1508 484 208.0
484 1508 208.0
1508 1252 110.0
1252 1508 110.0
1508 1380 101.0
1380 1508 101.0
1508 1444 109.0
1444 1508 109.0
1508 1476 105.0
1476 1508 105.0
1508 1506 107.0
1506 1508 107.0
1508 1507 210.0
1507 1508 210.0
1509 485 202.0
485 1509 202.0
1509 1253 104.0
1253 1509 104.0
1509 1381 110.0
1381 1509 110.0
1509 1445 107.0
1445 1509 107.0
1509 1477 105.0
1477 1509 105.0
1509 1505 106.0
1505 1509 106.0
1510 486 108.0
486 1510 108.0
1510 1254 101.0
1254 1510 101.0
1510 1382 104.0
1382 1510 104.0
1510 1446 103.0
1446 1510 103.0
1510 1478 105.0
1478 1510 105.0
1510 1506 104.0
1506 1510 104.0
1510 1509 106.0
1509 1510 106.0
1511 487 104.0
487 1511 104.0
1511 1255 107.0
1255 1511 107.0
1511 1383 102.0
1383 1511 102.0
1511 1447 109.0
1447 1511 109.0
1511 1479 107.0
1479 1511 107.0
1511 1507 201.0
1507 1511 201.0
1511 1509 110.0
1509 1511 110.0
1512 488 106.0
488 1512 106.0
1512 1256 207.0
1256 1512 207.0
1512 1384 105.0
1384 1512 105.0
1512 1448 110.0
1448 1512 110.0
1512 1480 106.0
1480 1512 106.0
1512 1508 104.0
1508 1512 104.0
1512 1510 107.0
1510 1512 107.0
1512 1511 106.0
1511 1512 106.0
1513 489 204.0
489 1513 204.0
1513 1257 207.0
1257 1513 207.0
1513 1385 208.0
1385 1513 208.0
1513 1449 206.0
1449 1513 206.0
1513 1481 209.0
1481 1513 209.0
1513 1505 207.0
1505 1513 207.0
1514 490 104.0
490 1514 104.0
1514 1258 102.0
1258 1514 102.0
1514 1386 101.0
1386 1514 101.0
1514 1450 109.0
1450 1514 109.0
1514 1482 109.0
1482 1514 109.0
1514 1506 106.0
1506 1514 106.0
1514 1513 209.0
1513 1514 209.0
1515 491 203.0
491 1515 203.0
1515 1259 206.0
1259 1515 206.0
1515 1387 207.0
1387 1515 207.0
1515 1451 208.0
1451 1515 208.0
1515 1483 202.0
1483 1515 202.0
1515 1507 310.0
1507 1515 310.0
1515 1513 304.0
1513 1515 304.0
1516 492 101.0
492 1516 101.0
1516 1260 109.0
1260 1516 109.0
1516 1388 101.0
1388 1516 101.0
1516 1452 106.0
1452 1516 106.0
1516 1484 107.0
1484 1516 107.0
1516 1508 105.0
1508 1516 105.0
1516 1514 104.0
1514 1516 104.0
1516 1515 209.0
1515 1516 209.0
1517 493 104.0
493 1517 104.0
1517 1261 101.0
1261 1517 101.0
1517 1389 203.0
1389 1517 203.0
1517 1453 102.0
1453 1517 102.0
1517 1485 108.0
1485 1517 108.0
1517 1509 107.0
1509 1517 107.0
1517 1513 204.0
1513 1517 204.0
1518 494 101.0
494 1518 101.0
1518 1262 103.0
1262 1518 103.0
1518 1390 108.0
1390 1518 108.0
1518 1454 204.0
1454 1518 204.0
1518 1486 109.0
1486 1518 109.0
1518 1510 105.0
1510 1518 105.0
1518 1514 108.0
1514 1518 108.0
1518 1517 104.0
1517 1518 104.0
1519 495 102.0
495 1519 102.0
1519 1263 104.0
1263 1519 104.0
1519 1391 103.0
1391 1519 103.0
1519 1455 103.0
1455 1519 103.0
1519 1487 101.0
1487 1519 101.0
1519 1511 107.0
1511 1519 107.0
1519 1515 201.0
1515 1519 201.0
1519 1517 101.0
1517 1519 101.0
1520 496 103.0
496 1520 103.0
1520 1264 104.0
1264 1520 104.0
1520 1392 203.0
1392 1520 203.0
1520 1456 102.0
1456 1520 102.0
1520 1488 208.0
1488 1520 208.0
1520 1512 107.0
1512 1520 107.0
1520 1516 101.0
1516 1520 101.0
1520 1518 101.0
1518 1520 101.0
1520 1519 108.0
1519 1520 108.0
1521 497 106.0
497 1521 106.0
1521 1265 102.0
1265 1521 102.0
1521 1393 104.0
1393 1521 104.0
1521 1457 106.0
1457 1521 106.0
1521 1489 107.0
1489 1521 107.0
1521 1505 107.0
1505 1521 107.0
1522 498 105.0
498 1522 105.0
1522 1266 103.0
1266 1522 103.0
1522 1394 101.0
1394 1522 101.0
1522 1458 102.0
1458 1522 102.0
1522 1490 107.0
1490 1522 107.0
1522 1506 105.0
1506 1522 105.0
1522 1521 106.0
1521 1522 106.0
1523 499 107.0
499 1523 107.0
1523 1267 110.0
1267 1523 110.0
1523 1395 103.0
1395 1523 103.0
1523 1459 103.0
1459 1523 103.0
1523 1491 104.0
1491 1523 104.0
1523 1507 208.0
1507 1523 208.0
1523 1521 109.0
1521 1523 109.0
1524 500 105.0
500 1524 105.0
1524 1268 103.0
1268 1524 103.0
1524 1396 102.0
1396 1524 102.0
1524 1460 201.0
1460 1524 201.0
1524 1492 105.0
1492 1524 105.0
1524 1508 106.0
1508 1524 106.0
1524 1522 109.0
1522 1524 109.0
1524 1523 102.0
1523 1524 102.0
1525 501 103.0
501 1525 103.0
1525 1269 208.0
1269 1525 208.0
1525 1397 104.0
1397 1525 104.0
1525 1461 110.0
1461 1525 110.0
1525 1493 205.0
1493 1525 205.0
1525 1509 102.0
1509 1525 102.0
1525 1521 104.0
1521 1525 104.0
1526 502 204.0
502 1526 204.0
1526 1270 106.0
1270 1526 106.0
1526 1398 101.0
1398 1526 101.0
1526 1462 108.0
1462 1526 108.0
1526 1494 209.0
1494 1526 209.0
1526 1510 109.0
1510 1526 109.0
1526 1522 105.0
1522 1526 105.0
1526 1525 105.0
1525 1526 105.0
1527 503 105.0
503 1527 105.0
1527 1271 103.0
1271 1527 103.0
1527 1399 209.0
1399 1527 209.0
1527 1463 106.0
1463 1527 106.0
1527 1495 102.0
1495 1527 102.0
1527 1511 106.0
1511 1527 106.0
1527 1523 102.0
1523 1527 102.0
1527 1525 103.0
1525 1527 103.0
1528 504 108.0
504 1528 108.0
1528 1272 109.0
1272 1528 109.0
1528 1400 108.0
1400 1528 108.0
1528 1464 107.0
1464 1528 107.0
1528 1496 206.0
1496 1528 206.0
1528 1512 108.0
1512 1528 108.0
1528 1524 102.0
1524 1528 102.0
1528 1526 105.0
1526 1528 105.0
1528 1527 102.0
1527 1528 102.0
1529 505 206.0
505 1529 206.0
1529 1273 202.0
1273 1529 202.0
1529 1401 203.0
1401 1529 203.0
1529 1465 203.0
1465 1529 203.0
1529 1497 208.0
1497 1529 208.0
1529 1513 308.0
1513 1529 308.0
1529 1521 203.0
1521 1529 203.0
1530 506 108.0
506 1530 108.0
1530 1274 102.0
1274 1530 102.0
1530 1402 209.0
1402 1530 209.0
1530 1466 105.0
1466 1530 105.0
1530 1498 104.0
1498 1530 104.0
1530 1514 101.0
1514 1530 101.0
1530 1522 104.0
1522 1530 104.0
1530 1529 208.0
1529 1530 208.0
1531 507 208.0
507 1531 208.0
1531 1275 107.0
1275 1531 107.0
1531 1403 104.0
1403 1531 104.0
1531 1467 107.0
1467 1531 107.0
1531 1499 107.0
1499 1531 107.0
1531 1515 207.0
1515 1531 207.0
1531 1523 105.0
1523 1531 105.0
1531 1529 203.0
1529 1531 203.0
1532 508 102.0
508 1532 102.0
1532 1276 201.0
1276 1532 201.0
1532 1404 210.0
1404 1532 210.0
1532 1468 105.0
1468 1532 105.0
1532 1500 103.0
1500 1532 103.0
1532 1516 103.0
1516 1532 103.0
1532 1524 107.0
1524 1532 107.0
1532 1530 101.0
1530 1532 101.0
1532 1531 101.0
1531 1532 101.0
1533 509 104.0
509 1533 104.0
1533 1277 106.0
1277 1533 106.0
1533 1405 101.0
1405 1533 101.0
1533 1469 102.0
1469 1533 102.0
1533 1501 108.0
1501 1533 108.0
1533 1517 104.0
1517 1533 104.0
1533 1525 104.0
1525 1533 104.0
1533 1529 203.0
1529 1533 203.0
1534 510 203.0
510 1534 203.0
1534 1278 108.0
1278 1534 108.0
1534 1406 105.0
1406 1534 105.0
1534 1470 107.0
1470 1534 107.0
1534 1502 105.0
1502 1534 105.0
1534 1518 104.0
1518 1534 104.0
1534 1526 109.0
1526 1534 109.0
1534 1530 106.0
1530 1534 106.0
1534 1533 102.0
1533 1534 102.0
1535 511 105.0
511 1535 105.0
1535 1279 109.0
1279 1535 109.0
1535 1407 108.0
1407 1535 108.0
1535 1471 104.0
1471 1535 104.0
1535 1503 102.0
1503 1535 102.0
1535 1519 102.0
1519 1535 102.0
1535 1527 107.0
1527 1535 107.0
1535 1531 109.0
1531 1535 109.0
1535 1533 108.0
1533 1535 108.0
1536 512 102.0
512 1536 102.0
1536 1280 108.0
1280 1536 108.0
1536 1408 107.0
1408 1536 107.0
1536 1472 110.0
1472 1536 110.0
1536 1504 208.0
1504 1536 208.0
1536 1520 104.0
1520 1536 104.0
1536 1528 110.0
1528 1536 110.0
1536 1532 107.0
1532 1536 107.0
1536 1534 104.0
1534 1536 104.0
1536 1535 107.0
1535 1536 107.0
1537 513 102.0
513 1537 102.0
1537 1025 103.0
1025 1537 103.0
1538 514 208.0
514 1538 208.0
1538 1026 210.0
1026 1538 210.0
1538 1537 202.0
1537 1538 202.0
1539 515 102.0
515 1539 102.0
1539 1027 104.0
1027 1539 104.0
1539 1537 104.0
1537 1539 104.0
1540 516 109.0
516 1540 109.0
1540 1028 104.0
1028 1540 104.0
1540 1538 205.0
1538 1540 205.0
1540 1539 105.0
1539 1540 105.0
1541 517 106.0
517 1541 106.0
1541 1029 102.0
1029 1541 102.0
1541 1537 103.0
1537 1541 103.0
1542 518 110.0
518 1542 110.0
1542 1030 103.0
1030 1542 103.0
1542 1538 207.0
1538 1542 207.0
1542 1541 110.0
1541 1542 110.0
1543 519 101.0
519 1543 101.0
1543 1031 108.0
1031 1543 108.0
1543 1539 110.0
1539 1543 110.0
1543 1541 105.0
1541 1543 105.0
1544 520 103.0
520 1544 103.0
1544 1032 207.0
1032 1544 207.0
1544 1540 109.0
1540 1544 109.0
1544 1542 109.0
1542 1544 109.0
1544 1543 106.0
1543 1544 106.0
1545 521 106.0
521 1545 106.0
1545 1033 205.0
1033 1545 205.0
1545 1537 103.0
1537 1545 103.0
1546 522 104.0
522 1546 104.0
1546 1034 110.0
1034 1546 110.0
1546 1538 201.0
1538 1546 201.0
1546 1545 109.0
1545 1546 109.0
1547 523 201.0
523 1547 201.0
1547 1035 110.0
1035 1547 110.0
1547 1539 101.0
1539 1547 101.0
1547 1545 108.0
1545 1547 108.0
1548 524 103.0
524 1548 103.0
1548 1036 107.0
1036 1548 107.0
1548 1540 108.0
1540 1548 108.0
1548 1546 102.0
1546 1548 102.0
1548 1547 106.0
1547 1548 106.0
1549 525 101.0
525 1549 101.0
1549 1037 104.0
1037 1549 104.0
1549 1541 104.0
1541 1549 104.0
1549 1545 107.0
1545 1549 107.0
1550 526 207.0
526 1550 207.0
1550 1038 204.0
1038 1550 204.0
1550 1542 207.0
1542 1550 207.0
1550 1546 207.0
1546 1550 207.0
1550 1549 204.0
1549 1550 204.0
1551 527 104.0
527 1551 104.0
1551 1039 108.0
1039 1551 108.0
1551 1543 108.0
1543 1551 108.0
1551 1547 110.0
1547 1551 110.0
1551 1549 103.0
1549 1551 103.0
1552 528 209.0
528 1552 209.0
1552 1040 205.0
1040 1552 205.0
1552 1544 203.0
1544 1552 203.0
1552 1548 202.0
1548 1552 202.0
1552 1550 305.0
1550 1552 305.0
1552 1551 206.0
1551 1552 206.0
1553 529 109.0
529 1553 109.0
1553 1041 104.0
1041 1553 104.0
1553 1537 107.0
1537 1553 107.0
1554 530 107.0
530 1554 107.0
1554 1042 109.0
1042 1554 109.0
1554 1538 210.0
1538 1554 210.0
1554 1553 103.0
1553 1554 103.0
1555 531 206.0
531 1555 206.0
1555 1043 209.0
1043 1555 209.0
1555 1539 201.0
1539 1555 201.0
1555 1553 207.0
1553 1555 207.0
1556 532 110.0
532 1556 110.0
1556 1044 101.0
1044 1556 101.0
1556 1540 108.0
1540 1556 108.0
1556 1554 108.0
1554 1556 108.0
1556 1555 210.0
1555 1556 210.0
1557 533 103.0
533 1557 103.0
1557 1045 101.0
1045 1557 101.0
1557 1541 109.0
1541 1557 109.0
1557 1553 108.0
1553 1557 108.0
1558 534 203.0
534 1558 203.0
1558 1046 102.0
1046 1558 102.0
1558 1542 103.0
1542 1558 103.0
1558 1554 110.0
1554 1558 110.0
1558 1557 104.0
1557 1558 104.0
1559 535 201.0
535 1559 201.0
1559 1047 203.0
1047 1559 203.0
1559 1543 203.0
1543 1559 203.0
1559 1555 308.0
1555 1559 308.0
1559 1557 206.0
1557 1559 206.0
1560 536 109.0
536 1560 109.0
1560 1048 103.0
1048 1560 103.0
1560 1544 104.0
1544 1560 104.0
1560 1556 101.0
1556 1560 101.0
1560 1558 104.0
1558 1560 104.0
1560 1559 201.0
1559 1560 201.0
1561 537 106.0
537 1561 106.0
1561 1049 109.0
1049 1561 109.0
1561 1545 101.0
1545 1561 101.0
1561 1553 103.0
1553 1561 103.0
1562 538 107.0
538 1562 107.0
1562 1050 101.0
1050 1562 101.0
1562 1546 101.0
1546 1562 101.0
1562 1554 107.0
1554 1562 107.0
1562 1561 106.0
1561 1562 106.0
1563 539 102.0
539 1563 102.0
1563 1051 104.0
1051 1563 104.0
1563 1547 105.0
1547 1563 105.0
1563 1555 202.0
1555 1563 202.0
1563 1561 104.0
1561 1563 104.0
1564 540 106.0
540 1564 106.0
1564 1052 205.0
1052 1564 205.0
1564 1548 108.0
1548 1564 108.0
1564 1556 106.0
1556 1564 106.0
1564 1562 106.0
1562 1564 106.0
1564 1563 101.0
1563 1564 101.0
1565 541 104.0
541 1565 104.0
1565 1053 106.0
1053 1565 106.0
1565 1549 107.0
1549 1565 107.0
1565 1557 110.0
1557 1565 110.0
1565 1561 103.0
1561 1565 103.0
1566 542 101.0
542 1566 101.0
1566 1054 103.0
1054 1566 103.0
1566 1550 202.0
1550 1566 202.0
1566 1558 109.0
1558 1566 109.0
1566 1562 104.0
1562 1566 104.0
1566 1565 101.0
1565 1566 101.0
1567 543 107.0
543 1567 107.0
1567 1055 102.0
1055 1567 102.0
1567 1551 104.0
1551 1567 104.0
1567 1559 210.0
1559 1567 210.0
1567 1563 107.0
1563 1567 107.0
1567 1565 105.0
1565 1567 105.0
1568 544 104.0
544 1568 104.0
1568 1056 109.0
1056 1568 109.0
1568 1552 205.0
1552 1568 205.0
1568 1560 107.0
1560 1568 107.0
1568 1564 107.0
1564 1568 107.0
1568 1566 104.0
1566 1568 104.0
1568 1567 103.0
1567 1568 103.0
1569 545 210.0
545 1569 210.0
1569 1057 105.0
1057 1569 105.0
1569 1537 104.0
1537 1569 104.0
1570 546 107.0
546 1570 107.0
1570 1058 103.0
1058 1570 103.0
1570 1538 202.0
1538 1570 202.0
1570 1569 110.0
1569 1570 110.0
1571 547 108.0
547 1571 108.0
1571 1059 105.0
1059 1571 105.0
1571 1539 102.0
1539 1571 102.0
1571 1569 109.0
1569 1571 109.0
1572 548 109.0
548 1572 109.0
1572 1060 104.0
1060 1572 104.0
1572 1540 101.0
1540 1572 101.0
1572 1570 102.0
1570 1572 102.0
1572 1571 104.0
1571 1572 104.0
1573 549 101.0
549 1573 101.0
1573 1061 107.0
1061 1573 107.0
1573 1541 102.0
1541 1573 102.0
1573 1569 101.0
1569 1573 101.0
1574 550 109.0
550 1574 109.0
1574 1062 109.0
1062 1574 109.0
1574 1542 106.0
1542 1574 106.0
1574 1570 102.0
1570 1574 102.0
1574 1573 103.0
1573 1574 103.0
1575 551 109.0
551 1575 109.0
1575 1063 202.0
1063 1575 202.0
1575 1543 107.0
1543 1575 107.0
1575 1571 105.0
1571 1575 105.0
1575 1573 107.0
1573 1575 107.0
1576 552 210.0
552 1576 210.0
1576 1064 105.0
1064 1576 105.0
1576 1544 105.0
1544 1576 105.0
1576 1572 109.0
1572 1576 109.0
1576 1574 102.0
1574 1576 102.0
1576 1575 101.0
1575 1576 101.0
1577 553 106.0
553 1577 106.0
1577 1065 103.0
1065 1577 103.0
1577 1545 107.0
1545 1577 107.0
1577 1569 109.0
1569 1577 109.0
1578 554 101.0
554 1578 101.0
1578 1066 102.0
1066 1578 102.0
1578 1546 102.0
1546 1578 102.0
1578 1570 105.0
1570 1578 105.0
1578 1577 109.0
1577 1578 109.0
1579 555 109.0
555 1579 109.0
1579 1067 104.0
1067 1579 104.0
1579 1547 110.0
1547 1579 110.0
1579 1571 103.0
1571 1579 103.0
1579 1577 102.0
1577 1579 102.0
1580 556 102.0
556 1580 102.0
1580 1068 107.0
1068 1580 107.0
1580 1548 107.0
1548 1580 107.0
1580 1572 102.0
1572 1580 102.0
1580 1578 101.0
1578 1580 101.0
1580 1579 107.0
1579 1580 107.0
1581 557 101.0
557 1581 101.0
1581 1069 208.0
1069 1581 208.0
1581 1549 107.0
1549 1581 107.0
1581 1573 106.0
1573 1581 106.0
1581 1577 106.0
1577 1581 106.0
1582 558 107.0
558 1582 107.0
1582 1070 102.0
1070 1582 102.0
1582 1550 201.0
1550 1582 201.0
1582 1574 109.0
1574 1582 109.0
1582 1578 109.0
1578 1582 109.0
1582 1581 107.0
1581 1582 107.0
1583 559 105.0
559 1583 105.0
1583 1071 109.0
1071 1583 109.0
1583 1551 101.0
1551 1583 101.0
1583 1575 104.0
1575 1583 104.0
1583 1579 106.0
1579 1583 106.0
1583 1581 103.0
1581 1583 103.0
1584 560 105.0
560 1584 105.0
1584 1072 110.0
1072 1584 110.0
1584 1552 210.0
1552 1584 210.0
1584 1576 110.0
1576 1584 110.0
1584 1580 105.0
1580 1584 105.0
1584 1582 108.0
1582 1584 108.0
1584 1583 102.0
1583 1584 102.0
1585 561 102.0
561 1585 102.0
1585 1073 103.0
1073 1585 103.0
1585 1553 101.0
1553 1585 101.0
1585 1569 104.0
1569 1585 104.0
1586 562 109.0
562 1586 109.0
1586 1074 105.0
1074 1586 105.0
1586 1554 104.0
1554 1586 104.0
1586 1570 110.0
1570 1586 110.0
1586 1585 103.0
1585 1586 103.0
1587 563 103.0
563 1587 103.0
1587 1075 102.0
1075 1587 102.0
1587 1555 205.0
1555 1587 205.0
1587 1571 110.0
1571 1587 110.0
1587 1585 101.0
1585 1587 101.0
1588 564 304.0
564 1588 304.0
1588 1076 203.0
1076 1588 203.0
1588 1556 208.0
1556 1588 208.0
1588 1572 202.0
1572 1588 202.0
1588 1586 201.0
1586 1588 201.0
1588 1587 204.0
1587 1588 204.0
1589 565 101.0
565 1589 101.0
1589 1077 105.0
1077 1589 105.0
1589 1557 103.0
1557 1589 103.0
1589 1573 101.0
1573 1589 101.0
1589 1585 102.0
1585 1589 102.0
1590 566 109.0
566 1590 109.0
1590 1078 207.0
1078 1590 207.0
1590 1558 109.0
1558 1590 109.0
1590 1574 106.0
1574 1590 106.0
1590 1586 104.0
1586 1590 104.0
1590 1589 108.0
1589 1590 108.0
1591 567 104.0
567 1591 104.0
1591 1079 101.0
1079 1591 101.0
1591 1559 209.0
1559 1591 209.0
1591 1575 103.0
1575 1591 103.0
1591 1587 110.0
1587 1591 110.0
1591 1589 103.0
1589 1591 103.0
1592 568 103.0
568 1592 103.0
1592 1080 110.0
1080 1592 110.0
1592 1560 104.0
1560 1592 104.0
1592 1576 109.0
1576 1592 109.0
1592 1588 202.0
1588 1592 202.0
1592 1590 106.0
1590 1592 106.0
1592 1591 107.0
1591 1592 107.0
1593 569 210.0
569 1593 210.0
1593 1081 201.0
1081 1593 201.0
1593 1561 201.0
1561 1593 201.0
1593 1577 205.0
1577 1593 205.0
1593 1585 202.0
1585 1593 202.0
1594 570 103.0
570 1594 103.0
1594 1082 108.0
1082 1594 108.0
1594 1562 108.0
1562 1594 108.0
1594 1578 110.0
1578 1594 110.0
1594 1586 103.0
1586 1594 103.0
1594 1593 208.0
1593 1594 208.0
1595 571 110.0
571 1595 110.0
1595 1083 105.0
1083 1595 105.0
1595 1563 110.0
1563 1595 110.0
1595 1579 106.0
1579 1595 106.0
1595 1587 104.0
1587 1595 104.0
1595 1593 210.0
1593 1595 210.0
1596 572 107.0
572 1596 107.0
1596 1084 106.0
1084 1596 106.0
1596 1564 101.0
1564 1596 101.0
1596 1580 103.0
1580 1596 103.0
1596 1588 206.0
1588 1596 206.0
1596 1594 107.0
1594 1596 107.0
1596 1595 105.0
1595 1596 105.0
1597 573 107.0
573 1597 107.0
1597 1085 102.0
1085 1597 102.0
1597 1565 110.0
1565 1597 110.0
1597 1581 107.0
1581 1597 107.0
1597 1589 110.0
1589 1597 110.0
1597 1593 205.0
1593 1597 205.0
1598 574 105.0
574 1598 105.0
1598 1086 101.0
1086 1598 101.0
1598 1566 108.0
1566 1598 108.0
1598 1582 105.0
1582 1598 105.0
1598 1590 103.0
1590 1598 103.0
1598 1594 106.0
1594 1598 106.0
1598 1597 110.0
1597 1598 110.0
1599 575 206.0
575 1599 206.0
1599 1087 106.0
1087 1599 106.0
1599 1567 104.0
1567 1599 104.0
1599 1583 103.0
1583 1599 103.0
1599 1591 108.0
1591 1599 108.0
1599 1595 105.0
1595 1599 105.0
1599 1597 105.0
1597 1599 105.0
1600 576 105.0
576 1600 105.0
1600 1088 109.0
1088 1600 109.0
1600 1568 105.0
1568 1600 105.0
1600 1584 107.0
1584 1600 107.0
1600 1592 104.0
1592 1600 104.0
1600 1596 109.0
1596 1600 109.0
1600 1598 106.0
1598 1600 106.0
1600 1599 106.0
1599 1600 106.0
1601 577 101.0
577 1601 101.0
1601 1089 105.0
1089 1601 105.0
1601 1537 101.0
1537 1601 101.0
1602 578 210.0
578 1602 210.0
1602 1090 110.0
1090 1602 110.0
1602 1538 202.0
1538 1602 202.0
1602 1601 101.0
1601 1602 101.0
1603 579 108.0
579 1603 108.0
1603 1091 104.0
1091 1603 104.0
1603 1539 102.0
1539 1603 102.0
1603 1601 109.0
1601 1603 109.0
1604 580 101.0
580 1604 101.0
1604 1092 108.0
1092 1604 108.0
1604 1540 109.0
1540 1604 109.0
1604 1602 101.0
1602 1604 101.0
1604 1603 106.0
1603 1604 106.0
1605 581 102.0
581 1605 102.0
1605 1093 101.0
1093 1605 101.0
1605 1541 107.0
1541 1605 107.0
1605 1601 106.0
1601 1605 106.0
1606 582 107.0
582 1606 107.0
1606 1094 105.0
1094 1606 105.0
1606 1542 106.0
1542 1606 106.0
1606 1602 105.0
1602 1606 105.0
1606 1605 106.0
1605 1606 106.0
1607 583 210.0
583 1607 210.0
1607 1095 103.0
1095 1607 103.0
1607 1543 101.0
1543 1607 101.0
1607 1603 104.0
1603 1607 104.0
1607 1605 106.0
1605 1607 106.0
1608 584 104.0
584 1608 104.0
1608 1096 106.0
1096 1608 106.0
1608 1544 101.0
1544 1608 101.0
1608 1604 109.0
1604 1608 109.0
1608 1606 102.0
1606 1608 102.0
1608 1607 101.0
1607 1608 101.0
1609 585 101.0
585 1609 101.0
1609 1097 103.0
1097 1609 103.0
1609 1545 104.0
1545 1609 104.0
1609 1601 106.0
1601 1609 106.0
1610 586 102.0
586 1610 102.0
1610 1098 103.0
1098 1610 103.0
1610 1546 101.0
1546 1610 101.0
1610 1602 104.0
1602 1610 104.0
1610 1609 105.0
1609 1610 105.0
1611 587 104.0
587 1611 104.0
1611 1099 101.0
1099 1611 101.0
1611 1547 109.0
1547 1611 109.0
1611 1603 102.0
1603 1611 102.0
1611 1609 101.0
1609 1611 101.0
1612 588 107.0
588 1612 107.0
1612 1100 108.0
1100 1612 108.0
1612 1548 104.0
1548 1612 104.0
1612 1604 101.0
1604 1612 101.0
1612 1610 109.0
1610 1612 109.0
1612 1611 110.0
1611 1612 110.0
1613 589 205.0
589 1613 205.0
1613 1101 106.0
1101 1613 106.0
1613 1549 104.0
1549 1613 104.0
1613 1605 105.0
1605 1613 105.0
1613 1609 107.0
1609 1613 107.0
1614 590 104.0
590 1614 104.0
1614 1102 205.0
1102 1614 205.0
1614 1550 205.0
1550 1614 205.0
1614 1606 105.0
1606 1614 105.0
1614 1610 106.0
1610 1614 106.0
1614 1613 110.0
1613 1614 110.0
1615 591 106.0
591 1615 106.0
1615 1103 202.0
1103 1615 202.0
1615 1551 107.0
1551 1615 107.0
1615 1607 103.0
1607 1615 103.0
1615 1611 106.0
1611 1615 106.0
1615 1613 103.0
1613 1615 103.0
1616 592 204.0
592 1616 204.0
1616 1104 101.0
1104 1616 101.0
1616 1552 204.0
1552 1616 204.0
1616 1608 101.0
1608 1616 101.0
1616 1612 107.0
1612 1616 107.0
1616 1614 110.0
1614 1616 110.0
1616 1615 107.0
1615 1616 107.0
1617 593 109.0
593 1617 109.0
1617 1105 107.0
1105 1617 107.0
1617 1553 105.0
1553 1617 105.0
1617 1601 103.0
1601 1617 103.0
1618 594 101.0
594 1618 101.0
1618 1106 102.0
1106 1618 102.0
1618 1554 110.0
1554 1618 110.0
1618 1602 104.0
1602 1618 104.0
1618 1617 102.0
1617 1618 102.0
1619 595 102.0
595 1619 102.0
1619 1107 103.0
1107 1619 103.0
1619 1555 210.0
1555 1619 210.0
1619 1603 103.0
1603 1619 103.0
1619 1617 106.0
1617 1619 106.0
1620 596 103.0
596 1620 103.0
1620 1108 205.0
1108 1620 205.0
1620 1556 109.0
1556 1620 109.0
1620 1604 102.0
1604 1620 102.0
1620 1618 101.0
1618 1620 101.0
1620 1619 108.0
1619 1620 108.0
1621 597 203.0
597 1621 203.0
1621 1109 307.0
1109 1621 307.0
1621 1557 204.0
1557 1621 204.0
1621 1605 205.0
1605 1621 205.0
1621 1617 206.0
1617 1621 206.0
1622 598 106.0
598 1622 106.0
1622 1110 109.0
1110 1622 109.0
1622 1558 107.0
1558 1622 107.0
1622 1606 110.0
1606 1622 110.0
1622 1618 104.0
1618 1622 104.0
1622 1621 204.0
1621 1622 204.0
1623 599 107.0
599 1623 107.0
1623 1111 104.0
1111 1623 104.0
1623 1559 205.0
1559 1623 205.0
1623 1607 101.0
1607 1623 101.0
1623 1619 110.0
1619 1623 110.0
1623 1621 201.0
1621 1623 201.0
1624 600 202.0
600 1624 202.0
1624 1112 106.0
1112 1624 106.0
1624 1560 104.0
1560 1624 104.0
1624 1608 102.0
1608 1624 102.0
1624 1620 107.0
1620 1624 107.0
1624 1622 107.0
1622 1624 107.0
1624 1623 105.0
1623 1624 105.0
1625 601 106.0
601 1625 106.0
1625 1113 109.0
1113 1625 109.0
1625 1561 109.0
1561 1625 109.0
1625 1609 108.0
1609 1625 108.0
1625 1617 109.0
1617 1625 109.0
1626 602 306.0
602 1626 306.0
1626 1114 207.0
1114 1626 207.0
1626 1562 203.0
1562 1626 203.0
1626 1610 203.0
1610 1626 203.0
1626 1618 208.0
1618 1626 208.0
1626 1625 210.0
1625 1626 210.0
1627 603 104.0
603 1627 104.0
1627 1115 101.0
1115 1627 101.0
1627 1563 109.0
1563 1627 109.0
1627 1611 102.0
1611 1627 102.0
1627 1619 106.0
1619 1627 106.0
1627 1625 108.0
1625 1627 108.0
1628 604 102.0
604 1628 102.0
1628 1116 108.0
1116 1628 108.0
1628 1564 101.0
1564 1628 101.0
1628 1612 103.0
1612 1628 103.0
1628 1620 107.0
1620 1628 107.0
1628 1626 206.0
1626 1628 206.0
1628 1627 105.0
1627 1628 105.0
1629 605 103.0
605 1629 103.0
1629 1117 101.0
1117 1629 101.0
1629 1565 102.0
1565 1629 102.0
1629 1613 103.0
1613 1629 103.0
1629 1621 203.0
1621 1629 203.0
1629 1625 104.0
1625 1629 104.0
1630 606 103.0
606 1630 103.0
1630 1118 106.0
1118 1630 106.0
1630 1566 110.0
1566 1630 110.0
1630 1614 105.0
1614 1630 105.0
1630 1622 105.0
1622 1630 105.0
1630 1626 207.0
1626 1630 207.0
1630 1629 105.0
1629 1630 105.0
1631 607 106.0
607 1631 106.0
1631 1119 109.0
1119 1631 109.0
1631 1567 101.0
1567 1631 101.0
1631 1615 107.0
1615 1631 107.0
1631 1623 104.0
1623 1631 104.0
1631 1627 108.0
1627 1631 108.0
1631 1629 110.0
1629 1631 110.0
1632 608 108.0
608 1632 108.0
1632 1120 102.0
1120 1632 102.0
1632 1568 108.0
1568 1632 108.0
1632 1616 103.0
1616 1632 103.0
1632 1624 102.0
1624 1632 102.0
1632 1628 108.0
1628 1632 108.0
1632 1630 103.0
1630 1632 103.0
1632 1631 104.0
1631 1632 104.0
1633 609 109.0
609 1633 109.0
1633 1121 102.0
1121 1633 102.0
1633 1569 102.0
1569 1633 102.0
1633 1601 105.0
1601 1633 105.0
1634 610 106.0
610 1634 106.0
1634 1122 204.0
1122 1634 204.0
1634 1570 105.0
1570 1634 105.0
1634 1602 105.0
1602 1634 105.0
1634 1633 103.0
1633 1634 103.0
1635 611 102.0
611 1635 102.0
1635 1123 109.0
1123 1635 109.0
1635 1571 109.0
1571 1635 109.0
1635 1603 103.0
1603 1635 103.0
1635 1633 105.0
1633 1635 105.0
1636 612 106.0
612 1636 106.0
1636 1124 109.0
1124 1636 109.0
1636 1572 107.0
1572 1636 107.0
1636 1604 106.0
1604 1636 106.0
1636 1634 107.0
1634 1636 107.0
1636 1635 104.0
1635 1636 104.0
1637 613 203.0
613 1637 203.0
1637 1125 206.0
1125 1637 206.0
1637 1573 208.0
1573 1637 208.0
1637 1605 205.0
1605 1637 205.0
1637 1633 208.0
1633 1637 208.0
1638 614 101.0
614 1638 101.0
1638 1126 108.0
1126 1638 108.0
1638 1574 102.0
1574 1638 102.0
1638 1606 105.0
1606 1638 105.0
1638 1634 110.0
1634 1638 110.0
1638 1637 207.0
1637 1638 207.0
1639 615 109.0
615 1639 109.0
1639 1127 107.0
1127 1639 107.0
1639 1575 105.0
1575 1639 105.0
1639 1607 109.0
1607 1639 109.0
1639 1635 101.0
1635 1639 101.0
1639 1637 210.0
1637 1639 210.0
1640 616 107.0
616 1640 107.0
1640 1128 105.0
1128 1640 105.0
1640 1576 109.0
1576 1640 109.0
1640 1608 107.0
1608 1640 107.0
1640 1636 105.0
1636 1640 105.0
1640 1638 104.0
1638 1640 104.0
1640 1639 105.0
1639 1640 105.0
1641 617 101.0
617 1641 101.0
1641 1129 106.0
1129 1641 106.0
1641 1577 103.0
1577 1641 103.0
1641 1609 102.0
1609 1641 102.0
1641 1633 101.0
1633 1641 101.0
1642 618 109.0
618 1642 109.0
1642 1130 107.0
1130 1642 107.0
1642 1578 104.0
1578 1642 104.0
1642 1610 110.0
1610 1642 110.0
1642 1634 107.0
1634 1642 107.0
1642 1641 109.0
1641 1642 109.0
1643 619 204.0
619 1643 204.0
1643 1131 204.0
1131 1643 204.0
1643 1579 202.0
1579 1643 202.0
1643 1611 203.0
1611 1643 203.0
1643 1635 203.0
1635 1643 203.0
1643 1641 202.0
1641 1643 202.0
1644 620 109.0
620 1644 109.0
1644 1132 102.0
1132 1644 102.0
1644 1580 108.0
1580 1644 108.0
1644 1612 103.0
1612 1644 103.0
1644 1636 110.0
1636 1644 110.0
1644 1642 109.0
1642 1644 109.0
1644 1643 210.0
1643 1644 210.0
1645 621 109.0
621 1645 109.0
1645 1133 109.0
1133 1645 109.0
1645 1581 101.0
1581 1645 101.0
1645 1613 101.0
1613 1645 101.0
1645 1637 210.0
1637 1645 210.0
1645 1641 102.0
1641 1645 102.0
1646 622 108.0
622 1646 108.0
1646 1134 104.0
1134 1646 104.0
1646 1582 105.0
1582 1646 105.0
1646 1614 107.0
1614 1646 107.0
1646 1638 101.0
1638 1646 101.0
1646 1642 110.0
1642 1646 110.0
1646 1645 103.0
1645 1646 103.0
1647 623 110.0
623 1647 110.0
1647 1135 108.0
1135 1647 108.0
1647 1583 101.0
1583 1647 101.0
1647 1615 103.0
1615 1647 103.0
1647 1639 108.0
1639 1647 108.0
1647 1643 202.0
1643 1647 202.0
1647 1645 109.0
1645 1647 109.0
1648 624 102.0
624 1648 102.0
1648 1136 110.0
1136 1648 110.0
1648 1584 109.0
1584 1648 109.0
1648 1616 108.0
1616 1648 108.0
1648 1640 101.0
1640 1648 101.0
1648 1644 108.0
1644 1648 108.0
1648 1646 110.0
1646 1648 110.0
1648 1647 106.0
1647 1648 106.0
1649 625 101.0
625 1649 101.0
1649 1137 106.0
1137 1649 106.0
1649 1585 101.0
1585 1649 101.0
1649 1617 101.0
1617 1649 101.0
1649 1633 107.0
1633 1649 107.0
1650 626 104.0
626 1650 104.0
1650 1138 102.0
1138 1650 102.0
1650 1586 107.0
1586 1650 107.0
1650 1618 108.0
1618 1650 108.0
1650 1634 102.0
1634 1650 102.0
1650 1649 103.0
1649 1650 103.0
1651 627 208.0
627 1651 208.0
1651 1139 210.0
1139 1651 210.0
1651 1587 204.0
1587 1651 204.0
1651 1619 201.0
1619 1651 201.0
1651 1635 206.0
1635 1651 206.0
1651 1649 204.0
1649 1651 204.0
1652 628 205.0
628 1652 205.0
1652 1140 102.0
1140 1652 102.0
1652 1588 206.0
1588 1652 206.0
1652 1620 102.0
1620 1652 102.0
1652 1636 102.0
1636 1652 102.0
1652 1650 108.0
1650 1652 108.0
1652 1651 209.0
1651 1652 209.0
1653 629 106.0
629 1653 106.0
1653 1141 102.0
1141 1653 102.0
1653 1589 102.0
1589 1653 102.0
1653 1621 201.0
1621 1653 201.0
1653 1637 204.0
1637 1653 204.0
1653 1649 102.0
1649 1653 102.0
1654 630 101.0
630 1654 101.0
1654 1142 107.0
1142 1654 107.0
1654 1590 102.0
1590 1654 102.0
1654 1622 104.0
1622 1654 104.0
1654 1638 110.0
1638 1654 110.0
1654 1650 101.0
1650 1654 101.0
1654 1653 107.0
1653 1654 107.0
1655 631 202.0
631 1655 202.0
1655 1143 103.0
1143 1655 103.0
1655 1591 101.0
1591 1655 101.0
1655 1623 106.0
1623 1655 106.0
1655 1639 102.0
1639 1655 102.0
1655 1651 210.0
1651 1655 210.0
1655 1653 101.0
1653 1655 101.0
1656 632 109.0
632 1656 109.0
1656 1144 109.0
1144 1656 109.0
1656 1592 102.0
1592 1656 102.0
1656 1624 102.0
1624 1656 102.0
1656 1640 106.0
1640 1656 106.0
1656 1652 102.0
1652 1656 102.0
1656 1654 102.0
1654 1656 102.0
1656 1655 106.0
1655 1656 106.0
1657 633 104.0
633 1657 104.0
1657 1145 102.0
1145 1657 102.0
1657 1593 208.0
1593 1657 208.0
1657 1625 106.0
1625 1657 106.0
1657 1641 106.0
1641 1657 106.0
1657 1649 110.0
1649 1657 110.0
1658 634 110.0
634 1658 110.0
1658 1146 109.0
1146 1658 109.0
1658 1594 102.0
1594 1658 102.0
1658 1626 210.0
1626 1658 210.0
1658 1642 102.0
1642 1658 102.0
1658 1650 109.0
1650 1658 109.0
1658 1657 104.0
1657 1658 104.0
1659 635 103.0
635 1659 103.0
1659 1147 206.0
1147 1659 206.0
1659 1595 109.0
1595 1659 109.0
1659 1627 104.0
1627 1659 104.0
1659 1643 208.0
1643 1659 208.0
1659 1651 202.0
1651 1659 202.0
1659 1657 104.0
1657 1659 104.0
1660 636 104.0
636 1660 104.0
1660 1148 102.0
1148 1660 102.0
1660 1596 101.0
1596 1660 101.0
1660 1628 107.0
1628 1660 107.0
1660 1644 106.0
1644 1660 106.0
1660 1652 109.0
1652 1660 109.0
1660 1658 106.0
1658 1660 106.0
1660 1659 105.0
1659 1660 105.0
1661 637 108.0
637 1661 108.0
1661 1149 104.0
1149 1661 104.0
1661 1597 110.0
1597 1661 110.0
1661 1629 109.0
1629 1661 109.0
1661 1645 106.0
1645 1661 106.0
1661 1653 109.0
1653 1661 109.0
1661 1657 104.0
1657 1661 104.0
1662 638 206.0
638 1662 206.0
1662 1150 207.0
1150 1662 207.0
1662 1598 210.0
1598 1662 210.0
1662 1630 201.0
1630 1662 201.0
1662 1646 207.0
1646 1662 207.0
1662 1654 207.0
1654 1662 207.0
1662 1658 201.0
1658 1662 201.0
1662 1661 205.0
1661 1662 205.0
1663 639 102.0
639 1663 102.0
1663 1151 107.0
1151 1663 107.0
1663 1599 104.0
1599 1663 104.0
1663 1631 104.0
1631 1663 104.0
1663 1647 102.0
1647 1663 102.0
1663 1655 108.0
1655 1663 108.0
1663 1659 108.0
1659 1663 108.0
1663 1661 101.0
1661 1663 101.0
1664 640 201.0
640 1664 201.0
1664 1152 204.0
1152 1664 204.0
1664 1600 201.0
1600 1664 201.0
1664 1632 206.0
1632 1664 206.0
1664 1648 206.0
1648 1664 206.0
1664 1656 201.0
1656 1664 201.0
1664 1660 204.0
1660 1664 204.0
1664 1662 301.0
1662 1664 301.0
1664 1663 201.0
1663 1664 201.0
1665 641 108.0
641 1665 108.0
1665 1153 108.0
1153 1665 108.0
1665 1537 109.0
1537 1665 109.0
1666 642 101.0
642 1666 101.0
1666 1154 101.0
1154 1666 101.0
1666 1538 207.0
1538 1666 207.0
1666 1665 107.0
1665 1666 107.0
1667 643 110.0
643 1667 110.0
1667 1155 104.0
1155 1667 104.0
1667 1539 104.0
1539 1667 104.0
1667 1665 107.0
1665 1667 107.0
1668 644 103.0
644 1668 103.0
1668 1156 106.0
1156 1668 106.0
1668 1540 105.0
1540 1668 105.0
1668 1666 104.0
1666 1668 104.0
1668 1667 105.0
1667 1668 105.0
1669 645 110.0
645 1669 110.0
1669 1157 104.0
1157 1669 104.0
1669 1541 105.0
1541 1669 105.0
1669 1665 106.0
1665 1669 106.0
1670 646 109.0
646 1670 109.0
1670 1158 108.0
1158 1670 108.0
1670 1542 105.0
1542 1670 105.0
1670 1666 103.0
1666 1670 103.0
1670 1669 102.0
1669 1670 102.0
1671 647 209.0
647 1671 209.0
1671 1159 205.0
1159 1671 205.0
1671 1543 206.0
1543 1671 206.0
1671 1667 205.0
1667 1671 205.0
1671 1669 209.0
1669 1671 209.0
1672 648 202.0
648 1672 202.0
1672 1160 105.0
1160 1672 105.0
1672 1544 109.0
1544 1672 109.0
1672 1668 106.0
1668 1672 106.0
1672 1670 104.0
1670 1672 104.0
1672 1671 210.0
1671 1672 210.0
1673 649 108.0
649 1673 108.0
1673 1161 109.0
1161 1673 109.0
1673 1545 109.0
1545 1673 109.0
1673 1665 109.0
1665 1673 109.0
1674 650 210.0
650 1674 210.0
1674 1162 110.0
1162 1674 110.0
1674 1546 104.0
1546 1674 104.0
1674 1666 107.0
1666 1674 107.0
1674 1673 110.0
1673 1674 110.0
1675 651 210.0
651 1675 210.0
1675 1163 207.0
1163 1675 207.0
1675 1547 207.0
1547 1675 207.0
1675 1667 204.0
1667 1675 204.0
1675 1673 205.0
1673 1675 205.0
1676 652 107.0
652 1676 107.0
1676 1164 105.0
1164 1676 105.0
1676 1548 110.0
1548 1676 110.0
1676 1668 105.0
1668 1676 105.0
1676 1674 104.0
1674 1676 104.0
1676 1675 202.0
1675 1676 202.0
1677 653 101.0
653 1677 101.0
1677 1165 106.0
1165 1677 106.0
1677 1549 104.0
1549 1677 104.0
1677 1669 104.0
1669 1677 104.0
1677 1673 107.0
1673 1677 107.0
1678 654 107.0
654 1678 107.0
1678 1166 108.0
1166 1678 108.0
1678 1550 209.0
1550 1678 209.0
1678 1670 101.0
1670 1678 101.0
1678 1674 105.0
1674 1678 105.0
1678 1677 110.0
1677 1678 110.0
1679 655 102.0
655 1679 102.0
1679 1167 102.0
1167 1679 102.0
1679 1551 102.0
1551 1679 102.0
1679 1671 209.0
1671 1679 209.0
1679 1675 207.0
1675 1679 207.0
1679 1677 108.0
1677 1679 108.0
1680 656 102.0
656 1680 102.0
1680 1168 109.0
1168 1680 109.0
1680 1552 210.0
1552 1680 210.0
1680 1672 108.0
1672 1680 108.0
1680 1676 107.0
1676 1680 107.0
1680 1678 105.0
1678 1680 105.0
1680 1679 105.0
1679 1680 105.0
1681 657 207.0
657 1681 207.0
1681 1169 308.0
1169 1681 308.0
1681 1553 208.0
1553 1681 208.0
1681 1665 208.0
1665 1681 208.0
1682 658 104.0
658 1682 104.0
1682 1170 105.0
1170 1682 105.0
1682 1554 110.0
1554 1682 110.0
1682 1666 104.0
1666 1682 104.0
1682 1681 201.0
1681 1682 201.0
1683 659 108.0
659 1683 108.0
1683 1171 203.0
1171 1683 203.0
1683 1555 210.0
1555 1683 210.0
1683 1667 104.0
1667 1683 104.0
1683 1681 206.0
1681 1683 206.0
1684 660 103.0
660 1684 103.0
1684 1172 102.0
1172 1684 102.0
1684 1556 101.0
1556 1684 101.0
1684 1668 103.0
1668 1684 103.0
1684 1682 105.0
1682 1684 105.0
1684 1683 107.0
1683 1684 107.0
1685 661 108.0
661 1685 108.0
1685 1173 104.0
1173 1685 104.0
1685 1557 101.0
1557 1685 101.0
1685 1669 106.0
1669 1685 106.0
1685 1681 205.0
1681 1685 205.0
1686 662 201.0
662 1686 201.0
1686 1174 108.0
1174 1686 108.0
1686 1558 105.0
1558 1686 105.0
1686 1670 107.0
1670 1686 107.0
1686 1682 105.0
1682 1686 105.0
1686 1685 106.0
1685 1686 106.0
1687 663 103.0
663 1687 103.0
1687 1175 106.0
1175 1687 106.0
1687 1559 208.0
1559 1687 208.0
1687 1671 206.0
1671 1687 206.0
1687 1683 110.0
1683 1687 110.0
1687 1685 109.0
1685 1687 109.0
1688 664 106.0
664 1688 106.0
1688 1176 103.0
1176 1688 103.0
1688 1560 110.0
1560 1688 110.0
1688 1672 104.0
1672 1688 104.0
1688 1684 103.0
1684 1688 103.0
1688 1686 106.0
1686 1688 106.0
1688 1687 103.0
1687 1688 103.0
1689 665 106.0
665 1689 106.0
1689 1177 108.0
1177 1689 108.0
1689 1561 102.0
1561 1689 102.0
1689 1673 102.0
1673 1689 102.0
1689 1681 203.0
1681 1689 203.0
1690 666 107.0
666 1690 107.0
1690 1178 107.0
1178 1690 107.0
1690 1562 110.0
1562 1690 110.0
1690 1674 108.0
1674 1690 108.0
1690 1682 106.0
1682 1690 106.0
1690 1689 106.0
1689 1690 106.0
1691 667 107.0
667 1691 107.0
1691 1179 108.0
1179 1691 108.0
1691 1563 103.0
1563 1691 103.0
1691 1675 202.0
1675 1691 202.0
1691 1683 103.0
1683 1691 103.0
1691 1689 110.0
1689 1691 110.0
1692 668 206.0
668 1692 206.0
1692 1180 107.0
1180 1692 107.0
1692 1564 104.0
1564 1692 104.0
1692 1676 106.0
1676 1692 106.0
1692 1684 101.0
1684 1692 101.0
1692 1690 107.0
1690 1692 107.0
1692 1691 109.0
1691 1692 109.0
1693 669 103.0
669 1693 103.0
1693 1181 105.0
1181 1693 105.0
1693 1565 109.0
1565 1693 109.0
1693 1677 101.0
1677 1693 101.0
1693 1685 103.0
1685 1693 103.0
1693 1689 108.0
1689 1693 108.0
1694 670 110.0
670 1694 110.0
1694 1182 206.0
1182 1694 206.0
1694 1566 104.0
1566 1694 104.0
1694 1678 109.0
1678 1694 109.0
1694 1686 109.0
1686 1694 109.0
1694 1690 101.0
1690 1694 101.0
1694 1693 108.0
1693 1694 108.0
1695 671 202.0
671 1695 202.0
1695 1183 210.0
1183 1695 210.0
1695 1567 210.0
1567 1695 210.0
1695 1679 210.0
1679 1695 210.0
1695 1687 205.0
1687 1695 205.0
1695 1691 208.0
1691 1695 208.0
1695 1693 210.0
1693 1695 210.0
1696 672 110.0
672 1696 110.0
1696 1184 101.0
1184 1696 101.0
1696 1568 107.0
1568 1696 107.0
1696 1680 105.0
1680 1696 105.0
1696 1688 108.0
1688 1696 108.0
1696 1692 110.0
1692 1696 110.0
1696 1694 102.0
1694 1696 102.0
1696 1695 202.0
1695 1696 202.0
1697 673 108.0
673 1697 108.0
1697 1185 202.0
1185 1697 202.0
1697 1569 110.0
1569 1697 110.0
1697 1665 107.0
1665 1697 107.0
1698 674 108.0
674 1698 108.0
1698 1186 105.0
1186 1698 105.0
1698 1570 108.0
1570 1698 108.0
1698 1666 102.0
1666 1698 102.0
1698 1697 110.0
1697 1698 110.0
1699 675 208.0
675 1699 208.0
1699 1187 101.0
1187 1699 101.0
1699 1571 110.0
1571 1699 110.0
1699 1667 101.0
1667 1699 101.0
1699 1697 108.0
1697 1699 108.0
1700 676 103.0
676 1700 103.0
1700 1188 105.0
1188 1700 105.0
1700 1572 103.0
1572 1700 103.0
1700 1668 109.0
1668 1700 109.0
1700 1698 102.0
1698 1700 102.0
1700 1699 110.0
1699 1700 110.0
1701 677 101.0
677 1701 101.0
1701 1189 105.0
1189 1701 105.0
1701 1573 110.0
1573 1701 110.0
1701 1669 108.0
1669 1701 108.0
1701 1697 107.0
1697 1701 107.0
1702 678 101.0
678 1702 101.0
1702 1190 109.0
1190 1702 109.0
1702 1574 103.0
1574 1702 103.0
1702 1670 108.0
1670 1702 108.0
1702 1698 108.0
1698 1702 108.0
1702 1701 102.0
1701 1702 102.0
1703 679 103.0
679 1703 103.0
1703 1191 110.0
1191 1703 110.0
1703 1575 109.0
1575 1703 109.0
1703 1671 209.0
1671 1703 209.0
1703 1699 107.0
1699 1703 107.0
1703 1701 109.0
1701 1703 109.0
1704 680 109.0
680 1704 109.0
1704 1192 102.0
1192 1704 102.0
1704 1576 108.0
1576 1704 108.0
1704 1672 104.0
1672 1704 104.0
1704 1700 104.0
1700 1704 104.0
1704 1702 108.0
1702 1704 108.0
1704 1703 109.0
1703 1704 109.0
1705 681 102.0
681 1705 102.0
1705 1193 108.0
1193 1705 108.0
1705 1577 106.0
1577 1705 106.0
1705 1673 104.0
1673 1705 104.0
1705 1697 103.0
1697 1705 103.0
1706 682 203.0
682 1706 203.0
1706 1194 203.0
1194 1706 203.0
1706 1578 208.0
1578 1706 208.0
1706 1674 202.0
1674 1706 202.0
1706 1698 208.0
1698 1706 208.0
1706 1705 210.0
1705 1706 210.0
1707 683 101.0
683 1707 101.0
1707 1195 109.0
1195 1707 109.0
1707 1579 106.0
1579 1707 106.0
1707 1675 201.0
1675 1707 201.0
1707 1699 108.0
1699 1707 108.0
1707 1705 108.0
1705 1707 108.0
1708 684 108.0
684 1708 108.0
1708 1196 101.0
1196 1708 101.0
1708 1580 106.0
1580 1708 106.0
1708 1676 103.0
1676 1708 103.0
1708 1700 108.0
1700 1708 108.0
1708 1706 203.0
1706 1708 203.0
1708 1707 106.0
1707 1708 106.0
1709 685 205.0
685 1709 205.0
1709 1197 110.0
1197 1709 110.0
1709 1581 105.0
1581 1709 105.0
1709 1677 107.0
1677 1709 107.0
1709 1701 107.0
1701 1709 107.0
1709 1705 102.0
1705 1709 102.0
1710 686 101.0
686 1710 101.0
1710 1198 107.0
1198 1710 107.0
1710 1582 110.0
1582 1710 110.0
1710 1678 109.0
1678 1710 109.0
1710 1702 106.0
1702 1710 106.0
1710 1706 210.0
1706 1710 210.0
1710 1709 102.0
1709 1710 102.0
1711 687 107.0
687 1711 107.0
1711 1199 110.0
1199 1711 110.0
1711 1583 101.0
1583 1711 101.0
1711 1679 105.0
1679 1711 105.0
1711 1703 103.0
1703 1711 103.0
1711 1707 104.0
1707 1711 104.0
1711 1709 101.0
1709 1711 101.0
1712 688 108.0
688 1712 108.0
1712 1200 208.0
1200 1712 208.0
1712 1584 110.0
1584 1712 110.0
1712 1680 107.0
1680 1712 107.0
1712 1704 110.0
1704 1712 110.0
1712 1708 108.0
1708 1712 108.0
1712 1710 107.0
1710 1712 107.0
1712 1711 103.0
1711 1712 103.0
1713 689 110.0
689 1713 110.0
1713 1201 101.0
1201 1713 101.0
1713 1585 106.0
1585 1713 106.0
1713 1681 205.0
1681 1713 205.0
1713 1697 108.0
1697 1713 108.0
1714 690 102.0
690 1714 102.0
1714 1202 106.0
1202 1714 106.0
1714 1586 110.0
1586 1714 110.0
1714 1682 103.0
1682 1714 103.0
1714 1698 107.0
1698 1714 107.0
1714 1713 107.0
1713 1714 107.0
1715 691 105.0
691 1715 105.0
1715 1203 109.0
1203 1715 109.0
1715 1587 103.0
1587 1715 103.0
1715 1683 109.0
1683 1715 109.0
1715 1699 110.0
1699 1715 110.0
1715 1713 106.0
1713 1715 106.0
1716 692 206.0
692 1716 206.0
1716 1204 207.0
1204 1716 207.0
1716 1588 303.0
1588 1716 303.0
1716 1684 201.0
1684 1716 201.0
1716 1700 202.0
1700 1716 202.0
1716 1714 206.0
1714 1716 206.0
1716 1715 207.0
1715 1716 207.0
1717 693 203.0
693 1717 203.0
1717 1205 205.0
1205 1717 205.0
1717 1589 210.0
1589 1717 210.0
1717 1685 208.0
1685 1717 208.0
1717 1701 209.0
1701 1717 209.0
1717 1713 206.0
1713 1717 206.0
1718 694 108.0
694 1718 108.0
1718 1206 203.0
1206 1718 203.0
1718 1590 109.0
1590 1718 109.0
1718 1686 106.0
1686 1718 106.0
1718 1702 101.0
1702 1718 101.0
1718 1714 108.0
1714 1718 108.0
1718 1717 207.0
1717 1718 207.0
1719 695 108.0
695 1719 108.0
1719 1207 110.0
1207 1719 110.0
1719 1591 102.0
1591 1719 102.0
1719 1687 102.0
1687 1719 102.0
1719 1703 110.0
1703 1719 110.0
1719 1715 107.0
1715 1719 107.0
1719 1717 203.0
1717 1719 203.0
1720 696 103.0
696 1720 103.0
1720 1208 110.0
1208 1720 110.0
1720 1592 107.0
1592 1720 107.0
1720 1688 108.0
1688 1720 108.0
1720 1704 110.0
1704 1720 110.0
1720 1716 207.0
1716 1720 207.0
1720 1718 108.0
1718 1720 108.0
1720 1719 101.0
1719 1720 101.0
1721 697 101.0
697 1721 101.0
1721 1209 109.0
1209 1721 109.0
1721 1593 206.0
1593 1721 206.0
1721 1689 107.0
1689 1721 107.0
1721 1705 105.0
1705 1721 105.0
1721 1713 110.0
1713 1721 110.0
1722 698 106.0
698 1722 106.0
1722 1210 105.0
1210 1722 105.0
1722 1594 101.0
1594 1722 101.0
1722 1690 108.0
1690 1722 108.0
1722 1706 206.0
1706 1722 206.0
1722 1714 101.0
1714 1722 101.0
1722 1721 103.0
1721 1722 103.0
1723 699 102.0
699 1723 102.0
1723 1211 101.0
1211 1723 101.0
1723 1595 109.0
1595 1723 109.0
1723 1691 106.0
1691 1723 106.0
1723 1707 104.0
1707 1723 104.0
1723 1715 108.0
1715 1723 108.0
1723 1721 102.0
1721 1723 102.0
1724 700 108.0
700 1724 108.0
1724 1212 103.0
1212 1724 103.0
1724 1596 105.0
1596 1724 105.0
1724 1692 110.0
1692 1724 110.0
1724 1708 109.0
1708 1724 109.0
1724 1716 203.0
1716 1724 203.0
1724 1722 101.0
1722 1724 101.0
1724 1723 103.0
1723 1724 103.0
1725 701 210.0
701 1725 210.0
1725 1213 101.0
1213 1725 101.0
1725 1597 110.0
1597 1725 110.0
1725 1693 102.0
1693 1725 102.0
1725 1709 110.0
1709 1725 110.0
1725 1717 206.0
1717 1725 206.0
1725 1721 105.0
1721 1725 105.0
1726 702 110.0
702 1726 110.0
1726 1214 103.0
1214 1726 103.0
1726 1598 104.0
1598 1726 104.0
1726 1694 109.0
1694 1726 109.0
1726 1710 103.0
1710 1726 103.0
1726 1718 110.0
1718 1726 110.0
1726 1722 107.0
1722 1726 107.0
1726 1725 110.0
1725 1726 110.0
1727 703 110.0
703 1727 110.0
1727 1215 201.0
1215 1727 201.0
1727 1599 102.0
1599 1727 102.0
1727 1695 207.0
1695 1727 207.0
1727 1711 102.0
1711 1727 102.0
1727 1719 110.0
1719 1727 110.0
1727 1723 109.0
1723 1727 109.0
1727 1725 103.0
1725 1727 103.0
1728 704 107.0
704 1728 107.0
1728 1216 106.0
1216 1728 106.0
1728 1600 110.0
1600 1728 110.0
1728 1696 108.0
1696 1728 108.0
1728 1712 107.0
1712 1728 107.0
1728 1720 102.0
1720 1728 102.0
1728 1724 102.0
1724 1728 102.0
1728 1726 108.0
1726 1728 108.0
1728 1727 102.0
1727 1728 102.0
1729 705 102.0
705 1729 102.0
1729 1217 102.0
1217 1729 102.0
1729 1601 106.0
1601 1729 106.0
1729 1665 107.0
1665 1729 107.0
1730 706 110.0
706 1730 110.0
1730 1218 107.0
1218 1730 107.0
1730 1602 106.0
1602 1730 106.0
1730 1666 105.0
1666 1730 105.0
1730 1729 106.0
1729 1730 106.0
1731 707 203.0
707 1731 203.0
1731 1219 204.0
1219 1731 204.0
1731 1603 109.0
1603 1731 109.0
1731 1667 102.0
1667 1731 102.0
1731 1729 107.0
1729 1731 107.0
1732 708 204.0
708 1732 204.0
1732 1220 202.0
1220 1732 202.0
1732 1604 204.0
1604 1732 204.0
1732 1668 201.0
1668 1732 201.0
1732 1730 209.0
1730 1732 209.0
1732 1731 201.0
1731 1732 201.0
1733 709 107.0
709 1733 107.0
1733 1221 108.0
1221 1733 108.0
1733 1605 109.0
1605 1733 109.0
1733 1669 104.0
1669 1733 104.0
1733 1729 103.0
1729 1733 103.0
1734 710 202.0
710 1734 202.0
1734 1222 201.0
1222 1734 201.0
1734 1606 203.0
1606 1734 203.0
1734 1670 209.0
1670 1734 209.0
1734 1730 209.0
1730 1734 209.0
1734 1733 201.0
1733 1734 201.0
1735 711 104.0
711 1735 104.0
1735 1223 108.0
1223 1735 108.0
1735 1607 101.0
1607 1735 101.0
1735 1671 210.0
1671 1735 210.0
1735 1731 109.0
1731 1735 109.0
1735 1733 110.0
1733 1735 110.0
1736 712 107.0
712 1736 107.0
1736 1224 107.0
1224 1736 107.0
1736 1608 101.0
1608 1736 101.0
1736 1672 106.0
1672 1736 106.0
1736 1732 203.0
1732 1736 203.0
1736 1734 209.0
1734 1736 209.0
1736 1735 109.0
1735 1736 109.0
1737 713 103.0
713 1737 103.0
1737 1225 107.0
1225 1737 107.0
1737 1609 110.0
1609 1737 110.0
1737 1673 108.0
1673 1737 108.0
1737 1729 106.0
1729 1737 106.0
1738 714 109.0
714 1738 109.0
1738 1226 203.0
1226 1738 203.0
1738 1610 103.0
1610 1738 103.0
1738 1674 108.0
1674 1738 108.0
1738 1730 110.0
1730 1738 110.0
1738 1737 102.0
1737 1738 102.0
1739 715 105.0
715 1739 105.0
1739 1227 105.0
1227 1739 105.0
1739 1611 109.0
1611 1739 109.0
1739 1675 203.0
1675 1739 203.0
1739 1731 105.0
1731 1739 105.0
1739 1737 105.0
1737 1739 105.0
1740 716 108.0
716 1740 108.0
1740 1228 105.0
1228 1740 105.0
1740 1612 104.0
1612 1740 104.0
1740 1676 107.0
1676 1740 107.0
1740 1732 206.0
1732 1740 206.0
1740 1738 102.0
1738 1740 102.0
1740 1739 101.0
1739 1740 101.0
1741 717 104.0
717 1741 104.0
1741 1229 206.0
1229 1741 206.0
1741 1613 102.0
1613 1741 102.0
1741 1677 105.0
1677 1741 105.0
1741 1733 104.0
1733 1741 104.0
1741 1737 110.0
1737 1741 110.0
1742 718 108.0
718 1742 108.0
1742 1230 105.0
1230 1742 105.0
1742 1614 109.0
1614 1742 109.0
1742 1678 101.0
1678 1742 101.0
1742 1734 206.0
1734 1742 206.0
1742 1738 110.0
1738 1742 110.0
1742 1741 110.0
1741 1742 110.0
1743 719 108.0
719 1743 108.0
1743 1231 102.0
1231 1743 102.0
1743 1615 104.0
1615 1743 104.0
1743 1679 106.0
1679 1743 106.0
1743 1735 108.0
1735 1743 108.0
1743 1739 107.0
1739 1743 107.0
1743 1741 108.0
1741 1743 108.0
1744 720 104.0
720 1744 104.0
1744 1232 106.0
1232 1744 106.0
1744 1616 103.0
1616 1744 103.0
1744 1680 101.0
1680 1744 101.0
1744 1736 105.0
1736 1744 105.0
1744 1740 103.0
1740 1744 103.0
1744 1742 110.0
1742 1744 110.0
1744 1743 108.0
1743 1744 108.0
1745 721 204.0
721 1745 204.0
1745 1233 207.0
1233 1745 207.0
1745 1617 208.0
1617 1745 208.0
1745 1681 301.0
1681 1745 301.0
1745 1729 208.0
1729 1745 208.0
1746 722 104.0
722 1746 104.0
1746 1234 108.0
1234 1746 108.0
1746 1618 110.0
1618 1746 110.0
1746 1682 109.0
1682 1746 109.0
1746 1730 102.0
1730 1746 102.0
1746 1745 203.0
1745 1746 203.0
1747 723 203.0
723 1747 203.0
1747 1235 110.0
1235 1747 110.0
1747 1619 109.0
1619 1747 109.0
1747 1683 108.0
1683 1747 108.0
1747 1731 104.0
1731 1747 104.0
1747 1745 209.0
1745 1747 209.0
1748 724 103.0
724 1748 103.0
1748 1236 104.0
1236 1748 104.0
1748 1620 110.0
1620 1748 110.0
1748 1684 105.0
1684 1748 105.0
1748 1732 206.0
1732 1748 206.0
1748 1746 103.0
1746 1748 103.0
1748 1747 105.0
1747 1748 105.0
1749 725 105.0
725 1749 105.0
1749 1237 110.0
1237 1749 110.0
1749 1621 205.0
1621 1749 205.0
1749 1685 110.0
1685 1749 110.0
1749 1733 104.0
1733 1749 104.0
1749 1745 206.0
1745 1749 206.0
1750 726 101.0
726 1750 101.0
1750 1238 106.0
1238 1750 106.0
1750 1622 105.0
1622 1750 105.0
1750 1686 105.0
1686 1750 105.0
1750 1734 210.0
1734 1750 210.0
1750 1746 102.0
1746 1750 102.0
1750 1749 106.0
1749 1750 106.0
1751 727 102.0
727 1751 102.0
1751 1239 110.0
1239 1751 110.0
1751 1623 110.0
1623 1751 110.0
1751 1687 108.0
1687 1751 108.0
1751 1735 109.0
1735 1751 109.0
1751 1747 103.0
1747 1751 103.0
1751 1749 107.0
1749 1751 107.0
1752 728 204.0
728 1752 204.0
1752 1240 210.0
1240 1752 210.0
1752 1624 210.0
1624 1752 210.0
1752 1688 204.0
1688 1752 204.0
1752 1736 204.0
1736 1752 204.0
1752 1748 205.0
1748 1752 205.0
1752 1750 201.0
1750 1752 201.0
1752 1751 204.0
1751 1752 204.0
1753 729 204.0
729 1753 204.0
1753 1241 207.0
1241 1753 207.0
1753 1625 207.0
1625 1753 207.0
1753 1689 203.0
1689 1753 203.0
1753 1737 210.0
1737 1753 210.0
1753 1745 310.0
1745 1753 310.0
1754 730 101.0
730 1754 101.0
1754 1242 108.0
1242 1754 108.0
1754 1626 202.0
1626 1754 202.0
1754 1690 110.0
1690 1754 110.0
1754 1738 101.0
1738 1754 101.0
1754 1746 101.0
1746 1754 101.0
1754 1753 209.0
1753 1754 209.0
1755 731 209.0
731 1755 209.0
1755 1243 205.0
1243 1755 205.0
1755 1627 205.0
1627 1755 205.0
1755 1691 209.0
1691 1755 209.0
1755 1739 209.0
1739 1755 209.0
1755 1747 205.0
1747 1755 205.0
1755 1753 305.0
1753 1755 305.0
1756 732 105.0
732 1756 105.0
1756 1244 104.0
1244 1756 104.0
1756 1628 107.0
1628 1756 107.0
1756 1692 107.0
1692 1756 107.0
1756 1740 102.0
1740 1756 102.0
1756 1748 105.0
1748 1756 105.0
1756 1754 110.0
1754 1756 110.0
1756 1755 204.0
1755 1756 204.0
1757 733 103.0
733 1757 103.0
1757 1245 109.0
1245 1757 109.0
1757 1629 102.0
1629 1757 102.0
1757 1693 106.0
1693 1757 106.0
1757 1741 106.0
1741 1757 106.0
1757 1749 103.0
1749 1757 103.0
1757 1753 202.0
1753 1757 202.0
1758 734 210.0
734 1758 210.0
1758 1246 102.0
1246 1758 102.0
1758 1630 108.0
1630 1758 108.0
1758 1694 103.0
1694 1758 103.0
1758 1742 110.0
1742 1758 110.0
1758 1750 103.0
1750 1758 103.0
1758 1754 104.0
1754 1758 104.0
1758 1757 110.0
1757 1758 110.0
1759 735 104.0
735 1759 104.0
1759 1247 102.0
1247 1759 102.0
1759 1631 101.0
1631 1759 101.0
1759 1695 204.0
1695 1759 204.0
1759 1743 109.0
1743 1759 109.0
1759 1751 106.0
1751 1759 106.0
1759 1755 207.0
1755 1759 207.0
1759 1757 106.0
1757 1759 106.0
1760 736 102.0
736 1760 102.0
1760 1248 103.0
1248 1760 103.0
1760 1632 106.0
1632 1760 106.0
1760 1696 104.0
1696 1760 104.0
1760 1744 101.0
1744 1760 101.0
1760 1752 207.0
1752 1760 207.0
1760 1756 106.0
1756 1760 106.0
1760 1758 102.0
1758 1760 102.0
1760 1759 108.0
1759 1760 108.0
1761 737 109.0
737 1761 109.0
1761 1249 101.0
1249 1761 101.0
1761 1633 105.0
1633 1761 105.0
1761 1697 107.0
1697 1761 107.0
1761 1729 106.0
1729 1761 106.0
1762 738 108.0
738 1762 108.0
1762 1250 105.0
1250 1762 105.0
1762 1634 110.0
1634 1762 110.0
1762 1698 104.0
1698 1762 104.0
1762 1730 104.0
1730 1762 104.0
1762 1761 108.0
1761 1762 108.0
1763 739 109.0
739 1763 109.0
1763 1251 104.0
1251 1763 104.0
1763 1635 108.0
1635 1763 108.0
1763 1699 104.0
1699 1763 104.0
1763 1731 109.0
1731 1763 109.0
1763 1761 109.0
1761 1763 109.0
1764 740 106.0
740 1764 106.0
1764 1252 101.0
1252 1764 101.0
1764 1636 104.0
1636 1764 104.0
1764 1700 108.0
1700 1764 108.0
1764 1732 209.0
1732 1764 209.0
1764 1762 103.0
1762 1764 103.0
1764 1763 105.0
1763 1764 105.0
1765 741 109.0
741 1765 109.0
1765 1253 104.0
1253 1765 104.0
1765 1637 210.0
1637 1765 210.0
1765 1701 106.0
1701 1765 106.0
1765 1733 102.0
1733 1765 102.0
1765 1761 103.0
1761 1765 103.0
1766 742 207.0
742 1766 207.0
1766 1254 102.0
1254 1766 102.0
1766 1638 106.0
1638 1766 106.0
1766 1702 105.0
1702 1766 105.0
1766 1734 203.0
1734 1766 203.0
1766 1762 108.0
1762 1766 108.0
1766 1765 108.0
1765 1766 108.0
1767 743 108.0
743 1767 108.0
1767 1255 107.0
1255 1767 107.0
1767 1639 109.0
1639 1767 109.0
1767 1703 106.0
1703 1767 106.0
1767 1735 108.0
1735 1767 108.0
1767 1763 105.0
1763 1767 105.0
1767 1765 103.0
1765 1767 103.0
1768 744 108.0
744 1768 108.0
1768 1256 207.0
1256 1768 207.0
1768 1640 103.0
1640 1768 103.0
1768 1704 105.0
1704 1768 105.0
1768 1736 101.0
1736 1768 101.0
1768 1764 107.0
1764 1768 107.0
1768 1766 105.0
1766 1768 105.0
1768 1767 106.0
1767 1768 106.0
1769 745 107.0
745 1769 107.0
1769 1257 101.0
1257 1769 101.0
1769 1641 107.0
1641 1769 107.0
1769 1705 109.0
1705 1769 109.0
1769 1737 110.0
1737 1769 110.0
1769 1761 105.0
1761 1769 105.0
1770 746 204.0
746 1770 204.0
1770 1258 205.0
1258 1770 205.0
1770 1642 207.0
1642 1770 207.0
1770 1706 306.0
1706 1770 306.0
1770 1738 201.0
1738 1770 201.0
1770 1762 207.0
1762 1770 207.0
1770 1769 209.0
1769 1770 209.0
1771 747 103.0
747 1771 103.0
1771 1259 105.0
1259 1771 105.0
1771 1643 209.0
1643 1771 209.0
1771 1707 106.0
1707 1771 106.0
1771 1739 108.0
1739 1771 108.0
1771 1763 105.0
1763 1771 105.0
1771 1769 107.0
1769 1771 107.0
1772 748 205.0
748 1772 205.0
1772 1260 104.0
1260 1772 104.0
1772 1644 108.0
1644 1772 108.0
1772 1708 107.0
1708 1772 107.0
1772 1740 110.0
1740 1772 110.0
1772 1764 106.0
1764 1772 106.0
1772 1770 204.0
1770 1772 204.0
1772 1771 105.0
1771 1772 105.0
1773 749 101.0
749 1773 101.0
1773 1261 103.0
1261 1773 103.0
1773 1645 101.0
1645 1773 101.0
1773 1709 110.0
1709 1773 110.0
1773 1741 104.0
1741 1773 104.0
1773 1765 105.0
1765 1773 105.0
1773 1769 105.0
1769 1773 105.0
1774 750 103.0
750 1774 103.0
1774 1262 106.0
1262 1774 106.0
1774 1646 107.0
1646 1774 107.0
1774 1710 101.0
1710 1774 101.0
1774 1742 105.0
1742 1774 105.0
1774 1766 103.0
1766 1774 103.0
1774 1770 210.0
1770 1774 210.0
1774 1773 105.0
1773 1774 105.0
1775 751 202.0
751 1775 202.0
1775 1263 205.0
1263 1775 205.0
1775 1647 209.0
1647 1775 209.0
1775 1711 206.0
1711 1775 206.0
1775 1743 202.0
1743 1775 202.0
1775 1767 203.0
1767 1775 203.0
1775 1771 210.0
1771 1775 210.0
1775 1773 206.0
1773 1775 206.0
1776 752 108.0
752 1776 108.0
1776 1264 107.0
1264 1776 107.0
1776 1648 105.0
1648 1776 105.0
1776 1712 109.0
1712 1776 109.0
1776 1744 108.0
1744 1776 108.0
1776 1768 108.0
1768 1776 108.0
1776 1772 101.0
1772 1776 101.0
1776 1774 107.0
1774 1776 107.0
1776 1775 203.0
1775 1776 203.0
1777 753 209.0
753 1777 209.0
1777 1265 105.0
1265 1777 105.0
1777 1649 104.0
1649 1777 104.0
1777 1713 102.0
1713 1777 102.0
1777 1745 207.0
1745 1777 207.0
1777 1761 101.0
1761 1777 101.0
1778 754 110.0
754 1778 110.0
1778 1266 101.0
1266 1778 101.0
1778 1650 102.0
1650 1778 102.0
1778 1714 104.0
1714 1778 104.0
1778 1746 102.0
1746 1778 102.0
1778 1762 110.0
1762 1778 110.0
1778 1777 101.0
1777 1778 101.0
1779 755 208.0
755 1779 208.0
1779 1267 202.0
1267 1779 202.0
1779 1651 310.0
1651 1779 310.0
1779 1715 202.0
1715 1779 202.0
1779 1747 209.0
1747 1779 209.0
1779 1763 204.0
1763 1779 204.0
1779 1777 201.0
1777 1779 201.0
1780 756 102.0
756 1780 102.0
1780 1268 102.0
1268 1780 102.0
1780 1652 108.0
1652 1780 108.0
1780 1716 206.0
1716 1780 206.0
1780 1748 101.0
1748 1780 101.0
1780 1764 102.0
1764 1780 102.0
1780 1778 109.0
1778 1780 109.0
1780 1779 203.0
1779 1780 203.0
1781 757 109.0
757 1781 109.0
1781 1269 204.0
1269 1781 204.0
1781 1653 101.0
1653 1781 101.0
1781 1717 204.0
1717 1781 204.0
1781 1749 108.0
1749 1781 108.0
1781 1765 102.0
1765 1781 102.0
1781 1777 110.0
1777 1781 110.0
1782 758 107.0
758 1782 107.0
1782 1270 110.0
1270 1782 110.0
1782 1654 108.0
1654 1782 108.0
1782 1718 105.0
1718 1782 105.0
1782 1750 107.0
1750 1782 107.0
1782 1766 106.0
1766 1782 106.0
1782 1778 108.0
1778 1782 108.0
1782 1781 104.0
1781 1782 104.0
1783 759 101.0
759 1783 101.0
1783 1271 110.0
1271 1783 110.0
1783 1655 106.0
1655 1783 106.0
1783 1719 105.0
1719 1783 105.0
1783 1751 109.0
1751 1783 109.0
1783 1767 105.0
1767 1783 105.0
1783 1779 210.0
1779 1783 210.0
1783 1781 104.0
1781 1783 104.0
1784 760 104.0
760 1784 104.0
1784 1272 109.0
1272 1784 109.0
1784 1656 103.0
1656 1784 103.0
1784 1720 107.0
1720 1784 107.0
1784 1752 205.0
1752 1784 205.0
1784 1768 101.0
1768 1784 101.0
1784 1780 104.0
1780 1784 104.0
1784 1782 104.0
1782 1784 104.0
1784 1783 102.0
1783 1784 102.0
1785 761 206.0
761 1785 206.0
1785 1273 104.0
1273 1785 104.0
1785 1657 109.0
1657 1785 109.0
1785 1721 107.0
1721 1785 107.0
1785 1753 207.0
1753 1785 207.0
1785 1769 101.0
1769 1785 101.0
1785 1777 101.0
1777 1785 101.0
1786 762 105.0
762 1786 105.0
1786 1274 104.0
1274 1786 104.0
1786 1658 110.0
1658 1786 110.0
1786 1722 110.0
1722 1786 110.0
1786 1754 109.0
1754 1786 109.0
1786 1770 209.0
1770 1786 209.0
1786 1778 110.0
1778 1786 110.0
1786 1785 103.0
1785 1786 103.0
1787 763 105.0
763 1787 105.0
1787 1275 107.0
1275 1787 107.0
1787 1659 109.0
1659 1787 109.0
1787 1723 103.0
1723 1787 103.0
1787 1755 205.0
1755 1787 205.0
1787 1771 107.0
1771 1787 107.0
1787 1779 206.0
1779 1787 206.0
1787 1785 106.0
1785 1787 106.0
1788 764 101.0
764 1788 101.0
1788 1276 203.0
1276 1788 203.0
1788 1660 107.0
1660 1788 107.0
1788 1724 109.0
1724 1788 109.0
1788 1756 103.0
1756 1788 103.0
1788 1772 104.0
1772 1788 104.0
1788 1780 105.0
1780 1788 105.0
1788 1786 102.0
1786 1788 102.0
1788 1787 105.0
1787 1788 105.0
1789 765 110.0
765 1789 110.0
1789 1277 104.0
1277 1789 104.0
1789 1661 106.0
1661 1789 106.0
1789 1725 109.0
1725 1789 109.0
1789 1757 109.0
1757 1789 109.0
1789 1773 106.0
1773 1789 106.0
1789 1781 106.0
1781 1789 106.0
1789 1785 105.0
1785 1789 105.0
1790 766 205.0
766 1790 205.0
1790 1278 203.0
1278 1790 203.0
1790 1662 308.0
1662 1790 308.0
1790 1726 201.0
1726 1790 201.0
1790 1758 210.0
1758 1790 210.0
1790 1774 207.0
1774 1790 207.0
1790 1782 208.0
1782 1790 208.0
1790 1786 210.0
1786 1790 210.0
1790 1789 208.0
1789 1790 208.0
1791 767 101.0
767 1791 101.0
1791 1279 102.0
1279 1791 102.0
1791 1663 103.0
1663 1791 103.0
1791 1727 108.0
1727 1791 108.0
1791 1759 102.0
1759 1791 102.0
1791 1775 204.0
1775 1791 204.0
1791 1783 101.0
1783 1791 101.0
1791 1787 105.0
1787 1791 105.0
1791 1789 103.0
1789 1791 103.0
1792 768 208.0
768 1792 208.0
1792 1280 104.0
1280 1792 104.0
1792 1664 201.0
1664 1792 201.0
1792 1728 108.0
1728 1792 108.0
1792 1760 104.0
1760 1792 104.0
1792 1776 102.0
1776 1792 102.0
1792 1784 109.0
1784 1792 109.0
1792 1788 106.0
1788 1792 106.0
1792 1790 209.0
1790 1792 209.0
1792 1791 107.0
1791 1792 107.0
1793 769 105.0
769 1793 105.0
1793 1281 110.0
1281 1793 110.0
1793 1537 110.0
1537 1793 110.0
1794 770 108.0
770 1794 108.0
1794 1282 107.0
1282 1794 107.0
1794 1538 203.0
1538 1794 203.0
1794 1793 104.0
1793 1794 104.0
1795 771 110.0
771 1795 110.0
1795 1283 104.0
1283 1795 104.0
1795 1539 110.0
1539 1795 110.0
1795 1793 108.0
1793 1795 108.0
1796 772 201.0
772 1796 201.0
1796 1284 107.0
1284 1796 107.0
1796 1540 105.0
1540 1796 105.0
1796 1794 104.0
1794 1796 104.0
1796 1795 104.0
1795 1796 104.0
1797 773 210.0
773 1797 210.0
1797 1285 209.0
1285 1797 209.0
1797 1541 203.0
1541 1797 203.0
1797 1793 206.0
1793 1797 206.0
1798 774 103.0
774 1798 103.0
1798 1286 103.0
1286 1798 103.0
1798 1542 104.0
1542 1798 104.0
1798 1794 108.0
1794 1798 108.0
1798 1797 208.0
1797 1798 208.0
1799 775 102.0
775 1799 102.0
1799 1287 101.0
1287 1799 101.0
1799 1543 110.0
1543 1799 110.0
1799 1795 105.0
1795 1799 105.0
1799 1797 204.0
1797 1799 204.0
1800 776 102.0
776 1800 102.0
1800 1288 101.0
1288 1800 101.0
1800 1544 102.0
1544 1800 102.0
1800 1796 104.0
1796 1800 104.0
1800 1798 102.0
1798 1800 102.0
1800 1799 105.0
1799 1800 105.0
1801 777 109.0
777 1801 109.0
1801 1289 106.0
1289 1801 106.0
1801 1545 104.0
1545 1801 104.0
1801 1793 101.0
1793 1801 101.0
1802 778 101.0
778 1802 101.0
1802 1290 109.0
1290 1802 109.0
1802 1546 110.0
1546 1802 110.0
1802 1794 102.0
1794 1802 102.0
1802 1801 103.0
1801 1802 103.0
1803 779 110.0
779 1803 110.0
1803 1291 106.0
1291 1803 106.0
1803 1547 101.0
1547 1803 101.0
1803 1795 107.0
1795 1803 107.0
1803 1801 109.0
1801 1803 109.0
1804 780 205.0
780 1804 205.0
1804 1292 202.0
1292 1804 202.0
1804 1548 210.0
1548 1804 210.0
1804 1796 210.0
1796 1804 210.0
1804 1802 204.0
1802 1804 204.0
1804 1803 205.0
1803 1804 205.0
1805 781 208.0
781 1805 208.0
1805 1293 206.0
1293 1805 206.0
1805 1549 204.0
1549 1805 204.0
1805 1797 308.0
1797 1805 308.0
1805 1801 210.0
1801 1805 210.0
1806 782 102.0
782 1806 102.0
1806 1294 105.0
1294 1806 105.0
1806 1550 204.0
1550 1806 204.0
1806 1798 107.0
1798 1806 107.0
1806 1802 104.0
1802 1806 104.0
1806 1805 203.0
1805 1806 203.0
1807 783 105.0
783 1807 105.0
1807 1295 104.0
1295 1807 104.0
1807 1551 102.0
1551 1807 102.0
1807 1799 103.0
1799 1807 103.0
1807 1803 109.0
1803 1807 109.0
1807 1805 204.0
1805 1807 204.0
1808 784 107.0
784 1808 107.0
1808 1296 105.0
1296 1808 105.0
1808 1552 204.0
1552 1808 204.0
1808 1800 106.0
1800 1808 106.0
1808 1804 201.0
1804 1808 201.0
1808 1806 103.0
1806 1808 103.0
1808 1807 102.0
1807 1808 102.0
1809 785 205.0
785 1809 205.0
1809 1297 106.0
1297 1809 106.0
1809 1553 107.0
1553 1809 107.0
1809 1793 110.0
1793 1809 110.0
1810 786 206.0
786 1810 206.0
1810 1298 210.0
1298 1810 210.0
1810 1554 209.0
1554 1810 209.0
1810 1794 205.0
1794 1810 205.0
1810 1809 202.0
1809 1810 202.0
1811 787 106.0
787 1811 106.0
1811 1299 110.0
1299 1811 110.0
1811 1555 202.0
1555 1811 202.0
1811 1795 104.0
1795 1811 104.0
1811 1809 108.0
1809 1811 108.0
1812 788 103.0
788 1812 103.0
1812 1300 102.0
1300 1812 102.0
1812 1556 110.0
1556 1812 110.0
1812 1796 105.0
1796 1812 105.0
1812 1810 208.0
1810 1812 208.0
1812 1811 109.0
1811 1812 109.0
1813 789 102.0
789 1813 102.0
1813 1301 101.0
1301 1813 101.0
1813 1557 107.0
1557 1813 107.0
1813 1797 201.0
1797 1813 201.0
1813 1809 105.0
1809 1813 105.0
1814 790 108.0
790 1814 108.0
1814 1302 101.0
1302 1814 101.0
1814 1558 104.0
1558 1814 104.0
1814 1798 108.0
1798 1814 108.0
1814 1810 202.0
1810 1814 202.0
1814 1813 101.0
1813 1814 101.0
1815 791 108.0
791 1815 108.0
1815 1303 102.0
1303 1815 102.0
1815 1559 207.0
1559 1815 207.0
1815 1799 102.0
1799 1815 102.0
1815 1811 109.0
1811 1815 109.0
1815 1813 108.0
1813 1815 108.0
1816 792 107.0
792 1816 107.0
1816 1304 202.0
1304 1816 202.0
1816 1560 103.0
1560 1816 103.0
1816 1800 106.0
1800 1816 106.0
1816 1812 104.0
1812 1816 104.0
1816 1814 101.0
1814 1816 101.0
1816 1815 110.0
1815 1816 110.0
1817 793 109.0
793 1817 109.0
1817 1305 101.0
1305 1817 101.0
1817 1561 110.0
1561 1817 110.0
1817 1801 109.0
1801 1817 109.0
1817 1809 107.0
1809 1817 107.0
1818 794 103.0
794 1818 103.0
1818 1306 110.0
1306 1818 110.0
1818 1562 103.0
1562 1818 103.0
1818 1802 109.0
1802 1818 109.0
1818 1810 204.0
1810 1818 204.0
1818 1817 110.0
1817 1818 110.0
1819 795 107.0
795 1819 107.0
1819 1307 104.0
1307 1819 104.0
1819 1563 109.0
1563 1819 109.0
1819 1803 110.0
1803 1819 110.0
1819 1811 101.0
1811 1819 101.0
1819 1817 104.0
1817 1819 104.0
1820 796 110.0
796 1820 110.0
1820 1308 101.0
1308 1820 101.0
1820 1564 105.0
1564 1820 105.0
1820 1804 209.0
1804 1820 209.0
1820 1812 109.0
1812 1820 109.0
1820 1818 110.0
1818 1820 110.0
1820 1819 109.0
1819 1820 109.0
1821 797 205.0
797 1821 205.0
1821 1309 203.0
1309 1821 203.0
1821 1565 204.0
1565 1821 204.0
1821 1805 309.0
1805 1821 309.0
1821 1813 210.0
1813 1821 210.0
1821 1817 204.0
1817 1821 204.0
1822 798 107.0
798 1822 107.0
1822 1310 205.0
1310 1822 205.0
1822 1566 103.0
1566 1822 103.0
1822 1806 108.0
1806 1822 108.0
1822 1814 110.0
1814 1822 110.0
1822 1818 107.0
1818 1822 107.0
1822 1821 208.0
1821 1822 208.0
1823 799 109.0
799 1823 109.0
1823 1311 206.0
1311 1823 206.0
1823 1567 106.0
1567 1823 106.0
1823 1807 106.0
1807 1823 106.0
1823 1815 105.0
1815 1823 105.0
1823 1819 106.0
1819 1823 106.0
1823 1821 204.0
1821 1823 204.0
1824 800 204.0
800 1824 204.0
1824 1312 108.0
1312 1824 108.0
1824 1568 108.0
1568 1824 108.0
1824 1808 103.0
1808 1824 103.0
1824 1816 105.0
1816 1824 105.0
1824 1820 110.0
1820 1824 110.0
1824 1822 105.0
1822 1824 105.0
1824 1823 108.0
1823 1824 108.0
1825 801 107.0
801 1825 107.0
1825 1313 103.0
1313 1825 103.0
1825 1569 106.0
1569 1825 106.0
1825 1793 104.0
1793 1825 104.0
1826 802 110.0
802 1826 110.0
1826 1314 109.0
1314 1826 109.0
1826 1570 107.0
1570 1826 107.0
1826 1794 108.0
1794 1826 108.0
1826 1825 107.0
1825 1826 107.0
1827 803 201.0
803 1827 201.0
1827 1315 210.0
1315 1827 210.0
1827 1571 210.0
1571 1827 210.0
1827 1795 205.0
1795 1827 205.0
1827 1825 207.0
1825 1827 207.0
1828 804 108.0
804 1828 108.0
1828 1316 205.0
1316 1828 205.0
1828 1572 108.0
1572 1828 108.0
1828 1796 101.0
1796 1828 101.0
1828 1826 109.0
1826 1828 109.0
1828 1827 206.0
1827 1828 206.0
1829 805 107.0
805 1829 107.0
1829 1317 110.0
1317 1829 110.0
1829 1573 108.0
1573 1829 108.0
1829 1797 202.0
1797 1829 202.0
1829 1825 106.0
1825 1829 106.0
1830 806 209.0
806 1830 209.0
1830 1318 308.0
1318 1830 308.0
1830 1574 208.0
1574 1830 208.0
1830 1798 204.0
1798 1830 204.0
1830 1826 205.0
1826 1830 205.0
1830 1829 209.0
1829 1830 209.0
1831 807 210.0
807 1831 210.0
1831 1319 104.0
1319 1831 104.0
1831 1575 110.0
1575 1831 110.0
1831 1799 102.0
1799 1831 102.0
1831 1827 201.0
1827 1831 201.0
1831 1829 110.0
1829 1831 110.0
1832 808 103.0
808 1832 103.0
1832 1320 110.0
1320 1832 110.0
1832 1576 104.0
1576 1832 104.0
1832 1800 106.0
1800 1832 106.0
1832 1828 110.0
1828 1832 110.0
1832 1830 204.0
1830 1832 204.0
1832 1831 106.0
1831 1832 106.0
1833 809 103.0
809 1833 103.0
1833 1321 109.0
1321 1833 109.0
1833 1577 104.0
1577 1833 104.0
1833 1801 104.0
1801 1833 104.0
1833 1825 101.0
1825 1833 101.0
1834 810 101.0
810 1834 101.0
1834 1322 110.0
1322 1834 110.0
1834 1578 106.0
1578 1834 106.0
1834 1802 102.0
1802 1834 102.0
1834 1826 104.0
1826 1834 104.0
1834 1833 109.0
1833 1834 109.0
1835 811 109.0
811 1835 109.0
1835 1323 109.0
1323 1835 109.0
1835 1579 107.0
1579 1835 107.0
1835 1803 108.0
1803 1835 108.0
1835 1827 209.0
1827 1835 209.0
1835 1833 102.0
1833 1835 102.0
1836 812 208.0
812 1836 208.0
1836 1324 201.0
1324 1836 201.0
1836 1580 208.0
1580 1836 208.0
1836 1804 309.0
1804 1836 309.0
1836 1828 207.0
1828 1836 207.0
1836 1834 206.0
1834 1836 206.0
1836 1835 201.0
1835 1836 201.0
1837 813 103.0
813 1837 103.0
1837 1325 102.0
1325 1837 102.0
1837 1581 104.0
1581 1837 104.0
1837 1805 206.0
1805 1837 206.0
1837 1829 105.0
1829 1837 105.0
1837 1833 106.0
1833 1837 106.0
1838 814 208.0
814 1838 208.0
1838 1326 102.0
1326 1838 102.0
1838 1582 108.0
1582 1838 108.0
1838 1806 104.0
1806 1838 104.0
1838 1830 202.0
1830 1838 202.0
1838 1834 107.0
1834 1838 107.0
1838 1837 107.0
1837 1838 107.0
1839 815 103.0
815 1839 103.0
1839 1327 109.0
1327 1839 109.0
1839 1583 108.0
1583 1839 108.0
1839 1807 103.0
1807 1839 103.0
1839 1831 109.0
1831 1839 109.0
1839 1835 102.0
1835 1839 102.0
1839 1837 110.0
1837 1839 110.0
1840 816 108.0
816 1840 108.0
1840 1328 110.0
1328 1840 110.0
1840 1584 108.0
1584 1840 108.0
1840 1808 110.0
1808 1840 110.0
1840 1832 101.0
1832 1840 101.0
1840 1836 210.0
1836 1840 210.0
1840 1838 107.0
1838 1840 107.0
1840 1839 103.0
1839 1840 103.0
1841 817 109.0
817 1841 109.0
1841 1329 204.0
1329 1841 204.0
1841 1585 106.0
1585 1841 106.0
1841 1809 107.0
1809 1841 107.0
1841 1825 103.0
1825 1841 103.0
1842 818 109.0
818 1842 109.0
1842 1330 107.0
1330 1842 107.0
1842 1586 103.0
1586 1842 103.0
1842 1810 208.0
1810 1842 208.0
1842 1826 109.0
1826 1842 109.0
1842 1841 110.0
1841 1842 110.0
1843 819 105.0
819 1843 105.0
1843 1331 105.0
1331 1843 105.0
1843 1587 104.0
1587 1843 104.0
1843 1811 105.0
1811 1843 105.0
1843 1827 210.0
1827 1843 210.0
1843 1841 105.0
1841 1843 105.0
1844 820 103.0
820 1844 103.0
1844 1332 110.0
1332 1844 110.0
1844 1588 210.0
1588 1844 210.0
1844 1812 109.0
1812 1844 109.0
1844 1828 101.0
1828 1844 101.0
1844 1842 102.0
1842 1844 102.0
1844 1843 109.0
1843 1844 109.0
1845 821 106.0
821 1845 106.0
1845 1333 108.0
1333 1845 108.0
1845 1589 107.0
1589 1845 107.0
1845 1813 105.0
1813 1845 105.0
1845 1829 110.0
1829 1845 110.0
1845 1841 108.0
1841 1845 108.0
1846 822 110.0
822 1846 110.0
1846 1334 105.0
1334 1846 105.0
1846 1590 108.0
1590 1846 108.0
1846 1814 108.0
1814 1846 108.0
1846 1830 206.0
1830 1846 206.0
1846 1842 101.0
1842 1846 101.0
1846 1845 108.0
1845 1846 108.0
1847 823 104.0
823 1847 104.0
1847 1335 106.0
1335 1847 106.0
1847 1591 104.0
1591 1847 104.0
1847 1815 106.0
1815 1847 106.0
1847 1831 102.0
1831 1847 102.0
1847 1843 108.0
1843 1847 108.0
1847 1845 104.0
1845 1847 104.0
1848 824 104.0
824 1848 104.0
1848 1336 107.0
1336 1848 107.0
1848 1592 102.0
1592 1848 102.0
1848 1816 110.0
1816 1848 110.0
1848 1832 104.0
1832 1848 104.0
1848 1844 103.0
1844 1848 103.0
1848 1846 105.0
1846 1848 105.0
1848 1847 107.0
1847 1848 107.0
1849 825 103.0
825 1849 103.0
1849 1337 109.0
1337 1849 109.0
1849 1593 206.0
1593 1849 206.0
1849 1817 102.0
1817 1849 102.0
1849 1833 102.0
1833 1849 102.0
1849 1841 108.0
1841 1849 108.0
1850 826 204.0
826 1850 204.0
1850 1338 201.0
1338 1850 201.0
1850 1594 110.0
1594 1850 110.0
1850 1818 102.0
1818 1850 102.0
1850 1834 107.0
1834 1850 107.0
1850 1842 103.0
1842 1850 103.0
1850 1849 110.0
1849 1850 110.0
1851 827 104.0
827 1851 104.0
1851 1339 104.0
1339 1851 104.0
1851 1595 106.0
1595 1851 106.0
1851 1819 102.0
1819 1851 102.0
1851 1835 102.0
1835 1851 102.0
1851 1843 104.0
1843 1851 104.0
1851 1849 109.0
1849 1851 109.0
1852 828 104.0
828 1852 104.0
1852 1340 101.0
1340 1852 101.0
1852 1596 106.0
1596 1852 106.0
1852 1820 108.0
1820 1852 108.0
1852 1836 207.0
1836 1852 207.0
1852 1844 101.0
1844 1852 101.0
1852 1850 104.0
1850 1852 104.0
1852 1851 105.0
1851 1852 105.0
1853 829 109.0
829 1853 109.0
1853 1341 110.0
1341 1853 110.0
1853 1597 108.0
1597 1853 108.0
1853 1821 209.0
1821 1853 209.0
1853 1837 110.0
1837 1853 110.0
1853 1845 107.0
1845 1853 107.0
1853 1849 107.0
1849 1853 107.0
1854 830 110.0
830 1854 110.0
1854 1342 108.0
1342 1854 108.0
1854 1598 107.0
1598 1854 107.0
1854 1822 101.0
1822 1854 101.0
1854 1838 109.0
1838 1854 109.0
1854 1846 108.0
1846 1854 108.0
1854 1850 104.0
1850 1854 104.0
1854 1853 104.0
1853 1854 104.0
1855 831 201.0
831 1855 201.0
1855 1343 303.0
1343 1855 303.0
1855 1599 209.0
1599 1855 209.0
1855 1823 204.0
1823 1855 204.0
1855 1839 204.0
1839 1855 204.0
1855 1847 202.0
1847 1855 202.0
1855 1851 206.0
1851 1855 206.0
1855 1853 208.0
1853 1855 208.0
1856 832 107.0
832 1856 107.0
1856 1344 102.0
1344 1856 102.0
1856 1600 103.0
1600 1856 103.0
1856 1824 110.0
1824 1856 110.0
1856 1840 108.0
1840 1856 108.0
1856 1848 107.0
1848 1856 107.0
1856 1852 107.0
1852 1856 107.0
1856 1854 109.0
1854 1856 109.0
1856 1855 201.0
1855 1856 201.0
1857 833 208.0
833 1857 208.0
1857 1345 304.0
1345 1857 304.0
1857 1601 204.0
1601 1857 204.0
1857 1793 203.0
1793 1857 203.0
1858 834 109.0
834 1858 109.0
1858 1346 102.0
1346 1858 102.0
1858 1602 106.0
1602 1858 106.0
1858 1794 110.0
1794 1858 110.0
1858 1857 206.0
1857 1858 206.0
1859 835 204.0
835 1859 204.0
1859 1347 309.0
1347 1859 309.0
1859 1603 203.0
1603 1859 203.0
1859 1795 202.0
1795 1859 202.0
1860 836 110.0
836 1860 110.0
1860 1348 104.0
1348 1860 104.0
1860 1604 106.0
1604 1860 106.0
1860 1796 109.0
1796 1860 109.0
1860 1858 110.0
1858 1860 110.0
1860 1859 207.0
1859 1860 207.0
1861 837 108.0
837 1861 108.0
1861 1349 108.0
1349 1861 108.0
1861 1605 107.0
1605 1861 107.0
1861 1797 210.0
1797 1861 210.0
1861 1857 210.0
1857 1861 210.0
1862 838 108.0
838 1862 108.0
1862 1350 108.0
1350 1862 108.0
1862 1606 109.0
1606 1862 109.0
1862 1798 110.0
1798 1862 110.0
1862 1858 103.0
1858 1862 103.0
1862 1861 106.0
1861 1862 106.0
1863 839 104.0
839 1863 104.0
1863 1351 104.0
1351 1863 104.0
1863 1607 110.0
1607 1863 110.0
1863 1799 101.0
1799 1863 101.0
1863 1859 202.0
1859 1863 202.0
1863 1861 105.0
1861 1863 105.0
1864 840 209.0
840 1864 209.0
1864 1352 202.0
1352 1864 202.0
1864 1608 204.0
1608 1864 204.0
1864 1800 209.0
1800 1864 209.0
1864 1860 209.0
1860 1864 209.0
1864 1862 207.0
1862 1864 207.0
1864 1863 208.0
1863 1864 208.0
1865 841 106.0
841 1865 106.0
1865 1353 103.0
1353 1865 103.0
1865 1609 101.0
1609 1865 101.0
1865 1801 106.0
1801 1865 106.0
1865 1857 201.0
1857 1865 201.0
1866 842 102.0
842 1866 102.0
1866 1354 102.0
1354 1866 102.0
1866 1610 101.0
1610 1866 101.0
1866 1802 107.0
1802 1866 107.0
1866 1858 110.0
1858 1866 110.0
1866 1865 102.0
1865 1866 102.0
1867 843 102.0
843 1867 102.0
1867 1355 109.0
1355 1867 109.0
1867 1611 102.0
1611 1867 102.0
1867 1803 101.0
1803 1867 101.0
1867 1859 207.0
1859 1867 207.0
1867 1865 106.0
1865 1867 106.0
1868 844 210.0
844 1868 210.0
1868 1356 207.0
1356 1868 207.0
1868 1612 207.0
1612 1868 207.0
1868 1804 304.0
1804 1868 304.0
1868 1860 204.0
1860 1868 204.0
1868 1866 209.0
1866 1868 209.0
1868 1867 208.0
1867 1868 208.0
1869 845 205.0
845 1869 205.0
1869 1357 105.0
1357 1869 105.0
1869 1613 103.0
1613 1869 103.0
1869 1805 201.0
1805 1869 201.0
1869 1861 106.0
1861 1869 106.0
1869 1865 110.0
1865 1869 110.0
1870 846 109.0
846 1870 109.0
1870 1358 107.0
1358 1870 107.0
1870 1614 104.0
1614 1870 104.0
1870 1806 110.0
1806 1870 110.0
1870 1862 106.0
1862 1870 106.0
1870 1866 102.0
1866 1870 102.0
1870 1869 109.0
1869 1870 109.0
1871 847 110.0
847 1871 110.0
1871 1359 103.0
1359 1871 103.0
1871 1615 107.0
1615 1871 107.0
1871 1807 104.0
1807 1871 104.0
1871 1863 108.0
1863 1871 108.0
1871 1867 102.0
1867 1871 102.0
1871 1869 109.0
1869 1871 109.0
1872 848 101.0
848 1872 101.0
1872 1360 104.0
1360 1872 104.0
1872 1616 107.0
1616 1872 107.0
1872 1808 102.0
1808 1872 102.0
1872 1864 208.0
1864 1872 208.0
1872 1868 201.0
1868 1872 201.0
1872 1870 105.0
1870 1872 105.0
1872 1871 106.0
1871 1872 106.0
1873 849 110.0
849 1873 110.0
1873 1361 105.0
1361 1873 105.0
1873 1617 104.0
1617 1873 104.0
1873 1809 110.0
1809 1873 110.0
1873 1857 202.0
1857 1873 202.0
1874 850 108.0
850 1874 108.0
1874 1362 105.0
1362 1874 105.0
1874 1618 105.0
1618 1874 105.0
1874 1810 201.0
1810 1874 201.0
1874 1858 103.0
1858 1874 103.0
1874 1873 103.0
1873 1874 103.0
1875 851 107.0
851 1875 107.0
1875 1363 102.0
1363 1875 102.0
1875 1619 103.0
1619 1875 103.0
1875 1811 106.0
1811 1875 106.0
1875 1859 204.0
1859 1875 204.0
1875 1873 110.0
1873 1875 110.0
1876 852 101.0
852 1876 101.0
1876 1364 108.0
1364 1876 108.0
1876 1620 110.0
1620 1876 110.0
1876 1812 107.0
1812 1876 107.0
1876 1860 109.0
1860 1876 109.0
1876 1874 102.0
1874 1876 102.0
1876 1875 105.0
1875 1876 105.0
1877 853 101.0
853 1877 101.0
1877 1365 105.0
1365 1877 105.0
1877 1621 203.0
1621 1877 203.0
1877 1813 110.0
1813 1877 110.0
1877 1861 110.0
1861 1877 110.0
1877 1873 104.0
1873 1877 104.0
1878 854 103.0
854 1878 103.0
1878 1366 101.0
1366 1878 101.0
1878 1622 107.0
1622 1878 107.0
1878 1814 106.0
1814 1878 106.0
1878 1862 109.0
1862 1878 109.0
1878 1874 108.0
1874 1878 108.0
1878 1877 110.0
1877 1878 110.0
1879 855 110.0
855 1879 110.0
1879 1367 109.0
1367 1879 109.0
1879 1623 101.0
1623 1879 101.0
1879 1815 101.0
1815 1879 101.0
1879 1863 103.0
1863 1879 103.0
1879 1875 108.0
1875 1879 108.0
1879 1877 104.0
1877 1879 104.0
1880 856 106.0
856 1880 106.0
1880 1368 107.0
1368 1880 107.0
1880 1624 110.0
1624 1880 110.0
1880 1816 110.0
1816 1880 110.0
1880 1864 202.0
1864 1880 202.0
1880 1876 104.0
1876 1880 104.0
1880 1878 106.0
1878 1880 106.0
1880 1879 105.0
1879 1880 105.0
1881 857 105.0
857 1881 105.0
1881 1369 204.0
1369 1881 204.0
1881 1625 110.0
1625 1881 110.0
1881 1817 104.0
1817 1881 104.0
1881 1865 105.0
1865 1881 105.0
1881 1873 104.0
1873 1881 104.0
1882 858 101.0
858 1882 101.0
1882 1370 103.0
1370 1882 103.0
1882 1626 206.0
1626 1882 206.0
1882 1818 107.0
1818 1882 107.0
1882 1866 103.0
1866 1882 103.0
1882 1874 102.0
1874 1882 102.0
1882 1881 104.0
1881 1882 104.0
1883 859 204.0
859 1883 204.0
1883 1371 102.0
1371 1883 102.0
1883 1627 109.0
1627 1883 109.0
1883 1819 103.0
1819 1883 103.0
1883 1867 108.0
1867 1883 108.0
1883 1875 103.0
1875 1883 103.0
1883 1881 101.0
1881 1883 101.0
1884 860 107.0
860 1884 107.0
1884 1372 101.0
1372 1884 101.0
1884 1628 105.0
1628 1884 105.0
1884 1820 107.0
1820 1884 107.0
1884 1868 206.0
1868 1884 206.0
1884 1876 107.0
1876 1884 107.0
1884 1882 107.0
1882 1884 107.0
1884 1883 102.0
1883 1884 102.0
1885 861 101.0
861 1885 101.0
1885 1373 107.0
1373 1885 107.0
1885 1629 101.0
1629 1885 101.0
1885 1821 203.0
1821 1885 203.0
1885 1869 110.0
1869 1885 110.0
1885 1877 105.0
1877 1885 105.0
1885 1881 101.0
1881 1885 101.0
1886 862 205.0
862 1886 205.0
1886 1374 208.0
1374 1886 208.0
1886 1630 209.0
1630 1886 209.0
1886 1822 204.0
1822 1886 204.0
1886 1870 203.0
1870 1886 203.0
1886 1878 202.0
1878 1886 202.0
1886 1882 207.0
1882 1886 207.0
1886 1885 205.0
1885 1886 205.0
1887 863 110.0
863 1887 110.0
1887 1375 102.0
1375 1887 102.0
1887 1631 101.0
1631 1887 101.0
1887 1823 101.0
1823 1887 101.0
1887 1871 106.0
1871 1887 106.0
1887 1879 109.0
1879 1887 109.0
1887 1883 103.0
1883 1887 103.0
1887 1885 110.0
1885 1887 110.0
1888 864 107.0
864 1888 107.0
1888 1376 110.0
1376 1888 110.0
1888 1632 102.0
1632 1888 102.0
1888 1824 108.0
1824 1888 108.0
1888 1872 107.0
1872 1888 107.0
1888 1880 106.0
1880 1888 106.0
1888 1884 108.0
1884 1888 108.0
1888 1886 201.0
1886 1888 201.0
1888 1887 103.0
1887 1888 103.0
1889 865 104.0
865 1889 104.0
1889 1377 108.0
1377 1889 108.0
1889 1633 108.0
1633 1889 108.0
1889 1825 110.0
1825 1889 110.0
1889 1857 210.0
1857 1889 210.0
1890 866 108.0
866 1890 108.0
1890 1378 108.0
1378 1890 108.0
1890 1634 110.0
1634 1890 110.0
1890 1826 109.0
1826 1890 109.0
1890 1858 103.0
1858 1890 103.0
1890 1889 104.0
1889 1890 104.0
1891 867 105.0
867 1891 105.0
1891 1379 110.0
1379 1891 110.0
1891 1635 109.0
1635 1891 109.0
1891 1827 205.0
1827 1891 205.0
1891 1859 204.0
1859 1891 204.0
1891 1889 107.0
1889 1891 107.0
1892 868 208.0
868 1892 208.0
1892 1380 106.0
1380 1892 106.0
1892 1636 102.0
1636 1892 102.0
1892 1828 103.0
1828 1892 103.0
1892 1860 106.0
1860 1892 106.0
1892 1890 106.0
1890 1892 106.0
1892 1891 110.0
1891 1892 110.0
1893 869 105.0
869 1893 105.0
1893 1381 106.0
1381 1893 106.0
1893 1637 203.0
1637 1893 203.0
1893 1829 102.0
1829 1893 102.0
1893 1861 109.0
1861 1893 109.0
1893 1889 102.0
1889 1893 102.0
1894 870 102.0
870 1894 102.0
1894 1382 110.0
1382 1894 110.0
1894 1638 107.0
1638 1894 107.0
1894 1830 209.0
1830 1894 209.0
1894 1862 109.0
1862 1894 109.0
1894 1890 101.0
1890 1894 101.0
1894 1893 102.0
1893 1894 102.0
1895 871 102.0
871 1895 102.0
1895 1383 110.0
1383 1895 110.0
1895 1639 102.0
1639 1895 102.0
1895 1831 103.0
1831 1895 103.0
1895 1863 107.0
1863 1895 107.0
1895 1891 109.0
1891 1895 109.0
1895 1893 102.0
1893 1895 102.0
1896 872 105.0
872 1896 105.0
1896 1384 105.0
1384 1896 105.0
1896 1640 109.0
1640 1896 109.0
1896 1832 106.0
1832 1896 106.0
1896 1864 203.0
1864 1896 203.0
1896 1892 103.0
1892 1896 103.0
1896 1894 107.0
1894 1896 107.0
1896 1895 108.0
1895 1896 108.0
1897 873 107.0
873 1897 107.0
1897 1385 104.0
1385 1897 104.0
1897 1641 101.0
1641 1897 101.0
1897 1833 104.0
1833 1897 104.0
1897 1865 104.0
1865 1897 104.0
1897 1889 110.0
1889 1897 110.0
1898 874 208.0
874 1898 208.0
1898 1386 208.0
1386 1898 208.0
1898 1642 208.0
1642 1898 208.0
1898 1834 206.0
1834 1898 206.0
1898 1866 210.0
1866 1898 210.0
1898 1890 204.0
1890 1898 204.0
1898 1897 209.0
1897 1898 209.0
1899 875 108.0
875 1899 108.0
1899 1387 102.0
1387 1899 102.0
1899 1643 206.0
1643 1899 206.0
1899 1835 104.0
1835 1899 104.0
1899 1867 105.0
1867 1899 105.0
1899 1891 109.0
1891 1899 109.0
1899 1897 106.0
1897 1899 106.0
1900 876 104.0
876 1900 104.0
1900 1388 105.0
1388 1900 105.0
1900 1644 106.0
1644 1900 106.0
1900 1836 201.0
1836 1900 201.0
1900 1868 210.0
1868 1900 210.0
1900 1892 103.0
1892 1900 103.0
1900 1898 210.0
1898 1900 210.0
1900 1899 103.0
1899 1900 103.0
1901 877 109.0
877 1901 109.0
1901 1389 204.0
1389 1901 204.0
1901 1645 101.0
1645 1901 101.0
1901 1837 110.0
1837 1901 110.0
1901 1869 110.0
1869 1901 110.0
1901 1893 103.0
1893 1901 103.0
1901 1897 102.0
1897 1901 102.0
1902 878 109.0
878 1902 109.0
1902 1390 109.0
1390 1902 109.0
1902 1646 104.0
1646 1902 104.0
1902 1838 103.0
1838 1902 103.0
1902 1870 105.0
1870 1902 105.0
1902 1894 108.0
1894 1902 108.0
1902 1898 206.0
1898 1902 206.0
1902 1901 108.0
1901 1902 108.0
1903 879 201.0
879 1903 201.0
1903 1391 108.0
1391 1903 108.0
1903 1647 102.0
1647 1903 102.0
1903 1839 107.0
1839 1903 107.0
1903 1871 107.0
1871 1903 107.0
1903 1895 105.0
1895 1903 105.0
1903 1899 101.0
1899 1903 101.0
1903 1901 105.0
1901 1903 105.0
1904 880 108.0
880 1904 108.0
1904 1392 201.0
1392 1904 201.0
1904 1648 107.0
1648 1904 107.0
1904 1840 104.0
1840 1904 104.0
1904 1872 108.0
1872 1904 108.0
1904 1896 108.0
1896 1904 108.0
1904 1900 102.0
1900 1904 102.0
1904 1902 101.0
1902 1904 101.0
1904 1903 103.0
1903 1904 103.0
1905 881 106.0
881 1905 106.0
1905 1393 101.0
1393 1905 101.0
1905 1649 109.0
1649 1905 109.0
1905 1841 106.0
1841 1905 106.0
1905 1873 102.0
1873 1905 102.0
1905 1889 107.0
1889 1905 107.0
1906 882 101.0
882 1906 101.0
1906 1394 109.0
1394 1906 109.0
1906 1650 105.0
1650 1906 105.0
1906 1842 101.0
1842 1906 101.0
1906 1874 102.0
1874 1906 102.0
1906 1890 102.0
1890 1906 102.0
1906 1905 106.0
1905 1906 106.0
1907 883 103.0
883 1907 103.0
1907 1395 106.0
1395 1907 106.0
1907 1651 203.0
1651 1907 203.0
1907 1843 106.0
1843 1907 106.0
1907 1875 110.0
1875 1907 110.0
1907 1891 110.0
1891 1907 110.0
1907 1905 102.0
1905 1907 102.0
1908 884 209.0
884 1908 209.0
1908 1396 108.0
1396 1908 108.0
1908 1652 106.0
1652 1908 106.0
1908 1844 106.0
1844 1908 106.0
1908 1876 103.0
1876 1908 103.0
1908 1892 104.0
1892 1908 104.0
1908 1906 103.0
1906 1908 103.0
1908 1907 107.0
1907 1908 107.0
1909 885 105.0
885 1909 105.0
1909 1397 109.0
1397 1909 109.0
1909 1653 106.0
1653 1909 106.0
1909 1845 107.0
1845 1909 107.0
1909 1877 110.0
1877 1909 110.0
1909 1893 101.0
1893 1909 101.0
1909 1905 105.0
1905 1909 105.0
1910 886 204.0
886 1910 204.0
1910 1398 103.0
1398 1910 103.0
1910 1654 101.0
1654 1910 101.0
1910 1846 102.0
1846 1910 102.0
1910 1878 103.0
1878 1910 103.0
1910 1894 104.0
1894 1910 104.0
1910 1906 109.0
1906 1910 109.0
1910 1909 106.0
1909 1910 106.0
1911 887 205.0
887 1911 205.0
1911 1399 309.0
1399 1911 309.0
1911 1655 201.0
1655 1911 201.0
1911 1847 207.0
1847 1911 207.0
1911 1879 208.0
1879 1911 208.0
1911 1895 206.0
1895 1911 206.0
1911 1907 210.0
1907 1911 210.0
1911 1909 210.0
1909 1911 210.0
1912 888 104.0
888 1912 104.0
1912 1400 102.0
1400 1912 102.0
1912 1656 103.0
1656 1912 103.0
1912 1848 105.0
1848 1912 105.0
1912 1880 107.0
1880 1912 107.0
1912 1896 106.0
1896 1912 106.0
1912 1908 103.0
1908 1912 103.0
1912 1910 103.0
1910 1912 103.0
1912 1911 206.0
1911 1912 206.0
1913 889 106.0
889 1913 106.0
1913 1401 110.0
1401 1913 110.0
1913 1657 108.0
1657 1913 108.0
1913 1849 107.0
1849 1913 107.0
1913 1881 103.0
1881 1913 103.0
1913 1897 110.0
1897 1913 110.0
1913 1905 101.0
1905 1913 101.0
1914 890 109.0
890 1914 109.0
1914 1402 201.0
1402 1914 201.0
1914 1658 110.0
1658 1914 110.0
1914 1850 101.0
1850 1914 101.0
1914 1882 108.0
1882 1914 108.0
1914 1898 201.0
1898 1914 201.0
1914 1906 105.0
1906 1914 105.0
1914 1913 105.0
1913 1914 105.0
1915 891 107.0
891 1915 107.0
1915 1403 101.0
1403 1915 101.0
1915 1659 108.0
1659 1915 108.0
1915 1851 104.0
1851 1915 104.0
1915 1883 105.0
1883 1915 105.0
1915 1899 103.0
1899 1915 103.0
1915 1907 103.0
1907 1915 103.0
1915 1913 108.0
1913 1915 108.0
1916 892 105.0
892 1916 105.0
1916 1404 206.0
1404 1916 206.0
1916 1660 104.0
1660 1916 104.0
1916 1852 106.0
1852 1916 106.0
1916 1884 109.0
1884 1916 109.0
1916 1900 102.0
1900 1916 102.0
1916 1908 108.0
1908 1916 108.0
1916 1914 106.0
1914 1916 106.0
1916 1915 106.0
1915 1916 106.0
1917 893 210.0
893 1917 210.0
1917 1405 103.0
1405 1917 103.0
1917 1661 105.0
1661 1917 105.0
1917 1853 108.0
1853 1917 108.0
1917 1885 108.0
1885 1917 108.0
1917 1901 104.0
1901 1917 104.0
1917 1909 107.0
1909 1917 107.0
1917 1913 109.0
1913 1917 109.0
1918 894 102.0
894 1918 102.0
1918 1406 103.0
1406 1918 103.0
1918 1662 206.0
1662 1918 206.0
1918 1854 108.0
1854 1918 108.0
1918 1886 209.0
1886 1918 209.0
1918 1902 107.0
1902 1918 107.0
1918 1910 103.0
1910 1918 103.0
1918 1914 102.0
1914 1918 102.0
1918 1917 103.0
1917 1918 103.0
1919 895 110.0
895 1919 110.0
1919 1407 106.0
1407 1919 106.0
1919 1663 101.0
1663 1919 101.0
1919 1855 205.0
1855 1919 205.0
1919 1887 108.0
1887 1919 108.0
1919 1903 105.0
1903 1919 105.0
1919 1911 202.0
1911 1919 202.0
1919 1915 107.0
1915 1919 107.0
1919 1917 101.0
1917 1919 101.0
1920 896 105.0
896 1920 105.0
1920 1408 104.0
1408 1920 104.0
1920 1664 205.0
1664 1920 205.0
1920 1856 101.0
1856 1920 101.0
1920 1888 101.0
1888 1920 101.0
1920 1904 104.0
1904 1920 104.0
1920 1912 103.0
1912 1920 103.0
1920 1916 101.0
1916 1920 101.0
1920 1918 109.0
1918 1920 109.0
1920 1919 109.0
1919 1920 109.0
1921 897 205.0
897 1921 205.0
1921 1409 103.0
1409 1921 103.0
1921 1665 101.0
1665 1921 101.0
1921 1793 102.0
1793 1921 102.0
1922 898 109.0
898 1922 109.0
1922 1410 204.0
1410 1922 204.0
1922 1666 103.0
1666 1922 103.0
1922 1794 101.0
1794 1922 101.0
1922 1921 102.0
1921 1922 102.0
1923 899 102.0
899 1923 102.0
1923 1411 106.0
1411 1923 106.0
1923 1667 106.0
1667 1923 106.0
1923 1795 107.0
1795 1923 107.0
1923 1921 105.0
1921 1923 105.0
1924 900 107.0
900 1924 107.0
1924 1412 108.0
1412 1924 108.0
1924 1668 106.0
1668 1924 106.0
1924 1796 108.0
1796 1924 108.0
1924 1922 107.0
1922 1924 107.0
1924 1923 110.0
1923 1924 110.0
1925 901 109.0
901 1925 109.0
1925 1413 101.0
1413 1925 101.0
1925 1669 106.0
1669 1925 106.0
1925 1797 205.0
1797 1925 205.0
1925 1921 101.0
1921 1925 101.0
1926 902 101.0
902 1926 101.0
1926 1414 103.0
1414 1926 103.0
1926 1670 105.0
1670 1926 105.0
1926 1798 109.0
1798 1926 109.0
1926 1922 104.0
1922 1926 104.0
1926 1925 110.0
1925 1926 110.0
1927 903 106.0
903 1927 106.0
1927 1415 204.0
1415 1927 204.0
1927 1671 204.0
1671 1927 204.0
1927 1799 108.0
1799 1927 108.0
1927 1923 107.0
1923 1927 107.0
1927 1925 110.0
1925 1927 110.0
1928 904 109.0
904 1928 109.0
1928 1416 108.0
1416 1928 108.0
1928 1672 108.0
1672 1928 108.0
1928 1800 102.0
1800 1928 102.0
1928 1924 103.0
1924 1928 103.0
1928 1926 101.0
1926 1928 101.0
1928 1927 105.0
1927 1928 105.0
1929 905 109.0
905 1929 109.0
1929 1417 101.0
1417 1929 101.0
1929 1673 110.0
1673 1929 110.0
1929 1801 102.0
1801 1929 102.0
1929 1921 106.0
1921 1929 106.0
1930 906 107.0
906 1930 107.0
1930 1418 106.0
1418 1930 106.0
1930 1674 102.0
1674 1930 102.0
1930 1802 101.0
1802 1930 101.0
1930 1922 104.0
1922 1930 104.0
1930 1929 101.0
1929 1930 101.0
1931 907 107.0
907 1931 107.0
1931 1419 210.0
1419 1931 210.0
1931 1675 203.0
1675 1931 203.0
1931 1803 103.0
1803 1931 103.0
1931 1923 101.0
1923 1931 101.0
1931 1929 110.0
1929 1931 110.0
1932 908 103.0
908 1932 103.0
1932 1420 103.0
1420 1932 103.0
1932 1676 106.0
1676 1932 106.0
1932 1804 203.0
1804 1932 203.0
1932 1924 102.0
1924 1932 102.0
1932 1930 110.0
1930 1932 110.0
1932 1931 102.0
1931 1932 102.0
1933 909 104.0
909 1933 104.0
1933 1421 102.0
1421 1933 102.0
1933 1677 103.0
1677 1933 103.0
1933 1805 202.0
1805 1933 202.0
1933 1925 107.0
1925 1933 107.0
1933 1929 102.0
1929 1933 102.0
1934 910 202.0
910 1934 202.0
1934 1422 203.0
1422 1934 203.0
1934 1678 202.0
1678 1934 202.0
1934 1806 201.0
1806 1934 201.0
1934 1926 204.0
1926 1934 204.0
1934 1930 207.0
1930 1934 207.0
1934 1933 202.0
1933 1934 202.0
1935 911 202.0
911 1935 202.0
1935 1423 104.0
1423 1935 104.0
1935 1679 104.0
1679 1935 104.0
1935 1807 107.0
1807 1935 107.0
1935 1927 108.0
1927 1935 108.0
1935 1931 109.0
1931 1935 109.0
1935 1933 104.0
1933 1935 104.0
1936 912 102.0
912 1936 102.0
1936 1424 103.0
1424 1936 103.0
1936 1680 110.0
1680 1936 110.0
1936 1808 102.0
1808 1936 102.0
1936 1928 102.0
1928 1936 102.0
1936 1932 108.0
1932 1936 108.0
1936 1934 209.0
1934 1936 209.0
1936 1935 110.0
1935 1936 110.0
1937 913 103.0
913 1937 103.0
1937 1425 103.0
1425 1937 103.0
1937 1681 203.0
1681 1937 203.0
1937 1809 107.0
1809 1937 107.0
1937 1921 109.0
1921 1937 109.0
1938 914 110.0
914 1938 110.0
1938 1426 109.0
1426 1938 109.0
1938 1682 102.0
1682 1938 102.0
1938 1810 208.0
1810 1938 208.0
1938 1922 102.0
1922 1938 102.0
1938 1937 105.0
1937 1938 105.0
1939 915 209.0
915 1939 209.0
1939 1427 109.0
1427 1939 109.0
1939 1683 109.0
1683 1939 109.0
1939 1811 107.0
1811 1939 107.0
1939 1923 107.0
1923 1939 107.0
1939 1937 106.0
1937 1939 106.0
1940 916 110.0
916 1940 110.0
1940 1428 102.0
1428 1940 102.0
1940 1684 109.0
1684 1940 109.0
1940 1812 104.0
1812 1940 104.0
1940 1924 108.0
1924 1940 108.0
1940 1938 108.0
1938 1940 108.0
1940 1939 106.0
1939 1940 106.0
1941 917 108.0
917 1941 108.0
1941 1429 108.0
1429 1941 108.0
1941 1685 108.0
1685 1941 108.0
1941 1813 110.0
1813 1941 110.0
1941 1925 103.0
1925 1941 103.0
1941 1937 104.0
1937 1941 104.0
1942 918 203.0
918 1942 203.0
1942 1430 104.0
1430 1942 104.0
1942 1686 109.0
1686 1942 109.0
1942 1814 110.0
1814 1942 110.0
1942 1926 105.0
1926 1942 105.0
1942 1938 102.0
1938 1942 102.0
1942 1941 110.0
1941 1942 110.0
1943 919 207.0
919 1943 207.0
1943 1431 109.0
1431 1943 109.0
1943 1687 106.0
1687 1943 106.0
1943 1815 102.0
1815 1943 102.0
1943 1927 108.0
1927 1943 108.0
1943 1939 104.0
1939 1943 104.0
1943 1941 107.0
1941 1943 107.0
1944 920 107.0
920 1944 107.0
1944 1432 107.0
1432 1944 107.0
1944 1688 108.0
1688 1944 108.0
1944 1816 102.0
1816 1944 102.0
1944 1928 105.0
1928 1944 105.0
1944 1940 102.0
1940 1944 102.0
1944 1942 107.0
1942 1944 107.0
1944 1943 110.0
1943 1944 110.0
1945 921 104.0
921 1945 104.0
1945 1433 103.0
1433 1945 103.0
1945 1689 103.0
1689 1945 103.0
1945 1817 107.0
1817 1945 107.0
1945 1929 107.0
1929 1945 107.0
1945 1937 106.0
1937 1945 106.0
1946 922 207.0
922 1946 207.0
1946 1434 208.0
1434 1946 208.0
1946 1690 207.0
1690 1946 207.0
1946 1818 202.0
1818 1946 202.0
1946 1930 208.0
1930 1946 208.0
1946 1938 206.0
1938 1946 206.0
1946 1945 203.0
1945 1946 203.0
1947 923 104.0
923 1947 104.0
1947 1435 203.0
1435 1947 203.0
1947 1691 104.0
1691 1947 104.0
1947 1819 107.0
1819 1947 107.0
1947 1931 107.0
1931 1947 107.0
1947 1939 104.0
1939 1947 104.0
1947 1945 109.0
1945 1947 109.0
1948 924 108.0
924 1948 108.0
1948 1436 102.0
1436 1948 102.0
1948 1692 102.0
1692 1948 102.0
1948 1820 106.0
1820 1948 106.0
1948 1932 106.0
1932 1948 106.0
1948 1940 103.0
1940 1948 103.0
1948 1946 207.0
1946 1948 207.0
1948 1947 101.0
1947 1948 101.0
1949 925 109.0
925 1949 109.0
1949 1437 106.0
1437 1949 106.0
1949 1693 104.0
1693 1949 104.0
1949 1821 204.0
1821 1949 204.0
1949 1933 105.0
1933 1949 105.0
1949 1941 106.0
1941 1949 106.0
1949 1945 106.0
1945 1949 106.0
1950 926 104.0
926 1950 104.0
1950 1438 106.0
1438 1950 106.0
1950 1694 103.0
1694 1950 103.0
1950 1822 110.0
1822 1950 110.0
1950 1934 204.0
1934 1950 204.0
1950 1942 106.0
1942 1950 106.0
1950 1946 201.0
1946 1950 201.0
1950 1949 103.0
1949 1950 103.0
1951 927 105.0
927 1951 105.0
1951 1439 107.0
1439 1951 107.0
1951 1695 201.0
1695 1951 201.0
1951 1823 107.0
1823 1951 107.0
1951 1935 105.0
1935 1951 105.0
1951 1943 104.0
1943 1951 104.0
1951 1947 102.0
1947 1951 102.0
1951 1949 103.0
1949 1951 103.0
1952 928 101.0
928 1952 101.0
1952 1440 101.0
1440 1952 101.0
1952 1696 106.0
1696 1952 106.0
1952 1824 102.0
1824 1952 102.0
1952 1936 103.0
1936 1952 103.0
1952 1944 107.0
1944 1952 107.0
1952 1948 104.0
1948 1952 104.0
1952 1950 108.0
1950 1952 108.0
1952 1951 107.0
1951 1952 107.0
1953 929 107.0
929 1953 107.0
1953 1441 102.0
1441 1953 102.0
1953 1697 101.0
1697 1953 101.0
1953 1825 107.0
1825 1953 107.0
1953 1921 106.0
1921 1953 106.0
1954 930 209.0
930 1954 209.0
1954 1442 108.0
1442 1954 108.0
1954 1698 102.0
1698 1954 102.0
1954 1826 106.0
1826 1954 106.0
1954 1922 107.0
1922 1954 107.0
1954 1953 101.0
1953 1954 101.0
1955 931 110.0
931 1955 110.0
1955 1443 107.0
1443 1955 107.0
1955 1699 103.0
1699 1955 103.0
1955 1827 201.0
1827 1955 201.0
1955 1923 101.0
1923 1955 101.0
1955 1953 110.0
1953 1955 110.0
1956 932 104.0
932 1956 104.0
1956 1444 103.0
1444 1956 103.0
1956 1700 105.0
1700 1956 105.0
1956 1828 103.0
1828 1956 103.0
1956 1924 105.0
1924 1956 105.0
1956 1954 103.0
1954 1956 103.0
1956 1955 108.0
1955 1956 108.0
1957 933 110.0
933 1957 110.0
1957 1445 108.0
1445 1957 108.0
1957 1701 109.0
1701 1957 109.0
1957 1829 102.0
1829 1957 102.0
1957 1925 108.0
1925 1957 108.0
1957 1953 107.0
1953 1957 107.0
1958 934 102.0
934 1958 102.0
1958 1446 110.0
1446 1958 110.0
1958 1702 107.0
1702 1958 107.0
1958 1830 202.0
1830 1958 202.0
1958 1926 103.0
1926 1958 103.0
1958 1954 103.0
1954 1958 103.0
1958 1957 105.0
1957 1958 105.0
1959 935 101.0
935 1959 101.0
1959 1447 110.0
1447 1959 110.0
1959 1703 104.0
1703 1959 104.0
1959 1831 108.0
1831 1959 108.0
1959 1927 104.0
1927 1959 104.0
1959 1955 106.0
1955 1959 106.0
1959 1957 103.0
1957 1959 103.0
1960 936 207.0
936 1960 207.0
1960 1448 201.0
1448 1960 201.0
1960 1704 205.0
1704 1960 205.0
1960 1832 209.0
1832 1960 209.0
1960 1928 210.0
1928 1960 210.0
1960 1956 208.0
1956 1960 208.0
1960 1958 204.0
1958 1960 204.0
1960 1959 202.0
1959 1960 202.0
1961 937 202.0
937 1961 202.0
1961 1449 202.0
1449 1961 202.0
1961 1705 202.0
1705 1961 202.0
1961 1833 206.0
1833 1961 206.0
1961 1929 210.0
1929 1961 210.0
1961 1953 202.0
1953 1961 202.0
1962 938 106.0
938 1962 106.0
1962 1450 102.0
1450 1962 102.0
1962 1706 210.0
1706 1962 210.0
1962 1834 103.0
1834 1962 103.0
1962 1930 108.0
1930 1962 108.0
1962 1954 104.0
1954 1962 104.0
1962 1961 203.0
1961 1962 203.0
1963 939 102.0
939 1963 102.0
1963 1451 109.0
1451 1963 109.0
1963 1707 109.0
1707 1963 109.0
1963 1835 103.0
1835 1963 103.0
1963 1931 107.0
1931 1963 107.0
1963 1955 108.0
1955 1963 108.0
1963 1961 203.0
1961 1963 203.0
1964 940 110.0
940 1964 110.0
1964 1452 101.0
1452 1964 101.0
1964 1708 103.0
1708 1964 103.0
1964 1836 202.0
1836 1964 202.0
1964 1932 101.0
1932 1964 101.0
1964 1956 105.0
1956 1964 105.0
1964 1962 109.0
1962 1964 109.0
1964 1963 101.0
1963 1964 101.0
1965 941 107.0
941 1965 107.0
1965 1453 109.0
1453 1965 109.0
1965 1709 105.0
1709 1965 105.0
1965 1837 110.0
1837 1965 110.0
1965 1933 101.0
1933 1965 101.0
1965 1957 109.0
1957 1965 109.0
1965 1961 210.0
1961 1965 210.0
1966 942 101.0
942 1966 101.0
1966 1454 205.0
1454 1966 205.0
1966 1710 109.0
1710 1966 109.0
1966 1838 104.0
1838 1966 104.0
1966 1934 203.0
1934 1966 203.0
1966 1958 101.0
1958 1966 101.0
1966 1962 101.0
1962 1966 101.0
1966 1965 103.0
1965 1966 103.0
1967 943 105.0
943 1967 105.0
1967 1455 102.0
1455 1967 102.0
1967 1711 104.0
1711 1967 104.0
1967 1839 110.0
1839 1967 110.0
1967 1935 104.0
1935 1967 104.0
1967 1959 107.0
1959 1967 107.0
1967 1963 110.0
1963 1967 110.0
1967 1965 109.0
1965 1967 109.0
1968 944 101.0
944 1968 101.0
1968 1456 104.0
1456 1968 104.0
1968 1712 102.0
1712 1968 102.0
1968 1840 101.0
1840 1968 101.0
1968 1936 110.0
1936 1968 110.0
1968 1960 205.0
1960 1968 205.0
1968 1964 105.0
1964 1968 105.0
1968 1966 110.0
1966 1968 110.0
1968 1967 106.0
1967 1968 106.0
1969 945 108.0
945 1969 108.0
1969 1457 102.0
1457 1969 102.0
1969 1713 101.0
1713 1969 101.0
1969 1841 106.0
1841 1969 106.0
1969 1937 108.0
1937 1969 108.0
1969 1953 104.0
1953 1969 104.0
1970 946 103.0
946 1970 103.0
1970 1458 108.0
1458 1970 108.0
1970 1714 101.0
1714 1970 101.0
1970 1842 106.0
1842 1970 106.0
1970 1938 102.0
1938 1970 102.0
1970 1954 105.0
1954 1970 105.0
1970 1969 104.0
1969 1970 104.0
1971 947 107.0
947 1971 107.0
1971 1459 110.0
1459 1971 110.0
1971 1715 102.0
1715 1971 102.0
1971 1843 108.0
1843 1971 108.0
1971 1939 105.0
1939 1971 105.0
1971 1955 101.0
1955 1971 101.0
1971 1969 105.0
1969 1971 105.0
1972 948 102.0
948 1972 102.0
1972 1460 204.0
1460 1972 204.0
1972 1716 207.0
1716 1972 207.0
1972 1844 101.0
1844 1972 101.0
1972 1940 105.0
1940 1972 105.0
1972 1956 106.0
1956 1972 106.0
1972 1970 103.0
1970 1972 103.0
1972 1971 106.0
1971 1972 106.0
1973 949 204.0
949 1973 204.0
1973 1461 203.0
1461 1973 203.0
1973 1717 302.0
1717 1973 302.0
1973 1845 202.0
1845 1973 202.0
1973 1941 205.0
1941 1973 205.0
1973 1957 204.0
1957 1973 204.0
1973 1969 202.0
1969 1973 202.0
1974 950 104.0
950 1974 104.0
1974 1462 108.0
1462 1974 108.0
1974 1718 110.0
1718 1974 110.0
1974 1846 107.0
1846 1974 107.0
1974 1942 106.0
1942 1974 106.0
1974 1958 101.0
1958 1974 101.0
1974 1970 105.0
1970 1974 105.0
1974 1973 201.0
1973 1974 201.0
1975 951 103.0
951 1975 103.0
1975 1463 110.0
1463 1975 110.0
1975 1719 101.0
1719 1975 101.0
1975 1847 107.0
1847 1975 107.0
1975 1943 108.0
1943 1975 108.0
1975 1959 103.0
1959 1975 103.0
1975 1971 110.0
1971 1975 110.0
1975 1973 206.0
1973 1975 206.0
1976 952 104.0
952 1976 104.0
1976 1464 106.0
1464 1976 106.0
1976 1720 109.0
1720 1976 109.0
1976 1848 104.0
1848 1976 104.0
1976 1944 101.0
1944 1976 101.0
1976 1960 202.0
1960 1976 202.0
1976 1972 107.0
1972 1976 107.0
1976 1974 104.0
1974 1976 104.0
1976 1975 102.0
1975 1976 102.0
1977 953 105.0
953 1977 105.0
1977 1465 109.0
1465 1977 109.0
1977 1721 107.0
1721 1977 107.0
1977 1849 105.0
1849 1977 105.0
1977 1945 101.0
1945 1977 101.0
1977 1961 209.0
1961 1977 209.0
1977 1969 101.0
1969 1977 101.0
1978 954 109.0
954 1978 109.0
1978 1466 107.0
1466 1978 107.0
1978 1722 107.0
1722 1978 107.0
1978 1850 109.0
1850 1978 109.0
1978 1946 201.0
1946 1978 201.0
1978 1962 107.0
1962 1978 107.0
1978 1970 104.0
1970 1978 104.0
1978 1977 108.0
1977 1978 108.0
1979 955 205.0
955 1979 205.0
1979 1467 107.0
1467 1979 107.0
1979 1723 101.0
1723 1979 101.0
1979 1851 108.0
1851 1979 108.0
1979 1947 110.0
1947 1979 110.0
1979 1963 104.0
1963 1979 104.0
1979 1971 106.0
1971 1979 106.0
1979 1977 104.0
1977 1979 104.0
1980 956 101.0
956 1980 101.0
1980 1468 109.0
1468 1980 109.0
1980 1724 104.0
1724 1980 104.0
1980 1852 109.0
1852 1980 109.0
1980 1948 108.0
1948 1980 108.0
1980 1964 106.0
1964 1980 106.0
1980 1972 104.0
1972 1980 104.0
1980 1978 103.0
1978 1980 103.0
1980 1979 108.0
1979 1980 108.0
1981 957 107.0
957 1981 107.0
1981 1469 109.0
1469 1981 109.0
1981 1725 105.0
1725 1981 105.0
1981 1853 107.0
1853 1981 107.0
1981 1949 107.0
1949 1981 107.0
1981 1965 107.0
1965 1981 107.0
1981 1973 208.0
1973 1981 208.0
1981 1977 108.0
1977 1981 108.0
1982 958 102.0
958 1982 102.0
1982 1470 110.0
1470 1982 110.0
1982 1726 110.0
1726 1982 110.0
1982 1854 102.0
1854 1982 102.0
1982 1950 103.0
1950 1982 103.0
1982 1966 109.0
1966 1982 109.0
1982 1974 102.0
1974 1982 102.0
1982 1978 110.0
1978 1982 110.0
1982 1981 103.0
1981 1982 103.0
1983 959 107.0
959 1983 107.0
1983 1471 103.0
1471 1983 103.0
1983 1727 105.0
1727 1983 105.0
1983 1855 202.0
1855 1983 202.0
1983 1951 105.0
1951 1983 105.0
1983 1967 109.0
1967 1983 109.0
1983 1975 104.0
1975 1983 104.0
1983 1979 106.0
1979 1983 106.0
1983 1981 108.0
1981 1983 108.0
1984 960 209.0
960 1984 209.0
1984 1472 205.0
1472 1984 205.0
1984 1728 207.0
1728 1984 207.0
1984 1856 210.0
1856 1984 210.0
1984 1952 204.0
1952 1984 204.0
1984 1968 202.0
1968 1984 202.0
1984 1976 209.0
1976 1984 209.0
1984 1980 201.0
1980 1984 201.0
1984 1982 207.0
1982 1984 207.0
1984 1983 204.0
1983 1984 204.0
1985 961 207.0
961 1985 207.0
1985 1473 206.0
1473 1985 206.0
1985 1729 204.0
1729 1985 204.0
1985 1857 307.0
1857 1985 307.0
1985 1921 204.0
1921 1985 204.0
1986 962 105.0
962 1986 105.0
1986 1474 105.0
1474 1986 105.0
1986 1730 104.0
1730 1986 104.0
1986 1858 107.0
1858 1986 107.0
1986 1922 104.0
1922 1986 104.0
1986 1985 202.0
1985 1986 202.0
1987 963 110.0
963 1987 110.0
1987 1475 109.0
1475 1987 109.0
1987 1731 106.0
1731 1987 106.0
1987 1859 205.0
1859 1987 205.0
1987 1923 106.0
1923 1987 106.0
1987 1985 209.0
1985 1987 209.0
1988 964 210.0
964 1988 210.0
1988 1476 208.0
1476 1988 208.0
1988 1732 310.0
1732 1988 310.0
1988 1860 204.0
1860 1988 204.0
1988 1924 205.0
1924 1988 205.0
1988 1986 210.0
1986 1988 210.0
1988 1987 202.0
1987 1988 202.0
1989 965 106.0
965 1989 106.0
1989 1477 109.0
1477 1989 109.0
1989 1733 110.0
1733 1989 110.0
1989 1861 104.0
1861 1989 104.0
1989 1925 105.0
1925 1989 105.0
1989 1985 210.0
1985 1989 210.0
1990 966 104.0
966 1990 104.0
1990 1478 104.0
1478 1990 104.0
1990 1734 205.0
1734 1990 205.0
1990 1862 103.0
1862 1990 103.0
1990 1926 109.0
1926 1990 109.0
1990 1986 102.0
1986 1990 102.0
1990 1989 107.0
1989 1990 107.0
1991 967 106.0
967 1991 106.0
1991 1479 110.0
1479 1991 110.0
1991 1735 108.0
1735 1991 108.0
1991 1863 106.0
1863 1991 106.0
1991 1927 101.0
1927 1991 101.0
1991 1987 106.0
1987 1991 106.0
1991 1989 102.0
1989 1991 102.0
1992 968 105.0
968 1992 105.0
1992 1480 103.0
1480 1992 103.0
1992 1736 103.0
1736 1992 103.0
1992 1864 206.0
1864 1992 206.0
1992 1928 105.0
1928 1992 105.0
1992 1988 204.0
1988 1992 204.0
1992 1990 107.0
1990 1992 107.0
1992 1991 106.0
1991 1992 106.0
1993 969 101.0
969 1993 101.0
1993 1481 109.0
1481 1993 109.0
1993 1737 102.0
1737 1993 102.0
1993 1865 105.0
1865 1993 105.0
1993 1929 107.0
1929 1993 107.0
1993 1985 202.0
1985 1993 202.0
1994 970 209.0
970 1994 209.0
1994 1482 107.0
1482 1994 107.0
1994 1738 103.0
1738 1994 103.0
1994 1866 107.0
1866 1994 107.0
1994 1930 101.0
1930 1994 101.0
1994 1986 108.0
1986 1994 108.0
1994 1993 110.0
1993 1994 110.0
1995 971 109.0
971 1995 109.0
1995 1483 108.0
1483 1995 108.0
1995 1739 106.0
1739 1995 106.0
1995 1867 104.0
1867 1995 104.0
1995 1931 110.0
1931 1995 110.0
1995 1987 109.0
1987 1995 109.0
1995 1993 110.0
1993 1995 110.0
1996 972 104.0
972 1996 104.0
1996 1484 102.0
1484 1996 102.0
1996 1740 110.0
1740 1996 110.0
1996 1868 204.0
1868 1996 204.0
1996 1932 105.0
1932 1996 105.0
1996 1988 201.0
1988 1996 201.0
1996 1994 107.0
1994 1996 107.0
1996 1995 104.0
1995 1996 104.0
1997 973 108.0
973 1997 108.0
1997 1485 107.0
1485 1997 107.0
1997 1741 110.0
1741 1997 110.0
1997 1869 102.0
1869 1997 102.0
1997 1933 110.0
1933 1997 110.0
1997 1989 105.0
1989 1997 105.0
1997 1993 108.0
1993 1997 108.0
1998 974 104.0
974 1998 104.0
1998 1486 105.0
1486 1998 105.0
1998 1742 110.0
1742 1998 110.0
1998 1870 105.0
1870 1998 105.0
1998 1934 202.0
1934 1998 202.0
1998 1990 110.0
1990 1998 110.0
1998 1994 102.0
1994 1998 102.0
1998 1997 101.0
1997 1998 101.0
1999 975 108.0
975 1999 108.0
1999 1487 109.0
1487 1999 109.0
1999 1743 108.0
1743 1999 108.0
1999 1871 106.0
1871 1999 106.0
1999 1935 107.0
1935 1999 107.0
1999 1991 101.0
1991 1999 101.0
1999 1995 101.0
1995 1999 101.0
1999 1997 101.0
1997 1999 101.0
2000 976 105.0
976 2000 105.0
2000 1488 208.0
1488 2000 208.0
2000 1744 110.0
1744 2000 110.0
2000 1872 107.0
1872 2000 107.0
2000 1936 106.0
1936 2000 106.0
2000 1992 108.0
1992 2000 108.0
2000 1996 103.0
1996 2000 103.0
2000 1998 108.0
1998 2000 108.0
2000 1999 105.0
1999 2000 105.0
2001 977 109.0
977 2001 109.0
2001 1489 104.0
1489 2001 104.0
2001 1745 207.0
1745 2001 207.0
2001 1873 101.0
1873 2001 101.0
2001 1937 109.0
1937 2001 109.0
2001 1985 208.0
1985 2001 208.0
2002 978 107.0
978 2002 107.0
2002 1490 105.0
1490 2002 105.0
2002 1746 106.0
1746 2002 106.0
2002 1874 108.0
1874 2002 108.0
2002 1938 110.0
1938 2002 110.0
2002 1986 106.0
1986 2002 106.0
2002 2001 107.0
2001 2002 107.0
2003 979 103.0
979 2003 103.0
2003 1491 101.0
1491 2003 101.0
2003 1747 101.0
1747 2003 101.0
2003 1875 103.0
1875 2003 103.0
2003 1939 101.0
1939 2003 101.0
2003 1987 106.0
1987 2003 106.0
2003 2001 107.0
2001 2003 107.0
2004 980 110.0
980 2004 110.0
2004 1492 107.0
1492 2004 107.0
2004 1748 101.0
1748 2004 101.0
2004 1876 108.0
1876 2004 108.0
2004 1940 104.0
1940 2004 104.0
2004 1988 207.0
1988 2004 207.0
2004 2002 101.0
2002 2004 101.0
2004 2003 104.0
2003 2004 104.0
2005 981 201.0
981 2005 201.0
2005 1493 204.0
1493 2005 204.0
2005 1749 103.0
1749 2005 103.0
2005 1877 102.0
1877 2005 102.0
2005 1941 102.0
1941 2005 102.0
2005 1989 102.0
1989 2005 102.0
2005 2001 108.0
2001 2005 108.0
2006 982 105.0
982 2006 105.0
2006 1494 206.0
1494 2006 206.0
2006 1750 107.0
1750 2006 107.0
2006 1878 101.0
1878 2006 101.0
2006 1942 101.0
1942 2006 101.0
2006 1990 110.0
1990 2006 110.0
2006 2002 110.0
2002 2006 110.0
2006 2005 108.0
2005 2006 108.0
2007 983 104.0
983 2007 104.0
2007 1495 103.0
1495 2007 103.0
2007 1751 103.0
1751 2007 103.0
2007 1879 109.0
1879 2007 109.0
2007 1943 110.0
1943 2007 110.0
2007 1991 101.0
1991 2007 101.0
2007 2003 107.0
2003 2007 107.0
2007 2005 101.0
2005 2007 101.0
2008 984 206.0
984 2008 206.0
2008 1496 201.0
1496 2008 201.0
2008 1752 201.0
1752 2008 201.0
2008 1880 104.0
1880 2008 104.0
2008 1944 102.0
1944 2008 102.0
2008 1992 105.0
1992 2008 105.0
2008 2004 110.0
2004 2008 110.0
2008 2006 104.0
2006 2008 104.0
2008 2007 108.0
2007 2008 108.0
2009 985 104.0
985 2009 104.0
2009 1497 107.0
1497 2009 107.0
2009 1753 206.0
1753 2009 206.0
2009 1881 109.0
1881 2009 109.0
2009 1945 104.0
1945 2009 104.0
2009 1993 105.0
1993 2009 105.0
2009 2001 105.0
2001 2009 105.0
2010 986 109.0
986 2010 109.0
2010 1498 106.0
1498 2010 106.0
2010 1754 101.0
1754 2010 101.0
2010 1882 107.0
1882 2010 107.0
2010 1946 201.0
1946 2010 201.0
2010 1994 106.0
1994 2010 106.0
2010 2002 109.0
2002 2010 109.0
2010 2009 109.0
2009 2010 109.0
2011 987 107.0
987 2011 107.0
2011 1499 101.0
1499 2011 101.0
2011 1755 204.0
1755 2011 204.0
2011 1883 105.0
1883 2011 105.0
2011 1947 110.0
1947 2011 110.0
2011 1995 103.0
1995 2011 103.0
2011 2003 107.0
2003 2011 107.0
2011 2009 108.0
2009 2011 108.0
2012 988 207.0
988 2012 207.0
2012 1500 208.0
1500 2012 208.0
2012 1756 201.0
1756 2012 201.0
2012 1884 202.0
1884 2012 202.0
2012 1948 203.0
1948 2012 203.0
2012 1996 202.0
1996 2012 202.0
2012 2004 204.0
2004 2012 204.0
2012 2010 207.0
2010 2012 207.0
2012 2011 205.0
2011 2012 205.0
2013 989 103.0
989 2013 103.0
2013 1501 108.0
1501 2013 108.0
2013 1757 105.0
1757 2013 105.0
2013 1885 103.0
1885 2013 103.0
2013 1949 108.0
1949 2013 108.0
2013 1997 104.0
1997 2013 104.0
2013 2005 101.0
2005 2013 101.0
2013 2009 106.0
2009 2013 106.0
2014 990 101.0
990 2014 101.0
2014 1502 107.0
1502 2014 107.0
2014 1758 101.0
1758 2014 101.0
2014 1886 207.0
1886 2014 207.0
2014 1950 106.0
1950 2014 106.0
2014 1998 107.0
1998 2014 107.0
2014 2006 104.0
2006 2014 104.0
2014 2010 106.0
2010 2014 106.0
2014 2013 104.0
2013 2014 104.0
2015 991 209.0
991 2015 209.0
2015 1503 207.0
1503 2015 207.0
2015 1759 205.0
1759 2015 205.0
2015 1887 209.0
1887 2015 209.0
2015 1951 208.0
1951 2015 208.0
2015 1999 208.0
1999 2015 208.0
2015 2007 201.0
2007 2015 201.0
2015 2011 204.0
2011 2015 204.0
2015 2013 207.0
2013 2015 207.0
2016 992 106.0
992 2016 106.0
2016 1504 210.0
1504 2016 210.0
2016 1760 110.0
1760 2016 110.0
2016 1888 105.0
1888 2016 105.0
2016 1952 104.0
1952 2016 104.0
2016 2000 110.0
2000 2016 110.0
2016 2008 105.0
2008 2016 105.0
2016 2012 207.0
2012 2016 207.0
2016 2014 105.0
2014 2016 105.0
2016 2015 209.0
2015 2016 209.0
2017 993 104.0
993 2017 104.0
2017 1505 110.0
1505 2017 110.0
2017 1761 110.0
1761 2017 110.0
2017 1889 109.0
1889 2017 109.0
2017 1953 108.0
1953 2017 108.0
2017 1985 201.0
1985 2017 201.0
2018 994 105.0
994 2018 105.0
2018 1506 101.0
1506 2018 101.0
2018 1762 106.0
1762 2018 106.0
2018 1890 106.0
1890 2018 106.0
2018 1954 108.0
1954 2018 108.0
2018 1986 106.0
1986 2018 106.0
2018 2017 103.0
2017 2018 103.0
2019 995 110.0
995 2019 110.0
2019 1507 206.0
1507 2019 206.0
2019 1763 104.0
1763 2019 104.0
2019 1891 102.0
1891 2019 102.0
2019 1955 105.0
1955 2019 105.0
2019 1987 102.0
1987 2019 102.0
2019 2017 110.0
2017 2019 110.0
2020 996 101.0
996 2020 101.0
2020 1508 109.0
1508 2020 109.0
2020 1764 109.0
1764 2020 109.0
2020 1892 108.0
1892 2020 108.0
2020 1956 104.0
1956 2020 104.0
2020 1988 203.0
1988 2020 203.0
2020 2018 102.0
2018 2020 102.0
2020 2019 104.0
2019 2020 104.0
2021 997 106.0
997 2021 106.0
2021 1509 104.0
1509 2021 104.0
2021 1765 104.0
1765 2021 104.0
2021 1893 101.0
1893 2021 101.0
2021 1957 104.0
1957 2021 104.0
2021 1989 105.0
1989 2021 105.0
2021 2017 110.0
2017 2021 110.0
2022 998 208.0
998 2022 208.0
2022 1510 203.0
1510 2022 203.0
2022 1766 201.0
1766 2022 201.0
2022 1894 205.0
1894 2022 205.0
2022 1958 204.0
1958 2022 204.0
2022 1990 209.0
1990 2022 209.0
2022 2018 209.0
2018 2022 209.0
2022 2021 202.0
2021 2022 202.0
2023 999 205.0
999 2023 205.0
2023 1511 105.0
1511 2023 105.0
2023 1767 110.0
1767 2023 110.0
2023 1895 105.0
1895 2023 105.0
2023 1959 104.0
1959 2023 104.0
2023 1991 106.0
1991 2023 106.0
2023 2019 105.0
2019 2023 105.0
2023 2021 106.0
2021 2023 106.0
2024 1000 104.0
1000 2024 104.0
2024 1512 109.0
1512 2024 109.0
2024 1768 109.0
1768 2024 109.0
2024 1896 107.0
1896 2024 107.0
2024 1960 209.0
1960 2024 209.0
2024 1992 105.0
1992 2024 105.0
2024 2020 107.0
2020 2024 107.0
2024 2022 208.0
2022 2024 208.0
2024 2023 110.0
2023 2024 110.0
2025 1001 102.0
1001 2025 102.0
2025 1513 204.0
1513 2025 204.0
2025 1769 104.0
1769 2025 104.0
2025 1897 109.0
1897 2025 109.0
2025 1961 208.0
1961 2025 208.0
2025 1993 108.0
1993 2025 108.0
2025 2017 103.0
2017 2025 103.0
2026 1002 101.0
1002 2026 101.0
2026 1514 104.0
1514 2026 104.0
2026 1770 202.0
1770 2026 202.0
2026 1898 210.0
1898 2026 210.0
2026 1962 110.0
1962 2026 110.0
2026 1994 107.0
1994 2026 107.0
2026 2018 108.0
2018 2026 108.0
2026 2025 103.0
2025 2026 103.0
2027 1003 203.0
1003 2027 203.0
2027 1515 201.0
1515 2027 201.0
2027 1771 102.0
1771 2027 102.0
2027 1899 106.0
1899 2027 106.0
2027 1963 101.0
1963 2027 101.0
2027 1995 110.0
1995 2027 110.0
2027 2019 108.0
2019 2027 108.0
2027 2025 109.0
2025 2027 109.0
2028 1004 101.0
1004 2028 101.0
2028 1516 108.0
1516 2028 108.0
2028 1772 101.0
1772 2028 101.0
2028 1900 107.0
1900 2028 107.0
2028 1964 110.0
1964 2028 110.0
2028 1996 101.0
1996 2028 101.0
2028 2020 110.0
2020 2028 110.0
2028 2026 104.0
2026 2028 104.0
2028 2027 109.0
2027 2028 109.0
2029 1005 201.0
1005 2029 201.0
2029 1517 209.0
1517 2029 209.0
2029 1773 202.0
1773 2029 202.0
2029 1901 209.0
1901 2029 209.0
2029 1965 210.0
1965 2029 210.0
2029 1997 203.0
1997 2029 203.0
2029 2021 201.0
2021 2029 201.0
2029 2025 205.0
2025 2029 205.0
2030 1006 106.0
1006 2030 106.0
2030 1518 101.0
1518 2030 101.0
2030 1774 107.0
1774 2030 107.0
2030 1902 107.0
1902 2030 107.0
2030 1966 106.0
1966 2030 106.0
2030 1998 104.0
1998 2030 104.0
2030 2022 206.0
2022 2030 206.0
2030 2026 104.0
2026 2030 104.0
2030 2029 201.0
2029 2030 201.0
2031 1007 104.0
1007 2031 104.0
2031 1519 110.0
1519 2031 110.0
2031 1775 202.0
1775 2031 202.0
2031 1903 107.0
1903 2031 107.0
2031 1967 108.0
1967 2031 108.0
2031 1999 105.0
1999 2031 105.0
2031 2023 105.0
2023 2031 105.0
2031 2027 105.0
2027 2031 105.0
2031 2029 205.0
2029 2031 205.0
2032 1008 201.0
1008 2032 201.0
2032 1520 104.0
1520 2032 104.0
2032 1776 101.0
1776 2032 101.0
2032 1904 106.0
1904 2032 106.0
2032 1968 110.0
1968 2032 110.0
2032 2000 106.0
2000 2032 106.0
2032 2024 107.0
2024 2032 107.0
2032 2028 104.0
2028 2032 104.0
2032 2030 105.0
2030 2032 105.0
2032 2031 101.0
2031 2032 101.0
2033 1009 107.0
1009 2033 107.0
2033 1521 103.0
1521 2033 103.0
2033 1777 102.0
1777 2033 102.0
2033 1905 103.0
1905 2033 103.0
2033 1969 103.0
1969 2033 103.0
2033 2001 105.0
2001 2033 105.0
2033 2017 109.0
2017 2033 109.0
2034 1010 202.0
1010 2034 202.0
2034 1522 205.0
1522 2034 205.0
2034 1778 201.0
1778 2034 201.0
2034 1906 210.0
1906 2034 210.0
2034 1970 208.0
1970 2034 208.0
2034 2002 203.0
2002 2034 203.0
2034 2018 204.0
2018 2034 204.0
2034 2033 203.0
2033 2034 203.0
2035 1011 203.0
1011 2035 203.0
2035 1523 203.0
1523 2035 203.0
2035 1779 305.0
1779 2035 305.0
2035 1907 203.0
1907 2035 203.0
2035 1971 210.0
1971 2035 210.0
2035 2003 208.0
2003 2035 208.0
2035 2019 203.0
2019 2035 203.0
2035 2033 204.0
2033 2035 204.0
2036 1012 101.0
1012 2036 101.0
2036 1524 101.0
1524 2036 101.0
2036 1780 107.0
1780 2036 107.0
2036 1908 110.0
1908 2036 110.0
2036 1972 106.0
1972 2036 106.0
2036 2004 105.0
2004 2036 105.0
2036 2020 109.0
2020 2036 109.0
2036 2034 205.0
2034 2036 205.0
2036 2035 201.0
2035 2036 201.0
2037 1013 104.0
1013 2037 104.0
2037 1525 108.0
1525 2037 108.0
2037 1781 107.0
1781 2037 107.0
2037 1909 106.0
1909 2037 106.0
2037 1973 208.0
1973 2037 208.0
2037 2005 103.0
2005 2037 103.0
2037 2021 104.0
2021 2037 104.0
2037 2033 107.0
2033 2037 107.0
2038 1014 101.0
1014 2038 101.0
2038 1526 104.0
1526 2038 104.0
2038 1782 108.0
1782 2038 108.0
2038 1910 101.0
1910 2038 101.0
2038 1974 101.0
1974 2038 101.0
2038 2006 108.0
2006 2038 108.0
2038 2022 205.0
2022 2038 205.0
2038 2034 203.0
2034 2038 203.0
2038 2037 106.0
2037 2038 106.0
2039 1015 104.0
1015 2039 104.0
2039 1527 106.0
1527 2039 106.0
2039 1783 107.0
1783 2039 107.0
2039 1911 201.0
1911 2039 201.0
2039 1975 107.0
1975 2039 107.0
2039 2007 102.0
2007 2039 102.0
2039 2023 109.0
2023 2039 109.0
2039 2035 210.0
2035 2039 210.0
2039 2037 106.0
2037 2039 106.0
2040 1016 110.0
1016 2040 110.0
2040 1528 101.0
1528 2040 101.0
2040 1784 108.0
1784 2040 108.0
2040 1912 109.0
1912 2040 109.0
2040 1976 109.0
1976 2040 109.0
2040 2008 110.0
2008 2040 110.0
2040 2024 108.0
2024 2040 108.0
2040 2036 108.0
2036 2040 108.0
2040 2038 102.0
2038 2040 102.0
2040 2039 104.0
2039 2040 104.0
2041 1017 103.0
1017 2041 103.0
2041 1529 202.0
1529 2041 202.0
2041 1785 101.0
1785 2041 101.0
2041 1913 110.0
1913 2041 110.0
2041 1977 105.0
1977 2041 105.0
2041 2009 106.0
2009 2041 106.0
2041 2025 103.0
2025 2041 103.0
2041 2033 101.0
2033 2041 101.0
2042 1018 109.0
1018 2042 109.0
2042 1530 105.0
1530 2042 105.0
2042 1786 105.0
1786 2042 105.0
2042 1914 105.0
1914 2042 105.0
2042 1978 106.0
1978 2042 106.0
2042 2010 109.0
2010 2042 109.0
2042 2026 103.0
2026 2042 103.0
2042 2034 203.0
2034 2042 203.0
2042 2041 108.0
2041 2042 108.0
2043 1019 109.0
1019 2043 109.0
2043 1531 107.0
1531 2043 107.0
2043 1787 104.0
1787 2043 104.0
2043 1915 101.0
1915 2043 101.0
2043 1979 108.0
1979 2043 108.0
2043 2011 104.0
2011 2043 104.0
2043 2027 103.0
2027 2043 103.0
2043 2035 210.0
2035 2043 210.0
2043 2041 106.0
2041 2043 106.0
2044 1020 103.0
1020 2044 103.0
2044 1532 104.0
1532 2044 104.0
2044 1788 109.0
1788 2044 109.0
2044 1916 110.0
1916 2044 110.0
2044 1980 110.0
1980 2044 110.0
2044 2012 204.0
2012 2044 204.0
2044 2028 104.0
2028 2044 104.0
2044 2036 104.0
2036 2044 104.0
2044 2042 105.0
2042 2044 105.0
2044 2043 109.0
2043 2044 109.0
2045 1021 105.0
1021 2045 105.0
2045 1533 104.0
1533 2045 104.0
2045 1789 104.0
1789 2045 104.0
2045 1917 108.0
1917 2045 108.0
2045 1981 108.0
1981 2045 108.0
2045 2013 107.0
2013 2045 107.0
2045 2029 202.0
2029 2045 202.0
2045 2037 109.0
2037 2045 109.0
2045 2041 106.0
2041 2045 106.0
2046 1022 110.0
1022 2046 110.0
2046 1534 110.0
1534 2046 110.0
2046 1790 202.0
1790 2046 202.0
2046 1918 103.0
1918 2046 103.0
2046 1982 101.0
1982 2046 101.0
2046 2014 105.0
2014 2046 105.0
2046 2030 101.0
2030 2046 101.0
2046 2038 101.0
2038 2046 101.0
2046 2042 103.0
2042 2046 103.0
2046 2045 110.0
2045 2046 110.0
2047 1023 108.0
1023 2047 108.0
2047 1535 101.0
1535 2047 101.0
2047 1791 103.0
1791 2047 103.0
2047 1919 102.0
1919 2047 102.0
2047 1983 106.0
1983 2047 106.0
2047 2015 210.0
2015 2047 210.0
2047 2031 108.0
2031 2047 108.0
2047 2039 106.0
2039 2047 106.0
2047 2043 108.0
2043 2047 108.0
2047 2045 108.0
2045 2047 108.0
2048 1024 106.0
1024 2048 106.0
2048 1536 107.0
1536 2048 107.0
2048 1792 102.0
1792 2048 102.0
2048 1920 110.0
1920 2048 110.0
2048 1984 205.0
1984 2048 205.0
2048 2016 105.0
2016 2048 105.0
2048 2032 108.0
2032 2048 108.0
2048 2040 104.0
2040 2048 104.0
2048 2044 110.0
2044 2048 110.0
2048 2046 109.0
2046 2048 109.0
2048 2047 109.0
2047 2048 109.0
2049 1 104.0
1 2049 104.0
2050 2 108.0
2 2050 108.0
2050 2049 104.0
2049 2050 104.0
2051 3 104.0
3 2051 104.0
2051 2049 101.0
2049 2051 101.0
2052 4 106.0
4 2052 106.0
2052 2050 108.0
2050 2052 108.0
2052 2051 103.0
2051 2052 103.0
2053 5 208.0
5 2053 208.0
2053 2049 104.0
2049 2053 104.0
2054 6 107.0
6 2054 107.0
2054 2050 101.0
2050 2054 101.0
2054 2053 103.0
2053 2054 103.0
2055 7 105.0
7 2055 105.0
2055 2051 107.0
2051 2055 107.0
2055 2053 109.0
2053 2055 109.0
2056 8 101.0
8 2056 101.0
2056 2052 102.0
2052 2056 102.0
2056 2054 105.0
2054 2056 105.0
2056 2055 109.0
2055 2056 109.0
2057 9 201.0
9 2057 201.0
2057 2049 202.0
2049 2057 202.0
2058 10 102.0
10 2058 102.0
2058 2050 103.0
2050 2058 103.0
2058 2057 209.0
2057 2058 209.0
2059 11 103.0
11 2059 103.0
2059 2051 109.0
2051 2059 109.0
2059 2057 203.0
2057 2059 203.0
2060 12 106.0
12 2060 106.0
2060 2052 101.0
2052 2060 101.0
2060 2058 109.0
2058 2060 109.0
2060 2059 107.0
2059 2060 107.0
2061 13 109.0
13 2061 109.0
2061 2053 101.0
2053 2061 101.0
2061 2057 202.0
2057 2061 202.0
2062 14 109.0
14 2062 109.0
2062 2054 105.0
2054 2062 105.0
2062 2058 101.0
2058 2062 101.0
2062 2061 101.0
2061 2062 101.0
2063 15 102.0
15 2063 102.0
2063 2055 105.0
2055 2063 105.0
2063 2059 106.0
2059 2063 106.0
2063 2061 102.0
2061 2063 102.0
2064 16 206.0
16 2064 206.0
2064 2056 210.0
2056 2064 210.0
2064 2060 208.0
2060 2064 208.0
2064 2062 209.0
2062 2064 209.0
2064 2063 202.0
2063 2064 202.0
2065 17 105.0
17 2065 105.0
2065 2049 103.0
2049 2065 103.0
2066 18 109.0
18 2066 109.0
2066 2050 110.0
2050 2066 110.0
2066 2065 104.0
2065 2066 104.0
2067 19 110.0
19 2067 110.0
2067 2051 105.0
2051 2067 105.0
2067 2065 109.0
2065 2067 109.0
2068 20 209.0
20 2068 209.0
2068 2052 101.0
2052 2068 101.0
2068 2066 102.0
2066 2068 102.0
2068 2067 102.0
2067 2068 102.0
2069 21 109.0
21 2069 109.0
2069 2053 105.0
2053 2069 105.0
2069 2065 103.0
2065 2069 103.0
2070 22 104.0
22 2070 104.0
2070 2054 105.0
2054 2070 105.0
2070 2066 104.0
2066 2070 104.0
2070 2069 105.0
2069 2070 105.0
2071 23 204.0
23 2071 204.0
2071 2055 202.0
2055 2071 202.0
2071 2067 206.0
2067 2071 206.0
2071 2069 201.0
2069 2071 201.0
2072 24 110.0
24 2072 110.0
2072 2056 103.0
2056 2072 103.0
2072 2068 103.0
2068 2072 103.0
2072 2070 105.0
2070 2072 105.0
2072 2071 206.0
2071 2072 206.0
2073 25 208.0
25 2073 208.0
2073 2057 202.0
2057 2073 202.0
2073 2065 102.0
2065 2073 102.0
2074 26 105.0
26 2074 105.0
2074 2058 109.0
2058 2074 109.0
2074 2066 101.0
2066 2074 101.0
2074 2073 106.0
2073 2074 106.0
2075 27 103.0
27 2075 103.0
2075 2059 103.0
2059 2075 103.0
2075 2067 105.0
2067 2075 105.0
2075 2073 101.0
2073 2075 101.0
2076 28 103.0
28 2076 103.0
2076 2060 102.0
2060 2076 102.0
2076 2068 107.0
2068 2076 107.0
2076 2074 108.0
2074 2076 108.0
2076 2075 109.0
2075 2076 109.0
2077 29 102.0
29 2077 102.0
2077 2061 101.0
2061 2077 101.0
2077 2069 102.0
2069 2077 102.0
2077 2073 103.0
2073 2077 103.0
2078 30 105.0
30 2078 105.0
2078 2062 103.0
2062 2078 103.0
2078 2070 104.0
2070 2078 104.0
2078 2074 104.0
2074 2078 104.0
2078 2077 105.0
2077 2078 105.0
2079 31 108.0
31 2079 108.0
2079 2063 106.0
2063 2079 106.0
2079 2071 209.0
2071 2079 209.0
2079 2075 110.0
2075 2079 110.0
2079 2077 108.0
2077 2079 108.0
2080 32 104.0
32 2080 104.0
2080 2064 207.0
2064 2080 207.0
2080 2072 105.0
2072 2080 105.0
2080 2076 102.0
2076 2080 102.0
2080 2078 103.0
2078 2080 103.0
2080 2079 105.0
2079 2080 105.0
2081 33 102.0
33 2081 102.0
2081 2049 103.0
2049 2081 103.0
2082 34 203.0
34 2082 203.0
2082 2050 106.0
2050 2082 106.0
2082 2081 103.0
2081 2082 103.0
2083 35 110.0
35 2083 110.0
2083 2051 104.0
2051 2083 104.0
2083 2081 107.0
2081 2083 107.0
2084 36 103.0
36 2084 103.0
2084 2052 105.0
2052 2084 105.0
2084 2082 103.0
2082 2084 103.0
2084 2083 103.0
2083 2084 103.0
2085 37 104.0
37 2085 104.0
2085 2053 103.0
2053 2085 103.0
2085 2081 108.0
2081 2085 108.0
2086 38 209.0
38 2086 209.0
2086 2054 208.0
2054 2086 208.0
2086 2082 206.0
2082 2086 206.0
2086 2085 208.0
2085 2086 208.0
2087 39 109.0
39 2087 109.0
2087 2055 109.0
2055 2087 109.0
2087 2083 101.0
2083 2087 101.0
2087 2085 102.0
2085 2087 102.0
2088 40 106.0
40 2088 106.0
2088 2056 101.0
2056 2088 101.0
2088 2084 106.0
2084 2088 106.0
2088 2086 202.0
2086 2088 202.0
2088 2087 101.0
2087 2088 101.0
2089 41 108.0
41 2089 108.0
2089 2057 202.0
2057 2089 202.0
2089 2081 108.0
2081 2089 108.0
2090 42 108.0
42 2090 108.0
2090 2058 110.0
2058 2090 110.0
2090 2082 101.0
2082 2090 101.0
2090 2089 101.0
2089 2090 101.0
2091 43 204.0
43 2091 204.0
2091 2059 105.0
2059 2091 105.0
2091 2083 101.0
2083 2091 101.0
2091 2089 106.0
2089 2091 106.0
2092 44 202.0
44 2092 202.0
2092 2060 105.0
2060 2092 105.0
2092 2084 106.0
2084 2092 106.0
2092 2090 102.0
2090 2092 102.0
2092 2091 103.0
2091 2092 103.0
2093 45 110.0
45 2093 110.0
2093 2061 107.0
2061 2093 107.0
2093 2085 109.0
2085 2093 109.0
2093 2089 108.0
2089 2093 108.0
2094 46 102.0
46 2094 102.0
2094 2062 109.0
2062 2094 109.0
2094 2086 206.0
2086 2094 206.0
2094 2090 106.0
2090 2094 106.0
2094 2093 101.0
2093 2094 101.0
2095 47 106.0
47 2095 106.0
2095 2063 106.0
2063 2095 106.0
2095 2087 110.0
2087 2095 110.0
2095 2091 106.0
2091 2095 106.0
2095 2093 108.0
2093 2095 108.0
2096 48 103.0
48 2096 103.0
2096 2064 210.0
2064 2096 210.0
2096 2088 104.0
2088 2096 104.0
2096 2092 102.0
2092 2096 102.0
2096 2094 106.0
2094 2096 106.0
2096 2095 103.0
2095 2096 103.0
2097 49 110.0
49 2097 110.0
2097 2065 106.0
2065 2097 106.0
2097 2081 103.0
2081 2097 103.0
2098 50 103.0
50 2098 103.0
2098 2066 107.0
2066 2098 107.0
2098 2082 108.0
2082 2098 108.0
2098 2097 104.0
2097 2098 104.0
2099 51 110.0
51 2099 110.0
2099 2067 106.0
2067 2099 106.0
2099 2083 105.0
2083 2099 105.0
2099 2097 110.0
2097 2099 110.0
2100 52 109.0
52 2100 109.0
2100 2068 109.0
2068 2100 109.0
2100 2084 104.0
2084 2100 104.0
2100 2098 109.0
2098 2100 109.0
2100 2099 110.0
2099 2100 110.0
2101 53 107.0
53 2101 107.0
2101 2069 105.0
2069 2101 105.0
2101 2085 106.0
2085 2101 106.0
2101 2097 105.0
2097 2101 105.0
2102 54 102.0
54 2102 102.0
2102 2070 110.0
2070 2102 110.0
2102 2086 208.0
2086 2102 208.0
2102 2098 104.0
2098 2102 104.0
2102 2101 106.0
2101 2102 106.0
2103 55 105.0
55 2103 105.0
2103 2071 203.0
2071 2103 203.0
2103 2087 104.0
2087 2103 104.0
2103 2099 102.0
2099 2103 102.0
2103 2101 110.0
2101 2103 110.0
2104 56 110.0
56 2104 110.0
2104 2072 104.0
2072 2104 104.0
2104 2088 103.0
2088 2104 103.0
2104 2100 106.0
2100 2104 106.0
2104 2102 103.0
2102 2104 103.0
2104 2103 108.0
2103 2104 108.0
2105 57 202.0
57 2105 202.0
2105 2073 206.0
2073 2105 206.0
2105 2089 201.0
2089 2105 201.0
2105 2097 209.0
2097 2105 209.0
2106 58 101.0
58 2106 101.0
2106 2074 107.0
2074 2106 107.0
2106 2090 107.0
2090 2106 107.0
2106 2098 103.0
2098 2106 103.0
2106 2105 204.0
2105 2106 204.0
2107 59 106.0
59 2107 106.0
2107 2075 107.0
2075 2107 107.0
2107 2091 107.0
2091 2107 107.0
2107 2099 109.0
2099 2107 109.0
2107 2105 203.0
2105 2107 203.0
2108 60 202.0
60 2108 202.0
2108 2076 110.0
2076 2108 110.0
2108 2092 107.0
2092 2108 107.0
2108 2100 110.0
2100 2108 110.0
2108 2106 110.0
2106 2108 110.0
2108 2107 110.0
2107 2108 110.0
2109 61 110.0
61 2109 110.0
2109 2077 109.0
2077 2109 109.0
2109 2093 105.0
2093 2109 105.0
2109 2101 109.0
2101 2109 109.0
2109 2105 206.0
2105 2109 206.0
2110 62 206.0
62 2110 206.0
2110 2078 109.0
2078 2110 109.0
2110 2094 108.0
2094 2110 108.0
2110 2102 108.0
2102 2110 108.0
2110 2106 101.0
2106 2110 101.0
2110 2109 108.0
2109 2110 108.0
2111 63 109.0
63 2111 109.0
2111 2079 103.0
2079 2111 103.0
2111 2095 108.0
2095 2111 108.0
2111 2103 102.0
2103 2111 102.0
2111 2107 108.0
2107 2111 108.0
2111 2109 106.0
2109 2111 106.0
2112 64 108.0
64 2112 108.0
2112 2080 102.0
2080 2112 102.0
2112 2096 109.0
2096 2112 109.0
2112 2104 104.0
2104 2112 104.0
2112 2108 101.0
2108 2112 101.0
2112 2110 104.0
2110 2112 104.0
2112 2111 104.0
2111 2112 104.0
2113 65 103.0
65 2113 103.0
2113 2049 102.0
2049 2113 102.0
2114 66 202.0
66 2114 202.0
2114 2050 208.0
2050 2114 208.0
2114 2113 201.0
2113 2114 201.0
2115 67 201.0
67 2115 201.0
2115 2051 102.0
2051 2115 102.0
2115 2113 106.0
2113 2115 106.0
2116 68 205.0
68 2116 205.0
2116 2052 204.0
2052 2116 204.0
2116 2114 309.0
2114 2116 309.0
2116 2115 202.0
2115 2116 202.0
2117 69 102.0
69 2117 102.0
2117 2053 102.0
2053 2117 102.0
2117 2113 107.0
2113 2117 107.0
2118 70 106.0
70 2118 106.0
2118 2054 109.0
2054 2118 109.0
2118 2114 202.0
2114 2118 202.0
2118 2117 105.0
2117 2118 105.0
2119 71 107.0
71 2119 107.0
2119 2055 109.0
2055 2119 109.0
2119 2115 104.0
2115 2119 104.0
2119 2117 106.0
2117 2119 106.0
2120 72 106.0
72 2120 106.0
2120 2056 104.0
2056 2120 104.0
2120 2116 201.0
2116 2120 201.0
2120 2118 110.0
2118 2120 110.0
2120 2119 102.0
2119 2120 102.0
2121 73 101.0
73 2121 101.0
2121 2057 209.0
2057 2121 209.0
2121 2113 106.0
2113 2121 106.0
2122 74 110.0
74 2122 110.0
2122 2058 105.0
2058 2122 105.0
2122 2114 202.0
2114 2122 202.0
2122 2121 104.0
2121 2122 104.0
2123 75 107.0
75 2123 107.0
2123 2059 103.0
2059 2123 103.0
2123 2115 105.0
2115 2123 105.0
2123 2121 104.0
2121 2123 104.0
2124 76 108.0
76 2124 108.0
2124 2060 108.0
2060 2124 108.0
2124 2116 207.0
2116 2124 207.0
2124 2122 107.0
2122 2124 107.0
2124 2123 108.0
2123 2124 108.0
2125 77 105.0
77 2125 105.0
2125 2061 107.0
2061 2125 107.0
2125 2117 107.0
2117 2125 107.0
2125 2121 101.0
2121 2125 101.0
2126 78 202.0
78 2126 202.0
2126 2062 109.0
2062 2126 109.0
2126 2118 101.0
2118 2126 101.0
2126 2122 102.0
2122 2126 102.0
2126 2125 106.0
2125 2126 106.0
2127 79 102.0
79 2127 102.0
2127 2063 110.0
2063 2127 110.0
2127 2119 106.0
2119 2127 106.0
2127 2123 101.0
2123 2127 101.0
2127 2125 106.0
2125 2127 106.0
2128 80 109.0
80 2128 109.0
2128 2064 201.0
2064 2128 201.0
2128 2120 106.0
2120 2128 106.0
2128 2124 108.0
2124 2128 108.0
2128 2126 105.0
2126 2128 105.0
2128 2127 105.0
2127 2128 105.0
2129 81 201.0
81 2129 201.0
2129 2065 205.0
2065 2129 205.0
2129 2113 207.0
2113 2129 207.0
2130 82 103.0
82 2130 103.0
2130 2066 110.0
2066 2130 110.0
2130 2114 206.0
2114 2130 206.0
2130 2129 203.0
2129 2130 203.0
2131 83 106.0
83 2131 106.0
2131 2067 101.0
2067 2131 101.0
2131 2115 103.0
2115 2131 103.0
2131 2129 204.0
2129 2131 204.0
2132 84 106.0
84 2132 106.0
2132 2068 110.0
2068 2132 110.0
2132 2116 201.0
2116 2132 201.0
2132 2130 101.0
2130 2132 101.0
2132 2131 110.0
2131 2132 110.0
2133 85 107.0
85 2133 107.0
2133 2069 108.0
2069 2133 108.0
2133 2117 108.0
2117 2133 108.0
2133 2129 206.0
2129 2133 206.0
2134 86 207.0
86 2134 207.0
2134 2070 207.0
2070 2134 207.0
2134 2118 209.0
2118 2134 209.0
2134 2130 204.0
2130 2134 204.0
2134 2133 201.0
2133 2134 201.0
2135 87 105.0
87 2135 105.0
2135 2071 210.0
2071 2135 210.0
2135 2119 107.0
2119 2135 107.0
2135 2131 110.0
2131 2135 110.0
2135 2133 102.0
2133 2135 102.0
2136 88 104.0
88 2136 104.0
2136 2072 104.0
2072 2136 104.0
2136 2120 108.0
2120 2136 108.0
2136 2132 107.0
2132 2136 107.0
2136 2134 201.0
2134 2136 201.0
2136 2135 108.0
2135 2136 108.0
2137 89 101.0
89 2137 101.0
2137 2073 110.0
2073 2137 110.0
2137 2121 106.0
2121 2137 106.0
2137 2129 203.0
2129 2137 203.0
2138 90 105.0
90 2138 105.0
2138 2074 109.0
2074 2138 109.0
2138 2122 102.0
2122 2138 102.0
2138 2130 109.0
2130 2138 109.0
2138 2137 102.0
2137 2138 102.0
2139 91 109.0
91 2139 109.0
2139 2075 106.0
2075 2139 106.0
2139 2123 101.0
2123 2139 101.0
2139 2131 104.0
2131 2139 104.0
2139 2137 104.0
2137 2139 104.0
2140 92 108.0
92 2140 108.0
2140 2076 101.0
2076 2140 101.0
2140 2124 106.0
2124 2140 106.0
2140 2132 110.0
2132 2140 110.0
2140 2138 102.0
2138 2140 102.0
2140 2139 102.0
2139 2140 102.0
2141 93 110.0
93 2141 110.0
2141 2077 104.0
2077 2141 104.0
2141 2125 109.0
2125 2141 109.0
2141 2133 109.0
2133 2141 109.0
2141 2137 108.0
2137 2141 108.0
2142 94 104.0
94 2142 104.0
2142 2078 108.0
2078 2142 108.0
2142 2126 103.0
2126 2142 103.0
2142 2134 208.0
2134 2142 208.0
2142 2138 107.0
2138 2142 107.0
2142 2141 106.0
2141 2142 106.0
2143 95 210.0
95 2143 210.0
2143 2079 102.0
2079 2143 102.0
2143 2127 101.0
2127 2143 101.0
2143 2135 105.0
2135 2143 105.0
2143 2139 101.0
2139 2143 101.0
2143 2141 106.0
2141 2143 106.0
2144 96 201.0
96 2144 201.0
2144 2080 108.0
2080 2144 108.0
2144 2128 105.0
2128 2144 105.0
2144 2136 104.0
2136 2144 104.0
2144 2140 104.0
2140 2144 104.0
2144 2142 102.0
2142 2144 102.0
2144 2143 103.0
2143 2144 103.0
2145 97 105.0
97 2145 105.0
2145 2081 102.0
2081 2145 102.0
2145 2113 108.0
2113 2145 108.0
2146 98 109.0
98 2146 109.0
2146 2082 102.0
2082 2146 102.0
2146 2114 202.0
2114 2146 202.0
2146 2145 101.0
2145 2146 101.0
2147 99 202.0
99 2147 202.0
2147 2083 103.0
2083 2147 103.0
2147 2115 107.0
2115 2147 107.0
2147 2145 107.0
2145 2147 107.0
2148 100 105.0
100 2148 105.0
2148 2084 102.0
2084 2148 102.0
2148 2116 203.0
2116 2148 203.0
2148 2146 101.0
2146 2148 101.0
2148 2147 101.0
2147 2148 101.0
2149 101 101.0
101 2149 101.0
2149 2085 109.0
2085 2149 109.0
2149 2117 108.0
2117 2149 108.0
2149 2145 109.0
2145 2149 109.0
2150 102 210.0
102 2150 210.0
2150 2086 307.0
2086 2150 307.0
2150 2118 210.0
2118 2150 210.0
2150 2146 205.0
2146 2150 205.0
2150 2149 201.0
2149 2150 201.0
2151 103 101.0
103 2151 101.0
2151 2087 110.0
2087 2151 110.0
2151 2119 101.0
2119 2151 101.0
2151 2147 106.0
2147 2151 106.0
2151 2149 109.0
2149 2151 109.0
2152 104 102.0
104 2152 102.0
2152 2088 103.0
2088 2152 103.0
2152 2120 104.0
2120 2152 104.0
2152 2148 102.0
2148 2152 102.0
2152 2150 206.0
2150 2152 206.0
2152 2151 105.0
2151 2152 105.0
2153 105 205.0
105 2153 205.0
2153 2089 105.0
2089 2153 105.0
2153 2121 103.0
2121 2153 103.0
2153 2145 107.0
2145 2153 107.0
2154 106 108.0
106 2154 108.0
2154 2090 107.0
2090 2154 107.0
2154 2122 105.0
2122 2154 105.0
2154 2146 108.0
2146 2154 108.0
2154 2153 102.0
2153 2154 102.0
2155 107 104.0
107 2155 104.0
2155 2091 109.0
2091 2155 109.0
2155 2123 107.0
2123 2155 107.0
2155 2147 107.0
2147 2155 107.0
2155 2153 104.0
2153 2155 104.0
2156 108 201.0
108 2156 201.0
2156 2092 107.0
2092 2156 107.0
2156 2124 109.0
2124 2156 109.0
2156 2148 106.0
2148 2156 106.0
2156 2154 107.0
2154 2156 107.0
2156 2155 102.0
2155 2156 102.0
2157 109 203.0
109 2157 203.0
2157 2093 202.0
2093 2157 202.0
2157 2125 201.0
2125 2157 201.0
2157 2149 208.0
2149 2157 208.0
2157 2153 209.0
2153 2157 209.0
2158 110 105.0
110 2158 105.0
2158 2094 102.0
2094 2158 102.0
2158 2126 109.0
2126 2158 109.0
2158 2150 204.0
2150 2158 204.0
2158 2154 104.0
2154 2158 104.0
2158 2157 209.0
2157 2158 209.0
2159 111 210.0
111 2159 210.0
2159 2095 205.0
2095 2159 205.0
2159 2127 205.0
2127 2159 205.0
2159 2151 209.0
2151 2159 209.0
2159 2155 202.0
2155 2159 202.0
2159 2157 306.0
2157 2159 306.0
2160 112 108.0
112 2160 108.0
2160 2096 107.0
2096 2160 107.0
2160 2128 108.0
2128 2160 108.0
2160 2152 107.0
2152 2160 107.0
2160 2156 103.0
2156 2160 103.0
2160 2158 108.0
2158 2160 108.0
2160 2159 202.0
2159 2160 202.0
2161 113 205.0
113 2161 205.0
2161 2097 101.0
2097 2161 101.0
2161 2129 210.0
2129 2161 210.0
2161 2145 102.0
2145 2161 102.0
2162 114 101.0
114 2162 101.0
2162 2098 110.0
2098 2162 110.0
2162 2130 106.0
2130 2162 106.0
2162 2146 108.0
2146 2162 108.0
2162 2161 101.0
2161 2162 101.0
2163 115 110.0
115 2163 110.0
2163 2099 105.0
2099 2163 105.0
2163 2131 102.0
2131 2163 102.0
2163 2147 107.0
2147 2163 107.0
2163 2161 108.0
2161 2163 108.0
2164 116 102.0
116 2164 102.0
2164 2100 101.0
2100 2164 101.0
2164 2132 107.0
2132 2164 107.0
2164 2148 108.0
2148 2164 108.0
2164 2162 105.0
2162 2164 105.0
2164 2163 107.0
2163 2164 107.0
2165 117 204.0
117 2165 204.0
2165 2101 108.0
2101 2165 108.0
2165 2133 108.0
2133 2165 108.0
2165 2149 110.0
2149 2165 110.0
2165 2161 106.0
2161 2165 106.0
2166 118 104.0
118 2166 104.0
2166 2102 107.0
2102 2166 107.0
2166 2134 204.0
2134 2166 204.0
2166 2150 207.0
2150 2166 207.0
2166 2162 110.0
2162 2166 110.0
2166 2165 109.0
2165 2166 109.0
2167 119 109.0
119 2167 109.0
2167 2103 108.0
2103 2167 108.0
2167 2135 107.0
2135 2167 107.0
2167 2151 103.0
2151 2167 103.0
2167 2163 107.0
2163 2167 107.0
2167 2165 102.0
2165 2167 102.0
2168 120 208.0
120 2168 208.0
2168 2104 202.0
2104 2168 202.0
2168 2136 208.0
2136 2168 208.0
2168 2152 210.0
2152 2168 210.0
2168 2164 208.0
2164 2168 208.0
2168 2166 206.0
2166 2168 206.0
2168 2167 205.0
2167 2168 205.0
2169 121 101.0
121 2169 101.0
2169 2105 203.0
2105 2169 203.0
2169 2137 107.0
2137 2169 107.0
2169 2153 107.0
2153 2169 107.0
2169 2161 103.0
2161 2169 103.0
2170 122 210.0
122 2170 210.0
2170 2106 206.0
2106 2170 206.0
2170 2138 206.0
2138 2170 206.0
2170 2154 206.0
2154 2170 206.0
2170 2162 209.0
2162 2170 209.0
2170 2169 208.0
2169 2170 208.0
2171 123 108.0
123 2171 108.0
2171 2107 103.0
2107 2171 103.0
2171 2139 109.0
2139 2171 109.0
2171 2155 109.0
2155 2171 109.0
2171 2163 109.0
2163 2171 109.0
2171 2169 110.0
2169 2171 110.0
2172 124 106.0
124 2172 106.0
2172 2108 103.0
2108 2172 103.0
2172 2140 110.0
2140 2172 110.0
2172 2156 103.0
2156 2172 103.0
2172 2164 106.0
2164 2172 106.0
2172 2170 206.0
2170 2172 206.0
2172 2171 105.0
2171 2172 105.0
2173 125 103.0
125 2173 103.0
2173 2109 101.0
2109 2173 101.0
2173 2141 109.0
2141 2173 109.0
2173 2157 208.0
2157 2173 208.0
2173 2165 101.0
2165 2173 101.0
2173 2169 104.0
2169 2173 104.0
2174 126 105.0
126 2174 105.0
2174 2110 107.0
2110 2174 107.0
2174 2142 108.0
2142 2174 108.0
2174 2158 103.0
2158 2174 103.0
2174 2166 105.0
2166 2174 105.0
2174 2170 207.0
2170 2174 207.0
2174 2173 101.0
2173 2174 101.0
2175 127 107.0
127 2175 107.0
2175 2111 103.0
2111 2175 103.0
2175 2143 107.0
2143 2175 107.0
2175 2159 202.0
2159 2175 202.0
2175 2167 101.0
2167 2175 101.0
2175 2171 106.0
2171 2175 106.0
2175 2173 101.0
2173 2175 101.0
2176 128 104.0
128 2176 104.0
2176 2112 107.0
2112 2176 107.0
2176 2144 103.0
2144 2176 103.0
2176 2160 104.0
2160 2176 104.0
2176 2168 201.0
2168 2176 201.0
2176 2172 105.0
2172 2176 105.0
2176 2174 109.0
2174 2176 109.0
2176 2175 101.0
2175 2176 101.0
2177 129 104.0
129 2177 104.0
2177 2049 105.0
2049 2177 105.0
2178 130 102.0
130 2178 102.0
2178 2050 102.0
2050 2178 102.0
2178 2177 106.0
2177 2178 106.0
2179 131 107.0
131 2179 107.0
2179 2051 110.0
2051 2179 110.0
2179 2177 102.0
2177 2179 102.0
2180 132 210.0
132 2180 210.0
2180 2052 105.0
2052 2180 105.0
2180 2178 106.0
2178 2180 106.0
2180 2179 101.0
2179 2180 101.0
2181 133 210.0
133 2181 210.0
2181 2053 105.0
2053 2181 105.0
2181 2177 105.0
2177 2181 105.0
2182 134 104.0
134 2182 104.0
2182 2054 102.0
2054 2182 102.0
2182 2178 109.0
2178 2182 109.0
2182 2181 101.0
2181 2182 101.0
2183 135 207.0
135 2183 207.0
2183 2055 206.0
2055 2183 206.0
2183 2179 201.0
2179 2183 201.0
2183 2181 208.0
2181 2183 208.0
2184 136 107.0
136 2184 107.0
2184 2056 105.0
2056 2184 105.0
2184 2180 108.0
2180 2184 108.0
2184 2182 107.0
2182 2184 107.0
2184 2183 204.0
2183 2184 204.0
2185 137 107.0
137 2185 107.0
2185 2057 210.0
2057 2185 210.0
2185 2177 102.0
2177 2185 102.0
2186 138 110.0
138 2186 110.0
2186 2058 104.0
2058 2186 104.0
2186 2178 104.0
2178 2186 104.0
2186 2185 109.0
2185 2186 109.0
2187 139 107.0
139 2187 107.0
2187 2059 107.0
2059 2187 107.0
2187 2179 110.0
2179 2187 110.0
2187 2185 104.0
2185 2187 104.0
2188 140 104.0
140 2188 104.0
2188 2060 102.0
2060 2188 102.0
2188 2180 110.0
2180 2188 110.0
2188 2186 102.0
2186 2188 102.0
2188 2187 102.0
2187 2188 102.0
2189 141 106.0
141 2189 106.0
2189 2061 104.0
2061 2189 104.0
2189 2181 109.0
2181 2189 109.0
2189 2185 102.0
2185 2189 102.0
2190 142 207.0
142 2190 207.0
2190 2062 205.0
2062 2190 205.0
2190 2182 206.0
2182 2190 206.0
2190 2186 209.0
2186 2190 209.0
2190 2189 209.0
2189 2190 209.0
2191 143 107.0
143 2191 107.0
2191 2063 106.0
2063 2191 106.0
2191 2183 203.0
2183 2191 203.0
2191 2187 104.0
2187 2191 104.0
2191 2189 106.0
2189 2191 106.0
2192 144 210.0
144 2192 210.0
2192 2064 208.0
2064 2192 208.0
2192 2184 101.0
2184 2192 101.0
2192 2188 106.0
2188 2192 106.0
2192 2190 210.0
2190 2192 210.0
2192 2191 107.0
2191 2192 107.0
2193 145 107.0
145 2193 107.0
2193 2065 104.0
2065 2193 104.0
2193 2177 101.0
2177 2193 101.0
2194 146 101.0
146 2194 101.0
2194 2066 106.0
2066 2194 106.0
2194 2178 103.0
2178 2194 103.0
2194 2193 110.0
2193 2194 110.0
2195 147 110.0
147 2195 110.0
2195 2067 102.0
2067 2195 102.0
2195 2179 109.0
2179 2195 109.0
2195 2193 106.0
2193 2195 106.0
2196 148 104.0
148 2196 104.0
2196 2068 106.0
2068 2196 106.0
2196 2180 107.0
2180 2196 107.0
2196 2194 109.0
2194 2196 109.0
2196 2195 105.0
2195 2196 105.0
2197 149 205.0
149 2197 205.0
2197 2069 205.0
2069 2197 205.0
2197 2181 207.0
2181 2197 207.0
2197 2193 204.0
2193 2197 204.0
2198 150 105.0
150 2198 105.0
2198 2070 101.0
2070 2198 101.0
2198 2182 110.0
2182 2198 110.0
2198 2194 102.0
2194 2198 102.0
2198 2197 206.0
2197 2198 206.0
2199 151 101.0
151 2199 101.0
2199 2071 202.0
2071 2199 202.0
2199 2183 210.0
2183 2199 210.0
2199 2195 107.0
2195 2199 107.0
2199 2197 204.0
2197 2199 204.0
2200 152 102.0
152 2200 102.0
2200 2072 104.0
2072 2200 104.0
2200 2184 108.0
2184 2200 108.0
2200 2196 102.0
2196 2200 102.0
2200 2198 105.0
2198 2200 105.0
2200 2199 110.0
2199 2200 110.0
2201 153 208.0
153 2201 208.0
2201 2073 101.0
2073 2201 101.0
2201 2185 109.0
2185 2201 109.0
2201 2193 104.0
2193 2201 104.0
2202 154 105.0
154 2202 105.0
2202 2074 109.0
2074 2202 109.0
2202 2186 108.0
2186 2202 108.0
2202 2194 109.0
2194 2202 109.0
2202 2201 107.0
2201 2202 107.0
2203 155 210.0
155 2203 210.0
2203 2075 206.0
2075 2203 206.0
2203 2187 205.0
2187 2203 205.0
2203 2195 202.0
2195 2203 202.0
2203 2201 206.0
2201 2203 206.0
2204 156 101.0
156 2204 101.0
2204 2076 101.0
2076 2204 101.0
2204 2188 109.0
2188 2204 109.0
2204 2196 109.0
2196 2204 109.0
2204 2202 106.0
2202 2204 106.0
2204 2203 202.0
2203 2204 202.0
2205 157 101.0
157 2205 101.0
2205 2077 102.0
2077 2205 102.0
2205 2189 109.0
2189 2205 109.0
2205 2197 205.0
2197 2205 205.0
2205 2201 108.0
2201 2205 108.0
2206 158 202.0
158 2206 202.0
2206 2078 205.0
2078 2206 205.0
2206 2190 302.0
2190 2206 302.0
2206 2198 210.0
2198 2206 210.0
2206 2202 208.0
2202 2206 208.0
2206 2205 204.0
2205 2206 204.0
2207 159 103.0
159 2207 103.0
2207 2079 103.0
2079 2207 103.0
2207 2191 106.0
2191 2207 106.0
2207 2199 110.0
2199 2207 110.0
2207 2203 205.0
2203 2207 205.0
2207 2205 101.0
2205 2207 101.0
2208 160 107.0
160 2208 107.0
2208 2080 109.0
2080 2208 109.0
2208 2192 107.0
2192 2208 107.0
2208 2200 101.0
2200 2208 101.0
2208 2204 110.0
2204 2208 110.0
2208 2206 207.0
2206 2208 207.0
2208 2207 102.0
2207 2208 102.0
2209 161 201.0
161 2209 201.0
2209 2081 205.0
2081 2209 205.0
2209 2177 201.0
2177 2209 201.0
2210 162 105.0
162 2210 105.0
2210 2082 102.0
2082 2210 102.0
2210 2178 108.0
2178 2210 108.0
2210 2209 207.0
2209 2210 207.0
2211 163 102.0
163 2211 102.0
2211 2083 108.0
2083 2211 108.0
2211 2179 109.0
2179 2211 109.0
2211 2209 201.0
2209 2211 201.0
2212 164 108.0
164 2212 108.0
2212 2084 103.0
2084 2212 103.0
2212 2180 107.0
2180 2212 107.0
2212 2210 101.0
2210 2212 101.0
2212 2211 110.0
2211 2212 110.0
2213 165 101.0
165 2213 101.0
2213 2085 108.0
2085 2213 108.0
2213 2181 105.0
2181 2213 105.0
2213 2209 204.0
2209 2213 204.0
2214 166 207.0
166 2214 207.0
2214 2086 304.0
2086 2214 304.0
2214 2182 206.0
2182 2214 206.0
2214 2210 207.0
2210 2214 207.0
2214 2213 201.0
2213 2214 201.0
2215 167 105.0
167 2215 105.0
2215 2087 105.0
2087 2215 105.0
2215 2183 205.0
2183 2215 205.0
2215 2211 109.0
2211 2215 109.0
2215 2213 106.0
2213 2215 106.0
2216 168 108.0
168 2216 108.0
2216 2088 106.0
2088 2216 106.0
2216 2184 107.0
2184 2216 107.0
2216 2212 106.0
2212 2216 106.0
2216 2214 210.0
2214 2216 210.0
2216 2215 101.0
2215 2216 101.0
2217 169 108.0
169 2217 108.0
2217 2089 106.0
2089 2217 106.0
2217 2185 104.0
2185 2217 104.0
2217 2209 201.0
2209 2217 201.0
2218 170 101.0
170 2218 101.0
2218 2090 102.0
2090 2218 102.0
2218 2186 106.0
2186 2218 106.0
2218 2210 104.0
2210 2218 104.0
2218 2217 108.0
2217 2218 108.0
2219 171 208.0
171 2219 208.0
2219 2091 110.0
2091 2219 110.0
2219 2187 101.0
2187 2219 101.0
2219 2211 107.0
2211 2219 107.0
2219 2217 108.0
2217 2219 108.0
2220 172 101.0
172 2220 101.0
2220 2092 106.0
2092 2220 106.0
2220 2188 110.0
2188 2220 110.0
2220 2212 108.0
2212 2220 108.0
2220 2218 102.0
2218 2220 102.0
2220 2219 107.0
2219 2220 107.0
2221 173 110.0
173 2221 110.0
2221 2093 108.0
2093 2221 108.0
2221 2189 107.0
2189 2221 107.0
2221 2213 107.0
2213 2221 107.0
2221 2217 102.0
2217 2221 102.0
2222 174 103.0
174 2222 103.0
2222 2094 106.0
2094 2222 106.0
2222 2190 203.0
2190 2222 203.0
2222 2214 210.0
2214 2222 210.0
2222 2218 108.0
2218 2222 108.0
2222 2221 104.0
2221 2222 104.0
2223 175 102.0
175 2223 102.0
2223 2095 102.0
2095 2223 102.0
2223 2191 110.0
2191 2223 110.0
2223 2215 103.0
2215 2223 103.0
2223 2219 110.0
2219 2223 110.0
2223 2221 102.0
2221 2223 102.0
2224 176 107.0
176 2224 107.0
2224 2096 108.0
2096 2224 108.0
2224 2192 102.0
2192 2224 102.0
2224 2216 106.0
2216 2224 106.0
2224 2220 108.0
2220 2224 108.0
2224 2222 110.0
2222 2224 110.0
2224 2223 104.0
2223 2224 104.0
2225 177 110.0
177 2225 110.0
2225 2097 102.0
2097 2225 102.0
2225 2193 106.0
2193 2225 106.0
2225 2209 209.0
2209 2225 209.0
2226 178 108.0
178 2226 108.0
2226 2098 108.0
2098 2226 108.0
2226 2194 109.0
2194 2226 109.0
2226 2210 109.0
2210 2226 109.0
2226 2225 109.0
2225 2226 109.0
2227 179 108.0
179 2227 108.0
2227 2099 102.0
2099 2227 102.0
2227 2195 105.0
2195 2227 105.0
2227 2211 110.0
2211 2227 110.0
2227 2225 108.0
2225 2227 108.0
2228 180 206.0
180 2228 206.0
2228 2100 203.0
2100 2228 203.0
2228 2196 207.0
2196 2228 207.0
2228 2212 204.0
2212 2228 204.0
2228 2226 202.0
2226 2228 202.0
2228 2227 210.0
2227 2228 210.0
2229 181 108.0
181 2229 108.0
2229 2101 109.0
2101 2229 109.0
2229 2197 206.0
2197 2229 206.0
2229 2213 108.0
2213 2229 108.0
2229 2225 109.0
2225 2229 109.0
2230 182 103.0
182 2230 103.0
2230 2102 106.0
2102 2230 106.0
2230 2198 104.0
2198 2230 104.0
2230 2214 207.0
2214 2230 207.0
2230 2226 108.0
2226 2230 108.0
2230 2229 105.0
2229 2230 105.0
2231 183 206.0
183 2231 206.0
2231 2103 102.0
2103 2231 102.0
2231 2199 109.0
2199 2231 109.0
2231 2215 103.0
2215 2231 103.0
2231 2227 101.0
2227 2231 101.0
2231 2229 103.0
2229 2231 103.0
2232 184 202.0
184 2232 202.0
2232 2104 110.0
2104 2232 110.0
2232 2200 105.0
2200 2232 105.0
2232 2216 109.0
2216 2232 109.0
2232 2228 201.0
2228 2232 201.0
2232 2230 102.0
2230 2232 102.0
2232 2231 103.0
2231 2232 103.0
2233 185 104.0
185 2233 104.0
2233 2105 205.0
2105 2233 205.0
2233 2201 106.0
2201 2233 106.0
2233 2217 109.0
2217 2233 109.0
2233 2225 108.0
2225 2233 108.0
2234 186 203.0
186 2234 203.0
2234 2106 104.0
2106 2234 104.0
2234 2202 108.0
2202 2234 108.0
2234 2218 101.0
2218 2234 101.0
2234 2226 102.0
2226 2234 102.0
2234 2233 105.0
2233 2234 105.0
2235 187 106.0
187 2235 106.0
2235 2107 106.0
2107 2235 106.0
2235 2203 203.0
2203 2235 203.0
2235 2219 104.0
2219 2235 104.0
2235 2227 106.0
2227 2235 106.0
2235 2233 102.0
2233 2235 102.0
2236 188 102.0
188 2236 102.0
2236 2108 108.0
2108 2236 108.0
2236 2204 106.0
2204 2236 106.0
2236 2220 106.0
2220 2236 106.0
2236 2228 201.0
2228 2236 201.0
2236 2234 102.0
2234 2236 102.0
2236 2235 105.0
2235 2236 105.0
2237 189 108.0
189 2237 108.0
2237 2109 107.0
2109 2237 107.0
2237 2205 104.0
2205 2237 104.0
2237 2221 103.0
2221 2237 103.0
2237 2229 106.0
2229 2237 106.0
2237 2233 107.0
2233 2237 107.0
2238 190 109.0
190 2238 109.0
2238 2110 101.0
2110 2238 101.0
2238 2206 205.0
2206 2238 205.0
2238 2222 101.0
2222 2238 101.0
2238 2230 109.0
2230 2238 109.0
2238 2234 106.0
2234 2238 106.0
2238 2237 108.0
2237 2238 108.0
2239 191 208.0
191 2239 208.0
2239 2111 202.0
2111 2239 202.0
2239 2207 205.0
2207 2239 205.0
2239 2223 203.0
2223 2239 203.0
2239 2231 207.0
2231 2239 207.0
2239 2235 209.0
2235 2239 209.0
2239 2237 206.0
2237 2239 206.0
2240 192 101.0
192 2240 101.0
2240 2112 103.0
2112 2240 103.0
2240 2208 106.0
2208 2240 106.0
2240 2224 107.0
2224 2240 107.0
2240 2232 101.0
2232 2240 101.0
2240 2236 108.0
2236 2240 108.0
2240 2238 108.0
2238 2240 108.0
2240 2239 201.0
2239 2240 201.0
2241 193 106.0
193 2241 106.0
2241 2113 108.0
2113 2241 108.0
2241 2177 106.0
2177 2241 106.0
2242 194 104.0
194 2242 104.0
2242 2114 205.0
2114 2242 205.0
2242 2178 106.0
2178 2242 106.0
2242 2241 102.0
2241 2242 102.0
2243 195 108.0
195 2243 108.0
2243 2115 110.0
2115 2243 110.0
2243 2179 101.0
2179 2243 101.0
2243 2241 102.0
2241 2243 102.0
2244 196 102.0
196 2244 102.0
2244 2116 208.0
2116 2244 208.0
2244 2180 101.0
2180 2244 101.0
2244 2242 103.0
2242 2244 103.0
2244 2243 105.0
2243 2244 105.0
2245 197 107.0
197 2245 107.0
2245 2117 108.0
2117 2245 108.0
2245 2181 105.0
2181 2245 105.0
2245 2241 108.0
2241 2245 108.0
2246 198 107.0
198 2246 107.0
2246 2118 103.0
2118 2246 103.0
2246 2182 106.0
2182 2246 106.0
2246 2242 102.0
2242 2246 102.0
2246 2245 104.0
2245 2246 104.0
2247 199 210.0
199 2247 210.0
2247 2119 201.0
2119 2247 201.0
2247 2183 306.0
2183 2247 306.0
2247 2243 209.0
2243 2247 209.0
2247 2245 202.0
2245 2247 202.0
2248 200 110.0
200 2248 110.0
2248 2120 104.0
2120 2248 104.0
2248 2184 103.0
2184 2248 103.0
2248 2244 102.0
2244 2248 102.0
2248 2246 104.0
2246 2248 104.0
2248 2247 201.0
2247 2248 201.0
2249 201 201.0
201 2249 201.0
2249 2121 101.0
2121 2249 101.0
2249 2185 109.0
2185 2249 109.0
2249 2241 104.0
2241 2249 104.0
2250 202 210.0
202 2250 210.0
2250 2122 204.0
2122 2250 204.0
2250 2186 205.0
2186 2250 205.0
2250 2242 206.0
2242 2250 206.0
2250 2249 205.0
2249 2250 205.0
2251 203 101.0
203 2251 101.0
2251 2123 108.0
2123 2251 108.0
2251 2187 108.0
2187 2251 108.0
2251 2243 104.0
2243 2251 104.0
2251 2249 102.0
2249 2251 102.0
2252 204 204.0
204 2252 204.0
2252 2124 205.0
2124 2252 205.0
2252 2188 209.0
2188 2252 209.0
2252 2244 201.0
2244 2252 201.0
2252 2250 304.0
2250 2252 304.0
2252 2251 206.0
2251 2252 206.0
2253 205 110.0
205 2253 110.0
2253 2125 109.0
2125 2253 109.0
2253 2189 104.0
2189 2253 104.0
2253 2245 110.0
2245 2253 110.0
2253 2249 102.0
2249 2253 102.0
2254 206 103.0
206 2254 103.0
2254 2126 103.0
2126 2254 103.0
2254 2190 204.0
2190 2254 204.0
2254 2246 101.0
2246 2254 101.0
2254 2250 202.0
2250 2254 202.0
2254 2253 108.0
2253 2254 108.0
2255 207 108.0
207 2255 108.0
2255 2127 105.0
2127 2255 105.0
2255 2191 108.0
2191 2255 108.0
2255 2247 205.0
2247 2255 205.0
2255 2251 105.0
2251 2255 105.0
2255 2253 103.0
2253 2255 103.0
2256 208 103.0
208 2256 103.0
2256 2128 109.0
2128 2256 109.0
2256 2192 102.0
2192 2256 102.0
2256 2248 101.0
2248 2256 101.0
2256 2252 207.0
2252 2256 207.0
2256 2254 102.0
2254 2256 102.0
2256 2255 108.0
2255 2256 108.0
2257 209 108.0
209 2257 108.0
2257 2129 202.0
2129 2257 202.0
2257 2193 105.0
2193 2257 105.0
2257 2241 106.0
2241 2257 106.0
2258 210 203.0
210 2258 203.0
2258 2130 110.0
2130 2258 110.0
2258 2194 110.0
2194 2258 110.0
2258 2242 110.0
2242 2258 110.0
2258 2257 108.0
2257 2258 108.0
2259 211 106.0
211 2259 106.0
2259 2131 108.0
2131 2259 108.0
2259 2195 106.0
2195 2259 106.0
2259 2243 108.0
2243 2259 108.0
2259 2257 103.0
2257 2259 103.0
2260 212 206.0
212 2260 206.0
2260 2132 102.0
2132 2260 102.0
2260 2196 102.0
2196 2260 102.0
2260 2244 102.0
2244 2260 102.0
2260 2258 104.0
2258 2260 104.0
2260 2259 108.0
2259 2260 108.0
2261 213 103.0
213 2261 103.0
2261 2133 108.0
2133 2261 108.0
2261 2197 202.0
2197 2261 202.0
2261 2245 108.0
2245 2261 108.0
2261 2257 107.0
2257 2261 107.0
2262 214 109.0
214 2262 109.0
2262 2134 204.0
2134 2262 204.0
2262 2198 101.0
2198 2262 101.0
2262 2246 105.0
2246 2262 105.0
2262 2258 109.0
2258 2262 109.0
2262 2261 103.0
2261 2262 103.0
2263 215 101.0
215 2263 101.0
2263 2135 102.0
2135 2263 102.0
2263 2199 102.0
2199 2263 102.0
2263 2247 210.0
2247 2263 210.0
2263 2259 108.0
2259 2263 108.0
2263 2261 110.0
2261 2263 110.0
2264 216 103.0
216 2264 103.0
2264 2136 110.0
2136 2264 110.0
2264 2200 104.0
2200 2264 104.0
2264 2248 102.0
2248 2264 102.0
2264 2260 106.0
2260 2264 106.0
2264 2262 102.0
2262 2264 102.0
2264 2263 105.0
2263 2264 105.0
2265 217 109.0
217 2265 109.0
2265 2137 108.0
2137 2265 108.0
2265 2201 102.0
2201 2265 102.0
2265 2249 110.0
2249 2265 110.0
2265 2257 104.0
2257 2265 104.0
2266 218 102.0
218 2266 102.0
2266 2138 104.0
2138 2266 104.0
2266 2202 110.0
2202 2266 110.0
2266 2250 203.0
2250 2266 203.0
2266 2258 109.0
2258 2266 109.0
2266 2265 103.0
2265 2266 103.0
2267 219 108.0
219 2267 108.0
2267 2139 102.0
2139 2267 102.0
2267 2203 209.0
2203 2267 209.0
2267 2251 110.0
2251 2267 110.0
2267 2259 107.0
2259 2267 107.0
2267 2265 110.0
2265 2267 110.0
2268 220 104.0
220 2268 104.0
2268 2140 106.0
2140 2268 106.0
2268 2204 102.0
2204 2268 102.0
2268 2252 210.0
2252 2268 210.0
2268 2260 105.0
2260 2268 105.0
2268 2266 102.0
2266 2268 102.0
2268 2267 103.0
2267 2268 103.0
2269 221 106.0
221 2269 106.0
2269 2141 108.0
2141 2269 108.0
2269 2205 102.0
2205 2269 102.0
2269 2253 110.0
2253 2269 110.0
2269 2261 105.0
2261 2269 105.0
2269 2265 106.0
2265 2269 106.0
2270 222 110.0
222 2270 110.0
2270 2142 110.0
2142 2270 110.0
2270 2206 205.0
2206 2270 205.0
2270 2254 109.0
2254 2270 109.0
2270 2262 106.0
2262 2270 106.0
2270 2266 106.0
2266 2270 106.0
2270 2269 101.0
2269 2270 101.0
2271 223 203.0
223 2271 203.0
2271 2143 107.0
2143 2271 107.0
2271 2207 104.0
2207 2271 104.0
2271 2255 106.0
2255 2271 106.0
2271 2263 104.0
2263 2271 104.0
2271 2267 102.0
2267 2271 102.0
2271 2269 107.0
2269 2271 107.0
2272 224 104.0
224 2272 104.0
2272 2144 104.0
2144 2272 104.0
2272 2208 107.0
2208 2272 107.0
2272 2256 110.0
2256 2272 110.0
2272 2264 107.0
2264 2272 107.0
2272 2268 103.0
2268 2272 103.0
2272 2270 104.0
2270 2272 104.0
2272 2271 102.0
2271 2272 102.0
2273 225 106.0
225 2273 106.0
2273 2145 101.0
2145 2273 101.0
2273 2209 204.0
2209 2273 204.0
2273 2241 107.0
2241 2273 107.0
2274 226 206.0
226 2274 206.0
2274 2146 101.0
2146 2274 101.0
2274 2210 102.0
2210 2274 102.0
2274 2242 107.0
2242 2274 107.0
2274 2273 101.0
2273 2274 101.0
2275 227 105.0
227 2275 105.0
2275 2147 105.0
2147 2275 105.0
2275 2211 107.0
2211 2275 107.0
2275 2243 101.0
2243 2275 101.0
2275 2273 103.0
2273 2275 103.0
2276 228 102.0
228 2276 102.0
2276 2148 109.0
2148 2276 109.0
2276 2212 102.0
2212 2276 102.0
2276 2244 107.0
2244 2276 107.0
2276 2274 110.0
2274 2276 110.0
2276 2275 103.0
2275 2276 103.0
2277 229 108.0
229 2277 108.0
2277 2149 105.0
2149 2277 105.0
2277 2213 110.0
2213 2277 110.0
2277 2245 108.0
2245 2277 108.0
2277 2273 110.0
2273 2277 110.0
2278 230 109.0
230 2278 109.0
2278 2150 204.0
2150 2278 204.0
2278 2214 207.0
2214 2278 207.0
2278 2246 108.0
2246 2278 108.0
2278 2274 107.0
2274 2278 107.0
2278 2277 102.0
2277 2278 102.0
2279 231 105.0
231 2279 105.0
2279 2151 101.0
2151 2279 101.0
2279 2215 101.0
2215 2279 101.0
2279 2247 208.0
2247 2279 208.0
2279 2275 110.0
2275 2279 110.0
2279 2277 104.0
2277 2279 104.0
2280 232 210.0
232 2280 210.0
2280 2152 101.0
2152 2280 101.0
2280 2216 108.0
2216 2280 108.0
2280 2248 102.0
2248 2280 102.0
2280 2276 104.0
2276 2280 104.0
2280 2278 104.0
2278 2280 104.0
2280 2279 102.0
2279 2280 102.0
2281 233 106.0
233 2281 106.0
2281 2153 104.0
2153 2281 104.0
2281 2217 105.0
2217 2281 105.0
2281 2249 102.0
2249 2281 102.0
2281 2273 104.0
2273 2281 104.0
2282 234 103.0
234 2282 103.0
2282 2154 110.0
2154 2282 110.0
2282 2218 109.0
2218 2282 109.0
2282 2250 206.0
2250 2282 206.0
2282 2274 104.0
2274 2282 104.0
2282 2281 105.0
2281 2282 105.0
2283 235 108.0
235 2283 108.0
2283 2155 101.0
2155 2283 101.0
2283 2219 104.0
2219 2283 104.0
2283 2251 106.0
2251 2283 106.0
2283 2275 103.0
2275 2283 103.0
2283 2281 108.0
2281 2283 108.0
2284 236 110.0
236 2284 110.0
2284 2156 104.0
2156 2284 104.0
2284 2220 104.0
2220 2284 104.0
2284 2252 204.0
2252 2284 204.0
2284 2276 102.0
2276 2284 102.0
2284 2282 110.0
2282 2284 110.0
2284 2283 102.0
2283 2284 102.0
2285 237 303.0
237 2285 303.0
2285 2157 302.0
2157 2285 302.0
2285 2221 206.0
2221 2285 206.0
2285 2253 209.0
2253 2285 209.0
2285 2277 206.0
2277 2285 206.0
2285 2281 206.0
2281 2285 206.0
2286 238 102.0
238 2286 102.0
2286 2158 105.0
2158 2286 105.0
2286 2222 106.0
2222 2286 106.0
2286 2254 104.0
2254 2286 104.0
2286 2278 101.0
2278 2286 101.0
2286 2282 107.0
2282 2286 107.0
2286 2285 204.0
2285 2286 204.0
2287 239 106.0
239 2287 106.0
2287 2159 208.0
2159 2287 208.0
2287 2223 101.0
2223 2287 101.0
2287 2255 107.0
2255 2287 107.0
2287 2279 110.0
2279 2287 110.0
2287 2283 109.0
2283 2287 109.0
2287 2285 209.0
2285 2287 209.0
2288 240 108.0
240 2288 108.0
2288 2160 106.0
2160 2288 106.0
2288 2224 102.0
2224 2288 102.0
2288 2256 103.0
2256 2288 103.0
2288 2280 109.0
2280 2288 109.0
2288 2284 103.0
2284 2288 103.0
2288 2286 108.0
2286 2288 108.0
2288 2287 108.0
2287 2288 108.0
2289 241 110.0
241 2289 110.0
2289 2161 102.0
2161 2289 102.0
2289 2225 108.0
2225 2289 108.0
2289 2257 105.0
2257 2289 105.0
2289 2273 110.0
2273 2289 110.0
2290 242 105.0
242 2290 105.0
2290 2162 108.0
2162 2290 108.0
2290 2226 106.0
2226 2290 106.0
2290 2258 104.0
2258 2290 104.0
2290 2274 106.0
2274 2290 106.0
2290 2289 106.0
2289 2290 106.0
2291 243 204.0
243 2291 204.0
2291 2163 210.0
2163 2291 210.0
2291 2227 209.0
2227 2291 209.0
2291 2259 201.0
2259 2291 201.0
2291 2275 203.0
2275 2291 203.0
2291 2289 207.0
2289 2291 207.0
2292 244 106.0
244 2292 106.0
2292 2164 109.0
2164 2292 109.0
2292 2228 209.0
2228 2292 209.0
2292 2260 108.0
2260 2292 108.0
2292 2276 103.0
2276 2292 103.0
2292 2290 104.0
2290 2292 104.0
2292 2291 204.0
2291 2292 204.0
2293 245 103.0
245 2293 103.0
2293 2165 108.0
2165 2293 108.0
2293 2229 110.0
2229 2293 110.0
2293 2261 103.0
2261 2293 103.0
2293 2277 103.0
2277 2293 103.0
2293 2289 104.0
2289 2293 104.0
2294 246 108.0
246 2294 108.0
2294 2166 109.0
2166 2294 109.0
2294 2230 108.0
2230 2294 108.0
2294 2262 104.0
2262 2294 104.0
2294 2278 109.0
2278 2294 109.0
2294 2290 106.0
2290 2294 106.0
2294 2293 107.0
2293 2294 107.0
2295 247 105.0
247 2295 105.0
2295 2167 102.0
2167 2295 102.0
2295 2231 109.0
2231 2295 109.0
2295 2263 110.0
2263 2295 110.0
2295 2279 110.0
2279 2295 110.0
2295 2291 209.0
2291 2295 209.0
2295 2293 110.0
2293 2295 110.0
2296 248 110.0
248 2296 110.0
2296 2168 207.0
2168 2296 207.0
2296 2232 107.0
2232 2296 107.0
2296 2264 109.0
2264 2296 109.0
2296 2280 109.0
2280 2296 109.0
2296 2292 102.0
2292 2296 102.0
2296 2294 101.0
2294 2296 101.0
2296 2295 110.0
2295 2296 110.0
2297 249 104.0
249 2297 104.0
2297 2169 103.0
2169 2297 103.0
2297 2233 103.0
2233 2297 103.0
2297 2265 107.0
2265 2297 107.0
2297 2281 106.0
2281 2297 106.0
2297 2289 102.0
2289 2297 102.0
2298 250 105.0
250 2298 105.0
2298 2170 206.0
2170 2298 206.0
2298 2234 109.0
2234 2298 109.0
2298 2266 106.0
2266 2298 106.0
2298 2282 103.0
2282 2298 103.0
2298 2290 109.0
2290 2298 109.0
2298 2297 104.0
2297 2298 104.0
2299 251 104.0
251 2299 104.0
2299 2171 108.0
2171 2299 108.0
2299 2235 102.0
2235 2299 102.0
2299 2267 110.0
2267 2299 110.0
2299 2283 109.0
2283 2299 109.0
2299 2291 207.0
2291 2299 207.0
2299 2297 103.0
2297 2299 103.0
2300 252 104.0
252 2300 104.0
2300 2172 102.0
2172 2300 102.0
2300 2236 109.0
2236 2300 109.0
2300 2268 109.0
2268 2300 109.0
2300 2284 107.0
2284 2300 107.0
2300 2292 109.0
2292 2300 109.0
2300 2298 101.0
2298 2300 101.0
2300 2299 101.0
2299 2300 101.0
2301 253 104.0
253 2301 104.0
2301 2173 110.0
2173 2301 110.0
2301 2237 104.0
2237 2301 104.0
2301 2269 103.0
2269 2301 103.0
2301 2285 206.0
2285 2301 206.0
2301 2293 106.0
2293 2301 106.0
2301 2297 102.0
2297 2301 102.0
2302 254 105.0
254 2302 105.0
2302 2174 103.0
2174 2302 103.0
2302 2238 106.0
2238 2302 106.0
2302 2270 106.0
2270 2302 106.0
2302 2286 107.0
2286 2302 107.0
2302 2294 102.0
2294 2302 102.0
2302 2298 105.0
2298 2302 105.0
2302 2301 102.0
2301 2302 102.0
2303 255 105.0
255 2303 105.0
2303 2175 109.0
2175 2303 109.0
2303 2239 210.0
2239 2303 210.0
2303 2271 108.0
2271 2303 108.0
2303 2287 106.0
2287 2303 106.0
2303 2295 108.0
2295 2303 108.0
2303 2299 104.0
2299 2303 104.0
2303 2301 102.0
2301 2303 102.0
2304 256 201.0
256 2304 201.0
2304 2176 207.0
2176 2304 207.0
2304 2240 206.0
2240 2304 206.0
2304 2272 208.0
2272 2304 208.0
2304 2288 204.0
2288 2304 204.0
2304 2296 208.0
2296 2304 208.0
2304 2300 208.0
2300 2304 208.0
2304 2302 209.0
2302 2304 209.0
2304 2303 204.0
2303 2304 204.0
2305 257 201.0
257 2305 201.0
2305 2049 203.0
2049 2305 203.0
2306 258 101.0
258 2306 101.0
2306 2050 110.0
2050 2306 110.0
2306 2305 206.0
2305 2306 206.0
2307 259 103.0
259 2307 103.0
2307 2051 108.0
2051 2307 108.0
2307 2305 203.0
2305 2307 203.0
2308 260 110.0
260 2308 110.0
2308 2052 101.0
2052 2308 101.0
2308 2306 105.0
2306 2308 105.0
2308 2307 106.0
2307 2308 106.0
2309 261 107.0
261 2309 107.0
2309 2053 101.0
2053 2309 101.0
2309 2305 203.0
2305 2309 203.0
2310 262 104.0
262 2310 104.0
2310 2054 109.0
2054 2310 109.0
2310 2306 102.0
2306 2310 102.0
2310 2309 110.0
2309 2310 110.0
2311 263 101.0
263 2311 101.0
2311 2055 109.0
2055 2311 109.0
2311 2307 105.0
2307 2311 105.0
2311 2309 110.0
2309 2311 110.0
2312 264 105.0
264 2312 105.0
2312 2056 101.0
2056 2312 101.0
2312 2308 101.0
2308 2312 101.0
2312 2310 103.0
2310 2312 103.0
2312 2311 106.0
2311 2312 106.0
2313 265 109.0
265 2313 109.0
2313 2057 208.0
2057 2313 208.0
2313 2305 203.0
2305 2313 203.0
2314 266 210.0
266 2314 210.0
2314 2058 106.0
2058 2314 106.0
2314 2306 109.0
2306 2314 109.0
2314 2313 102.0
2313 2314 102.0
2315 267 105.0
267 2315 105.0
2315 2059 105.0
2059 2315 105.0
2315 2307 109.0
2307 2315 109.0
2315 2313 102.0
2313 2315 102.0
2316 268 102.0
268 2316 102.0
2316 2060 103.0
2060 2316 103.0
2316 2308 101.0
2308 2316 101.0
2316 2314 108.0
2314 2316 108.0
2316 2315 108.0
2315 2316 108.0
2317 269 101.0
269 2317 101.0
2317 2061 107.0
2061 2317 107.0
2317 2309 108.0
2309 2317 108.0
2317 2313 101.0
2313 2317 101.0
2318 270 107.0
270 2318 107.0
2318 2062 106.0
2062 2318 106.0
2318 2310 110.0
2310 2318 110.0
2318 2314 103.0
2314 2318 103.0
2318 2317 103.0
2317 2318 103.0
2319 271 209.0
271 2319 209.0
2319 2063 110.0
2063 2319 110.0
2319 2311 108.0
2311 2319 108.0
2319 2315 109.0
2315 2319 109.0
2319 2317 102.0
2317 2319 102.0
2320 272 104.0
272 2320 104.0
2320 2064 205.0
2064 2320 205.0
2320 2312 110.0
2312 2320 110.0
2320 2316 109.0
2316 2320 109.0
2320 2318 110.0
2318 2320 110.0
2320 2319 107.0
2319 2320 107.0
2321 273 107.0
273 2321 107.0
2321 2065 104.0
2065 2321 104.0
2321 2305 208.0
2305 2321 208.0
2322 274 102.0
274 2322 102.0
2322 2066 105.0
2066 2322 105.0
2322 2306 101.0
2306 2322 101.0
2322 2321 101.0
2321 2322 101.0
2323 275 204.0
275 2323 204.0
2323 2067 103.0
2067 2323 103.0
2323 2307 105.0
2307 2323 105.0
2323 2321 103.0
2321 2323 103.0
2324 276 101.0
276 2324 101.0
2324 2068 102.0
2068 2324 102.0
2324 2308 102.0
2308 2324 102.0
2324 2322 107.0
2322 2324 107.0
2324 2323 103.0
2323 2324 103.0
2325 277 105.0
277 2325 105.0
2325 2069 104.0
2069 2325 104.0
2325 2309 104.0
2309 2325 104.0
2325 2321 101.0
2321 2325 101.0
2326 278 106.0
278 2326 106.0
2326 2070 105.0
2070 2326 105.0
2326 2310 104.0
2310 2326 104.0
2326 2322 105.0
2322 2326 105.0
2326 2325 106.0
2325 2326 106.0
2327 279 105.0
279 2327 105.0
2327 2071 210.0
2071 2327 210.0
2327 2311 109.0
2311 2327 109.0
2327 2323 106.0
2323 2327 106.0
2327 2325 108.0
2325 2327 108.0
2328 280 207.0
280 2328 207.0
2328 2072 103.0
2072 2328 103.0
2328 2312 102.0
2312 2328 102.0
2328 2324 104.0
2324 2328 104.0
2328 2326 107.0
2326 2328 107.0
2328 2327 103.0
2327 2328 103.0
2329 281 105.0
281 2329 105.0
2329 2073 101.0
2073 2329 101.0
2329 2313 106.0
2313 2329 106.0
2329 2321 107.0
2321 2329 107.0
2330 282 208.0
282 2330 208.0
2330 2074 210.0
2074 2330 210.0
2330 2314 207.0
2314 2330 207.0
2330 2322 205.0
2322 2330 205.0
2330 2329 208.0
2329 2330 208.0
2331 283 105.0
283 2331 105.0
2331 2075 106.0
2075 2331 106.0
2331 2315 109.0
2315 2331 109.0
2331 2323 101.0
2323 2331 101.0
2331 2329 103.0
2329 2331 103.0
2332 284 102.0
284 2332 102.0
2332 2076 101.0
2076 2332 101.0
2332 2316 108.0
2316 2332 108.0
2332 2324 109.0
2324 2332 109.0
2332 2330 206.0
2330 2332 206.0
2332 2331 101.0
2331 2332 101.0
2333 285 106.0
285 2333 106.0
2333 2077 104.0
2077 2333 104.0
2333 2317 106.0
2317 2333 106.0
2333 2325 106.0
2325 2333 106.0
2333 2329 108.0
2329 2333 108.0
2334 286 102.0
286 2334 102.0
2334 2078 101.0
2078 2334 101.0
2334 2318 109.0
2318 2334 109.0
2334 2326 110.0
2326 2334 110.0
2334 2330 206.0
2330 2334 206.0
2334 2333 106.0
2333 2334 106.0
2335 287 101.0
287 2335 101.0
2335 2079 103.0
2079 2335 103.0
2335 2319 110.0
2319 2335 110.0
2335 2327 105.0
2327 2335 105.0
2335 2331 102.0
2331 2335 102.0
2335 2333 108.0
2333 2335 108.0
2336 288 107.0
288 2336 107.0
2336 2080 107.0
2080 2336 107.0
2336 2320 101.0
2320 2336 101.0
2336 2328 106.0
2328 2336 106.0
2336 2332 108.0
2332 2336 108.0
2336 2334 110.0
2334 2336 110.0
2336 2335 109.0
2335 2336 109.0
2337 289 108.0
289 2337 108.0
2337 2081 106.0
2081 2337 106.0
2337 2305 209.0
2305 2337 209.0
2338 290 107.0
290 2338 107.0
2338 2082 106.0
2082 2338 106.0
2338 2306 108.0
2306 2338 108.0
2338 2337 104.0
2337 2338 104.0
2339 291 109.0
291 2339 109.0
2339 2083 102.0
2083 2339 102.0
2339 2307 103.0
2307 2339 103.0
2339 2337 105.0
2337 2339 105.0
2340 292 206.0
292 2340 206.0
2340 2084 206.0
2084 2340 206.0
2340 2308 203.0
2308 2340 203.0
2340 2338 202.0
2338 2340 202.0
2340 2339 208.0
2339 2340 208.0
2341 293 105.0
293 2341 105.0
2341 2085 106.0
2085 2341 106.0
2341 2309 101.0
2309 2341 101.0
2341 2337 108.0
2337 2341 108.0
2342 294 101.0
294 2342 101.0
2342 2086 206.0
2086 2342 206.0
2342 2310 109.0
2310 2342 109.0
2342 2338 103.0
2338 2342 103.0
2342 2341 104.0
2341 2342 104.0
2343 295 204.0
295 2343 204.0
2343 2087 205.0
2087 2343 205.0
2343 2311 203.0
2311 2343 203.0
2343 2339 206.0
2339 2343 206.0
2343 2341 209.0
2341 2343 209.0
2344 296 207.0
296 2344 207.0
2344 2088 108.0
2088 2344 108.0
2344 2312 110.0
2312 2344 110.0
2344 2340 206.0
2340 2344 206.0
2344 2342 110.0
2342 2344 110.0
2344 2343 204.0
2343 2344 204.0
2345 297 208.0
297 2345 208.0
2345 2089 104.0
2089 2345 104.0
2345 2313 102.0
2313 2345 102.0
2345 2337 107.0
2337 2345 107.0
2346 298 105.0
298 2346 105.0
2346 2090 102.0
2090 2346 102.0
2346 2314 105.0
2314 2346 105.0
2346 2338 102.0
2338 2346 102.0
2346 2345 108.0
2345 2346 108.0
2347 299 109.0
299 2347 109.0
2347 2091 108.0
2091 2347 108.0
2347 2315 107.0
2315 2347 107.0
2347 2339 106.0
2339 2347 106.0
2347 2345 103.0
2345 2347 103.0
2348 300 106.0
300 2348 106.0
2348 2092 109.0
2092 2348 109.0
2348 2316 110.0
2316 2348 110.0
2348 2340 204.0
2340 2348 204.0
2348 2346 106.0
2346 2348 106.0
2348 2347 103.0
2347 2348 103.0
2349 301 208.0
301 2349 208.0
2349 2093 204.0
2093 2349 204.0
2349 2317 202.0
2317 2349 202.0
2349 2341 208.0
2341 2349 208.0
2349 2345 210.0
2345 2349 210.0
2350 302 103.0
302 2350 103.0
2350 2094 103.0
2094 2350 103.0
2350 2318 105.0
2318 2350 105.0
2350 2342 103.0
2342 2350 103.0
2350 2346 104.0
2346 2350 104.0
2350 2349 210.0
2349 2350 210.0
2351 303 107.0
303 2351 107.0
2351 2095 105.0
2095 2351 105.0
2351 2319 101.0
2319 2351 101.0
2351 2343 209.0
2343 2351 209.0
2351 2347 103.0
2347 2351 103.0
2351 2349 208.0
2349 2351 208.0
2352 304 101.0
304 2352 101.0
2352 2096 103.0
2096 2352 103.0
2352 2320 101.0
2320 2352 101.0
2352 2344 106.0
2344 2352 106.0
2352 2348 107.0
2348 2352 107.0
2352 2350 104.0
2350 2352 104.0
2352 2351 102.0
2351 2352 102.0
2353 305 108.0
305 2353 108.0
2353 2097 101.0
2097 2353 101.0
2353 2321 107.0
2321 2353 107.0
2353 2337 110.0
2337 2353 110.0
2354 306 204.0
306 2354 204.0
2354 2098 202.0
2098 2354 202.0
2354 2322 201.0
2322 2354 201.0
2354 2338 203.0
2338 2354 203.0
2354 2353 202.0
2353 2354 202.0
2355 307 210.0
307 2355 210.0
2355 2099 105.0
2099 2355 105.0
2355 2323 107.0
2323 2355 107.0
2355 2339 110.0
2339 2355 110.0
2355 2353 107.0
2353 2355 107.0
2356 308 106.0
308 2356 106.0
2356 2100 101.0
2100 2356 101.0
2356 2324 109.0
2324 2356 109.0
2356 2340 205.0
2340 2356 205.0
2356 2354 204.0
2354 2356 204.0
2356 2355 105.0
2355 2356 105.0
2357 309 207.0
309 2357 207.0
2357 2101 108.0
2101 2357 108.0
2357 2325 109.0
2325 2357 109.0
2357 2341 108.0
2341 2357 108.0
2357 2353 105.0
2353 2357 105.0
2358 310 110.0
310 2358 110.0
2358 2102 105.0
2102 2358 105.0
2358 2326 103.0
2326 2358 103.0
2358 2342 104.0
2342 2358 104.0
2358 2354 205.0
2354 2358 205.0
2358 2357 101.0
2357 2358 101.0
2359 311 105.0
311 2359 105.0
2359 2103 109.0
2103 2359 109.0
2359 2327 105.0
2327 2359 105.0
2359 2343 208.0
2343 2359 208.0
2359 2355 105.0
2355 2359 105.0
2359 2357 103.0
2357 2359 103.0
2360 312 110.0
312 2360 110.0
2360 2104 106.0
2104 2360 106.0
2360 2328 105.0
2328 2360 105.0
2360 2344 104.0
2344 2360 104.0
2360 2356 105.0
2356 2360 105.0
2360 2358 106.0
2358 2360 106.0
2360 2359 102.0
2359 2360 102.0
2361 313 105.0
313 2361 105.0
2361 2105 210.0
2105 2361 210.0
2361 2329 108.0
2329 2361 108.0
2361 2345 110.0
2345 2361 110.0
2361 2353 108.0
2353 2361 108.0
2362 314 101.0
314 2362 101.0
2362 2106 105.0
2106 2362 105.0
2362 2330 208.0
2330 2362 208.0
2362 2346 110.0
2346 2362 110.0
2362 2354 205.0
2354 2362 205.0
2362 2361 105.0
2361 2362 105.0
2363 315 202.0
315 2363 202.0
2363 2107 202.0
2107 2363 202.0
2363 2331 207.0
2331 2363 207.0
2363 2347 206.0
2347 2363 206.0
2363 2355 209.0
2355 2363 209.0
2363 2361 208.0
2361 2363 208.0
2364 316 108.0
316 2364 108.0
2364 2108 102.0
2108 2364 102.0
2364 2332 105.0
2332 2364 105.0
2364 2348 107.0
2348 2364 107.0
2364 2356 110.0
2356 2364 110.0
2364 2362 107.0
2362 2364 107.0
2364 2363 202.0
2363 2364 202.0
2365 317 108.0
317 2365 108.0
2365 2109 107.0
2109 2365 107.0
2365 2333 101.0
2333 2365 101.0
2365 2349 203.0
2349 2365 203.0
2365 2357 107.0
2357 2365 107.0
2365 2361 110.0
2361 2365 110.0
2366 318 107.0
318 2366 107.0
2366 2110 107.0
2110 2366 107.0
2366 2334 104.0
2334 2366 104.0
2366 2350 102.0
2350 2366 102.0
2366 2358 105.0
2358 2366 105.0
2366 2362 106.0
2362 2366 106.0
2366 2365 106.0
2365 2366 106.0
2367 319 104.0
319 2367 104.0
2367 2111 108.0
2111 2367 108.0
2367 2335 101.0
2335 2367 101.0
2367 2351 104.0
2351 2367 104.0
2367 2359 105.0
2359 2367 105.0
2367 2363 204.0
2363 2367 204.0
2367 2365 108.0
2365 2367 108.0
2368 320 202.0
320 2368 202.0
2368 2112 204.0
2112 2368 204.0
2368 2336 209.0
2336 2368 209.0
2368 2352 205.0
2352 2368 205.0
2368 2360 203.0
2360 2368 203.0
2368 2364 207.0
2364 2368 207.0
2368 2366 207.0
2366 2368 207.0
2368 2367 206.0
2367 2368 206.0
2369 321 106.0
321 2369 106.0
2369 2113 101.0
2113 2369 101.0
2369 2305 202.0
2305 2369 202.0
2370 322 107.0
322 2370 107.0
2370 2114 203.0
2114 2370 203.0
2370 2306 110.0
2306 2370 110.0
2370 2369 109.0
2369 2370 109.0
2371 323 105.0
323 2371 105.0
2371 2115 110.0
2115 2371 110.0
2371 2307 105.0
2307 2371 105.0
2371 2369 101.0
2369 2371 101.0
2372 324 109.0
324 2372 109.0
2372 2116 206.0
2116 2372 206.0
2372 2308 105.0
2308 2372 105.0
2372 2370 109.0
2370 2372 109.0
2372 2371 106.0
2371 2372 106.0
2373 325 101.0
325 2373 101.0
2373 2117 107.0
2117 2373 107.0
2373 2309 106.0
2309 2373 106.0
2373 2369 110.0
2369 2373 110.0
2374 326 202.0
326 2374 202.0
2374 2118 106.0
2118 2374 106.0
2374 2310 104.0
2310 2374 104.0
2374 2370 106.0
2370 2374 106.0
2374 2373 105.0
2373 2374 105.0
2375 327 106.0
327 2375 106.0
2375 2119 102.0
2119 2375 102.0
2375 2311 101.0
2311 2375 101.0
2375 2371 104.0
2371 2375 104.0
2375 2373 108.0
2373 2375 108.0
2376 328 202.0
328 2376 202.0
2376 2120 102.0
2120 2376 102.0
2376 2312 101.0
2312 2376 101.0
2376 2372 103.0
2372 2376 103.0
2376 2374 101.0
2374 2376 101.0
2376 2375 109.0
2375 2376 109.0
2377 329 102.0
329 2377 102.0
2377 2121 102.0
2121 2377 102.0
2377 2313 103.0
2313 2377 103.0
2377 2369 109.0
2369 2377 109.0
2378 330 106.0
330 2378 106.0
2378 2122 106.0
2122 2378 106.0
2378 2314 106.0
2314 2378 106.0
2378 2370 107.0
2370 2378 107.0
2378 2377 101.0
2377 2378 101.0
2379 331 210.0
331 2379 210.0
2379 2123 205.0
2123 2379 205.0
2379 2315 207.0
2315 2379 207.0
2379 2371 210.0
2371 2379 210.0
2379 2377 203.0
2377 2379 203.0
2380 332 201.0
332 2380 201.0
2380 2124 208.0
2124 2380 208.0
2380 2316 205.0
2316 2380 205.0
2380 2372 204.0
2372 2380 204.0
2380 2378 210.0
2378 2380 210.0
2380 2379 302.0
2379 2380 302.0
2381 333 109.0
333 2381 109.0
2381 2125 105.0
2125 2381 105.0
2381 2317 105.0
2317 2381 105.0
2381 2373 108.0
2373 2381 108.0
2381 2377 108.0
2377 2381 108.0
2382 334 101.0
334 2382 101.0
2382 2126 105.0
2126 2382 105.0
2382 2318 107.0
2318 2382 107.0
2382 2374 105.0
2374 2382 105.0
2382 2378 106.0
2378 2382 106.0
2382 2381 104.0
2381 2382 104.0
2383 335 105.0
335 2383 105.0
2383 2127 107.0
2127 2383 107.0
2383 2319 103.0
2319 2383 103.0
2383 2375 106.0
2375 2383 106.0
2383 2379 209.0
2379 2383 209.0
2383 2381 108.0
2381 2383 108.0
2384 336 108.0
336 2384 108.0
2384 2128 108.0
2128 2384 108.0
2384 2320 109.0
2320 2384 109.0
2384 2376 108.0
2376 2384 108.0
2384 2380 202.0
2380 2384 202.0
2384 2382 109.0
2382 2384 109.0
2384 2383 103.0
2383 2384 103.0
2385 337 107.0
337 2385 107.0
2385 2129 203.0
2129 2385 203.0
2385 2321 104.0
2321 2385 104.0
2385 2369 104.0
2369 2385 104.0
2386 338 207.0
338 2386 207.0
2386 2130 108.0
2130 2386 108.0
2386 2322 101.0
2322 2386 101.0
2386 2370 105.0
2370 2386 105.0
2386 2385 108.0
2385 2386 108.0
2387 339 105.0
339 2387 105.0
2387 2131 106.0
2131 2387 106.0
2387 2323 108.0
2323 2387 108.0
2387 2371 103.0
2371 2387 103.0
2387 2385 109.0
2385 2387 109.0
2388 340 101.0
340 2388 101.0
2388 2132 104.0
2132 2388 104.0
2388 2324 109.0
2324 2388 109.0
2388 2372 108.0
2372 2388 108.0
2388 2386 110.0
2386 2388 110.0
2388 2387 105.0
2387 2388 105.0
2389 341 101.0
341 2389 101.0
2389 2133 110.0
2133 2389 110.0
2389 2325 109.0
2325 2389 109.0
2389 2373 109.0
2373 2389 109.0
2389 2385 107.0
2385 2389 107.0
2390 342 103.0
342 2390 103.0
2390 2134 206.0
2134 2390 206.0
2390 2326 104.0
2326 2390 104.0
2390 2374 109.0
2374 2390 109.0
2390 2386 106.0
2386 2390 106.0
2390 2389 101.0
2389 2390 101.0
2391 343 101.0
343 2391 101.0
2391 2135 109.0
2135 2391 109.0
2391 2327 102.0
2327 2391 102.0
2391 2375 101.0
2375 2391 101.0
2391 2387 101.0
2387 2391 101.0
2391 2389 101.0
2389 2391 101.0
2392 344 101.0
344 2392 101.0
2392 2136 109.0
2136 2392 109.0
2392 2328 104.0
2328 2392 104.0
2392 2376 105.0
2376 2392 105.0
2392 2388 109.0
2388 2392 109.0
2392 2390 102.0
2390 2392 102.0
2392 2391 106.0
2391 2392 106.0
2393 345 102.0
345 2393 102.0
2393 2137 101.0
2137 2393 101.0
2393 2329 101.0
2329 2393 101.0
2393 2377 102.0
2377 2393 102.0
2393 2385 104.0
2385 2393 104.0
2394 346 110.0
346 2394 110.0
2394 2138 109.0
2138 2394 109.0
2394 2330 205.0
2330 2394 205.0
2394 2378 105.0
2378 2394 105.0
2394 2386 108.0
2386 2394 108.0
2394 2393 103.0
2393 2394 103.0
2395 347 109.0
347 2395 109.0
2395 2139 103.0
2139 2395 103.0
2395 2331 108.0
2331 2395 108.0
2395 2379 207.0
2379 2395 207.0
2395 2387 104.0
2387 2395 104.0
2395 2393 110.0
2393 2395 110.0
2396 348 107.0
348 2396 107.0
2396 2140 110.0
2140 2396 110.0
2396 2332 109.0
2332 2396 109.0
2396 2380 206.0
2380 2396 206.0
2396 2388 101.0
2388 2396 101.0
2396 2394 102.0
2394 2396 102.0
2396 2395 109.0
2395 2396 109.0
2397 349 204.0
349 2397 204.0
2397 2141 205.0
2141 2397 205.0
2397 2333 207.0
2333 2397 207.0
2397 2381 210.0
2381 2397 210.0
2397 2389 207.0
2389 2397 207.0
2397 2393 203.0
2393 2397 203.0
2398 350 202.0
350 2398 202.0
2398 2142 202.0
2142 2398 202.0
2398 2334 203.0
2334 2398 203.0
2398 2382 208.0
2382 2398 208.0
2398 2390 205.0
2390 2398 205.0
2398 2394 201.0
2394 2398 201.0
2398 2397 304.0
2397 2398 304.0
2399 351 104.0
351 2399 104.0
2399 2143 104.0
2143 2399 104.0
2399 2335 106.0
2335 2399 106.0
2399 2383 105.0
2383 2399 105.0
2399 2391 103.0
2391 2399 103.0
2399 2395 104.0
2395 2399 104.0
2399 2397 208.0
2397 2399 208.0
2400 352 108.0
352 2400 108.0
2400 2144 108.0
2144 2400 108.0
2400 2336 105.0
2336 2400 105.0
2400 2384 102.0
2384 2400 102.0
2400 2392 102.0
2392 2400 102.0
2400 2396 106.0
2396 2400 106.0
2400 2398 210.0
2398 2400 210.0
2400 2399 108.0
2399 2400 108.0
2401 353 104.0
353 2401 104.0
2401 2145 106.0
2145 2401 106.0
2401 2337 103.0
2337 2401 103.0
2401 2369 105.0
2369 2401 105.0
2402 354 110.0
354 2402 110.0
2402 2146 102.0
2146 2402 102.0
2402 2338 107.0
2338 2402 107.0
2402 2370 108.0
2370 2402 108.0
2402 2401 102.0
2401 2402 102.0
2403 355 109.0
355 2403 109.0
2403 2147 109.0
2147 2403 109.0
2403 2339 101.0
2339 2403 101.0
2403 2371 102.0
2371 2403 102.0
2403 2401 103.0
2401 2403 103.0
2404 356 101.0
356 2404 101.0
2404 2148 109.0
2148 2404 109.0
2404 2340 205.0
2340 2404 205.0
2404 2372 102.0
2372 2404 102.0
2404 2402 109.0
2402 2404 109.0
2404 2403 110.0
2403 2404 110.0
2405 357 105.0
357 2405 105.0
2405 2149 101.0
2149 2405 101.0
2405 2341 107.0
2341 2405 107.0
2405 2373 110.0
2373 2405 110.0
2405 2401 107.0
2401 2405 107.0
2406 358 203.0
358 2406 203.0
2406 2150 306.0
2150 2406 306.0
2406 2342 207.0
2342 2406 207.0
2406 2374 206.0
2374 2406 206.0
2406 2402 209.0
2402 2406 209.0
2406 2405 207.0
2405 2406 207.0
2407 359 105.0
359 2407 105.0
2407 2151 109.0
2151 2407 109.0
2407 2343 207.0
2343 2407 207.0
2407 2375 104.0
2375 2407 104.0
2407 2403 105.0
2403 2407 105.0
2407 2405 102.0
2405 2407 102.0
2408 360 109.0
360 2408 109.0
2408 2152 106.0
2152 2408 106.0
2408 2344 103.0
2344 2408 103.0
2408 2376 104.0
2376 2408 104.0
2408 2404 103.0
2404 2408 103.0
2408 2406 210.0
2406 2408 210.0
2408 2407 110.0
2407 2408 110.0
2409 361 205.0
361 2409 205.0
2409 2153 107.0
2153 2409 107.0
2409 2345 101.0
2345 2409 101.0
2409 2377 108.0
2377 2409 108.0
2409 2401 109.0
2401 2409 109.0
2410 362 208.0
362 2410 208.0
2410 2154 106.0
2154 2410 106.0
2410 2346 105.0
2346 2410 105.0
2410 2378 101.0
2378 2410 101.0
2410 2402 103.0
2402 2410 103.0
2410 2409 108.0
2409 2410 108.0
2411 363 108.0
363 2411 108.0
2411 2155 106.0
2155 2411 106.0
2411 2347 101.0
2347 2411 101.0
2411 2379 210.0
2379 2411 210.0
2411 2403 110.0
2403 2411 110.0
2411 2409 103.0
2409 2411 103.0
2412 364 105.0
364 2412 105.0
2412 2156 103.0
2156 2412 103.0
2412 2348 101.0
2348 2412 101.0
2412 2380 204.0
2380 2412 204.0
2412 2404 109.0
2404 2412 109.0
2412 2410 109.0
2410 2412 109.0
2412 2411 105.0
2411 2412 105.0
2413 365 108.0
365 2413 108.0
2413 2157 207.0
2157 2413 207.0
2413 2349 208.0
2349 2413 208.0
2413 2381 106.0
2381 2413 106.0
2413 2405 103.0
2405 2413 103.0
2413 2409 102.0
2409 2413 102.0
2414 366 107.0
366 2414 107.0
2414 2158 105.0
2158 2414 105.0
2414 2350 103.0
2350 2414 103.0
2414 2382 110.0
2382 2414 110.0
2414 2406 205.0
2406 2414 205.0
2414 2410 106.0
2410 2414 106.0
2414 2413 110.0
2413 2414 110.0
2415 367 106.0
367 2415 106.0
2415 2159 208.0
2159 2415 208.0
2415 2351 102.0
2351 2415 102.0
2415 2383 107.0
2383 2415 107.0
2415 2407 106.0
2407 2415 106.0
2415 2411 104.0
2411 2415 104.0
2415 2413 108.0
2413 2415 108.0
2416 368 108.0
368 2416 108.0
2416 2160 109.0
2160 2416 109.0
2416 2352 104.0
2352 2416 104.0
2416 2384 110.0
2384 2416 110.0
2416 2408 103.0
2408 2416 103.0
2416 2412 108.0
2412 2416 108.0
2416 2414 106.0
2414 2416 106.0
2416 2415 102.0
2415 2416 102.0
2417 369 101.0
369 2417 101.0
2417 2161 101.0
2161 2417 101.0
2417 2353 102.0
2353 2417 102.0
2417 2385 101.0
2385 2417 101.0
2417 2401 105.0
2401 2417 105.0
2418 370 107.0
370 2418 107.0
2418 2162 102.0
2162 2418 102.0
2418 2354 208.0
2354 2418 208.0
2418 2386 109.0
2386 2418 109.0
2418 2402 109.0
2402 2418 109.0
2418 2417 107.0
2417 2418 107.0
2419 371 102.0
371 2419 102.0
2419 2163 105.0
2163 2419 105.0
2419 2355 108.0
2355 2419 108.0
2419 2387 103.0
2387 2419 103.0
2419 2403 102.0
2403 2419 102.0
2419 2417 105.0
2417 2419 105.0
2420 372 207.0
372 2420 207.0
2420 2164 203.0
2164 2420 203.0
2420 2356 208.0
2356 2420 208.0
2420 2388 209.0
2388 2420 209.0
2420 2404 208.0
2404 2420 208.0
2420 2418 208.0
2418 2420 208.0
2420 2419 206.0
2419 2420 206.0
2421 373 110.0
373 2421 110.0
2421 2165 104.0
2165 2421 104.0
2421 2357 106.0
2357 2421 106.0
2421 2389 108.0
2389 2421 108.0
2421 2405 101.0
2405 2421 101.0
2421 2417 101.0
2417 2421 101.0
2422 374 106.0
374 2422 106.0
2422 2166 101.0
2166 2422 101.0
2422 2358 108.0
2358 2422 108.0
2422 2390 110.0
2390 2422 110.0
2422 2406 207.0
2406 2422 207.0
2422 2418 108.0
2418 2422 108.0
2422 2421 105.0
2421 2422 105.0
2423 375 208.0
375 2423 208.0
2423 2167 101.0
2167 2423 101.0
2423 2359 107.0
2359 2423 107.0
2423 2391 107.0
2391 2423 107.0
2423 2407 110.0
2407 2423 110.0
2423 2419 105.0
2419 2423 105.0
2423 2421 107.0
2421 2423 107.0
2424 376 108.0
376 2424 108.0
2424 2168 204.0
2168 2424 204.0
2424 2360 109.0
2360 2424 109.0
2424 2392 102.0
2392 2424 102.0
2424 2408 108.0
2408 2424 108.0
2424 2420 203.0
2420 2424 203.0
2424 2422 102.0
2422 2424 102.0
2424 2423 107.0
2423 2424 107.0
2425 377 110.0
377 2425 110.0
2425 2169 107.0
2169 2425 107.0
2425 2361 108.0
2361 2425 108.0
2425 2393 102.0
2393 2425 102.0
2425 2409 106.0
2409 2425 106.0
2425 2417 102.0
2417 2425 102.0
2426 378 105.0
378 2426 105.0
2426 2170 206.0
2170 2426 206.0
2426 2362 102.0
2362 2426 102.0
2426 2394 106.0
2394 2426 106.0
2426 2410 109.0
2410 2426 109.0
2426 2418 101.0
2418 2426 101.0
2426 2425 109.0
2425 2426 109.0
2427 379 105.0
379 2427 105.0
2427 2171 107.0
2171 2427 107.0
2427 2363 210.0
2363 2427 210.0
2427 2395 103.0
2395 2427 103.0
2427 2411 104.0
2411 2427 104.0
2427 2419 105.0
2419 2427 105.0
2427 2425 110.0
2425 2427 110.0
2428 380 104.0
380 2428 104.0
2428 2172 110.0
2172 2428 110.0
2428 2364 103.0
2364 2428 103.0
2428 2396 106.0
2396 2428 106.0
2428 2412 109.0
2412 2428 109.0
2428 2420 206.0
2420 2428 206.0
2428 2426 104.0
2426 2428 104.0
2428 2427 106.0
2427 2428 106.0
2429 381 105.0
381 2429 105.0
2429 2173 102.0
2173 2429 102.0
2429 2365 104.0
2365 2429 104.0
2429 2397 209.0
2397 2429 209.0
2429 2413 102.0
2413 2429 102.0
2429 2421 106.0
2421 2429 106.0
2429 2425 108.0
2425 2429 108.0
2430 382 105.0
382 2430 105.0
2430 2174 104.0
2174 2430 104.0
2430 2366 102.0
2366 2430 102.0
2430 2398 201.0
2398 2430 201.0
2430 2414 105.0
2414 2430 105.0
2430 2422 109.0
2422 2430 109.0
2430 2426 106.0
2426 2430 106.0
2430 2429 110.0
2429 2430 110.0
2431 383 101.0
383 2431 101.0
2431 2175 106.0
2175 2431 106.0
2431 2367 104.0
2367 2431 104.0
2431 2399 103.0
2399 2431 103.0
2431 2415 101.0
2415 2431 101.0
2431 2423 109.0
2423 2431 109.0
2431 2427 108.0
2427 2431 108.0
2431 2429 101.0
2429 2431 101.0
2432 384 210.0
384 2432 210.0
2432 2176 207.0
2176 2432 207.0
2432 2368 304.0
2368 2432 304.0
2432 2400 206.0
2400 2432 206.0
2432 2416 203.0
2416 2432 203.0
2432 2424 210.0
2424 2432 210.0
2432 2428 208.0
2428 2432 208.0
2432 2430 209.0
2430 2432 209.0
2432 2431 207.0
2431 2432 207.0
2433 385 107.0
385 2433 107.0
2433 2177 108.0
2177 2433 108.0
2433 2305 204.0
2305 2433 204.0
2434 386 108.0
386 2434 108.0
2434 2178 101.0
2178 2434 101.0
2434 2306 105.0
2306 2434 105.0
2434 2433 103.0
2433 2434 103.0
2435 387 101.0
387 2435 101.0
2435 2179 110.0
2179 2435 110.0
2435 2307 101.0
2307 2435 101.0
2435 2433 108.0
2433 2435 108.0
2436 388 105.0
388 2436 105.0
2436 2180 102.0
2180 2436 102.0
2436 2308 105.0
2308 2436 105.0
2436 2434 109.0
2434 2436 109.0
2436 2435 109.0
2435 2436 109.0
2437 389 101.0
389 2437 101.0
2437 2181 102.0
2181 2437 102.0
2437 2309 106.0
2309 2437 106.0
2437 2433 104.0
2433 2437 104.0
2438 390 103.0
390 2438 103.0
2438 2182 106.0
2182 2438 106.0
2438 2310 108.0
2310 2438 108.0
2438 2434 101.0
2434 2438 101.0
2438 2437 109.0
2437 2438 109.0
2439 391 108.0
391 2439 108.0
2439 2183 205.0
2183 2439 205.0
2439 2311 109.0
2311 2439 109.0
2439 2435 108.0
2435 2439 108.0
2439 2437 103.0
2437 2439 103.0
2440 392 208.0
392 2440 208.0
2440 2184 203.0
2184 2440 203.0
2440 2312 202.0
2312 2440 202.0
2440 2436 204.0
2436 2440 204.0
2440 2438 203.0
2438 2440 203.0
2440 2439 207.0
2439 2440 207.0
2441 393 106.0
393 2441 106.0
2441 2185 101.0
2185 2441 101.0
2441 2313 108.0
2313 2441 108.0
2441 2433 104.0
2433 2441 104.0
2442 394 103.0
394 2442 103.0
2442 2186 103.0
2186 2442 103.0
2442 2314 107.0
2314 2442 107.0
2442 2434 108.0
2434 2442 108.0
2442 2441 108.0
2441 2442 108.0
2443 395 205.0
395 2443 205.0
2443 2187 106.0
2187 2443 106.0
2443 2315 104.0
2315 2443 104.0
2443 2435 108.0
2435 2443 108.0
2443 2441 101.0
2441 2443 101.0
2444 396 105.0
396 2444 105.0
2444 2188 106.0
2188 2444 106.0
2444 2316 104.0
2316 2444 104.0
2444 2436 103.0
2436 2444 103.0
2444 2442 103.0
2442 2444 103.0
2444 2443 104.0
2443 2444 104.0
2445 397 103.0
397 2445 103.0
2445 2189 101.0
2189 2445 101.0
2445 2317 106.0
2317 2445 106.0
2445 2437 106.0
2437 2445 106.0
2445 2441 109.0
2441 2445 109.0
2446 398 107.0
398 2446 107.0
2446 2190 209.0
2190 2446 209.0
2446 2318 109.0
2318 2446 109.0
2446 2438 107.0
2438 2446 107.0
2446 2442 108.0
2442 2446 108.0
2446 2445 101.0
2445 2446 101.0
2447 399 106.0
399 2447 106.0
2447 2191 108.0
2191 2447 108.0
2447 2319 106.0
2319 2447 106.0
2447 2439 110.0
2439 2447 110.0
2447 2443 107.0
2443 2447 107.0
2447 2445 107.0
2445 2447 107.0
2448 400 104.0
400 2448 104.0
2448 2192 109.0
2192 2448 109.0
2448 2320 103.0
2320 2448 103.0
2448 2440 205.0
2440 2448 205.0
2448 2444 102.0
2444 2448 102.0
2448 2446 108.0
2446 2448 108.0
2448 2447 109.0
2447 2448 109.0
2449 401 103.0
401 2449 103.0
2449 2193 101.0
2193 2449 101.0
2449 2321 110.0
2321 2449 110.0
2449 2433 107.0
2433 2449 107.0
2450 402 205.0
402 2450 205.0
2450 2194 208.0
2194 2450 208.0
2450 2322 210.0
2322 2450 210.0
2450 2434 203.0
2434 2450 203.0
2450 2449 203.0
2449 2450 203.0
2451 403 108.0
403 2451 108.0
2451 2195 104.0
2195 2451 104.0
2451 2323 103.0
2323 2451 103.0
2451 2435 108.0
2435 2451 108.0
2451 2449 101.0
2449 2451 101.0
2452 404 104.0
404 2452 104.0
2452 2196 106.0
2196 2452 106.0
2452 2324 110.0
2324 2452 110.0
2452 2436 107.0
2436 2452 107.0
2452 2450 208.0
2450 2452 208.0
2452 2451 105.0
2451 2452 105.0
2453 405 105.0
405 2453 105.0
2453 2197 201.0
2197 2453 201.0
2453 2325 109.0
2325 2453 109.0
2453 2437 108.0
2437 2453 108.0
2453 2449 105.0
2449 2453 105.0
2454 406 105.0
406 2454 105.0
2454 2198 107.0
2198 2454 107.0
2454 2326 105.0
2326 2454 105.0
2454 2438 109.0
2438 2454 109.0
2454 2450 208.0
2450 2454 208.0
2454 2453 101.0
2453 2454 101.0
2455 407 103.0
407 2455 103.0
2455 2199 103.0
2199 2455 103.0
2455 2327 104.0
2327 2455 104.0
2455 2439 103.0
2439 2455 103.0
2455 2451 102.0
2451 2455 102.0
2455 2453 102.0
2453 2455 102.0
2456 408 110.0
408 2456 110.0
2456 2200 109.0
2200 2456 109.0
2456 2328 108.0
2328 2456 108.0
2456 2440 204.0
2440 2456 204.0
2456 2452 104.0
2452 2456 104.0
2456 2454 109.0
2454 2456 109.0
2456 2455 105.0
2455 2456 105.0
2457 409 103.0
409 2457 103.0
2457 2201 107.0
2201 2457 107.0
2457 2329 101.0
2329 2457 101.0
2457 2441 108.0
2441 2457 108.0
2457 2449 104.0
2449 2457 104.0
2458 410 101.0
410 2458 101.0
2458 2202 108.0
2202 2458 108.0
2458 2330 205.0
2330 2458 205.0
2458 2442 103.0
2442 2458 103.0
2458 2450 203.0
2450 2458 203.0
2458 2457 107.0
2457 2458 107.0
2459 411 105.0
411 2459 105.0
2459 2203 209.0
2203 2459 209.0
2459 2331 103.0
2331 2459 103.0
2459 2443 104.0
2443 2459 104.0
2459 2451 107.0
2451 2459 107.0
2459 2457 101.0
2457 2459 101.0
2460 412 206.0
412 2460 206.0
2460 2204 110.0
2204 2460 110.0
2460 2332 101.0
2332 2460 101.0
2460 2444 106.0
2444 2460 106.0
2460 2452 103.0
2452 2460 103.0
2460 2458 105.0
2458 2460 105.0
2460 2459 102.0
2459 2460 102.0
2461 413 207.0
413 2461 207.0
2461 2205 101.0
2205 2461 101.0
2461 2333 108.0
2333 2461 108.0
2461 2445 105.0
2445 2461 105.0
2461 2453 103.0
2453 2461 103.0
2461 2457 107.0
2457 2461 107.0
2462 414 110.0
414 2462 110.0
2462 2206 208.0
2206 2462 208.0
2462 2334 110.0
2334 2462 110.0
2462 2446 103.0
2446 2462 103.0
2462 2454 103.0
2454 2462 103.0
2462 2458 105.0
2458 2462 105.0
2462 2461 102.0
2461 2462 102.0
2463 415 201.0
415 2463 201.0
2463 2207 206.0
2207 2463 206.0
2463 2335 209.0
2335 2463 209.0
2463 2447 207.0
2447 2463 207.0
2463 2455 207.0
2455 2463 207.0
2463 2459 208.0
2459 2463 208.0
2463 2461 201.0
2461 2463 201.0
2464 416 110.0
416 2464 110.0
2464 2208 110.0
2208 2464 110.0
2464 2336 104.0
2336 2464 104.0
2464 2448 102.0
2448 2464 102.0
2464 2456 104.0
2456 2464 104.0
2464 2460 102.0
2460 2464 102.0
2464 2462 103.0
2462 2464 103.0
2464 2463 209.0
2463 2464 209.0
2465 417 105.0
417 2465 105.0
2465 2209 206.0
2209 2465 206.0
2465 2337 108.0
2337 2465 108.0
2465 2433 104.0
2433 2465 104.0
2466 418 108.0
418 2466 108.0
2466 2210 105.0
2210 2466 105.0
2466 2338 106.0
2338 2466 106.0
2466 2434 107.0
2434 2466 107.0
2466 2465 110.0
2465 2466 110.0
2467 419 205.0
419 2467 205.0
2467 2211 201.0
2211 2467 201.0
2467 2339 208.0
2339 2467 208.0
2467 2435 202.0
2435 2467 202.0
2467 2465 204.0
2465 2467 204.0
2468 420 108.0
420 2468 108.0
2468 2212 109.0
2212 2468 109.0
2468 2340 205.0
2340 2468 205.0
2468 2436 107.0
2436 2468 107.0
2468 2466 102.0
2466 2468 102.0
2468 2467 203.0
2467 2468 203.0
2469 421 107.0
421 2469 107.0
2469 2213 103.0
2213 2469 103.0
2469 2341 107.0
2341 2469 107.0
2469 2437 109.0
2437 2469 109.0
2469 2465 106.0
2465 2469 106.0
2470 422 104.0
422 2470 104.0
2470 2214 202.0
2214 2470 202.0
2470 2342 102.0
2342 2470 102.0
2470 2438 110.0
2438 2470 110.0
2470 2466 104.0
2466 2470 104.0
2470 2469 107.0
2469 2470 107.0
2471 423 107.0
423 2471 107.0
2471 2215 104.0
2215 2471 104.0
2471 2343 202.0
2343 2471 202.0
2471 2439 107.0
2439 2471 107.0
2471 2467 202.0
2467 2471 202.0
2471 2469 108.0
2469 2471 108.0
2472 424 103.0
424 2472 103.0
2472 2216 110.0
2216 2472 110.0
2472 2344 106.0
2344 2472 106.0
2472 2440 207.0
2440 2472 207.0
2472 2468 107.0
2468 2472 107.0
2472 2470 104.0
2470 2472 104.0
2472 2471 107.0
2471 2472 107.0
2473 425 104.0
425 2473 104.0
2473 2217 104.0
2217 2473 104.0
2473 2345 103.0
2345 2473 103.0
2473 2441 106.0
2441 2473 106.0
2473 2465 104.0
2465 2473 104.0
2474 426 208.0
426 2474 208.0
2474 2218 206.0
2218 2474 206.0
2474 2346 210.0
2346 2474 210.0
2474 2442 206.0
2442 2474 206.0
2474 2466 207.0
2466 2474 207.0
2474 2473 204.0
2473 2474 204.0
2475 427 110.0
427 2475 110.0
2475 2219 103.0
2219 2475 103.0
2475 2347 105.0
2347 2475 105.0
2475 2443 108.0
2443 2475 108.0
2475 2467 204.0
2467 2475 204.0
2475 2473 110.0
2473 2475 110.0
2476 428 306.0
428 2476 306.0
2476 2220 207.0
2220 2476 207.0
2476 2348 207.0
2348 2476 207.0
2476 2444 206.0
2444 2476 206.0
2476 2468 205.0
2468 2476 205.0
2476 2474 307.0
2474 2476 307.0
2476 2475 203.0
2475 2476 203.0
2477 429 109.0
429 2477 109.0
2477 2221 110.0
2221 2477 110.0
2477 2349 207.0
2349 2477 207.0
2477 2445 110.0
2445 2477 110.0
2477 2469 105.0
2469 2477 105.0
2477 2473 105.0
2473 2477 105.0
2478 430 204.0
430 2478 204.0
2478 2222 101.0
2222 2478 101.0
2478 2350 110.0
2350 2478 110.0
2478 2446 110.0
2446 2478 110.0
2478 2470 101.0
2470 2478 101.0
2478 2474 208.0
2474 2478 208.0
2478 2477 101.0
2477 2478 101.0
2479 431 204.0
431 2479 204.0
2479 2223 108.0
2223 2479 108.0
2479 2351 110.0
2351 2479 110.0
2479 2447 106.0
2447 2479 106.0
2479 2471 107.0
2471 2479 107.0
2479 2475 108.0
2475 2479 108.0
2479 2477 110.0
2477 2479 110.0
2480 432 105.0
432 2480 105.0
2480 2224 104.0
2224 2480 104.0
2480 2352 110.0
2352 2480 110.0
2480 2448 108.0
2448 2480 108.0
2480 2472 106.0
2472 2480 106.0
2480 2476 203.0
2476 2480 203.0
2480 2478 109.0
2478 2480 109.0
2480 2479 106.0
2479 2480 106.0
2481 433 208.0
433 2481 208.0
2481 2225 104.0
2225 2481 104.0
2481 2353 109.0
2353 2481 109.0
2481 2449 107.0
2449 2481 107.0
2481 2465 105.0
2465 2481 105.0
2482 434 107.0
434 2482 107.0
2482 2226 103.0
2226 2482 103.0
2482 2354 202.0
2354 2482 202.0
2482 2450 208.0
2450 2482 208.0
2482 2466 101.0
2466 2482 101.0
2482 2481 106.0
2481 2482 106.0
2483 435 110.0
435 2483 110.0
2483 2227 104.0
2227 2483 104.0
2483 2355 105.0
2355 2483 105.0
2483 2451 106.0
2451 2483 106.0
2483 2467 210.0
2467 2483 210.0
2483 2481 105.0
2481 2483 105.0
2484 436 103.0
436 2484 103.0
2484 2228 203.0
2228 2484 203.0
2484 2356 102.0
2356 2484 102.0
2484 2452 109.0
2452 2484 109.0
2484 2468 105.0
2468 2484 105.0
2484 2482 105.0
2482 2484 105.0
2484 2483 107.0
2483 2484 107.0
2485 437 102.0
437 2485 102.0
2485 2229 104.0
2229 2485 104.0
2485 2357 103.0
2357 2485 103.0
2485 2453 107.0
2453 2485 107.0
2485 2469 102.0
2469 2485 102.0
2485 2481 109.0
2481 2485 109.0
2486 438 107.0
438 2486 107.0
2486 2230 108.0
2230 2486 108.0
2486 2358 106.0
2358 2486 106.0
2486 2454 101.0
2454 2486 101.0
2486 2470 105.0
2470 2486 105.0
2486 2482 106.0
2482 2486 106.0
2486 2485 104.0
2485 2486 104.0
2487 439 106.0
439 2487 106.0
2487 2231 103.0
2231 2487 103.0
2487 2359 106.0
2359 2487 106.0
2487 2455 109.0
2455 2487 109.0
2487 2471 107.0
2471 2487 107.0
2487 2483 104.0
2483 2487 104.0
2487 2485 106.0
2485 2487 106.0
2488 440 206.0
440 2488 206.0
2488 2232 104.0
2232 2488 104.0
2488 2360 110.0
2360 2488 110.0
2488 2456 110.0
2456 2488 110.0
2488 2472 105.0
2472 2488 105.0
2488 2484 101.0
2484 2488 101.0
2488 2486 102.0
2486 2488 102.0
2488 2487 107.0
2487 2488 107.0
2489 441 106.0
441 2489 106.0
2489 2233 102.0
2233 2489 102.0
2489 2361 102.0
2361 2489 102.0
2489 2457 103.0
2457 2489 103.0
2489 2473 106.0
2473 2489 106.0
2489 2481 102.0
2481 2489 102.0
2490 442 107.0
442 2490 107.0
2490 2234 110.0
2234 2490 110.0
2490 2362 107.0
2362 2490 107.0
2490 2458 106.0
2458 2490 106.0
2490 2474 205.0
2474 2490 205.0
2490 2482 110.0
2482 2490 110.0
2490 2489 105.0
2489 2490 105.0
2491 443 110.0
443 2491 110.0
2491 2235 103.0
2235 2491 103.0
2491 2363 206.0
2363 2491 206.0
2491 2459 109.0
2459 2491 109.0
2491 2475 104.0
2475 2491 104.0
2491 2483 101.0
2483 2491 101.0
2491 2489 107.0
2489 2491 107.0
2492 444 105.0
444 2492 105.0
2492 2236 101.0
2236 2492 101.0
2492 2364 101.0
2364 2492 101.0
2492 2460 103.0
2460 2492 103.0
2492 2476 206.0
2476 2492 206.0
2492 2484 103.0
2484 2492 103.0
2492 2490 105.0
2490 2492 105.0
2492 2491 103.0
2491 2492 103.0
2493 445 103.0
445 2493 103.0
2493 2237 103.0
2237 2493 103.0
2493 2365 110.0
2365 2493 110.0
2493 2461 103.0
2461 2493 103.0
2493 2477 106.0
2477 2493 106.0
2493 2485 110.0
2485 2493 110.0
2493 2489 106.0
2489 2493 106.0
2494 446 103.0
446 2494 103.0
2494 2238 106.0
2238 2494 106.0
2494 2366 101.0
2366 2494 101.0
2494 2462 101.0
2462 2494 101.0
2494 2478 108.0
2478 2494 108.0
2494 2486 105.0
2486 2494 105.0
2494 2490 104.0
2490 2494 104.0
2494 2493 101.0
2493 2494 101.0
2495 447 110.0
447 2495 110.0
2495 2239 208.0
2239 2495 208.0
2495 2367 104.0
2367 2495 104.0
2495 2463 206.0
2463 2495 206.0
2495 2479 104.0
2479 2495 104.0
2495 2487 108.0
2487 2495 108.0
2495 2491 101.0
2491 2495 101.0
2495 2493 110.0
2493 2495 110.0
2496 448 107.0
448 2496 107.0
2496 2240 104.0
2240 2496 104.0
2496 2368 208.0
2368 2496 208.0
2496 2464 102.0
2464 2496 102.0
2496 2480 106.0
2480 2496 106.0
2496 2488 108.0
2488 2496 108.0
2496 2492 102.0
2492 2496 102.0
2496 2494 109.0
2494 2496 109.0
2496 2495 103.0
2495 2496 103.0
2497 449 207.0
449 2497 207.0
2497 2241 204.0
2241 2497 204.0
2497 2369 204.0
2369 2497 204.0
2497 2433 201.0
2433 2497 201.0
2498 450 102.0
450 2498 102.0
2498 2242 104.0
2242 2498 104.0
2498 2370 103.0
2370 2498 103.0
2498 2434 106.0
2434 2498 106.0
2498 2497 207.0
2497 2498 207.0
2499 451 104.0
451 2499 104.0
2499 2243 104.0
2243 2499 104.0
2499 2371 107.0
2371 2499 107.0
2499 2435 102.0
2435 2499 102.0
2499 2497 207.0
2497 2499 207.0
2500 452 106.0
452 2500 106.0
2500 2244 108.0
2244 2500 108.0
2500 2372 108.0
2372 2500 108.0
2500 2436 108.0
2436 2500 108.0
2500 2498 110.0
2498 2500 110.0
2500 2499 107.0
2499 2500 107.0
2501 453 103.0
453 2501 103.0
2501 2245 103.0
2245 2501 103.0
2501 2373 107.0
2373 2501 107.0
2501 2437 101.0
2437 2501 101.0
2501 2497 207.0
2497 2501 207.0
2502 454 201.0
454 2502 201.0
2502 2246 102.0
2246 2502 102.0
2502 2374 103.0
2374 2502 103.0
2502 2438 105.0
2438 2502 105.0
2502 2498 109.0
2498 2502 109.0
2502 2501 108.0
2501 2502 108.0
2503 455 205.0
455 2503 205.0
2503 2247 207.0
2247 2503 207.0
2503 2375 106.0
2375 2503 106.0
2503 2439 108.0
2439 2503 108.0
2503 2499 109.0
2499 2503 109.0
2503 2501 107.0
2501 2503 107.0
2504 456 101.0
456 2504 101.0
2504 2248 104.0
2248 2504 104.0
2504 2376 106.0
2376 2504 106.0
2504 2440 204.0
2440 2504 204.0
2504 2500 105.0
2500 2504 105.0
2504 2502 106.0
2502 2504 106.0
2504 2503 105.0
2503 2504 105.0
2505 457 208.0
457 2505 208.0
2505 2249 104.0
2249 2505 104.0
2505 2377 104.0
2377 2505 104.0
2505 2441 103.0
2441 2505 103.0
2505 2497 203.0
2497 2505 203.0
2506 458 108.0
458 2506 108.0
2506 2250 203.0
2250 2506 203.0
2506 2378 105.0
2378 2506 105.0
2506 2442 104.0
2442 2506 104.0
2506 2498 109.0
2498 2506 109.0
2506 2505 102.0
2505 2506 102.0
2507 459 110.0
459 2507 110.0
2507 2251 103.0
2251 2507 103.0
2507 2379 210.0
2379 2507 210.0
2507 2443 106.0
2443 2507 106.0
2507 2499 102.0
2499 2507 102.0
2507 2505 108.0
2505 2507 108.0
2508 460 103.0
460 2508 103.0
2508 2252 204.0
2252 2508 204.0
2508 2380 202.0
2380 2508 202.0
2508 2444 103.0
2444 2508 103.0
2508 2500 107.0
2500 2508 107.0
2508 2506 102.0
2506 2508 102.0
2508 2507 108.0
2507 2508 108.0
2509 461 110.0
461 2509 110.0
2509 2253 106.0
2253 2509 106.0
2509 2381 110.0
2381 2509 110.0
2509 2445 102.0
2445 2509 102.0
2509 2501 102.0
2501 2509 102.0
2509 2505 106.0
2505 2509 106.0
2510 462 202.0
462 2510 202.0
2510 2254 205.0
2254 2510 205.0
2510 2382 204.0
2382 2510 204.0
2510 2446 203.0
2446 2510 203.0
2510 2502 206.0
2502 2510 206.0
2510 2506 205.0
2506 2510 205.0
2510 2509 204.0
2509 2510 204.0
2511 463 102.0
463 2511 102.0
2511 2255 102.0
2255 2511 102.0
2511 2383 110.0
2383 2511 110.0
2511 2447 107.0
2447 2511 107.0
2511 2503 107.0
2503 2511 107.0
2511 2507 107.0
2507 2511 107.0
2511 2509 102.0
2509 2511 102.0
2512 464 106.0
464 2512 106.0
2512 2256 105.0
2256 2512 105.0
2512 2384 109.0
2384 2512 109.0
2512 2448 106.0
2448 2512 106.0
2512 2504 105.0
2504 2512 105.0
2512 2508 103.0
2508 2512 103.0
2512 2510 202.0
2510 2512 202.0
2512 2511 102.0
2511 2512 102.0
2513 465 103.0
465 2513 103.0
2513 2257 110.0
2257 2513 110.0
2513 2385 110.0
2385 2513 110.0
2513 2449 105.0
2449 2513 105.0
2513 2497 202.0
2497 2513 202.0
2514 466 106.0
466 2514 106.0
2514 2258 102.0
2258 2514 102.0
2514 2386 104.0
2386 2514 104.0
2514 2450 210.0
2450 2514 210.0
2514 2498 102.0
2498 2514 102.0
2514 2513 108.0
2513 2514 108.0
2515 467 207.0
467 2515 207.0
2515 2259 202.0
2259 2515 202.0
2515 2387 201.0
2387 2515 201.0
2515 2451 208.0
2451 2515 208.0
2515 2499 206.0
2499 2515 206.0
2515 2513 208.0
2513 2515 208.0
2516 468 107.0
468 2516 107.0
2516 2260 106.0
2260 2516 106.0
2516 2388 101.0
2388 2516 101.0
2516 2452 110.0
2452 2516 110.0
2516 2500 110.0
2500 2516 110.0
2516 2514 107.0
2514 2516 107.0
2516 2515 205.0
2515 2516 205.0
2517 469 203.0
469 2517 203.0
2517 2261 105.0
2261 2517 105.0
2517 2389 109.0
2389 2517 109.0
2517 2453 101.0
2453 2517 101.0
2517 2501 110.0
2501 2517 110.0
2517 2513 110.0
2513 2517 110.0
2518 470 101.0
470 2518 101.0
2518 2262 107.0
2262 2518 107.0
2518 2390 106.0
2390 2518 106.0
2518 2454 106.0
2454 2518 106.0
2518 2502 104.0
2502 2518 104.0
2518 2514 101.0
2514 2518 101.0
2518 2517 103.0
2517 2518 103.0
2519 471 108.0
471 2519 108.0
2519 2263 105.0
2263 2519 105.0
2519 2391 109.0
2391 2519 109.0
2519 2455 107.0
2455 2519 107.0
2519 2503 102.0
2503 2519 102.0
2519 2515 202.0
2515 2519 202.0
2519 2517 109.0
2517 2519 109.0
2520 472 202.0
472 2520 202.0
2520 2264 206.0
2264 2520 206.0
2520 2392 209.0
2392 2520 209.0
2520 2456 210.0
2456 2520 210.0
2520 2504 204.0
2504 2520 204.0
2520 2516 204.0
2516 2520 204.0
2520 2518 202.0
2518 2520 202.0
2520 2519 203.0
2519 2520 203.0
2521 473 107.0
473 2521 107.0
2521 2265 103.0
2265 2521 103.0
2521 2393 102.0
2393 2521 102.0
2521 2457 102.0
2457 2521 102.0
2521 2505 106.0
2505 2521 106.0
2521 2513 103.0
2513 2521 103.0
2522 474 104.0
474 2522 104.0
2522 2266 107.0
2266 2522 107.0
2522 2394 108.0
2394 2522 108.0
2522 2458 109.0
2458 2522 109.0
2522 2506 104.0
2506 2522 104.0
2522 2514 102.0
2514 2522 102.0
2522 2521 106.0
2521 2522 106.0
2523 475 104.0
475 2523 104.0
2523 2267 107.0
2267 2523 107.0
2523 2395 108.0
2395 2523 108.0
2523 2459 101.0
2459 2523 101.0
2523 2507 107.0
2507 2523 107.0
2523 2515 205.0
2515 2523 205.0
2523 2521 106.0
2521 2523 106.0
2524 476 202.0
476 2524 202.0
2524 2268 108.0
2268 2524 108.0
2524 2396 105.0
2396 2524 105.0
2524 2460 104.0
2460 2524 104.0
2524 2508 106.0
2508 2524 106.0
2524 2516 105.0
2516 2524 105.0
2524 2522 109.0
2522 2524 109.0
2524 2523 107.0
2523 2524 107.0
2525 477 104.0
477 2525 104.0
2525 2269 110.0
2269 2525 110.0
2525 2397 202.0
2397 2525 202.0
2525 2461 102.0
2461 2525 102.0
2525 2509 103.0
2509 2525 103.0
2525 2517 108.0
2517 2525 108.0
2525 2521 108.0
2521 2525 108.0
2526 478 108.0
478 2526 108.0
2526 2270 110.0
2270 2526 110.0
2526 2398 206.0
2398 2526 206.0
2526 2462 104.0
2462 2526 104.0
2526 2510 206.0
2510 2526 206.0
2526 2518 101.0
2518 2526 101.0
2526 2522 110.0
2522 2526 110.0
2526 2525 108.0
2525 2526 108.0
2527 479 108.0
479 2527 108.0
2527 2271 108.0
2271 2527 108.0
2527 2399 103.0
2399 2527 103.0
2527 2463 203.0
2463 2527 203.0
2527 2511 104.0
2511 2527 104.0
2527 2519 106.0
2519 2527 106.0
2527 2523 107.0
2523 2527 107.0
2527 2525 103.0
2525 2527 103.0
2528 480 106.0
480 2528 106.0
2528 2272 107.0
2272 2528 107.0
2528 2400 105.0
2400 2528 105.0
2528 2464 108.0
2464 2528 108.0
2528 2512 106.0
2512 2528 106.0
2528 2520 203.0
2520 2528 203.0
2528 2524 108.0
2524 2528 108.0
2528 2526 104.0
2526 2528 104.0
2528 2527 105.0
2527 2528 105.0
2529 481 101.0
481 2529 101.0
2529 2273 109.0
2273 2529 109.0
2529 2401 101.0
2401 2529 101.0
2529 2465 108.0
2465 2529 108.0
2529 2497 203.0
2497 2529 203.0
2530 482 103.0
482 2530 103.0
2530 2274 103.0
2274 2530 103.0
2530 2402 107.0
2402 2530 107.0
2530 2466 105.0
2466 2530 105.0
2530 2498 105.0
2498 2530 105.0
2530 2529 106.0
2529 2530 106.0
2531 483 106.0
483 2531 106.0
2531 2275 108.0
2275 2531 108.0
2531 2403 107.0
2403 2531 107.0
2531 2467 203.0
2467 2531 203.0
2531 2499 110.0
2499 2531 110.0
2531 2529 110.0
2529 2531 110.0
2532 484 205.0
484 2532 205.0
2532 2276 110.0
2276 2532 110.0
2532 2404 107.0
2404 2532 107.0
2532 2468 104.0
2468 2532 104.0
2532 2500 103.0
2500 2532 103.0
2532 2530 106.0
2530 2532 106.0
2532 2531 103.0
2531 2532 103.0
2533 485 201.0
485 2533 201.0
2533 2277 102.0
2277 2533 102.0
2533 2405 105.0
2405 2533 105.0
2533 2469 101.0
2469 2533 101.0
2533 2501 101.0
2501 2533 101.0
2533 2529 102.0
2529 2533 102.0
2534 486 103.0
486 2534 103.0
2534 2278 104.0
2278 2534 104.0
2534 2406 208.0
2406 2534 208.0
2534 2470 109.0
2470 2534 109.0
2534 2502 109.0
2502 2534 109.0
2534 2530 110.0
2530 2534 110.0
2534 2533 102.0
2533 2534 102.0
2535 487 105.0
487 2535 105.0
2535 2279 102.0
2279 2535 102.0
2535 2407 107.0
2407 2535 107.0
2535 2471 107.0
2471 2535 107.0
2535 2503 109.0
2503 2535 109.0
2535 2531 102.0
2531 2535 102.0
2535 2533 101.0
2533 2535 101.0
2536 488 106.0
488 2536 106.0
2536 2280 101.0
2280 2536 101.0
2536 2408 104.0
2408 2536 104.0
2536 2472 106.0
2472 2536 106.0
2536 2504 104.0
2504 2536 104.0
2536 2532 102.0
2532 2536 102.0
2536 2534 109.0
2534 2536 109.0
2536 2535 105.0
2535 2536 105.0
2537 489 107.0
489 2537 107.0
2537 2281 108.0
2281 2537 108.0
2537 2409 104.0
2409 2537 104.0
2537 2473 109.0
2473 2537 109.0
2537 2505 108.0
2505 2537 108.0
2537 2529 105.0
2529 2537 105.0
2538 490 102.0
490 2538 102.0
2538 2282 110.0
2282 2538 110.0
2538 2410 105.0
2410 2538 105.0
2538 2474 208.0
2474 2538 208.0
2538 2506 110.0
2506 2538 110.0
2538 2530 101.0
2530 2538 101.0
2538 2537 106.0
2537 2538 106.0
2539 491 104.0
491 2539 104.0
2539 2283 110.0
2283 2539 110.0
2539 2411 102.0
2411 2539 102.0
2539 2475 110.0
2475 2539 110.0
2539 2507 102.0
2507 2539 102.0
2539 2531 110.0
2531 2539 110.0
2539 2537 101.0
2537 2539 101.0
2540 492 103.0
492 2540 103.0
2540 2284 107.0
2284 2540 107.0
2540 2412 102.0
2412 2540 102.0
2540 2476 204.0
2476 2540 204.0
2540 2508 104.0
2508 2540 104.0
2540 2532 107.0
2532 2540 107.0
2540 2538 104.0
2538 2540 104.0
2540 2539 107.0
2539 2540 107.0
2541 493 106.0
493 2541 106.0
2541 2285 202.0
2285 2541 202.0
2541 2413 109.0
2413 2541 109.0
2541 2477 103.0
2477 2541 103.0
2541 2509 108.0
2509 2541 108.0
2541 2533 109.0
2533 2541 109.0
2541 2537 107.0
2537 2541 107.0
2542 494 106.0
494 2542 106.0
2542 2286 105.0
2286 2542 105.0
2542 2414 105.0
2414 2542 105.0
2542 2478 101.0
2478 2542 101.0
2542 2510 205.0
2510 2542 205.0
2542 2534 110.0
2534 2542 110.0
2542 2538 102.0
2538 2542 102.0
2542 2541 105.0
2541 2542 105.0
2543 495 208.0
495 2543 208.0
2543 2287 208.0
2287 2543 208.0
2543 2415 207.0
2415 2543 207.0
2543 2479 201.0
2479 2543 201.0
2543 2511 208.0
2511 2543 208.0
2543 2535 203.0
2535 2543 203.0
2543 2539 201.0
2539 2543 201.0
2543 2541 210.0
2541 2543 210.0
2544 496 108.0
496 2544 108.0
2544 2288 104.0
2288 2544 104.0
2544 2416 103.0
2416 2544 103.0
2544 2480 107.0
2480 2544 107.0
2544 2512 106.0
2512 2544 106.0
2544 2536 105.0
2536 2544 105.0
2544 2540 110.0
2540 2544 110.0
2544 2542 109.0
2542 2544 109.0
2544 2543 206.0
2543 2544 206.0
2545 497 106.0
497 2545 106.0
2545 2289 107.0
2289 2545 107.0
2545 2417 102.0
2417 2545 102.0
2545 2481 106.0
2481 2545 106.0
2545 2513 102.0
2513 2545 102.0
2545 2529 110.0
2529 2545 110.0
2546 498 103.0
498 2546 103.0
2546 2290 101.0
2290 2546 101.0
2546 2418 105.0
2418 2546 105.0
2546 2482 105.0
2482 2546 105.0
2546 2514 104.0
2514 2546 104.0
2546 2530 106.0
2530 2546 106.0
2546 2545 103.0
2545 2546 103.0
2547 499 108.0
499 2547 108.0
2547 2291 203.0
2291 2547 203.0
2547 2419 101.0
2419 2547 101.0
2547 2483 109.0
2483 2547 109.0
2547 2515 202.0
2515 2547 202.0
2547 2531 108.0
2531 2547 108.0
2547 2545 109.0
2545 2547 109.0
2548 500 109.0
500 2548 109.0
2548 2292 104.0
2292 2548 104.0
2548 2420 203.0
2420 2548 203.0
2548 2484 101.0
2484 2548 101.0
2548 2516 102.0
2516 2548 102.0
2548 2532 108.0
2532 2548 108.0
2548 2546 109.0
2546 2548 109.0
2548 2547 102.0
2547 2548 102.0
2549 501 208.0
501 2549 208.0
2549 2293 207.0
2293 2549 207.0
2549 2421 207.0
2421 2549 207.0
2549 2485 208.0
2485 2549 208.0
2549 2517 203.0
2517 2549 203.0
2549 2533 210.0
2533 2549 210.0
2549 2545 206.0
2545 2549 206.0
2550 502 207.0
502 2550 207.0
2550 2294 105.0
2294 2550 105.0
2550 2422 101.0
2422 2550 101.0
2550 2486 103.0
2486 2550 103.0
2550 2518 109.0
2518 2550 109.0
2550 2534 101.0
2534 2550 101.0
2550 2546 110.0
2546 2550 110.0
2550 2549 202.0
2549 2550 202.0
2551 503 106.0
503 2551 106.0
2551 2295 105.0
2295 2551 105.0
2551 2423 105.0
2423 2551 105.0
2551 2487 102.0
2487 2551 102.0
2551 2519 102.0
2519 2551 102.0
2551 2535 101.0
2535 2551 101.0
2551 2547 105.0
2547 2551 105.0
2551 2549 207.0
2549 2551 207.0
2552 504 109.0
504 2552 109.0
2552 2296 101.0
2296 2552 101.0
2552 2424 104.0
2424 2552 104.0
2552 2488 108.0
2488 2552 108.0
2552 2520 202.0
2520 2552 202.0
2552 2536 110.0
2536 2552 110.0
2552 2548 102.0
2548 2552 102.0
2552 2550 102.0
2550 2552 102.0
2552 2551 101.0
2551 2552 101.0
2553 505 205.0
505 2553 205.0
2553 2297 209.0
2297 2553 209.0
2553 2425 203.0
2425 2553 203.0
2553 2489 210.0
2489 2553 210.0
2553 2521 202.0
2521 2553 202.0
2553 2537 206.0
2537 2553 206.0
2553 2545 204.0
2545 2553 204.0
2554 506 101.0
506 2554 101.0
2554 2298 110.0
2298 2554 110.0
2554 2426 103.0
2426 2554 103.0
2554 2490 103.0
2490 2554 103.0
2554 2522 103.0
2522 2554 103.0
2554 2538 101.0
2538 2554 101.0
2554 2546 102.0
2546 2554 102.0
2554 2553 204.0
2553 2554 204.0
2555 507 207.0
507 2555 207.0
2555 2299 108.0
2299 2555 108.0
2555 2427 108.0
2427 2555 108.0
2555 2491 101.0
2491 2555 101.0
2555 2523 108.0
2523 2555 108.0
2555 2539 104.0
2539 2555 104.0
2555 2547 104.0
2547 2555 104.0
2555 2553 205.0
2553 2555 205.0
2556 508 107.0
508 2556 107.0
2556 2300 108.0
2300 2556 108.0
2556 2428 105.0
2428 2556 105.0
2556 2492 103.0
2492 2556 103.0
2556 2524 101.0
2524 2556 101.0
2556 2540 101.0
2540 2556 101.0
2556 2548 104.0
2548 2556 104.0
2556 2554 106.0
2554 2556 106.0
2556 2555 106.0
2555 2556 106.0
2557 509 110.0
509 2557 110.0
2557 2301 103.0
2301 2557 103.0
2557 2429 105.0
2429 2557 105.0
2557 2493 102.0
2493 2557 102.0
2557 2525 102.0
2525 2557 102.0
2557 2541 106.0
2541 2557 106.0
2557 2549 203.0
2549 2557 203.0
2557 2553 205.0
2553 2557 205.0
2558 510 207.0
510 2558 207.0
2558 2302 110.0
2302 2558 110.0
2558 2430 107.0
2430 2558 107.0
2558 2494 104.0
2494 2558 104.0
2558 2526 102.0
2526 2558 102.0
2558 2542 105.0
2542 2558 105.0
2558 2550 101.0
2550 2558 101.0
2558 2554 104.0
2554 2558 104.0
2558 2557 105.0
2557 2558 105.0
2559 511 107.0
511 2559 107.0
2559 2303 110.0
2303 2559 110.0
2559 2431 106.0
2431 2559 106.0
2559 2495 105.0
2495 2559 105.0
2559 2527 108.0
2527 2559 108.0
2559 2543 202.0
2543 2559 202.0
2559 2551 105.0
2551 2559 105.0
2559 2555 105.0
2555 2559 105.0
2559 2557 102.0
2557 2559 102.0
2560 512 107.0
512 2560 107.0
2560 2304 205.0
2304 2560 205.0
2560 2432 202.0
2432 2560 202.0
2560 2496 106.0
2496 2560 106.0
2560 2528 110.0
2528 2560 110.0
2560 2544 108.0
2544 2560 108.0
2560 2552 109.0
2552 2560 109.0
2560 2556 109.0
2556 2560 109.0
2560 2558 109.0
2558 2560 109.0
2560 2559 105.0
2559 2560 105.0
2561 513 110.0
513 2561 110.0
2561 2049 102.0
2049 2561 102.0
2562 514 101.0
514 2562 101.0
2562 2050 108.0
2050 2562 108.0
2562 2561 101.0
2561 2562 101.0
2563 515 204.0
515 2563 204.0
2563 2051 201.0
2051 2563 201.0
2563 2561 207.0
2561 2563 207.0
2564 516 108.0
516 2564 108.0
2564 2052 104.0
2052 2564 104.0
2564 2562 103.0
2562 2564 103.0
2564 2563 201.0
2563 2564 201.0
2565 517 106.0
517 2565 106.0
2565 2053 110.0
2053 2565 110.0
2565 2561 106.0
2561 2565 106.0
2566 518 201.0
518 2566 201.0
2566 2054 203.0
2054 2566 203.0
2566 2562 210.0
2562 2566 210.0
2566 2565 205.0
2565 2566 205.0
2567 519 103.0
519 2567 103.0
2567 2055 110.0
2055 2567 110.0
2567 2563 207.0
2563 2567 207.0
2567 2565 106.0
2565 2567 106.0
2568 520 102.0
520 2568 102.0
2568 2056 105.0
2056 2568 105.0
2568 2564 101.0
2564 2568 101.0
2568 2566 206.0
2566 2568 206.0
2568 2567 109.0
2567 2568 109.0
2569 521 110.0
521 2569 110.0
2569 2057 207.0
2057 2569 207.0
2569 2561 102.0
2561 2569 102.0
2570 522 105.0
522 2570 105.0
2570 2058 104.0
2058 2570 104.0
2570 2562 109.0
2562 2570 109.0
2570 2569 110.0
2569 2570 110.0
2571 523 209.0
523 2571 209.0
2571 2059 103.0
2059 2571 103.0
2571 2563 202.0
2563 2571 202.0
2571 2569 104.0
2569 2571 104.0
2572 524 101.0
524 2572 101.0
2572 2060 104.0
2060 2572 104.0
2572 2564 107.0
2564 2572 107.0
2572 2570 107.0
2570 2572 107.0
2572 2571 109.0
2571 2572 109.0
2573 525 109.0
525 2573 109.0
2573 2061 104.0
2061 2573 104.0
2573 2565 107.0
2565 2573 107.0
2573 2569 107.0
2569 2573 107.0
2574 526 107.0
526 2574 107.0
2574 2062 102.0
2062 2574 102.0
2574 2566 208.0
2566 2574 208.0
2574 2570 101.0
2570 2574 101.0
2574 2573 110.0
2573 2574 110.0
2575 527 105.0
527 2575 105.0
2575 2063 101.0
2063 2575 101.0
2575 2567 104.0
2567 2575 104.0
2575 2571 110.0
2571 2575 110.0
2575 2573 101.0
2573 2575 101.0
2576 528 109.0
528 2576 109.0
2576 2064 202.0
2064 2576 202.0
2576 2568 108.0
2568 2576 108.0
2576 2572 104.0
2572 2576 104.0
2576 2574 101.0
2574 2576 101.0
2576 2575 110.0
2575 2576 110.0
2577 529 108.0
529 2577 108.0
2577 2065 104.0
2065 2577 104.0
2577 2561 103.0
2561 2577 103.0
2578 530 102.0
530 2578 102.0
2578 2066 102.0
2066 2578 102.0
2578 2562 101.0
2562 2578 101.0
2578 2577 109.0
2577 2578 109.0
2579 531 102.0
531 2579 102.0
2579 2067 103.0
2067 2579 103.0
2579 2563 205.0
2563 2579 205.0
2579 2577 110.0
2577 2579 110.0
2580 532 205.0
532 2580 205.0
2580 2068 205.0
2068 2580 205.0
2580 2564 206.0
2564 2580 206.0
2580 2578 206.0
2578 2580 206.0
2580 2579 209.0
2579 2580 209.0
2581 533 110.0
533 2581 110.0
2581 2069 108.0
2069 2581 108.0
2581 2565 106.0
2565 2581 106.0
2581 2577 106.0
2577 2581 106.0
2582 534 202.0
534 2582 202.0
2582 2070 102.0
2070 2582 102.0
2582 2566 209.0
2566 2582 209.0
2582 2578 105.0
2578 2582 105.0
2582 2581 101.0
2581 2582 101.0
2583 535 108.0
535 2583 108.0
2583 2071 202.0
2071 2583 202.0
2583 2567 108.0
2567 2583 108.0
2583 2579 103.0
2579 2583 103.0
2583 2581 105.0
2581 2583 105.0
2584 536 103.0
536 2584 103.0
2584 2072 103.0
2072 2584 103.0
2584 2568 110.0
2568 2584 110.0
2584 2580 209.0
2580 2584 209.0
2584 2582 107.0
2582 2584 107.0
2584 2583 101.0
2583 2584 101.0
2585 537 103.0
537 2585 103.0
2585 2073 103.0
2073 2585 103.0
2585 2569 102.0
2569 2585 102.0
2585 2577 109.0
2577 2585 109.0
2586 538 109.0
538 2586 109.0
2586 2074 103.0
2074 2586 103.0
2586 2570 108.0
2570 2586 108.0
2586 2578 107.0
2578 2586 107.0
2586 2585 102.0
2585 2586 102.0
2587 539 109.0
539 2587 109.0
2587 2075 104.0
2075 2587 104.0
2587 2571 108.0
2571 2587 108.0
2587 2579 103.0
2579 2587 103.0
2587 2585 110.0
2585 2587 110.0
2588 540 209.0
540 2588 209.0
2588 2076 202.0
2076 2588 202.0
2588 2572 205.0
2572 2588 205.0
2588 2580 307.0
2580 2588 307.0
2588 2586 210.0
2586 2588 210.0
2588 2587 202.0
2587 2588 202.0
2589 541 203.0
541 2589 203.0
2589 2077 204.0
2077 2589 204.0
2589 2573 209.0
2573 2589 209.0
2589 2581 209.0
2581 2589 209.0
2589 2585 206.0
2585 2589 206.0
2590 542 110.0
542 2590 110.0
2590 2078 110.0
2078 2590 110.0
2590 2574 107.0
2574 2590 107.0
2590 2582 102.0
2582 2590 102.0
2590 2586 107.0
2586 2590 107.0
2590 2589 203.0
2589 2590 203.0
2591 543 103.0
543 2591 103.0
2591 2079 110.0
2079 2591 110.0
2591 2575 105.0
2575 2591 105.0
2591 2583 103.0
2583 2591 103.0
2591 2587 102.0
2587 2591 102.0
2591 2589 209.0
2589 2591 209.0
2592 544 106.0
544 2592 106.0
2592 2080 105.0
2080 2592 105.0
2592 2576 109.0
2576 2592 109.0
2592 2584 108.0
2584 2592 108.0
2592 2588 206.0
2588 2592 206.0
2592 2590 105.0
2590 2592 105.0
2592 2591 105.0
2591 2592 105.0
2593 545 204.0
545 2593 204.0
2593 2081 109.0
2081 2593 109.0
2593 2561 108.0
2561 2593 108.0
2594 546 109.0
546 2594 109.0
2594 2082 107.0
2082 2594 107.0
2594 2562 101.0
2562 2594 101.0
2594 2593 103.0
2593 2594 103.0
2595 547 204.0
547 2595 204.0
2595 2083 202.0
2083 2595 202.0
2595 2563 305.0
2563 2595 305.0
2595 2593 207.0
2593 2595 207.0
2596 548 107.0
548 2596 107.0
2596 2084 110.0
2084 2596 110.0
2596 2564 101.0
2564 2596 101.0
2596 2594 107.0
2594 2596 107.0
2596 2595 205.0
2595 2596 205.0
2597 549 101.0
549 2597 101.0
2597 2085 105.0
2085 2597 105.0
2597 2565 106.0
2565 2597 106.0
2597 2593 101.0
2593 2597 101.0
2598 550 103.0
550 2598 103.0
2598 2086 201.0
2086 2598 201.0
2598 2566 201.0
2566 2598 201.0
2598 2594 108.0
2594 2598 108.0
2598 2597 109.0
2597 2598 109.0
2599 551 104.0
551 2599 104.0
2599 2087 102.0
2087 2599 102.0
2599 2567 103.0
2567 2599 103.0
2599 2595 210.0
2595 2599 210.0
2599 2597 105.0
2597 2599 105.0
2600 552 207.0
552 2600 207.0
2600 2088 106.0
2088 2600 106.0
2600 2568 108.0
2568 2600 108.0
2600 2596 103.0
2596 2600 103.0
2600 2598 110.0
2598 2600 110.0
2600 2599 106.0
2599 2600 106.0
2601 553 105.0
553 2601 105.0
2601 2089 108.0
2089 2601 108.0
2601 2569 102.0
2569 2601 102.0
2601 2593 110.0
2593 2601 110.0
2602 554 202.0
554 2602 202.0
2602 2090 204.0
2090 2602 204.0
2602 2570 204.0
2570 2602 204.0
2602 2594 208.0
2594 2602 208.0
2602 2601 210.0
2601 2602 210.0
2603 555 105.0
555 2603 105.0
2603 2091 101.0
2091 2603 101.0
2603 2571 110.0
2571 2603 110.0
2603 2595 207.0
2595 2603 207.0
2603 2601 106.0
2601 2603 106.0
2604 556 102.0
556 2604 102.0
2604 2092 104.0
2092 2604 104.0
2604 2572 109.0
2572 2604 109.0
2604 2596 108.0
2596 2604 108.0
2604 2602 206.0
2602 2604 206.0
2604 2603 108.0
2603 2604 108.0
2605 557 107.0
557 2605 107.0
2605 2093 102.0
2093 2605 102.0
2605 2573 110.0
2573 2605 110.0
2605 2597 109.0
2597 2605 109.0
2605 2601 106.0
2601 2605 106.0
2606 558 109.0
558 2606 109.0
2606 2094 110.0
2094 2606 110.0
2606 2574 108.0
2574 2606 108.0
2606 2598 108.0
2598 2606 108.0
2606 2602 205.0
2602 2606 205.0
2606 2605 105.0
2605 2606 105.0
2607 559 104.0
559 2607 104.0
2607 2095 102.0
2095 2607 102.0
2607 2575 108.0
2575 2607 108.0
2607 2599 105.0
2599 2607 105.0
2607 2603 101.0
2603 2607 101.0
2607 2605 109.0
2605 2607 109.0
2608 560 102.0
560 2608 102.0
2608 2096 107.0
2096 2608 107.0
2608 2576 110.0
2576 2608 110.0
2608 2600 108.0
2600 2608 108.0
2608 2604 108.0
2604 2608 108.0
2608 2606 105.0
2606 2608 105.0
2608 2607 104.0
2607 2608 104.0
2609 561 109.0
561 2609 109.0
2609 2097 107.0
2097 2609 107.0
2609 2577 107.0
2577 2609 107.0
2609 2593 108.0
2593 2609 108.0
2610 562 101.0
562 2610 101.0
2610 2098 110.0
2098 2610 110.0
2610 2578 105.0
2578 2610 105.0
2610 2594 110.0
2594 2610 110.0
2610 2609 110.0
2609 2610 110.0
2611 563 103.0
563 2611 103.0
2611 2099 106.0
2099 2611 106.0
2611 2579 108.0
2579 2611 108.0
2611 2595 204.0
2595 2611 204.0
2611 2609 101.0
2609 2611 101.0
2612 564 204.0
564 2612 204.0
2612 2100 110.0
2100 2612 110.0
2612 2580 206.0
2580 2612 206.0
2612 2596 101.0
2596 2612 101.0
2612 2610 106.0
2610 2612 106.0
2612 2611 106.0
2611 2612 106.0
2613 565 206.0
565 2613 206.0
2613 2101 201.0
2101 2613 201.0
2613 2581 206.0
2581 2613 206.0
2613 2597 209.0
2597 2613 209.0
2613 2609 209.0
2609 2613 209.0
2614 566 109.0
566 2614 109.0
2614 2102 104.0
2102 2614 104.0
2614 2582 104.0
2582 2614 104.0
2614 2598 107.0
2598 2614 107.0
2614 2610 109.0
2610 2614 109.0
2614 2613 206.0
2613 2614 206.0
2615 567 101.0
567 2615 101.0
2615 2103 105.0
2103 2615 105.0
2615 2583 103.0
2583 2615 103.0
2615 2599 107.0
2599 2615 107.0
2615 2611 102.0
2611 2615 102.0
2615 2613 201.0
2613 2615 201.0
2616 568 102.0
568 2616 102.0
2616 2104 105.0
2104 2616 105.0
2616 2584 109.0
2584 2616 109.0
2616 2600 104.0
2600 2616 104.0
2616 2612 104.0
2612 2616 104.0
2616 2614 108.0
2614 2616 108.0
2616 2615 106.0
2615 2616 106.0
2617 569 110.0
569 2617 110.0
2617 2105 205.0
2105 2617 205.0
2617 2585 108.0
2585 2617 108.0
2617 2601 103.0
2601 2617 103.0
2617 2609 110.0
2609 2617 110.0
2618 570 106.0
570 2618 106.0
2618 2106 106.0
2106 2618 106.0
2618 2586 104.0
2586 2618 104.0
2618 2602 203.0
2602 2618 203.0
2618 2610 110.0
2610 2618 110.0
2618 2617 105.0
2617 2618 105.0
2619 571 101.0
571 2619 101.0
2619 2107 103.0
2107 2619 103.0
2619 2587 105.0
2587 2619 105.0
2619 2603 103.0
2603 2619 103.0
2619 2611 106.0
2611 2619 106.0
2619 2617 106.0
2617 2619 106.0
2620 572 105.0
572 2620 105.0
2620 2108 103.0
2108 2620 103.0
2620 2588 205.0
2588 2620 205.0
2620 2604 104.0
2604 2620 104.0
2620 2612 104.0
2612 2620 104.0
2620 2618 109.0
2618 2620 109.0
2620 2619 103.0
2619 2620 103.0
2621 573 207.0
573 2621 207.0
2621 2109 205.0
2109 2621 205.0
2621 2589 303.0
2589 2621 303.0
2621 2605 205.0
2605 2621 205.0
2621 2613 310.0
2613 2621 310.0
2621 2617 201.0
2617 2621 201.0
2622 574 102.0
574 2622 102.0
2622 2110 109.0
2110 2622 109.0
2622 2590 105.0
2590 2622 105.0
2622 2606 103.0
2606 2622 103.0
2622 2614 106.0
2614 2622 106.0
2622 2618 105.0
2618 2622 105.0
2622 2621 205.0
2621 2622 205.0
2623 575 206.0
575 2623 206.0
2623 2111 104.0
2111 2623 104.0
2623 2591 107.0
2591 2623 107.0
2623 2607 105.0
2607 2623 105.0
2623 2615 107.0
2615 2623 107.0
2623 2619 109.0
2619 2623 109.0
2623 2621 204.0
2621 2623 204.0
2624 576 105.0
576 2624 105.0
2624 2112 103.0
2112 2624 103.0
2624 2592 109.0
2592 2624 109.0
2624 2608 106.0
2608 2624 106.0
2624 2616 109.0
2616 2624 109.0
2624 2620 110.0
2620 2624 110.0
2624 2622 104.0
2622 2624 104.0
2624 2623 109.0
2623 2624 109.0
2625 577 105.0
577 2625 105.0
2625 2113 101.0
2113 2625 101.0
2625 2561 105.0
2561 2625 105.0
2626 578 209.0
578 2626 209.0
2626 2114 210.0
2114 2626 210.0
2626 2562 105.0
2562 2626 105.0
2626 2625 109.0
2625 2626 109.0
2627 579 105.0
579 2627 105.0
2627 2115 109.0
2115 2627 109.0
2627 2563 210.0
2563 2627 210.0
2627 2625 109.0
2625 2627 109.0
2628 580 107.0
580 2628 107.0
2628 2116 201.0
2116 2628 201.0
2628 2564 108.0
2564 2628 108.0
2628 2626 107.0
2626 2628 107.0
2628 2627 101.0
2627 2628 101.0
2629 581 108.0
581 2629 108.0
2629 2117 109.0
2117 2629 109.0
2629 2565 106.0
2565 2629 106.0
2629 2625 105.0
2625 2629 105.0
2630 582 104.0
582 2630 104.0
2630 2118 103.0
2118 2630 103.0
2630 2566 208.0
2566 2630 208.0
2630 2626 105.0
2626 2630 105.0
2630 2629 109.0
2629 2630 109.0
2631 583 204.0
583 2631 204.0
2631 2119 107.0
2119 2631 107.0
2631 2567 102.0
2567 2631 102.0
2631 2627 103.0
2627 2631 103.0
2631 2629 110.0
2629 2631 110.0
2632 584 105.0
584 2632 105.0
2632 2120 108.0
2120 2632 108.0
2632 2568 104.0
2568 2632 104.0
2632 2628 105.0
2628 2632 105.0
2632 2630 108.0
2630 2632 108.0
2632 2631 104.0
2631 2632 104.0
2633 585 107.0
585 2633 107.0
2633 2121 101.0
2121 2633 101.0
2633 2569 102.0
2569 2633 102.0
2633 2625 102.0
2625 2633 102.0
2634 586 108.0
586 2634 108.0
2634 2122 105.0
2122 2634 105.0
2634 2570 108.0
2570 2634 108.0
2634 2626 104.0
2626 2634 104.0
2634 2633 103.0
2633 2634 103.0
2635 587 110.0
587 2635 110.0
2635 2123 102.0
2123 2635 102.0
2635 2571 108.0
2571 2635 108.0
2635 2627 110.0
2627 2635 110.0
2635 2633 108.0
2633 2635 108.0
2636 588 108.0
588 2636 108.0
2636 2124 106.0
2124 2636 106.0
2636 2572 103.0
2572 2636 103.0
2636 2628 107.0
2628 2636 107.0
2636 2634 104.0
2634 2636 104.0
2636 2635 106.0
2635 2636 106.0
2637 589 203.0
589 2637 203.0
2637 2125 108.0
2125 2637 108.0
2637 2573 109.0
2573 2637 109.0
2637 2629 108.0
2629 2637 108.0
2637 2633 101.0
2633 2637 101.0
2638 590 110.0
590 2638 110.0
2638 2126 102.0
2126 2638 102.0
2638 2574 105.0
2574 2638 105.0
2638 2630 103.0
2630 2638 103.0
2638 2634 105.0
2634 2638 105.0
2638 2637 105.0
2637 2638 105.0
2639 591 102.0
591 2639 102.0
2639 2127 107.0
2127 2639 107.0
2639 2575 103.0
2575 2639 103.0
2639 2631 110.0
2631 2639 110.0
2639 2635 102.0
2635 2639 102.0
2639 2637 110.0
2637 2639 110.0
2640 592 205.0
592 2640 205.0
2640 2128 102.0
2128 2640 102.0
2640 2576 106.0
2576 2640 106.0
2640 2632 110.0
2632 2640 110.0
2640 2636 108.0
2636 2640 108.0
2640 2638 102.0
2638 2640 102.0
2640 2639 110.0
2639 2640 110.0
2641 593 210.0
593 2641 210.0
2641 2129 304.0
2129 2641 304.0
2641 2577 206.0
2577 2641 206.0
2641 2625 206.0
2625 2641 206.0
2642 594 107.0
594 2642 107.0
2642 2130 110.0
2130 2642 110.0
2642 2578 110.0
2578 2642 110.0
2642 2626 108.0
2626 2642 108.0
2642 2641 209.0
2641 2642 209.0
2643 595 109.0
595 2643 109.0
2643 2131 104.0
2131 2643 104.0
2643 2579 101.0
2579 2643 101.0
2643 2627 104.0
2627 2643 104.0
2643 2641 205.0
2641 2643 205.0
2644 596 110.0
596 2644 110.0
2644 2132 109.0
2132 2644 109.0
2644 2580 205.0
2580 2644 205.0
2644 2628 106.0
2628 2644 106.0
2644 2642 104.0
2642 2644 104.0
2644 2643 108.0
2643 2644 108.0
2645 597 108.0
597 2645 108.0
2645 2133 106.0
2133 2645 106.0
2645 2581 108.0
2581 2645 108.0
2645 2629 108.0
2629 2645 108.0
2645 2641 201.0
2641 2645 201.0
2646 598 110.0
598 2646 110.0
2646 2134 210.0
2134 2646 210.0
2646 2582 104.0
2582 2646 104.0
2646 2630 108.0
2630 2646 108.0
2646 2642 109.0
2642 2646 109.0
2646 2645 106.0
2645 2646 106.0
2647 599 105.0
599 2647 105.0
2647 2135 102.0
2135 2647 102.0
2647 2583 101.0
2583 2647 101.0
2647 2631 105.0
2631 2647 105.0
2647 2643 101.0
2643 2647 101.0
2647 2645 107.0
2645 2647 107.0
2648 600 202.0
600 2648 202.0
2648 2136 105.0
2136 2648 105.0
2648 2584 107.0
2584 2648 107.0
2648 2632 108.0
2632 2648 108.0
2648 2644 107.0
2644 2648 107.0
2648 2646 109.0
2646 2648 109.0
2648 2647 101.0
2647 2648 101.0
2649 601 110.0
601 2649 110.0
2649 2137 102.0
2137 2649 102.0
2649 2585 107.0
2585 2649 107.0
2649 2633 110.0
2633 2649 110.0
2649 2641 208.0
2641 2649 208.0
2650 602 201.0
602 2650 201.0
2650 2138 110.0
2138 2650 110.0
2650 2586 109.0
2586 2650 109.0
2650 2634 107.0
2634 2650 107.0
2650 2642 106.0
2642 2650 106.0
2650 2649 105.0
2649 2650 105.0
2651 603 104.0
603 2651 104.0
2651 2139 102.0
2139 2651 102.0
2651 2587 110.0
2587 2651 110.0
2651 2635 103.0
2635 2651 103.0
2651 2643 107.0
2643 2651 107.0
2651 2649 103.0
2649 2651 103.0
2652 604 109.0
604 2652 109.0
2652 2140 108.0
2140 2652 108.0
2652 2588 205.0
2588 2652 205.0
2652 2636 104.0
2636 2652 104.0
2652 2644 108.0
2644 2652 108.0
2652 2650 101.0
2650 2652 101.0
2652 2651 102.0
2651 2652 102.0
2653 605 101.0
605 2653 101.0
2653 2141 103.0
2141 2653 103.0
2653 2589 210.0
2589 2653 210.0
2653 2637 109.0
2637 2653 109.0
2653 2645 101.0
2645 2653 101.0
2653 2649 107.0
2649 2653 107.0
2654 606 105.0
606 2654 105.0
2654 2142 103.0
2142 2654 103.0
2654 2590 102.0
2590 2654 102.0
2654 2638 108.0
2638 2654 108.0
2654 2646 109.0
2646 2654 109.0
2654 2650 105.0
2650 2654 105.0
2654 2653 110.0
2653 2654 110.0
2655 607 106.0
607 2655 106.0
2655 2143 103.0
2143 2655 103.0
2655 2591 103.0
2591 2655 103.0
2655 2639 102.0
2639 2655 102.0
2655 2647 109.0
2647 2655 109.0
2655 2651 103.0
2651 2655 103.0
2655 2653 101.0
2653 2655 101.0
2656 608 109.0
608 2656 109.0
2656 2144 103.0
2144 2656 103.0
2656 2592 107.0
2592 2656 107.0
2656 2640 104.0
2640 2656 104.0
2656 2648 102.0
2648 2656 102.0
2656 2652 110.0
2652 2656 110.0
2656 2654 108.0
2654 2656 108.0
2656 2655 102.0
2655 2656 102.0
2657 609 107.0
609 2657 107.0
2657 2145 102.0
2145 2657 102.0
2657 2593 107.0
2593 2657 107.0
2657 2625 105.0
2625 2657 105.0
2658 610 104.0
610 2658 104.0
2658 2146 105.0
2146 2658 105.0
2658 2594 104.0
2594 2658 104.0
2658 2626 101.0
2626 2658 101.0
2658 2657 102.0
2657 2658 102.0
2659 611 106.0
611 2659 106.0
2659 2147 101.0
2147 2659 101.0
2659 2595 209.0
2595 2659 209.0
2659 2627 110.0
2627 2659 110.0
2659 2657 104.0
2657 2659 104.0
2660 612 110.0
612 2660 110.0
2660 2148 109.0
2148 2660 109.0
2660 2596 103.0
2596 2660 103.0
2660 2628 105.0
2628 2660 105.0
2660 2658 103.0
2658 2660 103.0
2660 2659 106.0
2659 2660 106.0
2661 613 105.0
613 2661 105.0
2661 2149 108.0
2149 2661 108.0
2661 2597 110.0
2597 2661 110.0
2661 2629 102.0
2629 2661 102.0
2661 2657 108.0
2657 2661 108.0
2662 614 107.0
614 2662 107.0
2662 2150 205.0
2150 2662 205.0
2662 2598 108.0
2598 2662 108.0
2662 2630 108.0
2630 2662 108.0
2662 2658 107.0
2658 2662 107.0
2662 2661 109.0
2661 2662 109.0
2663 615 107.0
615 2663 107.0
2663 2151 103.0
2151 2663 103.0
2663 2599 101.0
2599 2663 101.0
2663 2631 104.0
2631 2663 104.0
2663 2659 102.0
2659 2663 102.0
2663 2661 110.0
2661 2663 110.0
2664 616 102.0
616 2664 102.0
2664 2152 102.0
2152 2664 102.0
2664 2600 103.0
2600 2664 103.0
2664 2632 105.0
2632 2664 105.0
2664 2660 104.0
2660 2664 104.0
2664 2662 109.0
2662 2664 109.0
2664 2663 105.0
2663 2664 105.0
2665 617 104.0
617 2665 104.0
2665 2153 103.0
2153 2665 103.0
2665 2601 102.0
2601 2665 102.0
2665 2633 109.0
2633 2665 109.0
2665 2657 109.0
2657 2665 109.0
2666 618 206.0
618 2666 206.0
2666 2154 205.0
2154 2666 205.0
2666 2602 302.0
2602 2666 302.0
2666 2634 204.0
2634 2666 204.0
2666 2658 210.0
2658 2666 210.0
2666 2665 209.0
2665 2666 209.0
2667 619 104.0
619 2667 104.0
2667 2155 108.0
2155 2667 108.0
2667 2603 109.0
2603 2667 109.0
2667 2635 107.0
2635 2667 107.0
2667 2659 103.0
2659 2667 103.0
2667 2665 107.0
2665 2667 107.0
2668 620 103.0
620 2668 103.0
2668 2156 106.0
2156 2668 106.0
2668 2604 108.0
2604 2668 108.0
2668 2636 104.0
2636 2668 104.0
2668 2660 108.0
2660 2668 108.0
2668 2666 202.0
2666 2668 202.0
2668 2667 101.0
2667 2668 101.0
2669 621 108.0
621 2669 108.0
2669 2157 201.0
2157 2669 201.0
2669 2605 110.0
2605 2669 110.0
2669 2637 109.0
2637 2669 109.0
2669 2661 106.0
2661 2669 106.0
2669 2665 101.0
2665 2669 101.0
2670 622 208.0
622 2670 208.0
2670 2158 203.0
2158 2670 203.0
2670 2606 201.0
2606 2670 201.0
2670 2638 209.0
2638 2670 209.0
2670 2662 202.0
2662 2670 202.0
2670 2666 301.0
2666 2670 301.0
2670 2669 208.0
2669 2670 208.0
2671 623 103.0
623 2671 103.0
2671 2159 210.0
2159 2671 210.0
2671 2607 108.0
2607 2671 108.0
2671 2639 104.0
2639 2671 104.0
2671 2663 108.0
2663 2671 108.0
2671 2667 107.0
2667 2671 107.0
2671 2669 101.0
2669 2671 101.0
2672 624 105.0
624 2672 105.0
2672 2160 101.0
2160 2672 101.0
2672 2608 101.0
2608 2672 101.0
2672 2640 106.0
2640 2672 106.0
2672 2664 108.0
2664 2672 108.0
2672 2668 102.0
2668 2672 102.0
2672 2670 206.0
2670 2672 206.0
2672 2671 110.0
2671 2672 110.0
2673 625 108.0
625 2673 108.0
2673 2161 106.0
2161 2673 106.0
2673 2609 105.0
2609 2673 105.0
2673 2641 203.0
2641 2673 203.0
2673 2657 102.0
2657 2673 102.0
2674 626 102.0
626 2674 102.0
2674 2162 103.0
2162 2674 103.0
2674 2610 110.0
2610 2674 110.0
2674 2642 109.0
2642 2674 109.0
2674 2658 107.0
2658 2674 107.0
2674 2673 104.0
2673 2674 104.0
2675 627 107.0
627 2675 107.0
2675 2163 103.0
2163 2675 103.0
2675 2611 110.0
2611 2675 110.0
2675 2643 107.0
2643 2675 107.0
2675 2659 110.0
2659 2675 110.0
2675 2673 103.0
2673 2675 103.0
2676 628 204.0
628 2676 204.0
2676 2164 104.0
2164 2676 104.0
2676 2612 109.0
2612 2676 109.0
2676 2644 104.0
2644 2676 104.0
2676 2660 110.0
2660 2676 110.0
2676 2674 106.0
2674 2676 106.0
2676 2675 109.0
2675 2676 109.0
2677 629 102.0
629 2677 102.0
2677 2165 105.0
2165 2677 105.0
2677 2613 203.0
2613 2677 203.0
2677 2645 101.0
2645 2677 101.0
2677 2661 109.0
2661 2677 109.0
2677 2673 108.0
2673 2677 108.0
2678 630 105.0
630 2678 105.0
2678 2166 105.0
2166 2678 105.0
2678 2614 109.0
2614 2678 109.0
2678 2646 110.0
2646 2678 110.0
2678 2662 105.0
2662 2678 105.0
2678 2674 109.0
2674 2678 109.0
2678 2677 104.0
2677 2678 104.0
2679 631 204.0
631 2679 204.0
2679 2167 104.0
2167 2679 104.0
2679 2615 104.0
2615 2679 104.0
2679 2647 110.0
2647 2679 110.0
2679 2663 109.0
2663 2679 109.0
2679 2675 110.0
2675 2679 110.0
2679 2677 109.0
2677 2679 109.0
2680 632 103.0
632 2680 103.0
2680 2168 201.0
2168 2680 201.0
2680 2616 102.0
2616 2680 102.0
2680 2648 106.0
2648 2680 106.0
2680 2664 101.0
2664 2680 101.0
2680 2676 106.0
2676 2680 106.0
2680 2678 105.0
2678 2680 105.0
2680 2679 101.0
2679 2680 101.0
2681 633 103.0
633 2681 103.0
2681 2169 106.0
2169 2681 106.0
2681 2617 105.0
2617 2681 105.0
2681 2649 108.0
2649 2681 108.0
2681 2665 110.0
2665 2681 110.0
2681 2673 109.0
2673 2681 109.0
2682 634 103.0
634 2682 103.0
2682 2170 208.0
2170 2682 208.0
2682 2618 101.0
2618 2682 101.0
2682 2650 106.0
2650 2682 106.0
2682 2666 205.0
2666 2682 205.0
2682 2674 107.0
2674 2682 107.0
2682 2681 109.0
2681 2682 109.0
2683 635 207.0
635 2683 207.0
2683 2171 207.0
2171 2683 207.0
2683 2619 203.0
2619 2683 203.0
2683 2651 204.0
2651 2683 204.0
2683 2667 207.0
2667 2683 207.0
2683 2675 206.0
2675 2683 206.0
2683 2681 209.0
2681 2683 209.0
2684 636 106.0
636 2684 106.0
2684 2172 103.0
2172 2684 103.0
2684 2620 101.0
2620 2684 101.0
2684 2652 106.0
2652 2684 106.0
2684 2668 108.0
2668 2684 108.0
2684 2676 106.0
2676 2684 106.0
2684 2682 107.0
2682 2684 107.0
2684 2683 210.0
2683 2684 210.0
2685 637 109.0
637 2685 109.0
2685 2173 103.0
2173 2685 103.0
2685 2621 209.0
2621 2685 209.0
2685 2653 103.0
2653 2685 103.0
2685 2669 108.0
2669 2685 108.0
2685 2677 106.0
2677 2685 106.0
2685 2681 107.0
2681 2685 107.0
2686 638 101.0
638 2686 101.0
2686 2174 109.0
2174 2686 109.0
2686 2622 102.0
2622 2686 102.0
2686 2654 102.0
2654 2686 102.0
2686 2670 202.0
2670 2686 202.0
2686 2678 105.0
2678 2686 105.0
2686 2682 106.0
2682 2686 106.0
2686 2685 102.0
2685 2686 102.0
2687 639 101.0
639 2687 101.0
2687 2175 107.0
2175 2687 107.0
2687 2623 103.0
2623 2687 103.0
2687 2655 110.0
2655 2687 110.0
2687 2671 105.0
2671 2687 105.0
2687 2679 104.0
2679 2687 104.0
2687 2683 210.0
2683 2687 210.0
2687 2685 101.0
2685 2687 101.0
2688 640 104.0
640 2688 104.0
2688 2176 101.0
2176 2688 101.0
2688 2624 101.0
2624 2688 101.0
2688 2656 110.0
2656 2688 110.0
2688 2672 108.0
2672 2688 108.0
2688 2680 102.0
2680 2688 102.0
2688 2684 102.0
2684 2688 102.0
2688 2686 107.0
2686 2688 107.0
2688 2687 110.0
2687 2688 110.0
2689 641 105.0
641 2689 105.0
2689 2177 101.0
2177 2689 101.0
2689 2561 102.0
2561 2689 102.0
2690 642 204.0
642 2690 204.0
2690 2178 201.0
2178 2690 201.0
2690 2562 202.0
2562 2690 202.0
2690 2689 202.0
2689 2690 202.0
2691 643 110.0
643 2691 110.0
2691 2179 109.0
2179 2691 109.0
2691 2563 203.0
2563 2691 203.0
2691 2689 103.0
2689 2691 103.0
2692 644 102.0
644 2692 102.0
2692 2180 101.0
2180 2692 101.0
2692 2564 105.0
2564 2692 105.0
2692 2690 206.0
2690 2692 206.0
2692 2691 106.0
2691 2692 106.0
2693 645 108.0
645 2693 108.0
2693 2181 109.0
2181 2693 109.0
2693 2565 103.0
2565 2693 103.0
2693 2689 103.0
2689 2693 103.0
2694 646 101.0
646 2694 101.0
2694 2182 105.0
2182 2694 105.0
2694 2566 206.0
2566 2694 206.0
2694 2690 207.0
2690 2694 207.0
2694 2693 101.0
2693 2694 101.0
2695 647 103.0
647 2695 103.0
2695 2183 202.0
2183 2695 202.0
2695 2567 102.0
2567 2695 102.0
2695 2691 106.0
2691 2695 106.0
2695 2693 103.0
2693 2695 103.0
2696 648 207.0
648 2696 207.0
2696 2184 110.0
2184 2696 110.0
2696 2568 103.0
2568 2696 103.0
2696 2692 101.0
2692 2696 101.0
2696 2694 108.0
2694 2696 108.0
2696 2695 106.0
2695 2696 106.0
2697 649 106.0
649 2697 106.0
2697 2185 103.0
2185 2697 103.0
2697 2569 109.0
2569 2697 109.0
2697 2689 104.0
2689 2697 104.0
2698 650 210.0
650 2698 210.0
2698 2186 102.0
2186 2698 102.0
2698 2570 103.0
2570 2698 103.0
2698 2690 205.0
2690 2698 205.0
2698 2697 102.0
2697 2698 102.0
2699 651 102.0
651 2699 102.0
2699 2187 106.0
2187 2699 106.0
2699 2571 105.0
2571 2699 105.0
2699 2691 102.0
2691 2699 102.0
2699 2697 110.0
2697 2699 110.0
2700 652 103.0
652 2700 103.0
2700 2188 108.0
2188 2700 108.0
2700 2572 102.0
2572 2700 102.0
2700 2692 107.0
2692 2700 107.0
2700 2698 108.0
2698 2700 108.0
2700 2699 104.0
2699 2700 104.0
2701 653 107.0
653 2701 107.0
2701 2189 102.0
2189 2701 102.0
2701 2573 102.0
2573 2701 102.0
2701 2693 106.0
2693 2701 106.0
2701 2697 102.0
2697 2701 102.0
2702 654 108.0
654 2702 108.0
2702 2190 208.0
2190 2702 208.0
2702 2574 105.0
2574 2702 105.0
2702 2694 107.0
2694 2702 107.0
2702 2698 108.0
2698 2702 108.0
2702 2701 106.0
2701 2702 106.0
2703 655 105.0
655 2703 105.0
2703 2191 105.0
2191 2703 105.0
2703 2575 108.0
2575 2703 108.0
2703 2695 103.0
2695 2703 103.0
2703 2699 109.0
2699 2703 109.0
2703 2701 103.0
2701 2703 103.0
2704 656 109.0
656 2704 109.0
2704 2192 101.0
2192 2704 101.0
2704 2576 110.0
2576 2704 110.0
2704 2696 109.0
2696 2704 109.0
2704 2700 101.0
2700 2704 101.0
2704 2702 105.0
2702 2704 105.0
2704 2703 103.0
2703 2704 103.0
2705 657 103.0
657 2705 103.0
2705 2193 102.0
2193 2705 102.0
2705 2577 105.0
2577 2705 105.0
2705 2689 109.0
2689 2705 109.0
2706 658 106.0
658 2706 106.0
2706 2194 101.0
2194 2706 101.0
2706 2578 103.0
2578 2706 103.0
2706 2690 208.0
2690 2706 208.0
2706 2705 110.0
2705 2706 110.0
2707 659 102.0
659 2707 102.0
2707 2195 110.0
2195 2707 110.0
2707 2579 103.0
2579 2707 103.0
2707 2691 101.0
2691 2707 101.0
2707 2705 107.0
2705 2707 107.0
2708 660 103.0
660 2708 103.0
2708 2196 109.0
2196 2708 109.0
2708 2580 209.0
2580 2708 209.0
2708 2692 109.0
2692 2708 109.0
2708 2706 108.0
2706 2708 108.0
2708 2707 109.0
2707 2708 109.0
2709 661 101.0
661 2709 101.0
2709 2197 202.0
2197 2709 202.0
2709 2581 107.0
2581 2709 107.0
2709 2693 104.0
2693 2709 104.0
2709 2705 107.0
2705 2709 107.0
2710 662 206.0
662 2710 206.0
2710 2198 109.0
2198 2710 109.0
2710 2582 107.0
2582 2710 107.0
2710 2694 104.0
2694 2710 104.0
2710 2706 108.0
2706 2710 108.0
2710 2709 107.0
2709 2710 107.0
2711 663 203.0
663 2711 203.0
2711 2199 203.0
2199 2711 203.0
2711 2583 206.0
2583 2711 206.0
2711 2695 208.0
2695 2711 208.0
2711 2707 207.0
2707 2711 207.0
2711 2709 208.0
2709 2711 208.0
2712 664 105.0
664 2712 105.0
2712 2200 107.0
2200 2712 107.0
2712 2584 106.0
2584 2712 106.0
2712 2696 105.0
2696 2712 105.0
2712 2708 104.0
2708 2712 104.0
2712 2710 110.0
2710 2712 110.0
2712 2711 208.0
2711 2712 208.0
2713 665 102.0
665 2713 102.0
2713 2201 101.0
2201 2713 101.0
2713 2585 105.0
2585 2713 105.0
2713 2697 103.0
2697 2713 103.0
2713 2705 101.0
2705 2713 101.0
2714 666 109.0
666 2714 109.0
2714 2202 103.0
2202 2714 103.0
2714 2586 105.0
2586 2714 105.0
2714 2698 105.0
2698 2714 105.0
2714 2706 105.0
2706 2714 105.0
2714 2713 108.0
2713 2714 108.0
2715 667 107.0
667 2715 107.0
2715 2203 201.0
2203 2715 201.0
2715 2587 106.0
2587 2715 106.0
2715 2699 105.0
2699 2715 105.0
2715 2707 104.0
2707 2715 104.0
2715 2713 103.0
2713 2715 103.0
2716 668 208.0
668 2716 208.0
2716 2204 109.0
2204 2716 109.0
2716 2588 209.0
2588 2716 209.0
2716 2700 109.0
2700 2716 109.0
2716 2708 101.0
2708 2716 101.0
2716 2714 104.0
2714 2716 104.0
2716 2715 102.0
2715 2716 102.0
2717 669 104.0
669 2717 104.0
2717 2205 102.0
2205 2717 102.0
2717 2589 208.0
2589 2717 208.0
2717 2701 106.0
2701 2717 106.0
2717 2709 110.0
2709 2717 110.0
2717 2713 108.0
2713 2717 108.0
2718 670 106.0
670 2718 106.0
2718 2206 206.0
2206 2718 206.0
2718 2590 101.0
2590 2718 101.0
2718 2702 104.0
2702 2718 104.0
2718 2710 109.0
2710 2718 109.0
2718 2714 103.0
2714 2718 103.0
2718 2717 103.0
2717 2718 103.0
2719 671 106.0
671 2719 106.0
2719 2207 110.0
2207 2719 110.0
2719 2591 104.0
2591 2719 104.0
2719 2703 102.0
2703 2719 102.0
2719 2711 201.0
2711 2719 201.0
2719 2715 108.0
2715 2719 108.0
2719 2717 102.0
2717 2719 102.0
2720 672 106.0
672 2720 106.0
2720 2208 110.0
2208 2720 110.0
2720 2592 106.0
2592 2720 106.0
2720 2704 110.0
2704 2720 110.0
2720 2712 108.0
2712 2720 108.0
2720 2716 107.0
2716 2720 107.0
2720 2718 107.0
2718 2720 107.0
2720 2719 106.0
2719 2720 106.0
2721 673 110.0
673 2721 110.0
2721 2209 203.0
2209 2721 203.0
2721 2593 105.0
2593 2721 105.0
2721 2689 104.0
2689 2721 104.0
2722 674 101.0
674 2722 101.0
2722 2210 104.0
2210 2722 104.0
2722 2594 102.0
2594 2722 102.0
2722 2690 202.0
2690 2722 202.0
2722 2721 110.0
2721 2722 110.0
2723 675 206.0
675 2723 206.0
2723 2211 108.0
2211 2723 108.0
2723 2595 208.0
2595 2723 208.0
2723 2691 105.0
2691 2723 105.0
2723 2721 106.0
2721 2723 106.0
2724 676 105.0
676 2724 105.0
2724 2212 102.0
2212 2724 102.0
2724 2596 109.0
2596 2724 109.0
2724 2692 102.0
2692 2724 102.0
2724 2722 107.0
2722 2724 107.0
2724 2723 110.0
2723 2724 110.0
2725 677 108.0
677 2725 108.0
2725 2213 107.0
2213 2725 107.0
2725 2597 110.0
2597 2725 110.0
2725 2693 102.0
2693 2725 102.0
2725 2721 101.0
2721 2725 101.0
2726 678 106.0
678 2726 106.0
2726 2214 204.0
2214 2726 204.0
2726 2598 107.0
2598 2726 107.0
2726 2694 102.0
2694 2726 102.0
2726 2722 107.0
2722 2726 107.0
2726 2725 108.0
2725 2726 108.0
2727 679 110.0
679 2727 110.0
2727 2215 101.0
2215 2727 101.0
2727 2599 108.0
2599 2727 108.0
2727 2695 106.0
2695 2727 106.0
2727 2723 110.0
2723 2727 110.0
2727 2725 101.0
2725 2727 101.0
2728 680 110.0
680 2728 110.0
2728 2216 108.0
2216 2728 108.0
2728 2600 102.0
2600 2728 102.0
2728 2696 106.0
2696 2728 106.0
2728 2724 106.0
2724 2728 106.0
2728 2726 103.0
2726 2728 103.0
2728 2727 102.0
2727 2728 102.0
2729 681 204.0
681 2729 204.0
2729 2217 205.0
2217 2729 205.0
2729 2601 204.0
2601 2729 204.0
2729 2697 209.0
2697 2729 209.0
2729 2721 205.0
2721 2729 205.0
2730 682 109.0
682 2730 109.0
2730 2218 108.0
2218 2730 108.0
2730 2602 201.0
2602 2730 201.0
2730 2698 103.0
2698 2730 103.0
2730 2722 109.0
2722 2730 109.0
2730 2729 207.0
2729 2730 207.0
2731 683 110.0
683 2731 110.0
2731 2219 105.0
2219 2731 105.0
2731 2603 104.0
2603 2731 104.0
2731 2699 108.0
2699 2731 108.0
2731 2723 106.0
2723 2731 106.0
2731 2729 206.0
2729 2731 206.0
2732 684 108.0
684 2732 108.0
2732 2220 108.0
2220 2732 108.0
2732 2604 110.0
2604 2732 110.0
2732 2700 101.0
2700 2732 101.0
2732 2724 102.0
2724 2732 102.0
2732 2730 106.0
2730 2732 106.0
2732 2731 108.0
2731 2732 108.0
2733 685 206.0
685 2733 206.0
2733 2221 104.0
2221 2733 104.0
2733 2605 101.0
2605 2733 101.0
2733 2701 105.0
2701 2733 105.0
2733 2725 104.0
2725 2733 104.0
2733 2729 206.0
2729 2733 206.0
2734 686 102.0
686 2734 102.0
2734 2222 110.0
2222 2734 110.0
2734 2606 105.0
2606 2734 105.0
2734 2702 108.0
2702 2734 108.0
2734 2726 109.0
2726 2734 109.0
2734 2730 104.0
2730 2734 104.0
2734 2733 108.0
2733 2734 108.0
2735 687 104.0
687 2735 104.0
2735 2223 109.0
2223 2735 109.0
2735 2607 104.0
2607 2735 104.0
2735 2703 102.0
2703 2735 102.0
2735 2727 109.0
2727 2735 109.0
2735 2731 106.0
2731 2735 106.0
2735 2733 108.0
2733 2735 108.0
2736 688 205.0
688 2736 205.0
2736 2224 209.0
2224 2736 209.0
2736 2608 202.0
2608 2736 202.0
2736 2704 206.0
2704 2736 206.0
2736 2728 210.0
2728 2736 210.0
2736 2732 206.0
2732 2736 206.0
2736 2734 206.0
2734 2736 206.0
2736 2735 208.0
2735 2736 208.0
2737 689 105.0
689 2737 105.0
2737 2225 107.0
2225 2737 107.0
2737 2609 104.0
2609 2737 104.0
2737 2705 106.0
2705 2737 106.0
2737 2721 110.0
2721 2737 110.0
2738 690 203.0
690 2738 203.0
2738 2226 206.0
2226 2738 206.0
2738 2610 207.0
2610 2738 207.0
2738 2706 207.0
2706 2738 207.0
2738 2722 204.0
2722 2738 204.0
2738 2737 207.0
2737 2738 207.0
2739 691 109.0
691 2739 109.0
2739 2227 108.0
2227 2739 108.0
2739 2611 103.0
2611 2739 103.0
2739 2707 103.0
2707 2739 103.0
2739 2723 104.0
2723 2739 104.0
2739 2737 110.0
2737 2739 110.0
2740 692 103.0
692 2740 103.0
2740 2228 203.0
2228 2740 203.0
2740 2612 104.0
2612 2740 104.0
2740 2708 110.0
2708 2740 110.0
2740 2724 102.0
2724 2740 102.0
2740 2738 203.0
2738 2740 203.0
2740 2739 110.0
2739 2740 110.0
2741 693 101.0
693 2741 101.0
2741 2229 101.0
2229 2741 101.0
2741 2613 210.0
2613 2741 210.0
2741 2709 104.0
2709 2741 104.0
2741 2725 102.0
2725 2741 102.0
2741 2737 103.0
2737 2741 103.0
2742 694 107.0
694 2742 107.0
2742 2230 110.0
2230 2742 110.0
2742 2614 104.0
2614 2742 104.0
2742 2710 101.0
2710 2742 101.0
2742 2726 110.0
2726 2742 110.0
2742 2738 204.0
2738 2742 204.0
2742 2741 107.0
2741 2742 107.0
2743 695 205.0
695 2743 205.0
2743 2231 206.0
2231 2743 206.0
2743 2615 201.0
2615 2743 201.0
2743 2711 303.0
2711 2743 303.0
2743 2727 209.0
2727 2743 209.0
2743 2739 203.0
2739 2743 203.0
2743 2741 203.0
2741 2743 203.0
2744 696 110.0
696 2744 110.0
2744 2232 107.0
2232 2744 107.0
2744 2616 106.0
2616 2744 106.0
2744 2712 108.0
2712 2744 108.0
2744 2728 105.0
2728 2744 105.0
2744 2740 107.0
2740 2744 107.0
2744 2742 102.0
2742 2744 102.0
2744 2743 210.0
2743 2744 210.0
2745 697 104.0
697 2745 104.0
2745 2233 109.0
2233 2745 109.0
2745 2617 102.0
2617 2745 102.0
2745 2713 106.0
2713 2745 106.0
2745 2729 210.0
2729 2745 210.0
2745 2737 103.0
2737 2745 103.0
2746 698 105.0
698 2746 105.0
2746 2234 109.0
2234 2746 109.0
2746 2618 109.0
2618 2746 109.0
2746 2714 101.0
2714 2746 101.0
2746 2730 110.0
2730 2746 110.0
2746 2738 203.0
2738 2746 203.0
2746 2745 105.0
2745 2746 105.0
2747 699 103.0
699 2747 103.0
2747 2235 101.0
2235 2747 101.0
2747 2619 110.0
2619 2747 110.0
2747 2715 107.0
2715 2747 107.0
2747 2731 102.0
2731 2747 102.0
2747 2739 104.0
2739 2747 104.0
2747 2745 103.0
2745 2747 103.0
2748 700 104.0
700 2748 104.0
2748 2236 108.0
2236 2748 108.0
2748 2620 102.0
2620 2748 102.0
2748 2716 106.0
2716 2748 106.0
2748 2732 109.0
2732 2748 109.0
2748 2740 110.0
2740 2748 110.0
2748 2746 110.0
2746 2748 110.0
2748 2747 105.0
2747 2748 105.0
2749 701 208.0
701 2749 208.0
2749 2237 101.0
2237 2749 101.0
2749 2621 206.0
2621 2749 206.0
2749 2717 105.0
2717 2749 105.0
2749 2733 108.0
2733 2749 108.0
2749 2741 103.0
2741 2749 103.0
2749 2745 104.0
2745 2749 104.0
2750 702 108.0
702 2750 108.0
2750 2238 109.0
2238 2750 109.0
2750 2622 103.0
2622 2750 103.0
2750 2718 105.0
2718 2750 105.0
2750 2734 105.0
2734 2750 105.0
2750 2742 108.0
2742 2750 108.0
2750 2746 103.0
2746 2750 103.0
2750 2749 110.0
2749 2750 110.0
2751 703 104.0
703 2751 104.0
2751 2239 206.0
2239 2751 206.0
2751 2623 109.0
2623 2751 109.0
2751 2719 102.0
2719 2751 102.0
2751 2735 105.0
2735 2751 105.0
2751 2743 210.0
2743 2751 210.0
2751 2747 110.0
2747 2751 110.0
2751 2749 101.0
2749 2751 101.0
2752 704 107.0
704 2752 107.0
2752 2240 107.0
2240 2752 107.0
2752 2624 105.0
2624 2752 105.0
2752 2720 109.0
2720 2752 109.0
2752 2736 206.0
2736 2752 206.0
2752 2744 103.0
2744 2752 103.0
2752 2748 101.0
2748 2752 101.0
2752 2750 105.0
2750 2752 105.0
2752 2751 109.0
2751 2752 109.0
2753 705 103.0
705 2753 103.0
2753 2241 101.0
2241 2753 101.0
2753 2625 107.0
2625 2753 107.0
2753 2689 106.0
2689 2753 106.0
2754 706 109.0
706 2754 109.0
2754 2242 105.0
2242 2754 105.0
2754 2626 102.0
2626 2754 102.0
2754 2690 209.0
2690 2754 209.0
2754 2753 106.0
2753 2754 106.0
2755 707 205.0
707 2755 205.0
2755 2243 109.0
2243 2755 109.0
2755 2627 101.0
2627 2755 101.0
2755 2691 104.0
2691 2755 104.0
2755 2753 102.0
2753 2755 102.0
2756 708 101.0
708 2756 101.0
2756 2244 109.0
2244 2756 109.0
2756 2628 106.0
2628 2756 106.0
2756 2692 101.0
2692 2756 101.0
2756 2754 108.0
2754 2756 108.0
2756 2755 110.0
2755 2756 110.0
2757 709 201.0
709 2757 201.0
2757 2245 204.0
2245 2757 204.0
2757 2629 207.0
2629 2757 207.0
2757 2693 209.0
2693 2757 209.0
2757 2753 202.0
2753 2757 202.0
2758 710 104.0
710 2758 104.0
2758 2246 110.0
2246 2758 110.0
2758 2630 101.0
2630 2758 101.0
2758 2694 109.0
2694 2758 109.0
2758 2754 103.0
2754 2758 103.0
2758 2757 204.0
2757 2758 204.0
2759 711 109.0
711 2759 109.0
2759 2247 209.0
2247 2759 209.0
2759 2631 106.0
2631 2759 106.0
2759 2695 102.0
2695 2759 102.0
2759 2755 102.0
2755 2759 102.0
2759 2757 203.0
2757 2759 203.0
2760 712 206.0
712 2760 206.0
2760 2248 205.0
2248 2760 205.0
2760 2632 203.0
2632 2760 203.0
2760 2696 203.0
2696 2760 203.0
2760 2756 202.0
2756 2760 202.0
2760 2758 201.0
2758 2760 201.0
2760 2759 203.0
2759 2760 203.0
2761 713 108.0
713 2761 108.0
2761 2249 102.0
2249 2761 102.0
2761 2633 107.0
2633 2761 107.0
2761 2697 103.0
2697 2761 103.0
2761 2753 102.0
2753 2761 102.0
2762 714 109.0
714 2762 109.0
2762 2250 209.0
2250 2762 209.0
2762 2634 102.0
2634 2762 102.0
2762 2698 105.0
2698 2762 105.0
2762 2754 103.0
2754 2762 103.0
2762 2761 106.0
2761 2762 106.0
2763 715 206.0
715 2763 206.0
2763 2251 209.0
2251 2763 209.0
2763 2635 203.0
2635 2763 203.0
2763 2699 205.0
2699 2763 205.0
2763 2755 205.0
2755 2763 205.0
2763 2761 204.0
2761 2763 204.0
2764 716 107.0
716 2764 107.0
2764 2252 204.0
2252 2764 204.0
2764 2636 109.0
2636 2764 109.0
2764 2700 103.0
2700 2764 103.0
2764 2756 106.0
2756 2764 106.0
2764 2762 105.0
2762 2764 105.0
2764 2763 210.0
2763 2764 210.0
2765 717 106.0
717 2765 106.0
2765 2253 110.0
2253 2765 110.0
2765 2637 105.0
2637 2765 105.0
2765 2701 109.0
2701 2765 109.0
2765 2757 204.0
2757 2765 204.0
2765 2761 110.0
2761 2765 110.0
2766 718 110.0
718 2766 110.0
2766 2254 102.0
2254 2766 102.0
2766 2638 102.0
2638 2766 102.0
2766 2702 102.0
2702 2766 102.0
2766 2758 110.0
2758 2766 110.0
2766 2762 104.0
2762 2766 104.0
2766 2765 108.0
2765 2766 108.0
2767 719 203.0
719 2767 203.0
2767 2255 205.0
2255 2767 205.0
2767 2639 206.0
2639 2767 206.0
2767 2703 206.0
2703 2767 206.0
2767 2759 203.0
2759 2767 203.0
2767 2763 308.0
2763 2767 308.0
2767 2765 209.0
2765 2767 209.0
2768 720 102.0
720 2768 102.0
2768 2256 104.0
2256 2768 104.0
2768 2640 102.0
2640 2768 102.0
2768 2704 106.0
2704 2768 106.0
2768 2760 208.0
2760 2768 208.0
2768 2764 109.0
2764 2768 109.0
2768 2766 109.0
2766 2768 109.0
2768 2767 205.0
2767 2768 205.0
2769 721 107.0
721 2769 107.0
2769 2257 103.0
2257 2769 103.0
2769 2641 205.0
2641 2769 205.0
2769 2705 101.0
2705 2769 101.0
2769 2753 109.0
2753 2769 109.0
2770 722 102.0
722 2770 102.0
2770 2258 110.0
2258 2770 110.0
2770 2642 104.0
2642 2770 104.0
2770 2706 107.0
2706 2770 107.0
2770 2754 105.0
2754 2770 105.0
2770 2769 107.0
2769 2770 107.0
2771 723 207.0
723 2771 207.0
2771 2259 110.0
2259 2771 110.0
2771 2643 107.0
2643 2771 107.0
2771 2707 101.0
2707 2771 101.0
2771 2755 103.0
2755 2771 103.0
2771 2769 106.0
2769 2771 106.0
2772 724 109.0
724 2772 109.0
2772 2260 101.0
2260 2772 101.0
2772 2644 107.0
2644 2772 107.0
2772 2708 104.0
2708 2772 104.0
2772 2756 105.0
2756 2772 105.0
2772 2770 101.0
2770 2772 101.0
2772 2771 102.0
2771 2772 102.0
2773 725 107.0
725 2773 107.0
2773 2261 101.0
2261 2773 101.0
2773 2645 106.0
2645 2773 106.0
2773 2709 103.0
2709 2773 103.0
2773 2757 210.0
2757 2773 210.0
2773 2769 105.0
2769 2773 105.0
2774 726 109.0
726 2774 109.0
2774 2262 104.0
2262 2774 104.0
2774 2646 101.0
2646 2774 101.0
2774 2710 102.0
2710 2774 102.0
2774 2758 105.0
2758 2774 105.0
2774 2770 104.0
2770 2774 104.0
2774 2773 109.0
2773 2774 109.0
2775 727 103.0
727 2775 103.0
2775 2263 106.0
2263 2775 106.0
2775 2647 103.0
2647 2775 103.0
2775 2711 207.0
2711 2775 207.0
2775 2759 108.0
2759 2775 108.0
2775 2771 103.0
2771 2775 103.0
2775 2773 103.0
2773 2775 103.0
2776 728 106.0
728 2776 106.0
2776 2264 105.0
2264 2776 105.0
2776 2648 101.0
2648 2776 101.0
2776 2712 101.0
2712 2776 101.0
2776 2760 204.0
2760 2776 204.0
2776 2772 102.0
2772 2776 102.0
2776 2774 109.0
2774 2776 109.0
2776 2775 104.0
2775 2776 104.0
2777 729 207.0
729 2777 207.0
2777 2265 204.0
2265 2777 204.0
2777 2649 207.0
2649 2777 207.0
2777 2713 209.0
2713 2777 209.0
2777 2761 207.0
2761 2777 207.0
2777 2769 205.0
2769 2777 205.0
2778 730 109.0
730 2778 109.0
2778 2266 110.0
2266 2778 110.0
2778 2650 107.0
2650 2778 107.0
2778 2714 104.0
2714 2778 104.0
2778 2762 110.0
2762 2778 110.0
2778 2770 102.0
2770 2778 102.0
2778 2777 205.0
2777 2778 205.0
2779 731 110.0
731 2779 110.0
2779 2267 106.0
2267 2779 106.0
2779 2651 101.0
2651 2779 101.0
2779 2715 107.0
2715 2779 107.0
2779 2763 203.0
2763 2779 203.0
2779 2771 106.0
2771 2779 106.0
2779 2777 208.0
2777 2779 208.0
2780 732 101.0
732 2780 101.0
2780 2268 108.0
2268 2780 108.0
2780 2652 102.0
2652 2780 102.0
2780 2716 106.0
2716 2780 106.0
2780 2764 103.0
2764 2780 103.0
2780 2772 109.0
2772 2780 109.0
2780 2778 103.0
2778 2780 103.0
2780 2779 103.0
2779 2780 103.0
2781 733 101.0
733 2781 101.0
2781 2269 110.0
2269 2781 110.0
2781 2653 104.0
2653 2781 104.0
2781 2717 102.0
2717 2781 102.0
2781 2765 101.0
2765 2781 101.0
2781 2773 104.0
2773 2781 104.0
2781 2777 210.0
2777 2781 210.0
2782 734 205.0
734 2782 205.0
2782 2270 107.0
2270 2782 107.0
2782 2654 101.0
2654 2782 101.0
2782 2718 109.0
2718 2782 109.0
2782 2766 101.0
2766 2782 101.0
2782 2774 110.0
2774 2782 110.0
2782 2778 107.0
2778 2782 107.0
2782 2781 103.0
2781 2782 103.0
2783 735 106.0
735 2783 106.0
2783 2271 102.0
2271 2783 102.0
2783 2655 101.0
2655 2783 101.0
2783 2719 109.0
2719 2783 109.0
2783 2767 202.0
2767 2783 202.0
2783 2775 108.0
2775 2783 108.0
2783 2779 110.0
2779 2783 110.0
2783 2781 105.0
2781 2783 105.0
2784 736 209.0
736 2784 209.0
2784 2272 206.0
2272 2784 206.0
2784 2656 201.0
2656 2784 201.0
2784 2720 209.0
2720 2784 209.0
2784 2768 206.0
2768 2784 206.0
2784 2776 208.0
2776 2784 208.0
2784 2780 207.0
2780 2784 207.0
2784 2782 207.0
2782 2784 207.0
2784 2783 207.0
2783 2784 207.0
2785 737 108.0
737 2785 108.0
2785 2273 110.0
2273 2785 110.0
2785 2657 104.0
2657 2785 104.0
2785 2721 110.0
2721 2785 110.0
2785 2753 108.0
2753 2785 108.0
2786 738 106.0
738 2786 106.0
2786 2274 101.0
2274 2786 101.0
2786 2658 109.0
2658 2786 109.0
2786 2722 105.0
2722 2786 105.0
2786 2754 106.0
2754 2786 106.0
2786 2785 108.0
2785 2786 108.0
2787 739 103.0
739 2787 103.0
2787 2275 101.0
2275 2787 101.0
2787 2659 106.0
2659 2787 106.0
2787 2723 104.0
2723 2787 104.0
2787 2755 103.0
2755 2787 103.0
2787 2785 110.0
2785 2787 110.0
2788 740 202.0
740 2788 202.0
2788 2276 210.0
2276 2788 210.0
2788 2660 206.0
2660 2788 206.0
2788 2724 206.0
2724 2788 206.0
2788 2756 207.0
2756 2788 207.0
2788 2786 210.0
2786 2788 210.0
2788 2787 205.0
2787 2788 205.0
2789 741 106.0
741 2789 106.0
2789 2277 102.0
2277 2789 102.0
2789 2661 103.0
2661 2789 103.0
2789 2725 107.0
2725 2789 107.0
2789 2757 204.0
2757 2789 204.0
2789 2785 104.0
2785 2789 104.0
2790 742 208.0
742 2790 208.0
2790 2278 103.0
2278 2790 103.0
2790 2662 106.0
2662 2790 106.0
2790 2726 110.0
2726 2790 110.0
2790 2758 104.0
2758 2790 104.0
2790 2786 107.0
2786 2790 107.0
2790 2789 108.0
2789 2790 108.0
2791 743 103.0
743 2791 103.0
2791 2279 110.0
2279 2791 110.0
2791 2663 101.0
2663 2791 101.0
2791 2727 106.0
2727 2791 106.0
2791 2759 107.0
2759 2791 107.0
2791 2787 107.0
2787 2791 107.0
2791 2789 101.0
2789 2791 101.0
2792 744 105.0
744 2792 105.0
2792 2280 106.0
2280 2792 106.0
2792 2664 106.0
2664 2792 106.0
2792 2728 105.0
2728 2792 105.0
2792 2760 210.0
2760 2792 210.0
2792 2788 206.0
2788 2792 206.0
2792 2790 103.0
2790 2792 103.0
2792 2791 106.0
2791 2792 106.0
2793 745 103.0
745 2793 103.0
2793 2281 103.0
2281 2793 103.0
2793 2665 102.0
2665 2793 102.0
2793 2729 208.0
2729 2793 208.0
2793 2761 105.0
2761 2793 105.0
2793 2785 110.0
2785 2793 110.0
2794 746 102.0
746 2794 102.0
2794 2282 103.0
2282 2794 103.0
2794 2666 206.0
2666 2794 206.0
2794 2730 108.0
2730 2794 108.0
2794 2762 110.0
2762 2794 110.0
2794 2786 109.0
2786 2794 109.0
2794 2793 107.0
2793 2794 107.0
2795 747 109.0
747 2795 109.0
2795 2283 110.0
2283 2795 110.0
2795 2667 104.0
2667 2795 104.0
2795 2731 106.0
2731 2795 106.0
2795 2763 205.0
2763 2795 205.0
2795 2787 102.0
2787 2795 102.0
2795 2793 110.0
2793 2795 110.0
2796 748 207.0
748 2796 207.0
2796 2284 107.0
2284 2796 107.0
2796 2668 102.0
2668 2796 102.0
2796 2732 103.0
2732 2796 103.0
2796 2764 107.0
2764 2796 107.0
2796 2788 203.0
2788 2796 203.0
2796 2794 108.0
2794 2796 108.0
2796 2795 102.0
2795 2796 102.0
2797 749 104.0
749 2797 104.0
2797 2285 202.0
2285 2797 202.0
2797 2669 103.0
2669 2797 103.0
2797 2733 110.0
2733 2797 110.0
2797 2765 110.0
2765 2797 110.0
2797 2789 106.0
2789 2797 106.0
2797 2793 108.0
2793 2797 108.0
2798 750 110.0
750 2798 110.0
2798 2286 105.0
2286 2798 105.0
2798 2670 202.0
2670 2798 202.0
2798 2734 104.0
2734 2798 104.0
2798 2766 102.0
2766 2798 102.0
2798 2790 106.0
2790 2798 106.0
2798 2794 105.0
2794 2798 105.0
2798 2797 110.0
2797 2798 110.0
2799 751 102.0
751 2799 102.0
2799 2287 106.0
2287 2799 106.0
2799 2671 109.0
2671 2799 109.0
2799 2735 109.0
2735 2799 109.0
2799 2767 205.0
2767 2799 205.0
2799 2791 107.0
2791 2799 107.0
2799 2795 108.0
2795 2799 108.0
2799 2797 110.0
2797 2799 110.0
2800 752 106.0
752 2800 106.0
2800 2288 101.0
2288 2800 101.0
2800 2672 106.0
2672 2800 106.0
2800 2736 207.0
2736 2800 207.0
2800 2768 101.0
2768 2800 101.0
2800 2792 101.0
2792 2800 101.0
2800 2796 105.0
2796 2800 105.0
2800 2798 102.0
2798 2800 102.0
2800 2799 101.0
2799 2800 101.0
2801 753 210.0
753 2801 210.0
2801 2289 105.0
2289 2801 105.0
2801 2673 109.0
2673 2801 109.0
2801 2737 103.0
2737 2801 103.0
2801 2769 107.0
2769 2801 107.0
2801 2785 102.0
2785 2801 102.0
2802 754 106.0
754 2802 106.0
2802 2290 108.0
2290 2802 108.0
2802 2674 107.0
2674 2802 107.0
2802 2738 203.0
2738 2802 203.0
2802 2770 109.0
2770 2802 109.0
2802 2786 101.0
2786 2802 101.0
2802 2801 106.0
2801 2802 106.0
2803 755 109.0
755 2803 109.0
2803 2291 208.0
2291 2803 208.0
2803 2675 108.0
2675 2803 108.0
2803 2739 102.0
2739 2803 102.0
2803 2771 104.0
2771 2803 104.0
2803 2787 109.0
2787 2803 109.0
2803 2801 106.0
2801 2803 106.0
2804 756 109.0
756 2804 109.0
2804 2292 103.0
2292 2804 103.0
2804 2676 106.0
2676 2804 106.0
2804 2740 109.0
2740 2804 109.0
2804 2772 101.0
2772 2804 101.0
2804 2788 205.0
2788 2804 205.0
2804 2802 104.0
2802 2804 104.0
2804 2803 107.0
2803 2804 107.0
2805 757 104.0
757 2805 104.0
2805 2293 104.0
2293 2805 104.0
2805 2677 104.0
2677 2805 104.0
2805 2741 102.0
2741 2805 102.0
2805 2773 107.0
2773 2805 107.0
2805 2789 105.0
2789 2805 105.0
2805 2801 109.0
2801 2805 109.0
2806 758 210.0
758 2806 210.0
2806 2294 208.0
2294 2806 208.0
2806 2678 209.0
2678 2806 209.0
2806 2742 202.0
2742 2806 202.0
2806 2774 207.0
2774 2806 207.0
2806 2790 207.0
2790 2806 207.0
2806 2802 205.0
2802 2806 205.0
2806 2805 210.0
2805 2806 210.0
2807 759 109.0
759 2807 109.0
2807 2295 101.0
2295 2807 101.0
2807 2679 108.0
2679 2807 108.0
2807 2743 209.0
2743 2807 209.0
2807 2775 103.0
2775 2807 103.0
2807 2791 106.0
2791 2807 106.0
2807 2803 106.0
2803 2807 106.0
2807 2805 108.0
2805 2807 108.0
2808 760 106.0
760 2808 106.0
2808 2296 105.0
2296 2808 105.0
2808 2680 103.0
2680 2808 103.0
2808 2744 107.0
2744 2808 107.0
2808 2776 110.0
2776 2808 110.0
2808 2792 103.0
2792 2808 103.0
2808 2804 102.0
2804 2808 102.0
2808 2806 201.0
2806 2808 201.0
2808 2807 107.0
2807 2808 107.0
2809 761 210.0
761 2809 210.0
2809 2297 108.0
2297 2809 108.0
2809 2681 110.0
2681 2809 110.0
2809 2745 106.0
2745 2809 106.0
2809 2777 202.0
2777 2809 202.0
2809 2793 102.0
2793 2809 102.0
2809 2801 108.0
2801 2809 108.0
2810 762 110.0
762 2810 110.0
2810 2298 102.0
2298 2810 102.0
2810 2682 107.0
2682 2810 107.0
2810 2746 108.0
2746 2810 108.0
2810 2778 106.0
2778 2810 106.0
2810 2794 103.0
2794 2810 103.0
2810 2802 109.0
2802 2810 109.0
2810 2809 103.0
2809 2810 103.0
2811 763 105.0
763 2811 105.0
2811 2299 106.0
2299 2811 106.0
2811 2683 208.0
2683 2811 208.0
2811 2747 110.0
2747 2811 110.0
2811 2779 105.0
2779 2811 105.0
2811 2795 103.0
2795 2811 103.0
2811 2803 101.0
2803 2811 101.0
2811 2809 104.0
2809 2811 104.0
2812 764 102.0
764 2812 102.0
2812 2300 105.0
2300 2812 105.0
2812 2684 106.0
2684 2812 106.0
2812 2748 110.0
2748 2812 110.0
2812 2780 103.0
2780 2812 103.0
2812 2796 108.0
2796 2812 108.0
2812 2804 107.0
2804 2812 107.0
2812 2810 107.0
2810 2812 107.0
2812 2811 101.0
2811 2812 101.0
2813 765 107.0
765 2813 107.0
2813 2301 104.0
2301 2813 104.0
2813 2685 110.0
2685 2813 110.0
2813 2749 101.0
2749 2813 101.0
2813 2781 105.0
2781 2813 105.0
2813 2797 101.0
2797 2813 101.0
2813 2805 101.0
2805 2813 101.0
2813 2809 106.0
2809 2813 106.0
2814 766 110.0
766 2814 110.0
2814 2302 102.0
2302 2814 102.0
2814 2686 106.0
2686 2814 106.0
2814 2750 106.0
2750 2814 106.0
2814 2782 102.0
2782 2814 102.0
2814 2798 110.0
2798 2814 110.0
2814 2806 210.0
2806 2814 210.0
2814 2810 109.0
2810 2814 109.0
2814 2813 107.0
2813 2814 107.0
2815 767 110.0
767 2815 110.0
2815 2303 102.0
2303 2815 102.0
2815 2687 104.0
2687 2815 104.0
2815 2751 108.0
2751 2815 108.0
2815 2783 106.0
2783 2815 106.0
2815 2799 101.0
2799 2815 101.0
2815 2807 102.0
2807 2815 102.0
2815 2811 102.0
2811 2815 102.0
2815 2813 109.0
2813 2815 109.0
2816 768 201.0
768 2816 201.0
2816 2304 207.0
2304 2816 207.0
2816 2688 110.0
2688 2816 110.0
2816 2752 109.0
2752 2816 109.0
2816 2784 202.0
2784 2816 202.0
2816 2800 107.0
2800 2816 107.0
2816 2808 109.0
2808 2816 109.0
2816 2812 105.0
2812 2816 105.0
2816 2814 105.0
2814 2816 105.0
2816 2815 107.0
2815 2816 107.0
2817 769 106.0
769 2817 106.0
2817 2305 202.0
2305 2817 202.0
2817 2561 107.0
2561 2817 107.0
2818 770 109.0
770 2818 109.0
2818 2306 105.0
2306 2818 105.0
2818 2562 101.0
2562 2818 101.0
2818 2817 105.0
2817 2818 105.0
2819 771 104.0
771 2819 104.0
2819 2307 104.0
2307 2819 104.0
2819 2563 210.0
2563 2819 210.0
2819 2817 105.0
2817 2819 105.0
2820 772 207.0
772 2820 207.0
2820 2308 103.0
2308 2820 103.0
2820 2564 105.0
2564 2820 105.0
2820 2818 109.0
2818 2820 109.0
2820 2819 103.0
2819 2820 103.0
2821 773 110.0
773 2821 110.0
2821 2309 102.0
2309 2821 102.0
2821 2565 102.0
2565 2821 102.0
2821 2817 107.0
2817 2821 107.0
2822 774 202.0
774 2822 202.0
2822 2310 201.0
2310 2822 201.0
2822 2566 308.0
2566 2822 308.0
2822 2818 209.0
2818 2822 209.0
2822 2821 202.0
2821 2822 202.0
2823 775 105.0
775 2823 105.0
2823 2311 107.0
2311 2823 107.0
2823 2567 105.0
2567 2823 105.0
2823 2819 104.0
2819 2823 104.0
2823 2821 109.0
2821 2823 109.0
2824 776 107.0
776 2824 107.0
2824 2312 109.0
2312 2824 109.0
2824 2568 101.0
2568 2824 101.0
2824 2820 110.0
2820 2824 110.0
2824 2822 206.0
2822 2824 206.0
2824 2823 103.0
2823 2824 103.0
2825 777 203.0
777 2825 203.0
2825 2313 207.0
2313 2825 207.0
2825 2569 205.0
2569 2825 205.0
2825 2817 207.0
2817 2825 207.0
2826 778 110.0
778 2826 110.0
2826 2314 104.0
2314 2826 104.0
2826 2570 103.0
2570 2826 103.0
2826 2818 102.0
2818 2826 102.0
2826 2825 210.0
2825 2826 210.0
2827 779 102.0
779 2827 102.0
2827 2315 106.0
2315 2827 106.0
2827 2571 109.0
2571 2827 109.0
2827 2819 109.0
2819 2827 109.0
2827 2825 208.0
2825 2827 208.0
2828 780 105.0
780 2828 105.0
2828 2316 107.0
2316 2828 107.0
2828 2572 109.0
2572 2828 109.0
2828 2820 103.0
2820 2828 103.0
2828 2826 105.0
2826 2828 105.0
2828 2827 105.0
2827 2828 105.0
2829 781 107.0
781 2829 107.0
2829 2317 104.0
2317 2829 104.0
2829 2573 101.0
2573 2829 101.0
2829 2821 101.0
2821 2829 101.0
2829 2825 207.0
2825 2829 207.0
2830 782 104.0
782 2830 104.0
2830 2318 109.0
2318 2830 109.0
2830 2574 106.0
2574 2830 106.0
2830 2822 202.0
2822 2830 202.0
2830 2826 103.0
2826 2830 103.0
2830 2829 102.0
2829 2830 102.0
2831 783 205.0
783 2831 205.0
2831 2319 202.0
2319 2831 202.0
2831 2575 209.0
2575 2831 209.0
2831 2823 203.0
2823 2831 203.0
2831 2827 209.0
2827 2831 209.0
2831 2829 204.0
2829 2831 204.0
2832 784 108.0
784 2832 108.0
2832 2320 110.0
2320 2832 110.0
2832 2576 110.0
2576 2832 110.0
2832 2824 108.0
2824 2832 108.0
2832 2828 105.0
2828 2832 105.0
2832 2830 109.0
2830 2832 109.0
2832 2831 208.0
2831 2832 208.0
2833 785 206.0
785 2833 206.0
2833 2321 103.0
2321 2833 103.0
2833 2577 104.0
2577 2833 104.0
2833 2817 102.0
2817 2833 102.0
2834 786 106.0
786 2834 106.0
2834 2322 107.0
2322 2834 107.0
2834 2578 109.0
2578 2834 109.0
2834 2818 109.0
2818 2834 109.0
2834 2833 101.0
2833 2834 101.0
2835 787 101.0
787 2835 101.0
2835 2323 109.0
2323 2835 109.0
2835 2579 108.0
2579 2835 108.0
2835 2819 108.0
2819 2835 108.0
2835 2833 105.0
2833 2835 105.0
2836 788 101.0
788 2836 101.0
2836 2324 102.0
2324 2836 102.0
2836 2580 209.0
2580 2836 209.0
2836 2820 101.0
2820 2836 101.0
2836 2834 109.0
2834 2836 109.0
2836 2835 105.0
2835 2836 105.0
2837 789 107.0
789 2837 107.0
2837 2325 110.0
2325 2837 110.0
2837 2581 108.0
2581 2837 108.0
2837 2821 106.0
2821 2837 106.0
2837 2833 105.0
2833 2837 105.0
2838 790 207.0
790 2838 207.0
2838 2326 207.0
2326 2838 207.0
2838 2582 206.0
2582 2838 206.0
2838 2822 307.0
2822 2838 307.0
2838 2834 207.0
2834 2838 207.0
2838 2837 208.0
2837 2838 208.0
2839 791 109.0
791 2839 109.0
2839 2327 101.0
2327 2839 101.0
2839 2583 106.0
2583 2839 106.0
2839 2823 107.0
2823 2839 107.0
2839 2835 109.0
2835 2839 109.0
2839 2837 107.0
2837 2839 107.0
2840 792 108.0
792 2840 108.0
2840 2328 104.0
2328 2840 104.0
2840 2584 102.0
2584 2840 102.0
2840 2824 104.0
2824 2840 104.0
2840 2836 103.0
2836 2840 103.0
2840 2838 205.0
2838 2840 205.0
2840 2839 101.0
2839 2840 101.0
2841 793 107.0
793 2841 107.0
2841 2329 109.0
2329 2841 109.0
2841 2585 105.0
2585 2841 105.0
2841 2825 207.0
2825 2841 207.0
2841 2833 103.0
2833 2841 103.0
2842 794 108.0
794 2842 108.0
2842 2330 209.0
2330 2842 209.0
2842 2586 102.0
2586 2842 102.0
2842 2826 102.0
2826 2842 102.0
2842 2834 109.0
2834 2842 109.0
2842 2841 110.0
2841 2842 110.0
2843 795 110.0
795 2843 110.0
2843 2331 108.0
2331 2843 108.0
2843 2587 103.0
2587 2843 103.0
2843 2827 107.0
2827 2843 107.0
2843 2835 102.0
2835 2843 102.0
2843 2841 102.0
2841 2843 102.0
2844 796 108.0
796 2844 108.0
2844 2332 107.0
2332 2844 107.0
2844 2588 201.0
2588 2844 201.0
2844 2828 105.0
2828 2844 105.0
2844 2836 107.0
2836 2844 107.0
2844 2842 105.0
2842 2844 105.0
2844 2843 104.0
2843 2844 104.0
2845 797 109.0
797 2845 109.0
2845 2333 104.0
2333 2845 104.0
2845 2589 206.0
2589 2845 206.0
2845 2829 101.0
2829 2845 101.0
2845 2837 109.0
2837 2845 109.0
2845 2841 104.0
2841 2845 104.0
2846 798 102.0
798 2846 102.0
2846 2334 101.0
2334 2846 101.0
2846 2590 105.0
2590 2846 105.0
2846 2830 109.0
2830 2846 109.0
2846 2838 204.0
2838 2846 204.0
2846 2842 106.0
2842 2846 106.0
2846 2845 103.0
2845 2846 103.0
2847 799 104.0
799 2847 104.0
2847 2335 103.0
2335 2847 103.0
2847 2591 109.0
2591 2847 109.0
2847 2831 209.0
2831 2847 209.0
2847 2839 110.0
2839 2847 110.0
2847 2843 102.0
2843 2847 102.0
2847 2845 106.0
2845 2847 106.0
2848 800 204.0
800 2848 204.0
2848 2336 108.0
2336 2848 108.0
2848 2592 101.0
2592 2848 101.0
2848 2832 107.0
2832 2848 107.0
2848 2840 107.0
2840 2848 107.0
2848 2844 106.0
2844 2848 106.0
2848 2846 107.0
2846 2848 107.0
2848 2847 102.0
2847 2848 102.0
2849 801 101.0
801 2849 101.0
2849 2337 104.0
2337 2849 104.0
2849 2593 105.0
2593 2849 105.0
2849 2817 102.0
2817 2849 102.0
2850 802 106.0
802 2850 106.0
2850 2338 105.0
2338 2850 105.0
2850 2594 103.0
2594 2850 103.0
2850 2818 104.0
2818 2850 104.0
2850 2849 106.0
2849 2850 106.0
2851 803 103.0
803 2851 103.0
2851 2339 109.0
2339 2851 109.0
2851 2595 206.0
2595 2851 206.0
2851 2819 108.0
2819 2851 108.0
2851 2849 108.0
2849 2851 108.0
2852 804 107.0
804 2852 107.0
2852 2340 209.0
2340 2852 209.0
2852 2596 106.0
2596 2852 106.0
2852 2820 101.0
2820 2852 101.0
2852 2850 107.0
2850 2852 107.0
2852 2851 110.0
2851 2852 110.0
2853 805 106.0
805 2853 106.0
2853 2341 110.0
2341 2853 110.0
2853 2597 109.0
2597 2853 109.0
2853 2821 104.0
2821 2853 104.0
2853 2849 107.0
2849 2853 107.0
2854 806 110.0
806 2854 110.0
2854 2342 105.0
2342 2854 105.0
2854 2598 104.0
2598 2854 104.0
2854 2822 203.0
2822 2854 203.0
2854 2850 107.0
2850 2854 107.0
2854 2853 107.0
2853 2854 107.0
2855 807 205.0
807 2855 205.0
2855 2343 203.0
2343 2855 203.0
2855 2599 104.0
2599 2855 104.0
2855 2823 102.0
2823 2855 102.0
2855 2851 110.0
2851 2855 110.0
2855 2853 104.0
2853 2855 104.0
2856 808 108.0
808 2856 108.0
2856 2344 103.0
2344 2856 103.0
2856 2600 105.0
2600 2856 105.0
2856 2824 110.0
2824 2856 110.0
2856 2852 105.0
2852 2856 105.0
2856 2854 101.0
2854 2856 101.0
2856 2855 102.0
2855 2856 102.0
2857 809 101.0
809 2857 101.0
2857 2345 104.0
2345 2857 104.0
2857 2601 103.0
2601 2857 103.0
2857 2825 203.0
2825 2857 203.0
2857 2849 104.0
2849 2857 104.0
2858 810 108.0
810 2858 108.0
2858 2346 101.0
2346 2858 101.0
2858 2602 208.0
2602 2858 208.0
2858 2826 105.0
2826 2858 105.0
2858 2850 108.0
2850 2858 108.0
2858 2857 107.0
2857 2858 107.0
2859 811 208.0
811 2859 208.0
2859 2347 206.0
2347 2859 206.0
2859 2603 201.0
2603 2859 201.0
2859 2827 207.0
2827 2859 207.0
2859 2851 201.0
2851 2859 201.0
2859 2857 203.0
2857 2859 203.0
2860 812 104.0
812 2860 104.0
2860 2348 101.0
2348 2860 101.0
2860 2604 101.0
2604 2860 101.0
2860 2828 106.0
2828 2860 106.0
2860 2852 109.0
2852 2860 109.0
2860 2858 107.0
2858 2860 107.0
2860 2859 210.0
2859 2860 210.0
2861 813 106.0
813 2861 106.0
2861 2349 204.0
2349 2861 204.0
2861 2605 107.0
2605 2861 107.0
2861 2829 103.0
2829 2861 103.0
2861 2853 105.0
2853 2861 105.0
2861 2857 108.0
2857 2861 108.0
2862 814 201.0
814 2862 201.0
2862 2350 109.0
2350 2862 109.0
2862 2606 102.0
2606 2862 102.0
2862 2830 105.0
2830 2862 105.0
2862 2854 106.0
2854 2862 106.0
2862 2858 103.0
2858 2862 103.0
2862 2861 104.0
2861 2862 104.0
2863 815 104.0
815 2863 104.0
2863 2351 101.0
2351 2863 101.0
2863 2607 101.0
2607 2863 101.0
2863 2831 210.0
2831 2863 210.0
2863 2855 110.0
2855 2863 110.0
2863 2859 209.0
2859 2863 209.0
2863 2861 101.0
2861 2863 101.0
2864 816 110.0
816 2864 110.0
2864 2352 106.0
2352 2864 106.0
2864 2608 101.0
2608 2864 101.0
2864 2832 102.0
2832 2864 102.0
2864 2856 109.0
2856 2864 109.0
2864 2860 109.0
2860 2864 109.0
2864 2862 101.0
2862 2864 101.0
2864 2863 110.0
2863 2864 110.0
2865 817 110.0
817 2865 110.0
2865 2353 107.0
2353 2865 107.0
2865 2609 102.0
2609 2865 102.0
2865 2833 101.0
2833 2865 101.0
2865 2849 110.0
2849 2865 110.0
2866 818 102.0
818 2866 102.0
2866 2354 206.0
2354 2866 206.0
2866 2610 104.0
2610 2866 104.0
2866 2834 101.0
2834 2866 101.0
2866 2850 109.0
2850 2866 109.0
2866 2865 101.0
2865 2866 101.0
2867 819 109.0
819 2867 109.0
2867 2355 103.0
2355 2867 103.0
2867 2611 102.0
2611 2867 102.0
2867 2835 103.0
2835 2867 103.0
2867 2851 103.0
2851 2867 103.0
2867 2865 101.0
2865 2867 101.0
2868 820 107.0
820 2868 107.0
2868 2356 109.0
2356 2868 109.0
2868 2612 109.0
2612 2868 109.0
2868 2836 104.0
2836 2868 104.0
2868 2852 104.0
2852 2868 104.0
2868 2866 103.0
2866 2868 103.0
2868 2867 109.0
2867 2868 109.0
2869 821 107.0
821 2869 107.0
2869 2357 103.0
2357 2869 103.0
2869 2613 201.0
2613 2869 201.0
2869 2837 108.0
2837 2869 108.0
2869 2853 102.0
2853 2869 102.0
2869 2865 103.0
2865 2869 103.0
2870 822 105.0
822 2870 105.0
2870 2358 108.0
2358 2870 108.0
2870 2614 103.0
2614 2870 103.0
2870 2838 206.0
2838 2870 206.0
2870 2854 107.0
2854 2870 107.0
2870 2866 102.0
2866 2870 102.0
2870 2869 107.0
2869 2870 107.0
2871 823 107.0
823 2871 107.0
2871 2359 108.0
2359 2871 108.0
2871 2615 102.0
2615 2871 102.0
2871 2839 101.0
2839 2871 101.0
2871 2855 109.0
2855 2871 109.0
2871 2867 103.0
2867 2871 103.0
2871 2869 101.0
2869 2871 101.0
2872 824 208.0
824 2872 208.0
2872 2360 206.0
2360 2872 206.0
2872 2616 206.0
2616 2872 206.0
2872 2840 201.0
2840 2872 201.0
2872 2856 206.0
2856 2872 206.0
2872 2868 203.0
2868 2872 203.0
2872 2870 201.0
2870 2872 201.0
2872 2871 209.0
2871 2872 209.0
2873 825 102.0
825 2873 102.0
2873 2361 103.0
2361 2873 103.0
2873 2617 108.0
2617 2873 108.0
2873 2841 101.0
2841 2873 101.0
2873 2857 105.0
2857 2873 105.0
2873 2865 108.0
2865 2873 108.0
2874 826 202.0
826 2874 202.0
2874 2362 110.0
2362 2874 110.0
2874 2618 104.0
2618 2874 104.0
2874 2842 103.0
2842 2874 103.0
2874 2858 103.0
2858 2874 103.0
2874 2866 110.0
2866 2874 110.0
2874 2873 101.0
2873 2874 101.0
2875 827 206.0
827 2875 206.0
2875 2363 306.0
2363 2875 306.0
2875 2619 210.0
2619 2875 210.0
2875 2843 206.0
2843 2875 206.0
2875 2859 308.0
2859 2875 308.0
2875 2867 206.0
2867 2875 206.0
2875 2873 207.0
2873 2875 207.0
2876 828 104.0
828 2876 104.0
2876 2364 103.0
2364 2876 103.0
2876 2620 105.0
2620 2876 105.0
2876 2844 107.0
2844 2876 107.0
2876 2860 105.0
2860 2876 105.0
2876 2868 104.0
2868 2876 104.0
2876 2874 108.0
2874 2876 108.0
2876 2875 202.0
2875 2876 202.0
2877 829 108.0
829 2877 108.0
2877 2365 102.0
2365 2877 102.0
2877 2621 210.0
2621 2877 210.0
2877 2845 109.0
2845 2877 109.0
2877 2861 101.0
2861 2877 101.0
2877 2869 105.0
2869 2877 105.0
2877 2873 102.0
2873 2877 102.0
2878 830 102.0
830 2878 102.0
2878 2366 106.0
2366 2878 106.0
2878 2622 103.0
2622 2878 103.0
2878 2846 106.0
2846 2878 106.0
2878 2862 102.0
2862 2878 102.0
2878 2870 107.0
2870 2878 107.0
2878 2874 106.0
2874 2878 106.0
2878 2877 108.0
2877 2878 108.0
2879 831 107.0
831 2879 107.0
2879 2367 102.0
2367 2879 102.0
2879 2623 101.0
2623 2879 101.0
2879 2847 102.0
2847 2879 102.0
2879 2863 109.0
2863 2879 109.0
2879 2871 101.0
2871 2879 101.0
2879 2875 207.0
2875 2879 207.0
2879 2877 101.0
2877 2879 101.0
2880 832 206.0
832 2880 206.0
2880 2624 201.0
2624 2880 201.0
2880 2848 206.0
2848 2880 206.0
2880 2864 206.0
2864 2880 206.0
2880 2872 310.0
2872 2880 310.0
2880 2876 202.0
2876 2880 202.0
2880 2878 204.0
2878 2880 204.0
2880 2879 206.0
2879 2880 206.0
2881 833 105.0
833 2881 105.0
2881 2369 110.0
2369 2881 110.0
2881 2625 103.0
2625 2881 103.0
2881 2817 106.0
2817 2881 106.0
2882 834 105.0
834 2882 105.0
2882 2370 103.0
2370 2882 103.0
2882 2626 102.0
2626 2882 102.0
2882 2818 107.0
2818 2882 107.0
2882 2881 106.0
2881 2882 106.0
2883 835 110.0
835 2883 110.0
2883 2371 104.0
2371 2883 104.0
2883 2627 101.0
2627 2883 101.0
2883 2819 109.0
2819 2883 109.0
2883 2881 101.0
2881 2883 101.0
2884 836 203.0
836 2884 203.0
2884 2372 204.0
2372 2884 204.0
2884 2628 201.0
2628 2884 201.0
2884 2820 203.0
2820 2884 203.0
2884 2882 205.0
2882 2884 205.0
2884 2883 207.0
2883 2884 207.0
2885 837 107.0
837 2885 107.0
2885 2373 102.0
2373 2885 102.0
2885 2629 106.0
2629 2885 106.0
2885 2821 101.0
2821 2885 101.0
2885 2881 104.0
2881 2885 104.0
2886 838 101.0
838 2886 101.0
2886 2374 108.0
2374 2886 108.0
2886 2630 107.0
2630 2886 107.0
2886 2822 201.0
2822 2886 201.0
2886 2882 101.0
2882 2886 101.0
2886 2885 110.0
2885 2886 110.0
2887 839 106.0
839 2887 106.0
2887 2375 106.0
2375 2887 106.0
2887 2631 104.0
2631 2887 104.0
2887 2823 102.0
2823 2887 102.0
2887 2883 108.0
2883 2887 108.0
2887 2885 110.0
2885 2887 110.0
2888 840 105.0
840 2888 105.0
2888 2376 101.0
2376 2888 101.0
2888 2632 103.0
2632 2888 103.0
2888 2824 106.0
2824 2888 106.0
2888 2884 203.0
2884 2888 203.0
2888 2886 104.0
2886 2888 104.0
2888 2887 103.0
2887 2888 103.0
2889 841 105.0
841 2889 105.0
2889 2377 101.0
2377 2889 101.0
2889 2633 106.0
2633 2889 106.0
2889 2825 209.0
2825 2889 209.0
2889 2881 108.0
2881 2889 108.0
2890 842 107.0
842 2890 107.0
2890 2378 103.0
2378 2890 103.0
2890 2634 107.0
2634 2890 107.0
2890 2826 109.0
2826 2890 109.0
2890 2882 106.0
2882 2890 106.0
2890 2889 103.0
2889 2890 103.0
2891 843 104.0
843 2891 104.0
2891 2379 210.0
2379 2891 210.0
2891 2635 110.0
2635 2891 110.0
2891 2827 107.0
2827 2891 107.0
2891 2883 102.0
2883 2891 102.0
2891 2889 104.0
2889 2891 104.0
2892 844 205.0
844 2892 205.0
2892 2380 308.0
2380 2892 308.0
2892 2636 203.0
2636 2892 203.0
2892 2828 203.0
2828 2892 203.0
2892 2884 306.0
2884 2892 306.0
2892 2890 206.0
2890 2892 206.0
2892 2891 203.0
2891 2892 203.0
2893 845 205.0
845 2893 205.0
2893 2381 101.0
2381 2893 101.0
2893 2637 109.0
2637 2893 109.0
2893 2829 107.0
2829 2893 107.0
2893 2885 110.0
2885 2893 110.0
2893 2889 107.0
2889 2893 107.0
2894 846 101.0
846 2894 101.0
2894 2382 109.0
2382 2894 109.0
2894 2638 103.0
2638 2894 103.0
2894 2830 110.0
2830 2894 110.0
2894 2886 109.0
2886 2894 109.0
2894 2890 102.0
2890 2894 102.0
2894 2893 105.0
2893 2894 105.0
2895 847 104.0
847 2895 104.0
2895 2383 105.0
2383 2895 105.0
2895 2639 106.0
2639 2895 106.0
2895 2831 203.0
2831 2895 203.0
2895 2887 110.0
2887 2895 110.0
2895 2891 110.0
2891 2895 110.0
2895 2893 104.0
2893 2895 104.0
2896 848 103.0
848 2896 103.0
2896 2384 101.0
2384 2896 101.0
2896 2640 102.0
2640 2896 102.0
2896 2832 109.0
2832 2896 109.0
2896 2888 110.0
2888 2896 110.0
2896 2892 202.0
2892 2896 202.0
2896 2894 103.0
2894 2896 103.0
2896 2895 109.0
2895 2896 109.0
2897 849 104.0
849 2897 104.0
2897 2385 105.0
2385 2897 105.0
2897 2641 203.0
2641 2897 203.0
2897 2833 105.0
2833 2897 105.0
2897 2881 104.0
2881 2897 104.0
2898 850 106.0
850 2898 106.0
2898 2386 101.0
2386 2898 101.0
2898 2642 108.0
2642 2898 108.0
2898 2834 104.0
2834 2898 104.0
2898 2882 103.0
2882 2898 103.0
2898 2897 102.0
2897 2898 102.0
2899 851 105.0
851 2899 105.0
2899 2387 106.0
2387 2899 106.0
2899 2643 102.0
2643 2899 102.0
2899 2835 108.0
2835 2899 108.0
2899 2883 107.0
2883 2899 107.0
2899 2897 106.0
2897 2899 106.0
2900 852 106.0
852 2900 106.0
2900 2388 105.0
2388 2900 105.0
2900 2644 101.0
2644 2900 101.0
2900 2836 101.0
2836 2900 101.0
2900 2884 208.0
2884 2900 208.0
2900 2898 110.0
2898 2900 110.0
2900 2899 108.0
2899 2900 108.0
2901 853 107.0
853 2901 107.0
2901 2389 107.0
2389 2901 107.0
2901 2645 104.0
2645 2901 104.0
2901 2837 104.0
2837 2901 104.0
2901 2885 107.0
2885 2901 107.0
2901 2897 104.0
2897 2901 104.0
2902 854 102.0
854 2902 102.0
2902 2390 104.0
2390 2902 104.0
2902 2646 109.0
2646 2902 109.0
2902 2838 201.0
2838 2902 201.0
2902 2886 106.0
2886 2902 106.0
2902 2898 110.0
2898 2902 110.0
2902 2901 102.0
2901 2902 102.0
2903 855 209.0
855 2903 209.0
2903 2391 206.0
2391 2903 206.0
2903 2647 205.0
2647 2903 205.0
2903 2839 205.0
2839 2903 205.0
2903 2887 205.0
2887 2903 205.0
2903 2899 208.0
2899 2903 208.0
2903 2901 204.0
2901 2903 204.0
2904 856 103.0
856 2904 103.0
2904 2392 106.0
2392 2904 106.0
2904 2648 101.0
2648 2904 101.0
2904 2840 103.0
2840 2904 103.0
2904 2888 108.0
2888 2904 108.0
2904 2900 107.0
2900 2904 107.0
2904 2902 108.0
2902 2904 108.0
2904 2903 209.0
2903 2904 209.0
2905 857 101.0
857 2905 101.0
2905 2393 109.0
2393 2905 109.0
2905 2649 107.0
2649 2905 107.0
2905 2841 103.0
2841 2905 103.0
2905 2889 105.0
2889 2905 105.0
2905 2897 110.0
2897 2905 110.0
2906 858 104.0
858 2906 104.0
2906 2394 107.0
2394 2906 107.0
2906 2650 101.0
2650 2906 101.0
2906 2842 101.0
2842 2906 101.0
2906 2890 108.0
2890 2906 108.0
2906 2898 109.0
2898 2906 109.0
2906 2905 109.0
2905 2906 109.0
2907 859 204.0
859 2907 204.0
2907 2395 105.0
2395 2907 105.0
2907 2651 106.0
2651 2907 106.0
2907 2843 109.0
2843 2907 109.0
2907 2891 110.0
2891 2907 110.0
2907 2899 110.0
2899 2907 110.0
2907 2905 104.0
2905 2907 104.0
2908 860 107.0
860 2908 107.0
2908 2396 104.0
2396 2908 104.0
2908 2652 110.0
2652 2908 110.0
2908 2844 110.0
2844 2908 110.0
2908 2892 210.0
2892 2908 210.0
2908 2900 101.0
2900 2908 101.0
2908 2906 105.0
2906 2908 105.0
2908 2907 110.0
2907 2908 110.0
2909 861 102.0
861 2909 102.0
2909 2397 209.0
2397 2909 209.0
2909 2653 110.0
2653 2909 110.0
2909 2845 102.0
2845 2909 102.0
2909 2893 101.0
2893 2909 101.0
2909 2901 104.0
2901 2909 104.0
2909 2905 108.0
2905 2909 108.0
2910 862 110.0
862 2910 110.0
2910 2398 208.0
2398 2910 208.0
2910 2654 102.0
2654 2910 102.0
2910 2846 105.0
2846 2910 105.0
2910 2894 104.0
2894 2910 104.0
2910 2902 109.0
2902 2910 109.0
2910 2906 107.0
2906 2910 107.0
2910 2909 108.0
2909 2910 108.0
2911 863 103.0
863 2911 103.0
2911 2399 104.0
2399 2911 104.0
2911 2655 109.0
2655 2911 109.0
2911 2847 108.0
2847 2911 108.0
2911 2895 107.0
2895 2911 107.0
2911 2903 206.0
2903 2911 206.0
2911 2907 106.0
2907 2911 106.0
2911 2909 104.0
2909 2911 104.0
2912 864 102.0
864 2912 102.0
2912 2400 102.0
2400 2912 102.0
2912 2656 101.0
2656 2912 101.0
2912 2848 105.0
2848 2912 105.0
2912 2896 109.0
2896 2912 109.0
2912 2904 101.0
2904 2912 101.0
2912 2908 104.0
2908 2912 104.0
2912 2910 101.0
2910 2912 101.0
2912 2911 109.0
2911 2912 109.0
2913 865 210.0
865 2913 210.0
2913 2401 206.0
2401 2913 206.0
2913 2657 207.0
2657 2913 207.0
2913 2849 203.0
2849 2913 203.0
2913 2881 201.0
2881 2913 201.0
2914 866 102.0
866 2914 102.0
2914 2402 106.0
2402 2914 106.0
2914 2658 104.0
2658 2914 104.0
2914 2850 108.0
2850 2914 108.0
2914 2882 107.0
2882 2914 107.0
2914 2913 209.0
2913 2914 209.0
2915 867 103.0
867 2915 103.0
2915 2403 105.0
2403 2915 105.0
2915 2659 110.0
2659 2915 110.0
2915 2851 108.0
2851 2915 108.0
2915 2883 102.0
2883 2915 102.0
2915 2913 210.0
2913 2915 210.0
2916 868 206.0
868 2916 206.0
2916 2404 110.0
2404 2916 110.0
2916 2660 108.0
2660 2916 108.0
2916 2852 110.0
2852 2916 110.0
2916 2884 202.0
2884 2916 202.0
2916 2914 103.0
2914 2916 103.0
2916 2915 104.0
2915 2916 104.0
2917 869 205.0
869 2917 205.0
2917 2405 209.0
2405 2917 209.0
2917 2661 208.0
2661 2917 208.0
2917 2853 210.0
2853 2917 210.0
2917 2885 210.0
2885 2917 210.0
2917 2913 306.0
2913 2917 306.0
2918 870 103.0
870 2918 103.0
2918 2406 201.0
2406 2918 201.0
2918 2662 105.0
2662 2918 105.0
2918 2854 103.0
2854 2918 103.0
2918 2886 109.0
2886 2918 109.0
2918 2914 102.0
2914 2918 102.0
2918 2917 202.0
2917 2918 202.0
2919 871 108.0
871 2919 108.0
2919 2407 103.0
2407 2919 103.0
2919 2663 108.0
2663 2919 108.0
2919 2855 108.0
2855 2919 108.0
2919 2887 105.0
2887 2919 105.0
2919 2915 109.0
2915 2919 109.0
2919 2917 205.0
2917 2919 205.0
2920 872 107.0
872 2920 107.0
2920 2408 108.0
2408 2920 108.0
2920 2664 110.0
2664 2920 110.0
2920 2856 107.0
2856 2920 107.0
2920 2888 102.0
2888 2920 102.0
2920 2916 103.0
2916 2920 103.0
2920 2918 105.0
2918 2920 105.0
2920 2919 101.0
2919 2920 101.0
2921 873 110.0
873 2921 110.0
2921 2409 106.0
2409 2921 106.0
2921 2665 103.0
2665 2921 103.0
2921 2857 108.0
2857 2921 108.0
2921 2889 108.0
2889 2921 108.0
2921 2913 201.0
2913 2921 201.0
2922 874 103.0
874 2922 103.0
2922 2410 106.0
2410 2922 106.0
2922 2666 210.0
2666 2922 210.0
2922 2858 104.0
2858 2922 104.0
2922 2890 109.0
2890 2922 109.0
2922 2914 109.0
2914 2922 109.0
2922 2921 109.0
2921 2922 109.0
2923 875 102.0
875 2923 102.0
2923 2411 101.0
2411 2923 101.0
2923 2667 105.0
2667 2923 105.0
2923 2859 210.0
2859 2923 210.0
2923 2891 105.0
2891 2923 105.0
2923 2915 108.0
2915 2923 108.0
2923 2921 105.0
2921 2923 105.0
2924 876 110.0
876 2924 110.0
2924 2412 108.0
2412 2924 108.0
2924 2668 108.0
2668 2924 108.0
2924 2860 103.0
2860 2924 103.0
2924 2892 209.0
2892 2924 209.0
2924 2916 102.0
2916 2924 102.0
2924 2922 110.0
2922 2924 110.0
2924 2923 106.0
2923 2924 106.0
2925 877 105.0
877 2925 105.0
2925 2413 108.0
2413 2925 108.0
2925 2669 102.0
2669 2925 102.0
2925 2861 109.0
2861 2925 109.0
2925 2893 108.0
2893 2925 108.0
2925 2917 205.0
2917 2925 205.0
2925 2921 105.0
2921 2925 105.0
2926 878 107.0
878 2926 107.0
2926 2414 107.0
2414 2926 107.0
2926 2670 202.0
2670 2926 202.0
2926 2862 107.0
2862 2926 107.0
2926 2894 105.0
2894 2926 105.0
2926 2918 104.0
2918 2926 104.0
2926 2922 106.0
2922 2926 106.0
2926 2925 110.0
2925 2926 110.0
2927 879 205.0
879 2927 205.0
2927 2415 109.0
2415 2927 109.0
2927 2671 101.0
2671 2927 101.0
2927 2863 104.0
2863 2927 104.0
2927 2895 109.0
2895 2927 109.0
2927 2919 102.0
2919 2927 102.0
2927 2923 103.0
2923 2927 103.0
2927 2925 110.0
2925 2927 110.0
2928 880 107.0
880 2928 107.0
2928 2416 108.0
2416 2928 108.0
2928 2672 103.0
2672 2928 103.0
2928 2864 103.0
2864 2928 103.0
2928 2896 101.0
2896 2928 101.0
2928 2920 101.0
2920 2928 101.0
2928 2924 110.0
2924 2928 110.0
2928 2926 107.0
2926 2928 107.0
2928 2927 105.0
2927 2928 105.0
2929 881 202.0
881 2929 202.0
2929 2417 210.0
2417 2929 210.0
2929 2673 202.0
2673 2929 202.0
2929 2865 209.0
2865 2929 209.0
2929 2897 208.0
2897 2929 208.0
2929 2913 307.0
2913 2929 307.0
2930 882 105.0
882 2930 105.0
2930 2418 107.0
2418 2930 107.0
2930 2674 104.0
2674 2930 104.0
2930 2866 107.0
2866 2930 107.0
2930 2898 106.0
2898 2930 106.0
2930 2914 106.0
2914 2930 106.0
2930 2929 205.0
2929 2930 205.0
2931 883 107.0
883 2931 107.0
2931 2419 102.0
2419 2931 102.0
2931 2675 105.0
2675 2931 105.0
2931 2867 104.0
2867 2931 104.0
2931 2899 103.0
2899 2931 103.0
2931 2915 110.0
2915 2931 110.0
2931 2929 209.0
2929 2931 209.0
2932 884 202.0
884 2932 202.0
2932 2420 207.0
2420 2932 207.0
2932 2676 106.0
2676 2932 106.0
2932 2868 109.0
2868 2932 109.0
2932 2900 108.0
2900 2932 108.0
2932 2916 102.0
2916 2932 102.0
2932 2930 104.0
2930 2932 104.0
2932 2931 108.0
2931 2932 108.0
2933 885 105.0
885 2933 105.0
2933 2421 109.0
2421 2933 109.0
2933 2677 110.0
2677 2933 110.0
2933 2869 110.0
2869 2933 110.0
2933 2901 106.0
2901 2933 106.0
2933 2917 207.0
2917 2933 207.0
2933 2929 208.0
2929 2933 208.0
2934 886 210.0
886 2934 210.0
2934 2422 108.0
2422 2934 108.0
2934 2678 110.0
2678 2934 110.0
2934 2870 108.0
2870 2934 108.0
2934 2902 108.0
2902 2934 108.0
2934 2918 107.0
2918 2934 107.0
2934 2930 105.0
2930 2934 105.0
2934 2933 101.0
2933 2934 101.0
2935 887 109.0
887 2935 109.0
2935 2423 104.0
2423 2935 104.0
2935 2679 108.0
2679 2935 108.0
2935 2871 107.0
2871 2935 107.0
2935 2903 210.0
2903 2935 210.0
2935 2919 109.0
2919 2935 109.0
2935 2931 106.0
2931 2935 106.0
2935 2933 109.0
2933 2935 109.0
2936 888 103.0
888 2936 103.0
2936 2424 109.0
2424 2936 109.0
2936 2680 103.0
2680 2936 103.0
2936 2872 205.0
2872 2936 205.0
2936 2904 103.0
2904 2936 103.0
2936 2920 108.0
2920 2936 108.0
2936 2932 110.0
2932 2936 110.0
2936 2934 105.0
2934 2936 105.0
2936 2935 106.0
2935 2936 106.0
2937 889 104.0
889 2937 104.0
2937 2425 105.0
2425 2937 105.0
2937 2681 105.0
2681 2937 105.0
2937 2873 102.0
2873 2937 102.0
2937 2905 110.0
2905 2937 110.0
2937 2921 105.0
2921 2937 105.0
2937 2929 201.0
2929 2937 201.0
2938 890 104.0
890 2938 104.0
2938 2426 109.0
2426 2938 109.0
2938 2682 108.0
2682 2938 108.0
2938 2874 101.0
2874 2938 101.0
2938 2906 105.0
2906 2938 105.0
2938 2922 103.0
2922 2938 103.0
2938 2930 109.0
2930 2938 109.0
2938 2937 106.0
2937 2938 106.0
2939 891 104.0
891 2939 104.0
2939 2427 102.0
2427 2939 102.0
2939 2683 202.0
2683 2939 202.0
2939 2875 206.0
2875 2939 206.0
2939 2907 105.0
2907 2939 105.0
2939 2923 101.0
2923 2939 101.0
2939 2931 106.0
2931 2939 106.0
2939 2937 106.0
2937 2939 106.0
2940 892 106.0
892 2940 106.0
2940 2428 109.0
2428 2940 109.0
2940 2684 107.0
2684 2940 107.0
2940 2876 110.0
2876 2940 110.0
2940 2908 106.0
2908 2940 106.0
2940 2924 106.0
2924 2940 106.0
2940 2932 102.0
2932 2940 102.0
2940 2938 107.0
2938 2940 107.0
2940 2939 105.0
2939 2940 105.0
2941 893 205.0
893 2941 205.0
2941 2429 104.0
2429 2941 104.0
2941 2685 110.0
2685 2941 110.0
2941 2877 108.0
2877 2941 108.0
2941 2909 108.0
2909 2941 108.0
2941 2925 109.0
2925 2941 109.0
2941 2933 107.0
2933 2941 107.0
2941 2937 109.0
2937 2941 109.0
2942 894 103.0
894 2942 103.0
2942 2430 107.0
2430 2942 107.0
2942 2686 104.0
2686 2942 104.0
2942 2878 103.0
2878 2942 103.0
2942 2910 104.0
2910 2942 104.0
2942 2926 107.0
2926 2942 107.0
2942 2934 108.0
2934 2942 108.0
2942 2938 108.0
2938 2942 108.0
2942 2941 105.0
2941 2942 105.0
2943 895 109.0
895 2943 109.0
2943 2431 105.0
2431 2943 105.0
2943 2687 102.0
2687 2943 102.0
2943 2879 103.0
2879 2943 103.0
2943 2911 104.0
2911 2943 104.0
2943 2927 110.0
2927 2943 110.0
2943 2935 103.0
2935 2943 103.0
2943 2939 107.0
2939 2943 107.0
2943 2941 109.0
2941 2943 109.0
2944 896 209.0
896 2944 209.0
2944 2432 303.0
2432 2944 303.0
2944 2688 203.0
2688 2944 203.0
2944 2880 303.0
2880 2944 303.0
2944 2912 202.0
2912 2944 202.0
2944 2928 208.0
2928 2944 208.0
2944 2936 202.0
2936 2944 202.0
2944 2940 201.0
2940 2944 201.0
2944 2942 207.0
2942 2944 207.0
2944 2943 203.0
2943 2944 203.0
2945 897 202.0
897 2945 202.0
2945 2433 107.0
2433 2945 107.0
2945 2689 110.0
2689 2945 110.0
2945 2817 102.0
2817 2945 102.0
2946 898 106.0
898 2946 106.0
2946 2434 109.0
2434 2946 109.0
2946 2690 206.0
2690 2946 206.0
2946 2818 103.0
2818 2946 103.0
2946 2945 110.0
2945 2946 110.0
2947 899 103.0
899 2947 103.0
2947 2435 105.0
2435 2947 105.0
2947 2691 101.0
2691 2947 101.0
2947 2819 105.0
2819 2947 105.0
2947 2945 102.0
2945 2947 102.0
2948 900 110.0
900 2948 110.0
2948 2436 107.0
2436 2948 107.0
2948 2692 108.0
2692 2948 108.0
2948 2820 101.0
2820 2948 101.0
2948 2946 101.0
2946 2948 101.0
2948 2947 110.0
2947 2948 110.0
2949 901 203.0
901 2949 203.0
2949 2437 202.0
2437 2949 202.0
2949 2693 203.0
2693 2949 203.0
2949 2821 206.0
2821 2949 206.0
2949 2945 203.0
2945 2949 203.0
2950 902 104.0
902 2950 104.0
2950 2438 109.0
2438 2950 109.0
2950 2694 105.0
2694 2950 105.0
2950 2822 205.0
2822 2950 205.0
2950 2946 110.0
2946 2950 110.0
2950 2949 209.0
2949 2950 209.0
2951 903 102.0
903 2951 102.0
2951 2439 104.0
2439 2951 104.0
2951 2695 105.0
2695 2951 105.0
2951 2823 104.0
2823 2951 104.0
2951 2947 108.0
2947 2951 108.0
2951 2949 207.0
2949 2951 207.0
2952 904 102.0
904 2952 102.0
2952 2440 205.0
2440 2952 205.0
2952 2696 107.0
2696 2952 107.0
2952 2824 107.0
2824 2952 107.0
2952 2948 103.0
2948 2952 103.0
2952 2950 106.0
2950 2952 106.0
2952 2951 110.0
2951 2952 110.0
2953 905 106.0
905 2953 106.0
2953 2441 107.0
2441 2953 107.0
2953 2697 108.0
2697 2953 108.0
2953 2825 206.0
2825 2953 206.0
2953 2945 107.0
2945 2953 107.0
2954 906 102.0
906 2954 102.0
2954 2442 109.0
2442 2954 109.0
2954 2698 108.0
2698 2954 108.0
2954 2826 101.0
2826 2954 101.0
2954 2946 107.0
2946 2954 107.0
2954 2953 108.0
2953 2954 108.0
2955 907 101.0
907 2955 101.0
2955 2443 105.0
2443 2955 105.0
2955 2699 101.0
2699 2955 101.0
2955 2827 107.0
2827 2955 107.0
2955 2947 110.0
2947 2955 110.0
2955 2953 101.0
2953 2955 101.0
2956 908 206.0
908 2956 206.0
2956 2444 201.0
2444 2956 201.0
2956 2700 209.0
2700 2956 209.0
2956 2828 207.0
2828 2956 207.0
2956 2948 202.0
2948 2956 202.0
2956 2954 206.0
2954 2956 206.0
2956 2955 202.0
2955 2956 202.0
2957 909 101.0
909 2957 101.0
2957 2445 102.0
2445 2957 102.0
2957 2701 110.0
2701 2957 110.0
2957 2829 109.0
2829 2957 109.0
2957 2949 208.0
2949 2957 208.0
2957 2953 105.0
2953 2957 105.0
2958 910 108.0
910 2958 108.0
2958 2446 102.0
2446 2958 102.0
2958 2702 104.0
2702 2958 104.0
2958 2830 103.0
2830 2958 103.0
2958 2950 105.0
2950 2958 105.0
2958 2954 105.0
2954 2958 105.0
2958 2957 102.0
2957 2958 102.0
2959 911 206.0
911 2959 206.0
2959 2447 101.0
2447 2959 101.0
2959 2703 106.0
2703 2959 106.0
2959 2831 208.0
2831 2959 208.0
2959 2951 110.0
2951 2959 110.0
2959 2955 101.0
2955 2959 101.0
2959 2957 107.0
2957 2959 107.0
2960 912 109.0
912 2960 109.0
2960 2448 102.0
2448 2960 102.0
2960 2704 102.0
2704 2960 102.0
2960 2832 107.0
2832 2960 107.0
2960 2952 110.0
2952 2960 110.0
2960 2956 207.0
2956 2960 207.0
2960 2958 102.0
2958 2960 102.0
2960 2959 110.0
2959 2960 110.0
2961 913 101.0
913 2961 101.0
2961 2449 106.0
2449 2961 106.0
2961 2705 108.0
2705 2961 108.0
2961 2833 103.0
2833 2961 103.0
2961 2945 102.0
2945 2961 102.0
2962 914 107.0
914 2962 107.0
2962 2450 209.0
2450 2962 209.0
2962 2706 103.0
2706 2962 103.0
2962 2834 106.0
2834 2962 106.0
2962 2946 107.0
2946 2962 107.0
2962 2961 102.0
2961 2962 102.0
2963 915 210.0
915 2963 210.0
2963 2451 107.0
2451 2963 107.0
2963 2707 103.0
2707 2963 103.0
2963 2835 110.0
2835 2963 110.0
2963 2947 102.0
2947 2963 102.0
2963 2961 101.0
2961 2963 101.0
2964 916 104.0
916 2964 104.0
2964 2452 102.0
2452 2964 102.0
2964 2708 110.0
2708 2964 110.0
2964 2836 106.0
2836 2964 106.0
2964 2948 102.0
2948 2964 102.0
2964 2962 110.0
2962 2964 110.0
2964 2963 107.0
2963 2964 107.0
2965 917 107.0
917 2965 107.0
2965 2453 106.0
2453 2965 106.0
2965 2709 102.0
2709 2965 102.0
2965 2837 102.0
2837 2965 102.0
2965 2949 210.0
2949 2965 210.0
2965 2961 109.0
2961 2965 109.0
2966 918 203.0
918 2966 203.0
2966 2454 101.0
2454 2966 101.0
2966 2710 106.0
2710 2966 106.0
2966 2838 201.0
2838 2966 201.0
2966 2950 106.0
2950 2966 106.0
2966 2962 110.0
2962 2966 110.0
2966 2965 108.0
2965 2966 108.0
2967 919 207.0
919 2967 207.0
2967 2455 104.0
2455 2967 104.0
2967 2711 209.0
2711 2967 209.0
2967 2839 105.0
2839 2967 105.0
2967 2951 103.0
2951 2967 103.0
2967 2963 102.0
2963 2967 102.0
2967 2965 108.0
2965 2967 108.0
2968 920 107.0
920 2968 107.0
2968 2456 110.0
2456 2968 110.0
2968 2712 105.0
2712 2968 105.0
2968 2840 103.0
2840 2968 103.0
2968 2952 104.0
2952 2968 104.0
2968 2964 105.0
2964 2968 105.0
2968 2966 107.0
2966 2968 107.0
2968 2967 105.0
2967 2968 105.0
2969 921 208.0
921 2969 208.0
2969 2457 208.0
2457 2969 208.0
2969 2713 206.0
2713 2969 206.0
2969 2841 208.0
2841 2969 208.0
2969 2953 202.0
2953 2969 202.0
2969 2961 208.0
2961 2969 208.0
2970 922 102.0
922 2970 102.0
2970 2458 102.0
2458 2970 102.0
2970 2714 108.0
2714 2970 108.0
2970 2842 105.0
2842 2970 105.0
2970 2954 101.0
2954 2970 101.0
2970 2962 106.0
2962 2970 106.0
2970 2969 204.0
2969 2970 204.0
2971 923 102.0
923 2971 102.0
2971 2459 107.0
2459 2971 107.0
2971 2715 101.0
2715 2971 101.0
2971 2843 102.0
2843 2971 102.0
2971 2955 102.0
2955 2971 102.0
2971 2963 102.0
2963 2971 102.0
2971 2969 201.0
2969 2971 201.0
2972 924 110.0
924 2972 110.0
2972 2460 108.0
2460 2972 108.0
2972 2716 110.0
2716 2972 110.0
2972 2844 104.0
2844 2972 104.0
2972 2956 204.0
2956 2972 204.0
2972 2964 101.0
2964 2972 101.0
2972 2970 110.0
2970 2972 110.0
2972 2971 110.0
2971 2972 110.0
2973 925 102.0
925 2973 102.0
2973 2461 108.0
2461 2973 108.0
2973 2717 108.0
2717 2973 108.0
2973 2845 106.0
2845 2973 106.0
2973 2957 106.0
2957 2973 106.0
2973 2965 109.0
2965 2973 109.0
2973 2969 207.0
2969 2973 207.0
2974 926 103.0
926 2974 103.0
2974 2462 110.0
2462 2974 110.0
2974 2718 107.0
2718 2974 107.0
2974 2846 101.0
2846 2974 101.0
2974 2958 102.0
2958 2974 102.0
2974 2966 102.0
2966 2974 102.0
2974 2970 103.0
2970 2974 103.0
2974 2973 107.0
2973 2974 107.0
2975 927 103.0
927 2975 103.0
2975 2463 205.0
2463 2975 205.0
2975 2719 107.0
2719 2975 107.0
2975 2847 107.0
2847 2975 107.0
2975 2959 107.0
2959 2975 107.0
2975 2967 106.0
2967 2975 106.0
2975 2971 108.0
2971 2975 108.0
2975 2973 102.0
2973 2975 102.0
2976 928 107.0
928 2976 107.0
2976 2464 105.0
2464 2976 105.0
2976 2720 108.0
2720 2976 108.0
2976 2848 102.0
2848 2976 102.0
2976 2960 107.0
2960 2976 107.0
2976 2968 105.0
2968 2976 105.0
2976 2972 109.0
2972 2976 109.0
2976 2974 107.0
2974 2976 107.0
2976 2975 107.0
2975 2976 107.0
2977 929 105.0
929 2977 105.0
2977 2465 109.0
2465 2977 109.0
2977 2721 102.0
2721 2977 102.0
2977 2849 109.0
2849 2977 109.0
2977 2945 104.0
2945 2977 104.0
2978 930 209.0
930 2978 209.0
2978 2466 108.0
2466 2978 108.0
2978 2722 107.0
2722 2978 107.0
2978 2850 109.0
2850 2978 109.0
2978 2946 107.0
2946 2978 107.0
2978 2977 106.0
2977 2978 106.0
2979 931 110.0
931 2979 110.0
2979 2467 204.0
2467 2979 204.0
2979 2723 109.0
2723 2979 109.0
2979 2851 106.0
2851 2979 106.0
2979 2947 104.0
2947 2979 104.0
2979 2977 102.0
2977 2979 102.0
2980 932 107.0
932 2980 107.0
2980 2468 108.0
2468 2980 108.0
2980 2724 102.0
2724 2980 102.0
2980 2852 110.0
2852 2980 110.0
2980 2948 108.0
2948 2980 108.0
2980 2978 110.0
2978 2980 110.0
2980 2979 104.0
2979 2980 104.0
2981 933 202.0
933 2981 202.0
2981 2469 207.0
2469 2981 207.0
2981 2725 206.0
2725 2981 206.0
2981 2853 203.0
2853 2981 203.0
2981 2949 301.0
2949 2981 301.0
2981 2977 210.0
2977 2981 210.0
2982 934 103.0
934 2982 103.0
2982 2470 107.0
2470 2982 107.0
2982 2726 105.0
2726 2982 105.0
2982 2854 105.0
2854 2982 105.0
2982 2950 103.0
2950 2982 103.0
2982 2978 103.0
2978 2982 103.0
2982 2981 203.0
2981 2982 203.0
2983 935 109.0
935 2983 109.0
2983 2471 107.0
2471 2983 107.0
2983 2727 110.0
2727 2983 110.0
2983 2855 108.0
2855 2983 108.0
2983 2951 108.0
2951 2983 108.0
2983 2979 105.0
2979 2983 105.0
2983 2981 206.0
2981 2983 206.0
2984 936 102.0
936 2984 102.0
2984 2472 104.0
2472 2984 104.0
2984 2728 108.0
2728 2984 108.0
2984 2856 104.0
2856 2984 104.0
2984 2952 107.0
2952 2984 107.0
2984 2980 107.0
2980 2984 107.0
2984 2982 104.0
2982 2984 104.0
2984 2983 101.0
2983 2984 101.0
2985 937 105.0
937 2985 105.0
2985 2473 104.0
2473 2985 104.0
2985 2729 210.0
2729 2985 210.0
2985 2857 104.0
2857 2985 104.0
2985 2953 104.0
2953 2985 104.0
2985 2977 101.0
2977 2985 101.0
2986 938 108.0
938 2986 108.0
2986 2474 201.0
2474 2986 201.0
2986 2730 102.0
2730 2986 102.0
2986 2858 110.0
2858 2986 110.0
2986 2954 105.0
2954 2986 105.0
2986 2978 105.0
2978 2986 105.0
2986 2985 110.0
2985 2986 110.0
2987 939 104.0
939 2987 104.0
2987 2475 110.0
2475 2987 110.0
2987 2731 105.0
2731 2987 105.0
2987 2859 201.0
2859 2987 201.0
2987 2955 109.0
2955 2987 109.0
2987 2979 108.0
2979 2987 108.0
2987 2985 104.0
2985 2987 104.0
2988 940 104.0
940 2988 104.0
2988 2476 201.0
2476 2988 201.0
2988 2732 108.0
2732 2988 108.0
2988 2860 105.0
2860 2988 105.0
2988 2956 205.0
2956 2988 205.0
2988 2980 104.0
2980 2988 104.0
2988 2986 108.0
2986 2988 108.0
2988 2987 107.0
2987 2988 107.0
2989 941 101.0
941 2989 101.0
2989 2477 110.0
2477 2989 110.0
2989 2733 108.0
2733 2989 108.0
2989 2861 106.0
2861 2989 106.0
2989 2957 107.0
2957 2989 107.0
2989 2981 207.0
2981 2989 207.0
2989 2985 105.0
2985 2989 105.0
2990 942 103.0
942 2990 103.0
2990 2478 110.0
2478 2990 110.0
2990 2734 101.0
2734 2990 101.0
2990 2862 109.0
2862 2990 109.0
2990 2958 109.0
2958 2990 109.0
2990 2982 110.0
2982 2990 110.0
2990 2986 101.0
2986 2990 101.0
2990 2989 106.0
2989 2990 106.0
2991 943 104.0
943 2991 104.0
2991 2479 102.0
2479 2991 102.0
2991 2735 108.0
2735 2991 108.0
2991 2863 103.0
2863 2991 103.0
2991 2959 105.0
2959 2991 105.0
2991 2983 105.0
2983 2991 105.0
2991 2987 105.0
2987 2991 105.0
2991 2989 103.0
2989 2991 103.0
2992 944 107.0
944 2992 107.0
2992 2480 107.0
2480 2992 107.0
2992 2736 203.0
2736 2992 203.0
2992 2864 110.0
2864 2992 110.0
2992 2960 106.0
2960 2992 106.0
2992 2984 107.0
2984 2992 107.0
2992 2988 109.0
2988 2992 109.0
2992 2990 106.0
2990 2992 106.0
2992 2991 103.0
2991 2992 103.0
2993 945 103.0
945 2993 103.0
2993 2481 105.0
2481 2993 105.0
2993 2737 101.0
2737 2993 101.0
2993 2865 104.0
2865 2993 104.0
2993 2961 101.0
2961 2993 101.0
2993 2977 110.0
2977 2993 110.0
2994 946 110.0
946 2994 110.0
2994 2482 101.0
2482 2994 101.0
2994 2738 204.0
2738 2994 204.0
2994 2866 103.0
2866 2994 103.0
2994 2962 106.0
2962 2994 106.0
2994 2978 109.0
2978 2994 109.0
2994 2993 104.0
2993 2994 104.0
2995 947 104.0
947 2995 104.0
2995 2483 104.0
2483 2995 104.0
2995 2739 110.0
2739 2995 110.0
2995 2867 105.0
2867 2995 105.0
2995 2963 106.0
2963 2995 106.0
2995 2979 107.0
2979 2995 107.0
2995 2993 101.0
2993 2995 101.0
2996 948 205.0
948 2996 205.0
2996 2484 210.0
2484 2996 210.0
2996 2740 208.0
2740 2996 208.0
2996 2868 202.0
2868 2996 202.0
2996 2964 204.0
2964 2996 204.0
2996 2980 204.0
2980 2996 204.0
2996 2994 207.0
2994 2996 207.0
2996 2995 207.0
2995 2996 207.0
2997 949 103.0
949 2997 103.0
2997 2485 107.0
2485 2997 107.0
2997 2741 105.0
2741 2997 105.0
2997 2869 102.0
2869 2997 102.0
2997 2965 106.0
2965 2997 106.0
2997 2981 209.0
2981 2997 209.0
2997 2993 106.0
2993 2997 106.0
2998 950 106.0
950 2998 106.0
2998 2486 106.0
2486 2998 106.0
2998 2742 108.0
2742 2998 108.0
2998 2870 102.0
2870 2998 102.0
2998 2966 110.0
2966 2998 110.0
2998 2982 107.0
2982 2998 107.0
2998 2994 103.0
2994 2998 103.0
2998 2997 107.0
2997 2998 107.0
2999 951 107.0
951 2999 107.0
2999 2487 109.0
2487 2999 109.0
2999 2743 208.0
2743 2999 208.0
2999 2871 101.0
2871 2999 101.0
2999 2967 101.0
2967 2999 101.0
2999 2983 108.0
2983 2999 108.0
2999 2995 101.0
2995 2999 101.0
2999 2997 110.0
2997 2999 110.0
3000 952 109.0
952 3000 109.0
3000 2488 109.0
2488 3000 109.0
3000 2744 106.0
2744 3000 106.0
3000 2872 208.0
2872 3000 208.0
3000 2968 101.0
2968 3000 101.0
3000 2984 108.0
2984 3000 108.0
3000 2996 203.0
2996 3000 203.0
3000 2998 109.0
2998 3000 109.0
3000 2999 110.0
2999 3000 110.0
3001 953 110.0
953 3001 110.0
3001 2489 104.0
2489 3001 104.0
3001 2745 106.0
2745 3001 106.0
3001 2873 110.0
2873 3001 110.0
3001 2969 202.0
2969 3001 202.0
3001 2985 103.0
2985 3001 103.0
3001 2993 104.0
2993 3001 104.0
3002 954 101.0
954 3002 101.0
3002 2490 103.0
2490 3002 103.0
3002 2746 109.0
2746 3002 109.0
3002 2874 102.0
2874 3002 102.0
3002 2970 101.0
2970 3002 101.0
3002 2986 106.0
2986 3002 106.0
3002 2994 104.0
2994 3002 104.0
3002 3001 102.0
3001 3002 102.0
3003 955 206.0
955 3003 206.0
3003 2491 106.0
2491 3003 106.0
3003 2747 106.0
2747 3003 106.0
3003 2875 201.0
2875 3003 201.0
3003 2971 107.0
2971 3003 107.0
3003 2987 108.0
2987 3003 108.0
3003 2995 109.0
2995 3003 109.0
3003 3001 104.0
3001 3003 104.0
3004 956 109.0
956 3004 109.0
3004 2492 102.0
2492 3004 102.0
3004 2748 105.0
2748 3004 105.0
3004 2876 110.0
2876 3004 110.0
3004 2972 103.0
2972 3004 103.0
3004 2988 103.0
2988 3004 103.0
3004 2996 207.0
2996 3004 207.0
3004 3002 103.0
3002 3004 103.0
3004 3003 105.0
3003 3004 105.0
3005 957 102.0
957 3005 102.0
3005 2493 110.0
2493 3005 110.0
3005 2749 106.0
2749 3005 106.0
3005 2877 102.0
2877 3005 102.0
3005 2973 101.0
2973 3005 101.0
3005 2989 108.0
2989 3005 108.0
3005 2997 108.0
2997 3005 108.0
3005 3001 103.0
3001 3005 103.0
3006 958 206.0
958 3006 206.0
3006 2494 201.0
2494 3006 201.0
3006 2750 206.0
2750 3006 206.0
3006 2878 204.0
2878 3006 204.0
3006 2974 210.0
2974 3006 210.0
3006 2990 201.0
2990 3006 201.0
3006 2998 203.0
2998 3006 203.0
3006 3002 207.0
3002 3006 207.0
3006 3005 205.0
3005 3006 205.0
3007 959 106.0
959 3007 106.0
3007 2495 102.0
2495 3007 102.0
3007 2751 110.0
2751 3007 110.0
3007 2879 102.0
2879 3007 102.0
3007 2975 102.0
2975 3007 102.0
3007 2991 110.0
2991 3007 110.0
3007 2999 104.0
2999 3007 104.0
3007 3003 103.0
3003 3007 103.0
3007 3005 102.0
3005 3007 102.0
3008 960 110.0
960 3008 110.0
3008 2496 108.0
2496 3008 108.0
3008 2752 109.0
2752 3008 109.0
3008 2880 203.0
2880 3008 203.0
3008 2976 104.0
2976 3008 104.0
3008 2992 104.0
2992 3008 104.0
3008 3000 104.0
3000 3008 104.0
3008 3004 107.0
3004 3008 107.0
3008 3006 202.0
3006 3008 202.0
3008 3007 109.0
3007 3008 109.0
3009 961 103.0
961 3009 103.0
3009 2497 202.0
2497 3009 202.0
3009 2753 108.0
2753 3009 108.0
3009 2881 101.0
2881 3009 101.0
3009 2945 106.0
2945 3009 106.0
3010 962 107.0
962 3010 107.0
3010 2498 110.0
2498 3010 110.0
3010 2754 101.0
2754 3010 101.0
3010 2882 101.0
2882 3010 101.0
3010 2946 108.0
2946 3010 108.0
3010 3009 107.0
3009 3010 107.0
3011 963 107.0
963 3011 107.0
3011 2499 105.0
2499 3011 105.0
3011 2755 104.0
2755 3011 104.0
3011 2883 103.0
2883 3011 103.0
3011 2947 108.0
2947 3011 108.0
3011 3009 101.0
3009 3011 101.0
3012 964 105.0
964 3012 105.0
3012 2500 106.0
2500 3012 106.0
3012 2756 103.0
2756 3012 103.0
3012 2884 204.0
2884 3012 204.0
3012 2948 108.0
2948 3012 108.0
3012 3010 101.0
3010 3012 101.0
3012 3011 102.0
3011 3012 102.0
3013 965 107.0
965 3013 107.0
3013 2501 101.0
2501 3013 101.0
3013 2757 209.0
2757 3013 209.0
3013 2885 110.0
2885 3013 110.0
3013 2949 206.0
2949 3013 206.0
3013 3009 101.0
3009 3013 101.0
3014 966 108.0
966 3014 108.0
3014 2502 108.0
2502 3014 108.0
3014 2758 107.0
2758 3014 107.0
3014 2886 109.0
2886 3014 109.0
3014 2950 107.0
2950 3014 107.0
3014 3010 105.0
3010 3014 105.0
3014 3013 102.0
3013 3014 102.0
3015 967 104.0
967 3015 104.0
3015 2503 110.0
2503 3015 110.0
3015 2759 104.0
2759 3015 104.0
3015 2887 107.0
2887 3015 107.0
3015 2951 106.0
2951 3015 106.0
3015 3011 110.0
3011 3015 110.0
3015 3013 103.0
3013 3015 103.0
3016 968 102.0
968 3016 102.0
3016 2504 102.0
2504 3016 102.0
3016 2760 203.0
2760 3016 203.0
3016 2888 109.0
2888 3016 109.0
3016 2952 106.0
2952 3016 106.0
3016 3012 107.0
3012 3016 107.0
3016 3014 102.0
3014 3016 102.0
3016 3015 110.0
3015 3016 110.0
3017 969 106.0
969 3017 106.0
3017 2505 103.0
2505 3017 103.0
3017 2761 110.0
2761 3017 110.0
3017 2889 101.0
2889 3017 101.0
3017 2953 110.0
2953 3017 110.0
3017 3009 107.0
3009 3017 107.0
3018 970 210.0
970 3018 210.0
3018 2506 110.0
2506 3018 110.0
3018 2762 103.0
2762 3018 103.0
3018 2890 110.0
2890 3018 110.0
3018 2954 107.0
2954 3018 107.0
3018 3010 108.0
3010 3018 108.0
3018 3017 105.0
3017 3018 105.0
3019 971 103.0
971 3019 103.0
3019 2507 107.0
2507 3019 107.0
3019 2763 201.0
2763 3019 201.0
3019 2891 108.0
2891 3019 108.0
3019 2955 103.0
2955 3019 103.0
3019 3011 110.0
3011 3019 110.0
3019 3017 102.0
3017 3019 102.0
3020 972 101.0
972 3020 101.0
3020 2508 108.0
2508 3020 108.0
3020 2764 105.0
2764 3020 105.0
3020 2892 205.0
2892 3020 205.0
3020 2956 207.0
2956 3020 207.0
3020 3012 110.0
3012 3020 110.0
3020 3018 106.0
3018 3020 106.0
3020 3019 102.0
3019 3020 102.0
3021 973 103.0
973 3021 103.0
3021 2509 104.0
2509 3021 104.0
3021 2765 102.0
2765 3021 102.0
3021 2893 102.0
2893 3021 102.0
3021 2957 102.0
2957 3021 102.0
3021 3013 110.0
3013 3021 110.0
3021 3017 108.0
3017 3021 108.0
3022 974 202.0
974 3022 202.0
3022 2510 309.0
2510 3022 309.0
3022 2766 208.0
2766 3022 208.0
3022 2894 204.0
2894 3022 204.0
3022 2958 202.0
2958 3022 202.0
3022 3014 202.0
3014 3022 202.0
3022 3018 208.0
3018 3022 208.0
3022 3021 210.0
3021 3022 210.0
3023 975 103.0
975 3023 103.0
3023 2511 109.0
2511 3023 109.0
3023 2767 207.0
2767 3023 207.0
3023 2895 107.0
2895 3023 107.0
3023 2959 101.0
2959 3023 101.0
3023 3015 106.0
3015 3023 106.0
3023 3019 103.0
3019 3023 103.0
3023 3021 106.0
3021 3023 106.0
3024 976 109.0
976 3024 109.0
3024 2512 110.0
2512 3024 110.0
3024 2768 105.0
2768 3024 105.0
3024 2896 101.0
2896 3024 101.0
3024 2960 102.0
2960 3024 102.0
3024 3016 107.0
3016 3024 107.0
3024 3020 109.0
3020 3024 109.0
3024 3022 202.0
3022 3024 202.0
3024 3023 104.0
3023 3024 104.0
3025 977 107.0
977 3025 107.0
3025 2513 109.0
2513 3025 109.0
3025 2769 104.0
2769 3025 104.0
3025 2897 110.0
2897 3025 110.0
3025 2961 104.0
2961 3025 104.0
3025 3009 105.0
3009 3025 105.0
3026 978 210.0
978 3026 210.0
3026 2514 205.0
2514 3026 205.0
3026 2770 210.0
2770 3026 210.0
3026 2898 203.0
2898 3026 203.0
3026 2962 210.0
2962 3026 210.0
3026 3010 207.0
3010 3026 207.0
3026 3025 205.0
3025 3026 205.0
3027 979 110.0
979 3027 110.0
3027 2515 203.0
2515 3027 203.0
3027 2771 109.0
2771 3027 109.0
3027 2899 102.0
2899 3027 102.0
3027 2963 102.0
2963 3027 102.0
3027 3011 107.0
3011 3027 107.0
3027 3025 107.0
3025 3027 107.0
3028 980 105.0
980 3028 105.0
3028 2516 104.0
2516 3028 104.0
3028 2772 109.0
2772 3028 109.0
3028 2900 104.0
2900 3028 104.0
3028 2964 104.0
2964 3028 104.0
3028 3012 109.0
3012 3028 109.0
3028 3026 205.0
3026 3028 205.0
3028 3027 105.0
3027 3028 105.0
3029 981 209.0
981 3029 209.0
3029 2517 103.0
2517 3029 103.0
3029 2773 107.0
2773 3029 107.0
3029 2901 101.0
2901 3029 101.0
3029 2965 110.0
2965 3029 110.0
3029 3013 107.0
3013 3029 107.0
3029 3025 107.0
3025 3029 107.0
3030 982 104.0
982 3030 104.0
3030 2518 102.0
2518 3030 102.0
3030 2774 102.0
2774 3030 102.0
3030 2902 106.0
2902 3030 106.0
3030 2966 105.0
2966 3030 105.0
3030 3014 105.0
3014 3030 105.0
3030 3026 210.0
3026 3030 210.0
3030 3029 107.0
3029 3030 107.0
3031 983 107.0
983 3031 107.0
3031 2519 108.0
2519 3031 108.0
3031 2775 106.0
2775 3031 106.0
3031 2903 202.0
2903 3031 202.0
3031 2967 103.0
2967 3031 103.0
3031 3015 108.0
3015 3031 108.0
3031 3027 103.0
3027 3031 103.0
3031 3029 105.0
3029 3031 105.0
3032 984 204.0
984 3032 204.0
3032 2520 203.0
2520 3032 203.0
3032 2776 108.0
2776 3032 108.0
3032 2904 102.0
2904 3032 102.0
3032 2968 105.0
2968 3032 105.0
3032 3016 109.0
3016 3032 109.0
3032 3028 101.0
3028 3032 101.0
3032 3030 106.0
3030 3032 106.0
3032 3031 105.0
3031 3032 105.0
3033 985 209.0
985 3033 209.0
3033 2521 210.0
2521 3033 210.0
3033 2777 306.0
2777 3033 306.0
3033 2905 208.0
2905 3033 208.0
3033 2969 309.0
2969 3033 309.0
3033 3017 210.0
3017 3033 210.0
3033 3025 210.0
3025 3033 210.0
3034 986 108.0
986 3034 108.0
3034 2522 105.0
2522 3034 105.0
3034 2778 108.0
2778 3034 108.0
3034 2906 103.0
2906 3034 103.0
3034 2970 109.0
2970 3034 109.0
3034 3018 102.0
3018 3034 102.0
3034 3026 208.0
3026 3034 208.0
3034 3033 207.0
3033 3034 207.0
3035 987 103.0
987 3035 103.0
3035 2523 101.0
2523 3035 101.0
3035 2779 102.0
2779 3035 102.0
3035 2907 104.0
2907 3035 104.0
3035 2971 102.0
2971 3035 102.0
3035 3019 107.0
3019 3035 107.0
3035 3027 110.0
3027 3035 110.0
3035 3033 209.0
3033 3035 209.0
3036 988 107.0
988 3036 107.0
3036 2524 105.0
2524 3036 105.0
3036 2780 110.0
2780 3036 110.0
3036 2908 106.0
2908 3036 106.0
3036 2972 102.0
2972 3036 102.0
3036 3020 110.0
3020 3036 110.0
3036 3028 104.0
3028 3036 104.0
3036 3034 104.0
3034 3036 104.0
3036 3035 106.0
3035 3036 106.0
3037 989 103.0
989 3037 103.0
3037 2525 109.0
2525 3037 109.0
3037 2781 105.0
2781 3037 105.0
3037 2909 107.0
2909 3037 107.0
3037 2973 109.0
2973 3037 109.0
3037 3021 104.0
3021 3037 104.0
3037 3029 102.0
3029 3037 102.0
3037 3033 201.0
3033 3037 201.0
3038 990 108.0
990 3038 108.0
3038 2526 101.0
2526 3038 101.0
3038 2782 109.0
2782 3038 109.0
3038 2910 107.0
2910 3038 107.0
3038 2974 110.0
2974 3038 110.0
3038 3022 210.0
3022 3038 210.0
3038 3030 107.0
3030 3038 107.0
3038 3034 108.0
3034 3038 108.0
3038 3037 109.0
3037 3038 109.0
3039 991 104.0
991 3039 104.0
3039 2527 104.0
2527 3039 104.0
3039 2783 106.0
2783 3039 106.0
3039 2911 103.0
2911 3039 103.0
3039 2975 106.0
2975 3039 106.0
3039 3023 109.0
3023 3039 109.0
3039 3031 106.0
3031 3039 106.0
3039 3035 108.0
3035 3039 108.0
3039 3037 107.0
3037 3039 107.0
3040 992 110.0
992 3040 110.0
3040 2528 106.0
2528 3040 106.0
3040 2784 201.0
2784 3040 201.0
3040 2912 101.0
2912 3040 101.0
3040 2976 102.0
2976 3040 102.0
3040 3024 105.0
3024 3040 105.0
3040 3032 107.0
3032 3040 107.0
3040 3036 108.0
3036 3040 108.0
3040 3038 108.0
3038 3040 108.0
3040 3039 109.0
3039 3040 109.0
3041 993 203.0
993 3041 203.0
3041 2529 202.0
2529 3041 202.0
3041 2785 202.0
2785 3041 202.0
3041 2913 309.0
2913 3041 309.0
3041 2977 202.0
2977 3041 202.0
3041 3009 208.0
3009 3041 208.0
3042 994 102.0
994 3042 102.0
3042 2530 108.0
2530 3042 108.0
3042 2786 105.0
2786 3042 105.0
3042 2914 105.0
2914 3042 105.0
3042 2978 110.0
2978 3042 110.0
3042 3010 105.0
3010 3042 105.0
3042 3041 205.0
3041 3042 205.0
3043 995 204.0
995 3043 204.0
3043 2531 210.0
2531 3043 210.0
3043 2787 209.0
2787 3043 209.0
3043 2915 209.0
2915 3043 209.0
3043 2979 210.0
2979 3043 210.0
3043 3011 203.0
3011 3043 203.0
3043 3041 308.0
3041 3043 308.0
3044 996 110.0
996 3044 110.0
3044 2532 103.0
2532 3044 103.0
3044 2788 208.0
2788 3044 208.0
3044 2916 108.0
2916 3044 108.0
3044 2980 103.0
2980 3044 103.0
3044 3012 105.0
3012 3044 105.0
3044 3042 105.0
3042 3044 105.0
3044 3043 207.0
3043 3044 207.0
3045 997 106.0
997 3045 106.0
3045 2533 107.0
2533 3045 107.0
3045 2789 108.0
2789 3045 108.0
3045 2917 201.0
2917 3045 201.0
3045 2981 210.0
2981 3045 210.0
3045 3013 110.0
3013 3045 110.0
3045 3041 205.0
3041 3045 205.0
3046 998 103.0
998 3046 103.0
3046 2534 108.0
2534 3046 108.0
3046 2790 110.0
2790 3046 110.0
3046 2918 104.0
2918 3046 104.0
3046 2982 101.0
2982 3046 101.0
3046 3014 101.0
3014 3046 101.0
3046 3042 107.0
3042 3046 107.0
3046 3045 106.0
3045 3046 106.0
3047 999 201.0
999 3047 201.0
3047 2535 107.0
2535 3047 107.0
3047 2791 110.0
2791 3047 110.0
3047 2919 106.0
2919 3047 106.0
3047 2983 101.0
2983 3047 101.0
3047 3015 104.0
3015 3047 104.0
3047 3043 208.0
3043 3047 208.0
3047 3045 106.0
3045 3047 106.0
3048 1000 205.0
1000 3048 205.0
3048 2536 205.0
2536 3048 205.0
3048 2792 202.0
2792 3048 202.0
3048 2920 201.0
2920 3048 201.0
3048 2984 207.0
2984 3048 207.0
3048 3016 210.0
3016 3048 210.0
3048 3044 204.0
3044 3048 204.0
3048 3046 205.0
3046 3048 205.0
3048 3047 203.0
3047 3048 203.0
3049 1001 109.0
1001 3049 109.0
3049 2537 105.0
2537 3049 105.0
3049 2793 104.0
2793 3049 104.0
3049 2921 110.0
2921 3049 110.0
3049 2985 101.0
2985 3049 101.0
3049 3017 105.0
3017 3049 105.0
3049 3041 201.0
3041 3049 201.0
3050 1002 106.0
1002 3050 106.0
3050 2538 106.0
2538 3050 106.0
3050 2794 105.0
2794 3050 105.0
3050 2922 102.0
2922 3050 102.0
3050 2986 105.0
2986 3050 105.0
3050 3018 104.0
3018 3050 104.0
3050 3042 105.0
3042 3050 105.0
3050 3049 106.0
3049 3050 106.0
3051 1003 207.0
1003 3051 207.0
3051 2539 101.0
2539 3051 101.0
3051 2795 107.0
2795 3051 107.0
3051 2923 106.0
2923 3051 106.0
3051 2987 101.0
2987 3051 101.0
3051 3019 101.0
3019 3051 101.0
3051 3043 205.0
3043 3051 205.0
3051 3049 109.0
3049 3051 109.0
3052 1004 102.0
1004 3052 102.0
3052 2540 101.0
2540 3052 101.0
3052 2796 109.0
2796 3052 109.0
3052 2924 109.0
2924 3052 109.0
3052 2988 110.0
2988 3052 110.0
3052 3020 101.0
3020 3052 101.0
3052 3044 102.0
3044 3052 102.0
3052 3050 101.0
3050 3052 101.0
3052 3051 109.0
3051 3052 109.0
3053 1005 107.0
1005 3053 107.0
3053 2541 109.0
2541 3053 109.0
3053 2797 110.0
2797 3053 110.0
3053 2925 102.0
2925 3053 102.0
3053 2989 102.0
2989 3053 102.0
3053 3021 105.0
3021 3053 105.0
3053 3045 107.0
3045 3053 107.0
3053 3049 106.0
3049 3053 106.0
3054 1006 109.0
1006 3054 109.0
3054 2542 108.0
2542 3054 108.0
3054 2798 109.0
2798 3054 109.0
3054 2926 104.0
2926 3054 104.0
3054 2990 103.0
2990 3054 103.0
3054 3022 206.0
3022 3054 206.0
3054 3046 106.0
3046 3054 106.0
3054 3050 109.0
3050 3054 109.0
3054 3053 106.0
3053 3054 106.0
3055 1007 102.0
1007 3055 102.0
3055 2543 207.0
2543 3055 207.0
3055 2799 103.0
2799 3055 103.0
3055 2927 101.0
2927 3055 101.0
3055 2991 103.0
2991 3055 103.0
3055 3023 103.0
3023 3055 103.0
3055 3047 108.0
3047 3055 108.0
3055 3051 107.0
3051 3055 107.0
3055 3053 103.0
3053 3055 103.0
3056 1008 210.0
1008 3056 210.0
3056 2544 107.0
2544 3056 107.0
3056 2800 109.0
2800 3056 109.0
3056 2928 105.0
2928 3056 105.0
3056 2992 110.0
2992 3056 110.0
3056 3024 102.0
3024 3056 102.0
3056 3048 201.0
3048 3056 201.0
3056 3052 110.0
3052 3056 110.0
3056 3054 101.0
3054 3056 101.0
3056 3055 101.0
3055 3056 101.0
3057 1009 110.0
1009 3057 110.0
3057 2545 101.0
2545 3057 101.0
3057 2801 109.0
2801 3057 109.0
3057 2929 203.0
2929 3057 203.0
3057 2993 101.0
2993 3057 101.0
3057 3025 104.0
3025 3057 104.0
3057 3041 208.0
3041 3057 208.0
3058 1010 110.0
1010 3058 110.0
3058 2546 103.0
2546 3058 103.0
3058 2802 102.0
2802 3058 102.0
3058 2930 108.0
2930 3058 108.0
3058 2994 101.0
2994 3058 101.0
3058 3026 206.0
3026 3058 206.0
3058 3042 107.0
3042 3058 107.0
3058 3057 102.0
3057 3058 102.0
3059 1011 109.0
1011 3059 109.0
3059 2547 101.0
2547 3059 101.0
3059 2803 104.0
2803 3059 104.0
3059 2931 109.0
2931 3059 109.0
3059 2995 109.0
2995 3059 109.0
3059 3027 105.0
3027 3059 105.0
3059 3043 205.0
3043 3059 205.0
3059 3057 110.0
3057 3059 110.0
3060 1012 106.0
1012 3060 106.0
3060 2548 104.0
2548 3060 104.0
3060 2804 110.0
2804 3060 110.0
3060 2932 102.0
2932 3060 102.0
3060 2996 209.0
2996 3060 209.0
3060 3028 108.0
3028 3060 108.0
3060 3044 105.0
3044 3060 105.0
3060 3058 101.0
3058 3060 101.0
3060 3059 101.0
3059 3060 101.0
3061 1013 103.0
1013 3061 103.0
3061 2549 209.0
2549 3061 209.0
3061 2805 106.0
2805 3061 106.0
3061 2933 109.0
2933 3061 109.0
3061 2997 102.0
2997 3061 102.0
3061 3029 106.0
3029 3061 106.0
3061 3045 101.0
3045 3061 101.0
3061 3057 103.0
3057 3061 103.0
3062 1014 102.0
1014 3062 102.0
3062 2550 101.0
2550 3062 101.0
3062 2806 208.0
2806 3062 208.0
3062 2934 108.0
2934 3062 108.0
3062 2998 107.0
2998 3062 107.0
3062 3030 109.0
3030 3062 109.0
3062 3046 108.0
3046 3062 108.0
3062 3058 105.0
3058 3062 105.0
3062 3061 110.0
3061 3062 110.0
3063 1015 109.0
1015 3063 109.0
3063 2551 109.0
2551 3063 109.0
3063 2807 107.0
2807 3063 107.0
3063 2935 102.0
2935 3063 102.0
3063 2999 104.0
2999 3063 104.0
3063 3031 101.0
3031 3063 101.0
3063 3047 102.0
3047 3063 102.0
3063 3059 108.0
3059 3063 108.0
3063 3061 107.0
3061 3063 107.0
3064 1016 110.0
1016 3064 110.0
3064 2552 107.0
2552 3064 107.0
3064 2808 105.0
2808 3064 105.0
3064 2936 110.0
2936 3064 110.0
3064 3000 102.0
3000 3064 102.0
3064 3032 102.0
3032 3064 102.0
3064 3048 205.0
3048 3064 205.0
3064 3060 108.0
3060 3064 108.0
3064 3062 101.0
3062 3064 101.0
3064 3063 109.0
3063 3064 109.0
3065 1017 105.0
1017 3065 105.0
3065 2553 201.0
2553 3065 201.0
3065 2809 110.0
2809 3065 110.0
3065 2937 107.0
2937 3065 107.0
3065 3001 110.0
3001 3065 110.0
3065 3033 203.0
3033 3065 203.0
3065 3049 105.0
3049 3065 105.0
3065 3057 105.0
3057 3065 105.0
3066 1018 204.0
1018 3066 204.0
3066 2554 202.0
2554 3066 202.0
3066 2810 206.0
2810 3066 206.0
3066 2938 202.0
2938 3066 202.0
3066 3002 206.0
3002 3066 206.0
3066 3034 202.0
3034 3066 202.0
3066 3050 202.0
3050 3066 202.0
3066 3058 209.0
3058 3066 209.0
3066 3065 204.0
3065 3066 204.0
3067 1019 101.0
1019 3067 101.0
3067 2555 106.0
2555 3067 106.0
3067 2811 108.0
2811 3067 108.0
3067 2939 103.0
2939 3067 103.0
3067 3003 107.0
3003 3067 107.0
3067 3035 101.0
3035 3067 101.0
3067 3051 104.0
3051 3067 104.0
3067 3059 102.0
3059 3067 102.0
3067 3065 108.0
3065 3067 108.0
3068 1020 209.0
1020 3068 209.0
3068 2556 203.0
2556 3068 203.0
3068 2812 209.0
2812 3068 209.0
3068 2940 210.0
2940 3068 210.0
3068 3004 209.0
3004 3068 209.0
3068 3036 206.0
3036 3068 206.0
3068 3052 210.0
3052 3068 210.0
3068 3060 203.0
3060 3068 203.0
3068 3066 302.0
3066 3068 302.0
3068 3067 205.0
3067 3068 205.0
3069 1021 105.0
1021 3069 105.0
3069 2557 104.0
2557 3069 104.0
3069 2813 104.0
2813 3069 104.0
3069 2941 107.0
2941 3069 107.0
3069 3005 102.0
3005 3069 102.0
3069 3037 106.0
3037 3069 106.0
3069 3053 110.0
3053 3069 110.0
3069 3061 110.0
3061 3069 110.0
3069 3065 102.0
3065 3069 102.0
3070 1022 104.0
1022 3070 104.0
3070 2558 107.0
2558 3070 107.0
3070 2814 108.0
2814 3070 108.0
3070 2942 109.0
2942 3070 109.0
3070 3006 208.0
3006 3070 208.0
3070 3038 109.0
3038 3070 109.0
3070 3054 104.0
3054 3070 104.0
3070 3062 103.0
3062 3070 103.0
3070 3066 202.0
3066 3070 202.0
3070 3069 109.0
3069 3070 109.0
3071 1023 205.0
1023 3071 205.0
3071 2559 208.0
2559 3071 208.0
3071 2815 203.0
2815 3071 203.0
3071 2943 204.0
2943 3071 204.0
3071 3007 203.0
3007 3071 203.0
3071 3039 207.0
3039 3071 207.0
3071 3055 207.0
3055 3071 207.0
3071 3063 207.0
3063 3071 207.0
3071 3067 209.0
3067 3071 209.0
3071 3069 209.0
3069 3071 209.0
3072 1024 109.0
1024 3072 109.0
3072 2560 105.0
2560 3072 105.0
3072 2816 107.0
2816 3072 107.0
3072 2944 209.0
2944 3072 209.0
3072 3008 105.0
3008 3072 105.0
3072 3040 105.0
3040 3072 105.0
3072 3056 104.0
3056 3072 104.0
3072 3064 109.0
3064 3072 109.0
3072 3068 210.0
3068 3072 210.0
3072 3070 101.0
3070 3072 101.0
3072 3071 201.0
3071 3072 201.0
3073 1025 108.0
1025 3073 108.0
3073 2049 104.0
2049 3073 104.0
3074 1026 101.0
1026 3074 101.0
3074 2050 109.0
2050 3074 109.0
3074 3073 104.0
3073 3074 104.0
3075 1027 201.0
1027 3075 201.0
3075 2051 201.0
2051 3075 201.0
3075 3073 205.0
3073 3075 205.0
3076 1028 106.0
1028 3076 106.0
3076 2052 110.0
2052 3076 110.0
3076 3074 108.0
3074 3076 108.0
3076 3075 202.0
3075 3076 202.0
3077 1029 110.0
1029 3077 110.0
3077 2053 108.0
2053 3077 108.0
3077 3073 103.0
3073 3077 103.0
3078 1030 102.0
1030 3078 102.0
3078 2054 103.0
2054 3078 103.0
3078 3074 103.0
3074 3078 103.0
3078 3077 107.0
3077 3078 107.0
3079 1031 110.0
1031 3079 110.0
3079 2055 109.0
2055 3079 109.0
3079 3075 210.0
3075 3079 210.0
3079 3077 102.0
3077 3079 102.0
3080 1032 302.0
1032 3080 302.0
3080 2056 204.0
2056 3080 204.0
3080 3076 205.0
3076 3080 205.0
3080 3078 204.0
3078 3080 204.0
3080 3079 209.0
3079 3080 209.0
3081 1033 203.0
1033 3081 203.0
3081 2057 205.0
2057 3081 205.0
3081 3073 108.0
3073 3081 108.0
3082 1034 108.0
1034 3082 108.0
3082 2058 104.0
2058 3082 104.0
3082 3074 106.0
3074 3082 106.0
3082 3081 107.0
3081 3082 107.0
3083 1035 108.0
1035 3083 108.0
3083 2059 110.0
2059 3083 110.0
3083 3075 204.0
3075 3083 204.0
3083 3081 107.0
3081 3083 107.0
3084 1036 109.0
1036 3084 109.0
3084 2060 107.0
2060 3084 107.0
3084 3076 104.0
3076 3084 104.0
3084 3082 101.0
3082 3084 101.0
3084 3083 106.0
3083 3084 106.0
3085 1037 106.0
1037 3085 106.0
3085 2061 106.0
2061 3085 106.0
3085 3077 105.0
3077 3085 105.0
3085 3081 109.0
3081 3085 109.0
3086 1038 107.0
1038 3086 107.0
3086 2062 102.0
2062 3086 102.0
3086 3078 101.0
3078 3086 101.0
3086 3082 102.0
3082 3086 102.0
3086 3085 106.0
3085 3086 106.0
3087 1039 102.0
1039 3087 102.0
3087 2063 110.0
2063 3087 110.0
3087 3079 103.0
3079 3087 103.0
3087 3083 110.0
3083 3087 110.0
3087 3085 101.0
3085 3087 101.0
3088 1040 104.0
1040 3088 104.0
3088 2064 205.0
2064 3088 205.0
3088 3080 205.0
3080 3088 205.0
3088 3084 109.0
3084 3088 109.0
3088 3086 109.0
3086 3088 109.0
3088 3087 101.0
3087 3088 101.0
3089 1041 109.0
1041 3089 109.0
3089 2065 104.0
2065 3089 104.0
3089 3073 107.0
3073 3089 107.0
3090 1042 209.0
1042 3090 209.0
3090 2066 201.0
2066 3090 201.0
3090 3074 209.0
3074 3090 209.0
3090 3089 202.0
3089 3090 202.0
3091 1043 107.0
1043 3091 107.0
3091 2067 110.0
2067 3091 110.0
3091 3075 205.0
3075 3091 205.0
3091 3089 106.0
3089 3091 106.0
3092 1044 109.0
1044 3092 109.0
3092 2068 110.0
2068 3092 110.0
3092 3076 110.0
3076 3092 110.0
3092 3090 205.0
3090 3092 205.0
3092 3091 108.0
3091 3092 108.0
3093 1045 104.0
1045 3093 104.0
3093 2069 106.0
2069 3093 106.0
3093 3077 110.0
3077 3093 110.0
3093 3089 105.0
3089 3093 105.0
3094 1046 105.0
1046 3094 105.0
3094 2070 103.0
2070 3094 103.0
3094 3078 110.0
3078 3094 110.0
3094 3090 205.0
3090 3094 205.0
3094 3093 104.0
3093 3094 104.0
3095 1047 105.0
1047 3095 105.0
3095 2071 207.0
2071 3095 207.0
3095 3079 106.0
3079 3095 106.0
3095 3091 108.0
3091 3095 108.0
3095 3093 107.0
3093 3095 107.0
3096 1048 101.0
1048 3096 101.0
3096 2072 107.0
2072 3096 107.0
3096 3080 203.0
3080 3096 203.0
3096 3092 109.0
3092 3096 109.0
3096 3094 102.0
3094 3096 102.0
3096 3095 103.0
3095 3096 103.0
3097 1049 110.0
1049 3097 110.0
3097 2073 104.0
2073 3097 104.0
3097 3081 109.0
3081 3097 109.0
3097 3089 108.0
3089 3097 108.0
3098 1050 101.0
1050 3098 101.0
3098 2074 104.0
2074 3098 104.0
3098 3082 110.0
3082 3098 110.0
3098 3090 210.0
3090 3098 210.0
3098 3097 105.0
3097 3098 105.0
3099 1051 101.0
1051 3099 101.0
3099 2075 103.0
2075 3099 103.0
3099 3083 108.0
3083 3099 108.0
3099 3091 105.0
3091 3099 105.0
3099 3097 108.0
3097 3099 108.0
3100 1052 202.0
1052 3100 202.0
3100 2076 110.0
2076 3100 110.0
3100 3084 103.0
3084 3100 103.0
3100 3092 106.0
3092 3100 106.0
3100 3098 104.0
3098 3100 104.0
3100 3099 103.0
3099 3100 103.0
3101 1053 202.0
1053 3101 202.0
3101 2077 204.0
2077 3101 204.0
3101 3085 204.0
3085 3101 204.0
3101 3093 202.0
3093 3101 202.0
3101 3097 210.0
3097 3101 210.0
3102 1054 109.0
1054 3102 109.0
3102 2078 105.0
2078 3102 105.0
3102 3086 104.0
3086 3102 104.0
3102 3094 110.0
3094 3102 110.0
3102 3098 104.0
3098 3102 104.0
3102 3101 209.0
3101 3102 209.0
3103 1055 110.0
1055 3103 110.0
3103 2079 105.0
2079 3103 105.0
3103 3087 102.0
3087 3103 102.0
3103 3095 107.0
3095 3103 107.0
3103 3099 104.0
3099 3103 104.0
3103 3101 206.0
3101 3103 206.0
3104 1056 107.0
1056 3104 107.0
3104 2080 105.0
2080 3104 105.0
3104 3088 105.0
3088 3104 105.0
3104 3096 109.0
3096 3104 109.0
3104 3100 103.0
3100 3104 103.0
3104 3102 109.0
3102 3104 109.0
3104 3103 107.0
3103 3104 107.0
3105 1057 109.0
1057 3105 109.0
3105 2081 110.0
2081 3105 110.0
3105 3073 104.0
3073 3105 104.0
3106 1058 103.0
1058 3106 103.0
3106 2082 106.0
2082 3106 106.0
3106 3074 102.0
3074 3106 102.0
3106 3105 103.0
3105 3106 103.0
3107 1059 104.0
1059 3107 104.0
3107 2083 106.0
2083 3107 106.0
3107 3075 204.0
3075 3107 204.0
3107 3105 107.0
3105 3107 107.0
3108 1060 103.0
1060 3108 103.0
3108 2084 104.0
2084 3108 104.0
3108 3076 104.0
3076 3108 104.0
3108 3106 107.0
3106 3108 107.0
3108 3107 101.0
3107 3108 101.0
3109 1061 104.0
1061 3109 104.0
3109 2085 106.0
2085 3109 106.0
3109 3077 106.0
3077 3109 106.0
3109 3105 101.0
3105 3109 101.0
3110 1062 108.0
1062 3110 108.0
3110 2086 203.0
2086 3110 203.0
3110 3078 103.0
3078 3110 103.0
3110 3106 108.0
3106 3110 108.0
3110 3109 103.0
3109 3110 103.0
3111 1063 210.0
1063 3111 210.0
3111 2087 101.0
2087 3111 101.0
3111 3079 110.0
3079 3111 110.0
3111 3107 102.0
3107 3111 102.0
3111 3109 109.0
3109 3111 109.0
3112 1064 109.0
1064 3112 109.0
3112 2088 105.0
2088 3112 105.0
3112 3080 203.0
3080 3112 203.0
3112 3108 103.0
3108 3112 103.0
3112 3110 106.0
3110 3112 106.0
3112 3111 102.0
3111 3112 102.0
3113 1065 107.0
1065 3113 107.0
3113 2089 108.0
2089 3113 108.0
3113 3081 105.0
3081 3113 105.0
3113 3105 103.0
3105 3113 103.0
3114 1066 209.0
1066 3114 209.0
3114 2090 203.0
2090 3114 203.0
3114 3082 204.0
3082 3114 204.0
3114 3106 209.0
3106 3114 209.0
3114 3113 205.0
3113 3114 205.0
3115 1067 107.0
1067 3115 107.0
3115 2091 106.0
2091 3115 106.0
3115 3083 109.0
3083 3115 109.0
3115 3107 107.0
3107 3115 107.0
3115 3113 110.0
3113 3115 110.0
3116 1068 104.0
1068 3116 104.0
3116 2092 109.0
2092 3116 109.0
3116 3084 105.0
3084 3116 105.0
3116 3108 108.0
3108 3116 108.0
3116 3114 201.0
3114 3116 201.0
3116 3115 109.0
3115 3116 109.0
3117 1069 203.0
1069 3117 203.0
3117 2093 105.0
2093 3117 105.0
3117 3085 103.0
3085 3117 103.0
3117 3109 102.0
3109 3117 102.0
3117 3113 107.0
3113 3117 107.0
3118 1070 109.0
1070 3118 109.0
3118 2094 109.0
2094 3118 109.0
3118 3086 103.0
3086 3118 103.0
3118 3110 107.0
3110 3118 107.0
3118 3114 206.0
3114 3118 206.0
3118 3117 105.0
3117 3118 105.0
3119 1071 103.0
1071 3119 103.0
3119 2095 105.0
2095 3119 105.0
3119 3087 105.0
3087 3119 105.0
3119 3111 102.0
3111 3119 102.0
3119 3115 103.0
3115 3119 103.0
3119 3117 110.0
3117 3119 110.0
3120 1072 104.0
1072 3120 104.0
3120 2096 105.0
2096 3120 105.0
3120 3088 105.0
3088 3120 105.0
3120 3112 108.0
3112 3120 108.0
3120 3116 101.0
3116 3120 101.0
3120 3118 104.0
3118 3120 104.0
3120 3119 104.0
3119 3120 104.0
3121 1073 102.0
1073 3121 102.0
3121 2097 104.0
2097 3121 104.0
3121 3089 101.0
3089 3121 101.0
3121 3105 106.0
3105 3121 106.0
3122 1074 110.0
1074 3122 110.0
3122 2098 105.0
2098 3122 105.0
3122 3090 204.0
3090 3122 204.0
3122 3106 109.0
3106 3122 109.0
3122 3121 103.0
3121 3122 103.0
3123 1075 208.0
1075 3123 208.0
3123 2099 209.0
2099 3123 209.0
3123 3091 206.0
3091 3123 206.0
3123 3107 206.0
3107 3123 206.0
3123 3121 205.0
3121 3123 205.0
3124 1076 107.0
1076 3124 107.0
3124 2100 103.0
2100 3124 103.0
3124 3092 105.0
3092 3124 105.0
3124 3108 108.0
3108 3124 108.0
3124 3122 107.0
3122 3124 107.0
3124 3123 207.0
3123 3124 207.0
3125 1077 105.0
1077 3125 105.0
3125 2101 101.0
2101 3125 101.0
3125 3093 104.0
3093 3125 104.0
3125 3109 101.0
3109 3125 101.0
3125 3121 110.0
3121 3125 110.0
3126 1078 207.0
1078 3126 207.0
3126 2102 101.0
2102 3126 101.0
3126 3094 110.0
3094 3126 110.0
3126 3110 106.0
3110 3126 106.0
3126 3122 103.0
3122 3126 103.0
3126 3125 107.0
3125 3126 107.0
3127 1079 105.0
1079 3127 105.0
3127 2103 101.0
2103 3127 101.0
3127 3095 106.0
3095 3127 106.0
3127 3111 108.0
3111 3127 108.0
3127 3123 201.0
3123 3127 201.0
3127 3125 103.0
3125 3127 103.0
3128 1080 109.0
1080 3128 109.0
3128 2104 107.0
2104 3128 107.0
3128 3096 108.0
3096 3128 108.0
3128 3112 108.0
3112 3128 108.0
3128 3124 104.0
3124 3128 104.0
3128 3126 101.0
3126 3128 101.0
3128 3127 108.0
3127 3128 108.0
3129 1081 102.0
1081 3129 102.0
3129 2105 206.0
2105 3129 206.0
3129 3097 103.0
3097 3129 103.0
3129 3113 106.0
3113 3129 106.0
3129 3121 102.0
3121 3129 102.0
3130 1082 107.0
1082 3130 107.0
3130 2106 104.0
2106 3130 104.0
3130 3098 106.0
3098 3130 106.0
3130 3114 206.0
3114 3130 206.0
3130 3122 106.0
3122 3130 106.0
3130 3129 109.0
3129 3130 109.0
3131 1083 109.0
1083 3131 109.0
3131 2107 106.0
2107 3131 106.0
3131 3099 110.0
3099 3131 110.0
3131 3115 103.0
3115 3131 103.0
3131 3123 203.0
3123 3131 203.0
3131 3129 104.0
3129 3131 104.0
3132 1084 108.0
1084 3132 108.0
3132 2108 103.0
2108 3132 103.0
3132 3100 107.0
3100 3132 107.0
3132 3116 103.0
3116 3132 103.0
3132 3124 106.0
3124 3132 106.0
3132 3130 106.0
3130 3132 106.0
3132 3131 108.0
3131 3132 108.0
3133 1085 106.0
1085 3133 106.0
3133 2109 109.0
2109 3133 109.0
3133 3101 208.0
3101 3133 208.0
3133 3117 109.0
3117 3133 109.0
3133 3125 102.0
3125 3133 102.0
3133 3129 110.0
3129 3133 110.0
3134 1086 108.0
1086 3134 108.0
3134 2110 109.0
2110 3134 109.0
3134 3102 101.0
3102 3134 101.0
3134 3118 104.0
3118 3134 104.0
3134 3126 102.0
3126 3134 102.0
3134 3130 102.0
3130 3134 102.0
3134 3133 104.0
3133 3134 104.0
3135 1087 108.0
1087 3135 108.0
3135 2111 106.0
2111 3135 106.0
3135 3103 104.0
3103 3135 104.0
3135 3119 104.0
3119 3135 104.0
3135 3127 105.0
3127 3135 105.0
3135 3131 101.0
3131 3135 101.0
3135 3133 108.0
3133 3135 108.0
3136 1088 210.0
1088 3136 210.0
3136 2112 210.0
2112 3136 210.0
3136 3104 205.0
3104 3136 205.0
3136 3120 204.0
3120 3136 204.0
3136 3128 209.0
3128 3136 209.0
3136 3132 206.0
3132 3136 206.0
3136 3134 206.0
3134 3136 206.0
3136 3135 210.0
3135 3136 210.0
3137 1089 109.0
1089 3137 109.0
3137 2113 105.0
2113 3137 105.0
3137 3073 104.0
3073 3137 104.0
3138 1090 109.0
1090 3138 109.0
3138 2114 203.0
2114 3138 203.0
3138 3074 106.0
3074 3138 106.0
3138 3137 102.0
3137 3138 102.0
3139 1091 106.0
1091 3139 106.0
3139 2115 107.0
2115 3139 107.0
3139 3075 206.0
3075 3139 206.0
3139 3137 106.0
3137 3139 106.0
3140 1092 107.0
1092 3140 107.0
3140 2116 208.0
2116 3140 208.0
3140 3076 109.0
3076 3140 109.0
3140 3138 103.0
3138 3140 103.0
3140 3139 107.0
3139 3140 107.0
3141 1093 207.0
1093 3141 207.0
3141 2117 209.0
2117 3141 209.0
3141 3077 209.0
3077 3141 209.0
3141 3137 208.0
3137 3141 208.0
3142 1094 108.0
1094 3142 108.0
3142 2118 110.0
2118 3142 110.0
3142 3078 101.0
3078 3142 101.0
3142 3138 107.0
3138 3142 107.0
3142 3141 206.0
3141 3142 206.0
3143 1095 105.0
1095 3143 105.0
3143 2119 110.0
2119 3143 110.0
3143 3079 101.0
3079 3143 101.0
3143 3139 101.0
3139 3143 101.0
3143 3141 209.0
3141 3143 209.0
3144 1096 108.0
1096 3144 108.0
3144 2120 107.0
2120 3144 107.0
3144 3080 202.0
3080 3144 202.0
3144 3140 105.0
3140 3144 105.0
3144 3142 101.0
3142 3144 101.0
3144 3143 106.0
3143 3144 106.0
3145 1097 108.0
1097 3145 108.0
3145 2121 108.0
2121 3145 108.0
3145 3081 101.0
3081 3145 101.0
3145 3137 110.0
3137 3145 110.0
3146 1098 102.0
1098 3146 102.0
3146 2122 108.0
2122 3146 108.0
3146 3082 110.0
3082 3146 110.0
3146 3138 106.0
3138 3146 106.0
3146 3145 103.0
3145 3146 103.0
3147 1099 101.0
1099 3147 101.0
3147 2123 101.0
2123 3147 101.0
3147 3083 108.0
3083 3147 108.0
3147 3139 103.0
3139 3147 103.0
3147 3145 108.0
3145 3147 108.0
3148 1100 203.0
1100 3148 203.0
3148 2124 209.0
2124 3148 209.0
3148 3084 206.0
3084 3148 206.0
3148 3140 202.0
3140 3148 202.0
3148 3146 201.0
3146 3148 201.0
3148 3147 201.0
3147 3148 201.0
3149 1101 109.0
1101 3149 109.0
3149 2125 105.0
2125 3149 105.0
3149 3085 107.0
3085 3149 107.0
3149 3141 201.0
3141 3149 201.0
3149 3145 104.0
3145 3149 104.0
3150 1102 205.0
1102 3150 205.0
3150 2126 110.0
2126 3150 110.0
3150 3086 103.0
3086 3150 103.0
3150 3142 104.0
3142 3150 104.0
3150 3146 105.0
3146 3150 105.0
3150 3149 107.0
3149 3150 107.0
3151 1103 202.0
1103 3151 202.0
3151 2127 109.0
2127 3151 109.0
3151 3087 109.0
3087 3151 109.0
3151 3143 101.0
3143 3151 101.0
3151 3147 103.0
3147 3151 103.0
3151 3149 102.0
3149 3151 102.0
3152 1104 106.0
1104 3152 106.0
3152 2128 101.0
2128 3152 101.0
3152 3088 101.0
3088 3152 101.0
3152 3144 107.0
3144 3152 107.0
3152 3148 205.0
3148 3152 205.0
3152 3150 110.0
3150 3152 110.0
3152 3151 108.0
3151 3152 108.0
3153 1105 110.0
1105 3153 110.0
3153 2129 206.0
2129 3153 206.0
3153 3089 106.0
3089 3153 106.0
3153 3137 110.0
3137 3153 110.0
3154 1106 103.0
1106 3154 103.0
3154 2130 103.0
2130 3154 103.0
3154 3090 205.0
3090 3154 205.0
3154 3138 108.0
3138 3154 108.0
3154 3153 106.0
3153 3154 106.0
3155 1107 105.0
1107 3155 105.0
3155 2131 106.0
2131 3155 106.0
3155 3091 109.0
3091 3155 109.0
3155 3139 106.0
3139 3155 106.0
3155 3153 107.0
3153 3155 107.0
3156 1108 209.0
1108 3156 209.0
3156 2132 109.0
2132 3156 109.0
3156 3092 107.0
3092 3156 107.0
3156 3140 104.0
3140 3156 104.0
3156 3154 101.0
3154 3156 101.0
3156 3155 110.0
3155 3156 110.0
3157 1109 204.0
1109 3157 204.0
3157 2133 103.0
2133 3157 103.0
3157 3093 109.0
3093 3157 109.0
3157 3141 203.0
3141 3157 203.0
3157 3153 102.0
3153 3157 102.0
3158 1110 108.0
1110 3158 108.0
3158 2134 201.0
2134 3158 201.0
3158 3094 103.0
3094 3158 103.0
3158 3142 102.0
3142 3158 102.0
3158 3154 108.0
3154 3158 108.0
3158 3157 103.0
3157 3158 103.0
3159 1111 101.0
1111 3159 101.0
3159 2135 103.0
2135 3159 103.0
3159 3095 103.0
3095 3159 103.0
3159 3143 106.0
3143 3159 106.0
3159 3155 104.0
3155 3159 104.0
3159 3157 110.0
3157 3159 110.0
3160 1112 103.0
1112 3160 103.0
3160 2136 106.0
2136 3160 106.0
3160 3096 107.0
3096 3160 107.0
3160 3144 106.0
3144 3160 106.0
3160 3156 107.0
3156 3160 107.0
3160 3158 109.0
3158 3160 109.0
3160 3159 109.0
3159 3160 109.0
3161 1113 103.0
1113 3161 103.0
3161 2137 108.0
2137 3161 108.0
3161 3097 109.0
3097 3161 109.0
3161 3145 107.0
3145 3161 107.0
3161 3153 110.0
3153 3161 110.0
3162 1114 103.0
1114 3162 103.0
3162 2138 105.0
2138 3162 105.0
3162 3098 107.0
3098 3162 107.0
3162 3146 110.0
3146 3162 110.0
3162 3154 110.0
3154 3162 110.0
3162 3161 106.0
3161 3162 106.0
3163 1115 203.0
1115 3163 203.0
3163 2139 203.0
2139 3163 203.0
3163 3099 210.0
3099 3163 210.0
3163 3147 201.0
3147 3163 201.0
3163 3155 207.0
3155 3163 207.0
3163 3161 205.0
3161 3163 205.0
3164 1116 205.0
1116 3164 205.0
3164 2140 202.0
2140 3164 202.0
3164 3100 208.0
3100 3164 208.0
3164 3148 310.0
3148 3164 310.0
3164 3156 203.0
3156 3164 203.0
3164 3162 203.0
3162 3164 203.0
3164 3163 307.0
3163 3164 307.0
3165 1117 104.0
1117 3165 104.0
3165 2141 105.0
2141 3165 105.0
3165 3101 203.0
3101 3165 203.0
3165 3149 106.0
3149 3165 106.0
3165 3157 109.0
3157 3165 109.0
3165 3161 105.0
3161 3165 105.0
3166 1118 106.0
1118 3166 106.0
3166 2142 101.0
2142 3166 101.0
3166 3102 104.0
3102 3166 104.0
3166 3150 105.0
3150 3166 105.0
3166 3158 101.0
3158 3166 101.0
3166 3162 108.0
3162 3166 108.0
3166 3165 108.0
3165 3166 108.0
3167 1119 106.0
1119 3167 106.0
3167 2143 104.0
2143 3167 104.0
3167 3103 108.0
3103 3167 108.0
3167 3151 102.0
3151 3167 102.0
3167 3159 101.0
3159 3167 101.0
3167 3163 206.0
3163 3167 206.0
3167 3165 101.0
3165 3167 101.0
3168 1120 106.0
1120 3168 106.0
3168 2144 109.0
2144 3168 109.0
3168 3104 109.0
3104 3168 109.0
3168 3152 104.0
3152 3168 104.0
3168 3160 106.0
3160 3168 106.0
3168 3164 210.0
3164 3168 210.0
3168 3166 107.0
3166 3168 107.0
3168 3167 106.0
3167 3168 106.0
3169 1121 207.0
1121 3169 207.0
3169 2145 201.0
2145 3169 201.0
3169 3105 206.0
3105 3169 206.0
3169 3137 210.0
3137 3169 210.0
3170 1122 205.0
1122 3170 205.0
3170 2146 104.0
2146 3170 104.0
3170 3106 110.0
3106 3170 110.0
3170 3138 109.0
3138 3170 109.0
3170 3169 206.0
3169 3170 206.0
3171 1123 106.0
1123 3171 106.0
3171 2147 101.0
2147 3171 101.0
3171 3107 107.0
3107 3171 107.0
3171 3139 106.0
3139 3171 106.0
3171 3169 201.0
3169 3171 201.0
3172 1124 101.0
1124 3172 101.0
3172 2148 110.0
2148 3172 110.0
3172 3108 107.0
3108 3172 107.0
3172 3140 106.0
3140 3172 106.0
3172 3170 109.0
3170 3172 109.0
3172 3171 104.0
3171 3172 104.0
3173 1125 109.0
1125 3173 109.0
3173 2149 104.0
2149 3173 104.0
3173 3109 107.0
3109 3173 107.0
3173 3141 202.0
3141 3173 202.0
3173 3169 206.0
3169 3173 206.0
3174 1126 106.0
1126 3174 106.0
3174 2150 205.0
2150 3174 205.0
3174 3110 104.0
3110 3174 104.0
3174 3142 102.0
3142 3174 102.0
3174 3170 102.0
3170 3174 102.0
3174 3173 105.0
3173 3174 105.0
3175 1127 102.0
1127 3175 102.0
3175 2151 101.0
2151 3175 101.0
3175 3111 107.0
3111 3175 107.0
3175 3143 103.0
3143 3175 103.0
3175 3171 109.0
3171 3175 109.0
3175 3173 104.0
3173 3175 104.0
3176 1128 103.0
1128 3176 103.0
3176 2152 102.0
2152 3176 102.0
3176 3112 105.0
3112 3176 105.0
3176 3144 103.0
3144 3176 103.0
3176 3172 106.0
3172 3176 106.0
3176 3174 102.0
3174 3176 102.0
3176 3175 104.0
3175 3176 104.0
3177 1129 106.0
1129 3177 106.0
3177 2153 105.0
2153 3177 105.0
3177 3113 110.0
3113 3177 110.0
3177 3145 101.0
3145 3177 101.0
3177 3169 202.0
3169 3177 202.0
3178 1130 104.0
1130 3178 104.0
3178 2154 102.0
2154 3178 102.0
3178 3114 206.0
3114 3178 206.0
3178 3146 101.0
3146 3178 101.0
3178 3170 108.0
3170 3178 108.0
3178 3177 103.0
3177 3178 103.0
3179 1131 104.0
1131 3179 104.0
3179 2155 104.0
2155 3179 104.0
3179 3115 105.0
3115 3179 105.0
3179 3147 108.0
3147 3179 108.0
3179 3171 109.0
3171 3179 109.0
3179 3177 103.0
3177 3179 103.0
3180 1132 103.0
1132 3180 103.0
3180 2156 102.0
2156 3180 102.0
3180 3116 101.0
3116 3180 101.0
3180 3148 207.0
3148 3180 207.0
3180 3172 102.0
3172 3180 102.0
3180 3178 110.0
3178 3180 110.0
3180 3179 108.0
3179 3180 108.0
3181 1133 104.0
1133 3181 104.0
3181 2157 206.0
2157 3181 206.0
3181 3117 101.0
3117 3181 101.0
3181 3149 106.0
3149 3181 106.0
3181 3173 103.0
3173 3181 103.0
3181 3177 102.0
3177 3181 102.0
3182 1134 102.0
1134 3182 102.0
3182 2158 105.0
2158 3182 105.0
3182 3118 105.0
3118 3182 105.0
3182 3150 102.0
3150 3182 102.0
3182 3174 106.0
3174 3182 106.0
3182 3178 105.0
3178 3182 105.0
3182 3181 108.0
3181 3182 108.0
3183 1135 102.0
1135 3183 102.0
3183 2159 209.0
2159 3183 209.0
3183 3119 104.0
3119 3183 104.0
3183 3151 105.0
3151 3183 105.0
3183 3175 108.0
3175 3183 108.0
3183 3179 110.0
3179 3183 110.0
3183 3181 110.0
3181 3183 110.0
3184 1136 103.0
1136 3184 103.0
3184 2160 105.0
2160 3184 105.0
3184 3120 104.0
3120 3184 104.0
3184 3152 108.0
3152 3184 108.0
3184 3176 101.0
3176 3184 101.0
3184 3180 110.0
3180 3184 110.0
3184 3182 109.0
3182 3184 109.0
3184 3183 108.0
3183 3184 108.0
3185 1137 102.0
1137 3185 102.0
3185 2161 106.0
2161 3185 106.0
3185 3121 110.0
3121 3185 110.0
3185 3153 103.0
3153 3185 103.0
3185 3169 204.0
3169 3185 204.0
3186 1138 110.0
1138 3186 110.0
3186 2162 105.0
2162 3186 105.0
3186 3122 102.0
3122 3186 102.0
3186 3154 106.0
3154 3186 106.0
3186 3170 102.0
3170 3186 102.0
3186 3185 102.0
3185 3186 102.0
3187 1139 109.0
1139 3187 109.0
3187 2163 103.0
2163 3187 103.0
3187 3123 206.0
3123 3187 206.0
3187 3155 103.0
3155 3187 103.0
3187 3171 110.0
3171 3187 110.0
3187 3185 109.0
3185 3187 109.0
3188 1140 109.0
1140 3188 109.0
3188 2164 106.0
2164 3188 106.0
3188 3124 101.0
3124 3188 101.0
3188 3156 108.0
3156 3188 108.0
3188 3172 106.0
3172 3188 106.0
3188 3186 101.0
3186 3188 101.0
3188 3187 103.0
3187 3188 103.0
3189 1141 109.0
1141 3189 109.0
3189 2165 104.0
2165 3189 104.0
3189 3125 103.0
3125 3189 103.0
3189 3157 105.0
3157 3189 105.0
3189 3173 105.0
3173 3189 105.0
3189 3185 106.0
3185 3189 106.0
3190 1142 107.0
1142 3190 107.0
3190 2166 108.0
2166 3190 108.0
3190 3126 102.0
3126 3190 102.0
3190 3158 104.0
3158 3190 104.0
3190 3174 101.0
3174 3190 101.0
3190 3186 105.0
3186 3190 105.0
3190 3189 106.0
3189 3190 106.0
3191 1143 108.0
1143 3191 108.0
3191 2167 102.0
2167 3191 102.0
3191 3127 110.0
3127 3191 110.0
3191 3159 110.0
3159 3191 110.0
3191 3175 107.0
3175 3191 107.0
3191 3187 106.0
3187 3191 106.0
3191 3189 107.0
3189 3191 107.0
3192 1144 210.0
1144 3192 210.0
3192 2168 306.0
2168 3192 306.0
3192 3128 204.0
3128 3192 204.0
3192 3160 201.0
3160 3192 201.0
3192 3176 204.0
3176 3192 204.0
3192 3188 205.0
3188 3192 205.0
3192 3190 208.0
3190 3192 208.0
3192 3191 206.0
3191 3192 206.0
3193 1145 102.0
1145 3193 102.0
3193 2169 106.0
2169 3193 106.0
3193 3129 105.0
3129 3193 105.0
3193 3161 106.0
3161 3193 106.0
3193 3177 101.0
3177 3193 101.0
3193 3185 101.0
3185 3193 101.0
3194 1146 104.0
1146 3194 104.0
3194 2170 205.0
2170 3194 205.0
3194 3130 101.0
3130 3194 101.0
3194 3162 103.0
3162 3194 103.0
3194 3178 107.0
3178 3194 107.0
3194 3186 106.0
3186 3194 106.0
3194 3193 101.0
3193 3194 101.0
3195 1147 205.0
1147 3195 205.0
3195 2171 103.0
2171 3195 103.0
3195 3131 110.0
3131 3195 110.0
3195 3163 203.0
3163 3195 203.0
3195 3179 108.0
3179 3195 108.0
3195 3187 107.0
3187 3195 107.0
3195 3193 108.0
3193 3195 108.0
3196 1148 101.0
1148 3196 101.0
3196 2172 107.0
2172 3196 107.0
3196 3132 103.0
3132 3196 103.0
3196 3164 206.0
3164 3196 206.0
3196 3180 105.0
3180 3196 105.0
3196 3188 104.0
3188 3196 104.0
3196 3194 104.0
3194 3196 104.0
3196 3195 104.0
3195 3196 104.0
3197 1149 202.0
1149 3197 202.0
3197 2173 208.0
2173 3197 208.0
3197 3133 201.0
3133 3197 201.0
3197 3165 210.0
3165 3197 210.0
3197 3181 206.0
3181 3197 206.0
3197 3189 210.0
3189 3197 210.0
3197 3193 202.0
3193 3197 202.0
3198 1150 109.0
1150 3198 109.0
3198 2174 101.0
2174 3198 101.0
3198 3134 103.0
3134 3198 103.0
3198 3166 101.0
3166 3198 101.0
3198 3182 101.0
3182 3198 101.0
3198 3190 103.0
3190 3198 103.0
3198 3194 107.0
3194 3198 107.0
3198 3197 201.0
3197 3198 201.0
3199 1151 110.0
1151 3199 110.0
3199 2175 104.0
2175 3199 104.0
3199 3135 109.0
3135 3199 109.0
3199 3167 109.0
3167 3199 109.0
3199 3183 110.0
3183 3199 110.0
3199 3191 101.0
3191 3199 101.0
3199 3195 102.0
3195 3199 102.0
3199 3197 203.0
3197 3199 203.0
3200 1152 106.0
1152 3200 106.0
3200 2176 106.0
2176 3200 106.0
3200 3136 207.0
3136 3200 207.0
3200 3168 107.0
3168 3200 107.0
3200 3184 106.0
3184 3200 106.0
3200 3192 203.0
3192 3200 203.0
3200 3196 107.0
3196 3200 107.0
3200 3198 110.0
3198 3200 110.0
3200 3199 109.0
3199 3200 109.0
3201 1153 107.0
1153 3201 107.0
3201 2177 109.0
2177 3201 109.0
3201 3073 105.0
3073 3201 105.0
3202 1154 107.0
1154 3202 107.0
3202 2178 110.0
2178 3202 110.0
3202 3074 101.0
3074 3202 101.0
3202 3201 102.0
3201 3202 102.0
3203 1155 105.0
1155 3203 105.0
3203 2179 103.0
2179 3203 103.0
3203 3075 210.0
3075 3203 210.0
3203 3201 105.0
3201 3203 105.0
3204 1156 104.0
1156 3204 104.0
3204 2180 109.0
2180 3204 109.0
3204 3076 104.0
3076 3204 104.0
3204 3202 102.0
3202 3204 102.0
3204 3203 101.0
3203 3204 101.0
3205 1157 108.0
1157 3205 108.0
3205 2181 107.0
2181 3205 107.0
3205 3077 103.0
3077 3205 103.0
3205 3201 109.0
3201 3205 109.0
3206 1158 201.0
1158 3206 201.0
3206 2182 210.0
2182 3206 210.0
3206 3078 203.0
3078 3206 203.0
3206 3202 208.0
3202 3206 208.0
3206 3205 201.0
3205 3206 201.0
3207 1159 110.0
1159 3207 110.0
3207 2183 205.0
2183 3207 205.0
3207 3079 107.0
3079 3207 107.0
3207 3203 109.0
3203 3207 109.0
3207 3205 110.0
3205 3207 110.0
3208 1160 110.0
1160 3208 110.0
3208 2184 103.0
2184 3208 103.0
3208 3080 204.0
3080 3208 204.0
3208 3204 105.0
3204 3208 105.0
3208 3206 209.0
3206 3208 209.0
3208 3207 106.0
3207 3208 106.0
3209 1161 110.0
1161 3209 110.0
3209 2185 102.0
2185 3209 102.0
3209 3081 105.0
3081 3209 105.0
3209 3201 102.0
3201 3209 102.0
3210 1162 106.0
1162 3210 106.0
3210 2186 105.0
2186 3210 105.0
3210 3082 109.0
3082 3210 109.0
3210 3202 101.0
3202 3210 101.0
3210 3209 107.0
3209 3210 107.0
3211 1163 108.0
1163 3211 108.0
3211 2187 106.0
2187 3211 106.0
3211 3083 108.0
3083 3211 108.0
3211 3203 107.0
3203 3211 107.0
3211 3209 110.0
3209 3211 110.0
3212 1164 204.0
1164 3212 204.0
3212 2188 208.0
2188 3212 208.0
3212 3084 203.0
3084 3212 203.0
3212 3204 209.0
3204 3212 209.0
3212 3210 206.0
3210 3212 206.0
3212 3211 204.0
3211 3212 204.0
3213 1165 101.0
1165 3213 101.0
3213 2189 102.0
2189 3213 102.0
3213 3085 105.0
3085 3213 105.0
3213 3205 110.0
3205 3213 110.0
3213 3209 108.0
3209 3213 108.0
3214 1166 110.0
1166 3214 110.0
3214 2190 205.0
2190 3214 205.0
3214 3086 103.0
3086 3214 103.0
3214 3206 207.0
3206 3214 207.0
3214 3210 104.0
3210 3214 104.0
3214 3213 104.0
3213 3214 104.0
3215 1167 208.0
1167 3215 208.0
3215 2191 209.0
2191 3215 209.0
3215 3087 210.0
3087 3215 210.0
3215 3207 208.0
3207 3215 208.0
3215 3211 208.0
3211 3215 208.0
3215 3213 204.0
3213 3215 204.0
3216 1168 103.0
1168 3216 103.0
3216 2192 102.0
2192 3216 102.0
3216 3088 101.0
3088 3216 101.0
3216 3208 107.0
3208 3216 107.0
3216 3212 205.0
3212 3216 205.0
3216 3214 103.0
3214 3216 103.0
3216 3215 210.0
3215 3216 210.0
3217 1169 210.0
1169 3217 210.0
3217 2193 101.0
2193 3217 101.0
3217 3089 108.0
3089 3217 108.0
3217 3201 104.0
3201 3217 104.0
3218 1170 107.0
1170 3218 107.0
3218 2194 101.0
2194 3218 101.0
3218 3090 203.0
3090 3218 203.0
3218 3202 102.0
3202 3218 102.0
3218 3217 106.0
3217 3218 106.0
3219 1171 209.0
1171 3219 209.0
3219 2195 108.0
2195 3219 108.0
3219 3091 108.0
3091 3219 108.0
3219 3203 101.0
3203 3219 101.0
3219 3217 108.0
3217 3219 108.0
3220 1172 102.0
1172 3220 102.0
3220 2196 101.0
2196 3220 101.0
3220 3092 108.0
3092 3220 108.0
3220 3204 107.0
3204 3220 107.0
3220 3218 102.0
3218 3220 102.0
3220 3219 109.0
3219 3220 109.0
3221 1173 108.0
1173 3221 108.0
3221 2197 208.0
2197 3221 208.0
3221 3093 110.0
3093 3221 110.0
3221 3205 108.0
3205 3221 108.0
3221 3217 105.0
3217 3221 105.0
3222 1174 107.0
1174 3222 107.0
3222 2198 110.0
2198 3222 110.0
3222 3094 106.0
3094 3222 106.0
3222 3206 207.0
3206 3222 207.0
3222 3218 107.0
3218 3222 107.0
3222 3221 103.0
3221 3222 103.0
3223 1175 107.0
1175 3223 107.0
3223 2199 101.0
2199 3223 101.0
3223 3095 106.0
3095 3223 106.0
3223 3207 107.0
3207 3223 107.0
3223 3219 104.0
3219 3223 104.0
3223 3221 109.0
3221 3223 109.0
3224 1176 209.0
1176 3224 209.0
3224 2200 207.0
2200 3224 207.0
3224 3096 206.0
3096 3224 206.0
3224 3208 210.0
3208 3224 210.0
3224 3220 208.0
3220 3224 208.0
3224 3222 205.0
3222 3224 205.0
3224 3223 208.0
3223 3224 208.0
3225 1177 107.0
1177 3225 107.0
3225 2201 106.0
2201 3225 106.0
3225 3097 103.0
3097 3225 103.0
3225 3209 103.0
3209 3225 103.0
3225 3217 110.0
3217 3225 110.0
3226 1178 107.0
1178 3226 107.0
3226 2202 103.0
2202 3226 103.0
3226 3098 107.0
3098 3226 107.0
3226 3210 103.0
3210 3226 103.0
3226 3218 102.0
3218 3226 102.0
3226 3225 102.0
3225 3226 102.0
3227 1179 103.0
1179 3227 103.0
3227 2203 207.0
2203 3227 207.0
3227 3099 106.0
3099 3227 106.0
3227 3211 107.0
3211 3227 107.0
3227 3219 107.0
3219 3227 107.0
3227 3225 107.0
3225 3227 107.0
3228 1180 102.0
1180 3228 102.0
3228 2204 106.0
2204 3228 106.0
3228 3100 109.0
3100 3228 109.0
3228 3212 206.0
3212 3228 206.0
3228 3220 109.0
3220 3228 109.0
3228 3226 106.0
3226 3228 106.0
3228 3227 103.0
3227 3228 103.0
3229 1181 110.0
1181 3229 110.0
3229 2205 106.0
2205 3229 106.0
3229 3101 206.0
3101 3229 206.0
3229 3213 102.0
3213 3229 102.0
3229 3221 105.0
3221 3229 105.0
3229 3225 102.0
3225 3229 102.0
3230 1182 206.0
1182 3230 206.0
3230 2206 202.0
2206 3230 202.0
3230 3102 106.0
3102 3230 106.0
3230 3214 106.0
3214 3230 106.0
3230 3222 105.0
3222 3230 105.0
3230 3226 105.0
3226 3230 105.0
3230 3229 101.0
3229 3230 101.0
3231 1183 106.0
1183 3231 106.0
3231 2207 107.0
2207 3231 107.0
3231 3103 105.0
3103 3231 105.0
3231 3215 203.0
3215 3231 203.0
3231 3223 109.0
3223 3231 109.0
3231 3227 104.0
3227 3231 104.0
3231 3229 105.0
3229 3231 105.0
3232 1184 205.0
1184 3232 205.0
3232 2208 208.0
2208 3232 208.0
3232 3104 204.0
3104 3232 204.0
3232 3216 209.0
3216 3232 209.0
3232 3224 309.0
3224 3232 309.0
3232 3228 205.0
3228 3232 205.0
3232 3230 201.0
3230 3232 201.0
3232 3231 207.0
3231 3232 207.0
3233 1185 201.0
1185 3233 201.0
3233 2209 208.0
2209 3233 208.0
3233 3105 106.0
3105 3233 106.0
3233 3201 105.0
3201 3233 105.0
3234 1186 110.0
1186 3234 110.0
3234 2210 105.0
2210 3234 105.0
3234 3106 103.0
3106 3234 103.0
3234 3202 107.0
3202 3234 107.0
3234 3233 104.0
3233 3234 104.0
3235 1187 104.0
1187 3235 104.0
3235 2211 109.0
2211 3235 109.0
3235 3107 110.0
3107 3235 110.0
3235 3203 105.0
3203 3235 105.0
3235 3233 106.0
3233 3235 106.0
3236 1188 202.0
1188 3236 202.0
3236 2212 208.0
2212 3236 208.0
3236 3108 201.0
3108 3236 201.0
3236 3204 204.0
3204 3236 204.0
3236 3234 208.0
3234 3236 208.0
3236 3235 202.0
3235 3236 202.0
3237 1189 202.0
1189 3237 202.0
3237 2213 202.0
2213 3237 202.0
3237 3109 205.0
3109 3237 205.0
3237 3205 209.0
3205 3237 209.0
3237 3233 201.0
3233 3237 201.0
3238 1190 101.0
1190 3238 101.0
3238 2214 202.0
2214 3238 202.0
3238 3110 108.0
3110 3238 108.0
3238 3206 208.0
3206 3238 208.0
3238 3234 101.0
3234 3238 101.0
3238 3237 204.0
3237 3238 204.0
3239 1191 107.0
1191 3239 107.0
3239 2215 101.0
2215 3239 101.0
3239 3111 108.0
3111 3239 108.0
3239 3207 103.0
3207 3239 103.0
3239 3235 107.0
3235 3239 107.0
3239 3237 207.0
3237 3239 207.0
3240 1192 107.0
1192 3240 107.0
3240 2216 108.0
2216 3240 108.0
3240 3112 106.0
3112 3240 106.0
3240 3208 108.0
3208 3240 108.0
3240 3236 201.0
3236 3240 201.0
3240 3238 101.0
3238 3240 101.0
3240 3239 103.0
3239 3240 103.0
3241 1193 109.0
1193 3241 109.0
3241 2217 106.0
2217 3241 106.0
3241 3113 109.0
3113 3241 109.0
3241 3209 102.0
3209 3241 102.0
3241 3233 107.0
3233 3241 107.0
3242 1194 110.0
1194 3242 110.0
3242 2218 101.0
2218 3242 101.0
3242 3114 208.0
3114 3242 208.0
3242 3210 103.0
3210 3242 103.0
3242 3234 103.0
3234 3242 103.0
3242 3241 102.0
3241 3242 102.0
3243 1195 110.0
1195 3243 110.0
3243 2219 109.0
2219 3243 109.0
3243 3115 110.0
3115 3243 110.0
3243 3211 104.0
3211 3243 104.0
3243 3235 104.0
3235 3243 104.0
3243 3241 105.0
3241 3243 105.0
3244 1196 106.0
1196 3244 106.0
3244 2220 110.0
2220 3244 110.0
3244 3116 107.0
3116 3244 107.0
3244 3212 207.0
3212 3244 207.0
3244 3236 207.0
3236 3244 207.0
3244 3242 107.0
3242 3244 107.0
3244 3243 107.0
3243 3244 107.0
3245 1197 109.0
1197 3245 109.0
3245 2221 105.0
2221 3245 105.0
3245 3117 109.0
3117 3245 109.0
3245 3213 105.0
3213 3245 105.0
3245 3237 208.0
3237 3245 208.0
3245 3241 106.0
3241 3245 106.0
3246 1198 101.0
1198 3246 101.0
3246 2222 101.0
2222 3246 101.0
3246 3118 102.0
3118 3246 102.0
3246 3214 104.0
3214 3246 104.0
3246 3238 104.0
3238 3246 104.0
3246 3242 101.0
3242 3246 101.0
3246 3245 102.0
3245 3246 102.0
3247 1199 103.0
1199 3247 103.0
3247 2223 103.0
2223 3247 103.0
3247 3119 110.0
3119 3247 110.0
3247 3215 201.0
3215 3247 201.0
3247 3239 107.0
3239 3247 107.0
3247 3243 102.0
3243 3247 102.0
3247 3245 109.0
3245 3247 109.0
3248 1200 210.0
1200 3248 210.0
3248 2224 108.0
2224 3248 108.0
3248 3120 101.0
3120 3248 101.0
3248 3216 109.0
3216 3248 109.0
3248 3240 106.0
3240 3248 106.0
3248 3244 102.0
3244 3248 102.0
3248 3246 108.0
3246 3248 108.0
3248 3247 105.0
3247 3248 105.0
3249 1201 107.0
1201 3249 107.0
3249 2225 103.0
2225 3249 103.0
3249 3121 108.0
3121 3249 108.0
3249 3217 106.0
3217 3249 106.0
3249 3233 105.0
3233 3249 105.0
3250 1202 107.0
1202 3250 107.0
3250 2226 102.0
2226 3250 102.0
3250 3122 110.0
3122 3250 110.0
3250 3218 108.0
3218 3250 108.0
3250 3234 101.0
3234 3250 101.0
3250 3249 104.0
3249 3250 104.0
3251 1203 103.0
1203 3251 103.0
3251 2227 109.0
2227 3251 109.0
3251 3123 206.0
3123 3251 206.0
3251 3219 106.0
3219 3251 106.0
3251 3235 106.0
3235 3251 106.0
3251 3249 106.0
3249 3251 106.0
3252 1204 102.0
1204 3252 102.0
3252 2228 202.0
2228 3252 202.0
3252 3124 101.0
3124 3252 101.0
3252 3220 109.0
3220 3252 109.0
3252 3236 207.0
3236 3252 207.0
3252 3250 101.0
3250 3252 101.0
3252 3251 105.0
3251 3252 105.0
3253 1205 103.0
1205 3253 103.0
3253 2229 110.0
2229 3253 110.0
3253 3125 105.0
3125 3253 105.0
3253 3221 101.0
3221 3253 101.0
3253 3237 204.0
3237 3253 204.0
3253 3249 110.0
3249 3253 110.0
3254 1206 203.0
1206 3254 203.0
3254 2230 109.0
2230 3254 109.0
3254 3126 104.0
3126 3254 104.0
3254 3222 105.0
3222 3254 105.0
3254 3238 102.0
3238 3254 102.0
3254 3250 104.0
3250 3254 104.0
3254 3253 110.0
3253 3254 110.0
3255 1207 103.0
1207 3255 103.0
3255 2231 108.0
2231 3255 108.0
3255 3127 107.0
3127 3255 107.0
3255 3223 107.0
3223 3255 107.0
3255 3239 110.0
3239 3255 110.0
3255 3251 103.0
3251 3255 103.0
3255 3253 105.0
3253 3255 105.0
3256 1208 102.0
1208 3256 102.0
3256 2232 104.0
2232 3256 104.0
3256 3128 104.0
3128 3256 104.0
3256 3224 201.0
3224 3256 201.0
3256 3240 102.0
3240 3256 102.0
3256 3252 101.0
3252 3256 101.0
3256 3254 107.0
3254 3256 107.0
3256 3255 106.0
3255 3256 106.0
3257 1209 210.0
1209 3257 210.0
3257 2233 204.0
2233 3257 204.0
3257 3129 202.0
3129 3257 202.0
3257 3225 203.0
3225 3257 203.0
3257 3241 207.0
3241 3257 207.0
3257 3249 207.0
3249 3257 207.0
3258 1210 101.0
1210 3258 101.0
3258 2234 103.0
2234 3258 103.0
3258 3130 102.0
3130 3258 102.0
3258 3226 104.0
3226 3258 104.0
3258 3242 109.0
3242 3258 109.0
3258 3250 101.0
3250 3258 101.0
3258 3257 201.0
3257 3258 201.0
3259 1211 110.0
1211 3259 110.0
3259 2235 108.0
2235 3259 108.0
3259 3131 110.0
3131 3259 110.0
3259 3227 105.0
3227 3259 105.0
3259 3243 110.0
3243 3259 110.0
3259 3251 104.0
3251 3259 104.0
3259 3257 209.0
3257 3259 209.0
3260 1212 106.0
1212 3260 106.0
3260 2236 108.0
2236 3260 108.0
3260 3132 110.0
3132 3260 110.0
3260 3228 109.0
3228 3260 109.0
3260 3244 102.0
3244 3260 102.0
3260 3252 106.0
3252 3260 106.0
3260 3258 110.0
3258 3260 110.0
3260 3259 110.0
3259 3260 110.0
3261 1213 107.0
1213 3261 107.0
3261 2237 104.0
2237 3261 104.0
3261 3133 108.0
3133 3261 108.0
3261 3229 107.0
3229 3261 107.0
3261 3245 103.0
3245 3261 103.0
3261 3253 101.0
3253 3261 101.0
3261 3257 208.0
3257 3261 208.0
3262 1214 109.0
1214 3262 109.0
3262 2238 103.0
2238 3262 103.0
3262 3134 109.0
3134 3262 109.0
3262 3230 106.0
3230 3262 106.0
3262 3246 103.0
3246 3262 103.0
3262 3254 101.0
3254 3262 101.0
3262 3258 105.0
3258 3262 105.0
3262 3261 108.0
3261 3262 108.0
3263 1215 204.0
1215 3263 204.0
3263 2239 203.0
2239 3263 203.0
3263 3135 108.0
3135 3263 108.0
3263 3231 102.0
3231 3263 102.0
3263 3247 105.0
3247 3263 105.0
3263 3255 103.0
3255 3263 103.0
3263 3259 107.0
3259 3263 107.0
3263 3261 107.0
3261 3263 107.0
3264 1216 103.0
1216 3264 103.0
3264 2240 107.0
2240 3264 107.0
3264 3136 209.0
3136 3264 209.0
3264 3232 202.0
3232 3264 202.0
3264 3248 105.0
3248 3264 105.0
3264 3256 101.0
3256 3264 101.0
3264 3260 107.0
3260 3264 107.0
3264 3262 108.0
3262 3264 108.0
3264 3263 106.0
3263 3264 106.0
3265 1217 209.0
1217 3265 209.0
3265 2241 210.0
2241 3265 210.0
3265 3137 204.0
3137 3265 204.0
3265 3201 207.0
3201 3265 207.0
3266 1218 109.0
1218 3266 109.0
3266 2242 104.0
2242 3266 104.0
3266 3138 103.0
3138 3266 103.0
3266 3202 104.0
3202 3266 104.0
3266 3265 209.0
3265 3266 209.0
3267 1219 201.0
1219 3267 201.0
3267 2243 109.0
2243 3267 109.0
3267 3139 106.0
3139 3267 106.0
3267 3203 105.0
3203 3267 105.0
3267 3265 202.0
3265 3267 202.0
3268 1220 109.0
1220 3268 109.0
3268 2244 101.0
2244 3268 101.0
3268 3140 105.0
3140 3268 105.0
3268 3204 110.0
3204 3268 110.0
3268 3266 102.0
3266 3268 102.0
3268 3267 109.0
3267 3268 109.0
3269 1221 110.0
1221 3269 110.0
3269 2245 104.0
2245 3269 104.0
3269 3141 207.0
3141 3269 207.0
3269 3205 110.0
3205 3269 110.0
3269 3265 201.0
3265 3269 201.0
3270 1222 210.0
1222 3270 210.0
3270 2246 207.0
2246 3270 207.0
3270 3142 208.0
3142 3270 208.0
3270 3206 306.0
3206 3270 306.0
3270 3266 209.0
3266 3270 209.0
3270 3269 202.0
3269 3270 202.0
3271 1223 102.0
1223 3271 102.0
3271 2247 208.0
2247 3271 208.0
3271 3143 103.0
3143 3271 103.0
3271 3207 108.0
3207 3271 108.0
3271 3267 102.0
3267 3271 102.0
3271 3269 105.0
3269 3271 105.0
3272 1224 102.0
1224 3272 102.0
3272 2248 104.0
2248 3272 104.0
3272 3144 109.0
3144 3272 109.0
3272 3208 103.0
3208 3272 103.0
3272 3268 109.0
3268 3272 109.0
3272 3270 208.0
3270 3272 208.0
3272 3271 101.0
3271 3272 101.0
3273 1225 109.0
1225 3273 109.0
3273 2249 103.0
2249 3273 103.0
3273 3145 109.0
3145 3273 109.0
3273 3209 110.0
3209 3273 110.0
3273 3265 209.0
3265 3273 209.0
3274 1226 204.0
1226 3274 204.0
3274 2250 203.0
2250 3274 203.0
3274 3146 103.0
3146 3274 103.0
3274 3210 101.0
3210 3274 101.0
3274 3266 101.0
3266 3274 101.0
3274 3273 101.0
3273 3274 101.0
3275 1227 104.0
1227 3275 104.0
3275 2251 107.0
2251 3275 107.0
3275 3147 104.0
3147 3275 104.0
3275 3211 110.0
3211 3275 110.0
3275 3267 106.0
3267 3275 106.0
3275 3273 103.0
3273 3275 103.0
3276 1228 103.0
1228 3276 103.0
3276 2252 204.0
2252 3276 204.0
3276 3148 206.0
3148 3276 206.0
3276 3212 207.0
3212 3276 207.0
3276 3268 109.0
3268 3276 109.0
3276 3274 103.0
3274 3276 103.0
3276 3275 102.0
3275 3276 102.0
3277 1229 208.0
1229 3277 208.0
3277 2253 104.0
2253 3277 104.0
3277 3149 108.0
3149 3277 108.0
3277 3213 105.0
3213 3277 105.0
3277 3269 102.0
3269 3277 102.0
3277 3273 108.0
3273 3277 108.0
3278 1230 109.0
1230 3278 109.0
3278 2254 107.0
2254 3278 107.0
3278 3150 104.0
3150 3278 104.0
3278 3214 105.0
3214 3278 105.0
3278 3270 205.0
3270 3278 205.0
3278 3274 107.0
3274 3278 107.0
3278 3277 103.0
3277 3278 103.0
3279 1231 105.0
1231 3279 105.0
3279 2255 110.0
2255 3279 110.0
3279 3151 102.0
3151 3279 102.0
3279 3215 206.0
3215 3279 206.0
3279 3271 107.0
3271 3279 107.0
3279 3275 107.0
3275 3279 107.0
3279 3277 106.0
3277 3279 106.0
3280 1232 106.0
1232 3280 106.0
3280 2256 101.0
2256 3280 101.0
3280 3152 104.0
3152 3280 104.0
3280 3216 102.0
3216 3280 102.0
3280 3272 105.0
3272 3280 105.0
3280 3276 101.0
3276 3280 101.0
3280 3278 109.0
3278 3280 109.0
3280 3279 109.0
3279 3280 109.0
3281 1233 103.0
1233 3281 103.0
3281 2257 106.0
2257 3281 106.0
3281 3153 103.0
3153 3281 103.0
3281 3217 103.0
3217 3281 103.0
3281 3265 201.0
3265 3281 201.0
3282 1234 108.0
1234 3282 108.0
3282 2258 105.0
2258 3282 105.0
3282 3154 102.0
3154 3282 102.0
3282 3218 104.0
3218 3282 104.0
3282 3266 108.0
3266 3282 108.0
3282 3281 101.0
3281 3282 101.0
3283 1235 102.0
1235 3283 102.0
3283 2259 101.0
2259 3283 101.0
3283 3155 109.0
3155 3283 109.0
3283 3219 102.0
3219 3283 102.0
3283 3267 106.0
3267 3283 106.0
3283 3281 105.0
3281 3283 105.0
3284 1236 105.0
1236 3284 105.0
3284 2260 102.0
2260 3284 102.0
3284 3156 103.0
3156 3284 103.0
3284 3220 108.0
3220 3284 108.0
3284 3268 101.0
3268 3284 101.0
3284 3282 104.0
3282 3284 104.0
3284 3283 105.0
3283 3284 105.0
3285 1237 104.0
1237 3285 104.0
3285 2261 101.0
2261 3285 101.0
3285 3157 110.0
3157 3285 110.0
3285 3221 107.0
3221 3285 107.0
3285 3269 102.0
3269 3285 102.0
3285 3281 104.0
3281 3285 104.0
3286 1238 109.0
1238 3286 109.0
3286 2262 107.0
2262 3286 107.0
3286 3158 105.0
3158 3286 105.0
3286 3222 107.0
3222 3286 107.0
3286 3270 204.0
3270 3286 204.0
3286 3282 101.0
3282 3286 101.0
3286 3285 105.0
3285 3286 105.0
3287 1239 202.0
1239 3287 202.0
3287 2263 210.0
2263 3287 210.0
3287 3159 203.0
3159 3287 203.0
3287 3223 202.0
3223 3287 202.0
3287 3271 204.0
3271 3287 204.0
3287 3283 207.0
3283 3287 207.0
3287 3285 208.0
3285 3287 208.0
3288 1240 107.0
1240 3288 107.0
3288 2264 108.0
2264 3288 108.0
3288 3160 101.0
3160 3288 101.0
3288 3224 208.0
3224 3288 208.0
3288 3272 108.0
3272 3288 108.0
3288 3284 110.0
3284 3288 110.0
3288 3286 101.0
3286 3288 101.0
3288 3287 206.0
3287 3288 206.0
3289 1241 101.0
1241 3289 101.0
3289 2265 104.0
2265 3289 104.0
3289 3161 108.0
3161 3289 108.0
3289 3225 108.0
3225 3289 108.0
3289 3273 101.0
3273 3289 101.0
3289 3281 104.0
3281 3289 104.0
3290 1242 104.0
1242 3290 104.0
3290 2266 105.0
2266 3290 105.0
3290 3162 110.0
3162 3290 110.0
3290 3226 107.0
3226 3290 107.0
3290 3274 104.0
3274 3290 104.0
3290 3282 103.0
3282 3290 103.0
3290 3289 105.0
3289 3290 105.0
3291 1243 107.0
1243 3291 107.0
3291 2267 107.0
2267 3291 107.0
3291 3163 203.0
3163 3291 203.0
3291 3227 101.0
3227 3291 101.0
3291 3275 110.0
3275 3291 110.0
3291 3283 105.0
3283 3291 105.0
3291 3289 110.0
3289 3291 110.0
3292 1244 108.0
1244 3292 108.0
3292 2268 106.0
2268 3292 106.0
3292 3164 208.0
3164 3292 208.0
3292 3228 104.0
3228 3292 104.0
3292 3276 107.0
3276 3292 107.0
3292 3284 109.0
3284 3292 109.0
3292 3290 109.0
3290 3292 109.0
3292 3291 109.0
3291 3292 109.0
3293 1245 207.0
1245 3293 207.0
3293 2269 201.0
2269 3293 201.0
3293 3165 206.0
3165 3293 206.0
3293 3229 203.0
3229 3293 203.0
3293 3277 208.0
3277 3293 208.0
3293 3285 210.0
3285 3293 210.0
3293 3289 210.0
3289 3293 210.0
3294 1246 102.0
1246 3294 102.0
3294 2270 110.0
2270 3294 110.0
3294 3166 101.0
3166 3294 101.0
3294 3230 102.0
3230 3294 102.0
3294 3278 105.0
3278 3294 105.0
3294 3286 109.0
3286 3294 109.0
3294 3290 102.0
3290 3294 102.0
3294 3293 206.0
3293 3294 206.0
3295 1247 106.0
1247 3295 106.0
3295 2271 104.0
2271 3295 104.0
3295 3167 108.0
3167 3295 108.0
3295 3231 103.0
3231 3295 103.0
3295 3279 109.0
3279 3295 109.0
3295 3287 202.0
3287 3295 202.0
3295 3291 103.0
3291 3295 103.0
3295 3293 203.0
3293 3295 203.0
3296 1248 101.0
1248 3296 101.0
3296 2272 106.0
2272 3296 106.0
3296 3168 108.0
3168 3296 108.0
3296 3232 208.0
3232 3296 208.0
3296 3280 107.0
3280 3296 107.0
3296 3288 102.0
3288 3296 102.0
3296 3292 102.0
3292 3296 102.0
3296 3294 109.0
3294 3296 109.0
3296 3295 106.0
3295 3296 106.0
3297 1249 103.0
1249 3297 103.0
3297 2273 106.0
2273 3297 106.0
3297 3169 201.0
3169 3297 201.0
3297 3233 107.0
3233 3297 107.0
3297 3265 209.0
3265 3297 209.0
3298 1250 102.0
1250 3298 102.0
3298 2274 108.0
2274 3298 108.0
3298 3170 104.0
3170 3298 104.0
3298 3234 104.0
3234 3298 104.0
3298 3266 109.0
3266 3298 109.0
3298 3297 102.0
3297 3298 102.0
3299 1251 110.0
1251 3299 110.0
3299 2275 103.0
2275 3299 103.0
3299 3171 106.0
3171 3299 106.0
3299 3235 107.0
3235 3299 107.0
3299 3267 106.0
3267 3299 106.0
3299 3297 105.0
3297 3299 105.0
3300 1252 101.0
1252 3300 101.0
3300 2276 105.0
2276 3300 105.0
3300 3172 104.0
3172 3300 104.0
3300 3236 206.0
3236 3300 206.0
3300 3268 101.0
3268 3300 101.0
3300 3298 108.0
3298 3300 108.0
3300 3299 102.0
3299 3300 102.0
3301 1253 109.0
1253 3301 109.0
3301 2277 107.0
2277 3301 107.0
3301 3173 108.0
3173 3301 108.0
3301 3237 203.0
3237 3301 203.0
3301 3269 105.0
3269 3301 105.0
3301 3297 105.0
3297 3301 105.0
3302 1254 102.0
1254 3302 102.0
3302 2278 101.0
2278 3302 101.0
3302 3174 101.0
3174 3302 101.0
3302 3238 106.0
3238 3302 106.0
3302 3270 205.0
3270 3302 205.0
3302 3298 104.0
3298 3302 104.0
3302 3301 108.0
3301 3302 108.0
3303 1255 101.0
1255 3303 101.0
3303 2279 110.0
2279 3303 110.0
3303 3175 108.0
3175 3303 108.0
3303 3239 102.0
3239 3303 102.0
3303 3271 105.0
3271 3303 105.0
3303 3299 101.0
3299 3303 101.0
3303 3301 105.0
3301 3303 105.0
3304 1256 201.0
1256 3304 201.0
3304 2280 109.0
2280 3304 109.0
3304 3176 104.0
3176 3304 104.0
3304 3240 108.0
3240 3304 108.0
3304 3272 107.0
3272 3304 107.0
3304 3300 108.0
3300 3304 108.0
3304 3302 105.0
3302 3304 105.0
3304 3303 109.0
3303 3304 109.0
3305 1257 110.0
1257 3305 110.0
3305 2281 106.0
2281 3305 106.0
3305 3177 110.0
3177 3305 110.0
3305 3241 108.0
3241 3305 108.0
3305 3273 109.0
3273 3305 109.0
3305 3297 101.0
3297 3305 101.0
3306 1258 105.0
1258 3306 105.0
3306 2282 106.0
2282 3306 106.0
3306 3178 106.0
3178 3306 106.0
3306 3242 103.0
3242 3306 103.0
3306 3274 104.0
3274 3306 104.0
3306 3298 104.0
3298 3306 104.0
3306 3305 107.0
3305 3306 107.0
3307 1259 205.0
1259 3307 205.0
3307 2283 207.0
2283 3307 207.0
3307 3179 207.0
3179 3307 207.0
3307 3243 207.0
3243 3307 207.0
3307 3275 202.0
3275 3307 202.0
3307 3299 203.0
3299 3307 203.0
3307 3305 206.0
3305 3307 206.0
3308 1260 108.0
1260 3308 108.0
3308 2284 107.0
2284 3308 107.0
3308 3180 110.0
3180 3308 110.0
3308 3244 109.0
3244 3308 109.0
3308 3276 104.0
3276 3308 104.0
3308 3300 105.0
3300 3308 105.0
3308 3306 106.0
3306 3308 106.0
3308 3307 206.0
3307 3308 206.0
3309 1261 101.0
1261 3309 101.0
3309 2285 204.0
2285 3309 204.0
3309 3181 107.0
3181 3309 107.0
3309 3245 101.0
3245 3309 101.0
3309 3277 104.0
3277 3309 104.0
3309 3301 106.0
3301 3309 106.0
3309 3305 103.0
3305 3309 103.0
3310 1262 205.0
1262 3310 205.0
3310 2286 205.0
2286 3310 205.0
3310 3182 205.0
3182 3310 205.0
3310 3246 202.0
3246 3310 202.0
3310 3278 201.0
3278 3310 201.0
3310 3302 201.0
3302 3310 201.0
3310 3306 208.0
3306 3310 208.0
3310 3309 201.0
3309 3310 201.0
3311 1263 103.0
1263 3311 103.0
3311 2287 109.0
2287 3311 109.0
3311 3183 110.0
3183 3311 110.0
3311 3247 102.0
3247 3311 102.0
3311 3279 105.0
3279 3311 105.0
3311 3303 108.0
3303 3311 108.0
3311 3307 204.0
3307 3311 204.0
3311 3309 107.0
3309 3311 107.0
3312 1264 106.0
1264 3312 106.0
3312 2288 107.0
2288 3312 107.0
3312 3184 107.0
3184 3312 107.0
3312 3248 110.0
3248 3312 110.0
3312 3280 106.0
3280 3312 106.0
3312 3304 106.0
3304 3312 106.0
3312 3308 107.0
3308 3312 107.0
3312 3310 206.0
3310 3312 206.0
3312 3311 101.0
3311 3312 101.0
3313 1265 110.0
1265 3313 110.0
3313 2289 101.0
2289 3313 101.0
3313 3185 104.0
3185 3313 104.0
3313 3249 101.0
3249 3313 101.0
3313 3281 110.0
3281 3313 110.0
3313 3297 110.0
3297 3313 110.0
3314 1266 210.0
1266 3314 210.0
3314 2290 205.0
2290 3314 205.0
3314 3186 201.0
3186 3314 201.0
3314 3250 208.0
3250 3314 208.0
3314 3282 202.0
3282 3314 202.0
3314 3298 204.0
3298 3314 204.0
3314 3313 203.0
3313 3314 203.0
3315 1267 110.0
1267 3315 110.0
3315 2291 207.0
2291 3315 207.0
3315 3187 102.0
3187 3315 102.0
3315 3251 106.0
3251 3315 106.0
3315 3283 107.0
3283 3315 107.0
3315 3299 106.0
3299 3315 106.0
3315 3313 108.0
3313 3315 108.0
3316 1268 105.0
1268 3316 105.0
3316 2292 104.0
2292 3316 104.0
3316 3188 109.0
3188 3316 109.0
3316 3252 103.0
3252 3316 103.0
3316 3284 104.0
3284 3316 104.0
3316 3300 104.0
3300 3316 104.0
3316 3314 206.0
3314 3316 206.0
3316 3315 105.0
3315 3316 105.0
3317 1269 210.0
1269 3317 210.0
3317 2293 103.0
2293 3317 103.0
3317 3189 110.0
3189 3317 110.0
3317 3253 106.0
3253 3317 106.0
3317 3285 101.0
3285 3317 101.0
3317 3301 103.0
3301 3317 103.0
3317 3313 106.0
3313 3317 106.0
3318 1270 101.0
1270 3318 101.0
3318 2294 105.0
2294 3318 105.0
3318 3190 106.0
3190 3318 106.0
3318 3254 106.0
3254 3318 106.0
3318 3286 110.0
3286 3318 110.0
3318 3302 101.0
3302 3318 101.0
3318 3314 203.0
3314 3318 203.0
3318 3317 105.0
3317 3318 105.0
3319 1271 105.0
1271 3319 105.0
3319 2295 101.0
2295 3319 101.0
3319 3191 107.0
3191 3319 107.0
3319 3255 103.0
3255 3319 103.0
3319 3287 205.0
3287 3319 205.0
3319 3303 102.0
3303 3319 102.0
3319 3315 101.0
3315 3319 101.0
3319 3317 107.0
3317 3319 107.0
3320 1272 105.0
1272 3320 105.0
3320 2296 104.0
2296 3320 104.0
3320 3192 207.0
3192 3320 207.0
3320 3256 103.0
3256 3320 103.0
3320 3288 101.0
3288 3320 101.0
3320 3304 109.0
3304 3320 109.0
3320 3316 105.0
3316 3320 105.0
3320 3318 109.0
3318 3320 109.0
3320 3319 102.0
3319 3320 102.0
3321 1273 108.0
1273 3321 108.0
3321 2297 103.0
2297 3321 103.0
3321 3193 104.0
3193 3321 104.0
3321 3257 206.0
3257 3321 206.0
3321 3289 101.0
3289 3321 101.0
3321 3305 104.0
3305 3321 104.0
3321 3313 110.0
3313 3321 110.0
3322 1274 108.0
1274 3322 108.0
3322 2298 104.0
2298 3322 104.0
3322 3194 104.0
3194 3322 104.0
3322 3258 102.0
3258 3322 102.0
3322 3290 104.0
3290 3322 104.0
3322 3306 110.0
3306 3322 110.0
3322 3314 202.0
3314 3322 202.0
3322 3321 110.0
3321 3322 110.0
3323 1275 107.0
1275 3323 107.0
3323 2299 102.0
2299 3323 102.0
3323 3195 107.0
3195 3323 107.0
3323 3259 103.0
3259 3323 103.0
3323 3291 106.0
3291 3323 106.0
3323 3307 204.0
3307 3323 204.0
3323 3315 101.0
3315 3323 101.0
3323 3321 105.0
3321 3323 105.0
3324 1276 210.0
1276 3324 210.0
3324 2300 106.0
2300 3324 106.0
3324 3196 106.0
3196 3324 106.0
3324 3260 103.0
3260 3324 103.0
3324 3292 108.0
3292 3324 108.0
3324 3308 109.0
3308 3324 109.0
3324 3316 104.0
3316 3324 104.0
3324 3322 101.0
3322 3324 101.0
3324 3323 105.0
3323 3324 105.0
3325 1277 102.0
1277 3325 102.0
3325 2301 109.0
2301 3325 109.0
3325 3197 206.0
3197 3325 206.0
3325 3261 109.0
3261 3325 109.0
3325 3293 210.0
3293 3325 210.0
3325 3309 108.0
3309 3325 108.0
3325 3317 103.0
3317 3325 103.0
3325 3321 107.0
3321 3325 107.0
3326 1278 107.0
1278 3326 107.0
3326 2302 102.0
2302 3326 102.0
3326 3198 110.0
3198 3326 110.0
3326 3262 107.0
3262 3326 107.0
3326 3294 107.0
3294 3326 107.0
3326 3310 201.0
3310 3326 201.0
3326 3318 104.0
3318 3326 104.0
3326 3322 104.0
3322 3326 104.0
3326 3325 107.0
3325 3326 107.0
3327 1279 107.0
1279 3327 107.0
3327 2303 106.0
2303 3327 106.0
3327 3199 103.0
3199 3327 103.0
3327 3263 108.0
3263 3327 108.0
3327 3295 108.0
3295 3327 108.0
3327 3311 102.0
3311 3327 102.0
3327 3319 103.0
3319 3327 103.0
3327 3323 106.0
3323 3327 106.0
3327 3325 102.0
3325 3327 102.0
3328 1280 109.0
1280 3328 109.0
3328 2304 201.0
2304 3328 201.0
3328 3200 109.0
3200 3328 109.0
3328 3264 106.0
3264 3328 106.0
3328 3296 101.0
3296 3328 101.0
3328 3312 101.0
3312 3328 101.0
3328 3320 108.0
3320 3328 108.0
3328 3324 102.0
3324 3328 102.0
3328 3326 104.0
3326 3328 104.0
3328 3327 107.0
3327 3328 107.0
3329 1281 110.0
1281 3329 110.0
3329 2305 205.0
2305 3329 205.0
3329 3073 104.0
3073 3329 104.0
3330 1282 109.0
1282 3330 109.0
3330 2306 101.0
2306 3330 101.0
3330 3074 101.0
3074 3330 101.0
3330 3329 107.0
3329 3330 107.0
3331 1283 103.0
1283 3331 103.0
3331 2307 103.0
2307 3331 103.0
3331 3075 205.0
3075 3331 205.0
3331 3329 103.0
3329 3331 103.0
3332 1284 107.0
1284 3332 107.0
3332 2308 109.0
2308 3332 109.0
3332 3076 109.0
3076 3332 109.0
3332 3330 101.0
3330 3332 101.0
3332 3331 103.0
3331 3332 103.0
3333 1285 102.0
1285 3333 102.0
3333 2309 109.0
2309 3333 109.0
3333 3077 102.0
3077 3333 102.0
3333 3329 104.0
3329 3333 104.0
3334 1286 105.0
1286 3334 105.0
3334 2310 106.0
2310 3334 106.0
3334 3078 107.0
3078 3334 107.0
3334 3330 102.0
3330 3334 102.0
3334 3333 106.0
3333 3334 106.0
3335 1287 106.0
1287 3335 106.0
3335 2311 109.0
2311 3335 109.0
3335 3079 103.0
3079 3335 103.0
3335 3331 105.0
3331 3335 105.0
3335 3333 103.0
3333 3335 103.0
3336 1288 104.0
1288 3336 104.0
3336 2312 106.0
2312 3336 106.0
3336 3080 210.0
3080 3336 210.0
3336 3332 106.0
3332 3336 106.0
3336 3334 103.0
3334 3336 103.0
3336 3335 110.0
3335 3336 110.0
3337 1289 107.0
1289 3337 107.0
3337 2313 110.0
2313 3337 110.0
3337 3081 106.0
3081 3337 106.0
3337 3329 105.0
3329 3337 105.0
3338 1290 105.0
1290 3338 105.0
3338 2314 108.0
2314 3338 108.0
3338 3082 107.0
3082 3338 107.0
3338 3330 105.0
3330 3338 105.0
3338 3337 106.0
3337 3338 106.0
3339 1291 107.0
1291 3339 107.0
3339 2315 108.0
2315 3339 108.0
3339 3083 104.0
3083 3339 104.0
3339 3331 110.0
3331 3339 110.0
3339 3337 101.0
3337 3339 101.0
3340 1292 105.0
1292 3340 105.0
3340 2316 103.0
2316 3340 103.0
3340 3084 106.0
3084 3340 106.0
3340 3332 101.0
3332 3340 101.0
3340 3338 106.0
3338 3340 106.0
3340 3339 108.0
3339 3340 108.0
3341 1293 103.0
1293 3341 103.0
3341 2317 104.0
2317 3341 104.0
3341 3085 103.0
3085 3341 103.0
3341 3333 103.0
3333 3341 103.0
3341 3337 107.0
3337 3341 107.0
3342 1294 206.0
1294 3342 206.0
3342 2318 206.0
2318 3342 206.0
3342 3086 202.0
3086 3342 202.0
3342 3334 210.0
3334 3342 210.0
3342 3338 204.0
3338 3342 204.0
3342 3341 206.0
3341 3342 206.0
3343 1295 106.0
1295 3343 106.0
3343 2319 105.0
2319 3343 105.0
3343 3087 110.0
3087 3343 110.0
3343 3335 110.0
3335 3343 110.0
3343 3339 101.0
3339 3343 101.0
3343 3341 110.0
3341 3343 110.0
3344 1296 204.0
1296 3344 204.0
3344 2320 206.0
2320 3344 206.0
3344 3088 202.0
3088 3344 202.0
3344 3336 207.0
3336 3344 207.0
3344 3340 205.0
3340 3344 205.0
3344 3342 303.0
3342 3344 303.0
3344 3343 204.0
3343 3344 204.0
3345 1297 105.0
1297 3345 105.0
3345 2321 108.0
2321 3345 108.0
3345 3089 107.0
3089 3345 107.0
3345 3329 110.0
3329 3345 110.0
3346 1298 207.0
1298 3346 207.0
3346 2322 203.0
2322 3346 203.0
3346 3090 306.0
3090 3346 306.0
3346 3330 209.0
3330 3346 209.0
3346 3345 202.0
3345 3346 202.0
3347 1299 101.0
1299 3347 101.0
3347 2323 110.0
2323 3347 110.0
3347 3091 110.0
3091 3347 110.0
3347 3331 107.0
3331 3347 107.0
3347 3345 102.0
3345 3347 102.0
3348 1300 201.0
1300 3348 201.0
3348 2324 203.0
2324 3348 203.0
3348 3092 202.0
3092 3348 202.0
3348 3332 208.0
3332 3348 208.0
3348 3346 305.0
3346 3348 305.0
3348 3347 207.0
3347 3348 207.0
3349 1301 207.0
1301 3349 207.0
3349 2325 201.0
2325 3349 201.0
3349 3093 206.0
3093 3349 206.0
3349 3333 210.0
3333 3349 210.0
3349 3345 203.0
3345 3349 203.0
3350 1302 110.0
1302 3350 110.0
3350 2326 103.0
2326 3350 103.0
3350 3094 104.0
3094 3350 104.0
3350 3334 103.0
3334 3350 103.0
3350 3346 203.0
3346 3350 203.0
3350 3349 209.0
3349 3350 209.0
3351 1303 103.0
1303 3351 103.0
3351 2327 102.0
2327 3351 102.0
3351 3095 109.0
3095 3351 109.0
3351 3335 109.0
3335 3351 109.0
3351 3347 106.0
3347 3351 106.0
3351 3349 205.0
3349 3351 205.0
3352 1304 201.0
1304 3352 201.0
3352 2328 110.0
2328 3352 110.0
3352 3096 107.0
3096 3352 107.0
3352 3336 106.0
3336 3352 106.0
3352 3348 209.0
3348 3352 209.0
3352 3350 101.0
3350 3352 101.0
3352 3351 105.0
3351 3352 105.0
3353 1305 108.0
1305 3353 108.0
3353 2329 107.0
2329 3353 107.0
3353 3097 101.0
3097 3353 101.0
3353 3337 105.0
3337 3353 105.0
3353 3345 108.0
3345 3353 108.0
3354 1306 107.0
1306 3354 107.0
3354 2330 210.0
2330 3354 210.0
3354 3098 110.0
3098 3354 110.0
3354 3338 110.0
3338 3354 110.0
3354 3346 206.0
3346 3354 206.0
3354 3353 106.0
3353 3354 106.0
3355 1307 105.0
1307 3355 105.0
3355 2331 101.0
2331 3355 101.0
3355 3099 110.0
3099 3355 110.0
3355 3339 109.0
3339 3355 109.0
3355 3347 102.0
3347 3355 102.0
3355 3353 103.0
3353 3355 103.0
3356 1308 104.0
1308 3356 104.0
3356 2332 107.0
2332 3356 107.0
3356 3100 106.0
3100 3356 106.0
3356 3340 102.0
3340 3356 102.0
3356 3348 205.0
3348 3356 205.0
3356 3354 105.0
3354 3356 105.0
3356 3355 106.0
3355 3356 106.0
3357 1309 109.0
1309 3357 109.0
3357 2333 110.0
2333 3357 110.0
3357 3101 201.0
3101 3357 201.0
3357 3341 110.0
3341 3357 110.0
3357 3349 201.0
3349 3357 201.0
3357 3353 103.0
3353 3357 103.0
3358 1310 210.0
1310 3358 210.0
3358 2334 102.0
2334 3358 102.0
3358 3102 107.0
3102 3358 107.0
3358 3342 206.0
3342 3358 206.0
3358 3350 109.0
3350 3358 109.0
3358 3354 106.0
3354 3358 106.0
3358 3357 101.0
3357 3358 101.0
3359 1311 210.0
1311 3359 210.0
3359 2335 103.0
2335 3359 103.0
3359 3103 102.0
3103 3359 102.0
3359 3343 103.0
3343 3359 103.0
3359 3351 101.0
3351 3359 101.0
3359 3355 103.0
3355 3359 103.0
3359 3357 110.0
3357 3359 110.0
3360 1312 110.0
1312 3360 110.0
3360 2336 102.0
2336 3360 102.0
3360 3104 106.0
3104 3360 106.0
3360 3344 202.0
3344 3360 202.0
3360 3352 110.0
3352 3360 110.0
3360 3356 101.0
3356 3360 101.0
3360 3358 110.0
3358 3360 110.0
3360 3359 108.0
3359 3360 108.0
3361 1313 107.0
1313 3361 107.0
3361 2337 103.0
2337 3361 103.0
3361 3105 109.0
3105 3361 109.0
3361 3329 106.0
3329 3361 106.0
3362 1314 104.0
1314 3362 104.0
3362 2338 105.0
2338 3362 105.0
3362 3106 104.0
3106 3362 104.0
3362 3330 107.0
3330 3362 107.0
3362 3361 105.0
3361 3362 105.0
3363 1315 107.0
1315 3363 107.0
3363 2339 109.0
2339 3363 109.0
3363 3107 106.0
3107 3363 106.0
3363 3331 106.0
3331 3363 106.0
3363 3361 106.0
3361 3363 106.0
3364 1316 208.0
1316 3364 208.0
3364 2340 204.0
2340 3364 204.0
3364 3108 106.0
3108 3364 106.0
3364 3332 104.0
3332 3364 104.0
3364 3362 108.0
3362 3364 108.0
3364 3363 103.0
3363 3364 103.0
3365 1317 109.0
1317 3365 109.0
3365 2341 109.0
2341 3365 109.0
3365 3109 110.0
3109 3365 110.0
3365 3333 104.0
3333 3365 104.0
3365 3361 102.0
3361 3365 102.0
3366 1318 207.0
1318 3366 207.0
3366 2342 110.0
2342 3366 110.0
3366 3110 101.0
3110 3366 101.0
3366 3334 110.0
3334 3366 110.0
3366 3362 101.0
3362 3366 101.0
3366 3365 102.0
3365 3366 102.0
3367 1319 105.0
1319 3367 105.0
3367 2343 209.0
2343 3367 209.0
3367 3111 108.0
3111 3367 108.0
3367 3335 108.0
3335 3367 108.0
3367 3363 108.0
3363 3367 108.0
3367 3365 102.0
3365 3367 102.0
3368 1320 108.0
1320 3368 108.0
3368 2344 103.0
2344 3368 103.0
3368 3112 104.0
3112 3368 104.0
3368 3336 102.0
3336 3368 102.0
3368 3364 108.0
3364 3368 108.0
3368 3366 101.0
3366 3368 101.0
3368 3367 103.0
3367 3368 103.0
3369 1321 205.0
1321 3369 205.0
3369 2345 204.0
2345 3369 204.0
3369 3113 201.0
3113 3369 201.0
3369 3337 205.0
3337 3369 205.0
3369 3361 202.0
3361 3369 202.0
3370 1322 106.0
1322 3370 106.0
3370 2346 107.0
2346 3370 107.0
3370 3114 201.0
3114 3370 201.0
3370 3338 108.0
3338 3370 108.0
3370 3362 105.0
3362 3370 105.0
3370 3369 207.0
3369 3370 207.0
3371 1323 202.0
1323 3371 202.0
3371 2347 204.0
2347 3371 204.0
3371 3115 204.0
3115 3371 204.0
3371 3339 201.0
3339 3371 201.0
3371 3363 202.0
3363 3371 202.0
3371 3369 301.0
3369 3371 301.0
3372 1324 106.0
1324 3372 106.0
3372 2348 104.0
2348 3372 104.0
3372 3116 107.0
3116 3372 107.0
3372 3340 102.0
3340 3372 102.0
3372 3364 106.0
3364 3372 106.0
3372 3370 106.0
3370 3372 106.0
3372 3371 207.0
3371 3372 207.0
3373 1325 105.0
1325 3373 105.0
3373 2349 209.0
2349 3373 209.0
3373 3117 104.0
3117 3373 104.0
3373 3341 105.0
3341 3373 105.0
3373 3365 102.0
3365 3373 102.0
3373 3369 202.0
3369 3373 202.0
3374 1326 105.0
1326 3374 105.0
3374 2350 106.0
2350 3374 106.0
3374 3118 110.0
3118 3374 110.0
3374 3342 205.0
3342 3374 205.0
3374 3366 102.0
3366 3374 102.0
3374 3370 105.0
3370 3374 105.0
3374 3373 110.0
3373 3374 110.0
3375 1327 101.0
1327 3375 101.0
3375 2351 102.0
2351 3375 102.0
3375 3119 110.0
3119 3375 110.0
3375 3343 101.0
3343 3375 101.0
3375 3367 101.0
3367 3375 101.0
3375 3371 208.0
3371 3375 208.0
3375 3373 105.0
3373 3375 105.0
3376 1328 105.0
1328 3376 105.0
3376 2352 104.0
2352 3376 104.0
3376 3120 110.0
3120 3376 110.0
3376 3344 209.0
3344 3376 209.0
3376 3368 107.0
3368 3376 107.0
3376 3372 103.0
3372 3376 103.0
3376 3374 105.0
3374 3376 105.0
3376 3375 108.0
3375 3376 108.0
3377 1329 209.0
1329 3377 209.0
3377 2353 105.0
2353 3377 105.0
3377 3121 110.0
3121 3377 110.0
3377 3345 110.0
3345 3377 110.0
3377 3361 103.0
3361 3377 103.0
3378 1330 110.0
1330 3378 110.0
3378 2354 206.0
2354 3378 206.0
3378 3122 102.0
3122 3378 102.0
3378 3346 204.0
3346 3378 204.0
3378 3362 107.0
3362 3378 107.0
3378 3377 105.0
3377 3378 105.0
3379 1331 103.0
1331 3379 103.0
3379 2355 108.0
2355 3379 108.0
3379 3123 201.0
3123 3379 201.0
3379 3347 108.0
3347 3379 108.0
3379 3363 110.0
3363 3379 110.0
3379 3377 103.0
3377 3379 103.0
3380 1332 102.0
1332 3380 102.0
3380 2356 107.0
2356 3380 107.0
3380 3124 101.0
3124 3380 101.0
3380 3348 206.0
3348 3380 206.0
3380 3364 102.0
3364 3380 102.0
3380 3378 103.0
3378 3380 103.0
3380 3379 101.0
3379 3380 101.0
3381 1333 107.0
1333 3381 107.0
3381 2357 108.0
2357 3381 108.0
3381 3125 101.0
3125 3381 101.0
3381 3349 210.0
3349 3381 210.0
3381 3365 105.0
3365 3381 105.0
3381 3377 109.0
3377 3381 109.0
3382 1334 102.0
1334 3382 102.0
3382 2358 102.0
2358 3382 102.0
3382 3126 110.0
3126 3382 110.0
3382 3350 106.0
3350 3382 106.0
3382 3366 103.0
3366 3382 103.0
3382 3378 109.0
3378 3382 109.0
3382 3381 103.0
3381 3382 103.0
3383 1335 104.0
1335 3383 104.0
3383 2359 105.0
2359 3383 105.0
3383 3127 107.0
3127 3383 107.0
3383 3351 108.0
3351 3383 108.0
3383 3367 107.0
3367 3383 107.0
3383 3379 104.0
3379 3383 104.0
3383 3381 103.0
3381 3383 103.0
3384 1336 104.0
1336 3384 104.0
3384 2360 110.0
2360 3384 110.0
3384 3128 101.0
3128 3384 101.0
3384 3352 107.0
3352 3384 107.0
3384 3368 108.0
3368 3384 108.0
3384 3380 106.0
3380 3384 106.0
3384 3382 104.0
3382 3384 104.0
3384 3383 105.0
3383 3384 105.0
3385 1337 108.0
1337 3385 108.0
3385 2361 106.0
2361 3385 106.0
3385 3129 104.0
3129 3385 104.0
3385 3353 105.0
3353 3385 105.0
3385 3369 210.0
3369 3385 210.0
3385 3377 102.0
3377 3385 102.0
3386 1338 207.0
1338 3386 207.0
3386 2362 101.0
2362 3386 101.0
3386 3130 102.0
3130 3386 102.0
3386 3354 110.0
3354 3386 110.0
3386 3370 107.0
3370 3386 107.0
3386 3378 104.0
3378 3386 104.0
3386 3385 101.0
3385 3386 101.0
3387 1339 110.0
1339 3387 110.0
3387 2363 204.0
2363 3387 204.0
3387 3131 105.0
3131 3387 105.0
3387 3355 103.0
3355 3387 103.0
3387 3371 209.0
3371 3387 209.0
3387 3379 104.0
3379 3387 104.0
3387 3385 108.0
3385 3387 108.0
3388 1340 105.0
1340 3388 105.0
3388 2364 110.0
2364 3388 110.0
3388 3132 108.0
3132 3388 108.0
3388 3356 109.0
3356 3388 109.0
3388 3372 105.0
3372 3388 105.0
3388 3380 103.0
3380 3388 103.0
3388 3386 104.0
3386 3388 104.0
3388 3387 110.0
3387 3388 110.0
3389 1341 107.0
1341 3389 107.0
3389 2365 110.0
2365 3389 110.0
3389 3133 106.0
3133 3389 106.0
3389 3357 109.0
3357 3389 109.0
3389 3373 110.0
3373 3389 110.0
3389 3381 106.0
3381 3389 106.0
3389 3385 104.0
3385 3389 104.0
3390 1342 102.0
1342 3390 102.0
3390 2366 106.0
2366 3390 106.0
3390 3134 104.0
3134 3390 104.0
3390 3358 106.0
3358 3390 106.0
3390 3374 102.0
3374 3390 102.0
3390 3382 106.0
3382 3390 106.0
3390 3386 107.0
3386 3390 107.0
3390 3389 102.0
3389 3390 102.0
3391 1343 201.0
1343 3391 201.0
3391 2367 106.0
2367 3391 106.0
3391 3135 108.0
3135 3391 108.0
3391 3359 108.0
3359 3391 108.0
3391 3375 108.0
3375 3391 108.0
3391 3383 105.0
3383 3391 105.0
3391 3387 102.0
3387 3391 102.0
3391 3389 102.0
3389 3391 102.0
3392 1344 107.0
1344 3392 107.0
3392 2368 202.0
2368 3392 202.0
3392 3136 203.0
3136 3392 203.0
3392 3360 102.0
3360 3392 102.0
3392 3376 109.0
3376 3392 109.0
3392 3384 102.0
3384 3392 102.0
3392 3388 108.0
3388 3392 108.0
3392 3390 103.0
3390 3392 103.0
3392 3391 103.0
3391 3392 103.0
3393 1345 207.0
1345 3393 207.0
3393 2369 105.0
2369 3393 105.0
3393 3137 104.0
3137 3393 104.0
3393 3329 104.0
3329 3393 104.0
3394 1346 104.0
1346 3394 104.0
3394 2370 105.0
2370 3394 105.0
3394 3138 109.0
3138 3394 109.0
3394 3330 105.0
3330 3394 105.0
3394 3393 106.0
3393 3394 106.0
3395 1347 210.0
1347 3395 210.0
3395 2371 109.0
2371 3395 109.0
3395 3139 103.0
3139 3395 103.0
3395 3331 103.0
3331 3395 103.0
3395 3393 101.0
3393 3395 101.0
3396 1348 101.0
1348 3396 101.0
3396 2372 103.0
2372 3396 103.0
3396 3140 101.0
3140 3396 101.0
3396 3332 107.0
3332 3396 107.0
3396 3394 105.0
3394 3396 105.0
3396 3395 106.0
3395 3396 106.0
3397 1349 206.0
1349 3397 206.0
3397 2373 210.0
2373 3397 210.0
3397 3141 306.0
3141 3397 306.0
3397 3333 208.0
3333 3397 208.0
3397 3393 204.0
3393 3397 204.0
3398 1350 108.0
1350 3398 108.0
3398 2374 109.0
2374 3398 109.0
3398 3142 105.0
3142 3398 105.0
3398 3334 107.0
3334 3398 107.0
3398 3394 108.0
3394 3398 108.0
3398 3397 201.0
3397 3398 201.0
3399 1351 204.0
1351 3399 204.0
3399 2375 205.0
2375 3399 205.0
3399 3143 207.0
3143 3399 207.0
3399 3335 210.0
3335 3399 210.0
3399 3395 210.0
3395 3399 210.0
3399 3397 308.0
3397 3399 308.0
3400 1352 105.0
1352 3400 105.0
3400 2376 101.0
2376 3400 101.0
3400 3144 104.0
3144 3400 104.0
3400 3336 110.0
3336 3400 110.0
3400 3396 108.0
3396 3400 108.0
3400 3398 101.0
3398 3400 101.0
3400 3399 204.0
3399 3400 204.0
3401 1353 107.0
1353 3401 107.0
3401 2377 107.0
2377 3401 107.0
3401 3145 109.0
3145 3401 109.0
3401 3337 110.0
3337 3401 110.0
3401 3393 103.0
3393 3401 103.0
3402 1354 204.0
1354 3402 204.0
3402 2378 202.0
2378 3402 202.0
3402 3146 208.0
3146 3402 208.0
3402 3338 210.0
3338 3402 210.0
3402 3394 203.0
3394 3402 203.0
3402 3401 208.0
3401 3402 208.0
3403 1355 101.0
1355 3403 101.0
3403 2379 209.0
2379 3403 209.0
3403 3147 108.0
3147 3403 108.0
3403 3339 110.0
3339 3403 110.0
3403 3395 109.0
3395 3403 109.0
3403 3401 108.0
3401 3403 108.0
3404 1356 102.0
1356 3404 102.0
3404 2380 210.0
2380 3404 210.0
3404 3148 205.0
3148 3404 205.0
3404 3340 107.0
3340 3404 107.0
3404 3396 106.0
3396 3404 106.0
3404 3402 202.0
3402 3404 202.0
3404 3403 106.0
3403 3404 106.0
3405 1357 102.0
1357 3405 102.0
3405 2381 101.0
2381 3405 101.0
3405 3149 103.0
3149 3405 103.0
3405 3341 106.0
3341 3405 106.0
3405 3397 206.0
3397 3405 206.0
3405 3401 103.0
3401 3405 103.0
3406 1358 103.0
1358 3406 103.0
3406 2382 109.0
2382 3406 109.0
3406 3150 102.0
3150 3406 102.0
3406 3342 209.0
3342 3406 209.0
3406 3398 106.0
3398 3406 106.0
3406 3402 203.0
3402 3406 203.0
3406 3405 107.0
3405 3406 107.0
3407 1359 110.0
1359 3407 110.0
3407 2383 107.0
2383 3407 107.0
3407 3151 107.0
3151 3407 107.0
3407 3343 102.0
3343 3407 102.0
3407 3399 210.0
3399 3407 210.0
3407 3403 102.0
3403 3407 102.0
3407 3405 102.0
3405 3407 102.0
3408 1360 106.0
1360 3408 106.0
3408 2384 104.0
2384 3408 104.0
3408 3152 108.0
3152 3408 108.0
3408 3344 205.0
3344 3408 205.0
3408 3400 109.0
3400 3408 109.0
3408 3404 103.0
3404 3408 103.0
3408 3406 104.0
3406 3408 104.0
3408 3407 108.0
3407 3408 108.0
3409 1361 110.0
1361 3409 110.0
3409 2385 104.0
2385 3409 104.0
3409 3153 109.0
3153 3409 109.0
3409 3345 109.0
3345 3409 109.0
3409 3393 107.0
3393 3409 107.0
3410 1362 109.0
1362 3410 109.0
3410 2386 102.0
2386 3410 102.0
3410 3154 110.0
3154 3410 110.0
3410 3346 205.0
3346 3410 205.0
3410 3394 107.0
3394 3410 107.0
3410 3409 108.0
3409 3410 108.0
3411 1363 103.0
1363 3411 103.0
3411 2387 105.0
2387 3411 105.0
3411 3155 108.0
3155 3411 108.0
3411 3347 103.0
3347 3411 103.0
3411 3395 108.0
3395 3411 108.0
3411 3409 101.0
3409 3411 101.0
3412 1364 102.0
1364 3412 102.0
3412 2388 109.0
2388 3412 109.0
3412 3156 102.0
3156 3412 102.0
3412 3348 201.0
3348 3412 201.0
3412 3396 106.0
3396 3412 106.0
3412 3410 106.0
3410 3412 106.0
3412 3411 102.0
3411 3412 102.0
3413 1365 101.0
1365 3413 101.0
3413 2389 106.0
2389 3413 106.0
3413 3157 110.0
3157 3413 110.0
3413 3349 205.0
3349 3413 205.0
3413 3397 208.0
3397 3413 208.0
3413 3409 104.0
3409 3413 104.0
3414 1366 108.0
1366 3414 108.0
3414 2390 102.0
2390 3414 102.0
3414 3158 106.0
3158 3414 106.0
3414 3350 107.0
3350 3414 107.0
3414 3398 106.0
3398 3414 106.0
3414 3410 105.0
3410 3414 105.0
3414 3413 109.0
3413 3414 109.0
3415 1367 108.0
1367 3415 108.0
3415 2391 104.0
2391 3415 104.0
3415 3159 108.0
3159 3415 108.0
3415 3351 107.0
3351 3415 107.0
3415 3399 206.0
3399 3415 206.0
3415 3411 104.0
3411 3415 104.0
3415 3413 102.0
3413 3415 102.0
3416 1368 108.0
1368 3416 108.0
3416 2392 102.0
2392 3416 102.0
3416 3160 108.0
3160 3416 108.0
3416 3352 103.0
3352 3416 103.0
3416 3400 110.0
3400 3416 110.0
3416 3412 105.0
3412 3416 105.0
3416 3414 101.0
3414 3416 101.0
3416 3415 103.0
3415 3416 103.0
3417 1369 201.0
1369 3417 201.0
3417 2393 103.0
2393 3417 103.0
3417 3161 109.0
3161 3417 109.0
3417 3353 107.0
3353 3417 107.0
3417 3401 105.0
3401 3417 105.0
3417 3409 102.0
3409 3417 102.0
3418 1370 108.0
1370 3418 108.0
3418 2394 104.0
2394 3418 104.0
3418 3162 109.0
3162 3418 109.0
3418 3354 110.0
3354 3418 110.0
3418 3402 202.0
3402 3418 202.0
3418 3410 104.0
3410 3418 104.0
3418 3417 103.0
3417 3418 103.0
3419 1371 104.0
1371 3419 104.0
3419 2395 103.0
2395 3419 103.0
3419 3163 208.0
3163 3419 208.0
3419 3355 106.0
3355 3419 106.0
3419 3403 105.0
3403 3419 105.0
3419 3411 104.0
3411 3419 104.0
3419 3417 105.0
3417 3419 105.0
3420 1372 109.0
1372 3420 109.0
3420 2396 102.0
2396 3420 102.0
3420 3164 206.0
3164 3420 206.0
3420 3356 110.0
3356 3420 110.0
3420 3404 110.0
3404 3420 110.0
3420 3412 101.0
3412 3420 101.0
3420 3418 107.0
3418 3420 107.0
3420 3419 107.0
3419 3420 107.0
3421 1373 104.0
1373 3421 104.0
3421 2397 202.0
2397 3421 202.0
3421 3165 103.0
3165 3421 103.0
3421 3357 109.0
3357 3421 109.0
3421 3405 108.0
3405 3421 108.0
3421 3413 106.0
3413 3421 106.0
3421 3417 107.0
3417 3421 107.0
3422 1374 109.0
1374 3422 109.0
3422 2398 202.0
2398 3422 202.0
3422 3166 109.0
3166 3422 109.0
3422 3358 110.0
3358 3422 110.0
3422 3406 103.0
3406 3422 103.0
3422 3414 109.0
3414 3422 109.0
3422 3418 102.0
3418 3422 102.0
3422 3421 107.0
3421 3422 107.0
3423 1375 102.0
1375 3423 102.0
3423 2399 102.0
2399 3423 102.0
3423 3167 108.0
3167 3423 108.0
3423 3359 105.0
3359 3423 105.0
3423 3407 101.0
3407 3423 101.0
3423 3415 110.0
3415 3423 110.0
3423 3419 110.0
3419 3423 110.0
3423 3421 110.0
3421 3423 110.0
3424 1376 210.0
1376 3424 210.0
3424 2400 202.0
2400 3424 202.0
3424 3168 209.0
3168 3424 209.0
3424 3360 205.0
3360 3424 205.0
3424 3408 204.0
3408 3424 204.0
3424 3416 202.0
3416 3424 202.0
3424 3420 206.0
3420 3424 206.0
3424 3422 208.0
3422 3424 208.0
3424 3423 201.0
3423 3424 201.0
3425 1377 103.0
1377 3425 103.0
3425 2401 109.0
2401 3425 109.0
3425 3169 206.0
3169 3425 206.0
3425 3361 105.0
3361 3425 105.0
3425 3393 108.0
3393 3425 108.0
3426 1378 104.0
1378 3426 104.0
3426 2402 110.0
2402 3426 110.0
3426 3170 102.0
3170 3426 102.0
3426 3362 109.0
3362 3426 109.0
3426 3394 101.0
3394 3426 101.0
3426 3425 108.0
3425 3426 108.0
3427 1379 202.0
1379 3427 202.0
3427 2403 201.0
2403 3427 201.0
3427 3171 209.0
3171 3427 209.0
3427 3363 210.0
3363 3427 210.0
3427 3395 206.0
3395 3427 206.0
3427 3425 205.0
3425 3427 205.0
3428 1380 102.0
1380 3428 102.0
3428 2404 106.0
2404 3428 106.0
3428 3172 108.0
3172 3428 108.0
3428 3364 102.0
3364 3428 102.0
3428 3396 102.0
3396 3428 102.0
3428 3426 110.0
3426 3428 110.0
3428 3427 207.0
3427 3428 207.0
3429 1381 108.0
1381 3429 108.0
3429 2405 109.0
2405 3429 109.0
3429 3173 109.0
3173 3429 109.0
3429 3365 108.0
3365 3429 108.0
3429 3397 201.0
3397 3429 201.0
3429 3425 108.0
3425 3429 108.0
3430 1382 110.0
1382 3430 110.0
3430 2406 206.0
2406 3430 206.0
3430 3174 107.0
3174 3430 107.0
3430 3366 108.0
3366 3430 108.0
3430 3398 109.0
3398 3430 109.0
3430 3426 104.0
3426 3430 104.0
3430 3429 101.0
3429 3430 101.0
3431 1383 110.0
1383 3431 110.0
3431 2407 103.0
2407 3431 103.0
3431 3175 102.0
3175 3431 102.0
3431 3367 106.0
3367 3431 106.0
3431 3399 201.0
3399 3431 201.0
3431 3427 205.0
3427 3431 205.0
3431 3429 110.0
3429 3431 110.0
3432 1384 108.0
1384 3432 108.0
3432 2408 108.0
2408 3432 108.0
3432 3176 105.0
3176 3432 105.0
3432 3368 106.0
3368 3432 106.0
3432 3400 109.0
3400 3432 109.0
3432 3428 108.0
3428 3432 108.0
3432 3430 102.0
3430 3432 102.0
3432 3431 104.0
3431 3432 104.0
3433 1385 108.0
1385 3433 108.0
3433 2409 101.0
2409 3433 101.0
3433 3177 108.0
3177 3433 108.0
3433 3369 203.0
3369 3433 203.0
3433 3401 110.0
3401 3433 110.0
3433 3425 110.0
3425 3433 110.0
3434 1386 101.0
1386 3434 101.0
3434 2410 110.0
2410 3434 110.0
3434 3178 107.0
3178 3434 107.0
3434 3370 109.0
3370 3434 109.0
3434 3402 207.0
3402 3434 207.0
3434 3426 102.0
3426 3434 102.0
3434 3433 108.0
3433 3434 108.0
3435 1387 107.0
1387 3435 107.0
3435 2411 106.0
2411 3435 106.0
3435 3179 101.0
3179 3435 101.0
3435 3371 203.0
3371 3435 203.0
3435 3403 105.0
3403 3435 105.0
3435 3427 204.0
3427 3435 204.0
3435 3433 110.0
3433 3435 110.0
3436 1388 109.0
1388 3436 109.0
3436 2412 103.0
2412 3436 103.0
3436 3180 103.0
3180 3436 103.0
3436 3372 102.0
3372 3436 102.0
3436 3404 101.0
3404 3436 101.0
3436 3428 101.0
3428 3436 101.0
3436 3434 109.0
3434 3436 109.0
3436 3435 104.0
3435 3436 104.0
3437 1389 207.0
1389 3437 207.0
3437 2413 106.0
2413 3437 106.0
3437 3181 107.0
3181 3437 107.0
3437 3373 106.0
3373 3437 106.0
3437 3405 110.0
3405 3437 110.0
3437 3429 110.0
3429 3437 110.0
3437 3433 110.0
3433 3437 110.0
3438 1390 107.0
1390 3438 107.0
3438 2414 105.0
2414 3438 105.0
3438 3182 108.0
3182 3438 108.0
3438 3374 104.0
3374 3438 104.0
3438 3406 106.0
3406 3438 106.0
3438 3430 102.0
3430 3438 102.0
3438 3434 105.0
3434 3438 105.0
3438 3437 101.0
3437 3438 101.0
3439 1391 108.0
1391 3439 108.0
3439 2415 108.0
2415 3439 108.0
3439 3183 109.0
3183 3439 109.0
3439 3375 109.0
3375 3439 109.0
3439 3407 107.0
3407 3439 107.0
3439 3431 107.0
3431 3439 107.0
3439 3435 104.0
3435 3439 104.0
3439 3437 107.0
3437 3439 107.0
3440 1392 302.0
1392 3440 302.0
3440 2416 202.0
2416 3440 202.0
3440 3184 201.0
3184 3440 201.0
3440 3376 205.0
3376 3440 205.0
3440 3408 207.0
3408 3440 207.0
3440 3432 208.0
3432 3440 208.0
3440 3436 204.0
3436 3440 204.0
3440 3438 208.0
3438 3440 208.0
3440 3439 203.0
3439 3440 203.0
3441 1393 103.0
1393 3441 103.0
3441 2417 105.0
2417 3441 105.0
3441 3185 108.0
3185 3441 108.0
3441 3377 101.0
3377 3441 101.0
3441 3409 103.0
3409 3441 103.0
3441 3425 106.0
3425 3441 106.0
3442 1394 101.0
1394 3442 101.0
3442 2418 102.0
2418 3442 102.0
3442 3186 105.0
3186 3442 105.0
3442 3378 105.0
3378 3442 105.0
3442 3410 101.0
3410 3442 101.0
3442 3426 109.0
3426 3442 109.0
3442 3441 107.0
3441 3442 107.0
3443 1395 109.0
1395 3443 109.0
3443 2419 106.0
2419 3443 106.0
3443 3187 108.0
3187 3443 108.0
3443 3379 101.0
3379 3443 101.0
3443 3411 105.0
3411 3443 105.0
3443 3427 207.0
3427 3443 207.0
3443 3441 102.0
3441 3443 102.0
3444 1396 103.0
1396 3444 103.0
3444 2420 204.0
2420 3444 204.0
3444 3188 109.0
3188 3444 109.0
3444 3380 105.0
3380 3444 105.0
3444 3412 109.0
3412 3444 109.0
3444 3428 108.0
3428 3444 108.0
3444 3442 110.0
3442 3444 110.0
3444 3443 101.0
3443 3444 101.0
3445 1397 106.0
1397 3445 106.0
3445 2421 108.0
2421 3445 108.0
3445 3189 106.0
3189 3445 106.0
3445 3381 102.0
3381 3445 102.0
3445 3413 106.0
3413 3445 106.0
3445 3429 107.0
3429 3445 107.0
3445 3441 108.0
3441 3445 108.0
3446 1398 205.0
1398 3446 205.0
3446 2422 206.0
2422 3446 206.0
3446 3190 205.0
3190 3446 205.0
3446 3382 208.0
3382 3446 208.0
3446 3414 208.0
3414 3446 208.0
3446 3430 204.0
3430 3446 204.0
3446 3442 207.0
3442 3446 207.0
3446 3445 206.0
3445 3446 206.0
3447 1399 204.0
1399 3447 204.0
3447 2423 103.0
2423 3447 103.0
3447 3191 105.0
3191 3447 105.0
3447 3383 105.0
3383 3447 105.0
3447 3415 104.0
3415 3447 104.0
3447 3431 110.0
3431 3447 110.0
3447 3443 101.0
3443 3447 101.0
3447 3445 109.0
3445 3447 109.0
3448 1400 101.0
1400 3448 101.0
3448 2424 106.0
2424 3448 106.0
3448 3192 208.0
3192 3448 208.0
3448 3384 107.0
3384 3448 107.0
3448 3416 101.0
3416 3448 101.0
3448 3432 110.0
3432 3448 110.0
3448 3444 109.0
3444 3448 109.0
3448 3446 203.0
3446 3448 203.0
3448 3447 101.0
3447 3448 101.0
3449 1401 103.0
1401 3449 103.0
3449 2425 101.0
2425 3449 101.0
3449 3193 108.0
3193 3449 108.0
3449 3385 101.0
3385 3449 101.0
3449 3417 104.0
3417 3449 104.0
3449 3433 103.0
3433 3449 103.0
3449 3441 108.0
3441 3449 108.0
3450 1402 208.0
1402 3450 208.0
3450 2426 108.0
2426 3450 108.0
3450 3194 106.0
3194 3450 106.0
3450 3386 110.0
3386 3450 110.0
3450 3418 106.0
3418 3450 106.0
3450 3434 108.0
3434 3450 108.0
3450 3442 106.0
3442 3450 106.0
3450 3449 102.0
3449 3450 102.0
3451 1403 104.0
1403 3451 104.0
3451 2427 109.0
2427 3451 109.0
3451 3195 106.0
3195 3451 106.0
3451 3387 109.0
3387 3451 109.0
3451 3419 104.0
3419 3451 104.0
3451 3435 108.0
3435 3451 108.0
3451 3443 110.0
3443 3451 110.0
3451 3449 109.0
3449 3451 109.0
3452 1404 202.0
1404 3452 202.0
3452 2428 109.0
2428 3452 109.0
3452 3196 106.0
3196 3452 106.0
3452 3388 108.0
3388 3452 108.0
3452 3420 104.0
3420 3452 104.0
3452 3436 103.0
3436 3452 103.0
3452 3444 102.0
3444 3452 102.0
3452 3450 109.0
3450 3452 109.0
3452 3451 102.0
3451 3452 102.0
3453 1405 105.0
1405 3453 105.0
3453 2429 109.0
2429 3453 109.0
3453 3197 202.0
3197 3453 202.0
3453 3389 110.0
3389 3453 110.0
3453 3421 103.0
3421 3453 103.0
3453 3437 106.0
3437 3453 106.0
3453 3445 107.0
3445 3453 107.0
3453 3449 108.0
3449 3453 108.0
3454 1406 103.0
1406 3454 103.0
3454 2430 109.0
2430 3454 109.0
3454 3198 107.0
3198 3454 107.0
3454 3390 108.0
3390 3454 108.0
3454 3422 105.0
3422 3454 105.0
3454 3438 101.0
3438 3454 101.0
3454 3446 202.0
3446 3454 202.0
3454 3450 105.0
3450 3454 105.0
3454 3453 104.0
3453 3454 104.0
3455 1407 103.0
1407 3455 103.0
3455 2431 102.0
2431 3455 102.0
3455 3199 109.0
3199 3455 109.0
3455 3391 103.0
3391 3455 103.0
3455 3423 108.0
3423 3455 108.0
3455 3439 101.0
3439 3455 101.0
3455 3447 102.0
3447 3455 102.0
3455 3451 110.0
3451 3455 110.0
3455 3453 108.0
3453 3455 108.0
3456 1408 105.0
1408 3456 105.0
3456 2432 209.0
2432 3456 209.0
3456 3200 106.0
3200 3456 106.0
3456 3392 103.0
3392 3456 103.0
3456 3424 204.0
3424 3456 204.0
3456 3440 204.0
3440 3456 204.0
3456 3448 103.0
3448 3456 103.0
3456 3452 104.0
3452 3456 104.0
3456 3454 106.0
3454 3456 106.0
3456 3455 102.0
3455 3456 102.0
3457 1409 102.0
1409 3457 102.0
3457 2433 103.0
2433 3457 103.0
3457 3201 107.0
3201 3457 107.0
3457 3329 103.0
3329 3457 103.0
3458 1410 207.0
1410 3458 207.0
3458 2434 110.0
2434 3458 110.0
3458 3202 103.0
3202 3458 103.0
3458 3330 104.0
3330 3458 104.0
3458 3457 108.0
3457 3458 108.0
3459 1411 108.0
1411 3459 108.0
3459 2435 108.0
2435 3459 108.0
3459 3203 109.0
3203 3459 109.0
3459 3331 103.0
3331 3459 103.0
3459 3457 109.0
3457 3459 109.0
3460 1412 103.0
1412 3460 103.0
3460 2436 107.0
2436 3460 107.0
3460 3204 110.0
3204 3460 110.0
3460 3332 101.0
3332 3460 101.0
3460 3458 109.0
3458 3460 109.0
3460 3459 101.0
3459 3460 101.0
3461 1413 103.0
1413 3461 103.0
3461 2437 101.0
2437 3461 101.0
3461 3205 101.0
3205 3461 101.0
3461 3333 109.0
3333 3461 109.0
3461 3457 108.0
3457 3461 108.0
3462 1414 107.0
1414 3462 107.0
3462 2438 109.0
2438 3462 109.0
3462 3206 202.0
3206 3462 202.0
3462 3334 104.0
3334 3462 104.0
3462 3458 110.0
3458 3462 110.0
3462 3461 109.0
3461 3462 109.0
3463 1415 204.0
1415 3463 204.0
3463 2439 103.0
2439 3463 103.0
3463 3207 103.0
3207 3463 103.0
3463 3335 107.0
3335 3463 107.0
3463 3459 106.0
3459 3463 106.0
3463 3461 109.0
3461 3463 109.0
3464 1416 106.0
1416 3464 106.0
3464 2440 207.0
2440 3464 207.0
3464 3208 106.0
3208 3464 106.0
3464 3336 106.0
3336 3464 106.0
3464 3460 106.0
3460 3464 106.0
3464 3462 102.0
3462 3464 102.0
3464 3463 104.0
3463 3464 104.0
3465 1417 205.0
1417 3465 205.0
3465 2441 202.0
2441 3465 202.0
3465 3209 207.0
3209 3465 207.0
3465 3337 208.0
3337 3465 208.0
3465 3457 202.0
3457 3465 202.0
3466 1418 108.0
1418 3466 108.0
3466 2442 102.0
2442 3466 102.0
3466 3210 109.0
3210 3466 109.0
3466 3338 102.0
3338 3466 102.0
3466 3458 101.0
3458 3466 101.0
3466 3465 204.0
3465 3466 204.0
3467 1419 202.0
1419 3467 202.0
3467 2443 105.0
2443 3467 105.0
3467 3211 102.0
3211 3467 102.0
3467 3339 109.0
3339 3467 109.0
3467 3459 108.0
3459 3467 108.0
3467 3465 209.0
3465 3467 209.0
3468 1420 104.0
1420 3468 104.0
3468 2444 109.0
2444 3468 109.0
3468 3212 206.0
3212 3468 206.0
3468 3340 110.0
3340 3468 110.0
3468 3460 110.0
3460 3468 110.0
3468 3466 108.0
3466 3468 108.0
3468 3467 108.0
3467 3468 108.0
3469 1421 208.0
1421 3469 208.0
3469 2445 202.0
2445 3469 202.0
3469 3213 209.0
3213 3469 209.0
3469 3341 205.0
3341 3469 205.0
3469 3461 207.0
3461 3469 207.0
3469 3465 302.0
3465 3469 302.0
3470 1422 106.0
1422 3470 106.0
3470 2446 109.0
2446 3470 109.0
3470 3214 109.0
3214 3470 109.0
3470 3342 205.0
3342 3470 205.0
3470 3462 110.0
3462 3470 110.0
3470 3466 102.0
3466 3470 102.0
3470 3469 203.0
3469 3470 203.0
3471 1423 109.0
1423 3471 109.0
3471 2447 106.0
2447 3471 106.0
3471 3215 203.0
3215 3471 203.0
3471 3343 106.0
3343 3471 106.0
3471 3463 107.0
3463 3471 107.0
3471 3467 108.0
3467 3471 108.0
3471 3469 209.0
3469 3471 209.0
3472 1424 103.0
1424 3472 103.0
3472 2448 109.0
2448 3472 109.0
3472 3216 106.0
3216 3472 106.0
3472 3344 206.0
3344 3472 206.0
3472 3464 101.0
3464 3472 101.0
3472 3468 107.0
3468 3472 107.0
3472 3470 103.0
3470 3472 103.0
3472 3471 108.0
3471 3472 108.0
3473 1425 108.0
1425 3473 108.0
3473 2449 103.0
2449 3473 103.0
3473 3217 103.0
3217 3473 103.0
3473 3345 109.0
3345 3473 109.0
3473 3457 106.0
3457 3473 106.0
3474 1426 110.0
1426 3474 110.0
3474 2450 210.0
2450 3474 210.0
3474 3218 102.0
3218 3474 102.0
3474 3346 202.0
3346 3474 202.0
3474 3458 108.0
3458 3474 108.0
3474 3473 102.0
3473 3474 102.0
3475 1427 109.0
1427 3475 109.0
3475 2451 107.0
2451 3475 107.0
3475 3219 105.0
3219 3475 105.0
3475 3347 108.0
3347 3475 108.0
3475 3459 109.0
3459 3475 109.0
3475 3473 107.0
3473 3475 107.0
3476 1428 101.0
1428 3476 101.0
3476 2452 108.0
2452 3476 108.0
3476 3220 106.0
3220 3476 106.0
3476 3348 204.0
3348 3476 204.0
3476 3460 104.0
3460 3476 104.0
3476 3474 104.0
3474 3476 104.0
3476 3475 101.0
3475 3476 101.0
3477 1429 107.0
1429 3477 107.0
3477 2453 104.0
2453 3477 104.0
3477 3221 105.0
3221 3477 105.0
3477 3349 203.0
3349 3477 203.0
3477 3461 108.0
3461 3477 108.0
3477 3473 109.0
3473 3477 109.0
3478 1430 102.0
1430 3478 102.0
3478 2454 110.0
2454 3478 110.0
3478 3222 106.0
3222 3478 106.0
3478 3350 104.0
3350 3478 104.0
3478 3462 106.0
3462 3478 106.0
3478 3474 107.0
3474 3478 107.0
3478 3477 110.0
3477 3478 110.0
3479 1431 107.0
1431 3479 107.0
3479 2455 102.0
2455 3479 102.0
3479 3223 106.0
3223 3479 106.0
3479 3351 104.0
3351 3479 104.0
3479 3463 104.0
3463 3479 104.0
3479 3475 103.0
3475 3479 103.0
3479 3477 102.0
3477 3479 102.0
3480 1432 110.0
1432 3480 110.0
3480 2456 107.0
2456 3480 107.0
3480 3224 205.0
3224 3480 205.0
3480 3352 108.0
3352 3480 108.0
3480 3464 103.0
3464 3480 103.0
3480 3476 105.0
3476 3480 105.0
3480 3478 105.0
3478 3480 105.0
3480 3479 106.0
3479 3480 106.0
3481 1433 102.0
1433 3481 102.0
3481 2457 110.0
2457 3481 110.0
3481 3225 107.0
3225 3481 107.0
3481 3353 110.0
3353 3481 110.0
3481 3465 208.0
3465 3481 208.0
3481 3473 107.0
3473 3481 107.0
3482 1434 102.0
1434 3482 102.0
3482 2458 105.0
2458 3482 105.0
3482 3226 108.0
3226 3482 108.0
3482 3354 107.0
3354 3482 107.0
3482 3466 109.0
3466 3482 109.0
3482 3474 104.0
3474 3482 104.0
3482 3481 109.0
3481 3482 109.0
3483 1435 205.0
1435 3483 205.0
3483 2459 109.0
2459 3483 109.0
3483 3227 106.0
3227 3483 106.0
3483 3355 110.0
3355 3483 110.0
3483 3467 106.0
3467 3483 106.0
3483 3475 107.0
3475 3483 107.0
3483 3481 106.0
3481 3483 106.0
3484 1436 107.0
1436 3484 107.0
3484 2460 103.0
2460 3484 103.0
3484 3228 103.0
3228 3484 103.0
3484 3356 110.0
3356 3484 110.0
3484 3468 105.0
3468 3484 105.0
3484 3476 108.0
3476 3484 108.0
3484 3482 110.0
3482 3484 110.0
3484 3483 101.0
3483 3484 101.0
3485 1437 105.0
1437 3485 105.0
3485 2461 109.0
2461 3485 109.0
3485 3229 110.0
3229 3485 110.0
3485 3357 104.0
3357 3485 104.0
3485 3469 201.0
3469 3485 201.0
3485 3477 109.0
3477 3485 109.0
3485 3481 102.0
3481 3485 102.0
3486 1438 107.0
1438 3486 107.0
3486 2462 109.0
2462 3486 109.0
3486 3230 110.0
3230 3486 110.0
3486 3358 101.0
3358 3486 101.0
3486 3470 108.0
3470 3486 108.0
3486 3478 102.0
3478 3486 102.0
3486 3482 104.0
3482 3486 104.0
3486 3485 102.0
3485 3486 102.0
3487 1439 108.0
1439 3487 108.0
3487 2463 210.0
2463 3487 210.0
3487 3231 103.0
3231 3487 103.0
3487 3359 105.0
3359 3487 105.0
3487 3471 105.0
3471 3487 105.0
3487 3479 108.0
3479 3487 108.0
3487 3483 108.0
3483 3487 108.0
3487 3485 110.0
3485 3487 110.0
3488 1440 107.0
1440 3488 107.0
3488 2464 104.0
2464 3488 104.0
3488 3232 202.0
3232 3488 202.0
3488 3360 104.0
3360 3488 104.0
3488 3472 109.0
3472 3488 109.0
3488 3480 105.0
3480 3488 105.0
3488 3484 101.0
3484 3488 101.0
3488 3486 109.0
3486 3488 109.0
3488 3487 105.0
3487 3488 105.0
3489 1441 110.0
1441 3489 110.0
3489 2465 106.0
2465 3489 106.0
3489 3233 109.0
3233 3489 109.0
3489 3361 104.0
3361 3489 104.0
3489 3457 105.0
3457 3489 105.0
3490 1442 102.0
1442 3490 102.0
3490 2466 109.0
2466 3490 109.0
3490 3234 101.0
3234 3490 101.0
3490 3362 109.0
3362 3490 109.0
3490 3458 107.0
3458 3490 107.0
3490 3489 109.0
3489 3490 109.0
3491 1443 109.0
1443 3491 109.0
3491 2467 205.0
2467 3491 205.0
3491 3235 103.0
3235 3491 103.0
3491 3363 101.0
3363 3491 101.0
3491 3459 104.0
3459 3491 104.0
3491 3489 104.0
3489 3491 104.0
3492 1444 107.0
1444 3492 107.0
3492 2468 108.0
2468 3492 108.0
3492 3236 204.0
3236 3492 204.0
3492 3364 106.0
3364 3492 106.0
3492 3460 104.0
3460 3492 104.0
3492 3490 106.0
3490 3492 106.0
3492 3491 110.0
3491 3492 110.0
3493 1445 208.0
1445 3493 208.0
3493 2469 206.0
2469 3493 206.0
3493 3237 307.0
3237 3493 307.0
3493 3365 201.0
3365 3493 201.0
3493 3461 203.0
3461 3493 203.0
3493 3489 201.0
3489 3493 201.0
3494 1446 106.0
1446 3494 106.0
3494 2470 103.0
2470 3494 103.0
3494 3238 110.0
3238 3494 110.0
3494 3366 104.0
3366 3494 104.0
3494 3462 110.0
3462 3494 110.0
3494 3490 101.0
3490 3494 101.0
3494 3493 203.0
3493 3494 203.0
3495 1447 107.0
1447 3495 107.0
3495 2471 108.0
2471 3495 108.0
3495 3239 108.0
3239 3495 108.0
3495 3367 109.0
3367 3495 109.0
3495 3463 101.0
3463 3495 101.0
3495 3491 108.0
3491 3495 108.0
3495 3493 202.0
3493 3495 202.0
3496 1448 210.0
1448 3496 210.0
3496 2472 201.0
2472 3496 201.0
3496 3240 205.0
3240 3496 205.0
3496 3368 201.0
3368 3496 201.0
3496 3464 204.0
3464 3496 204.0
3496 3492 205.0
3492 3496 205.0
3496 3494 208.0
3494 3496 208.0
3496 3495 210.0
3495 3496 210.0
3497 1449 107.0
1449 3497 107.0
3497 2473 101.0
2473 3497 101.0
3497 3241 101.0
3241 3497 101.0
3497 3369 208.0
3369 3497 208.0
3497 3465 206.0
3465 3497 206.0
3497 3489 103.0
3489 3497 103.0
3498 1450 105.0
1450 3498 105.0
3498 2474 201.0
2474 3498 201.0
3498 3242 109.0
3242 3498 109.0
3498 3370 108.0
3370 3498 108.0
3498 3466 101.0
3466 3498 101.0
3498 3490 108.0
3490 3498 108.0
3498 3497 102.0
3497 3498 102.0
3499 1451 110.0
1451 3499 110.0
3499 2475 105.0
2475 3499 105.0
3499 3243 104.0
3243 3499 104.0
3499 3371 204.0
3371 3499 204.0
3499 3467 101.0
3467 3499 101.0
3499 3491 101.0
3491 3499 101.0
3499 3497 102.0
3497 3499 102.0
3500 1452 106.0
1452 3500 106.0
3500 2476 203.0
2476 3500 203.0
3500 3244 105.0
3244 3500 105.0
3500 3372 106.0
3372 3500 106.0
3500 3468 102.0
3468 3500 102.0
3500 3492 108.0
3492 3500 108.0
3500 3498 104.0
3498 3500 104.0
3500 3499 110.0
3499 3500 110.0
3501 1453 109.0
1453 3501 109.0
3501 2477 102.0
2477 3501 102.0
3501 3245 101.0
3245 3501 101.0
3501 3373 103.0
3373 3501 103.0
3501 3469 203.0
3469 3501 203.0
3501 3493 210.0
3493 3501 210.0
3501 3497 109.0
3497 3501 109.0
3502 1454 210.0
1454 3502 210.0
3502 2478 109.0
2478 3502 109.0
3502 3246 102.0
3246 3502 102.0
3502 3374 102.0
3374 3502 102.0
3502 3470 106.0
3470 3502 106.0
3502 3494 102.0
3494 3502 102.0
3502 3498 104.0
3498 3502 104.0
3502 3501 101.0
3501 3502 101.0
3503 1455 103.0
1455 3503 103.0
3503 2479 104.0
2479 3503 104.0
3503 3247 102.0
3247 3503 102.0
3503 3375 108.0
3375 3503 108.0
3503 3471 103.0
3471 3503 103.0
3503 3495 106.0
3495 3503 106.0
3503 3499 107.0
3499 3503 107.0
3503 3501 105.0
3501 3503 105.0
3504 1456 102.0
1456 3504 102.0
3504 2480 105.0
2480 3504 105.0
3504 3248 107.0
3248 3504 107.0
3504 3376 102.0
3376 3504 102.0
3504 3472 105.0
3472 3504 105.0
3504 3496 205.0
3496 3504 205.0
3504 3500 109.0
3500 3504 109.0
3504 3502 106.0
3502 3504 106.0
3504 3503 104.0
3503 3504 104.0
3505 1457 105.0
1457 3505 105.0
3505 2481 109.0
2481 3505 109.0
3505 3249 109.0
3249 3505 109.0
3505 3377 106.0
3377 3505 106.0
3505 3473 107.0
3473 3505 107.0
3505 3489 105.0
3489 3505 105.0
3506 1458 108.0
1458 3506 108.0
3506 2482 102.0
2482 3506 102.0
3506 3250 110.0
3250 3506 110.0
3506 3378 110.0
3378 3506 110.0
3506 3474 107.0
3474 3506 107.0
3506 3490 109.0
3490 3506 109.0
3506 3505 109.0
3505 3506 109.0
3507 1459 110.0
1459 3507 110.0
3507 2483 105.0
2483 3507 105.0
3507 3251 110.0
3251 3507 110.0
3507 3379 102.0
3379 3507 102.0
3507 3475 104.0
3475 3507 104.0
3507 3491 104.0
3491 3507 104.0
3507 3505 103.0
3505 3507 103.0
3508 1460 202.0
1460 3508 202.0
3508 2484 109.0
2484 3508 109.0
3508 3252 104.0
3252 3508 104.0
3508 3380 104.0
3380 3508 104.0
3508 3476 103.0
3476 3508 103.0
3508 3492 109.0
3492 3508 109.0
3508 3506 102.0
3506 3508 102.0
3508 3507 101.0
3507 3508 101.0
3509 1461 110.0
1461 3509 110.0
3509 2485 105.0
2485 3509 105.0
3509 3253 109.0
3253 3509 109.0
3509 3381 110.0
3381 3509 110.0
3509 3477 107.0
3477 3509 107.0
3509 3493 210.0
3493 3509 210.0
3509 3505 101.0
3505 3509 101.0
3510 1462 209.0
1462 3510 209.0
3510 2486 202.0
2486 3510 202.0
3510 3254 201.0
3254 3510 201.0
3510 3382 207.0
3382 3510 207.0
3510 3478 206.0
3478 3510 206.0
3510 3494 201.0
3494 3510 201.0
3510 3506 205.0
3506 3510 205.0
3510 3509 206.0
3509 3510 206.0
3511 1463 204.0
1463 3511 204.0
3511 2487 202.0
2487 3511 202.0
3511 3255 208.0
3255 3511 208.0
3511 3383 208.0
3383 3511 208.0
3511 3479 201.0
3479 3511 201.0
3511 3495 206.0
3495 3511 206.0
3511 3507 208.0
3507 3511 208.0
3511 3509 202.0
3509 3511 202.0
3512 1464 106.0
1464 3512 106.0
3512 2488 104.0
2488 3512 104.0
3512 3256 102.0
3256 3512 102.0
3512 3384 102.0
3384 3512 102.0
3512 3480 108.0
3480 3512 108.0
3512 3496 207.0
3496 3512 207.0
3512 3508 104.0
3508 3512 104.0
3512 3510 206.0
3510 3512 206.0
3512 3511 208.0
3511 3512 208.0
3513 1465 103.0
1465 3513 103.0
3513 2489 108.0
2489 3513 108.0
3513 3257 204.0
3257 3513 204.0
3513 3385 110.0
3385 3513 110.0
3513 3481 109.0
3481 3513 109.0
3513 3497 107.0
3497 3513 107.0
3513 3505 108.0
3505 3513 108.0
3514 1466 107.0
1466 3514 107.0
3514 2490 108.0
2490 3514 108.0
3514 3258 106.0
3258 3514 106.0
3514 3386 101.0
3386 3514 101.0
3514 3482 102.0
3482 3514 102.0
3514 3498 103.0
3498 3514 103.0
3514 3506 108.0
3506 3514 108.0
3514 3513 104.0
3513 3514 104.0
3515 1467 109.0
1467 3515 109.0
3515 2491 109.0
2491 3515 109.0
3515 3259 101.0
3259 3515 101.0
3515 3387 102.0
3387 3515 102.0
3515 3483 108.0
3483 3515 108.0
3515 3499 105.0
3499 3515 105.0
3515 3507 106.0
3507 3515 106.0
3515 3513 110.0
3513 3515 110.0
3516 1468 209.0
1468 3516 209.0
3516 2492 207.0
2492 3516 207.0
3516 3260 206.0
3260 3516 206.0
3516 3388 202.0
3388 3516 202.0
3516 3484 201.0
3484 3516 201.0
3516 3500 210.0
3500 3516 210.0
3516 3508 205.0
3508 3516 205.0
3516 3514 210.0
3514 3516 210.0
3516 3515 205.0
3515 3516 205.0
3517 1469 203.0
1469 3517 203.0
3517 2493 209.0
2493 3517 209.0
3517 3261 205.0
3261 3517 205.0
3517 3389 203.0
3389 3517 203.0
3517 3485 209.0
3485 3517 209.0
3517 3501 209.0
3501 3517 209.0
3517 3509 206.0
3509 3517 206.0
3517 3513 207.0
3513 3517 207.0
3518 1470 208.0
1470 3518 208.0
3518 2494 209.0
2494 3518 209.0
3518 3262 207.0
3262 3518 207.0
3518 3390 209.0
3390 3518 209.0
3518 3486 205.0
3486 3518 205.0
3518 3502 206.0
3502 3518 206.0
3518 3510 309.0
3510 3518 309.0
3518 3514 205.0
3514 3518 205.0
3518 3517 308.0
3517 3518 308.0
3519 1471 102.0
1471 3519 102.0
3519 2495 109.0
2495 3519 109.0
3519 3263 102.0
3263 3519 102.0
3519 3391 108.0
3391 3519 108.0
3519 3487 108.0
3487 3519 108.0
3519 3503 107.0
3503 3519 107.0
3519 3511 201.0
3511 3519 201.0
3519 3515 104.0
3515 3519 104.0
3519 3517 208.0
3517 3519 208.0
3520 1472 108.0
1472 3520 108.0
3520 2496 101.0
2496 3520 101.0
3520 3264 110.0
3264 3520 110.0
3520 3392 104.0
3392 3520 104.0
3520 3488 110.0
3488 3520 110.0
3520 3504 110.0
3504 3520 110.0
3520 3512 103.0
3512 3520 103.0
3520 3516 207.0
3516 3520 207.0
3520 3518 209.0
3518 3520 209.0
3520 3519 101.0
3519 3520 101.0
3521 1473 105.0
1473 3521 105.0
3521 2497 205.0
2497 3521 205.0
3521 3265 210.0
3265 3521 210.0
3521 3393 108.0
3393 3521 108.0
3521 3457 106.0
3457 3521 106.0
3522 1474 108.0
1474 3522 108.0
3522 2498 102.0
2498 3522 102.0
3522 3266 103.0
3266 3522 103.0
3522 3394 103.0
3394 3522 103.0
3522 3458 101.0
3458 3522 101.0
3522 3521 104.0
3521 3522 104.0
3523 1475 102.0
1475 3523 102.0
3523 2499 101.0
2499 3523 101.0
3523 3267 105.0
3267 3523 105.0
3523 3395 105.0
3395 3523 105.0
3523 3459 110.0
3459 3523 110.0
3523 3521 107.0
3521 3523 107.0
3524 1476 208.0
1476 3524 208.0
3524 2500 201.0
2500 3524 201.0
3524 3268 201.0
3268 3524 201.0
3524 3396 201.0
3396 3524 201.0
3524 3460 201.0
3460 3524 201.0
3524 3522 203.0
3522 3524 203.0
3524 3523 203.0
3523 3524 203.0
3525 1477 103.0
1477 3525 103.0
3525 2501 102.0
2501 3525 102.0
3525 3269 110.0
3269 3525 110.0
3525 3397 204.0
3397 3525 204.0
3525 3461 105.0
3461 3525 105.0
3525 3521 101.0
3521 3525 101.0
3526 1478 109.0
1478 3526 109.0
3526 2502 106.0
2502 3526 106.0
3526 3270 210.0
3270 3526 210.0
3526 3398 105.0
3398 3526 105.0
3526 3462 107.0
3462 3526 107.0
3526 3522 104.0
3522 3526 104.0
3526 3525 101.0
3525 3526 101.0
3527 1479 109.0
1479 3527 109.0
3527 2503 109.0
2503 3527 109.0
3527 3271 102.0
3271 3527 102.0
3527 3399 203.0
3399 3527 203.0
3527 3463 101.0
3463 3527 101.0
3527 3523 105.0
3523 3527 105.0
3527 3525 102.0
3525 3527 102.0
3528 1480 106.0
1480 3528 106.0
3528 2504 103.0
2504 3528 103.0
3528 3272 109.0
3272 3528 109.0
3528 3400 108.0
3400 3528 108.0
3528 3464 110.0
3464 3528 110.0
3528 3524 208.0
3524 3528 208.0
3528 3526 106.0
3526 3528 106.0
3528 3527 102.0
3527 3528 102.0
3529 1481 105.0
1481 3529 105.0
3529 2505 108.0
2505 3529 108.0
3529 3273 104.0
3273 3529 104.0
3529 3401 106.0
3401 3529 106.0
3529 3465 201.0
3465 3529 201.0
3529 3521 108.0
3521 3529 108.0
3530 1482 106.0
1482 3530 106.0
3530 2506 108.0
2506 3530 108.0
3530 3274 105.0
3274 3530 105.0
3530 3402 201.0
3402 3530 201.0
3530 3466 109.0
3466 3530 109.0
3530 3522 110.0
3522 3530 110.0
3530 3529 108.0
3529 3530 108.0
3531 1483 103.0
1483 3531 103.0
3531 2507 103.0
2507 3531 103.0
3531 3275 109.0
3275 3531 109.0
3531 3403 101.0
3403 3531 101.0
3531 3467 105.0
3467 3531 105.0
3531 3523 107.0
3523 3531 107.0
3531 3529 109.0
3529 3531 109.0
3532 1484 109.0
1484 3532 109.0
3532 2508 108.0
2508 3532 108.0
3532 3276 104.0
3276 3532 104.0
3532 3404 105.0
3404 3532 105.0
3532 3468 104.0
3468 3532 104.0
3532 3524 203.0
3524 3532 203.0
3532 3530 105.0
3530 3532 105.0
3532 3531 102.0
3531 3532 102.0
3533 1485 102.0
1485 3533 102.0
3533 2509 104.0
2509 3533 104.0
3533 3277 103.0
3277 3533 103.0
3533 3405 106.0
3405 3533 106.0
3533 3469 207.0
3469 3533 207.0
3533 3525 110.0
3525 3533 110.0
3533 3529 105.0
3529 3533 105.0
3534 1486 109.0
1486 3534 109.0
3534 2510 204.0
2510 3534 204.0
3534 3278 110.0
3278 3534 110.0
3534 3406 106.0
3406 3534 106.0
3534 3470 103.0
3470 3534 103.0
3534 3526 106.0
3526 3534 106.0
3534 3530 103.0
3530 3534 103.0
3534 3533 108.0
3533 3534 108.0
3535 1487 110.0
1487 3535 110.0
3535 2511 107.0
2511 3535 107.0
3535 3279 102.0
3279 3535 102.0
3535 3407 104.0
3407 3535 104.0
3535 3471 104.0
3471 3535 104.0
3535 3527 106.0
3527 3535 106.0
3535 3531 105.0
3531 3535 105.0
3535 3533 101.0
3533 3535 101.0
3536 1488 203.0
1488 3536 203.0
3536 2512 108.0
2512 3536 108.0
3536 3280 102.0
3280 3536 102.0
3536 3408 101.0
3408 3536 101.0
3536 3472 105.0
3472 3536 105.0
3536 3528 110.0
3528 3536 110.0
3536 3532 103.0
3532 3536 103.0
3536 3534 104.0
3534 3536 104.0
3536 3535 108.0
3535 3536 108.0
3537 1489 203.0
1489 3537 203.0
3537 2513 206.0
2513 3537 206.0
3537 3281 202.0
3281 3537 202.0
3537 3409 201.0
3409 3537 201.0
3537 3473 201.0
3473 3537 201.0
3537 3521 201.0
3521 3537 201.0
3538 1490 101.0
1490 3538 101.0
3538 2514 110.0
2514 3538 110.0
3538 3282 108.0
3282 3538 108.0
3538 3410 110.0
3410 3538 110.0
3538 3474 104.0
3474 3538 104.0
3538 3522 107.0
3522 3538 107.0
3538 3537 205.0
3537 3538 205.0
3539 1491 209.0
1491 3539 209.0
3539 2515 302.0
2515 3539 302.0
3539 3283 203.0
3283 3539 203.0
3539 3411 209.0
3411 3539 209.0
3539 3475 204.0
3475 3539 204.0
3539 3523 209.0
3523 3539 209.0
3539 3537 304.0
3537 3539 304.0
3540 1492 105.0
1492 3540 105.0
3540 2516 109.0
2516 3540 109.0
3540 3284 104.0
3284 3540 104.0
3540 3412 104.0
3412 3540 104.0
3540 3476 106.0
3476 3540 106.0
3540 3524 203.0
3524 3540 203.0
3540 3538 106.0
3538 3540 106.0
3540 3539 205.0
3539 3540 205.0
3541 1493 209.0
1493 3541 209.0
3541 2517 103.0
2517 3541 103.0
3541 3285 103.0
3285 3541 103.0
3541 3413 109.0
3413 3541 109.0
3541 3477 110.0
3477 3541 110.0
3541 3525 108.0
3525 3541 108.0
3541 3537 207.0
3537 3541 207.0
3542 1494 206.0
1494 3542 206.0
3542 2518 109.0
2518 3542 109.0
3542 3286 109.0
3286 3542 109.0
3542 3414 106.0
3414 3542 106.0
3542 3478 105.0
3478 3542 105.0
3542 3526 102.0
3526 3542 102.0
3542 3538 102.0
3538 3542 102.0
3542 3541 101.0
3541 3542 101.0
3543 1495 102.0
1495 3543 102.0
3543 2519 105.0
2519 3543 105.0
3543 3287 209.0
3287 3543 209.0
3543 3415 110.0
3415 3543 110.0
3543 3479 101.0
3479 3543 101.0
3543 3527 102.0
3527 3543 102.0
3543 3539 202.0
3539 3543 202.0
3543 3541 107.0
3541 3543 107.0
3544 1496 201.0
1496 3544 201.0
3544 2520 207.0
2520 3544 207.0
3544 3288 104.0
3288 3544 104.0
3544 3416 101.0
3416 3544 101.0
3544 3480 105.0
3480 3544 105.0
3544 3528 103.0
3528 3544 103.0
3544 3540 104.0
3540 3544 104.0
3544 3542 109.0
3542 3544 109.0
3544 3543 108.0
3543 3544 108.0
3545 1497 110.0
1497 3545 110.0
3545 2521 107.0
2521 3545 107.0
3545 3289 110.0
3289 3545 110.0
3545 3417 102.0
3417 3545 102.0
3545 3481 107.0
3481 3545 107.0
3545 3529 108.0
3529 3545 108.0
3545 3537 205.0
3537 3545 205.0
3546 1498 203.0
1498 3546 203.0
3546 2522 210.0
2522 3546 210.0
3546 3290 208.0
3290 3546 208.0
3546 3418 208.0
3418 3546 208.0
3546 3482 204.0
3482 3546 204.0
3546 3530 206.0
3530 3546 206.0
3546 3538 209.0
3538 3546 209.0
3546 3545 202.0
3545 3546 202.0
3547 1499 105.0
1499 3547 105.0
3547 2523 104.0
2523 3547 104.0
3547 3291 101.0
3291 3547 101.0
3547 3419 105.0
3419 3547 105.0
3547 3483 110.0
3483 3547 110.0
3547 3531 101.0
3531 3547 101.0
3547 3539 201.0
3539 3547 201.0
3547 3545 106.0
3545 3547 106.0
3548 1500 101.0
1500 3548 101.0
3548 2524 110.0
2524 3548 110.0
3548 3292 104.0
3292 3548 104.0
3548 3420 108.0
3420 3548 108.0
3548 3484 110.0
3484 3548 110.0
3548 3532 104.0
3532 3548 104.0
3548 3540 104.0
3540 3548 104.0
3548 3546 205.0
3546 3548 205.0
3548 3547 107.0
3547 3548 107.0
3549 1501 107.0
1501 3549 107.0
3549 2525 105.0
2525 3549 105.0
3549 3293 209.0
3293 3549 209.0
3549 3421 101.0
3421 3549 101.0
3549 3485 102.0
3485 3549 102.0
3549 3533 103.0
3533 3549 103.0
3549 3541 101.0
3541 3549 101.0
3549 3545 106.0
3545 3549 106.0
3550 1502 105.0
1502 3550 105.0
3550 2526 107.0
2526 3550 107.0
3550 3294 109.0
3294 3550 109.0
3550 3422 110.0
3422 3550 110.0
3550 3486 110.0
3486 3550 110.0
3550 3534 107.0
3534 3550 107.0
3550 3542 108.0
3542 3550 108.0
3550 3546 209.0
3546 3550 209.0
3550 3549 102.0
3549 3550 102.0
3551 1503 107.0
1503 3551 107.0
3551 2527 107.0
2527 3551 107.0
3551 3295 101.0
3295 3551 101.0
3551 3423 103.0
3423 3551 103.0
3551 3487 105.0
3487 3551 105.0
3551 3535 108.0
3535 3551 108.0
3551 3543 110.0
3543 3551 110.0
3551 3547 104.0
3547 3551 104.0
3551 3549 105.0
3549 3551 105.0
3552 1504 206.0
1504 3552 206.0
3552 2528 101.0
2528 3552 101.0
3552 3296 109.0
3296 3552 109.0
3552 3424 207.0
3424 3552 207.0
3552 3488 105.0
3488 3552 105.0
3552 3536 108.0
3536 3552 108.0
3552 3544 106.0
3544 3552 106.0
3552 3548 104.0
3548 3552 104.0
3552 3550 109.0
3550 3552 109.0
3552 3551 104.0
3551 3552 104.0
3553 1505 108.0
1505 3553 108.0
3553 2529 109.0
2529 3553 109.0
3553 3297 107.0
3297 3553 107.0
3553 3425 102.0
3425 3553 102.0
3553 3489 103.0
3489 3553 103.0
3553 3521 104.0
3521 3553 104.0
3554 1506 202.0
1506 3554 202.0
3554 2530 208.0
2530 3554 208.0
3554 3298 210.0
3298 3554 210.0
3554 3426 208.0
3426 3554 208.0
3554 3490 207.0
3490 3554 207.0
3554 3522 202.0
3522 3554 202.0
3554 3553 201.0
3553 3554 201.0
3555 1507 203.0
1507 3555 203.0
3555 2531 107.0
2531 3555 107.0
3555 3299 102.0
3299 3555 102.0
3555 3427 201.0
3427 3555 201.0
3555 3491 108.0
3491 3555 108.0
3555 3523 101.0
3523 3555 101.0
3555 3553 102.0
3553 3555 102.0
3556 1508 105.0
1508 3556 105.0
3556 2532 106.0
2532 3556 106.0
3556 3300 102.0
3300 3556 102.0
3556 3428 108.0
3428 3556 108.0
3556 3492 108.0
3492 3556 108.0
3556 3524 207.0
3524 3556 207.0
3556 3554 210.0
3554 3556 210.0
3556 3555 109.0
3555 3556 109.0
3557 1509 104.0
1509 3557 104.0
3557 2533 106.0
2533 3557 106.0
3557 3301 107.0
3301 3557 107.0
3557 3429 103.0
3429 3557 103.0
3557 3493 209.0
3493 3557 209.0
3557 3525 107.0
3525 3557 107.0
3557 3553 109.0
3553 3557 109.0
3558 1510 106.0
1510 3558 106.0
3558 2534 107.0
2534 3558 107.0
3558 3302 110.0
3302 3558 110.0
3558 3430 108.0
3430 3558 108.0
3558 3494 103.0
3494 3558 103.0
3558 3526 108.0
3526 3558 108.0
3558 3554 201.0
3554 3558 201.0
3558 3557 101.0
3557 3558 101.0
3559 1511 102.0
1511 3559 102.0
3559 2535 106.0
2535 3559 106.0
3559 3303 110.0
3303 3559 110.0
3559 3431 110.0
3431 3559 110.0
3559 3495 105.0
3495 3559 105.0
3559 3527 107.0
3527 3559 107.0
3559 3555 109.0
3555 3559 109.0
3559 3557 110.0
3557 3559 110.0
3560 1512 106.0
1512 3560 106.0
3560 2536 101.0
2536 3560 101.0
3560 3304 102.0
3304 3560 102.0
3560 3432 107.0
3432 3560 107.0
3560 3496 210.0
3496 3560 210.0
3560 3528 102.0
3528 3560 102.0
3560 3556 102.0
3556 3560 102.0
3560 3558 107.0
3558 3560 107.0
3560 3559 106.0
3559 3560 106.0
3561 1513 210.0
1513 3561 210.0
3561 2537 105.0
2537 3561 105.0
3561 3305 110.0
3305 3561 110.0
3561 3433 107.0
3433 3561 107.0
3561 3497 108.0
3497 3561 108.0
3561 3529 109.0
3529 3561 109.0
3561 3553 106.0
3553 3561 106.0
3562 1514 103.0
1514 3562 103.0
3562 2538 109.0
2538 3562 109.0
3562 3306 109.0
3306 3562 109.0
3562 3434 109.0
3434 3562 109.0
3562 3498 103.0
3498 3562 103.0
3562 3530 110.0
3530 3562 110.0
3562 3554 201.0
3554 3562 201.0
3562 3561 102.0
3561 3562 102.0
3563 1515 210.0
1515 3563 210.0
3563 2539 107.0
2539 3563 107.0
3563 3307 206.0
3307 3563 206.0
3563 3435 106.0
3435 3563 106.0
3563 3499 105.0
3499 3563 105.0
3563 3531 104.0
3531 3563 104.0
3563 3555 106.0
3555 3563 106.0
3563 3561 102.0
3561 3563 102.0
3564 1516 109.0
1516 3564 109.0
3564 2540 103.0
2540 3564 103.0
3564 3308 108.0
3308 3564 108.0
3564 3436 102.0
3436 3564 102.0
3564 3500 106.0
3500 3564 106.0
3564 3532 106.0
3532 3564 106.0
3564 3556 107.0
3556 3564 107.0
3564 3562 101.0
3562 3564 101.0
3564 3563 105.0
3563 3564 105.0
3565 1517 102.0
1517 3565 102.0
3565 2541 104.0
2541 3565 104.0
3565 3309 110.0
3309 3565 110.0
3565 3437 108.0
3437 3565 108.0
3565 3501 107.0
3501 3565 107.0
3565 3533 104.0
3533 3565 104.0
3565 3557 108.0
3557 3565 108.0
3565 3561 101.0
3561 3565 101.0
3566 1518 110.0
1518 3566 110.0
3566 2542 109.0
2542 3566 109.0
3566 3310 205.0
3310 3566 205.0
3566 3438 108.0
3438 3566 108.0
3566 3502 108.0
3502 3566 108.0
3566 3534 106.0
3534 3566 106.0
3566 3558 107.0
3558 3566 107.0
3566 3562 107.0
3562 3566 107.0
3566 3565 101.0
3565 3566 101.0
3567 1519 204.0
1519 3567 204.0
3567 2543 301.0
2543 3567 301.0
3567 3311 209.0
3311 3567 209.0
3567 3439 206.0
3439 3567 206.0
3567 3503 210.0
3503 3567 210.0
3567 3535 204.0
3535 3567 204.0
3567 3559 209.0
3559 3567 209.0
3567 3563 209.0
3563 3567 209.0
3567 3565 204.0
3565 3567 204.0
3568 1520 101.0
1520 3568 101.0
3568 2544 108.0
2544 3568 108.0
3568 3312 108.0
3312 3568 108.0
3568 3440 205.0
3440 3568 205.0
3568 3504 109.0
3504 3568 109.0
3568 3536 110.0
3536 3568 110.0
3568 3560 106.0
3560 3568 106.0
3568 3564 106.0
3564 3568 106.0
3568 3566 102.0
3566 3568 102.0
3568 3567 208.0
3567 3568 208.0
3569 1521 101.0
1521 3569 101.0
3569 2545 107.0
2545 3569 107.0
3569 3313 103.0
3313 3569 103.0
3569 3441 109.0
3441 3569 109.0
3569 3505 107.0
3505 3569 107.0
3569 3537 204.0
3537 3569 204.0
3569 3553 105.0
3553 3569 105.0
3570 1522 207.0
1522 3570 207.0
3570 2546 207.0
2546 3570 207.0
3570 3314 307.0
3314 3570 307.0
3570 3442 208.0
3442 3570 208.0
3570 3506 201.0
3506 3570 201.0
3570 3538 202.0
3538 3570 202.0
3570 3554 305.0
3554 3570 305.0
3570 3569 204.0
3569 3570 204.0
3571 1523 102.0
1523 3571 102.0
3571 2547 107.0
2547 3571 107.0
3571 3315 103.0
3315 3571 103.0
3571 3443 101.0
3443 3571 101.0
3571 3507 108.0
3507 3571 108.0
3571 3539 204.0
3539 3571 204.0
3571 3555 105.0
3555 3571 105.0
3571 3569 106.0
3569 3571 106.0
3572 1524 110.0
1524 3572 110.0
3572 2548 102.0
2548 3572 102.0
3572 3316 108.0
3316 3572 108.0
3572 3444 109.0
3444 3572 109.0
3572 3508 105.0
3508 3572 105.0
3572 3540 108.0
3540 3572 108.0
3572 3556 108.0
3556 3572 108.0
3572 3570 202.0
3570 3572 202.0
3572 3571 101.0
3571 3572 101.0
3573 1525 105.0
1525 3573 105.0
3573 2549 203.0
2549 3573 203.0
3573 3317 109.0
3317 3573 109.0
3573 3445 106.0
3445 3573 106.0
3573 3509 105.0
3509 3573 105.0
3573 3541 110.0
3541 3573 110.0
3573 3557 108.0
3557 3573 108.0
3573 3569 104.0
3569 3573 104.0
3574 1526 104.0
1526 3574 104.0
3574 2550 105.0
2550 3574 105.0
3574 3318 109.0
3318 3574 109.0
3574 3446 205.0
3446 3574 205.0
3574 3510 207.0
3510 3574 207.0
3574 3542 101.0
3542 3574 101.0
3574 3558 103.0
3558 3574 103.0
3574 3570 207.0
3570 3574 207.0
3574 3573 102.0
3573 3574 102.0
3575 1527 107.0
1527 3575 107.0
3575 2551 102.0
2551 3575 102.0
3575 3319 109.0
3319 3575 109.0
3575 3447 103.0
3447 3575 103.0
3575 3511 201.0
3511 3575 201.0
3575 3543 103.0
3543 3575 103.0
3575 3559 108.0
3559 3575 108.0
3575 3571 102.0
3571 3575 102.0
3575 3573 101.0
3573 3575 101.0
3576 1528 103.0
1528 3576 103.0
3576 2552 104.0
2552 3576 104.0
3576 3320 109.0
3320 3576 109.0
3576 3448 106.0
3448 3576 106.0
3576 3512 105.0
3512 3576 105.0
3576 3544 105.0
3544 3576 105.0
3576 3560 109.0
3560 3576 109.0
3576 3572 108.0
3572 3576 108.0
3576 3574 103.0
3574 3576 103.0
3576 3575 104.0
3575 3576 104.0
3577 1529 203.0
1529 3577 203.0
3577 2553 202.0
2553 3577 202.0
3577 3321 110.0
3321 3577 110.0
3577 3449 105.0
3449 3577 105.0
3577 3513 103.0
3513 3577 103.0
3577 3545 101.0
3545 3577 101.0
3577 3561 108.0
3561 3577 108.0
3577 3569 106.0
3569 3577 106.0
3578 1530 108.0
1530 3578 108.0
3578 2554 101.0
2554 3578 101.0
3578 3322 105.0
3322 3578 105.0
3578 3450 101.0
3450 3578 101.0
3578 3514 108.0
3514 3578 108.0
3578 3546 210.0
3546 3578 210.0
3578 3562 101.0
3562 3578 101.0
3578 3570 205.0
3570 3578 205.0
3578 3577 110.0
3577 3578 110.0
3579 1531 102.0
1531 3579 102.0
3579 2555 102.0
2555 3579 102.0
3579 3323 101.0
3323 3579 101.0
3579 3451 106.0
3451 3579 106.0
3579 3515 102.0
3515 3579 102.0
3579 3547 101.0
3547 3579 101.0
3579 3563 109.0
3563 3579 109.0
3579 3571 106.0
3571 3579 106.0
3579 3577 103.0
3577 3579 103.0
3580 1532 107.0
1532 3580 107.0
3580 2556 101.0
2556 3580 101.0
3580 3324 109.0
3324 3580 109.0
3580 3452 104.0
3452 3580 104.0
3580 3516 205.0
3516 3580 205.0
3580 3548 106.0
3548 3580 106.0
3580 3564 110.0
3564 3580 110.0
3580 3572 110.0
3572 3580 110.0
3580 3578 103.0
3578 3580 103.0
3580 3579 108.0
3579 3580 108.0
3581 1533 110.0
1533 3581 110.0
3581 2557 106.0
2557 3581 106.0
3581 3325 107.0
3325 3581 107.0
3581 3453 101.0
3453 3581 101.0
3581 3517 207.0
3517 3581 207.0
3581 3549 103.0
3549 3581 103.0
3581 3565 106.0
3565 3581 106.0
3581 3573 110.0
3573 3581 110.0
3581 3577 101.0
3577 3581 101.0
3582 1534 107.0
1534 3582 107.0
3582 2558 105.0
2558 3582 105.0
3582 3326 110.0
3326 3582 110.0
3582 3454 109.0
3454 3582 109.0
3582 3518 210.0
3518 3582 210.0
3582 3550 106.0
3550 3582 106.0
3582 3566 104.0
3566 3582 104.0
3582 3574 108.0
3574 3582 108.0
3582 3578 105.0
3578 3582 105.0
3582 3581 103.0
3581 3582 103.0
3583 1535 203.0
1535 3583 203.0
3583 2559 207.0
2559 3583 207.0
3583 3327 202.0
3327 3583 202.0
3583 3455 201.0
3455 3583 201.0
3583 3519 201.0
3519 3583 201.0
3583 3551 207.0
3551 3583 207.0
3583 3567 302.0
3567 3583 302.0
3583 3575 208.0
3575 3583 208.0
3583 3579 205.0
3579 3583 205.0
3583 3581 210.0
3581 3583 210.0
3584 1536 102.0
1536 3584 102.0
3584 2560 102.0
2560 3584 102.0
3584 3328 102.0
3328 3584 102.0
3584 3456 106.0
3456 3584 106.0
3584 3520 110.0
3520 3584 110.0
3584 3552 107.0
3552 3584 107.0
3584 3568 107.0
3568 3584 107.0
3584 3576 107.0
3576 3584 107.0
3584 3580 104.0
3580 3584 104.0
3584 3582 101.0
3582 3584 101.0
3584 3583 206.0
3583 3584 206.0
3585 1537 205.0
1537 3585 205.0
3585 2561 201.0
2561 3585 201.0
3585 3073 209.0
3073 3585 209.0
3586 1538 207.0
1538 3586 207.0
3586 2562 108.0
2562 3586 108.0
3586 3074 107.0
3074 3586 107.0
3586 3585 209.0
3585 3586 209.0
3587 1539 103.0
1539 3587 103.0
3587 2563 201.0
2563 3587 201.0
3587 3075 209.0
3075 3587 209.0
3587 3585 206.0
3585 3587 206.0
3588 1540 105.0
1540 3588 105.0
3588 2564 108.0
2564 3588 108.0
3588 3076 103.0
3076 3588 103.0
3588 3586 109.0
3586 3588 109.0
3588 3587 107.0
3587 3588 107.0
3589 1541 101.0
1541 3589 101.0
3589 2565 103.0
2565 3589 103.0
3589 3077 101.0
3077 3589 101.0
3589 3585 209.0
3585 3589 209.0
3590 1542 107.0
1542 3590 107.0
3590 2566 202.0
2566 3590 202.0
3590 3078 108.0
3078 3590 108.0
3590 3586 102.0
3586 3590 102.0
3590 3589 105.0
3589 3590 105.0
3591 1543 104.0
1543 3591 104.0
3591 2567 108.0
2567 3591 108.0
3591 3079 103.0
3079 3591 103.0
3591 3587 109.0
3587 3591 109.0
3591 3589 104.0
3589 3591 104.0
3592 1544 102.0
1544 3592 102.0
3592 2568 106.0
2568 3592 106.0
3592 3080 201.0
3080 3592 201.0
3592 3588 102.0
3588 3592 102.0
3592 3590 109.0
3590 3592 109.0
3592 3591 109.0
3591 3592 109.0
3593 1545 110.0
1545 3593 110.0
3593 2569 109.0
2569 3593 109.0
3593 3081 109.0
3081 3593 109.0
3593 3585 207.0
3585 3593 207.0
3594 1546 105.0
1546 3594 105.0
3594 2570 108.0
2570 3594 108.0
3594 3082 104.0
3082 3594 104.0
3594 3586 108.0
3586 3594 108.0
3594 3593 105.0
3593 3594 105.0
3595 1547 107.0
1547 3595 107.0
3595 2571 107.0
2571 3595 107.0
3595 3083 104.0
3083 3595 104.0
3595 3587 105.0
3587 3595 105.0
3595 3593 105.0
3593 3595 105.0
3596 1548 205.0
1548 3596 205.0
3596 2572 208.0
2572 3596 208.0
3596 3084 210.0
3084 3596 210.0
3596 3588 207.0
3588 3596 207.0
3596 3594 205.0
3594 3596 205.0
3596 3595 207.0
3595 3596 207.0
3597 1549 109.0
1549 3597 109.0
3597 2573 109.0
2573 3597 109.0
3597 3085 107.0
3085 3597 107.0
3597 3589 105.0
3589 3597 105.0
3597 3593 102.0
3593 3597 102.0
3598 1550 207.0
1550 3598 207.0
3598 2574 110.0
2574 3598 110.0
3598 3086 101.0
3086 3598 101.0
3598 3590 108.0
3590 3598 108.0
3598 3594 104.0
3594 3598 104.0
3598 3597 109.0
3597 3598 109.0
3599 1551 107.0
1551 3599 107.0
3599 2575 110.0
2575 3599 110.0
3599 3087 102.0
3087 3599 102.0
3599 3591 110.0
3591 3599 110.0
3599 3595 109.0
3595 3599 109.0
3599 3597 107.0
3597 3599 107.0
3600 1552 204.0
1552 3600 204.0
3600 2576 103.0
2576 3600 103.0
3600 3088 103.0
3088 3600 103.0
3600 3592 109.0
3592 3600 109.0
3600 3596 208.0
3596 3600 208.0
3600 3598 105.0
3598 3600 105.0
3600 3599 110.0
3599 3600 110.0
3601 1553 101.0
1553 3601 101.0
3601 2577 102.0
2577 3601 102.0
3601 3089 107.0
3089 3601 107.0
3601 3585 204.0
3585 3601 204.0
3602 1554 101.0
1554 3602 101.0
3602 2578 103.0
2578 3602 103.0
3602 3090 202.0
3090 3602 202.0
3602 3586 108.0
3586 3602 108.0
3602 3601 105.0
3601 3602 105.0
3603 1555 203.0
1555 3603 203.0
3603 2579 109.0
2579 3603 109.0
3603 3091 109.0
3091 3603 109.0
3603 3587 110.0
3587 3603 110.0
3603 3601 103.0
3601 3603 103.0
3604 1556 109.0
1556 3604 109.0
3604 2580 203.0
2580 3604 203.0
3604 3092 107.0
3092 3604 107.0
3604 3588 110.0
3588 3604 110.0
3604 3602 101.0
3602 3604 101.0
3604 3603 108.0
3603 3604 108.0
3605 1557 107.0
1557 3605 107.0
3605 2581 103.0
2581 3605 103.0
3605 3093 106.0
3093 3605 106.0
3605 3589 102.0
3589 3605 102.0
3605 3601 104.0
3601 3605 104.0
3606 1558 101.0
1558 3606 101.0
3606 2582 104.0
2582 3606 104.0
3606 3094 102.0
3094 3606 102.0
3606 3590 107.0
3590 3606 107.0
3606 3602 107.0
3602 3606 107.0
3606 3605 105.0
3605 3606 105.0
3607 1559 305.0
1559 3607 305.0
3607 2583 202.0
2583 3607 202.0
3607 3095 205.0
3095 3607 205.0
3607 3591 206.0
3591 3607 206.0
3607 3603 204.0
3603 3607 204.0
3607 3605 201.0
3605 3607 201.0
3608 1560 106.0
1560 3608 106.0
3608 2584 105.0
2584 3608 105.0
3608 3096 106.0
3096 3608 106.0
3608 3592 104.0
3592 3608 104.0
3608 3604 109.0
3604 3608 109.0
3608 3606 102.0
3606 3608 102.0
3608 3607 210.0
3607 3608 210.0
3609 1561 109.0
1561 3609 109.0
3609 2585 102.0
2585 3609 102.0
3609 3097 105.0
3097 3609 105.0
3609 3593 104.0
3593 3609 104.0
3609 3601 103.0
3601 3609 103.0
3610 1562 104.0
1562 3610 104.0
3610 2586 101.0
2586 3610 101.0
3610 3098 102.0
3098 3610 102.0
3610 3594 106.0
3594 3610 106.0
3610 3602 109.0
3602 3610 109.0
3610 3609 108.0
3609 3610 108.0
3611 1563 109.0
1563 3611 109.0
3611 2587 108.0
2587 3611 108.0
3611 3099 102.0
3099 3611 102.0
3611 3595 104.0
3595 3611 104.0
3611 3603 105.0
3603 3611 105.0
3611 3609 103.0
3609 3611 103.0
3612 1564 201.0
1564 3612 201.0
3612 2588 310.0
2588 3612 310.0
3612 3100 210.0
3100 3612 210.0
3612 3596 301.0
3596 3612 301.0
3612 3604 201.0
3604 3612 201.0
3612 3610 201.0
3610 3612 201.0
3612 3611 202.0
3611 3612 202.0
3613 1565 104.0
1565 3613 104.0
3613 2589 207.0
2589 3613 207.0
3613 3101 208.0
3101 3613 208.0
3613 3597 107.0
3597 3613 107.0
3613 3605 110.0
3605 3613 110.0
3613 3609 108.0
3609 3613 108.0
3614 1566 102.0
1566 3614 102.0
3614 2590 105.0
2590 3614 105.0
3614 3102 101.0
3102 3614 101.0
3614 3598 108.0
3598 3614 108.0
3614 3606 102.0
3606 3614 102.0
3614 3610 108.0
3610 3614 108.0
3614 3613 108.0
3613 3614 108.0
3615 1567 110.0
1567 3615 110.0
3615 2591 107.0
2591 3615 107.0
3615 3103 106.0
3103 3615 106.0
3615 3599 101.0
3599 3615 101.0
3615 3607 204.0
3607 3615 204.0
3615 3611 104.0
3611 3615 104.0
3615 3613 106.0
3613 3615 106.0
3616 1568 110.0
1568 3616 110.0
3616 2592 105.0
2592 3616 105.0
3616 3104 101.0
3104 3616 101.0
3616 3600 102.0
3600 3616 102.0
3616 3608 101.0
3608 3616 101.0
3616 3612 202.0
3612 3616 202.0
3616 3614 109.0
3614 3616 109.0
3616 3615 107.0
3615 3616 107.0
3617 1569 110.0
1569 3617 110.0
3617 2593 110.0
2593 3617 110.0
3617 3105 105.0
3105 3617 105.0
3617 3585 205.0
3585 3617 205.0
3618 1570 107.0
1570 3618 107.0
3618 2594 105.0
2594 3618 105.0
3618 3106 110.0
3106 3618 110.0
3618 3586 101.0
3586 3618 101.0
3618 3617 104.0
3617 3618 104.0
3619 1571 104.0
1571 3619 104.0
3619 2595 203.0
2595 3619 203.0
3619 3107 109.0
3107 3619 109.0
3619 3587 110.0
3587 3619 110.0
3619 3617 105.0
3617 3619 105.0
3620 1572 109.0
1572 3620 109.0
3620 2596 103.0
2596 3620 103.0
3620 3108 104.0
3108 3620 104.0
3620 3588 102.0
3588 3620 102.0
3620 3618 106.0
3618 3620 106.0
3620 3619 110.0
3619 3620 110.0
3621 1573 105.0
1573 3621 105.0
3621 2597 102.0
2597 3621 102.0
3621 3109 109.0
3109 3621 109.0
3621 3589 104.0
3589 3621 104.0
3621 3617 102.0
3617 3621 102.0
3622 1574 110.0
1574 3622 110.0
3622 2598 110.0
2598 3622 110.0
3622 3110 104.0
3110 3622 104.0
3622 3590 109.0
3590 3622 109.0
3622 3618 103.0
3618 3622 103.0
3622 3621 110.0
3621 3622 110.0
3623 1575 108.0
1575 3623 108.0
3623 2599 104.0
2599 3623 104.0
3623 3111 103.0
3111 3623 103.0
3623 3591 101.0
3591 3623 101.0
3623 3619 110.0
3619 3623 110.0
3623 3621 109.0
3621 3623 109.0
3624 1576 108.0
1576 3624 108.0
3624 2600 107.0
2600 3624 107.0
3624 3112 110.0
3112 3624 110.0
3624 3592 105.0
3592 3624 105.0
3624 3620 109.0
3620 3624 109.0
3624 3622 108.0
3622 3624 108.0
3624 3623 108.0
3623 3624 108.0
3625 1577 109.0
1577 3625 109.0
3625 2601 105.0
2601 3625 105.0
3625 3113 102.0
3113 3625 102.0
3625 3593 105.0
3593 3625 105.0
3625 3617 108.0
3617 3625 108.0
3626 1578 105.0
1578 3626 105.0
3626 2602 207.0
2602 3626 207.0
3626 3114 206.0
3114 3626 206.0
3626 3594 110.0
3594 3626 110.0
3626 3618 105.0
3618 3626 105.0
3626 3625 105.0
3625 3626 105.0
3627 1579 106.0
1579 3627 106.0
3627 2603 101.0
2603 3627 101.0
3627 3115 101.0
3115 3627 101.0
3627 3595 109.0
3595 3627 109.0
3627 3619 105.0
3619 3627 105.0
3627 3625 107.0
3625 3627 107.0
3628 1580 107.0
1580 3628 107.0
3628 2604 104.0
2604 3628 104.0
3628 3116 101.0
3116 3628 101.0
3628 3596 206.0
3596 3628 206.0
3628 3620 104.0
3620 3628 104.0
3628 3626 104.0
3626 3628 104.0
3628 3627 105.0
3627 3628 105.0
3629 1581 104.0
1581 3629 104.0
3629 2605 107.0
2605 3629 107.0
3629 3117 109.0
3117 3629 109.0
3629 3597 109.0
3597 3629 109.0
3629 3621 106.0
3621 3629 106.0
3629 3625 106.0
3625 3629 106.0
3630 1582 107.0
1582 3630 107.0
3630 2606 106.0
2606 3630 106.0
3630 3118 107.0
3118 3630 107.0
3630 3598 109.0
3598 3630 109.0
3630 3622 106.0
3622 3630 106.0
3630 3626 107.0
3626 3630 107.0
3630 3629 109.0
3629 3630 109.0
3631 1583 210.0
1583 3631 210.0
3631 2607 206.0
2607 3631 206.0
3631 3119 210.0
3119 3631 210.0
3631 3599 205.0
3599 3631 205.0
3631 3623 208.0
3623 3631 208.0
3631 3627 208.0
3627 3631 208.0
3631 3629 206.0
3629 3631 206.0
3632 1584 103.0
1584 3632 103.0
3632 2608 106.0
2608 3632 106.0
3632 3120 102.0
3120 3632 102.0
3632 3600 109.0
3600 3632 109.0
3632 3624 105.0
3624 3632 105.0
3632 3628 101.0
3628 3632 101.0
3632 3630 109.0
3630 3632 109.0
3632 3631 203.0
3631 3632 203.0
3633 1585 103.0
1585 3633 103.0
3633 2609 103.0
2609 3633 103.0
3633 3121 107.0
3121 3633 107.0
3633 3601 108.0
3601 3633 108.0
3633 3617 103.0
3617 3633 103.0
3634 1586 107.0
1586 3634 107.0
3634 2610 102.0
2610 3634 102.0
3634 3122 101.0
3122 3634 101.0
3634 3602 106.0
3602 3634 106.0
3634 3618 109.0
3618 3634 109.0
3634 3633 103.0
3633 3634 103.0
3635 1587 102.0
1587 3635 102.0
3635 2611 105.0
2611 3635 105.0
3635 3123 202.0
3123 3635 202.0
3635 3603 109.0
3603 3635 109.0
3635 3619 103.0
3619 3635 103.0
3635 3633 107.0
3633 3635 107.0
3636 1588 204.0
1588 3636 204.0
3636 2612 106.0
2612 3636 106.0
3636 3124 108.0
3124 3636 108.0
3636 3604 105.0
3604 3636 105.0
3636 3620 107.0
3620 3636 107.0
3636 3634 102.0
3634 3636 102.0
3636 3635 108.0
3635 3636 108.0
3637 1589 205.0
1589 3637 205.0
3637 2613 307.0
2613 3637 307.0
3637 3125 210.0
3125 3637 210.0
3637 3605 209.0
3605 3637 209.0
3637 3621 203.0
3621 3637 203.0
3637 3633 206.0
3633 3637 206.0
3638 1590 103.0
1590 3638 103.0
3638 2614 103.0
2614 3638 103.0
3638 3126 107.0
3126 3638 107.0
3638 3606 101.0
3606 3638 101.0
3638 3622 101.0
3622 3638 101.0
3638 3634 109.0
3634 3638 109.0
3638 3637 209.0
3637 3638 209.0
3639 1591 104.0
1591 3639 104.0
3639 2615 108.0
2615 3639 108.0
3639 3127 109.0
3127 3639 109.0
3639 3607 210.0
3607 3639 210.0
3639 3623 102.0
3623 3639 102.0
3639 3635 103.0
3635 3639 103.0
3639 3637 203.0
3637 3639 203.0
3640 1592 101.0
1592 3640 101.0
3640 2616 108.0
2616 3640 108.0
3640 3128 106.0
3128 3640 106.0
3640 3608 109.0
3608 3640 109.0
3640 3624 104.0
3624 3640 104.0
3640 3636 106.0
3636 3640 106.0
3640 3638 110.0
3638 3640 110.0
3640 3639 107.0
3639 3640 107.0
3641 1593 201.0
1593 3641 201.0
3641 2617 105.0
2617 3641 105.0
3641 3129 103.0
3129 3641 103.0
3641 3609 104.0
3609 3641 104.0
3641 3625 101.0
3625 3641 101.0
3641 3633 109.0
3633 3641 109.0
3642 1594 101.0
1594 3642 101.0
3642 2618 105.0
2618 3642 105.0
3642 3130 105.0
3130 3642 105.0
3642 3610 110.0
3610 3642 110.0
3642 3626 108.0
3626 3642 108.0
3642 3634 108.0
3634 3642 108.0
3642 3641 102.0
3641 3642 102.0
3643 1595 102.0
1595 3643 102.0
3643 2619 109.0
2619 3643 109.0
3643 3131 106.0
3131 3643 106.0
3643 3611 101.0
3611 3643 101.0
3643 3627 102.0
3627 3643 102.0
3643 3635 104.0
3635 3643 104.0
3643 3641 104.0
3641 3643 104.0
3644 1596 201.0
1596 3644 201.0
3644 2620 209.0
2620 3644 209.0
3644 3132 205.0
3132 3644 205.0
3644 3612 306.0
3612 3644 306.0
3644 3628 209.0
3628 3644 209.0
3644 3636 207.0
3636 3644 207.0
3644 3642 210.0
3642 3644 210.0
3644 3643 207.0
3643 3644 207.0
3645 1597 106.0
1597 3645 106.0
3645 2621 207.0
2621 3645 207.0
3645 3133 101.0
3133 3645 101.0
3645 3613 106.0
3613 3645 106.0
3645 3629 101.0
3629 3645 101.0
3645 3637 207.0
3637 3645 207.0
3645 3641 102.0
3641 3645 102.0
3646 1598 107.0
1598 3646 107.0
3646 2622 105.0
2622 3646 105.0
3646 3134 109.0
3134 3646 109.0
3646 3614 105.0
3614 3646 105.0
3646 3630 103.0
3630 3646 103.0
3646 3638 110.0
3638 3646 110.0
3646 3642 109.0
3642 3646 109.0
3646 3645 110.0
3645 3646 110.0
3647 1599 110.0
1599 3647 110.0
3647 2623 108.0
2623 3647 108.0
3647 3135 106.0
3135 3647 106.0
3647 3615 106.0
3615 3647 106.0
3647 3631 210.0
3631 3647 210.0
3647 3639 103.0
3639 3647 103.0
3647 3643 109.0
3643 3647 109.0
3647 3645 105.0
3645 3647 105.0
3648 1600 102.0
1600 3648 102.0
3648 2624 108.0
2624 3648 108.0
3648 3136 201.0
3136 3648 201.0
3648 3616 107.0
3616 3648 107.0
3648 3632 108.0
3632 3648 108.0
3648 3640 102.0
3640 3648 102.0
3648 3644 206.0
3644 3648 206.0
3648 3646 102.0
3646 3648 102.0
3648 3647 107.0
3647 3648 107.0
3649 1601 110.0
1601 3649 110.0
3649 2625 101.0
2625 3649 101.0
3649 3137 110.0
3137 3649 110.0
3649 3585 208.0
3585 3649 208.0
3650 1602 105.0
1602 3650 105.0
3650 2626 102.0
2626 3650 102.0
3650 3138 101.0
3138 3650 101.0
3650 3586 109.0
3586 3650 109.0
3650 3649 104.0
3649 3650 104.0
3651 1603 205.0
1603 3651 205.0
3651 2627 206.0
2627 3651 206.0
3651 3139 202.0
3139 3651 202.0
3651 3587 208.0
3587 3651 208.0
3651 3649 201.0
3649 3651 201.0
3652 1604 108.0
1604 3652 108.0
3652 2628 101.0
2628 3652 101.0
3652 3140 109.0
3140 3652 109.0
3652 3588 105.0
3588 3652 105.0
3652 3650 103.0
3650 3652 103.0
3652 3651 204.0
3651 3652 204.0
3653 1605 106.0
1605 3653 106.0
3653 2629 107.0
2629 3653 107.0
3653 3141 201.0
3141 3653 201.0
3653 3589 108.0
3589 3653 108.0
3653 3649 110.0
3649 3653 110.0
3654 1606 107.0
1606 3654 107.0
3654 2630 105.0
2630 3654 105.0
3654 3142 106.0
3142 3654 106.0
3654 3590 105.0
3590 3654 105.0
3654 3650 107.0
3650 3654 107.0
3654 3653 109.0
3653 3654 109.0
3655 1607 105.0
1607 3655 105.0
3655 2631 110.0
2631 3655 110.0
3655 3143 102.0
3143 3655 102.0
3655 3591 108.0
3591 3655 108.0
3655 3651 210.0
3651 3655 210.0
3655 3653 106.0
3653 3655 106.0
3656 1608 105.0
1608 3656 105.0
3656 2632 106.0
2632 3656 106.0
3656 3144 105.0
3144 3656 105.0
3656 3592 106.0
3592 3656 106.0
3656 3652 109.0
3652 3656 109.0
3656 3654 108.0
3654 3656 108.0
3656 3655 108.0
3655 3656 108.0
3657 1609 210.0
1609 3657 210.0
3657 2633 202.0
2633 3657 202.0
3657 3145 202.0
3145 3657 202.0
3657 3593 209.0
3593 3657 209.0
3657 3649 210.0
3649 3657 210.0
3658 1610 103.0
1610 3658 103.0
3658 2634 106.0
2634 3658 106.0
3658 3146 106.0
3146 3658 106.0
3658 3594 105.0
3594 3658 105.0
3658 3650 106.0
3650 3658 106.0
3658 3657 207.0
3657 3658 207.0
3659 1611 105.0
1611 3659 105.0
3659 2635 104.0
2635 3659 104.0
3659 3147 107.0
3147 3659 107.0
3659 3595 105.0
3595 3659 105.0
3659 3651 207.0
3651 3659 207.0
3659 3657 210.0
3657 3659 210.0
3660 1612 104.0
1612 3660 104.0
3660 2636 109.0
2636 3660 109.0
3660 3148 206.0
3148 3660 206.0
3660 3596 205.0
3596 3660 205.0
3660 3652 102.0
3652 3660 102.0
3660 3658 105.0
3658 3660 105.0
3660 3659 105.0
3659 3660 105.0
3661 1613 105.0
1613 3661 105.0
3661 2637 106.0
2637 3661 106.0
3661 3149 103.0
3149 3661 103.0
3661 3597 103.0
3597 3661 103.0
3661 3653 103.0
3653 3661 103.0
3661 3657 201.0
3657 3661 201.0
3662 1614 110.0
1614 3662 110.0
3662 2638 106.0
2638 3662 106.0
3662 3150 108.0
3150 3662 108.0
3662 3598 106.0
3598 3662 106.0
3662 3654 109.0
3654 3662 109.0
3662 3658 109.0
3658 3662 109.0
3662 3661 109.0
3661 3662 109.0
3663 1615 105.0
1615 3663 105.0
3663 2639 101.0
2639 3663 101.0
3663 3151 108.0
3151 3663 108.0
3663 3599 110.0
3599 3663 110.0
3663 3655 103.0
3655 3663 103.0
3663 3659 106.0
3659 3663 106.0
3663 3661 105.0
3661 3663 105.0
3664 1616 107.0
1616 3664 107.0
3664 2640 107.0
2640 3664 107.0
3664 3152 101.0
3152 3664 101.0
3664 3600 109.0
3600 3664 109.0
3664 3656 101.0
3656 3664 101.0
3664 3660 104.0
3660 3664 104.0
3664 3662 101.0
3662 3664 101.0
3664 3663 107.0
3663 3664 107.0
3665 1617 107.0
1617 3665 107.0
3665 2641 210.0
2641 3665 210.0
3665 3153 107.0
3153 3665 107.0
3665 3601 104.0
3601 3665 104.0
3665 3649 105.0
3649 3665 105.0
3666 1618 105.0
1618 3666 105.0
3666 2642 101.0
2642 3666 101.0
3666 3154 105.0
3154 3666 105.0
3666 3602 110.0
3602 3666 110.0
3666 3650 104.0
3650 3666 104.0
3666 3665 104.0
3665 3666 104.0
3667 1619 109.0
1619 3667 109.0
3667 2643 104.0
2643 3667 104.0
3667 3155 110.0
3155 3667 110.0
3667 3603 105.0
3603 3667 105.0
3667 3651 203.0
3651 3667 203.0
3667 3665 110.0
3665 3667 110.0
3668 1620 104.0
1620 3668 104.0
3668 2644 107.0
2644 3668 107.0
3668 3156 108.0
3156 3668 108.0
3668 3604 107.0
3604 3668 107.0
3668 3652 105.0
3652 3668 105.0
3668 3666 105.0
3666 3668 105.0
3668 3667 102.0
3667 3668 102.0
3669 1621 201.0
1621 3669 201.0
3669 2645 110.0
2645 3669 110.0
3669 3157 109.0
3157 3669 109.0
3669 3605 101.0
3605 3669 101.0
3669 3653 109.0
3653 3669 109.0
3669 3665 108.0
3665 3669 108.0
3670 1622 209.0
1622 3670 209.0
3670 2646 201.0
2646 3670 201.0
3670 3158 204.0
3158 3670 204.0
3670 3606 201.0
3606 3670 201.0
3670 3654 208.0
3654 3670 208.0
3670 3666 202.0
3666 3670 202.0
3670 3669 204.0
3669 3670 204.0
3671 1623 103.0
1623 3671 103.0
3671 2647 107.0
2647 3671 107.0
3671 3159 105.0
3159 3671 105.0
3671 3607 209.0
3607 3671 209.0
3671 3655 104.0
3655 3671 104.0
3671 3667 109.0
3667 3671 109.0
3671 3669 109.0
3669 3671 109.0
3672 1624 105.0
1624 3672 105.0
3672 2648 108.0
2648 3672 108.0
3672 3160 103.0
3160 3672 103.0
3672 3608 109.0
3608 3672 109.0
3672 3656 105.0
3656 3672 105.0
3672 3668 104.0
3668 3672 104.0
3672 3670 209.0
3670 3672 209.0
3672 3671 107.0
3671 3672 107.0
3673 1625 101.0
1625 3673 101.0
3673 2649 102.0
2649 3673 102.0
3673 3161 101.0
3161 3673 101.0
3673 3609 104.0
3609 3673 104.0
3673 3657 209.0
3657 3673 209.0
3673 3665 102.0
3665 3673 102.0
3674 1626 203.0
1626 3674 203.0
3674 2650 105.0
2650 3674 105.0
3674 3162 109.0
3162 3674 109.0
3674 3610 103.0
3610 3674 103.0
3674 3658 102.0
3658 3674 102.0
3674 3666 107.0
3666 3674 107.0
3674 3673 101.0
3673 3674 101.0
3675 1627 103.0
1627 3675 103.0
3675 2651 110.0
2651 3675 110.0
3675 3163 209.0
3163 3675 209.0
3675 3611 110.0
3611 3675 110.0
3675 3659 107.0
3659 3675 107.0
3675 3667 101.0
3667 3675 101.0
3675 3673 109.0
3673 3675 109.0
3676 1628 102.0
1628 3676 102.0
3676 2652 102.0
2652 3676 102.0
3676 3164 207.0
3164 3676 207.0
3676 3612 209.0
3612 3676 209.0
3676 3660 101.0
3660 3676 101.0
3676 3668 109.0
3668 3676 109.0
3676 3674 103.0
3674 3676 103.0
3676 3675 110.0
3675 3676 110.0
3677 1629 109.0
1629 3677 109.0
3677 2653 102.0
2653 3677 102.0
3677 3165 109.0
3165 3677 109.0
3677 3613 106.0
3613 3677 106.0
3677 3661 101.0
3661 3677 101.0
3677 3669 108.0
3669 3677 108.0
3677 3673 103.0
3673 3677 103.0
3678 1630 208.0
1630 3678 208.0
3678 2654 202.0
2654 3678 202.0
3678 3166 208.0
3166 3678 208.0
3678 3614 207.0
3614 3678 207.0
3678 3662 207.0
3662 3678 207.0
3678 3670 310.0
3670 3678 310.0
3678 3674 204.0
3674 3678 204.0
3678 3677 206.0
3677 3678 206.0
3679 1631 207.0
1631 3679 207.0
3679 2655 204.0
2655 3679 204.0
3679 3167 201.0
3167 3679 201.0
3679 3615 208.0
3615 3679 208.0
3679 3663 202.0
3663 3679 202.0
3679 3671 208.0
3671 3679 208.0
3679 3675 209.0
3675 3679 209.0
3679 3677 203.0
3677 3679 203.0
3680 1632 103.0
1632 3680 103.0
3680 2656 106.0
2656 3680 106.0
3680 3168 101.0
3168 3680 101.0
3680 3616 107.0
3616 3680 107.0
3680 3664 109.0
3664 3680 109.0
3680 3672 104.0
3672 3680 104.0
3680 3676 103.0
3676 3680 103.0
3680 3678 206.0
3678 3680 206.0
3680 3679 207.0
3679 3680 207.0
3681 1633 104.0
1633 3681 104.0
3681 2657 108.0
2657 3681 108.0
3681 3169 207.0
3169 3681 207.0
3681 3617 109.0
3617 3681 109.0
3681 3649 105.0
3649 3681 105.0
3682 1634 102.0
1634 3682 102.0
3682 2658 106.0
2658 3682 106.0
3682 3170 104.0
3170 3682 104.0
3682 3618 101.0
3618 3682 101.0
3682 3650 103.0
3650 3682 103.0
3682 3681 106.0
3681 3682 106.0
3683 1635 105.0
1635 3683 105.0
3683 2659 103.0
2659 3683 103.0
3683 3171 103.0
3171 3683 103.0
3683 3619 107.0
3619 3683 107.0
3683 3651 201.0
3651 3683 201.0
3683 3681 109.0
3681 3683 109.0
3684 1636 208.0
1636 3684 208.0
3684 2660 207.0
2660 3684 207.0
3684 3172 209.0
3172 3684 209.0
3684 3620 203.0
3620 3684 203.0
3684 3652 201.0
3652 3684 201.0
3684 3682 203.0
3682 3684 203.0
3684 3683 208.0
3683 3684 208.0
3685 1637 205.0
1637 3685 205.0
3685 2661 108.0
2661 3685 108.0
3685 3173 104.0
3173 3685 104.0
3685 3621 106.0
3621 3685 106.0
3685 3653 104.0
3653 3685 104.0
3685 3681 107.0
3681 3685 107.0
3686 1638 101.0
1638 3686 101.0
3686 2662 104.0
2662 3686 104.0
3686 3174 106.0
3174 3686 106.0
3686 3622 108.0
3622 3686 108.0
3686 3654 105.0
3654 3686 105.0
3686 3682 110.0
3682 3686 110.0
3686 3685 106.0
3685 3686 106.0
3687 1639 206.0
1639 3687 206.0
3687 2663 207.0
2663 3687 207.0
3687 3175 205.0
3175 3687 205.0
3687 3623 208.0
3623 3687 208.0
3687 3655 204.0
3655 3687 204.0
3687 3683 206.0
3683 3687 206.0
3687 3685 207.0
3685 3687 207.0
3688 1640 209.0
1640 3688 209.0
3688 2664 204.0
2664 3688 204.0
3688 3176 207.0
3176 3688 207.0
3688 3624 206.0
3624 3688 206.0
3688 3656 202.0
3656 3688 202.0
3688 3684 302.0
3684 3688 302.0
3688 3686 207.0
3686 3688 207.0
3688 3687 305.0
3687 3688 305.0
3689 1641 204.0
1641 3689 204.0
3689 2665 201.0
2665 3689 201.0
3689 3177 204.0
3177 3689 204.0
3689 3625 203.0
3625 3689 203.0
3689 3657 309.0
3657 3689 309.0
3689 3681 202.0
3681 3689 202.0
3690 1642 109.0
1642 3690 109.0
3690 2666 204.0
2666 3690 204.0
3690 3178 105.0
3178 3690 105.0
3690 3626 102.0
3626 3690 102.0
3690 3658 103.0
3658 3690 103.0
3690 3682 109.0
3682 3690 109.0
3690 3689 209.0
3689 3690 209.0
3691 1643 205.0
1643 3691 205.0
3691 2667 107.0
2667 3691 107.0
3691 3179 102.0
3179 3691 102.0
3691 3627 104.0
3627 3691 104.0
3691 3659 105.0
3659 3691 105.0
3691 3683 104.0
3683 3691 104.0
3691 3689 207.0
3689 3691 207.0
3692 1644 110.0
1644 3692 110.0
3692 2668 106.0
2668 3692 106.0
3692 3180 110.0
3180 3692 110.0
3692 3628 108.0
3628 3692 108.0
3692 3660 103.0
3660 3692 103.0
3692 3684 208.0
3684 3692 208.0
3692 3690 106.0
3690 3692 106.0
3692 3691 102.0
3691 3692 102.0
3693 1645 109.0
1645 3693 109.0
3693 2669 106.0
2669 3693 106.0
3693 3181 104.0
3181 3693 104.0
3693 3629 108.0
3629 3693 108.0
3693 3661 106.0
3661 3693 106.0
3693 3685 104.0
3685 3693 104.0
3693 3689 208.0
3689 3693 208.0
3694 1646 101.0
1646 3694 101.0
3694 2670 208.0
2670 3694 208.0
3694 3182 108.0
3182 3694 108.0
3694 3630 104.0
3630 3694 104.0
3694 3662 103.0
3662 3694 103.0
3694 3686 109.0
3686 3694 109.0
3694 3690 109.0
3690 3694 109.0
3694 3693 107.0
3693 3694 107.0
3695 1647 101.0
1647 3695 101.0
3695 2671 101.0
2671 3695 101.0
3695 3183 109.0
3183 3695 109.0
3695 3631 210.0
3631 3695 210.0
3695 3663 109.0
3663 3695 109.0
3695 3687 209.0
3687 3695 209.0
3695 3691 106.0
3691 3695 106.0
3695 3693 104.0
3693 3695 104.0
3696 1648 107.0
1648 3696 107.0
3696 2672 109.0
2672 3696 109.0
3696 3184 101.0
3184 3696 101.0
3696 3632 101.0
3632 3696 101.0
3696 3664 105.0
3664 3696 105.0
3696 3688 206.0
3688 3696 206.0
3696 3692 103.0
3692 3696 103.0
3696 3694 108.0
3694 3696 108.0
3696 3695 110.0
3695 3696 110.0
3697 1649 107.0
1649 3697 107.0
3697 2673 104.0
2673 3697 104.0
3697 3185 104.0
3185 3697 104.0
3697 3633 105.0
3633 3697 105.0
3697 3665 107.0
3665 3697 107.0
3697 3681 103.0
3681 3697 103.0
3698 1650 202.0
1650 3698 202.0
3698 2674 205.0
2674 3698 205.0
3698 3186 202.0
3186 3698 202.0
3698 3634 205.0
3634 3698 205.0
3698 3666 206.0
3666 3698 206.0
3698 3682 205.0
3682 3698 205.0
3698 3697 209.0
3697 3698 209.0
3699 1651 203.0
1651 3699 203.0
3699 2675 106.0
2675 3699 106.0
3699 3187 107.0
3187 3699 107.0
3699 3635 110.0
3635 3699 110.0
3699 3667 106.0
3667 3699 106.0
3699 3683 106.0
3683 3699 106.0
3699 3697 108.0
3697 3699 108.0
3700 1652 104.0
1652 3700 104.0
3700 2676 105.0
2676 3700 105.0
3700 3188 109.0
3188 3700 109.0
3700 3636 101.0
3636 3700 101.0
3700 3668 104.0
3668 3700 104.0
3700 3684 203.0
3684 3700 203.0
3700 3698 205.0
3698 3700 205.0
3700 3699 108.0
3699 3700 108.0
3701 1653 109.0
1653 3701 109.0
3701 2677 105.0
2677 3701 105.0
3701 3189 106.0
3189 3701 106.0
3701 3637 210.0
3637 3701 210.0
3701 3669 102.0
3669 3701 102.0
3701 3685 106.0
3685 3701 106.0
3701 3697 105.0
3697 3701 105.0
3702 1654 110.0
1654 3702 110.0
3702 2678 109.0
2678 3702 109.0
3702 3190 104.0
3190 3702 104.0
3702 3638 103.0
3638 3702 103.0
3702 3670 207.0
3670 3702 207.0
3702 3686 108.0
3686 3702 108.0
3702 3698 207.0
3698 3702 207.0
3702 3701 106.0
3701 3702 106.0
3703 1655 104.0
1655 3703 104.0
3703 2679 107.0
2679 3703 107.0
3703 3191 109.0
3191 3703 109.0
3703 3639 105.0
3639 3703 105.0
3703 3671 103.0
3671 3703 103.0
3703 3687 202.0
3687 3703 202.0
3703 3699 110.0
3699 3703 110.0
3703 3701 109.0
3701 3703 109.0
3704 1656 110.0
1656 3704 110.0
3704 2680 108.0
2680 3704 108.0
3704 3192 206.0
3192 3704 206.0
3704 3640 103.0
3640 3704 103.0
3704 3672 102.0
3672 3704 102.0
3704 3688 203.0
3688 3704 203.0
3704 3700 102.0
3700 3704 102.0
3704 3702 103.0
3702 3704 103.0
3704 3703 110.0
3703 3704 110.0
3705 1657 101.0
1657 3705 101.0
3705 2681 107.0
2681 3705 107.0
3705 3193 107.0
3193 3705 107.0
3705 3641 107.0
3641 3705 107.0
3705 3673 105.0
3673 3705 105.0
3705 3689 210.0
3689 3705 210.0
3705 3697 108.0
3697 3705 108.0
3706 1658 106.0
1658 3706 106.0
3706 2682 103.0
2682 3706 103.0
3706 3194 108.0
3194 3706 108.0
3706 3642 101.0
3642 3706 101.0
3706 3674 104.0
3674 3706 104.0
3706 3690 102.0
3690 3706 102.0
3706 3698 206.0
3698 3706 206.0
3706 3705 101.0
3705 3706 101.0
3707 1659 105.0
1659 3707 105.0
3707 2683 207.0
2683 3707 207.0
3707 3195 109.0
3195 3707 109.0
3707 3643 101.0
3643 3707 101.0
3707 3675 108.0
3675 3707 108.0
3707 3691 110.0
3691 3707 110.0
3707 3699 107.0
3699 3707 107.0
3707 3705 103.0
3705 3707 103.0
3708 1660 103.0
1660 3708 103.0
3708 2684 102.0
2684 3708 102.0
3708 3196 107.0
3196 3708 107.0
3708 3644 206.0
3644 3708 206.0
3708 3676 102.0
3676 3708 102.0
3708 3692 110.0
3692 3708 110.0
3708 3700 103.0
3700 3708 103.0
3708 3706 101.0
3706 3708 101.0
3708 3707 101.0
3707 3708 101.0
3709 1661 105.0
1661 3709 105.0
3709 2685 110.0
2685 3709 110.0
3709 3197 202.0
3197 3709 202.0
3709 3645 107.0
3645 3709 107.0
3709 3677 103.0
3677 3709 103.0
3709 3693 110.0
3693 3709 110.0
3709 3701 102.0
3701 3709 102.0
3709 3705 104.0
3705 3709 104.0
3710 1662 201.0
1662 3710 201.0
3710 2686 110.0
2686 3710 110.0
3710 3198 103.0
3198 3710 103.0
3710 3646 110.0
3646 3710 110.0
3710 3678 208.0
3678 3710 208.0
3710 3694 103.0
3694 3710 103.0
3710 3702 109.0
3702 3710 109.0
3710 3706 104.0
3706 3710 104.0
3710 3709 103.0
3709 3710 103.0
3711 1663 101.0
1663 3711 101.0
3711 2687 110.0
2687 3711 110.0
3711 3199 108.0
3199 3711 108.0
3711 3647 105.0
3647 3711 105.0
3711 3679 207.0
3679 3711 207.0
3711 3695 110.0
3695 3711 110.0
3711 3703 102.0
3703 3711 102.0
3711 3707 101.0
3707 3711 101.0
3711 3709 104.0
3709 3711 104.0
3712 1664 201.0
1664 3712 201.0
3712 2688 104.0
2688 3712 104.0
3712 3200 107.0
3200 3712 107.0
3712 3648 101.0
3648 3712 101.0
3712 3680 105.0
3680 3712 105.0
3712 3696 110.0
3696 3712 110.0
3712 3704 110.0
3704 3712 110.0
3712 3708 105.0
3708 3712 105.0
3712 3710 101.0
3710 3712 101.0
3712 3711 106.0
3711 3712 106.0
3713 1665 103.0
1665 3713 103.0
3713 2689 105.0
2689 3713 105.0
3713 3201 105.0
3201 3713 105.0
3713 3585 202.0
3585 3713 202.0
3714 1666 105.0
1666 3714 105.0
3714 2690 205.0
2690 3714 205.0
3714 3202 106.0
3202 3714 106.0
3714 3586 102.0
3586 3714 102.0
3714 3713 106.0
3713 3714 106.0
3715 1667 107.0
1667 3715 107.0
3715 2691 106.0
2691 3715 106.0
3715 3203 108.0
3203 3715 108.0
3715 3587 107.0
3587 3715 107.0
3715 3713 105.0
3713 3715 105.0
3716 1668 101.0
1668 3716 101.0
3716 2692 104.0
2692 3716 104.0
3716 3204 102.0
3204 3716 102.0
3716 3588 102.0
3588 3716 102.0
3716 3714 107.0
3714 3716 107.0
3716 3715 106.0
3715 3716 106.0
3717 1669 106.0
1669 3717 106.0
3717 2693 110.0
2693 3717 110.0
3717 3205 103.0
3205 3717 103.0
3717 3589 103.0
3589 3717 103.0
3717 3713 106.0
3713 3717 106.0
3718 1670 206.0
1670 3718 206.0
3718 2694 202.0
2694 3718 202.0
3718 3206 309.0
3206 3718 309.0
3718 3590 205.0
3590 3718 205.0
3718 3714 203.0
3714 3718 203.0
3718 3717 202.0
3717 3718 202.0
3719 1671 201.0
1671 3719 201.0
3719 2695 108.0
2695 3719 108.0
3719 3207 102.0
3207 3719 102.0
3719 3591 101.0
3591 3719 101.0
3719 3715 102.0
3715 3719 102.0
3719 3717 104.0
3717 3719 104.0
3720 1672 102.0
1672 3720 102.0
3720 2696 101.0
2696 3720 101.0
3720 3208 105.0
3208 3720 105.0
3720 3592 108.0
3592 3720 108.0
3720 3716 109.0
3716 3720 109.0
3720 3718 206.0
3718 3720 206.0
3720 3719 105.0
3719 3720 105.0
3721 1673 109.0
1673 3721 109.0
3721 2697 107.0
2697 3721 107.0
3721 3209 101.0
3209 3721 101.0
3721 3593 102.0
3593 3721 102.0
3721 3713 106.0
3713 3721 106.0
3722 1674 106.0
1674 3722 106.0
3722 2698 104.0
2698 3722 104.0
3722 3210 110.0
3210 3722 110.0
3722 3594 103.0
3594 3722 103.0
3722 3714 108.0
3714 3722 108.0
3722 3721 106.0
3721 3722 106.0
3723 1675 209.0
1675 3723 209.0
3723 2699 110.0
2699 3723 110.0
3723 3211 101.0
3211 3723 101.0
3723 3595 102.0
3595 3723 102.0
3723 3715 107.0
3715 3723 107.0
3723 3721 101.0
3721 3723 101.0
3724 1676 107.0
1676 3724 107.0
3724 2700 109.0
2700 3724 109.0
3724 3212 201.0
3212 3724 201.0
3724 3596 205.0
3596 3724 205.0
3724 3716 109.0
3716 3724 109.0
3724 3722 103.0
3722 3724 103.0
3724 3723 103.0
3723 3724 103.0
3725 1677 205.0
1677 3725 205.0
3725 2701 208.0
2701 3725 208.0
3725 3213 207.0
3213 3725 207.0
3725 3597 203.0
3597 3725 203.0
3725 3717 206.0
3717 3725 206.0
3725 3721 202.0
3721 3725 202.0
3726 1678 107.0
1678 3726 107.0
3726 2702 101.0
2702 3726 101.0
3726 3214 106.0
3214 3726 106.0
3726 3598 105.0
3598 3726 105.0
3726 3718 206.0
3718 3726 206.0
3726 3722 101.0
3722 3726 101.0
3726 3725 207.0
3725 3726 207.0
3727 1679 107.0
1679 3727 107.0
3727 2703 101.0
2703 3727 101.0
3727 3215 205.0
3215 3727 205.0
3727 3599 105.0
3599 3727 105.0
3727 3719 107.0
3719 3727 107.0
3727 3723 106.0
3723 3727 106.0
3727 3725 205.0
3725 3727 205.0
3728 1680 101.0
1680 3728 101.0
3728 2704 103.0
2704 3728 103.0
3728 3216 102.0
3216 3728 102.0
3728 3600 106.0
3600 3728 106.0
3728 3720 110.0
3720 3728 110.0
3728 3724 106.0
3724 3728 106.0
3728 3726 102.0
3726 3728 102.0
3728 3727 104.0
3727 3728 104.0
3729 1681 303.0
1681 3729 303.0
3729 2705 203.0
2705 3729 203.0
3729 3217 202.0
3217 3729 202.0
3729 3601 204.0
3601 3729 204.0
3729 3713 202.0
3713 3729 202.0
3730 1682 107.0
1682 3730 107.0
3730 2706 108.0
2706 3730 108.0
3730 3218 104.0
3218 3730 104.0
3730 3602 104.0
3602 3730 104.0
3730 3714 104.0
3714 3730 104.0
3730 3729 201.0
3729 3730 201.0
3731 1683 106.0
1683 3731 106.0
3731 2707 110.0
2707 3731 110.0
3731 3219 102.0
3219 3731 102.0
3731 3603 103.0
3603 3731 103.0
3731 3715 108.0
3715 3731 108.0
3731 3729 208.0
3729 3731 208.0
3732 1684 101.0
1684 3732 101.0
3732 2708 106.0
2708 3732 106.0
3732 3220 103.0
3220 3732 103.0
3732 3604 108.0
3604 3732 108.0
3732 3716 107.0
3716 3732 107.0
3732 3730 105.0
3730 3732 105.0
3732 3731 102.0
3731 3732 102.0
3733 1685 105.0
1685 3733 105.0
3733 2709 105.0
2709 3733 105.0
3733 3221 105.0
3221 3733 105.0
3733 3605 108.0
3605 3733 108.0
3733 3717 109.0
3717 3733 109.0
3733 3729 202.0
3729 3733 202.0
3734 1686 102.0
1686 3734 102.0
3734 2710 106.0
2710 3734 106.0
3734 3222 106.0
3222 3734 106.0
3734 3606 102.0
3606 3734 102.0
3734 3718 203.0
3718 3734 203.0
3734 3730 104.0
3730 3734 104.0
3734 3733 101.0
3733 3734 101.0
3735 1687 104.0
1687 3735 104.0
3735 2711 205.0
2711 3735 205.0
3735 3223 104.0
3223 3735 104.0
3735 3607 209.0
3607 3735 209.0
3735 3719 101.0
3719 3735 101.0
3735 3731 104.0
3731 3735 104.0
3735 3733 107.0
3733 3735 107.0
3736 1688 103.0
1688 3736 103.0
3736 2712 108.0
2712 3736 108.0
3736 3224 206.0
3224 3736 206.0
3736 3608 104.0
3608 3736 104.0
3736 3720 107.0
3720 3736 107.0
3736 3732 108.0
3732 3736 108.0
3736 3734 106.0
3734 3736 106.0
3736 3735 104.0
3735 3736 104.0
3737 1689 102.0
1689 3737 102.0
3737 2713 109.0
2713 3737 109.0
3737 3225 102.0
3225 3737 102.0
3737 3609 101.0
3609 3737 101.0
3737 3721 101.0
3721 3737 101.0
3737 3729 208.0
3729 3737 208.0
3738 1690 205.0
1690 3738 205.0
3738 2714 202.0
2714 3738 202.0
3738 3226 204.0
3226 3738 204.0
3738 3610 205.0
3610 3738 205.0
3738 3722 202.0
3722 3738 202.0
3738 3730 208.0
3730 3738 208.0
3738 3737 205.0
3737 3738 205.0
3739 1691 101.0
1691 3739 101.0
3739 2715 105.0
2715 3739 105.0
3739 3227 107.0
3227 3739 107.0
3739 3611 109.0
3611 3739 109.0
3739 3723 102.0
3723 3739 102.0
3739 3731 105.0
3731 3739 105.0
3739 3737 105.0
3737 3739 105.0
3740 1692 106.0
1692 3740 106.0
3740 2716 104.0
2716 3740 104.0
3740 3228 101.0
3228 3740 101.0
3740 3612 206.0
3612 3740 206.0
3740 3724 101.0
3724 3740 101.0
3740 3732 104.0
3732 3740 104.0
3740 3738 205.0
3738 3740 205.0
3740 3739 107.0
3739 3740 107.0
3741 1693 102.0
1693 3741 102.0
3741 2717 109.0
2717 3741 109.0
3741 3229 108.0
3229 3741 108.0
3741 3613 108.0
3613 3741 108.0
3741 3725 202.0
3725 3741 202.0
3741 3733 106.0
3733 3741 106.0
3741 3737 109.0
3737 3741 109.0
3742 1694 110.0
1694 3742 110.0
3742 2718 103.0
2718 3742 103.0
3742 3230 105.0
3230 3742 105.0
3742 3614 103.0
3614 3742 103.0
3742 3726 108.0
3726 3742 108.0
3742 3734 106.0
3734 3742 106.0
3742 3738 208.0
3738 3742 208.0
3742 3741 109.0
3741 3742 109.0
3743 1695 205.0
1695 3743 205.0
3743 2719 105.0
2719 3743 105.0
3743 3231 106.0
3231 3743 106.0
3743 3615 110.0
3615 3743 110.0
3743 3727 104.0
3727 3743 104.0
3743 3735 106.0
3735 3743 106.0
3743 3739 103.0
3739 3743 103.0
3743 3741 106.0
3741 3743 106.0
3744 1696 102.0
1696 3744 102.0
3744 2720 108.0
2720 3744 108.0
3744 3232 203.0
3232 3744 203.0
3744 3616 105.0
3616 3744 105.0
3744 3728 101.0
3728 3744 101.0
3744 3736 103.0
3736 3744 103.0
3744 3740 102.0
3740 3744 102.0
3744 3742 101.0
3742 3744 101.0
3744 3743 110.0
3743 3744 110.0
3745 1697 104.0
1697 3745 104.0
3745 2721 106.0
2721 3745 106.0
3745 3233 103.0
3233 3745 103.0
3745 3617 106.0
3617 3745 106.0
3745 3713 107.0
3713 3745 107.0
3746 1698 105.0
1698 3746 105.0
3746 2722 107.0
2722 3746 107.0
3746 3234 109.0
3234 3746 109.0
3746 3618 107.0
3618 3746 107.0
3746 3714 105.0
3714 3746 105.0
3746 3745 110.0
3745 3746 110.0
3747 1699 103.0
1699 3747 103.0
3747 2723 108.0
2723 3747 108.0
3747 3235 103.0
3235 3747 103.0
3747 3619 108.0
3619 3747 108.0
3747 3715 106.0
3715 3747 106.0
3747 3745 104.0
3745 3747 104.0
3748 1700 206.0
1700 3748 206.0
3748 2724 203.0
2724 3748 203.0
3748 3236 310.0
3236 3748 310.0
3748 3620 208.0
3620 3748 208.0
3748 3716 202.0
3716 3748 202.0
3748 3746 208.0
3746 3748 208.0
3748 3747 203.0
3747 3748 203.0
3749 1701 102.0
1701 3749 102.0
3749 2725 105.0
2725 3749 105.0
3749 3237 201.0
3237 3749 201.0
3749 3621 101.0
3621 3749 101.0
3749 3717 110.0
3717 3749 110.0
3749 3745 110.0
3745 3749 110.0
3750 1702 209.0
1702 3750 209.0
3750 2726 205.0
2726 3750 205.0
3750 3238 207.0
3238 3750 207.0
3750 3622 206.0
3622 3750 206.0
3750 3718 304.0
3718 3750 304.0
3750 3746 201.0
3746 3750 201.0
3750 3749 202.0
3749 3750 202.0
3751 1703 103.0
1703 3751 103.0
3751 2727 109.0
2727 3751 109.0
3751 3239 106.0
3239 3751 106.0
3751 3623 104.0
3623 3751 104.0
3751 3719 110.0
3719 3751 110.0
3751 3747 101.0
3747 3751 101.0
3751 3749 101.0
3749 3751 101.0
3752 1704 101.0
1704 3752 101.0
3752 2728 107.0
2728 3752 107.0
3752 3240 108.0
3240 3752 108.0
3752 3624 103.0
3624 3752 103.0
3752 3720 103.0
3720 3752 103.0
3752 3748 206.0
3748 3752 206.0
3752 3750 208.0
3750 3752 208.0
3752 3751 105.0
3751 3752 105.0
3753 1705 102.0
1705 3753 102.0
3753 2729 207.0
2729 3753 207.0
3753 3241 109.0
3241 3753 109.0
3753 3625 108.0
3625 3753 108.0
3753 3721 108.0
3721 3753 108.0
3753 3745 102.0
3745 3753 102.0
3754 1706 203.0
1706 3754 203.0
3754 2730 107.0
2730 3754 107.0
3754 3242 103.0
3242 3754 103.0
3754 3626 107.0
3626 3754 107.0
3754 3722 107.0
3722 3754 107.0
3754 3746 101.0
3746 3754 101.0
3754 3753 107.0
3753 3754 107.0
3755 1707 101.0
1707 3755 101.0
3755 2731 104.0
2731 3755 104.0
3755 3243 107.0
3243 3755 107.0
3755 3627 107.0
3627 3755 107.0
3755 3723 102.0
3723 3755 102.0
3755 3747 102.0
3747 3755 102.0
3755 3753 103.0
3753 3755 103.0
3756 1708 106.0
1708 3756 106.0
3756 2732 110.0
2732 3756 110.0
3756 3244 110.0
3244 3756 110.0
3756 3628 109.0
3628 3756 109.0
3756 3724 103.0
3724 3756 103.0
3756 3748 209.0
3748 3756 209.0
3756 3754 102.0
3754 3756 102.0
3756 3755 109.0
3755 3756 109.0
3757 1709 105.0
1709 3757 105.0
3757 2733 104.0
2733 3757 104.0
3757 3245 110.0
3245 3757 110.0
3757 3629 106.0
3629 3757 106.0
3757 3725 206.0
3725 3757 206.0
3757 3749 105.0
3749 3757 105.0
3757 3753 108.0
3753 3757 108.0
3758 1710 103.0
1710 3758 103.0
3758 2734 107.0
2734 3758 107.0
3758 3246 108.0
3246 3758 108.0
3758 3630 104.0
3630 3758 104.0
3758 3726 103.0
3726 3758 103.0
3758 3750 206.0
3750 3758 206.0
3758 3754 106.0
3754 3758 106.0
3758 3757 107.0
3757 3758 107.0
3759 1711 107.0
1711 3759 107.0
3759 2735 109.0
2735 3759 109.0
3759 3247 106.0
3247 3759 106.0
3759 3631 202.0
3631 3759 202.0
3759 3727 110.0
3727 3759 110.0
3759 3751 102.0
3751 3759 102.0
3759 3755 104.0
3755 3759 104.0
3759 3757 102.0
3757 3759 102.0
3760 1712 102.0
1712 3760 102.0
3760 2736 204.0
2736 3760 204.0
3760 3248 106.0
3248 3760 106.0
3760 3632 104.0
3632 3760 104.0
3760 3728 103.0
3728 3760 103.0
3760 3752 104.0
3752 3760 104.0
3760 3756 102.0
3756 3760 102.0
3760 3758 103.0
3758 3760 103.0
3760 3759 107.0
3759 3760 107.0
3761 1713 106.0
1713 3761 106.0
3761 2737 109.0
2737 3761 109.0
3761 3249 104.0
3249 3761 104.0
3761 3633 101.0
3633 3761 101.0
3761 3729 209.0
3729 3761 209.0
3761 3745 103.0
3745 3761 103.0
3762 1714 107.0
1714 3762 107.0
3762 2738 208.0
2738 3762 208.0
3762 3250 104.0
3250 3762 104.0
3762 3634 102.0
3634 3762 102.0
3762 3730 104.0
3730 3762 104.0
3762 3746 106.0
3746 3762 106.0
3762 3761 107.0
3761 3762 107.0
3763 1715 101.0
1715 3763 101.0
3763 2739 110.0
2739 3763 110.0
3763 3251 101.0
3251 3763 101.0
3763 3635 103.0
3635 3763 103.0
3763 3731 109.0
3731 3763 109.0
3763 3747 110.0
3747 3763 110.0
3763 3761 102.0
3761 3763 102.0
3764 1716 208.0
1716 3764 208.0
3764 2740 104.0
2740 3764 104.0
3764 3252 106.0
3252 3764 106.0
3764 3636 102.0
3636 3764 102.0
3764 3732 109.0
3732 3764 109.0
3764 3748 203.0
3748 3764 203.0
3764 3762 107.0
3762 3764 107.0
3764 3763 101.0
3763 3764 101.0
3765 1717 201.0
1717 3765 201.0
3765 2741 108.0
2741 3765 108.0
3765 3253 106.0
3253 3765 106.0
3765 3637 208.0
3637 3765 208.0
3765 3733 103.0
3733 3765 103.0
3765 3749 106.0
3749 3765 106.0
3765 3761 109.0
3761 3765 109.0
3766 1718 106.0
1718 3766 106.0
3766 2742 101.0
2742 3766 101.0
3766 3254 108.0
3254 3766 108.0
3766 3638 107.0
3638 3766 107.0
3766 3734 103.0
3734 3766 103.0
3766 3750 202.0
3750 3766 202.0
3766 3762 109.0
3762 3766 109.0
3766 3765 110.0
3765 3766 110.0
3767 1719 104.0
1719 3767 104.0
3767 2743 208.0
2743 3767 208.0
3767 3255 104.0
3255 3767 104.0
3767 3639 103.0
3639 3767 103.0
3767 3735 101.0
3735 3767 101.0
3767 3751 107.0
3751 3767 107.0
3767 3763 108.0
3763 3767 108.0
3767 3765 105.0
3765 3767 105.0
3768 1720 107.0
1720 3768 107.0
3768 2744 110.0
2744 3768 110.0
3768 3256 109.0
3256 3768 109.0
3768 3640 107.0
3640 3768 107.0
3768 3736 101.0
3736 3768 101.0
3768 3752 109.0
3752 3768 109.0
3768 3764 109.0
3764 3768 109.0
3768 3766 102.0
3766 3768 102.0
3768 3767 102.0
3767 3768 102.0
3769 1721 107.0
1721 3769 107.0
3769 2745 110.0
2745 3769 110.0
3769 3257 206.0
3257 3769 206.0
3769 3641 102.0
3641 3769 102.0
3769 3737 108.0
3737 3769 108.0
3769 3753 102.0
3753 3769 102.0
3769 3761 109.0
3761 3769 109.0
3770 1722 108.0
1722 3770 108.0
3770 2746 106.0
2746 3770 106.0
3770 3258 102.0
3258 3770 102.0
3770 3642 105.0
3642 3770 105.0
3770 3738 205.0
3738 3770 205.0
3770 3754 102.0
3754 3770 102.0
3770 3762 103.0
3762 3770 103.0
3770 3769 103.0
3769 3770 103.0
3771 1723 201.0
1723 3771 201.0
3771 2747 206.0
2747 3771 206.0
3771 3259 210.0
3259 3771 210.0
3771 3643 202.0
3643 3771 202.0
3771 3739 210.0
3739 3771 210.0
3771 3755 205.0
3755 3771 205.0
3771 3763 207.0
3763 3771 207.0
3771 3769 202.0
3769 3771 202.0
3772 1724 208.0
1724 3772 208.0
3772 2748 209.0
2748 3772 209.0
3772 3260 204.0
3260 3772 204.0
3772 3644 309.0
3644 3772 309.0
3772 3740 202.0
3740 3772 202.0
3772 3756 206.0
3756 3772 206.0
3772 3764 209.0
3764 3772 209.0
3772 3770 203.0
3770 3772 203.0
3772 3771 302.0
3771 3772 302.0
3773 1725 105.0
1725 3773 105.0
3773 2749 103.0
2749 3773 103.0
3773 3261 109.0
3261 3773 109.0
3773 3645 105.0
3645 3773 105.0
3773 3741 102.0
3741 3773 102.0
3773 3757 104.0
3757 3773 104.0
3773 3765 104.0
3765 3773 104.0
3773 3769 110.0
3769 3773 110.0
3774 1726 104.0
1726 3774 104.0
3774 2750 104.0
2750 3774 104.0
3774 3262 110.0
3262 3774 110.0
3774 3646 110.0
3646 3774 110.0
3774 3742 103.0
3742 3774 103.0
3774 3758 108.0
3758 3774 108.0
3774 3766 105.0
3766 3774 105.0
3774 3770 109.0
3770 3774 109.0
3774 3773 108.0
3773 3774 108.0
3775 1727 104.0
1727 3775 104.0
3775 2751 105.0
2751 3775 105.0
3775 3263 102.0
3263 3775 102.0
3775 3647 103.0
3647 3775 103.0
3775 3743 110.0
3743 3775 110.0
3775 3759 103.0
3759 3775 103.0
3775 3767 110.0
3767 3775 110.0
3775 3771 206.0
3771 3775 206.0
3775 3773 105.0
3773 3775 105.0
3776 1728 205.0
1728 3776 205.0
3776 2752 210.0
2752 3776 210.0
3776 3264 207.0
3264 3776 207.0
3776 3648 204.0
3648 3776 204.0
3776 3744 206.0
3744 3776 206.0
3776 3760 206.0
3760 3776 206.0
3776 3768 203.0
3768 3776 203.0
3776 3772 309.0
3772 3776 309.0
3776 3774 202.0
3774 3776 202.0
3776 3775 205.0
3775 3776 205.0
3777 1729 108.0
1729 3777 108.0
3777 2753 105.0
2753 3777 105.0
3777 3265 209.0
3265 3777 209.0
3777 3649 101.0
3649 3777 101.0
3777 3713 101.0
3713 3777 101.0
3778 1730 208.0
1730 3778 208.0
3778 2754 210.0
2754 3778 210.0
3778 3266 203.0
3266 3778 203.0
3778 3650 203.0
3650 3778 203.0
3778 3714 203.0
3714 3778 203.0
3778 3777 206.0
3777 3778 206.0
3779 1731 108.0
1731 3779 108.0
3779 2755 109.0
2755 3779 109.0
3779 3267 109.0
3267 3779 109.0
3779 3651 201.0
3651 3779 201.0
3779 3715 108.0
3715 3779 108.0
3779 3777 107.0
3777 3779 107.0
3780 1732 205.0
1732 3780 205.0
3780 2756 107.0
2756 3780 107.0
3780 3268 105.0
3268 3780 105.0
3780 3652 103.0
3652 3780 103.0
3780 3716 102.0
3716 3780 102.0
3780 3778 206.0
3778 3780 206.0
3780 3779 110.0
3779 3780 110.0
3781 1733 109.0
1733 3781 109.0
3781 2757 210.0
2757 3781 210.0
3781 3269 102.0
3269 3781 102.0
3781 3653 105.0
3653 3781 105.0
3781 3717 105.0
3717 3781 105.0
3781 3777 102.0
3777 3781 102.0
3782 1734 204.0
1734 3782 204.0
3782 2758 110.0
2758 3782 110.0
3782 3270 209.0
3270 3782 209.0
3782 3654 102.0
3654 3782 102.0
3782 3718 208.0
3718 3782 208.0
3782 3778 201.0
3778 3782 201.0
3782 3781 105.0
3781 3782 105.0
3783 1735 106.0
1735 3783 106.0
3783 2759 106.0
2759 3783 106.0
3783 3271 105.0
3271 3783 105.0
3783 3655 103.0
3655 3783 103.0
3783 3719 102.0
3719 3783 102.0
3783 3779 107.0
3779 3783 107.0
3783 3781 107.0
3781 3783 107.0
3784 1736 110.0
1736 3784 110.0
3784 2760 205.0
2760 3784 205.0
3784 3272 110.0
3272 3784 110.0
3784 3656 106.0
3656 3784 106.0
3784 3720 101.0
3720 3784 101.0
3784 3780 110.0
3780 3784 110.0
3784 3782 102.0
3782 3784 102.0
3784 3783 109.0
3783 3784 109.0
3785 1737 110.0
1737 3785 110.0
3785 2761 105.0
2761 3785 105.0
3785 3273 110.0
3273 3785 110.0
3785 3657 210.0
3657 3785 210.0
3785 3721 101.0
3721 3785 101.0
3785 3777 110.0
3777 3785 110.0
3786 1738 107.0
1738 3786 107.0
3786 2762 104.0
2762 3786 104.0
3786 3274 101.0
3274 3786 101.0
3786 3658 102.0
3658 3786 102.0
3786 3722 105.0
3722 3786 105.0
3786 3778 207.0
3778 3786 207.0
3786 3785 103.0
3785 3786 103.0
3787 1739 108.0
1739 3787 108.0
3787 2763 201.0
2763 3787 201.0
3787 3275 104.0
3275 3787 104.0
3787 3659 104.0
3659 3787 104.0
3787 3723 105.0
3723 3787 105.0
3787 3779 105.0
3779 3787 105.0
3787 3785 108.0
3785 3787 108.0
3788 1740 103.0
1740 3788 103.0
3788 2764 104.0
2764 3788 104.0
3788 3276 106.0
3276 3788 106.0
3788 3660 104.0
3660 3788 104.0
3788 3724 110.0
3724 3788 110.0
3788 3780 108.0
3780 3788 108.0
3788 3786 104.0
3786 3788 104.0
3788 3787 106.0
3787 3788 106.0
3789 1741 108.0
1741 3789 108.0
3789 2765 105.0
2765 3789 105.0
3789 3277 101.0
3277 3789 101.0
3789 3661 109.0
3661 3789 109.0
3789 3725 203.0
3725 3789 203.0
3789 3781 103.0
3781 3789 103.0
3789 3785 103.0
3785 3789 103.0
3790 1742 103.0
1742 3790 103.0
3790 2766 104.0
2766 3790 104.0
3790 3278 109.0
3278 3790 109.0
3790 3662 103.0
3662 3790 103.0
3790 3726 109.0
3726 3790 109.0
3790 3782 110.0
3782 3790 110.0
3790 3786 102.0
3786 3790 102.0
3790 3789 103.0
3789 3790 103.0
3791 1743 102.0
1743 3791 102.0
3791 2767 206.0
2767 3791 206.0
3791 3279 110.0
3279 3791 110.0
3791 3663 101.0
3663 3791 101.0
3791 3727 106.0
3727 3791 106.0
3791 3783 103.0
3783 3791 103.0
3791 3787 103.0
3787 3791 103.0
3791 3789 102.0
3789 3791 102.0
3792 1744 207.0
1744 3792 207.0
3792 2768 202.0
2768 3792 202.0
3792 3280 210.0
3280 3792 210.0
3792 3664 203.0
3664 3792 203.0
3792 3728 207.0
3728 3792 207.0
3792 3784 202.0
3784 3792 202.0
3792 3788 203.0
3788 3792 203.0
3792 3790 207.0
3790 3792 207.0
3792 3791 202.0
3791 3792 202.0
3793 1745 208.0
1745 3793 208.0
3793 2769 102.0
2769 3793 102.0
3793 3281 105.0
3281 3793 105.0
3793 3665 104.0
3665 3793 104.0
3793 3729 203.0
3729 3793 203.0
3793 3777 109.0
3777 3793 109.0
3794 1746 107.0
1746 3794 107.0
3794 2770 103.0
2770 3794 103.0
3794 3282 107.0
3282 3794 107.0
3794 3666 102.0
3666 3794 102.0
3794 3730 102.0
3730 3794 102.0
3794 3778 206.0
3778 3794 206.0
3794 3793 101.0
3793 3794 101.0
3795 1747 104.0
1747 3795 104.0
3795 2771 103.0
2771 3795 103.0
3795 3283 108.0
3283 3795 108.0
3795 3667 106.0
3667 3795 106.0
3795 3731 109.0
3731 3795 109.0
3795 3779 108.0
3779 3795 108.0
3795 3793 110.0
3793 3795 110.0
3796 1748 201.0
1748 3796 201.0
3796 2772 206.0
2772 3796 206.0
3796 3284 202.0
3284 3796 202.0
3796 3668 208.0
3668 3796 208.0
3796 3732 203.0
3732 3796 203.0
3796 3780 204.0
3780 3796 204.0
3796 3794 207.0
3794 3796 207.0
3796 3795 206.0
3795 3796 206.0
3797 1749 102.0
1749 3797 102.0
3797 2773 109.0
2773 3797 109.0
3797 3285 103.0
3285 3797 103.0
3797 3669 106.0
3669 3797 106.0
3797 3733 102.0
3733 3797 102.0
3797 3781 106.0
3781 3797 106.0
3797 3793 101.0
3793 3797 101.0
3798 1750 108.0
1750 3798 108.0
3798 2774 102.0
2774 3798 102.0
3798 3286 106.0
3286 3798 106.0
3798 3670 201.0
3670 3798 201.0
3798 3734 104.0
3734 3798 104.0
3798 3782 103.0
3782 3798 103.0
3798 3794 101.0
3794 3798 101.0
3798 3797 106.0
3797 3798 106.0
3799 1751 102.0
1751 3799 102.0
3799 2775 104.0
2775 3799 104.0
3799 3287 210.0
3287 3799 210.0
3799 3671 106.0
3671 3799 106.0
3799 3735 109.0
3735 3799 109.0
3799 3783 110.0
3783 3799 110.0
3799 3795 110.0
3795 3799 110.0
3799 3797 110.0
3797 3799 110.0
3800 1752 210.0
1752 3800 210.0
3800 2776 103.0
2776 3800 103.0
3800 3288 103.0
3288 3800 103.0
3800 3672 107.0
3672 3800 107.0
3800 3736 107.0
3736 3800 107.0
3800 3784 102.0
3784 3800 102.0
3800 3796 207.0
3796 3800 207.0
3800 3798 106.0
3798 3800 106.0
3800 3799 101.0
3799 3800 101.0
3801 1753 204.0
1753 3801 204.0
3801 2777 203.0
2777 3801 203.0
3801 3289 107.0
3289 3801 107.0
3801 3673 106.0
3673 3801 106.0
3801 3737 101.0
3737 3801 101.0
3801 3785 107.0
3785 3801 107.0
3801 3793 107.0
3793 3801 107.0
3802 1754 104.0
1754 3802 104.0
3802 2778 109.0
2778 3802 109.0
3802 3290 104.0
3290 3802 104.0
3802 3674 106.0
3674 3802 106.0
3802 3738 208.0
3738 3802 208.0
3802 3786 108.0
3786 3802 108.0
3802 3794 107.0
3794 3802 107.0
3802 3801 103.0
3801 3802 103.0
3803 1755 203.0
1755 3803 203.0
3803 2779 107.0
2779 3803 107.0
3803 3291 110.0
3291 3803 110.0
3803 3675 104.0
3675 3803 104.0
3803 3739 107.0
3739 3803 107.0
3803 3787 103.0
3787 3803 103.0
3803 3795 110.0
3795 3803 110.0
3803 3801 103.0
3801 3803 103.0
3804 1756 101.0
1756 3804 101.0
3804 2780 107.0
2780 3804 107.0
3804 3292 104.0
3292 3804 104.0
3804 3676 107.0
3676 3804 107.0
3804 3740 106.0
3740 3804 106.0
3804 3788 101.0
3788 3804 101.0
3804 3796 203.0
3796 3804 203.0
3804 3802 109.0
3802 3804 109.0
3804 3803 106.0
3803 3804 106.0
3805 1757 110.0
1757 3805 110.0
3805 2781 102.0
2781 3805 102.0
3805 3293 209.0
3293 3805 209.0
3805 3677 102.0
3677 3805 102.0
3805 3741 109.0
3741 3805 109.0
3805 3789 101.0
3789 3805 101.0
3805 3797 105.0
3797 3805 105.0
3805 3801 101.0
3801 3805 101.0
3806 1758 108.0
1758 3806 108.0
3806 2782 105.0
2782 3806 105.0
3806 3294 108.0
3294 3806 108.0
3806 3678 210.0
3678 3806 210.0
3806 3742 102.0
3742 3806 102.0
3806 3790 109.0
3790 3806 109.0
3806 3798 107.0
3798 3806 107.0
3806 3802 103.0
3802 3806 103.0
3806 3805 104.0
3805 3806 104.0
3807 1759 109.0
1759 3807 109.0
3807 2783 104.0
2783 3807 104.0
3807 3295 108.0
3295 3807 108.0
3807 3679 208.0
3679 3807 208.0
3807 3743 103.0
3743 3807 103.0
3807 3791 102.0
3791 3807 102.0
3807 3799 109.0
3799 3807 109.0
3807 3803 107.0
3803 3807 107.0
3807 3805 102.0
3805 3807 102.0
3808 1760 107.0
1760 3808 107.0
3808 2784 205.0
2784 3808 205.0
3808 3296 105.0
3296 3808 105.0
3808 3680 110.0
3680 3808 110.0
3808 3744 109.0
3744 3808 109.0
3808 3792 207.0
3792 3808 207.0
3808 3800 103.0
3800 3808 103.0
3808 3804 104.0
3804 3808 104.0
3808 3806 102.0
3806 3808 102.0
3808 3807 102.0
3807 3808 102.0
3809 1761 207.0
1761 3809 207.0
3809 2785 208.0
2785 3809 208.0
3809 3297 210.0
3297 3809 210.0
3809 3681 201.0
3681 3809 201.0
3809 3745 205.0
3745 3809 205.0
3809 3777 202.0
3777 3809 202.0
3810 1762 101.0
1762 3810 101.0
3810 2786 102.0
2786 3810 102.0
3810 3298 106.0
3298 3810 106.0
3810 3682 104.0
3682 3810 104.0
3810 3746 107.0
3746 3810 107.0
3810 3778 201.0
3778 3810 201.0
3810 3809 208.0
3809 3810 208.0
3811 1763 108.0
1763 3811 108.0
3811 2787 107.0
2787 3811 107.0
3811 3299 103.0
3299 3811 103.0
3811 3683 101.0
3683 3811 101.0
3811 3747 110.0
3747 3811 110.0
3811 3779 105.0
3779 3811 105.0
3811 3809 202.0
3809 3811 202.0
3812 1764 101.0
1764 3812 101.0
3812 2788 209.0
2788 3812 209.0
3812 3300 104.0
3300 3812 104.0
3812 3684 210.0
3684 3812 210.0
3812 3748 201.0
3748 3812 201.0
3812 3780 108.0
3780 3812 108.0
3812 3810 103.0
3810 3812 103.0
3812 3811 104.0
3811 3812 104.0
3813 1765 102.0
1765 3813 102.0
3813 2789 109.0
2789 3813 109.0
3813 3301 108.0
3301 3813 108.0
3813 3685 105.0
3685 3813 105.0
3813 3749 110.0
3749 3813 110.0
3813 3781 109.0
3781 3813 109.0
3813 3809 203.0
3809 3813 203.0
3814 1766 108.0
1766 3814 108.0
3814 2790 101.0
2790 3814 101.0
3814 3302 108.0
3302 3814 108.0
3814 3686 108.0
3686 3814 108.0
3814 3750 210.0
3750 3814 210.0
3814 3782 110.0
3782 3814 110.0
3814 3810 101.0
3810 3814 101.0
3814 3813 107.0
3813 3814 107.0
3815 1767 201.0
1767 3815 201.0
3815 2791 209.0
2791 3815 209.0
3815 3303 209.0
3303 3815 209.0
3815 3687 307.0
3687 3815 307.0
3815 3751 210.0
3751 3815 210.0
3815 3783 206.0
3783 3815 206.0
3815 3811 205.0
3811 3815 205.0
3815 3813 203.0
3813 3815 203.0
3816 1768 106.0
1768 3816 106.0
3816 2792 108.0
2792 3816 108.0
3816 3304 101.0
3304 3816 101.0
3816 3688 207.0
3688 3816 207.0
3816 3752 104.0
3752 3816 104.0
3816 3784 101.0
3784 3816 101.0
3816 3812 105.0
3812 3816 105.0
3816 3814 110.0
3814 3816 110.0
3816 3815 205.0
3815 3816 205.0
3817 1769 109.0
1769 3817 109.0
3817 2793 110.0
2793 3817 110.0
3817 3305 106.0
3305 3817 106.0
3817 3689 203.0
3689 3817 203.0
3817 3753 108.0
3753 3817 108.0
3817 3785 102.0
3785 3817 102.0
3817 3809 206.0
3809 3817 206.0
3818 1770 204.0
1770 3818 204.0
3818 2794 108.0
2794 3818 108.0
3818 3306 108.0
3306 3818 108.0
3818 3690 110.0
3690 3818 110.0
3818 3754 107.0
3754 3818 107.0
3818 3786 106.0
3786 3818 106.0
3818 3810 102.0
3810 3818 102.0
3818 3817 103.0
3817 3818 103.0
3819 1771 103.0
1771 3819 103.0
3819 2795 103.0
2795 3819 103.0
3819 3307 202.0
3307 3819 202.0
3819 3691 102.0
3691 3819 102.0
3819 3755 101.0
3755 3819 101.0
3819 3787 109.0
3787 3819 109.0
3819 3811 106.0
3811 3819 106.0
3819 3817 101.0
3817 3819 101.0
3820 1772 106.0
1772 3820 106.0
3820 2796 107.0
2796 3820 107.0
3820 3308 103.0
3308 3820 103.0
3820 3692 104.0
3692 3820 104.0
3820 3756 110.0
3756 3820 110.0
3820 3788 107.0
3788 3820 107.0
3820 3812 106.0
3812 3820 106.0
3820 3818 106.0
3818 3820 106.0
3820 3819 102.0
3819 3820 102.0
3821 1773 106.0
1773 3821 106.0
3821 2797 101.0
2797 3821 101.0
3821 3309 107.0
3309 3821 107.0
3821 3693 103.0
3693 3821 103.0
3821 3757 110.0
3757 3821 110.0
3821 3789 103.0
3789 3821 103.0
3821 3813 107.0
3813 3821 107.0
3821 3817 101.0
3817 3821 101.0
3822 1774 109.0
1774 3822 109.0
3822 2798 102.0
2798 3822 102.0
3822 3310 207.0
3310 3822 207.0
3822 3694 106.0
3694 3822 106.0
3822 3758 110.0
3758 3822 110.0
3822 3790 105.0
3790 3822 105.0
3822 3814 103.0
3814 3822 103.0
3822 3818 107.0
3818 3822 107.0
3822 3821 110.0
3821 3822 110.0
3823 1775 207.0
1775 3823 207.0
3823 2799 103.0
2799 3823 103.0
3823 3311 103.0
3311 3823 103.0
3823 3695 104.0
3695 3823 104.0
3823 3759 102.0
3759 3823 102.0
3823 3791 110.0
3791 3823 110.0
3823 3815 201.0
3815 3823 201.0
3823 3819 104.0
3819 3823 104.0
3823 3821 108.0
3821 3823 108.0
3824 1776 105.0
1776 3824 105.0
3824 2800 101.0
2800 3824 101.0
3824 3312 110.0
3312 3824 110.0
3824 3696 101.0
3696 3824 101.0
3824 3760 106.0
3760 3824 106.0
3824 3792 204.0
3792 3824 204.0
3824 3816 104.0
3816 3824 104.0
3824 3820 107.0
3820 3824 107.0
3824 3822 104.0
3822 3824 104.0
3824 3823 102.0
3823 3824 102.0
3825 1777 103.0
1777 3825 103.0
3825 2801 101.0
2801 3825 101.0
3825 3313 110.0
3313 3825 110.0
3825 3697 101.0
3697 3825 101.0
3825 3761 101.0
3761 3825 101.0
3825 3793 105.0
3793 3825 105.0
3825 3809 201.0
3809 3825 201.0
3826 1778 104.0
1778 3826 104.0
3826 2802 102.0
2802 3826 102.0
3826 3314 210.0
3314 3826 210.0
3826 3698 208.0
3698 3826 208.0
3826 3762 103.0
3762 3826 103.0
3826 3794 105.0
3794 3826 105.0
3826 3810 103.0
3810 3826 103.0
3826 3825 104.0
3825 3826 104.0
3827 1779 205.0
1779 3827 205.0
3827 2803 109.0
2803 3827 109.0
3827 3315 110.0
3315 3827 110.0
3827 3699 102.0
3699 3827 102.0
3827 3763 109.0
3763 3827 109.0
3827 3795 101.0
3795 3827 101.0
3827 3811 102.0
3811 3827 102.0
3827 3825 109.0
3825 3827 109.0
3828 1780 102.0
1780 3828 102.0
3828 2804 101.0
2804 3828 101.0
3828 3316 105.0
3316 3828 105.0
3828 3700 107.0
3700 3828 107.0
3828 3764 104.0
3764 3828 104.0
3828 3796 204.0
3796 3828 204.0
3828 3812 107.0
3812 3828 107.0
3828 3826 110.0
3826 3828 110.0
3828 3827 108.0
3827 3828 108.0
3829 1781 107.0
1781 3829 107.0
3829 2805 101.0
2805 3829 101.0
3829 3317 106.0
3317 3829 106.0
3829 3701 110.0
3701 3829 110.0
3829 3765 107.0
3765 3829 107.0
3829 3797 110.0
3797 3829 110.0
3829 3813 101.0
3813 3829 101.0
3829 3825 102.0
3825 3829 102.0
3830 1782 104.0
1782 3830 104.0
3830 2806 201.0
2806 3830 201.0
3830 3318 106.0
3318 3830 106.0
3830 3702 108.0
3702 3830 108.0
3830 3766 109.0
3766 3830 109.0
3830 3798 110.0
3798 3830 110.0
3830 3814 105.0
3814 3830 105.0
3830 3826 108.0
3826 3830 108.0
3830 3829 108.0
3829 3830 108.0
3831 1783 108.0
1783 3831 108.0
3831 2807 102.0
2807 3831 102.0
3831 3319 108.0
3319 3831 108.0
3831 3703 103.0
3703 3831 103.0
3831 3767 107.0
3767 3831 107.0
3831 3799 102.0
3799 3831 102.0
3831 3815 209.0
3815 3831 209.0
3831 3827 110.0
3827 3831 110.0
3831 3829 105.0
3829 3831 105.0
3832 1784 105.0
1784 3832 105.0
3832 2808 104.0
2808 3832 104.0
3832 3320 101.0
3320 3832 101.0
3832 3704 102.0
3704 3832 102.0
3832 3768 103.0
3768 3832 103.0
3832 3800 104.0
3800 3832 104.0
3832 3816 106.0
3816 3832 106.0
3832 3828 102.0
3828 3832 102.0
3832 3830 103.0
3830 3832 103.0
3832 3831 102.0
3831 3832 102.0
3833 1785 109.0
1785 3833 109.0
3833 2809 108.0
2809 3833 108.0
3833 3321 103.0
3321 3833 103.0
3833 3705 103.0
3705 3833 103.0
3833 3769 101.0
3769 3833 101.0
3833 3801 102.0
3801 3833 102.0
3833 3817 110.0
3817 3833 110.0
3833 3825 104.0
3825 3833 104.0
3834 1786 110.0
1786 3834 110.0
3834 2810 109.0
2810 3834 109.0
3834 3322 103.0
3322 3834 103.0
3834 3706 103.0
3706 3834 103.0
3834 3770 105.0
3770 3834 105.0
3834 3802 109.0
3802 3834 109.0
3834 3818 105.0
3818 3834 105.0
3834 3826 106.0
3826 3834 106.0
3834 3833 103.0
3833 3834 103.0
3835 1787 105.0
1787 3835 105.0
3835 2811 103.0
2811 3835 103.0
3835 3323 106.0
3323 3835 106.0
3835 3707 105.0
3707 3835 105.0
3835 3771 208.0
3771 3835 208.0
3835 3803 108.0
3803 3835 108.0
3835 3819 104.0
3819 3835 104.0
3835 3827 108.0
3827 3835 108.0
3835 3833 103.0
3833 3835 103.0
3836 1788 102.0
1788 3836 102.0
3836 2812 110.0
2812 3836 110.0
3836 3324 109.0
3324 3836 109.0
3836 3708 109.0
3708 3836 109.0
3836 3772 204.0
3772 3836 204.0
3836 3804 108.0
3804 3836 108.0
3836 3820 109.0
3820 3836 109.0
3836 3828 110.0
3828 3836 110.0
3836 3834 105.0
3834 3836 105.0
3836 3835 110.0
3835 3836 110.0
3837 1789 203.0
1789 3837 203.0
3837 2813 202.0
2813 3837 202.0
3837 3325 209.0
3325 3837 209.0
3837 3709 210.0
3709 3837 210.0
3837 3773 206.0
3773 3837 206.0
3837 3805 204.0
3805 3837 204.0
3837 3821 208.0
3821 3837 208.0
3837 3829 208.0
3829 3837 208.0
3837 3833 210.0
3833 3837 210.0
3838 1790 202.0
1790 3838 202.0
3838 2814 107.0
2814 3838 107.0
3838 3326 102.0
3326 3838 102.0
3838 3710 101.0
3710 3838 101.0
3838 3774 108.0
3774 3838 108.0
3838 3806 107.0
3806 3838 107.0
3838 3822 110.0
3822 3838 110.0
3838 3830 107.0
3830 3838 107.0
3838 3834 102.0
3834 3838 102.0
3838 3837 210.0
3837 3838 210.0
3839 1791 102.0
1791 3839 102.0
3839 2815 107.0
2815 3839 107.0
3839 3327 107.0
3327 3839 107.0
3839 3711 107.0
3711 3839 107.0
3839 3775 102.0
3775 3839 102.0
3839 3807 104.0
3807 3839 104.0
3839 3823 104.0
3823 3839 104.0
3839 3831 108.0
3831 3839 108.0
3839 3835 108.0
3835 3839 108.0
3839 3837 204.0
3837 3839 204.0
3840 1792 107.0
1792 3840 107.0
3840 2816 109.0
2816 3840 109.0
3840 3328 107.0
3328 3840 107.0
3840 3712 104.0
3712 3840 104.0
3840 3776 202.0
3776 3840 202.0
3840 3808 101.0
3808 3840 101.0
3840 3824 104.0
3824 3840 104.0
3840 3832 109.0
3832 3840 109.0
3840 3836 101.0
3836 3840 101.0
3840 3838 107.0
3838 3840 107.0
3840 3839 108.0
3839 3840 108.0
3841 1793 106.0
1793 3841 106.0
3841 2817 104.0
2817 3841 104.0
3841 3329 109.0
3329 3841 109.0
3841 3585 206.0
3585 3841 206.0
3842 1794 105.0
1794 3842 105.0
3842 2818 110.0
2818 3842 110.0
3842 3330 105.0
3330 3842 105.0
3842 3586 106.0
3586 3842 106.0
3842 3841 110.0
3841 3842 110.0
3843 1795 102.0
1795 3843 102.0
3843 2819 106.0
2819 3843 106.0
3843 3331 101.0
3331 3843 101.0
3843 3587 103.0
3587 3843 103.0
3843 3841 109.0
3841 3843 109.0
3844 1796 101.0
1796 3844 101.0
3844 2820 107.0
2820 3844 107.0
3844 3332 108.0
3332 3844 108.0
3844 3588 106.0
3588 3844 106.0
3844 3842 109.0
3842 3844 109.0
3844 3843 110.0
3843 3844 110.0
3845 1797 210.0
1797 3845 210.0
3845 2821 109.0
2821 3845 109.0
3845 3333 104.0
3333 3845 104.0
3845 3589 101.0
3589 3845 101.0
3845 3841 106.0
3841 3845 106.0
3846 1798 106.0
1798 3846 106.0
3846 2822 202.0
2822 3846 202.0
3846 3334 110.0
3334 3846 110.0
3846 3590 104.0
3590 3846 104.0
3846 3842 107.0
3842 3846 107.0
3846 3845 108.0
3845 3846 108.0
3847 1799 106.0
1799 3847 106.0
3847 2823 110.0
2823 3847 110.0
3847 3335 107.0
3335 3847 107.0
3847 3591 103.0
3591 3847 103.0
3847 3843 103.0
3843 3847 103.0
3847 3845 107.0
3845 3847 107.0
3848 1800 210.0
1800 3848 210.0
3848 2824 206.0
2824 3848 206.0
3848 3336 209.0
3336 3848 209.0
3848 3592 201.0
3592 3848 201.0
3848 3844 201.0
3844 3848 201.0
3848 3846 210.0
3846 3848 210.0
3848 3847 205.0
3847 3848 205.0
3849 1801 102.0
1801 3849 102.0
3849 2825 203.0
2825 3849 203.0
3849 3337 105.0
3337 3849 105.0
3849 3593 102.0
3593 3849 102.0
3849 3841 108.0
3841 3849 108.0
3850 1802 103.0
1802 3850 103.0
3850 2826 101.0
2826 3850 101.0
3850 3338 102.0
3338 3850 102.0
3850 3594 107.0
3594 3850 107.0
3850 3842 109.0
3842 3850 109.0
3850 3849 103.0
3849 3850 103.0
3851 1803 105.0
1803 3851 105.0
3851 2827 108.0
2827 3851 108.0
3851 3339 109.0
3339 3851 109.0
3851 3595 101.0
3595 3851 101.0
3851 3843 109.0
3843 3851 109.0
3851 3849 102.0
3849 3851 102.0
3852 1804 209.0
1804 3852 209.0
3852 2828 105.0
2828 3852 105.0
3852 3340 108.0
3340 3852 108.0
3852 3596 203.0
3596 3852 203.0
3852 3844 105.0
3844 3852 105.0
3852 3850 101.0
3850 3852 101.0
3852 3851 105.0
3851 3852 105.0
3853 1805 210.0
1805 3853 210.0
3853 2829 106.0
2829 3853 106.0
3853 3341 107.0
3341 3853 107.0
3853 3597 104.0
3597 3853 104.0
3853 3845 102.0
3845 3853 102.0
3853 3849 109.0
3849 3853 109.0
3854 1806 106.0
1806 3854 106.0
3854 2830 109.0
2830 3854 109.0
3854 3342 203.0
3342 3854 203.0
3854 3598 110.0
3598 3854 110.0
3854 3846 103.0
3846 3854 103.0
3854 3850 110.0
3850 3854 110.0
3854 3853 109.0
3853 3854 109.0
3855 1807 109.0
1807 3855 109.0
3855 2831 210.0
2831 3855 210.0
3855 3343 104.0
3343 3855 104.0
3855 3599 104.0
3599 3855 104.0
3855 3847 106.0
3847 3855 106.0
3855 3851 110.0
3851 3855 110.0
3855 3853 101.0
3853 3855 101.0
3856 1808 101.0
1808 3856 101.0
3856 2832 106.0
2832 3856 106.0
3856 3344 210.0
3344 3856 210.0
3856 3600 101.0
3600 3856 101.0
3856 3848 209.0
3848 3856 209.0
3856 3852 103.0
3852 3856 103.0
3856 3854 101.0
3854 3856 101.0
3856 3855 109.0
3855 3856 109.0
3857 1809 105.0
1809 3857 105.0
3857 2833 107.0
2833 3857 107.0
3857 3345 103.0
3345 3857 103.0
3857 3601 105.0
3601 3857 105.0
3857 3841 107.0
3841 3857 107.0
3858 1810 209.0
1810 3858 209.0
3858 2834 107.0
2834 3858 107.0
3858 3346 206.0
3346 3858 206.0
3858 3602 110.0
3602 3858 110.0
3858 3842 110.0
3842 3858 110.0
3858 3857 103.0
3857 3858 103.0
3859 1811 203.0
1811 3859 203.0
3859 2835 208.0
2835 3859 208.0
3859 3347 208.0
3347 3859 208.0
3859 3603 202.0
3603 3859 202.0
3859 3843 206.0
3843 3859 206.0
3859 3857 208.0
3857 3859 208.0
3860 1812 105.0
1812 3860 105.0
3860 2836 103.0
2836 3860 103.0
3860 3348 209.0
3348 3860 209.0
3860 3604 108.0
3604 3860 108.0
3860 3844 105.0
3844 3860 105.0
3860 3858 105.0
3858 3860 105.0
3860 3859 202.0
3859 3860 202.0
3861 1813 101.0
1813 3861 101.0
3861 2837 104.0
2837 3861 104.0
3861 3349 207.0
3349 3861 207.0
3861 3605 106.0
3605 3861 106.0
3861 3845 103.0
3845 3861 103.0
3861 3857 106.0
3857 3861 106.0
3862 1814 109.0
1814 3862 109.0
3862 2838 205.0
2838 3862 205.0
3862 3350 103.0
3350 3862 103.0
3862 3606 107.0
3606 3862 107.0
3862 3846 110.0
3846 3862 110.0
3862 3858 106.0
3858 3862 106.0
3862 3861 103.0
3861 3862 103.0
3863 1815 103.0
1815 3863 103.0
3863 2839 101.0
2839 3863 101.0
3863 3351 110.0
3351 3863 110.0
3863 3607 208.0
3607 3863 208.0
3863 3847 107.0
3847 3863 107.0
3863 3859 207.0
3859 3863 207.0
3863 3861 109.0
3861 3863 109.0
3864 1816 105.0
1816 3864 105.0
3864 2840 102.0
2840 3864 102.0
3864 3352 106.0
3352 3864 106.0
3864 3608 104.0
3608 3864 104.0
3864 3848 205.0
3848 3864 205.0
3864 3860 107.0
3860 3864 107.0
3864 3862 103.0
3862 3864 103.0
3864 3863 103.0
3863 3864 103.0
3865 1817 203.0
1817 3865 203.0
3865 2841 206.0
2841 3865 206.0
3865 3353 203.0
3353 3865 203.0
3865 3609 204.0
3609 3865 204.0
3865 3849 205.0
3849 3865 205.0
3865 3857 206.0
3857 3865 206.0
3866 1818 107.0
1818 3866 107.0
3866 2842 110.0
2842 3866 110.0
3866 3354 109.0
3354 3866 109.0
3866 3610 103.0
3610 3866 103.0
3866 3850 109.0
3850 3866 109.0
3866 3858 104.0
3858 3866 104.0
3866 3865 203.0
3865 3866 203.0
3867 1819 203.0
1819 3867 203.0
3867 2843 207.0
2843 3867 207.0
3867 3355 205.0
3355 3867 205.0
3867 3611 208.0
3611 3867 208.0
3867 3851 204.0
3851 3867 204.0
3867 3859 307.0
3859 3867 307.0
3867 3865 304.0
3865 3867 304.0
3868 1820 105.0
1820 3868 105.0
3868 2844 109.0
2844 3868 109.0
3868 3356 101.0
3356 3868 101.0
3868 3612 210.0
3612 3868 210.0
3868 3852 107.0
3852 3868 107.0
3868 3860 103.0
3860 3868 103.0
3868 3866 104.0
3866 3868 104.0
3868 3867 207.0
3867 3868 207.0
3869 1821 205.0
1821 3869 205.0
3869 2845 107.0
2845 3869 107.0
3869 3357 103.0
3357 3869 103.0
3869 3613 104.0
3613 3869 104.0
3869 3853 102.0
3853 3869 102.0
3869 3861 104.0
3861 3869 104.0
3869 3865 207.0
3865 3869 207.0
3870 1822 108.0
1822 3870 108.0
3870 2846 102.0
2846 3870 102.0
3870 3358 108.0
3358 3870 108.0
3870 3614 104.0
3614 3870 104.0
3870 3854 109.0
3854 3870 109.0
3870 3862 102.0
3862 3870 102.0
3870 3866 108.0
3866 3870 108.0
3870 3869 103.0
3869 3870 103.0
3871 1823 109.0
1823 3871 109.0
3871 2847 109.0
2847 3871 109.0
3871 3359 102.0
3359 3871 102.0
3871 3615 108.0
3615 3871 108.0
3871 3855 101.0
3855 3871 101.0
3871 3863 101.0
3863 3871 101.0
3871 3867 202.0
3867 3871 202.0
3871 3869 103.0
3869 3871 103.0
3872 1824 109.0
1824 3872 109.0
3872 2848 104.0
2848 3872 104.0
3872 3360 103.0
3360 3872 103.0
3872 3616 102.0
3616 3872 102.0
3872 3856 108.0
3856 3872 108.0
3872 3864 103.0
3864 3872 103.0
3872 3868 108.0
3868 3872 108.0
3872 3870 108.0
3870 3872 108.0
3872 3871 108.0
3871 3872 108.0
3873 1825 110.0
1825 3873 110.0
3873 2849 104.0
2849 3873 104.0
3873 3361 106.0
3361 3873 106.0
3873 3617 108.0
3617 3873 108.0
3873 3841 105.0
3841 3873 105.0
3874 1826 209.0
1826 3874 209.0
3874 2850 205.0
2850 3874 205.0
3874 3362 205.0
3362 3874 205.0
3874 3618 202.0
3618 3874 202.0
3874 3842 205.0
3842 3874 205.0
3874 3873 210.0
3873 3874 210.0
3875 1827 202.0
1827 3875 202.0
3875 2851 110.0
2851 3875 110.0
3875 3363 101.0
3363 3875 101.0
3875 3619 104.0
3619 3875 104.0
3875 3843 104.0
3843 3875 104.0
3875 3873 106.0
3873 3875 106.0
3876 1828 104.0
1828 3876 104.0
3876 2852 102.0
2852 3876 102.0
3876 3364 102.0
3364 3876 102.0
3876 3620 102.0
3620 3876 102.0
3876 3844 104.0
3844 3876 104.0
3876 3874 208.0
3874 3876 208.0
3876 3875 101.0
3875 3876 101.0
3877 1829 106.0
1829 3877 106.0
3877 2853 103.0
2853 3877 103.0
3877 3365 104.0
3365 3877 104.0
3877 3621 101.0
3621 3877 101.0
3877 3845 103.0
3845 3877 103.0
3877 3873 109.0
3873 3877 109.0
3878 1830 205.0
1830 3878 205.0
3878 2854 107.0
2854 3878 107.0
3878 3366 106.0
3366 3878 106.0
3878 3622 105.0
3622 3878 105.0
3878 3846 101.0
3846 3878 101.0
3878 3874 206.0
3874 3878 206.0
3878 3877 107.0
3877 3878 107.0
3879 1831 204.0
1831 3879 204.0
3879 2855 201.0
2855 3879 201.0
3879 3367 203.0
3367 3879 203.0
3879 3623 203.0
3623 3879 203.0
3879 3847 209.0
3847 3879 209.0
3879 3875 206.0
3875 3879 206.0
3879 3877 202.0
3877 3879 202.0
3880 1832 107.0
1832 3880 107.0
3880 2856 103.0
2856 3880 103.0
3880 3368 108.0
3368 3880 108.0
3880 3624 103.0
3624 3880 103.0
3880 3848 206.0
3848 3880 206.0
3880 3876 101.0
3876 3880 101.0
3880 3878 108.0
3878 3880 108.0
3880 3879 204.0
3879 3880 204.0
3881 1833 106.0
1833 3881 106.0
3881 2857 102.0
2857 3881 102.0
3881 3369 201.0
3369 3881 201.0
3881 3625 108.0
3625 3881 108.0
3881 3849 102.0
3849 3881 102.0
3881 3873 101.0
3873 3881 101.0
3882 1834 108.0
1834 3882 108.0
3882 2858 103.0
2858 3882 103.0
3882 3370 102.0
3370 3882 102.0
3882 3626 108.0
3626 3882 108.0
3882 3850 105.0
3850 3882 105.0
3882 3874 201.0
3874 3882 201.0
3882 3881 102.0
3881 3882 102.0
3883 1835 107.0
1835 3883 107.0
3883 2859 206.0
2859 3883 206.0
3883 3371 207.0
3371 3883 207.0
3883 3627 103.0
3627 3883 103.0
3883 3851 106.0
3851 3883 106.0
3883 3875 102.0
3875 3883 102.0
3883 3881 103.0
3881 3883 103.0
3884 1836 201.0
1836 3884 201.0
3884 2860 109.0
2860 3884 109.0
3884 3372 107.0
3372 3884 107.0
3884 3628 102.0
3628 3884 102.0
3884 3852 101.0
3852 3884 101.0
3884 3876 110.0
3876 3884 110.0
3884 3882 105.0
3882 3884 105.0
3884 3883 108.0
3883 3884 108.0
3885 1837 104.0
1837 3885 104.0
3885 2861 104.0
2861 3885 104.0
3885 3373 105.0
3373 3885 105.0
3885 3629 101.0
3629 3885 101.0
3885 3853 109.0
3853 3885 109.0
3885 3877 110.0
3877 3885 110.0
3885 3881 108.0
3881 3885 108.0
3886 1838 209.0
1838 3886 209.0
3886 2862 205.0
2862 3886 205.0
3886 3374 201.0
3374 3886 201.0
3886 3630 203.0
3630 3886 203.0
3886 3854 209.0
3854 3886 209.0
3886 3878 206.0
3878 3886 206.0
3886 3882 208.0
3882 3886 208.0
3886 3885 209.0
3885 3886 209.0
3887 1839 105.0
1839 3887 105.0
3887 2863 109.0
2863 3887 109.0
3887 3375 110.0
3375 3887 110.0
3887 3631 201.0
3631 3887 201.0
3887 3855 106.0
3855 3887 106.0
3887 3879 204.0
3879 3887 204.0
3887 3883 106.0
3883 3887 106.0
3887 3885 103.0
3885 3887 103.0
3888 1840 110.0
1840 3888 110.0
3888 2864 102.0
2864 3888 102.0
3888 3376 107.0
3376 3888 107.0
3888 3632 101.0
3632 3888 101.0
3888 3856 105.0
3856 3888 105.0
3888 3880 110.0
3880 3888 110.0
3888 3884 105.0
3884 3888 105.0
3888 3886 210.0
3886 3888 210.0
3888 3887 107.0
3887 3888 107.0
3889 1841 104.0
1841 3889 104.0
3889 2865 108.0
2865 3889 108.0
3889 3377 106.0
3377 3889 106.0
3889 3633 102.0
3633 3889 102.0
3889 3857 102.0
3857 3889 102.0
3889 3873 106.0
3873 3889 106.0
3890 1842 109.0
1842 3890 109.0
3890 2866 109.0
2866 3890 109.0
3890 3378 102.0
3378 3890 102.0
3890 3634 106.0
3634 3890 106.0
3890 3858 110.0
3858 3890 110.0
3890 3874 208.0
3874 3890 208.0
3890 3889 108.0
3889 3890 108.0
3891 1843 106.0
1843 3891 106.0
3891 2867 109.0
2867 3891 109.0
3891 3379 106.0
3379 3891 106.0
3891 3635 105.0
3635 3891 105.0
3891 3859 206.0
3859 3891 206.0
3891 3875 104.0
3875 3891 104.0
3891 3889 108.0
3889 3891 108.0
3892 1844 108.0
1844 3892 108.0
3892 2868 103.0
2868 3892 103.0
3892 3380 104.0
3380 3892 104.0
3892 3636 102.0
3636 3892 102.0
3892 3860 105.0
3860 3892 105.0
3892 3876 106.0
3876 3892 106.0
3892 3890 103.0
3890 3892 103.0
3892 3891 106.0
3891 3892 106.0
3893 1845 102.0
1845 3893 102.0
3893 2869 109.0
2869 3893 109.0
3893 3381 107.0
3381 3893 107.0
3893 3637 208.0
3637 3893 208.0
3893 3861 107.0
3861 3893 107.0
3893 3877 106.0
3877 3893 106.0
3893 3889 107.0
3889 3893 107.0
3894 1846 107.0
1846 3894 107.0
3894 2870 103.0
2870 3894 103.0
3894 3382 105.0
3382 3894 105.0
3894 3638 106.0
3638 3894 106.0
3894 3862 106.0
3862 3894 106.0
3894 3878 106.0
3878 3894 106.0
3894 3890 109.0
3890 3894 109.0
3894 3893 103.0
3893 3894 103.0
3895 1847 109.0
1847 3895 109.0
3895 2871 103.0
2871 3895 103.0
3895 3383 103.0
3383 3895 103.0
3895 3639 110.0
3639 3895 110.0
3895 3863 109.0
3863 3895 109.0
3895 3879 204.0
3879 3895 204.0
3895 3891 107.0
3891 3895 107.0
3895 3893 101.0
3893 3895 101.0
3896 1848 209.0
1848 3896 209.0
3896 2872 304.0
2872 3896 304.0
3896 3384 209.0
3384 3896 209.0
3896 3640 206.0
3640 3896 206.0
3896 3864 208.0
3864 3896 208.0
3896 3880 207.0
3880 3896 207.0
3896 3892 210.0
3892 3896 210.0
3896 3894 208.0
3894 3896 208.0
3896 3895 210.0
3895 3896 210.0
3897 1849 102.0
1849 3897 102.0
3897 2873 101.0
2873 3897 101.0
3897 3385 107.0
3385 3897 107.0
3897 3641 106.0
3641 3897 106.0
3897 3865 208.0
3865 3897 208.0
3897 3881 101.0
3881 3897 101.0
3897 3889 102.0
3889 3897 102.0
3898 1850 103.0
1850 3898 103.0
3898 2874 107.0
2874 3898 107.0
3898 3386 101.0
3386 3898 101.0
3898 3642 105.0
3642 3898 105.0
3898 3866 101.0
3866 3898 101.0
3898 3882 104.0
3882 3898 104.0
3898 3890 104.0
3890 3898 104.0
3898 3897 104.0
3897 3898 104.0
3899 1851 101.0
1851 3899 101.0
3899 2875 204.0
2875 3899 204.0
3899 3387 104.0
3387 3899 104.0
3899 3643 102.0
3643 3899 102.0
3899 3867 208.0
3867 3899 208.0
3899 3883 106.0
3883 3899 106.0
3899 3891 108.0
3891 3899 108.0
3899 3897 107.0
3897 3899 107.0
3900 1852 102.0
1852 3900 102.0
3900 2876 105.0
2876 3900 105.0
3900 3388 103.0
3388 3900 103.0
3900 3644 210.0
3644 3900 210.0
3900 3868 105.0
3868 3900 105.0
3900 3884 110.0
3884 3900 110.0
3900 3892 105.0
3892 3900 105.0
3900 3898 105.0
3898 3900 105.0
3900 3899 102.0
3899 3900 102.0
3901 1853 104.0
1853 3901 104.0
3901 2877 103.0
2877 3901 103.0
3901 3389 110.0
3389 3901 110.0
3901 3645 107.0
3645 3901 107.0
3901 3869 110.0
3869 3901 110.0
3901 3885 108.0
3885 3901 108.0
3901 3893 108.0
3893 3901 108.0
3901 3897 105.0
3897 3901 105.0
3902 1854 203.0
1854 3902 203.0
3902 2878 210.0
2878 3902 210.0
3902 3390 209.0
3390 3902 209.0
3902 3646 207.0
3646 3902 207.0
3902 3870 205.0
3870 3902 205.0
3902 3886 302.0
3886 3902 302.0
3902 3894 203.0
3894 3902 203.0
3902 3898 209.0
3898 3902 209.0
3902 3901 206.0
3901 3902 206.0
3903 1855 209.0
1855 3903 209.0
3903 2879 107.0
2879 3903 107.0
3903 3391 105.0
3391 3903 105.0
3903 3647 105.0
3647 3903 105.0
3903 3871 107.0
3871 3903 107.0
3903 3887 104.0
3887 3903 104.0
3903 3895 106.0
3895 3903 106.0
3903 3899 110.0
3899 3903 110.0
3903 3901 108.0
3901 3903 108.0
3904 1856 109.0
1856 3904 109.0
3904 2880 207.0
2880 3904 207.0
3904 3392 110.0
3392 3904 110.0
3904 3648 107.0
3648 3904 107.0
3904 3872 105.0
3872 3904 105.0
3904 3888 101.0
3888 3904 101.0
3904 3896 210.0
3896 3904 210.0
3904 3900 107.0
3900 3904 107.0
3904 3902 202.0
3902 3904 202.0
3904 3903 109.0
3903 3904 109.0
3905 1857 203.0
1857 3905 203.0
3905 2881 107.0
2881 3905 107.0
3905 3393 104.0
3393 3905 104.0
3905 3649 101.0
3649 3905 101.0
3905 3841 101.0
3841 3905 101.0
3906 1858 103.0
1858 3906 103.0
3906 2882 103.0
2882 3906 103.0
3906 3394 109.0
3394 3906 109.0
3906 3650 108.0
3650 3906 108.0
3906 3842 101.0
3842 3906 101.0
3906 3905 104.0
3905 3906 104.0
3907 1859 203.0
1859 3907 203.0
3907 2883 102.0
2883 3907 102.0
3907 3395 101.0
3395 3907 101.0
3907 3651 202.0
3651 3907 202.0
3907 3843 109.0
3843 3907 109.0
3907 3905 104.0
3905 3907 104.0
3908 1860 106.0
1860 3908 106.0
3908 2884 209.0
2884 3908 209.0
3908 3396 101.0
3396 3908 101.0
3908 3652 109.0
3652 3908 109.0
3908 3844 108.0
3844 3908 108.0
3908 3906 108.0
3906 3908 108.0
3908 3907 102.0
3907 3908 102.0
3909 1861 110.0
1861 3909 110.0
3909 2885 102.0
2885 3909 102.0
3909 3397 201.0
3397 3909 201.0
3909 3653 104.0
3653 3909 104.0
3909 3845 110.0
3845 3909 110.0
3909 3905 104.0
3905 3909 104.0
3910 1862 204.0
1862 3910 204.0
3910 2886 201.0
2886 3910 201.0
3910 3398 210.0
3398 3910 210.0
3910 3654 210.0
3654 3910 210.0
3910 3846 204.0
3846 3910 204.0
3910 3906 209.0
3906 3910 209.0
3910 3909 210.0
3909 3910 210.0
3911 1863 106.0
1863 3911 106.0
3911 2887 106.0
2887 3911 106.0
3911 3399 209.0
3399 3911 209.0
3911 3655 102.0
3655 3911 102.0
3911 3847 107.0
3847 3911 107.0
3911 3907 106.0
3907 3911 106.0
3911 3909 107.0
3909 3911 107.0
3912 1864 204.0
1864 3912 204.0
3912 2888 108.0
2888 3912 108.0
3912 3400 102.0
3400 3912 102.0
3912 3656 102.0
3656 3912 102.0
3912 3848 202.0
3848 3912 202.0
3912 3908 106.0
3908 3912 106.0
3912 3910 207.0
3910 3912 207.0
3912 3911 105.0
3911 3912 105.0
3913 1865 101.0
1865 3913 101.0
3913 2889 107.0
2889 3913 107.0
3913 3401 102.0
3401 3913 102.0
3913 3657 204.0
3657 3913 204.0
3913 3849 105.0
3849 3913 105.0
3913 3905 107.0
3905 3913 107.0
3914 1866 105.0
1866 3914 105.0
3914 2890 109.0
2890 3914 109.0
3914 3402 204.0
3402 3914 204.0
3914 3658 105.0
3658 3914 105.0
3914 3850 101.0
3850 3914 101.0
3914 3906 108.0
3906 3914 108.0
3914 3913 105.0
3913 3914 105.0
3915 1867 104.0
1867 3915 104.0
3915 2891 108.0
2891 3915 108.0
3915 3403 101.0
3403 3915 101.0
3915 3659 102.0
3659 3915 102.0
3915 3851 110.0
3851 3915 110.0
3915 3907 103.0
3907 3915 103.0
3915 3913 101.0
3913 3915 101.0
3916 1868 205.0
1868 3916 205.0
3916 2892 207.0
2892 3916 207.0
3916 3404 103.0
3404 3916 103.0
3916 3660 102.0
3660 3916 102.0
3916 3852 103.0
3852 3916 103.0
3916 3908 105.0
3908 3916 105.0
3916 3914 109.0
3914 3916 109.0
3916 3915 106.0
3915 3916 106.0
3917 1869 106.0
1869 3917 106.0
3917 2893 106.0
2893 3917 106.0
3917 3405 103.0
3405 3917 103.0
3917 3661 108.0
3661 3917 108.0
3917 3853 106.0
3853 3917 106.0
3917 3909 108.0
3909 3917 108.0
3917 3913 109.0
3913 3917 109.0
3918 1870 103.0
1870 3918 103.0
3918 2894 107.0
2894 3918 107.0
3918 3406 110.0
3406 3918 110.0
3918 3662 101.0
3662 3918 101.0
3918 3854 102.0
3854 3918 102.0
3918 3910 204.0
3910 3918 204.0
3918 3914 102.0
3914 3918 102.0
3918 3917 104.0
3917 3918 104.0
3919 1871 210.0
1871 3919 210.0
3919 2895 210.0
2895 3919 210.0
3919 3407 203.0
3407 3919 203.0
3919 3663 201.0
3663 3919 201.0
3919 3855 206.0
3855 3919 206.0
3919 3911 210.0
3911 3919 210.0
3919 3915 208.0
3915 3919 208.0
3919 3917 205.0
3917 3919 205.0
3920 1872 105.0
1872 3920 105.0
3920 2896 101.0
2896 3920 101.0
3920 3408 108.0
3408 3920 108.0
3920 3664 103.0
3664 3920 103.0
3920 3856 106.0
3856 3920 106.0
3920 3912 104.0
3912 3920 104.0
3920 3916 104.0
3916 3920 104.0
3920 3918 107.0
3918 3920 107.0
3920 3919 209.0
3919 3920 209.0
3921 1873 101.0
1873 3921 101.0
3921 2897 103.0
2897 3921 103.0
3921 3409 104.0
3409 3921 104.0
3921 3665 108.0
3665 3921 108.0
3921 3857 104.0
3857 3921 104.0
3921 3905 103.0
3905 3921 103.0
3922 1874 104.0
1874 3922 104.0
3922 2898 108.0
2898 3922 108.0
3922 3410 104.0
3410 3922 104.0
3922 3666 104.0
3666 3922 104.0
3922 3858 110.0
3858 3922 110.0
3922 3906 105.0
3906 3922 105.0
3922 3921 102.0
3921 3922 102.0
3923 1875 108.0
1875 3923 108.0
3923 2899 110.0
2899 3923 110.0
3923 3411 103.0
3411 3923 103.0
3923 3667 108.0
3667 3923 108.0
3923 3859 204.0
3859 3923 204.0
3923 3907 107.0
3907 3923 107.0
3923 3921 106.0
3921 3923 106.0
3924 1876 207.0
1876 3924 207.0
3924 2900 209.0
2900 3924 209.0
3924 3412 204.0
3412 3924 204.0
3924 3668 207.0
3668 3924 207.0
3924 3860 202.0
3860 3924 202.0
3924 3908 203.0
3908 3924 203.0
3924 3922 206.0
3922 3924 206.0
3924 3923 204.0
3923 3924 204.0
3925 1877 103.0
1877 3925 103.0
3925 2901 102.0
2901 3925 102.0
3925 3413 109.0
3413 3925 109.0
3925 3669 108.0
3669 3925 108.0
3925 3861 102.0
3861 3925 102.0
3925 3909 106.0
3909 3925 106.0
3925 3921 106.0
3921 3925 106.0
3926 1878 107.0
1878 3926 107.0
3926 2902 104.0
2902 3926 104.0
3926 3414 102.0
3414 3926 102.0
3926 3670 204.0
3670 3926 204.0
3926 3862 101.0
3862 3926 101.0
3926 3910 208.0
3910 3926 208.0
3926 3922 104.0
3922 3926 104.0
3926 3925 109.0
3925 3926 109.0
3927 1879 101.0
1879 3927 101.0
3927 2903 206.0
2903 3927 206.0
3927 3415 105.0
3415 3927 105.0
3927 3671 103.0
3671 3927 103.0
3927 3863 104.0
3863 3927 104.0
3927 3911 107.0
3911 3927 107.0
3927 3923 108.0
3923 3927 108.0
3927 3925 104.0
3925 3927 104.0
3928 1880 110.0
1880 3928 110.0
3928 2904 108.0
2904 3928 108.0
3928 3416 108.0
3416 3928 108.0
3928 3672 108.0
3672 3928 108.0
3928 3864 104.0
3864 3928 104.0
3928 3912 107.0
3912 3928 107.0
3928 3924 201.0
3924 3928 201.0
3928 3926 104.0
3926 3928 104.0
3928 3927 108.0
3927 3928 108.0
3929 1881 109.0
1881 3929 109.0
3929 2905 105.0
2905 3929 105.0
3929 3417 102.0
3417 3929 102.0
3929 3673 110.0
3673 3929 110.0
3929 3865 207.0
3865 3929 207.0
3929 3913 110.0
3913 3929 110.0
3929 3921 101.0
3921 3929 101.0
3930 1882 207.0
1882 3930 207.0
3930 2906 204.0
2906 3930 204.0
3930 3418 203.0
3418 3930 203.0
3930 3674 210.0
3674 3930 210.0
3930 3866 207.0
3866 3930 207.0
3930 3914 204.0
3914 3930 204.0
3930 3922 202.0
3922 3930 202.0
3930 3929 202.0
3929 3930 202.0
3931 1883 102.0
1883 3931 102.0
3931 2907 106.0
2907 3931 106.0
3931 3419 105.0
3419 3931 105.0
3931 3675 101.0
3675 3931 101.0
3931 3867 202.0
3867 3931 202.0
3931 3915 109.0
3915 3931 109.0
3931 3923 102.0
3923 3931 102.0
3931 3929 105.0
3929 3931 105.0
3932 1884 105.0
1884 3932 105.0
3932 2908 103.0
2908 3932 103.0
3932 3420 109.0
3420 3932 109.0
3932 3676 101.0
3676 3932 101.0
3932 3868 107.0
3868 3932 107.0
3932 3916 104.0
3916 3932 104.0
3932 3924 208.0
3924 3932 208.0
3932 3930 209.0
3930 3932 209.0
3932 3931 107.0
3931 3932 107.0
3933 1885 110.0
1885 3933 110.0
3933 2909 110.0
2909 3933 110.0
3933 3421 110.0
3421 3933 110.0
3933 3677 109.0
3677 3933 109.0
3933 3869 103.0
3869 3933 103.0
3933 3917 106.0
3917 3933 106.0
3933 3925 102.0
3925 3933 102.0
3933 3929 106.0
3929 3933 106.0
3934 1886 209.0
1886 3934 209.0
3934 2910 104.0
2910 3934 104.0
3934 3422 105.0
3422 3934 105.0
3934 3678 208.0
3678 3934 208.0
3934 3870 105.0
3870 3934 105.0
3934 3918 102.0
3918 3934 102.0
3934 3926 108.0
3926 3934 108.0
3934 3930 201.0
3930 3934 201.0
3934 3933 104.0
3933 3934 104.0
3935 1887 110.0
1887 3935 110.0
3935 2911 107.0
2911 3935 107.0
3935 3423 106.0
3423 3935 106.0
3935 3679 204.0
3679 3935 204.0
3935 3871 105.0
3871 3935 105.0
3935 3919 203.0
3919 3935 203.0
3935 3927 106.0
3927 3935 106.0
3935 3931 107.0
3931 3935 107.0
3935 3933 103.0
3933 3935 103.0
3936 1888 104.0
1888 3936 104.0
3936 2912 101.0
2912 3936 101.0
3936 3424 210.0
3424 3936 210.0
3936 3680 105.0
3680 3936 105.0
3936 3872 104.0
3872 3936 104.0
3936 3920 105.0
3920 3936 105.0
3936 3928 101.0
3928 3936 101.0
3936 3932 110.0
3932 3936 110.0
3936 3934 107.0
3934 3936 107.0
3936 3935 105.0
3935 3936 105.0
3937 1889 109.0
1889 3937 109.0
3937 2913 203.0
2913 3937 203.0
3937 3425 101.0
3425 3937 101.0
3937 3681 101.0
3681 3937 101.0
3937 3873 108.0
3873 3937 108.0
3937 3905 103.0
3905 3937 103.0
3938 1890 103.0
1890 3938 103.0
3938 2914 110.0
2914 3938 110.0
3938 3426 101.0
3426 3938 101.0
3938 3682 107.0
3682 3938 107.0
3938 3874 210.0
3874 3938 210.0
3938 3906 107.0
3906 3938 107.0
3938 3937 101.0
3937 3938 101.0
3939 1891 108.0
1891 3939 108.0
3939 2915 102.0
2915 3939 102.0
3939 3427 205.0
3427 3939 205.0
3939 3683 109.0
3683 3939 109.0
3939 3875 106.0
3875 3939 106.0
3939 3907 105.0
3907 3939 105.0
3939 3937 105.0
3937 3939 105.0
3940 1892 103.0
1892 3940 103.0
3940 2916 102.0
2916 3940 102.0
3940 3428 104.0
3428 3940 104.0
3940 3684 202.0
3684 3940 202.0
3940 3876 106.0
3876 3940 106.0
3940 3908 109.0
3908 3940 109.0
3940 3938 101.0
3938 3940 101.0
3940 3939 101.0
3939 3940 101.0
3941 1893 110.0
1893 3941 110.0
3941 2917 207.0
2917 3941 207.0
3941 3429 101.0
3429 3941 101.0
3941 3685 108.0
3685 3941 108.0
3941 3877 110.0
3877 3941 110.0
3941 3909 110.0
3909 3941 110.0
3941 3937 107.0
3937 3941 107.0
3942 1894 107.0
1894 3942 107.0
3942 2918 109.0
2918 3942 109.0
3942 3430 104.0
3430 3942 104.0
3942 3686 103.0
3686 3942 103.0
3942 3878 105.0
3878 3942 105.0
3942 3910 204.0
3910 3942 204.0
3942 3938 106.0
3938 3942 106.0
3942 3941 104.0
3941 3942 104.0
3943 1895 104.0
1895 3943 104.0
3943 2919 104.0
2919 3943 104.0
3943 3431 104.0
3431 3943 104.0
3943 3687 210.0
3687 3943 210.0
3943 3879 205.0
3879 3943 205.0
3943 3911 103.0
3911 3943 103.0
3943 3939 108.0
3939 3943 108.0
3943 3941 108.0
3941 3943 108.0
3944 1896 102.0
1896 3944 102.0
3944 2920 106.0
2920 3944 106.0
3944 3432 108.0
3432 3944 108.0
3944 3688 207.0
3688 3944 207.0
3944 3880 107.0
3880 3944 107.0
3944 3912 103.0
3912 3944 103.0
3944 3940 104.0
3940 3944 104.0
3944 3942 107.0
3942 3944 107.0
3944 3943 102.0
3943 3944 102.0
3945 1897 107.0
1897 3945 107.0
3945 2921 105.0
2921 3945 105.0
3945 3433 107.0
3433 3945 107.0
3945 3689 203.0
3689 3945 203.0
3945 3881 101.0
3881 3945 101.0
3945 3913 106.0
3913 3945 106.0
3945 3937 101.0
3937 3945 101.0
3946 1898 206.0
1898 3946 206.0
3946 2922 103.0
2922 3946 103.0
3946 3434 104.0
3434 3946 104.0
3946 3690 109.0
3690 3946 109.0
3946 3882 107.0
3882 3946 107.0
3946 3914 107.0
3914 3946 107.0
3946 3938 106.0
3938 3946 106.0
3946 3945 110.0
3945 3946 110.0
3947 1899 107.0
1899 3947 107.0
3947 2923 106.0
2923 3947 106.0
3947 3435 105.0
3435 3947 105.0
3947 3691 104.0
3691 3947 104.0
3947 3883 107.0
3883 3947 107.0
3947 3915 108.0
3915 3947 108.0
3947 3939 106.0
3939 3947 106.0
3947 3945 102.0
3945 3947 102.0
3948 1900 103.0
1900 3948 103.0
3948 2924 109.0
2924 3948 109.0
3948 3436 102.0
3436 3948 102.0
3948 3692 107.0
3692 3948 107.0
3948 3884 110.0
3884 3948 110.0
3948 3916 104.0
3916 3948 104.0
3948 3940 102.0
3940 3948 102.0
3948 3946 110.0
3946 3948 110.0
3948 3947 105.0
3947 3948 105.0
3949 1901 104.0
1901 3949 104.0
3949 2925 110.0
2925 3949 110.0
3949 3437 109.0
3437 3949 109.0
3949 3693 101.0
3693 3949 101.0
3949 3885 104.0
3885 3949 104.0
3949 3917 109.0
3917 3949 109.0
3949 3941 105.0
3941 3949 105.0
3949 3945 101.0
3945 3949 101.0
3950 1902 101.0
1902 3950 101.0
3950 2926 109.0
2926 3950 109.0
3950 3438 109.0
3438 3950 109.0
3950 3694 103.0
3694 3950 103.0
3950 3886 204.0
3886 3950 204.0
3950 3918 110.0
3918 3950 110.0
3950 3942 105.0
3942 3950 105.0
3950 3946 104.0
3946 3950 104.0
3950 3949 110.0
3949 3950 110.0
3951 1903 104.0
1903 3951 104.0
3951 2927 105.0
2927 3951 105.0
3951 3439 106.0
3439 3951 106.0
3951 3695 107.0
3695 3951 107.0
3951 3887 106.0
3887 3951 106.0
3951 3919 210.0
3919 3951 210.0
3951 3943 110.0
3943 3951 110.0
3951 3947 108.0
3947 3951 108.0
3951 3949 108.0
3949 3951 108.0
3952 1904 104.0
1904 3952 104.0
3952 2928 110.0
2928 3952 110.0
3952 3440 210.0
3440 3952 210.0
3952 3696 108.0
3696 3952 108.0
3952 3888 109.0
3888 3952 109.0
3952 3920 101.0
3920 3952 101.0
3952 3944 103.0
3944 3952 103.0
3952 3948 105.0
3948 3952 105.0
3952 3950 110.0
3950 3952 110.0
3952 3951 102.0
3951 3952 102.0
3953 1905 205.0
1905 3953 205.0
3953 2929 306.0
2929 3953 306.0
3953 3441 205.0
3441 3953 205.0
3953 3697 210.0
3697 3953 210.0
3953 3889 203.0
3889 3953 203.0
3953 3921 210.0
3921 3953 210.0
3953 3937 210.0
3937 3953 210.0
3954 1906 102.0
1906 3954 102.0
3954 2930 106.0
2930 3954 106.0
3954 3442 109.0
3442 3954 109.0
3954 3698 203.0
3698 3954 203.0
3954 3890 105.0
3890 3954 105.0
3954 3922 102.0
3922 3954 102.0
3954 3938 106.0
3938 3954 106.0
3954 3953 207.0
3953 3954 207.0
3955 1907 102.0
1907 3955 102.0
3955 2931 108.0
2931 3955 108.0
3955 3443 108.0
3443 3955 108.0
3955 3699 110.0
3699 3955 110.0
3955 3891 106.0
3891 3955 106.0
3955 3923 110.0
3923 3955 110.0
3955 3939 101.0
3939 3955 101.0
3955 3953 208.0
3953 3955 208.0
3956 1908 105.0
1908 3956 105.0
3956 2932 110.0
2932 3956 110.0
3956 3444 101.0
3444 3956 101.0
3956 3700 106.0
3700 3956 106.0
3956 3892 102.0
3892 3956 102.0
3956 3924 206.0
3924 3956 206.0
3956 3940 109.0
3940 3956 109.0
3956 3954 103.0
3954 3956 103.0
3956 3955 101.0
3955 3956 101.0
3957 1909 105.0
1909 3957 105.0
3957 2933 105.0
2933 3957 105.0
3957 3445 104.0
3445 3957 104.0
3957 3701 108.0
3701 3957 108.0
3957 3893 110.0
3893 3957 110.0
3957 3925 104.0
3925 3957 104.0
3957 3941 104.0
3941 3957 104.0
3957 3953 210.0
3953 3957 210.0
3958 1910 109.0
1910 3958 109.0
3958 2934 109.0
2934 3958 109.0
3958 3446 202.0
3446 3958 202.0
3958 3702 106.0
3702 3958 106.0
3958 3894 105.0
3894 3958 105.0
3958 3926 107.0
3926 3958 107.0
3958 3942 101.0
3942 3958 101.0
3958 3954 109.0
3954 3958 109.0
3958 3957 106.0
3957 3958 106.0
3959 1911 202.0
1911 3959 202.0
3959 2935 103.0
2935 3959 103.0
3959 3447 101.0
3447 3959 101.0
3959 3703 103.0
3703 3959 103.0
3959 3895 110.0
3895 3959 110.0
3959 3927 104.0
3927 3959 104.0
3959 3943 103.0
3943 3959 103.0
3959 3955 106.0
3955 3959 106.0
3959 3957 106.0
3957 3959 106.0
3960 1912 110.0
1912 3960 110.0
3960 2936 107.0
2936 3960 107.0
3960 3448 101.0
3448 3960 101.0
3960 3704 104.0
3704 3960 104.0
3960 3896 202.0
3896 3960 202.0
3960 3928 108.0
3928 3960 108.0
3960 3944 101.0
3944 3960 101.0
3960 3956 109.0
3956 3960 109.0
3960 3958 110.0
3958 3960 110.0
3960 3959 107.0
3959 3960 107.0
3961 1913 209.0
1913 3961 209.0
3961 2937 206.0
2937 3961 206.0
3961 3449 208.0
3449 3961 208.0
3961 3705 204.0
3705 3961 204.0
3961 3897 204.0
3897 3961 204.0
3961 3929 210.0
3929 3961 210.0
3961 3945 202.0
3945 3961 202.0
3961 3953 304.0
3953 3961 304.0
3962 1914 102.0
1914 3962 102.0
3962 2938 107.0
2938 3962 107.0
3962 3450 109.0
3450 3962 109.0
3962 3706 105.0
3706 3962 105.0
3962 3898 103.0
3898 3962 103.0
3962 3930 210.0
3930 3962 210.0
3962 3946 106.0
3946 3962 106.0
3962 3954 102.0
3954 3962 102.0
3962 3961 201.0
3961 3962 201.0
3963 1915 205.0
1915 3963 205.0
3963 2939 209.0
2939 3963 209.0
3963 3451 205.0
3451 3963 205.0
3963 3707 206.0
3707 3963 206.0
3963 3899 206.0
3899 3963 206.0
3963 3931 208.0
3931 3963 208.0
3963 3947 206.0
3947 3963 206.0
3963 3955 202.0
3955 3963 202.0
3963 3961 310.0
3961 3963 310.0
3964 1916 101.0
1916 3964 101.0
3964 2940 105.0
2940 3964 105.0
3964 3452 107.0
3452 3964 107.0
3964 3708 103.0
3708 3964 103.0
3964 3900 109.0
3900 3964 109.0
3964 3932 101.0
3932 3964 101.0
3964 3948 106.0
3948 3964 106.0
3964 3956 106.0
3956 3964 106.0
3964 3962 101.0
3962 3964 101.0
3964 3963 210.0
3963 3964 210.0
3965 1917 104.0
1917 3965 104.0
3965 2941 101.0
2941 3965 101.0
3965 3453 109.0
3453 3965 109.0
3965 3709 102.0
3709 3965 102.0
3965 3901 106.0
3901 3965 106.0
3965 3933 109.0
3933 3965 109.0
3965 3949 106.0
3949 3965 106.0
3965 3957 103.0
3957 3965 103.0
3965 3961 208.0
3961 3965 208.0
3966 1918 110.0
1918 3966 110.0
3966 2942 103.0
2942 3966 103.0
3966 3454 109.0
3454 3966 109.0
3966 3710 103.0
3710 3966 103.0
3966 3902 207.0
3902 3966 207.0
3966 3934 107.0
3934 3966 107.0
3966 3950 106.0
3950 3966 106.0
3966 3958 108.0
3958 3966 108.0
3966 3962 103.0
3962 3966 103.0
3966 3965 105.0
3965 3966 105.0
3967 1919 107.0
1919 3967 107.0
3967 2943 109.0
2943 3967 109.0
3967 3455 105.0
3455 3967 105.0
3967 3711 105.0
3711 3967 105.0
3967 3903 109.0
3903 3967 109.0
3967 3935 110.0
3935 3967 110.0
3967 3951 110.0
3951 3967 110.0
3967 3959 101.0
3959 3967 101.0
3967 3963 207.0
3963 3967 207.0
3967 3965 104.0
3965 3967 104.0
3968 1920 105.0
1920 3968 105.0
3968 2944 208.0
2944 3968 208.0
3968 3456 110.0
3456 3968 110.0
3968 3712 101.0
3712 3968 101.0
3968 3904 104.0
3904 3968 104.0
3968 3936 110.0
3936 3968 110.0
3968 3952 103.0
3952 3968 103.0
3968 3960 109.0
3960 3968 109.0
3968 3964 108.0
3964 3968 108.0
3968 3966 103.0
3966 3968 103.0
3968 3967 110.0
3967 3968 110.0
3969 1921 105.0
1921 3969 105.0
3969 2945 110.0
2945 3969 110.0
3969 3457 106.0
3457 3969 106.0
3969 3713 107.0
3713 3969 107.0
3969 3841 108.0
3841 3969 108.0
3970 1922 102.0
1922 3970 102.0
3970 2946 110.0
2946 3970 110.0
3970 3458 104.0
3458 3970 104.0
3970 3714 102.0
3714 3970 102.0
3970 3842 110.0
3842 3970 110.0
3970 3969 107.0
3969 3970 107.0
3971 1923 203.0
1923 3971 203.0
3971 2947 202.0
2947 3971 202.0
3971 3459 208.0
3459 3971 208.0
3971 3715 206.0
3715 3971 206.0
3971 3843 202.0
3843 3971 202.0
3971 3969 209.0
3969 3971 209.0
3972 1924 104.0
1924 3972 104.0
3972 2948 104.0
2948 3972 104.0
3972 3460 102.0
3460 3972 102.0
3972 3716 108.0
3716 3972 108.0
3972 3844 107.0
3844 3972 107.0
3972 3970 104.0
3970 3972 104.0
3972 3971 208.0
3971 3972 208.0
3973 1925 101.0
1925 3973 101.0
3973 2949 203.0
2949 3973 203.0
3973 3461 107.0
3461 3973 107.0
3973 3717 110.0
3717 3973 110.0
3973 3845 105.0
3845 3973 105.0
3973 3969 106.0
3969 3973 106.0
3974 1926 106.0
1926 3974 106.0
3974 2950 104.0
2950 3974 104.0
3974 3462 109.0
3462 3974 109.0
3974 3718 208.0
3718 3974 208.0
3974 3846 102.0
3846 3974 102.0
3974 3970 107.0
3970 3974 107.0
3974 3973 107.0
3973 3974 107.0
3975 1927 101.0
1927 3975 101.0
3975 2951 102.0
2951 3975 102.0
3975 3463 109.0
3463 3975 109.0
3975 3719 107.0
3719 3975 107.0
3975 3847 105.0
3847 3975 105.0
3975 3971 206.0
3971 3975 206.0
3975 3973 109.0
3973 3975 109.0
3976 1928 102.0
1928 3976 102.0
3976 2952 108.0
2952 3976 108.0
3976 3464 104.0
3464 3976 104.0
3976 3720 103.0
3720 3976 103.0
3976 3848 208.0
3848 3976 208.0
3976 3972 109.0
3972 3976 109.0
3976 3974 110.0
3974 3976 110.0
3976 3975 110.0
3975 3976 110.0
3977 1929 110.0
1929 3977 110.0
3977 2953 103.0
2953 3977 103.0
3977 3465 206.0
3465 3977 206.0
3977 3721 101.0
3721 3977 101.0
3977 3849 108.0
3849 3977 108.0
3977 3969 103.0
3969 3977 103.0
3978 1930 201.0
1930 3978 201.0
3978 2954 208.0
2954 3978 208.0
3978 3466 203.0
3466 3978 203.0
3978 3722 206.0
3722 3978 206.0
3978 3850 210.0
3850 3978 210.0
3978 3970 207.0
3970 3978 207.0
3978 3977 209.0
3977 3978 209.0
3979 1931 107.0
1931 3979 107.0
3979 2955 103.0
2955 3979 103.0
3979 3467 101.0
3467 3979 101.0
3979 3723 108.0
3723 3979 108.0
3979 3851 102.0
3851 3979 102.0
3979 3971 204.0
3971 3979 204.0
3979 3977 109.0
3977 3979 109.0
3980 1932 103.0
1932 3980 103.0
3980 2956 207.0
2956 3980 207.0
3980 3468 106.0
3468 3980 106.0
3980 3724 101.0
3724 3980 101.0
3980 3852 107.0
3852 3980 107.0
3980 3972 108.0
3972 3980 108.0
3980 3978 207.0
3978 3980 207.0
3980 3979 106.0
3979 3980 106.0
3981 1933 105.0
1933 3981 105.0
3981 2957 101.0
2957 3981 101.0
3981 3469 203.0
3469 3981 203.0
3981 3725 210.0
3725 3981 210.0
3981 3853 108.0
3853 3981 108.0
3981 3973 107.0
3973 3981 107.0
3981 3977 105.0
3977 3981 105.0
3982 1934 204.0
1934 3982 204.0
3982 2958 108.0
2958 3982 108.0
3982 3470 109.0
3470 3982 109.0
3982 3726 107.0
3726 3982 107.0
3982 3854 105.0
3854 3982 105.0
3982 3974 110.0
3974 3982 110.0
3982 3978 209.0
3978 3982 209.0
3982 3981 105.0
3981 3982 105.0
3983 1935 106.0
1935 3983 106.0
3983 2959 109.0
2959 3983 109.0
3983 3471 106.0
3471 3983 106.0
3983 3727 106.0
3727 3983 106.0
3983 3855 104.0
3855 3983 104.0
3983 3975 102.0
3975 3983 102.0
3983 3979 106.0
3979 3983 106.0
3983 3981 106.0
3981 3983 106.0
3984 1936 104.0
1936 3984 104.0
3984 2960 103.0
2960 3984 103.0
3984 3472 101.0
3472 3984 101.0
3984 3728 110.0
3728 3984 110.0
3984 3856 103.0
3856 3984 103.0
3984 3976 104.0
3976 3984 104.0
3984 3980 106.0
3980 3984 106.0
3984 3982 109.0
3982 3984 109.0
3984 3983 110.0
3983 3984 110.0
3985 1937 106.0
1937 3985 106.0
3985 2961 110.0
2961 3985 110.0
3985 3473 109.0
3473 3985 109.0
3985 3729 210.0
3729 3985 210.0
3985 3857 105.0
3857 3985 105.0
3985 3969 102.0
3969 3985 102.0
3986 1938 101.0
1938 3986 101.0
3986 2962 103.0
2962 3986 103.0
3986 3474 102.0
3474 3986 102.0
3986 3730 108.0
3730 3986 108.0
3986 3858 107.0
3858 3986 107.0
3986 3970 104.0
3970 3986 104.0
3986 3985 106.0
3985 3986 106.0
3987 1939 108.0
1939 3987 108.0
3987 2963 102.0
2963 3987 102.0
3987 3475 110.0
3475 3987 110.0
3987 3731 107.0
3731 3987 107.0
3987 3859 205.0
3859 3987 205.0
3987 3971 201.0
3971 3987 201.0
3987 3985 102.0
3985 3987 102.0
3988 1940 204.0
1940 3988 204.0
3988 2964 204.0
2964 3988 204.0
3988 3476 204.0
3476 3988 204.0
3988 3732 208.0
3732 3988 208.0
3988 3860 201.0
3860 3988 201.0
3988 3972 207.0
3972 3988 207.0
3988 3986 210.0
3986 3988 210.0
3988 3987 203.0
3987 3988 203.0
3989 1941 109.0
1941 3989 109.0
3989 2965 108.0
2965 3989 108.0
3989 3477 103.0
3477 3989 103.0
3989 3733 107.0
3733 3989 107.0
3989 3861 105.0
3861 3989 105.0
3989 3973 108.0
3973 3989 108.0
3989 3985 101.0
3985 3989 101.0
3990 1942 109.0
1942 3990 109.0
3990 2966 110.0
2966 3990 110.0
3990 3478 110.0
3478 3990 110.0
3990 3734 103.0
3734 3990 103.0
3990 3862 106.0
3862 3990 106.0
3990 3974 110.0
3974 3990 110.0
3990 3986 109.0
3986 3990 109.0
3990 3989 107.0
3989 3990 107.0
3991 1943 102.0
1943 3991 102.0
3991 2967 103.0
2967 3991 103.0
3991 3479 105.0
3479 3991 105.0
3991 3735 101.0
3735 3991 101.0
3991 3863 110.0
3863 3991 110.0
3991 3975 106.0
3975 3991 106.0
3991 3987 105.0
3987 3991 105.0
3991 3989 101.0
3989 3991 101.0
3992 1944 209.0
1944 3992 209.0
3992 2968 205.0
2968 3992 205.0
3992 3480 207.0
3480 3992 207.0
3992 3736 202.0
3736 3992 202.0
3992 3864 206.0
3864 3992 206.0
3992 3976 206.0
3976 3992 206.0
3992 3988 309.0
3988 3992 309.0
3992 3990 203.0
3990 3992 203.0
3992 3991 202.0
3991 3992 202.0
3993 1945 103.0
1945 3993 103.0
3993 2969 203.0
2969 3993 203.0
3993 3481 105.0
3481 3993 105.0
3993 3737 108.0
3737 3993 108.0
3993 3865 210.0
3865 3993 210.0
3993 3977 105.0
3977 3993 105.0
3993 3985 109.0
3985 3993 109.0
3994 1946 201.0
1946 3994 201.0
3994 2970 105.0
2970 3994 105.0
3994 3482 108.0
3482 3994 108.0
3994 3738 210.0
3738 3994 210.0
3994 3866 107.0
3866 3994 107.0
3994 3978 207.0
3978 3994 207.0
3994 3986 101.0
3986 3994 101.0
3994 3993 104.0
3993 3994 104.0
3995 1947 101.0
1947 3995 101.0
3995 2971 105.0
2971 3995 105.0
3995 3483 109.0
3483 3995 109.0
3995 3739 108.0
3739 3995 108.0
3995 3867 204.0
3867 3995 204.0
3995 3979 110.0
3979 3995 110.0
3995 3987 107.0
3987 3995 107.0
3995 3993 103.0
3993 3995 103.0
3996 1948 110.0
1948 3996 110.0
3996 2972 105.0
2972 3996 105.0
3996 3484 103.0
3484 3996 103.0
3996 3740 109.0
3740 3996 109.0
3996 3868 105.0
3868 3996 105.0
3996 3980 101.0
3980 3996 101.0
3996 3988 210.0
3988 3996 210.0
3996 3994 110.0
3994 3996 110.0
3996 3995 102.0
3995 3996 102.0
3997 1949 109.0
1949 3997 109.0
3997 2973 104.0
2973 3997 104.0
3997 3485 104.0
3485 3997 104.0
3997 3741 103.0
3741 3997 103.0
3997 3869 103.0
3869 3997 103.0
3997 3981 104.0
3981 3997 104.0
3997 3989 110.0
3989 3997 110.0
3997 3993 106.0
3993 3997 106.0
3998 1950 110.0
1950 3998 110.0
3998 2974 102.0
2974 3998 102.0
3998 3486 104.0
3486 3998 104.0
3998 3742 105.0
3742 3998 105.0
3998 3870 103.0
3870 3998 103.0
3998 3982 104.0
3982 3998 104.0
3998 3990 107.0
3990 3998 107.0
3998 3994 104.0
3994 3998 104.0
3998 3997 101.0
3997 3998 101.0
3999 1951 106.0
1951 3999 106.0
3999 2975 107.0
2975 3999 107.0
3999 3487 109.0
3487 3999 109.0
3999 3743 104.0
3743 3999 104.0
3999 3871 105.0
3871 3999 105.0
3999 3983 110.0
3983 3999 110.0
3999 3991 110.0
3991 3999 110.0
3999 3995 101.0
3995 3999 101.0
3999 3997 105.0
3997 3999 105.0
4000 1952 202.0
1952 4000 202.0
4000 2976 204.0
2976 4000 204.0
4000 3488 201.0
3488 4000 201.0
4000 3744 203.0
3744 4000 203.0
4000 3872 205.0
3872 4000 205.0
4000 3984 205.0
3984 4000 205.0
4000 3992 304.0
3992 4000 304.0
4000 3996 209.0
3996 4000 209.0
4000 3998 209.0
3998 4000 209.0
4000 3999 209.0
3999 4000 209.0
4001 1953 107.0
1953 4001 107.0
4001 2977 105.0
2977 4001 105.0
4001 3489 107.0
3489 4001 107.0
4001 3745 103.0
3745 4001 103.0
4001 3873 103.0
3873 4001 103.0
4001 3969 106.0
3969 4001 106.0
4002 1954 109.0
1954 4002 109.0
4002 2978 109.0
2978 4002 109.0
4002 3490 102.0
3490 4002 102.0
4002 3746 109.0
3746 4002 109.0
4002 3874 203.0
3874 4002 203.0
4002 3970 106.0
3970 4002 106.0
4002 4001 110.0
4001 4002 110.0
4003 1955 105.0
1955 4003 105.0
4003 2979 109.0
2979 4003 109.0
4003 3491 110.0
3491 4003 110.0
4003 3747 103.0
3747 4003 103.0
4003 3875 107.0
3875 4003 107.0
4003 3971 210.0
3971 4003 210.0
4003 4001 110.0
4001 4003 110.0
4004 1956 104.0
1956 4004 104.0
4004 2980 109.0
2980 4004 109.0
4004 3492 108.0
3492 4004 108.0
4004 3748 202.0
3748 4004 202.0
4004 3876 105.0
3876 4004 105.0
4004 3972 109.0
3972 4004 109.0
4004 4002 107.0
4002 4004 107.0
4004 4003 102.0
4003 4004 102.0
4005 1957 102.0
1957 4005 102.0
4005 2981 209.0
2981 4005 209.0
4005 3493 209.0
3493 4005 209.0
4005 3749 101.0
3749 4005 101.0
4005 3877 102.0
3877 4005 102.0
4005 3973 107.0
3973 4005 107.0
4005 4001 106.0
4001 4005 106.0
4006 1958 108.0
1958 4006 108.0
4006 2982 101.0
2982 4006 101.0
4006 3494 105.0
3494 4006 105.0
4006 3750 205.0
3750 4006 205.0
4006 3878 103.0
3878 4006 103.0
4006 3974 108.0
3974 4006 108.0
4006 4002 106.0
4002 4006 106.0
4006 4005 104.0
4005 4006 104.0
4007 1959 102.0
1959 4007 102.0
4007 2983 107.0
2983 4007 107.0
4007 3495 102.0
3495 4007 102.0
4007 3751 104.0
3751 4007 104.0
4007 3879 207.0
3879 4007 207.0
4007 3975 105.0
3975 4007 105.0
4007 4003 104.0
4003 4007 104.0
4007 4005 110.0
4005 4007 110.0
4008 1960 209.0
1960 4008 209.0
4008 2984 107.0
2984 4008 107.0
4008 3496 202.0
3496 4008 202.0
4008 3752 101.0
3752 4008 101.0
4008 3880 110.0
3880 4008 110.0
4008 3976 106.0
3976 4008 106.0
4008 4004 105.0
4004 4008 105.0
4008 4006 101.0
4006 4008 101.0
4008 4007 108.0
4007 4008 108.0
4009 1961 205.0
1961 4009 205.0
4009 2985 105.0
2985 4009 105.0
4009 3497 108.0
3497 4009 108.0
4009 3753 107.0
3753 4009 107.0
4009 3881 105.0
3881 4009 105.0
4009 3977 109.0
3977 4009 109.0
4009 4001 104.0
4001 4009 104.0
4010 1962 102.0
1962 4010 102.0
4010 2986 102.0
2986 4010 102.0
4010 3498 107.0
3498 4010 107.0
4010 3754 108.0
3754 4010 108.0
4010 3882 102.0
3882 4010 102.0
4010 3978 210.0
3978 4010 210.0
4010 4002 106.0
4002 4010 106.0
4010 4009 105.0
4009 4010 105.0
4011 1963 108.0
1963 4011 108.0
4011 2987 105.0
2987 4011 105.0
4011 3499 103.0
3499 4011 103.0
4011 3755 102.0
3755 4011 102.0
4011 3883 107.0
3883 4011 107.0
4011 3979 109.0
3979 4011 109.0
4011 4003 109.0
4003 4011 109.0
4011 4009 107.0
4009 4011 107.0
4012 1964 107.0
1964 4012 107.0
4012 2988 106.0
2988 4012 106.0
4012 3500 103.0
3500 4012 103.0
4012 3756 110.0
3756 4012 110.0
4012 3884 101.0
3884 4012 101.0
4012 3980 104.0
3980 4012 104.0
4012 4004 102.0
4004 4012 102.0
4012 4010 101.0
4010 4012 101.0
4012 4011 107.0
4011 4012 107.0
4013 1965 101.0
1965 4013 101.0
4013 2989 109.0
2989 4013 109.0
4013 3501 106.0
3501 4013 106.0
4013 3757 102.0
3757 4013 102.0
4013 3885 101.0
3885 4013 101.0
4013 3981 106.0
3981 4013 106.0
4013 4005 106.0
4005 4013 106.0
4013 4009 109.0
4009 4013 109.0
4014 1966 109.0
1966 4014 109.0
4014 2990 109.0
2990 4014 109.0
4014 3502 106.0
3502 4014 106.0
4014 3758 110.0
3758 4014 110.0
4014 3886 210.0
3886 4014 210.0
4014 3982 109.0
3982 4014 109.0
4014 4006 104.0
4006 4014 104.0
4014 4010 107.0
4010 4014 107.0
4014 4013 106.0
4013 4014 106.0
4015 1967 201.0
1967 4015 201.0
4015 2991 209.0
2991 4015 209.0
4015 3503 204.0
3503 4015 204.0
4015 3759 209.0
3759 4015 209.0
4015 3887 204.0
3887 4015 204.0
4015 3983 204.0
3983 4015 204.0
4015 4007 209.0
4007 4015 209.0
4015 4011 206.0
4011 4015 206.0
4015 4013 206.0
4013 4015 206.0
4016 1968 104.0
1968 4016 104.0
4016 2992 110.0
2992 4016 110.0
4016 3504 103.0
3504 4016 103.0
4016 3760 107.0
3760 4016 107.0
4016 3888 104.0
3888 4016 104.0
4016 3984 104.0
3984 4016 104.0
4016 4008 108.0
4008 4016 108.0
4016 4012 110.0
4012 4016 110.0
4016 4014 107.0
4014 4016 107.0
4016 4015 205.0
4015 4016 205.0
4017 1969 210.0
1969 4017 210.0
4017 2993 203.0
2993 4017 203.0
4017 3505 202.0
3505 4017 202.0
4017 3761 208.0
3761 4017 208.0
4017 3889 207.0
3889 4017 207.0
4017 3985 203.0
3985 4017 203.0
4017 4001 209.0
4001 4017 209.0
4018 1970 108.0
1970 4018 108.0
4018 2994 101.0
2994 4018 101.0
4018 3506 105.0
3506 4018 105.0
4018 3762 105.0
3762 4018 105.0
4018 3890 110.0
3890 4018 110.0
4018 3986 110.0
3986 4018 110.0
4018 4002 103.0
4002 4018 103.0
4018 4017 202.0
4017 4018 202.0
4019 1971 101.0
1971 4019 101.0
4019 2995 104.0
2995 4019 104.0
4019 3507 104.0
3507 4019 104.0
4019 3763 103.0
3763 4019 103.0
4019 3891 103.0
3891 4019 103.0
4019 3987 109.0
3987 4019 109.0
4019 4003 105.0
4003 4019 105.0
4019 4017 209.0
4017 4019 209.0
4020 1972 102.0
1972 4020 102.0
4020 2996 206.0
2996 4020 206.0
4020 3508 108.0
3508 4020 108.0
4020 3764 110.0
3764 4020 110.0
4020 3892 109.0
3892 4020 109.0
4020 3988 204.0
3988 4020 204.0
4020 4004 110.0
4004 4020 110.0
4020 4018 109.0
4018 4020 109.0
4020 4019 104.0
4019 4020 104.0
4021 1973 208.0
1973 4021 208.0
4021 2997 108.0
2997 4021 108.0
4021 3509 104.0
3509 4021 104.0
4021 3765 104.0
3765 4021 104.0
4021 3893 105.0
3893 4021 105.0
4021 3989 101.0
3989 4021 101.0
4021 4005 101.0
4005 4021 101.0
4021 4017 210.0
4017 4021 210.0
4022 1974 106.0
1974 4022 106.0
4022 2998 105.0
2998 4022 105.0
4022 3510 208.0
3510 4022 208.0
4022 3766 103.0
3766 4022 103.0
4022 3894 102.0
3894 4022 102.0
4022 3990 110.0
3990 4022 110.0
4022 4006 105.0
4006 4022 105.0
4022 4018 108.0
4018 4022 108.0
4022 4021 108.0
4021 4022 108.0
4023 1975 108.0
1975 4023 108.0
4023 2999 102.0
2999 4023 102.0
4023 3511 209.0
3511 4023 209.0
4023 3767 101.0
3767 4023 101.0
4023 3895 109.0
3895 4023 109.0
4023 3991 110.0
3991 4023 110.0
4023 4007 107.0
4007 4023 107.0
4023 4019 101.0
4019 4023 101.0
4023 4021 105.0
4021 4023 105.0
4024 1976 101.0
1976 4024 101.0
4024 3000 105.0
3000 4024 105.0
4024 3512 102.0
3512 4024 102.0
4024 3768 106.0
3768 4024 106.0
4024 3896 201.0
3896 4024 201.0
4024 3992 209.0
3992 4024 209.0
4024 4008 110.0
4008 4024 110.0
4024 4020 110.0
4020 4024 110.0
4024 4022 104.0
4022 4024 104.0
4024 4023 101.0
4023 4024 101.0
4025 1977 108.0
1977 4025 108.0
4025 3001 109.0
3001 4025 109.0
4025 3513 109.0
3513 4025 109.0
4025 3769 108.0
3769 4025 108.0
4025 3897 110.0
3897 4025 110.0
4025 3993 104.0
3993 4025 104.0
4025 4009 110.0
4009 4025 110.0
4025 4017 208.0
4017 4025 208.0
4026 1978 103.0
1978 4026 103.0
4026 3002 109.0
3002 4026 109.0
4026 3514 102.0
3514 4026 102.0
4026 3770 110.0
3770 4026 110.0
4026 3898 109.0
3898 4026 109.0
4026 3994 108.0
3994 4026 108.0
4026 4010 103.0
4010 4026 103.0
4026 4018 110.0
4018 4026 110.0
4026 4025 101.0
4025 4026 101.0
4027 1979 102.0
1979 4027 102.0
4027 3003 110.0
3003 4027 110.0
4027 3515 102.0
3515 4027 102.0
4027 3771 208.0
3771 4027 208.0
4027 3899 109.0
3899 4027 109.0
4027 3995 109.0
3995 4027 109.0
4027 4011 105.0
4011 4027 105.0
4027 4019 108.0
4019 4027 108.0
4027 4025 110.0
4025 4027 110.0
4028 1980 103.0
1980 4028 103.0
4028 3004 106.0
3004 4028 106.0
4028 3516 207.0
3516 4028 207.0
4028 3772 205.0
3772 4028 205.0
4028 3900 108.0
3900 4028 108.0
4028 3996 110.0
3996 4028 110.0
4028 4012 103.0
4012 4028 103.0
4028 4020 104.0
4020 4028 104.0
4028 4026 110.0
4026 4028 110.0
4028 4027 109.0
4027 4028 109.0
4029 1981 108.0
1981 4029 108.0
4029 3005 108.0
3005 4029 108.0
4029 3517 209.0
3517 4029 209.0
4029 3773 102.0
3773 4029 102.0
4029 3901 108.0
3901 4029 108.0
4029 3997 105.0
3997 4029 105.0
4029 4013 107.0
4013 4029 107.0
4029 4021 102.0
4021 4029 102.0
4029 4025 106.0
4025 4029 106.0
4030 1982 106.0
1982 4030 106.0
4030 3006 207.0
3006 4030 207.0
4030 3518 209.0
3518 4030 209.0
4030 3774 104.0
3774 4030 104.0
4030 3902 210.0
3902 4030 210.0
4030 3998 108.0
3998 4030 108.0
4030 4014 109.0
4014 4030 109.0
4030 4022 108.0
4022 4030 108.0
4030 4026 104.0
4026 4030 104.0
4030 4029 104.0
4029 4030 104.0
4031 1983 110.0
1983 4031 110.0
4031 3007 104.0
3007 4031 104.0
4031 3519 108.0
3519 4031 108.0
4031 3775 107.0
3775 4031 107.0
4031 3903 106.0
3903 4031 106.0
4031 3999 104.0
3999 4031 104.0
4031 4015 201.0
4015 4031 201.0
4031 4023 106.0
4023 4031 106.0
4031 4027 108.0
4027 4031 108.0
4031 4029 109.0
4029 4031 109.0
4032 1984 203.0
1984 4032 203.0
4032 3008 107.0
3008 4032 107.0
4032 3520 101.0
3520 4032 101.0
4032 3776 207.0
3776 4032 207.0
4032 3904 106.0
3904 4032 106.0
4032 4000 205.0
4000 4032 205.0
4032 4016 101.0
4016 4032 101.0
4032 4024 104.0
4024 4032 104.0
4032 4028 102.0
4028 4032 102.0
4032 4030 109.0
4030 4032 109.0
4032 4031 110.0
4031 4032 110.0
4033 1985 210.0
1985 4033 210.0
4033 3009 104.0
3009 4033 104.0
4033 3521 104.0
3521 4033 104.0
4033 3777 109.0
3777 4033 109.0
4033 3905 106.0
3905 4033 106.0
4033 3969 103.0
3969 4033 103.0
4034 1986 101.0
1986 4034 101.0
4034 3010 108.0
3010 4034 108.0
4034 3522 104.0
3522 4034 104.0
4034 3778 206.0
3778 4034 206.0
4034 3906 104.0
3906 4034 104.0
4034 3970 105.0
3970 4034 105.0
4034 4033 101.0
4033 4034 101.0
4035 1987 104.0
1987 4035 104.0
4035 3011 109.0
3011 4035 109.0
4035 3523 106.0
3523 4035 106.0
4035 3779 106.0
3779 4035 106.0
4035 3907 107.0
3907 4035 107.0
4035 3971 203.0
3971 4035 203.0
4035 4033 106.0
4033 4035 106.0
4036 1988 202.0
1988 4036 202.0
4036 3012 107.0
3012 4036 107.0
4036 3524 201.0
3524 4036 201.0
4036 3780 108.0
3780 4036 108.0
4036 3908 101.0
3908 4036 101.0
4036 3972 103.0
3972 4036 103.0
4036 4034 103.0
4034 4036 103.0
4036 4035 102.0
4035 4036 102.0
4037 1989 109.0
1989 4037 109.0
4037 3013 108.0
3013 4037 108.0
4037 3525 101.0
3525 4037 101.0
4037 3781 109.0
3781 4037 109.0
4037 3909 110.0
3909 4037 110.0
4037 3973 109.0
3973 4037 109.0
4037 4033 103.0
4033 4037 103.0
4038 1990 105.0
1990 4038 105.0
4038 3014 106.0
3014 4038 106.0
4038 3526 107.0
3526 4038 107.0
4038 3782 103.0
3782 4038 103.0
4038 3910 204.0
3910 4038 204.0
4038 3974 108.0
3974 4038 108.0
4038 4034 101.0
4034 4038 101.0
4038 4037 106.0
4037 4038 106.0
4039 1991 208.0
1991 4039 208.0
4039 3015 205.0
3015 4039 205.0
4039 3527 203.0
3527 4039 203.0
4039 3783 203.0
3783 4039 203.0
4039 3911 210.0
3911 4039 210.0
4039 3975 202.0
3975 4039 202.0
4039 4035 209.0
4035 4039 209.0
4039 4037 210.0
4037 4039 210.0
4040 1992 103.0
1992 4040 103.0
4040 3016 104.0
3016 4040 104.0
4040 3528 108.0
3528 4040 108.0
4040 3784 108.0
3784 4040 108.0
4040 3912 109.0
3912 4040 109.0
4040 3976 109.0
3976 4040 109.0
4040 4036 107.0
4036 4040 107.0
4040 4038 103.0
4038 4040 103.0
4040 4039 204.0
4039 4040 204.0
4041 1993 106.0
1993 4041 106.0
4041 3017 105.0
3017 4041 105.0
4041 3529 101.0
3529 4041 101.0
4041 3785 102.0
3785 4041 102.0
4041 3913 101.0
3913 4041 101.0
4041 3977 108.0
3977 4041 108.0
4041 4033 108.0
4033 4041 108.0
4042 1994 102.0
1994 4042 102.0
4042 3018 105.0
3018 4042 105.0
4042 3530 106.0
3530 4042 106.0
4042 3786 104.0
3786 4042 104.0
4042 3914 110.0
3914 4042 110.0
4042 3978 210.0
3978 4042 210.0
4042 4034 107.0
4034 4042 107.0
4042 4041 109.0
4041 4042 109.0
4043 1995 210.0
1995 4043 210.0
4043 3019 210.0
3019 4043 210.0
4043 3531 208.0
3531 4043 208.0
4043 3787 208.0
3787 4043 208.0
4043 3915 201.0
3915 4043 201.0
4043 3979 209.0
3979 4043 209.0
4043 4035 209.0
4035 4043 209.0
4043 4041 208.0
4041 4043 208.0
4044 1996 102.0
1996 4044 102.0
4044 3020 106.0
3020 4044 106.0
4044 3532 105.0
3532 4044 105.0
4044 3788 103.0
3788 4044 103.0
4044 3916 105.0
3916 4044 105.0
4044 3980 101.0
3980 4044 101.0
4044 4036 108.0
4036 4044 108.0
4044 4042 104.0
4042 4044 104.0
4044 4043 210.0
4043 4044 210.0
4045 1997 106.0
1997 4045 106.0
4045 3021 106.0
3021 4045 106.0
4045 3533 106.0
3533 4045 106.0
4045 3789 108.0
3789 4045 108.0
4045 3917 102.0
3917 4045 102.0
4045 3981 103.0
3981 4045 103.0
4045 4037 101.0
4037 4045 101.0
4045 4041 110.0
4041 4045 110.0
4046 1998 108.0
1998 4046 108.0
4046 3022 201.0
3022 4046 201.0
4046 3534 106.0
3534 4046 106.0
4046 3790 101.0
3790 4046 101.0
4046 3918 102.0
3918 4046 102.0
4046 3982 105.0
3982 4046 105.0
4046 4038 102.0
4038 4046 102.0
4046 4042 101.0
4042 4046 101.0
4046 4045 103.0
4045 4046 103.0
4047 1999 101.0
1999 4047 101.0
4047 3023 106.0
3023 4047 106.0
4047 3535 102.0
3535 4047 102.0
4047 3791 101.0
3791 4047 101.0
4047 3919 207.0
3919 4047 207.0
4047 3983 101.0
3983 4047 101.0
4047 4039 203.0
4039 4047 203.0
4047 4043 209.0
4043 4047 209.0
4047 4045 107.0
4045 4047 107.0
4048 2000 101.0
2000 4048 101.0
4048 3024 102.0
3024 4048 102.0
4048 3536 106.0
3536 4048 106.0
4048 3792 203.0
3792 4048 203.0
4048 3920 103.0
3920 4048 103.0
4048 3984 106.0
3984 4048 106.0
4048 4040 101.0
4040 4048 101.0
4048 4044 102.0
4044 4048 102.0
4048 4046 101.0
4046 4048 101.0
4048 4047 101.0
4047 4048 101.0
4049 2001 109.0
2001 4049 109.0
4049 3025 105.0
3025 4049 105.0
4049 3537 208.0
3537 4049 208.0
4049 3793 108.0
3793 4049 108.0
4049 3921 110.0
3921 4049 110.0
4049 3985 101.0
3985 4049 101.0
4049 4033 103.0
4033 4049 103.0
4050 2002 110.0
2002 4050 110.0
4050 3026 208.0
3026 4050 208.0
4050 3538 109.0
3538 4050 109.0
4050 3794 103.0
3794 4050 103.0
4050 3922 102.0
3922 4050 102.0
4050 3986 104.0
3986 4050 104.0
4050 4034 106.0
4034 4050 106.0
4050 4049 108.0
4049 4050 108.0
4051 2003 107.0
2003 4051 107.0
4051 3027 107.0
3027 4051 107.0
4051 3539 202.0
3539 4051 202.0
4051 3795 102.0
3795 4051 102.0
4051 3923 101.0
3923 4051 101.0
4051 3987 103.0
3987 4051 103.0
4051 4035 103.0
4035 4051 103.0
4051 4049 110.0
4049 4051 110.0
4052 2004 108.0
2004 4052 108.0
4052 3028 107.0
3028 4052 107.0
4052 3540 101.0
3540 4052 101.0
4052 3796 206.0
3796 4052 206.0
4052 3924 201.0
3924 4052 201.0
4052 3988 202.0
3988 4052 202.0
4052 4036 103.0
4036 4052 103.0
4052 4050 110.0
4050 4052 110.0
4052 4051 105.0
4051 4052 105.0
4053 2005 205.0
2005 4053 205.0
4053 3029 203.0
3029 4053 203.0
4053 3541 202.0
3541 4053 202.0
4053 3797 208.0
3797 4053 208.0
4053 3925 203.0
3925 4053 203.0
4053 3989 207.0
3989 4053 207.0
4053 4037 209.0
4037 4053 209.0
4053 4049 209.0
4049 4053 209.0
4054 2006 108.0
2006 4054 108.0
4054 3030 105.0
3030 4054 105.0
4054 3542 102.0
3542 4054 102.0
4054 3798 107.0
3798 4054 107.0
4054 3926 102.0
3926 4054 102.0
4054 3990 109.0
3990 4054 109.0
4054 4038 105.0
4038 4054 105.0
4054 4050 101.0
4050 4054 101.0
4054 4053 209.0
4053 4054 209.0
4055 2007 106.0
2007 4055 106.0
4055 3031 101.0
3031 4055 101.0
4055 3543 109.0
3543 4055 109.0
4055 3799 106.0
3799 4055 106.0
4055 3927 108.0
3927 4055 108.0
4055 3991 102.0
3991 4055 102.0
4055 4039 203.0
4039 4055 203.0
4055 4051 110.0
4051 4055 110.0
4055 4053 205.0
4053 4055 205.0
4056 2008 107.0
2008 4056 107.0
4056 3032 104.0
3032 4056 104.0
4056 3544 107.0
3544 4056 107.0
4056 3800 103.0
3800 4056 103.0
4056 3928 108.0
3928 4056 108.0
4056 3992 201.0
3992 4056 201.0
4056 4040 110.0
4040 4056 110.0
4056 4052 105.0
4052 4056 105.0
4056 4054 103.0
4054 4056 103.0
4056 4055 107.0
4055 4056 107.0
4057 2009 105.0
2009 4057 105.0
4057 3033 201.0
3033 4057 201.0
4057 3545 104.0
3545 4057 104.0
4057 3801 110.0
3801 4057 110.0
4057 3929 103.0
3929 4057 103.0
4057 3993 109.0
3993 4057 109.0
4057 4041 108.0
4041 4057 108.0
4057 4049 104.0
4049 4057 104.0
4058 2010 106.0
2010 4058 106.0
4058 3034 105.0
3034 4058 105.0
4058 3546 206.0
3546 4058 206.0
4058 3802 109.0
3802 4058 109.0
4058 3930 210.0
3930 4058 210.0
4058 3994 103.0
3994 4058 103.0
4058 4042 110.0
4042 4058 110.0
4058 4050 107.0
4050 4058 107.0
4058 4057 106.0
4057 4058 106.0
4059 2011 103.0
2011 4059 103.0
4059 3035 101.0
3035 4059 101.0
4059 3547 110.0
3547 4059 110.0
4059 3803 104.0
3803 4059 104.0
4059 3931 103.0
3931 4059 103.0
4059 3995 106.0
3995 4059 106.0
4059 4043 208.0
4043 4059 208.0
4059 4051 110.0
4051 4059 110.0
4059 4057 109.0
4057 4059 109.0
4060 2012 209.0
2012 4060 209.0
4060 3036 109.0
3036 4060 109.0
4060 3548 108.0
3548 4060 108.0
4060 3804 110.0
3804 4060 110.0
4060 3932 107.0
3932 4060 107.0
4060 3996 103.0
3996 4060 103.0
4060 4044 108.0
4044 4060 108.0
4060 4052 110.0
4052 4060 110.0
4060 4058 101.0
4058 4060 101.0
4060 4059 104.0
4059 4060 104.0
4061 2013 203.0
2013 4061 203.0
4061 3037 208.0
3037 4061 208.0
4061 3549 210.0
3549 4061 210.0
4061 3805 202.0
3805 4061 202.0
4061 3933 208.0
3933 4061 208.0
4061 3997 209.0
3997 4061 209.0
4061 4045 203.0
4045 4061 203.0
4061 4053 305.0
4053 4061 305.0
4061 4057 208.0
4057 4061 208.0
4062 2014 109.0
2014 4062 109.0
4062 3038 110.0
3038 4062 110.0
4062 3550 103.0
3550 4062 103.0
4062 3806 106.0
3806 4062 106.0
4062 3934 108.0
3934 4062 108.0
4062 3998 101.0
3998 4062 101.0
4062 4046 109.0
4046 4062 109.0
4062 4054 108.0
4054 4062 108.0
4062 4058 105.0
4058 4062 105.0
4062 4061 210.0
4061 4062 210.0
4063 2015 205.0
2015 4063 205.0
4063 3039 106.0
3039 4063 106.0
4063 3551 110.0
3551 4063 110.0
4063 3807 103.0
3807 4063 103.0
4063 3935 108.0
3935 4063 108.0
4063 3999 109.0
3999 4063 109.0
4063 4047 102.0
4047 4063 102.0
4063 4055 103.0
4055 4063 103.0
4063 4059 107.0
4059 4063 107.0
4063 4061 202.0
4061 4063 202.0
4064 2016 106.0
2016 4064 106.0
4064 3040 106.0
3040 4064 106.0
4064 3552 110.0
3552 4064 110.0
4064 3808 104.0
3808 4064 104.0
4064 3936 102.0
3936 4064 102.0
4064 4000 209.0
4000 4064 209.0
4064 4048 108.0
4048 4064 108.0
4064 4056 107.0
4056 4064 107.0
4064 4060 101.0
4060 4064 101.0
4064 4062 104.0
4062 4064 104.0
4064 4063 106.0
4063 4064 106.0
4065 2017 103.0
2017 4065 103.0
4065 3041 209.0
3041 4065 209.0
4065 3553 109.0
3553 4065 109.0
4065 3809 203.0
3809 4065 203.0
4065 3937 108.0
3937 4065 108.0
4065 4001 105.0
4001 4065 105.0
4065 4033 105.0
4033 4065 105.0
4066 2018 105.0
2018 4066 105.0
4066 3042 108.0
3042 4066 108.0
4066 3554 203.0
3554 4066 203.0
4066 3810 105.0
3810 4066 105.0
4066 3938 108.0
3938 4066 108.0
4066 4002 109.0
4002 4066 109.0
4066 4034 101.0
4034 4066 101.0
4066 4065 107.0
4065 4066 107.0
4067 2019 110.0
2019 4067 110.0
4067 3043 203.0
3043 4067 203.0
4067 3555 109.0
3555 4067 109.0
4067 3811 103.0
3811 4067 103.0
4067 3939 107.0
3939 4067 107.0
4067 4003 110.0
4003 4067 110.0
4067 4035 109.0
4035 4067 109.0
4067 4065 107.0
4065 4067 107.0
4068 2020 104.0
2020 4068 104.0
4068 3044 105.0
3044 4068 105.0
4068 3556 105.0
3556 4068 105.0
4068 3812 110.0
3812 4068 110.0
4068 3940 105.0
3940 4068 105.0
4068 4004 109.0
4004 4068 109.0
4068 4036 110.0
4036 4068 110.0
4068 4066 109.0
4066 4068 109.0
4068 4067 110.0
4067 4068 110.0
4069 2021 106.0
2021 4069 106.0
4069 3045 106.0
3045 4069 106.0
4069 3557 105.0
3557 4069 105.0
4069 3813 105.0
3813 4069 105.0
4069 3941 104.0
3941 4069 104.0
4069 4005 106.0
4005 4069 106.0
4069 4037 103.0
4037 4069 103.0
4069 4065 101.0
4065 4069 101.0
4070 2022 209.0
2022 4070 209.0
4070 3046 105.0
3046 4070 105.0
4070 3558 102.0
3558 4070 102.0
4070 3814 108.0
3814 4070 108.0
4070 3942 101.0
3942 4070 101.0
4070 4006 106.0
4006 4070 106.0
4070 4038 109.0
4038 4070 109.0
4070 4066 103.0
4066 4070 103.0
4070 4069 107.0
4069 4070 107.0
4071 2023 102.0
2023 4071 102.0
4071 3047 106.0
3047 4071 106.0
4071 3559 105.0
3559 4071 105.0
4071 3815 203.0
3815 4071 203.0
4071 3943 107.0
3943 4071 107.0
4071 4007 103.0
4007 4071 103.0
4071 4039 208.0
4039 4071 208.0
4071 4067 105.0
4067 4071 105.0
4071 4069 105.0
4069 4071 105.0
4072 2024 106.0
2024 4072 106.0
4072 3048 205.0
3048 4072 205.0
4072 3560 108.0
3560 4072 108.0
4072 3816 101.0
3816 4072 101.0
4072 3944 109.0
3944 4072 109.0
4072 4008 105.0
4008 4072 105.0
4072 4040 108.0
4040 4072 108.0
4072 4068 105.0
4068 4072 105.0
4072 4070 105.0
4070 4072 105.0
4072 4071 108.0
4071 4072 108.0
4073 2025 106.0
2025 4073 106.0
4073 3049 106.0
3049 4073 106.0
4073 3561 108.0
3561 4073 108.0
4073 3817 109.0
3817 4073 109.0
4073 3945 103.0
3945 4073 103.0
4073 4009 104.0
4009 4073 104.0
4073 4041 110.0
4041 4073 110.0
4073 4065 104.0
4065 4073 104.0
4074 2026 106.0
2026 4074 106.0
4074 3050 108.0
3050 4074 108.0
4074 3562 104.0
3562 4074 104.0
4074 3818 106.0
3818 4074 106.0
4074 3946 107.0
3946 4074 107.0
4074 4010 109.0
4010 4074 109.0
4074 4042 102.0
4042 4074 102.0
4074 4066 101.0
4066 4074 101.0
4074 4073 109.0
4073 4074 109.0
4075 2027 110.0
2027 4075 110.0
4075 3051 105.0
3051 4075 105.0
4075 3563 101.0
3563 4075 101.0
4075 3819 105.0
3819 4075 105.0
4075 3947 101.0
3947 4075 101.0
4075 4011 104.0
4011 4075 104.0
4075 4043 210.0
4043 4075 210.0
4075 4067 109.0
4067 4075 109.0
4075 4073 109.0
4073 4075 109.0
4076 2028 201.0
2028 4076 201.0
4076 3052 203.0
3052 4076 203.0
4076 3564 201.0
3564 4076 201.0
4076 3820 208.0
3820 4076 208.0
4076 3948 205.0
3948 4076 205.0
4076 4012 203.0
4012 4076 203.0
4076 4044 208.0
4044 4076 208.0
4076 4068 202.0
4068 4076 202.0
4076 4074 208.0
4074 4076 208.0
4076 4075 204.0
4075 4076 204.0
4077 2029 304.0
2029 4077 304.0
4077 3053 205.0
3053 4077 205.0
4077 3565 204.0
3565 4077 204.0
4077 3821 210.0
3821 4077 210.0
4077 3949 205.0
3949 4077 205.0
4077 4013 207.0
4013 4077 207.0
4077 4045 208.0
4045 4077 208.0
4077 4069 209.0
4069 4077 209.0
4077 4073 210.0
4073 4077 210.0
4078 2030 102.0
2030 4078 102.0
4078 3054 109.0
3054 4078 109.0
4078 3566 106.0
3566 4078 106.0
4078 3822 109.0
3822 4078 109.0
4078 3950 103.0
3950 4078 103.0
4078 4014 102.0
4014 4078 102.0
4078 4046 102.0
4046 4078 102.0
4078 4070 107.0
4070 4078 107.0
4078 4074 107.0
4074 4078 107.0
4078 4077 203.0
4077 4078 203.0
4079 2031 110.0
2031 4079 110.0
4079 3055 103.0
3055 4079 103.0
4079 3567 204.0
3567 4079 204.0
4079 3823 108.0
3823 4079 108.0
4079 3951 109.0
3951 4079 109.0
4079 4015 204.0
4015 4079 204.0
4079 4047 110.0
4047 4079 110.0
4079 4071 103.0
4071 4079 103.0
4079 4075 109.0
4075 4079 109.0
4079 4077 202.0
4077 4079 202.0
4080 2032 103.0
2032 4080 103.0
4080 3056 110.0
3056 4080 110.0
4080 3568 107.0
3568 4080 107.0
4080 3824 109.0
3824 4080 109.0
4080 3952 108.0
3952 4080 108.0
4080 4016 108.0
4016 4080 108.0
4080 4048 104.0
4048 4080 104.0
4080 4072 102.0
4072 4080 102.0
4080 4076 202.0
4076 4080 202.0
4080 4078 106.0
4078 4080 106.0
4080 4079 105.0
4079 4080 105.0
4081 2033 110.0
2033 4081 110.0
4081 3057 108.0
3057 4081 108.0
4081 3569 107.0
3569 4081 107.0
4081 3825 104.0
3825 4081 104.0
4081 3953 204.0
3953 4081 204.0
4081 4017 207.0
4017 4081 207.0
4081 4049 102.0
4049 4081 102.0
4081 4065 105.0
4065 4081 105.0
4082 2034 210.0
2034 4082 210.0
4082 3058 105.0
3058 4082 105.0
4082 3570 208.0
3570 4082 208.0
4082 3826 105.0
3826 4082 105.0
4082 3954 109.0
3954 4082 109.0
4082 4018 108.0
4018 4082 108.0
4082 4050 101.0
4050 4082 101.0
4082 4066 106.0
4066 4082 106.0
4082 4081 109.0
4081 4082 109.0
4083 2035 208.0
2035 4083 208.0
4083 3059 101.0
3059 4083 101.0
4083 3571 110.0
3571 4083 110.0
4083 3827 101.0
3827 4083 101.0
4083 3955 102.0
3955 4083 102.0
4083 4019 103.0
4019 4083 103.0
4083 4051 108.0
4051 4083 108.0
4083 4067 103.0
4067 4083 103.0
4083 4081 109.0
4081 4083 109.0
4084 2036 107.0
2036 4084 107.0
4084 3060 110.0
3060 4084 110.0
4084 3572 107.0
3572 4084 107.0
4084 3828 101.0
3828 4084 101.0
4084 3956 102.0
3956 4084 102.0
4084 4020 110.0
4020 4084 110.0
4084 4052 105.0
4052 4084 105.0
4084 4068 110.0
4068 4084 110.0
4084 4082 108.0
4082 4084 108.0
4084 4083 108.0
4083 4084 108.0
4085 2037 101.0
2037 4085 101.0
4085 3061 110.0
3061 4085 110.0
4085 3573 110.0
3573 4085 110.0
4085 3829 105.0
3829 4085 105.0
4085 3957 109.0
3957 4085 109.0
4085 4021 108.0
4021 4085 108.0
4085 4053 203.0
4053 4085 203.0
4085 4069 102.0
4069 4085 102.0
4085 4081 109.0
4081 4085 109.0
4086 2038 102.0
2038 4086 102.0
4086 3062 105.0
3062 4086 105.0
4086 3574 103.0
3574 4086 103.0
4086 3830 101.0
3830 4086 101.0
4086 3958 102.0
3958 4086 102.0
4086 4022 107.0
4022 4086 107.0
4086 4054 110.0
4054 4086 110.0
4086 4070 110.0
4070 4086 110.0
4086 4082 107.0
4082 4086 107.0
4086 4085 101.0
4085 4086 101.0
4087 2039 105.0
2039 4087 105.0
4087 3063 106.0
3063 4087 106.0
4087 3575 108.0
3575 4087 108.0
4087 3831 105.0
3831 4087 105.0
4087 3959 101.0
3959 4087 101.0
4087 4023 105.0
4023 4087 105.0
4087 4055 109.0
4055 4087 109.0
4087 4071 101.0
4071 4087 101.0
4087 4083 103.0
4083 4087 103.0
4087 4085 104.0
4085 4087 104.0
4088 2040 203.0
2040 4088 203.0
4088 3064 201.0
3064 4088 201.0
4088 3576 203.0
3576 4088 203.0
4088 3832 208.0
3832 4088 208.0
4088 3960 205.0
3960 4088 205.0
4088 4024 204.0
4024 4088 204.0
4088 4056 201.0
4056 4088 201.0
4088 4072 202.0
4072 4088 202.0
4088 4084 203.0
4084 4088 203.0
4088 4086 210.0
4086 4088 210.0
4088 4087 208.0
4087 4088 208.0
4089 2041 101.0
2041 4089 101.0
4089 3065 104.0
3065 4089 104.0
4089 3577 104.0
3577 4089 104.0
4089 3833 109.0
3833 4089 109.0
4089 3961 204.0
3961 4089 204.0
4089 4025 106.0
4025 4089 106.0
4089 4057 109.0
4057 4089 109.0
4089 4073 105.0
4073 4089 105.0
4089 4081 105.0
4081 4089 105.0
4090 2042 209.0
2042 4090 209.0
4090 3066 304.0
3066 4090 304.0
4090 3578 203.0
3578 4090 203.0
4090 3834 205.0
3834 4090 205.0
4090 3962 210.0
3962 4090 210.0
4090 4026 207.0
4026 4090 207.0
4090 4058 203.0
4058 4090 203.0
4090 4074 205.0
4074 4090 205.0
4090 4082 206.0
4082 4090 206.0
4090 4089 201.0
4089 4090 201.0
4091 2043 103.0
2043 4091 103.0
4091 3067 105.0
3067 4091 105.0
4091 3579 107.0
3579 4091 107.0
4091 3835 101.0
3835 4091 101.0
4091 3963 203.0
3963 4091 203.0
4091 4027 104.0
4027 4091 104.0
4091 4059 108.0
4059 4091 108.0
4091 4075 106.0
4075 4091 106.0
4091 4083 110.0
4083 4091 110.0
4091 4089 102.0
4089 4091 102.0
4092 2044 106.0
2044 4092 106.0
4092 3068 202.0
3068 4092 202.0
4092 3580 101.0
3580 4092 101.0
4092 3836 106.0
3836 4092 106.0
4092 3964 109.0
3964 4092 109.0
4092 4028 104.0
4028 4092 104.0
4092 4060 105.0
4060 4092 105.0
4092 4076 209.0
4076 4092 209.0
4092 4084 104.0
4084 4092 104.0
4092 4090 205.0
4090 4092 205.0
4092 4091 103.0
4091 4092 103.0
4093 2045 108.0
2045 4093 108.0
4093 3069 101.0
3069 4093 101.0
4093 3581 105.0
3581 4093 105.0
4093 3837 203.0
3837 4093 203.0
4093 3965 103.0
3965 4093 103.0
4093 4029 105.0
4029 4093 105.0
4093 4061 208.0
4061 4093 208.0
4093 4077 208.0
4077 4093 208.0
4093 4085 109.0
4085 4093 109.0
4093 4089 108.0
4089 4093 108.0
4094 2046 109.0
2046 4094 109.0
4094 3070 109.0
3070 4094 109.0
4094 3582 104.0
3582 4094 104.0
4094 3838 101.0
3838 4094 101.0
4094 3966 101.0
3966 4094 101.0
4094 4030 101.0
4030 4094 101.0
4094 4062 110.0
4062 4094 110.0
4094 4078 105.0
4078 4094 105.0
4094 4086 109.0
4086 4094 109.0
4094 4090 204.0
4090 4094 204.0
4094 4093 107.0
4093 4094 107.0
4095 2047 107.0
2047 4095 107.0
4095 3071 203.0
3071 4095 203.0
4095 3583 205.0
3583 4095 205.0
4095 3839 101.0
3839 4095 101.0
4095 3967 104.0
3967 4095 104.0
4095 4031 106.0
4031 4095 106.0
4095 4063 108.0
4063 4095 108.0
4095 4079 104.0
4079 4095 104.0
4095 4087 110.0
4087 4095 110.0
4095 4091 108.0
4091 4095 108.0
4095 4093 108.0
4093 4095 108.0
4096 2048 101.0
2048 4096 101.0
4096 3072 105.0
3072 4096 105.0
4096 3584 107.0
3584 4096 107.0
4096 3840 106.0
3840 4096 106.0
4096 3968 110.0
3968 4096 110.0
4096 4032 103.0
4032 4096 103.0
4096 4064 106.0
4064 4096 106.0
4096 4080 106.0
4080 4096 106.0
4096 4088 203.0
4088 4096 203.0
4096 4092 107.0
4092 4096 107.0
4096 4094 109.0
4094 4096 109.0
4096 4095 101.0
4095 4096 101.0
S 236
3902 628 742 3865 1755 768 2343 1392 3518 859 1410 2071 2291 1732 600 2159 171 328 1911 2440 1226 1864 440 3524 1389 3809 2064 1304 3440 748 2157 2305 2788 1538 1369 785 3778 1662 1695 2838 484 1552 1402 1745 1857 297 1588 25 1122 3919 1830 43 62 2738 2474 918 375 772 3517 2613 1973 3651 1033 897 3043 1496 2757 3232 3896 96 60 2228 2285 1454 2969 800 2406 210 631 2566 275 1664 1504 3637 1310 1182 3066 1810 3539 1827 4017 1419 3670 1108 3237 2563 2190 3837 575 2497 3796 3307 1435 237 2114 3971 3257 2012 3265 1946 564 3992 1343 589 3718 2784 2170 3206 807 1675 1984 2134 307 2549 707 3148 430 1804 2903 1171 3687 545 1347 3348 1276 3068 3369 232 1775 1559 2203 2520 3684 153 1147 2588 2420 2349 2763 2450 1329 1637 3567 2670 1805 1621 3469 108 455 602 2806 309 3657 3424 3583 3041 3496 552 845 2515 814 1555 2304 2330 2666 3848 2029 2105 338 3236 3511 3776 2116 3169 4077 3136 4061 970 144 1752 1008 3771 2884 1836 2996 4043 3123 2956 3678 3585 212 723 1821 884 2150 201 3006 1493 3688 3886 3397 3446 893 2340 753 3698 1494 1868 3867 413 886 1797 1985 1753 507 1052 1316 1311 1961 2760 3114 3224 2589 1078 1507 3026
T 236
485 1169 3212 2767 1898 67 2252 132 4000 3930 3080 3349 133 3963 2875 2206 3293 1256 2690 95 1515 2822 984 3022 502 2015 1960 2553 2944 1404 879 3192 2831 3346 701 2129 534 523 2368 3516 2168 361 3465 1069 226 1063 1399 2929 2711 78 2183 1460 5 2363 2398 675 1681 3287 3874 3314 1345 454 2247 761 2214 3510 20 3772 662 1934 3554 4088 3729 3344 3596 476 44 2467 1109 2354 2086 2859 1717 1734 266 2683 3738 3750 3546 648 457 186 395 2197 2250 578 3197 3537 1779 2595 1886 2602 1185 2397 3879 1103 4039 3644 592 2034 2892 1770 2209 2949 3101 3748 2543 915 271 1215 1790 1415 3953 1003 223 1488 3075 3815 2476 3090 4090 1219 3689 2057 3371 4053 2379 734 3399 2743 296 2913 3071 3859 1206 3033 911 1593 1671 685 1651 2872 2022 3725 3679 431 3910 3570 1318 3493 999 2981 184 280 3164 826 2580 1643 2777 2825 1338 2463 326 1706 510 2380 2035 3270 183 3612 1200 2736 1550 1626 428 1716 3924 4015 1513 3427 919 650 3792 1529 3988 3141 668 3607 3402 34 3631 1269 2621 1988 955 1855 3978 3163 2917 3215 868 2510 105 2729 2239 1032 930 412 113 117 1859 2641 362 2432 3961 4076 3048 433 3310 583 981 1102 1229 3342 99 469
