N 17127
M 54704
R 250
# u v length
305 4463 22.0
4463 305 22.0
4462 4463 6.0
4463 4462 6.0
4462 4471 31.0
4471 4462 31.0
4462 4470 38.0
4470 4462 38.0
4463 4472 31.0
4472 4463 31.0
350 4464 2.0
4464 350 2.0
350 4463 40.0
4463 350 40.0
4464 4465 18.0
4465 4464 18.0
4464 4474 29.0
4474 4464 29.0
4465 4468 22.0
4468 4465 22.0
410 4466 12.0
4466 410 12.0
410 4465 32.0
4465 410 32.0
4466 4467 29.0
4467 4466 29.0
4466 4469 10.0
4469 4466 10.0
472 4467 11.0
4467 472 11.0
4468 4469 32.0
4469 4468 32.0
454 4469 29.0
4469 454 29.0
454 4467 10.0
4467 454 10.0
2215 4480 51.0
4480 2215 51.0
2215 2219 52.0
2219 2215 52.0
4470 4471 7.0
4471 4470 7.0
4471 4472 6.0
4472 4471 6.0
4471 4475 7.0
4475 4471 7.0
4472 4473 17.0
4473 4472 17.0
4472 4476 7.0
4476 4472 7.0
4473 4474 23.0
4474 4473 23.0
373 4474 18.0
4474 373 18.0
373 4468 7.0
4468 373 7.0
288 4475 7.0
4475 288 7.0
288 4477 22.0
4477 288 22.0
288 4470 7.0
4470 288 7.0
4475 4476 6.0
4476 4475 6.0
4475 4478 22.0
4478 4475 22.0
4476 4479 22.0
4479 4476 22.0
4477 4478 7.0
4478 4477 7.0
4478 4479 6.0
4479 4478 6.0
4478 4482 28.0
4482 4478 28.0
321 4483 28.0
4483 321 28.0
321 4479 17.0
4479 321 17.0
321 4473 29.0
4473 321 29.0
831 832 20.0
832 831 20.0
4480 4486 13.0
4486 4480 13.0
2235 4480 8.0
4480 2235 8.0
832 4481 2.0
4481 832 2.0
4481 4491 38.0
4491 4481 38.0
874 4484 1.0
4484 874 1.0
874 4481 30.0
4481 874 30.0
275 4482 19.0
4482 275 19.0
275 4487 9.0
4487 275 9.0
275 4477 40.0
4477 275 40.0
4482 4483 23.0
4483 4482 23.0
4482 4489 23.0
4489 4482 23.0
4483 4490 23.0
4490 4483 23.0
4484 4508 48.0
4508 4484 48.0
932 4512 51.0
4512 932 51.0
932 4484 30.0
4484 932 30.0
2105 4485 9.0
4485 2105 9.0
2162 4486 28.0
4486 2162 28.0
2162 4485 22.0
4485 2162 22.0
255 4487 20.0
4487 255 20.0
255 4492 29.0
4492 255 29.0
255 275 29.0
275 255 29.0
4487 4488 14.0
4488 4487 14.0
4488 4489 19.0
4489 4488 19.0
4488 4494 19.0
4494 4488 19.0
4489 4490 23.0
4490 4489 23.0
4490 4496 19.0
4496 4490 19.0
334 4497 19.0
4497 334 19.0
334 4490 8.0
4490 334 8.0
390 4503 10.0
4503 390 10.0
390 4502 10.0
4502 390 10.0
812 4491 12.0
4491 812 12.0
812 4506 11.0
4506 812 11.0
4491 4507 11.0
4507 4491 11.0
235 4492 32.0
4492 235 32.0
235 4504 10.0
4504 235 10.0
235 255 61.0
255 235 61.0
4492 4493 4.0
4493 4492 4.0
4493 4494 20.0
4494 4493 20.0
4493 4528 40.0
4528 4493 40.0
4494 4495 17.0
4495 4494 17.0
298 4496 23.0
4496 298 23.0
298 4498 2.0
4498 298 2.0
298 4495 2.0
4495 298 2.0
298 4489 19.0
4489 298 19.0
4496 4497 8.0
4497 4496 8.0
4496 4499 2.0
4499 4496 2.0
4497 4501 2.0
4501 4497 2.0
2204 2287 43.0
2287 2204 43.0
2204 4486 42.0
4486 2204 42.0
4498 4499 23.0
4499 4498 23.0
4498 4531 38.0
4531 4498 38.0
4499 4500 5.0
4500 4499 5.0
4499 4532 38.0
4532 4499 38.0
4500 4501 3.0
4501 4500 3.0
4501 4540 39.0
4540 4501 39.0
368 4502 20.0
4502 368 20.0
368 388 21.0
388 368 21.0
368 4501 29.0
4501 368 29.0
388 4503 1.0
4503 388 1.0
388 4502 1.0
4502 388 1.0
4503 4523 39.0
4523 4503 39.0
203 4504 40.0
4504 203 40.0
203 4515 12.0
4515 203 12.0
203 4514 34.0
4514 203 34.0
4505 4513 8.0
4513 4505 8.0
1952 4505 2.0
4505 1952 2.0
4506 4507 12.0
4507 4506 12.0
4506 4520 50.0
4520 4506 50.0
4507 4546 38.0
4546 4507 38.0
845 4508 23.0
4508 845 23.0
845 4509 3.0
4509 845 3.0
845 4507 7.0
4507 845 7.0
4508 4511 3.0
4511 4508 3.0
4509 4510 19.0
4510 4509 19.0
4509 4547 35.0
4547 4509 35.0
4510 4511 4.0
4511 4510 4.0
4511 4512 30.0
4512 4511 30.0
4511 4557 38.0
4557 4511 38.0
944 4512 8.0
4512 944 8.0
2125 4485 50.0
4485 2125 50.0
658 4518 12.0
4518 658 12.0
658 4517 34.0
4517 658 34.0
1898 4513 39.0
4513 1898 39.0
1898 4562 40.0
4562 1898 40.0
1898 4541 40.0
4541 1898 40.0
1898 4505 47.0
4505 1898 47.0
4514 4515 22.0
4515 4514 22.0
4514 4522 16.0
4522 4514 16.0
4515 4516 39.0
4516 4515 39.0
4515 4549 30.0
4549 4515 30.0
4516 4526 23.0
4526 4516 23.0
233 4527 23.0
4527 233 23.0
233 4516 1.0
4516 233 1.0
233 4504 12.0
4504 233 12.0
4517 4518 22.0
4518 4517 22.0
4517 4521 6.0
4521 4517 6.0
4518 4519 28.0
4519 4518 28.0
4518 4543 21.0
4543 4518 21.0
4519 4544 21.0
4544 4519 21.0
730 4520 19.0
4520 730 19.0
730 4545 21.0
4545 730 21.0
730 4519 22.0
4519 730 22.0
557 4521 40.0
4521 557 40.0
557 4559 21.0
4559 557 21.0
557 4558 32.0
4558 557 32.0
4521 4542 15.0
4542 4521 15.0
2124 4581 30.0
4581 2124 30.0
2124 2125 21.0
2125 2124 21.0
173 4522 30.0
4522 173 30.0
173 4563 21.0
4563 173 21.0
4522 4548 14.0
4548 4522 14.0
4523 4524 18.0
4524 4523 18.0
4524 4525 8.0
4525 4524 8.0
4524 4568 19.0
4568 4524 19.0
4525 4569 19.0
4569 4525 19.0
442 4570 19.0
4570 442 19.0
442 4525 5.0
4525 442 5.0
1239 4578 22.0
4578 1239 22.0
4526 4527 1.0
4527 4526 1.0
4526 4533 1.0
4533 4526 1.0
4527 4528 33.0
4528 4527 33.0
4527 4534 1.0
4534 4527 1.0
4528 4529 6.0
4529 4528 6.0
4529 4530 27.0
4530 4529 27.0
4529 4535 1.0
4535 4529 1.0
4530 4536 1.0
4536 4530 1.0
297 4531 2.0
4531 297 2.0
297 4537 1.0
4537 297 1.0
297 4530 4.0
4530 297 4.0
297 4495 40.0
4495 297 40.0
4531 4532 23.0
4532 4531 23.0
4531 4538 1.0
4538 4531 1.0
4532 4539 1.0
4539 4532 1.0
4533 4534 1.0
4534 4533 1.0
4534 4535 39.0
4535 4534 39.0
4534 4551 6.0
4551 4534 6.0
4535 4536 27.0
4536 4535 27.0
4536 4537 4.0
4537 4536 4.0
4536 4575 18.0
4575 4536 18.0
4537 4538 2.0
4538 4537 2.0
4537 4576 18.0
4576 4537 18.0
4538 4539 23.0
4539 4538 23.0
329 4540 3.0
4540 329 3.0
329 4583 21.0
4583 329 21.0
329 4539 5.0
4539 329 5.0
329 4500 39.0
4500 329 39.0
4540 4584 21.0
4584 4540 21.0
1791 1806 10.0
1806 1791 10.0
1791 4604 42.0
4604 1791 42.0
1806 4541 40.0
4541 1806 40.0
1806 4561 31.0
4561 1806 31.0
4542 4543 22.0
4543 4542 22.0
4543 4544 28.0
4544 4543 28.0
4543 4560 6.0
4560 4543 6.0
4544 4545 22.0
4545 4544 22.0
757 4546 45.0
4546 757 45.0
757 4552 3.0
4552 757 3.0
757 4545 19.0
4545 757 19.0
757 4520 21.0
4520 757 21.0
4546 4547 7.0
4547 4546 7.0
4546 4554 3.0
4554 4546 3.0
4547 4556 3.0
4556 4547 3.0
4548 4549 22.0
4549 4548 22.0
4549 4550 37.0
4550 4549 37.0
4549 4565 7.0
4565 4549 7.0
4550 4566 7.0
4566 4550 7.0
232 4551 1.0
4551 232 1.0
232 4572 12.0
4572 232 12.0
232 4550 2.0
4550 232 2.0
232 4533 6.0
4533 232 6.0
4551 4573 12.0
4573 4551 12.0
4552 4553 19.0
4553 4552 19.0
4552 4590 16.0
4590 4552 16.0
4553 4554 26.0
4554 4553 26.0
4554 4555 3.0
4555 4554 3.0
4554 4613 39.0
4613 4554 39.0
4555 4556 4.0
4556 4555 4.0
4555 4614 39.0
4614 4555 39.0
4556 4615 39.0
4615 4556 39.0
869 4557 4.0
4557 869 4.0
869 4633 42.0
4633 869 42.0
869 4556 19.0
4556 869 19.0
869 4510 38.0
4510 869 38.0
4557 4634 42.0
4634 4557 42.0
4558 4559 11.0
4559 4558 11.0
618 4560 22.0
4560 618 22.0
618 4593 32.0
4593 618 32.0
618 4559 40.0
4559 618 40.0
618 4542 6.0
4542 618 6.0
4560 4588 30.0
4588 4560 30.0
1876 4562 12.0
4562 1876 12.0
1876 4561 21.0
4561 1876 21.0
1876 4541 12.0
4541 1876 12.0
4563 4564 8.0
4564 4563 8.0
4563 4592 19.0
4592 4563 19.0
4563 4591 24.0
4591 4563 24.0
187 4565 22.0
4565 187 22.0
187 4609 30.0
4609 187 30.0
187 4564 22.0
4564 187 22.0
187 4548 7.0
4548 187 7.0
4565 4566 37.0
4566 4565 37.0
4565 4620 33.0
4620 4565 33.0
4566 4571 5.0
4571 4566 5.0
4567 4587 9.0
4587 4567 9.0
4567 4585 17.0
4585 4567 17.0
401 4568 18.0
4568 401 18.0
401 4567 22.0
4567 401 22.0
401 4523 19.0
4523 401 19.0
4568 4569 8.0
4569 4568 8.0
4568 4625 33.0
4625 4568 33.0
4569 4570 5.0
4570 4569 5.0
4569 4626 33.0
4626 4569 33.0
4570 4627 33.0
4627 4570 33.0
1948 4562 41.0
4562 1948 41.0
1948 4513 42.0
4513 1948 42.0
2386 4641 41.0
4641 2386 41.0
4571 4572 2.0
4572 4571 2.0
4572 4573 1.0
4573 4572 1.0
4572 4622 28.0
4622 4572 28.0
4573 4574 27.0
4574 4573 27.0
4573 4623 28.0
4623 4573 28.0
4574 4624 28.0
4624 4574 28.0
262 4575 27.0
4575 262 27.0
262 4650 40.0
4650 262 40.0
262 4574 12.0
4574 262 12.0
262 4535 18.0
4535 262 18.0
4575 4576 4.0
4576 4575 4.0
4575 4661 42.0
4661 4575 42.0
4576 4582 10.0
4582 4576 10.0
4577 4578 14.0
4578 4577 14.0
4577 4597 23.0
4597 4577 23.0
4577 4596 32.0
4596 4577 32.0
4578 4579 37.0
4579 4578 37.0
4578 4598 23.0
4598 4578 23.0
4579 4580 9.0
4580 4579 9.0
4579 4599 23.0
4599 4579 23.0
4580 4600 23.0
4600 4580 23.0
1313 4601 23.0
4601 1313 23.0
1313 4580 3.0
4580 1313 3.0
2119 4581 2.0
4581 2119 2.0
2119 4635 31.0
4635 2119 31.0
2119 2124 32.0
2124 2119 32.0
4581 4636 31.0
4636 4581 31.0
4582 4583 23.0
4583 4582 23.0
4583 4584 3.0
4584 4583 3.0
341 4585 20.0
4585 341 20.0
341 364 21.0
364 341 21.0
341 4584 6.0
4584 341 6.0
4586 4603 20.0
4603 4586 20.0
1419 1444 10.0
1444 1419 10.0
1419 4586 3.0
4586 1419 3.0
364 4587 9.0
4587 364 9.0
364 4585 1.0
4585 364 1.0
4588 4589 7.0
4589 4588 7.0
4589 4594 19.0
4594 4589 19.0
699 4590 41.0
4590 699 41.0
699 4595 19.0
4595 699 19.0
699 4589 4.0
4589 699 4.0
699 4544 19.0
4544 699 19.0
4590 4612 23.0
4612 4590 23.0
543 4657 32.0
4657 543 32.0
543 4558 18.0
4558 543 18.0
162 4591 7.0
4591 162 7.0
162 4606 11.0
4606 162 11.0
4591 4592 5.0
4592 4591 5.0
4591 4607 11.0
4607 4591 11.0
4592 4608 11.0
4608 4592 11.0
677 4594 7.0
4594 677 7.0
677 4658 18.0
4658 677 18.0
677 4593 39.0
4593 677 39.0
677 4588 19.0
4588 677 19.0
4594 4595 4.0
4595 4594 4.0
4594 4671 25.0
4671 4594 25.0
4595 4610 4.0
4610 4595 4.0
4596 4597 9.0
4597 4596 9.0
4597 4598 14.0
4598 4597 14.0
4597 4617 4.0
4617 4597 4.0
4598 4599 37.0
4599 4598 37.0
4598 4618 4.0
4618 4598 4.0
4599 4600 9.0
4600 4599 9.0
4600 4601 3.0
4601 4600 3.0
4600 4654 17.0
4654 4600 17.0
4601 4602 18.0
4602 4601 18.0
4601 4655 17.0
4655 4601 17.0
1402 4603 8.0
4603 1402 8.0
1402 4714 39.0
4714 1402 39.0
1402 4602 32.0
4602 1402 32.0
1402 4586 28.0
4586 1402 28.0
4604 4605 25.0
4605 4604 25.0
4605 4667 18.0
4667 4605 18.0
1838 4759 50.0
4759 1838 50.0
1838 4605 4.0
4605 1838 4.0
1838 4561 30.0
4561 1838 30.0
4606 4607 7.0
4607 4606 7.0
4606 4700 32.0
4700 4606 32.0
4606 4699 64.0
4699 4606 64.0
4607 4608 5.0
4608 4607 5.0
4607 4701 32.0
4701 4607 32.0
176 4609 22.0
4609 176 22.0
176 4702 32.0
4702 176 32.0
176 4608 8.0
4608 176 8.0
176 4564 30.0
4564 176 30.0
4609 4619 3.0
4619 4609 3.0
4610 4611 17.0
4611 4610 17.0
4610 4672 21.0
4672 4610 21.0
4611 4612 24.0
4612 4611 24.0
4611 4673 21.0
4673 4611 21.0
786 4613 26.0
4613 786 26.0
786 4628 3.0
4628 786 3.0
786 4612 19.0
4612 786 19.0
786 4553 39.0
4553 786 39.0
4613 4614 3.0
4614 4613 3.0
4613 4629 3.0
4629 4613 3.0
4614 4615 4.0
4615 4614 4.0
4614 4630 3.0
4630 4614 3.0
4615 4631 3.0
4631 4615 3.0
4616 4639 9.0
4639 4616 9.0
1204 4617 9.0
4617 1204 9.0
1204 4640 9.0
4640 1204 9.0
1204 4616 23.0
4616 1204 23.0
1204 4596 4.0
4596 1204 4.0
4617 4618 14.0
4618 4617 14.0
4617 4651 13.0
4651 4617 13.0
4618 4652 13.0
4652 4618 13.0
4619 4620 22.0
4620 4619 22.0
4619 4703 29.0
4703 4619 29.0
4620 4621 5.0
4621 4620 5.0
4621 4645 12.0
4645 4621 12.0
230 4622 2.0
4622 230 2.0
230 4647 12.0
4647 230 12.0
230 4621 32.0
4621 230 32.0
230 4571 28.0
4571 230 28.0
4622 4623 1.0
4623 4622 1.0
4622 4648 12.0
4648 4622 12.0
4623 4624 27.0
4624 4623 27.0
4623 4649 12.0
4649 4623 12.0
4625 4626 8.0
4626 4625 8.0
4625 4642 11.0
4642 4625 11.0
4626 4627 5.0
4627 4626 5.0
4626 4643 11.0
4643 4626 11.0
487 4644 11.0
4644 487 11.0
487 4627 28.0
4627 487 28.0
1604 4664 14.0
4664 1604 14.0
1604 4663 15.0
4663 1604 15.0
4628 4629 26.0
4629 4628 26.0
4628 4674 18.0
4674 4628 18.0
4629 4630 3.0
4630 4629 3.0
4629 4676 18.0
4676 4629 18.0
4630 4631 4.0
4631 4630 4.0
4631 4632 15.0
4632 4631 15.0
4631 4677 18.0
4677 4631 18.0
4632 4633 4.0
4633 4632 4.0
4632 4678 18.0
4678 4632 18.0
4633 4634 4.0
4634 4633 4.0
901 4738 39.0
4738 901 39.0
901 4634 14.0
4634 901 14.0
4635 4636 2.0
4636 4635 2.0
4635 4689 37.0
4689 4635 37.0
2139 4637 2.0
4637 2139 2.0
2139 4636 7.0
4636 2139 7.0
4637 4638 19.0
4638 4637 19.0
4637 4690 22.0
4690 4637 22.0
4638 4691 22.0
4691 4638 22.0
2199 4693 22.0
4693 2199 22.0
2199 4638 21.0
4638 2199 21.0
1149 4639 7.0
4639 1149 7.0
1149 4767 40.0
4767 1149 40.0
1149 4616 16.0
4616 1149 16.0
4639 4640 23.0
4640 4639 23.0
4639 4729 32.0
4729 4639 32.0
4640 4651 13.0
4651 4640 13.0
4641 4775 39.0
4775 4641 39.0
4641 4695 31.0
4695 4641 31.0
2399 4641 8.0
4641 2399 8.0
4642 4643 8.0
4643 4642 8.0
4642 4668 5.0
4668 4642 5.0
4643 4644 33.0
4644 4643 33.0
4643 4698 17.0
4698 4643 17.0
507 4656 21.0
4656 507 21.0
507 4644 20.0
4644 507 20.0
4645 4646 19.0
4646 4645 19.0
4646 4647 13.0
4647 4646 13.0
4646 4706 17.0
4706 4646 17.0
4647 4648 2.0
4648 4647 2.0
4648 4649 1.0
4649 4648 1.0
4648 4707 17.0
4707 4648 17.0
4649 4708 17.0
4708 4649 17.0
250 4650 12.0
4650 250 12.0
250 4659 2.0
4659 250 2.0
250 4649 27.0
4649 250 27.0
250 4624 12.0
4624 250 12.0
4650 4660 2.0
4660 4650 2.0
4651 4652 14.0
4652 4651 14.0
4652 4653 26.0
4653 4652 26.0
4652 4730 28.0
4730 4652 28.0
4653 4710 22.0
4710 4653 22.0
1299 4654 9.0
4654 1299 9.0
1299 4711 22.0
4711 1299 22.0
1299 4653 11.0
4653 1299 11.0
1299 4599 17.0
4599 1299 17.0
4654 4655 3.0
4655 4654 3.0
4654 4712 22.0
4712 4654 22.0
4655 4713 22.0
4713 4655 22.0
4656 4657 3.0
4657 4656 3.0
573 604 21.0
604 573 21.0
573 4657 18.0
4657 573 18.0
604 4658 51.0
4658 604 51.0
604 4593 30.0
4593 604 30.0
4658 4670 7.0
4670 4658 7.0
4659 4660 12.0
4660 4659 12.0
4659 4748 30.0
4748 4659 30.0
4660 4661 27.0
4661 4660 27.0
4660 4749 30.0
4749 4660 30.0
4661 4662 8.0
4662 4661 8.0
4662 4751 30.0
4751 4662 30.0
303 4752 30.0
4752 303 30.0
303 4662 3.0
4662 303 3.0
303 4582 39.0
4582 303 39.0
4663 4664 1.0
4664 4663 1.0
4663 4669 4.0
4669 4663 4.0
4664 4665 29.0
4665 4664 29.0
4664 4682 6.0
4682 4664 6.0
4665 4666 39.0
4666 4665 39.0
4666 4688 7.0
4688 4666 7.0
1752 4667 48.0
4667 1752 48.0
1752 4666 12.0
4666 1752 12.0
1752 4604 41.0
4604 1752 41.0
4667 4758 32.0
4758 4667 32.0
379 4668 40.0
4668 379 40.0
379 4697 12.0
4697 379 12.0
379 4696 14.0
4696 379 14.0
379 4587 40.0
4587 379 40.0
1512 4669 60.0
4669 1512 60.0
1512 4680 2.0
4680 1512 2.0
1512 4679 4.0
4679 1512 4.0
4670 4671 7.0
4671 4670 7.0
4670 4726 24.0
4726 4670 24.0
4671 4672 4.0
4672 4671 4.0
4671 4726 17.0
4726 4671 17.0
4672 4673 17.0
4673 4672 17.0
4672 4727 17.0
4727 4672 17.0
4673 4674 43.0
4674 4673 43.0
4674 4675 8.0
4675 4674 8.0
4674 4728 17.0
4728 4674 17.0
4675 4676 18.0
4676 4675 18.0
4675 4734 21.0
4734 4675 21.0
838 4677 4.0
4677 838 4.0
838 4736 21.0
4736 838 21.0
838 4676 3.0
4676 838 3.0
838 4630 18.0
4630 838 18.0
4677 4678 15.0
4678 4677 15.0
4677 4737 21.0
4737 4677 21.0
4679 4680 2.0
4680 4679 2.0
4679 4683 1.0
4683 4679 1.0
4680 4681 57.0
4681 4680 57.0
4680 4684 1.0
4684 4680 1.0
4681 4685 1.0
4685 4681 1.0
1602 4682 1.0
4682 1602 1.0
1602 4686 1.0
4686 1602 1.0
1602 4681 3.0
4681 1602 3.0
1602 4669 2.0
4669 1602 2.0
4682 4687 1.0
4687 4682 1.0
4683 4684 2.0
4684 4683 2.0
4683 4725 14.0
4725 4683 14.0
4684 4685 57.0
4685 4684 57.0
4685 4686 3.0
4686 4685 3.0
4686 4687 1.0
4687 4686 1.0
1660 4688 39.0
4688 1660 39.0
1660 4687 29.0
4687 1660 29.0
1660 4665 7.0
4665 1660 7.0
4689 4690 22.0
4690 4689 22.0
4689 4709 3.0
4709 4689 3.0
4690 4691 19.0
4691 4690 19.0
4690 4741 16.0
4741 4690 16.0
4691 4692 9.0
4692 4691 9.0
4692 4693 12.0
4693 4692 12.0
4692 4756 17.0
4756 4692 17.0
4693 4694 18.0
4694 4693 18.0
4694 4773 22.0
4773 4694 22.0
2294 4695 39.0
4695 2294 39.0
2294 4774 22.0
4774 2294 22.0
2294 4694 32.0
4694 2294 32.0
4696 4697 2.0
4697 4696 2.0
4697 4801 29.0
4801 4697 29.0
428 4698 8.0
4698 428 8.0
428 4802 29.0
4802 428 29.0
428 4697 40.0
4697 428 40.0
428 4668 12.0
4668 428 12.0
4699 4700 32.0
4700 4699 32.0
4700 4701 7.0
4701 4700 7.0
4700 4715 6.0
4715 4700 6.0
4701 4702 13.0
4702 4701 13.0
4701 4716 6.0
4716 4701 6.0
4702 4703 22.0
4703 4702 22.0
4702 4717 6.0
4717 4702 6.0
4703 4704 6.0
4704 4703 6.0
4704 4705 17.0
4705 4704 17.0
4704 4718 6.0
4718 4704 6.0
4705 4743 15.0
4743 4705 15.0
209 4706 19.0
4706 209 19.0
209 4744 15.0
4744 209 15.0
209 4705 4.0
4705 209 4.0
209 4645 17.0
4645 209 17.0
4706 4707 15.0
4707 4706 15.0
4706 4745 15.0
4745 4706 15.0
4707 4708 1.0
4708 4707 1.0
4707 4746 15.0
4746 4707 15.0
4708 4747 15.0
4747 4708 15.0
1989 4709 60.0
4709 1989 60.0
1989 4739 13.0
4739 1989 13.0
537 4656 19.0
4656 537 19.0
4710 4711 11.0
4711 4710 11.0
4710 4719 1.0
4719 4710 1.0
4711 4712 9.0
4712 4711 9.0
4711 4720 1.0
4720 4711 1.0
4712 4713 3.0
4713 4712 3.0
4712 4721 1.0
4721 4712 1.0
1351 4714 32.0
4714 1351 32.0
1351 4722 1.0
4722 1351 1.0
1351 4713 18.0
4713 1351 18.0
1351 4602 39.0
4602 1351 39.0
4714 4724 1.0
4724 4714 1.0
139 4715 32.0
4715 139 32.0
139 4760 13.0
4760 139 13.0
139 4699 6.0
4699 139 6.0
4715 4716 7.0
4716 4715 7.0
4715 4761 13.0
4761 4715 13.0
4716 4717 13.0
4717 4716 13.0
4716 4762 13.0
4762 4716 13.0
4717 4718 28.0
4718 4717 28.0
4717 4763 13.0
4763 4717 13.0
4718 4742 9.0
4742 4718 9.0
4719 4720 11.0
4720 4719 11.0
4719 4731 5.0
4731 4719 5.0
4720 4721 9.0
4721 4720 9.0
4720 4781 17.0
4781 4720 17.0
4721 4722 21.0
4722 4721 21.0
4721 4782 17.0
4782 4721 17.0
4722 4723 9.0
4723 4722 9.0
4722 4794 18.0
4794 4722 18.0
4723 4724 23.0
4724 4723 23.0
4723 4804 23.0
4804 4723 23.0
1415 4725 50.0
4725 1415 50.0
1415 4805 23.0
4805 1415 23.0
1415 4724 8.0
4724 1415 8.0
1415 4603 40.0
4603 1415 40.0
2989 4825 32.0
4825 2989 32.0
4726 4727 4.0
4727 4726 4.0
4726 4769 12.0
4769 4726 12.0
726 4728 43.0
4728 726 43.0
726 4732 4.0
4732 726 4.0
726 4727 17.0
4727 726 17.0
726 4673 17.0
4673 726 17.0
4728 4733 4.0
4733 4728 4.0
2659 4901 52.0
4901 2659 52.0
2659 4757 69.0
4757 2659 69.0
4729 4768 8.0
4768 4729 8.0
1217 4730 14.0
4730 1217 14.0
1217 4778 12.0
4778 1217 12.0
1217 4729 32.0
4729 1217 32.0
1217 4651 28.0
4651 1217 28.0
4730 4731 26.0
4731 4730 26.0
4730 4779 12.0
4779 4730 12.0
4732 4733 43.0
4733 4732 43.0
4732 4770 8.0
4770 4732 8.0
4733 4734 8.0
4734 4733 8.0
4733 4771 8.0
4771 4733 8.0
4734 4735 9.0
4735 4734 9.0
4735 4736 12.0
4736 4735 12.0
4735 4772 8.0
4772 4735 8.0
4736 4737 4.0
4737 4736 4.0
862 4738 22.0
4738 862 22.0
862 4819 22.0
4819 862 22.0
862 4737 15.0
4737 862 15.0
862 4678 21.0
4678 862 21.0
4738 4820 22.0
4820 4738 22.0
4739 4740 28.0
4740 4739 28.0
4739 4872 39.0
4872 4739 39.0
2092 4741 22.0
4741 2092 22.0
2092 4753 1.0
4753 2092 1.0
2092 4740 32.0
4740 2092 32.0
2092 4709 13.0
4709 2092 13.0
4741 4755 1.0
4755 4741 1.0
4742 4743 17.0
4743 4742 17.0
4743 4744 4.0
4744 4743 4.0
4743 4765 4.0
4765 4743 4.0
4744 4745 19.0
4745 4744 19.0
4744 4766 4.0
4766 4744 4.0
4745 4746 15.0
4746 4745 15.0
4745 4784 9.0
4784 4745 9.0
4746 4747 1.0
4747 4746 1.0
4746 4785 9.0
4785 4746 9.0
4747 4748 27.0
4748 4747 27.0
4747 4786 9.0
4786 4747 9.0
4748 4749 12.0
4749 4748 12.0
4748 4788 9.0
4788 4748 9.0
4749 4750 6.0
4750 4749 6.0
4749 4789 9.0
4789 4749 9.0
290 4751 8.0
4751 290 8.0
290 4790 9.0
4790 290 9.0
290 4750 21.0
4750 290 21.0
290 4661 30.0
4661 290 30.0
4751 4752 3.0
4752 4751 3.0
4751 4797 13.0
4797 4751 13.0
4752 4798 13.0
4798 4752 13.0
4753 4754 8.0
4754 4753 8.0
4753 4873 38.0
4873 4753 38.0
4754 4755 14.0
4755 4754 14.0
2165 4756 9.0
4756 2165 9.0
2165 2182 30.0
2182 2165 30.0
2165 4755 19.0
4755 2165 19.0
2165 4691 17.0
4691 2165 17.0
2530 4757 19.0
4757 2530 19.0
2530 2555 40.0
2555 2530 40.0
4758 4759 4.0
4759 4758 4.0
1852 4759 7.0
4759 1852 7.0
4760 4761 32.0
4761 4760 32.0
4760 4845 29.0
4845 4760 29.0
4761 4762 7.0
4762 4761 7.0
4761 4846 29.0
4846 4761 29.0
4762 4763 13.0
4763 4762 13.0
4763 4764 7.0
4764 4763 7.0
4763 4848 29.0
4848 4763 29.0
4764 4826 22.0
4826 4764 22.0
193 4765 17.0
4765 193 17.0
193 4827 22.0
4827 193 22.0
193 4764 21.0
4764 193 21.0
193 4742 4.0
4742 193 4.0
4765 4766 4.0
4766 4765 4.0
4765 4828 22.0
4828 4765 22.0
4766 4783 5.0
4783 4766 5.0
1127 4767 12.0
4767 1127 12.0
1127 4776 16.0
4776 1127 16.0
4767 4768 7.0
4768 4767 7.0
4767 4776 4.0
4776 4767 4.0
4768 4777 4.0
4777 4768 4.0
4769 4770 21.0
4770 4769 21.0
4769 4813 14.0
4813 4769 14.0
4770 4771 43.0
4771 4770 43.0
4770 4814 14.0
4814 4770 14.0
796 4772 9.0
4772 796 9.0
796 4816 14.0
4816 796 14.0
796 4771 8.0
4771 796 8.0
796 4734 8.0
4734 796 8.0
4772 4817 14.0
4817 4772 14.0
4773 4774 32.0
4774 4773 32.0
4774 4795 7.0
4795 4774 7.0
2364 4775 14.0
4775 2364 14.0
2364 4863 31.0
4863 2364 31.0
2364 4774 39.0
4774 2364 39.0
2364 4695 22.0
4695 2364 22.0
4775 4864 31.0
4864 4775 31.0
4776 4777 7.0
4777 4776 7.0
4777 4778 32.0
4778 4777 32.0
4778 4779 14.0
4779 4778 14.0
4779 4780 14.0
4780 4779 14.0
4780 4791 1.0
4791 4780 1.0
1281 4781 11.0
4781 1281 11.0
1281 4792 1.0
4792 1281 1.0
1281 4780 12.0
4780 1281 12.0
1281 4731 12.0
4731 1281 12.0
4781 4782 9.0
4782 4781 9.0
4781 4793 1.0
4793 4781 1.0
4783 4784 19.0
4784 4783 19.0
4783 4829 17.0
4829 4783 17.0
4784 4785 15.0
4785 4784 15.0
4785 4786 1.0
4786 4785 1.0
4785 4830 17.0
4830 4785 17.0
4786 4787 13.0
4787 4786 13.0
4786 4831 17.0
4831 4786 17.0
4787 4788 14.0
4788 4787 14.0
4787 4832 17.0
4832 4787 17.0
4788 4789 12.0
4789 4788 12.0
4788 4833 17.0
4833 4788 17.0
269 4790 21.0
4790 269 21.0
269 4910 42.0
4910 269 42.0
269 4789 6.0
4789 269 6.0
269 4750 9.0
4750 269 9.0
4790 4796 4.0
4796 4790 4.0
4791 4792 12.0
4792 4791 12.0
4792 4793 11.0
4793 4792 11.0
1308 4794 21.0
4794 1308 21.0
1308 4793 9.0
4793 1308 9.0
1308 4782 1.0
4782 1308 1.0
4794 4803 5.0
4803 4794 5.0
2237 4795 32.0
4795 2237 32.0
2237 4885 30.0
4885 2237 30.0
2237 4823 10.0
4823 2237 10.0
2237 4773 7.0
4773 2237 7.0
4795 4892 32.0
4892 4795 32.0
4796 4797 8.0
4797 4796 8.0
4796 4841 26.0
4841 4796 26.0
4797 4798 3.0
4798 4797 3.0
4797 4841 18.0
4841 4797 18.0
4798 4799 18.0
4799 4798 18.0
4799 4800 39.0
4800 4799 39.0
4800 4808 2.0
4808 4800 2.0
374 4801 2.0
4801 374 2.0
374 4809 2.0
4809 374 2.0
374 4800 2.0
4800 374 2.0
374 4696 29.0
4696 374 29.0
4801 4802 40.0
4802 4801 40.0
4801 4810 2.0
4810 4801 2.0
4802 4812 2.0
4812 4802 2.0
4803 4804 9.0
4804 4803 9.0
4803 4821 12.0
4821 4803 12.0
4804 4805 31.0
4805 4804 31.0
4805 4806 18.0
4806 4805 18.0
4805 4822 6.0
4822 4805 6.0
4806 4807 19.0
4807 4806 19.0
4807 4868 23.0
4868 4807 23.0
1506 4869 23.0
4869 1506 23.0
1506 4807 13.0
4807 1506 13.0
1506 4725 23.0
4725 1506 23.0
4808 4809 2.0
4809 4808 2.0
4808 4842 16.0
4842 4808 16.0
4809 4810 2.0
4810 4809 2.0
4809 4860 20.0
4860 4809 20.0
4810 4811 37.0
4811 4810 37.0
4811 4812 3.0
4812 4811 3.0
437 4861 20.0
4861 437 20.0
437 4812 8.0
4812 437 8.0
437 4698 31.0
4698 437 31.0
535 4867 19.0
4867 535 19.0
535 537 31.0
537 535 31.0
4813 4814 21.0
4814 4813 21.0
4814 4815 39.0
4815 4814 39.0
4814 4824 4.0
4824 4814 4.0
4815 4816 12.0
4816 4815 12.0
4815 4837 7.0
4837 4815 7.0
4816 4817 9.0
4817 4816 9.0
4816 4838 7.0
4838 4816 7.0
4817 4818 29.0
4818 4817 29.0
4818 4819 2.0
4819 4818 2.0
4818 4840 7.0
4840 4818 7.0
4819 4820 22.0
4820 4819 22.0
919 4820 8.0
4820 919 8.0
4821 4886 23.0
4886 4821 23.0
1372 4822 31.0
4822 1372 31.0
1372 4887 23.0
4887 1372 23.0
1372 4821 3.0
4821 1372 3.0
1372 4804 6.0
4804 1372 6.0
4822 4888 23.0
4888 4822 23.0
1730 4843 12.0
4843 1730 12.0
1730 4688 43.0
4688 1730 43.0
2182 4823 29.0
4823 2182 29.0
2182 4756 21.0
4756 2182 21.0
2555 4899 24.0
4899 2555 24.0
2555 4757 21.0
4757 2555 21.0
687 4824 21.0
4824 687 21.0
687 4835 3.0
4835 687 3.0
687 4834 34.0
4834 687 34.0
687 4813 4.0
4813 687 4.0
4824 4836 3.0
4836 4824 3.0
3036 4825 29.0
4825 3036 29.0
1161 4776 24.0
4776 1161 24.0
1161 4777 17.0
4777 1161 17.0
4826 4827 21.0
4827 4826 21.0
4826 4849 7.0
4849 4826 7.0
4827 4828 17.0
4828 4827 17.0
4827 4855 8.0
4855 4827 8.0
4828 4829 4.0
4829 4828 4.0
4828 4856 8.0
4856 4828 8.0
219 4830 15.0
4830 219 15.0
219 4922 32.0
4922 219 32.0
219 4829 19.0
4829 219 19.0
219 4784 17.0
4784 219 17.0
4830 4831 1.0
4831 4830 1.0
4830 4923 32.0
4923 4830 32.0
4831 4832 13.0
4832 4831 13.0
4831 4924 32.0
4924 4831 32.0
4832 4833 14.0
4833 4832 14.0
4833 4908 25.0
4908 4833 25.0
4834 4835 31.0
4835 4834 31.0
4835 4836 21.0
4836 4835 21.0
4835 4883 15.0
4883 4835 15.0
4836 4837 39.0
4837 4836 39.0
4837 4838 12.0
4838 4837 12.0
4838 4839 3.0
4839 4838 3.0
4838 4896 19.0
4896 4838 19.0
4839 4897 19.0
4897 4839 19.0
818 4840 29.0
4840 818 29.0
818 4898 19.0
4898 818 19.0
818 4839 6.0
4839 818 6.0
818 4817 7.0
4817 818 7.0
4841 4857 4.0
4857 4841 4.0
322 4842 39.0
4842 322 39.0
322 4858 4.0
4858 322 4.0
322 4841 21.0
4841 322 21.0
322 4799 18.0
4799 322 18.0
4842 4859 4.0
4859 4842 4.0
4843 4844 19.0
4844 4843 19.0
4843 4879 7.0
4879 4843 7.0
1833 4844 41.0
4844 1833 41.0
1833 4758 30.0
4758 1833 30.0
4845 4846 32.0
4846 4845 32.0
4845 4851 1.0
4851 4845 1.0
4845 4850 44.0
4850 4845 44.0
4846 4847 5.0
4847 4846 5.0
4847 4852 1.0
4852 4847 1.0
169 4848 13.0
4848 169 13.0
169 4853 1.0
4853 169 1.0
169 4847 2.0
4847 169 2.0
169 4762 29.0
4762 169 29.0
4848 4849 7.0
4849 4848 7.0
4848 4854 1.0
4854 4848 1.0
4850 4851 43.0
4851 4850 43.0
4851 4852 37.0
4852 4851 37.0
4852 4853 2.0
4853 4852 2.0
4852 4918 24.0
4918 4852 24.0
4853 4854 13.0
4854 4853 13.0
179 4855 21.0
4855 179 21.0
179 4919 24.0
4919 179 24.0
179 4854 7.0
4854 179 7.0
179 4849 1.0
4849 179 1.0
4855 4856 17.0
4856 4855 17.0
4855 4920 24.0
4920 4855 24.0
4856 4921 24.0
4921 4856 24.0
4857 4858 21.0
4858 4857 21.0
4858 4859 39.0
4859 4858 39.0
4858 4912 16.0
4912 4858 16.0
4859 4860 2.0
4860 4859 2.0
422 4861 11.0
4861 422 11.0
422 4913 18.0
4913 422 18.0
422 4860 39.0
4860 422 39.0
422 4811 20.0
4811 422 20.0
4861 4865 2.0
4865 4861 2.0
4862 4863 13.0
4863 4862 13.0
4862 4893 8.0
4893 4862 8.0
4863 4864 14.0
4864 4863 14.0
2394 4946 34.0
4946 2394 34.0
2394 4864 5.0
4864 2394 5.0
4865 4866 8.0
4866 4865 8.0
4865 4933 29.0
4933 4865 29.0
499 4867 21.0
4867 499 21.0
499 4930 22.0
4930 499 22.0
499 4866 42.0
4866 499 42.0
499 535 40.0
535 499 40.0
4867 4931 22.0
4931 4867 22.0
4868 4869 13.0
4869 4868 13.0
4868 4874 2.0
4874 4868 2.0
4869 4870 38.0
4870 4869 38.0
4869 4875 2.0
4875 4869 2.0
4870 4876 2.0
4876 4870 2.0
1597 4877 2.0
4877 1597 2.0
1597 4870 21.0
4870 1597 21.0
1597 4685 60.0
4685 1597 60.0
4871 4872 6.0
4872 4871 6.0
4871 4935 28.0
4935 4871 28.0
2032 4873 32.0
4873 2032 32.0
2032 4880 1.0
4880 2032 1.0
2032 4872 28.0
4872 2032 28.0
2032 4740 39.0
4740 2032 39.0
4873 4882 1.0
4882 4873 1.0
4874 4875 13.0
4875 4874 13.0
4874 4889 4.0
4889 4874 4.0
4875 4876 38.0
4876 4875 38.0
4875 4916 17.0
4916 4875 17.0
4876 4877 21.0
4877 4876 21.0
4877 4878 40.0
4878 4877 40.0
4877 4917 17.0
4917 4877 17.0
1708 4879 11.0
4879 1708 11.0
1708 4878 21.0
4878 1708 21.0
1708 4843 18.0
4843 1708 18.0
4879 4884 20.0
4884 4879 20.0
4880 4881 8.0
4881 4880 8.0
4880 4936 27.0
4936 4880 27.0
4881 4882 24.0
4882 4881 24.0
2106 4882 8.0
4882 2106 8.0
2106 4754 39.0
4754 2106 39.0
117 4942 29.0
4942 117 29.0
117 4850 6.0
4850 117 6.0
647 4883 31.0
4883 647 31.0
647 4834 15.0
4834 647 15.0
4883 4894 4.0
4894 4883 4.0
1765 4884 1.0
4884 1765 1.0
1765 4844 9.0
4844 1765 9.0
2236 4885 1.0
4885 2236 1.0
2236 4890 3.0
4890 2236 3.0
2236 4823 21.0
4823 2236 21.0
4885 4890 2.0
4890 4885 2.0
4886 4887 3.0
4887 4886 3.0
4887 4888 31.0
4888 4887 31.0
1454 4889 19.0
4889 1454 19.0
1454 4914 13.0
4914 1454 13.0
1454 4888 18.0
4888 1454 18.0
1454 4806 29.0
4806 1454 29.0
4889 4915 13.0
4915 4889 13.0
4890 4891 18.0
4891 4890 18.0
4891 4892 14.0
4892 4891 14.0
2305 4893 19.0
4893 2305 19.0
2305 4932 20.0
4932 2305 20.0
2305 4892 7.0
4892 2305 7.0
2305 4862 27.0
4862 2305 27.0
4893 4944 26.0
4944 4893 26.0
4894 4895 8.0
4895 4894 8.0
780 4896 12.0
4896 780 12.0
780 4937 22.0
4937 780 22.0
780 4895 52.0
4895 780 52.0
780 4837 19.0
4837 780 19.0
4896 4897 3.0
4897 4896 3.0
4896 4938 22.0
4938 4896 22.0
4897 4898 6.0
4898 4897 6.0
4897 4939 22.0
4939 4897 22.0
4898 4905 3.0
4905 4898 3.0
4899 4900 18.0
4900 4899 18.0
4899 4948 25.0
4948 4899 25.0
4900 4901 44.0
4901 4900 44.0
4901 4902 26.0
4902 4901 26.0
4901 4949 27.0
4949 4901 27.0
4902 4903 1.0
4903 4902 1.0
2727 4904 1.0
4904 2727 1.0
2727 4902 12.0
4902 2727 12.0
4903 4904 12.0
4904 4903 12.0
4904 4985 39.0
4985 4904 39.0
2777 4986 39.0
4986 2777 39.0
2777 4904 30.0
4904 2777 30.0
4905 4906 8.0
4906 4905 8.0
4905 4940 19.0
4940 4905 19.0
4906 4907 20.0
4907 4906 20.0
4907 4941 19.0
4941 4907 19.0
860 4963 30.0
4963 860 30.0
860 4907 1.0
4907 860 1.0
860 4840 22.0
4840 860 22.0
1264 4791 39.0
4791 1264 39.0
4908 4909 6.0
4909 4908 6.0
4908 4925 7.0
4925 4908 7.0
4909 4910 12.0
4910 4909 12.0
4909 4926 7.0
4926 4909 7.0
4910 4911 16.0
4911 4910 16.0
4911 4929 8.0
4929 4911 8.0
301 4912 21.0
4912 301 21.0
301 5047 60.0
5047 301 60.0
301 4911 13.0
4911 301 13.0
301 4857 16.0
4857 301 16.0
30 5000 42.0
5000 30 42.0
370 4913 41.0
4913 370 41.0
370 4912 41.0
4912 370 41.0
370 4859 18.0
4859 370 18.0
4913 4933 24.0
4933 4913 24.0
4914 4915 19.0
4915 4914 19.0
4915 4916 13.0
4916 4915 13.0
1562 4917 21.0
4917 1562 21.0
1562 4916 38.0
4916 1562 38.0
1562 4876 17.0
4876 1562 17.0
4918 4919 22.0
4919 4918 22.0
4919 4920 21.0
4920 4919 21.0
4919 4952 15.0
4952 4919 15.0
4920 4921 17.0
4921 4920 17.0
4920 4987 28.0
4987 4920 28.0
4921 4922 23.0
4922 4921 23.0
4922 4923 15.0
4923 4922 15.0
4923 4924 1.0
4924 4923 1.0
243 4925 14.0
4925 243 14.0
243 4927 15.0
4927 243 15.0
243 4924 13.0
4924 243 13.0
243 4832 32.0
4832 243 32.0
4925 4926 6.0
4926 4925 6.0
4925 4927 1.0
4927 4925 1.0
4927 4928 3.0
4928 4927 3.0
4928 5044 52.0
5044 4928 52.0
256 4929 28.0
4929 256 28.0
256 5045 52.0
5045 256 52.0
256 4928 3.0
4928 256 3.0
256 4926 1.0
4926 256 1.0
4930 4931 21.0
4931 4930 21.0
4930 4934 30.0
4934 4930 30.0
549 5023 48.0
5023 549 48.0
549 4931 8.0
4931 549 8.0
1670 4976 22.0
4976 1670 22.0
1670 4917 43.0
4917 1670 43.0
1670 4878 20.0
4878 1670 20.0
968 4974 21.0
4974 968 21.0
1762 4979 20.0
4979 1762 20.0
1762 4884 20.0
4884 1762 20.0
2984 4997 29.0
4997 2984 29.0
2984 4825 42.0
4825 2984 42.0
2264 4932 21.0
4932 2264 21.0
2264 4955 11.0
4955 2264 11.0
2264 4891 20.0
4891 2264 20.0
4932 4943 6.0
4943 4932 6.0
55 5001 30.0
5001 55 30.0
447 4934 19.0
4934 447 19.0
447 5021 41.0
5021 447 41.0
447 4933 8.0
4933 447 8.0
447 4866 29.0
4866 447 29.0
1933 4935 18.0
4935 1933 18.0
1933 4964 12.0
4964 1933 12.0
1933 4871 46.0
4871 1933 46.0
4935 4936 34.0
4936 4935 34.0
4935 4965 12.0
4965 4935 12.0
4936 4966 12.0
4966 4936 12.0
4937 4938 12.0
4938 4937 12.0
4937 4958 14.0
4958 4937 14.0
4938 4939 3.0
4939 4938 3.0
4938 4959 11.0
4959 4938 11.0
4939 4940 6.0
4940 4939 6.0
4939 4960 11.0
4960 4939 11.0
827 4941 20.0
4941 827 20.0
827 4962 11.0
4962 827 11.0
827 4940 8.0
4940 827 8.0
827 4906 19.0
4906 827 19.0
109 4942 11.0
4942 109 11.0
109 117 40.0
117 109 40.0
4942 4950 4.0
4950 4942 4.0
4943 4944 19.0
4944 4943 19.0
4943 4956 5.0
4956 4943 5.0
4944 4945 9.0
4945 4944 9.0
4945 4946 23.0
4946 4945 23.0
4945 4957 5.0
4957 4945 5.0
4946 4947 29.0
4947 4946 29.0
4946 4969 8.0
4969 4946 8.0
2508 4948 32.0
4948 2508 32.0
2508 5058 43.0
5058 2508 43.0
2508 4947 41.0
4947 2508 41.0
1366 4886 28.0
4886 1366 28.0
2587 4949 44.0
4949 2587 44.0
2587 4981 13.0
4981 2587 13.0
2587 4948 20.0
4948 2587 20.0
2587 4900 27.0
4900 2587 27.0
4949 4983 13.0
4983 4949 13.0
4950 4951 18.0
4951 4950 18.0
4950 4996 25.0
4996 4950 25.0
168 4952 22.0
4952 168 22.0
168 4951 62.0
4951 168 62.0
168 4918 15.0
4918 168 15.0
4952 4987 34.0
4987 4952 34.0
703 5009 31.0
5009 703 31.0
703 4894 36.0
4894 703 36.0
703 4895 28.0
4895 703 28.0
1062 4953 1.0
4953 1062 1.0
4953 4954 9.0
4954 4953 9.0
4953 4975 39.0
4975 4953 39.0
1093 4954 11.0
4954 1093 11.0
1490 5099 52.0
5099 1490 52.0
1490 4914 37.0
4914 1490 37.0
1490 4915 18.0
4915 1490 18.0
4955 4956 21.0
4956 4955 21.0
2342 4957 9.0
4957 2342 9.0
2342 4967 3.0
4967 2342 3.0
2342 4956 19.0
4956 2342 19.0
2342 4944 5.0
4944 2342 5.0
4957 4968 3.0
4968 4957 3.0
92 5042 33.0
5042 92 33.0
92 5041 45.0
5041 92 45.0
92 109 40.0
109 92 40.0
4958 4959 15.0
4959 4958 15.0
4958 5010 26.0
5010 4958 26.0
4959 4960 3.0
4960 4959 3.0
4959 5012 28.0
5012 4959 28.0
4960 4961 9.0
4961 4960 9.0
4960 5013 28.0
5013 4960 28.0
4961 4962 5.0
4962 4961 5.0
4961 5014 28.0
5014 4961 28.0
858 4963 1.0
4963 858 1.0
858 4971 3.0
4971 858 3.0
858 4962 20.0
4962 858 20.0
858 4941 11.0
4941 858 11.0
4963 4972 3.0
4972 4963 3.0
1258 1264 32.0
1264 1258 32.0
4964 4965 18.0
4965 4964 18.0
4964 5067 36.0
5067 4964 36.0
4965 4966 34.0
4966 4965 34.0
2051 5002 21.0
5002 2051 21.0
2051 4966 8.0
4966 2051 8.0
2051 4881 39.0
4881 2051 39.0
4967 4968 9.0
4968 4967 9.0
4967 5020 28.0
5020 4967 28.0
4968 4969 23.0
4969 4968 23.0
4969 4970 28.0
4970 4969 28.0
2431 5027 30.0
5027 2431 30.0
2431 4970 1.0
4970 2431 1.0
2431 4947 8.0
4947 2431 8.0
4971 4972 1.0
4972 4971 1.0
4971 4991 15.0
4991 4971 15.0
4972 4973 29.0
4973 4972 29.0
4973 4974 31.0
4974 4973 31.0
4974 4992 8.0
4992 4974 8.0
984 4975 19.0
4975 984 19.0
984 5050 31.0
5050 984 31.0
984 4974 9.0
4974 984 9.0
4976 4977 9.0
4977 4976 9.0
4976 4993 8.0
4993 4976 8.0
4977 4978 28.0
4978 4977 28.0
4978 4995 8.0
4995 4978 8.0
1741 4979 11.0
4979 1741 11.0
1741 5128 50.0
5128 1741 50.0
1741 4978 2.0
4978 1741 2.0
4979 4980 1.0
4980 4979 1.0
4980 5129 49.0
5129 4980 49.0
1797 5053 31.0
5053 1797 31.0
1797 4980 20.0
4980 1797 20.0
2265 5007 19.0
5007 2265 19.0
2265 4955 9.0
4955 2265 9.0
4981 4982 19.0
4982 4981 19.0
4981 5060 28.0
5060 4981 28.0
4982 4983 25.0
4983 4982 25.0
4982 5028 23.0
5028 4982 23.0
4983 4984 14.0
4984 4983 14.0
4983 5029 23.0
5029 4983 23.0
4984 5030 23.0
5030 4984 23.0
2705 4985 12.0
4985 2705 12.0
2705 5031 23.0
5031 2705 23.0
2705 4984 12.0
4984 2705 12.0
2705 4903 39.0
4903 2705 39.0
4985 4986 30.0
4986 4985 30.0
4985 4989 9.0
4989 4985 9.0
4986 4990 2.0
4990 4986 2.0
4987 4988 6.0
4988 4987 6.0
206 5075 30.0
5075 206 30.0
206 4988 11.0
4988 206 11.0
206 4921 28.0
4921 206 28.0
4989 4990 23.0
4990 4989 23.0
4989 5032 21.0
5032 4989 21.0
2788 5034 21.0
5034 2788 21.0
2788 4990 9.0
4990 2788 9.0
913 4992 31.0
4992 913 31.0
913 4991 23.0
4991 913 23.0
913 4973 8.0
4973 913 8.0
4992 5048 23.0
5048 4992 23.0
4993 4994 5.0
4994 4993 5.0
4993 5117 40.0
5117 4993 40.0
4994 5118 40.0
5118 4994 40.0
1687 4995 28.0
4995 1687 28.0
1687 5119 40.0
5119 1687 40.0
1687 4994 4.0
4994 1687 4.0
1687 4977 8.0
4977 1687 8.0
131 5043 20.0
5043 131 20.0
131 4996 11.0
4996 131 11.0
131 4951 18.0
4951 131 18.0
2926 4997 32.0
4997 2926 32.0
2926 4998 20.0
4998 2926 20.0
4997 4999 2.0
4999 4997 2.0
4998 4999 14.0
4999 4998 14.0
3002 5063 20.0
5063 3002 20.0
3002 4999 9.0
4999 3002 9.0
49 5001 11.0
5001 49 11.0
49 5000 39.0
5000 49 39.0
5001 5073 28.0
5073 5001 28.0
3126 5150 39.0
5150 3126 39.0
5002 5003 17.0
5003 5002 17.0
5002 5115 28.0
5115 5002 28.0
5003 5088 22.0
5088 5003 22.0
2087 5004 4.0
5004 2087 4.0
2087 5003 3.0
5003 2087 3.0
28 5000 10.0
5000 28 10.0
5004 5005 39.0
5005 5004 39.0
5004 5089 18.0
5089 5004 18.0
5005 5006 39.0
5006 5005 39.0
5006 5068 11.0
5068 5006 11.0
2229 5007 22.0
5007 2229 22.0
2229 5069 11.0
5069 2229 11.0
2229 5006 2.0
5006 2229 2.0
5007 5017 3.0
5017 5007 3.0
5008 5009 14.0
5009 5008 14.0
5008 5077 12.0
5077 5008 12.0
5008 5040 35.0
5040 5008 35.0
716 5010 40.0
5010 716 40.0
716 5011 2.0
5011 716 2.0
716 5009 9.0
5009 716 9.0
1081 5016 2.0
5016 1081 2.0
1081 5015 3.0
5015 1081 3.0
1081 4954 30.0
4954 1081 30.0
5011 5078 10.0
5078 5011 10.0
774 5012 15.0
5012 774 15.0
774 775 10.0
775 774 10.0
774 5011 40.0
5011 774 40.0
774 5010 2.0
5010 774 2.0
5012 5013 3.0
5013 5012 3.0
5012 5152 33.0
5152 5012 33.0
5013 5014 9.0
5014 5013 9.0
5013 5153 33.0
5153 5013 33.0
5014 5154 33.0
5154 5014 33.0
5015 5016 1.0
5016 5015 1.0
5015 5052 6.0
5052 5015 6.0
5016 5111 21.0
5111 5016 21.0
1136 5113 21.0
5113 1136 21.0
1136 5016 40.0
5016 1136 40.0
5017 5018 8.0
5018 5017 8.0
5017 5070 8.0
5070 5017 8.0
5018 5019 28.0
5019 5018 28.0
5019 5020 4.0
5020 5019 4.0
5019 5071 8.0
5071 5019 8.0
2356 5024 2.0
5024 2356 2.0
2356 5020 9.0
5020 2356 9.0
2356 4968 28.0
4968 2356 28.0
5021 5022 17.0
5022 5021 17.0
5021 5036 3.0
5036 5021 3.0
5021 5035 15.0
5035 5021 15.0
5022 5037 3.0
5037 5022 3.0
479 5023 52.0
5023 479 52.0
479 5038 3.0
5038 479 3.0
479 5022 2.0
5022 479 2.0
479 4934 41.0
4934 479 41.0
5023 5039 3.0
5039 5023 3.0
5024 5025 30.0
5025 5024 30.0
5024 5072 6.0
5072 5024 6.0
5025 5026 19.0
5026 5025 19.0
5026 5083 10.0
5083 5026 10.0
2429 5027 1.0
5027 2429 1.0
2429 5055 5.0
5055 2429 5.0
2429 5026 2.0
5026 2429 2.0
2429 4970 30.0
4970 2429 30.0
5027 5056 5.0
5056 5027 5.0
5028 5029 25.0
5029 5028 25.0
5029 5030 14.0
5030 5029 14.0
5029 5061 5.0
5061 5029 5.0
5030 5031 12.0
5031 5030 12.0
5030 5062 5.0
5062 5030 5.0
5031 5032 19.0
5032 5031 19.0
5031 5104 18.0
5104 5031 18.0
5032 5033 9.0
5033 5032 9.0
5033 5034 23.0
5034 5033 23.0
5033 5105 18.0
5105 5033 18.0
2812 5233 49.0
5233 2812 49.0
2812 5034 9.0
5034 2812 9.0
1257 5114 19.0
5114 1257 19.0
1257 1258 32.0
1258 1257 32.0
5035 5036 12.0
5036 5035 12.0
5035 5076 6.0
5076 5035 6.0
5036 5037 17.0
5037 5036 17.0
5037 5038 2.0
5038 5037 2.0
5037 5098 16.0
5098 5037 16.0
5038 5039 52.0
5039 5038 52.0
560 5040 50.0
5040 560 50.0
560 5096 50.0
5096 560 50.0
560 5039 8.0
5039 560 8.0
5041 5042 12.0
5042 5041 12.0
5041 5074 5.0
5074 5041 5.0
124 5043 11.0
5043 124 11.0
124 5197 41.0
5197 124 41.0
124 5042 49.0
5042 124 49.0
124 4996 20.0
4996 124 20.0
5043 5132 30.0
5132 5043 30.0
5044 5045 3.0
5045 5044 3.0
5045 5046 27.0
5046 5045 27.0
5046 5087 8.0
5087 5046 8.0
283 5047 13.0
5047 283 13.0
283 5094 11.0
5094 283 11.0
283 5046 1.0
5046 283 1.0
283 4929 52.0
4929 283 52.0
5047 5095 11.0
5095 5047 11.0
5048 5049 6.0
5049 5048 6.0
5048 5155 27.0
5155 5048 27.0
5049 5050 3.0
5050 5049 3.0
5049 5141 22.0
5141 5049 22.0
5050 5051 12.0
5051 5050 12.0
5050 5142 22.0
5142 5050 22.0
5051 5144 22.0
5144 5051 22.0
1015 5052 40.0
5052 1015 40.0
1015 5145 22.0
5145 1015 22.0
1015 5051 7.0
5051 1015 7.0
1015 4975 31.0
4975 1015 31.0
5052 5110 15.0
5110 5052 15.0
5053 5054 18.0
5054 5053 18.0
5053 5064 1.0
5064 5053 1.0
5054 5065 1.0
5065 5054 1.0
1828 5066 1.0
5066 1828 1.0
1828 5054 1.0
5054 1828 1.0
5055 5056 1.0
5056 5055 1.0
5055 5121 17.0
5121 5055 17.0
5056 5057 28.0
5057 5056 28.0
5057 5058 13.0
5058 5057 13.0
5058 5059 37.0
5059 5058 37.0
5059 5060 13.0
5060 5059 13.0
5059 5100 13.0
5100 5059 13.0
2621 5061 25.0
5061 2621 25.0
2621 5101 13.0
5101 2621 13.0
2621 5060 19.0
5060 2621 19.0
2621 5028 5.0
5028 2621 5.0
5061 5062 14.0
5062 5061 14.0
5061 5102 13.0
5102 5061 13.0
5062 5103 13.0
5103 5062 13.0
5063 5165 29.0
5165 5063 29.0
3017 5149 22.0
5149 3017 22.0
3017 5063 9.0
5063 3017 9.0
5064 5065 18.0
5065 5064 18.0
5064 5131 17.0
5131 5064 17.0
5064 5130 31.0
5130 5064 31.0
5065 5066 1.0
5066 5065 1.0
1866 5067 52.0
5067 1866 52.0
1866 5066 20.0
5066 1866 20.0
5068 5069 2.0
5069 5068 2.0
5068 5090 7.0
5090 5068 7.0
5069 5070 22.0
5070 5069 22.0
2286 5071 28.0
5071 2286 28.0
2286 5172 33.0
5172 2286 33.0
2286 5070 8.0
5070 2286 8.0
2286 5018 8.0
5018 2286 8.0
5071 5072 13.0
5072 5071 13.0
5071 5173 33.0
5173 5071 33.0
5072 5081 4.0
5081 5072 4.0
64 5074 40.0
5074 64 40.0
64 5079 2.0
5079 64 2.0
64 5073 11.0
5073 64 11.0
197 5075 11.0
5075 197 11.0
197 5107 11.0
5107 197 11.0
197 5106 14.0
5106 197 14.0
197 4988 30.0
4988 197 30.0
5075 5084 3.0
5084 5075 3.0
419 5076 10.0
5076 419 10.0
419 433 20.0
433 419 20.0
5077 5078 23.0
5078 5077 23.0
5077 5097 6.0
5097 5077 6.0
775 5151 23.0
5151 775 23.0
775 5078 40.0
5078 775 40.0
5079 5080 19.0
5080 5079 19.0
5079 5170 28.0
5170 5079 28.0
5080 5193 34.0
5193 5080 34.0
86 5194 34.0
5194 86 34.0
86 5080 21.0
5080 86 21.0
86 5074 2.0
5074 86 2.0
5081 5082 19.0
5082 5081 19.0
5081 5174 29.0
5174 5081 29.0
2404 5083 19.0
5083 2404 19.0
2404 5175 29.0
5175 2404 29.0
2404 5082 11.0
5082 2404 11.0
2404 5025 10.0
5025 2404 10.0
5083 5120 12.0
5120 5083 12.0
5084 5085 18.0
5085 5084 18.0
5084 5108 8.0
5108 5084 8.0
5085 5086 49.0
5086 5085 49.0
5086 5091 3.0
5091 5086 3.0
253 5087 30.0
5087 253 30.0
253 5092 3.0
5092 253 3.0
253 5086 2.0
5086 253 2.0
253 5044 8.0
5044 253 8.0
5087 5093 3.0
5093 5087 3.0
3244 5185 29.0
5185 3244 29.0
1362 5148 13.0
5148 1362 13.0
1362 5147 15.0
5147 1362 15.0
1362 1366 52.0
1366 1362 52.0
5088 5089 3.0
5089 5088 3.0
5088 5116 6.0
5116 5088 6.0
2159 5090 39.0
5090 2159 39.0
2159 5216 32.0
5216 2159 32.0
2159 5089 39.0
5089 2159 39.0
2159 5005 18.0
5005 2159 18.0
5090 5171 26.0
5171 5090 26.0
5091 5092 2.0
5092 5091 2.0
5091 5109 5.0
5109 5091 5.0
5092 5093 30.0
5093 5092 30.0
5092 5158 19.0
5158 5092 19.0
5093 5094 1.0
5094 5093 1.0
5094 5095 13.0
5095 5094 13.0
5094 5159 19.0
5159 5094 19.0
5095 5160 19.0
5160 5095 19.0
316 5095 17.0
5095 316 17.0
638 5097 29.0
5097 638 29.0
638 5247 40.0
5247 638 40.0
638 5096 12.0
5096 638 12.0
638 5040 12.0
5040 638 12.0
433 5098 29.0
5098 433 29.0
433 5076 10.0
5076 433 10.0
1546 5099 38.0
5099 1546 38.0
5100 5101 32.0
5101 5100 32.0
5100 5122 4.0
5122 5100 4.0
5101 5102 25.0
5102 5101 25.0
5101 5167 19.0
5167 5101 19.0
5102 5103 14.0
5103 5102 14.0
5102 5169 19.0
5169 5102 19.0
5103 5104 12.0
5104 5103 12.0
2740 5105 9.0
5105 2740 9.0
2740 5183 21.0
5183 2740 21.0
2740 5104 19.0
5104 2740 19.0
2740 5032 18.0
5032 2740 18.0
5106 5107 3.0
5107 5106 3.0
5106 5240 33.0
5240 5106 33.0
5107 5108 11.0
5108 5107 11.0
215 5109 49.0
5109 215 49.0
215 5241 33.0
5241 215 33.0
215 5108 18.0
5108 215 18.0
215 5085 8.0
5085 215 8.0
5109 5157 14.0
5157 5109 14.0
5110 5111 1.0
5111 5110 1.0
5111 5112 28.0
5112 5111 28.0
5112 5113 12.0
5113 5112 12.0
5112 5146 7.0
5146 5112 7.0
1172 5114 50.0
5114 1172 50.0
1172 5113 20.0
5113 1172 20.0
1975 5115 42.0
5115 1975 42.0
1975 5301 61.0
5301 1975 61.0
1975 5067 31.0
5067 1975 31.0
1975 4965 49.0
4965 1975 49.0
5115 5116 17.0
5116 5115 17.0
5115 5245 33.0
5245 5115 33.0
5116 5215 26.0
5215 5116 26.0
1255 5114 2.0
5114 1255 2.0
1664 5117 3.0
5117 1664 3.0
1664 5123 2.0
5123 1664 2.0
5117 5118 5.0
5118 5117 5.0
5117 5124 2.0
5124 5117 2.0
5118 5119 4.0
5119 5118 4.0
5118 5125 2.0
5125 5118 2.0
5119 5126 2.0
5126 5119 2.0
5120 5121 2.0
5121 5120 2.0
5120 5176 17.0
5176 5120 17.0
2483 5122 50.0
5122 2483 50.0
2483 5177 17.0
5177 2483 17.0
2483 5121 29.0
5121 2483 29.0
2483 5057 17.0
5057 2483 17.0
5122 5178 17.0
5178 5122 17.0
5123 5124 3.0
5124 5123 3.0
5123 5161 13.0
5161 5123 13.0
5124 5125 5.0
5125 5124 5.0
5124 5161 10.0
5161 5124 10.0
5125 5126 4.0
5126 5125 4.0
5125 5162 10.0
5162 5125 10.0
5126 5127 18.0
5127 5126 18.0
5127 5134 2.0
5134 5127 2.0
1737 5128 2.0
5128 1737 2.0
1737 5135 2.0
5135 1737 2.0
1737 5127 10.0
5127 1737 10.0
1737 4995 42.0
4995 1737 42.0
5128 5129 11.0
5129 5128 11.0
5128 5136 2.0
5136 5128 2.0
5129 5130 6.0
5130 5129 6.0
5129 5137 2.0
5137 5129 2.0
5130 5131 14.0
5131 5130 14.0
5130 5138 2.0
5138 5130 2.0
5131 5139 2.0
5139 5131 2.0
27 28 31.0
28 27 31.0
5132 5133 29.0
5133 5132 29.0
5133 5198 19.0
5198 5133 19.0
148 5253 32.0
5253 148 32.0
148 5133 2.0
5133 148 2.0
5134 5135 10.0
5135 5134 10.0
5135 5136 2.0
5136 5135 2.0
5135 5164 8.0
5164 5135 8.0
5136 5137 11.0
5137 5136 11.0
5136 5209 19.0
5209 5136 19.0
5137 5138 6.0
5138 5137 6.0
5137 5210 19.0
5210 5137 19.0
5138 5139 14.0
5139 5138 14.0
5139 5140 15.0
5140 5139 15.0
5139 5211 19.0
5211 5139 19.0
5140 5212 19.0
5212 5140 19.0
1827 5140 3.0
5140 1827 3.0
1827 5065 19.0
5065 1827 19.0
5141 5142 3.0
5142 5141 3.0
5141 5156 5.0
5156 5141 5.0
5142 5143 4.0
5143 5142 4.0
5142 5202 18.0
5202 5142 18.0
5143 5144 8.0
5144 5143 8.0
5143 5203 18.0
5203 5143 18.0
5144 5145 7.0
5145 5144 7.0
5144 5204 18.0
5204 5144 18.0
5145 5205 18.0
5205 5145 18.0
1078 5146 29.0
5146 1078 29.0
1078 5224 22.0
5224 1078 22.0
1078 5145 40.0
5145 1078 40.0
1078 5110 7.0
5110 1078 7.0
5147 5148 2.0
5148 5147 2.0
1465 5148 60.0
5148 1465 60.0
1465 5099 21.0
5099 1465 21.0
5149 5166 10.0
5166 5149 10.0
3062 5150 32.0
5150 3062 32.0
3062 5149 29.0
5149 3062 29.0
3136 5184 21.0
5184 3136 21.0
3136 5150 10.0
5150 3136 10.0
5151 5152 15.0
5152 5151 15.0
5151 5230 18.0
5230 5151 18.0
5152 5153 3.0
5153 5152 3.0
5153 5154 9.0
5154 5153 9.0
5154 5199 13.0
5199 5154 13.0
870 5155 54.0
5155 870 54.0
870 5200 13.0
5200 870 13.0
870 5154 32.0
5154 870 32.0
870 4991 50.0
4991 870 50.0
5155 5156 6.0
5156 5155 6.0
5155 5201 13.0
5201 5155 13.0
5157 5158 2.0
5158 5157 2.0
280 5159 1.0
5159 280 1.0
280 5244 19.0
5244 280 19.0
280 5158 30.0
5158 280 30.0
280 5093 19.0
5093 280 19.0
5159 5160 13.0
5160 5159 13.0
5159 5289 41.0
5289 5159 41.0
5160 5290 41.0
5290 5160 41.0
5161 5162 5.0
5162 5161 5.0
5162 5163 19.0
5163 5162 19.0
5163 5206 11.0
5206 5163 11.0
1718 5164 10.0
5164 1718 10.0
1718 5207 11.0
5207 1718 11.0
1718 5163 3.0
5163 1718 3.0
1718 5134 8.0
5134 1718 8.0
5164 5208 11.0
5208 5164 11.0
2958 5165 23.0
5165 2958 23.0
2958 5261 32.0
5261 2958 32.0
2958 4998 49.0
4998 2958 49.0
5165 5166 6.0
5166 5165 6.0
5165 5262 32.0
5262 5165 32.0
5167 5168 7.0
5168 5167 7.0
5167 5179 2.0
5179 5167 2.0
5168 5169 18.0
5169 5168 18.0
5168 5180 2.0
5180 5168 2.0
2681 5181 2.0
5181 2681 2.0
2681 5169 14.0
5169 2681 14.0
2681 5103 19.0
5103 2681 19.0
56 5170 11.0
5170 56 11.0
56 74 42.0
74 56 42.0
56 5073 30.0
5073 56 30.0
5170 5193 25.0
5193 5170 25.0
5171 5172 32.0
5172 5171 32.0
5171 5186 2.0
5186 5171 2.0
5172 5173 28.0
5173 5172 28.0
5172 5187 2.0
5187 5172 2.0
5173 5174 13.0
5174 5173 13.0
5173 5188 2.0
5188 5173 2.0
2388 5175 11.0
5175 2388 11.0
2388 5189 2.0
5189 2388 2.0
2388 5174 19.0
5174 2388 19.0
2388 5082 29.0
5082 2388 29.0
5175 5176 19.0
5176 5175 19.0
5175 5190 2.0
5190 5175 2.0
5176 5177 31.0
5177 5176 31.0
5177 5178 50.0
5178 5177 50.0
5177 5192 2.0
5192 5177 2.0
5178 5179 32.0
5179 5178 32.0
5179 5180 7.0
5180 5179 7.0
5179 5214 5.0
5214 5179 5.0
5180 5181 32.0
5181 5180 32.0
5180 5226 9.0
5226 5180 9.0
5181 5182 9.0
5182 5181 9.0
5181 5228 9.0
5228 5181 9.0
5182 5183 22.0
5183 5182 22.0
2758 5229 9.0
5229 2758 9.0
2758 5183 9.0
5183 2758 9.0
2758 5105 21.0
5105 2758 21.0
3202 5185 31.0
5185 3202 31.0
3202 5257 19.0
5257 3202 19.0
3202 5184 31.0
5184 3202 31.0
3202 3244 60.0
3244 3202 60.0
5185 5315 43.0
5315 5185 43.0
5186 5187 32.0
5187 5186 32.0
5187 5188 28.0
5188 5187 28.0
5187 5217 4.0
5217 5187 4.0
5188 5189 32.0
5189 5188 32.0
5189 5190 11.0
5190 5189 11.0
5190 5191 16.0
5191 5190 16.0
2423 5192 31.0
5192 2423 31.0
2423 5191 3.0
5191 2423 3.0
2423 5176 2.0
5176 2423 2.0
5192 5213 52.0
5213 5192 52.0
5193 5194 21.0
5194 5193 21.0
5194 5195 19.0
5195 5194 19.0
5194 5234 6.0
5234 5194 6.0
5195 5196 29.0
5196 5195 29.0
5196 5197 13.0
5197 5196 13.0
5196 5237 7.0
5237 5196 7.0
5197 5295 31.0
5295 5197 31.0
132 5198 29.0
5198 132 29.0
132 5297 31.0
5297 132 31.0
132 5197 19.0
5197 132 19.0
132 5132 19.0
5132 132 19.0
5198 5252 13.0
5252 5198 13.0
5199 5200 32.0
5200 5199 32.0
5199 5231 5.0
5231 5199 5.0
5200 5201 54.0
5201 5200 54.0
976 5202 3.0
5202 976 3.0
976 5218 4.0
5218 976 4.0
976 5201 6.0
5201 976 6.0
976 5156 13.0
5156 976 13.0
5202 5203 4.0
5203 5202 4.0
5202 5219 4.0
5219 5202 4.0
5203 5204 8.0
5204 5203 8.0
5203 5220 4.0
5220 5203 4.0
5204 5205 7.0
5205 5204 7.0
5204 5221 4.0
5221 5204 4.0
5205 5222 4.0
5222 5205 4.0
5206 5207 3.0
5207 5206 3.0
5206 5283 28.0
5283 5206 28.0
5207 5208 10.0
5208 5207 10.0
5208 5209 2.0
5209 5208 2.0
5209 5210 11.0
5210 5209 11.0
5209 5355 49.0
5355 5209 49.0
1775 5211 14.0
5211 1775 14.0
1775 5327 42.0
5327 1775 42.0
1775 5210 6.0
5210 1775 6.0
1775 5138 19.0
5138 1775 19.0
5211 5212 15.0
5212 5211 15.0
5211 5328 42.0
5328 5211 42.0
2567 5214 32.0
5214 2567 32.0
2567 5258 20.0
5258 2567 20.0
2567 5213 1.0
5213 2567 1.0
2567 5178 5.0
5178 2567 5.0
5214 5226 11.0
5226 5214 11.0
5215 5216 42.0
5216 5215 42.0
2223 5217 32.0
5217 2223 32.0
2223 5216 39.0
5216 2223 39.0
2223 5186 4.0
5186 2223 4.0
5217 5255 30.0
5255 5217 30.0
5218 5219 3.0
5219 5218 3.0
5218 5317 37.0
5317 5218 37.0
5219 5220 4.0
5220 5219 4.0
5219 5318 37.0
5318 5219 37.0
5220 5221 8.0
5221 5220 8.0
5220 5319 37.0
5319 5220 37.0
5221 5222 7.0
5222 5221 7.0
5221 5320 37.0
5320 5221 37.0
5222 5223 7.0
5223 5222 7.0
5222 5321 37.0
5321 5222 37.0
5223 5224 33.0
5224 5223 33.0
5224 5225 28.0
5225 5224 28.0
5224 5267 20.0
5267 5224 20.0
1117 5268 20.0
5268 1117 20.0
1117 5225 1.0
5225 1117 1.0
1117 5146 22.0
5146 1117 22.0
5226 5227 29.0
5227 5226 29.0
5227 5228 3.0
5228 5227 3.0
5227 5260 18.0
5260 5227 18.0
2700 5229 31.0
5229 2700 31.0
2700 5391 50.0
5391 2700 50.0
2700 5228 9.0
5228 2700 9.0
2700 5182 9.0
5182 2700 9.0
5229 5232 1.0
5232 5229 1.0
5230 5269 20.0
5269 5230 20.0
803 5231 9.0
5231 803 9.0
803 5276 21.0
5276 803 21.0
803 5230 18.0
5230 803 18.0
803 5153 18.0
5153 803 18.0
5232 5392 56.0
5392 5232 56.0
2770 5233 22.0
5233 2770 22.0
2770 5238 9.0
5238 2770 9.0
2770 5232 10.0
5232 2770 10.0
5233 5239 2.0
5239 5233 2.0
74 5234 21.0
5234 74 21.0
74 5235 22.0
5235 74 22.0
74 5193 6.0
5193 74 6.0
5234 5235 1.0
5235 5234 1.0
476 5446 61.0
5446 476 61.0
476 5098 32.0
5098 476 32.0
5235 5236 7.0
5236 5235 7.0
5236 5292 24.0
5292 5236 24.0
97 5237 29.0
5237 97 29.0
97 5293 24.0
5293 97 24.0
97 5236 12.0
5236 97 12.0
97 5195 7.0
5195 97 7.0
5237 5294 24.0
5294 5237 24.0
5238 5239 15.0
5239 5238 15.0
2845 5412 52.0
5412 2845 52.0
2845 5239 18.0
5239 2845 18.0
5240 5241 32.0
5241 5240 32.0
5240 5254 5.0
5254 5240 5.0
5241 5242 18.0
5242 5241 18.0
5241 5266 16.0
5266 5241 16.0
5242 5243 10.0
5243 5242 10.0
5243 5282 19.0
5282 5243 19.0
251 5244 32.0
5244 251 32.0
251 5286 22.0
5286 251 22.0
251 5243 21.0
5243 251 21.0
251 5157 19.0
5157 251 19.0
5244 5288 22.0
5288 5244 22.0
5245 5246 16.0
5246 5245 16.0
5245 5306 29.0
5306 5245 29.0
5246 5307 29.0
5307 5246 29.0
2080 5246 1.0
5246 2080 1.0
2080 5215 7.0
5215 2080 7.0
614 5247 12.0
5247 614 12.0
614 5249 2.0
5249 614 2.0
614 5096 40.0
5096 614 40.0
5247 5250 2.0
5250 5247 2.0
5248 5316 30.0
5316 5248 30.0
1357 5334 35.0
5334 1357 35.0
1357 5248 2.0
5248 1357 2.0
1357 5147 28.0
5147 1357 28.0
5249 5250 12.0
5250 5249 12.0
5250 5251 27.0
5251 5250 27.0
5251 5270 14.0
5270 5251 14.0
679 5271 14.0
5271 679 14.0
679 5251 2.0
5251 679 2.0
679 5097 42.0
5097 679 42.0
5252 5253 2.0
5253 5252 2.0
5252 5263 11.0
5263 5252 11.0
178 5254 30.0
5254 178 30.0
178 5264 11.0
5264 178 11.0
178 5253 39.0
5253 178 39.0
5255 5256 8.0
5256 5255 8.0
5256 5330 30.0
5330 5256 30.0
2334 5256 3.0
5256 2334 3.0
2334 5188 17.0
5188 2334 17.0
3150 5257 31.0
5257 3150 31.0
3150 5433 49.0
5433 3150 49.0
3150 5432 54.0
5432 3150 54.0
3150 5184 19.0
5184 3150 19.0
5257 5314 24.0
5314 5257 24.0
3 5345 31.0
5345 3 31.0
2564 5258 1.0
5258 2564 1.0
2564 5213 20.0
5213 2564 20.0
5258 5259 30.0
5259 5258 30.0
2632 5260 29.0
5260 2632 29.0
2632 5364 30.0
5364 2632 30.0
2632 5259 11.0
5259 2632 11.0
2632 5226 18.0
5226 2632 18.0
5261 5262 23.0
5262 5261 23.0
5261 5325 19.0
5325 5261 19.0
3010 5326 19.0
5326 3010 19.0
3010 5262 6.0
5262 3010 6.0
3010 5166 32.0
5166 3010 32.0
5263 5264 41.0
5264 5263 41.0
5263 5277 3.0
5277 5263 3.0
5264 5265 18.0
5265 5264 18.0
5264 5278 3.0
5278 5264 3.0
5265 5279 3.0
5279 5265 3.0
195 5266 32.0
5266 195 32.0
195 5280 3.0
5280 195 3.0
195 5265 12.0
5265 195 12.0
195 5254 11.0
5254 195 11.0
5266 5281 3.0
5281 5266 3.0
5267 5322 24.0
5322 5267 24.0
1115 5268 1.0
5268 1115 1.0
1115 5299 10.0
5299 1115 10.0
1115 5267 28.0
5267 1115 28.0
1115 5225 20.0
5225 1115 20.0
5268 5300 10.0
5300 5268 10.0
771 5269 3.0
5269 771 3.0
771 5273 1.0
5273 771 1.0
5269 5274 1.0
5274 5269 1.0
5270 5271 2.0
5271 5270 2.0
5270 5291 4.0
5291 5270 4.0
5271 5272 38.0
5272 5271 38.0
5271 5340 20.0
5340 5271 20.0
5272 5273 22.0
5273 5272 22.0
5272 5341 20.0
5341 5272 20.0
5273 5274 3.0
5274 5273 3.0
5274 5275 16.0
5275 5274 16.0
5275 5276 2.0
5276 5275 2.0
821 5276 9.0
5276 821 9.0
821 5231 21.0
5231 821 21.0
5277 5278 41.0
5278 5277 41.0
5278 5279 18.0
5279 5278 18.0
5279 5280 12.0
5280 5279 12.0
5280 5281 32.0
5281 5280 32.0
5280 5425 37.0
5425 5280 37.0
231 5282 10.0
5282 231 10.0
231 5284 3.0
5284 231 3.0
231 5281 18.0
5281 231 18.0
231 5242 19.0
5242 231 19.0
5282 5285 3.0
5285 5282 3.0
1678 5283 19.0
5283 1678 19.0
1678 5354 21.0
5354 1678 21.0
1678 5338 39.0
5338 1678 39.0
1678 5162 39.0
5162 1678 39.0
5284 5285 10.0
5285 5284 10.0
5284 5343 26.0
5343 5284 26.0
5285 5286 21.0
5286 5285 21.0
5286 5287 17.0
5287 5286 17.0
5287 5288 15.0
5288 5287 15.0
5287 5373 24.0
5373 5287 24.0
5288 5289 1.0
5289 5288 1.0
5289 5290 13.0
5290 5289 13.0
306 5374 24.0
5374 306 24.0
306 5290 4.0
5290 306 4.0
615 5291 39.0
5291 615 39.0
615 5358 22.0
5358 615 22.0
615 5357 34.0
5357 615 34.0
615 5249 18.0
5249 615 18.0
5291 5339 16.0
5339 5291 16.0
5292 5293 12.0
5293 5292 12.0
5293 5294 29.0
5294 5293 29.0
5293 5302 6.0
5302 5293 6.0
5294 5295 13.0
5295 5294 13.0
5295 5296 5.0
5296 5295 5.0
5295 5311 8.0
5311 5295 8.0
5296 5297 14.0
5297 5296 14.0
5296 5312 8.0
5312 5296 8.0
5297 5298 17.0
5298 5297 17.0
5298 5313 8.0
5313 5298 8.0
147 5298 12.0
5298 147 12.0
147 5277 4.0
5277 147 4.0
5299 5300 1.0
5300 5299 1.0
5299 5323 8.0
5323 5299 8.0
1129 5387 20.0
5387 1129 20.0
1129 5300 9.0
5300 1129 9.0
1966 5301 3.0
5301 1966 3.0
1966 5303 1.0
5303 1966 1.0
5301 5304 1.0
5304 5301 1.0
90 5302 12.0
5302 90 12.0
90 5308 2.0
5308 90 2.0
90 5292 6.0
5292 90 6.0
5302 5309 2.0
5309 5302 2.0
5303 5304 3.0
5304 5303 3.0
5303 5541 48.0
5541 5303 48.0
5304 5305 25.0
5305 5304 25.0
5304 5542 48.0
5542 5304 48.0
2019 5306 14.0
5306 2019 14.0
2019 5559 50.0
5559 2019 50.0
2019 5305 3.0
5305 2019 3.0
5306 5307 16.0
5307 5306 16.0
2077 2093 20.0
2093 2077 20.0
2077 5306 17.0
5306 2077 17.0
2077 5307 1.0
5307 2077 1.0
5308 5309 12.0
5309 5308 12.0
5308 5447 29.0
5447 5308 29.0
5309 5310 7.0
5310 5309 7.0
5310 5419 22.0
5419 5310 22.0
113 5311 13.0
5311 113 13.0
113 5420 22.0
5420 113 22.0
113 5310 22.0
5310 113 22.0
113 5294 8.0
5294 113 8.0
5311 5312 5.0
5312 5311 5.0
5311 5421 22.0
5421 5311 22.0
5312 5313 31.0
5313 5312 31.0
5312 5422 22.0
5422 5312 22.0
5314 5315 31.0
5315 5314 31.0
5314 5504 37.0
5504 5314 37.0
3289 5424 23.0
5424 3289 23.0
3289 5315 28.0
5315 3289 28.0
1335 5316 9.0
5316 1335 9.0
1335 5332 5.0
5332 1335 5.0
1335 5331 36.0
5331 1335 36.0
1335 5248 39.0
5248 1335 39.0
5316 5333 5.0
5333 5316 5.0
5317 5318 3.0
5318 5317 3.0
5317 5475 29.0
5475 5317 29.0
5318 5319 4.0
5319 5318 4.0
5318 5476 29.0
5476 5318 29.0
5319 5320 8.0
5320 5319 8.0
5319 5382 13.0
5382 5319 13.0
5320 5321 7.0
5321 5320 7.0
5320 5383 13.0
5383 5320 13.0
1026 5322 26.0
5322 1026 26.0
1026 5384 13.0
5384 1026 13.0
1026 5321 7.0
5321 1026 7.0
1026 5223 37.0
5223 1026 37.0
5322 5323 34.0
5323 5322 34.0
5322 5385 13.0
5385 5322 13.0
5324 5366 11.0
5366 5324 11.0
5324 5365 29.0
5365 5324 29.0
2953 5325 2.0
5325 2953 2.0
2953 5367 11.0
5367 2953 11.0
2953 5324 13.0
5324 2953 13.0
2953 5261 21.0
5261 2953 21.0
5325 5326 29.0
5326 5325 29.0
5325 5368 11.0
5368 5325 11.0
5326 5370 11.0
5370 5326 11.0
5327 5328 14.0
5328 5327 14.0
5327 5479 28.0
5479 5327 28.0
5327 5356 20.0
5356 5327 20.0
5328 5329 2.0
5329 5328 2.0
5328 5480 28.0
5480 5328 28.0
5329 5481 28.0
5481 5329 28.0
1822 5552 45.0
5552 1822 45.0
1822 5329 13.0
5329 1822 13.0
1822 5212 42.0
5212 1822 42.0
45 52 20.0
52 45 20.0
1513 5336 1.0
5336 1513 1.0
2317 5330 8.0
5330 2317 8.0
2317 5544 41.0
5544 2317 41.0
2317 5255 30.0
5255 2317 30.0
5330 5396 13.0
5396 5330 13.0
5331 5332 31.0
5332 5331 31.0
5332 5333 9.0
5333 5332 9.0
5332 5344 3.0
5344 5332 3.0
5333 5334 2.0
5334 5333 2.0
5333 5347 4.0
5347 5333 4.0
5334 5335 49.0
5335 5334 49.0
5334 5348 4.0
5348 5334 4.0
5335 5336 41.0
5336 5335 41.0
5335 5349 4.0
5349 5335 4.0
5336 5337 8.0
5337 5336 8.0
5336 5350 4.0
5350 5336 4.0
5337 5351 4.0
5351 5337 4.0
1554 5338 50.0
5338 1554 50.0
1554 5352 4.0
5352 1554 4.0
1554 5337 22.0
5337 1554 22.0
5338 5353 4.0
5353 5338 4.0
5339 5340 2.0
5340 5339 2.0
5340 5341 38.0
5341 5340 38.0
5340 5360 6.0
5360 5340 6.0
5341 5342 39.0
5342 5341 39.0
5341 5361 6.0
5361 5341 6.0
5342 5381 8.0
5381 5342 8.0
799 5514 33.0
5514 799 33.0
799 5342 2.0
5342 799 2.0
799 5275 20.0
5275 799 20.0
5343 5371 7.0
5371 5343 7.0
239 5372 7.0
5372 239 7.0
239 5343 1.0
5343 239 1.0
239 5285 17.0
5285 239 17.0
1283 5344 31.0
5344 1283 31.0
1283 5406 10.0
5406 1283 10.0
1283 5331 3.0
5331 1283 3.0
5344 5346 1.0
5346 5344 1.0
5345 5411 10.0
5411 5345 10.0
11 5345 19.0
5345 11 19.0
5346 5347 9.0
5347 5346 9.0
5346 5416 11.0
5416 5346 11.0
5347 5348 2.0
5348 5347 2.0
5347 5362 3.0
5362 5347 3.0
5348 5349 49.0
5349 5348 49.0
5349 5350 41.0
5350 5349 41.0
5350 5351 8.0
5351 5350 8.0
5350 5363 3.0
5363 5350 3.0
5351 5352 22.0
5352 5351 22.0
5351 5407 9.0
5407 5351 9.0
5352 5353 50.0
5353 5352 50.0
5352 5408 9.0
5408 5352 9.0
5353 5354 22.0
5354 5353 22.0
1713 5355 15.0
5355 1713 15.0
1713 5410 9.0
5410 1713 9.0
1713 5354 19.0
5354 1713 19.0
1713 5283 21.0
5283 1713 21.0
5355 5356 4.0
5356 5355 4.0
5355 5478 21.0
5478 5355 21.0
2093 5417 11.0
5417 2093 11.0
5357 5358 12.0
5358 5357 12.0
5357 5376 2.0
5376 5357 2.0
5358 5359 27.0
5359 5358 27.0
5358 5377 2.0
5377 5358 2.0
5359 5378 2.0
5378 5359 2.0
674 5360 2.0
5360 674 2.0
674 5379 2.0
5379 674 2.0
674 5359 12.0
5359 674 12.0
674 5339 6.0
5339 674 6.0
5360 5361 38.0
5361 5360 38.0
5360 5380 2.0
5380 5360 2.0
1439 5363 41.0
5363 1439 41.0
1439 5362 51.0
5362 1439 51.0
1439 5349 3.0
5349 1439 3.0
5363 5407 14.0
5407 5363 14.0
2616 5364 11.0
5364 2616 11.0
2616 5389 2.0
5389 2616 2.0
2616 5388 14.0
5388 2616 14.0
2616 5259 30.0
5259 2616 30.0
5364 5390 2.0
5390 5364 2.0
5365 5366 18.0
5366 5365 18.0
5366 5367 13.0
5367 5366 13.0
5366 5413 7.0
5413 5366 7.0
5367 5368 2.0
5368 5367 2.0
5367 5414 7.0
5414 5367 7.0
5368 5369 7.0
5369 5368 7.0
5369 5370 22.0
5370 5369 22.0
5369 5430 12.0
5430 5369 12.0
3025 5431 12.0
5431 3025 12.0
3025 5370 9.0
5370 3025 9.0
52 5495 22.0
5495 52 22.0
5371 5372 1.0
5372 5371 1.0
5372 5373 38.0
5373 5372 38.0
5372 5440 13.0
5440 5372 13.0
5373 5374 33.0
5374 5373 33.0
5373 5441 13.0
5441 5373 13.0
5374 5375 48.0
5375 5374 48.0
5374 5442 13.0
5442 5374 13.0
5375 5443 13.0
5443 5375 13.0
411 5444 13.0
5444 411 13.0
411 5375 42.0
5375 411 42.0
5376 5377 12.0
5377 5376 12.0
5376 5455 14.0
5455 5376 14.0
5377 5378 27.0
5378 5377 27.0
5378 5379 12.0
5379 5378 12.0
5378 5474 16.0
5474 5378 16.0
5379 5380 2.0
5380 5379 2.0
738 5381 39.0
5381 738 39.0
738 5548 40.0
5548 738 40.0
738 5380 38.0
5380 738 38.0
738 5361 2.0
5361 738 2.0
5381 5513 25.0
5513 5381 25.0
5382 5383 8.0
5383 5382 8.0
5382 5397 4.0
5397 5382 4.0
5383 5384 14.0
5384 5383 14.0
5383 5398 4.0
5398 5383 4.0
5384 5385 26.0
5385 5384 26.0
5384 5399 4.0
5399 5384 4.0
5385 5386 12.0
5386 5385 12.0
5385 5400 4.0
5400 5385 4.0
5386 5401 4.0
5401 5386 4.0
1111 5387 11.0
5387 1111 11.0
1111 5393 1.0
5393 1111 1.0
1111 5386 22.0
5386 1111 22.0
1111 5323 13.0
5323 1111 13.0
5387 5394 1.0
5394 5387 1.0
5388 5389 12.0
5389 5388 12.0
5389 5390 11.0
5390 5389 11.0
2675 5391 12.0
5391 2675 12.0
2675 5434 24.0
5434 2675 24.0
2675 5390 29.0
5390 2675 29.0
2675 5260 32.0
5260 2675 32.0
5391 5392 24.0
5392 5391 24.0
5391 5434 12.0
5434 5391 12.0
5392 5436 12.0
5436 5392 12.0
5393 5394 11.0
5394 5393 11.0
5393 5402 3.0
5402 5393 3.0
5394 5395 18.0
5395 5394 18.0
5395 5403 3.0
5403 5395 3.0
1165 5404 3.0
5404 1165 3.0
1165 5395 1.0
5395 1165 1.0
2419 5396 62.0
5396 2419 62.0
2419 5191 60.0
5191 2419 60.0
5397 5398 8.0
5398 5397 8.0
5397 5456 11.0
5456 5397 11.0
5398 5399 14.0
5399 5398 14.0
5398 5457 11.0
5457 5398 11.0
5399 5400 26.0
5400 5399 26.0
5399 5458 11.0
5458 5399 11.0
5400 5401 12.0
5401 5400 12.0
5400 5459 11.0
5459 5400 11.0
5401 5402 22.0
5402 5401 22.0
5401 5460 11.0
5460 5401 11.0
5402 5403 29.0
5403 5402 29.0
5402 5461 11.0
5461 5402 11.0
5403 5404 1.0
5404 5403 1.0
5403 5462 11.0
5462 5403 11.0
5404 5405 40.0
5405 5404 40.0
5404 5463 11.0
5463 5404 11.0
5405 5464 11.0
5464 5405 11.0
1267 5406 10.0
5406 1267 10.0
1267 5465 11.0
5465 1267 11.0
1267 5405 21.0
5405 1267 21.0
1267 1283 20.0
1283 1267 20.0
5406 5415 12.0
5415 5406 12.0
5407 5408 22.0
5408 5407 22.0
5408 5409 39.0
5409 5408 39.0
1642 5410 41.0
5410 1642 41.0
1642 5550 29.0
5550 1642 29.0
1642 5409 11.0
5409 1642 11.0
1642 5353 9.0
5353 1642 9.0
5410 5478 27.0
5478 5410 27.0
2 5411 2.0
5411 2 2.0
5412 5426 20.0
5426 5412 20.0
2907 5413 18.0
5413 2907 18.0
2907 5427 5.0
5427 2907 5.0
2907 5412 38.0
5412 2907 38.0
2907 5365 7.0
5365 2907 7.0
5413 5414 13.0
5414 5413 13.0
5413 5428 5.0
5428 5413 5.0
5414 5429 5.0
5429 5414 5.0
5415 5416 21.0
5416 5415 21.0
1352 5416 9.0
5416 1352 9.0
1352 5362 8.0
5362 1352 8.0
5417 5418 18.0
5418 5417 18.0
5417 5649 49.0
5649 5417 49.0
5417 5560 29.0
5560 5417 29.0
5418 5570 32.0
5570 5418 32.0
2149 5571 32.0
5571 2149 32.0
2149 5418 12.0
5418 2149 12.0
5419 5420 22.0
5420 5419 22.0
5420 5421 13.0
5421 5420 13.0
5420 5449 7.0
5449 5420 7.0
5421 5422 5.0
5422 5421 5.0
5422 5423 30.0
5423 5422 30.0
5423 5521 19.0
5521 5423 19.0
140 5590 41.0
5590 140 41.0
140 5423 1.0
5423 140 1.0
140 5313 22.0
5313 140 22.0
5424 5609 42.0
5609 5424 42.0
5424 5608 46.0
5608 5424 46.0
3378 5610 42.0
5610 3378 42.0
3378 5424 49.0
5424 3378 49.0
185 5425 12.0
5425 185 12.0
185 5538 21.0
5538 185 21.0
185 5279 37.0
5279 185 37.0
5425 5438 3.0
5438 5425 3.0
5426 5427 53.0
5427 5426 53.0
5426 5437 2.0
5437 5426 2.0
5427 5428 18.0
5428 5427 18.0
5427 5530 17.0
5530 5427 17.0
5428 5429 13.0
5429 5428 13.0
5428 5531 17.0
5531 5428 17.0
5429 5430 9.0
5430 5429 9.0
5429 5532 17.0
5532 5429 17.0
5430 5431 31.0
5431 5430 31.0
5430 5497 12.0
5497 5430 12.0
5431 5498 12.0
5498 5431 12.0
3076 5432 38.0
5432 3076 38.0
3076 5500 12.0
5500 3076 12.0
3076 5431 30.0
5431 3076 30.0
5432 5433 5.0
5433 5432 5.0
5432 5502 12.0
5502 5432 12.0
5433 5503 12.0
5503 5433 12.0
5434 5435 17.0
5435 5434 17.0
5435 5436 7.0
5436 5435 7.0
5435 5526 15.0
5526 5435 15.0
5436 5527 15.0
5527 5436 15.0
2779 5437 18.0
5437 2779 18.0
2779 5528 15.0
5528 2779 15.0
2779 5436 24.0
5436 2779 24.0
2779 5238 59.0
5238 2779 59.0
5437 5529 15.0
5529 5437 15.0
5438 5439 7.0
5439 5438 7.0
5438 5539 18.0
5539 5438 18.0
238 5440 1.0
5440 238 1.0
238 5565 22.0
5565 238 22.0
238 5439 52.0
5439 238 52.0
238 5371 13.0
5371 238 13.0
5440 5441 38.0
5441 5440 38.0
5440 5566 22.0
5566 5440 22.0
5441 5442 33.0
5442 5441 33.0
5442 5443 48.0
5443 5442 48.0
5443 5444 42.0
5444 5443 42.0
5443 5450 1.0
5450 5443 1.0
5444 5445 39.0
5445 5444 39.0
5444 5451 1.0
5451 5444 1.0
5445 5446 4.0
5446 5445 4.0
5445 5452 1.0
5452 5445 1.0
485 5453 1.0
5453 485 1.0
485 5446 7.0
5446 485 7.0
5447 5448 18.0
5448 5447 18.0
5447 5496 19.0
5496 5447 19.0
5448 5506 9.0
5506 5448 9.0
101 5449 22.0
5449 101 22.0
101 5519 12.0
5519 101 12.0
101 5448 1.0
5448 101 1.0
101 5419 7.0
5419 101 7.0
5449 5520 12.0
5520 5449 12.0
5450 5451 42.0
5451 5450 42.0
5450 5467 2.0
5467 5450 2.0
5451 5452 39.0
5452 5451 39.0
5451 5468 2.0
5468 5451 2.0
5452 5453 11.0
5453 5452 11.0
5452 5469 2.0
5469 5452 2.0
5453 5454 18.0
5454 5453 18.0
5453 5470 2.0
5470 5453 2.0
5454 5471 2.0
5471 5454 2.0
538 5455 41.0
5455 538 41.0
538 5472 2.0
5472 538 2.0
538 5454 22.0
5454 538 22.0
5456 5457 8.0
5457 5456 8.0
5456 5477 1.0
5477 5456 1.0
5457 5458 14.0
5458 5457 14.0
5457 5487 6.0
5487 5457 6.0
5458 5459 26.0
5459 5458 26.0
5458 5488 6.0
5488 5458 6.0
5459 5460 12.0
5460 5459 12.0
5459 5489 6.0
5489 5459 6.0
5460 5461 22.0
5461 5460 22.0
5460 5490 6.0
5490 5460 6.0
5461 5462 29.0
5462 5461 29.0
5461 5491 6.0
5491 5461 6.0
5462 5463 1.0
5463 5462 1.0
5463 5464 40.0
5464 5463 40.0
5463 5494 6.0
5494 5463 6.0
5464 5465 21.0
5465 5464 21.0
5465 5466 18.0
5466 5465 18.0
5466 5512 8.0
5512 5466 8.0
1300 5466 2.0
5466 1300 2.0
1300 5415 9.0
5415 1300 9.0
5467 5468 42.0
5468 5467 42.0
5468 5469 39.0
5469 5468 39.0
5468 5535 13.0
5535 5468 13.0
5469 5470 11.0
5470 5469 11.0
5470 5471 18.0
5471 5470 18.0
5471 5472 22.0
5472 5471 22.0
5472 5473 39.0
5473 5472 39.0
5473 5567 22.0
5567 5473 22.0
599 5474 39.0
5474 599 39.0
599 5568 22.0
5568 599 22.0
599 5473 2.0
5473 599 2.0
599 5455 2.0
5455 599 2.0
955 5475 13.0
5475 955 13.0
955 5483 5.0
5483 955 5.0
955 5482 25.0
5482 955 25.0
5475 5476 3.0
5476 5475 3.0
5475 5484 5.0
5484 5475 5.0
5476 5477 4.0
5477 5476 4.0
5476 5485 5.0
5485 5476 5.0
5477 5486 5.0
5486 5477 5.0
1747 5479 13.0
5479 1747 13.0
1747 5591 32.0
5591 1747 32.0
1747 5478 4.0
5478 1747 4.0
1747 5356 21.0
5356 1747 21.0
5479 5480 14.0
5480 5479 14.0
5479 5592 32.0
5592 5479 32.0
5480 5481 2.0
5481 5480 2.0
5480 5594 32.0
5594 5480 32.0
5481 5551 17.0
5551 5481 17.0
19 5536 14.0
5536 19 14.0
5482 5483 20.0
5483 5482 20.0
5483 5484 13.0
5484 5483 13.0
5483 5517 4.0
5517 5483 4.0
5484 5485 3.0
5485 5484 3.0
5484 5522 6.0
5522 5484 6.0
5485 5486 4.0
5486 5485 4.0
5485 5523 6.0
5523 5485 6.0
5486 5487 8.0
5487 5486 8.0
5487 5488 14.0
5488 5487 14.0
5487 5524 6.0
5524 5487 6.0
5488 5489 26.0
5489 5488 26.0
5488 5525 6.0
5525 5488 6.0
5489 5490 12.0
5490 5489 12.0
5489 5579 18.0
5579 5489 18.0
5490 5491 22.0
5491 5490 22.0
5491 5492 16.0
5492 5491 16.0
5491 5580 18.0
5580 5491 18.0
5492 5493 7.0
5493 5492 7.0
5492 5507 2.0
5507 5492 2.0
5493 5508 2.0
5508 5493 2.0
1162 5494 1.0
5494 1162 1.0
1162 5509 2.0
5509 1162 2.0
1162 5493 6.0
5493 1162 6.0
1162 5462 6.0
5462 1162 6.0
5494 5510 2.0
5510 5494 2.0
66 5496 31.0
5496 66 31.0
66 5505 10.0
5505 66 10.0
66 5495 29.0
5495 66 29.0
5497 5498 31.0
5498 5497 31.0
5498 5499 7.0
5499 5498 7.0
5498 5534 5.0
5534 5498 5.0
5499 5500 23.0
5500 5499 23.0
5499 5619 29.0
5619 5499 29.0
5500 5501 8.0
5501 5500 8.0
5500 5621 29.0
5621 5500 29.0
5501 5502 30.0
5502 5501 30.0
5502 5503 5.0
5503 5502 5.0
5502 5622 29.0
5622 5502 29.0
3159 5504 24.0
5504 3159 24.0
3159 5638 32.0
5638 3159 32.0
3159 5503 7.0
5503 3159 7.0
5504 5639 32.0
5639 5504 32.0
82 5506 29.0
5506 82 29.0
82 5505 22.0
5505 82 22.0
82 5496 1.0
5496 82 1.0
5506 5518 3.0
5518 5506 3.0
5507 5508 7.0
5508 5507 7.0
5507 5581 16.0
5581 5507 16.0
5508 5509 6.0
5509 5508 6.0
5508 5582 16.0
5582 5508 16.0
5509 5510 1.0
5510 5509 1.0
5509 5583 16.0
5583 5509 16.0
5510 5511 8.0
5511 5510 8.0
1232 5512 39.0
5512 1232 39.0
1232 5511 32.0
5511 1232 32.0
1232 5464 8.0
5464 1232 8.0
3540 5612 40.0
5612 3540 40.0
5513 5514 2.0
5514 5513 2.0
5514 5515 48.0
5515 5514 48.0
5515 5516 19.0
5516 5515 19.0
5515 5549 7.0
5549 5515 7.0
5516 5626 29.0
5626 5516 29.0
922 5517 20.0
5517 922 20.0
922 5516 3.0
5516 922 3.0
922 5482 4.0
5482 922 4.0
5517 5522 15.0
5522 5517 15.0
5518 5519 1.0
5519 5518 1.0
5519 5520 22.0
5520 5519 22.0
129 5521 30.0
5521 129 30.0
129 5561 8.0
5561 129 8.0
129 5520 18.0
5520 129 18.0
129 5422 19.0
5422 129 19.0
5522 5523 3.0
5523 5522 3.0
992 5524 8.0
5524 992 8.0
992 5576 12.0
5576 992 12.0
992 5523 4.0
5523 992 4.0
992 5486 6.0
5486 992 6.0
5524 5525 14.0
5525 5524 14.0
5524 5577 12.0
5577 5524 12.0
5525 5578 12.0
5578 5525 12.0
5526 5527 7.0
5527 5526 7.0
5527 5528 24.0
5528 5527 24.0
5527 5545 4.0
5545 5527 4.0
5528 5529 18.0
5529 5528 18.0
5528 5546 4.0
5546 5528 4.0
5529 5530 53.0
5530 5529 53.0
5530 5531 18.0
5531 5530 18.0
5531 5532 13.0
5532 5531 13.0
5531 5614 24.0
5614 5531 24.0
5532 5533 4.0
5533 5532 4.0
5532 5615 24.0
5615 5532 24.0
5533 5616 24.0
5616 5533 24.0
2972 5534 31.0
5534 2972 31.0
2972 5617 24.0
5617 2972 24.0
2972 5533 5.0
5533 2972 5.0
2972 5497 5.0
5497 2972 5.0
5534 5618 24.0
5618 5534 24.0
360 5535 42.0
5535 360 42.0
360 5467 13.0
5467 360 13.0
5535 5547 31.0
5547 5535 31.0
5536 5537 50.0
5537 5536 50.0
5536 5588 16.0
5588 5536 16.0
51 5597 19.0
5597 51 19.0
51 5537 21.0
5537 51 21.0
51 5495 10.0
5495 51 10.0
5538 5539 12.0
5539 5538 12.0
201 5562 4.0
5562 201 4.0
201 5539 7.0
5539 201 7.0
201 5439 18.0
5439 201 18.0
5540 5554 2.0
5554 5540 2.0
5540 5553 20.0
5553 5540 20.0
1928 5541 22.0
5541 1928 22.0
1928 5555 2.0
5555 1928 2.0
1928 5540 13.0
5540 1928 13.0
5541 5542 3.0
5542 5541 3.0
5541 5557 2.0
5557 5541 2.0
5542 5558 2.0
5558 5542 2.0
5543 5544 4.0
5544 5543 4.0
5543 5673 29.0
5673 5543 29.0
5543 5574 26.0
5574 5543 26.0
2327 5705 42.0
5705 2327 42.0
2327 5544 8.0
5544 2327 8.0
2327 5396 28.0
5396 2327 28.0
2729 5545 7.0
5545 2729 7.0
2729 5627 30.0
5627 2729 30.0
2729 5526 4.0
5526 2729 4.0
5545 5546 24.0
5546 5545 24.0
5545 5627 23.0
5627 5545 23.0
5546 5628 23.0
5628 5546 23.0
5547 5623 22.0
5623 5547 22.0
470 5624 22.0
5624 470 22.0
470 5547 11.0
5547 470 11.0
470 5469 16.0
5469 470 16.0
793 5549 50.0
5549 793 50.0
793 5613 19.0
5613 793 19.0
793 5548 31.0
5548 793 31.0
793 5513 7.0
5513 793 7.0
1615 5550 11.0
5550 1615 11.0
1615 5682 32.0
5682 1615 32.0
1615 5409 29.0
5409 1615 29.0
5550 5683 32.0
5683 5550 32.0
5551 5552 13.0
5552 5551 13.0
5552 5553 38.0
5553 5552 38.0
5552 5595 15.0
5595 5552 15.0
5553 5554 18.0
5554 5553 18.0
5554 5555 13.0
5555 5554 13.0
5554 5606 17.0
5606 5554 17.0
5555 5556 18.0
5556 5555 18.0
5555 5607 17.0
5607 5555 17.0
5556 5557 4.0
5557 5556 4.0
5556 5644 22.0
5644 5556 22.0
5557 5558 3.0
5558 5557 3.0
2013 5559 3.0
5559 2013 3.0
2013 5646 22.0
5646 2013 22.0
2013 5558 25.0
5558 2013 25.0
2013 5305 50.0
5305 2013 50.0
5559 5560 37.0
5560 5559 37.0
5559 5647 22.0
5647 5559 22.0
100 5561 41.0
5561 100 41.0
100 5518 8.0
5518 100 8.0
5561 5589 32.0
5589 5561 32.0
5562 5563 10.0
5563 5562 10.0
5562 5584 6.0
5584 5562 6.0
5563 5564 9.0
5564 5563 9.0
5564 5565 33.0
5565 5564 33.0
5564 5585 7.0
5585 5564 7.0
5565 5566 1.0
5566 5565 1.0
270 5566 38.0
5566 270 38.0
270 5441 22.0
5441 270 22.0
5567 5568 2.0
5568 5567 2.0
5568 5569 27.0
5569 5568 27.0
664 5751 50.0
5751 664 50.0
664 5569 12.0
5569 664 12.0
664 5474 22.0
5474 664 22.0
5570 5571 12.0
5571 5570 12.0
5570 5650 17.0
5650 5570 17.0
5571 5572 27.0
5572 5571 27.0
5571 5656 18.0
5656 5571 18.0
5572 5573 9.0
5573 5572 9.0
5572 5657 18.0
5657 5572 18.0
5573 5658 18.0
5658 5573 18.0
2210 5574 30.0
5574 2210 30.0
2210 5659 18.0
5659 2210 18.0
2210 5573 3.0
5573 2210 3.0
5575 5586 8.0
5586 5575 8.0
2594 5575 33.0
5575 2594 33.0
2594 5388 38.0
5388 2594 38.0
5576 5577 8.0
5577 5576 8.0
5576 5688 29.0
5688 5576 29.0
5577 5578 14.0
5578 5577 14.0
5578 5579 26.0
5579 5578 26.0
5578 5689 29.0
5689 5578 29.0
5579 5674 23.0
5674 5579 23.0
1086 5580 22.0
5580 1086 22.0
1086 5675 23.0
5675 1086 23.0
1086 5579 12.0
5579 1086 12.0
1086 5490 18.0
5490 1086 18.0
5580 5581 16.0
5581 5580 16.0
5580 5676 23.0
5676 5580 23.0
5581 5582 7.0
5582 5581 7.0
5581 5677 23.0
5677 5581 23.0
5582 5583 6.0
5583 5582 6.0
5582 5678 23.0
5678 5582 23.0
5583 5679 23.0
5679 5583 23.0
184 5584 20.0
5584 184 20.0
184 5538 11.0
5538 184 11.0
1523 5758 49.0
5758 1523 49.0
1523 5407 37.0
5407 1523 37.0
208 5585 9.0
5585 208 9.0
208 5681 21.0
5681 208 21.0
208 5584 11.0
5584 208 11.0
208 5563 7.0
5563 208 7.0
6 5587 10.0
5587 6 10.0
6 5411 47.0
5411 6 47.0
1298 5512 22.0
5512 1298 22.0
598 5567 8.0
5567 598 8.0
2527 5586 8.0
5586 2527 8.0
2527 5749 41.0
5749 2527 41.0
2527 5575 16.0
5575 2527 16.0
17 5588 11.0
5588 17 11.0
17 5587 32.0
5587 17 32.0
17 5536 27.0
5536 17 27.0
5588 5596 32.0
5596 5588 32.0
138 5590 1.0
5590 138 1.0
138 5666 10.0
5666 138 10.0
138 5589 12.0
5589 138 12.0
138 5521 22.0
5521 138 22.0
5590 5667 10.0
5667 5590 10.0
5591 5592 13.0
5592 5591 13.0
5591 5599 2.0
5599 5591 2.0
5591 5598 25.0
5598 5591 25.0
5592 5593 4.0
5593 5592 4.0
5592 5600 2.0
5600 5592 2.0
5593 5594 10.0
5594 5593 10.0
5593 5601 2.0
5601 5593 2.0
1800 5595 13.0
5595 1800 13.0
1800 5602 2.0
5602 1800 2.0
1800 5594 2.0
5594 1800 2.0
1800 5551 15.0
5551 1800 15.0
5595 5603 2.0
5603 5595 2.0
43 5597 21.0
5597 43 21.0
43 5596 21.0
5596 43 21.0
43 5537 19.0
5537 43 19.0
5597 5680 40.0
5680 5597 40.0
5598 5599 23.0
5599 5598 23.0
5598 5684 15.0
5684 5598 15.0
5599 5600 13.0
5600 5599 13.0
5599 5746 36.0
5746 5599 36.0
5600 5601 4.0
5601 5600 4.0
5600 5747 36.0
5747 5600 36.0
5601 5602 12.0
5602 5601 12.0
5601 5722 29.0
5722 5601 29.0
5602 5603 13.0
5603 5602 13.0
5602 5723 29.0
5723 5602 29.0
5603 5604 16.0
5604 5603 16.0
5604 5605 19.0
5605 5604 19.0
5605 5694 22.0
5694 5605 22.0
1888 5606 18.0
5606 1888 18.0
1888 5641 5.0
5641 1888 5.0
1888 5605 3.0
5605 1888 3.0
1888 5553 17.0
5553 1888 17.0
5606 5607 13.0
5607 5606 13.0
5606 5642 5.0
5642 5606 5.0
5607 5643 5.0
5643 5607 5.0
5608 5609 4.0
5609 5608 4.0
5608 5640 4.0
5640 5608 4.0
5609 5610 49.0
5610 5609 49.0
5609 5662 6.0
5662 5609 6.0
5610 5611 7.0
5611 5610 7.0
3433 5612 59.0
5612 3433 59.0
3433 5730 29.0
5730 3433 29.0
3433 5611 32.0
5611 3433 32.0
748 5613 31.0
5613 748 31.0
748 5548 19.0
5548 748 19.0
5613 5625 21.0
5625 5613 21.0
5614 5615 13.0
5615 5614 13.0
5614 5629 3.0
5629 5614 3.0
5615 5616 4.0
5616 5615 4.0
5615 5630 3.0
5630 5615 3.0
5616 5617 5.0
5617 5616 5.0
5616 5631 3.0
5631 5616 3.0
5617 5618 31.0
5618 5617 31.0
5617 5632 3.0
5632 5617 3.0
5618 5619 7.0
5619 5618 7.0
5619 5620 19.0
5620 5619 19.0
5619 5633 3.0
5633 5619 3.0
5620 5621 4.0
5621 5620 4.0
5620 5634 3.0
5634 5620 3.0
5621 5635 3.0
5635 5621 3.0
3094 5622 30.0
5622 3094 30.0
3094 5636 3.0
5636 3094 3.0
3094 5621 8.0
5621 3094 8.0
3094 5501 29.0
5501 3094 29.0
5622 5637 3.0
5637 5622 3.0
5623 5624 11.0
5624 5623 11.0
500 5743 38.0
5743 500 38.0
500 5624 29.0
5624 500 29.0
500 5471 38.0
5471 500 38.0
877 5626 19.0
5626 877 19.0
877 5710 21.0
5710 877 21.0
877 5625 32.0
5625 877 32.0
877 5549 22.0
5549 877 22.0
5626 5685 14.0
5685 5626 14.0
5627 5628 24.0
5628 5627 24.0
5627 5740 30.0
5740 5627 30.0
2821 5741 30.0
5741 2821 30.0
2821 5628 18.0
5628 2821 18.0
2821 5529 27.0
5529 2821 27.0
5629 5630 13.0
5630 5629 13.0
5630 5631 4.0
5631 5630 4.0
5630 5663 3.0
5663 5630 3.0
5631 5632 5.0
5632 5631 5.0
5631 5664 3.0
5664 5631 3.0
5632 5633 38.0
5633 5632 38.0
5632 5665 3.0
5665 5632 3.0
5633 5634 19.0
5634 5633 19.0
5634 5635 4.0
5635 5634 4.0
5634 5692 16.0
5692 5634 16.0
5635 5636 8.0
5636 5635 8.0
5635 5693 16.0
5693 5635 16.0
5636 5637 30.0
5637 5636 30.0
5636 5702 18.0
5702 5636 18.0
5637 5638 12.0
5638 5637 12.0
5638 5639 24.0
5639 5638 24.0
3212 5640 50.0
5640 3212 50.0
3212 5660 2.0
5660 3212 2.0
3212 5639 5.0
5639 3212 5.0
5641 5642 18.0
5642 5641 18.0
5641 5695 17.0
5695 5641 17.0
5642 5643 13.0
5643 5642 13.0
5642 5696 17.0
5696 5642 17.0
5643 5644 18.0
5644 5643 18.0
5643 5697 17.0
5697 5643 17.0
5644 5645 20.0
5645 5644 20.0
5645 5646 12.0
5646 5645 12.0
5645 5651 1.0
5651 5645 1.0
5646 5647 3.0
5647 5646 3.0
5646 5652 1.0
5652 5646 1.0
5647 5648 24.0
5648 5647 24.0
5648 5653 1.0
5653 5648 1.0
2091 5649 2.0
5649 2091 2.0
2091 5654 1.0
5654 2091 1.0
2091 5648 13.0
5648 2091 13.0
2091 5560 22.0
5560 2091 22.0
5649 5650 18.0
5650 5649 18.0
5649 5655 1.0
5655 5649 1.0
5651 5652 12.0
5652 5651 12.0
5651 5698 16.0
5698 5651 16.0
5652 5653 27.0
5653 5652 27.0
5652 5779 38.0
5779 5652 38.0
5653 5654 13.0
5654 5653 13.0
5653 5752 32.0
5752 5653 32.0
5654 5655 2.0
5655 5654 2.0
2132 5656 12.0
5656 2132 12.0
2132 5668 4.0
5668 2132 4.0
2132 5655 18.0
5655 2132 18.0
2132 5650 1.0
5650 2132 1.0
5656 5657 27.0
5657 5656 27.0
5656 5669 4.0
5669 5656 4.0
5657 5658 9.0
5658 5657 9.0
5657 5670 4.0
5670 5657 4.0
5658 5659 3.0
5659 5658 3.0
5658 5671 4.0
5671 5658 4.0
5659 5672 4.0
5672 5659 4.0
5660 5661 9.0
5661 5660 9.0
5660 5703 16.0
5703 5660 16.0
3283 5662 4.0
5662 3283 4.0
3283 5725 23.0
5725 3283 23.0
3283 5661 41.0
5661 3283 41.0
3283 5640 2.0
5640 3283 2.0
5662 5726 23.0
5726 5662 23.0
2935 5663 13.0
5663 2935 13.0
2935 5629 3.0
5629 2935 3.0
5663 5664 4.0
5664 5663 4.0
5663 5836 52.0
5836 5663 52.0
5664 5665 5.0
5665 5664 5.0
5664 5837 52.0
5837 5664 52.0
5665 5691 19.0
5691 5665 19.0
5666 5667 1.0
5667 5666 1.0
5666 5750 33.0
5750 5666 33.0
145 5667 8.0
5667 145 8.0
5668 5669 12.0
5669 5668 12.0
5668 5753 28.0
5753 5668 28.0
5669 5670 27.0
5670 5669 27.0
5670 5671 9.0
5671 5670 9.0
5670 5732 21.0
5732 5670 21.0
5671 5672 3.0
5672 5671 3.0
5671 5733 21.0
5733 5671 21.0
5672 5734 21.0
5734 5672 21.0
2270 5673 19.0
5673 2270 19.0
2270 5736 21.0
5736 2270 21.0
2270 5672 30.0
5672 2270 30.0
2270 5574 22.0
5574 2270 22.0
5673 5704 13.0
5704 5673 13.0
449 5731 30.0
5731 449 30.0
449 5623 8.0
5623 449 8.0
5674 5675 12.0
5675 5674 12.0
5674 5690 6.0
5690 5674 6.0
5675 5676 22.0
5676 5675 22.0
5675 5719 17.0
5719 5675 17.0
5676 5677 16.0
5677 5676 16.0
5677 5678 7.0
5678 5677 7.0
5677 5720 17.0
5720 5677 17.0
5678 5679 6.0
5679 5678 6.0
5678 5773 30.0
5773 5678 30.0
1180 5774 30.0
5774 1180 30.0
1180 5679 9.0
5679 1180 9.0
1180 5511 39.0
5511 1180 39.0
70 5770 29.0
5770 70 29.0
70 5680 12.0
5680 70 12.0
70 5505 40.0
5505 70 40.0
212 5681 9.0
5681 212 9.0
212 5585 21.0
5585 212 21.0
5682 5683 11.0
5683 5682 11.0
5682 5744 34.0
5744 5682 34.0
1654 5684 29.0
5684 1654 29.0
1654 5745 21.0
5745 1654 21.0
1654 5683 8.0
5683 1654 8.0
5685 5686 29.0
5686 5685 29.0
5686 5687 9.0
5687 5686 9.0
5686 5712 7.0
5712 5686 7.0
5687 5688 5.0
5688 5687 5.0
5687 5716 11.0
5716 5687 11.0
1005 5689 14.0
5689 1005 14.0
1005 5717 11.0
5717 1005 11.0
1005 5688 8.0
5688 1005 8.0
1005 5577 29.0
5577 1005 29.0
5689 5690 26.0
5690 5689 26.0
5689 5718 11.0
5718 5689 11.0
1387 5721 29.0
5721 1387 29.0
31 5756 21.0
5756 31 21.0
31 5596 19.0
5596 31 19.0
5691 5800 31.0
5800 5691 31.0
3035 5692 19.0
5692 3035 19.0
3035 5699 2.0
5699 3035 2.0
3035 5691 32.0
5691 3035 32.0
3035 5633 16.0
5633 3035 16.0
5692 5693 4.0
5693 5692 4.0
5692 5700 2.0
5700 5692 2.0
5693 5701 2.0
5701 5693 2.0
200 5681 20.0
5681 200 20.0
5694 5695 3.0
5695 5694 3.0
5694 5724 7.0
5724 5694 7.0
5695 5696 18.0
5696 5695 18.0
5695 5765 19.0
5765 5695 19.0
5696 5697 13.0
5697 5696 13.0
1959 5698 20.0
5698 1959 20.0
1959 5766 19.0
5766 1959 19.0
1959 5697 18.0
5697 1959 18.0
1959 5644 17.0
5644 1959 17.0
5699 5700 19.0
5700 5699 19.0
5699 5801 29.0
5801 5699 29.0
5700 5701 4.0
5701 5700 4.0
5701 5702 8.0
5702 5701 8.0
5701 5803 29.0
5803 5701 29.0
3144 5703 41.0
5703 3144 41.0
3144 5702 30.0
5702 3144 30.0
3144 5637 18.0
5637 3144 18.0
5704 5705 12.0
5705 5704 12.0
5704 5706 1.0
5706 5704 1.0
5705 5707 1.0
5707 5705 1.0
2406 5709 1.0
5709 2406 1.0
2406 5705 49.0
5705 2406 49.0
3521 5814 30.0
5814 3521 30.0
3521 5805 30.0
5805 3521 30.0
3521 5612 23.0
5612 3521 23.0
5706 5707 12.0
5707 5706 12.0
5707 5708 37.0
5708 5707 37.0
5708 5709 12.0
5709 5708 12.0
5708 5737 7.0
5737 5708 7.0
2437 5784 21.0
5784 2437 21.0
2437 5709 20.0
5709 2437 20.0
5710 5711 7.0
5711 5710 7.0
5710 5806 28.0
5806 5710 28.0
5711 5713 4.0
5713 5711 4.0
916 5712 29.0
5712 916 29.0
916 5714 4.0
5714 916 4.0
916 5711 12.0
5711 916 12.0
916 5685 7.0
5685 916 7.0
5712 5715 4.0
5715 5712 4.0
8 5587 29.0
5587 8 29.0
5713 5714 12.0
5714 5713 12.0
5713 5807 24.0
5807 5713 24.0
5714 5715 29.0
5715 5714 29.0
5714 5830 28.0
5830 5714 28.0
5715 5716 9.0
5716 5715 9.0
5716 5717 13.0
5717 5716 13.0
5716 5832 28.0
5832 5716 28.0
5717 5718 14.0
5718 5717 14.0
1065 5719 12.0
5719 1065 12.0
1065 5771 25.0
5771 1065 25.0
1065 5718 26.0
5718 1065 26.0
1065 5690 11.0
5690 1065 11.0
5719 5720 38.0
5720 5719 38.0
5719 5771 13.0
5771 5719 13.0
1431 5757 11.0
5757 1431 11.0
1431 5721 12.0
5721 1431 12.0
5722 5723 12.0
5723 5722 12.0
5722 5748 7.0
5748 5722 7.0
1848 5724 19.0
5724 1848 19.0
1848 5763 12.0
5763 1848 12.0
1848 5723 29.0
5723 1848 29.0
1848 5604 29.0
5604 1848 29.0
5724 5764 12.0
5764 5724 12.0
5725 5726 4.0
5726 5725 4.0
5725 5742 17.0
5742 5725 17.0
5726 5727 23.0
5727 5726 23.0
5726 5868 37.0
5868 5726 37.0
5727 5728 19.0
5728 5727 19.0
5727 5808 24.0
5808 5727 24.0
5728 5729 8.0
5729 5728 8.0
5728 5809 24.0
5809 5728 24.0
5729 5810 24.0
5810 5729 24.0
3391 5730 32.0
5730 3391 32.0
3391 5811 24.0
5811 3391 24.0
3391 5729 6.0
5729 3391 6.0
3391 5611 29.0
5611 3391 29.0
5730 5804 49.0
5804 5730 49.0
404 5731 21.0
5731 404 21.0
404 5738 1.0
5738 404 1.0
5732 5733 9.0
5733 5732 9.0
5733 5734 3.0
5734 5733 3.0
5733 5754 7.0
5754 5733 7.0
5734 5735 28.0
5735 5734 28.0
5734 5755 7.0
5755 5734 7.0
5735 5736 2.0
5736 5735 2.0
5735 5781 14.0
5781 5735 14.0
2306 5737 49.0
5737 2306 49.0
2306 5782 14.0
5782 2306 14.0
2306 5736 19.0
5736 2306 19.0
2306 5706 7.0
5706 2306 7.0
5737 5783 14.0
5783 5737 14.0
5738 5739 9.0
5739 5738 9.0
5738 5844 28.0
5844 5738 28.0
435 5739 12.0
5739 435 12.0
435 5731 1.0
5731 435 1.0
5740 5741 42.0
5741 5740 42.0
2837 2866 41.0
2866 2837 41.0
2837 5741 9.0
5741 2837 9.0
3225 5742 29.0
5742 3225 29.0
3225 5866 32.0
5866 3225 32.0
3225 5703 21.0
5703 3225 21.0
3225 5661 28.0
5661 3225 28.0
5743 5870 32.0
5870 5743 32.0
521 5871 32.0
5871 521 32.0
521 5743 2.0
5743 521 2.0
5744 5745 32.0
5745 5744 32.0
5744 5777 6.0
5777 5744 6.0
5745 5787 12.0
5787 5745 12.0
1706 5746 23.0
5746 1706 23.0
1706 5759 5.0
5759 1706 5.0
1706 5745 29.0
5745 1706 29.0
1706 5684 21.0
5684 1706 21.0
5746 5747 13.0
5747 5746 13.0
5746 5760 5.0
5760 5746 5.0
5747 5748 4.0
5748 5747 4.0
5747 5761 5.0
5761 5747 5.0
5748 5762 5.0
5762 5748 5.0
5749 5785 21.0
5785 5749 21.0
2537 5826 19.0
5826 2537 19.0
2537 5749 8.0
5749 2537 8.0
2537 5586 41.0
5586 2537 41.0
133 5750 9.0
5750 133 9.0
133 5833 20.0
5833 133 20.0
133 5589 40.0
5589 133 40.0
643 5751 12.0
5751 643 12.0
643 5793 11.0
5793 643 11.0
643 5569 50.0
5569 643 50.0
5751 5794 11.0
5794 5751 11.0
5752 5753 33.0
5753 5752 33.0
5752 5780 6.0
5780 5752 6.0
2192 5754 9.0
5754 2192 9.0
2192 5795 12.0
5795 2192 12.0
2192 5753 39.0
5753 2192 39.0
2192 5732 7.0
5732 2192 7.0
5754 5755 3.0
5755 5754 3.0
5754 5796 12.0
5796 5754 12.0
5755 5797 12.0
5797 5755 12.0
5756 5846 25.0
5846 5756 25.0
39 5767 2.0
5767 39 2.0
39 5756 9.0
5756 39 9.0
5757 5835 22.0
5835 5757 22.0
1491 5758 23.0
5758 1491 23.0
1491 5775 25.0
5775 1491 25.0
1491 5757 29.0
5757 1491 29.0
5758 5775 2.0
5775 5758 2.0
5759 5760 23.0
5760 5759 23.0
5759 5789 7.0
5789 5759 7.0
5760 5761 13.0
5761 5760 13.0
5760 5791 7.0
5791 5760 7.0
5761 5762 4.0
5762 5761 4.0
5761 5792 7.0
5792 5761 7.0
5762 5763 41.0
5763 5762 41.0
5763 5764 19.0
5764 5763 19.0
5763 5845 20.0
5845 5763 20.0
5764 5765 3.0
5765 5764 3.0
5764 5818 14.0
5818 5764 14.0
1911 5766 31.0
5766 1911 31.0
1911 5819 14.0
5819 1911 14.0
1911 5765 18.0
5765 1911 18.0
1911 5696 19.0
5696 1911 19.0
5766 5778 11.0
5778 5766 11.0
5767 5768 39.0
5768 5767 39.0
5767 5847 20.0
5847 5767 20.0
5768 5769 16.0
5769 5768 16.0
5769 5849 20.0
5849 5769 20.0
65 5770 12.0
5770 65 12.0
65 5850 20.0
5850 65 20.0
65 5769 5.0
5769 65 5.0
65 5680 29.0
5680 65 29.0
5770 5858 22.0
5858 5770 22.0
199 200 21.0
200 199 21.0
5771 5772 6.0
5772 5771 6.0
1139 5773 7.0
5773 1139 7.0
1139 5852 21.0
5852 1139 21.0
1139 5772 32.0
5772 1139 32.0
1139 5720 13.0
5720 1139 13.0
5773 5774 15.0
5774 5773 15.0
5773 5853 21.0
5853 5773 21.0
5774 5854 21.0
5854 5774 21.0
5775 5776 6.0
5776 5775 6.0
5776 5815 12.0
5815 5776 12.0
1535 5777 40.0
5777 1535 40.0
1535 5816 12.0
5816 1535 12.0
1535 5776 2.0
5776 1535 2.0
5777 5786 6.0
5786 5777 6.0
2746 5740 8.0
5740 2746 8.0
5778 5820 11.0
5820 5778 11.0
1994 5779 12.0
5779 1994 12.0
1994 5821 11.0
5821 1994 11.0
1994 5778 12.0
5778 1994 12.0
1994 5698 22.0
5698 1994 22.0
5779 5780 27.0
5780 5779 27.0
5779 5822 11.0
5822 5779 11.0
5781 5782 21.0
5782 5781 21.0
5782 5783 49.0
5783 5782 49.0
5782 5799 5.0
5799 5782 5.0
5783 5784 32.0
5784 5783 32.0
5784 5856 18.0
5856 5784 18.0
2467 5785 20.0
5785 2467 20.0
2467 5824 20.0
5824 2467 20.0
2467 5784 19.0
5784 2467 19.0
5786 5787 32.0
5787 5786 32.0
5787 5788 7.0
5788 5787 7.0
5787 5817 6.0
5817 5787 6.0
5788 5789 22.0
5789 5788 22.0
5789 5790 8.0
5790 5789 8.0
5789 5885 28.0
5885 5789 28.0
5790 5791 15.0
5791 5790 15.0
5791 5792 13.0
5792 5791 13.0
1780 5792 4.0
5792 1780 4.0
1780 5762 7.0
5762 1780 7.0
5793 5794 12.0
5794 5793 12.0
5793 5872 30.0
5872 5793 30.0
5794 5916 32.0
5916 5794 32.0
671 5918 32.0
5918 671 32.0
671 5794 8.0
5794 671 8.0
5795 5796 9.0
5796 5795 9.0
5795 5877 19.0
5877 5795 19.0
5796 5797 3.0
5797 5796 3.0
5797 5798 17.0
5798 5797 17.0
5797 5878 19.0
5878 5797 19.0
5798 5879 19.0
5879 5798 19.0
2266 5799 21.0
5799 2266 21.0
2266 5887 26.0
5887 2266 26.0
2266 5798 11.0
5798 2266 11.0
2266 5781 5.0
5781 2266 5.0
5799 5855 49.0
5855 5799 49.0
5800 5801 32.0
5801 5800 32.0
5801 5802 6.0
5802 5801 6.0
5801 5838 8.0
5838 5801 8.0
5802 5839 8.0
5839 5802 8.0
3068 5803 4.0
5803 3068 4.0
3068 5840 8.0
5840 3068 8.0
3068 5802 13.0
5802 3068 13.0
3068 5700 29.0
5700 3068 29.0
5803 5987 51.0
5987 5803 51.0
5804 5812 1.0
5812 5804 1.0
3478 5805 30.0
5805 3478 30.0
3478 5813 1.0
5813 3478 1.0
3478 5804 2.0
5804 3478 2.0
828 5806 32.0
5806 828 32.0
828 5827 4.0
5827 828 4.0
828 5625 49.0
5625 828 49.0
5806 5807 7.0
5807 5806 7.0
5806 5828 4.0
5828 5806 4.0
5807 5829 4.0
5829 5807 4.0
5808 5809 19.0
5809 5808 19.0
5808 5869 13.0
5869 5808 13.0
5809 5810 8.0
5810 5809 8.0
5809 5924 29.0
5924 5809 29.0
5810 5811 6.0
5811 5810 6.0
5810 5925 29.0
5925 5810 29.0
5811 5812 58.0
5812 5811 58.0
5811 5926 29.0
5926 5811 29.0
5812 5813 2.0
5813 5812 2.0
3518 5814 1.0
5814 3518 1.0
3518 5813 30.0
5813 3518 30.0
3518 5805 1.0
5805 3518 1.0
5814 5971 58.0
5971 5814 58.0
5815 5816 2.0
5816 5815 2.0
1594 5817 32.0
5817 1594 32.0
1594 5884 54.0
5884 1594 54.0
1594 5816 40.0
5816 1594 40.0
1594 5786 6.0
5786 1594 6.0
5817 5884 22.0
5884 5817 22.0
5818 5819 21.0
5819 5818 21.0
5819 5820 39.0
5820 5819 39.0
5820 5821 12.0
5821 5820 12.0
5821 5822 12.0
5822 5821 12.0
5821 5929 28.0
5929 5821 28.0
5822 5823 26.0
5823 5822 26.0
5822 5930 28.0
5930 5822 28.0
5823 5874 14.0
5874 5823 14.0
2064 5875 14.0
5875 2064 14.0
2064 5823 1.0
5823 2064 1.0
2064 5780 11.0
5780 2064 11.0
2866 5901 40.0
5901 2866 40.0
5824 5825 7.0
5825 5824 7.0
5825 5892 20.0
5892 5825 20.0
2506 5826 21.0
5826 2506 21.0
2506 5893 20.0
5893 2506 20.0
2506 5825 4.0
5825 2506 4.0
2506 5785 11.0
5785 2506 11.0
5826 5950 33.0
5950 5826 33.0
5827 5828 32.0
5828 5827 32.0
5827 5859 8.0
5859 5827 8.0
5828 5829 7.0
5829 5828 7.0
5828 5860 8.0
5860 5828 8.0
5829 5830 12.0
5830 5829 12.0
5830 5831 17.0
5831 5830 17.0
5831 5861 8.0
5861 5831 8.0
965 5832 9.0
5832 965 9.0
965 5862 8.0
5862 965 8.0
965 5831 12.0
5831 965 12.0
965 5715 28.0
5715 965 28.0
5833 5834 8.0
5834 5833 8.0
5833 5841 2.0
5841 5833 2.0
5834 5842 2.0
5842 5834 2.0
137 5843 2.0
5843 137 2.0
137 5834 1.0
5834 137 1.0
137 5750 20.0
5750 137 20.0
1407 5835 9.0
5835 1407 9.0
1407 5873 8.0
5873 1407 8.0
1407 5721 30.0
5721 1407 30.0
5836 5837 4.0
5837 5836 4.0
5836 5902 18.0
5902 5836 18.0
5837 5903 18.0
5903 5837 18.0
2983 5838 32.0
5838 2983 32.0
2983 5837 11.0
5837 2983 11.0
2983 5800 8.0
5800 2983 8.0
5838 5839 6.0
5839 5838 6.0
5838 5985 49.0
5985 5838 49.0
5839 5840 13.0
5840 5839 13.0
5839 5985 43.0
5985 5839 43.0
5840 5986 43.0
5986 5840 43.0
5841 5842 8.0
5842 5841 8.0
5841 5897 17.0
5897 5841 17.0
5841 5865 28.0
5865 5841 28.0
5842 5843 1.0
5843 5842 1.0
5842 5898 17.0
5898 5842 17.0
175 5880 31.0
5880 175 31.0
175 5843 50.0
5843 175 50.0
356 5844 41.0
5844 356 41.0
356 5959 32.0
5959 356 32.0
5844 5851 10.0
5851 5844 10.0
1881 5845 19.0
5845 1881 19.0
1881 5818 6.0
5818 1881 6.0
2684 2746 50.0
2746 2684 50.0
5846 5847 12.0
5847 5846 12.0
5846 5904 16.0
5904 5846 16.0
5847 5848 27.0
5848 5847 27.0
5847 5909 18.0
5909 5847 18.0
5848 5910 18.0
5910 5848 18.0
54 5849 16.0
5849 54 16.0
54 5962 32.0
5962 54 32.0
54 5848 12.0
5848 54 12.0
54 5768 20.0
5768 54 20.0
5849 5850 5.0
5850 5849 5.0
5849 5963 32.0
5963 5849 32.0
5850 5857 2.0
5857 5850 2.0
421 5851 1.0
5851 421 1.0
421 5739 30.0
5739 421 30.0
5852 5853 7.0
5853 5852 7.0
5852 5957 28.0
5957 5852 28.0
5853 5854 15.0
5854 5853 15.0
5853 5931 21.0
5931 5853 21.0
1194 5932 21.0
5932 1194 21.0
1194 5854 8.0
5854 1194 8.0
5855 5888 13.0
5888 5855 13.0
2391 5856 32.0
5856 2391 32.0
2391 5889 13.0
5889 2391 13.0
2391 5855 13.0
5855 2391 13.0
2391 5783 18.0
5783 2391 18.0
5856 5890 13.0
5890 5856 13.0
5857 5858 12.0
5858 5857 12.0
5857 5964 30.0
5964 5857 30.0
87 5863 2.0
5863 87 2.0
87 5858 28.0
5858 87 28.0
5859 5860 32.0
5860 5859 32.0
890 5861 29.0
5861 890 29.0
890 5860 7.0
5860 890 7.0
890 5829 8.0
5829 890 8.0
5861 5862 12.0
5862 5861 12.0
5861 5943 23.0
5943 5861 23.0
5862 5944 23.0
5944 5862 23.0
5863 5864 9.0
5864 5863 9.0
5863 5933 19.0
5933 5863 19.0
5864 5894 11.0
5894 5864 11.0
107 5865 20.0
5865 107 20.0
107 5895 11.0
5895 107 11.0
107 5864 31.0
5864 107 31.0
266 6000 40.0
6000 266 40.0
5866 5867 8.0
5867 5866 8.0
5866 5881 9.0
5881 5866 9.0
3267 5868 16.0
5868 3267 16.0
3267 5883 9.0
5883 3267 9.0
3267 5867 21.0
5867 3267 21.0
3267 5742 32.0
5742 3267 32.0
5868 5869 23.0
5869 5868 23.0
5868 5922 16.0
5922 5868 16.0
5869 5923 16.0
5923 5869 16.0
5870 5871 2.0
5871 5870 2.0
580 5872 30.0
5872 580 30.0
580 621 51.0
621 580 51.0
580 5871 39.0
5871 580 39.0
5872 5915 14.0
5915 5872 14.0
1341 5873 41.0
5873 1341 41.0
1341 5952 23.0
5952 1341 23.0
1341 1407 49.0
1407 1341 49.0
5873 5954 23.0
5954 5873 23.0
5874 5875 1.0
5875 5874 1.0
5875 5876 59.0
5876 5875 59.0
5875 5940 17.0
5940 5875 17.0
5876 5877 13.0
5877 5876 13.0
2206 5878 3.0
5878 2206 3.0
2206 5911 11.0
5911 2206 11.0
2206 5877 9.0
5877 2206 9.0
2206 5796 19.0
5796 2206 19.0
5878 5879 17.0
5879 5878 17.0
5878 5912 11.0
5912 5878 11.0
5879 5886 7.0
5886 5879 7.0
2638 5919 11.0
5919 2638 11.0
198 5984 30.0
5984 198 30.0
198 5880 21.0
5880 198 21.0
198 199 32.0
199 198 32.0
1533 5815 18.0
5815 1533 18.0
518 5870 8.0
5870 518 8.0
5881 5882 5.0
5882 5881 5.0
5881 6085 49.0
6085 5881 49.0
5882 6086 49.0
6086 5882 49.0
3232 5883 21.0
5883 3232 21.0
3232 5882 3.0
5882 3232 3.0
3232 5867 9.0
5867 3232 9.0
5883 5921 7.0
5921 5883 7.0
1667 5885 22.0
5885 1667 22.0
1667 5899 23.0
5899 1667 23.0
1667 5884 7.0
5884 1667 7.0
1667 5788 28.0
5788 1667 28.0
5885 5899 1.0
5899 5885 1.0
5886 5887 11.0
5887 5886 11.0
5887 5888 57.0
5888 5887 57.0
5888 5889 13.0
5889 5888 13.0
5888 5993 29.0
5993 5888 29.0
5889 5890 32.0
5890 5889 32.0
5889 5994 29.0
5994 5889 29.0
5890 5891 7.0
5891 5890 7.0
5890 5995 29.0
5995 5890 29.0
5891 5974 22.0
5974 5891 22.0
2485 5892 7.0
5892 2485 7.0
2485 5975 22.0
5975 2485 22.0
2485 5891 21.0
5891 2485 21.0
2485 5824 20.0
5824 2485 20.0
5892 5893 4.0
5893 5892 4.0
5892 5976 22.0
5976 5892 22.0
5893 5949 13.0
5949 5893 13.0
5894 5895 31.0
5895 5894 31.0
5895 5896 8.0
5896 5895 8.0
5895 5934 8.0
5934 5895 8.0
5896 6006 32.0
6006 5896 32.0
125 5897 22.0
5897 125 22.0
125 5896 12.0
5896 125 12.0
125 5865 11.0
5865 125 11.0
5897 5898 8.0
5898 5897 8.0
5899 5900 7.0
5900 5899 7.0
1722 5900 1.0
5900 1722 1.0
1722 5790 29.0
5790 1722 29.0
5901 5905 1.0
5905 5901 1.0
2914 5902 26.0
5902 2914 26.0
2914 5906 1.0
5906 2914 1.0
2914 5901 11.0
5901 2914 11.0
5902 5903 4.0
5903 5902 4.0
5902 5907 1.0
5907 5902 1.0
15 5904 40.0
5904 15 40.0
15 5908 20.0
5908 15 20.0
5905 5906 11.0
5906 5905 11.0
5906 5907 26.0
5907 5906 26.0
2962 5907 4.0
5907 2962 4.0
2962 5903 1.0
5903 2962 1.0
29 5909 12.0
5909 29 12.0
29 6005 29.0
6005 29 29.0
29 5908 22.0
5908 29 22.0
29 5904 2.0
5904 29 2.0
5909 5910 27.0
5910 5909 27.0
5909 5979 28.0
5979 5909 28.0
5910 5961 14.0
5961 5910 14.0
5911 5912 3.0
5912 5911 3.0
5911 5972 18.0
5972 5911 18.0
5912 5913 5.0
5913 5912 5.0
5912 5973 18.0
5973 5912 18.0
5913 5914 9.0
5914 5913 9.0
5914 6015 30.0
6015 5914 30.0
2245 5914 3.0
5914 2245 3.0
2245 5886 4.0
5886 2245 4.0
5915 5916 24.0
5916 5915 24.0
5916 5917 5.0
5917 5916 5.0
5916 5941 7.0
5941 5916 7.0
5917 5918 3.0
5918 5917 3.0
5917 5942 7.0
5942 5917 7.0
717 5988 23.0
5988 717 23.0
717 5918 29.0
5918 717 29.0
5919 5920 9.0
5920 5919 9.0
2682 5920 21.0
5920 2682 21.0
2682 2684 21.0
2684 2682 21.0
5921 5922 16.0
5922 5921 16.0
5921 5945 22.0
5945 5921 22.0
5922 5923 23.0
5923 5922 23.0
5922 5945 6.0
5945 5922 6.0
5923 5924 19.0
5924 5923 19.0
5924 5925 8.0
5925 5924 8.0
5924 5947 6.0
5947 5924 6.0
5925 5926 6.0
5926 5925 6.0
5925 5948 6.0
5948 5925 6.0
5926 5927 17.0
5927 5926 17.0
5927 5928 29.0
5928 5927 29.0
5928 6019 28.0
6019 5928 28.0
3471 6088 42.0
6088 3471 42.0
3471 5928 12.0
5928 3471 12.0
3471 5812 29.0
5812 3471 29.0
1978 5929 12.0
5929 1978 12.0
1978 5935 3.0
5935 1978 3.0
1978 5820 28.0
5820 1978 28.0
5929 5930 12.0
5930 5929 12.0
5929 5936 3.0
5936 5929 3.0
5930 5937 3.0
5937 5930 3.0
5931 5932 23.0
5932 5931 23.0
5931 5958 7.0
5958 5931 7.0
1225 6028 29.0
6028 1225 29.0
1225 5932 19.0
5932 1225 19.0
91 5934 31.0
5934 91 31.0
91 5933 9.0
5933 91 9.0
91 5894 8.0
5894 91 8.0
5934 6039 39.0
6039 5934 39.0
5935 5936 12.0
5936 5935 12.0
5935 5967 21.0
5967 5935 21.0
5936 5937 12.0
5937 5936 12.0
5936 5967 9.0
5967 5936 9.0
5937 5938 6.0
5938 5937 6.0
5938 5939 7.0
5939 5938 7.0
5939 5969 9.0
5969 5939 9.0
2063 5940 1.0
5940 2063 1.0
2063 5970 9.0
5970 2063 9.0
2063 5939 13.0
5939 2063 13.0
2063 5874 17.0
5874 2063 17.0
5940 6037 30.0
6037 5940 30.0
135 6007 21.0
6007 135 21.0
135 5897 19.0
5897 135 19.0
135 5898 11.0
5898 135 11.0
621 5941 24.0
5941 621 24.0
621 6053 32.0
6053 621 32.0
621 5915 7.0
5915 621 7.0
5941 5942 5.0
5942 5941 5.0
5941 6054 32.0
6054 5941 32.0
5943 5944 12.0
5944 5943 12.0
5943 6021 25.0
6021 5943 25.0
980 5955 3.0
5955 980 3.0
980 5944 9.0
5944 980 9.0
980 5832 31.0
5832 980 31.0
5945 5946 11.0
5946 5945 11.0
3329 5947 19.0
5947 3329 19.0
3329 6016 22.0
6016 3329 22.0
3329 5946 12.0
5946 3329 12.0
3329 5923 6.0
5923 3329 6.0
5947 5948 8.0
5948 5947 8.0
5947 6017 22.0
6017 5947 22.0
5948 6018 22.0
6018 5948 22.0
5949 5950 21.0
5950 5949 21.0
5949 5977 9.0
5977 5949 9.0
5950 5951 8.0
5951 5950 8.0
2605 5951 30.0
5951 2605 30.0
2605 5919 29.0
5919 2605 29.0
5952 5953 18.0
5953 5952 18.0
5952 6002 17.0
6002 5952 17.0
5953 5954 23.0
5954 5953 23.0
1424 5954 9.0
5954 1424 9.0
1424 5835 31.0
5835 1424 31.0
5955 5956 19.0
5956 5955 19.0
5955 6022 22.0
6022 5955 22.0
5956 6023 22.0
6023 5956 22.0
1091 5957 32.0
5957 1091 32.0
1091 6025 22.0
6025 1091 22.0
1091 5956 52.0
5956 1091 52.0
1091 5772 49.0
5772 1091 49.0
5957 5958 7.0
5958 5957 7.0
5957 6026 22.0
6026 5957 22.0
5959 5960 8.0
5960 5959 8.0
5959 6010 18.0
6010 5959 18.0
420 5960 41.0
5960 420 41.0
420 5851 30.0
5851 420 30.0
5961 5962 12.0
5962 5961 12.0
5962 5963 16.0
5963 5962 16.0
5963 5964 5.0
5964 5963 5.0
5963 5981 8.0
5981 5963 8.0
5964 5965 7.0
5965 5964 7.0
5964 5982 8.0
5982 5964 8.0
5965 5966 16.0
5966 5965 16.0
5965 5983 8.0
5983 5965 8.0
5966 6083 30.0
6083 5966 30.0
78 6084 30.0
6084 78 30.0
78 5966 5.0
5966 78 5.0
78 5933 21.0
5933 78 21.0
5967 5968 5.0
5968 5967 5.0
5968 6033 21.0
6033 5968 21.0
2027 5969 7.0
5969 2027 7.0
2027 6034 21.0
6034 2027 21.0
2027 5968 13.0
5968 2027 13.0
2027 5938 9.0
5938 2027 9.0
5969 5970 13.0
5970 5969 13.0
5969 6035 21.0
6035 5969 21.0
5970 6036 21.0
6036 5970 21.0
5971 6042 22.0
6042 5971 22.0
3577 6043 22.0
6043 3577 22.0
3577 5971 22.0
5971 3577 22.0
2174 5972 22.0
5972 2174 22.0
2174 6012 12.0
6012 2174 12.0
2174 6011 24.0
6011 2174 24.0
2174 5876 29.0
5876 2174 29.0
5972 5973 3.0
5973 5972 3.0
5972 6013 12.0
6013 5972 12.0
5973 6014 12.0
6014 5973 12.0
5974 5975 21.0
5975 5974 21.0
5975 5976 7.0
5976 5975 7.0
5975 5997 7.0
5997 5975 7.0
5976 5977 4.0
5977 5976 4.0
5976 5998 7.0
5998 5976 7.0
5977 5978 17.0
5978 5977 17.0
2549 5978 12.0
5978 2549 12.0
2549 5951 9.0
5951 2549 9.0
2652 2666 39.0
2666 2652 39.0
2652 5920 20.0
5920 2652 20.0
5979 5980 20.0
5980 5979 20.0
5980 6060 19.0
6060 5980 19.0
48 5981 28.0
5981 48 28.0
48 6080 22.0
6080 48 22.0
48 5980 1.0
5980 48 1.0
48 5961 8.0
5961 48 8.0
5981 5982 5.0
5982 5981 5.0
5981 6081 22.0
6081 5981 22.0
5982 5983 7.0
5983 5982 7.0
5982 6082 22.0
6082 5982 22.0
181 5984 21.0
5984 181 21.0
181 5880 30.0
5880 181 30.0
5984 5999 62.0
5999 5984 62.0
1531 6147 41.0
6147 1531 41.0
1531 1533 31.0
1533 1531 31.0
5985 5986 13.0
5986 5985 13.0
5986 5987 4.0
5987 5986 4.0
3084 5991 2.0
5991 3084 2.0
3084 5987 4.0
5987 3084 4.0
5988 5989 28.0
5989 5988 28.0
5988 6064 17.0
6064 5988 17.0
5988 6055 18.0
6055 5988 18.0
5989 5990 35.0
5990 5989 35.0
5989 6065 17.0
6065 5989 17.0
5990 6068 18.0
6068 5990 18.0
822 6069 18.0
6069 822 18.0
822 5990 6.0
5990 822 6.0
822 5859 42.0
5859 822 42.0
5991 5992 29.0
5992 5991 29.0
5991 6020 7.0
6020 5991 7.0
3166 6074 19.0
6074 3166 19.0
3166 5992 21.0
5992 3166 21.0
5993 5994 13.0
5994 5993 13.0
5994 5995 32.0
5995 5994 32.0
5995 5996 4.0
5996 5995 4.0
5995 6070 18.0
6070 5995 18.0
5996 6071 18.0
6071 5996 18.0
2453 5997 21.0
5997 2453 21.0
2453 6072 18.0
6072 2453 18.0
2453 5996 3.0
5996 2453 3.0
2453 5974 7.0
5974 2453 7.0
5997 5998 7.0
5998 5997 7.0
5997 6096 23.0
6096 5997 23.0
5998 6097 23.0
6097 5998 23.0
254 6000 12.0
6000 254 12.0
254 5999 22.0
5999 254 22.0
6000 6003 2.0
6003 6000 2.0
6001 6031 9.0
6031 6001 9.0
1320 6002 11.0
6002 1320 11.0
1320 6032 9.0
6032 1320 9.0
1320 6001 14.0
6001 1320 14.0
1320 5952 28.0
5952 1320 28.0
6002 6047 11.0
6047 6002 11.0
1719 6051 12.0
6051 1719 12.0
1719 5900 30.0
5900 1719 30.0
2891 6029 38.0
6029 2891 38.0
2891 5905 29.0
5905 2891 29.0
6003 6004 18.0
6004 6003 18.0
308 6008 2.0
6008 308 2.0
308 6004 20.0
6004 308 20.0
20 6005 22.0
6005 20 22.0
20 6056 12.0
6056 20 12.0
20 5908 29.0
5908 20 29.0
6005 6058 12.0
6058 6005 12.0
6006 6007 42.0
6007 6006 42.0
143 6007 9.0
6007 143 9.0
6008 6009 29.0
6009 6008 29.0
6008 6040 18.0
6040 6008 18.0
6009 6010 14.0
6010 6009 14.0
6009 6135 28.0
6135 6009 28.0
367 6010 8.0
6010 367 8.0
367 5960 18.0
5960 367 18.0
1841 6052 9.0
6052 1841 9.0
1841 5845 52.0
5845 1841 52.0
6011 6012 12.0
6012 6011 12.0
6011 6038 6.0
6038 6011 6.0
6012 6013 22.0
6013 6012 22.0
6013 6014 3.0
6014 6013 3.0
2226 6015 9.0
6015 2226 9.0
2226 6113 20.0
6113 2226 20.0
2226 6014 5.0
6014 2226 5.0
2226 5913 30.0
5913 2226 30.0
6016 6017 19.0
6017 6016 19.0
6016 6100 18.0
6100 6016 18.0
6016 6099 20.0
6099 6016 20.0
6017 6018 8.0
6018 6017 8.0
6018 6105 19.0
6105 6018 19.0
3411 6019 29.0
6019 3411 29.0
3411 6106 19.0
6106 3411 19.0
3411 6018 23.0
6018 3411 23.0
3411 5927 28.0
5927 3411 28.0
6019 6087 14.0
6087 6019 14.0
3050 6020 21.0
6020 3050 21.0
3050 5985 9.0
5985 3050 9.0
6020 6073 39.0
6073 6020 39.0
3772 3826 43.0
3826 3772 43.0
6021 6022 21.0
6022 6021 21.0
6022 6023 19.0
6023 6022 19.0
6022 6041 4.0
6041 6022 4.0
6023 6024 9.0
6024 6023 9.0
6024 6025 43.0
6025 6024 43.0
6024 6050 6.0
6050 6024 6.0
6025 6026 32.0
6026 6025 32.0
6026 6027 5.0
6027 6026 5.0
6027 6126 22.0
6126 6027 22.0
1152 6028 42.0
6028 1152 42.0
1152 6127 22.0
6127 1152 22.0
1152 6027 2.0
6027 1152 2.0
1152 5958 22.0
5958 1152 22.0
6028 6030 11.0
6030 6028 11.0
3826 6153 31.0
6153 3826 31.0
2786 6029 30.0
6029 2786 30.0
1290 6031 7.0
6031 1290 7.0
1290 6044 2.0
6044 1290 2.0
1290 6030 31.0
6030 1290 31.0
1290 6001 16.0
6001 1290 16.0
6031 6032 14.0
6032 6031 14.0
6031 6045 2.0
6045 6031 2.0
6032 6046 2.0
6046 6032 2.0
6033 6034 13.0
6034 6033 13.0
6034 6035 7.0
6035 6034 7.0
6034 6154 29.0
6154 6034 29.0
6035 6036 13.0
6036 6035 13.0
6035 6110 14.0
6110 6035 14.0
6036 6037 1.0
6037 6036 1.0
2082 6038 39.0
6038 2082 39.0
2082 6111 14.0
6111 2082 14.0
2082 6037 8.0
6037 2082 8.0
6038 6112 14.0
6112 6038 14.0
2846 6029 2.0
6029 2846 2.0
115 6039 1.0
6039 115 1.0
115 6006 8.0
6006 115 8.0
281 6040 9.0
6040 281 9.0
281 6134 21.0
6134 281 21.0
281 6003 27.0
6003 281 27.0
281 6004 9.0
6004 281 9.0
940 6041 21.0
6041 940 21.0
940 6140 22.0
6140 940 22.0
940 6139 27.0
6139 940 27.0
940 6021 4.0
6021 940 4.0
6041 6049 20.0
6049 6041 20.0
6042 6043 22.0
6043 6042 22.0
3622 6143 22.0
6143 3622 22.0
3622 6043 29.0
6043 3622 29.0
6044 6045 7.0
6045 6044 7.0
6044 6128 17.0
6128 6044 17.0
6045 6046 14.0
6046 6045 14.0
6045 6222 53.0
6222 6045 53.0
6046 6047 11.0
6047 6046 11.0
6047 6048 17.0
6048 6047 17.0
6048 6144 25.0
6144 6048 25.0
1382 6145 25.0
6145 1382 25.0
1382 6048 1.0
6048 1382 1.0
1382 5953 28.0
5953 1382 28.0
1013 6050 9.0
6050 1013 9.0
1013 6141 20.0
6141 1013 20.0
1013 6049 1.0
6049 1013 1.0
1013 6023 6.0
6023 1013 6.0
6051 6090 19.0
6090 6051 19.0
1792 6052 31.0
6052 1792 31.0
1792 6051 40.0
6051 1792 40.0
6052 6119 21.0
6119 6052 21.0
6053 6054 24.0
6054 6053 24.0
6053 6061 4.0
6061 6053 4.0
667 6055 30.0
6055 667 30.0
667 6062 1.0
6062 667 1.0
667 6054 5.0
6054 667 5.0
667 5942 32.0
5942 667 32.0
6056 6057 20.0
6057 6056 20.0
6057 6058 2.0
6058 6057 2.0
6057 6075 3.0
6075 6057 3.0
6058 6059 6.0
6059 6058 6.0
6058 6076 3.0
6076 6058 3.0
6059 6077 3.0
6077 6059 3.0
40 6060 20.0
6060 40 20.0
40 6078 3.0
6078 40 3.0
40 6059 12.0
6059 40 12.0
40 5979 19.0
5979 40 19.0
6060 6079 3.0
6079 6060 3.0
6061 6062 32.0
6062 6061 32.0
6062 6063 17.0
6063 6062 17.0
6062 6138 18.0
6138 6062 18.0
713 6064 2.0
6064 713 2.0
713 6066 1.0
6066 713 1.0
713 6063 13.0
6063 713 13.0
713 6055 1.0
6055 713 1.0
6064 6065 28.0
6065 6064 28.0
6064 6067 1.0
6067 6064 1.0
6066 6067 2.0
6067 6066 2.0
6066 6241 59.0
6241 6066 59.0
6067 6242 59.0
6242 6067 59.0
758 6068 35.0
6068 758 35.0
758 6067 28.0
6067 758 28.0
758 6065 1.0
6065 758 1.0
6068 6069 6.0
6069 6068 6.0
6068 6198 43.0
6198 6068 43.0
6069 6199 43.0
6199 6069 43.0
2369 6070 45.0
6070 2369 45.0
2369 6092 5.0
6092 2369 5.0
2369 6091 16.0
6091 2369 16.0
2369 5993 18.0
5993 2369 18.0
6070 6071 4.0
6071 6070 4.0
6070 6093 5.0
6093 6070 5.0
6071 6072 3.0
6072 6071 3.0
6071 6094 5.0
6094 6071 5.0
6072 6095 5.0
6095 6072 5.0
3134 6074 21.0
6074 3134 21.0
3134 6073 2.0
6073 3134 2.0
3134 5992 19.0
5992 3134 19.0
6075 6076 2.0
6076 6075 2.0
6076 6077 6.0
6077 6076 6.0
6076 6107 6.0
6107 6076 6.0
6077 6078 12.0
6078 6077 12.0
6077 6108 6.0
6108 6077 6.0
6078 6079 20.0
6079 6078 20.0
6078 6109 6.0
6109 6078 6.0
6079 6080 1.0
6080 6079 1.0
6080 6081 28.0
6081 6080 28.0
6081 6082 5.0
6082 6081 5.0
6081 6118 8.0
6118 6081 8.0
67 6083 16.0
6083 67 16.0
67 6193 39.0
6193 67 39.0
67 6082 7.0
6082 67 7.0
67 5983 22.0
5983 67 22.0
6083 6084 5.0
6084 6083 5.0
6083 6156 22.0
6156 6083 22.0
6084 6132 51.0
6132 6084 51.0
3185 6085 24.0
6085 3185 24.0
3185 6129 30.0
6129 3185 30.0
3185 6074 11.0
6074 3185 11.0
6085 6086 5.0
6086 6085 5.0
6085 6130 12.0
6130 6085 12.0
6087 6088 12.0
6088 6087 12.0
6088 6089 28.0
6089 6088 28.0
6088 6124 8.0
6124 6088 8.0
6089 6125 8.0
6125 6089 8.0
3543 6152 20.0
6152 3543 20.0
3543 6089 21.0
6089 3543 21.0
3543 6042 7.0
6042 3543 7.0
1680 6090 9.0
6090 1680 9.0
6091 6092 11.0
6092 6091 11.0
6092 6093 45.0
6093 6092 45.0
6092 6183 25.0
6183 6092 25.0
6093 6094 4.0
6094 6093 4.0
6093 6185 29.0
6185 6093 29.0
6094 6095 3.0
6095 6094 3.0
6094 6186 29.0
6186 6094 29.0
6095 6096 21.0
6096 6095 21.0
6095 6187 29.0
6187 6095 29.0
6096 6097 7.0
6097 6096 7.0
6097 6098 17.0
6098 6097 17.0
6098 6189 29.0
6189 6098 29.0
2533 6190 29.0
6190 2533 29.0
2533 6098 4.0
6098 2533 4.0
2533 5978 30.0
5978 2533 30.0
3307 6099 10.0
6099 3307 10.0
3307 6102 1.0
6102 3307 1.0
3307 6101 23.0
6101 3307 23.0
3307 5946 40.0
5946 3307 40.0
6099 6100 2.0
6100 6099 2.0
6099 6103 1.0
6103 6099 1.0
6100 6104 1.0
6104 6100 1.0
6101 6102 22.0
6102 6101 22.0
6101 6131 7.0
6131 6101 7.0
6102 6103 10.0
6103 6102 10.0
6102 6172 20.0
6172 6102 20.0
6103 6104 2.0
6104 6103 2.0
3360 6105 8.0
6105 3360 8.0
3360 6120 3.0
6120 3360 3.0
3360 6104 19.0
6104 3360 19.0
3360 6017 19.0
6017 3360 19.0
6105 6106 23.0
6106 6105 23.0
6105 6121 3.0
6121 6105 3.0
6106 6122 3.0
6122 6106 3.0
26 6107 2.0
6107 26 2.0
26 6114 2.0
6114 26 2.0
26 6056 29.0
6056 26 29.0
26 6075 6.0
6075 26 6.0
6107 6108 6.0
6108 6107 6.0
6107 6115 2.0
6115 6107 2.0
6108 6109 12.0
6109 6108 12.0
6108 6116 2.0
6116 6108 2.0
6109 6117 2.0
6117 6109 2.0
6110 6111 22.0
6111 6110 22.0
6110 6155 15.0
6155 6110 15.0
6111 6112 39.0
6112 6111 39.0
6111 6167 18.0
6167 6111 18.0
6112 6113 42.0
6113 6112 42.0
2241 6168 18.0
6168 2241 18.0
2241 6113 9.0
6113 2241 9.0
2241 6015 20.0
6015 2241 20.0
2666 6175 20.0
6175 2666 20.0
6114 6115 2.0
6115 6114 2.0
6114 6236 49.0
6236 6114 49.0
6115 6116 6.0
6116 6115 6.0
6115 6237 49.0
6237 6115 49.0
6116 6117 12.0
6117 6116 12.0
6117 6238 49.0
6238 6117 49.0
46 6118 29.0
6118 46 29.0
46 6191 31.0
6191 46 31.0
46 6117 20.0
6117 46 20.0
46 6079 8.0
6079 46 8.0
1906 6119 31.0
6119 1906 31.0
6120 6121 8.0
6121 6120 8.0
6120 6173 17.0
6173 6120 17.0
6121 6122 23.0
6122 6121 23.0
6121 6177 20.0
6177 6121 20.0
6122 6123 18.0
6123 6122 18.0
6123 6148 12.0
6148 6123 12.0
3455 6124 12.0
6124 3455 12.0
3455 6149 12.0
6149 3455 12.0
3455 6123 11.0
6123 3455 11.0
3455 6087 8.0
6087 3455 8.0
6124 6125 28.0
6125 6124 28.0
6124 6150 12.0
6150 6124 12.0
240 6163 13.0
6163 240 13.0
240 6162 25.0
6162 240 25.0
240 5999 29.0
5999 240 29.0
6126 6127 2.0
6127 6126 2.0
1235 6128 31.0
6128 1235 31.0
1235 6195 28.0
6195 1235 28.0
1235 6127 50.0
6127 1235 50.0
1235 6030 19.0
6030 1235 19.0
6128 6229 42.0
6229 6128 42.0
6129 6130 6.0
6130 6129 6.0
6129 6169 13.0
6169 6129 13.0
3230 6131 29.0
6131 3230 29.0
3230 6170 13.0
6170 3230 13.0
3230 6130 5.0
6130 3230 5.0
3230 6086 12.0
6086 3230 12.0
6131 6171 13.0
6171 6131 13.0
6132 6133 8.0
6133 6132 8.0
6133 6157 9.0
6157 6133 9.0
114 6158 9.0
6158 114 9.0
114 6133 13.0
6133 114 13.0
114 6039 20.0
6039 114 20.0
555 6136 2.0
6136 555 2.0
295 6135 40.0
6135 295 40.0
295 342 42.0
342 295 42.0
295 6134 9.0
6134 295 9.0
295 6040 21.0
6040 295 21.0
6136 6137 29.0
6137 6136 29.0
616 6138 32.0
6138 616 32.0
616 6137 11.0
6137 616 11.0
616 6061 18.0
6061 616 18.0
6138 6240 57.0
6240 6138 57.0
6139 6140 5.0
6140 6139 5.0
6139 6212 28.0
6212 6139 28.0
6139 6201 34.0
6201 6139 34.0
1010 6141 1.0
6141 1010 1.0
1010 6213 28.0
6213 1010 28.0
1010 6140 39.0
6140 1010 39.0
1010 6049 20.0
6049 1010 20.0
6141 6142 8.0
6142 6141 8.0
1030 6142 1.0
6142 1030 1.0
1030 6050 20.0
6050 1030 20.0
3697 6143 50.0
6143 3697 50.0
342 6135 2.0
6135 342 2.0
1860 6289 58.0
6289 1860 58.0
1860 6119 9.0
6119 1860 9.0
6144 6145 1.0
6145 6144 1.0
6145 6146 49.0
6146 6145 49.0
1527 6147 2.0
6147 1527 2.0
1527 6174 8.0
6174 1527 8.0
1527 6146 41.0
6146 1527 41.0
1527 1531 43.0
1531 1527 43.0
6147 6248 40.0
6248 6147 40.0
6148 6149 11.0
6149 6148 11.0
6149 6150 12.0
6150 6149 12.0
6149 6178 8.0
6178 6149 8.0
6150 6151 6.0
6151 6150 6.0
6150 6179 8.0
6179 6150 8.0
6151 6254 43.0
6254 6151 43.0
3512 6152 21.0
6152 3512 21.0
3512 6255 43.0
6255 3512 43.0
3512 6151 22.0
6151 3512 22.0
3512 6125 12.0
6125 3512 12.0
6152 6160 3.0
6160 6152 3.0
3863 6228 31.0
6228 3863 31.0
3863 6153 29.0
6153 3863 29.0
2003 6154 13.0
6154 2003 13.0
2003 6164 3.0
6164 2003 3.0
2003 6033 29.0
6033 2003 29.0
6154 6155 7.0
6155 6154 7.0
6154 6165 3.0
6165 6154 3.0
6155 6166 3.0
6166 6155 3.0
6156 6194 17.0
6194 6156 17.0
102 6157 8.0
6157 102 8.0
102 6156 43.0
6156 102 43.0
102 6132 9.0
6132 102 9.0
6157 6158 13.0
6158 6157 13.0
6157 6231 32.0
6231 6157 32.0
6158 6232 32.0
6232 6158 32.0
6159 6184 8.0
6184 6159 8.0
512 6159 32.0
6159 512 32.0
512 6136 38.0
6136 512 38.0
1697 6253 39.0
6253 1697 39.0
1697 6090 21.0
6090 1697 21.0
6160 6161 38.0
6161 6160 38.0
6160 6256 40.0
6256 6160 40.0
3619 6258 40.0
6258 3619 40.0
3619 6161 12.0
6161 3619 12.0
3619 6143 9.0
6143 3619 9.0
6162 6163 12.0
6163 6162 12.0
6162 6196 16.0
6196 6162 16.0
279 6163 50.0
6163 279 50.0
279 6134 12.0
6134 279 12.0
6164 6165 13.0
6165 6164 13.0
6164 6202 18.0
6202 6164 18.0
6165 6166 7.0
6166 6165 7.0
6165 6203 18.0
6203 6165 18.0
6166 6167 22.0
6167 6166 22.0
2154 6168 51.0
6168 2154 51.0
2154 6167 39.0
6167 2154 39.0
2154 6112 18.0
6112 2154 18.0
6168 6180 5.0
6180 6168 5.0
1379 6223 22.0
6223 1379 22.0
1379 6144 6.0
6144 1379 6.0
6169 6170 11.0
6170 6169 11.0
6170 6171 29.0
6171 6170 29.0
6170 6209 17.0
6209 6170 17.0
6171 6172 22.0
6172 6171 22.0
3325 6173 21.0
6173 3325 21.0
3325 6215 18.0
6215 3325 18.0
3325 6172 10.0
6172 3325 10.0
3325 6103 20.0
6103 3325 20.0
6173 6176 3.0
6176 6173 3.0
1460 6174 41.0
6174 1460 41.0
1460 1461 20.0
1461 1460 20.0
1460 6146 8.0
6146 1460 8.0
6174 6247 32.0
6247 6174 32.0
2650 6175 11.0
6175 2650 11.0
2697 6197 21.0
6197 2697 21.0
2697 6175 20.0
6175 2697 20.0
6176 6177 8.0
6177 6176 8.0
6176 6220 18.0
6220 6176 18.0
3438 6178 11.0
6178 3438 11.0
3438 6221 18.0
6221 3438 18.0
3438 6177 41.0
6177 3438 41.0
3438 6148 8.0
6148 3438 8.0
6178 6179 12.0
6179 6178 12.0
6178 6274 41.0
6274 6178 41.0
6179 6275 41.0
6275 6179 41.0
6180 6181 9.0
6181 6180 9.0
6181 6182 49.0
6182 6181 49.0
6182 6204 13.0
6204 6182 13.0
2348 6183 11.0
6183 2348 11.0
2348 6205 13.0
6205 2348 13.0
2348 6182 2.0
6182 2348 2.0
2348 6091 25.0
6091 2348 25.0
6183 6185 49.0
6185 6183 49.0
3824 6279 42.0
6279 3824 42.0
3824 6153 11.0
6153 3824 11.0
459 6184 8.0
6184 459 8.0
459 6266 39.0
6266 459 39.0
459 6159 16.0
6159 459 16.0
6185 6186 4.0
6186 6185 4.0
6185 6206 9.0
6206 6185 9.0
6186 6187 3.0
6187 6186 3.0
6187 6188 15.0
6188 6187 15.0
6188 6207 9.0
6207 6188 9.0
2499 6189 17.0
6189 2499 17.0
2499 6208 9.0
6208 2499 9.0
2499 6188 13.0
6188 2499 13.0
2499 6097 29.0
6097 2499 29.0
6189 6190 4.0
6190 6189 4.0
6189 6261 32.0
6261 6189 32.0
6190 6262 32.0
6262 6190 32.0
605 6137 19.0
6137 605 19.0
6191 6192 26.0
6192 6191 26.0
6191 6239 31.0
6239 6191 31.0
6192 6296 39.0
6296 6192 39.0
62 6193 12.0
6193 62 12.0
62 6297 39.0
6297 62 39.0
62 6192 3.0
6192 62 3.0
62 6118 31.0
6118 62 31.0
6193 6194 16.0
6194 6193 16.0
6193 6309 42.0
6309 6193 42.0
1150 6195 52.0
6195 1150 52.0
1150 6352 60.0
6352 1150 60.0
1150 6351 65.0
6351 1150 65.0
1150 6126 28.0
6126 1150 28.0
6195 6229 45.0
6229 6195 45.0
214 6196 19.0
6196 214 19.0
214 6226 9.0
6226 214 9.0
2754 6197 21.0
6197 2754 21.0
6198 6199 6.0
6199 6198 6.0
6198 6270 28.0
6270 6198 28.0
6199 6200 16.0
6200 6199 16.0
6199 6271 28.0
6271 6199 28.0
6200 6210 2.0
6210 6200 2.0
853 6201 40.0
6201 853 40.0
853 6211 2.0
6211 853 2.0
853 6200 2.0
6200 853 2.0
6202 6203 13.0
6203 6202 13.0
6202 6340 54.0
6340 6202 54.0
2042 6382 62.0
6382 2042 62.0
2042 6203 7.0
6203 2042 7.0
2042 6166 18.0
6166 2042 18.0
6204 6205 2.0
6205 6204 2.0
6204 6225 5.0
6225 6204 5.0
6205 6206 56.0
6206 6205 56.0
2444 6207 18.0
6207 2444 18.0
2444 6331 41.0
6331 2444 41.0
2444 6206 4.0
6206 2444 4.0
2444 6186 9.0
6186 2444 9.0
6207 6208 13.0
6208 6207 13.0
6207 6259 23.0
6259 6207 23.0
6208 6260 23.0
6260 6208 23.0
3218 6209 11.0
6209 3218 11.0
3218 6227 11.0
6227 3218 11.0
3218 6169 17.0
6169 3218 17.0
6209 6214 19.0
6214 6209 19.0
6210 6211 2.0
6211 6210 2.0
6210 6272 26.0
6272 6210 26.0
6211 6314 39.0
6314 6211 39.0
923 6212 8.0
6212 923 8.0
923 6216 3.0
6216 923 3.0
923 6211 40.0
6211 923 40.0
923 6201 2.0
6201 923 2.0
6212 6213 44.0
6213 6212 44.0
6212 6217 3.0
6217 6212 3.0
6213 6218 3.0
6218 6213 3.0
3273 6215 32.0
6215 3273 32.0
3273 6282 30.0
6282 3273 30.0
3273 6214 11.0
6214 3273 11.0
3273 6171 18.0
6171 3273 18.0
6215 6219 20.0
6219 6215 20.0
6216 6217 8.0
6217 6216 8.0
6216 6345 48.0
6345 6216 48.0
6217 6218 44.0
6218 6217 44.0
1027 6218 9.0
6218 1027 9.0
1027 6142 31.0
6142 1027 31.0
6219 6220 4.0
6220 6219 4.0
3379 6221 41.0
6221 3379 41.0
3379 6220 8.0
6220 3379 8.0
3379 6177 18.0
6177 3379 18.0
6221 6273 23.0
6273 6221 23.0
6222 6223 42.0
6223 6222 42.0
6223 6224 18.0
6224 6223 18.0
6223 6230 6.0
6230 6223 6.0
6224 6243 12.0
6243 6224 12.0
1461 6244 12.0
6244 1461 12.0
1461 6224 32.0
6224 1461 32.0
2256 6225 49.0
6225 2256 49.0
2256 6305 61.0
6305 2256 61.0
2256 6180 27.0
6180 2256 27.0
2256 6181 18.0
6181 2256 18.0
186 6226 41.0
6226 186 41.0
186 6235 49.0
6235 186 49.0
186 214 50.0
214 186 50.0
6226 6249 30.0
6249 6226 30.0
3132 6227 48.0
6227 3132 48.0
3132 6073 51.0
6073 3132 51.0
6227 6280 23.0
6280 6227 23.0
3882 6378 52.0
6378 3882 52.0
3882 6228 19.0
6228 3882 19.0
1301 6230 42.0
6230 1301 42.0
1301 6229 7.0
6229 1301 7.0
1301 6222 6.0
6222 1301 6.0
6230 6243 24.0
6243 6230 24.0
6231 6232 13.0
6232 6231 13.0
6231 6233 2.0
6233 6231 2.0
119 6234 2.0
6234 119 2.0
119 6232 8.0
6232 119 8.0
586 605 31.0
605 586 31.0
6233 6234 21.0
6234 6233 21.0
141 6235 29.0
6235 141 29.0
141 6290 39.0
6290 141 39.0
141 6234 41.0
6234 141 41.0
6236 6237 2.0
6237 6236 2.0
6236 6291 35.0
6291 6236 35.0
33 6238 12.0
6238 33 12.0
33 6293 21.0
6293 33 21.0
33 6237 6.0
6237 33 6.0
33 6116 49.0
6116 33 49.0
6238 6239 7.0
6239 6238 7.0
6238 6294 21.0
6294 6238 21.0
692 6241 13.0
6241 692 13.0
692 6267 12.0
6267 692 12.0
692 6240 2.0
6240 692 2.0
692 6063 60.0
6063 692 60.0
6241 6242 2.0
6242 6241 2.0
6241 6268 12.0
6268 6241 12.0
6242 6269 12.0
6269 6242 12.0
6243 6244 32.0
6244 6243 32.0
6244 6245 8.0
6245 6244 8.0
6244 6298 19.0
6298 6244 19.0
6245 6246 20.0
6246 6245 20.0
6246 6247 13.0
6247 6246 13.0
6246 6250 3.0
6250 6246 3.0
6247 6248 2.0
6248 6247 2.0
1544 6251 3.0
6251 1544 3.0
1544 6248 7.0
6248 1544 7.0
2715 6338 30.0
6338 2715 30.0
2715 6197 19.0
6197 2715 19.0
3100 6265 10.0
6265 3100 10.0
3100 3132 29.0
3132 3100 29.0
6249 6324 22.0
6324 6249 22.0
228 6325 22.0
6325 228 22.0
228 6249 1.0
6249 228 1.0
228 6196 21.0
6196 228 21.0
3860 6228 12.0
6228 3860 12.0
6250 6251 22.0
6251 6250 22.0
6250 6283 13.0
6283 6250 13.0
6251 6252 38.0
6252 6251 38.0
6251 6284 13.0
6284 6251 13.0
6252 6285 13.0
6285 6252 13.0
1616 1643 10.0
1643 1616 10.0
1616 6286 13.0
6286 1616 13.0
1616 6252 12.0
6252 1616 12.0
1643 6253 32.0
6253 1643 32.0
1643 6287 13.0
6287 1643 13.0
6253 6288 13.0
6288 6253 13.0
6254 6255 22.0
6255 6254 22.0
6255 6256 21.0
6256 6255 21.0
6255 6276 6.0
6276 6255 6.0
6256 6257 7.0
6257 6256 7.0
6256 6277 6.0
6277 6256 6.0
6257 6278 6.0
6278 6257 6.0
3601 6258 12.0
6258 3601 12.0
3601 6321 19.0
6321 3601 19.0
3601 6257 31.0
6257 3601 31.0
3601 6161 40.0
6161 3601 40.0
6258 6346 31.0
6346 6258 31.0
2908 6263 3.0
6263 2908 3.0
2908 6426 52.0
6426 2908 52.0
6259 6260 13.0
6260 6259 13.0
6260 6261 17.0
6261 6260 17.0
6260 6332 18.0
6332 6260 18.0
6261 6262 4.0
6262 6261 4.0
6261 6333 18.0
6333 6261 18.0
2560 6388 40.0
6388 2560 40.0
2560 6262 18.0
6262 2560 18.0
6263 6264 69.0
6264 6263 69.0
6263 6491 68.0
6491 6263 68.0
3026 6265 39.0
6265 3026 39.0
3026 6350 30.0
6350 3026 30.0
3026 6264 2.0
6264 3026 2.0
3742 6301 12.0
6301 3742 12.0
412 6266 32.0
6266 412 32.0
412 6300 10.0
6300 412 10.0
6267 6268 13.0
6268 6267 13.0
6267 6405 39.0
6405 6267 39.0
6268 6269 2.0
6269 6268 2.0
6268 6406 39.0
6406 6268 39.0
6269 6407 39.0
6407 6269 39.0
769 6270 28.0
6270 769 28.0
769 6310 13.0
6310 769 13.0
769 6269 35.0
6269 769 35.0
6270 6271 6.0
6271 6270 6.0
6270 6312 13.0
6312 6270 13.0
6271 6272 16.0
6272 6271 16.0
6271 6313 13.0
6313 6271 13.0
6273 6274 11.0
6274 6273 11.0
6273 6478 59.0
6478 6273 59.0
6274 6275 12.0
6275 6274 12.0
3482 6276 22.0
6276 3482 22.0
3482 6315 13.0
6315 3482 13.0
3482 6275 6.0
6275 3482 6.0
3482 6254 6.0
6254 3482 6.0
6276 6277 21.0
6277 6276 21.0
6276 6316 13.0
6316 6276 13.0
6277 6278 7.0
6278 6277 7.0
6277 6318 13.0
6318 6277 13.0
473 506 31.0
506 473 31.0
473 6266 10.0
6266 473 10.0
473 6184 41.0
6184 473 41.0
3857 6304 8.0
6304 3857 8.0
3857 6279 28.0
6279 3857 28.0
3857 3860 11.0
3860 3857 11.0
506 6341 21.0
6341 506 21.0
6280 6281 18.0
6281 6280 18.0
6281 6419 39.0
6419 6281 39.0
3258 6282 11.0
6282 3258 11.0
3258 6420 39.0
6420 3258 39.0
3258 6281 14.0
6281 3258 14.0
3258 6214 30.0
6214 3258 30.0
6282 6471 53.0
6471 6282 53.0
6283 6284 22.0
6284 6283 22.0
6283 6299 3.0
6299 6283 3.0
6284 6285 38.0
6285 6284 38.0
6285 6286 12.0
6286 6285 12.0
6286 6287 10.0
6287 6286 10.0
6287 6288 32.0
6288 6287 32.0
6287 6377 27.0
6377 6287 27.0
1748 6289 63.0
6289 1748 63.0
1748 6288 28.0
6288 1748 28.0
6290 6337 10.0
6337 6290 10.0
160 161 10.0
161 160 10.0
160 6290 11.0
6290 160 11.0
160 6235 21.0
6235 160 21.0
6291 6292 19.0
6292 6291 19.0
6292 6293 3.0
6293 6292 3.0
6292 6335 8.0
6335 6292 8.0
6293 6294 12.0
6294 6293 12.0
6294 6295 5.0
6295 6294 5.0
6295 6361 22.0
6361 6295 22.0
44 6296 39.0
6296 44 39.0
44 6306 3.0
6306 44 3.0
44 6295 2.0
6295 44 2.0
44 6239 21.0
6239 44 21.0
6296 6297 3.0
6297 6296 3.0
6296 6307 3.0
6307 6296 3.0
6297 6308 3.0
6308 6297 3.0
6298 6336 31.0
6336 6298 31.0
1473 6299 20.0
6299 1473 20.0
1473 6356 21.0
6356 1473 21.0
1473 6298 8.0
6298 1473 8.0
1473 6245 19.0
6245 1473 19.0
396 6300 11.0
6300 396 11.0
396 6369 21.0
6369 396 21.0
396 412 21.0
412 396 21.0
6300 6370 21.0
6370 6300 21.0
6301 6302 8.0
6302 6301 8.0
6301 6349 17.0
6349 6301 17.0
6302 6303 39.0
6303 6302 39.0
6303 6404 28.0
6404 6303 28.0
3810 6304 40.0
6304 3810 40.0
3810 6521 61.0
6521 3810 61.0
3810 6303 3.0
6303 3810 3.0
3810 6279 20.0
6279 3810 20.0
6304 6378 46.0
6378 6304 46.0
6305 6327 3.0
6327 6305 3.0
2345 6328 3.0
6328 2345 3.0
2345 6305 21.0
6305 2345 21.0
2345 6225 33.0
6225 2345 33.0
6306 6307 39.0
6307 6306 39.0
6306 6362 19.0
6362 6306 19.0
6307 6308 3.0
6308 6307 3.0
6308 6309 12.0
6309 6308 12.0
6308 6363 19.0
6363 6308 19.0
6309 6364 19.0
6364 6309 19.0
76 6322 2.0
6322 76 2.0
76 6309 16.0
6309 76 16.0
76 6194 42.0
6194 76 42.0
6310 6311 19.0
6311 6310 19.0
6310 6413 29.0
6413 6310 29.0
6311 6312 9.0
6312 6311 9.0
6312 6313 6.0
6313 6312 6.0
6312 6415 29.0
6415 6312 29.0
849 6314 2.0
6314 849 2.0
849 6342 12.0
6342 849 12.0
849 6313 16.0
6313 849 16.0
849 6272 13.0
6272 849 13.0
6314 6343 12.0
6343 6314 12.0
6315 6316 22.0
6316 6315 22.0
6315 6455 39.0
6455 6315 39.0
6316 6317 6.0
6317 6316 6.0
6317 6318 15.0
6318 6317 15.0
6318 6319 2.0
6319 6318 2.0
6318 6456 39.0
6456 6318 39.0
6319 6320 3.0
6320 6319 3.0
6319 6457 39.0
6457 6319 39.0
6320 6458 39.0
6458 6320 39.0
3555 6321 31.0
6321 3555 31.0
3555 6459 39.0
6459 3555 39.0
3555 6320 2.0
6320 3555 2.0
3555 6278 13.0
6278 3555 13.0
6321 6346 24.0
6346 6321 24.0
6322 6323 20.0
6323 6322 20.0
6322 6376 19.0
6376 6322 19.0
6322 6365 28.0
6365 6322 28.0
106 6323 31.0
6323 106 31.0
106 6233 27.0
6233 106 27.0
6324 6325 1.0
6325 6324 1.0
6325 6326 28.0
6326 6325 28.0
6326 6418 29.0
6418 6326 29.0
248 6326 1.0
6326 248 1.0
6327 6328 21.0
6328 6327 21.0
6328 6329 48.0
6329 6328 48.0
6329 6330 9.0
6330 6329 9.0
6329 6384 22.0
6384 6329 22.0
6330 6331 5.0
6331 6330 5.0
6330 6385 22.0
6385 6330 22.0
2472 6332 13.0
6332 2472 13.0
2472 6386 22.0
6386 2472 22.0
2472 6331 18.0
6331 2472 18.0
2472 6259 18.0
6259 2472 18.0
6332 6333 17.0
6333 6332 17.0
6332 6387 22.0
6387 6332 22.0
6334 6347 10.0
6347 6334 10.0
22 6335 19.0
6335 22 19.0
22 6348 10.0
6348 22 10.0
22 6334 2.0
6334 22 2.0
22 6291 8.0
6291 22 8.0
6335 6360 14.0
6360 6335 14.0
338 6367 14.0
6367 338 14.0
338 6366 15.0
6366 338 15.0
1400 6336 9.0
6336 1400 9.0
1400 1413 20.0
1413 1400 20.0
1400 6243 27.0
6243 1400 27.0
161 6337 11.0
6337 161 11.0
1871 6339 3.0
6339 1871 3.0
1871 6289 20.0
6289 1871 20.0
2312 6327 6.0
6327 2312 6.0
2691 6338 11.0
6338 2691 11.0
2691 6450 32.0
6450 2691 32.0
2691 2715 41.0
2715 2691 41.0
6338 6423 24.0
6423 6338 24.0
6339 6517 49.0
6517 6339 49.0
1986 6340 8.0
6340 1986 8.0
1986 6380 13.0
6380 1986 13.0
1986 6339 71.0
6339 1986 71.0
6340 6381 13.0
6381 6340 13.0
225 6417 20.0
6417 225 20.0
225 6324 9.0
6324 225 9.0
536 551 21.0
551 536 21.0
536 6341 19.0
6341 536 19.0
6342 6343 2.0
6343 6342 2.0
6342 6464 29.0
6464 6342 29.0
6343 6344 27.0
6344 6343 27.0
6344 6345 13.0
6345 6344 13.0
937 6429 23.0
6429 937 23.0
937 6345 8.0
6345 937 8.0
937 6217 48.0
6217 937 48.0
3629 3692 42.0
3692 3629 42.0
3629 6346 7.0
6346 3629 7.0
18 6347 19.0
6347 18 19.0
18 6394 11.0
6394 18 11.0
18 6393 42.0
6393 18 42.0
18 6334 29.0
6334 18 29.0
6347 6348 2.0
6348 6347 2.0
6347 6395 11.0
6395 6347 11.0
6348 6396 11.0
6396 6348 11.0
3351 6474 30.0
6474 3351 30.0
3351 6219 50.0
6219 3351 50.0
3692 6349 32.0
6349 3692 32.0
3692 6401 11.0
6401 3692 11.0
6349 6403 11.0
6403 6349 11.0
1413 6353 2.0
6353 1413 2.0
1413 6336 11.0
6336 1413 11.0
3021 6350 2.0
6350 3021 2.0
3021 6357 2.0
6357 3021 2.0
3021 6264 30.0
6264 3021 30.0
6350 6358 2.0
6358 6350 2.0
1125 6351 8.0
6351 1125 8.0
1125 6527 42.0
6527 1125 42.0
6351 6352 5.0
6352 6351 5.0
6351 6528 42.0
6528 6351 42.0
6352 6529 42.0
6529 6352 42.0
6353 6354 10.0
6354 6353 10.0
6353 6399 8.0
6399 6353 8.0
6354 6355 19.0
6355 6354 19.0
6355 6356 2.0
6356 6355 2.0
6355 6400 8.0
6400 6355 8.0
1507 6504 39.0
6504 1507 39.0
1507 6356 20.0
6356 1507 20.0
1507 6299 21.0
6299 1507 21.0
6357 6358 2.0
6358 6357 2.0
6357 6558 47.0
6558 6357 47.0
6358 6359 6.0
6359 6358 6.0
3095 6359 33.0
6359 3095 33.0
3095 6265 32.0
6265 3095 32.0
6360 6361 20.0
6361 6360 20.0
6361 6362 2.0
6362 6361 2.0
6361 6371 2.0
6371 6361 2.0
60 6363 3.0
6363 60 3.0
60 6372 2.0
6372 60 2.0
60 6362 39.0
6362 60 39.0
60 6307 19.0
6307 60 19.0
6363 6364 12.0
6364 6363 12.0
6363 6373 2.0
6373 6363 2.0
6364 6365 5.0
6365 6364 5.0
6364 6374 2.0
6374 6364 2.0
6365 6375 2.0
6375 6365 2.0
6366 6367 1.0
6367 6366 1.0
6367 6368 49.0
6368 6367 49.0
6368 6369 2.0
6369 6368 2.0
6369 6370 11.0
6370 6369 11.0
425 6431 19.0
6431 425 19.0
425 6370 8.0
6370 425 8.0
6371 6372 41.0
6372 6371 41.0
6371 6398 5.0
6398 6371 5.0
6372 6373 3.0
6373 6372 3.0
6372 6446 19.0
6446 6372 19.0
6373 6374 12.0
6374 6373 12.0
6373 6447 19.0
6447 6373 19.0
6374 6375 5.0
6375 6374 5.0
6374 6448 19.0
6448 6374 19.0
6375 6376 11.0
6376 6375 11.0
89 6376 20.0
6376 89 20.0
89 6323 19.0
6323 89 19.0
1600 6377 22.0
6377 1600 22.0
1600 6460 20.0
6460 1600 20.0
1600 6285 27.0
6285 1600 27.0
6377 6541 42.0
6541 6377 42.0
6378 6379 6.0
6379 6378 6.0
6379 6389 3.0
6389 6379 3.0
3923 6390 3.0
6390 3923 3.0
3923 6379 22.0
6379 3923 22.0
6380 6381 8.0
6381 6380 8.0
6380 6421 17.0
6421 6380 17.0
6381 6382 25.0
6382 6381 25.0
6381 6421 9.0
6421 6381 9.0
6382 6383 17.0
6383 6382 17.0
2109 6422 9.0
6422 2109 9.0
2109 6383 20.0
6383 2109 20.0
6384 6385 9.0
6385 6384 9.0
6385 6386 23.0
6386 6385 23.0
6385 6461 17.0
6461 6385 17.0
6386 6387 13.0
6387 6386 13.0
2528 6388 22.0
6388 2528 22.0
2528 6387 17.0
6387 2528 17.0
2528 6333 22.0
6333 2528 22.0
6389 6390 22.0
6390 6389 22.0
6389 6436 13.0
6436 6389 13.0
6390 6391 48.0
6391 6390 48.0
6390 6437 13.0
6437 6390 13.0
6391 6392 18.0
6392 6391 18.0
6391 6438 13.0
6438 6391 13.0
6392 6439 13.0
6439 6392 13.0
4026 6440 13.0
6440 4026 13.0
4026 6392 4.0
6392 4026 4.0
6393 6394 31.0
6394 6393 31.0
6394 6395 19.0
6395 6394 19.0
6394 6427 7.0
6427 6394 7.0
6395 6396 2.0
6396 6395 2.0
6396 6397 8.0
6397 6396 8.0
6397 6442 14.0
6442 6397 14.0
32 6398 20.0
6398 32 20.0
32 6443 14.0
6443 32 14.0
32 6397 11.0
6397 32 11.0
32 6360 7.0
6360 32 7.0
6398 6444 14.0
6444 6398 14.0
154 6337 20.0
6337 154 20.0
6399 6494 30.0
6494 6399 30.0
1434 6400 19.0
6400 1434 19.0
1434 6495 30.0
6495 1434 30.0
1434 6399 10.0
6399 1434 10.0
1434 6354 8.0
6354 1434 8.0
6401 6402 18.0
6402 6401 18.0
6401 6496 30.0
6496 6401 30.0
6402 6403 14.0
6403 6402 14.0
3753 6404 39.0
6404 3753 39.0
3753 6498 30.0
6498 3753 30.0
3753 6403 8.0
6403 3753 8.0
3753 6302 28.0
6302 3753 28.0
688 6405 2.0
6405 688 2.0
688 6408 3.0
6408 688 3.0
688 6240 51.0
6240 688 51.0
6405 6406 13.0
6406 6405 13.0
6405 6409 3.0
6409 6405 3.0
6406 6407 2.0
6407 6406 2.0
6406 6410 3.0
6410 6406 3.0
6407 6411 3.0
6411 6407 3.0
213 6416 9.0
6416 213 9.0
6408 6409 2.0
6409 6408 2.0
6408 6505 30.0
6505 6408 30.0
6409 6410 13.0
6410 6409 13.0
6409 6505 28.0
6505 6409 28.0
6410 6411 2.0
6411 6410 2.0
6410 6506 28.0
6506 6410 28.0
6411 6412 2.0
6412 6411 2.0
6411 6507 28.0
6507 6411 28.0
6412 6413 33.0
6413 6412 33.0
6413 6414 6.0
6414 6413 6.0
6413 6637 48.0
6637 6413 48.0
6414 6485 20.0
6485 6414 20.0
794 6415 9.0
6415 794 9.0
794 6462 12.0
6462 794 12.0
794 6414 13.0
6414 794 13.0
794 6311 29.0
6311 794 29.0
6415 6463 12.0
6463 6415 12.0
6416 6417 13.0
6417 6416 13.0
236 6418 20.0
6418 236 20.0
236 247 21.0
247 236 21.0
236 6417 9.0
6417 236 9.0
3213 6419 18.0
6419 3213 18.0
3213 6606 41.0
6606 3213 41.0
3213 6280 39.0
6280 3213 39.0
6419 6420 14.0
6420 6419 14.0
6420 6470 14.0
6470 6420 14.0
247 6418 1.0
6418 247 1.0
2071 6422 20.0
6422 2071 20.0
2071 6421 42.0
6421 2071 42.0
2071 6383 9.0
6383 2071 9.0
6422 6432 6.0
6432 6422 6.0
6423 6424 18.0
6424 6423 18.0
6423 6451 8.0
6451 6423 8.0
6424 6425 29.0
6425 6424 29.0
6425 6453 8.0
6453 6425 8.0
2839 6426 39.0
6426 2839 39.0
2839 6490 22.0
6490 2839 22.0
2839 6425 22.0
6425 2839 22.0
9 6427 31.0
6427 9 31.0
9 6393 7.0
6393 9 7.0
6428 6565 30.0
6565 6428 30.0
6428 6548 37.0
6548 6428 37.0
337 6566 30.0
6566 337 30.0
337 6428 4.0
6428 337 4.0
337 6366 17.0
6366 337 17.0
6429 6430 9.0
6430 6429 9.0
6429 6467 6.0
6467 6429 6.0
1034 6469 8.0
6469 1034 8.0
1034 6430 51.0
6430 1034 51.0
394 6431 21.0
6431 394 21.0
394 6368 19.0
6368 394 19.0
6431 6488 51.0
6488 6431 51.0
6432 6433 50.0
6433 6432 50.0
6433 6434 29.0
6434 6433 29.0
6434 6435 20.0
6435 6434 20.0
6434 6477 8.0
6477 6434 8.0
6435 6634 39.0
6634 6435 39.0
2309 6676 50.0
6676 2309 50.0
2309 6435 12.0
6435 2309 12.0
2309 2312 31.0
2312 2309 31.0
6436 6437 22.0
6437 6436 22.0
6437 6438 48.0
6438 6437 48.0
6437 6539 24.0
6539 6437 24.0
6438 6439 18.0
6439 6438 18.0
6439 6440 4.0
6440 6439 4.0
6439 6560 27.0
6560 6439 27.0
6440 6441 48.0
6441 6440 48.0
4097 6640 40.0
6640 4097 40.0
4097 6441 12.0
6441 4097 12.0
6442 6443 11.0
6443 6442 11.0
6442 6475 6.0
6475 6442 6.0
6443 6444 20.0
6444 6443 20.0
6443 6476 6.0
6476 6443 6.0
6444 6445 39.0
6445 6444 39.0
6445 6446 2.0
6446 6445 2.0
6445 6484 8.0
6484 6445 8.0
6446 6447 3.0
6447 6446 3.0
6447 6448 12.0
6448 6447 12.0
6448 6449 3.0
6449 6448 3.0
71 6644 40.0
6644 71 40.0
71 6449 2.0
6449 71 2.0
71 6375 19.0
6375 71 19.0
6450 6451 11.0
6451 6450 11.0
6450 6511 18.0
6511 6450 18.0
6451 6452 16.0
6452 6451 16.0
6451 6512 18.0
6512 6451 18.0
6452 6513 18.0
6513 6452 18.0
2750 6453 29.0
6453 2750 29.0
2750 6550 25.0
6550 2750 25.0
2750 6452 2.0
6452 2750 2.0
2750 6424 8.0
6424 2750 8.0
6453 6551 25.0
6551 6453 25.0
6454 6455 5.0
6455 6454 5.0
6454 6516 18.0
6516 6454 18.0
6454 6479 26.0
6479 6454 26.0
3524 6456 15.0
6456 3524 15.0
3524 6532 22.0
6532 3524 22.0
3524 6455 28.0
6455 3524 28.0
3524 6317 39.0
6317 3524 39.0
6456 6457 2.0
6457 6456 2.0
6456 6533 22.0
6533 6456 22.0
6457 6458 3.0
6458 6457 3.0
6457 6534 22.0
6534 6457 22.0
6458 6459 2.0
6459 6458 2.0
6458 6535 22.0
6535 6458 22.0
6459 6536 22.0
6536 6459 22.0
1598 6460 1.0
6460 1598 1.0
1598 6699 49.0
6699 1598 49.0
1598 1600 21.0
1600 1598 21.0
6460 6540 22.0
6540 6460 22.0
2417 6461 9.0
6461 2417 9.0
2417 6662 41.0
6662 2417 41.0
2417 6384 17.0
6384 2417 17.0
6462 6463 9.0
6463 6462 9.0
6462 6486 8.0
6486 6462 8.0
6463 6464 22.0
6464 6463 22.0
6464 6465 17.0
6465 6464 17.0
6465 6466 8.0
6466 6465 8.0
6465 6487 8.0
6487 6465 8.0
6466 6544 22.0
6544 6466 22.0
897 6467 21.0
6467 897 21.0
897 6545 22.0
6545 897 22.0
897 6466 4.0
6466 897 4.0
897 6344 29.0
6344 897 29.0
6467 6468 10.0
6468 6467 10.0
1278 6492 14.0
6492 1278 14.0
6468 6522 16.0
6522 6468 16.0
951 6469 51.0
6469 951 51.0
951 6523 16.0
6523 951 16.0
951 6468 1.0
6468 951 1.0
951 6430 8.0
6430 951 8.0
6469 6525 16.0
6525 6469 16.0
6470 6471 11.0
6471 6470 11.0
6470 6608 27.0
6608 6470 27.0
6471 6472 6.0
6472 6471 6.0
6471 6609 27.0
6609 6471 27.0
6472 6473 29.0
6473 6472 29.0
6472 6610 27.0
6610 6472 27.0
6473 6618 29.0
6618 6473 29.0
3333 6474 12.0
6474 3333 12.0
3333 6473 2.0
6473 3333 2.0
21 6475 10.0
6475 21 10.0
21 6480 2.0
6480 21 2.0
21 6427 32.0
6427 21 32.0
21 6395 20.0
6395 21 20.0
6475 6476 11.0
6476 6475 11.0
6475 6481 2.0
6481 6475 2.0
6476 6482 2.0
6482 6476 2.0
152 6542 20.0
6542 152 20.0
152 154 21.0
154 152 21.0
2193 6477 29.0
6477 2193 29.0
2193 6633 31.0
6633 2193 31.0
2193 6432 58.0
6432 2193 58.0
2193 6433 8.0
6433 2193 8.0
3372 3414 32.0
3414 3372 32.0
3372 6474 9.0
6474 3372 9.0
3414 6478 14.0
6478 3414 14.0
3414 6514 19.0
6514 3414 19.0
6478 6479 5.0
6479 6478 5.0
6478 6515 11.0
6515 6478 11.0
6480 6481 10.0
6481 6480 10.0
6481 6482 11.0
6482 6481 11.0
6482 6483 7.0
6483 6482 7.0
6482 6561 18.0
6561 6482 18.0
6483 6562 18.0
6562 6483 18.0
42 6484 39.0
6484 42 39.0
42 6691 42.0
6691 42 42.0
42 6483 13.0
6483 42 13.0
42 6444 8.0
6444 42 8.0
6485 6486 13.0
6486 6485 13.0
6485 6600 22.0
6600 6485 22.0
816 6487 39.0
6487 816 39.0
816 6601 22.0
6601 816 22.0
816 6486 9.0
6486 816 9.0
816 6463 8.0
6463 816 8.0
6487 6543 14.0
6543 6487 14.0
6488 6489 7.0
6489 6488 7.0
6489 6707 40.0
6707 6489 40.0
491 6489 4.0
6489 491 4.0
491 6341 52.0
6341 491 52.0
1995 6586 21.0
6586 1995 21.0
1995 6421 19.0
6421 1995 19.0
6490 6553 11.0
6553 6490 11.0
6490 6552 16.0
6552 6490 16.0
2896 6491 3.0
6491 2896 3.0
2896 6555 11.0
6555 2896 11.0
2896 6490 39.0
6490 2896 39.0
2896 6426 22.0
6426 2896 22.0
6491 6556 11.0
6556 6491 11.0
6492 6493 29.0
6493 6492 29.0
6492 6611 18.0
6611 6492 18.0
1409 6494 2.0
6494 1409 2.0
1409 6499 1.0
6499 1409 1.0
1409 6493 51.0
6493 1409 51.0
1409 6399 32.0
6399 1409 32.0
6494 6495 10.0
6495 6494 10.0
6494 6500 1.0
6500 6494 1.0
6495 6502 1.0
6502 6495 1.0
2593 6508 2.0
6508 2593 2.0
2593 6388 49.0
6388 2593 49.0
6496 6497 15.0
6497 6496 15.0
6496 6624 19.0
6624 6496 19.0
6497 6625 19.0
6625 6497 19.0
3722 6498 22.0
6498 3722 22.0
3722 6518 3.0
6518 3722 3.0
3722 6497 3.0
6497 3722 3.0
3722 6402 30.0
6402 3722 30.0
6498 6520 3.0
6520 6498 3.0
6499 6500 2.0
6500 6499 2.0
6499 6629 20.0
6629 6499 20.0
6500 6501 8.0
6501 6500 8.0
6501 6502 2.0
6502 6501 2.0
6502 6503 16.0
6503 6502 16.0
6502 6630 20.0
6630 6502 20.0
6503 6631 20.0
6631 6503 20.0
1469 6504 22.0
6504 1469 22.0
1469 6632 20.0
6632 1469 20.0
1469 6503 3.0
6503 1469 3.0
1469 6400 31.0
6400 1469 31.0
6504 6697 33.0
6697 6504 33.0
6505 6506 13.0
6506 6505 13.0
6506 6507 2.0
6507 6506 2.0
722 6636 20.0
6636 722 20.0
722 6507 2.0
6507 722 2.0
722 6412 28.0
6412 722 28.0
6508 6509 19.0
6509 6508 19.0
6509 6510 29.0
6510 6509 29.0
6510 6587 12.0
6587 6510 12.0
2686 6511 3.0
6511 2686 3.0
2686 6588 12.0
6588 2686 12.0
2686 6510 12.0
6510 2686 12.0
2686 6450 21.0
6450 2686 21.0
6511 6512 11.0
6512 6511 11.0
6511 6589 12.0
6589 6511 12.0
6512 6513 16.0
6513 6512 16.0
6512 6590 12.0
6590 6512 12.0
6513 6549 7.0
6549 6513 7.0
6514 6515 6.0
6515 6514 6.0
6514 6677 31.0
6677 6514 31.0
3445 6516 19.0
6516 3445 19.0
3445 6530 4.0
6530 3445 4.0
3445 6515 5.0
6515 3445 5.0
3445 6479 11.0
6479 3445 11.0
6516 6531 4.0
6531 6516 4.0
6517 6584 15.0
6584 6517 15.0
1914 6585 11.0
6585 1914 11.0
1914 6517 29.0
6517 1914 29.0
6518 6519 9.0
6519 6518 9.0
6518 6626 16.0
6626 6518 16.0
6519 6520 13.0
6520 6519 13.0
6519 6650 21.0
6650 6519 21.0
3807 6521 3.0
6521 3807 3.0
3807 6652 21.0
6652 3807 21.0
3807 6520 39.0
6520 3807 39.0
3807 6404 33.0
6404 3807 33.0
6521 6653 21.0
6653 6521 21.0
6522 6523 1.0
6523 6522 1.0
6523 6524 7.0
6524 6523 7.0
6523 6547 4.0
6547 6523 4.0
6524 6525 44.0
6525 6524 44.0
6524 6568 7.0
6568 6524 7.0
6525 6526 19.0
6526 6525 19.0
6525 6569 7.0
6569 6525 7.0
6526 6527 42.0
6527 6526 42.0
6527 6528 8.0
6528 6527 8.0
6528 6529 5.0
6529 6528 5.0
6528 6571 7.0
6571 6528 7.0
1159 6643 19.0
6643 1159 19.0
1159 6529 6.0
6529 1159 6.0
218 6660 21.0
6660 218 21.0
218 6645 20.0
6645 218 20.0
218 6416 30.0
6416 218 30.0
6530 6531 19.0
6531 6530 19.0
6530 6678 27.0
6678 6530 27.0
6531 6532 33.0
6532 6531 33.0
6532 6533 15.0
6533 6532 15.0
6532 6680 27.0
6680 6532 27.0
6533 6534 2.0
6534 6533 2.0
6533 6681 27.0
6681 6533 27.0
6534 6535 3.0
6535 6534 3.0
6534 6682 27.0
6682 6534 27.0
6535 6536 2.0
6536 6535 2.0
6535 6758 39.0
6758 6535 39.0
6536 6537 15.0
6537 6536 15.0
6536 6759 39.0
6759 6536 39.0
6537 6760 39.0
6760 6537 39.0
3583 6537 2.0
6537 3583 2.0
6538 6655 18.0
6655 6538 18.0
3896 6539 22.0
6539 3896 22.0
3896 6656 18.0
6656 3896 18.0
3896 6538 4.0
6538 3896 4.0
3896 6436 24.0
6436 3896 24.0
6539 6559 30.0
6559 6539 30.0
6540 6541 22.0
6541 6540 22.0
6540 6700 27.0
6700 6540 27.0
1671 6619 12.0
6619 1671 12.0
1671 6541 17.0
6541 1671 17.0
127 6542 49.0
6542 127 49.0
127 6668 23.0
6668 127 23.0
127 6667 35.0
6667 127 35.0
6543 6544 8.0
6544 6543 8.0
6544 6545 4.0
6545 6544 4.0
6544 6602 8.0
6602 6544 8.0
6545 6546 14.0
6546 6545 14.0
6545 6603 8.0
6603 6545 8.0
6546 6604 8.0
6604 6546 8.0
947 6547 1.0
6547 947 1.0
947 6605 8.0
6605 947 8.0
947 6546 15.0
6546 947 15.0
947 6522 4.0
6522 947 4.0
6547 6567 3.0
6567 6547 3.0
311 6548 10.0
6548 311 10.0
311 6564 1.0
6564 311 1.0
6549 6550 2.0
6550 6549 2.0
6549 6572 2.0
6572 6549 2.0
6550 6551 29.0
6551 6550 29.0
6550 6573 2.0
6573 6550 2.0
6551 6552 17.0
6552 6551 17.0
6551 6574 2.0
6574 6551 2.0
6552 6553 5.0
6553 6552 5.0
6552 6575 2.0
6575 6552 2.0
6553 6554 7.0
6554 6553 7.0
6553 6576 2.0
6576 6553 2.0
6554 6555 32.0
6555 6554 32.0
6554 6577 2.0
6577 6554 2.0
6555 6556 3.0
6556 6555 3.0
6555 6578 2.0
6578 6555 2.0
6556 6557 25.0
6557 6556 25.0
6556 6579 2.0
6579 6556 2.0
6557 6580 2.0
6580 6557 2.0
2966 6558 32.0
6558 2966 32.0
2966 6581 2.0
6581 2966 2.0
2966 6557 12.0
6557 2966 12.0
6558 6582 2.0
6582 6558 2.0
3997 6560 18.0
6560 3997 18.0
3997 6732 29.0
6732 3997 29.0
3997 6559 21.0
6559 3997 21.0
3997 6438 27.0
6438 3997 27.0
6560 6639 13.0
6639 6560 13.0
24 6561 11.0
6561 24 11.0
24 6688 24.0
6688 24 24.0
24 6480 28.0
6480 24 28.0
24 6481 18.0
6481 24 18.0
6561 6562 7.0
6562 6561 7.0
6561 6689 24.0
6689 6561 24.0
6562 6690 24.0
6690 6562 24.0
6563 6564 2.0
6564 6563 2.0
6563 6664 18.0
6664 6563 18.0
319 6565 8.0
6565 319 8.0
319 6665 18.0
6665 319 18.0
319 6564 10.0
6564 319 10.0
319 6548 1.0
6548 319 1.0
6565 6566 4.0
6566 6565 4.0
6565 6739 32.0
6739 6565 32.0
6566 6583 39.0
6583 6566 39.0
6567 6568 7.0
6568 6567 7.0
6567 6777 38.0
6777 6567 38.0
6568 6569 44.0
6569 6568 44.0
6569 6570 17.0
6570 6569 17.0
6570 6641 12.0
6641 6570 12.0
1066 6571 50.0
6571 1066 50.0
1066 6642 12.0
6642 1066 12.0
1066 6570 2.0
6570 1066 2.0
1066 6526 7.0
6526 1066 7.0
6572 6573 2.0
6573 6572 2.0
6573 6574 29.0
6574 6573 29.0
6573 6592 3.0
6592 6573 3.0
6574 6575 17.0
6575 6574 17.0
6574 6593 3.0
6593 6574 3.0
6575 6576 5.0
6576 6575 5.0
6575 6598 4.0
6598 6575 4.0
6576 6577 7.0
6577 6576 7.0
6576 6599 4.0
6599 6576 4.0
6577 6578 32.0
6578 6577 32.0
6578 6579 3.0
6579 6578 3.0
6578 6728 26.0
6728 6578 26.0
6579 6580 25.0
6580 6579 25.0
6579 6729 26.0
6729 6579 26.0
6580 6581 12.0
6581 6580 12.0
6581 6582 32.0
6582 6581 32.0
3033 6582 8.0
6582 3033 8.0
3033 6359 49.0
6359 3033 49.0
6583 6705 23.0
6705 6583 23.0
393 6706 23.0
6706 393 23.0
393 6583 12.0
6583 393 12.0
393 394 31.0
394 393 31.0
6584 6585 33.0
6585 6584 33.0
6584 6623 5.0
6623 6584 5.0
1954 6586 19.0
6586 1954 19.0
1954 6585 29.0
6585 1954 29.0
6587 6588 12.0
6588 6587 12.0
6587 6670 17.0
6670 6587 17.0
6588 6589 3.0
6589 6588 3.0
6588 6826 48.0
6826 6588 48.0
6589 6590 11.0
6590 6589 11.0
6589 6827 48.0
6827 6589 48.0
6590 6591 4.0
6591 6590 4.0
6590 6828 48.0
6828 6590 48.0
6591 6595 1.0
6595 6591 1.0
2747 6592 2.0
6592 2747 2.0
2747 6596 1.0
6596 2747 1.0
2747 6591 12.0
6591 2747 12.0
2747 6572 3.0
6572 2747 3.0
6592 6593 29.0
6593 6592 29.0
6592 6597 1.0
6597 6592 1.0
6594 6687 19.0
6687 6594 19.0
4429 6594 2.0
6594 4429 2.0
6595 6596 12.0
6596 6595 12.0
6595 6829 47.0
6829 6595 47.0
6596 6597 2.0
6597 6596 2.0
2790 6598 17.0
6598 2790 17.0
2790 6725 22.0
6725 2790 22.0
2790 6597 29.0
6597 2790 29.0
2790 6593 1.0
6593 2790 1.0
6598 6599 5.0
6599 6598 5.0
6598 6726 22.0
6726 6598 22.0
6599 6727 22.0
6727 6599 22.0
6600 6601 22.0
6601 6600 22.0
6600 6638 6.0
6638 6600 6.0
873 6602 8.0
6602 873 8.0
873 6601 39.0
6601 873 39.0
873 6543 8.0
6543 873 8.0
6602 6603 4.0
6603 6602 4.0
6602 6773 33.0
6773 6602 33.0
6603 6604 14.0
6604 6603 14.0
6603 6774 33.0
6774 6603 33.0
6604 6605 15.0
6605 6604 15.0
6604 6775 33.0
6775 6604 33.0
6605 6776 33.0
6776 6605 33.0
6606 6607 17.0
6607 6606 17.0
6606 6613 2.0
6613 6606 2.0
6606 6612 25.0
6612 6606 25.0
6607 6614 2.0
6614 6607 2.0
3236 6608 14.0
6608 3236 14.0
3236 6615 2.0
6615 3236 2.0
3236 6607 1.0
6607 3236 1.0
3236 6419 41.0
6419 3236 41.0
6608 6609 11.0
6609 6608 11.0
6608 6616 2.0
6616 6608 2.0
6609 6610 6.0
6610 6609 6.0
6609 6617 2.0
6617 6609 2.0
1327 6627 3.0
6627 1327 3.0
1327 6611 29.0
6611 1327 29.0
1327 6493 18.0
6493 1327 18.0
6612 6613 23.0
6613 6612 23.0
6612 6648 6.0
6648 6612 6.0
6613 6614 17.0
6614 6613 17.0
6614 6615 1.0
6615 6614 1.0
6614 6749 27.0
6749 6614 27.0
6615 6616 14.0
6616 6615 14.0
6615 6812 39.0
6812 6615 39.0
6616 6617 11.0
6617 6616 11.0
6616 6813 39.0
6813 6616 39.0
3281 6618 29.0
6618 3281 29.0
3281 6779 31.0
6779 3281 31.0
3281 6617 6.0
6617 3281 6.0
3281 6610 2.0
6610 3281 2.0
6619 6620 9.0
6620 6619 9.0
6619 6722 18.0
6722 6619 18.0
6620 6621 18.0
6621 6620 18.0
6621 6622 19.0
6622 6621 19.0
6621 6723 18.0
6723 6621 18.0
6622 6724 18.0
6724 6622 18.0
1763 6623 59.0
6623 1763 59.0
1763 6794 33.0
6794 1763 33.0
1763 6622 4.0
6622 1763 4.0
3688 6624 3.0
6624 3688 3.0
3688 6671 12.0
6671 3688 12.0
3688 6496 22.0
6496 3688 22.0
6624 6625 15.0
6625 6624 15.0
6624 6672 12.0
6672 6624 12.0
6625 6626 3.0
6626 6625 3.0
6625 6673 12.0
6673 6625 12.0
6626 6649 5.0
6649 6626 5.0
6627 6628 19.0
6628 6627 19.0
6627 6733 26.0
6733 6627 26.0
6628 6629 32.0
6629 6628 32.0
6628 6692 13.0
6692 6628 13.0
1428 6630 2.0
6630 1428 2.0
1428 6693 13.0
6693 1428 13.0
1428 6629 10.0
6629 1428 10.0
1428 6501 20.0
6501 1428 20.0
6630 6631 16.0
6631 6630 16.0
6630 6694 13.0
6694 6630 13.0
6631 6632 3.0
6632 6631 3.0
6631 6695 13.0
6695 6631 13.0
6632 6696 13.0
6696 6632 13.0
2246 6634 20.0
6634 2246 20.0
2246 2289 31.0
2289 2246 31.0
2246 6633 29.0
6633 2246 29.0
2246 6477 31.0
6477 2246 31.0
6635 6636 3.0
6636 6635 3.0
6635 6666 8.0
6666 6635 8.0
735 6637 24.0
6637 735 24.0
735 6646 20.0
6646 735 20.0
735 6636 9.0
6636 735 9.0
6637 6638 6.0
6638 6637 6.0
6637 6647 2.0
6647 6637 2.0
6639 6787 27.0
6787 6639 27.0
4078 6640 12.0
6640 4078 12.0
4078 6830 41.0
6830 4078 41.0
4078 6639 52.0
6639 4078 52.0
4078 6441 40.0
6441 4078 40.0
6640 6701 12.0
6701 6640 12.0
6641 6642 2.0
6642 6641 2.0
1140 6643 11.0
6643 1140 11.0
1140 6657 13.0
6657 1140 13.0
1140 6642 50.0
6642 1140 50.0
1140 6571 12.0
6571 1140 12.0
6643 6657 2.0
6657 6643 2.0
59 69 20.0
69 59 20.0
59 6484 32.0
6484 59 32.0
69 6644 2.0
6644 69 2.0
69 6713 14.0
6713 69 14.0
69 6449 40.0
6449 69 40.0
6644 6713 12.0
6713 6644 12.0
207 6645 20.0
6645 207 20.0
207 6703 11.0
6703 207 11.0
6645 6659 2.0
6659 6645 2.0
6646 6647 6.0
6647 6646 6.0
777 6835 40.0
6835 777 40.0
777 6647 6.0
6647 777 6.0
777 6638 2.0
6638 777 2.0
3140 6648 20.0
6648 3140 20.0
3140 6748 21.0
6748 3140 21.0
6649 6650 9.0
6650 6649 9.0
6649 6674 7.0
6674 6649 7.0
6650 6651 48.0
6651 6650 48.0
6651 6652 4.0
6652 6651 4.0
6651 6675 7.0
6675 6651 7.0
6652 6653 3.0
6653 6652 3.0
6652 6684 9.0
6684 6652 9.0
6653 6654 6.0
6654 6653 6.0
3855 6655 28.0
6655 3855 28.0
3855 6654 30.0
6654 3855 30.0
3855 6538 46.0
6538 3855 46.0
6655 6656 4.0
6656 6655 4.0
6655 6907 53.0
6907 6655 53.0
6656 6730 14.0
6730 6656 14.0
6657 6658 8.0
6658 6657 8.0
1213 6658 21.0
6658 1213 21.0
1213 6611 49.0
6611 1213 49.0
6659 6660 1.0
6660 6659 1.0
242 6663 31.0
6663 242 31.0
242 6660 30.0
6660 242 30.0
6661 6662 3.0
6662 6661 3.0
6661 6712 9.0
6712 6661 9.0
2432 6802 30.0
6802 2432 30.0
2432 6662 9.0
6662 2432 9.0
2432 6461 41.0
6461 2432 41.0
285 6664 19.0
6664 285 19.0
285 6815 30.0
6815 285 30.0
285 6663 21.0
6663 285 21.0
285 6563 37.0
6563 285 37.0
6664 6665 12.0
6665 6664 12.0
6665 6739 22.0
6739 6665 22.0
641 6666 49.0
6666 641 49.0
641 6635 57.0
6635 641 57.0
6666 6833 34.0
6833 6666 34.0
6667 6668 12.0
6668 6667 12.0
6667 6715 5.0
6715 6667 5.0
6668 6669 37.0
6669 6668 37.0
6668 6772 17.0
6772 6668 17.0
6669 6874 44.0
6874 6669 44.0
149 6875 44.0
6875 149 44.0
149 6669 12.0
6669 149 12.0
149 6542 23.0
6542 149 23.0
2623 6670 29.0
6670 2623 29.0
2623 6825 31.0
6825 2623 31.0
2623 6508 48.0
6508 2623 48.0
2623 6509 29.0
6509 2623 29.0
6671 6672 3.0
6672 6671 3.0
6671 6782 18.0
6782 6671 18.0
6672 6673 15.0
6673 6672 15.0
6672 6783 18.0
6783 6672 18.0
6673 6674 3.0
6674 6673 3.0
6673 6848 39.0
6848 6673 39.0
3737 6675 48.0
6675 3737 48.0
3737 6674 9.0
6674 3737 9.0
3737 6650 7.0
6650 3737 7.0
6675 6683 2.0
6683 6675 2.0
2289 6676 12.0
6676 2289 12.0
2289 6708 3.0
6708 2289 3.0
2289 6634 11.0
6634 2289 11.0
6676 6709 3.0
6709 6676 3.0
6677 6678 11.0
6678 6677 11.0
6678 6679 7.0
6679 6678 7.0
6678 6740 9.0
6740 6678 9.0
6679 6741 9.0
6741 6679 9.0
3475 6680 33.0
6680 3475 33.0
3475 6754 12.0
6754 3475 12.0
3475 6679 12.0
6679 3475 12.0
3475 6531 27.0
6531 3475 27.0
6680 6681 15.0
6681 6680 15.0
6680 6755 12.0
6755 6680 12.0
6681 6682 2.0
6682 6681 2.0
6681 6757 12.0
6757 6681 12.0
6683 6684 4.0
6684 6683 4.0
6683 6905 44.0
6905 6683 44.0
3819 6906 44.0
6906 3819 44.0
3819 6684 9.0
6684 3819 9.0
3819 6654 9.0
6654 3819 9.0
6685 6686 10.0
6686 6685 10.0
6685 6742 9.0
6742 6685 9.0
6686 6743 9.0
6743 6686 9.0
4421 6687 19.0
6687 4421 19.0
4421 6686 2.0
6686 4421 2.0
4421 6594 38.0
6594 4421 38.0
6688 6689 11.0
6689 6688 11.0
6688 6738 19.0
6738 6688 19.0
6689 6690 7.0
6690 6689 7.0
6689 6738 8.0
6738 6689 8.0
6690 6691 13.0
6691 6690 13.0
57 6691 38.0
6691 57 38.0
57 59 11.0
59 57 11.0
6692 6693 42.0
6693 6692 42.0
6693 6694 2.0
6694 6693 2.0
6693 6744 9.0
6744 6693 9.0
6694 6695 16.0
6695 6694 16.0
6694 6745 9.0
6745 6694 9.0
6695 6696 3.0
6696 6695 3.0
6695 6746 9.0
6746 6695 9.0
6696 6697 22.0
6697 6696 22.0
6697 6698 6.0
6698 6697 6.0
6698 6716 3.0
6716 6698 3.0
1549 6699 32.0
6699 1549 32.0
1549 6717 3.0
6717 1549 3.0
1549 6698 21.0
6698 1549 21.0
6699 6700 1.0
6700 6699 1.0
6699 6719 3.0
6719 6699 3.0
6700 6720 3.0
6720 6700 3.0
6701 6702 7.0
6702 6701 7.0
6701 6831 29.0
6831 6701 29.0
4140 6766 12.0
6766 4140 12.0
4140 6702 31.0
6702 4140 31.0
6703 6704 18.0
6704 6703 18.0
6704 6798 19.0
6798 6704 19.0
217 6704 2.0
6704 217 2.0
217 6659 9.0
6659 217 9.0
6705 6706 12.0
6706 6705 12.0
480 6707 7.0
6707 480 7.0
480 489 58.0
489 480 58.0
480 6706 60.0
6706 480 60.0
480 6488 40.0
6488 480 40.0
6708 6709 12.0
6709 6708 12.0
6708 6795 25.0
6795 6708 25.0
6709 6710 7.0
6710 6709 7.0
6709 6796 18.0
6796 6709 18.0
6710 6711 19.0
6711 6710 19.0
6711 6797 18.0
6797 6711 18.0
2392 6712 19.0
6712 2392 19.0
2392 6801 21.0
6801 2392 21.0
2392 6711 22.0
6711 2392 22.0
2392 6661 28.0
6661 2392 28.0
6713 6714 25.0
6714 6713 25.0
6714 6770 12.0
6770 6714 12.0
93 6715 40.0
6715 93 40.0
93 6771 12.0
6771 93 12.0
93 6714 13.0
6714 93 13.0
6716 6717 21.0
6717 6716 21.0
6717 6718 28.0
6718 6717 28.0
6717 6747 6.0
6747 6717 6.0
6718 6719 4.0
6719 6718 4.0
6718 6761 9.0
6761 6718 9.0
6719 6720 1.0
6720 6719 1.0
6719 6762 9.0
6762 6719 9.0
6720 6721 17.0
6721 6720 17.0
6720 6763 9.0
6763 6720 9.0
6721 6722 22.0
6722 6721 22.0
1688 6723 18.0
6723 1688 18.0
1688 6765 9.0
6765 1688 9.0
1688 6722 9.0
6722 1688 9.0
1688 6620 18.0
6620 1688 18.0
6723 6724 19.0
6724 6723 19.0
6724 6793 15.0
6793 6724 15.0
6725 6726 17.0
6726 6725 17.0
6725 6872 37.0
6872 6725 37.0
6726 6727 5.0
6727 6726 5.0
6726 6873 37.0
6873 6726 37.0
2850 6728 32.0
6728 2850 32.0
2850 6734 2.0
6734 2850 2.0
2850 6727 7.0
6727 2850 7.0
2850 6577 26.0
6577 2850 26.0
6728 6729 3.0
6729 6728 3.0
6728 6735 2.0
6735 6728 2.0
6729 6736 2.0
6736 6729 2.0
6730 6731 7.0
6731 6730 7.0
6730 6908 39.0
6908 6730 39.0
3968 6732 21.0
6732 3968 21.0
3968 6784 11.0
6784 3968 11.0
3968 6731 42.0
6731 3968 42.0
3968 6559 29.0
6559 3968 29.0
6732 6786 11.0
6786 6732 11.0
1364 6925 40.0
6925 1364 40.0
1364 6733 11.0
6733 1364 11.0
1364 6692 5.0
6692 1364 5.0
6734 6735 32.0
6735 6734 32.0
6734 6904 38.0
6904 6734 38.0
6735 6736 3.0
6736 6735 3.0
6736 6737 4.0
6737 6736 4.0
2943 6937 42.0
6937 2943 42.0
2943 6737 21.0
6737 2943 21.0
2943 6580 28.0
6580 2943 28.0
2189 6769 50.0
6769 2189 50.0
2189 6633 21.0
6633 2189 21.0
1061 6641 18.0
6641 1061 18.0
36 6738 7.0
6738 36 7.0
36 6690 8.0
6690 36 8.0
6739 6822 18.0
6822 6739 18.0
381 6739 41.0
6739 381 41.0
381 6705 7.0
6705 381 7.0
3431 6740 11.0
6740 3431 11.0
3431 6751 3.0
6751 3431 3.0
3431 6750 34.0
6750 3431 34.0
3431 6677 9.0
6677 3431 9.0
6740 6741 7.0
6741 6740 7.0
6740 6752 3.0
6752 6740 3.0
6741 6753 3.0
6753 6741 3.0
4409 6742 18.0
6742 4409 18.0
4409 6823 19.0
6823 4409 19.0
4409 6685 27.0
6685 4409 27.0
6742 6743 10.0
6743 6742 10.0
6743 6836 22.0
6836 6743 22.0
6744 6745 2.0
6745 6744 2.0
6744 6859 29.0
6859 6744 29.0
6745 6746 16.0
6746 6745 16.0
1518 6747 21.0
6747 1518 21.0
1518 6860 29.0
6860 1518 29.0
1518 6746 31.0
6746 1518 31.0
1518 6716 6.0
6716 1518 6.0
6747 6761 31.0
6761 6747 31.0
1991 6768 20.0
6768 1991 20.0
1991 6586 31.0
6586 1991 31.0
6748 6911 45.0
6911 6748 45.0
3169 6749 40.0
6749 3169 40.0
3169 6810 12.0
6810 3169 12.0
3169 6748 20.0
6748 3169 20.0
3169 6648 21.0
6648 3169 21.0
6750 6751 31.0
6751 6750 31.0
6750 6781 4.0
6781 6750 4.0
6751 6752 11.0
6752 6751 11.0
6751 6792 6.0
6792 6751 6.0
6752 6753 7.0
6753 6752 7.0
6752 6803 11.0
6803 6752 11.0
6753 6754 12.0
6754 6753 12.0
6753 6804 11.0
6804 6753 11.0
6754 6755 33.0
6755 6754 33.0
6754 6805 11.0
6805 6754 11.0
6755 6756 5.0
6756 6755 5.0
6756 6757 10.0
6757 6756 10.0
6756 6806 11.0
6806 6756 11.0
3546 6758 3.0
6758 3546 3.0
3546 6807 11.0
6807 3546 11.0
3546 6757 2.0
6757 3546 2.0
3546 6682 12.0
6682 3546 12.0
6758 6759 2.0
6759 6758 2.0
6758 6808 11.0
6808 6758 11.0
6759 6760 15.0
6760 6759 15.0
6759 6809 11.0
6809 6759 11.0
6761 6762 4.0
6762 6761 4.0
6762 6763 1.0
6763 6762 1.0
6762 6891 30.0
6891 6762 30.0
6763 6764 15.0
6764 6763 15.0
6763 6892 30.0
6892 6763 30.0
6764 6840 23.0
6840 6764 23.0
1629 6765 31.0
6765 1629 31.0
1629 6841 23.0
6841 1629 23.0
1629 6764 2.0
6764 1629 2.0
1629 6721 9.0
6721 1629 9.0
6765 6843 23.0
6843 6765 23.0
6766 6767 29.0
6767 6766 29.0
6766 6832 17.0
6832 6766 17.0
6767 6816 12.0
6816 6767 12.0
4183 6817 12.0
6817 4183 12.0
4183 6767 21.0
6767 4183 21.0
6768 6960 42.0
6960 6768 42.0
2065 6769 28.0
6769 2065 28.0
2065 6962 42.0
6962 2065 42.0
2065 6768 23.0
6768 2065 23.0
6770 6771 13.0
6771 6770 13.0
116 6772 12.0
6772 116 12.0
116 6771 40.0
6771 116 40.0
116 6715 12.0
6715 116 12.0
6772 6933 38.0
6933 6772 38.0
6773 6774 4.0
6774 6773 4.0
6773 6883 26.0
6883 6773 26.0
6774 6775 14.0
6775 6774 14.0
6774 6896 28.0
6896 6774 28.0
6775 6776 15.0
6776 6775 15.0
6775 6897 28.0
6897 6775 28.0
6776 6777 1.0
6777 6776 1.0
6776 6898 28.0
6898 6776 28.0
6777 6778 1.0
6778 6777 1.0
6777 6899 28.0
6899 6777 28.0
6778 6900 28.0
6900 6778 28.0
963 6901 28.0
6901 963 28.0
963 6778 6.0
6778 963 6.0
963 6568 38.0
6568 963 38.0
6779 6780 16.0
6780 6779 16.0
6779 6789 2.0
6789 6779 2.0
6779 6788 15.0
6788 6779 15.0
6780 6790 2.0
6790 6780 2.0
3331 6781 30.0
6781 3331 30.0
3331 6791 2.0
6791 3331 2.0
3331 6780 13.0
6780 3331 13.0
3331 6618 31.0
6618 3331 31.0
3660 6782 21.0
6782 3660 21.0
3660 6839 19.0
6839 3660 19.0
6782 6783 3.0
6783 6782 3.0
6782 6846 21.0
6846 6782 21.0
6783 6847 21.0
6847 6783 21.0
6784 6785 7.0
6785 6784 7.0
6784 6909 32.0
6909 6784 32.0
6785 6786 14.0
6786 6785 14.0
6785 6849 21.0
6849 6785 21.0
4009 6787 9.0
6787 4009 9.0
4009 6850 21.0
6850 4009 21.0
4009 6786 9.0
6786 4009 9.0
6788 6789 13.0
6789 6788 13.0
6788 6814 6.0
6814 6788 6.0
6789 6790 16.0
6790 6789 16.0
6789 6917 27.0
6917 6789 27.0
6790 6791 13.0
6791 6790 13.0
6790 6918 27.0
6918 6790 27.0
6791 7002 48.0
7002 6791 48.0
3387 6792 31.0
6792 3387 31.0
3387 6791 30.0
6791 3387 30.0
3387 6781 2.0
6781 3387 2.0
6792 6803 16.0
6803 6792 16.0
6793 6794 4.0
6794 6793 4.0
6793 6844 17.0
6844 6793 17.0
1867 7023 49.0
7023 1867 49.0
1867 6794 59.0
6794 1867 59.0
1867 6623 33.0
6623 1867 33.0
6795 6796 5.0
6796 6795 5.0
6795 6862 21.0
6862 6795 21.0
2323 6797 19.0
6797 2323 19.0
2323 6799 3.0
6799 2323 3.0
2323 6796 7.0
6796 2323 7.0
2323 6710 18.0
6710 2323 18.0
6797 6800 3.0
6800 6797 3.0
204 6798 19.0
6798 204 19.0
204 6878 21.0
6878 204 21.0
204 6703 20.0
6703 204 20.0
1175 6658 29.0
6658 1175 29.0
6799 6800 19.0
6800 6799 19.0
6799 6863 18.0
6863 6799 18.0
6800 6801 22.0
6801 6800 22.0
2412 6802 12.0
6802 2412 12.0
2412 6865 18.0
6865 2412 18.0
2412 6801 19.0
6801 2412 19.0
2412 6712 21.0
6712 2412 21.0
6802 6997 41.0
6997 6802 41.0
6803 6804 7.0
6804 6803 7.0
6804 6805 12.0
6805 6804 12.0
6805 6806 38.0
6806 6805 38.0
6806 6807 12.0
6807 6806 12.0
6806 6861 17.0
6861 6806 17.0
6807 6808 3.0
6808 6807 3.0
6807 6920 22.0
6920 6807 22.0
6808 6809 2.0
6809 6808 2.0
6808 6921 22.0
6921 6808 22.0
6809 6922 22.0
6922 6809 22.0
3578 6837 12.0
6837 3578 12.0
3578 6809 15.0
6809 3578 15.0
3578 6760 11.0
6760 3578 11.0
6810 6811 18.0
6811 6810 18.0
6810 6912 21.0
6912 6810 21.0
6811 6913 21.0
6913 6811 21.0
3233 6812 1.0
6812 3233 1.0
3233 6914 21.0
6914 3233 21.0
3233 6811 22.0
6811 3233 22.0
3233 6749 12.0
6749 3233 12.0
6812 6813 14.0
6813 6812 14.0
6812 6915 21.0
6915 6812 21.0
6813 6814 4.0
6814 6813 4.0
6813 6916 21.0
6916 6813 21.0
265 6815 21.0
6815 265 21.0
265 6819 2.0
6819 265 2.0
265 6818 4.0
6818 265 4.0
265 6663 30.0
6663 265 30.0
6815 6820 2.0
6820 6815 2.0
6816 6817 21.0
6817 6816 21.0
4203 7024 44.0
7024 4203 44.0
4203 6817 30.0
6817 4203 30.0
6818 6819 2.0
6819 6818 2.0
6818 6852 11.0
6852 6818 11.0
6819 6820 21.0
6820 6819 21.0
6819 6853 11.0
6853 6819 11.0
6820 6821 7.0
6821 6820 7.0
6820 6854 11.0
6854 6820 11.0
6821 6855 11.0
6855 6821 11.0
310 6822 20.0
6822 310 20.0
310 6856 11.0
6856 310 11.0
310 6821 12.0
6821 310 12.0
310 6664 32.0
6664 310 32.0
4395 6823 32.0
6823 4395 32.0
4395 6944 22.0
6944 4395 22.0
4395 6943 23.0
6943 4395 23.0
4395 4409 51.0
4409 4395 51.0
6823 6945 22.0
6945 6823 22.0
6824 6825 4.0
6825 6824 4.0
6824 6845 8.0
6845 6824 8.0
2669 6826 12.0
6826 2669 12.0
2669 6868 12.0
6868 2669 12.0
2669 6825 29.0
6825 2669 29.0
2669 6670 31.0
6670 2669 31.0
6826 6827 3.0
6827 6826 3.0
6826 6869 12.0
6869 6826 12.0
6827 6828 11.0
6828 6827 11.0
6827 6870 12.0
6870 6827 12.0
6828 6829 4.0
6829 6828 4.0
6828 6871 12.0
6871 6828 12.0
6830 6831 12.0
6831 6830 12.0
6830 6851 29.0
6851 6830 29.0
4107 6832 31.0
6832 4107 31.0
4107 6886 12.0
6886 4107 12.0
4107 6831 7.0
6831 4107 7.0
4107 6702 29.0
6702 4107 29.0
6832 6887 12.0
6887 6832 12.0
6833 6834 18.0
6834 6833 18.0
6834 6857 8.0
6857 6834 8.0
761 6835 12.0
6835 761 12.0
761 6858 8.0
6858 761 8.0
761 6834 12.0
6834 761 12.0
761 6646 40.0
6646 761 40.0
6835 6881 11.0
6881 6835 11.0
6836 6946 19.0
6946 6836 19.0
4427 6974 29.0
6974 4427 29.0
4427 6836 21.0
6836 4427 21.0
4427 6687 31.0
6687 4427 31.0
4161 6816 8.0
6816 4161 8.0
6837 6838 19.0
6838 6837 19.0
6837 6924 10.0
6924 6837 10.0
3641 6839 11.0
6839 3641 11.0
3641 6838 21.0
6838 3641 21.0
3641 3660 30.0
3660 3641 30.0
6839 6846 23.0
6846 6839 23.0
6840 6841 2.0
6841 6840 2.0
6840 6893 7.0
6893 6840 7.0
6841 6842 26.0
6842 6841 26.0
6842 6843 5.0
6843 6842 5.0
6842 6956 18.0
6956 6842 18.0
1720 6844 19.0
6844 1720 19.0
1720 7020 31.0
7020 1720 31.0
1720 6843 18.0
6843 1720 18.0
1720 6723 32.0
6723 1720 32.0
2570 6845 28.0
6845 2570 28.0
2570 6866 4.0
6866 2570 4.0
2570 6824 36.0
6824 2570 36.0
6845 6867 4.0
6867 6845 4.0
6846 6847 3.0
6847 6846 3.0
3699 6848 10.0
6848 3699 10.0
3699 6969 21.0
6969 3699 21.0
3699 6847 5.0
6847 3699 5.0
6849 6850 23.0
6850 6849 23.0
6849 6910 7.0
6910 6849 7.0
4018 6851 30.0
6851 4018 30.0
4018 6884 5.0
6884 4018 5.0
4018 6850 9.0
6850 4018 9.0
4018 6787 21.0
6787 4018 21.0
6851 6885 5.0
6885 6851 5.0
6852 6853 2.0
6853 6852 2.0
6853 6854 21.0
6854 6853 21.0
6853 6957 17.0
6957 6853 17.0
6854 6855 7.0
6855 6854 7.0
6854 6958 17.0
6958 6854 17.0
6855 6856 12.0
6856 6855 12.0
6855 6959 17.0
6959 6855 17.0
331 7005 29.0
7005 331 29.0
331 6856 20.0
6856 331 20.0
331 6822 11.0
6822 331 11.0
715 6857 18.0
6857 715 18.0
715 6879 21.0
6879 715 21.0
715 6833 8.0
6833 715 8.0
6857 6858 12.0
6858 6857 12.0
6857 6879 3.0
6879 6857 3.0
6858 6880 3.0
6880 6858 3.0
6859 6932 11.0
6932 6859 11.0
1467 6860 31.0
6860 1467 31.0
1467 6968 19.0
6968 1467 19.0
1467 6859 18.0
6859 1467 18.0
1467 6746 29.0
6746 1467 29.0
6860 6889 11.0
6889 6860 11.0
3460 6861 50.0
6861 3460 50.0
3460 3461 20.0
3461 3460 20.0
3460 6803 24.0
6803 3460 24.0
3460 6804 17.0
6804 3460 17.0
6861 6919 5.0
6919 6861 5.0
6862 6863 12.0
6863 6862 12.0
6863 6864 7.0
6864 6863 7.0
6863 6971 19.0
6971 6863 19.0
6864 6972 19.0
6972 6864 19.0
2355 6865 41.0
6865 2355 41.0
2355 6864 12.0
6864 2355 12.0
2355 6800 18.0
6800 2355 18.0
6865 6997 35.0
6997 6865 35.0
6866 6867 28.0
6867 6866 28.0
6866 7073 48.0
7073 6866 48.0
6867 6868 33.0
6868 6867 33.0
6868 6869 12.0
6869 6868 12.0
6869 6870 3.0
6870 6869 3.0
6870 6871 11.0
6871 6870 11.0
2721 6872 43.0
6872 2721 43.0
2721 6902 41.0
6902 2721 41.0
2721 6871 4.0
6871 2721 4.0
2721 6829 12.0
6829 2721 12.0
6872 6873 17.0
6873 6872 17.0
6872 6903 3.0
6903 6872 3.0
6874 6875 12.0
6875 6874 12.0
6875 6876 58.0
6876 6875 58.0
6875 6934 6.0
6934 6875 6.0
6876 6877 7.0
6877 6876 7.0
6877 6878 15.0
6878 6877 15.0
6877 7030 29.0
7030 6877 29.0
216 6878 19.0
6878 216 19.0
216 6798 21.0
6798 216 21.0
6879 6880 12.0
6880 6879 12.0
6879 7031 30.0
7031 6879 30.0
6880 6881 12.0
6881 6880 12.0
6881 6882 17.0
6882 6881 17.0
6882 6894 2.0
6894 6882 2.0
808 6883 51.0
6883 808 51.0
808 6895 2.0
6895 808 2.0
808 6882 1.0
6882 808 1.0
6884 6885 30.0
6885 6884 30.0
6884 6941 7.0
6941 6884 7.0
6885 6886 41.0
6886 6885 41.0
6886 6887 31.0
6887 6886 31.0
6886 6951 10.0
6951 6886 10.0
6887 6888 8.0
6888 6887 8.0
4154 6888 11.0
6888 4154 11.0
4154 4161 19.0
4161 4154 19.0
6889 6890 40.0
6890 6889 40.0
6890 6952 11.0
6952 6890 11.0
1590 6891 4.0
6891 1590 4.0
1590 6953 11.0
6953 1590 11.0
1590 6890 2.0
6890 1590 2.0
1590 6761 30.0
6761 1590 30.0
6891 6892 1.0
6892 6891 1.0
6891 6954 11.0
6954 6891 11.0
6892 6893 15.0
6893 6892 15.0
6892 6955 11.0
6955 6892 11.0
6894 6895 1.0
6895 6894 1.0
6894 7006 23.0
7006 6894 23.0
6895 7007 23.0
7007 6895 23.0
886 6896 4.0
6896 886 4.0
886 7009 23.0
7009 886 23.0
886 6895 51.0
6895 886 51.0
886 6883 2.0
6883 886 2.0
6896 6897 14.0
6897 6896 14.0
6896 7010 23.0
7010 6896 23.0
6897 6898 15.0
6898 6897 15.0
6897 7011 23.0
7011 6897 23.0
6898 6899 1.0
6899 6898 1.0
6898 7012 23.0
7012 6898 23.0
6899 6900 1.0
6900 6899 1.0
6899 7013 23.0
7013 6899 23.0
6900 6901 6.0
6901 6900 6.0
6900 7014 23.0
7014 6900 23.0
6901 7015 23.0
7015 6901 23.0
6902 6903 5.0
6903 6902 5.0
6903 7095 49.0
7095 6903 49.0
2831 6904 12.0
6904 2831 12.0
2831 6926 2.0
6926 2831 2.0
2831 6903 17.0
6903 2831 17.0
2831 6873 3.0
6873 2831 3.0
6904 6927 2.0
6927 6904 2.0
6905 6906 13.0
6906 6905 13.0
6906 6907 58.0
6907 6906 58.0
6907 6908 4.0
6908 6907 4.0
3909 6909 38.0
6909 3909 38.0
3909 6938 5.0
6938 3909 5.0
3909 6908 7.0
6908 3909 7.0
3909 6731 39.0
6731 3909 39.0
6909 6910 11.0
6910 6909 11.0
6909 6939 5.0
6939 6909 5.0
6910 6940 5.0
6940 6910 5.0
6911 6912 32.0
6912 6911 32.0
6912 6913 18.0
6913 6912 18.0
6912 6950 6.0
6950 6912 6.0
6913 6914 22.0
6914 6913 22.0
6914 6915 1.0
6915 6914 1.0
6915 6916 14.0
6916 6915 14.0
3262 6917 13.0
6917 3262 13.0
3262 6986 18.0
6986 3262 18.0
3262 6916 4.0
6916 3262 4.0
3262 6814 21.0
6814 3262 21.0
6917 6918 16.0
6918 6917 16.0
6917 6999 21.0
6999 6917 21.0
6919 6920 12.0
6920 6919 12.0
6919 6973 15.0
6973 6919 15.0
6920 6921 3.0
6921 6920 3.0
6920 6978 17.0
6978 6920 17.0
6921 6922 2.0
6922 6921 2.0
6921 6979 17.0
6979 6921 17.0
6922 6923 12.0
6923 6922 12.0
6922 6980 17.0
6980 6922 17.0
6923 6924 3.0
6924 6923 3.0
6923 6981 17.0
6981 6923 17.0
3607 6924 19.0
6924 3607 19.0
3607 6838 10.0
6838 3607 10.0
1340 6925 11.0
6925 1340 11.0
1340 6930 1.0
6930 1340 1.0
1340 6929 13.0
6929 1340 13.0
1340 6733 40.0
6733 1340 40.0
6925 6931 1.0
6931 6925 1.0
6926 6927 12.0
6927 6926 12.0
6926 7057 40.0
7057 6926 40.0
6927 6928 27.0
6928 6927 27.0
6928 6963 11.0
6963 6928 11.0
2912 6935 2.0
6935 2912 2.0
2912 6928 12.0
6928 2912 12.0
2912 6737 40.0
6737 2912 40.0
6929 6930 12.0
6930 6929 12.0
6929 6995 17.0
6995 6929 17.0
6930 6931 11.0
6931 6930 11.0
1384 6932 30.0
6932 1384 30.0
1384 6965 11.0
6965 1384 11.0
1384 6931 9.0
6931 1384 9.0
144 6934 12.0
6934 144 12.0
144 7065 39.0
7065 144 39.0
144 6933 32.0
6933 144 32.0
144 6874 6.0
6874 144 6.0
6934 7029 23.0
7029 6934 23.0
6935 6936 19.0
6936 6935 19.0
6935 6964 9.0
6964 6935 9.0
6936 6937 2.0
6937 6936 2.0
6936 6947 3.0
6947 6936 3.0
3014 6948 3.0
6948 3014 3.0
3014 6937 39.0
6937 3014 39.0
6938 6939 38.0
6939 6938 38.0
6938 6987 14.0
6987 6938 14.0
6939 6940 11.0
6940 6939 11.0
6939 7003 17.0
7003 6939 17.0
6940 6941 32.0
6941 6940 32.0
6941 6942 28.0
6942 6941 28.0
4060 6942 2.0
6942 4060 2.0
4060 6885 7.0
6885 4060 7.0
3802 6970 39.0
6970 3802 39.0
3802 6905 6.0
6905 3802 6.0
6943 6944 1.0
6944 6943 1.0
6944 6945 32.0
6945 6944 32.0
4417 6946 10.0
6946 4417 10.0
4417 4420 20.0
4420 4417 20.0
4417 6945 18.0
6945 4417 18.0
4417 6742 41.0
6742 4417 41.0
6947 6948 41.0
6948 6947 41.0
6948 6949 58.0
6949 6948 58.0
6949 6982 12.0
6982 6949 12.0
3125 6950 32.0
6950 3125 32.0
3125 6983 12.0
6983 3125 12.0
3125 6949 3.0
6949 3125 3.0
3125 6911 6.0
6911 3125 6.0
6950 6984 12.0
6984 6950 12.0
6951 7092 39.0
7092 6951 39.0
4145 6951 39.0
6951 4145 39.0
4145 6888 10.0
6888 4145 10.0
489 7033 22.0
7033 489 22.0
489 6707 51.0
6707 489 51.0
6952 6953 2.0
6953 6952 2.0
6952 7017 13.0
7017 6952 13.0
6953 6954 4.0
6954 6953 4.0
6954 6955 1.0
6955 6954 1.0
1623 6956 28.0
6956 1623 28.0
1623 7018 13.0
7018 1623 13.0
1623 6955 15.0
6955 1623 15.0
1623 6893 11.0
6893 1623 11.0
6956 7019 13.0
7019 6956 13.0
263 6957 2.0
6957 263 2.0
263 6852 17.0
6852 263 17.0
6957 6958 21.0
6958 6957 21.0
6957 7004 33.0
7004 6957 33.0
6958 6959 7.0
6959 6958 7.0
6958 7004 12.0
7004 6958 12.0
6960 6961 9.0
6961 6960 9.0
6961 6962 14.0
6962 6961 14.0
6961 6996 8.0
6996 6961 8.0
2120 7067 32.0
7067 2120 32.0
2120 6962 28.0
6962 2120 28.0
2120 6769 42.0
6769 2120 42.0
6963 6964 12.0
6964 6963 12.0
2939 6964 19.0
6964 2939 19.0
2939 6947 6.0
6947 2939 6.0
6965 6966 8.0
6966 6965 8.0
6965 7041 18.0
7041 6965 18.0
6966 6967 18.0
6967 6966 18.0
6966 7076 33.0
7076 6966 33.0
6967 7077 33.0
7077 6967 33.0
1421 6968 21.0
6968 1421 21.0
1421 7078 33.0
7078 1421 33.0
1421 6967 4.0
6967 1421 4.0
1421 6932 11.0
6932 1421 11.0
6968 7079 33.0
7079 6968 33.0
3714 6970 29.0
6970 3714 29.0
3714 7042 19.0
7042 3714 19.0
3714 6969 10.0
6969 3714 10.0
3714 6848 21.0
6848 3714 21.0
4394 7127 38.0
7127 4394 38.0
4394 6943 8.0
6943 4394 8.0
2300 6971 12.0
6971 2300 12.0
2300 7088 31.0
7088 2300 31.0
2300 6862 19.0
6862 2300 19.0
6971 6972 7.0
6972 6971 7.0
6971 7089 31.0
7089 6971 31.0
3461 6973 50.0
6973 3461 50.0
3461 6976 2.0
6976 3461 2.0
3461 6975 3.0
6975 3461 3.0
4420 6974 21.0
6974 4420 21.0
4420 6988 3.0
6988 4420 3.0
4420 6946 10.0
6946 4420 10.0
6974 6990 3.0
6990 6974 3.0
1170 6993 2.0
6993 1170 2.0
1170 6992 23.0
6992 1170 23.0
1170 1175 43.0
1175 1170 43.0
6975 6976 1.0
6976 6975 1.0
6976 6977 17.0
6977 6976 17.0
6976 7028 8.0
7028 6976 8.0
6977 7109 32.0
7109 6977 32.0
3531 6978 12.0
6978 3531 12.0
3531 7110 32.0
7110 3531 32.0
3531 6977 33.0
6977 3531 33.0
3531 6973 2.0
6973 3531 2.0
6978 6979 3.0
6979 6978 3.0
6978 7111 32.0
7111 6978 32.0
6979 6980 2.0
6980 6979 2.0
6979 7112 32.0
7112 6979 32.0
6980 6981 12.0
6981 6980 12.0
6980 7113 32.0
7113 6980 32.0
84 7049 41.0
7049 84 41.0
84 6770 48.0
6770 84 48.0
6982 6983 3.0
6983 6982 3.0
6983 6984 32.0
6984 6983 32.0
6983 7144 38.0
7144 6983 38.0
6984 6985 6.0
6985 6984 6.0
3203 6986 41.0
6986 3203 41.0
3203 6985 12.0
6985 3203 12.0
3203 6913 18.0
6913 3203 18.0
6986 6999 16.0
6999 6986 16.0
3887 6987 11.0
6987 3887 11.0
3887 7062 23.0
7062 3887 23.0
3887 7061 25.0
7061 3887 25.0
3887 6907 19.0
6907 3887 19.0
6987 7003 41.0
7003 6987 41.0
6988 6989 8.0
6989 6988 8.0
6989 6990 13.0
6990 6989 13.0
6990 6991 17.0
6991 6990 17.0
6990 7093 28.0
7093 6990 28.0
6991 7094 28.0
7094 6991 28.0
4440 7206 50.0
7206 4440 50.0
4440 6991 22.0
6991 4440 22.0
6992 6993 21.0
6993 6992 21.0
6992 7037 12.0
7037 6992 12.0
6993 6994 48.0
6994 6993 48.0
6993 7038 12.0
7038 6993 12.0
6994 7039 12.0
7039 6994 12.0
1268 6995 30.0
6995 1268 30.0
1268 7040 12.0
7040 1268 12.0
1268 6994 12.0
6994 1268 12.0
2021 6996 9.0
6996 2021 9.0
2021 2043 49.0
2043 2021 49.0
2021 6960 8.0
6960 2021 8.0
6997 6998 5.0
6998 6997 5.0
2450 7104 30.0
7104 2450 30.0
2450 6998 2.0
6998 2450 2.0
6999 7000 5.0
7000 6999 5.0
7000 7001 9.0
7001 7000 9.0
7001 7059 20.0
7059 7001 20.0
3308 7002 13.0
7002 3308 13.0
3308 7060 20.0
7060 3308 20.0
3308 7001 2.0
7001 3308 2.0
3308 6918 21.0
6918 3308 21.0
7002 7072 22.0
7072 7002 22.0
3975 7064 20.0
7064 3975 20.0
3975 7003 11.0
7003 3975 11.0
3975 6940 17.0
6940 3975 17.0
296 7005 32.0
7005 296 32.0
296 7004 7.0
7004 296 7.0
296 6959 12.0
6959 296 12.0
7005 7043 18.0
7043 7005 18.0
7006 7007 1.0
7007 7006 1.0
7007 7008 38.0
7008 7007 38.0
7007 7032 5.0
7032 7007 5.0
7008 7009 13.0
7009 7008 13.0
7008 7050 18.0
7050 7008 18.0
7009 7010 4.0
7010 7009 4.0
7009 7051 18.0
7051 7009 18.0
7010 7011 14.0
7011 7010 14.0
7011 7012 15.0
7012 7011 15.0
7012 7013 1.0
7013 7012 1.0
7012 7052 18.0
7052 7012 18.0
7013 7014 1.0
7014 7013 1.0
7013 7053 18.0
7053 7013 18.0
7014 7015 6.0
7015 7014 6.0
7014 7054 18.0
7054 7014 18.0
7015 7016 6.0
7016 7015 6.0
7015 7055 18.0
7055 7015 18.0
7016 7056 18.0
7056 7016 18.0
977 7138 33.0
7138 977 33.0
977 7016 2.0
7016 977 2.0
7017 7018 22.0
7018 7017 22.0
7017 7081 24.0
7081 7017 24.0
7018 7019 28.0
7019 7018 28.0
7018 7154 36.0
7154 7018 36.0
7019 7020 23.0
7020 7019 23.0
1756 7021 1.0
7021 1756 1.0
1756 7020 19.0
7020 1756 19.0
1756 6844 31.0
6844 1756 31.0
7021 7022 9.0
7022 7021 9.0
7021 7128 29.0
7128 7021 29.0
1824 7023 22.0
7023 1824 22.0
1824 7026 24.0
7026 1824 24.0
1824 7022 32.0
7022 1824 32.0
7023 7026 2.0
7026 7023 2.0
7024 7025 59.0
7025 7024 59.0
7024 7035 6.0
7035 7024 6.0
7025 7036 6.0
7036 7025 6.0
4266 7025 20.0
7025 4266 20.0
7026 7027 16.0
7027 7026 16.0
1896 7027 2.0
7027 1896 2.0
3456 7028 1.0
7028 3456 1.0
3456 7107 24.0
7107 3456 24.0
3456 6975 8.0
6975 3456 8.0
7028 7108 24.0
7108 7028 24.0
7029 7066 16.0
7066 7029 16.0
188 7030 7.0
7030 188 7.0
188 7239 51.0
7239 188 51.0
188 7029 58.0
7029 188 58.0
188 6876 29.0
6876 188 29.0
416 7116 24.0
7116 416 24.0
416 7115 25.0
7115 416 25.0
804 7032 1.0
7032 804 1.0
804 7048 9.0
7048 804 9.0
804 7031 41.0
7031 804 41.0
804 7006 5.0
7006 804 5.0
7032 7097 22.0
7097 7032 22.0
7033 7034 29.0
7034 7033 29.0
7033 7118 20.0
7118 7033 20.0
544 7034 11.0
7034 544 11.0
4201 7035 2.0
7035 4201 2.0
4201 7044 3.0
7044 4201 3.0
4201 7024 8.0
7024 4201 8.0
7035 7036 59.0
7036 7035 59.0
7035 7045 3.0
7045 7035 3.0
7037 7038 21.0
7038 7037 21.0
7038 7039 48.0
7039 7038 48.0
7039 7040 12.0
7040 7039 12.0
7040 7214 38.0
7214 7040 38.0
1314 7041 32.0
7041 1314 32.0
1314 7133 22.0
7133 1314 22.0
1314 7040 30.0
7040 1314 30.0
1314 6995 12.0
6995 1314 12.0
7041 7134 22.0
7134 7041 22.0
3674 7042 22.0
7042 3674 22.0
3674 7132 20.0
7132 3674 20.0
3674 6969 31.0
6969 3674 31.0
7042 7047 30.0
7047 7042 30.0
7043 7140 23.0
7140 7043 23.0
343 7141 23.0
7141 343 23.0
343 7043 1.0
7043 343 1.0
7044 7045 2.0
7045 7044 2.0
7044 7162 26.0
7162 7044 26.0
7045 7046 17.0
7046 7045 17.0
4249 7046 42.0
7046 4249 42.0
4249 7036 3.0
7036 4249 3.0
3757 7047 1.0
7047 3757 1.0
3757 6970 21.0
6970 3757 21.0
4053 4054 10.0
4054 4053 10.0
4053 6942 30.0
6942 4053 30.0
742 7048 41.0
7048 742 41.0
742 7311 52.0
7311 742 52.0
742 7031 9.0
7031 742 9.0
7048 7097 14.0
7097 7048 14.0
1131 7037 5.0
7037 1131 5.0
63 7049 19.0
7049 63 19.0
7050 7051 13.0
7051 7050 13.0
926 7052 15.0
7052 926 15.0
926 7099 9.0
7099 926 9.0
926 7051 18.0
7051 926 18.0
926 7011 18.0
7011 926 18.0
7052 7053 1.0
7053 7052 1.0
7052 7226 32.0
7226 7052 32.0
7053 7054 1.0
7054 7053 1.0
7053 7227 32.0
7227 7053 32.0
7054 7055 6.0
7055 7054 6.0
7054 7228 32.0
7228 7054 32.0
7055 7056 6.0
7056 7055 6.0
7055 7229 32.0
7229 7055 32.0
7056 7137 15.0
7137 7056 15.0
7057 7058 37.0
7058 7057 37.0
7057 7096 10.0
7096 7057 10.0
7058 7218 28.0
7218 7058 28.0
2886 7275 40.0
7275 2886 40.0
2886 7058 2.0
7058 2886 2.0
2886 6963 29.0
6963 2886 29.0
3290 7059 9.0
7059 3290 9.0
3290 7069 2.0
7069 3290 2.0
3290 7000 20.0
7000 3290 20.0
7059 7060 2.0
7060 7059 2.0
7059 7070 2.0
7070 7059 2.0
7060 7071 2.0
7071 7060 2.0
7061 7062 2.0
7062 7061 2.0
7062 7063 37.0
7063 7062 37.0
7062 7114 8.0
7114 7062 8.0
3960 7064 11.0
7064 3960 11.0
3960 7063 12.0
7063 3960 12.0
3960 7003 20.0
7003 3960 20.0
7064 7075 42.0
7075 7064 42.0
130 7065 32.0
7065 130 32.0
130 7292 42.0
7292 130 42.0
130 7291 54.0
7291 130 54.0
130 6933 39.0
6933 130 39.0
7065 7066 12.0
7066 7065 12.0
7065 7236 35.0
7236 7065 35.0
7066 7237 35.0
7237 7066 35.0
636 7279 40.0
7279 636 40.0
7067 7068 27.0
7068 7067 27.0
7067 7083 3.0
7083 7067 3.0
7067 7082 16.0
7082 7067 16.0
7068 7084 3.0
7084 7068 3.0
2186 7085 3.0
7085 2186 3.0
2186 7068 12.0
7068 2186 12.0
7069 7070 9.0
7070 7069 9.0
7070 7071 2.0
7071 7070 2.0
7070 7231 31.0
7231 7070 31.0
7071 7072 13.0
7072 7071 13.0
3382 7105 6.0
7105 3382 6.0
3382 7072 27.0
7072 3382 27.0
7073 7074 6.0
7074 7073 6.0
7073 7270 37.0
7270 7073 37.0
7074 7240 33.0
7240 7074 33.0
2617 7241 33.0
7241 2617 33.0
2617 7074 22.0
7074 2617 22.0
2617 6867 48.0
6867 2617 48.0
7075 7090 2.0
7090 7075 2.0
4054 7091 2.0
7091 4054 2.0
4054 7075 21.0
7075 4054 21.0
7076 7077 18.0
7077 7076 18.0
7077 7078 4.0
7078 7077 4.0
7077 7135 7.0
7135 7077 7.0
7078 7079 21.0
7079 7078 21.0
7079 7080 7.0
7080 7079 7.0
7079 7136 7.0
7136 7079 7.0
7080 7151 12.0
7151 7080 12.0
1528 7081 40.0
7081 1528 40.0
1528 7152 12.0
7152 1528 12.0
1528 7080 31.0
7080 1528 31.0
1528 6889 48.0
6889 1528 48.0
7082 7083 13.0
7083 7082 13.0
7082 7160 13.0
7160 7082 13.0
7083 7084 27.0
7084 7083 27.0
7083 7221 25.0
7221 7083 25.0
7084 7085 12.0
7085 7084 12.0
7084 7192 19.0
7192 7084 19.0
7085 7086 40.0
7086 7085 40.0
7085 7193 19.0
7193 7085 19.0
7086 7087 19.0
7087 7086 19.0
7087 7088 3.0
7088 7087 3.0
7087 7100 3.0
7100 7087 3.0
7088 7089 12.0
7089 7088 12.0
2335 7101 3.0
7101 2335 3.0
2335 7089 7.0
7089 2335 7.0
2335 6972 31.0
6972 2335 31.0
7090 7091 21.0
7091 7090 21.0
7091 7182 17.0
7182 7091 17.0
4104 7092 3.0
7092 4104 3.0
4104 7197 20.0
7197 4104 20.0
4104 7091 40.0
7091 4104 40.0
4104 6951 42.0
6951 4104 42.0
7092 7198 20.0
7198 7092 20.0
4423 7093 13.0
7093 4423 13.0
4423 7204 22.0
7204 4423 22.0
4423 6988 36.0
6988 4423 36.0
4423 6989 28.0
6989 4423 28.0
7093 7094 17.0
7094 7093 17.0
7093 7205 22.0
7205 7093 22.0
2783 7095 5.0
7095 2783 5.0
2783 7216 21.0
7216 2783 21.0
2783 6902 49.0
6902 2783 49.0
7095 7096 14.0
7096 7095 14.0
7095 7217 21.0
7217 7095 21.0
7097 7098 27.0
7098 7097 27.0
7098 7223 23.0
7223 7098 23.0
865 7099 31.0
7099 865 31.0
865 7224 23.0
7224 865 23.0
865 7098 11.0
7098 865 11.0
865 7050 9.0
7050 865 9.0
7099 7225 23.0
7225 7099 23.0
7100 7101 22.0
7101 7100 22.0
7100 7121 1.0
7121 7100 1.0
7101 7102 29.0
7102 7101 29.0
7101 7122 1.0
7122 7101 1.0
7102 7103 20.0
7103 7102 20.0
7102 7123 1.0
7123 7102 1.0
7103 7124 1.0
7124 7103 1.0
2445 7104 2.0
7104 2445 2.0
2445 7125 1.0
7125 2445 1.0
2445 7103 21.0
7103 2445 21.0
2445 6998 30.0
6998 2445 30.0
7104 7126 1.0
7126 7104 1.0
7105 7106 9.0
7106 7105 9.0
7105 7232 25.0
7232 7105 25.0
7106 7107 42.0
7107 7106 42.0
7107 7108 1.0
7108 7107 1.0
7107 7247 28.0
7247 7107 28.0
7108 7109 17.0
7109 7108 17.0
7109 7110 33.0
7110 7109 33.0
7109 7170 11.0
7170 7109 11.0
7110 7111 12.0
7111 7110 12.0
7110 7171 11.0
7171 7110 11.0
7111 7112 3.0
7112 7111 3.0
7111 7172 11.0
7172 7111 11.0
7112 7113 2.0
7113 7112 2.0
7112 7173 11.0
7173 7112 11.0
7113 7174 11.0
7174 7113 11.0
3571 7129 3.0
7129 3571 3.0
3571 7113 12.0
7113 3571 12.0
3571 6981 32.0
6981 3571 32.0
3883 7114 2.0
7114 3883 2.0
3883 7061 8.0
7061 3883 8.0
7114 7276 38.0
7276 7114 38.0
7115 7116 1.0
7116 7115 1.0
7116 7117 29.0
7117 7116 29.0
7116 7143 6.0
7143 7116 6.0
7117 7118 22.0
7118 7117 22.0
7118 7119 18.0
7119 7118 18.0
7119 7120 9.0
7120 7119 9.0
7120 7213 19.0
7213 7120 19.0
527 7120 2.0
7120 527 2.0
527 7034 20.0
7034 527 20.0
7121 7122 22.0
7122 7121 22.0
7121 7194 15.0
7194 7121 15.0
7122 7123 29.0
7123 7122 29.0
7122 7202 18.0
7202 7122 18.0
7123 7124 20.0
7124 7123 20.0
7124 7125 21.0
7125 7124 21.0
7124 7203 18.0
7203 7124 18.0
7125 7126 2.0
7126 7125 2.0
2480 7269 31.0
7269 2480 31.0
2480 7126 19.0
7126 2480 19.0
4372 7127 42.0
7127 4372 42.0
4372 7186 13.0
7186 4372 13.0
7127 7188 13.0
7188 7127 13.0
7128 7169 31.0
7169 7128 31.0
1773 7309 32.0
7309 1773 32.0
1773 7128 9.0
7128 1773 9.0
1773 7022 29.0
7022 1773 29.0
7129 7130 20.0
7130 7129 20.0
7129 7176 8.0
7176 7129 8.0
7130 7131 29.0
7131 7130 29.0
7131 7177 8.0
7177 7131 8.0
3667 7132 11.0
7132 3667 11.0
3667 7285 31.0
7285 3667 31.0
3667 7131 11.0
7131 3667 11.0
3667 3674 31.0
3674 3667 31.0
7132 7184 12.0
7184 7132 12.0
7133 7134 32.0
7134 7133 32.0
7133 7215 39.0
7215 7133 39.0
1393 7135 18.0
7135 1393 18.0
1393 1416 49.0
1416 1393 49.0
1393 7134 8.0
7134 1393 8.0
1393 7076 7.0
7076 1393 7.0
7135 7136 25.0
7136 7135 25.0
7136 7189 12.0
7189 7136 12.0
7137 7138 2.0
7138 7137 2.0
7138 7139 48.0
7139 7138 48.0
7139 7230 17.0
7230 7139 17.0
1089 7139 22.0
7139 1089 22.0
1089 1131 50.0
1131 1089 50.0
7140 7141 1.0
7141 7140 1.0
7140 7145 2.0
7145 7140 2.0
7141 7142 28.0
7142 7141 28.0
7141 7146 2.0
7146 7141 2.0
7142 7147 2.0
7147 7142 2.0
413 7143 1.0
7143 413 1.0
413 7148 2.0
7148 413 2.0
413 7142 32.0
7142 413 32.0
413 7115 6.0
7115 413 6.0
7143 7149 2.0
7149 7143 2.0
3117 7144 3.0
7144 3117 3.0
3117 7156 2.0
7156 3117 2.0
3117 7155 12.0
7155 3117 12.0
3117 6982 38.0
6982 3117 38.0
7144 7157 2.0
7157 7144 2.0
7145 7146 1.0
7146 7145 1.0
7146 7147 28.0
7147 7146 28.0
7146 7183 6.0
7183 7146 6.0
7147 7148 32.0
7148 7147 32.0
7147 7208 11.0
7208 7147 11.0
7148 7149 1.0
7149 7148 1.0
7148 7209 11.0
7209 7148 11.0
7149 7150 7.0
7150 7149 7.0
7149 7210 11.0
7210 7149 11.0
7150 7211 11.0
7211 7150 11.0
456 7212 11.0
7212 456 11.0
456 7150 22.0
7150 456 22.0
456 7117 8.0
7117 456 8.0
7151 7152 31.0
7152 7151 31.0
7151 7163 2.0
7163 7151 2.0
7152 7153 7.0
7153 7152 7.0
7152 7164 2.0
7164 7152 2.0
7153 7165 2.0
7165 7153 2.0
1583 7154 22.0
7154 1583 22.0
1583 7166 2.0
7166 1583 2.0
1583 7153 33.0
7153 1583 33.0
1583 7081 12.0
7081 1583 12.0
7154 7167 2.0
7167 7154 2.0
7155 7156 10.0
7156 7155 10.0
7156 7157 3.0
7157 7156 3.0
7157 7158 17.0
7158 7157 17.0
7158 7159 9.0
7159 7158 9.0
7159 7255 20.0
7255 7159 20.0
3179 7159 12.0
7159 3179 12.0
3179 6985 40.0
6985 3179 40.0
2043 7160 29.0
7160 2043 29.0
2043 7220 31.0
7220 2043 31.0
2043 6996 40.0
6996 2043 40.0
7161 7179 2.0
7179 7161 2.0
7161 7178 10.0
7178 7161 10.0
4180 7162 31.0
7162 4180 31.0
4180 7180 2.0
7180 4180 2.0
4180 7161 3.0
7161 4180 3.0
7162 7181 2.0
7181 7162 2.0
7163 7164 31.0
7164 7163 31.0
7164 7165 7.0
7165 7164 7.0
7164 7191 5.0
7191 7164 5.0
7165 7166 33.0
7166 7165 33.0
7165 7304 24.0
7304 7165 24.0
7166 7167 22.0
7167 7166 22.0
7166 7305 24.0
7305 7166 24.0
7167 7168 6.0
7168 7167 6.0
7168 7306 24.0
7306 7168 24.0
1677 7169 19.0
7169 1677 19.0
1677 7307 24.0
7307 1677 24.0
1677 7168 22.0
7168 1677 22.0
1677 7019 38.0
7019 1677 38.0
7169 7308 24.0
7308 7169 24.0
7170 7171 33.0
7171 7170 33.0
7171 7172 12.0
7172 7171 12.0
7171 7248 17.0
7248 7171 17.0
7172 7173 3.0
7173 7172 3.0
7172 7249 17.0
7249 7172 17.0
7173 7174 2.0
7174 7173 2.0
7173 7250 17.0
7250 7173 17.0
7174 7175 10.0
7175 7174 10.0
7174 7251 17.0
7251 7174 17.0
7175 7176 2.0
7176 7175 2.0
7175 7252 17.0
7252 7175 17.0
3603 7177 29.0
7177 3603 29.0
3603 7334 32.0
7334 3603 32.0
3603 7176 20.0
7176 3603 20.0
3603 7130 8.0
7130 3603 8.0
7177 7284 23.0
7284 7177 23.0
7178 7179 8.0
7179 7178 8.0
7178 7259 17.0
7259 7178 17.0
7179 7180 3.0
7180 7179 3.0
7179 7260 18.0
7260 7179 18.0
7180 7181 31.0
7181 7180 31.0
4216 7181 19.0
7181 4216 19.0
4216 7046 28.0
7046 4216 28.0
4032 7182 21.0
7182 4032 21.0
4032 7090 17.0
7090 4032 17.0
7182 7196 31.0
7196 7182 31.0
339 7183 1.0
7183 339 1.0
339 7346 31.0
7346 339 31.0
339 7145 6.0
7145 339 6.0
7183 7207 5.0
7207 7183 5.0
7184 7185 8.0
7185 7184 8.0
7184 7286 19.0
7286 7184 19.0
3756 7288 19.0
7288 3756 19.0
3756 7185 42.0
7185 3756 42.0
3756 7047 30.0
7047 3756 30.0
7186 7187 29.0
7187 7186 29.0
7186 7289 19.0
7289 7186 19.0
7187 7188 13.0
7188 7187 13.0
7187 7233 12.0
7233 7187 12.0
4396 7234 12.0
7234 4396 12.0
4396 7188 8.0
7188 4396 8.0
7189 7190 5.0
7190 7189 5.0
7189 7300 19.0
7300 7189 19.0
7190 7301 19.0
7301 7190 19.0
1477 7191 31.0
7191 1477 31.0
1477 7302 19.0
7302 1477 19.0
1477 7190 2.0
7190 1477 2.0
1477 7163 5.0
7163 1477 5.0
7191 7303 19.0
7303 7191 19.0
7192 7193 12.0
7193 7192 12.0
7192 7222 6.0
7222 7192 6.0
2257 7194 19.0
7194 2257 19.0
2257 7199 3.0
7199 2257 3.0
2257 7193 40.0
7193 2257 40.0
2257 7086 19.0
7086 2257 19.0
7194 7200 3.0
7200 7194 3.0
1892 7027 41.0
7027 1892 41.0
7195 7253 12.0
7253 7195 12.0
3101 7254 12.0
7254 3101 12.0
3101 7195 2.0
7195 3101 2.0
3101 7155 8.0
7155 3101 8.0
7196 7197 12.0
7197 7196 12.0
7196 7256 12.0
7256 7196 12.0
7197 7198 3.0
7198 7197 3.0
4113 7258 12.0
7258 4113 12.0
4113 7198 6.0
7198 4113 6.0
73 7322 30.0
7322 73 30.0
73 7049 31.0
7049 73 31.0
7199 7200 19.0
7200 7199 19.0
7199 7314 26.0
7314 7199 26.0
7200 7201 9.0
7201 7200 9.0
7201 7202 13.0
7202 7201 13.0
7201 7263 13.0
7263 7201 13.0
7202 7264 13.0
7264 7202 13.0
2383 7203 20.0
7203 2383 20.0
2383 7266 13.0
7266 2383 13.0
2383 7202 29.0
7202 2383 29.0
2383 7123 18.0
7123 2383 18.0
7203 7267 13.0
7267 7203 13.0
7204 7205 13.0
7205 7204 13.0
4433 7206 22.0
7206 4433 22.0
4433 7219 23.0
7219 4433 23.0
4433 7205 17.0
7205 4433 17.0
4433 7094 22.0
7094 4433 22.0
7206 7219 1.0
7219 7206 1.0
7207 7208 28.0
7208 7207 28.0
7207 7347 26.0
7347 7207 26.0
7208 7209 32.0
7209 7208 32.0
7209 7210 1.0
7210 7209 1.0
7209 7350 26.0
7350 7209 26.0
7210 7211 7.0
7211 7210 7.0
7210 7351 26.0
7351 7210 26.0
7211 7212 22.0
7212 7211 22.0
508 7213 9.0
7213 508 9.0
508 525 40.0
525 508 40.0
508 7212 40.0
7212 508 40.0
508 7119 19.0
7119 508 19.0
1249 7214 12.0
7214 1249 12.0
1249 7324 22.0
7324 1249 22.0
1249 7039 38.0
7039 1249 38.0
7214 7215 7.0
7215 7214 7.0
7214 7325 22.0
7325 7214 22.0
7216 7217 5.0
7217 7216 5.0
7217 7243 8.0
7243 7217 8.0
2826 7218 40.0
7218 2826 40.0
2826 7244 8.0
7244 2826 8.0
2826 7217 14.0
7217 2826 14.0
2826 7096 21.0
7096 2826 21.0
4443 7261 19.0
7261 4443 19.0
4443 7219 8.0
7219 4443 8.0
2094 7221 13.0
7221 2094 13.0
2094 7262 10.0
7262 2094 10.0
2094 7220 10.0
7220 2094 10.0
2094 7160 12.0
7160 2094 12.0
7221 7222 27.0
7222 7221 27.0
7221 7339 22.0
7339 7221 22.0
606 7278 11.0
7278 606 11.0
7223 7224 11.0
7224 7223 11.0
7224 7225 31.0
7225 7224 31.0
7225 7226 15.0
7226 7225 15.0
7226 7227 1.0
7227 7226 1.0
7227 7228 1.0
7228 7227 1.0
7228 7229 6.0
7229 7228 6.0
7228 7297 12.0
7297 7228 12.0
973 7230 50.0
7230 973 50.0
973 7298 12.0
7298 973 12.0
973 7229 6.0
7229 973 6.0
973 7137 17.0
7137 973 17.0
7231 7232 42.0
7232 7231 42.0
3398 7245 3.0
7245 3398 3.0
3398 7232 9.0
7232 3398 9.0
3398 7106 25.0
7106 3398 25.0
1859 7310 11.0
7310 1859 11.0
1859 1892 29.0
1892 1859 29.0
7233 7234 21.0
7234 7233 21.0
7234 7235 19.0
7235 7234 19.0
4415 7235 21.0
7235 4415 21.0
4415 7204 29.0
7204 4415 29.0
7236 7237 12.0
7237 7236 12.0
7236 7293 7.0
7293 7236 7.0
7237 7238 5.0
7238 7237 5.0
7237 7294 7.0
7294 7237 7.0
7238 7239 53.0
7239 7238 53.0
7239 7296 7.0
7296 7239 7.0
194 7316 12.0
7316 194 12.0
194 7239 7.0
7239 194 7.0
194 7030 51.0
7030 194 51.0
7240 7241 22.0
7241 7240 22.0
7240 7271 4.0
7271 7240 4.0
7241 7242 28.0
7242 7241 28.0
2716 7243 47.0
7243 2716 47.0
2716 7242 31.0
7242 2716 31.0
2716 7216 50.0
7216 2716 50.0
7243 7244 14.0
7244 7243 14.0
7243 7401 33.0
7401 7243 33.0
7244 7272 4.0
7272 7244 4.0
7245 7246 9.0
7246 7245 9.0
7245 7277 5.0
7277 7245 5.0
7246 7247 33.0
7247 7246 33.0
3483 7248 33.0
7248 3483 33.0
3483 7247 18.0
7247 3483 18.0
3483 7170 17.0
7170 3483 17.0
7248 7249 12.0
7249 7248 12.0
7248 7382 35.0
7382 7248 35.0
7249 7250 3.0
7250 7249 3.0
7249 7382 23.0
7382 7249 23.0
7250 7251 2.0
7251 7250 2.0
7250 7383 23.0
7383 7250 23.0
7251 7252 10.0
7252 7251 10.0
7251 7384 23.0
7384 7251 23.0
7252 7333 15.0
7333 7252 15.0
7253 7254 2.0
7254 7253 2.0
7253 7313 7.0
7313 7253 7.0
3147 7255 9.0
7255 3147 9.0
3147 7373 20.0
7373 3147 20.0
3147 7254 30.0
7254 3147 30.0
3147 7158 20.0
7158 3147 20.0
7256 7257 17.0
7257 7256 17.0
7257 7258 4.0
7258 7257 4.0
7257 7358 18.0
7358 7257 18.0
7258 7359 18.0
7359 7258 18.0
4142 7259 31.0
7259 4142 31.0
4142 4166 32.0
4166 4142 32.0
4142 7258 30.0
7258 4142 30.0
852 7487 51.0
7487 852 51.0
852 7223 7.0
7223 852 7.0
4166 7260 8.0
7260 4166 8.0
4166 7259 1.0
7259 4166 1.0
4449 7261 12.0
7261 4449 12.0
260 7389 21.0
7389 260 21.0
260 7318 9.0
7318 260 9.0
2075 7262 10.0
7262 2075 10.0
2075 7220 10.0
7220 2075 10.0
7262 7339 25.0
7339 7262 25.0
7263 7264 13.0
7264 7263 13.0
7263 7315 5.0
7315 7263 5.0
7264 7265 27.0
7265 7264 27.0
7264 7396 25.0
7396 7264 25.0
7265 7266 2.0
7266 7265 2.0
7265 7319 8.0
7319 7265 8.0
7266 7267 20.0
7267 7266 20.0
7266 7320 8.0
7320 7266 8.0
7267 7268 28.0
7268 7267 28.0
7268 7269 14.0
7269 7268 14.0
7268 7321 8.0
7321 7268 8.0
2496 7270 45.0
7270 2496 45.0
2496 7280 2.0
7280 2496 2.0
2496 7269 8.0
7269 2496 8.0
7270 7271 6.0
7271 7270 6.0
7270 7282 2.0
7282 7270 2.0
7272 7273 8.0
7273 7272 8.0
7272 7402 29.0
7402 7272 29.0
7273 7274 28.0
7274 7273 28.0
7274 7341 12.0
7341 7274 12.0
2883 7275 2.0
7275 2883 2.0
2883 7342 12.0
7342 2883 12.0
2883 7274 4.0
7274 2883 4.0
2883 7218 12.0
7218 2883 12.0
7275 7343 12.0
7343 7275 12.0
3943 7405 29.0
7405 3943 29.0
3943 7276 31.0
7276 3943 31.0
3943 7063 40.0
7063 3943 40.0
3302 7277 51.0
7277 3302 51.0
3302 7449 40.0
7449 3302 40.0
3302 7069 48.0
7069 3302 48.0
3302 7231 8.0
7231 3302 8.0
7277 7357 13.0
7357 7277 13.0
7278 7375 29.0
7375 7278 29.0
632 7279 2.0
7279 632 2.0
632 7278 19.0
7278 632 19.0
7280 7281 19.0
7281 7280 19.0
7280 7421 29.0
7421 7280 29.0
7281 7282 26.0
7282 7281 26.0
7282 7283 4.0
7283 7282 4.0
7282 7422 29.0
7422 7282 29.0
7283 7355 12.0
7355 7283 12.0
2576 7356 12.0
7356 2576 12.0
2576 7283 2.0
7283 2576 2.0
2576 7271 2.0
7271 2576 2.0
7284 7285 11.0
7285 7284 11.0
7285 7286 11.0
7286 7285 11.0
7286 7287 3.0
7287 7286 3.0
7286 7337 9.0
7337 7286 9.0
7287 7338 9.0
7338 7287 9.0
3694 7288 42.0
7288 3694 42.0
3694 7287 5.0
7287 3694 5.0
3694 7185 19.0
7185 3694 19.0
7288 7544 63.0
7544 7288 63.0
7289 7290 17.0
7290 7289 17.0
7289 7391 19.0
7391 7289 19.0
7290 7392 19.0
7392 7290 19.0
4388 7290 12.0
7290 4388 12.0
4388 7233 7.0
7233 4388 7.0
7291 7292 12.0
7292 7291 12.0
7291 7323 6.0
7323 7291 6.0
7292 7293 32.0
7293 7292 32.0
7293 7294 12.0
7294 7293 12.0
7294 7295 3.0
7295 7294 3.0
7295 7332 8.0
7332 7295 8.0
157 7296 53.0
7296 157 53.0
157 7443 35.0
7443 157 35.0
157 7295 2.0
7295 157 2.0
157 7238 7.0
7238 157 7.0
7296 7444 35.0
7444 7296 35.0
7297 7298 12.0
7298 7297 12.0
7298 7299 48.0
7299 7298 48.0
1049 7473 41.0
7473 1049 41.0
1049 7299 2.0
7299 1049 2.0
1049 7230 12.0
7230 1049 12.0
1416 7300 25.0
7300 1416 25.0
1416 7135 31.0
7135 1416 31.0
7300 7301 5.0
7301 7300 5.0
7301 7302 2.0
7302 7301 2.0
7302 7303 31.0
7303 7302 31.0
7302 7352 11.0
7352 7302 11.0
7303 7304 7.0
7304 7303 7.0
7303 7353 11.0
7353 7303 11.0
7304 7305 33.0
7305 7304 33.0
7304 7327 7.0
7327 7304 7.0
7305 7306 28.0
7306 7305 28.0
7305 7328 7.0
7328 7305 7.0
7306 7307 22.0
7307 7306 22.0
7306 7329 7.0
7329 7306 7.0
7307 7308 19.0
7308 7307 19.0
7307 7330 7.0
7330 7307 7.0
7308 7309 32.0
7309 7308 32.0
1803 7310 29.0
7310 1803 29.0
1803 7331 7.0
7331 1803 7.0
1803 7309 19.0
7309 1803 19.0
693 7311 29.0
7311 693 29.0
693 737 40.0
737 693 40.0
693 7279 41.0
7279 693 41.0
7312 7345 8.0
7345 7312 8.0
3027 7313 39.0
7313 3027 39.0
3027 7371 13.0
7371 3027 13.0
3027 7312 22.0
7312 3027 22.0
3027 7195 58.0
7195 3027 58.0
7313 7372 13.0
7372 7313 13.0
2295 7315 9.0
7315 2295 9.0
2295 7395 20.0
7395 2295 20.0
2295 7314 11.0
7314 2295 11.0
2295 7200 18.0
7200 2295 18.0
7316 7317 39.0
7317 7316 39.0
7316 7446 30.0
7446 7316 30.0
7317 7406 22.0
7406 7317 22.0
226 7318 40.0
7318 226 40.0
226 7408 22.0
7408 226 22.0
226 7317 11.0
7317 226 11.0
7318 7388 13.0
7388 7318 13.0
7319 7320 2.0
7320 7319 2.0
7319 7397 17.0
7397 7319 17.0
2407 7321 28.0
7321 2407 28.0
2407 7418 23.0
7418 2407 23.0
2407 7320 20.0
7320 2407 20.0
2407 7267 8.0
7267 2407 8.0
7321 7419 23.0
7419 7321 23.0
96 7323 41.0
7323 96 41.0
96 120 43.0
120 96 43.0
96 7322 31.0
7322 96 31.0
7324 7325 12.0
7325 7324 12.0
7324 7480 38.0
7480 7324 38.0
7325 7326 6.0
7326 7325 6.0
7325 7481 38.0
7481 7325 38.0
7326 7482 38.0
7482 7326 38.0
1282 7493 40.0
7493 1282 40.0
1282 7326 1.0
7326 1282 1.0
1282 7215 22.0
7215 1282 22.0
7327 7328 33.0
7328 7327 33.0
7327 7354 4.0
7354 7327 4.0
7328 7329 28.0
7329 7328 28.0
7328 7380 9.0
7380 7328 9.0
7329 7330 22.0
7330 7329 22.0
1711 7331 51.0
7331 1711 51.0
1711 7330 19.0
7330 1711 19.0
1711 7308 7.0
7308 1711 7.0
7331 7393 14.0
7393 7331 14.0
120 7332 59.0
7332 120 59.0
120 7323 2.0
7323 120 2.0
7332 7442 27.0
7442 7332 27.0
7333 7334 22.0
7334 7333 22.0
7334 7335 8.0
7335 7334 8.0
7334 7386 8.0
7386 7334 8.0
7335 7336 18.0
7336 7335 18.0
7335 7387 8.0
7387 7335 8.0
7336 7416 19.0
7416 7336 19.0
3652 7337 22.0
7337 3652 22.0
3652 7336 3.0
7336 3652 3.0
3652 7284 9.0
7284 3652 9.0
7337 7338 3.0
7338 7337 3.0
7337 7542 54.0
7542 7337 54.0
7338 7543 54.0
7543 7338 54.0
7339 7340 5.0
7340 7339 5.0
2166 7495 39.0
7495 2166 39.0
2166 7340 22.0
7340 2166 22.0
2166 7222 22.0
7222 2166 22.0
7341 7342 4.0
7342 7341 4.0
7341 7403 17.0
7403 7341 17.0
7342 7343 2.0
7343 7342 2.0
7342 7404 17.0
7404 7342 17.0
7343 7344 15.0
7344 7343 15.0
7344 7428 24.0
7428 7344 24.0
2973 7345 9.0
7345 2973 9.0
2973 7369 5.0
7369 2973 5.0
2973 7344 33.0
7344 2973 33.0
2973 7312 17.0
7312 2973 17.0
7345 7370 5.0
7370 7345 5.0
7346 7347 1.0
7347 7346 1.0
7346 7361 2.0
7361 7346 2.0
7346 7360 44.0
7360 7346 44.0
7347 7348 6.0
7348 7347 6.0
7347 7362 2.0
7362 7347 2.0
7348 7349 19.0
7349 7348 19.0
7348 7363 2.0
7363 7348 2.0
7349 7364 2.0
7364 7349 2.0
377 7350 32.0
7350 377 32.0
377 7365 2.0
7365 377 2.0
377 7349 3.0
7349 377 3.0
377 7208 26.0
7208 377 26.0
7350 7351 1.0
7351 7350 1.0
7350 7366 2.0
7366 7350 2.0
7351 7367 2.0
7367 7351 2.0
1474 7352 2.0
7352 1474 2.0
1474 7376 5.0
7376 1474 5.0
1474 7300 16.0
7300 1474 16.0
1474 7301 11.0
7301 1474 11.0
7352 7353 31.0
7353 7352 31.0
7352 7377 5.0
7377 7352 5.0
7353 7354 7.0
7354 7353 7.0
7353 7378 5.0
7378 7353 5.0
7354 7379 5.0
7379 7354 5.0
7355 7356 2.0
7356 7355 2.0
7355 7423 17.0
7423 7355 17.0
2660 7356 50.0
7356 2660 50.0
2660 7242 18.0
7242 2660 18.0
7357 7464 29.0
7464 7357 29.0
3407 7465 29.0
7465 3407 29.0
3407 7357 9.0
7357 3407 9.0
3407 7246 18.0
7246 3407 18.0
4408 7235 19.0
7235 4408 19.0
737 7311 11.0
7311 737 11.0
4083 7358 17.0
7358 4083 17.0
4083 7512 41.0
7512 4083 41.0
4083 7256 18.0
7256 4083 18.0
7358 7359 4.0
7359 7358 4.0
7358 7513 41.0
7513 7358 41.0
7359 7485 40.0
7485 7359 40.0
7360 7361 42.0
7361 7360 42.0
7361 7362 1.0
7362 7361 1.0
7362 7363 6.0
7363 7362 6.0
7362 7390 5.0
7390 7362 5.0
7363 7364 19.0
7364 7363 19.0
7364 7365 3.0
7365 7364 3.0
7364 7468 28.0
7468 7364 28.0
7365 7366 32.0
7366 7365 32.0
7365 7469 28.0
7469 7365 28.0
7366 7367 1.0
7367 7366 1.0
7367 7368 5.0
7368 7367 5.0
426 7511 40.0
7511 426 40.0
426 7368 2.0
7368 426 2.0
426 7211 28.0
7211 426 28.0
7369 7370 9.0
7370 7369 9.0
7369 7429 19.0
7429 7369 19.0
7370 7371 22.0
7371 7370 22.0
7370 7430 19.0
7430 7370 19.0
7371 7372 39.0
7372 7371 39.0
7371 7431 19.0
7431 7371 19.0
7372 7373 32.0
7373 7372 32.0
7373 7374 8.0
7374 7373 8.0
7373 7433 19.0
7433 7373 19.0
7374 7434 19.0
7434 7374 19.0
3160 7374 1.0
7374 3160 1.0
3160 7255 20.0
7255 3160 20.0
525 7375 40.0
7375 525 40.0
525 7213 31.0
7213 525 31.0
7376 7377 2.0
7377 7376 2.0
7376 7398 9.0
7398 7376 9.0
7377 7378 31.0
7378 7377 31.0
7377 7398 7.0
7398 7377 7.0
7378 7379 7.0
7379 7378 7.0
7378 7399 7.0
7399 7378 7.0
7379 7380 33.0
7380 7379 33.0
7380 7381 26.0
7381 7380 26.0
1639 7381 2.0
7381 1639 2.0
1639 7329 9.0
7329 1639 9.0
7382 7383 3.0
7383 7382 3.0
7383 7384 2.0
7384 7383 2.0
7383 7411 11.0
7411 7383 11.0
7384 7385 6.0
7385 7384 6.0
7384 7412 11.0
7412 7384 11.0
7385 7413 11.0
7413 7385 11.0
3567 7386 22.0
7386 3567 22.0
3567 7414 11.0
7414 3567 11.0
3567 7385 4.0
7385 3567 4.0
3567 7333 8.0
7333 3567 8.0
7386 7387 8.0
7387 7386 8.0
7386 7415 11.0
7415 7386 11.0
7388 7389 1.0
7389 7388 1.0
291 7390 43.0
7390 291 43.0
291 7410 9.0
7410 291 9.0
291 7389 30.0
7389 291 30.0
291 7360 5.0
7360 291 5.0
7390 7467 23.0
7467 7390 23.0
585 7375 2.0
7375 585 2.0
4371 7391 2.0
7391 4371 2.0
4371 7454 21.0
7454 4371 21.0
4371 7289 21.0
7289 4371 21.0
7391 7392 17.0
7392 7391 17.0
7391 7455 21.0
7455 7391 21.0
7393 7394 9.0
7394 7393 9.0
7393 7424 9.0
7424 7393 9.0
1853 7426 9.0
7426 1853 9.0
1853 7394 20.0
7394 1853 20.0
1853 7310 21.0
7310 1853 21.0
2274 7395 11.0
7395 2274 11.0
2274 7314 20.0
7314 2274 20.0
2313 7396 13.0
7396 2313 13.0
2313 7435 25.0
7435 2313 25.0
2313 7395 9.0
7395 2313 9.0
2313 7315 20.0
7315 2313 20.0
7396 7397 27.0
7397 7396 27.0
7396 7435 12.0
7435 7396 12.0
7397 7417 6.0
7417 7397 6.0
7398 7399 31.0
7399 7398 31.0
7399 7400 5.0
7400 7399 5.0
1539 7400 2.0
7400 1539 2.0
1539 7379 7.0
7379 1539 7.0
77 7515 38.0
7515 77 38.0
77 7322 19.0
7322 77 19.0
7401 7402 14.0
7402 7401 14.0
7401 7531 32.0
7531 7401 32.0
7402 7532 32.0
7532 7402 32.0
2840 7403 28.0
7403 2840 28.0
2840 7534 32.0
7534 2840 32.0
2840 7402 8.0
7402 2840 8.0
2840 7273 29.0
7273 2840 29.0
7403 7404 4.0
7404 7403 4.0
7403 7535 32.0
7535 7403 32.0
7404 7427 7.0
7427 7404 7.0
3902 7405 31.0
7405 3902 31.0
3902 7451 12.0
7451 3902 12.0
3902 7450 14.0
7450 3902 14.0
3902 7276 29.0
7276 3902 29.0
7405 7452 12.0
7452 7405 12.0
7406 7407 9.0
7407 7406 9.0
7407 7408 2.0
7408 7407 2.0
7407 7447 8.0
7447 7407 8.0
7408 7409 39.0
7409 7408 39.0
7409 7518 29.0
7518 7409 29.0
258 7410 31.0
7410 258 31.0
258 7520 30.0
7520 258 30.0
258 7409 1.0
7409 258 1.0
258 7388 9.0
7388 258 9.0
7410 7466 21.0
7466 7410 21.0
7411 7412 2.0
7412 7411 2.0
7412 7413 6.0
7413 7412 6.0
7412 7483 18.0
7483 7412 18.0
7413 7414 4.0
7414 7413 4.0
7413 7484 18.0
7484 7413 18.0
7414 7415 22.0
7415 7414 22.0
3613 7416 18.0
7416 3613 18.0
3613 7415 8.0
7415 3613 8.0
3613 7387 11.0
7387 3613 11.0
7416 7541 35.0
7541 7416 35.0
954 7471 13.0
7471 954 13.0
954 7470 15.0
7470 954 15.0
954 7297 28.0
7297 954 28.0
7417 7418 22.0
7418 7417 22.0
7418 7419 28.0
7419 7418 28.0
7418 7437 6.0
7437 7418 6.0
7419 7420 18.0
7420 7419 18.0
7419 7438 6.0
7438 7419 6.0
7420 7421 4.0
7421 7420 4.0
7420 7502 22.0
7502 7420 22.0
2529 7422 26.0
7422 2529 26.0
2529 7503 22.0
7503 2529 22.0
2529 7421 19.0
7421 2529 19.0
2529 7281 29.0
7281 2529 29.0
7422 7423 4.0
7423 7422 4.0
7422 7504 22.0
7504 7422 22.0
7424 7425 7.0
7425 7424 7.0
7424 7496 20.0
7496 7424 20.0
7425 7497 20.0
7497 7425 20.0
1818 7426 20.0
7426 1818 20.0
1818 7425 2.0
7425 1818 2.0
1818 7394 9.0
7394 1818 9.0
4030 7453 11.0
7453 4030 11.0
1872 7426 12.0
7426 1872 12.0
7427 7428 17.0
7428 7427 17.0
7427 7456 7.0
7456 7427 7.0
7428 7429 33.0
7429 7428 33.0
7428 7457 7.0
7457 7428 7.0
7429 7430 9.0
7430 7429 9.0
7429 7458 7.0
7458 7429 7.0
7430 7431 22.0
7431 7430 22.0
7431 7432 37.0
7432 7431 37.0
7432 7439 1.0
7439 7432 1.0
3096 7433 32.0
7433 3096 32.0
3096 7440 1.0
7440 3096 1.0
3096 7432 2.0
7432 3096 2.0
3096 7372 19.0
7372 3096 19.0
7433 7434 8.0
7434 7433 8.0
7433 7441 1.0
7441 7433 1.0
7435 7436 16.0
7436 7435 16.0
2381 7437 22.0
7437 2381 22.0
2381 7514 20.0
7514 2381 20.0
2381 7436 11.0
7436 2381 11.0
2381 7417 6.0
7417 2381 6.0
7437 7438 28.0
7438 7437 28.0
7437 7522 23.0
7522 7437 23.0
7438 7501 16.0
7501 7438 16.0
7439 7440 2.0
7440 7439 2.0
7439 7459 6.0
7459 7439 6.0
7440 7441 32.0
7441 7440 32.0
3158 7441 8.0
7441 3158 8.0
3158 7434 1.0
7434 3158 1.0
7442 7443 2.0
7443 7442 2.0
7443 7444 53.0
7444 7443 53.0
7444 7445 5.0
7445 7444 5.0
7445 7446 2.0
7446 7445 2.0
220 7447 9.0
7447 220 9.0
220 7509 18.0
7509 220 18.0
220 7446 39.0
7446 220 39.0
220 7406 8.0
7406 220 8.0
1987 7517 20.0
7517 1987 20.0
4176 7486 9.0
7486 4176 9.0
4176 7260 41.0
7260 4176 41.0
4445 7556 30.0
7556 4445 30.0
4445 7261 40.0
7261 4445 40.0
7448 7461 2.0
7461 7448 2.0
7448 7460 9.0
7460 7448 9.0
3284 7449 12.0
7449 3284 12.0
3284 7462 2.0
7462 3284 2.0
3284 7448 15.0
7448 3284 15.0
7449 7463 2.0
7463 7449 2.0
7450 7451 2.0
7451 7450 2.0
7451 7452 31.0
7452 7451 31.0
7451 7519 18.0
7519 7451 18.0
3955 3999 31.0
3999 3955 31.0
3955 7452 9.0
7452 3955 9.0
3999 7453 19.0
7453 3999 19.0
7454 7455 2.0
7455 7454 2.0
4383 7526 18.0
7526 4383 18.0
4383 7455 17.0
7455 4383 17.0
4383 7392 21.0
7392 4383 21.0
7456 7457 17.0
7457 7456 17.0
7456 7536 18.0
7536 7456 18.0
7457 7458 33.0
7458 7457 33.0
2988 7459 59.0
7459 2988 59.0
2988 7458 9.0
7458 2988 9.0
2988 7430 7.0
7430 2988 7.0
7460 7461 7.0
7461 7460 7.0
7461 7462 15.0
7462 7461 15.0
7461 7603 37.0
7603 7461 37.0
7462 7463 12.0
7463 7462 12.0
7462 7604 37.0
7604 7462 37.0
7463 7605 37.0
7605 7463 37.0
3347 7464 23.0
7464 3347 23.0
3347 7474 24.0
7474 3347 24.0
3347 7463 28.0
7463 3347 28.0
7464 7465 9.0
7465 7464 9.0
7464 7474 1.0
7474 7464 1.0
7465 7476 1.0
7476 7465 1.0
155 7507 12.0
7507 155 12.0
155 7506 13.0
7506 155 13.0
155 7442 6.0
7442 155 6.0
7466 7467 36.0
7467 7466 36.0
348 7468 19.0
7468 348 19.0
348 7618 38.0
7618 348 38.0
348 7467 6.0
7467 348 6.0
348 7363 28.0
7363 348 28.0
7468 7469 3.0
7469 7468 3.0
7469 7510 12.0
7510 7469 12.0
7470 7471 2.0
7471 7470 2.0
7471 7472 58.0
7472 7471 58.0
7472 7564 27.0
7564 7472 27.0
1047 7473 2.0
7473 1047 2.0
1047 7575 32.0
7575 1047 32.0
1047 7472 2.0
7472 1047 2.0
1047 7299 41.0
7299 1047 41.0
7473 7478 41.0
7478 7473 41.0
7474 7475 5.0
7475 7474 5.0
7475 7476 4.0
7476 7475 4.0
3416 7476 9.0
7476 3416 9.0
4407 7566 31.0
7566 4407 31.0
4407 4408 32.0
4408 4407 32.0
7477 7565 30.0
7565 7477 30.0
7477 7500 17.0
7500 7477 17.0
2271 7477 2.0
7477 2271 2.0
2271 2274 21.0
2274 2271 21.0
4425 7553 23.0
7553 4425 23.0
7478 7479 40.0
7479 7478 40.0
7479 7488 2.0
7488 7479 2.0
1197 7480 33.0
7480 1197 33.0
1197 7489 2.0
7489 1197 2.0
1197 7479 12.0
7479 1197 12.0
7480 7481 12.0
7481 7480 12.0
7480 7490 2.0
7490 7480 2.0
7481 7482 6.0
7482 7481 6.0
7481 7492 2.0
7492 7481 2.0
3552 7483 2.0
7483 3552 2.0
3552 7612 35.0
7612 3552 35.0
3552 7411 18.0
7411 3552 18.0
7483 7484 6.0
7484 7483 6.0
7483 7612 33.0
7612 7483 33.0
7484 7613 33.0
7613 7484 33.0
4156 7486 21.0
7486 4156 21.0
4156 7485 41.0
7485 4156 41.0
7486 7494 10.0
7494 7486 10.0
847 7487 2.0
7487 847 2.0
847 7560 22.0
7560 847 22.0
7487 7561 22.0
7561 7487 22.0
7488 7489 12.0
7489 7488 12.0
7488 7578 26.0
7578 7488 26.0
7489 7490 33.0
7490 7489 33.0
7489 7579 26.0
7579 7489 26.0
7490 7491 6.0
7491 7490 6.0
7491 7492 6.0
7492 7491 6.0
7491 7622 32.0
7622 7491 32.0
1280 7493 1.0
7493 1280 1.0
1280 7623 32.0
7623 1280 32.0
1280 7492 6.0
7492 1280 6.0
1280 7482 2.0
7482 1280 2.0
7493 7624 32.0
7624 7493 32.0
4199 7494 22.0
7494 4199 22.0
2133 7495 22.0
7495 2133 22.0
2133 7498 10.0
7498 2133 10.0
2133 7340 39.0
7340 2133 39.0
7495 7499 2.0
7499 7495 2.0
1783 7496 12.0
7496 1783 12.0
1783 7537 20.0
7537 1783 20.0
7496 7497 7.0
7497 7496 7.0
7498 7499 14.0
7499 7498 14.0
7499 7698 49.0
7698 7499 49.0
2180 7500 40.0
7500 2180 40.0
2180 7499 8.0
7499 2180 8.0
7501 7502 18.0
7502 7501 18.0
7502 7503 23.0
7503 7502 23.0
7502 7524 7.0
7524 7502 7.0
7503 7504 26.0
7504 7503 26.0
7503 7686 48.0
7686 7503 48.0
7504 7505 1.0
7505 7504 1.0
7504 7687 48.0
7687 7504 48.0
7505 7688 48.0
7688 7505 48.0
2573 7505 3.0
7505 2573 3.0
2573 7423 22.0
7423 2573 22.0
7506 7507 1.0
7507 7506 1.0
7507 7508 17.0
7508 7507 17.0
7507 7540 8.0
7540 7507 8.0
192 7509 41.0
7509 192 41.0
192 7508 43.0
7508 192 43.0
192 7445 18.0
7445 192 18.0
7510 7634 29.0
7634 7510 29.0
423 7511 2.0
7511 423 2.0
423 7550 12.0
7550 423 12.0
423 7510 38.0
7510 423 38.0
423 7368 40.0
7368 423 40.0
7511 7551 12.0
7551 7511 12.0
7512 7513 17.0
7513 7512 17.0
7512 7539 19.0
7539 7512 19.0
7513 7548 9.0
7548 7513 9.0
4120 7513 11.0
7513 4120 11.0
4120 7485 8.0
7485 4120 8.0
1935 7516 10.0
7516 1935 10.0
2363 7514 11.0
7514 2363 11.0
2363 7586 22.0
7586 2363 22.0
2363 7585 24.0
7585 2363 24.0
2363 7436 20.0
7436 2363 20.0
7514 7521 3.0
7521 7514 3.0
7515 7527 3.0
7527 7515 3.0
81 7528 3.0
7528 81 3.0
81 7515 1.0
7515 81 1.0
7516 7517 12.0
7517 7516 12.0
1997 7517 9.0
7517 1997 9.0
224 7518 41.0
7518 224 41.0
224 257 42.0
257 224 42.0
224 7509 12.0
7509 224 12.0
224 7447 21.0
7447 224 21.0
1635 7381 40.0
7381 1635 40.0
3897 7519 2.0
7519 3897 2.0
3897 7545 6.0
7545 3897 6.0
3897 7450 18.0
7450 3897 18.0
7519 7661 31.0
7661 7519 31.0
257 7520 1.0
7520 257 1.0
257 7679 41.0
7679 257 41.0
257 7518 1.0
7518 257 1.0
7520 7616 22.0
7616 7520 22.0
7521 7522 22.0
7522 7521 22.0
7521 7587 19.0
7587 7521 19.0
7522 7523 17.0
7523 7522 17.0
2459 7524 18.0
7524 2459 18.0
2459 7588 19.0
7588 2459 19.0
2459 7523 11.0
7523 2459 11.0
2459 7501 7.0
7501 2459 7.0
7525 7557 10.0
7557 7525 10.0
4358 7526 41.0
7526 4358 41.0
4358 7558 10.0
7558 4358 10.0
4358 7525 4.0
7525 4358 4.0
4358 7454 40.0
7454 4358 40.0
7526 7630 23.0
7630 7526 23.0
7527 7528 1.0
7528 7527 1.0
7528 7529 19.0
7529 7528 19.0
7529 7530 29.0
7530 7529 29.0
7530 7595 19.0
7595 7530 19.0
110 7530 2.0
7530 110 2.0
7531 7532 14.0
7532 7531 14.0
7532 7533 3.0
7533 7532 3.0
7532 7590 18.0
7590 7532 18.0
7533 7534 5.0
7534 7533 5.0
7533 7591 18.0
7591 7533 18.0
7534 7535 28.0
7535 7534 28.0
7534 7592 18.0
7592 7534 18.0
7535 7536 4.0
7536 7535 4.0
2916 7536 17.0
7536 2916 17.0
2916 7457 18.0
7457 2916 18.0
1745 7537 10.0
7537 1745 10.0
7538 7626 19.0
7626 7538 19.0
1388 7627 19.0
7627 1388 19.0
1388 7538 3.0
7538 1388 3.0
4022 7539 41.0
7539 4022 41.0
4022 7547 2.0
7547 4022 2.0
4022 7546 3.0
7546 4022 3.0
4022 7453 21.0
7453 4022 21.0
153 7540 1.0
7540 153 1.0
153 7506 8.0
7506 153 8.0
1815 7710 40.0
7710 1815 40.0
1815 7496 18.0
7496 1815 18.0
1815 7497 11.0
7497 1815 11.0
7541 7542 25.0
7542 7541 25.0
7542 7543 3.0
7543 7542 3.0
7542 7614 16.0
7614 7542 16.0
7543 7544 47.0
7544 7543 47.0
7543 7615 16.0
7615 7543 16.0
3777 7545 91.0
7545 3777 91.0
3777 7839 59.0
7839 3777 59.0
3777 7544 16.0
7544 3777 16.0
7545 7661 27.0
7661 7545 27.0
7546 7547 1.0
7547 7546 1.0
4073 7548 29.0
7548 4073 29.0
4073 7547 41.0
7547 4073 41.0
4073 7539 2.0
7539 4073 2.0
1536 7400 41.0
7400 1536 41.0
7549 7550 15.0
7550 7549 15.0
7549 7607 13.0
7607 7549 13.0
7549 7606 20.0
7606 7549 20.0
7550 7551 2.0
7551 7550 2.0
7550 7608 13.0
7608 7550 13.0
7551 7552 16.0
7552 7551 16.0
7552 7609 13.0
7609 7552 13.0
467 7610 13.0
7610 467 13.0
467 7552 12.0
7552 467 12.0
1960 1982 20.0
1982 1960 20.0
1960 7516 10.0
7516 1960 10.0
7553 7554 9.0
7554 7553 9.0
7553 7567 6.0
7567 7553 6.0
7554 7555 8.0
7555 7554 8.0
7555 7583 8.0
7583 7555 8.0
4442 7556 11.0
7556 4442 11.0
4442 7730 39.0
7730 4442 39.0
4442 7555 33.0
7555 4442 33.0
4345 7557 17.0
7557 4345 17.0
4345 7525 27.0
7525 4345 27.0
7557 7558 4.0
7558 7557 4.0
7557 7694 31.0
7694 7557 31.0
7558 7628 13.0
7628 7558 13.0
4452 7556 30.0
7556 4452 30.0
7559 7560 13.0
7560 7559 13.0
7559 7568 5.0
7568 7559 5.0
7560 7561 2.0
7561 7560 2.0
7560 7569 5.0
7569 7560 5.0
7561 7562 17.0
7562 7561 17.0
7561 7570 5.0
7570 7561 5.0
7562 7563 28.0
7563 7562 28.0
7562 7571 5.0
7571 7562 5.0
7563 7572 5.0
7572 7563 5.0
948 7564 60.0
7564 948 60.0
948 7573 5.0
7573 948 5.0
948 7563 12.0
7563 948 12.0
948 7470 27.0
7470 948 27.0
7564 7574 5.0
7574 7564 5.0
1766 7708 39.0
7708 1766 39.0
1766 7537 10.0
7537 1766 10.0
2251 7565 9.0
7565 2251 9.0
2251 7648 12.0
7648 2251 12.0
2251 7500 22.0
7500 2251 22.0
7565 7649 12.0
7649 7565 12.0
4288 7652 12.0
7652 4288 12.0
4288 7651 14.0
7651 4288 14.0
7566 7633 9.0
7633 7566 9.0
4413 7567 32.0
7567 4413 32.0
4413 7566 19.0
7566 4413 19.0
4413 7553 38.0
7553 4413 38.0
7568 7569 13.0
7569 7568 13.0
7568 7581 1.0
7581 7568 1.0
7569 7570 2.0
7570 7569 2.0
7569 7582 1.0
7582 7569 1.0
7570 7571 17.0
7571 7570 17.0
7570 7601 4.0
7601 7570 4.0
7571 7572 28.0
7572 7571 28.0
7572 7573 12.0
7573 7572 12.0
7572 7602 4.0
7602 7572 4.0
7573 7574 60.0
7574 7573 60.0
7573 7819 45.0
7819 7573 45.0
7574 7575 2.0
7575 7574 2.0
7574 7669 22.0
7669 7574 22.0
7575 7576 17.0
7576 7575 17.0
7575 7670 22.0
7670 7575 22.0
7576 7577 17.0
7577 7576 17.0
7576 7671 22.0
7671 7576 22.0
7577 7672 22.0
7672 7577 22.0
1108 7578 40.0
7578 1108 40.0
1108 7619 6.0
7619 1108 6.0
1108 7577 5.0
7577 1108 5.0
1108 7478 28.0
7478 1108 28.0
7578 7579 12.0
7579 7578 12.0
7578 7620 6.0
7620 7578 6.0
7579 7621 6.0
7621 7579 6.0
3093 7459 33.0
7459 3093 33.0
7580 7597 3.0
7597 7580 3.0
7580 7596 12.0
7596 7580 12.0
778 7581 29.0
7581 778 29.0
778 7598 3.0
7598 778 3.0
778 7580 32.0
7580 778 32.0
778 7559 35.0
7559 778 35.0
7581 7582 13.0
7582 7581 13.0
7581 7599 3.0
7599 7581 3.0
7582 7600 3.0
7600 7582 3.0
4430 7583 8.0
7583 4430 8.0
4430 7729 31.0
7729 4430 31.0
4430 7567 11.0
7567 4430 11.0
4430 7554 8.0
7554 4430 8.0
1982 7678 21.0
7678 1982 21.0
7584 7653 9.0
7653 7584 9.0
4329 7728 30.0
7728 4329 30.0
4329 7584 21.0
7584 4329 21.0
4329 4345 39.0
4345 4329 39.0
80 7594 1.0
7594 80 1.0
80 7593 13.0
7593 80 13.0
80 7527 18.0
7527 80 18.0
7585 7586 2.0
7586 7585 2.0
7585 7650 8.0
7650 7585 8.0
7586 7587 11.0
7587 7586 11.0
7587 7712 28.0
7712 7587 28.0
2438 7588 11.0
7588 2438 11.0
2438 7684 22.0
7684 2438 22.0
2438 7587 39.0
7587 2438 39.0
2438 7523 19.0
7523 2438 19.0
7588 7685 22.0
7685 7588 22.0
7589 7668 18.0
7668 7589 18.0
7589 7647 56.0
7647 7589 56.0
2791 7590 14.0
7590 2791 14.0
2791 7589 2.0
7589 2791 2.0
2791 7531 18.0
7531 2791 18.0
7590 7591 3.0
7591 7590 3.0
7590 7689 22.0
7689 7590 22.0
7591 7592 5.0
7592 7591 5.0
7591 7690 22.0
7690 7591 22.0
7592 7691 22.0
7691 7592 22.0
7593 7594 12.0
7594 7593 12.0
7594 7798 39.0
7798 7594 39.0
94 7595 29.0
7595 94 29.0
94 7594 20.0
7594 94 20.0
94 7529 19.0
7529 94 19.0
7596 7597 9.0
7597 7596 9.0
7597 7598 32.0
7598 7597 32.0
7597 7637 5.0
7637 7597 5.0
7598 7599 29.0
7599 7598 29.0
7598 7638 5.0
7638 7598 5.0
7599 7600 13.0
7600 7599 13.0
7600 7601 2.0
7601 7600 2.0
875 7602 28.0
7602 875 28.0
875 7735 29.0
7735 875 29.0
875 7601 17.0
7601 875 17.0
875 7571 4.0
7571 875 4.0
3250 7603 7.0
7603 3250 7.0
3250 7738 29.0
7738 3250 29.0
3250 7737 53.0
7737 3250 53.0
3250 7460 37.0
7460 3250 37.0
7603 7604 15.0
7604 7603 15.0
7603 7768 34.0
7768 7603 34.0
7604 7605 12.0
7605 7604 12.0
7604 7769 34.0
7769 7604 34.0
7605 7770 34.0
7770 7605 34.0
4186 7494 30.0
7494 4186 30.0
7606 7607 7.0
7607 7606 7.0
7606 7635 4.0
7635 7606 4.0
7607 7608 15.0
7608 7607 15.0
7607 7636 4.0
7636 7607 4.0
7608 7609 18.0
7609 7608 18.0
7609 7610 12.0
7610 7609 12.0
7610 7611 39.0
7611 7610 39.0
7610 7720 27.0
7720 7610 27.0
7611 7721 27.0
7721 7611 27.0
562 7745 29.0
7745 562 29.0
562 7611 31.0
7611 562 31.0
7612 7613 6.0
7613 7612 6.0
3646 7614 25.0
7614 3646 25.0
3646 7759 32.0
7759 3646 32.0
3646 7613 52.0
7613 3646 52.0
3646 7541 16.0
7541 3646 16.0
7614 7615 3.0
7615 7614 3.0
7614 7761 32.0
7761 7614 32.0
7616 7617 7.0
7617 7616 7.0
7616 7680 19.0
7680 7616 19.0
299 7618 42.0
7618 299 42.0
299 7682 19.0
7682 299 19.0
299 7617 31.0
7617 299 31.0
299 7466 38.0
7466 299 38.0
7619 7620 40.0
7620 7619 40.0
7619 7654 8.0
7654 7619 8.0
7620 7621 12.0
7621 7620 12.0
7620 7655 8.0
7655 7620 8.0
7621 7622 39.0
7622 7621 39.0
7621 7656 8.0
7656 7621 8.0
7622 7623 12.0
7623 7622 12.0
7622 7639 3.0
7639 7622 3.0
7623 7624 1.0
7624 7623 1.0
7623 7640 3.0
7640 7623 3.0
7624 7625 6.0
7625 7624 6.0
7624 7641 3.0
7641 7624 3.0
7625 7642 3.0
7642 7625 3.0
1367 7626 8.0
7626 1367 8.0
1367 7643 3.0
7643 1367 3.0
1367 7625 42.0
7625 1367 42.0
1367 7538 27.0
7538 1367 27.0
7626 7627 3.0
7627 7626 3.0
7626 7644 3.0
7644 7626 3.0
7627 7645 3.0
7645 7627 3.0
7628 7629 8.0
7629 7628 8.0
7628 7695 18.0
7695 7628 18.0
7629 7630 33.0
7630 7629 33.0
7630 7631 7.0
7631 7630 7.0
7631 7632 9.0
7632 7631 9.0
7632 7706 20.0
7706 7632 20.0
4392 7633 31.0
7633 4392 31.0
4392 7632 2.0
7632 4392 2.0
4406 7633 1.0
7633 4406 1.0
371 7634 3.0
7634 371 3.0
371 7716 23.0
7716 371 23.0
371 7618 22.0
7618 371 22.0
371 7468 41.0
7468 371 41.0
7634 7635 16.0
7635 7634 16.0
7634 7717 23.0
7717 7634 23.0
7635 7636 7.0
7636 7635 7.0
7635 7718 23.0
7718 7635 23.0
7636 7719 23.0
7719 7636 23.0
719 7637 9.0
7637 719 9.0
719 7731 24.0
7731 719 24.0
719 7596 5.0
7596 719 5.0
7637 7638 32.0
7638 7637 32.0
7637 7732 24.0
7732 7637 24.0
7638 7733 24.0
7733 7638 24.0
7639 7640 12.0
7640 7639 12.0
7640 7641 1.0
7641 7640 1.0
7640 7658 5.0
7658 7640 5.0
7641 7642 6.0
7642 7641 6.0
7641 7659 5.0
7659 7641 5.0
7642 7643 42.0
7643 7642 42.0
7642 7660 5.0
7660 7642 5.0
7643 7644 8.0
7644 7643 8.0
7643 7757 26.0
7757 7643 26.0
7644 7645 3.0
7645 7644 3.0
7644 7774 30.0
7774 7644 30.0
7645 7646 38.0
7646 7645 38.0
1492 7646 21.0
7646 1492 21.0
1492 1536 49.0
1536 1492 49.0
2687 7647 10.0
7647 2687 10.0
2687 7667 11.0
7667 2687 11.0
4110 7791 31.0
7791 4110 31.0
4110 7548 21.0
7548 4110 21.0
7648 7649 9.0
7649 7648 9.0
7648 7664 8.0
7664 7648 8.0
2343 7650 9.0
7650 2343 9.0
2343 7666 8.0
7666 2343 8.0
2343 7649 41.0
7649 2343 41.0
7651 7652 2.0
7652 7651 2.0
7651 7663 6.0
7663 7651 6.0
7652 7725 21.0
7725 7652 21.0
4313 7653 9.0
7653 4313 9.0
4313 7727 21.0
7727 4313 21.0
4313 7652 40.0
7652 4313 40.0
4313 7584 18.0
7584 4313 18.0
1632 1635 31.0
1635 1632 31.0
7654 7655 40.0
7655 7654 40.0
7654 7673 8.0
7673 7654 8.0
7655 7656 12.0
7656 7655 12.0
7656 7657 6.0
7657 7656 6.0
7656 7675 8.0
7675 7656 8.0
7657 7676 8.0
7676 7657 8.0
1261 7658 12.0
7658 1261 12.0
1261 7754 21.0
7754 1261 21.0
1261 7657 33.0
7657 1261 33.0
1261 7639 5.0
7639 1261 5.0
7658 7659 1.0
7659 7658 1.0
7658 7755 21.0
7755 7658 21.0
7659 7660 6.0
7660 7659 6.0
7659 7756 21.0
7756 7659 21.0
7661 7662 6.0
7662 7661 6.0
3911 7662 1.0
7662 3911 1.0
4021 7546 28.0
7546 4021 28.0
4242 7663 49.0
7663 4242 49.0
4242 7723 15.0
7723 4242 15.0
4242 7722 26.0
7722 4242 26.0
7663 7724 15.0
7724 7663 15.0
3403 7773 20.0
7773 3403 20.0
3403 7475 50.0
7475 3403 50.0
7664 7665 8.0
7665 7664 8.0
7664 7765 19.0
7765 7664 19.0
7665 7766 19.0
7766 7665 19.0
2267 7666 41.0
7666 2267 41.0
2267 7777 20.0
7777 2267 20.0
2267 7665 1.0
7665 2267 1.0
2267 7649 8.0
7649 2267 8.0
3069 7793 22.0
7793 3069 22.0
3069 7792 23.0
7792 3069 23.0
3069 3093 31.0
3093 3069 31.0
7667 7971 53.0
7971 7667 53.0
2709 7668 49.0
7668 2709 49.0
2709 7800 22.0
7800 2709 22.0
2709 7667 10.0
7667 2709 10.0
2709 7647 11.0
7647 2709 11.0
7669 7670 2.0
7670 7669 2.0
7670 7671 17.0
7671 7670 17.0
7671 7672 17.0
7672 7671 17.0
7671 7707 6.0
7707 7671 6.0
7672 7673 5.0
7673 7672 5.0
7672 7844 27.0
7844 7672 27.0
7673 7674 17.0
7674 7673 17.0
7673 7845 27.0
7845 7673 27.0
7674 7750 13.0
7750 7674 13.0
1177 7675 12.0
7675 1177 12.0
1177 7751 13.0
7751 1177 13.0
1177 7674 23.0
7674 1177 23.0
1177 7655 8.0
7655 1177 8.0
7675 7676 6.0
7676 7675 6.0
7675 7752 13.0
7752 7675 13.0
7676 7753 13.0
7753 7676 13.0
7677 7678 5.0
7678 7677 5.0
7677 7746 11.0
7746 7677 11.0
7677 7711 52.0
7711 7677 52.0
1993 7696 3.0
7696 1993 3.0
1993 7678 9.0
7678 1993 9.0
7679 7680 1.0
7680 7679 1.0
7679 7864 28.0
7864 7679 28.0
7680 7681 5.0
7681 7680 5.0
7680 7865 28.0
7865 7680 28.0
7681 7866 28.0
7866 7681 28.0
267 7682 31.0
7682 267 31.0
267 7935 43.0
7935 267 43.0
267 7681 2.0
7681 267 2.0
267 7617 19.0
7617 267 19.0
7682 7714 7.0
7714 7682 7.0
7683 7684 4.0
7684 7683 4.0
7683 7874 28.0
7874 7683 28.0
7683 7713 35.0
7713 7683 35.0
7684 7685 11.0
7685 7684 11.0
2488 7686 23.0
7686 2488 23.0
2488 7699 25.0
7699 2488 25.0
2488 7685 18.0
7685 2488 18.0
2488 7524 41.0
7524 2488 41.0
7686 7687 26.0
7687 7686 26.0
7686 7699 2.0
7699 7686 2.0
7687 7688 1.0
7688 7687 1.0
7687 7701 2.0
7701 7687 2.0
7689 7690 3.0
7690 7689 3.0
7689 7802 18.0
7802 7689 18.0
7690 7691 5.0
7691 7690 5.0
7690 7803 18.0
7803 7690 18.0
7691 7692 6.0
7692 7691 6.0
7691 7804 18.0
7804 7691 18.0
7692 7693 20.0
7693 7692 20.0
7693 7879 29.0
7879 7693 29.0
2879 7896 33.0
7896 2879 33.0
2879 7693 2.0
7693 2879 2.0
2879 7535 40.0
7535 2879 40.0
7694 7695 4.0
7695 7694 4.0
7694 7702 2.0
7702 7694 2.0
4364 7703 2.0
7703 4364 2.0
4364 7695 8.0
7695 4364 8.0
4364 7629 18.0
7629 4364 18.0
7696 7697 30.0
7697 7696 30.0
7696 7747 8.0
7747 7696 8.0
2146 7698 14.0
7698 2146 14.0
2146 7749 8.0
7749 2146 8.0
2146 7697 51.0
7697 2146 51.0
2146 7498 49.0
7498 2146 49.0
7698 7764 12.0
7764 7698 12.0
7699 7700 15.0
7700 7699 15.0
7700 7701 11.0
7701 7700 11.0
2572 7998 50.0
7998 2572 50.0
2572 7701 1.0
7701 2572 1.0
2572 7688 2.0
7688 2572 2.0
4010 4021 21.0
4021 4010 21.0
7702 7703 12.0
7703 7702 12.0
7702 7809 16.0
7809 7702 16.0
7703 7704 19.0
7704 7703 19.0
7703 7829 19.0
7829 7703 19.0
7704 7705 18.0
7705 7704 18.0
7705 7830 19.0
7830 7705 19.0
4387 7706 9.0
7706 4387 9.0
4387 7831 19.0
7831 4387 19.0
4387 7705 3.0
7705 4387 3.0
4387 7631 20.0
7631 4387 20.0
1045 7707 19.0
7707 1045 19.0
1045 7842 21.0
7842 1045 21.0
1045 7837 21.0
7837 1045 21.0
1045 7669 6.0
7669 1045 6.0
7708 7709 19.0
7709 7708 19.0
7709 7710 4.0
7710 7709 4.0
7709 7889 29.0
7889 7709 29.0
1830 7711 40.0
7711 1830 40.0
1830 7785 12.0
7785 1830 12.0
1830 7710 9.0
7710 1830 9.0
166 7778 11.0
7778 166 11.0
166 7540 58.0
7540 166 58.0
166 7508 49.0
7508 166 49.0
2359 7712 13.0
7712 2359 13.0
2359 7872 22.0
7872 2359 22.0
2359 7666 21.0
7666 2359 21.0
2359 7650 20.0
7650 2359 20.0
7712 7713 6.0
7713 7712 6.0
7712 7873 22.0
7873 7712 22.0
7714 7715 28.0
7715 7714 28.0
7714 7779 8.0
7779 7714 8.0
7715 7716 33.0
7716 7715 33.0
7715 7780 8.0
7780 7715 8.0
7716 7717 3.0
7717 7716 3.0
7716 7782 8.0
7782 7716 8.0
7717 7718 16.0
7718 7717 16.0
7717 7783 8.0
7783 7717 8.0
7718 7719 7.0
7719 7718 7.0
7718 7739 2.0
7739 7718 2.0
7719 7740 2.0
7740 7719 2.0
446 7720 12.0
7720 446 12.0
446 7741 2.0
7741 446 2.0
446 7719 33.0
7719 446 33.0
446 7609 27.0
7609 446 27.0
7720 7721 39.0
7721 7720 39.0
7720 7742 2.0
7742 7720 2.0
7722 7723 11.0
7723 7722 11.0
7723 7724 49.0
7724 7723 49.0
7724 7725 2.0
7725 7724 2.0
7725 7726 18.0
7726 7725 18.0
7726 7727 22.0
7727 7726 22.0
7726 7790 8.0
7790 7726 8.0
4320 7728 21.0
7728 4320 21.0
4320 7806 11.0
7806 4320 11.0
4320 7727 9.0
7727 4320 9.0
4320 7653 21.0
7653 4320 21.0
7728 7808 11.0
7808 7728 11.0
4431 7730 33.0
7730 4431 33.0
4431 7857 19.0
7857 4431 19.0
4431 7729 8.0
7729 4431 8.0
4431 7583 31.0
7583 4431 31.0
7730 7882 22.0
7882 7730 22.0
7731 7732 9.0
7732 7731 9.0
7731 7812 12.0
7812 7731 12.0
7731 7758 47.0
7758 7731 47.0
7732 7733 32.0
7733 7732 32.0
7732 7813 12.0
7813 7732 12.0
7733 7734 6.0
7734 7733 6.0
7733 7814 12.0
7814 7733 12.0
7734 7815 12.0
7815 7734 12.0
825 7735 32.0
7735 825 32.0
825 7816 12.0
7816 825 12.0
825 7734 23.0
7734 825 23.0
825 7599 29.0
7599 825 29.0
7735 7817 12.0
7817 7735 12.0
7736 7795 9.0
7795 7736 9.0
3207 7737 8.0
7737 3207 8.0
3207 7796 9.0
7796 3207 9.0
3207 7736 15.0
7736 3207 15.0
7737 7738 24.0
7738 7737 24.0
7737 7984 42.0
7984 7737 42.0
7738 7767 5.0
7767 7738 5.0
3562 7862 19.0
7862 3562 19.0
3562 7861 22.0
7861 3562 22.0
3562 7613 28.0
7613 3562 28.0
7739 7740 7.0
7740 7739 7.0
7740 7741 33.0
7741 7740 33.0
7740 7784 6.0
7784 7740 6.0
7741 7742 12.0
7742 7741 12.0
7742 7743 27.0
7743 7742 27.0
7743 7744 10.0
7744 7743 10.0
520 7745 31.0
7745 520 31.0
520 7970 40.0
7970 520 40.0
520 7744 2.0
7744 520 2.0
520 7721 2.0
7721 520 2.0
7746 7747 14.0
7747 7746 14.0
7746 7789 6.0
7789 7746 6.0
7746 7788 36.0
7788 7746 36.0
7747 7748 9.0
7748 7747 9.0
2052 7749 51.0
7749 2052 51.0
2052 7748 21.0
7748 2052 21.0
2052 7697 8.0
7697 2052 8.0
7749 7762 4.0
7762 7749 4.0
108 7799 19.0
7799 108 19.0
108 7595 31.0
7595 108 31.0
7750 7751 23.0
7751 7750 23.0
7750 7846 14.0
7846 7750 14.0
7751 7752 12.0
7752 7751 12.0
7751 7955 36.0
7955 7751 36.0
7752 7753 6.0
7753 7752 6.0
7752 7964 38.0
7964 7752 38.0
7753 7754 33.0
7754 7753 33.0
7754 7755 12.0
7755 7754 12.0
7755 7756 1.0
7756 7755 1.0
1294 7757 42.0
7757 1294 42.0
1294 7965 38.0
7965 1294 38.0
1294 7756 6.0
7756 1294 6.0
1294 7660 21.0
7660 1294 21.0
7757 7774 12.0
7774 7757 12.0
642 7758 8.0
7758 642 8.0
642 7810 8.0
7810 642 8.0
642 7745 53.0
7745 642 53.0
7758 7811 8.0
7811 7758 8.0
7759 7760 7.0
7760 7759 7.0
7759 7919 27.0
7919 7759 27.0
7760 7761 18.0
7761 7760 18.0
3684 7838 11.0
7838 3684 11.0
3684 7761 3.0
7761 3684 3.0
3684 7615 32.0
7615 3684 32.0
4237 7894 20.0
7894 4237 20.0
4237 7722 5.0
7722 4237 5.0
7762 7763 8.0
7763 7762 8.0
7763 7764 6.0
7764 7763 6.0
7764 7933 29.0
7933 7764 29.0
2232 7765 12.0
7765 2232 12.0
2232 7776 13.0
7776 2232 13.0
2232 7764 36.0
7764 2232 36.0
7765 7766 8.0
7766 7765 8.0
7765 7776 1.0
7776 7765 1.0
7767 7768 7.0
7768 7767 7.0
7767 7820 8.0
7820 7767 8.0
7768 7769 15.0
7769 7768 15.0
7768 7821 8.0
7821 7768 8.0
7769 7770 12.0
7770 7769 12.0
7770 7771 4.0
7771 7770 4.0
7771 7772 18.0
7772 7771 18.0
7772 7822 8.0
7822 7772 8.0
3364 7773 21.0
7773 3364 21.0
3364 7772 13.0
7772 3364 13.0
7774 7775 29.0
7775 7774 29.0
1452 7775 12.0
7775 1452 12.0
1452 7646 30.0
7646 1452 30.0
2263 7777 1.0
7777 2263 1.0
2263 7868 14.0
7868 2263 14.0
2263 7776 8.0
7776 2263 8.0
2263 7766 1.0
7766 2263 1.0
7777 7869 14.0
7869 7777 14.0
182 7858 30.0
7858 182 30.0
182 7778 30.0
7778 182 30.0
7779 7780 28.0
7780 7779 28.0
7779 7936 28.0
7936 7779 28.0
7780 7781 19.0
7781 7780 19.0
7781 7782 14.0
7782 7781 14.0
7781 7938 28.0
7938 7781 28.0
7782 7783 3.0
7783 7782 3.0
391 7784 7.0
7784 391 7.0
391 8052 51.0
8052 391 51.0
391 7783 16.0
7783 391 16.0
391 7739 6.0
7739 391 6.0
7785 7786 18.0
7786 7785 18.0
7785 7945 30.0
7945 7785 30.0
7786 7787 7.0
7787 7786 7.0
7787 7947 30.0
7947 7787 30.0
1901 7788 17.0
7788 1901 17.0
1901 7948 30.0
7948 1901 30.0
1901 7787 15.0
7787 1901 15.0
1901 7711 12.0
7711 1901 12.0
7788 7789 30.0
7789 7788 30.0
7789 7867 13.0
7867 7789 13.0
4285 7790 20.0
7790 4285 20.0
4285 7855 11.0
7855 4285 11.0
4285 7854 12.0
7854 4285 12.0
4285 7724 8.0
7724 4285 8.0
7790 7805 3.0
7805 7790 3.0
4126 7853 9.0
7853 4126 9.0
4126 7791 19.0
7791 4126 19.0
7792 7793 1.0
7793 7792 1.0
7793 7794 26.0
7794 7793 26.0
7794 8068 52.0
8068 7794 52.0
3139 7795 26.0
7795 3139 26.0
3139 8069 52.0
8069 3139 52.0
3139 7794 13.0
7794 3139 13.0
3139 7736 35.0
7736 3139 35.0
7795 7796 15.0
7796 7795 15.0
7795 8070 52.0
8070 7795 52.0
7796 7983 33.0
7983 7796 33.0
7797 7884 12.0
7884 7797 12.0
7797 7847 41.0
7847 7797 41.0
75 7798 12.0
7798 75 12.0
75 7885 12.0
7885 75 12.0
75 7797 7.0
7797 75 7.0
75 7593 39.0
7593 75 39.0
7798 7799 38.0
7799 7798 38.0
7798 7886 12.0
7886 7798 12.0
7800 7801 27.0
7801 7800 27.0
7800 7972 31.0
7972 7800 31.0
7801 7973 31.0
7973 7801 31.0
2787 7802 16.0
7802 2787 16.0
2787 7875 11.0
7875 2787 11.0
2787 7801 22.0
7801 2787 22.0
2787 7668 22.0
7668 2787 22.0
7802 7803 3.0
7803 7802 3.0
7802 7876 11.0
7876 7802 11.0
7803 7804 5.0
7804 7803 5.0
7803 7877 11.0
7877 7803 11.0
7804 7878 11.0
7878 7804 11.0
7805 7806 31.0
7806 7805 31.0
7805 7823 3.0
7823 7805 3.0
7806 7807 18.0
7807 7806 18.0
7806 7824 3.0
7824 7806 3.0
7807 7808 3.0
7808 7807 3.0
7807 7825 3.0
7825 7807 3.0
4332 7809 39.0
7809 4332 39.0
4332 7826 3.0
7826 4332 3.0
4332 7808 9.0
7808 4332 9.0
7809 7827 3.0
7827 7809 3.0
3910 7967 29.0
7967 3910 29.0
3910 7916 40.0
7916 3910 40.0
3910 7662 30.0
7662 3910 30.0
7810 7811 8.0
7811 7810 8.0
7810 7848 5.0
7848 7810 5.0
7811 7812 43.0
7812 7811 43.0
7811 7849 5.0
7849 7811 5.0
7812 7813 9.0
7813 7812 9.0
7812 7850 5.0
7850 7812 5.0
7813 7814 32.0
7814 7813 32.0
7814 7815 6.0
7815 7814 6.0
7814 7851 5.0
7851 7814 5.0
7815 7816 23.0
7816 7815 23.0
7815 7832 2.0
7832 7815 2.0
7816 7817 32.0
7817 7816 32.0
7816 7833 2.0
7833 7816 2.0
7817 7818 7.0
7818 7817 7.0
7818 7834 2.0
7834 7818 2.0
929 7819 12.0
7819 929 12.0
929 7835 2.0
7835 929 2.0
929 7818 21.0
7818 929 21.0
929 7602 41.0
7602 929 41.0
7819 7836 2.0
7836 7819 2.0
7820 7821 7.0
7821 7820 7.0
7820 7985 29.0
7985 7820 29.0
3311 7822 18.0
7822 3311 18.0
3311 7987 29.0
7987 3311 29.0
3311 7821 31.0
7821 3311 31.0
3311 7771 8.0
7771 3311 8.0
7823 7824 31.0
7824 7823 31.0
7824 7825 18.0
7825 7824 18.0
7824 7856 5.0
7856 7824 5.0
7825 7826 12.0
7826 7825 12.0
7825 7928 19.0
7928 7825 19.0
7826 7827 39.0
7827 7826 39.0
7826 7929 19.0
7929 7826 19.0
7827 7828 9.0
7828 7827 9.0
7828 7829 3.0
7829 7828 3.0
7828 7906 13.0
7906 7828 13.0
4373 7830 18.0
7830 4373 18.0
4373 7898 12.0
7898 4373 12.0
4373 7829 19.0
7829 4373 19.0
4373 7704 19.0
7704 4373 19.0
7830 7831 3.0
7831 7830 3.0
7830 7900 12.0
7900 7830 12.0
7831 7901 12.0
7901 7831 12.0
7832 7833 23.0
7833 7832 23.0
7832 7852 3.0
7852 7832 3.0
7833 7834 39.0
7834 7833 39.0
7833 7921 18.0
7921 7833 18.0
7834 7835 21.0
7835 7834 21.0
7835 7836 12.0
7836 7835 12.0
981 7837 40.0
7837 981 40.0
981 7840 2.0
7840 981 2.0
981 7836 18.0
7836 981 18.0
7837 7841 2.0
7841 7837 2.0
3717 7839 43.0
7839 3717 43.0
3717 7838 20.0
7838 3717 20.0
7839 7915 30.0
7915 7839 30.0
7840 7841 40.0
7841 7840 40.0
7840 7902 39.0
7902 7840 39.0
7841 7842 2.0
7842 7841 2.0
7842 7843 16.0
7843 7842 16.0
7843 7903 10.0
7903 7843 10.0
1082 7844 17.0
7844 1082 17.0
1082 7904 10.0
7904 1082 10.0
1082 7843 3.0
7843 1082 3.0
1082 7707 21.0
7707 1082 21.0
7844 7845 5.0
7845 7844 5.0
7844 7953 22.0
7953 7844 22.0
7845 7846 17.0
7846 7845 17.0
7845 7954 22.0
7954 7845 22.0
41 7847 30.0
7847 41 30.0
41 7912 29.0
7912 41 29.0
7847 7883 5.0
7883 7847 5.0
7848 7849 8.0
7849 7848 8.0
7848 7939 18.0
7939 7848 18.0
7849 7850 43.0
7850 7849 43.0
732 7851 32.0
7851 732 32.0
732 7941 18.0
7941 732 18.0
732 7850 9.0
7850 732 9.0
732 7813 5.0
7813 732 5.0
7851 7852 6.0
7852 7851 6.0
7851 8058 42.0
8058 7851 42.0
7852 7920 15.0
7920 7852 15.0
3063 7792 8.0
7792 3063 8.0
3429 7859 2.0
7859 3429 2.0
3429 7773 31.0
7773 3429 31.0
4091 7853 31.0
7853 4091 31.0
4091 7978 24.0
7978 4091 24.0
4091 7977 25.0
7977 4091 25.0
4091 7791 21.0
7791 4091 21.0
7853 7980 24.0
7980 7853 24.0
7854 7855 1.0
7855 7854 1.0
7854 7905 8.0
7905 7854 8.0
4298 7856 31.0
7856 4298 31.0
4298 7855 20.0
7855 4298 20.0
4298 7823 5.0
7823 4298 5.0
7856 7968 29.0
7968 7856 29.0
4424 7857 21.0
7857 4424 21.0
4424 8028 32.0
8028 4424 32.0
4424 7729 32.0
7729 4424 32.0
7857 7881 21.0
7881 7857 21.0
205 7863 1.0
7863 205 1.0
205 7858 12.0
7858 205 12.0
7859 7860 18.0
7860 7859 18.0
7859 8054 39.0
8054 7859 39.0
3516 7861 28.0
7861 3516 28.0
3516 7860 43.0
7860 3516 43.0
7861 7862 3.0
7862 7861 3.0
7861 7917 12.0
7917 7861 12.0
7862 7918 12.0
7918 7862 12.0
7863 8119 49.0
8119 7863 49.0
223 7864 44.0
7864 223 44.0
223 7989 23.0
7989 223 23.0
223 7863 30.0
7863 223 30.0
7864 7865 1.0
7865 7864 1.0
7864 7991 23.0
7991 7864 23.0
7865 7866 5.0
7866 7865 5.0
7865 7992 23.0
7992 7865 23.0
7866 7934 15.0
7934 7866 15.0
7867 8128 49.0
8128 7867 49.0
2005 8187 60.0
8187 2005 60.0
2005 7867 23.0
7867 2005 23.0
2005 7748 19.0
7748 2005 19.0
7868 7869 1.0
7869 7868 1.0
7868 8011 27.0
8011 7868 27.0
7869 7870 7.0
7870 7869 7.0
7870 7871 39.0
7871 7870 39.0
7871 7872 4.0
7872 7871 4.0
7871 8012 27.0
8012 7871 27.0
7872 7873 13.0
7873 7872 13.0
2390 7874 29.0
7874 2390 29.0
2390 8067 41.0
8067 2390 41.0
2390 7873 6.0
7873 2390 6.0
2390 7713 22.0
7713 2390 22.0
7875 7876 16.0
7876 7875 16.0
7875 7975 20.0
7975 7875 20.0
7876 7877 3.0
7877 7876 3.0
7877 7878 5.0
7878 7877 5.0
7877 7924 11.0
7924 7877 11.0
2847 7879 20.0
7879 2847 20.0
2847 7925 11.0
7925 2847 11.0
2847 7878 6.0
7878 2847 6.0
2847 7692 29.0
7692 2847 29.0
7879 7895 4.0
7895 7879 4.0
7880 7891 3.0
7891 7880 3.0
7880 7890 12.0
7890 7880 12.0
4184 7892 3.0
7892 4184 3.0
4184 7880 2.0
7880 4184 2.0
7881 7882 15.0
7882 7881 15.0
4444 7887 1.0
7887 4444 1.0
4444 7882 7.0
7882 4444 7.0
7883 7884 34.0
7884 7883 34.0
7884 7885 7.0
7885 7884 7.0
7884 7913 6.0
7913 7884 6.0
7885 7886 12.0
7886 7885 12.0
7885 7914 6.0
7914 7885 6.0
7886 8030 30.0
8030 7886 30.0
104 7988 21.0
7988 104 21.0
104 7886 38.0
7886 104 38.0
104 7799 12.0
7799 104 12.0
7887 7888 8.0
7888 7887 8.0
7887 8029 28.0
8029 7887 28.0
4456 8082 40.0
8082 4456 40.0
4456 7888 32.0
7888 4456 32.0
1385 8007 22.0
8007 1385 22.0
1385 7774 18.0
7774 1385 18.0
1778 7889 19.0
7889 1778 19.0
1778 7943 13.0
7943 1778 13.0
1778 7923 39.0
7923 1778 39.0
1778 7708 29.0
7708 1778 29.0
7889 7944 13.0
7944 7889 13.0
3685 7932 11.0
7932 3685 11.0
3685 7838 9.0
7838 3685 9.0
7890 7891 9.0
7891 7890 9.0
7891 7892 2.0
7892 7891 2.0
7891 7982 17.0
7982 7891 17.0
7892 7893 49.0
7893 7892 49.0
7893 8038 33.0
8038 7893 33.0
4228 7894 11.0
7894 4228 11.0
4228 8039 33.0
8039 4228 33.0
4228 7893 12.0
7893 4228 12.0
4228 4237 31.0
4237 4228 31.0
7895 7896 2.0
7896 7895 2.0
7896 7897 58.0
7897 7896 58.0
7897 7927 7.0
7927 7897 7.0
2997 7897 11.0
7897 2997 11.0
2997 3063 49.0
3063 2997 49.0
7898 7899 9.0
7899 7898 9.0
7898 7907 1.0
7907 7898 1.0
7899 7900 9.0
7900 7899 9.0
7899 7908 1.0
7908 7899 1.0
7900 7901 3.0
7901 7900 3.0
7900 7909 1.0
7909 7900 1.0
4390 7910 1.0
7910 4390 1.0
4390 7901 9.0
7901 4390 9.0
4390 7706 31.0
7706 4390 31.0
165 7778 20.0
7778 165 20.0
7902 7949 12.0
7949 7902 12.0
1042 7903 18.0
7903 1042 18.0
1042 7950 12.0
7950 1042 12.0
1042 7902 11.0
7902 1042 11.0
1042 7841 10.0
7841 1042 10.0
7903 7904 3.0
7904 7903 3.0
7903 7951 12.0
7951 7903 12.0
7904 7952 12.0
7952 7904 12.0
4268 7905 20.0
7905 4268 20.0
4268 7911 20.0
7911 4268 20.0
4268 7894 41.0
7894 4268 41.0
7906 7907 22.0
7907 7906 22.0
7906 7930 6.0
7930 7906 6.0
7907 7908 9.0
7908 7907 9.0
7908 7909 9.0
7909 7908 9.0
7909 7910 12.0
7910 7909 12.0
7909 8001 18.0
8001 7909 18.0
4405 7910 31.0
7910 4405 31.0
4284 7911 1.0
7911 4284 1.0
4284 7905 1.0
7905 4284 1.0
53 7913 34.0
7913 53 34.0
53 8042 30.0
8042 53 30.0
53 7912 12.0
7912 53 12.0
53 7883 6.0
7883 53 6.0
7913 7914 7.0
7914 7913 7.0
7913 8231 63.0
8231 7913 63.0
7914 8030 36.0
8030 7914 36.0
3842 7916 29.0
7916 3842 29.0
3842 7966 11.0
7966 3842 11.0
3842 7915 32.0
7915 3842 32.0
7917 7918 3.0
7918 7917 3.0
3579 7919 43.0
7919 3579 43.0
3579 7931 45.0
7931 3579 45.0
3579 7918 9.0
7918 3579 9.0
7919 7931 2.0
7931 7919 2.0
7920 7921 23.0
7921 7920 23.0
7921 7922 36.0
7922 7921 36.0
7921 8059 27.0
8059 7921 27.0
7922 8060 27.0
8060 7922 27.0
887 7922 3.0
7922 887 3.0
887 7834 18.0
7834 887 18.0
1665 7923 30.0
7923 1665 30.0
1665 7996 11.0
7996 1665 11.0
7923 7942 5.0
7942 7923 5.0
7924 7925 11.0
7925 7924 11.0
7925 7926 18.0
7926 7925 18.0
7925 7976 9.0
7976 7925 9.0
7926 8005 13.0
8005 7926 13.0
2874 7927 60.0
7927 2874 60.0
2874 8006 13.0
8006 2874 13.0
2874 7926 2.0
7926 2874 2.0
2874 7895 7.0
7895 2874 7.0
7928 7929 12.0
7929 7928 12.0
7929 7969 8.0
7969 7929 8.0
4357 7930 9.0
7930 4357 9.0
4357 7999 12.0
7999 4357 12.0
4357 7929 39.0
7929 4357 39.0
4357 7827 19.0
7827 4357 19.0
7930 8000 12.0
8000 7930 12.0
3658 7932 19.0
7932 3658 19.0
3658 7931 7.0
7931 3658 7.0
3658 7760 29.0
7760 3658 29.0
2160 7933 6.0
7933 2160 6.0
2160 8035 27.0
8035 2160 27.0
2160 7762 37.0
7762 2160 37.0
2160 7763 29.0
7763 2160 29.0
7933 8035 21.0
8035 7933 21.0
7934 7935 2.0
7935 7934 2.0
7935 7936 31.0
7936 7935 31.0
7935 7993 8.0
7993 7935 8.0
7936 7937 6.0
7937 7936 6.0
7936 7994 8.0
7994 7936 8.0
7937 7995 8.0
7995 7937 8.0
332 7938 19.0
7938 332 19.0
332 8049 23.0
8049 332 23.0
332 7937 22.0
7937 332 22.0
332 7780 28.0
7780 332 28.0
7938 8050 23.0
8050 7938 23.0
7939 7940 5.0
7940 7939 5.0
7939 8166 40.0
8166 7939 40.0
7940 8167 40.0
8167 7940 40.0
656 7941 52.0
7941 656 52.0
656 7940 3.0
7940 656 3.0
656 7849 18.0
7849 656 18.0
7941 8056 24.0
8056 7941 24.0
7942 7943 31.0
7943 7942 31.0
7943 7944 19.0
7944 7943 19.0
7943 7997 6.0
7997 7943 6.0
7944 7945 13.0
7945 7944 13.0
7945 7946 10.0
7946 7945 10.0
7946 8003 8.0
8003 7946 8.0
1863 7947 7.0
7947 1863 7.0
1863 8004 8.0
8004 1863 8.0
1863 7946 8.0
7946 1863 8.0
1863 7786 30.0
7786 1863 30.0
7947 7948 15.0
7948 7947 15.0
7947 8126 32.0
8126 7947 32.0
7948 8127 32.0
8127 7948 32.0
7949 7950 11.0
7950 7949 11.0
7949 7956 2.0
7956 7949 2.0
7950 7951 18.0
7951 7950 18.0
7950 7957 2.0
7957 7950 2.0
7951 7952 3.0
7952 7951 3.0
7951 7958 2.0
7958 7951 2.0
7952 7953 17.0
7953 7952 17.0
7952 7959 2.0
7959 7952 2.0
7953 7954 5.0
7954 7953 5.0
7953 7960 2.0
7960 7953 2.0
1134 7955 23.0
7955 1134 23.0
1134 7961 2.0
7961 1134 2.0
1134 7954 17.0
7954 1134 17.0
1134 7846 22.0
7846 1134 22.0
7955 7962 2.0
7962 7955 2.0
7956 7957 11.0
7957 7956 11.0
7957 7958 18.0
7958 7957 18.0
7958 7959 3.0
7959 7958 3.0
7959 7960 17.0
7960 7959 17.0
7959 8175 37.0
8175 7959 37.0
7960 7961 22.0
7961 7960 22.0
7960 8132 30.0
8132 7960 30.0
7961 7962 23.0
7962 7961 23.0
7961 8133 30.0
8133 7961 30.0
7962 7963 6.0
7963 7962 6.0
7963 7964 6.0
7964 7963 6.0
1211 7965 52.0
7965 1211 52.0
1211 8134 30.0
8134 1211 30.0
1211 7964 6.0
7964 1211 6.0
1211 7753 38.0
7753 1211 38.0
7966 8018 30.0
8018 7966 30.0
3874 7967 22.0
7967 3874 22.0
3874 7966 29.0
7966 3874 29.0
3874 7916 11.0
7916 3874 11.0
7968 8088 23.0
8088 7968 23.0
4328 7969 12.0
7969 4328 12.0
4328 8089 23.0
8089 4328 23.0
4328 7968 11.0
7968 4328 11.0
4328 7928 8.0
7928 4328 8.0
7969 8090 23.0
8090 7969 23.0
495 515 10.0
515 495 10.0
495 8074 21.0
8074 495 21.0
495 7743 40.0
7743 495 40.0
515 7970 2.0
7970 515 2.0
515 7744 40.0
7744 515 40.0
7970 8075 21.0
8075 7970 21.0
7971 7972 10.0
7972 7971 10.0
7971 8014 6.0
8014 7971 6.0
7972 7973 27.0
7973 7972 27.0
7972 8015 6.0
8015 7972 6.0
7973 7974 20.0
7974 7973 20.0
7973 8016 6.0
8016 7973 6.0
7974 7975 2.0
7975 7974 2.0
7974 8022 8.0
8022 7974 8.0
2832 7976 11.0
7976 2832 11.0
2832 8085 22.0
8085 2832 22.0
2832 7975 19.0
7975 2832 19.0
2832 7924 9.0
7924 2832 9.0
7976 8086 22.0
8086 7976 22.0
7977 7978 1.0
7978 7977 1.0
7978 7979 18.0
7979 7978 18.0
7978 8017 6.0
8017 7978 6.0
7979 7980 13.0
7980 7979 13.0
7979 8025 9.0
8025 7979 9.0
7980 7981 18.0
7981 7980 18.0
4169 7982 9.0
7982 4169 9.0
4169 8027 9.0
8027 4169 9.0
4169 7981 31.0
7981 4169 31.0
4169 7890 17.0
7890 4169 17.0
7982 8100 23.0
8100 7982 23.0
7983 7984 8.0
7984 7983 8.0
7983 8071 19.0
8071 7983 19.0
7984 7985 24.0
7985 7984 24.0
7985 7986 2.0
7986 7985 2.0
7986 8072 19.0
8072 7986 19.0
3263 7987 31.0
7987 3263 31.0
3263 8073 19.0
8073 3263 19.0
3263 7986 5.0
7986 3263 5.0
3263 7821 29.0
7821 3263 29.0
7987 8105 23.0
8105 7987 23.0
122 7988 29.0
7988 122 29.0
7989 7990 19.0
7990 7989 19.0
7989 8062 18.0
8062 7989 18.0
7990 7991 25.0
7991 7990 25.0
7990 8043 15.0
8043 7990 15.0
7991 7992 1.0
7992 7991 1.0
264 7993 2.0
7993 264 2.0
264 8045 15.0
8045 264 15.0
264 7992 5.0
7992 264 5.0
264 7934 8.0
7934 264 8.0
7993 7994 31.0
7994 7993 31.0
7993 8046 15.0
8046 7993 15.0
7994 7995 6.0
7995 7994 6.0
7994 8047 15.0
8047 7994 15.0
7995 8048 15.0
8048 7995 15.0
7996 8061 17.0
8061 7996 17.0
1721 7997 31.0
7997 1721 31.0
1721 7996 30.0
7996 1721 30.0
1721 7942 6.0
7942 1721 6.0
7997 8002 10.0
8002 7997 10.0
2546 7998 12.0
7998 2546 12.0
2546 8009 2.0
8009 2546 2.0
2546 8008 3.0
8008 2546 3.0
2546 7700 50.0
7700 2546 50.0
7998 8010 2.0
8010 7998 2.0
7999 8000 9.0
8000 7999 9.0
7999 8092 19.0
8092 7999 19.0
4381 8001 9.0
8001 4381 9.0
4381 8094 19.0
8094 4381 19.0
4381 8000 31.0
8000 4381 31.0
4381 7908 18.0
7908 4381 18.0
1031 8173 32.0
8173 1031 32.0
1031 7956 5.0
7956 1031 5.0
8002 8121 24.0
8121 8002 24.0
1807 8003 23.0
8003 1807 23.0
1807 8122 24.0
8122 1807 24.0
1807 8002 11.0
8002 1807 11.0
1807 7944 8.0
7944 1807 8.0
8003 8004 8.0
8004 8003 8.0
8003 8124 24.0
8124 8003 24.0
8004 8125 24.0
8125 8004 24.0
8005 8006 2.0
8006 8005 2.0
2980 8006 60.0
8006 2980 60.0
2980 7927 13.0
7927 2980 13.0
4017 8034 8.0
8034 4017 8.0
4017 8033 20.0
8033 4017 20.0
8007 8032 10.0
8032 8007 10.0
1422 8007 29.0
8007 1422 29.0
1422 7775 40.0
7775 1422 40.0
8008 8009 1.0
8009 8008 1.0
8009 8010 12.0
8010 8009 12.0
2619 8013 29.0
8013 2619 29.0
2619 8010 29.0
8010 2619 29.0
2284 8012 39.0
8012 2284 39.0
2284 8037 8.0
8037 2284 8.0
2284 8011 8.0
8011 2284 8.0
2284 7870 27.0
7870 2284 27.0
8012 8066 14.0
8066 8012 14.0
8013 8135 23.0
8135 8013 23.0
2667 8014 13.0
8014 2667 13.0
2667 8019 2.0
8019 2667 2.0
2667 8013 2.0
8013 2667 2.0
2667 7971 19.0
7971 2667 19.0
8014 8015 10.0
8015 8014 10.0
8014 8020 2.0
8020 8014 2.0
8015 8016 27.0
8016 8015 27.0
8015 8021 2.0
8021 8015 2.0
4089 8017 1.0
8017 4089 1.0
4089 8023 3.0
8023 4089 3.0
4089 7977 6.0
7977 4089 6.0
8017 8024 3.0
8024 8017 3.0
3803 8018 10.0
8018 3803 10.0
3803 8114 20.0
8114 3803 20.0
3803 7915 19.0
7915 3803 19.0
8019 8020 13.0
8020 8019 13.0
8019 8136 21.0
8136 8019 21.0
8020 8021 10.0
8021 8020 10.0
8020 8137 21.0
8137 8020 21.0
2759 8022 20.0
8022 2759 20.0
2759 8083 14.0
8083 2759 14.0
2759 8021 27.0
8021 2759 27.0
2759 8016 2.0
8016 2759 2.0
8022 8084 14.0
8084 8022 14.0
8023 8024 1.0
8024 8023 1.0
8023 8112 16.0
8112 8023 16.0
8024 8025 18.0
8025 8024 18.0
8025 8026 9.0
8026 8025 9.0
8026 8115 18.0
8115 8026 18.0
4146 8027 31.0
8027 4146 31.0
4146 8150 22.0
8150 4146 22.0
4146 8026 22.0
8026 4146 22.0
4146 7981 9.0
7981 4146 9.0
8027 8099 14.0
8099 8027 14.0
8028 8077 12.0
8077 8028 12.0
8028 8076 25.0
8076 8028 25.0
4437 8029 22.0
8029 4437 22.0
4437 8079 12.0
8079 4437 12.0
4437 8028 39.0
8028 4437 39.0
4437 7881 29.0
7881 4437 29.0
8029 8080 12.0
8080 8029 12.0
8030 8031 5.0
8031 8030 5.0
103 8232 39.0
8232 103 39.0
103 8031 32.0
8031 103 32.0
103 7988 10.0
7988 103 10.0
1317 8032 29.0
8032 1317 29.0
1317 7965 31.0
7965 1317 31.0
3946 8033 39.0
8033 3946 39.0
3946 8256 42.0
8256 3946 42.0
3946 7967 41.0
7967 3946 41.0
8033 8034 12.0
8034 8033 12.0
8033 8212 33.0
8212 8033 33.0
8034 8111 22.0
8111 8034 22.0
8035 8036 3.0
8036 8035 3.0
2201 8037 41.0
8037 2201 41.0
2201 8036 20.0
8036 2201 20.0
2201 8011 41.0
8011 2201 41.0
8037 8065 6.0
8065 8037 6.0
8038 8039 12.0
8039 8038 12.0
8039 8040 48.0
8040 8039 48.0
8039 8102 7.0
8102 8039 7.0
8040 8041 18.0
8041 8040 18.0
8041 8172 19.0
8172 8041 19.0
4283 8041 3.0
8041 4283 3.0
4283 7911 30.0
7911 4283 30.0
47 8042 12.0
8042 47 12.0
47 8113 9.0
8113 47 9.0
47 7912 30.0
7912 47 30.0
8042 8229 33.0
8229 8042 33.0
8043 8044 8.0
8044 8043 8.0
8044 8045 23.0
8045 8044 23.0
8044 8063 3.0
8063 8044 3.0
8045 8046 2.0
8046 8045 2.0
8045 8064 3.0
8064 8045 3.0
8046 8047 31.0
8047 8046 31.0
8046 8160 17.0
8160 8046 17.0
8047 8048 6.0
8048 8047 6.0
8047 8162 17.0
8162 8047 17.0
8048 8049 22.0
8049 8048 22.0
8049 8050 19.0
8050 8049 19.0
8049 8107 8.0
8107 8049 8.0
8050 8051 7.0
8051 8050 7.0
8051 8052 26.0
8052 8051 26.0
8051 8108 8.0
8108 8051 8.0
8052 8053 5.0
8053 8052 5.0
8053 8109 8.0
8109 8053 8.0
402 8110 8.0
8110 402 8.0
402 8053 2.0
8053 402 2.0
402 7784 51.0
7784 402 51.0
8054 8055 7.0
8055 8054 7.0
8054 8210 28.0
8210 8054 28.0
8054 8106 40.0
8106 8054 40.0
8055 8144 13.0
8144 8055 13.0
3457 8145 13.0
8145 3457 13.0
3457 8055 11.0
8055 3457 11.0
3457 7860 39.0
7860 3457 39.0
8056 8057 5.0
8057 8056 5.0
8056 8269 38.0
8269 8056 38.0
8057 8058 27.0
8058 8057 27.0
8057 8270 38.0
8270 8057 38.0
788 8059 23.0
8059 788 23.0
788 8320 52.0
8320 788 52.0
788 8058 6.0
8058 788 6.0
788 7920 27.0
7920 788 27.0
8059 8060 36.0
8060 8059 36.0
8059 8239 38.0
8239 8059 38.0
1586 8061 42.0
8061 1586 42.0
8062 8120 11.0
8120 8062 11.0
241 8063 8.0
8063 241 8.0
241 8157 14.0
8157 241 14.0
241 8062 19.0
8062 241 19.0
241 8043 3.0
8043 241 3.0
8063 8064 23.0
8064 8063 23.0
8063 8158 14.0
8158 8063 14.0
8064 8159 14.0
8159 8064 14.0
8065 8066 39.0
8066 8065 39.0
8066 8067 23.0
8067 8066 23.0
2424 8178 18.0
8178 2424 18.0
2424 8067 29.0
8067 2424 29.0
2424 7874 41.0
7874 2424 41.0
8068 8069 13.0
8069 8068 13.0
8069 8070 26.0
8070 8069 26.0
8070 8071 15.0
8071 8070 15.0
8070 8179 18.0
8179 8070 18.0
3222 8072 26.0
8072 3222 26.0
3222 8180 18.0
8180 3222 18.0
3222 8071 8.0
8071 3222 8.0
3222 7984 19.0
7984 3222 19.0
8072 8073 5.0
8073 8072 5.0
8072 8248 32.0
8248 8072 32.0
8073 8103 4.0
8103 8073 4.0
8074 8075 12.0
8075 8074 12.0
8074 8131 21.0
8131 8074 21.0
545 8164 13.0
8164 545 13.0
545 8075 17.0
8075 545 17.0
1681 8061 11.0
8061 1681 11.0
8076 8077 13.0
8077 8076 13.0
8076 8116 6.0
8116 8076 6.0
8077 8078 37.0
8078 8077 37.0
8078 8079 2.0
8079 8078 2.0
8078 8191 20.0
8191 8078 20.0
8079 8080 22.0
8080 8079 22.0
8079 8192 20.0
8192 8079 20.0
8080 8081 7.0
8081 8080 7.0
8081 8095 1.0
8095 8081 1.0
4447 8082 32.0
8082 4447 32.0
4447 8096 1.0
8096 4447 1.0
4447 8081 1.0
8081 4447 1.0
4447 7888 40.0
7888 4447 40.0
8082 8097 1.0
8097 8082 1.0
8083 8084 20.0
8084 8083 20.0
8083 8139 7.0
8139 8083 7.0
8084 8085 21.0
8085 8084 21.0
8085 8086 11.0
8086 8085 11.0
8085 8141 7.0
8141 8085 7.0
8086 8087 7.0
8087 8086 7.0
8086 8142 7.0
8142 8086 7.0
8087 8143 7.0
8143 8087 7.0
2871 8087 11.0
8087 2871 11.0
2871 8005 18.0
8005 2871 18.0
8088 8089 11.0
8089 8088 11.0
8089 8090 12.0
8090 8089 12.0
8089 8188 17.0
8188 8089 17.0
8090 8091 16.0
8091 8090 16.0
8090 8189 17.0
8189 8090 17.0
8091 8092 23.0
8092 8091 23.0
8091 8190 17.0
8190 8091 17.0
8092 8093 7.0
8093 8092 7.0
8092 8309 39.0
8309 8092 39.0
8093 8199 22.0
8199 8093 22.0
4361 8094 31.0
8094 4361 31.0
4361 8200 22.0
8200 4361 22.0
4361 8093 2.0
8093 4361 2.0
4361 8000 19.0
8000 4361 19.0
8094 8201 22.0
8201 8094 22.0
8095 8096 1.0
8096 8095 1.0
8096 8097 32.0
8097 8096 32.0
8097 8098 6.0
8098 8097 6.0
4458 8098 3.0
8098 4458 3.0
2544 8255 30.0
8255 2544 30.0
2544 8008 18.0
8008 2544 18.0
3676 8260 32.0
8260 3676 32.0
3676 7932 31.0
7932 3676 31.0
8099 8100 9.0
8100 8099 9.0
8099 8152 8.0
8152 8099 8.0
8100 8101 49.0
8101 8100 49.0
8101 8153 8.0
8153 8101 8.0
4219 8102 12.0
8102 4219 12.0
4219 8218 22.0
8218 4219 22.0
4219 8101 2.0
8101 4219 2.0
4219 8038 7.0
8038 4219 7.0
8102 8169 12.0
8169 8102 12.0
2170 8197 19.0
8197 2170 19.0
2170 8036 10.0
8036 2170 10.0
8103 8104 8.0
8104 8103 8.0
8103 8249 28.0
8249 8103 28.0
8104 8105 23.0
8105 8104 23.0
8105 8250 28.0
8250 8105 28.0
3340 8106 20.0
8106 3340 20.0
3340 8209 21.0
8209 3340 21.0
3340 8105 18.0
8105 3340 18.0
3340 7822 52.0
7822 3340 52.0
8107 8163 11.0
8163 8107 11.0
353 8108 7.0
8108 353 7.0
353 8205 20.0
8205 353 20.0
353 8107 19.0
8107 353 19.0
353 8050 8.0
8050 353 8.0
8108 8109 31.0
8109 8108 31.0
8108 8359 52.0
8359 8108 52.0
8109 8110 2.0
8110 8109 2.0
8109 8129 4.0
8129 8109 4.0
8110 8130 4.0
8130 8110 4.0
4059 8112 31.0
8112 4059 31.0
4059 8111 21.0
8111 4059 21.0
4059 8023 47.0
8023 4059 47.0
35 8113 30.0
8113 35 30.0
35 8198 20.0
8198 35 20.0
35 47 39.0
47 35 39.0
8113 8229 36.0
8229 8113 36.0
164 8118 2.0
8118 164 2.0
164 8117 3.0
8117 164 3.0
164 165 43.0
165 164 43.0
8114 8227 24.0
8227 8114 24.0
3816 8228 20.0
8228 3816 20.0
3816 8114 10.0
8114 3816 10.0
3816 8018 20.0
8018 3816 20.0
4116 8115 9.0
8115 4116 9.0
4116 8148 4.0
8148 4116 4.0
4116 8112 21.0
8112 4116 21.0
4116 8025 18.0
8025 4116 18.0
8115 8149 4.0
8149 8115 4.0
4416 8116 9.0
8116 4416 9.0
4416 8222 18.0
8222 4416 18.0
8117 8118 1.0
8118 8117 1.0
196 8119 12.0
8119 196 12.0
196 8154 6.0
8154 196 6.0
196 8118 51.0
8118 196 51.0
196 7858 50.0
7858 196 50.0
8119 8120 27.0
8120 8119 27.0
8119 8155 6.0
8155 8119 6.0
8120 8156 6.0
8156 8120 6.0
8121 8122 11.0
8122 8121 11.0
8122 8123 18.0
8123 8122 18.0
8122 8168 6.0
8168 8122 6.0
8123 8124 5.0
8124 8123 5.0
8123 8182 11.0
8182 8123 11.0
8124 8125 8.0
8125 8124 8.0
8124 8183 11.0
8183 8124 11.0
8125 8126 7.0
8126 8125 7.0
8125 8184 11.0
8184 8125 11.0
8126 8127 15.0
8127 8126 15.0
8126 8185 11.0
8185 8126 11.0
1922 8128 30.0
8128 1922 30.0
1922 8186 11.0
8186 1922 11.0
1922 8127 17.0
8127 1922 17.0
1922 7788 62.0
7788 1922 62.0
8129 8130 2.0
8130 8129 2.0
475 8131 9.0
8131 475 9.0
475 488 40.0
488 475 40.0
475 8130 50.0
8130 475 50.0
8132 8133 22.0
8133 8132 22.0
8132 8176 7.0
8176 8132 7.0
1185 8134 12.0
8134 1185 12.0
1185 8226 18.0
8226 1185 18.0
1185 8133 29.0
8133 1185 29.0
1185 7963 30.0
7963 1185 30.0
8134 8377 51.0
8377 8134 51.0
8135 8136 2.0
8136 8135 2.0
8136 8137 13.0
8137 8136 13.0
8137 8138 35.0
8138 8137 35.0
8137 8177 7.0
8177 8137 7.0
8138 8139 2.0
8139 8138 2.0
8139 8140 17.0
8140 8139 17.0
8139 8296 30.0
8296 8139 30.0
8140 8240 22.0
8240 8140 22.0
2785 8141 21.0
8141 2785 21.0
2785 8241 22.0
8241 2785 22.0
2785 8140 3.0
8140 2785 3.0
2785 8084 7.0
8084 2785 7.0
8141 8142 11.0
8142 8141 11.0
8141 8242 22.0
8242 8141 22.0
8142 8143 7.0
8143 8142 7.0
8142 8243 22.0
8243 8142 22.0
8144 8145 11.0
8145 8144 11.0
8144 8211 15.0
8211 8144 15.0
8145 8146 29.0
8146 8145 29.0
8145 8281 27.0
8281 8145 27.0
8146 8147 39.0
8147 8146 39.0
8147 8289 28.0
8289 8147 28.0
3560 8326 42.0
8326 3560 42.0
3560 8147 3.0
8147 3560 3.0
3560 7917 40.0
7917 3560 40.0
8148 8149 9.0
8149 8148 9.0
8149 8150 22.0
8150 8149 22.0
8150 8151 17.0
8151 8150 17.0
8151 8152 14.0
8152 8151 14.0
8151 8214 14.0
8214 8151 14.0
8152 8215 14.0
8215 8152 14.0
4181 8153 49.0
8153 4181 49.0
4181 8216 14.0
8216 4181 14.0
4181 8152 9.0
8152 4181 9.0
4181 8100 8.0
8100 4181 8.0
8153 8217 14.0
8217 8153 14.0
8154 8155 12.0
8155 8154 12.0
8154 8298 38.0
8298 8154 38.0
8155 8156 27.0
8156 8155 27.0
8155 8298 26.0
8298 8155 26.0
8156 8157 22.0
8157 8156 22.0
8156 8233 17.0
8233 8156 17.0
8157 8158 8.0
8158 8157 8.0
8157 8235 17.0
8235 8157 17.0
8158 8159 23.0
8159 8158 23.0
8159 8160 2.0
8160 8159 2.0
8159 8236 17.0
8236 8159 17.0
8160 8161 25.0
8161 8160 25.0
8160 8237 17.0
8237 8160 17.0
8161 8162 6.0
8162 8161 6.0
8161 8202 11.0
8202 8161 11.0
307 8163 20.0
8163 307 20.0
307 8203 11.0
8203 307 11.0
307 8162 6.0
8162 307 6.0
307 8048 17.0
8048 307 17.0
8164 8165 9.0
8165 8164 9.0
8164 8301 26.0
8301 8164 26.0
8165 8265 22.0
8265 8165 22.0
617 8166 14.0
8166 617 14.0
617 8206 11.0
8206 617 11.0
617 8165 41.0
8165 617 41.0
8166 8167 5.0
8167 8166 5.0
8166 8207 11.0
8207 8166 11.0
8167 8208 11.0
8208 8167 11.0
1789 8168 11.0
8168 1789 11.0
1789 8271 22.0
8271 1789 22.0
1789 8121 6.0
8121 1789 6.0
8168 8181 5.0
8181 8168 5.0
8169 8170 27.0
8170 8169 27.0
8169 8219 10.0
8219 8169 10.0
8170 8171 10.0
8171 8170 10.0
8171 8220 10.0
8220 8171 10.0
4267 8172 18.0
8172 4267 18.0
4267 8264 20.0
8264 4267 20.0
4267 8171 11.0
8171 4267 11.0
4267 8040 19.0
8040 4267 19.0
8173 8174 17.0
8174 8173 17.0
8174 8223 11.0
8223 8174 11.0
1076 8175 3.0
8175 1076 3.0
1076 8224 11.0
8224 1076 11.0
1076 8174 12.0
8174 1076 12.0
1076 7958 37.0
7958 1076 37.0
8175 8176 17.0
8176 8175 17.0
8175 8225 11.0
8225 8175 11.0
2663 8177 15.0
8177 2663 15.0
2663 8294 23.0
8294 2663 23.0
2663 8293 25.0
8293 2663 25.0
2663 8135 7.0
8135 2663 7.0
8177 8295 23.0
8295 8177 23.0
2349 8178 52.0
8178 2349 52.0
2349 8378 42.0
8378 2349 42.0
2349 8065 57.0
8065 2349 57.0
2349 8066 18.0
8066 2349 18.0
8178 8252 15.0
8252 8178 15.0
3120 8179 39.0
8179 3120 39.0
3120 8245 14.0
8245 3120 14.0
3120 8068 18.0
8068 3120 18.0
8179 8180 23.0
8180 8179 23.0
8179 8246 14.0
8246 8179 14.0
8180 8247 14.0
8247 8180 14.0
8181 8182 18.0
8182 8181 18.0
8181 8272 17.0
8272 8181 17.0
8182 8183 5.0
8183 8182 5.0
8183 8184 8.0
8184 8183 8.0
8183 8273 17.0
8273 8183 17.0
8184 8185 7.0
8185 8184 7.0
8184 8274 17.0
8274 8184 17.0
8185 8186 32.0
8186 8185 32.0
8185 8275 17.0
8275 8185 17.0
1970 8187 23.0
8187 1970 23.0
1970 8194 3.0
8194 1970 3.0
1970 8186 30.0
8186 1970 30.0
1970 8128 11.0
8128 1970 11.0
8187 8195 3.0
8195 8187 3.0
4324 8188 11.0
8188 4324 11.0
4324 8088 17.0
8088 4324 17.0
8188 8189 12.0
8189 8188 12.0
8188 8307 34.0
8307 8188 34.0
8189 8190 16.0
8190 8189 16.0
8189 8307 22.0
8307 8189 22.0
8191 8192 2.0
8192 8191 2.0
8191 8282 16.0
8282 8191 16.0
8192 8193 6.0
8193 8192 6.0
8192 8302 19.0
8302 8192 19.0
8193 8303 19.0
8303 8193 19.0
4446 8304 19.0
8304 4446 19.0
4446 8193 23.0
8193 4446 23.0
4446 8095 19.0
8095 4446 19.0
8194 8195 23.0
8195 8194 23.0
8194 8364 35.0
8364 8194 35.0
8195 8196 5.0
8196 8195 5.0
8195 8389 39.0
8389 8195 39.0
8196 8343 32.0
8343 8196 32.0
2096 8197 40.0
8197 2096 40.0
2096 8344 32.0
8344 2096 32.0
2096 8196 43.0
8196 2096 43.0
14 8198 50.0
8198 14 50.0
14 8314 22.0
8314 14 22.0
14 8313 34.0
8313 14 34.0
1380 8032 32.0
8032 1380 32.0
8199 8200 2.0
8200 8199 2.0
8199 8310 17.0
8310 8199 17.0
8200 8201 31.0
8201 8200 31.0
4386 8221 30.0
8221 4386 30.0
4386 8201 9.0
8201 4386 9.0
4386 8001 41.0
8001 4386 41.0
8202 8203 12.0
8203 8202 12.0
8202 8238 6.0
8238 8202 6.0
8203 8204 17.0
8204 8203 17.0
8203 8402 39.0
8402 8203 39.0
8204 8356 32.0
8356 8204 32.0
328 8205 21.0
8205 328 21.0
328 8357 32.0
8357 328 32.0
328 8204 3.0
8204 328 3.0
328 8163 11.0
8163 328 11.0
8205 8358 32.0
8358 8205 32.0
8206 8207 14.0
8207 8206 14.0
8206 8266 11.0
8266 8206 11.0
8207 8208 5.0
8208 8207 5.0
8208 8267 11.0
8267 8208 11.0
678 8268 11.0
8268 678 11.0
678 8208 21.0
8208 678 21.0
8209 8277 12.0
8277 8209 12.0
8209 8251 19.0
8251 8209 19.0
3383 8210 33.0
8210 3383 33.0
3383 8278 12.0
8278 3383 12.0
3383 8209 20.0
8209 3383 20.0
3383 8106 21.0
8106 3383 21.0
8210 8211 7.0
8211 8210 7.0
8210 8280 12.0
8280 8210 12.0
8212 8213 16.0
8213 8212 16.0
8213 8258 9.0
8258 8213 9.0
4034 8213 5.0
8213 4034 5.0
4034 8111 20.0
8111 4034 20.0
8214 8215 14.0
8215 8214 14.0
8214 8292 13.0
8292 8214 13.0
8215 8216 9.0
8216 8215 9.0
8215 8334 28.0
8334 8215 28.0
8216 8217 49.0
8217 8216 49.0
8216 8335 28.0
8335 8216 28.0
8217 8218 2.0
8218 8217 2.0
8218 8219 12.0
8219 8218 12.0
4248 8220 10.0
8220 4248 10.0
4248 8263 17.0
8263 4248 17.0
4248 8219 27.0
8219 4248 27.0
4248 8170 10.0
8170 4248 10.0
4398 8222 41.0
8222 4398 41.0
4398 8221 1.0
8221 4398 1.0
163 8355 29.0
8355 163 29.0
163 8354 33.0
8354 163 33.0
163 8117 18.0
8117 163 18.0
8223 8224 12.0
8224 8223 12.0
8223 8259 8.0
8259 8223 8.0
8224 8225 3.0
8225 8224 3.0
1105 8226 51.0
8226 1105 51.0
1105 8374 33.0
8374 1105 33.0
1105 8225 17.0
8225 1105 17.0
1105 8176 11.0
8176 1105 11.0
8226 8375 33.0
8375 8226 33.0
3784 8227 7.0
8227 3784 7.0
3784 8262 8.0
8262 3784 8.0
8227 8228 14.0
8228 8227 14.0
8227 8290 11.0
8290 8227 11.0
8228 8291 11.0
8291 8228 11.0
8229 8230 16.0
8230 8229 16.0
8230 8231 18.0
8231 8230 18.0
8230 8316 16.0
8316 8230 16.0
8231 8372 29.0
8372 8231 29.0
83 8232 32.0
8232 83 32.0
83 8373 29.0
8373 83 29.0
83 8231 24.0
8231 83 24.0
83 8031 39.0
8031 83 39.0
8232 8398 33.0
8398 8232 33.0
8233 8234 18.0
8234 8233 18.0
8234 8235 4.0
8235 8234 4.0
8234 8300 9.0
8300 8234 9.0
245 8236 23.0
8236 245 23.0
245 8235 8.0
8235 245 8.0
245 8158 17.0
8158 245 17.0
8236 8237 2.0
8237 8236 2.0
8236 8400 35.0
8400 8236 35.0
8237 8238 25.0
8238 8237 25.0
8237 8400 33.0
8400 8237 33.0
881 8239 31.0
8239 881 31.0
881 8060 33.0
8060 881 33.0
8240 8241 3.0
8241 8240 3.0
8240 8297 8.0
8297 8240 8.0
8241 8242 21.0
8242 8241 21.0
8242 8243 11.0
8243 8242 11.0
8242 8423 39.0
8423 8242 39.0
8243 8244 4.0
8244 8243 4.0
8243 8424 39.0
8424 8243 39.0
8244 8425 39.0
8425 8244 39.0
2863 8244 3.0
8244 2863 3.0
2863 8143 22.0
8143 2863 22.0
8245 8246 39.0
8246 8245 39.0
8245 8322 18.0
8322 8245 18.0
8246 8247 23.0
8247 8246 23.0
8247 8248 26.0
8248 8247 26.0
8247 8323 18.0
8323 8247 18.0
8248 8249 5.0
8249 8248 5.0
8248 8324 18.0
8324 8248 18.0
3275 8250 23.0
8250 3275 23.0
3275 8349 22.0
8349 3275 22.0
3275 8249 8.0
8249 3275 8.0
3275 8104 28.0
8104 3275 28.0
8250 8251 6.0
8251 8250 6.0
8250 8350 22.0
8350 8250 22.0
8251 8276 5.0
8276 8251 5.0
8252 8253 18.0
8253 8252 18.0
8252 8305 8.0
8305 8252 8.0
8253 8254 9.0
8254 8253 9.0
8254 8306 8.0
8306 8254 8.0
2517 8255 21.0
8255 2517 21.0
2517 8254 22.0
8254 2517 22.0
2169 8197 12.0
8197 2169 12.0
2578 8519 61.0
8519 2578 61.0
2578 8255 20.0
8255 2578 20.0
8256 8257 17.0
8257 8256 17.0
8257 8328 18.0
8328 8257 18.0
4003 8258 16.0
8258 4003 16.0
4003 8437 39.0
8437 4003 39.0
4003 8257 22.0
8257 4003 22.0
4003 8212 9.0
8212 4003 9.0
8258 8483 52.0
8483 8258 52.0
1028 8259 19.0
8259 1028 19.0
1028 8406 31.0
8406 1028 31.0
1028 8173 21.0
8173 1028 21.0
8260 8261 18.0
8261 8260 18.0
8261 8312 8.0
8312 8261 8.0
3728 8262 41.0
8262 3728 41.0
3728 8261 11.0
8261 3728 11.0
3728 3784 49.0
3784 3728 49.0
8262 8290 10.0
8290 8262 10.0
8263 8337 18.0
8337 8263 18.0
4256 8264 11.0
8264 4256 11.0
4256 8338 18.0
8338 4256 18.0
4256 8263 3.0
8263 4256 3.0
4256 8220 10.0
8220 4256 10.0
8264 8417 32.0
8417 8264 32.0
8265 8266 41.0
8266 8265 41.0
8266 8267 19.0
8267 8266 19.0
8267 8268 21.0
8268 8267 21.0
710 8269 14.0
8269 710 14.0
710 8317 14.0
8317 710 14.0
710 8268 20.0
8268 710 20.0
8269 8270 5.0
8270 8269 5.0
8269 8318 14.0
8318 8269 14.0
8270 8319 14.0
8319 8270 14.0
8271 8272 11.0
8272 8271 11.0
1836 8273 5.0
8273 1836 5.0
1836 8360 21.0
8360 1836 21.0
1836 8272 18.0
8272 1836 18.0
1836 8182 17.0
8182 1836 17.0
8273 8274 8.0
8274 8273 8.0
8273 8361 21.0
8361 8273 21.0
8274 8275 7.0
8275 8274 7.0
8274 8362 21.0
8362 8274 21.0
8276 8277 12.0
8277 8276 12.0
8276 8283 1.0
8283 8276 1.0
8277 8278 20.0
8278 8277 20.0
8277 8284 1.0
8284 8277 1.0
8278 8279 18.0
8279 8278 18.0
8278 8285 1.0
8285 8278 1.0
8279 8280 15.0
8280 8279 15.0
8279 8286 1.0
8286 8279 1.0
3439 8281 11.0
8281 3439 11.0
3439 8287 1.0
8287 3439 1.0
3439 8280 7.0
8280 3439 7.0
3439 8211 12.0
8211 3439 12.0
8281 8288 1.0
8288 8281 1.0
4419 8282 50.0
8282 4419 50.0
4419 4436 53.0
4436 4419 53.0
4419 8222 21.0
8222 4419 21.0
4419 8116 30.0
8116 4419 30.0
8283 8284 12.0
8284 8283 12.0
8284 8285 20.0
8285 8284 20.0
8284 8352 16.0
8352 8284 16.0
8285 8286 18.0
8286 8285 18.0
8285 8353 16.0
8353 8285 16.0
8286 8287 22.0
8287 8286 22.0
8286 8380 22.0
8380 8286 22.0
8287 8288 11.0
8288 8287 11.0
8287 8381 22.0
8381 8287 22.0
3496 8289 39.0
8289 3496 39.0
3496 8383 22.0
8383 3496 22.0
3496 8288 29.0
8288 3496 29.0
3496 8146 28.0
8146 3496 28.0
8289 8325 14.0
8325 8289 14.0
8290 8291 14.0
8291 8290 14.0
8290 8426 33.0
8426 8290 33.0
3821 8427 33.0
8427 3821 33.0
3821 8291 8.0
8291 3821 8.0
4123 8292 39.0
8292 4123 39.0
4123 8385 22.0
8385 4123 22.0
4123 8148 36.0
8148 4123 36.0
4123 8149 27.0
8149 4123 27.0
8292 8333 15.0
8333 8292 15.0
8293 8294 2.0
8294 8293 2.0
8294 8295 15.0
8295 8294 15.0
8295 8445 38.0
8445 8295 38.0
2755 8296 2.0
8296 2755 2.0
2755 8421 31.0
8421 2755 31.0
2755 8295 35.0
8295 2755 35.0
2755 8138 30.0
8138 2755 30.0
8296 8297 17.0
8297 8296 17.0
8296 8422 31.0
8422 8296 31.0
8298 8299 5.0
8299 8298 5.0
8299 8431 33.0
8431 8299 33.0
221 8300 18.0
8300 221 18.0
221 8432 33.0
8432 221 33.0
221 8299 22.0
8299 221 22.0
221 8233 9.0
8233 221 9.0
8300 8433 33.0
8433 8300 33.0
488 8301 42.0
8301 488 42.0
488 8131 31.0
8131 488 31.0
4436 8302 2.0
8302 4436 2.0
4436 8339 13.0
8339 4436 13.0
4436 8282 3.0
8282 4436 3.0
8302 8303 6.0
8303 8302 6.0
8302 8340 13.0
8340 8302 13.0
8303 8304 23.0
8304 8303 23.0
8303 8341 13.0
8341 8303 13.0
8304 8342 13.0
8342 8304 13.0
8305 8379 19.0
8379 8305 19.0
2463 8306 9.0
8306 2463 9.0
2463 8394 21.0
8394 2463 21.0
2463 8305 18.0
8305 2463 18.0
2463 8253 8.0
8253 2463 8.0
8307 8308 14.0
8308 8307 14.0
8308 8329 11.0
8329 8308 11.0
4341 8309 23.0
8309 4341 23.0
4341 8330 11.0
8330 4341 11.0
4341 8308 2.0
8308 4341 2.0
4341 8190 22.0
8190 4341 22.0
8309 8310 7.0
8310 8309 7.0
8309 8331 11.0
8331 8309 11.0
554 8301 11.0
8301 554 11.0
554 8265 6.0
8265 554 6.0
8311 8327 9.0
8327 8311 9.0
3668 8312 30.0
8312 3668 30.0
3668 8311 12.0
8311 3668 12.0
3668 8260 20.0
8260 3668 20.0
653 8267 9.0
8267 653 9.0
4397 8518 49.0
8518 4397 49.0
4397 8221 20.0
8221 4397 20.0
8313 8314 12.0
8314 8313 12.0
8313 8332 7.0
8332 8313 7.0
8314 8315 37.0
8315 8314 37.0
8314 8368 13.0
8368 8314 13.0
8315 8370 13.0
8370 8315 13.0
34 8316 60.0
8316 34 60.0
34 8371 13.0
8371 34 13.0
34 8315 13.0
8315 34 13.0
34 8198 22.0
8198 34 22.0
8317 8318 14.0
8318 8317 14.0
8317 8365 15.0
8365 8317 15.0
8318 8319 5.0
8319 8318 5.0
8318 8366 8.0
8366 8318 8.0
8319 8320 33.0
8320 8319 33.0
8320 8321 7.0
8321 8320 7.0
839 8321 21.0
8321 839 21.0
839 8239 19.0
8239 839 19.0
8322 8486 72.0
8486 8322 72.0
3178 8323 23.0
8323 3178 23.0
3178 8346 4.0
8346 3178 4.0
3178 8322 39.0
8322 3178 39.0
3178 8246 18.0
8246 3178 18.0
8323 8324 26.0
8324 8323 26.0
8323 8347 4.0
8347 8323 4.0
8324 8348 4.0
8348 8324 4.0
8325 8326 3.0
8326 8325 3.0
3615 8327 19.0
8327 3615 19.0
3615 8326 38.0
8326 3615 38.0
3615 8311 28.0
8311 3615 28.0
3928 8328 29.0
8328 3928 29.0
3928 8430 19.0
8430 3928 19.0
3928 8256 30.0
8256 3928 30.0
8329 8330 2.0
8330 8329 2.0
8330 8331 23.0
8331 8330 23.0
8330 8456 29.0
8456 8330 29.0
4359 8457 29.0
8457 4359 29.0
4359 8331 7.0
8331 4359 7.0
4359 8310 11.0
8310 4359 11.0
7 8332 19.0
8332 7 19.0
7 8395 18.0
8395 7 18.0
8332 8367 6.0
8367 8332 6.0
8333 8334 14.0
8334 8333 14.0
8334 8335 9.0
8335 8334 9.0
8334 8386 7.0
8386 8334 7.0
8335 8336 37.0
8336 8335 37.0
8336 8387 7.0
8387 8336 7.0
4217 8337 48.0
8337 4217 48.0
4217 8414 14.0
8414 4217 14.0
4217 8336 12.0
8336 4217 12.0
4217 8217 28.0
8217 4217 28.0
8337 8338 3.0
8338 8337 3.0
8337 8415 14.0
8415 8337 14.0
8338 8416 14.0
8416 8338 14.0
8339 8340 2.0
8340 8339 2.0
8339 8492 39.0
8492 8339 39.0
8340 8341 6.0
8341 8340 6.0
8340 8492 37.0
8492 8340 37.0
8341 8342 23.0
8342 8341 23.0
8342 8493 37.0
8493 8342 37.0
4457 8342 39.0
8342 4457 39.0
4457 8098 51.0
8098 4457 51.0
1376 1380 31.0
1380 1376 31.0
1753 8469 30.0
8469 1753 30.0
1753 8271 40.0
8271 1753 40.0
8343 8344 43.0
8344 8343 43.0
8344 8345 37.0
8345 8344 37.0
2167 8470 30.0
8470 2167 30.0
2167 8345 2.0
8345 2167 2.0
2167 2169 21.0
2169 2167 21.0
8346 8347 23.0
8347 8346 23.0
8346 8458 51.0
8458 8346 51.0
8347 8348 26.0
8348 8347 26.0
8347 8458 28.0
8458 8347 28.0
8348 8349 13.0
8349 8348 13.0
8349 8350 23.0
8350 8349 23.0
8350 8351 4.0
8351 8350 4.0
8350 8460 28.0
8460 8350 28.0
8351 8461 28.0
8461 8351 28.0
3322 8352 12.0
8352 3322 12.0
3322 8568 50.0
8568 3322 50.0
3322 8351 2.0
8351 3322 2.0
3322 8283 16.0
8283 3322 16.0
8352 8353 20.0
8353 8352 20.0
8352 8408 12.0
8408 8352 12.0
8353 8409 12.0
8409 8353 12.0
146 8354 17.0
8354 146 17.0
8354 8355 4.0
8355 8354 4.0
8354 8411 12.0
8411 8354 12.0
8355 8412 12.0
8412 8355 12.0
2974 8485 32.0
8485 2974 32.0
3711 8312 12.0
8312 3711 12.0
8356 8357 3.0
8357 8356 3.0
8356 8403 7.0
8403 8356 7.0
8357 8358 21.0
8358 8357 21.0
8357 8443 19.0
8443 8357 19.0
8358 8359 7.0
8359 8358 7.0
397 8359 31.0
8359 397 31.0
397 8129 48.0
8129 397 48.0
8360 8361 5.0
8361 8360 5.0
8360 8476 29.0
8476 8360 29.0
8360 8475 30.0
8475 8360 30.0
8361 8362 8.0
8362 8361 8.0
8361 8477 29.0
8477 8361 29.0
8362 8363 4.0
8363 8362 4.0
8362 8478 29.0
8478 8362 29.0
8363 8479 29.0
8479 8363 29.0
1873 8364 62.0
8364 1873 62.0
1873 8363 3.0
8363 1873 3.0
1873 8275 21.0
8275 1873 21.0
8364 8388 4.0
8388 8364 4.0
8365 8366 7.0
8366 8365 7.0
8365 8447 20.0
8447 8365 20.0
739 8418 11.0
8418 739 11.0
739 8366 5.0
8366 739 5.0
739 8319 8.0
8319 739 8.0
8367 8368 12.0
8368 8367 12.0
8368 8369 28.0
8369 8368 28.0
8369 8370 9.0
8370 8369 9.0
8369 8497 33.0
8497 8369 33.0
8370 8371 13.0
8371 8370 13.0
8370 8498 33.0
8498 8370 33.0
8371 8499 33.0
8499 8371 33.0
61 8372 18.0
8372 61 18.0
61 8501 33.0
8501 61 33.0
61 8371 60.0
8371 61 60.0
61 8316 13.0
8316 61 13.0
8372 8373 24.0
8373 8372 24.0
8372 8502 33.0
8502 8372 33.0
8373 8396 4.0
8396 8373 4.0
8374 8375 51.0
8375 8374 51.0
8374 8407 20.0
8407 8374 20.0
8375 8376 7.0
8376 8375 7.0
8376 8377 5.0
8377 8376 5.0
1218 8454 20.0
8454 1218 20.0
1218 8377 6.0
8377 1218 6.0
2408 8379 13.0
8379 2408 13.0
2408 8391 2.0
8391 2408 2.0
2408 8378 39.0
8378 2408 39.0
8379 8393 2.0
8393 8379 2.0
8380 8381 22.0
8381 8380 22.0
8381 8382 37.0
8382 8381 37.0
8382 8383 3.0
8383 8382 3.0
8383 8384 28.0
8384 8383 28.0
8383 8542 39.0
8542 8383 39.0
8384 8543 39.0
8543 8384 39.0
3556 8555 40.0
8555 3556 40.0
3556 8384 11.0
8384 3556 11.0
3556 8325 8.0
8325 3556 8.0
8385 8491 28.0
8491 8385 28.0
4157 8386 14.0
8386 4157 14.0
4157 8589 50.0
8589 4157 50.0
4157 8385 39.0
8385 4157 39.0
4157 8333 7.0
8333 4157 7.0
8386 8387 46.0
8387 8386 46.0
8386 8462 27.0
8462 8386 27.0
8387 8413 7.0
8413 8387 7.0
8388 8389 23.0
8389 8388 23.0
8389 8390 2.0
8390 8389 2.0
8390 8552 39.0
8552 8390 39.0
2014 8390 3.0
8390 2014 3.0
2014 8343 7.0
8343 2014 7.0
8391 8392 9.0
8392 8391 9.0
8391 8451 16.0
8451 8391 16.0
8392 8393 4.0
8393 8392 4.0
8393 8394 18.0
8394 8393 18.0
8393 8455 19.0
8455 8393 19.0
2474 8394 9.0
8394 2474 9.0
2474 8306 21.0
8306 2474 21.0
12 8516 30.0
8516 12 30.0
12 8395 11.0
8395 12 11.0
12 8367 4.0
8367 12 4.0
8396 8397 17.0
8397 8396 17.0
8396 8503 29.0
8503 8396 29.0
8397 8398 15.0
8398 8397 15.0
8398 8399 15.0
8399 8398 15.0
8398 8505 29.0
8505 8398 29.0
8399 8506 29.0
8506 8399 29.0
112 8561 40.0
8561 112 40.0
112 8399 2.0
8399 112 2.0
8400 8401 4.0
8401 8400 4.0
293 8402 12.0
8402 293 12.0
293 8434 9.0
8434 293 9.0
293 8401 21.0
8401 293 21.0
293 8238 33.0
8238 293 33.0
8402 8403 17.0
8403 8402 17.0
8402 8441 12.0
8441 8402 12.0
8403 8442 12.0
8442 8403 12.0
996 8404 2.0
8404 996 2.0
8404 8405 19.0
8405 8404 19.0
8404 8438 9.0
8438 8404 9.0
8405 8406 2.0
8406 8405 2.0
1050 8407 18.0
8407 1050 18.0
1050 8439 9.0
8439 1050 9.0
1050 8406 19.0
8406 1050 19.0
1050 8259 31.0
8259 1050 31.0
8408 8409 20.0
8409 8408 20.0
8408 8569 38.0
8569 8408 38.0
8409 8410 16.0
8410 8409 16.0
8410 8540 33.0
8540 8410 33.0
3408 8541 33.0
8541 3408 33.0
3408 8410 2.0
8410 3408 2.0
3408 8380 6.0
8380 3408 6.0
8411 8412 4.0
8412 8411 4.0
171 8619 50.0
8619 171 50.0
171 8412 9.0
8412 171 9.0
8413 8414 12.0
8414 8413 12.0
8414 8415 48.0
8415 8414 48.0
8414 8464 16.0
8464 8414 16.0
8415 8416 3.0
8416 8415 3.0
8416 8417 11.0
8417 8416 11.0
8416 8536 29.0
8536 8416 29.0
4281 8655 59.0
8655 4281 59.0
4281 8417 18.0
8417 4281 18.0
4281 8172 52.0
8172 4281 52.0
8418 8419 10.0
8419 8418 10.0
8418 8448 9.0
8448 8418 9.0
797 8419 30.0
8419 797 30.0
797 8321 19.0
8321 797 19.0
1553 8444 28.0
8444 1553 28.0
8420 8421 5.0
8421 8420 5.0
8420 8511 22.0
8511 8420 22.0
8420 8446 15.0
8446 8420 15.0
8421 8422 2.0
8422 8421 2.0
2780 8423 24.0
8423 2780 24.0
2780 8513 22.0
8513 2780 22.0
2780 8422 17.0
8422 2780 17.0
2780 8297 31.0
8297 2780 31.0
8423 8424 11.0
8424 8423 11.0
8423 8514 22.0
8514 8423 22.0
8424 8425 4.0
8425 8424 4.0
8424 8515 22.0
8515 8424 22.0
8426 8427 22.0
8427 8426 22.0
8427 8428 38.0
8428 8427 38.0
8428 8429 9.0
8429 8428 9.0
8429 8520 24.0
8520 8429 24.0
3881 8430 31.0
8430 3881 31.0
3881 8521 24.0
8521 3881 24.0
3881 8429 3.0
8429 3881 3.0
3881 3928 50.0
3928 3881 50.0
8430 8435 20.0
8435 8430 20.0
8431 8432 22.0
8432 8431 22.0
8432 8433 18.0
8433 8432 18.0
8432 8452 6.0
8452 8432 6.0
8433 8453 6.0
8453 8433 6.0
271 8434 21.0
8434 271 21.0
271 8496 18.0
8496 271 18.0
271 8433 41.0
8433 271 41.0
271 8401 9.0
8401 271 9.0
8434 8440 3.0
8440 8434 3.0
8435 8436 8.0
8436 8435 8.0
8435 8522 22.0
8522 8435 22.0
8436 8523 22.0
8523 8436 22.0
3972 8437 22.0
8437 3972 22.0
3972 8524 22.0
8524 3972 22.0
3972 8436 3.0
8436 3972 3.0
3972 8328 21.0
8328 3972 21.0
8437 8481 13.0
8481 8437 13.0
1024 8439 21.0
8439 1024 21.0
1024 8438 19.0
8438 1024 19.0
1024 8405 9.0
8405 1024 9.0
8439 8622 42.0
8622 8439 42.0
8440 8441 12.0
8441 8440 12.0
8440 8471 21.0
8471 8440 21.0
8441 8442 17.0
8442 8441 17.0
8441 8471 9.0
8471 8441 9.0
8442 8443 3.0
8443 8442 3.0
361 8443 28.0
8443 361 28.0
361 8359 19.0
8359 361 19.0
1475 8444 31.0
8444 1475 31.0
1475 8450 1.0
8450 1475 1.0
2661 8445 17.0
8445 2661 17.0
2661 8508 15.0
8508 2661 15.0
2661 8507 36.0
8507 2661 36.0
2661 8293 38.0
8293 2661 38.0
8445 8446 22.0
8446 8445 22.0
8445 8509 15.0
8509 8445 15.0
8446 8510 15.0
8510 8446 15.0
8447 8448 12.0
8448 8447 12.0
8448 8449 6.0
8449 8448 6.0
8448 8573 30.0
8573 8448 30.0
8449 8574 30.0
8574 8449 30.0
752 8575 30.0
8575 752 30.0
752 8449 4.0
8449 752 4.0
752 8419 9.0
8419 752 9.0
8450 8728 59.0
8728 8450 59.0
8450 8648 50.0
8648 8450 50.0
1525 8450 31.0
8450 1525 31.0
1525 8444 1.0
8444 1525 1.0
2330 8451 51.0
8451 2330 51.0
2330 8378 30.0
8378 2330 30.0
210 8452 22.0
8452 210 22.0
210 8494 12.0
8494 210 12.0
210 8431 6.0
8431 210 6.0
8452 8453 18.0
8453 8452 18.0
8452 8495 12.0
8495 8452 12.0
1201 8454 11.0
8454 1201 11.0
1201 8629 42.0
8629 1201 42.0
1201 8376 20.0
8376 1201 20.0
8454 8630 42.0
8630 8454 42.0
2418 8455 4.0
8455 2418 4.0
2418 8599 35.0
8599 2418 35.0
2418 8451 12.0
8451 2418 12.0
2418 8392 19.0
8392 2418 19.0
8455 8599 31.0
8599 8455 31.0
4338 8456 2.0
8456 4338 2.0
4338 8465 2.0
8465 4338 2.0
4338 8329 29.0
8329 4338 29.0
8456 8457 30.0
8457 8456 30.0
8456 8466 2.0
8466 8456 2.0
8457 8468 2.0
8468 8457 2.0
8458 8459 5.0
8459 8458 5.0
3254 8460 36.0
8460 3254 36.0
3254 8557 20.0
8557 3254 20.0
3254 8459 21.0
8459 3254 21.0
3254 8348 28.0
8348 3254 28.0
8460 8461 4.0
8461 8460 4.0
8460 8567 22.0
8567 8460 22.0
8462 8463 20.0
8463 8462 20.0
8463 8597 28.0
8597 8463 28.0
4209 8464 12.0
8464 4209 12.0
4209 8632 39.0
8632 4209 39.0
4209 8463 22.0
8463 4209 22.0
4209 8413 16.0
8413 4209 16.0
8464 8535 30.0
8535 8464 30.0
8465 8466 2.0
8466 8465 2.0
8465 8633 39.0
8633 8465 39.0
8466 8467 7.0
8467 8466 7.0
8467 8468 23.0
8468 8467 23.0
4367 8517 29.0
8517 4367 29.0
4367 8468 9.0
8468 4367 9.0
1749 8469 1.0
8469 1749 1.0
1749 8473 1.0
8473 1749 1.0
1749 1753 31.0
1753 1749 31.0
8469 8474 1.0
8474 8469 1.0
2164 8470 2.0
8470 2164 2.0
2164 8480 4.0
8480 2164 4.0
2164 8345 30.0
8345 2164 30.0
8470 8480 2.0
8480 8470 2.0
8471 8472 6.0
8472 8471 6.0
325 8614 30.0
8614 325 30.0
325 8472 11.0
8472 325 11.0
325 8442 9.0
8442 325 9.0
8473 8474 1.0
8474 8473 1.0
8473 8598 39.0
8598 8473 39.0
1801 8475 20.0
8475 1801 20.0
1801 1835 21.0
1835 1801 21.0
1801 8474 29.0
8474 1801 29.0
1835 8476 2.0
8476 1835 2.0
1835 8623 31.0
8623 1835 31.0
1835 8475 1.0
8475 1835 1.0
8476 8477 5.0
8477 8476 5.0
8476 8576 23.0
8576 8476 23.0
8477 8478 8.0
8478 8477 8.0
8477 8577 23.0
8577 8477 23.0
8478 8479 4.0
8479 8478 4.0
8478 8578 23.0
8578 8478 23.0
8479 8579 23.0
8579 8479 23.0
2239 8484 20.0
8484 2239 20.0
2239 8480 39.0
8480 2239 39.0
8481 8482 7.0
8482 8481 7.0
8481 8525 9.0
8525 8481 9.0
8482 8483 9.0
8483 8482 9.0
8482 8487 2.0
8487 8482 2.0
8483 8488 2.0
8488 8483 2.0
4044 8489 2.0
8489 4044 2.0
4044 8483 12.0
8483 4044 12.0
2275 8484 1.0
8484 2275 1.0
2275 2330 40.0
2330 2275 40.0
3038 8486 8.0
8486 3038 8.0
3038 8660 41.0
8660 3038 41.0
3038 8485 39.0
8485 3038 39.0
3795 8426 17.0
8426 3795 17.0
8487 8488 9.0
8488 8487 9.0
8488 8489 12.0
8489 8488 12.0
8488 8526 7.0
8526 8488 7.0
8489 8490 49.0
8490 8489 49.0
8490 8584 22.0
8584 8490 22.0
4100 8491 22.0
8491 4100 22.0
4100 8585 22.0
8585 4100 22.0
4100 8490 2.0
8490 4100 2.0
4100 8385 50.0
8385 4100 50.0
8491 8586 22.0
8586 8491 22.0
4439 8493 23.0
8493 4439 23.0
4439 8600 22.0
8600 4439 22.0
4439 8492 6.0
8492 4439 6.0
4439 8341 37.0
8341 4439 37.0
8493 8601 22.0
8601 8493 22.0
8494 8495 22.0
8495 8494 22.0
8494 8668 38.0
8668 8494 38.0
237 8496 41.0
8496 237 41.0
237 8495 18.0
8495 237 18.0
237 8453 12.0
8453 237 12.0
8496 8612 24.0
8612 8496 24.0
8497 8498 9.0
8498 8497 9.0
8498 8499 13.0
8499 8498 13.0
8498 8529 4.0
8529 8498 4.0
8499 8500 36.0
8500 8499 36.0
8499 8530 4.0
8530 8499 4.0
8500 8501 24.0
8501 8500 24.0
8500 8547 8.0
8547 8500 8.0
8501 8502 18.0
8502 8501 18.0
8501 8549 8.0
8549 8501 8.0
8502 8503 24.0
8503 8502 24.0
8503 8504 5.0
8504 8503 5.0
8503 8550 8.0
8550 8503 8.0
8504 8551 8.0
8551 8504 8.0
95 8505 15.0
8505 95 15.0
95 8558 11.0
8558 95 11.0
95 8504 12.0
8504 95 12.0
95 8397 29.0
8397 95 29.0
8505 8506 15.0
8506 8505 15.0
8505 8560 11.0
8560 8505 11.0
8507 8508 21.0
8508 8507 21.0
8508 8509 17.0
8509 8508 17.0
8508 8534 4.0
8534 8508 4.0
8509 8510 22.0
8510 8509 22.0
8509 8581 17.0
8581 8509 17.0
8510 8511 8.0
8511 8510 8.0
8511 8512 11.0
8512 8511 11.0
8511 8582 17.0
8582 8511 17.0
8512 8513 13.0
8513 8512 13.0
8512 8583 17.0
8583 8512 17.0
8513 8514 24.0
8514 8513 24.0
8513 8685 38.0
8685 8513 38.0
8514 8515 11.0
8515 8514 11.0
8514 8686 38.0
8686 8514 38.0
8515 8687 38.0
8687 8515 38.0
2858 8821 61.0
8821 2858 61.0
2858 8515 4.0
8515 2858 4.0
2858 8425 22.0
8425 2858 22.0
10 8516 11.0
8516 10 11.0
10 8602 21.0
8602 10 21.0
10 8395 30.0
8395 10 30.0
8516 8527 3.0
8527 8516 3.0
3649 8611 21.0
8611 3649 21.0
3649 8327 41.0
8327 3649 41.0
8517 8537 2.0
8537 8517 2.0
4377 8518 43.0
8518 4377 43.0
4377 8538 2.0
8538 4377 2.0
4377 8517 1.0
8517 4377 1.0
8518 8539 2.0
8539 8518 2.0
2556 8519 13.0
8519 2556 13.0
2556 8531 1.0
8531 2556 1.0
8519 8532 1.0
8532 8519 1.0
2969 8485 10.0
8485 2969 10.0
8520 8521 3.0
8521 8520 3.0
8520 8556 5.0
8556 8520 5.0
8521 8522 49.0
8522 8521 49.0
8522 8523 8.0
8523 8522 8.0
8523 8524 3.0
8524 8523 3.0
8523 8562 8.0
8562 8523 8.0
8524 8525 22.0
8525 8524 22.0
4012 8526 9.0
8526 4012 9.0
4012 8721 41.0
8721 4012 41.0
4012 8525 7.0
8525 4012 7.0
4012 8487 7.0
8487 4012 7.0
8527 8528 8.0
8528 8527 8.0
8527 8603 18.0
8603 8527 18.0
23 8529 9.0
8529 23 9.0
23 8544 4.0
8544 23 4.0
23 8528 32.0
8528 23 32.0
23 8497 4.0
8497 23 4.0
8529 8530 13.0
8530 8529 13.0
8529 8545 4.0
8545 8529 4.0
8530 8546 4.0
8546 8530 4.0
8531 8532 13.0
8532 8531 13.0
8531 8656 31.0
8656 8531 31.0
8532 8533 26.0
8533 8532 26.0
2627 8534 21.0
8534 2627 21.0
2627 8533 2.0
8533 2627 2.0
2627 8507 4.0
8507 2627 4.0
8534 8581 30.0
8581 8534 30.0
4254 8536 3.0
8536 4254 3.0
4254 8645 29.0
8645 4254 29.0
4254 8535 31.0
8535 4254 31.0
4254 8415 29.0
8415 4254 29.0
8536 8654 30.0
8654 8536 30.0
8537 8538 1.0
8538 8537 1.0
8538 8539 43.0
8539 8538 43.0
4404 8659 48.0
8659 4404 48.0
4404 8539 8.0
8539 4404 8.0
8540 8541 2.0
8541 8540 2.0
3489 8542 3.0
8542 3489 3.0
3489 8553 4.0
8553 3489 4.0
3489 8541 59.0
8541 3489 59.0
3489 8382 39.0
8382 3489 39.0
8542 8543 28.0
8543 8542 28.0
8542 8553 1.0
8553 8542 1.0
8544 8545 9.0
8545 8544 9.0
8544 8604 14.0
8604 8544 14.0
8545 8546 13.0
8546 8545 13.0
8546 8547 36.0
8547 8546 36.0
8547 8548 19.0
8548 8547 19.0
8547 8618 16.0
8618 8547 16.0
8548 8549 5.0
8549 8548 5.0
8548 8697 34.0
8697 8548 34.0
72 8550 24.0
8550 72 24.0
72 8698 34.0
8698 72 34.0
72 8549 18.0
8549 72 18.0
72 8502 8.0
8502 72 8.0
8550 8551 5.0
8551 8550 5.0
8550 8693 37.0
8693 8550 37.0
8551 8693 32.0
8693 8551 32.0
1961 8552 29.0
8552 1961 29.0
1961 8388 43.0
8388 1961 43.0
8553 8554 15.0
8554 8553 15.0
3538 8555 11.0
8555 3538 11.0
3538 8798 50.0
8798 3538 50.0
3538 8554 13.0
8554 3538 13.0
3538 8543 1.0
8543 3538 1.0
8555 8634 40.0
8634 8555 40.0
3869 8556 9.0
8556 3869 9.0
3869 3879 30.0
3879 3869 30.0
3869 8428 29.0
8428 3869 29.0
1637 1655 21.0
1655 1637 21.0
3226 8557 21.0
8557 3226 21.0
3226 8760 41.0
8760 3226 41.0
3226 8459 20.0
8459 3226 20.0
8557 8566 10.0
8566 8557 10.0
8558 8559 9.0
8559 8558 9.0
8558 8694 29.0
8694 8558 29.0
8559 8560 6.0
8560 8559 6.0
111 8561 2.0
8561 111 2.0
111 8605 11.0
8605 111 11.0
111 8560 15.0
8560 111 15.0
111 8506 11.0
8506 111 11.0
8561 8606 11.0
8606 8561 11.0
938 8563 1.0
8563 938 1.0
3956 8562 8.0
8562 3956 8.0
3956 8718 33.0
8718 3956 33.0
3956 8522 8.0
8522 3956 8.0
8562 8719 33.0
8719 8562 33.0
8563 8564 9.0
8564 8563 9.0
8563 8640 20.0
8640 8563 20.0
8564 8565 20.0
8565 8564 20.0
8565 8620 13.0
8620 8565 13.0
990 8621 13.0
8621 990 13.0
990 8565 1.0
8565 990 1.0
990 8438 31.0
8438 990 31.0
8566 8567 28.0
8567 8566 28.0
3317 8568 2.0
8568 3317 2.0
3317 8570 4.0
8570 3317 4.0
3317 8567 4.0
8567 3317 4.0
3317 8461 22.0
8461 3317 22.0
8568 8569 12.0
8569 8568 12.0
8568 8570 2.0
8570 8568 2.0
8569 8571 2.0
8571 8569 2.0
8570 8571 12.0
8571 8570 12.0
8571 8572 14.0
8572 8571 14.0
3373 3405 20.0
3405 3373 20.0
3373 8572 2.0
8572 3373 2.0
3405 8540 7.0
8540 3405 7.0
724 8573 12.0
8573 724 12.0
724 8670 21.0
8670 724 21.0
724 8669 42.0
8669 724 42.0
724 8447 30.0
8447 724 30.0
8573 8574 6.0
8574 8573 6.0
8573 8671 21.0
8671 8573 21.0
8574 8575 4.0
8575 8574 4.0
8574 8672 21.0
8672 8574 21.0
8575 8673 21.0
8673 8575 21.0
8576 8577 5.0
8577 8576 5.0
8576 8624 8.0
8624 8576 8.0
8577 8578 8.0
8578 8577 8.0
8577 8625 8.0
8625 8577 8.0
8578 8579 4.0
8579 8578 4.0
8578 8626 8.0
8626 8578 8.0
8579 8580 29.0
8580 8579 29.0
8580 8627 8.0
8627 8580 8.0
1916 8580 2.0
8580 1916 2.0
1916 1961 39.0
1961 1916 39.0
8581 8682 21.0
8682 8581 21.0
2728 8582 8.0
8582 2728 8.0
2728 8683 21.0
8683 2728 21.0
2728 8581 22.0
8581 2728 22.0
2728 8510 17.0
8510 2728 17.0
8582 8583 11.0
8583 8582 11.0
8582 8684 21.0
8684 8582 21.0
8584 8585 2.0
8585 8584 2.0
8584 8590 1.0
8590 8584 1.0
8585 8586 22.0
8586 8585 22.0
8585 8591 1.0
8591 8585 1.0
8586 8587 16.0
8587 8586 16.0
8586 8592 1.0
8592 8586 1.0
8587 8588 9.0
8588 8587 9.0
8587 8593 1.0
8593 8587 1.0
8588 8594 1.0
8594 8588 1.0
4149 8589 12.0
8589 4149 12.0
4149 8595 1.0
8595 4149 1.0
4149 8588 2.0
8588 4149 2.0
8589 8596 1.0
8596 8589 1.0
501 8608 3.0
8608 501 3.0
8590 8591 2.0
8591 8590 2.0
8591 8592 22.0
8592 8591 22.0
8592 8593 16.0
8593 8592 16.0
8592 8662 17.0
8662 8592 17.0
8593 8594 9.0
8594 8593 9.0
8594 8595 2.0
8595 8594 2.0
8594 8746 29.0
8746 8594 29.0
8595 8596 12.0
8596 8595 12.0
4174 8597 20.0
8597 4174 20.0
4174 4193 31.0
4193 4174 31.0
4174 8596 18.0
8596 4174 18.0
4174 8462 28.0
8462 4174 28.0
1655 8598 40.0
8598 1655 40.0
1655 8609 30.0
8609 1655 30.0
2440 8702 22.0
8702 2440 22.0
2440 8599 5.0
8599 2440 5.0
8600 8601 23.0
8601 8600 23.0
8600 8751 30.0
8751 8600 30.0
4448 4459 62.0
4459 4448 62.0
4448 8601 7.0
8601 4448 7.0
8602 8603 11.0
8603 8602 11.0
8602 8692 30.0
8692 8602 30.0
13 8604 32.0
8604 13 32.0
13 8615 2.0
8615 13 2.0
13 8603 8.0
8603 13 8.0
13 8528 18.0
8528 13 18.0
8604 8617 2.0
8617 8604 2.0
8605 8606 2.0
8606 8605 2.0
8605 8695 18.0
8695 8605 18.0
8606 8607 7.0
8607 8606 7.0
128 8607 11.0
8607 128 11.0
8608 8676 16.0
8676 8608 16.0
583 8707 21.0
8707 583 21.0
583 8608 51.0
8608 583 51.0
1726 8609 12.0
8609 1726 12.0
1726 8598 2.0
8598 1726 2.0
8610 8611 3.0
8611 8610 3.0
8610 8635 9.0
8635 8610 9.0
3669 8611 19.0
8611 3669 19.0
8612 8613 8.0
8613 8612 8.0
8612 8636 9.0
8636 8612 9.0
312 8614 11.0
8614 312 11.0
312 8638 9.0
8638 312 9.0
312 8613 31.0
8613 312 31.0
312 8472 30.0
8472 312 30.0
8614 8647 11.0
8647 8614 11.0
8615 8616 8.0
8616 8615 8.0
8615 8696 17.0
8696 8615 17.0
8616 8617 24.0
8617 8616 24.0
8616 8734 23.0
8734 8616 23.0
25 8618 49.0
8618 25 49.0
25 8735 23.0
8735 25 23.0
25 8617 9.0
8617 25 9.0
25 8545 16.0
8545 25 16.0
159 8619 13.0
8619 159 13.0
159 8664 12.0
8664 159 12.0
159 8663 23.0
8663 159 23.0
159 8411 50.0
8411 159 50.0
8619 8665 12.0
8665 8619 12.0
8620 8621 1.0
8621 8620 1.0
8620 8641 7.0
8641 8620 7.0
8621 8622 42.0
8622 8621 42.0
1085 1160 62.0
1160 1085 62.0
1085 8622 18.0
8622 1085 18.0
1085 8407 51.0
8407 1085 51.0
8623 8624 2.0
8624 8623 2.0
8623 8826 39.0
8826 8623 39.0
8624 8625 5.0
8625 8624 5.0
8624 8827 39.0
8827 8624 39.0
8625 8626 8.0
8626 8625 8.0
8625 8828 39.0
8828 8625 39.0
1869 8627 29.0
8627 1869 29.0
1869 8841 42.0
8841 1869 42.0
1869 8626 4.0
8626 1869 4.0
1869 8579 8.0
8579 1869 8.0
2272 8772 30.0
8772 2272 30.0
2272 8484 30.0
8484 2272 30.0
833 8628 1.0
8628 833 1.0
3879 8716 15.0
8716 3879 15.0
3879 8556 21.0
8556 3879 21.0
8628 8674 18.0
8674 8628 18.0
876 8639 11.0
8639 876 11.0
876 8628 30.0
8628 876 30.0
8629 8630 11.0
8630 8629 11.0
8629 8675 20.0
8675 8629 20.0
8630 8631 6.0
8631 8630 6.0
1279 8631 32.0
8631 1279 32.0
4193 8632 22.0
8632 4193 22.0
4193 8642 25.0
8642 4193 25.0
4193 8597 11.0
8597 4193 11.0
8632 8642 3.0
8642 8632 3.0
8633 8691 21.0
8691 8633 21.0
4348 8871 39.0
8871 4348 39.0
4348 8633 9.0
8633 4348 9.0
4348 8467 39.0
8467 4348 39.0
3627 8635 9.0
8635 3627 9.0
3627 8813 29.0
8813 3627 29.0
3627 8634 31.0
8634 3627 31.0
3627 8610 18.0
8610 3627 18.0
8636 8637 6.0
8637 8636 6.0
8636 8944 49.0
8944 8636 49.0
8637 8945 49.0
8945 8637 49.0
276 8638 31.0
8638 276 31.0
276 8951 50.0
8951 276 50.0
276 8637 2.0
8637 276 2.0
276 8613 9.0
8613 276 9.0
8638 8646 2.0
8646 8638 2.0
8639 8640 23.0
8640 8639 23.0
952 8641 20.0
8641 952 20.0
952 986 31.0
986 952 31.0
952 8640 9.0
8640 952 9.0
952 8564 20.0
8564 952 20.0
4375 8834 34.0
8834 4375 34.0
4375 8833 37.0
8833 4375 37.0
4375 8537 28.0
8537 4375 28.0
4459 4460 39.0
4460 4459 39.0
8642 8643 17.0
8643 8642 17.0
8643 8644 9.0
8644 8643 9.0
8643 8649 1.0
8649 8643 1.0
8644 8650 1.0
8650 8644 1.0
4231 8645 31.0
8645 4231 31.0
4231 8651 1.0
8651 4231 1.0
4231 8644 3.0
8644 4231 3.0
4231 8535 29.0
8535 4231 29.0
8645 8653 1.0
8653 8645 1.0
8646 8647 11.0
8647 8646 11.0
8646 8952 48.0
8952 8646 48.0
335 8647 8.0
8647 335 8.0
1399 8648 40.0
8648 1399 40.0
1399 8727 29.0
8727 1399 29.0
8649 8650 9.0
8650 8649 9.0
8650 8651 3.0
8651 8650 3.0
8650 8781 22.0
8781 8650 22.0
8651 8652 29.0
8652 8651 29.0
8651 8782 22.0
8782 8651 22.0
8652 8653 2.0
8653 8652 2.0
8652 8783 22.0
8783 8652 22.0
8653 8654 3.0
8654 8653 3.0
4259 8655 23.0
8655 4259 23.0
4259 8688 4.0
8688 4259 4.0
4259 8654 6.0
8654 4259 6.0
8655 8689 4.0
8689 8655 4.0
8656 8657 29.0
8657 8656 29.0
8656 8678 3.0
8678 8656 3.0
8656 8677 35.0
8677 8656 35.0
8657 8658 8.0
8658 8657 8.0
8657 8679 3.0
8679 8657 3.0
8658 8680 3.0
8680 8658 3.0
2625 8681 3.0
8681 2625 3.0
2625 8658 2.0
8658 2625 2.0
2625 8533 31.0
8533 2625 31.0
8659 8747 13.0
8747 8659 13.0
4411 8748 13.0
8748 4411 13.0
4411 8659 2.0
8659 4411 2.0
8660 8773 19.0
8773 8660 19.0
3057 8774 19.0
8774 3057 19.0
3057 8660 8.0
8660 3057 8.0
3057 8486 41.0
8486 3057 41.0
8661 8743 12.0
8743 8661 12.0
8661 8722 27.0
8722 8661 27.0
4098 8662 24.0
8662 4098 24.0
4098 8744 12.0
8744 4098 12.0
4098 8661 2.0
8661 4098 2.0
4098 8590 17.0
8590 4098 17.0
8662 8745 12.0
8745 8662 12.0
8663 8664 11.0
8664 8663 11.0
8664 8665 13.0
8665 8664 13.0
8664 8768 17.0
8768 8664 17.0
8665 8666 26.0
8666 8665 26.0
8666 8667 8.0
8667 8666 8.0
8667 8791 20.0
8791 8667 20.0
191 8668 23.0
8668 191 23.0
191 8792 20.0
8792 191 20.0
191 8667 3.0
8667 191 3.0
8668 8865 32.0
8865 8668 32.0
8669 8670 21.0
8670 8669 21.0
8669 8709 6.0
8709 8669 6.0
8670 8671 12.0
8671 8670 12.0
8671 8672 6.0
8672 8671 6.0
8671 8725 8.0
8725 8671 8.0
8672 8673 4.0
8673 8672 4.0
8672 8726 8.0
8726 8672 8.0
764 8674 30.0
8674 764 30.0
764 8801 22.0
8801 764 22.0
764 8673 7.0
8673 764 7.0
1160 8675 9.0
8675 1160 9.0
1160 8850 38.0
8850 1160 38.0
448 8676 41.0
8676 448 41.0
448 8608 57.0
8608 448 57.0
8676 8706 43.0
8706 8676 43.0
8677 8678 32.0
8678 8677 32.0
8678 8679 29.0
8679 8678 29.0
8678 8705 4.0
8705 8678 4.0
8679 8680 8.0
8680 8679 8.0
8680 8681 2.0
8681 8680 2.0
8680 8714 6.0
8714 8680 6.0
8681 8682 40.0
8682 8681 40.0
8681 8715 6.0
8715 8681 6.0
8682 8683 22.0
8683 8682 22.0
8683 8684 8.0
8684 8683 8.0
8684 8732 8.0
8732 8684 8.0
2764 8685 13.0
8685 2764 13.0
2764 8816 23.0
8816 2764 23.0
2764 8684 11.0
8684 2764 11.0
2764 8583 21.0
8583 2764 21.0
8685 8686 24.0
8686 8685 24.0
8685 8817 23.0
8817 8685 23.0
8686 8687 11.0
8687 8686 11.0
8686 8818 23.0
8818 8686 23.0
8687 8820 23.0
8820 8687 23.0
8688 8689 23.0
8689 8688 23.0
8688 8784 18.0
8784 8688 18.0
8689 8690 16.0
8690 8689 16.0
8689 8785 18.0
8785 8689 18.0
4321 8691 29.0
8691 4321 29.0
4321 8870 31.0
8870 4321 31.0
4321 8690 42.0
8690 4321 42.0
2009 8851 30.0
8851 2009 30.0
2009 8552 31.0
8552 2009 31.0
1 8692 20.0
8692 1 20.0
1 4 21.0
4 1 21.0
8693 8694 12.0
8694 8693 12.0
8693 8699 2.0
8699 8693 2.0
99 8695 21.0
8695 99 21.0
99 8700 2.0
8700 99 2.0
99 8694 9.0
8694 99 9.0
99 8559 29.0
8559 99 29.0
8695 8701 2.0
8701 8695 2.0
4 8696 31.0
8696 4 31.0
4 5 10.0
5 4 10.0
4 8692 1.0
8692 4 1.0
8696 8733 6.0
8733 8696 6.0
8697 8698 23.0
8698 8697 23.0
8697 8737 5.0
8737 8697 5.0
8698 8699 29.0
8699 8698 29.0
8698 8738 5.0
8738 8698 5.0
8699 8700 21.0
8700 8699 21.0
8700 8701 21.0
8701 8700 21.0
8700 8757 8.0
8757 8700 8.0
118 8882 30.0
8882 118 30.0
118 8701 9.0
8701 118 9.0
118 8607 20.0
8607 118 20.0
8702 8703 9.0
8703 8702 9.0
8702 8758 8.0
8758 8702 8.0
8703 8704 19.0
8704 8703 19.0
8703 8710 2.0
8710 8703 2.0
8704 8711 2.0
8711 8704 2.0
2509 8705 32.0
8705 2509 32.0
2509 8712 2.0
8712 2509 2.0
2509 8704 11.0
8704 2509 11.0
2509 8677 4.0
8677 2509 4.0
8705 8713 2.0
8713 8705 2.0
8706 8707 13.0
8707 8706 13.0
8706 8761 9.0
8761 8706 9.0
8707 8708 9.0
8708 8707 9.0
8707 8762 9.0
8762 8707 9.0
8708 8723 2.0
8723 8708 2.0
627 8709 41.0
8709 627 41.0
627 8724 2.0
8724 627 2.0
627 8708 20.0
8708 627 20.0
986 8641 11.0
8641 986 11.0
8710 8711 19.0
8711 8710 19.0
8711 8712 11.0
8712 8711 11.0
8711 8759 6.0
8759 8711 6.0
8712 8713 32.0
8713 8712 32.0
2610 8714 8.0
8714 2610 8.0
2610 8729 2.0
8729 2610 2.0
2610 8713 29.0
8713 2610 29.0
2610 8679 6.0
8679 2610 6.0
8714 8715 2.0
8715 8714 2.0
8714 8730 2.0
8730 8714 2.0
8715 8731 2.0
8731 8715 2.0
8716 8717 19.0
8717 8716 19.0
8716 8763 27.0
8763 8716 27.0
8717 8718 33.0
8718 8717 33.0
8717 8763 8.0
8763 8717 8.0
8718 8719 8.0
8719 8718 8.0
8718 8765 8.0
8765 8718 8.0
8719 8720 28.0
8720 8719 28.0
8719 8739 4.0
8739 8719 4.0
8720 8721 4.0
8721 8720 4.0
8720 8740 4.0
8740 8720 4.0
4023 8722 40.0
8722 4023 40.0
4023 8741 4.0
8741 4023 4.0
4023 8721 9.0
8721 4023 9.0
4023 8526 41.0
8526 4023 41.0
8722 8742 4.0
8742 8722 4.0
8723 8724 20.0
8724 8723 20.0
683 8725 33.0
8725 683 33.0
683 8724 41.0
8724 683 41.0
683 8709 2.0
8709 683 2.0
8725 8726 6.0
8726 8725 6.0
8725 8799 14.0
8799 8725 14.0
8726 8800 14.0
8800 8726 14.0
1470 8728 2.0
8728 1470 2.0
1470 8793 12.0
8793 1470 12.0
1470 8727 22.0
8727 1470 22.0
1470 8648 11.0
8648 1470 11.0
8728 8794 12.0
8794 8728 12.0
8729 8730 8.0
8730 8729 8.0
8729 8995 49.0
8995 8729 49.0
8730 8731 2.0
8731 8730 2.0
8731 8996 49.0
8996 8731 49.0
2688 8732 30.0
8732 2688 30.0
2688 8731 40.0
8731 2688 40.0
2688 8682 8.0
8682 2688 8.0
8732 8815 15.0
8815 8732 15.0
3790 3795 52.0
3795 3790 52.0
8733 8734 8.0
8734 8733 8.0
8733 8899 28.0
8899 8733 28.0
8734 8735 33.0
8735 8734 33.0
8734 8900 28.0
8900 8734 28.0
8735 8736 18.0
8736 8735 18.0
8735 8901 28.0
8901 8735 28.0
50 8737 19.0
8737 50 19.0
50 8752 3.0
8752 50 3.0
50 8736 31.0
8736 50 31.0
50 8618 23.0
8618 50 23.0
8737 8738 23.0
8738 8737 23.0
8737 8753 3.0
8753 8737 3.0
8738 8754 3.0
8754 8738 3.0
8739 8740 28.0
8740 8739 28.0
8740 8741 13.0
8741 8740 13.0
8740 8766 4.0
8766 8740 4.0
8741 8742 40.0
8742 8741 40.0
8741 8767 4.0
8767 8741 4.0
8742 8743 19.0
8743 8742 19.0
8743 8744 2.0
8744 8743 2.0
8743 8780 7.0
8780 8743 7.0
8744 8745 24.0
8745 8744 24.0
4141 8746 9.0
8746 4141 9.0
4141 4147 30.0
4147 4141 30.0
4141 8745 16.0
8745 4141 16.0
4141 8593 29.0
8593 4141 29.0
8747 8748 2.0
8748 8747 2.0
8747 8803 11.0
8803 8747 11.0
8748 8749 29.0
8749 8748 29.0
8748 8804 11.0
8804 8748 11.0
8749 8750 18.0
8750 8749 18.0
8749 8805 11.0
8805 8749 11.0
8750 8806 11.0
8806 8750 11.0
4432 8751 20.0
8751 4432 20.0
4432 8807 11.0
8807 4432 11.0
4432 8750 13.0
8750 4432 13.0
8752 8753 19.0
8753 8752 19.0
8752 8903 25.0
8903 8752 25.0
8753 8754 23.0
8754 8753 23.0
8753 8933 29.0
8933 8753 29.0
8754 8755 18.0
8755 8754 18.0
8755 8756 7.0
8756 8755 7.0
8755 8877 22.0
8877 8755 22.0
8756 8878 22.0
8878 8756 22.0
88 8757 21.0
8757 88 21.0
88 8879 22.0
8879 88 22.0
88 8756 4.0
8756 88 4.0
88 8699 8.0
8699 88 8.0
8757 8880 22.0
8880 8757 22.0
8758 8940 30.0
8940 8758 30.0
8758 8854 31.0
8854 8758 31.0
2456 8759 19.0
8759 2456 19.0
2456 8941 30.0
8941 2456 30.0
2456 8758 9.0
8758 2456 9.0
2456 8710 6.0
8710 2456 6.0
8760 8802 22.0
8802 8760 22.0
3269 8769 3.0
8769 3269 3.0
3269 8760 29.0
8760 3269 29.0
3269 8566 39.0
8566 3269 39.0
8761 8762 13.0
8762 8761 13.0
596 8982 40.0
8982 596 40.0
596 8762 9.0
8762 596 9.0
596 8723 7.0
8723 596 7.0
8763 8764 29.0
8764 8763 29.0
8763 8775 3.0
8775 8763 3.0
8764 8765 4.0
8765 8764 4.0
8764 8776 3.0
8776 8764 3.0
3970 8766 28.0
8766 3970 28.0
3970 8777 3.0
8777 3970 3.0
3970 8765 8.0
8765 3970 8.0
3970 8739 4.0
8739 3970 4.0
8766 8767 13.0
8767 8766 13.0
8766 8778 3.0
8778 8766 3.0
8767 8779 3.0
8779 8767 3.0
2933 8823 8.0
8823 2933 8.0
2933 8822 11.0
8822 2933 11.0
151 8768 11.0
8768 151 11.0
151 8858 15.0
8858 151 15.0
151 8857 16.0
8857 151 16.0
151 8663 17.0
8663 151 17.0
8768 8788 3.0
8788 8768 3.0
8769 8770 19.0
8770 8769 19.0
8769 8885 18.0
8885 8769 18.0
3368 3369 20.0
3369 3368 20.0
3368 8770 41.0
8770 3368 41.0
3368 8572 40.0
8572 3368 40.0
8771 8890 19.0
8890 8771 19.0
2247 8772 12.0
8772 2247 12.0
2247 8771 3.0
8771 2247 3.0
3034 8773 3.0
8773 3034 3.0
3034 8999 40.0
8999 3034 40.0
3034 8893 31.0
8893 3034 31.0
3034 8660 22.0
8660 3034 22.0
8773 8774 8.0
8774 8773 8.0
8773 8795 3.0
8795 8773 3.0
8774 8796 3.0
8796 8774 3.0
3749 8898 31.0
8898 3749 31.0
3749 3790 40.0
3790 3749 40.0
8775 8776 29.0
8776 8775 29.0
8776 8777 12.0
8777 8776 12.0
8776 8814 5.0
8814 8776 5.0
8777 8778 28.0
8778 8777 28.0
8777 9021 47.0
9021 8777 47.0
8778 8779 13.0
8779 8778 13.0
4072 8780 19.0
8780 4072 19.0
4072 8964 32.0
8964 4072 32.0
4072 8779 40.0
8779 4072 40.0
4072 8742 7.0
8742 4072 7.0
2302 8852 12.0
8852 2302 12.0
2302 8772 19.0
8772 2302 19.0
8781 8782 3.0
8782 8781 3.0
8781 8824 6.0
8824 8781 6.0
8782 8783 29.0
8783 8782 29.0
8782 8825 6.0
8825 8782 6.0
8783 8784 11.0
8784 8783 11.0
8784 8785 23.0
8785 8784 23.0
8784 8832 8.0
8832 8784 8.0
8785 8786 5.0
8786 8785 5.0
8786 8787 10.0
8787 8786 10.0
8786 8866 13.0
8866 8786 13.0
8787 8867 13.0
8867 8787 13.0
4294 8868 13.0
8868 4294 13.0
4294 8787 1.0
8787 4294 1.0
4294 8690 18.0
8690 4294 18.0
8788 8789 8.0
8789 8788 8.0
8788 8859 12.0
8859 8788 12.0
8789 8790 9.0
8790 8789 9.0
8789 8860 12.0
8860 8789 12.0
8790 8861 12.0
8861 8790 12.0
183 8791 8.0
8791 183 8.0
183 8862 12.0
8862 183 12.0
183 8790 22.0
8790 183 22.0
183 8666 20.0
8666 183 20.0
8791 8792 3.0
8792 8791 3.0
8791 8863 12.0
8863 8791 12.0
8792 8864 12.0
8864 8792 12.0
8793 8794 2.0
8794 8793 2.0
8793 8959 42.0
8959 8793 42.0
1520 8973 31.0
8973 1520 31.0
1520 8794 27.0
8794 1520 27.0
8795 8796 8.0
8796 8795 8.0
8795 9000 37.0
9000 8795 37.0
8796 9001 37.0
9001 8796 37.0
3143 3189 31.0
3189 3143 31.0
3143 8796 50.0
8796 3143 50.0
8797 8809 2.0
8809 8797 2.0
8797 8808 30.0
8808 8797 30.0
3519 8798 13.0
8798 3519 13.0
3519 8810 2.0
8810 3519 2.0
3519 8797 12.0
8797 3519 12.0
3519 8554 50.0
8554 3519 50.0
8798 8811 2.0
8811 8798 2.0
8799 8800 6.0
8800 8799 6.0
8800 8801 11.0
8801 8800 11.0
814 8801 30.0
8801 814 30.0
814 8674 22.0
8674 814 22.0
3189 8802 8.0
8802 3189 8.0
3189 8883 13.0
8883 3189 13.0
8802 8884 13.0
8884 8802 13.0
8803 8804 2.0
8804 8803 2.0
8804 8805 29.0
8805 8804 29.0
8804 8836 7.0
8836 8804 7.0
8805 8806 18.0
8806 8805 18.0
8806 8807 13.0
8807 8806 13.0
8806 8849 8.0
8849 8806 8.0
4438 8807 20.0
8807 4438 20.0
4438 8751 11.0
8751 4438 11.0
8808 8809 28.0
8809 8808 28.0
8809 8810 12.0
8810 8809 12.0
8809 8842 7.0
8842 8809 7.0
8810 8811 13.0
8811 8810 13.0
8811 8812 26.0
8812 8811 26.0
8812 8886 12.0
8886 8812 12.0
3584 8813 31.0
8813 3584 31.0
3584 8887 12.0
8887 3584 12.0
3584 8812 2.0
8812 3584 2.0
3584 8634 29.0
8634 3584 29.0
8813 8888 12.0
8888 8813 12.0
3912 8814 29.0
8814 3912 29.0
3912 8775 5.0
8775 3912 5.0
893 8980 30.0
8980 893 30.0
893 8639 29.0
8639 893 29.0
8815 8816 11.0
8816 8815 11.0
8816 8817 13.0
8817 8816 13.0
8816 8855 7.0
8855 8816 7.0
8817 8818 24.0
8818 8817 24.0
8818 8819 1.0
8819 8818 1.0
8819 8820 10.0
8820 8819 10.0
8819 8856 7.0
8856 8819 7.0
8820 8821 4.0
8821 8820 4.0
8820 8979 29.0
8979 8820 29.0
2880 8822 28.0
8822 2880 28.0
2880 8821 18.0
8821 2880 18.0
8822 8823 3.0
8823 8822 3.0
8822 8891 13.0
8891 8822 13.0
8823 8892 13.0
8892 8823 13.0
1703 9020 39.0
9020 1703 39.0
1703 8937 39.0
8937 1703 39.0
1703 8609 40.0
8609 1703 40.0
4223 8824 9.0
8824 4223 9.0
4223 8829 2.0
8829 4223 2.0
4223 8649 28.0
8649 4223 28.0
8824 8825 3.0
8825 8824 3.0
8824 8830 2.0
8830 8824 2.0
8825 8831 2.0
8831 8825 2.0
4460 4461 31.0
4461 4460 31.0
1812 8826 13.0
8826 1812 13.0
1812 8837 3.0
8837 1812 3.0
8826 8827 2.0
8827 8826 2.0
8826 8838 3.0
8838 8826 3.0
8827 8828 5.0
8828 8827 5.0
8827 8839 3.0
8839 8827 3.0
8828 8840 3.0
8840 8828 3.0
8829 8830 9.0
8830 8829 9.0
8829 9027 46.0
9027 8829 46.0
8830 8831 3.0
8831 8830 3.0
8830 9002 31.0
9002 8830 31.0
4252 8832 11.0
8832 4252 11.0
4252 8928 12.0
8928 4252 12.0
4252 8831 29.0
8831 4252 29.0
4252 8783 8.0
8783 4252 8.0
8832 8929 12.0
8929 8832 12.0
8833 8834 3.0
8834 8833 3.0
8833 8844 1.0
8844 8833 1.0
8833 8843 10.0
8843 8833 10.0
8834 8835 48.0
8835 8834 48.0
8834 8845 1.0
8845 8834 1.0
8835 8846 1.0
8846 8835 1.0
4410 8836 2.0
8836 4410 2.0
4410 8847 1.0
8847 4410 1.0
4410 8835 21.0
8835 4410 21.0
4410 8803 7.0
8803 4410 7.0
8836 8848 1.0
8848 8836 1.0
744 8799 14.0
8799 744 14.0
744 8800 8.0
8800 744 8.0
8837 8838 13.0
8838 8837 13.0
8837 8913 8.0
8913 8837 8.0
8838 8839 2.0
8839 8838 2.0
8838 8914 8.0
8914 8838 8.0
8839 8840 5.0
8840 8839 5.0
8839 8915 8.0
8915 8839 8.0
8840 8841 12.0
8841 8840 12.0
1912 1955 31.0
1955 1912 31.0
1912 8841 29.0
8841 1912 29.0
1912 8627 42.0
8627 1912 42.0
3464 8842 28.0
8842 3464 28.0
3464 8808 7.0
8808 3464 7.0
8842 9013 33.0
9013 8842 33.0
8843 8844 9.0
8844 8843 9.0
8843 8876 4.0
8876 8843 4.0
8844 8845 3.0
8845 8844 3.0
8844 8889 5.0
8889 8844 5.0
8845 8846 48.0
8846 8845 48.0
8846 8847 21.0
8847 8846 21.0
8847 8848 2.0
8848 8847 2.0
8847 8962 18.0
8962 8847 18.0
4422 8849 18.0
8849 4422 18.0
4422 9088 51.0
9088 4422 51.0
4422 8848 29.0
8848 4422 29.0
4422 8805 8.0
8805 4422 8.0
8850 8872 2.0
8872 8850 2.0
1178 8873 2.0
8873 1178 2.0
1178 8850 2.0
8850 1178 2.0
1178 8675 31.0
8675 1178 31.0
1955 8851 30.0
8851 1955 30.0
8852 8853 39.0
8853 8852 39.0
8852 8975 21.0
8975 8852 21.0
8853 8938 12.0
8938 8853 12.0
2374 8854 30.0
8854 2374 30.0
2374 8939 12.0
8939 2374 12.0
2374 8853 1.0
8853 2374 1.0
2748 8855 11.0
8855 2748 11.0
2748 9055 43.0
9055 2748 43.0
2748 8815 7.0
8815 2748 7.0
8855 8856 38.0
8856 8855 38.0
8855 8978 28.0
8978 8855 28.0
8857 8858 1.0
8858 8857 1.0
8858 8859 11.0
8859 8858 11.0
8858 8911 6.0
8911 8858 6.0
8859 8860 8.0
8860 8859 8.0
8859 8912 6.0
8912 8859 6.0
8860 8861 9.0
8861 8860 9.0
8861 8862 22.0
8862 8861 22.0
8861 8927 7.0
8927 8861 7.0
8862 8863 8.0
8863 8862 8.0
8862 9037 37.0
9037 8862 37.0
8863 8864 3.0
8864 8863 3.0
8863 9008 31.0
9008 8863 31.0
8864 8865 23.0
8865 8864 23.0
211 8942 12.0
8942 211 12.0
211 8865 6.0
8865 211 6.0
4147 8874 19.0
8874 4147 19.0
4147 8746 21.0
8746 4147 21.0
8866 8867 10.0
8867 8866 10.0
8867 8868 1.0
8868 8867 1.0
8867 8931 7.0
8931 8867 7.0
8868 8869 39.0
8869 8868 39.0
8869 8870 3.0
8870 8869 3.0
4333 8871 22.0
8871 4333 22.0
4333 8875 24.0
8875 4333 24.0
4333 8870 29.0
8870 4333 29.0
4333 8691 31.0
8691 4333 31.0
8871 8875 2.0
8875 8871 2.0
8872 8873 2.0
8873 8872 2.0
8873 9006 28.0
9006 8873 28.0
1228 8873 30.0
8873 1228 30.0
1228 8631 40.0
8631 1228 40.0
2007 8946 30.0
8946 2007 30.0
2007 8851 2.0
8851 2007 2.0
4173 8874 12.0
8874 4173 12.0
4353 8876 30.0
8876 4353 30.0
4353 4370 31.0
4370 4353 31.0
4353 8875 8.0
8875 4353 8.0
8877 8878 7.0
8878 8877 7.0
8877 8904 3.0
8904 8877 3.0
8878 8879 4.0
8879 8878 4.0
8878 8905 3.0
8905 8878 3.0
8879 8880 21.0
8880 8879 21.0
8879 8906 3.0
8906 8879 3.0
8880 8881 7.0
8881 8880 7.0
8881 8882 23.0
8882 8881 23.0
8881 8907 3.0
8907 8881 3.0
8882 8908 3.0
8908 8882 3.0
126 8909 3.0
8909 126 3.0
126 8882 9.0
8882 126 9.0
8883 8884 8.0
8884 8883 8.0
8884 8885 43.0
8885 8884 43.0
3295 8894 2.0
8894 3295 2.0
3295 8885 19.0
8885 3295 19.0
3295 8770 18.0
8770 3295 18.0
8886 8887 2.0
8887 8886 2.0
8887 8888 31.0
8888 8887 31.0
3643 8897 10.0
8897 3643 10.0
3643 8888 9.0
8888 3643 9.0
3643 8635 41.0
8635 3643 41.0
4370 8889 9.0
8889 4370 9.0
4370 8960 13.0
8960 4370 13.0
4370 8876 1.0
8876 4370 1.0
8889 8961 13.0
8961 8889 13.0
2176 8890 38.0
8890 2176 38.0
2176 9040 33.0
9040 2176 33.0
2176 9039 35.0
9039 2176 35.0
2176 8771 57.0
8771 2176 57.0
8890 9041 33.0
9041 8890 33.0
8891 8892 3.0
8892 8891 3.0
8891 8997 21.0
8997 8891 21.0
2964 8893 29.0
8893 2964 29.0
2964 8998 21.0
8998 2964 21.0
2964 8892 19.0
8892 2964 19.0
8894 8895 9.0
8895 8894 9.0
8894 8983 19.0
8983 8894 19.0
8895 8896 29.0
8896 8895 29.0
8896 8984 19.0
8984 8896 19.0
3369 8896 3.0
8896 3369 3.0
3700 8898 19.0
8898 3700 19.0
3700 8897 32.0
8897 3700 32.0
8899 8900 8.0
8900 8899 8.0
8900 8901 33.0
8901 8900 33.0
8901 8902 17.0
8902 8901 17.0
8902 8956 8.0
8956 8902 8.0
38 8903 31.0
8903 38 31.0
38 8967 13.0
8967 38 13.0
38 8902 1.0
8902 38 1.0
38 8736 28.0
8736 38 28.0
8903 8932 4.0
8932 8903 4.0
8904 8905 7.0
8905 8904 7.0
8904 8917 1.0
8917 8904 1.0
8905 8906 4.0
8906 8905 4.0
8905 8918 1.0
8918 8905 1.0
8906 8907 28.0
8907 8906 28.0
8906 8919 1.0
8919 8906 1.0
8907 8908 23.0
8908 8907 23.0
8907 8920 1.0
8920 8907 1.0
8908 8909 9.0
8909 8908 9.0
8908 8921 1.0
8921 8908 1.0
8909 8910 29.0
8910 8909 29.0
8909 8922 1.0
8922 8909 1.0
8910 8923 1.0
8923 8910 1.0
150 8911 1.0
8911 150 1.0
150 8924 1.0
8924 150 1.0
150 8910 21.0
8910 150 21.0
150 8857 6.0
8857 150 6.0
8911 8912 11.0
8912 8911 11.0
8911 8925 1.0
8925 8911 1.0
8912 8926 1.0
8926 8912 1.0
8913 8914 13.0
8914 8913 13.0
8913 9064 39.0
9064 8913 39.0
8914 8915 2.0
8915 8914 2.0
8914 9065 39.0
9065 8914 39.0
8915 8916 3.0
8916 8915 3.0
8915 9066 39.0
9066 8915 39.0
8916 9067 39.0
9067 8916 39.0
1845 9073 41.0
9073 1845 41.0
1845 8916 2.0
8916 1845 2.0
1845 8840 8.0
8840 1845 8.0
8917 8918 7.0
8918 8917 7.0
8918 8919 4.0
8919 8918 4.0
8918 8935 3.0
8935 8918 3.0
8919 8920 28.0
8920 8919 28.0
8920 8921 23.0
8921 8920 23.0
8921 8922 9.0
8922 8921 9.0
8921 9018 25.0
9018 8921 25.0
8922 8923 29.0
8923 8922 29.0
8922 8957 8.0
8957 8922 8.0
8923 8924 21.0
8924 8923 21.0
8924 8925 1.0
8925 8924 1.0
8925 8926 11.0
8926 8925 11.0
167 8927 9.0
8927 167 9.0
167 174 39.0
174 167 39.0
167 8926 8.0
8926 167 8.0
167 8860 7.0
8860 167 7.0
8928 8929 11.0
8929 8928 11.0
8928 9003 19.0
9003 8928 19.0
8929 8930 7.0
8930 8929 7.0
4286 8931 10.0
8931 4286 10.0
4286 9004 19.0
9004 4286 19.0
4286 8930 21.0
8930 4286 21.0
4286 8866 7.0
8866 4286 7.0
8932 8933 19.0
8933 8932 19.0
8932 8968 9.0
8968 8932 9.0
8933 8934 19.0
8934 8933 19.0
8934 8969 9.0
8969 8934 9.0
79 8935 7.0
8935 79 7.0
79 8970 9.0
8970 79 9.0
79 8934 22.0
8934 79 22.0
79 8917 3.0
8917 79 3.0
8935 9017 22.0
9017 8935 22.0
1577 8936 1.0
8936 1577 1.0
8936 8974 10.0
8974 8936 10.0
1630 8937 20.0
8937 1630 20.0
1630 8936 30.0
8936 1630 30.0
8938 8939 1.0
8939 8938 1.0
2414 8940 13.0
8940 2414 13.0
2414 8953 15.0
8953 2414 15.0
2414 8939 30.0
8939 2414 30.0
2414 8854 12.0
8854 2414 12.0
8940 8941 9.0
8941 8940 9.0
8940 8953 2.0
8953 8940 2.0
8941 8955 2.0
8955 8941 2.0
8942 8943 29.0
8943 8942 29.0
8942 9009 19.0
9009 8942 19.0
8943 8947 1.0
8947 8943 1.0
246 8944 25.0
8944 246 25.0
246 8948 1.0
8948 246 1.0
246 8943 21.0
8943 246 21.0
8944 8945 6.0
8945 8944 6.0
8944 8949 1.0
8949 8944 1.0
2066 9054 30.0
9054 2066 30.0
2066 8946 11.0
8946 2066 11.0
8947 8948 21.0
8948 8947 21.0
8947 8985 13.0
8985 8947 13.0
8948 8949 25.0
8949 8948 25.0
8948 8986 13.0
8986 8948 13.0
8949 8950 4.0
8950 8949 4.0
8950 8987 13.0
8987 8950 13.0
274 8951 2.0
8951 274 2.0
274 8988 13.0
8988 274 13.0
274 8950 2.0
8950 274 2.0
274 8945 1.0
8945 274 1.0
8951 8952 31.0
8952 8951 31.0
8951 8989 13.0
8989 8951 13.0
8952 8990 13.0
8990 8952 13.0
8953 8954 5.0
8954 8953 5.0
8954 8955 4.0
8955 8954 4.0
8954 9115 41.0
9115 8954 41.0
2489 8993 13.0
8993 2489 13.0
2489 8955 19.0
8955 2489 19.0
2489 8759 32.0
8759 2489 32.0
16 8956 50.0
8956 16 50.0
16 8899 16.0
8899 16 16.0
16 8900 8.0
8900 16 8.0
8956 8966 5.0
8966 8956 5.0
8957 8958 28.0
8958 8957 28.0
8957 9019 20.0
9019 8957 20.0
136 8958 1.0
8958 136 1.0
136 8923 8.0
8923 136 8.0
1426 8959 8.0
8959 1426 8.0
1426 8971 3.0
8971 1426 3.0
1426 8727 40.0
8727 1426 40.0
8959 8972 3.0
8972 8959 3.0
8960 8961 9.0
8961 8960 9.0
8960 9059 28.0
9059 8960 28.0
4402 8962 21.0
8962 4402 21.0
4402 9084 33.0
9084 4402 33.0
4402 8961 51.0
8961 4402 51.0
4402 8846 18.0
8846 4402 18.0
8962 9085 33.0
9085 8962 33.0
8963 8992 9.0
8992 8963 9.0
369 8963 2.0
8963 369 2.0
369 392 41.0
392 369 41.0
8964 8965 16.0
8965 8964 16.0
8965 9005 9.0
9005 8965 9.0
4093 8965 3.0
8965 4093 3.0
4093 8780 32.0
8780 4093 32.0
8966 8967 1.0
8967 8966 1.0
8967 8968 31.0
8968 8967 31.0
58 8969 19.0
8969 58 19.0
58 8968 19.0
8968 58 19.0
58 8933 9.0
8933 58 9.0
8969 8970 22.0
8970 8969 22.0
8970 9016 13.0
9016 8970 13.0
8971 8972 8.0
8972 8971 8.0
8971 9068 28.0
9068 8971 28.0
8972 8973 43.0
8973 8972 43.0
1548 8974 19.0
8974 1548 19.0
1548 8973 19.0
8973 1548 19.0
8975 8976 8.0
8976 8975 8.0
8975 9043 18.0
9043 8975 18.0
8976 8977 18.0
8977 8976 18.0
8977 9044 18.0
9044 8977 18.0
2372 8977 13.0
8977 2372 13.0
2372 8938 9.0
8938 2372 9.0
8978 9056 21.0
9056 8978 21.0
2834 8979 10.0
8979 2834 10.0
2834 9057 21.0
9057 2834 21.0
2834 8978 32.0
8978 2834 32.0
2834 8856 22.0
8856 2834 22.0
910 9052 20.0
9052 910 20.0
910 8980 9.0
8980 910 9.0
8981 9050 19.0
9050 8981 19.0
561 8982 22.0
8982 561 22.0
561 9051 19.0
9051 561 19.0
561 8981 23.0
8981 561 23.0
561 8761 40.0
8761 561 40.0
8982 9122 32.0
9122 8982 32.0
8983 9012 49.0
9012 8983 49.0
3312 8984 29.0
8984 3312 29.0
3312 9102 28.0
9102 3312 28.0
3312 8983 9.0
8983 3312 9.0
3312 8895 19.0
8895 3312 19.0
1017 9130 38.0
9130 1017 38.0
8985 8986 21.0
8986 8985 21.0
8986 8987 29.0
8987 8986 29.0
8986 9011 5.0
9011 8986 5.0
8987 8988 2.0
8988 8987 2.0
8987 9028 9.0
9028 8987 9.0
8988 8989 2.0
8989 8988 2.0
8988 9029 9.0
9029 8988 9.0
8989 8990 31.0
8990 8989 31.0
8990 8991 6.0
8991 8990 6.0
8990 9030 9.0
9030 8990 9.0
346 8992 18.0
8992 346 18.0
346 9032 9.0
9032 346 9.0
346 8991 21.0
8991 346 21.0
346 8963 27.0
8963 346 27.0
8993 8994 18.0
8994 8993 18.0
8993 9116 28.0
9116 8993 28.0
8994 8995 54.0
8995 8994 54.0
2622 8996 2.0
8996 2622 2.0
2622 9074 21.0
9074 2622 21.0
2622 8995 8.0
8995 2622 8.0
2622 8730 49.0
8730 2622 49.0
8996 9075 21.0
9075 8996 21.0
8997 8998 22.0
8998 8997 22.0
3018 8999 12.0
8999 3018 12.0
3018 9134 44.0
9134 3018 44.0
3018 8998 29.0
8998 3018 29.0
3018 8893 21.0
8893 3018 21.0
8999 9000 3.0
9000 8999 3.0
8999 9134 32.0
9134 8999 32.0
9000 9001 8.0
9001 9000 8.0
9000 9135 32.0
9135 9000 32.0
9001 9137 32.0
9137 9001 32.0
9002 9003 32.0
9003 9002 32.0
4269 9004 21.0
9004 4269 21.0
4269 9003 18.0
9003 4269 18.0
4269 8930 19.0
8930 4269 19.0
37 8966 8.0
8966 37 8.0
4071 9005 18.0
9005 4071 18.0
4071 9194 41.0
9194 4071 41.0
4071 9036 30.0
9036 4071 30.0
4071 8964 11.0
8964 4071 11.0
4291 9007 39.0
9007 4291 39.0
4291 9004 12.0
9004 4291 12.0
4291 8931 21.0
8931 4291 21.0
1173 9006 2.0
9006 1173 2.0
1173 9247 50.0
9247 1173 50.0
1173 8872 28.0
8872 1173 28.0
9006 9160 32.0
9160 9006 32.0
4319 9007 2.0
9007 4319 2.0
4319 8869 29.0
8869 4319 29.0
9008 9009 32.0
9009 9008 32.0
9008 9038 6.0
9038 9008 6.0
9009 9010 18.0
9010 9009 18.0
9010 9049 8.0
9049 9010 8.0
234 9011 21.0
9011 234 21.0
234 9106 22.0
9106 234 22.0
234 9010 11.0
9010 234 11.0
234 8985 5.0
8985 234 5.0
9011 9107 22.0
9107 9011 22.0
3205 9012 20.0
9012 3205 20.0
3205 3231 41.0
3231 3205 41.0
3205 8883 36.0
8883 3205 36.0
3205 8884 28.0
8884 3205 28.0
9013 9014 18.0
9014 9013 18.0
9013 9022 3.0
9022 9013 3.0
9014 9015 30.0
9015 9014 30.0
9014 9023 3.0
9023 9014 3.0
9015 9024 3.0
9024 9015 3.0
3580 9025 3.0
9025 3580 3.0
3580 9015 3.0
9015 3580 3.0
3580 8886 28.0
8886 3580 28.0
9016 9017 7.0
9017 9016 7.0
9016 9089 18.0
9089 9016 18.0
9017 9090 18.0
9090 9017 18.0
105 9018 23.0
9018 105 23.0
105 9060 13.0
9060 105 13.0
105 9017 32.0
9017 105 32.0
105 8920 25.0
8920 105 25.0
9018 9019 6.0
9019 9018 6.0
9018 9061 13.0
9061 9018 13.0
9019 9062 13.0
9062 9019 13.0
1668 9020 21.0
9020 1668 21.0
1668 8937 21.0
8937 1668 21.0
9020 9063 41.0
9063 9020 41.0
3949 9021 12.0
9021 3949 12.0
3949 9033 2.0
9033 3949 2.0
3949 8814 42.0
8814 3949 42.0
9021 9035 2.0
9035 9021 2.0
2925 9173 30.0
9173 2925 30.0
2925 9058 19.0
9058 2925 19.0
2925 8997 8.0
8997 2925 8.0
9022 9023 18.0
9023 9022 18.0
9023 9024 30.0
9024 9023 30.0
9023 9080 15.0
9080 9023 15.0
9024 9025 3.0
9025 9024 3.0
9024 9081 15.0
9081 9024 15.0
9025 9026 28.0
9026 9025 28.0
9025 9260 49.0
9260 9025 49.0
3659 9261 49.0
9261 3659 49.0
3659 9026 22.0
9026 3659 22.0
3659 8897 29.0
8897 3659 29.0
4229 9236 41.0
9236 4229 41.0
4229 9027 2.0
9027 4229 2.0
4229 9002 8.0
9002 4229 8.0
9028 9029 2.0
9029 9028 2.0
9029 9030 33.0
9030 9029 33.0
9030 9031 3.0
9031 9030 3.0
9031 9109 18.0
9109 9031 18.0
317 9032 21.0
9032 317 21.0
317 9185 32.0
9185 317 32.0
317 9031 3.0
9031 317 3.0
317 8991 9.0
8991 317 9.0
9032 9186 32.0
9186 9032 32.0
9033 9034 8.0
9034 9033 8.0
9033 9176 29.0
9176 9033 29.0
9034 9035 4.0
9035 9034 4.0
9035 9177 29.0
9177 9035 29.0
4008 9036 29.0
9036 4008 29.0
4008 9178 29.0
9178 4008 29.0
4008 9035 28.0
9035 4008 28.0
4008 8778 49.0
8778 4008 49.0
3734 3774 31.0
3774 3734 31.0
3734 8898 31.0
8898 3734 31.0
174 9037 22.0
9037 174 22.0
174 9045 2.0
9045 174 2.0
174 8927 30.0
8927 174 30.0
9037 9038 8.0
9038 9037 8.0
9037 9047 2.0
9047 9037 2.0
3774 9146 22.0
9146 3774 22.0
9039 9040 2.0
9040 9039 2.0
9039 9114 16.0
9114 9039 16.0
9040 9041 38.0
9041 9040 38.0
9040 9128 17.0
9128 9040 17.0
9041 9042 26.0
9042 9041 26.0
9041 9129 17.0
9129 9041 17.0
9042 9043 7.0
9043 9042 7.0
9042 9190 29.0
9190 9042 29.0
2322 9044 18.0
9044 2322 18.0
2322 9191 29.0
9191 2322 29.0
2322 9043 8.0
9043 2322 8.0
2322 8976 18.0
8976 2322 18.0
9044 9289 53.0
9289 9044 53.0
9045 9046 19.0
9046 9045 19.0
9045 9131 19.0
9131 9045 19.0
9046 9047 3.0
9047 9046 3.0
9047 9048 7.0
9048 9047 7.0
9048 9103 14.0
9103 9048 14.0
190 9049 50.0
9049 190 50.0
190 9104 14.0
9104 190 14.0
190 9048 1.0
9048 190 1.0
190 9038 2.0
9038 190 2.0
9049 9105 14.0
9105 9049 14.0
4162 9255 39.0
9255 4162 39.0
4162 8874 40.0
8874 4162 40.0
516 9050 9.0
9050 516 9.0
516 9119 13.0
9119 516 13.0
516 8981 28.0
8981 516 28.0
9050 9051 23.0
9051 9050 23.0
9050 9120 13.0
9120 9050 13.0
9051 9121 13.0
9121 9051 13.0
888 9052 11.0
9052 888 11.0
888 9098 9.0
9098 888 9.0
888 8980 22.0
8980 888 22.0
9052 9164 21.0
9164 9052 21.0
9053 9091 8.0
9091 9053 8.0
2047 9054 11.0
9054 2047 11.0
2047 9092 8.0
9092 2047 8.0
2047 9053 33.0
9053 2047 33.0
2047 8946 30.0
8946 2047 30.0
9054 9112 12.0
9112 9054 12.0
9055 9056 17.0
9056 9055 17.0
9055 9077 28.0
9077 9055 28.0
9056 9057 32.0
9057 9056 32.0
2848 9058 39.0
9058 2848 39.0
2848 9057 10.0
9057 2848 10.0
2848 8979 21.0
8979 2848 21.0
9059 9139 27.0
9139 9059 27.0
4374 9082 5.0
9082 4374 5.0
4374 9059 9.0
9059 4374 9.0
4374 8961 28.0
8961 4374 28.0
9060 9061 23.0
9061 9060 23.0
9060 9169 19.0
9169 9060 19.0
9060 9149 28.0
9149 9060 28.0
9061 9062 6.0
9062 9061 6.0
9061 9170 19.0
9170 9061 19.0
134 9172 19.0
9172 134 19.0
134 9062 31.0
9062 134 31.0
134 8958 30.0
8958 134 30.0
1793 9064 12.0
9064 1793 12.0
1793 9069 2.0
9069 1793 2.0
1793 9063 21.0
9063 1793 21.0
9064 9065 13.0
9065 9064 13.0
9064 9070 2.0
9070 9064 2.0
9065 9066 2.0
9066 9065 2.0
9065 9071 2.0
9071 9065 2.0
9066 9067 3.0
9067 9066 3.0
9066 9072 2.0
9072 9066 2.0
9068 9235 52.0
9235 9068 52.0
1446 9279 41.0
9279 1446 41.0
1446 9068 8.0
9068 1446 8.0
1446 8972 28.0
8972 1446 28.0
9069 9070 12.0
9070 9069 12.0
9069 9126 20.0
9126 9069 20.0
9070 9071 13.0
9071 9070 13.0
9071 9072 2.0
9072 9071 2.0
1842 9073 2.0
9073 1842 2.0
1842 9275 42.0
9275 1842 42.0
1842 9072 3.0
9072 1842 3.0
1842 9067 2.0
9067 1842 2.0
9073 9275 40.0
9275 9073 40.0
9074 9075 2.0
9075 9074 2.0
9074 9304 48.0
9304 9074 48.0
9074 9117 51.0
9117 9074 51.0
9075 9076 4.0
9076 9075 4.0
9075 9305 48.0
9305 9075 48.0
9076 9197 22.0
9197 9076 22.0
2653 9077 30.0
9077 2653 30.0
2653 9199 22.0
9199 2653 22.0
2653 9076 13.0
9076 2653 13.0
9078 9079 8.0
9079 9078 8.0
9078 9094 3.0
9094 9078 3.0
9078 9093 23.0
9093 9078 23.0
9079 9095 3.0
9095 9079 3.0
731 9096 3.0
9096 731 3.0
731 9079 4.0
9079 731 4.0
3501 9080 18.0
9080 3501 18.0
3501 9339 52.0
9339 3501 52.0
3501 9022 15.0
9022 3501 15.0
9080 9081 30.0
9081 9080 30.0
9081 9259 34.0
9259 9081 34.0
9082 9083 29.0
9083 9082 29.0
9082 9140 9.0
9140 9082 9.0
9083 9084 22.0
9084 9083 22.0
9083 9141 9.0
9141 9083 9.0
9084 9085 21.0
9085 9084 21.0
9084 9142 9.0
9142 9084 9.0
9085 9086 8.0
9086 9085 8.0
9085 9143 9.0
9143 9085 9.0
9086 9087 17.0
9087 9086 17.0
9087 9088 6.0
9088 9087 6.0
9087 9099 2.0
9099 9087 2.0
4428 9100 2.0
9100 4428 2.0
4428 9088 18.0
9088 4428 18.0
4428 8849 51.0
8849 4428 51.0
68 9089 22.0
9089 68 22.0
68 9148 33.0
9148 68 33.0
68 8969 31.0
8969 68 31.0
9089 9090 7.0
9090 9089 7.0
9089 9148 11.0
9148 9089 11.0
1572 9256 39.0
9256 1572 39.0
1572 8974 31.0
8974 1572 31.0
1976 9091 8.0
9091 1976 8.0
1976 9110 12.0
9110 1976 12.0
1976 9053 16.0
9053 1976 16.0
9091 9092 33.0
9092 9091 33.0
9091 9110 4.0
9110 9091 4.0
9092 9111 4.0
9111 9092 4.0
9093 9094 20.0
9094 9093 20.0
9093 9125 4.0
9125 9093 4.0
9094 9095 8.0
9095 9094 8.0
9094 9201 19.0
9201 9094 19.0
9095 9096 4.0
9096 9095 4.0
9095 9202 19.0
9202 9095 19.0
9096 9097 49.0
9097 9096 49.0
9096 9203 19.0
9203 9096 19.0
843 9098 31.0
9098 843 31.0
843 9097 21.0
9097 843 21.0
843 888 40.0
888 843 40.0
9098 9163 19.0
9163 9098 19.0
9099 9100 24.0
9100 9099 24.0
9099 9144 7.0
9144 9099 7.0
9100 9101 17.0
9101 9100 17.0
4441 9101 23.0
9101 4441 23.0
3231 9102 51.0
9102 3231 51.0
3231 9012 21.0
9012 3231 21.0
9102 9180 40.0
9180 9102 40.0
9103 9104 1.0
9104 9103 1.0
9103 9133 5.0
9133 9103 5.0
9104 9105 50.0
9105 9104 50.0
9104 9152 8.0
9152 9104 8.0
9105 9106 11.0
9106 9105 11.0
9106 9107 21.0
9107 9106 21.0
9106 9153 8.0
9153 9106 8.0
9107 9108 8.0
9108 9107 8.0
9108 9154 8.0
9154 9108 8.0
273 9109 38.0
9109 273 38.0
273 9183 14.0
9183 273 14.0
273 9108 21.0
9108 273 21.0
273 9028 18.0
9028 273 18.0
9109 9184 14.0
9184 9109 14.0
9110 9111 33.0
9111 9110 33.0
9111 9112 11.0
9112 9111 11.0
9112 9113 7.0
9113 9112 7.0
2121 9114 31.0
9114 2121 31.0
2121 9127 1.0
9127 2121 1.0
2121 9113 21.0
9113 2121 21.0
9115 9116 23.0
9116 9115 23.0
2521 9117 18.0
9117 2521 18.0
2521 9162 8.0
9162 2521 8.0
2521 9116 18.0
9116 2521 18.0
2521 8994 28.0
8994 2521 28.0
9118 9119 12.0
9119 9118 12.0
9118 9158 6.0
9158 9118 6.0
9118 9145 23.0
9145 9118 23.0
9119 9120 9.0
9120 9119 9.0
9119 9159 6.0
9159 9119 6.0
9120 9121 23.0
9121 9120 23.0
9121 9122 22.0
9122 9121 22.0
9121 9220 17.0
9220 9121 17.0
9122 9123 6.0
9123 9122 6.0
9123 9124 15.0
9124 9123 15.0
9124 9232 20.0
9232 9124 20.0
639 9125 29.0
9125 639 29.0
639 9233 20.0
9233 639 20.0
639 9124 6.0
9124 639 6.0
1758 9126 9.0
9126 1758 9.0
1758 1776 29.0
1776 1758 29.0
1758 9063 10.0
9063 1758 10.0
9127 9258 28.0
9258 9127 28.0
2175 9128 2.0
9128 2175 2.0
2175 9364 51.0
9364 2175 51.0
2175 9127 31.0
9127 2175 31.0
2175 9114 1.0
9114 2175 1.0
9128 9129 38.0
9129 9128 38.0
9128 9189 18.0
9189 9128 18.0
1058 9130 23.0
9130 1058 23.0
9131 9132 7.0
9132 9131 7.0
9131 9268 29.0
9268 9131 29.0
9132 9195 11.0
9195 9132 11.0
180 9133 10.0
9133 180 10.0
180 9150 3.0
9150 180 3.0
180 9132 12.0
9132 180 12.0
180 9046 19.0
9046 180 19.0
9133 9151 3.0
9151 9133 3.0
9134 9135 3.0
9135 9134 3.0
9135 9136 2.0
9136 9135 2.0
9136 9137 6.0
9137 9136 6.0
9137 9138 13.0
9138 9137 13.0
9138 9325 40.0
9325 9138 40.0
3082 9138 3.0
9138 3082 3.0
9139 9140 22.0
9140 9139 22.0
9140 9141 29.0
9141 9140 29.0
9140 9166 5.0
9166 9140 5.0
9141 9142 22.0
9142 9141 22.0
9142 9143 21.0
9143 9142 21.0
4412 9144 17.0
9144 4412 17.0
4412 9143 8.0
9143 4412 8.0
4412 9086 9.0
9086 4412 9.0
430 9145 30.0
9145 430 30.0
430 9156 2.0
9156 430 2.0
430 9155 13.0
9155 430 13.0
9146 9147 18.0
9147 9146 18.0
9146 9206 12.0
9206 9146 12.0
9146 9205 14.0
9205 9146 14.0
9147 9207 12.0
9207 9147 12.0
3827 9174 5.0
9174 3827 5.0
3827 9147 22.0
9147 3827 22.0
2771 9292 31.0
9292 2771 31.0
2771 9200 10.0
9200 2771 10.0
2771 9056 18.0
9056 2771 18.0
85 9149 20.0
9149 85 20.0
85 9167 3.0
9167 85 3.0
85 9148 7.0
9148 85 7.0
85 9090 11.0
9090 85 11.0
9149 9168 3.0
9168 9149 3.0
9150 9151 10.0
9151 9150 10.0
9150 9196 8.0
9196 9150 8.0
9151 9152 1.0
9152 9151 1.0
222 9153 11.0
9153 222 11.0
222 9152 50.0
9152 222 50.0
222 9105 8.0
9105 222 8.0
9153 9154 29.0
9154 9153 29.0
9154 9182 6.0
9182 9154 6.0
9155 9156 11.0
9156 9155 11.0
9155 9188 6.0
9188 9155 6.0
9156 9157 8.0
9157 9156 8.0
9156 9214 11.0
9214 9156 11.0
9157 9215 11.0
9215 9157 11.0
477 9158 19.0
9158 477 19.0
477 9216 11.0
9216 477 11.0
477 9157 22.0
9157 477 22.0
477 9145 2.0
9145 477 2.0
9158 9159 12.0
9159 9158 12.0
9158 9217 11.0
9217 9158 11.0
9159 9218 11.0
9218 9159 11.0
9160 9161 6.0
9161 9160 6.0
9160 9248 18.0
9248 9160 18.0
1208 9252 19.0
9252 1208 19.0
1208 9161 11.0
9161 1208 11.0
2451 9162 41.0
9162 2451 41.0
2451 9300 33.0
9300 2451 33.0
2451 9290 31.0
9290 2451 31.0
2451 9115 8.0
9115 2451 8.0
9162 9302 33.0
9302 9162 33.0
9163 9164 4.0
9164 9163 4.0
928 9352 40.0
9352 928 40.0
928 9164 8.0
9164 928 8.0
9165 9293 30.0
9293 9165 30.0
4362 9166 22.0
9166 4362 22.0
4362 9294 30.0
9294 4362 30.0
4362 9165 15.0
9165 4362 15.0
4362 9139 5.0
9139 4362 5.0
9166 9179 19.0
9179 9166 19.0
9167 9168 20.0
9168 9167 20.0
9168 9169 12.0
9169 9168 12.0
9169 9170 23.0
9170 9169 23.0
9170 9171 4.0
9171 9170 4.0
9171 9211 8.0
9211 9171 8.0
123 9172 31.0
9172 123 31.0
123 9309 32.0
9309 123 32.0
123 9171 2.0
9171 123 2.0
123 9062 19.0
9062 123 19.0
9172 9266 23.0
9266 9172 23.0
2910 9173 11.0
9173 2910 11.0
2910 9375 43.0
9375 2910 43.0
2910 9374 45.0
9374 2910 45.0
2910 9058 22.0
9058 2910 22.0
9173 9376 43.0
9376 9173 43.0
9174 9175 50.0
9175 9174 50.0
9174 9208 7.0
9208 9174 7.0
9175 9176 42.0
9176 9175 42.0
3962 9177 4.0
9177 3962 4.0
3962 9210 7.0
9210 3962 7.0
3962 9176 8.0
9176 3962 8.0
3962 9034 29.0
9034 3962 29.0
9177 9178 28.0
9178 9177 28.0
9177 9317 32.0
9317 9177 32.0
9178 9181 10.0
9181 9178 10.0
4389 9179 12.0
9179 4389 12.0
4389 9141 7.0
9141 4389 7.0
9180 9407 53.0
9407 9180 53.0
3361 9408 53.0
9408 3361 53.0
3361 9180 3.0
9180 3361 3.0
3361 8984 42.0
8984 3361 42.0
9181 9276 21.0
9276 9181 21.0
4045 9192 2.0
9192 4045 2.0
4045 9181 21.0
9181 4045 21.0
4045 9036 31.0
9036 4045 31.0
9182 9183 21.0
9183 9182 21.0
9183 9184 38.0
9184 9183 38.0
9183 9221 6.0
9221 9183 6.0
9184 9185 3.0
9185 9184 3.0
9185 9186 21.0
9186 9185 21.0
9186 9187 6.0
9187 9186 6.0
9186 9313 29.0
9313 9186 29.0
9187 9243 12.0
9243 9187 12.0
366 9188 40.0
9188 366 40.0
366 9212 5.0
9212 366 5.0
366 9187 12.0
9187 366 12.0
366 8992 41.0
8992 366 41.0
9188 9213 5.0
9213 9188 5.0
9189 9334 33.0
9334 9189 33.0
2243 9190 26.0
9190 2243 26.0
2243 9335 33.0
9335 2243 33.0
2243 9189 32.0
9189 2243 32.0
2243 9129 12.0
9129 2243 12.0
9190 9191 15.0
9191 9190 15.0
9190 9337 33.0
9337 9190 33.0
9191 9289 42.0
9289 9191 42.0
9192 9193 9.0
9193 9192 9.0
9192 9277 19.0
9277 9192 19.0
9193 9194 13.0
9194 9193 13.0
9193 9253 12.0
9253 9193 12.0
4087 9254 12.0
9254 4087 12.0
4087 9194 18.0
9194 4087 18.0
4087 9005 41.0
9005 4087 41.0
9195 9196 12.0
9196 9195 12.0
9195 9269 18.0
9269 9195 18.0
189 9196 10.0
9196 189 10.0
189 9151 8.0
9151 189 8.0
9197 9198 8.0
9198 9197 8.0
9197 9306 26.0
9306 9197 26.0
9198 9199 5.0
9199 9198 5.0
9198 9371 38.0
9371 9198 38.0
9199 9372 38.0
9372 9199 38.0
2703 9200 39.0
9200 2703 39.0
2703 9291 22.0
9291 2703 22.0
2703 9199 30.0
9199 2703 30.0
2703 9077 22.0
9077 2703 22.0
9201 9202 8.0
9202 9201 8.0
9201 9274 17.0
9274 9201 17.0
9202 9203 4.0
9203 9202 4.0
9202 9278 18.0
9278 9202 18.0
9203 9204 48.0
9204 9203 48.0
805 9204 1.0
9204 805 1.0
805 9097 19.0
9097 805 19.0
9205 9206 2.0
9206 9205 2.0
9206 9207 18.0
9207 9206 18.0
9206 9241 7.0
9241 9206 7.0
9207 9208 22.0
9208 9207 22.0
9207 9242 7.0
9242 9207 7.0
9208 9209 48.0
9209 9208 48.0
9209 9353 34.0
9353 9209 34.0
3888 9210 50.0
9210 3888 50.0
3888 9354 34.0
9354 3888 34.0
3888 9209 2.0
9209 3888 2.0
3888 9175 7.0
9175 3888 7.0
9210 9316 25.0
9316 9210 25.0
98 9211 39.0
9211 98 39.0
98 9167 28.0
9167 98 28.0
98 9168 8.0
9168 98 8.0
9211 9308 24.0
9308 9211 24.0
9212 9213 40.0
9213 9212 40.0
9212 9244 7.0
9244 9212 7.0
9213 9214 11.0
9214 9213 11.0
9213 9222 3.0
9222 9213 3.0
9214 9215 8.0
9215 9214 8.0
9214 9223 3.0
9223 9214 3.0
9215 9216 22.0
9216 9215 22.0
9215 9224 3.0
9224 9215 3.0
9216 9217 19.0
9217 9216 19.0
9216 9225 3.0
9225 9216 3.0
9217 9218 12.0
9218 9217 12.0
9217 9226 3.0
9226 9217 3.0
9218 9219 6.0
9219 9218 6.0
9218 9227 3.0
9227 9218 3.0
9219 9228 3.0
9228 9219 3.0
529 9220 23.0
9220 529 23.0
529 9229 3.0
9229 529 3.0
529 9219 3.0
9219 529 3.0
529 9120 17.0
9120 529 17.0
9220 9230 3.0
9230 9220 3.0
252 9221 21.0
9221 252 21.0
252 9153 41.0
9153 252 41.0
252 9182 6.0
9182 252 6.0
9221 9312 39.0
9312 9221 39.0
1318 9234 1.0
9234 1318 1.0
9222 9223 11.0
9223 9222 11.0
9223 9224 8.0
9224 9223 8.0
9223 9246 4.0
9246 9223 4.0
9224 9225 22.0
9225 9224 22.0
9225 9226 19.0
9226 9225 19.0
9225 9333 25.0
9333 9225 25.0
9226 9227 12.0
9227 9226 12.0
9227 9228 6.0
9228 9227 6.0
9227 9345 27.0
9345 9227 27.0
9228 9229 3.0
9229 9228 3.0
9228 9346 27.0
9346 9228 27.0
9229 9230 23.0
9230 9229 23.0
9229 9347 27.0
9347 9229 27.0
9230 9231 15.0
9231 9230 15.0
9231 9270 12.0
9270 9231 12.0
609 9232 15.0
9232 609 15.0
609 9271 12.0
9271 609 12.0
609 9231 13.0
9231 609 13.0
609 9123 20.0
9123 609 20.0
9232 9233 6.0
9233 9232 6.0
9232 9272 12.0
9272 9232 12.0
9233 9273 12.0
9273 9233 12.0
1359 9235 19.0
9235 1359 19.0
1359 9315 29.0
9315 1359 29.0
1359 9234 20.0
9234 1359 20.0
1776 9126 20.0
9126 1776 20.0
4227 9236 2.0
9236 4227 2.0
4227 9238 1.0
9238 4227 1.0
4227 9237 12.0
9237 4227 12.0
4227 9027 41.0
9027 4227 41.0
9236 9239 1.0
9239 9236 1.0
9237 9238 11.0
9238 9237 11.0
9238 9239 2.0
9239 9238 2.0
4250 9451 51.0
9451 4250 51.0
4250 9239 28.0
9239 4250 28.0
9240 9283 11.0
9283 9240 11.0
9240 9265 16.0
9265 9240 16.0
3770 9241 2.0
9241 3770 2.0
3770 9284 11.0
9284 3770 11.0
3770 9240 22.0
9240 3770 22.0
3770 9205 7.0
9205 3770 7.0
9241 9242 18.0
9242 9241 18.0
9241 9285 11.0
9285 9241 11.0
9243 9244 12.0
9244 9243 12.0
9243 9314 17.0
9314 9243 17.0
9244 9245 28.0
9245 9244 28.0
9244 9329 21.0
9329 9244 21.0
9245 9330 21.0
9330 9245 21.0
417 9246 11.0
9246 417 11.0
417 9331 21.0
9331 417 21.0
417 9245 12.0
9245 417 12.0
417 9222 4.0
9222 417 4.0
9246 9332 21.0
9332 9246 21.0
1132 9247 22.0
9247 1132 22.0
1132 9249 1.0
9249 1132 1.0
9247 9248 2.0
9248 9247 2.0
9247 9250 1.0
9250 9247 1.0
9248 9251 1.0
9251 9248 1.0
9249 9250 22.0
9250 9249 22.0
9249 9382 29.0
9382 9249 29.0
9250 9251 2.0
9251 9250 2.0
1186 9252 11.0
9252 1186 11.0
1186 9257 13.0
9257 1186 13.0
1186 9251 6.0
9251 1186 6.0
1186 9161 19.0
9161 1186 19.0
9252 9257 2.0
9257 9252 2.0
9253 9254 31.0
9254 9253 31.0
4136 9255 32.0
9255 4136 32.0
4136 9254 40.0
9254 4136 40.0
4316 9007 51.0
9007 4316 51.0
1587 9256 1.0
9256 1587 1.0
1236 9295 12.0
9295 1236 12.0
1236 9257 20.0
9257 1236 20.0
2081 9258 21.0
9258 2081 21.0
2081 9361 23.0
9361 2081 23.0
2081 9113 29.0
9113 2081 29.0
9258 9362 23.0
9362 9258 23.0
9259 9260 3.0
9260 9259 3.0
9259 9262 2.0
9262 9259 2.0
3620 9261 22.0
9261 3620 22.0
3620 9263 2.0
9263 3620 2.0
3620 9260 28.0
9260 3620 28.0
3620 9026 49.0
9026 3620 49.0
9261 9264 2.0
9264 9261 2.0
9262 9263 31.0
9263 9262 31.0
9262 9341 16.0
9341 9262 16.0
9263 9264 22.0
9264 9263 22.0
3675 9265 30.0
9265 3675 30.0
3675 9281 4.0
9281 3675 4.0
3675 9264 18.0
9264 3675 18.0
9265 9282 4.0
9282 9265 4.0
9266 9267 8.0
9267 9266 8.0
9266 9310 9.0
9310 9266 9.0
158 9268 22.0
9268 158 22.0
158 9311 9.0
9311 158 9.0
158 9267 21.0
9267 158 21.0
9268 9269 7.0
9269 9268 7.0
9268 9324 11.0
9324 9268 11.0
9270 9271 13.0
9271 9270 13.0
9271 9272 15.0
9272 9271 15.0
9271 9440 38.0
9440 9271 38.0
9272 9273 6.0
9273 9272 6.0
9272 9441 38.0
9441 9272 38.0
9273 9442 38.0
9442 9273 38.0
680 9274 20.0
9274 680 20.0
680 711 21.0
711 680 21.0
680 9273 29.0
9273 680 29.0
680 9125 32.0
9125 680 32.0
1861 9275 6.0
9275 1861 6.0
9276 9277 21.0
9277 9276 21.0
4055 9277 9.0
9277 4055 9.0
4055 9253 7.0
9253 4055 7.0
711 9278 8.0
9278 711 8.0
711 9286 2.0
9286 711 2.0
711 9274 1.0
9274 711 1.0
9278 9287 2.0
9287 9278 2.0
9279 9280 7.0
9280 9279 7.0
9279 9321 9.0
9321 9279 9.0
9280 9322 9.0
9322 9280 9.0
1481 9396 30.0
9396 1481 30.0
1481 9280 12.0
9280 1481 12.0
9281 9282 30.0
9282 9281 30.0
9282 9283 9.0
9283 9282 9.0
9283 9284 22.0
9284 9283 22.0
9283 9379 18.0
9379 9283 18.0
9284 9285 2.0
9285 9284 2.0
3799 9285 18.0
9285 3799 18.0
3799 9242 11.0
9242 3799 11.0
9286 9287 8.0
9287 9286 8.0
9286 9469 39.0
9469 9286 39.0
9287 9288 51.0
9288 9287 51.0
9288 9470 39.0
9470 9288 39.0
801 9487 41.0
9487 801 41.0
801 9288 1.0
9288 801 1.0
801 9204 20.0
9204 801 20.0
9289 9297 4.0
9297 9289 4.0
2401 9290 29.0
9290 2401 29.0
2401 9298 4.0
9298 2401 4.0
2401 9289 31.0
9289 2401 31.0
9290 9299 4.0
9299 9290 4.0
9291 9373 39.0
9373 9291 39.0
2768 9292 1.0
9292 2768 1.0
2768 9399 27.0
9399 2768 27.0
2768 9291 39.0
9291 2768 39.0
2768 9200 22.0
9200 2768 22.0
9292 9416 30.0
9416 9292 30.0
4351 9293 6.0
9293 4351 6.0
4351 9509 42.0
9509 4351 42.0
4351 9165 36.0
9165 4351 36.0
9293 9294 15.0
9294 9293 15.0
9293 9510 42.0
9510 9293 42.0
9294 9307 30.0
9307 9294 30.0
9295 9296 29.0
9296 9295 29.0
9295 9386 19.0
9386 9295 19.0
1315 9296 21.0
9296 1315 21.0
1315 9234 20.0
9234 1315 20.0
4218 9450 33.0
9450 4218 33.0
4218 9385 20.0
9385 4218 20.0
4218 9237 18.0
9237 4218 18.0
9297 9298 31.0
9298 9297 31.0
9298 9299 29.0
9299 9298 29.0
9298 9338 5.0
9338 9298 5.0
9299 9300 2.0
9300 9299 2.0
9300 9301 18.0
9301 9300 18.0
9301 9302 23.0
9302 9301 23.0
9302 9303 7.0
9303 9302 7.0
9302 9436 29.0
9436 9302 29.0
9303 9367 12.0
9367 9303 12.0
2542 9304 44.0
9304 2542 44.0
2542 9368 12.0
9368 2542 12.0
2542 9303 11.0
9303 2542 11.0
2542 9117 41.0
9117 2542 41.0
9304 9305 2.0
9305 9304 2.0
9304 9369 12.0
9369 9304 12.0
9305 9306 4.0
9306 9305 4.0
9305 9370 12.0
9370 9305 12.0
9307 9427 28.0
9427 9307 28.0
4384 9428 28.0
9428 4384 28.0
4384 9307 11.0
9307 4384 11.0
4384 9179 30.0
9179 4384 30.0
9308 9309 2.0
9309 9308 2.0
9309 9310 31.0
9310 9309 31.0
142 9311 21.0
9311 142 21.0
142 9310 8.0
9310 142 8.0
142 9267 9.0
9267 142 9.0
9311 9323 20.0
9323 9311 20.0
9312 9389 21.0
9389 9312 21.0
315 9313 24.0
9313 315 24.0
315 9326 4.0
9326 315 4.0
315 9312 22.0
9312 315 22.0
315 9184 29.0
9184 315 29.0
9313 9314 6.0
9314 9313 6.0
9313 9327 4.0
9327 9313 4.0
9314 9328 4.0
9328 9314 4.0
1394 9320 1.0
9320 1394 1.0
1394 9315 11.0
9315 1394 11.0
1394 9235 21.0
9235 1394 21.0
9316 9317 4.0
9317 9316 4.0
9316 9356 9.0
9356 9316 9.0
9317 9318 15.0
9318 9317 15.0
9318 9319 8.0
9319 9318 8.0
9319 9357 9.0
9357 9319 9.0
4016 9319 13.0
9319 4016 13.0
4016 9276 9.0
9276 4016 9.0
9320 9447 29.0
9447 9320 29.0
1418 9321 12.0
9321 1418 12.0
1418 9394 21.0
9394 1418 21.0
1418 9320 20.0
9320 1418 20.0
9321 9322 7.0
9322 9321 7.0
9321 9395 21.0
9395 9321 21.0
9323 9324 4.0
9324 9323 4.0
177 9516 40.0
9516 177 40.0
177 9324 7.0
9324 177 7.0
177 9269 11.0
9269 177 11.0
3044 9325 19.0
9325 3044 19.0
3044 9378 9.0
9378 3044 9.0
3044 9136 40.0
9136 3044 40.0
9326 9327 24.0
9327 9326 24.0
9326 9390 17.0
9390 9326 17.0
9327 9328 6.0
9328 9327 6.0
9327 9391 17.0
9391 9327 17.0
9328 9329 12.0
9329 9328 12.0
9329 9330 28.0
9330 9329 28.0
9329 9392 17.0
9392 9329 17.0
9330 9331 12.0
9331 9330 12.0
9330 9393 17.0
9393 9330 17.0
9331 9332 11.0
9332 9331 11.0
439 9333 22.0
9333 439 22.0
439 9342 2.0
9342 439 2.0
439 9332 8.0
9332 439 8.0
439 9224 25.0
9224 439 25.0
9333 9344 2.0
9344 9333 2.0
9334 9335 32.0
9335 9334 32.0
9335 9336 17.0
9336 9335 17.0
9335 9365 6.0
9365 9335 6.0
9336 9337 9.0
9337 9336 9.0
9336 9366 6.0
9366 9336 6.0
9337 9461 28.0
9461 9337 28.0
2350 9338 31.0
9338 2350 31.0
2350 9337 33.0
9337 2350 33.0
2350 9297 5.0
9297 2350 5.0
1584 9415 20.0
9415 1584 20.0
1584 9406 19.0
9406 1584 19.0
1584 9256 20.0
9256 1584 20.0
1990 9359 5.0
9359 1990 5.0
1990 9110 47.0
9110 1990 47.0
9339 9340 15.0
9340 9339 15.0
9339 9349 1.0
9349 9339 1.0
9339 9348 5.0
9348 9339 5.0
9340 9350 1.0
9350 9340 1.0
3529 9341 30.0
9341 3529 30.0
3529 9351 1.0
9351 3529 1.0
3529 9340 3.0
9340 3529 3.0
3529 9080 52.0
9080 3529 52.0
9342 9343 18.0
9343 9342 18.0
9342 9403 17.0
9403 9342 17.0
9343 9344 4.0
9344 9343 4.0
9343 9498 32.0
9498 9343 32.0
493 9345 12.0
9345 493 12.0
493 9499 32.0
9499 493 32.0
493 9344 19.0
9344 493 19.0
493 9226 27.0
9226 493 27.0
9345 9346 6.0
9346 9345 6.0
9345 9500 32.0
9500 9345 32.0
9346 9347 3.0
9347 9346 3.0
9346 9501 32.0
9501 9346 32.0
9347 9438 23.0
9438 9347 23.0
2446 9435 29.0
9435 2446 29.0
2446 9338 31.0
9338 2446 31.0
2446 9299 7.0
9299 2446 7.0
9348 9349 4.0
9349 9348 4.0
9348 9410 17.0
9410 9348 17.0
9349 9350 15.0
9350 9349 15.0
9349 9476 28.0
9476 9349 28.0
9350 9351 3.0
9351 9350 3.0
9350 9477 28.0
9477 9350 28.0
3572 9351 30.0
9351 3572 30.0
3572 9341 1.0
9341 3572 1.0
902 9352 12.0
9352 902 12.0
902 9444 23.0
9444 902 23.0
902 9443 24.0
9443 902 24.0
902 9163 40.0
9163 902 40.0
9352 9358 41.0
9358 9352 41.0
121 9308 8.0
9308 121 8.0
4455 9433 21.0
9433 4455 21.0
9353 9354 2.0
9354 9353 2.0
9354 9355 28.0
9355 9354 28.0
9354 9384 7.0
9384 9354 7.0
9355 9356 22.0
9356 9355 22.0
3989 9357 8.0
9357 3989 8.0
3989 9426 18.0
9426 3989 18.0
3989 9356 19.0
9356 3989 19.0
3989 9318 9.0
9318 3989 9.0
9358 9380 2.0
9380 9358 2.0
1029 9381 2.0
9381 1029 2.0
1029 9358 21.0
9358 1029 21.0
1029 9130 49.0
9130 1029 49.0
9359 9360 29.0
9360 9359 29.0
9359 9454 22.0
9454 9359 22.0
9359 9453 34.0
9453 9359 34.0
9360 9361 22.0
9361 9360 22.0
9360 9455 22.0
9455 9360 22.0
9361 9362 21.0
9362 9361 21.0
9361 9456 22.0
9456 9361 22.0
9362 9363 17.0
9363 9362 17.0
9362 9457 22.0
9457 9362 22.0
9363 9364 14.0
9364 9363 14.0
9363 9458 22.0
9458 9363 22.0
2187 9365 32.0
9365 2187 32.0
2187 9459 22.0
9459 2187 22.0
2187 9364 8.0
9364 2187 8.0
2187 9334 6.0
9334 2187 6.0
9365 9366 17.0
9366 9365 17.0
9365 9460 22.0
9460 9365 22.0
9367 9368 11.0
9368 9367 11.0
9367 9437 17.0
9437 9367 17.0
9368 9369 44.0
9369 9368 44.0
9369 9370 2.0
9370 9369 2.0
2631 9371 8.0
9371 2631 8.0
2631 9397 19.0
9397 2631 19.0
2631 9370 4.0
9370 2631 4.0
2631 9306 12.0
9306 2631 12.0
9371 9372 5.0
9372 9371 5.0
9371 9397 11.0
9397 9371 11.0
9372 9373 7.0
9373 9372 7.0
9372 9398 11.0
9398 9372 11.0
9374 9375 2.0
9375 9374 2.0
9375 9376 11.0
9376 9375 11.0
9376 9377 4.0
9377 9376 4.0
9376 9387 7.0
9387 9376 7.0
9377 9388 7.0
9388 9377 7.0
3011 9378 20.0
9378 3011 20.0
3011 9377 44.0
9377 3011 44.0
3011 3044 29.0
3044 3011 29.0
3729 9379 9.0
9379 3729 9.0
3729 3743 39.0
3743 3729 39.0
3729 9281 48.0
9281 3729 48.0
3729 9282 18.0
9282 3729 18.0
9380 9381 21.0
9381 9380 21.0
1073 1116 32.0
1116 1073 32.0
1073 9381 30.0
9381 1073 30.0
1116 9382 11.0
9382 1116 11.0
9382 9411 19.0
9411 9382 19.0
4315 4316 31.0
4316 4315 31.0
9383 9422 11.0
9422 9383 11.0
9383 9421 19.0
9421 9383 19.0
3884 9384 2.0
9384 3884 2.0
3884 9423 11.0
9423 3884 11.0
3884 9383 13.0
9383 3884 13.0
3884 9353 7.0
9353 3884 7.0
9384 9424 11.0
9424 9384 11.0
4178 9385 50.0
9385 4178 50.0
4178 9255 49.0
9255 4178 49.0
9385 9449 15.0
9449 9385 15.0
9386 9412 20.0
9412 9386 20.0
1286 9386 29.0
9386 1286 29.0
1286 9296 19.0
9296 1286 19.0
2909 9387 13.0
9387 2909 13.0
2909 9417 38.0
9417 2909 38.0
2909 9374 7.0
9374 2909 7.0
9387 9388 4.0
9388 9387 4.0
9387 9609 62.0
9609 9387 62.0
9389 9390 22.0
9390 9389 22.0
9390 9391 24.0
9391 9390 24.0
351 9392 12.0
9392 351 12.0
351 9400 2.0
9400 351 2.0
351 9391 6.0
9391 351 6.0
351 9328 17.0
9328 351 17.0
9392 9393 28.0
9393 9392 28.0
9392 9401 2.0
9401 9392 2.0
9394 9395 12.0
9395 9394 12.0
9394 9448 20.0
9448 9394 20.0
1458 9396 12.0
9396 1458 12.0
1458 9404 13.0
9404 1458 13.0
1458 9395 7.0
9395 1458 7.0
1458 9322 21.0
9322 1458 21.0
9396 9404 1.0
9404 9396 1.0
9397 9398 5.0
9398 9397 5.0
2662 9399 62.0
9399 2662 62.0
2662 9586 50.0
9586 2662 50.0
2662 9398 7.0
9398 2662 7.0
2662 9373 11.0
9373 2662 11.0
9399 9416 4.0
9416 9399 4.0
9400 9401 12.0
9401 9400 12.0
9400 9589 50.0
9589 9400 50.0
9401 9402 16.0
9402 9401 16.0
398 9403 31.0
9403 398 31.0
398 9569 42.0
9569 398 42.0
398 9402 12.0
9402 398 12.0
398 9393 2.0
9393 398 2.0
9403 9497 15.0
9497 9403 15.0
9404 9405 18.0
9405 9404 18.0
9405 9413 2.0
9413 9405 2.0
1514 9406 50.0
9406 1514 50.0
1514 9414 2.0
9414 1514 2.0
1514 9405 1.0
9405 1514 1.0
9407 9408 3.0
9408 9407 3.0
9407 9472 11.0
9472 9407 11.0
9408 9409 35.0
9409 9408 35.0
9408 9473 11.0
9473 9408 11.0
9409 9474 11.0
9474 9409 11.0
3451 9410 30.0
9410 3451 30.0
3451 9475 11.0
9475 3451 11.0
3451 9409 23.0
9409 3451 23.0
4418 9418 2.0
9418 4418 2.0
4418 9144 61.0
9144 4418 61.0
1166 9412 30.0
9412 1166 30.0
1166 9521 20.0
9521 1166 20.0
1166 9411 10.0
9411 1166 10.0
9413 9414 1.0
9414 9413 1.0
1582 9415 1.0
9415 1582 1.0
1582 9434 4.0
9434 1582 4.0
1582 9414 50.0
9414 1582 50.0
1582 9406 2.0
9406 1582 2.0
9415 9434 3.0
9434 9415 3.0
2781 9417 40.0
9417 2781 40.0
2781 9420 29.0
9420 2781 29.0
2781 9416 8.0
9416 2781 8.0
9418 9419 19.0
9419 9418 19.0
9418 9430 2.0
9430 9418 2.0
9419 9431 2.0
9431 9419 2.0
4434 9432 2.0
9432 4434 2.0
4434 9419 22.0
9419 4434 22.0
4434 9101 70.0
9101 4434 70.0
3199 9490 9.0
9490 3199 9.0
3199 9471 37.0
9471 3199 37.0
9420 9607 53.0
9607 9420 53.0
2860 9608 53.0
9608 2860 53.0
2860 9420 13.0
9420 2860 13.0
2860 9417 2.0
9417 2860 2.0
9421 9422 8.0
9422 9421 8.0
9422 9423 13.0
9423 9422 13.0
9422 9491 8.0
9491 9422 8.0
9423 9424 2.0
9424 9423 2.0
9423 9492 8.0
9492 9423 8.0
9424 9425 26.0
9425 9424 26.0
9424 9493 8.0
9493 9424 8.0
9425 9537 23.0
9537 9425 23.0
3929 9426 41.0
9426 3929 41.0
3929 9538 23.0
9538 3929 23.0
3929 9425 2.0
9425 3929 2.0
3929 9355 18.0
9355 3929 18.0
9426 9539 23.0
9539 9426 23.0
9427 9428 11.0
9428 9427 11.0
9428 9429 68.0
9429 9428 68.0
9429 9430 12.0
9430 9429 12.0
9429 9542 27.0
9542 9429 27.0
9430 9431 19.0
9431 9430 19.0
9431 9432 22.0
9432 9431 22.0
4450 9433 9.0
9433 4450 9.0
4450 9432 60.0
9432 4450 60.0
1694 9434 60.0
9434 1694 60.0
9435 9505 11.0
9505 9435 11.0
2476 9436 23.0
9436 2476 23.0
2476 9506 11.0
9506 2476 11.0
2476 9435 13.0
9435 2476 13.0
2476 9301 29.0
9301 2476 29.0
9436 9437 7.0
9437 9436 7.0
9436 9507 11.0
9507 9436 11.0
9438 9439 18.0
9439 9438 18.0
9438 9502 9.0
9502 9438 9.0
9439 9462 4.0
9462 9439 4.0
587 9440 13.0
9440 587 13.0
587 9463 4.0
9463 587 4.0
587 9439 20.0
9439 587 20.0
587 9270 38.0
9270 587 38.0
9440 9441 15.0
9441 9440 15.0
9440 9464 4.0
9464 9440 4.0
9441 9442 6.0
9442 9441 6.0
9441 9465 4.0
9465 9441 4.0
9442 9466 4.0
9466 9442 4.0
9443 9444 1.0
9444 9443 1.0
9444 9445 29.0
9445 9444 29.0
9444 9529 18.0
9529 9444 18.0
9445 9446 18.0
9446 9445 18.0
9445 9530 18.0
9530 9445 18.0
9446 9557 29.0
9557 9446 29.0
997 9446 3.0
9446 997 3.0
997 9380 18.0
9380 997 18.0
1377 9447 11.0
9447 1377 11.0
1377 9540 32.0
9540 1377 32.0
1377 9315 30.0
9315 1377 30.0
9447 9448 8.0
9448 9447 8.0
9447 9540 21.0
9540 9447 21.0
9449 9450 2.0
9450 9449 2.0
9450 9451 41.0
9451 9450 41.0
9451 9452 17.0
9452 9451 17.0
9452 9508 8.0
9508 9452 8.0
4264 9452 1.0
9452 4264 1.0
9453 9454 12.0
9454 9453 12.0
9454 9455 29.0
9455 9454 29.0
9454 9488 3.0
9488 9454 3.0
9455 9456 22.0
9456 9455 22.0
9456 9457 21.0
9457 9456 21.0
9456 9495 5.0
9495 9456 5.0
9457 9458 17.0
9458 9457 17.0
9457 9496 5.0
9496 9457 5.0
9458 9459 22.0
9459 9458 22.0
9459 9460 32.0
9460 9459 32.0
9459 9536 17.0
9536 9459 17.0
2279 9461 9.0
9461 2279 9.0
2279 9541 21.0
9541 2279 21.0
2279 9460 17.0
9460 2279 17.0
2279 9366 22.0
9366 2279 22.0
9462 9463 20.0
9463 9462 20.0
9462 9478 2.0
9478 9462 2.0
9463 9464 13.0
9464 9463 13.0
9463 9479 2.0
9479 9463 2.0
9464 9465 15.0
9465 9464 15.0
9464 9480 2.0
9480 9464 2.0
9465 9466 6.0
9466 9465 6.0
9465 9481 2.0
9481 9465 2.0
9466 9467 5.0
9467 9466 5.0
9466 9482 2.0
9482 9466 2.0
9467 9468 39.0
9468 9467 39.0
9467 9483 2.0
9483 9467 2.0
9468 9469 5.0
9469 9468 5.0
9468 9484 2.0
9484 9468 2.0
728 9470 51.0
9470 728 51.0
728 9485 2.0
9485 728 2.0
728 9469 8.0
9469 728 8.0
728 9287 39.0
9287 728 39.0
3077 9471 41.0
9471 3077 41.0
3077 9489 11.0
9489 3077 11.0
3077 9378 41.0
9378 3077 41.0
3077 9325 31.0
9325 3077 31.0
9472 9473 3.0
9473 9472 3.0
9473 9474 35.0
9474 9473 35.0
9473 9514 6.0
9514 9473 6.0
9474 9475 23.0
9475 9474 23.0
9474 9515 6.0
9515 9474 6.0
3493 9476 4.0
9476 3493 4.0
3493 9573 31.0
9573 3493 31.0
3493 9475 30.0
9475 3493 30.0
3493 9410 11.0
9410 3493 11.0
9476 9477 15.0
9477 9476 15.0
9476 9574 31.0
9574 9476 31.0
9478 9479 20.0
9479 9478 20.0
9479 9480 13.0
9480 9479 13.0
9479 9504 3.0
9504 9479 3.0
9480 9481 15.0
9481 9480 15.0
9480 9559 26.0
9559 9480 26.0
9481 9482 6.0
9482 9481 6.0
9481 9560 26.0
9560 9481 26.0
9482 9483 5.0
9483 9482 5.0
9482 9561 26.0
9561 9482 26.0
9483 9484 39.0
9484 9483 39.0
9484 9485 13.0
9485 9484 13.0
9484 9544 21.0
9544 9484 21.0
9485 9486 18.0
9486 9485 18.0
9485 9545 21.0
9545 9485 21.0
9486 9546 21.0
9546 9486 21.0
800 9487 1.0
9487 800 1.0
800 9526 13.0
9526 800 13.0
800 9486 33.0
9486 800 33.0
800 9470 2.0
9470 800 2.0
9487 9527 13.0
9527 9487 13.0
1964 9488 12.0
9488 1964 12.0
1964 9517 8.0
9517 1964 8.0
1964 9453 3.0
9453 1964 3.0
9488 9494 28.0
9494 9488 28.0
3148 9490 30.0
9490 3148 30.0
3148 9489 32.0
9489 3148 32.0
3148 9471 2.0
9471 3148 2.0
9490 9511 5.0
9511 9490 5.0
3861 9491 8.0
9491 3861 8.0
3861 9595 41.0
9595 3861 41.0
3861 9421 8.0
9421 3861 8.0
9491 9492 13.0
9492 9491 13.0
9491 9576 33.0
9576 9491 33.0
9492 9493 2.0
9493 9492 2.0
9492 9577 33.0
9577 9492 33.0
9493 9578 33.0
9578 9493 33.0
244 9543 19.0
9543 244 19.0
9494 9531 12.0
9531 9494 12.0
2036 9495 22.0
9495 2036 22.0
2036 9532 12.0
9532 2036 12.0
2036 9494 3.0
9494 2036 3.0
2036 9455 5.0
9455 2036 5.0
9495 9496 21.0
9496 9495 21.0
9495 9533 12.0
9533 9495 12.0
9496 9534 12.0
9534 9496 12.0
9497 9498 18.0
9498 9497 18.0
9497 9570 27.0
9570 9497 27.0
9498 9499 23.0
9499 9498 23.0
9498 9550 19.0
9550 9498 19.0
9499 9500 12.0
9500 9499 12.0
9499 9551 19.0
9551 9499 19.0
9500 9501 6.0
9501 9500 6.0
9501 9502 3.0
9502 9501 3.0
9502 9503 12.0
9503 9502 12.0
9503 9552 19.0
9552 9503 19.0
553 9504 20.0
9504 553 20.0
553 9553 19.0
9553 553 19.0
553 9503 6.0
9503 553 6.0
553 9478 3.0
9478 553 3.0
9504 9559 36.0
9559 9504 36.0
292 9580 30.0
9580 292 30.0
292 9389 18.0
9389 292 18.0
9505 9506 13.0
9506 9505 13.0
9506 9507 23.0
9507 9506 23.0
2532 9507 7.0
9507 2532 7.0
2532 9437 11.0
9437 2532 11.0
4215 9508 60.0
9508 4215 60.0
4215 9449 8.0
9449 4215 8.0
9509 9510 6.0
9510 9509 6.0
9509 9554 18.0
9554 9509 18.0
9510 9555 18.0
9555 9510 18.0
4379 9510 43.0
9510 4379 43.0
4379 9427 12.0
9427 4379 12.0
9511 9512 59.0
9512 9511 59.0
9511 9581 29.0
9581 9511 29.0
9512 9513 38.0
9513 9512 38.0
9513 9584 29.0
9584 9513 29.0
3354 9514 3.0
9514 3354 3.0
3354 9585 29.0
9585 3354 29.0
3354 9513 4.0
9513 3354 4.0
3354 9472 6.0
9472 3354 6.0
9514 9515 35.0
9515 9514 35.0
9514 9614 42.0
9614 9514 42.0
9515 9599 38.0
9599 9515 38.0
3743 3754 49.0
3754 3743 49.0
3743 9379 30.0
9379 3743 30.0
172 9516 11.0
9516 172 11.0
172 9519 2.0
9519 172 2.0
172 9518 4.0
9518 172 4.0
172 9323 40.0
9323 172 40.0
9516 9520 2.0
9520 9516 2.0
1510 9413 18.0
9413 1510 18.0
1889 9517 51.0
9517 1889 51.0
1889 9612 39.0
9612 1889 39.0
1889 1964 59.0
1964 1889 59.0
9517 9629 44.0
9629 9517 44.0
9518 9519 2.0
9519 9518 2.0
9518 9558 17.0
9558 9518 17.0
9519 9520 11.0
9520 9519 11.0
202 227 52.0
227 202 52.0
202 9520 39.0
9520 202 39.0
1148 9521 10.0
9521 1148 10.0
1148 9523 2.0
9523 1148 2.0
1148 9522 3.0
9522 1148 3.0
1148 9411 20.0
9411 1148 20.0
9521 9524 2.0
9524 9521 2.0
9522 9523 1.0
9523 9522 1.0
9523 9524 10.0
9524 9523 10.0
9524 9525 18.0
9525 9524 18.0
1219 9594 30.0
9594 1219 30.0
1219 9525 12.0
9525 1219 12.0
1219 9412 22.0
9412 1219 22.0
9526 9527 1.0
9527 9526 1.0
9526 9547 8.0
9547 9526 8.0
9527 9528 28.0
9528 9527 28.0
9527 9548 8.0
9548 9527 8.0
898 9529 1.0
9529 898 1.0
898 9549 8.0
9549 898 8.0
898 9528 31.0
9528 898 31.0
898 9443 18.0
9443 898 18.0
9529 9530 29.0
9530 9529 29.0
9529 9556 11.0
9556 9529 11.0
4454 9433 21.0
9433 4454 21.0
9531 9532 3.0
9532 9531 3.0
9531 9563 13.0
9563 9531 13.0
9532 9533 22.0
9533 9532 22.0
9532 9564 13.0
9564 9532 13.0
9533 9534 21.0
9534 9533 21.0
9534 9535 4.0
9535 9534 4.0
9535 9565 13.0
9565 9535 13.0
2150 9536 22.0
9536 2150 22.0
2150 9566 13.0
9566 2150 13.0
2150 9535 13.0
9535 2150 13.0
2150 9458 17.0
9458 2150 17.0
9536 9567 13.0
9567 9536 13.0
9537 9538 2.0
9538 9537 2.0
9538 9539 41.0
9539 9538 41.0
4000 9539 8.0
9539 4000 8.0
4000 9357 41.0
9357 4000 41.0
1401 9540 8.0
9540 1401 8.0
1401 9448 21.0
9448 1401 21.0
9541 9568 11.0
9568 9541 11.0
2291 9541 9.0
9541 2291 9.0
2291 9461 21.0
9461 2291 21.0
1146 9591 20.0
9591 1146 20.0
1146 9522 8.0
9522 1146 8.0
4426 9542 31.0
9542 4426 31.0
4426 9431 27.0
9431 4426 27.0
227 9543 21.0
9543 227 21.0
9544 9545 13.0
9545 9544 13.0
9544 9562 5.0
9562 9544 5.0
9545 9546 18.0
9546 9545 18.0
9545 9621 28.0
9621 9545 28.0
9546 9547 33.0
9547 9546 33.0
9547 9548 1.0
9548 9547 1.0
9547 9623 28.0
9623 9547 28.0
9548 9624 28.0
9624 9548 28.0
850 9549 31.0
9549 850 31.0
850 9548 28.0
9548 850 28.0
850 9528 8.0
9528 850 8.0
9549 9556 4.0
9556 9549 4.0
9550 9551 23.0
9551 9550 23.0
526 9552 15.0
9552 526 15.0
526 9572 8.0
9572 526 8.0
526 9551 18.0
9551 526 18.0
526 9501 19.0
9501 526 19.0
9552 9553 6.0
9553 9552 6.0
9552 9636 33.0
9636 9552 33.0
9553 9637 33.0
9637 9553 33.0
4339 9554 13.0
9554 4339 13.0
9554 9555 6.0
9555 9554 6.0
956 9557 18.0
9557 956 18.0
956 9556 29.0
9556 956 29.0
956 9530 11.0
9530 956 11.0
9557 9640 32.0
9640 9557 32.0
156 9558 19.0
9558 156 19.0
9559 9560 15.0
9560 9559 15.0
9560 9561 6.0
9561 9560 6.0
651 9562 39.0
9562 651 39.0
651 9639 29.0
9639 651 29.0
651 9561 5.0
9561 651 5.0
651 9483 26.0
9483 651 26.0
9562 9620 23.0
9620 9562 23.0
9563 9564 3.0
9564 9563 3.0
9564 9565 47.0
9565 9564 47.0
9564 9631 25.0
9631 9564 25.0
9565 9566 13.0
9566 9565 13.0
9565 9632 25.0
9632 9565 25.0
9566 9567 22.0
9567 9566 22.0
2240 9568 19.0
9568 2240 19.0
2240 9567 28.0
9567 2240 28.0
4262 9748 64.0
9748 4262 64.0
4262 9508 23.0
9508 4262 23.0
4414 9542 9.0
9542 4414 9.0
9569 9570 31.0
9570 9569 31.0
9569 9590 11.0
9590 9569 11.0
9570 9571 7.0
9571 9570 7.0
471 9572 41.0
9572 471 41.0
471 9571 11.0
9571 471 11.0
471 9550 8.0
9550 471 8.0
9572 9635 25.0
9635 9572 25.0
9573 9574 4.0
9574 9573 4.0
9573 9600 13.0
9600 9573 13.0
9574 9575 3.0
9575 9574 3.0
9575 9601 13.0
9601 9575 13.0
3526 9602 13.0
9602 3526 13.0
3526 9575 12.0
9575 3526 12.0
3526 9477 31.0
9477 3526 31.0
249 278 31.0
278 249 31.0
249 9543 21.0
9543 249 21.0
9576 9577 13.0
9577 9576 13.0
9577 9578 2.0
9578 9577 2.0
9577 9596 8.0
9596 9577 8.0
9578 9579 4.0
9579 9578 4.0
9578 9597 8.0
9597 9578 8.0
9579 9598 8.0
9598 9579 8.0
3924 9579 22.0
9579 3924 22.0
3924 9537 18.0
9537 3924 18.0
278 9580 11.0
9580 278 11.0
9580 9587 4.0
9587 9580 4.0
9581 9582 7.0
9582 9581 7.0
9581 9658 28.0
9658 9581 28.0
9582 9583 49.0
9583 9582 49.0
9583 9659 28.0
9659 9583 28.0
3285 9584 38.0
9584 3285 38.0
3285 9744 52.0
9744 3285 52.0
3285 9583 3.0
9583 3285 3.0
3285 9512 29.0
9512 3285 29.0
9584 9585 4.0
9585 9584 4.0
9584 9677 33.0
9677 9584 33.0
9585 9613 13.0
9613 9585 13.0
2646 9586 12.0
9586 2646 12.0
2646 9625 24.0
9625 2646 24.0
2646 9397 50.0
9397 2646 50.0
9586 9625 12.0
9625 9586 12.0
9587 9588 19.0
9588 9587 19.0
9587 9605 14.0
9605 9587 14.0
9588 9589 33.0
9589 9588 33.0
385 9590 9.0
9590 385 9.0
385 9606 7.0
9606 385 7.0
385 9589 28.0
9589 385 28.0
385 9402 50.0
9402 385 50.0
9590 9628 12.0
9628 9590 12.0
1508 9654 22.0
9654 1508 22.0
1508 9653 44.0
9653 1508 44.0
1508 1510 31.0
1510 1508 31.0
1126 9591 11.0
9591 1126 11.0
1126 9686 30.0
9686 1126 30.0
1126 1146 31.0
1146 1126 31.0
9591 9593 30.0
9593 9591 30.0
9592 9644 18.0
9644 9592 18.0
9592 9611 55.0
9611 9592 55.0
3097 9657 23.0
9657 3097 23.0
3097 9592 3.0
9592 3097 3.0
3097 9489 39.0
9489 3097 39.0
9593 9665 22.0
9665 9593 22.0
1198 9594 12.0
9594 1198 12.0
1198 9666 22.0
9666 1198 22.0
1198 9593 1.0
9593 1198 1.0
1198 9525 30.0
9525 1198 30.0
9594 9667 22.0
9667 9594 22.0
9595 9619 20.0
9619 9595 20.0
3870 9596 13.0
9596 3870 13.0
3870 9661 21.0
9661 3870 21.0
3870 9595 8.0
9595 3870 8.0
3870 9576 8.0
9576 3870 8.0
9596 9597 2.0
9597 9596 2.0
9596 9662 21.0
9662 9596 21.0
9597 9598 4.0
9598 9597 4.0
9597 9663 21.0
9663 9597 21.0
2460 9712 30.0
9712 2460 30.0
2460 9505 39.0
9505 2460 39.0
9599 9600 53.0
9600 9599 53.0
9600 9601 7.0
9601 9600 7.0
9600 9616 4.0
9616 9600 4.0
9601 9602 12.0
9602 9601 12.0
9601 9617 4.0
9617 9601 4.0
9602 9603 28.0
9603 9602 28.0
9602 9692 27.0
9692 9602 27.0
9603 9604 18.0
9604 9603 18.0
9603 9693 27.0
9693 9603 27.0
9604 9724 39.0
9724 9604 39.0
3611 9725 39.0
9725 3611 39.0
3611 9604 14.0
9604 3611 14.0
313 9606 61.0
9606 313 61.0
313 9716 30.0
9716 313 30.0
313 9605 12.0
9605 313 12.0
313 9588 7.0
9588 313 7.0
9606 9627 5.0
9627 9606 5.0
9607 9608 13.0
9608 9607 13.0
9608 9609 44.0
9609 9608 44.0
9609 9610 1.0
9610 9609 1.0
9610 9633 7.0
9633 9610 7.0
2936 9611 40.0
9611 2936 40.0
2936 9634 7.0
9634 2936 7.0
2936 9610 3.0
9610 2936 3.0
2936 9388 62.0
9388 2936 62.0
1850 9612 22.0
9612 1850 22.0
9613 9614 3.0
9614 9613 3.0
9613 9678 20.0
9678 9613 20.0
9614 9615 24.0
9615 9614 24.0
9614 9679 20.0
9679 9614 20.0
3415 9616 53.0
9616 3415 53.0
3415 9681 20.0
9681 3415 20.0
3415 9615 11.0
9615 3415 11.0
3415 9599 4.0
9599 3415 4.0
9616 9617 7.0
9617 9616 7.0
9616 9691 23.0
9691 9616 23.0
3754 9618 9.0
9618 3754 9.0
170 9558 22.0
9558 170 22.0
9618 9694 22.0
9694 9618 22.0
3793 9619 40.0
9619 3793 40.0
3793 9695 22.0
9695 3793 22.0
3793 9618 22.0
9618 3793 22.0
9619 9660 14.0
9660 9619 14.0
9620 9621 13.0
9621 9620 13.0
9621 9622 16.0
9622 9621 16.0
9621 9649 9.0
9649 9621 9.0
9622 9650 9.0
9650 9622 9.0
749 9623 33.0
9623 749 33.0
749 9622 2.0
9622 749 2.0
749 9546 28.0
9546 749 28.0
9623 9624 1.0
9624 9623 1.0
9623 9726 35.0
9726 9623 35.0
9624 9726 34.0
9726 9624 34.0
9625 9626 26.0
9626 9625 26.0
2712 9722 30.0
9722 2712 30.0
2712 9626 2.0
9626 2712 2.0
9627 9628 9.0
9628 9627 9.0
450 9628 41.0
9628 450 41.0
450 9571 20.0
9571 450 20.0
4150 4187 50.0
4187 4150 50.0
9629 9630 6.0
9630 9629 6.0
9629 9651 7.0
9651 9629 7.0
9630 9652 7.0
9652 9630 7.0
2033 9631 3.0
9631 2033 3.0
2033 9675 12.0
9675 2033 12.0
2033 9630 32.0
9630 2033 32.0
2033 9563 25.0
9563 2033 25.0
9631 9632 47.0
9632 9631 47.0
9631 9676 12.0
9676 9631 12.0
2838 9633 58.0
9633 2838 58.0
2838 9819 60.0
9819 2838 60.0
2838 9607 7.0
9607 2838 7.0
9633 9634 3.0
9634 9633 3.0
9633 9641 5.0
9641 9633 5.0
9634 9642 5.0
9642 9634 5.0
4453 4454 41.0
4454 4453 41.0
9635 9636 15.0
9636 9635 15.0
9635 9713 34.0
9713 9635 34.0
9636 9637 6.0
9637 9636 6.0
9636 9713 19.0
9713 9636 19.0
9637 9638 7.0
9638 9637 7.0
9637 9714 19.0
9714 9637 19.0
9638 9645 3.0
9645 9638 3.0
629 9639 11.0
9639 629 11.0
629 9646 3.0
9646 629 3.0
629 9638 41.0
9638 629 41.0
629 9560 29.0
9560 629 29.0
9639 9647 3.0
9647 9639 3.0
9640 9682 13.0
9682 9640 13.0
1035 9683 13.0
9683 1035 13.0
1035 9640 31.0
9640 1035 31.0
9641 9642 3.0
9642 9641 3.0
9642 9643 37.0
9643 9642 37.0
9642 9828 58.0
9828 9642 58.0
9643 9749 32.0
9749 9643 32.0
3005 9644 49.0
9644 3005 49.0
3005 9750 32.0
9750 3005 32.0
3005 9643 3.0
9643 3005 3.0
3005 9611 12.0
9611 3005 12.0
9644 9656 5.0
9656 9644 5.0
4064 9687 12.0
9687 4064 12.0
9645 9646 41.0
9646 9645 41.0
9646 9647 11.0
9647 9646 11.0
9646 9715 16.0
9715 9646 16.0
9647 9648 28.0
9648 9647 28.0
704 9649 13.0
9649 704 13.0
704 9719 19.0
9719 704 19.0
704 9648 11.0
9648 704 11.0
704 9620 9.0
9620 704 9.0
9649 9650 16.0
9650 9649 16.0
9649 9770 41.0
9770 9649 41.0
2273 9655 10.0
9655 2273 10.0
2273 9568 31.0
9568 2273 31.0
1915 9651 33.0
9651 1915 33.0
1915 9673 38.0
9673 1915 38.0
1915 9612 30.0
9612 1915 30.0
9651 9652 6.0
9652 9651 6.0
9651 9673 5.0
9673 9651 5.0
9652 9674 5.0
9674 9652 5.0
9653 9654 22.0
9654 9653 22.0
1565 9670 3.0
9670 1565 3.0
1565 9654 39.0
9654 1565 39.0
2344 9711 61.0
9711 2344 61.0
2344 9655 32.0
9655 2344 32.0
9656 9657 3.0
9657 9656 3.0
9657 9658 62.0
9658 9657 62.0
3210 9659 49.0
9659 3210 49.0
3210 9753 27.0
9753 3210 27.0
3210 9658 7.0
9658 3210 7.0
3210 9582 28.0
9582 3210 28.0
9659 9743 24.0
9743 9659 24.0
9660 9661 21.0
9661 9660 21.0
9661 9662 13.0
9662 9661 13.0
9662 9663 2.0
9663 9662 2.0
9662 9697 8.0
9697 9662 8.0
9663 9664 3.0
9664 9663 3.0
9663 9698 8.0
9698 9663 8.0
9664 9699 8.0
9699 9664 8.0
3898 9664 1.0
9664 3898 1.0
3898 9598 21.0
9598 3898 21.0
9665 9666 1.0
9666 9665 1.0
9666 9667 12.0
9667 9666 12.0
9667 9668 27.0
9668 9667 27.0
9667 9708 8.0
9708 9667 8.0
9668 9669 18.0
9669 9668 18.0
9669 9758 30.0
9758 9669 30.0
1297 9669 3.0
9669 1297 3.0
9670 9671 30.0
9671 9670 30.0
9670 9709 9.0
9709 9670 9.0
9671 9672 19.0
9672 9671 19.0
9672 9710 9.0
9710 9672 9.0
1674 9738 22.0
9738 1674 22.0
1674 9672 12.0
9672 1674 12.0
4354 9554 47.0
9554 4354 47.0
4354 9555 41.0
9555 4354 41.0
9673 9674 6.0
9674 9673 6.0
9673 9754 31.0
9754 9673 31.0
9674 9675 32.0
9675 9674 32.0
9675 9676 3.0
9676 9675 3.0
2130 9676 47.0
9676 2130 47.0
2130 9632 12.0
9632 2130 12.0
9677 9678 4.0
9678 9677 4.0
9678 9679 3.0
9679 9678 3.0
9678 9745 19.0
9745 9678 19.0
9679 9680 13.0
9680 9679 13.0
9679 9746 19.0
9746 9679 19.0
9680 9688 3.0
9688 9680 3.0
3404 9681 11.0
9681 3404 11.0
3404 9689 3.0
9689 3404 3.0
3404 9680 11.0
9680 3404 11.0
3404 9615 20.0
9615 3404 20.0
9681 9690 3.0
9690 9681 3.0
1471 9731 17.0
9731 1471 17.0
1471 9730 38.0
9730 1471 38.0
1471 9653 8.0
9653 1471 8.0
395 9627 28.0
9627 395 28.0
395 9628 19.0
9628 395 19.0
9682 9683 31.0
9683 9682 31.0
9682 9700 2.0
9700 9682 2.0
9683 9684 19.0
9684 9683 19.0
9683 9701 2.0
9701 9683 2.0
9684 9685 19.0
9685 9684 19.0
9684 9702 2.0
9702 9684 2.0
9685 9703 2.0
9703 9685 2.0
1123 9686 1.0
9686 1123 1.0
1123 9704 2.0
9704 1123 2.0
1123 9685 22.0
9685 1123 22.0
1123 1126 31.0
1126 1123 31.0
9686 9705 2.0
9705 9686 2.0
4112 9687 40.0
9687 4112 40.0
4112 4150 59.0
4150 4112 59.0
9688 9689 11.0
9689 9688 11.0
9688 9747 16.0
9747 9688 16.0
9689 9690 11.0
9690 9689 11.0
9690 9691 53.0
9691 9690 53.0
3504 9692 12.0
9692 3504 12.0
3504 9723 24.0
9723 3504 24.0
3504 9691 7.0
9691 3504 7.0
3504 9617 23.0
9617 3504 23.0
9692 9693 28.0
9693 9692 28.0
9692 9723 12.0
9723 9692 12.0
9694 9695 22.0
9695 9694 22.0
9695 9696 28.0
9696 9695 28.0
9696 9777 32.0
9777 9696 32.0
3847 9697 34.0
9697 3847 34.0
3847 9778 32.0
9778 3847 32.0
3847 9696 12.0
9696 3847 12.0
3847 9660 8.0
9660 3847 8.0
9697 9698 2.0
9698 9697 2.0
9697 9779 32.0
9779 9697 32.0
9698 9699 3.0
9699 9698 3.0
9698 9780 32.0
9780 9698 32.0
9700 9701 31.0
9701 9700 31.0
9701 9702 19.0
9702 9701 19.0
9701 9717 4.0
9717 9701 4.0
9702 9703 19.0
9703 9702 19.0
9703 9704 22.0
9704 9703 22.0
9703 9720 6.0
9720 9703 6.0
9704 9705 1.0
9705 9704 1.0
9704 9721 6.0
9721 9704 6.0
9705 9706 8.0
9706 9705 8.0
9705 9774 29.0
9774 9705 29.0
9706 9707 29.0
9707 9706 29.0
9707 9755 22.0
9755 9707 22.0
1195 9708 13.0
9708 1195 13.0
1195 9756 22.0
9756 1195 22.0
1195 9707 2.0
9707 1195 2.0
1195 9665 8.0
9665 1195 8.0
9708 9757 22.0
9757 9708 22.0
9709 9733 13.0
9733 9709 13.0
1613 9710 19.0
9710 1613 19.0
1613 9735 13.0
9735 1613 13.0
1613 9709 30.0
9709 1613 30.0
1613 9671 9.0
9671 1613 9.0
9710 9736 13.0
9736 9710 13.0
2457 9712 1.0
9712 2457 1.0
2457 9728 11.0
9728 2457 11.0
2457 9711 22.0
9711 2457 22.0
2457 2460 31.0
2460 2457 31.0
9712 9729 11.0
9729 9712 11.0
9713 9714 6.0
9714 9713 6.0
9713 9835 45.0
9835 9713 45.0
564 9715 41.0
9715 564 41.0
564 9836 45.0
9836 564 45.0
564 9714 7.0
9714 564 7.0
564 9645 16.0
9645 564 16.0
9715 9718 20.0
9718 9715 20.0
300 9716 12.0
9716 300 12.0
300 9762 33.0
9762 300 33.0
300 9605 30.0
9605 300 30.0
9716 9762 21.0
9762 9716 21.0
987 9717 31.0
9717 987 31.0
987 9700 4.0
9700 987 4.0
9718 9837 42.0
9837 9718 42.0
682 9719 11.0
9719 682 11.0
682 9838 42.0
9838 682 42.0
682 9718 22.0
9718 682 22.0
682 9648 19.0
9648 682 19.0
9719 9770 35.0
9770 9719 35.0
1067 9720 19.0
9720 1067 19.0
1067 9717 21.0
9717 1067 21.0
1067 9702 6.0
9702 1067 6.0
9720 9721 22.0
9721 9720 22.0
9720 9772 23.0
9772 9720 23.0
9721 9773 23.0
9773 9721 23.0
2710 9722 2.0
9722 2710 2.0
2710 9810 32.0
9810 2710 32.0
2710 9626 30.0
9626 2710 30.0
9722 9811 32.0
9811 9722 32.0
9723 9881 58.0
9881 9723 58.0
3563 9724 18.0
9724 3563 18.0
3563 9723 28.0
9723 3563 28.0
3563 9693 12.0
9693 3563 12.0
9724 9725 14.0
9725 9724 14.0
9724 9830 33.0
9830 9724 33.0
9725 9831 33.0
9831 9725 33.0
9726 9727 14.0
9727 9726 14.0
895 9816 29.0
9816 895 29.0
895 9727 42.0
9727 895 42.0
895 987 59.0
987 895 59.0
9728 9729 1.0
9729 9728 1.0
9728 9817 41.0
9817 9728 41.0
2510 9740 2.0
9740 2510 2.0
2510 9729 29.0
9729 2510 29.0
9730 9731 21.0
9731 9730 21.0
9730 9739 1.0
9739 9730 1.0
9731 9732 18.0
9732 9731 18.0
9731 9765 12.0
9765 9731 12.0
9732 9733 43.0
9733 9732 43.0
9733 9734 18.0
9734 9733 18.0
9734 9735 12.0
9735 9734 12.0
9734 9782 18.0
9782 9734 18.0
9735 9736 19.0
9736 9735 19.0
9735 9784 18.0
9784 9735 18.0
9736 9737 8.0
9737 9736 8.0
9737 9738 4.0
9738 9737 4.0
9737 9785 18.0
9785 9737 18.0
1764 1798 31.0
1798 1764 31.0
1764 9738 49.0
9738 1764 49.0
1398 9739 20.0
9739 1398 20.0
1398 9764 18.0
9764 1398 18.0
9740 9741 8.0
9741 9740 8.0
9741 9742 41.0
9742 9741 41.0
9742 9806 25.0
9806 9742 25.0
2588 9807 25.0
9807 2588 25.0
2588 9742 1.0
9742 2588 1.0
9743 9744 3.0
9744 9743 3.0
3346 9745 4.0
9745 3346 4.0
3346 9761 8.0
9761 3346 8.0
3346 9744 38.0
9744 3346 38.0
3346 9677 19.0
9677 3346 19.0
9745 9746 3.0
9746 9745 3.0
9745 9766 11.0
9766 9745 11.0
9746 9747 13.0
9747 9746 13.0
9746 9767 11.0
9767 9746 11.0
4243 9748 18.0
9748 4243 18.0
4243 9800 23.0
9800 4243 23.0
9748 9801 23.0
9801 9748 23.0
1831 9763 10.0
9763 1831 10.0
1831 1850 52.0
1850 1831 52.0
3764 9694 18.0
9694 3764 18.0
9749 9750 3.0
9750 9749 3.0
9749 9829 26.0
9829 9749 26.0
9750 9751 17.0
9751 9750 17.0
9751 9752 27.0
9752 9751 27.0
9752 9864 39.0
9864 9752 39.0
3089 9753 72.0
9753 3089 72.0
3089 9752 5.0
9752 3089 5.0
3089 9656 27.0
9656 3089 27.0
9753 9759 5.0
9759 9753 5.0
9754 9866 38.0
9866 9754 38.0
1980 9884 51.0
9884 1980 51.0
1980 9754 2.0
9754 1980 2.0
1980 9674 27.0
9674 1980 27.0
9755 9756 2.0
9756 9755 2.0
9755 9776 7.0
9776 9755 7.0
9756 9757 13.0
9757 9756 13.0
9757 9844 28.0
9844 9757 28.0
1262 9758 18.0
9758 1262 18.0
1262 9846 29.0
9846 1262 29.0
1262 9757 27.0
9757 1262 27.0
1262 9668 30.0
9668 1262 30.0
9759 9760 39.0
9760 9759 39.0
9759 9821 26.0
9821 9759 26.0
3277 9761 41.0
9761 3277 41.0
3277 9760 10.0
9760 3277 10.0
3277 9743 8.0
9743 3277 8.0
9761 9766 7.0
9766 9761 7.0
4451 4453 43.0
4453 4451 43.0
320 9762 8.0
9762 320 8.0
1798 9763 19.0
9763 1798 19.0
1429 9765 21.0
9765 1429 21.0
1429 9876 42.0
9876 1429 42.0
1429 9764 13.0
9764 1429 13.0
1429 9739 11.0
9739 1429 11.0
9765 9799 19.0
9799 9765 19.0
9766 9767 3.0
9767 9766 3.0
9767 9768 2.0
9768 9767 2.0
3388 9857 30.0
9857 3388 30.0
3388 9768 11.0
9768 3388 11.0
3388 9747 11.0
9747 3388 11.0
3720 3764 40.0
3764 3720 40.0
9769 9794 7.0
9794 9769 7.0
4062 9769 13.0
9769 4062 13.0
4062 9687 31.0
9687 4062 31.0
9770 9771 5.0
9771 9770 5.0
9771 9813 13.0
9813 9771 13.0
745 9814 13.0
9814 745 13.0
745 9771 11.0
9771 745 11.0
745 9650 41.0
9650 745 41.0
2290 2301 48.0
2301 2290 48.0
2290 9655 39.0
9655 2290 39.0
9772 9773 22.0
9773 9772 22.0
9773 9774 1.0
9774 9773 1.0
9773 9795 9.0
9795 9773 9.0
9774 9775 6.0
9775 9774 6.0
9774 9796 9.0
9796 9774 9.0
9775 9797 9.0
9797 9775 9.0
1141 9776 29.0
9776 1141 29.0
1141 9798 9.0
9798 1141 9.0
1141 9775 2.0
9775 1141 2.0
1141 9706 29.0
9706 1141 29.0
9777 9778 12.0
9778 9777 12.0
9777 9786 3.0
9786 9777 3.0
9778 9779 34.0
9779 9778 34.0
9778 9787 3.0
9787 9778 3.0
9779 9780 2.0
9780 9779 2.0
9779 9788 3.0
9788 9779 3.0
9780 9781 1.0
9781 9780 1.0
9780 9789 3.0
9789 9780 3.0
9781 9790 3.0
9790 9781 3.0
3895 9791 3.0
9791 3895 3.0
3895 9781 2.0
9781 3895 2.0
3895 9699 32.0
9699 3895 32.0
9782 9783 7.0
9783 9782 7.0
9783 9784 5.0
9784 9783 5.0
9783 9850 19.0
9850 9783 19.0
1652 9785 8.0
9785 1652 8.0
1652 9851 19.0
9851 1652 19.0
1652 9784 19.0
9784 1652 19.0
1652 9736 18.0
9736 1652 18.0
9786 9787 12.0
9787 9786 12.0
9787 9788 34.0
9788 9787 34.0
9788 9789 2.0
9789 9788 2.0
9788 9803 5.0
9803 9788 5.0
9789 9790 1.0
9790 9789 1.0
9789 9804 5.0
9804 9789 5.0
9790 9791 2.0
9791 9790 2.0
9790 9805 5.0
9805 9790 5.0
9791 9792 29.0
9792 9791 29.0
9791 9824 9.0
9824 9791 9.0
9792 9793 18.0
9793 9792 18.0
9793 9825 9.0
9825 9793 9.0
3995 9794 38.0
9794 3995 38.0
3995 9793 23.0
9793 3995 23.0
3995 9769 45.0
9769 3995 45.0
1094 9795 22.0
9795 1094 22.0
1094 9772 9.0
9772 1094 9.0
9795 9796 1.0
9796 9795 1.0
9795 9840 12.0
9840 9795 12.0
9796 9797 6.0
9797 9796 6.0
9796 9841 12.0
9841 9796 12.0
9797 9798 2.0
9798 9797 2.0
9797 9842 12.0
9842 9797 12.0
9798 9843 12.0
9843 9798 12.0
9799 9847 13.0
9847 9799 13.0
1503 9848 13.0
9848 1503 13.0
1503 9799 11.0
9799 1503 11.0
1503 9732 24.0
9732 1503 24.0
9800 9801 18.0
9801 9800 18.0
9800 9858 18.0
9858 9800 18.0
9801 9802 36.0
9802 9801 36.0
9802 9860 18.0
9860 9802 18.0
4295 9802 6.0
9802 4295 6.0
3830 9803 46.0
9803 3830 46.0
3830 9786 5.0
9786 3830 5.0
9803 9804 2.0
9804 9803 2.0
9803 9822 6.0
9822 9803 6.0
9804 9805 1.0
9805 9804 1.0
9804 9822 4.0
9822 9804 4.0
9805 9823 4.0
9823 9805 4.0
9806 9807 1.0
9807 9806 1.0
9806 9853 14.0
9853 9806 14.0
9807 9808 48.0
9808 9807 48.0
9808 9809 15.0
9809 9808 15.0
9809 9810 8.0
9810 9809 8.0
9809 9902 48.0
9902 9809 48.0
9810 9811 2.0
9811 9810 2.0
9810 9903 48.0
9903 9810 48.0
9811 9812 15.0
9812 9811 15.0
9811 9904 48.0
9904 9811 48.0
2762 9818 1.0
9818 2762 1.0
2762 9812 12.0
9812 2762 12.0
9813 9814 11.0
9814 9813 11.0
9814 9815 7.0
9815 9814 7.0
9814 9839 7.0
9839 9814 7.0
826 9816 42.0
9816 826 42.0
826 9815 43.0
9815 826 43.0
826 9727 29.0
9727 826 29.0
9816 9867 27.0
9867 9816 27.0
2415 9817 9.0
9817 2415 9.0
2415 9885 31.0
9885 2415 31.0
2415 9711 39.0
9711 2415 39.0
9818 9954 59.0
9954 9818 59.0
2816 9819 12.0
9819 2816 12.0
2816 9820 14.0
9820 2816 14.0
2816 9818 31.0
9818 2816 31.0
9819 9820 2.0
9820 9819 2.0
2865 9826 1.0
9826 2865 1.0
2865 9820 18.0
9820 2865 18.0
3268 9918 49.0
9918 3268 49.0
3268 9821 33.0
9821 3268 33.0
3268 9760 20.0
9760 3268 20.0
9822 9823 1.0
9823 9822 1.0
9823 9824 2.0
9824 9823 2.0
3935 9825 18.0
9825 3935 18.0
3935 9824 29.0
9824 3935 29.0
3935 9792 9.0
9792 3935 9.0
9826 9827 9.0
9827 9826 9.0
9826 9887 29.0
9887 9826 29.0
9827 9871 22.0
9871 9827 22.0
2927 9828 3.0
9828 2927 3.0
2927 9861 13.0
9861 2927 13.0
2927 9827 31.0
9827 2927 31.0
2927 9641 58.0
9641 2927 58.0
9828 9829 37.0
9829 9828 37.0
9828 9862 13.0
9862 9828 13.0
9829 9863 13.0
9863 9829 13.0
9830 9831 14.0
9831 9830 14.0
9830 9832 1.0
9832 9830 1.0
3642 9833 1.0
9833 3642 1.0
3642 9831 17.0
9831 3642 17.0
9832 9833 31.0
9833 9832 31.0
9833 9834 29.0
9834 9833 29.0
3686 9834 1.0
9834 3686 1.0
3686 3720 40.0
3720 3686 40.0
9835 9836 13.0
9836 9835 13.0
9836 9837 58.0
9837 9836 58.0
9836 9852 5.0
9852 9836 5.0
9837 9838 22.0
9838 9837 22.0
733 9839 11.0
9839 733 11.0
733 9854 8.0
9854 733 8.0
733 9838 29.0
9838 733 29.0
733 9813 7.0
9813 733 7.0
9839 9905 41.0
9905 9839 41.0
9840 9841 1.0
9841 9840 1.0
9840 9878 20.0
9878 9840 20.0
9841 9842 6.0
9842 9841 6.0
9841 9878 19.0
9878 9841 19.0
9842 9843 2.0
9843 9842 2.0
9843 9879 19.0
9879 9843 19.0
1191 9844 15.0
9844 1191 15.0
1191 9845 16.0
9845 1191 16.0
1191 9843 29.0
9843 1191 29.0
1191 9776 21.0
9776 1191 21.0
9844 9845 1.0
9845 9844 1.0
4435 4451 89.0
4451 4435 89.0
1226 9846 22.0
9846 1226 22.0
1226 9845 5.0
9845 1226 5.0
9846 9868 29.0
9868 9846 29.0
9847 9848 11.0
9848 9847 11.0
9848 9849 18.0
9849 9848 18.0
9848 9877 17.0
9877 9848 17.0
1592 9850 7.0
9850 1592 7.0
1592 9912 38.0
9912 1592 38.0
1592 9849 43.0
9849 1592 43.0
1592 9782 19.0
9782 1592 19.0
9850 9851 24.0
9851 9850 24.0
547 9852 13.0
9852 547 13.0
547 9927 42.0
9927 547 42.0
547 9835 5.0
9835 547 5.0
9852 9928 42.0
9928 9852 42.0
2522 9853 41.0
9853 2522 41.0
2522 9855 2.0
9855 2522 2.0
2522 9740 47.0
9740 2522 47.0
2522 9741 39.0
9741 2522 39.0
659 9854 51.0
9854 659 51.0
659 9837 8.0
9837 659 8.0
9854 9905 44.0
9905 9854 44.0
9855 9856 29.0
9856 9855 29.0
9855 9931 40.0
9931 9855 40.0
9856 9900 32.0
9900 9856 32.0
2585 9901 32.0
9901 2585 32.0
2585 9856 12.0
9856 2585 12.0
2585 9853 2.0
9853 2585 2.0
3365 9857 11.0
9857 3365 11.0
3365 9977 52.0
9977 3365 52.0
3365 9768 30.0
9768 3365 30.0
9857 9880 40.0
9880 9857 40.0
9858 9859 6.0
9859 9858 6.0
9858 9870 20.0
9870 9858 20.0
9859 9890 19.0
9890 9859 19.0
4258 9860 36.0
9860 4258 36.0
4258 9859 12.0
9859 4258 12.0
4258 9801 18.0
9801 4258 18.0
9860 9917 34.0
9917 9860 34.0
1829 9865 29.0
9865 1829 29.0
1829 9763 32.0
9763 1829 32.0
9861 9862 3.0
9862 9861 3.0
9861 9872 9.0
9872 9861 9.0
9862 9863 37.0
9863 9862 37.0
9862 9873 9.0
9873 9862 9.0
3031 9864 27.0
9864 3031 27.0
3031 9875 9.0
9875 3031 9.0
3031 9863 20.0
9863 3031 20.0
3031 9751 39.0
9751 3031 39.0
9864 9916 32.0
9916 9864 32.0
9865 9882 13.0
9882 9865 13.0
1899 9866 50.0
9866 1899 50.0
1899 9883 13.0
9883 1899 13.0
1899 9865 12.0
9865 1899 12.0
3892 9896 20.0
9896 3892 20.0
3892 9823 19.0
9823 3892 19.0
4172 9869 1.0
9869 4172 1.0
911 9985 50.0
9985 911 50.0
911 9867 3.0
9867 911 3.0
1292 9868 1.0
9868 1292 1.0
1292 9758 41.0
9758 1292 41.0
4204 9870 40.0
9870 4204 40.0
4204 4235 52.0
4235 4204 52.0
4204 9869 40.0
9869 4204 40.0
9871 9872 31.0
9872 9871 31.0
9872 9873 3.0
9873 9872 3.0
9872 9888 7.0
9888 9872 7.0
9873 9874 25.0
9874 9873 25.0
9873 9938 30.0
9938 9873 30.0
9874 9913 23.0
9913 9874 23.0
2998 9875 20.0
9875 2998 20.0
2998 9914 23.0
9914 2998 23.0
2998 9874 12.0
9874 2998 12.0
2998 9863 9.0
9863 2998 9.0
9875 9915 23.0
9915 9875 23.0
4401 9889 8.0
9889 4401 8.0
9876 9891 12.0
9891 9876 12.0
1484 9877 11.0
9877 1484 11.0
1484 9909 21.0
9909 1484 21.0
1484 9876 28.0
9876 1484 28.0
1484 9847 17.0
9847 1484 17.0
9877 9910 21.0
9910 9877 21.0
2301 9946 32.0
9946 2301 32.0
1137 9879 2.0
9879 1137 2.0
1137 9945 33.0
9945 1137 33.0
1137 9878 6.0
9878 1137 6.0
1137 9842 19.0
9842 1137 19.0
9879 9945 31.0
9945 9879 31.0
3485 9881 25.0
9881 3485 25.0
3485 9892 12.0
9892 3485 12.0
3485 9880 42.0
9880 3485 42.0
9881 9894 12.0
9894 9881 12.0
9882 9883 12.0
9883 9882 12.0
9882 9920 22.0
9920 9882 22.0
9883 9921 22.0
9921 9883 22.0
1977 9884 2.0
9884 1977 2.0
1977 9923 22.0
9923 1977 22.0
1977 9883 50.0
9883 1977 50.0
1977 9866 13.0
9866 1977 13.0
9884 9924 22.0
9924 9884 22.0
9885 9948 31.0
9948 9885 31.0
2427 9984 40.0
9984 2427 40.0
2427 9885 9.0
9885 2427 9.0
2427 9817 31.0
9817 2427 31.0
9886 9887 5.0
9887 9886 5.0
9886 9934 23.0
9934 9886 23.0
9886 9933 52.0
9933 9886 52.0
2875 9888 31.0
9888 2875 31.0
2875 9935 23.0
9935 2875 23.0
2875 9887 9.0
9887 2875 9.0
2875 9871 7.0
9871 2875 7.0
9888 9937 23.0
9937 9888 23.0
3594 9895 19.0
9895 3594 19.0
3594 9832 28.0
9832 3594 28.0
4369 9889 60.0
9889 4369 60.0
4369 9986 52.0
9986 4369 52.0
4235 9890 19.0
9890 4235 19.0
4235 9870 12.0
9870 4235 12.0
1404 9891 9.0
9891 1404 9.0
1404 9906 13.0
9906 1404 13.0
1404 9764 50.0
9764 1404 50.0
9891 9907 13.0
9907 9891 13.0
9892 9893 8.0
9893 9892 8.0
9892 9978 27.0
9978 9892 27.0
9893 9894 17.0
9894 9893 17.0
9894 9998 39.0
9998 9894 39.0
3544 9895 20.0
9895 3544 20.0
3544 9919 11.0
9919 3544 11.0
3544 9894 15.0
9894 3544 15.0
3889 9896 1.0
9896 3889 1.0
3889 9965 22.0
9965 3889 22.0
3889 9964 39.0
9964 3889 39.0
3889 3892 21.0
3892 3889 21.0
9896 9966 22.0
9966 9896 22.0
1291 10039 43.0
10039 1291 43.0
1291 9868 20.0
9868 1291 20.0
1666 9897 2.0
9897 1666 2.0
1666 9851 40.0
9851 1666 40.0
1666 9785 51.0
9785 1666 51.0
2098 9926 9.0
9926 2098 9.0
9897 9898 28.0
9898 9897 28.0
9897 9960 18.0
9960 9897 18.0
1738 10083 50.0
10083 1738 50.0
1738 9898 12.0
9898 1738 12.0
3681 9834 40.0
9834 3681 40.0
9899 9930 9.0
9930 9899 9.0
657 9899 13.0
9899 657 13.0
657 659 31.0
659 657 31.0
4046 9943 12.0
9943 4046 12.0
4046 9942 34.0
9942 4046 34.0
4046 9794 53.0
9794 4046 53.0
4400 9889 13.0
9889 4400 13.0
9900 9901 12.0
9901 9900 12.0
9901 9932 8.0
9932 9901 8.0
2668 9902 15.0
9902 2668 15.0
2668 9949 12.0
9949 2668 12.0
2668 9901 49.0
9901 2668 49.0
2668 9808 48.0
9808 2668 48.0
9902 9903 8.0
9903 9902 8.0
9902 9951 12.0
9951 9902 12.0
9903 9904 2.0
9904 9903 2.0
9903 9952 12.0
9952 9903 12.0
9904 9953 12.0
9953 9904 12.0
759 9905 7.0
9905 759 7.0
759 9815 48.0
9815 759 48.0
9906 9907 9.0
9907 9906 9.0
9907 9908 19.0
9908 9907 19.0
9908 9909 13.0
9909 9908 13.0
9908 9941 8.0
9941 9908 8.0
9909 9910 11.0
9910 9909 11.0
9910 9911 16.0
9911 9910 16.0
9910 10059 39.0
10059 9910 39.0
9911 9956 13.0
9956 9911 13.0
1530 9912 43.0
9912 1530 43.0
1530 9957 13.0
9957 1530 13.0
1530 9911 2.0
9911 1530 2.0
1530 9849 38.0
9849 1530 38.0
9912 9959 13.0
9959 9912 13.0
9913 9914 12.0
9914 9913 12.0
9914 9915 20.0
9915 9914 20.0
9915 9916 27.0
9916 9915 27.0
9916 9940 7.0
9940 9916 7.0
3103 9916 12.0
9916 3103 12.0
9917 9992 27.0
9992 9917 27.0
4317 9981 21.0
9981 4317 21.0
4317 9917 44.0
9917 4317 44.0
3223 9918 33.0
9918 3223 33.0
3223 9970 13.0
9970 3223 13.0
3223 9969 15.0
9969 3223 15.0
3223 9821 49.0
9821 3223 49.0
9918 9971 13.0
9971 9918 13.0
9919 10000 28.0
10000 9919 28.0
9919 9999 33.0
9999 9919 33.0
3576 10149 60.0
10149 3576 60.0
3576 9919 20.0
9919 3576 20.0
3576 9895 11.0
9895 3576 11.0
4170 9944 39.0
9944 4170 39.0
4170 9869 30.0
9869 4170 30.0
9920 9921 12.0
9921 9920 12.0
9921 9922 7.0
9922 9921 7.0
9922 9923 43.0
9923 9922 43.0
9923 9924 2.0
9924 9923 2.0
9924 9925 37.0
9925 9924 37.0
2062 9926 20.0
9926 2062 20.0
2062 9961 10.0
9961 2062 10.0
2062 9925 11.0
9925 2062 11.0
9926 9963 11.0
9963 9926 11.0
9927 9928 13.0
9928 9927 13.0
9928 9929 5.0
9929 9928 5.0
590 9930 28.0
9930 590 28.0
590 10034 29.0
10034 590 29.0
590 9929 11.0
9929 590 11.0
590 9899 37.0
9899 590 37.0
9931 10015 29.0
10015 9931 29.0
2568 9932 12.0
9932 2568 12.0
2568 10016 26.0
10016 2568 26.0
2568 9931 29.0
9931 2568 29.0
2568 9900 8.0
9900 2568 8.0
9932 10017 26.0
10017 9932 26.0
9933 9934 29.0
9934 9933 29.0
9933 9955 4.0
9955 9933 4.0
9934 9935 14.0
9935 9934 14.0
9934 10025 26.0
10025 9934 26.0
9935 9936 27.0
9936 9935 27.0
9935 10088 39.0
10088 9935 39.0
9936 9937 4.0
9937 9936 4.0
9937 9938 3.0
9938 9937 3.0
9937 10089 39.0
10089 9937 39.0
9938 9939 1.0
9939 9938 1.0
9938 10090 39.0
10090 9938 39.0
9939 10091 39.0
10091 9939 39.0
2979 9940 59.0
9940 2979 59.0
2979 9939 24.0
9939 2979 24.0
2979 9913 7.0
9913 2979 7.0
1420 9941 19.0
9941 1420 19.0
1420 10042 29.0
10042 1420 29.0
1420 9906 17.0
9906 1420 17.0
1420 9907 8.0
9907 1420 8.0
1877 10061 31.0
10061 1877 31.0
1877 9920 5.0
9920 1877 5.0
9942 9943 22.0
9943 9942 22.0
9942 9968 5.0
9968 9942 5.0
9943 10011 22.0
10011 9943 22.0
4117 9944 29.0
9944 4117 29.0
4117 10013 22.0
10013 4117 22.0
4117 9943 61.0
9943 4117 61.0
1153 10001 21.0
10001 1153 21.0
1153 9945 7.0
9945 1153 7.0
9946 9947 17.0
9947 9946 17.0
9947 9982 12.0
9982 9947 12.0
2337 9948 50.0
9948 2337 50.0
2337 9983 12.0
9983 2337 12.0
2337 9947 2.0
9947 2337 2.0
9949 9950 8.0
9950 9949 8.0
9949 10019 22.0
10019 9949 22.0
9950 9951 7.0
9951 9950 7.0
9950 10020 22.0
10020 9950 22.0
9951 9952 8.0
9952 9951 8.0
9951 10021 22.0
10021 9951 22.0
9952 9953 2.0
9953 9952 2.0
2739 9954 12.0
9954 2739 12.0
2739 10022 22.0
10022 2739 22.0
2739 9953 15.0
9953 2739 15.0
2739 9812 60.0
9812 2739 60.0
9954 9955 27.0
9955 9954 27.0
9954 10023 22.0
10023 9954 22.0
490 10033 22.0
10033 490 22.0
490 10032 44.0
10032 490 44.0
490 9927 49.0
9927 490 49.0
9956 9957 2.0
9957 9956 2.0
9956 10060 26.0
10060 9956 26.0
9957 9958 28.0
9958 9957 28.0
9957 10105 38.0
10105 9957 38.0
9958 9959 15.0
9959 9958 15.0
9958 10106 38.0
10106 9958 38.0
1606 9960 31.0
9960 1606 31.0
1606 10133 49.0
10133 1606 49.0
1606 9959 7.0
9959 1606 7.0
1606 9850 51.0
9850 1606 51.0
1663 10081 32.0
10081 1663 32.0
1663 9960 1.0
9960 1663 1.0
2044 9961 11.0
9961 2044 11.0
2044 10035 21.0
10035 2044 21.0
2044 9925 10.0
9925 2044 10.0
9961 9962 9.0
9962 9961 9.0
9962 9963 12.0
9963 9962 12.0
2122 9972 3.0
9972 2122 3.0
2122 9963 10.0
9963 2122 10.0
9964 9965 17.0
9965 9964 17.0
9964 9979 7.0
9979 9964 7.0
9965 9966 1.0
9966 9965 1.0
9965 9980 7.0
9980 9965 7.0
9966 9967 7.0
9967 9966 7.0
9967 10008 17.0
10008 9967 17.0
3963 9968 39.0
9968 3963 39.0
3963 10009 17.0
10009 3963 17.0
3963 9967 42.0
9967 3963 42.0
3963 9825 61.0
9825 3963 61.0
9968 10010 17.0
10010 9968 17.0
9969 9970 2.0
9970 9969 2.0
9970 9971 33.0
9971 9970 33.0
9970 10116 38.0
10116 9970 38.0
3291 9975 3.0
9975 3291 3.0
3291 9971 17.0
9971 3291 17.0
9972 9973 39.0
9973 9972 39.0
9972 10037 17.0
10037 9972 17.0
9973 9974 18.0
9974 9973 18.0
9974 10100 29.0
10100 9974 29.0
2224 10101 29.0
10101 2224 29.0
2224 9974 3.0
9974 2224 3.0
2224 9946 49.0
9946 2224 49.0
9975 9976 20.0
9976 9975 20.0
9975 9989 8.0
9989 9975 8.0
9976 9977 23.0
9977 9976 23.0
3423 9978 42.0
9978 3423 42.0
3423 9991 8.0
9991 3423 8.0
3423 9977 38.0
9977 3423 38.0
3423 9880 39.0
9880 3423 39.0
9978 9997 12.0
9997 9978 12.0
3852 9979 14.0
9979 3852 14.0
3852 10004 10.0
10004 3852 10.0
3852 9993 40.0
9993 3852 40.0
3852 9964 21.0
9964 3852 21.0
9979 9980 17.0
9980 9979 17.0
9979 10006 10.0
10006 9979 10.0
9980 10007 10.0
10007 9980 10.0
9981 10111 29.0
10111 9981 29.0
4327 4343 32.0
4343 4327 32.0
4327 9981 19.0
9981 4327 19.0
9982 9983 2.0
9983 9982 2.0
9982 10026 11.0
10026 9982 11.0
9983 10027 11.0
10027 9983 11.0
2410 9984 12.0
9984 2410 12.0
2410 10029 11.0
10029 2410 11.0
2410 9983 50.0
9983 2410 50.0
2410 9948 12.0
9948 2410 12.0
9984 10030 11.0
10030 9984 11.0
906 9985 3.0
9985 906 3.0
906 9987 3.0
9987 906 3.0
906 9867 50.0
9867 906 50.0
9985 9988 3.0
9988 9985 3.0
4343 9986 29.0
9986 4343 29.0
4343 10154 41.0
10154 4343 41.0
9986 10122 33.0
10122 9986 33.0
9987 9988 3.0
9988 9987 3.0
999 10103 22.0
10103 999 22.0
999 9988 48.0
9988 999 48.0
9989 9990 8.0
9990 9989 8.0
9989 10117 27.0
10117 9989 27.0
3326 9991 61.0
9991 3326 61.0
3326 9994 4.0
9994 3326 4.0
3326 9990 12.0
9990 3326 12.0
3326 9976 8.0
9976 3326 8.0
9991 9996 4.0
9996 9991 4.0
4251 9992 48.0
9992 4251 48.0
4251 10167 42.0
10167 4251 42.0
4251 9890 42.0
9890 4251 42.0
9992 10110 23.0
10110 9992 23.0
3785 9993 19.0
9993 3785 19.0
3785 10002 2.0
10002 3785 2.0
3785 10070 55.0
10070 3785 55.0
9993 10003 2.0
10003 9993 2.0
9994 9995 18.0
9995 9994 18.0
9994 10121 25.0
10121 9994 25.0
9995 9996 43.0
9996 9995 43.0
9995 10142 32.0
10142 9995 32.0
9996 9997 42.0
9997 9996 42.0
9996 10143 32.0
10143 9996 32.0
3497 9998 17.0
9998 3497 17.0
3497 10145 32.0
10145 3497 32.0
3497 9997 8.0
9997 3497 8.0
3497 9893 39.0
9893 3497 39.0
9998 9999 10.0
9999 9998 10.0
9998 10146 32.0
10146 9998 32.0
9999 10000 5.0
10000 9999 5.0
9999 10147 32.0
10147 9999 32.0
10000 10148 32.0
10148 10000 32.0
10001 10161 38.0
10161 10001 38.0
1169 10077 13.0
10077 1169 13.0
1169 10001 9.0
10001 1169 9.0
10002 10003 19.0
10003 10002 19.0
10002 10043 5.0
10043 10002 5.0
10003 10004 32.0
10004 10003 32.0
10003 10044 5.0
10044 10003 5.0
10004 10005 7.0
10005 10004 7.0
10004 10045 5.0
10045 10004 5.0
10005 10006 7.0
10006 10005 7.0
10005 10046 5.0
10046 10005 5.0
10006 10007 17.0
10007 10006 17.0
10006 10047 5.0
10047 10006 5.0
10007 10008 8.0
10008 10007 8.0
10007 10048 5.0
10048 10007 5.0
10008 10009 42.0
10009 10008 42.0
10008 10049 5.0
10049 10008 5.0
10009 10010 39.0
10010 10009 39.0
10009 10050 5.0
10050 10009 5.0
10010 10011 22.0
10011 10010 22.0
10011 10012 37.0
10012 10011 37.0
10011 10051 5.0
10051 10011 5.0
10012 10013 24.0
10013 10012 24.0
10012 10139 30.0
10139 10012 30.0
10013 10014 18.0
10014 10013 18.0
4143 10014 11.0
10014 4143 11.0
4143 9944 22.0
9944 4143 22.0
10015 10016 32.0
10016 10015 32.0
10015 10031 1.0
10031 10015 1.0
10016 10017 12.0
10017 10016 12.0
10016 10038 3.0
10038 10016 3.0
10017 10018 14.0
10018 10017 14.0
10017 10063 7.0
10063 10017 7.0
10018 10019 35.0
10019 10018 35.0
10018 10064 7.0
10064 10018 7.0
10019 10020 8.0
10020 10019 8.0
10019 10066 7.0
10066 10019 7.0
10020 10021 7.0
10021 10020 7.0
10021 10022 25.0
10022 10021 25.0
10021 10067 7.0
10067 10021 7.0
10022 10023 12.0
10023 10022 12.0
10022 10068 7.0
10068 10022 7.0
10023 10024 6.0
10024 10023 6.0
10024 10084 13.0
10084 10024 13.0
2804 10025 29.0
10025 2804 29.0
2804 10086 13.0
10086 2804 13.0
2804 10024 21.0
10024 2804 21.0
2804 9955 22.0
9955 2804 22.0
10025 10087 13.0
10087 10025 13.0
10026 10027 2.0
10027 10026 2.0
10027 10028 27.0
10028 10027 27.0
10027 10108 17.0
10108 10027 17.0
10028 10029 23.0
10029 10028 23.0
10029 10030 12.0
10030 10029 12.0
2449 10031 40.0
10031 2449 40.0
2449 2518 42.0
2518 2449 42.0
2449 10030 8.0
10030 2449 8.0
10032 10033 22.0
10033 10032 22.0
10033 10069 7.0
10069 10033 7.0
576 10034 11.0
10034 576 11.0
576 10093 12.0
10093 576 12.0
576 10033 60.0
10033 576 60.0
576 9929 29.0
9929 576 29.0
10034 10094 12.0
10094 10034 12.0
10035 10036 17.0
10036 10035 17.0
10035 10095 14.0
10095 10035 14.0
10036 10096 12.0
10096 10036 12.0
2078 10037 22.0
10037 2078 22.0
2078 10097 12.0
10097 2078 12.0
2078 10036 2.0
10036 2078 2.0
2078 9962 20.0
9962 2078 20.0
10037 10098 12.0
10098 10037 12.0
2518 10038 32.0
10038 2518 32.0
2518 10031 2.0
10031 2518 2.0
10038 10062 4.0
10062 10038 4.0
10039 10040 27.0
10040 10039 27.0
10039 10054 2.0
10054 10039 2.0
10039 10053 4.0
10053 10039 4.0
10040 10041 20.0
10041 10040 20.0
10040 10055 2.0
10055 10040 2.0
10041 10056 2.0
10056 10041 2.0
1395 10042 21.0
10042 1395 21.0
1395 10057 2.0
10057 1395 2.0
1395 10041 12.0
10041 1395 12.0
10042 10058 2.0
10058 10042 2.0
10043 10044 19.0
10044 10043 19.0
10043 10071 7.0
10071 10043 7.0
10044 10045 32.0
10045 10044 32.0
10044 10072 7.0
10072 10044 7.0
10045 10046 7.0
10046 10045 7.0
10045 10073 7.0
10073 10045 7.0
10046 10047 7.0
10047 10046 7.0
10046 10074 7.0
10074 10046 7.0
10047 10048 17.0
10048 10047 17.0
10047 10075 7.0
10075 10047 7.0
10048 10049 8.0
10049 10048 8.0
10048 10076 7.0
10076 10048 7.0
10049 10050 42.0
10050 10049 42.0
4014 10051 22.0
10051 4014 22.0
4014 10050 39.0
10050 4014 39.0
4014 10010 5.0
10010 4014 5.0
10051 10138 25.0
10138 10051 25.0
10052 10123 19.0
10123 10052 19.0
4399 10052 13.0
10052 4399 13.0
4399 4400 41.0
4400 4399 41.0
10053 10054 2.0
10054 10053 2.0
10054 10055 27.0
10055 10054 27.0
10055 10056 20.0
10056 10055 20.0
10055 10080 6.0
10080 10055 6.0
10056 10057 12.0
10057 10056 12.0
10056 10181 37.0
10181 10056 37.0
10057 10058 21.0
10058 10057 21.0
1462 10059 24.0
10059 1462 24.0
1462 10104 36.0
10104 1462 36.0
1462 10058 19.0
10058 1462 19.0
1462 9941 31.0
9941 1462 31.0
10059 10060 16.0
10060 10059 16.0
10059 10104 12.0
10104 10059 12.0
1905 10061 19.0
10061 1905 19.0
1905 9922 36.0
9922 1905 36.0
10062 10063 12.0
10063 10062 12.0
10062 10213 54.0
10213 10062 54.0
10063 10064 14.0
10064 10063 14.0
10064 10065 7.0
10065 10064 7.0
10065 10066 28.0
10066 10065 28.0
10065 10214 49.0
10214 10065 49.0
2676 10067 7.0
10067 2676 7.0
2676 10135 29.0
10135 2676 29.0
2676 10066 8.0
10066 2676 8.0
2676 10020 7.0
10020 2676 7.0
10067 10068 25.0
10068 10067 25.0
10067 10135 22.0
10135 10067 22.0
10068 10084 24.0
10084 10068 24.0
457 10069 22.0
10069 457 22.0
457 10252 63.0
10252 457 63.0
457 10032 7.0
10032 457 7.0
10069 10092 31.0
10092 10069 31.0
10070 10071 41.0
10071 10070 41.0
10071 10072 19.0
10072 10071 19.0
10071 10102 4.0
10102 10071 4.0
10072 10073 32.0
10073 10072 32.0
10073 10074 7.0
10074 10073 7.0
10073 10109 7.0
10109 10073 7.0
10074 10075 7.0
10075 10074 7.0
10075 10076 17.0
10076 10075 17.0
10075 10194 39.0
10194 10075 39.0
10076 10195 39.0
10195 10076 39.0
3906 10196 39.0
10196 3906 39.0
3906 10076 8.0
10076 3906 8.0
3906 10049 7.0
10049 3906 7.0
10077 10078 29.0
10078 10077 29.0
10077 10112 8.0
10112 10077 8.0
10078 10079 29.0
10079 10078 29.0
10079 10113 8.0
10113 10079 8.0
1287 10080 29.0
10080 1287 29.0
1287 10180 31.0
10180 1287 31.0
1287 10079 12.0
10079 1287 12.0
1287 10053 6.0
10053 1287 6.0
10081 10082 16.0
10082 10081 16.0
10081 10125 12.0
10125 10081 12.0
10081 10124 25.0
10124 10081 25.0
10082 10126 12.0
10126 10082 12.0
1715 10083 12.0
10083 1715 12.0
1715 10127 12.0
10127 1715 12.0
1715 10082 13.0
10082 1715 13.0
1715 9898 50.0
9898 1715 50.0
10083 10128 12.0
10128 10083 12.0
10084 10085 18.0
10085 10084 18.0
10085 10086 3.0
10086 10085 3.0
10085 10136 16.0
10136 10085 16.0
10086 10087 29.0
10087 10086 29.0
10086 10137 16.0
10137 10086 16.0
10087 10088 14.0
10088 10087 14.0
2921 10089 4.0
10089 2921 4.0
2921 10153 19.0
10153 2921 19.0
2921 10088 27.0
10088 2921 27.0
2921 9936 39.0
9936 2921 39.0
10089 10090 3.0
10090 10089 3.0
10089 10288 61.0
10288 10089 61.0
10090 10091 1.0
10091 10090 1.0
10090 10289 61.0
10289 10090 61.0
10092 10093 34.0
10093 10092 34.0
10093 10094 11.0
10094 10093 11.0
10093 10254 58.0
10254 10093 58.0
10094 10255 58.0
10255 10094 58.0
634 10094 28.0
10094 634 28.0
634 9930 41.0
9930 634 41.0
10095 10096 19.0
10096 10095 19.0
10095 10114 6.0
10114 10095 6.0
10096 10097 2.0
10097 10096 2.0
10096 10115 7.0
10115 10096 7.0
10097 10098 22.0
10098 10097 22.0
10098 10099 17.0
10099 10098 17.0
10099 10163 23.0
10163 10099 23.0
2188 10100 18.0
10100 2188 18.0
2188 10164 23.0
10164 2188 23.0
2188 10099 22.0
10099 2188 22.0
2188 9973 29.0
9973 2188 29.0
10100 10101 3.0
10101 10100 3.0
10100 10165 23.0
10165 10100 23.0
10101 10107 32.0
10107 10101 32.0
340 10235 50.0
10235 340 50.0
340 345 42.0
345 340 42.0
3730 10102 41.0
10102 3730 41.0
3730 10070 4.0
10070 3730 4.0
10103 10187 30.0
10187 10103 30.0
1053 10160 21.0
10160 1053 21.0
1053 10103 39.0
10103 1053 39.0
1837 10061 31.0
10061 1837 31.0
3080 9940 43.0
9940 3080 43.0
1526 10105 2.0
10105 1526 2.0
1526 10130 11.0
10130 1526 11.0
1526 10104 16.0
10104 1526 16.0
1526 10060 12.0
10060 1526 12.0
10105 10106 28.0
10106 10105 28.0
10105 10131 11.0
10131 10105 11.0
2332 10108 2.0
10108 2332 2.0
2332 10166 19.0
10166 2332 19.0
2332 10107 31.0
10107 2332 31.0
2332 10026 17.0
10026 2332 17.0
10108 10193 32.0
10193 10108 32.0
3812 10109 32.0
10109 3812 32.0
3812 10102 22.0
10102 3812 22.0
3812 10072 7.0
10072 3812 7.0
4302 10111 23.0
10111 4302 23.0
4302 10170 19.0
10170 4302 19.0
4302 10110 21.0
10110 4302 21.0
4302 9981 52.0
9981 4302 52.0
10111 10199 33.0
10199 10111 33.0
10112 10162 20.0
10162 10112 20.0
1222 10113 29.0
10113 1222 29.0
1222 10230 42.0
10230 1222 42.0
1222 10112 29.0
10112 1222 29.0
1222 10078 8.0
10078 1222 8.0
10113 10179 23.0
10179 10113 23.0
2002 10114 20.0
10114 2002 20.0
2002 2037 21.0
2037 2002 21.0
2037 10115 19.0
10115 2037 19.0
2037 10203 31.0
10203 2037 31.0
2037 10114 1.0
10114 2037 1.0
10115 10182 23.0
10182 10115 23.0
3219 10116 2.0
10116 3219 2.0
3219 10118 4.0
10118 3219 4.0
3219 9969 38.0
9969 3219 38.0
10116 10117 50.0
10117 10116 50.0
10116 10118 2.0
10118 10116 2.0
10117 10120 2.0
10120 10117 2.0
10118 10119 46.0
10119 10118 46.0
10119 10120 4.0
10120 10119 4.0
3303 10121 12.0
10121 3303 12.0
3303 10140 7.0
10140 3303 7.0
3303 10120 8.0
10120 3303 8.0
3303 9990 29.0
9990 3303 29.0
10121 10141 7.0
10141 10121 7.0
4385 10123 18.0
10123 4385 18.0
4385 10122 41.0
10122 4385 41.0
4385 10052 37.0
10052 4385 37.0
10124 10125 13.0
10125 10124 13.0
10124 10134 4.0
10134 10124 4.0
10125 10126 16.0
10126 10125 16.0
10125 10174 16.0
10174 10125 16.0
10126 10127 13.0
10127 10126 13.0
10126 10175 16.0
10175 10126 16.0
10127 10128 12.0
10128 10127 12.0
10128 10129 36.0
10129 10128 36.0
1823 10129 12.0
10129 1823 12.0
1823 1837 19.0
1837 1823 19.0
10130 10131 2.0
10131 10130 2.0
10130 10299 49.0
10299 10130 49.0
10131 10132 26.0
10132 10131 26.0
10131 10300 49.0
10300 10131 49.0
10132 10171 12.0
10171 10132 12.0
1571 10133 22.0
10133 1571 22.0
1571 10172 12.0
10172 1571 12.0
1571 10132 2.0
10132 1571 2.0
1571 10106 11.0
10106 1571 11.0
10133 10134 18.0
10134 10133 18.0
10133 10173 12.0
10173 10133 12.0
10135 10215 27.0
10215 10135 27.0
2767 10136 18.0
10136 2767 18.0
2767 10150 3.0
10150 2767 3.0
2767 10135 43.0
10135 2767 43.0
2767 10084 16.0
10084 2767 16.0
10136 10137 3.0
10137 10136 3.0
10136 10151 3.0
10151 10136 3.0
10137 10152 3.0
10152 10137 3.0
10138 10139 37.0
10139 10138 37.0
10138 10191 34.0
10191 10138 34.0
4135 10192 18.0
10192 4135 18.0
4135 10139 42.0
10139 4135 42.0
4135 10014 30.0
10014 4135 30.0
10140 10141 12.0
10141 10140 12.0
10140 10156 5.0
10156 10140 5.0
10141 10142 18.0
10142 10141 18.0
10141 10157 5.0
10157 10141 5.0
10142 10143 43.0
10143 10142 43.0
10143 10144 6.0
10144 10143 6.0
10143 10159 5.0
10159 10143 5.0
10144 10145 44.0
10145 10144 44.0
10145 10146 17.0
10146 10145 17.0
10145 10224 30.0
10224 10145 30.0
10146 10147 10.0
10147 10146 10.0
10147 10148 5.0
10148 10147 5.0
10147 10176 12.0
10176 10147 12.0
3558 10149 13.0
10149 3558 13.0
3558 10177 12.0
10177 3558 12.0
3558 10148 7.0
10148 3558 7.0
10149 10178 12.0
10178 10149 12.0
10150 10151 18.0
10151 10150 18.0
10150 10250 39.0
10250 10150 39.0
10151 10152 3.0
10152 10151 3.0
2861 10153 41.0
10153 2861 41.0
2861 10251 39.0
10251 2861 39.0
2861 10152 29.0
10152 2861 29.0
2861 10087 19.0
10087 2861 19.0
10153 10287 42.0
10287 10153 42.0
10154 10155 17.0
10155 10154 17.0
10154 10201 19.0
10201 10154 19.0
10155 10202 19.0
10202 10155 19.0
4360 10269 40.0
10269 4360 40.0
4360 10155 12.0
10155 4360 12.0
4360 10122 8.0
10122 4360 8.0
10156 10157 12.0
10157 10156 12.0
10156 10270 38.0
10270 10156 38.0
10157 10158 16.0
10158 10157 16.0
10157 10271 38.0
10271 10157 38.0
10158 10236 32.0
10236 10158 32.0
3355 10159 43.0
10159 3355 43.0
3355 10237 32.0
10237 3355 32.0
3355 10158 2.0
10158 3355 2.0
3355 10142 5.0
10142 3355 5.0
10159 10238 32.0
10238 10159 32.0
1088 10161 43.0
10161 1088 43.0
1088 10245 32.0
10245 1088 32.0
1088 10160 20.0
10160 1088 20.0
10161 10162 6.0
10162 10161 6.0
10161 10247 32.0
10247 10161 32.0
10162 10229 25.0
10229 10162 25.0
10163 10164 22.0
10164 10163 22.0
10164 10165 18.0
10165 10164 18.0
10165 10183 7.0
10183 10165 7.0
2280 10166 31.0
10166 2280 31.0
2280 10165 31.0
10165 2280 31.0
2280 10107 19.0
10107 2280 19.0
10166 10193 15.0
10193 10166 15.0
10167 10168 18.0
10168 10167 18.0
10167 10188 9.0
10188 10167 9.0
10168 10169 17.0
10169 10168 17.0
10169 10190 9.0
10190 10169 9.0
4289 10170 21.0
10170 4289 21.0
4289 10220 22.0
10220 4289 22.0
4289 10169 13.0
10169 4289 13.0
4289 10110 19.0
10110 4289 19.0
10170 10197 14.0
10197 10170 14.0
10171 10172 2.0
10172 10171 2.0
10172 10173 22.0
10173 10172 22.0
1644 10174 13.0
10174 1644 13.0
1644 10173 18.0
10173 1644 18.0
1644 10134 12.0
10134 1644 12.0
10174 10175 16.0
10175 10174 16.0
10174 10232 37.0
10232 10174 37.0
10176 10177 12.0
10177 10176 12.0
10177 10178 13.0
10178 10177 13.0
3616 10184 3.0
10184 3616 3.0
3616 10178 27.0
10178 3616 27.0
10179 10180 12.0
10180 10179 12.0
10179 10205 11.0
10205 10179 11.0
1332 10181 20.0
10181 1332 20.0
1332 10206 11.0
10206 1332 11.0
1332 10180 29.0
10180 1332 29.0
1332 10080 31.0
10080 1332 31.0
2151 10183 40.0
10183 2151 40.0
2151 10211 12.0
10211 2151 12.0
2151 10182 41.0
10182 2151 41.0
2151 10163 7.0
10163 2151 7.0
10184 10185 19.0
10185 10184 19.0
10184 10278 28.0
10278 10184 28.0
10185 10186 29.0
10186 10185 29.0
10186 10280 28.0
10280 10186 28.0
3708 10186 12.0
10186 3708 12.0
3708 3730 42.0
3730 3708 42.0
10187 10243 28.0
10243 10187 28.0
1051 10244 23.0
10244 1051 23.0
1051 10187 38.0
10187 1051 38.0
1051 10160 10.0
10160 1051 10.0
10188 10189 15.0
10189 10188 15.0
10188 10216 47.0
10216 10188 47.0
10189 10217 13.0
10217 10189 13.0
4265 10190 17.0
10190 4265 17.0
4265 10218 13.0
10218 4265 13.0
4265 10189 3.0
10189 4265 3.0
4265 10168 9.0
10168 4265 9.0
10190 10219 13.0
10219 10190 13.0
10191 10256 25.0
10256 10191 25.0
4084 10192 42.0
10192 4084 42.0
4084 10257 25.0
10257 4084 25.0
4084 10191 21.0
10191 4084 21.0
4084 10139 18.0
10139 4084 18.0
10192 10259 25.0
10259 10192 25.0
2382 10193 27.0
10193 2382 27.0
2382 10028 49.0
10028 2382 49.0
3858 10194 7.0
10194 3858 7.0
3858 10315 39.0
10315 3858 39.0
3858 10109 39.0
10109 3858 39.0
3858 10074 39.0
10074 3858 39.0
10194 10195 17.0
10195 10194 17.0
10194 10315 32.0
10315 10194 32.0
10195 10196 8.0
10196 10195 8.0
10195 10316 32.0
10316 10195 32.0
10196 10317 32.0
10317 10196 32.0
10197 10198 9.0
10198 10197 9.0
10197 10221 8.0
10221 10197 8.0
10198 10199 14.0
10199 10198 14.0
10199 10200 4.0
10200 10199 4.0
10199 10222 8.0
10222 10199 8.0
10200 10223 8.0
10223 10200 8.0
4340 10201 2.0
10201 4340 2.0
4340 10266 21.0
10266 4340 21.0
4340 10200 43.0
10200 4340 43.0
4340 10154 21.0
10154 4340 21.0
10201 10202 17.0
10202 10201 17.0
10201 10267 21.0
10267 10201 21.0
899 10226 9.0
10226 899 9.0
899 9987 60.0
9987 899 60.0
10203 10204 8.0
10204 10203 8.0
10203 10227 9.0
10227 10203 9.0
10204 10208 4.0
10208 10204 4.0
2072 10209 4.0
10209 2072 4.0
2072 10204 11.0
10204 2072 11.0
2072 10182 8.0
10182 2072 8.0
10205 10206 41.0
10206 10205 41.0
10206 10207 8.0
10207 10206 8.0
10207 10324 32.0
10324 10207 32.0
1374 10325 32.0
10325 1374 32.0
1374 10207 12.0
10207 1374 12.0
1374 10181 11.0
10181 1374 11.0
1802 10335 34.0
10335 1802 34.0
1802 10129 30.0
10129 1802 30.0
10208 10209 11.0
10209 10208 11.0
10208 10228 5.0
10228 10208 5.0
10209 10210 38.0
10210 10209 38.0
10210 10211 3.0
10211 10210 3.0
10210 10406 51.0
10406 10210 51.0
10211 10212 39.0
10212 10211 39.0
2216 10327 30.0
10327 2216 30.0
2216 10212 1.0
10212 2216 1.0
2216 10183 12.0
10183 2216 12.0
10213 10328 32.0
10328 10213 32.0
2613 10214 7.0
10214 2613 7.0
2613 10329 32.0
10329 2613 32.0
2613 10213 21.0
10213 2613 21.0
2613 10064 49.0
10064 2613 49.0
10214 10215 43.0
10215 10214 43.0
10214 10330 32.0
10330 10214 32.0
10215 10249 15.0
10249 10215 15.0
1938 10311 23.0
10311 1938 23.0
10216 10217 49.0
10217 10216 49.0
10217 10218 3.0
10218 10217 3.0
10217 10234 5.0
10234 10217 5.0
10218 10219 17.0
10219 10218 17.0
10218 10364 38.0
10364 10218 38.0
10219 10220 13.0
10220 10219 13.0
10219 10343 31.0
10343 10219 31.0
10220 10221 21.0
10221 10220 21.0
4309 10222 14.0
10222 4309 14.0
4309 10263 13.0
10263 4309 13.0
4309 10221 9.0
10221 4309 9.0
4309 10198 8.0
10198 4309 8.0
10222 10223 4.0
10223 10222 4.0
10222 10264 13.0
10264 10222 13.0
10223 10265 13.0
10265 10223 13.0
10224 10225 6.0
10225 10224 6.0
10224 10239 13.0
10239 10224 13.0
10225 10240 7.0
10240 10225 7.0
3539 10276 13.0
10276 3539 13.0
3539 10225 21.0
10225 3539 21.0
3539 10176 18.0
10176 3539 18.0
851 10226 31.0
10226 851 31.0
851 10242 48.0
10242 851 48.0
10226 10281 13.0
10281 10226 13.0
2035 10227 1.0
10227 2035 1.0
2035 10313 21.0
10313 2035 21.0
2035 10203 10.0
10203 2035 10.0
10227 10228 8.0
10228 10227 8.0
10227 10314 21.0
10314 10227 21.0
10229 10230 32.0
10230 10229 32.0
10230 10231 18.0
10231 10230 18.0
10231 10248 7.0
10248 10231 7.0
1266 10231 11.0
10231 1266 11.0
1266 10205 8.0
10205 1266 8.0
10232 10332 26.0
10332 10232 26.0
1690 10333 26.0
10333 1690 26.0
1690 10232 1.0
10232 1690 1.0
1690 10175 22.0
10175 1690 22.0
10233 10261 8.0
10261 10233 8.0
4224 10234 49.0
10234 4224 49.0
4224 10262 8.0
10262 4224 8.0
4224 10233 4.0
10233 4224 4.0
4224 10216 5.0
10216 4224 5.0
10234 10363 33.0
10363 10234 33.0
314 10235 22.0
10235 314 22.0
375 10302 42.0
10302 375 42.0
375 10235 30.0
10235 375 30.0
727 10241 1.0
10241 727 1.0
10236 10237 2.0
10237 10236 2.0
10236 10272 6.0
10272 10236 6.0
10237 10238 43.0
10238 10237 43.0
3434 10239 38.0
10239 3434 38.0
3434 10273 6.0
10273 3434 6.0
3434 10238 6.0
10238 3434 6.0
3434 10144 37.0
10144 3434 37.0
10239 10240 12.0
10240 10239 12.0
10239 10274 6.0
10274 10239 6.0
10240 10275 6.0
10275 10240 6.0
10241 10404 39.0
10404 10241 39.0
10241 10360 49.0
10360 10241 49.0
751 10242 20.0
10242 751 20.0
751 10301 11.0
10301 751 11.0
751 10241 20.0
10241 751 20.0
10243 10244 43.0
10244 10243 43.0
10243 10284 5.0
10284 10243 5.0
10244 10245 21.0
10245 10244 21.0
10244 10391 36.0
10391 10244 36.0
10245 10246 7.0
10246 10245 7.0
10246 10247 36.0
10247 10246 36.0
1163 10248 50.0
10248 1163 50.0
1163 10247 6.0
10247 1163 6.0
1163 10229 7.0
10229 1163 7.0
10249 10250 43.0
10250 10249 43.0
2795 10251 32.0
10251 2795 32.0
2795 10331 17.0
10331 2795 17.0
2795 10250 18.0
10250 2795 18.0
2795 10151 39.0
10151 2795 39.0
10251 10285 3.0
10285 10251 3.0
10252 10253 37.0
10253 10252 37.0
10252 10303 8.0
10303 10252 8.0
10253 10304 8.0
10304 10253 8.0
524 10254 34.0
10254 524 34.0
524 10352 19.0
10352 524 19.0
524 10253 11.0
10253 524 11.0
524 10092 58.0
10092 524 58.0
10254 10255 11.0
10255 10254 11.0
10254 10358 34.0
10358 10254 34.0
10255 10358 23.0
10358 10255 23.0
10256 10257 21.0
10257 10256 21.0
10256 10290 3.0
10290 10256 3.0
10257 10258 7.0
10258 10257 7.0
10257 10298 5.0
10298 10257 5.0
10258 10259 35.0
10259 10258 35.0
10259 10260 37.0
10260 10259 37.0
4188 10261 47.0
10261 4188 47.0
4188 10354 19.0
10354 4188 19.0
4188 10260 21.0
10260 4188 21.0
4188 10233 55.0
10233 4188 55.0
10261 10262 4.0
10262 10261 4.0
10261 10397 34.0
10397 10261 34.0
10262 10398 34.0
10398 10262 34.0
10263 10264 14.0
10264 10263 14.0
10263 10346 18.0
10346 10263 18.0
10264 10265 4.0
10265 10264 4.0
10264 10347 18.0
10347 10264 18.0
10265 10266 43.0
10266 10265 43.0
10266 10267 2.0
10267 10266 2.0
10266 10348 18.0
10348 10266 18.0
10267 10268 5.0
10268 10267 5.0
10267 10349 18.0
10349 10267 18.0
10268 10291 3.0
10291 10268 3.0
4356 10269 12.0
10269 4356 12.0
4356 10292 3.0
10292 4356 3.0
4356 10268 12.0
10268 4356 12.0
4356 10202 21.0
10202 4356 21.0
10269 10293 3.0
10293 10269 3.0
3286 10270 12.0
10270 3286 12.0
3286 10119 50.0
10119 3286 50.0
10270 10271 12.0
10271 10270 12.0
10270 10322 24.0
10322 10270 24.0
10271 10272 16.0
10272 10271 16.0
10271 10322 12.0
10322 10271 12.0
10273 10274 38.0
10274 10273 38.0
10273 10323 12.0
10323 10273 12.0
10274 10275 12.0
10275 10274 12.0
10274 10341 17.0
10341 10274 17.0
10275 10276 21.0
10276 10275 21.0
10276 10277 39.0
10277 10276 39.0
10276 10342 17.0
10342 10276 17.0
10277 10278 13.0
10278 10277 13.0
10278 10279 17.0
10279 10278 17.0
10278 10355 19.0
10355 10278 19.0
10279 10356 19.0
10356 10279 19.0
3650 10280 29.0
10280 3650 29.0
3650 10393 32.0
10393 3650 32.0
3650 10279 2.0
10279 3650 2.0
3650 10185 28.0
10185 3650 28.0
10281 10282 8.0
10282 10281 8.0
10282 10283 28.0
10283 10282 28.0
10283 10318 9.0
10318 10283 9.0
970 10284 9.0
10284 970 9.0
970 10319 9.0
10319 970 9.0
970 10283 3.0
10283 970 3.0
10285 10286 7.0
10286 10285 7.0
10285 10385 29.0
10385 10285 29.0
10286 10287 34.0
10287 10286 34.0
10287 10288 4.0
10288 10287 4.0
10288 10289 3.0
10289 10288 3.0
2937 10387 29.0
10387 2937 29.0
2937 10289 1.0
10289 2937 1.0
2937 10091 61.0
10091 2937 61.0
4027 10290 31.0
10290 4027 31.0
4027 10297 2.0
10297 4027 2.0
4027 10296 13.0
10296 4027 13.0
10291 10292 12.0
10292 10291 12.0
10291 10350 15.0
10350 10291 15.0
10292 10293 12.0
10293 10292 12.0
10292 10382 27.0
10382 10292 27.0
10293 10294 27.0
10294 10293 27.0
10294 10295 28.0
10295 10294 28.0
10295 10429 39.0
10429 10295 39.0
4393 10295 4.0
10295 4393 4.0
4393 10123 51.0
10123 4393 51.0
10296 10297 11.0
10297 10296 11.0
10296 10321 7.0
10321 10296 7.0
4066 10298 21.0
10298 4066 21.0
4066 10440 41.0
10440 4066 41.0
4066 10297 31.0
10297 4066 31.0
4066 10290 2.0
10290 4066 2.0
10298 10441 41.0
10441 10298 41.0
1505 10299 13.0
10299 1505 13.0
1505 10306 2.0
10306 1505 2.0
1505 10305 13.0
10305 1505 13.0
10299 10300 2.0
10300 10299 2.0
10299 10307 2.0
10307 10299 2.0
10300 10308 2.0
10308 10300 2.0
10301 10405 31.0
10405 10301 31.0
782 10301 20.0
10301 782 20.0
782 10242 11.0
10242 782 11.0
451 10303 3.0
10303 451 3.0
451 10351 14.0
10351 451 14.0
451 10302 31.0
10302 451 31.0
451 10252 11.0
10252 451 11.0
10303 10304 37.0
10304 10303 37.0
10303 10351 11.0
10351 10303 11.0
10305 10306 11.0
10306 10305 11.0
10305 10326 6.0
10326 10305 6.0
10306 10307 13.0
10307 10306 13.0
10306 10371 19.0
10371 10306 19.0
10307 10308 2.0
10308 10307 2.0
10308 10309 5.0
10309 10308 5.0
10309 10310 18.0
10310 10309 18.0
10310 10372 19.0
10372 10310 19.0
1566 10310 3.0
10310 1566 3.0
1566 10171 39.0
10171 1566 39.0
1244 10248 12.0
10248 1244 12.0
10311 10312 29.0
10312 10311 29.0
10311 10337 7.0
10337 10311 7.0
10312 10313 22.0
10313 10312 22.0
10313 10314 1.0
10314 10313 1.0
2055 10353 9.0
10353 2055 9.0
2055 10314 8.0
10314 2055 8.0
2055 10228 21.0
10228 2055 21.0
10315 10316 17.0
10316 10315 17.0
10316 10317 8.0
10317 10316 8.0
10316 10463 49.0
10463 10316 49.0
3915 10320 2.0
10320 3915 2.0
3915 10317 7.0
10317 3915 7.0
917 10318 28.0
10318 917 28.0
917 931 59.0
931 917 59.0
917 10281 17.0
10281 917 17.0
917 10282 9.0
10282 917 9.0
10318 10319 3.0
10319 10318 3.0
10318 10388 22.0
10388 10318 22.0
10319 10389 22.0
10389 10319 22.0
302 314 30.0
314 302 30.0
10320 10464 47.0
10464 10320 47.0
3981 10321 19.0
10321 3981 19.0
3981 10320 51.0
10320 3981 51.0
3348 10323 51.0
10323 3348 51.0
3348 10338 5.0
10338 3348 5.0
3348 10322 16.0
10322 3348 16.0
3348 10272 12.0
10272 3348 12.0
10323 10340 5.0
10340 10323 5.0
10324 10325 12.0
10325 10324 12.0
10325 10357 8.0
10357 10325 8.0
1435 10326 29.0
10326 1435 29.0
1435 10369 13.0
10369 1435 13.0
1435 10325 39.0
10325 1435 39.0
10326 10370 13.0
10370 10326 13.0
2211 10327 1.0
10327 2211 1.0
2211 10408 21.0
10408 2211 21.0
2211 10407 26.0
10407 2211 26.0
2211 10212 30.0
10212 2211 30.0
10327 10409 21.0
10409 10327 21.0
10328 10329 21.0
10329 10328 21.0
10329 10330 7.0
10330 10329 7.0
10329 10361 7.0
10361 10329 7.0
10330 10362 7.0
10362 10330 7.0
2689 10331 61.0
10331 2689 61.0
2689 10330 43.0
10330 2689 43.0
2689 10249 17.0
10249 2689 17.0
10331 10385 47.0
10385 10331 47.0
10332 10333 1.0
10333 10332 1.0
10333 10334 39.0
10334 10333 39.0
10333 10383 14.0
10383 10333 14.0
10334 10335 22.0
10335 10334 22.0
10334 10384 14.0
10384 10334 14.0
10335 10336 48.0
10336 10335 48.0
1917 1936 20.0
1936 1917 20.0
1917 10336 22.0
10336 1917 22.0
1936 10337 1.0
10337 1936 1.0
1936 10311 8.0
10311 1936 8.0
10338 10339 8.0
10339 10338 8.0
10338 10459 40.0
10459 10338 40.0
10339 10340 43.0
10340 10339 43.0
10339 10460 40.0
10460 10339 40.0
10340 10341 38.0
10341 10340 38.0
10340 10461 40.0
10461 10340 40.0
3507 10342 21.0
10342 3507 21.0
3507 10341 12.0
10341 3507 12.0
3507 10275 17.0
10275 3507 17.0
10343 10344 29.0
10344 10343 29.0
10344 10345 8.0
10345 10344 8.0
10344 10366 7.0
10366 10344 7.0
10345 10346 6.0
10346 10345 6.0
10345 10377 12.0
10377 10345 12.0
10346 10347 14.0
10347 10346 14.0
4322 10348 43.0
10348 4322 43.0
4322 10379 12.0
10379 4322 12.0
4322 10347 4.0
10347 4322 4.0
4322 10265 18.0
10265 4322 18.0
10348 10349 2.0
10349 10348 2.0
10348 10380 12.0
10380 10348 12.0
10349 10350 5.0
10350 10349 5.0
10349 10381 12.0
10381 10349 12.0
502 10352 11.0
10352 502 11.0
502 10351 37.0
10351 502 37.0
502 10304 11.0
10304 502 11.0
10352 10415 50.0
10415 10352 50.0
1998 10353 31.0
10353 1998 31.0
1998 10337 31.0
10337 1998 31.0
1998 10312 9.0
10312 1998 9.0
10353 10420 23.0
10420 10353 23.0
4163 10354 21.0
10354 4163 21.0
4163 10260 19.0
10260 4163 19.0
10354 10395 15.0
10395 10354 15.0
3597 10355 13.0
10355 3597 13.0
3597 10342 41.0
10342 3597 41.0
3597 10277 19.0
10277 3597 19.0
10355 10356 17.0
10356 10355 17.0
10355 10392 30.0
10392 10355 30.0
10356 10392 13.0
10392 10356 13.0
1345 10357 12.0
10357 1345 12.0
1345 10490 52.0
10490 1345 52.0
1345 10324 8.0
10324 1345 8.0
10357 10367 5.0
10367 10357 5.0
10358 10359 4.0
10359 10358 4.0
10359 10401 12.0
10401 10359 12.0
648 10360 30.0
10360 648 30.0
648 10402 12.0
10402 648 12.0
648 10359 31.0
10359 648 31.0
2574 10361 21.0
10361 2574 21.0
2574 10328 7.0
10328 2574 7.0
10361 10362 7.0
10362 10361 7.0
10361 10454 37.0
10454 10361 37.0
10363 10364 3.0
10364 10363 3.0
10363 10373 5.0
10373 10363 5.0
10364 10365 6.0
10365 10364 6.0
10365 10374 5.0
10374 10365 5.0
4279 10366 29.0
10366 4279 29.0
4279 10375 5.0
10375 4279 5.0
4279 10365 11.0
10365 4279 11.0
4279 10343 7.0
10343 4279 7.0
10366 10376 5.0
10376 10366 5.0
407 10302 18.0
10302 407 18.0
10367 10368 26.0
10368 10367 26.0
10367 10491 47.0
10491 10367 47.0
10368 10369 13.0
10369 10368 13.0
10368 10433 19.0
10433 10368 19.0
10369 10370 29.0
10370 10369 29.0
10369 10434 19.0
10434 10369 19.0
10370 10371 11.0
10371 10370 11.0
1538 10372 18.0
10372 1538 18.0
1538 10436 19.0
10436 1538 19.0
1538 10371 20.0
10371 1538 20.0
1538 10309 19.0
10309 1538 19.0
10373 10374 9.0
10374 10373 9.0
10374 10375 11.0
10375 10374 11.0
10374 10400 4.0
10400 10374 4.0
10375 10376 29.0
10376 10375 29.0
10376 10377 8.0
10377 10376 8.0
10376 10457 25.0
10457 10376 25.0
10377 10378 12.0
10378 10377 12.0
10377 10479 37.0
10479 10377 37.0
10378 10379 12.0
10379 10378 12.0
10378 10480 37.0
10480 10378 37.0
10379 10380 43.0
10380 10379 43.0
10380 10381 2.0
10381 10380 2.0
4346 10382 12.0
10382 4346 12.0
4346 10427 24.0
10427 4346 24.0
4346 10381 5.0
10381 4346 5.0
4346 10350 12.0
10350 4346 12.0
10382 10427 12.0
10427 10382 12.0
1689 10383 1.0
10383 1689 1.0
1689 10430 13.0
10430 1689 13.0
1689 10332 14.0
10332 1689 14.0
10383 10384 39.0
10384 10383 39.0
10383 10430 12.0
10430 10383 12.0
10385 10386 6.0
10386 10385 6.0
2868 10387 42.0
10387 2868 42.0
2868 10386 1.0
10386 2868 1.0
2868 10286 29.0
10286 2868 29.0
10388 10389 3.0
10389 10388 3.0
10388 10467 29.0
10467 10388 29.0
10389 10390 5.0
10390 10389 5.0
10389 10468 29.0
10468 10389 29.0
10390 10469 29.0
10469 10390 29.0
988 10391 43.0
10391 988 43.0
988 10411 3.0
10411 988 3.0
988 10390 4.0
10390 988 4.0
988 10284 31.0
10284 988 31.0
10391 10413 3.0
10413 10391 3.0
10392 10393 2.0
10393 10392 2.0
10393 10394 25.0
10394 10393 25.0
10394 10426 9.0
10426 10394 9.0
3691 10542 61.0
10542 3691 61.0
3691 10394 4.0
10394 3691 4.0
3691 10280 32.0
10280 3691 32.0
10395 10396 8.0
10396 10395 8.0
10395 10442 19.0
10442 10395 19.0
10396 10397 39.0
10397 10396 39.0
10396 10443 19.0
10443 10396 19.0
10397 10398 4.0
10398 10397 4.0
10397 10444 19.0
10444 10397 19.0
10398 10399 18.0
10399 10398 18.0
4260 10400 9.0
10400 4260 9.0
4260 10446 19.0
10446 4260 19.0
4260 10399 31.0
10399 4260 31.0
4260 10373 4.0
10373 4260 4.0
10401 10402 31.0
10402 10401 31.0
10401 10416 6.0
10416 10401 6.0
10402 10403 7.0
10403 10402 7.0
10402 10419 7.0
10419 10402 7.0
10403 10476 32.0
10476 10403 32.0
684 10404 22.0
10404 684 22.0
684 10477 32.0
10477 684 32.0
684 10403 23.0
10403 684 23.0
684 10360 12.0
10360 684 12.0
10404 10405 17.0
10405 10404 17.0
10404 10478 32.0
10478 10404 32.0
10406 10407 37.0
10407 10406 37.0
10407 10408 5.0
10408 10407 5.0
10407 10423 7.0
10423 10407 7.0
10408 10409 1.0
10409 10408 1.0
10408 10424 7.0
10424 10408 7.0
10409 10410 7.0
10410 10409 7.0
10409 10425 7.0
10425 10409 7.0
2269 10453 20.0
10453 2269 20.0
2269 10410 21.0
10410 2269 21.0
10411 10412 18.0
10412 10411 18.0
10411 10470 26.0
10470 10411 26.0
10412 10413 25.0
10413 10412 25.0
10413 10414 14.0
10414 10413 14.0
10414 10489 38.0
10489 10414 38.0
1097 10570 64.0
10570 1097 64.0
1097 10414 14.0
10414 1097 14.0
1097 10246 39.0
10246 1097 39.0
3173 3193 31.0
3193 3173 31.0
10415 10417 1.0
10417 10415 1.0
565 10416 20.0
10416 565 20.0
565 10418 1.0
10418 565 1.0
565 10415 1.0
10415 565 1.0
10417 10418 1.0
10418 10417 1.0
597 10419 31.0
10419 597 31.0
597 10418 20.0
10418 597 20.0
597 10416 1.0
10416 597 1.0
10419 10533 42.0
10533 10419 42.0
10420 10421 8.0
10421 10420 8.0
10421 10422 19.0
10422 10421 19.0
10422 10447 13.0
10447 10422 13.0
2148 10423 37.0
10423 2148 37.0
2148 10448 13.0
10448 2148 13.0
2148 10422 22.0
10422 2148 22.0
2148 10406 7.0
10406 2148 7.0
10423 10424 5.0
10424 10423 5.0
10423 10449 13.0
10449 10423 13.0
10424 10425 1.0
10425 10424 1.0
10424 10450 13.0
10450 10424 13.0
10425 10451 13.0
10451 10425 13.0
3647 10426 27.0
10426 3647 27.0
3647 10392 9.0
10392 3647 9.0
10426 10541 52.0
10541 10426 52.0
10427 10428 16.0
10428 10427 16.0
4376 10429 28.0
10429 4376 28.0
4376 10499 33.0
10499 4376 33.0
4376 10428 23.0
10428 4376 23.0
4376 10294 39.0
10294 4376 39.0
10429 10500 33.0
10500 10429 33.0
10430 10431 17.0
10431 10430 17.0
10431 10432 19.0
10432 10431 19.0
10432 10471 19.0
10471 10432 19.0
1767 10432 3.0
10432 1767 3.0
1767 10384 12.0
10384 1767 12.0
4011 10437 3.0
10437 4011 3.0
4011 10321 31.0
10321 4011 31.0
2985 10387 41.0
10387 2985 41.0
10433 10434 13.0
10434 10433 13.0
10434 10435 26.0
10435 10434 26.0
10434 10493 28.0
10493 10434 28.0
10435 10494 28.0
10494 10435 28.0
1494 10436 31.0
10436 1494 31.0
1494 10507 32.0
10507 1494 32.0
1494 10435 3.0
10435 1494 3.0
1494 10370 19.0
10370 1494 19.0
10436 10508 32.0
10508 10436 32.0
1884 10336 29.0
10336 1884 29.0
10437 10438 19.0
10438 10437 19.0
10437 10495 28.0
10495 10437 28.0
10438 10439 20.0
10439 10438 20.0
10439 10440 3.0
10440 10439 3.0
10439 10496 28.0
10496 10439 28.0
10440 10441 21.0
10441 10440 21.0
4095 10498 29.0
10498 4095 29.0
4095 10441 7.0
10441 4095 7.0
4095 10258 46.0
10258 4095 46.0
563 10417 10.0
10417 563 10.0
10442 10443 8.0
10443 10442 8.0
10443 10444 39.0
10444 10443 39.0
10444 10445 20.0
10445 10444 20.0
10444 10466 8.0
10466 10444 8.0
10445 10539 40.0
10539 10445 40.0
4239 10446 31.0
10446 4239 31.0
4239 10544 41.0
10544 4239 41.0
4239 10445 2.0
10445 4239 2.0
4239 10399 19.0
10399 4239 19.0
10446 10455 2.0
10455 10446 2.0
10447 10448 22.0
10448 10447 22.0
10447 10465 6.0
10465 10447 6.0
10448 10449 37.0
10449 10448 37.0
10448 10520 27.0
10520 10448 27.0
10449 10450 5.0
10450 10449 5.0
10449 10521 27.0
10521 10449 27.0
10450 10451 1.0
10451 10450 1.0
10451 10452 2.0
10452 10451 2.0
10451 10522 27.0
10522 10451 27.0
10452 10523 27.0
10523 10452 27.0
2233 10453 21.0
10453 2233 21.0
2233 10524 27.0
10524 2233 27.0
2233 10452 5.0
10452 2233 5.0
2233 10410 20.0
10410 2233 20.0
10453 10458 31.0
10458 10453 31.0
10454 10564 43.0
10564 10454 43.0
2624 10565 43.0
10565 2624 43.0
2624 10454 2.0
10454 2624 2.0
2624 10362 32.0
10362 2624 32.0
10455 10456 7.0
10456 10455 7.0
10455 10545 39.0
10545 10455 39.0
10456 10546 39.0
10546 10456 39.0
4272 10457 40.0
10457 4272 40.0
4272 10561 42.0
10561 4272 42.0
4272 10456 2.0
10456 4272 2.0
4272 10400 21.0
10400 4272 21.0
10458 10525 24.0
10525 10458 24.0
2362 10526 24.0
10526 2362 24.0
2362 10458 22.0
10458 2362 22.0
10459 10460 8.0
10460 10459 8.0
10459 10472 4.0
10472 10459 4.0
10460 10461 43.0
10461 10460 43.0
10461 10462 27.0
10462 10461 27.0
3488 10462 11.0
10462 3488 11.0
3488 10341 40.0
10341 3488 40.0
3171 10481 9.0
10481 3171 9.0
3171 3173 21.0
3173 3171 21.0
3865 10463 17.0
10463 3865 17.0
3865 10482 9.0
10482 3865 9.0
3865 10315 49.0
10315 3865 49.0
10463 10464 15.0
10464 10463 15.0
10463 10606 52.0
10606 10463 52.0
10464 10607 52.0
10607 10464 52.0
2068 10465 19.0
10465 2068 19.0
2068 10519 29.0
10519 2068 29.0
2068 10420 27.0
10420 2068 27.0
2068 10421 19.0
10421 2068 19.0
2867 10536 30.0
10536 2867 30.0
2867 10386 30.0
10386 2867 30.0
4191 10466 39.0
10466 4191 39.0
4191 10538 32.0
10538 4191 32.0
4191 10442 16.0
10442 4191 16.0
4191 10443 8.0
10443 4191 8.0
931 10467 20.0
10467 931 20.0
931 10483 12.0
10483 931 12.0
10467 10468 3.0
10468 10467 3.0
10467 10484 12.0
10484 10467 12.0
10468 10469 5.0
10469 10468 5.0
10468 10485 12.0
10485 10468 12.0
10469 10470 4.0
10470 10469 4.0
10469 10486 12.0
10486 10469 12.0
10470 10487 12.0
10487 10470 12.0
1723 10471 19.0
10471 1723 19.0
1723 1759 50.0
1759 1723 50.0
1723 10431 19.0
10431 1723 19.0
3278 10472 43.0
10472 3278 43.0
3278 10474 2.0
10474 3278 2.0
3278 10473 13.0
10473 3278 13.0
3278 10459 47.0
10459 3278 47.0
10472 10475 2.0
10475 10472 2.0
10473 10474 11.0
10474 10473 11.0
10474 10475 43.0
10475 10474 43.0
3370 10475 8.0
10475 3370 8.0
3370 10460 6.0
10460 3370 6.0
10476 10477 23.0
10477 10476 23.0
10477 10478 22.0
10478 10477 22.0
746 10535 17.0
10535 746 17.0
746 10478 17.0
10478 746 17.0
746 10405 32.0
10405 746 32.0
4299 10479 8.0
10479 4299 8.0
4299 10510 11.0
10510 4299 11.0
4299 10457 12.0
10457 4299 12.0
10479 10480 12.0
10480 10479 12.0
10479 10511 11.0
10511 10479 11.0
3141 10481 21.0
10481 3141 21.0
3141 10596 41.0
10596 3141 41.0
3141 3171 30.0
3171 3141 30.0
10481 10602 42.0
10602 10481 42.0
3843 10482 21.0
10482 3843 21.0
3843 3865 30.0
3865 3843 30.0
10482 10605 43.0
10605 10482 43.0
10483 10484 20.0
10484 10483 20.0
10484 10485 3.0
10485 10484 3.0
10485 10486 5.0
10486 10485 5.0
10485 10528 9.0
10528 10485 9.0
10486 10487 4.0
10487 10486 4.0
10486 10529 9.0
10529 10486 9.0
10487 10488 2.0
10488 10487 2.0
10487 10530 9.0
10530 10487 9.0
10488 10531 9.0
10531 10488 9.0
1018 10489 39.0
10489 1018 39.0
1018 10532 9.0
10532 1018 9.0
1018 10488 16.0
10488 1018 16.0
1018 10412 38.0
10412 1018 38.0
10489 10569 26.0
10569 10489 26.0
10490 10491 12.0
10491 10490 12.0
10490 10501 17.0
10501 10490 17.0
10491 10492 3.0
10492 10491 3.0
10491 10502 4.0
10502 10491 4.0
10492 10503 4.0
10503 10492 4.0
1408 10493 13.0
10493 1408 13.0
1408 10504 4.0
10504 1408 4.0
1408 10492 23.0
10492 1408 23.0
1408 10433 28.0
10433 1408 28.0
10493 10494 26.0
10494 10493 26.0
10493 10505 4.0
10505 10493 4.0
10494 10506 4.0
10506 10494 4.0
10495 10635 53.0
10635 10495 53.0
4039 10496 20.0
10496 4039 20.0
4039 10497 1.0
10497 4039 1.0
4039 10495 19.0
10495 4039 19.0
4039 10438 28.0
10438 4039 28.0
357 10552 22.0
10552 357 22.0
10497 10673 59.0
10673 10497 59.0
4063 10498 31.0
10498 4063 31.0
4063 10497 20.0
10497 4063 20.0
4063 10496 1.0
10496 4063 1.0
10498 10660 54.0
10660 10498 54.0
10499 10500 28.0
10500 10499 28.0
10499 10537 32.0
10537 10499 32.0
4403 10500 21.0
10500 4403 21.0
10501 10502 25.0
10502 10501 25.0
10501 10512 3.0
10512 10501 3.0
10502 10503 3.0
10503 10502 3.0
10502 10516 4.0
10516 10502 4.0
10503 10504 23.0
10504 10503 23.0
10503 10517 4.0
10517 10503 4.0
10504 10505 13.0
10505 10504 13.0
10504 10518 4.0
10518 10504 4.0
10505 10506 26.0
10506 10505 26.0
10505 10548 18.0
10548 10505 18.0
10506 10507 3.0
10507 10506 3.0
10507 10508 31.0
10508 10507 31.0
10508 10509 13.0
10509 10508 13.0
10509 10550 18.0
10550 10509 18.0
1561 10551 18.0
10551 1561 18.0
1561 10509 5.0
10509 1561 5.0
1561 10372 51.0
10372 1561 51.0
10510 10511 8.0
10511 10510 8.0
10510 10562 19.0
10562 10510 19.0
10511 10563 19.0
10563 10511 19.0
4312 10511 12.0
10511 4312 12.0
4312 10480 11.0
10480 4312 11.0
1259 10512 40.0
10512 1259 40.0
1259 10513 1.0
10513 1259 1.0
10513 10514 9.0
10514 10513 9.0
10513 10572 18.0
10572 10513 18.0
10514 10515 18.0
10515 10514 18.0
10515 10578 19.0
10578 10515 19.0
1325 10516 25.0
10516 1325 25.0
1325 10515 13.0
10515 1325 13.0
1325 10512 1.0
10512 1325 1.0
10516 10517 3.0
10517 10516 3.0
10516 10674 54.0
10674 10516 54.0
10517 10518 23.0
10518 10517 23.0
10517 10675 54.0
10675 10517 54.0
10518 10548 27.0
10548 10518 27.0
2102 10520 22.0
10520 2102 22.0
2102 10608 30.0
10608 2102 30.0
2102 10519 11.0
10519 2102 11.0
2102 10465 21.0
10465 2102 21.0
10520 10521 37.0
10521 10520 37.0
10521 10522 6.0
10522 10521 6.0
10522 10523 2.0
10523 10522 2.0
10522 10616 33.0
10616 10522 33.0
10523 10524 5.0
10524 10523 5.0
10523 10553 15.0
10553 10523 15.0
10524 10525 49.0
10525 10524 49.0
10524 10554 15.0
10554 10524 15.0
10525 10526 22.0
10526 10525 22.0
10526 10527 48.0
10527 10526 48.0
10526 10556 15.0
10556 10526 15.0
10527 10579 23.0
10579 10527 23.0
2486 10580 23.0
10580 2486 23.0
2486 10527 31.0
10527 2486 31.0
3266 10604 39.0
10604 3266 39.0
3266 10473 18.0
10473 3266 18.0
966 10528 3.0
10528 966 3.0
966 10588 23.0
10588 966 23.0
966 10483 29.0
10483 966 29.0
966 10484 9.0
10484 966 9.0
10528 10529 5.0
10529 10528 5.0
10528 10589 23.0
10589 10528 23.0
10529 10530 4.0
10530 10529 4.0
10529 10590 23.0
10590 10529 23.0
10530 10531 2.0
10531 10530 2.0
10530 10591 23.0
10591 10530 23.0
10531 10532 16.0
10532 10531 16.0
10531 10592 23.0
10592 10531 23.0
10532 10593 23.0
10593 10532 23.0
10533 10534 3.0
10534 10533 3.0
10533 10670 49.0
10670 10533 49.0
10534 10671 49.0
10671 10534 49.0
660 10535 62.0
10535 660 62.0
660 10534 4.0
10534 660 4.0
660 10476 17.0
10476 660 17.0
10535 10620 35.0
10620 10535 35.0
3476 10462 29.0
10462 3476 29.0
2849 10536 12.0
10536 2849 12.0
2849 10611 21.0
10611 2849 21.0
2849 10567 58.0
10567 2849 58.0
2849 2867 42.0
2867 2849 42.0
10536 10612 21.0
10612 10536 21.0
4363 10537 8.0
10537 4363 8.0
4363 10547 10.0
10547 4363 10.0
4363 10428 50.0
10428 4363 50.0
10537 10547 2.0
10547 10537 2.0
1759 10540 9.0
10540 1759 9.0
1759 10471 31.0
10471 1759 31.0
10538 10694 48.0
10694 10538 48.0
4222 10539 20.0
10539 4222 20.0
4222 10543 1.0
10543 4222 1.0
4222 10538 39.0
10538 4222 39.0
4222 10466 32.0
10466 4222 32.0
1796 10540 13.0
10540 1796 13.0
10541 10542 4.0
10542 10541 4.0
3718 10542 17.0
10542 3718 17.0
3718 3762 39.0
3762 3718 39.0
10543 10703 49.0
10703 10543 49.0
10543 10695 49.0
10695 10543 49.0
4236 10544 2.0
10544 4236 2.0
4236 10557 3.0
10557 4236 3.0
4236 10543 20.0
10543 4236 20.0
4236 10539 1.0
10539 4236 1.0
10544 10545 31.0
10545 10544 31.0
10544 10558 3.0
10558 10544 3.0
10545 10546 7.0
10546 10545 7.0
10545 10559 3.0
10559 10545 3.0
10546 10560 3.0
10560 10546 3.0
4391 10547 43.0
10547 4391 43.0
4391 10500 19.0
10500 4391 19.0
10548 10549 4.0
10549 10548 4.0
10549 10625 25.0
10625 10549 25.0
1485 10550 47.0
10550 1485 47.0
1485 10626 25.0
10626 1485 25.0
1485 10549 22.0
10549 1485 22.0
1485 10506 18.0
10506 1485 18.0
10550 10551 5.0
10551 10550 5.0
10550 10628 25.0
10628 10550 25.0
10551 10629 25.0
10629 10551 25.0
389 10568 51.0
10568 389 51.0
389 10552 29.0
10552 389 29.0
10553 10554 5.0
10554 10553 5.0
10553 10617 18.0
10617 10553 18.0
10554 10555 47.0
10555 10554 47.0
2324 10556 22.0
10556 2324 22.0
2324 10652 31.0
10652 2324 31.0
2324 10555 2.0
10555 2324 2.0
2324 10525 15.0
10525 2324 15.0
10556 10597 13.0
10597 10556 13.0
10557 10558 2.0
10558 10557 2.0
10557 10584 8.0
10584 10557 8.0
10558 10559 31.0
10559 10558 31.0
10558 10585 8.0
10585 10558 8.0
10559 10560 7.0
10560 10559 7.0
10560 10561 2.0
10561 10560 2.0
4292 10562 11.0
10562 4292 11.0
4292 10587 8.0
10587 4292 8.0
4292 10561 29.0
10561 4292 29.0
10562 10563 8.0
10563 10562 8.0
10562 10619 21.0
10619 10562 21.0
10564 10565 2.0
10565 10564 2.0
10565 10566 18.0
10566 10565 18.0
10565 10582 7.0
10582 10565 7.0
10566 10583 7.0
10583 10566 7.0
2722 10567 20.0
10567 2722 20.0
2722 10621 21.0
10621 2722 21.0
2722 10566 41.0
10566 2722 41.0
10567 10609 14.0
10609 10567 14.0
462 10654 30.0
10654 462 30.0
462 10568 1.0
10568 462 1.0
10569 10570 14.0
10570 10569 14.0
10569 10573 1.0
10573 10569 1.0
10570 10571 46.0
10571 10570 46.0
10570 10574 1.0
10574 10570 1.0
10571 10575 1.0
10575 10571 1.0
1227 10572 21.0
10572 1227 21.0
1227 10576 1.0
10576 1227 1.0
1227 10571 32.0
10571 1227 32.0
10572 10577 1.0
10577 10572 1.0
10573 10574 14.0
10574 10573 14.0
10574 10575 46.0
10575 10574 46.0
10574 10595 5.0
10595 10574 5.0
10575 10576 32.0
10576 10575 32.0
10576 10577 21.0
10577 10576 21.0
1271 10578 18.0
10578 1271 18.0
1271 10696 41.0
10696 1271 41.0
1271 10577 9.0
10577 1271 9.0
1271 10514 19.0
10514 1271 19.0
10579 10580 31.0
10580 10579 31.0
10580 10581 8.0
10581 10580 8.0
10580 10600 5.0
10600 10580 5.0
2620 10582 2.0
10582 2620 2.0
2620 10646 21.0
10646 2620 21.0
2620 10581 72.0
10581 2620 72.0
2620 10564 7.0
10564 2620 7.0
10582 10583 18.0
10583 10582 18.0
10582 10647 21.0
10647 10582 21.0
10584 10585 2.0
10585 10584 2.0
10584 10704 38.0
10704 10584 38.0
10585 10586 26.0
10586 10585 26.0
10585 10705 38.0
10705 10585 38.0
10586 10706 38.0
10706 10586 38.0
4270 10587 31.0
10587 4270 31.0
4270 10586 12.0
10586 4270 12.0
4270 10560 8.0
10560 4270 8.0
10587 10619 24.0
10619 10587 24.0
10588 10589 3.0
10589 10588 3.0
10588 10637 18.0
10637 10588 18.0
10589 10590 5.0
10590 10589 5.0
10589 10638 18.0
10638 10589 18.0
10590 10591 4.0
10591 10590 4.0
10591 10592 2.0
10592 10591 2.0
10591 10639 18.0
10639 10591 18.0
10592 10593 16.0
10593 10592 16.0
10592 10640 18.0
10640 10592 18.0
10593 10594 16.0
10594 10593 16.0
10593 10641 18.0
10641 10593 18.0
10594 10642 18.0
10642 10594 18.0
1079 10595 14.0
10595 1079 14.0
1079 10769 64.0
10769 1079 64.0
1079 10594 23.0
10594 1079 23.0
1079 10573 5.0
10573 1079 5.0
10595 10689 36.0
10689 10595 36.0
3085 10596 30.0
10596 3085 30.0
3085 10658 39.0
10658 3085 39.0
10596 10601 3.0
10601 10596 3.0
10597 10598 7.0
10598 10597 7.0
10597 10653 18.0
10653 10597 18.0
10598 10599 19.0
10599 10598 19.0
10599 10657 19.0
10657 10599 19.0
2428 10600 31.0
10600 2428 31.0
2428 10599 22.0
10599 2428 22.0
2428 10579 5.0
10579 2428 5.0
10600 10666 27.0
10666 10600 27.0
10601 10602 23.0
10602 10601 23.0
10602 10603 6.0
10603 10602 6.0
10603 10631 12.0
10631 10603 12.0
3187 10604 40.0
10604 3187 40.0
3187 10632 12.0
10632 3187 12.0
3187 10603 2.0
10603 3187 2.0
10605 10606 17.0
10606 10605 17.0
10606 10607 15.0
10607 10606 15.0
3920 10624 9.0
10624 3920 9.0
3920 10607 6.0
10607 3920 6.0
2085 10608 11.0
10608 2085 11.0
2085 10614 3.0
10614 2085 3.0
2085 10613 65.0
10613 2085 65.0
2085 10519 30.0
10519 2085 30.0
10608 10615 3.0
10615 10608 3.0
10609 10610 28.0
10610 10609 28.0
10610 10611 23.0
10611 10610 23.0
10610 10623 7.0
10623 10610 7.0
10611 10612 12.0
10612 10611 12.0
2876 10643 59.0
10643 2876 59.0
2876 10612 8.0
10612 2876 8.0
10613 10614 62.0
10614 10613 62.0
10614 10615 11.0
10615 10614 11.0
10614 10690 24.0
10690 10614 24.0
2202 10616 6.0
10616 2202 6.0
2202 10649 13.0
10649 2202 13.0
2202 10615 59.0
10615 2202 59.0
2202 10521 33.0
10521 2202 33.0
10616 10617 2.0
10617 10616 2.0
10616 10650 13.0
10650 10616 13.0
10617 10651 13.0
10651 10617 13.0
10618 10644 9.0
10644 10618 9.0
355 10618 2.0
10618 355 2.0
355 10552 21.0
10552 355 21.0
3462 3476 42.0
3476 3462 42.0
4306 10619 8.0
10619 4306 8.0
4306 10563 21.0
10563 4306 21.0
10620 10746 38.0
10746 10620 38.0
809 10663 12.0
10663 809 12.0
809 10620 38.0
10620 809 38.0
10621 10622 6.0
10622 10621 6.0
10621 10713 29.0
10713 10621 29.0
10621 10648 9.0
10648 10621 9.0
10622 10714 29.0
10714 10622 29.0
2761 10623 28.0
10623 2761 28.0
2761 10622 14.0
10622 2761 14.0
2761 10609 7.0
10609 2761 7.0
3890 10624 21.0
10624 3890 21.0
3890 10605 26.0
10605 3890 26.0
3890 10606 9.0
10606 3890 9.0
10624 10634 21.0
10634 10624 21.0
10625 10626 22.0
10626 10625 22.0
10626 10627 19.0
10627 10626 19.0
10626 10676 15.0
10676 10626 15.0
10627 10628 28.0
10628 10627 28.0
10627 10677 15.0
10677 10627 15.0
10628 10629 5.0
10629 10628 5.0
10628 10688 17.0
10688 10628 17.0
10629 10630 36.0
10630 10629 36.0
1624 10630 2.0
10630 1624 2.0
10631 10632 2.0
10632 10631 2.0
10631 10659 7.0
10659 10631 7.0
10632 10633 26.0
10633 10632 26.0
10633 10719 28.0
10719 10633 28.0
3245 10633 14.0
10633 3245 14.0
3245 10604 12.0
10604 3245 12.0
3965 10635 30.0
10635 3965 30.0
3965 10672 11.0
10672 3965 11.0
3965 10634 12.0
10634 3965 12.0
10636 10637 35.0
10637 10636 35.0
10636 10665 7.0
10665 10636 7.0
10637 10638 3.0
10638 10637 3.0
978 10639 4.0
10639 978 4.0
978 10776 52.0
10776 978 52.0
978 10638 5.0
10638 978 5.0
978 10590 18.0
10590 978 18.0
10639 10640 2.0
10640 10639 2.0
10639 10777 52.0
10777 10639 52.0
10640 10641 16.0
10641 10640 16.0
10640 10778 52.0
10778 10640 52.0
10641 10642 16.0
10642 10641 16.0
10641 10779 52.0
10779 10641 52.0
10643 10798 55.0
10798 10643 55.0
2959 10799 55.0
10799 2959 55.0
2959 10643 3.0
10643 2959 3.0
3682 10541 30.0
10541 3682 30.0
330 10644 19.0
10644 330 19.0
330 10618 28.0
10618 330 28.0
10645 10646 13.0
10646 10645 13.0
10645 10711 22.0
10711 10645 22.0
10645 10667 25.0
10667 10645 25.0
10646 10647 2.0
10647 10646 2.0
2654 10648 39.0
10648 2654 39.0
2654 10712 22.0
10712 2654 22.0
2654 10647 18.0
10647 2654 18.0
2654 10583 21.0
10583 2654 21.0
10649 10650 6.0
10650 10649 6.0
10649 10762 38.0
10762 10649 38.0
10650 10651 2.0
10651 10650 2.0
2319 10652 2.0
10652 2319 2.0
2319 10655 3.0
10655 2319 3.0
2319 10651 52.0
10651 2319 52.0
2319 10555 31.0
10555 2319 31.0
10652 10653 22.0
10653 10652 22.0
10652 10655 1.0
10655 10652 1.0
10653 10656 1.0
10656 10653 1.0
460 10654 1.0
10654 460 1.0
460 10720 22.0
10720 460 22.0
460 10568 30.0
10568 460 30.0
10654 10668 4.0
10668 10654 4.0
10655 10656 22.0
10656 10655 22.0
2371 10657 19.0
10657 2371 19.0
2371 10715 28.0
10715 2371 28.0
2371 10656 7.0
10656 2371 7.0
2371 10598 19.0
10598 2371 19.0
10658 10717 21.0
10717 10658 21.0
3137 10659 29.0
10659 3137 29.0
3137 10718 21.0
10718 3137 21.0
3137 10658 13.0
10658 3137 13.0
3137 10601 19.0
10601 3137 19.0
10660 10661 6.0
10661 10660 6.0
10660 10681 8.0
10681 10660 8.0
10661 10662 28.0
10662 10661 28.0
10662 10683 8.0
10683 10662 8.0
4138 10684 8.0
10684 4138 8.0
4138 10662 3.0
10662 4138 3.0
10663 10664 29.0
10664 10663 29.0
10663 10723 20.0
10723 10663 20.0
882 10665 8.0
10665 882 8.0
882 10724 20.0
10724 882 20.0
882 10664 21.0
10664 882 21.0
882 10636 15.0
10636 882 15.0
10665 10775 45.0
10775 10665 45.0
10666 10716 18.0
10716 10666 18.0
2502 10667 40.0
10667 2502 40.0
2502 10728 22.0
10728 2502 22.0
2502 10666 3.0
10666 2502 3.0
2502 10581 27.0
10581 2502 27.0
3623 10757 31.0
10757 3623 31.0
3623 3682 49.0
3682 3623 49.0
10668 10669 39.0
10669 10668 39.0
10668 10721 18.0
10721 10668 18.0
591 10670 35.0
10670 591 35.0
591 10722 18.0
10722 591 18.0
591 10669 51.0
10669 591 51.0
10670 10671 3.0
10671 10670 3.0
10670 10743 24.0
10743 10670 24.0
10671 10744 24.0
10744 10671 24.0
309 10758 30.0
10758 309 30.0
309 330 29.0
330 309 29.0
10672 10755 32.0
10755 10672 32.0
4006 10673 23.0
10673 4006 23.0
4006 10678 3.0
10678 4006 3.0
4006 10672 30.0
10672 4006 30.0
4006 10635 11.0
10635 4006 11.0
10673 10679 3.0
10679 10673 3.0
10674 10675 3.0
10675 10674 3.0
10674 10697 6.0
10697 10674 6.0
10675 10685 2.0
10685 10675 2.0
1445 10676 22.0
10676 1445 22.0
1445 10686 2.0
10686 1445 2.0
1445 10675 40.0
10675 1445 40.0
1445 10625 15.0
10625 1445 15.0
10676 10677 19.0
10677 10676 19.0
10676 10687 2.0
10687 10676 2.0
10678 10679 23.0
10679 10678 23.0
10678 10765 29.0
10765 10678 29.0
10679 10680 16.0
10680 10679 16.0
10680 10681 35.0
10681 10680 35.0
10680 10748 22.0
10748 10680 22.0
10681 10682 3.0
10682 10681 3.0
10681 10749 22.0
10749 10681 22.0
10682 10750 22.0
10750 10682 22.0
4106 10683 28.0
10683 4106 28.0
4106 10751 22.0
10751 4106 22.0
4106 10682 3.0
10682 4106 3.0
4106 10661 8.0
10661 4106 8.0
10683 10684 3.0
10684 10683 3.0
10683 10752 22.0
10752 10683 22.0
10684 10691 4.0
10691 10684 4.0
10685 10686 40.0
10686 10685 40.0
10685 10698 4.0
10698 10685 4.0
10686 10687 22.0
10687 10686 22.0
1515 10688 28.0
10688 1515 28.0
1515 10687 19.0
10687 1515 19.0
1515 10677 2.0
10677 1515 2.0
10689 10770 31.0
10770 10689 31.0
1171 10725 12.0
10725 1171 12.0
1171 10689 43.0
10689 1171 43.0
1171 10575 38.0
10575 1171 38.0
1972 10690 62.0
10690 1972 62.0
1972 10849 58.0
10849 1972 58.0
1972 10613 24.0
10613 1972 24.0
10690 10759 27.0
10759 10690 27.0
10691 10692 9.0
10692 10691 9.0
10691 10753 18.0
10753 10691 18.0
10692 10693 38.0
10693 10692 38.0
10692 10730 14.0
10730 10692 14.0
10693 10699 2.0
10699 10693 2.0
4182 10694 14.0
10694 4182 14.0
4182 10700 2.0
10700 4182 2.0
4182 10693 3.0
10693 4182 3.0
10694 10695 37.0
10695 10694 37.0
10694 10701 2.0
10701 10694 2.0
10696 10707 24.0
10707 10696 24.0
1302 10697 38.0
10697 1302 38.0
1302 10708 2.0
10708 1302 2.0
1302 10696 18.0
10696 1302 18.0
1302 10578 41.0
10578 1302 41.0
10697 10698 3.0
10698 10697 3.0
10697 10709 2.0
10709 10697 2.0
10699 10700 3.0
10700 10699 3.0
10699 10731 12.0
10731 10699 12.0
10700 10701 14.0
10701 10700 14.0
10700 10732 12.0
10732 10700 12.0
10701 10702 15.0
10702 10701 15.0
10702 10733 12.0
10733 10702 12.0
4220 10703 2.0
10703 4220 2.0
4220 10734 12.0
10734 4220 12.0
4220 10702 22.0
10702 4220 22.0
4220 10695 2.0
10695 4220 2.0
10703 10704 20.0
10704 10703 20.0
10703 10735 12.0
10735 10703 12.0
10704 10705 2.0
10705 10704 2.0
10704 10736 12.0
10736 10704 12.0
10705 10706 26.0
10706 10705 26.0
10705 10737 12.0
10737 10705 12.0
10707 10708 40.0
10708 10707 40.0
10708 10709 38.0
10709 10708 38.0
10709 10710 1.0
10710 10709 1.0
1383 10710 2.0
10710 1383 2.0
1383 10698 2.0
10698 1383 2.0
3409 3462 60.0
3462 3409 60.0
10711 10712 33.0
10712 10711 33.0
10711 10729 6.0
10729 10711 6.0
2718 10713 2.0
10713 2718 2.0
2718 10835 41.0
10835 2718 41.0
2718 10712 39.0
10712 2718 39.0
2718 10648 22.0
10648 2718 22.0
10713 10714 6.0
10714 10713 6.0
10713 10836 41.0
10836 10713 41.0
10715 10817 36.0
10817 10715 36.0
2402 10716 58.0
10716 2402 58.0
2402 10818 36.0
10818 2402 36.0
2402 10715 12.0
10715 2402 12.0
2402 10657 21.0
10657 2402 21.0
10716 10727 4.0
10727 10716 4.0
10717 10718 13.0
10718 10717 13.0
3183 10719 28.0
10719 3183 28.0
3183 10802 29.0
10802 3183 29.0
3183 10718 29.0
10718 3183 29.0
3183 10659 21.0
10659 3183 21.0
10720 10721 1.0
10721 10720 1.0
10720 10791 28.0
10791 10720 28.0
10721 10792 28.0
10792 10721 28.0
513 10722 51.0
10722 513 51.0
513 10740 6.0
10740 513 6.0
513 10721 39.0
10721 513 39.0
513 10669 18.0
10669 513 18.0
10722 10742 6.0
10742 10722 6.0
10723 10747 29.0
10747 10723 29.0
854 10724 21.0
10724 854 21.0
854 10723 29.0
10723 854 29.0
854 10664 20.0
10664 854 20.0
10724 10774 25.0
10774 10724 25.0
10725 10726 8.0
10726 10725 8.0
10725 10771 19.0
10771 10725 19.0
1237 10726 32.0
10726 1237 32.0
1237 10707 7.0
10707 1237 7.0
4368 10547 59.0
10547 4368 59.0
1777 10843 42.0
10843 1777 42.0
1777 10540 60.0
10540 1777 60.0
10727 10728 3.0
10728 10727 3.0
10727 10819 32.0
10819 10727 32.0
2565 10729 19.0
10729 2565 19.0
2565 10820 32.0
10820 2565 32.0
2565 10728 40.0
10728 2565 40.0
2565 10667 22.0
10667 2565 22.0
10730 10731 38.0
10731 10730 38.0
10731 10732 3.0
10732 10731 3.0
10731 10754 4.0
10754 10731 4.0
10732 10733 29.0
10733 10732 29.0
10732 10809 28.0
10809 10732 28.0
10733 10734 22.0
10734 10733 22.0
10734 10735 2.0
10735 10734 2.0
10734 10810 28.0
10810 10734 28.0
10735 10736 20.0
10736 10735 20.0
10735 10811 28.0
10811 10735 28.0
10736 10737 2.0
10737 10736 2.0
10737 10738 13.0
10738 10737 13.0
10738 10739 8.0
10739 10738 8.0
10739 10877 50.0
10877 10739 50.0
4257 10878 50.0
10878 4257 50.0
4257 10739 5.0
10739 4257 5.0
4257 10706 12.0
10706 4257 12.0
10740 10741 18.0
10741 10740 18.0
10740 10812 28.0
10812 10740 28.0
10741 10742 33.0
10742 10741 33.0
10741 10813 28.0
10813 10741 28.0
10742 10743 35.0
10743 10742 35.0
10742 10814 28.0
10814 10742 28.0
10743 10744 3.0
10744 10743 3.0
10744 10745 39.0
10745 10744 39.0
10745 10793 22.0
10793 10745 22.0
712 10746 24.0
10746 712 24.0
712 10794 22.0
10794 712 22.0
712 10745 3.0
10745 712 3.0
10746 10747 15.0
10747 10746 15.0
10746 10795 22.0
10795 10746 22.0
10748 10749 35.0
10749 10748 35.0
10749 10750 3.0
10750 10749 3.0
10749 10766 7.0
10766 10749 7.0
10750 10751 3.0
10751 10750 3.0
10750 10767 7.0
10767 10750 7.0
10751 10752 28.0
10752 10751 28.0
10751 10768 7.0
10768 10751 7.0
10752 10753 3.0
10753 10752 3.0
10752 10806 24.0
10806 10752 24.0
4144 10754 38.0
10754 4144 38.0
4144 10807 24.0
10807 4144 24.0
4144 10753 9.0
10753 4144 9.0
4144 10730 4.0
10730 4144 4.0
10754 10808 24.0
10808 10754 24.0
3945 10755 8.0
10755 3945 8.0
3945 10763 4.0
10763 3945 4.0
3945 10634 39.0
10634 3945 39.0
10755 10764 4.0
10764 10755 4.0
10756 10757 14.0
10757 10756 14.0
10756 10805 19.0
10805 10756 19.0
3636 10757 9.0
10757 3636 9.0
294 10758 12.0
10758 294 12.0
294 10826 24.0
10826 294 24.0
294 10825 45.0
10825 294 45.0
294 309 42.0
309 294 42.0
352 10828 22.0
10828 352 22.0
352 10758 41.0
10758 352 41.0
352 10644 41.0
10644 352 41.0
10759 10760 37.0
10760 10759 37.0
10760 10761 17.0
10761 10760 17.0
10761 10762 16.0
10762 10761 16.0
10761 10772 8.0
10772 10761 8.0
2220 10773 8.0
10773 2220 8.0
2220 10762 8.0
10762 2220 8.0
2220 10651 38.0
10651 2220 38.0
10763 10764 8.0
10764 10763 8.0
10763 10889 47.0
10889 10763 47.0
10764 10765 34.0
10765 10764 34.0
4056 10766 35.0
10766 4056 35.0
4056 10765 39.0
10765 4056 39.0
4056 10748 7.0
10748 4056 7.0
10766 10767 3.0
10767 10766 3.0
10766 10850 36.0
10850 10766 36.0
10767 10768 3.0
10768 10767 3.0
10767 10850 33.0
10850 10767 33.0
10768 10851 33.0
10851 10768 33.0
3813 3837 69.0
3837 3813 69.0
10769 10770 17.0
10770 10769 17.0
10769 10780 9.0
10780 10769 9.0
10770 10771 43.0
10771 10770 43.0
1184 10788 7.0
10788 1184 7.0
1184 10771 8.0
10771 1184 8.0
1184 10726 19.0
10726 1184 19.0
1618 10797 8.0
10797 1618 8.0
1618 10630 50.0
10630 1618 50.0
2805 10837 20.0
10837 2805 20.0
2805 10623 52.0
10623 2805 52.0
2152 10772 17.0
10772 2152 17.0
2152 10759 45.0
10759 2152 45.0
2152 10760 8.0
10760 2152 8.0
10772 10773 24.0
10773 10772 24.0
10772 10908 43.0
10908 10772 43.0
10773 10880 53.0
10880 10773 53.0
10774 10775 8.0
10775 10774 8.0
10775 10776 43.0
10776 10775 43.0
10775 10781 1.0
10781 10775 1.0
10776 10777 4.0
10777 10776 4.0
10776 10782 1.0
10782 10776 1.0
10777 10778 2.0
10778 10777 2.0
10777 10783 1.0
10783 10777 1.0
10778 10779 16.0
10779 10778 16.0
10778 10784 1.0
10784 10778 1.0
10779 10785 1.0
10785 10779 1.0
1038 10780 20.0
10780 1038 20.0
1038 10786 1.0
10786 1038 1.0
1038 10779 16.0
10779 1038 16.0
1038 10642 52.0
10642 1038 52.0
10780 10787 1.0
10787 10780 1.0
10781 10782 43.0
10782 10781 43.0
10782 10783 4.0
10783 10782 4.0
10783 10784 2.0
10784 10783 2.0
10783 10803 5.0
10803 10783 5.0
10784 10785 16.0
10785 10784 16.0
10784 10804 5.0
10804 10784 5.0
10785 10786 16.0
10786 10785 16.0
10785 10903 38.0
10903 10785 38.0
10786 10787 20.0
10787 10786 20.0
10786 10821 10.0
10821 10786 10.0
1104 10788 51.0
10788 1104 51.0
1104 10787 20.0
10787 1104 20.0
1104 10770 7.0
10770 1104 7.0
10788 10922 52.0
10922 10788 52.0
10789 10790 8.0
10790 10789 8.0
10789 10830 9.0
10830 10789 9.0
10790 10831 9.0
10831 10790 9.0
440 10791 12.0
10791 440 12.0
440 10832 9.0
10832 440 9.0
440 10790 4.0
10790 440 4.0
440 10720 40.0
10720 440 40.0
10791 10792 1.0
10792 10791 1.0
10791 10859 22.0
10859 10791 22.0
10792 10860 22.0
10860 10792 22.0
10793 10794 3.0
10794 10793 3.0
10793 10815 6.0
10815 10793 6.0
10794 10795 24.0
10795 10794 24.0
10795 10796 11.0
10796 10795 11.0
10796 10934 48.0
10934 10796 48.0
770 10935 48.0
10935 770 48.0
770 10796 4.0
10796 770 4.0
770 10747 22.0
10747 770 22.0
1555 10797 41.0
10797 1555 41.0
1555 10688 41.0
10688 1555 41.0
10797 10838 13.0
10838 10797 13.0
10798 10799 3.0
10799 10798 3.0
10799 10800 47.0
10800 10799 47.0
10799 10816 6.0
10816 10799 6.0
10800 10801 18.0
10801 10800 18.0
10801 10824 8.0
10824 10801 8.0
3118 10802 42.0
10802 3118 42.0
3118 10801 23.0
10801 3118 23.0
3118 10717 29.0
10717 3118 29.0
10802 10839 30.0
10839 10802 30.0
903 10803 47.0
10803 903 47.0
903 10900 33.0
10900 903 33.0
903 10774 14.0
10774 903 14.0
903 10781 5.0
10781 903 5.0
10803 10804 2.0
10804 10803 2.0
10803 10902 33.0
10902 10803 33.0
3588 10805 9.0
10805 3588 9.0
3588 10919 38.0
10919 3588 38.0
3588 10756 28.0
10756 3588 28.0
10806 10807 12.0
10807 10806 12.0
10807 10808 38.0
10808 10807 38.0
10807 10853 16.0
10853 10807 16.0
10808 10809 3.0
10809 10808 3.0
10808 10854 16.0
10854 10808 16.0
4200 10810 22.0
10810 4200 22.0
4200 10872 22.0
10872 4200 22.0
4200 10809 29.0
10809 4200 29.0
4200 10733 28.0
10733 4200 28.0
10810 10811 2.0
10811 10810 2.0
10810 10873 22.0
10873 10810 22.0
10811 10874 22.0
10874 10811 22.0
10812 10813 18.0
10813 10812 18.0
10812 10863 17.0
10863 10812 17.0
10812 10861 20.0
10861 10812 20.0
10813 10814 33.0
10814 10813 33.0
654 10815 39.0
10815 654 39.0
654 10814 38.0
10814 654 38.0
654 10744 28.0
10744 654 28.0
1378 10879 21.0
10879 1378 21.0
1378 10710 41.0
10710 1378 41.0
2954 10816 3.0
10816 2954 3.0
2954 10823 5.0
10823 2954 5.0
2954 10798 6.0
10798 2954 6.0
10816 10823 2.0
10823 10816 2.0
3356 10942 50.0
10942 3356 50.0
10817 10818 12.0
10818 10817 12.0
10818 10819 58.0
10819 10818 58.0
10818 10855 14.0
10855 10818 14.0
10819 10820 43.0
10820 10819 43.0
2601 10833 3.0
10833 2601 3.0
2601 10820 19.0
10820 2601 19.0
2601 10729 32.0
10729 2601 32.0
10821 10822 17.0
10822 10821 17.0
10821 10904 33.0
10904 10821 33.0
10822 10905 28.0
10905 10822 28.0
1074 10969 60.0
10969 1074 60.0
1074 10822 3.0
10822 1074 3.0
1074 10787 10.0
10787 1074 10.0
3041 10824 18.0
10824 3041 18.0
3041 10972 61.0
10972 3041 61.0
3041 10823 47.0
10823 3041 47.0
3041 10800 8.0
10800 3041 8.0
10825 10826 21.0
10826 10825 21.0
10826 10827 28.0
10827 10826 28.0
10826 10840 5.0
10840 10826 5.0
10827 10828 23.0
10828 10827 23.0
10827 10845 9.0
10845 10827 9.0
10828 10829 18.0
10829 10828 18.0
10828 10846 9.0
10846 10828 9.0
399 10830 19.0
10830 399 19.0
399 10848 9.0
10848 399 9.0
399 10829 21.0
10829 399 21.0
399 10789 28.0
10789 399 28.0
10830 10831 8.0
10831 10830 8.0
10830 10856 13.0
10856 10830 13.0
10831 10832 4.0
10832 10831 4.0
10831 10857 13.0
10857 10831 13.0
10832 10858 13.0
10858 10832 13.0
10833 10834 18.0
10834 10833 18.0
10833 10867 14.0
10867 10833 14.0
10834 10835 54.0
10835 10834 54.0
10835 10836 2.0
10836 10835 2.0
10835 10970 58.0
10970 10835 58.0
2733 10837 40.0
10837 2733 40.0
2733 10884 22.0
10884 2733 22.0
2733 10836 6.0
10836 2733 6.0
2733 10714 41.0
10714 2733 41.0
4310 10886 23.0
10886 4310 23.0
4310 10885 25.0
10885 4310 25.0
10838 10920 29.0
10920 10838 29.0
1661 10841 4.0
10841 1661 4.0
1661 10838 19.0
10838 1661 19.0
3228 10940 40.0
10940 3228 40.0
3228 10839 11.0
10839 3228 11.0
3228 10719 42.0
10719 3228 42.0
272 10840 21.0
10840 272 21.0
272 10825 5.0
10825 272 5.0
10840 10844 4.0
10844 10840 4.0
10841 10842 50.0
10842 10841 50.0
10841 10868 8.0
10868 10841 8.0
10842 10843 13.0
10843 10842 13.0
1821 1874 32.0
1874 1821 32.0
1821 10843 28.0
10843 1821 28.0
10844 10845 28.0
10845 10844 28.0
10844 10906 46.0
10906 10844 46.0
10845 10846 23.0
10846 10845 23.0
10846 10847 17.0
10847 10846 17.0
10847 10907 19.0
10907 10847 19.0
378 10848 21.0
10848 378 21.0
378 10937 32.0
10937 378 32.0
378 10847 1.0
10847 378 1.0
378 10829 9.0
10829 378 9.0
10848 10856 23.0
10856 10848 23.0
1874 10849 63.0
10849 1874 63.0
1874 10915 23.0
10915 1874 23.0
10849 10882 14.0
10882 10849 14.0
10850 10851 3.0
10851 10850 3.0
10850 10890 15.0
10890 10850 15.0
10851 10852 15.0
10852 10851 15.0
10851 10891 15.0
10891 10851 15.0
10852 10892 15.0
10892 10852 15.0
4133 10853 12.0
10853 4133 12.0
4133 10869 6.0
10869 4133 6.0
4133 10852 13.0
10852 4133 13.0
4133 10806 16.0
10806 4133 16.0
10853 10854 38.0
10854 10853 38.0
10853 10870 6.0
10870 10853 6.0
10854 10871 6.0
10871 10854 6.0
2384 10855 12.0
10855 2384 12.0
2384 10865 3.0
10865 2384 3.0
2384 10864 6.0
10864 2384 6.0
2384 10817 14.0
10817 2384 14.0
10855 10866 3.0
10866 10855 3.0
10856 10857 8.0
10857 10856 8.0
10857 10858 4.0
10858 10857 4.0
10857 10938 28.0
10938 10857 28.0
10858 10859 12.0
10859 10858 12.0
10859 10860 1.0
10860 10859 1.0
486 10861 19.0
10861 486 19.0
486 10862 20.0
10862 486 20.0
486 10860 16.0
10860 486 16.0
10861 10862 1.0
10862 10861 1.0
10862 10863 4.0
10863 10862 4.0
540 10863 18.0
10863 540 18.0
540 10813 17.0
10813 540 17.0
10864 10865 3.0
10865 10864 3.0
10864 10881 6.0
10881 10864 6.0
10865 10866 12.0
10866 10865 12.0
2497 10867 62.0
10867 2497 62.0
2497 10866 58.0
10866 2497 58.0
2497 10819 17.0
10819 2497 17.0
10868 10921 28.0
10921 10868 28.0
1750 10868 50.0
10868 1750 50.0
1750 10842 8.0
10842 1750 8.0
10869 10870 12.0
10870 10869 12.0
10869 10893 9.0
10893 10869 9.0
10870 10871 38.0
10871 10870 38.0
10871 10872 32.0
10872 10871 32.0
10871 10894 9.0
10894 10871 9.0
10872 10873 22.0
10873 10872 22.0
10872 10895 9.0
10895 10872 9.0
10873 10874 2.0
10874 10873 2.0
10873 10897 9.0
10897 10873 9.0
10874 10875 5.0
10875 10874 5.0
10875 10876 7.0
10876 10875 7.0
10876 10898 9.0
10898 10876 9.0
4246 10877 8.0
10877 4246 8.0
4246 10899 9.0
10899 4246 9.0
4246 10876 23.0
10876 4246 23.0
4246 10738 50.0
10738 4246 50.0
10877 10878 5.0
10878 10877 5.0
10877 10909 12.0
10909 10877 12.0
10878 10910 12.0
10910 10878 12.0
1438 10879 39.0
10879 1438 39.0
2346 10881 18.0
10881 2346 18.0
2346 10880 51.0
10880 2346 51.0
10882 10883 5.0
10883 10882 5.0
10882 10917 9.0
10917 10882 9.0
10883 10918 9.0
10918 10883 9.0
2001 10883 12.0
10883 2001 12.0
10884 10971 40.0
10971 10884 40.0
2801 10884 40.0
10884 2801 40.0
2801 10837 22.0
10837 2801 22.0
10885 10886 2.0
10886 10885 2.0
10885 10911 5.0
10911 10885 5.0
10886 10887 57.0
10887 10886 57.0
10887 10888 6.0
10888 10887 6.0
10888 11033 60.0
11033 10888 60.0
4350 11034 60.0
11034 4350 60.0
4350 10888 7.0
10888 4350 7.0
3957 10954 30.0
10954 3957 30.0
3957 10889 8.0
10889 3957 8.0
3957 10764 47.0
10764 3957 47.0
1331 10980 40.0
10980 1331 40.0
1331 10923 9.0
10923 1331 9.0
1331 10879 30.0
10879 1331 30.0
10890 10891 3.0
10891 10890 3.0
10891 10892 15.0
10892 10891 15.0
10891 10912 4.0
10912 10891 4.0
10892 10893 13.0
10893 10892 13.0
10892 10913 4.0
10913 10892 4.0
10893 10894 50.0
10894 10893 50.0
10893 10914 4.0
10914 10893 4.0
10894 10895 32.0
10895 10894 32.0
10895 10896 5.0
10896 10895 5.0
10895 10928 8.0
10928 10895 8.0
10896 10897 17.0
10897 10896 17.0
10896 10929 8.0
10929 10896 8.0
4225 10898 7.0
10898 4225 7.0
4225 11007 51.0
11007 4225 51.0
4225 10897 7.0
10897 4225 7.0
4225 10875 9.0
10875 4225 9.0
10898 10899 23.0
10899 10898 23.0
10899 10909 11.0
10909 10899 11.0
10900 10901 17.0
10901 10900 17.0
10900 10951 26.0
10951 10900 26.0
10901 10902 30.0
10902 10901 30.0
993 10903 16.0
10903 993 16.0
993 10959 29.0
10959 993 29.0
993 10902 2.0
10902 993 2.0
993 10804 33.0
10804 993 33.0
10903 10904 11.0
10904 10903 11.0
10903 10966 32.0
10966 10903 32.0
10904 10905 22.0
10905 10904 22.0
10904 10968 32.0
10968 10904 32.0
10906 10943 21.0
10943 10906 21.0
326 10907 40.0
10907 326 40.0
326 10944 21.0
10944 326 21.0
326 10906 1.0
10906 326 1.0
326 10845 19.0
10845 326 19.0
10907 10936 13.0
10936 10907 13.0
10908 11000 47.0
11000 10908 47.0
2254 10908 42.0
10908 2254 42.0
2254 10880 8.0
10880 2254 8.0
10909 10910 5.0
10910 10909 5.0
10909 11008 48.0
11008 10909 48.0
4274 10911 50.0
10911 4274 50.0
4274 10910 17.0
10910 4274 17.0
4101 10912 3.0
10912 4101 3.0
4101 10924 4.0
10924 4101 4.0
4101 10890 4.0
10890 4101 4.0
10912 10913 15.0
10913 10912 15.0
10912 10925 4.0
10925 10912 4.0
10913 10914 13.0
10914 10913 13.0
10913 10926 4.0
10926 10913 4.0
10914 10927 4.0
10927 10914 4.0
3837 10952 24.0
10952 3837 24.0
10915 10916 7.0
10916 10915 7.0
10915 10989 38.0
10989 10915 38.0
1939 10917 14.0
10917 1939 14.0
1939 10991 38.0
10991 1939 38.0
1939 10916 42.0
10916 1939 42.0
1939 10882 23.0
10882 1939 23.0
10917 10918 5.0
10918 10917 5.0
10917 10996 41.0
10996 10917 41.0
3527 10919 42.0
10919 3527 42.0
3527 10930 20.0
10930 3527 20.0
10919 10931 3.0
10931 10919 3.0
1581 10920 22.0
10920 1581 22.0
10920 10921 8.0
10921 10920 8.0
10920 10939 16.0
10939 10920 16.0
504 11030 49.0
11030 504 49.0
504 10862 20.0
10862 504 20.0
1248 10923 49.0
10923 1248 49.0
1248 10979 29.0
10979 1248 29.0
1248 10922 32.0
10922 1248 32.0
10924 10925 3.0
10925 10924 3.0
10924 11026 48.0
11026 10924 48.0
10925 10926 15.0
10926 10925 15.0
10925 11027 48.0
11027 10925 48.0
10926 10927 13.0
10927 10926 13.0
4177 10928 32.0
10928 4177 32.0
4177 10927 50.0
10927 4177 50.0
4177 10894 8.0
10894 4177 8.0
10928 10929 5.0
10929 10928 5.0
10928 11006 48.0
11006 10928 48.0
10929 11006 43.0
11006 10929 43.0
10930 10931 25.0
10931 10930 25.0
10930 11001 41.0
11001 10930 41.0
3600 10932 2.0
10932 3600 2.0
3600 10931 9.0
10931 3600 9.0
3600 10805 41.0
10805 3600 41.0
10932 10933 49.0
10933 10932 49.0
10932 10981 30.0
10981 10932 30.0
3693 10984 30.0
10984 3693 30.0
3693 10933 11.0
10933 3693 11.0
707 10934 38.0
10934 707 38.0
707 11045 51.0
11045 707 51.0
707 10815 42.0
10815 707 42.0
10934 10935 4.0
10935 10934 4.0
10934 10948 14.0
10948 10934 14.0
10935 10949 14.0
10949 10935 14.0
2628 2644 29.0
2644 2628 29.0
2628 10867 42.0
10867 2628 42.0
2628 10834 38.0
10834 2628 38.0
10936 10937 1.0
10937 10936 1.0
427 10938 8.0
10938 427 8.0
427 10946 8.0
10946 427 8.0
427 10937 40.0
10937 427 40.0
427 10856 28.0
10856 427 28.0
4308 11032 43.0
11032 4308 43.0
4308 11031 45.0
11031 4308 45.0
4308 10911 12.0
10911 4308 12.0
10939 11038 43.0
11038 10939 43.0
1640 11039 43.0
11039 1640 43.0
1640 10939 3.0
10939 1640 3.0
1640 10921 11.0
10921 1640 11.0
3215 10940 11.0
10940 3215 11.0
3215 10961 12.0
10961 3215 12.0
3215 10960 17.0
10960 3215 17.0
3215 10839 40.0
10839 3215 40.0
10940 10941 32.0
10941 10940 32.0
3318 10942 23.0
10942 3318 23.0
3318 10941 30.0
10941 3318 30.0
10942 10947 18.0
10947 10942 18.0
10943 10944 1.0
10944 10943 1.0
10943 10962 8.0
10962 10943 8.0
10944 10945 38.0
10945 10944 38.0
376 10946 41.0
10946 376 41.0
376 10945 2.0
10945 376 2.0
376 10936 8.0
10936 376 8.0
3395 10947 2.0
10947 3395 2.0
10948 10949 4.0
10949 10948 4.0
10948 11046 37.0
11046 10948 37.0
10949 10950 36.0
10950 10949 36.0
10949 11049 39.0
11049 10949 39.0
10950 10955 3.0
10955 10950 3.0
835 10951 43.0
10951 835 43.0
835 10956 3.0
10956 835 3.0
835 10950 2.0
10950 835 2.0
10951 10957 3.0
10957 10951 3.0
10952 10953 28.0
10953 10952 28.0
10952 10997 18.0
10997 10952 18.0
3921 10954 22.0
10954 3921 22.0
3921 10999 18.0
10999 3921 18.0
3921 10953 41.0
10953 3921 41.0
3921 10889 44.0
10889 3921 44.0
10954 11128 62.0
11128 10954 62.0
10955 10956 2.0
10956 10955 2.0
10955 11009 22.0
11009 10955 22.0
10956 10957 43.0
10957 10956 43.0
10956 11010 22.0
11010 10956 22.0
10957 10958 5.0
10958 10957 5.0
10957 11011 22.0
11011 10957 22.0
10958 11012 22.0
11012 10958 22.0
934 10959 32.0
10959 934 32.0
934 11014 22.0
11014 934 22.0
934 10958 12.0
10958 934 12.0
934 10901 29.0
10901 934 29.0
10959 10965 3.0
10965 10959 3.0
10960 10961 5.0
10961 10960 5.0
10960 11070 47.0
11070 10960 47.0
10960 10974 32.0
10974 10960 32.0
3272 10961 40.0
10961 3272 40.0
3272 10941 9.0
10941 3272 9.0
289 10962 30.0
10962 289 30.0
289 10964 1.0
10964 289 1.0
289 10963 4.0
10963 289 4.0
10963 10964 3.0
10964 10963 3.0
10963 11036 28.0
11036 10963 28.0
323 10964 30.0
10964 323 30.0
323 10962 1.0
10962 323 1.0
10965 10966 16.0
10966 10965 16.0
10965 11015 19.0
11015 10965 19.0
10966 10967 2.0
10967 10966 2.0
10966 11016 19.0
11016 10966 19.0
10967 10968 9.0
10968 10967 9.0
10968 10992 12.0
10992 10968 12.0
1070 10969 3.0
10969 1070 3.0
1070 10975 4.0
10975 1070 4.0
1070 10968 22.0
10968 1070 22.0
1070 10905 32.0
10905 1070 32.0
10969 10976 4.0
10976 10969 4.0
2644 10970 45.0
10970 2644 45.0
2644 11079 45.0
11079 2644 45.0
10970 10971 4.0
10971 10970 4.0
10972 10973 15.0
10973 10972 15.0
10973 10987 9.0
10987 10973 9.0
3071 10974 49.0
10974 3071 49.0
3071 10988 9.0
10988 3071 9.0
3071 10973 3.0
10973 3071 3.0
3071 10824 61.0
10824 3071 61.0
2379 11087 43.0
11087 2379 43.0
2379 10881 41.0
10881 2379 41.0
10975 10976 3.0
10976 10975 3.0
10975 10993 8.0
10993 10975 8.0
10976 10977 27.0
10977 10976 27.0
10976 10994 8.0
10994 10976 8.0
10977 10978 28.0
10978 10977 28.0
10978 10995 8.0
10995 10978 8.0
1199 10979 32.0
10979 1199 32.0
1199 11060 34.0
11060 1199 34.0
1199 10978 23.0
10978 1199 23.0
1199 10922 29.0
10922 1199 29.0
10979 11058 49.0
11058 10979 49.0
1328 10980 1.0
10980 1328 1.0
1328 10985 3.0
10985 1328 3.0
1328 10923 32.0
10923 1328 32.0
10980 10985 2.0
10985 10980 2.0
10981 10982 18.0
10982 10981 18.0
10981 11003 9.0
11003 10981 9.0
10982 10983 23.0
10983 10982 23.0
10983 11005 9.0
11005 10983 9.0
3670 10984 11.0
10984 3670 11.0
3670 10983 8.0
10983 3670 8.0
3670 10933 30.0
10933 3670 30.0
10984 11022 13.0
11022 10984 13.0
10985 10986 18.0
10986 10985 18.0
1411 10986 31.0
10986 1411 31.0
3020 10987 28.0
10987 3020 28.0
3020 11137 52.0
11137 3020 52.0
3020 10972 22.0
10972 3020 22.0
10987 10988 3.0
10988 10987 3.0
10987 11067 34.0
11067 10987 34.0
10988 11068 34.0
11068 10988 34.0
10989 10990 5.0
10990 10989 5.0
10989 11104 39.0
11104 10989 39.0
10990 11105 39.0
11105 10990 39.0
1885 10991 42.0
10991 1885 42.0
1885 10990 2.0
10990 1885 2.0
1885 10916 38.0
10916 1885 38.0
10991 10996 17.0
10996 10991 17.0
10992 10993 22.0
10993 10992 22.0
10992 11017 7.0
11017 10992 7.0
10993 10994 3.0
10994 10993 3.0
1110 10995 28.0
10995 1110 28.0
1110 10994 27.0
10994 1110 27.0
1110 10977 8.0
10977 1110 8.0
1984 11084 39.0
11084 1984 39.0
1984 10996 5.0
10996 1984 5.0
1984 10918 41.0
10918 1984 41.0
10997 10998 15.0
10998 10997 15.0
10997 11025 10.0
11025 10997 10.0
10998 11054 19.0
11054 10998 19.0
3866 10999 41.0
10999 3866 41.0
3866 10998 13.0
10998 3866 13.0
3866 10953 18.0
10953 3866 18.0
10999 11127 61.0
11127 10999 61.0
2107 11000 41.0
11000 2107 41.0
2107 11018 2.0
11018 2107 2.0
11001 11002 17.0
11002 11001 17.0
11002 11003 17.0
11003 11002 17.0
11002 11082 28.0
11082 11002 28.0
11003 11004 15.0
11004 11003 15.0
11004 11083 28.0
11083 11004 28.0
3628 11005 23.0
11005 3628 23.0
3628 11004 3.0
11004 3628 3.0
3628 10982 9.0
10982 3628 9.0
11005 11041 12.0
11041 11005 12.0
1368 11059 19.0
11059 1368 19.0
1368 10986 9.0
10986 1368 9.0
11006 11007 24.0
11007 11006 24.0
11006 11020 1.0
11020 11006 1.0
4230 11008 31.0
11008 4230 31.0
4230 11021 1.0
11021 4230 1.0
4230 11007 7.0
11007 4230 7.0
4230 10898 51.0
10898 4230 51.0
11009 11010 2.0
11010 11009 2.0
11009 11050 14.0
11050 11009 14.0
11010 11011 43.0
11011 11010 43.0
11010 11075 26.0
11075 11010 26.0
11011 11012 5.0
11012 11011 5.0
11011 11076 26.0
11076 11011 26.0
11012 11013 3.0
11013 11012 3.0
11012 11077 26.0
11077 11012 26.0
11013 11014 9.0
11014 11013 9.0
11013 11093 31.0
11093 11013 31.0
11014 11015 32.0
11015 11014 32.0
11014 11094 31.0
11094 11014 31.0
11015 11016 16.0
11016 11015 16.0
1021 11017 9.0
11017 1021 9.0
1021 11096 31.0
11096 1021 31.0
1021 11016 2.0
11016 1021 2.0
1021 10967 19.0
10967 1021 19.0
11018 11019 9.0
11019 11018 9.0
11018 11086 27.0
11086 11018 27.0
2181 11019 32.0
11019 2181 32.0
2181 11000 2.0
11000 2181 2.0
11020 11021 31.0
11021 11020 31.0
4253 11021 31.0
11021 4253 31.0
4253 11008 1.0
11008 4253 1.0
3392 11172 51.0
11172 3392 51.0
3392 10947 30.0
10947 3392 30.0
372 11130 41.0
11130 372 41.0
372 10945 31.0
10945 372 31.0
11022 11023 8.0
11023 11022 8.0
11022 11042 8.0
11042 11022 8.0
11023 11024 38.0
11024 11023 38.0
11024 11043 8.0
11043 11024 8.0
3778 11025 40.0
11025 3778 40.0
3778 11044 8.0
11044 3778 8.0
3778 11024 13.0
11024 3778 13.0
436 11029 28.0
11029 436 28.0
436 10946 41.0
10946 436 41.0
436 10938 41.0
10938 436 41.0
11026 11027 3.0
11027 11026 3.0
11026 11142 39.0
11142 11026 39.0
11027 11028 2.0
11028 11027 2.0
11027 11143 39.0
11143 11027 39.0
11028 11144 39.0
11144 11028 39.0
4121 11028 13.0
11028 4121 13.0
4121 10926 48.0
10926 4121 48.0
483 11030 22.0
11030 483 22.0
483 11035 24.0
11035 483 24.0
483 11029 3.0
11029 483 3.0
11030 11035 2.0
11035 11030 2.0
11031 11032 2.0
11032 11031 2.0
4336 11033 6.0
11033 4336 6.0
4336 11164 42.0
11164 4336 42.0
4336 11032 59.0
11032 4336 59.0
4336 10887 60.0
10887 4336 60.0
11033 11034 7.0
11034 11033 7.0
11033 11165 42.0
11165 11033 42.0
11034 11166 42.0
11166 11034 42.0
522 11037 1.0
11037 522 1.0
522 11035 8.0
11035 522 8.0
268 11036 19.0
11036 268 19.0
11037 11205 58.0
11205 11037 58.0
566 11063 12.0
11063 566 12.0
566 11037 31.0
11037 566 31.0
11038 11039 3.0
11039 11038 3.0
11039 11040 37.0
11040 11039 37.0
11039 11056 7.0
11056 11039 7.0
11040 11057 7.0
11057 11040 7.0
1725 11103 22.0
11103 1725 22.0
1725 11040 11.0
11040 1725 11.0
2947 11167 39.0
11167 2947 39.0
2947 3020 60.0
3020 2947 60.0
11041 11042 19.0
11042 11041 19.0
11041 11198 52.0
11198 11041 52.0
3703 11043 38.0
11043 3703 38.0
3703 11051 4.0
11051 3703 4.0
3703 11042 8.0
11042 3703 8.0
3703 11023 8.0
11023 3703 8.0
11043 11044 13.0
11044 11043 13.0
11043 11052 4.0
11052 11043 4.0
11044 11053 4.0
11053 11044 4.0
11045 11047 45.0
11047 11045 45.0
723 11046 30.0
11046 723 30.0
723 11048 2.0
11048 723 2.0
723 11045 8.0
11045 723 8.0
11047 11048 51.0
11048 11047 51.0
765 11049 4.0
11049 765 4.0
765 11071 12.0
11071 765 12.0
765 11048 30.0
11048 765 30.0
765 11046 2.0
11046 765 2.0
11049 11050 36.0
11050 11049 36.0
11049 11072 12.0
11072 11049 12.0
2724 11081 12.0
11081 2724 12.0
2724 10970 37.0
10970 2724 37.0
2724 10971 33.0
10971 2724 33.0
11051 11052 38.0
11052 11051 38.0
11051 11199 48.0
11199 11051 48.0
11052 11053 13.0
11053 11052 13.0
3832 11054 18.0
11054 3832 18.0
3832 11180 41.0
11180 3832 41.0
3832 11053 40.0
11053 3832 40.0
3832 11025 12.0
11025 3832 12.0
4307 11145 29.0
11145 4307 29.0
4307 11031 8.0
11031 4307 8.0
11055 11066 9.0
11066 11055 9.0
11055 11065 16.0
11065 11055 16.0
1633 11056 3.0
11056 1633 3.0
1633 11100 15.0
11100 1633 15.0
1633 11055 4.0
11055 1633 4.0
1633 11038 7.0
11038 1633 7.0
11056 11057 37.0
11057 11056 37.0
11056 11101 15.0
11101 11056 15.0
11057 11102 15.0
11102 11057 15.0
11058 11061 1.0
11061 11058 1.0
1305 11059 31.0
11059 1305 31.0
1305 11062 1.0
11062 1305 1.0
1305 11058 21.0
11058 1305 21.0
11060 11061 48.0
11061 11060 48.0
11060 11149 26.0
11149 11060 26.0
11060 11146 28.0
11146 11060 28.0
11061 11062 21.0
11062 11061 21.0
11061 11150 26.0
11150 11061 26.0
11062 11160 29.0
11160 11062 29.0
1369 11240 52.0
11240 1369 52.0
1369 11062 31.0
11062 1369 31.0
1369 11059 1.0
11059 1369 1.0
11063 11064 38.0
11064 11063 38.0
11063 11168 30.0
11168 11063 30.0
644 11064 12.0
11064 644 12.0
644 11047 6.0
11047 644 6.0
1563 11065 29.0
11065 1563 29.0
1563 11097 6.0
11097 1563 6.0
1563 11114 35.0
11114 1563 35.0
11065 11066 7.0
11066 11065 7.0
11065 11098 6.0
11098 11065 6.0
11066 11099 6.0
11099 11066 6.0
11067 11068 3.0
11068 11067 3.0
11068 11069 16.0
11069 11068 16.0
11068 11138 18.0
11138 11068 18.0
11069 11139 18.0
11139 11069 18.0
3156 11070 28.0
11070 3156 28.0
3156 11216 42.0
11216 3156 42.0
3156 11069 33.0
11069 3156 33.0
3156 10974 43.0
10974 3156 43.0
11071 11072 4.0
11072 11071 4.0
11072 11073 15.0
11073 11072 15.0
11073 11074 18.0
11074 11073 18.0
11074 11108 12.0
11108 11074 12.0
829 11075 2.0
11075 829 2.0
829 11089 5.0
11089 829 5.0
829 11074 3.0
11074 829 3.0
829 11050 12.0
11050 829 12.0
11075 11076 43.0
11076 11075 43.0
11075 11090 5.0
11090 11075 5.0
11076 11077 5.0
11077 11076 5.0
11076 11091 5.0
11091 11076 5.0
11077 11092 5.0
11092 11077 5.0
11078 11079 4.0
11079 11078 4.0
11078 11129 15.0
11129 11078 15.0
11079 11080 38.0
11080 11079 38.0
11080 11081 11.0
11081 11080 11.0
2817 11081 50.0
11081 2817 50.0
3549 11082 17.0
11082 3549 17.0
3549 11220 42.0
11220 3549 42.0
3549 11001 28.0
11001 3549 28.0
11082 11083 32.0
11083 11082 32.0
11082 11221 42.0
11221 11082 42.0
11083 11197 36.0
11197 11083 36.0
11084 11085 9.0
11085 11084 9.0
11085 11123 12.0
11123 11085 12.0
2069 11086 21.0
11086 2069 21.0
2069 11124 12.0
11124 2069 12.0
2069 11085 33.0
11085 2069 33.0
11086 11125 12.0
11125 11086 12.0
11087 11088 36.0
11088 11087 36.0
11087 11106 7.0
11106 11087 7.0
11088 11107 7.0
11107 11088 7.0
2433 11231 43.0
11231 2433 43.0
2433 11088 3.0
11088 2433 3.0
2433 2439 32.0
2439 2433 32.0
4206 11020 28.0
11020 4206 28.0
11089 11090 2.0
11090 11089 2.0
11089 11109 7.0
11109 11089 7.0
11090 11091 43.0
11091 11090 43.0
11091 11092 5.0
11092 11091 5.0
11091 11110 7.0
11110 11091 7.0
11092 11093 3.0
11093 11092 3.0
11093 11094 9.0
11094 11093 9.0
11093 11111 7.0
11111 11093 7.0
11094 11095 7.0
11095 11094 7.0
11094 11112 7.0
11112 11094 7.0
11095 11096 43.0
11096 11095 43.0
11095 11113 7.0
11113 11095 7.0
1033 11185 28.0
11185 1033 28.0
1033 11096 9.0
11096 1033 9.0
1033 11017 31.0
11017 1033 31.0
11097 11098 29.0
11098 11097 29.0
11097 11115 7.0
11115 11097 7.0
11098 11099 7.0
11099 11098 7.0
11098 11116 7.0
11116 11098 7.0
11099 11100 4.0
11100 11099 4.0
11099 11117 7.0
11117 11099 7.0
11100 11101 3.0
11101 11100 3.0
11100 11118 7.0
11118 11100 7.0
11101 11102 37.0
11102 11101 37.0
11101 11119 7.0
11119 11101 7.0
11102 11103 11.0
11103 11102 11.0
11103 11121 7.0
11121 11103 7.0
1813 11104 35.0
11104 1813 35.0
1813 11122 7.0
11122 1813 7.0
1813 11103 50.0
11103 1813 50.0
11104 11105 5.0
11105 11104 5.0
11104 11136 12.0
11136 11104 12.0
2360 11106 12.0
11106 2360 12.0
2360 11327 63.0
11327 2360 63.0
2360 11087 19.0
11087 2360 19.0
11106 11107 36.0
11107 11106 36.0
11106 11328 63.0
11328 11106 63.0
11107 11230 36.0
11230 11107 36.0
11108 11109 3.0
11109 11108 3.0
11108 11148 7.0
11148 11108 7.0
11109 11110 45.0
11110 11109 45.0
914 11111 3.0
11111 914 3.0
914 11182 21.0
11182 914 21.0
914 11110 5.0
11110 914 5.0
914 11092 7.0
11092 914 7.0
11111 11112 9.0
11112 11111 9.0
11111 11183 21.0
11183 11111 21.0
11112 11113 7.0
11113 11112 7.0
11112 11184 21.0
11184 11112 21.0
11114 11115 22.0
11115 11114 22.0
11114 11147 6.0
11147 11114 6.0
11115 11116 29.0
11116 11115 29.0
11115 11153 8.0
11153 11115 8.0
11116 11117 7.0
11117 11116 7.0
11117 11118 4.0
11118 11117 4.0
11117 11154 8.0
11154 11117 8.0
11118 11119 3.0
11119 11118 3.0
11118 11155 8.0
11155 11118 8.0
11119 11120 5.0
11120 11119 5.0
11119 11156 8.0
11156 11119 8.0
11120 11157 8.0
11157 11120 8.0
1704 11121 11.0
11121 1704 11.0
1704 11131 5.0
11131 1704 5.0
1704 11120 32.0
11120 1704 32.0
1704 11102 7.0
11102 1704 7.0
11121 11122 50.0
11122 11121 50.0
11121 11132 5.0
11132 11121 5.0
11122 11134 5.0
11134 11122 5.0
286 11036 31.0
11036 286 31.0
11123 11124 33.0
11124 11123 33.0
11123 11181 17.0
11181 11123 17.0
11124 11125 21.0
11125 11124 21.0
11125 11126 8.0
11126 11125 8.0
2127 11188 20.0
11188 2127 20.0
2127 11126 1.0
11126 2127 1.0
2127 11019 39.0
11019 2127 39.0
11127 11128 5.0
11128 11127 5.0
11128 11225 29.0
11225 11128 29.0
3978 11140 4.0
11140 3978 4.0
3978 11128 16.0
11128 3978 16.0
2607 11129 19.0
11129 2607 19.0
2607 11176 13.0
11176 2607 13.0
2607 11175 19.0
11175 2607 19.0
2607 11078 34.0
11078 2607 34.0
11129 11177 13.0
11177 11129 13.0
382 11130 9.0
11130 382 9.0
11131 11132 11.0
11132 11131 11.0
11131 11210 24.0
11210 11131 24.0
11132 11133 6.0
11133 11132 6.0
11133 11134 44.0
11134 11133 44.0
11134 11135 7.0
11135 11134 7.0
11134 11349 57.0
11349 11134 57.0
11135 11136 28.0
11136 11135 28.0
1882 11355 59.0
11355 1882 59.0
1882 11136 5.0
11136 1882 5.0
1882 11105 12.0
11105 1882 12.0
11137 11171 21.0
11171 11137 21.0
3064 11138 3.0
11138 3064 3.0
3064 11213 24.0
11213 3064 24.0
3064 11137 28.0
11137 3064 28.0
3064 11067 18.0
11067 3064 18.0
11138 11139 16.0
11139 11138 16.0
11138 11214 24.0
11214 11138 24.0
11139 11215 24.0
11215 11139 24.0
11140 11141 40.0
11141 11140 40.0
11140 11194 18.0
11194 11140 18.0
4079 11142 14.0
11142 4079 14.0
4079 11196 18.0
11196 4079 18.0
4079 11141 41.0
11141 4079 41.0
4079 11026 53.0
11026 4079 53.0
11142 11143 3.0
11143 11142 3.0
11142 11203 21.0
11203 11142 21.0
11143 11144 2.0
11144 11143 2.0
11143 11204 21.0
11204 11143 21.0
4287 11145 32.0
11145 4287 32.0
11145 11161 5.0
11161 11145 5.0
1156 11146 20.0
11146 1156 20.0
1156 1192 21.0
1192 1156 21.0
1156 10995 51.0
10995 1156 51.0
1519 11147 10.0
11147 1519 10.0
1519 11151 2.0
11151 1519 2.0
11147 11152 2.0
11152 11147 2.0
791 11148 18.0
11148 791 18.0
791 11280 41.0
11280 791 41.0
791 11071 38.0
11071 791 38.0
791 11073 19.0
11073 791 19.0
1192 11149 3.0
11149 1192 3.0
1192 11158 3.0
11158 1192 3.0
1192 11146 1.0
11146 1192 1.0
11149 11150 48.0
11150 11149 48.0
11149 11159 3.0
11159 11149 3.0
11151 11152 10.0
11152 11151 10.0
11151 11173 8.0
11173 11151 8.0
11152 11153 22.0
11153 11152 22.0
1610 11154 7.0
11154 1610 7.0
1610 11206 21.0
11206 1610 21.0
1610 11153 29.0
11153 1610 29.0
1610 11116 8.0
11116 1610 8.0
11154 11155 4.0
11155 11154 4.0
11154 11207 21.0
11207 11154 21.0
11155 11156 3.0
11156 11155 3.0
11155 11208 21.0
11208 11155 21.0
11156 11157 5.0
11157 11156 5.0
11156 11209 21.0
11209 11156 21.0
11158 11159 3.0
11159 11158 3.0
11158 11268 37.0
11268 11158 37.0
11159 11269 37.0
11269 11159 37.0
1273 11160 21.0
11160 1273 21.0
1273 11237 23.0
11237 1273 23.0
1273 11159 48.0
11159 1273 48.0
1273 11150 3.0
11150 1273 3.0
11160 11238 23.0
11238 11160 23.0
11161 11162 8.0
11162 11161 8.0
11162 11163 18.0
11163 11162 18.0
11163 11164 35.0
11164 11163 35.0
11163 11179 6.0
11179 11163 6.0
11164 11165 6.0
11165 11164 6.0
11165 11166 7.0
11166 11165 7.0
11166 11342 49.0
11342 11166 49.0
4365 11414 72.0
11414 4365 72.0
4365 11166 26.0
11166 4365 26.0
2928 11167 12.0
11167 2928 12.0
11167 11170 1.0
11170 11167 1.0
11168 11169 25.0
11169 11168 25.0
11168 11219 18.0
11219 11168 18.0
11169 11228 19.0
11228 11169 19.0
622 11169 13.0
11169 622 13.0
622 11064 30.0
11064 622 30.0
11170 11229 19.0
11229 11170 19.0
2963 11171 19.0
11171 2963 19.0
2963 11211 17.0
11211 2963 17.0
2963 11170 8.0
11170 2963 8.0
11171 11212 17.0
11212 11171 17.0
11172 11189 19.0
11189 11172 19.0
3412 11193 9.0
11193 3412 9.0
3412 11172 18.0
11172 3412 18.0
11173 11241 28.0
11241 11173 28.0
1534 11247 19.0
11247 1534 19.0
1534 11173 10.0
11173 1534 10.0
1534 11152 8.0
11152 1534 8.0
11174 11175 7.0
11175 11174 7.0
11174 11234 16.0
11234 11174 16.0
11175 11176 6.0
11176 11175 6.0
11175 11235 16.0
11235 11175 16.0
11176 11177 19.0
11177 11176 19.0
11176 11236 16.0
11236 11176 16.0
11177 11178 18.0
11178 11177 18.0
11178 11261 28.0
11261 11178 28.0
2706 11178 24.0
11178 2706 24.0
2706 11080 28.0
11080 2706 28.0
4311 11179 18.0
11179 4311 18.0
4311 11339 43.0
11339 4311 43.0
4311 11161 14.0
11161 4311 14.0
4311 11162 6.0
11162 4311 6.0
11179 11340 43.0
11340 11179 43.0
11180 11202 31.0
11202 11180 31.0
3854 11289 34.0
11289 3854 34.0
3854 11180 18.0
11180 3854 18.0
3854 11054 41.0
11054 3854 41.0
1992 11181 9.0
11181 1992 9.0
1992 11186 3.0
11186 1992 3.0
1992 11084 29.0
11084 1992 29.0
11181 11187 3.0
11187 11181 3.0
284 286 21.0
286 284 21.0
11182 11183 3.0
11183 11182 3.0
11182 11370 49.0
11370 11182 49.0
11182 11282 40.0
11282 11182 40.0
11183 11184 9.0
11184 11183 9.0
11183 11371 49.0
11371 11183 49.0
11184 11372 49.0
11372 11184 49.0
945 11185 52.0
11185 945 52.0
945 11373 49.0
11373 945 49.0
945 11184 7.0
11184 945 7.0
945 11113 21.0
11113 945 21.0
11186 11187 9.0
11187 11186 9.0
2126 11188 1.0
11188 2126 1.0
2126 11248 22.0
11248 2126 22.0
2126 11187 62.0
11187 2126 62.0
2126 11126 20.0
11126 2126 20.0
11188 11249 22.0
11249 11188 22.0
3276 11189 51.0
11189 3276 51.0
3276 11191 2.0
11191 3276 2.0
3276 11190 13.0
11190 3276 13.0
347 11130 40.0
11130 347 40.0
11190 11191 11.0
11191 11190 11.0
11190 11217 6.0
11217 11190 6.0
11191 11192 19.0
11192 11191 19.0
11191 11271 24.0
11271 11191 24.0
11192 11272 24.0
11272 11192 24.0
3366 11193 30.0
11193 3366 30.0
3366 11273 24.0
11273 3366 24.0
3366 11192 32.0
11192 3366 32.0
3366 11189 2.0
11189 3366 2.0
11193 11275 24.0
11275 11193 24.0
11194 11195 17.0
11195 11194 17.0
11194 11226 19.0
11226 11194 19.0
11195 11293 28.0
11293 11195 28.0
4038 11196 41.0
11196 4038 41.0
4038 11195 23.0
11195 4038 23.0
4038 11141 18.0
11141 4038 18.0
11196 11203 17.0
11203 11196 17.0
11197 11198 26.0
11198 11197 26.0
11198 11199 27.0
11199 11198 27.0
11198 11222 6.0
11222 11198 6.0
11199 11200 7.0
11200 11199 7.0
11199 11223 6.0
11223 11199 6.0
11200 11201 19.0
11201 11200 19.0
11200 11224 6.0
11224 11200 6.0
11201 11286 27.0
11286 11201 27.0
3760 11202 29.0
11202 3760 29.0
3760 11287 27.0
11287 3760 27.0
3760 11201 12.0
11201 3760 12.0
3760 11052 48.0
11052 3760 48.0
11202 11288 27.0
11288 11202 27.0
11203 11204 3.0
11204 11203 3.0
4108 11204 2.0
11204 4108 2.0
4108 11144 21.0
11144 4108 21.0
478 11205 33.0
11205 478 33.0
478 11218 35.0
11218 478 35.0
478 11029 61.0
11029 478 61.0
11205 11218 2.0
11218 11205 2.0
11206 11207 7.0
11207 11206 7.0
11206 11325 30.0
11325 11206 30.0
11206 11322 30.0
11322 11206 30.0
11207 11208 4.0
11208 11207 4.0
11207 11326 30.0
11326 11207 30.0
11208 11209 3.0
11209 11208 3.0
1648 11210 32.0
11210 1648 32.0
1648 11346 33.0
11346 1648 33.0
1648 11209 5.0
11209 1648 5.0
1648 11157 21.0
11157 1648 21.0
11210 11347 33.0
11347 11210 33.0
11211 11212 19.0
11212 11211 19.0
11211 11255 14.0
11255 11211 14.0
11212 11213 42.0
11213 11212 42.0
11213 11214 3.0
11214 11213 3.0
11213 11256 14.0
11256 11213 14.0
11214 11215 16.0
11215 11214 16.0
11214 11265 17.0
11265 11214 17.0
11215 11216 33.0
11216 11215 33.0
3206 11217 40.0
11217 3206 40.0
3206 11267 17.0
11267 3206 17.0
3206 11216 28.0
11216 3206 28.0
3206 11070 42.0
11070 3206 42.0
11217 11270 18.0
11270 11217 18.0
548 11219 13.0
11219 548 13.0
548 11227 14.0
11227 548 14.0
548 11218 18.0
11218 548 18.0
11219 11227 1.0
11227 11219 1.0
11220 11221 17.0
11221 11220 17.0
11220 11278 17.0
11278 11220 17.0
11221 11279 17.0
11279 11221 17.0
3624 11222 26.0
11222 3624 26.0
3624 11299 23.0
11299 3624 23.0
3624 11221 32.0
11221 3624 32.0
3624 11197 6.0
11197 3624 6.0
11222 11223 27.0
11223 11222 27.0
11222 11301 23.0
11301 11222 23.0
11223 11224 7.0
11224 11223 7.0
11223 11302 23.0
11302 11223 23.0
3950 11225 5.0
11225 3950 5.0
3950 11291 21.0
11291 3950 21.0
3950 11127 29.0
11127 3950 29.0
11225 11226 4.0
11226 11225 4.0
11225 11292 21.0
11292 11225 21.0
579 11228 18.0
11228 579 18.0
579 11227 7.0
11227 579 7.0
11228 11395 43.0
11395 11228 43.0
2892 11229 33.0
11229 2892 33.0
2892 11252 12.0
11252 2892 12.0
2892 11251 14.0
11251 2892 14.0
2892 2928 41.0
2928 2892 41.0
11229 11253 12.0
11253 11229 12.0
11230 11231 3.0
11231 11230 3.0
11231 11232 25.0
11232 11231 25.0
11232 11233 20.0
11233 11232 20.0
11232 11330 27.0
11330 11232 27.0
11233 11331 27.0
11331 11233 27.0
2536 11234 28.0
11234 2536 28.0
2536 11257 12.0
11257 2536 12.0
2536 11233 14.0
11233 2536 14.0
2536 11174 44.0
11174 2536 44.0
11234 11235 7.0
11235 11234 7.0
11234 11258 12.0
11258 11234 12.0
11235 11236 6.0
11236 11235 6.0
11235 11259 12.0
11259 11235 12.0
11236 11260 12.0
11260 11236 12.0
11237 11238 21.0
11238 11237 21.0
11237 11243 2.0
11243 11237 2.0
11237 11242 15.0
11242 11237 15.0
11238 11239 27.0
11239 11238 27.0
11239 11240 4.0
11240 11239 4.0
11239 11244 2.0
11244 11239 2.0
1397 11241 60.0
11241 1397 60.0
1397 11245 2.0
11245 1397 2.0
1397 11240 18.0
11240 1397 18.0
11242 11243 13.0
11243 11242 13.0
11242 11314 22.0
11314 11242 22.0
11243 11244 48.0
11244 11243 48.0
11243 11315 22.0
11315 11243 22.0
11244 11245 22.0
11245 11244 22.0
11244 11316 22.0
11316 11244 22.0
11245 11246 38.0
11246 11245 38.0
11245 11317 22.0
11317 11245 22.0
11246 11318 22.0
11318 11246 22.0
1502 11247 21.0
11247 1502 21.0
1502 11320 22.0
11320 1502 22.0
1502 11246 22.0
11246 1502 22.0
1502 11241 2.0
11241 1502 2.0
11247 11321 22.0
11321 11247 22.0
11248 11249 1.0
11249 11248 1.0
11248 11283 6.0
11283 11248 6.0
11249 11250 17.0
11250 11249 17.0
2203 11295 9.0
11295 2203 9.0
2203 11250 31.0
11250 2203 31.0
11251 11252 2.0
11252 11251 2.0
11251 11333 16.0
11333 11251 16.0
11252 11253 33.0
11253 11252 33.0
11252 11377 28.0
11377 11252 28.0
11253 11254 5.0
11254 11253 5.0
11253 11378 28.0
11378 11253 28.0
11254 11255 3.0
11255 11254 3.0
2995 11256 42.0
11256 2995 42.0
2995 11262 3.0
11262 2995 3.0
2995 11255 19.0
11255 2995 19.0
2995 11212 14.0
11212 2995 14.0
11256 11264 3.0
11264 11256 3.0
1043 11397 30.0
11397 1043 30.0
1043 11185 31.0
11185 1043 31.0
11257 11258 28.0
11258 11257 28.0
11257 11332 15.0
11332 11257 15.0
11258 11259 7.0
11259 11258 7.0
11259 11260 6.0
11260 11259 6.0
11259 11390 29.0
11390 11259 29.0
2636 11261 18.0
11261 2636 18.0
2636 11391 29.0
11391 2636 29.0
2636 11260 19.0
11260 2636 19.0
2636 11177 28.0
11177 2636 28.0
11262 11263 19.0
11263 11262 19.0
11262 11417 37.0
11417 11262 37.0
11263 11264 23.0
11264 11263 23.0
11264 11265 3.0
11265 11264 3.0
11264 11421 39.0
11421 11264 39.0
11265 11266 2.0
11266 11265 2.0
11265 11422 39.0
11422 11265 39.0
11266 11423 39.0
11423 11266 39.0
3106 11267 61.0
11267 3106 61.0
3106 11266 14.0
11266 3106 14.0
3106 11215 17.0
11215 3106 17.0
11267 11270 41.0
11270 11267 41.0
1154 11268 22.0
11268 1154 22.0
11268 11269 3.0
11269 11268 3.0
11268 11323 14.0
11323 11268 14.0
11269 11323 11.0
11323 11269 11.0
11270 11271 11.0
11271 11270 11.0
11271 11272 19.0
11272 11271 19.0
11271 11284 4.0
11284 11271 4.0
11272 11273 32.0
11273 11272 32.0
11272 11285 4.0
11285 11272 4.0
11273 11274 7.0
11274 11273 7.0
11273 11351 15.0
11351 11273 15.0
11274 11275 23.0
11275 11274 23.0
11274 11406 29.0
11406 11274 29.0
11275 11276 28.0
11276 11275 28.0
11276 11277 38.0
11277 11276 38.0
11276 11334 12.0
11334 11276 12.0
11277 11335 12.0
11335 11277 12.0
3514 11278 22.0
11278 3514 22.0
3514 11296 6.0
11296 3514 6.0
3514 11277 4.0
11277 3514 4.0
3514 11220 39.0
11220 3514 39.0
11278 11279 17.0
11279 11278 17.0
11278 11297 6.0
11297 11278 6.0
11279 11298 6.0
11298 11279 6.0
11280 11281 15.0
11281 11280 15.0
11281 11304 8.0
11304 11281 8.0
823 11282 40.0
11282 823 40.0
823 11305 8.0
11305 823 8.0
823 11281 3.0
11281 823 3.0
823 11148 41.0
11148 823 41.0
2004 11283 62.0
11283 2004 62.0
2004 11359 18.0
11359 2004 18.0
2004 11186 37.0
11186 2004 37.0
2004 11187 28.0
11187 2004 28.0
11283 11294 19.0
11294 11283 19.0
3264 11284 11.0
11284 3264 11.0
3264 11350 22.0
11350 3264 22.0
3264 11270 4.0
11270 3264 4.0
11284 11285 19.0
11285 11284 19.0
11284 11350 11.0
11350 11284 11.0
11286 11287 12.0
11287 11286 12.0
11286 11303 2.0
11303 11286 2.0
11287 11288 29.0
11288 11287 29.0
11287 11312 5.0
11312 11287 5.0
11288 11289 42.0
11289 11288 42.0
11289 11290 58.0
11290 11289 58.0
11290 11291 13.0
11291 11290 13.0
11290 11392 22.0
11392 11290 22.0
11291 11292 5.0
11292 11291 5.0
3966 11293 29.0
11293 3966 29.0
3966 11393 22.0
11393 3966 22.0
3966 11292 4.0
11292 3966 4.0
3966 11226 21.0
11226 3966 21.0
2157 11295 31.0
11295 2157 31.0
2157 11467 51.0
11467 2157 51.0
2157 11294 2.0
11294 2157 2.0
2157 11250 9.0
11250 2157 9.0
11295 11360 63.0
11360 11295 63.0
11296 11297 22.0
11297 11296 22.0
11296 11336 6.0
11336 11296 6.0
11297 11298 17.0
11298 11297 17.0
11297 11337 6.0
11337 11297 6.0
11298 11299 32.0
11299 11298 32.0
11298 11306 3.0
11306 11298 3.0
11299 11300 7.0
11300 11299 7.0
11299 11307 3.0
11307 11299 3.0
11300 11301 19.0
11301 11300 19.0
11300 11308 3.0
11308 11300 3.0
11301 11302 27.0
11302 11301 27.0
11301 11309 3.0
11309 11301 3.0
3715 11303 19.0
11303 3715 19.0
3715 11310 3.0
11310 3715 3.0
3715 11302 7.0
11302 3715 7.0
3715 11224 23.0
11224 3715 23.0
11303 11311 3.0
11311 11303 3.0
760 11304 38.0
11304 760 38.0
760 11473 50.0
11473 760 50.0
760 11472 61.0
11472 760 61.0
760 11280 31.0
11280 760 31.0
11304 11305 3.0
11305 11304 3.0
11304 11367 14.0
11367 11304 14.0
11305 11368 14.0
11368 11305 14.0
11306 11307 32.0
11307 11306 32.0
11307 11308 7.0
11308 11307 7.0
11307 11338 3.0
11338 11307 3.0
11308 11309 19.0
11309 11308 19.0
11308 11399 18.0
11399 11308 18.0
11309 11310 34.0
11310 11309 34.0
11309 11400 18.0
11400 11309 18.0
11310 11311 19.0
11311 11310 19.0
11310 11401 18.0
11401 11310 18.0
11311 11312 12.0
11312 11311 12.0
11312 11313 16.0
11313 11312 16.0
11313 11402 18.0
11402 11313 18.0
3804 11313 13.0
11313 3804 13.0
3804 11288 5.0
11288 3804 5.0
11314 11315 13.0
11315 11314 13.0
11314 11324 1.0
11324 11314 1.0
11315 11316 48.0
11316 11315 48.0
11316 11317 22.0
11317 11316 22.0
11316 11374 13.0
11374 11316 13.0
11317 11318 38.0
11318 11317 38.0
11317 11380 15.0
11380 11317 15.0
11318 11319 19.0
11319 11318 19.0
11319 11320 3.0
11320 11319 3.0
11319 11404 18.0
11404 11319 18.0
11320 11321 21.0
11321 11320 21.0
1545 11322 41.0
11322 1545 41.0
1545 1608 43.0
1608 1545 43.0
1545 11321 8.0
11321 1545 8.0
1209 11324 30.0
11324 1209 30.0
1209 1254 42.0
1254 1209 42.0
1209 11323 5.0
11323 1209 5.0
1608 11325 2.0
11325 1608 2.0
1608 11343 3.0
11343 1608 3.0
1608 11322 2.0
11322 1608 2.0
11325 11326 7.0
11326 11325 7.0
11325 11344 3.0
11344 11325 3.0
11326 11345 3.0
11345 11326 3.0
11327 11328 12.0
11328 11327 12.0
11327 11361 8.0
11361 11327 8.0
11328 11329 4.0
11329 11328 4.0
11328 11362 8.0
11362 11328 8.0
11329 11363 8.0
11363 11329 8.0
2425 11330 28.0
11330 2425 28.0
2425 11385 14.0
11385 2425 14.0
2425 11329 32.0
11329 2425 32.0
2425 11230 27.0
11230 2425 27.0
11330 11331 20.0
11331 11330 20.0
11330 11386 14.0
11386 11330 14.0
11331 11332 14.0
11332 11331 14.0
11331 11387 14.0
11387 11331 14.0
11332 11388 14.0
11388 11332 14.0
2829 11333 40.0
11333 2829 40.0
2829 11376 12.0
11376 2829 12.0
2829 11375 13.0
11375 2829 13.0
11334 11335 38.0
11335 11334 38.0
11335 11336 4.0
11336 11335 4.0
11335 11408 17.0
11408 11335 17.0
11336 11337 22.0
11337 11336 22.0
3573 11338 32.0
11338 3573 32.0
3573 11455 42.0
11455 3573 42.0
3573 11337 17.0
11337 3573 17.0
3573 11306 3.0
11306 3573 3.0
11338 11398 15.0
11398 11338 15.0
11339 11340 18.0
11340 11339 18.0
11339 11364 9.0
11364 11339 9.0
11340 11341 39.0
11341 11340 39.0
11341 11365 9.0
11365 11341 9.0
4344 11342 7.0
11342 4344 7.0
4344 11366 9.0
11366 4344 9.0
4344 11341 2.0
11341 4344 2.0
4344 11165 49.0
11165 4344 49.0
11342 11412 23.0
11412 11342 23.0
11343 11344 2.0
11344 11343 2.0
11343 11440 27.0
11440 11343 27.0
11344 11345 7.0
11345 11344 7.0
11344 11441 27.0
11441 11344 27.0
11345 11346 12.0
11346 11345 12.0
11346 11347 32.0
11347 11346 32.0
11347 11348 15.0
11348 11347 15.0
11348 11352 2.0
11352 11348 2.0
1735 11349 44.0
11349 1735 44.0
1735 11353 2.0
11353 1735 2.0
1735 11348 2.0
11348 1735 2.0
1735 11133 57.0
11133 1735 57.0
11349 11354 2.0
11354 11349 2.0
3309 11351 32.0
11351 3309 32.0
3309 11350 19.0
11350 3309 19.0
3309 11285 11.0
11285 3309 11.0
11351 11405 14.0
11405 11351 14.0
11352 11353 2.0
11353 11352 2.0
11352 11442 25.0
11442 11352 25.0
11353 11354 44.0
11354 11353 44.0
1825 11355 33.0
11355 1825 33.0
1825 11356 3.0
11356 1825 3.0
1825 11354 7.0
11354 1825 7.0
1825 11135 59.0
11135 1825 59.0
11355 11357 3.0
11357 11355 3.0
11356 11357 33.0
11357 11356 33.0
11356 11424 36.0
11424 11356 36.0
11357 11358 6.0
11358 11357 6.0
11357 11425 19.0
11425 11357 19.0
1949 11359 31.0
11359 1949 31.0
1949 11358 42.0
11358 1949 42.0
2353 11361 3.0
11361 2353 3.0
2353 11381 6.0
11381 2353 6.0
2353 11360 32.0
11360 2353 32.0
2353 11327 11.0
11327 2353 11.0
11361 11362 12.0
11362 11361 12.0
11361 11382 6.0
11382 11361 6.0
11362 11363 4.0
11363 11362 4.0
11362 11383 6.0
11383 11362 6.0
11363 11384 6.0
11384 11363 6.0
11364 11484 39.0
11484 11364 39.0
4325 11365 39.0
11365 4325 39.0
4325 11485 39.0
11485 4325 39.0
4325 11364 18.0
11364 4325 18.0
4325 11340 9.0
11340 4325 9.0
11365 11366 2.0
11366 11365 2.0
11365 11443 22.0
11443 11365 22.0
11366 11411 14.0
11411 11366 14.0
11367 11368 3.0
11368 11367 3.0
11367 11474 36.0
11474 11367 36.0
11368 11369 37.0
11369 11368 37.0
11368 11501 49.0
11501 11368 49.0
11369 11458 32.0
11458 11369 32.0
883 11370 13.0
11370 883 13.0
883 11459 32.0
11459 883 32.0
883 11369 3.0
11369 883 3.0
883 11282 22.0
11282 883 22.0
11370 11371 3.0
11371 11370 3.0
11370 11460 32.0
11460 11370 32.0
11371 11372 9.0
11372 11371 9.0
11371 11461 32.0
11461 11371 32.0
11372 11373 7.0
11373 11372 7.0
11372 11462 32.0
11462 11372 32.0
11373 11446 29.0
11446 11373 29.0
1254 11374 61.0
11374 1254 61.0
1254 11379 61.0
11379 1254 61.0
1254 11324 12.0
11324 1254 12.0
11375 11376 1.0
11376 11375 1.0
2887 11377 2.0
11377 2887 2.0
2887 11415 14.0
11415 2887 14.0
2887 11376 40.0
11376 2887 40.0
2887 11333 12.0
11333 2887 12.0
11377 11378 33.0
11378 11377 33.0
11377 11415 12.0
11415 11377 12.0
11378 11416 12.0
11416 11378 12.0
11379 11475 34.0
11475 11379 34.0
1360 11380 22.0
11380 1360 22.0
1360 11476 34.0
11476 1360 34.0
1360 11379 2.0
11379 1360 2.0
1360 11374 2.0
11374 1360 2.0
11380 11403 3.0
11403 11380 3.0
11381 11382 3.0
11382 11381 3.0
11381 11436 15.0
11436 11381 15.0
11382 11383 12.0
11383 11382 12.0
11382 11437 15.0
11437 11382 15.0
11383 11384 4.0
11384 11383 4.0
11383 11438 15.0
11438 11383 15.0
11384 11385 32.0
11385 11384 32.0
11384 11426 13.0
11426 11384 13.0
11385 11386 28.0
11386 11385 28.0
11385 11427 13.0
11427 11385 13.0
11386 11387 20.0
11387 11386 20.0
11386 11428 13.0
11428 11386 13.0
11387 11388 14.0
11388 11387 14.0
11387 11429 13.0
11429 11387 13.0
11388 11389 7.0
11389 11388 7.0
11388 11430 13.0
11430 11388 13.0
11389 11431 13.0
11431 11389 13.0
2579 11390 7.0
11390 2579 7.0
2579 11432 13.0
11432 2579 13.0
2579 11389 21.0
11389 2579 21.0
2579 11258 29.0
11258 2579 29.0
11390 11391 25.0
11391 11390 25.0
11390 11433 13.0
11433 11390 13.0
11391 11434 13.0
11434 11391 13.0
11392 11393 22.0
11393 11392 22.0
11393 11394 28.0
11394 11393 28.0
4005 11394 1.0
11394 4005 1.0
4005 11293 22.0
11293 4005 22.0
11395 11396 28.0
11396 11395 28.0
11396 11409 8.0
11409 11396 8.0
666 11410 8.0
11410 666 8.0
666 11396 13.0
11396 666 13.0
11397 11448 21.0
11448 11397 21.0
1056 11397 8.0
11397 1056 8.0
11398 11399 7.0
11399 11398 7.0
11398 11456 27.0
11456 11398 27.0
11399 11400 19.0
11400 11399 19.0
11400 11401 34.0
11401 11400 34.0
11400 11457 27.0
11457 11400 27.0
3745 11402 28.0
11402 3745 28.0
3745 11586 62.0
11586 3745 62.0
3745 11401 19.0
11401 3745 19.0
3745 11311 18.0
11311 3745 18.0
11402 11542 54.0
11542 11402 54.0
11403 11477 31.0
11477 11403 31.0
1463 11404 19.0
11404 1463 19.0
1463 11479 31.0
11479 1463 31.0
1463 11403 38.0
11403 1463 38.0
1463 11318 18.0
11318 1463 18.0
11405 11406 7.0
11406 11405 7.0
11405 11418 12.0
11418 11405 12.0
11406 11407 48.0
11407 11406 48.0
11407 11419 8.0
11419 11407 8.0
3458 11408 38.0
11408 3458 38.0
3458 11495 42.0
11495 3458 42.0
3458 11407 3.0
11407 3458 3.0
3458 11334 17.0
11334 3458 17.0
2022 11464 24.0
11464 2022 24.0
2022 11359 21.0
11359 2022 21.0
3930 11469 23.0
11469 3930 23.0
3930 11468 25.0
11468 3930 25.0
3930 11392 7.0
11392 3930 7.0
607 11409 28.0
11409 607 28.0
607 11556 50.0
11556 607 50.0
607 11395 8.0
11395 607 8.0
11409 11410 13.0
11410 11409 13.0
11409 11470 23.0
11470 11409 23.0
11410 11471 23.0
11471 11410 23.0
11411 11412 7.0
11412 11411 7.0
11411 11444 8.0
11444 11411 8.0
11412 11413 2.0
11413 11412 2.0
11413 11414 24.0
11414 11413 24.0
4380 11414 27.0
11414 4380 27.0
11415 11416 33.0
11416 11415 33.0
2955 11417 22.0
11417 2955 22.0
2955 11420 24.0
11420 2955 24.0
2955 11416 5.0
11416 2955 5.0
2955 11254 40.0
11254 2955 40.0
11417 11420 2.0
11420 11417 2.0
11418 11589 53.0
11589 11418 53.0
3384 11419 48.0
11419 3384 48.0
3384 11590 53.0
11590 3384 53.0
3384 11418 3.0
11418 3384 3.0
3384 11406 8.0
11406 3384 8.0
11419 11494 34.0
11494 11419 34.0
3029 11421 23.0
11421 3029 23.0
3029 11520 64.0
11520 3029 64.0
3029 11420 19.0
11420 3029 19.0
3029 11263 39.0
11263 3029 39.0
11421 11422 3.0
11422 11421 3.0
11421 11520 41.0
11520 11421 41.0
11422 11423 2.0
11423 11422 2.0
11422 11521 41.0
11521 11422 41.0
11424 11425 16.0
11425 11424 16.0
11424 11536 42.0
11536 11424 42.0
1894 11537 42.0
11537 1894 42.0
1894 11425 6.0
11425 1894 6.0
1894 11358 19.0
11358 1894 19.0
11426 11427 32.0
11427 11426 32.0
11427 11428 28.0
11428 11427 28.0
11427 11439 2.0
11439 11427 2.0
11428 11429 20.0
11429 11428 20.0
11429 11430 14.0
11430 11429 14.0
11429 11449 7.0
11449 11429 7.0
11430 11431 7.0
11431 11430 7.0
11431 11432 21.0
11432 11431 21.0
11432 11433 7.0
11433 11432 7.0
11432 11450 7.0
11450 11432 7.0
11433 11434 25.0
11434 11433 25.0
11433 11451 7.0
11451 11433 7.0
11434 11435 14.0
11435 11434 14.0
11434 11550 44.0
11550 11434 44.0
11435 11551 44.0
11551 11435 44.0
2664 11552 44.0
11552 2664 44.0
2664 11435 4.0
11435 2664 4.0
2664 11261 42.0
11261 2664 42.0
4137 11453 13.0
11453 4137 13.0
4137 11452 16.0
11452 4137 16.0
11436 11437 3.0
11437 11436 3.0
11436 11483 41.0
11483 11436 41.0
11437 11438 12.0
11438 11437 12.0
2385 11439 32.0
11439 2385 32.0
2385 11438 4.0
11438 2385 4.0
2385 11426 2.0
11426 2385 2.0
11440 11441 2.0
11441 11440 2.0
1620 11442 59.0
11442 1620 59.0
1620 11487 20.0
11487 1620 20.0
1620 11441 7.0
11441 1620 7.0
1620 11345 27.0
11345 1620 27.0
11443 11444 2.0
11444 11443 2.0
11444 11445 6.0
11445 11444 6.0
11445 11489 20.0
11489 11445 20.0
4352 11445 3.0
11445 4352 3.0
4352 11413 8.0
11413 4352 8.0
11446 11447 8.0
11447 11446 8.0
11447 11463 10.0
11463 11447 10.0
975 11448 40.0
11448 975 40.0
975 11447 2.0
11447 975 2.0
11449 11454 8.0
11454 11449 8.0
2543 11450 21.0
11450 2543 21.0
2543 11517 29.0
11517 2543 29.0
2543 11449 21.0
11449 2543 21.0
2543 11431 7.0
11431 2543 7.0
11450 11451 7.0
11451 11450 7.0
11450 11548 37.0
11548 11450 37.0
11451 11549 37.0
11549 11451 37.0
2827 11375 29.0
11375 2827 29.0
11452 11453 3.0
11453 11452 3.0
4189 4210 42.0
4210 4189 42.0
4189 11453 60.0
11453 4189 60.0
2477 11454 20.0
11454 2477 20.0
2477 11515 29.0
11515 2477 29.0
2477 11439 41.0
11439 2477 41.0
2477 11428 15.0
11428 2477 15.0
11455 11456 32.0
11456 11455 32.0
11455 11497 30.0
11497 11455 30.0
3634 11457 19.0
11457 3634 19.0
3634 11561 32.0
11561 3634 32.0
3634 11456 7.0
11456 3634 7.0
3634 11399 27.0
11399 3634 27.0
11458 11459 3.0
11459 11458 3.0
11458 11502 17.0
11502 11458 17.0
11459 11460 13.0
11460 11459 13.0
11459 11506 18.0
11506 11459 18.0
11460 11461 3.0
11461 11460 3.0
11460 11507 18.0
11507 11460 18.0
11461 11462 9.0
11462 11461 9.0
11461 11508 18.0
11508 11461 18.0
11462 11509 18.0
11509 11462 18.0
958 11463 8.0
11463 958 8.0
958 11510 18.0
11510 958 18.0
958 11462 14.0
11462 958 14.0
958 11446 10.0
11446 958 10.0
11463 11570 33.0
11570 11463 33.0
11464 11465 8.0
11465 11464 8.0
11464 11511 17.0
11511 11464 17.0
11465 11466 49.0
11466 11465 49.0
11466 11513 17.0
11513 11466 17.0
2153 11467 2.0
11467 2153 2.0
2153 11480 3.0
11480 2153 3.0
2153 11466 12.0
11466 2153 12.0
2153 11294 51.0
11294 2153 51.0
11467 11481 3.0
11481 11467 3.0
11468 11469 2.0
11469 11468 2.0
11468 11545 25.0
11545 11468 25.0
4004 11469 50.0
11469 4004 50.0
4004 11394 30.0
11394 4004 30.0
11470 11471 13.0
11471 11470 13.0
11470 11557 27.0
11557 11470 27.0
11471 11563 29.0
11563 11471 29.0
695 11472 30.0
11472 695 30.0
695 740 31.0
740 695 31.0
695 11471 19.0
11471 695 19.0
740 11473 12.0
11473 740 12.0
740 11498 13.0
11498 740 13.0
740 11472 1.0
11472 740 1.0
11473 11474 38.0
11474 11473 38.0
11473 11499 13.0
11499 11473 13.0
11475 11476 2.0
11476 11475 2.0
11476 11477 22.0
11477 11476 22.0
11476 11491 7.0
11491 11476 7.0
11477 11478 16.0
11478 11477 16.0
11477 11492 7.0
11492 11477 7.0
11478 11479 22.0
11479 11478 22.0
11478 11493 7.0
11493 11478 7.0
1498 11486 52.0
11486 1498 52.0
1498 11479 19.0
11479 1498 19.0
1498 11404 31.0
11404 1498 31.0
11480 11481 2.0
11481 11480 2.0
11480 11514 14.0
11514 11480 14.0
11481 11482 37.0
11482 11481 37.0
11481 11532 21.0
11532 11481 21.0
11482 11533 21.0
11533 11482 21.0
2296 11483 9.0
11483 2296 9.0
2296 11534 21.0
11534 2296 21.0
2296 11482 42.0
11482 2296 42.0
2296 11360 39.0
11360 2296 39.0
4303 11484 14.0
11484 4303 14.0
4303 11592 32.0
11592 4303 32.0
4303 11364 53.0
11364 4303 53.0
11484 11485 18.0
11485 11484 18.0
11484 11593 32.0
11593 11484 32.0
11485 11488 10.0
11488 11485 10.0
1605 11487 11.0
11487 1605 11.0
1605 11623 40.0
11623 1605 40.0
1605 11486 22.0
11486 1605 22.0
1605 11440 22.0
11440 1605 22.0
11487 11490 20.0
11490 11487 20.0
4342 11489 8.0
11489 4342 8.0
4342 11595 29.0
11595 4342 29.0
4342 11488 32.0
11488 4342 32.0
4342 11443 20.0
11443 4342 20.0
1733 11635 45.0
11635 1733 45.0
1733 11490 42.0
11490 1733 42.0
1733 11442 23.0
11442 1733 23.0
4210 4232 60.0
4232 4210 60.0
1354 11491 2.0
11491 1354 2.0
1354 11475 7.0
11475 1354 7.0
11491 11492 22.0
11492 11491 22.0
11491 11518 33.0
11518 11491 33.0
11492 11493 16.0
11493 11492 16.0
11492 11518 11.0
11518 11492 11.0
1039 11524 13.0
11524 1039 13.0
1039 11523 14.0
11523 1039 14.0
1039 11448 22.0
11448 1039 22.0
11494 11495 3.0
11495 11494 3.0
11495 11496 27.0
11496 11495 27.0
11496 11558 15.0
11558 11496 15.0
3509 11497 30.0
11497 3509 30.0
3509 11559 15.0
11559 3509 15.0
3509 11496 11.0
11496 3509 11.0
3509 11408 42.0
11408 3509 42.0
11497 11560 15.0
11560 11497 15.0
11498 11499 12.0
11499 11498 12.0
11498 11673 46.0
11673 11498 46.0
11499 11500 16.0
11500 11499 16.0
820 11501 3.0
11501 820 3.0
820 11503 1.0
11503 820 1.0
820 11500 22.0
11500 820 22.0
820 11474 13.0
11474 820 13.0
11501 11502 37.0
11502 11501 37.0
11501 11504 1.0
11504 11501 1.0
11503 11504 3.0
11504 11503 3.0
11503 11683 48.0
11683 11503 48.0
11504 11505 15.0
11505 11504 15.0
11504 11684 48.0
11684 11504 48.0
11505 11627 32.0
11627 11505 32.0
880 11506 3.0
11506 880 3.0
880 11564 15.0
11564 880 15.0
880 11505 22.0
11505 880 22.0
880 11502 1.0
11502 880 1.0
11506 11507 13.0
11507 11506 13.0
11506 11565 15.0
11565 11506 15.0
11507 11508 3.0
11508 11507 3.0
11507 11566 15.0
11566 11507 15.0
11508 11509 9.0
11509 11508 9.0
11508 11567 15.0
11567 11508 15.0
11509 11510 14.0
11510 11509 14.0
11509 11568 15.0
11568 11509 15.0
11510 11569 15.0
11569 11510 15.0
11511 11512 4.0
11512 11511 4.0
11511 11527 7.0
11527 11511 7.0
11511 11526 40.0
11526 11511 40.0
11512 11528 7.0
11528 11512 7.0
2038 11513 49.0
11513 2038 49.0
2038 11529 7.0
11529 2038 7.0
2038 11512 4.0
11512 2038 4.0
2038 11465 17.0
11465 2038 17.0
11513 11514 12.0
11514 11513 12.0
11513 11530 7.0
11530 11513 7.0
11514 11531 7.0
11531 11514 7.0
11515 11516 8.0
11516 11515 8.0
11515 11606 22.0
11606 11515 22.0
11516 11607 22.0
11607 11516 22.0
2516 11517 21.0
11517 2516 21.0
2516 11608 22.0
11608 2516 22.0
2516 11516 4.0
11516 2516 4.0
2516 11454 21.0
11454 2516 21.0
11517 11548 29.0
11548 11517 29.0
11518 11519 14.0
11519 11518 14.0
1417 11519 2.0
11519 1417 2.0
1417 11493 11.0
11493 1417 11.0
11520 11521 3.0
11521 11520 3.0
11521 11522 1.0
11522 11521 1.0
11522 11546 3.0
11546 11522 3.0
3078 11547 3.0
11547 3078 3.0
3078 11522 1.0
11522 3078 1.0
3078 11423 41.0
11423 3078 41.0
11523 11524 1.0
11524 11523 1.0
11524 11525 38.0
11525 11524 38.0
1112 11631 29.0
11631 1112 29.0
1112 11525 12.0
11525 1112 12.0
11526 11527 33.0
11527 11526 33.0
11527 11528 4.0
11528 11527 4.0
11527 11539 1.0
11539 11527 1.0
11528 11529 4.0
11529 11528 4.0
11528 11540 1.0
11540 11528 1.0
11529 11530 49.0
11530 11529 49.0
11529 11541 1.0
11541 11529 1.0
11530 11531 12.0
11531 11530 12.0
11530 11577 8.0
11577 11530 8.0
11531 11532 2.0
11532 11531 2.0
11531 11578 8.0
11578 11531 8.0
11532 11533 37.0
11533 11532 37.0
11532 11579 8.0
11579 11532 8.0
11533 11534 42.0
11534 11533 42.0
11534 11535 5.0
11535 11534 5.0
11534 11581 8.0
11581 11534 8.0
11535 11582 8.0
11582 11535 8.0
2314 11583 8.0
11583 2314 8.0
2314 11535 4.0
11535 2314 4.0
2314 11483 21.0
11483 2314 21.0
11536 11537 22.0
11537 11536 22.0
11537 11538 17.0
11538 11537 17.0
11537 11571 7.0
11571 11537 7.0
11538 11572 7.0
11572 11538 7.0
1965 11539 33.0
11539 1965 33.0
1965 11573 7.0
11573 1965 7.0
1965 11538 32.0
11538 1965 32.0
1965 11526 1.0
11526 1965 1.0
11539 11540 4.0
11540 11539 4.0
11539 11574 7.0
11574 11539 7.0
11540 11541 4.0
11541 11540 4.0
11540 11575 7.0
11575 11540 7.0
11541 11576 7.0
11576 11541 7.0
11542 11543 38.0
11543 11542 38.0
11543 11544 6.0
11544 11543 6.0
11543 11587 8.0
11587 11543 8.0
11544 11588 8.0
11588 11544 8.0
3850 11545 60.0
11545 3850 60.0
3850 11645 32.0
11645 3850 32.0
3850 11544 7.0
11544 3850 7.0
11546 11547 1.0
11547 11546 1.0
3162 11699 41.0
11699 3162 41.0
3162 11547 51.0
11547 3162 51.0
11548 11549 7.0
11549 11548 7.0
11548 11609 14.0
11609 11548 14.0
11549 11550 25.0
11550 11549 25.0
11550 11551 14.0
11551 11550 14.0
11550 11610 14.0
11610 11550 14.0
11551 11552 4.0
11552 11551 4.0
11551 11611 14.0
11611 11551 14.0
11552 11553 38.0
11553 11552 38.0
11552 11612 14.0
11612 11552 14.0
11553 11554 27.0
11554 11553 27.0
11554 11555 18.0
11555 11554 18.0
11554 11620 18.0
11620 11554 18.0
11555 11621 18.0
11621 11555 18.0
2823 11622 18.0
11622 2823 18.0
2823 11555 6.0
11555 2823 6.0
2823 2827 32.0
2827 2823 32.0
3259 11614 13.0
11614 3259 13.0
3259 11613 14.0
11613 3259 14.0
3926 11646 29.0
11646 3926 29.0
3926 11545 3.0
11545 3926 3.0
588 11556 12.0
11556 588 12.0
588 11562 14.0
11562 588 14.0
11556 11557 28.0
11557 11556 28.0
11556 11562 2.0
11562 11556 2.0
11558 11559 11.0
11559 11558 11.0
11558 11591 4.0
11591 11558 4.0
11559 11560 30.0
11560 11559 30.0
11559 11599 7.0
11599 11559 7.0
11560 11561 52.0
11561 11560 52.0
3666 11584 3.0
11584 3666 3.0
3666 11561 19.0
11561 3666 19.0
3666 11457 32.0
11457 3666 32.0
652 11563 13.0
11563 652 13.0
652 11671 31.0
11671 652 31.0
652 11562 28.0
11562 652 28.0
652 11557 2.0
11557 652 2.0
11563 11672 31.0
11672 11563 31.0
11564 11565 3.0
11565 11564 3.0
11564 11600 8.0
11600 11564 8.0
11565 11566 13.0
11566 11565 13.0
11565 11601 8.0
11601 11565 8.0
11566 11567 3.0
11567 11566 3.0
11566 11602 8.0
11602 11566 8.0
11567 11568 9.0
11568 11567 9.0
11567 11603 8.0
11603 11567 8.0
11568 11569 14.0
11569 11568 14.0
11568 11604 8.0
11604 11568 8.0
11569 11570 8.0
11570 11569 8.0
11569 11605 8.0
11605 11569 8.0
1036 11570 41.0
11570 1036 41.0
1036 11523 8.0
11523 1036 8.0
1854 11571 22.0
11571 1854 22.0
1854 11638 22.0
11638 1854 22.0
1854 11637 46.0
11637 1854 46.0
1854 11536 7.0
11536 1854 7.0
11571 11572 17.0
11572 11571 17.0
11571 11639 22.0
11639 11571 22.0
11572 11573 32.0
11573 11572 32.0
11573 11574 33.0
11574 11573 33.0
11573 11640 22.0
11640 11573 22.0
11574 11575 4.0
11575 11574 4.0
11574 11659 28.0
11659 11574 28.0
11575 11576 4.0
11576 11575 4.0
11575 11660 28.0
11660 11575 28.0
11576 11577 49.0
11577 11576 49.0
11577 11578 12.0
11578 11577 12.0
11578 11579 2.0
11579 11578 2.0
11578 11662 28.0
11662 11578 28.0
11579 11580 36.0
11580 11579 36.0
11579 11663 28.0
11663 11579 28.0
11580 11664 28.0
11664 11580 28.0
2217 11581 42.0
11581 2217 42.0
2217 11687 33.0
11687 2217 33.0
2217 11580 1.0
11580 2217 1.0
2217 11533 8.0
11533 2217 8.0
11581 11582 5.0
11582 11581 5.0
11581 11688 33.0
11688 11581 33.0
11582 11583 4.0
11583 11582 4.0
11582 11689 33.0
11689 11582 33.0
11583 11690 33.0
11690 11583 33.0
11584 11585 8.0
11585 11584 8.0
11585 11586 45.0
11586 11585 45.0
3782 11587 38.0
11587 3782 38.0
3782 11586 28.0
11586 3782 28.0
3782 11542 8.0
11542 3782 8.0
11587 11588 6.0
11588 11587 6.0
11587 11643 24.0
11643 11587 24.0
11588 11644 24.0
11644 11588 24.0
11589 11590 3.0
11590 11589 3.0
11589 11596 3.0
11596 11589 3.0
3450 11591 30.0
11591 3450 30.0
3450 11597 3.0
11597 3450 3.0
3450 11590 48.0
11590 3450 48.0
3450 11494 19.0
11494 3450 19.0
11591 11598 3.0
11598 11591 3.0
11592 11593 14.0
11593 11592 14.0
11592 11678 26.0
11678 11592 26.0
11592 11677 31.0
11677 11592 31.0
11593 11594 3.0
11594 11593 3.0
11593 11679 26.0
11679 11593 26.0
11594 11705 32.0
11705 11594 32.0
4326 11595 32.0
11595 4326 32.0
4326 11706 32.0
11706 4326 32.0
4326 11594 22.0
11594 4326 22.0
4326 11488 29.0
11488 4326 29.0
11596 11597 51.0
11597 11596 51.0
11597 11598 30.0
11598 11597 30.0
11598 11599 11.0
11599 11598 11.0
3557 11599 30.0
11599 3557 30.0
3557 11560 7.0
11560 3557 7.0
11600 11601 3.0
11601 11600 3.0
11600 11628 9.0
11628 11600 9.0
11601 11602 13.0
11602 11601 13.0
11602 11603 3.0
11603 11602 3.0
11603 11604 9.0
11604 11603 9.0
11604 11605 14.0
11605 11604 14.0
11604 11629 9.0
11629 11604 9.0
971 11605 8.0
11605 971 8.0
971 11570 8.0
11570 971 8.0
4232 11675 22.0
11675 4232 22.0
11606 11607 8.0
11607 11606 8.0
11607 11608 4.0
11608 11607 4.0
11607 11630 8.0
11630 11607 8.0
11608 11609 42.0
11609 11608 42.0
2595 11610 25.0
11610 2595 25.0
2595 11616 29.0
11616 2595 29.0
2595 11609 7.0
11609 2595 7.0
2595 11549 14.0
11549 2595 14.0
11610 11611 14.0
11611 11610 14.0
11610 11616 4.0
11616 11610 4.0
11611 11612 4.0
11612 11611 4.0
11611 11617 4.0
11617 11611 4.0
11612 11618 4.0
11618 11612 4.0
11613 11614 1.0
11614 11613 1.0
11614 11615 49.0
11615 11614 49.0
3377 11615 21.0
11615 3377 21.0
3377 11596 4.0
11596 3377 4.0
11616 11617 14.0
11617 11616 14.0
11617 11618 4.0
11618 11617 4.0
11618 11619 5.0
11619 11618 5.0
11618 11715 28.0
11715 11618 28.0
11619 11654 14.0
11654 11619 14.0
2730 11620 27.0
11620 2730 27.0
2730 11655 14.0
11655 2730 14.0
2730 11619 33.0
11619 2730 33.0
2730 11553 18.0
11553 2730 18.0
11620 11621 18.0
11621 11620 18.0
11620 11656 14.0
11656 11620 14.0
11621 11622 6.0
11622 11621 6.0
11621 11657 14.0
11657 11621 14.0
11622 11658 14.0
11658 11622 14.0
4132 11641 10.0
11641 4132 10.0
4132 11452 48.0
11452 4132 48.0
1568 11623 22.0
11623 1568 22.0
1568 11624 2.0
11624 1568 2.0
1568 11486 40.0
11486 1568 40.0
11623 11625 2.0
11625 11623 2.0
11624 11625 22.0
11625 11624 22.0
11624 11723 29.0
11723 11624 29.0
11625 11626 7.0
11626 11625 7.0
11626 11647 11.0
11647 11626 11.0
1657 11632 6.0
11632 1657 6.0
1657 11626 21.0
11626 1657 21.0
1657 11490 39.0
11490 1657 39.0
4349 11708 20.0
11708 4349 20.0
4349 11595 20.0
11595 4349 20.0
4349 11489 41.0
11489 4349 41.0
11627 11628 22.0
11628 11627 22.0
11627 11685 16.0
11685 11627 16.0
920 11629 9.0
11629 920 9.0
920 11698 18.0
11698 920 18.0
920 11628 19.0
11628 920 19.0
920 11603 9.0
11603 920 9.0
2494 11630 8.0
11630 2494 8.0
2494 11809 61.0
11809 2494 61.0
2494 11606 8.0
11606 2494 8.0
1100 11631 12.0
11631 1100 12.0
1100 11765 42.0
11765 1100 42.0
1100 11525 29.0
11525 1100 29.0
11631 11642 42.0
11642 11631 42.0
11632 11633 20.0
11633 11632 20.0
11632 11650 5.0
11650 11632 5.0
11633 11634 7.0
11634 11633 7.0
11634 11635 15.0
11635 11634 15.0
11634 11651 5.0
11651 11634 5.0
11635 11636 18.0
11636 11635 18.0
11635 11652 5.0
11652 11635 5.0
11636 11637 28.0
11637 11636 28.0
11636 11653 5.0
11653 11636 5.0
11637 11638 24.0
11638 11637 24.0
11637 11668 7.0
11668 11637 7.0
11638 11639 22.0
11639 11638 22.0
11639 11817 58.0
11817 11639 58.0
1918 11640 32.0
11640 1918 32.0
1918 11639 17.0
11639 1918 17.0
1918 11572 22.0
11572 1918 22.0
11640 11775 50.0
11775 11640 50.0
3074 11753 31.0
11753 3074 31.0
3074 11670 9.0
11670 3074 9.0
3074 11546 28.0
11546 3074 28.0
4099 11641 30.0
11641 4099 30.0
4099 11691 11.0
11691 4099 11.0
3491 11598 18.0
11598 3491 18.0
1245 11642 41.0
11642 1245 41.0
11643 11644 6.0
11644 11643 6.0
11644 11645 7.0
11645 11644 7.0
11644 11722 18.0
11722 11644 18.0
3903 11646 21.0
11646 3903 21.0
3903 11645 39.0
11645 3903 39.0
11647 11648 6.0
11648 11647 6.0
11648 11649 8.0
11649 11648 8.0
11648 11724 18.0
11724 11648 18.0
11649 11650 7.0
11650 11649 7.0
11649 11725 18.0
11725 11649 18.0
1691 11651 7.0
11651 1691 7.0
1691 11665 2.0
11665 1691 2.0
1691 11650 20.0
11650 1691 20.0
1691 11633 5.0
11633 1691 5.0
11651 11652 15.0
11652 11651 15.0
11651 11666 2.0
11666 11651 2.0
11652 11653 18.0
11653 11652 18.0
11652 11667 2.0
11667 11652 2.0
11654 11655 33.0
11655 11654 33.0
11654 11716 14.0
11716 11654 14.0
11655 11656 27.0
11656 11655 27.0
11655 11733 21.0
11733 11655 21.0
11656 11657 18.0
11657 11656 18.0
11656 11734 21.0
11734 11656 21.0
11657 11658 6.0
11658 11657 6.0
11657 11735 21.0
11735 11657 21.0
11658 11736 21.0
11736 11658 21.0
2899 11669 2.0
11669 2899 2.0
2899 11658 49.0
11658 2899 49.0
3255 11700 8.0
11700 3255 8.0
3255 11613 18.0
11613 3255 18.0
3941 11711 12.0
11711 3941 12.0
3941 11646 11.0
11646 3941 11.0
11659 11660 4.0
11660 11659 4.0
11659 11776 38.0
11776 11659 38.0
11660 11661 39.0
11661 11660 39.0
11661 11743 22.0
11743 11661 22.0
2136 11662 12.0
11662 2136 12.0
2136 11744 22.0
11744 2136 22.0
2136 11661 14.0
11661 2136 14.0
2136 11577 28.0
11577 2136 28.0
11662 11663 2.0
11663 11662 2.0
11662 11745 22.0
11745 11662 22.0
11663 11664 36.0
11664 11663 36.0
11663 11746 22.0
11746 11663 22.0
11664 11686 5.0
11686 11664 5.0
11665 11666 7.0
11666 11665 7.0
11665 11726 16.0
11726 11665 16.0
11666 11667 15.0
11667 11666 15.0
11666 11814 51.0
11814 11666 51.0
1769 11668 28.0
11668 1769 28.0
1769 11815 51.0
11815 1769 51.0
1769 11667 18.0
11667 1769 18.0
1769 11653 2.0
11653 1769 2.0
2970 11670 59.0
11670 2970 59.0
2970 11738 19.0
11738 2970 19.0
2970 11669 41.0
11669 2970 41.0
11670 11752 24.0
11752 11670 24.0
11671 11672 13.0
11672 11671 13.0
11671 11748 25.0
11748 11671 25.0
673 11673 43.0
11673 673 43.0
673 11680 3.0
11680 673 3.0
673 11672 6.0
11672 673 6.0
11673 11681 3.0
11681 11673 3.0
11674 11782 39.0
11782 11674 39.0
1414 11783 39.0
11783 1414 39.0
1414 11674 4.0
11674 1414 4.0
1414 11519 41.0
11519 1414 41.0
11675 11676 8.0
11676 11675 8.0
4261 11677 48.0
11677 4261 48.0
4261 11701 6.0
11701 4261 6.0
4261 11676 31.0
11676 4261 31.0
11677 11678 5.0
11678 11677 5.0
11677 11702 6.0
11702 11677 6.0
11678 11679 14.0
11679 11678 14.0
11678 11703 6.0
11703 11678 6.0
11679 11704 6.0
11704 11679 6.0
11680 11681 43.0
11681 11680 43.0
11680 11749 20.0
11749 11680 20.0
11681 11682 7.0
11682 11681 7.0
11682 11693 2.0
11693 11682 2.0
783 11683 22.0
11683 783 22.0
783 11694 2.0
11694 783 2.0
783 11682 21.0
11682 783 21.0
783 11500 49.0
11500 783 49.0
11683 11684 3.0
11684 11683 3.0
11683 11695 2.0
11695 11683 2.0
11684 11685 15.0
11685 11684 15.0
11684 11696 2.0
11696 11684 2.0
11686 11687 1.0
11687 11686 1.0
11687 11688 42.0
11688 11687 42.0
11688 11689 5.0
11689 11688 5.0
11689 11690 4.0
11690 11689 4.0
11689 11714 7.0
11714 11689 7.0
2328 11793 41.0
11793 2328 41.0
2328 11690 9.0
11690 2328 9.0
11691 11692 29.0
11692 11691 29.0
11691 11721 19.0
11721 11691 19.0
11692 11769 29.0
11769 11692 29.0
4131 11692 1.0
11692 4131 1.0
4131 11641 11.0
11641 4131 11.0
11693 11694 21.0
11694 11693 21.0
11694 11695 22.0
11695 11694 22.0
11694 11751 18.0
11751 11694 18.0
11695 11696 3.0
11696 11695 3.0
11696 11697 3.0
11697 11696 3.0
848 11698 41.0
11698 848 41.0
848 11799 40.0
11799 848 40.0
848 11697 12.0
11697 848 12.0
848 11685 2.0
11685 848 2.0
11699 11754 21.0
11754 11699 21.0
3194 11700 41.0
11700 3194 41.0
3194 11699 18.0
11699 3194 18.0
3194 3255 49.0
3255 3194 49.0
11700 11710 21.0
11710 11700 21.0
11701 11702 48.0
11702 11701 48.0
11701 11757 17.0
11757 11701 17.0
11701 11713 25.0
11713 11701 25.0
11702 11703 5.0
11703 11702 5.0
11702 11758 17.0
11758 11702 17.0
11703 11704 14.0
11704 11703 14.0
11703 11759 17.0
11759 11703 17.0
11704 11705 3.0
11705 11704 3.0
11704 11760 17.0
11760 11704 17.0
11705 11706 22.0
11706 11705 22.0
11705 11727 10.0
11727 11705 10.0
11706 11707 29.0
11707 11706 29.0
11706 11728 10.0
11728 11706 10.0
11707 11708 11.0
11708 11707 11.0
4355 11709 20.0
11709 4355 20.0
4355 11708 9.0
11708 4355 9.0
3671 11811 40.0
11811 3671 40.0
3671 11584 45.0
11584 3671 45.0
3671 11585 37.0
11585 3671 37.0
4378 11709 23.0
11709 4378 23.0
3334 11710 33.0
11710 3334 33.0
3334 11615 30.0
11615 3334 30.0
11711 11712 29.0
11712 11711 29.0
11711 11739 9.0
11739 11711 9.0
11712 11717 2.0
11717 11712 2.0
4028 11719 2.0
11719 4028 2.0
4028 11712 31.0
11712 4028 31.0
4240 11713 9.0
11713 4240 9.0
4240 11755 14.0
11755 4240 14.0
4240 11675 17.0
11675 4240 17.0
4240 11676 9.0
11676 4240 9.0
11713 11756 14.0
11756 11713 14.0
2212 11714 48.0
11714 2212 48.0
2212 11686 7.0
11686 2212 7.0
11714 11792 34.0
11792 11714 34.0
2657 11715 4.0
11715 2657 4.0
2657 11730 7.0
11730 2657 7.0
2657 11616 42.0
11616 2657 42.0
2657 11617 28.0
11617 2657 28.0
11715 11716 5.0
11716 11715 5.0
11715 11731 7.0
11731 11715 7.0
11716 11732 7.0
11732 11716 7.0
11717 11718 8.0
11718 11717 8.0
11718 11719 23.0
11719 11718 23.0
11718 11741 7.0
11741 11718 7.0
11719 11720 8.0
11720 11719 8.0
11719 11742 7.0
11742 11719 7.0
11720 11767 21.0
11767 11720 21.0
4065 11721 20.0
11721 4065 20.0
4065 11768 21.0
11768 4065 21.0
4065 11720 22.0
11720 4065 22.0
3834 11722 6.0
11722 3834 6.0
3834 11643 18.0
11643 3834 18.0
11722 11874 52.0
11874 11722 52.0
1181 11830 40.0
11830 1181 40.0
1181 11642 19.0
11642 1181 19.0
11723 11786 41.0
11786 11723 41.0
1614 11724 6.0
11724 1614 6.0
1614 11837 43.0
11837 1614 43.0
1614 11723 29.0
11723 1614 29.0
1614 11647 18.0
11647 1614 18.0
11724 11725 8.0
11725 11724 8.0
11724 11838 43.0
11838 11724 43.0
11725 11726 27.0
11726 11725 27.0
11725 11839 43.0
11839 11725 43.0
11726 11840 43.0
11840 11726 43.0
11727 11728 22.0
11728 11727 22.0
11728 11729 26.0
11729 11728 26.0
11729 11761 7.0
11761 11729 7.0
4337 11847 42.0
11847 4337 42.0
4337 11729 3.0
11729 4337 3.0
4337 11707 10.0
11707 4337 10.0
935 11762 21.0
11762 935 21.0
935 11698 21.0
11698 935 21.0
935 11629 30.0
11629 935 30.0
11730 11731 4.0
11731 11730 4.0
11730 11787 24.0
11787 11730 24.0
11731 11732 5.0
11732 11731 5.0
11731 11788 24.0
11788 11731 24.0
11732 11733 33.0
11733 11732 33.0
11733 11734 27.0
11734 11733 27.0
11733 11778 19.0
11778 11733 19.0
11734 11735 18.0
11735 11734 18.0
11734 11779 19.0
11779 11734 19.0
11735 11736 6.0
11736 11735 6.0
11735 11780 19.0
11780 11735 19.0
11736 11737 28.0
11737 11736 28.0
2900 11738 41.0
11738 2900 41.0
2900 11781 19.0
11781 2900 19.0
2900 11737 21.0
11737 2900 21.0
2900 11669 19.0
11669 2900 19.0
11738 11790 42.0
11790 11738 42.0
11739 11740 7.0
11740 11739 7.0
11739 11875 47.0
11875 11739 47.0
11740 11850 42.0
11850 11740 42.0
3980 11741 8.0
11741 3980 8.0
3980 11851 42.0
11851 3980 42.0
3980 11740 22.0
11740 3980 22.0
3980 11717 7.0
11717 3980 7.0
11741 11742 23.0
11742 11741 23.0
11741 11852 42.0
11852 11741 42.0
11742 11766 14.0
11766 11742 14.0
11743 11744 14.0
11744 11743 14.0
11743 11777 16.0
11777 11743 16.0
11744 11745 12.0
11745 11744 12.0
11744 11886 48.0
11886 11744 48.0
11745 11746 2.0
11746 11745 2.0
11745 11887 48.0
11887 11745 48.0
11746 11747 32.0
11747 11746 32.0
11746 11888 48.0
11888 11746 48.0
11747 11824 33.0
11824 11747 33.0
2209 11825 33.0
11825 2209 33.0
2209 11747 3.0
11747 2209 3.0
2209 2212 11.0
2212 2209 11.0
11748 11749 21.0
11749 11748 21.0
11749 11750 28.0
11750 11749 28.0
11750 11795 22.0
11795 11750 22.0
750 11751 21.0
11751 750 21.0
750 11796 22.0
11796 750 22.0
750 11750 22.0
11750 750 22.0
750 11693 18.0
11693 750 18.0
11751 11797 22.0
11797 11751 22.0
11752 11753 2.0
11753 11752 2.0
11752 11772 11.0
11772 11752 11.0
3128 11754 20.0
11754 3128 20.0
3128 11773 11.0
11773 3128 11.0
3128 11753 29.0
11753 3128 29.0
11755 11756 9.0
11756 11755 9.0
11755 11784 17.0
11784 11755 17.0
11756 11757 22.0
11757 11756 22.0
11757 11758 48.0
11758 11757 48.0
11758 11759 5.0
11759 11758 5.0
11758 11785 17.0
11785 11758 17.0
11759 11760 14.0
11760 11759 14.0
11759 11844 35.0
11844 11759 35.0
4314 11761 48.0
11761 4314 48.0
4314 11845 35.0
11845 4314 35.0
4314 11760 3.0
11760 4314 3.0
4314 11727 7.0
11727 4314 7.0
11761 11846 35.0
11846 11761 35.0
11762 11763 18.0
11763 11762 18.0
11763 11806 19.0
11806 11763 19.0
989 11763 3.0
11763 989 3.0
11764 11812 19.0
11812 11764 19.0
649 11813 19.0
11813 649 19.0
649 11764 4.0
11764 649 4.0
649 11748 7.0
11748 649 7.0
1084 11765 10.0
11765 1084 10.0
1084 1096 21.0
1096 1084 21.0
11766 11767 8.0
11767 11766 8.0
11766 11853 28.0
11853 11766 28.0
11767 11768 22.0
11768 11767 22.0
11768 11855 28.0
11855 11768 28.0
4082 11769 40.0
11769 4082 40.0
4082 11770 1.0
11770 4082 1.0
4082 11768 20.0
11768 4082 20.0
4082 11721 21.0
11721 4082 21.0
11770 11771 28.0
11771 11770 28.0
11770 11856 27.0
11856 11770 27.0
4127 11866 30.0
11866 4127 30.0
4127 11771 12.0
11771 4127 12.0
4127 11769 1.0
11769 4127 1.0
11772 11773 31.0
11773 11772 31.0
11773 11774 6.0
11774 11773 6.0
11773 11791 8.0
11791 11773 8.0
11774 11929 53.0
11929 11774 53.0
3157 11930 53.0
11930 3157 53.0
3157 11774 14.0
11774 3157 14.0
3157 11754 11.0
11754 3157 11.0
11775 11776 27.0
11776 11775 27.0
2029 11777 39.0
11777 2029 39.0
2029 11873 29.0
11873 2029 29.0
2029 11776 4.0
11776 2029 4.0
2029 11660 38.0
11660 2029 38.0
11778 11779 27.0
11779 11778 27.0
11778 11789 19.0
11789 11778 19.0
11779 11780 18.0
11780 11779 18.0
11780 11833 18.0
11833 11780 18.0
2869 11781 21.0
11781 2869 21.0
2869 11915 42.0
11915 2869 42.0
2869 11780 34.0
11780 2869 34.0
2869 11737 19.0
11737 2869 19.0
11781 11822 30.0
11822 11781 30.0
1370 11782 28.0
11782 1370 28.0
1370 11938 52.0
11938 1370 52.0
1370 11674 67.0
11674 1370 67.0
11782 11783 4.0
11783 11782 4.0
11782 11917 43.0
11917 11782 43.0
11784 11834 60.0
11834 11784 60.0
4244 11785 70.0
11785 4244 70.0
4244 11784 9.0
11784 4244 9.0
4244 11756 17.0
11756 4244 17.0
11785 11843 18.0
11843 11785 18.0
1096 11828 12.0
11828 1096 12.0
1096 11765 11.0
11765 1096 11.0
1495 11786 39.0
11786 1495 39.0
1495 11869 22.0
11869 1495 22.0
1495 11783 42.0
11783 1495 42.0
11786 11835 16.0
11835 11786 16.0
11787 11788 4.0
11788 11787 4.0
11787 11810 38.0
11810 11787 38.0
2673 11789 19.0
11789 2673 19.0
2673 11821 8.0
11821 2673 8.0
2673 11788 5.0
11788 2673 5.0
2673 11732 24.0
11732 2673 24.0
11789 11832 13.0
11832 11789 13.0
3070 11791 31.0
11791 3070 31.0
3070 11790 41.0
11790 3070 41.0
3070 11772 8.0
11772 3070 8.0
11791 11928 45.0
11928 11791 45.0
11792 11793 13.0
11793 11792 13.0
11793 11794 21.0
11794 11793 21.0
11794 11826 9.0
11826 11794 9.0
2375 11807 4.0
11807 2375 4.0
2375 11794 7.0
11794 2375 7.0
11795 11796 22.0
11796 11795 22.0
11795 11800 3.0
11800 11795 3.0
11796 11797 21.0
11797 11796 21.0
11796 11801 3.0
11801 11796 3.0
11797 11798 16.0
11798 11797 16.0
11798 11802 3.0
11802 11798 3.0
830 11799 12.0
11799 830 12.0
830 11803 3.0
11803 830 3.0
830 11798 12.0
11798 830 12.0
830 11697 40.0
11697 830 40.0
11799 11804 3.0
11804 11799 3.0
11800 11801 22.0
11801 11800 22.0
11801 11802 37.0
11802 11801 37.0
11802 11803 12.0
11803 11802 12.0
11802 11908 29.0
11908 11802 29.0
11803 11804 12.0
11804 11803 12.0
11803 11909 29.0
11909 11803 29.0
11804 11805 37.0
11805 11804 37.0
11805 11902 22.0
11902 11805 22.0
949 11806 18.0
11806 949 18.0
949 11903 22.0
11903 949 22.0
949 11805 22.0
11805 949 22.0
949 11762 19.0
11762 949 19.0
11806 11904 22.0
11904 11806 22.0
11807 11808 60.0
11808 11807 60.0
11807 11827 5.0
11827 11807 5.0
11808 11809 13.0
11809 11808 13.0
11808 11818 2.0
11818 11808 2.0
2511 11810 60.0
11810 2511 60.0
2511 11819 2.0
11819 2511 2.0
2511 11809 8.0
11809 2511 8.0
2511 11630 61.0
11630 2511 61.0
3644 11811 22.0
11811 3644 22.0
3644 11905 61.0
11905 3644 61.0
612 11812 18.0
11812 612 18.0
612 11764 37.0
11764 612 37.0
11812 11813 4.0
11813 11812 4.0
11812 11935 42.0
11935 11812 42.0
11813 11823 20.0
11823 11813 20.0
11814 11815 33.0
11815 11814 33.0
11815 11816 16.0
11816 11815 16.0
11816 11842 8.0
11842 11816 8.0
1814 11817 46.0
11817 1814 46.0
1814 11978 52.0
11978 1814 52.0
1814 11816 12.0
11816 1814 12.0
1814 11668 51.0
11668 1814 51.0
11817 11872 18.0
11872 11817 18.0
11818 11819 21.0
11819 11818 21.0
11819 11820 48.0
11820 11819 48.0
11819 11884 17.0
11884 11819 17.0
11820 11950 43.0
11950 11820 43.0
2608 11821 41.0
11821 2608 41.0
2608 11951 43.0
11951 2608 43.0
2608 11820 12.0
11820 2608 12.0
2608 11810 2.0
11810 2608 2.0
11821 11831 5.0
11831 11821 5.0
3003 11916 29.0
11916 3003 29.0
3003 11822 42.0
11822 3003 42.0
3003 11790 8.0
11790 3003 8.0
3704 11811 21.0
11811 3704 21.0
720 11936 39.0
11936 720 39.0
720 11823 32.0
11823 720 32.0
720 11800 4.0
11800 720 4.0
11824 11825 3.0
11825 11824 3.0
11824 11889 15.0
11889 11824 15.0
2303 11826 34.0
11826 2303 34.0
2303 11948 38.0
11948 2303 38.0
2303 11825 49.0
11825 2303 49.0
2303 11792 9.0
11792 2303 9.0
11826 11827 7.0
11827 11826 7.0
11826 11986 52.0
11986 11826 52.0
11827 11882 14.0
11882 11827 14.0
11828 11829 19.0
11829 11828 19.0
11828 11857 9.0
11857 11828 9.0
1179 11830 2.0
11830 1179 2.0
1179 11880 12.0
11880 1179 12.0
1179 11829 31.0
11829 1179 31.0
1179 1181 42.0
1181 1179 42.0
11830 11881 12.0
11881 11830 12.0
11831 11832 19.0
11832 11831 19.0
11831 11920 28.0
11920 11831 28.0
11832 11912 24.0
11912 11832 24.0
2774 11833 18.0
11833 2774 18.0
2774 11913 24.0
11913 2774 24.0
2774 11832 41.0
11832 2774 41.0
2774 11779 18.0
11779 2774 18.0
11833 11914 24.0
11914 11833 24.0
4196 11834 9.0
11834 4196 9.0
4196 4205 40.0
4205 4196 40.0
11835 11836 37.0
11836 11835 37.0
11836 11837 6.0
11837 11836 6.0
11836 11870 6.0
11870 11836 6.0
11837 11838 6.0
11838 11837 6.0
11838 11839 8.0
11839 11838 8.0
11838 11871 6.0
11871 11838 6.0
11839 11840 27.0
11840 11839 27.0
11839 11958 38.0
11958 11839 38.0
11840 11841 4.0
11841 11840 4.0
11840 11959 38.0
11959 11840 38.0
11841 11960 38.0
11960 11841 38.0
1705 11842 49.0
11842 1705 49.0
1705 12000 52.0
12000 1705 52.0
1705 11841 3.0
11841 1705 3.0
1705 11814 8.0
11814 1705 8.0
11842 11977 44.0
11977 11842 44.0
11843 11844 5.0
11844 11843 5.0
11844 11845 17.0
11845 11844 17.0
11844 11867 5.0
11867 11844 5.0
11845 11846 48.0
11846 11845 48.0
11845 11868 5.0
11868 11845 5.0
11846 11847 3.0
11847 11846 3.0
11846 11848 1.0
11848 11846 1.0
4366 11849 1.0
11849 4366 1.0
4366 11847 38.0
11847 4366 38.0
4366 11709 50.0
11709 4366 50.0
11848 11849 41.0
11849 11848 41.0
4382 11849 31.0
11849 4382 31.0
11850 11851 22.0
11851 11850 22.0
11850 11876 5.0
11876 11850 5.0
11851 11852 8.0
11852 11851 8.0
11852 11853 23.0
11853 11852 23.0
11852 11858 3.0
11858 11852 3.0
11853 11854 5.0
11854 11853 5.0
11853 11859 3.0
11859 11853 3.0
11854 11860 3.0
11860 11854 3.0
4040 11855 22.0
11855 4040 22.0
4040 11861 3.0
11861 4040 3.0
4040 11854 3.0
11854 4040 3.0
4040 11767 28.0
11767 4040 28.0
11855 11856 20.0
11856 11855 20.0
11855 11862 3.0
11862 11855 3.0
11856 11864 3.0
11864 11856 3.0
11857 11975 39.0
11975 11857 39.0
1121 11878 3.0
11878 1121 3.0
1121 11857 19.0
11857 1121 19.0
1121 11829 9.0
11829 1121 9.0
11858 11859 23.0
11859 11858 23.0
11858 11894 5.0
11894 11858 5.0
11859 11860 5.0
11860 11859 5.0
11859 11899 6.0
11899 11859 6.0
11860 11861 3.0
11861 11860 3.0
11860 11900 6.0
11900 11860 6.0
11861 11862 22.0
11862 11861 22.0
11861 11901 6.0
11901 11861 6.0
11862 11863 6.0
11863 11862 6.0
11862 11923 20.0
11923 11862 20.0
11863 11864 14.0
11864 11863 14.0
11863 11924 20.0
11924 11863 20.0
11864 11865 7.0
11865 11864 7.0
4118 11866 12.0
11866 4118 12.0
4118 11877 14.0
11877 4118 14.0
4118 11865 21.0
11865 4118 21.0
4118 11771 30.0
11771 4118 30.0
11866 11877 2.0
11877 11866 2.0
4300 11867 5.0
11867 4300 5.0
4300 11961 33.0
11961 4300 33.0
4300 11843 5.0
11843 4300 5.0
11867 11868 17.0
11868 11867 17.0
11867 11962 33.0
11962 11867 33.0
11868 11906 13.0
11906 11868 13.0
1550 11870 37.0
11870 1550 37.0
1550 11869 39.0
11869 1550 39.0
1550 11835 6.0
11835 1550 6.0
11870 11871 12.0
11871 11870 12.0
11870 11957 32.0
11957 11870 32.0
11872 11940 26.0
11940 11872 26.0
1981 11873 31.0
11873 1981 31.0
1981 11941 26.0
11941 1981 26.0
1981 11872 52.0
11872 1981 52.0
1981 11775 29.0
11775 1981 29.0
11873 11885 9.0
11885 11873 9.0
11874 11890 3.0
11890 11874 3.0
3876 11875 44.0
11875 3876 44.0
3876 11891 3.0
11891 3876 3.0
3876 11874 32.0
11874 3876 32.0
11875 11876 7.0
11876 11875 7.0
11875 11893 3.0
11893 11875 3.0
4148 11877 19.0
11877 4148 19.0
11878 11879 20.0
11879 11878 20.0
11878 11925 18.0
11925 11878 18.0
11879 11880 11.0
11880 11879 11.0
11880 11881 2.0
11881 11880 2.0
11881 11927 18.0
11927 11881 18.0
1229 12017 51.0
12017 1229 51.0
1229 11881 28.0
11881 1229 28.0
11882 11883 7.0
11883 11882 7.0
11882 11987 38.0
11987 11882 38.0
2468 11884 21.0
11884 2468 21.0
2468 11988 38.0
11988 2468 38.0
2468 11883 53.0
11883 2468 53.0
2468 11818 17.0
11818 2468 17.0
11884 11969 39.0
11969 11884 39.0
11885 11942 23.0
11942 11885 23.0
2103 11886 14.0
11886 2103 14.0
2103 11943 23.0
11943 2103 23.0
2103 11885 33.0
11885 2103 33.0
2103 11777 32.0
11777 2103 32.0
11886 11887 12.0
11887 11886 12.0
11886 11944 23.0
11944 11886 23.0
11887 11888 2.0
11888 11887 2.0
11887 11945 23.0
11945 11887 23.0
11888 11889 32.0
11889 11888 32.0
11888 11946 23.0
11946 11888 23.0
3279 11931 19.0
11931 3279 19.0
3279 11710 59.0
11710 3279 59.0
11890 11891 32.0
11891 11890 32.0
11890 11895 1.0
11895 11890 1.0
11891 11892 39.0
11892 11891 39.0
11891 11896 1.0
11896 11891 1.0
11892 11893 5.0
11893 11892 5.0
11892 11897 1.0
11897 11892 1.0
3953 11894 30.0
11894 3953 30.0
3953 11898 1.0
11898 3953 1.0
3953 11893 7.0
11893 3953 7.0
3953 11876 3.0
11876 3953 3.0
11895 11896 32.0
11896 11895 32.0
11895 11949 23.0
11949 11895 23.0
11896 11897 39.0
11897 11896 39.0
11896 12012 46.0
12012 11896 46.0
11897 11898 12.0
11898 11897 12.0
11898 12025 49.0
12025 11898 49.0
3996 11899 23.0
11899 3996 23.0
3996 11898 30.0
11898 3996 30.0
3996 11894 1.0
11894 3996 1.0
11899 11900 5.0
11900 11899 5.0
11899 12007 48.0
12007 11899 48.0
11900 11901 3.0
11901 11900 3.0
11900 12007 43.0
12007 11900 43.0
11901 11923 36.0
11923 11901 36.0
11902 11903 22.0
11903 11902 22.0
11903 11904 18.0
11904 11903 18.0
11904 11911 7.0
11911 11904 7.0
1004 11904 11.0
11904 1004 11.0
3547 11905 29.0
11905 3547 29.0
3547 11997 31.0
11997 3547 31.0
11906 11907 37.0
11907 11906 37.0
11906 11963 20.0
11963 11906 20.0
4335 11907 11.0
11907 4335 11.0
4335 11848 17.0
11848 4335 17.0
11908 11909 12.0
11909 11908 12.0
11909 11910 48.0
11910 11909 48.0
11909 11955 18.0
11955 11909 18.0
11910 11932 12.0
11932 11910 12.0
912 11911 40.0
11911 912 40.0
912 11933 12.0
11933 912 12.0
912 11910 1.0
11910 912 1.0
912 11902 7.0
11902 912 7.0
11912 11913 41.0
11913 11912 41.0
11913 11914 18.0
11914 11913 18.0
11913 11922 4.0
11922 11913 4.0
11914 11915 34.0
11915 11914 34.0
2929 11916 42.0
11916 2929 42.0
2929 11915 38.0
11915 2929 38.0
2929 11822 29.0
11822 2929 29.0
11916 12039 45.0
12039 11916 45.0
11917 11918 19.0
11918 11917 19.0
11918 11919 18.0
11919 11918 18.0
11918 11939 9.0
11939 11918 9.0
11919 12006 30.0
12006 11919 30.0
1488 11919 4.0
11919 1488 4.0
1488 11869 20.0
11869 1488 20.0
11920 11921 18.0
11921 11920 18.0
11920 11952 10.0
11952 11920 10.0
2707 11922 41.0
11922 2707 41.0
2707 11921 1.0
11921 2707 1.0
2707 11912 4.0
11912 2707 4.0
11922 11996 23.0
11996 11922 23.0
11923 11924 6.0
11924 11923 6.0
4092 12009 29.0
12009 4092 29.0
4092 11924 21.0
11924 4092 21.0
4092 11865 20.0
11865 4092 20.0
11925 11926 17.0
11926 11925 17.0
11925 11976 30.0
11976 11925 30.0
11926 12011 29.0
12011 11926 29.0
1157 11927 13.0
11927 1157 13.0
1157 11926 3.0
11926 1157 3.0
1157 11879 18.0
11879 1157 18.0
11927 12049 42.0
12049 11927 42.0
11928 11929 6.0
11929 11928 6.0
11928 11983 17.0
11983 11928 17.0
11929 11930 14.0
11930 11929 14.0
3247 11931 21.0
11931 3247 21.0
3247 11930 58.0
11930 3247 58.0
4205 12026 31.0
12026 4205 31.0
4205 11834 31.0
11834 4205 31.0
11932 11933 1.0
11933 11932 1.0
11932 11956 6.0
11956 11932 6.0
11933 11934 39.0
11934 11933 39.0
11933 12023 29.0
12023 11933 29.0
11934 11973 13.0
11973 11934 13.0
982 11974 13.0
11974 982 13.0
982 11934 1.0
11934 982 1.0
982 11911 12.0
11911 982 12.0
3330 11972 11.0
11972 3330 11.0
3330 11931 32.0
11931 3330 32.0
669 11936 32.0
11936 669 32.0
669 11998 19.0
11998 669 19.0
669 11935 21.0
11935 669 21.0
669 11823 39.0
11823 669 39.0
11936 11954 61.0
11954 11936 61.0
11937 11938 5.0
11938 11937 5.0
11937 11967 8.0
11967 11937 8.0
1406 11939 19.0
11939 1406 19.0
1406 11968 8.0
11968 1406 8.0
1406 11938 28.0
11938 1406 28.0
1406 11917 9.0
11917 1406 9.0
11940 11941 52.0
11941 11940 52.0
11941 11942 37.0
11942 11941 37.0
11941 11982 12.0
11982 11941 12.0
11942 11943 33.0
11943 11942 33.0
11943 11944 14.0
11944 11943 14.0
11943 12055 36.0
12055 11943 36.0
11944 11945 12.0
11945 11944 12.0
11945 11946 2.0
11946 11945 2.0
11946 11947 17.0
11947 11946 17.0
11947 12076 49.0
12076 11947 49.0
2205 11948 52.0
11948 2205 52.0
2205 12077 49.0
12077 2205 49.0
2205 11947 15.0
11947 2205 15.0
2205 11889 23.0
11889 2205 23.0
11948 11985 40.0
11985 11948 40.0
3775 11949 50.0
11949 3775 50.0
3775 12078 52.0
12078 3775 52.0
11950 11951 12.0
11951 11950 12.0
11951 11952 41.0
11952 11951 41.0
11952 11953 6.0
11953 11952 6.0
11952 11970 7.0
11970 11952 7.0
11953 11971 7.0
11971 11953 7.0
2704 11994 13.0
11994 2704 13.0
2704 11953 12.0
11953 2704 12.0
2704 11921 10.0
11921 2704 10.0
11954 12019 23.0
12019 11954 23.0
810 11955 12.0
11955 810 12.0
810 12020 23.0
12020 810 23.0
810 11954 2.0
11954 810 2.0
810 11908 18.0
11908 810 18.0
11955 11956 48.0
11956 11955 48.0
11955 12021 23.0
12021 11955 23.0
11957 12056 32.0
12056 11957 32.0
1627 11958 8.0
11958 1627 8.0
1627 12057 32.0
12057 1627 32.0
1627 11957 12.0
11957 1627 12.0
1627 11871 32.0
11871 1627 32.0
11958 11959 27.0
11959 11958 27.0
11958 12058 32.0
12058 11958 32.0
11959 11960 4.0
11960 11959 4.0
11959 12059 32.0
12059 11959 32.0
11960 11999 14.0
11999 11960 14.0
11961 11962 5.0
11962 11961 5.0
11961 12013 19.0
12013 11961 19.0
11962 11963 17.0
11963 11962 17.0
11962 12014 19.0
12014 11962 19.0
11963 11964 6.0
11964 11963 6.0
11963 12015 19.0
12015 11963 19.0
11964 11965 29.0
11965 11964 29.0
11965 12016 19.0
12016 11965 19.0
4331 11965 2.0
11965 4331 2.0
4331 11907 20.0
11907 4331 20.0
11966 12002 13.0
12002 11966 13.0
11966 12001 41.0
12001 11966 41.0
1321 11967 18.0
11967 1321 18.0
1321 12003 13.0
12003 1321 13.0
1321 11966 3.0
11966 1321 3.0
1321 11937 26.0
11937 1321 26.0
11967 11968 33.0
11968 11967 33.0
11967 12004 13.0
12004 11967 13.0
11968 12005 13.0
12005 11968 13.0
11969 11990 6.0
11990 11969 6.0
2584 11970 53.0
11970 2584 53.0
2584 11991 6.0
11991 2584 6.0
2584 11969 42.0
11969 2584 42.0
2584 11950 7.0
11950 2584 7.0
11970 11971 6.0
11971 11970 6.0
11970 11992 6.0
11992 11970 6.0
11971 11993 6.0
11993 11971 6.0
11972 12061 29.0
12061 11972 29.0
3386 11972 30.0
11972 3386 30.0
11973 11974 1.0
11974 11973 1.0
11973 12024 16.0
12024 11973 16.0
1080 11975 13.0
11975 1080 13.0
1080 12010 24.0
12010 1080 24.0
1080 11974 60.0
11974 1080 60.0
11975 11976 7.0
11976 11975 7.0
11975 12010 11.0
12010 11975 11.0
11977 11978 12.0
11978 11977 12.0
11977 11979 1.0
11979 11977 1.0
1864 11980 1.0
11980 1864 1.0
1864 11978 28.0
11978 1864 28.0
11979 11980 40.0
11980 11979 40.0
11980 11981 10.0
11981 11980 10.0
1900 11982 52.0
11982 1900 52.0
1900 11981 11.0
11981 1900 11.0
1900 11940 12.0
11940 1900 12.0
11982 12054 24.0
12054 11982 24.0
11983 11984 5.0
11984 11983 5.0
11983 12041 20.0
12041 11983 20.0
11984 12042 20.0
12042 11984 20.0
3138 11984 1.0
11984 3138 1.0
3138 11929 17.0
11929 3138 17.0
11985 11986 8.0
11986 11985 8.0
11986 11987 7.0
11987 11986 7.0
11986 12104 50.0
12104 11986 50.0
2389 11988 53.0
11988 2389 53.0
2389 12118 53.0
12118 2389 53.0
2389 11987 7.0
11987 2389 7.0
2389 11883 38.0
11883 2389 38.0
11988 11989 1.0
11989 11988 1.0
11989 11990 27.0
11990 11989 27.0
11989 12071 39.0
12071 11989 39.0
11990 11991 42.0
11991 11990 42.0
11991 11992 53.0
11992 11991 53.0
11992 11993 6.0
11993 11992 6.0
11993 11994 12.0
11994 11993 12.0
11993 12043 19.0
12043 11993 19.0
11994 11995 39.0
11995 11994 39.0
11994 12044 19.0
12044 11994 19.0
11995 11996 3.0
11996 11995 3.0
2810 12045 19.0
12045 2810 19.0
2810 11996 18.0
11996 2810 18.0
2810 11914 27.0
11914 2810 27.0
3592 11997 29.0
11997 3592 29.0
3592 11905 31.0
11905 3592 31.0
640 11998 21.0
11998 640 21.0
640 12125 50.0
12125 640 50.0
640 11935 19.0
11935 640 19.0
11998 12132 53.0
12132 11998 53.0
11999 12000 3.0
12000 11999 3.0
1794 12000 49.0
12000 1794 49.0
1794 11979 7.0
11979 1794 7.0
12001 12002 28.0
12002 12001 28.0
12002 12003 3.0
12003 12002 3.0
12002 12018 5.0
12018 12002 5.0
12003 12004 18.0
12004 12003 18.0
12004 12005 33.0
12005 12004 33.0
1447 12006 18.0
12006 1447 18.0
1447 12095 38.0
12095 1447 38.0
1447 12005 19.0
12005 1447 19.0
1447 11939 21.0
11939 1447 21.0
12007 12008 19.0
12008 12007 19.0
12008 12038 9.0
12038 12008 9.0
4070 12009 21.0
12009 4070 21.0
4070 12008 12.0
12008 4070 12.0
4070 11924 29.0
11924 4070 29.0
12009 12051 14.0
12051 12009 14.0
1107 12011 29.0
12011 1107 29.0
1107 12010 7.0
12010 1107 7.0
1107 11976 11.0
11976 1107 11.0
3840 12012 32.0
12012 3840 32.0
3840 12079 31.0
12079 3840 31.0
3840 11949 23.0
11949 3840 23.0
12013 12014 5.0
12014 12013 5.0
12013 12067 18.0
12067 12013 18.0
12014 12015 17.0
12015 12014 17.0
12014 12068 18.0
12068 12014 18.0
4318 12016 29.0
12016 4318 29.0
4318 12087 31.0
12087 4318 31.0
4318 12015 6.0
12015 4318 6.0
4318 11964 19.0
11964 4318 19.0
1270 12018 28.0
12018 1270 28.0
1270 12092 33.0
12092 1270 33.0
1270 12017 28.0
12017 1270 28.0
1270 12001 5.0
12001 1270 5.0
12018 12093 33.0
12093 12018 33.0
12019 12020 2.0
12020 12019 2.0
12019 12028 2.0
12028 12019 2.0
12020 12021 12.0
12021 12020 12.0
12020 12029 2.0
12029 12020 2.0
12021 12022 25.0
12022 12021 25.0
12021 12030 2.0
12030 12021 2.0
12022 12031 2.0
12031 12022 2.0
909 12023 1.0
12023 909 1.0
909 12032 2.0
12032 909 2.0
909 12022 23.0
12022 909 23.0
909 11956 23.0
11956 909 23.0
12023 12024 39.0
12024 12023 39.0
12023 12033 2.0
12033 12023 2.0
3933 12025 12.0
12025 3933 12.0
3933 12035 3.0
12035 3933 3.0
3933 12012 42.0
12012 3933 42.0
3933 11897 49.0
11897 3933 49.0
12025 12036 3.0
12036 12025 3.0
12026 12027 8.0
12027 12026 8.0
12026 12053 7.0
12053 12026 7.0
4221 12027 10.0
12027 4221 10.0
12028 12029 2.0
12029 12028 2.0
12029 12030 12.0
12030 12029 12.0
12030 12031 25.0
12031 12030 25.0
12030 12080 25.0
12080 12030 25.0
12031 12032 23.0
12032 12031 23.0
12031 12081 25.0
12081 12031 25.0
12032 12033 1.0
12033 12032 1.0
12032 12165 57.0
12165 12032 57.0
12033 12034 36.0
12034 12033 36.0
979 12191 60.0
12191 979 60.0
979 12034 3.0
12034 979 3.0
979 12024 2.0
12024 979 2.0
12035 12036 12.0
12036 12035 12.0
12035 12062 20.0
12062 12035 20.0
12036 12037 17.0
12037 12036 17.0
12036 12062 8.0
12062 12036 8.0
4035 12038 19.0
12038 4035 19.0
4035 12063 8.0
12063 4035 8.0
4035 12037 41.0
12037 4035 41.0
4035 12007 9.0
12007 4035 9.0
1878 12152 52.0
12152 1878 52.0
1878 11981 20.0
11981 1878 20.0
12039 12040 16.0
12040 12039 16.0
3104 12041 15.0
12041 3104 15.0
3104 12046 1.0
12046 3104 1.0
3104 12040 41.0
12040 3104 41.0
12041 12042 5.0
12042 12041 5.0
12041 12048 1.0
12048 12041 1.0
12043 12044 12.0
12044 12043 12.0
2772 12045 21.0
12045 2772 21.0
2772 12066 8.0
12066 2772 8.0
2772 12044 39.0
12044 2772 39.0
2772 11995 19.0
11995 2772 19.0
12045 12088 22.0
12088 12045 22.0
12046 12047 9.0
12047 12046 9.0
12046 12065 39.0
12065 12046 39.0
12047 12048 6.0
12048 12047 6.0
3135 12099 29.0
12099 3135 29.0
3135 12048 5.0
12048 3135 5.0
3135 12042 1.0
12042 3135 1.0
3500 11997 50.0
11997 3500 50.0
12049 12050 14.0
12050 12049 14.0
12049 12082 19.0
12082 12049 19.0
12050 12083 19.0
12083 12050 19.0
1224 12090 24.0
12090 1224 24.0
1224 12050 11.0
12050 1224 11.0
1224 12017 12.0
12017 1224 12.0
12051 12052 28.0
12052 12051 28.0
4167 12053 43.0
12053 4167 43.0
4167 12052 51.0
12052 4167 51.0
4167 12026 50.0
12026 4167 50.0
12053 12064 3.0
12064 12053 3.0
12054 12153 48.0
12153 12054 48.0
2045 12055 33.0
12055 2045 33.0
2045 12073 13.0
12073 2045 13.0
2045 12054 37.0
12054 2045 37.0
2045 11942 36.0
11942 2045 36.0
12055 12075 13.0
12075 12055 13.0
12056 12057 12.0
12057 12056 12.0
12057 12058 8.0
12058 12057 8.0
12057 12069 8.0
12069 12057 8.0
12058 12059 27.0
12059 12058 27.0
12058 12070 8.0
12070 12058 8.0
12059 12060 2.0
12060 12059 2.0
12059 12114 29.0
12114 12059 29.0
12060 12115 29.0
12115 12060 29.0
1700 12060 2.0
12060 1700 2.0
1700 11999 18.0
11999 1700 18.0
3292 12061 21.0
12061 3292 21.0
3292 12229 70.0
12229 3292 70.0
3292 12139 61.0
12139 3292 61.0
3976 12063 41.0
12063 3976 41.0
3976 12192 51.0
12192 3976 51.0
3976 12062 17.0
12062 3976 17.0
3976 12037 8.0
12037 3976 8.0
12063 12098 23.0
12098 12063 23.0
12064 12170 48.0
12170 12064 48.0
4212 12187 50.0
12187 4212 50.0
4212 12064 8.0
12064 4212 8.0
4212 12027 10.0
12027 4212 10.0
3328 12096 21.0
12096 3328 21.0
3328 12061 1.0
12061 3328 1.0
3030 12065 9.0
12065 3030 9.0
3030 12135 31.0
12135 3030 31.0
3030 12039 24.0
12039 3030 24.0
3030 12040 8.0
12040 3030 8.0
2678 12066 51.0
12066 2678 51.0
2678 11992 33.0
11992 2678 33.0
2678 12043 8.0
12043 2678 8.0
12066 12088 35.0
12088 12066 35.0
4290 12067 13.0
12067 4290 13.0
4290 12084 13.0
12084 4290 13.0
4290 12013 31.0
12013 4290 31.0
12067 12068 5.0
12068 12067 5.0
12067 12085 13.0
12085 12067 13.0
12068 12086 13.0
12086 12068 13.0
1607 12069 12.0
12069 1607 12.0
1607 12111 21.0
12111 1607 21.0
1607 12056 8.0
12056 1607 8.0
12069 12070 8.0
12070 12069 8.0
12069 12112 21.0
12112 12069 21.0
12071 12072 16.0
12072 12071 16.0
12072 12120 19.0
12120 12072 19.0
2520 12121 19.0
12121 2520 19.0
2520 12072 5.0
12072 2520 5.0
2520 11990 33.0
11990 2520 33.0
12073 12074 8.0
12074 12073 8.0
12073 12154 35.0
12154 12073 35.0
12074 12075 25.0
12075 12074 25.0
2158 12076 17.0
12076 2158 17.0
2158 12100 15.0
12100 2158 15.0
2158 12075 28.0
12075 2158 28.0
2158 11946 49.0
11946 2158 49.0
12076 12077 15.0
12077 12076 15.0
12076 12101 15.0
12101 12076 15.0
12077 12102 15.0
12102 12077 15.0
3800 12079 30.0
12079 3800 30.0
3800 12078 18.0
12078 3800 18.0
4124 12168 33.0
12168 4124 33.0
4124 12051 46.0
12051 4124 46.0
4124 12052 18.0
12052 4124 18.0
806 12080 14.0
12080 806 14.0
806 12163 32.0
12163 806 32.0
806 12028 25.0
12028 806 25.0
12080 12081 25.0
12081 12080 25.0
12080 12164 32.0
12164 12080 32.0
1151 12082 16.0
12082 1151 16.0
1151 12105 27.0
12105 1151 27.0
1151 12011 32.0
12011 1151 32.0
12082 12083 14.0
12083 12082 14.0
12082 12105 11.0
12105 12082 11.0
12083 12089 5.0
12089 12083 5.0
12084 12085 13.0
12085 12084 13.0
12084 12142 28.0
12142 12084 28.0
12085 12086 5.0
12086 12085 5.0
12085 12143 28.0
12143 12085 28.0
12086 12087 23.0
12087 12086 23.0
4330 12176 31.0
12176 4330 31.0
4330 12087 29.0
12087 4330 29.0
4330 12016 31.0
12016 4330 31.0
2830 12088 9.0
12088 2830 9.0
12089 12090 11.0
12090 12089 11.0
12090 12091 9.0
12091 12090 9.0
12090 12107 6.0
12107 12090 6.0
12091 12092 22.0
12092 12091 22.0
12092 12093 28.0
12093 12092 28.0
12093 12094 18.0
12094 12093 18.0
12093 12109 7.0
12109 12093 7.0
12094 12124 9.0
12124 12094 9.0
1358 12095 52.0
12095 1358 52.0
1358 12094 3.0
12094 1358 3.0
1358 12004 38.0
12004 1358 38.0
12096 12238 50.0
12238 12096 50.0
12096 12230 52.0
12230 12096 52.0
3358 12239 50.0
12239 3358 50.0
3358 12096 19.0
12096 3358 19.0
12097 12196 29.0
12196 12097 29.0
3758 12097 33.0
12097 3758 33.0
3758 12078 20.0
12078 3758 20.0
12098 12194 28.0
12194 12098 28.0
4057 12195 28.0
12195 4057 28.0
4057 12098 19.0
12098 4057 19.0
4057 12038 31.0
12038 4057 31.0
3121 12099 11.0
12099 3121 11.0
3121 12156 22.0
12156 3121 22.0
3121 12136 11.0
12136 3121 11.0
3121 12047 29.0
12047 3121 29.0
12099 12138 42.0
12138 12099 42.0
12100 12101 17.0
12101 12100 17.0
12100 12126 24.0
12126 12100 24.0
12101 12102 15.0
12102 12101 15.0
12101 12126 7.0
12126 12101 7.0
12102 12103 7.0
12103 12102 7.0
12102 12127 7.0
12127 12102 7.0
2351 12104 8.0
12104 2351 8.0
2351 12116 3.0
12116 2351 3.0
2351 12103 71.0
12103 2351 71.0
2351 11985 50.0
11985 2351 50.0
12104 12117 3.0
12117 12104 3.0
3498 12137 9.0
12137 3498 9.0
3498 3500 31.0
3500 3498 31.0
3839 12079 11.0
12079 3839 11.0
12105 12106 2.0
12106 12105 2.0
12106 12214 32.0
12214 12106 32.0
1205 12107 11.0
12107 1205 11.0
1205 12108 12.0
12108 1205 12.0
1205 12106 12.0
12106 1205 12.0
1205 12089 6.0
12089 1205 6.0
12107 12108 1.0
12108 12107 1.0
1234 12109 50.0
12109 1234 50.0
1234 12122 2.0
12122 1234 2.0
1234 12108 9.0
12108 1234 9.0
1234 12091 7.0
12091 1234 7.0
12110 12111 5.0
12111 12110 5.0
12110 12147 18.0
12147 12110 18.0
12110 12134 33.0
12134 12110 33.0
12111 12112 12.0
12112 12111 12.0
12111 12148 18.0
12148 12111 18.0
12112 12113 5.0
12113 12112 5.0
12112 12149 18.0
12149 12112 18.0
12113 12150 18.0
12150 12113 18.0
1646 12114 27.0
12114 1646 27.0
1646 12151 18.0
12151 1646 18.0
1646 12113 3.0
12113 1646 3.0
1646 12070 21.0
12070 1646 21.0
12114 12115 2.0
12115 12114 2.0
12114 12184 22.0
12184 12114 22.0
12116 12117 8.0
12117 12116 8.0
12116 12128 4.0
12128 12116 4.0
12117 12118 14.0
12118 12117 14.0
12117 12166 19.0
12166 12117 19.0
12118 12119 28.0
12119 12118 28.0
2481 12120 16.0
12120 2481 16.0
2481 12167 19.0
12167 2481 19.0
2481 12119 31.0
12119 2481 31.0
2481 12071 19.0
12071 2481 19.0
12120 12121 5.0
12121 12120 5.0
12120 12274 52.0
12274 12120 52.0
12121 12275 52.0
12275 12121 52.0
12122 12123 29.0
12123 12122 29.0
12122 12215 29.0
12215 12122 29.0
1311 12124 18.0
12124 1311 18.0
1311 12216 29.0
12216 1311 29.0
1311 12123 21.0
12123 1311 21.0
1311 12109 2.0
12109 1311 2.0
608 12125 22.0
12125 608 22.0
608 12130 3.0
12130 608 3.0
608 12129 5.0
12129 608 5.0
12125 12131 3.0
12131 12125 3.0
12126 12127 15.0
12127 12126 15.0
2221 12128 71.0
12128 2221 71.0
2221 12127 7.0
12127 2221 7.0
2221 12103 7.0
12103 2221 7.0
12128 12166 23.0
12166 12128 23.0
12129 12130 2.0
12130 12129 2.0
12129 12158 14.0
12158 12129 14.0
12130 12131 22.0
12131 12130 22.0
12130 12159 14.0
12159 12130 14.0
12131 12132 21.0
12132 12131 21.0
12132 12133 15.0
12133 12132 15.0
12133 12160 14.0
12160 12133 14.0
696 12161 14.0
12161 696 14.0
696 12133 2.0
12133 696 2.0
1478 12134 50.0
12134 1478 50.0
1478 12145 12.0
12145 1478 12.0
1478 12095 31.0
12095 1478 31.0
1478 12006 51.0
12006 1478 51.0
12135 12140 28.0
12140 12135 28.0
3045 12136 39.0
12136 3045 39.0
3045 12141 9.0
12141 3045 9.0
3045 12135 9.0
12135 3045 9.0
3045 12065 31.0
12065 3045 31.0
12136 12155 13.0
12155 12136 13.0
3470 12137 21.0
12137 3470 21.0
3470 12210 23.0
12210 3470 23.0
3470 12209 25.0
12209 3470 25.0
3470 3498 30.0
3498 3470 30.0
12137 12211 23.0
12211 12137 23.0
3220 12139 29.0
12139 3220 29.0
3220 12157 9.0
12157 3220 9.0
3220 12138 20.0
12138 3220 20.0
2922 12140 41.0
12140 2922 41.0
2922 2991 43.0
2991 2922 43.0
2991 12141 30.0
12141 2991 30.0
2991 12140 2.0
12140 2991 2.0
12141 12219 23.0
12219 12141 23.0
12142 12143 13.0
12143 12142 13.0
12142 12171 16.0
12171 12142 16.0
12143 12144 3.0
12144 12143 3.0
12143 12172 3.0
12172 12143 3.0
12144 12173 3.0
12173 12144 3.0
4304 12174 3.0
12174 4304 3.0
4304 12144 2.0
12144 4304 2.0
4304 12086 28.0
12086 4304 28.0
12145 12146 8.0
12146 12145 8.0
12145 12315 49.0
12315 12145 49.0
12146 12291 43.0
12291 12146 43.0
1556 12147 27.0
12147 1556 27.0
1556 12292 43.0
12292 1556 43.0
1556 12146 42.0
12146 1556 42.0
1556 12134 12.0
12134 1556 12.0
12147 12148 5.0
12148 12147 5.0
12147 12293 43.0
12293 12147 43.0
12148 12149 12.0
12149 12148 12.0
12148 12181 16.0
12181 12148 16.0
12149 12150 5.0
12150 12149 5.0
12149 12181 4.0
12181 12149 4.0
12150 12151 3.0
12151 12150 3.0
12150 12182 4.0
12182 12150 4.0
12151 12183 4.0
12183 12151 4.0
12152 12222 36.0
12222 12152 36.0
1944 12153 15.0
12153 1944 15.0
1944 12177 3.0
12177 1944 3.0
1944 12152 48.0
12152 1944 48.0
12153 12154 37.0
12154 12153 37.0
12153 12178 3.0
12178 12153 3.0
12154 12180 3.0
12180 12154 3.0
12155 12156 2.0
12156 12155 2.0
3180 12157 20.0
12157 3180 20.0
3180 12221 19.0
12221 3180 19.0
3180 12156 40.0
12156 3180 40.0
3180 12138 9.0
12138 3180 9.0
12157 12226 23.0
12226 12157 23.0
12158 12159 2.0
12159 12158 2.0
12159 12160 58.0
12160 12159 58.0
12160 12161 2.0
12161 12160 2.0
12161 12162 58.0
12162 12161 58.0
12161 12244 26.0
12244 12161 26.0
12162 12163 14.0
12163 12162 14.0
12163 12164 14.0
12164 12163 14.0
12164 12325 49.0
12325 12164 49.0
866 12165 23.0
12165 866 23.0
866 12188 3.0
12188 866 3.0
866 12164 25.0
12164 866 25.0
866 12081 32.0
12081 866 32.0
12165 12190 3.0
12190 12165 3.0
2421 12167 31.0
12167 2421 31.0
2421 12166 42.0
12166 2421 42.0
2421 12119 19.0
12119 2421 19.0
12167 12274 49.0
12274 12167 49.0
12168 12169 8.0
12169 12168 8.0
4158 4179 20.0
4179 4158 20.0
4158 12169 31.0
12169 4158 31.0
4179 12170 35.0
12170 4179 35.0
4179 12185 37.0
12185 4179 37.0
12170 12185 2.0
12185 12170 2.0
12171 12172 26.0
12172 12171 26.0
12171 12198 4.0
12198 12171 4.0
12172 12173 3.0
12173 12172 3.0
12172 12200 6.0
12200 12172 6.0
12173 12174 2.0
12174 12173 2.0
12173 12201 6.0
12201 12173 6.0
12174 12175 29.0
12175 12174 29.0
12174 12261 29.0
12261 12174 29.0
12175 12176 23.0
12176 12175 23.0
4334 12262 29.0
12262 4334 29.0
4334 12176 9.0
12176 4334 9.0
12177 12178 15.0
12178 12177 15.0
12177 12224 19.0
12224 12177 19.0
12178 12179 24.0
12179 12178 24.0
12179 12180 13.0
12180 12179 13.0
2058 12225 19.0
12225 2058 19.0
2058 12180 8.0
12180 2058 8.0
2058 12074 38.0
12074 2058 38.0
12181 12182 5.0
12182 12181 5.0
12182 12183 3.0
12183 12182 3.0
12182 12270 31.0
12270 12182 31.0
12183 12184 27.0
12184 12183 27.0
1695 12245 24.0
12245 1695 24.0
1695 12184 2.0
12184 1695 2.0
1695 12115 22.0
12115 1695 22.0
12185 12186 3.0
12186 12185 3.0
4211 12187 2.0
12187 4211 2.0
4211 12197 4.0
12197 4211 4.0
4211 12186 3.0
12186 4211 3.0
12187 12197 2.0
12197 12187 2.0
12188 12189 19.0
12189 12188 19.0
12188 12263 29.0
12263 12188 29.0
12189 12190 4.0
12190 12189 4.0
12190 12264 29.0
12264 12190 29.0
974 12191 3.0
12191 974 3.0
974 12217 11.0
12217 974 11.0
974 12190 37.0
12190 974 37.0
974 12034 60.0
12034 974 60.0
12191 12218 11.0
12218 12191 11.0
12192 12193 3.0
12193 12192 3.0
12192 12202 17.0
12202 12192 17.0
12193 12203 4.0
12203 12193 4.0
3986 12194 33.0
12194 3986 33.0
3986 12204 4.0
12204 3986 4.0
3986 12193 5.0
12193 3986 5.0
12194 12195 19.0
12195 12194 19.0
12194 12206 4.0
12206 12194 4.0
12195 12207 4.0
12207 12195 4.0
3696 12196 9.0
12196 3696 9.0
3696 12267 28.0
12267 3696 28.0
3696 12213 58.0
12213 3696 58.0
3696 12097 38.0
12097 3696 38.0
4247 12198 40.0
12198 4247 40.0
4247 12199 40.0
12199 4247 40.0
4247 12197 48.0
12197 4247 48.0
4282 12200 26.0
12200 4282 26.0
4282 12347 51.0
12347 4282 51.0
4282 12199 2.0
12199 4282 2.0
4282 12198 2.0
12198 4282 2.0
12200 12201 3.0
12201 12200 3.0
12200 12259 23.0
12259 12200 23.0
12201 12260 23.0
12260 12201 23.0
12202 12203 16.0
12203 12202 16.0
12203 12204 5.0
12204 12203 5.0
12203 12231 15.0
12231 12203 15.0
12204 12205 18.0
12205 12204 18.0
12205 12206 15.0
12206 12205 15.0
12206 12207 19.0
12207 12206 19.0
12206 12289 29.0
12289 12206 29.0
12207 12208 18.0
12208 12207 18.0
4085 12208 11.0
12208 4085 11.0
4085 12168 39.0
12168 4085 39.0
4134 12169 8.0
12169 4134 8.0
12209 12210 2.0
12210 12209 2.0
12210 12211 21.0
12211 12210 21.0
12210 12250 17.0
12250 12210 17.0
12211 12212 18.0
12212 12211 18.0
12211 12251 17.0
12251 12211 17.0
3570 12213 29.0
12213 3570 29.0
3570 12258 19.0
12258 3570 19.0
3570 12212 31.0
12212 3570 31.0
12214 12215 32.0
12215 12214 32.0
1284 12216 21.0
12216 1284 21.0
1284 12268 43.0
12268 1284 43.0
1284 12215 29.0
12215 1284 29.0
1284 12123 29.0
12123 1284 29.0
12216 12268 22.0
12268 12216 22.0
600 12241 13.0
12241 600 13.0
600 12240 34.0
12240 600 34.0
600 12158 13.0
12158 600 13.0
12217 12218 3.0
12218 12217 3.0
12217 12265 40.0
12265 12217 40.0
1025 12218 27.0
12218 1025 27.0
12219 12220 18.0
12220 12219 18.0
12219 12307 27.0
12307 12219 27.0
3116 12221 42.0
12221 3116 42.0
3116 12319 29.0
12319 3116 29.0
3116 12220 21.0
12220 3116 21.0
3116 12155 19.0
12155 3116 19.0
12221 12295 23.0
12295 12221 23.0
2365 2366 20.0
2366 2365 20.0
2365 12166 19.0
12166 2365 19.0
12222 12223 48.0
12223 12222 48.0
12223 12224 14.0
12224 12223 14.0
12223 12247 6.0
12247 12223 6.0
2015 12225 21.0
12225 2015 21.0
2015 12224 39.0
12224 2015 39.0
2015 12179 19.0
12179 2015 19.0
2076 12232 2.0
12232 2076 2.0
2076 12225 12.0
12225 2076 12.0
12226 12227 8.0
12227 12226 8.0
12226 12297 19.0
12297 12226 19.0
12227 12228 19.0
12228 12227 19.0
12227 12234 2.0
12234 12227 2.0
12228 12235 2.0
12235 12228 2.0
3260 12229 23.0
12229 3260 23.0
3260 12236 2.0
12236 3260 2.0
3260 12228 2.0
12228 3260 2.0
3260 12139 32.0
12139 3260 32.0
12229 12230 17.0
12230 12229 17.0
12229 12237 2.0
12237 12229 2.0
3958 12231 16.0
12231 3958 16.0
3958 12328 32.0
12328 3958 32.0
3958 12327 34.0
12327 3958 34.0
3958 12202 15.0
12202 3958 15.0
12231 12329 32.0
12329 12231 32.0
12232 12233 19.0
12233 12232 19.0
12232 12303 26.0
12303 12232 26.0
2183 12233 41.0
12233 2183 41.0
2183 12126 39.0
12126 2183 39.0
12234 12235 19.0
12235 12234 19.0
12235 12236 2.0
12236 12235 2.0
12235 12277 11.0
12277 12235 11.0
12236 12237 23.0
12237 12236 23.0
12236 12278 11.0
12278 12236 11.0
3319 12238 4.0
12238 3319 4.0
3319 12280 11.0
12280 3319 11.0
3319 12237 17.0
12237 3319 17.0
3319 12230 2.0
12230 3319 2.0
12238 12239 19.0
12239 12238 19.0
12238 12281 11.0
12281 12238 11.0
12239 12283 11.0
12283 12239 11.0
12240 12241 21.0
12241 12240 21.0
12241 12242 27.0
12242 12241 27.0
12241 12299 17.0
12299 12241 17.0
12242 12243 31.0
12243 12242 31.0
12242 12320 23.0
12320 12242 23.0
12243 12321 23.0
12321 12243 23.0
691 12244 2.0
12244 691 2.0
691 12322 23.0
12322 691 23.0
691 12243 2.0
12243 691 2.0
691 12160 26.0
12160 691 26.0
12244 12323 23.0
12323 12244 23.0
12245 12246 19.0
12246 12245 19.0
12245 12272 7.0
12272 12245 7.0
1855 12247 48.0
12247 1855 48.0
1855 12453 60.0
12453 1855 60.0
1855 12246 71.0
12246 1855 71.0
1855 12222 6.0
12222 1855 6.0
2630 12249 1.0
12249 2630 1.0
12248 12249 24.0
12249 12248 24.0
12248 12306 17.0
12306 12248 17.0
12248 12276 23.0
12276 12248 23.0
2692 12249 40.0
12249 2692 40.0
3467 12250 2.0
12250 3467 2.0
3467 12253 2.0
12253 3467 2.0
3467 12252 23.0
12252 3467 23.0
3467 12209 17.0
12209 3467 17.0
12250 12251 21.0
12251 12250 21.0
12250 12254 2.0
12254 12250 2.0
12251 12256 2.0
12256 12251 2.0
1183 12214 18.0
12214 1183 18.0
12252 12253 21.0
12253 12252 21.0
12252 12284 6.0
12284 12252 6.0
12253 12254 2.0
12254 12253 2.0
12253 12345 28.0
12345 12253 28.0
12254 12255 17.0
12255 12254 17.0
12254 12346 28.0
12346 12254 28.0
12255 12256 4.0
12256 12255 4.0
12256 12257 16.0
12257 12256 16.0
12256 12383 40.0
12383 12256 40.0
12257 12384 40.0
12384 12257 40.0
3528 12258 31.0
12258 3528 31.0
3528 12387 41.0
12387 3528 41.0
3528 12257 2.0
12257 3528 2.0
3528 12212 19.0
12212 3528 19.0
12258 12266 3.0
12266 12258 3.0
12259 12260 3.0
12260 12259 3.0
12259 12348 28.0
12348 12259 28.0
12260 12261 2.0
12261 12260 2.0
12260 12349 28.0
12349 12260 28.0
4323 12262 32.0
12262 4323 32.0
4323 12354 29.0
12354 4323 29.0
4323 12261 29.0
12261 4323 29.0
4323 12175 29.0
12175 4323 29.0
12262 12432 53.0
12432 12262 53.0
12263 12300 14.0
12300 12263 14.0
900 12264 4.0
12264 900 4.0
900 12301 11.0
12301 900 11.0
900 12263 19.0
12263 900 19.0
900 12189 29.0
12189 900 29.0
12264 12265 15.0
12265 12264 15.0
12264 12302 11.0
12302 12264 11.0
12266 12388 38.0
12388 12266 38.0
3614 12267 52.0
12267 3614 52.0
3614 12285 3.0
12285 3614 3.0
3614 12266 29.0
12266 3614 29.0
3614 12213 22.0
12213 3614 22.0
12267 12287 3.0
12287 12267 3.0
12268 12269 7.0
12269 12268 7.0
12269 12311 14.0
12311 12269 14.0
1349 12312 14.0
12312 1349 14.0
1349 12269 11.0
12269 1349 11.0
1349 12124 51.0
12124 1349 51.0
12270 12271 26.0
12271 12270 26.0
12271 12272 6.0
12272 12271 6.0
12271 12294 8.0
12294 12271 8.0
12272 12273 17.0
12273 12272 17.0
1731 12438 50.0
12438 1731 50.0
1731 12273 2.0
12273 1731 2.0
1731 12246 7.0
12246 1731 7.0
12274 12275 5.0
12275 12274 5.0
12274 12304 11.0
12304 12274 11.0
2531 12276 20.0
12276 2531 20.0
2531 12305 11.0
12305 2531 11.0
2531 12275 7.0
12275 2531 7.0
12277 12278 2.0
12278 12277 2.0
12277 12298 6.0
12298 12277 6.0
12278 12279 29.0
12279 12278 29.0
12278 12337 20.0
12337 12278 20.0
12279 12280 11.0
12280 12279 11.0
12279 12338 20.0
12338 12279 20.0
12280 12281 4.0
12281 12280 4.0
12280 12340 20.0
12340 12280 20.0
12281 12282 15.0
12282 12281 15.0
12282 12283 4.0
12283 12282 4.0
3396 12284 30.0
12284 3396 30.0
3396 12341 20.0
12341 3396 20.0
3396 12283 17.0
12283 3396 17.0
12285 12286 19.0
12286 12285 19.0
12285 12308 10.0
12308 12285 10.0
12286 12287 33.0
12287 12286 33.0
12286 12309 10.0
12309 12286 10.0
12287 12288 8.0
12288 12287 8.0
3709 12310 10.0
12310 3709 10.0
3709 12288 1.0
12288 3709 1.0
3709 12196 31.0
12196 3709 31.0
12289 12290 5.0
12290 12289 5.0
12289 12330 18.0
12330 12289 18.0
12290 12331 18.0
12331 12290 18.0
4076 12376 29.0
12376 4076 29.0
4076 12290 32.0
12290 4076 32.0
4076 12208 29.0
12208 4076 29.0
12291 12292 42.0
12292 12291 42.0
12292 12293 27.0
12293 12292 27.0
1641 12294 26.0
12294 1641 26.0
1641 12421 39.0
12421 1641 39.0
1641 12293 22.0
12293 1641 22.0
1641 12270 8.0
12270 1641 8.0
12294 12437 42.0
12437 12294 42.0
12295 12296 5.0
12296 12295 5.0
12295 12333 14.0
12333 12295 14.0
12295 12332 17.0
12332 12295 17.0
12296 12297 15.0
12297 12296 15.0
12296 12334 14.0
12334 12296 14.0
3227 12298 19.0
12298 3227 19.0
3227 12335 14.0
12335 3227 14.0
3227 12297 8.0
12297 3227 8.0
3227 12234 17.0
12234 3227 17.0
12298 12336 14.0
12336 12298 14.0
571 12299 21.0
12299 571 21.0
571 12240 17.0
12240 571 17.0
12299 12320 33.0
12320 12299 33.0
12300 12301 22.0
12301 12300 22.0
12300 12326 6.0
12326 12300 6.0
12301 12302 4.0
12302 12301 4.0
939 12302 15.0
12302 939 15.0
939 12265 11.0
12265 939 11.0
2114 12303 12.0
12303 2114 12.0
2114 12233 19.0
12233 2114 19.0
2903 12365 20.0
12365 2903 20.0
12304 12305 12.0
12305 12304 12.0
2557 12306 17.0
12306 2557 17.0
2557 12472 53.0
12472 2557 53.0
2557 12305 20.0
12305 2557 20.0
2557 12276 11.0
12276 2557 11.0
12306 12473 53.0
12473 12306 53.0
3007 12307 23.0
12307 3007 23.0
3007 12316 2.0
12316 3007 2.0
12307 12317 2.0
12317 12307 2.0
12308 12309 19.0
12309 12308 19.0
12308 12410 28.0
12410 12308 28.0
3707 12310 1.0
12310 3707 1.0
3707 12342 11.0
12342 3707 11.0
3707 12309 41.0
12309 3707 41.0
3707 12288 10.0
12288 3707 10.0
12310 12343 11.0
12343 12310 11.0
12311 12312 11.0
12312 12311 11.0
12312 12313 49.0
12313 12312 49.0
12312 12407 26.0
12407 12312 26.0
12313 12314 19.0
12314 12313 19.0
12314 12315 5.0
12315 12314 5.0
12314 12415 29.0
12415 12314 29.0
1497 12416 29.0
12416 1497 29.0
1497 12315 8.0
12315 1497 8.0
1497 12291 6.0
12291 1497 6.0
12316 12317 23.0
12317 12316 23.0
12316 12417 30.0
12417 12316 30.0
12317 12318 6.0
12318 12317 6.0
12318 12355 12.0
12355 12318 12.0
3075 12319 21.0
12319 3075 21.0
3075 12356 12.0
12356 3075 12.0
3075 12318 12.0
12318 3075 12.0
3075 12220 29.0
12220 3075 29.0
12319 12357 12.0
12357 12319 12.0
12320 12321 31.0
12321 12320 31.0
12321 12322 2.0
12322 12321 2.0
12321 12389 22.0
12389 12321 22.0
12322 12323 2.0
12323 12322 2.0
12322 12390 22.0
12390 12322 22.0
12323 12324 35.0
12324 12323 35.0
12323 12391 22.0
12391 12323 22.0
12324 12392 22.0
12392 12324 22.0
784 12325 28.0
12325 784 28.0
784 12394 22.0
12394 784 22.0
784 12324 23.0
12324 784 23.0
784 12162 49.0
12162 784 49.0
12325 12326 22.0
12326 12325 22.0
12325 12395 22.0
12395 12325 22.0
3835 12364 11.0
12364 3835 11.0
12327 12328 2.0
12328 12327 2.0
12328 12329 16.0
12329 12328 16.0
12329 12373 11.0
12373 12329 11.0
4013 12330 15.0
12330 4013 15.0
4013 12374 11.0
12374 4013 11.0
4013 12329 23.0
12329 4013 23.0
4013 12205 47.0
12205 4013 47.0
12330 12331 5.0
12331 12330 5.0
12330 12375 11.0
12375 12330 11.0
12332 12333 3.0
12333 12332 3.0
12332 12358 4.0
12358 12332 4.0
12333 12334 5.0
12334 12333 5.0
12333 12359 5.0
12359 12333 5.0
12334 12335 23.0
12335 12334 23.0
12334 12360 5.0
12360 12334 5.0
12335 12336 19.0
12336 12335 19.0
12335 12361 5.0
12361 12335 5.0
12336 12337 2.0
12337 12336 2.0
12336 12370 8.0
12370 12336 8.0
12337 12338 29.0
12338 12337 29.0
12338 12339 8.0
12339 12338 8.0
12339 12340 3.0
12340 12339 3.0
12339 12372 8.0
12372 12339 8.0
3349 12341 21.0
12341 3349 21.0
3349 12340 19.0
12340 3349 19.0
3349 12282 20.0
12282 3349 20.0
12341 12344 31.0
12344 12341 31.0
12342 12343 1.0
12343 12342 1.0
12342 12411 29.0
12411 12342 29.0
3739 12362 4.0
12362 3739 4.0
3739 12343 19.0
12343 3739 19.0
12344 12379 12.0
12379 12344 12.0
3435 12345 21.0
12345 3435 21.0
3435 12380 12.0
12380 3435 12.0
3435 12344 1.0
12344 3435 1.0
3435 12284 22.0
12284 3435 22.0
12345 12346 2.0
12346 12345 2.0
12345 12381 12.0
12381 12345 12.0
12346 12382 12.0
12382 12346 12.0
4280 12347 2.0
12347 4280 2.0
4280 12350 1.0
12350 4280 1.0
4280 12199 51.0
12199 4280 51.0
12347 12348 26.0
12348 12347 26.0
12347 12351 1.0
12351 12347 1.0
12348 12349 3.0
12349 12348 3.0
12348 12353 1.0
12353 12348 1.0
12350 12351 2.0
12351 12350 2.0
12350 12454 30.0
12454 12350 30.0
12351 12352 17.0
12352 12351 17.0
12352 12353 9.0
12353 12352 9.0
12352 12429 24.0
12429 12352 24.0
4301 12354 31.0
12354 4301 31.0
4301 12430 24.0
12430 4301 24.0
4301 12353 3.0
12353 4301 3.0
4301 12349 1.0
12349 4301 1.0
12354 12431 24.0
12431 12354 24.0
12355 12356 12.0
12356 12355 12.0
12356 12357 21.0
12357 12356 21.0
12356 12419 18.0
12419 12356 18.0
3130 12358 30.0
12358 3130 30.0
3130 3175 31.0
3175 3130 31.0
3130 12357 9.0
12357 3130 9.0
3175 12359 3.0
12359 3175 3.0
3175 12366 3.0
12366 3175 3.0
3175 12358 1.0
12358 3175 1.0
12359 12360 5.0
12360 12359 5.0
12359 12367 3.0
12367 12359 3.0
12360 12361 23.0
12361 12360 23.0
12360 12368 3.0
12368 12360 3.0
12361 12369 3.0
12369 12361 3.0
12362 12363 20.0
12363 12362 20.0
12362 12377 7.0
12377 12362 7.0
12363 12364 51.0
12364 12363 51.0
12364 12378 7.0
12378 12364 7.0
3880 12406 12.0
12406 3880 12.0
3880 12364 40.0
12364 3880 40.0
2859 12365 30.0
12365 2859 30.0
2513 12478 39.0
12478 2513 39.0
2513 12304 19.0
12304 2513 19.0
12366 12367 3.0
12367 12366 3.0
12366 12398 9.0
12398 12366 9.0
12367 12368 5.0
12368 12367 5.0
12367 12399 9.0
12399 12367 9.0
12368 12369 23.0
12369 12368 23.0
12368 12400 9.0
12400 12368 9.0
12369 12370 19.0
12370 12369 19.0
12369 12401 9.0
12401 12369 9.0
12370 12371 18.0
12371 12370 18.0
12371 12402 9.0
12402 12371 9.0
3298 12372 8.0
12372 3298 8.0
3298 12403 9.0
12403 3298 9.0
3298 12371 13.0
12371 3298 13.0
3298 12338 8.0
12338 3298 8.0
4207 12428 29.0
12428 4207 29.0
4207 12186 61.0
12186 4207 61.0
12373 12374 23.0
12374 12373 23.0
12373 12413 8.0
12413 12373 8.0
12374 12375 15.0
12375 12374 15.0
4042 12376 32.0
12376 4042 32.0
4042 12375 5.0
12375 4042 5.0
4042 12331 11.0
12331 4042 11.0
12376 12420 31.0
12420 12376 31.0
12377 12471 32.0
12471 12377 32.0
3768 12378 51.0
12378 3768 51.0
3768 12377 20.0
12377 3768 20.0
3768 12363 7.0
12363 3768 7.0
12378 12404 5.0
12404 12378 5.0
12379 12380 1.0
12380 12379 1.0
12380 12381 21.0
12381 12380 21.0
12381 12382 2.0
12382 12381 2.0
3490 12383 4.0
12383 3490 4.0
3490 12385 5.0
12385 3490 5.0
3490 12382 17.0
12382 3490 17.0
3490 12255 40.0
12255 3490 40.0
12383 12384 16.0
12384 12383 16.0
12383 12385 1.0
12385 12383 1.0
12385 12386 5.0
12386 12385 5.0
3525 12387 2.0
12387 3525 2.0
3525 12422 11.0
12422 3525 11.0
3525 12386 11.0
12386 3525 11.0
3525 12384 1.0
12384 3525 1.0
12387 12388 31.0
12388 12387 31.0
12387 12423 11.0
12423 12387 11.0
12388 12408 3.0
12408 12388 3.0
12389 12390 2.0
12390 12389 2.0
12390 12391 2.0
12391 12390 2.0
12390 12443 15.0
12443 12390 15.0
12391 12392 35.0
12392 12391 35.0
12391 12444 15.0
12444 12391 15.0
12392 12393 9.0
12393 12392 9.0
12392 12445 15.0
12445 12392 15.0
12393 12394 14.0
12394 12393 14.0
12393 12484 37.0
12484 12393 37.0
12394 12395 28.0
12395 12394 28.0
12394 12489 40.0
12489 12394 40.0
12395 12396 10.0
12396 12395 10.0
12396 12397 8.0
12397 12396 8.0
12397 12490 40.0
12490 12397 40.0
861 12397 4.0
12397 861 4.0
861 12326 22.0
12326 861 22.0
12398 12399 3.0
12399 12398 3.0
12398 12474 29.0
12474 12398 29.0
12399 12400 5.0
12400 12399 5.0
12399 12475 29.0
12475 12399 29.0
12400 12401 23.0
12401 12400 23.0
3252 12402 18.0
12402 3252 18.0
3252 12476 29.0
12476 3252 29.0
3252 12401 19.0
12401 3252 19.0
3252 12370 9.0
12370 3252 9.0
12402 12403 13.0
12403 12402 13.0
12402 12499 42.0
12499 12402 42.0
12403 12500 42.0
12500 12403 42.0
12404 12405 29.0
12405 12404 29.0
12404 12467 25.0
12467 12404 25.0
12405 12406 11.0
12406 12405 11.0
3922 12412 10.0
12412 3922 10.0
3922 12406 30.0
12406 3922 30.0
1329 12407 11.0
12407 1329 11.0
1329 12414 14.0
12414 1329 14.0
1329 12311 26.0
12311 1329 26.0
12407 12414 3.0
12414 12407 3.0
2090 12496 51.0
12496 2090 51.0
2090 12303 30.0
12303 2090 30.0
2901 12439 30.0
12439 2901 30.0
2901 12365 11.0
12365 2901 11.0
12408 12409 6.0
12409 12408 6.0
12408 12424 8.0
12424 12408 8.0
12409 12410 23.0
12410 12409 23.0
12409 12425 8.0
12425 12409 8.0
3648 12411 29.0
12411 3648 29.0
3648 12469 19.0
12469 3648 19.0
3648 12410 19.0
12410 3648 19.0
3648 12309 28.0
12309 3648 28.0
3954 12413 18.0
12413 3954 18.0
3954 12412 11.0
12412 3954 11.0
3954 12327 19.0
12327 3954 19.0
1432 12415 19.0
12415 1432 19.0
1432 12505 48.0
12505 1432 48.0
1432 12414 49.0
12414 1432 49.0
1432 12313 29.0
12313 1432 29.0
12415 12416 13.0
12416 12415 13.0
12415 12485 32.0
12485 12415 32.0
12416 12465 31.0
12465 12416 31.0
12417 12418 27.0
12418 12417 27.0
12418 12440 8.0
12440 12418 8.0
3058 12419 12.0
12419 3058 12.0
3058 12507 41.0
12507 3058 41.0
3058 12418 2.0
12418 3058 2.0
3058 12355 18.0
12355 3058 18.0
12419 12508 41.0
12508 12419 41.0
3432 12379 8.0
12379 3432 8.0
12420 12426 2.0
12426 12420 2.0
4128 12427 2.0
12427 4128 2.0
4128 12420 31.0
12420 4128 31.0
1599 12421 22.0
12421 1599 22.0
1599 12434 3.0
12434 1599 3.0
1599 12433 24.0
12433 1599 24.0
1599 12293 39.0
12293 1599 39.0
12421 12436 3.0
12436 12421 3.0
12422 12423 2.0
12423 12422 2.0
12422 12464 10.0
12464 12422 10.0
3565 12424 3.0
12424 3565 3.0
3565 12468 14.0
12468 3565 14.0
3565 12423 28.0
12423 3565 28.0
12424 12425 6.0
12425 12424 6.0
12424 12468 11.0
12468 12424 11.0
12426 12427 31.0
12427 12426 31.0
4175 12428 30.0
12428 4175 30.0
4175 12470 20.0
12470 4175 20.0
4175 12427 51.0
12427 4175 51.0
12429 12430 12.0
12430 12429 12.0
12430 12431 31.0
12431 12430 31.0
12431 12432 32.0
12432 12431 32.0
4347 12432 16.0
12432 4347 16.0
12433 12434 21.0
12434 12433 21.0
12433 12446 3.0
12446 12433 3.0
12434 12435 9.0
12435 12434 9.0
12434 12447 3.0
12447 12434 3.0
12435 12436 13.0
12436 12435 13.0
12435 12448 3.0
12448 12435 3.0
12436 12437 26.0
12437 12436 26.0
12436 12449 3.0
12449 12436 3.0
12437 12450 3.0
12450 12437 3.0
1727 12438 2.0
12438 1727 2.0
1727 12451 3.0
12451 1727 3.0
1727 12437 23.0
12437 1727 23.0
1727 12273 50.0
12273 1727 50.0
12438 12452 3.0
12452 12438 3.0
645 12441 1.0
12441 645 1.0
645 12320 36.0
12320 645 36.0
2967 12440 49.0
12440 2967 49.0
2967 12439 21.0
12439 2967 21.0
2967 12417 30.0
12417 2967 30.0
12440 12506 33.0
12506 12440 33.0
12441 12442 9.0
12442 12441 9.0
12441 12501 30.0
12501 12441 30.0
12442 12480 22.0
12480 12442 22.0
685 12443 2.0
12443 685 2.0
685 12481 22.0
12481 685 22.0
685 12442 22.0
12442 685 22.0
685 12389 15.0
12389 685 15.0
12443 12444 2.0
12444 12443 2.0
12443 12482 22.0
12482 12443 22.0
12444 12445 35.0
12445 12444 35.0
12444 12483 22.0
12483 12444 22.0
12446 12447 21.0
12447 12446 21.0
12446 12455 3.0
12455 12446 3.0
12447 12448 9.0
12448 12447 9.0
12447 12456 3.0
12456 12447 3.0
12448 12449 13.0
12449 12448 13.0
12448 12457 3.0
12457 12448 3.0
12449 12450 26.0
12450 12449 26.0
12449 12458 3.0
12458 12449 3.0
12450 12451 23.0
12451 12450 23.0
12450 12459 3.0
12459 12450 3.0
12451 12452 2.0
12452 12451 2.0
12451 12460 3.0
12460 12451 3.0
1816 12453 23.0
12453 1816 23.0
1816 12462 3.0
12462 1816 3.0
1816 12452 48.0
12452 1816 48.0
12453 12463 3.0
12463 12453 3.0
4296 12454 19.0
12454 4296 19.0
4296 12429 6.0
12429 4296 6.0
12455 12456 21.0
12456 12455 21.0
12456 12457 9.0
12457 12456 9.0
12456 12466 1.0
12466 12456 1.0
12457 12458 13.0
12458 12457 13.0
12458 12459 26.0
12459 12458 26.0
12459 12460 23.0
12460 12459 23.0
12459 12493 22.0
12493 12459 22.0
12460 12461 47.0
12461 12460 47.0
12461 12462 3.0
12462 12461 3.0
12462 12463 23.0
12463 12462 23.0
12462 12563 67.0
12563 12462 67.0
1924 12494 23.0
12494 1924 23.0
1924 12463 48.0
12463 1924 48.0
1924 12247 63.0
12247 1924 63.0
3505 12464 9.0
12464 3505 9.0
3505 3520 30.0
3520 3505 30.0
3505 12386 19.0
12386 3505 19.0
1564 12466 21.0
12466 1564 21.0
1564 12486 18.0
12486 1564 18.0
1564 12465 31.0
12465 1564 31.0
1564 12455 1.0
12455 1564 1.0
12466 12492 21.0
12492 12466 21.0
3867 12524 40.0
12524 3867 40.0
3867 12467 22.0
12467 3867 22.0
3867 12405 18.0
12405 3867 18.0
3585 12469 42.0
12469 3585 42.0
3585 12468 6.0
12468 3585 6.0
3585 12425 11.0
12425 3585 11.0
3939 12526 42.0
12526 3939 42.0
3939 12412 19.0
12412 3939 19.0
4198 12470 22.0
12470 4198 22.0
4198 12428 12.0
12428 4198 12.0
3690 12471 28.0
12471 3690 28.0
3690 12469 32.0
12469 3690 32.0
3690 12411 22.0
12411 3690 22.0
12472 12473 17.0
12473 12472 17.0
12472 12479 29.0
12479 12472 29.0
2641 12504 19.0
12504 2641 19.0
2641 12473 31.0
12473 2641 31.0
4096 12426 17.0
12426 4096 17.0
2393 12477 2.0
12477 2393 2.0
12474 12475 3.0
12475 12474 3.0
12474 12516 27.0
12516 12474 27.0
3190 12476 42.0
12476 3190 42.0
3190 12517 23.0
12517 3190 23.0
3190 12475 5.0
12475 3190 5.0
3190 12400 29.0
12400 3190 29.0
12476 12518 23.0
12518 12476 23.0
12477 12549 51.0
12549 12477 51.0
2434 12478 42.0
12478 2434 42.0
2434 12497 19.0
12497 2434 19.0
2434 12477 30.0
12477 2434 30.0
12478 12479 8.0
12479 12478 8.0
12478 12498 12.0
12498 12478 12.0
2931 12439 19.0
12439 2931 19.0
12480 12481 22.0
12481 12480 22.0
12481 12482 2.0
12482 12481 2.0
12482 12483 2.0
12483 12482 2.0
747 12484 9.0
12484 747 9.0
747 12487 3.0
12487 747 3.0
747 12483 35.0
12483 747 35.0
747 12445 22.0
12445 747 22.0
12484 12488 3.0
12488 12484 3.0
1521 12486 31.0
12486 1521 31.0
1521 12485 30.0
12485 1521 30.0
1521 12465 18.0
12465 1521 18.0
12486 12491 11.0
12491 12486 11.0
3520 12514 11.0
12514 3520 11.0
3520 12464 21.0
12464 3520 21.0
12487 12488 9.0
12488 12487 9.0
12487 12533 28.0
12533 12487 28.0
12488 12489 14.0
12489 12488 14.0
846 12490 8.0
12490 846 8.0
846 12534 28.0
12534 846 28.0
846 12489 38.0
12489 846 38.0
846 12396 40.0
12396 846 40.0
12490 12560 43.0
12560 12490 43.0
12491 12492 13.0
12492 12491 13.0
1612 12493 39.0
12493 1612 39.0
1612 12525 30.0
12525 1612 30.0
1612 12492 9.0
12492 1612 9.0
1612 12457 22.0
12457 1612 22.0
12494 12495 8.0
12495 12494 8.0
12494 12521 18.0
12521 12494 18.0
2028 12496 20.0
12496 2028 20.0
2028 12515 11.0
12515 2028 11.0
2028 12495 51.0
12495 2028 51.0
12497 12498 35.0
12498 12497 35.0
2523 12502 2.0
12502 2523 2.0
2523 12498 8.0
12498 2523 8.0
2523 12479 12.0
12479 2523 12.0
12499 12500 13.0
12500 12499 13.0
3314 12520 10.0
12520 3314 10.0
3314 12500 8.0
12500 3314 8.0
3314 12372 51.0
12372 3314 51.0
661 12528 19.0
12528 661 19.0
661 12501 9.0
12501 661 9.0
661 12480 8.0
12480 661 8.0
12502 12503 18.0
12503 12502 18.0
12502 12574 49.0
12574 12502 49.0
2589 12504 31.0
12504 2589 31.0
2589 12503 23.0
12503 2589 23.0
2589 12473 19.0
12473 2589 19.0
12504 12510 21.0
12510 12504 21.0
1468 12505 12.0
12505 1468 12.0
1468 12485 9.0
12485 1468 9.0
4278 12454 31.0
12454 4278 31.0
12506 12507 2.0
12507 12506 2.0
12507 12508 12.0
12508 12507 12.0
12508 12509 5.0
12509 12508 5.0
12508 12530 20.0
12530 12508 20.0
12509 12531 20.0
12531 12509 20.0
3090 12509 2.0
12509 3090 2.0
2708 12511 1.0
12511 2708 1.0
2708 12510 21.0
12510 2708 21.0
12511 12512 20.0
12512 12511 20.0
12511 12529 18.0
12529 12511 18.0
12512 12513 19.0
12513 12512 19.0
12513 12535 20.0
12535 12513 20.0
2775 12513 2.0
12513 2775 2.0
12514 12550 30.0
12550 12514 30.0
3534 12514 10.0
12514 3534 10.0
12515 12523 10.0
12523 12515 10.0
2067 12600 51.0
12600 2067 51.0
2067 12515 20.0
12515 2067 20.0
2067 12496 11.0
12496 2067 11.0
967 12561 30.0
12561 967 30.0
12516 12517 12.0
12517 12516 12.0
12517 12518 42.0
12518 12517 42.0
12518 12519 6.0
12519 12518 6.0
12519 12542 21.0
12542 12519 21.0
3280 12520 21.0
12520 3280 21.0
3280 12543 21.0
12543 3280 21.0
3280 12519 12.0
12519 3280 12.0
3280 12499 10.0
12499 3280 10.0
12520 12544 21.0
12544 12520 21.0
12521 12522 1.0
12522 12521 1.0
12521 12604 48.0
12604 12521 48.0
12522 12605 48.0
12605 12522 48.0
1932 12523 48.0
12523 1932 48.0
1932 12606 48.0
12606 1932 48.0
1932 12522 7.0
12522 1932 7.0
1932 12495 18.0
12495 1932 18.0
12523 12598 44.0
12598 12523 44.0
3844 12524 22.0
12524 3844 22.0
3844 12538 12.0
12538 3844 12.0
3844 12537 14.0
12537 3844 14.0
3844 12467 40.0
12467 3844 40.0
12524 12539 12.0
12539 12524 12.0
4185 12569 30.0
12569 4185 30.0
4185 12470 39.0
12470 4185 39.0
1274 12536 8.0
12536 1274 8.0
1683 12557 19.0
12557 1683 19.0
1683 12525 31.0
12525 1683 31.0
1683 12493 22.0
12493 1683 22.0
12526 12527 8.0
12527 12526 8.0
12527 12540 8.0
12540 12527 8.0
3979 12527 21.0
12527 3979 21.0
3979 12413 61.0
12413 3979 61.0
611 12528 31.0
12528 611 31.0
611 12571 51.0
12571 611 51.0
611 12501 41.0
12501 611 41.0
12528 12532 31.0
12532 12528 31.0
2670 12529 21.0
12529 2670 21.0
2670 12510 19.0
12510 2670 19.0
3055 12530 14.0
12530 3055 14.0
3055 12506 20.0
12506 3055 20.0
12530 12531 5.0
12531 12530 5.0
12532 12533 34.0
12533 12532 34.0
763 12534 52.0
12534 763 52.0
763 12566 23.0
12566 763 23.0
763 12533 9.0
12533 763 9.0
763 12488 28.0
12488 763 28.0
12534 12559 15.0
12559 12534 15.0
2742 12535 19.0
12535 2742 19.0
2742 12586 31.0
12586 2742 31.0
2742 12529 22.0
12529 2742 22.0
2742 12512 20.0
12512 2742 20.0
1212 12536 41.0
12536 1212 41.0
12536 12541 30.0
12541 12536 30.0
3167 12516 17.0
12516 3167 17.0
12537 12538 2.0
12538 12537 2.0
12537 12547 6.0
12547 12537 6.0
12538 12539 22.0
12539 12538 22.0
3894 12540 40.0
12540 3894 40.0
3894 12539 18.0
12539 3894 18.0
3894 12526 40.0
12526 3894 40.0
1322 12576 22.0
12576 1322 22.0
1322 12541 2.0
12541 1322 2.0
12542 12543 12.0
12543 12542 12.0
12543 12544 21.0
12544 12543 21.0
12544 12545 17.0
12545 12544 17.0
12544 12558 8.0
12558 12544 8.0
3343 12545 1.0
12545 3343 1.0
3735 12546 11.0
12546 3735 11.0
3735 12471 51.0
12471 3735 51.0
1448 12577 19.0
12577 1448 19.0
1448 12505 30.0
12505 1448 30.0
3776 12547 50.0
12547 3776 50.0
3776 12564 40.0
12564 3776 40.0
3776 12546 21.0
12546 3776 21.0
12548 12594 24.0
12594 12548 24.0
12548 12593 41.0
12593 12548 41.0
2338 12549 28.0
12549 2338 28.0
2338 12595 24.0
12595 2338 24.0
2338 12548 15.0
12548 2338 15.0
12549 12596 24.0
12596 12549 24.0
3472 12550 30.0
12550 3472 30.0
3472 12552 1.0
12552 3472 1.0
3472 12551 22.0
12551 3472 22.0
12551 12552 21.0
12552 12551 21.0
12552 12553 29.0
12553 12552 29.0
12553 12572 13.0
12572 12553 13.0
3515 12573 13.0
12573 3515 13.0
3515 12553 1.0
12553 3515 1.0
3515 12550 1.0
12550 3515 1.0
1575 12555 1.0
12555 1575 1.0
1575 12554 2.0
12554 1575 2.0
1575 12491 40.0
12491 1575 40.0
12554 12555 1.0
12555 12554 1.0
12555 12556 29.0
12556 12555 29.0
12555 12585 19.0
12585 12555 19.0
1628 12557 31.0
12557 1628 31.0
1628 12556 1.0
12556 1628 1.0
1628 12525 19.0
12525 1628 19.0
12557 12562 21.0
12562 12557 21.0
532 12570 10.0
12570 532 10.0
3265 12558 33.0
12558 3265 33.0
3265 12542 8.0
12542 3265 8.0
12558 12578 19.0
12578 12558 19.0
3951 12540 11.0
12540 3951 11.0
12559 12560 8.0
12560 12559 8.0
12559 12567 8.0
12567 12559 8.0
964 12561 1.0
12561 964 1.0
964 12582 13.0
12582 964 13.0
964 12560 61.0
12560 964 61.0
964 967 31.0
967 964 31.0
12561 12583 13.0
12583 12561 13.0
1809 12563 3.0
12563 1809 3.0
1809 12601 21.0
12601 1809 21.0
1809 12562 53.0
12562 1809 53.0
1809 12461 67.0
12461 1809 67.0
12563 12602 21.0
12602 12563 21.0
3442 12579 39.0
12579 3442 39.0
3442 12551 8.0
12551 3442 8.0
12564 12565 14.0
12565 12564 14.0
12565 12643 50.0
12643 12565 50.0
3841 12644 50.0
12644 3841 50.0
3841 12565 8.0
12565 3841 8.0
3841 12547 12.0
12547 3841 12.0
4125 12568 41.0
12568 4125 41.0
12566 12567 52.0
12567 12566 52.0
12566 12618 29.0
12618 12566 29.0
856 12580 5.0
12580 856 5.0
856 12567 8.0
12567 856 8.0
856 12560 8.0
12560 856 8.0
4171 12569 12.0
12569 4171 12.0
4171 12568 11.0
12568 4171 11.0
546 12571 19.0
12571 546 19.0
546 12570 9.0
12570 546 9.0
12572 12573 1.0
12573 12572 1.0
3593 3604 39.0
3604 3593 39.0
3593 12573 50.0
12573 3593 50.0
4195 12569 20.0
12569 4195 20.0
2893 12588 20.0
12588 2893 20.0
12574 12575 17.0
12575 12574 17.0
12574 12597 21.0
12597 12574 21.0
12575 12615 19.0
12615 12575 19.0
2547 12575 1.0
12575 2547 1.0
2547 12503 49.0
12503 2547 49.0
12576 12626 28.0
12626 12576 28.0
1405 12577 21.0
12577 1405 21.0
1405 12576 50.0
12576 1405 50.0
1405 1448 40.0
1448 1405 40.0
12578 12616 21.0
12616 12578 21.0
3342 12579 30.0
12579 3342 30.0
3342 12617 21.0
12617 3342 21.0
3342 12578 11.0
12578 3342 11.0
3342 12545 21.0
12545 3342 21.0
12580 12581 8.0
12581 12580 8.0
12580 12625 26.0
12625 12580 26.0
12581 12582 53.0
12582 12581 53.0
12582 12583 1.0
12583 12582 1.0
1059 12583 59.0
12583 1059 59.0
3746 12642 43.0
12642 3746 43.0
3746 12546 19.0
12546 3746 19.0
3086 12584 10.0
12584 3086 10.0
3086 12530 36.0
12530 3086 36.0
3086 12531 31.0
12531 3086 31.0
3151 12584 31.0
12584 3151 31.0
3151 3167 40.0
3167 3151 40.0
1573 12585 1.0
12585 1573 1.0
1573 12590 1.0
12590 1573 1.0
1573 12589 13.0
12589 1573 13.0
1573 12554 19.0
12554 1573 19.0
12585 12591 1.0
12591 12585 1.0
12586 12587 5.0
12587 12586 5.0
12586 12622 19.0
12622 12586 19.0
12586 12619 31.0
12619 12586 31.0
12587 12623 19.0
12623 12587 19.0
2773 12588 58.0
12588 2773 58.0
2773 12624 19.0
12624 2773 19.0
2773 12587 14.0
12587 2773 14.0
2773 12535 31.0
12535 2773 31.0
3513 12572 8.0
12572 3513 8.0
517 12570 20.0
12570 517 20.0
12589 12590 12.0
12590 12589 12.0
12589 12631 26.0
12631 12589 26.0
12590 12591 1.0
12591 12590 1.0
12591 12592 7.0
12592 12591 7.0
1625 12646 40.0
12646 1625 40.0
1625 12592 22.0
12592 1625 22.0
1625 12556 20.0
12556 1625 20.0
12593 12594 17.0
12594 12593 17.0
12594 12595 15.0
12595 12594 15.0
12594 12607 5.0
12607 12594 5.0
12595 12596 28.0
12596 12595 28.0
12595 12608 5.0
12608 12595 5.0
12596 12612 11.0
12612 12596 11.0
2452 12597 30.0
12597 2452 30.0
2452 12613 11.0
12613 2452 11.0
2452 12596 41.0
12596 2452 41.0
2452 12497 59.0
12497 2452 59.0
12598 12599 18.0
12599 12598 18.0
12599 12600 5.0
12600 12599 5.0
12599 12610 8.0
12610 12599 8.0
2123 12611 8.0
12611 2123 8.0
2123 12600 28.0
12600 2123 28.0
12601 12602 3.0
12602 12601 3.0
12601 12652 52.0
12652 12601 52.0
1840 12603 19.0
12603 1840 19.0
1840 12602 16.0
12602 1840 16.0
12603 12659 43.0
12659 12603 43.0
1879 12604 34.0
12604 1879 34.0
1879 12660 43.0
12660 1879 43.0
1879 12603 3.0
12603 1879 3.0
12604 12605 1.0
12605 12604 1.0
12604 12661 43.0
12661 12604 43.0
12605 12606 7.0
12606 12605 7.0
12605 12662 43.0
12662 12605 43.0
12606 12609 10.0
12609 12606 10.0
2285 12607 17.0
12607 2285 17.0
2285 12669 51.0
12669 2285 51.0
2285 12593 5.0
12593 2285 5.0
12607 12608 15.0
12608 12607 15.0
12607 12632 23.0
12632 12607 23.0
12608 12612 34.0
12612 12608 34.0
2023 12610 18.0
12610 2023 18.0
2023 12627 13.0
12627 2023 13.0
2023 12609 42.0
12609 2023 42.0
2023 12598 8.0
12598 2023 8.0
12610 12611 33.0
12611 12610 33.0
12610 12628 13.0
12628 12610 13.0
12611 12630 13.0
12630 12611 13.0
12612 12613 41.0
12613 12612 41.0
12613 12614 18.0
12614 12613 18.0
12613 12634 17.0
12634 12613 17.0
12614 12636 22.0
12636 12614 22.0
2503 12615 30.0
12615 2503 30.0
2503 12637 22.0
12637 2503 22.0
2503 12614 12.0
12614 2503 12.0
2503 12597 11.0
12597 2503 11.0
12616 12617 11.0
12617 12616 11.0
3402 12617 30.0
12617 3402 30.0
3402 12579 21.0
12579 3402 21.0
700 12618 40.0
12618 700 40.0
700 12639 22.0
12639 700 22.0
700 12532 49.0
12532 700 49.0
2679 12619 20.0
12619 2679 20.0
2679 12621 1.0
12621 2679 1.0
2679 12620 23.0
12620 2679 23.0
3105 12584 19.0
12584 3105 19.0
12620 12621 22.0
12621 12620 22.0
12620 12654 27.0
12654 12620 27.0
2719 12622 13.0
12622 2719 13.0
2719 12676 42.0
12676 2719 42.0
2719 12621 20.0
12621 2719 20.0
2719 12619 1.0
12619 2719 1.0
12622 12623 5.0
12623 12622 5.0
12622 12677 42.0
12677 12622 42.0
12623 12624 14.0
12624 12623 14.0
12623 12678 42.0
12678 12623 42.0
12624 12679 42.0
12679 12624 42.0
4160 12684 40.0
12684 4160 40.0
4160 12657 30.0
12657 4160 30.0
4160 12568 30.0
12568 4160 30.0
12625 12641 31.0
12641 12625 31.0
867 12673 39.0
12673 867 39.0
867 12625 8.0
12625 867 8.0
867 12581 26.0
12581 867 26.0
3604 3637 21.0
3637 3604 21.0
1316 12626 2.0
12626 1316 2.0
1316 12702 43.0
12702 1316 43.0
1316 12541 50.0
12541 1316 50.0
12626 12702 41.0
12702 12626 41.0
3637 12664 39.0
12664 3637 39.0
12627 12628 18.0
12628 12627 18.0
12627 12663 26.0
12663 12627 26.0
12628 12629 20.0
12629 12628 20.0
12629 12630 13.0
12630 12629 13.0
12629 12666 34.0
12666 12629 34.0
2141 12667 34.0
12667 2141 34.0
2141 12630 9.0
12630 2141 9.0
3327 12616 8.0
12616 3327 8.0
4058 12638 12.0
12638 4058 12.0
1482 12631 50.0
12631 1482 50.0
1482 12658 61.0
12658 1482 61.0
1482 12577 50.0
12577 1482 50.0
12631 12645 14.0
12645 12631 14.0
12632 12633 37.0
12633 12632 37.0
12632 12670 28.0
12670 12632 28.0
12633 12758 49.0
12758 12633 49.0
2387 12634 41.0
12634 2387 41.0
2387 12759 49.0
12759 2387 49.0
2387 12633 6.0
12633 2387 6.0
2387 12612 17.0
12612 2387 17.0
12634 12635 5.0
12635 12634 5.0
577 12571 41.0
12571 577 41.0
12635 12636 18.0
12636 12635 18.0
12635 12692 44.0
12692 12635 44.0
12636 12637 12.0
12637 12636 12.0
12637 12693 28.0
12693 12637 28.0
2545 12653 11.0
12653 2545 11.0
2545 12637 30.0
12637 2545 30.0
2545 12615 22.0
12615 2545 22.0
4234 12744 40.0
12744 4234 40.0
4234 12701 30.0
12701 4234 30.0
4234 4276 70.0
4276 4234 70.0
4086 12656 20.0
12656 4086 20.0
4086 12638 30.0
12638 4086 30.0
12639 12640 38.0
12640 12639 38.0
12639 12665 18.0
12665 12639 18.0
12640 12671 22.0
12671 12640 22.0
756 12641 49.0
12641 756 49.0
756 12672 22.0
12672 756 22.0
756 12640 2.0
12640 756 2.0
756 12618 22.0
12618 756 22.0
12642 12709 27.0
12709 12642 27.0
12642 12708 32.0
12708 12642 32.0
3814 12643 14.0
12643 3814 14.0
3814 12777 51.0
12777 3814 51.0
3814 12642 49.0
12642 3814 49.0
3814 12564 50.0
12564 3814 50.0
12643 12644 8.0
12644 12643 8.0
12643 12778 51.0
12778 12643 51.0
12644 12730 39.0
12730 12644 39.0
12645 12647 3.0
12647 12645 3.0
1585 12646 22.0
12646 1585 22.0
1585 12648 3.0
12648 1585 3.0
1585 12645 20.0
12645 1585 20.0
1585 12592 40.0
12592 1585 40.0
12646 12649 3.0
12649 12646 3.0
2870 12680 39.0
12680 2870 39.0
2870 12588 43.0
12588 2870 43.0
12647 12648 20.0
12648 12647 20.0
12648 12649 22.0
12649 12648 22.0
12649 12650 17.0
12650 12649 17.0
12650 12651 30.0
12651 12650 30.0
12651 12715 24.0
12715 12651 24.0
1716 12652 39.0
12652 1716 39.0
1716 12716 24.0
12716 1716 24.0
1716 12651 2.0
12651 1716 2.0
1716 12562 59.0
12562 1716 59.0
12652 12717 24.0
12717 12652 24.0
12653 12694 19.0
12694 12653 19.0
2602 12654 30.0
12654 2602 30.0
2602 12674 15.0
12674 2602 15.0
2602 12653 29.0
12653 2602 29.0
12654 12675 15.0
12675 12654 15.0
12655 12705 19.0
12705 12655 19.0
4033 12655 4.0
12655 4033 4.0
4033 12638 29.0
12638 4033 29.0
12656 12681 12.0
12681 12656 12.0
4114 12657 50.0
12657 4114 50.0
4114 12682 12.0
12682 4114 12.0
4114 12656 11.0
12656 4114 11.0
12658 12733 23.0
12733 12658 23.0
1558 12734 23.0
12734 1558 23.0
1558 12658 12.0
12658 1558 12.0
1558 12647 6.0
12647 1558 6.0
12659 12660 3.0
12660 12659 3.0
12660 12661 34.0
12661 12660 34.0
12661 12662 1.0
12662 12661 1.0
12661 12719 18.0
12719 12661 18.0
12662 12720 18.0
12720 12662 18.0
1945 12663 42.0
12663 1945 42.0
1945 12852 60.0
12852 1945 60.0
1945 12662 13.0
12662 1945 13.0
1945 12609 39.0
12609 1945 39.0
12663 12688 13.0
12688 12663 13.0
12664 12706 12.0
12706 12664 12.0
3654 12707 12.0
12707 3654 12.0
3654 12664 1.0
12664 3654 1.0
697 12665 1.0
12665 697 1.0
697 12769 32.0
12769 697 32.0
12665 12769 31.0
12769 12665 31.0
12666 12667 22.0
12667 12666 22.0
12667 12668 28.0
12668 12667 28.0
12667 12690 5.0
12690 12667 5.0
12668 12691 5.0
12691 12668 5.0
2281 12669 2.0
12669 2281 2.0
2281 12754 18.0
12754 2281 18.0
2281 12668 52.0
12668 2281 52.0
2281 2285 53.0
2285 2281 53.0
12669 12670 17.0
12670 12669 17.0
12669 12756 21.0
12756 12669 21.0
12671 12672 2.0
12672 12671 2.0
12671 12762 23.0
12762 12671 23.0
840 12673 22.0
12673 840 22.0
840 12763 23.0
12763 840 23.0
840 12672 49.0
12672 840 49.0
840 12641 22.0
12641 840 22.0
12673 12764 23.0
12764 12673 23.0
12674 12675 30.0
12675 12674 30.0
12674 12711 6.0
12711 12674 6.0
12675 12676 42.0
12676 12675 42.0
12676 12677 13.0
12677 12676 13.0
12676 12713 6.0
12713 12676 6.0
12677 12678 5.0
12678 12677 5.0
12677 12714 6.0
12714 12677 6.0
12678 12679 14.0
12679 12678 14.0
12678 12685 1.0
12685 12678 1.0
2782 12680 30.0
12680 2782 30.0
2782 12686 1.0
12686 2782 1.0
2782 12679 7.0
12679 2782 7.0
12681 12682 11.0
12682 12681 11.0
12681 12695 2.0
12695 12681 2.0
12682 12683 39.0
12683 12682 39.0
12682 12696 2.0
12696 12682 2.0
12683 12697 2.0
12697 12683 2.0
4159 12684 2.0
12684 4159 2.0
4159 12699 2.0
12699 4159 2.0
4159 12683 11.0
12683 4159 11.0
4159 12657 12.0
12657 4159 12.0
12684 12700 2.0
12700 12684 2.0
12685 12686 21.0
12686 12685 21.0
12686 12687 7.0
12687 12686 7.0
12686 12729 8.0
12729 12686 8.0
2842 12687 23.0
12687 2842 23.0
2842 12680 1.0
12680 2842 1.0
12688 12689 16.0
12689 12688 16.0
12688 12863 49.0
12863 12688 49.0
2059 2095 20.0
2095 2059 20.0
2059 12689 2.0
12689 2059 2.0
2059 12628 39.0
12628 2059 39.0
2095 12690 22.0
12690 2095 22.0
2095 12753 35.0
12753 2095 35.0
2095 12666 5.0
12666 2095 5.0
12690 12691 28.0
12691 12690 28.0
12690 12753 13.0
12753 12690 13.0
12692 12737 12.0
12737 12692 12.0
2478 12693 12.0
12693 2478 12.0
2478 12738 12.0
12738 2478 12.0
2478 12692 2.0
12692 2478 2.0
2478 12636 28.0
12636 2478 28.0
12693 12694 28.0
12694 12693 28.0
12693 12739 12.0
12739 12693 12.0
12694 12710 4.0
12710 12694 4.0
12695 12696 11.0
12696 12695 11.0
12696 12697 39.0
12697 12696 39.0
12697 12698 6.0
12698 12697 6.0
12698 12699 5.0
12699 12698 5.0
12698 12785 28.0
12785 12698 28.0
12699 12700 2.0
12700 12699 2.0
12699 12786 28.0
12786 12699 28.0
12700 12787 28.0
12787 12700 28.0
4194 12701 50.0
12701 4194 50.0
4194 12742 12.0
12742 4194 12.0
4194 12700 38.0
12700 4194 38.0
1336 1355 11.0
1355 1336 11.0
1336 12702 7.0
12702 1336 7.0
1355 12819 41.0
12819 1355 41.0
12703 12704 40.0
12704 12703 40.0
12703 12732 7.0
12732 12703 7.0
12704 12869 48.0
12869 12704 48.0
3987 12705 27.0
12705 3987 27.0
3987 12704 2.0
12704 3987 2.0
3987 12655 46.0
12655 3987 46.0
12705 12840 43.0
12840 12705 43.0
12706 12707 1.0
12707 12706 1.0
12707 12766 18.0
12766 12707 18.0
3712 12708 18.0
12708 3712 18.0
3712 12707 40.0
12707 3712 40.0
12708 12709 5.0
12709 12708 5.0
12708 12800 33.0
12800 12708 33.0
12709 12801 33.0
12801 12709 33.0
12710 12711 31.0
12711 12710 31.0
12710 12721 3.0
12721 12710 3.0
12711 12712 28.0
12712 12711 28.0
12711 12722 3.0
12722 12711 3.0
12712 12723 3.0
12723 12712 3.0
2648 12713 42.0
12713 2648 42.0
2648 12724 3.0
12724 2648 3.0
2648 12712 2.0
12712 2648 2.0
2648 12675 6.0
12675 2648 6.0
12713 12714 13.0
12714 12713 13.0
12713 12725 3.0
12725 12713 3.0
12714 12727 3.0
12727 12714 3.0
12715 12716 2.0
12716 12715 2.0
12715 12736 5.0
12736 12715 5.0
12716 12717 39.0
12717 12716 39.0
12716 12750 8.0
12750 12716 8.0
12717 12718 38.0
12718 12717 38.0
12718 12752 8.0
12752 12718 8.0
1875 12719 37.0
12719 1875 37.0
1875 12850 42.0
12850 1875 42.0
1875 12718 13.0
12718 1875 13.0
1875 12659 18.0
12659 1875 18.0
12719 12720 1.0
12720 12719 1.0
12719 12851 42.0
12851 12719 42.0
12721 12722 31.0
12722 12721 31.0
12722 12723 28.0
12723 12722 28.0
12722 12741 5.0
12741 12722 5.0
12723 12724 2.0
12724 12723 2.0
12723 12773 20.0
12773 12723 20.0
12724 12725 42.0
12725 12724 42.0
12724 12774 20.0
12774 12724 20.0
12725 12726 7.0
12726 12725 7.0
12726 12727 6.0
12727 12726 6.0
12727 12728 2.0
12728 12727 2.0
12727 12775 20.0
12775 12727 20.0
12728 12776 20.0
12776 12728 20.0
2753 12729 21.0
12729 2753 21.0
2753 12728 3.0
12728 2753 3.0
2753 12685 8.0
12685 2753 8.0
12729 12889 52.0
12889 12729 52.0
12730 12731 39.0
12731 12730 39.0
12731 12779 18.0
12779 12731 18.0
3916 12732 9.0
12732 3916 9.0
3916 12780 18.0
12780 3916 18.0
3916 12731 12.0
12731 3916 12.0
3916 12703 16.0
12703 3916 16.0
12733 12734 12.0
12734 12733 12.0
12733 12745 3.0
12745 12733 3.0
12734 12735 57.0
12735 12734 57.0
12734 12746 3.0
12746 12734 3.0
12735 12747 3.0
12747 12735 3.0
1662 12736 30.0
12736 1662 30.0
1662 12748 3.0
12748 1662 3.0
1662 12735 2.0
12735 1662 2.0
1662 12650 29.0
12650 1662 29.0
12736 12749 3.0
12749 12736 3.0
12737 12738 2.0
12738 12737 2.0
12738 12739 12.0
12739 12738 12.0
12738 12816 28.0
12816 12738 28.0
12739 12740 15.0
12740 12739 15.0
12739 12817 28.0
12817 12739 28.0
12740 12818 28.0
12818 12740 28.0
2541 12741 31.0
12741 2541 31.0
2541 12836 33.0
12836 2541 33.0
2541 12740 13.0
12740 2541 13.0
2541 12721 5.0
12721 2541 5.0
12741 12837 33.0
12837 12741 33.0
12742 12743 18.0
12743 12742 18.0
12742 12795 22.0
12795 12742 22.0
12743 12796 22.0
12796 12743 22.0
4233 12744 2.0
12744 4233 2.0
4233 12797 22.0
12797 4233 22.0
4233 12743 32.0
12743 4233 32.0
4233 12701 12.0
12701 4233 12.0
12744 12798 22.0
12798 12744 22.0
12745 12746 12.0
12746 12745 12.0
12746 12747 57.0
12747 12746 57.0
12747 12748 2.0
12748 12747 2.0
12747 12788 18.0
12788 12747 18.0
12748 12749 30.0
12749 12748 30.0
12748 12789 18.0
12789 12748 18.0
12749 12750 2.0
12750 12749 2.0
12750 12751 26.0
12751 12750 26.0
12751 12790 18.0
12790 12751 18.0
1786 12752 38.0
12752 1786 38.0
1786 12848 34.0
12848 1786 34.0
1786 12751 13.0
12751 1786 13.0
1786 12717 8.0
12717 1786 8.0
12752 12849 34.0
12849 12752 34.0
2184 12754 52.0
12754 2184 52.0
2184 2185 20.0
2185 2184 20.0
2184 12753 28.0
12753 2184 28.0
2184 12691 13.0
12691 2184 13.0
12754 12755 3.0
12755 12754 3.0
12755 12756 2.0
12756 12755 2.0
12755 12808 24.0
12808 12755 24.0
12755 12791 19.0
12791 12755 19.0
12756 12757 14.0
12757 12756 14.0
12756 12809 24.0
12809 12756 24.0
12757 12810 24.0
12810 12757 24.0
2315 12758 37.0
12758 2315 37.0
2315 12811 24.0
12811 2315 24.0
2315 12757 3.0
12757 2315 3.0
2315 12670 21.0
12670 2315 21.0
12758 12759 6.0
12759 12758 6.0
12758 12812 24.0
12812 12758 24.0
12759 12813 24.0
12813 12759 24.0
12760 12761 7.0
12761 12760 7.0
12760 12782 12.0
12782 12760 12.0
12760 12781 20.0
12781 12760 20.0
12761 12783 12.0
12783 12761 12.0
4103 12784 12.0
12784 4103 12.0
4103 12761 7.0
12761 4103 7.0
4103 12695 16.0
12695 4103 16.0
1542 12845 29.0
12845 1542 29.0
1542 12822 49.0
12822 1542 49.0
1542 12745 4.0
12745 1542 4.0
12762 12763 51.0
12763 12762 51.0
12762 12770 4.0
12770 12762 4.0
12763 12764 22.0
12764 12763 22.0
12764 12765 26.0
12765 12764 26.0
12765 12916 42.0
12916 12765 42.0
957 12767 3.0
12767 957 3.0
957 12765 22.0
12765 957 22.0
3653 12766 1.0
12766 3653 1.0
3653 12866 29.0
12866 3653 29.0
3653 12706 18.0
12706 3653 18.0
12766 12885 31.0
12885 12766 31.0
12767 12768 29.0
12768 12767 29.0
12767 12917 39.0
12917 12767 39.0
1072 1102 21.0
1102 1072 21.0
1072 12768 42.0
12768 1072 42.0
708 12770 31.0
12770 708 31.0
708 12771 1.0
12771 708 1.0
708 12769 7.0
12769 708 7.0
1102 12805 13.0
12805 1102 13.0
12771 12772 9.0
12772 12771 9.0
12771 12928 39.0
12928 12771 39.0
753 12772 22.0
12772 753 22.0
753 12770 1.0
12770 753 1.0
12773 12774 2.0
12774 12773 2.0
2731 12775 6.0
12775 2731 6.0
2731 12839 18.0
12839 2731 18.0
2731 12774 49.0
12774 2731 49.0
2731 12726 20.0
12726 2731 20.0
12775 12776 2.0
12776 12775 2.0
12775 12887 32.0
12887 12775 32.0
12776 12888 32.0
12888 12776 32.0
12777 12778 14.0
12778 12777 14.0
12778 12804 9.0
12804 12778 9.0
3849 12779 39.0
12779 3849 39.0
3849 12950 42.0
12950 3849 42.0
3849 12778 14.0
12778 3849 14.0
3849 12730 18.0
12730 3849 18.0
12779 12780 12.0
12780 12779 12.0
12779 12867 23.0
12867 12779 23.0
12780 12868 23.0
12868 12780 23.0
12781 12782 8.0
12782 12781 8.0
12782 12783 7.0
12783 12782 7.0
12782 12841 17.0
12841 12782 17.0
12783 12784 7.0
12784 12783 7.0
12783 12842 17.0
12842 12783 17.0
12784 12843 17.0
12843 12784 17.0
4151 12785 6.0
12785 4151 6.0
4151 12874 23.0
12874 4151 23.0
4151 12784 50.0
12784 4151 50.0
4151 12697 28.0
12697 4151 28.0
12785 12786 5.0
12786 12785 5.0
12785 12875 23.0
12875 12785 23.0
12786 12787 2.0
12787 12786 2.0
12786 12792 6.0
12792 12786 6.0
12787 12793 6.0
12793 12787 6.0
12788 12789 2.0
12789 12788 2.0
12789 12903 29.0
12903 12789 29.0
1712 12790 28.0
12790 1712 28.0
1712 12846 16.0
12846 1712 16.0
1712 12789 30.0
12789 1712 30.0
1712 12749 18.0
12749 1712 18.0
12790 12847 16.0
12847 12790 16.0
2185 12791 50.0
12791 2185 50.0
2185 12823 39.0
12823 2185 39.0
12791 12807 7.0
12807 12791 7.0
12792 12793 2.0
12793 12792 2.0
12792 12876 17.0
12876 12792 17.0
12793 12794 5.0
12794 12793 5.0
12793 12877 17.0
12877 12793 17.0
12794 12795 33.0
12795 12794 33.0
12794 12878 17.0
12878 12794 17.0
12795 12796 18.0
12796 12795 18.0
12795 12880 17.0
12880 12795 17.0
12796 12797 32.0
12797 12796 32.0
12797 12798 2.0
12798 12797 2.0
12797 12883 17.0
12883 12797 17.0
12798 12799 16.0
12799 12798 16.0
12798 12884 17.0
12884 12798 17.0
4263 12984 39.0
12984 4263 39.0
4263 12799 22.0
12799 4263 22.0
12800 12801 5.0
12801 12800 5.0
12801 12802 4.0
12802 12801 4.0
12801 12924 28.0
12924 12801 28.0
12802 12803 30.0
12803 12802 30.0
12802 12925 28.0
12925 12802 28.0
12803 13003 49.0
13003 12803 49.0
3796 12804 27.0
12804 3796 27.0
3796 13063 60.0
13063 3796 60.0
3796 12803 2.0
12803 3796 2.0
3796 12777 22.0
12777 3796 22.0
12804 12949 33.0
12949 12804 33.0
12805 12806 7.0
12806 12805 7.0
12805 12890 22.0
12890 12805 22.0
12806 12891 22.0
12891 12806 22.0
1182 12892 22.0
12892 1182 22.0
1182 12806 43.0
12806 1182 43.0
12807 12808 2.0
12808 12807 2.0
12808 12809 2.0
12809 12808 2.0
12808 12824 5.0
12824 12808 5.0
12809 12810 14.0
12810 12809 14.0
12809 12825 5.0
12825 12809 5.0
12810 12811 3.0
12811 12810 3.0
12810 12826 5.0
12826 12810 5.0
12811 12812 37.0
12812 12811 37.0
12811 12827 5.0
12827 12811 5.0
12812 12813 6.0
12813 12812 6.0
12812 12828 5.0
12828 12812 5.0
12813 12814 6.0
12814 12813 6.0
12813 12829 5.0
12829 12813 5.0
12814 12815 49.0
12815 12814 49.0
12814 12830 5.0
12830 12814 5.0
12815 12831 5.0
12831 12815 5.0
2473 12816 2.0
12816 2473 2.0
2473 12832 5.0
12832 2473 5.0
2473 12815 2.0
12815 2473 2.0
2473 12737 28.0
12737 2473 28.0
12816 12817 12.0
12817 12816 12.0
12816 12833 5.0
12833 12816 5.0
12817 12818 15.0
12818 12817 15.0
12817 12834 5.0
12834 12817 5.0
12818 12835 5.0
12835 12818 5.0
12819 12895 20.0
12895 12819 20.0
1389 12820 2.0
12820 1389 2.0
1389 12819 18.0
12819 1389 18.0
12820 12821 30.0
12821 12820 30.0
12820 12896 15.0
12896 12820 15.0
12821 12897 15.0
12897 12821 15.0
1455 12822 31.0
12822 1455 31.0
1455 12844 1.0
12844 1455 1.0
1455 12821 10.0
12821 1455 10.0
2276 12824 2.0
12824 2276 2.0
2276 12853 3.0
12853 2276 3.0
2276 12823 23.0
12823 2276 23.0
2276 12807 5.0
12807 2276 5.0
12824 12825 2.0
12825 12824 2.0
12824 12854 3.0
12854 12824 3.0
12825 12826 14.0
12826 12825 14.0
12825 12855 3.0
12855 12825 3.0
12826 12827 3.0
12827 12826 3.0
12826 12856 3.0
12856 12826 3.0
12827 12828 37.0
12828 12827 37.0
12827 12857 3.0
12857 12827 3.0
12828 12829 6.0
12829 12828 6.0
12828 12858 3.0
12858 12828 3.0
12829 12830 6.0
12830 12829 6.0
12829 12859 3.0
12859 12829 3.0
12830 12831 49.0
12831 12830 49.0
12831 12832 2.0
12832 12831 2.0
12831 12860 3.0
12860 12831 3.0
12832 12833 2.0
12833 12832 2.0
12832 12861 3.0
12861 12832 3.0
12833 12834 12.0
12834 12833 12.0
12833 12965 27.0
12965 12833 27.0
12834 12835 15.0
12835 12834 15.0
12834 12966 27.0
12966 12834 27.0
12835 12836 13.0
12836 12835 13.0
12835 12920 19.0
12920 12835 19.0
12836 12837 31.0
12837 12836 31.0
12837 12838 7.0
12838 12837 7.0
2647 12839 51.0
12839 2647 51.0
2647 12923 19.0
12923 2647 19.0
2647 12838 21.0
12838 2647 21.0
2647 12773 18.0
12773 2647 18.0
12839 12887 20.0
12887 12839 20.0
12840 12915 17.0
12915 12840 17.0
4074 12841 8.0
12841 4074 8.0
4074 13009 43.0
13009 4074 43.0
4074 12840 42.0
12840 4074 42.0
4074 12781 17.0
12781 4074 17.0
12841 12842 7.0
12842 12841 7.0
12841 13010 43.0
13010 12841 43.0
12842 12843 7.0
12843 12842 7.0
12842 13011 43.0
13011 12842 43.0
12843 12872 6.0
12872 12843 6.0
12844 12898 14.0
12898 12844 14.0
1509 12845 21.0
12845 1509 21.0
1509 12900 14.0
12900 1509 14.0
1509 12844 31.0
12844 1509 31.0
1509 12822 1.0
12822 1509 1.0
12845 12901 14.0
12901 12845 14.0
12846 12847 28.0
12847 12846 28.0
12846 12937 18.0
12937 12846 18.0
12846 12904 37.0
12904 12846 37.0
12847 12848 13.0
12848 12847 13.0
12847 12938 18.0
12938 12847 18.0
12848 12849 38.0
12849 12848 38.0
12848 12939 18.0
12939 12848 18.0
12849 12850 13.0
12850 12849 13.0
12850 12851 37.0
12851 12850 37.0
1926 12852 13.0
12852 1926 13.0
1926 12862 15.0
12862 1926 15.0
1926 12851 1.0
12851 1926 1.0
1926 12720 42.0
12720 1926 42.0
12852 12862 2.0
12862 12852 2.0
12853 12854 2.0
12854 12853 2.0
12853 13032 47.0
13032 12853 47.0
12854 12855 2.0
12855 12854 2.0
12855 12856 14.0
12856 12855 14.0
12856 12857 3.0
12857 12856 3.0
12857 12858 37.0
12858 12857 37.0
12857 13068 49.0
13068 12857 49.0
12858 12859 6.0
12859 12858 6.0
12858 12961 24.0
12961 12858 24.0
2396 12860 49.0
12860 2396 49.0
2396 12962 24.0
12962 2396 24.0
2396 12859 6.0
12859 2396 6.0
2396 12830 3.0
12830 2396 3.0
12860 12861 2.0
12861 12860 2.0
12860 12963 24.0
12963 12860 24.0
12861 12964 24.0
12964 12861 24.0
505 12870 2.0
12870 505 2.0
2000 12863 14.0
12863 2000 14.0
2000 12864 15.0
12864 2000 15.0
2000 12862 28.0
12862 2000 28.0
12863 12864 1.0
12864 12863 1.0
12864 12865 5.0
12865 12864 5.0
2056 12865 11.0
12865 2056 11.0
2056 12689 50.0
12689 2056 50.0
3586 12866 42.0
12866 3586 42.0
3586 12996 35.0
12996 3586 35.0
3586 12989 40.0
12989 3586 40.0
12866 12885 3.0
12885 12866 3.0
12867 12868 12.0
12868 12867 12.0
12867 12913 12.0
12913 12867 12.0
3925 12869 40.0
12869 3925 40.0
3925 12914 12.0
12914 3925 12.0
3925 12868 9.0
12868 3925 9.0
3925 12732 41.0
12732 3925 41.0
12870 12871 9.0
12871 12870 9.0
12870 12992 29.0
12992 12870 29.0
12871 12985 23.0
12985 12871 23.0
569 12926 14.0
12926 569 14.0
569 12871 31.0
12871 569 31.0
12872 12873 27.0
12873 12872 27.0
12872 12952 18.0
12952 12872 18.0
12873 12874 23.0
12874 12873 23.0
12873 12953 18.0
12953 12873 18.0
12874 12875 6.0
12875 12874 6.0
12874 12954 18.0
12954 12874 18.0
12875 12876 5.0
12876 12875 5.0
12875 12955 18.0
12955 12875 18.0
12876 12877 2.0
12877 12876 2.0
12876 12956 18.0
12956 12876 18.0
12877 12878 5.0
12878 12877 5.0
12877 12957 18.0
12957 12877 18.0
12878 12879 27.0
12879 12878 27.0
12879 12880 6.0
12880 12879 6.0
12879 12958 18.0
12958 12879 18.0
12880 12881 6.0
12881 12880 6.0
12880 12959 18.0
12959 12880 18.0
12881 12882 7.0
12882 12881 7.0
12881 12960 18.0
12960 12881 18.0
12882 12979 22.0
12979 12882 22.0
4208 12883 32.0
12883 4208 32.0
4208 12980 22.0
12980 4208 22.0
4208 12882 5.0
12882 4208 5.0
4208 12796 17.0
12796 4208 17.0
12883 12884 2.0
12884 12883 2.0
12883 12981 22.0
12981 12883 22.0
12884 12982 22.0
12982 12884 22.0
12885 12886 6.0
12886 12885 6.0
12886 12997 33.0
12997 12886 33.0
3664 12998 33.0
12998 3664 33.0
3664 12886 2.0
12886 3664 2.0
2949 12994 32.0
12994 2949 32.0
2949 2951 32.0
2951 2949 32.0
12887 12888 2.0
12888 12887 2.0
12888 12889 24.0
12889 12888 24.0
12888 12990 20.0
12990 12888 20.0
2793 12991 20.0
12991 2793 20.0
2793 12889 7.0
12889 2793 7.0
2793 12687 60.0
12687 2793 60.0
12890 12891 7.0
12891 12890 7.0
12890 12906 2.0
12906 12890 2.0
12890 12905 55.0
12905 12890 55.0
12891 12892 43.0
12892 12891 43.0
12891 12907 2.0
12907 12891 2.0
12892 12893 27.0
12893 12892 27.0
12892 12908 2.0
12908 12892 2.0
12893 12894 9.0
12894 12893 9.0
12893 12909 2.0
12909 12893 2.0
12894 12910 2.0
12910 12894 2.0
1246 12895 60.0
12895 1246 60.0
1246 12911 2.0
12911 1246 2.0
1246 12894 4.0
12894 1246 4.0
12895 12896 21.0
12896 12895 21.0
12896 12897 30.0
12897 12896 30.0
12896 12912 2.0
12912 12896 2.0
12897 12898 10.0
12898 12897 10.0
12898 12899 18.0
12899 12898 18.0
12898 12919 4.0
12919 12898 4.0
12899 12900 13.0
12900 12899 13.0
12899 12930 5.0
12930 12899 5.0
12900 12901 21.0
12901 12900 21.0
12900 12931 5.0
12931 12900 5.0
12901 12902 28.0
12902 12901 28.0
12901 12932 5.0
12932 12901 5.0
12902 12933 5.0
12933 12902 5.0
1656 12903 2.0
12903 1656 2.0
1656 12934 5.0
12934 1656 5.0
1656 12902 41.0
12902 1656 41.0
1656 12788 29.0
12788 1656 29.0
12903 12904 6.0
12904 12903 6.0
12903 12935 5.0
12935 12903 5.0
12904 12936 5.0
12936 12904 5.0
12905 12906 53.0
12906 12905 53.0
12905 12918 1.0
12918 12905 1.0
12906 12907 7.0
12907 12906 7.0
12906 13026 32.0
13026 12906 32.0
12907 12908 43.0
12908 12907 43.0
12908 12909 27.0
12909 12908 27.0
12908 13059 34.0
13059 12908 34.0
12909 12910 9.0
12910 12909 9.0
12910 12911 4.0
12911 12910 4.0
12910 13112 48.0
13112 12910 48.0
1346 12912 21.0
12912 1346 21.0
1346 12911 60.0
12911 1346 60.0
1346 12895 2.0
12895 1346 2.0
12913 12914 21.0
12914 12913 21.0
12914 12951 7.0
12951 12914 7.0
3982 12915 29.0
12915 3982 29.0
3982 13007 26.0
13007 3982 26.0
3982 12914 40.0
12914 3982 40.0
3982 12869 12.0
12869 3982 12.0
12915 13008 26.0
13008 12915 26.0
12916 12917 22.0
12917 12916 22.0
1006 12918 9.0
12918 1006 9.0
1006 13024 31.0
13024 1006 31.0
1006 12917 29.0
12917 1006 29.0
1006 12768 39.0
12768 1006 39.0
1436 12919 10.0
12919 1436 10.0
1436 12912 32.0
12912 1436 32.0
1436 12897 4.0
12897 1436 4.0
12919 12929 1.0
12929 12919 1.0
12920 12921 36.0
12921 12920 36.0
12921 12922 7.0
12922 12921 7.0
12921 12968 8.0
12968 12921 8.0
12922 12969 8.0
12969 12922 8.0
2612 12923 21.0
12923 2612 21.0
2612 13120 52.0
13120 2612 52.0
2612 12922 8.0
12922 2612 8.0
2612 12838 19.0
12838 2612 19.0
12923 13004 41.0
13004 12923 41.0
3740 12924 5.0
12924 3740 5.0
3740 13001 21.0
13001 3740 21.0
3740 12800 28.0
12800 3740 28.0
12924 12925 4.0
12925 12924 4.0
12924 13002 21.0
13002 12924 21.0
12926 12927 50.0
12927 12926 50.0
12926 12986 9.0
12986 12926 9.0
12927 12940 1.0
12940 12927 1.0
689 12928 11.0
12928 689 11.0
689 12941 1.0
12941 689 1.0
689 12927 31.0
12927 689 31.0
12928 12942 1.0
12942 12928 1.0
12929 12930 18.0
12930 12929 18.0
12929 12944 3.0
12944 12929 3.0
12930 12931 13.0
12931 12930 13.0
12930 12945 3.0
12945 12930 3.0
12931 12932 21.0
12932 12931 21.0
12931 12946 3.0
12946 12931 3.0
12932 12933 28.0
12933 12932 28.0
12932 12947 3.0
12947 12932 3.0
12933 12934 41.0
12934 12933 41.0
12934 12935 2.0
12935 12934 2.0
12934 12948 3.0
12948 12934 3.0
12935 12936 6.0
12936 12935 6.0
12935 12971 8.0
12971 12935 8.0
12936 12937 24.0
12937 12936 24.0
12936 12972 8.0
12972 12936 8.0
12937 12938 28.0
12938 12937 28.0
12937 12973 8.0
12973 12937 8.0
12938 12939 13.0
12939 12938 13.0
1851 12939 38.0
12939 1851 38.0
1851 12849 18.0
12849 1851 18.0
12940 12941 31.0
12941 12940 31.0
12941 12942 11.0
12942 12941 11.0
12942 12943 6.0
12943 12942 6.0
12943 13073 33.0
13073 12943 33.0
725 13074 33.0
13074 725 33.0
725 12943 3.0
12943 725 3.0
725 12772 40.0
12772 725 40.0
12944 12945 18.0
12945 12944 18.0
12944 13117 48.0
13117 12944 48.0
12945 12946 13.0
12946 12945 13.0
12946 12947 21.0
12947 12946 21.0
1579 12948 41.0
12948 1579 41.0
1579 12947 28.0
12947 1579 28.0
1579 12933 3.0
12933 1579 3.0
12948 12970 5.0
12970 12948 5.0
12949 12950 14.0
12950 12949 14.0
12949 13064 27.0
13064 12949 27.0
3899 12951 21.0
12951 3899 21.0
3899 12950 39.0
12950 3899 39.0
3899 12913 7.0
12913 3899 7.0
12951 13006 35.0
13006 12951 35.0
12952 12953 27.0
12953 12952 27.0
12952 13012 19.0
13012 12952 19.0
12953 12954 23.0
12954 12953 23.0
12954 12955 6.0
12955 12954 6.0
12954 13014 19.0
13014 12954 19.0
12955 12956 5.0
12956 12955 5.0
12955 12974 4.0
12974 12955 4.0
12956 12957 2.0
12957 12956 2.0
4164 12958 27.0
12958 4164 27.0
4164 12975 4.0
12975 4164 4.0
4164 12957 5.0
12957 4164 5.0
4164 12878 18.0
12878 4164 18.0
12958 12959 6.0
12959 12958 6.0
12958 12976 4.0
12976 12958 4.0
12959 12960 6.0
12960 12959 6.0
12959 12977 4.0
12977 12959 4.0
12960 12978 4.0
12978 12960 4.0
2034 12865 20.0
12865 2034 20.0
918 13022 23.0
13022 918 23.0
918 13021 35.0
13021 918 35.0
918 12916 8.0
12916 918 8.0
12961 12962 12.0
12962 12961 12.0
12961 13069 25.0
13069 12961 25.0
12962 12963 49.0
12963 12962 49.0
12962 13072 26.0
13072 12962 26.0
12963 12964 2.0
12964 12963 2.0
12964 12965 2.0
12965 12964 2.0
12964 13081 29.0
13081 12964 29.0
12965 12966 12.0
12966 12965 12.0
12965 13082 29.0
13082 12965 29.0
12966 12967 3.0
12967 12966 3.0
12966 13083 29.0
13083 12966 29.0
12967 13084 29.0
13084 12967 29.0
2525 12968 36.0
12968 2525 36.0
2525 12967 12.0
12967 2525 12.0
2525 12920 8.0
12920 2525 8.0
12968 12969 7.0
12969 12968 7.0
12968 13118 44.0
13118 12968 44.0
12969 13119 44.0
13119 12969 44.0
12970 12971 2.0
12971 12970 2.0
12970 13077 30.0
13077 12970 30.0
12971 12972 6.0
12972 12971 6.0
12971 13077 28.0
13077 12971 28.0
12972 12973 24.0
12973 12972 24.0
1768 12973 28.0
12973 1768 28.0
1768 12938 8.0
12938 1768 8.0
12974 12975 12.0
12975 12974 12.0
12974 13015 15.0
13015 12974 15.0
12975 12976 27.0
12976 12975 27.0
12975 13042 22.0
13042 12975 22.0
12976 12977 6.0
12977 12976 6.0
12976 13043 22.0
13043 12976 22.0
12977 12978 6.0
12978 12977 6.0
12977 13044 22.0
13044 12977 22.0
12978 12979 7.0
12979 12978 7.0
12978 13045 22.0
13045 12978 22.0
12979 12980 5.0
12980 12979 5.0
12979 13046 22.0
13046 12979 22.0
12980 12981 32.0
12981 12980 32.0
12980 13047 22.0
13047 12980 22.0
12981 12982 2.0
12982 12981 2.0
12981 13048 22.0
13048 12981 22.0
12982 12983 4.0
12983 12982 4.0
12983 13049 22.0
13049 12983 22.0
4245 12984 22.0
12984 4245 22.0
4245 13050 22.0
13050 4245 22.0
4245 12983 12.0
12983 4245 12.0
4245 12799 39.0
12799 4245 39.0
12984 13051 22.0
13051 12984 22.0
12985 12986 31.0
12986 12985 31.0
12986 12987 18.0
12987 12986 18.0
12987 12988 20.0
12988 12987 20.0
12988 13115 39.0
13115 12988 39.0
650 13142 50.0
13142 650 50.0
650 12988 12.0
12988 650 12.0
650 12940 8.0
12940 650 8.0
3522 12989 30.0
12989 3522 30.0
3522 13016 12.0
13016 3522 12.0
12989 12995 7.0
12995 12989 7.0
12990 12991 31.0
12991 12990 31.0
2822 2917 63.0
2917 2822 63.0
2822 12991 10.0
12991 2822 10.0
12992 12993 2.0
12993 12992 2.0
12993 13109 29.0
13109 12993 29.0
523 13110 29.0
13110 523 29.0
523 12993 7.0
12993 523 7.0
523 12985 6.0
12985 523 6.0
3270 13383 126.0
13383 3270 126.0
2917 12994 19.0
12994 2917 19.0
12995 12996 12.0
12996 12995 12.0
12996 12997 49.0
12997 12996 49.0
12996 13017 5.0
13017 12996 5.0
12997 12998 2.0
12998 12997 2.0
12998 12999 28.0
12999 12998 28.0
12998 13019 7.0
13019 12998 7.0
12999 13000 9.0
13000 12999 9.0
12999 13020 7.0
13020 12999 7.0
13000 13001 13.0
13001 13000 13.0
13000 13060 11.0
13060 13000 11.0
13001 13002 5.0
13002 13001 5.0
3752 13003 30.0
13003 3752 30.0
3752 13061 11.0
13061 3752 11.0
3752 13002 4.0
13002 3752 4.0
3752 12925 21.0
12925 3752 21.0
13004 13005 40.0
13005 13004 40.0
2749 13183 40.0
13183 2749 40.0
2749 13005 2.0
13005 2749 2.0
2749 12990 9.0
12990 2749 9.0
13006 13007 24.0
13007 13006 24.0
13006 13027 6.0
13027 13006 6.0
13007 13008 29.0
13008 13007 29.0
13007 13028 6.0
13028 13007 6.0
13008 13009 42.0
13009 13008 42.0
13009 13010 8.0
13010 13009 8.0
13009 13029 6.0
13029 13009 6.0
13010 13011 7.0
13011 13010 7.0
13010 13030 6.0
13030 13010 6.0
13011 13012 7.0
13012 13011 7.0
13011 13036 7.0
13036 13011 7.0
13012 13013 15.0
13013 13012 15.0
13012 13037 7.0
13037 13012 7.0
13013 13038 7.0
13038 13013 7.0
4129 13014 23.0
13014 4129 23.0
4129 13039 7.0
13039 4129 7.0
4129 13013 12.0
13013 4129 12.0
4129 12953 19.0
12953 4129 19.0
13014 13015 6.0
13015 13014 6.0
13014 13040 7.0
13040 13014 7.0
13015 13041 7.0
13041 13015 7.0
2010 2034 30.0
2034 2010 30.0
3564 13017 12.0
13017 3564 12.0
3564 13016 30.0
13016 3564 30.0
3564 12995 5.0
12995 3564 5.0
13017 13018 49.0
13018 13017 49.0
13018 13097 12.0
13097 13018 12.0
3662 13019 2.0
13019 3662 2.0
3662 13098 12.0
13098 3662 12.0
3662 13018 2.0
13018 3662 2.0
3662 12997 7.0
12997 3662 7.0
13019 13020 28.0
13020 13019 28.0
13019 13099 12.0
13099 13019 12.0
13021 13022 12.0
13022 13021 12.0
13021 13052 2.0
13052 13021 2.0
13022 13023 29.0
13023 13022 29.0
13022 13053 2.0
13053 13022 2.0
13023 13024 22.0
13024 13023 22.0
13023 13054 2.0
13054 13023 2.0
13024 13025 6.0
13025 13024 6.0
13024 13055 2.0
13055 13024 2.0
13025 13056 2.0
13056 13025 2.0
1022 13026 53.0
13026 1022 53.0
1022 13057 2.0
13057 1022 2.0
1022 13025 3.0
13025 1022 3.0
1022 12918 31.0
12918 1022 31.0
13026 13058 2.0
13058 13026 2.0
13027 13028 24.0
13028 13027 24.0
4024 13029 42.0
13029 4024 42.0
4024 13033 1.0
13033 4024 1.0
4024 13028 29.0
13028 4024 29.0
4024 13008 6.0
13008 4024 6.0
13029 13030 8.0
13030 13029 8.0
13029 13034 1.0
13034 13029 1.0
13030 13035 1.0
13035 13030 1.0
13031 13065 2.0
13065 13031 2.0
2234 13032 23.0
13032 2234 23.0
2234 13066 2.0
13066 2234 2.0
2234 13031 2.0
13031 2234 2.0
2234 12823 50.0
12823 2234 50.0
13032 13067 2.0
13067 13032 2.0
13033 13034 42.0
13034 13033 42.0
13033 13101 28.0
13101 13033 28.0
13034 13035 8.0
13035 13034 8.0
13034 13102 11.0
13102 13034 11.0
13035 13036 7.0
13036 13035 7.0
13036 13037 7.0
13037 13036 7.0
13036 13103 11.0
13103 13036 11.0
13037 13038 15.0
13038 13037 15.0
13037 13104 11.0
13104 13037 11.0
13038 13039 12.0
13039 13038 12.0
13038 13085 6.0
13085 13038 6.0
13039 13040 23.0
13040 13039 23.0
13039 13086 6.0
13086 13039 6.0
13040 13041 6.0
13041 13040 6.0
13040 13087 6.0
13087 13040 6.0
13041 13042 12.0
13042 13041 12.0
13041 13088 6.0
13088 13041 6.0
13042 13043 27.0
13043 13042 27.0
13042 13089 6.0
13089 13042 6.0
13043 13044 6.0
13044 13043 6.0
13043 13090 6.0
13090 13043 6.0
13044 13045 6.0
13045 13044 6.0
13044 13091 6.0
13091 13044 6.0
13045 13046 7.0
13046 13045 7.0
13046 13047 5.0
13047 13046 5.0
13046 13092 6.0
13092 13046 6.0
13047 13048 32.0
13048 13047 32.0
13048 13049 6.0
13049 13048 6.0
13048 13093 6.0
13093 13048 6.0
13049 13050 12.0
13050 13049 12.0
13049 13094 6.0
13094 13049 6.0
13050 13051 22.0
13051 13050 22.0
13050 13155 29.0
13155 13050 29.0
13051 13156 29.0
13156 13051 29.0
4273 13157 29.0
13157 4273 29.0
4273 13051 7.0
13051 4273 7.0
13052 13053 12.0
13053 13052 12.0
13052 13075 3.0
13075 13052 3.0
13053 13054 29.0
13054 13053 29.0
13053 13076 5.0
13076 13053 5.0
13054 13055 22.0
13055 13054 22.0
13055 13056 6.0
13056 13055 6.0
13055 13095 7.0
13095 13055 7.0
13056 13057 3.0
13057 13056 3.0
13056 13096 7.0
13096 13056 7.0
13057 13058 53.0
13058 13057 53.0
1109 13059 43.0
13059 1109 43.0
1109 13058 7.0
13058 1109 7.0
1109 12907 34.0
12907 1109 34.0
13059 13111 19.0
13111 13059 19.0
13060 13061 22.0
13061 13060 22.0
13060 13100 8.0
13100 13060 8.0
13061 13062 27.0
13062 13061 27.0
13061 13144 28.0
13144 13061 28.0
13062 13106 12.0
13106 13062 12.0
3791 13063 2.0
13063 3791 2.0
3791 13107 12.0
13107 3791 12.0
3791 13062 3.0
13062 3791 3.0
3791 13003 11.0
13003 3791 11.0
13063 13064 27.0
13064 13063 27.0
13063 13108 12.0
13108 13063 12.0
13065 13066 2.0
13066 13065 2.0
13065 13116 17.0
13116 13065 17.0
13066 13067 23.0
13067 13066 23.0
2307 13068 3.0
13068 2307 3.0
2307 13070 4.0
13070 2307 4.0
2307 13067 18.0
13067 2307 18.0
2307 12856 49.0
12856 2307 49.0
13068 13069 37.0
13069 13068 37.0
13068 13070 1.0
13070 13068 1.0
13070 13071 25.0
13071 13070 25.0
13071 13129 24.0
13129 13071 24.0
2376 13072 12.0
13072 2376 12.0
2376 13078 3.0
13078 2376 3.0
2376 13071 12.0
13071 2376 12.0
2376 13069 1.0
13069 2376 1.0
13072 13079 3.0
13079 13072 3.0
13073 13074 3.0
13074 13073 3.0
13073 13143 25.0
13143 13073 25.0
815 13075 50.0
13075 815 50.0
815 894 52.0
894 815 52.0
815 13074 59.0
13074 815 59.0
1983 13161 40.0
13161 1983 40.0
1983 2010 30.0
2010 1983 30.0
894 13076 12.0
13076 894 12.0
894 13075 2.0
13075 894 2.0
1669 13184 29.0
13184 1669 29.0
1669 13077 6.0
13077 1669 6.0
1669 12972 28.0
12972 1669 28.0
13078 13079 12.0
13079 13078 12.0
13078 13130 21.0
13130 13078 21.0
13079 13080 16.0
13080 13079 16.0
13079 13131 21.0
13131 13079 21.0
13080 13132 21.0
13132 13080 21.0
2469 13081 2.0
13081 2469 2.0
2469 13134 21.0
13134 2469 21.0
2469 13080 33.0
13080 2469 33.0
2469 12963 29.0
12963 2469 29.0
13081 13082 2.0
13082 13081 2.0
13081 13135 21.0
13135 13081 21.0
13082 13083 12.0
13083 13082 12.0
13082 13136 21.0
13136 13082 21.0
13083 13084 3.0
13084 13083 3.0
13083 13137 21.0
13137 13083 21.0
13085 13086 12.0
13086 13085 12.0
13085 13105 5.0
13105 13085 5.0
13086 13087 23.0
13087 13086 23.0
13086 13123 18.0
13123 13086 18.0
13087 13088 6.0
13088 13087 6.0
13087 13124 18.0
13124 13087 18.0
13088 13089 12.0
13089 13088 12.0
13089 13090 27.0
13090 13089 27.0
13089 13126 18.0
13126 13089 18.0
13090 13091 6.0
13091 13090 6.0
13090 13127 18.0
13127 13090 18.0
4197 13092 7.0
13092 4197 7.0
4197 13128 18.0
13128 4197 18.0
4197 13091 6.0
13091 4197 6.0
4197 13045 6.0
13045 4197 6.0
13092 13093 37.0
13093 13092 37.0
13092 13153 23.0
13153 13092 23.0
13093 13094 6.0
13094 13093 6.0
13093 13154 23.0
13154 13093 23.0
969 13095 22.0
13095 969 22.0
969 13209 41.0
13209 969 41.0
969 13076 31.0
13076 969 31.0
969 13054 7.0
13054 969 7.0
13095 13096 6.0
13096 13095 6.0
13095 13210 41.0
13210 13095 41.0
13097 13098 2.0
13098 13097 2.0
13098 13099 2.0
13099 13098 2.0
3705 13100 9.0
13100 3705 9.0
3705 3721 29.0
3721 3705 29.0
3705 13099 28.0
13099 3705 28.0
3705 13020 12.0
13020 3705 12.0
13101 13102 25.0
13102 13101 25.0
4080 13103 7.0
13103 4080 7.0
4080 13162 21.0
13162 4080 21.0
4080 13102 8.0
13102 4080 8.0
4080 13035 11.0
13035 4080 11.0
13103 13104 7.0
13104 13103 7.0
13103 13163 21.0
13163 13103 21.0
13104 13105 15.0
13105 13104 15.0
13104 13121 13.0
13121 13104 13.0
13105 13122 13.0
13122 13105 13.0
13106 13107 3.0
13107 13106 3.0
13106 13145 16.0
13145 13106 16.0
13107 13108 2.0
13108 13107 2.0
3831 13252 49.0
13252 3831 49.0
3831 13108 27.0
13108 3831 27.0
3831 13064 12.0
13064 3831 12.0
481 13109 25.0
13109 481 25.0
481 13196 32.0
13196 481 32.0
481 13195 54.0
13195 481 54.0
481 12992 52.0
12992 481 52.0
13109 13110 7.0
13110 13109 7.0
13109 13197 32.0
13197 13109 32.0
13110 13113 4.0
13113 13110 4.0
13111 13188 30.0
13188 13111 30.0
1230 13112 9.0
13112 1230 9.0
1230 13185 21.0
13185 1230 21.0
1230 13111 22.0
13111 1230 22.0
1230 12909 48.0
12909 1230 48.0
13112 13186 21.0
13186 13112 21.0
13113 13114 7.0
13114 13113 7.0
13113 13198 28.0
13198 13113 28.0
13114 13139 11.0
13139 13114 11.0
594 13115 20.0
13115 594 20.0
594 13141 11.0
13141 594 11.0
594 13114 42.0
13114 594 42.0
594 12987 39.0
12987 594 39.0
2945 12994 31.0
12994 2945 31.0
2190 13116 19.0
13116 2190 19.0
2190 13212 31.0
13212 2190 31.0
2190 13031 38.0
13031 2190 38.0
13117 13249 40.0
13249 13117 40.0
1493 13281 51.0
13281 1493 51.0
1493 13117 18.0
13117 1493 18.0
1493 12945 48.0
12945 1493 48.0
13118 13119 7.0
13119 13118 7.0
13118 13138 6.0
13138 13118 6.0
13119 13120 8.0
13120 13119 8.0
13119 13180 12.0
13180 13119 12.0
2672 13181 12.0
13181 2672 12.0
2672 13120 38.0
13120 2672 38.0
2672 13004 28.0
13004 2672 28.0
13121 13122 15.0
13122 13121 15.0
13121 13164 8.0
13164 13121 8.0
13122 13123 12.0
13123 13122 12.0
13122 13146 5.0
13146 13122 5.0
13123 13124 23.0
13124 13123 23.0
13124 13125 3.0
13125 13124 3.0
13124 13147 5.0
13147 13124 5.0
13125 13148 5.0
13148 13125 5.0
4155 13126 12.0
13126 4155 12.0
4155 13149 5.0
13149 4155 5.0
4155 13125 3.0
13125 4155 3.0
4155 13088 18.0
13088 4155 18.0
13126 13127 27.0
13127 13126 27.0
13126 13150 5.0
13150 13126 5.0
13127 13128 12.0
13128 13127 12.0
13127 13151 5.0
13151 13127 5.0
13128 13152 5.0
13152 13128 5.0
13129 13130 12.0
13130 13129 12.0
13130 13131 12.0
13131 13130 12.0
13130 13232 26.0
13232 13130 26.0
13131 13132 16.0
13132 13131 16.0
13131 13233 26.0
13233 13131 26.0
13132 13133 8.0
13133 13132 8.0
13133 13134 25.0
13134 13133 25.0
13133 13219 25.0
13219 13133 25.0
13134 13135 2.0
13135 13134 2.0
13134 13220 25.0
13220 13134 25.0
13135 13136 2.0
13136 13135 2.0
13135 13221 25.0
13221 13135 25.0
13136 13137 12.0
13137 13136 12.0
13136 13222 25.0
13222 13136 25.0
2507 13138 48.0
13138 2507 48.0
2507 13178 6.0
13178 2507 6.0
2507 13137 3.0
13137 2507 3.0
2507 13084 21.0
13084 2507 21.0
13138 13179 6.0
13179 13138 6.0
13139 13140 18.0
13140 13139 18.0
13140 13141 24.0
13141 13140 24.0
13140 13199 17.0
13199 13140 17.0
624 13142 12.0
13142 624 12.0
624 13158 2.0
13158 624 2.0
624 13141 20.0
13141 624 20.0
624 13115 11.0
13115 624 11.0
13142 13143 48.0
13143 13142 48.0
13142 13159 2.0
13159 13142 2.0
3721 13144 22.0
13144 3721 22.0
3721 13208 19.0
13208 3721 19.0
3721 13100 20.0
13100 3721 20.0
13144 13145 27.0
13145 13144 27.0
13144 13250 33.0
13250 13144 33.0
13146 13147 35.0
13147 13146 35.0
13147 13148 3.0
13148 13147 3.0
13147 13165 3.0
13165 13147 3.0
13148 13149 3.0
13149 13148 3.0
13148 13166 3.0
13166 13148 3.0
13149 13150 12.0
13150 13149 12.0
13149 13167 3.0
13167 13149 3.0
13150 13151 27.0
13151 13150 27.0
13150 13168 3.0
13168 13150 3.0
13151 13152 12.0
13152 13151 12.0
13151 13169 3.0
13169 13151 3.0
13152 13153 7.0
13153 13152 7.0
13152 13170 3.0
13170 13152 3.0
13153 13154 37.0
13154 13153 37.0
13153 13171 3.0
13171 13153 3.0
4238 13155 12.0
13155 4238 12.0
4238 13172 3.0
13172 4238 3.0
4238 13154 6.0
13154 4238 6.0
4238 13094 23.0
13094 4238 23.0
13155 13156 22.0
13156 13155 22.0
13155 13173 3.0
13173 13155 3.0
13156 13157 7.0
13157 13156 7.0
13156 13174 3.0
13174 13156 3.0
13157 13176 3.0
13176 13157 3.0
13158 13159 12.0
13159 13158 12.0
13158 13299 49.0
13299 13158 49.0
13159 13160 16.0
13160 13159 16.0
718 13160 32.0
13160 718 32.0
718 13143 2.0
13143 718 2.0
1902 13161 40.0
13161 1902 40.0
13162 13163 7.0
13163 13162 7.0
13162 13277 38.0
13277 13162 38.0
13163 13164 7.0
13164 13163 7.0
13163 13278 38.0
13278 13163 38.0
4119 13165 35.0
13165 4119 35.0
4119 13289 40.0
13289 4119 40.0
4119 13164 15.0
13164 4119 15.0
4119 13146 3.0
13146 4119 3.0
13165 13166 3.0
13166 13165 3.0
13165 13200 14.0
13200 13165 14.0
13166 13167 3.0
13167 13166 3.0
13166 13201 14.0
13201 13166 14.0
13167 13168 12.0
13168 13167 12.0
13167 13202 14.0
13202 13167 14.0
13168 13169 27.0
13169 13168 27.0
13168 13203 14.0
13203 13168 14.0
13169 13170 12.0
13170 13169 12.0
13170 13171 7.0
13171 13170 7.0
13170 13205 14.0
13205 13170 14.0
13171 13172 43.0
13172 13171 43.0
13171 13206 14.0
13206 13171 14.0
13172 13173 12.0
13173 13172 12.0
13172 13216 18.0
13216 13172 18.0
13173 13174 22.0
13174 13173 22.0
13174 13175 5.0
13175 13174 5.0
13175 13176 2.0
13176 13175 2.0
13176 13177 7.0
13177 13176 7.0
13176 13217 18.0
13217 13176 18.0
13177 13218 18.0
13218 13177 18.0
4293 13177 22.0
13177 4293 22.0
13178 13179 48.0
13179 13178 48.0
13178 13223 19.0
13223 13178 19.0
13179 13180 7.0
13180 13179 7.0
13179 13224 19.0
13224 13179 19.0
13180 13181 46.0
13181 13180 46.0
13180 13225 19.0
13225 13180 19.0
13181 13182 9.0
13182 13181 9.0
13181 13227 19.0
13227 13181 19.0
13182 13191 12.0
13191 13182 12.0
2743 13183 2.0
13183 2743 2.0
2743 13192 12.0
13192 2743 12.0
2743 13182 31.0
13182 2743 31.0
2743 13005 40.0
13005 2743 40.0
13183 13193 12.0
13193 13183 12.0
3517 13246 23.0
13246 3517 23.0
3517 13016 41.0
13016 3517 41.0
1631 13184 21.0
13184 1631 21.0
1631 13306 52.0
13306 1631 52.0
13185 13186 9.0
13186 13185 9.0
13185 13189 9.0
13189 13185 9.0
13186 13187 18.0
13187 13186 18.0
13187 13190 9.0
13190 13187 9.0
1295 13264 32.0
13264 1295 32.0
1295 13187 13.0
13187 1295 13.0
1684 13339 61.0
13339 1684 61.0
1684 13184 11.0
13184 1684 11.0
3952 13259 30.0
13259 3952 30.0
3952 13027 38.0
13027 3952 38.0
3473 3474 21.0
3474 3473 21.0
3473 3517 39.0
3517 3473 39.0
1953 13245 12.0
13245 1953 12.0
1953 13161 12.0
13161 1953 12.0
13188 13189 22.0
13189 13188 22.0
1240 13190 18.0
13190 1240 18.0
1240 13189 9.0
13189 1240 9.0
1240 13186 9.0
13186 1240 9.0
13190 13263 23.0
13263 13190 23.0
13191 13192 31.0
13192 13191 31.0
13192 13193 2.0
13193 13192 2.0
13193 13194 35.0
13194 13193 35.0
13194 13335 52.0
13335 13194 52.0
2813 13336 52.0
13336 2813 52.0
2813 13194 3.0
13194 2813 3.0
13195 13196 22.0
13196 13195 22.0
13196 13197 25.0
13197 13196 25.0
13197 13198 7.0
13198 13197 7.0
13197 13304 38.0
13304 13197 38.0
533 13199 18.0
13199 533 18.0
533 13305 38.0
13305 533 38.0
533 13198 7.0
13198 533 7.0
533 13139 17.0
13139 533 17.0
13200 13201 3.0
13201 13200 3.0
13200 13290 26.0
13290 13200 26.0
13201 13202 3.0
13202 13201 3.0
13201 13312 40.0
13312 13201 40.0
13202 13203 12.0
13203 13202 12.0
13203 13204 5.0
13204 13203 5.0
13204 13294 31.0
13294 13204 31.0
4190 13205 12.0
13205 4190 12.0
4190 13213 4.0
13213 4190 4.0
4190 13204 22.0
13204 4190 22.0
4190 13169 14.0
13169 4190 14.0
13205 13206 7.0
13206 13205 7.0
13205 13214 4.0
13214 13205 4.0
13206 13215 4.0
13215 13206 4.0
13207 13248 9.0
13248 13207 9.0
3661 13208 41.0
13208 3661 41.0
3661 13207 2.0
13207 3661 2.0
3661 13097 39.0
13097 3661 39.0
13208 13250 36.0
13250 13208 36.0
13209 13210 22.0
13210 13209 22.0
13210 13211 3.0
13211 13210 3.0
13210 13261 19.0
13261 13210 19.0
13211 13262 19.0
13262 13211 19.0
1016 13211 3.0
13211 1016 3.0
1016 13096 41.0
13096 1016 41.0
13212 13228 16.0
13228 13212 16.0
2230 13229 3.0
13229 2230 3.0
2230 13212 19.0
13212 2230 19.0
2230 13116 31.0
13116 2230 31.0
13213 13214 12.0
13214 13213 12.0
13213 13295 27.0
13295 13213 27.0
13214 13215 7.0
13215 13214 7.0
13214 13296 27.0
13296 13214 27.0
13215 13216 43.0
13216 13215 43.0
13216 13297 27.0
13297 13216 27.0
4271 13217 2.0
13217 4271 2.0
4271 13301 33.0
13301 4271 33.0
4271 13216 39.0
13216 4271 39.0
4271 13175 18.0
13175 4271 18.0
13217 13218 7.0
13218 13217 7.0
13217 13301 31.0
13301 13217 31.0
13219 13220 25.0
13220 13219 25.0
13219 13241 3.0
13241 13219 3.0
13220 13221 2.0
13221 13220 2.0
13220 13242 3.0
13242 13220 3.0
13221 13222 2.0
13222 13221 2.0
13221 13243 3.0
13243 13221 3.0
13222 13223 15.0
13223 13222 15.0
13222 13244 3.0
13244 13222 3.0
13223 13224 48.0
13224 13223 48.0
13223 13272 18.0
13272 13223 18.0
13224 13225 7.0
13225 13224 7.0
13225 13226 12.0
13226 13225 12.0
13225 13273 18.0
13273 13225 18.0
13226 13227 34.0
13227 13226 34.0
13226 13274 18.0
13274 13226 18.0
2683 13357 54.0
13357 2683 54.0
2683 13227 9.0
13227 2683 9.0
2683 13191 7.0
13191 2683 7.0
13228 13229 32.0
13229 13228 32.0
13228 13234 2.0
13234 13228 2.0
13229 13230 38.0
13230 13229 38.0
13229 13235 2.0
13235 13229 2.0
13230 13231 30.0
13231 13230 30.0
13230 13236 2.0
13236 13230 2.0
13231 13237 2.0
13237 13231 2.0
2357 13232 12.0
13232 2357 12.0
2357 13238 2.0
13238 2357 2.0
2357 13231 3.0
13231 2357 3.0
2357 13129 26.0
13129 2357 26.0
13232 13233 12.0
13233 13232 12.0
13232 13239 2.0
13239 13232 2.0
13233 13240 2.0
13240 13233 2.0
444 13303 29.0
13303 444 29.0
444 13195 8.0
13195 444 8.0
1189 13188 9.0
13188 1189 9.0
13234 13235 32.0
13235 13234 32.0
13235 13236 38.0
13236 13235 38.0
13235 13298 24.0
13298 13235 24.0
13236 13237 30.0
13237 13236 30.0
13237 13238 3.0
13238 13237 3.0
13237 13329 41.0
13329 13237 41.0
13238 13239 12.0
13239 13238 12.0
13239 13240 12.0
13240 13239 12.0
2413 13241 8.0
13241 2413 8.0
2413 13266 15.0
13266 2413 15.0
2413 13240 16.0
13240 2413 16.0
2413 13132 28.0
13132 2413 28.0
13241 13242 25.0
13242 13241 25.0
13241 13267 15.0
13267 13241 15.0
13242 13243 2.0
13243 13242 2.0
13242 13268 15.0
13268 13242 15.0
13243 13244 2.0
13244 13243 2.0
13243 13269 15.0
13269 13243 15.0
13244 13270 15.0
13270 13244 15.0
2048 13367 52.0
13367 2048 52.0
2048 13245 50.0
13245 2048 50.0
13246 13247 38.0
13247 13246 38.0
13246 13253 19.0
13253 13246 19.0
3625 13248 19.0
13248 3625 19.0
3625 13310 29.0
13310 3625 29.0
3625 13247 32.0
13247 3625 32.0
3625 13207 28.0
13207 3625 28.0
1449 13249 4.0
13249 1449 4.0
1449 13265 8.0
13265 1449 8.0
13249 13279 11.0
13279 13249 11.0
13250 13251 5.0
13251 13250 5.0
13251 13254 2.0
13254 13251 2.0
3788 13252 32.0
13252 3788 32.0
3788 13255 2.0
13255 3788 2.0
3788 13251 22.0
13251 3788 22.0
3788 13145 33.0
13145 3788 33.0
13252 13256 2.0
13256 13252 2.0
3474 13253 18.0
13253 3474 18.0
3474 13324 31.0
13324 3474 31.0
13254 13255 22.0
13255 13254 22.0
13255 13256 32.0
13256 13255 32.0
3853 13257 3.0
13257 3853 3.0
3853 13256 18.0
13256 3853 18.0
13257 13258 50.0
13258 13257 50.0
13257 13292 16.0
13292 13257 16.0
13258 13282 5.0
13282 13258 5.0
3947 13259 1.0
13259 3947 1.0
3947 13283 5.0
13283 3947 5.0
3947 13258 21.0
13258 3947 21.0
3947 3952 31.0
3952 3947 31.0
13259 13275 3.0
13275 13259 3.0
13260 13308 18.0
13308 13260 18.0
13260 13291 26.0
13291 13260 26.0
962 13261 25.0
13261 962 25.0
962 13366 40.0
13366 962 40.0
962 13260 22.0
13260 962 22.0
962 13209 22.0
13209 962 22.0
13261 13262 3.0
13262 13261 3.0
13261 13416 52.0
13416 13261 52.0
13263 13264 13.0
13264 13263 13.0
1323 1363 21.0
1363 1323 21.0
1323 13264 19.0
13264 1323 19.0
1363 13265 51.0
13265 1363 51.0
13265 13279 7.0
13279 13265 7.0
13266 13267 8.0
13267 13266 8.0
13266 13330 26.0
13330 13266 26.0
13267 13268 25.0
13268 13267 25.0
13268 13269 2.0
13269 13268 2.0
13268 13331 26.0
13331 13268 26.0
13269 13270 2.0
13270 13269 2.0
13269 13332 26.0
13332 13269 26.0
13270 13271 1.0
13271 13270 1.0
13270 13333 26.0
13333 13270 26.0
13271 13272 14.0
13272 13271 14.0
13271 13334 26.0
13334 13271 26.0
2582 13273 7.0
13273 2582 7.0
2582 13354 36.0
13354 2582 36.0
2582 13272 48.0
13272 2582 48.0
2582 13224 18.0
13224 2582 18.0
13273 13274 12.0
13274 13273 12.0
13273 13355 36.0
13355 13273 36.0
13274 13356 36.0
13356 13274 36.0
13275 13276 28.0
13276 13275 28.0
13275 13284 2.0
13284 13275 2.0
13276 13285 2.0
13285 13276 2.0
4047 13277 33.0
13277 4047 33.0
4047 13286 2.0
13286 4047 2.0
4047 13276 42.0
13276 4047 42.0
4047 13101 59.0
13101 4047 59.0
13277 13278 7.0
13278 13277 7.0
13277 13287 2.0
13287 13277 2.0
13279 13280 4.0
13280 13279 4.0
13280 13281 14.0
13281 13280 14.0
1517 1560 41.0
1560 1517 41.0
1517 13281 18.0
13281 1517 18.0
13282 13283 21.0
13283 13282 21.0
13283 13284 1.0
13284 13283 1.0
13283 13293 4.0
13293 13283 4.0
13284 13285 28.0
13285 13284 28.0
13284 13369 37.0
13369 13284 37.0
13285 13286 42.0
13286 13285 42.0
13286 13287 33.0
13287 13286 33.0
13287 13288 6.0
13288 13287 6.0
13288 13326 23.0
13326 13288 23.0
4090 13289 22.0
13289 4090 22.0
4090 13327 23.0
13327 4090 23.0
4090 13288 1.0
13288 4090 1.0
4090 13278 2.0
13278 4090 2.0
13289 13290 35.0
13290 13289 35.0
13289 13311 49.0
13311 13289 49.0
13290 13311 14.0
13311 13290 14.0
1135 13420 61.0
13420 1135 61.0
1135 1189 50.0
1189 1135 50.0
844 13291 30.0
13291 844 30.0
844 13307 11.0
13307 844 11.0
3919 13293 21.0
13293 3919 21.0
3919 13292 43.0
13292 3919 43.0
3919 13282 4.0
13282 3919 4.0
13293 13369 34.0
13369 13293 34.0
13294 13295 22.0
13295 13294 22.0
13295 13296 12.0
13296 13295 12.0
4202 13297 43.0
13297 4202 43.0
4202 13296 7.0
13296 4202 7.0
4202 13215 27.0
13215 4202 27.0
2171 13298 32.0
13298 2171 32.0
2171 2172 20.0
2172 2171 20.0
2171 13234 24.0
13234 2171 24.0
13299 13300 16.0
13300 13299 16.0
13299 13409 38.0
13409 13299 38.0
668 13412 40.0
13412 668 40.0
668 13300 12.0
13300 668 12.0
668 13160 49.0
13160 668 49.0
2981 13338 17.0
13338 2981 17.0
13301 13302 6.0
13302 13301 6.0
13302 13319 12.0
13319 13302 12.0
4277 13320 12.0
13320 4277 12.0
4277 13302 1.0
13302 4277 1.0
4277 13218 31.0
13218 4277 31.0
418 13303 21.0
13303 418 21.0
418 13433 53.0
13433 418 53.0
461 13304 38.0
13304 461 38.0
461 13439 52.0
13439 461 52.0
461 13303 10.0
13303 461 10.0
13304 13305 14.0
13305 13304 14.0
13304 13360 23.0
13360 13304 23.0
13305 13361 23.0
13361 13305 23.0
1560 13306 40.0
13306 1560 40.0
1560 1621 62.0
1621 1560 62.0
13307 13363 22.0
13363 13307 22.0
13307 13362 44.0
13362 13307 44.0
884 13308 19.0
13308 884 19.0
884 13365 22.0
13365 884 22.0
884 13307 30.0
13307 884 30.0
884 13291 11.0
13291 884 11.0
13309 13315 2.0
13315 13309 2.0
13309 13314 10.0
13314 13309 10.0
3574 13310 32.0
13310 3574 32.0
3574 13316 2.0
13316 3574 2.0
3574 13309 3.0
13309 3574 3.0
3574 13247 29.0
13247 3574 29.0
13310 13318 2.0
13318 13310 2.0
13311 13312 3.0
13312 13311 3.0
13312 13313 17.0
13313 13312 17.0
13313 13328 9.0
13328 13313 9.0
4168 13313 3.0
13313 4168 3.0
4168 13294 9.0
13294 4168 9.0
1269 13263 19.0
13263 1269 19.0
13314 13315 8.0
13315 13314 8.0
13314 13325 6.0
13325 13314 6.0
13315 13316 3.0
13316 13315 3.0
13315 13394 28.0
13394 13315 28.0
13316 13317 29.0
13317 13316 29.0
13316 13395 28.0
13395 13316 28.0
13317 13318 3.0
13318 13317 3.0
3656 13342 13.0
13342 3656 13.0
3656 13318 19.0
13318 3656 19.0
3656 13248 31.0
13248 3656 31.0
3410 13322 3.0
13322 3410 3.0
13319 13320 1.0
13320 13319 1.0
13319 13341 7.0
13341 13319 7.0
13320 13321 28.0
13321 13320 28.0
13321 13346 8.0
13346 13321 8.0
4305 13321 12.0
13321 4305 12.0
13322 13323 9.0
13323 13322 9.0
13322 13385 18.0
13385 13322 18.0
13323 13324 33.0
13324 13323 33.0
3499 13325 40.0
13325 3499 40.0
3499 13393 22.0
13393 3499 22.0
3499 13324 18.0
13324 3499 18.0
3499 13253 31.0
13253 3499 31.0
13326 13327 1.0
13327 13326 1.0
4153 13328 17.0
13328 4153 17.0
4153 13438 38.0
13438 4153 38.0
4153 13327 60.0
13327 4153 60.0
4153 13312 9.0
13312 4153 9.0
13329 13330 43.0
13330 13329 43.0
13329 13347 6.0
13347 13329 6.0
2422 13331 25.0
13331 2422 25.0
2422 13349 10.0
13349 2422 10.0
2422 13330 8.0
13330 2422 8.0
2422 13267 26.0
13267 2422 26.0
13331 13332 2.0
13332 13331 2.0
13331 13350 10.0
13350 13331 10.0
13332 13333 2.0
13333 13332 2.0
13332 13351 10.0
13351 13332 10.0
13333 13334 1.0
13334 13333 1.0
13333 13352 10.0
13352 13333 10.0
13334 13353 10.0
13353 13334 10.0
13335 13336 3.0
13336 13335 3.0
13336 13337 17.0
13337 13336 17.0
13337 13359 9.0
13359 13337 9.0
2872 13338 62.0
13338 2872 62.0
2872 13337 21.0
13337 2872 21.0
13338 13381 15.0
13381 13338 15.0
13339 13340 16.0
13340 13339 16.0
13339 13348 32.0
13348 13339 32.0
1717 13340 2.0
13340 1717 2.0
2172 13368 31.0
13368 2172 31.0
4241 13341 40.0
13341 4241 40.0
4241 13344 1.0
13344 4241 1.0
4241 13297 30.0
13297 4241 30.0
1464 13371 9.0
13371 1464 9.0
1464 13280 29.0
13280 1464 29.0
13342 13343 18.0
13343 13342 18.0
13342 13429 27.0
13429 13342 27.0
3759 13343 52.0
13343 3759 52.0
3759 13254 37.0
13254 3759 37.0
13344 13345 18.0
13345 13344 18.0
13344 13442 38.0
13442 13344 38.0
4275 13346 29.0
13346 4275 29.0
4275 13345 22.0
13345 4275 22.0
4275 13341 1.0
13341 4275 1.0
2298 13347 30.0
13347 2298 30.0
2298 13422 40.0
13422 2298 40.0
2298 13298 61.0
13298 2298 61.0
2298 13236 47.0
13236 2298 47.0
4088 13437 31.0
13437 4088 31.0
4088 13326 7.0
13326 4088 7.0
1946 13390 12.0
13390 1946 12.0
1946 13245 51.0
13245 1946 51.0
1621 13348 9.0
13348 1621 9.0
1621 13424 31.0
13424 1621 31.0
1621 13306 22.0
13306 1621 22.0
13348 13424 22.0
13424 13348 22.0
13349 13350 25.0
13350 13349 25.0
13349 13372 5.0
13372 13349 5.0
13350 13351 2.0
13351 13350 2.0
13350 13373 5.0
13373 13350 5.0
13351 13352 2.0
13352 13351 2.0
13351 13374 5.0
13374 13351 5.0
13352 13353 1.0
13353 13352 1.0
13352 13375 5.0
13375 13352 5.0
13353 13354 62.0
13354 13353 62.0
13353 13376 5.0
13376 13353 5.0
13354 13355 7.0
13355 13354 7.0
13354 13378 5.0
13378 13354 5.0
13355 13356 12.0
13356 13355 12.0
13355 13379 5.0
13379 13355 5.0
13356 13357 43.0
13357 13356 43.0
13357 13358 26.0
13358 13357 26.0
13358 13380 5.0
13380 13358 5.0
2806 13359 20.0
13359 2806 20.0
2806 13401 11.0
13401 2806 11.0
2806 13358 42.0
13358 2806 42.0
2806 13335 9.0
13335 2806 9.0
13360 13361 14.0
13361 13360 14.0
13360 13407 11.0
13407 13360 11.0
556 13408 11.0
13408 556 11.0
556 13361 18.0
13361 556 18.0
556 13199 61.0
13199 556 61.0
13362 13363 22.0
13363 13362 22.0
13363 13364 17.0
13364 13363 17.0
13364 13365 13.0
13365 13364 13.0
13364 13386 7.0
13386 13364 7.0
927 13366 22.0
13366 927 22.0
927 13413 12.0
13413 927 12.0
927 13365 19.0
13365 927 19.0
927 13308 22.0
13308 927 22.0
13366 13414 12.0
13414 13366 12.0
2097 13368 19.0
13368 2097 19.0
2097 13367 28.0
13367 2097 28.0
13369 13370 26.0
13370 13369 26.0
3991 13370 2.0
13370 3991 2.0
3991 13285 37.0
13285 3991 37.0
1403 13371 31.0
13371 1403 31.0
13372 13373 25.0
13373 13372 25.0
13372 13396 6.0
13396 13372 6.0
13373 13374 2.0
13374 13373 2.0
13373 13397 6.0
13397 13373 6.0
13374 13375 2.0
13375 13374 2.0
13374 13398 6.0
13398 13374 6.0
13375 13376 1.0
13376 13375 1.0
13375 13399 6.0
13399 13375 6.0
13376 13377 48.0
13377 13376 48.0
13377 13378 14.0
13378 13377 14.0
13377 13400 6.0
13400 13377 6.0
13378 13379 7.0
13379 13378 7.0
13379 13447 33.0
13447 13379 33.0
2618 13380 69.0
13380 2618 69.0
2618 13448 33.0
13448 2618 33.0
2618 13379 12.0
13379 2618 12.0
2618 13356 5.0
13356 2618 5.0
13381 13382 8.0
13382 13381 8.0
13381 13417 15.0
13417 13381 15.0
3061 13387 3.0
13387 3061 3.0
3061 13382 41.0
13382 3061 41.0
13383 13384 33.0
13384 13383 33.0
13383 13406 5.0
13406 13383 5.0
13383 13389 19.0
13389 13383 19.0
13384 13385 53.0
13385 13384 53.0
3422 13391 4.0
13391 3422 4.0
3422 13385 9.0
13385 3422 9.0
3422 13323 18.0
13323 3422 18.0
802 13386 39.0
13386 802 39.0
802 13421 10.0
13421 802 10.0
802 13362 7.0
13362 802 7.0
13387 13388 49.0
13388 13387 49.0
13387 13403 2.0
13403 13387 2.0
13387 13402 15.0
13402 13387 15.0
13388 13404 2.0
13404 13388 2.0
3181 13389 41.0
13389 3181 41.0
3181 13405 2.0
13405 3181 2.0
3181 13388 21.0
13388 3181 21.0
2020 13390 40.0
13390 2020 40.0
2020 13367 21.0
13367 2020 21.0
13391 13392 9.0
13392 13391 9.0
13392 13393 42.0
13393 13392 42.0
3559 13394 8.0
13394 3559 8.0
3559 13425 12.0
13425 3559 12.0
3559 13393 40.0
13393 3559 40.0
3559 13325 22.0
13325 3559 22.0
13394 13395 3.0
13395 13394 3.0
13394 13426 12.0
13426 13394 12.0
13395 13427 12.0
13427 13395 12.0
13396 13397 25.0
13397 13396 25.0
13396 13423 19.0
13423 13396 19.0
13397 13398 2.0
13398 13397 2.0
13398 13399 2.0
13399 13398 2.0
2482 13400 48.0
13400 2482 48.0
2482 13453 29.0
13453 2482 29.0
2482 13399 1.0
13399 2482 1.0
2482 13376 6.0
13376 2482 6.0
13400 13460 34.0
13460 13400 34.0
13401 13450 30.0
13450 13401 30.0
2844 13513 69.0
13513 2844 69.0
2844 13401 20.0
13401 2844 20.0
2844 13359 11.0
13359 2844 11.0
13402 13403 13.0
13403 13402 13.0
13402 13418 3.0
13418 13402 3.0
13403 13404 49.0
13404 13403 49.0
13404 13405 21.0
13405 13404 21.0
3241 13406 16.0
13406 3241 16.0
3241 13405 41.0
13405 3241 41.0
3241 13389 2.0
13389 3241 2.0
13406 13441 54.0
13441 13406 54.0
13407 13408 32.0
13408 13407 32.0
589 13409 25.0
13409 589 25.0
589 13410 11.0
13410 589 11.0
589 13408 19.0
13408 589 19.0
13409 13411 2.0
13411 13409 2.0
13410 13411 16.0
13411 13410 16.0
13411 13458 29.0
13458 13411 29.0
655 13412 12.0
13412 655 12.0
655 13411 16.0
13411 655 16.0
655 13300 40.0
13300 655 40.0
13413 13414 22.0
13414 13413 22.0
13413 13455 27.0
13455 13413 27.0
13414 13415 16.0
13415 13414 16.0
13415 13416 9.0
13416 13415 9.0
1009 13419 1.0
13419 1009 1.0
1009 13416 3.0
13416 1009 3.0
1009 13262 52.0
13262 1009 52.0
2992 13418 28.0
13418 2992 28.0
2992 13443 21.0
13443 2992 21.0
2992 13417 1.0
13417 2992 1.0
2992 13382 8.0
13382 2992 8.0
13419 13471 39.0
13471 13419 39.0
1054 13420 40.0
13420 1054 40.0
1054 13435 12.0
13435 1054 12.0
1054 13419 30.0
13419 1054 30.0
754 13421 29.0
13421 754 29.0
754 13412 61.0
13412 754 61.0
13421 13454 24.0
13454 13421 24.0
1895 1920 20.0
1920 1895 20.0
1895 13481 40.0
13481 1895 40.0
1920 13390 28.0
13390 1920 28.0
4297 13346 22.0
13346 4297 22.0
13422 13451 22.0
13451 13422 22.0
2352 13423 39.0
13423 2352 39.0
2352 13452 22.0
13452 2352 22.0
2352 13422 12.0
13422 2352 12.0
2352 13347 22.0
13347 2352 22.0
1714 13424 40.0
13424 1714 40.0
1714 13340 30.0
13340 1714 30.0
13425 13426 8.0
13426 13425 8.0
13426 13427 3.0
13427 13426 3.0
13427 13428 15.0
13428 13427 15.0
13427 13467 29.0
13467 13427 29.0
13428 13468 29.0
13468 13428 29.0
3617 13429 22.0
13429 3617 22.0
3617 13430 1.0
13430 3617 1.0
3617 13428 14.0
13428 3617 14.0
3617 13317 40.0
13317 3617 40.0
13429 13432 1.0
13432 13429 1.0
13430 13431 8.0
13431 13430 8.0
13430 13469 28.0
13469 13430 28.0
13431 13432 14.0
13432 13431 14.0
3673 13506 49.0
13506 3673 49.0
3673 13432 18.0
13432 3673 18.0
3673 13343 28.0
13343 3673 28.0
362 13433 39.0
13433 362 39.0
362 13462 61.0
13462 362 61.0
13433 13462 22.0
13462 13433 22.0
4067 13436 10.0
13436 4067 10.0
13434 13435 3.0
13435 13434 3.0
13434 13476 28.0
13476 13434 28.0
13434 13472 35.0
13472 13434 35.0
1113 13435 40.0
13435 1113 40.0
1113 13420 12.0
13420 1113 12.0
13436 13437 13.0
13437 13436 13.0
4115 13438 42.0
13438 4115 42.0
4115 13437 19.0
13437 4115 19.0
3862 13500 40.0
13500 3862 40.0
3862 13292 59.0
13292 3862 59.0
13439 13440 7.0
13440 13439 7.0
13439 13463 18.0
13463 13439 18.0
13440 13456 13.0
13456 13440 13.0
509 13457 13.0
13457 509 13.0
509 13440 31.0
13440 509 31.0
509 13407 18.0
13407 509 18.0
1645 1658 38.0
1658 1645 38.0
1645 13424 9.0
13424 1645 9.0
2140 13368 31.0
13368 2140 31.0
3323 13492 31.0
13492 3323 31.0
3323 13441 1.0
13441 3323 1.0
3323 13384 27.0
13384 3323 27.0
3988 13490 30.0
13490 3988 30.0
3988 13370 30.0
13370 3988 30.0
4226 13442 22.0
13442 4226 22.0
4226 13445 2.0
13445 4226 2.0
4226 13444 14.0
13444 4226 14.0
13442 13446 2.0
13446 13442 2.0
2990 13443 1.0
13443 2990 1.0
2990 13477 21.0
13477 2990 21.0
2990 13417 21.0
13417 2990 21.0
13443 13478 21.0
13478 13443 21.0
13444 13445 12.0
13445 13444 12.0
13444 13489 25.0
13489 13444 25.0
13445 13446 22.0
13446 13445 22.0
4255 13446 18.0
13446 4255 18.0
4255 13345 40.0
13345 4255 40.0
1476 1511 31.0
1511 1476 31.0
1476 13371 40.0
13371 1476 40.0
3437 13497 30.0
13497 3437 30.0
3437 13391 35.0
13391 3437 35.0
3437 13392 26.0
13392 3437 26.0
13447 13448 12.0
13448 13447 12.0
13448 13449 68.0
13449 13448 68.0
13448 13461 7.0
13461 13448 7.0
2734 13450 39.0
13450 2734 39.0
2734 13485 20.0
13485 2734 20.0
2734 13449 1.0
13449 2734 1.0
2734 13380 33.0
13380 2734 33.0
3149 13479 18.0
13479 3149 18.0
3149 13404 28.0
13404 3149 28.0
13451 13452 12.0
13452 13451 12.0
2409 13453 42.0
13453 2409 42.0
2409 13452 39.0
13452 2409 39.0
2409 13423 22.0
13423 2409 22.0
13453 13459 5.0
13459 13453 5.0
864 13455 32.0
13455 864 32.0
864 13454 41.0
13454 864 41.0
864 13386 32.0
13386 864 32.0
13455 13470 29.0
13470 13455 29.0
13456 13457 31.0
13457 13456 31.0
13456 13464 5.0
13464 13456 5.0
601 13458 16.0
13458 601 16.0
601 13491 37.0
13491 601 37.0
601 13457 60.0
13457 601 60.0
601 13410 29.0
13410 601 29.0
13458 13491 21.0
13491 13458 21.0
13459 13460 48.0
13460 13459 48.0
13459 13473 35.0
13473 13459 35.0
2599 13461 12.0
13461 2599 12.0
2599 13474 9.0
13474 2599 9.0
2599 13460 21.0
13460 2599 21.0
2599 13447 7.0
13447 2599 7.0
13461 13483 13.0
13483 13461 13.0
1511 13508 31.0
13508 1511 31.0
429 13463 23.0
13463 429 23.0
429 13465 24.0
13465 429 24.0
429 13462 11.0
13462 429 11.0
13463 13464 7.0
13464 13463 7.0
13463 13465 1.0
13465 13463 1.0
2331 13451 8.0
13451 2331 8.0
13465 13466 5.0
13466 13465 5.0
474 13466 2.0
13466 474 2.0
474 13464 1.0
13464 474 1.0
798 13521 50.0
13521 798 50.0
798 13454 8.0
13454 798 8.0
3568 13467 3.0
13467 3568 3.0
3568 13499 17.0
13499 3568 17.0
3568 13425 37.0
13425 3568 37.0
3568 13426 29.0
13426 3568 29.0
13467 13468 15.0
13468 13467 15.0
13467 13503 21.0
13503 13467 21.0
13468 13469 14.0
13469 13468 14.0
13468 13504 21.0
13504 13468 21.0
13469 13505 21.0
13505 13469 21.0
994 13471 12.0
13471 994 12.0
994 13475 13.0
13475 994 13.0
994 13470 22.0
13470 994 22.0
994 13415 40.0
13415 994 40.0
13471 13472 19.0
13472 13471 19.0
13471 13475 1.0
13475 13471 1.0
13473 13570 53.0
13570 13473 53.0
2558 13474 21.0
13474 2558 21.0
2558 13571 53.0
13571 2558 53.0
2558 13473 22.0
13473 2558 22.0
2558 13460 9.0
13460 2558 9.0
13474 13482 4.0
13482 13474 4.0
1037 13476 8.0
13476 1037 8.0
1037 13539 41.0
13539 1037 41.0
1037 13475 19.0
13475 1037 19.0
1037 13472 1.0
13472 1037 1.0
13477 13478 1.0
13478 13477 1.0
13477 13529 37.0
13529 13477 37.0
13478 13530 37.0
13530 13478 37.0
3039 13479 61.0
13479 3039 61.0
3039 13486 3.0
13486 3039 3.0
3039 13478 28.0
13478 3039 28.0
3039 13418 42.0
13418 3039 42.0
13480 13493 8.0
13493 13480 8.0
1890 13481 2.0
13481 1890 2.0
1890 13480 2.0
13480 1890 2.0
1929 1940 31.0
1940 1929 31.0
1929 13481 29.0
13481 1929 29.0
13482 13483 12.0
13483 13482 12.0
13482 13572 49.0
13572 13482 49.0
13483 13484 26.0
13484 13483 26.0
13484 13510 22.0
13510 13484 22.0
2732 13485 1.0
13485 2732 1.0
2732 13511 22.0
13511 2732 22.0
2732 13484 42.0
13484 2732 42.0
2732 13449 20.0
13449 2732 20.0
13485 13512 22.0
13512 13485 22.0
13486 13487 9.0
13487 13486 9.0
13486 13548 38.0
13548 13486 38.0
13487 13488 40.0
13488 13487 40.0
13488 13549 38.0
13549 13488 38.0
3145 13488 12.0
13488 3145 12.0
3145 13479 3.0
13479 3145 3.0
4165 13489 60.0
13489 4165 60.0
4165 13535 33.0
13535 4165 33.0
4165 13438 50.0
13438 4165 50.0
4165 13328 71.0
13328 4165 71.0
1658 13523 40.0
13523 1658 40.0
1350 13502 8.0
13502 1350 8.0
1350 13501 9.0
13501 1350 9.0
3983 13490 1.0
13490 3983 1.0
13490 13507 12.0
13507 13490 12.0
630 13537 31.0
13537 630 31.0
630 13491 3.0
13491 630 3.0
3320 13492 1.0
13492 3320 1.0
3320 13495 2.0
13495 3320 2.0
3320 13494 14.0
13494 3320 14.0
3320 13441 31.0
13441 3320 31.0
13492 13496 2.0
13496 13492 2.0
1819 13493 39.0
13493 1819 39.0
1819 13517 19.0
13517 1819 19.0
1819 13480 47.0
13480 1819 47.0
13494 13495 12.0
13495 13494 12.0
13494 13582 46.0
13582 13494 46.0
13495 13496 1.0
13496 13495 1.0
3417 13497 12.0
13497 3417 12.0
3417 13496 59.0
13496 3417 59.0
13497 13498 19.0
13498 13497 19.0
4077 13436 39.0
13436 4077 39.0
409 13558 32.0
13558 409 32.0
409 13462 20.0
13462 409 20.0
3480 13499 61.0
13499 3480 61.0
3480 13552 30.0
13552 3480 30.0
3480 13498 12.0
13498 3480 12.0
13499 13503 7.0
13503 13499 7.0
3859 13500 1.0
13500 3859 1.0
3859 13531 24.0
13531 3859 24.0
3859 3862 41.0
3862 3859 41.0
13500 13532 24.0
13532 13500 24.0
1247 13501 60.0
13501 1247 60.0
1247 13565 33.0
13565 1247 33.0
13501 13502 1.0
13502 13501 1.0
13501 13514 13.0
13514 13501 13.0
13502 13515 13.0
13515 13502 13.0
13503 13504 15.0
13504 13503 15.0
13504 13505 14.0
13505 13504 14.0
13504 13518 13.0
13518 13504 13.0
3630 13506 32.0
13506 3630 32.0
3630 13519 13.0
13519 3630 13.0
3630 13505 8.0
13505 3630 8.0
3630 13431 49.0
13431 3630 49.0
13506 13520 13.0
13520 13506 13.0
4214 13489 13.0
13489 4214 13.0
13507 13534 18.0
13534 13507 18.0
4031 13507 29.0
13507 4031 29.0
4031 4077 50.0
4077 4031 50.0
13508 13509 7.0
13509 13508 7.0
13508 13516 50.0
13516 13508 50.0
1540 13509 12.0
13509 1540 12.0
1940 13522 31.0
13522 1940 31.0
13510 13511 42.0
13511 13510 42.0
13511 13512 1.0
13512 13511 1.0
2796 13513 23.0
13513 2796 23.0
2796 13527 36.0
13527 2796 36.0
2796 13512 39.0
13512 2796 39.0
2796 13450 42.0
13450 2796 42.0
13513 13527 13.0
13527 13513 13.0
13514 13515 1.0
13515 13514 1.0
13515 13567 20.0
13567 13515 20.0
1390 13516 28.0
13516 1390 28.0
1390 13568 20.0
13568 1390 20.0
1390 13515 20.0
13515 1390 20.0
13516 13576 24.0
13576 13516 24.0
1770 13517 31.0
13517 1770 31.0
1770 13525 9.0
13525 1770 9.0
1770 1819 50.0
1819 1770 50.0
13517 13569 41.0
13569 13517 41.0
13518 13519 22.0
13519 13518 22.0
13519 13520 32.0
13520 13519 32.0
3724 13550 30.0
13550 3724 30.0
3724 13520 28.0
13520 3724 28.0
736 13521 30.0
13521 736 30.0
736 13556 12.0
13556 736 12.0
736 13538 29.0
13538 736 29.0
2325 2331 42.0
2331 2325 42.0
2012 13526 11.0
13526 2012 11.0
2012 13522 20.0
13522 2012 20.0
13523 13524 18.0
13524 13523 18.0
13524 13610 29.0
13610 13524 29.0
1709 13525 31.0
13525 1709 31.0
1709 13524 3.0
13524 1709 3.0
1709 1770 40.0
1770 1709 40.0
13525 13642 42.0
13642 13525 42.0
2110 13526 42.0
13526 2110 42.0
2110 2194 59.0
2194 2110 59.0
13527 13528 5.0
13528 13527 5.0
13528 13588 23.0
13588 13528 23.0
2902 13529 53.0
13529 2902 53.0
2902 13544 4.0
13544 2902 4.0
2902 13528 32.0
13528 2902 32.0
13529 13530 1.0
13530 13529 1.0
13529 13545 4.0
13545 13529 4.0
13530 13546 4.0
13546 13530 4.0
13531 13532 1.0
13532 13531 1.0
13531 13562 8.0
13562 13531 8.0
13531 13551 46.0
13551 13531 46.0
13532 13533 28.0
13533 13532 28.0
3971 13534 13.0
13534 3971 13.0
3971 13533 50.0
13533 3971 50.0
13535 13536 27.0
13536 13535 27.0
13535 13603 26.0
13603 13535 26.0
13536 13604 26.0
13604 13536 26.0
4213 13536 32.0
13536 4213 32.0
4213 4214 21.0
4214 4213 21.0
13537 13563 10.0
13563 13537 10.0
663 13538 30.0
13538 663 30.0
663 13553 4.0
13553 663 4.0
663 13537 19.0
13537 663 19.0
13538 13554 4.0
13554 13538 4.0
13539 13541 1.0
13541 13539 1.0
13539 13540 35.0
13540 13539 35.0
1048 13543 1.0
13543 1048 1.0
1048 13539 8.0
13539 1048 8.0
1048 13476 41.0
13476 1048 41.0
13540 13541 34.0
13541 13540 34.0
13540 13564 6.0
13564 13540 6.0
13541 13542 4.0
13542 13541 4.0
13541 13613 27.0
13613 13541 27.0
13542 13543 4.0
13543 13542 4.0
13542 13614 27.0
13614 13542 27.0
13543 13615 27.0
13615 13543 27.0
1098 13625 31.0
13625 1098 31.0
1098 13543 30.0
13543 1098 30.0
13544 13545 53.0
13545 13544 53.0
13544 13589 19.0
13589 13544 19.0
13545 13546 1.0
13546 13545 1.0
13546 13547 6.0
13547 13546 6.0
13547 13548 22.0
13548 13547 22.0
13547 13578 12.0
13578 13547 12.0
3059 13549 40.0
13549 3059 40.0
3059 13579 12.0
13579 3059 12.0
3059 13548 9.0
13548 3059 9.0
3059 13487 38.0
13487 3059 38.0
3769 13551 30.0
13551 3769 30.0
3769 13560 4.0
13560 3769 4.0
3769 13550 12.0
13550 3769 12.0
13551 13561 4.0
13561 13551 4.0
3465 13552 12.0
13552 3465 12.0
3465 13599 21.0
13599 3465 21.0
3465 13498 30.0
13498 3465 30.0
13552 13600 21.0
13600 13552 21.0
13553 13554 30.0
13554 13553 30.0
13553 13595 18.0
13595 13553 18.0
13554 13555 9.0
13555 13554 9.0
13555 13556 12.0
13556 13555 12.0
13555 13596 18.0
13596 13555 18.0
13556 13557 29.0
13557 13556 29.0
781 13630 30.0
13630 781 30.0
781 13557 1.0
13557 781 1.0
781 13521 12.0
13521 781 12.0
13558 13559 37.0
13559 13558 37.0
13558 13592 20.0
13592 13558 20.0
13559 13648 38.0
13648 13559 38.0
468 13559 2.0
13559 468 2.0
468 13466 51.0
13466 468 51.0
1985 13522 9.0
13522 1985 9.0
13560 13561 30.0
13561 13560 30.0
13561 13562 42.0
13562 13561 42.0
3900 13562 29.0
13562 3900 29.0
3900 13533 8.0
13533 3900 8.0
3598 13602 18.0
13602 3598 18.0
3598 13518 17.0
13518 3598 17.0
567 13563 40.0
13563 567 40.0
567 568 10.0
568 567 10.0
13563 13594 14.0
13594 13563 14.0
953 13564 19.0
13564 953 19.0
953 13612 21.0
13612 953 21.0
953 13470 49.0
13470 953 49.0
13565 13566 8.0
13566 13565 8.0
13565 13605 16.0
13605 13565 16.0
1347 13567 1.0
13567 1347 1.0
1347 13617 22.0
13617 1347 22.0
1347 13566 52.0
13566 1347 52.0
1347 13514 20.0
13514 1347 20.0
13567 13568 20.0
13568 13567 20.0
13567 13618 22.0
13618 13567 22.0
13568 13575 4.0
13575 13568 4.0
336 383 52.0
383 336 52.0
1886 13569 21.0
13569 1886 21.0
1886 13493 42.0
13493 1886 42.0
13570 13571 22.0
13571 13570 22.0
13571 13572 21.0
13572 13571 21.0
13571 13583 7.0
13583 13571 7.0
13572 13573 6.0
13573 13572 6.0
13572 13584 7.0
13584 13572 7.0
13573 13574 18.0
13574 13573 18.0
13573 13585 7.0
13585 13573 7.0
13574 13647 29.0
13647 13574 29.0
2658 13574 14.0
13574 2658 14.0
2658 13510 27.0
13510 2658 27.0
13575 13576 28.0
13576 13575 28.0
13575 13620 18.0
13620 13575 18.0
13576 13577 8.0
13577 13576 8.0
13577 13606 14.0
13606 13577 14.0
1522 13607 14.0
13607 1522 14.0
1522 13577 43.0
13577 1522 43.0
1522 13509 30.0
13509 1522 30.0
3808 13560 37.0
13560 3808 37.0
3808 13561 7.0
13561 3808 7.0
13578 13579 31.0
13579 13578 31.0
13579 13580 29.0
13580 13579 29.0
13579 13591 7.0
13591 13579 7.0
13580 13581 8.0
13581 13580 8.0
13581 13598 9.0
13598 13581 9.0
3129 13581 3.0
13581 3129 3.0
3129 13549 12.0
13549 3129 12.0
3251 13582 31.0
13582 3251 31.0
3251 13587 2.0
13587 3251 2.0
3251 13586 14.0
13586 3251 14.0
568 13593 4.0
13593 568 4.0
2526 13583 22.0
13583 2526 22.0
2526 13611 9.0
13611 2526 9.0
2526 13570 7.0
13570 2526 7.0
13583 13584 21.0
13584 13583 21.0
13583 13644 22.0
13644 13583 22.0
13584 13585 6.0
13585 13584 6.0
13584 13646 22.0
13646 13584 22.0
13586 13587 12.0
13587 13586 12.0
13586 13664 36.0
13664 13586 36.0
3297 13587 31.0
13587 3297 31.0
3297 13582 2.0
13582 3297 2.0
13588 13589 32.0
13589 13588 32.0
13589 13590 27.0
13590 13589 27.0
3006 13591 31.0
13591 3006 31.0
3006 13590 33.0
13590 3006 33.0
3006 13578 7.0
13578 3006 7.0
13591 13597 19.0
13597 13591 19.0
383 13592 20.0
13592 383 20.0
383 405 41.0
405 383 41.0
13593 13594 40.0
13594 13593 40.0
13593 13668 38.0
13668 13593 38.0
13594 13595 21.0
13595 13594 21.0
705 13596 9.0
13596 705 9.0
705 13616 8.0
13616 705 8.0
705 13595 30.0
13595 705 30.0
705 13554 18.0
13554 705 18.0
13596 13628 12.0
13628 13596 12.0
13597 13661 32.0
13661 13597 32.0
3110 13598 8.0
13598 3110 8.0
3110 13662 32.0
13662 3110 32.0
3110 13597 12.0
13597 3110 12.0
3110 13580 9.0
13580 3110 9.0
13598 13663 32.0
13663 13598 32.0
13599 13600 12.0
13600 13599 12.0
13599 13679 39.0
13679 13599 39.0
13600 13601 16.0
13601 13600 16.0
13601 13637 13.0
13637 13601 13.0
3506 13602 60.0
13602 3506 60.0
3506 13638 13.0
13638 3506 13.0
3506 13601 2.0
13601 3506 2.0
4130 13603 43.0
13603 4130 43.0
4130 13623 39.0
13623 4130 39.0
4130 13535 69.0
13535 4130 69.0
13603 13604 27.0
13604 13603 27.0
1196 13605 32.0
13605 1196 32.0
1196 13633 12.0
13633 1196 12.0
1196 13626 29.0
13626 1196 29.0
13605 13634 12.0
13634 13605 12.0
2030 2053 30.0
2053 2030 30.0
2030 13526 28.0
13526 2030 28.0
13606 13607 43.0
13607 13606 43.0
13606 13621 4.0
13621 13606 4.0
13607 13608 59.0
13608 13607 59.0
13608 13609 20.0
13609 13608 20.0
13609 13665 29.0
13665 13609 29.0
1672 13610 18.0
13610 1672 18.0
1672 13705 50.0
13705 1672 50.0
1672 13609 12.0
13609 1672 12.0
1672 13523 29.0
13523 1672 29.0
13610 13641 13.0
13641 13610 13.0
2854 13588 6.0
13588 2854 6.0
4192 13603 30.0
13603 4192 30.0
4192 13604 3.0
13604 4192 3.0
2492 13611 21.0
13611 2492 21.0
2492 2526 30.0
2526 2492 30.0
13611 13644 35.0
13644 13611 35.0
13612 13690 52.0
13690 13612 52.0
985 13613 34.0
13613 985 34.0
985 13612 19.0
13612 985 19.0
985 13564 21.0
13564 985 21.0
13613 13614 4.0
13614 13613 4.0
13613 13658 27.0
13658 13613 27.0
13614 13615 4.0
13615 13614 4.0
13614 13658 23.0
13658 13614 23.0
13615 13624 12.0
13624 13615 12.0
3998 13622 20.0
13622 3998 20.0
3998 13534 37.0
13534 3998 37.0
628 13616 51.0
13616 628 51.0
628 13650 13.0
13650 628 13.0
628 13649 14.0
13649 628 14.0
628 13594 8.0
13594 628 8.0
13616 13627 4.0
13627 13616 4.0
13617 13618 1.0
13618 13617 1.0
13617 13636 6.0
13636 13617 6.0
13618 13619 6.0
13619 13618 6.0
13619 13620 14.0
13620 13619 14.0
1430 13621 8.0
13621 1430 8.0
1430 13673 29.0
13673 1430 29.0
1430 13620 28.0
13620 1430 28.0
1430 13576 18.0
13576 1430 18.0
3750 13550 29.0
13550 3750 29.0
4050 13623 39.0
13623 4050 39.0
4050 13681 40.0
13681 4050 40.0
4050 13622 23.0
13622 4050 23.0
1849 13643 9.0
13643 1849 9.0
1849 13569 20.0
13569 1849 20.0
13624 13625 22.0
13625 13624 22.0
13624 13656 11.0
13656 13624 11.0
1122 13626 20.0
13626 1122 20.0
1122 13631 4.0
13631 1122 4.0
1122 13625 19.0
13625 1122 19.0
13626 13632 4.0
13632 13626 4.0
13627 13628 9.0
13628 13627 9.0
13627 13652 9.0
13652 13627 9.0
13628 13629 39.0
13629 13628 39.0
13629 13654 9.0
13654 13629 9.0
779 13630 1.0
13630 779 1.0
779 13655 9.0
13655 779 9.0
779 13629 2.0
13629 779 2.0
779 13557 30.0
13557 779 30.0
13630 13659 21.0
13659 13630 21.0
13631 13632 20.0
13632 13631 20.0
13631 13657 7.0
13657 13631 7.0
13632 13633 21.0
13633 13632 21.0
13633 13634 32.0
13634 13633 32.0
13634 13635 7.0
13635 13634 7.0
1263 13636 52.0
13636 1263 52.0
1263 13666 20.0
13666 1263 20.0
1263 13635 1.0
13635 1263 1.0
1263 13566 28.0
13566 1263 28.0
13636 13672 23.0
13672 13636 23.0
13637 13638 2.0
13638 13637 2.0
13637 13680 26.0
13680 13637 26.0
13638 13639 48.0
13639 13638 48.0
13639 13640 8.0
13640 13639 8.0
13640 13710 40.0
13710 13640 40.0
3596 13640 4.0
13640 3596 4.0
3596 13602 13.0
13602 3596 13.0
13641 13642 34.0
13642 13641 34.0
13641 13706 37.0
13706 13641 37.0
1781 13643 40.0
13643 1781 40.0
1781 13642 8.0
13642 1781 8.0
13644 13645 4.0
13645 13644 4.0
13645 13646 17.0
13646 13645 17.0
2609 13647 18.0
13647 2609 18.0
2609 13742 60.0
13742 2609 60.0
2609 13646 6.0
13646 2609 6.0
2609 13585 22.0
13585 2609 22.0
13647 13701 34.0
13701 13647 34.0
3723 13695 31.0
13695 3723 31.0
3723 3750 30.0
3750 3723 30.0
405 13648 40.0
13648 405 40.0
405 13592 21.0
13592 405 21.0
13649 13650 1.0
13650 13649 1.0
13650 13651 49.0
13651 13650 49.0
13651 13652 2.0
13652 13651 2.0
13652 13653 6.0
13653 13652 6.0
13652 13693 29.0
13693 13652 29.0
13653 13694 29.0
13694 13653 29.0
721 13654 39.0
13654 721 39.0
721 13653 3.0
13653 721 3.0
721 13628 9.0
13628 721 9.0
13654 13655 2.0
13655 13654 2.0
13655 13659 13.0
13659 13655 13.0
13656 13657 41.0
13657 13656 41.0
1158 13657 20.0
13657 1158 20.0
1158 13632 7.0
13632 1158 7.0
2053 13674 13.0
13674 2053 13.0
1063 13743 50.0
13743 1063 50.0
1063 13658 12.0
13658 1063 12.0
1063 13656 8.0
13656 1063 8.0
1846 13751 57.0
13751 1846 57.0
1846 13643 12.0
13643 1846 12.0
464 498 32.0
498 464 32.0
464 13648 12.0
13648 464 12.0
13659 13660 17.0
13660 13659 17.0
13660 13688 13.0
13688 13660 13.0
813 13689 13.0
13689 813 13.0
813 13660 1.0
13660 813 1.0
13661 13662 12.0
13662 13661 12.0
13662 13663 8.0
13663 13662 8.0
13662 13677 8.0
13677 13662 8.0
13663 13678 8.0
13678 13663 8.0
3170 13664 40.0
13664 3170 40.0
3170 13687 12.0
13687 3170 12.0
3170 13663 31.0
13663 3170 31.0
1611 13665 20.0
13665 1611 20.0
1611 13704 21.0
13704 1611 21.0
1611 13608 29.0
13608 1611 29.0
498 519 29.0
519 498 29.0
1260 13666 1.0
13666 1260 1.0
1260 13711 22.0
13711 1260 22.0
1260 13635 20.0
13635 1260 20.0
13666 13669 3.0
13669 13666 3.0
13667 13739 44.0
13739 13667 44.0
13667 13724 44.0
13724 13667 44.0
2454 13740 44.0
13740 2454 44.0
2454 13667 6.0
13667 2454 6.0
2454 2492 51.0
2492 2454 51.0
13668 13691 16.0
13691 13668 16.0
625 13692 12.0
13692 625 12.0
625 13668 39.0
13668 625 39.0
625 13649 17.0
13649 625 17.0
13669 13670 8.0
13670 13669 8.0
13669 13711 18.0
13711 13669 18.0
13670 13671 29.0
13671 13670 29.0
13671 13672 15.0
13672 13671 15.0
13671 13712 18.0
13712 13671 18.0
13672 13718 22.0
13718 13672 22.0
1365 13673 42.0
13673 1365 42.0
1365 13720 22.0
13720 1365 22.0
1365 13672 7.0
13672 1365 7.0
1365 13619 29.0
13619 1365 29.0
13673 13721 22.0
13721 13673 22.0
13674 13675 19.0
13675 13674 19.0
13674 13682 5.0
13682 13674 5.0
13675 13676 30.0
13676 13675 30.0
13676 13713 18.0
13713 13676 18.0
2161 13730 32.0
13730 2161 32.0
2161 13676 12.0
13676 2161 12.0
3087 13677 12.0
13677 3087 12.0
3087 13697 11.0
13697 3087 11.0
3087 13696 32.0
13696 3087 32.0
3087 13661 8.0
13661 3087 8.0
13677 13678 8.0
13678 13677 8.0
13677 13686 12.0
13686 13677 12.0
13678 13686 4.0
13686 13678 4.0
3443 13679 12.0
13679 3443 12.0
3443 13684 2.0
13684 3443 2.0
3443 13683 15.0
13683 3443 15.0
13679 13680 28.0
13680 13679 28.0
13679 13685 2.0
13685 13679 2.0
4094 13681 31.0
13681 4094 31.0
4094 13623 32.0
13623 4094 32.0
1979 13682 41.0
13682 1979 41.0
1979 13674 46.0
13674 1979 46.0
13683 13684 13.0
13684 13683 13.0
13683 13727 26.0
13727 13683 26.0
13684 13685 12.0
13685 13684 12.0
13684 13775 58.0
13775 13684 58.0
3502 13709 12.0
13709 3502 12.0
3502 13685 28.0
13685 3502 28.0
3502 13680 2.0
13680 3502 2.0
2851 13708 10.0
13708 2851 10.0
2851 13702 29.0
13702 2851 29.0
2851 2854 41.0
2854 2851 41.0
13686 13687 31.0
13687 13686 31.0
3234 13687 40.0
13687 3234 40.0
3234 13664 12.0
13664 3234 12.0
13688 13689 1.0
13689 13688 1.0
891 13690 20.0
13690 891 20.0
891 930 31.0
930 891 31.0
891 13689 50.0
13689 891 50.0
13691 13692 43.0
13692 13691 43.0
13691 13703 5.0
13703 13691 5.0
702 13693 2.0
13693 702 2.0
702 13698 3.0
13698 702 3.0
702 13692 50.0
13692 702 50.0
702 13651 29.0
13651 702 29.0
13693 13694 6.0
13694 13693 6.0
13693 13699 3.0
13699 13693 3.0
13694 13700 3.0
13700 13694 3.0
3763 13695 29.0
13695 3763 29.0
13696 13697 21.0
13697 13696 21.0
13696 13715 6.0
13715 13696 6.0
3127 13697 20.0
13697 3127 20.0
3127 13686 7.0
13686 3127 7.0
13698 13699 2.0
13699 13698 2.0
13698 13757 40.0
13757 13698 40.0
13699 13700 6.0
13700 13699 6.0
13699 13757 38.0
13757 13699 38.0
776 811 20.0
811 776 20.0
776 13700 42.0
13700 776 42.0
776 13654 32.0
13654 776 32.0
811 13688 7.0
13688 811 7.0
2763 13702 30.0
13702 2763 30.0
2763 13707 2.0
13707 2763 2.0
2763 13701 72.0
13701 2763 72.0
519 13703 29.0
13703 519 29.0
519 558 51.0
558 519 51.0
13704 13734 29.0
13734 13704 29.0
1650 13705 12.0
13705 1650 12.0
1650 13714 14.0
13714 1650 14.0
1650 13704 20.0
13704 1650 20.0
1650 13665 21.0
13665 1650 21.0
13705 13706 18.0
13706 13705 18.0
13705 13714 2.0
13714 13705 2.0
13707 13808 71.0
13808 13707 71.0
2814 13708 21.0
13708 2814 21.0
2814 13707 30.0
13707 2814 30.0
2814 13702 2.0
13702 2814 2.0
13709 13811 67.0
13811 13709 67.0
3581 13710 8.0
13710 3581 8.0
3581 13776 54.0
13776 3581 54.0
3581 13709 50.0
13709 3581 50.0
3581 13639 40.0
13639 3581 40.0
13710 13777 54.0
13777 13710 54.0
1272 13712 29.0
13712 1272 29.0
1272 13716 4.0
13716 1272 4.0
1272 13711 8.0
13711 1272 8.0
1272 13670 18.0
13670 1272 18.0
13712 13717 4.0
13717 13712 4.0
2086 13713 30.0
13713 2086 30.0
2086 13736 31.0
13736 2086 31.0
2086 13682 32.0
13682 2086 32.0
2086 13675 18.0
13675 2086 18.0
13713 13728 14.0
13728 13713 14.0
3936 13725 9.0
13725 3936 9.0
930 13756 29.0
13756 930 29.0
930 13690 11.0
13690 930 11.0
1701 13714 18.0
13714 1701 18.0
1701 13706 2.0
13706 1701 2.0
2944 13715 60.0
13715 2944 60.0
2944 13732 41.0
13732 2944 41.0
2944 13708 63.0
13708 2944 63.0
2944 13590 59.0
13590 2944 59.0
3719 13780 50.0
13780 3719 50.0
3719 13695 11.0
13695 3719 11.0
4019 13722 1.0
13722 4019 1.0
4019 13622 50.0
13622 4019 50.0
13716 13717 29.0
13717 13716 29.0
13716 13763 37.0
13763 13716 37.0
13717 13718 15.0
13718 13717 15.0
13718 13719 3.0
13719 13718 3.0
13718 13765 37.0
13765 13718 37.0
13719 13720 4.0
13720 13719 4.0
13719 13766 37.0
13766 13719 37.0
13720 13721 42.0
13721 13720 42.0
1450 1532 62.0
1532 1450 62.0
1450 13721 8.0
13721 1450 8.0
1450 13621 51.0
13621 1450 51.0
13722 13723 9.0
13723 13722 9.0
4061 13723 22.0
13723 4061 22.0
4061 13681 19.0
13681 4061 19.0
2358 13724 39.0
13724 2358 39.0
2358 13752 22.0
13752 2358 22.0
2358 13731 40.0
13731 2358 40.0
13724 13738 16.0
13738 13724 16.0
3893 13725 31.0
13725 3893 31.0
13725 13726 21.0
13726 13725 21.0
3993 13726 22.0
13726 3993 22.0
3993 13722 28.0
13722 3993 28.0
3344 13727 49.0
13727 3344 49.0
3344 13773 32.0
13773 3344 32.0
13728 13729 8.0
13729 13728 8.0
13729 13730 4.0
13730 13729 4.0
13729 13737 8.0
13737 13729 8.0
2231 13731 38.0
13731 2231 38.0
2231 13789 42.0
13789 2231 42.0
2231 13730 39.0
13730 2231 39.0
13732 13733 29.0
13733 13732 29.0
13733 13781 39.0
13781 13733 39.0
3052 13733 3.0
13733 3052 3.0
3052 13715 13.0
13715 3052 13.0
1532 13734 40.0
13734 1532 40.0
1532 13735 41.0
13735 1532 41.0
1591 13735 1.0
13735 1591 1.0
1591 13734 2.0
13734 1591 2.0
558 13703 22.0
13703 558 22.0
2144 13737 8.0
13737 2144 8.0
2144 13767 19.0
13767 2144 19.0
2144 13736 21.0
13736 2144 21.0
2144 13728 8.0
13728 2144 8.0
13738 13739 16.0
13739 13738 16.0
13738 13744 1.0
13744 13738 1.0
13739 13740 6.0
13740 13739 6.0
13739 13745 1.0
13745 13739 1.0
13740 13741 68.0
13741 13740 68.0
13740 13746 1.0
13746 13740 1.0
13741 13747 1.0
13747 13741 1.0
2569 13742 23.0
13742 2569 23.0
2569 13748 1.0
13748 2569 1.0
2569 13741 1.0
13741 2569 1.0
2569 13645 60.0
13645 2569 60.0
13742 13749 1.0
13749 13742 1.0
1044 13743 12.0
13743 1044 12.0
1044 13759 11.0
13759 1044 11.0
1044 13758 13.0
13758 1044 13.0
1044 13658 50.0
13658 1044 50.0
13743 13760 11.0
13760 13743 11.0
13744 13745 16.0
13745 13744 16.0
13745 13746 6.0
13746 13745 6.0
13745 13754 5.0
13754 13745 5.0
13746 13747 68.0
13747 13746 68.0
13746 13755 5.0
13755 13746 5.0
13747 13748 1.0
13748 13747 1.0
13748 13749 23.0
13749 13748 23.0
13748 13772 19.0
13772 13748 19.0
13749 13750 17.0
13750 13749 17.0
2637 13750 1.0
13750 2637 1.0
2637 13701 27.0
13701 2637 27.0
1865 13751 2.0
13751 1865 2.0
13752 13753 7.0
13753 13752 7.0
13752 13790 27.0
13790 13752 27.0
13753 13798 37.0
13798 13753 37.0
2411 13754 16.0
13754 2411 16.0
2411 13799 37.0
13799 2411 37.0
2411 13753 32.0
13753 2411 32.0
2411 13744 5.0
13744 2411 5.0
13754 13755 6.0
13755 13754 6.0
13754 13800 37.0
13800 13754 37.0
13755 13770 14.0
13770 13755 14.0
885 13756 22.0
13756 885 22.0
941 13768 21.0
13768 941 21.0
941 13756 10.0
13756 941 10.0
4036 13723 29.0
13723 4036 29.0
714 13757 6.0
13757 714 6.0
714 13700 38.0
13700 714 38.0
13758 13759 2.0
13759 13758 2.0
13758 13769 8.0
13769 13758 8.0
13759 13760 12.0
13760 13759 12.0
1077 13761 1.0
13761 1077 1.0
1077 13760 7.0
13760 1077 7.0
13761 13762 17.0
13762 13761 17.0
13761 13794 28.0
13794 13761 28.0
1119 13762 14.0
13762 1119 14.0
1973 13840 50.0
13840 1973 50.0
1973 1979 53.0
1979 1973 53.0
13763 13764 26.0
13764 13763 26.0
13763 13820 29.0
13820 13763 29.0
13764 13821 29.0
13821 13764 29.0
1319 13765 15.0
13765 1319 15.0
1319 13764 3.0
13764 1319 3.0
1319 13717 37.0
13717 1319 37.0
13765 13766 3.0
13766 13765 3.0
13765 13859 52.0
13859 13765 52.0
2099 13767 21.0
13767 2099 21.0
2099 13823 32.0
13823 2099 32.0
2099 13736 19.0
13736 2099 19.0
13767 13824 32.0
13824 13767 32.0
3964 13822 32.0
13822 3964 32.0
3964 13726 29.0
13726 3964 29.0
1000 13769 30.0
13769 1000 30.0
1000 13768 20.0
13768 1000 20.0
13770 13771 6.0
13771 13770 6.0
13770 13801 23.0
13801 13770 23.0
13771 13802 23.0
13802 13771 23.0
2566 13772 1.0
13772 2566 1.0
2566 13803 23.0
13803 2566 23.0
2566 13771 62.0
13771 2566 62.0
2566 13747 19.0
13747 2566 19.0
13772 13796 39.0
13796 13772 39.0
2635 13797 20.0
13797 2635 20.0
2635 13750 21.0
13750 2635 21.0
13773 13774 17.0
13774 13773 17.0
13773 13827 29.0
13827 13773 29.0
3424 13775 13.0
13775 3424 13.0
3424 13809 21.0
13809 3424 21.0
3424 13774 32.0
13774 3424 32.0
3424 13727 32.0
13727 3424 32.0
13775 13810 21.0
13810 13775 21.0
3787 13788 8.0
13788 3787 8.0
959 13768 9.0
13768 959 9.0
13776 13777 8.0
13777 13776 8.0
13776 13792 7.0
13792 13776 7.0
13777 13778 8.0
13778 13777 8.0
13777 13782 1.0
13782 13777 1.0
13778 13779 39.0
13779 13778 39.0
13778 13783 1.0
13783 13778 1.0
13779 13784 1.0
13784 13779 1.0
3677 13780 22.0
13780 3677 22.0
3677 13785 1.0
13785 3677 1.0
3677 13779 14.0
13779 3677 14.0
13780 13786 1.0
13786 13780 1.0
2993 13781 29.0
13781 2993 29.0
2993 13829 21.0
13829 2993 21.0
2993 13732 39.0
13732 2993 39.0
13782 13783 8.0
13783 13782 8.0
13783 13784 39.0
13784 13783 39.0
13783 13793 6.0
13793 13783 6.0
13784 13785 14.0
13785 13784 14.0
13784 13856 37.0
13856 13784 37.0
13785 13786 22.0
13786 13785 22.0
13786 13787 5.0
13787 13786 5.0
3731 13788 41.0
13788 3731 41.0
3731 13787 3.0
13787 3731 3.0
1862 13795 9.0
13795 1862 9.0
1862 13751 30.0
13751 1862 30.0
13789 13813 15.0
13813 13789 15.0
2299 13790 33.0
13790 2299 33.0
2299 13814 12.0
13814 2299 12.0
2299 13789 38.0
13789 2299 38.0
2299 13731 42.0
13731 2299 42.0
13790 13815 12.0
13815 13790 12.0
1588 13831 20.0
13831 1588 20.0
1588 13735 40.0
13735 1588 40.0
3864 13819 11.0
13819 3864 11.0
13791 13792 6.0
13792 13791 6.0
13791 13836 19.0
13836 13791 19.0
13791 13812 24.0
13812 13791 24.0
3591 13793 8.0
13793 3591 8.0
3591 13837 19.0
13837 3591 19.0
3591 13792 8.0
13792 3591 8.0
3591 13782 6.0
13782 3591 6.0
1041 13794 21.0
13794 1041 21.0
1041 13769 21.0
13769 1041 21.0
1805 13795 30.0
13795 1805 30.0
1805 1862 39.0
1862 1805 39.0
13795 13838 24.0
13838 13795 24.0
13796 13804 1.0
13804 13796 1.0
2633 13797 1.0
13797 2633 1.0
2633 13806 1.0
13806 2633 1.0
2633 13796 22.0
13796 2633 22.0
2633 2635 21.0
2635 2633 21.0
13797 13807 1.0
13807 13797 1.0
13798 13799 32.0
13799 13798 32.0
13799 13800 16.0
13800 13799 16.0
13799 13816 2.0
13816 13799 2.0
13800 13801 6.0
13801 13800 6.0
13800 13848 25.0
13848 13800 25.0
13801 13802 6.0
13802 13801 6.0
13801 13849 25.0
13849 13801 25.0
13802 13803 62.0
13803 13802 62.0
13803 13804 18.0
13804 13803 18.0
13804 13805 9.0
13805 13804 9.0
13805 13806 13.0
13806 13805 13.0
13805 13862 28.0
13862 13805 28.0
13806 13807 1.0
13807 13806 1.0
2677 13808 40.0
13808 2677 40.0
2677 13841 60.0
13841 2677 60.0
2677 13807 29.0
13807 2677 29.0
13809 13810 13.0
13810 13809 13.0
13809 13828 10.0
13828 13809 10.0
3454 13811 34.0
13811 3454 34.0
3454 13833 13.0
13833 3454 13.0
3454 13810 6.0
13810 3454 6.0
13811 13812 26.0
13812 13811 26.0
13811 13835 13.0
13835 13811 13.0
3801 13817 3.0
13817 3801 3.0
3801 13788 21.0
13788 3801 21.0
13813 13814 41.0
13814 13813 41.0
13814 13815 33.0
13815 13814 33.0
2368 13816 32.0
13816 2368 32.0
2368 13907 66.0
13907 2368 66.0
2368 13815 7.0
13815 2368 7.0
2368 13798 2.0
13798 2368 2.0
13816 13848 39.0
13848 13816 39.0
13817 13818 19.0
13818 13817 19.0
13817 13869 36.0
13869 13817 36.0
13818 13819 32.0
13819 13818 32.0
13819 13870 28.0
13870 13819 28.0
3885 3931 33.0
3931 3885 33.0
3885 13819 19.0
13819 3885 19.0
1251 13820 13.0
13820 1251 13.0
1251 13876 32.0
13876 1251 32.0
1251 13763 42.0
13763 1251 42.0
13820 13821 26.0
13821 13820 26.0
13820 13857 23.0
13857 13820 23.0
13821 13858 23.0
13858 13821 23.0
3931 13822 19.0
13822 3931 19.0
13823 13824 21.0
13824 13823 21.0
13823 13875 41.0
13875 13823 41.0
2155 13825 29.0
13825 2155 29.0
2155 13824 8.0
13824 2155 8.0
2155 13737 51.0
13737 2155 51.0
2222 13825 12.0
13825 2222 12.0
2222 13813 6.0
13813 2222 6.0
13826 13827 26.0
13827 13826 26.0
13826 13865 22.0
13865 13826 22.0
13826 13845 23.0
13845 13826 23.0
3380 13828 30.0
13828 3380 30.0
3380 13866 22.0
13866 3380 22.0
3380 13827 17.0
13827 3380 17.0
3380 13774 29.0
13774 3380 29.0
13828 13832 5.0
13832 13828 5.0
13829 13830 8.0
13830 13829 8.0
13829 13863 19.0
13863 13829 19.0
13830 13842 14.0
13842 13830 14.0
3046 13843 14.0
13843 3046 14.0
3046 13830 21.0
13830 3046 21.0
3046 13781 21.0
13781 3046 21.0
1559 13831 21.0
13831 1559 21.0
1559 1588 41.0
1588 1559 41.0
13831 13847 50.0
13847 13831 50.0
13832 13833 21.0
13833 13832 21.0
13832 13850 12.0
13850 13832 12.0
13833 13834 28.0
13834 13833 28.0
13833 13851 12.0
13851 13833 12.0
13834 13835 6.0
13835 13834 6.0
13834 13852 12.0
13852 13834 12.0
3541 13836 18.0
13836 3541 18.0
3541 13853 12.0
13853 3541 12.0
3541 13835 26.0
13835 3541 26.0
3541 13812 13.0
13812 3541 13.0
13836 13837 14.0
13837 13836 14.0
13836 13854 12.0
13854 13836 12.0
13837 13855 12.0
13855 13837 12.0
1804 13885 22.0
13885 1804 22.0
1804 1805 21.0
1805 1804 21.0
13838 13839 18.0
13839 13838 18.0
13838 13886 18.0
13886 13838 18.0
13839 13871 12.0
13871 13839 12.0
1967 13840 2.0
13840 1967 2.0
1967 13872 12.0
13872 1967 12.0
1967 13839 52.0
13839 1967 52.0
1967 1973 52.0
1973 1967 52.0
13840 13873 12.0
13873 13840 12.0
2756 13846 2.0
13846 2756 2.0
2756 13841 2.0
13841 2756 2.0
2756 13808 22.0
13808 2756 22.0
13842 13843 21.0
13843 13842 21.0
13842 13864 5.0
13864 13842 5.0
13843 13844 49.0
13844 13843 49.0
13844 13879 13.0
13879 13844 13.0
3200 13845 60.0
13845 3200 60.0
3200 13880 13.0
13880 3200 13.0
3200 13844 42.0
13844 3200 42.0
13846 13902 38.0
13902 13846 38.0
2843 13911 40.0
13911 2843 40.0
2843 13846 50.0
13846 2843 50.0
13847 13882 15.0
13882 13847 15.0
1696 13883 15.0
13883 1696 15.0
1696 13847 22.0
13847 1696 22.0
13848 13849 6.0
13849 13848 6.0
13848 13888 22.0
13888 13848 22.0
2464 13860 3.0
13860 2464 3.0
2464 13849 6.0
13849 2464 6.0
2464 13802 25.0
13802 2464 25.0
13850 13851 21.0
13851 13850 21.0
13851 13852 28.0
13852 13851 28.0
13852 13853 32.0
13853 13852 32.0
13852 13868 5.0
13868 13852 5.0
13853 13854 18.0
13854 13853 18.0
13853 13905 37.0
13905 13853 37.0
13854 13855 14.0
13855 13854 14.0
13854 13899 32.0
13899 13854 32.0
3602 13856 39.0
13856 3602 39.0
3602 13900 32.0
13900 3602 32.0
3602 13855 8.0
13855 3602 8.0
3602 13793 31.0
13793 3602 31.0
13856 13891 23.0
13891 13856 23.0
3959 13898 30.0
13898 3959 30.0
3959 13822 21.0
13822 3959 21.0
13857 13858 26.0
13858 13857 26.0
13857 13877 9.0
13877 13857 9.0
13858 13859 18.0
13859 13858 18.0
1356 13878 9.0
13878 1356 9.0
1356 13859 3.0
13859 1356 3.0
1356 13766 52.0
13766 1356 52.0
13860 13861 49.0
13861 13860 49.0
13860 13889 19.0
13889 13860 19.0
2600 13862 9.0
13862 2600 9.0
2600 13890 19.0
13890 2600 19.0
2600 13861 31.0
13861 2600 31.0
2600 13804 28.0
13804 2600 28.0
2975 13863 12.0
13863 2975 12.0
13863 13864 8.0
13864 13863 8.0
13865 13866 43.0
13866 13865 43.0
13865 13881 6.0
13881 13865 6.0
13866 13867 8.0
13867 13866 8.0
13867 13903 32.0
13903 13867 32.0
3421 13868 49.0
13868 3421 49.0
3421 13904 32.0
13904 3421 32.0
3421 13867 22.0
13867 3421 22.0
3421 13850 5.0
13850 3421 5.0
3822 13870 32.0
13870 3822 32.0
3822 13869 11.0
13869 3822 11.0
3822 13818 28.0
13818 3822 28.0
13870 13912 38.0
13912 13870 38.0
13871 13872 52.0
13872 13871 52.0
13872 13873 2.0
13873 13872 2.0
13873 13874 6.0
13874 13873 6.0
13874 13914 31.0
13914 13874 31.0
2017 13875 29.0
13875 2017 29.0
2017 13915 31.0
13915 2017 31.0
2017 13874 22.0
13874 2017 22.0
13876 13877 13.0
13877 13876 13.0
13876 13939 38.0
13939 13876 38.0
13877 13940 38.0
13940 13877 38.0
1310 13878 21.0
13878 1310 21.0
1310 13877 26.0
13877 1310 26.0
1310 13858 9.0
13858 1310 9.0
13879 13880 42.0
13880 13879 42.0
3288 13881 8.0
13881 3288 8.0
3288 3299 39.0
3299 3288 39.0
3288 13880 60.0
13880 3288 60.0
3288 13845 13.0
13845 3288 13.0
2197 13927 33.0
13927 2197 33.0
2197 13825 30.0
13825 2197 30.0
3009 13930 40.0
13930 3009 40.0
3009 13863 19.0
13863 3009 19.0
3009 13864 11.0
13864 3009 11.0
1103 13936 34.0
13936 1103 34.0
1103 13794 59.0
13794 1103 59.0
1103 13762 70.0
13762 1103 70.0
13882 13883 22.0
13883 13882 22.0
13883 13884 17.0
13884 13883 17.0
13883 13896 15.0
13896 13883 15.0
13884 13885 44.0
13885 13884 44.0
13885 13886 31.0
13886 13885 31.0
13886 13887 16.0
13887 13886 16.0
13887 13932 33.0
13932 13887 33.0
1891 13933 33.0
13933 1891 33.0
1891 13887 2.0
13887 1891 2.0
1891 13871 6.0
13871 1891 6.0
13888 13889 12.0
13889 13888 12.0
13888 13908 16.0
13908 13888 16.0
2539 13890 31.0
13890 2539 31.0
2539 13889 49.0
13889 2539 49.0
2539 13861 19.0
13861 2539 19.0
13890 13919 29.0
13919 13890 29.0
13891 13892 3.0
13892 13891 3.0
3726 13893 3.0
13893 3726 3.0
3726 13891 41.0
13891 3726 41.0
3726 13787 60.0
13787 3726 60.0
13892 13893 41.0
13893 13892 41.0
13893 13894 59.0
13894 13893 59.0
13893 13901 6.0
13901 13893 6.0
3811 13894 2.0
13894 3811 2.0
3811 13869 20.0
13869 3811 20.0
1543 1559 52.0
1559 1543 52.0
13895 13931 19.0
13931 13895 19.0
3131 13895 13.0
13895 3131 13.0
3131 13879 16.0
13879 3131 16.0
1659 13896 22.0
13896 1659 22.0
1659 13957 32.0
13957 1659 32.0
1659 13882 15.0
13882 1659 15.0
13896 13958 32.0
13958 13896 32.0
13897 13898 14.0
13898 13897 14.0
13897 13913 8.0
13913 13897 8.0
3973 13898 9.0
13898 3973 9.0
13899 13900 22.0
13900 13899 22.0
13899 13906 5.0
13906 13899 5.0
3665 13901 41.0
13901 3665 41.0
3665 13900 39.0
13900 3665 39.0
3665 13892 6.0
13892 3665 6.0
13901 13965 61.0
13965 13901 61.0
1391 13959 31.0
13959 1391 31.0
1391 13878 40.0
13878 1391 40.0
2751 13902 2.0
13902 2751 2.0
2751 13909 4.0
13909 2751 4.0
2751 13841 40.0
13841 2751 40.0
13902 13909 2.0
13909 13902 2.0
13903 13904 22.0
13904 13903 22.0
3492 13905 32.0
13905 3492 32.0
3492 13941 44.0
13941 3492 44.0
3492 13904 49.0
13904 3492 49.0
3492 13868 32.0
13868 3492 32.0
13905 13906 18.0
13906 13905 18.0
13905 13941 12.0
13941 13905 12.0
13907 13916 2.0
13916 13907 2.0
2397 13908 30.0
13908 2397 30.0
2397 13917 2.0
13917 2397 2.0
2397 13907 13.0
13907 2397 13.0
13909 13910 7.0
13910 13909 7.0
2797 13911 22.0
13911 2797 22.0
2797 2798 10.0
2798 2797 10.0
2797 13910 21.0
13910 2797 21.0
13911 13918 39.0
13918 13911 39.0
3904 13913 28.0
13913 3904 28.0
3904 13970 40.0
13970 3904 40.0
3904 13912 22.0
13912 3904 22.0
3904 13897 36.0
13897 3904 36.0
13914 13915 22.0
13915 13914 22.0
13914 13922 6.0
13922 13914 6.0
13915 13923 6.0
13923 13915 6.0
2073 13925 6.0
13925 2073 6.0
2073 13915 29.0
13915 2073 29.0
2073 13875 31.0
13875 2073 31.0
13916 13917 13.0
13917 13916 13.0
13916 13929 6.0
13929 13916 6.0
2442 13917 30.0
13917 2442 30.0
2442 13908 2.0
13908 2442 2.0
2904 13977 41.0
13977 2904 41.0
2904 13918 2.0
13918 2904 2.0
3299 13920 2.0
13920 3299 2.0
3299 13881 31.0
13881 3299 31.0
2614 13979 40.0
13979 2614 40.0
2614 13919 2.0
13919 2614 2.0
2614 13862 41.0
13862 2614 41.0
13920 13921 9.0
13921 13920 9.0
13920 13978 39.0
13978 13920 39.0
3397 13921 42.0
13921 3397 42.0
3397 13903 7.0
13903 3397 7.0
13922 13923 22.0
13923 13922 22.0
13923 13924 16.0
13924 13923 16.0
13923 13935 2.0
13935 13923 2.0
13924 13925 13.0
13925 13924 13.0
13924 13942 8.0
13942 13924 8.0
13925 13926 19.0
13926 13925 19.0
13925 13943 8.0
13943 13925 8.0
13926 13927 52.0
13927 13926 52.0
13926 13944 8.0
13944 13926 8.0
13927 13928 9.0
13928 13927 9.0
13927 13946 8.0
13946 13927 8.0
2292 13929 48.0
13929 2292 48.0
2292 13928 41.0
13928 2292 41.0
3098 13931 8.0
13931 3098 8.0
3098 13947 9.0
13947 3098 9.0
3098 13930 41.0
13930 3098 41.0
3098 13895 27.0
13895 3098 27.0
13932 13933 2.0
13933 13932 2.0
13932 13950 13.0
13950 13932 13.0
13933 13934 47.0
13934 13933 47.0
13933 13951 13.0
13951 13933 13.0
13934 13952 13.0
13952 13934 13.0
1988 13935 22.0
13935 1988 22.0
1988 13953 13.0
13953 1988 13.0
1988 13934 13.0
13934 1988 13.0
1988 13922 2.0
13922 1988 2.0
13935 13942 22.0
13942 13935 22.0
13936 13937 29.0
13937 13936 29.0
13937 13938 38.0
13938 13937 38.0
13938 13949 8.0
13949 13938 8.0
1231 13939 13.0
13939 1231 13.0
1231 13991 50.0
13991 1231 50.0
1231 13938 13.0
13938 1231 13.0
1231 13876 51.0
13876 1231 51.0
13939 13940 13.0
13940 13939 13.0
13939 13962 22.0
13962 13939 22.0
13940 13963 22.0
13963 13940 22.0
2798 13961 19.0
13961 2798 19.0
3566 13941 18.0
13941 3566 18.0
3566 13906 12.0
13906 3566 12.0
13942 13943 13.0
13943 13942 13.0
13942 13954 7.0
13954 13942 7.0
13943 13944 19.0
13944 13943 19.0
13943 13955 7.0
13955 13943 7.0
13944 13945 48.0
13945 13944 48.0
13945 13946 4.0
13946 13945 4.0
13945 13956 7.0
13956 13945 7.0
2213 13946 9.0
13946 2213 9.0
2213 13928 8.0
13928 2213 8.0
3022 13947 41.0
13947 3022 41.0
3022 13930 9.0
13930 3022 9.0
13948 13966 20.0
13966 13948 20.0
3809 13967 20.0
13967 3809 20.0
3809 13948 3.0
13948 3809 3.0
3809 13894 30.0
13894 3809 30.0
1145 13949 38.0
13949 1145 38.0
1145 13990 42.0
13990 1145 42.0
1145 13936 37.0
13936 1145 37.0
1145 13937 8.0
13937 1145 8.0
13950 13951 2.0
13951 13950 2.0
13951 13952 47.0
13952 13951 47.0
13951 13960 5.0
13960 13951 5.0
13952 13953 13.0
13953 13952 13.0
13953 13954 38.0
13954 13953 38.0
13953 14000 47.0
14000 13953 47.0
13954 13955 13.0
13955 13954 13.0
13955 13980 29.0
13980 13955 29.0
2111 13956 48.0
13956 2111 48.0
2111 13955 19.0
13955 2111 19.0
2111 13944 7.0
13944 2111 7.0
13957 13958 22.0
13958 13957 22.0
1728 13971 18.0
13971 1728 18.0
1728 13958 17.0
13958 1728 17.0
1728 13884 47.0
13884 1728 47.0
1412 13959 19.0
13959 1412 19.0
1887 13960 2.0
13960 1887 2.0
1887 14012 54.0
14012 1887 54.0
1887 13950 5.0
13950 1887 5.0
13960 13999 58.0
13999 13960 58.0
2765 13961 21.0
13961 2765 21.0
2765 13981 22.0
13981 2765 22.0
2765 13910 29.0
13910 2765 29.0
13961 13974 14.0
13974 13961 14.0
13962 13963 13.0
13963 13962 13.0
13962 13994 29.0
13994 13962 29.0
13963 13995 29.0
13995 13963 29.0
1306 13964 22.0
13964 1306 22.0
1306 13963 23.0
13963 1306 23.0
1371 13964 11.0
13964 1371 11.0
1371 13959 20.0
13959 1371 20.0
13965 13985 22.0
13985 13965 22.0
3779 13966 18.0
13966 3779 18.0
3779 13986 22.0
13986 3779 22.0
3779 13965 21.0
13965 3779 21.0
3779 13948 38.0
13948 3779 38.0
13966 13967 3.0
13967 13966 3.0
13966 13987 22.0
13987 13966 22.0
13967 13968 3.0
13968 13967 3.0
13968 13969 29.0
13969 13968 29.0
13968 13988 19.0
13988 13968 19.0
3868 13970 22.0
13970 3868 22.0
3868 13969 21.0
13969 3868 21.0
3868 13912 40.0
13912 3868 40.0
13970 13972 28.0
13972 13970 28.0
1653 13971 41.0
13971 1653 41.0
1653 13992 21.0
13992 1653 21.0
1653 13957 20.0
13957 1653 20.0
13971 13973 9.0
13973 13971 9.0
3940 14056 50.0
14056 3940 50.0
3940 13972 2.0
13972 3940 2.0
3940 13913 42.0
13913 3940 42.0
13973 14032 44.0
14032 13973 44.0
1746 14033 44.0
14033 1746 44.0
1746 13973 3.0
13973 1746 3.0
13974 13975 8.0
13975 13974 8.0
13974 13982 8.0
13982 13974 8.0
13975 13976 36.0
13976 13975 36.0
13976 13983 8.0
13983 13976 8.0
2897 13977 2.0
13977 2897 2.0
2897 13984 8.0
13984 2897 8.0
2897 13976 15.0
13976 2897 15.0
2897 13918 41.0
13918 2897 41.0
13977 14031 40.0
14031 13977 40.0
13978 14019 37.0
14019 13978 37.0
3316 14062 51.0
14062 3316 51.0
3316 13978 9.0
13978 3316 9.0
3316 13921 39.0
13921 3316 39.0
2611 13979 2.0
13979 2611 2.0
2611 14047 44.0
14047 2611 44.0
2611 13919 40.0
13919 2611 40.0
13979 14048 44.0
14048 13979 44.0
3111 14002 21.0
14002 3111 21.0
3111 13947 40.0
13947 3111 40.0
3111 13931 41.0
13931 3111 41.0
2377 14001 20.0
14001 2377 20.0
2377 13929 42.0
13929 2377 42.0
2054 13980 13.0
13980 2054 13.0
2054 14009 24.0
14009 2054 24.0
2054 13954 29.0
13954 2054 29.0
13980 14010 24.0
14010 13980 24.0
13981 13982 21.0
13982 13981 21.0
13981 14025 32.0
14025 13981 32.0
13981 14024 55.0
14024 13981 55.0
13982 14026 32.0
14026 13982 32.0
2820 13983 36.0
13983 2820 36.0
2820 14027 32.0
14027 2820 32.0
2820 13982 8.0
13982 2820 8.0
2820 13975 8.0
13975 2820 8.0
13983 13984 15.0
13984 13983 15.0
13983 14029 32.0
14029 13983 32.0
13984 14030 32.0
14030 13984 32.0
1344 14005 31.0
14005 1344 31.0
1344 13964 19.0
13964 1344 19.0
13985 13986 21.0
13986 13985 21.0
13986 13987 18.0
13987 13986 18.0
13986 13996 7.0
13996 13986 7.0
13987 13988 3.0
13988 13987 3.0
13987 13997 7.0
13997 13987 7.0
13988 13989 17.0
13989 13988 17.0
13988 13998 7.0
13998 13988 7.0
3846 13989 12.0
13989 3846 12.0
3846 13969 19.0
13969 3846 19.0
1214 13991 13.0
13991 1214 13.0
1214 13993 14.0
13993 1214 14.0
1214 13990 38.0
13990 1214 38.0
1214 13949 42.0
13949 1214 42.0
13991 13993 1.0
13993 13991 1.0
1595 13992 29.0
13992 1595 29.0
1242 13994 5.0
13994 1242 5.0
1242 14003 16.0
14003 1242 16.0
1242 13993 8.0
13993 1242 8.0
13994 13995 13.0
13995 13994 13.0
13994 14003 11.0
14003 13994 11.0
13995 14004 11.0
14004 13995 11.0
3751 13996 21.0
13996 3751 21.0
3751 14068 32.0
14068 3751 32.0
3751 13985 7.0
13985 3751 7.0
13996 13997 18.0
13997 13996 18.0
13996 14053 41.0
14053 13996 41.0
13997 13998 3.0
13998 13997 3.0
13997 14053 23.0
14053 13997 23.0
13998 14054 23.0
14054 13998 23.0
1142 14075 41.0
14075 1142 41.0
1142 13990 10.0
13990 1142 10.0
13999 14013 12.0
14013 13999 12.0
1956 14000 13.0
14000 1956 13.0
1956 14006 6.0
14006 1956 6.0
1956 13999 31.0
13999 1956 31.0
1956 13952 47.0
13952 1956 47.0
14000 14007 6.0
14007 14000 6.0
2361 14001 11.0
14001 2361 11.0
14002 14040 20.0
14040 14002 20.0
3153 14018 40.0
14018 3153 40.0
3153 14002 29.0
14002 3153 29.0
2416 14001 32.0
14001 2416 32.0
14003 14004 13.0
14004 14003 13.0
1275 14005 30.0
14005 1275 30.0
1275 14021 40.0
14021 1275 40.0
1275 14004 1.0
14004 1275 1.0
14006 14007 13.0
14007 14006 13.0
14006 14014 6.0
14014 14006 6.0
14007 14008 17.0
14008 14007 17.0
14007 14015 6.0
14015 14007 6.0
14008 14009 21.0
14009 14008 21.0
14009 14010 13.0
14010 14009 13.0
14009 14016 6.0
14016 14009 6.0
14010 14011 6.0
14011 14010 6.0
14010 14017 6.0
14017 14010 6.0
2191 14145 59.0
14145 2191 59.0
2191 14011 61.0
14011 2191 61.0
2191 13956 53.0
13956 2191 53.0
14012 14013 18.0
14013 14012 18.0
14012 14035 6.0
14035 14012 6.0
14013 14014 31.0
14014 14013 31.0
14013 14036 6.0
14036 14013 6.0
14014 14015 13.0
14015 14014 13.0
14014 14046 7.0
14046 14014 7.0
2008 14016 21.0
14016 2008 21.0
2008 14015 17.0
14015 2008 17.0
2008 14008 6.0
14008 2008 6.0
14016 14017 13.0
14017 14016 13.0
14016 14022 15.0
14022 14016 15.0
14017 14022 2.0
14022 14017 2.0
14018 14126 43.0
14126 14018 43.0
3208 14019 64.0
14019 3208 64.0
3208 14127 43.0
14127 3208 43.0
3208 14018 2.0
14018 3208 2.0
14019 14061 20.0
14061 14019 20.0
14020 14057 12.0
14057 14020 12.0
1651 14058 12.0
14058 1651 12.0
1651 14020 13.0
14020 1651 13.0
1651 13992 22.0
13992 1651 22.0
3595 14140 51.0
14140 3595 51.0
14021 14076 24.0
14076 14021 24.0
1326 14077 24.0
14077 1326 24.0
1326 14021 1.0
14021 1326 1.0
1326 14005 11.0
14005 1326 11.0
14022 14023 4.0
14023 14022 4.0
2088 14138 50.0
14138 2088 50.0
2088 14023 2.0
14023 2088 2.0
2088 14011 8.0
14011 2088 8.0
14024 14025 23.0
14025 14024 23.0
14025 14026 21.0
14026 14025 21.0
14025 14050 6.0
14050 14025 6.0
14026 14027 8.0
14027 14026 8.0
14026 14051 6.0
14051 14026 6.0
14027 14028 8.0
14028 14027 8.0
14027 14052 6.0
14052 14027 6.0
14028 14029 28.0
14029 14028 28.0
14029 14030 15.0
14030 14029 15.0
14029 14097 29.0
14097 14029 29.0
14030 14031 2.0
14031 14030 2.0
2915 2946 22.0
2946 2915 22.0
2915 14031 6.0
14031 2915 6.0
2946 14037 3.0
14037 2946 3.0
14032 14033 3.0
14033 14032 3.0
14032 14041 1.0
14041 14032 1.0
14033 14034 37.0
14034 14033 37.0
14033 14042 1.0
14042 14033 1.0
14034 14043 1.0
14043 14034 1.0
1868 14035 13.0
14035 1868 13.0
1868 14044 1.0
14044 1868 1.0
1868 14034 31.0
14034 1868 31.0
1868 14012 19.0
14012 1868 19.0
14035 14036 18.0
14036 14035 18.0
14035 14045 1.0
14045 14035 1.0
14037 14038 18.0
14038 14037 18.0
14037 14115 29.0
14115 14037 29.0
14038 14039 40.0
14039 14038 40.0
14039 14063 11.0
14063 14039 11.0
3065 14040 20.0
14040 3065 20.0
3065 14064 11.0
14064 3065 11.0
3065 14039 12.0
14039 3065 12.0
14041 14042 3.0
14042 14041 3.0
14042 14043 37.0
14043 14042 37.0
14043 14044 31.0
14044 14043 31.0
14043 14060 6.0
14060 14043 6.0
14044 14045 13.0
14045 14044 13.0
1909 14046 31.0
14046 1909 31.0
1909 14045 18.0
14045 1909 18.0
1909 14036 1.0
14036 1909 1.0
14047 14048 2.0
14048 14047 2.0
14047 14089 23.0
14089 14047 23.0
14047 14088 46.0
14088 14047 46.0
14048 14049 25.0
14049 14048 25.0
14048 14090 23.0
14090 14048 23.0
14049 14091 23.0
14091 14049 23.0
2723 14050 23.0
14050 2723 23.0
2723 14092 23.0
14092 2723 23.0
2723 14049 42.0
14049 2723 42.0
2723 14024 6.0
14024 2723 6.0
14050 14051 21.0
14051 14050 21.0
14050 14093 23.0
14093 14050 23.0
14051 14052 8.0
14052 14051 8.0
14051 14095 23.0
14095 14051 23.0
14052 14096 23.0
14096 14052 23.0
14053 14054 3.0
14054 14053 3.0
14054 14055 16.0
14055 14054 16.0
14054 14069 9.0
14069 14054 9.0
14055 14070 9.0
14070 14055 9.0
3829 14055 1.0
14055 3829 1.0
3829 13989 30.0
13989 3829 30.0
3937 14056 2.0
14056 3937 2.0
3937 14129 34.0
14129 3937 34.0
3937 13972 50.0
13972 3937 50.0
14056 14129 32.0
14129 14056 32.0
14057 14058 13.0
14058 14057 13.0
14057 14071 12.0
14071 14057 12.0
14058 14059 48.0
14059 14058 48.0
14058 14072 12.0
14072 14058 12.0
14059 14073 12.0
14073 14059 12.0
1739 14060 40.0
14060 1739 40.0
1739 14074 12.0
14074 1739 12.0
1739 14059 2.0
14059 1739 2.0
1739 14041 6.0
14041 1739 6.0
14061 14062 3.0
14062 14061 3.0
3367 14062 28.0
14062 3367 28.0
14063 14064 12.0
14064 14063 12.0
14063 14117 18.0
14117 14063 18.0
14064 14065 8.0
14065 14064 8.0
14064 14157 39.0
14157 14064 39.0
14065 14066 9.0
14066 14065 9.0
14066 14173 50.0
14173 14066 50.0
3107 14066 3.0
14066 3107 3.0
3107 14040 11.0
14040 3107 11.0
14067 14068 13.0
14068 14067 13.0
14067 14118 18.0
14118 14067 18.0
3806 14069 3.0
14069 3806 3.0
3806 14133 31.0
14133 3806 31.0
3806 14068 39.0
14068 3806 39.0
3806 14053 9.0
14053 3806 9.0
14069 14070 16.0
14070 14069 16.0
14069 14134 31.0
14134 14069 31.0
892 942 41.0
942 892 41.0
3313 14061 9.0
14061 3313 9.0
14071 14072 13.0
14072 14071 13.0
14071 14087 5.0
14087 14071 5.0
14072 14073 48.0
14073 14072 48.0
14073 14074 2.0
14074 14073 2.0
14074 14186 48.0
14186 14074 48.0
1810 14074 40.0
14074 1810 40.0
1810 14060 12.0
14060 1810 12.0
1092 14075 30.0
14075 1092 30.0
1092 14079 2.0
14079 1092 2.0
14076 14077 1.0
14077 14076 1.0
14076 14081 4.0
14081 14076 4.0
14077 14078 59.0
14078 14077 59.0
14077 14082 4.0
14082 14077 4.0
14078 14083 4.0
14083 14078 4.0
1486 14085 4.0
14085 1486 4.0
1486 14078 31.0
14078 1486 31.0
14079 14080 8.0
14080 14079 8.0
14079 14160 29.0
14160 14079 29.0
1138 14162 29.0
14162 1138 29.0
1138 14080 22.0
14080 1138 22.0
1138 14075 2.0
14075 1138 2.0
14081 14082 1.0
14082 14081 1.0
14082 14083 59.0
14083 14082 59.0
14082 14099 3.0
14099 14082 3.0
14083 14084 8.0
14084 14083 8.0
14084 14085 23.0
14085 14084 23.0
14084 14105 5.0
14105 14084 5.0
14085 14086 40.0
14086 14085 40.0
14085 14106 5.0
14106 14085 5.0
1609 14087 8.0
14087 1609 8.0
1609 14125 8.0
14125 1609 8.0
1609 14086 41.0
14086 1609 41.0
1609 14020 37.0
14020 1609 37.0
14088 14089 23.0
14089 14088 23.0
14088 14098 1.0
14098 14088 1.0
14089 14090 2.0
14090 14089 2.0
14090 14091 25.0
14091 14090 25.0
14090 14100 3.0
14100 14090 3.0
14091 14092 42.0
14092 14091 42.0
14091 14101 3.0
14101 14091 3.0
14092 14093 23.0
14093 14092 23.0
14092 14110 4.0
14110 14092 4.0
14093 14094 4.0
14094 14093 4.0
14094 14095 17.0
14095 14094 17.0
14094 14111 4.0
14111 14094 4.0
14095 14096 8.0
14096 14095 8.0
14095 14112 4.0
14112 14095 4.0
2835 14097 28.0
14097 2835 28.0
2835 14113 4.0
14113 2835 4.0
2835 14096 8.0
14096 2835 8.0
2835 14028 29.0
14028 2835 29.0
14097 14114 4.0
14114 14097 4.0
2484 14098 51.0
14098 2484 51.0
2484 2571 53.0
2571 2484 53.0
942 14149 22.0
14149 942 22.0
1324 14099 1.0
14099 1324 1.0
1324 14102 2.0
14102 1324 2.0
1324 14081 3.0
14081 1324 3.0
14099 14103 2.0
14103 14099 2.0
2571 14100 25.0
14100 2571 25.0
2571 14107 1.0
14107 2571 1.0
2571 14098 2.0
14098 2571 2.0
14100 14101 25.0
14101 14100 25.0
14100 14108 1.0
14108 14100 1.0
14101 14109 1.0
14109 14101 1.0
14102 14103 1.0
14103 14102 1.0
14102 14166 26.0
14166 14102 26.0
14103 14104 6.0
14104 14103 6.0
14103 14167 26.0
14167 14103 26.0
1423 14105 8.0
14105 1423 8.0
1423 14122 3.0
14122 1423 3.0
1423 14104 53.0
14104 1423 53.0
1423 14083 5.0
14083 1423 5.0
14105 14106 23.0
14106 14105 23.0
14105 14123 3.0
14123 14105 3.0
14106 14124 3.0
14124 14106 3.0
14107 14108 25.0
14108 14107 25.0
14107 14119 1.0
14119 14107 1.0
14108 14109 25.0
14109 14108 25.0
14108 14120 1.0
14120 14108 1.0
14109 14110 42.0
14110 14109 42.0
14110 14111 27.0
14111 14110 27.0
14111 14112 17.0
14112 14111 17.0
14112 14113 16.0
14113 14112 16.0
14112 14190 45.0
14190 14112 45.0
14113 14114 28.0
14114 14113 28.0
14113 14179 37.0
14179 14113 37.0
14114 14115 44.0
14115 14114 44.0
14115 14116 16.0
14116 14115 16.0
14115 14180 37.0
14180 14115 37.0
14116 14154 21.0
14154 14116 21.0
2982 14117 40.0
14117 2982 40.0
2982 14155 21.0
14155 2982 21.0
2982 14116 2.0
14116 2982 2.0
2982 14038 29.0
14038 2982 29.0
3716 14118 10.0
14118 3716 10.0
3716 14130 13.0
14130 3716 13.0
3716 14067 28.0
14067 3716 28.0
14118 14131 13.0
14131 14118 13.0
14119 14120 25.0
14120 14119 25.0
14119 14204 50.0
14204 14119 50.0
14120 14121 13.0
14121 14120 13.0
2655 14121 12.0
14121 2655 12.0
2655 14109 1.0
14109 2655 1.0
14122 14123 8.0
14123 14122 8.0
14122 14202 48.0
14202 14122 48.0
14123 14124 23.0
14124 14123 23.0
1547 14125 41.0
14125 1547 41.0
1547 14124 40.0
14124 1547 40.0
1547 14086 8.0
14086 1547 8.0
14126 14127 2.0
14127 14126 2.0
14127 14128 27.0
14128 14127 27.0
14128 14137 7.0
14137 14128 7.0
3310 14128 42.0
14128 3310 42.0
3310 3313 21.0
3313 3310 21.0
3967 14152 20.0
14152 3967 20.0
3967 14129 17.0
14129 3967 17.0
14130 14131 10.0
14131 14130 10.0
14130 14148 5.0
14148 14130 5.0
14130 14141 45.0
14141 14130 45.0
14131 14132 29.0
14132 14131 29.0
14132 14133 23.0
14133 14132 23.0
14132 14151 7.0
14151 14132 7.0
14133 14134 3.0
14134 14133 3.0
14134 14135 5.0
14135 14134 5.0
14135 14136 6.0
14136 14135 6.0
14136 14176 20.0
14176 14136 20.0
3828 14177 20.0
14177 3828 20.0
3828 14136 5.0
14136 3828 5.0
3828 14070 31.0
14070 3828 31.0
3204 14137 29.0
14137 3204 29.0
3204 14227 42.0
14227 3204 42.0
3204 14126 7.0
14126 3204 7.0
2083 14138 2.0
14138 2083 2.0
2083 14143 1.0
14143 2083 1.0
2083 14142 34.0
14142 2083 34.0
2083 14023 50.0
14023 2083 50.0
14138 14144 1.0
14144 14138 1.0
14139 14140 34.0
14140 14139 34.0
14139 14163 8.0
14163 14139 8.0
3608 14141 30.0
14141 3608 30.0
3608 14146 1.0
14146 3608 1.0
3608 14140 8.0
14140 3608 8.0
14142 14143 33.0
14143 14142 33.0
14142 14178 17.0
14178 14142 17.0
14143 14144 2.0
14144 14143 2.0
2143 14145 33.0
14145 2143 33.0
2143 14153 36.0
14153 2143 36.0
2143 14144 28.0
14144 2143 28.0
14145 14153 3.0
14153 14145 3.0
14146 14147 8.0
14147 14146 8.0
14146 14225 37.0
14225 14146 37.0
3657 14148 41.0
14148 3657 41.0
3657 14147 22.0
14147 3657 22.0
3657 14141 1.0
14141 3657 1.0
14149 14150 9.0
14150 14149 9.0
14149 14182 18.0
14182 14149 18.0
1014 14158 2.0
14158 1014 2.0
1014 14150 31.0
14150 1014 31.0
3733 14151 29.0
14151 3733 29.0
3733 14174 13.0
14174 3733 13.0
3733 14148 12.0
14148 3733 12.0
3733 14131 7.0
14131 3733 7.0
14151 14175 13.0
14175 14151 13.0
4037 14152 42.0
14152 4037 42.0
2227 14251 68.0
14251 2227 68.0
2227 14153 18.0
14153 2227 18.0
14154 14155 2.0
14155 14154 2.0
14154 14168 11.0
14168 14154 11.0
14155 14156 37.0
14156 14155 37.0
14155 14169 11.0
14169 14155 11.0
14156 14170 11.0
14170 14156 11.0
3051 14157 12.0
14157 3051 12.0
3051 14171 11.0
14171 3051 11.0
3051 14156 3.0
14156 3051 3.0
3051 14117 21.0
14117 3051 21.0
14157 14172 11.0
14172 14157 11.0
14158 14159 49.0
14159 14158 49.0
14158 14183 16.0
14183 14158 16.0
14159 14160 3.0
14160 14159 3.0
14160 14161 4.0
14161 14160 4.0
14161 14209 30.0
14209 14161 30.0
1106 14162 22.0
14162 1106 22.0
1106 14210 30.0
14210 1106 30.0
1106 14161 4.0
14161 1106 4.0
1106 14080 29.0
14080 1106 29.0
14162 14164 42.0
14164 14162 42.0
3532 14163 9.0
14163 3532 9.0
3532 14187 17.0
14187 3532 17.0
3532 14139 17.0
14139 3532 17.0
14164 14165 8.0
14165 14164 8.0
14165 14220 29.0
14220 14165 29.0
1238 14166 52.0
14166 1238 52.0
1238 14221 29.0
14221 1238 29.0
1238 14165 13.0
14165 1238 13.0
14166 14167 1.0
14167 14166 1.0
14166 14242 33.0
14242 14166 33.0
14167 14243 33.0
14243 14167 33.0
14168 14169 2.0
14169 14168 2.0
14168 14181 5.0
14181 14168 5.0
14169 14170 37.0
14170 14169 37.0
14170 14171 3.0
14171 14170 3.0
14170 14188 11.0
14188 14170 11.0
14171 14172 12.0
14172 14171 12.0
3083 14173 9.0
14173 3083 9.0
3083 14189 11.0
14189 3083 11.0
3083 14172 8.0
14172 3083 8.0
3083 14065 50.0
14065 3083 50.0
14174 14175 29.0
14175 14174 29.0
3817 14176 6.0
14176 3817 6.0
3817 14211 19.0
14211 3817 19.0
3817 14175 31.0
14175 3817 31.0
3817 14135 20.0
14135 3817 20.0
14176 14177 5.0
14177 14176 5.0
14176 14215 21.0
14215 14176 21.0
14177 14216 21.0
14216 14177 21.0
1971 14178 29.0
14178 1971 29.0
1971 14252 31.0
14252 1971 31.0
1971 14046 69.0
14046 1971 69.0
1622 14184 2.0
14184 1622 2.0
1622 14125 41.0
14125 1622 41.0
1622 14087 41.0
14087 1622 41.0
14179 14191 22.0
14191 14179 22.0
2873 14180 44.0
14180 2873 44.0
2873 14198 13.0
14198 2873 13.0
2873 14179 28.0
14179 2873 28.0
2873 14114 37.0
14114 2873 37.0
14180 14181 16.0
14181 14180 16.0
14180 14200 13.0
14200 14180 13.0
960 14183 31.0
14183 960 31.0
960 14182 9.0
14182 960 9.0
960 14150 18.0
14150 960 18.0
14183 14206 14.0
14206 14183 14.0
14184 14185 28.0
14185 14184 28.0
14184 14253 32.0
14253 14184 32.0
14185 14254 32.0
14254 14185 32.0
1736 14186 2.0
14186 1736 2.0
1736 14255 32.0
14255 1736 32.0
1736 14185 33.0
14185 1736 33.0
1736 14073 48.0
14073 1736 48.0
14186 14256 32.0
14256 14186 32.0
3440 14187 61.0
14187 3440 61.0
3440 14222 13.0
14222 3440 13.0
14187 14224 13.0
14224 14187 13.0
14188 14189 23.0
14189 14188 23.0
14188 14201 7.0
14201 14188 7.0
3102 14266 39.0
14266 3102 39.0
3102 14189 9.0
14189 3102 9.0
3102 14173 11.0
14173 3102 11.0
2769 14190 17.0
14190 2769 17.0
2769 14195 5.0
14195 2769 5.0
2769 14111 45.0
14111 2769 45.0
14190 14191 2.0
14191 14190 2.0
14190 14196 5.0
14196 14190 5.0
14191 14197 5.0
14197 14191 5.0
868 14250 50.0
14250 868 50.0
868 14182 50.0
14182 868 50.0
3918 14193 1.0
14193 3918 1.0
14192 14193 5.0
14193 14192 5.0
14192 14226 8.0
14226 14192 8.0
14192 14217 22.0
14217 14192 22.0
14193 14194 8.0
14194 14193 8.0
3974 14194 32.0
14194 3974 32.0
3974 14152 28.0
14152 3974 28.0
14195 14196 17.0
14196 14195 17.0
14195 14260 43.0
14260 14195 43.0
14196 14197 2.0
14197 14196 2.0
14196 14260 26.0
14260 14196 26.0
14197 14198 42.0
14198 14197 42.0
14198 14199 7.0
14199 14198 7.0
14198 14261 26.0
14261 14198 26.0
14199 14200 37.0
14200 14199 37.0
14199 14263 32.0
14263 14199 32.0
2977 14201 39.0
14201 2977 39.0
2977 14264 32.0
14264 2977 32.0
2977 14200 16.0
14200 2977 16.0
2977 14181 13.0
14181 2977 13.0
14202 14203 5.0
14203 14202 5.0
14202 14244 42.0
14244 14202 42.0
14203 14290 44.0
14290 14203 44.0
1442 14291 44.0
14291 1442 44.0
1442 14203 3.0
14203 1442 3.0
1442 14123 48.0
14123 1442 48.0
14204 14205 15.0
14205 14204 15.0
14205 14247 9.0
14247 14205 9.0
2634 14205 23.0
14205 2634 23.0
2634 14121 50.0
14121 2634 50.0
14206 14207 18.0
14207 14206 18.0
14207 14208 18.0
14208 14207 18.0
14207 14232 7.0
14232 14207 7.0
14208 14233 7.0
14233 14208 7.0
1090 14209 7.0
14209 1090 7.0
1090 14234 7.0
14234 1090 7.0
1090 14208 13.0
14208 1090 13.0
1090 14159 30.0
14159 1090 30.0
14209 14210 4.0
14210 14209 4.0
14209 14235 7.0
14235 14209 7.0
14210 14218 3.0
14218 14210 3.0
3771 14211 31.0
14211 3771 31.0
3771 14212 2.0
14212 3771 2.0
3771 14174 48.0
14174 3771 48.0
3771 14175 19.0
14175 3771 19.0
14211 14214 2.0
14214 14211 2.0
14212 14213 8.0
14213 14212 8.0
14212 14285 39.0
14285 14212 39.0
14213 14214 23.0
14214 14213 23.0
14214 14215 6.0
14215 14214 6.0
14214 14286 39.0
14286 14214 39.0
14215 14216 5.0
14216 14215 5.0
14215 14287 39.0
14287 14215 39.0
3851 14217 30.0
14217 3851 30.0
3851 3886 32.0
3886 3851 32.0
3851 14216 18.0
14216 3851 18.0
14218 14219 8.0
14219 14218 8.0
14218 14236 4.0
14236 14218 4.0
14219 14237 4.0
14237 14219 4.0
1206 14220 8.0
14220 1206 8.0
1206 14238 4.0
14238 1206 4.0
1206 14219 52.0
14219 1206 52.0
1206 14164 29.0
14164 1206 29.0
14220 14221 13.0
14221 14220 13.0
14220 14239 4.0
14239 14220 4.0
14221 14240 4.0
14240 14221 4.0
14222 14223 38.0
14223 14222 38.0
14222 14288 56.0
14288 14222 56.0
14223 14224 23.0
14224 14223 23.0
3542 14225 42.0
14225 3542 42.0
3542 14228 3.0
14228 3542 3.0
3542 14224 9.0
14224 3542 9.0
3542 14163 30.0
14163 3542 30.0
14225 14230 3.0
14230 14225 3.0
3886 14226 16.0
14226 3886 16.0
3886 14217 2.0
14217 3886 2.0
14226 14305 41.0
14305 14226 41.0
3242 14340 49.0
14340 3242 49.0
3242 14227 29.0
14227 3242 29.0
3242 14137 42.0
14137 3242 42.0
14228 14229 18.0
14229 14228 18.0
14228 14289 36.0
14289 14228 36.0
14229 14230 24.0
14230 14229 24.0
14230 14231 5.0
14231 14230 5.0
14230 14303 39.0
14303 14230 39.0
14231 14304 39.0
14304 14231 39.0
3618 14231 3.0
14231 3618 3.0
3618 14147 40.0
14147 3618 40.0
14232 14233 18.0
14233 14232 18.0
14233 14234 13.0
14234 14233 13.0
14233 14248 2.0
14248 14233 2.0
14234 14235 7.0
14235 14234 7.0
14234 14249 2.0
14249 14234 2.0
14235 14236 4.0
14236 14235 4.0
14235 14268 24.0
14268 14235 24.0
14236 14237 8.0
14237 14236 8.0
14236 14269 24.0
14269 14236 24.0
14237 14238 52.0
14238 14237 52.0
14238 14239 8.0
14239 14238 8.0
14238 14270 24.0
14270 14238 24.0
14239 14240 13.0
14240 14239 13.0
14239 14272 29.0
14272 14239 29.0
14240 14241 28.0
14241 14240 28.0
14241 14242 24.0
14242 14241 24.0
14242 14243 1.0
14243 14242 1.0
1337 14244 19.0
14244 1337 19.0
1337 14273 29.0
14273 1337 29.0
1337 14243 6.0
14243 1337 6.0
1337 14104 59.0
14104 1337 59.0
14245 14246 38.0
14246 14245 38.0
14245 14262 18.0
14262 14245 18.0
14246 14318 38.0
14318 14246 38.0
2562 14247 18.0
14247 2562 18.0
2562 14366 61.0
14366 2562 61.0
2562 14246 4.0
14246 2562 4.0
2562 14204 12.0
14204 2562 12.0
1040 14248 18.0
14248 1040 18.0
1040 14371 61.0
14371 1040 61.0
1040 14206 27.0
14206 1040 27.0
1040 14232 2.0
14232 1040 2.0
14248 14249 13.0
14249 14248 13.0
14249 14267 22.0
14267 14249 22.0
755 14250 39.0
14250 755 39.0
2297 14328 40.0
14328 2297 40.0
2297 14251 12.0
14251 2297 12.0
14252 14259 10.0
14259 14252 10.0
2018 14252 29.0
14252 2018 29.0
2018 14178 31.0
14178 2018 31.0
14253 14254 28.0
14254 14253 28.0
14253 14275 22.0
14275 14253 22.0
14253 14274 55.0
14274 14253 55.0
14254 14255 33.0
14255 14254 33.0
14254 14276 22.0
14276 14254 22.0
14255 14256 2.0
14256 14255 2.0
14255 14278 22.0
14278 14255 22.0
14256 14257 25.0
14257 14256 25.0
14256 14279 22.0
14279 14256 22.0
14257 14280 22.0
14280 14257 22.0
1787 14281 22.0
14281 1787 22.0
1787 14257 2.0
14257 1787 2.0
14258 14283 19.0
14283 14258 19.0
1893 14259 49.0
14259 1893 49.0
1893 14284 19.0
14284 1893 19.0
1893 14258 13.0
14258 1893 13.0
14260 14341 32.0
14341 14260 32.0
2802 14261 42.0
14261 2802 42.0
2802 14342 32.0
14342 2802 32.0
2802 14260 2.0
14260 2802 2.0
2802 14197 26.0
14197 2802 26.0
14261 14263 13.0
14263 14261 13.0
2479 14262 9.0
14262 2479 9.0
2479 14316 20.0
14316 2479 20.0
2479 14245 27.0
14245 2479 27.0
14263 14264 53.0
14264 14263 53.0
14264 14265 27.0
14265 14264 27.0
14264 14344 26.0
14344 14264 26.0
14265 14336 24.0
14336 14265 24.0
3042 14266 32.0
14266 3042 32.0
3042 14337 24.0
14337 3042 24.0
3042 14265 12.0
14265 3042 12.0
3042 14201 32.0
14201 3042 32.0
14266 14338 24.0
14338 14266 24.0
4068 14349 28.0
14349 4068 28.0
14267 14268 7.0
14268 14267 7.0
14267 14372 39.0
14372 14267 39.0
14268 14269 4.0
14269 14268 4.0
14268 14296 13.0
14296 14268 13.0
1114 14270 52.0
14270 1114 52.0
1114 14297 13.0
14297 1114 13.0
1114 14269 8.0
14269 1114 8.0
1114 14237 24.0
14237 1114 24.0
14270 14271 5.0
14271 14270 5.0
574 14345 22.0
14345 574 22.0
14271 14272 8.0
14272 14271 8.0
14271 14298 8.0
14298 14271 8.0
1285 14273 31.0
14273 1285 31.0
1285 14299 8.0
14299 1285 8.0
1285 14272 41.0
14272 1285 41.0
1285 14241 29.0
14241 1285 29.0
14273 14320 12.0
14320 14273 12.0
14274 14275 33.0
14275 14274 33.0
14275 14276 28.0
14276 14275 28.0
14275 14294 3.0
14294 14275 3.0
14276 14277 17.0
14277 14276 17.0
14276 14295 3.0
14295 14276 3.0
14277 14278 16.0
14278 14277 16.0
14277 14312 6.0
14312 14277 6.0
14278 14279 2.0
14279 14278 2.0
14278 14313 6.0
14313 14278 6.0
14279 14280 25.0
14280 14279 25.0
14279 14314 6.0
14314 14279 6.0
14280 14281 2.0
14281 14280 2.0
14280 14315 6.0
14315 14280 6.0
14281 14282 18.0
14282 14281 18.0
14281 14326 8.0
14326 14281 8.0
14282 14327 8.0
14327 14282 8.0
1856 14283 8.0
14283 1856 8.0
1856 14332 13.0
14332 1856 13.0
1856 14282 21.0
14282 1856 21.0
1856 14258 27.0
14258 1856 27.0
14283 14284 13.0
14284 14283 13.0
14283 14333 13.0
14333 14283 13.0
14284 14334 13.0
14334 14284 13.0
3783 14286 23.0
14286 3783 23.0
3783 14368 28.0
14368 3783 28.0
3783 14285 8.0
14285 3783 8.0
3783 14213 39.0
14213 3783 39.0
14286 14287 6.0
14287 14286 6.0
14286 14382 31.0
14382 14286 31.0
14288 14300 3.0
14300 14288 3.0
3494 14289 32.0
14289 3494 32.0
3494 14301 3.0
14301 3494 3.0
3494 14288 21.0
14288 3494 21.0
3494 14223 39.0
14223 3494 39.0
14289 14302 3.0
14302 14289 3.0
819 14401 51.0
14401 819 51.0
819 14250 32.0
14250 819 32.0
14290 14291 3.0
14291 14290 3.0
14290 14306 3.0
14306 14290 3.0
14291 14292 48.0
14292 14291 48.0
14291 14307 3.0
14307 14291 3.0
14292 14293 8.0
14293 14292 8.0
14292 14308 3.0
14308 14292 3.0
14293 14309 3.0
14309 14293 3.0
1569 14294 33.0
14294 1569 33.0
1569 14310 3.0
14310 1569 3.0
1569 14293 23.0
14293 1569 23.0
1569 14274 3.0
14274 1569 3.0
14294 14295 28.0
14295 14294 28.0
14294 14311 3.0
14311 14294 3.0
14296 14297 12.0
14297 14296 12.0
14296 14373 26.0
14373 14296 26.0
14297 14298 52.0
14298 14297 52.0
14297 14391 37.0
14391 14297 37.0
1220 14299 41.0
14299 1220 41.0
1220 14298 8.0
14298 1220 8.0
1220 14272 8.0
14272 1220 8.0
14299 14319 21.0
14319 14299 21.0
14300 14301 21.0
14301 14300 21.0
14301 14302 32.0
14302 14301 32.0
3569 14303 24.0
14303 3569 24.0
3569 14394 65.0
14394 3569 65.0
3569 14302 18.0
14302 3569 18.0
3569 14229 39.0
14229 3569 39.0
14303 14304 5.0
14304 14303 5.0
14303 14394 41.0
14394 14303 41.0
14305 14346 13.0
14346 14305 13.0
3927 14347 13.0
14347 3927 13.0
3927 14305 13.0
14305 3927 13.0
3927 14194 49.0
14194 3927 49.0
14306 14307 3.0
14307 14306 3.0
14306 14321 2.0
14321 14306 2.0
14307 14308 48.0
14308 14307 48.0
14308 14309 8.0
14309 14308 8.0
14309 14310 23.0
14310 14309 23.0
14309 14354 16.0
14354 14309 16.0
14310 14311 33.0
14311 14310 33.0
1675 14312 17.0
14312 1675 17.0
1675 14322 2.0
14322 1675 2.0
1675 14311 28.0
14311 1675 28.0
1675 14295 3.0
14295 1675 3.0
14312 14313 16.0
14313 14312 16.0
14312 14323 2.0
14323 14312 2.0
14313 14314 2.0
14314 14313 2.0
14313 14324 2.0
14324 14313 2.0
14314 14315 25.0
14315 14314 25.0
14314 14325 2.0
14325 14314 2.0
14316 14317 5.0
14317 14316 5.0
14316 14362 23.0
14362 14316 23.0
14316 14361 36.0
14361 14316 36.0
14317 14363 23.0
14363 14317 23.0
2498 14318 38.0
14318 2498 38.0
2498 14364 23.0
14364 2498 23.0
2498 14317 4.0
14317 2498 4.0
2498 14262 20.0
14262 2498 20.0
14318 14365 23.0
14365 14318 23.0
14319 14320 14.0
14320 14319 14.0
14319 14374 22.0
14374 14319 22.0
1375 14321 39.0
14321 1375 39.0
1375 14352 14.0
14352 1375 14.0
1375 14320 19.0
14320 1375 19.0
1375 14244 41.0
14244 1375 41.0
14321 14353 14.0
14353 14321 14.0
14322 14323 17.0
14323 14322 17.0
14322 14410 56.0
14410 14322 56.0
14323 14324 16.0
14324 14323 16.0
14324 14325 2.0
14325 14324 2.0
14324 14421 59.0
14421 14324 59.0
14325 14422 59.0
14422 14325 59.0
1784 14326 2.0
14326 1784 2.0
1784 14329 5.0
14329 1784 5.0
1784 14325 25.0
14325 1784 25.0
1784 14315 2.0
14315 1784 2.0
14326 14327 18.0
14327 14326 18.0
14326 14330 5.0
14330 14326 5.0
14327 14331 5.0
14331 14327 5.0
2277 14328 12.0
14328 2277 12.0
2277 14386 28.0
14386 2277 28.0
2277 14251 40.0
14251 2277 40.0
14328 14398 41.0
14398 14328 41.0
14329 14330 2.0
14330 14329 2.0
14329 14350 8.0
14350 14329 8.0
14330 14331 18.0
14331 14330 18.0
14330 14350 6.0
14350 14330 6.0
14331 14332 21.0
14332 14331 21.0
14332 14333 8.0
14333 14332 8.0
14332 14351 6.0
14351 14332 6.0
14333 14334 13.0
14334 14333 13.0
14334 14335 48.0
14335 14334 48.0
14334 14392 30.0
14392 14334 30.0
1963 14335 1.0
14335 1963 1.0
1963 14259 32.0
14259 1963 32.0
14336 14337 12.0
14337 14336 12.0
14337 14338 32.0
14338 14337 32.0
14338 14339 47.0
14339 14338 47.0
14339 14357 13.0
14357 14339 13.0
3196 14340 33.0
14340 3196 33.0
3196 14358 13.0
14358 3196 13.0
3196 14339 11.0
14339 3196 11.0
3196 14227 53.0
14227 3196 53.0
14340 14360 13.0
14360 14340 13.0
14341 14342 2.0
14342 14341 2.0
14342 14343 26.0
14343 14342 26.0
14343 14355 8.0
14355 14343 8.0
2882 14344 53.0
14344 2882 53.0
2882 14443 60.0
14443 2882 60.0
2882 14343 23.0
14343 2882 23.0
2882 14263 26.0
14263 2882 26.0
14344 14378 29.0
14378 14344 29.0
14345 14356 8.0
14356 14345 8.0
613 14345 29.0
14345 613 29.0
14346 14347 13.0
14347 14346 13.0
14347 14348 45.0
14348 14347 45.0
14347 14416 48.0
14416 14347 48.0
14348 14417 48.0
14417 14348 48.0
4001 14349 52.0
14349 4001 52.0
4001 14379 41.0
14379 4001 41.0
4001 14348 5.0
14348 4001 5.0
14349 14380 13.0
14380 14349 13.0
1820 14351 21.0
14351 1820 21.0
1820 14406 42.0
14406 1820 42.0
1820 14350 18.0
14350 1820 18.0
1820 14331 6.0
14331 1820 6.0
14351 14407 42.0
14407 14351 42.0
14352 14353 39.0
14353 14352 39.0
14352 14375 8.0
14375 14352 8.0
1524 14354 8.0
14354 1524 8.0
1524 14377 8.0
14377 1524 8.0
1524 14353 51.0
14353 1524 51.0
1524 14308 16.0
14308 1524 16.0
3468 14467 60.0
14467 3468 60.0
3468 14300 17.0
14300 3468 17.0
2799 14355 28.0
14355 2799 28.0
2799 14442 52.0
14442 2799 52.0
2799 14341 8.0
14341 2799 8.0
552 14356 11.0
14356 552 11.0
552 14403 31.0
14403 552 31.0
552 14345 19.0
14345 552 19.0
14356 14404 31.0
14404 14356 31.0
2137 14385 12.0
14385 2137 12.0
14357 14358 11.0
14358 14357 11.0
14358 14359 27.0
14359 14358 27.0
14359 14360 6.0
14360 14359 6.0
3300 14488 61.0
14488 3300 61.0
3300 14360 37.0
14360 3300 37.0
991 14369 2.0
14369 991 2.0
14361 14362 13.0
14362 14361 13.0
14362 14363 5.0
14363 14362 5.0
14362 14383 7.0
14383 14362 7.0
14363 14364 4.0
14364 14363 4.0
14363 14384 7.0
14384 14363 7.0
14364 14365 38.0
14365 14364 38.0
14365 14366 4.0
14366 14365 4.0
2596 14405 29.0
14405 2596 29.0
2596 14366 18.0
14366 2596 18.0
2596 14247 61.0
14247 2596 61.0
14367 14397 19.0
14397 14367 19.0
14367 14395 45.0
14395 14367 45.0
3725 14368 42.0
14368 3725 42.0
3725 14367 13.0
14367 3725 13.0
3725 14285 62.0
14285 3725 62.0
14368 14381 9.0
14381 14368 9.0
14369 14370 19.0
14370 14369 19.0
14369 14387 11.0
14387 14369 11.0
14370 14371 14.0
14371 14370 14.0
14370 14388 11.0
14388 14370 11.0
1071 14372 13.0
14372 1071 13.0
1071 14389 11.0
14389 1071 11.0
1071 14371 18.0
14371 1071 18.0
1071 14248 61.0
14248 1071 61.0
14372 14373 7.0
14373 14372 7.0
14372 14390 11.0
14390 14372 11.0
14374 14375 33.0
14375 14374 33.0
14375 14376 38.0
14376 14375 38.0
1437 14377 51.0
14377 1437 51.0
1437 14376 1.0
14376 1437 1.0
1437 14353 8.0
14353 1437 8.0
3023 14465 50.0
14465 3023 50.0
3023 14378 12.0
14378 3023 12.0
3023 14336 16.0
14336 3023 16.0
14379 14380 24.0
14380 14379 24.0
4075 14380 8.0
14380 4075 8.0
14381 14382 17.0
14382 14381 17.0
3820 14415 34.0
14415 3820 34.0
3820 14382 6.0
14382 3820 6.0
3820 14287 31.0
14287 3820 31.0
2461 14383 13.0
14383 2461 13.0
2461 14448 42.0
14448 2461 42.0
2461 14361 7.0
14361 2461 7.0
14383 14384 5.0
14384 14383 5.0
14383 14449 42.0
14449 14383 42.0
14384 14450 42.0
14450 14384 42.0
2195 14386 41.0
14386 2195 41.0
2195 14385 40.0
14385 2195 40.0
14386 14398 25.0
14398 14386 25.0
690 14435 31.0
14435 690 31.0
14387 14388 19.0
14388 14387 19.0
14387 14432 28.0
14432 14387 28.0
14387 14402 45.0
14402 14387 45.0
14388 14389 32.0
14389 14388 32.0
14389 14390 13.0
14390 14389 13.0
1101 14391 12.0
14391 1101 12.0
1101 14434 28.0
14434 1101 28.0
1101 14390 7.0
14390 1101 7.0
1101 14373 11.0
14373 1101 11.0
14391 14440 32.0
14440 14391 32.0
14392 14393 36.0
14393 14392 36.0
14392 14408 18.0
14408 14392 18.0
14393 14409 18.0
14409 14393 18.0
1962 14427 24.0
14427 1962 24.0
1962 14393 12.0
14393 1962 12.0
1962 14335 30.0
14335 1962 30.0
3176 14480 42.0
14480 3176 42.0
3176 14357 17.0
14357 3176 17.0
3612 14395 30.0
14395 3612 30.0
3612 14396 2.0
14396 3612 2.0
3612 14394 5.0
14394 3612 5.0
3612 14304 41.0
14304 3612 41.0
14396 14473 37.0
14473 14396 37.0
3663 14397 28.0
14397 3663 28.0
3663 14482 39.0
14482 3663 39.0
3663 14396 30.0
14396 3663 30.0
3663 14395 2.0
14395 3663 2.0
14398 14399 5.0
14399 14398 5.0
2310 14399 2.0
14399 2310 2.0
452 14412 12.0
14412 452 12.0
14400 14401 15.0
14401 14400 15.0
14400 14429 15.0
14429 14400 15.0
14400 14436 35.0
14436 14400 35.0
834 14402 60.0
14402 834 60.0
834 14430 15.0
14430 834 15.0
834 14401 8.0
14401 834 8.0
14402 14431 15.0
14431 14402 15.0
14403 14404 11.0
14404 14403 11.0
581 14414 8.0
14414 581 8.0
581 14404 7.0
14404 581 7.0
1307 14497 40.0
14497 1307 40.0
1307 14374 27.0
14374 1307 27.0
2552 14405 22.0
14405 2552 22.0
2552 14451 20.0
14451 2552 20.0
2552 14365 29.0
14365 2552 29.0
14405 14462 22.0
14462 14405 22.0
1433 14376 30.0
14376 1433 30.0
14406 14407 21.0
14407 14406 21.0
14406 14423 19.0
14423 14406 19.0
1870 14408 13.0
14408 1870 13.0
1870 14424 6.0
14424 1870 6.0
1870 14407 8.0
14407 1870 8.0
1870 14333 48.0
14333 1870 48.0
14408 14409 36.0
14409 14408 36.0
14408 14425 6.0
14425 14408 6.0
14409 14426 6.0
14426 14409 6.0
1537 1580 32.0
1580 1537 32.0
1537 14377 41.0
14377 1537 41.0
1537 14354 41.0
14354 1537 41.0
1580 14410 53.0
14410 1580 53.0
1580 14418 3.0
14418 1580 3.0
14410 14420 3.0
14420 14410 3.0
14411 14412 14.0
14412 14411 14.0
14411 14437 7.0
14437 14411 7.0
14412 14413 8.0
14413 14412 8.0
492 14414 61.0
14414 492 61.0
492 14413 21.0
14413 492 21.0
492 14403 51.0
14403 492 51.0
14414 14456 22.0
14456 14414 22.0
14415 14494 26.0
14494 14415 26.0
3913 14416 13.0
14416 3913 13.0
3913 14502 32.0
14502 3913 32.0
3913 14415 69.0
14415 3913 69.0
3913 14346 48.0
14346 3913 48.0
14416 14417 45.0
14417 14416 45.0
14416 14503 32.0
14503 14416 32.0
14417 14466 14.0
14466 14417 14.0
14418 14419 8.0
14419 14418 8.0
14419 14420 45.0
14420 14419 45.0
1707 14421 16.0
14421 1707 16.0
1707 14457 12.0
14457 1707 12.0
1707 14420 17.0
14420 1707 17.0
1707 14323 59.0
14323 1707 59.0
14421 14422 2.0
14422 14421 2.0
14421 14458 12.0
14458 14421 12.0
14422 14459 12.0
14459 14422 12.0
14423 14424 42.0
14424 14423 42.0
14424 14425 13.0
14425 14424 13.0
14424 14461 12.0
14461 14424 12.0
14425 14426 36.0
14426 14425 36.0
14425 14468 16.0
14468 14425 16.0
14426 14427 12.0
14427 14426 12.0
14427 14428 47.0
14428 14427 47.0
2108 14428 33.0
14428 2108 33.0
2108 14385 40.0
14385 2108 40.0
14429 14430 23.0
14430 14429 23.0
14429 14438 4.0
14438 14429 4.0
14430 14431 60.0
14431 14430 60.0
14430 14439 4.0
14439 14430 4.0
14431 14432 32.0
14432 14431 32.0
14432 14433 14.0
14433 14432 14.0
14432 14446 8.0
14446 14432 8.0
14433 14447 8.0
14447 14433 8.0
1023 14434 52.0
14434 1023 52.0
1023 14544 54.0
14544 1023 54.0
1023 14433 5.0
14433 1023 5.0
1023 14388 28.0
14388 1023 28.0
14434 14440 16.0
14440 14434 16.0
706 14436 40.0
14436 706 40.0
706 766 42.0
766 706 42.0
706 14435 9.0
14435 706 9.0
406 14437 18.0
14437 406 18.0
406 14411 25.0
14411 406 25.0
766 14438 18.0
14438 766 18.0
766 14436 2.0
14436 766 2.0
14438 14439 23.0
14439 14438 23.0
14439 14444 4.0
14444 14439 4.0
14440 14441 4.0
14441 14440 4.0
14441 14518 41.0
14518 14441 41.0
1144 14519 41.0
14519 1144 41.0
1144 14441 13.0
14441 1144 13.0
14442 14452 15.0
14452 14442 15.0
2855 14443 23.0
14443 2855 23.0
2855 14453 2.0
14453 2855 2.0
2855 14442 28.0
14442 2855 28.0
2855 14355 52.0
14355 2855 52.0
14443 14454 2.0
14454 14443 2.0
14444 14445 27.0
14445 14444 27.0
14444 14551 47.0
14551 14444 47.0
14445 14539 46.0
14539 14445 46.0
933 14446 32.0
14446 933 32.0
933 14540 46.0
14540 933 46.0
933 14445 33.0
14445 933 33.0
933 14431 8.0
14431 933 8.0
14446 14447 14.0
14447 14446 14.0
14446 14541 46.0
14541 14446 46.0
14447 14543 46.0
14543 14447 46.0
14448 14449 13.0
14449 14448 13.0
14449 14450 5.0
14450 14449 5.0
14449 14474 8.0
14474 14449 8.0
14450 14475 8.0
14475 14450 8.0
2538 14451 11.0
14451 2538 11.0
2538 14450 31.0
14450 2538 31.0
2538 2552 31.0
2552 2538 31.0
14451 14462 24.0
14462 14451 24.0
14452 14453 41.0
14453 14452 41.0
14452 14483 10.0
14483 14452 10.0
14453 14454 23.0
14454 14453 23.0
14453 14484 10.0
14484 14453 10.0
14454 14455 15.0
14455 14454 15.0
14455 14485 10.0
14485 14455 10.0
2918 14463 2.0
14463 2918 2.0
2918 14455 3.0
14455 2918 3.0
646 14456 32.0
14456 646 32.0
646 14435 40.0
14435 646 40.0
14457 14458 16.0
14458 14457 16.0
14457 14498 19.0
14498 14457 19.0
14458 14459 2.0
14459 14458 2.0
14459 14460 1.0
14460 14459 1.0
1799 14461 42.0
14461 1799 42.0
1799 14460 31.0
14460 1799 31.0
1799 14423 12.0
14423 1799 12.0
14461 14468 17.0
14468 14461 17.0
2626 14495 52.0
14495 2626 52.0
2626 14462 18.0
14462 2626 18.0
14463 14464 9.0
14464 14463 9.0
14463 14486 8.0
14486 14463 8.0
14464 14476 6.0
14476 14464 6.0
3004 14465 12.0
14465 3004 12.0
3004 14477 6.0
14477 3004 6.0
3004 14464 41.0
14464 3004 41.0
3004 14378 50.0
14378 3004 50.0
14465 14478 6.0
14478 14465 6.0
14466 14505 18.0
14505 14466 18.0
4041 14538 39.0
14538 4041 39.0
4041 14466 33.0
14466 4041 33.0
4041 14379 49.0
14379 4041 49.0
2304 14493 9.0
14493 2304 9.0
2304 14399 30.0
14399 2304 30.0
3446 14467 13.0
14467 3446 13.0
3446 14470 3.0
14470 3446 3.0
14467 14471 3.0
14471 14467 3.0
14468 14469 14.0
14469 14468 14.0
1934 14562 50.0
14562 1934 50.0
1934 14469 22.0
14469 1934 22.0
1934 14426 16.0
14426 1934 16.0
465 14568 51.0
14568 465 51.0
465 14413 19.0
14413 465 19.0
14470 14471 13.0
14471 14470 13.0
14470 14508 25.0
14508 14470 25.0
14471 14472 6.0
14472 14471 6.0
14471 14509 18.0
14509 14471 18.0
3551 14473 42.0
14473 3551 42.0
3551 14481 44.0
14481 3551 44.0
3551 14472 52.0
14472 3551 52.0
14473 14481 2.0
14481 14473 2.0
2435 14474 25.0
14474 2435 25.0
2435 14514 21.0
14514 2435 21.0
2435 14448 20.0
14448 2435 20.0
14474 14475 5.0
14475 14474 5.0
14474 14515 21.0
14515 14474 21.0
14476 14477 41.0
14477 14476 41.0
14477 14478 12.0
14478 14477 12.0
14477 14487 2.0
14487 14477 2.0
14478 14479 37.0
14479 14478 37.0
14478 14550 37.0
14550 14478 37.0
14479 14480 54.0
14480 14479 54.0
3237 3296 43.0
3296 3237 43.0
3237 14480 38.0
14480 3237 38.0
3237 14359 59.0
14359 3237 59.0
3626 14482 22.0
14482 3626 22.0
3626 14489 24.0
14489 3626 24.0
3626 14481 8.0
14481 3626 8.0
14482 14489 2.0
14489 14482 2.0
14483 14484 41.0
14484 14483 41.0
14483 14496 5.0
14496 14483 5.0
14484 14485 38.0
14485 14484 38.0
14485 14486 3.0
14486 14485 3.0
14486 14571 50.0
14571 14486 50.0
2932 14487 41.0
14487 2932 41.0
2932 14486 9.0
14486 2932 9.0
2932 14476 2.0
14476 2932 2.0
14487 14549 35.0
14549 14487 35.0
3296 14488 2.0
14488 3296 2.0
3296 14491 4.0
14491 3296 4.0
14488 14491 2.0
14491 14488 2.0
14489 14490 18.0
14490 14489 18.0
3701 14490 10.0
14490 3701 10.0
3701 14397 41.0
14397 3701 41.0
14491 14492 36.0
14492 14491 36.0
3371 14492 2.0
14492 3371 2.0
2248 14493 30.0
14493 2248 30.0
2248 2304 39.0
2304 2248 39.0
14493 14547 39.0
14547 14493 39.0
3789 14494 23.0
14494 3789 23.0
3789 14499 6.0
14499 3789 6.0
3789 14381 60.0
14381 3789 60.0
14494 14500 6.0
14500 14494 6.0
14495 14510 11.0
14510 14495 11.0
2725 14496 30.0
14496 2725 30.0
2725 14512 11.0
14512 2725 11.0
2725 14495 21.0
14495 2725 21.0
1296 14497 12.0
14497 1296 12.0
1296 14533 21.0
14533 1296 21.0
1296 14521 39.0
14521 1296 39.0
1296 1307 52.0
1307 1296 52.0
14497 14506 3.0
14506 14497 3.0
14498 14526 51.0
14526 14498 51.0
1742 14576 41.0
14576 1742 41.0
1742 14498 19.0
14498 1742 19.0
1742 14460 19.0
14460 1742 19.0
14499 14500 23.0
14500 14499 23.0
14499 14522 24.0
14522 14499 24.0
14500 14501 17.0
14501 14500 17.0
14500 14523 16.0
14523 14500 16.0
14501 14502 52.0
14502 14501 52.0
14502 14503 13.0
14503 14502 13.0
14502 14525 16.0
14525 14502 16.0
14503 14504 4.0
14504 14503 4.0
14504 14536 21.0
14536 14504 21.0
3969 14505 19.0
14505 3969 19.0
3969 14537 21.0
14537 3969 21.0
3969 14504 22.0
14504 3969 22.0
14506 14507 18.0
14507 14506 18.0
14506 14534 18.0
14534 14506 18.0
1427 14507 51.0
14507 1427 51.0
1427 1433 42.0
1433 1427 42.0
14508 14509 6.0
14509 14508 6.0
14509 14581 40.0
14581 14509 40.0
3477 14582 40.0
14582 3477 40.0
3477 14509 6.0
14509 3477 6.0
3477 14472 18.0
14472 3477 18.0
14510 14511 4.0
14511 14510 4.0
14511 14512 17.0
14512 14511 17.0
14511 14516 8.0
14516 14511 8.0
14512 14513 17.0
14513 14512 17.0
14512 14517 8.0
14517 14512 8.0
2776 14619 51.0
14619 2776 51.0
2776 14513 13.0
14513 2776 13.0
2776 14496 11.0
14496 2776 11.0
14514 14515 25.0
14515 14514 25.0
14514 14548 39.0
14548 14514 39.0
2490 14614 48.0
14614 2490 48.0
2490 14515 5.0
14515 2490 5.0
2490 14475 21.0
14475 2490 21.0
3689 14603 40.0
14603 3689 40.0
3689 14490 20.0
14490 3689 20.0
2685 14516 4.0
14516 2685 4.0
2685 14615 43.0
14615 2685 43.0
2685 14510 8.0
14510 2685 8.0
14516 14517 17.0
14517 14516 17.0
14516 14616 43.0
14616 14516 43.0
14517 14617 43.0
14617 14517 43.0
14518 14519 13.0
14519 14518 13.0
14518 14527 4.0
14527 14518 4.0
14519 14520 27.0
14520 14519 27.0
14519 14528 4.0
14528 14519 4.0
14520 14529 4.0
14529 14520 4.0
1193 14521 39.0
14521 1193 39.0
1193 14530 4.0
14530 1193 4.0
1193 14520 1.0
14520 1193 1.0
14521 14531 4.0
14531 14521 4.0
14522 14523 15.0
14523 14522 15.0
14523 14524 4.0
14524 14523 4.0
14523 14584 29.0
14584 14523 29.0
14524 14585 29.0
14585 14524 29.0
3845 14525 52.0
14525 3845 52.0
3845 14524 13.0
14524 3845 13.0
3845 14501 16.0
14501 3845 16.0
14525 14536 22.0
14536 14525 22.0
1593 14526 28.0
14526 1593 28.0
1593 14574 24.0
14574 1593 24.0
1593 14418 56.0
14418 1593 56.0
1593 14419 48.0
14419 1593 48.0
14526 14575 24.0
14575 14526 24.0
593 14556 11.0
14556 593 11.0
593 14456 39.0
14456 593 39.0
14527 14528 13.0
14528 14527 13.0
14528 14529 27.0
14529 14528 27.0
14529 14530 1.0
14530 14529 1.0
14529 14546 5.0
14546 14529 5.0
14530 14531 39.0
14531 14530 39.0
14531 14532 19.0
14532 14531 19.0
14532 14533 3.0
14533 14532 3.0
14532 14593 28.0
14593 14532 28.0
14533 14534 12.0
14534 14533 12.0
14534 14535 16.0
14535 14534 16.0
14534 14594 28.0
14594 14534 28.0
14535 14595 28.0
14595 14535 28.0
1342 14535 2.0
14535 1342 2.0
1342 14507 18.0
14507 1342 18.0
14536 14537 22.0
14537 14536 22.0
3994 14538 33.0
14538 3994 33.0
3994 14557 12.0
14557 3994 12.0
3994 14537 19.0
14537 3994 19.0
3994 14505 21.0
14505 3994 21.0
14538 14558 12.0
14558 14538 12.0
333 14564 15.0
14564 333 15.0
333 14563 21.0
14563 333 21.0
14539 14540 33.0
14540 14539 33.0
14539 14552 1.0
14552 14539 1.0
14540 14541 32.0
14541 14540 32.0
14540 14555 3.0
14555 14540 3.0
14541 14542 5.0
14542 14541 5.0
14541 14559 9.0
14559 14541 9.0
14542 14543 9.0
14543 14542 9.0
14542 14560 9.0
14560 14542 9.0
14543 14544 5.0
14544 14543 5.0
14543 14561 9.0
14561 14543 9.0
14544 14545 38.0
14545 14544 38.0
1120 14546 40.0
14546 1120 40.0
1120 14545 30.0
14545 1120 30.0
1120 14527 5.0
14527 1120 5.0
14547 14611 32.0
14611 14547 32.0
2339 14548 39.0
14548 2339 39.0
2339 14612 32.0
14612 2339 32.0
2339 14547 12.0
14547 2339 12.0
14549 14550 12.0
14550 14549 12.0
14549 14572 38.0
14572 14549 38.0
3088 14692 78.0
14692 3088 78.0
3088 14550 37.0
14550 3088 37.0
3088 14479 37.0
14479 3088 37.0
434 14567 11.0
14567 434 11.0
434 14437 52.0
14437 434 52.0
789 14551 23.0
14551 789 23.0
789 14553 10.0
14553 789 10.0
789 14438 51.0
14438 789 51.0
14551 14552 27.0
14552 14551 27.0
14551 14554 2.0
14554 14551 2.0
14553 14554 15.0
14554 14553 15.0
14554 14672 49.0
14672 14554 49.0
872 14555 33.0
14555 872 33.0
872 14554 27.0
14554 872 27.0
872 14552 2.0
14552 872 2.0
14555 14559 38.0
14559 14555 38.0
2049 14599 21.0
14599 2049 21.0
2049 14428 59.0
14428 2049 59.0
623 14556 20.0
14556 623 20.0
3363 14573 8.0
14573 3363 8.0
3363 14492 40.0
14492 3363 40.0
14557 14558 33.0
14558 14557 33.0
14557 14600 19.0
14600 14557 19.0
4048 4049 20.0
4049 4048 20.0
4048 14558 7.0
14558 4048 7.0
14559 14560 5.0
14560 14559 5.0
14560 14561 9.0
14561 14560 9.0
14561 14601 17.0
14601 14561 17.0
1083 14561 43.0
14561 1083 43.0
1083 14545 9.0
14545 1083 9.0
1908 14562 22.0
14562 1908 22.0
1908 14596 14.0
14596 1908 14.0
1908 14469 50.0
14469 1908 50.0
14562 14597 14.0
14597 14562 14.0
14563 14564 6.0
14564 14563 6.0
14563 14569 3.0
14569 14563 3.0
14564 14565 49.0
14565 14564 49.0
14564 14570 3.0
14570 14564 3.0
14565 14566 9.0
14566 14565 9.0
14566 14567 22.0
14567 14566 22.0
14566 14579 7.0
14579 14566 7.0
463 14568 2.0
14568 463 2.0
463 14567 20.0
14567 463 20.0
14568 14647 67.0
14647 14568 67.0
1190 14592 11.0
14592 1190 11.0
1190 14591 13.0
14591 1190 13.0
1190 14546 12.0
14546 1190 12.0
282 14569 36.0
14569 282 36.0
282 14563 39.0
14563 282 39.0
14569 14570 6.0
14570 14569 6.0
14569 14686 44.0
14686 14569 44.0
14570 14578 31.0
14578 14570 31.0
2913 14571 3.0
14571 2913 3.0
2913 14605 12.0
14605 2913 12.0
2913 14604 13.0
14604 2913 13.0
2913 14485 50.0
14485 2913 50.0
14571 14572 27.0
14572 14571 27.0
14571 14606 12.0
14606 14571 12.0
3293 14573 41.0
14573 3293 41.0
14574 14575 28.0
14575 14574 28.0
14574 14620 18.0
14620 14574 18.0
14575 14576 53.0
14576 14575 53.0
14576 14577 7.0
14577 14576 7.0
14576 14622 18.0
14622 14576 18.0
1760 14577 2.0
14577 1760 2.0
14578 14643 21.0
14643 14578 21.0
387 14579 9.0
14579 387 9.0
387 14645 21.0
14645 387 21.0
387 14578 22.0
14578 387 22.0
387 14565 7.0
14565 387 7.0
14580 14587 1.0
14587 14580 1.0
14580 14586 9.0
14586 14580 9.0
3463 14581 6.0
14581 3463 6.0
3463 14588 1.0
14588 3463 1.0
3463 14580 3.0
14580 3463 3.0
3463 14508 40.0
14508 3463 40.0
14581 14582 6.0
14582 14581 6.0
14581 14589 1.0
14589 14581 1.0
14582 14590 1.0
14590 14582 1.0
14583 14609 8.0
14609 14583 8.0
3805 14584 15.0
14584 3805 15.0
3805 14670 31.0
14670 3805 31.0
3805 14583 3.0
14583 3805 3.0
3805 14522 29.0
14522 3805 29.0
14584 14585 4.0
14585 14584 4.0
14584 14671 31.0
14671 14584 31.0
14586 14587 8.0
14587 14586 8.0
14586 14642 17.0
14642 14586 17.0
14587 14588 3.0
14588 14587 3.0
14587 14664 29.0
14664 14587 29.0
14588 14589 6.0
14589 14588 6.0
14588 14665 29.0
14665 14588 29.0
14589 14590 6.0
14590 14589 6.0
14589 14666 29.0
14666 14589 29.0
14590 14667 29.0
14667 14590 29.0
3486 14668 29.0
14668 3486 29.0
3486 14590 9.0
14590 3486 9.0
14591 14592 2.0
14592 14591 2.0
1256 14593 19.0
14593 1256 19.0
1256 14631 32.0
14631 1256 32.0
1256 14592 40.0
14592 1256 40.0
1256 14531 28.0
14531 1256 28.0
14593 14594 15.0
14594 14593 15.0
14593 14631 13.0
14631 14593 13.0
14594 14595 16.0
14595 14594 16.0
14594 14632 13.0
14632 14594 13.0
14596 14597 22.0
14597 14596 22.0
14596 14679 28.0
14679 14596 28.0
14597 14598 6.0
14598 14597 6.0
14597 14680 28.0
14680 14597 28.0
14598 14599 53.0
14599 14598 53.0
2084 14684 32.0
14684 2084 32.0
2084 14599 19.0
14599 2084 19.0
3934 14600 38.0
14600 3934 38.0
3934 14708 42.0
14708 3934 42.0
3934 14707 44.0
14707 3934 44.0
3934 14536 28.0
14536 3934 28.0
3640 14602 1.0
14602 3640 1.0
592 14703 39.0
14703 592 39.0
592 14648 29.0
14648 592 29.0
592 14556 22.0
14556 592 22.0
1001 14601 9.0
14601 1001 9.0
1001 14710 41.0
14710 1001 41.0
1001 14560 17.0
14560 1001 17.0
14602 14683 30.0
14683 14602 30.0
3683 14603 2.0
14603 3683 2.0
3683 14602 31.0
14602 3683 31.0
14603 14608 29.0
14608 14603 29.0
14604 14605 1.0
14605 14604 1.0
14605 14606 3.0
14606 14605 3.0
14605 14629 8.0
14629 14605 8.0
14606 14607 25.0
14607 14606 25.0
14606 14630 8.0
14630 14606 8.0
2960 14607 2.0
14607 2960 2.0
2960 14572 12.0
14572 2960 12.0
3747 14609 38.0
14609 3747 38.0
3747 14608 11.0
14608 3747 11.0
3747 14583 46.0
14583 3747 46.0
14609 14669 23.0
14669 14609 23.0
14610 14757 49.0
14757 14610 49.0
14610 14709 45.0
14709 14610 45.0
4049 14758 49.0
14758 4049 49.0
4049 14610 16.0
14610 4049 16.0
14611 14612 12.0
14612 14611 12.0
14611 14623 3.0
14623 14611 3.0
14612 14613 16.0
14613 14612 16.0
14612 14624 3.0
14624 14612 3.0
14613 14625 3.0
14625 14613 3.0
2403 14614 53.0
14614 2403 53.0
2403 14626 3.0
14626 2403 3.0
2403 14613 23.0
14613 2403 23.0
2403 14548 32.0
14548 2403 32.0
14614 14627 3.0
14627 14614 3.0
14615 14616 4.0
14616 14615 4.0
14615 14657 18.0
14657 14615 18.0
14615 14641 9.0
14641 14615 9.0
14616 14617 17.0
14617 14616 17.0
14616 14658 18.0
14658 14616 18.0
14617 14618 4.0
14618 14617 4.0
14617 14659 18.0
14659 14617 18.0
14618 14660 18.0
14660 14618 18.0
2760 14619 13.0
14619 2760 13.0
2760 14661 18.0
14661 2760 18.0
2760 14618 13.0
14618 2760 13.0
2760 14513 51.0
14513 2760 51.0
14619 14741 41.0
14741 14619 41.0
14620 14621 5.0
14621 14620 5.0
14620 14690 27.0
14690 14620 27.0
14620 14689 43.0
14689 14620 43.0
14621 14649 12.0
14649 14621 12.0
1647 14622 53.0
14622 1647 53.0
1647 14650 12.0
14650 1647 12.0
1647 14621 23.0
14621 1647 23.0
1647 14575 18.0
14575 1647 18.0
14622 14651 12.0
14651 14622 12.0
14623 14624 12.0
14624 14623 12.0
14623 14634 3.0
14634 14623 3.0
14624 14625 16.0
14625 14624 16.0
14624 14635 3.0
14635 14624 3.0
14625 14626 23.0
14626 14625 23.0
14625 14636 3.0
14636 14625 3.0
14626 14627 53.0
14627 14626 53.0
14626 14637 3.0
14637 14626 3.0
14627 14628 6.0
14628 14627 6.0
14628 14638 3.0
14638 14628 3.0
2504 14639 3.0
14639 2504 3.0
2504 14628 1.0
14628 2504 1.0
2911 14629 1.0
14629 2911 1.0
2911 14713 32.0
14713 2911 32.0
2911 14604 8.0
14604 2911 8.0
14629 14630 3.0
14630 14629 3.0
14629 14714 32.0
14714 14629 32.0
14630 14715 32.0
14715 14630 32.0
14631 14632 15.0
14632 14631 15.0
14632 14633 4.0
14633 14632 4.0
14632 14704 29.0
14704 14632 29.0
14633 14705 29.0
14705 14633 29.0
1338 14729 34.0
14729 1338 34.0
1338 14633 12.0
14633 1338 12.0
1338 14595 13.0
14595 1338 13.0
14634 14635 12.0
14635 14634 12.0
14635 14636 16.0
14636 14635 16.0
14636 14637 23.0
14637 14636 23.0
14637 14638 59.0
14638 14637 59.0
14638 14639 1.0
14639 14638 1.0
14638 14653 12.0
14653 14638 12.0
14639 14640 50.0
14640 14639 50.0
14639 14654 12.0
14654 14639 12.0
14640 14655 12.0
14655 14640 12.0
2604 14641 50.0
14641 2604 50.0
2604 14656 12.0
14656 2604 12.0
2604 14640 11.0
14640 2604 11.0
3385 14642 40.0
14642 3385 40.0
3385 14662 12.0
14662 3385 12.0
3385 14573 32.0
14573 3385 32.0
2260 14646 10.0
14646 2260 10.0
14643 14644 18.0
14644 14643 18.0
14644 14645 4.0
14645 14644 4.0
14644 14687 19.0
14687 14644 19.0
403 14688 19.0
14688 403 19.0
403 14645 9.0
14645 403 9.0
403 14579 21.0
14579 403 21.0
2320 14646 21.0
14646 2320 21.0
2320 14634 2.0
14634 2320 2.0
4139 14802 52.0
14802 4139 52.0
14647 14701 21.0
14701 14647 21.0
514 14648 40.0
14648 514 40.0
514 14702 21.0
14702 514 21.0
514 14647 2.0
14647 514 2.0
14649 14650 23.0
14650 14649 23.0
14649 14673 6.0
14673 14649 6.0
14650 14651 53.0
14651 14650 53.0
14650 14674 6.0
14674 14650 6.0
14651 14652 6.0
14652 14651 6.0
14652 14675 6.0
14675 14652 6.0
1757 14676 6.0
14676 1757 6.0
1757 14652 1.0
14652 1757 1.0
1757 14577 30.0
14577 1757 30.0
14653 14654 1.0
14654 14653 1.0
14654 14655 50.0
14655 14654 50.0
14654 14706 15.0
14706 14654 15.0
14655 14656 11.0
14656 14655 11.0
2680 14657 3.0
14657 2680 3.0
2680 14825 55.0
14825 2680 55.0
2680 14656 50.0
14656 2680 50.0
2680 14641 12.0
14641 2680 12.0
14657 14658 4.0
14658 14657 4.0
14657 14825 52.0
14825 14657 52.0
14658 14659 17.0
14659 14658 17.0
14658 14826 52.0
14826 14658 52.0
14659 14660 4.0
14660 14659 4.0
14659 14738 23.0
14738 14659 23.0
14660 14661 13.0
14661 14660 13.0
14660 14739 23.0
14739 14660 23.0
14661 14740 23.0
14740 14661 23.0
14662 14663 8.0
14663 14662 8.0
14662 14716 17.0
14716 14662 17.0
3441 14664 8.0
14664 3441 8.0
3441 14693 12.0
14693 3441 12.0
3441 14663 32.0
14663 3441 32.0
3441 14642 12.0
14642 3441 12.0
14664 14665 3.0
14665 14664 3.0
14664 14694 12.0
14694 14664 12.0
14665 14666 6.0
14666 14665 6.0
14665 14695 12.0
14695 14665 12.0
14666 14667 6.0
14667 14666 6.0
14666 14696 12.0
14696 14666 12.0
14667 14668 9.0
14668 14667 9.0
14667 14697 12.0
14697 14667 12.0
14668 14681 4.0
14681 14668 4.0
14669 14670 3.0
14670 14669 3.0
14670 14671 15.0
14671 14670 15.0
3825 14671 4.0
14671 3825 4.0
3825 14585 31.0
14585 3825 31.0
807 14672 15.0
14672 807 15.0
807 14776 46.0
14776 807 46.0
807 14553 49.0
14553 807 49.0
14672 14776 31.0
14776 14672 31.0
1187 14785 34.0
14785 1187 34.0
1187 14591 29.0
14591 1187 29.0
14673 14674 23.0
14674 14673 23.0
14673 14691 9.0
14691 14673 9.0
14674 14675 59.0
14675 14674 59.0
14674 14722 17.0
14722 14674 17.0
14675 14676 1.0
14676 14675 1.0
14675 14723 17.0
14723 14675 17.0
14676 14677 50.0
14677 14676 50.0
14676 14724 17.0
14724 14676 17.0
14677 14678 8.0
14678 14677 8.0
14678 14679 35.0
14679 14678 35.0
14678 14725 17.0
14725 14678 17.0
14679 14680 22.0
14680 14679 22.0
1947 14774 30.0
14774 1947 30.0
1947 14680 6.0
14680 1947 6.0
1947 14598 28.0
14598 1947 28.0
14681 14682 28.0
14682 14681 28.0
14681 14699 8.0
14699 14681 8.0
3605 14683 19.0
14683 3605 19.0
3605 14682 51.0
14682 3605 51.0
14684 14685 18.0
14685 14684 18.0
14684 14745 20.0
14745 14684 20.0
14685 14733 14.0
14733 14685 14.0
2156 14734 14.0
14734 2156 14.0
2156 14685 21.0
14685 2156 21.0
3732 14770 22.0
14770 3732 22.0
3732 14769 24.0
14769 3732 24.0
3732 14608 30.0
14608 3732 30.0
14686 14806 36.0
14806 14686 36.0
365 14687 18.0
14687 365 18.0
365 14845 51.0
14845 365 51.0
365 14686 33.0
14686 365 33.0
365 14643 19.0
14643 365 19.0
14687 14688 13.0
14688 14687 13.0
14688 14796 33.0
14796 14688 33.0
701 14749 19.0
14749 701 19.0
1529 14689 28.0
14689 1529 28.0
1529 14718 8.0
14718 1529 8.0
1529 14717 39.0
14717 1529 39.0
14689 14690 16.0
14690 14689 16.0
14689 14719 8.0
14719 14689 8.0
14690 14691 5.0
14691 14690 5.0
14690 14720 8.0
14720 14690 8.0
14691 14721 8.0
14721 14691 8.0
14692 14781 23.0
14781 14692 23.0
3164 14782 23.0
14782 3164 23.0
3164 14692 32.0
14692 3164 32.0
14693 14694 8.0
14694 14693 8.0
14693 14767 17.0
14767 14693 17.0
14694 14695 3.0
14695 14694 3.0
14694 14768 17.0
14768 14694 17.0
14695 14696 6.0
14696 14695 6.0
14695 14791 28.0
14791 14695 28.0
14696 14697 6.0
14697 14696 6.0
14696 14792 28.0
14792 14696 28.0
14697 14698 3.0
14698 14697 3.0
14697 14793 28.0
14793 14697 28.0
14698 14699 6.0
14699 14698 6.0
14698 14794 28.0
14794 14698 28.0
14699 14700 16.0
14700 14699 16.0
3530 14700 12.0
14700 3530 12.0
3530 14682 8.0
14682 3530 8.0
14701 14702 2.0
14702 14701 2.0
14701 14798 27.0
14798 14701 27.0
578 14703 11.0
14703 578 11.0
578 14761 14.0
14761 578 14.0
578 14702 40.0
14702 578 40.0
578 14648 21.0
14648 578 21.0
14703 14748 39.0
14748 14703 39.0
1288 14704 15.0
14704 1288 15.0
1288 14726 5.0
14726 1288 5.0
1288 14631 29.0
14631 1288 29.0
14704 14705 4.0
14705 14704 4.0
14704 14727 5.0
14727 14704 5.0
14705 14728 5.0
14728 14705 5.0
2500 14706 1.0
14706 2500 1.0
2500 14653 15.0
14653 2500 15.0
14706 14712 50.0
14712 14706 50.0
14707 14708 2.0
14708 14707 2.0
14708 14743 9.0
14743 14708 9.0
3990 14709 20.0
14709 3990 20.0
3990 14744 9.0
14744 3990 9.0
3990 14708 38.0
14708 3990 38.0
3990 14600 42.0
14600 3990 42.0
14710 14711 5.0
14711 14710 5.0
14710 14808 28.0
14808 14710 28.0
14710 14780 61.0
14780 14710 61.0
14711 14809 28.0
14809 14711 28.0
1011 14883 53.0
14883 1011 53.0
1011 14711 4.0
14711 1011 4.0
1011 14601 41.0
14601 1011 41.0
2580 14836 41.0
14836 2580 41.0
2580 14712 2.0
14712 2580 2.0
2580 14655 17.0
14655 2580 17.0
14713 14714 1.0
14714 14713 1.0
14713 14742 19.0
14742 14713 19.0
14714 14715 3.0
14715 14714 3.0
14714 14813 29.0
14813 14714 29.0
14715 14814 29.0
14814 14715 29.0
2956 14715 25.0
14715 2956 25.0
2956 14607 40.0
14607 2956 40.0
3324 14716 32.0
14716 3324 32.0
3324 14765 12.0
14765 3324 12.0
3324 14764 14.0
14764 3324 14.0
14716 14766 12.0
14766 14716 12.0
14717 14718 31.0
14718 14717 31.0
14718 14719 28.0
14719 14718 28.0
14718 14732 1.0
14732 14718 1.0
14719 14720 16.0
14720 14719 16.0
14719 14799 24.0
14799 14719 24.0
14720 14721 5.0
14721 14720 5.0
14720 14800 24.0
14800 14720 24.0
14721 14722 23.0
14722 14721 23.0
14721 14750 8.0
14750 14721 8.0
14722 14723 59.0
14723 14722 59.0
14722 14751 8.0
14751 14722 8.0
14723 14724 1.0
14724 14723 1.0
1839 14725 8.0
14725 1839 8.0
1839 14772 13.0
14772 1839 13.0
1839 14724 50.0
14724 1839 50.0
1839 14677 17.0
14677 1839 17.0
14725 14773 13.0
14773 14725 13.0
14726 14727 15.0
14727 14726 15.0
14726 14787 16.0
14787 14726 16.0
14727 14728 4.0
14728 14727 4.0
14727 14788 16.0
14788 14727 16.0
14728 14729 12.0
14729 14728 12.0
14729 14730 58.0
14730 14729 58.0
14730 14731 18.0
14731 14730 18.0
14730 14789 16.0
14789 14730 16.0
14731 14838 39.0
14838 14731 39.0
1479 14732 31.0
14732 1479 31.0
1479 14731 3.0
14731 1479 3.0
1479 14717 1.0
14717 1479 1.0
14732 14799 51.0
14799 14732 51.0
14733 14734 21.0
14734 14733 21.0
14734 14735 30.0
14735 14734 30.0
14734 14747 6.0
14747 14734 6.0
14735 14736 8.0
14736 14735 8.0
14736 14737 19.0
14737 14736 19.0
14736 14759 8.0
14759 14736 8.0
14737 14760 8.0
14760 14737 8.0
2282 14824 32.0
14824 2282 32.0
2282 14737 14.0
14737 2282 14.0
2282 14646 30.0
14646 2282 30.0
14738 14739 4.0
14739 14738 4.0
14738 14827 29.0
14827 14738 29.0
14739 14740 13.0
14740 14739 13.0
14739 14810 23.0
14810 14739 23.0
14740 14741 13.0
14741 14740 13.0
2807 14742 49.0
14742 2807 49.0
2807 14811 23.0
14811 2807 23.0
2807 14741 16.0
14741 2807 16.0
3635 14820 21.0
14820 3635 21.0
3635 14683 21.0
14683 3635 21.0
3932 14743 2.0
14743 3932 2.0
3932 14752 2.0
14752 3932 2.0
3932 14707 9.0
14707 3932 9.0
14743 14744 38.0
14744 14743 38.0
14743 14753 2.0
14753 14743 2.0
14744 14755 2.0
14755 14744 2.0
14745 14746 17.0
14746 14745 17.0
14745 14775 29.0
14775 14745 29.0
14746 14777 8.0
14777 14746 8.0
2118 14747 21.0
14747 2118 21.0
2118 14746 1.0
14746 2118 1.0
2118 14733 6.0
14733 2118 6.0
14748 14762 2.0
14762 14748 2.0
637 14749 40.0
14749 637 40.0
637 14763 2.0
14763 637 2.0
637 14748 2.0
14748 637 2.0
14750 14751 23.0
14751 14750 23.0
1755 14751 59.0
14751 1755 59.0
1755 14723 8.0
14723 1755 8.0
14752 14753 2.0
14753 14752 2.0
14752 14864 36.0
14864 14752 36.0
14753 14754 6.0
14754 14753 6.0
14754 14755 32.0
14755 14754 32.0
14755 14756 8.0
14756 14755 8.0
14755 14876 38.0
14876 14755 38.0
4015 14757 7.0
14757 4015 7.0
4015 14839 32.0
14839 4015 32.0
4015 14756 12.0
14756 4015 12.0
4015 14709 11.0
14709 4015 11.0
14757 14758 16.0
14758 14757 16.0
14757 14840 32.0
14840 14757 32.0
14758 14841 32.0
14841 14758 32.0
2200 14759 8.0
14759 2200 8.0
2200 2218 59.0
2218 2200 59.0
2200 14747 32.0
14747 2200 32.0
2200 14735 8.0
14735 2200 8.0
14759 14760 19.0
14760 14759 19.0
14760 14823 24.0
14823 14760 24.0
14761 14762 38.0
14762 14761 38.0
14761 14805 18.0
14805 14761 18.0
14762 14763 2.0
14763 14762 2.0
14762 14877 37.0
14877 14762 37.0
698 14763 40.0
14763 698 40.0
698 14749 2.0
14749 698 2.0
14764 14765 2.0
14765 14764 2.0
14764 14819 17.0
14819 14764 17.0
14764 14784 35.0
14784 14764 35.0
14765 14766 32.0
14766 14765 32.0
3399 14767 32.0
14767 3399 32.0
3399 14766 8.0
14766 3399 8.0
3399 14663 29.0
14663 3399 29.0
14767 14768 8.0
14768 14767 8.0
14769 14770 2.0
14770 14769 2.0
14770 14771 48.0
14771 14770 48.0
14770 14790 8.0
14790 14770 8.0
3798 14852 31.0
14852 3798 31.0
3798 14771 1.0
14771 3798 1.0
3798 14669 29.0
14669 3798 29.0
14772 14773 8.0
14773 14772 8.0
14772 14847 28.0
14847 14772 28.0
14773 14774 63.0
14774 14773 63.0
1968 14775 40.0
14775 1968 40.0
1968 2039 42.0
2039 1968 42.0
1968 14774 9.0
14774 1968 9.0
841 14778 2.0
14778 841 2.0
841 14776 4.0
14776 841 4.0
2039 14777 40.0
14777 2039 40.0
2039 14775 2.0
14775 2039 2.0
14778 14779 18.0
14779 14778 18.0
14778 14891 39.0
14891 14778 39.0
904 14780 10.0
14780 904 10.0
904 14807 10.0
14807 904 10.0
904 14779 22.0
14779 904 22.0
14781 14782 32.0
14782 14781 32.0
14782 14783 28.0
14783 14782 28.0
14782 14795 6.0
14795 14782 6.0
14783 14815 11.0
14815 14783 11.0
3240 14784 20.0
14784 3240 20.0
3240 14817 11.0
14817 3240 11.0
3240 14783 21.0
14783 3240 21.0
14785 14786 39.0
14786 14785 39.0
14785 14821 16.0
14821 14785 16.0
14786 14787 22.0
14787 14786 22.0
14786 14822 16.0
14822 14786 16.0
14787 14788 15.0
14788 14787 15.0
1312 14789 70.0
14789 1312 70.0
1312 14834 18.0
14834 1312 18.0
1312 14788 4.0
14788 1312 4.0
1312 14728 16.0
14728 1312 16.0
3727 14790 2.0
14790 3727 2.0
3727 14769 8.0
14769 3727 8.0
14790 14848 23.0
14848 14790 23.0
3452 14791 3.0
14791 3452 3.0
3452 14855 25.0
14855 3452 25.0
3452 14767 19.0
14767 3452 19.0
3452 14768 11.0
14768 3452 11.0
14791 14792 6.0
14792 14791 6.0
14791 14855 22.0
14855 14791 22.0
14792 14793 6.0
14793 14792 6.0
14792 14856 22.0
14856 14792 22.0
14793 14794 3.0
14794 14793 3.0
14793 14857 22.0
14857 14793 22.0
14794 14858 22.0
14858 14794 22.0
3119 14795 32.0
14795 3119 32.0
3119 14928 53.0
14928 3119 53.0
3119 14927 56.0
14927 3119 56.0
3119 14781 6.0
14781 3119 6.0
14795 14815 33.0
14815 14795 33.0
14796 14797 37.0
14797 14796 37.0
14796 14846 18.0
14846 14796 18.0
14797 14803 2.0
14803 14797 2.0
458 14798 40.0
14798 458 40.0
458 14804 2.0
14804 458 2.0
458 14797 2.0
14797 458 2.0
14799 14800 16.0
14800 14799 16.0
1603 14889 30.0
14889 1603 30.0
1603 14800 5.0
14800 1603 5.0
1603 14750 16.0
14750 1603 16.0
14801 14802 15.0
14802 14801 15.0
14801 14854 18.0
14854 14801 18.0
14801 14842 35.0
14842 14801 35.0
4152 14802 18.0
14802 4152 18.0
14803 14804 2.0
14804 14803 2.0
510 14805 39.0
14805 510 39.0
510 14804 40.0
14804 510 40.0
510 14798 2.0
14798 510 2.0
261 14806 59.0
14806 261 59.0
261 14829 9.0
14829 261 9.0
261 14828 11.0
14828 261 11.0
14806 14843 15.0
14843 14806 15.0
14807 14893 29.0
14893 14807 29.0
924 14808 43.0
14808 924 43.0
924 14894 29.0
14894 924 29.0
924 14807 10.0
14807 924 10.0
924 14780 10.0
14780 924 10.0
14808 14809 5.0
14809 14808 5.0
14808 14881 25.0
14881 14808 25.0
14809 14882 25.0
14882 14809 25.0
14810 14811 42.0
14811 14810 42.0
14811 14812 8.0
14812 14811 8.0
2884 14813 14.0
14813 2884 14.0
2884 14868 18.0
14868 2884 18.0
2884 14812 41.0
14812 2884 41.0
2884 14742 23.0
14742 2884 23.0
14813 14814 3.0
14814 14813 3.0
14813 14985 63.0
14985 14813 63.0
14814 14986 63.0
14986 14814 63.0
14815 14816 18.0
14816 14815 18.0
14816 14817 3.0
14817 14816 3.0
14816 14835 8.0
14835 14816 8.0
14817 14818 8.0
14818 14817 8.0
3274 14819 29.0
14819 3274 29.0
3274 14897 29.0
14897 3274 29.0
3274 14818 12.0
14818 3274 12.0
3274 14784 11.0
14784 3274 11.0
3632 14820 1.0
14820 3632 1.0
1167 14821 12.0
14821 1167 12.0
1167 14831 2.0
14831 1167 2.0
1167 14830 3.0
14830 1167 3.0
1167 14785 28.0
14785 1167 28.0
14821 14822 39.0
14822 14821 39.0
14821 14832 2.0
14832 14821 2.0
14823 14824 14.0
14824 14823 14.0
14823 14904 27.0
14904 14823 27.0
2367 14890 21.0
14890 2367 21.0
2367 14824 49.0
14824 2367 49.0
2367 14636 64.0
14636 2367 64.0
14825 14826 4.0
14826 14825 4.0
14826 14827 17.0
14827 14826 17.0
14826 14865 12.0
14865 14826 12.0
2735 14866 12.0
14866 2735 12.0
2735 14827 4.0
14827 2735 4.0
2735 14810 6.0
14810 2735 6.0
229 14828 39.0
14828 229 39.0
14828 14829 2.0
14829 14828 2.0
14829 14878 14.0
14878 14829 14.0
14830 14831 1.0
14831 14830 1.0
14830 14884 16.0
14884 14830 16.0
14831 14832 12.0
14832 14831 12.0
14832 14833 16.0
14833 14832 16.0
1250 14834 41.0
14834 1250 41.0
1250 14833 23.0
14833 1250 23.0
1250 14822 2.0
14822 1250 2.0
14834 14837 41.0
14837 14834 41.0
3216 14835 18.0
14835 3216 18.0
3216 14895 21.0
14895 3216 21.0
3216 14815 8.0
14815 3216 8.0
14835 14896 21.0
14896 14835 21.0
2577 14836 2.0
14836 2577 2.0
2577 14905 21.0
14905 2577 21.0
2577 14712 41.0
14712 2577 41.0
14836 14885 13.0
14885 14836 13.0
1440 14838 18.0
14838 1440 18.0
1440 14837 34.0
14837 1440 34.0
1440 14789 23.0
14789 1440 23.0
14839 14840 7.0
14840 14839 7.0
14839 14902 18.0
14902 14839 18.0
14840 14841 16.0
14841 14840 16.0
14840 14903 18.0
14903 14840 18.0
4051 14842 40.0
14842 4051 40.0
4051 14853 2.0
14853 4051 2.0
4051 14841 6.0
14841 4051 6.0
14843 14844 19.0
14844 14843 19.0
14844 14845 14.0
14845 14844 14.0
14844 14879 8.0
14879 14844 8.0
386 14846 13.0
14846 386 13.0
386 14909 23.0
14909 386 23.0
386 14845 18.0
14845 386 18.0
386 14687 51.0
14687 386 51.0
14846 14910 23.0
14910 14846 23.0
14847 14917 32.0
14917 14847 32.0
1857 14950 39.0
14950 1857 39.0
1857 14847 8.0
14847 1857 8.0
1857 14773 28.0
14773 1857 28.0
14848 14849 6.0
14849 14848 6.0
14849 14850 18.0
14850 14849 18.0
14850 14851 16.0
14851 14850 16.0
14850 14859 2.0
14859 14850 2.0
14851 14860 2.0
14860 14851 2.0
3797 14852 1.0
14852 3797 1.0
3797 14861 2.0
14861 3797 2.0
3797 14851 8.0
14851 3797 8.0
3797 14771 31.0
14771 3797 31.0
14852 14862 2.0
14862 14852 2.0
14853 14941 37.0
14941 14853 37.0
4102 14854 19.0
14854 4102 19.0
4102 14853 40.0
14853 4102 40.0
4102 14842 2.0
14842 4102 2.0
14855 14856 6.0
14856 14855 6.0
14856 14857 6.0
14857 14856 6.0
14857 14858 3.0
14858 14857 3.0
14857 14887 9.0
14887 14857 9.0
14858 14888 9.0
14888 14858 9.0
3510 14858 22.0
14858 3510 22.0
3510 14700 50.0
14700 3510 50.0
14859 14860 16.0
14860 14859 16.0
14859 14869 2.0
14869 14859 2.0
14860 14861 8.0
14861 14860 8.0
14860 14870 2.0
14870 14860 2.0
14861 14862 1.0
14862 14861 1.0
14861 14871 2.0
14871 14861 2.0
14862 14863 47.0
14863 14862 47.0
14863 14872 2.0
14872 14863 2.0
3872 14864 43.0
14864 3872 43.0
3872 14873 2.0
14873 3872 2.0
3872 14863 12.0
14863 3872 12.0
14864 14875 2.0
14875 14864 2.0
14865 14866 21.0
14866 14865 21.0
14866 14867 28.0
14867 14866 28.0
2824 14868 41.0
14868 2824 41.0
2824 14965 39.0
14965 2824 39.0
2824 14867 22.0
14867 2824 22.0
2824 14812 18.0
14812 2824 18.0
14868 14985 59.0
14985 14868 59.0
14869 14870 16.0
14870 14869 16.0
14869 14918 24.0
14918 14869 24.0
14870 14871 8.0
14871 14870 8.0
14870 14919 24.0
14919 14870 24.0
14871 14872 48.0
14872 14871 48.0
14871 14920 24.0
14920 14871 24.0
14872 14873 12.0
14873 14872 12.0
14873 14874 28.0
14874 14873 28.0
14873 15004 58.0
15004 14873 58.0
14874 14875 15.0
14875 14874 15.0
3944 14876 32.0
14876 3944 32.0
3944 14901 44.0
14901 3944 44.0
3944 14875 8.0
14875 3944 8.0
3944 14754 38.0
14754 3944 38.0
14876 14901 12.0
14901 14876 12.0
572 14877 41.0
14877 572 41.0
572 14880 2.0
14880 572 2.0
572 14805 22.0
14805 572 22.0
2116 14933 30.0
14933 2116 30.0
2116 14777 32.0
14777 2116 32.0
14878 14932 28.0
14932 14878 28.0
327 14879 19.0
14879 327 19.0
327 14907 15.0
14907 327 15.0
327 14878 59.0
14878 327 59.0
327 14843 8.0
14843 327 8.0
14879 14908 15.0
14908 14879 15.0
14880 14969 38.0
14969 14880 38.0
633 14880 41.0
14880 633 41.0
633 14877 2.0
14877 633 2.0
14881 14882 5.0
14882 14881 5.0
14881 14938 28.0
14938 14881 28.0
14882 14883 4.0
14883 14882 4.0
1087 14884 50.0
14884 1087 50.0
1087 14883 48.0
14883 1087 48.0
14885 14886 27.0
14886 14885 27.0
14885 14906 8.0
14906 14885 8.0
2693 14886 41.0
14886 2693 41.0
2693 14865 7.0
14865 2693 7.0
3469 14887 6.0
14887 3469 6.0
3469 14956 29.0
14956 3469 29.0
3469 14856 9.0
14856 3469 9.0
14887 14888 3.0
14888 14887 3.0
14887 14962 31.0
14962 14887 31.0
1164 14997 69.0
14997 1164 69.0
1164 14884 2.0
14884 1164 2.0
1570 14889 21.0
14889 1570 21.0
1570 14913 15.0
14913 1570 15.0
1570 14912 27.0
14912 1570 27.0
1570 14799 30.0
14799 1570 30.0
14889 14914 15.0
14914 14889 15.0
14890 14955 50.0
14955 14890 50.0
2398 14959 29.0
14959 2398 29.0
2398 14890 19.0
14890 2398 19.0
14891 14892 15.0
14892 14891 15.0
14892 14925 19.0
14925 14892 19.0
863 14893 22.0
14893 863 22.0
863 14926 19.0
14926 863 19.0
863 14892 3.0
14892 863 3.0
863 14779 39.0
14779 863 39.0
14893 14894 10.0
14894 14893 10.0
14893 14935 24.0
14935 14893 24.0
14894 14936 24.0
14936 14894 24.0
14895 14896 18.0
14896 14895 18.0
14895 14930 19.0
14930 14895 19.0
14896 14898 2.0
14898 14896 2.0
3256 14897 12.0
14897 3256 12.0
3256 14899 2.0
14899 3256 2.0
3256 14896 11.0
14896 3256 11.0
3256 14818 29.0
14818 3256 29.0
14897 14900 2.0
14900 14897 2.0
14898 14899 11.0
14899 14898 11.0
14898 14931 17.0
14931 14898 17.0
14899 14900 12.0
14900 14899 12.0
3321 3350 40.0
3350 3321 40.0
3321 14900 29.0
14900 3321 29.0
3321 14819 31.0
14819 3321 31.0
4002 14902 12.0
14902 4002 12.0
4002 14940 33.0
14940 4002 33.0
4002 14901 8.0
14901 4002 8.0
4002 14756 50.0
14756 4002 50.0
14902 14903 7.0
14903 14902 7.0
14902 14940 21.0
14940 14902 21.0
2218 14904 19.0
14904 2218 19.0
2218 14954 21.0
14954 2218 21.0
2218 14759 51.0
14759 2218 51.0
14905 14906 2.0
14906 14905 2.0
14905 15015 47.0
15015 14905 47.0
14906 15016 47.0
15016 14906 47.0
2629 15056 70.0
15056 2629 70.0
2629 14906 27.0
14906 2629 27.0
2629 14886 8.0
14886 2629 8.0
14907 14908 19.0
14908 14907 19.0
14907 14946 16.0
14946 14907 16.0
14908 14909 32.0
14909 14908 32.0
14908 14922 8.0
14922 14908 8.0
14909 14910 13.0
14910 14909 13.0
14909 14924 8.0
14924 14909 8.0
14910 14911 6.0
14911 14910 6.0
455 14911 31.0
14911 455 31.0
455 14803 39.0
14803 455 39.0
3651 14820 48.0
14820 3651 48.0
14912 14913 12.0
14913 14912 12.0
14912 14921 2.0
14921 14912 2.0
14913 14914 21.0
14914 14913 21.0
14913 14996 25.0
14996 14913 25.0
14914 14915 37.0
14915 14914 37.0
14915 14916 29.0
14916 14915 29.0
14916 14948 11.0
14948 14916 11.0
1771 14917 40.0
14917 1771 40.0
1771 14949 11.0
14949 1771 11.0
1771 14916 23.0
14916 1771 23.0
3741 14918 18.0
14918 3741 18.0
3741 15031 51.0
15031 3741 51.0
3741 14848 34.0
14848 3741 34.0
3741 14849 28.0
14849 3741 28.0
14918 14919 16.0
14919 14918 16.0
14919 14920 8.0
14920 14919 8.0
14919 15001 34.0
15001 14919 34.0
14920 15002 34.0
15002 14920 34.0
1472 14921 50.0
14921 1472 50.0
1472 14994 23.0
14994 1472 23.0
1472 14838 31.0
14838 1472 31.0
14922 14923 29.0
14923 14922 29.0
14923 14924 3.0
14924 14923 3.0
14923 14947 8.0
14947 14923 8.0
408 15024 40.0
15024 408 40.0
408 14924 19.0
14924 408 19.0
408 14911 8.0
14911 408 8.0
795 14925 38.0
14925 795 38.0
795 14971 13.0
14971 795 13.0
795 14970 35.0
14970 795 35.0
795 14891 42.0
14891 795 42.0
14925 14926 3.0
14926 14925 3.0
14925 14972 13.0
14972 14925 13.0
14926 14934 5.0
14934 14926 5.0
14927 14928 3.0
14928 14927 3.0
14927 14957 7.0
14957 14927 7.0
14928 14929 57.0
14929 14928 57.0
14929 14966 11.0
14966 14929 11.0
3214 14930 2.0
14930 3214 2.0
3214 14967 11.0
14967 3214 11.0
3214 14929 1.0
14929 3214 1.0
3214 14895 21.0
14895 3214 21.0
14930 14931 18.0
14931 14930 18.0
14930 14968 11.0
14968 14930 11.0
259 14932 2.0
14932 259 2.0
259 14942 3.0
14942 259 3.0
259 14828 42.0
14828 259 42.0
14932 14943 3.0
14943 14932 3.0
2112 14933 2.0
14933 2112 2.0
2112 14982 11.0
14982 2112 11.0
2112 2116 32.0
2116 2112 32.0
14933 14951 4.0
14951 14933 4.0
14934 14935 22.0
14935 14934 22.0
14934 14973 8.0
14973 14934 8.0
14935 14936 10.0
14936 14935 10.0
14935 14974 8.0
14974 14935 8.0
14936 14937 7.0
14937 14936 7.0
14937 14938 36.0
14938 14937 36.0
14938 14939 1.0
14939 14938 1.0
14938 14976 8.0
14976 14938 8.0
14939 14977 8.0
14977 14939 8.0
1007 14939 4.0
14939 1007 4.0
1007 14882 28.0
14882 1007 28.0
3350 3406 32.0
3406 3350 32.0
4029 14941 22.0
14941 4029 22.0
4029 14940 7.0
14940 4029 7.0
4029 14903 21.0
14903 4029 21.0
14941 14963 31.0
14963 14941 31.0
14942 14943 2.0
14943 14942 2.0
14942 14978 10.0
14978 14942 10.0
14943 14944 17.0
14944 14943 17.0
14943 14978 8.0
14978 14943 8.0
14944 14945 38.0
14945 14944 38.0
14945 14946 4.0
14946 14945 4.0
14945 14979 8.0
14979 14945 8.0
349 14947 29.0
14947 349 29.0
349 14980 8.0
14980 349 8.0
349 14946 19.0
14946 349 19.0
349 14922 8.0
14922 349 8.0
14948 14949 23.0
14949 14948 23.0
14948 15014 27.0
15014 14948 27.0
1834 14950 12.0
14950 1834 12.0
1834 14989 13.0
14989 1834 13.0
1834 14949 40.0
14949 1834 40.0
1834 14917 11.0
14917 1834 11.0
14950 14990 13.0
14990 14950 13.0
14951 14952 8.0
14952 14951 8.0
14951 14983 7.0
14983 14951 7.0
14952 14953 48.0
14953 14952 48.0
14953 14954 4.0
14954 14953 4.0
14953 14984 7.0
14984 14953 7.0
2252 14955 40.0
14955 2252 40.0
2252 14958 2.0
14958 2252 2.0
2252 14954 19.0
14954 2252 19.0
2252 14904 21.0
14904 2252 21.0
3406 14956 42.0
14956 3406 42.0
3406 14960 30.0
14960 3406 30.0
14956 14961 2.0
14961 14956 2.0
3072 14957 20.0
14957 3072 20.0
3072 14988 8.0
14988 3072 8.0
14958 15131 68.0
15131 14958 68.0
2326 14959 42.0
14959 2326 42.0
2326 14958 40.0
14958 2326 40.0
2326 14955 2.0
14955 2326 2.0
14960 14961 14.0
14961 14960 14.0
14960 15037 42.0
15037 14960 42.0
14961 14962 6.0
14962 14961 6.0
3479 15038 42.0
15038 3479 42.0
3479 14962 3.0
14962 3479 3.0
3479 14888 31.0
14888 3479 31.0
14963 14964 20.0
14964 14963 20.0
14964 15025 29.0
15025 14964 29.0
4122 14964 12.0
14964 4122 12.0
4122 14854 41.0
14854 4122 41.0
2778 14965 22.0
14965 2778 22.0
2778 14867 39.0
14867 2778 39.0
14965 15017 24.0
15017 14965 24.0
14966 14967 1.0
14967 14966 1.0
14966 14993 7.0
14993 14966 7.0
14967 14968 2.0
14968 14967 2.0
3239 15028 30.0
15028 3239 30.0
3239 14968 18.0
14968 3239 18.0
3239 14931 11.0
14931 3239 11.0
570 14969 1.0
14969 570 1.0
14970 14971 22.0
14971 14970 22.0
14970 15020 24.0
15020 14970 24.0
14971 14972 38.0
14972 14971 38.0
14971 15049 39.0
15049 14971 39.0
14972 14973 3.0
14973 14972 3.0
14973 14974 22.0
14974 14973 22.0
14973 15050 39.0
15050 14973 39.0
14974 14975 5.0
14975 14974 5.0
14974 15051 39.0
15051 14974 39.0
14975 15052 39.0
15052 14975 39.0
936 14976 36.0
14976 936 36.0
936 15066 50.0
15066 936 50.0
936 14975 12.0
14975 936 12.0
936 14937 8.0
14937 936 8.0
14976 14977 1.0
14977 14976 1.0
14976 15094 54.0
15094 14976 54.0
14977 15095 54.0
15095 14977 54.0
277 14979 38.0
14979 277 38.0
277 14978 17.0
14978 277 17.0
277 14944 8.0
14944 277 8.0
14979 14980 23.0
14980 14979 23.0
14979 15021 24.0
15021 14979 24.0
14980 15022 24.0
15022 14980 24.0
14981 14982 13.0
14982 14981 13.0
14981 15053 38.0
15053 14981 38.0
14981 15000 46.0
15000 14981 46.0
14982 14983 2.0
14983 14982 2.0
2134 14984 48.0
14984 2134 48.0
2134 15068 49.0
15068 2134 49.0
2134 14983 8.0
14983 2134 8.0
2134 14952 7.0
14952 2134 7.0
14985 14986 3.0
14986 14985 3.0
14986 14987 29.0
14987 14986 29.0
14987 15019 18.0
15019 14987 18.0
2986 14988 51.0
14988 2986 51.0
2986 15091 50.0
15091 2986 50.0
2986 14987 12.0
14987 2986 12.0
14988 14992 11.0
14992 14988 11.0
14989 14990 12.0
14990 14989 12.0
14989 15118 50.0
15118 14989 50.0
14990 14991 26.0
14991 14990 26.0
14991 14998 2.0
14998 14991 2.0
1925 14999 2.0
14999 1925 2.0
1925 14991 22.0
14991 1925 22.0
14992 15026 23.0
15026 14992 23.0
3112 14993 60.0
14993 3112 60.0
3112 15027 23.0
15027 3112 23.0
3112 14992 12.0
14992 3112 12.0
3112 14957 11.0
14957 3112 11.0
14994 14995 7.0
14995 14994 7.0
14994 15029 25.0
15029 14994 25.0
14995 15080 44.0
15080 14995 44.0
1552 14996 12.0
14996 1552 12.0
1552 15011 13.0
15011 1552 13.0
1552 14995 43.0
14995 1552 43.0
1552 14921 23.0
14921 1552 23.0
14996 15012 13.0
15012 14996 13.0
1216 14997 2.0
14997 1216 2.0
1216 14833 60.0
14833 1216 60.0
14998 14999 22.0
14999 14998 22.0
1999 15000 9.0
15000 1999 9.0
1999 2011 40.0
2011 1999 40.0
1999 14999 41.0
14999 1999 41.0
582 672 73.0
672 582 73.0
582 14969 19.0
14969 582 19.0
15001 15002 8.0
15002 15001 8.0
15001 15033 17.0
15033 15001 17.0
15002 15003 15.0
15003 15002 15.0
15002 15034 17.0
15034 15002 17.0
15003 15005 2.0
15005 15003 2.0
3856 15004 12.0
15004 3856 12.0
3856 15006 2.0
15006 3856 2.0
3856 15003 33.0
15003 3856 33.0
3856 14872 58.0
14872 3856 58.0
15004 15007 2.0
15007 15004 2.0
15005 15006 33.0
15006 15005 33.0
15005 15035 15.0
15035 15005 15.0
15006 15007 12.0
15007 15006 12.0
15006 15043 19.0
15043 15006 19.0
15007 15008 7.0
15008 15007 7.0
15008 15009 7.0
15009 15008 7.0
15009 15010 10.0
15010 15009 10.0
15009 15045 19.0
15045 15009 19.0
15010 15046 19.0
15046 15010 19.0
3914 15010 4.0
15010 3914 4.0
3914 14874 60.0
14874 3914 60.0
15011 15012 12.0
15012 15011 12.0
15011 15081 31.0
15081 15011 31.0
15012 15013 5.0
15013 15012 5.0
15012 15082 31.0
15082 15012 31.0
15013 15083 31.0
15083 15013 31.0
1673 15014 29.0
15014 1673 29.0
1673 15084 31.0
15084 1673 31.0
1673 15013 53.0
15013 1673 53.0
1673 14915 38.0
14915 1673 38.0
2470 15015 64.0
15015 2470 64.0
2470 15054 87.0
15054 2470 87.0
2470 14959 72.0
14959 2470 72.0
15015 15016 2.0
15016 15015 2.0
15015 15054 23.0
15054 15015 23.0
15016 15055 23.0
15055 15016 23.0
15017 15018 16.0
15018 15017 16.0
15017 15122 43.0
15122 15017 43.0
15018 15088 32.0
15088 15018 32.0
2919 15019 29.0
15019 2919 29.0
2919 15090 32.0
15090 2919 32.0
2919 15018 42.0
15018 2919 42.0
2919 14986 18.0
14986 2919 18.0
672 15020 61.0
15020 672 61.0
15021 15022 23.0
15022 15021 23.0
15021 15058 23.0
15058 15021 23.0
15022 15023 5.0
15023 15022 5.0
15022 15059 23.0
15059 15022 23.0
15023 15060 23.0
15060 15023 23.0
384 15024 22.0
15024 384 22.0
384 15061 23.0
15061 384 23.0
384 15023 24.0
15023 384 24.0
384 14947 32.0
14947 384 32.0
15024 15062 23.0
15062 15024 23.0
4081 15025 20.0
15025 4081 20.0
4081 15036 30.0
15036 4081 30.0
4081 14963 29.0
14963 4081 29.0
15026 15027 12.0
15027 15026 12.0
15027 15057 17.0
15057 15027 17.0
3211 15028 21.0
15028 3211 21.0
3211 15073 21.0
15073 3211 21.0
3211 15027 60.0
15027 3211 60.0
3211 14993 23.0
14993 3211 23.0
15028 15074 21.0
15074 15028 21.0
1386 15029 52.0
15029 1386 52.0
1386 15103 23.0
15103 1386 23.0
1386 15102 28.0
15102 1386 28.0
1386 14837 79.0
14837 1386 79.0
15029 15079 19.0
15079 15029 19.0
15030 15031 26.0
15031 15030 26.0
15030 15124 29.0
15124 15030 29.0
15030 15078 24.0
15078 15030 24.0
15031 15032 16.0
15032 15031 16.0
15031 15125 29.0
15125 15031 29.0
15032 15126 29.0
15126 15032 29.0
3765 15033 16.0
15033 3765 16.0
3765 15039 4.0
15039 3765 4.0
3765 15032 2.0
15032 3765 2.0
3765 14918 51.0
14918 3765 51.0
15033 15034 8.0
15034 15033 8.0
15033 15040 4.0
15040 15033 4.0
15034 15035 15.0
15035 15034 15.0
15034 15041 4.0
15041 15034 4.0
15035 15042 4.0
15042 15035 4.0
767 15047 3.0
15047 767 3.0
767 15020 12.0
15020 767 12.0
4111 15036 1.0
15036 4111 1.0
4111 15025 11.0
15025 4111 11.0
15037 15038 23.0
15038 15037 23.0
15037 15075 12.0
15075 15037 12.0
3535 15076 12.0
15076 3535 12.0
3535 15038 38.0
15038 3535 38.0
15039 15040 16.0
15040 15039 16.0
15039 15127 25.0
15127 15039 25.0
15040 15041 8.0
15041 15040 8.0
15040 15136 28.0
15136 15040 28.0
15041 15042 15.0
15042 15041 15.0
15041 15137 28.0
15137 15041 28.0
15042 15043 33.0
15043 15042 33.0
15043 15044 17.0
15044 15043 17.0
15044 15139 28.0
15139 15044 28.0
3877 15045 7.0
15045 3877 7.0
3877 15140 28.0
15140 3877 28.0
3877 15044 2.0
15044 3877 2.0
3877 15008 19.0
15008 3877 19.0
15045 15046 10.0
15046 15045 10.0
15045 15143 32.0
15143 15045 32.0
15046 15144 32.0
15144 15046 32.0
15047 15048 18.0
15048 15047 18.0
15047 15172 39.0
15172 15047 39.0
15048 15049 4.0
15049 15048 4.0
859 15050 3.0
15050 859 3.0
859 15063 11.0
15063 859 11.0
859 15049 38.0
15049 859 38.0
859 14972 39.0
14972 859 39.0
15050 15051 22.0
15051 15050 22.0
15050 15064 11.0
15064 15050 11.0
15051 15052 5.0
15052 15051 5.0
15051 15065 11.0
15065 15051 11.0
2011 15053 39.0
15053 2011 39.0
2011 15067 18.0
15067 2011 18.0
2011 15000 31.0
15000 2011 31.0
15054 15055 2.0
15055 15054 2.0
2590 15056 23.0
15056 2590 23.0
2590 15132 45.0
15132 2590 45.0
2590 15055 4.0
15055 2590 4.0
15056 15132 22.0
15132 15056 22.0
3091 15057 12.0
15057 3091 12.0
3091 15070 4.0
15070 3091 4.0
3091 15069 25.0
15069 3091 25.0
3091 15026 17.0
15026 3091 17.0
15057 15071 4.0
15071 15057 4.0
15058 15059 23.0
15059 15058 23.0
15059 15060 5.0
15060 15059 5.0
15059 15086 5.0
15086 15059 5.0
15060 15061 24.0
15061 15060 24.0
15060 15087 5.0
15087 15060 5.0
15061 15062 22.0
15062 15061 22.0
15061 15200 40.0
15200 15061 40.0
466 15184 31.0
15184 466 31.0
466 15062 38.0
15062 466 38.0
1215 15100 7.0
15100 1215 7.0
1215 15096 28.0
15096 1215 28.0
1215 14997 40.0
14997 1215 40.0
15063 15064 3.0
15064 15063 3.0
15063 15173 28.0
15173 15063 28.0
15064 15065 22.0
15065 15064 22.0
15064 15174 28.0
15174 15064 28.0
915 15066 12.0
15066 915 12.0
915 15092 4.0
15092 915 4.0
915 15065 5.0
15065 915 5.0
915 15052 11.0
15052 915 11.0
15066 15093 4.0
15093 15066 4.0
15067 15209 42.0
15209 15067 42.0
2089 15068 23.0
15068 2089 23.0
2089 15128 14.0
15128 2089 14.0
2089 15067 32.0
15067 2089 32.0
2089 15053 11.0
15053 2089 11.0
15068 15129 14.0
15129 15068 14.0
15069 15070 21.0
15070 15069 21.0
15069 15169 24.0
15169 15069 24.0
15070 15071 12.0
15071 15070 12.0
15071 15072 47.0
15072 15071 47.0
15072 15073 13.0
15073 15072 13.0
15072 15192 32.0
15192 15072 32.0
15073 15074 21.0
15074 15073 21.0
3248 15193 32.0
15193 3248 32.0
3248 15074 8.0
15074 3248 8.0
15075 15076 61.0
15076 15075 61.0
15076 15077 10.0
15077 15076 10.0
15076 15109 5.0
15109 15076 5.0
3609 15078 50.0
15078 3609 50.0
3609 15121 9.0
15121 3609 9.0
3609 15077 40.0
15077 3609 40.0
15079 15080 7.0
15080 15079 7.0
15079 15104 4.0
15104 15079 4.0
15080 15081 43.0
15081 15080 43.0
15081 15082 12.0
15082 15081 12.0
15081 15106 4.0
15106 15081 4.0
15082 15083 5.0
15083 15082 5.0
15082 15107 4.0
15107 15082 4.0
15083 15084 53.0
15084 15083 53.0
15083 15108 4.0
15108 15083 4.0
15084 15085 8.0
15085 15084 8.0
15084 15114 5.0
15114 15084 5.0
15085 15115 5.0
15115 15085 5.0
1724 15116 5.0
15116 1724 5.0
1724 15085 21.0
15085 1724 21.0
1724 15014 31.0
15014 1724 31.0
318 15086 23.0
15086 318 23.0
318 15197 58.0
15197 318 58.0
318 15058 5.0
15058 318 5.0
15086 15087 5.0
15087 15086 5.0
15086 15197 35.0
15197 15086 35.0
15087 15198 35.0
15198 15087 35.0
15088 15089 29.0
15089 15088 29.0
15089 15090 13.0
15090 15089 13.0
15089 15123 7.0
15123 15089 7.0
2965 15091 12.0
15091 2965 12.0
2965 15167 21.0
15167 2965 21.0
2965 15090 29.0
15090 2965 29.0
2965 15019 32.0
15019 2965 32.0
15091 15168 21.0
15168 15091 21.0
15092 15093 12.0
15093 15092 12.0
15092 15206 38.0
15206 15092 38.0
15093 15094 36.0
15094 15093 36.0
15093 15207 38.0
15207 15093 38.0
15094 15095 1.0
15095 15094 1.0
15095 15097 1.0
15097 15095 1.0
1064 15096 69.0
15096 1064 69.0
1064 15098 1.0
15098 1064 1.0
1064 15095 42.0
15095 1064 42.0
15096 15099 1.0
15099 15096 1.0
15097 15098 42.0
15098 15097 42.0
15097 15145 16.0
15145 15097 16.0
15098 15099 69.0
15099 15098 69.0
15098 15146 16.0
15146 15098 16.0
15099 15100 22.0
15100 15099 22.0
15099 15147 16.0
15147 15099 16.0
15100 15101 49.0
15101 15100 49.0
15100 15148 16.0
15148 15100 16.0
15101 15102 48.0
15102 15101 48.0
15101 15149 16.0
15149 15101 16.0
15102 15103 5.0
15103 15102 5.0
15102 15150 16.0
15150 15102 16.0
15103 15104 52.0
15104 15103 52.0
15103 15151 16.0
15151 15103 16.0
15104 15105 4.0
15105 15104 4.0
15105 15152 16.0
15152 15105 16.0
1489 15106 43.0
15106 1489 43.0
1489 15110 1.0
15110 1489 1.0
1489 15105 3.0
15105 1489 3.0
1489 15080 4.0
15080 1489 4.0
15106 15107 12.0
15107 15106 12.0
15106 15111 1.0
15111 15106 1.0
15107 15108 5.0
15108 15107 5.0
15107 15112 1.0
15112 15107 1.0
15108 15113 1.0
15113 15108 1.0
3444 15109 61.0
15109 3444 61.0
3444 15223 44.0
15223 3444 44.0
3444 15222 57.0
15222 3444 57.0
3444 15075 5.0
15075 3444 5.0
15109 15120 12.0
15120 15109 12.0
15110 15111 43.0
15111 15110 43.0
15110 15153 15.0
15153 15110 15.0
15111 15112 12.0
15112 15111 12.0
15111 15154 15.0
15154 15111 15.0
15112 15113 5.0
15113 15112 5.0
15112 15155 15.0
15155 15112 15.0
15113 15114 53.0
15114 15113 53.0
15113 15156 15.0
15156 15113 15.0
15114 15115 8.0
15115 15114 8.0
15114 15158 15.0
15158 15114 15.0
15115 15116 21.0
15116 15115 21.0
15116 15117 19.0
15117 15116 19.0
15116 15160 15.0
15160 15116 15.0
15117 15118 44.0
15118 15117 44.0
15117 15195 29.0
15195 15117 29.0
15118 15119 6.0
15119 15118 6.0
1903 15119 32.0
15119 1903 32.0
1903 14998 48.0
14998 1903 48.0
3550 15121 40.0
15121 3550 40.0
3550 15224 40.0
15224 3550 40.0
3550 15120 2.0
15120 3550 2.0
3550 15077 9.0
15077 3550 9.0
15122 15163 14.0
15163 15122 14.0
2852 15123 29.0
15123 2852 29.0
2852 15164 14.0
15164 2852 14.0
2852 15122 12.0
15122 2852 12.0
2852 15088 7.0
15088 2852 7.0
15123 15165 14.0
15165 15123 14.0
3687 15124 8.0
15124 3687 8.0
3687 15218 40.0
15218 3687 40.0
3687 15121 54.0
15121 3687 54.0
3687 15078 13.0
15078 3687 13.0
15124 15125 26.0
15125 15124 26.0
15124 15218 32.0
15218 15124 32.0
15125 15126 16.0
15126 15125 16.0
15125 15133 3.0
15133 15125 3.0
15126 15127 2.0
15127 15126 2.0
15126 15134 3.0
15134 15126 3.0
15127 15135 3.0
15135 15127 3.0
15128 15129 23.0
15129 15128 23.0
15128 15211 28.0
15211 15128 28.0
15129 15130 6.0
15130 15129 6.0
2207 15131 23.0
15131 2207 23.0
2207 15212 28.0
15212 2207 28.0
2207 15130 42.0
15130 2207 42.0
2207 14984 63.0
14984 2207 63.0
15131 15248 51.0
15248 15131 51.0
2639 15276 61.0
15276 2639 61.0
2639 15132 6.0
15132 2639 6.0
15133 15134 16.0
15134 15133 16.0
15133 15219 29.0
15219 15133 29.0
15134 15135 2.0
15135 15134 2.0
15135 15136 16.0
15136 15135 16.0
15135 15220 29.0
15220 15135 29.0
15136 15137 8.0
15137 15136 8.0
15136 15186 13.0
15186 15136 13.0
15137 15138 12.0
15138 15137 12.0
15138 15187 13.0
15187 15138 13.0
3818 15139 50.0
15139 3818 50.0
3818 15188 13.0
15188 3818 13.0
3818 15138 3.0
15138 3818 3.0
3818 15042 28.0
15042 3818 28.0
15139 15140 2.0
15140 15139 2.0
15139 15141 4.0
15141 15139 4.0
15140 15142 4.0
15142 15140 4.0
4109 15162 40.0
15162 4109 40.0
4109 15036 30.0
15036 4109 30.0
15141 15142 2.0
15142 15141 2.0
15142 15143 7.0
15143 15142 7.0
15142 15189 9.0
15189 15142 9.0
15143 15144 10.0
15144 15143 10.0
15143 15190 9.0
15190 15143 9.0
15144 15191 9.0
15191 15144 9.0
3938 15226 31.0
15226 3938 31.0
3938 15144 22.0
15144 3938 22.0
15145 15146 42.0
15146 15145 42.0
15146 15147 69.0
15147 15146 69.0
15146 15161 2.0
15161 15146 2.0
15147 15148 22.0
15148 15147 22.0
15148 15149 49.0
15149 15148 49.0
15148 15176 7.0
15176 15148 7.0
15149 15150 48.0
15150 15149 48.0
15150 15151 5.0
15151 15150 5.0
15150 15177 7.0
15177 15150 7.0
15151 15152 56.0
15152 15151 56.0
15151 15178 7.0
15178 15151 7.0
15152 15153 3.0
15153 15152 3.0
15152 15179 7.0
15179 15152 7.0
15153 15154 43.0
15154 15153 43.0
15153 15180 7.0
15180 15153 7.0
15154 15155 12.0
15155 15154 12.0
15154 15181 7.0
15181 15154 7.0
15155 15156 5.0
15156 15155 5.0
15155 15182 7.0
15182 15155 7.0
15156 15157 8.0
15157 15156 8.0
15157 15158 45.0
15158 15157 45.0
15157 15183 7.0
15183 15157 7.0
15158 15159 5.0
15159 15158 5.0
15159 15213 22.0
15213 15159 22.0
1685 15160 21.0
15160 1685 21.0
1685 15214 22.0
15214 1685 22.0
1685 15159 3.0
15159 1685 3.0
1685 15115 15.0
15115 1685 15.0
15160 15194 14.0
15194 15160 14.0
1003 15161 42.0
15161 1003 42.0
1003 15208 20.0
15208 1003 20.0
1003 15145 2.0
15145 1003 2.0
15161 15175 52.0
15175 15161 52.0
4020 15162 38.0
15162 4020 38.0
4020 15233 30.0
15233 4020 30.0
4020 15227 40.0
15227 4020 40.0
15163 15164 12.0
15164 15163 12.0
15164 15165 29.0
15165 15164 29.0
15164 15201 16.0
15201 15164 16.0
15165 15166 38.0
15166 15165 38.0
15166 15167 4.0
15167 15166 4.0
15166 15204 17.0
15204 15166 17.0
15167 15168 12.0
15168 15167 12.0
2999 15169 31.0
15169 2999 31.0
2999 15170 1.0
15170 2999 1.0
2999 15168 7.0
15168 2999 7.0
15170 15171 30.0
15171 15170 30.0
15170 15205 16.0
15205 15170 16.0
3056 15171 1.0
15171 3056 1.0
3056 15169 1.0
15169 3056 1.0
790 15173 42.0
15173 790 42.0
790 15242 33.0
15242 790 33.0
790 15172 18.0
15172 790 18.0
790 15048 39.0
15048 790 39.0
15173 15174 3.0
15174 15173 3.0
15173 15243 33.0
15243 15173 33.0
15174 15244 33.0
15244 15174 33.0
1174 15176 22.0
15176 1174 22.0
1174 15302 59.0
15302 1174 59.0
1174 15175 22.0
15175 1174 22.0
1174 15147 7.0
15147 1174 7.0
15176 15202 39.0
15202 15176 39.0
15177 15178 5.0
15178 15177 5.0
15177 15203 13.0
15203 15177 13.0
15178 15179 56.0
15179 15178 56.0
15179 15180 3.0
15180 15179 3.0
15180 15181 43.0
15181 15180 43.0
15181 15182 12.0
15182 15181 12.0
1576 15183 8.0
15183 1576 8.0
1576 15275 48.0
15275 1576 48.0
1576 15182 5.0
15182 1576 5.0
1576 15156 7.0
15156 1576 7.0
15184 15185 27.0
15185 15184 27.0
497 15256 41.0
15256 497 41.0
497 15185 2.0
15185 497 2.0
15186 15187 20.0
15187 15186 20.0
15186 15221 16.0
15221 15186 16.0
15187 15188 3.0
15188 15187 3.0
15187 15283 47.0
15283 15187 47.0
3875 15189 2.0
15189 3875 2.0
3875 15234 30.0
15234 3875 30.0
3875 15188 50.0
15188 3875 50.0
3875 15141 9.0
15141 3875 9.0
15189 15190 7.0
15190 15189 7.0
15189 15235 30.0
15235 15189 30.0
15190 15191 10.0
15191 15190 10.0
15191 15225 22.0
15225 15191 22.0
15192 15193 42.0
15193 15192 42.0
3294 15253 34.0
15253 3294 34.0
3294 15193 29.0
15193 3294 29.0
15194 15195 19.0
15195 15194 19.0
15194 15215 8.0
15215 15194 8.0
15195 15196 18.0
15196 15195 18.0
15196 15216 8.0
15216 15196 8.0
1843 15270 39.0
15270 1843 39.0
1843 15196 32.0
15196 1843 32.0
1843 15119 29.0
15119 1843 29.0
15197 15198 5.0
15198 15197 5.0
15198 15199 8.0
15199 15198 8.0
15199 15200 16.0
15200 15199 16.0
15199 15246 27.0
15246 15199 27.0
445 15200 48.0
15200 445 48.0
445 15184 21.0
15184 445 21.0
3188 15296 40.0
15296 3188 40.0
3188 15285 40.0
15285 3188 40.0
3188 15192 7.0
15192 3188 7.0
2833 15201 12.0
15201 2833 12.0
2833 15163 16.0
15163 2833 16.0
15202 15298 42.0
15298 15202 42.0
1293 15203 48.0
15203 1293 48.0
1293 15299 42.0
15299 1293 42.0
1293 15202 23.0
15202 1293 23.0
1293 15149 20.0
15149 1293 20.0
15203 15274 35.0
15274 15203 35.0
2894 15204 38.0
15204 2894 38.0
2894 15201 30.0
15201 2894 30.0
2894 15165 17.0
15165 2894 17.0
15204 15205 23.0
15205 15204 23.0
15204 15271 34.0
15271 15204 34.0
15205 15217 12.0
15217 15205 12.0
15206 15207 12.0
15207 15206 12.0
15206 15228 14.0
15228 15206 14.0
943 15208 30.0
15208 943 30.0
943 15229 11.0
15229 943 11.0
943 15207 6.0
15207 943 6.0
15209 15210 7.0
15210 15209 7.0
15210 15211 25.0
15211 15210 25.0
15210 15237 18.0
15237 15210 18.0
2145 15212 42.0
15212 2145 42.0
2145 15211 29.0
15211 2145 29.0
2145 15130 28.0
15130 2145 28.0
15212 15248 46.0
15248 15212 46.0
15213 15214 3.0
15214 15213 3.0
15213 15265 31.0
15265 15213 31.0
15214 15215 21.0
15215 15214 21.0
15214 15266 31.0
15266 15214 31.0
1761 15216 18.0
15216 1761 18.0
1761 15268 31.0
15268 1761 31.0
1761 15215 19.0
15215 1761 19.0
1761 15195 8.0
15195 1761 8.0
3053 15273 30.0
15273 3053 30.0
3053 15217 22.0
15217 3053 22.0
3053 15171 20.0
15171 3053 20.0
15218 15219 26.0
15219 15218 26.0
15219 15263 28.0
15263 15219 28.0
3761 15220 2.0
15220 3761 2.0
3761 15264 28.0
15264 3761 28.0
3761 15219 16.0
15219 3761 16.0
3761 15134 29.0
15134 3761 29.0
15220 15221 16.0
15221 15220 16.0
15220 15282 31.0
15282 15220 31.0
762 15240 14.0
15240 762 14.0
762 15172 22.0
15172 762 22.0
2741 15277 31.0
15277 2741 31.0
2741 2833 57.0
2833 2741 57.0
15222 15223 13.0
15223 15222 13.0
3545 15224 2.0
15224 3545 2.0
3545 15297 33.0
15297 3545 33.0
3545 15223 69.0
15223 3545 69.0
3545 15120 40.0
15120 3545 40.0
15224 15297 31.0
15297 15224 31.0
15225 15226 22.0
15226 15225 22.0
15225 15236 8.0
15236 15225 8.0
15226 15238 9.0
15238 15226 9.0
3948 15227 40.0
15227 3948 40.0
3948 15231 2.0
15231 3948 2.0
3948 15226 9.0
15226 3948 9.0
15228 15229 21.0
15229 15228 21.0
15229 15230 28.0
15230 15229 28.0
15230 15324 46.0
15324 15230 46.0
1002 15325 46.0
15325 1002 46.0
1002 15230 2.0
15230 1002 2.0
1002 15208 11.0
15208 1002 11.0
15231 15232 8.0
15232 15231 8.0
15231 15239 12.0
15239 15231 12.0
4007 15233 12.0
15233 4007 12.0
4007 15340 49.0
15340 4007 49.0
4007 15232 32.0
15232 4007 32.0
4007 15227 2.0
15227 4007 2.0
15233 15249 12.0
15249 15233 12.0
15234 15235 2.0
15235 15234 2.0
15234 15323 42.0
15323 15234 42.0
3891 15236 10.0
15236 3891 10.0
3891 3908 11.0
3908 3891 11.0
3891 15235 7.0
15235 3891 7.0
3891 15190 30.0
15190 3891 30.0
2026 15237 7.0
15237 2026 7.0
2026 15360 51.0
15360 2026 51.0
2026 15209 18.0
15209 2026 18.0
3908 15238 22.0
15238 3908 22.0
3908 15337 42.0
15337 3908 42.0
3908 15236 1.0
15236 3908 1.0
15238 15239 4.0
15239 15238 4.0
15238 15338 42.0
15338 15238 42.0
15239 15339 42.0
15339 15239 42.0
559 15260 12.0
15260 559 12.0
15240 15241 18.0
15241 15240 18.0
15240 15252 5.0
15252 15240 5.0
15240 15247 25.0
15247 15240 25.0
15241 15242 3.0
15242 15241 3.0
15241 15258 9.0
15258 15241 9.0
15242 15243 42.0
15243 15242 42.0
15243 15244 3.0
15244 15243 3.0
15244 15245 4.0
15245 15244 4.0
908 15245 20.0
15245 908 20.0
908 15228 8.0
15228 908 8.0
354 15246 8.0
15246 354 8.0
354 363 49.0
363 354 49.0
354 15197 32.0
15197 354 32.0
354 15198 27.0
15198 354 27.0
681 15247 30.0
15247 681 30.0
681 15251 1.0
15251 681 1.0
681 15250 4.0
15250 681 4.0
2261 15379 59.0
15379 2261 59.0
2261 15248 5.0
15248 2261 5.0
15249 15341 37.0
15341 15249 37.0
4069 15348 42.0
15348 4069 42.0
4069 15249 38.0
15249 4069 38.0
4069 15162 42.0
15162 4069 42.0
15250 15251 3.0
15251 15250 3.0
15250 15262 7.0
15262 15250 7.0
729 15252 21.0
15252 729 21.0
729 15251 30.0
15251 729 30.0
729 15247 1.0
15247 729 1.0
15252 15257 4.0
15257 15252 4.0
15253 15254 7.0
15254 15253 7.0
15253 15317 27.0
15317 15253 27.0
15254 15255 69.0
15255 15254 69.0
15255 15319 28.0
15319 15255 28.0
3425 15438 70.0
15438 3425 70.0
3425 15255 3.0
15255 3425 3.0
3425 15222 17.0
15222 3425 17.0
494 15256 2.0
15256 494 2.0
494 15309 21.0
15309 494 21.0
494 15185 41.0
15185 494 41.0
15256 15259 20.0
15259 15256 20.0
15257 15258 18.0
15258 15257 18.0
15257 15303 34.0
15303 15257 34.0
871 15258 52.0
15258 871 52.0
871 15245 9.0
15245 871 9.0
2426 15331 31.0
15331 2426 31.0
15259 15260 22.0
15260 15259 22.0
15260 15261 8.0
15261 15260 8.0
15260 15310 18.0
15310 15260 18.0
619 15262 38.0
15262 619 38.0
619 15261 32.0
15261 619 32.0
3698 15263 26.0
15263 3698 26.0
3698 15278 3.0
15278 3698 3.0
3698 15218 28.0
15218 3698 28.0
15263 15264 16.0
15264 15263 16.0
15263 15279 3.0
15279 15263 3.0
15264 15281 3.0
15281 15264 3.0
15265 15266 3.0
15266 15265 3.0
15265 15293 5.0
15293 15265 5.0
15266 15267 25.0
15267 15266 25.0
15266 15312 17.0
15312 15266 17.0
15267 15268 15.0
15268 15267 15.0
15267 15313 17.0
15313 15267 17.0
15268 15269 6.0
15269 15268 6.0
15268 15314 17.0
15314 15268 17.0
15269 15315 17.0
15315 15269 17.0
1790 15270 32.0
15270 1790 32.0
1790 15350 34.0
15350 1790 34.0
1790 15269 12.0
15269 1790 12.0
1790 15216 31.0
15216 1790 31.0
15270 15351 34.0
15351 15270 34.0
15271 15272 27.0
15272 15271 27.0
15272 15301 8.0
15301 15272 8.0
3013 15273 22.0
15273 3013 22.0
3013 15377 41.0
15377 3013 41.0
3013 15272 4.0
15272 3013 4.0
3013 15217 30.0
15217 3013 30.0
15273 15284 9.0
15284 15273 9.0
15274 15290 3.0
15290 15274 3.0
1483 15275 63.0
15275 1483 63.0
1483 15291 3.0
15291 1483 3.0
1483 15274 61.0
15274 1483 61.0
1483 15179 48.0
15179 1483 48.0
15275 15292 3.0
15292 15275 3.0
15276 15287 2.0
15287 15276 2.0
15276 15286 17.0
15286 15276 17.0
2651 15277 50.0
15277 2651 50.0
2651 15288 2.0
15288 2651 2.0
2651 15276 8.0
15276 2651 8.0
15278 15279 26.0
15279 15278 26.0
15278 15342 29.0
15342 15278 29.0
15279 15280 3.0
15280 15279 3.0
15280 15281 13.0
15281 15280 13.0
15280 15320 21.0
15320 15280 21.0
15281 15282 2.0
15282 15281 2.0
3786 15283 20.0
15283 3786 20.0
3786 15322 21.0
15322 3786 21.0
3786 15282 16.0
15282 3786 16.0
3786 15221 31.0
15221 3786 31.0
3124 15285 40.0
15285 3124 40.0
3124 15294 2.0
15294 3124 2.0
3124 15284 32.0
15284 3124 32.0
15286 15287 15.0
15287 15286 15.0
15286 15334 24.0
15334 15286 24.0
15287 15288 8.0
15288 15287 8.0
15287 15401 47.0
15401 15287 47.0
15288 15289 28.0
15289 15288 28.0
15288 15402 47.0
15402 15288 47.0
2738 15353 32.0
15353 2738 32.0
2738 15289 22.0
15289 2738 22.0
2738 15277 2.0
15277 2738 2.0
15290 15291 61.0
15291 15290 61.0
15291 15292 63.0
15292 15291 63.0
1589 15293 50.0
15293 1589 50.0
1589 15311 30.0
15311 1589 30.0
1589 15292 8.0
15292 1589 8.0
1589 15183 51.0
15183 1589 51.0
15294 15295 8.0
15295 15294 8.0
15294 15378 37.0
15378 15294 37.0
3184 15296 2.0
15296 3184 2.0
3184 15384 39.0
15384 3184 39.0
3184 15295 32.0
15295 3184 32.0
3184 15285 2.0
15285 3184 2.0
15296 15316 60.0
15316 15296 60.0
3575 15362 31.0
15362 3575 31.0
3575 15297 17.0
15297 3575 17.0
15298 15299 23.0
15299 15298 23.0
15299 15300 36.0
15300 15299 36.0
1381 15432 50.0
15432 1381 50.0
1381 15300 12.0
15300 1381 12.0
1381 15290 4.0
15290 1381 4.0
2957 15301 27.0
15301 2957 27.0
2957 15271 8.0
15271 2957 8.0
15301 15376 33.0
15376 15301 33.0
1133 15302 22.0
15302 1133 22.0
1133 15304 3.0
15304 1133 3.0
1133 15327 37.0
15327 1133 37.0
1133 15175 59.0
15175 1133 59.0
15302 15305 3.0
15305 15302 3.0
787 15303 2.0
15303 787 2.0
787 15258 18.0
15258 787 18.0
15304 15305 22.0
15305 15304 22.0
15304 15328 9.0
15328 15304 9.0
15305 15306 18.0
15306 15305 18.0
15305 15329 9.0
15329 15305 9.0
15306 15307 18.0
15307 15306 18.0
15307 15330 9.0
15330 15307 9.0
1252 15430 43.0
15430 1252 43.0
1252 15307 12.0
15307 1252 12.0
1252 15298 7.0
15298 1252 7.0
15308 15309 14.0
15309 15308 14.0
15308 15347 16.0
15347 15308 16.0
15308 15346 63.0
15346 15308 63.0
528 15310 22.0
15310 528 22.0
528 15309 19.0
15309 528 19.0
528 15259 18.0
15259 528 18.0
1679 15312 3.0
15312 1679 3.0
1679 15458 55.0
15458 1679 55.0
1679 15311 32.0
15311 1679 32.0
1679 15293 12.0
15293 1679 12.0
15312 15313 25.0
15313 15312 25.0
15312 15458 52.0
15458 15312 52.0
15313 15314 15.0
15314 15313 15.0
15313 15393 33.0
15393 15313 33.0
15314 15315 6.0
15315 15314 6.0
15314 15394 33.0
15394 15314 33.0
15315 15349 17.0
15349 15315 17.0
15316 15317 25.0
15317 15316 25.0
3305 15318 1.0
15318 3305 1.0
3305 15317 7.0
15317 3305 7.0
3305 15254 27.0
15254 3305 27.0
15318 15422 38.0
15422 15318 38.0
3341 15319 48.0
15319 3341 48.0
3341 15423 38.0
15423 3341 38.0
3341 15318 21.0
15318 3341 21.0
15320 15321 8.0
15321 15320 8.0
15321 15322 23.0
15322 15321 23.0
15321 15344 8.0
15344 15321 8.0
3815 15323 49.0
15323 3815 49.0
3815 15335 5.0
15335 3815 5.0
3815 15322 20.0
15322 3815 20.0
3815 15283 21.0
15283 3815 21.0
15323 15336 5.0
15336 15323 5.0
15324 15325 2.0
15325 15324 2.0
15325 15326 38.0
15326 15325 38.0
15325 15364 15.0
15364 15325 15.0
15326 15327 27.0
15327 15326 27.0
15327 15328 25.0
15328 15327 25.0
15327 15366 16.0
15366 15327 16.0
15328 15329 22.0
15329 15328 22.0
15328 15367 16.0
15367 15328 16.0
1207 15330 18.0
15330 1207 18.0
1207 15451 41.0
15451 1207 41.0
1207 15329 18.0
15329 1207 18.0
1207 15306 9.0
15306 1207 9.0
15330 15429 34.0
15429 15330 34.0
15331 15380 17.0
15380 15331 17.0
2447 15332 1.0
15332 2447 1.0
2447 15331 8.0
15331 2447 8.0
575 15455 41.0
15455 575 41.0
575 15310 19.0
15310 575 19.0
575 15261 29.0
15261 575 29.0
15332 15333 19.0
15333 15332 19.0
15332 15381 16.0
15381 15332 16.0
15333 15397 23.0
15397 15333 23.0
2519 15334 59.0
15334 2519 59.0
2519 15398 23.0
15398 2519 23.0
2519 15333 22.0
15333 2519 22.0
15335 15336 49.0
15336 15335 49.0
15335 15345 3.0
15345 15335 3.0
15336 15337 23.0
15337 15336 23.0
15336 15368 13.0
15368 15336 13.0
15337 15338 22.0
15338 15337 22.0
15338 15339 4.0
15339 15338 4.0
15338 15369 13.0
15369 15338 13.0
15339 15370 13.0
15370 15339 13.0
3961 15340 32.0
15340 3961 32.0
3961 15371 13.0
15371 3961 13.0
3961 15339 13.0
15339 3961 13.0
3961 15232 49.0
15232 3961 49.0
15340 15341 12.0
15341 15340 12.0
15340 15373 13.0
15373 15340 13.0
15341 15374 13.0
15374 15341 13.0
15342 15343 7.0
15343 15342 7.0
15342 15428 27.0
15428 15342 27.0
15342 15363 49.0
15363 15342 49.0
3744 15344 8.0
15344 3744 8.0
3744 15385 15.0
15385 3744 15.0
3744 15343 22.0
15343 3744 22.0
3744 15320 8.0
15320 3744 8.0
15344 15345 43.0
15345 15344 43.0
15344 15386 15.0
15386 15344 15.0
15345 15388 15.0
15388 15345 15.0
363 15346 41.0
15346 363 41.0
363 414 42.0
414 363 42.0
363 15246 41.0
15246 363 41.0
414 15347 48.0
15347 414 48.0
414 15520 53.0
15520 414 53.0
414 15346 1.0
15346 414 1.0
4105 15348 29.0
15348 4105 29.0
15349 15350 12.0
15350 15349 12.0
15349 15355 3.0
15355 15349 3.0
15350 15351 32.0
15351 15350 32.0
15350 15356 3.0
15356 15350 3.0
15351 15352 6.0
15352 15351 6.0
15352 15357 3.0
15357 15352 3.0
1930 15358 3.0
15358 1930 3.0
1930 15352 52.0
15352 1930 52.0
15353 15354 37.0
15354 15353 37.0
15353 15411 19.0
15411 15353 19.0
15354 15447 28.0
15447 15354 28.0
2803 15354 2.0
15354 2803 2.0
15355 15356 12.0
15356 15355 12.0
15356 15357 38.0
15357 15356 38.0
15356 15395 13.0
15395 15356 13.0
15357 15358 52.0
15358 15357 52.0
15357 15412 19.0
15412 15357 19.0
15358 15359 49.0
15359 15358 49.0
15358 15413 19.0
15413 15358 19.0
15359 15360 4.0
15360 15359 4.0
15360 15361 3.0
15361 15360 3.0
15360 15415 19.0
15415 15360 19.0
15361 15416 19.0
15416 15361 19.0
2040 15417 19.0
15417 2040 19.0
2040 15361 4.0
15361 2040 4.0
2040 15237 51.0
15237 2040 51.0
15362 15424 35.0
15424 15362 35.0
3589 15363 29.0
15363 3589 29.0
3589 15426 21.0
15426 3589 21.0
3589 15362 9.0
15362 3589 9.0
998 15364 2.0
15364 998 2.0
998 15365 3.0
15365 998 3.0
998 15324 15.0
15324 998 15.0
15364 15365 1.0
15365 15364 1.0
675 15448 24.0
15448 675 24.0
675 15262 42.0
15262 675 42.0
1055 15366 27.0
15366 1055 27.0
1055 15481 60.0
15481 1055 60.0
1055 15365 38.0
15365 1055 38.0
1055 15326 16.0
15326 1055 16.0
15366 15367 25.0
15367 15366 25.0
15366 15481 33.0
15481 15366 33.0
15367 15482 33.0
15482 15367 33.0
15368 15369 45.0
15369 15368 45.0
15369 15370 4.0
15370 15369 4.0
15369 15390 5.0
15390 15369 5.0
15370 15371 13.0
15371 15370 13.0
15370 15391 5.0
15391 15370 5.0
15371 15372 18.0
15372 15371 18.0
15371 15392 5.0
15392 15371 5.0
15372 15373 14.0
15373 15372 14.0
15373 15374 12.0
15374 15373 12.0
15373 15509 38.0
15509 15373 38.0
15374 15375 13.0
15375 15374 13.0
15374 15510 38.0
15510 15374 38.0
15375 15511 38.0
15511 15375 38.0
4052 15375 13.0
15375 4052 13.0
4052 15348 20.0
15348 4052 20.0
15376 15377 4.0
15377 15376 4.0
3060 15378 32.0
15378 3060 32.0
3060 15382 2.0
15382 3060 2.0
3060 15377 29.0
15377 3060 29.0
3060 15284 39.0
15284 3060 39.0
15378 15383 2.0
15383 15378 2.0
2333 15380 63.0
15380 2333 63.0
2333 15512 39.0
15512 2333 39.0
2333 15379 32.0
15379 2333 32.0
15380 15381 8.0
15381 15380 8.0
15380 15453 29.0
15453 15380 29.0
15381 15396 7.0
15396 15381 7.0
15382 15383 32.0
15383 15382 32.0
15382 15587 58.0
15587 15382 58.0
3133 15384 32.0
15384 3133 32.0
3133 15495 32.0
15495 3133 32.0
3133 15383 8.0
15383 3133 8.0
3133 15295 39.0
15295 3133 39.0
15384 15418 14.0
15418 15384 14.0
15385 15386 8.0
15386 15385 8.0
15385 15474 25.0
15474 15385 25.0
15386 15387 28.0
15387 15386 28.0
15387 15388 15.0
15388 15387 15.0
15387 15479 26.0
15479 15387 26.0
15388 15389 17.0
15389 15388 17.0
15388 15480 26.0
15480 15388 26.0
15389 15504 33.0
15504 15389 33.0
3873 15390 45.0
15390 3873 45.0
3873 15505 33.0
15505 3873 33.0
3873 15389 32.0
15389 3873 32.0
3873 15368 5.0
15368 3873 5.0
15390 15391 4.0
15391 15390 4.0
15390 15506 33.0
15506 15390 33.0
15391 15392 13.0
15392 15391 13.0
15391 15507 33.0
15507 15391 33.0
15392 15508 33.0
15508 15392 33.0
15393 15394 15.0
15394 15393 15.0
15393 15433 12.0
15433 15393 12.0
1772 15395 12.0
15395 1772 12.0
1772 15434 12.0
15434 1772 12.0
1772 15394 6.0
15394 1772 6.0
1772 15355 13.0
15355 1772 13.0
15395 15412 44.0
15412 15395 44.0
15396 15397 19.0
15397 15396 19.0
15396 15454 17.0
15454 15396 17.0
15397 15398 22.0
15398 15397 22.0
15397 15403 2.0
15403 15397 2.0
15398 15399 48.0
15399 15398 48.0
15398 15404 2.0
15404 15398 2.0
15399 15400 5.0
15400 15399 5.0
15399 15405 2.0
15405 15399 2.0
15400 15406 2.0
15406 15400 2.0
2615 15401 15.0
15401 2615 15.0
2615 15407 2.0
15407 2615 2.0
2615 15400 6.0
15400 2615 6.0
2615 15334 23.0
15334 2615 23.0
15401 15402 8.0
15402 15401 8.0
15401 15408 2.0
15408 15401 2.0
15402 15409 2.0
15409 15402 2.0
15403 15404 22.0
15404 15403 22.0
15403 15439 11.0
15439 15403 11.0
15404 15405 48.0
15405 15404 48.0
15404 15440 11.0
15440 15404 11.0
15405 15406 5.0
15406 15405 5.0
15405 15441 11.0
15441 15405 11.0
15406 15407 6.0
15407 15406 6.0
15406 15442 11.0
15442 15406 11.0
15407 15408 15.0
15408 15407 15.0
15407 15443 11.0
15443 15407 11.0
15408 15409 8.0
15409 15408 8.0
15408 15444 11.0
15444 15408 11.0
15409 15410 27.0
15410 15409 27.0
15410 15445 11.0
15445 15410 11.0
2695 15411 20.0
15411 2695 20.0
2695 15446 11.0
15446 2695 11.0
2695 15410 1.0
15410 2695 1.0
2695 15289 49.0
15289 2695 49.0
15412 15413 52.0
15413 15412 52.0
15413 15414 7.0
15414 15413 7.0
15413 15435 6.0
15435 15413 6.0
2016 15415 4.0
15415 2016 4.0
2016 15551 39.0
15551 2016 39.0
2016 15414 42.0
15414 2016 42.0
2016 15359 19.0
15359 2016 19.0
15415 15416 3.0
15416 15415 3.0
15415 15620 64.0
15620 15415 64.0
15416 15417 4.0
15417 15416 4.0
15416 15621 64.0
15621 15416 64.0
15417 15622 64.0
15622 15417 64.0
15418 15419 7.0
15419 15418 7.0
15418 15496 18.0
15496 15418 18.0
15419 15420 6.0
15420 15419 6.0
15419 15460 13.0
15460 15419 13.0
15420 15421 29.0
15421 15420 29.0
15420 15461 13.0
15461 15420 13.0
15421 15462 13.0
15462 15421 13.0
3261 15422 32.0
15422 3261 32.0
3261 15463 13.0
15463 3261 13.0
3261 15421 6.0
15421 3261 6.0
3261 15316 39.0
15316 3261 39.0
15422 15423 21.0
15423 15422 21.0
15422 15464 13.0
15464 15422 13.0
15423 15436 4.0
15436 15423 4.0
15424 15425 16.0
15425 15424 16.0
15424 15468 13.0
15468 15424 13.0
15425 15426 7.0
15426 15425 7.0
15425 15469 13.0
15469 15425 13.0
15426 15427 7.0
15427 15426 7.0
15426 15470 13.0
15470 15426 13.0
15427 15471 13.0
15471 15427 13.0
3633 15428 43.0
15428 3633 43.0
3633 15472 13.0
15472 3633 13.0
3633 15427 22.0
15427 3633 22.0
3633 15363 21.0
15363 3633 21.0
15428 15473 13.0
15473 15428 13.0
15429 15430 12.0
15430 15429 12.0
15430 15431 15.0
15431 15430 15.0
15431 15452 7.0
15452 15431 7.0
1353 15432 12.0
15432 1353 12.0
1353 15543 33.0
15543 1353 33.0
1353 15431 44.0
15431 1353 44.0
1353 15300 50.0
15300 1353 50.0
15432 15544 33.0
15544 15432 33.0
15433 15434 21.0
15434 15433 21.0
1858 15435 52.0
15435 1858 52.0
1858 15549 33.0
15549 1858 33.0
1858 15434 50.0
15434 1858 50.0
1858 15412 6.0
15412 1858 6.0
15435 15550 33.0
15550 15435 33.0
15436 15437 7.0
15437 15436 7.0
15436 15466 9.0
15466 15436 9.0
3418 15438 3.0
15438 3418 3.0
3418 15467 9.0
15467 3418 9.0
3418 15437 41.0
15437 3418 41.0
3418 15319 42.0
15319 3418 42.0
15438 15492 13.0
15492 15438 13.0
15439 15440 22.0
15440 15439 22.0
15440 15441 48.0
15441 15440 48.0
15441 15442 5.0
15442 15441 5.0
15441 15513 20.0
15513 15441 20.0
15442 15443 6.0
15443 15442 6.0
15442 15514 20.0
15514 15442 20.0
15443 15444 15.0
15444 15443 15.0
15443 15515 20.0
15515 15443 20.0
15444 15445 35.0
15445 15444 35.0
15444 15516 20.0
15516 15444 20.0
15445 15446 1.0
15446 15445 1.0
2736 15447 39.0
15447 2736 39.0
2736 15518 20.0
15518 2736 20.0
2736 15446 20.0
15446 2736 20.0
2736 15411 11.0
15411 2736 11.0
15448 15449 19.0
15449 15448 19.0
15448 15457 4.0
15457 15448 4.0
15449 15450 38.0
15450 15449 38.0
15450 15475 7.0
15475 15450 7.0
785 15651 60.0
15651 785 60.0
785 15450 13.0
15450 785 13.0
785 15303 51.0
15303 785 51.0
15451 15483 12.0
15483 15451 12.0
1233 15452 27.0
15452 1233 27.0
1233 15541 26.0
15541 1233 26.0
1233 15451 18.0
15451 1233 18.0
1233 15429 7.0
15429 1233 7.0
15452 15542 26.0
15542 15452 26.0
1617 15519 19.0
15519 1617 19.0
1617 15311 49.0
15311 1617 49.0
15453 15454 3.0
15454 15453 3.0
2475 15594 39.0
15594 2475 39.0
2475 15454 19.0
15454 2475 19.0
2475 15439 4.0
15439 2475 4.0
15455 15456 7.0
15456 15455 7.0
15455 15591 38.0
15591 15455 38.0
602 15457 51.0
15457 602 51.0
602 15456 12.0
15456 602 12.0
15458 15459 4.0
15459 15458 4.0
1732 15459 21.0
15459 1732 21.0
1732 15433 7.0
15433 1732 7.0
15460 15461 6.0
15461 15460 6.0
15460 15484 4.0
15484 15460 4.0
15461 15462 29.0
15462 15461 29.0
15461 15485 4.0
15485 15461 4.0
15462 15463 6.0
15463 15462 6.0
15462 15486 4.0
15486 15462 4.0
15463 15464 32.0
15464 15463 32.0
15463 15487 4.0
15487 15463 4.0
15464 15465 17.0
15465 15464 17.0
15465 15466 4.0
15466 15465 4.0
15465 15488 4.0
15488 15465 4.0
3352 15467 41.0
15467 3352 41.0
3352 15489 4.0
15489 3352 4.0
3352 15466 7.0
15466 3352 7.0
3352 15437 9.0
15437 3352 9.0
15467 15491 4.0
15491 15467 4.0
15468 15469 16.0
15469 15468 16.0
15468 15494 4.0
15494 15468 4.0
15469 15470 7.0
15470 15469 7.0
15469 15533 15.0
15533 15469 15.0
15470 15471 7.0
15471 15470 7.0
15470 15534 15.0
15534 15470 15.0
15471 15472 22.0
15472 15471 22.0
15472 15473 43.0
15473 15472 43.0
15473 15599 37.0
15599 15473 37.0
3710 15474 22.0
15474 3710 22.0
3710 15476 1.0
15476 3710 1.0
3710 15473 7.0
15473 3710 7.0
3710 15343 40.0
15343 3710 40.0
15474 15478 1.0
15478 15474 1.0
709 15475 38.0
15475 709 38.0
709 15457 22.0
15457 709 22.0
709 15449 7.0
15449 709 7.0
15476 15477 18.0
15477 15476 18.0
15476 15633 50.0
15633 15476 50.0
15477 15478 4.0
15478 15477 4.0
15477 15552 23.0
15552 15477 23.0
15478 15553 23.0
15553 15478 23.0
3755 15479 28.0
15479 3755 28.0
3755 15501 7.0
15501 3755 7.0
3755 15478 8.0
15478 3755 8.0
3755 15386 26.0
15386 3755 26.0
15479 15480 15.0
15480 15479 15.0
15479 15502 7.0
15502 15479 7.0
15480 15503 7.0
15503 15480 7.0
15481 15482 25.0
15482 15481 25.0
15481 15558 22.0
15558 15481 22.0
1147 15483 29.0
15483 1147 29.0
1147 15559 22.0
15559 1147 22.0
1147 15482 7.0
15482 1147 7.0
15483 15540 18.0
15540 15483 18.0
15484 15485 6.0
15485 15484 6.0
15485 15486 29.0
15486 15485 29.0
15485 15498 1.0
15498 15485 1.0
15486 15487 6.0
15487 15486 6.0
15486 15499 1.0
15499 15486 1.0
15487 15488 49.0
15488 15487 49.0
15487 15500 1.0
15500 15487 1.0
15488 15489 11.0
15489 15488 11.0
15489 15490 18.0
15490 15489 18.0
15489 15582 25.0
15582 15489 25.0
15490 15491 23.0
15491 15490 23.0
15491 15492 3.0
15492 15491 3.0
15492 15493 25.0
15493 15492 25.0
15493 15531 11.0
15531 15493 11.0
3508 15494 30.0
15494 3508 30.0
3508 15532 11.0
15532 3508 11.0
3508 15493 32.0
15493 3508 32.0
15495 15496 32.0
15496 15495 32.0
15495 15573 24.0
15573 15495 24.0
15495 15572 37.0
15572 15495 37.0
15496 15497 5.0
15497 15496 5.0
15496 15574 24.0
15574 15496 24.0
15497 15575 24.0
15575 15497 24.0
3197 15498 6.0
15498 3197 6.0
3197 15576 24.0
15576 3197 24.0
3197 15497 2.0
15497 3197 2.0
3197 15484 1.0
15484 3197 1.0
15498 15499 29.0
15499 15498 29.0
15498 15577 24.0
15577 15498 24.0
15499 15500 6.0
15500 15499 6.0
15499 15578 24.0
15578 15499 24.0
15500 15579 24.0
15579 15500 24.0
15501 15502 28.0
15502 15501 28.0
15501 15555 16.0
15555 15501 16.0
15502 15503 15.0
15503 15502 15.0
15502 15556 16.0
15556 15502 16.0
15503 15504 17.0
15504 15503 17.0
15504 15505 32.0
15505 15504 32.0
15505 15506 45.0
15506 15505 45.0
15505 15557 16.0
15557 15505 16.0
15506 15507 4.0
15507 15506 4.0
15507 15508 13.0
15508 15507 13.0
15508 15570 19.0
15570 15508 19.0
3984 15509 14.0
15509 3984 14.0
3984 15571 19.0
15571 3984 19.0
3984 15508 18.0
15508 3984 18.0
3984 15372 38.0
15372 3984 38.0
15509 15510 12.0
15510 15509 12.0
15509 15583 22.0
15583 15509 22.0
15510 15511 13.0
15511 15510 13.0
15510 15584 22.0
15584 15510 22.0
2278 15512 32.0
15512 2278 32.0
2278 15586 19.0
15586 2278 19.0
2278 15379 39.0
15379 2278 39.0
15512 15592 24.0
15592 15512 24.0
15513 15514 5.0
15514 15513 5.0
15513 15523 2.0
15523 15513 2.0
15514 15515 6.0
15515 15514 6.0
15514 15524 2.0
15524 15514 2.0
15515 15516 15.0
15516 15515 15.0
15515 15525 2.0
15525 15515 2.0
15516 15517 2.0
15517 15516 2.0
15516 15526 2.0
15526 15516 2.0
15517 15527 2.0
15527 15517 2.0
2694 15518 21.0
15518 2694 21.0
2694 15528 2.0
15528 2694 2.0
2694 15517 33.0
15517 2694 33.0
2694 15445 20.0
15445 2694 20.0
15518 15529 2.0
15529 15518 2.0
1567 15519 32.0
15519 1567 32.0
15519 15535 11.0
15535 15519 11.0
15520 15521 27.0
15521 15520 27.0
15521 15522 18.0
15522 15521 18.0
15522 15547 9.0
15547 15522 9.0
484 15548 9.0
15548 484 9.0
484 15522 3.0
15522 484 3.0
484 15347 53.0
15347 484 53.0
15523 15524 5.0
15524 15523 5.0
15524 15525 6.0
15525 15524 6.0
15524 15536 5.0
15536 15524 5.0
15525 15526 15.0
15526 15525 15.0
15525 15537 5.0
15537 15525 5.0
15526 15527 2.0
15527 15526 2.0
15526 15538 5.0
15538 15526 5.0
15527 15528 33.0
15528 15527 33.0
15527 15539 5.0
15539 15527 5.0
15528 15529 21.0
15529 15528 21.0
15529 15530 37.0
15530 15529 37.0
2800 15530 2.0
15530 2800 2.0
2800 15447 22.0
15447 2800 22.0
15531 15532 32.0
15532 15531 32.0
15532 15648 38.0
15648 15532 38.0
3554 15533 16.0
15533 3554 16.0
3554 15596 22.0
15596 3554 22.0
3554 15532 30.0
15532 3554 30.0
3554 15494 11.0
15494 3554 11.0
15533 15534 7.0
15534 15533 7.0
15533 15597 22.0
15597 15533 22.0
15534 15598 22.0
15598 15534 22.0
1692 15535 31.0
15535 1692 31.0
1692 15459 19.0
15459 1692 19.0
2597 15536 5.0
15536 2597 5.0
2597 15672 42.0
15672 2597 42.0
2597 15671 46.0
15671 2597 46.0
2597 15523 5.0
15523 2597 5.0
15536 15537 6.0
15537 15536 6.0
15536 15673 42.0
15673 15536 42.0
15537 15538 15.0
15538 15537 15.0
15537 15674 42.0
15674 15537 42.0
15538 15539 2.0
15539 15538 2.0
15538 15675 42.0
15675 15538 42.0
15540 15541 22.0
15541 15540 22.0
15541 15542 27.0
15542 15541 27.0
15541 15560 4.0
15560 15541 4.0
15542 15543 44.0
15543 15542 44.0
15542 15561 4.0
15561 15542 4.0
15543 15544 12.0
15544 15543 12.0
15544 15545 25.0
15545 15544 25.0
15544 15694 46.0
15694 15544 46.0
15545 15546 8.0
15546 15545 8.0
15546 15700 50.0
15700 15546 50.0
1456 15546 14.0
15546 1456 14.0
453 15547 18.0
15547 453 18.0
453 15520 36.0
15520 453 36.0
453 15521 9.0
15521 453 9.0
15547 15548 3.0
15548 15547 3.0
15547 15589 12.0
15589 15547 12.0
15548 15590 12.0
15590 15548 12.0
15549 15550 52.0
15550 15549 52.0
15549 15701 53.0
15701 15549 53.0
1937 15551 42.0
15551 1937 42.0
1937 15705 53.0
15705 1937 53.0
1937 15550 7.0
15550 1937 7.0
1937 15414 39.0
15414 1937 39.0
15551 15619 25.0
15619 15551 25.0
15552 15553 4.0
15553 15552 4.0
15552 15562 3.0
15562 15552 3.0
15553 15554 3.0
15554 15553 3.0
15553 15563 3.0
15563 15553 3.0
15554 15555 5.0
15555 15554 5.0
15554 15564 3.0
15564 15554 3.0
15555 15556 28.0
15556 15555 28.0
15555 15565 3.0
15565 15555 3.0
15556 15566 3.0
15566 15556 3.0
3836 15557 32.0
15557 3836 32.0
3836 15567 3.0
15567 3836 3.0
3836 15556 32.0
15556 3836 32.0
3836 15504 16.0
15504 3836 16.0
15557 15568 3.0
15568 15557 3.0
15558 15559 32.0
15559 15558 32.0
1200 15560 22.0
15560 1200 22.0
1200 15692 42.0
15692 1200 42.0
1200 15559 29.0
15559 1200 29.0
1200 15540 4.0
15540 1200 4.0
15560 15561 27.0
15561 15560 27.0
15560 15693 42.0
15693 15560 42.0
15562 15563 4.0
15563 15562 4.0
15563 15564 3.0
15564 15563 3.0
15563 15634 24.0
15634 15563 24.0
15564 15565 5.0
15565 15564 5.0
15564 15635 24.0
15635 15564 24.0
15565 15566 28.0
15566 15565 28.0
15565 15636 24.0
15636 15565 24.0
15566 15567 32.0
15567 15566 32.0
15566 15637 24.0
15637 15566 24.0
15567 15568 32.0
15568 15567 32.0
15567 15665 33.0
15665 15567 33.0
15568 15569 6.0
15569 15568 6.0
15569 15666 33.0
15666 15569 33.0
3942 15570 13.0
15570 3942 13.0
3942 15667 33.0
15667 3942 33.0
3942 15569 43.0
15569 3942 43.0
3942 15507 19.0
15507 3942 19.0
15570 15571 18.0
15571 15570 18.0
15570 15668 33.0
15668 15570 33.0
15571 15583 17.0
15583 15571 17.0
15572 15573 13.0
15573 15572 13.0
15572 15588 2.0
15588 15572 2.0
15573 15574 32.0
15574 15573 32.0
15573 15605 14.0
15605 15573 14.0
15574 15575 5.0
15575 15574 5.0
15574 15606 14.0
15606 15574 14.0
15575 15576 2.0
15576 15575 2.0
15575 15607 14.0
15607 15575 14.0
15576 15577 6.0
15577 15576 6.0
15576 15608 14.0
15608 15576 14.0
15577 15578 29.0
15578 15577 29.0
15577 15614 19.0
15614 15577 19.0
15578 15579 6.0
15579 15578 6.0
15578 15615 19.0
15615 15578 19.0
15579 15580 8.0
15580 15579 8.0
15579 15616 19.0
15616 15579 19.0
15580 15581 38.0
15581 15580 38.0
15581 15617 19.0
15617 15581 19.0
3335 15582 11.0
15582 3335 11.0
3335 15618 19.0
15618 3335 19.0
3335 15581 3.0
15581 3335 3.0
3335 15488 25.0
15488 3335 25.0
15582 15631 22.0
15631 15582 22.0
15583 15584 12.0
15584 15583 12.0
15584 15585 2.0
15585 15584 2.0
4043 15585 11.0
15585 4043 11.0
4043 15511 22.0
15511 4043 22.0
2238 15586 21.0
15586 2238 21.0
2238 2278 40.0
2278 2238 40.0
15586 15592 37.0
15592 15586 37.0
3008 15587 33.0
15587 3008 33.0
3008 15603 45.0
15603 3008 45.0
3008 15376 60.0
15376 3008 60.0
15587 15588 27.0
15588 15587 27.0
15587 15603 12.0
15603 15587 12.0
15589 15590 3.0
15590 15589 3.0
15590 15703 40.0
15703 15590 40.0
503 15591 44.0
15591 503 44.0
503 15600 2.0
15600 503 2.0
503 15590 19.0
15590 503 19.0
15591 15602 2.0
15602 15591 2.0
1638 15535 19.0
15535 1638 19.0
15592 15593 37.0
15593 15592 37.0
2441 15594 22.0
15594 2441 22.0
2441 15609 9.0
15609 2441 9.0
2441 15593 31.0
15593 2441 31.0
2441 15453 39.0
15453 2441 39.0
15594 15696 32.0
15696 15594 32.0
15595 15596 4.0
15596 15595 4.0
15595 15681 26.0
15681 15595 26.0
15595 15649 25.0
15649 15595 25.0
15596 15597 16.0
15597 15596 16.0
15597 15598 7.0
15598 15597 7.0
15597 15682 26.0
15682 15597 26.0
3599 15599 65.0
15599 3599 65.0
3599 15683 26.0
15683 3599 26.0
3599 15598 7.0
15598 3599 7.0
3599 15471 37.0
15471 3599 37.0
15599 15632 17.0
15632 15599 17.0
15600 15601 29.0
15601 15600 29.0
15600 15704 38.0
15704 15600 38.0
15601 15602 15.0
15602 15601 15.0
584 15711 40.0
15711 584 40.0
584 15602 7.0
15602 584 7.0
584 15456 40.0
15456 584 40.0
1099 15690 25.0
15690 1099 25.0
1099 15558 17.0
15558 1099 17.0
15603 15604 25.0
15604 15603 25.0
15604 15652 13.0
15652 15604 13.0
3113 15605 13.0
15605 3113 13.0
3113 15653 13.0
15653 3113 13.0
3113 15604 2.0
15604 3113 2.0
3113 15588 12.0
15588 3113 12.0
15605 15606 32.0
15606 15605 32.0
15605 15610 5.0
15610 15605 5.0
15606 15607 5.0
15607 15606 5.0
15606 15611 5.0
15611 15606 5.0
15607 15608 2.0
15608 15607 2.0
15607 15612 5.0
15612 15607 5.0
15608 15613 5.0
15613 15608 5.0
2395 15609 31.0
15609 2395 31.0
2395 15592 46.0
15592 2395 46.0
2395 15593 9.0
15593 2395 9.0
15609 15695 30.0
15695 15609 30.0
15610 15611 32.0
15611 15610 32.0
15610 15654 8.0
15654 15610 8.0
15611 15612 5.0
15612 15611 5.0
15611 15655 8.0
15655 15611 8.0
15612 15613 2.0
15613 15612 2.0
15612 15624 3.0
15624 15612 3.0
15613 15614 6.0
15614 15613 6.0
15613 15625 3.0
15625 15613 3.0
15614 15615 29.0
15615 15614 29.0
15614 15626 3.0
15626 15614 3.0
15615 15616 6.0
15616 15615 6.0
15615 15627 3.0
15627 15615 3.0
3271 15617 38.0
15617 3271 38.0
3271 15628 3.0
15628 3271 3.0
3271 15616 8.0
15616 3271 8.0
3271 15580 19.0
15580 3271 19.0
15617 15618 3.0
15618 15617 3.0
15617 15629 3.0
15629 15617 3.0
15618 15630 3.0
15630 15618 3.0
15619 15620 4.0
15620 15619 4.0
15619 15707 28.0
15707 15619 28.0
15620 15621 3.0
15621 15620 3.0
15621 15622 4.0
15622 15621 4.0
15622 15623 34.0
15623 15622 34.0
15622 15708 28.0
15708 15622 28.0
15623 15709 28.0
15709 15623 28.0
2131 15623 13.0
15623 2131 13.0
2131 2238 80.0
2238 2131 80.0
15624 15625 2.0
15625 15624 2.0
15624 15638 2.0
15638 15624 2.0
15625 15626 6.0
15626 15625 6.0
15625 15639 2.0
15639 15625 2.0
15626 15627 29.0
15627 15626 29.0
15626 15640 2.0
15640 15626 2.0
15627 15628 14.0
15628 15627 14.0
15627 15641 2.0
15641 15627 2.0
15628 15629 38.0
15629 15628 38.0
15628 15642 2.0
15642 15628 2.0
15629 15630 3.0
15630 15629 3.0
15629 15643 2.0
15643 15629 2.0
15630 15631 11.0
15631 15630 11.0
15630 15644 2.0
15644 15630 2.0
3393 15646 2.0
15646 3393 2.0
3393 15631 18.0
15631 3393 18.0
3393 15490 47.0
15490 3393 47.0
15632 15633 4.0
15633 15632 4.0
15632 15684 12.0
15684 15632 12.0
3738 15634 4.0
15634 3738 4.0
3738 15660 9.0
15660 3738 9.0
3738 15633 18.0
15633 3738 18.0
3738 15562 24.0
15562 3738 24.0
15634 15635 3.0
15635 15634 3.0
15634 15661 9.0
15661 15634 9.0
15635 15636 5.0
15636 15635 5.0
15635 15662 9.0
15662 15635 9.0
15636 15637 28.0
15637 15636 28.0
15636 15663 9.0
15663 15636 9.0
15637 15664 9.0
15664 15637 9.0
15638 15639 2.0
15639 15638 2.0
15639 15640 6.0
15640 15639 6.0
15639 15656 3.0
15656 15639 3.0
15640 15641 29.0
15641 15640 29.0
15640 15657 3.0
15657 15640 3.0
15641 15642 14.0
15642 15641 14.0
15641 15658 3.0
15658 15641 3.0
15642 15643 38.0
15643 15642 38.0
15642 15736 37.0
15736 15642 37.0
15643 15644 3.0
15644 15643 3.0
15643 15716 28.0
15716 15643 28.0
15644 15645 28.0
15645 15644 28.0
15645 15646 1.0
15646 15645 1.0
15645 15676 9.0
15676 15645 9.0
15646 15647 20.0
15647 15646 20.0
15646 15677 9.0
15677 15646 9.0
3466 15648 32.0
15648 3466 32.0
3466 15678 9.0
15678 3466 9.0
3466 15647 31.0
15647 3466 31.0
3466 15531 38.0
15531 3466 38.0
15648 15649 17.0
15649 15648 17.0
15648 15679 10.0
15679 15648 10.0
15649 15680 10.0
15680 15649 10.0
15650 15794 59.0
15794 15650 59.0
15650 15745 46.0
15745 15650 46.0
768 15651 13.0
15651 768 13.0
768 15795 59.0
15795 768 59.0
768 15650 13.0
15650 768 13.0
768 15475 53.0
15475 768 53.0
15651 15659 28.0
15659 15651 28.0
15652 15653 2.0
15653 15652 2.0
15653 15654 13.0
15654 15653 13.0
15654 15655 32.0
15655 15654 32.0
3191 15656 2.0
15656 3191 2.0
3191 15751 38.0
15751 3191 38.0
3191 15655 5.0
15655 3191 5.0
3191 15638 3.0
15638 3191 3.0
15656 15657 6.0
15657 15656 6.0
15656 15773 51.0
15773 15656 51.0
15657 15658 29.0
15658 15657 29.0
15658 15735 34.0
15735 15658 34.0
896 15804 63.0
15804 896 63.0
896 15659 43.0
15659 896 43.0
15660 15661 4.0
15661 15660 4.0
15660 15685 3.0
15685 15660 3.0
15661 15662 3.0
15662 15661 3.0
15661 15686 3.0
15686 15661 3.0
15662 15663 5.0
15663 15662 5.0
15662 15687 3.0
15687 15662 3.0
15663 15664 28.0
15664 15663 28.0
15663 15688 3.0
15688 15663 3.0
15664 15665 32.0
15665 15664 32.0
15665 15666 38.0
15666 15665 38.0
15665 15689 3.0
15689 15665 3.0
15666 15667 43.0
15667 15666 43.0
15667 15668 13.0
15668 15667 13.0
15667 15732 26.0
15732 15667 26.0
15668 15669 13.0
15669 15668 13.0
15668 15733 26.0
15733 15668 26.0
15669 15670 8.0
15670 15669 8.0
15669 15734 26.0
15734 15669 26.0
15670 15780 49.0
15780 15670 49.0
4025 15670 25.0
15670 4025 25.0
4025 15585 30.0
15585 4025 30.0
15671 15672 4.0
15672 15671 4.0
15671 15698 6.0
15698 15671 6.0
15672 15673 5.0
15673 15672 5.0
15673 15674 6.0
15674 15673 6.0
15673 15748 29.0
15748 15673 29.0
15674 15675 15.0
15675 15674 15.0
15674 15749 29.0
15749 15674 29.0
15675 15722 24.0
15722 15675 24.0
2642 15723 24.0
15723 2642 24.0
2642 15675 2.0
15675 2642 2.0
2642 15539 42.0
15539 2642 42.0
15676 15677 1.0
15677 15676 1.0
3413 15678 31.0
15678 3413 31.0
3413 15717 19.0
15717 3413 19.0
3413 15677 20.0
15677 3413 20.0
3413 15647 9.0
15647 3413 9.0
15678 15679 33.0
15679 15678 33.0
15679 15680 17.0
15680 15679 17.0
15679 15755 33.0
15755 15679 33.0
15680 15681 9.0
15681 15680 9.0
15681 15682 20.0
15682 15681 20.0
15681 15756 33.0
15756 15681 33.0
15682 15683 14.0
15683 15682 14.0
15683 15684 68.0
15684 15683 68.0
15683 15777 44.0
15777 15683 44.0
15684 15685 22.0
15685 15684 22.0
15684 15725 23.0
15725 15684 23.0
15685 15686 4.0
15686 15685 4.0
15685 15726 23.0
15726 15685 23.0
15686 15687 3.0
15687 15686 3.0
15686 15727 23.0
15727 15686 23.0
15687 15688 5.0
15688 15687 5.0
15687 15728 23.0
15728 15687 23.0
3792 15689 32.0
15689 3792 32.0
3792 15730 23.0
15730 3792 23.0
3792 15688 28.0
15688 3792 28.0
3792 15664 3.0
15664 3792 3.0
15689 15731 23.0
15731 15689 23.0
1636 1638 31.0
1638 1636 31.0
2792 15530 51.0
15530 2792 51.0
15690 15691 29.0
15691 15690 29.0
15690 15702 5.0
15702 15690 5.0
15691 15692 32.0
15692 15691 32.0
15692 15693 22.0
15693 15692 22.0
1277 15694 56.0
15694 1277 56.0
1277 15699 60.0
15699 1277 60.0
1277 15693 27.0
15693 1277 27.0
1277 15561 42.0
15561 1277 42.0
15694 15699 4.0
15699 15694 4.0
15695 15696 15.0
15696 15695 15.0
15696 15697 15.0
15697 15696 15.0
15696 15771 39.0
15771 15696 39.0
15697 15746 23.0
15746 15697 23.0
2512 15698 49.0
15698 2512 49.0
2512 15747 23.0
15747 2512 23.0
2512 15697 2.0
15697 2512 2.0
1410 15700 8.0
15700 1410 8.0
1410 1425 49.0
1425 1410 49.0
1410 15699 25.0
15699 1410 25.0
1410 15545 50.0
15545 1410 50.0
1832 15701 7.0
15701 1832 7.0
1832 15718 13.0
15718 1832 13.0
15701 15719 13.0
15719 15701 13.0
1068 15702 21.0
15702 1068 21.0
1068 15690 26.0
15690 1068 26.0
482 15703 3.0
15703 482 3.0
482 15757 21.0
15757 482 21.0
482 15589 40.0
15589 482 40.0
15703 15704 19.0
15704 15703 19.0
15703 15758 21.0
15758 15703 21.0
15704 15710 20.0
15710 15704 20.0
15705 15706 5.0
15706 15705 5.0
15706 15707 37.0
15707 15706 37.0
15706 15720 7.0
15720 15706 7.0
2031 15708 4.0
15708 2031 4.0
2031 15721 7.0
15721 2031 7.0
2031 15707 7.0
15707 2031 7.0
2031 15621 28.0
15621 2031 28.0
15708 15709 34.0
15709 15708 34.0
15708 15799 42.0
15799 15708 42.0
15710 15712 2.0
15712 15710 2.0
550 15711 22.0
15711 550 22.0
550 15713 2.0
15713 550 2.0
550 15710 11.0
15710 550 11.0
550 15601 40.0
15601 550 40.0
15711 15714 2.0
15714 15711 2.0
15712 15713 11.0
15713 15712 11.0
15712 15741 11.0
15741 15712 11.0
15713 15714 22.0
15714 15713 22.0
15713 15742 11.0
15742 15713 11.0
15714 15715 16.0
15715 15714 16.0
15715 15743 11.0
15743 15715 11.0
626 15744 11.0
15744 626 11.0
626 15715 12.0
15715 626 12.0
3389 15717 21.0
15717 3389 21.0
3389 15737 9.0
15737 3389 9.0
3389 15716 31.0
15716 3389 31.0
3389 15676 19.0
15676 3389 19.0
15717 15753 15.0
15753 15717 15.0
1143 15702 41.0
15702 1143 41.0
1143 15691 17.0
15691 1143 17.0
15718 15719 7.0
15719 15718 7.0
15718 15781 27.0
15781 15718 27.0
15719 15782 27.0
15782 15719 27.0
1913 15720 27.0
15720 1913 27.0
1913 15719 43.0
15719 1913 43.0
1913 15705 29.0
15705 1913 29.0
15720 15721 44.0
15721 15720 44.0
15721 15798 35.0
15798 15721 35.0
15722 15723 2.0
15723 15722 2.0
15722 15750 5.0
15750 15722 5.0
15723 15724 59.0
15724 15723 59.0
15723 15763 16.0
15763 15723 16.0
15724 15764 16.0
15764 15724 16.0
2789 15770 19.0
15770 2789 19.0
2789 15724 31.0
15724 2789 31.0
2789 2792 21.0
2792 2789 21.0
15725 15726 22.0
15726 15725 22.0
15726 15727 4.0
15727 15726 4.0
15726 15738 4.0
15738 15726 4.0
15727 15728 3.0
15728 15727 3.0
15727 15739 4.0
15739 15727 4.0
15728 15729 19.0
15729 15728 19.0
15728 15740 4.0
15740 15728 4.0
15729 15730 14.0
15730 15729 14.0
15729 15789 26.0
15789 15729 26.0
15730 15731 32.0
15731 15730 32.0
3878 15732 43.0
15732 3878 43.0
3878 15778 66.0
15778 3878 66.0
3878 15731 38.0
15731 3878 38.0
3878 15666 26.0
15666 3878 26.0
15732 15733 13.0
15733 15732 13.0
15732 15778 23.0
15778 15732 23.0
15733 15734 13.0
15734 15733 13.0
15733 15779 23.0
15779 15733 23.0
15735 15736 14.0
15736 15735 14.0
15735 15774 17.0
15774 15735 17.0
3332 15737 31.0
15737 3332 31.0
3332 15736 38.0
15736 3332 38.0
3332 15716 9.0
15716 3332 9.0
15737 15752 6.0
15752 15737 6.0
3702 15738 22.0
15738 3702 22.0
3702 15786 22.0
15786 3702 22.0
3702 15725 4.0
15725 3702 4.0
15738 15739 4.0
15739 15738 4.0
15738 15787 22.0
15787 15738 22.0
15739 15740 3.0
15740 15739 3.0
15739 15788 22.0
15788 15739 22.0
15741 15742 11.0
15742 15741 11.0
15742 15743 38.0
15743 15742 38.0
15743 15744 12.0
15744 15743 12.0
15743 15792 22.0
15792 15743 22.0
662 15745 50.0
15745 662 50.0
662 15793 22.0
15793 662 22.0
662 15744 20.0
15744 662 20.0
15746 15747 2.0
15747 15746 2.0
15746 15772 16.0
15772 15746 16.0
2586 15748 9.0
15748 2586 9.0
2586 15760 11.0
15760 2586 11.0
2586 15747 49.0
15747 2586 49.0
2586 15698 23.0
15698 2586 23.0
15748 15749 6.0
15749 15748 6.0
15748 15761 11.0
15761 15748 11.0
15749 15750 15.0
15750 15749 15.0
15749 15762 11.0
15762 15749 11.0
3108 15751 52.0
15751 3108 52.0
3108 15765 9.0
15765 3108 9.0
3108 15652 38.0
15652 3108 38.0
15751 15773 15.0
15773 15751 15.0
15752 15753 21.0
15753 15752 21.0
15752 15805 48.0
15805 15752 48.0
15753 15754 8.0
15754 15753 8.0
15753 15805 27.0
15805 15753 27.0
15754 15755 55.0
15755 15754 55.0
3536 15756 9.0
15756 3536 9.0
3536 15775 11.0
15775 3536 11.0
3536 15755 17.0
15755 3536 17.0
3536 15680 33.0
15680 3536 33.0
15756 15776 11.0
15776 15756 11.0
15757 15758 3.0
15758 15757 3.0
15757 15812 30.0
15812 15757 30.0
15758 15759 15.0
15759 15758 15.0
15759 15790 16.0
15790 15759 16.0
534 15791 16.0
15791 534 16.0
534 15759 22.0
15759 534 22.0
534 15741 6.0
15741 534 6.0
15760 15761 9.0
15761 15760 9.0
15760 15802 17.0
15802 15760 17.0
15761 15762 6.0
15762 15761 6.0
15761 15803 17.0
15803 15761 17.0
2640 15763 2.0
15763 2640 2.0
2640 15766 3.0
15766 2640 3.0
2640 15762 15.0
15762 2640 15.0
2640 15750 11.0
15750 2640 11.0
15763 15764 59.0
15764 15763 59.0
15763 15767 3.0
15767 15763 3.0
3066 15765 21.0
15765 3066 21.0
3066 15851 39.0
15851 3066 39.0
3066 15832 60.0
15832 3066 60.0
3066 3108 30.0
3108 3066 30.0
15765 15885 69.0
15885 15765 69.0
15766 15767 2.0
15767 15766 2.0
15766 15829 26.0
15829 15766 26.0
15767 15768 7.0
15768 15767 7.0
15768 15769 29.0
15769 15768 29.0
15769 15838 28.0
15838 15769 28.0
2744 15770 31.0
15770 2744 31.0
2744 15884 59.0
15884 2744 59.0
2744 15769 23.0
15769 2744 23.0
2744 15764 3.0
15764 2744 3.0
2455 15771 15.0
15771 2455 15.0
2455 15801 27.0
15801 2455 27.0
2455 15695 39.0
15695 2455 39.0
15771 15772 15.0
15772 15771 15.0
15771 15801 12.0
15801 15771 12.0
3209 15774 29.0
15774 3209 29.0
3209 15844 31.0
15844 3209 31.0
3209 15773 6.0
15773 3209 6.0
3209 15657 51.0
15657 3209 51.0
15775 15776 9.0
15776 15775 9.0
3582 15777 14.0
15777 3582 14.0
3582 15783 5.0
15783 3582 5.0
3582 15776 20.0
15776 3582 20.0
3582 15682 44.0
15682 3582 44.0
15777 15784 5.0
15784 15777 5.0
2877 15830 23.0
15830 2877 23.0
2877 15770 53.0
15770 2877 53.0
15778 15779 13.0
15779 15778 13.0
3977 15780 8.0
15780 3977 8.0
3977 15867 51.0
15867 3977 51.0
3977 15779 13.0
15779 3977 13.0
3977 15734 23.0
15734 3977 23.0
1811 15781 12.0
15781 1811 12.0
15781 15782 7.0
15782 15781 7.0
1425 1487 31.0
1487 1425 31.0
1425 15700 41.0
15700 1425 41.0
15783 15784 14.0
15784 15783 14.0
15783 15797 4.0
15797 15783 4.0
15784 15785 14.0
15785 15784 14.0
15785 15786 54.0
15786 15785 54.0
15786 15787 22.0
15787 15786 22.0
15787 15788 4.0
15788 15787 4.0
3748 15789 19.0
15789 3748 19.0
3748 15853 41.0
15853 3748 41.0
3748 15788 3.0
15788 3748 3.0
3748 15740 22.0
15740 3748 22.0
15790 15791 22.0
15791 15790 22.0
15791 15792 49.0
15792 15791 49.0
15791 15813 14.0
15813 15791 14.0
15792 15793 32.0
15793 15792 32.0
734 15794 9.0
15794 734 9.0
734 15807 13.0
15807 734 13.0
734 15793 50.0
15793 734 50.0
734 15745 22.0
15745 734 22.0
15794 15795 13.0
15795 15794 13.0
15794 15808 13.0
15808 15794 13.0
15795 15809 13.0
15809 15795 13.0
1487 15855 41.0
15855 1487 41.0
15796 15834 19.0
15834 15796 19.0
2340 15796 3.0
15796 2340 3.0
3548 15797 20.0
15797 3548 20.0
3548 15775 18.0
15775 3548 18.0
3548 15776 9.0
15776 3548 9.0
15797 15865 48.0
15865 15797 48.0
1702 15843 22.0
15843 1702 22.0
1702 1811 69.0
1811 1702 69.0
15798 15799 4.0
15799 15798 4.0
15798 15856 37.0
15856 15798 37.0
15799 15800 2.0
15800 15799 2.0
15799 15857 37.0
15857 15799 37.0
15800 15858 37.0
15858 15800 37.0
2100 15864 39.0
15864 2100 39.0
2100 15800 32.0
15800 2100 32.0
2100 15709 42.0
15709 2100 42.0
2505 15802 51.0
15802 2505 51.0
2505 15825 12.0
15825 2505 12.0
2505 15801 15.0
15801 2505 15.0
2505 15772 12.0
15772 2505 12.0
15802 15803 9.0
15803 15802 9.0
15802 15828 12.0
15828 15802 12.0
15804 15811 9.0
15811 15804 9.0
983 15817 8.0
15817 983 8.0
983 15804 48.0
15804 983 48.0
1844 15781 18.0
15781 1844 18.0
1844 15782 11.0
15782 1844 11.0
15805 15806 6.0
15806 15805 6.0
3430 15806 2.0
15806 3430 2.0
3430 15754 27.0
15754 3430 27.0
15807 15808 9.0
15808 15807 9.0
15808 15809 13.0
15809 15808 13.0
15809 15810 5.0
15810 15809 5.0
15809 15839 8.0
15839 15809 8.0
15810 15814 2.0
15814 15810 2.0
824 15811 40.0
15811 824 40.0
824 15815 2.0
15815 824 2.0
824 15810 33.0
15810 824 33.0
824 15659 69.0
15659 824 69.0
496 15813 22.0
15813 496 22.0
496 15842 8.0
15842 496 8.0
496 15812 18.0
15812 496 18.0
496 15790 14.0
15790 496 14.0
15813 15848 13.0
15848 15813 13.0
15814 15815 33.0
15815 15814 33.0
15814 15818 3.0
15818 15814 3.0
15815 15816 19.0
15816 15815 19.0
15815 15819 3.0
15819 15815 3.0
15816 15820 3.0
15820 15816 3.0
889 15817 51.0
15817 889 51.0
889 15821 3.0
15821 889 3.0
889 15816 21.0
15816 889 21.0
889 15811 2.0
15811 889 2.0
15817 15823 3.0
15823 15817 3.0
15818 15819 33.0
15819 15818 33.0
15818 15840 3.0
15840 15818 3.0
15819 15820 19.0
15820 15819 19.0
15819 15841 3.0
15841 15819 3.0
15820 15821 21.0
15821 15820 21.0
15821 15822 8.0
15822 15821 8.0
15821 15861 26.0
15861 15821 26.0
15822 15823 43.0
15823 15822 43.0
15823 15824 18.0
15824 15823 18.0
1032 15824 12.0
15824 1032 12.0
15825 15826 18.0
15826 15825 18.0
15825 15895 39.0
15895 15825 39.0
15826 15827 30.0
15827 15826 30.0
15827 15828 3.0
15828 15827 3.0
15827 15835 2.0
15835 15827 2.0
2606 15829 21.0
15829 2606 21.0
2606 15836 2.0
15836 2606 2.0
2606 15828 9.0
15828 2606 9.0
2606 15803 12.0
15803 2606 12.0
15829 15837 2.0
15837 15829 2.0
15830 15831 8.0
15831 15830 8.0
15830 15845 8.0
15845 15830 8.0
2961 15832 30.0
15832 2961 30.0
2961 15847 8.0
15847 2961 8.0
2961 15831 41.0
15831 2961 41.0
15833 15876 30.0
15876 15833 30.0
2262 15834 38.0
15834 2262 38.0
2262 15833 3.0
15833 2262 3.0
2262 15796 57.0
15796 2262 57.0
15835 15836 12.0
15836 15835 12.0
15835 15882 31.0
15882 15835 31.0
15836 15837 21.0
15837 15836 21.0
2656 15838 29.0
15838 2656 29.0
2656 15883 31.0
15883 2656 31.0
2656 15837 9.0
15837 2656 9.0
2656 15768 28.0
15768 2656 28.0
743 15839 13.0
15839 743 13.0
743 15897 41.0
15897 743 41.0
743 15807 17.0
15807 743 17.0
743 15808 8.0
15808 743 8.0
15839 15840 5.0
15840 15839 5.0
15839 15898 41.0
15898 15839 41.0
15840 15841 33.0
15841 15840 33.0
15841 15859 23.0
15859 15841 23.0
431 15842 51.0
15842 431 51.0
431 432 10.0
432 431 10.0
431 15812 41.0
15812 431 41.0
15842 15848 27.0
15848 15842 27.0
1649 15843 28.0
15843 1649 28.0
15844 15869 46.0
15869 15844 46.0
3246 15870 23.0
15870 3246 23.0
3246 15844 29.0
15844 3246 29.0
3246 15774 31.0
15774 3246 31.0
15845 15846 5.0
15846 15845 5.0
15845 15888 28.0
15888 15845 28.0
15846 15889 28.0
15889 15846 28.0
2890 15847 41.0
15847 2890 41.0
2890 15890 28.0
15890 2890 28.0
2890 15846 3.0
15846 2890 3.0
2890 15831 8.0
15831 2890 8.0
15847 15850 11.0
15850 15847 11.0
15848 15849 6.0
15849 15848 6.0
610 15849 43.0
15849 610 43.0
610 15792 27.0
15792 610 27.0
15850 15903 33.0
15903 15850 33.0
3015 15851 32.0
15851 3015 32.0
3015 15904 33.0
15904 3015 33.0
3015 15850 22.0
15850 3015 22.0
3015 15832 11.0
15832 3015 11.0
15851 15905 33.0
15905 15851 33.0
432 15929 50.0
15929 432 50.0
15852 15853 35.0
15853 15852 35.0
15852 15873 8.0
15873 15852 8.0
3773 15874 8.0
15874 3773 8.0
3773 15853 19.0
15853 3773 19.0
3773 15789 41.0
15789 3773 41.0
15854 15855 14.0
15855 15854 14.0
15854 15916 29.0
15916 15854 29.0
15854 15866 15.0
15866 15854 15.0
1516 15855 19.0
15855 1516 19.0
1950 15856 44.0
15856 1950 44.0
1950 15862 46.0
15862 1950 46.0
1950 15720 72.0
15720 1950 72.0
15856 15857 4.0
15857 15856 4.0
15856 15862 2.0
15862 15856 2.0
15857 15858 2.0
15858 15857 2.0
15857 15863 2.0
15863 15857 2.0
15859 15860 7.0
15860 15859 7.0
15859 15899 18.0
15899 15859 18.0
15860 15891 12.0
15891 15860 12.0
855 15861 21.0
15861 855 21.0
855 15892 12.0
15892 855 12.0
855 15860 12.0
15860 855 12.0
855 15820 26.0
15820 855 26.0
15861 15893 12.0
15893 15861 12.0
15862 15863 4.0
15863 15862 4.0
15863 15941 43.0
15941 15863 43.0
2046 15864 32.0
15864 2046 32.0
2046 15942 43.0
15942 2046 43.0
2046 15863 2.0
15863 2046 2.0
2046 15858 2.0
15858 2046 2.0
15864 15875 42.0
15875 15864 42.0
3621 15872 12.0
15872 3621 12.0
3621 15865 23.0
15865 3621 23.0
3621 15785 47.0
15785 3621 47.0
1339 15866 59.0
15866 1339 59.0
1339 15915 23.0
15915 1339 23.0
1339 15914 26.0
15914 1339 26.0
15867 15868 5.0
15868 15867 5.0
15867 15937 38.0
15937 15867 38.0
15868 15938 38.0
15938 15868 38.0
3992 15868 3.0
15868 3992 3.0
3992 15780 51.0
15780 3992 51.0
15869 15870 52.0
15870 15869 52.0
15869 15877 2.0
15877 15869 2.0
15870 15871 38.0
15871 15870 38.0
15870 15878 2.0
15878 15870 2.0
15871 15879 2.0
15879 15871 2.0
3359 15880 2.0
15880 3359 2.0
3359 15871 31.0
15871 3359 31.0
3678 15873 7.0
15873 3678 7.0
3678 15872 31.0
15872 3678 31.0
3678 15852 15.0
15852 3678 15.0
15873 15874 54.0
15874 15873 54.0
15874 15951 44.0
15951 15874 44.0
344 15927 33.0
15927 344 33.0
15875 15921 30.0
15921 15875 30.0
2242 15876 9.0
15876 2242 9.0
2242 15922 30.0
15922 2242 30.0
2242 15875 42.0
15875 2242 42.0
2242 15833 39.0
15833 2242 39.0
15876 15901 12.0
15901 15876 12.0
15877 15878 52.0
15878 15877 52.0
15878 15879 38.0
15879 15878 38.0
15878 15886 3.0
15886 15878 3.0
15879 15880 31.0
15880 15879 31.0
15880 15881 19.0
15881 15880 19.0
15880 15912 17.0
15912 15880 17.0
3426 15925 30.0
15925 3426 30.0
3426 15881 22.0
15881 3426 22.0
3426 15806 40.0
15806 3426 40.0
15882 15883 42.0
15883 15882 42.0
15882 15896 6.0
15896 15882 6.0
2701 15884 23.0
15884 2701 23.0
2701 15887 26.0
15887 2701 26.0
2701 15883 29.0
15883 2701 29.0
2701 15838 31.0
15838 2701 31.0
15884 15887 3.0
15887 15884 3.0
3165 15886 52.0
15886 3165 52.0
3165 15885 31.0
15885 3165 31.0
3165 15877 3.0
15877 3165 3.0
2784 15888 54.0
15888 2784 54.0
2784 15887 27.0
15887 2784 27.0
15888 15889 5.0
15889 15888 5.0
15889 15890 3.0
15890 15889 3.0
15890 15917 25.0
15917 15890 25.0
15891 15892 12.0
15892 15891 12.0
15891 15900 6.0
15900 15891 6.0
15892 15893 21.0
15893 15892 21.0
15893 15894 7.0
15894 15893 7.0
15893 15935 28.0
15935 15893 28.0
15894 15936 28.0
15936 15894 28.0
907 15958 40.0
15958 907 40.0
907 15894 1.0
15894 907 1.0
907 15822 38.0
15822 907 38.0
2534 15896 30.0
15896 2534 30.0
2534 15911 8.0
15911 2534 8.0
2534 15895 18.0
15895 2534 18.0
2534 15826 39.0
15826 2534 39.0
1012 15971 53.0
15971 1012 53.0
1012 15824 40.0
15824 1012 40.0
15897 15898 13.0
15898 15897 13.0
15897 15931 25.0
15931 15897 25.0
772 15899 33.0
15899 772 33.0
772 15932 22.0
15932 772 22.0
772 15898 5.0
15898 772 5.0
772 15840 41.0
15840 772 41.0
15899 15900 7.0
15900 15899 7.0
15899 15933 22.0
15933 15899 22.0
15901 15902 27.0
15902 15901 27.0
15902 15923 18.0
15923 15902 18.0
2336 15908 3.0
15908 2336 3.0
2336 15902 14.0
15902 2336 14.0
2336 15834 42.0
15834 2336 42.0
15903 15904 22.0
15904 15903 22.0
15904 15905 32.0
15905 15904 32.0
15904 15919 17.0
15919 15904 17.0
15905 15906 6.0
15906 15905 6.0
15906 15907 9.0
15907 15906 9.0
15906 15920 17.0
15920 15906 17.0
15907 15950 29.0
15950 15907 29.0
3122 15907 12.0
15907 3122 12.0
3122 15885 9.0
15885 3122 9.0
15908 15909 59.0
15909 15908 59.0
15908 15924 15.0
15924 15908 15.0
15909 15910 18.0
15910 15909 18.0
15910 15963 40.0
15963 15910 40.0
2465 15911 41.0
15911 2465 41.0
2465 15910 4.0
15910 2465 4.0
2465 15895 31.0
15895 2465 31.0
15911 15913 31.0
15913 15911 31.0
1698 1774 42.0
1774 1698 42.0
1698 15843 41.0
15843 1698 41.0
3638 15981 50.0
15981 3638 50.0
3638 15872 18.0
15872 3638 18.0
3306 15912 31.0
15912 3306 31.0
3306 15886 52.0
15886 3306 52.0
3306 15879 17.0
15879 3306 17.0
1774 16007 61.0
16007 1774 61.0
2581 16008 60.0
16008 2581 60.0
2581 15913 3.0
15913 2581 3.0
2581 15896 12.0
15896 2581 12.0
15914 15915 3.0
15915 15914 3.0
1443 15916 9.0
15916 1443 9.0
1443 15944 27.0
15944 1443 27.0
1443 15915 59.0
15915 1443 59.0
1443 15866 23.0
15866 1443 23.0
542 15966 30.0
15966 542 30.0
542 15930 8.0
15930 542 8.0
542 15849 49.0
15849 542 49.0
15917 15918 6.0
15918 15917 6.0
15917 15959 18.0
15959 15917 18.0
15918 15946 12.0
15946 15918 12.0
2978 15919 22.0
15919 2978 22.0
2978 15947 12.0
15947 2978 12.0
2978 15918 43.0
15918 2978 43.0
2978 15903 17.0
15903 2978 17.0
15919 15920 38.0
15920 15919 38.0
15919 15948 12.0
15948 15919 12.0
15921 15922 42.0
15922 15921 42.0
2258 15923 27.0
15923 2258 27.0
2258 15997 43.0
15997 2258 43.0
2258 15922 9.0
15922 2258 9.0
2258 15901 18.0
15901 2258 18.0
15923 15924 14.0
15924 15923 14.0
15923 15998 43.0
15998 15923 43.0
15924 15961 25.0
15961 15924 25.0
3400 15925 22.0
15925 3400 22.0
3400 15912 32.0
15912 3400 32.0
3400 15881 30.0
15881 3400 30.0
15925 16001 43.0
16001 15925 43.0
15926 15927 14.0
15927 15926 14.0
15926 15939 6.0
15939 15926 6.0
15927 15928 29.0
15928 15927 29.0
15927 15940 6.0
15940 15927 6.0
415 15929 12.0
15929 415 12.0
415 15945 9.0
15945 415 9.0
415 15928 31.0
15928 415 31.0
1130 15979 32.0
15979 1130 32.0
441 15930 70.0
15930 441 70.0
441 15964 23.0
15964 441 23.0
441 15929 9.0
15929 441 9.0
15931 15932 21.0
15932 15931 21.0
15932 15933 33.0
15933 15932 33.0
15933 15934 4.0
15934 15933 4.0
15934 15955 12.0
15955 15934 12.0
842 15935 33.0
15935 842 33.0
842 15956 12.0
15956 842 12.0
842 15934 3.0
15934 842 3.0
842 15900 22.0
15900 842 22.0
15935 15936 7.0
15936 15935 7.0
15935 15957 12.0
15957 15935 12.0
3917 15937 44.0
15937 3917 44.0
3917 15985 33.0
15985 3917 33.0
3917 15953 19.0
15953 3917 19.0
15937 15938 5.0
15938 15937 5.0
15937 15986 33.0
15986 15937 33.0
304 15939 18.0
15939 304 18.0
304 15926 24.0
15926 304 24.0
15939 15940 14.0
15940 15939 14.0
15941 15942 2.0
15942 15941 2.0
15942 15943 37.0
15943 15942 37.0
15943 15954 7.0
15954 15943 7.0
2168 15995 35.0
15995 2168 35.0
2168 15943 32.0
15943 2168 32.0
2168 15921 8.0
15921 2168 8.0
1459 15944 2.0
15944 1459 2.0
1459 15916 20.0
15916 1459 20.0
380 15945 31.0
15945 380 31.0
380 15940 32.0
15940 380 32.0
380 15928 9.0
15928 380 9.0
15945 16050 69.0
16050 15945 69.0
15946 15947 43.0
15947 15946 43.0
15946 15960 6.0
15960 15946 6.0
15947 15948 22.0
15948 15947 22.0
15947 15975 21.0
15975 15947 21.0
15948 15949 5.0
15949 15948 5.0
15949 15976 21.0
15976 15949 21.0
3081 15950 9.0
15950 3081 9.0
3081 15978 21.0
15978 3081 21.0
3081 15949 33.0
15949 3081 33.0
3081 15920 12.0
15920 3081 12.0
741 15931 8.0
15931 741 8.0
15951 15952 6.0
15952 15951 6.0
15951 15990 27.0
15990 15951 27.0
15952 15982 26.0
15982 15952 26.0
3823 15953 59.0
15953 3823 59.0
3823 15983 26.0
15983 3823 26.0
3823 15952 32.0
15952 3823 32.0
15953 15984 26.0
15984 15953 26.0
2041 15954 39.0
15954 2041 39.0
2041 16003 32.0
16003 2041 32.0
2041 15941 7.0
15941 2041 7.0
15954 15994 28.0
15994 15954 28.0
15955 15956 3.0
15956 15955 3.0
15956 15957 33.0
15957 15956 33.0
905 15958 1.0
15958 905 1.0
905 15969 13.0
15969 905 13.0
905 15957 7.0
15957 905 7.0
905 15936 12.0
15936 905 12.0
15958 15969 12.0
15969 15958 12.0
1333 15914 27.0
15914 1333 27.0
2885 15959 3.0
15959 2885 3.0
2885 15972 15.0
15972 2885 15.0
2885 15888 48.0
15888 2885 48.0
2885 15889 43.0
15889 2885 43.0
15959 15960 6.0
15960 15959 6.0
15959 15973 15.0
15973 15959 15.0
15960 15974 15.0
15974 15960 15.0
676 15968 40.0
15968 676 40.0
676 741 49.0
741 676 49.0
15961 15962 8.0
15962 15961 8.0
15961 15999 18.0
15999 15961 18.0
2420 15963 18.0
15963 2420 18.0
2420 16000 18.0
16000 2420 18.0
2420 15962 51.0
15962 2420 51.0
2420 15909 40.0
15909 2420 40.0
15963 16023 32.0
16023 15963 32.0
15964 15965 17.0
15965 15964 17.0
15964 16052 48.0
16052 15964 48.0
541 15966 1.0
15966 541 1.0
541 15967 3.0
15967 541 3.0
541 15965 53.0
15965 541 53.0
541 15930 23.0
15930 541 23.0
15966 15967 2.0
15967 15966 2.0
603 15968 19.0
15968 603 19.0
603 15967 39.0
15967 603 39.0
15969 15970 7.0
15970 15969 7.0
972 15971 20.0
15971 972 20.0
972 1008 31.0
1008 972 31.0
972 15970 31.0
15970 972 31.0
15972 15973 3.0
15973 15972 3.0
15972 16026 28.0
16026 15972 28.0
15973 15974 6.0
15974 15973 6.0
15973 16026 25.0
16026 15973 25.0
15974 15975 43.0
15975 15974 43.0
15975 15976 27.0
15976 15975 27.0
15975 16027 25.0
16027 15975 25.0
15976 15977 30.0
15977 15976 30.0
15977 15978 3.0
15978 15977 3.0
15977 16019 23.0
16019 15977 23.0
3099 16020 23.0
16020 3099 23.0
3099 15978 9.0
15978 3099 9.0
3099 15950 21.0
15950 3099 21.0
15979 15980 38.0
15980 15979 38.0
15979 15992 8.0
15992 15979 8.0
1221 16018 20.0
16018 1221 20.0
1221 15980 11.0
15980 1221 11.0
1221 1223 52.0
1223 1221 52.0
3587 15981 33.0
15981 3587 33.0
3587 15987 3.0
15987 3587 3.0
3587 15865 70.0
15865 3587 70.0
15981 15989 3.0
15989 15981 3.0
15982 15983 32.0
15983 15982 32.0
15982 15991 1.0
15991 15982 1.0
15983 15984 59.0
15984 15983 59.0
15983 16017 13.0
16017 15983 13.0
15984 15985 12.0
15985 15984 12.0
15985 15986 44.0
15986 15985 44.0
3985 15986 5.0
15986 3985 5.0
3985 15938 33.0
15938 3985 33.0
1008 1052 32.0
1052 1008 32.0
1008 15971 11.0
15971 1008 11.0
15987 15988 30.0
15988 15987 30.0
15987 16011 12.0
16011 15987 12.0
15987 16002 36.0
16002 15987 36.0
15988 15989 3.0
15989 15988 3.0
15988 16012 12.0
16012 15988 12.0
15989 16013 12.0
16013 15989 12.0
3695 15990 54.0
15990 3695 54.0
3695 16014 12.0
16014 3695 12.0
3695 15989 38.0
15989 3695 38.0
3695 15873 71.0
15873 3695 71.0
15990 15991 6.0
15991 15990 6.0
15990 16015 12.0
16015 15990 12.0
1052 15992 50.0
15992 1052 50.0
1052 15993 9.0
15993 1052 9.0
1128 15993 43.0
15993 1128 43.0
1128 15992 2.0
15992 1128 2.0
15994 15995 32.0
15995 15994 32.0
15995 15996 18.0
15996 15995 18.0
15995 16005 4.0
16005 15995 4.0
15996 15997 33.0
15997 15996 33.0
15997 15998 27.0
15998 15997 27.0
15998 15999 14.0
15999 15998 14.0
15998 16045 27.0
16045 15998 27.0
2347 16000 51.0
16000 2347 51.0
2347 16049 29.0
16049 2347 29.0
2347 15999 8.0
15999 2347 8.0
2347 15962 18.0
15962 2347 18.0
16000 16023 32.0
16023 16000 32.0
16001 16073 47.0
16073 16001 47.0
3481 16002 39.0
16002 3481 39.0
3481 16009 8.0
16009 3481 8.0
3481 16001 37.0
16001 3481 37.0
16002 16010 8.0
16010 16002 8.0
921 15970 19.0
15970 921 19.0
16003 16004 38.0
16004 16003 38.0
16003 16034 40.0
16034 16003 40.0
16004 16042 23.0
16042 16004 23.0
2115 16005 32.0
16005 2115 32.0
2115 16043 23.0
16043 2115 23.0
2115 16004 1.0
16004 2115 1.0
2115 15994 4.0
15994 2115 4.0
16005 16044 23.0
16044 16005 23.0
16006 16007 17.0
16007 16006 17.0
16006 16069 39.0
16069 16006 39.0
1785 16070 39.0
16070 1785 39.0
1785 16007 8.0
16007 1785 8.0
2575 16008 3.0
16008 2575 3.0
2575 16025 8.0
16025 2575 8.0
2575 16024 20.0
16024 2575 20.0
2575 15913 60.0
15913 2575 60.0
16008 16039 14.0
16039 16008 14.0
16009 16010 39.0
16010 16009 39.0
16009 16028 6.0
16028 16009 6.0
16010 16011 32.0
16011 16010 32.0
16010 16029 6.0
16029 16010 6.0
16011 16012 30.0
16012 16011 30.0
16011 16030 6.0
16030 16011 6.0
16012 16013 3.0
16013 16012 3.0
16013 16014 38.0
16014 16013 38.0
16013 16031 6.0
16031 16013 6.0
16014 16015 54.0
16015 16014 54.0
16014 16032 6.0
16032 16014 6.0
16015 16016 5.0
16016 16015 5.0
3781 16017 32.0
16017 3781 32.0
3781 16016 1.0
16016 3781 1.0
3781 15991 12.0
15991 3781 12.0
16017 16022 62.0
16022 16017 62.0
1202 16018 11.0
16018 1202 11.0
1202 1243 51.0
1243 1202 51.0
1202 15980 20.0
15980 1202 20.0
16018 16040 32.0
16040 16018 32.0
836 15955 39.0
15955 836 39.0
16019 16020 12.0
16020 16019 12.0
16019 16033 5.0
16033 16019 5.0
16020 16021 58.0
16021 16020 58.0
3198 16021 2.0
16021 3198 2.0
3905 16022 1.0
16022 3905 1.0
3905 15984 17.0
15984 3905 17.0
16023 16035 6.0
16035 16023 6.0
2495 16024 39.0
16024 2495 39.0
2495 16036 6.0
16036 2495 6.0
2495 16023 21.0
16023 2495 21.0
16024 16025 12.0
16025 16024 12.0
16024 16037 6.0
16037 16024 6.0
16025 16038 6.0
16038 16025 6.0
2905 16027 43.0
16027 2905 43.0
2905 16026 6.0
16026 2905 6.0
2905 15974 25.0
15974 2905 25.0
16028 16029 39.0
16029 16028 39.0
16028 16054 18.0
16054 16028 18.0
16029 16030 32.0
16030 16029 32.0
3631 16031 3.0
16031 3631 3.0
3631 16056 18.0
16056 3631 18.0
3631 16030 30.0
16030 3631 30.0
3631 16012 6.0
16012 3631 6.0
16031 16032 38.0
16032 16031 38.0
16031 16088 53.0
16088 16031 53.0
16032 16083 51.0
16083 16032 51.0
631 16064 22.0
16064 631 22.0
631 15968 31.0
15968 631 31.0
3024 16033 30.0
16033 3024 30.0
3024 16066 49.0
16066 3024 49.0
3024 16027 30.0
16027 3024 30.0
3024 15976 28.0
15976 3024 28.0
1927 16034 39.0
16034 1927 39.0
1927 16080 50.0
16080 1927 50.0
16035 16036 21.0
16036 16035 21.0
16036 16037 39.0
16037 16036 39.0
16036 16060 13.0
16060 16036 13.0
16037 16038 12.0
16038 16037 12.0
16038 16039 3.0
16039 16038 3.0
16038 16071 26.0
16071 16038 26.0
16039 16072 26.0
16072 16039 26.0
2713 16067 21.0
16067 2713 21.0
2713 16039 77.0
16039 2713 77.0
16040 16041 18.0
16041 16040 18.0
16041 16046 3.0
16046 16041 3.0
1330 16047 3.0
16047 1330 3.0
1330 16041 33.0
16041 1330 33.0
1330 1333 53.0
1333 1330 53.0
324 16061 9.0
16061 324 9.0
324 15939 61.0
15939 324 61.0
16042 16043 1.0
16043 16042 1.0
16043 16044 32.0
16044 16043 32.0
2196 16045 60.0
16045 2196 60.0
2196 2311 62.0
2311 2196 62.0
2196 16044 18.0
16044 2196 18.0
2196 15996 27.0
15996 2196 27.0
16046 16047 33.0
16047 16046 33.0
16046 16057 5.0
16057 16046 5.0
16047 16048 69.0
16048 16047 69.0
1457 16082 30.0
16082 1457 30.0
1457 16048 2.0
16048 1457 2.0
1457 15944 61.0
15944 1457 61.0
2311 16049 22.0
16049 2311 22.0
2311 16045 2.0
16045 2311 2.0
16049 16058 4.0
16058 16049 4.0
16050 16051 13.0
16051 16050 13.0
16050 16063 7.0
16063 16050 7.0
16051 16052 1.0
16052 16051 1.0
16051 16077 19.0
16077 16051 19.0
16052 16053 2.0
16053 16052 2.0
16053 16078 19.0
16078 16053 19.0
469 16079 19.0
16079 469 19.0
469 16053 15.0
16053 469 15.0
469 15965 48.0
15965 469 48.0
817 836 30.0
836 817 30.0
16054 16055 28.0
16055 16054 28.0
16054 16074 38.0
16074 16054 38.0
3537 16056 62.0
16056 3537 62.0
3537 16055 11.0
16055 3537 11.0
3537 16029 18.0
16029 3537 18.0
16056 16088 38.0
16088 16056 38.0
1243 16057 18.0
16057 1243 18.0
1243 16125 51.0
16125 1243 51.0
1243 16040 8.0
16040 1243 8.0
16058 16059 57.0
16059 16058 57.0
16058 16101 55.0
16101 16058 55.0
2462 16060 21.0
16060 2462 21.0
2462 16059 12.0
16059 2462 12.0
2462 16035 13.0
16035 2462 13.0
3901 16022 21.0
16022 3901 21.0
287 16061 31.0
16061 287 31.0
16061 16062 31.0
16062 16061 31.0
2113 16106 40.0
16106 2113 40.0
2113 16081 19.0
16081 2113 19.0
2113 16042 8.0
16042 2113 8.0
16062 16075 12.0
16075 16062 12.0
359 16063 50.0
16063 359 50.0
359 16076 12.0
16076 359 12.0
359 16062 2.0
16062 359 2.0
16064 16065 27.0
16065 16064 27.0
16064 16109 38.0
16109 16064 38.0
686 16065 12.0
16065 686 12.0
16066 16121 43.0
16121 16066 43.0
3073 16122 43.0
16122 3073 43.0
3073 16066 3.0
16066 3073 3.0
3073 16033 22.0
16033 3073 22.0
3780 16016 31.0
16016 3780 31.0
16067 16068 17.0
16068 16067 17.0
16067 16093 27.0
16093 16067 27.0
16067 16092 33.0
16092 16067 33.0
2766 16068 13.0
16068 2766 13.0
1729 16069 7.0
16069 1729 7.0
1729 16142 50.0
16142 1729 50.0
1729 16084 40.0
16084 1729 40.0
1729 16006 46.0
16006 1729 46.0
16069 16070 25.0
16070 16069 25.0
16069 16117 33.0
16117 16069 33.0
16070 16118 33.0
16118 16070 33.0
2553 16071 12.0
16071 2553 12.0
2553 16085 21.0
16085 2553 21.0
2553 16060 52.0
16060 2553 52.0
2553 16037 26.0
16037 2553 26.0
16071 16072 3.0
16072 16071 3.0
16071 16086 21.0
16086 16071 21.0
16072 16087 21.0
16087 16072 21.0
3394 16073 26.0
16073 3394 26.0
3394 16094 22.0
16094 3394 22.0
16073 16074 14.0
16074 16073 14.0
16073 16095 22.0
16095 16073 22.0
1069 16112 29.0
16112 1069 29.0
1069 16111 33.0
16111 1069 33.0
1069 15993 49.0
15993 1069 49.0
16075 16076 2.0
16076 16075 2.0
424 16077 13.0
16077 424 13.0
424 16076 50.0
16076 424 50.0
424 16063 12.0
16063 424 12.0
16077 16078 3.0
16078 16077 3.0
16077 16183 82.0
16183 16077 82.0
16078 16079 15.0
16079 16078 15.0
16079 16108 72.0
16108 16079 72.0
1996 16081 60.0
16081 1996 60.0
1996 16080 21.0
16080 1996 21.0
1996 16034 32.0
16034 1996 32.0
3192 16103 22.0
16103 3192 22.0
3192 16021 40.0
16021 3192 40.0
1453 16082 2.0
16082 1453 2.0
1453 16130 34.0
16130 1453 34.0
1453 16048 30.0
16048 1453 30.0
16082 16098 14.0
16098 16082 14.0
3766 16083 41.0
16083 3766 41.0
3766 3780 30.0
3780 3766 30.0
3523 16096 30.0
16096 3523 30.0
3523 16055 29.0
16055 3523 29.0
1596 16084 49.0
16084 1596 49.0
950 16110 12.0
16110 950 12.0
16085 16086 12.0
16086 16085 12.0
16086 16087 3.0
16087 16086 3.0
2591 16091 1.0
16091 2591 1.0
2591 16087 4.0
16087 2591 4.0
16088 16089 4.0
16089 16088 4.0
16089 16090 27.0
16090 16089 27.0
16090 16107 8.0
16107 16090 8.0
3706 16090 14.0
16090 3706 14.0
3706 16083 9.0
16083 3706 9.0
16091 16167 49.0
16167 16091 49.0
2643 16092 36.0
16092 2643 36.0
2643 16091 31.0
16091 2643 31.0
16092 16093 6.0
16093 16092 6.0
16092 16138 23.0
16138 16092 23.0
16093 16139 23.0
16139 16093 23.0
16094 16095 26.0
16095 16094 26.0
16094 16105 28.0
16105 16094 28.0
3447 16096 29.0
16096 3447 29.0
3447 16140 22.0
16140 3447 22.0
3447 16095 14.0
16095 3447 14.0
3447 16074 22.0
16074 3447 22.0
16097 16149 29.0
16149 16097 29.0
16097 16120 24.0
16120 16097 24.0
1957 16097 14.0
16097 1957 14.0
1957 16080 19.0
16080 1957 19.0
16098 16099 27.0
16099 16098 27.0
16098 16130 18.0
16130 16098 18.0
16099 16100 49.0
16100 16099 49.0
16100 16132 18.0
16132 16100 18.0
1578 16187 63.0
16187 1578 63.0
1578 16100 3.0
16100 1578 3.0
1578 1596 20.0
1596 1578 20.0
2436 16151 29.0
16151 2436 29.0
2436 16101 42.0
16101 2436 42.0
2436 16059 40.0
16059 2436 40.0
16102 16103 13.0
16103 16102 13.0
16102 16123 8.0
16123 16102 8.0
16103 16104 28.0
16104 16103 28.0
3249 16105 59.0
16105 3249 59.0
3249 16104 11.0
16104 3249 11.0
2104 16106 2.0
16106 2104 2.0
2104 16113 2.0
16113 2104 2.0
2104 16081 23.0
16081 2104 23.0
16106 16114 2.0
16114 16106 2.0
3645 16107 27.0
16107 3645 27.0
3645 16259 80.0
16259 3645 80.0
3645 16089 8.0
16089 3645 8.0
595 16109 23.0
16109 595 23.0
595 16115 19.0
16115 595 19.0
595 16108 43.0
16108 595 43.0
16109 16116 2.0
16116 16109 2.0
16110 16152 39.0
16152 16110 39.0
1020 16111 27.0
16111 1020 27.0
1020 16110 40.0
16110 1020 40.0
16111 16112 4.0
16112 16111 4.0
16111 16127 12.0
16127 16111 12.0
16112 16128 12.0
16128 16112 12.0
16113 16114 2.0
16114 16113 2.0
16114 16176 48.0
16176 16114 48.0
2177 16114 38.0
16114 2177 38.0
16115 16116 6.0
16116 16115 6.0
16116 16265 79.0
16265 16116 79.0
670 16116 27.0
16116 670 27.0
670 16065 40.0
16065 670 40.0
16117 16118 25.0
16118 16117 25.0
16117 16143 17.0
16143 16117 17.0
16118 16119 5.0
16119 16118 5.0
16118 16157 38.0
16157 16118 38.0
16119 16144 22.0
16144 16119 22.0
1847 16120 40.0
16120 1847 40.0
1847 16146 22.0
16146 1847 22.0
1847 16119 32.0
16119 1847 32.0
792 16168 42.0
16168 792 42.0
792 817 62.0
817 792 62.0
16121 16122 3.0
16122 16121 3.0
3154 16123 9.0
16123 3154 9.0
3154 16150 18.0
16150 3154 18.0
3154 16122 48.0
16122 3154 48.0
3154 16102 17.0
16102 3154 17.0
16124 16125 25.0
16125 16124 25.0
16124 16134 7.0
16134 16124 7.0
16124 16129 23.0
16129 16124 23.0
16125 16126 4.0
16126 16125 4.0
16125 16135 7.0
16135 16125 7.0
16126 16136 7.0
16136 16126 7.0
1276 16137 7.0
16137 1276 7.0
1276 16126 14.0
16126 1276 14.0
1276 16057 51.0
16057 1276 51.0
358 16075 38.0
16075 358 38.0
16127 16128 4.0
16128 16127 4.0
16128 16199 50.0
16199 16128 50.0
1095 16129 50.0
16129 1095 50.0
1095 16133 2.0
16133 1095 2.0
1095 16128 19.0
16128 1095 19.0
16130 16131 25.0
16131 16130 25.0
16131 16184 45.0
16184 16131 45.0
1504 16132 49.0
16132 1504 49.0
1504 16185 45.0
16185 1504 45.0
1504 16131 2.0
16131 1504 2.0
1504 16099 18.0
16099 1504 18.0
16132 16186 45.0
16186 16132 45.0
16133 16200 48.0
16200 16133 48.0
1176 16134 18.0
16134 1176 18.0
1176 16171 34.0
16171 1176 34.0
1176 16133 50.0
16133 1176 50.0
1176 16129 2.0
16129 1176 2.0
16134 16135 25.0
16135 16134 25.0
16134 16172 34.0
16172 16134 34.0
16135 16136 4.0
16136 16135 4.0
16135 16173 34.0
16173 16135 34.0
16136 16137 14.0
16137 16136 14.0
16136 16174 34.0
16174 16136 34.0
16137 16175 34.0
16175 16137 34.0
16138 16139 6.0
16139 16138 6.0
16138 16177 36.0
16177 16138 36.0
2745 16178 36.0
16178 2745 36.0
2745 16139 17.0
16139 2745 17.0
2745 16068 50.0
16068 2745 50.0
16140 16141 27.0
16141 16140 27.0
16140 16182 36.0
16182 16140 36.0
16140 16181 44.0
16181 16140 44.0
3487 16141 2.0
16141 3487 2.0
3487 16096 22.0
16096 3487 22.0
3235 16104 20.0
16104 3235 20.0
1686 16142 23.0
16142 1686 23.0
1686 16154 21.0
16154 1686 21.0
1686 16153 22.0
16153 1686 22.0
1686 16084 33.0
16084 1686 33.0
16142 16143 7.0
16143 16142 7.0
16142 16155 21.0
16155 16142 21.0
2878 16180 32.0
16180 2878 32.0
16144 16145 19.0
16145 16144 19.0
16144 16158 16.0
16158 16144 16.0
16145 16146 13.0
16146 16145 13.0
16145 16165 17.0
16165 16145 17.0
16146 16147 27.0
16147 16146 27.0
16147 16148 8.0
16148 16147 8.0
16148 16231 50.0
16231 16148 50.0
1910 16149 17.0
16149 1910 17.0
1910 16232 50.0
16232 1910 50.0
1910 16148 5.0
16148 1910 5.0
1910 16120 22.0
16120 1910 22.0
16149 16248 54.0
16248 16149 54.0
3067 16150 51.0
16150 3067 51.0
3067 16121 18.0
16121 3067 18.0
2373 16151 42.0
16151 2373 42.0
2373 16297 60.0
16297 2373 60.0
2373 16101 29.0
16101 2373 29.0
16151 16166 51.0
16166 16151 51.0
946 16152 2.0
16152 946 2.0
946 16170 7.0
16170 946 7.0
946 16169 21.0
16169 946 21.0
946 16110 41.0
16110 946 41.0
16152 16197 23.0
16197 16152 23.0
16153 16154 1.0
16154 16153 1.0
16153 16159 1.0
16159 16153 1.0
16154 16155 23.0
16155 16154 23.0
16154 16160 1.0
16160 16154 1.0
16155 16156 4.0
16156 16155 4.0
16155 16161 1.0
16161 16155 1.0
16156 16162 1.0
16162 16156 1.0
1740 16157 25.0
16157 1740 25.0
1740 16163 1.0
16163 1740 1.0
1740 16156 3.0
16156 1740 3.0
1740 16143 21.0
16143 1740 21.0
16157 16158 5.0
16158 16157 5.0
16157 16164 1.0
16164 16157 1.0
16159 16160 1.0
16160 16159 1.0
16160 16161 23.0
16161 16160 23.0
16160 16190 18.0
16190 16160 18.0
16161 16162 4.0
16162 16161 4.0
16161 16191 18.0
16191 16161 18.0
16162 16163 3.0
16163 16162 3.0
16162 16192 18.0
16192 16162 18.0
16163 16164 25.0
16164 16163 25.0
1795 16165 19.0
16165 1795 19.0
1795 16229 33.0
16229 1795 33.0
1795 16164 5.0
16164 1795 5.0
1795 16158 1.0
16158 1795 1.0
16165 16230 33.0
16230 16165 33.0
2550 16167 22.0
16167 2550 22.0
2550 16304 49.0
16304 2550 49.0
2550 16166 33.0
16166 2550 33.0
2550 16085 53.0
16085 2550 53.0
16167 16306 51.0
16306 16167 51.0
3168 16251 32.0
16251 3168 32.0
3168 16150 31.0
16150 3168 31.0
3168 16123 40.0
16123 3168 40.0
857 16169 37.0
16169 857 37.0
857 16233 29.0
16233 857 29.0
857 16168 39.0
16168 857 39.0
16169 16170 14.0
16170 16169 14.0
16169 16234 29.0
16234 16169 29.0
16170 16196 16.0
16196 16170 16.0
16171 16172 18.0
16172 16171 18.0
16171 16216 18.0
16216 16171 18.0
16172 16173 25.0
16173 16172 25.0
16173 16174 4.0
16174 16173 4.0
16173 16218 18.0
16218 16173 18.0
16174 16175 14.0
16175 16174 14.0
16174 16219 18.0
16219 16174 18.0
1303 16226 23.0
16226 1303 23.0
1303 16175 19.0
16175 1303 19.0
2101 16176 4.0
16176 2101 4.0
2101 16194 13.0
16194 2101 13.0
2101 16193 36.0
16193 2101 36.0
2101 16113 50.0
16113 2101 50.0
16176 16195 13.0
16195 16176 13.0
16177 16178 23.0
16178 16177 23.0
16177 16269 31.0
16269 16177 31.0
16178 16179 47.0
16179 16178 47.0
16178 16270 31.0
16270 16178 31.0
16179 16180 34.0
16180 16179 34.0
16179 16271 31.0
16271 16179 31.0
16180 16272 31.0
16272 16180 31.0
2940 16274 31.0
16274 2940 31.0
2940 16180 39.0
16180 2940 39.0
3345 16181 55.0
16181 3345 55.0
3345 16202 14.0
16202 3345 14.0
3345 16105 53.0
16105 3345 53.0
16181 16182 8.0
16182 16181 8.0
16181 16204 14.0
16204 16181 14.0
16182 16205 14.0
16205 16182 14.0
16183 16324 39.0
16324 16183 39.0
443 16183 3.0
16183 443 3.0
443 16078 82.0
16078 443 82.0
531 16264 23.0
16264 531 23.0
531 16263 24.0
16263 531 24.0
531 16108 58.0
16108 531 58.0
16184 16185 2.0
16185 16184 2.0
16185 16186 49.0
16186 16185 49.0
16185 16201 5.0
16201 16185 5.0
16186 16187 3.0
16187 16186 3.0
16187 16188 25.0
16188 16187 25.0
16188 16189 29.0
16189 16188 29.0
16188 16210 7.0
16210 16188 7.0
16189 16211 7.0
16211 16189 7.0
1682 16190 1.0
16190 1682 1.0
1682 16212 7.0
16212 1682 7.0
1682 16189 4.0
16189 1682 4.0
1682 16159 18.0
16159 1682 18.0
16190 16191 23.0
16191 16190 23.0
16190 16347 42.0
16347 16190 42.0
16191 16192 4.0
16192 16191 4.0
16191 16275 24.0
16275 16191 24.0
16192 16276 24.0
16276 16192 24.0
16193 16194 23.0
16194 16193 23.0
16193 16250 16.0
16250 16193 16.0
16194 16195 4.0
16195 16194 4.0
16194 16291 24.0
16291 16194 24.0
16195 16292 24.0
16292 16195 24.0
2228 16294 24.0
16294 2228 24.0
2228 16195 66.0
16195 2228 66.0
16196 16197 2.0
16197 16196 2.0
16196 16235 13.0
16235 16196 13.0
16197 16198 6.0
16198 16197 6.0
16198 16236 13.0
16236 16198 13.0
1057 16199 4.0
16199 1057 4.0
1057 16237 13.0
16237 1057 13.0
1057 16198 61.0
16198 1057 61.0
1057 16127 50.0
16127 1057 50.0
16199 16200 19.0
16200 16199 19.0
16199 16238 13.0
16238 16199 13.0
16200 16213 4.0
16213 16200 4.0
1500 16201 2.0
16201 1500 2.0
1500 16208 2.0
16208 1500 2.0
1500 16207 14.0
16207 1500 14.0
1500 16184 5.0
16184 1500 5.0
16201 16209 2.0
16209 16201 2.0
16202 16203 49.0
16203 16202 49.0
16202 16280 19.0
16280 16202 19.0
16203 16204 6.0
16204 16203 6.0
16203 16254 14.0
16254 16203 14.0
16204 16205 8.0
16205 16204 8.0
16204 16255 14.0
16255 16204 14.0
16205 16206 4.0
16206 16205 4.0
16205 16256 14.0
16256 16205 14.0
16206 16257 14.0
16257 16206 14.0
3484 16258 14.0
16258 3484 14.0
3484 16206 23.0
16206 3484 23.0
3484 16141 50.0
16141 3484 50.0
16207 16208 12.0
16208 16207 12.0
16207 16228 6.0
16228 16207 6.0
16208 16209 2.0
16209 16208 2.0
16208 16390 48.0
16390 16208 48.0
16209 16391 48.0
16391 16209 48.0
1574 16210 28.0
16210 1574 28.0
1574 16396 52.0
16396 1574 52.0
1574 16209 49.0
16209 1574 49.0
1574 16186 7.0
16186 1574 7.0
16210 16211 29.0
16211 16210 29.0
16211 16212 4.0
16212 16211 4.0
16211 16345 35.0
16345 16211 35.0
16212 16346 35.0
16346 16212 35.0
16213 16214 38.0
16214 16213 38.0
16213 16240 9.0
16240 16213 9.0
16214 16215 7.0
16215 16214 7.0
16214 16220 5.0
16220 16214 5.0
16215 16216 5.0
16216 16215 5.0
16215 16221 5.0
16221 16215 5.0
16216 16217 15.0
16217 16216 15.0
16217 16222 5.0
16222 16217 5.0
1210 16218 25.0
16218 1210 25.0
1210 16223 5.0
16223 1210 5.0
1210 16217 3.0
16217 1210 3.0
1210 16172 18.0
16172 1210 18.0
16218 16219 4.0
16219 16218 4.0
16218 16224 5.0
16224 16218 5.0
16219 16225 5.0
16225 16219 5.0
16220 16221 7.0
16221 16220 7.0
16221 16222 20.0
16222 16221 20.0
16221 16241 4.0
16241 16221 4.0
16222 16223 3.0
16223 16222 3.0
16222 16242 4.0
16242 16222 4.0
16223 16224 25.0
16224 16223 25.0
16223 16243 4.0
16243 16223 4.0
16224 16225 4.0
16225 16224 4.0
16224 16333 26.0
16333 16224 26.0
16225 16226 33.0
16226 16225 33.0
16226 16227 47.0
16227 16226 47.0
16226 16334 26.0
16334 16226 26.0
16227 16388 42.0
16388 16227 42.0
1396 16228 49.0
16228 1396 49.0
1396 16389 42.0
16389 1396 42.0
1396 16227 2.0
16227 1396 2.0
16229 16230 19.0
16230 16229 19.0
16229 16278 9.0
16278 16229 9.0
16230 16244 4.0
16244 16230 4.0
1897 16231 8.0
16231 1897 8.0
1897 16245 4.0
16245 1897 4.0
1897 16230 40.0
16230 1897 40.0
1897 16147 50.0
16147 1897 50.0
16231 16232 5.0
16232 16231 5.0
16231 16246 4.0
16246 16231 4.0
16232 16247 4.0
16247 16232 4.0
773 16233 52.0
16233 773 52.0
773 16450 58.0
16450 773 58.0
773 16168 42.0
16168 773 42.0
16233 16234 37.0
16234 16233 37.0
16233 16260 41.0
16260 16233 41.0
16234 16235 14.0
16235 16234 14.0
16234 16260 4.0
16260 16234 4.0
16235 16236 8.0
16236 16235 8.0
16235 16261 4.0
16261 16235 4.0
16236 16237 61.0
16237 16236 61.0
16237 16238 4.0
16238 16237 4.0
16237 16262 4.0
16262 16237 4.0
16238 16239 4.0
16239 16238 4.0
16238 16385 38.0
16385 16238 38.0
16239 16240 15.0
16240 16239 15.0
1155 16241 7.0
16241 1155 7.0
1155 16329 22.0
16329 1155 22.0
1155 16240 38.0
16240 1155 38.0
1155 16220 4.0
16220 1155 4.0
16241 16242 20.0
16242 16241 20.0
16241 16330 22.0
16330 16241 22.0
16242 16243 3.0
16243 16242 3.0
16242 16331 22.0
16331 16242 22.0
16243 16332 22.0
16332 16243 22.0
16244 16245 40.0
16245 16244 40.0
16245 16246 8.0
16246 16245 8.0
16245 16279 5.0
16279 16245 5.0
16246 16247 5.0
16247 16246 5.0
16246 16285 8.0
16285 16246 8.0
16247 16248 17.0
16248 16247 17.0
16247 16286 8.0
16286 16247 8.0
16248 16249 19.0
16249 16248 19.0
16248 16287 8.0
16287 16248 8.0
16249 16288 8.0
16288 16249 8.0
2024 16250 19.0
16250 2024 19.0
2024 16289 8.0
16289 2024 8.0
2024 16249 32.0
16249 2024 32.0
16250 16290 8.0
16290 16250 8.0
16251 16252 7.0
16252 16251 7.0
16251 16363 28.0
16363 16251 28.0
16252 16253 19.0
16253 16252 19.0
16253 16367 29.0
16367 16253 29.0
3224 16253 3.0
16253 3224 3.0
16254 16255 6.0
16255 16254 6.0
16255 16256 8.0
16256 16255 8.0
16255 16281 5.0
16281 16255 5.0
16256 16257 4.0
16257 16256 4.0
16256 16282 5.0
16282 16256 5.0
16257 16258 23.0
16258 16257 23.0
16257 16283 5.0
16283 16257 5.0
3606 16259 24.0
16259 3606 24.0
3606 16266 2.0
16266 3606 2.0
3606 16258 80.0
16258 3606 80.0
16259 16267 2.0
16267 16259 2.0
16260 16261 14.0
16261 16260 14.0
16260 16380 34.0
16380 16260 34.0
961 16262 61.0
16262 961 61.0
961 16381 34.0
16381 961 34.0
961 16261 8.0
16261 961 8.0
961 16236 4.0
16236 961 4.0
16262 16384 34.0
16384 16262 34.0
16263 16264 1.0
16264 16263 1.0
620 16265 6.0
16265 620 6.0
620 16403 41.0
16403 620 41.0
620 16264 60.0
16264 620 60.0
620 16115 79.0
16115 620 79.0
16265 16404 41.0
16404 16265 41.0
16266 16267 24.0
16267 16266 24.0
16266 16368 29.0
16368 16266 29.0
16267 16268 5.0
16268 16267 5.0
16268 16350 21.0
16350 16268 21.0
3679 16352 21.0
16352 3679 21.0
3679 16268 22.0
16268 3679 22.0
3679 16107 82.0
16107 3679 82.0
16269 16270 23.0
16270 16269 23.0
16270 16271 47.0
16271 16270 47.0
16271 16272 34.0
16272 16271 34.0
16272 16273 26.0
16273 16272 26.0
16272 16338 16.0
16338 16272 16.0
16273 16274 13.0
16274 16273 13.0
16273 16339 16.0
16339 16273 16.0
2994 16322 12.0
16322 2994 12.0
2994 16274 29.0
16274 2994 29.0
16275 16276 4.0
16276 16275 4.0
16275 16348 18.0
16348 16275 18.0
16276 16277 9.0
16277 16276 9.0
16277 16278 24.0
16278 16277 24.0
16277 16349 18.0
16349 16277 18.0
1826 16279 40.0
16279 1826 40.0
1826 16278 19.0
16278 1826 19.0
1826 16244 5.0
16244 1826 5.0
16279 16284 3.0
16284 16279 3.0
3427 16281 6.0
16281 3427 6.0
3427 16416 38.0
16416 3427 38.0
3427 16280 49.0
16280 3427 49.0
3427 16254 5.0
16254 3427 5.0
16281 16282 8.0
16282 16281 8.0
16281 16458 51.0
16458 16281 51.0
16282 16283 4.0
16283 16282 4.0
16282 16459 51.0
16459 16282 51.0
2702 16336 13.0
16336 2702 13.0
2702 16308 8.0
16308 2702 8.0
2702 16269 3.0
16269 2702 3.0
16284 16285 8.0
16285 16284 8.0
16284 16309 8.0
16309 16284 8.0
16285 16286 5.0
16286 16285 5.0
16285 16310 8.0
16310 16285 8.0
16286 16287 17.0
16287 16286 17.0
16286 16311 8.0
16311 16286 8.0
16287 16288 19.0
16288 16287 19.0
16287 16312 8.0
16312 16287 8.0
16288 16289 32.0
16289 16288 32.0
16288 16313 8.0
16313 16288 8.0
16289 16290 19.0
16290 16289 19.0
16289 16314 8.0
16314 16289 8.0
16290 16291 23.0
16291 16290 23.0
16290 16315 8.0
16315 16290 8.0
16291 16292 4.0
16292 16291 4.0
16291 16316 8.0
16316 16291 8.0
16292 16293 12.0
16293 16292 12.0
16292 16317 8.0
16317 16292 8.0
16293 16294 54.0
16294 16293 54.0
16293 16318 8.0
16318 16293 8.0
16294 16295 29.0
16295 16294 29.0
16294 16319 8.0
16319 16294 8.0
16295 16296 27.0
16296 16295 27.0
16295 16298 4.0
16298 16295 4.0
16296 16299 4.0
16299 16296 4.0
2370 16297 2.0
16297 2370 2.0
2370 16300 4.0
16300 2370 4.0
2370 16296 24.0
16296 2370 24.0
2370 2373 62.0
2373 2370 62.0
16297 16301 4.0
16301 16297 4.0
530 16401 33.0
16401 530 33.0
530 16263 8.0
16263 530 8.0
16298 16299 27.0
16299 16298 27.0
16299 16300 24.0
16300 16299 24.0
16299 16320 4.0
16320 16299 4.0
16300 16301 2.0
16301 16300 2.0
16300 16321 4.0
16321 16300 4.0
16301 16302 46.0
16302 16301 46.0
16301 16472 49.0
16472 16301 49.0
16302 16303 26.0
16303 16302 26.0
16303 16410 32.0
16410 16303 32.0
2501 16304 33.0
16304 2501 33.0
2501 16411 32.0
16411 2501 32.0
2501 16303 6.0
16303 2501 6.0
2501 16166 49.0
16166 2501 49.0
16304 16305 9.0
16305 16304 9.0
16305 16306 15.0
16306 16305 15.0
16305 16353 13.0
16353 16305 13.0
16306 16307 3.0
16307 16306 3.0
16306 16354 13.0
16354 16306 13.0
16307 16355 13.0
16355 16307 13.0
2603 16308 60.0
16308 2603 60.0
2603 16356 13.0
16356 2603 13.0
2603 16307 3.0
16307 2603 3.0
16308 16335 6.0
16335 16308 6.0
16309 16310 8.0
16310 16309 8.0
16309 16325 10.0
16325 16309 10.0
16310 16311 5.0
16311 16310 5.0
16310 16325 2.0
16325 16310 2.0
16311 16312 17.0
16312 16311 17.0
16311 16326 2.0
16326 16311 2.0
16312 16313 19.0
16313 16312 19.0
16313 16314 32.0
16314 16313 32.0
16313 16327 2.0
16327 16313 2.0
16314 16315 19.0
16315 16314 19.0
16314 16328 2.0
16328 16314 2.0
16315 16316 23.0
16316 16315 23.0
16316 16317 4.0
16317 16316 4.0
16317 16318 12.0
16318 16317 12.0
16317 16344 5.0
16344 16317 5.0
16318 16319 54.0
16319 16318 54.0
2283 16320 27.0
16320 2283 27.0
2283 16319 29.0
16319 2283 29.0
2283 16298 4.0
16298 2283 4.0
16320 16321 24.0
16321 16320 24.0
16321 16471 45.0
16471 16321 45.0
16322 16323 28.0
16323 16322 28.0
16322 16359 12.0
16359 16322 12.0
16323 16360 12.0
16360 16323 12.0
3048 16361 12.0
16361 3048 12.0
3048 16323 2.0
16323 3048 2.0
400 16324 29.0
16324 400 29.0
16325 16326 5.0
16326 16325 5.0
16326 16417 29.0
16417 16326 29.0
1931 16327 19.0
16327 1931 19.0
1931 16340 3.0
16340 1931 3.0
1931 16326 17.0
16326 1931 17.0
1931 16312 2.0
16312 1931 2.0
16327 16328 32.0
16328 16327 32.0
16327 16341 3.0
16341 16327 3.0
16328 16342 3.0
16342 16328 3.0
16329 16330 7.0
16330 16329 7.0
16329 16386 16.0
16386 16329 16.0
16330 16331 20.0
16331 16330 20.0
16330 16387 16.0
16387 16330 16.0
16331 16332 3.0
16332 16331 3.0
16331 16405 24.0
16405 16331 24.0
16332 16333 25.0
16333 16332 25.0
1253 16334 33.0
16334 1253 33.0
1253 16406 24.0
16406 1253 24.0
1253 16333 4.0
16333 1253 4.0
1253 16225 26.0
16225 1253 26.0
16334 16407 24.0
16407 16334 24.0
16335 16336 1.0
16336 16335 1.0
16336 16337 68.0
16337 16336 68.0
16337 16376 13.0
16376 16337 13.0
2828 16338 34.0
16338 2828 34.0
2828 16377 13.0
16377 2828 13.0
2828 16337 2.0
16337 2828 2.0
2828 16271 16.0
16271 2828 16.0
16338 16339 26.0
16339 16338 26.0
16338 16378 13.0
16378 16338 13.0
16339 16358 8.0
16358 16339 8.0
16340 16341 19.0
16341 16340 19.0
16340 16418 26.0
16418 16340 26.0
16341 16342 32.0
16342 16341 32.0
16342 16343 17.0
16343 16342 17.0
16342 16431 28.0
16431 16342 28.0
16343 16432 28.0
16432 16343 28.0
2060 16344 27.0
16344 2060 27.0
2060 16488 42.0
16488 2060 42.0
2060 16343 2.0
16343 2060 2.0
2060 16315 5.0
16315 2060 5.0
16344 16489 42.0
16489 16344 42.0
16345 16346 4.0
16346 16345 4.0
16345 16397 17.0
16397 16345 17.0
16346 16347 1.0
16347 16346 1.0
16346 16398 17.0
16398 16346 17.0
16347 16348 23.0
16348 16347 23.0
16347 16399 17.0
16399 16347 17.0
1734 16349 9.0
16349 1734 9.0
1734 16441 30.0
16441 1734 30.0
1734 16348 4.0
16348 1734 4.0
1734 16276 18.0
16276 1734 18.0
16350 16351 17.0
16351 16350 17.0
16351 16352 5.0
16352 16351 5.0
16351 16369 8.0
16369 16351 8.0
3713 16427 24.0
16427 3713 24.0
3713 16352 19.0
16352 3713 19.0
16353 16354 15.0
16354 16353 15.0
16353 16370 6.0
16370 16353 6.0
16354 16355 3.0
16355 16354 3.0
16354 16371 6.0
16371 16354 6.0
16355 16356 3.0
16356 16355 3.0
16355 16372 6.0
16372 16355 6.0
16356 16357 29.0
16357 16356 29.0
16356 16373 6.0
16373 16356 6.0
16357 16374 6.0
16374 16357 6.0
2698 16375 6.0
16375 2698 6.0
2698 16357 31.0
16357 2698 31.0
2698 16335 7.0
16335 2698 7.0
16358 16359 42.0
16359 16358 42.0
16359 16360 28.0
16360 16359 28.0
16360 16361 2.0
16361 16360 2.0
16361 16362 37.0
16362 16361 37.0
16362 16364 1.0
16364 16362 1.0
3123 16363 33.0
16363 3123 33.0
3123 16365 1.0
16365 3123 1.0
3123 16362 3.0
16362 3123 3.0
16363 16366 1.0
16366 16363 1.0
16364 16365 3.0
16365 16364 3.0
16364 16490 37.0
16490 16364 37.0
16365 16366 33.0
16366 16365 33.0
3182 16367 19.0
16367 3182 19.0
3182 16476 32.0
16476 3182 32.0
3182 16366 7.0
16366 3182 7.0
3182 16252 29.0
16252 3182 29.0
16368 16470 62.0
16470 16368 62.0
3655 16369 17.0
16369 3655 17.0
3655 16584 72.0
16584 3655 72.0
3655 16368 29.0
16368 3655 29.0
3655 16350 8.0
16350 3655 8.0
16369 16572 65.0
16572 16369 65.0
16370 16371 15.0
16371 16370 15.0
16371 16372 3.0
16372 16371 3.0
16371 16414 11.0
16414 16371 11.0
16372 16373 3.0
16373 16372 3.0
16372 16415 11.0
16415 16372 11.0
16373 16374 29.0
16374 16373 29.0
16373 16456 23.0
16456 16373 23.0
16374 16375 31.0
16375 16374 31.0
16375 16376 69.0
16376 16375 69.0
16375 16457 23.0
16457 16375 23.0
16376 16377 2.0
16377 16376 2.0
16376 16442 20.0
16442 16376 20.0
16377 16378 34.0
16378 16377 34.0
16377 16443 20.0
16443 16377 20.0
16378 16379 25.0
16379 16378 25.0
2923 16445 20.0
16445 2923 20.0
2923 16379 1.0
16379 2923 1.0
2923 16358 5.0
16358 2923 5.0
16380 16381 22.0
16381 16380 22.0
16380 16420 12.0
16420 16380 12.0
16381 16382 17.0
16382 16381 17.0
16381 16421 12.0
16421 16381 12.0
16382 16383 38.0
16383 16382 38.0
16382 16422 12.0
16422 16382 12.0
16383 16384 6.0
16384 16383 6.0
16383 16423 12.0
16423 16383 12.0
16384 16385 4.0
16385 16384 4.0
1075 16386 53.0
16386 1075 53.0
1075 16424 12.0
16424 1075 12.0
1075 16385 4.0
16385 1075 4.0
1075 16239 38.0
16239 1075 38.0
16386 16387 7.0
16387 16386 7.0
16386 16425 12.0
16425 16386 12.0
16388 16389 2.0
16389 16388 2.0
1480 16390 12.0
16390 1480 12.0
1480 16392 4.0
16392 1480 4.0
1480 16389 49.0
16389 1480 49.0
1480 16228 42.0
16228 1480 42.0
16390 16391 2.0
16391 16390 2.0
16390 16393 4.0
16393 16390 4.0
16391 16394 4.0
16394 16391 4.0
16392 16393 12.0
16393 16392 12.0
16392 16409 4.0
16409 16392 4.0
16393 16394 2.0
16394 16393 2.0
16393 16461 19.0
16461 16393 19.0
16394 16395 36.0
16395 16394 36.0
16394 16462 19.0
16462 16394 19.0
16395 16396 13.0
16396 16395 13.0
1619 16397 29.0
16397 1619 29.0
1619 16436 13.0
16436 1619 13.0
1619 16396 28.0
16396 1619 28.0
1619 16210 52.0
16210 1619 52.0
16397 16398 4.0
16398 16397 4.0
16397 16437 13.0
16437 16397 13.0
16398 16399 1.0
16399 16398 1.0
16398 16438 13.0
16438 16398 13.0
16399 16439 13.0
16439 16399 13.0
16400 16429 8.0
16429 16400 8.0
3907 16400 23.0
16400 3907 23.0
16401 16402 7.0
16402 16401 7.0
16401 16433 7.0
16433 16401 7.0
16401 16419 16.0
16419 16401 16.0
16402 16403 54.0
16403 16402 54.0
16402 16447 12.0
16447 16402 12.0
16403 16404 6.0
16404 16403 6.0
635 16448 12.0
16448 635 12.0
635 16404 2.0
16404 635 2.0
16405 16406 32.0
16406 16405 32.0
16405 16426 4.0
16426 16405 4.0
16406 16407 33.0
16407 16406 33.0
16406 16491 25.0
16491 16406 25.0
16407 16408 16.0
16408 16407 16.0
16407 16435 14.0
16435 16407 14.0
1392 16409 51.0
16409 1392 51.0
1392 16408 31.0
16408 1392 31.0
1392 16388 8.0
16388 1392 8.0
16409 16460 15.0
16460 16409 15.0
16410 16411 6.0
16411 16410 6.0
16410 16473 17.0
16473 16410 17.0
16411 16412 8.0
16412 16411 8.0
16411 16474 17.0
16474 16411 17.0
16412 16413 27.0
16413 16412 27.0
16412 16451 12.0
16451 16412 12.0
16413 16452 12.0
16452 16413 12.0
2563 16414 15.0
16414 2563 15.0
2563 16453 12.0
16453 2563 12.0
2563 16413 5.0
16413 2563 5.0
2563 16370 11.0
16370 2563 11.0
16414 16415 3.0
16415 16414 3.0
16414 16454 12.0
16454 16414 12.0
16415 16455 12.0
16455 16415 12.0
3339 16416 52.0
16416 3339 52.0
3339 16466 15.0
16466 3339 15.0
3339 16465 17.0
16465 3339 17.0
3339 16280 41.0
16280 3339 41.0
16416 16458 19.0
16458 16416 19.0
1904 16417 5.0
16417 1904 5.0
1904 16492 27.0
16492 1904 27.0
1904 16325 29.0
16325 1904 29.0
16417 16418 17.0
16418 16417 17.0
16417 16492 22.0
16492 16417 22.0
16418 16430 10.0
16430 16418 10.0
438 16419 51.0
16419 438 51.0
438 511 54.0
511 438 54.0
438 16324 31.0
16324 438 31.0
16420 16421 22.0
16421 16420 22.0
16421 16422 17.0
16422 16421 17.0
16421 16434 4.0
16434 16421 4.0
16422 16423 38.0
16423 16422 38.0
16423 16424 14.0
16424 16423 14.0
16423 16510 26.0
16510 16423 26.0
16424 16425 53.0
16425 16424 53.0
1168 16426 20.0
16426 1168 20.0
1168 1203 41.0
1203 1168 41.0
1168 16425 7.0
16425 1168 7.0
1168 16387 12.0
16387 1168 12.0
16427 16428 57.0
16428 16427 57.0
16427 16573 49.0
16573 16427 49.0
3838 16429 28.0
16429 3838 28.0
3838 16575 49.0
16575 3838 49.0
3838 16428 33.0
16428 3838 33.0
3838 16400 36.0
16400 3838 36.0
16430 16484 14.0
16484 16430 14.0
1969 16431 32.0
16431 1969 32.0
1969 16485 14.0
16485 1969 14.0
1969 16430 11.0
16430 1969 11.0
1969 16341 28.0
16341 1969 28.0
16431 16432 17.0
16432 16431 17.0
16431 16486 14.0
16486 16431 14.0
16432 16487 14.0
16487 16432 14.0
511 16433 12.0
16433 511 12.0
511 16419 3.0
16419 511 3.0
16433 16446 5.0
16446 16433 5.0
925 16434 22.0
16434 925 22.0
925 16508 22.0
16508 925 22.0
925 16496 40.0
16496 925 40.0
925 16420 4.0
16420 925 4.0
16434 16509 22.0
16509 16434 22.0
1334 16526 30.0
16526 1334 30.0
1334 16435 11.0
16435 1334 11.0
1334 16408 9.0
16408 1334 9.0
16436 16437 29.0
16437 16436 29.0
16436 16464 6.0
16464 16436 6.0
16437 16438 4.0
16438 16437 4.0
16438 16439 1.0
16439 16438 1.0
16438 16481 9.0
16481 16438 9.0
16439 16440 4.0
16440 16439 4.0
16439 16482 9.0
16482 16439 9.0
16440 16441 23.0
16441 16440 23.0
16440 16483 9.0
16483 16440 9.0
1754 16441 9.0
16441 1754 9.0
1754 16349 30.0
16349 1754 30.0
16442 16443 2.0
16443 16442 2.0
16443 16444 48.0
16444 16443 48.0
16443 16497 18.0
16497 16443 18.0
16444 16498 18.0
16498 16444 18.0
2920 16445 1.0
16445 2920 1.0
2920 16512 23.0
16512 2920 23.0
2920 16444 11.0
16444 2920 11.0
2920 16379 20.0
16379 2920 20.0
16445 16513 23.0
16513 16445 23.0
16446 16447 7.0
16447 16446 7.0
16447 16448 62.0
16448 16447 62.0
16448 16449 19.0
16449 16448 19.0
694 16450 53.0
16450 694 53.0
694 16449 21.0
16449 694 21.0
16451 16452 27.0
16452 16451 27.0
16451 16475 5.0
16475 16451 5.0
16452 16453 5.0
16453 16452 5.0
16452 16503 17.0
16503 16452 17.0
16453 16454 15.0
16454 16453 15.0
16453 16504 17.0
16504 16453 17.0
16454 16455 3.0
16455 16454 3.0
16454 16505 17.0
16505 16454 17.0
16455 16456 3.0
16456 16455 3.0
16455 16506 17.0
16506 16455 17.0
2649 16457 31.0
16457 2649 31.0
2649 16545 29.0
16545 2649 29.0
2649 16456 29.0
16456 2649 29.0
2649 16374 23.0
16374 2649 23.0
16457 16554 33.0
16554 16457 33.0
16458 16459 8.0
16459 16458 8.0
16458 16467 2.0
16467 16458 2.0
16459 16468 2.0
16468 16459 2.0
3453 16469 2.0
16469 3453 2.0
3453 16459 4.0
16459 3453 4.0
3453 16283 51.0
16283 3453 51.0
16460 16461 12.0
16461 16460 12.0
16460 16576 46.0
16576 16460 46.0
16461 16462 2.0
16462 16461 2.0
16462 16463 24.0
16463 16462 24.0
16463 16557 33.0
16557 16463 33.0
1557 16464 41.0
16464 1557 41.0
1557 16478 3.0
16478 1557 3.0
1557 16463 12.0
16463 1557 12.0
1557 16395 19.0
16395 1557 19.0
16464 16480 3.0
16480 16464 3.0
16465 16466 2.0
16466 16465 2.0
16465 16522 23.0
16522 16465 23.0
16466 16467 58.0
16467 16466 58.0
16467 16468 8.0
16468 16467 8.0
16468 16469 4.0
16469 16468 4.0
16468 16571 38.0
16571 16468 38.0
3511 16470 28.0
16470 3511 28.0
3511 16469 40.0
16469 3511 40.0
16470 16582 45.0
16582 16470 45.0
16471 16472 2.0
16472 16471 2.0
16471 16546 27.0
16546 16471 27.0
16472 16547 27.0
16547 16472 27.0
2443 16473 26.0
16473 2443 26.0
2443 16499 12.0
16499 2443 12.0
2443 16472 46.0
16472 2443 46.0
2443 16302 49.0
16302 2443 49.0
16473 16474 6.0
16474 16473 6.0
16473 16501 12.0
16501 16473 12.0
16474 16475 8.0
16475 16474 8.0
16474 16502 12.0
16502 16474 12.0
16476 16477 7.0
16477 16476 7.0
16476 16552 27.0
16552 16476 27.0
16476 16551 31.0
16551 16476 31.0
16477 16520 21.0
16520 16477 21.0
3217 16521 21.0
16521 3217 21.0
3217 16477 12.0
16477 3217 12.0
3217 16367 32.0
16367 3217 32.0
16478 16479 28.0
16479 16478 28.0
16478 16558 30.0
16558 16478 30.0
16479 16480 13.0
16480 16479 13.0
16479 16559 30.0
16559 16479 30.0
1676 16481 4.0
16481 1676 4.0
1676 16560 30.0
16560 1676 30.0
1676 16480 29.0
16480 1676 29.0
1676 16437 9.0
16437 1676 9.0
16481 16482 1.0
16482 16481 1.0
16481 16561 30.0
16561 16481 30.0
16482 16483 4.0
16483 16482 4.0
16482 16562 30.0
16562 16482 30.0
16484 16485 11.0
16485 16484 11.0
16485 16486 32.0
16486 16485 32.0
16485 16495 6.0
16495 16485 6.0
16486 16487 17.0
16487 16486 17.0
16487 16488 2.0
16488 16487 2.0
16488 16489 27.0
16489 16488 27.0
2138 16519 18.0
16519 2138 18.0
2138 16489 12.0
16489 2138 12.0
2138 16318 47.0
16318 2138 47.0
665 16449 9.0
16449 665 9.0
3043 16490 39.0
16490 3043 39.0
3043 16515 10.0
16515 3043 10.0
3043 16360 38.0
16360 3043 38.0
1203 16491 32.0
16491 1203 32.0
1203 16523 14.0
16523 1203 14.0
1203 16426 21.0
16426 1203 21.0
16491 16524 14.0
16524 16491 14.0
16492 16493 3.0
16493 16492 3.0
16493 16494 8.0
16494 16493 8.0
16494 16516 12.0
16516 16494 12.0
1942 16495 11.0
16495 1942 11.0
1942 16517 12.0
16517 1942 12.0
1942 16494 14.0
16494 1942 14.0
1942 16484 6.0
16484 1942 6.0
16495 16518 12.0
16518 16495 12.0
837 16496 30.0
16496 837 30.0
837 16507 34.0
16507 837 34.0
837 16450 51.0
16450 837 51.0
16496 16507 4.0
16507 16496 4.0
2825 16497 2.0
16497 2825 2.0
2825 16530 13.0
16530 2825 13.0
2825 16529 25.0
16529 2825 25.0
2825 16442 18.0
16442 2825 18.0
16497 16498 48.0
16498 16497 48.0
16497 16511 53.0
16511 16497 53.0
16498 16511 5.0
16511 16498 5.0
16499 16500 7.0
16500 16499 7.0
16499 16538 12.0
16538 16499 12.0
16500 16501 19.0
16501 16500 19.0
16500 16539 12.0
16539 16500 12.0
16501 16502 6.0
16502 16501 6.0
16501 16540 12.0
16540 16501 12.0
2514 16503 27.0
16503 2514 27.0
2514 16541 12.0
16541 2514 12.0
2514 16502 8.0
16502 2514 8.0
2514 16475 12.0
16475 2514 12.0
16503 16504 5.0
16504 16503 5.0
16503 16542 12.0
16542 16503 12.0
16504 16505 15.0
16505 16504 15.0
16504 16543 12.0
16543 16504 12.0
16505 16506 3.0
16506 16505 3.0
16505 16544 12.0
16544 16505 12.0
16507 16508 22.0
16508 16507 22.0
16508 16509 22.0
16509 16508 22.0
995 16510 38.0
16510 995 38.0
995 16509 17.0
16509 995 17.0
995 16422 26.0
16422 995 26.0
16511 16512 11.0
16512 16511 11.0
16511 16531 8.0
16531 16511 8.0
16512 16513 1.0
16513 16512 1.0
16512 16532 8.0
16532 16512 8.0
16513 16514 18.0
16514 16513 18.0
16513 16533 8.0
16533 16513 8.0
3040 16515 1.0
16515 3040 1.0
3040 16535 8.0
16535 3040 8.0
3040 16514 51.0
16514 3040 51.0
3040 3043 11.0
3043 3040 11.0
16515 16549 12.0
16549 16515 12.0
878 879 10.0
879 878 10.0
878 16507 7.0
16507 878 7.0
16516 16517 14.0
16517 16516 14.0
16516 16588 27.0
16588 16516 27.0
16517 16518 11.0
16518 16517 11.0
2057 16519 41.0
16519 2057 41.0
2057 16518 49.0
16518 2057 49.0
2057 16487 18.0
16487 2057 18.0
539 16446 33.0
16446 539 33.0
539 16447 26.0
16447 539 26.0
16520 16521 12.0
16521 16520 12.0
16520 16553 6.0
16553 16520 6.0
16521 16566 15.0
16566 16521 15.0
3257 16522 51.0
16522 3257 51.0
3257 16536 2.0
16536 3257 2.0
3257 16521 29.0
16521 3257 29.0
16523 16524 32.0
16524 16523 32.0
16523 16602 39.0
16602 16523 39.0
16524 16525 6.0
16525 16524 6.0
1309 16526 11.0
16526 1309 11.0
1309 16527 12.0
16527 1309 12.0
1309 16525 32.0
16525 1309 32.0
1309 16435 30.0
16435 1309 30.0
16526 16527 1.0
16527 16526 1.0
16527 16528 8.0
16528 16527 8.0
1373 16528 11.0
16528 1373 11.0
16529 16530 12.0
16530 16529 12.0
16529 16556 5.0
16556 16529 5.0
16530 16531 50.0
16531 16530 50.0
16531 16532 11.0
16532 16531 11.0
16532 16533 1.0
16533 16532 1.0
16532 16563 9.0
16563 16532 9.0
16533 16534 6.0
16534 16533 6.0
16533 16564 9.0
16564 16533 9.0
2950 16535 51.0
16535 2950 51.0
2950 16534 12.0
16534 2950 12.0
2950 16514 8.0
16514 2950 8.0
16535 16549 5.0
16549 16535 5.0
16536 16537 38.0
16537 16536 38.0
16536 16568 13.0
16568 16536 13.0
16537 16569 13.0
16569 16537 13.0
3337 16570 13.0
16570 3337 13.0
3337 16537 13.0
16537 3337 13.0
3337 16522 2.0
16522 3337 2.0
16538 16539 7.0
16539 16538 7.0
16538 16597 35.0
16597 16538 35.0
16538 16548 46.0
16548 16538 46.0
16539 16540 19.0
16540 16539 19.0
16540 16541 14.0
16541 16540 14.0
16540 16607 37.0
16607 16540 37.0
16541 16542 27.0
16542 16541 27.0
16542 16543 5.0
16543 16542 5.0
16543 16544 15.0
16544 16543 15.0
2598 16545 32.0
16545 2598 32.0
2598 16655 60.0
16655 2598 60.0
2598 16544 3.0
16544 2598 3.0
2598 16506 12.0
16506 2598 12.0
16545 16554 35.0
16554 16545 35.0
2329 16546 24.0
16546 2329 24.0
2329 16594 32.0
16594 2329 32.0
2329 16320 72.0
16320 2329 72.0
16546 16547 2.0
16547 16546 2.0
16546 16595 32.0
16595 16546 32.0
16547 16548 3.0
16548 16547 3.0
16547 16596 32.0
16596 16547 32.0
16549 16550 36.0
16550 16549 36.0
16550 16598 32.0
16598 16550 32.0
3114 16551 39.0
16551 3114 39.0
3114 16578 12.0
16578 3114 12.0
3114 16550 3.0
16550 3114 3.0
3114 16490 22.0
16490 3114 22.0
16551 16552 4.0
16552 16551 4.0
16551 16579 12.0
16579 16551 12.0
16552 16553 7.0
16553 16552 7.0
16552 16580 12.0
16580 16552 12.0
16553 16565 9.0
16565 16553 9.0
16554 16555 5.0
16555 16554 5.0
16555 16616 45.0
16616 16555 45.0
2752 16556 29.0
16556 2752 29.0
2752 16555 23.0
16555 2752 23.0
16557 16558 12.0
16558 16557 12.0
16558 16559 28.0
16559 16558 28.0
16558 16577 6.0
16577 16558 6.0
16559 16560 42.0
16560 16559 42.0
16560 16561 4.0
16561 16560 4.0
16561 16562 1.0
16562 16561 1.0
1693 16610 31.0
16610 1693 31.0
1693 16562 4.0
16562 1693 4.0
1693 16483 30.0
16483 1693 30.0
2906 16563 11.0
16563 2906 11.0
2906 16620 41.0
16620 2906 41.0
2906 16531 9.0
16531 2906 9.0
16563 16564 1.0
16564 16563 1.0
16563 16621 41.0
16621 16563 41.0
16564 16622 41.0
16622 16564 41.0
16565 16566 12.0
16566 16565 12.0
16566 16567 17.0
16567 16566 17.0
16567 16568 12.0
16568 16567 12.0
16567 16581 3.0
16581 16567 3.0
16568 16569 38.0
16569 16568 38.0
16568 16626 37.0
16626 16568 37.0
16569 16570 13.0
16570 16569 13.0
16570 16627 37.0
16627 16570 37.0
3436 16571 8.0
16571 3436 8.0
3436 16640 41.0
16640 3436 41.0
3436 16570 60.0
16570 3436 60.0
3436 16467 38.0
16467 3436 38.0
16572 16573 24.0
16573 16572 24.0
16573 16574 36.0
16574 16573 36.0
16573 16585 7.0
16585 16573 7.0
16574 16586 7.0
16586 16574 7.0
3794 16575 33.0
16575 3794 33.0
3794 16614 32.0
16614 3794 32.0
3794 16574 21.0
16574 3794 21.0
3794 16428 49.0
16428 3794 49.0
16575 16591 20.0
16591 16575 20.0
1541 16577 12.0
16577 1541 12.0
1541 16587 9.0
16587 1541 9.0
1541 16576 31.0
16576 1541 31.0
1541 16557 6.0
16557 1541 6.0
16577 16590 12.0
16590 16577 12.0
16578 16579 39.0
16579 16578 39.0
16578 16599 20.0
16599 16578 20.0
16579 16580 4.0
16580 16579 4.0
3195 16581 29.0
16581 3195 29.0
3195 16601 20.0
16601 3195 20.0
3195 16580 7.0
16580 3195 7.0
3195 16565 3.0
16565 3195 3.0
16581 16625 34.0
16625 16581 34.0
16582 16583 39.0
16583 16582 39.0
16583 16584 25.0
16584 16583 25.0
16583 16592 7.0
16592 16583 7.0
3672 16585 24.0
16585 3672 24.0
3672 16631 33.0
16631 3672 33.0
3672 16584 17.0
16584 3672 17.0
3672 16572 7.0
16572 3672 7.0
16585 16586 36.0
16586 16585 36.0
16585 16632 33.0
16632 16585 33.0
16586 16613 25.0
16613 16586 25.0
1496 16587 31.0
16587 1496 31.0
1496 16576 9.0
16576 1496 9.0
16587 16589 10.0
16589 16587 10.0
1919 16588 8.0
16588 1919 8.0
1919 1923 39.0
1923 1919 39.0
1919 16493 39.0
16493 1919 39.0
16589 16590 5.0
16590 16589 5.0
1601 16608 13.0
16608 1601 13.0
1601 16590 28.0
16590 1601 28.0
1601 16559 18.0
16559 1601 18.0
2794 16617 24.0
16617 2794 24.0
2794 16556 21.0
16556 2794 21.0
3871 16591 21.0
16591 3871 21.0
3871 16429 62.0
16429 3871 62.0
3553 16592 39.0
16592 3553 39.0
3553 16629 26.0
16629 3553 26.0
3553 16628 58.0
16628 3553 58.0
3553 16582 7.0
16582 3553 7.0
16592 16630 26.0
16630 16592 26.0
1348 16604 10.0
16604 1348 10.0
1348 16528 30.0
16528 1348 30.0
2163 2179 40.0
2179 2163 40.0
2163 16519 51.0
16519 2163 51.0
16593 16594 12.0
16594 16593 12.0
16593 16714 58.0
16714 16593 58.0
16593 16677 49.0
16677 16593 49.0
16594 16595 24.0
16595 16594 24.0
16594 16715 58.0
16715 16594 58.0
16595 16596 2.0
16596 16595 2.0
2380 16597 43.0
16597 2380 43.0
2380 16605 2.0
16605 2380 2.0
2380 16596 3.0
16596 2380 3.0
2380 16548 32.0
16548 2380 32.0
16597 16606 2.0
16606 16597 2.0
16598 16599 3.0
16599 16598 3.0
16599 16600 27.0
16600 16599 27.0
16600 16648 22.0
16648 16600 22.0
3174 16601 11.0
16601 3174 11.0
3174 16649 22.0
16649 3174 22.0
3174 16600 12.0
16600 3174 12.0
3174 16579 20.0
16579 3174 20.0
16601 16624 14.0
16624 16601 14.0
16602 16603 26.0
16603 16602 26.0
16602 16611 47.0
16611 16602 47.0
1265 16604 49.0
16604 1265 49.0
1265 16704 50.0
16704 1265 50.0
1265 16603 12.0
16603 1265 12.0
1265 16525 39.0
16525 1265 39.0
16605 16606 43.0
16606 16605 43.0
16605 16706 50.0
16706 16605 50.0
2458 16607 19.0
16607 2458 19.0
2458 16652 23.0
16652 2458 23.0
2458 16606 7.0
16606 2458 7.0
2458 16539 37.0
16539 2458 37.0
16607 16653 23.0
16653 16607 23.0
16608 16609 18.0
16609 16608 18.0
16608 16670 29.0
16670 16608 29.0
16609 16610 33.0
16610 16609 33.0
1710 1744 30.0
1744 1710 30.0
1710 16610 9.0
16610 1710 9.0
1046 16611 51.0
16611 1046 51.0
1046 16612 2.0
16612 1046 2.0
1046 16510 52.0
16510 1046 52.0
16612 16709 48.0
16709 16612 48.0
1124 16612 51.0
16612 1124 51.0
1124 16611 2.0
16611 1124 2.0
16613 16614 21.0
16614 16613 21.0
16614 16615 29.0
16615 16614 29.0
16615 16634 8.0
16634 16615 8.0
3848 16615 11.0
16615 3848 11.0
3848 16591 19.0
16591 3848 19.0
1744 16674 39.0
16674 1744 39.0
16616 16617 52.0
16617 16616 52.0
16617 16618 28.0
16618 16617 28.0
16617 16662 15.0
16662 16617 15.0
16618 16619 27.0
16619 16618 27.0
16619 16620 7.0
16620 16619 7.0
16619 16686 28.0
16686 16619 28.0
16620 16621 11.0
16621 16620 11.0
16621 16622 1.0
16622 16621 1.0
16621 16687 28.0
16687 16621 28.0
16622 16623 4.0
16623 16622 4.0
16622 16688 28.0
16688 16622 28.0
16623 16689 28.0
16689 16623 28.0
2934 16690 28.0
16690 2934 28.0
2934 16623 2.0
16623 2934 2.0
2934 16534 50.0
16534 2934 50.0
16624 16625 29.0
16625 16624 29.0
16624 16650 8.0
16650 16624 8.0
16625 16626 12.0
16626 16625 12.0
16625 16635 4.0
16635 16625 4.0
3315 16627 13.0
16627 3315 13.0
3315 16636 4.0
16636 3315 4.0
3315 16626 38.0
16626 3315 38.0
3315 16569 37.0
16569 3315 37.0
16627 16637 4.0
16637 16627 4.0
16628 16629 32.0
16629 16628 32.0
16628 16641 1.0
16641 16628 1.0
16629 16630 39.0
16630 16629 39.0
16629 16643 2.0
16643 16629 2.0
16630 16631 42.0
16631 16630 42.0
16630 16644 2.0
16644 16630 2.0
16631 16632 24.0
16632 16631 24.0
16631 16645 2.0
16645 16631 2.0
16632 16633 13.0
16633 16632 13.0
16633 16646 2.0
16646 16633 2.0
3767 16634 50.0
16634 3767 50.0
3767 16647 2.0
16647 3767 2.0
3767 16633 23.0
16633 3767 23.0
3767 16613 8.0
16613 3767 8.0
16635 16636 50.0
16636 16635 50.0
16636 16637 13.0
16637 16636 13.0
16636 16651 4.0
16651 16636 4.0
16637 16638 27.0
16638 16637 27.0
16637 16665 12.0
16665 16637 12.0
16638 16639 28.0
16639 16638 28.0
16638 16666 12.0
16666 16638 12.0
16639 16640 5.0
16640 16639 5.0
16639 16667 12.0
16667 16639 12.0
3448 16641 40.0
16641 3448 40.0
3448 16668 12.0
16668 3448 12.0
3448 16640 8.0
16640 3448 8.0
3448 16571 41.0
16571 3448 41.0
16641 16642 1.0
16642 16641 1.0
1923 16588 31.0
16588 1923 31.0
16642 16643 32.0
16643 16642 32.0
16643 16644 39.0
16644 16643 39.0
16643 16669 11.0
16669 16643 11.0
16644 16645 42.0
16645 16644 42.0
16645 16646 37.0
16646 16645 37.0
16645 16673 14.0
16673 16645 14.0
16646 16647 23.0
16647 16646 23.0
3833 16647 50.0
16647 3833 50.0
3833 16634 2.0
16634 3833 2.0
16648 16649 12.0
16649 16648 12.0
16648 16663 7.0
16663 16648 7.0
16649 16650 11.0
16650 16649 11.0
3238 16651 50.0
16651 3238 50.0
3238 16650 29.0
16650 3238 29.0
3238 16635 4.0
16635 3238 4.0
16651 16664 8.0
16664 16651 8.0
1343 16705 50.0
16705 1343 50.0
1343 16604 22.0
16604 1343 22.0
2179 16675 12.0
16675 2179 12.0
16652 16653 19.0
16653 16652 19.0
16652 16691 18.0
16691 16652 18.0
16653 16654 38.0
16654 16653 38.0
16653 16656 4.0
16656 16653 4.0
16654 16657 4.0
16657 16654 4.0
2551 16655 23.0
16655 2551 23.0
2551 16658 4.0
16658 2551 4.0
2551 16654 3.0
16654 2551 3.0
2551 16542 60.0
16542 2551 60.0
16655 16659 4.0
16659 16655 4.0
16656 16657 38.0
16657 16656 38.0
16656 16678 13.0
16678 16656 13.0
16657 16658 3.0
16658 16657 3.0
16657 16679 13.0
16679 16657 13.0
16658 16659 23.0
16659 16658 23.0
16658 16680 13.0
16680 16658 13.0
16659 16660 46.0
16660 16659 46.0
16660 16661 14.0
16661 16660 14.0
16660 16681 13.0
16681 16660 13.0
16661 16682 13.0
16682 16661 13.0
2711 16662 52.0
16662 2711 52.0
2711 16683 13.0
16683 2711 13.0
2711 16661 8.0
16661 2711 8.0
2711 16616 15.0
16616 2711 15.0
16662 16684 13.0
16684 16662 13.0
3109 16663 30.0
16663 3109 30.0
3109 16700 18.0
16700 3109 18.0
3109 16598 29.0
16598 3109 29.0
16664 16665 13.0
16665 16664 13.0
16664 16695 29.0
16695 16664 29.0
16665 16666 27.0
16666 16665 27.0
16665 16695 16.0
16695 16665 16.0
16666 16667 28.0
16667 16666 28.0
16667 16668 13.0
16668 16667 13.0
16667 16696 16.0
16696 16667 16.0
3503 16669 32.0
16669 3503 32.0
3503 16728 42.0
16728 3503 42.0
3503 16668 40.0
16668 3503 40.0
3503 16642 11.0
16642 3503 11.0
16669 16672 10.0
16672 16669 10.0
16670 16671 15.0
16671 16670 15.0
16670 16701 18.0
16701 16670 18.0
16671 16702 18.0
16702 16671 18.0
1634 16671 3.0
16671 1634 3.0
1634 16609 29.0
16609 1634 29.0
16672 16717 33.0
16717 16672 33.0
3610 16673 42.0
16673 3610 42.0
3610 16718 33.0
16718 3610 33.0
3610 16672 32.0
16672 3610 32.0
3610 16644 14.0
16644 3610 14.0
16673 16719 33.0
16719 16673 33.0
1782 16674 2.0
16674 1782 2.0
16675 16676 19.0
16676 16675 19.0
16675 16694 7.0
16694 16675 7.0
2249 16677 19.0
16677 2249 19.0
2249 16710 19.0
16710 2249 19.0
2249 16676 21.0
16676 2249 21.0
16678 16679 38.0
16679 16678 38.0
16679 16680 3.0
16680 16679 3.0
16679 16693 1.0
16693 16679 1.0
16680 16681 69.0
16681 16680 69.0
16680 16724 26.0
16724 16680 26.0
16681 16682 14.0
16682 16681 14.0
16682 16683 8.0
16683 16682 8.0
16682 16726 26.0
16726 16682 26.0
16683 16684 52.0
16684 16683 52.0
16683 16727 26.0
16727 16683 26.0
16684 16685 6.0
16685 16684 6.0
16685 16738 33.0
16738 16685 33.0
2853 16686 27.0
16686 2853 27.0
2853 16739 33.0
16739 2853 33.0
2853 16685 22.0
16685 2853 22.0
2853 16618 28.0
16618 2853 28.0
16686 16687 18.0
16687 16686 18.0
16686 16740 33.0
16740 16686 33.0
16687 16688 1.0
16688 16687 1.0
16687 16741 33.0
16741 16687 33.0
16688 16689 4.0
16689 16688 4.0
16688 16742 33.0
16742 16688 33.0
16689 16690 2.0
16690 16689 2.0
16689 16743 33.0
16743 16689 33.0
16690 16697 5.0
16697 16690 5.0
16691 16692 18.0
16692 16691 18.0
16691 16707 9.0
16707 16691 9.0
16692 16708 9.0
16708 16692 9.0
2491 16693 38.0
16693 2491 38.0
2491 16722 25.0
16722 2491 25.0
2491 16692 1.0
16692 2491 1.0
2491 16678 1.0
16678 2491 1.0
16693 16723 25.0
16723 16693 25.0
2128 16694 31.0
16694 2128 31.0
2128 16675 38.0
16675 2128 38.0
3390 16696 28.0
16696 3390 28.0
3390 16747 32.0
16747 3390 32.0
3390 16695 27.0
16695 3390 27.0
3390 16666 16.0
16666 3390 16.0
16697 16698 7.0
16698 16697 7.0
16697 16744 28.0
16744 16697 28.0
16698 16699 47.0
16699 16698 47.0
16699 16745 28.0
16745 16699 28.0
3032 16700 41.0
16700 3032 41.0
3032 16699 5.0
16699 3032 5.0
3032 3109 59.0
3109 3032 59.0
16700 16703 31.0
16703 16700 31.0
1551 16701 33.0
16701 1551 33.0
1551 16757 42.0
16757 1551 42.0
1551 16589 60.0
16589 1551 60.0
16701 16702 15.0
16702 16701 15.0
16701 16758 42.0
16758 16701 42.0
3155 16761 51.0
16761 3155 51.0
3155 16703 2.0
16703 3155 2.0
3155 16663 21.0
16663 3155 21.0
1241 16704 12.0
16704 1241 12.0
1241 16735 22.0
16735 1241 22.0
1241 16603 50.0
16603 1241 50.0
16704 16705 27.0
16705 16704 27.0
16704 16736 22.0
16736 16704 22.0
16706 16716 21.0
16716 16706 21.0
2430 16707 12.0
16707 2430 12.0
2430 16783 58.0
16783 2430 58.0
2430 16706 38.0
16706 2430 38.0
2430 16691 21.0
16691 2430 21.0
16707 16708 18.0
16708 16707 18.0
16707 16731 21.0
16731 16707 21.0
16708 16721 16.0
16721 16708 16.0
1019 16709 22.0
16709 1019 22.0
2208 16710 21.0
16710 2208 21.0
2208 16711 2.0
16711 2208 2.0
2208 16694 31.0
16694 2208 31.0
2208 16676 19.0
16676 2208 19.0
16710 16713 2.0
16713 16710 2.0
16711 16712 7.0
16712 16711 7.0
16711 16808 65.0
16808 16711 65.0
16712 16713 14.0
16713 16712 14.0
16712 16777 52.0
16777 16712 52.0
2288 16714 12.0
16714 2288 12.0
2288 16779 52.0
16779 2288 52.0
2288 16713 19.0
16713 2288 19.0
2288 16677 21.0
16677 2288 21.0
16714 16715 12.0
16715 16714 12.0
16714 16781 52.0
16781 16714 52.0
16715 16716 14.0
16716 16715 14.0
16715 16782 52.0
16782 16715 52.0
16717 16718 32.0
16718 16717 32.0
16718 16719 42.0
16719 16718 42.0
16718 16730 6.0
16730 16718 6.0
16719 16720 5.0
16720 16719 5.0
3736 16720 32.0
16720 3736 32.0
3736 16646 47.0
16646 3736 47.0
16721 16722 1.0
16722 16721 1.0
16722 16723 38.0
16723 16722 38.0
16723 16724 3.0
16724 16723 3.0
16723 16734 5.0
16734 16723 5.0
16724 16725 66.0
16725 16724 66.0
16725 16756 17.0
16756 16725 17.0
2671 16726 14.0
16726 2671 14.0
2671 16798 54.0
16798 2671 54.0
2671 16725 3.0
16725 2671 3.0
2671 16681 26.0
16681 2671 26.0
16726 16727 8.0
16727 16726 8.0
16726 16799 54.0
16799 16726 54.0
16727 16737 7.0
16737 16727 7.0
2050 16787 39.0
16787 2050 39.0
2050 2128 70.0
2128 2050 70.0
16728 16729 17.0
16729 16728 17.0
16728 16748 40.0
16748 16728 40.0
3561 16730 32.0
16730 3561 32.0
3561 16765 29.0
16765 3561 29.0
3561 16729 22.0
16729 3561 22.0
3561 16717 6.0
16717 3561 6.0
16730 16770 50.0
16770 16730 50.0
16731 16732 5.0
16732 16731 5.0
16731 16784 37.0
16784 16731 37.0
16732 16733 6.0
16733 16732 6.0
16732 16753 12.0
16753 16732 12.0
16733 16754 12.0
16754 16733 12.0
2487 16734 39.0
16734 2487 39.0
2487 16755 12.0
16755 2487 12.0
2487 16733 7.0
16733 2487 7.0
2487 16721 5.0
16721 2487 5.0
16735 16736 12.0
16736 16735 12.0
16735 16766 31.0
16766 16735 31.0
1304 16768 31.0
16768 1304 31.0
1304 16736 27.0
16736 1304 27.0
1304 16705 22.0
16705 1304 22.0
16737 16738 58.0
16738 16737 58.0
16737 16749 7.0
16749 16737 7.0
16738 16739 22.0
16739 16738 22.0
16739 16740 27.0
16740 16739 27.0
16739 16751 7.0
16751 16739 7.0
16740 16741 18.0
16741 16740 18.0
16740 16752 7.0
16752 16740 7.0
16741 16742 1.0
16742 16741 1.0
16741 16793 39.0
16793 16741 39.0
16742 16743 4.0
16743 16742 4.0
16742 16794 39.0
16794 16742 39.0
16743 16744 2.0
16744 16743 2.0
16743 16795 39.0
16795 16743 39.0
2941 16745 47.0
16745 2941 47.0
2941 16796 39.0
16796 2941 39.0
2941 16744 7.0
16744 2941 7.0
2941 16698 28.0
16698 2941 28.0
16745 16840 63.0
16840 16745 63.0
1451 16759 22.0
16759 1451 22.0
16746 16747 5.0
16747 16746 5.0
16746 16762 23.0
16762 16746 23.0
3428 16748 19.0
16748 3428 19.0
3428 16763 23.0
16763 3428 23.0
3428 16747 28.0
16747 3428 28.0
3428 16696 32.0
16696 3428 32.0
16748 16764 23.0
16764 16748 23.0
16749 16750 56.0
16750 16749 56.0
16749 16800 40.0
16800 16749 40.0
16750 16788 32.0
16788 16750 32.0
2811 16751 22.0
16751 2811 22.0
2811 16789 32.0
16789 2811 32.0
2811 16750 2.0
16750 2811 2.0
2811 16738 7.0
16738 2811 7.0
16751 16752 27.0
16752 16751 27.0
16751 16790 32.0
16790 16751 32.0
16753 16754 6.0
16754 16753 6.0
16753 16785 25.0
16785 16753 25.0
16754 16755 7.0
16755 16754 7.0
16754 16818 38.0
16818 16754 38.0
16755 16819 38.0
16819 16755 38.0
2548 16756 69.0
16756 2548 69.0
2548 16755 39.0
16755 2548 39.0
2548 16734 12.0
16734 2548 12.0
16756 16797 37.0
16797 16756 37.0
1779 16771 21.0
16771 1779 21.0
1779 16674 51.0
16674 1779 51.0
1060 1118 61.0
1118 1060 61.0
1060 16709 38.0
16709 1060 38.0
1907 16772 18.0
16772 1907 18.0
16757 16758 33.0
16758 16757 33.0
1626 16758 15.0
16758 1626 15.0
1626 16702 42.0
16702 1626 42.0
16759 16760 9.0
16760 16759 9.0
1501 16760 20.0
16760 1501 20.0
1501 16757 40.0
16757 1501 40.0
3152 16761 2.0
16761 3152 2.0
3152 16804 21.0
16804 3152 21.0
3152 16703 51.0
16703 3152 51.0
16761 16805 21.0
16805 16761 21.0
16762 16763 33.0
16763 16762 33.0
16762 16769 5.0
16769 16762 5.0
16763 16764 19.0
16764 16763 19.0
16763 16776 8.0
16776 16763 8.0
3533 16765 22.0
16765 3533 22.0
3533 16826 23.0
16826 3533 23.0
3533 16764 51.0
16764 3533 51.0
3533 16729 29.0
16729 3533 29.0
16765 16827 23.0
16827 16765 23.0
16766 16767 27.0
16767 16766 27.0
16766 16773 38.0
16773 16766 38.0
16767 16768 12.0
16768 16767 12.0
1361 16768 29.0
16768 1361 29.0
1361 16759 58.0
16759 1361 58.0
3362 16769 8.0
16769 3362 8.0
3362 16774 3.0
16774 3362 3.0
3362 16746 36.0
16746 3362 36.0
16769 16775 3.0
16775 16769 3.0
3680 16770 31.0
16770 3680 31.0
3680 16720 40.0
16720 3680 40.0
16771 16823 17.0
16823 16771 17.0
16771 16822 32.0
16822 16771 32.0
1808 16772 61.0
16772 1808 61.0
1808 16771 19.0
16771 1808 19.0
16772 16786 31.0
16786 16772 31.0
1466 16863 51.0
16863 1466 51.0
1466 16760 9.0
16760 1466 9.0
1118 16773 40.0
16773 1118 40.0
1118 16820 15.0
16820 1118 15.0
16773 16821 15.0
16821 16773 15.0
16774 16775 8.0
16775 16774 8.0
16775 16776 33.0
16776 16775 33.0
3459 16824 15.0
16824 3459 15.0
3459 16776 19.0
16776 3459 19.0
3459 16764 8.0
16764 3459 8.0
16777 16778 14.0
16778 16777 14.0
16777 16809 13.0
16809 16777 13.0
16778 16779 19.0
16779 16778 19.0
16778 16810 13.0
16810 16778 13.0
16779 16780 4.0
16780 16779 4.0
16779 16811 13.0
16811 16779 13.0
16780 16781 8.0
16781 16780 8.0
16780 16812 13.0
16812 16780 13.0
16781 16782 12.0
16782 16781 12.0
16781 16813 13.0
16813 16781 13.0
2354 16783 53.0
16783 2354 53.0
2354 16814 13.0
16814 2354 13.0
2354 16782 14.0
16782 2354 14.0
2354 16716 52.0
16716 2354 52.0
16783 16784 12.0
16784 16783 12.0
16783 16816 13.0
16816 16783 13.0
16784 16785 5.0
16785 16784 5.0
16784 16817 13.0
16817 16784 13.0
1951 16787 52.0
16787 1951 52.0
1951 16786 3.0
16786 1951 3.0
16788 16789 2.0
16789 16788 2.0
16789 16790 22.0
16790 16789 22.0
16790 16791 5.0
16791 16790 5.0
16790 16802 8.0
16802 16790 8.0
16791 16792 16.0
16792 16791 16.0
16791 16803 8.0
16803 16791 8.0
16792 16856 44.0
16856 16792 44.0
2888 16793 18.0
16793 2888 18.0
2888 16857 44.0
16857 2888 44.0
2888 16792 6.0
16792 2888 6.0
2888 16752 32.0
16752 2888 32.0
16793 16794 1.0
16794 16793 1.0
16793 16858 44.0
16858 16793 44.0
16794 16795 4.0
16795 16794 4.0
16794 16859 44.0
16859 16794 44.0
16795 16796 9.0
16796 16795 9.0
16795 16860 44.0
16860 16795 44.0
16796 16861 44.0
16861 16796 44.0
16797 16798 3.0
16798 16797 3.0
16798 16799 14.0
16799 16798 14.0
16798 16843 17.0
16843 16798 17.0
16799 16800 8.0
16800 16799 8.0
16799 16844 17.0
16844 16799 17.0
16800 16801 15.0
16801 16800 15.0
16800 16845 17.0
16845 16800 17.0
16801 16846 17.0
16846 16801 17.0
2808 16802 24.0
16802 2808 24.0
2808 16852 29.0
16852 2808 29.0
2808 16801 41.0
16801 2808 41.0
2808 16788 8.0
16788 2808 8.0
16802 16803 5.0
16803 16802 5.0
16802 16854 36.0
16854 16802 36.0
16803 16855 36.0
16855 16803 36.0
16804 16805 2.0
16805 16804 2.0
16804 16841 16.0
16841 16804 16.0
16805 16806 5.0
16806 16805 5.0
16805 16842 16.0
16842 16805 16.0
3201 16806 22.0
16806 3201 22.0
2061 16807 28.0
16807 2061 28.0
2061 16829 4.0
16829 2061 4.0
2061 16787 20.0
16787 2061 20.0
16807 16808 56.0
16808 16807 56.0
16807 16830 4.0
16830 16807 4.0
16808 16809 7.0
16809 16808 7.0
16808 16831 4.0
16831 16808 4.0
16809 16810 14.0
16810 16809 14.0
16810 16811 19.0
16811 16810 19.0
16810 16833 4.0
16833 16810 4.0
16811 16812 4.0
16812 16811 4.0
16811 16834 4.0
16834 16811 4.0
16812 16813 8.0
16813 16812 8.0
16812 16835 4.0
16835 16812 4.0
16813 16814 26.0
16814 16813 26.0
16813 16836 4.0
16836 16813 4.0
16814 16815 28.0
16815 16814 28.0
16814 16837 4.0
16837 16814 4.0
16815 16816 25.0
16816 16815 25.0
16816 16817 12.0
16817 16816 12.0
2466 16818 6.0
16818 2466 6.0
2466 16871 39.0
16871 2466 39.0
2466 16817 5.0
16817 2466 5.0
2466 16785 13.0
16785 2466 13.0
16818 16819 7.0
16819 16818 7.0
16818 16891 63.0
16891 16818 63.0
16819 16892 63.0
16892 16819 63.0
16820 16821 40.0
16821 16820 40.0
1289 16821 61.0
16821 1289 61.0
1289 16767 19.0
16767 1289 19.0
1699 16822 28.0
16822 1699 28.0
16822 16823 15.0
16823 16822 15.0
16822 16847 23.0
16847 16822 23.0
16823 16848 23.0
16848 16823 23.0
16824 16825 28.0
16825 16824 28.0
16824 16873 47.0
16873 16824 47.0
16825 16826 23.0
16826 16825 23.0
16825 16838 9.0
16838 16825 9.0
16826 16827 22.0
16827 16826 22.0
16826 16839 9.0
16839 16826 9.0
16827 16828 17.0
16828 16827 17.0
3639 16828 31.0
16828 3639 31.0
3639 16770 18.0
16770 3639 18.0
16829 16830 28.0
16830 16829 28.0
16830 16831 56.0
16831 16830 56.0
16831 16832 3.0
16832 16831 3.0
16831 16882 48.0
16882 16831 48.0
16832 16864 35.0
16864 16832 35.0
2225 16833 14.0
16833 2225 14.0
2225 16865 35.0
16865 2225 35.0
2225 16832 4.0
16832 2225 4.0
2225 16809 4.0
16809 2225 4.0
16833 16834 19.0
16834 16833 19.0
16833 16866 35.0
16866 16833 35.0
16834 16835 4.0
16835 16834 4.0
16834 16867 35.0
16867 16834 35.0
16835 16836 8.0
16836 16835 8.0
16835 16868 35.0
16868 16835 35.0
16836 16837 26.0
16837 16836 26.0
16836 16869 35.0
16869 16836 35.0
16837 16870 35.0
16870 16837 35.0
1188 16820 47.0
16820 1188 47.0
1188 16821 7.0
16821 1188 7.0
16838 16839 23.0
16839 16838 23.0
3590 16839 39.0
16839 3590 39.0
3590 16828 9.0
16828 3590 9.0
3047 16841 63.0
16841 3047 63.0
3047 16840 11.0
16840 3047 11.0
16841 16842 2.0
16842 16841 2.0
16841 16872 26.0
16872 16841 26.0
16842 16872 24.0
16872 16842 24.0
2665 16843 3.0
16843 2665 3.0
2665 16849 15.0
16849 2665 15.0
2665 16797 17.0
16797 2665 17.0
16843 16844 14.0
16844 16843 14.0
16843 16849 12.0
16849 16843 12.0
16844 16845 8.0
16845 16844 8.0
16844 16850 12.0
16850 16844 12.0
16845 16846 15.0
16846 16845 15.0
16845 16851 12.0
16851 16845 12.0
16847 16848 15.0
16848 16847 15.0
1788 16900 49.0
16900 1788 49.0
1788 16848 7.0
16848 1788 7.0
16849 16850 14.0
16850 16849 14.0
16850 16851 8.0
16851 16850 8.0
2737 16852 41.0
16852 2737 41.0
2737 16851 15.0
16851 2737 15.0
2737 16846 12.0
16846 2737 12.0
16852 16853 7.0
16853 16852 7.0
3381 16885 22.0
16885 3381 22.0
3381 16774 56.0
16774 3381 56.0
3381 16775 48.0
16775 3381 48.0
16853 16854 24.0
16854 16853 24.0
16853 16874 40.0
16874 16853 40.0
16854 16855 5.0
16855 16854 5.0
16854 16874 16.0
16874 16854 16.0
16855 16856 16.0
16856 16855 16.0
16856 16857 6.0
16857 16856 6.0
16856 16876 16.0
16876 16856 16.0
16857 16858 18.0
16858 16857 18.0
16858 16859 1.0
16859 16858 1.0
16858 16877 16.0
16877 16858 16.0
16859 16860 4.0
16860 16859 4.0
16859 16878 16.0
16878 16859 16.0
16860 16861 9.0
16861 16860 9.0
16860 16879 16.0
16879 16860 16.0
16861 16862 15.0
16862 16861 15.0
16861 16880 16.0
16880 16861 16.0
16862 16881 16.0
16881 16862 16.0
3028 16862 32.0
16862 3028 32.0
3028 16840 20.0
16840 3028 20.0
1499 16863 18.0
16863 1499 18.0
16864 16865 4.0
16865 16864 4.0
16864 16883 13.0
16883 16864 13.0
16865 16866 14.0
16866 16865 14.0
16865 16884 13.0
16884 16865 13.0
16866 16867 19.0
16867 16866 19.0
16866 16896 28.0
16896 16866 28.0
16867 16868 4.0
16868 16867 4.0
16867 16897 28.0
16897 16867 28.0
16868 16869 8.0
16869 16868 8.0
16868 16887 24.0
16887 16868 24.0
16869 16870 26.0
16870 16869 26.0
16869 16888 24.0
16888 16869 24.0
2400 16871 42.0
16871 2400 42.0
2400 16889 24.0
16889 2400 24.0
2400 16870 28.0
16870 2400 28.0
2400 16815 39.0
16815 2400 39.0
16871 16890 24.0
16890 16871 24.0
3163 3229 41.0
3229 3163 41.0
3163 16872 5.0
16872 3163 5.0
3163 16806 40.0
16806 3163 40.0
3229 3287 71.0
3287 3229 71.0
1441 16863 22.0
16863 1441 22.0
1943 16786 60.0
16786 1943 60.0
16873 16886 12.0
16886 16873 12.0
3495 16873 28.0
16873 3495 28.0
3495 16838 38.0
16838 3495 38.0
16874 16875 1.0
16875 16874 1.0
16875 16901 23.0
16901 16875 23.0
2862 16876 16.0
16876 2862 16.0
2862 16902 23.0
16902 2862 23.0
2862 16875 4.0
16875 2862 4.0
2862 16855 16.0
16855 2862 16.0
16876 16877 24.0
16877 16876 24.0
16876 16903 23.0
16903 16876 23.0
16877 16878 1.0
16878 16877 1.0
16877 16904 23.0
16904 16877 23.0
16878 16879 4.0
16879 16878 4.0
16878 16905 23.0
16905 16878 23.0
16879 16880 9.0
16880 16879 9.0
16879 16906 23.0
16906 16879 23.0
16880 16881 15.0
16881 16880 15.0
16880 16907 23.0
16907 16880 23.0
2117 16882 56.0
16882 2117 56.0
2117 16893 71.0
16893 2117 71.0
2117 16829 76.0
16829 2117 76.0
2117 16830 48.0
16830 2117 48.0
16882 16883 3.0
16883 16882 3.0
16882 16893 15.0
16893 16882 15.0
16883 16884 4.0
16884 16883 4.0
16883 16894 15.0
16894 16883 15.0
16884 16895 15.0
16895 16884 15.0
16885 16899 19.0
16899 16885 19.0
3419 16886 19.0
16886 3419 19.0
3419 16885 29.0
16885 3419 29.0
16887 16888 8.0
16888 16887 8.0
16888 16889 54.0
16889 16888 54.0
16888 16898 4.0
16898 16888 4.0
16889 16890 42.0
16890 16889 42.0
16889 16911 29.0
16911 16889 29.0
16890 16891 6.0
16891 16890 6.0
16891 16892 7.0
16892 16891 7.0
16892 16912 29.0
16912 16892 29.0
2540 16918 49.0
16918 2540 49.0
2540 16892 35.0
16892 2540 35.0
16893 16894 3.0
16894 16893 3.0
16894 16895 4.0
16895 16894 4.0
16895 16896 14.0
16896 16895 14.0
16895 16908 18.0
16908 16895 18.0
16896 16897 19.0
16897 16896 19.0
16896 16909 18.0
16909 16896 18.0
2293 16898 8.0
16898 2293 8.0
2293 16910 18.0
16910 2293 18.0
2293 16897 4.0
16897 2293 4.0
2293 16887 4.0
16887 2293 4.0
3287 16899 50.0
16899 3287 50.0
1751 16900 22.0
16900 1751 22.0
1751 16913 32.0
16913 1751 32.0
1751 16847 49.0
16847 1751 49.0
16900 16914 32.0
16914 16900 32.0
16901 16902 4.0
16902 16901 4.0
16902 16903 16.0
16903 16902 16.0
16902 16925 47.0
16925 16902 47.0
16903 16904 24.0
16904 16903 24.0
16903 16926 47.0
16926 16903 47.0
16904 16905 1.0
16905 16904 1.0
16904 16937 58.0
16937 16904 58.0
16905 16906 4.0
16906 16905 4.0
16905 16938 58.0
16938 16905 58.0
16906 16907 9.0
16907 16906 9.0
16906 16939 58.0
16939 16906 58.0
2971 16907 15.0
16907 2971 15.0
2971 16881 23.0
16881 2971 23.0
3449 16886 21.0
16886 3449 21.0
2214 16908 4.0
16908 2214 4.0
2214 16920 32.0
16920 2214 32.0
2214 16894 18.0
16894 2214 18.0
16908 16909 14.0
16909 16908 14.0
16908 16921 32.0
16921 16908 32.0
16909 16910 23.0
16910 16909 23.0
16909 16922 32.0
16922 16909 32.0
16910 16923 32.0
16923 16910 32.0
3374 16899 13.0
16899 3374 13.0
16911 16915 34.0
16915 16911 34.0
2471 16912 7.0
16912 2471 7.0
2471 16916 20.0
16916 2471 20.0
2471 16911 48.0
16911 2471 48.0
2471 16891 29.0
16891 2471 29.0
16912 16917 20.0
16917 16912 20.0
2690 16933 30.0
16933 2690 30.0
2690 16850 69.0
16850 2690 69.0
16913 16914 22.0
16914 16913 22.0
16913 16944 46.0
16944 16913 46.0
1817 16945 42.0
16945 1817 42.0
1817 16914 17.0
16914 1817 17.0
16915 16916 62.0
16916 16915 62.0
16915 16924 5.0
16924 16915 5.0
16916 16917 7.0
16917 16916 7.0
2493 16918 32.0
16918 2493 32.0
2493 16919 34.0
16919 2493 34.0
2493 16917 3.0
16917 2493 3.0
16918 16919 2.0
16919 16918 2.0
2554 16931 13.0
16931 2554 13.0
2554 16919 8.0
16919 2554 8.0
16920 16921 4.0
16921 16920 4.0
16920 16927 9.0
16927 16920 9.0
16921 16922 14.0
16922 16921 14.0
16921 16928 9.0
16928 16921 9.0
16922 16923 23.0
16923 16922 23.0
2308 16924 40.0
16924 2308 40.0
2308 16930 9.0
16930 2308 9.0
2308 16923 8.0
16923 2308 8.0
2308 16898 50.0
16898 2308 50.0
2856 16925 4.0
16925 2856 4.0
2856 16935 11.0
16935 2856 11.0
2856 16934 32.0
16934 2856 32.0
2856 16901 47.0
16901 2856 47.0
16925 16926 16.0
16926 16925 16.0
16925 16936 11.0
16936 16925 11.0
16927 16928 4.0
16928 16927 4.0
16927 16956 29.0
16956 16927 29.0
16927 16943 41.0
16943 16927 41.0
16928 16929 12.0
16929 16928 12.0
16928 16957 29.0
16957 16928 29.0
16929 16958 29.0
16958 16929 29.0
2250 16930 31.0
16930 2250 31.0
2250 16977 51.0
16977 2250 51.0
2250 16929 2.0
16929 2250 2.0
2250 16922 9.0
16922 2250 9.0
16930 16941 31.0
16941 16930 31.0
16931 16932 19.0
16932 16931 19.0
16931 16940 24.0
16940 16931 24.0
2674 16933 12.0
16933 2674 12.0
2674 16932 51.0
16932 2674 51.0
16933 16952 22.0
16952 16933 22.0
16934 16935 21.0
16935 16934 21.0
16934 16954 17.0
16954 16934 17.0
16935 16936 4.0
16936 16935 4.0
16935 16962 29.0
16962 16935 29.0
16936 16963 29.0
16963 16936 29.0
2881 16937 24.0
16937 2881 24.0
2881 16964 29.0
16964 2881 29.0
2881 16936 16.0
16936 2881 16.0
2881 16926 11.0
16926 2881 11.0
16937 16938 1.0
16938 16937 1.0
16937 16968 32.0
16968 16937 32.0
16938 16939 4.0
16939 16938 4.0
16938 16969 32.0
16969 16938 32.0
2592 16940 3.0
16940 2592 3.0
2592 16932 8.0
16932 2592 8.0
2378 16980 40.0
16980 2378 40.0
2378 16941 22.0
16941 2378 22.0
2378 16924 22.0
16924 2378 22.0
2070 16942 2.0
16942 2070 2.0
16942 16951 37.0
16951 16942 37.0
2147 16943 20.0
16943 2147 20.0
2147 16955 28.0
16955 2147 28.0
2147 16942 40.0
16942 2147 40.0
16944 16945 43.0
16945 16944 43.0
16944 16947 2.0
16947 16944 2.0
16945 16946 36.0
16946 16945 36.0
16945 16948 2.0
16948 16945 2.0
16946 16949 2.0
16949 16946 2.0
1883 16950 2.0
16950 1883 2.0
1883 16946 2.0
16946 1883 2.0
16947 16948 43.0
16948 16947 43.0
16948 16949 36.0
16949 16948 36.0
16949 16950 2.0
16950 16949 2.0
16950 16988 59.0
16988 16950 59.0
1958 16951 29.0
16951 1958 29.0
1958 16959 19.0
16959 1958 19.0
1958 16950 51.0
16950 1958 51.0
16952 16953 14.0
16953 16952 14.0
16952 16993 67.0
16993 16952 67.0
16953 16960 12.0
16960 16953 12.0
2726 16954 50.0
16954 2726 50.0
2726 16961 12.0
16961 2726 12.0
2726 16953 4.0
16953 2726 4.0
1743 16947 5.0
16947 1743 5.0
16955 16973 22.0
16973 16955 22.0
2178 16956 23.0
16956 2178 23.0
2178 16974 22.0
16974 2178 22.0
2178 16955 3.0
16955 2178 3.0
2178 16943 11.0
16943 2178 11.0
16956 16957 4.0
16957 16956 4.0
16956 16975 22.0
16975 16956 22.0
16957 16958 12.0
16958 16957 12.0
16957 16976 22.0
16976 16957 22.0
2006 16991 49.0
16991 2006 49.0
2006 16959 22.0
16959 2006 22.0
2006 16951 12.0
16951 2006 12.0
16960 16961 4.0
16961 16960 4.0
16960 16994 55.0
16994 16960 55.0
2818 16962 21.0
16962 2818 21.0
2818 16961 50.0
16961 2818 50.0
2818 16954 12.0
16954 2818 12.0
16962 16963 4.0
16963 16962 4.0
16962 16965 7.0
16965 16962 7.0
16963 16964 16.0
16964 16963 16.0
16963 16965 3.0
16965 16963 3.0
16964 16967 3.0
16967 16964 3.0
16965 16966 2.0
16966 16965 2.0
16966 16967 14.0
16967 16966 14.0
16967 16968 24.0
16968 16967 24.0
16968 16969 1.0
16969 16968 1.0
2930 16970 12.0
16970 2930 12.0
2930 16969 4.0
16969 2930 4.0
2930 16939 32.0
16939 2930 32.0
16970 16971 39.0
16971 16970 39.0
16970 16984 20.0
16984 16970 20.0
16971 16972 10.0
16972 16971 10.0
16972 16985 20.0
16985 16972 20.0
3019 16972 1.0
16972 3019 1.0
16973 16974 3.0
16974 16973 3.0
16974 16975 23.0
16975 16974 23.0
16975 16976 4.0
16976 16975 4.0
2244 16977 2.0
16977 2244 2.0
2244 16978 4.0
16978 2244 4.0
2244 16976 12.0
16976 2244 12.0
2244 16958 22.0
16958 2244 22.0
16977 16978 2.0
16978 16977 2.0
16978 16979 37.0
16979 16978 37.0
16979 16981 2.0
16981 16979 2.0
2341 16980 22.0
16980 2341 22.0
2341 16982 2.0
16982 2341 2.0
2341 16979 12.0
16979 2341 12.0
2341 16941 40.0
16941 2341 40.0
16980 16983 2.0
16983 16980 2.0
16981 16982 12.0
16982 16981 12.0
16982 16983 22.0
16983 16982 22.0
2405 16983 18.0
16983 2405 18.0
16984 17005 39.0
17005 16984 39.0
16984 16998 40.0
16998 16984 40.0
2996 16985 10.0
16985 2996 10.0
2996 16986 11.0
16986 2996 11.0
2996 16984 39.0
16984 2996 39.0
2996 16971 20.0
16971 2996 20.0
16986 16987 8.0
16987 16986 8.0
16986 17006 28.0
17006 16986 28.0
16987 17007 28.0
17007 16987 28.0
3016 17021 50.0
17021 3016 50.0
3016 16987 2.0
16987 3016 2.0
3016 16985 11.0
16985 3016 11.0
1880 16988 2.0
16988 1880 2.0
1880 16989 4.0
16989 1880 4.0
1880 16949 59.0
16949 1880 59.0
16988 16989 2.0
16989 16988 2.0
2321 16981 28.0
16981 2321 28.0
16989 16990 26.0
16990 16989 26.0
1974 16991 22.0
16991 1974 22.0
1974 16995 12.0
16995 1974 12.0
1974 16990 32.0
16990 1974 32.0
1974 16959 49.0
16959 1974 49.0
16991 16996 12.0
16996 16991 12.0
2173 17002 20.0
17002 2173 20.0
2173 16973 38.0
16973 2173 38.0
16992 16997 9.0
16997 16992 9.0
2583 16993 66.0
16993 2583 66.0
2583 16992 13.0
16992 2583 13.0
2583 16940 81.0
16940 2583 81.0
16993 16994 14.0
16994 16993 14.0
16995 16996 22.0
16996 16995 22.0
16995 17011 35.0
17011 16995 35.0
2025 16999 13.0
16999 2025 13.0
2025 16996 8.0
16996 2025 8.0
2535 16997 18.0
16997 2535 18.0
2535 17027 51.0
17027 2535 51.0
2535 16992 27.0
16992 2535 27.0
2720 17023 32.0
17023 2720 32.0
2720 16993 27.0
16993 2720 27.0
2720 16994 13.0
16994 2720 13.0
2864 16998 40.0
16998 2864 40.0
2864 17004 2.0
17004 2864 2.0
2864 17003 15.0
17003 2864 15.0
2864 16966 69.0
16966 2864 69.0
16999 17000 29.0
17000 16999 29.0
16999 17012 8.0
17012 16999 8.0
17000 17001 27.0
17001 17000 27.0
17001 17014 8.0
17014 17001 8.0
2142 17002 21.0
17002 2142 21.0
2142 17033 52.0
17033 2142 52.0
2142 17001 4.0
17001 2142 4.0
2142 2173 41.0
2173 2142 41.0
17002 17008 4.0
17008 17002 4.0
17003 17004 13.0
17004 17003 13.0
17003 17024 26.0
17024 17003 26.0
2924 17005 3.0
17005 2924 3.0
2924 17017 22.0
17017 2924 22.0
2924 17004 40.0
17004 2924 40.0
2924 16998 2.0
16998 2924 2.0
17005 17006 39.0
17006 17005 39.0
17005 17018 22.0
17018 17005 22.0
17006 17007 8.0
17007 17006 8.0
17006 17020 22.0
17020 17006 22.0
17008 17009 49.0
17009 17008 49.0
17008 17015 26.0
17015 17008 26.0
17009 17010 29.0
17010 17009 29.0
17010 17016 9.0
17016 17010 9.0
2318 17026 24.0
17026 2318 24.0
2318 17010 2.0
17010 2318 2.0
2318 2321 31.0
2321 2318 31.0
17011 17012 44.0
17012 17011 44.0
17011 17022 17.0
17022 17011 17.0
17012 17013 27.0
17013 17012 27.0
17013 17047 55.0
17047 17013 55.0
2079 17014 27.0
17014 2079 27.0
2079 17048 55.0
17048 2079 55.0
2079 17013 2.0
17013 2079 2.0
2079 17000 8.0
17000 2079 8.0
17014 17032 44.0
17032 17014 44.0
2259 17016 29.0
17016 2259 29.0
2259 17029 31.0
17029 2259 31.0
2259 17015 32.0
17015 2259 32.0
2259 17009 9.0
17009 2259 9.0
17016 17025 15.0
17025 17016 15.0
17017 17018 3.0
17018 17017 3.0
17017 17040 36.0
17040 17017 36.0
17018 17019 5.0
17019 17018 5.0
17018 17041 36.0
17041 17018 36.0
17019 17020 34.0
17020 17019 34.0
3012 17021 2.0
17021 3012 2.0
3012 17035 32.0
17035 3012 32.0
3012 17020 8.0
17020 3012 8.0
3012 17007 22.0
17007 3012 22.0
17021 17036 32.0
17036 17021 32.0
1921 17022 18.0
17022 1921 18.0
1921 1941 59.0
1941 1921 59.0
1921 16990 50.0
16990 1921 50.0
17023 17028 27.0
17028 17023 27.0
2757 17024 49.0
17024 2757 49.0
2757 17023 19.0
17023 2757 19.0
17025 17026 2.0
17026 17025 2.0
2448 17027 39.0
17027 2448 39.0
2448 17030 16.0
17030 2448 16.0
2448 17026 80.0
17026 2448 80.0
3357 17046 31.0
17046 3357 31.0
3357 3401 50.0
3401 3357 50.0
2561 17028 81.0
17028 2561 81.0
2561 17031 10.0
17031 2561 10.0
2561 16997 51.0
16997 2561 51.0
17029 17034 10.0
17034 17029 10.0
2316 17030 82.0
17030 2316 82.0
2316 17029 29.0
17029 2316 29.0
2316 17025 16.0
17025 2316 16.0
2696 17028 3.0
17028 2696 3.0
2515 17031 30.0
17031 2515 30.0
2515 17030 45.0
17030 2515 45.0
2515 17027 22.0
17027 2515 22.0
17032 17033 4.0
17033 17032 4.0
17032 17049 11.0
17049 17032 11.0
2198 17034 30.0
17034 2198 30.0
2198 17050 11.0
17050 2198 11.0
2198 17033 38.0
17033 2198 38.0
2198 17015 39.0
17015 2198 39.0
17035 17036 2.0
17036 17035 2.0
17035 17045 7.0
17045 17035 7.0
17035 17044 42.0
17044 17035 42.0
17036 17037 15.0
17037 17036 15.0
17037 17057 12.0
17057 17037 12.0
3079 17038 2.0
17038 3079 2.0
3079 17037 22.0
17037 3079 22.0
17038 17039 40.0
17039 17038 40.0
17038 17058 10.0
17058 17038 10.0
3161 17059 10.0
17059 3161 10.0
3161 17039 10.0
17039 3161 10.0
2841 17040 53.0
17040 2841 53.0
2841 17042 56.0
17042 2841 56.0
2841 17024 32.0
17024 2841 32.0
17040 17041 3.0
17041 17040 3.0
17040 17042 3.0
17042 17040 3.0
17041 17043 3.0
17043 17041 3.0
17042 17043 3.0
17043 17042 3.0
2938 17044 7.0
17044 2938 7.0
2938 17054 5.0
17054 2938 5.0
2938 17043 5.0
17043 2938 5.0
2938 17019 39.0
17019 2938 39.0
17044 17045 35.0
17045 17044 35.0
17044 17055 5.0
17055 17044 5.0
17045 17056 5.0
17056 17045 5.0
3353 17046 2.0
17046 3353 2.0
17046 17052 1.0
17052 17046 1.0
17047 17048 2.0
17048 17047 2.0
17047 17053 3.0
17053 17047 3.0
17048 17049 27.0
17049 17048 27.0
17048 17060 6.0
17060 17048 6.0
17049 17050 42.0
17050 17049 42.0
17049 17061 6.0
17061 17049 6.0
17050 17051 29.0
17051 17050 29.0
2255 17070 20.0
17070 2255 20.0
2255 17051 1.0
17051 2255 1.0
2255 17034 11.0
17034 2255 11.0
17052 17069 18.0
17069 17052 18.0
3420 17052 39.0
17052 3420 39.0
1941 17053 71.0
17053 1941 71.0
1941 2074 74.0
2074 1941 74.0
1941 17022 41.0
17022 1941 41.0
17054 17055 7.0
17055 17054 7.0
17054 17071 17.0
17071 17054 17.0
17055 17056 35.0
17056 17055 35.0
17055 17072 17.0
17072 17055 17.0
17056 17057 17.0
17057 17056 17.0
17057 17058 22.0
17058 17057 22.0
3146 17059 10.0
17059 3146 10.0
3146 17058 40.0
17058 3146 40.0
3146 17039 10.0
17039 3146 10.0
17059 17062 18.0
17062 17059 18.0
2074 17060 2.0
17060 2074 2.0
2074 17073 34.0
17073 2074 34.0
2074 17053 3.0
17053 2074 3.0
17060 17061 27.0
17061 17060 27.0
17060 17073 32.0
17073 17060 32.0
2559 17075 33.0
17075 2559 33.0
2559 17031 21.0
17031 2559 21.0
17062 17065 4.0
17065 17062 4.0
3177 17063 3.0
17063 3177 3.0
3177 17062 2.0
17062 3177 2.0
17063 17064 69.0
17064 17063 69.0
17063 17066 1.0
17066 17063 1.0
17064 17067 1.0
17067 17064 1.0
3301 17068 1.0
17068 3301 1.0
3301 17064 12.0
17064 3301 12.0
17065 17066 2.0
17066 17065 2.0
17066 17067 69.0
17067 17066 69.0
17067 17068 12.0
17068 17067 12.0
17067 17078 46.0
17078 17067 46.0
3336 17069 13.0
17069 3336 13.0
3336 17068 20.0
17068 3336 20.0
3375 3376 20.0
3376 3375 20.0
3375 17069 8.0
17069 3375 8.0
2253 17070 1.0
17070 2253 1.0
2253 17077 42.0
17077 2253 42.0
2253 17051 20.0
17051 2253 20.0
17070 17077 41.0
17077 17070 41.0
17071 17072 7.0
17072 17071 7.0
17071 17076 29.0
17076 17071 29.0
3037 17072 52.0
17072 3037 52.0
3037 17057 17.0
17057 3037 17.0
17073 17074 25.0
17074 17073 25.0
2135 17074 2.0
17074 2135 2.0
2135 17061 32.0
17061 2135 32.0
2645 17075 49.0
17075 2645 49.0
17076 17089 49.0
17089 17076 49.0
2948 17083 35.0
17083 2948 35.0
2948 17076 7.0
17076 2948 7.0
2948 17072 29.0
17072 2948 29.0
2524 17075 40.0
17075 2524 40.0
2268 17077 7.0
17077 2268 7.0
3172 17078 71.0
17078 3172 71.0
3172 17080 3.0
17080 3172 3.0
3172 17079 24.0
17079 3172 24.0
3172 17065 46.0
17065 3172 46.0
17079 17080 21.0
17080 17079 21.0
17079 17082 5.0
17082 17079 5.0
17080 17081 7.0
17081 17080 7.0
17080 17087 17.0
17087 17080 17.0
3282 17081 64.0
17081 3282 64.0
3282 17078 3.0
17078 3282 3.0
2129 17074 30.0
17074 2129 30.0
3092 17082 30.0
17082 3092 30.0
3092 17086 12.0
17086 3092 12.0
2819 2836 11.0
2836 2819 11.0
2836 17088 22.0
17088 2836 22.0
17083 17084 28.0
17084 17083 28.0
17083 17093 16.0
17093 17083 16.0
17083 17090 17.0
17090 17083 17.0
17084 17085 28.0
17085 17084 28.0
17085 17086 24.0
17086 17085 24.0
17085 17094 16.0
17094 17085 16.0
3142 17087 21.0
17087 3142 21.0
3142 17097 62.0
17097 3142 62.0
3142 17086 30.0
17086 3142 30.0
3142 17082 12.0
17082 3142 12.0
17087 17098 62.0
17098 17087 62.0
2895 17089 25.0
17089 2895 25.0
2895 17091 27.0
17091 2895 27.0
2895 17088 40.0
17088 2895 40.0
17089 17090 4.0
17090 17089 4.0
17089 17091 2.0
17091 17089 2.0
17090 17092 2.0
17092 17090 2.0
17091 17092 4.0
17092 17091 4.0
17092 17093 3.0
17093 17092 3.0
3000 17094 28.0
17094 3000 28.0
3000 17093 28.0
17093 3000 28.0
3000 17084 16.0
17084 3000 16.0
17094 17095 46.0
17095 17094 46.0
2815 17099 60.0
17099 2815 60.0
2815 17088 19.0
17088 2815 19.0
2942 17103 49.0
17103 2942 49.0
2942 17092 19.0
17092 2942 19.0
17095 17096 37.0
17096 17095 37.0
17096 17097 17.0
17097 17096 17.0
17096 17105 26.0
17105 17096 26.0
17097 17098 21.0
17098 17097 21.0
3186 17106 26.0
17106 3186 26.0
3186 17098 7.0
17098 3186 7.0
3186 17081 79.0
17081 3186 79.0
2809 17099 3.0
17099 2809 3.0
2809 17101 2.0
17101 2809 2.0
2809 17100 54.0
17100 2809 54.0
17099 17102 2.0
17102 17099 2.0
17100 17101 52.0
17101 17100 52.0
17100 17107 6.0
17107 17100 6.0
17101 17102 3.0
17102 17101 3.0
2889 17103 32.0
17103 2889 32.0
2889 17102 48.0
17102 2889 48.0
17103 17104 21.0
17104 17103 21.0
17104 17112 25.0
17112 17104 25.0
3049 17105 37.0
17105 3049 37.0
3049 17108 6.0
17108 3049 6.0
3049 17104 42.0
17104 3049 42.0
3049 17095 26.0
17095 3049 26.0
17105 17106 45.0
17106 17105 45.0
17105 17109 6.0
17109 17105 6.0
17106 17110 6.0
17110 17106 6.0
2699 17107 9.0
17107 2699 9.0
17108 17109 37.0
17109 17108 37.0
17108 17113 19.0
17113 17108 19.0
17109 17110 45.0
17110 17109 45.0
17109 17114 19.0
17114 17109 19.0
17110 17111 18.0
17111 17110 18.0
17110 17115 19.0
17115 17110 19.0
3243 17116 19.0
17116 3243 19.0
3243 17111 21.0
17111 3243 21.0
17112 17113 42.0
17113 17112 42.0
17113 17114 37.0
17114 17113 37.0
17113 17124 48.0
17124 17113 48.0
17114 17115 45.0
17115 17114 45.0
17114 17119 44.0
17119 17114 44.0
3221 17116 21.0
17116 3221 21.0
3221 17120 44.0
17120 3221 44.0
3221 17115 18.0
17115 3221 18.0
3221 17111 19.0
17111 3221 19.0
3304 17122 41.0
17122 3304 41.0
3304 17116 42.0
17116 3304 42.0
2976 17118 20.0
17118 2976 20.0
2976 17117 24.0
17117 2976 24.0
2976 17112 14.0
17112 2976 14.0
2717 17107 40.0
17107 2717 40.0
2952 17117 7.0
17117 2952 7.0
17117 17118 4.0
17118 17117 4.0
17117 17126 51.0
17126 17117 51.0
17118 17123 21.0
17123 17118 21.0
17119 17120 63.0
17120 17119 63.0
17120 17121 27.0
17121 17120 27.0
17121 17122 33.0
17122 17121 33.0
17121 17125 4.0
17125 17121 4.0
3338 17122 19.0
17122 3338 19.0
2714 2717 33.0
2717 2714 33.0
17123 17124 35.0
17124 17123 35.0
3115 17125 90.0
17125 3115 90.0
3115 17124 37.0
17124 3115 37.0
3115 17119 4.0
17119 3115 4.0
3253 17125 14.0
17125 3253 14.0
17126 17127 8.0
17127 17126 8.0
2987 17126 11.0
17126 2987 11.0
2987 17123 37.0
17123 2987 37.0
2857 2898 32.0
2898 2857 32.0
2898 17127 40.0
17127 2898 40.0
2968 3001 59.0
3001 2968 59.0
2968 17127 12.0
17127 2968 12.0
3001 3054 31.0
3054 3001 31.0
S 2230
99 3646 4180 1060 916 2766 2390 1881 226 3157 311 1667 2305 1855 2862 3701 1861 380 1997 3780 74 2759 636 733 1166 4082 3674 4200 4241 1112 83 969 2773 790 3278 2396 338 776 3984 971 265 2524 3704 3744 4264 3508 3805 2542 195 3584 2684 4457 3993 3376 3778 894 4 1447 3568 3566 4424 3844 372 4099 298 3866 2107 2397 2486 3354 630 3867 2244 3940 2584 3808 1020 2675 2070 3002 2178 1177 260 822 3190 2104 1612 3324 3428 353 2274 3208 3322 1616 576 2700 1265 1728 2105 1989 2794 485 3855 534 4243 1996 1803 1254 1808 2994 2100 909 1421 1453 4446 4374 1359 340 55 248 3440 3159 2576 764 149 2983 320 3185 3217 2958 2307 2252 1151 4301 568 1282 4300 4320 4091 2314 950 167 1199 3994 4296 855 2214 1011 800 3514 684 4076 145 1669 3567 3513 3263 2837 4205 3434 1983 2461 1022 2483 4373 2920 2940 670 2476 233 892 1571 267 3632 3011 1604 2401 775 21 730 2841 1644 2774 731 2381 1887 4136 2288 3592 2705 3096 3949 2179 1294 2996 3903 2785 2016 3836 2937 3972 3576 2177 2909 3548 4206 2886 3160 4352 3642 185 2344 3817 2723 2386 2452 2409 3146 1547 723 2367 794 43 673 3806 2602 357 2855 2527 620 1379 1874 3656 1345 829 1555 1313 2536 473 460 558 3384 3751 4344 4416 1364 2001 3004 4137 2053 1890 4460 1459 2164 1666 3054 1638 2590 193 3469 363 3636 996 1605 935 2742 1428 2791 2026 3915 132 1129 3664 3838 1967 2297 6 1772 3601 2813 2993 389 1857 3249 40 3071 3042 442 1162 479 1071 647 3073 3484 640 2451 3557 4266 458 2652 1262 4160 2331 2125 3694 508 4260 1276 4157 4210 3031 791 727 607 2489 2148 3044 3078 2905 1404 38 2815 3128 1257 1092 2926 1192 743 754 1408 2807 2168 4165 3070 1798 2140 1910 690 4079 1312 1781 762 1853 2823 1138 3898 2621 4375 159 4316 253 2096 579 1602 289 930 181 1420 755 695 2552 3117 2891 3599 1184 3659 436 1826 295 3473 4293 2565 554 1851 1135 1710 3693 82 120 984 806 4359 2934 4156 416 4261 113 2414 3416 3494 2729 4139 199 1706 2441 2658 4092 1350 1503 3725 2101 4041 1347 660 594 2942 1882 3857 1898 3981 3575 1058 3760 3564 197 432 4070 3313 3531 2748 3310 960 3629 2428 3344 4074 1490 574 3038 1595 1028 4399 3034 1621 1064 2399 3212 1684 2854 3067 2243 1207 1330 3197 2874 222 4245 1982 1718 842 3765 1626 858 4390 3213 4349 839 810 3149 228 3462 1326 3162 1390 4358 1456 2316 301 4350 44 901 545 1894 4341 3082 1343 2061 2224 4109 3637 716 1690 1061 3232 72 2881 4242 53 237 49 2830 1465 2294 1955 1055 438 1942 488 16 3931 1191 1334 628 2975 1287 4388 203 183 3848 3260 365 1623 1201 4040 724 3628 2365 2241 1731 2420 2470 2982 2075 942 213 2291 3442 1651 322 3022 1043 801 109 701 3800 1462 3748 2404 2478 2010 464 4209 2800 951 1497 3526 2003 2783 895 446 1048 3152 2192 1121 1205 3179 3303 4148 3509 1662 3851 1157 1740 2738 3425 1496 1487 3088 1869 244 4384 761 2844 2659 3500 844 4053 2295 4154 555 3950 1654 420 4312 2540 252 734 1448 2645 1618 4306 2980 3721 2171 3702 2044 1753 3301 3251 4049 1900 926 2973 4168 2625 4269 4223 4361 2240 229 2340 1007 515 3135 1123 586 2962 4355 1443 427 812 3257 3196 3560 3574 37 2650 154 3079 373 1831 1775 3742 3954 46 1065 758 1037 685 1436 1182 262 3221 4378 667 4289 2392 860 1243 3919 3902 2606 79 3585 2113 3321 3864 3985 1242 1248 2493 31 2165 1215 964 1712 171 3427 1934 1526 4425 3960 3387 2952 1751 742 123 2385 3072 2546 3320 3264 2234 2302 3986 1554 1040 251 2020 3439 1640 705 2666 3889 3327 2027 4191 3130 2474 4410 4084 3588 3485 3407 1676 3360 3091 2465 792 4171 2912 1978 862 1540 1548 426 2249 1422 3602 3552 2686 62 41 221 269 15 3129 602 4238 1917 3935 177 700 3107 3920 431 1899 2118 827 4198 953 13 541 3716 3326 2833 512 3491 3670 1868 903 3578 1216 662 3385 1500 4107 3141 3518 531 2093 3538 3018 28 3995 3460 623 1474 1301 4287 2503 255 3621 661 4028 3041 1076 2826 900 799 2280 3841 3740 1777 3187 144 3036 89 3349 2631 2702 3802 1594 1607 1169 3131 1539 2201 1907 2150 1916 870 4035 833 3063 544 3610 147 694 2564 3762 2617 4085 392 141 4015 3319 321 3167 105 918 3390 393 3432 73 3580 4455 4100 1384 3639 1952 4288 9 2767 3417 3171 2876 1760 3681 912 3773 2475 2507 4014 3927 3618 1931 2614 1995 2871 1708 717 2797 3119 1515 4142 4346 4229 3361 3700 1603 3404 257 2628 3734 1709 3204 163 1460 2097 3881 1009 2144 4093 1 3302 1080 1417 3273 17 1385 1078 4252 1971 102 48 50 3102 2076 352 4055 4151 873 1533 4313 3872 2019 2607 1779 956 3554 3812 3769 2835 1466 1198 2382 408 3520 815 1405 4318 367 3645 1249 2597 3737 749 2864 751 1730 4429 2991 3 596 3775 2515 3723 3795 2998 3478 3733 3803 2329 413 1564 788 2233 2927 2348 2069 1411 385 1370 643 2321 2200 1042 146 2133 403 693 4371 2779 2611 2959 3418 1335 4278 3207 136 4216 719 2567 1768 888 284 994 4274 1655 4220 2678 139 98 835 3992 1354 1879 2292 1147 1809 2796 297 2004 3337 332 4299 552 3175 1150 546 1054 584 4054 825 2965 1953 1297 4263 2323 3672 3295 3198 4385 4193 4290 1230 4414 1609 603 3533 3350 2324 1699 2184 1284 1685 1018 3573 450 3124 1601 1303 2265 3086 3956 3332 1091 1679 4343 871 1458 3372 3276 752 2230 2238 1671 3501 937 3868 1069 3163 2193 2408 2467 452 64 2882 2518 1477 4007 2115 1008 3267 1014 1457 2436 400 2647 3696 2055 2560 1352 2419 1973 3253 2285 2360 2760 342 3877 2806 4114 3046 2610 3697 3883 1437 2736 290 3145 3409 240 2859 489 242 1099 1581 1615 3340 4267 1987 3939 2481 1103 804 2034 3929 1081 3970 538 1291 3603 3195 2090 750 2218 2276 209 129 571 3245 440 10 2370 880 3316 405 60 4255 4118 2913 378 830 3358 1745 874 1918 1825 1535 358 1057 2969 2852 1188 2262 1689 236 92 1410 1661 4018 4360 2750 2641 976 4146 1461 1279 2609 3505 703 639 2273 291 238 1880 3522 2074 2589 3624 3540 3542 2664 2502 1588 802 3210 3797 2615 2749 1063 3495 2440 2728 3661 2459 217 1244 1358 819 1154 1650 341 728 1849 4117 175 1771 1525 76 1114 857 3830 3925 1856 2997 1237 1302 2388 3596 3788 1608 2322 3854 1550 2792 1714 3150 1724 1232 3108 430 4173 56 2895 1719 2491 1213 410 4247 2632 748 1988 4095 3839 668 1542 1636 3660 3502 4113 4370 364 3996 3648 3191 2914 4336 1591 279 3497 1431 686 902 4170 2900 681 2354 3651 3244 3005 1429 3779 401 1659 2151 506 2964 2351 4123 2046 614 863 3240 891 4447 2072 3048 1010 1566 4147 551 285 3729 2513 3211 3724 2373 1959 2858 2336 2516 1514 598 2798 3582 2533 1633 3279 191 2951 725 2463 4440 3913 2063 3745 1137 2744 2472 4433 384 2938 272 2129 2391 3172 911 2850 4271 188 2883 4310 3516 2128 2022 1340 2116 316 2915 3421 3364 2156 1502 2256 176 3619 1200 381 2957 3348 3570 729 2680 2764 923 3292 4177 4428 669 2228 1220 1258 1240 698 156 1933 4265 3366 3938 4068 4347 4073 4331 2550 3930 1108 3959 2948 1663 4230 2051 2454 158 2380 1589 1203 4303 4153 2772 3218 2437 1348 3909 3452 575 1963 96 3331 2448 2752 3688 3229 3569 1783 1972 2681 3061 3413 889 1024 170 2424 20 2098 115 1948 3290 3914 2062 3451 192 1722 2703 1701 166 1401 1599 1970 499 1158 941 832 1455 4174 1537 548 3810 3464 1079 1270 2299 3820 305 1878 198 3024 368 2600 1381 1430 1029 36 3691 1098 3649 2208 35 3843 4133 1130 1682 1467 2199 3953 2588 990 1263 2577 3650 2555 2931 4249 934 1774 3205 3668 310 2839 140 4075 1292 1958 845 3194 3314 1369 4057 70 1895 4250 2556 1111 1597 1488 2369 1476 4065 347 3828 345 2251 1005 1315 1741 3256 2119 692 4027 3789 2878 2303 504 1167 2013 3482 2490 402 3840 3498 3537 1475 2203 3547 4368 3655 2139 2569 454 2143 94 3858 641 3297 1821 2327 3014 1480 202 3345 1019 1051 1833 2036 4408 736 2778 2435 2956 780 3097 3375 2978 2825 3722 419 2334 3013 1425 1975 3325 2410 1816 1519 4197 2696 3853 2065 3942 428 4281 2180 2341 3879 3622 2711 4364 1732 3850 3027 3556 1686 3706 550 3738 391 2318 1097 3971 4431 922 3641 3359 1964 4218 3809 2269 3561 2512 3223 2304 854 846 2191 2907 4122 4050 1450 2689 462 494 2266 1102 3123 377 771 615 306 837 853 1427 2160 1075 3296 1375 1318 4383 97 4314 1139 875 2687 3690 3225 2820 3756 1141 3671 4169 4382 1965 2769 1068 4166 294 1840 3511 2899 1744 3347 3735 2227 4412 3334 2132 1647 4411 1032 4052 3829 1590 1545 4086 1106 4227 3825 3598 91 1517 3075 100 2525 3819 1225 3679 2092 1217 207 138 423 493 33 3615 3436 859 4048 1658 66 232 1568 3406 387 565 3884 709 944 1791 2819 777 1090 2972 3423 1473 3166 4233 2394 47 2081 8 457 3193 2928 2135 3352 4369 366 2293 4021 1834 273 1105 3863 1399 3355 770 774 3453 784 767 4011 2377 1494 4222 2317 2421 4248 2152 3818 588 3309 2795 142 124 1109 131 2822 706 868 93 2375 1185 2922 2595 2751 3023 4030 3450 45 3346 2215 1653 3999 947 1145 3201 2511 3572 851 4317 271 929 114 4298 4461 3945 2209 2599 1195 3181 2347 2366 239 905 3791 1750 2197 337 3226 3663 3112 4239 1036 1122 3963 127 3183 1156 2106 3035 2639 1082 2246 1077 168 1613 1221 4105 2627 3050 3250 448 1691 1361 1643 4367 1552 965 2222 3289 3644 3399 2220 3968 4237 314 2519 274 3307 453 1259 753 2328 1864 241 3371 637 1577 2832 3749 3586 1406 1862 2346 2315 954 243 1368 2326 484 1419 737 3083 3220 24 1174 1930 3468 2649 676 2400 3158 915 2296 4089 535 14 2236 663 3969 288 379 3731 2674 821 2917 4208 1056 4000 1694 831 4253 1309 1754 1252 4257 3936 1551 1382 3989 2673 1620 2216 2087 29 1912 1472 527 1328 940 2496 3980 678 2640 4305 395 559 2521 3961 3595 3714 4406 1012 3045 2014 1314 931 3895 687 3519 2739 3266 2204 19 3774 1796 3623 1897 4045 4186 3007 3312 4244 814 2166 2557 3801 3776 2698 2350 3910 856 359 1888 3708 2717 4023 3449 2598 1513 2679 3016 2464 1336 184 2624 3461 122 1323 3103 658 2187 1549 3235 4405 3754 2939 3430 3288 3638 1338 3338 2622 2190 1128 3282 3669 1579 3534 1966 2672 2981 3813 847 4064 2264 477 1307 463 2417 1854 1372 104 4268 491 2575 2181 3030 3549 2961 4214 3381 1152 3176 4342 3400 1696 414 439 982 1531 2242 2757 906 3351 2052 3093 2372 3901 3017 87 4195 300 4311 2363 4202 2605 1677 2668 3689 1835 2508 3880 4196 1175 2910 590 3396 2422 4009 1914 2541 1148 2946 3479 650 1002 2032 2755 2846 2892 592 1580 610 2566 1993 1929 461 3517 3948 572 505 3401 394 4304 1250 1083 1452 1403 3156 710 4046 2535 1960 3306 850 566 3859 3037 3837 1681 2189 1692 621 1716 4080 1807 2457 782 2945 130 993 606 2727 699 1968 2836 933 4088 1944 3741 1261 4062 449 1357 1509 69 1946 1228 4458 2088 4039 3647 3143 1610 666 4119 2345 3021 3444 3138 1941 2685 4215 4329 2131 3398 2049 1645 2086 3847 3230 1498 4072 1529 3804 4398 528 487 3665 1845 2066 4106 2902 3431 1485 798 210 2692 3020 2134 1652 3594 3052 549 1766 441 3120 3882 3394 2028 1153 2308 200 2429 2786 3164 4421 3192 1611 369 4353 4098 3008 2043 1913 2109 2041 653 3003 2219 1342 655 3512 1713 1574 1189 4308 397 578 1016 1842 2805 502 1911 2626 2185 435 2110 2992 536 2868 1415 4439 2863 4337 1394 836 3934 3271 1703 1801 3966 2847 3965 2869 1219 3493 1004 1979 4144 1187 2040 125 3726 864 1085 2746 3967 117 2970 3785 4321 4150 691 2059 3454 3214 2643 513 2333 805 3912 2353 3328 3393 1418 924 1322
T 2230
2506 675 3426 3904 2123 509 4097 2509 1773 2651 746 526 1412 2120 3861 3899 2583 1299 514 3147 1678 2528 2154 4026 3515 4038 3224 354 532 2260 3811 3600 3558 2808 2661 970 2462 824 4131 3471 2084 1481 2935 4322 1229 1190 2221 2253 266 1424 3878 360 1824 708 2655 2637 3012 503 4192 2012 1170 879 1828 1067 4199 4294 1586 2121 4134 763 107 3315 4422 4427 1288 2979 4258 2169 2466 2971 2339 1524 3414 2619 629 133 3258 3686 1501 967 276 3455 143 3367 4400 4403 656 2102 1489 4017 3476 235 3121 1782 1445 4444 1832 1440 1819 683 1746 3905 3587 1211 2734 328 3168 4126 1204 2235 740 2730 3169 1739 339 1093 2127 2984 2731 4121 766 2870 2582 3917 1639 1790 1508 3429 2802 3238 3565 3144 1172 3626 150 1038 3752 2225 1632 3988 2572 3581 172 2505 180 826 3182 4379 1875 3029 4292 747 3536 3684 3170 4081 3831 4394 4069 3926 4309 2384 2831 988 1413 277 1463 67 1039 1530 1585 2529 3382 1600 3757 2270 2543 2638 2229 2930 278 1478 2145 3625 4450 1707 2338 986 1446 4066 2906 1194 589 991 2356 2111 68 2196 2048 2753 4291 1873 2784 977 196 4226 1234 974 3370 456 1734 2162 2248 613 884 3392 78 325 22 1838 2517 4102 1936 2630 4087 2548 599 1374 2999 1306 116 920 3180 4001 3611 966 1532 2057 1624 219 3001 110 2676 1848 910 4437 4449 3973 2924 4302 3824 4217 3799 3673 4366 2114 3541 2272 1521 1969 3770 3139 3874 2477 818 664 1715 2161 4354 1565 1155 2635 3535 4234 1507 2677 1922 1268 4051 3553 959 4391 1168 4110 1820 973 1493 2840 3254 1793 679 741 665 632 1544 2888 4279 3100 1380 3784 3342 2211 3284 4251 4357 317 635 4185 928 787 1992 1400 878 3710 2801 2987 75 3614 2083 1735 3983 2157 524 3583 1543 3921 4231 3727 4207 529 1606 3951 1433 580 2387 334 3379 616 2469 1033 1164 1584 3849 388 3188 2897 1371 4387 2933 2449 1386 1675 1587 3281 1528 1491 651 3490 2142 2691 4392 3419 1015 161 707 2067 346 1407 424 3472 254 4282 2054 1949 4179 1317 772 2342 1843 3703 3231 2378 1896 1575 2077 2434 2918 3055 315 4012 3743 234 155 2921 3794 4285 3523 3617 3591 231 2423 1126 1241 2587 3391 1921 280 3885 619 1295 4345 4152 2559 4183 2634 4418 1839 3089 2310 1901 2024 2573 726 3739 4442 2468 711 809 1049 600 422 4138 2954 2644 1439 1432 4276 2089 2887 3528 2790 2091 313 689 1365 2919 1391 1271 3577 323 2147 3527 2413 3667 3783 434 1789 3362 2925 1885 2532 704 1331 86 1660 3066 3923 1711 2623 3634 2349 1759 4235 1283 319 3682 4194 4067 174 1627 4189 4127 2289 3422 3209 2182 1558 530 3897 4434 2038 2741 492 4404 1186 1047 563 866 1235 4432 32 225 2455 1619 3827 3550 1264 4155 2159 1994 2430 1161 455 4010 3816 467 2099 883 1119 1697 3341 3110 3822 1737 2712 1815 1115 335 2761 4125 2531 2781 638 216 3990 2443 2325 3184 1277 1516 645 1397 2885 1720 1541 882 4188 3280 126 2893 4295 3291 3946 2693 2320 3161 3389 26 1438 1392 3092 3305 739 3736 1096 2695 2495 108 2281 3798 3039 2514 2547 2298 1758 927 3539 1142 3448 1506 2848 1435 4058 3768 1976 4104 634 4339 2079 2368 425 3842 1280 3709 3151 4275 1733 2726 1449 3255 2976 3433 3374 2845 2301 2403 246 4441 4042 1527 396 1769 3317 350 3666 275 1943 4061 3869 1534 4164 2725 3397 1749 1281 390 3860 1634 1858 1389 1695 936 1850 1762 881 2259 2667 3228 3750 2875 2986 1763 2480 2071 3832 1208 2174 2447 3579 3643 2247 3388 2594 2558 1127 517 270 608 2492 4005 4280 302 2990 2009 3732 2811 4190 1646 4325 250 3761 2636 4389 3712 3890 3991 178 4326 3607 2064 1852 447 2432 2103 1483 1837 3616 4452 4219 3234 1725 520 215 1087 714 4178 1327 2412 975 1468 61 540 3410 2708 451 715 3104 3677 533 3298 3893 12 3506 3952 3216 955 885 4419 4176 4031 3766 841 2313 516 998 1367 208 88 2446 2620 2629 3640 2715 4415 3049 501 778 1131 1631 249 4124 2642 3447 1505 4167 3488 1486 968 1822 1817 890 4022 3140 135 3635 3318 4020 2005 406 2683 4386 3285 2977 2406 4356 3876 3957 4056 1520 4307 1592 3796 2202 3203 399 476 2018 1247 153 186 573 478 3380 2660 3918 2872 1902 2603 259 3445 907 2499 1344 2300 2538 103 1932 958 2765 4270 1522 2616 1561 2395 1074 3402 3978 1510 3363 507 2198 4259 3555 1617 3085 3947 4103 1628 3215 3814 2771 3503 577 309 1919 472 1388 3058 3543 4323 1053 674 1117 2056 3597 1499 4112 542 823 720 4094 3833 3786 1209 370 539 3000 1495 2374 137 4443 1266 162 2648 2571 398 4203 561 2789 2701 2953 3095 2777 1027 3492 4071 2608 898 1444 2487 943 1173 2035 3053 3507 201 3997 2810 3174 34 3886 1622 2697 90 1210 4111 4077 2355 1471 3259 1563 972 4380 1980 4417 3974 1238 3233 1025 2828 1738 2618 1226 2407 4083 4163 303 648 2239 2776 1179 4448 39 4037 1046 1883 1041 3544 1889 952 587 2389 2039 987 2799 2539 1567 2497 324 3683 697 738 2793 3705 1688 3922 1001 597 1765 1536 1469 1202 230 1329 189 3329 1227 3870 682 1818 3237 2884 2596 3115 404 1778 371 3059 3559 1178 2804 2586 962 281 2530 148 2217 1999 3111 2944 3888 1298 1557 4221 2763 1346 329 2662 4445 2838 4047 1387 4187 3202 1924 307 633 4006 1680 591 2960 63 1872 2155 409 1804 3563 1360 2418 4162 3545 152 2029 624 2671 3246 2719 1582 1562 2889 1938 3051 1304 179 1683 3177 3458 3871 2343 979 3546 4277 1319 3964 1546 2226 3487 3477 1362 1414 3571 2207 1830 609 4397 2704 4008 3405 1223 4327 4438 4044 1095 2080 3456 1393 3865 3236 3357 3962 286 560 3057 2082 2456 781 1572 593 2258 1871 3911 1935 1977 1702 1120 2890 2085 1196 2936 3343 631 2654 482 1891 465 3446 3609 1672 2263 57 2257 1273 649 2908 981 3274 2494 2581 3821 3928 1986 2861 1795 1180 537 2250 1094 834 212 4430 1811 2562 2042 3099 2551 1482 2124 769 223 1693 1893 3862 2694 4332 2108 1656 3713 4324 1325 3777 1289 361 4395 151 4459 3116 3333 1641 2714 3465 2030 2842 1687 1351 659 429 2745 1316 1366 4036 1426 1926 374 3524 3336 2601 3823 2398 744 3781 4002 2669 2126 1928 718 3098 3126 3763 2361 1104 3365 2754 3133 85 4348 2357 2762 938 375 3730 1026 2473 3662 3009 1770 164 2450 330 1794 2023 4423 2050 1116 4034 2867 1246 2821 1920 510 1799 1183 4019 3377 3068 2438 1260 3247 680 4451 293 583 3386 1089 611 3695 3976 2231 471 3941 811 3293 2709 2416 2561 3241 3227 3711 957 2816 292 1860 2880 1159 2896 1181 949 134 1193 1925 2433 2824 3499 4204 11 642 308 2261 712 4211 644 333 2706 4283 865 2563 852 3125 407 3032 2498 247 2544 2330 1251 1757 2411 1218 1814 1846 3845 2141 3178 925 2534 3239 3633 4078 1705 3132 2286 486 1017 349 4013 2306 3323 612 622 220 2812 2579 2364 304 2015 1642 268 4272 468 1957 3530 1035 211 756 1396 4297 1961 1923 1165 2352 51 421 3613 3084 2613 3753 2857 1197 4158 224 187 1124 519 3807 2901 58 1239 735 1479 932 4143 796 3411 412 1160 4338 2149 4409 2415 2968 1133 1984 3026 887 785 759 2827 3122 2195 3043 490 4181 789 2955 495 4096 1030 1256 1110 1859 2879 1442 1355 2255 3056 1743 1409 2175 2268 3998 1512 2383 4232 1255 997 2834 3815 908 1206 382 71 3248 1836 2011 2916 2646 1951 3719 985 3106 2275 4184 1665 2950 989 351 783 2117 42 4436 1132 3605 2873 2442 3606 1146 1395 1059 3268 1454 869 1998 3793 4128 3486 3955 118 1378 3782 2737 2500 4182 3937 3074 999 1847 3612 1143 355 3718 1006 3489 1321 1100 2427 2995 3383 1785 3747 1981 3173 3834 3311 2523 1107 2665 2138 3006 722 4228 627 4132 1884 3395 3916 2604 1484 1776 433 2008 3369 4115 3480 52 1398 2653 2073 283 1518 2710 1755 2183 1423 169 3206 2319 3262 496 3300 2460 2803 3483 1236 3165 4033 418 995 4225 3908 2829 2426 312 813 2929 1625 1538 3720 4024 3846 1278 106 4413 443 1275 671 3356 3891 470 3958 4334 2488 2482 688 1511 3142 1050 2866 4004 893 2311 4224 2743 4129 518 978 625 2545 84 3438 817 3896 128 3090 165 2670 3200 282 2663 919 1434 214 2210 3069 4149 4213 336 3420 1034 1727 3408 3081 1140 4256 3604 3118 1383 4396 1863 867 1341 4025 1066 3933 4365 1892 3551 556 4284 2633 344 112 2716 2312 2425 1614 3907 111 4401 2549 523 3767 1915 3443 677 2967 1657 3270 2782 2740 1377 1593 119 1990 1786 1118 4363 2000 904 3678 2471 3277 2237 3010 3062 2205 4402 3424 3653 3496 1598 3087 1224 1441 25 1954 4262 2359 3136 3608 4372 81 2849 2393 3154 3707 1596 4135 3412 848 256 1704 1909 2223 1356 1670 1700 264 4172 2894 626 2843 1569 948 4254 4319 331 2213 3658 1310 1376 1113 961 4377 2923 4116 1802 1125 980 2568 1985 2136 3186 3137 1136 2612 3441 1013 3080 1062 1844 1945 3529 3047 652 3675 4108 4016 4407 3403 1748 2068 3654 4060 3339 2510 1813 3652 3094 3892 1300 2439 2290 4201 2735 1904 3283 547 1870 498 3475 3758 1021 2284 206 1903 2122 2851 3924 3294 721 897 4381 3189 437 3627 3155 3525 3076 3657 23 2817 2688 605 1000 1637 2025 1573 2853 2943 797 2358 2580 3630 1698 1866 299 3148 3481 2504 1947 1003 190 101 604 816 4063 921 1272 2756 963 3077 3900 3353 383 1373 2537 2593 2720 2112 1163 348 2699 696 3015 3261 3932 3692 3252 1939 2094 876 2768 1812 1810 1905 1320 2682 2485 2376 3219 1761 861 1176 1245 2 3415 2245 1664 1233 2332 2522 4454 3698 3065 2775 1553 4059 2724 1723 786 522 2271 1212 2856 1649 1337 1673 2732 4130 2078 1231 3687 2949 511 3474 2718 1286 2553 4315 3772 2721 3887 287 1767 1492 808 2747 3019 3040 3852 2947 2814 2206 3304 3792 2130 7 1787 2904 182 1044 779 2362 3685 1578 474 2095 4032 2484 1788 1285 3222 2985 1416 1780 2444 445 157 1088 4029 3943 2379 732 1070 3975 3593 945 227 2713 3275 2877 2287 569 2283 2690 3265 1583 194 1827 1865 2501 2865 3771 1635 1823 3856 318 3134 886 1305 4351 2033 3373 2722 1470 204 3378 1451 1332 1940 1267 4246 2898 843 2045 1721 2932 327 2988 2526 343 1045 3521 1214 3025 296 1222 617 4328 80 3504 3620 4333 2146 1072 2733 30 362 2267 4273 757 417 2058 4330 4141 2163 1668 2809 1726 2309 2232 4435 877 946 4426 1101 849 2453 65 2479 3590 1293 2335 3028 2002 564 2860 1086 4236 4145 1747 601 820 3755 77 595 2591 3746 2458 1073 3243 2176 1956 2574 1674 2137 2592 3435 672 326 2017 983 3308 1927 557 562 1523 657 4161 466 1290 4120 3906 411 469 2570 500 480 1784 2431 1556 1269 3987 3466 2337 3728 2173 3199 18 3105 1349 481 3286 1752 3944 3979 3330 1363 1937 765 121 415 803 3631 618 2047 3790 4286 1504 4453 1149 3676 1559 1570 2037 896 2780 3299 497 807 444 3826 3368 3470 2903 3532 795 773 1560 3335 3875 1991 3873 1084 1756 3977 2282 1950 4212 581 2707 258 553 1876 483 582 59 1805 1886 173 2770 525 1841 2031 992 3699 4240 3589 3060 3269 2554 1648 1736 3467 2172 1353 3894 1052 1031 567 3982 702 4420 1974 475 1962 2520 2974 917 160 4003 2656 5 1324 3064 4362 1630 4340 2445 872 4159 1464 4101 2158 27 3717 1296 3562 2405 914 2787 2186 939 95 2060 4335 3835 3127 3153 521 3459 1311 1253 899 386 745 4043 4175 1134 1797 2966 3272 3510 2153 2021 4456 2170 1171 3759 3242 4090 1742 2578 1729 543 2194 3287 2585 263 1877 459 2657 1800 2212 3109 3787 1339 2006 4376 1402 585 2188 1717 2911 3033 1333 2989 3715 2278 3114 828 1908 654 2371 1867 376 570 1576 2963 2402 646 3101 1023 4393 3764 356 2167 2818 2941 793 3113 760 838 2758 1764 1274 2277 2788 3463 1308 54 2279 3680 1806 3437 1629 218 4140 1906 1792 768 245 261 3457 713 840 1144 1829 2007 2254 205
