N 3716
M 13500
R 500
# u v length
1 23 82.0
23 1 82.0
1 19 78.0
19 1 78.0
2 705 34.0
705 2 34.0
2 2649 20.0
2649 2 20.0
2 1537 42.0
1537 2 42.0
3 1072 34.0
1072 3 34.0
3 2033 58.0
2033 3 58.0
3 2444 28.0
2444 3 28.0
3 353 42.0
353 3 42.0
4 610 56.0
610 4 56.0
4 2222 22.0
2222 4 22.0
4 3054 44.0
3054 4 44.0
5 1635 40.0
1635 5 40.0
5 3393 32.0
3393 5 32.0
5 221 32.0
221 5 32.0
5 523 48.0
523 5 48.0
6 694 4.0
694 6 4.0
6 1539 102.0
1539 6 102.0
6 1499 94.0
1499 6 94.0
7 1833 60.0
1833 7 60.0
7 678 140.0
678 7 140.0
7 1454 28.0
1454 7 28.0
7 2821 80.0
2821 7 80.0
8 2711 4.0
2711 8 4.0
8 1884 14.0
1884 8 14.0
8 2415 46.0
2415 8 46.0
9 1336 30.0
1336 9 30.0
9 2940 20.0
2940 9 20.0
9 352 44.0
352 9 44.0
9 3435 2.0
3435 9 2.0
10 3263 184.0
3263 10 184.0
10 1658 102.0
1658 10 102.0
10 2881 134.0
2881 10 134.0
11 1531 64.0
1531 11 64.0
11 2777 128.0
2777 11 128.0
11 2355 40.0
2355 11 40.0
11 3080 4.0
3080 11 4.0
12 1385 14.0
1385 12 14.0
12 1669 12.0
1669 12 12.0
12 909 52.0
909 12 52.0
12 1080 20.0
1080 12 20.0
13 393 160.0
393 13 160.0
13 482 150.0
482 13 150.0
13 951 166.0
951 13 166.0
13 1231 184.0
1231 13 184.0
14 3440 36.0
3440 14 36.0
14 866 62.0
866 14 62.0
14 2761 136.0
2761 14 136.0
15 1507 146.0
1507 15 146.0
15 1432 108.0
1432 15 108.0
15 1724 156.0
1724 15 156.0
15 3716 56.0
3716 15 56.0
16 1304 30.0
1304 16 30.0
16 3713 54.0
3713 16 54.0
16 1878 76.0
1878 16 76.0
17 2801 22.0
2801 17 22.0
17 484 16.0
484 17 16.0
17 3330 14.0
3330 17 14.0
18 1296 14.0
1296 18 14.0
18 266 88.0
266 18 88.0
18 547 72.0
547 18 72.0
18 1011 144.0
1011 18 144.0
19 2036 82.0
2036 19 82.0
19 41 58.0
41 19 58.0
20 1202 138.0
1202 20 138.0
20 3220 24.0
3220 20 24.0
20 3221 6.0
3221 20 6.0
20 1041 44.0
1041 20 44.0
21 1148 18.0
1148 21 18.0
21 3665 104.0
3665 21 104.0
21 2896 58.0
2896 21 58.0
22 754 66.0
754 22 66.0
22 3104 150.0
3104 22 150.0
22 1757 158.0
1757 22 158.0
22 1114 184.0
1114 22 184.0
23 60 98.0
60 23 98.0
23 2036 78.0
2036 23 78.0
24 1748 48.0
1748 24 48.0
24 3411 70.0
3411 24 70.0
24 821 8.0
821 24 8.0
25 787 42.0
787 25 42.0
25 2414 82.0
2414 25 82.0
25 3328 4.0
3328 25 4.0
25 3200 32.0
3200 25 32.0
26 1019 130.0
1019 26 130.0
26 1301 16.0
1301 26 16.0
26 3033 162.0
3033 26 162.0
26 622 100.0
622 26 100.0
27 3311 40.0
3311 27 40.0
27 2790 44.0
2790 27 44.0
27 1171 32.0
1171 27 32.0
28 2420 66.0
2420 28 66.0
28 2397 52.0
2397 28 52.0
28 3580 4.0
3580 28 4.0
29 3575 88.0
3575 29 88.0
29 2680 40.0
2680 29 40.0
29 2194 14.0
2194 29 14.0
29 147 32.0
147 29 32.0
30 1697 116.0
1697 30 116.0
30 2076 26.0
2076 30 26.0
30 3188 32.0
3188 30 32.0
30 280 30.0
280 30 30.0
31 750 166.0
750 31 166.0
31 3477 16.0
3477 31 16.0
31 455 60.0
455 31 60.0
31 3582 100.0
3582 31 100.0
32 582 84.0
582 32 84.0
32 1247 130.0
1247 32 130.0
32 1097 32.0
1097 32 32.0
32 632 36.0
632 32 36.0
33 405 10.0
405 33 10.0
33 1700 74.0
1700 33 74.0
33 1350 124.0
1350 33 124.0
33 2597 48.0
2597 33 48.0
34 2296 88.0
2296 34 88.0
34 2413 52.0
2413 34 52.0
34 1119 98.0
1119 34 98.0
34 2267 8.0
2267 34 8.0
35 1854 14.0
1854 35 14.0
35 3297 44.0
3297 35 44.0
35 1518 60.0
1518 35 60.0
36 3403 36.0
3403 36 36.0
36 2425 10.0
2425 36 10.0
36 3556 14.0
3556 36 14.0
37 1271 66.0
1271 37 66.0
37 1936 140.0
1936 37 140.0
37 1363 158.0
1363 37 158.0
37 1667 80.0
1667 37 80.0
38 156 38.0
156 38 38.0
38 3620 4.0
3620 38 4.0
38 1702 48.0
1702 38 48.0
38 2987 30.0
2987 38 30.0
39 1652 94.0
1652 39 94.0
39 3469 104.0
3469 39 104.0
39 2171 44.0
2171 39 44.0
40 3455 26.0
3455 40 26.0
40 3092 10.0
3092 40 10.0
40 2183 42.0
2183 40 42.0
41 2778 154.0
2778 41 154.0
41 65 70.0
65 41 70.0
42 1681 40.0
1681 42 40.0
42 2722 66.0
2722 42 66.0
42 636 4.0
636 42 4.0
42 1561 38.0
1561 42 38.0
43 922 20.0
922 43 20.0
43 1177 20.0
1177 43 20.0
43 3360 18.0
3360 43 18.0
43 3008 14.0
3008 43 14.0
44 1489 4.0
1489 44 4.0
44 898 6.0
898 44 6.0
44 3061 44.0
3061 44 44.0
44 2207 56.0
2207 44 56.0
45 1230 98.0
1230 45 98.0
45 348 170.0
348 45 170.0
45 3129 56.0
3129 45 56.0
45 2854 118.0
2854 45 118.0
46 2058 36.0
2058 46 36.0
46 2266 20.0
2266 46 20.0
46 990 46.0
990 46 46.0
47 1153 52.0
1153 47 52.0
47 3321 40.0
3321 47 40.0
47 1915 64.0
1915 47 64.0
48 922 14.0
922 48 14.0
48 3008 20.0
3008 48 20.0
48 1808 94.0
1808 48 94.0
49 1008 50.0
1008 49 50.0
49 2007 22.0
2007 49 22.0
49 3588 10.0
3588 49 10.0
49 500 18.0
500 49 18.0
50 2915 124.0
2915 50 124.0
50 1513 16.0
1513 50 16.0
50 674 88.0
674 50 88.0
50 2242 100.0
2242 50 100.0
51 2310 24.0
2310 51 24.0
51 3653 60.0
3653 51 60.0
51 3664 94.0
3664 51 94.0
51 108 30.0
108 51 30.0
52 3587 92.0
3587 52 92.0
52 2345 46.0
2345 52 46.0
52 207 80.0
207 52 80.0
52 53 200.0
53 52 200.0
53 1714 92.0
1714 53 92.0
53 1433 80.0
1433 53 80.0
53 2480 10.0
2480 53 10.0
54 2178 4.0
2178 54 4.0
54 1132 92.0
1132 54 92.0
54 1423 46.0
1423 54 46.0
55 2465 78.0
2465 55 78.0
55 3315 82.0
3315 55 82.0
55 2655 2.0
2655 55 2.0
55 2800 22.0
2800 55 22.0
56 3395 100.0
3395 56 100.0
56 2052 88.0
2052 56 88.0
56 3415 26.0
3415 56 26.0
56 1612 60.0
1612 56 60.0
57 1678 32.0
1678 57 32.0
57 3355 32.0
3355 57 32.0
57 536 42.0
536 57 42.0
57 1959 162.0
1959 57 162.0
58 629 4.0
629 58 4.0
58 1641 68.0
1641 58 68.0
58 3510 150.0
3510 58 150.0
59 2123 30.0
2123 59 30.0
59 2982 20.0
2982 59 20.0
59 2529 22.0
2529 59 22.0
59 3205 4.0
3205 59 4.0
60 71 44.0
71 60 44.0
60 672 78.0
672 60 78.0
61 1287 6.0
1287 61 6.0
61 3460 90.0
3460 61 90.0
61 3620 38.0
3620 61 38.0
61 156 4.0
156 61 4.0
62 1419 2.0
1419 62 2.0
62 219 76.0
219 62 76.0
62 2271 64.0
2271 62 64.0
62 1609 112.0
1609 62 112.0
63 3005 4.0
3005 63 4.0
63 3081 24.0
3081 63 24.0
63 2935 52.0
2935 63 52.0
63 1887 60.0
1887 63 60.0
64 486 44.0
486 64 44.0
64 615 8.0
615 64 8.0
64 2000 108.0
2000 64 108.0
65 2410 154.0
2410 65 154.0
65 93 84.0
93 65 84.0
66 685 72.0
685 66 72.0
66 721 28.0
721 66 28.0
66 2682 32.0
2682 66 32.0
66 3590 32.0
3590 66 32.0
67 542 44.0
542 67 44.0
67 1226 30.0
1226 67 30.0
67 2644 106.0
2644 67 106.0
68 1933 124.0
1933 68 124.0
68 1034 176.0
1034 68 176.0
68 2721 88.0
2721 68 88.0
68 1441 130.0
1441 68 130.0
69 704 22.0
704 69 22.0
69 549 26.0
549 69 26.0
69 1356 98.0
1356 69 98.0
69 1542 30.0
1542 69 30.0
70 717 46.0
717 70 46.0
70 2931 66.0
2931 70 66.0
70 2463 50.0
2463 70 50.0
70 2522 32.0
2522 70 32.0
71 105 124.0
105 71 124.0
71 2026 136.0
2026 71 136.0
72 1032 6.0
1032 72 6.0
72 2572 30.0
2572 72 30.0
72 1050 42.0
1050 72 42.0
73 403 36.0
403 73 36.0
73 3451 36.0
3451 73 36.0
73 2663 104.0
2663 73 104.0
74 554 22.0
554 74 22.0
74 2042 14.0
2042 74 14.0
74 1483 14.0
1483 74 14.0
74 3191 58.0
3191 74 58.0
75 830 102.0
830 75 102.0
75 1897 174.0
1897 75 174.0
75 229 58.0
229 75 58.0
75 938 168.0
938 75 168.0
76 2685 8.0
2685 76 8.0
76 773 24.0
773 76 24.0
76 3383 24.0
3383 76 24.0
76 3372 58.0
3372 76 58.0
77 2513 28.0
2513 77 28.0
77 3589 8.0
3589 77 8.0
77 404 94.0
404 77 94.0
78 3310 34.0
3310 78 34.0
78 242 72.0
242 78 72.0
78 529 14.0
529 78 14.0
79 611 12.0
611 79 12.0
79 967 56.0
967 79 56.0
79 1913 44.0
1913 79 44.0
79 994 46.0
994 79 46.0
80 3233 54.0
3233 80 54.0
80 3231 62.0
3231 80 62.0
80 2740 94.0
2740 80 94.0
81 1903 30.0
1903 81 30.0
81 3298 154.0
3298 81 154.0
81 2153 8.0
2153 81 8.0
82 898 44.0
898 82 44.0
82 3113 24.0
3113 82 24.0
82 1217 70.0
1217 82 70.0
82 3061 6.0
3061 82 6.0
83 2878 98.0
2878 83 98.0
83 1714 10.0
1714 83 10.0
83 2480 92.0
2480 83 92.0
83 2534 8.0
2534 83 8.0
84 808 66.0
808 84 66.0
84 499 184.0
499 84 184.0
84 3335 12.0
3335 84 12.0
84 3668 134.0
3668 84 134.0
85 2721 66.0
2721 85 66.0
85 154 176.0
154 85 176.0
85 325 8.0
325 85 8.0
85 115 130.0
115 85 130.0
86 3435 44.0
3435 86 44.0
86 352 2.0
352 86 2.0
86 783 124.0
783 86 124.0
86 3024 6.0
3024 86 6.0
87 2664 58.0
2664 87 58.0
87 3072 16.0
3072 87 16.0
87 2511 2.0
2511 87 2.0
88 556 66.0
556 88 66.0
88 2149 26.0
2149 88 26.0
88 2103 6.0
2103 88 6.0
88 461 28.0
461 88 28.0
89 2580 64.0
2580 89 64.0
89 779 102.0
779 89 102.0
89 3174 72.0
3174 89 72.0
90 1851 86.0
1851 90 86.0
90 1660 32.0
1660 90 32.0
90 2433 70.0
2433 90 70.0
91 2775 94.0
2775 91 94.0
91 1896 44.0
1896 91 44.0
91 384 20.0
384 91 20.0
91 884 48.0
884 91 48.0
92 1726 32.0
1726 92 32.0
92 557 32.0
557 92 32.0
92 2316 54.0
2316 92 54.0
92 1252 162.0
1252 92 162.0
93 2651 154.0
2651 93 154.0
93 114 88.0
114 93 88.0
94 785 22.0
785 94 22.0
94 3196 86.0
3196 94 86.0
94 2566 62.0
2566 94 62.0
94 3634 106.0
3634 94 106.0
95 852 40.0
852 95 40.0
95 1050 30.0
1050 95 30.0
95 3270 30.0
3270 95 30.0
95 2893 30.0
2893 95 30.0
96 943 6.0
943 96 6.0
96 742 46.0
742 96 46.0
96 3262 40.0
3262 96 40.0
96 2461 40.0
2461 96 40.0
97 602 20.0
602 97 20.0
97 3690 28.0
3690 97 28.0
97 2476 24.0
2476 97 24.0
97 2581 22.0
2581 97 22.0
98 687 44.0
687 98 44.0
98 2292 22.0
2292 98 22.0
98 737 42.0
737 98 42.0
99 1676 88.0
1676 99 88.0
99 3450 64.0
3450 99 64.0
99 3087 4.0
3087 99 4.0
100 572 26.0
572 100 26.0
100 3594 62.0
3594 100 62.0
100 2012 70.0
2012 100 70.0
101 1613 38.0
1613 101 38.0
101 1845 32.0
1845 101 32.0
101 2879 46.0
2879 101 46.0
102 256 22.0
256 102 22.0
102 1613 46.0
1613 102 46.0
102 2879 38.0
2879 102 38.0
102 1949 34.0
1949 102 34.0
103 3047 138.0
3047 103 138.0
103 1769 158.0
1769 103 158.0
103 164 104.0
164 103 104.0
103 2948 4.0
2948 103 4.0
104 2806 30.0
2806 104 30.0
104 1427 60.0
1427 104 60.0
104 1129 22.0
1129 104 22.0
104 3258 4.0
3258 104 4.0
105 110 20.0
110 105 20.0
105 3481 136.0
3481 105 136.0
106 1469 90.0
1469 106 90.0
106 328 14.0
328 106 14.0
106 1157 4.0
1157 106 4.0
106 3059 16.0
3059 106 16.0
107 1370 26.0
1370 107 26.0
107 2429 60.0
2429 107 60.0
107 3367 124.0
3367 107 124.0
108 2151 24.0
2151 108 24.0
108 886 94.0
886 108 94.0
108 2621 20.0
2621 108 20.0
109 253 92.0
253 109 92.0
109 273 64.0
273 109 64.0
109 2954 2.0
2954 109 2.0
109 1396 58.0
1396 109 58.0
110 140 82.0
140 110 82.0
110 616 136.0
616 110 136.0
111 2023 40.0
2023 111 40.0
111 2353 14.0
2353 111 14.0
111 3353 22.0
3353 111 22.0
111 2118 58.0
2118 111 58.0
112 3068 102.0
3068 112 102.0
112 1533 46.0
1533 112 46.0
112 1516 8.0
1516 112 8.0
112 1861 40.0
1861 112 40.0
113 1482 60.0
1482 113 60.0
113 1982 30.0
1982 113 30.0
113 3686 90.0
3686 113 90.0
113 1407 20.0
1407 113 20.0
114 3137 154.0
3137 114 154.0
114 167 162.0
167 114 162.0
115 141 66.0
141 115 66.0
115 3375 20.0
3375 115 20.0
115 2811 24.0
2811 115 24.0
116 2229 102.0
2229 116 102.0
116 1203 60.0
1203 116 60.0
116 1982 60.0
1982 116 60.0
116 1482 30.0
1482 116 30.0
117 2476 64.0
2476 117 64.0
117 2980 28.0
2980 117 28.0
117 2432 42.0
2432 117 42.0
117 3208 22.0
3208 117 22.0
118 2163 98.0
2163 118 98.0
118 1909 58.0
1909 118 58.0
118 418 92.0
418 118 92.0
118 2269 104.0
2269 118 104.0
119 2391 36.0
2391 119 36.0
119 3556 88.0
3556 119 88.0
119 1530 44.0
1530 119 44.0
119 2596 84.0
2596 119 84.0
120 1210 98.0
1210 120 98.0
120 3408 30.0
3408 120 30.0
120 2656 110.0
2656 120 110.0
120 870 34.0
870 120 34.0
121 3330 16.0
3330 121 16.0
121 484 14.0
484 121 14.0
121 2071 102.0
2071 121 102.0
121 351 76.0
351 121 76.0
122 2022 34.0
2022 122 34.0
122 1739 112.0
1739 122 112.0
122 2521 28.0
2521 122 28.0
122 2659 8.0
2659 122 8.0
123 1960 94.0
1960 123 94.0
123 3021 184.0
3021 123 184.0
123 670 34.0
670 123 34.0
123 2331 134.0
2331 123 134.0
124 1145 52.0
1145 124 52.0
124 2030 60.0
2030 124 60.0
124 2967 2.0
2967 124 2.0
125 2062 124.0
2062 125 124.0
125 490 4.0
490 125 4.0
125 3333 88.0
3333 125 88.0
125 3627 106.0
3627 125 106.0
126 1646 68.0
1646 126 68.0
126 509 18.0
509 126 18.0
126 1939 50.0
1939 126 50.0
127 3555 30.0
3555 127 30.0
127 2288 90.0
2288 127 90.0
127 1215 60.0
1215 127 60.0
128 2111 40.0
2111 128 40.0
128 699 42.0
699 128 42.0
128 3156 98.0
3156 128 98.0
128 1856 20.0
1856 128 20.0
129 355 16.0
355 129 16.0
129 794 112.0
794 129 112.0
129 3279 74.0
3279 129 74.0
130 3361 110.0
3361 130 110.0
130 2951 140.0
2951 130 140.0
130 666 58.0
666 130 58.0
130 2258 80.0
2258 130 80.0
131 801 20.0
801 131 20.0
131 724 24.0
724 131 24.0
131 1156 74.0
1156 131 74.0
132 3670 88.0
3670 132 88.0
132 903 134.0
903 132 134.0
132 283 76.0
283 132 76.0
132 1290 16.0
1290 132 16.0
133 1596 98.0
1596 133 98.0
133 1980 4.0
1980 133 4.0
133 3708 74.0
3708 133 74.0
134 2369 86.0
2369 134 86.0
134 3134 4.0
3134 134 4.0
134 1130 70.0
1130 134 70.0
134 3651 150.0
3651 134 150.0
135 830 168.0
830 135 168.0
135 938 102.0
938 135 102.0
135 833 136.0
833 135 136.0
136 1700 124.0
1700 136 124.0
136 2142 4.0
2142 136 4.0
136 1350 74.0
1350 136 74.0
137 1159 122.0
1159 137 122.0
137 2038 100.0
2038 137 100.0
137 2867 122.0
2867 137 122.0
137 424 32.0
424 137 32.0
138 1412 16.0
1412 138 16.0
138 1602 58.0
1602 138 58.0
138 2163 94.0
2163 138 94.0
138 3593 104.0
3593 138 104.0
139 2192 16.0
2192 139 16.0
139 245 28.0
245 139 28.0
139 874 60.0
874 139 60.0
139 1740 12.0
1740 139 12.0
140 143 8.0
143 140 8.0
140 1445 90.0
1445 140 90.0
141 1441 88.0
1441 141 88.0
141 2721 130.0
2721 141 130.0
141 2372 24.0
2372 141 24.0
142 2329 102.0
2329 142 102.0
142 1620 124.0
1620 142 124.0
142 863 140.0
863 142 140.0
143 161 50.0
161 143 50.0
143 1677 90.0
1677 143 90.0
144 779 16.0
779 144 16.0
144 2339 34.0
2339 144 34.0
144 1892 4.0
1892 144 4.0
144 2718 4.0
2718 144 4.0
145 2688 44.0
2688 145 44.0
145 1705 74.0
1705 145 74.0
145 2492 88.0
2492 145 88.0
145 317 60.0
317 145 60.0
146 1936 158.0
1936 146 158.0
146 1938 130.0
1938 146 130.0
146 1363 140.0
1363 146 140.0
147 2813 88.0
2813 147 88.0
147 2439 14.0
2439 147 14.0
147 1138 8.0
1138 147 8.0
148 1675 36.0
1675 148 36.0
148 823 32.0
823 148 32.0
148 2874 24.0
2874 148 24.0
148 846 12.0
846 148 12.0
149 3097 112.0
3097 149 112.0
149 2971 102.0
2971 149 102.0
149 590 44.0
590 149 44.0
150 398 92.0
398 150 92.0
150 892 26.0
892 150 26.0
150 2421 4.0
2421 150 4.0
150 1244 44.0
1244 150 44.0
151 1532 58.0
1532 151 58.0
151 3441 66.0
3441 151 66.0
151 739 30.0
739 151 30.0
151 2308 18.0
2308 151 18.0
152 368 86.0
368 152 86.0
152 2712 66.0
2712 152 66.0
152 717 124.0
717 152 124.0
152 955 32.0
955 152 32.0
153 3333 66.0
3333 153 66.0
153 319 4.0
319 153 4.0
153 948 12.0
948 153 12.0
153 1241 106.0
1241 153 106.0
154 2636 66.0
2636 154 66.0
154 1241 112.0
1241 154 112.0
154 3679 8.0
3679 154 8.0
155 2784 158.0
2784 155 158.0
155 1606 20.0
1606 155 20.0
155 1128 154.0
1128 155 154.0
156 1372 6.0
1372 156 6.0
156 2725 30.0
2725 156 30.0
157 788 132.0
788 157 132.0
157 3573 66.0
3573 157 66.0
157 2195 140.0
2195 157 140.0
158 1956 4.0
1956 158 4.0
158 2107 88.0
2107 158 88.0
158 331 8.0
331 158 8.0
158 3306 34.0
3306 158 34.0
159 278 138.0
278 159 138.0
159 1372 30.0
1372 159 30.0
159 2725 6.0
2725 159 6.0
159 180 168.0
180 159 168.0
160 947 9.0
947 160 9.0
160 2272 19.0
2272 160 19.0
161 170 46.0
170 161 46.0
161 3044 90.0
3044 161 90.0
162 952 14.0
952 162 14.0
162 2778 26.0
2778 162 26.0
162 672 58.0
672 162 58.0
163 1233 60.0
1233 163 60.0
163 1725 142.0
1725 163 142.0
163 3646 28.0
3646 163 28.0
163 2640 150.0
2640 163 150.0
164 462 158.0
462 164 158.0
164 1201 6.0
1201 164 6.0
165 2210 4.0
2210 165 4.0
165 2491 118.0
2491 165 118.0
165 3141 58.0
3141 165 58.0
166 2646 52.0
2646 166 52.0
166 2706 80.0
2706 166 80.0
166 1769 138.0
1769 166 138.0
166 3047 158.0
3047 166 158.0
167 3364 154.0
3364 167 154.0
167 220 192.0
220 167 192.0
168 2080 92.0
2080 168 92.0
168 3157 68.0
3157 168 68.0
168 2333 6.0
2333 168 6.0
169 2053 12.0
2053 169 12.0
169 533 56.0
533 169 56.0
169 185 64.0
185 169 64.0
169 2536 4.0
2536 169 4.0
170 200 124.0
200 170 124.0
170 598 90.0
598 170 90.0
171 863 124.0
863 171 124.0
171 1620 140.0
1620 171 140.0
171 3533 88.0
3533 171 88.0
171 419 80.0
419 171 80.0
172 1766 6.0
1766 172 6.0
172 2547 32.0
2547 172 32.0
172 386 86.0
386 172 86.0
172 495 96.0
495 172 96.0
173 2475 10.0
2475 173 10.0
173 2495 4.0
2495 173 4.0
173 2503 58.0
2503 173 58.0
173 2727 2.0
2727 173 2.0
174 965 8.0
965 174 8.0
174 629 150.0
629 174 150.0
174 3510 4.0
3510 174 4.0
174 2699 184.0
2699 174 184.0
175 3192 6.0
3192 175 6.0
175 3536 6.0
3536 175 6.0
175 612 14.0
612 175 14.0
176 773 24.0
773 176 24.0
176 2872 10.0
2872 176 10.0
176 1104 142.0
1104 176 142.0
176 3383 24.0
3383 176 24.0
177 1539 8.0
1539 177 8.0
177 2287 79.0
2287 177 79.0
177 1659 58.0
1659 177 58.0
177 3349 42.0
3349 177 42.0
178 1050 30.0
1050 178 30.0
178 2572 42.0
2572 178 42.0
178 1224 44.0
1224 178 44.0
178 3270 30.0
3270 178 30.0
179 3227 40.0
3227 179 40.0
179 2516 44.0
2516 179 44.0
179 2976 32.0
2976 179 32.0
179 3393 86.0
3393 179 86.0
180 658 138.0
658 180 138.0
180 3085 6.0
3085 180 6.0
180 3220 136.0
3220 180 136.0
181 950 2.0
950 181 2.0
181 812 82.0
812 181 82.0
181 2228 74.0
2228 181 74.0
181 1549 26.0
1549 181 26.0
182 2011 162.0
2011 182 162.0
182 1297 22.0
1297 182 22.0
182 2189 122.0
2189 182 122.0
182 752 112.0
752 182 112.0
183 3526 10.0
3526 183 10.0
183 3146 84.0
3146 183 84.0
183 3374 124.0
3374 183 124.0
184 3563 88.0
3563 184 88.0
184 565 4.0
565 184 4.0
184 2234 44.0
2234 184 44.0
184 3130 48.0
3130 184 48.0
185 3174 56.0
3174 185 56.0
185 2620 4.0
2620 185 4.0
186 1142 86.0
1142 186 86.0
186 899 30.0
899 186 30.0
186 2360 146.0
2360 186 146.0
186 655 34.0
655 186 34.0
187 1059 6.0
1059 187 6.0
187 288 46.0
288 187 46.0
187 1169 20.0
1169 187 20.0
187 2600 2.0
2600 187 2.0
188 3337 30.0
3337 188 30.0
188 3256 94.0
3256 188 94.0
188 1908 64.0
1908 188 64.0
189 3452 50.0
3452 189 50.0
189 1557 36.0
1557 189 36.0
189 1870 32.0
1870 189 32.0
189 1137 20.0
1137 189 20.0
190 1326 60.0
1326 190 60.0
190 3570 46.0
3570 190 46.0
190 2809 60.0
2809 190 60.0
190 3438 2.0
3438 190 2.0
191 3034 34.0
3034 191 34.0
191 2818 58.0
2818 191 58.0
191 1249 36.0
1249 191 36.0
192 2067 42.0
2067 192 42.0
192 459 56.0
459 192 56.0
192 324 82.0
324 192 82.0
192 934 46.0
934 192 46.0
193 2048 14.0
2048 193 14.0
193 2946 48.0
2946 193 48.0
193 3017 52.0
3017 193 52.0
193 1669 100.0
1669 193 100.0
194 1869 78.0
1869 194 78.0
194 2391 84.0
2391 194 84.0
194 2596 36.0
2596 194 36.0
194 1759 24.0
1759 194 24.0
195 3674 22.0
3674 195 22.0
195 1045 12.0
1045 195 12.0
195 2678 100.0
2678 195 100.0
195 958 26.0
958 195 26.0
196 383 50.0
383 196 50.0
196 3037 2.0
3037 196 2.0
196 813 24.0
813 196 24.0
197 3024 124.0
3024 197 124.0
197 783 6.0
783 197 6.0
197 3531 28.0
3531 197 28.0
198 2703 154.0
2703 198 154.0
198 1296 18.0
1296 198 18.0
198 3463 144.0
3463 198 144.0
199 3193 46.0
3193 199 46.0
199 2188 100.0
2188 199 100.0
199 2226 44.0
2226 199 44.0
199 2797 12.0
2797 199 12.0
200 264 178.0
264 200 178.0
200 327 90.0
327 200 90.0
201 734 68.0
734 201 68.0
201 668 38.0
668 201 38.0
201 3233 50.0
3233 201 50.0
201 3606 94.0
3606 201 94.0
202 648 52.0
648 202 52.0
202 1042 200.0
1042 202 200.0
202 2499 36.0
2499 202 36.0
202 1314 10.0
1314 202 10.0
203 2434 6.0
2434 203 6.0
203 2798 82.0
2798 203 82.0
203 3378 42.0
3378 203 42.0
204 3297 60.0
3297 204 60.0
204 1469 16.0
1469 204 16.0
204 3059 90.0
3059 204 90.0
204 1518 44.0
1518 204 44.0
205 3504 66.0
3504 205 66.0
205 1446 44.0
1446 205 44.0
205 1485 36.0
1485 205 36.0
205 2823 28.0
2823 205 28.0
206 905 58.0
905 206 58.0
206 1365 44.0
1365 206 44.0
206 3187 10.0
3187 206 10.0
206 1323 24.0
1323 206 24.0
207 1389 46.0
1389 207 46.0
207 496 132.0
496 207 132.0
207 1433 200.0
1433 207 200.0
208 1672 78.0
1672 208 78.0
208 3382 14.0
3382 208 14.0
208 3084 168.0
3084 208 168.0
209 1725 28.0
1725 209 28.0
209 1237 20.0
1237 209 20.0
209 2555 88.0
2555 209 88.0
209 3646 142.0
3646 209 142.0
210 1201 98.0
1201 210 98.0
210 2933 158.0
2933 210 158.0
210 2010 92.0
2010 210 92.0
210 1195 88.0
1195 210 88.0
211 2874 94.0
2874 211 94.0
211 3445 32.0
3445 211 32.0
211 3688 6.0
3688 211 6.0
212 3250 66.0
3250 212 66.0
212 1100 20.0
1100 212 20.0
212 346 12.0
346 212 12.0
212 319 172.0
319 212 172.0
213 1782 64.0
1782 213 64.0
213 1490 52.0
1490 213 52.0
213 1636 40.0
1636 213 40.0
213 2643 30.0
2643 213 30.0
214 3421 12.0
3421 214 12.0
214 2739 58.0
2739 214 58.0
214 1927 10.0
1927 214 10.0
214 2884 42.0
2884 214 42.0
215 2033 28.0
2033 215 28.0
215 3643 18.0
3643 215 18.0
215 2028 72.0
2028 215 72.0
215 2444 58.0
2444 215 58.0
216 1163 45.0
1163 216 45.0
216 432 51.0
432 216 51.0
217 1888 162.0
1888 217 162.0
217 1159 32.0
1159 217 32.0
217 424 122.0
424 217 122.0
217 991 122.0
991 217 122.0
218 265 44.0
265 218 44.0
218 1315 2.0
1315 218 2.0
218 1784 14.0
1784 218 14.0
218 723 34.0
723 218 34.0
219 1629 2.0
1629 219 2.0
219 946 64.0
946 219 64.0
220 2667 160.0
2667 220 160.0
220 230 34.0
230 220 34.0
221 3305 32.0
3305 221 32.0
221 798 14.0
798 221 14.0
221 1232 48.0
1232 221 48.0
222 3368 106.0
3368 222 106.0
222 976 46.0
976 222 46.0
222 2177 60.0
2177 222 60.0
222 2794 32.0
2794 222 32.0
223 657 10.0
657 223 10.0
223 1812 34.0
1812 223 34.0
223 391 6.0
391 223 6.0
224 2540 98.0
2540 224 98.0
224 2534 132.0
2534 224 132.0
224 1925 60.0
1925 224 60.0
225 2740 62.0
2740 225 62.0
225 3231 94.0
3231 225 94.0
225 3315 78.0
3315 225 78.0
225 2465 82.0
2465 225 82.0
226 1278 44.0
1278 226 44.0
226 2107 4.0
2107 226 4.0
226 1956 88.0
1956 226 88.0
227 860 58.0
860 227 58.0
227 945 14.0
945 227 14.0
227 3300 112.0
3300 227 112.0
228 829 34.0
829 228 34.0
228 1932 100.0
1932 228 100.0
228 2515 110.0
2515 228 110.0
228 2996 32.0
2996 228 32.0
229 2638 174.0
2638 229 174.0
229 2088 10.0
2088 229 10.0
229 342 168.0
342 229 168.0
230 2734 74.0
2734 230 74.0
230 246 42.0
246 230 42.0
231 2299 124.0
2299 231 124.0
231 603 4.0
603 231 4.0
231 1286 40.0
1286 231 40.0
232 2933 92.0
2933 232 92.0
232 3223 80.0
3223 232 80.0
232 3567 80.0
3567 232 80.0
232 2010 158.0
2010 232 158.0
233 2563 40.0
2563 233 40.0
233 924 8.0
924 233 8.0
233 1152 4.0
1152 233 4.0
233 369 88.0
369 233 88.0
234 3328 134.0
3328 234 134.0
234 2862 82.0
2862 234 82.0
234 1014 28.0
1014 234 28.0
234 259 76.0
259 234 76.0
235 2610 64.0
2610 235 64.0
235 1502 8.0
1502 235 8.0
235 2055 30.0
2055 235 30.0
235 2733 80.0
2733 235 80.0
236 1641 36.0
1641 236 36.0
236 633 142.0
633 236 142.0
236 790 62.0
790 236 62.0
236 1071 150.0
1071 236 150.0
237 2617 20.0
2617 237 20.0
237 582 36.0
582 237 36.0
237 632 84.0
632 237 84.0
238 2983 24.0
2983 238 24.0
238 718 24.0
718 238 24.0
238 2594 12.0
2594 238 12.0
238 2394 34.0
2394 238 34.0
239 2621 94.0
2621 239 94.0
239 886 20.0
886 239 20.0
239 3491 6.0
3491 239 6.0
239 2525 58.0
2525 239 58.0
240 1875 72.0
1875 240 72.0
240 998 28.0
998 240 28.0
240 1916 34.0
1916 240 34.0
240 1028 12.0
1028 240 12.0
241 2868 10.0
2868 241 10.0
241 1012 54.0
1012 241 54.0
241 1717 46.0
1717 241 46.0
242 2388 10.0
2388 242 10.0
242 1140 14.0
1140 242 14.0
243 3336 114.0
3336 243 114.0
243 2673 142.0
2673 243 142.0
243 1377 58.0
1377 243 58.0
243 1521 150.0
1521 243 150.0
244 2263 130.0
2263 244 130.0
244 1888 122.0
1888 244 122.0
244 991 162.0
991 244 162.0
244 3010 102.0
3010 244 102.0
245 2439 16.0
2439 245 16.0
245 3569 32.0
3569 245 32.0
246 3706 74.0
3706 246 74.0
246 261 46.0
261 246 46.0
247 336 48.0
336 247 48.0
247 3384 44.0
3384 247 44.0
247 3326 28.0
3326 247 28.0
248 2146 20.0
2146 248 20.0
248 1731 8.0
1731 248 8.0
248 1432 146.0
1432 248 146.0
248 1507 108.0
1507 248 108.0
249 3655 74.0
3655 249 74.0
249 3334 22.0
3334 249 22.0
249 2877 2.0
2877 249 2.0
249 434 18.0
434 249 18.0
250 3066 14.0
3066 250 14.0
250 3330 152.0
3330 250 152.0
250 282 76.0
282 250 76.0
251 443 28.0
443 251 28.0
251 602 16.0
602 251 16.0
251 2505 22.0
2505 251 22.0
252 3152 8.0
3152 252 8.0
252 3492 84.0
3492 252 84.0
252 719 84.0
719 252 84.0
253 1793 20.0
1793 253 20.0
253 3600 58.0
3600 253 58.0
254 1907 122.0
1907 254 122.0
254 1960 134.0
1960 254 134.0
254 2331 94.0
2331 254 94.0
254 1033 16.0
1033 254 16.0
255 793 46.0
793 255 46.0
255 371 86.0
371 255 86.0
255 3277 6.0
3277 255 6.0
255 3507 24.0
3507 255 24.0
256 2339 4.0
2339 256 4.0
256 2077 46.0
2077 256 46.0
256 1892 34.0
1892 256 34.0
257 2154 58.0
2154 257 58.0
257 342 136.0
342 257 136.0
257 3022 10.0
3022 257 10.0
257 1365 24.0
1365 257 24.0
258 2652 92.0
2652 258 92.0
258 3095 12.0
3095 258 12.0
258 3293 2.0
3293 258 2.0
259 1460 14.0
1460 259 14.0
259 1706 28.0
1706 259 28.0
259 3023 36.0
3023 259 36.0
260 1756 66.0
1756 260 66.0
260 1973 12.0
1973 260 12.0
260 2319 12.0
2319 260 12.0
261 1077 74.0
1077 261 74.0
261 307 158.0
307 261 158.0
262 1920 92.0
1920 262 92.0
262 2562 200.0
2562 262 200.0
262 381 90.0
381 262 90.0
262 914 10.0
914 262 10.0
263 3535 34.0
3535 263 34.0
263 2180 70.0
2180 263 70.0
263 1528 28.0
1528 263 28.0
263 1739 22.0
1739 263 22.0
264 308 160.0
308 264 160.0
264 1601 90.0
1601 264 90.0
265 649 36.0
649 265 36.0
265 1387 2.0
1387 265 2.0
265 294 34.0
294 265 34.0
266 1928 14.0
1928 266 14.0
266 1550 28.0
1550 266 28.0
266 2565 72.0
2565 266 72.0
267 3365 10.0
3365 267 10.0
267 2767 88.0
2767 267 88.0
267 1656 58.0
1656 267 58.0
267 531 6.0
531 267 6.0
268 472 40.0
472 268 40.0
268 3204 80.0
3204 268 80.0
268 3209 160.0
3209 268 160.0
268 474 20.0
474 268 20.0
269 2368 38.0
2368 269 38.0
269 1490 64.0
1490 269 64.0
269 1782 52.0
1782 269 52.0
270 612 6.0
612 270 6.0
270 3536 14.0
3536 270 14.0
270 3003 40.0
3003 270 40.0
270 2537 70.0
2537 270 70.0
271 1103 116.0
1103 271 116.0
271 2955 58.0
2955 271 58.0
271 3630 6.0
3630 271 6.0
271 1577 14.0
1577 271 14.0
272 3134 70.0
3134 272 70.0
272 932 42.0
932 272 42.0
272 1979 66.0
1979 272 66.0
272 1130 4.0
1130 272 4.0
273 2654 69.0
2654 273 69.0
273 2902 122.0
2902 273 122.0
274 3369 88.0
3369 274 88.0
274 2046 12.0
2046 274 12.0
274 1385 22.0
1385 274 22.0
274 1109 20.0
1109 274 20.0
275 1053 162.0
1053 275 162.0
275 3622 184.0
3622 275 184.0
275 1141 122.0
1141 275 122.0
275 3465 134.0
3465 275 134.0
276 2403 48.0
2403 276 48.0
276 2523 38.0
2523 276 38.0
276 1788 80.0
1788 276 80.0
277 3430 72.0
3430 277 72.0
277 3572 4.0
3572 277 4.0
277 1394 32.0
1394 277 32.0
277 1774 30.0
1774 277 30.0
278 1357 84.0
1357 278 84.0
278 2736 30.0
2736 278 30.0
278 658 168.0
658 278 168.0
279 848 56.0
848 279 56.0
279 748 126.0
748 279 126.0
279 2622 32.0
2622 279 32.0
279 3320 44.0
3320 279 44.0
280 854 116.0
854 280 116.0
280 3437 22.0
3437 280 22.0
281 3169 8.0
3169 281 8.0
281 1712 20.0
1712 281 20.0
281 1108 60.0
1108 281 60.0
282 3186 152.0
3186 282 152.0
282 3532 34.0
3532 282 34.0
283 373 40.0
373 283 40.0
283 1842 16.0
1842 283 16.0
284 3161 66.0
3161 284 66.0
284 3530 76.0
3530 284 76.0
284 3482 12.0
3482 284 12.0
284 2968 112.0
2968 284 112.0
285 3276 100.0
3276 285 100.0
285 2436 46.0
2436 285 46.0
285 1745 78.0
1745 285 78.0
285 417 32.0
417 285 32.0
286 2705 40.0
2705 286 40.0
286 2904 66.0
2904 286 66.0
286 3271 96.0
3271 286 96.0
287 2937 84.0
2937 287 84.0
287 1202 44.0
1202 287 44.0
287 1041 138.0
1041 287 138.0
287 3528 24.0
3528 287 24.0
288 1240 6.0
1240 288 6.0
288 968 150.0
968 288 150.0
288 983 20.0
983 288 20.0
289 3705 114.0
3705 289 114.0
289 1763 80.0
1763 289 80.0
289 3714 6.0
3714 289 6.0
290 649 34.0
649 290 34.0
290 294 36.0
294 290 36.0
290 1102 52.0
1102 290 52.0
291 2499 24.0
2499 291 24.0
291 1164 200.0
1164 291 200.0
291 676 94.0
676 291 94.0
291 1580 10.0
1580 291 10.0
292 2776 156.0
2776 292 156.0
292 974 102.0
974 292 102.0
292 3097 76.0
3097 292 76.0
293 3343 52.0
3343 293 52.0
293 856 36.0
856 293 36.0
293 2458 34.0
2458 293 34.0
293 2373 14.0
2373 293 14.0
294 723 44.0
723 294 44.0
294 1692 52.0
1692 294 52.0
295 1392 68.0
1392 295 68.0
295 1022 4.0
1022 295 4.0
295 1502 64.0
1502 295 64.0
295 2610 8.0
2610 295 8.0
296 3147 122.0
3147 296 122.0
296 3294 80.0
3294 296 80.0
296 1219 122.0
1219 296 122.0
296 1438 20.0
1438 296 20.0
297 1075 122.0
1075 297 122.0
297 869 72.0
869 297 72.0
297 2027 30.0
2027 297 30.0
297 329 76.0
329 297 76.0
298 2494 82.0
2494 298 82.0
298 1460 36.0
1460 298 36.0
298 3023 14.0
3023 298 14.0
298 2905 36.0
2905 298 36.0
299 1884 46.0
1884 299 46.0
299 2592 6.0
2592 299 6.0
299 1155 48.0
1155 299 48.0
299 2415 14.0
2415 299 14.0
300 746 52.0
746 300 52.0
300 1084 48.0
1084 300 48.0
300 2981 28.0
2981 300 28.0
301 1231 166.0
1231 301 166.0
301 951 184.0
951 301 184.0
301 1738 60.0
1738 301 60.0
301 3477 134.0
3477 301 134.0
302 2300 50.0
2300 302 50.0
302 849 8.0
849 302 8.0
302 2527 80.0
2527 302 80.0
303 3196 62.0
3196 303 62.0
303 2342 42.0
2342 303 42.0
303 2598 72.0
2598 303 72.0
303 2566 86.0
2566 303 86.0
304 1804 94.0
1804 304 94.0
304 363 24.0
363 304 24.0
304 583 34.0
583 304 34.0
304 2629 68.0
2629 304 68.0
305 1719 56.0
1719 305 56.0
305 2782 58.0
2782 305 58.0
305 3444 24.0
3444 305 24.0
305 3385 24.0
3385 305 24.0
306 2789 42.0
2789 306 42.0
306 2080 6.0
2080 306 6.0
306 2333 92.0
2333 306 92.0
306 2998 42.0
2998 306 42.0
307 986 74.0
986 307 74.0
307 356 144.0
356 307 144.0
308 340 100.0
340 308 100.0
308 372 36.0
372 308 36.0
309 2372 62.0
2372 309 62.0
309 2056 66.0
2056 309 66.0
309 3471 68.0
3471 309 68.0
310 1155 116.0
1155 310 116.0
310 1983 14.0
1983 310 14.0
310 3131 14.0
3131 310 14.0
311 838 38.0
838 311 38.0
311 1403 4.0
1403 311 4.0
311 2233 120.0
2233 311 120.0
312 2791 14.0
2791 312 14.0
312 1956 72.0
1956 312 72.0
312 2666 34.0
2666 312 34.0
313 2893 36.0
2893 313 36.0
313 535 136.0
535 313 136.0
313 2557 88.0
2557 313 88.0
314 836 1.0
836 314 1.0
314 3551 68.0
3551 314 68.0
314 889 26.0
889 314 26.0
315 1999 14.0
1999 315 14.0
315 3144 42.0
3144 315 42.0
315 2561 8.0
2561 315 8.0
316 1576 30.0
1576 316 30.0
316 2326 6.0
2326 316 6.0
316 3479 44.0
3479 316 44.0
317 2091 44.0
2091 317 44.0
317 565 88.0
565 317 88.0
317 3563 4.0
3563 317 4.0
318 1944 106.0
1944 318 106.0
318 3163 100.0
3163 318 100.0
318 972 66.0
972 318 66.0
318 1849 32.0
1849 318 32.0
319 3586 66.0
3586 319 66.0
319 1113 12.0
1113 319 12.0
320 1785 38.0
1785 320 38.0
320 2274 102.0
2274 320 102.0
320 2772 34.0
2772 320 34.0
320 2072 48.0
2072 320 48.0
321 783 28.0
783 321 28.0
321 503 2.0
503 321 2.0
321 1168 16.0
1168 321 16.0
321 3531 6.0
3531 321 6.0
322 1752 4.0
1752 322 4.0
322 3478 22.0
3478 322 22.0
322 1995 82.0
1995 322 82.0
323 2094 58.0
2094 323 58.0
323 349 134.0
349 323 134.0
323 2423 106.0
2423 323 106.0
323 548 16.0
548 323 16.0
324 2905 56.0
2905 324 56.0
324 2479 36.0
2479 324 36.0
324 2213 46.0
2213 324 46.0
325 3679 176.0
3679 325 176.0
325 3048 28.0
3048 325 28.0
326 677 8.0
677 326 8.0
326 2285 14.0
2285 326 14.0
326 616 82.0
616 326 82.0
326 1445 46.0
1445 326 46.0
327 1601 178.0
1601 327 178.0
327 2469 46.0
2469 327 46.0
327 598 124.0
598 327 124.0
328 2075 90.0
2075 328 90.0
328 1831 58.0
1831 328 58.0
328 1352 4.0
1352 328 4.0
329 1988 122.0
1988 329 122.0
329 2724 30.0
2724 329 30.0
329 1547 46.0
1547 329 46.0
330 3231 78.0
3231 330 78.0
330 2407 70.0
2407 330 70.0
330 2831 2.0
2831 330 2.0
330 3315 94.0
3315 330 94.0
331 2065 88.0
2065 331 88.0
331 2478 54.0
2478 331 54.0
331 3571 34.0
3571 331 34.0
332 1761 2.0
1761 332 2.0
332 1128 42.0
1128 332 42.0
332 2538 116.0
2538 332 116.0
332 2352 66.0
2352 332 66.0
333 2881 16.0
2881 333 16.0
333 2915 102.0
2915 333 102.0
333 3040 100.0
3040 333 100.0
334 3151 12.0
3151 334 12.0
334 1230 108.0
1230 334 108.0
334 3154 118.0
3154 334 118.0
335 3070 46.0
3070 335 46.0
335 3452 20.0
3452 335 20.0
335 1137 50.0
1137 335 50.0
335 1262 42.0
1262 335 42.0
336 401 44.0
401 336 44.0
336 3011 28.0
3011 336 28.0
337 2995 46.0
2995 337 46.0
337 653 30.0
653 337 30.0
337 2603 76.0
2603 337 76.0
337 2592 72.0
2592 337 72.0
338 3067 8.0
3067 338 8.0
338 1701 40.0
1701 338 40.0
338 3672 66.0
3672 338 66.0
339 2480 80.0
2480 339 80.0
339 1433 10.0
1433 339 10.0
339 1718 132.0
1718 339 132.0
339 1545 200.0
1545 339 200.0
340 370 82.0
370 340 82.0
340 1414 90.0
1414 340 90.0
341 728 50.0
728 341 50.0
341 1248 112.0
1248 341 112.0
341 1476 32.0
1476 341 32.0
341 1557 18.0
1557 341 18.0
342 938 58.0
938 342 58.0
342 2676 10.0
2676 342 10.0
343 537 80.0
537 343 80.0
343 3609 66.0
3609 343 66.0
343 2633 132.0
2633 343 132.0
343 1703 58.0
1703 343 58.0
344 2403 38.0
2403 344 38.0
344 2775 64.0
2775 344 64.0
344 2523 48.0
2523 344 48.0
345 1917 32.0
1917 345 32.0
345 2133 80.0
2133 345 80.0
345 550 44.0
550 345 44.0
346 1161 20.0
1161 346 20.0
346 1595 114.0
1595 346 114.0
346 1113 172.0
1113 346 172.0
347 2668 12.0
2668 347 12.0
347 2471 102.0
2471 347 102.0
347 558 114.0
558 347 114.0
347 875 130.0
875 347 130.0
348 512 94.0
512 348 94.0
348 420 18.0
420 348 18.0
349 759 58.0
759 349 58.0
349 1573 184.0
1573 349 184.0
349 1847 106.0
1847 349 106.0
350 2632 12.0
2632 350 12.0
350 3462 80.0
3462 350 80.0
350 2751 114.0
2751 350 114.0
350 3299 20.0
3299 350 20.0
351 3186 16.0
3186 351 16.0
351 937 102.0
937 351 102.0
351 2918 4.0
2918 351 4.0
352 988 124.0
988 352 124.0
353 977 34.0
977 353 34.0
353 3159 28.0
3159 353 28.0
353 2901 8.0
2901 353 8.0
354 2149 6.0
2149 354 6.0
354 711 12.0
711 354 12.0
354 2261 144.0
2261 354 144.0
354 2103 26.0
2103 354 26.0
355 3654 36.0
3654 355 36.0
355 1586 112.0
1586 355 112.0
356 547 74.0
547 356 74.0
356 380 88.0
380 356 88.0
357 3623 86.0
3623 357 86.0
357 1375 72.0
1375 357 72.0
357 2083 34.0
2083 357 34.0
358 3412 4.0
3412 358 4.0
358 1855 60.0
1855 358 60.0
358 2362 46.0
2362 358 46.0
358 3488 86.0
3488 358 86.0
359 3059 4.0
3059 359 4.0
359 1157 16.0
1157 359 16.0
359 2647 52.0
2647 359 52.0
359 2551 32.0
2551 359 32.0
360 1594 6.0
1594 360 6.0
360 2744 132.0
2744 360 132.0
360 2540 88.0
2540 360 88.0
360 2341 60.0
2341 360 60.0
361 2884 44.0
2884 361 44.0
361 2419 38.0
2419 361 38.0
361 1259 38.0
1259 361 38.0
361 1151 26.0
1151 361 26.0
362 1359 8.0
1359 362 8.0
362 3349 108.0
3349 362 108.0
362 758 58.0
758 362 58.0
362 2379 10.0
2379 362 10.0
363 2504 94.0
2504 363 94.0
363 2891 22.0
2891 363 22.0
363 379 34.0
379 363 34.0
364 886 6.0
886 364 6.0
364 3123 30.0
3123 364 30.0
364 3491 20.0
3491 364 20.0
365 500 10.0
500 365 10.0
365 3588 18.0
3588 365 18.0
365 3189 12.0
3189 365 12.0
365 2181 154.0
2181 365 154.0
366 2538 14.0
2538 366 14.0
366 3180 42.0
3180 366 42.0
366 2335 8.0
2335 366 8.0
366 1299 66.0
1299 366 66.0
367 942 72.0
942 367 72.0
367 2675 68.0
2675 367 68.0
367 1551 10.0
1551 367 10.0
367 1099 82.0
1099 367 82.0
368 2606 34.0
2606 368 34.0
368 1332 4.0
1332 368 4.0
369 1656 40.0
1656 369 40.0
369 1390 4.0
1390 369 4.0
369 816 6.0
816 369 6.0
370 394 92.0
394 370 92.0
370 3669 90.0
3669 370 90.0
371 2128 46.0
2128 371 46.0
371 3226 6.0
3226 371 6.0
372 2334 54.0
2334 372 54.0
373 404 20.0
404 373 20.0
373 2098 16.0
2098 373 16.0
374 1715 6.0
1715 374 6.0
374 465 30.0
465 374 30.0
374 403 40.0
403 374 40.0
374 551 104.0
551 374 104.0
375 2214 94.0
2214 375 94.0
375 502 168.0
502 375 168.0
375 1617 72.0
1617 375 72.0
375 1194 136.0
1194 375 136.0
376 631 6.0
631 376 6.0
376 2187 32.0
2187 376 32.0
376 1744 88.0
1744 376 88.0
376 1779 100.0
1779 376 100.0
377 1448 68.0
1448 377 68.0
377 3561 92.0
3561 377 92.0
377 1383 44.0
1383 377 44.0
378 902 122.0
902 378 122.0
378 1438 142.0
1438 378 142.0
378 3605 122.0
3605 378 122.0
378 1309 150.0
1309 378 150.0
379 2670 22.0
2670 379 22.0
379 624 28.0
624 379 28.0
379 583 24.0
583 379 24.0
380 2565 74.0
2565 380 74.0
380 388 28.0
388 380 28.0
381 912 200.0
912 381 200.0
381 648 4.0
648 381 4.0
381 1316 10.0
1316 381 10.0
382 3676 124.0
3676 382 124.0
382 2196 20.0
2196 382 20.0
382 1686 88.0
1686 382 88.0
382 522 40.0
522 382 40.0
383 2684 150.0
2684 383 150.0
383 619 24.0
619 383 24.0
384 1923 44.0
1923 384 44.0
384 2858 16.0
2858 384 16.0
384 1484 48.0
1484 384 48.0
385 3495 20.0
3495 385 20.0
385 3300 22.0
3300 385 22.0
385 2585 36.0
2585 385 36.0
386 1948 32.0
1948 386 32.0
386 1024 70.0
1024 386 70.0
386 3249 96.0
3249 386 96.0
387 3651 70.0
3651 387 70.0
387 1130 150.0
1130 387 150.0
387 1486 66.0
1486 387 66.0
387 575 46.0
575 387 46.0
388 3219 74.0
3219 388 74.0
388 389 2.0
389 388 2.0
389 3272 74.0
3272 389 74.0
389 408 78.0
408 389 78.0
390 516 18.0
516 390 18.0
390 2426 9.0
2426 390 9.0
390 3371 42.0
3371 390 42.0
391 807 10.0
807 391 10.0
391 1783 48.0
1783 391 48.0
392 3342 34.0
3342 392 34.0
392 1760 142.0
1760 392 142.0
392 1622 110.0
1622 392 110.0
392 1663 150.0
1663 392 150.0
393 493 40.0
493 393 40.0
393 776 150.0
776 393 150.0
393 3709 184.0
3709 393 184.0
394 407 50.0
407 394 50.0
394 768 142.0
768 394 142.0
395 1026 92.0
1026 395 92.0
395 834 24.0
834 395 24.0
395 3616 54.0
3616 395 54.0
396 1986 44.0
1986 396 44.0
396 2122 22.0
2122 396 22.0
396 3310 4.0
3310 396 4.0
396 686 14.0
686 396 14.0
397 525 52.0
525 397 52.0
397 701 22.0
701 397 22.0
397 858 64.0
858 397 64.0
398 3188 38.0
3188 398 38.0
398 1904 26.0
1904 398 26.0
399 2981 48.0
2981 399 48.0
399 1084 28.0
1084 399 28.0
399 3559 2.0
3559 399 2.0
399 3140 78.0
3140 399 78.0
400 1857 40.0
1857 400 40.0
400 2320 128.0
2320 400 128.0
400 3715 4.0
3715 400 4.0
401 827 46.0
827 401 46.0
401 3384 48.0
3384 401 48.0
402 3396 118.0
3396 402 118.0
402 2047 58.0
2047 402 58.0
402 2092 28.0
2092 402 28.0
403 1905 104.0
1905 403 104.0
404 2396 50.0
2396 404 50.0
404 2219 16.0
2219 404 16.0
405 587 64.0
587 405 64.0
405 2275 74.0
2275 405 74.0
405 2829 48.0
2829 405 48.0
406 933 28.0
933 406 28.0
406 1444 88.0
1444 406 88.0
406 3365 72.0
3365 406 72.0
406 524 6.0
524 406 6.0
407 432 74.0
432 407 74.0
407 2965 142.0
2965 407 142.0
408 2961 42.0
2961 408 42.0
408 469 156.0
469 408 156.0
409 1923 16.0
1923 409 16.0
409 1941 4.0
1941 409 4.0
409 2858 44.0
2858 409 44.0
410 1618 42.0
1618 410 42.0
410 2619 46.0
2619 410 46.0
410 1601 92.0
1601 410 92.0
411 1773 70.0
1773 411 70.0
411 3350 76.0
3350 411 76.0
411 3179 12.0
3179 411 12.0
411 3289 68.0
3289 411 68.0
412 3388 60.0
3388 412 60.0
412 3520 86.0
3520 412 86.0
412 803 30.0
803 412 30.0
412 2016 45.0
2016 412 45.0
413 1882 58.0
1882 413 58.0
413 472 20.0
472 413 20.0
413 474 40.0
474 413 40.0
413 2691 142.0
2691 413 142.0
414 2019 4.0
2019 414 4.0
414 3402 48.0
3402 414 48.0
414 2871 88.0
2871 414 88.0
414 3584 14.0
3584 414 14.0
415 1088 4.0
1088 415 4.0
415 2299 102.0
2299 415 102.0
415 1600 98.0
1600 415 98.0
416 761 4.0
761 416 4.0
416 1955 112.0
1955 416 112.0
416 2130 18.0
2130 416 18.0
417 2433 100.0
2433 417 100.0
417 2588 78.0
2588 417 78.0
417 1977 30.0
1977 417 30.0
418 537 58.0
537 418 58.0
418 1703 80.0
1703 418 80.0
418 1814 104.0
1814 418 104.0
419 1834 124.0
1834 419 124.0
419 2238 88.0
2238 419 88.0
419 2365 20.0
2365 419 20.0
420 1131 94.0
1131 420 94.0
420 3259 82.0
3259 420 82.0
421 2710 10.0
2710 421 10.0
421 2630 4.0
2630 421 4.0
421 2315 34.0
2315 421 34.0
421 3053 2.0
3053 421 2.0
422 2898 70.0
2898 422 70.0
422 2868 46.0
2868 422 46.0
422 1717 10.0
1717 422 10.0
423 1308 86.0
1308 423 86.0
423 1379 136.0
1379 423 136.0
423 1143 70.0
1143 423 70.0
423 1174 24.0
1174 423 24.0
424 641 122.0
641 424 122.0
424 2029 122.0
2029 424 122.0
425 1009 46.0
1009 425 46.0
425 1320 76.0
1320 425 76.0
425 3554 60.0
3554 425 60.0
426 1023 30.0
1023 426 30.0
426 3479 28.0
3479 426 28.0
426 2547 6.0
2547 426 6.0
426 1766 32.0
1766 426 32.0
427 3391 20.0
3391 427 20.0
427 2219 100.0
2219 427 100.0
427 452 50.0
452 427 50.0
427 574 84.0
574 427 84.0
428 847 2.0
847 428 2.0
428 2994 4.0
2994 428 4.0
428 1651 150.0
1651 428 150.0
429 1549 74.0
1549 429 74.0
429 2228 26.0
2228 429 26.0
429 3633 42.0
3633 429 42.0
429 2293 44.0
2293 429 44.0
430 1139 24.0
1139 430 24.0
430 822 142.0
822 430 142.0
430 2872 2.0
2872 430 2.0
431 2589 26.0
2589 431 26.0
431 2183 116.0
2183 431 116.0
431 2956 4.0
2956 431 4.0
432 447 36.0
447 432 36.0
433 1753 64.0
1753 433 64.0
433 1374 8.0
1374 433 8.0
433 2906 40.0
2906 433 40.0
433 1962 52.0
1962 433 52.0
434 3083 2.0
3083 434 2.0
434 2447 34.0
2447 434 34.0
435 468 38.0
468 435 38.0
435 473 52.0
473 435 52.0
435 2190 32.0
2190 435 32.0
436 2226 50.0
2226 436 50.0
436 3255 100.0
3255 436 100.0
436 3436 66.0
3436 436 66.0
436 3366 12.0
3366 436 12.0
437 2271 42.0
2271 437 42.0
437 1893 76.0
1893 437 76.0
437 1917 112.0
1917 437 112.0
438 2211 88.0
2211 438 88.0
438 1109 30.0
1109 438 30.0
438 1898 22.0
1898 438 22.0
438 2982 136.0
2982 438 136.0
439 3450 40.0
3450 439 40.0
439 2893 88.0
2893 439 88.0
439 2557 36.0
2557 439 36.0
439 3540 4.0
3540 439 4.0
440 1663 110.0
1663 440 110.0
440 1622 150.0
1622 440 150.0
440 493 58.0
493 440 58.0
440 1984 184.0
1984 440 184.0
441 1858 48.0
1858 441 48.0
441 3267 124.0
3267 441 124.0
441 1083 22.0
1083 441 22.0
442 817 14.0
817 442 14.0
442 2641 36.0
2641 442 36.0
442 864 46.0
864 442 46.0
443 1611 56.0
1611 443 56.0
443 2450 60.0
2450 443 60.0
443 660 16.0
660 443 16.0
444 1484 16.0
1484 444 16.0
444 2858 48.0
2858 444 48.0
444 2077 4.0
2077 444 4.0
444 2339 46.0
2339 444 46.0
445 3599 62.0
3599 445 62.0
445 1839 42.0
1839 445 42.0
446 1606 130.0
1606 446 130.0
446 2635 70.0
2635 446 70.0
446 1297 162.0
1297 446 162.0
446 2011 22.0
2011 446 22.0
447 478 82.0
478 447 82.0
447 2213 96.0
2213 447 96.0
448 1365 10.0
1365 448 10.0
448 3022 24.0
3022 448 24.0
448 2217 22.0
2217 448 22.0
448 3187 44.0
3187 448 44.0
449 1225 54.0
1225 449 54.0
449 2176 12.0
2176 449 12.0
449 3183 62.0
3183 449 62.0
449 2938 26.0
2938 449 26.0
450 2189 122.0
2189 450 122.0
450 3614 22.0
3614 450 22.0
450 1043 94.0
1043 450 94.0
450 1964 112.0
1964 450 112.0
451 1440 122.0
1440 451 122.0
451 1964 8.0
1964 451 8.0
451 756 94.0
756 451 94.0
451 2671 88.0
2671 451 88.0
452 706 100.0
706 452 100.0
452 1920 84.0
1920 452 84.0
453 2560 22.0
2560 453 22.0
453 882 38.0
882 453 38.0
453 2614 62.0
2614 453 62.0
453 2559 40.0
2559 453 40.0
454 2945 32.0
2945 454 32.0
454 2312 24.0
2312 454 24.0
454 2932 112.0
2932 454 112.0
455 3615 16.0
3615 455 16.0
455 661 28.0
661 455 28.0
455 2131 100.0
2131 455 100.0
456 645 6.0
645 456 6.0
456 2483 46.0
2483 456 46.0
456 1660 86.0
1660 456 86.0
456 1851 32.0
1851 456 32.0
457 2790 22.0
2790 457 22.0
457 2930 40.0
2930 457 40.0
457 2681 84.0
2681 457 84.0
457 2216 32.0
2216 457 32.0
458 2143 50.0
2143 458 50.0
458 2132 44.0
2132 458 44.0
458 1674 4.0
1674 458 4.0
459 3030 42.0
3030 459 42.0
459 2494 36.0
2494 459 36.0
459 2905 82.0
2905 459 82.0
460 878 14.0
878 460 14.0
460 1558 8.0
1558 460 8.0
460 1889 44.0
1889 460 44.0
460 873 80.0
873 460 80.0
461 2506 6.0
2506 461 6.0
461 1604 44.0
1604 461 44.0
462 1769 104.0
1769 462 104.0
462 814 80.0
814 462 80.0
462 1208 6.0
1208 462 6.0
463 3154 108.0
3154 463 108.0
463 1230 118.0
1230 463 118.0
463 2854 98.0
2854 463 98.0
463 543 58.0
543 463 58.0
464 894 88.0
894 464 88.0
464 2528 136.0
2528 464 136.0
464 1094 140.0
1094 464 140.0
465 1860 6.0
1860 465 6.0
465 1871 122.0
1871 465 122.0
466 2528 8.0
2528 466 8.0
466 2347 108.0
2347 466 108.0
466 3512 140.0
3512 466 140.0
467 3265 112.0
3265 467 112.0
467 775 80.0
775 467 80.0
467 2646 8.0
2646 467 8.0
468 1084 2.0
1084 468 2.0
468 3559 28.0
3559 468 28.0
469 1025 146.0
1025 469 146.0
469 488 60.0
488 469 60.0
470 2532 60.0
2532 470 60.0
470 3429 136.0
3429 470 136.0
470 3612 6.0
3612 470 6.0
470 2692 8.0
2692 470 8.0
471 2082 26.0
2082 471 26.0
471 659 22.0
659 471 22.0
471 3066 14.0
3066 471 14.0
472 2258 58.0
2258 472 58.0
472 666 80.0
666 472 80.0
473 1653 8.0
1653 473 8.0
473 1753 32.0
1753 473 32.0
474 669 160.0
669 474 160.0
474 776 142.0
776 474 142.0
475 1881 86.0
1881 475 86.0
475 3502 44.0
3502 475 44.0
475 3504 70.0
3504 475 70.0
475 1948 28.0
1948 475 28.0
476 1718 66.0
1718 476 66.0
476 939 10.0
939 476 10.0
476 880 146.0
880 476 146.0
476 2615 200.0
2615 476 200.0
477 3370 10.0
3370 477 10.0
477 531 58.0
531 477 58.0
477 2977 58.0
2977 477 58.0
477 2625 22.0
2625 477 22.0
478 489 42.0
489 478 42.0
478 1587 34.0
1587 478 34.0
479 1474 20.0
1474 479 20.0
479 3600 26.0
3600 479 26.0
479 3427 17.0
3427 479 17.0
480 1730 4.0
1730 480 4.0
480 1672 168.0
1672 480 168.0
480 3084 78.0
3084 480 78.0
480 1771 12.0
1771 480 12.0
481 1236 24.0
1236 481 24.0
481 2414 42.0
2414 481 42.0
481 787 82.0
787 481 82.0
482 776 160.0
776 482 160.0
482 669 142.0
669 482 142.0
482 1233 166.0
1233 482 166.0
483 3308 94.0
3308 483 94.0
483 2224 8.0
2224 483 8.0
483 2744 6.0
2744 483 6.0
483 1594 132.0
1594 483 132.0
484 1986 102.0
1986 484 102.0
485 2435 90.0
2435 485 90.0
485 2497 60.0
2497 485 60.0
485 1173 4.0
1173 485 4.0
485 2323 86.0
2323 485 86.0
486 1644 12.0
1644 486 12.0
486 1171 8.0
1171 486 8.0
486 967 108.0
967 486 108.0
487 1410 88.0
1410 487 88.0
487 2852 156.0
2852 487 156.0
487 3530 66.0
3530 487 66.0
487 3161 76.0
3161 487 76.0
488 3694 146.0
3694 488 146.0
488 514 74.0
514 488 74.0
489 513 60.0
513 489 60.0
489 2032 34.0
2032 489 34.0
490 2549 124.0
2549 490 124.0
490 1087 172.0
1087 490 172.0
490 3586 88.0
3586 490 88.0
491 2064 28.0
2064 491 28.0
491 1291 46.0
1291 491 46.0
491 2645 28.0
2645 491 28.0
491 923 52.0
923 491 52.0
492 3002 28.0
3002 492 28.0
492 2783 24.0
2783 492 24.0
492 3282 94.0
3282 492 94.0
492 3106 44.0
3106 492 44.0
493 2691 150.0
2691 493 150.0
493 1579 184.0
1579 493 184.0
494 896 82.0
896 494 82.0
494 1930 84.0
1930 494 84.0
494 3036 40.0
3036 494 40.0
494 2050 46.0
2050 494 46.0
495 1895 6.0
1895 495 6.0
495 3249 86.0
3249 495 86.0
495 662 48.0
662 495 48.0
496 3485 46.0
3485 496 46.0
496 2496 66.0
2496 496 66.0
496 2343 200.0
2343 496 200.0
497 1319 52.0
1319 497 52.0
497 1500 60.0
1500 497 60.0
497 1402 36.0
1402 497 36.0
497 1661 52.0
1661 497 52.0
498 1880 37.0
1880 498 37.0
498 864 65.0
864 498 65.0
499 1239 66.0
1239 499 66.0
499 1338 150.0
1338 499 150.0
499 3079 12.0
3079 499 12.0
500 1186 50.0
1186 500 50.0
500 1876 154.0
1876 500 154.0
501 2418 4.0
2418 501 4.0
501 1049 20.0
1049 501 20.0
501 1478 84.0
1478 501 84.0
501 1112 92.0
1112 501 92.0
502 3432 94.0
3432 502 94.0
502 3430 30.0
3430 502 30.0
502 1774 72.0
1774 502 72.0
503 988 28.0
988 503 28.0
503 1322 16.0
1322 503 16.0
504 3560 46.0
3560 504 46.0
504 3507 60.0
3507 504 60.0
504 3657 6.0
3657 504 6.0
504 1710 36.0
1710 504 36.0
505 958 100.0
958 505 100.0
505 2678 26.0
2678 505 26.0
505 2052 60.0
2052 505 60.0
506 2110 65.0
2110 506 65.0
506 3202 61.0
3202 506 61.0
507 3240 4.0
3240 507 4.0
507 2995 72.0
2995 507 72.0
507 2592 46.0
2592 507 46.0
507 1884 6.0
1884 507 6.0
508 3173 28.0
3173 508 28.0
508 679 54.0
679 508 54.0
508 3049 84.0
3049 508 84.0
509 2505 60.0
2505 509 60.0
509 2554 50.0
2554 509 50.0
510 1435 114.0
1435 510 114.0
510 3461 10.0
3461 510 10.0
510 3424 58.0
3424 510 58.0
510 3062 24.0
3062 510 24.0
511 2854 56.0
2854 511 56.0
511 3129 118.0
3129 511 118.0
511 2210 4.0
2210 511 4.0
511 3322 58.0
3322 511 58.0
512 2883 4.0
2883 512 4.0
512 1131 18.0
1131 512 18.0
513 530 55.0
530 513 55.0
513 2644 34.0
2644 513 34.0
514 3314 146.0
3314 514 146.0
514 566 194.0
566 514 194.0
515 1114 158.0
1114 515 158.0
515 1757 184.0
1757 515 184.0
515 1053 130.0
1053 515 130.0
515 2869 134.0
2869 515 134.0
516 1076 20.0
1076 516 20.0
516 2278 130.0
2278 516 130.0
516 3274 42.0
3274 516 42.0
517 1658 124.0
1658 517 124.0
517 2172 184.0
2172 517 184.0
517 808 88.0
808 517 88.0
517 1513 134.0
1513 517 134.0
518 1674 72.0
1674 518 72.0
518 1647 82.0
1647 518 82.0
518 1570 92.0
1570 518 92.0
519 2650 40.0
2650 519 40.0
519 3098 62.0
3098 519 62.0
519 1832 4.0
1832 519 4.0
519 2880 18.0
2880 519 18.0
520 1396 2.0
1396 520 2.0
520 2954 58.0
2954 520 58.0
520 2290 74.0
2290 520 74.0
520 812 94.0
812 520 94.0
521 3255 66.0
3255 521 66.0
521 2816 134.0
2816 521 134.0
521 673 146.0
673 521 146.0
521 3436 100.0
3436 521 100.0
522 2302 124.0
2302 522 124.0
522 2852 88.0
2852 522 88.0
522 1410 156.0
1410 522 156.0
523 1534 40.0
1534 523 40.0
523 1232 32.0
1232 523 32.0
524 993 28.0
993 524 28.0
524 3611 72.0
3611 524 72.0
524 2716 58.0
2716 524 58.0
525 570 26.0
570 525 26.0
525 1191 22.0
1191 525 22.0
526 2739 10.0
2739 526 10.0
526 3053 18.0
3053 526 18.0
526 2593 34.0
2593 526 34.0
526 1927 58.0
1927 526 58.0
527 1899 18.0
1899 527 18.0
527 3674 26.0
3674 527 26.0
527 958 22.0
958 527 22.0
527 3518 60.0
3518 527 60.0
528 3367 60.0
3367 528 60.0
528 2429 124.0
2429 528 124.0
528 3238 16.0
3238 528 16.0
528 3525 66.0
3525 528 66.0
529 3604 34.0
3604 529 34.0
529 1332 76.0
1332 529 76.0
530 553 107.0
553 530 107.0
531 3611 10.0
3611 531 10.0
531 1997 58.0
1997 531 58.0
532 2331 34.0
2331 532 34.0
532 670 134.0
670 532 134.0
532 2599 110.0
2599 532 110.0
532 1932 16.0
1932 532 16.0
533 2586 12.0
2586 533 12.0
533 2580 72.0
2580 533 72.0
533 3174 64.0
3174 533 64.0
534 1471 38.0
1471 534 38.0
534 2742 52.0
2742 534 52.0
534 1652 20.0
1652 534 20.0
535 3377 28.0
3377 535 28.0
535 2272 54.0
2272 535 54.0
535 2703 88.0
2703 535 88.0
536 3419 32.0
3419 536 32.0
536 3232 96.0
3232 536 96.0
537 1909 92.0
1909 537 92.0
537 1742 66.0
1742 537 66.0
538 3636 66.0
3636 538 66.0
538 1083 18.0
1083 538 18.0
538 1186 124.0
1186 538 124.0
538 2609 14.0
2609 538 14.0
539 3258 22.0
3258 539 22.0
539 1129 4.0
1129 539 4.0
539 1546 14.0
1546 539 14.0
539 1348 48.0
1348 539 48.0
540 2190 40.0
2190 540 40.0
540 1110 64.0
1110 540 64.0
540 2868 66.0
2868 540 66.0
541 2371 8.0
2371 541 8.0
541 1115 42.0
1115 541 42.0
541 1569 12.0
1569 541 12.0
541 2376 24.0
2376 541 24.0
542 680 12.0
680 542 12.0
542 2093 30.0
2093 542 30.0
543 1327 108.0
1327 543 108.0
543 985 98.0
985 543 98.0
543 989 24.0
989 543 24.0
544 1047 66.0
1047 544 66.0
544 2101 34.0
2101 544 34.0
544 997 146.0
997 544 146.0
544 855 76.0
855 544 76.0
545 1807 74.0
1807 545 74.0
545 1009 4.0
1009 545 4.0
545 2731 60.0
2731 545 60.0
546 2455 28.0
2455 546 28.0
546 2742 38.0
2742 546 38.0
546 1471 52.0
1471 546 52.0
547 2565 88.0
2565 547 88.0
547 986 144.0
986 547 144.0
548 2021 58.0
2021 548 58.0
548 3163 106.0
3163 548 106.0
548 1944 100.0
1944 548 100.0
549 1376 22.0
1376 549 22.0
549 1179 126.0
1179 549 126.0
549 1062 98.0
1062 549 98.0
550 1682 32.0
1682 550 32.0
550 1436 114.0
1436 550 114.0
551 1701 6.0
1701 551 6.0
551 1905 40.0
1905 551 40.0
551 1127 66.0
1127 551 66.0
552 2458 8.0
2458 552 8.0
552 1340 148.0
1340 552 148.0
552 2474 82.0
2474 552 82.0
553 607 156.0
607 553 156.0
553 680 34.0
680 553 34.0
554 3353 20.0
3353 554 20.0
554 2585 14.0
2585 554 14.0
554 3287 58.0
3287 554 58.0
555 1041 6.0
1041 555 6.0
555 3221 44.0
3221 555 44.0
555 1430 38.0
1430 555 38.0
555 1166 24.0
1166 555 24.0
556 2191 70.0
2191 556 70.0
556 791 44.0
791 556 44.0
557 2463 32.0
2463 557 32.0
557 1799 66.0
1799 557 66.0
557 2255 54.0
2255 557 54.0
558 2822 102.0
2822 558 102.0
558 1758 58.0
1758 558 58.0
558 1929 130.0
1929 558 130.0
559 1565 6.0
1565 559 6.0
559 2296 8.0
2296 559 8.0
559 2267 88.0
2267 559 88.0
559 2517 60.0
2517 559 60.0
560 3061 70.0
3061 560 70.0
560 1217 6.0
1217 560 6.0
560 3211 66.0
3211 560 66.0
560 962 56.0
962 560 56.0
561 3014 30.0
3014 561 30.0
561 3051 58.0
3051 561 58.0
561 2979 144.0
2979 561 144.0
561 2332 4.0
2332 561 4.0
562 3098 4.0
3098 562 4.0
562 2916 88.0
2916 562 88.0
562 1272 52.0
1272 562 52.0
562 1832 62.0
1832 562 62.0
563 1867 60.0
1867 563 60.0
563 1974 26.0
1974 563 26.0
563 805 42.0
805 563 42.0
563 1840 36.0
1840 563 36.0
564 595 118.0
595 564 118.0
564 2962 100.0
2962 564 100.0
564 1844 116.0
1844 564 116.0
564 1813 12.0
1813 564 12.0
565 2492 60.0
2492 565 60.0
565 2543 44.0
2543 565 44.0
566 908 146.0
908 566 146.0
566 568 4.0
568 566 4.0
567 3558 58.0
3558 567 58.0
567 1031 38.0
1031 567 38.0
567 2244 30.0
2244 567 30.0
567 2437 26.0
2437 567 26.0
568 1096 146.0
1096 568 146.0
568 630 186.0
630 568 186.0
569 1424 104.0
1424 569 104.0
569 2842 92.0
2842 569 92.0
569 727 140.0
727 569 140.0
570 1416 22.0
1416 570 22.0
570 3218 102.0
3218 570 102.0
571 2936 12.0
2936 571 12.0
571 811 74.0
811 571 74.0
571 1354 34.0
1354 571 34.0
572 2611 42.0
2611 572 42.0
572 1066 26.0
1066 572 26.0
572 3568 62.0
3568 572 62.0
573 3212 46.0
3212 573 46.0
573 1940 2.0
1940 573 2.0
573 3429 60.0
3429 573 60.0
573 2532 136.0
2532 573 136.0
574 3036 20.0
3036 574 20.0
574 1920 50.0
1920 574 50.0
574 777 10.0
777 574 10.0
575 2848 70.0
2848 575 70.0
575 2570 66.0
2570 575 66.0
575 2843 2.0
2843 575 2.0
576 3282 72.0
3282 576 72.0
576 1698 24.0
1698 576 24.0
576 869 122.0
869 576 122.0
576 1075 72.0
1075 576 72.0
577 1668 124.0
1668 577 124.0
577 1393 32.0
1393 577 32.0
577 2813 4.0
2813 577 4.0
577 3152 28.0
3152 577 28.0
578 2159 34.0
2159 578 34.0
578 2746 38.0
2746 578 38.0
578 2186 8.0
2186 578 8.0
578 1055 40.0
1055 578 40.0
579 2931 50.0
2931 579 50.0
579 1799 32.0
1799 579 32.0
579 2463 66.0
2463 579 66.0
580 3345 72.0
3345 580 72.0
580 3547 12.0
3547 580 12.0
580 1685 34.0
1685 580 34.0
580 998 26.0
998 580 26.0
581 2396 30.0
2396 581 30.0
581 1708 94.0
1708 581 94.0
581 2550 54.0
2550 581 54.0
582 3198 20.0
3198 582 20.0
582 719 58.0
719 582 58.0
583 1057 28.0
1057 583 28.0
583 3621 68.0
3621 583 68.0
584 1220 56.0
1220 584 56.0
584 1187 20.0
1187 584 20.0
584 2418 4.0
2418 584 4.0
584 971 92.0
971 584 92.0
585 937 44.0
937 585 44.0
585 686 76.0
686 585 76.0
585 3602 4.0
3602 585 4.0
585 3323 4.0
3323 585 4.0
586 2203 98.0
2203 586 98.0
586 2269 34.0
2269 586 34.0
586 1086 92.0
1086 586 92.0
586 3420 76.0
3420 586 76.0
587 771 64.0
771 587 64.0
587 2095 48.0
2095 587 48.0
588 3637 50.0
3637 588 50.0
588 3663 36.0
3663 588 36.0
588 2251 34.0
2251 588 34.0
588 768 56.0
768 588 56.0
589 675 70.0
675 589 70.0
589 791 28.0
791 589 28.0
589 1604 66.0
1604 589 66.0
590 1081 102.0
1081 590 102.0
590 1158 20.0
1158 590 20.0
591 1593 2.0
1593 591 2.0
591 703 26.0
703 591 26.0
591 1899 66.0
1899 591 66.0
591 2079 60.0
2079 591 60.0
592 1737 58.0
1737 592 58.0
592 1576 44.0
1576 592 44.0
592 3479 30.0
3479 592 30.0
592 1023 28.0
1023 592 28.0
593 1285 34.0
1285 593 34.0
593 2126 14.0
2126 593 14.0
593 2834 48.0
2834 593 48.0
594 1741 24.0
1741 594 24.0
594 3308 132.0
3308 594 132.0
594 1594 94.0
1594 594 94.0
594 725 60.0
725 594 60.0
595 866 24.0
866 595 24.0
595 3642 88.0
3642 595 88.0
596 1738 28.0
1738 596 28.0
596 3695 184.0
3695 596 184.0
596 903 88.0
903 596 88.0
596 3670 134.0
3670 596 134.0
597 659 106.0
659 597 106.0
597 1975 28.0
1975 597 28.0
597 2801 60.0
2801 597 60.0
598 1003 46.0
1003 598 46.0
598 3044 46.0
3044 598 46.0
599 3117 40.0
3117 599 40.0
599 2648 60.0
2648 599 60.0
599 3495 22.0
3495 599 22.0
599 2353 36.0
2353 599 36.0
600 3702 78.0
3702 600 78.0
600 1897 102.0
1897 600 102.0
600 830 174.0
830 600 174.0
601 3513 82.0
3513 601 82.0
601 2120 44.0
2120 601 44.0
601 2907 4.0
2907 601 4.0
601 879 12.0
879 601 12.0
602 660 28.0
660 602 28.0
602 2963 22.0
2963 602 22.0
603 2785 124.0
2785 603 124.0
603 2990 130.0
2990 603 130.0
603 1597 40.0
1597 603 40.0
604 1868 56.0
1868 604 56.0
604 3390 42.0
3390 604 42.0
604 941 46.0
941 604 46.0
605 1574 88.0
1574 605 88.0
605 1464 102.0
1464 605 102.0
605 2668 66.0
2668 605 66.0
605 1777 130.0
1777 605 130.0
606 3599 18.0
3599 606 18.0
606 2554 14.0
2554 606 14.0
606 1829 60.0
1829 606 60.0
606 3109 104.0
3109 606 104.0
607 655 146.0
655 607 146.0
607 2360 34.0
2360 607 34.0
608 1353 138.0
1353 608 138.0
608 1412 104.0
1412 608 104.0
608 3593 16.0
3593 608 16.0
609 2437 30.0
2437 609 30.0
609 2244 26.0
2244 609 26.0
609 3143 10.0
3143 609 10.0
610 1995 4.0
1995 610 4.0
610 3197 22.0
3197 610 22.0
610 2882 44.0
2882 610 44.0
611 3716 156.0
3716 611 156.0
611 1724 56.0
1724 611 56.0
611 1349 46.0
1349 611 46.0
612 2735 70.0
2735 612 70.0
613 3065 22.0
3065 613 22.0
613 2485 28.0
2485 613 28.0
613 1875 62.0
1875 613 62.0
613 882 12.0
882 613 12.0
614 2060 150.0
2060 614 150.0
614 2866 98.0
2866 614 98.0
614 3278 18.0
3278 614 18.0
615 1171 44.0
1171 615 44.0
615 2790 32.0
2790 615 32.0
615 2216 22.0
2216 615 22.0
616 2208 14.0
2208 616 14.0
616 3481 20.0
3481 616 20.0
617 1323 10.0
1323 617 10.0
617 3187 24.0
3187 617 24.0
617 2820 22.0
2820 617 22.0
617 2708 102.0
2708 617 102.0
618 2798 100.0
2798 618 100.0
618 2489 6.0
2489 618 6.0
618 2789 26.0
2789 618 26.0
618 2424 42.0
2424 618 42.0
619 3415 124.0
3415 619 124.0
619 813 50.0
813 619 50.0
619 1214 60.0
1214 619 60.0
620 2324 96.0
2324 620 96.0
620 2913 26.0
2913 620 26.0
620 3185 4.0
3185 620 4.0
620 1038 28.0
1038 620 28.0
621 2741 18.0
2741 621 18.0
621 2747 42.0
2747 621 42.0
621 963 60.0
963 621 60.0
622 1333 130.0
1333 622 130.0
622 1159 162.0
1159 622 162.0
622 1888 32.0
1888 622 32.0
623 3606 50.0
3606 623 50.0
623 3233 94.0
3233 623 94.0
623 2740 54.0
2740 623 54.0
623 3645 82.0
3645 623 82.0
624 2716 22.0
2716 624 22.0
624 1803 72.0
1803 624 72.0
624 1057 24.0
1057 624 24.0
625 1719 24.0
1719 625 24.0
625 3385 56.0
3385 625 56.0
625 1631 20.0
1631 625 20.0
626 2826 40.0
2826 626 40.0
626 3344 100.0
3344 626 100.0
626 2926 160.0
2926 626 160.0
626 1733 32.0
1733 626 32.0
627 2941 58.0
2941 627 58.0
627 1329 70.0
1329 627 70.0
627 3564 26.0
3564 627 26.0
628 1234 76.0
1234 628 76.0
628 910 46.0
910 628 46.0
628 3583 10.0
3583 628 10.0
629 1801 8.0
1801 629 8.0
629 2008 142.0
2008 629 142.0
630 2024 146.0
2024 630 146.0
630 637 20.0
637 630 20.0
631 2962 116.0
2962 631 116.0
631 2488 32.0
2488 631 32.0
631 1844 100.0
1844 631 100.0
632 2037 32.0
2037 632 32.0
632 1529 54.0
1529 632 54.0
633 2008 108.0
2008 633 108.0
633 3265 20.0
3265 633 20.0
634 2120 4.0
2120 634 4.0
634 644 26.0
644 634 26.0
634 2428 56.0
2428 634 56.0
634 2907 44.0
2907 634 44.0
635 1137 8.0
1137 635 8.0
635 3228 82.0
3228 635 82.0
635 2285 42.0
2285 635 42.0
636 3254 66.0
3254 636 66.0
636 2512 102.0
2512 636 102.0
636 2182 38.0
2182 636 38.0
637 2910 146.0
2910 637 146.0
637 643 12.0
643 637 12.0
638 2153 70.0
2153 638 70.0
638 3257 2.0
3257 638 2.0
638 2282 66.0
2282 638 66.0
639 3518 22.0
3518 639 22.0
639 958 60.0
958 639 60.0
639 2052 100.0
2052 639 100.0
639 3395 88.0
3395 639 88.0
640 3592 8.0
3592 640 8.0
640 1642 68.0
1642 640 68.0
640 3000 54.0
3000 640 54.0
640 3628 20.0
3628 640 20.0
641 2867 32.0
2867 641 32.0
641 3239 94.0
3239 641 94.0
641 3063 122.0
3063 641 122.0
642 1177 18.0
1177 642 18.0
642 2695 42.0
2695 642 42.0
642 1093 14.0
1093 642 14.0
642 3360 20.0
3360 642 20.0
643 3436 146.0
3436 643 146.0
643 673 100.0
673 643 100.0
644 2147 4.0
2147 644 4.0
644 1850 82.0
1850 644 82.0
644 1993 56.0
1993 644 56.0
645 1547 30.0
1547 645 30.0
645 2724 46.0
2724 645 46.0
645 1951 32.0
1951 645 32.0
646 2904 120.0
2904 646 120.0
646 2717 24.0
2717 646 24.0
646 1461 4.0
1461 646 4.0
646 2830 60.0
2830 646 60.0
647 1467 26.0
1467 647 26.0
647 1947 18.0
1947 647 18.0
647 1836 74.0
1836 647 74.0
648 921 200.0
921 648 200.0
648 1583 10.0
1583 648 10.0
649 1802 2.0
1802 649 2.0
650 1794 26.0
1794 650 26.0
650 3475 28.0
3475 650 28.0
650 2164 52.0
2164 650 52.0
650 2359 46.0
2359 650 46.0
651 3302 44.0
3302 651 44.0
651 3520 60.0
3520 651 60.0
651 3388 86.0
3388 651 86.0
652 3321 64.0
3321 652 64.0
652 2095 14.0
2095 652 14.0
652 1734 64.0
1734 652 64.0
652 1915 40.0
1915 652 40.0
653 3701 46.0
3701 653 46.0
653 1275 60.0
1275 653 60.0
653 2229 76.0
2229 653 76.0
654 3501 166.0
3501 654 166.0
654 690 26.0
690 654 26.0
654 2669 4.0
2669 654 4.0
654 3394 68.0
3394 654 68.0
655 681 86.0
681 655 86.0
656 1736 94.0
1736 656 94.0
656 1798 40.0
1798 656 40.0
656 3041 28.0
3041 656 28.0
657 2728 50.0
2728 657 50.0
657 2301 34.0
2301 657 34.0
657 807 6.0
807 657 6.0
658 1126 84.0
1126 658 84.0
658 1689 136.0
1689 658 136.0
659 2432 26.0
2432 659 26.0
659 2921 28.0
2921 659 28.0
660 2370 60.0
2370 660 60.0
660 3690 20.0
3690 660 20.0
661 3670 16.0
3670 661 16.0
661 1290 88.0
1290 661 88.0
661 3173 100.0
3173 661 100.0
662 1957 6.0
1957 662 6.0
662 960 86.0
960 662 86.0
662 1770 42.0
1770 662 42.0
663 3531 16.0
3531 663 16.0
663 1168 6.0
1168 663 6.0
663 3207 102.0
3207 663 102.0
663 2304 72.0
2304 663 72.0
664 1759 36.0
1759 664 36.0
664 2596 24.0
2596 664 24.0
664 3486 44.0
3486 664 44.0
664 1387 60.0
1387 664 60.0
665 1874 40.0
1874 665 40.0
665 3271 6.0
3271 665 6.0
665 859 120.0
859 665 120.0
665 2041 14.0
2041 665 14.0
666 1004 140.0
1004 666 140.0
666 3204 40.0
3204 666 40.0
667 2015 36.0
2015 667 36.0
667 1149 102.0
1149 667 102.0
667 3346 128.0
3346 667 128.0
667 1554 48.0
1554 667 48.0
668 1992 68.0
1992 668 68.0
668 3115 50.0
3115 668 50.0
669 3209 20.0
3209 669 20.0
669 1632 166.0
1632 669 166.0
670 1663 184.0
1663 670 184.0
670 1984 110.0
1984 670 110.0
671 3318 24.0
3318 671 24.0
671 1921 32.0
1921 671 32.0
671 2281 64.0
2281 671 64.0
671 3052 90.0
3052 671 90.0
672 2036 98.0
2036 672 98.0
673 712 134.0
712 673 134.0
674 1721 16.0
1721 674 16.0
674 3001 66.0
3001 674 66.0
674 1863 100.0
1863 674 100.0
675 2823 36.0
2823 675 36.0
675 1485 28.0
1485 675 28.0
675 835 32.0
835 675 32.0
676 3195 200.0
3195 676 200.0
676 2912 6.0
2912 676 6.0
676 2224 10.0
2224 676 10.0
677 2752 50.0
2752 677 50.0
677 2628 14.0
2628 677 14.0
677 1677 46.0
1677 677 46.0
678 1312 60.0
1312 678 60.0
678 894 28.0
894 678 28.0
679 1930 82.0
1930 679 82.0
679 896 84.0
896 679 84.0
680 2360 156.0
2360 680 156.0
680 2322 30.0
2322 680 30.0
681 702 78.0
702 681 78.0
681 1142 34.0
1142 681 34.0
682 1200 6.0
1200 682 6.0
682 3117 36.0
3117 682 36.0
682 2353 40.0
2353 682 40.0
682 2023 14.0
2023 682 14.0
683 1816 26.0
1816 683 26.0
683 1238 14.0
1238 683 14.0
683 2619 42.0
2619 683 42.0
683 1618 46.0
1618 683 46.0
684 1250 50.0
1250 684 50.0
684 2502 52.0
2502 684 52.0
684 2927 58.0
2927 684 58.0
685 3431 94.0
3431 685 94.0
685 1966 28.0
1966 685 28.0
685 3480 32.0
3480 685 32.0
686 2071 44.0
2071 686 44.0
686 3604 4.0
3604 686 4.0
687 1462 106.0
1462 687 106.0
687 2560 40.0
2560 687 40.0
687 2559 22.0
2559 687 22.0
688 3567 132.0
3567 688 132.0
688 2195 80.0
2195 688 80.0
688 1135 66.0
1135 688 66.0
688 1552 158.0
1552 688 158.0
689 2731 52.0
2731 689 52.0
689 1283 4.0
1283 689 4.0
689 1255 8.0
1255 689 8.0
690 2493 58.0
2493 690 58.0
690 2679 4.0
2679 690 4.0
691 2423 66.0
2423 691 66.0
691 1114 134.0
1114 691 134.0
691 2869 158.0
2869 691 158.0
691 1795 16.0
1795 691 16.0
692 2166 12.0
2166 692 12.0
692 2851 34.0
2851 692 34.0
692 3538 2.0
3538 692 2.0
692 1671 40.0
1671 692 40.0
693 1783 12.0
1783 693 12.0
693 1102 102.0
1102 693 102.0
693 2604 22.0
2604 693 22.0
694 3634 62.0
3634 694 62.0
694 2566 106.0
2566 694 106.0
694 2054 94.0
2054 694 94.0
695 2643 40.0
2643 695 40.0
695 1636 30.0
1636 695 30.0
695 2940 30.0
2940 695 30.0
695 1336 20.0
1336 695 20.0
696 2858 4.0
2858 696 4.0
696 1941 44.0
1941 696 44.0
696 3618 22.0
3618 696 22.0
696 2077 48.0
2077 696 48.0
697 968 20.0
968 697 20.0
697 3274 4.0
3274 697 4.0
697 847 18.0
847 697 18.0
697 983 150.0
983 697 150.0
698 1112 84.0
1112 698 84.0
698 1478 92.0
1478 698 92.0
698 2917 54.0
2917 698 54.0
699 3172 40.0
3172 699 40.0
699 1713 46.0
1713 699 46.0
699 2453 98.0
2453 699 98.0
700 2653 12.0
2653 700 12.0
700 1225 14.0
1225 700 14.0
700 2618 26.0
2618 700 26.0
701 1191 52.0
1191 701 52.0
701 877 64.0
877 701 64.0
701 709 64.0
709 701 64.0
702 736 100.0
736 702 100.0
702 1977 34.0
1977 702 34.0
703 1743 2.0
1743 703 2.0
703 1931 12.0
1931 703 12.0
703 1473 66.0
1473 703 66.0
704 1376 26.0
1376 704 26.0
704 1980 30.0
1980 704 30.0
705 3576 12.0
3576 705 12.0
705 2683 26.0
2683 705 26.0
705 1823 42.0
1823 705 42.0
706 2219 50.0
2219 706 50.0
706 2396 16.0
2396 706 16.0
707 2493 4.0
2493 707 4.0
707 1793 56.0
1793 707 56.0
707 2679 58.0
2679 707 58.0
708 2819 30.0
2819 708 30.0
708 929 46.0
929 708 46.0
708 2456 142.0
2456 708 142.0
709 3337 64.0
3337 709 64.0
709 1908 30.0
1908 709 30.0
709 858 22.0
858 709 22.0
710 1090 60.0
1090 710 60.0
710 1343 20.0
1343 710 20.0
710 1067 6.0
1067 710 6.0
710 2958 24.0
2958 710 24.0
711 2511 6.0
2511 711 6.0
711 2092 144.0
2092 711 144.0
712 2816 146.0
2816 712 146.0
712 772 184.0
772 712 184.0
713 2045 10.0
2045 713 10.0
713 3623 34.0
3623 713 34.0
713 2083 86.0
2083 713 86.0
713 1180 74.0
1180 713 74.0
714 1246 38.0
1246 714 38.0
714 1818 2.0
1818 714 2.0
714 1532 42.0
1532 714 42.0
714 2313 18.0
2313 714 18.0
715 2246 64.0
2246 715 64.0
715 3534 10.0
3534 715 10.0
715 2368 48.0
2368 715 48.0
716 2905 36.0
2905 716 36.0
716 3637 74.0
3637 716 74.0
716 2479 56.0
2479 716 56.0
717 781 66.0
781 717 66.0
717 2696 32.0
2696 717 32.0
718 3616 24.0
3616 718 24.0
718 834 54.0
834 718 54.0
718 2988 12.0
2988 718 12.0
719 3374 8.0
3374 719 8.0
720 1071 62.0
1071 720 62.0
720 790 150.0
790 720 150.0
720 769 58.0
769 720 58.0
721 1966 72.0
1966 721 72.0
721 3317 44.0
3317 721 44.0
721 3069 32.0
3069 721 32.0
722 1054 74.0
1054 722 74.0
722 2715 46.0
2715 722 46.0
722 3102 86.0
3102 722 86.0
723 2384 50.0
2384 723 50.0
723 2758 52.0
2758 723 52.0
724 1537 20.0
1537 724 20.0
724 2649 42.0
2649 724 42.0
725 1402 24.0
1402 725 24.0
725 3407 94.0
3407 725 94.0
725 2795 52.0
2795 725 52.0
726 2462 8.0
2462 726 8.0
726 1266 88.0
1266 726 88.0
726 3192 40.0
3192 726 40.0
726 1381 6.0
1381 726 6.0
727 1400 98.0
1400 727 98.0
727 3223 92.0
3223 727 92.0
727 2933 80.0
2933 727 80.0
728 770 46.0
770 728 46.0
728 3304 112.0
3304 728 112.0
728 1666 18.0
1666 728 18.0
729 3483 120.0
3483 729 120.0
729 955 162.0
955 729 162.0
729 1235 124.0
1235 729 124.0
729 3457 112.0
3457 729 112.0
730 2718 4.0
2718 730 4.0
730 1892 4.0
1892 730 4.0
730 838 22.0
838 730 22.0
731 833 24.0
833 731 24.0
731 2780 102.0
2780 731 102.0
731 1197 44.0
1197 731 44.0
732 1615 128.0
1615 732 128.0
732 1221 88.0
1221 732 88.0
732 2851 12.0
2851 732 12.0
732 2166 34.0
2166 732 34.0
733 3400 24.0
3400 733 24.0
733 2796 162.0
2796 733 162.0
733 1822 10.0
1822 733 10.0
733 842 78.0
842 733 78.0
734 1972 2.0
1972 734 2.0
734 1992 38.0
1992 734 38.0
734 2173 94.0
2173 734 94.0
735 2262 36.0
2262 735 36.0
735 1078 60.0
1078 735 60.0
735 981 24.0
981 735 24.0
735 1284 86.0
1284 735 86.0
736 789 162.0
789 736 162.0
736 3028 34.0
3028 736 34.0
737 3196 22.0
3196 737 22.0
737 785 86.0
785 737 86.0
738 1180 86.0
1180 738 86.0
738 2083 74.0
2083 738 74.0
738 1591 6.0
1591 738 6.0
738 1111 64.0
1111 738 64.0
739 3496 144.0
3496 739 144.0
739 3051 18.0
3051 739 18.0
740 3275 80.0
3275 740 80.0
740 3473 34.0
3473 740 34.0
740 1976 32.0
1976 740 32.0
740 2756 118.0
2756 740 118.0
741 3459 58.0
3459 741 58.0
741 1665 70.0
1665 741 70.0
741 2769 106.0
2769 741 106.0
741 1035 20.0
1035 741 20.0
742 1684 6.0
1684 742 6.0
742 1127 38.0
1127 742 38.0
742 3319 40.0
3319 742 40.0
743 1209 30.0
1209 743 30.0
743 2827 46.0
2827 743 46.0
743 3624 6.0
3624 743 6.0
743 2909 2.0
2909 743 2.0
744 1686 66.0
1686 744 66.0
744 1616 20.0
1616 744 20.0
744 2943 12.0
2943 744 12.0
744 2737 40.0
2737 744 40.0
745 3171 28.0
3171 745 28.0
745 2340 64.0
2340 745 64.0
745 2470 26.0
2470 745 26.0
745 1646 110.0
1646 745 110.0
746 1002 64.0
1002 746 64.0
746 780 60.0
780 746 60.0
746 2966 28.0
2966 746 28.0
747 1898 14.0
1898 747 14.0
747 1080 30.0
1080 747 30.0
747 3581 44.0
3581 747 44.0
747 1074 136.0
1074 747 136.0
748 3428 56.0
3428 748 56.0
748 3054 50.0
3054 748 50.0
748 1891 32.0
1891 748 32.0
749 2155 40.0
2155 749 40.0
749 3020 52.0
3020 749 52.0
749 2516 126.0
2516 749 126.0
750 3344 160.0
3344 750 160.0
750 1305 16.0
1305 750 16.0
750 2926 100.0
2926 750 100.0
751 1026 24.0
1026 751 24.0
751 3004 20.0
3004 751 20.0
751 2477 12.0
2477 751 12.0
751 834 92.0
834 751 92.0
752 3206 122.0
3206 752 122.0
752 2393 8.0
2393 752 8.0
753 1589 56.0
1589 753 56.0
753 3203 34.0
3203 753 34.0
753 2799 4.0
2799 753 4.0
753 2389 126.0
2389 753 126.0
754 1573 106.0
1573 754 106.0
754 3132 150.0
3132 754 150.0
754 1847 184.0
1847 754 184.0
755 3300 14.0
3300 755 14.0
755 945 112.0
945 755 112.0
755 856 52.0
856 755 52.0
755 3343 36.0
3343 755 36.0
756 2022 8.0
2022 756 8.0
756 2659 34.0
2659 756 34.0
756 1841 88.0
1841 756 88.0
757 1241 8.0
1241 757 8.0
757 2999 138.0
2999 757 138.0
757 3679 112.0
3679 757 112.0
758 2084 59.0
2084 758 59.0
758 2930 10.0
2930 758 10.0
759 3335 114.0
3335 759 114.0
759 1521 184.0
1521 759 184.0
759 2094 134.0
2094 759 134.0
760 1146 114.0
1146 760 114.0
760 1360 12.0
1360 760 12.0
760 2149 58.0
2149 760 58.0
761 1476 54.0
1476 761 54.0
761 2406 112.0
2406 761 112.0
761 2431 18.0
2431 761 18.0
762 2224 6.0
2224 762 6.0
762 2912 10.0
2912 762 10.0
762 2878 88.0
2878 762 88.0
762 2744 8.0
2744 762 8.0
763 3510 68.0
3510 763 68.0
763 1641 150.0
1641 763 150.0
763 1071 36.0
1071 763 36.0
763 3626 184.0
3626 763 184.0
764 3325 58.0
3325 764 58.0
764 2127 102.0
2127 764 102.0
764 1727 40.0
1727 764 40.0
764 1456 32.0
1456 764 32.0
765 3041 40.0
3041 765 40.0
765 1798 28.0
1798 765 28.0
765 1405 120.0
1405 765 120.0
766 2986 24.0
2986 766 24.0
766 2861 12.0
2861 766 12.0
766 3042 26.0
3042 766 26.0
767 2350 68.0
2350 767 68.0
767 1598 26.0
1598 767 26.0
767 1497 64.0
1497 767 64.0
767 1022 20.0
1022 767 20.0
768 2965 50.0
2965 768 50.0
769 1924 150.0
1924 769 150.0
769 3253 52.0
3253 769 52.0
769 3121 58.0
3121 769 58.0
770 3457 124.0
3457 770 124.0
770 1235 112.0
1235 770 112.0
770 1447 18.0
1447 770 18.0
771 1750 82.0
1750 771 82.0
771 1328 48.0
1328 771 48.0
772 3671 146.0
3671 772 146.0
772 818 142.0
818 772 142.0
773 3424 8.0
3424 773 8.0
773 3524 10.0
3524 773 10.0
774 3562 94.0
3562 774 94.0
774 3480 96.0
3480 774 96.0
774 2989 72.0
2989 774 72.0
774 1288 48.0
1288 774 48.0
775 2574 112.0
2574 775 112.0
775 3165 140.0
3165 775 140.0
775 2706 60.0
2706 775 60.0
776 2691 40.0
2691 776 40.0
777 3169 20.0
3169 777 20.0
777 2239 50.0
2239 777 50.0
777 1712 8.0
1712 777 8.0
778 3547 34.0
3547 778 34.0
778 1730 96.0
1730 778 96.0
778 1685 12.0
1685 778 12.0
779 3127 34.0
3127 779 34.0
779 3339 4.0
3339 779 4.0
780 2201 64.0
2201 780 64.0
780 1531 4.0
1531 780 4.0
780 3080 64.0
3080 780 64.0
781 2712 124.0
2712 781 124.0
781 2931 46.0
2931 781 46.0
782 1637 42.0
1637 782 42.0
782 934 32.0
934 782 32.0
782 1587 30.0
1587 782 30.0
783 988 2.0
988 783 2.0
784 1569 102.0
1569 784 102.0
784 3576 42.0
3576 784 42.0
784 1823 12.0
1823 784 12.0
784 3418 24.0
3418 784 24.0
785 2994 104.0
2994 785 104.0
786 2855 88.0
2855 786 88.0
786 3544 44.0
3544 786 44.0
786 1100 66.0
1100 786 66.0
786 3250 20.0
3250 786 20.0
787 2681 18.0
2681 787 18.0
787 3519 32.0
3519 787 32.0
788 2842 80.0
2842 788 80.0
788 872 140.0
872 788 140.0
789 796 30.0
796 789 30.0
789 1065 34.0
1065 789 34.0
790 1924 58.0
1924 790 58.0
791 1485 70.0
1485 791 70.0
792 2330 90.0
2330 792 90.0
792 2786 60.0
2786 792 60.0
792 1319 4.0
1319 792 4.0
792 1060 52.0
1060 792 52.0
793 2590 88.0
2590 793 88.0
793 2128 86.0
2128 793 86.0
793 3700 24.0
3700 793 24.0
794 1586 16.0
1586 794 16.0
794 1054 40.0
1054 794 40.0
795 2693 28.0
2693 795 28.0
795 3106 24.0
3106 795 24.0
795 1058 4.0
1058 795 4.0
796 839 122.0
839 796 122.0
796 1386 34.0
1386 796 34.0
797 1193 6.0
1193 797 6.0
797 2705 96.0
2705 797 96.0
797 3271 40.0
3271 797 40.0
797 1874 6.0
1874 797 6.0
798 2569 58.0
2569 798 58.0
798 1989 48.0
1989 798 48.0
799 1959 138.0
1959 799 138.0
799 3232 162.0
3232 799 162.0
799 2202 20.0
2202 799 20.0
799 2866 88.0
2866 799 88.0
800 3607 36.0
3607 800 36.0
800 2151 20.0
2151 800 20.0
800 2621 24.0
2621 800 24.0
800 1001 58.0
1001 800 58.0
801 811 34.0
811 801 34.0
801 1537 24.0
1537 801 24.0
801 1354 74.0
1354 801 74.0
802 3071 82.0
3071 802 82.0
802 1083 66.0
1083 802 66.0
802 3636 18.0
3636 802 18.0
803 3125 86.0
3125 803 86.0
803 2486 56.0
2486 803 56.0
804 963 64.0
963 804 64.0
804 1367 42.0
1367 804 42.0
804 2247 82.0
2247 804 82.0
804 2818 116.0
2818 804 116.0
805 1460 82.0
1460 805 82.0
805 2494 36.0
2494 805 36.0
806 1671 2.0
1671 806 2.0
806 3538 40.0
3538 806 40.0
806 1304 20.0
1304 806 20.0
807 2792 50.0
2792 807 50.0
807 2007 48.0
2007 807 48.0
808 1239 184.0
1239 808 184.0
808 1721 134.0
1721 808 134.0
809 2382 80.0
2382 809 80.0
809 1834 102.0
1834 809 102.0
809 1358 20.0
1358 809 20.0
810 2429 16.0
2429 810 16.0
810 919 56.0
919 810 56.0
810 1592 20.0
1592 810 20.0
810 3238 124.0
3238 810 124.0
811 3418 12.0
3418 811 12.0
811 1823 24.0
1823 811 24.0
812 1630 2.0
1630 812 2.0
812 1000 74.0
1000 812 74.0
813 3635 2.0
3635 813 2.0
813 2301 60.0
2301 813 60.0
814 907 104.0
907 814 104.0
814 1424 140.0
1424 814 140.0
814 1400 6.0
1400 814 6.0
815 1932 110.0
1932 815 110.0
815 2599 16.0
2599 815 16.0
815 3074 58.0
3074 815 58.0
815 2515 100.0
2515 815 100.0
816 1997 40.0
1997 816 40.0
816 1848 4.0
1848 816 4.0
816 2501 58.0
2501 816 58.0
817 2252 76.0
2252 817 76.0
817 2860 36.0
2860 817 36.0
818 2615 146.0
2615 818 146.0
818 880 200.0
880 818 200.0
819 1288 72.0
1288 819 72.0
819 2989 48.0
2989 819 48.0
819 1465 32.0
1465 819 32.0
819 3572 42.0
3572 819 42.0
820 1330 22.0
1330 820 22.0
820 1937 48.0
1937 820 48.0
820 2357 98.0
2357 820 98.0
821 2378 48.0
2378 821 48.0
821 2165 47.0
2165 821 47.0
822 1876 8.0
1876 822 8.0
822 3340 2.0
3340 822 2.0
823 2647 36.0
2647 823 36.0
823 1184 16.0
1184 823 16.0
823 3309 24.0
3309 823 24.0
824 3329 88.0
3329 824 88.0
824 918 80.0
918 824 80.0
824 3291 44.0
3291 824 44.0
824 2025 106.0
2025 824 106.0
825 2079 66.0
2079 825 66.0
825 1899 60.0
1899 825 60.0
825 3518 18.0
3518 825 18.0
826 1826 42.0
1826 826 42.0
826 2082 14.0
2082 826 14.0
826 3066 26.0
3066 826 26.0
827 1470 116.0
1470 827 116.0
827 2981 78.0
2981 827 78.0
827 3140 48.0
3140 827 48.0
828 1512 66.0
1512 828 66.0
828 1025 4.0
1025 828 4.0
828 2397 48.0
2397 828 48.0
829 2867 94.0
2867 829 94.0
829 3511 100.0
3511 829 100.0
829 3239 32.0
3239 829 32.0
831 2335 26.0
2335 831 26.0
831 3373 40.0
3373 831 40.0
832 2286 122.0
2286 832 122.0
832 3613 130.0
3613 832 130.0
832 2457 94.0
2457 832 94.0
832 3614 70.0
3614 832 70.0
833 2154 102.0
2154 833 102.0
834 2889 12.0
2889 834 12.0
835 2624 36.0
2624 835 36.0
835 1307 96.0
1307 835 96.0
836 1016 45.0
1016 836 45.0
837 1413 22.0
1413 837 22.0
837 2374 46.0
2374 837 46.0
837 1045 108.0
1045 837 108.0
838 1949 4.0
1949 838 4.0
839 870 110.0
870 839 110.0
839 2656 34.0
2656 839 34.0
840 1947 2.0
1947 840 2.0
840 1493 26.0
1493 840 26.0
840 3292 104.0
3292 840 104.0
840 2438 74.0
2438 840 74.0
841 3298 72.0
3298 841 72.0
841 2140 82.0
2140 841 82.0
841 3698 94.0
3698 841 94.0
841 1967 4.0
1967 841 4.0
842 2945 24.0
2945 842 24.0
842 2312 32.0
2312 842 32.0
843 1941 22.0
1941 843 22.0
843 3696 24.0
3696 843 24.0
843 2768 70.0
2768 843 70.0
843 3618 44.0
3618 843 44.0
844 2474 50.0
2474 844 50.0
844 1723 184.0
1723 844 184.0
844 2816 66.0
2816 844 66.0
844 3255 134.0
3255 844 134.0
845 3475 52.0
3475 845 52.0
845 1890 64.0
1890 845 64.0
845 2164 28.0
2164 845 28.0
846 2200 36.0
2200 846 36.0
846 3642 24.0
3642 846 24.0
846 866 88.0
866 846 88.0
847 3371 4.0
3371 847 4.0
847 1950 150.0
1950 847 150.0
848 1693 30.0
1693 848 30.0
848 3428 126.0
3428 848 126.0
848 3125 44.0
3125 848 44.0
849 2942 50.0
2942 849 50.0
849 1123 4.0
1123 849 4.0
849 908 66.0
908 849 66.0
850 1078 24.0
1078 850 24.0
850 2795 8.0
2795 850 8.0
850 1565 94.0
1565 850 94.0
850 981 60.0
981 850 60.0
851 3273 34.0
3273 851 34.0
851 2791 88.0
2791 851 88.0
851 2142 34.0
2142 851 34.0
852 3506 64.0
3506 852 64.0
852 2141 30.0
2141 852 30.0
852 3281 30.0
3281 852 30.0
853 1190 114.0
1190 853 114.0
853 3389 2.0
3389 853 2.0
853 2578 78.0
2578 853 78.0
854 2289 4.0
2289 854 4.0
854 1697 30.0
1697 854 30.0
854 3225 22.0
3225 854 22.0
855 3485 66.0
3485 855 66.0
855 969 146.0
969 855 146.0
855 2496 46.0
2496 855 46.0
856 2978 112.0
2978 856 112.0
857 2417 18.0
2417 857 18.0
857 1413 108.0
1413 857 108.0
857 1045 22.0
1045 857 22.0
857 3674 12.0
3674 857 12.0
858 2220 30.0
2220 858 30.0
859 3240 6.0
3240 859 6.0
859 1884 4.0
1884 859 4.0
859 2711 14.0
2711 859 14.0
860 3251 42.0
3251 860 42.0
860 2839 68.0
2839 860 68.0
861 3402 88.0
3402 861 88.0
861 1311 74.0
1311 861 74.0
861 2552 14.0
2552 861 14.0
861 2871 48.0
2871 861 48.0
862 2170 44.0
2170 862 44.0
862 2265 112.0
2265 862 112.0
862 2736 84.0
2736 862 84.0
862 1357 30.0
1357 862 30.0
863 2382 102.0
2382 863 102.0
863 1834 80.0
1834 863 80.0
864 3128 36.0
3128 864 36.0
865 3101 71.0
3101 865 71.0
865 883 4.0
883 865 4.0
865 925 20.0
925 865 20.0
866 1272 36.0
1272 866 36.0
867 1324 30.0
1324 867 30.0
867 2531 46.0
2531 867 46.0
867 1940 46.0
1940 867 46.0
867 3212 2.0
3212 867 2.0
868 1927 34.0
1927 868 34.0
868 2593 58.0
2593 868 58.0
868 1267 38.0
1267 868 38.0
868 2419 4.0
2419 868 4.0
869 1070 24.0
1070 869 24.0
869 1935 30.0
1935 869 30.0
870 906 98.0
906 870 98.0
871 2133 2.0
2133 871 2.0
871 1085 96.0
1085 871 96.0
871 1992 26.0
1992 871 26.0
872 3223 80.0
3223 872 80.0
872 2195 132.0
2195 872 132.0
872 3567 80.0
3567 872 80.0
873 940 14.0
940 873 14.0
873 3329 44.0
3329 873 44.0
873 1508 106.0
1508 873 106.0
874 2805 12.0
2805 874 12.0
874 1756 8.0
1756 874 8.0
874 2616 12.0
2616 874 12.0
875 2702 12.0
2702 875 12.0
875 1929 114.0
1929 875 114.0
875 3711 70.0
3711 875 70.0
876 2356 100.0
2356 876 100.0
876 2612 24.0
2612 876 24.0
876 3039 72.0
3039 876 72.0
877 2359 52.0
2359 877 52.0
877 2164 46.0
2164 877 46.0
877 3337 64.0
3337 877 64.0
878 2055 22.0
2055 878 22.0
878 1994 8.0
1994 878 8.0
878 940 80.0
940 878 80.0
879 3478 82.0
3478 879 82.0
879 3197 4.0
3197 879 4.0
879 1995 22.0
1995 879 22.0
880 885 10.0
885 880 10.0
881 1211 66.0
1211 881 66.0
881 1511 12.0
1511 881 12.0
881 2354 140.0
2354 881 140.0
882 3247 22.0
3247 882 22.0
882 2337 62.0
2337 882 62.0
883 1113 114.0
1113 883 114.0
883 3007 66.0
3007 883 66.0
883 915 20.0
915 883 20.0
884 2198 94.0
2198 884 94.0
884 1484 20.0
1484 884 20.0
885 939 146.0
939 885 146.0
885 949 200.0
949 885 200.0
886 3664 30.0
3664 886 30.0
887 2599 58.0
2599 887 58.0
887 1579 134.0
1579 887 134.0
887 982 40.0
982 887 40.0
887 3074 16.0
3074 887 16.0
888 2389 4.0
2389 888 4.0
888 2799 126.0
2799 888 126.0
888 2076 116.0
2076 888 116.0
888 1697 26.0
1697 888 26.0
889 1204 46.0
1204 889 46.0
889 1458 26.0
1458 889 26.0
890 1539 42.0
1539 890 42.0
890 3349 8.0
3349 890 8.0
890 1359 108.0
1359 890 108.0
891 3686 4.0
3686 891 4.0
891 1887 30.0
1887 891 30.0
891 1477 52.0
1477 891 52.0
891 2697 20.0
2697 891 20.0
892 1904 92.0
1904 892 92.0
892 3118 4.0
3118 892 4.0
893 2090 58.0
2090 893 58.0
893 1277 48.0
1277 893 48.0
893 1957 30.0
1957 893 30.0
893 1503 42.0
1503 893 42.0
894 1454 140.0
1454 894 140.0
895 1819 56.0
1819 895 56.0
895 3181 28.0
3181 895 28.0
895 2686 36.0
2686 895 36.0
896 3049 54.0
3049 896 54.0
896 1282 46.0
1282 896 46.0
897 1245 6.0
1245 897 6.0
897 3280 14.0
3280 897 14.0
897 3596 40.0
3596 897 40.0
898 2319 4.0
2319 898 4.0
899 2588 86.0
2588 899 86.0
899 2857 32.0
2857 899 32.0
899 1746 146.0
1746 899 146.0
900 1505 98.0
1505 900 98.0
900 3456 24.0
3456 900 24.0
900 3203 56.0
3203 900 56.0
900 1589 34.0
1589 900 34.0
901 1989 58.0
1989 901 58.0
901 2569 48.0
2569 901 48.0
901 2338 12.0
2338 901 12.0
902 3313 162.0
3313 902 162.0
902 3490 142.0
3490 902 142.0
902 3622 150.0
3622 902 150.0
903 2743 184.0
2743 903 184.0
903 3032 136.0
3032 903 136.0
904 3572 32.0
3572 904 32.0
904 1465 42.0
1465 904 42.0
904 1953 32.0
1953 904 32.0
904 1394 4.0
1394 904 4.0
905 1197 102.0
1197 905 102.0
905 2780 44.0
2780 905 44.0
905 1560 24.0
1560 905 24.0
906 916 34.0
916 906 34.0
906 1210 34.0
1210 906 34.0
907 2706 138.0
2706 907 138.0
907 2235 140.0
2235 907 140.0
907 1769 80.0
1769 907 80.0
908 1096 4.0
1096 908 4.0
908 3314 194.0
3314 908 194.0
909 2328 12.0
2328 909 12.0
909 1926 34.0
1926 909 34.0
910 2544 76.0
2544 910 76.0
910 3497 86.0
3497 910 86.0
910 3704 10.0
3704 910 10.0
911 3153 30.0
3153 911 30.0
911 3629 4.0
3629 911 4.0
911 2911 46.0
2911 911 46.0
911 2531 150.0
2531 911 150.0
912 2562 90.0
2562 912 90.0
912 2672 46.0
2672 912 46.0
912 921 4.0
921 912 4.0
913 3022 22.0
3022 913 22.0
913 3362 136.0
3362 913 136.0
913 2591 98.0
2591 913 98.0
913 2217 24.0
2217 913 24.0
914 2239 92.0
2239 914 92.0
914 1316 90.0
1316 914 90.0
914 2157 8.0
2157 914 8.0
915 2089 38.0
2089 915 38.0
915 925 4.0
925 915 4.0
916 926 38.0
926 916 38.0
916 1564 34.0
1564 916 34.0
917 2489 26.0
2489 917 26.0
917 2956 68.0
2956 917 68.0
917 2080 42.0
2080 917 42.0
917 2789 6.0
2789 917 6.0
918 1889 88.0
1889 918 88.0
918 1691 8.0
1691 918 8.0
918 2300 44.0
2300 918 44.0
919 2289 22.0
2289 919 22.0
919 3225 4.0
3225 919 4.0
920 2532 8.0
2532 920 8.0
920 2692 60.0
2692 920 60.0
920 3018 108.0
3018 920 108.0
921 2626 46.0
2626 921 46.0
921 1042 52.0
1042 921 52.0
922 1755 36.0
1755 922 36.0
922 2139 20.0
2139 922 20.0
923 2030 28.0
2030 923 28.0
923 3509 28.0
3509 923 28.0
924 3331 40.0
3331 924 40.0
924 2755 112.0
2755 924 112.0
924 1824 4.0
1824 924 4.0
925 2999 106.0
2999 925 106.0
926 928 6.0
928 926 6.0
926 1978 34.0
1978 926 34.0
927 2217 98.0
2217 927 98.0
927 2591 24.0
2591 927 24.0
927 1449 36.0
1449 927 36.0
927 1562 44.0
1562 927 44.0
928 980 138.0
980 928 138.0
928 2039 34.0
2039 928 34.0
929 3260 86.0
3260 929 86.0
929 964 142.0
964 929 142.0
930 1704 102.0
1704 930 102.0
930 1306 32.0
1306 930 32.0
930 3086 124.0
3086 930 124.0
930 2086 122.0
2086 930 122.0
931 1805 2.0
1805 931 2.0
931 1732 40.0
1732 931 40.0
931 2969 128.0
2969 931 128.0
932 960 70.0
960 932 70.0
932 2197 48.0
2197 932 48.0
932 1791 66.0
1791 932 66.0
933 1841 34.0
1841 933 34.0
933 2659 88.0
2659 933 88.0
933 993 6.0
993 933 6.0
934 2177 42.0
2177 934 42.0
934 2213 82.0
2213 934 82.0
935 1417 38.0
1417 935 38.0
935 3553 102.0
3553 935 102.0
935 1121 34.0
1121 935 34.0
936 3476 88.0
3476 936 88.0
936 2797 20.0
2797 936 20.0
936 3354 44.0
3354 936 44.0
936 2051 186.0
2051 936 186.0
937 2071 76.0
2071 937 76.0
937 3608 4.0
3608 937 4.0
938 2154 136.0
2154 938 136.0
939 2343 66.0
2343 939 66.0
939 2496 200.0
2496 939 200.0
940 1575 22.0
1575 940 22.0
940 1122 106.0
1122 940 106.0
941 3112 102.0
3112 941 102.0
941 1236 52.0
1236 941 52.0
942 3621 28.0
3621 942 28.0
942 1057 68.0
1057 942 68.0
942 3542 82.0
3542 942 82.0
943 1516 40.0
1516 943 40.0
943 1684 46.0
1684 943 46.0
943 3216 40.0
3216 943 40.0
944 3004 12.0
3004 944 12.0
944 1327 24.0
1327 944 24.0
944 989 108.0
989 944 108.0
944 2477 20.0
2477 944 20.0
945 2978 52.0
2978 945 52.0
946 1781 156.0
1781 946 156.0
946 1893 42.0
1893 946 42.0
946 2271 76.0
2271 946 76.0
947 3377 54.0
3377 947 54.0
947 1133 2.0
1133 947 2.0
947 2144 16.0
2144 947 16.0
948 1113 4.0
1113 948 4.0
948 3101 43.0
3101 948 43.0
949 2496 146.0
2496 949 146.0
949 969 46.0
969 949 46.0
950 1946 92.0
1946 950 92.0
950 1630 82.0
1630 950 82.0
950 2280 26.0
2280 950 26.0
951 1233 150.0
1233 951 150.0
951 2640 60.0
2640 951 60.0
952 2984 44.0
2984 952 44.0
952 3278 42.0
3278 952 42.0
952 3447 26.0
3447 952 26.0
953 2373 34.0
2373 953 34.0
953 2458 14.0
2458 953 14.0
953 2126 58.0
2126 953 58.0
954 3129 4.0
3129 954 4.0
954 2491 4.0
2491 954 4.0
954 2210 118.0
2210 954 118.0
955 2240 120.0
2240 955 120.0
955 2696 124.0
2696 955 124.0
956 1591 40.0
1591 956 40.0
956 1258 74.0
1258 956 74.0
956 1427 30.0
1427 956 30.0
956 2806 60.0
2806 956 60.0
957 3073 158.0
3073 957 158.0
957 2263 102.0
2263 957 102.0
957 3010 130.0
3010 957 130.0
957 2841 130.0
2841 957 130.0
959 2680 14.0
2680 959 14.0
959 1092 14.0
1092 959 14.0
959 2145 16.0
2145 959 16.0
959 2194 40.0
2194 959 40.0
960 3249 48.0
3249 960 48.0
960 3134 42.0
3134 960 42.0
961 2896 104.0
2896 961 104.0
961 3665 58.0
3665 961 58.0
961 2564 20.0
2564 961 20.0
962 2245 70.0
2245 962 70.0
962 1029 66.0
1029 962 66.0
962 1176 10.0
1176 962 10.0
963 2327 42.0
2327 963 42.0
964 2456 46.0
2456 964 46.0
964 3302 86.0
3302 964 86.0
965 2743 136.0
2743 965 136.0
965 1801 150.0
1801 965 150.0
965 3032 184.0
3032 965 184.0
966 2817 42.0
2817 966 42.0
966 3025 4.0
3025 966 4.0
966 1031 58.0
1031 966 58.0
966 3558 38.0
3558 966 38.0
967 1724 12.0
1724 967 12.0
967 2000 44.0
2000 967 44.0
968 2152 6.0
2152 968 6.0
968 3541 4.0
3541 968 4.0
969 997 76.0
997 969 76.0
970 2445 24.0
2445 970 24.0
970 2017 50.0
2017 970 50.0
970 2900 128.0
2900 970 128.0
971 3683 56.0
3683 971 56.0
971 2876 4.0
2876 971 4.0
971 1683 54.0
1683 971 54.0
972 1795 100.0
1795 972 100.0
972 1333 158.0
1333 972 158.0
972 3082 32.0
3082 972 32.0
973 2176 62.0
2176 973 62.0
973 3201 108.0
3201 973 108.0
973 2895 78.0
2895 973 78.0
973 3183 12.0
3183 973 12.0
974 2302 156.0
2302 974 156.0
974 1410 124.0
1410 974 124.0
974 2412 76.0
2412 974 76.0
975 1418 120.0
1418 975 120.0
975 2711 70.0
2711 975 70.0
975 1670 16.0
1670 975 16.0
975 1514 8.0
1514 975 8.0
976 1913 106.0
1913 976 106.0
976 2974 56.0
2974 976 56.0
976 2067 60.0
2067 976 60.0
977 1072 42.0
1072 977 42.0
977 3404 8.0
3404 977 8.0
978 3270 44.0
3270 978 44.0
978 1224 30.0
1224 978 30.0
978 3595 98.0
3595 978 98.0
979 2206 25.0
2206 979 25.0
979 2449 27.0
2449 979 27.0
980 1021 128.0
1021 980 128.0
980 3484 34.0
3484 980 34.0
981 3380 94.0
3380 981 94.0
981 2136 86.0
2136 981 86.0
982 3709 134.0
3709 982 134.0
982 1305 160.0
1305 982 160.0
982 3344 16.0
3344 982 16.0
983 1950 18.0
1950 983 18.0
983 1169 46.0
1169 983 46.0
984 2156 102.0
2156 984 102.0
984 1491 102.0
1491 984 102.0
984 3067 32.0
3067 984 32.0
985 2854 58.0
2854 985 58.0
985 3322 56.0
3322 985 56.0
985 2121 24.0
2121 985 24.0
986 1011 72.0
1011 986 72.0
986 1077 158.0
1077 986 158.0
987 1110 40.0
1110 987 40.0
987 1346 40.0
1346 987 40.0
987 3075 98.0
3075 987 98.0
987 1713 66.0
1713 987 66.0
988 2642 18.0
2642 988 18.0
989 2121 98.0
2121 989 98.0
989 3177 20.0
3177 989 20.0
990 2453 36.0
2453 990 36.0
990 3433 20.0
3433 990 20.0
990 2139 42.0
2139 990 42.0
991 2029 122.0
2029 991 122.0
991 1362 102.0
1362 991 102.0
992 3029 4.0
3029 992 4.0
992 1423 2.0
1423 992 2.0
992 3505 24.0
3505 992 24.0
993 1827 34.0
1827 993 34.0
993 2670 58.0
2670 993 58.0
994 1349 12.0
1349 994 12.0
994 3368 44.0
3368 994 44.0
994 2093 32.0
2093 994 32.0
995 1525 62.0
1525 995 62.0
995 2465 22.0
2465 995 22.0
995 2800 78.0
2800 995 78.0
995 2460 18.0
2460 995 18.0
996 2365 88.0
2365 996 88.0
996 2238 20.0
2238 996 20.0
996 1838 66.0
1838 996 66.0
996 1361 142.0
1361 996 142.0
997 1006 34.0
1006 997 34.0
998 3178 72.0
3178 998 72.0
998 2324 34.0
2324 998 34.0
999 3397 30.0
3397 999 30.0
999 3273 36.0
3273 999 36.0
1000 2290 94.0
2290 1000 94.0
1000 2770 42.0
2770 1000 42.0
1000 2228 82.0
2228 1000 82.0
1001 3164 36.0
3164 1001 36.0
1001 3261 24.0
3261 1001 24.0
1001 1184 14.0
1184 1001 14.0
1002 2201 60.0
2201 1002 60.0
1002 2631 28.0
2631 1002 28.0
1003 2469 124.0
2469 1003 124.0
1003 3352 14.0
3352 1003 14.0
1003 2752 46.0
2752 1003 46.0
1004 2951 58.0
2951 1004 58.0
1004 1852 40.0
1852 1004 40.0
1005 1982 90.0
1982 1005 90.0
1005 3005 60.0
3005 1005 60.0
1005 1887 4.0
1887 1005 4.0
1005 3686 30.0
3686 1005 30.0
1006 2101 146.0
2101 1006 146.0
1006 1044 104.0
1044 1006 104.0
1007 3474 54.0
3474 1007 54.0
1007 2863 54.0
2863 1007 54.0
1007 1118 60.0
1118 1007 60.0
1007 1192 66.0
1192 1007 66.0
1008 1083 124.0
1083 1008 124.0
1008 3267 22.0
3267 1008 22.0
1008 1186 18.0
1186 1008 18.0
1009 3149 43.0
3149 1009 43.0
1009 3269 60.0
3269 1009 60.0
1010 2873 24.0
2873 1010 24.0
1010 1463 110.0
1463 1010 110.0
1010 3408 32.0
3408 1010 32.0
1011 1639 14.0
1639 1011 14.0
1011 1331 158.0
1331 1011 158.0
1012 1110 66.0
1110 1012 66.0
1012 1713 40.0
1713 1012 40.0
1012 3172 46.0
3172 1012 46.0
1013 2195 66.0
2195 1013 66.0
1013 3573 140.0
3573 1013 140.0
1013 1183 146.0
1183 1013 146.0
1013 1135 80.0
1135 1013 80.0
1014 2903 82.0
2903 1014 82.0
1014 1706 76.0
1706 1014 76.0
1015 1058 56.0
1058 1015 56.0
1015 2169 38.0
2169 1015 38.0
1015 2873 98.0
2873 1015 98.0
1016 3539 20.0
3539 1016 20.0
1016 3516 86.0
3516 1016 86.0
1016 1204 26.0
1204 1016 26.0
1017 1758 106.0
1758 1017 106.0
1017 1894 102.0
1894 1017 102.0
1017 3073 66.0
3073 1017 66.0
1017 1439 130.0
1439 1017 130.0
1018 3362 98.0
3362 1018 98.0
1018 1662 168.0
1662 1018 168.0
1018 3446 36.0
3446 1018 36.0
1018 2591 136.0
2591 1018 136.0
1019 1795 158.0
1795 1019 158.0
1019 2869 16.0
2869 1019 16.0
1019 1333 100.0
1333 1019 100.0
1020 2751 58.0
2751 1020 58.0
1020 3617 80.0
3617 1020 80.0
1020 1242 106.0
1242 1020 106.0
1020 1293 20.0
1293 1020 20.0
1021 1068 156.0
1068 1021 156.0
1021 1181 34.0
1181 1021 34.0
1022 2160 68.0
2160 1022 68.0
1022 2123 64.0
2123 1022 64.0
1023 1621 58.0
1621 1023 58.0
1023 2009 32.0
2009 1023 32.0
1024 1886 32.0
1886 1024 32.0
1024 2624 66.0
2624 1024 66.0
1024 2197 96.0
2197 1024 96.0
1025 1796 66.0
1796 1025 66.0
1025 3694 60.0
3694 1025 60.0
1026 1631 56.0
1631 1026 56.0
1026 3385 20.0
3385 1026 20.0
1027 3619 20.0
3619 1027 20.0
1027 3514 54.0
3514 1027 54.0
1027 1747 80.0
1747 1027 80.0
1028 2337 72.0
2337 1028 72.0
1028 2746 34.0
2746 1028 34.0
1028 2159 38.0
2159 1028 38.0
1029 3211 56.0
3211 1029 56.0
1029 3461 114.0
3461 1029 114.0
1029 1435 10.0
1435 1029 10.0
1030 3023 28.0
3023 1030 28.0
1030 1706 36.0
1706 1030 36.0
1030 3546 68.0
3546 1030 68.0
1031 3014 4.0
3014 1031 4.0
1031 2332 30.0
2332 1031 30.0
1032 1336 2.0
1336 1032 2.0
1032 3435 30.0
3435 1032 30.0
1033 2038 122.0
2038 1033 122.0
1033 3511 94.0
3511 1033 94.0
1033 2867 100.0
2867 1033 100.0
1034 2099 124.0
2099 1034 124.0
1034 3627 112.0
3627 1034 112.0
1034 2636 88.0
2636 1034 88.0
1035 3376 58.0
3376 1035 58.0
1035 3703 106.0
3703 1035 106.0
1035 1578 40.0
1578 1035 40.0
1036 1258 30.0
1258 1036 30.0
1036 1575 106.0
1575 1036 106.0
1036 1122 22.0
1122 1036 22.0
1036 1427 74.0
1427 1036 74.0
1037 2460 78.0
2460 1037 78.0
1037 2800 18.0
2800 1037 18.0
1037 3639 2.0
3639 1037 2.0
1037 2556 34.0
2556 1037 34.0
1038 1916 96.0
1916 1038 96.0
1038 3610 4.0
3610 1038 4.0
1038 2253 12.0
2253 1038 12.0
1039 2561 94.0
2561 1039 94.0
1039 2507 42.0
2507 1039 42.0
1039 2953 60.0
2953 1039 60.0
1039 3244 62.0
3244 1039 62.0
1040 2679 56.0
2679 1040 56.0
1040 1793 58.0
1793 1040 58.0
1040 3600 20.0
3600 1040 20.0
1040 1474 26.0
1474 1040 26.0
1041 1567 24.0
1567 1041 24.0
1042 2031 46.0
2031 1042 46.0
1042 1107 36.0
1107 1042 36.0
1043 3535 22.0
3535 1043 22.0
1043 1739 34.0
1739 1043 34.0
1043 2022 112.0
2022 1043 112.0
1044 3050 146.0
3050 1044 146.0
1044 1061 58.0
1061 1044 58.0
1046 2295 58.0
2295 1046 58.0
1046 3684 76.0
3684 1046 76.0
1046 1419 106.0
1419 1046 106.0
1046 2546 112.0
2546 1046 112.0
1047 1985 132.0
1985 1047 132.0
1047 3245 34.0
3245 1047 34.0
1047 3485 76.0
3485 1047 76.0
1048 2576 4.0
2576 1048 4.0
1048 1806 96.0
1806 1048 96.0
1048 1642 8.0
1642 1048 8.0
1048 3592 68.0
3592 1048 68.0
1049 2957 4.0
2957 1049 4.0
1049 3141 24.0
3141 1049 24.0
1049 1481 84.0
1481 1049 84.0
1050 2141 40.0
2141 1050 40.0
1051 3486 14.0
3486 1051 14.0
1051 2541 24.0
2541 1051 24.0
1051 2779 60.0
2779 1051 60.0
1052 2495 58.0
2495 1052 58.0
1052 2348 82.0
2348 1052 82.0
1052 1260 12.0
1260 1052 12.0
1052 2503 4.0
2503 1052 4.0
1053 2349 184.0
2349 1053 184.0
1053 1301 134.0
1301 1053 134.0
1054 2014 16.0
2014 1054 16.0
1055 2185 34.0
2185 1055 34.0
1055 2707 8.0
2707 1055 8.0
1055 3009 44.0
3009 1055 44.0
1056 1902 60.0
1902 1056 60.0
1056 2344 42.0
2344 1056 42.0
1056 3541 6.0
3541 1056 6.0
1056 2152 4.0
2152 1056 4.0
1057 2675 72.0
2675 1057 72.0
1058 1261 98.0
1261 1058 98.0
1059 1940 60.0
1940 1059 60.0
1059 1240 46.0
1240 1059 46.0
1059 3429 2.0
3429 1059 2.0
1060 1150 90.0
1150 1060 90.0
1060 1628 4.0
1628 1060 4.0
1060 2497 8.0
2497 1060 8.0
1061 1958 146.0
1958 1061 146.0
1061 1079 66.0
1079 1061 66.0
1062 1589 126.0
1589 1062 126.0
1062 2389 56.0
2389 1062 56.0
1062 1356 26.0
1356 1062 26.0
1063 3224 36.0
3224 1063 36.0
1063 2663 66.0
2663 1063 66.0
1063 2568 36.0
2568 1063 36.0
1063 1582 38.0
1582 1063 38.0
1064 3238 20.0
3238 1064 20.0
1064 1592 124.0
1592 1064 124.0
1064 1082 66.0
1082 1064 66.0
1065 1386 30.0
1386 1065 30.0
1065 1951 30.0
1951 1065 30.0
1065 3028 162.0
3028 1065 162.0
1066 3413 42.0
3413 1066 42.0
1066 3539 62.0
3539 1066 62.0
1067 1648 20.0
1648 1067 20.0
1067 2508 4.0
2508 1067 4.0
1067 3327 24.0
3327 1067 24.0
1068 1121 170.0
1121 1068 170.0
1068 2812 34.0
2812 1068 34.0
1069 2912 88.0
2912 1069 88.0
1069 1540 200.0
1540 1069 200.0
1069 1714 98.0
1714 1069 98.0
1069 2878 10.0
2878 1069 10.0
1070 1698 122.0
1698 1070 122.0
1070 3332 136.0
3332 1070 136.0
1070 1906 30.0
1906 1070 30.0
1072 3649 58.0
3649 1072 58.0
1073 2886 102.0
2886 1073 102.0
1073 3662 8.0
3662 1073 8.0
1073 2383 60.0
2383 1073 60.0
1073 3710 60.0
3710 1073 60.0
1074 1614 14.0
1614 1074 14.0
1074 2018 44.0
2018 1074 44.0
1074 2102 20.0
2102 1074 20.0
1075 2169 72.0
2169 1075 72.0
1075 1988 76.0
1988 1075 76.0
1076 2344 6.0
2344 1076 6.0
1076 3598 130.0
3598 1076 130.0
1076 3541 42.0
3541 1076 42.0
1077 1331 72.0
1331 1077 72.0
1077 3706 46.0
3706 1077 46.0
1078 3243 36.0
3243 1078 36.0
1078 3088 8.0
3088 1078 8.0
1079 1216 146.0
1216 1079 146.0
1079 1101 88.0
1101 1079 88.0
1080 2317 14.0
2317 1080 14.0
1080 3476 44.0
3476 1080 44.0
1081 2971 44.0
2971 1081 44.0
1081 2855 124.0
2855 1081 124.0
1081 2225 20.0
2225 1081 20.0
1082 2838 20.0
2838 1082 20.0
1082 1921 24.0
1921 1082 24.0
1082 3318 32.0
3318 1082 32.0
1085 3666 26.0
3666 1085 26.0
1086 1814 34.0
1814 1086 34.0
1086 1985 80.0
1985 1086 80.0
1086 2345 76.0
2345 1086 76.0
1087 2225 124.0
2225 1087 124.0
1087 2855 20.0
2855 1087 20.0
1087 3250 88.0
3250 1087 88.0
1088 1300 130.0
1300 1088 130.0
1088 2785 102.0
2785 1088 102.0
1089 1554 8.0
1554 1089 8.0
1089 2250 128.0
2250 1089 128.0
1089 1181 30.0
1181 1089 30.0
1090 1451 60.0
1451 1090 60.0
1090 2070 20.0
2070 1090 20.0
1090 2865 24.0
2865 1090 24.0
1091 3124 22.0
3124 1091 22.0
1091 2924 54.0
2924 1091 54.0
1091 3456 98.0
3456 1091 98.0
1091 1505 24.0
1505 1091 24.0
1092 2871 14.0
2871 1092 14.0
1092 2552 48.0
2552 1092 48.0
1093 2970 42.0
2970 1093 42.0
1093 2734 72.0
2734 1093 72.0
1094 1454 88.0
1454 1094 88.0
1094 1541 136.0
1541 1094 136.0
1094 3012 80.0
3012 1094 80.0
1095 1197 24.0
1197 1095 24.0
1095 1560 102.0
1560 1095 102.0
1095 1607 102.0
1607 1095 102.0
1096 1123 66.0
1123 1096 66.0
1096 2024 186.0
2024 1096 186.0
1097 1344 58.0
1344 1097 58.0
1097 2037 36.0
2037 1097 36.0
1098 3522 66.0
3522 1098 66.0
1098 2446 32.0
2446 1098 32.0
1098 1680 12.0
1680 1098 12.0
1098 1475 122.0
1475 1098 122.0
1099 3542 72.0
3542 1099 72.0
1099 2495 10.0
2495 1099 10.0
1099 2475 4.0
2475 1099 4.0
1100 2968 44.0
2968 1100 44.0
1100 1161 12.0
1161 1100 12.0
1101 1457 146.0
1457 1101 146.0
1101 1154 158.0
1154 1101 158.0
1102 1692 36.0
1692 1102 36.0
1102 2252 58.0
2252 1102 58.0
1103 2175 18.0
2175 1103 18.0
1103 2116 58.0
2116 1103 58.0
1103 1900 14.0
1900 1103 14.0
1104 3340 10.0
3340 1104 10.0
1104 1649 24.0
1649 1104 24.0
1105 3564 70.0
3564 1105 70.0
1105 1329 26.0
1329 1105 26.0
1105 3521 66.0
3521 1105 66.0
1106 2866 20.0
2866 1106 20.0
1106 2202 88.0
2202 1106 88.0
1106 2651 24.0
2651 1106 24.0
1107 1603 46.0
1603 1107 46.0
1107 1164 24.0
1164 1107 24.0
1107 2499 200.0
2499 1107 200.0
1108 1342 40.0
1342 1108 40.0
1108 1320 72.0
1320 1108 72.0
1109 3650 88.0
3650 1109 88.0
1109 2317 22.0
2317 1109 22.0
1110 1962 40.0
1962 1110 40.0
1111 3534 86.0
3534 1111 86.0
1111 2063 6.0
2063 1111 6.0
1112 2876 4.0
2876 1112 4.0
1112 1943 54.0
1943 1112 54.0
1114 1847 66.0
1847 1114 66.0
1115 3009 8.0
3009 1115 8.0
1115 2707 44.0
2707 1115 44.0
1115 1963 12.0
1963 1115 12.0
1116 3131 14.0
3131 1116 14.0
1116 1983 14.0
1983 1116 14.0
1116 1469 60.0
1469 1116 60.0
1116 3297 16.0
3297 1116 16.0
1117 2318 56.0
2318 1117 56.0
1117 2053 38.0
2053 1117 38.0
1117 3103 110.0
3103 1117 110.0
1118 1998 54.0
1998 1118 54.0
1118 1426 32.0
1426 1118 32.0
1118 2487 66.0
2487 1118 66.0
1119 1925 52.0
1925 1119 52.0
1119 2405 22.0
2405 1119 22.0
1119 1504 68.0
1504 1119 68.0
1120 2650 18.0
2650 1120 18.0
1120 2880 40.0
2880 1120 40.0
1120 3256 18.0
3256 1120 18.0
1122 1508 14.0
1508 1122 14.0
1122 2004 74.0
2004 1122 74.0
1123 3268 50.0
3268 1123 50.0
1123 2096 186.0
2096 1123 186.0
1124 2524 56.0
2524 1124 56.0
1124 3475 26.0
3475 1124 26.0
1124 1794 28.0
1794 1124 28.0
1125 1647 22.0
1647 1125 22.0
1125 2714 74.0
2714 1125 74.0
1125 1369 92.0
1369 1125 92.0
1126 3446 44.0
3446 1126 44.0
1126 1357 168.0
1357 1126 168.0
1126 2336 136.0
2336 1126 136.0
1127 2109 6.0
2109 1127 6.0
1127 3224 40.0
3224 1127 40.0
1128 1853 116.0
1853 1128 116.0
1129 2004 60.0
2004 1129 60.0
1129 2091 14.0
2091 1129 14.0
1130 2853 66.0
2853 1130 66.0
1131 3496 4.0
3496 1131 4.0
1131 3041 46.0
3041 1131 46.0
1132 3327 4.0
3327 1132 4.0
1132 2508 24.0
2508 1132 24.0
1133 3595 54.0
3595 1133 54.0
1133 3531 72.0
3531 1133 72.0
1133 2304 16.0
2304 1133 16.0
1134 3191 14.0
3191 1134 14.0
1134 1483 58.0
1483 1134 58.0
1134 2928 52.0
2928 1134 52.0
1134 2946 14.0
2946 1134 14.0
1135 1154 146.0
1154 1135 146.0
1135 1457 158.0
1457 1135 158.0
1136 2940 22.0
2940 1136 22.0
1136 1568 30.0
1568 1136 30.0
1136 2634 14.0
2634 1136 14.0
1137 2628 42.0
2628 1137 42.0
1138 3492 20.0
3492 1138 20.0
1139 2609 140.0
2609 1139 140.0
1139 3524 2.0
3524 1139 2.0
1140 3194 10.0
3194 1140 10.0
1140 2712 28.0
2712 1140 28.0
1141 1309 184.0
1309 1141 184.0
1141 1960 122.0
1960 1141 122.0
1141 1907 134.0
1907 1141 134.0
1142 1977 78.0
1977 1142 78.0
1142 2588 30.0
2588 1142 30.0
1143 2843 136.0
2843 1143 136.0
1143 2612 100.0
2612 1143 100.0
1143 2356 24.0
2356 1143 24.0
1144 2227 38.0
2227 1144 38.0
1144 3501 12.0
3501 1144 12.0
1144 1904 150.0
1904 1144 150.0
1145 3145 46.0
3145 1145 46.0
1145 2064 60.0
2064 1145 60.0
1146 2137 12.0
2137 1146 12.0
1146 1446 26.0
1446 1146 26.0
1147 2571 18.0
2571 1147 18.0
1147 3460 6.0
3460 1147 6.0
1147 1287 90.0
1287 1147 90.0
1148 1496 62.0
1496 1148 62.0
1148 3660 58.0
3660 1148 58.0
1149 3579 36.0
3579 1149 36.0
1149 2533 24.0
2533 1149 24.0
1149 2810 84.0
2810 1149 84.0
1150 3662 60.0
3662 1150 60.0
1150 2330 52.0
2330 1150 52.0
1150 2383 8.0
2383 1150 8.0
1151 2303 38.0
2303 1151 38.0
1151 3275 44.0
3275 1151 44.0
1152 1824 8.0
1824 1152 8.0
1152 3190 102.0
3190 1152 102.0
1152 1390 88.0
1390 1152 88.0
1153 1335 40.0
1335 1153 40.0
1153 2314 146.0
2314 1153 146.0
1154 1183 80.0
1183 1154 80.0
1155 3411 14.0
3411 1155 14.0
1156 1354 20.0
1354 1156 20.0
1156 3114 34.0
3114 1156 34.0
1157 1352 14.0
1352 1157 14.0
1157 3176 52.0
3176 1157 52.0
1158 2225 102.0
2225 1158 102.0
1158 3523 172.0
3523 1158 172.0
1159 3033 100.0
3033 1159 100.0
1160 3100 28.0
3100 1160 28.0
1160 3542 4.0
3542 1160 4.0
1160 2475 72.0
2475 1160 72.0
1160 3643 2.0
3643 1160 2.0
1161 2846 44.0
2846 1161 44.0
1161 1687 114.0
1687 1161 114.0
1162 2253 4.0
2253 1162 4.0
1162 3610 12.0
3610 1162 12.0
1162 2885 34.0
2885 1162 34.0
1163 2213 36.0
2213 1163 36.0
1163 2479 46.0
2479 1163 46.0
1164 1313 46.0
1313 1164 46.0
1164 3195 94.0
3195 1164 94.0
1165 2997 44.0
2997 1165 44.0
1165 3184 56.0
3184 1165 56.0
1165 1709 62.0
1709 1165 62.0
1166 1567 6.0
1567 1166 6.0
1166 2274 38.0
2274 1166 38.0
1166 1785 102.0
1785 1166 102.0
1167 2384 84.0
2384 1167 84.0
1167 2983 34.0
2983 1167 34.0
1167 2394 24.0
2394 1167 24.0
1167 1638 52.0
1638 1167 52.0
1168 1322 2.0
1322 1168 2.0
1168 3489 102.0
3489 1168 102.0
1169 2375 18.0
2375 1169 18.0
1169 3574 2.0
3574 1169 2.0
1170 3473 58.0
3473 1170 58.0
1170 2437 10.0
2437 1170 10.0
1170 3143 30.0
3143 1170 30.0
1171 2306 12.0
2306 1171 12.0
1172 2394 12.0
2394 1172 12.0
1172 2594 34.0
2594 1172 34.0
1172 2787 86.0
2787 1172 86.0
1173 3089 60.0
3089 1173 60.0
1173 2262 52.0
2262 1173 52.0
1173 3081 86.0
3081 1173 86.0
1174 1397 86.0
1397 1174 86.0
1174 2356 70.0
2356 1174 70.0
1174 3288 72.0
3288 1174 72.0
1175 2434 82.0
2434 1175 82.0
1175 2115 68.0
2115 1175 68.0
1175 2489 100.0
2489 1175 100.0
1175 2798 6.0
2798 1175 6.0
1176 2230 70.0
2230 1176 70.0
1176 1435 66.0
1435 1176 66.0
1176 2385 24.0
2385 1176 24.0
1177 2139 20.0
2139 1177 20.0
1177 3433 42.0
3433 1177 42.0
1178 3207 14.0
3207 1178 14.0
1178 1443 6.0
1443 1178 6.0
1178 1228 72.0
1228 1178 72.0
1178 1657 72.0
1657 1178 72.0
1179 2787 22.0
2787 1179 22.0
1179 1505 34.0
1505 1179 34.0
1179 1589 98.0
1589 1179 98.0
1180 2246 10.0
2246 1180 10.0
1180 3534 64.0
3534 1180 64.0
1181 2812 156.0
2812 1181 156.0
1181 3484 128.0
3484 1181 128.0
1182 1864 6.0
1864 1182 6.0
1182 2590 24.0
2590 1182 24.0
1182 3700 88.0
3700 1182 88.0
1182 3123 60.0
3123 1182 60.0
1183 1227 140.0
1227 1183 140.0
1184 3176 36.0
3176 1184 36.0
1184 3515 24.0
3515 1184 24.0
1185 2967 60.0
2967 1185 60.0
1185 2030 2.0
2030 1185 2.0
1185 1998 50.0
1998 1185 50.0
1187 2121 56.0
2121 1187 56.0
1187 3322 24.0
3322 1187 24.0
1187 2957 4.0
2957 1187 4.0
1188 3092 42.0
3092 1188 42.0
1188 1789 66.0
1789 1188 66.0
1188 2325 60.0
2325 1188 60.0
1189 3593 94.0
3593 1189 94.0
1189 2163 104.0
2163 1189 104.0
1189 2269 98.0
2269 1189 98.0
1189 2203 34.0
2203 1189 34.0
1190 3167 106.0
3167 1190 106.0
1190 2837 44.0
2837 1190 44.0
1190 3644 2.0
3644 1190 2.0
1191 1416 26.0
1416 1191 26.0
1191 2359 64.0
2359 1191 64.0
1192 2568 54.0
2568 1192 54.0
1192 2487 60.0
2487 1192 60.0
1192 2715 38.0
2715 1192 38.0
1193 2925 68.0
2925 1193 68.0
1193 3279 96.0
3279 1193 96.0
1193 2205 6.0
2205 1193 6.0
1194 2783 94.0
2783 1194 94.0
1194 1698 72.0
1698 1194 72.0
1194 3282 24.0
3282 1194 24.0
1195 3199 98.0
3199 1195 98.0
1195 1742 92.0
1742 1195 92.0
1195 1909 66.0
1909 1195 66.0
1196 3679 28.0
3679 1196 28.0
1196 3222 110.0
3222 1196 110.0
1196 3048 176.0
3048 1196 176.0
1198 2843 66.0
2843 1198 66.0
1198 2570 2.0
2570 1198 2.0
1198 3632 36.0
3632 1198 36.0
1199 1244 12.0
1244 1199 12.0
1199 3478 4.0
3478 1199 4.0
1199 1752 22.0
1752 1199 22.0
1200 1710 6.0
1710 1200 6.0
1200 3657 36.0
3657 1200 36.0
1200 2481 14.0
2481 1200 14.0
1201 1208 158.0
1208 1201 158.0
1201 3199 88.0
3199 1201 88.0
1202 1251 84.0
1251 1202 84.0
1202 1689 24.0
1689 1202 24.0
1203 1450 102.0
1450 1203 102.0
1203 1619 24.0
1619 1203 24.0
1203 1934 60.0
1934 1203 60.0
1204 3568 20.0
3568 1204 20.0
1204 1382 26.0
1382 1204 26.0
1205 3016 70.0
3016 1205 70.0
1205 2518 102.0
2518 1205 102.0
1205 1762 20.0
1762 1205 20.0
1206 3625 66.0
3625 1206 66.0
1206 1479 26.0
1479 1206 26.0
1206 2257 32.0
2257 1206 32.0
1207 2332 144.0
2332 1207 144.0
1207 2979 4.0
2979 1207 4.0
1207 1230 108.0
1230 1207 108.0
1208 1400 80.0
1400 1208 80.0
1208 2933 98.0
2933 1208 98.0
1209 3699 46.0
3699 1209 46.0
1209 3332 2.0
3332 1209 2.0
1210 1564 34.0
1564 1210 34.0
1210 1690 30.0
1690 1210 30.0
1211 1620 88.0
1620 1211 88.0
1211 3533 140.0
3533 1211 140.0
1212 2850 24.0
2850 1212 24.0
1212 3242 58.0
3242 1212 58.0
1212 1596 76.0
1596 1212 76.0
1213 1786 20.0
1786 1213 20.0
1213 3427 51.0
3427 1213 51.0
1213 1630 92.0
1630 1213 92.0
1213 1946 82.0
1946 1213 82.0
1214 1765 124.0
1765 1214 124.0
1214 2301 50.0
2301 1214 50.0
1214 2728 34.0
2728 1214 34.0
1215 2980 42.0
2980 1215 42.0
1215 2921 26.0
2921 1215 26.0
1215 2432 28.0
2432 1215 28.0
1216 3241 66.0
3241 1216 66.0
1216 1457 88.0
1457 1216 88.0
1216 1958 66.0
1958 1216 66.0
1217 3673 24.0
3673 1217 24.0
1217 3705 66.0
3705 1217 66.0
1218 3294 122.0
3294 1218 122.0
1218 3056 140.0
3056 1218 140.0
1218 1422 94.0
1422 1218 94.0
1218 1219 80.0
1219 1218 80.0
1219 3691 94.0
3691 1219 94.0
1219 3058 20.0
3058 1219 20.0
1220 3177 98.0
3177 1220 98.0
1220 2121 20.0
2121 1220 20.0
1220 3683 92.0
3683 1220 92.0
1221 1828 128.0
1828 1221 128.0
1221 3006 12.0
3006 1221 12.0
1222 1768 16.0
1768 1222 16.0
1222 2838 32.0
2838 1222 32.0
1222 3318 20.0
3318 1222 20.0
1222 2370 90.0
2370 1222 90.0
1223 1788 38.0
1788 1223 38.0
1223 2523 80.0
2523 1223 80.0
1223 2580 12.0
2580 1223 12.0
1223 2586 72.0
2586 1223 72.0
1224 3024 42.0
3024 1224 42.0
1225 3126 12.0
3126 1225 12.0
1225 3252 26.0
3252 1225 26.0
1226 2093 44.0
2093 1226 44.0
1226 3368 32.0
3368 1226 32.0
1226 2794 106.0
2794 1226 106.0
1227 3573 146.0
3573 1227 146.0
1228 1351 6.0
1351 1228 6.0
1228 3272 72.0
3272 1228 72.0
1229 2500 48.0
2500 1229 48.0
1229 2661 28.0
2661 1229 28.0
1229 1480 42.0
1480 1229 42.0
1231 3709 160.0
3709 1231 160.0
1231 1305 134.0
1305 1231 134.0
1232 1989 14.0
1989 1232 14.0
1232 2388 12.0
2388 1232 12.0
1233 1632 142.0
1632 1233 142.0
1234 2544 46.0
2544 1234 46.0
1234 1750 44.0
1750 1234 44.0
1235 2696 162.0
2696 1235 162.0
1235 3304 46.0
3304 1235 46.0
1236 2808 42.0
2808 1236 42.0
1237 2821 28.0
2821 1237 28.0
1237 1454 80.0
1454 1237 80.0
1237 3012 88.0
3012 1237 88.0
1238 2424 26.0
2424 1238 26.0
1238 2789 42.0
2789 1238 42.0
1238 2998 42.0
2998 1238 42.0
1239 2172 88.0
2172 1239 88.0
1239 1361 150.0
1361 1239 150.0
1240 2952 60.0
2952 1240 60.0
1240 2152 150.0
2152 1240 150.0
1241 2260 66.0
2260 1241 66.0
1242 1271 80.0
1271 1242 80.0
1242 1667 66.0
1667 1242 66.0
1242 2150 20.0
2150 1242 20.0
1243 1967 94.0
1967 1243 94.0
1243 3698 4.0
3698 1243 4.0
1243 3100 34.0
3100 1243 34.0
1243 3681 2.0
3681 1243 2.0
1244 3513 4.0
3513 1244 4.0
1245 1577 6.0
1577 1245 6.0
1245 3630 14.0
3630 1245 14.0
1245 2187 16.0
2187 1245 16.0
1246 3053 34.0
3053 1246 34.0
1246 2315 2.0
2315 1246 2.0
1246 2593 18.0
2593 1246 18.0
1247 3492 12.0
3492 1247 12.0
1247 3667 14.0
3667 1247 14.0
1248 3304 50.0
3304 1248 50.0
1248 1726 162.0
1726 1248 162.0
1248 1252 32.0
1252 1248 32.0
1249 3663 34.0
3663 1249 34.0
1249 2251 36.0
2251 1249 36.0
1250 3665 20.0
3665 1250 20.0
1250 2564 58.0
2564 1250 58.0
1251 1449 44.0
1449 1251 44.0
1251 2336 24.0
2336 1251 24.0
1251 2937 44.0
2937 1251 44.0
1252 2406 54.0
2406 1252 54.0
1252 1476 112.0
1476 1252 112.0
1253 2076 32.0
2076 1253 32.0
1253 2227 150.0
2227 1253 150.0
1253 1904 38.0
1904 1253 38.0
1253 3188 26.0
3188 1253 26.0
1254 3104 158.0
3104 1254 158.0
1254 1707 142.0
1707 1254 142.0
1254 3313 130.0
3313 1254 130.0
1254 1757 150.0
1757 1254 150.0
1255 3422 74.0
3422 1255 74.0
1255 1855 4.0
1855 1255 4.0
1255 3412 60.0
3412 1255 60.0
1256 2745 8.0
2745 1256 8.0
1256 1378 22.0
1378 1256 22.0
1256 2399 92.0
2399 1256 92.0
1257 2637 28.0
2637 1257 28.0
1257 1471 4.0
1471 1257 4.0
1257 3266 134.0
3266 1257 134.0
1258 2750 40.0
2750 1258 40.0
1258 1728 51.0
1728 1258 51.0
1259 2817 38.0
2817 1259 38.0
1259 3558 42.0
3558 1259 42.0
1259 2303 26.0
2303 1259 26.0
1260 2249 82.0
2249 1260 82.0
1260 2630 10.0
2630 1260 10.0
1260 2710 4.0
2710 1260 4.0
1261 2772 42.0
2772 1261 42.0
1261 2873 56.0
2873 1261 56.0
1262 3352 46.0
3352 1262 46.0
1262 2628 50.0
2628 1262 50.0
1262 2752 14.0
2752 1262 14.0
1263 2880 138.0
2880 1263 138.0
1263 3696 22.0
3696 1263 22.0
1263 1941 24.0
1941 1263 24.0
1264 2303 42.0
2303 1264 42.0
1264 3558 26.0
3558 1264 26.0
1264 2437 58.0
2437 1264 58.0
1264 3473 10.0
3473 1264 10.0
1265 3408 110.0
3408 1265 110.0
1265 1463 32.0
1463 1265 32.0
1265 2520 122.0
2520 1265 122.0
1265 2656 30.0
2656 1265 30.0
1266 3190 8.0
3190 1266 8.0
1266 1650 8.0
1650 1266 8.0
1266 2613 40.0
2613 1266 40.0
1267 2313 58.0
2313 1267 58.0
1267 3025 42.0
3025 1267 42.0
1267 2817 4.0
2817 1267 4.0
1268 1363 130.0
1363 1268 130.0
1268 1938 140.0
1938 1268 140.0
1268 1720 162.0
1720 1268 162.0
1268 2452 80.0
2452 1268 80.0
1269 2881 102.0
2881 1269 102.0
1269 1658 134.0
1658 1269 134.0
1269 1513 124.0
1513 1269 124.0
1269 2915 16.0
2915 1269 16.0
1270 3603 20.0
3603 1270 20.0
1270 3287 14.0
3287 1270 14.0
1270 1273 22.0
1273 1270 22.0
1270 1744 48.0
1744 1270 48.0
1271 3617 106.0
3617 1271 106.0
1271 2221 140.0
2221 1271 140.0
1272 2200 88.0
2200 1272 88.0
1272 3440 62.0
3440 1272 62.0
1273 3191 14.0
3191 1273 14.0
1273 2946 14.0
2946 1273 14.0
1273 2048 48.0
2048 1273 48.0
1274 1570 82.0
1570 1274 82.0
1274 1647 92.0
1647 1274 92.0
1274 1369 22.0
1369 1274 22.0
1274 2684 22.0
2684 1274 22.0
1275 1461 46.0
1461 1275 46.0
1275 2985 24.0
2985 1275 24.0
1275 1450 76.0
1450 1275 76.0
1276 3170 12.0
3170 1276 12.0
1276 3144 14.0
3144 1276 14.0
1276 1999 42.0
1999 1276 42.0
1277 3296 58.0
3296 1277 58.0
1277 2009 96.0
2009 1277 96.0
1277 1895 30.0
1895 1277 30.0
1278 2618 16.0
2618 1278 16.0
1278 1954 14.0
1954 1278 14.0
1279 2797 44.0
2797 1279 44.0
1279 2226 12.0
2226 1279 12.0
1279 3366 50.0
3366 1279 50.0
1279 3354 20.0
3354 1279 20.0
1280 1664 50.0
1664 1280 50.0
1280 1523 58.0
1523 1280 58.0
1280 2850 84.0
2850 1280 84.0
1280 2849 76.0
2849 1280 76.0
1281 2266 18.0
2266 1281 18.0
1281 1639 158.0
1639 1281 158.0
1281 1331 14.0
1331 1281 14.0
1281 2695 46.0
2695 1281 46.0
1282 2645 54.0
2645 1282 54.0
1282 2050 82.0
2050 1282 82.0
1282 3454 32.0
3454 1282 32.0
1283 3269 52.0
3269 1283 52.0
1283 2298 46.0
2298 1283 46.0
1283 1855 8.0
1855 1283 8.0
1284 1877 36.0
1877 1284 36.0
1284 2136 24.0
2136 1284 24.0
1284 2607 24.0
2607 1284 24.0
1285 2946 52.0
2946 1285 52.0
1285 2928 14.0
2928 1285 14.0
1285 3017 48.0
3017 1285 48.0
1286 1597 4.0
1597 1286 4.0
1286 2972 98.0
2972 1286 98.0
1287 1372 4.0
1372 1287 4.0
1288 2661 94.0
2661 1288 94.0
1288 3108 42.0
3108 1288 42.0
1289 3082 158.0
3082 1289 158.0
1289 1333 32.0
1333 1289 32.0
1289 1888 130.0
1888 1289 130.0
1289 2263 122.0
2263 1289 122.0
1290 1842 76.0
1842 1290 76.0
1291 3217 28.0
3217 1291 28.0
1291 3173 84.0
3173 1291 84.0
1291 3049 28.0
3049 1291 28.0
1292 2265 84.0
2265 1292 84.0
1292 3552 70.0
3552 1292 70.0
1292 2736 112.0
2736 1292 112.0
1293 2673 58.0
2673 1293 58.0
1293 2150 106.0
2150 1293 106.0
1293 1377 142.0
1377 1293 142.0
1294 2208 20.0
2208 1294 20.0
1294 2060 42.0
2060 1294 42.0
1294 2984 124.0
2984 1294 124.0
1294 3481 14.0
3481 1294 14.0
1295 2002 60.0
2002 1295 60.0
1295 3116 22.0
3116 1295 22.0
1295 3713 34.0
3713 1295 34.0
1296 1928 88.0
1928 1296 88.0
1296 1639 144.0
1639 1296 144.0
1297 3707 70.0
3707 1297 70.0
1297 2448 122.0
2448 1297 122.0
1298 3639 66.0
3639 1298 66.0
1298 2694 18.0
2694 1298 18.0
1298 3529 34.0
3529 1298 34.0
1299 3170 14.0
3170 1299 14.0
1299 3373 8.0
3373 1299 8.0
1299 3144 12.0
3144 1299 12.0
1300 1409 24.0
1409 1300 24.0
1300 2657 102.0
2657 1300 102.0
1301 2869 130.0
2869 1301 130.0
1301 3465 162.0
3465 1301 162.0
1302 1633 4.0
1633 1302 4.0
1302 2158 50.0
2158 1302 50.0
1302 1322 46.0
1322 1302 46.0
1303 2072 34.0
2072 1303 34.0
1303 2772 48.0
2772 1303 48.0
1303 1690 8.0
1690 1303 8.0
1304 2129 2.0
2129 1304 2.0
1304 2409 76.0
2409 1304 76.0
1305 3477 166.0
3477 1305 166.0
1306 3040 102.0
3040 1306 102.0
1306 2915 100.0
2915 1306 100.0
1306 2242 124.0
2242 1306 124.0
1307 2066 36.0
2066 1307 36.0
1307 1536 48.0
1536 1307 48.0
1308 1906 6.0
1906 1308 6.0
1308 2108 136.0
2108 1308 136.0
1308 1397 24.0
1397 1308 24.0
1309 3622 122.0
3622 1309 122.0
1309 2662 122.0
2662 1309 122.0
1310 1813 20.0
1813 1310 20.0
1310 3656 116.0
3656 1310 116.0
1310 2442 30.0
2442 1310 30.0
1311 2142 88.0
2142 1311 88.0
1311 2791 34.0
2791 1311 34.0
1311 2666 14.0
2666 1311 14.0
1312 1420 166.0
1420 1312 166.0
1312 1833 140.0
1833 1312 140.0
1313 1603 24.0
1603 1313 24.0
1313 1415 76.0
1415 1313 76.0
1313 2043 94.0
2043 1313 94.0
1314 1583 52.0
1583 1314 52.0
1314 3675 36.0
3675 1314 36.0
1314 2894 8.0
2894 1314 8.0
1315 1387 44.0
1387 1315 44.0
1315 3486 60.0
3486 1315 60.0
1315 2779 14.0
2779 1315 14.0
1316 1583 4.0
1583 1316 4.0
1316 2749 8.0
2749 1316 8.0
1317 1976 56.0
1976 1317 56.0
1317 3143 34.0
3143 1317 34.0
1317 3151 24.0
3151 1317 24.0
1317 2782 118.0
2782 1317 118.0
1318 2468 64.0
2468 1318 64.0
1318 2307 104.0
2307 1318 104.0
1318 1459 82.0
1459 1318 82.0
1318 1367 10.0
1367 1318 10.0
1319 3246 60.0
3246 1319 60.0
1319 1628 52.0
1628 1319 52.0
1320 3158 102.0
3158 1320 102.0
1320 2117 60.0
2117 1320 60.0
1321 1488 76.0
1488 1321 76.0
1321 2273 26.0
2273 1321 26.0
1321 2611 20.0
2611 1321 20.0
1321 3497 10.0
3497 1321 10.0
1322 3597 102.0
3597 1322 102.0
1323 1560 58.0
1560 1323 58.0
1323 3110 102.0
3110 1323 102.0
1324 2570 36.0
2570 1324 36.0
1324 3392 46.0
3392 1324 46.0
1324 3632 2.0
3632 1324 2.0
1325 3180 8.0
3180 1325 8.0
1325 1496 154.0
1496 1325 154.0
1325 2335 42.0
2335 1325 42.0
1326 2879 32.0
2879 1326 32.0
1326 1845 46.0
1845 1326 46.0
1327 3444 12.0
3444 1327 12.0
1327 3154 58.0
3154 1327 58.0
1328 3248 52.0
3248 1328 52.0
1328 2095 64.0
2095 1328 64.0
1328 3321 14.0
3321 1328 14.0
1329 2385 58.0
2385 1329 58.0
1329 3229 66.0
3229 1329 66.0
1330 1548 10.0
1548 1330 10.0
1330 2708 48.0
2708 1330 48.0
1330 2812 38.0
2812 1330 38.0
1331 2970 46.0
2970 1331 46.0
1332 3602 34.0
3602 1332 34.0
1334 3643 72.0
3643 1334 72.0
1334 2475 2.0
2475 1334 2.0
1334 2727 10.0
2727 1334 10.0
1334 2028 18.0
2028 1334 18.0
1335 3248 14.0
3248 1335 14.0
1335 3321 52.0
3321 1335 52.0
1336 3046 40.0
3046 1336 40.0
1337 2987 48.0
2987 1337 48.0
1337 1702 30.0
1702 1337 30.0
1337 3432 28.0
3432 1337 28.0
1337 2367 168.0
2367 1337 168.0
1338 1361 66.0
1361 1338 66.0
1338 1838 142.0
1838 1338 142.0
1338 3336 12.0
3336 1338 12.0
1339 2370 20.0
2370 1339 20.0
1339 3318 90.0
3318 1339 90.0
1339 3052 24.0
3052 1339 24.0
1339 3690 60.0
3690 1339 60.0
1340 2978 42.0
2978 1340 42.0
1340 1429 36.0
1429 1340 36.0
1341 2666 72.0
2666 1341 72.0
1341 1956 34.0
1956 1341 34.0
1341 3306 4.0
3306 1341 4.0
1341 3423 40.0
3423 1341 40.0
1342 3454 82.0
3454 1342 82.0
1342 2050 32.0
2050 1342 32.0
1343 2070 60.0
2070 1343 60.0
1343 1648 6.0
1648 1343 6.0
1344 2467 68.0
2467 1344 68.0
1344 1576 90.0
1576 1344 90.0
1345 3505 26.0
3505 1345 26.0
1345 3623 10.0
3623 1345 10.0
1345 2045 34.0
2045 1345 34.0
1346 1962 40.0
1962 1346 40.0
1346 2906 52.0
2906 1346 52.0
1346 2241 98.0
2241 1346 98.0
1347 2167 9.0
2167 1347 9.0
1347 1468 44.0
1468 1347 44.0
1347 2683 12.0
2683 1347 12.0
1348 3693 22.0
3693 1348 22.0
1348 2514 14.0
2514 1348 14.0
1348 1568 52.0
1568 1348 52.0
1349 2254 156.0
2254 1349 156.0
1349 2322 32.0
2322 1349 32.0
1350 3402 4.0
3402 1350 4.0
1350 2019 48.0
2019 1350 48.0
1351 1443 72.0
1443 1351 72.0
1351 2961 32.0
2961 1351 32.0
1352 2697 58.0
2697 1352 58.0
1352 3164 52.0
3164 1352 52.0
1353 2774 104.0
2774 1353 104.0
1353 3498 34.0
3498 1353 34.0
1354 3112 34.0
3112 1354 34.0
1355 3155 26.0
3155 1355 26.0
1355 1488 30.0
1488 1355 30.0
1355 3222 10.0
3222 1355 10.0
1356 3138 56.0
3138 1356 56.0
1356 3682 30.0
3682 1356 30.0
1357 2256 44.0
2256 1357 44.0
1358 2959 102.0
2959 1358 102.0
1358 2939 142.0
2939 1358 142.0
1359 2579 102.0
2579 1359 102.0
1359 3311 10.0
3311 1359 10.0
1360 2137 114.0
2137 1360 114.0
1360 2664 2.0
2664 1360 2.0
1360 2511 58.0
2511 1360 58.0
1361 2601 88.0
2601 1361 88.0
1362 3010 162.0
3010 1362 162.0
1362 2482 122.0
2482 1362 122.0
1362 3707 130.0
3707 1362 130.0
1363 3096 80.0
3096 1363 80.0
1364 3195 6.0
3195 1364 6.0
1364 1540 88.0
1540 1364 88.0
1364 2912 200.0
2912 1364 200.0
1365 2780 58.0
2780 1365 58.0
1366 1798 120.0
1798 1366 120.0
1366 1514 94.0
1514 1366 94.0
1366 2524 16.0
2524 1366 16.0
1366 1405 28.0
1405 1366 28.0
1367 2327 64.0
2327 1367 64.0
1367 1775 82.0
1775 1367 82.0
1368 1369 74.0
1369 1368 74.0
1368 2059 14.0
2059 1368 14.0
1368 3060 78.0
3060 1368 78.0
1368 2294 88.0
2294 1368 88.0
1370 3708 74.0
3708 1370 74.0
1370 3625 124.0
3625 1370 124.0
1371 2312 36.0
2312 1371 36.0
1371 2265 44.0
2265 1371 44.0
1371 2170 112.0
2170 1371 112.0
1372 2736 138.0
2736 1372 138.0
1373 2115 100.0
2115 1373 100.0
1373 2589 4.0
2589 1373 4.0
1373 2956 26.0
2956 1373 26.0
1373 2489 68.0
2489 1373 68.0
1374 2762 64.0
2762 1374 64.0
1374 1857 4.0
1857 1374 4.0
1374 3715 40.0
3715 1374 40.0
1375 2781 86.0
2781 1375 86.0
1375 2733 46.0
2733 1375 46.0
1376 2787 126.0
2787 1376 126.0
1377 3132 106.0
3132 1377 106.0
1377 1573 150.0
1573 1377 150.0
1378 2944 8.0
2944 1378 8.0
1378 1381 58.0
1381 1378 58.0
1379 2108 86.0
2108 1379 86.0
1379 2848 2.0
2848 1379 2.0
1379 2843 70.0
2843 1379 70.0
1380 2818 4.0
2818 1380 4.0
1380 2115 82.0
2115 1380 82.0
1380 2434 68.0
2434 1380 68.0
1381 3091 8.0
3091 1381 8.0
1382 3594 20.0
3594 1382 20.0
1382 1458 46.0
1458 1382 46.0
1383 1506 68.0
1506 1383 68.0
1383 2085 92.0
2085 1383 92.0
1383 2001 28.0
2001 1383 28.0
1384 2726 22.0
2726 1384 22.0
1384 3251 86.0
3251 1384 86.0
1384 1466 24.0
1466 1384 24.0
1385 3035 12.0
3035 1385 12.0
1385 2317 20.0
2317 1385 20.0
1386 2656 122.0
2656 1386 122.0
1386 2520 30.0
2520 1386 30.0
1387 1802 36.0
1802 1387 36.0
1388 2228 42.0
2228 1388 42.0
1388 2770 82.0
2770 1388 82.0
1388 3633 26.0
3633 1388 26.0
1389 2345 80.0
2345 1389 80.0
1389 1985 76.0
1985 1389 76.0
1389 3485 132.0
3485 1389 132.0
1390 2462 102.0
2462 1390 102.0
1390 1848 6.0
1848 1390 6.0
1391 3322 4.0
3322 1391 4.0
1391 2210 58.0
2210 1391 58.0
1391 3141 4.0
3141 1391 4.0
1391 2957 24.0
2957 1391 24.0
1392 2160 4.0
2160 1392 4.0
1392 3517 8.0
3517 1392 8.0
1393 3638 124.0
3638 1393 124.0
1393 1453 40.0
1453 1393 40.0
1393 3575 4.0
3575 1393 4.0
1394 2451 32.0
2451 1394 32.0
1395 1688 100.0
1688 1395 100.0
1395 1610 6.0
1610 1395 6.0
1395 1858 26.0
1858 1395 26.0
1396 3600 92.0
3600 1396 92.0
1396 1630 94.0
1630 1396 94.0
1397 1935 6.0
1935 1397 6.0
1397 1634 72.0
1634 1397 72.0
1398 2689 92.0
2689 1398 92.0
1398 3464 32.0
3464 1398 32.0
1398 1645 28.0
1645 1398 28.0
1398 2500 96.0
2500 1398 96.0
1399 3357 31.0
3357 1399 31.0
1399 2748 60.0
2748 1399 60.0
1399 1802 78.0
1802 1399 78.0
1401 2744 88.0
2744 1401 88.0
1401 2878 8.0
2878 1401 8.0
1401 2534 98.0
2534 1401 98.0
1401 2540 132.0
2540 1401 132.0
1402 1741 60.0
1741 1402 60.0
1402 3088 52.0
3088 1402 52.0
1403 1949 38.0
1949 1403 38.0
1403 2879 34.0
2879 1403 34.0
1404 2753 50.0
2753 1404 50.0
1404 3645 22.0
3645 1404 22.0
1404 1525 54.0
1525 1404 54.0
1404 2231 18.0
2231 1404 18.0
1405 2690 16.0
2690 1405 16.0
1406 2737 12.0
2737 1406 12.0
1406 2943 40.0
2943 1406 40.0
1406 3230 114.0
3230 1406 114.0
1406 2720 156.0
2720 1406 156.0
1407 2364 60.0
2364 1407 60.0
1407 1831 90.0
1831 1407 90.0
1407 2075 58.0
2075 1407 58.0
1408 2727 58.0
2727 1408 58.0
1408 2503 2.0
2503 1408 2.0
1408 1640 12.0
1640 1408 12.0
1408 2459 18.0
2459 1408 18.0
1409 1624 130.0
1624 1409 130.0
1409 2044 102.0
2044 1409 102.0
1410 2013 76.0
2013 1410 76.0
1411 2542 2.0
2542 1411 2.0
1411 1682 114.0
1682 1411 114.0
1411 1436 32.0
1436 1411 32.0
1411 2005 78.0
2005 1411 78.0
1412 2774 138.0
2774 1412 138.0
1412 3122 58.0
3122 1412 58.0
1413 3529 18.0
3529 1413 18.0
1414 3669 82.0
3669 1414 82.0
1414 2259 46.0
2259 1414 46.0
1414 2334 100.0
2334 1414 100.0
1415 2248 24.0
2248 1415 24.0
1415 2472 22.0
2472 1415 22.0
1416 3094 64.0
3094 1416 64.0
1417 1607 48.0
1607 1417 48.0
1417 2815 102.0
2815 1417 102.0
1418 1555 40.0
1555 1418 40.0
1418 2041 70.0
2041 1418 70.0
1418 1673 8.0
1673 1418 8.0
1419 1629 76.0
1629 1419 76.0
1419 2837 112.0
2837 1419 112.0
1420 1852 160.0
1852 1420 160.0
1420 2215 140.0
2215 1420 140.0
1421 1604 46.0
1604 1421 46.0
1421 3598 6.0
3598 1421 6.0
1421 2344 130.0
2344 1421 130.0
1422 2950 140.0
2950 1422 140.0
1422 3361 34.0
3361 1422 34.0
1422 3691 80.0
3691 1422 80.0
1423 3442 4.0
3442 1423 4.0
1424 2235 104.0
2235 1424 104.0
1425 2103 144.0
2103 1425 144.0
1425 2261 26.0
2261 1425 26.0
1425 2485 22.0
2485 1425 22.0
1425 3065 28.0
3065 1425 28.0
1426 1807 54.0
1807 1426 54.0
1426 3422 66.0
3422 1426 66.0
1427 2004 22.0
2004 1427 22.0
1428 2581 24.0
2581 1428 24.0
1428 2476 22.0
2476 1428 22.0
1428 3208 64.0
3208 1428 64.0
1428 3410 14.0
3410 1428 14.0
1429 1545 142.0
1545 1429 142.0
1429 2700 62.0
2700 1429 62.0
1430 3549 44.0
3549 1430 44.0
1430 1510 48.0
1510 1430 48.0
1430 2274 24.0
2274 1430 24.0
1431 2596 44.0
2596 1431 44.0
1431 1530 84.0
1530 1431 84.0
1431 2541 14.0
2541 1431 14.0
1431 3486 24.0
3486 1431 24.0
1432 2473 8.0
2473 1432 8.0
1432 1644 156.0
1644 1432 156.0
1433 2343 132.0
2343 1433 132.0
1434 2903 68.0
2903 1434 68.0
1434 1839 10.0
1839 1434 10.0
1434 2747 18.0
2747 1434 18.0
1434 2741 42.0
2741 1434 42.0
1435 3133 24.0
3133 1435 24.0
1436 1679 6.0
1679 1436 6.0
1436 2763 78.0
2763 1436 78.0
1437 2338 112.0
2338 1437 112.0
1437 3326 60.0
3326 1437 60.0
1437 2484 17.0
2484 1437 17.0
1438 3490 122.0
3490 1438 122.0
1438 3058 122.0
3058 1438 122.0
1439 1665 106.0
1665 1439 106.0
1439 2416 66.0
2416 1439 66.0
1439 2769 70.0
2769 1439 70.0
1440 2393 122.0
2393 1440 122.0
1440 3206 8.0
3206 1440 8.0
1440 1585 16.0
1585 1440 16.0
1441 2044 124.0
2044 1441 124.0
1441 2990 24.0
2990 1441 24.0
1442 2086 124.0
2086 1442 124.0
1442 3086 122.0
3086 1442 122.0
1442 1464 88.0
1464 1442 88.0
1442 1574 102.0
1574 1442 102.0
1443 3489 14.0
3489 1443 14.0
1443 1524 2.0
1524 1443 2.0
1444 2659 28.0
2659 1444 28.0
1444 2521 8.0
2521 1444 8.0
1444 2443 72.0
2443 1444 72.0
1445 1677 8.0
1677 1445 8.0
1446 1922 66.0
1922 1446 66.0
1446 2191 36.0
2191 1446 36.0
1447 3426 124.0
3426 1447 124.0
1447 1666 46.0
1666 1447 46.0
1447 2723 36.0
2723 1447 36.0
1448 3469 20.0
3469 1448 20.0
1448 3160 94.0
3160 1448 94.0
1448 1506 44.0
1506 1448 44.0
1449 2840 24.0
2840 1449 24.0
1449 2533 44.0
2533 1449 44.0
1450 2584 24.0
2584 1450 24.0
1450 2229 60.0
2229 1450 60.0
1451 3696 70.0
3696 1451 70.0
1451 2761 20.0
2761 1451 20.0
1451 2768 24.0
2768 1451 24.0
1452 2849 4.0
2849 1452 4.0
1452 3382 78.0
3382 1452 78.0
1452 1672 14.0
1672 1452 14.0
1453 1520 124.0
1520 1453 124.0
1453 2019 14.0
2019 1453 14.0
1453 3584 4.0
3584 1453 4.0
1455 2756 32.0
2756 1455 32.0
1455 1976 118.0
1976 1455 118.0
1455 2782 56.0
2782 1455 56.0
1455 1719 58.0
1719 1455 58.0
1456 3417 58.0
3417 1456 58.0
1456 2722 40.0
2722 1456 40.0
1456 1681 66.0
1681 1456 66.0
1457 1552 66.0
1552 1457 66.0
1458 3273 100.0
3273 1458 100.0
1459 3532 104.0
3532 1459 104.0
1459 2856 100.0
2856 1459 100.0
1459 1775 10.0
1775 1459 10.0
1461 3488 24.0
3488 1461 24.0
1461 3701 60.0
3701 1461 60.0
1462 2278 18.0
2278 1462 18.0
1462 2426 121.0
2426 1462 121.0
1463 1988 46.0
1988 1463 46.0
1463 1547 122.0
1547 1463 122.0
1464 3522 122.0
3522 1464 122.0
1464 1475 66.0
1475 1464 66.0
1465 3148 48.0
3148 1465 48.0
1465 2090 32.0
2090 1465 32.0
1466 2648 22.0
2648 1466 22.0
1466 3495 60.0
3495 1466 60.0
1467 2089 88.0
2089 1467 88.0
1467 2578 18.0
2578 1467 18.0
1468 1815 46.0
1815 1468 46.0
1468 2861 24.0
2861 1468 24.0
1468 2986 12.0
2986 1468 12.0
1469 2075 14.0
2075 1469 14.0
1470 2976 20.0
2976 1470 20.0
1470 2068 39.0
2068 1470 39.0
1471 2899 28.0
2899 1471 28.0
1472 2569 5.0
2569 1472 5.0
1472 3011 59.0
3011 1472 59.0
1473 2417 12.0
2417 1473 12.0
1473 3674 18.0
3674 1473 18.0
1473 1899 26.0
1899 1473 26.0
1474 2669 56.0
2669 1474 56.0
1474 1786 68.0
1786 1474 68.0
1475 2471 12.0
2471 1475 12.0
1475 2668 102.0
2668 1475 102.0
1476 2807 18.0
2807 1476 18.0
1477 1970 30.0
1970 1477 30.0
1477 2151 36.0
2151 1477 36.0
1477 3607 20.0
3607 1477 20.0
1478 1481 20.0
1481 1478 20.0
1479 3367 66.0
3367 1479 66.0
1479 3525 60.0
3525 1479 60.0
1479 2764 32.0
2764 1479 32.0
1480 3620 48.0
3620 1480 48.0
1480 3301 28.0
3301 1480 28.0
1480 1702 4.0
1702 1480 4.0
1481 2318 60.0
2318 1481 60.0
1482 2603 102.0
2603 1482 102.0
1482 2364 20.0
2364 1482 20.0
1483 3343 14.0
3343 1483 14.0
1483 2373 52.0
2373 1483 52.0
1484 3127 46.0
3127 1484 46.0
1485 2191 44.0
2191 1485 44.0
1486 2853 150.0
2853 1486 150.0
1486 3392 36.0
3392 1486 36.0
1486 2570 46.0
2570 1486 46.0
1487 3229 114.0
3229 1487 114.0
1487 3062 58.0
3062 1487 58.0
1487 2148 58.0
2148 1487 58.0
1487 2664 26.0
2664 1487 26.0
1488 3043 26.0
3043 1488 26.0
1488 3425 10.0
3425 1488 10.0
1489 2535 66.0
2535 1489 66.0
1489 2319 6.0
2319 1489 6.0
1489 3543 56.0
3543 1489 56.0
1490 2218 40.0
2218 1490 40.0
1491 2135 102.0
2135 1491 102.0
1491 1860 48.0
1860 1491 48.0
1492 2769 66.0
2769 1492 66.0
1492 2416 70.0
2416 1492 70.0
1492 1606 158.0
1606 1492 158.0
1492 2784 20.0
2784 1492 20.0
1493 2578 2.0
2578 1493 2.0
1493 3389 78.0
3389 1493 78.0
1493 3119 104.0
3119 1493 104.0
1494 1680 114.0
1680 1494 114.0
1494 1626 32.0
1626 1494 32.0
1494 2377 58.0
2377 1494 58.0
1494 2822 122.0
2822 1494 122.0
1495 1515 10.0
1515 1495 10.0
1495 2575 92.0
2575 1495 92.0
1495 2844 58.0
2844 1495 58.0
1495 3680 112.0
3680 1495 112.0
1496 1952 16.0
1952 1496 16.0
1497 2982 30.0
2982 1497 30.0
1497 2123 20.0
2123 1497 20.0
1498 2514 44.0
2514 1498 44.0
1498 3563 48.0
3563 1498 48.0
1498 3130 88.0
3130 1498 88.0
1498 2608 52.0
2608 1498 52.0
1499 2054 4.0
2054 1499 4.0
1499 2579 56.0
2579 1499 56.0
1500 3246 52.0
3246 1500 52.0
1500 2894 132.0
2894 1500 132.0
1500 1741 36.0
1741 1500 36.0
1501 3059 32.0
3059 1501 32.0
1501 2551 4.0
2551 1501 4.0
1501 1865 12.0
1865 1501 12.0
1502 2123 4.0
2123 1502 4.0
1502 3205 30.0
3205 1502 30.0
1503 1953 58.0
1953 1503 58.0
1503 2929 30.0
2929 1503 30.0
1503 2097 4.0
2097 1503 4.0
1504 2361 40.0
2361 1504 40.0
1504 3251 22.0
3251 1504 22.0
1504 2726 86.0
2726 1504 86.0
1505 3359 22.0
3359 1505 22.0
1506 3285 20.0
3285 1506 20.0
1506 1544 28.0
1544 1506 28.0
1507 3018 86.0
3018 1507 86.0
1507 2665 56.0
2665 1507 56.0
1508 1705 44.0
1705 1508 44.0
1508 2688 74.0
2688 1508 74.0
1509 3405 10.0
3405 1509 10.0
1509 3434 42.0
3434 1509 42.0
1509 2232 58.0
2232 1509 58.0
1510 3002 44.0
3002 1510 44.0
1510 3106 28.0
3106 1510 28.0
1510 2693 24.0
2693 1510 24.0
1511 3659 114.0
3659 1511 114.0
1511 3462 140.0
3462 1511 140.0
1512 2234 50.0
2234 1512 50.0
1512 1796 4.0
1796 1512 4.0
1512 2104 48.0
2104 1512 48.0
1513 1721 88.0
1721 1513 88.0
1514 1673 120.0
1673 1514 120.0
1514 2223 16.0
2223 1514 16.0
1515 3136 72.0
3136 1515 72.0
1515 3358 112.0
3358 1515 112.0
1516 2766 46.0
2766 1516 46.0
1516 3295 40.0
3295 1516 40.0
1517 2556 2.0
2556 1517 2.0
1517 3639 34.0
3639 1517 34.0
1517 3529 66.0
3529 1517 66.0
1517 1931 108.0
1931 1517 108.0
1518 2114 50.0
2114 1518 50.0
1519 3613 94.0
3613 1519 94.0
1519 1772 102.0
1772 1519 102.0
1519 3585 34.0
3585 1519 34.0
1519 2457 130.0
2457 1519 130.0
1520 1734 10.0
1734 1520 10.0
1520 2597 14.0
2597 1520 14.0
1520 3638 40.0
3638 1520 40.0
1521 3079 114.0
3079 1521 114.0
1521 1573 58.0
1573 1521 58.0
1522 3203 4.0
3203 1522 4.0
1522 3640 24.0
3640 1522 24.0
1522 2799 34.0
2799 1522 34.0
1523 2758 50.0
2758 1523 50.0
1523 2384 52.0
2384 1523 52.0
1523 1638 84.0
1638 1523 84.0
1524 3597 14.0
3597 1524 14.0
1524 2539 23.0
2539 1524 23.0
1525 3406 22.0
3406 1525 22.0
1525 2639 18.0
2639 1525 18.0
1526 1590 1.0
1590 1526 1.0
1526 3631 97.0
3631 1526 97.0
1527 2757 102.0
2757 1527 102.0
1527 2062 106.0
2062 1527 106.0
1527 3627 124.0
3627 1527 124.0
1527 2099 112.0
2099 1527 112.0
1528 2803 70.0
2803 1528 70.0
1528 3136 22.0
3136 1528 22.0
1529 3317 32.0
3317 1529 32.0
1529 3416 32.0
3416 1529 32.0
1529 3069 44.0
3069 1529 44.0
1530 2305 14.0
2305 1530 14.0
1531 3020 64.0
3020 1531 64.0
1531 3087 128.0
3087 1531 128.0
1532 3341 18.0
3341 1532 18.0
1533 2182 102.0
2182 1533 102.0
1533 2512 38.0
2512 1533 38.0
1533 2766 8.0
2766 1533 8.0
1534 2122 38.0
2122 1534 38.0
1534 1635 48.0
1635 1534 48.0
1535 3187 22.0
3187 1535 22.0
1535 2217 44.0
2217 1535 44.0
1535 1562 98.0
1562 1535 98.0
1535 2820 24.0
2820 1535 24.0
1536 1791 36.0
1791 1536 36.0
1536 2567 30.0
2567 1536 30.0
1536 2204 42.0
2204 1536 42.0
1537 1823 34.0
1823 1537 34.0
1538 1607 102.0
1607 1538 102.0
1538 1560 102.0
1560 1538 102.0
1538 3110 58.0
3110 1538 58.0
1538 2815 48.0
2815 1538 48.0
1540 2738 46.0
2738 1540 46.0
1540 3587 98.0
3587 1540 98.0
1541 2528 140.0
2528 1541 140.0
1541 3512 8.0
3512 1541 8.0
1541 3090 80.0
3090 1541 80.0
1542 1980 22.0
1980 1542 22.0
1542 3682 98.0
3682 1542 98.0
1543 3131 16.0
3131 1543 16.0
1543 3297 14.0
3297 1543 14.0
1543 1854 44.0
1854 1543 44.0
1544 2001 68.0
2001 1544 68.0
1544 1599 32.0
1599 1544 32.0
1545 2605 108.0
2605 1545 108.0
1545 3493 132.0
3493 1545 132.0
1546 2091 4.0
2091 1546 4.0
1546 3563 44.0
3563 1546 44.0
1546 2514 48.0
2514 1546 48.0
1547 2520 32.0
2520 1547 32.0
1548 2815 58.0
2815 1548 58.0
1548 3110 48.0
3110 1548 48.0
1548 2934 38.0
2934 1548 38.0
1549 2280 2.0
2280 1549 2.0
1549 2400 44.0
2400 1549 44.0
1550 3283 14.0
3283 1550 14.0
1550 1657 2.0
1657 1550 2.0
1550 3219 72.0
3219 1550 72.0
1551 3641 68.0
3641 1551 68.0
1551 2348 58.0
2348 1551 58.0
1551 2495 82.0
2495 1551 82.0
1552 1792 132.0
1792 1552 132.0
1552 3241 88.0
3241 1552 88.0
1553 2939 102.0
2939 1553 102.0
1553 2959 142.0
2959 1553 142.0
1553 2601 124.0
2601 1553 124.0
1553 2814 150.0
2814 1553 150.0
1554 2357 36.0
2357 1554 36.0
1554 2411 128.0
2411 1554 128.0
1555 1790 6.0
1790 1555 6.0
1555 3027 70.0
3027 1555 70.0
1555 1736 8.0
1736 1555 8.0
1556 2247 100.0
2247 1556 100.0
1556 3455 42.0
3455 1556 42.0
1556 2183 26.0
2183 1556 26.0
1556 2589 116.0
2589 1556 116.0
1557 1666 50.0
1666 1557 50.0
1557 2807 32.0
2807 1557 32.0
1558 1994 14.0
1994 1558 14.0
1558 2102 4.0
2102 1558 4.0
1558 2804 44.0
2804 1558 44.0
1559 2255 4.0
2255 1559 4.0
1559 1584 66.0
1584 1559 66.0
1559 3355 32.0
3355 1559 32.0
1559 1678 32.0
1678 1559 32.0
1561 2658 40.0
2658 1561 40.0
1561 2182 4.0
2182 1561 4.0
1561 2386 46.0
2386 1561 46.0
1562 2533 36.0
2533 1562 36.0
1562 3579 24.0
3579 1562 24.0
1563 2216 84.0
2216 1563 84.0
1563 2681 32.0
2681 1563 32.0
1563 3519 18.0
3519 1563 18.0
1563 3678 18.0
3678 1563 18.0
1564 1978 38.0
1978 1564 38.0
1564 2351 30.0
2351 1564 30.0
1565 3290 8.0
3290 1565 8.0
1565 3380 60.0
3380 1565 60.0
1566 3085 38.0
3085 1566 38.0
1566 2987 168.0
2987 1566 168.0
1566 2367 48.0
2367 1566 48.0
1566 2677 136.0
2677 1566 136.0
1567 3528 138.0
3528 1567 138.0
1567 1987 102.0
1987 1567 102.0
1568 3578 22.0
3578 1568 22.0
1568 2973 14.0
2973 1568 14.0
1569 1963 42.0
1963 1569 42.0
1569 3439 24.0
3439 1569 24.0
1570 2449 22.0
2449 1570 22.0
1571 3144 8.0
3144 1571 8.0
1571 3373 12.0
3373 1571 12.0
1571 2507 94.0
2507 1571 94.0
1571 2561 42.0
2561 1571 42.0
1572 3090 8.0
3090 1572 8.0
1572 3512 80.0
3512 1572 80.0
1572 3265 108.0
3265 1572 108.0
1572 2008 20.0
2008 1572 20.0
1574 2069 124.0
2069 1574 124.0
1574 2890 130.0
2890 1574 130.0
1575 2733 30.0
2733 1575 30.0
1575 2055 80.0
2055 1575 80.0
1576 3416 58.0
3416 1576 58.0
1577 1900 116.0
1900 1577 116.0
1577 2488 16.0
2488 1577 16.0
1578 3230 58.0
3230 1578 58.0
1578 1879 106.0
1879 1578 106.0
1578 3684 156.0
3684 1578 156.0
1579 1984 58.0
1984 1579 58.0
1579 3709 40.0
3709 1579 40.0
1580 3675 24.0
3675 1580 24.0
1580 2224 94.0
2224 1580 94.0
1580 3308 8.0
3308 1580 8.0
1581 1883 64.0
1883 1581 64.0
1581 2034 4.0
2034 1581 4.0
1581 2320 40.0
2320 1581 40.0
1581 1857 128.0
1857 1581 128.0
1582 3319 36.0
3319 1582 36.0
1582 3503 36.0
3503 1582 36.0
1582 2014 46.0
2014 1582 46.0
1583 3045 8.0
3045 1583 8.0
1584 2358 4.0
2358 1584 4.0
1584 2719 32.0
2719 1584 32.0
1585 1952 122.0
1952 1585 122.0
1585 3665 78.0
3665 1585 78.0
1586 2392 36.0
2392 1586 36.0
1586 2014 40.0
2014 1586 40.0
1587 2032 42.0
2032 1587 42.0
1588 2802 40.0
2802 1588 40.0
1588 3470 88.0
3470 1588 88.0
1588 2925 58.0
2925 1588 58.0
1588 2381 6.0
2381 1588 6.0
1590 1808 20.0
1808 1590 20.0
1590 3008 94.0
3008 1590 94.0
1591 2750 74.0
2750 1591 74.0
1591 2063 64.0
2063 1591 64.0
1592 1735 100.0
1735 1592 100.0
1593 2441 78.0
2441 1593 78.0
1593 1743 26.0
1743 1593 26.0
1593 3006 60.0
3006 1593 60.0
1594 3407 60.0
3407 1594 60.0
1595 1687 20.0
1687 1595 20.0
1595 3414 58.0
3414 1595 58.0
1595 3007 106.0
3007 1595 106.0
1596 3382 26.0
3382 1596 26.0
1597 3471 48.0
3471 1597 48.0
1598 1716 116.0
1716 1598 116.0
1598 2162 110.0
2162 1598 110.0
1599 2689 68.0
2689 1599 68.0
1599 3552 78.0
3552 1599 78.0
1600 2765 102.0
2765 1600 102.0
1600 3702 162.0
3702 1600 162.0
1601 2498 46.0
2498 1601 46.0
1602 3122 16.0
3122 1602 16.0
1602 1942 94.0
1942 1602 94.0
1603 2031 36.0
2031 1603 36.0
1603 2248 76.0
2248 1603 76.0
1604 3692 6.0
3692 1604 6.0
1605 3661 102.0
3661 1605 102.0
1605 2340 28.0
2340 1605 28.0
1605 3171 64.0
3171 1605 64.0
1606 2841 70.0
2841 1606 70.0
1608 2686 28.0
2686 1608 28.0
1608 3181 36.0
3181 1608 36.0
1608 2617 94.0
2617 1608 94.0
1608 2920 54.0
2920 1608 54.0
1609 2837 2.0
2837 1609 2.0
1609 3150 104.0
3150 1609 104.0
1609 3644 44.0
3644 1609 44.0
1610 2078 100.0
2078 1610 100.0
1610 1612 34.0
1612 1610 34.0
1610 2003 26.0
2003 1610 26.0
1611 2470 4.0
2470 1611 4.0
1612 3116 100.0
3116 1612 100.0
1612 1765 26.0
1765 1612 26.0
1613 2077 22.0
2077 1613 22.0
1613 3618 48.0
3618 1613 48.0
1614 2982 22.0
2982 1614 22.0
1614 1898 136.0
1898 1614 136.0
1614 2529 20.0
2529 1614 20.0
1615 2478 2.0
2478 1615 2.0
1615 1828 88.0
1828 1615 88.0
1615 1732 34.0
1732 1615 34.0
1616 2908 66.0
2908 1616 66.0
1616 2702 70.0
2702 1616 70.0
1616 3711 12.0
3711 1616 12.0
1617 1774 168.0
1774 1617 168.0
1617 3332 122.0
3332 1617 122.0
1617 1698 136.0
1698 1617 136.0
1618 2334 26.0
2334 1618 26.0
1619 2584 102.0
2584 1619 102.0
1619 3710 86.0
3710 1619 86.0
1619 1918 60.0
1918 1619 60.0
1621 2682 32.0
2682 1621 32.0
1621 1737 28.0
1737 1621 28.0
1621 2040 32.0
2040 1621 32.0
1622 1882 142.0
1882 1622 142.0
1622 2691 58.0
2691 1622 58.0
1623 2641 3.0
2641 1623 3.0
1623 2073 41.0
2073 1623 41.0
1624 3557 176.0
3557 1624 176.0
1624 1933 102.0
1933 1624 102.0
1625 3697 32.0
3697 1625 32.0
1625 1668 10.0
1668 1625 10.0
1625 3019 28.0
3019 1625 28.0
1626 2887 114.0
2887 1626 114.0
1626 2021 100.0
2021 1626 100.0
1626 1944 58.0
1944 1626 58.0
1627 1843 40.0
1843 1627 40.0
1627 2501 22.0
2501 1627 22.0
1627 2687 4.0
2687 1627 4.0
1628 1661 52.0
1661 1628 52.0
1628 3089 8.0
3089 1628 8.0
1629 3684 106.0
3684 1629 106.0
1629 1879 156.0
1879 1629 156.0
1631 2305 64.0
2305 1631 64.0
1632 3142 20.0
3142 1632 20.0
1632 1725 60.0
1725 1632 60.0
1633 1969 44.0
1969 1633 44.0
1633 2100 52.0
2100 1633 52.0
1633 2420 50.0
2420 1633 50.0
1634 2027 6.0
2027 1634 6.0
1634 3288 86.0
3288 1634 86.0
1634 2483 76.0
2483 1634 76.0
1635 2732 38.0
2732 1635 38.0
1635 1711 32.0
1711 1635 32.0
1636 2218 52.0
2218 1636 52.0
1636 3578 30.0
3578 1636 30.0
1637 2794 60.0
2794 1637 60.0
1637 2177 32.0
2177 1637 32.0
1637 2032 30.0
2032 1637 30.0
1638 3242 24.0
3242 1638 24.0
1638 2850 58.0
2850 1638 58.0
1639 3463 18.0
3463 1639 18.0
1640 2710 2.0
2710 1640 2.0
1640 3053 10.0
3053 1640 10.0
1640 2739 18.0
2739 1640 18.0
1642 2134 96.0
2134 1642 96.0
1642 2832 54.0
2832 1642 54.0
1643 2088 22.0
2088 1643 22.0
1643 2464 74.0
2464 1643 74.0
1643 3362 168.0
3362 1643 168.0
1644 2306 8.0
2306 1644 8.0
1644 1724 108.0
1724 1644 108.0
1645 3431 32.0
3431 1645 32.0
1645 3480 94.0
3480 1645 94.0
1645 3562 96.0
3562 1645 96.0
1646 3120 28.0
3120 1646 28.0
1646 2366 50.0
2366 1646 50.0
1648 3652 16.0
3652 1648 16.0
1649 2047 24.0
2047 1649 24.0
1649 3128 132.0
3128 1649 132.0
1650 3591 8.0
3591 1650 8.0
1650 3295 112.0
3295 1650 112.0
1650 2919 40.0
2919 1650 40.0
1651 1950 2.0
1950 1651 2.0
1651 2110 46.0
2110 1651 46.0
1652 3508 52.0
3508 1652 52.0
1652 2081 104.0
2081 1652 104.0
1653 1767 36.0
1767 1653 36.0
1653 2209 4.0
2209 1653 4.0
1653 2762 32.0
2762 1653 32.0
1654 1809 4.0
1809 1654 4.0
1654 3121 138.0
3121 1654 138.0
1654 3498 52.0
3498 1654 52.0
1654 2626 76.0
2626 1654 76.0
1655 3570 60.0
3570 1655 60.0
1655 2958 92.0
2958 1655 92.0
1655 2178 6.0
2178 1655 6.0
1655 2809 46.0
2809 1655 46.0
1656 2563 88.0
2563 1656 88.0
1656 1997 6.0
1997 1656 6.0
1657 3363 14.0
3363 1657 14.0
1657 3272 72.0
3272 1657 72.0
1658 2814 184.0
2814 1658 184.0
1659 3390 56.0
3390 1659 56.0
1659 1868 42.0
1868 1659 42.0
1660 2440 46.0
2440 1660 46.0
1660 3276 70.0
3276 1660 70.0
1661 3088 36.0
3088 1661 36.0
1661 3243 8.0
3243 1661 8.0
1662 2464 24.0
2464 1662 24.0
1662 1912 30.0
1912 1662 30.0
1662 2256 36.0
2256 1662 36.0
1663 3021 34.0
3021 1663 34.0
1664 3443 44.0
3443 1664 44.0
1664 2758 58.0
2758 1664 58.0
1664 2087 76.0
2087 1664 76.0
1665 1929 58.0
1929 1665 58.0
1665 1758 130.0
1758 1665 130.0
1666 3452 36.0
3452 1666 36.0
1667 3096 158.0
3096 1667 158.0
1667 2975 20.0
2975 1667 20.0
1668 3638 32.0
3638 1668 32.0
1668 3146 28.0
3146 1668 28.0
1669 3035 14.0
3035 1669 14.0
1669 2328 52.0
2328 1669 52.0
1670 1748 34.0
1748 1670 34.0
1670 2223 8.0
2223 1670 8.0
1671 2969 12.0
2969 1671 12.0
1671 2129 20.0
2129 1671 20.0
1672 3057 4.0
3057 1672 4.0
1673 1736 40.0
1736 1673 40.0
1673 1798 94.0
1798 1673 94.0
1674 3257 50.0
3257 1674 50.0
1675 2551 52.0
2551 1675 52.0
1675 2647 32.0
2647 1675 32.0
1675 2200 12.0
2200 1675 12.0
1676 3506 30.0
3506 1676 30.0
1676 3281 64.0
3281 1676 64.0
1677 3044 50.0
3044 1677 50.0
1678 2316 4.0
2316 1678 4.0
1678 1955 162.0
1955 1678 162.0
1679 3324 74.0
3324 1679 74.0
1679 3166 78.0
3166 1679 78.0
1680 2887 32.0
2887 1680 32.0
1680 2471 122.0
2471 1680 122.0
1681 2658 38.0
2658 1681 38.0
1682 2875 2.0
2875 1682 2.0
1682 1917 44.0
1917 1682 44.0
1683 3456 56.0
3456 1683 56.0
1683 3640 4.0
3640 1683 4.0
1683 3203 24.0
3203 1683 24.0
1684 2766 40.0
2766 1684 40.0
1684 2109 38.0
2109 1684 38.0
1685 2913 96.0
2913 1685 96.0
1685 2324 26.0
2324 1685 26.0
1686 2908 20.0
2908 1686 20.0
1686 2852 40.0
2852 1686 40.0
1687 1872 44.0
1872 1687 44.0
1687 3167 58.0
3167 1687 58.0
1688 3286 22.0
3286 1688 22.0
1688 2078 6.0
2078 1688 6.0
1689 2336 84.0
2336 1689 84.0
1689 3220 138.0
3220 1689 138.0
1690 2351 34.0
2351 1690 34.0
1690 3408 98.0
3408 1690 98.0
1691 2804 88.0
2804 1691 88.0
1691 2051 4.0
2051 1691 4.0
1691 2942 44.0
2942 1691 44.0
1692 2758 44.0
2758 1692 44.0
1692 3443 58.0
3443 1692 58.0
1693 3302 60.0
3302 1693 60.0
1693 1754 126.0
1754 1693 126.0
1693 3520 44.0
3520 1693 44.0
1694 2894 36.0
2894 1694 36.0
1694 3675 8.0
3675 1694 8.0
1694 3308 24.0
3308 1694 24.0
1694 1741 132.0
1741 1694 132.0
1695 2454 178.0
2454 1695 178.0
1695 2964 42.0
2964 1695 42.0
1695 3352 124.0
3352 1695 124.0
1695 2469 14.0
2469 1695 14.0
1696 2616 6.0
2616 1696 6.0
1696 2535 8.0
2535 1696 8.0
1696 2276 42.0
2276 1696 42.0
1697 3138 4.0
3138 1697 4.0
1699 2237 68.0
2237 1699 68.0
1699 3606 82.0
3606 1699 82.0
1699 3645 50.0
3645 1699 50.0
1699 2753 22.0
2753 1699 22.0
1700 2275 10.0
2275 1700 10.0
1700 2587 52.0
2587 1700 52.0
1701 1715 104.0
1715 1701 104.0
1701 2109 66.0
2109 1701 66.0
1702 3527 28.0
3527 1702 28.0
1703 2577 132.0
2577 1703 132.0
1703 1873 104.0
1873 1703 104.0
1704 3040 32.0
3040 1704 32.0
1704 2701 122.0
2701 1704 122.0
1705 3329 106.0
3329 1705 106.0
1705 2025 88.0
2025 1705 88.0
1706 3448 68.0
3448 1706 68.0
1707 2975 158.0
2975 1707 158.0
1707 3096 20.0
3096 1707 20.0
1707 1862 130.0
1862 1707 130.0
1708 3467 68.0
3467 1708 68.0
1708 3399 28.0
3399 1708 28.0
1708 2105 54.0
2105 1708 54.0
1709 2660 44.0
2660 1709 44.0
1709 2363 38.0
2363 1709 38.0
1710 2955 14.0
2955 1710 14.0
1711 3182 38.0
3182 1711 38.0
1711 3227 86.0
3227 1711 86.0
1711 3393 40.0
3393 1711 40.0
1712 3264 50.0
3264 1712 50.0
1713 2058 98.0
2058 1713 98.0
1714 3587 200.0
3587 1714 200.0
1715 1860 30.0
1860 1715 30.0
1716 2442 110.0
2442 1716 110.0
1716 3652 26.0
3652 1716 26.0
1717 3172 54.0
3172 1717 54.0
1717 3619 42.0
3619 1717 42.0
1718 2343 10.0
2343 1718 10.0
1718 3493 200.0
3493 1718 200.0
1720 2825 140.0
2825 1720 140.0
1720 3294 122.0
3294 1720 122.0
1720 3147 80.0
3147 1720 80.0
1721 3668 66.0
3668 1721 66.0
1722 2770 40.0
2770 1722 40.0
1722 3565 50.0
3565 1722 50.0
1722 2141 64.0
2141 1722 64.0
1722 3506 30.0
3506 1722 30.0
1723 2700 70.0
2700 1723 70.0
1723 3493 142.0
3493 1723 142.0
1723 3671 66.0
3671 1723 66.0
1725 2821 20.0
2821 1725 20.0
1726 2522 50.0
2522 1726 50.0
1726 2463 32.0
2463 1726 32.0
1727 1825 102.0
1825 1727 102.0
1727 2156 4.0
2156 1727 4.0
1727 2722 32.0
2722 1727 32.0
1728 2733 55.0
2733 1728 55.0
1729 2622 44.0
2622 1729 44.0
1729 2923 126.0
2923 1729 126.0
1729 2387 38.0
2387 1729 38.0
1729 2035 44.0
2035 1729 44.0
1730 3057 168.0
3057 1730 168.0
1730 2913 12.0
2913 1730 12.0
1731 3612 20.0
3612 1731 20.0
1731 3574 136.0
3574 1731 136.0
1731 2473 146.0
2473 1731 146.0
1732 2545 2.0
2545 1732 2.0
1732 2166 128.0
2166 1732 128.0
1733 3500 40.0
3500 1733 40.0
1733 1871 160.0
1871 1733 160.0
1733 1825 122.0
1825 1733 122.0
1734 2829 14.0
2829 1734 14.0
1734 3697 40.0
3697 1734 40.0
1735 3437 56.0
3437 1735 56.0
1735 2819 48.0
2819 1735 48.0
1737 3069 32.0
3069 1737 32.0
1737 3416 44.0
3416 1737 44.0
1738 2640 184.0
2640 1738 184.0
1738 3615 134.0
3615 1738 134.0
1739 3136 28.0
3136 1739 28.0
1740 3667 16.0
3667 1740 16.0
1740 2616 60.0
2616 1740 60.0
1742 2010 88.0
2010 1742 88.0
1742 3609 80.0
3609 1742 80.0
1743 3183 78.0
3183 1743 78.0
1743 2895 12.0
2895 1743 12.0
1744 2048 22.0
2048 1744 22.0
1744 2046 100.0
2046 1744 100.0
1745 2713 46.0
2713 1745 46.0
1745 2857 86.0
2857 1745 86.0
1745 2588 32.0
2588 1745 32.0
1746 2254 32.0
2254 1746 32.0
1746 2322 156.0
2322 1746 156.0
1746 2360 30.0
2360 1746 30.0
1747 1866 54.0
1866 1747 54.0
1747 1799 28.0
1799 1747 28.0
1748 2415 70.0
2415 1748 70.0
1748 2378 8.0
2378 1748 8.0
1749 3659 58.0
3659 1749 58.0
1749 2221 106.0
2221 1749 106.0
1749 3617 140.0
3617 1749 140.0
1750 3048 140.0
3048 1750 140.0
1751 1780 28.0
1780 1751 28.0
1751 2991 28.0
2991 1751 28.0
1751 2265 110.0
2265 1751 110.0
1752 3260 78.0
3260 1752 78.0
1753 2762 8.0
2762 1753 8.0
1753 2190 52.0
2190 1753 52.0
1754 1968 60.0
1968 1754 60.0
1754 3428 30.0
3428 1754 30.0
1755 1856 98.0
1856 1755 98.0
1755 3156 20.0
3156 1755 20.0
1756 3628 12.0
3628 1756 12.0
1756 3494 12.0
3494 1756 12.0
1757 2349 130.0
2349 1757 130.0
1758 2179 102.0
2179 1758 102.0
1759 2748 78.0
2748 1759 78.0
1759 1802 60.0
1802 1759 60.0
1760 2427 34.0
2427 1760 34.0
1760 2771 20.0
2771 1760 20.0
1760 1882 110.0
1882 1760 110.0
1761 1893 114.0
1893 1761 114.0
1761 3666 66.0
3666 1761 66.0
1762 3676 102.0
3676 1762 102.0
1762 2776 40.0
2776 1762 40.0
1763 3636 14.0
3636 1763 14.0
1763 2609 66.0
2609 1763 66.0
1764 2800 2.0
2800 1764 2.0
1764 2655 22.0
2655 1764 22.0
1764 2694 66.0
2694 1764 66.0
1764 3639 18.0
3639 1764 18.0
1765 3415 60.0
3415 1765 60.0
1765 2003 34.0
2003 1765 34.0
1766 2009 30.0
2009 1766 30.0
1766 1895 96.0
1895 1766 96.0
1767 3080 40.0
3080 1767 40.0
1767 2355 4.0
2355 1767 4.0
1768 2764 60.0
2764 1768 60.0
1768 3525 32.0
3525 1768 32.0
1768 2450 90.0
2450 1768 90.0
1770 2929 6.0
2929 1770 6.0
1770 3134 86.0
3134 1770 86.0
1770 2369 4.0
2369 1770 4.0
1771 2913 4.0
2913 1771 4.0
1771 3185 26.0
3185 1771 26.0
1772 3063 94.0
3063 1772 94.0
1772 3239 122.0
3239 1772 122.0
1772 2730 34.0
2730 1772 34.0
1773 2832 60.0
2832 1773 60.0
1773 3135 68.0
3135 1773 68.0
1775 3455 100.0
3455 1775 100.0
1775 2247 42.0
2247 1775 42.0
1776 2907 56.0
2907 1776 56.0
1776 2428 44.0
2428 1776 44.0
1776 2124 20.0
2124 1776 20.0
1776 2222 12.0
2222 1776 12.0
1777 2890 88.0
2890 1777 88.0
1777 2702 66.0
2702 1777 66.0
1777 2908 70.0
2908 1777 70.0
1778 3278 26.0
3278 1778 26.0
1778 2410 14.0
2410 1778 14.0
1778 3447 42.0
3447 1778 42.0
1779 1844 6.0
1844 1779 6.0
1779 2046 88.0
2046 1779 88.0
1779 3369 12.0
3369 1779 12.0
1780 1822 42.0
1822 1780 42.0
1780 3266 28.0
3266 1780 28.0
1781 3548 43.0
3548 1781 43.0
1781 2784 40.0
2784 1781 40.0
1782 3577 30.0
3577 1782 30.0
1783 2007 10.0
2007 1783 10.0
1783 3588 22.0
3588 1783 22.0
1784 2779 2.0
2779 1784 2.0
1784 2983 120.0
2983 1784 120.0
1785 1987 6.0
1987 1785 6.0
1785 2892 48.0
2892 1785 48.0
1786 1850 56.0
1850 1786 56.0
1786 1993 82.0
1993 1786 82.0
1787 2012 30.0
2012 1787 30.0
1787 3397 62.0
3397 1787 62.0
1787 2587 16.0
2587 1787 16.0
1788 2318 72.0
2318 1788 72.0
1789 3545 19.0
3545 1789 19.0
1790 2408 126.0
2408 1790 126.0
1790 3348 70.0
3348 1790 70.0
1791 2066 48.0
2066 1791 48.0
1791 1979 42.0
1979 1791 42.0
1792 2010 80.0
2010 1792 80.0
1792 3567 158.0
3567 1792 158.0
1792 3609 88.0
3609 1792 88.0
1794 2690 56.0
2690 1794 56.0
1794 3094 46.0
3094 1794 46.0
1795 3163 66.0
3163 1795 66.0
1796 2543 50.0
2543 1796 50.0
1796 1971 60.0
1971 1796 60.0
1797 1817 14.0
1817 1797 14.0
1797 2231 34.0
2231 1797 34.0
1797 2729 54.0
2729 1797 54.0
1797 3126 108.0
3126 1797 108.0
1799 2358 54.0
2358 1799 54.0
1800 2502 24.0
2502 1800 24.0
1800 1965 34.0
1965 1800 34.0
1801 2390 136.0
2390 1801 136.0
1801 3458 142.0
3458 1801 142.0
1803 3370 22.0
3370 1803 22.0
1803 2625 10.0
2625 1803 10.0
1803 2675 24.0
2675 1803 24.0
1804 2017 52.0
2017 1804 52.0
1804 2504 24.0
2504 1804 24.0
1804 2140 68.0
2140 1804 68.0
1805 2134 54.0
2134 1805 54.0
1805 2545 40.0
2545 1805 40.0
1805 2832 96.0
2832 1805 96.0
1806 3423 4.0
3423 1806 4.0
1806 3306 40.0
3306 1806 40.0
1806 2134 8.0
2134 1806 8.0
1807 1998 32.0
1998 1807 32.0
1808 1981 96.0
1981 1808 96.0
1808 3232 98.0
3232 1808 98.0
1809 3356 98.0
3356 1809 98.0
1809 2672 76.0
2672 1809 76.0
1810 2353 22.0
2353 1810 22.0
1810 3495 36.0
3495 1810 36.0
1810 2585 20.0
2585 1810 20.0
1810 3353 14.0
3353 1810 14.0
1811 2049 4.0
2049 1811 4.0
1811 2130 36.0
2130 1811 36.0
1811 3228 20.0
3228 1811 20.0
1812 2301 10.0
2301 1812 10.0
1812 3357 5.0
3357 1812 5.0
1813 3409 116.0
3409 1813 116.0
1814 2269 92.0
2269 1814 92.0
1814 1873 80.0
1873 1814 80.0
1815 2284 44.0
2284 1815 44.0
1815 1914 38.0
1914 1815 38.0
1815 2847 24.0
2847 1815 24.0
1816 2259 100.0
2259 1816 100.0
1816 2424 14.0
2424 1816 14.0
1816 2334 46.0
2334 1816 46.0
1817 2447 106.0
2447 1817 106.0
1817 2653 108.0
2653 1817 108.0
1818 2315 38.0
2315 1818 38.0
1818 2321 64.0
2321 1818 64.0
1819 3077 160.0
3077 1819 160.0
1819 3526 2.0
3526 1819 2.0
1820 2559 62.0
2559 1820 62.0
1820 2614 40.0
2614 1820 40.0
1820 2185 72.0
2185 1820 72.0
1820 2342 44.0
2342 1820 44.0
1821 2677 48.0
2677 1821 48.0
1821 2367 136.0
2367 1821 136.0
1821 2783 28.0
2783 1821 28.0
1821 3002 24.0
3002 1821 24.0
1822 3351 162.0
3351 1822 162.0
1824 3499 112.0
3499 1824 112.0
1824 3591 102.0
3591 1824 102.0
1825 2127 40.0
2127 1825 40.0
1825 2135 4.0
2135 1825 4.0
1826 3410 64.0
3410 1826 64.0
1826 3208 14.0
3208 1826 14.0
1827 2502 94.0
2502 1827 94.0
1827 1841 6.0
1841 1827 6.0
1827 2891 58.0
2891 1827 58.0
1828 2709 2.0
2709 1828 2.0
1828 1919 44.0
1919 1828 44.0
1829 3466 14.0
3466 1829 14.0
1829 2307 64.0
2307 1829 64.0
1829 2468 104.0
2468 1829 104.0
1830 2444 72.0
2444 1830 72.0
1830 2028 58.0
2028 1830 58.0
1830 3434 10.0
3434 1830 10.0
1830 3405 42.0
3405 1830 42.0
1831 3686 20.0
3686 1831 20.0
1831 2697 4.0
2697 1831 4.0
1832 3440 52.0
3440 1832 52.0
1833 2215 166.0
2215 1833 166.0
1833 3142 80.0
3142 1833 80.0
1834 2959 20.0
2959 1834 20.0
1835 2782 24.0
2782 1835 24.0
1835 3151 118.0
3151 1835 118.0
1835 3154 12.0
3154 1835 12.0
1835 3444 58.0
3444 1835 58.0
1836 3468 18.0
3468 1836 18.0
1836 3413 86.0
3413 1836 86.0
1837 2085 28.0
2085 1837 28.0
1837 2920 44.0
2920 1837 44.0
1837 1966 94.0
1966 1837 94.0
1837 3431 28.0
3431 1837 28.0
1838 2632 20.0
2632 1838 20.0
1838 3299 12.0
3299 1838 12.0
1839 3109 18.0
3109 1839 18.0
1840 2404 60.0
2404 1840 60.0
1840 2494 42.0
2494 1840 42.0
1840 3030 36.0
3030 1840 36.0
1841 2671 94.0
2671 1841 94.0
1842 2098 40.0
2098 1842 40.0
1842 1930 100.0
1930 1842 100.0
1843 2625 58.0
2625 1843 58.0
1843 2977 22.0
2977 1843 22.0
1843 3234 24.0
3234 1843 24.0
1844 3409 12.0
3409 1844 12.0
1845 2768 92.0
2768 1845 92.0
1845 3570 60.0
3570 1845 60.0
1846 2920 94.0
2920 1846 94.0
1846 2617 54.0
2617 1846 54.0
1846 3317 72.0
3317 1846 72.0
1846 1966 44.0
1966 1846 44.0
1847 2423 134.0
2423 1847 134.0
1848 3091 102.0
3091 1848 102.0
1848 3566 58.0
3566 1848 58.0
1849 2377 106.0
2377 1849 106.0
1849 3082 66.0
3082 1849 66.0
1849 1894 122.0
1894 1849 122.0
1850 3394 4.0
3394 1850 4.0
1850 2669 68.0
2669 1850 68.0
1851 1951 6.0
1951 1851 6.0
1852 3204 140.0
3204 1852 140.0
1853 3180 14.0
3180 1853 14.0
1853 2538 42.0
2538 1853 42.0
1854 1890 112.0
1890 1854 112.0
1855 2960 46.0
2960 1855 46.0
1856 3514 40.0
3514 1856 40.0
1857 3307 64.0
3307 1857 64.0
1858 2003 6.0
2003 1858 6.0
1858 2792 124.0
2792 1858 124.0
1859 3698 34.0
3698 1859 34.0
1859 3621 82.0
3621 1859 82.0
1859 3542 28.0
3542 1859 28.0
1859 3100 4.0
3100 1859 4.0
1861 3499 102.0
3499 1861 102.0
1861 3295 8.0
3295 1861 8.0
1861 3591 112.0
3591 1861 112.0
1862 2452 20.0
2452 1862 20.0
1862 3490 162.0
3490 1862 162.0
1862 3313 142.0
3313 1862 142.0
1863 2242 88.0
2242 1863 88.0
1863 2446 66.0
2446 1863 66.0
1863 3522 32.0
3522 1863 32.0
1864 3653 94.0
3653 1864 94.0
1864 3312 24.0
3312 1864 24.0
1864 3664 60.0
3664 1864 60.0
1865 2114 40.0
2114 1865 40.0
1865 2916 4.0
2916 1865 4.0
1865 3098 88.0
3098 1865 88.0
1866 3514 80.0
3514 1866 80.0
1866 2358 28.0
2358 1866 28.0
1867 3678 26.0
3678 1867 26.0
1867 2404 36.0
2404 1867 36.0
1868 3349 58.0
3349 1868 58.0
1868 2084 49.0
2084 1868 49.0
1869 3037 44.0
3037 1869 44.0
1869 2294 84.0
2294 1869 84.0
1869 2748 24.0
2748 1869 24.0
1870 2807 36.0
2807 1870 36.0
1870 2049 54.0
2049 1870 54.0
1871 2926 32.0
2926 1871 32.0
1872 2846 114.0
2846 1872 114.0
1872 2295 112.0
2295 1872 112.0
1872 2546 58.0
2546 1872 58.0
1873 3245 132.0
3245 1873 132.0
1873 1985 34.0
1985 1873 34.0
1874 2205 6.0
2205 1874 6.0
1874 3027 14.0
3027 1874 14.0
1875 3178 28.0
3178 1875 28.0
1875 2337 12.0
2337 1875 12.0
1876 2181 10.0
2181 1876 10.0
1877 3081 52.0
3081 1877 52.0
1877 2262 86.0
2262 1877 86.0
1877 2935 24.0
2935 1877 24.0
1878 2409 30.0
2409 1878 30.0
1878 3071 54.0
3071 1878 54.0
1879 3703 40.0
3703 1879 40.0
1879 3548 23.0
3548 1879 23.0
1880 2181 12.0
2181 1880 12.0
1880 3189 154.0
3189 1880 154.0
1881 3479 6.0
3479 1881 6.0
1881 2326 44.0
2326 1881 44.0
1881 2547 28.0
2547 1881 28.0
1882 2258 20.0
2258 1882 20.0
1883 2006 32.0
2006 1883 32.0
1883 2395 4.0
2395 1883 4.0
1883 3307 128.0
3307 1883 128.0
1885 2395 12.0
2395 1885 12.0
1885 2034 52.0
2034 1885 52.0
1886 1948 70.0
1948 1886 70.0
1886 3504 28.0
3504 1886 28.0
1886 2823 66.0
2823 1886 66.0
1887 1970 52.0
1970 1887 52.0
1889 2804 8.0
2804 1889 8.0
1889 3329 80.0
3329 1889 80.0
1890 3337 74.0
3337 1890 74.0
1891 2923 44.0
2923 1891 44.0
1891 2622 126.0
2622 1891 126.0
1892 1949 22.0
1949 1892 22.0
1894 2179 106.0
2179 1894 106.0
1894 1911 66.0
1911 1894 66.0
1895 1957 48.0
1957 1895 48.0
1896 3055 80.0
3055 1896 80.0
1896 1923 20.0
1923 1896 20.0
1897 2526 78.0
2526 1897 78.0
1897 2638 58.0
2638 1897 58.0
1898 2317 30.0
2317 1898 30.0
1900 2870 18.0
2870 1900 18.0
1900 2236 16.0
2236 1900 16.0
1901 3681 34.0
3681 1901 34.0
1901 3100 2.0
3100 1901 2.0
1901 3643 28.0
3643 1901 28.0
1901 2033 18.0
2033 1901 18.0
1902 3629 46.0
3629 1902 46.0
1902 2911 4.0
2911 1902 4.0
1903 3214 56.0
3214 1903 56.0
1903 2760 154.0
2760 1903 154.0
1905 2663 36.0
2663 1905 36.0
1905 3224 66.0
3224 1905 66.0
1906 2909 136.0
2909 1906 136.0
1906 1935 24.0
1935 1906 24.0
1907 3465 122.0
3465 1907 122.0
1907 2038 16.0
2038 1907 16.0
1908 3055 94.0
3055 1908 94.0
1908 2220 22.0
2220 1908 22.0
1909 1942 98.0
1942 1909 98.0
1910 2414 4.0
2414 1910 4.0
1910 2279 24.0
2279 1910 24.0
1910 2862 134.0
2862 1910 134.0
1910 3328 82.0
3328 1910 82.0
1911 3082 122.0
3082 1911 122.0
1911 2263 158.0
2263 1911 158.0
1911 3073 102.0
3073 1911 102.0
1912 2932 24.0
2932 1912 24.0
1912 2312 112.0
2312 1912 112.0
1912 2170 36.0
2170 1912 36.0
1913 2000 56.0
2000 1913 56.0
1913 3368 46.0
3368 1913 46.0
1914 2885 44.0
2885 1914 44.0
1914 2627 62.0
2627 1914 62.0
1914 2660 24.0
2660 1914 24.0
1915 3697 64.0
3697 1915 64.0
1916 2324 28.0
2324 1916 28.0
1916 2746 12.0
2746 1916 12.0
1917 3150 2.0
3150 1917 2.0
1918 2435 86.0
2435 1918 86.0
1918 2323 90.0
2323 1918 90.0
1918 1934 24.0
1934 1918 24.0
1919 1954 54.0
1954 1919 54.0
1919 2938 16.0
2938 1919 16.0
1920 2239 10.0
2239 1920 10.0
1921 2859 64.0
2859 1921 64.0
1922 3502 70.0
3502 1922 70.0
1922 3504 44.0
3504 1922 44.0
1924 3015 4.0
3015 1924 4.0
1924 1996 52.0
1996 1924 52.0
1925 2413 98.0
2413 1925 98.0
1925 2828 22.0
2828 1925 22.0
1926 3193 12.0
3193 1926 12.0
1926 2797 46.0
2797 1926 46.0
1928 2272 118.0
2272 1928 118.0
1928 3283 28.0
3283 1928 28.0
1929 3459 70.0
3459 1929 70.0
1930 3391 40.0
3391 1930 40.0
1931 2895 2.0
2895 1931 2.0
1931 2417 66.0
2417 1931 66.0
1932 3511 34.0
3511 1932 34.0
1933 2099 176.0
2099 1933 176.0
1933 2044 130.0
2044 1933 130.0
1934 3005 90.0
3005 1934 90.0
1934 1982 60.0
1982 1934 60.0
1935 2027 72.0
2027 1935 72.0
1936 2221 66.0
2221 1936 66.0
1937 2708 22.0
2708 1937 22.0
1937 2820 102.0
2820 1937 102.0
1937 2015 98.0
2015 1937 98.0
1938 2825 162.0
2825 1938 162.0
1939 2366 68.0
2366 1939 68.0
1939 2554 18.0
2554 1939 18.0
1939 3599 14.0
3599 1939 14.0
1940 2952 46.0
2952 1940 46.0
1942 3199 66.0
3199 1942 66.0
1942 2163 58.0
2163 1942 58.0
1943 3640 4.0
3640 1943 4.0
1943 2917 84.0
2917 1943 84.0
1944 2377 32.0
2377 1944 32.0
1945 2827 6.0
2827 1945 6.0
1945 2369 150.0
2369 1945 150.0
1945 3651 86.0
3651 1945 86.0
1945 3624 46.0
3624 1945 46.0
1946 1993 20.0
1993 1946 20.0
1946 2519 26.0
2519 1946 26.0
1947 2578 26.0
2578 1947 26.0
1947 3468 74.0
3468 1947 74.0
1948 2547 86.0
2547 1948 86.0
1950 2375 46.0
2375 1950 46.0
1951 2520 30.0
2520 1951 30.0
1952 2393 16.0
2393 1952 16.0
1953 2090 42.0
2090 1953 42.0
1953 2451 4.0
2451 1953 4.0
1954 3252 16.0
3252 1954 16.0
1955 2406 4.0
2406 1955 4.0
1955 1959 32.0
1959 1955 32.0
1957 2929 42.0
2929 1957 42.0
1958 2633 66.0
2633 1958 66.0
1958 3050 58.0
3050 1958 58.0
1960 2662 184.0
2662 1960 184.0
1961 2526 58.0
2526 1961 58.0
1961 3031 162.0
3031 1961 162.0
1961 3400 106.0
3400 1961 106.0
1961 2638 78.0
2638 1961 78.0
1962 2190 64.0
2190 1962 64.0
1963 3398 44.0
3398 1963 44.0
1963 3576 102.0
3576 1963 102.0
1964 3206 122.0
3206 1964 122.0
1964 2022 94.0
2022 1964 94.0
1965 2927 52.0
2927 1965 52.0
1965 2891 94.0
2891 1965 94.0
1965 2504 22.0
2504 1965 22.0
1967 2143 154.0
2143 1967 154.0
1968 3260 16.0
3260 1968 16.0
1968 3302 126.0
3302 1968 126.0
1969 2608 88.0
2608 1969 88.0
1969 3130 52.0
3130 1969 52.0
1969 2836 30.0
2836 1969 30.0
1970 2935 60.0
2935 1970 60.0
1970 2310 36.0
2310 1970 36.0
1971 3658 50.0
3658 1971 50.0
1971 3064 74.0
3064 1971 74.0
1971 3694 66.0
3694 1971 66.0
1972 3215 38.0
3215 1972 38.0
1972 3324 94.0
3324 1972 94.0
1973 3628 66.0
3628 1973 66.0
1973 2835 18.0
2835 1973 18.0
1974 2074 42.0
2074 1974 42.0
1974 3200 18.0
3200 1974 18.0
1975 2921 106.0
2921 1975 106.0
1975 3388 52.0
3388 1975 52.0
1975 3648 60.0
3648 1975 60.0
1977 3028 100.0
3028 1977 100.0
1978 2039 6.0
2039 1978 6.0
1978 3099 30.0
3099 1978 30.0
1979 2204 36.0
2204 1979 36.0
1979 2853 4.0
2853 1979 4.0
1981 2719 42.0
2719 1981 42.0
1981 3419 66.0
3419 1981 66.0
1983 2364 58.0
2364 1983 58.0
1983 2075 60.0
2075 1983 60.0
1984 2599 134.0
2599 1984 134.0
1986 2401 102.0
2401 1986 102.0
1986 2071 14.0
2071 1986 14.0
1987 3346 138.0
3346 1987 138.0
1987 3038 48.0
3038 1987 48.0
1989 3194 12.0
3194 1989 12.0
1990 3378 14.0
3378 1990 14.0
1990 2259 82.0
2259 1990 82.0
1990 3669 46.0
3669 1990 46.0
1991 2851 2.0
2851 1991 2.0
1991 2079 88.0
2079 1991 88.0
1991 2002 84.0
2002 1991 84.0
1991 3538 34.0
3538 1991 34.0
1992 3215 2.0
3215 1992 2.0
1993 2428 26.0
2428 1993 26.0
1994 3205 22.0
3205 1994 22.0
1994 2529 4.0
2529 1994 4.0
1996 3047 4.0
3047 1996 4.0
1996 2948 138.0
2948 1996 138.0
1996 3253 150.0
3253 1996 150.0
1997 2977 58.0
2977 1997 58.0
1998 2863 60.0
2863 1998 60.0
1999 3115 94.0
3115 1999 94.0
2000 2974 106.0
2974 2000 106.0
2001 3464 92.0
3464 2001 92.0
2001 2689 32.0
2689 2001 32.0
2002 3518 88.0
3518 2002 88.0
2002 3395 22.0
3395 2002 22.0
2003 2728 124.0
2728 2003 124.0
2004 2688 14.0
2688 2004 14.0
2005 3119 2.0
3119 2005 2.0
2005 2763 32.0
2763 2005 32.0
2005 2199 26.0
2199 2005 26.0
2006 3540 36.0
3540 2006 36.0
2006 2557 4.0
2557 2006 4.0
2006 2209 128.0
2209 2006 128.0
2007 3267 50.0
3267 2007 50.0
2008 3458 8.0
3458 2008 8.0
2009 2040 58.0
2040 2009 58.0
2011 3180 152.0
3180 2011 152.0
2012 3704 52.0
3704 2012 52.0
2012 3105 62.0
3105 2012 62.0
2013 2412 124.0
2412 2013 124.0
2013 3161 88.0
3161 2013 88.0
2013 3107 112.0
3107 2013 112.0
2014 3262 36.0
3262 2014 36.0
2015 3579 102.0
3579 2015 102.0
2015 2357 48.0
2357 2015 48.0
2016 3648 7.0
3648 2016 7.0
2017 3139 24.0
3139 2017 24.0
2018 3581 136.0
3581 2018 136.0
2018 3303 20.0
3303 2018 20.0
2019 2597 124.0
2597 2019 124.0
2020 2118 22.0
2118 2020 22.0
2020 3353 58.0
3353 2020 58.0
2020 3287 20.0
3287 2020 20.0
2020 3603 14.0
3603 2020 14.0
2021 3078 114.0
3078 2021 114.0
2021 2094 16.0
2094 2021 16.0
2023 2481 6.0
2481 2023 6.0
2023 3280 58.0
3280 2023 58.0
2024 2096 66.0
2096 2024 66.0
2024 2910 20.0
2910 2024 20.0
2025 2193 44.0
2193 2025 44.0
2025 2492 74.0
2492 2025 74.0
2026 3481 124.0
3481 2026 124.0
2026 2984 14.0
2984 2026 14.0
2027 2724 76.0
2724 2027 76.0
2028 3487 10.0
3487 2028 10.0
2029 3063 122.0
3063 2029 122.0
2029 2482 102.0
2482 2029 102.0
2030 2064 52.0
2064 2030 52.0
2031 2626 52.0
2626 2031 52.0
2031 3498 76.0
3498 2031 76.0
2032 2644 60.0
2644 2032 60.0
2033 3649 34.0
3649 2033 34.0
2034 2703 40.0
2703 2034 40.0
2035 2398 44.0
2398 2035 44.0
2035 3227 38.0
3227 2035 38.0
2035 3182 86.0
3182 2035 86.0
2037 3416 54.0
3416 2037 54.0
2038 3033 122.0
3033 2038 122.0
2039 3484 138.0
3484 2039 138.0
2039 3210 30.0
3210 2039 30.0
2040 2793 32.0
2793 2040 32.0
2040 3296 96.0
3296 2040 96.0
2041 3027 40.0
3027 2041 40.0
2041 2711 120.0
2711 2041 120.0
2042 2585 22.0
2585 2042 22.0
2042 3300 36.0
3300 2042 36.0
2042 3343 14.0
3343 2042 14.0
2043 3647 76.0
3647 2043 76.0
2043 2738 94.0
2738 2043 94.0
2043 3195 46.0
3195 2043 46.0
2044 2657 24.0
2657 2044 24.0
2045 2466 60.0
2466 2045 60.0
2045 2246 74.0
2246 2045 74.0
2046 3035 22.0
3035 2046 22.0
2047 3383 118.0
3383 2047 118.0
2048 3035 100.0
3035 2048 100.0
2049 2431 36.0
2431 2049 36.0
2051 3387 42.0
3387 2051 42.0
2051 3268 44.0
3268 2051 44.0
2053 2586 56.0
2586 2053 56.0
2054 3202 62.0
3202 2054 62.0
2054 3076 56.0
3076 2054 56.0
2055 3205 8.0
3205 2055 8.0
2056 2811 62.0
2811 2056 62.0
2056 2125 20.0
2125 2056 20.0
2056 2742 114.0
2742 2056 114.0
2057 2298 76.0
2298 2057 76.0
2057 2117 52.0
2117 2057 52.0
2057 3662 102.0
3662 2057 102.0
2057 2886 8.0
2886 2057 8.0
2058 3075 66.0
3075 2058 66.0
2058 2453 46.0
2453 2058 46.0
2059 2714 78.0
2714 2059 78.0
2059 3403 78.0
3403 2059 78.0
2060 3228 20.0
3228 2060 20.0
2061 2901 28.0
2901 2061 28.0
2061 3159 8.0
3159 2061 8.0
2061 2490 72.0
2490 2061 72.0
2062 2888 102.0
2888 2062 102.0
2062 2549 4.0
2549 2062 4.0
2063 2212 40.0
2212 2063 40.0
2064 3217 46.0
3217 2064 46.0
2065 2107 8.0
2107 2065 8.0
2065 2709 54.0
2709 2065 54.0
2066 2197 66.0
2197 2066 66.0
2066 2624 96.0
2624 2066 96.0
2067 3030 56.0
3030 2067 56.0
2067 2177 46.0
2177 2067 46.0
2068 2631 39.0
2631 2068 39.0
2069 3237 102.0
3237 2069 102.0
2069 2086 102.0
2086 2069 102.0
2069 2174 130.0
2174 2069 130.0
2070 2761 60.0
2761 2070 60.0
2072 2892 38.0
2892 2072 38.0
2072 2351 8.0
2351 2072 8.0
2073 2087 14.0
2087 2073 14.0
2073 3057 50.0
3057 2073 50.0
2074 3678 18.0
3678 2074 18.0
2074 3519 18.0
3519 2074 18.0
2078 3713 22.0
3713 2078 22.0
2078 3116 34.0
3116 2078 34.0
2079 3006 2.0
3006 2079 2.0
2080 3236 68.0
3236 2080 68.0
2081 2314 52.0
2314 2081 52.0
2081 3160 20.0
3160 2081 20.0
2081 3469 94.0
3469 2081 94.0
2082 3208 42.0
3208 2082 42.0
2082 2432 22.0
2432 2082 22.0
2083 2750 6.0
2750 2083 6.0
2085 3561 44.0
3561 2085 44.0
2085 3464 28.0
3464 2085 28.0
2086 2701 102.0
2701 2086 102.0
2087 2860 44.0
2860 2087 44.0
2087 2849 50.0
2849 2087 50.0
2088 2676 168.0
2676 2088 168.0
2089 3026 66.0
3026 2089 66.0
2090 3296 48.0
3296 2090 48.0
2091 2688 60.0
2688 2091 60.0
2092 2897 22.0
2897 2092 22.0
2092 2261 12.0
2261 2092 12.0
2093 2322 12.0
2322 2093 12.0
2094 3687 114.0
3687 2094 114.0
2095 2829 64.0
2829 2095 64.0
2096 3354 50.0
3354 2096 50.0
2096 3366 20.0
3366 2096 20.0
2097 2451 58.0
2451 2097 58.0
2097 3550 30.0
3550 2097 30.0
2097 3699 150.0
3699 2097 150.0
2098 2219 20.0
2219 2098 20.0
2098 3391 100.0
3391 2098 100.0
2099 3557 102.0
3557 2099 102.0
2100 3130 44.0
3130 2100 44.0
2100 2234 48.0
2234 2100 48.0
2100 2104 50.0
2104 2100 50.0
2101 3245 66.0
3245 2101 66.0
2101 3050 104.0
3050 2101 104.0
2102 2529 14.0
2529 2102 14.0
2102 3303 44.0
3303 2102 44.0
2103 2506 28.0
2506 2103 28.0
2104 2397 66.0
2397 2104 66.0
2104 2420 52.0
2420 2104 52.0
2105 3356 28.0
3356 2105 28.0
2105 2550 94.0
2550 2105 94.0
2106 2830 30.0
2830 2106 30.0
2106 2995 4.0
2995 2106 4.0
2106 3240 72.0
3240 2106 72.0
2108 2909 6.0
2909 2108 6.0
2108 3624 2.0
3624 2108 2.0
2109 3672 40.0
3672 2109 40.0
2110 2375 2.0
2375 2110 2.0
2111 3619 54.0
3619 2111 54.0
2111 3172 42.0
3172 2111 42.0
2111 3514 20.0
3514 2111 20.0
2112 2243 4.0
2243 2112 4.0
2112 2553 12.0
2553 2112 12.0
2112 3399 68.0
3399 2112 68.0
2112 3467 28.0
3467 2112 28.0
2113 2613 6.0
2613 2113 6.0
2113 2380 8.0
2380 2113 8.0
2113 3470 40.0
3470 2113 40.0
2113 2802 88.0
2802 2113 88.0
2114 2291 88.0
2291 2114 88.0
2115 3453 4.0
3453 2115 4.0
2116 3491 18.0
3491 2116 18.0
2116 2754 31.0
2754 2116 31.0
2117 3554 76.0
3554 2117 76.0
2117 2119 102.0
2119 2117 102.0
2118 3280 40.0
3280 2118 40.0
2118 3596 14.0
3596 2118 14.0
2119 3158 60.0
3158 2119 60.0
2119 2330 60.0
2330 2119 60.0
2119 3662 52.0
3662 2119 52.0
2120 2421 82.0
2421 2120 82.0
2120 2147 26.0
2147 2120 26.0
2122 2732 48.0
2732 2122 48.0
2124 2519 44.0
2519 2124 44.0
2124 3095 92.0
3095 2124 92.0
2124 2652 12.0
2652 2124 12.0
2125 2510 62.0
2510 2125 62.0
2125 3508 114.0
3508 2125 114.0
2126 2928 34.0
2928 2126 34.0
2127 2759 58.0
2759 2127 58.0
2127 3500 122.0
3500 2127 122.0
2128 2517 88.0
2517 2128 88.0
2128 2267 60.0
2267 2128 60.0
2129 3350 12.0
3350 2129 12.0
2129 3179 76.0
3179 2129 76.0
2130 2431 4.0
2431 2130 4.0
2131 3582 60.0
3582 2131 60.0
2131 3173 28.0
3173 2131 28.0
2131 3217 84.0
3217 2131 84.0
2132 3404 26.0
3404 2132 26.0
2132 2270 134.0
2270 2132 134.0
2133 3215 26.0
3215 2133 26.0
2134 3571 40.0
3571 2134 40.0
2135 2156 102.0
2156 2135 102.0
2136 3312 94.0
3312 2136 94.0
2136 3653 24.0
3653 2136 24.0
2137 3521 2.0
3521 2137 2.0
2138 3157 58.0
3157 2138 58.0
2138 3483 112.0
3483 2138 112.0
2138 3457 120.0
3457 2138 120.0
2139 3156 36.0
3156 2139 36.0
2140 2629 94.0
2629 2140 94.0
2141 3046 50.0
3046 2141 50.0
2142 3402 74.0
3402 2142 74.0
2143 3257 4.0
3257 2143 4.0
2144 2304 2.0
2304 2144 2.0
2144 3283 102.0
3283 2144 102.0
2145 2576 56.0
2576 2145 56.0
2145 3569 40.0
3569 2145 40.0
2146 2692 6.0
2692 2146 6.0
2146 3612 8.0
3612 2146 8.0
2147 3118 82.0
3118 2147 82.0
2147 3394 82.0
3394 2147 82.0
2148 2685 58.0
2685 2148 58.0
2148 3372 8.0
3372 2148 8.0
2148 3072 10.0
3072 2148 10.0
2149 2511 12.0
2511 2149 12.0
2150 2975 66.0
2975 2150 66.0
2150 3132 142.0
3132 2150 142.0
2151 2310 30.0
2310 2151 30.0
2152 2911 60.0
2911 2152 60.0
2153 2374 66.0
2374 2153 66.0
2154 2780 24.0
2780 2154 24.0
2155 2923 38.0
2923 2155 38.0
2155 3293 116.0
3293 2155 116.0
2155 2387 126.0
2387 2155 126.0
2156 3254 32.0
3254 2156 32.0
2157 3264 92.0
3264 2157 92.0
2157 2749 90.0
2749 2157 90.0
2157 2277 132.0
2277 2157 132.0
2158 2420 4.0
2420 2158 4.0
2158 3580 66.0
3580 2158 66.0
2159 2614 72.0
2614 2159 72.0
2159 2185 40.0
2185 2159 40.0
2160 2508 60.0
2508 2160 60.0
2160 2350 20.0
2350 2160 20.0
2161 3690 24.0
3690 2161 24.0
2161 3052 60.0
3052 2161 60.0
2161 2980 64.0
2980 2161 64.0
2161 2476 28.0
2476 2161 28.0
2162 2442 116.0
2442 2162 116.0
2162 3656 30.0
3656 2162 30.0
2162 2211 6.0
2211 2162 6.0
2165 3475 47.0
3475 2165 47.0
2166 2969 40.0
2969 2166 40.0
2167 2284 37.0
2284 2167 37.0
2168 3315 2.0
3315 2168 2.0
2168 2831 94.0
2831 2168 94.0
2168 2655 82.0
2655 2168 82.0
2169 2573 27.0
2573 2169 27.0
2170 2256 30.0
2256 2170 30.0
2171 2991 30.0
2991 2171 30.0
2171 3285 104.0
3285 2171 104.0
2172 2814 124.0
2814 2172 124.0
2172 2601 150.0
2601 2172 150.0
2173 3324 2.0
3324 2173 2.0
2173 3606 68.0
3606 2173 68.0
2173 2237 82.0
2237 2173 82.0
2174 3016 102.0
3016 2174 102.0
2174 2890 124.0
2890 2174 124.0
2174 2518 70.0
2518 2174 70.0
2175 2525 6.0
2525 2175 6.0
2175 3491 58.0
3491 2175 58.0
2175 2870 14.0
2870 2175 14.0
2176 3126 54.0
3126 2176 54.0
2176 2729 108.0
2729 2176 108.0
2178 3327 92.0
3327 2178 92.0
2178 3442 46.0
3442 2178 46.0
2179 2822 58.0
2822 2179 58.0
2179 2377 122.0
2377 2179 122.0
2180 2457 34.0
2457 2180 34.0
2180 3585 130.0
3585 2180 130.0
2180 2803 28.0
2803 2180 28.0
2182 3068 46.0
3068 2182 46.0
2184 2845 6.0
2845 2184 6.0
2184 2548 24.0
2548 2184 24.0
2184 2648 40.0
2648 2184 40.0
2184 3117 60.0
3117 2184 60.0
2185 3689 44.0
3689 2185 44.0
2186 2704 12.0
2704 2186 12.0
2186 2707 40.0
2707 2186 40.0
2187 2488 6.0
2488 2187 6.0
2188 2834 46.0
2834 2188 46.0
2188 2824 44.0
2824 2188 44.0
2189 2448 22.0
2448 2189 22.0
2189 3206 112.0
3206 2189 112.0
2192 3492 14.0
3492 2192 14.0
2192 2439 28.0
2439 2192 28.0
2192 3667 12.0
3667 2192 12.0
2193 3291 106.0
3291 2193 106.0
2193 3064 50.0
3064 2193 50.0
2193 3658 74.0
3658 2193 74.0
2194 3569 16.0
3569 2194 16.0
2194 2439 32.0
2439 2194 32.0
2196 2518 124.0
2518 2196 124.0
2196 2890 70.0
2890 2196 70.0
2196 2908 88.0
2908 2196 88.0
2197 3249 70.0
3249 2197 70.0
2198 2523 64.0
2523 2198 64.0
2198 2775 48.0
2775 2198 48.0
2199 3292 2.0
3292 2199 2.0
2199 3235 32.0
3235 2199 32.0
2200 2916 52.0
2916 2200 52.0
2201 3020 4.0
3020 2201 4.0
2202 3631 162.0
3631 2202 162.0
2202 3137 24.0
3137 2202 24.0
2203 3647 94.0
3647 2203 94.0
2203 2738 76.0
2738 2203 76.0
2204 3629 30.0
3629 2204 30.0
2204 3153 4.0
3153 2204 4.0
2205 2381 126.0
2381 2205 126.0
2205 3348 14.0
3348 2205 14.0
2206 2678 16.0
2678 2206 16.0
2206 2282 120.0
2282 2206 120.0
2207 3543 4.0
3543 2207 4.0
2207 2245 44.0
2245 2207 44.0
2208 2285 82.0
2285 2208 82.0
2208 3228 42.0
3228 2208 42.0
2209 2355 36.0
2355 2209 36.0
2209 3307 32.0
3307 2209 32.0
2211 3650 30.0
3650 2211 30.0
2212 2806 4.0
2806 2212 4.0
2212 3258 30.0
3258 2212 30.0
2212 2218 48.0
2218 2212 48.0
2214 2367 28.0
2367 2214 28.0
2214 3432 168.0
3432 2214 168.0
2214 2783 136.0
2783 2214 136.0
2215 3204 160.0
3204 2215 160.0
2215 3209 80.0
3209 2215 80.0
2218 3693 30.0
3693 2218 30.0
2220 2775 102.0
2775 2220 102.0
2222 3197 56.0
3197 2222 56.0
2222 2652 20.0
2652 2222 20.0
2223 2378 34.0
2378 2223 34.0
2223 2524 94.0
2524 2223 94.0
2225 2549 172.0
2549 2225 172.0
2226 2824 100.0
2824 2226 100.0
2227 3103 34.0
3103 2227 34.0
2229 2603 30.0
2603 2229 30.0
2230 2245 10.0
2245 2230 10.0
2230 2941 24.0
2941 2230 24.0
2231 3338 50.0
3338 2231 50.0
2231 2639 54.0
2639 2231 54.0
2232 3421 42.0
3421 2232 42.0
2232 2884 12.0
2884 2232 12.0
2233 2297 64.0
2297 2233 64.0
2233 2654 23.0
2654 2233 23.0
2234 2543 4.0
2543 2234 4.0
2235 2530 138.0
2530 2235 138.0
2236 3162 18.0
3162 2236 18.0
2236 2488 116.0
2488 2236 116.0
2236 2962 32.0
2962 2236 32.0
2237 3334 2.0
3334 2237 2.0
2237 2877 22.0
2877 2237 22.0
2238 3533 80.0
3533 2238 80.0
2238 2632 66.0
2632 2238 66.0
2239 3264 8.0
3264 2239 8.0
2240 2922 18.0
2922 2240 18.0
2240 3483 162.0
3483 2240 162.0
2241 2268 52.0
2268 2241 52.0
2241 3075 40.0
3075 2241 40.0
2242 3086 32.0
3086 2242 32.0
2243 2513 8.0
2513 2243 8.0
2243 2699 12.0
2699 2243 12.0
2243 3589 28.0
3589 2243 28.0
2244 2332 38.0
2332 2244 38.0
2245 3013 21.0
3013 2245 21.0
2247 3453 116.0
3453 2247 116.0
2248 3498 36.0
3498 2248 36.0
2249 2348 12.0
2348 2249 12.0
2249 3386 10.0
3386 2249 10.0
2250 2411 8.0
2411 2250 8.0
2250 3210 138.0
3210 2250 138.0
2250 3484 30.0
3484 2250 30.0
2251 2434 58.0
2434 2251 58.0
2252 3443 36.0
3443 2252 36.0
2253 2746 96.0
2746 2253 96.0
2254 2857 146.0
2857 2254 146.0
2254 3716 46.0
3716 2254 46.0
2255 2358 66.0
2358 2255 66.0
2255 2316 32.0
2316 2255 32.0
2256 3446 168.0
3446 2256 168.0
2257 2764 26.0
2764 2257 26.0
2257 2340 86.0
2340 2257 86.0
2258 2771 110.0
2771 2258 110.0
2259 3316 14.0
3316 2259 14.0
2260 3627 88.0
3627 2260 88.0
2260 3333 106.0
3333 2260 106.0
2260 2636 112.0
2636 2260 112.0
2261 3168 22.0
3168 2261 22.0
2262 3243 60.0
3243 2262 60.0
2264 2321 60.0
2321 2264 60.0
2264 2399 22.0
2399 2264 22.0
2264 3441 40.0
3441 2264 40.0
2266 3463 158.0
3463 2266 158.0
2266 3433 46.0
3433 2266 46.0
2268 2906 98.0
2906 2268 98.0
2268 3463 56.0
3463 2268 56.0
2270 2490 26.0
2490 2270 26.0
2270 2714 76.0
2714 2270 76.0
2273 3043 76.0
3043 2273 76.0
2273 3413 20.0
3413 2273 20.0
2274 2693 48.0
2693 2274 48.0
2275 3347 52.0
3347 2275 52.0
2276 2467 14.0
2467 2276 14.0
2277 3158 60.0
3158 2277 60.0
2277 2786 90.0
2786 2277 90.0
2277 2330 60.0
2330 2277 60.0
2278 3598 20.0
3598 2278 20.0
2279 2808 4.0
2808 2279 4.0
2279 2283 134.0
2283 2279 134.0
2280 2519 92.0
2519 2280 92.0
2280 3095 44.0
3095 2280 44.0
2281 2859 32.0
2859 2281 32.0
2281 2788 12.0
2788 2281 12.0
2281 2674 90.0
2674 2281 90.0
2282 2374 70.0
2374 2282 70.0
2283 3401 104.0
3401 2283 104.0
2283 2862 24.0
2862 2283 24.0
2284 2704 114.0
2704 2284 114.0
2284 2885 38.0
2885 2284 38.0
2285 2628 8.0
2628 2285 8.0
2286 3707 122.0
3707 2286 122.0
2286 2482 130.0
2482 2286 130.0
2286 2448 70.0
2448 2286 70.0
2287 2376 89.0
2376 2287 89.0
2288 2788 30.0
2788 2288 30.0
2288 2456 32.0
2456 2288 32.0
2289 3682 56.0
3682 2289 56.0
2289 3138 30.0
3138 2289 30.0
2290 3381 58.0
3381 2290 58.0
2291 3098 40.0
3098 2291 40.0
2291 2650 62.0
2650 2291 62.0
2292 2559 44.0
2559 2292 44.0
2292 2342 62.0
2342 2292 62.0
2292 3196 42.0
3196 2292 42.0
2293 2400 74.0
2400 2293 74.0
2293 2346 42.0
2346 2293 42.0
2294 2391 78.0
2391 2294 78.0
2295 3482 114.0
3482 2295 114.0
2295 2583 76.0
2583 2295 76.0
2296 3290 6.0
3290 2296 6.0
2296 2341 52.0
2341 2296 52.0
2297 2309 16.0
2309 2297 16.0
2297 2718 120.0
2718 2297 120.0
2298 3554 52.0
3554 2298 52.0
2298 2960 8.0
2960 2298 8.0
2299 2785 4.0
2785 2299 4.0
2299 2765 98.0
2765 2299 98.0
2300 2942 8.0
2942 2300 8.0
2300 3291 80.0
3291 2300 80.0
2302 2776 102.0
2776 2302 102.0
2302 3676 40.0
3676 2302 40.0
2304 3363 102.0
3363 2304 102.0
2305 2541 84.0
2541 2305 84.0
2306 2473 156.0
2473 2306 156.0
2307 3532 82.0
3532 2307 82.0
2308 3341 58.0
3341 2308 58.0
2308 3051 30.0
3051 2308 30.0
2308 3014 58.0
3014 2308 58.0
2309 3339 120.0
3339 2309 120.0
2309 3712 8.0
3712 2309 8.0
2310 2607 60.0
2607 2310 60.0
2311 3288 70.0
3288 2311 70.0
2311 2356 72.0
2356 2311 72.0
2311 3039 100.0
3039 2311 100.0
2311 3093 76.0
3093 2311 76.0
2313 2593 38.0
2593 2313 38.0
2313 3341 42.0
3341 2313 42.0
2314 3508 104.0
3508 2314 104.0
2314 3077 20.0
3077 2314 20.0
2316 2406 162.0
2406 2316 162.0
2318 2586 38.0
2586 2318 38.0
2319 3494 66.0
3494 2319 66.0
2320 2703 4.0
2703 2320 4.0
2321 2833 22.0
2833 2321 22.0
2323 3081 4.0
3081 2323 4.0
2323 3005 24.0
3005 2323 24.0
2325 2773 92.0
2773 2325 92.0
2325 3236 112.0
3236 2325 112.0
2326 3502 86.0
3502 2326 86.0
2327 2747 60.0
2747 2327 60.0
2327 2468 10.0
2468 2327 10.0
2328 3017 100.0
3017 2328 100.0
2328 3193 34.0
3193 2328 34.0
2329 2382 140.0
2382 2329 140.0
2331 3511 16.0
3511 2331 16.0
2333 2964 178.0
2964 2333 178.0
2333 2454 42.0
2454 2333 42.0
2336 2840 44.0
2840 2336 44.0
2337 2614 38.0
2614 2337 38.0
2338 3194 58.0
3194 2338 58.0
2339 3127 16.0
3127 2339 16.0
2340 3537 26.0
3537 2340 26.0
2341 3407 6.0
3407 2341 6.0
2341 2413 88.0
2413 2341 88.0
2342 3689 72.0
3689 2342 72.0
2344 2567 106.0
2567 2344 106.0
2345 3420 92.0
3420 2345 92.0
2346 3633 44.0
3633 2346 44.0
2346 3087 40.0
3087 2346 40.0
2347 3165 112.0
3165 2347 112.0
2347 2574 140.0
2574 2347 140.0
2348 3234 68.0
3234 2348 68.0
2349 3313 150.0
3313 2349 150.0
2349 3622 162.0
3622 2349 162.0
2350 3652 48.0
3652 2350 48.0
2351 3099 38.0
3099 2351 38.0
2352 3666 2.0
3666 2352 2.0
2352 3170 116.0
3170 2352 116.0
2354 3533 66.0
3533 2354 66.0
2354 3462 12.0
3462 2354 12.0
2354 2632 80.0
2632 2354 80.0
2355 3540 128.0
3540 2355 128.0
2359 3094 26.0
3094 2359 26.0
2361 3226 6.0
3226 2361 6.0
2361 2548 86.0
2548 2361 86.0
2362 2960 60.0
2960 2362 60.0
2362 3677 76.0
3677 2362 76.0
2362 2985 86.0
2985 2362 86.0
2363 2847 44.0
2847 2363 44.0
2363 2992 46.0
2992 2363 46.0
2365 2959 124.0
2959 2365 124.0
2365 2601 142.0
2601 2365 142.0
2366 3401 28.0
3401 2366 28.0
2368 3381 44.0
3381 2368 44.0
2369 3550 6.0
3550 2369 6.0
2370 2450 16.0
2450 2370 16.0
2371 2598 34.0
2598 2371 34.0
2371 3009 42.0
3009 2371 42.0
2372 2990 88.0
2990 2372 88.0
2372 2811 66.0
2811 2372 66.0
2373 2928 58.0
2928 2373 58.0
2376 3439 12.0
3439 2376 12.0
2379 3311 8.0
3311 2379 8.0
2379 2930 58.0
2930 2379 58.0
2380 2919 6.0
2919 2380 6.0
2380 2461 112.0
2461 2380 112.0
2380 3654 40.0
3654 2380 40.0
2381 3536 40.0
3536 2381 40.0
2381 3003 14.0
3003 2381 14.0
2383 2497 90.0
2497 2383 90.0
2383 2435 60.0
2435 2383 60.0
2385 2941 70.0
2941 2385 70.0
2385 3133 66.0
3133 2385 66.0
2386 2947 40.0
2947 2386 40.0
2386 3068 4.0
3068 2386 4.0
2386 2755 40.0
2755 2386 40.0
2387 2516 40.0
2516 2387 40.0
2387 3227 44.0
3227 2387 44.0
2388 3194 14.0
3194 2388 14.0
2389 3138 26.0
3138 2389 26.0
2390 3646 88.0
3646 2390 88.0
2390 2555 142.0
2555 2390 142.0
2390 2743 150.0
2743 2390 150.0
2391 3060 88.0
3060 2391 88.0
2392 2461 40.0
2461 2392 40.0
2392 3262 40.0
3262 2392 40.0
2392 3654 112.0
3654 2392 112.0
2394 3242 52.0
3242 2394 52.0
2395 2557 32.0
2557 2395 32.0
2398 3320 32.0
3320 2398 32.0
2398 2622 44.0
2622 2398 44.0
2398 2401 86.0
2401 2398 86.0
2399 2833 60.0
2833 2399 60.0
2400 3095 2.0
3095 2400 2.0
2400 3293 12.0
3293 2400 12.0
2401 2486 32.0
2486 2401 32.0
2401 3182 44.0
3182 2401 44.0
2402 3438 60.0
3438 2402 60.0
2402 2809 2.0
2809 2402 2.0
2402 3029 6.0
3029 2402 6.0
2402 2466 34.0
2466 2402 34.0
2403 3218 70.0
3218 2403 70.0
2404 2974 36.0
2974 2404 36.0
2405 2828 52.0
2828 2405 52.0
2405 2839 42.0
2839 2405 42.0
2405 3251 68.0
3251 2405 68.0
2407 2582 18.0
2582 2407 18.0
2407 2422 62.0
2422 2407 62.0
2408 2537 40.0
2537 2408 40.0
2408 3003 70.0
3003 2408 70.0
2409 3179 2.0
3179 2409 2.0
2410 2651 84.0
2651 2410 84.0
2411 3346 48.0
3346 2411 48.0
2411 3038 138.0
3038 2411 138.0
2412 3097 102.0
3097 2412 102.0
2412 2971 112.0
2971 2412 112.0
2413 2540 60.0
2540 2413 60.0
2414 2808 24.0
2808 2414 24.0
2415 3411 48.0
3411 2415 48.0
2416 3073 130.0
3073 2416 130.0
2416 2841 158.0
2841 2416 158.0
2417 3529 108.0
3529 2417 108.0
2418 2957 20.0
2957 2418 20.0
2418 2876 92.0
2876 2418 92.0
2419 2817 38.0
2817 2419 38.0
2421 3118 26.0
3118 2421 26.0
2421 3513 44.0
3513 2421 44.0
2422 2953 18.0
2953 2422 18.0
2422 2896 42.0
2896 2422 42.0
2423 3163 16.0
3163 2423 16.0
2424 3316 100.0
3316 2424 100.0
2425 3275 118.0
3275 2425 118.0
2425 2756 80.0
2756 2425 80.0
2427 3058 94.0
3058 2427 94.0
2427 3691 20.0
3691 2427 20.0
2427 3342 142.0
3342 2427 142.0
2428 2519 20.0
2519 2428 20.0
2430 3102 6.0
3102 2430 6.0
2430 2904 40.0
2904 2430 40.0
2430 2705 66.0
2705 2430 66.0
2431 2807 54.0
2807 2431 54.0
2433 3276 32.0
3276 2433 32.0
2433 3028 30.0
3028 2433 30.0
2435 3710 60.0
3710 2435 60.0
2436 3093 100.0
3093 2436 100.0
2436 3039 76.0
3039 2436 76.0
2436 2713 78.0
2713 2436 78.0
2438 3468 2.0
3468 2438 2.0
2438 3516 104.0
3516 2438 104.0
2440 2483 86.0
2483 2440 86.0
2440 3288 76.0
3288 2440 76.0
2440 3093 70.0
3093 2440 70.0
2441 2938 62.0
2938 2441 62.0
2441 3183 26.0
3183 2441 26.0
2443 3358 8.0
3358 2443 8.0
2443 2767 10.0
2767 2443 10.0
2443 3365 88.0
3365 2443 88.0
2444 3159 42.0
3159 2444 42.0
2445 2564 22.0
2564 2445 22.0
2445 3139 50.0
3139 2445 50.0
2446 3001 100.0
3001 2446 100.0
2446 2887 12.0
2887 2446 12.0
2447 3551 108.0
3551 2447 108.0
2448 3614 122.0
3614 2448 122.0
2449 2684 82.0
2684 2449 82.0
2452 3096 130.0
3096 2452 130.0
2452 3147 162.0
3147 2452 162.0
2453 3156 42.0
3156 2453 42.0
2454 2998 92.0
2998 2454 92.0
2454 2498 14.0
2498 2454 14.0
2455 3471 46.0
3471 2455 46.0
2455 2899 52.0
2899 2455 52.0
2456 3284 30.0
3284 2456 30.0
2457 3535 70.0
3535 2457 70.0
2459 3487 58.0
3487 2459 58.0
2459 2739 12.0
2739 2459 12.0
2459 3421 58.0
3421 2459 58.0
2460 2639 62.0
2639 2460 62.0
2460 3201 34.0
3201 2460 34.0
2461 3216 6.0
3216 2461 6.0
2462 3190 88.0
3190 2462 88.0
2462 3091 6.0
3091 2462 6.0
2464 2932 30.0
2932 2464 30.0
2465 3406 62.0
3406 2465 62.0
2466 2902 60.0
2902 2466 60.0
2467 3472 8.0
3472 2467 8.0
2468 3109 60.0
3109 2468 60.0
2469 2498 178.0
2498 2469 178.0
2470 3537 64.0
3537 2470 64.0
2471 2822 114.0
2822 2471 114.0
2472 3647 72.0
3647 2472 72.0
2473 3175 82.0
3175 2473 82.0
2474 2824 134.0
2824 2474 134.0
2477 3177 108.0
3177 2477 108.0
2477 2889 92.0
2889 2477 92.0
2478 2709 88.0
2709 2478 88.0
2478 2545 34.0
2545 2478 34.0
2479 2965 74.0
2965 2479 74.0
2481 2955 6.0
2955 2481 6.0
2481 3630 58.0
3630 2481 58.0
2482 3613 122.0
3613 2482 122.0
2483 2724 6.0
2724 2483 6.0
2484 2931 21.0
2931 2484 21.0
2485 3168 26.0
3168 2485 26.0
2485 3178 62.0
3178 2485 62.0
2486 3320 86.0
3320 2486 86.0
2487 3422 32.0
3422 2487 32.0
2490 3405 8.0
3405 2490 8.0
2491 3218 74.0
3218 2491 74.0
2492 3658 44.0
3658 2492 44.0
2493 3712 56.0
3712 2493 56.0
2497 3089 4.0
3089 2497 4.0
2498 2619 92.0
2619 2498 92.0
2499 3675 10.0
3675 2499 10.0
2500 3460 86.0
3460 2500 86.0
2500 3562 28.0
3562 2500 28.0
2501 2977 40.0
2977 2501 40.0
2501 3566 4.0
3566 2501 4.0
2502 2671 6.0
2671 2502 6.0
2503 2710 12.0
2710 2503 12.0
2504 3139 52.0
3139 2504 52.0
2505 2963 16.0
2963 2505 16.0
2506 3065 144.0
3065 2506 144.0
2506 3692 44.0
3692 2506 44.0
2507 3660 60.0
3660 2507 60.0
2509 3461 58.0
3461 2509 58.0
2509 3524 8.0
3524 2509 8.0
2509 3424 10.0
3424 2509 10.0
2510 2811 20.0
2811 2510 20.0
2510 3375 24.0
3375 2510 24.0
2512 3067 66.0
3067 2512 66.0
2512 3672 8.0
3672 2512 8.0
2513 3032 12.0
3032 2513 12.0
2514 2973 52.0
2973 2514 52.0
2515 2826 58.0
2826 2515 58.0
2515 2602 32.0
2602 2515 32.0
2517 3380 6.0
3380 2517 6.0
2517 2590 86.0
2590 2517 86.0
2518 3676 20.0
3676 2518 20.0
2521 3136 112.0
3136 2521 112.0
2521 3358 72.0
3358 2521 72.0
2522 2696 46.0
2696 2522 46.0
2522 3304 162.0
3304 2522 162.0
2524 2690 28.0
2690 2524 28.0
2525 3261 94.0
3261 2525 94.0
2525 3213 14.0
3213 2525 14.0
2526 3702 102.0
3702 2526 102.0
2526 2765 162.0
2765 2526 162.0
2527 3291 50.0
3291 2527 50.0
2527 3064 106.0
3064 2527 106.0
2530 3165 60.0
3165 2530 60.0
2530 2706 140.0
2706 2530 140.0
2531 3392 30.0
3392 2531 30.0
2531 2952 46.0
2952 2531 46.0
2532 2612 78.0
2612 2532 78.0
2533 2937 44.0
2937 2533 44.0
2535 3494 6.0
3494 2535 6.0
2535 3472 56.0
3472 2535 56.0
2536 2620 64.0
2620 2536 64.0
2536 3501 140.0
3501 2536 140.0
2537 2735 6.0
2735 2537 6.0
2538 3170 66.0
3170 2538 66.0
2539 3580 23.0
3580 2539 23.0
2542 3389 104.0
3389 2542 104.0
2542 2875 114.0
2875 2542 114.0
2542 3119 78.0
3119 2542 78.0
2543 3658 60.0
3658 2543 60.0
2544 3425 86.0
3425 2544 86.0
2545 3571 54.0
3571 2545 54.0
2546 2837 106.0
2837 2546 106.0
2546 3167 44.0
3167 2546 44.0
2548 3277 6.0
3277 2548 6.0
2548 2726 40.0
2726 2548 40.0
2549 3523 102.0
3523 2549 102.0
2550 2562 8.0
2562 2550 8.0
2551 2916 12.0
2916 2551 12.0
2552 2666 74.0
2666 2552 74.0
2553 2699 4.0
2699 2553 4.0
2553 3510 184.0
3510 2553 184.0
2553 3626 68.0
3626 2553 68.0
2554 3466 60.0
3466 2554 60.0
2555 3012 20.0
3012 2555 20.0
2555 3458 136.0
3458 2555 136.0
2556 3201 78.0
3201 2556 78.0
2556 2895 108.0
2895 2556 108.0
2558 2918 14.0
2918 2558 14.0
2558 3685 102.0
3685 2558 102.0
2558 3545 35.0
3545 2558 35.0
2560 3247 38.0
3247 2560 38.0
2563 2767 58.0
2767 2563 58.0
2563 3331 8.0
3331 2563 8.0
2564 2927 50.0
2927 2564 50.0
2565 3219 28.0
3219 2565 28.0
2567 3629 42.0
3629 2567 42.0
2568 3474 66.0
3474 2568 66.0
2568 3503 38.0
3503 2568 38.0
2571 3552 68.0
3552 2571 68.0
2571 2689 78.0
2689 2571 78.0
2572 3435 6.0
3435 2572 6.0
2572 3024 44.0
3024 2572 44.0
2573 3282 45.0
3282 2573 45.0
2574 3512 108.0
3512 2574 108.0
2574 3265 80.0
3265 2574 80.0
2575 2803 82.0
2803 2575 82.0
2575 3417 98.0
3417 2575 98.0
2576 3423 96.0
3423 2576 96.0
2577 2633 58.0
2633 2577 58.0
2577 3050 66.0
3050 2577 66.0
2577 3245 104.0
3245 2577 104.0
2579 3076 4.0
3076 2579 4.0
2581 2963 20.0
2963 2581 20.0
2582 3244 60.0
3244 2582 60.0
2582 2953 62.0
2953 2582 62.0
2583 2720 114.0
2720 2583 114.0
2583 3230 156.0
3230 2583 156.0
2583 3684 58.0
3684 2583 58.0
2584 2985 76.0
2985 2584 76.0
2584 3677 86.0
3677 2584 86.0
2587 3347 10.0
3347 2587 10.0
2589 3453 100.0
3453 2589 100.0
2590 3312 6.0
3312 2590 6.0
2591 2840 36.0
2840 2591 36.0
2594 2988 24.0
2988 2594 24.0
2594 3359 86.0
3359 2594 86.0
2595 3140 2.0
3140 2595 2.0
2595 3559 78.0
3559 2595 78.0
2595 2868 70.0
2868 2595 70.0
2595 2898 46.0
2898 2595 46.0
2597 2829 10.0
2829 2597 10.0
2598 3689 42.0
3689 2598 42.0
2600 3429 6.0
3429 2600 6.0
2600 3574 20.0
3574 2600 20.0
2600 3612 136.0
3612 2600 136.0
2602 2996 110.0
2996 2602 110.0
2602 3500 58.0
3500 2602 58.0
2602 2759 122.0
2759 2602 122.0
2604 3588 12.0
3588 2604 12.0
2604 3189 18.0
3189 2604 18.0
2605 2828 42.0
2828 2605 42.0
2605 2839 52.0
2839 2605 52.0
2606 3323 4.0
3323 2606 4.0
2606 3602 4.0
3602 2606 4.0
2606 2922 14.0
2922 2606 14.0
2607 2935 36.0
2935 2607 36.0
2607 3653 24.0
3653 2607 24.0
2608 2973 44.0
2973 2608 44.0
2608 2698 30.0
2698 2608 30.0
2610 3517 68.0
3517 2610 68.0
2611 3413 26.0
3413 2611 26.0
2613 2919 8.0
2919 2613 8.0
2613 3192 88.0
3192 2613 88.0
2615 3493 66.0
3493 2615 66.0
2615 3671 142.0
3671 2615 142.0
2616 3494 8.0
3494 2616 8.0
2617 3198 36.0
3198 2617 36.0
2618 3252 14.0
3252 2618 14.0
2619 2998 14.0
2998 2619 14.0
2620 3712 102.0
3712 2620 102.0
2621 3261 58.0
3261 2621 58.0
2623 3220 6.0
3220 2623 6.0
2623 3085 136.0
3085 2623 136.0
2623 2677 38.0
2677 2623 38.0
2623 3221 24.0
3221 2623 24.0
2624 2823 32.0
2823 2624 32.0
2625 3641 24.0
3641 2625 24.0
2626 2672 4.0
2672 2626 4.0
2627 3084 16.0
3084 2627 16.0
2627 2997 24.0
2997 2627 24.0
2629 3621 34.0
3621 2629 34.0
2629 3698 82.0
3698 2629 82.0
2630 3386 82.0
3386 2630 82.0
2631 2966 64.0
2966 2631 64.0
2633 3241 66.0
3241 2633 66.0
2634 2973 30.0
2973 2634 30.0
2634 2698 44.0
2698 2634 44.0
2635 2841 130.0
2841 2635 130.0
2635 3010 130.0
3010 2635 130.0
2635 3707 162.0
3707 2635 162.0
2636 2721 176.0
2721 2636 176.0
2637 3351 14.0
3351 2637 14.0
2637 2899 4.0
2899 2637 4.0
2638 2945 106.0
2945 2638 106.0
2639 2729 34.0
2729 2639 34.0
2640 3695 28.0
3695 2640 28.0
2641 2860 14.0
2860 2641 14.0
2642 2836 2.0
2836 2642 2.0
2643 3577 64.0
3577 2643 64.0
2643 3046 20.0
3046 2643 20.0
2644 2794 30.0
2794 2644 30.0
2645 3049 46.0
3049 2645 46.0
2645 3509 52.0
3509 2645 52.0
2646 2914 92.0
2914 2646 92.0
2647 3176 16.0
3176 2647 16.0
2648 2726 24.0
2726 2648 24.0
2649 3042 14.0
3042 2649 14.0
2651 3137 88.0
3137 2651 88.0
2653 3551 106.0
3551 2653 106.0
2653 3126 14.0
3126 2653 14.0
2655 3214 66.0
3214 2655 66.0
2657 2990 124.0
2990 2657 124.0
2657 2785 130.0
2785 2657 130.0
2658 2947 46.0
2947 2658 46.0
2660 2997 62.0
2997 2660 62.0
2660 2847 38.0
2847 2660 38.0
2661 3562 48.0
3562 2661 48.0
2661 3301 42.0
3301 2661 42.0
2662 3605 150.0
3605 2662 150.0
2662 3021 94.0
3021 2662 94.0
2663 3474 36.0
3474 2663 36.0
2664 3521 114.0
3521 2664 114.0
2665 2713 86.0
2713 2665 86.0
2665 3716 146.0
3716 2665 146.0
2665 2857 46.0
2857 2665 46.0
2667 3008 18.0
3008 2667 18.0
2667 3360 14.0
3360 2667 14.0
2668 2702 130.0
2702 2668 130.0
2669 2679 26.0
2679 2669 26.0
2670 2891 34.0
2891 2670 34.0
2670 2716 28.0
2716 2670 28.0
2673 3299 114.0
3299 2673 114.0
2673 2751 20.0
2751 2673 20.0
2674 3052 64.0
3052 2674 64.0
2674 3555 12.0
3555 2674 12.0
2674 2980 60.0
2980 2674 60.0
2675 3641 10.0
3641 2675 10.0
2676 3362 22.0
3362 2676 22.0
2676 3022 136.0
3022 2676 136.0
2677 3549 24.0
3549 2677 24.0
2680 3584 88.0
3584 2680 88.0
2680 2871 14.0
2871 2680 14.0
2682 3069 28.0
3069 2682 28.0
2682 2793 32.0
2793 2682 32.0
2683 2986 44.0
2986 2683 44.0
2685 3062 58.0
3062 2685 58.0
2685 3424 24.0
3424 2685 24.0
2686 3561 54.0
3561 2686 54.0
2687 3566 22.0
3566 2687 22.0
2687 2745 102.0
2745 2687 102.0
2690 3259 46.0
3259 2690 46.0
2694 3214 22.0
3214 2694 22.0
2695 3433 18.0
3433 2695 18.0
2695 2970 14.0
2970 2695 14.0
2697 3607 52.0
3607 2697 52.0
2698 2836 88.0
2836 2698 88.0
2699 3032 8.0
3032 2699 8.0
2701 3237 102.0
3237 2701 102.0
2704 3398 40.0
3398 2704 40.0
2705 3279 6.0
3279 2705 6.0
2707 3398 12.0
3398 2707 12.0
2708 3110 10.0
3110 2708 10.0
2713 3018 56.0
3018 2713 56.0
2715 3503 54.0
3503 2715 54.0
2716 3370 72.0
3370 2716 72.0
2717 3412 86.0
3412 2717 86.0
2717 3488 4.0
3488 2717 4.0
2718 3339 16.0
3339 2718 16.0
2719 3355 66.0
3355 2719 66.0
2720 3530 12.0
3530 2720 12.0
2720 3482 76.0
3482 2720 76.0
2722 3254 4.0
3254 2722 4.0
2723 3379 124.0
3379 2723 124.0
2723 3452 46.0
3452 2723 46.0
2723 3070 20.0
3070 2723 20.0
2725 2987 38.0
2987 2725 38.0
2725 3085 168.0
3085 2725 168.0
2727 3487 18.0
3487 2727 18.0
2728 2792 6.0
2792 2728 6.0
2729 3201 62.0
3201 2729 62.0
2730 2996 122.0
2996 2730 122.0
2730 2759 110.0
2759 2730 110.0
2730 3585 102.0
3585 2730 102.0
2731 3269 4.0
3269 2731 4.0
2732 3182 32.0
3182 2732 32.0
2734 3706 42.0
3706 2734 42.0
2735 3441 110.0
3441 2735 110.0
2737 2852 66.0
2852 2737 66.0
2737 3530 156.0
3530 2737 156.0
2738 3420 98.0
3420 2738 98.0
2740 3406 82.0
3406 2740 82.0
2741 3448 116.0
3448 2741 116.0
2742 3508 20.0
3508 2742 20.0
2743 3695 88.0
3695 2743 88.0
2745 2944 22.0
2944 2745 22.0
2747 3109 10.0
3109 2747 10.0
2748 3635 44.0
3635 2748 44.0
2749 3045 4.0
3045 2749 4.0
2749 2786 132.0
2786 2749 132.0
2751 3111 80.0
3111 2751 80.0
2752 3044 46.0
3044 2752 46.0
2753 2877 68.0
2877 2753 68.0
2753 3338 18.0
3338 2753 18.0
2754 2955 85.0
2955 2754 85.0
2755 2844 40.0
2844 2755 40.0
2755 3499 4.0
3499 2755 4.0
2757 2888 106.0
2888 2757 106.0
2757 3557 112.0
3557 2757 112.0
2759 3325 102.0
3325 2759 102.0
2760 2900 22.0
2900 2760 22.0
2760 3298 30.0
3298 2760 30.0
2762 3307 4.0
3307 2762 4.0
2763 3166 6.0
3166 2763 6.0
2763 3235 26.0
3235 2763 26.0
2764 3537 86.0
3537 2764 86.0
2765 3031 58.0
3031 2765 58.0
2766 3672 38.0
3672 2766 38.0
2767 3680 8.0
3680 2767 8.0
2768 2865 60.0
2865 2768 60.0
2769 3703 20.0
3703 2769 20.0
2771 3691 34.0
3691 2771 34.0
2771 3361 80.0
3361 2771 80.0
2773 3483 58.0
3483 2773 58.0
2773 3157 112.0
3157 2773 112.0
2774 3121 52.0
3121 2774 52.0
2774 3253 58.0
3253 2774 58.0
2777 3087 64.0
3087 2777 64.0
2777 3450 4.0
3450 2777 4.0
2777 3540 40.0
3540 2777 40.0
2778 3447 14.0
3447 2778 14.0
2781 3517 80.0
3517 2781 80.0
2781 3623 72.0
3623 2781 72.0
2784 3703 66.0
3703 2784 66.0
2786 3246 4.0
3246 2786 4.0
2787 3359 34.0
3359 2787 34.0
2788 3284 32.0
3284 2788 32.0
2788 3555 90.0
3555 2788 90.0
2792 3267 48.0
3267 2792 48.0
2793 3590 32.0
3590 2793 32.0
2793 3148 96.0
3148 2793 96.0
2795 3088 24.0
3088 2795 24.0
2795 3290 94.0
3290 2795 94.0
2796 2972 24.0
2972 2796 24.0
2796 3351 10.0
3351 2796 10.0
2798 3316 42.0
3316 2798 42.0
2801 3648 28.0
3648 2801 28.0
2802 3192 6.0
3192 2802 6.0
2802 3536 6.0
3536 2802 6.0
2804 3303 4.0
3303 2804 4.0
2805 3592 20.0
3592 2805 20.0
2805 3628 8.0
3628 2805 8.0
2809 3442 6.0
3442 2809 6.0
2810 3528 44.0
3528 2810 44.0
2812 2934 10.0
2934 2812 10.0
2813 3575 32.0
3575 2813 32.0
2814 3263 102.0
3263 2814 102.0
2815 3553 38.0
3553 2815 38.0
2816 3671 184.0
3671 2816 184.0
2818 3453 82.0
3453 2818 82.0
2819 3284 142.0
3284 2819 142.0
2820 3579 98.0
3579 2820 98.0
2821 3142 60.0
3142 2821 60.0
2824 3255 50.0
3255 2824 50.0
2825 2949 122.0
2949 2825 122.0
2826 3074 100.0
3074 2826 100.0
2826 3500 32.0
3500 2826 32.0
2827 3699 30.0
3699 2827 30.0
2827 3550 150.0
3550 2827 150.0
2830 3701 4.0
3701 2830 4.0
2831 2900 122.0
2900 2831 122.0
2832 3000 68.0
3000 2832 68.0
2833 3386 72.0
3386 2833 72.0
2834 3017 34.0
3017 2834 34.0
2834 3193 100.0
3193 2834 100.0
2835 3113 30.0
3113 2835 30.0
2838 3525 16.0
3525 2838 16.0
2838 3238 66.0
3238 2838 66.0
2840 3446 136.0
3446 2840 136.0
2842 3223 140.0
3223 2842 140.0
2844 2947 40.0
2947 2844 40.0
2844 3331 112.0
3331 2844 112.0
2845 3507 6.0
3507 2845 6.0
2845 3277 24.0
3277 2845 24.0
2845 3657 60.0
3657 2845 60.0
2846 2968 12.0
2968 2846 12.0
2846 3482 112.0
3482 2846 112.0
2847 2861 46.0
2861 2847 46.0
2848 3624 86.0
3624 2848 86.0
2848 3651 46.0
3651 2848 46.0
2849 3057 14.0
3057 2849 14.0
2851 3006 88.0
3006 2851 88.0
2853 3153 36.0
3153 2853 36.0
2855 3107 44.0
3107 2855 44.0
2856 3092 26.0
3092 2856 26.0
2856 3455 10.0
3455 2856 10.0
2859 3284 12.0
3284 2859 12.0
2860 3443 76.0
3443 2860 76.0
2861 2992 44.0
2992 2861 44.0
2862 2903 28.0
2903 2862 28.0
2863 2967 50.0
2967 2863 50.0
2864 2897 62.0
2897 2864 62.0
2864 3547 72.0
3547 2864 72.0
2864 3345 12.0
3345 2864 12.0
2865 2958 60.0
2958 2865 60.0
2865 3570 92.0
3570 2865 92.0
2870 3213 6.0
3213 2870 6.0
2870 3162 16.0
3162 2870 16.0
2872 3524 24.0
3524 2872 24.0
2872 3340 142.0
3340 2872 142.0
2874 3309 32.0
3309 2874 32.0
2874 3642 12.0
3642 2874 12.0
2875 3644 104.0
3644 2875 104.0
2875 3150 44.0
3150 2875 44.0
2876 3640 54.0
3640 2876 54.0
2877 3083 18.0
3083 2877 18.0
2882 3054 56.0
3054 2882 56.0
2882 3428 50.0
3428 2882 50.0
2883 3051 144.0
3051 2883 144.0
2883 3496 18.0
3496 2883 18.0
2883 2979 58.0
2979 2883 58.0
2886 2960 76.0
2960 2886 76.0
2886 3677 60.0
3677 2886 60.0
2887 3078 100.0
3078 2887 100.0
2888 3523 4.0
3523 2888 4.0
2889 2924 108.0
2924 2889 108.0
2889 2988 54.0
2988 2889 54.0
2892 3038 6.0
3038 2892 6.0
2892 3099 8.0
3099 2892 8.0
2893 3281 40.0
3281 2893 40.0
2894 3045 52.0
3045 2894 52.0
2896 3660 18.0
3660 2896 18.0
2897 3168 12.0
3168 2897 12.0
2898 3384 2.0
3384 2898 2.0
2901 3404 34.0
3404 2901 34.0
2902 3438 34.0
3438 2902 34.0
2906 3715 8.0
3715 2906 8.0
2907 3197 12.0
3197 2907 12.0
2909 3332 30.0
3332 2909 30.0
2910 3366 66.0
3366 2910 66.0
2910 3436 12.0
3436 2910 12.0
2911 2952 150.0
2952 2911 150.0
2914 3015 66.0
3015 2914 66.0
2917 3103 60.0
3103 2917 60.0
2918 3608 102.0
3608 2918 102.0
2919 3216 112.0
3216 2919 112.0
2920 3561 28.0
3561 2920 28.0
2922 3601 4.0
3601 2922 4.0
2924 3177 92.0
3177 2924 92.0
2924 3683 98.0
3683 2924 98.0
2926 3582 166.0
3582 2926 166.0
2927 3139 22.0
3139 2927 22.0
2929 3550 4.0
3550 2929 4.0
2934 3553 58.0
3553 2934 58.0
2936 3418 74.0
3418 2936 74.0
2936 3390 94.0
3390 2936 94.0
2938 3252 54.0
3252 2938 54.0
2939 3263 150.0
3263 2939 150.0
2940 3578 30.0
3578 2940 30.0
2942 3268 4.0
3268 2942 4.0
2943 3711 20.0
3711 2943 20.0
2943 3376 114.0
3376 2943 114.0
2944 3566 102.0
3566 2944 102.0
2944 3091 58.0
3091 2944 58.0
2945 3400 78.0
3400 2945 78.0
2948 3122 150.0
3122 2948 150.0
2949 3056 122.0
3056 2949 122.0
2949 3294 140.0
3294 2949 140.0
2950 3056 94.0
3056 2950 94.0
2950 3449 34.0
3449 2950 34.0
2951 3449 110.0
3449 2951 110.0
2953 3660 42.0
3660 2953 42.0
2954 3381 74.0
3381 2954 74.0
2956 3236 42.0
3236 2956 42.0
2958 3327 6.0
3327 2958 6.0
2962 3688 18.0
3688 2962 18.0
2964 3379 20.0
3379 2964 20.0
2964 3070 124.0
3070 2964 124.0
2965 3637 56.0
3637 2965 56.0
2966 2981 52.0
2981 2966 52.0
2967 3451 54.0
3451 2967 54.0
2968 3544 66.0
3544 2968 66.0
2969 3350 20.0
3350 2969 20.0
2970 3706 72.0
3706 2970 72.0
2971 3107 124.0
3107 2971 124.0
2972 3031 106.0
3031 2972 106.0
2972 3400 162.0
3400 2972 162.0
2974 3030 60.0
3030 2974 60.0
2975 3104 142.0
3104 2975 142.0
2976 3305 86.0
3305 2976 86.0
2983 3616 24.0
3616 2983 24.0
2985 3488 46.0
3488 2985 46.0
2988 3124 86.0
3124 2988 86.0
2989 3590 96.0
3590 2989 96.0
2989 3148 32.0
3148 2989 32.0
2991 3266 28.0
3266 2991 28.0
2992 3661 38.0
3661 2992 38.0
2993 3509 54.0
3509 2993 54.0
2993 3454 20.0
3454 2993 20.0
2993 3149 9.0
3149 2993 9.0
2994 3371 2.0
3371 2994 2.0
2995 3701 30.0
3701 2995 30.0
2996 3239 34.0
3239 2996 34.0
2999 3155 76.0
3155 2999 76.0
3000 3135 60.0
3135 3000 60.0
3001 3668 16.0
3668 3001 16.0
3001 3078 12.0
3078 3001 12.0
3002 3549 48.0
3549 3002 48.0
3003 3348 126.0
3348 3003 126.0
3004 3385 24.0
3385 3004 24.0
3004 3444 24.0
3444 3004 24.0
3007 3026 58.0
3026 3007 58.0
3009 3689 34.0
3689 3009 34.0
3011 3326 48.0
3326 3011 48.0
3012 3090 136.0
3090 3012 136.0
3013 3061 35.0
3061 3013 35.0
3014 3025 58.0
3025 3014 58.0
3015 3047 52.0
3047 3015 52.0
3016 3237 130.0
3237 3016 130.0
3019 3146 10.0
3146 3019 10.0
3019 3526 84.0
3526 3019 84.0
3021 3342 150.0
3342 3021 150.0
3025 3341 58.0
3341 3025 58.0
3026 3414 106.0
3414 3026 106.0
3027 3348 6.0
3348 3027 6.0
3029 3442 2.0
3442 3029 2.0
3033 3465 16.0
3465 3033 16.0
3034 3448 50.0
3448 3034 50.0
3034 3663 36.0
3663 3034 36.0
3036 3391 84.0
3391 3036 84.0
3036 3169 10.0
3169 3036 10.0
3037 3635 24.0
3635 3037 24.0
3038 3210 8.0
3210 3038 8.0
3042 3661 44.0
3661 3042 44.0
3043 3155 30.0
3155 3043 30.0
3045 3246 132.0
3246 3045 132.0
3046 3565 64.0
3565 3046 64.0
3055 3256 64.0
3256 3055 64.0
3058 3605 142.0
3605 3058 142.0
3060 3403 14.0
3403 3060 14.0
3060 3556 36.0
3556 3060 36.0
3062 3133 114.0
3133 3062 114.0
3063 3613 102.0
3613 3063 102.0
3064 3314 66.0
3314 3064 66.0
3065 3247 12.0
3247 3065 12.0
3067 3254 102.0
3254 3067 102.0
3068 3499 40.0
3499 3068 40.0
3070 3352 42.0
3352 3070 42.0
3071 3286 70.0
3286 3071 70.0
3074 3344 40.0
3344 3074 40.0
3076 3175 62.0
3175 3076 62.0
3077 3160 52.0
3160 3077 52.0
3078 3687 16.0
3687 3078 16.0
3079 3336 150.0
3336 3079 150.0
3079 3335 184.0
3335 3079 184.0
3083 3338 68.0
3338 3083 68.0
3086 3522 88.0
3522 3086 88.0
3089 3243 52.0
3243 3089 52.0
3090 3458 20.0
3458 3090 20.0
3093 3276 46.0
3276 3093 46.0
3094 3259 56.0
3259 3094 56.0
3099 3210 6.0
3210 3099 6.0
3102 3279 66.0
3279 3102 66.0
3104 3132 66.0
3132 3104 66.0
3105 3594 70.0
3594 3105 70.0
3105 3397 30.0
3397 3105 30.0
3107 3544 88.0
3544 3107 88.0
3108 3301 94.0
3301 3108 94.0
3108 3572 72.0
3572 3108 72.0
3108 3430 4.0
3430 3108 4.0
3111 3462 114.0
3462 3111 114.0
3111 3659 140.0
3659 3111 140.0
3111 3617 58.0
3617 3111 58.0
3112 3114 20.0
3114 3112 20.0
3113 3135 20.0
3135 3113 20.0
3113 3673 70.0
3673 3113 70.0
3114 3120 160.0
3120 3114 160.0
3115 3233 38.0
3233 3115 38.0
3116 3395 60.0
3395 3116 60.0
3117 3657 6.0
3657 3117 6.0
3119 3292 26.0
3292 3119 26.0
3120 3171 110.0
3171 3120 110.0
3120 3401 50.0
3401 3120 50.0
3122 3253 138.0
3253 3122 138.0
3123 3664 6.0
3664 3123 6.0
3123 3560 88.0
3560 3123 88.0
3124 3359 24.0
3359 3124 24.0
3125 3520 30.0
3520 3125 30.0
3125 3320 56.0
3320 3125 56.0
3128 3547 86.0
3547 3128 86.0
3133 3229 58.0
3229 3133 58.0
3135 3289 70.0
3289 3135 70.0
3137 3364 162.0
3364 3137 162.0
3140 3384 46.0
3384 3140 46.0
3142 3209 166.0
3209 3142 166.0
3145 3582 84.0
3582 3145 84.0
3145 3217 60.0
3217 3145 60.0
3146 3152 124.0
3152 3146 124.0
3147 3490 20.0
3490 3147 20.0
3148 3296 32.0
3296 3148 32.0
3152 3374 84.0
3374 3152 84.0
3153 3392 150.0
3392 3153 150.0
3157 3236 92.0
3236 3157 92.0
3159 3405 72.0
3405 3159 72.0
3161 3544 112.0
3544 3161 112.0
3162 3445 6.0
3445 3162 6.0
3162 3688 32.0
3688 3162 32.0
3164 3607 58.0
3607 3164 58.0
3164 3176 14.0
3176 3164 14.0
3166 3655 26.0
3655 3166 26.0
3167 3414 20.0
3414 3167 20.0
3168 3345 62.0
3345 3168 62.0
3175 3202 56.0
3202 3175 56.0
3178 3345 26.0
3345 3178 26.0
3181 3198 94.0
3198 3181 94.0
3184 3708 124.0
3708 3184 124.0
3184 3625 74.0
3625 3184 74.0
3185 3610 28.0
3610 3185 28.0
3186 3330 76.0
3330 3186 76.0
3190 3591 8.0
3591 3190 8.0
3191 3287 22.0
3287 3191 22.0
3200 3519 42.0
3519 3200 42.0
3202 3634 94.0
3634 3202 94.0
3207 3489 6.0
3489 3207 6.0
3207 3363 72.0
3363 3207 72.0
3211 3705 6.0
3705 3211 6.0
3211 3714 114.0
3714 3211 114.0
3212 3632 30.0
3632 3212 30.0
3213 3515 94.0
3515 3213 94.0
3213 3445 16.0
3445 3213 16.0
3216 3295 40.0
3295 3216 40.0
3219 3272 2.0
3272 3219 2.0
3221 3549 38.0
3549 3221 38.0
3222 3425 30.0
3425 3222 30.0
3224 3319 38.0
3319 3224 38.0
3225 3437 116.0
3437 3225 116.0
3226 3277 86.0
3277 3226 86.0
3229 3521 26.0
3521 3229 26.0
3230 3376 40.0
3376 3230 40.0
3231 3244 70.0
3244 3231 70.0
3232 3631 20.0
3631 3232 20.0
3234 3641 58.0
3641 3234 58.0
3235 3655 6.0
3655 3235 6.0
3240 3271 120.0
3271 3240 120.0
3241 3609 132.0
3609 3241 132.0
3248 3375 104.0
3375 3248 104.0
3250 3586 172.0
3586 3250 172.0
3258 3693 48.0
3693 3258 48.0
3261 3515 14.0
3515 3261 14.0
3262 3319 46.0
3319 3262 46.0
3268 3354 186.0
3354 3268 186.0
3269 3554 46.0
3554 3269 46.0
3274 3541 20.0
3541 3274 20.0
3274 3371 18.0
3371 3274 18.0
3280 3630 6.0
3630 3280 6.0
3281 3450 88.0
3450 3281 88.0
3283 3363 2.0
3363 3283 2.0
3285 3469 44.0
3469 3285 44.0
3286 3713 6.0
3713 3286 6.0
3289 3673 20.0
3673 3289 20.0
3290 3407 52.0
3407 3290 52.0
3292 3516 74.0
3516 3292 74.0
3299 3336 142.0
3336 3299 142.0
3301 3527 4.0
3527 3301 4.0
3303 3387 46.0
3387 3303 46.0
3305 3393 32.0
3393 3305 32.0
3306 3571 8.0
3571 3306 8.0
3309 3515 16.0
3515 3309 16.0
3309 3445 94.0
3445 3309 94.0
3310 3604 14.0
3604 3310 14.0
3312 3380 86.0
3380 3312 86.0
3314 3694 74.0
3694 3314 74.0
3316 3378 82.0
3378 3316 82.0
3323 3608 44.0
3608 3323 44.0
3323 3601 14.0
3601 3323 14.0
3324 3334 82.0
3334 3324 82.0
3325 3585 110.0
3585 3325 110.0
3325 3417 32.0
3417 3325 32.0
3331 3680 58.0
3680 3331 58.0
3333 3586 4.0
3586 3333 4.0
3335 3687 134.0
3687 3335 134.0
3342 3605 94.0
3605 3342 94.0
3346 3528 102.0
3528 3346 102.0
3347 3583 42.0
3583 3347 42.0
3355 3419 42.0
3419 3355 42.0
3356 3399 54.0
3399 3356 54.0
3358 3680 10.0
3680 3358 10.0
3361 3449 140.0
3449 3361 140.0
3364 3631 24.0
3631 3364 24.0
3365 3611 6.0
3611 3365 6.0
3367 3625 26.0
3625 3367 26.0
3369 3409 6.0
3409 3369 6.0
3369 3650 20.0
3650 3369 20.0
3370 3611 58.0
3611 3370 58.0
3372 3396 24.0
3396 3372 24.0
3376 3459 20.0
3459 3376 20.0
3377 3595 2.0
3595 3377 2.0
3379 3426 36.0
3426 3379 36.0
3383 3396 58.0
3396 3383 58.0
3389 3644 114.0
3644 3389 114.0
3399 3626 12.0
3626 3399 12.0
3406 3645 54.0
3645 3406 54.0
3409 3656 20.0
3656 3409 20.0
3410 3466 96.0
3466 3410 96.0
3418 3439 102.0
3439 3418 102.0
3420 3587 46.0
3587 3420 46.0
3421 3434 58.0
3434 3421 58.0
3425 3497 76.0
3497 3425 76.0
3426 3457 18.0
3457 3426 18.0
3430 3527 94.0
3527 3430 94.0
3431 3464 28.0
3464 3431 28.0
3432 3527 30.0
3527 3432 30.0
3434 3487 58.0
3487 3434 58.0
3448 3546 36.0
3546 3448 36.0
3451 3474 104.0
3474 3451 104.0
3456 3683 54.0
3683 3456 54.0
3459 3711 114.0
3711 3459 114.0
3461 3714 56.0
3714 3461 56.0
3467 3589 4.0
3589 3467 4.0
3470 3654 8.0
3654 3470 8.0
3472 3543 66.0
3543 3472 66.0
3476 3581 30.0
3581 3476 30.0
3477 3615 60.0
3615 3477 60.0
3478 3513 12.0
3513 3478 12.0
3480 3590 72.0
3590 3480 72.0
3489 3597 2.0
3597 3489 2.0
3502 3564 40.0
3564 3502 40.0
3507 3700 46.0
3700 3507 46.0
3535 3614 94.0
3614 3535 94.0
3539 3568 26.0
3568 3539 26.0
3546 3663 50.0
3663 3546 50.0
3546 3637 36.0
3637 3546 36.0
3560 3700 60.0
3700 3560 60.0
3565 3577 20.0
3577 3565 20.0
3568 3594 26.0
3594 3568 26.0
3575 3584 40.0
3584 3575 40.0
3578 3693 52.0
3693 3578 52.0
3583 3704 46.0
3704 3583 46.0
3593 3647 34.0
3647 3593 34.0
3596 3603 22.0
3603 3596 22.0
3598 3692 46.0
3692 3598 46.0
3601 3685 44.0
3685 3601 44.0
3602 3604 76.0
3604 3602 76.0
3608 3685 14.0
3685 3608 14.0
3615 3670 28.0
3670 3615 28.0
3638 3697 10.0
3697 3638 10.0
3646 3695 150.0
3695 3646 150.0
3649 3681 18.0
3681 3649 18.0
3650 3656 6.0
3656 3650 6.0
3668 3687 12.0
3687 3668 12.0
3677 3710 102.0
3710 3677 102.0
S 26
2835 1526 836 2654 1623 3505 2068 3357 2276 3387 2426 2472 2961 3548 979 1885 160 3072 2084 1728 999 2287 506 1138 831 498
T 26
2016 3427 2810 3545 1789 2539 530 1472 3149 2700 1611 2573 2925 1085 2914 372 2754 1800 3101 216 3013 2642 2484 2167 445 2165
