nome,caminho,classe,das_compat,instancia_original,fonte,problema_original,url,referencia,transformacao,regra_ST,regra_r,r_arquivo,r_usado,seed,script,commit_gerador,sha256,sha256_conteudo,observacao,n,arestas_nao_dirigidas,arcos_arquivo,arcos_sem_reverso,pesos_distintos,peso_min,peso_max,conexo,grau_medio,grau_max,frac_folhas,m,r,frac_terminais,frac_terminais_folha,rho_S_inter_T,planar,classes_wl,frac_classes_wl,diametro_saltos,diametro_exato,treewidth_ub,lambda_estrela,demanda_saltos,opt_zero,n_arcos_alcance,densidade_alcance,classe_tamanho,regime,dificuldade,lb,ub,fonte_lb_ub,particao,lb_melhor,ub_melhor,fonte_melhor,duplicata_de,particoes_do_grupo
Barcelona_n930_m2522_st_15.txt,instances/Barcelona_n930_m2522_st_15.txt,extensao_dirigida,nao,Barcelona,TNTP,fluxo de tráfego,https://github.com/bstabler/TransportationNetworks,"Transportation Networks for Research Core Team, TransportationNetworks (TNTP)","subgrafo conexo por BFS; comprimentos em km inteiros (ceil); arcos dirigidos mantidos; S e T = maiores origens e destinos da matriz O/D, disjuntos",maiores demandas O/D,percentil 50 das distâncias S-T no arquivo; experimentos usam R das referências históricas,24.0,5,,src/converters/gen_min_station_tntp_to_minstation.py,anterior ao controle de versão,6837455a0cb3b33f79b15fe3bdb343eb1f50f19e8866c5796ee8034961ab6bde,0a6537b6d52e2a111016237f2e7f112d422b7d210ccd8413c3cb2315f3c6bbe7,arquivo R=24; E4-E8 usam R=5 (OPT=15),930,1798,2522,1074,14,1.0,89.0,True,3.867,16,0.0247,15,5.0,0.0323,0.3,0.0,False,914,0.9828,27,True,43,27.0,5.4,False,32648,0.03779,M,R-a,,,,,legado,15,15,"OPT provado no compacto, R=5 — resultados-e8-pli.md",,legado
Barcelona_n930_m2522_st_25.txt,instances/Barcelona_n930_m2522_st_25.txt,extensao_dirigida,nao,Barcelona,TNTP,fluxo de tráfego,https://github.com/bstabler/TransportationNetworks,"Transportation Networks for Research Core Team, TransportationNetworks (TNTP)","subgrafo conexo por BFS; comprimentos em km inteiros (ceil); arcos dirigidos mantidos; S e T = maiores origens e destinos da matriz O/D, disjuntos",maiores demandas O/D,percentil 50 das distâncias S-T no arquivo; experimentos usam R das referências históricas,5.0,5.0,,src/converters/gen_min_station_tntp_to_minstation.py,anterior ao controle de versão,83ee8413802c47c86dbaaf3db806ede9e35d3dcd8b052999a284a7528a688dcd,2ba0f3c218f1417511b5d8981b32cd18564a21e6591be86d5974bbd5f867c9a4,,930,1798,2522,1074,14,1.0,89.0,True,3.867,16,0.0247,25,5.0,0.0538,0.26,0.0,False,915,0.9839,27,True,43,20.0,4.0,False,32648,0.03779,M,R-a,,,,,legado,,,,,legado
Barcelona_n930_m2522_st_50.txt,instances/Barcelona_n930_m2522_st_50.txt,extensao_dirigida,nao,Barcelona,TNTP,fluxo de tráfego,https://github.com/bstabler/TransportationNetworks,"Transportation Networks for Research Core Team, TransportationNetworks (TNTP)","subgrafo conexo por BFS; comprimentos em km inteiros (ceil); arcos dirigidos mantidos; S e T = maiores origens e destinos da matriz O/D, disjuntos",maiores demandas O/D,percentil 50 das distâncias S-T no arquivo; experimentos usam R das referências históricas,6.0,6.0,,src/converters/gen_min_station_tntp_to_minstation.py,anterior ao controle de versão,d82b3230df0e74d79e46c80bee08c94ea2c5c0b2282ff8a9afc5eed453e21e25,3fbdcf896a610008f4cb3560bfa585c3eb301618d46befeff495a00c485359a4,,930,1798,2522,1074,14,1.0,89.0,True,3.867,16,0.0247,50,6.0,0.1075,0.2,0.0,False,917,0.986,27,True,43,11.0,1.833,False,48353,0.05597,M,misto,,,,,legado,,,,,legado
Chicago_n400_m1130_st10.txt,instances/Chicago_n400_m1130_st10.txt,extensao_dirigida,nao,Chicago-Sketch,TNTP,fluxo de tráfego,https://github.com/bstabler/TransportationNetworks,"Transportation Networks for Research Core Team, TransportationNetworks (TNTP)","subgrafo conexo por BFS; comprimentos em km inteiros (ceil); arcos dirigidos mantidos; S e T = maiores origens e destinos da matriz O/D, disjuntos",maiores demandas O/D,percentil 50 das distâncias S-T no arquivo; experimentos usam R das referências históricas,9.0,9.0,,src/converters/gen_min_station_tntp_to_minstation.py,anterior ao controle de versão,0a58dbe57b3c73f141d6dee531eb8f1063fc228dcfe3670a3bd1bb6f2e0785c6,3cef525363d2ad0e2cabb7bf5eb5c91119e28a09f0d440a4750c8afcb72bcec4,,400,589,1130,48,11,1.0,17.0,True,2.945,5,0.12,10,9.0,0.05,1.0,0.0,False,397,0.9925,28,True,16,39.0,4.333,False,15471,0.09694,P,R-a,,,,,legado,,,,,legado
Chicago_n400_m1130_st15.txt,instances/Chicago_n400_m1130_st15.txt,extensao_dirigida,nao,Chicago-Sketch,TNTP,fluxo de tráfego,https://github.com/bstabler/TransportationNetworks,"Transportation Networks for Research Core Team, TransportationNetworks (TNTP)","subgrafo conexo por BFS; comprimentos em km inteiros (ceil); arcos dirigidos mantidos; S e T = maiores origens e destinos da matriz O/D, disjuntos",maiores demandas O/D,percentil 50 das distâncias S-T no arquivo; experimentos usam R das referências históricas,26.0,7,,src/converters/gen_min_station_tntp_to_minstation.py,anterior ao controle de versão,985da2dca00e86fee905ae9864cb6b30d9daf189bedfe99a34589bc8e26f6854,481092787cc2bf4be08cd66c9f20e615d87dbe4dba22f3d6046b5d245bbd7c26,arquivo R=26; E4-E8 usam R=7 (OPT=17),400,589,1130,48,11,1.0,17.0,True,2.945,5,0.12,15,7.0,0.075,1.0,0.0,False,399,0.9975,28,True,16,25.0,3.571,False,10178,0.06377,P,R-a,,,,,legado,17,17,"OPT provado no compacto, R=7 — resultados-e8-pli.md",,legado
Chicago_n400_m1130_st5.txt,instances/Chicago_n400_m1130_st5.txt,extensao_dirigida,nao,Chicago-Sketch,TNTP,fluxo de tráfego,https://github.com/bstabler/TransportationNetworks,"Transportation Networks for Research Core Team, TransportationNetworks (TNTP)","subgrafo conexo por BFS; comprimentos em km inteiros (ceil); arcos dirigidos mantidos; S e T = maiores origens e destinos da matriz O/D, disjuntos",maiores demandas O/D,percentil 50 das distâncias S-T no arquivo; experimentos usam R das referências históricas,32.0,32.0,,src/converters/gen_min_station_tntp_to_minstation.py,anterior ao controle de versão,3e284916d8d3b0f7b25e82cb39d41ce3e7c83502abeb54e52c5f33dcf3d3ee84,5f50e6f073508c2fef38169131271cefe49599af1fa78f94f9920288c70f2e9b,,400,589,1130,48,11,1.0,17.0,True,2.945,5,0.12,5,32.0,0.025,1.0,0.0,False,395,0.9875,28,True,16,28.0,0.875,True,101617,0.6367,M,R-c,,,,,legado,,,,,legado
Philadelphia_n800_m2404_st_25.txt,instances/Philadelphia_n800_m2404_st_25.txt,extensao_dirigida,nao,Philadelphia,TNTP,fluxo de tráfego,https://github.com/bstabler/TransportationNetworks,"Transportation Networks for Research Core Team, TransportationNetworks (TNTP)","subgrafo conexo por BFS; comprimentos em km inteiros (ceil); arcos dirigidos mantidos; S e T = maiores origens e destinos da matriz O/D, disjuntos",maiores demandas O/D,percentil 50 das distâncias S-T no arquivo; experimentos usam R das referências históricas,3.0,3.0,,src/converters/gen_min_station_tntp_to_minstation.py,anterior ao controle de versão,7ec1195af1f8cfabcdba9e002f4cc40991454ce413d39f08e82199eacc606ab7,b3c96a7d1a40ee1e43beee03c6ec6e15637eb49aa01a782a4916be049afd7a89,"ref. [42,46]",800,1208,2404,12,7,1.0,8.0,True,3.02,5,0.0625,25,3.0,0.0625,0.04,0.0,False,786,0.9825,32,True,26,15.0,5.0,False,9837,0.01539,P,R-a,,,,,legado,,,,,legado
Philadelphia_n800_m2404_st_39.txt,instances/Philadelphia_n800_m2404_st_39.txt,extensao_dirigida,nao,Philadelphia,TNTP,fluxo de tráfego,https://github.com/bstabler/TransportationNetworks,"Transportation Networks for Research Core Team, TransportationNetworks (TNTP)","subgrafo conexo por BFS; comprimentos em km inteiros (ceil); arcos dirigidos mantidos; S e T = maiores origens e destinos da matriz O/D, disjuntos",maiores demandas O/D,percentil 50 das distâncias S-T no arquivo; experimentos usam R das referências históricas,20.0,20.0,,src/converters/gen_min_station_tntp_to_minstation.py,anterior ao controle de versão,28da35dbb426af58cf3105a3273ecd344fcffc80db17acd57af1b6044c278278,28d185ed1814292b2c1899d7251a21522745d82550d7b1ea1e14c78227464d57,,800,1208,2404,12,7,1.0,8.0,True,3.02,5,0.0625,39,20.0,0.0975,0.0769,0.0,False,787,0.9838,32,True,26,13.0,0.65,True,303714,0.47515,G,R-c,,,,,legado,,,,,legado
Philadelphia_n800_m2404_st_5.txt,instances/Philadelphia_n800_m2404_st_5.txt,extensao_dirigida,nao,Philadelphia,TNTP,fluxo de tráfego,https://github.com/bstabler/TransportationNetworks,"Transportation Networks for Research Core Team, TransportationNetworks (TNTP)","subgrafo conexo por BFS; comprimentos em km inteiros (ceil); arcos dirigidos mantidos; S e T = maiores origens e destinos da matriz O/D, disjuntos",maiores demandas O/D,percentil 50 das distâncias S-T no arquivo; experimentos usam R das referências históricas,22.0,2,,src/converters/gen_min_station_tntp_to_minstation.py,anterior ao controle de versão,cad5135fdc150bd84a554e52c4342e1ba709a8a943543a28e73555dd17a2054f,0489b979539dfddc1d5896cc00c02c6a6bf2adb85bbc3fa7a429d84c97249a3f,arquivo R=22; E4-E8 usam R=2 (ref. 41),800,1208,2404,12,7,1.0,8.0,True,3.02,5,0.0625,5,2.0,0.0125,0.0,0.0,False,782,0.9775,32,True,26,23.0,11.5,False,5015,0.00785,P,R-a,,,,,legado,41,41,"referência histórica não reprovada nesta linha, R=2 — run_e8.py",,legado
bip42p.txt,instances/bip42p.txt,principal,via A_r=E (r=1),bip42p,SteinLib,Steiner em grafos (PUC),https://steinlib.zib.de/steinlib.php,"Koch, Martin, Voss. SteinLib: an updated library on Steiner tree problems in graphs (KMV00); família PUC: Rosseti et al. (2001), a confirmar",arestas SteinLib nos dois sentidos com pesos originais; terminais embaralhados (seed 42) e divididos ao meio em S e T,"terminais SteinLib, sorteio seed 42",R gravado no arquivo; origem da escolha não registrada (não segue a regra por percentil do conversor),200.0,200.0,42,src/converters/steinlib_to_minstation.py,anterior ao controle de versão,fffb7ecf020b319efd8d99a55da1a90b76dd64d154b27d9a6e5c31aedd7236b5,a7096b7097e23dc6b2f21df2434f5fc0cc779608d0cf3eec2412f6eedafb7c47,pesos 101-110 e R=200,1200,3982,7964,0,10,101.0,110.0,True,6.637,31,0.04,100,200.0,0.1667,0.0,0.0,False,1195,0.9958,6,True,171,207.0,1.035,False,7964,0.00554,P,R-b,,,,,legado,,,,,avaliacao|desenvolvimento|legado
cc10-2p.txt,instances/cc10-2p.txt,extensao_ponderada,nao,cc10-2p,SteinLib,Steiner em grafos (PUC),https://steinlib.zib.de/steinlib.php,"Koch, Martin, Voss. SteinLib: an updated library on Steiner tree problems in graphs (KMV00); família PUC: Rosseti et al. (2001), a confirmar",arestas SteinLib nos dois sentidos com pesos originais; terminais embaralhados (seed 42) e divididos ao meio em S e T,"terminais SteinLib, sorteio seed 42",R gravado no arquivo; origem da escolha não registrada (não segue a regra por percentil do conversor),500.0,500.0,42,src/converters/steinlib_to_minstation.py,anterior ao controle de versão,ae70e45521ed4138e654f86a8c9b071ee5cc9f19dc78bd37ec15063741cdcde6,b08fdee5ae4ad009fd4498814f2308829200df3cbdccbf9bab8fb27b2c555d74,OPT=3 (E1),1024,5120,10240,0,30,101.0,310.0,True,10.0,10,0.0,67,500.0,0.1309,0.0,0.0,False,1024,1.0,10,True,437,508.0,1.016,False,339124,0.32373,G,R-c,,,,,legado,3,3,OPT certificado — resultados-e0-e1-pli.md (E1),,legado
cc12-2p.txt,instances/cc12-2p.txt,extensao_ponderada,nao,cc12-2p,SteinLib,Steiner em grafos (PUC),https://steinlib.zib.de/steinlib.php,"Koch, Martin, Voss. SteinLib: an updated library on Steiner tree problems in graphs (KMV00); família PUC: Rosseti et al. (2001), a confirmar",arestas SteinLib nos dois sentidos com pesos originais; terminais embaralhados (seed 42) e divididos ao meio em S e T,"terminais SteinLib, sorteio seed 42",R gravado no arquivo; origem da escolha não registrada (não segue a regra por percentil do conversor),500.0,500.0,42,src/converters/steinlib_to_minstation.py,anterior ao controle de versão,480ac0727ec74850c4c629e6a2ca3e8542a04aecb74f771eafb665c36800fb20,f37f5ab0129cfb62b4d6398e13aeda00d921d620fb0802c32a3e645a528a3acb,OPT=6 certificado (E8),4096,24574,49148,0,30,101.0,310.0,True,11.999,12,0.0,236,500.0,0.1152,0.0,0.0,False,4096,1.0,12,False,1761,508.0,1.016,False,2795100,0.16664,G,R-c,,,,,legado,6,6,"OPT certificado — verify_e8_cc12_opt.py, resultados-e8-pli.md §3",,legado
cc12-2u.txt,instances/cc12-2u.txt,extensao_ponderada,nao,cc12-2u,SteinLib,Steiner em grafos (PUC),https://steinlib.zib.de/steinlib.php,"Koch, Martin, Voss. SteinLib: an updated library on Steiner tree problems in graphs (KMV00); família PUC: Rosseti et al. (2001), a confirmar",arestas SteinLib nos dois sentidos com pesos originais; terminais embaralhados (seed 42) e divididos ao meio em S e T,"terminais SteinLib, sorteio seed 42",R gravado no arquivo; origem da escolha não registrada (não segue a regra por percentil do conversor),2.0,2.0,42,src/converters/steinlib_to_minstation.py,anterior ao controle de versão,48f80f2089538eeb47fc743bb28c0c17dd8d10c99f5ce1fbb167a1837204bcb9,69b061a7005ed7442bd99902463b6bf881925325fdec9375c1f8bc283727ab19,pesos 1-3 apesar do sufixo u,4096,24574,49148,0,3,1.0,3.0,True,11.999,12,0.0,236,2.0,0.1152,0.0,0.0,False,4096,1.0,12,False,1761,5.0,2.5,False,256874,0.01531,G,misto,,,,,legado,,,,,avaliacao|legado
fnl4461fst.txt,instances/fnl4461fst.txt,historico,nao,fnl4461fst,SteinLib,Steiner retilíneo (TSPFST),https://steinlib.zib.de/steinlib.php,"Koch, Martin, Voss. SteinLib: an updated library on Steiner tree problems in graphs (KMV00)",arestas SteinLib nos dois sentidos com pesos originais; terminais embaralhados (seed 42) e divididos ao meio em S e T,"terminais SteinLib, sorteio seed 42",R gravado no arquivo; origem da escolha não registrada (não segue a regra por percentil do conversor),250.0,250.0,42,src/converters/steinlib_to_minstation.py,anterior ao controle de versão,19e47b376fb95ff47c26837c8593244e607e7a3c85c3ed1b7bade279b85f310d,10dd7bc5142fee778cb37abdff6992179814b3889806f1c08916538733784ada,fora de escopo,,,,,,,,,,,,,,,,,,,,,,,,,,,,,,,,,,legado,,,,,legado
hc10p.txt,instances/hc10p.txt,principal,via A_r=E (r=1),hc10p,SteinLib,Steiner em grafos (PUC),https://steinlib.zib.de/steinlib.php,"Koch, Martin, Voss. SteinLib: an updated library on Steiner tree problems in graphs (KMV00); família PUC: Rosseti et al. (2001), a confirmar",arestas SteinLib nos dois sentidos com pesos originais; terminais embaralhados (seed 42) e divididos ao meio em S e T,"terminais SteinLib, sorteio seed 42",R gravado no arquivo; origem da escolha não registrada (não segue a regra por percentil do conversor),150.0,150.0,42,src/converters/steinlib_to_minstation.py,anterior ao controle de versão,8cd73be105f57ab1ca33bad09190eacd48d2ad1463037b62e8c706b75d775168,5dc0206fcc87870ec31c98040e47dbef64d5ced83c14905a533247978d845be7,pesos 100-110 e R=150: uma aresta por carga,1024,5120,10240,0,11,100.0,110.0,True,10.0,10,0.0,256,150.0,0.5,0.0,0.0,False,1024,1.0,10,True,437,206.0,1.373,False,10240,0.00978,P,R-b,,,,,legado,,,,,avaliacao|desenvolvimento|legado
hc11p.txt,instances/hc11p.txt,principal,via A_r=E (r=1),hc11p,SteinLib,Steiner em grafos (PUC),https://steinlib.zib.de/steinlib.php,"Koch, Martin, Voss. SteinLib: an updated library on Steiner tree problems in graphs (KMV00); família PUC: Rosseti et al. (2001), a confirmar",arestas SteinLib nos dois sentidos com pesos originais; terminais embaralhados (seed 42) e divididos ao meio em S e T,"terminais SteinLib, sorteio seed 42",R gravado no arquivo; origem da escolha não registrada (não segue a regra por percentil do conversor),150.0,150.0,42,src/converters/steinlib_to_minstation.py,anterior ao controle de versão,7d4c55a4deb37ffc5f5675ea2d189a20090fdc9e6dea1fc8a64298405542a2e5,37da0f64559c580a54cab46f1d9831c306ff201a29bc5f063b4e0524d5632e2c,idem,2048,11264,22528,0,11,100.0,110.0,True,11.0,11,0.0,512,150.0,0.5,0.0,0.0,False,2048,1.0,11,True,851,206.0,1.373,False,22528,0.00537,M,R-b,,,,,legado,,,,,avaliacao|legado
hc12p.txt,instances/hc12p.txt,principal,via A_r=E (r=1),hc12p,SteinLib,Steiner em grafos (PUC),https://steinlib.zib.de/steinlib.php,"Koch, Martin, Voss. SteinLib: an updated library on Steiner tree problems in graphs (KMV00); família PUC: Rosseti et al. (2001), a confirmar",arestas SteinLib nos dois sentidos com pesos originais; terminais embaralhados (seed 42) e divididos ao meio em S e T,"terminais SteinLib, sorteio seed 42",R gravado no arquivo; origem da escolha não registrada (não segue a regra por percentil do conversor),150.0,150.0,42,src/converters/steinlib_to_minstation.py,anterior ao controle de versão,01ed34bb2b99500b148617b54b7f0502d595624243e21e5be9818194a668ebda,01e242eb6255e24d0f7296c4b204b499af23f93c9fc2fd5d44c34e1c66a62af7,idem,4096,24576,49152,0,11,100.0,110.0,True,12.0,12,0.0,1024,150.0,0.5,0.0,0.0,False,4096,1.0,12,False,1750,208.0,1.387,False,49152,0.00293,M,R-b,,,,,legado,,,,,avaliacao|legado
hc9u.txt,instances/hc9u.txt,principal,exata,hc9u,SteinLib,Steiner em grafos (PUC),https://steinlib.zib.de/steinlib.php,"Koch, Martin, Voss. SteinLib: an updated library on Steiner tree problems in graphs (KMV00); família PUC: Rosseti et al. (2001), a confirmar",arestas SteinLib nos dois sentidos com pesos originais; terminais embaralhados (seed 42) e divididos ao meio em S e T,"terminais SteinLib, sorteio seed 42",R gravado no arquivo; origem da escolha não registrada (não segue a regra por percentil do conversor),1.0,1.0,42,src/converters/steinlib_to_minstation.py,anterior ao controle de versão,1f2d51b5734e6b7118a1c4a15144760b763b5e1cf51e6c7d6b84bef2a80e04e0,a1c040d53b4b8e548630a6dcd08a993f0e21b4d6186b71787e35b988fb039018,,512,2304,4608,0,1,1.0,1.0,True,9.0,9,0.0,128,1.0,0.5,0.0,0.0,False,512,1.0,9,True,209,2.0,2.0,False,4608,0.01761,P,R-b,,,,,legado,32,38,"LB: núcleo C1+C4-DM (E3); UB: verificado no compacto (E4). OPT(hc9u) in [32, 38] segue aberto — resultados-e2-e4-pli.md",,avaliacao|desenvolvimento|legado
inst_Anaheim_n416_m914_st_19.txt,instances/inst_Anaheim_n416_m914_st_19.txt,extensao_dirigida,nao,Anaheim,TNTP,fluxo de tráfego,https://github.com/bstabler/TransportationNetworks,"Transportation Networks for Research Core Team, TransportationNetworks (TNTP)","subgrafo conexo por BFS; comprimentos em km inteiros (ceil); arcos dirigidos mantidos; S e T = maiores origens e destinos da matriz O/D, disjuntos",maiores demandas O/D,percentil 50 das distâncias S-T no arquivo; experimentos usam R das referências históricas,4.0,4.0,,src/converters/gen_min_station_tntp_to_minstation.py,anterior ao controle de versão,cab8bc7ae6657050bbd01e24d340524fb9a85c3fe85408a3419ff4d500e7bf07,ad9d3c96cc92ba469f0a0ddb65c194cbdc1f772b5626eea283e306e64533c874,,416,634,914,354,3,1.0,3.0,True,3.048,7,0.024,19,4.0,0.0913,0.2632,0.0,False,416,1.0,26,True,23,18.0,4.5,False,5509,0.03191,P,R-a,,,,,legado,,,,,legado
inst_Barcelona_n1020_m2522_st_54.txt,instances/inst_Barcelona_n1020_m2522_st_54.txt,extensao_dirigida,nao,Barcelona,TNTP,fluxo de tráfego,https://github.com/bstabler/TransportationNetworks,"Transportation Networks for Research Core Team, TransportationNetworks (TNTP)","subgrafo conexo por BFS; comprimentos em km inteiros (ceil); arcos dirigidos mantidos; S e T = maiores origens e destinos da matriz O/D, disjuntos",maiores demandas O/D,percentil 50 das distâncias S-T no arquivo; experimentos usam R das referências históricas,21.0,21.0,,src/converters/gen_min_station_tntp_to_minstation.py,anterior ao controle de versão,0752d5f1d2acdb683c4de1a6bce096d6187dd6511ec28616c07472cd6aa0f4f5,ba9334f33bc8ff18de9775c455bd9a11bd01e290073b72273faddbc90c08e483,"cabeçalho N=1020, 930 vértices",930,1798,2522,1074,14,1.0,89.0,True,3.867,16,0.0247,54,21.0,0.1161,0.1852,0.0,False,918,0.9871,27,True,38,11.0,0.524,True,536333,0.62078,G,R-c,,,,,legado,,,,,legado
lin23.txt,instances/lin23.txt,historico,nao,lin23,SteinLib,"Steiner em grafos (LIN, VLSI)",https://steinlib.zib.de/steinlib.php,"Koch, Martin, Voss. SteinLib: an updated library on Steiner tree problems in graphs (KMV00)",arestas SteinLib nos dois sentidos com pesos originais; terminais embaralhados (seed 42) e divididos ao meio em S e T,"terminais SteinLib, sorteio seed 42",R gravado no arquivo; origem da escolha não registrada (não segue a regra por percentil do conversor),500.0,500.0,42,src/converters/steinlib_to_minstation.py,anterior ao controle de versão,4735f1f68ae0d94bed5c3a760288b2e044334ab89728278505efb4621bde0c5d,71a9e42bda2815faef9012af2df322877423b89284fc100a4293e75322bd024a,fora de escopo por decisão do usuário,3716,6750,13500,0,126,1.0,200.0,True,3.633,4,0.0,26,500.0,0.014,0.0,0.0,True,3716,1.0,83,False,88,1658.0,3.316,False,565174,0.04094,G,R-a,,,,,legado,,,,,legado
lin37.txt,instances/lin37.txt,historico,nao,lin37,SteinLib,"Steiner em grafos (LIN, VLSI)",https://steinlib.zib.de/steinlib.php,"Koch, Martin, Voss. SteinLib: an updated library on Steiner tree problems in graphs (KMV00)",arestas SteinLib nos dois sentidos com pesos originais; terminais embaralhados (seed 42) e divididos ao meio em S e T,"terminais SteinLib, sorteio seed 42",R gravado no arquivo; origem da escolha não registrada (não segue a regra por percentil do conversor),500.0,500.0,42,src/converters/steinlib_to_minstation.py,anterior ao controle de versão,4424d0e7a55fdabfb0c736747738389e58c7f74a8ecbcf90757c14bfaeab3e8a,519a41f28a548f1a2593107287661abc0ec672281d701dfbcd1872c9491de1d6,fora de escopo por decisão do usuário,,,,,,,,,,,,,,,,,,,,,,,,,,,,,,,,,,legado,,,,,legado
mapf-den312d-m25-f4.txt,instances/benchmark-v1/mapf/mapf-den312d-m25-f4.txt,principal,exata,den312d.map + den312d-random-1.scen (primeiros 25 agentes),MovingAI MAPF,MAPF (multi-agent path finding),https://movingai.com/benchmarks/mapf.html,"Stern et al. Multi-Agent Pathfinding: Definitions, Variants, and Benchmarks. SoCS 2019",G-GRID; maior componente conexa; não dirigido; passos unitários,NATIVO,R-FRAC:4 (lambda*=36),9.0,9.0,,src/converters/build_benchmark.py,a647555,f8d5d8b11813681bb9542950b109bd554fc9f5588174276d19b7c55474d4494d,f59e9d48b919c248f24b05e30596bb6ee5eed5e764cecb6862e248267f7dcea0,"células livres (. G S), 4-vizinhança; S e T = início e destino dos primeiros agentes do cenário",2445,4391,8782,0,1,1.0,1.0,True,3.592,4,0.009,25,9.0,0.0204,0.0,0.0,True,2445,1.0,141,True,18,36.0,4.0,False,249528,0.04176,G,R-a,A,15.0,17.0,"COMP (U + C1+C2+C4), TL 600 s, seed 42",desenvolvimento,17,17,"E13, COMP C1+C2+C4, MIPFocus=1, TL 1800 s — resultados-e13-pli.md",,desenvolvimento
mapf-den312d-m50-f2-rho.txt,instances/benchmark-v1/mapf/mapf-den312d-m50-f2-rho.txt,principal,exata,den312d.map + den312d-random-1.scen (primeiros 50 agentes),MovingAI MAPF,MAPF (multi-agent path finding),https://movingai.com/benchmarks/mapf.html,"Stern et al. Multi-Agent Pathfinding: Definitions, Variants, and Benchmarks. SoCS 2019",G-GRID; maior componente conexa; não dirigido; passos unitários,NATIVO; rho=0.1,R-FRAC:2 (lambda*=32),16.0,16.0,,src/converters/build_benchmark.py,a647555,54c491c8043d8b5350603aa12cdc77f53e2cd289bd71bc45f93030951dbfb4ea,6a5e90db13609740b704ef057d362f838b96aa2b2cd9f536178675578b50bbb9,"células livres (. G S), 4-vizinhança; S e T = início e destino dos primeiros agentes do cenário",2445,4391,8782,0,1,1.0,1.0,True,3.592,4,0.009,50,16.0,0.0389,0.0,0.1,True,2445,1.0,141,True,18,32.0,2.0,False,549696,0.09199,G,misto,A,4.0,9.0,"COMP (U + C1+C2+C4), TL 600 s, seed 42",avaliacao,5,9,"E13, COMP C1+C2+C4, MIPFocus=1, TL 1800 s — resultados-e13-pli.md",,avaliacao
mapf-empty-32-32-m25-f4.txt,instances/benchmark-v1/mapf/mapf-empty-32-32-m25-f4.txt,principal,exata,empty-32-32.map + empty-32-32-random-1.scen (primeiros 25 agentes),MovingAI MAPF,MAPF (multi-agent path finding),https://movingai.com/benchmarks/mapf.html,"Stern et al. Multi-Agent Pathfinding: Definitions, Variants, and Benchmarks. SoCS 2019",G-GRID; maior componente conexa; não dirigido; passos unitários,NATIVO,R-FRAC:4 (lambda*=15),4.0,4.0,,src/converters/build_benchmark.py,a647555,476fca28e855b885d5bbff2014d86c4ae0dae6ca68eb743605bb67c86606128c,4fae566e12f855f206f0e07ab95da4b1d6bae95f53da5860b851ee180a67fb56,"células livres (. G S), 4-vizinhança; S e T = início e destino dos primeiros agentes do cenário",1024,1984,3968,0,1,1.0,1.0,True,3.875,4,0.0,25,4.0,0.0488,0.0,0.0,True,1024,1.0,62,True,46,15.0,3.75,False,37180,0.03549,M,R-a,A,14.0,18.0,"COMP (U + C1+C2+C4), TL 600 s, seed 42",avaliacao,,,,,avaliacao
mapf-empty-32-32-m50-f2.txt,instances/benchmark-v1/mapf/mapf-empty-32-32-m50-f2.txt,principal,exata,empty-32-32.map + empty-32-32-random-1.scen (primeiros 50 agentes),MovingAI MAPF,MAPF (multi-agent path finding),https://movingai.com/benchmarks/mapf.html,"Stern et al. Multi-Agent Pathfinding: Definitions, Variants, and Benchmarks. SoCS 2019",G-GRID; maior componente conexa; não dirigido; passos unitários,NATIVO,R-FRAC:2 (lambda*=11),6.0,6.0,,src/converters/build_benchmark.py,a647555,e734ef1b11f5529de5065363a279f5c127d6d3398de7af90022a7ea4c29a6205,c2024718a36137d29fef97fdd7c804bd2388ca1f6575ff96bb4986e8739abf5c,"células livres (. G S), 4-vizinhança; S e T = início e destino dos primeiros agentes do cenário",1024,1984,3968,0,1,1.0,1.0,True,3.875,4,0.0,50,6.0,0.0977,0.0,0.0,True,1024,1.0,62,True,46,11.0,1.833,False,74648,0.07126,M,misto,A,4.0,6.0,"COMP (U + C1+C2+C4), TL 600 s, seed 42",desenvolvimento,,,,,desenvolvimento
mapf-maze-32-32-2-m10-f4.txt,instances/benchmark-v1/mapf/mapf-maze-32-32-2-m10-f4.txt,principal,exata,maze-32-32-2.map + maze-32-32-2-random-1.scen (primeiros 10 agentes),MovingAI MAPF,MAPF (multi-agent path finding),https://movingai.com/benchmarks/mapf.html,"Stern et al. Multi-Agent Pathfinding: Definitions, Variants, and Benchmarks. SoCS 2019",G-GRID; maior componente conexa; não dirigido; passos unitários,NATIVO,R-FRAC:4 (lambda*=65),17.0,17.0,,src/converters/build_benchmark.py,a647555,143ef55912374b7d6430e80464c99129f65acbf7edbaf6ed87f8bcb6bb44b343,1ef3bb141baf6074766c1f175a6902f74494efb4a09c98771f4ef9f5dc8d64b8,"células livres (. G S), 4-vizinhança; S e T = início e destino dos primeiros agentes do cenário",666,975,1950,0,1,1.0,1.0,True,2.928,4,0.006,10,17.0,0.03,0.0,0.0,True,666,1.0,142,True,2,65.0,3.824,False,59900,0.13525,M,R-a,F,7.0,7.0,"COMP (U + C1+C2+C4), TL 600 s, seed 42",avaliacao,,,,,avaliacao
mapf-maze-32-32-2-m25-f2.txt,instances/benchmark-v1/mapf/mapf-maze-32-32-2-m25-f2.txt,principal,exata,maze-32-32-2.map + maze-32-32-2-random-1.scen (primeiros 25 agentes),MovingAI MAPF,MAPF (multi-agent path finding),https://movingai.com/benchmarks/mapf.html,"Stern et al. Multi-Agent Pathfinding: Definitions, Variants, and Benchmarks. SoCS 2019",G-GRID; maior componente conexa; não dirigido; passos unitários,NATIVO,R-FRAC:2 (lambda*=36),18.0,18.0,,src/converters/build_benchmark.py,a647555,2fe20ac8d9c702d086492346f59a7b5b63fbd111fa111f8749891e979d681ad6,0fbf2333020bed995ead244ca48ee5b09c12a3e071fdde85d21ec75b08b7d3bd,"células livres (. G S), 4-vizinhança; S e T = início e destino dos primeiros agentes do cenário",666,975,1950,0,1,1.0,1.0,True,2.928,4,0.006,25,18.0,0.0751,0.02,0.0,True,666,1.0,142,True,2,36.0,2.0,False,64404,0.14542,M,misto,F,5.0,5.0,"COMP (U + C1+C2+C4), TL 600 s, seed 42",avaliacao,,,,,avaliacao
mapf-random-32-32-10-m25-f4.txt,instances/benchmark-v1/mapf/mapf-random-32-32-10-m25-f4.txt,principal,exata,random-32-32-10.map + random-32-32-10-random-1.scen (primeiros 25 agentes),MovingAI MAPF,MAPF (multi-agent path finding),https://movingai.com/benchmarks/mapf.html,"Stern et al. Multi-Agent Pathfinding: Definitions, Variants, and Benchmarks. SoCS 2019",G-GRID; maior componente conexa; não dirigido; passos unitários,NATIVO,R-FRAC:4 (lambda*=15),4.0,4.0,,src/converters/build_benchmark.py,a647555,0f7bb70b30d3671f2280ca39bf467808f6a8cd49b8946d1917c4068144ac8c37,9c6371a0e267f660d1a39e91c817c3dd932b2ce1779ecce079d62175e725fd7b,"células livres (. G S), 4-vizinhança; S e T = início e destino dos primeiros agentes do cenário",922,1619,3238,0,1,1.0,1.0,True,3.512,4,0.0076,25,4.0,0.0542,0.04,0.0,True,922,1.0,62,True,34,15.0,3.75,False,28606,0.03369,M,R-a,A,15.0,21.0,"COMP (U + C1+C2+C4), TL 600 s, seed 42",desenvolvimento,15,20,"E13, COMP C1+C2+C4, MIPFocus=1, TL 1800 s — resultados-e13-pli.md",,desenvolvimento
mapf-random-32-32-10-m50-f8.txt,instances/benchmark-v1/mapf/mapf-random-32-32-10-m50-f8.txt,principal,exata,random-32-32-10.map + random-32-32-10-random-1.scen (primeiros 50 agentes),MovingAI MAPF,MAPF (multi-agent path finding),https://movingai.com/benchmarks/mapf.html,"Stern et al. Multi-Agent Pathfinding: Definitions, Variants, and Benchmarks. SoCS 2019",G-GRID; maior componente conexa; não dirigido; passos unitários,NATIVO,R-FRAC:8 (lambda*=13),2.0,2.0,,src/converters/build_benchmark.py,a647555,8375ce438afcc63a9ad7516dd8b00499a2724b4b17cd09f78e291dc23ec46580,9e4e5da07e92d2e70e012e71d2770df10548de83ed1911c503fec69f7cf33726,"células livres (. G S), 4-vizinhança; S e T = início e destino dos primeiros agentes do cenário",922,1619,3238,0,1,1.0,1.0,True,3.512,4,0.0076,50,2.0,0.1085,0.03,0.0,True,922,1.0,62,True,34,13.0,6.5,False,9192,0.01082,P,R-a,A,53.0,75.0,"COMP (U + C1+C2+C4), TL 600 s, seed 42",avaliacao,54,68,"E13, COMP C1+C2+C4, MIPFocus=1, TL 1800 s — resultados-e13-pli.md",,avaliacao
mapf-random-64-64-20-m100-f4.txt,instances/benchmark-v1/mapf/mapf-random-64-64-20-m100-f4.txt,principal,exata,random-64-64-20.map + random-64-64-20-random-1.scen (primeiros 100 agentes),MovingAI MAPF,MAPF (multi-agent path finding),https://movingai.com/benchmarks/mapf.html,"Stern et al. Multi-Agent Pathfinding: Definitions, Variants, and Benchmarks. SoCS 2019",G-GRID; maior componente conexa; não dirigido; passos unitários,NATIVO,R-FRAC:4 (lambda*=19),5.0,5.0,,src/converters/build_benchmark.py,a647555,91b64046f1177762af8fea8fb5af168ad1f978ca6fa7f52fd397cb01d7468909,d4dd258965bdf3dbef362e5565b5ae54bc938dd3c918481adf7880ab6f8276f5,"células livres (. G S), 4-vizinhança; S e T = início e destino dos primeiros agentes do cenário",3270,5149,10298,0,1,1.0,1.0,True,3.149,4,0.0287,100,5.0,0.0612,0.03,0.0,True,3256,0.9957,126,False,41,19.0,3.8,False,121632,0.01138,M,R-a,A,41.0,70.0,"COMP (U + C1+C2+C4), TL 600 s, seed 42",avaliacao,41,63,"E13, COMP C1+C2+C4, MIPFocus=1, TL 1800 s — resultados-e13-pli.md",,avaliacao
mapf-room-32-32-4-m10-f8.txt,instances/benchmark-v1/mapf/mapf-room-32-32-4-m10-f8.txt,principal,exata,room-32-32-4.map + room-32-32-4-random-1.scen (primeiros 10 agentes),MovingAI MAPF,MAPF (multi-agent path finding),https://movingai.com/benchmarks/mapf.html,"Stern et al. Multi-Agent Pathfinding: Definitions, Variants, and Benchmarks. SoCS 2019",G-GRID; maior componente conexa; não dirigido; passos unitários,NATIVO,R-FRAC:8 (lambda*=27),4.0,4.0,,src/converters/build_benchmark.py,a647555,78be3e1261f31f4e583d0808bdfc9c93d9c9eb335d86d13b059ce428af5f303f,de7588d8e9996111092bb644311aea4a2ff81cff271d5572cd98185e0b509f91,"células livres (. G S), 4-vizinhança; S e T = início e destino dos primeiros agentes do cenário",682,964,1928,0,1,1.0,1.0,True,2.827,4,0.0235,10,4.0,0.0293,0.05,0.0,True,660,0.9677,62,True,8,27.0,6.75,False,11622,0.02502,P,R-a,A,16.0,18.0,"COMP (U + C1+C2+C4), TL 600 s, seed 42",desenvolvimento,,,,,desenvolvimento
mapf-room-32-32-4-m25-f4-rho.txt,instances/benchmark-v1/mapf/mapf-room-32-32-4-m25-f4-rho.txt,principal,exata,room-32-32-4.map + room-32-32-4-random-1.scen (primeiros 25 agentes),MovingAI MAPF,MAPF (multi-agent path finding),https://movingai.com/benchmarks/mapf.html,"Stern et al. Multi-Agent Pathfinding: Definitions, Variants, and Benchmarks. SoCS 2019",G-GRID; maior componente conexa; não dirigido; passos unitários,NATIVO; rho=0.1,R-FRAC:4 (lambda*=17),5.0,5.0,,src/converters/build_benchmark.py,a647555,5e7eb5189b15a5d81fb1747f251496a03c1cadfbd78b34863eaee447d8a1ab1e,0794311a7e8c82d3c633bd905e49b94e7fb50a10aed39155a51d2a966fbdc0f1,"células livres (. G S), 4-vizinhança; S e T = início e destino dos primeiros agentes do cenário",682,964,1928,0,1,1.0,1.0,True,2.827,4,0.0235,25,5.0,0.0689,0.0638,0.12,True,667,0.978,62,True,8,17.0,3.4,False,16206,0.03489,P,R-a,A,16.0,19.0,"COMP (U + C1+C2+C4), TL 600 s, seed 42",avaliacao,17,19,"E13, COMP C1+C2+C4, MIPFocus=1, TL 1800 s — resultados-e13-pli.md",,avaliacao
mapf-warehouse-10-20-10-2-1-m25-f4.txt,instances/benchmark-v1/mapf/mapf-warehouse-10-20-10-2-1-m25-f4.txt,principal,exata,warehouse-10-20-10-2-1.map + warehouse-10-20-10-2-1-random-1.scen (primeiros 25 agentes),MovingAI MAPF,MAPF (multi-agent path finding),https://movingai.com/benchmarks/mapf.html,"Stern et al. Multi-Agent Pathfinding: Definitions, Variants, and Benchmarks. SoCS 2019",G-GRID; maior componente conexa; não dirigido; passos unitários,NATIVO,R-FRAC:4 (lambda*=36),9.0,9.0,,src/converters/build_benchmark.py,a647555,be28011841620585d795167766fd5e16380455249c0455e2dac4e4cabea5764e,c463726cdd3fd3f061c8186f48c12428f7b21406c31eeb34185808609bc48330,"células livres (. G S), 4-vizinhança; S e T = início e destino dos primeiros agentes do cenário",5699,8778,17556,0,1,1.0,1.0,True,3.081,4,0.0,25,9.0,0.0088,0.0,0.0,True,5699,1.0,218,False,,36.0,4.0,False,602328,0.01855,G,R-a,A,29.0,48.0,"COMP (U + C1+C2+C4), TL 600 s, seed 42",avaliacao,29,42,"E13, COMP C1+C2+C4, MIPFocus=1, TL 1800 s — resultados-e13-pli.md",,avaliacao
mapf-warehouse-10-20-10-2-1-m50-f8.txt,instances/benchmark-v1/mapf/mapf-warehouse-10-20-10-2-1-m50-f8.txt,principal,exata,warehouse-10-20-10-2-1.map + warehouse-10-20-10-2-1-random-1.scen (primeiros 50 agentes),MovingAI MAPF,MAPF (multi-agent path finding),https://movingai.com/benchmarks/mapf.html,"Stern et al. Multi-Agent Pathfinding: Definitions, Variants, and Benchmarks. SoCS 2019",G-GRID; maior componente conexa; não dirigido; passos unitários,NATIVO,R-FRAC:8 (lambda*=32),4.0,4.0,,src/converters/build_benchmark.py,a647555,382b2fae442e8ad358e7b2de458170fccf898a6c09a6d7d15360e1080355f859,390de7591de9090e79b50b1c1bf29d32f4959ebd749e3502698236612b450231,"células livres (. G S), 4-vizinhança; S e T = início e destino dos primeiros agentes do cenário",5699,8778,17556,0,1,1.0,1.0,True,3.081,4,0.0,50,4.0,0.0175,0.0,0.0,True,5699,1.0,218,False,,32.0,8.0,False,144984,0.00446,M,R-a,A,81.0,124.0,"COMP (U + C1+C2+C4), TL 600 s, seed 42",desenvolvimento,81,117,"E13, COMP C1+C2+C4, MIPFocus=1, TL 1800 s — resultados-e13-pli.md",,desenvolvimento
pace18-t2-001-regiao-f2.txt,instances/benchmark-v1/pace2018/pace18-t2-001-regiao-f2.txt,principal,exata,Track2/instance001.gr,"PACE 2018 Steiner Tree, trilha 2",Steiner em grafos (trilha de largura de árvore limitada),https://github.com/PACE-challenge/SteinerTree-PACE-2018-instances,PACE 2018 Parameterized Algorithms and Computational Experiments Challenge (Steiner Tree); instâncias CC0,G-UNIT; maior componente conexa; não dirigido; passos unitários,ST-REGIAO,R-FRAC:2 (lambda*=7),4.0,4.0,,src/converters/build_benchmark.py,a647555,ea33d8fb35fc284b90a6ef9abf5686fd05885437611d9e1d5ec01f1d49bfcf9a,84e4fbc21721ac80eba6a3526679a54e02eb9103e53fe0402a0a63c6adaf1138,"arquivo traz decomposição em árvore; largura registrada pelo PACE na linha ""s td""",74,146,292,0,1,1.0,1.0,True,3.946,11,0.0135,12,4.0,0.3243,0.0417,0.0,False,74,1.0,12,True,5,7.0,1.75,False,2360,0.43688,P,R-c,F,3.0,3.0,"COMP (U + C1+C2+C4), TL 600 s, seed 42",desenvolvimento,,,,,desenvolvimento
pace18-t2-061-regiao-f4.txt,instances/benchmark-v1/pace2018/pace18-t2-061-regiao-f4.txt,principal,exata,Track2/instance061.gr,"PACE 2018 Steiner Tree, trilha 2",Steiner em grafos (trilha de largura de árvore limitada),https://github.com/PACE-challenge/SteinerTree-PACE-2018-instances,PACE 2018 Parameterized Algorithms and Computational Experiments Challenge (Steiner Tree); instâncias CC0,G-UNIT; maior componente conexa; não dirigido; passos unitários,ST-REGIAO,R-FRAC:4 (lambda*=32),8.0,8.0,,src/converters/build_benchmark.py,a647555,37cf3679a3c42c6f9c6689eca9c78f45af34430d16189f2d0f800a173ec22a41,e70483405019d5273a7a7f8de09ed4f53dc1703442e9cada05a120ba7c6de098,"arquivo traz decomposição em árvore; largura registrada pelo PACE na linha ""s td""",528,1017,2034,0,1,1.0,1.0,True,3.852,5,0.0019,42,8.0,0.1591,0.0119,0.0,False,528,1.0,60,True,17,32.0,4.0,False,57138,0.20534,M,R-c,F,7.0,7.0,"COMP (U + C1+C2+C4), TL 600 s, seed 42",avaliacao,,,,,avaliacao
pace18-t2-081-regiao-f2.txt,instances/benchmark-v1/pace2018/pace18-t2-081-regiao-f2.txt,principal,exata,Track2/instance081.gr,"PACE 2018 Steiner Tree, trilha 2",Steiner em grafos (trilha de largura de árvore limitada),https://github.com/PACE-challenge/SteinerTree-PACE-2018-instances,PACE 2018 Parameterized Algorithms and Computational Experiments Challenge (Steiner Tree); instâncias CC0,G-UNIT; maior componente conexa; não dirigido; passos unitários,ST-REGIAO,R-FRAC:2 (lambda*=18),9.0,9.0,,src/converters/build_benchmark.py,a647555,c7b91b436c0bc26de585ee1b2f7d4a02141c173b56a79f59e6b8370f171d6519,879a9e8cd70960e2216a5805247ffa36e64753be6c8e4af2f6ec4c0d94cd38e2,"arquivo traz decomposição em árvore; largura registrada pelo PACE na linha ""s td""",237,378,756,0,1,1.0,1.0,True,3.19,4,0.0295,38,9.0,0.3207,0.0921,0.0,True,237,1.0,28,True,17,18.0,2.0,False,25710,0.45967,M,R-c,F,3.0,3.0,"COMP (U + C1+C2+C4), TL 600 s, seed 42",avaliacao,,,,,avaliacao
pace18-t2-141-regiao-f4.txt,instances/benchmark-v1/pace2018/pace18-t2-141-regiao-f4.txt,principal,exata,Track2/instance141.gr,"PACE 2018 Steiner Tree, trilha 2",Steiner em grafos (trilha de largura de árvore limitada),https://github.com/PACE-challenge/SteinerTree-PACE-2018-instances,PACE 2018 Parameterized Algorithms and Computational Experiments Challenge (Steiner Tree); instâncias CC0,G-UNIT; maior componente conexa; não dirigido; passos unitários,ST-REGIAO,R-FRAC:4 (lambda*=11),3.0,3.0,,src/converters/build_benchmark.py,a647555,9bb701cdf35b76266d3b7ef52e902947e9ce5ec68fe500b9806bd1c5d2fa47b8,6be1a620e45372b216692091961d62d7ca9d8641a78e9ece645b1cc1ddd05015,"arquivo traz decomposição em árvore; largura registrada pelo PACE na linha ""s td""",294,618,1236,0,1,1.0,1.0,True,4.204,5,0.0,19,3.0,0.1293,0.0,0.0,False,294,1.0,23,True,23,11.0,3.667,False,7354,0.08537,P,R-a,A,10.0,12.0,"COMP (U + C1+C2+C4), TL 600 s, seed 42",desenvolvimento,,,,,desenvolvimento
pace18-t2-181-regiao-f2.txt,instances/benchmark-v1/pace2018/pace18-t2-181-regiao-f2.txt,principal,exata,Track2/instance181.gr,"PACE 2018 Steiner Tree, trilha 2",Steiner em grafos (trilha de largura de árvore limitada),https://github.com/PACE-challenge/SteinerTree-PACE-2018-instances,PACE 2018 Parameterized Algorithms and Computational Experiments Challenge (Steiner Tree); instâncias CC0,G-UNIT; maior componente conexa; não dirigido; passos unitários,ST-REGIAO,R-FRAC:2 (lambda*=30),15.0,15.0,,src/converters/build_benchmark.py,a647555,a661fb7c8fd322e884f8a57d8f114f387f3e1df9d908b544e4e8c153056ac0ab,492d66a2b8a9679bd9b18a1807b24d09db4c4d0a957fbadc94c88ffb4731087b,"arquivo traz decomposição em árvore; largura registrada pelo PACE na linha ""s td""",757,1493,2986,0,1,1.0,1.0,True,3.945,6,0.0,29,15.0,0.0766,0.0,0.0,False,757,1.0,46,True,29,30.0,2.0,False,244714,0.4276,G,R-c,F,2.0,2.0,"COMP (U + C1+C2+C4), TL 600 s, seed 42",avaliacao,,,,,avaliacao
pace18-t2-199-regiao-f4.txt,instances/benchmark-v1/pace2018/pace18-t2-199-regiao-f4.txt,principal,exata,Track2/instance199.gr,"PACE 2018 Steiner Tree, trilha 2",Steiner em grafos (trilha de largura de árvore limitada),https://github.com/PACE-challenge/SteinerTree-PACE-2018-instances,PACE 2018 Parameterized Algorithms and Computational Experiments Challenge (Steiner Tree); instâncias CC0,G-UNIT; maior componente conexa; não dirigido; passos unitários,ST-REGIAO,R-FRAC:4 (lambda*=28),7.0,7.0,,src/converters/build_benchmark.py,a647555,98d42c0bac95c7673da313bbe62748b8bea99d5375f2b6895a4e058f0a1c412c,f090d29154f575fd37a194bf7db60bb901f104cdc6466a678c141527a2261a15,"arquivo traz decomposição em árvore; largura registrada pelo PACE na linha ""s td""",1011,2010,4020,0,1,1.0,1.0,True,3.976,12,0.001,18,7.0,0.0356,0.0278,0.0,False,1011,1.0,44,True,41,28.0,4.0,False,145442,0.14244,M,R-a,M,7.0,7.0,"COMP (U + C1+C2+C4), TL 600 s, seed 42",avaliacao,,,,,avaliacao
puc-bip42p-regiao-f2.txt,instances/benchmark-v1/puc/puc-bip42p-regiao-f2.txt,principal,exata,bip42p,SteinLib,Steiner em grafos,https://steinlib.zib.de/steinlib.php,"Koch, Martin, Voss. SteinLib (KMV00); PUC: Rosseti et al. (2001), a confirmar",G-UNIT; maior componente conexa; não dirigido; passos unitários,ST-REGIAO,R-FRAC:2 (lambda*=2),1.0,1.0,,src/converters/build_benchmark.py,a647555,d7c53596522401d4071563d5007d9c8647ee0d37c893426b5ab3b1d65d97743a,71072c29477b6cf1dbcce771948b28e1ea3b64614e8ee0b480dc6e854f65af5f,,1200,3982,7964,0,1,1.0,1.0,True,6.637,31,0.04,100,1.0,0.1667,0.0,0.0,False,1195,0.9958,6,True,171,2.0,2.0,False,7964,0.00554,P,R-b,A,33.0,43.0,"COMP (U + C1+C2+C4), TL 600 s, seed 42",desenvolvimento,,,,,avaliacao|desenvolvimento|legado
puc-bip42p-seed-r1.txt,instances/benchmark-v1/puc/puc-bip42p-seed-r1.txt,principal,exata,bip42p,SteinLib,Steiner em grafos,https://steinlib.zib.de/steinlib.php,"Koch, Martin, Voss. SteinLib (KMV00); PUC: Rosseti et al. (2001), a confirmar",G-UNIT; maior componente conexa; não dirigido; passos unitários,ST-SEED:42,R-1 (lambda*=2),1.0,1.0,42,src/converters/build_benchmark.py,a647555,2593a7cbca594fb96b5015c50109e777ef7953215306a6360f6dcf03a8b6c72f,d8c1619762994f0dad6ea8f293dd95f1d8794765d67a0aac498b73b407af2967,mesmo A_r de instances/bip42p.txt,1200,3982,7964,0,1,1.0,1.0,True,6.637,31,0.04,100,1.0,0.1667,0.0,0.0,False,1195,0.9958,6,True,171,2.0,2.0,False,7964,0.00554,P,R-b,A,33.0,43.0,"COMP (U + C1+C2+C4), TL 600 s, seed 42",avaliacao,,,,,avaliacao|desenvolvimento|legado
puc-cc10-2u-regiao-f2.txt,instances/benchmark-v1/puc/puc-cc10-2u-regiao-f2.txt,principal,exata,cc10-2u,SteinLib,Steiner em grafos,https://steinlib.zib.de/steinlib.php,"Koch, Martin, Voss. SteinLib (KMV00); PUC: Rosseti et al. (2001), a confirmar",G-UNIT; maior componente conexa; não dirigido; passos unitários,ST-REGIAO,R-FRAC:2 (lambda*=5),3.0,3.0,,src/converters/build_benchmark.py,a647555,512b6f1f16c62efe41c11bbfab838f3ac1fa9c44a9e978b9480f42c81fe5fe3b,0fcad5b641c41f0820a111b6a31adfac0b7025c61c790dc35b6df33181cc4882,,1024,5120,10240,0,1,1.0,1.0,True,10.0,10,0.0,67,3.0,0.1309,0.0,0.0,False,1024,1.0,10,True,437,5.0,1.667,False,179200,0.17107,M,R-c,F,2.0,2.0,"COMP (U + C1+C2+C4), TL 600 s, seed 42",avaliacao,,,,,avaliacao|desenvolvimento
puc-cc10-2u-seed-r1.txt,instances/benchmark-v1/puc/puc-cc10-2u-seed-r1.txt,principal,exata,cc10-2u,SteinLib,Steiner em grafos,https://steinlib.zib.de/steinlib.php,"Koch, Martin, Voss. SteinLib (KMV00); PUC: Rosseti et al. (2001), a confirmar",G-UNIT; maior componente conexa; não dirigido; passos unitários,ST-SEED:42,R-1 (lambda*=3),1.0,1.0,42,src/converters/build_benchmark.py,a647555,f47b1dd56c29f03948bf55ccea53ad4ed523b943a40deb92dc29c0b656e4cd8f,a54f9f9b63c08a4548e474b08171599100556199a3cb3da02df86e7936f0ed87,,1024,5120,10240,0,1,1.0,1.0,True,10.0,10,0.0,67,1.0,0.1309,0.0,0.0,False,1024,1.0,10,True,437,3.0,3.0,False,10240,0.00978,P,R-a,A,53.0,60.0,"COMP (U + C1+C2+C4), TL 600 s, seed 42",desenvolvimento,,,,,avaliacao|desenvolvimento
puc-cc11-2u-seed-r1.txt,instances/benchmark-v1/puc/puc-cc11-2u-seed-r1.txt,principal,exata,cc11-2u,SteinLib,Steiner em grafos,https://steinlib.zib.de/steinlib.php,"Koch, Martin, Voss. SteinLib (KMV00); PUC: Rosseti et al. (2001), a confirmar",G-UNIT; maior componente conexa; não dirigido; passos unitários,ST-SEED:42,R-1 (lambda*=3),1.0,1.0,42,src/converters/build_benchmark.py,a647555,00cf9fd0946e8a0ec5446b4327ff321d5018e0e90d7252f73f7aa095a21a326e,354cc4dbad804ca2beb74e599ed839b7211e37a478ca7521746064206cf287d7,,2048,11263,22526,0,1,1.0,1.0,True,10.999,11,0.0,122,1.0,0.1191,0.0,0.0,False,2048,1.0,11,True,853,3.0,3.0,False,22526,0.00537,M,R-a,D,92.00000000000009,102.0,"COMP (U + C1+C2+C4), TL 600 s, seed 42",avaliacao,,,,,avaliacao
puc-cc12-2u-seed-r1.txt,instances/benchmark-v1/puc/puc-cc12-2u-seed-r1.txt,principal,exata,cc12-2u,SteinLib,Steiner em grafos,https://steinlib.zib.de/steinlib.php,"Koch, Martin, Voss. SteinLib (KMV00); PUC: Rosseti et al. (2001), a confirmar",G-UNIT; maior componente conexa; não dirigido; passos unitários,ST-SEED:42,R-1 (lambda*=3),1.0,1.0,42,src/converters/build_benchmark.py,a647555,4f2938667fcf494f48cce3f3fec18eca1ba823c6e54ff476ffa4af037c1d8d7d,2a0013444146a9da760cd4b23b4f47fde566f0e44a59fe5a9649c5b09b4420e8,"mesmos S e T de instances/cc12-2u.txt, sem pesos",4096,24574,49148,0,1,1.0,1.0,True,11.999,12,0.0,236,1.0,0.1152,0.0,0.0,False,4096,1.0,12,False,1761,3.0,3.0,False,49148,0.00293,M,R-a,A,165.0,204.0,"COMP (U + C1+C2+C4), TL 600 s, seed 42",avaliacao,,,,,avaliacao|legado
puc-cc6-3p-seed-r1.txt,instances/benchmark-v1/puc/puc-cc6-3p-seed-r1.txt,principal,exata,cc6-3p,SteinLib,Steiner em grafos,https://steinlib.zib.de/steinlib.php,"Koch, Martin, Voss. SteinLib (KMV00); PUC: Rosseti et al. (2001), a confirmar",G-UNIT; maior componente conexa; não dirigido; passos unitários,ST-SEED:42,R-1 (lambda*=3),1.0,1.0,42,src/converters/build_benchmark.py,a647555,b404ea3598e6cb5e83b4ff0d561b4fe124517926ca742aaf1c7b2b7482b9e0ed,03fd1dfcda9802f7efa64f8d5a1d4de42286b6544e173e511d161c00d18e9db5,,729,4368,8736,0,1,1.0,1.0,True,11.984,12,0.0,38,1.0,0.1043,0.0,0.0,False,729,1.0,6,True,429,3.0,3.0,False,8736,0.01646,P,R-a,F,32.0,32.0,"COMP (U + C1+C2+C4), TL 600 s, seed 42",desenvolvimento,,,,,desenvolvimento
puc-cc9-2p-seed-r1.txt,instances/benchmark-v1/puc/puc-cc9-2p-seed-r1.txt,principal,exata,cc9-2p,SteinLib,Steiner em grafos,https://steinlib.zib.de/steinlib.php,"Koch, Martin, Voss. SteinLib (KMV00); PUC: Rosseti et al. (2001), a confirmar",G-UNIT; maior componente conexa; não dirigido; passos unitários,ST-SEED:42,R-1 (lambda*=3),1.0,1.0,42,src/converters/build_benchmark.py,a647555,0312f43552cddc102081d9937465429e29797ddb86cf85a6871752d50aeec88c,8db72f40684646bc015cd746c43e6aadec9ef9fdf019c95031d632768ce4d37e,,512,2304,4608,0,1,1.0,1.0,True,9.0,9,0.0,32,1.0,0.125,0.0,0.0,False,512,1.0,9,True,209,3.0,3.0,False,4608,0.01761,P,R-a,D,30.0,31.0,"COMP (U + C1+C2+C4), TL 600 s, seed 42",avaliacao,,,,,avaliacao
puc-hc10p-regiao-f4.txt,instances/benchmark-v1/puc/puc-hc10p-regiao-f4.txt,principal,exata,hc10p,SteinLib,Steiner em grafos,https://steinlib.zib.de/steinlib.php,"Koch, Martin, Voss. SteinLib (KMV00); PUC: Rosseti et al. (2001), a confirmar",G-UNIT; maior componente conexa; não dirigido; passos unitários,ST-REGIAO,R-FRAC:4 (lambda*=6),2.0,2.0,,src/converters/build_benchmark.py,a647555,0a3862dfa6eca464f6e458008b9dae09f875ca5ceb07e7f3d8ff3f2bd59e83a7,de9008731bb00888c4cbe8ba41263df7e9f855de38c39580d9f3fe12b0eee954,,1024,5120,10240,0,1,1.0,1.0,True,10.0,10,0.0,256,2.0,0.5,0.0,0.0,False,11,0.0107,10,True,437,6.0,3.0,False,56320,0.05376,M,R-b,F,6.0,6.0,"COMP (U + C1+C2+C4), TL 600 s, seed 42",avaliacao,,,,,avaliacao|desenvolvimento|legado
puc-hc10p-seed-r1.txt,instances/benchmark-v1/puc/puc-hc10p-seed-r1.txt,principal,exata,hc10p,SteinLib,Steiner em grafos,https://steinlib.zib.de/steinlib.php,"Koch, Martin, Voss. SteinLib (KMV00); PUC: Rosseti et al. (2001), a confirmar",G-UNIT; maior componente conexa; não dirigido; passos unitários,ST-SEED:42,R-1 (lambda*=2),1.0,1.0,42,src/converters/build_benchmark.py,a647555,536f7ebd481974fec4a9ee6aa36e44ffb434c71779e700f8b66429f36d328e00,84d41de307ba2c47676e3e73ee7fbedcb921fbba1d8318ae07e9fc3c508ad165,mesmo A_r de instances/hc10p.txt,1024,5120,10240,0,1,1.0,1.0,True,10.0,10,0.0,256,1.0,0.5,0.0,0.0,False,1024,1.0,10,True,437,2.0,2.0,False,10240,0.00978,P,R-b,A,52.00000000000002,84.0,"COMP (U + C1+C2+C4), TL 600 s, seed 42",desenvolvimento,,,,,avaliacao|desenvolvimento|legado
puc-hc11p-seed-r1.txt,instances/benchmark-v1/puc/puc-hc11p-seed-r1.txt,principal,exata,hc11p,SteinLib,Steiner em grafos,https://steinlib.zib.de/steinlib.php,"Koch, Martin, Voss. SteinLib (KMV00); PUC: Rosseti et al. (2001), a confirmar",G-UNIT; maior componente conexa; não dirigido; passos unitários,ST-SEED:42,R-1 (lambda*=2),1.0,1.0,42,src/converters/build_benchmark.py,a647555,24271c14967d855dedec3f76654f8cff74c225789ef26f8c8ed8a7b1d55cdc90,3e2066a2c8dc0b2320ac8800c9506b3e103a7b7915f9be98bb1491ce0c08d229,mesmo A_r de instances/hc11p.txt,2048,11264,22528,0,1,1.0,1.0,True,11.0,11,0.0,512,1.0,0.5,0.0,0.0,False,2048,1.0,11,True,851,2.0,2.0,False,22528,0.00537,M,R-b,A,96.0,160.0,"COMP (U + C1+C2+C4), TL 600 s, seed 42",avaliacao,,,,,avaliacao|legado
puc-hc12p-seed-r1.txt,instances/benchmark-v1/puc/puc-hc12p-seed-r1.txt,principal,exata,hc12p,SteinLib,Steiner em grafos,https://steinlib.zib.de/steinlib.php,"Koch, Martin, Voss. SteinLib (KMV00); PUC: Rosseti et al. (2001), a confirmar",G-UNIT; maior componente conexa; não dirigido; passos unitários,ST-SEED:42,R-1 (lambda*=2),1.0,1.0,42,src/converters/build_benchmark.py,a647555,9c42fb4ac369ac74c1efed689b63cd0fe9707da6df6e09e9776d453b69ded61f,f651f4ea90b7c1d8be26b8725c46bd21ea3f7004beb710009d0b5e81e76bcb97,mesmo A_r de instances/hc12p.txt,4096,24576,49152,0,1,1.0,1.0,True,12.0,12,0.0,1024,1.0,0.5,0.0,0.0,False,4096,1.0,12,False,1750,2.0,2.0,False,49152,0.00293,M,R-b,A,171.0,,"COMP (U + C1+C2+C4), TL 600 s, seed 42",avaliacao,,,,,avaliacao|legado
puc-hc9u-regiao-f2.txt,instances/benchmark-v1/puc/puc-hc9u-regiao-f2.txt,principal,exata,hc9u,SteinLib,Steiner em grafos,https://steinlib.zib.de/steinlib.php,"Koch, Martin, Voss. SteinLib (KMV00); PUC: Rosseti et al. (2001), a confirmar",G-UNIT; maior componente conexa; não dirigido; passos unitários,ST-REGIAO,R-FRAC:2 (lambda*=4),2.0,2.0,,src/converters/build_benchmark.py,a647555,796a8b5159fe4d90b75849f88527e60a51ffaa5b01b38a883a1ba0b05efa9317,5cbe3643fc3161c20ed7e9d889e74cec894b419e6e5092f48f95cb4ec878e03d,,512,2304,4608,0,1,1.0,1.0,True,9.0,9,0.0,128,2.0,0.5,0.0,0.0,False,16,0.0312,9,True,209,4.0,2.0,False,23040,0.08806,M,R-b,F,5.0,5.0,"COMP (U + C1+C2+C4), TL 600 s, seed 42",desenvolvimento,,,,,avaliacao|desenvolvimento|legado
puc-hc9u-regiao-f4.txt,instances/benchmark-v1/puc/puc-hc9u-regiao-f4.txt,principal,exata,hc9u,SteinLib,Steiner em grafos,https://steinlib.zib.de/steinlib.php,"Koch, Martin, Voss. SteinLib (KMV00); PUC: Rosseti et al. (2001), a confirmar",G-UNIT; maior componente conexa; não dirigido; passos unitários,ST-REGIAO,R-FRAC:4 (lambda*=4),1.0,1.0,,src/converters/build_benchmark.py,a647555,92ae21e7d2103292af72cc31ba9cdf68e06720bb90e7a25c423646d70d936d1a,f5b865f58b97c140ca7084f6e43c3c9cc089a52e028473c0c8d5ce76e4a5861b,,512,2304,4608,0,1,1.0,1.0,True,9.0,9,0.0,128,1.0,0.5,0.0,0.0,False,16,0.0312,9,True,209,4.0,4.0,False,4608,0.01761,P,R-b,D,36.0,39.0,"COMP (U + C1+C2+C4), TL 600 s, seed 42",avaliacao,,,,,avaliacao|desenvolvimento|legado
puc-hc9u-seed-r1.txt,instances/benchmark-v1/puc/puc-hc9u-seed-r1.txt,principal,exata,hc9u,SteinLib,Steiner em grafos,https://steinlib.zib.de/steinlib.php,"Koch, Martin, Voss. SteinLib (KMV00); PUC: Rosseti et al. (2001), a confirmar",G-UNIT; maior componente conexa; não dirigido; passos unitários,ST-SEED:42,R-1 (lambda*=2),1.0,1.0,42,src/converters/build_benchmark.py,a647555,7caaf4144c2bb4a00442c9c6cc332909e6a55aa056f40865799c8967dbfa238e,e0ba8a439524740e36be1bdee591d17383067d810d960cea73a35f68cf70d397,reproduz instances/hc9u.txt,512,2304,4608,0,1,1.0,1.0,True,9.0,9,0.0,128,1.0,0.5,0.0,0.0,False,512,1.0,9,True,209,2.0,2.0,False,4608,0.01761,P,R-b,A,32.0,41.0,"COMP (U + C1+C2+C4), TL 600 s, seed 42",avaliacao,,,,hc9u.txt,avaliacao|desenvolvimento|legado
puc-w23c23-intercalado-f2-rho.txt,instances/benchmark-v1/puc/puc-w23c23-intercalado-f2-rho.txt,principal,exata,w23c23,SteinLib,Steiner em grafos,https://steinlib.zib.de/steinlib.php,"Koch, Martin, Voss. SteinLib (KMV00); PUC: Rosseti et al. (2001), a confirmar",G-UNIT; maior componente conexa; não dirigido; passos unitários,ST-INTERCALADO; rho=0.1,R-FRAC:2 (lambda*=2),1.0,1.0,,src/converters/build_benchmark.py,a647555,e09ff5393ebfb3c13981c4aa90a98154842489c8f9a8ea9a7ed3879fe181babc,e518bd6a3d0d78fec93c3d2326067e51ee00be2b35344396cabc0708490f1238,,1081,3174,6348,0,1,1.0,1.0,True,5.872,46,0.0,276,1.0,0.4847,0.0,0.1014,False,1081,1.0,23,True,101,2.0,2.0,False,6348,0.00544,P,R-b,F,128.0,128.0,"COMP (U + C1+C2+C4), TL 600 s, seed 42",desenvolvimento,,,,,avaliacao|desenvolvimento
puc-w23c23-seed-r1.txt,instances/benchmark-v1/puc/puc-w23c23-seed-r1.txt,principal,exata,w23c23,SteinLib,Steiner em grafos,https://steinlib.zib.de/steinlib.php,"Koch, Martin, Voss. SteinLib (KMV00); PUC: Rosseti et al. (2001), a confirmar",G-UNIT; maior componente conexa; não dirigido; passos unitários,ST-SEED:42,R-1 (lambda*=4),1.0,1.0,42,src/converters/build_benchmark.py,a647555,2d66a9d3e0ced42de6e588f97003d87dd244d5491c0b53d40852725a147324f3,7ca73206e7d29efdc920b096fd5d5c45e1add64a51f0516129584af1debe9600,,1081,3174,6348,0,1,1.0,1.0,True,5.872,46,0.0,276,1.0,0.5106,0.0,0.0,False,1081,1.0,23,True,101,4.0,4.0,False,6348,0.00544,P,R-b,A,140.0,156.0,"COMP (U + C1+C2+C4), TL 600 s, seed 42",avaliacao,,,,,avaliacao|desenvolvimento
puc-w3c571-seed-r1.txt,instances/benchmark-v1/puc/puc-w3c571-seed-r1.txt,principal,exata,w3c571,SteinLib,Steiner em grafos,https://steinlib.zib.de/steinlib.php,"Koch, Martin, Voss. SteinLib (KMV00); PUC: Rosseti et al. (2001), a confirmar",G-UNIT; maior componente conexa; não dirigido; passos unitários,ST-SEED:42,R-1 (lambda*=26),1.0,1.0,42,src/converters/build_benchmark.py,a647555,e85ced7daef779e6e88f302ee9d80a467129f448a7ac5c6ce465d64b963300fd,066862b028829305fd4458ae9ec446e43b9cb83ac8f8aacba6ee3a3546ccede8,,3997,10278,20556,0,1,1.0,1.0,True,5.143,6,0.0,1142,1.0,0.5714,0.0,0.0,False,3997,1.0,571,False,8,26.0,26.0,False,20556,0.00129,M,R-b,A,666.0,1131.0,"COMP (U + C1+C2+C4), TL 600 s, seed 42",avaliacao,,,,,avaliacao
pucn-cc3-10n-seed-r1.txt,instances/benchmark-v1/pucn/pucn-cc3-10n-seed-r1.txt,principal,exata,cc3-10n,DIMACS 11 (SPG-PUCN),"Steiner em grafos (cobertura de código, sem pesos)",https://dimacs11.zib.de/downloads.html,"11th DIMACS Implementation Challenge: Steiner Tree Problems (2014), conjunto SPG-PUCN",G-UNIT; maior componente conexa; não dirigido; passos unitários,ST-SEED:42,R-1 (lambda*=3),1.0,1.0,42,src/converters/build_benchmark.py,a647555,9123c0e46228c22ba586bb7f730757a7fa2c4b0f815b54afba59f54a3bc8b431,9ec035169d5fa4a64102d918f9c554e10507272cd4348d241095f11a6d34d0d6,,1000,13500,27000,0,1,1.0,1.0,True,27.0,27,0.0,25,1.0,0.05,0.0,0.0,False,1000,1.0,3,True,697,3.0,3.0,False,27000,0.02703,M,R-a,A,17.0,26.0,"COMP (U + C1+C2+C4), TL 600 s, seed 42",desenvolvimento,,,,,desenvolvimento
pucn-cc3-5n-seed-r1.txt,instances/benchmark-v1/pucn/pucn-cc3-5n-seed-r1.txt,principal,exata,cc3-5n,DIMACS 11 (SPG-PUCN),"Steiner em grafos (cobertura de código, sem pesos)",https://dimacs11.zib.de/downloads.html,"11th DIMACS Implementation Challenge: Steiner Tree Problems (2014), conjunto SPG-PUCN",G-UNIT; maior componente conexa; não dirigido; passos unitários,ST-SEED:42,R-1 (lambda*=3),1.0,1.0,42,src/converters/build_benchmark.py,a647555,7a50d215268f0e494f39b73e49f70d54b0bd95b315f2be642ec44f3918b02bdb,b83cba0840c2021d24c131410a98c902a3c2612f7dbafdba5670a876f79bec7c,,125,750,1500,0,1,1.0,1.0,True,12.0,12,0.0,6,1.0,0.096,0.0,0.0,False,75,0.6,3,True,77,3.0,3.0,False,1500,0.09677,P,R-a,F,8.0,8.0,"COMP (U + C1+C2+C4), TL 600 s, seed 42",avaliacao,,,,,avaliacao
pucn-cc5-3n-seed-r1.txt,instances/benchmark-v1/pucn/pucn-cc5-3n-seed-r1.txt,principal,exata,cc5-3n,DIMACS 11 (SPG-PUCN),"Steiner em grafos (cobertura de código, sem pesos)",https://dimacs11.zib.de/downloads.html,"11th DIMACS Implementation Challenge: Steiner Tree Problems (2014), conjunto SPG-PUCN",G-UNIT; maior componente conexa; não dirigido; passos unitários,ST-SEED:42,R-1 (lambda*=3),1.0,1.0,42,src/converters/build_benchmark.py,a647555,bc5ebcabf46831712760fffb01d4dbaa7cf1c8425b89d69ece38770cfd40adb9,65f281d5abd34c6539787bacd2b2b47dd87a8400c29d2b955fe13b6c389f5f29,,243,1215,2430,0,1,1.0,1.0,True,10.0,10,0.0,13,1.0,0.107,0.0,0.0,False,243,1.0,5,True,129,3.0,3.0,False,2430,0.04132,P,R-a,F,15.0,15.0,"COMP (U + C1+C2+C4), TL 600 s, seed 42",avaliacao,,,,,avaliacao
pucn-cc6-2n-seed-r1.txt,instances/benchmark-v1/pucn/pucn-cc6-2n-seed-r1.txt,principal,exata,cc6-2n,DIMACS 11 (SPG-PUCN),"Steiner em grafos (cobertura de código, sem pesos)",https://dimacs11.zib.de/downloads.html,"11th DIMACS Implementation Challenge: Steiner Tree Problems (2014), conjunto SPG-PUCN",G-UNIT; maior componente conexa; não dirigido; passos unitários,ST-SEED:42,R-1 (lambda*=3),1.0,1.0,42,src/converters/build_benchmark.py,a647555,0bb5c20e2f2d1601cda999e43c212a71029fda6476513f2d235839e409b1afab,6ae2059b39644bafb3a440f2657ef51bdc8082339b34b3dbeb624e2b9bce777a,,64,192,384,0,1,1.0,1.0,True,6.0,6,0.0,6,1.0,0.1875,0.0,0.0,False,64,1.0,6,True,24,3.0,3.0,False,384,0.09524,P,R-b,F,6.0,6.0,"COMP (U + C1+C2+C4), TL 600 s, seed 42",desenvolvimento,,,,,desenvolvimento
pucn-cc7-3n-regiao-f2.txt,instances/benchmark-v1/pucn/pucn-cc7-3n-regiao-f2.txt,principal,exata,cc7-3n,DIMACS 11 (SPG-PUCN),"Steiner em grafos (cobertura de código, sem pesos)",https://dimacs11.zib.de/downloads.html,"11th DIMACS Implementation Challenge: Steiner Tree Problems (2014), conjunto SPG-PUCN",G-UNIT; maior componente conexa; não dirigido; passos unitários,ST-REGIAO,R-FRAC:2 (lambda*=4),2.0,2.0,,src/converters/build_benchmark.py,a647555,49618f716809a5ac25a4a26ba73ea99f9728f9993966dbad8ef068b1ba2764b4,15a6c8c4a5c04809b2f71d8fd55e1c4e42600c7b0e2fc44d00164371392cb153,,2187,15308,30616,0,1,1.0,1.0,True,13.999,14,0.0,111,2.0,0.1015,0.0,0.0,False,2187,1.0,7,True,1292,4.0,2.0,False,214326,0.04483,G,misto,A,9.0,14.0,"COMP (U + C1+C2+C4), TL 600 s, seed 42",avaliacao,,,,,avaliacao
pucn-cc7-3n-seed-r1.txt,instances/benchmark-v1/pucn/pucn-cc7-3n-seed-r1.txt,principal,exata,cc7-3n,DIMACS 11 (SPG-PUCN),"Steiner em grafos (cobertura de código, sem pesos)",https://dimacs11.zib.de/downloads.html,"11th DIMACS Implementation Challenge: Steiner Tree Problems (2014), conjunto SPG-PUCN",G-UNIT; maior componente conexa; não dirigido; passos unitários,ST-SEED:42,R-1 (lambda*=3),1.0,1.0,42,src/converters/build_benchmark.py,a647555,23cc0005ccb4b5c67ec7ff1ca7732baa08ba6eb4956a17e9d56b961c947e51e0,b98a6e54727bd38575ccc3fe9bf64df6f58b80df9190e7f7ac8b204e272d5162,,2187,15308,30616,0,1,1.0,1.0,True,13.999,14,0.0,111,1.0,0.1015,0.0,0.0,False,2187,1.0,7,True,1292,3.0,3.0,False,30616,0.0064,M,R-a,A,69.0,83.0,"COMP (U + C1+C2+C4), TL 600 s, seed 42",avaliacao,,,,,avaliacao
b-b06-intercalado-f2.txt,instances/benchmark-v1/steinlib-b/b-b06-intercalado-f2.txt,principal,exata,b06,SteinLib,Steiner em grafos,https://steinlib.zib.de/steinlib.php,"Koch, Martin, Voss. SteinLib (KMV00)",G-UNIT; maior componente conexa; não dirigido; passos unitários,ST-INTERCALADO,R-FRAC:2 (lambda*=3),2.0,2.0,,src/converters/build_benchmark.py,a647555,abdcdf3d6a523cf86c6de6b1e0c136fe9975fdb7dd0d60fa2c2b09b0bfe86fa0,1cc3c94d741849963f5fb85a7c9bb6bd13164ca09e76e05f23f86124346bf277,,50,100,200,0,1,1.0,1.0,True,4.0,9,0.04,12,2.0,0.48,0.0417,0.0,False,50,1.0,6,True,10,3.0,1.5,False,810,0.33061,P,R-c,F,1.0,1.0,"COMP (U + C1+C2+C4), TL 600 s, seed 42",desenvolvimento,,,,,avaliacao|desenvolvimento
b-b06-regiao-f2.txt,instances/benchmark-v1/steinlib-b/b-b06-regiao-f2.txt,principal,exata,b06,SteinLib,Steiner em grafos,https://steinlib.zib.de/steinlib.php,"Koch, Martin, Voss. SteinLib (KMV00)",G-UNIT; maior componente conexa; não dirigido; passos unitários,ST-REGIAO,R-FRAC:2 (lambda*=4),2.0,2.0,,src/converters/build_benchmark.py,a647555,5af5c773553695da39e5f4f7ac5a0976097a0a7ac6b9383a689fd17a0052f0d3,998ea1640263601214f3e23b7c78a5ebb38f35e581f523c9eaf5bf9f0bc3c768,,50,100,200,0,1,1.0,1.0,True,4.0,9,0.04,12,2.0,0.48,0.0417,0.0,False,50,1.0,6,True,10,4.0,2.0,False,810,0.33061,P,R-c,F,3.0,3.0,"COMP (U + C1+C2+C4), TL 600 s, seed 42",avaliacao,,,,,avaliacao|desenvolvimento
b-b09-intercalado-f2-rho.txt,instances/benchmark-v1/steinlib-b/b-b09-intercalado-f2-rho.txt,principal,exata,b09,SteinLib,Steiner em grafos,https://steinlib.zib.de/steinlib.php,"Koch, Martin, Voss. SteinLib (KMV00)",G-UNIT; maior componente conexa; não dirigido; passos unitários,ST-INTERCALADO; rho=0.1,R-FRAC:2 (lambda*=3),2.0,2.0,,src/converters/build_benchmark.py,a647555,662b3b5a6485f92965b7d631cb22b4b753cb02176930869e3a7b0aee7c26455d,1cd26b654e63be8f84790c37a5a26bf538603772d60866195ff5ac98e0dece6f,,75,94,188,0,1,1.0,1.0,True,2.507,6,0.2533,19,2.0,0.48,0.25,0.1053,False,73,0.9733,11,True,6,3.0,1.5,False,592,0.10667,P,R-b,F,2.0,2.0,"COMP (U + C1+C2+C4), TL 600 s, seed 42",avaliacao,,,,,avaliacao
b-b12-intercalado-f2.txt,instances/benchmark-v1/steinlib-b/b-b12-intercalado-f2.txt,principal,exata,b12,SteinLib,Steiner em grafos,https://steinlib.zib.de/steinlib.php,"Koch, Martin, Voss. SteinLib (KMV00)",G-UNIT; maior componente conexa; não dirigido; passos unitários,ST-INTERCALADO,R-FRAC:2 (lambda*=2),1.0,1.0,,src/converters/build_benchmark.py,a647555,a7c590788ff946de1e4c1dcf86764392106975ab2063ff78197dfba1354ddc0a,8a3810c0ac7cfb777274caa023370d06ee72b68f9bc96c026214055ec51c424d,,75,150,300,0,1,1.0,1.0,True,4.0,8,0.04,19,1.0,0.5067,0.0789,0.0,False,75,1.0,6,True,18,2.0,2.0,False,300,0.05405,P,R-b,F,7.0,7.0,"COMP (U + C1+C2+C4), TL 600 s, seed 42",desenvolvimento,,,,,avaliacao|desenvolvimento
b-b12-regiao-f2.txt,instances/benchmark-v1/steinlib-b/b-b12-regiao-f2.txt,principal,exata,b12,SteinLib,Steiner em grafos,https://steinlib.zib.de/steinlib.php,"Koch, Martin, Voss. SteinLib (KMV00)",G-UNIT; maior componente conexa; não dirigido; passos unitários,ST-REGIAO,R-FRAC:2 (lambda*=4),2.0,2.0,,src/converters/build_benchmark.py,a647555,34abce24950c2dca8634ee13b0ebd9c1b685391cee091ad33dd554edcf5dd3f6,97658ae4008e7920ef39b58aa95e2d4d7063d2e5d5e375049cd66ffc6cb5dbee,,75,150,300,0,1,1.0,1.0,True,4.0,8,0.04,19,2.0,0.5067,0.0789,0.0,False,75,1.0,6,True,18,4.0,2.0,False,1302,0.23459,P,R-c,F,3.0,3.0,"COMP (U + C1+C2+C4), TL 600 s, seed 42",avaliacao,,,,,avaliacao|desenvolvimento
b-b15-regiao-f4.txt,instances/benchmark-v1/steinlib-b/b-b15-regiao-f4.txt,principal,exata,b15,SteinLib,Steiner em grafos,https://steinlib.zib.de/steinlib.php,"Koch, Martin, Voss. SteinLib (KMV00)",G-UNIT; maior componente conexa; não dirigido; passos unitários,ST-REGIAO,R-FRAC:4 (lambda*=5),2.0,2.0,,src/converters/build_benchmark.py,a647555,e74909c614c614413103e755bc81fe2f8c82bf351742988c5808d92349968075,a95788b4161176c661ed5e6e71ebd8dd9b77807cc60a313cebe6d9cee80a0820,,100,125,250,0,1,1.0,1.0,True,2.5,7,0.27,25,2.0,0.5,0.2,0.0,False,99,0.99,11,True,9,5.0,2.5,False,820,0.08283,P,R-b,F,9.0,9.0,"COMP (U + C1+C2+C4), TL 600 s, seed 42",avaliacao,,,,,avaliacao
b-b18-intercalado-f2.txt,instances/benchmark-v1/steinlib-b/b-b18-intercalado-f2.txt,principal,exata,b18,SteinLib,Steiner em grafos,https://steinlib.zib.de/steinlib.php,"Koch, Martin, Voss. SteinLib (KMV00)",G-UNIT; maior componente conexa; não dirigido; passos unitários,ST-INTERCALADO,R-FRAC:2 (lambda*=3),2.0,2.0,,src/converters/build_benchmark.py,a647555,5ce1a43892f1f21a8ced22e4217fdf4dd643999a94a45a2b36b5e92ae8975624,ddb4faa8ad634ecb7deb2d63d55c0ec570735ec9fe9a3999db6b4cf058e7b975,,100,200,400,0,1,1.0,1.0,True,4.0,9,0.09,25,2.0,0.5,0.1,0.0,False,100,1.0,9,True,21,3.0,1.5,False,1796,0.18141,P,R-c,F,1.0,1.0,"COMP (U + C1+C2+C4), TL 600 s, seed 42",desenvolvimento,,,,,avaliacao|desenvolvimento
b-b18-regiao-f2.txt,instances/benchmark-v1/steinlib-b/b-b18-regiao-f2.txt,principal,exata,b18,SteinLib,Steiner em grafos,https://steinlib.zib.de/steinlib.php,"Koch, Martin, Voss. SteinLib (KMV00)",G-UNIT; maior componente conexa; não dirigido; passos unitários,ST-REGIAO,R-FRAC:2 (lambda*=5),3.0,3.0,,src/converters/build_benchmark.py,a647555,ae469341762e376b773cc5d08571848a81ba772d8df6aa433a9cc8feea2a510e,f4806b3ca2cca7805afdfacb4558b1efeadf643b0e718c5ac10a97f115357b9e,,100,200,400,0,1,1.0,1.0,True,4.0,9,0.09,25,3.0,0.5,0.1,0.0,False,100,1.0,9,True,21,5.0,1.667,False,4996,0.50465,P,R-c,F,2.0,2.0,"COMP (U + C1+C2+C4), TL 600 s, seed 42",avaliacao,,,,,avaliacao|desenvolvimento
i-i080-001-regiao-f2.txt,instances/benchmark-v1/steinlib-i/i-i080-001-regiao-f2.txt,principal,exata,i080-001,SteinLib,Steiner em grafos,https://steinlib.zib.de/steinlib.php,"Koch, Martin, Voss. SteinLib (KMV00)",G-UNIT; maior componente conexa; não dirigido; passos unitários,ST-REGIAO,R-FRAC:2 (lambda*=5),3.0,3.0,,src/converters/build_benchmark.py,a647555,16e58a9ed5b8637a9b9efbb59f7943ea550748c0305f65897e22959773d2ca7b,4add97ea211a056a6fbd10bc823da22ad803a87a2b98c68d9ac4709e3898fe2e,,80,120,240,0,1,1.0,1.0,True,3.0,8,0.2,3,3.0,0.075,0.0,0.0,False,79,0.9875,9,True,9,5.0,1.667,False,2296,0.36329,P,R-c,F,1.0,1.0,"COMP (U + C1+C2+C4), TL 600 s, seed 42",desenvolvimento,,,,,desenvolvimento
i-i080-041-regiao-f2.txt,instances/benchmark-v1/steinlib-i/i-i080-041-regiao-f2.txt,principal,exata,i080-041,SteinLib,Steiner em grafos,https://steinlib.zib.de/steinlib.php,"Koch, Martin, Voss. SteinLib (KMV00)",G-UNIT; maior componente conexa; não dirigido; passos unitários,ST-REGIAO,R-FRAC:2 (lambda*=2),1.0,1.0,,src/converters/build_benchmark.py,a647555,7772c21b841ae8ddce326867182ac0ba003f175a0fa836f57675eb57532b5f2a,c7c5c1e042cb998a65c0ece1422fabbeb7f8c9d20c0478392b1570a6ac943314,,80,632,1264,0,1,1.0,1.0,True,15.8,22,0.0,3,1.0,0.075,0.0,0.0,False,80,1.0,3,True,53,2.0,2.0,False,1264,0.2,P,R-c,F,1.0,1.0,"COMP (U + C1+C2+C4), TL 600 s, seed 42",avaliacao,,,,,avaliacao
i-i080-301-regiao-f2.txt,instances/benchmark-v1/steinlib-i/i-i080-301-regiao-f2.txt,principal,exata,i080-301,SteinLib,Steiner em grafos,https://steinlib.zib.de/steinlib.php,"Koch, Martin, Voss. SteinLib (KMV00)",G-UNIT; maior componente conexa; não dirigido; passos unitários,ST-REGIAO,R-FRAC:2 (lambda*=4),2.0,2.0,,src/converters/build_benchmark.py,a647555,8c2726a68ea3c4f2a4d793a4a2e2535daaf310b25477ac5e533c342b4a6d8d37,bbd2c748c8f95cbb50580c90715d49006a1f9f701e7fdd3905157a91bf270054,,80,120,240,0,1,1.0,1.0,True,3.0,8,0.2,10,2.0,0.25,0.2,0.0,False,79,0.9875,8,True,9,4.0,2.0,False,878,0.13892,P,R-b,F,5.0,5.0,"COMP (U + C1+C2+C4), TL 600 s, seed 42",avaliacao,,,,,avaliacao
i-i080-341-intercalado-f2.txt,instances/benchmark-v1/steinlib-i/i-i080-341-intercalado-f2.txt,principal,exata,i080-341,SteinLib,Steiner em grafos,https://steinlib.zib.de/steinlib.php,"Koch, Martin, Voss. SteinLib (KMV00)",G-UNIT; maior componente conexa; não dirigido; passos unitários,ST-INTERCALADO,R-FRAC:2 (lambda*=2),1.0,1.0,,src/converters/build_benchmark.py,a647555,e2f33631cc2a6622560fac924322fb12012636e9c63d32aa54c1b620010c459c,deb58c8b84cc6e66935b236152b54e3044c4f93ed955256fb95fd97863b75904,,80,632,1264,0,1,1.0,1.0,True,15.8,28,0.0,10,1.0,0.25,0.0,0.0,False,80,1.0,3,True,51,2.0,2.0,False,1264,0.2,P,R-c,F,2.0,2.0,"COMP (U + C1+C2+C4), TL 600 s, seed 42",desenvolvimento,,,,,desenvolvimento
i-i160-301-intercalado-f2-rho.txt,instances/benchmark-v1/steinlib-i/i-i160-301-intercalado-f2-rho.txt,principal,exata,i160-301,SteinLib,Steiner em grafos,https://steinlib.zib.de/steinlib.php,"Koch, Martin, Voss. SteinLib (KMV00)",G-UNIT; maior componente conexa; não dirigido; passos unitários,ST-INTERCALADO; rho=0.1,R-FRAC:2 (lambda*=3),2.0,2.0,,src/converters/build_benchmark.py,a647555,a83f4e85e68b594edda33ce6f83e5065c46ca487cf2c8bca6de600aa20562ff6,ecb71201dbb178ece4d9ed7f5960075d2cc1703ac11dfeea81f82ebe7323e8fb,,160,240,480,0,1,1.0,1.0,True,3.0,10,0.1875,20,2.0,0.2375,0.2368,0.1,False,157,0.9812,10,True,21,3.0,1.5,False,1848,0.07264,P,R-b,F,5.0,5.0,"COMP (U + C1+C2+C4), TL 600 s, seed 42",avaliacao,,,,,avaliacao
i-i160-301-regiao-f2.txt,instances/benchmark-v1/steinlib-i/i-i160-301-regiao-f2.txt,principal,exata,i160-301,SteinLib,Steiner em grafos,https://steinlib.zib.de/steinlib.php,"Koch, Martin, Voss. SteinLib (KMV00)",G-UNIT; maior componente conexa; não dirigido; passos unitários,ST-REGIAO,R-FRAC:2 (lambda*=6),3.0,3.0,,src/converters/build_benchmark.py,a647555,6a302c8a32908a37224b0e4db92bbf02b6ce7cc00c5d2d6636213eb0a87465f4,2ae08cf86c350c7b1c3d9ea40a35e6e3acfda7d4ca3067b550788bc980a419c5,,160,240,480,0,1,1.0,1.0,True,3.0,10,0.1875,20,3.0,0.25,0.225,0.0,False,156,0.975,10,True,21,6.0,2.0,False,5262,0.20684,P,R-c,F,4.0,4.0,"COMP (U + C1+C2+C4), TL 600 s, seed 42",avaliacao,,,,,avaliacao
lin-lin01-regiao-f2.txt,instances/benchmark-v1/steinlib-lin/lin-lin01-regiao-f2.txt,principal,exata,lin01,SteinLib,Steiner em grafos,https://steinlib.zib.de/steinlib.php,"Koch, Martin, Voss. SteinLib (KMV00)",G-SUBDIV:10; maior componente conexa; não dirigido; passos unitários,ST-REGIAO,R-FRAC:2 (lambda*=41),21.0,21.0,,src/converters/build_benchmark.py,a647555,0d24b9b860b14cf57a81c5a2c87768ff6a8669917afd90222b2ddab52476cc1a,729baddcff7c883e447a80160022786f3a58a18468da6c86e6006436b5ac48b6,pesos L1 = comprimento; subdivisão a cada 10 unidades,486,513,1026,0,1,1.0,1.0,True,2.111,4,0.0,2,21.0,0.0082,0.0,0.0,True,486,1.0,86,True,6,41.0,1.952,False,62952,0.26707,M,R-c,F,2.0,2.0,"COMP (U + C1+C2+C4), TL 600 s, seed 42",desenvolvimento,,,,,desenvolvimento
lin-lin03-regiao-f4.txt,instances/benchmark-v1/steinlib-lin/lin-lin03-regiao-f4.txt,principal,exata,lin03,SteinLib,Steiner em grafos,https://steinlib.zib.de/steinlib.php,"Koch, Martin, Voss. SteinLib (KMV00)",G-SUBDIV:10; maior componente conexa; não dirigido; passos unitários,ST-REGIAO,R-FRAC:4 (lambda*=32),8.0,8.0,,src/converters/build_benchmark.py,a647555,2ad8b733aef54f3d76db804bd132064498f6e11d408ff3aa98d6dcc8fd53dbec,dd66e35e3d803931447e5c49745ef0a878060420a51493f1f4303e30e22d8444,idem,484,511,1022,0,1,1.0,1.0,True,2.112,4,0.0,4,8.0,0.0165,0.0,0.0,True,484,1.0,85,True,7,32.0,4.0,False,13808,0.05907,P,R-a,F,7.0,7.0,"COMP (U + C1+C2+C4), TL 600 s, seed 42",avaliacao,,,,,avaliacao
lin-lin06-intercalado-f2.txt,instances/benchmark-v1/steinlib-lin/lin-lin06-intercalado-f2.txt,principal,exata,lin06,SteinLib,Steiner em grafos,https://steinlib.zib.de/steinlib.php,"Koch, Martin, Voss. SteinLib (KMV00)",G-SUBDIV:20; maior componente conexa; não dirigido; passos unitários,ST-INTERCALADO,R-FRAC:2 (lambda*=12),6.0,6.0,,src/converters/build_benchmark.py,a647555,baa0bafa1ef530d81a99f6fda2deb761a166e904a2f0830c2805a5cf8c5dfdc3,7763e554e2ef1c02227baa5f223e52377476c2477b6514cf3c9acd1aa5c31262,idem,649,758,1516,0,1,1.0,1.0,True,2.336,4,0.0,7,6.0,0.0216,0.0,0.0,True,649,1.0,67,True,16,12.0,2.0,False,22254,0.05292,M,misto,F,3.0,3.0,"COMP (U + C1+C2+C4), TL 600 s, seed 42",avaliacao,,,,,avaliacao|desenvolvimento
lin-lin06-regiao-f4.txt,instances/benchmark-v1/steinlib-lin/lin-lin06-regiao-f4.txt,principal,exata,lin06,SteinLib,Steiner em grafos,https://steinlib.zib.de/steinlib.php,"Koch, Martin, Voss. SteinLib (KMV00)",G-SUBDIV:20; maior componente conexa; não dirigido; passos unitários,ST-REGIAO,R-FRAC:4 (lambda*=21),6.0,6.0,,src/converters/build_benchmark.py,a647555,a35ffd710c976b92fcc302029db242f2b50e6d46c5bbbc148c2ca47647bda93b,dedae367660646dabfd7888b00f7732f3b16b04b28648df11bca7092f0c3f359,subdivisão a cada 20 unidades,649,758,1516,0,1,1.0,1.0,True,2.336,4,0.0,7,6.0,0.0216,0.0,0.0,True,649,1.0,67,True,16,21.0,3.5,False,22254,0.05292,M,R-a,F,7.0,7.0,"COMP (U + C1+C2+C4), TL 600 s, seed 42",desenvolvimento,,,,,avaliacao|desenvolvimento
urb-apia-m10-f8.txt,instances/benchmark-v1/urbano/urb-apia-m10-f8.txt,principal,exata,apia-1.graphml,"Global Urban Street Networks (Boeing), v3.1",modelo de rede viária urbana (OSMnx/OpenStreetMap),https://doi.org/10.7910/DVN/KA5HJ3,"G. Boeing, Street network models and indicators for every urban area in the world (Harvard Dataverse, CC0)",G-SUBDIV:100; maior componente conexa; não dirigido; passos unitários,ST-REGIAO,R-FRAC:8 (lambda*=146),19.0,19.0,,src/converters/build_benchmark.py,a647555,cf8c5b37524454be7c327dbd3d107336f1030d64e27d12b84c523dee8c03f610,75a515f1d5bc75b3e6e78650dfe42c26a72a4a287a2ab0581bac4fe7e653d039,não dirigido; aresta de L metros vira caminho com round(L/100) passos (recarga possível a cada 100 m); S e T = interseções nos dois extremos da cidade,1618,1798,3596,0,1,1.0,1.0,True,2.222,4,0.1279,10,19.0,0.0124,0.4,0.0,True,1604,0.9913,156,True,9,146.0,7.684,False,363730,0.13902,G,R-a,F,8.0,8.0,"COMP (U + C1+C2+C4), TL 600 s, seed 42",desenvolvimento,,,,,avaliacao|desenvolvimento
urb-apia-m25-f2.txt,instances/benchmark-v1/urbano/urb-apia-m25-f2.txt,principal,exata,apia-1.graphml,"Global Urban Street Networks (Boeing), v3.1",modelo de rede viária urbana (OSMnx/OpenStreetMap),https://doi.org/10.7910/DVN/KA5HJ3,"G. Boeing, Street network models and indicators for every urban area in the world (Harvard Dataverse, CC0)",G-SUBDIV:100; maior componente conexa; não dirigido; passos unitários,ST-REGIAO,R-FRAC:2 (lambda*=142),71.0,71.0,,src/converters/build_benchmark.py,a647555,fc564819e8c681b8122985060517763f03f2448f4870a1e996b174085f5af338,b5ed08a16a1149b1ede2b464a4c184669d42c2972f15befb9196ef042314d167,não dirigido; aresta de L metros vira caminho com round(L/100) passos (recarga possível a cada 100 m); S e T = interseções nos dois extremos da cidade,1618,1798,3596,0,1,1.0,1.0,True,2.222,4,0.1279,25,71.0,0.0309,0.34,0.0,True,1604,0.9913,156,True,9,142.0,2.0,False,1934384,0.73936,G,R-c,M,2.0,2.0,"COMP (U + C1+C2+C4), TL 600 s, seed 42",avaliacao,,,,,avaliacao|desenvolvimento
urb-belize_city-m25-f4.txt,instances/benchmark-v1/urbano/urb-belize_city-m25-f4.txt,principal,exata,belize_city-11.graphml,"Global Urban Street Networks (Boeing), v3.1",modelo de rede viária urbana (OSMnx/OpenStreetMap),https://doi.org/10.7910/DVN/KA5HJ3,"G. Boeing, Street network models and indicators for every urban area in the world (Harvard Dataverse, CC0)",G-SUBDIV:100; maior componente conexa; não dirigido; passos unitários,ST-REGIAO,R-FRAC:4 (lambda*=96),24.0,24.0,,src/converters/build_benchmark.py,a647555,0f5c9ec4e39e665095f02d6f4abd88c3b2354ebba71e4cdc8130d79ea2a01d4a,cc0ae1ee598057f5b198ca4e9bd8cb299896a94abd07dcd8d433dd08ad120163,não dirigido; aresta de L metros vira caminho com round(L/100) passos (recarga possível a cada 100 m); S e T = interseções nos dois extremos da cidade,2306,3071,6142,0,1,1.0,1.0,True,2.663,5,0.1167,25,24.0,0.0217,0.28,0.0,True,2276,0.987,101,True,19,96.0,4.0,False,1405864,0.26449,G,R-c,F,4.0,4.0,"COMP (U + C1+C2+C4), TL 600 s, seed 42",avaliacao,,,,,avaliacao
urb-mindelo-m25-f4.txt,instances/benchmark-v1/urbano/urb-mindelo-m25-f4.txt,principal,exata,mindelo-38.graphml,"Global Urban Street Networks (Boeing), v3.1",modelo de rede viária urbana (OSMnx/OpenStreetMap),https://doi.org/10.7910/DVN/KA5HJ3,"G. Boeing, Street network models and indicators for every urban area in the world (Harvard Dataverse, CC0)",G-SUBDIV:100; maior componente conexa; não dirigido; passos unitários,ST-REGIAO,R-FRAC:4 (lambda*=90),23.0,23.0,,src/converters/build_benchmark.py,a647555,a3e9ec1503a173786e288801c5e3e257036833a7affc2cc5550539a98f31215c,30285aa5341b6aaee4b03d2b70ec7ead2fb382c294a63020e4e4d9680b1ddec4,não dirigido; aresta de L metros vira caminho com round(L/100) passos (recarga possível a cada 100 m); S e T = interseções nos dois extremos da cidade,2206,2989,5978,0,1,1.0,1.0,True,2.71,5,0.1115,25,23.0,0.0227,0.28,0.0,True,2176,0.9864,96,True,19,90.0,3.913,False,1363662,0.28034,G,R-c,M,4.0,4.0,"COMP (U + C1+C2+C4), TL 600 s, seed 42",desenvolvimento,,,,,desenvolvimento
urb-st_helier-m10-f4.txt,instances/benchmark-v1/urbano/urb-st_helier-m10-f4.txt,principal,exata,st_helier-59.graphml,"Global Urban Street Networks (Boeing), v3.1",modelo de rede viária urbana (OSMnx/OpenStreetMap),https://doi.org/10.7910/DVN/KA5HJ3,"G. Boeing, Street network models and indicators for every urban area in the world (Harvard Dataverse, CC0)",G-SUBDIV:100; maior componente conexa; não dirigido; passos unitários,ST-REGIAO,R-FRAC:4 (lambda*=86),22.0,22.0,,src/converters/build_benchmark.py,a647555,80c4f4b60294e5d7d89bf03126f33011ac5d4f4fbb7ca93303365b1ba48ed3d3,5c884dd4ada9017642c9d280913991a1fa0632693c5123f6e00e209568b4db19,não dirigido; aresta de L metros vira caminho com round(L/100) passos (recarga possível a cada 100 m); S e T = interseções nos dois extremos da cidade,1345,1627,3254,0,1,1.0,1.0,True,2.419,5,0.1279,10,22.0,0.0149,0.25,0.0,False,1317,0.9792,97,True,17,86.0,3.909,False,573956,0.31751,G,R-c,F,4.0,4.0,"COMP (U + C1+C2+C4), TL 600 s, seed 42",avaliacao,,,,,avaliacao
vienna-I052-regiao-f4.txt,instances/benchmark-v1/vienna/vienna-I052-regiao-f4.txt,principal,exata,I052,"DIMACS 11 (Vienna, I simples)",Steiner em grafos (rede de telecomunicação real sobre malha viária),https://dimacs11.zib.de/downloads.html,"Leitner et al. (2014), instâncias Vienna; 11th DIMACS Challenge",G-UNIT; maior componente conexa; não dirigido; passos unitários,ST-REGIAO,R-FRAC:4 (lambda*=50),13.0,13.0,,src/converters/build_benchmark.py,a647555,092003450701029f612f7d998a90ff8433f41f7cac25a1e36a3d0ee90001fa33,518be4e2c4bc2fb0177838617f03bb57d0bf5ca490d2595a309eba4d730b0646,custos de instalação de cabo não são comprimento de deslocamento: topologia com passos unitários (G-UNIT),2363,3761,7522,0,1,1.0,1.0,True,3.183,6,0.0013,20,13.0,0.0169,0.025,0.0,True,2350,0.9945,92,True,17,50.0,3.846,False,483196,0.08657,G,R-a,M,7.0,7.0,"COMP (U + C1+C2+C4), TL 600 s, seed 42",desenvolvimento,,,,,desenvolvimento
vienna-I056-regiao-f4.txt,instances/benchmark-v1/vienna/vienna-I056-regiao-f4.txt,principal,exata,I056,"DIMACS 11 (Vienna, I simples)",Steiner em grafos (rede de telecomunicação real sobre malha viária),https://dimacs11.zib.de/downloads.html,"Leitner et al. (2014), instâncias Vienna; 11th DIMACS Challenge",G-UNIT; maior componente conexa; não dirigido; passos unitários,ST-REGIAO,R-FRAC:4 (lambda*=45),12.0,12.0,,src/converters/build_benchmark.py,a647555,645da5115a0eeaa6fba9eeae9f4942aebecfa66c4bcbc7aaec2bd0c994eb0ccc,d40b5b52ca7fa79e8c75e6b3fae4199a1a72a7d09267c004195ff76714371a42,custos de instalação de cabo não são comprimento de deslocamento: topologia com passos unitários (G-UNIT),1991,3176,6352,0,1,1.0,1.0,True,3.19,7,0.003,25,12.0,0.0251,0.0,0.0,True,1974,0.9915,65,True,14,45.0,3.75,False,381600,0.09631,G,R-a,A,9.0,12.0,"COMP (U + C1+C2+C4), TL 600 s, seed 42",avaliacao,9,11,"E13, COMP C1+C2+C4, MIPFocus=1, TL 1800 s — resultados-e13-pli.md",,avaliacao
vienna-I065-intercalado-f2.txt,instances/benchmark-v1/vienna/vienna-I065-intercalado-f2.txt,principal,exata,I065,"DIMACS 11 (Vienna, I simples)",Steiner em grafos (rede de telecomunicação real sobre malha viária),https://dimacs11.zib.de/downloads.html,"Leitner et al. (2014), instâncias Vienna; 11th DIMACS Challenge",G-UNIT; maior componente conexa; não dirigido; passos unitários,ST-INTERCALADO,R-FRAC:2 (lambda*=15),8.0,8.0,,src/converters/build_benchmark.py,a647555,8d90458140a33f1b10ea1174eead256e1f198999aa0b346b197f3489c106a1cd,7c26e6880d3003d36236554701fd69ae36373f7c601ebe1fdcc53e458ea9cce4,custos de instalação de cabo não são comprimento de deslocamento: topologia com passos unitários (G-UNIT),3898,6356,12712,0,1,1.0,1.0,True,3.261,7,0.0,72,8.0,0.0369,0.0,0.0,True,3875,0.9941,56,False,32,15.0,1.875,False,392398,0.02583,G,misto,A,16.000000000000007,21.0,"COMP (U + C1+C2+C4), TL 600 s, seed 42",avaliacao,17,19,"E13, COMP C1+C2+C4, MIPFocus=1, TL 1800 s — resultados-e13-pli.md",,avaliacao|desenvolvimento
vienna-I065-regiao-f4.txt,instances/benchmark-v1/vienna/vienna-I065-regiao-f4.txt,principal,exata,I065,"DIMACS 11 (Vienna, I simples)",Steiner em grafos (rede de telecomunicação real sobre malha viária),https://dimacs11.zib.de/downloads.html,"Leitner et al. (2014), instâncias Vienna; 11th DIMACS Challenge",G-UNIT; maior componente conexa; não dirigido; passos unitários,ST-REGIAO,R-FRAC:4 (lambda*=44),11.0,11.0,,src/converters/build_benchmark.py,a647555,1f5d6b6c12942ef1848f5d3ef3f549784d29801512f3cf03df7cb25c1ecb65af,ce9c6a893ffe460709b08450eac90d6ac7e9e36e00d3d82bb7c30f665620d2c9,custos de instalação de cabo não são comprimento de deslocamento: topologia com passos unitários (G-UNIT),3898,6356,12712,0,1,1.0,1.0,True,3.261,7,0.0,72,11.0,0.0369,0.0,0.0,True,3875,0.9941,56,False,32,44.0,4.0,False,790270,0.05202,G,R-a,A,14.0,19.0,"COMP (U + C1+C2+C4), TL 600 s, seed 42",desenvolvimento,14,17,"E13, COMP C1+C2+C4, MIPFocus=1, TL 1800 s — resultados-e13-pli.md",,avaliacao|desenvolvimento
bp-nao-q2-B2-s0.txt,instances/estrutural/bp/bp-nao-q2-B2-s0.txt,estrutural,exata,bp-q2-B2-s0,gerador estrutural BP,"MIN-STATION de Das, família BP",,familias-estruturais.md,G-UNIT; não dirigido; passos unitários,"folhas de origem e de destino, uma por unidade de item e de caixa",r=1,1.0,1.0,0,experiments/structural,97b290d-dirty,a4383c76f76dad63302b2f8fdbd3ac572c771a094ca9aaa8d19573cf3d0364d9,8ebdfc1e8243f11d14ec8d3f21cb9e84081c80e383d48891799706d9b117b240,"items=3,1;q=2;B=2;rotulo=nao;certificado=inexistente;origem_certificado=dp-bin-packing;LB=6",16,16,32,0,1,1.0,1.0,True,2.0,5,0.5,4,1.0,0.5,1.0,0.0,True,8,0.5,6,True,2,4.0,4.0,False,32,0.13333,P,R-b,,,,,estrutural,,,,,estrutural
bp-nao-q2-B3-s0.txt,instances/estrutural/bp/bp-nao-q2-B3-s0.txt,estrutural,exata,bp-q2-B3-s0,gerador estrutural BP,"MIN-STATION de Das, família BP",,familias-estruturais.md,G-UNIT; não dirigido; passos unitários,"folhas de origem e de destino, uma por unidade de item e de caixa",r=1,1.0,1.0,0,experiments/structural,97b290d-dirty,97dded6f9f665776d884a474c2757155ecbf8fcb97cb3ca36165a76ef2328c80,11c7ccbb57130979114c4ebaf136edf320a0c7f7fa2ab4a768c871bbb39f1977,"items=2,2,2;q=2;B=3;rotulo=nao;certificado=inexistente;origem_certificado=dp-bin-packing;LB=8",23,24,48,0,1,1.0,1.0,True,2.087,6,0.5217,6,1.0,0.5217,1.0,0.0,True,5,0.2174,6,True,2,4.0,4.0,False,48,0.09486,P,R-b,,,,,estrutural,,,,,estrutural
bp-nao-q4-B60-s0.txt,instances/estrutural/bp/bp-nao-q4-B60-s0.txt,estrutural,exata,bp-q4-B60-s0,gerador estrutural BP,"MIN-STATION de Das, família BP",,familias-estruturais.md,G-UNIT; não dirigido; passos unitários,"folhas de origem e de destino, uma por unidade de item e de caixa",r=1,1.0,1.0,0,experiments/structural,97b290d-dirty,058295ac43cdb2d59d16d76e7afe8cdc32ed2b21400b2bdb0b234754e6b30a02,9cab76ddf664cccafe87e38d37be022b3c4f7c11aa7875d3b18e87f0d3573ea8,"items=16,20,24,24,21,16,25,19,16,24,18,17;q=4;B=60;rotulo=nao;certificado=inexistente;origem_certificado=dp-bin-packing;LB=28",544,,,,,,,,,,,240,,,,,,,,,,,,,,,,,,,,,,estrutural,,,,,estrutural
bp-nao-q4-B60-s1.txt,instances/estrutural/bp/bp-nao-q4-B60-s1.txt,estrutural,exata,bp-q4-B60-s1,gerador estrutural BP,"MIN-STATION de Das, família BP",,familias-estruturais.md,G-UNIT; não dirigido; passos unitários,"folhas de origem e de destino, uma por unidade de item e de caixa",r=1,1.0,1.0,1,experiments/structural,97b290d-dirty,1db95114445d435f74e8566584f9666e4c11b9a7015094a3caf6870fb7cf283a,b4e3df72f26d13aea7b7b8e1477aea3aad31326c20d0762ac8059c682d893d44,"items=18,25,17,20,17,23,17,23,19,23,22,16;q=4;B=60;rotulo=nao;certificado=inexistente;origem_certificado=dp-bin-packing;LB=28",544,,,,,,,,,,,240,,,,,,,,,,,,,,,,,,,,,,estrutural,,,,,estrutural
bp-nao-q6-B60-s0.txt,instances/estrutural/bp/bp-nao-q6-B60-s0.txt,estrutural,exata,bp-q6-B60-s0,gerador estrutural BP,"MIN-STATION de Das, família BP",,familias-estruturais.md,G-UNIT; não dirigido; passos unitários,"folhas de origem e de destino, uma por unidade de item e de caixa",r=1,1.0,1.0,0,experiments/structural,97b290d-dirty,8defedd5798dca4139aac6809cff4dc9f4c0e5f13ff795d126976238367519f5,2135ea615aeaf61a644dac81f214bb2cd09b55557ce1b0952092c9fa5614e8bb,"items=16,20,24,24,21,16,25,18,16,24,18,18,20,18,22,20,24,16;q=6;B=60;rotulo=nao;certificado=inexistente;origem_certificado=dp-bin-packing;LB=42",852,,,,,,,,,,,360,,,,,,,,,,,,,,,,,,,,,,estrutural,,,,,estrutural
bp-nao-q6-B60-s1.txt,instances/estrutural/bp/bp-nao-q6-B60-s1.txt,estrutural,exata,bp-q6-B60-s1,gerador estrutural BP,"MIN-STATION de Das, família BP",,familias-estruturais.md,G-UNIT; não dirigido; passos unitários,"folhas de origem e de destino, uma por unidade de item e de caixa",r=1,1.0,1.0,1,experiments/structural,97b290d-dirty,fdbd8900c505700433d972af52dbbfa2d298e3dddb0e6992f88f887bd833e694,9a59d88f4afa74f5f452b25584dc93deb02ef555c85b09280fe5a6c83a25c427,"items=18,25,17,20,17,24,17,23,20,22,22,16,28,16,16,24,17,18;q=6;B=60;rotulo=nao;certificado=inexistente;origem_certificado=dp-bin-packing;LB=42",852,,,,,,,,,,,360,,,,,,,,,,,,,,,,,,,,,,estrutural,,,,,estrutural
bp-nao-q8-B60-s0.txt,instances/estrutural/bp/bp-nao-q8-B60-s0.txt,estrutural,exata,bp-q8-B60-s0,gerador estrutural BP,"MIN-STATION de Das, família BP",,familias-estruturais.md,G-UNIT; não dirigido; passos unitários,"folhas de origem e de destino, uma por unidade de item e de caixa",r=1,1.0,1.0,0,experiments/structural,97b290d-dirty,a4ad7496d1dc0c5ad7de2858fa34edaaccfd942e44b6a94f460e45edc5931a4b,51b4397db41122da5ce1bfa8b5bffa4d95f760d88b466775a8d9252acadc2bc3,"items=16,20,24,23,21,16,25,19,16,24,18,18,20,18,22,20,24,16,25,18,18,20,16,23;q=8;B=60;rotulo=nao;certificado=inexistente;origem_certificado=dp-bin-packing;LB=56",1184,,,,,,,,,,,480,,,,,,,,,,,,,,,,,,,,,,estrutural,,,,,estrutural
bp-nao-q8-B60-s1.txt,instances/estrutural/bp/bp-nao-q8-B60-s1.txt,estrutural,exata,bp-q8-B60-s1,gerador estrutural BP,"MIN-STATION de Das, família BP",,familias-estruturais.md,G-UNIT; não dirigido; passos unitários,"folhas de origem e de destino, uma por unidade de item e de caixa",r=1,1.0,1.0,1,experiments/structural,97b290d-dirty,49f7c6599a3da4053ba2ac16745928ab35ddc29ebec7bce05732dfc2a2526df5,d9c192f625813c33cee852500cf81563f0a3ade164e17b0cbe1e14f65da89dba,"items=18,25,17,20,17,24,17,23,20,22,22,16,28,16,16,24,17,18,21,16,23,16,16,28;q=8;B=60;rotulo=nao;certificado=inexistente;origem_certificado=dp-bin-packing;LB=56",1184,,,,,,,,,,,480,,,,,,,,,,,,,,,,,,,,,,estrutural,,,,,estrutural
bp-sim-q2-B2-s0.txt,instances/estrutural/bp/bp-sim-q2-B2-s0.txt,estrutural,exata,bp-q2-B2-s0,gerador estrutural BP,"MIN-STATION de Das, família BP",,familias-estruturais.md,G-UNIT; não dirigido; passos unitários,"folhas de origem e de destino, uma por unidade de item e de caixa",r=1,1.0,1.0,0,experiments/structural,97b290d-dirty,5447991cd364e7aeefd1b5c43f63e2245de02b26a8362551c6a0dba401501992,7f9e3dc25684a0fcb2cf1ef1c74ae8a6bd6b95c24a84a5f6909040c19bdd496e,"items=1,1,2;q=2;B=2;rotulo=sim;certificado=[[2], [0, 1]];origem_certificado=plantio;LB=8",19,20,40,0,1,1.0,1.0,True,2.105,5,0.4211,4,1.0,0.4211,1.0,0.0,True,8,0.4211,6,True,2,4.0,4.0,False,40,0.11696,P,R-b,,,,,estrutural,,,,,estrutural
bp-sim-q2-B3-s0.txt,instances/estrutural/bp/bp-sim-q2-B3-s0.txt,estrutural,exata,bp-q2-B3-s0,gerador estrutural BP,"MIN-STATION de Das, família BP",,familias-estruturais.md,G-UNIT; não dirigido; passos unitários,"folhas de origem e de destino, uma por unidade de item e de caixa",r=1,1.0,1.0,0,experiments/structural,97b290d-dirty,e77982ca5cf20e1551ce20691e33e3e63829672c11451ef48879f1d010d565ad,e345bab4a9478aefb039458c2d5787a2f20d187da86bab08ef39f727bd4856e8,"items=2,2,1,1;q=2;B=3;rotulo=sim;certificado=[[0, 2], [1, 3]];origem_certificado=plantio;LB=10",26,28,56,0,1,1.0,1.0,True,2.154,7,0.4615,6,1.0,0.4615,1.0,0.0,True,8,0.3077,6,True,2,4.0,4.0,False,56,0.08615,P,R-b,,,,,estrutural,,,,,estrutural
bp-sim-q4-B60-s0.txt,instances/estrutural/bp/bp-sim-q4-B60-s0.txt,estrutural,exata,bp-q4-B60-s0,gerador estrutural BP,"MIN-STATION de Das, família BP",,familias-estruturais.md,G-UNIT; não dirigido; passos unitários,"folhas de origem e de destino, uma por unidade de item e de caixa",r=1,1.0,1.0,0,experiments/structural,97b290d-dirty,12bcf2d3ef860a29f8b5fdeed6aedb6aea5e4654c3db1fb6f798a2c3ea70adae,8a18cb57d864f4a2af4d675a3ec20d67c8ca297da5d939feb0df2015540e545f,"items=16,20,24,23,21,16,25,19,16,24,18,18;q=4;B=60;rotulo=sim;certificado=[[0, 1, 2], [3, 4, 5], [6, 7, 8], [9, 10, 11]];origem_certificado=plantio;LB=28",544,,,,,,,,,,,240,,,,,,,,,,,,,,,,,,,,,,estrutural,,,,,estrutural
bp-sim-q4-B60-s1.txt,instances/estrutural/bp/bp-sim-q4-B60-s1.txt,estrutural,exata,bp-q4-B60-s1,gerador estrutural BP,"MIN-STATION de Das, família BP",,familias-estruturais.md,G-UNIT; não dirigido; passos unitários,"folhas de origem e de destino, uma por unidade de item e de caixa",r=1,1.0,1.0,1,experiments/structural,97b290d-dirty,c32443b0192ee7279987d0e261421eea4a6d5782345ef7579a9b708db9d84722,84071740e3687ea123a03b8207dd67922929b68b9a8edb7f1b0b3bde5c0d7f16,"items=18,25,17,20,17,23,17,23,20,22,22,16;q=4;B=60;rotulo=sim;certificado=[[0, 1, 2], [3, 4, 5], [6, 7, 8], [9, 10, 11]];origem_certificado=plantio;LB=28",544,,,,,,,,,,,240,,,,,,,,,,,,,,,,,,,,,,estrutural,,,,,estrutural
bp-sim-q6-B60-s0.txt,instances/estrutural/bp/bp-sim-q6-B60-s0.txt,estrutural,exata,bp-q6-B60-s0,gerador estrutural BP,"MIN-STATION de Das, família BP",,familias-estruturais.md,G-UNIT; não dirigido; passos unitários,"folhas de origem e de destino, uma por unidade de item e de caixa",r=1,1.0,1.0,0,experiments/structural,97b290d-dirty,2d3ae1a55762d9f16836fa60588ed6ea19c85c60c6d42818ee53ad60e60670ca,c33fb65aa67b0710c959e50082eb48f49333535c03cd0e166e2978bd74765e8a,"items=16,20,24,23,21,16,25,19,16,24,18,18,20,18,22,20,24,16;q=6;B=60;rotulo=sim;certificado=[[0, 1, 2], [3, 4, 5], [6, 7, 8], [9, 10, 11], [12, 13, 14], [15, 16, 17]];origem_certificado=plantio;LB=42",852,,,,,,,,,,,360,,,,,,,,,,,,,,,,,,,,,,estrutural,,,,,estrutural
bp-sim-q6-B60-s1.txt,instances/estrutural/bp/bp-sim-q6-B60-s1.txt,estrutural,exata,bp-q6-B60-s1,gerador estrutural BP,"MIN-STATION de Das, família BP",,familias-estruturais.md,G-UNIT; não dirigido; passos unitários,"folhas de origem e de destino, uma por unidade de item e de caixa",r=1,1.0,1.0,1,experiments/structural,97b290d-dirty,8f5cc9baed9754a17bfe80443ca6219ad65272c09c237056ffd3b6a9af09e80f,06ab815af35b64e86d6e2ec718d44597265f08f769fe3cc6d63ddccd579b4666,"items=18,25,17,20,17,23,17,23,20,22,22,16,28,16,16,25,17,18;q=6;B=60;rotulo=sim;certificado=[[0, 1, 2], [3, 4, 5], [6, 7, 8], [9, 10, 11], [12, 13, 14], [15, 16, 17]];origem_certificado=plantio;LB=42",852,,,,,,,,,,,360,,,,,,,,,,,,,,,,,,,,,,estrutural,,,,,estrutural
bp-sim-q8-B60-s0.txt,instances/estrutural/bp/bp-sim-q8-B60-s0.txt,estrutural,exata,bp-q8-B60-s0,gerador estrutural BP,"MIN-STATION de Das, família BP",,familias-estruturais.md,G-UNIT; não dirigido; passos unitários,"folhas de origem e de destino, uma por unidade de item e de caixa",r=1,1.0,1.0,0,experiments/structural,97b290d-dirty,276ddc39a4e43d65f705ecb1931e9c66e94c2bd19bd0f0c8c45248555153a7c5,5d69fad0aefb18d17670dd1888debbbe27e77f0c14d2d10a5bf2952066d4b23b,"items=16,20,24,23,21,16,25,19,16,24,18,18,20,18,22,20,24,16,25,18,17,20,17,23;q=8;B=60;rotulo=sim;certificado=[[0, 1, 2], [3, 4, 5], [6, 7, 8], [9, 10, 11], [12, 13, 14], [15, 16, 17], [18, 19, 20], [21, 22, 23]];origem_certificado=plantio;LB=56",1184,,,,,,,,,,,480,,,,,,,,,,,,,,,,,,,,,,estrutural,,,,,estrutural
bp-sim-q8-B60-s1.txt,instances/estrutural/bp/bp-sim-q8-B60-s1.txt,estrutural,exata,bp-q8-B60-s1,gerador estrutural BP,"MIN-STATION de Das, família BP",,familias-estruturais.md,G-UNIT; não dirigido; passos unitários,"folhas de origem e de destino, uma por unidade de item e de caixa",r=1,1.0,1.0,1,experiments/structural,97b290d-dirty,84985dffcf82b931bfed49ced7e01c1472021c026f8123c563149471cf603913,6a087e65da58b774c2963942ef4f5bb416095c5a38b7dbd5f5196b271d4d5040,"items=18,25,17,20,17,23,17,23,20,22,22,16,28,16,16,25,17,18,21,16,23,16,16,28;q=8;B=60;rotulo=sim;certificado=[[0, 1, 2], [3, 4, 5], [6, 7, 8], [9, 10, 11], [12, 13, 14], [15, 16, 17], [18, 19, 20], [21, 22, 23]];origem_certificado=plantio;LB=56",1184,,,,,,,,,,,480,,,,,,,,,,,,,,,,,,,,,,estrutural,,,,,estrutural
hb-q4-ndir2-p1-k1-L2.txt,instances/estrutural/hb/hb-q4-ndir2-p1-k1-L2.txt,estrutural,exata,hb-q4-ndir2-p1-k1,gerador estrutural HB,"MIN-STATION de Das, família HB",,familias-estruturais.md,G-UNIT; não dirigido; passos unitários,"origens A e balanceadores; destinos diretos, distantes e dos balanceadores",r=1,1.0,1.0,0,experiments/structural,97b290d-dirty,65336031d2f606ac8029d2ac1714fc9b5cd4711826b93cd80cfc552fa6bd481e,62d731685b8c0e254065d8d2ae55f7e409c8609aff1743a4f450936869a53e72,q=4;ndir=2;p=1;k=1;L=2;delta=2,16,24,48,0,1,1.0,1.0,True,3.0,5,0.125,6,1.0,0.75,0.1667,0.0,False,6,0.375,6,True,5,2.0,2.0,False,48,0.2,P,R-c,,,,,estrutural,,,,,estrutural
hb-q5-ndir2-p1-k1-L2.txt,instances/estrutural/hb/hb-q5-ndir2-p1-k1-L2.txt,estrutural,exata,hb-q5-ndir2-p1-k1,gerador estrutural HB,"MIN-STATION de Das, família HB",,familias-estruturais.md,G-UNIT; não dirigido; passos unitários,"origens A e balanceadores; destinos diretos, distantes e dos balanceadores",r=1,1.0,1.0,0,experiments/structural,97b290d-dirty,628db294dded68a4d19598d071b0371033a00d73de434d232ee79207d624dbab,56c069cda0f621796e4a1ea27a09ce574c56e245561f3ecdce142eb794b4bc72,q=5;ndir=2;p=1;k=1;L=2;delta=3,21,36,72,0,1,1.0,1.0,True,3.429,6,0.1429,8,1.0,0.7619,0.1875,0.0,False,6,0.2857,6,True,6,2.0,2.0,False,72,0.17143,P,R-c,,,,,estrutural,,,,,estrutural
hb-q6-ndir1-p1-k1-L2.txt,instances/estrutural/hb/hb-q6-ndir1-p1-k1-L2.txt,estrutural,exata,hb-q6-ndir1-p1-k1,gerador estrutural HB,"MIN-STATION de Das, família HB",,familias-estruturais.md,G-UNIT; não dirigido; passos unitários,"origens A e balanceadores; destinos diretos, distantes e dos balanceadores",r=1,1.0,1.0,0,experiments/structural,97b290d-dirty,9da667fc8f0471539272c3fa24c8050fff43470486b4c76f93415bb48bd3e018,89f8a4567ddab3a3c8945ed85abd58891747f4604655d20c4efc1dde4aed4020,q=6;ndir=1;p=1;k=1;L=2;delta=5,28,52,104,0,1,1.0,1.0,True,3.714,7,0.1786,11,1.0,0.7857,0.2273,0.0,False,6,0.2143,6,True,6,2.0,2.0,False,104,0.13757,P,R-b,,,,,estrutural,,,,,estrutural
hb-q6-ndir1-p1-k4-L2.txt,instances/estrutural/hb/hb-q6-ndir1-p1-k4-L2.txt,estrutural,exata,hb-q6-ndir1-p1-k4,gerador estrutural HB,"MIN-STATION de Das, família HB",,familias-estruturais.md,G-UNIT; não dirigido; passos unitários,"origens A e balanceadores; destinos diretos, distantes e dos balanceadores",r=1,1.0,1.0,0,experiments/structural,97b290d-dirty,72bca9687470ee94d79696737f480eef8b66504a47455eb8ff1104d0a2a65679,6f7c6e84d86532c58578cfa81a3f2722bd09c6b049d1f72bfaad422e2a867a83,q=6;ndir=1;p=1;k=4;L=2;delta=5,118,217,434,0,1,1.0,1.0,True,3.678,7,0.1356,44,1.0,0.7458,0.1818,0.0,False,21,0.178,21,True,6,2.0,2.0,False,434,0.03144,P,R-b,,,,,estrutural,,,,,estrutural
hb-q6-ndir1-p1-k8-L2.txt,instances/estrutural/hb/hb-q6-ndir1-p1-k8-L2.txt,estrutural,exata,hb-q6-ndir1-p1-k8,gerador estrutural HB,"MIN-STATION de Das, família HB",,familias-estruturais.md,G-UNIT; não dirigido; passos unitários,"origens A e balanceadores; destinos diretos, distantes e dos balanceadores",r=1,1.0,1.0,0,experiments/structural,97b290d-dirty,9a98ec6d22d109f90a3f4956bf6b7a93d3670705a2c1a4fcac820f40896ebb3c,aa4ad05fe0c3a0f4381a747147d6c9aeec51bbf1da66694036424f1ca5dee861,q=6;ndir=1;p=1;k=8;L=2;delta=5,238,,,,,,,,,,,88,,,,,,,,,,,,,,,,,,,,,,estrutural,,,,,estrutural
hb-q6-ndir1-p2-k1-L2.txt,instances/estrutural/hb/hb-q6-ndir1-p2-k1-L2.txt,estrutural,exata,hb-q6-ndir1-p2-k1,gerador estrutural HB,"MIN-STATION de Das, família HB",,familias-estruturais.md,G-UNIT; não dirigido; passos unitários,"origens A e balanceadores; destinos diretos, distantes e dos balanceadores",r=1,1.0,1.0,0,experiments/structural,97b290d-dirty,9c2e46a34bea23de44f43d0b9659d1d1fb68b9585317358168b7071b188255f1,6e9b6ca6f9560ac92f9e53eaba48ddbea5aa200d0003ac1968284852ab6504b4,q=6;ndir=1;p=2;k=1;L=2;delta=5,25,37,74,0,1,1.0,1.0,True,2.96,7,0.2,11,1.0,0.88,0.2273,0.0,False,6,0.24,6,True,3,2.0,2.0,False,74,0.12333,P,R-b,,,,,estrutural,,,,,estrutural
hb-q6-ndir1-p6-k1-L2.txt,instances/estrutural/hb/hb-q6-ndir1-p6-k1-L2.txt,estrutural,exata,hb-q6-ndir1-p6-k1,gerador estrutural HB,"MIN-STATION de Das, família HB",,familias-estruturais.md,G-UNIT; não dirigido; passos unitários,"origens A e balanceadores; destinos diretos, distantes e dos balanceadores",r=1,1.0,1.0,0,experiments/structural,97b290d-dirty,2fafc589eeb85f8692630eef3dcb0850ceab1a1a6e88fb78414c95b6a0899562,758114e615524a09086bab121a56dc0bb0487b5f7655a7491c0d9f35de222b75,q=6;ndir=1;p=6;k=1;L=2;delta=5,23,27,54,0,1,1.0,1.0,True,2.348,11,0.2174,11,1.0,0.9565,0.2273,0.0,True,6,0.2609,6,True,2,2.0,2.0,False,54,0.10672,P,R-b,,,,,estrutural,,,,,estrutural
hb-q6-ndir1-p6-k4-L2.txt,instances/estrutural/hb/hb-q6-ndir1-p6-k4-L2.txt,estrutural,exata,hb-q6-ndir1-p6-k4,gerador estrutural HB,"MIN-STATION de Das, família HB",,familias-estruturais.md,G-UNIT; não dirigido; passos unitários,"origens A e balanceadores; destinos diretos, distantes e dos balanceadores",r=1,1.0,1.0,0,experiments/structural,97b290d-dirty,8682e9cff163631ec27c09e210912f9f8e1bffc208658be6198cdc0c9486f521,5a08bb5ca41664a46d6d388d22e431d2bb82c47047778f5a91720739d3acca49,q=6;ndir=1;p=6;k=4;L=2;delta=5,98,117,234,0,1,1.0,1.0,True,2.388,11,0.1633,44,1.0,0.898,0.1818,0.0,True,21,0.2143,21,True,2,2.0,2.0,False,234,0.02462,P,R-b,,,,,estrutural,,,,,estrutural
hb-q6-ndir1-p6-k8-L2.txt,instances/estrutural/hb/hb-q6-ndir1-p6-k8-L2.txt,estrutural,exata,hb-q6-ndir1-p6-k8,gerador estrutural HB,"MIN-STATION de Das, família HB",,familias-estruturais.md,G-UNIT; não dirigido; passos unitários,"origens A e balanceadores; destinos diretos, distantes e dos balanceadores",r=1,1.0,1.0,0,experiments/structural,97b290d-dirty,4265ae4ce0047d671aae877ab5407caec300c4e12c141bc895553b3e923beb5d,f8b0fb2489520b6e2f50a62e17f7967b66621c3021431a53741e50b004a6f56f,q=6;ndir=1;p=6;k=8;L=2;delta=5,198,237,474,0,1,1.0,1.0,True,2.394,11,0.1616,88,1.0,0.8889,0.1818,0.0,True,43,0.2172,33,True,2,2.0,2.0,False,474,0.01215,P,R-b,,,,,estrutural,,,,,estrutural
hb-q8-ndir1-p1-k1-L2.txt,instances/estrutural/hb/hb-q8-ndir1-p1-k1-L2.txt,estrutural,exata,hb-q8-ndir1-p1-k1,gerador estrutural HB,"MIN-STATION de Das, família HB",,familias-estruturais.md,G-UNIT; não dirigido; passos unitários,"origens A e balanceadores; destinos diretos, distantes e dos balanceadores",r=1,1.0,1.0,0,experiments/structural,97b290d-dirty,31698c1b8d47cead818c05cae11b027cd77835fb82182780b694b876e5a996a2,6e01d7d2c2781ea7e7a6455917877b02133db53d861f8facbe3762c13b817fa6,q=8;ndir=1;p=1;k=1;L=2;delta=7,38,86,172,0,1,1.0,1.0,True,4.526,9,0.1842,15,1.0,0.7895,0.2333,0.0,False,6,0.1579,6,True,8,2.0,2.0,False,172,0.12233,P,R-b,,,,,estrutural,,,,,estrutural
sc-gf2-k3.txt,instances/estrutural/sc/sc-gf2-k3.txt,estrutural,exata,sc-k3,gerador estrutural SC,"MIN-STATION de Das, família SC",,familias-estruturais.md,G-UNIT; não dirigido; passos unitários,"s_x origens, t_x destinos, w_a estações da cobertura",r=1,1.0,1.0,0,experiments/structural,97b290d-dirty,d9af7dc3c2fc5381e6b2588780f54ca42873e2507b649eefc96ff1e3152b0e00,9f338d4a92f25a6353b556a84215029209940d5cbd4d11821b4e54a71fff75c9,k=3;rigido=0;certificado=3;origem_certificado=teorema-opt-k,21,77,154,0,1,1.0,1.0,True,7.333,11,0.0,7,1.0,0.6667,0.0,0.0,False,3,0.1429,3,True,7,2.0,2.0,False,154,0.36667,P,R-c,,,,,estrutural,,,,,estrutural
sc-gf2-k4.txt,instances/estrutural/sc/sc-gf2-k4.txt,estrutural,exata,sc-k4,gerador estrutural SC,"MIN-STATION de Das, família SC",,familias-estruturais.md,G-UNIT; não dirigido; passos unitários,"s_x origens, t_x destinos, w_a estações da cobertura",r=1,1.0,1.0,0,experiments/structural,97b290d-dirty,a00b215fe031d511e06c4a3b47e7b7c6b21301c4bd0d88fa701ca9a08ef6d62d,605ca46c5744acde63be2a28f07d2ca0225893d91cba1724747891edba4b980b,k=4;rigido=0;certificado=4;origem_certificado=teorema-opt-k,45,345,690,0,1,1.0,1.0,True,15.333,23,0.0,15,1.0,0.6667,0.0,0.0,False,3,0.0667,3,True,15,2.0,2.0,False,690,0.34848,P,R-c,,,,,estrutural,,,,,estrutural
sc-gf2-k5.txt,instances/estrutural/sc/sc-gf2-k5.txt,estrutural,exata,sc-k5,gerador estrutural SC,"MIN-STATION de Das, família SC",,familias-estruturais.md,G-UNIT; não dirigido; passos unitários,"s_x origens, t_x destinos, w_a estações da cobertura",r=1,1.0,1.0,0,experiments/structural,97b290d-dirty,b13db7dc74d6858610704ccb61a8b68c2e7267587d66e14a6c1b9d219dd393de,8cc7eea49eda52310c87aa549ad164ed2dc1a7ae119b104ff1755e89693c2173,k=5;rigido=0;certificado=5;origem_certificado=teorema-opt-k,93,1457,2914,0,1,1.0,1.0,True,31.333,47,0.0,31,1.0,0.6667,0.0,0.0,False,3,0.0323,3,True,31,2.0,2.0,False,2914,0.34058,P,R-c,,,,,estrutural,,,,,estrutural
sc-gf2-k6.txt,instances/estrutural/sc/sc-gf2-k6.txt,estrutural,exata,sc-k6,gerador estrutural SC,"MIN-STATION de Das, família SC",,familias-estruturais.md,G-UNIT; não dirigido; passos unitários,"s_x origens, t_x destinos, w_a estações da cobertura",r=1,1.0,1.0,0,experiments/structural,97b290d-dirty,f41edc0a05a57e898dc26715c9325d149dfbb65bf74da88c4a50daa247c3b372,6ef130bf3a737011bca362630891e121efe6717f94223df32300cced2c3dc205,k=6;rigido=0;certificado=6;origem_certificado=teorema-opt-k,189,5985,11970,0,1,1.0,1.0,True,63.333,95,0.0,63,1.0,0.6667,0.0,0.0,False,3,0.0159,3,True,63,2.0,2.0,False,11970,0.33688,P,R-c,,,,,estrutural,,,,,estrutural
sc-gf2-k7.txt,instances/estrutural/sc/sc-gf2-k7.txt,estrutural,exata,sc-k7,gerador estrutural SC,"MIN-STATION de Das, família SC",,familias-estruturais.md,G-UNIT; não dirigido; passos unitários,"s_x origens, t_x destinos, w_a estações da cobertura",r=1,1.0,1.0,0,experiments/structural,97b290d-dirty,d9ae9ca98ebe8a08c45f464e4f3383f491b9bc2c67763acd92f896ccec091f1b,f45ec9082e3a54a9e43540b39bac6f813ce90c6c5e6d44d0eba1d1b7d2ebaf5e,k=7;rigido=0;certificado=7;origem_certificado=teorema-opt-k,381,,,,,,,,,,,127,,,,,,,,,,,,,,,,,,,,,,estrutural,,,,,estrutural
sc-rigida-k3-s0.txt,instances/estrutural/sc/sc-rigida-k3-s0.txt,estrutural,exata,sc-k3,gerador estrutural SC,"MIN-STATION de Das, família SC",,familias-estruturais.md,G-UNIT; não dirigido; passos unitários,"s_x origens, t_x destinos, w_a estações da cobertura",r=1,1.0,1.0,0,experiments/structural,97b290d-dirty,af11079ff73b161f6906c32ffbf834f673cba0a8e2a3c75ac3fad8910bbb756a,5d716281461ce19f7f34bb3b6e89d7fa6b3f3ae940306153d03a2e52d5ba7ea0,k=3;rigido=1;certificado=2;origem_certificado=ip-set-cover,21,77,154,0,1,1.0,1.0,True,7.333,11,0.0,7,1.0,0.6667,0.0,0.0,False,3,0.1429,3,True,7,2.0,2.0,False,154,0.36667,P,R-c,,,,,estrutural,,,,,estrutural
sc-rigida-k3-s1.txt,instances/estrutural/sc/sc-rigida-k3-s1.txt,estrutural,exata,sc-k3,gerador estrutural SC,"MIN-STATION de Das, família SC",,familias-estruturais.md,G-UNIT; não dirigido; passos unitários,"s_x origens, t_x destinos, w_a estações da cobertura",r=1,1.0,1.0,1,experiments/structural,97b290d-dirty,6c0b2e91f9d0380dd411441312f03264bd78f55264a6c4668026d6d5caee3d17,c252c41e9b2f6cd2bbb732bc650bc2a668d0a0c337a800d48d22347c60ea990a,k=3;rigido=1;certificado=2;origem_certificado=ip-set-cover,21,77,154,0,1,1.0,1.0,True,7.333,11,0.0,7,1.0,0.6667,0.0,0.0,False,3,0.1429,3,True,7,2.0,2.0,False,154,0.36667,P,R-c,,,,,estrutural,,,,,estrutural
sc-rigida-k4-s0.txt,instances/estrutural/sc/sc-rigida-k4-s0.txt,estrutural,exata,sc-k4,gerador estrutural SC,"MIN-STATION de Das, família SC",,familias-estruturais.md,G-UNIT; não dirigido; passos unitários,"s_x origens, t_x destinos, w_a estações da cobertura",r=1,1.0,1.0,0,experiments/structural,97b290d-dirty,7b3617069da12aa2848e650a94bacf517d23747d6a748dd5364b64f913628822,2ea993ce0ecbc571c8a5d68247489e253ef18b64d5259772aaa48ac1afab2804,k=4;rigido=1;certificado=3;origem_certificado=ip-set-cover,45,345,690,0,1,1.0,1.0,True,15.333,23,0.0,15,1.0,0.6667,0.0,0.0,False,3,0.0667,3,True,15,2.0,2.0,False,690,0.34848,P,R-c,,,,,estrutural,,,,,estrutural
sc-rigida-k4-s1.txt,instances/estrutural/sc/sc-rigida-k4-s1.txt,estrutural,exata,sc-k4,gerador estrutural SC,"MIN-STATION de Das, família SC",,familias-estruturais.md,G-UNIT; não dirigido; passos unitários,"s_x origens, t_x destinos, w_a estações da cobertura",r=1,1.0,1.0,1,experiments/structural,97b290d-dirty,bf960662d8374b76204c1eac20773b8c9854bd559b8c82273251ee257f64abc2,d86e93a8b9524dcc628d3d4fd6d121581df0bd5d535241384d2690fa093574ae,k=4;rigido=1;certificado=3;origem_certificado=ip-set-cover,45,345,690,0,1,1.0,1.0,True,15.333,23,0.0,15,1.0,0.6667,0.0,0.0,False,3,0.0667,3,True,15,2.0,2.0,False,690,0.34848,P,R-c,,,,,estrutural,,,,,estrutural
sc-rigida-k5-s0.txt,instances/estrutural/sc/sc-rigida-k5-s0.txt,estrutural,exata,sc-k5,gerador estrutural SC,"MIN-STATION de Das, família SC",,familias-estruturais.md,G-UNIT; não dirigido; passos unitários,"s_x origens, t_x destinos, w_a estações da cobertura",r=1,1.0,1.0,0,experiments/structural,97b290d-dirty,080a3dffba9e0785e0cd40099968dc56d84c133142e8bb3ef1ba6dbe1f69846f,222339faada21d4317135115ad099e526dda3b47318b279d098f665d68a3e33c,k=5;rigido=1;certificado=3;origem_certificado=ip-set-cover,93,1457,2914,0,1,1.0,1.0,True,31.333,47,0.0,31,1.0,0.6667,0.0,0.0,False,3,0.0323,3,True,31,2.0,2.0,False,2914,0.34058,P,R-c,,,,,estrutural,,,,,estrutural
sc-rigida-k5-s1.txt,instances/estrutural/sc/sc-rigida-k5-s1.txt,estrutural,exata,sc-k5,gerador estrutural SC,"MIN-STATION de Das, família SC",,familias-estruturais.md,G-UNIT; não dirigido; passos unitários,"s_x origens, t_x destinos, w_a estações da cobertura",r=1,1.0,1.0,1,experiments/structural,97b290d-dirty,3d91f95e0dc619b1c8066dd69c86ce45820888c705febb26ee80e540ea0665f4,d3f3f013af59dfb64fa64826e410f0481c4cf7e80674f9f6835b3d9b78b2554d,k=5;rigido=1;certificado=3;origem_certificado=ip-set-cover,93,1457,2914,0,1,1.0,1.0,True,31.333,47,0.0,31,1.0,0.6667,0.0,0.0,False,3,0.0323,3,True,31,2.0,2.0,False,2914,0.34058,P,R-c,,,,,estrutural,,,,,estrutural
sc-rigida-k6-s0.txt,instances/estrutural/sc/sc-rigida-k6-s0.txt,estrutural,exata,sc-k6,gerador estrutural SC,"MIN-STATION de Das, família SC",,familias-estruturais.md,G-UNIT; não dirigido; passos unitários,"s_x origens, t_x destinos, w_a estações da cobertura",r=1,1.0,1.0,0,experiments/structural,97b290d-dirty,8dba30a072dd3a53679773192ad2630bee7f72f8f53fb6fc316c73a50afae487,90a0a5de52378ec9c7e2cd3f69430d42f0bf40202629106cccf0b0227672aef8,k=6;rigido=1;certificado=4;origem_certificado=ip-set-cover,189,5985,11970,0,1,1.0,1.0,True,63.333,95,0.0,63,1.0,0.6667,0.0,0.0,False,3,0.0159,3,True,63,2.0,2.0,False,11970,0.33688,P,R-c,,,,,estrutural,,,,,estrutural
sc-rigida-k6-s1.txt,instances/estrutural/sc/sc-rigida-k6-s1.txt,estrutural,exata,sc-k6,gerador estrutural SC,"MIN-STATION de Das, família SC",,familias-estruturais.md,G-UNIT; não dirigido; passos unitários,"s_x origens, t_x destinos, w_a estações da cobertura",r=1,1.0,1.0,1,experiments/structural,97b290d-dirty,ebef31d21837e4db685d444a3b8c0de9be014456a0758d023ee9b270d530c147,d53492b905d4f25472e3b32705356d0a1d90ca018df381ae78b0d27ae07879b6,k=6;rigido=1;certificado=4;origem_certificado=ip-set-cover,189,5985,11970,0,1,1.0,1.0,True,63.333,95,0.0,63,1.0,0.6667,0.0,0.0,False,3,0.0159,3,True,63,2.0,2.0,False,11970,0.33688,P,R-c,,,,,estrutural,,,,,estrutural
sc-rigida-k7-s0.txt,instances/estrutural/sc/sc-rigida-k7-s0.txt,estrutural,exata,sc-k7,gerador estrutural SC,"MIN-STATION de Das, família SC",,familias-estruturais.md,G-UNIT; não dirigido; passos unitários,"s_x origens, t_x destinos, w_a estações da cobertura",r=1,1.0,1.0,0,experiments/structural,97b290d-dirty,e97e9336aaac6482f3f9d642b382872be9ff62f83dfd37dcdf100e8137c3d074,4f475a23665727da6f5394e04f2a6d7da35018c37a10aba094089219b08ea79f,k=7;rigido=1;certificado=4;origem_certificado=ip-set-cover,381,,,,,,,,,,,127,,,,,,,,,,,,,,,,,,,,,,estrutural,,,,,estrutural
sc-rigida-k7-s1.txt,instances/estrutural/sc/sc-rigida-k7-s1.txt,estrutural,exata,sc-k7,gerador estrutural SC,"MIN-STATION de Das, família SC",,familias-estruturais.md,G-UNIT; não dirigido; passos unitários,"s_x origens, t_x destinos, w_a estações da cobertura",r=1,1.0,1.0,1,experiments/structural,97b290d-dirty,61c0c31d434bcaa7c80e1de49319047413c39a44fbeb5afb8b985718a328dbaa,32c20dc53ee35874b360dc824e72907e6183e7c610e1d430fcb40ba9f4da3f4a,k=7;rigido=1;certificado=4;origem_certificado=ip-set-cover,381,,,,,,,,,,,127,,,,,,,,,,,,,,,,,,,,,,estrutural,,,,,estrutural
tr-k2-L5-r2-sig2-m2.txt,instances/estrutural/tr/tr-k2-L5-r2-sig2-m2.txt,estrutural,exata,tr-k2-L5-r2-sig2,gerador estrutural TR,"MIN-STATION de Das, família TR",,familias-estruturais.md,G-UNIT; não dirigido; passos unitários,"m origens nas entradas, m destinos nas saídas dos corredores",r=2,2.0,2.0,0,experiments/structural,97b290d-dirty,85a5c19bf8d14342d3ab7ddaf4b5d1748a903c908d15b7d75196417aaa7fc352,a0f6d09c3ade97fc8532de56448ea2e3fca877cf442cc598d02ee684f900fd76,k=2;L=5;r=2;sigma=2;m=2;D=8,18,22,44,0,1,1.0,1.0,True,2.444,3,0.0,2,2.0,0.2222,0.0,0.0,True,9,0.5,8,True,2,8.0,4.0,False,104,0.33987,P,R-c,,,,,estrutural,,,,,estrutural
tr-k2-L5-r2-siginf-m2.txt,instances/estrutural/tr/tr-k2-L5-r2-siginf-m2.txt,estrutural,exata,tr-k2-L5-r2-siginf,gerador estrutural TR,"MIN-STATION de Das, família TR",,familias-estruturais.md,G-UNIT; não dirigido; passos unitários,"m origens nas entradas, m destinos nas saídas dos corredores",r=2,2.0,2.0,0,experiments/structural,97b290d-dirty,9b658c4b791dcd0f52caad5e4510ac1d6dfca4ac829f8478ebd6a60068053716,465526bb575a5606b8b5cf26605b7cd511d8a520850a239b9722f70c62d9c070,k=2;L=5;r=2;sigma=inf;m=2;D=8,18,20,40,0,1,1.0,1.0,True,2.222,3,0.0,2,2.0,0.2222,0.0,0.0,True,9,0.5,8,True,2,8.0,4.0,False,84,0.27451,P,R-c,,,,,estrutural,,,,,estrutural
tr-k3-L5-r2-sig2-m2.txt,instances/estrutural/tr/tr-k3-L5-r2-sig2-m2.txt,estrutural,exata,tr-k3-L5-r2-sig2,gerador estrutural TR,"MIN-STATION de Das, família TR",,familias-estruturais.md,G-UNIT; não dirigido; passos unitários,"m origens nas entradas, m destinos nas saídas dos corredores",r=2,2.0,2.0,0,experiments/structural,97b290d-dirty,56ff5cb67c0cffcf3bd258c03dd46c261622c4d8db08ff8734954068df39e5ff,5535fc441fdd4b51a0063ec3602305dad2059b413a312b7b15cbafbc19b820c1,k=3;L=5;r=2;sigma=2;m=2;D=8,25,34,68,0,1,1.0,1.0,True,2.72,4,0.0,2,2.0,0.16,0.0,0.0,False,16,0.64,8,True,4,8.0,4.0,False,174,0.29,P,R-c,,,,,estrutural,,,,,estrutural
tr-k3-L5-r2-siginf-m2.txt,instances/estrutural/tr/tr-k3-L5-r2-siginf-m2.txt,estrutural,exata,tr-k3-L5-r2-siginf,gerador estrutural TR,"MIN-STATION de Das, família TR",,familias-estruturais.md,G-UNIT; não dirigido; passos unitários,"m origens nas entradas, m destinos nas saídas dos corredores",r=2,2.0,2.0,0,experiments/structural,97b290d-dirty,dab710b7446e791d7d3725678fa57d33e859817f35e0c2821db2711d1952b662,2ed26aa7294645296eb12118f42ecbf6633d395d4284b8500d1cd387bab1f951,k=3;L=5;r=2;sigma=inf;m=2;D=8,25,30,60,0,1,1.0,1.0,True,2.4,3,0.0,2,2.0,0.16,0.0,0.0,False,9,0.36,8,True,4,8.0,4.0,False,130,0.21667,P,R-c,,,,,estrutural,,,,,estrutural
