instance,R,relax_mode,iter,tipo_passo,status_mestre,status_subproblema,status_lagrangeano,status_tiebreak,corte_exato,q_centro,q_trial_usado,q_trial_incumbente,q_trial_certificado,melhor_LB_certificado,UB,gap_certificado_pct,phi_centro,phi_trial_usado,z_modelo_trial,pred_decrease,actual_decrease,norma_subgrad,norma_passo,mu,num_cortes,num_y_1,max_g_in,max_g_out,soma_viol_pos,fluxo_total_tiebreak,runtime_mestre_s,runtime_subproblema_s,runtime_iter_s,runtime_total_s
bip42p.txt,200,all,1,null,OPTIMAL,OPTIMAL,OPTIMAL,OPTIMAL,True,0.0,-19909.0,-19909.0,-19909.0,0.0,42.0,100.0,-0.0,19909.0,-236.0,236.0,-19909.0,1349.1523264634545,15.362291495737216,2.0,2,91,2.0,2.0,200.00001387667777,199.9999999043655,0.0013661384582519531,0.4914726889983285,0.6552300600160379,1.92833618199802
bip42p.txt,200,all,2,null,OPTIMAL,OPTIMAL,OPTIMAL,OPTIMAL,True,0.0,-171.29939909002826,-171.29939909002826,-171.29939909002826,0.0,42.0,100.0,-0.0,171.29939909002826,-1.8230035633366992,1.8230035633366992,-171.29939909002826,1456.0947756414012,0.25401347247041395,4.0,3,106,2.0,2.0,199.99998092183034,200.0,0.004229068756103516,0.48178243401343934,0.6840867739811074,2.612492429994745
bip42p.txt,200,all,3,null,OPTIMAL,OPTIMAL,OPTIMAL,OPTIMAL,True,0.0,-80.39434953410336,-80.39434953410336,-80.39434953410336,0.0,42.0,100.0,-0.0,80.39434953410336,-1.7878097795455077,1.7878097795455077,-80.39434953410336,490.1101374431489,0.21122842319756863,8.0,4,12,2.0,2.0,200.0,200.0,0.0054090023040771484,0.41996259900042787,0.6158660870278254,3.22837793600047
bip42p.txt,200,all,4,null,OPTIMAL,OPTIMAL,OPTIMAL,OPTIMAL,True,0.0,-5.9036399221804565,-5.9036399221804565,-5.9036399221804565,0.0,42.0,100.0,-0.0,5.9036399221804565,-1.0179495175922812,1.0179495175922812,-5.9036399221804565,1010.0552881688212,0.07081202968716838,16.0,5,51,2.0,2.0,200.0,200.0,0.006242036819458008,0.4442455410026014,0.657370417000493,3.8857648150005843
bip42p.txt,200,all,5,null,OPTIMAL,OPTIMAL,OPTIMAL,OPTIMAL,True,0.0,-2.586216006472293,-2.586216006472293,-2.586216006472293,0.0,42.0,100.0,-0.0,2.586216006472293,-1.0154027591738792,1.0154027591738792,-2.586216006472293,1000.1099259206818,0.06788250040422183,32.0,6,50,2.0,2.0,200.0,200.0,0.007632017135620117,0.47470878600142896,0.7247222390142269,4.610501930990722
bip42p.txt,200,all,6,null,OPTIMAL,OPTIMAL,OPTIMAL,OPTIMAL,True,0.0,-2.3989100134874226,-2.3989100134874226,-2.3989100134874226,0.0,42.0,100.0,-0.0,2.3989100134874226,-0.9912758775026831,0.9912758775026831,-2.3989100134874226,424.50811392064975,0.06593220196555549,64.0,7,9,1.9557651924469948,1.9557651924469948,203.823060769788,201.91153038489398,0.012267112731933594,0.6842555240145884,1.0732815250230487,5.683804625994526
bip42p.txt,200,all,7,null,OPTIMAL,OPTIMAL,OPTIMAL,OPTIMAL,True,0.0,-0.038960960857321085,-0.038960960857321085,-0.038960960857321085,0.0,42.0,100.0,-0.0,0.038960960857321085,-0.9810926085055495,0.9810926085055495,-0.038960960857321085,1272.903123441303,0.06682858631350352,128.0,8,81,2.0,2.0,259.4338564688407,229.71692823442038,0.01353597640991211,0.6485901749983896,1.151621056982549,6.835444073978579
bip42p.txt,200,all,8,null,OPTIMAL,OPTIMAL,OPTIMAL,OPTIMAL,True,0.0,-0.4372056005065873,-0.4372056005065873,-0.4372056005065873,0.0,42.0,100.0,-0.0,0.4372056005065873,-0.9761247061326502,0.9761247061326502,-0.4372056005065873,144.61924748334314,0.06649190674337252,256.0,9,1,4.0,4.0,498.1736499953966,349.0868249976983,0.013804912567138672,1.4818828360002954,1.845537583983969,8.680995859991526
bip42p.txt,200,all,9,null,OPTIMAL,OPTIMAL,OPTIMAL,OPTIMAL,True,0.0,3.991721894454521e-05,3.991721894454521e-05,3.991721894454521e-05,3.991721894454521e-05,42.0,99.9999049590025,-0.0,-3.991721894454521e-05,-0.7900799375228384,0.7900799375228384,3.991721894454521e-05,64.42352518792337,0.05270078964574207,512.0,10,0,16.733388711019145,16.733388711019145,585.6013290644595,392.80066453222975,0.01598501205444336,1.2767882439948153,1.6480546849779785,10.329065614001593
bip42p.txt,200,all,10,null,OPTIMAL,OPTIMAL,OPTIMAL,OPTIMAL,True,0.0,0.00010536064781113685,0.00010536064781113685,0.00010536064781113685,0.00010536064781113685,42.0,99.99974914131474,-0.0,-0.00010536064781113685,-0.43613778142536613,0.43613778142536613,0.00010536064781113685,14.341324656024133,0.029186161986061686,1024.0,11,0,2.0,2.0,200.0,200.0,0.022140979766845703,0.7383664709923323,1.2078540330112446,11.536937261989806
bip42p.txt,200,all,11,null,OPTIMAL,OPTIMAL,OPTIMAL,OPTIMAL,True,0.0,4.032675636070782e-05,4.032675636070782e-05,4.032675636070782e-05,0.00010536064781113685,42.0,99.99974914131474,-0.0,-4.032675636070782e-05,-0.10455357710362077,0.10455357710362077,4.032675636070782e-05,14.201141078283964,0.010104613311101102,2048.0,12,0,2.0,2.0,200.0,200.0,0.017620086669921875,0.5567687219881918,1.054690060991561,12.591708334977739
bip42p.txt,200,all,12,null,OPTIMAL,OPTIMAL,OPTIMAL,OPTIMAL,True,0.0,7.396999893656358e-05,7.396999893656358e-05,7.396999893656358e-05,0.00010536064781113685,42.0,99.99974914131474,-0.0,-7.396999893656358e-05,-0.0341482581417815,0.0341482581417815,7.396999893656358e-05,14.415806684380462,0.004083398181973116,4096.0,13,0,2.0,2.0,200.0,200.0,0.018691062927246094,0.4954306790023111,1.0239873790123966,13.615710829995805
bip42p.txt,200,all,13,null,OPTIMAL,OPTIMAL,OPTIMAL,OPTIMAL,True,0.0,5.997213648156096e-05,5.997213648156096e-05,5.997213648156096e-05,0.00010536064781113685,42.0,99.99974914131474,-0.0,-5.997213648156096e-05,-0.012774966791144569,0.012774966791144569,5.997213648156096e-05,16.242106086278458,0.00176606449183174,8192.0,14,0,3.0,3.0,219.97214864217972,209.98607432108986,0.01942586898803711,0.8020337909983937,1.3794047000119463,14.995130562980194
bip42p.txt,200,all,14,null,OPTIMAL,OPTIMAL,OPTIMAL,OPTIMAL,True,0.0,8.515811343481037e-05,8.515811343481037e-05,8.515811343481037e-05,0.00010536064781113685,42.0,99.99974914131474,-0.0,-8.515811343481037e-05,-0.005330305297984225,0.005330305297984225,8.515811343481037e-05,16.640262742441625,0.0008067203442146275,16384.0,15,0,2.0,2.0,245.3195088058554,222.65975440292772,0.01879405975341797,0.9452312630019151,1.4858611060190015,16.481007726979442
bip42p.txt,200,all,15,null,OPTIMAL,OPTIMAL,OPTIMAL,OPTIMAL,True,0.0,0.0001252591632466514,0.0001252591632466514,0.0001252591632466514,0.0001252591632466514,42.0,99.99970176389702,-0.0,-0.0001252591632466514,-0.002303102381933303,0.002303102381933303,0.0001252591632466514,18.593786228039786,0.0003751222532924148,32768.0,16,0,3.0,3.0,275.8134578682056,237.9067289341028,0.016803979873657227,1.089338883990422,1.69895403899136,18.179978411004413
bip42p.txt,200,all,16,serious,OPTIMAL,OPTIMAL,OPTIMAL,OPTIMAL,True,0.00013318145741077363,0.00013318145741077363,0.00013318145741077363,0.00013318145741077363,0.00013318145741077363,42.0,99.99968290129189,-0.00013318145741077363,-0.00013318145741077363,-0.0010440985390263646,0.0010440985390263646,0.00013318145741077363,22.451550608078023,0.00017884899240659278,22937.6,17,0,4.0,4.0,340.06969594473253,270.03484797236626,0.020347118377685547,0.8792311539873481,1.5326371819828637,19.71263304699096
bip42p.txt,200,all,17,serious,OPTIMAL,OPTIMAL,OPTIMAL,OPTIMAL,True,0.0006476907386272698,0.0006476907386272698,0.0006476907386272698,0.0006476907386272698,0.0006476907386272698,42.0,99.99845787919375,-0.0006476907386272698,-0.0006476907386272698,-0.002391466210255174,0.0022582847528444003,0.0005145092812164962,41.84482657629566,0.0002504725099606864,16056.319999999998,18,0,8.569956827260494,8.569956827260494,581.119309236168,390.559654618084,0.0196988582611084,1.0746777130116243,1.7541334760026075,21.466797100001713
bip42p.txt,200,all,18,serious,OPTIMAL,OPTIMAL,OPTIMAL,OPTIMAL,True,0.0017726805357472925,0.0017726805357472925,0.0017726805357472925,0.0017726805357472925,0.0017726805357472925,42.0,99.99577933205777,-0.0017726805357472925,-0.0017726805357472925,-0.004346979436835647,0.0036992886982083768,0.0011249897971200226,18.530849848998532,0.0003537129343413758,11239.423999999997,19,0,3.0,3.0,261.8330225125204,230.9165112562602,0.02565598487854004,1.0859902360243723,1.8777722679951694,23.344588509004097
bip42p.txt,200,all,19,serious,OPTIMAL,OPTIMAL,OPTIMAL,OPTIMAL,True,0.0035622602470238565,0.0035622602470238565,0.0035622602470238565,0.0035622602470238565,0.0035622602470238565,42.0,99.99151842798327,-0.0035622602470238565,-0.0035622602470238565,-0.006924787266449943,0.00515210673070265,0.001789579711276564,17.634940367734583,0.0005129035041846864,7867.5967999999975,20,0,2.0,2.0,255.7970661063145,227.89853305315725,0.02719712257385254,0.9481749609985854,1.855706063011894,25.200313440989703
bip42p.txt,200,all,20,serious,OPTIMAL,OPTIMAL,OPTIMAL,OPTIMAL,True,0.006165245752029399,0.006165245752029399,0.006165245752029399,0.006165245752029399,0.006165245752029399,42.0,99.98532084344755,-0.006165245752029399,-0.006165245752029399,-0.010539304123029856,0.006977043876006,0.002602985505005542,16.65300771976586,0.0007224958328271728,5507.317759999998,21,0,3.0,3.0,223.6411942160915,211.82059710804577,0.031796932220458984,1.070394231006503,1.8709231819957495,27.07125366400578
bip42p.txt,200,all,21,serious,OPTIMAL,OPTIMAL,OPTIMAL,OPTIMAL,True,0.009920490630090739,0.009920490630090739,0.009920490630090739,0.009920490630090739,0.009920490630090739,42.0,99.97637978421406,-0.009920490630090739,-0.009920490630090739,-0.015628867426904797,0.009463621674875399,0.0037552448780613402,17.507566331301767,0.0010197342742597054,3855.1224319999983,22,0,3.9750403188545596,3.9750403188545596,235.70048382625473,217.85024191312738,0.03271889686584473,1.1135945360001642,2.1199035350000486,29.191232635988854
bip42p.txt,200,all,22,serious,OPTIMAL,OPTIMAL,OPTIMAL,OPTIMAL,True,0.01512507072135564,0.01512507072135564,0.01512507072135564,0.01512507072135564,0.01512507072135564,42.0,99.96398792685393,-0.01512507072135564,-0.01512507072135564,-0.02287276544349943,0.012952274813408693,0.0052045800912649005,15.605546102440256,0.0014333348983071902,2698.585702399999,23,0,2.0,2.0,223.92153689476436,211.96076844738218,0.025235891342163086,0.9316364870173857,1.7861996780266054,30.977446598990355
bip42p.txt,200,all,23,serious,OPTIMAL,OPTIMAL,OPTIMAL,OPTIMAL,True,0.02246747994810872,0.02246747994810872,0.02246747994810872,0.02246747994810872,0.02246747994810872,42.0,99.94650600012355,-0.02246747994810872,-0.02246747994810872,-0.033009238986924615,0.017884168265568975,0.007342409226753079,19.0594326362302,0.002043609283778115,1889.009991679999,24,0,4.985744633993018,4.985744633993018,255.88595707194415,227.9429785359721,0.033535003662109375,0.92676240199944,1.818145236989949,32.795606940984726
bip42p.txt,200,all,24,serious,OPTIMAL,OPTIMAL,OPTIMAL,OPTIMAL,True,0.03488513713129281,0.03488513713129281,0.03488513713129281,0.03488513713129281,0.03488513713129281,42.0,99.9169401496874,-0.03488513713129281,-0.03488513713129281,-0.04755124507489687,0.025083765126788154,0.012417657183184088,17.2884711975767,0.002865199065318013,1322.3069941759993,25,0,2.9844527896734148,2.9844527896734148,247.87562231738733,223.93781115869365,0.022485971450805664,1.0176579789840616,1.9149410169920884,34.71056490999763
bip42p.txt,200,all,25,serious,OPTIMAL,OPTIMAL,OPTIMAL,OPTIMAL,True,0.05238731063768195,0.05238731063768195,0.05238731063768195,0.05238731063768195,0.05238731063768195,42.0,99.8752683080055,-0.05238731063768195,-0.05238731063768195,-0.0682527354854393,0.03336759835414649,0.017502173506389142,14.758621653648422,0.004064499889994509,925.6148959231995,26,0,2.0,2.0,207.34792919529926,203.67396459764961,0.027790069580078125,0.9509974209940992,1.972036630002549,36.682617298996774
bip42p.txt,200,all,26,serious,OPTIMAL,OPTIMAL,OPTIMAL,OPTIMAL,True,0.0757502513877176,0.0757502513877176,0.0757502513877176,0.0757502513877176,0.0757502513877176,42.0,99.81964225860068,-0.0757502513877176,-0.0757502513877176,-0.09752139387269729,0.04513408323501534,0.02336294075003565,14.693643059392205,0.005797609640569095,647.9304271462396,27,0,2.0,2.0,203.98920937469302,201.9946046873465,0.028430938720703125,1.1023470259970054,2.022088468016591,38.70471985999029
bip42p.txt,200,all,27,serious,OPTIMAL,OPTIMAL,OPTIMAL,OPTIMAL,True,0.10827420672225369,0.10827420672225369,0.10827420672225369,0.10827420672225369,0.10827420672225369,42.0,99.74220426970892,-0.10827420672225369,-0.10827420672225369,-0.13903458176439454,0.06328433037667694,0.03252395533453609,16.117272987846665,0.008244619073764375,453.55129900236767,28,0,3.0,3.0,215.93296143499205,207.96648071749604,0.03978085517883301,1.0260697580233682,1.983717905008234,40.68845241100644
bip42p.txt,200,all,28,serious,OPTIMAL,OPTIMAL,OPTIMAL,OPTIMAL,True,0.15799952386647992,0.15799952386647992,0.15799952386647992,0.15799952386647992,0.15799952386647992,42.0,99.62381065746075,-0.15799952386647992,-0.15799952386647992,-0.19813304944105645,0.08985884271880276,0.04972531714422623,16.832881818829737,0.011701685985828431,317.48590930165733,29,0,3.0,3.0,235.85253247972594,217.92626623986297,0.02891087532043457,1.1927782600105274,2.22638320500846,42.91485038099927
bip42p.txt,200,all,29,serious,OPTIMAL,OPTIMAL,OPTIMAL,OPTIMAL,True,0.23209700590621318,0.23209700590621318,0.23209700590621318,0.23209700590621318,0.23209700590621318,42.0,99.44738808117567,-0.23209700590621318,-0.23209700590621318,-0.282492842070483,0.12449331820400306,0.07409748203973326,15.229438507465442,0.01660215103809062,222.24013651116013,30,0,2.0,2.0,207.9785222015863,203.98926110079316,0.040528059005737305,1.4873246269999072,2.646045552974101,45.560911838983884
bip42p.txt,200,all,30,serious,OPTIMAL,OPTIMAL,OPTIMAL,OPTIMAL,True,0.33159300594590363,0.33159300594590363,0.33159300594590363,0.33159300594590363,0.33159300594590363,42.0,99.21049284298594,-0.33159300594590363,-0.33159300594590363,-0.40252867040773455,0.17043166450152136,0.09949600003969045,16.84871432372575,0.023649809569550997,155.5680955578121,31,0,3.0,3.0,223.9797943490317,211.98989717451587,0.03155016899108887,1.5479395680013113,2.7341846549825277,48.29511209798511
bip42p.txt,200,all,31,null,OPTIMAL,OPTIMAL,OPTIMAL,OPTIMAL,True,0.33159300594590363,0.3196901743969899,0.3196901743969899,0.3196901743969899,0.33159300594590363,42.0,99.21049284298594,-0.33159300594590363,-0.3196901743969899,-0.5737585876656218,0.2421655817197182,-0.01190283154891375,200.56796170277082,0.033634272728870096,311.1361911156242,32,2,2.0,2.0,211.95016742108103,205.97508371054056,0.02841806411743164,1.545918325020466,2.616486471000826,50.91167124500498
bip42p.txt,200,all,32,serious,OPTIMAL,OPTIMAL,OPTIMAL,OPTIMAL,True,0.40805584238691905,0.40805584238691905,0.40805584238691905,0.40805584238691905,0.40805584238691905,42.0,99.02843847050733,-0.40805584238691905,-0.40805584238691905,-0.48739364084210723,0.1558006348962036,0.07646283644101542,15.098800356184903,0.017277922068356412,217.79533378093691,33,0,2.0,2.0,211.99124462253735,205.99562231126868,0.03074789047241211,1.6186429579975083,2.7235023120010737,53.63519084799918
bip42p.txt,200,all,33,serious,OPTIMAL,OPTIMAL,OPTIMAL,OPTIMAL,True,0.4543997631336584,0.4543997631336584,0.4543997631336584,0.4543997631336584,0.4543997631336584,42.0,98.91809580206271,-0.4543997631336584,-0.4543997631336584,-0.607664655005929,0.19960881261900998,0.04634392074673932,245.38940443224254,0.024345897823405377,152.45673364665583,34,3,2.0,2.0,203.99194530260075,201.99597265130038,0.030432939529418945,1.6312103010131977,2.880285188992275,56.515493469982175
bip42p.txt,200,all,34,null,OPTIMAL,OPTIMAL,OPTIMAL,OPTIMAL,True,0.4543997631336584,-0.2824319305804396,-0.2824319305804396,-0.2824319305804396,0.4543997631336584,42.0,98.91809580206271,-0.4543997631336584,0.2824319305804396,-0.7787881825874178,0.3243884194537594,-0.736831693714098,447.4638525481252,0.03354737261810184,304.91346729331167,35,10,2.0,2.0,211.98316381481445,205.99158190740724,0.03662514686584473,1.450254336989019,2.6593086069915444,59.174817778985016
bip42p.txt,200,all,35,null,OPTIMAL,OPTIMAL,OPTIMAL,OPTIMAL,True,0.4543997631336584,0.343466498800592,0.343466498800592,0.343466498800592,0.4543997631336584,42.0,98.91809580206271,-0.4543997631336584,-0.343466498800592,-0.6930319037672223,0.23863214063356397,-0.11093326433306638,245.39752442748022,0.01678339795126584,609.8269345866233,36,3,2.0,2.0,200.0,200.0,0.02819514274597168,0.9311043990019243,2.238293934002286,61.41312661897973
bip42p.txt,200,all,36,serious,OPTIMAL,OPTIMAL,OPTIMAL,OPTIMAL,True,0.5401651622359835,0.5401651622359835,0.5401651622359835,0.5401651622359835,0.5401651622359835,42.0,98.7138924708667,-0.5401651622359835,-0.5401651622359835,-0.6498211889842069,0.19542142585054856,0.08576539910232517,200.53914227427094,0.008368848141770106,426.8788542106363,37,2,2.0,2.0,200.0,200.0,0.03784608840942383,0.9880748480209149,2.3910635309875943,63.804205022985116
bip42p.txt,200,all,37,serious,OPTIMAL,OPTIMAL,OPTIMAL,OPTIMAL,True,0.6042932691298284,0.6042932691298284,0.6042932691298284,0.6042932691298284,0.6042932691298284,42.0,98.56120650207183,-0.6042932691298284,-0.6042932691298284,-0.7103378487871117,0.17017268655112816,0.06412810689384485,14.890747532502441,0.011945184555785268,298.81519794744537,38,0,2.0,2.0,207.57783862223562,203.7889193111178,0.036955833435058594,1.4618107890128158,2.8215719889849424,66.62579237899627
bip42p.txt,200,all,38,null,OPTIMAL,OPTIMAL,OPTIMAL,OPTIMAL,True,0.6042932691298284,0.5258788529170533,0.5258788529170533,0.5258788529170533,0.6042932691298284,42.0,98.56120650207183,-0.6042932691298284,-0.5258788529170533,-0.7943028158820179,0.1900095467521895,-0.07841441621277512,346.77882140613633,0.018647665247411856,597.6303958948907,39,6,3.0,3.0,215.8844033084731,207.94220165423656,0.03507399559020996,1.5253312310087495,2.9590732700016815,69.58487700700061
bip42p.txt,200,all,39,null,OPTIMAL,OPTIMAL,OPTIMAL,OPTIMAL,True,0.6042932691298284,0.5857032156803601,0.5857032156803601,0.5857032156803601,0.6042932691298284,42.0,98.56120650207183,-0.6042932691298284,-0.5857032156803601,-0.7509869274426679,0.14669365831283954,-0.01859005344946829,245.45463780143746,0.011454538424877744,1195.2607917897815,40,3,3.0,3.0,203.99653487158685,201.99826743579342,0.07129597663879395,1.4670347229985055,2.929232194001088,72.51412225698004
bip42p.txt,200,all,40,serious,OPTIMAL,OPTIMAL,OPTIMAL,OPTIMAL,True,0.6267423206136504,0.6267423206136504,0.6267423206136504,0.6267423206136504,0.6267423206136504,42.0,98.50775637949131,-0.6267423206136504,-0.6267423206136504,-0.7266517914889631,0.12235852235913469,0.022449051483822036,15.618289931299843,0.008446023876144472,836.682554252847,41,0,3.0,3.0,203.9913608856589,201.99568044282947,0.046066999435424805,1.475623945996631,2.8954723400238436,75.409608543996
bip42p.txt,200,all,41,serious,OPTIMAL,OPTIMAL,OPTIMAL,OPTIMAL,True,0.6627915986342472,0.6627915986342472,0.6627915986342472,0.6627915986342472,0.6627915986342472,42.0,98.42192476515655,-0.6627915986342472,-0.6627915986342472,-0.7557242055557054,0.12898188494205498,0.036049278020596764,14.96429908427203,0.009204932189657322,585.6777879769928,42,0,2.0,2.0,203.99418020069874,201.99709010034937,0.039587974548339844,1.5889802699966822,3.024766557995463,78.43445066999993
bip42p.txt,200,all,42,null,OPTIMAL,OPTIMAL,OPTIMAL,OPTIMAL,True,0.6627915986342472,0.67552373714987,0.67552373714987,0.67552373714987,0.67552373714987,42.0,98.39161014964317,-0.6627915986342472,-0.67552373714987,-0.7993057654273565,0.13651416679310935,0.012732138515622826,346.7329749610489,0.011079058483589454,1171.3555759539856,43,6,2.0,2.0,207.9776983573835,203.98884917869174,0.050718069076538086,1.5169927749957424,3.055322261992842,81.48979055098607
bip42p.txt,200,all,43,serious,OPTIMAL,OPTIMAL,OPTIMAL,OPTIMAL,True,0.6935995341762717,0.6935995341762717,0.6935995341762717,0.6935995341762717,0.6935995341762717,42.0,98.34857253767554,-0.6935995341762717,-0.6935995341762717,-0.7754676918340041,0.11267609319975691,0.030807935542024545,245.3975320569631,0.007887901525809562,819.9489031677899,44,3,2.0,2.0,203.9957244956988,201.9978622478494,0.05132102966308594,1.6502839589957148,3.3672185169998556,84.85702458498417
bip42p.txt,200,all,44,null,OPTIMAL,OPTIMAL,OPTIMAL,OPTIMAL,True,0.6935995341762717,0.6855824441926276,0.6855824441926276,0.6855824441926276,0.6935995341762717,42.0,98.34857253767554,-0.6935995341762717,-0.6855824441926276,-0.8087110628520866,0.11511152867581487,-0.008017089983644143,283.21705850003053,0.006323607194826127,1639.8978063355798,45,4,2.0,2.0,200.0,200.0,0.038275957107543945,0.971690681995824,2.623709865991259,87.48074704699684
bip42p.txt,200,all,45,serious,OPTIMAL,OPTIMAL,OPTIMAL,OPTIMAL,True,0.7076902297788459,0.7076902297788459,0.7076902297788459,0.7076902297788459,0.7076902297788459,42.0,98.31502326243132,-0.7076902297788459,-0.7076902297788459,-0.7923806655529491,0.09878113137667732,0.014090695602574144,14.831308264935931,0.0032097394057655293,1147.928464434906,46,0,2.0,2.0,203.9946126376473,201.99730631882363,0.0493011474609375,1.5029252249805722,3.143121160013834,90.6238798609993
bip42p.txt,200,all,46,serious,OPTIMAL,OPTIMAL,OPTIMAL,OPTIMAL,True,0.7209449845610572,0.7209449845610572,0.7209449845610572,0.7209449845610572,0.7209449845610572,42.0,98.28346432247368,-0.7209449845610572,-0.7209449845610572,-0.8128606466655645,0.10517041688671858,0.013254754782211275,200.56897814599668,0.007522229241345667,803.5499251044341,47,2,2.0,2.0,200.0,200.0,0.04351496696472168,1.0673242379853036,2.7606223150214646,93.38451752299443
bip42p.txt,200,all,47,null,OPTIMAL,OPTIMAL,OPTIMAL,OPTIMAL,True,0.7209449845610572,0.46570598928915996,0.46570598928915996,0.46570598928915996,0.7209449845610572,42.0,98.28346432247368,-0.7209449845610572,-0.46570598928915996,-0.8458443314197744,0.12489934685871729,-0.2552389952718972,547.9485531771228,0.006382736811450765,1607.0998502088682,48,15,3.0,3.0,203.96786223435615,201.9839311171781,0.047534942626953125,1.5991111540060956,3.3805933490220923,96.7651277219993
bip42p.txt,200,all,48,null,OPTIMAL,OPTIMAL,OPTIMAL,OPTIMAL,True,0.7209449845610572,0.7029116043112464,0.7029116043112464,0.7029116043112464,0.7209449845610572,42.0,98.28346432247368,-0.7209449845610572,-0.7029116043112464,-0.8293973785645409,0.10845239400348372,-0.018033380249810715,316.6006360554947,0.0032047825062693843,3214.1997004177365,49,5,2.0,2.0,203.99378535366108,201.99689267683056,0.0510561466217041,1.6821454229939263,3.492751497979043,100.2578924690024
bip42p.txt,200,all,49,serious,OPTIMAL,OPTIMAL,OPTIMAL,OPTIMAL,True,0.7410534052840669,0.7410534052840669,0.7410534052840669,0.7410534052840669,0.7410534052840669,42.0,98.23558713027602,-0.7410534052840669,-0.7410534052840669,-0.8212484572918686,0.10030347273081142,0.02010842072300978,200.5889518779081,0.001699446686274967,2249.939790292415,50,2,2.0,2.0,203.98791155788314,201.99395577894157,0.044165849685668945,1.5288807030010503,3.234811575995991,103.492718339985
bip42p.txt,200,all,50,null,OPTIMAL,OPTIMAL,OPTIMAL,OPTIMAL,True,0.7410534052840669,0.7123669988214515,0.7123669988214515,0.7123669988214515,0.7410534052840669,42.0,98.23558713027602,-0.7410534052840669,-0.7123669988214515,-0.8325649174314939,0.09151151214742692,-0.028686406462615444,245.41367587266225,0.0023011898965067746,4499.87958058483,51,3,2.0,2.0,200.0,200.0,0.04595780372619629,1.3749268210085575,3.1991200300108176,106.69185321297846
bip42p.txt,200,all,51,null,OPTIMAL,OPTIMAL,OPTIMAL,OPTIMAL,True,0.7410534052840669,0.7474396750257376,0.7474396750257376,0.7474396750257376,0.7474396750257376,42.0,98.2203817261292,-0.7410534052840669,-0.7474396750257376,-0.8266155115866364,0.08556210630256944,0.006386269741670669,15.22963343315715,0.0012347711131262843,8999.75916116966,52,0,2.0,2.0,203.99027331666156,201.99513665833078,0.05838298797607422,1.638891880022129,3.578138565993868,110.27007527698879
bip42p.txt,200,all,52,serious,OPTIMAL,OPTIMAL,OPTIMAL,OPTIMAL,True,0.7550433928707178,0.7550433928707178,0.7550433928707178,0.7550433928707178,0.7550433928707178,42.0,98.20227763602209,-0.7550433928707178,-0.7550433928707178,-0.7678058908797459,0.026752485595679,0.01398998758665082,14.280164319843095,0.001692226513254142,6299.831412818762,53,0,2.0,2.0,200.0,200.0,0.046234846115112305,1.0838205599866342,2.890853460005019,113.16094366100151
bip42p.txt,200,all,53,serious,OPTIMAL,OPTIMAL,OPTIMAL,OPTIMAL,True,0.767509205738653,0.767509205738653,0.767509205738653,0.767509205738653,0.767509205738653,42.0,98.17259712919369,-0.767509205738653,-0.767509205738653,-0.7829704508348895,0.02792705796417172,0.012465812867935244,14.694685194762641,0.002008341961806813,4409.881988973133,54,0,2.0,2.0,203.99170657582857,201.9958532879143,0.06070208549499512,1.6925901009817608,3.4441549869952723,116.6051132309949
bip42p.txt,200,all,54,serious,OPTIMAL,OPTIMAL,OPTIMAL,OPTIMAL,True,0.7776500227529307,0.7776500227529307,0.7776500227529307,0.7776500227529307,0.7776500227529307,42.0,98.14845232677874,-0.7776500227529307,-0.7776500227529307,-0.7994736449743163,0.03196443923566328,0.010140817014277714,14.68523627735426,0.0024184851306271495,3086.917392281193,55,0,2.0,2.0,200.0,200.0,0.06193900108337402,1.1510052469966467,3.148315829981584,119.75344393900014
bip42p.txt,200,all,55,null,OPTIMAL,OPTIMAL,OPTIMAL,OPTIMAL,True,0.7776500227529307,0.7619628706376532,0.7619628706376532,0.7619628706376532,0.7776500227529307,42.0,98.14845232677874,-0.7776500227529307,-0.7619628706376532,-0.816677227939622,0.03902720518669134,-0.015687152115277492,200.57840920940322,0.0030546133196603536,6173.834784562386,56,2,2.0,2.0,211.9238351073422,205.9619175536711,0.05180191993713379,1.79730747899157,3.6422020940226503,123.39566012599971
bip42p.txt,200,all,56,null,OPTIMAL,OPTIMAL,OPTIMAL,OPTIMAL,True,0.7776500227529307,0.7785753730743161,0.7785753730743161,0.7785753730743161,0.7785753730743161,42.0,98.14624911172781,-0.7776500227529307,-0.7785753730743161,-0.804724923065269,0.02707490031233828,0.0009253503213854097,142.16190992319127,0.0018872603316059,12347.669569124771,57,1,2.0,2.0,203.4665928545337,201.73329642726685,0.04694199562072754,1.7545640259922948,3.8211566059908364,127.21682998799952
bip42p.txt,200,all,57,serious,OPTIMAL,OPTIMAL,OPTIMAL,OPTIMAL,True,0.7842329358025705,0.7842329358025705,0.7842329358025705,0.7842329358025705,0.7842329358025705,42.0,98.13277872427959,-0.7842329358025705,-0.7842329358025705,-0.7946862389514292,0.01703621619849849,0.00658291304963976,14.51437747328305,0.0011692614581591387,8643.36869838734,58,0,2.0,2.0,200.0,200.0,0.05385589599609375,0.9753886969992891,3.089022485015448,130.30586756498087
bip42p.txt,200,all,58,serious,OPTIMAL,OPTIMAL,OPTIMAL,OPTIMAL,True,0.7860938642288574,0.7860938642288574,0.7860938642288574,0.7860938642288574,0.7860938642288574,42.0,98.12834794231223,-0.7860938642288574,-0.7860938642288574,-0.8023211507399951,0.01808821493742463,0.0018609284262869341,142.14045616971114,0.0013272501727243139,6050.358088871138,59,1,1.9981061170909702,1.9981061170909702,200.0,200.0,0.05450582504272461,1.0819126889982726,3.048004766984377,133.35388570799842
bip42p.txt,200,all,59,serious,OPTIMAL,OPTIMAL,OPTIMAL,OPTIMAL,True,0.7935993210925352,0.7935993210925352,0.7935993210925352,0.7935993210925352,0.7935993210925352,42.0,98.11047780692255,-0.7935993210925352,-0.7935993210925352,-0.8128064866799305,0.026712622451073087,0.007505456863677762,14.389557581902777,0.0013081253682503955,4235.250662209796,60,0,2.0,2.0,200.0,200.0,0.05414581298828125,1.081526739988476,3.147336848982377,136.50123583897948
bip42p.txt,200,all,60,serious,OPTIMAL,OPTIMAL,OPTIMAL,OPTIMAL,True,0.8013823687892913,0.8013823687892913,0.8013823687892913,0.8013823687892913,0.8013823687892913,42.0,98.09194674097787,-0.8013823687892913,-0.8013823687892913,-0.8213102731899156,0.027710952097380392,0.007783047696756085,14.137939818501673,0.0021141946323049547,2964.6754635468574,61,0,1.0042585000987059,1.0042585000987059,200.0,200.0,0.057991981506347656,1.1315945269889198,3.3620216920098756,139.86327318899566
bip42p.txt,200,all,61,null,OPTIMAL,OPTIMAL,OPTIMAL,OPTIMAL,True,0.8013823687892913,0.7983998408873652,0.7983998408873652,0.7983998408873652,0.8013823687892913,42.0,98.09194674097787,-0.8013823687892913,-0.7983998408873652,-0.8332507465736716,0.03186837778438034,-0.002982527901926102,200.50897156519991,0.0026380183775969227,5929.350927093715,62,2,2.0,2.0,200.0,200.0,0.05318498611450195,1.166409389988985,3.326020766980946,143.18935769499512
bip42p.txt,200,all,62,serious,OPTIMAL,OPTIMAL,OPTIMAL,OPTIMAL,True,0.807930837329445,0.807930837329445,0.807930837329445,0.807930837329445,0.807930837329445,42.0,98.07635514921562,-0.807930837329445,-0.807930837329445,-0.8255345909668161,0.024152222177524885,0.0065484685401537845,14.403184388240732,0.001752574886135642,4150.5456489656,63,0,2.0,2.0,200.0,200.0,0.055487871170043945,1.1254711969813798,3.466870430012932,146.65624442798435
bip42p.txt,200,all,63,serious,OPTIMAL,OPTIMAL,OPTIMAL,OPTIMAL,True,0.8154345982016525,0.8154345982016525,0.8154345982016525,0.8154345982016525,0.8154345982016525,42.0,98.05848905190082,-0.8154345982016525,-0.8154345982016525,-0.8333298075001069,0.02539897017066184,0.007503760872207499,142.1676776909874,0.0019784617241397776,2905.3819542759197,64,1,2.0,2.0,200.0,200.0,0.07427191734313965,1.118674549012212,3.5115205280017108,150.16778112298925
bip42p.txt,200,all,64,serious,OPTIMAL,OPTIMAL,OPTIMAL,OPTIMAL,True,0.8187116190399455,0.8187116190399455,0.8187116190399455,0.8187116190399455,0.8187116190399455,42.0,98.05068662133347,-0.8187116190399455,-0.8187116190399455,-0.8476249234836718,0.03219032528201926,0.0032770208382929544,200.5688882702623,0.002225488524971977,2033.7673679931436,65,2,2.0,2.0,200.0,200.0,0.09546589851379395,1.0358244800008833,3.235738389979815,153.403535430989
bip42p.txt,200,all,65,null,OPTIMAL,OPTIMAL,OPTIMAL,OPTIMAL,True,0.8187116190399455,0.8071246777628576,0.8071246777628576,0.8071246777628576,0.8187116190399455,42.0,98.05068662133347,-0.8187116190399455,-0.8071246777628576,-0.8661872906488508,0.04747567160890531,-0.011586941277087925,200.5990581965861,0.003006713923789226,4067.534735986287,66,2,3.0,3.0,200.0,200.0,0.056147098541259766,1.046405736997258,3.38603821999277,156.78958900898579
bip42p.txt,200,all,66,null,OPTIMAL,OPTIMAL,OPTIMAL,OPTIMAL,True,0.8187116190399455,0.8224649462788691,0.8224649462788691,0.8224649462788691,0.8224649462788691,42.0,98.04175012790745,-0.8187116190399455,-0.8224649462788691,-0.8570457489304014,0.038334129890455926,0.0037533272389236316,15.354720144223302,0.001534199280792791,8135.069471972574,67,0,3.0,3.0,200.0,200.0,0.08511495590209961,1.1135536030051298,3.428321535990108,160.21792847200413
bip42p.txt,200,all,67,serious,OPTIMAL,OPTIMAL,OPTIMAL,OPTIMAL,True,0.8273516176806124,0.8273516176806124,0.8273516176806124,0.8273516176806124,0.8273516176806124,42.0,98.03011519599853,-0.8273516176806124,-0.8273516176806124,-0.8480770347024669,0.029365415662521377,0.00863999864066689,14.41865943826481,0.0018148921914018386,5694.548630380802,68,0,2.0,2.0,200.0,200.0,0.11217689514160156,1.0776748759963084,3.5080851359816734,163.7260312050057
bip42p.txt,200,all,68,serious,OPTIMAL,OPTIMAL,OPTIMAL,OPTIMAL,True,0.8309895960949327,0.8309895960949327,0.8309895960949327,0.8309895960949327,0.8309895960949327,42.0,98.02145334263112,-0.8309895960949327,-0.8309895960949327,-0.852128077913807,0.024776460233194575,0.003637978414320342,245.37899451096632,0.0017711867241646656,3986.184041266561,69,3,2.0,2.0,203.90973089852238,201.95486544926118,0.08684086799621582,1.767059159989003,4.133739773998968,167.8597853409883
bip42p.txt,200,all,69,serious,OPTIMAL,OPTIMAL,OPTIMAL,OPTIMAL,True,0.8366497861389645,0.8366497861389645,0.8366497861389645,0.8366497861389645,0.8366497861389645,42.0,98.00797669966914,-0.8366497861389645,-0.8366497861389645,-0.8609339574412721,0.029944361346339377,0.005660190044031732,200.53897639300735,0.0014693286606732082,2790.3288288865924,70,2,2.0,2.0,200.0,200.0,0.09020519256591797,1.1016518709948286,3.444495710020419,171.30429375299718
bip42p.txt,200,all,70,null,OPTIMAL,OPTIMAL,OPTIMAL,OPTIMAL,True,0.8366497861389645,0.827377068781336,0.827377068781336,0.827377068781336,0.8366497861389645,42.0,98.00797669966914,-0.8366497861389645,-0.827377068781336,-0.8728344325441288,0.03618464640516439,-0.009272717357628468,245.4218602328322,0.002073467722019876,5580.657657773185,71,3,3.0,3.0,203.98768632115997,201.99384316057996,0.05829310417175293,1.8015154369932134,4.172540668019792,175.476846843987
bip42p.txt,200,all,71,serious,OPTIMAL,OPTIMAL,OPTIMAL,OPTIMAL,True,0.8410309854523914,0.8410309854523914,0.8410309854523914,0.8410309854523914,0.8410309854523914,42.0,97.99754527273241,-0.8410309854523914,-0.8410309854523914,-0.8668161444830059,0.030166358344041466,0.004381199313426953,15.48823971320835,0.001042187385815018,3906.460360441229,72,0,2.9973943671701377,2.9973943671701377,203.98957746868055,201.99478873434026,0.07284402847290039,2.2119321189820766,4.671156558004441,180.14806159498403
bip42p.txt,200,all,72,serious,OPTIMAL,OPTIMAL,OPTIMAL,OPTIMAL,True,0.8483659688252171,0.8483659688252171,0.8483659688252171,0.8483659688252171,0.8483659688252171,42.0,97.98008102660663,-0.8483659688252171,-0.8483659688252171,-0.8729483037436305,0.031917318291239116,0.007334983372825676,200.579096506408,0.002206474977192105,2734.52225230886,73,2,2.999069338172744,2.999069338172744,203.99627735269098,201.9981386763455,0.0860891342163086,1.9201318029954564,4.971322872996097,185.11940101598157
bip42p.txt,200,all,73,null,OPTIMAL,OPTIMAL,OPTIMAL,OPTIMAL,True,0.8483659688252171,0.8191782132159479,0.8191782132159479,0.8191782132159479,0.8483659688252171,42.0,97.98008102660663,-0.8483659688252171,-0.8191782132159479,-0.8844982000461497,0.036132231220932565,-0.029187755609269228,399.77983597575513,0.0020575695718462145,5469.04450461772,74,8,2.998781907525186,2.998781907525186,201.99512763010074,201.9975638150504,0.08762192726135254,1.6292649170209188,4.196279319992755,189.31569700597902
bip42p.txt,200,all,74,null,OPTIMAL,OPTIMAL,OPTIMAL,OPTIMAL,True,0.8483659688252171,0.8511451493179505,0.8511451493179505,0.8511451493179505,0.8511451493179505,42.0,97.97346393019535,-0.8483659688252171,-0.8511451493179505,-0.8787082511968232,0.030342282371606077,0.002779180492733402,142.21093339680257,0.0010359073574226353,10938.08900923544,75,1,2.9988529596492217,2.9988529596492217,203.99541183859688,201.99770591929845,0.09041094779968262,1.6230693389952648,4.37289460998727,193.68860821900307
bip42p.txt,200,all,75,serious,OPTIMAL,OPTIMAL,OPTIMAL,OPTIMAL,True,0.8528538807107559,0.8528538807107559,0.8528538807107559,0.8528538807107559,0.8528538807107559,42.0,97.96939552211725,-0.8528538807107559,-0.8528538807107559,-0.8757643117720523,0.027398342946835186,0.0044879118855387645,15.09833330862417,0.0005527764849713031,7656.662306464807,76,0,2.9985584088338797,2.9985584088338797,203.99423363533552,201.99711681766777,0.059710025787353516,1.720865039009368,4.346312287991168,198.03493573598098
bip42p.txt,200,all,76,null,OPTIMAL,OPTIMAL,OPTIMAL,OPTIMAL,True,0.8528538807107559,0.8395421900175537,0.8395421900175537,0.8395421900175537,0.8528538807107559,42.0,97.96939552211725,-0.8528538807107559,-0.8395421900175537,-0.8779106264754658,0.025056745764709953,-0.01331169069320215,200.5481077797787,0.0016688545070636333,15313.324612929615,77,2,2.0,2.0,200.0,200.0,0.08845877647399902,1.0324667899985798,3.836355355975684,201.87130733998492
bip42p.txt,200,all,77,serious,OPTIMAL,OPTIMAL,OPTIMAL,OPTIMAL,True,0.85613896582649,0.85613896582649,0.85613896582649,0.85613896582649,0.85613896582649,42.0,97.96157389088933,-0.85613896582649,-0.85613896582649,-0.8674457672085721,0.014591886497816287,0.00328508511573411,140.72566373046024,0.0009710016195382561,10719.32722905073,78,1,2.0,2.0,198.0,200.0,0.0672459602355957,1.271241670998279,4.048815371003002,205.92013916900032
bip42p.txt,200,all,78,serious,OPTIMAL,OPTIMAL,OPTIMAL,OPTIMAL,True,0.8598531486720439,0.8598531486720439,0.8598531486720439,0.8598531486720439,0.8598531486720439,42.0,97.9527305983999,-0.8598531486720439,-0.8598531486720439,-0.8789111652724247,0.022772199445934782,0.003714182845553915,142.15451757178622,0.0008438034435746878,7503.529060335511,79,1,2.0,2.0,200.0,200.0,0.0656440258026123,1.0644705730082933,3.7018340910144616,209.62198982498376
bip42p.txt,200,all,79,null,OPTIMAL,OPTIMAL,OPTIMAL,OPTIMAL,True,0.8598531486720439,0.8591422161651735,0.8591422161651735,0.8591422161651735,0.8598531486720439,42.0,97.9527305983999,-0.8598531486720439,-0.8591422161651735,-0.8831708093370082,0.023317660664964324,-0.0007109325068703765,200.53578777572747,0.0007593700585950708,15007.058120671021,80,2,2.0,2.0,200.0,200.0,0.09119081497192383,1.4971133429789916,4.32245439599501,213.9444591369829
bip42p.txt,200,all,80,null,OPTIMAL,OPTIMAL,OPTIMAL,OPTIMAL,True,0.8598531486720439,0.8619337631866507,0.8619337631866507,0.8619337631866507,0.8619337631866507,42.0,97.94777675431749,-0.8598531486720439,-0.8619337631866507,-0.8810742140835168,0.02122106541147295,0.0020806145146068378,14.558529984225608,0.00041226967896543264,30014.116241342042,81,0,2.0,2.0,200.0,200.0,0.06952309608459473,1.0902751859975979,3.954589984001359,217.89906435998273
bip42p.txt,200,all,81,serious,OPTIMAL,OPTIMAL,OPTIMAL,OPTIMAL,True,0.8607648936460676,0.8607648936460676,0.8607648936460676,0.8607648936460676,0.8619337631866507,42.0,97.94777675431749,-0.8607648936460676,-0.8607648936460676,-0.8676441002627658,0.007790951590721962,0.0009117449740236871,142.19607182239525,0.0004840067204626217,21009.88136893943,82,1,2.0,2.0,200.0,200.0,0.08475899696350098,1.1623590659874026,3.985039367020363,221.88415346998954
bip42p.txt,200,all,82,serious,OPTIMAL,OPTIMAL,OPTIMAL,OPTIMAL,True,0.8647478867083725,0.8647478867083725,0.8647478867083725,0.8647478867083725,0.8647478867083725,42.0,97.94107646021816,-0.8647478867083725,-0.8647478867083725,-0.8772572937418616,0.016492400095794002,0.003982993062304985,14.470889556638907,0.0006809407106759502,14706.9169582576,83,0,2.0,2.0,200.0,200.0,0.09913015365600586,1.1355584230041131,4.052678024978377,225.93684586600284
bip42p.txt,200,all,83,null,OPTIMAL,OPTIMAL,OPTIMAL,OPTIMAL,True,0.8647478867083725,0.8610190015300787,0.8610190015300787,0.8610190015300787,0.8647478867083725,42.0,97.94107646021816,-0.8647478867083725,-0.8610190015300787,-0.8782915346975538,0.013543647989181284,-0.0037288851782938393,142.1383039208918,0.0009400968101564943,29413.8339165152,84,1,2.0,2.0,200.0,200.0,0.09337902069091797,1.127334382996196,4.028966307989322,229.9658277790004
bip42p.txt,200,all,84,serious,OPTIMAL,OPTIMAL,OPTIMAL,OPTIMAL,True,0.866747234745058,0.866747234745058,0.866747234745058,0.866747234745058,0.866747234745058,42.0,97.93631610774987,-0.866747234745058,-0.866747234745058,-0.8717749968636774,0.007027110155304883,0.0019993480366854444,140.72607886008694,0.00048667024563036937,20589.68374156064,85,1,1.9957152602903394,1.9957152602903394,198.0,200.0,0.07304000854492188,1.1194067160249688,4.305576056998689,234.27142138799536
bip42p.txt,200,all,85,serious,OPTIMAL,OPTIMAL,OPTIMAL,OPTIMAL,True,0.8694127694706817,0.8694127694706817,0.8694127694706817,0.8694127694706817,0.8694127694706817,42.0,97.92996959649838,-0.8694127694706817,-0.8694127694706817,-0.8795139390145971,0.012766704269539075,0.002665534725623697,14.244392618370565,0.0005753718378283921,14412.778619092445,86,0,2.0,2.0,200.0,200.0,0.10566401481628418,1.1803534089995082,4.085245964000933,238.35668361198623
bip42p.txt,200,all,86,null,OPTIMAL,OPTIMAL,OPTIMAL,OPTIMAL,True,0.8694127694706817,0.8671792447156715,0.8671792447156715,0.8671792447156715,0.8694127694706817,42.0,97.92996959649838,-0.8694127694706817,-0.8671792447156715,-0.8812632712826154,0.0118505018119337,-0.0022335247550101522,200.54627842205403,0.000841409532801905,28825.55723818489,87,2,2.0,2.0,200.0,200.0,0.1062159538269043,1.156652571982704,4.1090838050004095,242.46578254399356
bip42p.txt,200,all,87,serious,OPTIMAL,OPTIMAL,OPTIMAL,OPTIMAL,True,0.8719463943574146,0.8719463943574146,0.8719463943574146,0.8719463943574146,0.8719463943574146,42.0,97.92393715629186,-0.8719463943574146,-0.8719463943574146,-0.8764454272094305,0.007032657738748838,0.0025336248867329214,14.271055593074902,0.0004937171308260307,20177.890066729422,88,0,2.0,2.0,200.0,200.0,0.07633590698242188,1.060410876001697,3.982608768012142,246.44840669698897
bip42p.txt,200,all,88,null,OPTIMAL,OPTIMAL,OPTIMAL,OPTIMAL,True,0.8719463943574146,0.8715949812421818,0.8715949812421818,0.8715949812421818,0.8719463943574146,42.0,97.92393715629186,-0.8719463943574146,-0.8715949812421818,-0.8797289733606133,0.007782579003198675,-0.0003514131152327904,200.50812904109623,0.0005736572886959961,40355.780133458844,89,2,2.0,2.0,200.0,200.0,0.08778595924377441,1.0239105699874926,4.1039546160027385,250.55237467898405
bip42p.txt,200,all,89,serious,OPTIMAL,OPTIMAL,OPTIMAL,OPTIMAL,True,0.8737927807524849,0.8737927807524849,0.8737927807524849,0.8737927807524849,0.8737927807524849,42.0,97.91954099820835,-0.8737927807524849,-0.8737927807524849,-0.8769120312679411,0.0049656369105265385,0.0018463863950702875,14.193726462892487,0.00034903515612130423,28249.046093421188,90,0,2.0,2.0,200.0,200.0,0.08873200416564941,1.1759669039747678,4.244862452003872,254.79725115100155
bip42p.txt,200,all,90,serious,OPTIMAL,OPTIMAL,OPTIMAL,OPTIMAL,True,0.8752516058567839,0.8752516058567839,0.8752516058567839,0.8752516058567839,0.8752516058567839,42.0,97.9160676051029,-0.8752516058567839,-0.8752516058567839,-0.8789821128570269,0.005189332104541977,0.0014588251042989553,142.15351850784464,0.00038407157779676404,19774.33226539483,91,1,2.0,2.0,200.0,200.0,0.10113692283630371,1.0671156120079104,4.130246676999377,258.9275109599985
bip42p.txt,200,all,91,null,OPTIMAL,OPTIMAL,OPTIMAL,OPTIMAL,True,0.8752516058567839,0.8752863542350134,0.8752863542350134,0.8752863542350134,0.8752863542350134,42.0,97.91598487086901,-0.8752516058567839,-0.8752863542350134,-0.8825302780709567,0.007278672214172888,3.474837822958765e-05,200.51891759613014,0.0004046266039407102,39548.66453078966,92,2,2.0,2.0,200.0,200.0,0.1036069393157959,1.1700348340091296,4.351092622993747,263.27867326600244
bip42p.txt,200,all,92,serious,OPTIMAL,OPTIMAL,OPTIMAL,OPTIMAL,True,0.8765359736920406,0.8765359736920406,0.8765359736920406,0.8765359736920406,0.8765359736920406,42.0,97.91300958644752,-0.8765359736920406,-0.8765359736920406,-0.8810209153066724,0.005769309449888516,0.0012843678352567611,14.157968147030813,0.00022705760973968945,27684.06517155276,93,0,1.9267392155923444,1.9267392155923444,200.0,200.0,0.10094594955444336,1.1368628769996576,4.4197997829760425,267.69848808000097
bip42p.txt,200,all,93,serious,OPTIMAL,OPTIMAL,OPTIMAL,OPTIMAL,True,0.8781992080497925,0.8781992080497925,0.8781992080497925,0.8781992080497925,0.8781992080497925,42.0,97.90904950464335,-0.8781992080497925,-0.8781992080497925,-0.8820756916390411,0.005539717947000478,0.0016632343577518416,140.71313553935386,0.00040097903242444224,19378.84562008693,94,1,2.0,2.0,198.0,200.0,0.09971809387207031,1.2726932909863535,4.694397709012264,272.39290360099403
bip42p.txt,200,all,94,serious,OPTIMAL,OPTIMAL,OPTIMAL,OPTIMAL,True,0.8794027240548966,0.8794027240548966,0.8794027240548966,0.8794027240548966,0.8794027240548966,42.0,97.90618399034548,-0.8794027240548966,-0.8794027240548966,-0.8846463301796333,0.006447122129840888,0.001203516005104155,14.416466223586328,0.0003624452408783784,13565.19193406085,95,0,2.0,2.0,200.0,200.0,0.0775308609008789,1.0867267979774624,4.64264424200519,277.03556947398465
bip42p.txt,200,all,95,null,OPTIMAL,OPTIMAL,OPTIMAL,OPTIMAL,True,0.8794027240548966,0.8784377970857805,0.8784377970857805,0.8784377970857805,0.8794027240548966,42.0,97.90618399034548,-0.8794027240548966,-0.8784377970857805,-0.8872118714698527,0.007809147414956086,-0.0009649269691160978,245.36274506622007,0.0006093326118102396,27130.3838681217,96,3,2.0,2.0,200.0,200.0,0.08472990989685059,1.2040419520053547,4.582441045000451,281.6180278190004
bip42p.txt,200,all,96,serious,OPTIMAL,OPTIMAL,OPTIMAL,OPTIMAL,True,0.8812320731038947,0.8812320731038947,0.8812320731038947,0.8812320731038947,0.8812320731038947,42.0,97.90182839737169,-0.8812320731038947,-0.8812320731038947,-0.8855518631094825,0.006149139054585917,0.001829349048998119,14.255507776065448,0.00043486352771491475,18991.268707685187,97,0,2.0,2.0,200.0,200.0,0.0772089958190918,1.22471869198489,4.486093446990708,286.1041393420019
bip42p.txt,200,all,97,null,OPTIMAL,OPTIMAL,OPTIMAL,OPTIMAL,True,0.8812320731038947,0.8810795333926597,0.8810795333926597,0.8810795333926597,0.8812320731038947,42.0,97.90182839737169,-0.8812320731038947,-0.8810795333926597,-0.8872605065041979,0.006028433400303124,-0.00015253971123507792,245.3722914974178,0.00045740057421226704,37982.537415370374,98,3,2.0,2.0,200.0,200.0,0.0997779369354248,1.1976689959992655,4.592715976992622,290.69687068098574
bip42p.txt,200,all,98,serious,OPTIMAL,OPTIMAL,OPTIMAL,OPTIMAL,True,0.8820011394570318,0.8820011394570318,0.8820011394570318,0.8820011394570318,0.8820011394570318,42.0,97.89999728700707,-0.8820011394570318,-0.8820011394570318,-0.886041570520934,0.004809497417039288,0.0007690663531371156,142.15388992996617,0.0003401713592763202,26587.77619075926,99,1,2.0,2.0,200.0,200.0,0.08008718490600586,1.070105743012391,4.654587703989819,295.3514713649929
bip42p.txt,200,all,99,serious,OPTIMAL,OPTIMAL,OPTIMAL,OPTIMAL,True,0.8828700214895278,0.8828700214895278,0.8828700214895278,0.8828700214895278,0.8828700214895278,42.0,97.89792852026301,-0.8828700214895278,-0.8828700214895278,-0.8876985279357191,0.005697388478687282,0.0008688820324959101,200.50761389851115,0.00024568326114652965,18611.443333531482,100,2,2.0,2.0,200.0,200.0,0.09164714813232422,1.117576230026316,4.76791467302246,300.1194003690034
bip42p.txt,200,all,100,serious,OPTIMAL,OPTIMAL,OPTIMAL,OPTIMAL,True,0.8842461069387644,0.8842461069387644,0.8842461069387644,0.8842461069387644,0.8842461069387644,42.0,97.89465212633628,-0.8842461069387644,-0.8842461069387644,-0.8898508397709171,0.0069808182813893005,0.0013760854492366192,142.13786288786406,0.00033884113513409694,13028.010333472037,101,1,2.0,2.0,200.0,200.0,0.07130718231201172,1.0648786909878254,4.480540144984843,304.59995260098367
bip42p.txt,200,all,101,null,OPTIMAL,OPTIMAL,OPTIMAL,OPTIMAL,True,0.8842461069387644,0.8831440360335809,0.8831440360335809,0.8831440360335809,0.8842461069387644,42.0,97.89465212633628,-0.8842461069387644,-0.8831440360335809,-0.892528169418837,0.008282062480072572,-0.0011020709051834388,283.22360655718273,0.00045092608152097274,26056.020666944074,102,4,2.0,2.0,200.0,200.0,0.1304481029510498,1.1477993119915482,4.739483525016112,309.3394895189849
bip42p.txt,200,all,102,serious,OPTIMAL,OPTIMAL,OPTIMAL,OPTIMAL,True,0.8852491260551993,0.8852491260551993,0.8852491260551993,0.8852491260551993,0.8852491260551993,42.0,97.89226398558287,-0.8852491260551993,-0.8852491260551993,-0.8912247762975631,0.006978669358798761,0.0010030191164349667,14.406369144303662,0.0002337267689563208,18239.21446686085,103,0,2.0,2.0,200.0,200.0,0.0841820240020752,1.0629945239925291,4.473976863984717,313.8134804739966
bip42p.txt,200,all,103,serious,OPTIMAL,OPTIMAL,OPTIMAL,OPTIMAL,True,0.8862056710503072,0.8862056710503072,0.8862056710503072,0.8862056710503072,0.8862056710503072,42.0,97.88998649749928,-0.8862056710503072,-0.8862056710503072,-0.8925263824493389,0.007277256394139564,0.0009565449951078886,142.13865345563264,0.0005253728380854812,12767.450126802594,104,1,2.0,2.0,200.0,200.0,0.08951592445373535,1.166841909987852,4.622904097981518,318.4363998519839
bip42p.txt,200,all,104,null,OPTIMAL,OPTIMAL,OPTIMAL,OPTIMAL,True,0.8862056710503072,0.8842579733368221,0.8842579733368221,0.8842579733368221,0.8862056710503072,42.0,97.88998649749928,-0.8862056710503072,-0.8842579733368221,-0.895122748069167,0.008917077018859798,-0.0019476977134851303,316.56273217116814,0.00045103319785049574,25534.90025360519,105,5,2.0,2.0,200.0,200.0,0.0856320858001709,1.1550505619961768,4.907394892012235,323.343810913997
bip42p.txt,200,all,105,serious,OPTIMAL,OPTIMAL,OPTIMAL,OPTIMAL,True,0.8882200656170568,0.8882200656170568,0.8882200656170568,0.8882200656170568,0.8882200656170568,42.0,97.8851903199594,-0.8882200656170568,-0.8882200656170568,-0.8938345284276868,0.0076288573773796164,0.0020143945667495666,142.14015432270125,0.00023029900714037133,17874.43017752363,106,1,1.9950721294622016,1.9950721294622016,200.0,200.0,0.0838460922241211,1.2844823579944205,4.978379509993829,328.3222087099857
bip42p.txt,200,all,106,null,OPTIMAL,OPTIMAL,OPTIMAL,OPTIMAL,True,0.8882200656170568,0.8887327763503037,0.8887327763503037,0.8887327763503037,0.8887327763503037,42.0,97.88396958011833,-0.8882200656170568,-0.8887327763503037,-0.8956013131370948,0.007381247520037992,0.0005127107332468794,245.3804337018433,0.0003186229147950959,35748.86035504726,107,3,2.0,2.0,200.0,200.0,0.08693408966064453,1.2014165360014886,4.813171335001243,333.1353937499807
bip42p.txt,200,all,107,null,OPTIMAL,OPTIMAL,OPTIMAL,OPTIMAL,True,0.8882200656170568,0.8888587270060435,0.8888587270060435,0.8888587270060435,0.8888587270060435,42.0,97.88366969760466,-0.8882200656170568,-0.8888587270060435,-0.8947049190782055,0.0064848534611486874,0.0006386613889867165,14.345383484856653,0.00016556015675589262,71497.72071009452,108,0,2.0,2.0,200.0,200.0,0.09702801704406738,1.1424596379802097,4.7205699420010205,337.8559762549994
bip42p.txt,200,all,108,null,OPTIMAL,OPTIMAL,OPTIMAL,OPTIMAL,True,0.8882200656170568,0.8874441445231868,0.8874441445231868,0.8874441445231868,0.8888587270060435,42.0,97.88366969760466,-0.8882200656170568,-0.8874441445231868,-0.8911093084741327,0.0028892428570759243,-0.0007759210938700356,200.5057075307736,0.00020008994193690605,142995.44142018905,109,2,1.952349242663242,1.952349242663242,200.0,200.0,0.13783001899719238,1.189810842013685,5.03704693398322,342.8930374920019
bip42p.txt,200,all,109,serious,OPTIMAL,OPTIMAL,OPTIMAL,OPTIMAL,True,0.8886160801777411,0.8886160801777411,0.8886160801777411,0.8886160801777411,0.8888587270060435,42.0,97.88366969760466,-0.8886160801777411,-0.8886160801777411,-0.8896702572450953,0.0014501916280384997,0.00039601456068427687,200.496493756202,9.961984843638886e-05,100096.80899413233,110,2,1.0,1.0,200.0,200.0,0.08849596977233887,1.0979068700107746,4.850683172000572,347.7437343240017
bip42p.txt,200,all,110,serious,OPTIMAL,OPTIMAL,OPTIMAL,OPTIMAL,True,0.8897609494092954,0.8897609494092954,0.8897609494092954,0.8897609494092954,0.8897609494092954,42.0,97.88152154902549,-0.8897609494092954,-0.8897609494092954,-0.8916541280080277,0.0030380478302866054,0.001144869231554324,14.521924867985465,0.00014104559758641312,70067.76629589262,111,0,2.0,2.0,200.0,200.0,0.08553910255432129,1.0447105990024284,4.685867635009345,352.4296182569815
bip42p.txt,200,all,111,null,OPTIMAL,OPTIMAL,OPTIMAL,OPTIMAL,True,0.8897609494092954,0.8881026194429069,0.8881026194429069,0.8881026194429069,0.8897609494092954,42.0,97.88152154902549,-0.8897609494092954,-0.8881026194429069,-0.8924254237304607,0.0026644743211653443,-0.0016583299663884832,200.48692900148305,0.0001854881166607591,140135.53259178525,112,2,1.0,1.0,200.0,200.0,0.10870099067687988,1.1034475130145438,5.087996839021798,357.5176883749955
bip42p.txt,200,all,112,serious,OPTIMAL,OPTIMAL,OPTIMAL,OPTIMAL,True,0.8904565717978031,0.8904565717978031,0.8904565717978031,0.8904565717978031,0.8904565717978031,42.0,97.87986530524333,-0.8904565717978031,-0.8904565717978031,-0.8912281526048309,0.0014672031955355047,0.0006956223885077328,14.001605120185946,0.00010182070780330678,98094.87281424967,113,0,1.0,1.0,200.0,200.0,0.06867003440856934,1.2836849489831366,5.274278117023641,362.79198124899995
bip42p.txt,200,all,113,null,OPTIMAL,OPTIMAL,OPTIMAL,OPTIMAL,True,0.8904565717978031,0.8890433295793795,0.8890433295793795,0.8890433295793795,0.8904565717978031,42.0,97.87986530524333,-0.8904565717978031,-0.8890433295793795,-0.8920952105074906,0.001638638709687501,-0.0014132422184236493,200.50368096256983,0.00012177319806278388,196189.74562849934,114,2,1.77750349998758,1.77750349998758,200.0,200.0,0.08300399780273438,1.1890766659926157,4.954060760996072,367.74605806398904
bip42p.txt,200,all,114,serious,OPTIMAL,OPTIMAL,OPTIMAL,OPTIMAL,True,0.8909582862813944,0.8909582862813944,0.8909582862813944,0.8909582862813944,0.8909582862813944,42.0,97.87867074694907,-0.8909582862813944,-0.8909582862813944,-0.8914263988674146,0.0009698270696114619,0.0005017144835912646,14.08597396349926,7.005862702072467e-05,137332.82193994953,115,0,1.0,1.0,200.0,200.0,0.09946107864379883,1.1730470859911293,5.22722451199661,372.97329778099083
bip42p.txt,200,all,115,serious,OPTIMAL,OPTIMAL,OPTIMAL,OPTIMAL,True,0.8914786463084904,0.8914786463084904,0.8914786463084904,0.8914786463084904,0.8914786463084904,42.0,97.87743179450358,-0.8914786463084904,-0.8914786463084904,-0.8920451553436293,0.0010868690622348742,0.0005203600270959896,142.1197521767391,8.187754879254739e-05,96132.97535796466,116,1,1.0,1.0,200.0,200.0,0.10887694358825684,1.169763984013116,5.292627557995729,378.26593875000253
bip42p.txt,200,all,116,null,OPTIMAL,OPTIMAL,OPTIMAL,OPTIMAL,True,0.8914786463084904,0.8909385273772753,0.8909385273772753,0.8909385273772753,0.8914786463084904,42.0,97.87743179450358,-0.8914786463084904,-0.8909385273772753,-0.8929896907256809,0.0015110444171905213,-0.0005401189312150834,142.1539667800148,9.693322988889605e-05,192265.95071592933,117,1,2.0,2.0,200.0,200.0,0.09119701385498047,1.188702674000524,5.286034128017491,383.5519878619816
bip42p.txt,200,all,117,serious,OPTIMAL,OPTIMAL,OPTIMAL,OPTIMAL,True,0.8916693714809446,0.8916693714809446,0.8916693714809446,0.8916693714809446,0.8916693714809446,42.0,97.87697768695013,-0.8916693714809446,-0.8916693714809446,-0.8925494069998706,0.0010707606913802348,0.00019072517245422027,14.271505200717048,5.137339953715518e-05,134586.16550115054,118,0,2.0,2.0,200.0,200.0,0.08360815048217773,1.2572674560069572,5.175726607994875,388.7277311399812
bip42p.txt,200,all,118,null,OPTIMAL,OPTIMAL,OPTIMAL,OPTIMAL,True,0.8916693714809446,0.8915781070350977,0.8915781070350977,0.8915781070350977,0.8916693714809446,42.0,97.87697768695013,-0.8916693714809446,-0.8915781070350977,-0.8928684962399861,0.0011991247590414922,-9.126444584695026e-05,244.54198155309737,8.630078568439454e-05,269172.33100230107,119,3,2.0,2.0,198.0,200.0,0.11168885231018066,1.1452643539814744,5.251244849991053,393.9789900459873
bip42p.txt,200,all,119,serious,OPTIMAL,OPTIMAL,OPTIMAL,OPTIMAL,True,0.8918803157922124,0.8918803157922124,0.8918803157922124,0.8918803157922124,0.8918803157922124,42.0,97.87647543858996,-0.8918803157922124,-0.8918803157922124,-0.8924095356316462,0.00074016415070155,0.00021094431126778002,140.7200654775118,5.2097807480766475e-05,188420.63170161075,120,1,1.9596947818401613,1.9596947818401613,198.0,200.0,0.14598488807678223,1.1631830309925135,5.507379165996099,399.48638182898867
bip42p.txt,200,all,120,serious,OPTIMAL,OPTIMAL,OPTIMAL,OPTIMAL,True,0.8920662832427546,0.8920662832427546,0.8920662832427546,0.8920662832427546,0.8920662832427546,42.0,97.87603265894582,-0.8920662832427546,-0.8920662832427546,-0.8929903155180235,0.0011099997258111616,0.00018596745054222374,142.12940809416685,5.0354244932142445e-05,131894.4421911275,121,1,2.0,2.0,200.0,200.0,0.08085513114929199,1.1324322489963379,5.16674413200235,404.6531372369791
bip42p.txt,200,all,121,null,OPTIMAL,OPTIMAL,OPTIMAL,OPTIMAL,True,0.8920662832427546,0.8918843491930358,0.8918843491930358,0.8918843491930358,0.8920662832427546,42.0,97.87603265894582,-0.8920662832427546,-0.8918843491930358,-0.8935203921795933,0.0014541089368387272,-0.00018193404971877936,245.35855369876978,6.400770384289935e-05,263788.884382255,122,3,2.0,2.0,200.0,200.0,0.12080812454223633,1.1596391549974214,5.260619139997289,409.9138270149997
bip42p.txt,200,all,122,serious,OPTIMAL,OPTIMAL,OPTIMAL,OPTIMAL,True,0.8923132571248739,0.8923132571248739,0.8923132571248739,0.8923132571248739,0.8923132571248739,42.0,97.87544462589315,-0.8923132571248739,-0.8923132571248739,-0.893248874629147,0.0011825913863924287,0.0002469738821192502,14.07126265689285,3.2368804766601014e-05,184652.2190675785,123,0,2.0,2.0,200.0,200.0,0.11990189552307129,1.2909449189901352,5.735975118004717,415.6498156909947
bip42p.txt,200,all,123,serious,OPTIMAL,OPTIMAL,OPTIMAL,OPTIMAL,True,0.8925381750269409,0.8925381750269409,0.8925381750269409,0.8925381750269409,0.8925381750269409,42.0,97.87490910707872,-0.8925381750269409,-0.8925381750269409,-0.8933562824624575,0.001043025337583603,0.00022491790206702333,142.12578203294285,7.420053457789927e-05,129256.55334730494,124,1,1.0,1.0,200.0,200.0,0.1021580696105957,1.1937728699995205,5.621055419993354,421.27088315898436
bip42p.txt,200,all,124,serious,OPTIMAL,OPTIMAL,OPTIMAL,OPTIMAL,True,0.8928719789148182,0.8928719789148182,0.8928719789148182,0.8928719789148182,0.8928719789148182,42.0,97.8741143359171,-0.8928719789148182,-0.8928719789148182,-0.8938670782590379,0.0013289032320970007,0.0003338038878772931,199.49953713486843,6.170872718994066e-05,90479.58734311345,125,2,2.0,2.0,198.0,200.0,0.09282398223876953,1.1305510890088044,5.230089596007019,426.50098618198535
bip42p.txt,200,all,125,null,OPTIMAL,OPTIMAL,OPTIMAL,OPTIMAL,True,0.8928719789148182,0.8929560771773584,0.8929560771773584,0.8929560771773584,0.8929560771773584,42.0,97.87391410195866,-0.8928719789148182,-0.8929560771773584,-0.8945372760099839,0.0016652970951657187,8.40982625401887e-05,200.50837118581205,8.643208283609455e-05,180959.1746862269,126,2,2.0,2.0,200.0,200.0,0.11379408836364746,1.2300816090137232,5.314640589989722,431.81568226599484
bip42p.txt,200,all,126,serious,OPTIMAL,OPTIMAL,OPTIMAL,OPTIMAL,True,0.8930999857787972,0.8930999857787972,0.8930999857787972,0.8930999857787972,0.8930999857787972,42.0,97.87357146243143,-0.8930999857787972,-0.8930999857787972,-0.8941974846274724,0.001325505712654218,0.00022800686397905778,14.400251173761374,4.343347432254276e-05,126671.42228035882,127,0,2.0,2.0,200.0,200.0,0.10239911079406738,1.3264144090062473,5.744423247990198,437.5601236249786
bip42p.txt,200,all,127,serious,OPTIMAL,OPTIMAL,OPTIMAL,OPTIMAL,True,0.8934685678181433,0.8934685678181433,0.8934685678181433,0.8934685678181433,0.8934685678181433,42.0,97.87269388614727,-0.8934685678181433,-0.8934685678181433,-0.8944195811177437,0.0013195953389464332,0.00036858203934608813,200.4985091124422,9.37537407124039e-05,88669.99559625117,128,2,1.0,1.0,200.0,200.0,0.126356840133667,1.2752920519851614,5.6866419299913105,443.2467825609783
bip42p.txt,200,all,128,serious,OPTIMAL,OPTIMAL,OPTIMAL,OPTIMAL,True,0.8937235955753897,0.8937235955753897,0.8937235955753897,0.8937235955753897,0.8937235955753897,42.0,97.87208667720147,-0.8937235955753897,-0.8937235955753897,-0.8950322147658204,0.0015636469476770776,0.0002550277572463955,142.12336696444973,8.308221257501276e-05,62068.996917375815,129,1,1.0,1.0,200.0,200.0,0.12424111366271973,1.1852056159987114,5.4747903469833545,448.7215885759797
bip42p.txt,200,all,129,null,OPTIMAL,OPTIMAL,OPTIMAL,OPTIMAL,True,0.8937235955753897,0.8936704597866535,0.8936704597866535,0.8936704597866535,0.8937235955753897,42.0,97.87208667720147,-0.8937235955753897,-0.8936704597866535,-0.8958303030593215,0.0021067074839318245,-5.313578873622493e-05,200.50300282220553,0.00011212126004720377,124137.99383475163,130,2,2.0,2.0,200.0,200.0,0.10144519805908203,1.169459383992944,5.840316743997391,454.56192157699843
bip42p.txt,200,all,130,serious,OPTIMAL,OPTIMAL,OPTIMAL,OPTIMAL,True,0.8939141334119143,0.8939141334119143,0.8939141334119143,0.8939141334119143,0.8939141334119143,42.0,97.87163301568593,-0.8939141334119143,-0.8939141334119143,-0.8954491189182066,0.001725523342816837,0.00019053783652456247,14.071345634033642,5.9450643490292906e-05,86896.59568432614,131,0,1.0,1.0,200.0,200.0,0.09568405151367188,1.2860014459874947,5.716775991983013,460.27871400897857
bip42p.txt,200,all,131,null,OPTIMAL,OPTIMAL,OPTIMAL,OPTIMAL,True,0.8939141334119143,0.8933879979998862,0.8933879979998862,0.8933879979998862,0.8939141334119143,42.0,97.87163301568593,-0.8939141334119143,-0.8933879979998862,-0.8957049316492168,0.0017907982373025488,-0.0005261354120280615,142.13575493335912,0.00012998847687596235,173793.19136865227,132,1,2.0,2.0,200.0,200.0,0.10645103454589844,1.1111875489878003,5.624898878013482,465.9037119989807
bip42p.txt,200,all,132,null,OPTIMAL,OPTIMAL,OPTIMAL,OPTIMAL,True,0.8939141334119143,0.8934914795154814,0.8934914795154814,0.8934914795154814,0.8939141334119143,42.0,97.87163301568593,-0.8939141334119143,-0.8934914795154814,-0.8950119745831323,0.001097841171218028,-0.00042265389643292295,200.49445931136708,7.853113433543603e-05,347586.38273730455,133,2,2.0,2.0,200.0,200.0,0.10150408744812012,1.1315964329987764,5.667130937014008,471.5708585619868
bip42p.txt,200,all,133,serious,OPTIMAL,OPTIMAL,OPTIMAL,OPTIMAL,True,0.8942120124467333,0.8942120124467333,0.8942120124467333,0.8942120124467333,0.8942120124467333,42.0,97.87092377988873,-0.8942120124467333,-0.8942120124467333,-0.8944676207035905,0.0005534872916762579,0.00029787903481903744,13.931595811600022,3.971482578975588e-05,243310.46791611318,134,0,1.3556537535620747,1.3556537535620747,200.0,200.0,0.11400818824768066,1.1630588569969404,5.711600573005853,477.28247305899276
bip42p.txt,200,all,134,serious,OPTIMAL,OPTIMAL,OPTIMAL,OPTIMAL,True,0.8945150472229098,0.8945150472229098,0.8945150472229098,0.8945150472229098,0.8945150472229098,42.0,97.87020226851688,-0.8945150472229098,-0.8945150472229098,-0.8948519158990833,0.000639903452349988,0.00030303477617643626,14.106959327536519,4.8418582909011e-05,170317.32754127923,135,0,1.0,1.0,200.0,200.0,0.13492918014526367,1.1679107180098072,5.641212043003179,482.9236980289861
bip42p.txt,200,all,135,null,OPTIMAL,OPTIMAL,OPTIMAL,OPTIMAL,True,0.8945150472229098,0.8940855918468607,0.8940855918468607,0.8940855918468607,0.8945150472229098,42.0,97.87020226851688,-0.8945150472229098,-0.8940855918468607,-0.8952939797406231,0.0007789325177133266,-0.0004294553760491038,245.3548716049075,6.108884855076609e-05,340634.65508255846,136,3,1.0,1.0,200.0,200.0,0.10471606254577637,1.2079748239775654,5.774985427997308,488.69869847098016
bip42p.txt,200,all,136,serious,OPTIMAL,OPTIMAL,OPTIMAL,OPTIMAL,True,0.8946336894759586,0.8946336894759586,0.8946336894759586,0.8946336894759586,0.8946336894759586,42.0,97.869919786962,-0.8946336894759586,-0.8946336894759586,-0.8950112389121215,0.0004961916892117779,0.00011864225304880627,200.49382905140246,3.568917095829146e-05,238444.2585577909,137,2,1.0,1.0,200.0,200.0,0.13799810409545898,1.223318862990709,5.707808935025241,494.40652429297916
bip42p.txt,200,all,137,serious,OPTIMAL,OPTIMAL,OPTIMAL,OPTIMAL,True,0.8948405202386027,0.8948405202386027,0.8948405202386027,0.8948405202386027,0.8948405202386027,42.0,97.86942733276523,-0.8948405202386027,-0.8948405202386027,-0.8954026763933534,0.0007689869173947983,0.00020683076264416123,14.096330199100164,4.053571033982722e-05,166910.98099045362,138,0,1.0,1.0,200.0,200.0,0.14727306365966797,1.1863770189811476,5.928862250992097,500.33540195800015
bip42p.txt,200,all,138,null,OPTIMAL,OPTIMAL,OPTIMAL,OPTIMAL,True,0.8948405202386027,0.8948765450222409,0.8948765450222409,0.8948765450222409,0.8948765450222409,42.0,97.86934155947085,-0.8948405202386027,-0.8948765450222409,-0.8956531518016426,0.0008126315630399006,3.602478363817774e-05,200.497031047809,6.119416348735817e-05,333821.96198090725,139,2,1.0,1.0,200.0,200.0,0.11795783042907715,1.221721568988869,6.025522898009513,506.3609393829829
bip42p.txt,200,all,139,serious,OPTIMAL,OPTIMAL,OPTIMAL,OPTIMAL,True,0.8949709483542609,0.8949709483542609,0.8949709483542609,0.8949709483542609,0.8949709483542609,42.0,97.8691167896327,-0.8949709483542609,-0.8949709483542609,-0.8954065548862609,0.0005660346476581424,0.000130428115658221,199.4993263273994,4.077344750655794e-05,233675.37338663507,140,2,1.0,1.0,198.0,200.0,0.12576794624328613,1.3466276609979104,6.333191740006441,512.6941473170009
bip42p.txt,200,all,140,serious,OPTIMAL,OPTIMAL,OPTIMAL,OPTIMAL,True,0.8950552055717814,0.8950552055717814,0.8950552055717814,0.8950552055717814,0.8950552055717814,42.0,97.86891617721005,-0.8950552055717814,-0.8950552055717814,-0.8957395850184137,0.000768636664152722,8.42572175204781e-05,244.5375759000503,3.590420794358419e-05,163572.76137064453,141,3,1.0,1.0,198.0,200.0,0.14697694778442383,1.3523753740009852,6.120271740015596,518.8144338419952
bip42p.txt,200,all,141,serious,OPTIMAL,OPTIMAL,OPTIMAL,OPTIMAL,True,0.8952245924089047,0.8952245924089047,0.8952245924089047,0.8952245924089047,0.8952245924089047,42.0,97.8685128752169,-0.8952245924089047,-0.8952245924089047,-0.8960432278430328,0.0009880222712513875,0.0001693868371233087,142.12811435143504,4.1873308915176036e-05,114500.93295945117,142,1,2.0,2.0,200.0,200.0,0.14725399017333984,1.1231514949759003,6.2534468069789,525.0679636019922
bip42p.txt,200,all,142,serious,OPTIMAL,OPTIMAL,OPTIMAL,OPTIMAL,True,0.8954897546544445,0.8954897546544445,0.8954897546544445,0.8954897546544445,0.8954897546544445,42.0,97.86788153653704,-0.8954897546544445,-0.8954897546544445,-0.8963927735418978,0.0011681811329931069,0.00026516224553974066,14.241788189946448,5.557020593545913e-05,80150.65307161582,143,0,2.0,2.0,200.0,200.0,0.1456899642944336,1.2187648419931065,5.92654458101606,530.9945224529947
bip42p.txt,200,all,143,null,OPTIMAL,OPTIMAL,OPTIMAL,OPTIMAL,True,0.8954897546544445,0.8949018087859123,0.8949018087859123,0.8949018087859123,0.8954897546544445,42.0,97.86788153653704,-0.8954897546544445,-0.8949018087859123,-0.8967840289057961,0.0012942742513516459,-0.0005879458685321692,245.3624412990671,0.00010130384006771595,160301.30614323163,144,3,2.0,2.0,200.0,200.0,0.12397980690002441,1.077450674987631,5.910975356993731,536.9055124949955
bip42p.txt,200,all,144,serious,OPTIMAL,OPTIMAL,OPTIMAL,OPTIMAL,True,0.895727402367697,0.895727402367697,0.895727402367697,0.895727402367697,0.895727402367697,42.0,97.86731570864833,-0.895727402367697,-0.895727402367697,-0.8965189297460765,0.0010291750916320286,0.0002376477132525201,245.33026892822136,7.393739747183948e-05,112210.91430026214,145,3,1.4778612040844836,1.4778612040844836,200.0,200.0,0.1691570281982422,1.16371949101449,6.811619913991308,543.7171491879853
bip42p.txt,200,all,145,serious,OPTIMAL,OPTIMAL,OPTIMAL,OPTIMAL,True,0.895992715596446,0.895992715596446,0.895992715596446,0.895992715596446,0.895992715596446,42.0,97.86668401048465,-0.895992715596446,-0.895992715596446,-0.896878126433828,0.001150724066131037,0.000265313228749009,14.52362719290855,5.561780334658309e-05,78547.64001018349,146,0,2.0,2.0,200.0,200.0,0.15519094467163086,1.092482526000822,6.84118103000219,550.5583455199958
bip42p.txt,200,all,146,null,OPTIMAL,OPTIMAL,OPTIMAL,OPTIMAL,True,0.895992715596446,0.8958393462206475,0.8958393462206475,0.8958393462206475,0.895992715596446,42.0,97.86668401048465,-0.895992715596446,-0.8958393462206475,-0.8972632864139095,0.0012705708174635122,-0.00015336937579846222,245.3554736615844,9.892953032684806e-05,157095.28002036698,147,3,1.0,1.0,200.0,200.0,0.2845931053161621,1.1208132129977457,6.429000884993002,556.9873675919953
bip42p.txt,200,all,147,null,OPTIMAL,OPTIMAL,OPTIMAL,OPTIMAL,True,0.895992715596446,0.8960922640110833,0.8960922640110833,0.8960922640110833,0.8960922640110833,42.0,97.86644699044982,-0.895992715596446,-0.8960922640110833,-0.8970188422126031,0.0010261266161570859,9.954841463732933e-05,200.49566164113944,7.236845222475695e-05,314190.56004073395,148,2,1.8180972657496821,1.8180972657496821,200.0,200.0,0.20856595039367676,1.2586728589958511,6.559073783020722,563.5464564659924
bip42p.txt,200,all,148,null,OPTIMAL,OPTIMAL,OPTIMAL,OPTIMAL,True,0.895992715596446,0.8960043801468036,0.8960043801468036,0.8960043801468036,0.8960922640110833,42.0,97.86644699044982,-0.895992715596446,-0.8960043801468036,-0.8966379010294847,0.0006451854330387086,1.1664550357615155e-05,200.483139305558,4.50133983624196e-05,628381.1200814679,149,2,1.5735715268615234,1.5735715268615234,200.0,200.0,0.1757199764251709,1.237846319010714,6.28115067598992,569.8276228070026
bip42p.txt,200,all,149,serious,OPTIMAL,OPTIMAL,OPTIMAL,OPTIMAL,True,0.8961692216382082,0.8961692216382082,0.8961692216382082,0.8961692216382082,0.8961692216382082,42.0,97.86626375800427,-0.8961692216382082,-0.8961692216382082,-0.8963172628632423,0.0003245472667963156,0.0001765060417622255,14.21343521962263,2.253526439191296e-05,439866.7840570275,150,0,2.0,2.0,200.0,200.0,0.21577191352844238,1.263314810988959,6.613724885013653,576.4413617079845
bip42p.txt,200,all,150,null,OPTIMAL,OPTIMAL,OPTIMAL,OPTIMAL,True,0.8961692216382082,0.8959557938272616,0.8959557938272616,0.8959557938272616,0.8961692216382082,42.0,97.86626375800427,-0.8961692216382082,-0.8959557938272616,-0.8965565478972873,0.00038732625907911267,-0.00021342781094657592,245.34089911105062,2.819518752270404e-05,879733.568114055,151,3,1.0,1.0,200.0,200.0,0.13463497161865234,1.099119699007133,6.161414668982616,582.6027913180005
bip42p.txt,200,all,151,serious,OPTIMAL,OPTIMAL,OPTIMAL,OPTIMAL,True,0.8962272287257802,0.8962272287257802,0.8962272287257802,0.8962272287257802,0.8962272287257802,42.0,97.86612564589102,-0.8962272287257802,-0.8962272287257802,-0.8963921416680272,0.00022292002981894044,5.800708757197626e-05,142.10316665142923,1.5804529407248088e-05,615813.4976798384,152,1,1.0,1.0,200.0,200.0,0.20099115371704102,1.1855530829925556,6.38711132100434,588.9899723689887
bip42p.txt,200,all,152,serious,OPTIMAL,OPTIMAL,OPTIMAL,OPTIMAL,True,0.8963466304725829,0.8963466304725829,0.8963466304725829,0.8963466304725829,0.8963466304725829,42.0,97.86584135601764,-0.8963466304725829,-0.8963466304725829,-0.8966178386668667,0.00039060994108652825,0.00011940174680269422,13.981371030045601,1.898815353285862e-05,431069.4483758869,153,0,1.0,1.0,200.0,200.0,0.19642400741577148,1.1224314619903453,6.50911152898334,595.4990984860051
bip42p.txt,200,all,153,null,OPTIMAL,OPTIMAL,OPTIMAL,OPTIMAL,True,0.8963466304725829,0.896351281611308,0.896351281611308,0.896351281611308,0.896351281611308,42.0,97.86583028187785,-0.8963466304725829,-0.896351281611308,-0.8967290354016685,0.0003824049290855891,4.651138725053627e-06,282.3505796726789,2.7868908832174822e-05,862138.8967517738,154,4,1.0,1.0,197.6388431772341,200.0,0.1863870620727539,1.227347471023677,6.515680662007071,602.0147944609926
bip42p.txt,200,all,154,serious,OPTIMAL,OPTIMAL,OPTIMAL,OPTIMAL,True,0.8964499398827038,0.8964499398827038,0.8964499398827038,0.8964499398827038,0.8964499398827038,42.0,97.86559538123166,-0.8964499398827038,-0.8964499398827038,-0.8965719828285631,0.00022535235598020176,0.00010330941012093309,140.6779688353146,1.6127231713557382e-05,603497.2277262416,155,1,1.0,1.0,198.0,200.0,0.33057093620300293,1.4863607290026266,6.814722783019533,608.8295319110039
bip42p.txt,200,all,155,null,OPTIMAL,OPTIMAL,OPTIMAL,OPTIMAL,True,0.8964499398827038,0.8964790130648973,0.8964790130648973,0.8964790130648973,0.8964790130648973,42.0,97.86552615936928,-0.8964499398827038,-0.8964790130648973,-0.8967724800315156,0.000322540148811723,2.90731821934731e-05,140.70435165731672,1.6846436411073286e-05,1000000.0,156,1,1.0,1.0,198.0,200.0,0.18291497230529785,1.2034966950013768,6.574741499003721,615.4042868599936
bip42p.txt,200,all,156,serious,OPTIMAL,OPTIMAL,OPTIMAL,OPTIMAL,True,0.8965020613483305,0.8965020613483305,0.8965020613483305,0.8965020613483305,0.8965020613483305,42.0,97.86547128250398,-0.8965020613483305,-0.8965020613483305,-0.8967092710345073,0.00025933115180343247,5.212146562671993e-05,14.038334136700502,1.1040430054147839e-05,700000.0,157,0,1.0,1.0,200.0,200.0,0.15305113792419434,1.3011968900100328,6.514310636004666,621.918613818998
bip42p.txt,200,all,157,null,OPTIMAL,OPTIMAL,OPTIMAL,OPTIMAL,True,0.8965020613483305,0.896456049105297,0.896456049105297,0.896456049105297,0.8965020613483305,42.0,97.86547128250398,-0.8965020613483305,-0.896456049105297,-0.896760309956229,0.00025824860789847026,-4.601224303357743e-05,200.49371115423628,1.847246322567745e-05,1000000.0,158,2,1.0,1.0,200.0,200.0,0.1438589096069336,1.1475315460120328,6.721194220008329,628.6398228519829
bip42p.txt,200,all,158,serious,OPTIMAL,OPTIMAL,OPTIMAL,OPTIMAL,True,0.8965829044465193,0.8965829044465193,0.8965829044465193,0.8965829044465193,0.8965829044465193,42.0,97.86527879893687,-0.8965829044465193,-0.8965829044465193,-0.8966952549216889,0.0001931935733583412,8.084309818878754e-05,14.053414407429013,1.3792672152834669e-05,700000.0,159,0,1.0,1.0,200.0,200.0,0.2056138515472412,1.311028640018776,7.076423966995208,635.7162639540038
bip42p.txt,200,all,159,serious,OPTIMAL,OPTIMAL,OPTIMAL,OPTIMAL,True,0.8966361922761066,0.8966361922761066,0.8966361922761066,0.8966361922761066,0.8966361922761066,42.0,97.86515192315213,-0.8966361922761066,-0.8966361922761066,-0.8967956446143287,0.00021274016780936655,5.3287829587245206e-05,142.0930743829521,1.5962549420429092e-05,489999.99999999994,160,1,1.0,1.0,200.0,200.0,0.22432994842529297,1.1384610629756935,6.59840025100857,642.3146786769794
bip42p.txt,200,all,160,null,OPTIMAL,OPTIMAL,OPTIMAL,OPTIMAL,True,0.8966361922761066,0.8966603065906061,0.8966603065906061,0.8966603065906061,0.8966603065906061,42.0,97.86509450811761,-0.8966361922761066,-0.8966603065906061,-0.8969380456786403,0.00030185340253374715,2.4114314499557032e-05,200.49186469425058,1.699353448451951e-05,979999.9999999999,161,2,1.0,1.0,200.0,200.0,0.26866817474365234,1.0798523490084335,6.659621791011887,648.9743144130043
bip42p.txt,200,all,161,serious,OPTIMAL,OPTIMAL,OPTIMAL,OPTIMAL,True,0.8966989574720575,0.8966989574720575,0.8966989574720575,0.8966989574720575,0.8966989574720575,42.0,97.86500248220939,-0.8966989574720575,-0.8966989574720575,-0.8968657752103225,0.0002295829342159328,6.276519595094232e-05,13.875649490178413,8.615932304268054e-06,685999.9999999999,162,0,1.0,1.0,200.0,200.0,0.23995304107666016,1.202379097987432,6.796098053979222,655.7704934229841
bip42p.txt,200,all,162,null,OPTIMAL,OPTIMAL,OPTIMAL,OPTIMAL,True,0.8966989574720575,0.8966899290639341,0.8966899290639341,0.8966899290639341,0.8966989574720575,42.0,97.86500248220939,-0.8966989574720575,-0.8966899290639341,-0.8969206953225116,0.00022173785045409566,-9.028408123445963e-06,200.463608714819,1.638636693030983e-05,1000000.0,163,2,1.0,1.0,200.0,200.0,0.2654869556427002,1.2419050250027794,6.677434582990827,662.4479451699881
bip42p.txt,200,all,163,serious,OPTIMAL,OPTIMAL,OPTIMAL,OPTIMAL,True,0.8967618918919119,0.8967618918919119,0.8967618918919119,0.8967618918919119,0.8967618918919119,42.0,97.86485263835259,-0.8967618918919119,-0.8967618918919119,-0.8968799470168549,0.00018098954479739415,6.293441985438797e-05,198.4749078689111,1.3212608809875287e-05,700000.0,164,2,1.0,1.0,196.0,200.0,0.20923709869384766,1.214468397985911,6.93374725501053,669.3817091450037
bip42p.txt,200,all,164,serious,OPTIMAL,OPTIMAL,OPTIMAL,OPTIMAL,True,0.8968105615104451,0.8968105615104451,0.8968105615104451,0.8968105615104451,0.8968105615104451,42.0,97.86473675830848,-0.8968105615104451,-0.8968105615104451,-0.8969777091379992,0.00021581724608732422,4.866961853322582e-05,13.947072152940118,1.1234418479671657e-05,489999.99999999994,165,0,1.0,1.0,200.0,200.0,0.22286701202392578,1.2274881929915864,7.224016185005894,676.6057411840011
bip42p.txt,200,all,165,serious,OPTIMAL,OPTIMAL,OPTIMAL,OPTIMAL,True,0.8969170061888853,0.8969170061888853,0.8969170061888853,0.8969170061888853,0.8969170061888853,42.0,97.86448331859789,-0.8969170061888853,-0.8969170061888853,-0.8970579576186104,0.00024739610816526536,0.00010644467844012073,14.061808412663728,1.907037936116761e-05,342999.99999999994,166,0,1.0,1.0,200.0,200.0,0.1658470630645752,1.2081077699840534,7.165681623999262,683.771438064985
bip42p.txt,200,all,166,null,OPTIMAL,OPTIMAL,OPTIMAL,OPTIMAL,True,0.8969170061888853,0.8969282058329044,0.8969282058329044,0.8969282058329044,0.8969282058329044,42.0,97.86445665277878,-0.8969170061888853,-0.8969282058329044,-0.8971852877750357,0.00026828158615044284,1.1199644019188604e-05,243.71969152513523,2.3075969049788836e-05,685999.9999999999,167,3,1.0,1.0,196.0,200.0,0.19306111335754395,1.249644591996912,6.921426627988694,690.6928790749807
bip42p.txt,200,all,167,serious,OPTIMAL,OPTIMAL,OPTIMAL,OPTIMAL,True,0.8969804978279523,0.8969804978279523,0.8969804978279523,0.8969804978279523,0.8969804978279523,42.0,97.86433214802868,-0.8969804978279523,-0.8969804978279523,-0.8971095225750074,0.0001925163861221657,6.349163906704813e-05,13.753287762604758,1.4486826009235386e-05,480199.9999999999,168,0,1.0,1.0,200.0,200.0,0.20094704627990723,1.2249277800146956,7.390873382013524,698.0837690649787
bip42p.txt,200,all,168,serious,OPTIMAL,OPTIMAL,OPTIMAL,OPTIMAL,True,0.8970410411385141,0.8970410411385141,0.8970410411385141,0.8970410411385141,0.8970410411385141,42.0,97.86418799728924,-0.8970410411385141,-0.8970410411385141,-0.8971882597291363,0.0002077619011839893,6.0543310561822494e-05,142.1096259554616,1.7097762504644917e-05,336139.9999999999,169,1,1.0,1.0,200.0,200.0,0.20920085906982422,1.3035105669987388,7.184525853983359,705.2683109309874
bip42p.txt,200,all,169,serious,OPTIMAL,OPTIMAL,OPTIMAL,OPTIMAL,True,0.8971152494027309,0.8971152494027309,0.8971152494027309,0.8971152494027309,0.8971152494027309,42.0,97.86401131094587,-0.8971152494027309,-0.8971152494027309,-0.8973228653712193,0.00028182423270517454,7.420826421677962e-05,200.47477774458088,1.9995331535422404e-05,235297.9999999999,170,2,1.0,1.0,200.0,200.0,0.2363119125366211,1.2004441379976925,7.109477428981336,712.3778037159937
bip42p.txt,200,all,170,serious,OPTIMAL,OPTIMAL,OPTIMAL,OPTIMAL,True,0.8971854266628854,0.8971854266628854,0.8971854266628854,0.8971854266628854,0.8971854266628854,42.0,97.86384422223121,-0.8971854266628854,-0.8971854266628854,-0.8974968875201441,0.00038163811741320774,7.017726015445813e-05,244.5266226880019,2.7012206450022884e-05,164708.59999999992,171,3,1.0,1.0,198.0,200.0,0.23160696029663086,1.203113844996551,7.518927605007775,719.8967443909787
bip42p.txt,200,all,171,serious,OPTIMAL,OPTIMAL,OPTIMAL,OPTIMAL,True,0.8973764469177496,0.8973764469177496,0.8973764469177496,0.8973764469177496,0.8973764469177496,42.0,97.86338941210059,-0.8973764469177496,-0.8973764469177496,-0.897718326858365,0.0005329001954795798,0.00019102025486428253,13.919612814703939,3.640687308703094e-05,115296.01999999993,172,0,1.0,1.0,200.0,200.0,0.22386884689331055,1.1317101439926773,7.056934652006021,726.9537425919843
bip42p.txt,200,all,172,serious,OPTIMAL,OPTIMAL,OPTIMAL,OPTIMAL,True,0.8976279945585212,0.8976279945585212,0.8976279945585212,0.8976279945585212,0.8976279945585212,42.0,97.86279048914639,-0.8976279945585212,-0.8976279945585212,-0.8979916350648517,0.0006151881471020415,0.00025154764077151004,244.54458364593296,5.7118833370502785e-05,80707.21399999995,173,3,2.0,2.0,198.0,200.0,0.18654084205627441,1.1860434660047758,7.011406884004828,733.9651638889918
bip42p.txt,200,all,173,serious,OPTIMAL,OPTIMAL,OPTIMAL,OPTIMAL,True,0.8977217404061073,0.8977217404061073,0.8977217404061073,0.8977217404061073,0.8977217404061073,42.0,97.86256728474737,-0.8977217404061073,-0.8977217404061073,-0.8984053867073727,0.0007773921488515301,9.374584758614635e-05,346.72477821070845,7.154739925513388e-05,56495.049799999964,174,6,2.0,2.0,200.0,200.0,0.2090749740600586,1.3055428930092603,7.487627730995882,741.4528046649939
bip42p.txt,200,all,174,serious,OPTIMAL,OPTIMAL,OPTIMAL,OPTIMAL,True,0.8981957463892882,0.8981957463892882,0.8981957463892882,0.8981957463892882,0.8981957463892882,42.0,97.86143869907312,-0.8981957463892882,-0.8981957463892882,-0.8989920735994559,0.0012703331933485718,0.00047400598318092513,245.37410007064736,0.00010198183189013806,39546.53485999997,175,3,2.0,2.0,200.0,200.0,0.19943499565124512,1.3492403299896978,7.407529338001041,748.860350767005
bip42p.txt,200,all,175,serious,OPTIMAL,OPTIMAL,OPTIMAL,OPTIMAL,True,0.8985428706255685,0.8985428706255685,0.8985428706255685,0.8985428706255685,0.8985428706255685,42.0,97.86061221279627,-0.8985428706255685,-0.8985428706255685,-0.8998136722061016,0.0016179258168134147,0.0003471242362802496,282.52244894753744,0.00014373423274133788,27682.574401999977,176,4,2.0,2.0,198.0,200.0,0.2511270046234131,1.2867691660067067,7.81371665498591,756.6740831079951
bip42p.txt,200,all,176,null,OPTIMAL,OPTIMAL,OPTIMAL,OPTIMAL,True,0.8985428706255685,0.8972390027639459,0.8972390027639459,0.8972390027639459,0.8985428706255685,42.0,97.86061221279627,-0.8985428706255685,-0.8972390027639459,-0.9009359880919209,0.0023931174663524013,-0.0013038678616226207,346.72730960536796,0.00020108325016694227,55365.14880399995,177,6,2.0,2.0,200.0,200.0,0.23734498023986816,1.2874611750012264,7.897037546994397,764.5711369999917
bip42p.txt,200,all,177,serious,OPTIMAL,OPTIMAL,OPTIMAL,OPTIMAL,True,0.8988728485734717,0.8988728485734717,0.8988728485734717,0.8988728485734717,0.8988728485734717,42.0,97.85982655101556,-0.8988728485734717,-0.8988728485734717,-0.9003759993027067,0.0018331286771382516,0.0003299779479032372,142.19969136436887,0.00010079123421190122,38755.604162799966,178,1,2.0,2.0,200.0,200.0,0.24913883209228516,1.0799402550037485,7.94189417900634,772.5130465900002
bip42p.txt,200,all,178,serious,OPTIMAL,OPTIMAL,OPTIMAL,OPTIMAL,True,0.8991842867239315,0.8991842867239315,0.8991842867239315,0.8991842867239315,0.8991842867239315,42.0,97.8590850316097,-0.8991842867239315,-0.8991842867239315,-0.901166738528403,0.002293889954931294,0.000311438150459753,245.38707253049586,0.00014341225727370737,27128.922913959974,179,3,2.0,2.0,200.0,200.0,0.24103403091430664,1.2252832549856976,7.887302266986808,780.4003617669805
bip42p.txt,200,all,179,null,OPTIMAL,OPTIMAL,OPTIMAL,OPTIMAL,True,0.8991842867239315,0.8986828634454419,0.8986828634454419,0.8986828634454419,0.8991842867239315,42.0,97.8590850316097,-0.8991842867239315,-0.8986828634454419,-0.902279264942532,0.003094978218600497,-0.0005014232784895656,346.7370532002163,0.00020276954200339905,54257.84582791995,180,6,2.0,2.0,200.0,200.0,0.17905282974243164,1.272809710004367,7.5655630830151495,787.9659380709927
bip42p.txt,200,all,180,serious,OPTIMAL,OPTIMAL,OPTIMAL,OPTIMAL,True,0.8998987124740985,0.8998987124740985,0.8998987124740985,0.8998987124740985,0.8998987124740985,42.0,97.85738401791882,-0.8998987124740985,-0.8998987124740985,-0.9017207644945583,0.0025364777706268216,0.0007144257501670026,142.21741222229218,0.00010162619988018617,37980.49207954396,181,1,2.0,2.0,200.0,200.0,0.1982560157775879,1.250657627999317,7.194795858988073,795.1607484339911
bip42p.txt,200,all,181,serious,OPTIMAL,OPTIMAL,OPTIMAL,OPTIMAL,True,0.9004338912004208,0.9004338912004208,0.9004338912004208,0.9004338912004208,0.9004338912004208,42.0,97.85610978285615,-0.9004338912004208,-0.9004338912004208,-0.9025081515154803,0.002609439041381778,0.0005351787263223606,15.07666421297691,0.00014493302629437665,26586.34445568077,182,0,2.0,2.0,200.0,200.0,0.25485706329345703,1.1955473159905523,7.372352979000425,802.5331607319822
bip42p.txt,200,all,182,null,OPTIMAL,OPTIMAL,OPTIMAL,OPTIMAL,True,0.9004338912004208,0.9000704896006506,0.9000704896006506,0.9000704896006506,0.9004338912004208,42.0,97.85610978285615,-0.9004338912004208,-0.9000704896006506,-0.9034778536095505,0.0030439624091296302,-0.0003634015997702189,374.45682888073975,0.0002485468708241546,53172.68891136154,183,7,2.0,2.0,200.0,200.0,0.34283995628356934,1.1705196279799566,7.64324734499678,810.1764229229884
bip42p.txt,200,all,183,serious,OPTIMAL,OPTIMAL,OPTIMAL,OPTIMAL,True,0.9012577148232759,0.9012577148232759,0.9012577148232759,0.9012577148232759,0.9012577148232759,42.0,97.85414829803982,-0.9012577148232759,-0.9012577148232759,-0.9029115642507081,0.0024776730502872324,0.0008238236228550466,199.527220377473,0.00017307223256898385,37220.882237953076,184,2,2.0,2.0,198.0,200.0,0.1979069709777832,1.2547152600018308,7.806970387988258,817.9834090479999
bip42p.txt,200,all,184,null,OPTIMAL,OPTIMAL,OPTIMAL,OPTIMAL,True,0.9012577148232759,0.9009964453363947,0.9009964453363947,0.9009964453363947,0.9012577148232759,42.0,97.85414829803982,-0.9012577148232759,-0.9009964453363947,-0.9037110621624573,0.0024533473391814553,-0.00026126948688121043,316.5871884744767,0.0001467720386643963,74441.76447590615,185,5,3.0,3.0,200.0,200.0,0.2070930004119873,1.262453618022846,7.922397197980899,825.9058209639916
bip42p.txt,200,all,185,serious,OPTIMAL,OPTIMAL,OPTIMAL,OPTIMAL,True,0.9016300651062744,0.9016300651062744,0.9016300651062744,0.9016300651062744,0.9016300651062744,42.0,97.85326174974696,-0.9016300651062744,-0.9016300651062744,-0.9033087326206667,0.0020510177973908084,0.0003723502829985348,14.594439514451327,7.394082192890123e-05,52109.2351331343,186,0,2.0,2.0,200.0,200.0,0.2480940818786621,1.2244233259989414,7.747829708998324,833.6536684599996
bip42p.txt,200,all,186,null,OPTIMAL,OPTIMAL,OPTIMAL,OPTIMAL,True,0.9016300651062744,0.9012764029896254,0.9012764029896254,0.9012764029896254,0.9016300651062744,42.0,97.85326174974696,-0.9016300651062744,-0.9012764029896254,-0.9037649647575234,0.0021348996512490226,-0.0003536621166490006,346.7065675508205,0.00015785742133893002,104218.4702662686,187,6,2.0,2.0,200.0,200.0,0.2219700813293457,1.186708771972917,7.598181981011294,841.2518684429815
bip42p.txt,200,all,187,serious,OPTIMAL,OPTIMAL,OPTIMAL,OPTIMAL,True,0.9018377611000546,0.9018377611000546,0.9018377611000546,0.9018377611000546,0.9018377611000546,42.0,97.85276723547607,-0.9018377611000546,-0.9018377611000546,-0.903450993822445,0.0018209287161705667,0.0002076959937802325,244.55878656524297,0.00012691466075063476,72952.92918638802,188,3,2.0,2.0,198.0,200.0,0.28565311431884766,1.2029241299896967,7.700651064980775,848.9525352359924
bip42p.txt,200,all,188,serious,OPTIMAL,OPTIMAL,OPTIMAL,OPTIMAL,True,0.9023632801872341,0.9023632801872341,0.9023632801872341,0.9023632801872341,0.9023632801872341,42.0,97.85151599955422,-0.9023632801872341,-0.9023632801872341,-0.9038822189675577,0.002044457867503069,0.0005255190871794602,200.517810056322,7.619464626243053e-05,51067.05043047161,189,2,2.0,2.0,200.0,200.0,0.2249898910522461,1.171968337992439,7.731705262995092,856.6842578679789
bip42p.txt,200,all,189,null,OPTIMAL,OPTIMAL,OPTIMAL,OPTIMAL,True,0.9023632801872341,0.9025200838574348,0.9025200838574348,0.9025200838574348,0.9025200838574348,42.0,97.8511426574823,-0.9023632801872341,-0.9025200838574348,-0.9044566462698135,0.002093366082579373,0.0001568036702006559,245.36282833152717,0.00010611072984696536,102134.10086094322,190,3,2.0,2.0,200.0,200.0,0.3333759307861328,1.1622364159848075,8.026645224017557,864.7109186849848
bip42p.txt,200,all,190,serious,OPTIMAL,OPTIMAL,OPTIMAL,OPTIMAL,True,0.902750190564046,0.902750190564046,0.902750190564046,0.902750190564046,0.902750190564046,42.0,97.85059478437131,-0.902750190564046,-0.902750190564046,-0.9041686317189896,0.001805351531755539,0.0003869103768119331,14.076233414469863,5.3789856539291686e-05,71493.87060266024,191,0,2.0,2.0,200.0,200.0,0.20873308181762695,1.364884885988431,8.78509736599517,873.4960304889828
bip42p.txt,200,all,191,null,OPTIMAL,OPTIMAL,OPTIMAL,OPTIMAL,True,0.902750190564046,0.9026820723206953,0.9026820723206953,0.9026820723206953,0.902750190564046,42.0,97.85059478437131,-0.902750190564046,-0.9026820723206953,-0.9044940305899842,0.0017438400259381925,-6.811824335073435e-05,283.20496281232056,0.0001289927663114796,142987.7412053205,192,4,2.0,2.0,200.0,200.0,0.22492098808288574,1.3475827470247168,8.366842772986274,881.8629353589786
bip42p.txt,200,all,192,null,OPTIMAL,OPTIMAL,OPTIMAL,OPTIMAL,True,0.902750190564046,0.9025050653111105,0.9025050653111105,0.9025050653111105,0.902750190564046,42.0,97.85059478437131,-0.902750190564046,-0.9025050653111105,-0.9040808793451217,0.001330688781075673,-0.00024512525293551857,283.21568632864194,9.536673306692648e-05,285975.482410641,193,4,2.0,2.0,200.0,200.0,0.18644118309020996,1.2380133509868756,8.325996402010787,890.18894851199
bip42p.txt,200,all,193,null,OPTIMAL,OPTIMAL,OPTIMAL,OPTIMAL,True,0.902750190564046,0.9028080430577253,0.9028080430577253,0.9028080430577253,0.9028080430577253,42.0,97.85045704033875,-0.902750190564046,-0.9028080430577253,-0.9034263746579707,0.0006761840939246699,5.785249367928902e-05,142.1475519949974,4.826723680673845e-05,571950.964821282,194,1,2.0,2.0,200.0,200.0,0.20025300979614258,1.1874869629973546,8.001534315990284,898.1904969720053
bip42p.txt,200,all,194,serious,OPTIMAL,OPTIMAL,OPTIMAL,OPTIMAL,True,0.9029803607599207,0.9029803607599207,0.9029803607599207,0.9029803607599207,0.9029803607599207,42.0,97.85004676009542,-0.9029803607599207,-0.9029803607599207,-0.9030858091797243,0.0003356186156782126,0.00023017019587467935,14.14820219278317,2.4127797099611815e-05,400365.6753748974,195,0,2.0,2.0,200.0,200.0,0.22221684455871582,1.1716357840050478,8.292966633016476,906.4834766749991
bip42p.txt,200,all,195,null,OPTIMAL,OPTIMAL,OPTIMAL,OPTIMAL,True,0.9029803607599207,0.9026648251408554,0.9026648251408554,0.9026648251408554,0.9029803607599207,42.0,97.85004676009542,-0.9029803607599207,-0.9026648251408554,-0.9033908765186293,0.0004105157587085406,-0.00031553561906527694,283.20016294402393,3.074635167818157e-05,800731.3507497947,196,4,2.0,2.0,200.0,200.0,0.20331501960754395,1.237562574999174,8.197899265011074,914.6813886269811
bip42p.txt,200,all,196,serious,OPTIMAL,OPTIMAL,OPTIMAL,OPTIMAL,True,0.9030300415002055,0.9030300415002055,0.9030300415002055,0.9030300415002055,0.9030300415002055,42.0,97.84992847261856,-0.9030300415002055,-0.9030300415002055,-0.9032150822891902,0.0002347215292695104,4.9680740284774316e-05,142.09372857954682,1.6722669758638412e-05,560511.9455248563,197,1,1.6838278599852,1.6838278599852,200.0,200.0,0.19799113273620605,1.389294113003416,7.988714466016972,922.6701194149791
bip42p.txt,200,all,197,serious,OPTIMAL,OPTIMAL,OPTIMAL,OPTIMAL,True,0.90319348573147,0.90319348573147,0.90319348573147,0.90319348573147,0.90319348573147,42.0,97.84953931968697,-0.90319348573147,-0.90319348573147,-0.9034671168674049,0.000437075367199391,0.0001634442312644646,200.47625632576774,2.1211050019939394e-05,392358.3618673994,198,2,2.0,2.0,199.93729130240757,200.0,0.16018009185791016,1.187835032993462,8.221186826005578,930.8913218459929
bip42p.txt,200,all,198,null,OPTIMAL,OPTIMAL,OPTIMAL,OPTIMAL,True,0.90319348573147,0.9030745116216634,0.9030745116216634,0.9030745116216634,0.90319348573147,42.0,97.84953931968697,-0.90319348573147,-0.9030745116216634,-0.9038244280847287,0.0006309423532587788,-0.00011897410980654666,245.35167203154802,3.022784026758268e-05,784716.7237347988,199,3,1.220700156678471,1.220700156678471,200.0,200.0,0.22723698616027832,1.2520308249804657,8.018066693010041,938.9094018949836
bip42p.txt,200,all,199,serious,OPTIMAL,OPTIMAL,OPTIMAL,OPTIMAL,True,0.9033064181095151,0.9033064181095151,0.9033064181095151,0.9033064181095151,0.9033064181095151,42.0,97.84927043307259,-0.9033064181095151,-0.9033064181095151,-0.9036427189950563,0.0004492332635863683,0.00011293237804510525,13.998401866032614,1.5088523616716768e-05,549301.7066143592,200,0,1.3453921183774387,1.3453921183774387,200.0,200.0,0.25579404830932617,1.2212262230168562,8.107627252989914,947.0170446459961
bip42p.txt,200,all,200,serious,OPTIMAL,OPTIMAL,OPTIMAL,OPTIMAL,True,0.9033430266121573,0.9033430266121573,0.9033430266121573,0.9033430266121573,0.9033430266121573,42.0,97.84918326997106,-0.9033430266121573,-0.9033430266121573,-0.9036546360494194,0.00034821793990436056,3.660850264219917e-05,142.13595555135316,2.5009698870433652e-05,384511.1946300514,200,1,2.0,2.0,200.0,200.0,0.250093936920166,1.4365908300096635,8.280173883977113,955.2972333189973
bip42p.txt,200,all,201,serious,OPTIMAL,OPTIMAL,OPTIMAL,OPTIMAL,True,0.903588998002889,0.903588998002889,0.903588998002889,0.903588998002889,0.903588998002889,42.0,97.84859762380265,-0.903588998002889,-0.903588998002889,-0.9039483936492502,0.0006053670370929076,0.00024597139073179175,142.13628516249636,2.6382348827879416e-05,269157.83624103596,200,1,2.0,2.0,200.0,200.0,0.28351521492004395,1.1332360729866195,8.407155598019017,963.7044647579896
bip42p.txt,200,all,202,null,OPTIMAL,OPTIMAL,OPTIMAL,OPTIMAL,True,0.903588998002889,0.9035200050359855,0.9035200050359855,0.9035200050359855,0.903588998002889,42.0,97.84859762380265,-0.903588998002889,-0.9035200050359855,-0.9043134030868968,0.0007244050840077287,-6.899296690354717e-05,245.3798231991939,3.689499910421058e-05,538315.6724820719,200,3,2.0,2.0,200.0,200.0,0.20627593994140625,1.2666056170128286,8.159142531978432,971.8636250309937
bip42p.txt,200,all,203,serious,OPTIMAL,OPTIMAL,OPTIMAL,OPTIMAL,True,0.9036427852219202,0.9036427852219202,0.9036427852219202,0.9036427852219202,0.9036427852219202,42.0,97.84846955899543,-0.9036427852219202,-0.9036427852219202,-0.9041261696357984,0.000537171632909339,5.378721903115391e-05,14.494030958163,1.845528123078872e-05,376820.9707374503,200,0,2.0,2.0,200.0,200.0,0.18774986267089844,1.2012092450167984,7.912194797012489,979.7758342369925
bip42p.txt,200,all,204,null,OPTIMAL,OPTIMAL,OPTIMAL,OPTIMAL,True,0.9036427852219202,0.9032330156563798,0.9032330156563798,0.9032330156563798,0.9036427852219202,42.0,97.84846955899543,-0.9036427852219202,-0.9032330156563798,-0.9041634022360525,0.0005206170141323074,-0.00040976956554039656,245.35492481018443,3.6274522377528114e-05,753641.9414749006,200,3,2.0,2.0,200.0,200.0,0.25646305084228516,1.294414403004339,9.363844949984923,989.1396949029877
bip42p.txt,200,all,205,null,OPTIMAL,OPTIMAL,OPTIMAL,OPTIMAL,True,0.9036427852219202,0.9034226877482076,0.9034226877482076,0.9034226877482076,0.9036427852219202,42.0,97.84846955899543,-0.9036427852219202,-0.9034226877482076,-0.9039167595434383,0.0002739743215181001,-0.00022009747371265487,245.35393779874403,1.8932290017392633e-05,1000000.0,200,3,2.0,2.0,200.0,200.0,0.2030959129333496,1.1385593290033285,8.264766131003853,997.4044755869836
bip42p.txt,200,all,206,serious,OPTIMAL,OPTIMAL,OPTIMAL,OPTIMAL,True,0.9037459944816341,0.9037459944816341,0.9037459944816341,0.9037459944816341,0.9037459944816341,42.0,97.84822382266277,-0.9037459944816341,-0.9037459944816341,-0.9038427257117673,0.00019994048984706136,0.00010320925971385453,13.969125107259238,1.4013528382460333e-05,700000.0,200,0,1.5615666446174918,1.5615666446174918,200.0,200.0,0.18986296653747559,1.2712707709870301,8.616440265002893,1006.0209327409975
bip42p.txt,200,all,207,null,OPTIMAL,OPTIMAL,OPTIMAL,OPTIMAL,True,0.9037459944816341,0.9036312624327358,0.9036312624327358,0.9036312624327358,0.9037459944816341,42.0,97.84822382266277,-0.9037459944816341,-0.9036312624327358,-0.9040231097476538,0.0002771152660197007,-0.00011473204889822508,282.4887075433335,1.984758572735916e-05,1000000.0,200,4,2.0,2.0,198.0,200.0,0.2115328311920166,1.2397844530059956,8.07429474699893,1014.0952431079932
bip42p.txt,200,all,208,serious,OPTIMAL,OPTIMAL,OPTIMAL,OPTIMAL,True,0.9037818113910246,0.9037818113910246,0.9037818113910246,0.9037818113910246,0.9037818113910246,42.0,97.84813854430708,-0.9037818113910246,-0.9037818113910246,-0.9039395269163257,0.0001935324346916678,3.5816909390584684e-05,199.4928405771105,1.3864471956430634e-05,700000.0,200,2,2.0,2.0,198.0,200.0,0.16680407524108887,1.1957093639939558,7.943589107017033,1022.03884857698
bip42p.txt,200,all,209,serious,OPTIMAL,OPTIMAL,OPTIMAL,OPTIMAL,True,0.9038654563170421,0.9038654563170421,0.9038654563170421,0.9038654563170421,0.9038654563170421,42.0,97.84793938972132,-0.9038654563170421,-0.9038654563170421,-0.9042991753913809,0.0005173640003562907,8.364492601742324e-05,14.077494543111037,1.4354732569002979e-05,489999.99999999994,200,0,1.0,1.0,200.0,200.0,0.21523284912109375,1.202226776018506,8.368875242973445,1030.4077375219786
bip42p.txt,200,all,210,null,OPTIMAL,OPTIMAL,OPTIMAL,OPTIMAL,True,0.9038654563170421,0.9038435485177088,0.9038435485177088,0.9038435485177088,0.9038654563170421,42.0,97.84793938972132,-0.9038654563170421,-0.9038435485177088,-0.9042532312313343,0.0003877749142922049,-2.190779933330944e-05,200.505525039063,2.787248154691034e-05,979999.9999999999,200,2,1.931353064511697,1.931353064511697,200.0,200.0,0.2957639694213867,1.202240533020813,8.100640375982039,1038.5083905109786
bip42p.txt,200,all,211,serious,OPTIMAL,OPTIMAL,OPTIMAL,OPTIMAL,True,0.9039215280674304,0.9039215280674304,0.9039215280674304,0.9039215280674304,0.9039215280674304,42.0,97.84780588555374,-0.9039215280674304,-0.9039215280674304,-0.9040577932265108,0.00019233690946873772,5.6071750388353436e-05,140.73857717412932,1.3816633744172932e-05,685999.9999999999,200,1,2.0,2.0,198.0,200.0,0.15146303176879883,1.468602342007216,8.437935152003774,1046.9463993679965
bip42p.txt,200,all,212,null,OPTIMAL,OPTIMAL,OPTIMAL,OPTIMAL,True,0.9039215280674304,0.9039127467206006,0.9039127467206006,0.9039127467206006,0.9039215280674304,42.0,97.84780588555374,-0.9039215280674304,-0.9039127467206006,-0.9044469150273478,0.0005253869599173289,-8.781346829800363e-06,142.13422420297476,1.4337783899627614e-05,1000000.0,200,1,2.0,2.0,200.0,200.0,0.17272496223449707,1.510727983986726,8.27298499000608,1055.2194013489934
bip42p.txt,200,all,213,null,OPTIMAL,OPTIMAL,OPTIMAL,OPTIMAL,True,0.9039215280674304,0.9039632950492169,0.9039632950492169,0.9039632950492169,0.9039632950492169,42.0,97.847706440359,-0.9039215280674304,-0.9039632950492169,-0.9044048089355361,0.0004832808681056733,4.176698178648408e-05,14.239493246191559,1.0512708421902978e-05,1000000.0,200,0,2.0,2.0,200.0,200.0,0.16857695579528809,1.3188701730105095,8.143921332986793,1063.3633385330031
bip42p.txt,200,all,214,serious,OPTIMAL,OPTIMAL,OPTIMAL,OPTIMAL,True,0.9040045777325985,0.9040045777325985,0.9040045777325985,0.9040045777325985,0.9040045777325985,42.0,97.8476081482557,-0.9040045777325985,-0.9040045777325985,-0.9041482529083389,0.00022672484090846545,8.304966516803347e-05,13.619152985739937,1.3999044974928788e-05,700000.0,200,0,1.5597140203662143,1.5597140203662143,200.0,200.0,0.22778105735778809,1.27553514399915,8.064196140010608,1071.4275501859956
bip42p.txt,200,all,215,null,OPTIMAL,OPTIMAL,OPTIMAL,OPTIMAL,True,0.9040045777325985,0.9038535070198668,0.9038535070198668,0.9038535070198668,0.9040045777325985,42.0,97.8476081482557,-0.9040045777325985,-0.9038535070198668,-0.9042220399360329,0.00021746220343443756,-0.00015107071273168238,245.35464852065635,1.6429443318455985e-05,1000000.0,200,3,1.0484207142078121,1.0484207142078121,200.0,200.0,0.19947314262390137,1.2381865750066936,8.034302925982047,1079.4618679109844
bip42p.txt,200,all,216,serious,OPTIMAL,OPTIMAL,OPTIMAL,OPTIMAL,True,0.9040672018412008,0.9040672018412008,0.9040672018412008,0.9040672018412008,0.9040672018412008,42.0,97.84745904323525,-0.9040672018412008,-0.9040672018412008,-0.9041749525802892,0.0001703748476907796,6.262410860236045e-05,142.12458474783554,1.262691500672405e-05,700000.0,200,1,1.0396120323394606,1.0396120323394606,200.0,200.0,0.19002985954284668,1.288433312001871,8.362485064018983,1087.8243671839882
bip42p.txt,200,all,217,null,OPTIMAL,OPTIMAL,OPTIMAL,OPTIMAL,True,0.9040672018412008,0.9040494721859086,0.9040494721859086,0.9040494721859086,0.9040672018412008,42.0,97.84745904323525,-0.9040672018412008,-0.9040494721859086,-0.9043957170134448,0.00032851517224397053,-1.772965529223125e-05,142.1060460170286,1.629859303132134e-05,1000000.0,200,1,1.5264723612018827,1.5264723612018827,200.0,200.0,0.24844789505004883,1.1976554749999195,8.155978525988758,1095.9803594429977
bip42p.txt,200,all,218,serious,OPTIMAL,OPTIMAL,OPTIMAL,OPTIMAL,True,0.9041004048430539,0.9041004048430539,0.9041004048430539,0.9041004048430539,0.9041004048430539,42.0,97.84737998846892,-0.9041004048430539,-0.9041004048430539,-0.9043520367979085,0.00028483495670772463,3.3203001853054914e-05,13.975777000924731,1.294697816054044e-05,700000.0,200,0,2.0,2.0,200.0,200.0,0.1619257926940918,1.2380315300251823,8.658925116993487,1104.6392967309803
bip42p.txt,200,all,219,serious,OPTIMAL,OPTIMAL,OPTIMAL,OPTIMAL,True,0.9041619458911003,0.9041619458911003,0.9041619458911003,0.9041619458911003,0.9041619458911003,42.0,97.84723346216404,-0.9041619458911003,-0.9041619458911003,-0.9043523296186592,0.0002519247756053167,6.1541048046454e-05,14.02827125708194,1.8457029696837823e-05,489999.99999999994,200,0,1.0,1.0,200.0,200.0,0.1933901309967041,1.4856882100284565,8.531569156999467,1113.1708807469986
bip42p.txt,200,all,220,null,OPTIMAL,OPTIMAL,OPTIMAL,OPTIMAL,True,0.9041619458911003,0.9040416673388358,0.9040416673388358,0.9040416673388358,0.9041619458911003,42.0,97.84723346216404,-0.9041619458911003,-0.9040416673388358,-0.9044705395656356,0.00030859367453528463,-0.00012027855226448558,200.49865829606566,2.2879613170152076e-05,979999.9999999999,200,2,1.0,1.0,200.0,200.0,0.17239904403686523,1.2977087140025105,8.565074012003606,1121.7359686259879
bip42p.txt,200,all,221,serious,OPTIMAL,OPTIMAL,OPTIMAL,OPTIMAL,True,0.9042217341926639,0.9042217341926639,0.9042217341926639,0.9042217341926639,0.9042217341926639,42.0,97.84709110906508,-0.9042217341926639,-0.9042217341926639,-0.9043489424313649,0.00018699654026455015,5.978830156361248e-05,13.85976112538218,1.3544948217225978e-05,685999.9999999999,200,0,1.0,1.0,200.0,200.0,0.18265700340270996,1.2938225710240658,8.400907484989148,1130.1369431899802
bip42p.txt,200,all,222,serious,OPTIMAL,OPTIMAL,OPTIMAL,OPTIMAL,True,0.9042592176953292,0.9042592176953292,0.9042592176953292,0.9042592176953292,0.9042592176953292,42.0,97.84700186263018,-0.9042592176953292,-0.9042592176953292,-0.9044597536581357,0.00023801946547175046,3.748350266530309e-05,142.12517597160544,1.7528599711990777e-05,480199.9999999999,200,1,1.0,1.0,200.0,200.0,0.1477811336517334,1.3657312499999534,8.199562522000633,1138.3365190309996
bip42p.txt,200,all,223,serious,OPTIMAL,OPTIMAL,OPTIMAL,OPTIMAL,True,0.9043294290920538,0.9043294290920538,0.9043294290920538,0.9043294290920538,0.9043294290920538,42.0,97.84683469263798,-0.9043294290920538,-0.9043294290920538,-0.9046237863083704,0.0003645686130411274,7.021139672458432e-05,14.22501968719043,1.759704353578924e-05,336139.9999999999,200,0,2.0,2.0,200.0,200.0,0.1987929344177246,1.2064200369932223,8.27870640301262,1146.6152397889819
bip42p.txt,200,all,224,null,OPTIMAL,OPTIMAL,OPTIMAL,OPTIMAL,True,0.9043294290920538,0.9042836900217234,0.9042836900217234,0.9042836900217234,0.9043294290920538,42.0,97.84683469263798,-0.9043294290920538,-0.9042836900217234,-0.9047242521408199,0.00039482304876603536,-4.573907033045277e-05,244.54900818700523,2.9288510011881622e-05,672279.9999999998,200,3,2.0,2.0,198.0,200.0,0.23847317695617676,1.2880553150025662,8.326445123995654,1154.9416976390057
bip42p.txt,200,all,225,serious,OPTIMAL,OPTIMAL,OPTIMAL,OPTIMAL,True,0.9043811367212832,0.9043811367212832,0.9043811367212832,0.9043811367212832,0.9043811367212832,42.0,97.84671157923503,-0.9043811367212832,-0.9043811367212832,-0.9046201013659698,0.0002906722739159928,5.170762922934724e-05,140.73717653976067,2.0540251503065945e-05,470595.9999999998,200,1,2.0,2.0,198.0,200.0,0.16458392143249512,1.335994925990235,8.360226307995617,1163.3019392999995
bip42p.txt,200,all,226,serious,OPTIMAL,OPTIMAL,OPTIMAL,OPTIMAL,True,0.9044279604151945,0.9044279604151945,0.9044279604151945,0.9044279604151945,0.9044279604151945,42.0,97.84660009424955,-0.9044279604151945,-0.9044279604151945,-0.9047815558814173,0.0004004191601341134,4.682369391129093e-05,14.534777647703189,1.682334433597078e-05,329417.19999999984,200,0,2.0,2.0,200.0,200.0,0.1545710563659668,1.3392182330135256,8.687935082009062,1171.989889317978
bip42p.txt,200,all,227,null,OPTIMAL,OPTIMAL,OPTIMAL,OPTIMAL,True,0.9044279604151945,0.9044393873800801,0.9044393873800801,0.9044393873800801,0.9044393873800801,42.0,97.84657288719029,-0.9044279604151945,-0.9044393873800801,-0.9048680442995699,0.00044008388437544177,1.1426964885652424e-05,200.50216501467963,3.148927309643616e-05,658834.3999999997,200,2,2.0,2.0,200.0,200.0,0.17456698417663574,1.2024291359994095,8.170762825000565,1180.1606649319874
bip42p.txt,200,all,228,null,OPTIMAL,OPTIMAL,OPTIMAL,OPTIMAL,True,0.9044279604151945,0.9044399859017901,0.9044399859017901,0.9044399859017901,0.9044399859017901,42.0,97.8465714621386,-0.9044279604151945,-0.9044399859017901,-0.9047300736228876,0.0003021132076931332,1.2025486595623747e-05,142.1556372888227,2.104989516654171e-05,1000000.0,200,1,2.0,2.0,200.0,200.0,0.18200397491455078,1.330310883000493,8.536262874986278,1188.6969412129838
bip42p.txt,200,all,229,serious,OPTIMAL,OPTIMAL,OPTIMAL,OPTIMAL,True,0.9044568628365425,0.9044568628365425,0.9044568628365425,0.9044568628365425,0.9044568628365425,42.0,97.84653127896061,-0.9044568628365425,-0.9044568628365425,-0.9046270470666715,0.00019908665147705396,2.8902421348009355e-05,142.13708843979597,1.3930163147523456e-05,700000.0,200,1,2.0,2.0,200.0,200.0,0.19359803199768066,1.2290393750008661,8.063562770024873,1196.7605182539846
bip42p.txt,200,all,230,null,OPTIMAL,OPTIMAL,OPTIMAL,OPTIMAL,True,0.9044568628365425,0.9044544028320203,0.9044544028320203,0.9044544028320203,0.9044568628365425,42.0,97.84653127896061,-0.9044568628365425,-0.9044544028320203,-0.9048695313778786,0.0004126685413361475,-2.460004522197856e-06,200.51346419153154,1.0687313528582607e-05,1000000.0,200,2,2.0,2.0,200.0,200.0,0.1908578872680664,1.343099119985709,8.134222824999597,1204.8947549749864
bip42p.txt,200,all,231,serious,OPTIMAL,OPTIMAL,OPTIMAL,OPTIMAL,True,0.904528085474164,0.904528085474164,0.904528085474164,0.904528085474164,0.904528085474164,42.0,97.84636170125201,-0.904528085474164,-0.904528085474164,-0.904845525458827,0.0003886626222845413,7.122263762149306e-05,14.250109599736835,7.940206268912126e-06,700000.0,200,0,2.0,2.0,200.0,200.00000000000003,0.2125852108001709,1.1819145529880188,7.9047206150135025,1212.7995461669925
bip42p.txt,200,all,232,null,OPTIMAL,OPTIMAL,OPTIMAL,OPTIMAL,True,0.904528085474164,0.9044938103379173,0.9044938103379173,0.9044938103379173,0.904528085474164,42.0,97.84636170125201,-0.904528085474164,-0.9044938103379173,-0.9048012685833733,0.00027318310920931843,-3.4275136246653126e-05,200.47709678350702,1.9282444451886786e-05,1000000.0,200,2,1.0,1.0,200.0,200.0,0.1452031135559082,1.330304043018259,8.104715036984999,1220.9042765149788
bip42p.txt,200,all,233,serious,OPTIMAL,OPTIMAL,OPTIMAL,OPTIMAL,True,0.9045874094737882,0.9045874094737882,0.9045874094737882,0.9045874094737882,0.9045874094737882,42.0,97.84622045363383,-0.9045874094737882,-0.9045874094737882,-0.904717395250446,0.00018930977628206502,5.932399962427226e-05,14.04460717768595,1.3503902200219625e-05,700000.0,200,0,1.0,1.0,200.0,200.0,0.17684197425842285,1.4299271930067334,8.430717673007166,1229.3350102510012
bip42p.txt,200,all,234,serious,OPTIMAL,OPTIMAL,OPTIMAL,OPTIMAL,True,0.9046420674420386,0.9046420674420386,0.9046420674420386,0.9046420674420386,0.9046420674420386,42.0,97.84609031561419,-0.9046420674420386,-0.9046420674420386,-0.9048484284050808,0.00026101893129260034,5.465796825032676e-05,140.70442693211714,1.8714176091833766e-05,489999.99999999994,200,1,1.1351214540333532,1.1351214540333532,198.0,200.0,0.15199494361877441,1.130214042001171,8.024789941002382,1237.3598160349939
bip42p.txt,200,all,235,serious,OPTIMAL,OPTIMAL,OPTIMAL,OPTIMAL,True,0.9046834010109622,0.9046834010109622,0.9046834010109622,0.9046834010109622,0.9046834010109622,42.0,97.84599190235485,-0.9046834010109622,-0.9046834010109622,-0.9049895641507452,0.0003474967087065961,4.133356892366269e-05,14.259651075215816,1.3958789112197887e-05,342999.99999999994,200,0,2.0,2.0,200.0,200.0,0.2115459442138672,1.367083596996963,8.154092301992932,1245.5139223999868
bip42p.txt,200,all,236,null,OPTIMAL,OPTIMAL,OPTIMAL,OPTIMAL,True,0.9046834010109622,0.9046266293307952,0.9046266293307952,0.9046266293307952,0.9046834010109622,42.0,97.84599190235485,-0.9046834010109622,-0.9046266293307952,-0.9050635691413873,0.0003801681304250737,-5.6771680167044813e-05,142.12457706614768,2.7778023574138183e-05,685999.9999999999,200,1,2.0,2.0,200.0,200.0,0.15442395210266113,1.3135720799909905,8.436671301024035,1253.9506081689906
bip42p.txt,200,all,237,serious,OPTIMAL,OPTIMAL,OPTIMAL,OPTIMAL,True,0.9047406254732737,0.9047406254732737,0.9047406254732737,0.9047406254732737,0.9047406254732737,42.0,97.84585565363506,-0.9047406254732737,-0.9047406254732737,-0.9049647735062787,0.00028137249531645647,5.7224462311489255e-05,142.13656609064972,1.9904206736058795e-05,480199.9999999999,200,1,1.955573225833267,1.955573225833267,200.0,200.0,0.17640900611877441,1.3487997629854362,8.289769508002792,1262.2403918349883
bip42p.txt,200,all,238,serious,OPTIMAL,OPTIMAL,OPTIMAL,OPTIMAL,True,0.9047955252059745,0.9047955252059745,0.9047955252059745,0.9047955252059745,0.9047955252059745,42.0,97.84572493998579,-0.9047955252059745,-0.9047955252059745,-0.9050972934561232,0.0003566679828495012,5.4899732700786075e-05,14.336909432435915,1.30102682140329e-05,336139.9999999999,200,0,2.0,2.0,200.0,200.0,0.18591594696044922,1.3445544239948504,8.074276703002397,1270.3146849689947
bip42p.txt,200,all,239,serious,OPTIMAL,OPTIMAL,OPTIMAL,OPTIMAL,True,0.904859847682618,0.904859847682618,0.904859847682618,0.904859847682618,0.904859847682618,42.0,97.84557179123186,-0.904859847682618,-0.904859847682618,-0.905172498124454,0.0003769729184794901,6.432247664345248e-05,200.48666355593062,2.7670318367804705e-05,235297.9999999999,200,2,1.4687144460110213,1.4687144460110213,200.0,200.0,0.18320012092590332,1.1969624259800185,7.8439168719924055,1278.158617520996
bip42p.txt,200,all,240,serious,OPTIMAL,OPTIMAL,OPTIMAL,OPTIMAL,True,0.9049656604255034,0.9049656604255034,0.9049656604255034,0.9049656604255034,0.9049656604255034,42.0,97.84531985612975,-0.9049656604255034,-0.9049656604255034,-0.9053071533258678,0.0004473056432497957,0.00010581274288545828,142.17604245826652,2.3462686157263044e-05,164708.59999999992,200,1,2.0,2.0,200.0,200.0,0.21201610565185547,1.2648003079812042,7.962944768019952,1286.1215771370044
bip42p.txt,200,all,241,null,OPTIMAL,OPTIMAL,OPTIMAL,OPTIMAL,True,0.9049656604255034,0.905001928099427,0.905001928099427,0.905001928099427,0.905001928099427,42.0,97.84523350452517,-0.9049656604255034,-0.905001928099427,-0.9054833472185605,0.0005176867930570817,3.626767392361785e-05,283.22441312822866,3.2729204062312964e-05,329417.19999999984,200,4,3.0,3.0,200.0,200.0,0.17500519752502441,1.2198766420187894,8.13478366099298,1294.2564540109888
bip42p.txt,200,all,242,serious,OPTIMAL,OPTIMAL,OPTIMAL,OPTIMAL,True,0.9050501313221915,0.9050501313221915,0.9050501313221915,0.9050501313221915,0.9050501313221915,42.0,97.84511873494715,-0.9050501313221915,-0.9050501313221915,-0.9053930287889178,0.0004273683634143932,8.447089668806029e-05,14.414064086937001,1.6602643704973457e-05,230592.03999999986,200,0,2.0,2.0,200.0,200.0,0.2178480625152588,1.3128581469936762,8.102452368009835,1302.3589200610004
bip42p.txt,200,all,243,null,OPTIMAL,OPTIMAL,OPTIMAL,OPTIMAL,True,0.9050501313221915,0.9050111415890193,0.9050111415890193,0.9050111415890193,0.9050501313221915,42.0,97.84511873494715,-0.9050501313221915,-0.9050111415890193,-0.9055045712660439,0.0004544399438524138,-3.898973317217891e-05,200.48499201723763,3.4426410386645394e-05,461184.0799999997,200,2,2.0,2.0,200.0,200.0,0.24909591674804688,1.3208977630129084,8.905840505001834,1311.2647771890042
bip42p.txt,200,all,244,serious,OPTIMAL,OPTIMAL,OPTIMAL,OPTIMAL,True,0.9051390271593064,0.9051390271593064,0.9051390271593064,0.9051390271593064,0.9051390271593064,42.0,97.84490707819211,-0.9051390271593064,-0.9051390271593064,-0.9054205878900898,0.00037045656789835846,8.889583711491067e-05,14.008032433588832,2.624305259698636e-05,322828.8559999998,200,0,1.8683223624137812,1.8683223624137812,200.0,200.0,0.20612812042236328,1.2064737399923615,8.111944226984633,1319.3767373349983
bip42p.txt,200,all,245,null,OPTIMAL,OPTIMAL,OPTIMAL,OPTIMAL,True,0.9051390271593064,0.9051256679549666,0.9051256679549666,0.9051256679549666,0.9051390271593064,42.0,97.84490707819211,-0.9051390271593064,-0.9051256679549666,-0.9055210965140109,0.0003820693547045284,-1.3359204339757902e-05,142.14170402650362,2.852652663280071e-05,645657.7119999996,200,1,2.0,2.0,200.0,200.0,0.2118518352508545,1.2344132139987778,8.562255236989586,1327.9390089999943
bip42p.txt,200,all,246,serious,OPTIMAL,OPTIMAL,OPTIMAL,OPTIMAL,True,0.9052009367532113,0.9052009367532113,0.9052009367532113,0.9052009367532113,0.9052009367532113,42.0,97.84475967439712,-0.9052009367532113,-0.9052009367532113,-0.9054134209852739,0.0002743938259675005,6.190959390495188e-05,14.257077521933518,2.0005625256219767e-05,451960.3983999997,200,0,2.0,2.0,200.0,200.0,0.19610905647277832,1.1960521980072372,8.048026143020252,1335.9870504179853
bip42p.txt,200,all,247,serious,OPTIMAL,OPTIMAL,OPTIMAL,OPTIMAL,True,0.9052465127323774,0.9052465127323774,0.9052465127323774,0.9052465127323774,0.9052465127323774,42.0,97.84465116016102,-0.9052465127323774,-0.9052465127323774,-0.90551341767021,0.00031248091699864755,4.5575979166101455e-05,140.7035936266019,2.3309428344190318e-05,316372.27887999977,200,1,1.2127489065554,1.2127489065554,198.0,200.0,0.14990901947021484,1.3209309199883137,8.20788548301789,1344.1949512909923
bip42p.txt,200,all,248,serious,OPTIMAL,OPTIMAL,OPTIMAL,OPTIMAL,True,0.9053644821991805,0.9053644821991805,0.9053644821991805,0.9053644821991805,0.9053644821991805,42.0,97.84437028047813,-0.9053644821991805,-0.9053644821991805,-0.9056358855499761,0.0003893728175986544,0.00011796946680309173,14.09922148763978,1.7835091117676366e-05,221460.5952159998,200,0,1.8602370373220563,1.8602370373220563,200.0,200.0,0.2346510887145996,1.455200299009448,9.00561472598929,1353.200582194986
bip42p.txt,200,all,249,serious,OPTIMAL,OPTIMAL,OPTIMAL,OPTIMAL,True,0.9054883038800736,0.9054883038800736,0.9054883038800736,0.9054883038800736,0.9054883038800736,42.0,97.8440754669522,-0.9054883038800736,-0.9054883038800736,-0.9057595826884813,0.00039510048930080366,0.0001238216808930881,14.392346775345072,3.212541508118898e-05,155022.41665119986,200,0,2.0,2.0,200.0,200.0,0.1671440601348877,1.2562086539983284,7.980433094984619,1361.181029076979
bip42p.txt,200,all,250,serious,OPTIMAL,OPTIMAL,OPTIMAL,OPTIMAL,True,0.905639004763704,0.905639004763704,0.905639004763704,0.905639004763704,0.905639004763704,42.0,97.84371665532451,-0.905639004763704,-0.905639004763704,-0.905937798106629,0.0004494942265553803,0.00015070088363033918,200.51957981948362,4.0391066382409017e-05,108515.6916558399,200,2,2.0,2.0,200.0,200.0,0.22611498832702637,1.414557772979606,8.50536974699935,1369.6864146190055
bip42p.txt,200,all,251,serious,OPTIMAL,OPTIMAL,OPTIMAL,OPTIMAL,True,0.9058083068474049,0.9058083068474049,0.9058083068474049,0.9058083068474049,0.9058083068474049,42.0,97.84331355512523,-0.9058083068474049,-0.9058083068474049,-0.9062040362726457,0.0005650315089417157,0.00016930208370091737,142.19473786067624,4.938781974633629e-05,75960.98415908792,200,1,2.0,2.0,200.0,200.0,0.22135496139526367,1.2175865850003902,8.033209653018275,1377.719713569997
bip42p.txt,200,all,252,null,OPTIMAL,OPTIMAL,OPTIMAL,OPTIMAL,True,0.9058083068474049,0.9056779032715788,0.9056779032715788,0.9056779032715788,0.9058083068474049,42.0,97.84331355512523,-0.9058083068474049,-0.9056779032715788,-0.9065790547358352,0.0007707478884303454,-0.00013040357582605466,424.5409381644963,7.02819420997793e-05,151921.96831817584,200,9,2.0,2.0,200.0,200.0,0.2503490447998047,1.2269011870084796,8.762670026975684,1386.4823970079888
bip42p.txt,200,all,253,serious,OPTIMAL,OPTIMAL,OPTIMAL,OPTIMAL,True,0.9059878640991816,0.9059878640991816,0.9059878640991816,0.9059878640991816,0.9059878640991816,42.0,97.8428860378591,-0.9059878640991816,-0.9059878640991816,-0.9063902821710532,0.0005819753236483427,0.00017955725177676296,142.21262231054465,3.526959978574718e-05,106345.37782272308,200,1,2.0,2.0,200.0,200.0,0.2085099220275879,1.2741405210108496,9.11651301299571,1395.5989237869799
bip42p.txt,200,all,254,serious,OPTIMAL,OPTIMAL,OPTIMAL,OPTIMAL,True,0.9060991241865579,0.9060991241865579,0.9060991241865579,0.9060991241865579,0.9060991241865579,42.0,97.84262113288915,-0.9060991241865579,-0.9060991241865579,-0.906657770824449,0.0006699067252673441,0.0001112600873762748,346.7549698710642,5.018510544562397e-05,74441.76447590615,200,6,2.0,2.0,200.0,200.0,0.19321298599243164,1.2476869170204736,8.29861546101165,1403.8975527510047
bip42p.txt,200,all,255,serious,OPTIMAL,OPTIMAL,OPTIMAL,OPTIMAL,True,0.9063162579768542,0.9063162579768542,0.9063162579768542,0.9063162579768542,0.9063162579768542,42.0,97.84210414767416,-0.9063162579768542,-0.9063162579768542,-0.9070366147893801,0.0009374906028222219,0.00021713379029630886,283.29481721476566,7.134916121242156e-05,52109.2351331343,200,4,2.0,2.0,200.0,200.0,0.17664098739624023,1.2746621309779584,8.352721729985205,1412.2502897679806
bip42p.txt,200,all,256,serious,OPTIMAL,OPTIMAL,OPTIMAL,OPTIMAL,True,0.9065129664485924,0.9065129664485924,0.9065129664485924,0.9065129664485924,0.9065129664485924,42.0,97.84163579417,-0.9065129664485924,-0.9065129664485924,-0.9075751228663063,0.0012588648894520382,0.00019670847173813844,245.4628199580537,0.00010178545794325813,36476.46459319401,200,3,2.0,2.0,200.0,200.0,0.17977190017700195,1.2465182839951012,8.062177094019717,1420.3124826760031
bip42p.txt,200,all,257,serious,OPTIMAL,OPTIMAL,OPTIMAL,OPTIMAL,True,0.9068263839133065,0.9068263839133065,0.9068263839133065,0.9068263839133065,0.9068263839133065,42.0,97.84088956211119,-0.9068263839133065,-0.9068263839133065,-0.9083396541829474,0.0018266877343550147,0.00031341746471413856,374.52223480802917,0.00014467343132844922,25533.525215235804,200,7,3.0,3.0,200.0,200.0,0.19968605041503906,1.207629826007178,8.21998093300499,1428.532476700988
bip42p.txt,200,all,258,serious,OPTIMAL,OPTIMAL,OPTIMAL,OPTIMAL,True,0.9073429414642175,0.9073429414642175,0.9073429414642175,0.9073429414642175,0.9073429414642175,42.0,97.83965966318044,-0.9073429414642175,-0.9073429414642175,-0.9094261396712148,0.002599755757908273,0.0005165575509109566,374.520648866364,0.0002063579158735391,17873.46765066506,200,7,3.0,3.0,200.0,200.0,0.2694540023803711,1.121045857988065,8.763746862008702,1437.2962365369895
bip42p.txt,200,all,259,serious,OPTIMAL,OPTIMAL,OPTIMAL,OPTIMAL,True,0.9079868900479308,0.9079868900479308,0.9079868900479308,0.9079868900479308,0.9079868900479308,42.0,97.83812645226683,-0.9079868900479308,-0.9079868900479308,-0.9109737315098216,0.003630790045604182,0.0006439485837133052,346.2709009374717,0.0002944422326745747,12511.427355465543,200,6,3.0,3.0,198.18970388759968,200.0,0.22041010856628418,1.2034941929741763,7.98779426200781,1445.2840466240013
bip42p.txt,200,all,260,serious,OPTIMAL,OPTIMAL,OPTIMAL,OPTIMAL,True,0.9086734124676997,0.9086734124676997,0.9086734124676997,0.9086734124676997,0.9086734124676997,42.0,97.83649187507692,-0.9086734124676997,-0.9086734124676997,-0.9131664897791372,0.005179599731206408,0.0006865224197689646,374.52118822318135,0.00041854174758668454,8757.99914882588,200,7,3.0,3.0,200.0,200.0,0.22875595092773438,1.1545900739729404,8.205915443017147,1453.48997658398
bip42p.txt,200,all,261,serious,OPTIMAL,OPTIMAL,OPTIMAL,OPTIMAL,True,0.9109163567583689,0.9109163567583689,0.9109163567583689,0.9109163567583689,0.9109163567583689,42.0,97.8311515315277,-0.9109163567583689,-0.9109163567583689,-0.9162612262260627,0.007587813758362927,0.00224294429066918,424.10074359442655,0.0005946319544643948,6130.599404178116,200,9,3.0,3.0,198.0,200.0,0.24487805366516113,1.079628267994849,7.978479943994898,1461.468517892994
bip42p.txt,200,all,262,null,OPTIMAL,OPTIMAL,OPTIMAL,OPTIMAL,True,0.9109163567583689,0.9103115328347039,0.9103115328347039,0.9103115328347039,0.9109163567583689,42.0,97.8311515315277,-0.9109163567583689,-0.9103115328347039,-0.9206681126745632,0.00975175591619426,-0.0006048239236650099,424.5749243689123,0.0008480408722438457,12261.198808356232,200,9,3.0,3.0,200.0,200.0,0.2093498706817627,1.2254397890064865,8.054654048988596,1469.5231907629932
bip42p.txt,200,all,263,serious,OPTIMAL,OPTIMAL,OPTIMAL,OPTIMAL,True,0.9132434914214952,0.9132434914214952,0.9132434914214952,0.9132434914214952,0.9132434914214952,42.0,97.82561073471072,-0.9132434914214952,-0.9132434914214952,-0.9184599587426524,0.007543601984283499,0.0023271346631262846,245.4833046414578,0.0004240292220219552,8582.839165849362,200,3,3.0,3.0,200.0,200.0,0.19117307662963867,1.1029563120100647,8.114815114997327,1477.6380217469996
bip42p.txt,200,all,264,null,OPTIMAL,OPTIMAL,OPTIMAL,OPTIMAL,True,0.9132434914214952,0.9132167001361331,0.9132167001361331,0.9132167001361331,0.9132434914214952,42.0,97.82561073471072,-0.9132434914214952,-0.9132167001361331,-0.9215977837852448,0.008354292363749627,-2.6791285362093298e-05,316.0118574512672,0.0006058627609280936,17165.678331698724,200,5,3.0,3.0,198.0,200.0,0.21880888938903809,1.1324103249935433,8.381597397004953,1486.0196357719833
bip42p.txt,200,all,265,null,OPTIMAL,OPTIMAL,OPTIMAL,OPTIMAL,True,0.9132434914214952,0.9133880141737524,0.9133880141737524,0.9133880141737524,0.9133880141737524,42.0,97.82526663291964,-0.9132434914214952,-0.9133880141737524,-0.9200181468464961,0.006774655425000886,0.00014452275225718125,245.48706232442598,0.00030373131648747784,34331.35666339745,200,3,3.0,3.0,200.0,200.0,0.22283720970153809,1.0962964710197411,8.90682529800688,1494.9264926309988
bip42p.txt,200,all,266,serious,OPTIMAL,OPTIMAL,OPTIMAL,OPTIMAL,True,0.9139191695843929,0.9139191695843929,0.9139191695843929,0.9139191695843929,0.9139191695843929,42.0,97.82400197718,-0.9139191695843929,-0.9139191695843929,-0.9192241419837421,0.0059806505622469475,0.0006756781628977082,142.34498750837213,0.00015388003520912908,24031.94966437821,200,1,3.0,3.0,200.0,200.0,0.15574383735656738,1.1578445110062603,7.949887171009323,1502.8763925549865
bip42p.txt,200,all,267,serious,OPTIMAL,OPTIMAL,OPTIMAL,OPTIMAL,True,0.9146738771907631,0.9146738771907631,0.9146738771907631,0.9146738771907631,0.9146738771907631,42.0,97.82220505430772,-0.9146738771907631,-0.9146738771907631,-0.9203436844279135,0.006424514843520579,0.0007547076063701974,142.34900951920636,0.0002201293447493279,16822.364765064747,200,1,3.0,3.0,200.0,200.0,0.18273401260375977,1.1115531389950775,7.972815082001034,1510.849221262004
bip42p.txt,200,all,268,null,OPTIMAL,OPTIMAL,OPTIMAL,OPTIMAL,True,0.9146738771907631,0.9153982345437864,0.9153982345437864,0.9153982345437864,0.9153982345437864,42.0,97.82048039394336,-0.9146738771907631,-0.9153982345437864,-0.9219281269720311,0.007254249781267985,0.0007243573530233416,245.48640974169206,0.0003117540098244123,33644.729530129494,200,3,3.0,3.0,200.0,200.0,0.20487093925476074,1.1041885839949828,8.114909741998417,1518.9641456310055
bip42p.txt,200,all,269,null,OPTIMAL,OPTIMAL,OPTIMAL,OPTIMAL,True,0.9146738771907631,0.9151919999587255,0.9151919999587255,0.9151919999587255,0.9153982345437864,42.0,97.82048039394336,-0.9146738771907631,-0.9151919999587255,-0.9211175961148221,0.006443718924059039,0.0005181227679623701,142.34144516121177,0.0001611107145887238,67289.45906025899,200,1,3.0,3.0,200.0,200.0,0.20131206512451172,1.122627583972644,7.950719863001723,1526.9148775719805
bip42p.txt,200,all,270,null,OPTIMAL,OPTIMAL,OPTIMAL,OPTIMAL,True,0.9146738771907631,0.9150403632987242,0.9150403632987242,0.9150403632987242,0.9153982345437864,42.0,97.82048039394336,-0.9146738771907631,-0.9150403632987242,-0.9207072340529622,0.00603335686219908,0.0003664861079610837,16.111924317886523,9.6809771662334e-05,134578.91812051798,200,0,3.0,3.0,200.0,200.0,0.19292712211608887,1.0840866549988277,7.866062163026072,1534.7809544379998
bip42p.txt,200,all,271,null,OPTIMAL,OPTIMAL,OPTIMAL,OPTIMAL,True,0.9146738771907631,0.9127160240567689,0.9127160240567689,0.9127160240567689,0.9153982345437864,42.0,97.82048039394336,-0.9146738771907631,-0.9127160240567689,-0.916641249027225,0.0019673718364618953,-0.001957853133994214,283.2570870786575,0.00011918295150742167,269157.83624103596,200,4,2.0,2.0,200.0,200.0,0.19600915908813477,1.2211602939933073,8.233533213991905,1543.0145677120017
bip42p.txt,200,all,272,serious,OPTIMAL,OPTIMAL,OPTIMAL,OPTIMAL,True,0.914899141298352,0.914899141298352,0.914899141298352,0.914899141298352,0.9153982345437864,42.0,97.82048039394336,-0.914899141298352,-0.914899141298352,-0.9156793008590632,0.0010054236683001427,0.00022526410758894055,200.62542118573276,5.932786538504052e-05,188410.48536872515,200,2,2.0,2.0,200.0,200.0,0.15046215057373047,1.1281969849951565,8.586603389005177,1551.6011852389784
bip42p.txt,200,all,273,serious,OPTIMAL,OPTIMAL,OPTIMAL,OPTIMAL,True,0.91602623594052,0.91602623594052,0.91602623594052,0.91602623594052,0.91602623594052,42.0,97.81898515252257,-0.91602623594052,-0.91602623594052,-0.9169897742897847,0.0020906329914326394,0.0011270946421679806,142.2665846150902,8.357689743728514e-05,131887.33975810758,200,1,2.0,2.0,200.0,200.0,0.17273807525634766,1.1758699380152393,8.24372863501776,1559.8449357339996
bip42p.txt,200,all,274,serious,OPTIMAL,OPTIMAL,OPTIMAL,OPTIMAL,True,0.9168351295496353,0.9168351295496353,0.9168351295496353,0.9168351295496353,0.9168351295496353,42.0,97.81705921535801,-0.9168351295496353,-0.9168351295496353,-0.9188492604138601,0.002823024473340041,0.000808893609115291,142.2094018317596,0.00011909542133233127,92321.1378306753,200,1,2.0,2.0,200.0,200.0,0.16192293167114258,1.1452476939884946,7.880516711011296,1567.7254683189967
bip42p.txt,200,all,275,null,OPTIMAL,OPTIMAL,OPTIMAL,OPTIMAL,True,0.9168351295496353,0.9164968146052235,0.9164968146052235,0.9164968146052235,0.9168351295496353,42.0,97.81705921535801,-0.9168351295496353,-0.9164968146052235,-0.9206523220280031,0.003817192478367759,-0.00033831494441183274,142.1775959901361,0.00012089235406871942,184642.2756613506,200,1,2.0,2.0,200.0,200.0,0.4341421127319336,1.2735838999797124,8.75175355002284,1576.4772357289912
bip42p.txt,200,all,276,serious,OPTIMAL,OPTIMAL,OPTIMAL,OPTIMAL,True,0.9172252091942824,0.9172252091942824,0.9172252091942824,0.9172252091942824,0.9172252091942824,42.0,97.81613045429933,-0.9172252091942824,-0.9172252091942824,-0.9200703517457353,0.0032352221960999517,0.0003900796446471011,199.53245733267278,8.509038165322545e-05,129249.59296294542,200,2,2.0,2.0,198.0,200.0,0.1515359878540039,1.1367290680063888,8.217719347972888,1584.6949684940046
bip42p.txt,200,all,277,null,OPTIMAL,OPTIMAL,OPTIMAL,OPTIMAL,True,0.9172252091942824,0.917539873818854,0.917539873818854,0.917539873818854,0.917539873818854,42.0,97.81538125281226,-0.9172252091942824,-0.917539873818854,-0.9207215058566918,0.0034962966624093594,0.0003146646245716367,142.15112777076982,5.79488270099619e-05,258499.18592589084,200,1,2.0,2.0,200.0,200.0,0.23684191703796387,1.0805605800123885,8.263938143994892,1592.9589201890049
bip42p.txt,200,all,278,null,OPTIMAL,OPTIMAL,OPTIMAL,OPTIMAL,True,0.9172252091942824,0.9174924169733624,0.9174924169733624,0.9174924169733624,0.917539873818854,42.0,97.81538125281226,-0.9172252091942824,-0.9174924169733624,-0.9205571758380665,0.003331966643784101,0.00026720777907995874,14.665571355521404,4.456262754898739e-05,516998.3718517817,200,0,2.0,2.0,200.0,200.0,0.14317893981933594,1.2267670309811365,8.153820607985836,1601.1127533089893
bip42p.txt,200,all,279,serious,OPTIMAL,OPTIMAL,OPTIMAL,OPTIMAL,True,0.9175865974284091,0.9175865974284091,0.9175865974284091,0.9175865974284091,0.9175865974284091,42.0,97.81527000612284,-0.9175865974284091,-0.9175865974284091,-0.9178007064499556,0.0005754972556731852,0.00036138823412668053,140.76751545993463,2.8091273026046395e-05,361898.8602962472,200,1,2.0,2.0,198.0,200.0,0.16656494140625,1.121349501016084,8.077522537001641,1609.190290258004
bip42p.txt,200,all,280,serious,OPTIMAL,OPTIMAL,OPTIMAL,OPTIMAL,True,0.9180156142151602,0.9180156142151602,0.9180156142151602,0.9180156142151602,0.9180156142151602,42.0,97.81424853758297,-0.9180156142151602,-0.9180156142151602,-0.9183748747855242,0.0007882773571150636,0.000429016786751113,14.752011827777633,3.9956515667756876e-05,253329.20220737302,200,0,2.0,2.0,200.0,200.0,0.18283891677856445,1.186837707995437,7.9490071769978385,1617.1393133589881
bip42p.txt,200,all,281,null,OPTIMAL,OPTIMAL,OPTIMAL,OPTIMAL,True,0.9180156142151602,0.9169588795081627,0.9169588795081627,0.9169588795081627,0.9180156142151602,42.0,97.81424853758297,-0.9180156142151602,-0.9169588795081627,-0.9188049473067962,0.0007893330916359798,-0.0010567347069975197,283.20694676478416,5.400137690418842e-05,506658.40441474604,200,4,2.0,2.0,200.0,200.0,0.15323591232299805,1.2537599969946314,8.073767691996181,1625.2131612079975
bip42p.txt,200,all,282,serious,OPTIMAL,OPTIMAL,OPTIMAL,OPTIMAL,True,0.9180875181445,0.9180875181445,0.9180875181445,0.9180875181445,0.9180875181445,42.0,97.81407733775119,-0.9180875181445,-0.9180875181445,-0.9184401114590728,0.0004244972439125805,7.190392933975609e-05,244.55408395645722,2.889476041141633e-05,354660.8830903222,200,3,2.0,2.0,198.0,200.0,0.15523290634155273,1.1297454620071221,7.816478880995419,1633.0296559779963
bip42p.txt,200,all,283,serious,OPTIMAL,OPTIMAL,OPTIMAL,OPTIMAL,True,0.9183582523324071,0.9183582523324071,0.9183582523324071,0.9183582523324071,0.9183582523324071,42.0,97.81343273254188,-0.9183582523324071,-0.9183582523324071,-0.9191480697084691,0.0010605515639691143,0.000270734187907129,142.15210679236716,4.0987670734389734e-05,248262.61816322553,200,1,2.0,2.0,200.0,200.0,0.17680001258850098,1.2006797500071116,9.024090936989523,1642.0537620449904
bip42p.txt,200,all,284,serious,OPTIMAL,OPTIMAL,OPTIMAL,OPTIMAL,True,0.9185759683090398,0.9185759683090398,0.9185759683090398,0.9185759683090398,0.9185759683090398,42.0,97.81291436116895,-0.9185759683090398,-0.9185759683090398,-0.919961576208002,0.0016033238755949197,0.00021771597663267084,14.799236528377014,5.797821745366503e-05,173783.83271425785,200,0,2.0,2.0,200.0,200.0,0.13876104354858398,1.1386109190061688,7.703579184017144,1649.7573568130028
bip42p.txt,200,all,285,null,OPTIMAL,OPTIMAL,OPTIMAL,OPTIMAL,True,0.9185759683090398,0.9178142584720279,0.9178142584720279,0.9178142584720279,0.9185759683090398,42.0,97.81291436116895,-0.9185759683090398,-0.9178142584720279,-0.9198188585186472,0.001242890209607439,-0.000761709837011848,244.57610254250037,8.416348091184611e-05,347567.6654285157,200,3,2.0,2.0,198.0,200.0,0.17526507377624512,1.32733224198455,8.404842861025827,1658.162214898999
bip42p.txt,200,all,286,serious,OPTIMAL,OPTIMAL,OPTIMAL,OPTIMAL,True,0.9188587012549818,0.9188587012549818,0.9188587012549818,0.9188587012549818,0.9188587012549818,42.0,97.81224118748813,-0.9188587012549818,-0.9188587012549818,-0.9191972642765894,0.0006212959675496732,0.00028273294594205467,199.521269590362,4.219844816123133e-05,243297.36579996097,200,2,2.0,2.0,198.0,200.0,0.19811201095581055,1.3257974820153322,8.466330016992288,1666.6285613240034
bip42p.txt,200,all,287,null,OPTIMAL,OPTIMAL,OPTIMAL,OPTIMAL,True,0.9188587012549818,0.9189946159083382,0.9189946159083382,0.9189946159083382,0.9189946159083382,42.0,97.81191758117062,-0.9188587012549818,-0.9189946159083382,-0.9207831991142283,0.0019244978592465323,0.00013591465335638375,14.486459574040756,5.4804521360616984e-05,486594.73159992194,200,0,2.0,2.0,200.0,200.0,0.15057921409606934,1.1443838439881802,8.215284042991698,1674.8438597939967
bip42p.txt,200,all,288,serious,OPTIMAL,OPTIMAL,OPTIMAL,OPTIMAL,True,0.9191248670114998,0.9191248670114998,0.9191248670114998,0.9191248670114998,0.9191248670114998,42.0,97.81160745949644,-0.9191248670114998,-0.9191248670114998,-0.9194016781724977,0.0005429769175159249,0.0002661657565179443,142.1096450538459,2.9427181485838498e-05,340616.31211994536,200,1,2.0,2.0,200.0,200.0,0.21236205101013184,1.4444000810035504,8.474176966992673,1683.3180515889835
bip42p.txt,200,all,289,null,OPTIMAL,OPTIMAL,OPTIMAL,OPTIMAL,True,0.9191248670114998,0.9184026919234202,0.9184026919234202,0.9184026919234202,0.9191248670114998,42.0,97.81160745949644,-0.9191248670114998,-0.9184026919234202,-0.9199869337366297,0.0008620667251298952,-0.0007221750880795907,244.55904653865275,4.1594025791321026e-05,681232.6242398907,200,3,2.0,2.0,198.0,200.0,0.18358898162841797,1.4879438880016096,8.822726811980829,1692.1407924609957
bip42p.txt,200,all,290,serious,OPTIMAL,OPTIMAL,OPTIMAL,OPTIMAL,True,0.9192371610096536,0.9192371610096536,0.9192371610096536,0.9192371610096536,0.9192371610096536,42.0,97.81134009283417,-0.9192371610096536,-0.9192371610096536,-0.9196811200530297,0.0005562530415299527,0.0001122939981538229,14.386977983659966,2.0527647209804818e-05,476862.83696792345,200,0,2.0,2.0,200.0,200.0,0.16513395309448242,1.0866819660004694,8.035807687992929,1700.1766126379953
bip42p.txt,200,all,291,null,OPTIMAL,OPTIMAL,OPTIMAL,OPTIMAL,True,0.9192371610096536,0.9192032907996914,0.9192032907996914,0.9192032907996914,0.9192371610096536,42.0,97.81134009283417,-0.9192371610096536,-0.9192032907996914,-0.9196661557875905,0.00042899477793689744,-3.387020996215018e-05,244.54191020658496,2.9886252985890007e-05,953725.6739358469,200,3,2.0,2.0,198.0,200.0,0.14055204391479492,1.1729580390092451,8.091563035006402,1708.2682477390044
bip42p.txt,200,all,292,serious,OPTIMAL,OPTIMAL,OPTIMAL,OPTIMAL,True,0.9193747505906331,0.9193747505906331,0.9193747505906331,0.9193747505906331,0.9193747505906331,42.0,97.81101249859373,-0.9193747505906331,-0.9193747505906331,-0.9194509453614713,0.00021378435181773625,0.00013758958097953577,14.219903386937903,1.4991165189176282e-05,667607.9717550927,200,0,2.0,2.0,200.0,200.0,0.19571185111999512,1.189659732975997,8.146654815995134,1716.4149208619783
bip42p.txt,200,all,293,null,OPTIMAL,OPTIMAL,OPTIMAL,OPTIMAL,True,0.9193747505906331,0.9193665355998011,0.9193665355998011,0.9193665355998011,0.9193747505906331,42.0,97.81101249859373,-0.9193747505906331,-0.9193665355998011,-0.919673639205185,0.000298888614551851,-8.21499083203392e-06,199.49718217283973,2.1102576667834343e-05,1000000.0,200,2,1.5289154210731026,1.5289154210731026,198.0,200.0,0.15709614753723145,1.3734520529978909,8.024185841000872,1724.4391238690005
bip42p.txt,200,all,294,serious,OPTIMAL,OPTIMAL,OPTIMAL,OPTIMAL,True,0.9194586560304783,0.9194586560304783,0.9194586560304783,0.9194586560304783,0.9194586560304783,42.0,97.81081272373697,-0.9194586560304783,-0.9194586560304783,-0.9195719883424781,0.00019723775184499193,8.390543984515553e-05,140.7253850859017,1.3967037188719647e-05,700000.0,200,1,2.0,2.0,198.0,200.0,0.16462206840515137,1.147815744014224,8.068010197981494,1732.5071476309968
bip42p.txt,200,all,295,null,OPTIMAL,OPTIMAL,OPTIMAL,OPTIMAL,True,0.9194586560304783,0.9194773463799462,0.9194773463799462,0.9194773463799462,0.9194773463799462,42.0,97.81076822290487,-0.9194586560304783,-0.9194773463799462,-0.9200157404068354,0.0005570843763571531,1.8690349467886946e-05,142.14596639156042,2.0248101411388683e-05,1000000.0,200,1,2.0,2.0,200.0,200.0,0.15444707870483398,1.196863619989017,8.34875751301297,1740.8559190179803
bip42p.txt,200,all,296,null,OPTIMAL,OPTIMAL,OPTIMAL,OPTIMAL,True,0.9194586560304783,0.9194727456576403,0.9194727456576403,0.9194727456576403,0.9194773463799462,42.0,97.81076822290487,-0.9194586560304783,-0.9194727456576403,-0.9199224496169225,0.00046379358644421664,1.408962716198392e-05,142.1273887662508,1.4169806579829247e-05,1000000.0,200,1,2.0,2.0,200.0,200.0,0.22837305068969727,1.3105555560032371,8.213641496025957,1749.0695755549823
bip42p.txt,200,all,297,serious,OPTIMAL,OPTIMAL,OPTIMAL,OPTIMAL,True,0.9195136490881263,0.9195136490881263,0.9195136490881263,0.9195136490881263,0.9195136490881263,42.0,97.81068178788543,-0.9195136490881263,-0.9195136490881263,-0.9199144598140212,0.0004558037835429296,5.4993057648000665e-05,14.28439206841963,1.3949546311655509e-05,700000.0,200,0,2.0,2.0,200.0,200.0,0.13678598403930664,1.2764260410040151,7.85085394399357,1756.9204437370063
bip42p.txt,200,all,298,serious,OPTIMAL,OPTIMAL,OPTIMAL,OPTIMAL,True,0.9196053725782833,0.9196053725782833,0.9196053725782833,0.9196053725782833,0.9196053725782833,42.0,97.81046339862314,-0.9196053725782833,-0.9196053725782833,-0.9198006932600787,0.00028704417195246634,9.17234901570696e-05,142.1342744109783,2.0212215268447208e-05,489999.99999999994,200,1,2.0,2.0,200.0,200.0,0.19714903831481934,1.1860153009765781,7.992902607016731,1764.913363233005
bip42p.txt,200,all,299,serious,OPTIMAL,OPTIMAL,OPTIMAL,OPTIMAL,True,0.9196746214615823,0.9196746214615823,0.9196746214615823,0.9196746214615823,0.9196746214615823,42.0,97.81029852032957,-0.9196746214615823,-0.9196746214615823,-0.9202654349560415,0.0006600623777581749,6.924888329895573e-05,14.689185805718006,2.407734280044023e-05,342999.99999999994,200,0,2.0,2.0,200.0,200.0,0.1470949649810791,1.1764550739899278,7.903097778005758,1772.8164755549806
bip42p.txt,200,all,300,serious,OPTIMAL,OPTIMAL,OPTIMAL,OPTIMAL,True,0.919840703439361,0.919840703439361,0.919840703439361,0.919840703439361,0.919840703439361,42.0,97.80990308704915,-0.919840703439361,-0.919840703439361,-0.9202815431214442,0.0006069216598618699,0.00016608197777867595,142.190414092507,4.1458503272583874e-05,240099.99999999994,200,1,2.0,2.0,200.0,200.0,0.1595749855041504,1.2674418039969169,8.022012417000951,1780.8385016039829
bip42p.txt,200,all,301,null,OPTIMAL,OPTIMAL,OPTIMAL,OPTIMAL,True,0.919840703439361,0.9198940178710606,0.9198940178710606,0.9198940178710606,0.9198940178710606,42.0,97.80977614792606,-0.919840703439361,-0.9198940178710606,-0.9207479586470798,0.0009072552077188378,5.3314431699647e-05,200.52808721275267,4.241002019360364e-05,480199.9999999999,200,2,2.0,2.0,200.0,200.0,0.21988797187805176,1.11043549401802,7.885614055005135,1788.72418219698
bip42p.txt,200,all,302,serious,OPTIMAL,OPTIMAL,OPTIMAL,OPTIMAL,True,0.9199330033138331,0.9199330033138331,0.9199330033138331,0.9199330033138331,0.9199330033138331,42.0,97.80968332544327,-0.9199330033138331,-0.9199330033138331,-0.920533039358907,0.0006923359195459833,9.229987447212373e-05,14.474892041997332,2.1617142720900968e-05,336139.9999999999,200,0,2.0,2.0,200.0,200.0,0.1903550624847412,1.1958298789977562,7.957064016023651,1796.6812623479927
bip42p.txt,200,all,303,null,OPTIMAL,OPTIMAL,OPTIMAL,OPTIMAL,True,0.9199330033138331,0.9195646373902524,0.9195646373902524,0.9195646373902524,0.9199330033138331,42.0,97.80968332544327,-0.9199330033138331,-0.9195646373902524,-0.920545157154852,0.0006121538410188698,-0.00036836592358069353,245.36155143994225,4.241399497004153e-05,672279.9999999998,200,3,2.0,2.0,200.0,200.0,0.17545294761657715,1.1025473170157056,7.984476980025647,1804.6657533029793
bip42p.txt,200,all,304,serious,OPTIMAL,OPTIMAL,OPTIMAL,OPTIMAL,True,0.920043070382481,0.920043070382481,0.920043070382481,0.920043070382481,0.920043070382481,42.0,97.8094212609941,-0.920043070382481,-0.920043070382481,-0.9202419182779786,0.00030891496414553465,0.00011006706864791216,140.71295352264247,2.135539763548825e-05,470595.9999999998,200,1,2.0,2.0,198.0,200.0,0.13661813735961914,1.1955489309912082,8.500398588977987,1813.1661689189787
bip42p.txt,200,all,305,null,OPTIMAL,OPTIMAL,OPTIMAL,OPTIMAL,True,0.920043070382481,0.9201156110128317,0.9201156110128317,0.9201156110128317,0.9201156110128317,42.0,97.80924854520754,-0.920043070382481,-0.9201156110128317,-0.9207711370238988,0.0007280666414177794,7.254063035067038e-05,14.584993223358275,2.179009914036062e-05,941191.9999999997,200,0,2.0,2.0,200.0,200.0,0.23331904411315918,1.2378475890145637,8.045503774977988,1821.2116886629956
bip42p.txt,200,all,306,serious,OPTIMAL,OPTIMAL,OPTIMAL,OPTIMAL,True,0.9201441313326655,0.9201441313326655,0.9201441313326655,0.9201441313326655,0.9201441313326655,42.0,97.80918063968413,-0.9201441313326655,-0.9201441313326655,-0.9203164271375522,0.00027335675507123014,0.00010106095018447281,14.323566043513999,1.5306631932691768e-05,658834.3999999997,200,0,2.0,2.0,200.0,200.0,0.26947617530822754,1.1840354930027388,8.768656714004464,1829.980358671979
bip42p.txt,200,all,307,serious,OPTIMAL,OPTIMAL,OPTIMAL,OPTIMAL,True,0.9202072789771064,0.9202072789771064,0.9202072789771064,0.9202072789771064,0.9202072789771064,42.0,97.80903028814973,-0.9202072789771064,-0.9202072789771064,-0.9203866681181295,0.00024253678546404256,6.314764444093068e-05,142.1540786324329,1.776476458809394e-05,461184.0799999997,200,1,2.0,2.0,200.0,200.0,0.14959192276000977,1.2408349530014675,7.918160011002328,1837.8985302429937
bip42p.txt,200,all,308,null,OPTIMAL,OPTIMAL,OPTIMAL,OPTIMAL,True,0.9202072789771064,0.9198642668456414,0.9198642668456414,0.9198642668456414,0.9202072789771064,42.0,97.80903028814973,-0.9202072789771064,-0.9198642668456414,-0.9207229194040133,0.0005156404269068826,-0.00034301213146503695,200.50377267341653,2.335612871559388e-05,922368.1599999995,200,2,2.0,2.0,200.0,200.0,0.16059303283691406,1.2403529299772345,7.981092746020295,1845.8796553300053
bip42p.txt,200,all,309,serious,OPTIMAL,OPTIMAL,OPTIMAL,OPTIMAL,True,0.9202773448481661,0.9202773448481661,0.9202773448481661,0.9202773448481661,0.9202773448481661,42.0,97.80886346464723,-0.9202773448481661,-0.9202773448481661,-0.9206115431238798,0.00040426414677341427,7.006587105973239e-05,14.303037964570969,1.460343965913799e-05,645657.7119999996,200,0,2.0,2.0,200.0,200.0,0.13974404335021973,1.241114103992004,7.987721765995957,1853.86739747299
bip42p.txt,200,all,310,null,OPTIMAL,OPTIMAL,OPTIMAL,OPTIMAL,True,0.9202773448481661,0.920223986674835,0.920223986674835,0.920223986674835,0.9202773448481661,42.0,97.80886346464723,-0.9202773448481661,-0.920223986674835,-0.9205920216686921,0.0003146768205259942,-5.335817333118609e-05,142.14884572480082,2.200955920747253e-05,1000000.0,200,1,1.936173753514809,1.936173753514809,200.0,200.0,0.17811203002929688,1.2344665070122574,7.853879239002708,1861.7212924759951
bip42p.txt,200,all,311,serious,OPTIMAL,OPTIMAL,OPTIMAL,OPTIMAL,True,0.9203618196554252,0.9203618196554252,0.9203618196554252,0.9203618196554252,0.9203618196554252,42.0,97.80866233415375,-0.9203618196554252,-0.9203618196554252,-0.9204777733868671,0.00020042853870094746,8.447480725903844e-05,14.064395277290389,1.4072543454151738e-05,700000.0,200,0,2.0,2.0,200.0,200.0,0.14680719375610352,1.2146834080049302,8.498671097011538,1870.220047727984
bip42p.txt,200,all,312,null,OPTIMAL,OPTIMAL,OPTIMAL,OPTIMAL,True,0.9203618196554252,0.9202195216464044,0.9202195216464044,0.9202195216464044,0.9203618196554252,42.0,97.80866233415375,-0.9203618196554252,-0.9202195216464044,-0.9206356005088773,0.000273780853452088,-0.00014229800902076928,200.51005351019032,1.952275977422534e-05,1000000.0,200,2,2.0,2.0,200.0,200.0,0.1890249252319336,1.360707851999905,8.283890721009811,1878.5039558399876
bip42p.txt,200,all,313,serious,OPTIMAL,OPTIMAL,OPTIMAL,OPTIMAL,True,0.92042943960254,0.92042943960254,0.92042943960254,0.92042943960254,0.92042943960254,42.0,97.80850133427967,-0.92042943960254,-0.92042943960254,-0.9205546555715473,0.0001928359161220694,6.761994711479424e-05,14.249390933293558,1.378254499643551e-05,700000.0,200,0,2.0,2.0,200.0,200.0,0.13759303092956543,1.442214504990261,8.329416992986808,1886.8333881489816
bip42p.txt,200,all,314,serious,OPTIMAL,OPTIMAL,OPTIMAL,OPTIMAL,True,0.9204989193799645,0.9204989193799645,0.9204989193799645,0.9204989193799645,0.9204989193799645,42.0,97.80833590623817,-0.9204989193799645,-0.9204989193799645,-0.9206937078767707,0.00026426827423076116,6.947977742455258e-05,13.959159985501335,1.8738815834994863e-05,489999.99999999994,200,0,1.4345614311911778,1.4345614311911778,200.0,200.0,0.1798100471496582,1.2066144479904324,8.16890724899713,1895.0023293379927
bip42p.txt,200,all,315,serious,OPTIMAL,OPTIMAL,OPTIMAL,OPTIMAL,True,0.920566505255839,0.920566505255839,0.920566505255839,0.920566505255839,0.920566505255839,42.0,97.8081749874861,-0.920566505255839,-0.920566505255839,-0.9208178489836816,0.00031892960371704415,6.75858758745207e-05,142.12392717520825,2.3585578812191585e-05,342999.99999999994,200,1,2.0,2.0,200.0,200.0,0.20942997932434082,1.1734830760105979,8.332451243972173,1903.3347959620005
bip42p.txt,200,all,316,null,OPTIMAL,OPTIMAL,OPTIMAL,OPTIMAL,True,0.920566505255839,0.9205905336489056,0.9205905336489056,0.9205905336489056,0.9205905336489056,42.0,97.80811777702642,-0.920566505255839,-0.9205905336489056,-0.9210626602497243,0.0004961549938852228,2.402839306658855e-05,142.1651985698267,2.575447062844784e-05,685999.9999999999,200,1,1.9793584908115212,1.9793584908115212,200.0,200.0,0.2695760726928711,1.1516402590204962,8.502087508997647,1911.8368980899977
bip42p.txt,200,all,317,serious,OPTIMAL,OPTIMAL,OPTIMAL,OPTIMAL,True,0.9206181454555868,0.9206181454555868,0.9206181454555868,0.9206181454555868,0.9206181454555868,42.0,97.80805203462957,-0.9206181454555868,-0.9206181454555868,-0.9209534111450122,0.00038690588917311697,5.1640199747793325e-05,14.451878890995795,1.4292920741021193e-05,480199.9999999999,200,0,2.0,2.0,200.0,200.0,0.181013822555542,1.3797394070134033,8.581024521001382,1920.4179377160035
bip42p.txt,200,all,318,null,OPTIMAL,OPTIMAL,OPTIMAL,OPTIMAL,True,0.9206181454555868,0.920618074666254,0.920618074666254,0.920618074666254,0.9206181454555868,42.0,97.80805203462957,-0.9206181454555868,-0.920618074666254,-0.9210005521982205,0.0003824067426336786,-7.078933283999334e-08,142.13436102138044,2.6820620630800062e-05,960399.9999999998,200,1,2.0,2.0,200.0,200.0,0.18361306190490723,1.4303012410236988,8.912489603011636,1929.3304422049841
bip42p.txt,200,all,319,serious,OPTIMAL,OPTIMAL,OPTIMAL,OPTIMAL,True,0.9206967727848975,0.9206967727848975,0.9206967727848975,0.9206967727848975,0.9206967727848975,42.0,97.80786482670261,-0.9206967727848975,-0.9206967727848975,-0.9208246932959372,0.00020654784035034623,7.86273293106321e-05,14.38920495866803,1.4504044760483564e-05,672279.9999999998,200,0,2.0,2.0,200.0,200.0,0.14604902267456055,1.2968539619760122,8.099279329995625,1937.4297351099958
bip42p.txt,200,all,320,serious,OPTIMAL,OPTIMAL,OPTIMAL,OPTIMAL,True,0.9207788284047432,0.9207788284047432,0.9207788284047432,0.9207788284047432,0.9207788284047432,42.0,97.80766945617918,-0.9207788284047432,-0.9207788284047432,-0.920985590744966,0.00028881796006852145,8.20556198457556e-05,14.055618348061497,2.0254323150682902e-05,470595.9999999998,200,0,1.0,1.0,200.0,200.0,0.14603304862976074,1.1377111169858836,7.657458892004797,1945.0872075869993
bip42p.txt,200,all,321,serious,OPTIMAL,OPTIMAL,OPTIMAL,OPTIMAL,True,0.9208559878634207,0.9208559878634207,0.9208559878634207,0.9208559878634207,0.9208559878634207,42.0,97.80748574318234,-0.9208559878634207,-0.9208559878634207,-0.9211028542499425,0.000324025845199305,7.71594586774782e-05,14.377137953236664,2.389208042100943e-05,329417.19999999984,200,0,2.0,2.0,200.0,200.0,0.1912989616394043,1.2263701730116736,8.006057228019927,1953.0933312949783
bip42p.txt,200,all,322,null,OPTIMAL,OPTIMAL,OPTIMAL,OPTIMAL,True,0.9208559878634207,0.9207223186250798,0.9207223186250798,0.9207223186250798,0.9208559878634207,42.0,97.80748574318234,-0.9208559878634207,-0.9207223186250798,-0.92126093284323,0.0004049449798092519,-0.0001336692383409055,200.50693785594794,3.054823347416085e-05,658834.3999999997,200,2,2.0,2.0,200.0,200.0,0.18271708488464355,1.3228482769918628,8.001526940002805,1961.0948718900036
bip42p.txt,200,all,323,serious,OPTIMAL,OPTIMAL,OPTIMAL,OPTIMAL,True,0.9209028261909501,0.9209028261909501,0.9209028261909501,0.9209028261909501,0.9209028261909501,42.0,97.80737422335488,-0.9209028261909501,-0.9209028261909501,-0.921144855153019,0.00028886728959831576,4.683832752938599e-05,142.1296461438304,2.039496214707273e-05,461184.0799999997,200,1,2.0,2.0,200.0,200.0,0.15788984298706055,1.2850442930066492,8.12031359699904,1969.2152019779896
bip42p.txt,200,all,324,serious,OPTIMAL,OPTIMAL,OPTIMAL,OPTIMAL,True,0.9209717051125097,0.9209717051125097,0.9209717051125097,0.9209717051125097,0.9209717051125097,42.0,97.8072102259226,-0.9209717051125097,-0.9209717051125097,-0.9213214855947877,0.0004186594038375624,6.887892155960085e-05,14.204129383911894,1.89210176439307e-05,322828.8559999998,200,0,2.0,2.0,200.0,200.0,0.20999598503112793,1.2487588440126274,8.00463202901301,1977.2198509839945
bip42p.txt,200,all,325,null,OPTIMAL,OPTIMAL,OPTIMAL,OPTIMAL,True,0.9209717051125097,0.9209807534644515,0.9209807534644515,0.9209807534644515,0.9209807534644515,42.0,97.8071886822275,-0.9209717051125097,-0.9209807534644515,-0.9214100934020828,0.0004383882895730995,9.04835194182052e-06,200.53161863560666,3.215575317271083e-05,645657.7119999996,200,2,2.0,2.0,200.0,200.0,0.18836522102355957,1.240308277978329,8.539961617992958,1985.759828123002
bip42p.txt,200,all,326,serious,OPTIMAL,OPTIMAL,OPTIMAL,OPTIMAL,True,0.9210624235367849,0.9210624235367849,0.9210624235367849,0.9210624235367849,0.9210624235367849,42.0,97.80699422967434,-0.9210624235367849,-0.9210624235367849,-0.9212647595344255,0.0002930544219158504,9.07184242752157e-05,14.288430959307165,2.100290754746537e-05,451960.3983999997,200,0,2.0,2.0,200.0,200.0,0.16940712928771973,1.1735480590141378,8.593461084994487,1994.353304039978
bip42p.txt,200,all,327,serious,OPTIMAL,OPTIMAL,OPTIMAL,OPTIMAL,True,0.9211403041620477,0.9211403041620477,0.9211403041620477,0.9211403041620477,0.9211403041620477,42.0,97.80680879961417,-0.9211403041620477,-0.9211403041620477,-0.9214173142927805,0.00035489075599559605,7.788062526281614e-05,142.13884691964392,2.5506148190564477e-05,316372.27887999977,200,1,2.0,2.0,200.0,200.0,0.15452814102172852,1.2433878120209556,8.34154263700475,2002.6948625060031
bip42p.txt,200,all,328,null,OPTIMAL,OPTIMAL,OPTIMAL,OPTIMAL,True,0.9211403041620477,0.9210820626160623,0.9210820626160623,0.9210820626160623,0.9211403041620477,42.0,97.80680879961417,-0.9211403041620477,-0.9210820626160623,-0.921644617402738,0.000504313240690224,-5.824154598543796e-05,200.4942622449322,2.6395565325014456e-05,632744.5577599995,200,2,2.0,2.0,200.0,200.0,0.15492582321166992,1.1331510439922567,7.97102102599456,2010.6658988379932
bip42p.txt,200,all,329,null,OPTIMAL,OPTIMAL,OPTIMAL,OPTIMAL,True,0.9211403041620477,0.9211748402280063,0.9211748402280063,0.9211748402280063,0.9211748402280063,42.0,97.8067265708857,-0.9211403041620477,-0.9211748402280063,-0.9215336666557258,0.0003933624936780511,3.453606595860137e-05,14.13023399524558,1.3414584172012042e-05,1000000.0,200,0,1.0,1.0,200.0,200.0,0.15902113914489746,1.3697506170137785,8.122179658006644,2018.7880942639895
bip42p.txt,200,all,330,serious,OPTIMAL,OPTIMAL,OPTIMAL,OPTIMAL,True,0.9212019162230467,0.9212019162230467,0.9212019162230467,0.9212019162230467,0.9212019162230467,42.0,97.80666210423085,-0.9212019162230467,-0.9212019162230467,-0.9213379046459924,0.0001976004839446821,6.161206099897232e-05,14.392659037468338,1.3387674650854062e-05,700000.0,200,0,2.0,2.0,200.0,200.0,0.13759183883666992,1.2715446350048296,7.977524682995863,2026.7656330239843
bip42p.txt,200,all,331,serious,OPTIMAL,OPTIMAL,OPTIMAL,OPTIMAL,True,0.9212603760363121,0.9212603760363121,0.9212603760363121,0.9212603760363121,0.9212603760363121,42.0,97.80652291419925,-0.9212603760363121,-0.9212603760363121,-0.9214166694865841,0.00021475326353737056,5.8459813265354654e-05,200.51868251763662,1.5826209858088698e-05,489999.99999999994,200,2,2.0,2.0,200.0,200.0,0.23650407791137695,1.3049381180026103,8.280541048996383,2035.046301727998
bip42p.txt,200,all,332,null,OPTIMAL,OPTIMAL,OPTIMAL,OPTIMAL,True,0.9212603760363121,0.9211054320692087,0.9211054320692087,0.9211054320692087,0.9212603760363121,42.0,97.80652291419925,-0.9212603760363121,-0.9211054320692087,-0.9215827378535884,0.0003223618172762954,-0.00015494396710336034,200.51248863000004,1.63409687075491e-05,979999.9999999999,200,2,2.0,2.0,200.0,200.0,0.21368098258972168,1.1864954560005572,8.001128364994656,2043.0474457249802
bip42p.txt,200,all,333,serious,OPTIMAL,OPTIMAL,OPTIMAL,OPTIMAL,True,0.9212935461263311,0.9212935461263311,0.9212935461263311,0.9212935461263311,0.9212935461263311,42.0,97.80644393779446,-0.9212935461263311,-0.9212935461263311,-0.9215160896806822,0.0002557136443701591,3.317009001901905e-05,14.304055777499565,8.983827563200354e-06,685999.9999999999,200,0,2.0,2.0,200.0,200.0,0.1424551010131836,1.2249527879757807,8.044864861003589,2051.092324405996
bip42p.txt,200,all,334,serious,OPTIMAL,OPTIMAL,OPTIMAL,OPTIMAL,True,0.9213581816796139,0.9213581816796139,0.9213581816796139,0.9213581816796139,0.9213581816796139,42.0,97.80629004361997,-0.9213581816796139,-0.9213581816796139,-0.9215475272145168,0.0002539810881857507,6.463555328284354e-05,14.241742029124927,1.8048310293541465e-05,480199.9999999999,200,0,2.0,2.0,200.0,200.0,0.1643679141998291,1.252411586989183,8.523520396993263,2059.6158594659937
bip42p.txt,200,all,335,serious,OPTIMAL,OPTIMAL,OPTIMAL,OPTIMAL,True,0.921430308102381,0.921430308102381,0.921430308102381,0.921430308102381,0.921430308102381,42.0,97.80611831404195,-0.921430308102381,-0.921430308102381,-0.9216371712735467,0.0002789895939327991,7.212642276710479e-05,14.40201795517366,2.0761252881925903e-05,336139.9999999999,200,0,2.0,2.0,200.0,200.0,0.15531110763549805,1.1727753540035337,8.787509230984142,2068.4033831999986
bip42p.txt,200,all,336,serious,OPTIMAL,OPTIMAL,OPTIMAL,OPTIMAL,True,0.921478477547357,0.921478477547357,0.921478477547357,0.921478477547357,0.921478477547357,42.0,97.80600362488724,-0.921478477547357,-0.921478477547357,-0.9217621692299318,0.0003318611275507921,4.81694449759873e-05,245.37361678597043,2.5943970359618547e-05,235297.9999999999,200,3,2.0,2.0,200.0,200.0,0.21615314483642578,1.1453223899879958,8.607661844987888,2077.011060443998
bip42p.txt,200,all,337,serious,OPTIMAL,OPTIMAL,OPTIMAL,OPTIMAL,True,0.9215697003672356,0.9215697003672356,0.9215697003672356,0.9215697003672356,0.9215697003672356,42.0,97.80578642769706,-0.9215697003672356,-0.9215697003672356,-0.9219992541359777,0.0005207765886207083,9.122281987861136e-05,15.040501302995997,3.17100274707256e-05,164708.59999999992,200,0,2.0,2.0,200.0,200.0,0.1766209602355957,1.4639606629789341,8.407889077003347,2085.418967857986
bip42p.txt,200,all,338,serious,OPTIMAL,OPTIMAL,OPTIMAL,OPTIMAL,True,0.9216440073835049,0.9216440073835049,0.9216440073835049,0.9216440073835049,0.9216440073835049,42.0,97.80560950622976,-0.9216440073835049,-0.9216440073835049,-0.9221976068226221,0.0006279064553864622,7.430701626931491e-05,200.52430499398122,4.88258911665409e-05,115296.01999999993,200,2,2.0,2.0,200.0,200.0,0.203110933303833,1.2424091289867647,9.013144263008144,2094.4321270109795
bip42p.txt,200,all,339,serious,OPTIMAL,OPTIMAL,OPTIMAL,OPTIMAL,True,0.9218398419845104,0.9218398419845104,0.9218398419845104,0.9218398419845104,0.9218398419845104,42.0,97.80514323337022,-0.9218398419845104,-0.9218398419845104,-0.9225213709905906,0.0008773636070856794,0.00019583460100547345,142.2163476141417,5.025462226391041e-05,80707.21399999995,200,1,2.0,2.0,200.0,200.0,0.17600703239440918,1.2308531320013572,7.85812759998953,2102.2902688189934
bip42p.txt,200,all,340,serious,OPTIMAL,OPTIMAL,OPTIMAL,OPTIMAL,True,0.9221406749526228,0.9221406749526228,0.9221406749526228,0.9221406749526228,0.9221406749526228,42.0,97.80442696439852,-0.9221406749526228,-0.9221406749526228,-0.9228649306519319,0.0010250886674214588,0.00030083296811234117,15.140715186698259,6.495934391883886e-05,56495.049799999964,200,0,2.0,2.0,200.0,200.0,0.19904017448425293,1.2612073440104723,8.2932615110185,2110.583547410002
bip42p.txt,200,all,341,serious,OPTIMAL,OPTIMAL,OPTIMAL,OPTIMAL,True,0.9225822191660256,0.9225822191660256,0.9225822191660256,0.9225822191660256,0.9225822191660256,42.0,97.80337566865232,-0.9225822191660256,-0.9225822191660256,-0.9233205206939953,0.0011798457413725316,0.00044154421340281136,142.22188826534767,0.0001055946209331938,39546.53485999997,200,1,2.0,2.0,200.0,200.0,0.15394902229309082,1.1963012230116874,8.592678526008967,2119.1763054559997
bip42p.txt,200,all,342,serious,OPTIMAL,OPTIMAL,OPTIMAL,OPTIMAL,True,0.9228896478698795,0.9228896478698795,0.9228896478698795,0.9228896478698795,0.9228896478698795,42.0,97.80264369554791,-0.9228896478698795,-0.9228896478698795,-0.9239940718092919,0.0014118526432663758,0.00030742870385391807,245.43949156372403,0.00013026552710514763,27682.574401999977,200,3,3.0,3.0,200.0,200.0,0.21806907653808594,1.1271923970198259,7.927018259011675,2127.1033388439973
bip42p.txt,200,all,343,serious,OPTIMAL,OPTIMAL,OPTIMAL,OPTIMAL,True,0.9235390764035902,0.9235390764035902,0.9235390764035902,0.9235390764035902,0.9235390764035902,42.0,97.8010974371343,-0.9235390764035902,-0.9235390764035902,-0.9249440154307552,0.002054367560875736,0.0006494285337107497,142.3508368278274,0.00018536737660369165,19377.802081399983,200,1,3.0,3.0,200.0,200.0,0.22441697120666504,1.437418853980489,8.155199747008737,2135.258555053995
bip42p.txt,200,all,344,serious,OPTIMAL,OPTIMAL,OPTIMAL,OPTIMAL,True,0.92444345030963,0.92444345030963,0.92444345030963,0.92444345030963,0.92444345030963,42.0,97.79894416592946,-0.92444345030963,-0.92444345030963,-0.9262959273397591,0.002756850936168842,0.0009043739060398126,346.8132340293334,0.00026426281015314246,13564.461456979987,200,6,3.0,3.0,200.0,200.0,0.180556058883667,1.2281533769855741,8.246620158985024,2143.505191283999
bip42p.txt,200,all,345,serious,OPTIMAL,OPTIMAL,OPTIMAL,OPTIMAL,True,0.9263189132201914,0.9263189132201914,0.9263189132201914,0.9263189132201914,0.9263189132201914,42.0,97.79447877804716,-0.9263189132201914,-0.9263189132201914,-0.9282173825310971,0.0037739322214670468,0.0018754629105613985,283.33310721095984,0.0003764882876420526,9495.12301988599,200,4,3.0,3.0,200.0,200.0,0.17081212997436523,1.133173987007467,8.036045771004865,2151.541253478994
bip42p.txt,200,all,346,serious,OPTIMAL,OPTIMAL,OPTIMAL,OPTIMAL,True,0.9273233373501829,0.9273233373501829,0.9273233373501829,0.9273233373501829,0.9273233373501829,42.0,97.79208729202338,-0.9273233373501829,-0.9273233373501829,-0.9309621021492325,0.004643188929041031,0.0010044241299914658,346.22976540879375,0.0005378104900549442,6646.5861139201925,200,6,3.0,3.0,198.0,200.0,0.35541605949401855,1.3480461429862771,8.311286971991649,2159.8525550320046
bip42p.txt,200,all,347,serious,OPTIMAL,OPTIMAL,OPTIMAL,OPTIMAL,True,0.930979102675438,0.930979102675438,0.930979102675438,0.930979102675438,0.930979102675438,42.0,97.783383088868,-0.930979102675438,-0.930979102675438,-0.9348771740050967,0.007553836654913826,0.0036557653252551336,316.66646102870504,0.0007676336786484574,4652.6102797441345,200,5,3.0,3.0,200.0,200.0,0.2121889591217041,1.1944221149897203,8.322712683991995,2168.1752814829815
bip42p.txt,200,all,348,serious,OPTIMAL,OPTIMAL,OPTIMAL,OPTIMAL,True,0.9333004597723893,0.9333004597723893,0.9333004597723893,0.9333004597723893,0.9333004597723893,42.0,97.77785604816097,-0.9333004597723893,-0.9333004597723893,-0.9404646644304256,0.009485561754987604,0.0023213570969512487,316.67236165881457,0.0010962458651873177,3256.827195820894,200,5,3.0,3.0,200.0,200.0,0.31921911239624023,1.258054820005782,8.932959807018051,2177.108257315005
bip42p.txt,200,all,349,null,OPTIMAL,OPTIMAL,OPTIMAL,OPTIMAL,True,0.9333004597723893,0.9243508645028532,0.9243508645028532,0.9243508645028532,0.9333004597723893,42.0,97.77785604816097,-0.9333004597723893,-0.9243508645028532,-0.9484469244138013,0.015146464641412005,-0.008949595269536093,509.78069278108876,0.0015660944912411576,6513.654391641788,200,13,3.0,3.0,198.0,200.0,0.22552990913391113,1.094442297006026,8.337756396009354,2185.44602919498
bip42p.txt,200,all,350,serious,OPTIMAL,OPTIMAL,OPTIMAL,OPTIMAL,True,0.9374741623775197,0.9374741623775197,0.9374741623775197,0.9374741623775197,0.9374741623775197,42.0,97.76791866100591,-0.9374741623775197,-0.9374741623775197,-0.9444610255920881,0.01116056581969882,0.004173702605130392,346.82451509359424,0.0007838632933582925,4559.558074149251,200,6,3.0,3.0,200.0,200.0,0.19795703887939453,1.094503683008952,8.701707353000529,2194.1477515849983
bip42p.txt,200,all,351,null,OPTIMAL,OPTIMAL,OPTIMAL,OPTIMAL,True,0.9374741623775197,0.9379957411855487,0.9379957411855487,0.9379957411855487,0.9379957411855487,42.0,97.76667680670107,-0.9374741623775197,-0.9379957411855487,-0.9501520830907288,0.012677920713209168,0.0005215788080290551,399.86442613789194,0.0011176105767082179,9119.116148298503,200,8,3.0,3.0,198.0,200.0,0.23511219024658203,1.1148903199937195,8.065336428990122,2202.2131597900006
bip42p.txt,200,all,352,serious,OPTIMAL,OPTIMAL,OPTIMAL,OPTIMAL,True,0.9388039311256242,0.9388039311256242,0.9388039311256242,0.9388039311256242,0.9388039311256242,42.0,97.76475254493897,-0.9388039311256242,-0.9388039311256242,-0.9473018886536203,0.009827726276100623,0.0013297687481045317,283.3557688865307,0.0005590530336740084,6383.381303808951,200,4,3.0,3.0,200.0,200.0,0.1740579605102539,1.1618993890006095,8.089097576012136,2210.3022730069933
bip42p.txt,200,all,353,serious,OPTIMAL,OPTIMAL,OPTIMAL,OPTIMAL,True,0.9404160654254818,0.9404160654254818,0.9404160654254818,0.9404160654254818,0.9404160654254818,42.0,97.76091412993934,-0.9404160654254818,-0.9404160654254818,-0.9513606943912465,0.012556763265622273,0.001612134299857626,400.3506259118297,0.0007984883172967746,4468.366912666265,200,8,3.0,3.0,199.949949990992,200.0,0.2268369197845459,1.2271543109964114,8.121406309015583,2218.4236946489837
bip42p.txt,200,all,354,null,OPTIMAL,OPTIMAL,OPTIMAL,OPTIMAL,True,0.9404160654254818,0.9399421102871754,0.9399421102871754,0.9399421102871754,0.9404160654254818,42.0,97.76091412993934,-0.9404160654254818,-0.9399421102871754,-0.9571512944655868,0.016735229040104938,-0.00047395513830639224,468.91735444435557,0.0011393573893263887,8936.73382533253,200,11,3.0,3.0,198.0,200.0,0.2575528621673584,1.091358739999123,8.23059887700947,2226.6543092739885
bip42p.txt,200,all,355,serious,OPTIMAL,OPTIMAL,OPTIMAL,OPTIMAL,True,0.9426439821948556,0.9426439821948556,0.9426439821948556,0.9426439821948556,0.9426439821948556,42.0,97.75560956620274,-0.9426439821948556,-0.9426439821948556,-0.9542536437531247,0.013837578327642874,0.002227916769373728,283.35054377698,0.0005702639253235252,6255.713677732771,200,4,3.0,3.0,200.0,200.0,0.29144287109375,1.2376302889897488,8.63382534700213,2235.2881488369894
bip42p.txt,200,all,356,null,OPTIMAL,OPTIMAL,OPTIMAL,OPTIMAL,True,0.9426439821948556,0.9427965991367545,0.9427965991367545,0.9427965991367545,0.9427965991367545,42.0,97.75524619253153,-0.9426439821948556,-0.9427965991367545,-0.9583918332480179,0.015747851053162343,0.00015261694189894204,374.54827235411074,0.0008149687292533283,12511.427355465543,200,7,3.0,3.0,200.0,200.0,0.2424459457397461,1.1949823499890044,8.85770988301374,2244.14587306499
bip42p.txt,200,all,357,serious,OPTIMAL,OPTIMAL,OPTIMAL,OPTIMAL,True,0.9460297747797294,0.9460297747797294,0.9460297747797294,0.9460297747797294,0.9460297747797294,42.0,97.74754815528637,-0.9460297747797294,-0.9460297747797294,-0.9563100517443041,0.01366606954944849,0.0033857925848738146,142.4282613580764,0.0004094670815809886,8757.99914882588,200,1,3.0,3.0,200.0,200.0,0.2037508487701416,1.2065568740072194,8.351272044004872,2252.497161296982
bip42p.txt,200,all,358,null,OPTIMAL,OPTIMAL,OPTIMAL,OPTIMAL,True,0.9460297747797294,0.9453989780025245,0.9453989780025245,0.9453989780025245,0.9460297747797294,42.0,97.74754815528637,-0.9460297747797294,-0.9453989780025245,-0.9592629102060893,0.013233135426359954,-0.0006307967772049006,374.5380651510505,0.0005861532221353066,17515.99829765176,200,7,3.0,3.0,200.0,200.0,0.2639009952545166,1.1543246380169876,7.934215201006737,2260.4313911719946
bip42p.txt,200,all,359,null,OPTIMAL,OPTIMAL,OPTIMAL,OPTIMAL,True,0.9460297747797294,0.9470077489387949,0.9470077489387949,0.9470077489387949,0.9470077489387949,42.0,97.74521964538383,-0.9460297747797294,-0.9470077489387949,-0.9577721256070268,0.011742350827297465,0.000977974159065531,140.99506095501366,0.0003002283902471415,35031.99659530352,200,1,3.0,3.0,198.0,200.0,0.18964004516601562,1.0935817649879027,7.924836557009257,2268.356241957983
bip42p.txt,200,all,360,null,OPTIMAL,OPTIMAL,OPTIMAL,OPTIMAL,True,0.9460297747797294,0.9466536743828592,0.9466536743828592,0.9466536743828592,0.9470077489387949,42.0,97.74521964538383,-0.9460297747797294,-0.9466536743828592,-0.9570107239424175,0.010980949162688103,0.0006238996031298072,16.71997744518079,0.00017965368182234578,70063.99319060704,200,0,3.0,3.0,200.0,200.0,0.17900705337524414,1.347035580984084,8.657198703993345,2277.013469697995
bip42p.txt,200,all,361,null,OPTIMAL,OPTIMAL,OPTIMAL,OPTIMAL,True,0.9460297747797294,0.9423555754603835,0.9423555754603835,0.9423555754603835,0.9470077489387949,42.0,97.74521964538383,-0.9460297747797294,-0.9423555754603835,-0.9500727698909903,0.004042995111260939,-0.003674199319345872,283.2944627383152,0.00023644622877647595,140127.98638121408,200,4,3.0,3.0,200.0,200.0,0.14626502990722656,1.0838409549905919,7.869975738984067,2284.883515950991
bip42p.txt,200,all,362,serious,OPTIMAL,OPTIMAL,OPTIMAL,OPTIMAL,True,0.9465445288939834,0.9465445288939834,0.9465445288939834,0.9465445288939834,0.9470077489387949,42.0,97.74521964538383,-0.9465445288939834,-0.9465445288939834,-0.9481025072871991,0.0020727325074697545,0.0005147541142540568,142.35019639016838,0.00011759373058426921,98089.59046684986,200,1,3.0,3.0,200.0,200.0,0.18411612510681152,1.1068106759921648,8.40342406000127,2293.286954207986
bip42p.txt,200,all,363,null,OPTIMAL,OPTIMAL,OPTIMAL,OPTIMAL,True,0.9465445288939834,0.9469257342257011,0.9469257342257011,0.9469257342257011,0.9470077489387949,42.0,97.74521964538383,-0.9465445288939834,-0.9469257342257011,-0.9508065650447693,0.004262036150785908,0.00038120533171770443,245.46992351240038,0.00016670891973066416,196179.1809336997,200,3,3.0,3.0,200.0,200.0,0.14405608177185059,1.064214661018923,7.995762414007913,2301.282732407999
bip42p.txt,200,all,364,serious,OPTIMAL,OPTIMAL,OPTIMAL,OPTIMAL,True,0.948325903395534,0.948325903395534,0.948325903395534,0.948325903395534,0.948325903395534,42.0,97.74208118239159,-0.948325903395534,-0.948325903395534,-0.949427428615584,0.002882899721600607,0.001781374501550581,15.973004562055216,8.345878868577499e-05,137325.4266535898,200,0,3.0,3.0,200.0,200.0,0.16192007064819336,1.1374627230106853,7.978878497990081,2309.26162812399
bip42p.txt,200,all,365,null,OPTIMAL,OPTIMAL,OPTIMAL,OPTIMAL,True,0.948325903395534,0.948486181557354,0.948486181557354,0.948486181557354,0.948486181557354,42.0,97.74169956772059,-0.948325903395534,-0.948486181557354,-0.9501822209362675,0.0018563175407334542,0.00016027816181996002,142.3058414126081,0.000116219957331594,274650.8533071796,200,1,3.0,3.0,200.0,200.0,0.148651123046875,1.1895819210039917,8.409839083004044,2317.671482249978
bip42p.txt,200,all,366,serious,OPTIMAL,OPTIMAL,OPTIMAL,OPTIMAL,True,0.949048287982902,0.949048287982902,0.949048287982902,0.949048287982902,0.949048287982902,42.0,97.74036121908833,-0.949048287982902,-0.949048287982902,-0.9492460319009557,0.000920128505421669,0.0007223845873679524,15.600972370740491,5.7745194060127875e-05,192255.5973150257,200,0,3.0,3.0,200.0,200.0,0.21889495849609375,1.1633749309985433,7.9410890550061595,2325.612585941999
bip42p.txt,200,all,367,null,OPTIMAL,OPTIMAL,OPTIMAL,OPTIMAL,True,0.949048287982902,0.9491397041677281,0.9491397041677281,0.9491397041677281,0.9491397041677281,42.0,97.7401435615054,-0.949048287982902,-0.9491397041677281,-0.950303022953927,0.0012547349710250177,9.141618482610969e-05,199.74393573492992,8.054996237656667e-05,384511.1946300514,200,2,3.0,3.0,198.23093567428776,200.0,0.16126394271850586,1.3056250209920108,8.15053058200283,2333.7631318889908
bip42p.txt,200,all,368,serious,OPTIMAL,OPTIMAL,OPTIMAL,OPTIMAL,True,0.9495553813761839,0.9495553813761839,0.9495553813761839,0.9495553813761839,0.9495553813761839,42.0,97.73915385386623,-0.9495553813761839,-0.9495553813761839,-0.9496690283058769,0.0006207403229748776,0.000507093393281921,15.803438180076473,4.00395798234092e-05,269157.83624103596,200,0,3.0,3.0,200.0,200.0,0.14947104454040527,1.135272690007696,7.981521911016898,2341.7446709710057
bip42p.txt,200,all,369,serious,OPTIMAL,OPTIMAL,OPTIMAL,OPTIMAL,True,0.9501760304594595,0.9501760304594595,0.9501760304594595,0.9501760304594595,0.9501760304594595,42.0,97.73767611795367,-0.9501760304594595,-0.9501760304594595,-0.9504763655562691,0.0009209841800852381,0.0006206490832756373,15.845830348125604,5.8393334613946585e-05,188410.48536872515,200,0,3.0,3.0,200.0,200.0,0.1600170135498047,1.076238220994128,7.693647020001663,2349.4383318479813
bip42p.txt,200,all,370,null,OPTIMAL,OPTIMAL,OPTIMAL,OPTIMAL,True,0.9501760304594595,0.9501198094290125,0.9501198094290125,0.9501198094290125,0.9501760304594595,42.0,97.73767611795367,-0.9501760304594595,-0.9501198094290125,-0.9514894860081925,0.0013134555487329669,-5.622103044700122e-05,200.6177915454733,8.320207268041957e-05,376820.9707374503,200,2,3.0,3.0,200.0,200.0,0.14406108856201172,1.2112227769976016,7.939907693013083,2357.3782528519805
bip42p.txt,200,all,371,serious,OPTIMAL,OPTIMAL,OPTIMAL,OPTIMAL,True,0.9504476938591025,0.9504476938591025,0.9504476938591025,0.9504476938591025,0.9504476938591025,42.0,97.73702930033546,-0.9504476938591025,-0.9504476938591025,-0.9508366459166002,0.0006606154571406897,0.00027166339964301844,142.3013837984999,4.173862702022268e-05,263774.67951621517,200,1,3.0,3.0,200.0,200.0,0.1852121353149414,1.078955525008496,7.890689361025579,2365.2689999229915
bip42p.txt,200,all,372,serious,OPTIMAL,OPTIMAL,OPTIMAL,OPTIMAL,True,0.9508830240772028,0.9508830240772028,0.9508830240772028,0.9508830240772028,0.9508830240772028,42.0,97.73599279981619,-0.9508830240772028,-0.9508830240772028,-0.9521643733289111,0.0017166794698085797,0.0004353302181002716,142.27856162985012,6.149701312490622e-05,184642.2756613506,200,1,3.0,3.0,200.0,200.0,0.21544504165649414,1.2358211280079558,8.03370989402174,2373.30273557498
bip42p.txt,200,all,373,serious,OPTIMAL,OPTIMAL,OPTIMAL,OPTIMAL,True,0.9515961487893759,0.9515961487893759,0.9515961487893759,0.9515961487893759,0.9515961487893759,42.0,97.73429488383482,-0.9515961487893759,-0.9515961487893759,-0.9535462352019816,0.0026632111247787416,0.0007131247121731077,15.345661942535836,8.758110002199546e-05,129249.59296294542,200,0,3.0,3.0,200.0,200.0,0.15176010131835938,1.1250353700015694,7.79163721302757,2381.0943869199837
bip42p.txt,200,all,374,null,OPTIMAL,OPTIMAL,OPTIMAL,OPTIMAL,True,0.9515961487893759,0.9511330701820354,0.9511330701820354,0.9511330701820354,0.9515961487893759,42.0,97.73429488383482,-0.9515961487893759,-0.9511330701820354,-0.9534039803453891,0.001807831556013162,-0.00046307860734051687,245.40495894625062,0.00011787570141809031,258499.18592589084,200,3,2.0,2.0,200.0,200.0,0.20739221572875977,1.0507690889935475,8.089153353997972,2389.1835541869805
bip42p.txt,200,all,375,serious,OPTIMAL,OPTIMAL,OPTIMAL,OPTIMAL,True,0.9521919308961719,0.9521919308961719,0.9521919308961719,0.9521919308961719,0.9521919308961719,42.0,97.73287635500913,-0.9521919308961719,-0.9521919308961719,-0.9525031816972243,0.0009070329078483264,0.0005957821067960056,142.2275058297774,5.911745003829454e-05,180949.4301481236,200,1,3.0,3.0,200.0,200.0,0.2166597843170166,1.161339885002235,7.86435344000347,2397.0479251419893
bip42p.txt,200,all,376,null,OPTIMAL,OPTIMAL,OPTIMAL,OPTIMAL,True,0.9521919308961719,0.9524294338532397,0.9524294338532397,0.9524294338532397,0.9524294338532397,42.0,97.732310871778,-0.9521919308961719,-0.9524294338532397,-0.9553382507844078,0.0031463198882358823,0.00023750295706781444,142.17967615346183,9.051688598435053e-05,361898.8602962472,200,1,2.0,2.0,200.0,200.0,0.18454313278198242,1.3468719299999066,8.033437249978306,2405.0813781250035
bip42p.txt,200,all,377,serious,OPTIMAL,OPTIMAL,OPTIMAL,OPTIMAL,True,0.9524307032068468,0.9524307032068468,0.9524307032068468,0.9524307032068468,0.9524307032068468,42.0,97.7323078495075,-0.9524307032068468,-0.9524307032068468,-0.9545668902821108,0.0023749593859389018,0.0002387723106748174,14.909336537689907,4.7420609012376164e-05,253329.20220737302,200,0,2.0,2.0,200.0,200.0,0.20372891426086426,1.1947644310130272,8.426451070990879,2413.5078429330024
bip42p.txt,200,all,378,serious,OPTIMAL,OPTIMAL,OPTIMAL,OPTIMAL,True,0.9529381280429297,0.9529381280429297,0.9529381280429297,0.9529381280429297,0.9529381280429297,42.0,97.73109969513587,-0.9529381280429297,-0.9529381280429297,-0.9533080346001633,0.0008773313933165827,0.0005074248360829037,15.092529954740282,5.8844543740373976e-05,177330.4415451611,200,0,2.028575572325917,2.028575572325917,200.0,200.0,0.15447783470153809,1.254357219004305,8.782210412988206,2422.2900690829847
bip42p.txt,200,all,379,null,OPTIMAL,OPTIMAL,OPTIMAL,OPTIMAL,True,0.9529381280429297,0.9520519773566873,0.9520519773566873,0.9520519773566873,0.9529381280429297,42.0,97.73109969513587,-0.9529381280429297,-0.9520519773566873,-0.9542163314887413,0.0012782034458116431,-0.0008861506862423152,245.38837637514996,8.470778461246625e-05,354660.8830903222,200,3,2.0,2.0,200.0,200.0,0.1851210594177246,1.117628408013843,8.534786008996889,2430.8248707119783
bip42p.txt,200,all,380,null,OPTIMAL,OPTIMAL,OPTIMAL,OPTIMAL,True,0.9529381280429297,0.9529011168395932,0.9529011168395932,0.9529011168395932,0.9529381280429297,42.0,97.73109969513587,-0.9529381280429297,-0.9529011168395932,-0.9535760262352383,0.0006378981923086391,-3.7011203336434484e-05,142.17989340486014,4.229378008779242e-05,709321.7661806444,200,1,2.0,2.0,200.0,200.0,0.187669038772583,1.193692822009325,7.949934926000424,2438.7748192129948
bip42p.txt,200,all,381,serious,OPTIMAL,OPTIMAL,OPTIMAL,OPTIMAL,True,0.9531556945476765,0.9531556945476765,0.9531556945476765,0.9531556945476765,0.9531556945476765,42.0,97.7305816796484,-0.9531556945476765,-0.9531556945476765,-0.9532543802802798,0.0003162522373501009,0.00021756650474680228,14.786221254568204,2.1046215384364764e-05,496525.23632645106,200,0,2.0,2.0,200.0,200.0,0.1633310317993164,1.1316538529936224,7.9085225950111635,2446.6834117599938
bip42p.txt,200,all,382,serious,OPTIMAL,OPTIMAL,OPTIMAL,OPTIMAL,True,0.9534016259772196,0.9534016259772196,0.9534016259772196,0.9534016259772196,0.9534016259772196,42.0,97.72999612862566,-0.9534016259772196,-0.9534016259772196,-0.9535955642502622,0.00043986970258569347,0.0002459314295431003,14.765620225221987,2.9757659049622808e-05,347567.6654285157,200,0,2.0,2.0,200.0,200.0,0.16072988510131836,1.1548012870189268,8.511208990996238,2455.1946334039967
bip42p.txt,200,all,383,serious,OPTIMAL,OPTIMAL,OPTIMAL,OPTIMAL,True,0.9536949030430958,0.9536949030430958,0.9536949030430958,0.9536949030430958,0.9536949030430958,42.0,97.72929784989739,-0.9536949030430958,-0.9536949030430958,-0.9540278841886316,0.0006262582114120452,0.0002932770658762296,14.697263291811844,4.241990444001971e-05,243297.36579996097,200,0,2.0,2.0,200.0,200.0,0.19563913345336914,1.2066524059919175,8.013198861008277,2463.2078580819943
bip42p.txt,200,all,384,null,OPTIMAL,OPTIMAL,OPTIMAL,OPTIMAL,True,0.9536949030430958,0.9535141928167024,0.9535141928167024,0.9535141928167024,0.9536949030430958,42.0,97.72929784989739,-0.9536949030430958,-0.9535141928167024,-0.9545626513347325,0.0008677482916367163,-0.00018071022639343237,200.53101988080283,5.9432296133181016e-05,486594.73159992194,200,2,2.0,2.0,200.0,200.0,0.17718291282653809,1.19685237298836,8.105165646004025,2471.31303652699
bip42p.txt,200,all,385,serious,OPTIMAL,OPTIMAL,OPTIMAL,OPTIMAL,True,0.9539289092176532,0.9539289092176532,0.9539289092176532,0.9539289092176532,0.9539289092176532,42.0,97.72874069233893,-0.9539289092176532,-0.9539289092176532,-0.9541303113936598,0.00043540835056399274,0.00023400617455737738,14.663950062562423,2.9706142921497255e-05,340616.31211994536,200,0,2.0,2.0,200.0,200.0,0.1885089874267578,1.1958804579917341,8.12111683099647,2479.434167229978
bip42p.txt,200,all,386,null,OPTIMAL,OPTIMAL,OPTIMAL,OPTIMAL,True,0.9539289092176532,0.9539565603155425,0.9539565603155425,0.9539565603155425,0.9539565603155425,42.0,97.72867485639158,-0.9539289092176532,-0.9539565603155425,-0.9545561598001784,0.0006272505825252184,2.7651097889380694e-05,200.54627853927468,4.2801942230464284e-05,681232.6242398907,200,2,2.0,2.0,200.0,200.0,0.1922600269317627,1.1561857940105256,8.214912278985139,2487.6490941559896
bip42p.txt,200,all,387,serious,OPTIMAL,OPTIMAL,OPTIMAL,OPTIMAL,True,0.9541258325577839,0.9541258325577839,0.9541258325577839,0.9541258325577839,0.9541258325577839,42.0,97.72827182724338,-0.9541258325577839,-0.9541258325577839,-0.954234208762939,0.0003052995452857976,0.0001969233401307724,14.663453570380922,2.104548470699807e-05,476862.83696792345,200,0,2.0,2.0,200.0,200.0,0.13668489456176758,1.204516402009176,8.06441119799274,2495.7135207649844
bip42p.txt,200,all,388,null,OPTIMAL,OPTIMAL,OPTIMAL,OPTIMAL,True,0.9541258325577839,0.9537833335589353,0.9537833335589353,0.9537833335589353,0.9541258325577839,42.0,97.72827182724338,-0.9541258325577839,-0.9537833335589353,-0.9545711439555564,0.0004453113977724854,-0.0003424989988486393,200.52078028067734,3.0438240410884e-05,953725.6739358469,200,2,2.0,2.0,200.0,200.0,0.16203784942626953,1.1251233990187757,8.196226467000088,2503.9097643569985
bip42p.txt,200,all,389,serious,OPTIMAL,OPTIMAL,OPTIMAL,OPTIMAL,True,0.9542318221771284,0.9542318221771284,0.9542318221771284,0.9542318221771284,0.9542318221771284,42.0,97.72801947100685,-0.9542318221771284,-0.9542318221771284,-0.9543379423594829,0.00021210980169894533,0.00010598961934449314,142.16615258196498,1.4800219051664303e-05,667607.9717550927,200,1,2.0,2.0,200.0,200.0,0.1807689666748047,1.1734816980024334,8.425568113016197,2512.3353482189996
bip42p.txt,200,all,390,null,OPTIMAL,OPTIMAL,OPTIMAL,OPTIMAL,True,0.9542318221771284,0.9542909173198774,0.9542909173198774,0.9542909173198774,0.9542909173198774,42.0,97.727878768286,-0.9542318221771284,-0.9542909173198774,-0.9560088554106423,0.0017770332335138583,5.9095142748932794e-05,14.417937864943768,2.7970987271022674e-05,1000000.0,200,0,2.0,2.0,200.0,200.0,0.28167104721069336,1.1203718470060267,8.005249295994872,2520.340611302003
bip42p.txt,200,all,391,serious,OPTIMAL,OPTIMAL,OPTIMAL,OPTIMAL,True,0.9543475605858762,0.9543475605858762,0.9543475605858762,0.9543475605858762,0.9543475605858762,42.0,97.72774390336697,-0.9543475605858762,-0.9543475605858762,-0.9544530950878835,0.00022127291075502153,0.00011573840874778973,14.552481283827147,1.3955652245953275e-05,700000.0,200,0,2.0,2.0,200.0,200.0,0.2701380252838135,1.3509275740070734,8.569493112008786,2528.9102782109985
bip42p.txt,200,all,392,serious,OPTIMAL,OPTIMAL,OPTIMAL,OPTIMAL,True,0.9544761090504017,0.9544761090504017,0.9544761090504017,0.9544761090504017,0.9544761090504017,42.0,97.72743783559429,-0.9544761090504017,-0.9544761090504017,-0.9545899315584015,0.0002423709725253298,0.00012854846452547974,14.606265069686579,1.7476497540068546e-05,489999.99999999994,200,0,2.0,2.0,200.0,200.0,0.17022991180419922,1.3003512769937515,8.595680677011842,2537.5059734270035
bip42p.txt,200,all,393,serious,OPTIMAL,OPTIMAL,OPTIMAL,OPTIMAL,True,0.954576954112542,0.954576954112542,0.954576954112542,0.954576954112542,0.954576954112542,42.0,97.72719772830348,-0.954576954112542,-0.954576954112542,-0.9548048365342424,0.00032872748384071837,0.00010084506214025346,142.16677697297823,2.4343277988845255e-05,342999.99999999994,200,1,2.0,2.0,200.0,200.0,0.13068294525146484,1.131525373988552,8.091121534002014,2545.5971091690008
bip42p.txt,200,all,394,null,OPTIMAL,OPTIMAL,OPTIMAL,OPTIMAL,True,0.954576954112542,0.9546334995852394,0.9546334995852394,0.9546334995852394,0.9546334995852394,42.0,97.7270630962256,-0.954576954112542,-0.9546334995852394,-0.9553647231739009,0.0007877690613589117,5.654547269740018e-05,142.19513513184376,4.035748868257332e-05,685999.9999999999,200,1,2.0,2.0,200.0,200.0,0.1908409595489502,1.2024735340091866,8.613257824996253,2554.210381551995
bip42p.txt,200,all,395,serious,OPTIMAL,OPTIMAL,OPTIMAL,OPTIMAL,True,0.9547071967081807,0.9547071967081807,0.9547071967081807,0.9547071967081807,0.9547071967081807,42.0,97.72688762688529,-0.9547071967081807,-0.9547071967081807,-0.9550790676443316,0.0005021135317896386,0.00013024259563876317,14.759528133549328,2.0055459261674613e-05,480199.9999999999,200,0,2.0,2.0,200.0,200.0,0.13744091987609863,1.1406148840032984,8.117573415976949,2562.327971741004
bip42p.txt,200,all,396,serious,OPTIMAL,OPTIMAL,OPTIMAL,OPTIMAL,True,0.9548290543883149,0.9548290543883149,0.9548290543883149,0.9548290543883149,0.9548290543883149,42.0,97.72659748955164,-0.9548290543883149,-0.9548290543883149,-0.9551486702506676,0.0004414735424869143,0.0001218576801341742,142.15222847660831,2.996706267012774e-05,336139.9999999999,200,1,2.0,2.0,200.0,200.0,0.17036795616149902,1.283735623001121,8.30578091199277,2570.6337706279883
bip42p.txt,200,all,397,null,OPTIMAL,OPTIMAL,OPTIMAL,OPTIMAL,True,0.9548290543883149,0.9547876747895679,0.9547876747895679,0.9547876747895679,0.9548290543883149,42.0,97.72659748955164,-0.9548290543883149,-0.9547876747895679,-0.9557260622067485,0.0008970078184336039,-4.1379598746948965e-05,142.1422999737655,4.098351927289113e-05,672279.9999999998,200,1,2.0,2.0,200.0,200.0,0.16916108131408691,1.1336660290253349,7.875189410988241,2578.5089750709885
bip42p.txt,200,all,398,serious,OPTIMAL,OPTIMAL,OPTIMAL,OPTIMAL,True,0.9549459213664967,0.9549459213664967,0.9549459213664967,0.9549459213664967,0.9549459213664967,42.0,97.72631923484167,-0.9549459213664967,-0.9549459213664967,-0.9554333174474261,0.0006042630591112097,0.00011686697818180658,14.192138331767849,2.039938399737756e-05,470595.9999999998,200,0,2.0,2.0,200.0,200.0,0.2580249309539795,1.071483506995719,8.230715101992246,2586.7397058829956
bip42p.txt,200,all,399,serious,OPTIMAL,OPTIMAL,OPTIMAL,OPTIMAL,True,0.9551324531858164,0.9551324531858164,0.9551324531858164,0.9551324531858164,0.9551324531858164,42.0,97.72587511146234,-0.9551324531858164,-0.9551324531858164,-0.9553725391931117,0.0004266178266150167,0.00018653181931971297,14.641087890592116,3.0063126420865065e-05,329417.19999999984,200,0,2.0,2.0,200.0,200.0,0.152817964553833,1.3290273530001286,8.083499999018386,2594.8232197189936
bip42p.txt,200,all,400,null,OPTIMAL,OPTIMAL,OPTIMAL,OPTIMAL,True,0.9551324531858164,0.9546930075156412,0.9546930075156412,0.9546930075156412,0.9551324531858164,42.0,97.72587511146234,-0.9551324531858164,-0.9546930075156412,-0.9557047614144224,0.0005723082286059888,-0.0004394456701751759,200.5081066912299,3.956257486808365e-05,658834.3999999997,200,2,1.9926081168484024,1.9926081168484024,200.0,200.0,0.17638897895812988,1.184857482003281,8.306279657990672,2603.12951509899
bip42p.txt,200,all,401,serious,OPTIMAL,OPTIMAL,OPTIMAL,OPTIMAL,True,0.9552684944715769,0.9552684944715769,0.9552684944715769,0.9552684944715769,0.9552684944715769,42.0,97.72555120363911,-0.9552684944715769,-0.9552684944715769,-0.9554429460178733,0.0003104928320568634,0.000136041285760502,14.115513356535422,2.149864338291509e-05,461184.0799999997,200,0,1.0,1.0,200.0,200.0,0.21600699424743652,1.2201109250017907,8.36263155398774,2611.4922298979945
bip42p.txt,200,all,402,serious,OPTIMAL,OPTIMAL,OPTIMAL,OPTIMAL,True,0.9553959126369479,0.9553959126369479,0.9553959126369479,0.9553959126369479,0.9553959126369479,42.0,97.7252478270549,-0.9553959126369479,-0.9553959126369479,-0.9556740692041924,0.00040557473261548793,0.00012741816537098494,14.411424772763693,2.8976650228759198e-05,322828.8559999998,200,0,2.0,2.0,200.0,200.0,0.14426708221435547,1.1775263280142099,8.25657772901468,2619.748824897979
bip42p.txt,200,all,403,null,OPTIMAL,OPTIMAL,OPTIMAL,OPTIMAL,True,0.9553959126369479,0.95544722433713,0.95544722433713,0.95544722433713,0.95544722433713,42.0,97.72512565634017,-0.9553959126369479,-0.95544722433713,-0.9559286259645541,0.0005327133276061824,5.1311700182132824e-05,200.49979201096866,3.8012850654026996e-05,645657.7119999996,200,2,2.0,2.0,200.0,200.0,0.1603541374206543,1.2045227079943288,8.042593296006089,2627.7914329920022
bip42p.txt,200,all,404,serious,OPTIMAL,OPTIMAL,OPTIMAL,OPTIMAL,True,0.9555141607159771,0.9555141607159771,0.9555141607159771,0.9555141607159771,0.9555141607159771,42.0,97.72496628400958,-0.9555141607159771,-0.9555141607159771,-0.9557069556829147,0.0003110430459668523,0.00011824807902915957,14.142909351082364,2.1670000218294452e-05,451960.3983999997,200,0,2.0,2.0,200.0,200.0,0.13552021980285645,1.2023250370111782,7.903631539986236,2635.695080753998
bip42p.txt,200,all,405,serious,OPTIMAL,OPTIMAL,OPTIMAL,OPTIMAL,True,0.9556591529236665,0.9556591529236665,0.9556591529236665,0.9556591529236665,0.9556591529236665,42.0,97.72462106446747,-0.9556591529236665,-0.9556591529236665,-0.9558961332249095,0.00038197250893245993,0.00014499220768948717,14.081738372501679,2.7465491311638924e-05,316372.27887999977,200,0,2.0,2.0,200.0,200.0,0.13598012924194336,1.2100051299785264,7.9585271190153435,2643.6536207899917
bip42p.txt,200,all,406,null,OPTIMAL,OPTIMAL,OPTIMAL,OPTIMAL,True,0.9556591529236665,0.9554374076381144,0.9554374076381144,0.9554374076381144,0.9556591529236665,42.0,97.72462106446747,-0.9556591529236665,-0.9554374076381144,-0.9561511533011254,0.0004920003774588899,-0.00022174528555218842,245.35643112866157,3.6745840113307034e-05,632744.5577599995,200,3,1.0,1.0,200.0,200.0,0.1273188591003418,1.313693105999846,8.1521208799968,2651.8057542830065
bip42p.txt,200,all,407,serious,OPTIMAL,OPTIMAL,OPTIMAL,OPTIMAL,True,0.9557563866004076,0.9557563866004076,0.9557563866004076,0.9557563866004076,0.9557563866004076,42.0,97.72438955571332,-0.9557563866004076,-0.9557563866004076,-0.9559522690138402,0.000293116090173684,9.723367674108196e-05,14.11500168236345,2.1144906668803525e-05,442921.1904319996,200,0,2.0,2.0,200.0,200.0,0.1342759132385254,1.257099743001163,8.30109577102121,2660.1068653079856
bip42p.txt,200,all,408,null,OPTIMAL,OPTIMAL,OPTIMAL,OPTIMAL,True,0.9557563866004076,0.9557749337657696,0.9557749337657696,0.9557749337657696,0.9557749337657696,42.0,97.72434539579578,-0.9557563866004076,-0.9557749337657696,-0.9561559524247067,0.0003995658242991196,1.8547165361981754e-05,199.5003815763583,2.8711098465589042e-05,885842.3808639992,200,2,2.0,2.0,198.0,200.0,0.17932510375976562,1.2554206470085774,8.264112896984443,2668.3709936410014
bip42p.txt,200,all,409,serious,OPTIMAL,OPTIMAL,OPTIMAL,OPTIMAL,True,0.955844208343697,0.955844208343697,0.955844208343697,0.955844208343697,0.955844208343697,42.0,97.72418045632453,-0.955844208343697,-0.955844208343697,-0.955973162225125,0.0002167756247173358,8.782174328936243e-05,13.73358149249967,1.546400840568692e-05,620089.6666047995,200,0,1.7635580663213526,1.7635580663213526,200.0,200.0,0.12411808967590332,1.1872271739994176,8.197147561993916,2676.568157426984
bip42p.txt,200,all,410,null,OPTIMAL,OPTIMAL,OPTIMAL,OPTIMAL,True,0.955844208343697,0.955863212366253,0.955863212366253,0.955863212366253,0.955863212366253,42.0,97.72413520865177,-0.955844208343697,-0.955863212366253,-0.9561246029918427,0.0002803946481456654,1.9004022556057265e-05,142.12673153907696,2.053011568713251e-05,1000000.0,200,1,2.0,2.0,200.0,200.0,0.15837788581848145,1.182604862988228,7.759562111983541,2684.327735556988
bip42p.txt,200,all,411,serious,OPTIMAL,OPTIMAL,OPTIMAL,OPTIMAL,True,0.9559136588885967,0.9559136588885967,0.9559136588885967,0.9559136588885967,0.9559136588885967,42.0,97.7240150978843,-0.9559136588885967,-0.9559136588885967,-0.9560227979166488,0.0001785895729518039,6.945054489970737e-05,13.878747865309558,1.3195222835831876e-05,700000.0,200,0,1.0,1.0,200.0,200.0,0.18831992149353027,1.1654935800179373,8.19506307199481,2692.5228743449843
bip42p.txt,200,all,412,serious,OPTIMAL,OPTIMAL,OPTIMAL,OPTIMAL,True,0.9559802832401464,0.9559802832401464,0.9559802832401464,0.9559802832401464,0.9559802832401464,42.0,97.72385646847586,-0.9559802832401464,-0.9559802832401464,-0.9561694548936138,0.0002557960050171282,6.662435154969337e-05,14.112895827626765,1.8747372334212448e-05,489999.99999999994,200,0,1.0,1.0,200.0,200.0,0.1581401824951172,1.1811124340165406,7.996416501002386,2700.519305858994
bip42p.txt,200,all,413,serious,OPTIMAL,OPTIMAL,OPTIMAL,OPTIMAL,True,0.9560630670896214,0.9560630670896214,0.9560630670896214,0.9560630670896214,0.9560630670896214,42.0,97.72365936407232,-0.9560630670896214,-0.9560630670896214,-0.956324659871609,0.000344376631462584,8.278384947502104e-05,14.00409783022716,2.4971255704378297e-05,342999.99999999994,200,0,1.0,1.0,200.0,200.0,0.13649797439575195,1.3768525719933677,8.410464552987833,2708.9297868089925
bip42p.txt,200,all,414,serious,OPTIMAL,OPTIMAL,OPTIMAL,OPTIMAL,True,0.9561143297615459,0.9561143297615459,0.9561143297615459,0.9561143297615459,0.9561143297615459,42.0,97.72353731009154,-0.9561143297615459,-0.9561143297615459,-0.9565213576308333,0.00045829054121193646,5.126267192445688e-05,142.11677109905716,3.4034959049907774e-05,240099.99999999994,200,1,1.0993301826524327,1.0993301826524327,200.0,200.0,0.14128684997558594,1.1636147529934533,7.8334237539966125,2716.7632293289935
bip42p.txt,200,all,415,null,OPTIMAL,OPTIMAL,OPTIMAL,OPTIMAL,True,0.9561143297615459,0.9558284104724343,0.9558284104724343,0.9558284104724343,0.9561143297615459,42.0,97.72353731009154,-0.9561143297615459,-0.9558284104724343,-0.9572119074240107,0.001097577662464877,-0.00028591928911159137,142.10238422142163,5.170283596341826e-05,480199.9999999999,200,1,1.0,1.0,200.0,200.0,0.17342281341552734,1.2373137940012384,8.39587109797867,2725.1591132909816
bip42p.txt,200,all,416,null,OPTIMAL,OPTIMAL,OPTIMAL,OPTIMAL,True,0.9561143297615459,0.9561909610699918,0.9561909610699918,0.9561909610699918,0.9561909610699918,42.0,97.72335485459524,-0.9561143297615459,-0.9561909610699918,-0.9568878597789258,0.0007735300173798976,7.663130844592914e-05,14.21510574268699,2.77833719602768e-05,960399.9999999998,200,0,2.0,2.0,200.0,200.0,0.19039201736450195,1.1517177799833007,8.151511995994952,2733.3106563320034
bip42p.txt,200,all,417,serious,OPTIMAL,OPTIMAL,OPTIMAL,OPTIMAL,True,0.9562586041965161,0.9562586041965161,0.9562586041965161,0.9562586041965161,0.9562586041965161,42.0,97.72319379953213,-0.9562586041965161,-0.9562586041965161,-0.9563731124374871,0.00025878267594126036,0.0001442744349702263,14.160575981264946,1.424752197185273e-05,672279.9999999998,200,0,2.0,2.0,200.0,200.0,0.12780499458312988,1.2457152029965073,7.804297410999425,2741.1149717909866
bip42p.txt,200,all,418,serious,OPTIMAL,OPTIMAL,OPTIMAL,OPTIMAL,True,0.9563441079140701,0.9563441079140701,0.9563441079140701,0.9563441079140701,0.9563441079140701,42.0,97.72299021925221,-0.9563441079140701,-0.9563441079140701,-0.9564882503672965,0.0002296461707803621,8.550371755400299e-05,142.1026203813569,1.7152778699419434e-05,470595.9999999998,200,1,1.0,1.0,200.0,200.0,0.1849508285522461,1.3268181449966505,8.326285471004667,2749.4412723309943
bip42p.txt,200,all,419,null,OPTIMAL,OPTIMAL,OPTIMAL,OPTIMAL,True,0.9563441079140701,0.9562535405094926,0.9562535405094926,0.9562535405094926,0.9563441079140701,42.0,97.72299021925221,-0.9563441079140701,-0.9562535405094926,-0.9567337553444158,0.000389647430345752,-9.056740457746848e-05,142.12017651226034,2.1431655131943674e-05,941191.9999999997,200,1,1.0,1.0,200.0,200.0,0.13875794410705566,1.232364919007523,8.274562047008658,2757.7158484559914
bip42p.txt,200,all,420,serious,OPTIMAL,OPTIMAL,OPTIMAL,OPTIMAL,True,0.9563904606879853,0.9563904606879853,0.9563904606879853,0.9563904606879853,0.9563904606879853,42.0,97.72287985550481,-0.9563904606879853,-0.9563904606879853,-0.9566270147919173,0.0002829068778471555,4.6352773915181444e-05,13.943867528839112,1.1237155413494285e-05,658834.3999999997,200,0,1.0,1.0,200.0,200.0,0.17633390426635742,1.3433180110005196,8.277224252000451,2765.993088604999
bip42p.txt,200,all,421,serious,OPTIMAL,OPTIMAL,OPTIMAL,OPTIMAL,True,0.9564710910184585,0.9564710910184585,0.9564710910184585,0.9564710910184585,0.9564710910184585,42.0,97.72268787852748,-0.9564710910184585,-0.9564710910184585,-0.9566526729207728,0.0002622122327875509,8.063033047323032e-05,14.393422281669878,1.9371080050929947e-05,461184.0799999997,200,0,2.0,2.0,200.0,200.0,0.18035006523132324,1.2435384179989342,8.450534156989306,2774.44370081299
bip42p.txt,200,all,422,serious,OPTIMAL,OPTIMAL,OPTIMAL,OPTIMAL,True,0.9565624068264927,0.9565624068264927,0.9565624068264927,0.9565624068264927,0.9565624068264927,42.0,97.72247045993693,-0.9565624068264927,-0.9565624068264927,-0.9567724155581553,0.00030132453969677897,9.131580803423134e-05,14.135220012129063,2.241814155666563e-05,322828.8559999998,200,0,1.0,1.0,200.0,200.0,0.16570687294006348,1.2618244560144376,8.165206642006524,2782.6089231829974
bip42p.txt,200,all,423,null,OPTIMAL,OPTIMAL,OPTIMAL,OPTIMAL,True,0.9565624068264927,0.9563312861789696,0.9563312861789696,0.9563312861789696,0.9565624068264927,42.0,97.72247045993693,-0.9565624068264927,-0.9563312861789696,-0.9569491911197571,0.0003867842932643306,-0.0002311206475231753,245.36457501215762,3.0385376893378392e-05,645657.7119999996,200,3,2.0,2.0,200.0,200.0,0.19040989875793457,1.1833420660113916,7.9438308750104625,2790.552770816983
bip42p.txt,200,all,424,null,OPTIMAL,OPTIMAL,OPTIMAL,OPTIMAL,True,0.9565624068264927,0.9565577412785925,0.9565577412785925,0.9565577412785925,0.9565624068264927,42.0,97.72247045993693,-0.9565624068264927,-0.9565577412785925,-0.9568278256009368,0.0002654187744440817,-4.665547900239986e-06,142.1270146899398,1.9039210533486598e-05,1000000.0,200,1,2.0,2.0,200.0,200.0,0.1361680030822754,1.3145673550025094,8.276522604021011,2798.8293056619877
bip42p.txt,200,all,425,serious,OPTIMAL,OPTIMAL,OPTIMAL,OPTIMAL,True,0.9566296212969635,0.9566296212969635,0.9566296212969635,0.9566296212969635,0.9566296212969635,42.0,97.72231042548343,-0.9566296212969635,-0.9566296212969635,-0.9567450699305857,0.0001826631040929838,6.721447047075557e-05,14.081188995044693,1.336658788271727e-05,700000.0,200,0,1.0574691859301684,1.0574691859301684,200.0,200.0,0.1540219783782959,1.4981206559750717,9.044717782002408,2807.8740379829833
bip42p.txt,200,all,426,null,OPTIMAL,OPTIMAL,OPTIMAL,OPTIMAL,True,0.9566296212969635,0.9566076444013983,0.9566076444013983,0.9566076444013983,0.9566296212969635,42.0,97.72231042548343,-0.9566296212969635,-0.9566076444013983,-0.9568754839306831,0.0002458626337196179,-2.1976895565156696e-05,200.51456302722914,1.764247273500777e-05,1000000.0,200,2,2.0,2.0,200.0,200.0,0.1545569896697998,1.233347033004975,8.051788632001262,2815.9258433259965
bip42p.txt,200,all,427,serious,OPTIMAL,OPTIMAL,OPTIMAL,OPTIMAL,True,0.9566857881025929,0.9566857881025929,0.9566857881025929,0.9566857881025929,0.9566857881025929,42.0,97.72217669499385,-0.9566857881025929,-0.9566857881025929,-0.9568121034907794,0.0001824821938158916,5.616680562936516e-05,14.457551067630739,1.3286836976991737e-05,700000.0,200,0,2.0,2.0,200.0,200.0,0.1503441333770752,1.3132705659954809,8.348568841989618,2824.2744268779934
bip42p.txt,200,all,428,serious,OPTIMAL,OPTIMAL,OPTIMAL,OPTIMAL,True,0.9567416360482434,0.9567416360482434,0.9567416360482434,0.9567416360482434,0.9567416360482434,42.0,97.72204372369465,-0.9567416360482434,-0.9567416360482434,-0.9569159605595418,0.0002301724569488961,5.584794565050011e-05,14.09064876141293,1.647614613346954e-05,489999.99999999994,200,0,1.0,1.0,200.0,200.0,0.1663498878479004,1.2575301109754946,8.352452343999175,2832.6268934010004
bip42p.txt,200,all,429,serious,OPTIMAL,OPTIMAL,OPTIMAL,OPTIMAL,True,0.9567753671103217,0.9567753671103217,0.9567753671103217,0.9567753671103217,0.9567753671103217,42.0,97.7219634116421,-0.9567753671103217,-0.9567753671103217,-0.9570186254972606,0.00027698944901721756,3.373106207837928e-05,142.12955550298497,2.099418370107041e-05,342999.99999999994,200,1,2.0,2.0,200.0,200.0,0.15551209449768066,1.2815590309910476,8.022681088012177,2840.6495897319983
bip42p.txt,200,all,430,null,OPTIMAL,OPTIMAL,OPTIMAL,OPTIMAL,True,0.9567753671103217,0.9563029294875832,0.9563029294875832,0.9563029294875832,0.9567753671103217,42.0,97.7219634116421,-0.9567753671103217,-0.9563029294875832,-0.9573009693822611,0.0005256022719393183,-0.00047243762273851964,245.3636537879689,2.857336815862217e-05,685999.9999999999,200,3,1.975283516906796,1.975283516906796,200.0,200.0,0.17238116264343262,1.3632863590028137,8.417080023995368,2849.066686699982
bip42p.txt,200,all,431,serious,OPTIMAL,OPTIMAL,OPTIMAL,OPTIMAL,True,0.9568390155742287,0.9568390155742287,0.9568390155742287,0.9568390155742287,0.9568390155742287,42.0,97.7218118676804,-0.9568390155742287,-0.9568390155742287,-0.9571556863239552,0.0003803192136334621,6.364846390694012e-05,14.112055458000324,1.4237520660040243e-05,480199.9999999999,200,0,1.875737866817033,1.875737866817033,200.0,200.0,0.1975569725036621,1.209799345000647,8.217013364017475,2857.2838016150054
bip42p.txt,200,all,432,null,OPTIMAL,OPTIMAL,OPTIMAL,OPTIMAL,True,0.9568390155742287,0.9568703342624069,0.9568703342624069,0.9568703342624069,0.9568703342624069,42.0,97.72173729937523,-0.9568390155742287,-0.9568703342624069,-0.9571996678317507,0.00036065225752202057,3.131868817818351e-05,142.1257975432975,2.5825229513525312e-05,960399.9999999998,200,1,2.0,2.0,200.0,200.0,0.2079160213470459,1.2353634820028674,7.838879316987004,2865.122695141996
bip42p.txt,200,all,433,serious,OPTIMAL,OPTIMAL,OPTIMAL,OPTIMAL,True,0.9569004363548442,0.9569004363548442,0.9569004363548442,0.9569004363548442,0.9569004363548442,42.0,97.72166562772657,-0.9569004363548442,-0.9569004363548442,-0.9570335891589703,0.00019457358474161968,6.14207806155509e-05,14.41918866094562,1.3968861936483732e-05,672279.9999999998,200,0,2.0,2.0,200.0,200.0,0.1512620449066162,1.244733126979554,8.18346027401276,2873.306171334989
bip42p.txt,200,all,434,serious,OPTIMAL,OPTIMAL,OPTIMAL,OPTIMAL,True,0.9569692482632036,0.9569692482632036,0.9569692482632036,0.9569692482632036,0.9569692482632036,42.0,97.72150178984951,-0.9569692482632036,-0.9569692482632036,-0.9571814538970422,0.00028101754219800323,6.881190835938966e-05,14.244643022657291,1.988240830447469e-05,470595.9999999998,200,0,1.9846361612520282,1.9846361612520282,200.0,200.0,0.14081501960754395,1.186722029990051,7.8082637379993685,2881.1144509369915
bip42p.txt,200,all,435,null,OPTIMAL,OPTIMAL,OPTIMAL,OPTIMAL,True,0.9569692482632036,0.9569833240031643,0.9569833240031643,0.9569833240031643,0.9569833240031643,42.0,97.72146827618296,-0.9569692482632036,-0.9569833240031643,-0.9572897237061673,0.0003204754429636525,1.4075739960706102e-05,142.13988438739798,2.334054173973432e-05,941191.9999999997,200,1,2.0,2.0,200.0,200.0,0.16183209419250488,1.2249388210184406,7.984492459014291,2889.0989603920025
bip42p.txt,200,all,436,serious,OPTIMAL,OPTIMAL,OPTIMAL,OPTIMAL,True,0.9570235601961149,0.9570235601961149,0.9570235601961149,0.9570235601961149,0.9570235601961149,42.0,97.72137247572354,-0.9570235601961149,-0.9570235601961149,-0.9571716023244997,0.000202354061296095,5.431193291127734e-05,14.11321251929718,1.4325936281989916e-05,658834.3999999997,200,0,1.0,1.0,200.0,200.0,0.19032788276672363,1.3766262290009763,8.036575034988346,2897.135550106992
bip42p.txt,200,all,437,serious,OPTIMAL,OPTIMAL,OPTIMAL,OPTIMAL,True,0.9570864666979334,0.9570864666979334,0.9570864666979334,0.9570864666979334,0.9570864666979334,42.0,97.72122269833827,-0.9570864666979334,-0.9570864666979334,-0.9572827867220196,0.00025922652590470996,6.290650181850488e-05,14.036336893409338,1.858992076911597e-05,461184.0799999997,200,0,1.0,1.0,200.0,200.0,0.1993710994720459,1.1780482220056,8.255811585986521,2905.3913774859975
bip42p.txt,200,all,438,serious,OPTIMAL,OPTIMAL,OPTIMAL,OPTIMAL,True,0.9571562433210702,0.9571562433210702,0.9571562433210702,0.9571562433210702,0.9571562433210702,42.0,97.72105656352126,-0.9571562433210702,-0.9571562433210702,-0.9573897463135482,0.0003032796156148265,6.977662313678579e-05,14.25607527222988,2.2755822064519418e-05,322828.8559999998,200,0,2.0,2.0,200.0,200.0,0.1704239845275879,1.1628279000287876,8.186114215990528,2913.577505214984
bip42p.txt,200,all,439,null,OPTIMAL,OPTIMAL,OPTIMAL,OPTIMAL,True,0.9571562433210702,0.9570171545491241,0.9570171545491241,0.9570171545491241,0.9571562433210702,42.0,97.72105656352126,-0.9571562433210702,-0.9570171545491241,-0.9575378786886253,0.00038163536755508876,-0.00013908877194612757,245.3596574118252,2.966410469744132e-05,645657.7119999996,200,3,2.0,2.0,200.0,200.0,0.1844480037689209,1.3970585239876527,8.07958714698907,2921.6571065530006
bip42p.txt,200,all,440,serious,OPTIMAL,OPTIMAL,OPTIMAL,OPTIMAL,True,0.957230065337615,0.957230065337615,0.957230065337615,0.957230065337615,0.957230065337615,42.0,97.72088079681522,-0.957230065337615,-0.957230065337615,-0.9574274380997223,0.0002711947786521174,7.382201654482223e-05,14.38344251451164,1.9254605371255073e-05,451960.3983999997,200,0,2.0,2.0,200.0,200.0,0.1710970401763916,1.1462218119995669,8.093519779999042,2929.7506597689935
bip42p.txt,200,all,441,serious,OPTIMAL,OPTIMAL,OPTIMAL,OPTIMAL,True,0.9572939343046877,0.9572939343046877,0.9572939343046877,0.9572939343046877,0.9572939343046877,42.0,97.72072872784598,-0.9572939343046877,-0.9572939343046877,-0.9575506872938411,0.0003206219562260637,6.386896707266665e-05,14.209117710414718,2.3576093262667912e-05,316372.27887999977,200,0,2.0,2.0,200.0,200.0,0.1646728515625,1.1960076679824851,8.188674044999061,2937.939410646999
bip42p.txt,200,all,442,null,OPTIMAL,OPTIMAL,OPTIMAL,OPTIMAL,True,0.9572939343046877,0.9572322405606267,0.9572322405606267,0.9572322405606267,0.9572939343046877,42.0,97.72072872784598,-0.9572939343046877,-0.9572322405606267,-0.9577014286825629,0.00040749437787523934,-6.169374406095329e-05,245.3717836919114,3.1127450819886246e-05,632744.5577599995,200,3,2.0,2.0,200.0,200.0,0.17072010040283203,1.516599900991423,8.377722726989305,2946.3171487889776
bip42p.txt,200,all,443,serious,OPTIMAL,OPTIMAL,OPTIMAL,OPTIMAL,True,0.95736544137773,0.95736544137773,0.95736544137773,0.95736544137773,0.95736544137773,42.0,97.72055847291016,-0.95736544137773,-0.95736544137773,-0.957575957942695,0.00028202363800733377,7.150707304237613e-05,14.309574553294295,2.005758784116741e-05,442921.1904319996,200,0,2.0,2.0,200.0,200.0,0.15882492065429688,1.2008807570091449,8.379117336007766,2954.696280119999
bip42p.txt,200,all,444,null,OPTIMAL,OPTIMAL,OPTIMAL,OPTIMAL,True,0.95736544137773,0.957228471475081,0.957228471475081,0.957228471475081,0.95736544137773,42.0,97.72055847291016,-0.95736544137773,-0.957228471475081,-0.957691599869918,0.0003261584921879779,-0.0001369699026489979,245.35970140296035,2.397571250469728e-05,885842.3808639992,200,3,2.0,2.0,200.0,200.0,0.14673995971679688,1.4213823809986934,8.27167961600935,2962.96797670098
bip42p.txt,200,all,445,serious,OPTIMAL,OPTIMAL,OPTIMAL,OPTIMAL,True,0.9574298304549193,0.9574298304549193,0.9574298304549193,0.9574298304549193,0.9574298304549193,42.0,97.72040516558351,-0.9574298304549193,-0.9574298304549193,-0.9575784349764694,0.00021299359873938606,6.438907718919751e-05,14.218480945223131,1.5146724108450837e-05,620089.6666047995,200,0,2.0,2.0,200.0,200.0,0.1350879669189453,1.1576051550218835,8.038130473985802,2971.006123409985
bip42p.txt,200,all,446,serious,OPTIMAL,OPTIMAL,OPTIMAL,OPTIMAL,True,0.9574872534209992,0.9574872534209992,0.9574872534209992,0.9574872534209992,0.9574872534209992,42.0,97.7202684442357,-0.9574872534209992,-0.9574872534209992,-0.9576886690040737,0.0002588385491544276,5.742296607991193e-05,14.185983805841946,1.8653800378581536e-05,434062.7666233596,200,0,2.0,2.0,200.0,200.0,0.15106201171875,1.3102528740128037,8.350342341000214,2979.3564805850037
bip42p.txt,200,all,447,null,OPTIMAL,OPTIMAL,OPTIMAL,OPTIMAL,True,0.9574872534209992,0.9574565405166967,0.9574565405166967,0.9574565405166967,0.9574872534209992,42.0,97.7202684442357,-0.9574872534209992,-0.9574565405166967,-0.9577900814567986,0.0003028280357993962,-3.071290430245455e-05,200.48811392738713,2.299006025142692e-05,868125.5332467192,200,2,1.0,1.0,200.0,200.0,0.21147704124450684,1.3451333889970556,8.651880416990025,2988.0083762799914
bip42p.txt,200,all,448,serious,OPTIMAL,OPTIMAL,OPTIMAL,OPTIMAL,True,0.9575448108897148,0.9575448108897148,0.9575448108897148,0.9575448108897148,0.9575448108897148,42.0,97.72013140264355,-0.9575448108897148,-0.9575448108897148,-0.9576988393905107,0.00021158596951154074,5.755746871560774e-05,13.818764468867613,1.5059599732667327e-05,607687.8732727034,200,0,1.0,1.0,200.0,200.0,0.15747594833374023,1.3158362560207024,7.952481436979724,2995.9608724179852
bip42p.txt,200,all,449,serious,OPTIMAL,OPTIMAL,OPTIMAL,OPTIMAL,True,0.9576001161351185,0.9576001161351185,0.9576001161351185,0.9576001161351185,0.9576001161351185,42.0,97.71999972348782,-0.9576001161351185,-0.9576001161351185,-0.9577943960129065,0.0002495851231917312,5.530524540375836e-05,142.12982306121128,1.8566319340143946e-05,425381.5112908923,200,1,2.0,2.0,200.0,200.0,0.13539695739746094,1.3156710330222268,8.056072579987813,3004.0169584749965
bip42p.txt,200,all,450,null,OPTIMAL,OPTIMAL,OPTIMAL,OPTIMAL,True,0.9576001161351185,0.9574557341853324,0.9574557341853324,0.9574557341853324,0.9576001161351185,42.0,97.71999972348782,-0.9576001161351185,-0.9574557341853324,-0.9580087053793342,0.00040858924421571796,-0.00014438194978616536,142.1579512133991,2.2775941479112784e-05,850763.0225817846,200,1,2.0,2.0,200.0,200.0,0.16373085975646973,1.1990481380198617,8.586325064010452,3012.6032976279967
bip42p.txt,200,all,451,null,OPTIMAL,OPTIMAL,OPTIMAL,OPTIMAL,True,0.9576001161351185,0.9576172122517476,0.9576172122517476,0.9576172122517476,0.9576172122517476,42.0,97.71995901844824,-0.9576001161351185,-0.9576172122517476,-0.9578980132717615,0.00029789713664296613,1.7096116629033986e-05,14.38197679607038,1.1553315370984423e-05,1000000.0,200,0,2.0,2.0,200.0,200.0,0.13015389442443848,1.4302042970084585,8.14172615899588,3020.7451032459794
bip42p.txt,200,all,452,serious,OPTIMAL,OPTIMAL,OPTIMAL,OPTIMAL,True,0.9576458004760161,0.9576458004760161,0.9576458004760161,0.9576458004760161,0.9576458004760161,42.0,97.71989095124759,-0.9576458004760161,-0.9576458004760161,-0.9577946185373568,0.00019450240223828352,4.5684340897578224e-05,14.018407179152002,1.3056382494438142e-05,700000.0,200,0,2.0,2.0,200.0,200.0,0.1777632236480713,1.4286700359953102,8.739100745005999,3029.4842179729894
bip42p.txt,200,all,453,null,OPTIMAL,OPTIMAL,OPTIMAL,OPTIMAL,True,0.9576458004760161,0.9576266026228993,0.9576266026228993,0.9576266026228993,0.9576458004760161,42.0,97.71989095124759,-0.9576458004760161,-0.9576266026228993,-0.9578528277168413,0.0002070272408252194,-1.9197853116770247e-05,200.52703523465877,1.5327802178747724e-05,1000000.0,200,2,3.0,3.0,200.0,200.0,0.14380192756652832,1.2011531669995748,7.997882231022231,3037.482112630998
bip42p.txt,200,all,454,serious,OPTIMAL,OPTIMAL,OPTIMAL,OPTIMAL,True,0.9576895485998368,0.9576895485998368,0.9576895485998368,0.9576895485998368,0.9576895485998368,42.0,97.719786789048,-0.9576895485998368,-0.9576895485998368,-0.9578187458630393,0.0001729453870231712,4.374812382068605e-05,14.498488423812269,1.2488467309507278e-05,700000.0,200,0,3.0,3.0,200.0,200.0,0.14624404907226562,1.3530495689774398,8.328419126977678,3045.810548146983
bip42p.txt,200,all,455,null,OPTIMAL,OPTIMAL,OPTIMAL,OPTIMAL,True,0.9576895485998368,0.9576318977658457,0.9576318977658457,0.9576318977658457,0.9576895485998368,42.0,97.719786789048,-0.9576895485998368,-0.9576318977658457,-0.9578847731038238,0.00019522450398701263,-5.765083399111859e-05,245.36051772082342,1.4371001992931362e-05,1000000.0,200,3,2.0,2.0,200.0,200.0,0.16695594787597656,1.2636466739932075,7.9775699239980895,3053.788136763993
bip42p.txt,200,all,456,serious,OPTIMAL,OPTIMAL,OPTIMAL,OPTIMAL,True,0.9577317508346094,0.9577317508346094,0.9577317508346094,0.9577317508346094,0.9577317508346094,42.0,97.71968630753665,-0.9577317508346094,-0.9577317508346094,-0.9578551952485573,0.00016564664872054102,4.220223477258145e-05,142.14107197868776,1.1734909209216497e-05,700000.0,200,1,2.0,2.0,200.0,200.0,0.1384568214416504,1.284299644001294,8.036632565985201,3061.824784276978
bip42p.txt,200,all,457,null,OPTIMAL,OPTIMAL,OPTIMAL,OPTIMAL,True,0.9577317508346094,0.9577320984826175,0.9577320984826175,0.9577320984826175,0.9577320984826175,42.0,97.71968547980329,-0.9577317508346094,-0.9577320984826175,-0.9579564801776892,0.0002247293430798214,3.4764800815878516e-07,142.1137591957274,1.1755656838859072e-05,1000000.0,200,1,2.0,2.0,200.0,200.00000000000003,0.15305805206298828,1.198415799997747,8.048145884997211,3069.872944307979
bip42p.txt,200,all,458,serious,OPTIMAL,OPTIMAL,OPTIMAL,OPTIMAL,True,0.9577534692171382,0.9577534692171382,0.9577534692171382,0.9577534692171382,0.9577534692171382,42.0,97.71963459710204,-0.9577534692171382,-0.9577534692171382,-0.9579255049442964,0.00019375410968702766,2.1718382528845837e-05,14.25812145705918,8.302001972893192e-06,700000.0,200,0,2.0,2.0,200.0,200.0,0.18027710914611816,1.3043137500062585,8.132960263988934,3078.005926472979
bip42p.txt,200,all,459,null,OPTIMAL,OPTIMAL,OPTIMAL,OPTIMAL,True,0.9577534692171382,0.9577598251484233,0.9577598251484233,0.9577598251484233,0.9577598251484233,42.0,97.71961946393233,-0.9577534692171382,-0.9577598251484233,-0.9579699177713263,0.00021644855418812003,6.3559312850625105e-06,142.15743482181634,1.5592273690659094e-05,1000000.0,200,1,2.0,2.0,200.0,200.0,0.23122906684875488,1.4885124860156793,8.389795867988141,3086.395738199004
bip42p.txt,200,all,460,serious,OPTIMAL,OPTIMAL,OPTIMAL,OPTIMAL,True,0.9577952866040577,0.9577952866040577,0.9577952866040577,0.9577952866040577,0.9577952866040577,42.0,97.71953503189509,-0.9577952866040577,-0.9577952866040577,-0.9579101208095259,0.0001566515923876466,4.181738691944048e-05,14.53048046882403,1.1492311636111515e-05,700000.0,200,0,2.0,2.0,200.0,200.0,0.12106513977050781,1.3103001359850168,8.178165535995504,3094.573918496986
bip42p.txt,200,all,461,serious,OPTIMAL,OPTIMAL,OPTIMAL,OPTIMAL,True,0.957835994617742,0.957835994617742,0.957835994617742,0.957835994617742,0.957835994617742,42.0,97.71943810805301,-0.957835994617742,-0.957835994617742,-0.9579967562714488,0.0002014696673910965,4.070801368438737e-05,14.416878240954253,1.4671988316094412e-05,489999.99999999994,200,0,2.0,2.0,200.0,200.0,0.16782689094543457,1.3020121560257394,8.258411168004386,3102.83241035798
bip42p.txt,200,all,462,null,OPTIMAL,OPTIMAL,OPTIMAL,OPTIMAL,True,0.957835994617742,0.9578433717303158,0.9578433717303158,0.9578433717303158,0.9578433717303158,42.0,97.71942054349925,-0.957835994617742,-0.9578433717303158,-0.9580763369487282,0.0002403423309861319,7.377112573703215e-06,200.49595485806938,1.8430957075133445e-05,979999.9999999999,200,2,2.0,2.0,200.0,200.0,0.19232892990112305,1.2453904089925345,8.269512141996529,3111.10193556
bip42p.txt,200,all,463,serious,OPTIMAL,OPTIMAL,OPTIMAL,OPTIMAL,True,0.9578786398913613,0.9578786398913613,0.9578786398913613,0.9578786398913613,0.9578786398913613,42.0,97.71933657168724,-0.9578786398913613,-0.9578786398913613,-0.9580105763147884,0.00017458169704631654,4.2645273619301705e-05,13.8565554625438,1.25348738059266e-05,685999.9999999999,200,0,1.0,1.0,200.0,200.0,0.16299891471862793,1.3541251280112192,8.360884533001808,3119.4628370169958
bip42p.txt,200,all,464,serious,OPTIMAL,OPTIMAL,OPTIMAL,OPTIMAL,True,0.9579287128675905,0.9579287128675905,0.9579287128675905,0.9579287128675905,0.9579287128675905,42.0,97.71921735031526,-0.9579287128675905,-0.9579287128675905,-0.9580649090571852,0.00018626916582387132,5.007297622916518e-05,14.416045715152787,1.4463263800349341e-05,480199.9999999999,200,0,2.0,2.0,200.0,200.0,0.1508011817932129,1.2483797750028316,7.829569477005862,3127.292422008002
bip42p.txt,200,all,465,serious,OPTIMAL,OPTIMAL,OPTIMAL,OPTIMAL,True,0.9579840087485477,0.9579840087485477,0.9579840087485477,0.9579840087485477,0.9579840087485477,42.0,97.71908569345585,-0.9579840087485477,-0.9579840087485477,-0.958166352142263,0.00023763927467246315,5.529588095720683e-05,14.311131856624767,1.8651749444699216e-05,336139.9999999999,200,0,2.0,2.0,200.0,200.0,0.17789506912231445,1.2371300699887797,8.530960353004048,3135.8233964559913
bip42p.txt,200,all,466,null,OPTIMAL,OPTIMAL,OPTIMAL,OPTIMAL,True,0.9579840087485477,0.957899967738112,0.957899967738112,0.957899967738112,0.9579840087485477,42.0,97.71908569345585,-0.9579840087485477,-0.957899967738112,-0.9582907298149855,0.0003067210664378095,-8.404101043568701e-05,200.50141026924584,2.505823920779628e-05,672279.9999999998,200,2,2.0,2.0,200.0,200.0,0.18433499336242676,1.4250167410064023,8.162095089996,3143.985507217003
bip42p.txt,200,all,467,serious,OPTIMAL,OPTIMAL,OPTIMAL,OPTIMAL,True,0.9580337200947587,0.9580337200947587,0.9580337200947587,0.9580337200947587,0.9580337200947587,42.0,97.71896733310771,-0.9580337200947587,-0.9580337200947587,-0.9582077148152774,0.00022370606672972304,4.971134621101214e-05,13.999563493494755,1.6174868283681724e-05,470595.9999999998,200,0,2.0,2.0,200.0,200.0,0.1612389087677002,1.3060005500155967,8.632250800001202,3152.6177738950064
bip42p.txt,200,all,468,serious,OPTIMAL,OPTIMAL,OPTIMAL,OPTIMAL,True,0.95809017091821,0.95809017091821,0.95809017091821,0.95809017091821,0.95809017091821,42.0,97.7188329263852,-0.95809017091821,-0.95809017091821,-0.9582875327722823,0.0002538126775235572,5.645082345129282e-05,14.106174419565534,1.9865625690680867e-05,329417.19999999984,200,0,2.0,2.0,200.0,200.0,0.17269396781921387,1.3996286740002688,8.079091210995102,3160.696881724987
bip42p.txt,200,all,469,null,OPTIMAL,OPTIMAL,OPTIMAL,OPTIMAL,True,0.95809017091821,0.958110727129616,0.958110727129616,0.958110727129616,0.958110727129616,42.0,97.71878398302472,-0.95809017091821,-0.958110727129616,-0.9584016612999037,0.0003114903816936465,2.0556211405953206e-05,200.54797176889778,2.5342462538831095e-05,658834.3999999997,200,2,2.0,2.0,200.0,200.0,0.1749410629272461,1.2002126000006683,8.359627803001786,3169.0565267579805
bip42p.txt,200,all,470,serious,OPTIMAL,OPTIMAL,OPTIMAL,OPTIMAL,True,0.9581496113114548,0.9581496113114548,0.9581496113114548,0.9581496113114548,0.9581496113114548,42.0,97.71869140163939,-0.9581496113114548,-0.9581496113114548,-0.958321348866862,0.00023117794865201713,5.944039324479178e-05,14.452598914542582,1.6696540689181928e-05,461184.0799999997,200,0,2.0,2.0,200.0,200.0,0.18329381942749023,1.2224196520110127,7.993221062992234,3177.049762733979
bip42p.txt,200,all,471,null,OPTIMAL,OPTIMAL,OPTIMAL,OPTIMAL,True,0.9581496113114548,0.9581539043807553,0.9581539043807553,0.9581539043807553,0.9581539043807553,42.0,97.7186811800458,-0.9581496113114548,-0.9581539043807553,-0.9584084999232069,0.0002588886117520506,4.293069300498331e-06,142.1927245153618,1.9811922200068412e-05,922368.1599999995,200,1,2.0,2.0,200.0,200.0,0.20163702964782715,1.4072485869983211,8.43171986498055,3185.4815583649906
bip42p.txt,200,all,472,serious,OPTIMAL,OPTIMAL,OPTIMAL,OPTIMAL,True,0.9581841703672872,0.9581841703672872,0.9581841703672872,0.9581841703672872,0.9581841703672872,42.0,97.71860911817313,-0.9581841703672872,-0.9581841703672872,-0.9583467558816607,0.00019714457020592047,3.4559055832383834e-05,142.22266607773662,1.3759004446011525e-05,645657.7119999996,200,1,2.0,2.0,200.0,200.0,0.1351161003112793,1.172594029980246,8.067354652012,3193.5489273279964
bip42p.txt,200,all,473,serious,OPTIMAL,OPTIMAL,OPTIMAL,OPTIMAL,True,0.9582189945251843,0.9582189945251843,0.9582189945251843,0.9582189945251843,0.9582189945251843,42.0,97.71852620351146,-0.9582189945251843,-0.9582189945251843,-0.9584454990078461,0.00026132864055894434,3.482415789712867e-05,142.18350454501254,1.2649700661824443e-05,451960.3983999997,200,1,2.0,2.0,200.0,200.0,0.2033839225769043,1.353536102018552,8.614582286012592,3202.163525554992
bip42p.txt,200,all,474,null,OPTIMAL,OPTIMAL,OPTIMAL,OPTIMAL,True,0.9582189945251843,0.9581337258797694,0.9581337258797694,0.9581337258797694,0.9582189945251843,42.0,97.71852620351146,-0.9582189945251843,-0.9581337258797694,-0.9585915772008297,0.00037258267564532765,-8.526864541491541e-05,142.18101112077068,1.7780062904845303e-05,903920.7967999994,200,1,2.0,2.0,200.0,200.0,0.17662787437438965,1.3456730600155424,8.230337950022658,3210.3938779679884
bip42p.txt,200,all,475,null,OPTIMAL,OPTIMAL,OPTIMAL,OPTIMAL,True,0.9582189945251843,0.958232502450003,0.958232502450003,0.958232502450003,0.958232502450003,42.0,97.71849404178572,-0.9582189945251843,-0.958232502450003,-0.9585127321678842,0.00029373764269990943,1.3507924818689787e-05,14.538690304217013,8.957184195302305e-06,1000000.0,200,0,2.0,2.0,200.0,200.0,0.1539301872253418,1.3703982870210893,8.204291271977127,3218.5981833359983
bip42p.txt,200,all,476,serious,OPTIMAL,OPTIMAL,OPTIMAL,OPTIMAL,True,0.9582733986462136,0.9582733986462136,0.9582733986462136,0.9582733986462136,0.9582733986462136,42.0,97.71839666988997,-0.9582733986462136,-0.9582733986462136,-0.958425011276354,0.00020601675116971307,5.4404121029305585e-05,14.172059171046765,1.3952455645008346e-05,700000.0,200,0,1.6603750034496998,1.6603750034496998,200.0,200.0,0.14104604721069336,1.2914467660011724,8.303412141016452,3226.9016107749776
bip42p.txt,200,all,477,null,OPTIMAL,OPTIMAL,OPTIMAL,OPTIMAL,True,0.9582733986462136,0.9582423991819476,0.9582423991819476,0.9582423991819476,0.9582733986462136,42.0,97.71839666988997,-0.9582733986462136,-0.9582423991819476,-0.9584793382478923,0.00020593960167869518,-3.099946426599054e-05,200.49436683079537,1.504292471176078e-05,1000000.0,200,2,1.0,1.0,200.0,200.0,0.22579693794250488,1.208341649005888,8.192522132012527,3235.094148167991
bip42p.txt,200,all,478,serious,OPTIMAL,OPTIMAL,OPTIMAL,OPTIMAL,True,0.9583185678166265,0.9583185678166265,0.9583185678166265,0.9583185678166265,0.9583185678166265,42.0,97.71828912424614,-0.9583185678166265,-0.9583185678166265,-0.958441204975324,0.00016780632911039817,4.516917041286206e-05,14.071571786155225,1.2180283631237907e-05,700000.0,200,0,1.0,1.0,200.0,200.0,0.18463611602783203,1.255709688004572,8.62025201000506,3243.714415016002
bip42p.txt,200,all,479,serious,OPTIMAL,OPTIMAL,OPTIMAL,OPTIMAL,True,0.9583598782128299,0.9583598782128299,0.9583598782128299,0.9583598782128299,0.9583598782128299,42.0,97.71819076615992,-0.9583598782128299,-0.9583598782128299,-0.9585029846227683,0.00018441680614178502,4.131039620336452e-05,142.16850681107414,1.381246659159134e-05,489999.99999999994,200,1,2.0,2.0,200.0,200.0,0.16607284545898438,1.2406572730105836,7.767395031987689,3251.4818240969907
bip42p.txt,200,all,480,null,OPTIMAL,OPTIMAL,OPTIMAL,OPTIMAL,True,0.9583598782128299,0.9583239199847361,0.9583239199847361,0.9583239199847361,0.9583598782128299,42.0,97.71819076615992,-0.9583598782128299,-0.9583239199847361,-0.9586098769767679,0.000249998763938053,-3.5958228093768696e-05,245.38327856320268,1.4595750574955582e-05,979999.9999999999,200,3,2.0,2.0,200.0,200.0,0.14787697792053223,1.3284667750122026,8.491883856011555,3259.973723718984
bip42p.txt,200,all,481,null,OPTIMAL,OPTIMAL,OPTIMAL,OPTIMAL,True,0.9583598782128299,0.9583789133177493,0.9583789133177493,0.9583789133177493,0.9583789133177493,42.0,97.71814544448154,-0.9583598782128299,-0.9583789133177493,-0.9585527697160748,0.00019289150324497406,1.9035104919407075e-05,14.519740668483866,7.335433825562742e-06,1000000.0,200,0,2.0,2.0,200.0,200.0,0.1237330436706543,1.1864980969985481,8.12804145301925,3268.1018474329903
bip42p.txt,200,all,482,serious,OPTIMAL,OPTIMAL,OPTIMAL,OPTIMAL,True,0.9584043751194978,0.9584043751194978,0.9584043751194978,0.9584043751194978,0.9584043751194978,42.0,97.71808482114405,-0.9584043751194978,-0.9584043751194978,-0.9584998439972061,0.0001399657843762503,4.4496906667967906e-05,13.873071245552232,9.995233900520902e-06,700000.0,200,0,1.0,1.0,200.0,200.0,0.16556406021118164,1.1895631799998228,8.295999435998965,3276.3978618569963
bip42p.txt,200,all,483,serious,OPTIMAL,OPTIMAL,OPTIMAL,OPTIMAL,True,0.9584499151731284,0.9584499151731284,0.9584499151731284,0.9584499151731284,0.9584499151731284,42.0,97.71797639244494,-0.9584499151731284,-0.9584499151731284,-0.9585689234607347,0.0001645483412369142,4.554005363055502e-05,14.041720133781197,1.2987696797470329e-05,489999.99999999994,200,0,2.0,2.0,200.0,200.0,0.1511540412902832,1.4658684030000586,8.61457635901752,3285.0124522979895
bip42p.txt,200,all,484,null,OPTIMAL,OPTIMAL,OPTIMAL,OPTIMAL,True,0.9584499151731284,0.9584530621838047,0.9584530621838047,0.9584530621838047,0.9584530621838047,42.0,97.71796889956236,-0.9584499151731284,-0.9584530621838047,-0.9586414568424984,0.00019154166936996564,3.14701067627432e-06,200.53681180025865,1.5935807325703443e-05,979999.9999999999,200,2,2.0,2.0,200.0,199.99999999999997,0.16459894180297852,1.3947311480005737,8.60027899601846,3293.612746493978
bip42p.txt,200,all,485,serious,OPTIMAL,OPTIMAL,OPTIMAL,OPTIMAL,True,0.9584906833302508,0.9584906833302508,0.9584906833302508,0.9584906833302508,0.9584906833302508,42.0,97.71787932540416,-0.9584906833302508,-0.9584906833302508,-0.9585963993359249,0.00014648416279650078,4.076815712239501e-05,14.063629449684692,1.0704837672192832e-05,685999.9999999999,200,0,1.0,1.0,200.0,200.0,0.13196301460266113,1.4215347640274558,8.178329301008489,3301.791091161984
bip42p.txt,200,all,486,null,OPTIMAL,OPTIMAL,OPTIMAL,OPTIMAL,True,0.9584906833302508,0.958487391916116,0.958487391916116,0.958487391916116,0.9584906833302508,42.0,97.71787932540416,-0.9584906833302508,-0.958487391916116,-0.9586495902100983,0.00015890687984754237,-3.291414134798387e-06,142.16182576403702,1.243731885909483e-05,1000000.0,200,1,2.0,2.0,200.0,200.0,0.16284704208374023,1.1629051129857544,8.026292007998563,3309.8173975359823
bip42p.txt,200,all,487,serious,OPTIMAL,OPTIMAL,OPTIMAL,OPTIMAL,True,0.9585232038516304,0.9585232038516304,0.9585232038516304,0.9585232038516304,0.9585232038516304,42.0,97.71780189559134,-0.9585232038516304,-0.9585232038516304,-0.9586136263330572,0.00012294300280646375,3.25205213795865e-05,14.35542468664603,9.97159640563619e-06,700000.0,200,0,2.0,2.0,200.0,199.99999999999997,0.16103816032409668,1.5771623860055115,8.405964571982622,3318.223379743984
bip42p.txt,200,all,488,serious,OPTIMAL,OPTIMAL,OPTIMAL,OPTIMAL,True,0.9585677751116516,0.9585677751116516,0.9585677751116516,0.9585677751116516,0.9585677751116516,42.0,97.71769577354368,-0.9585677751116516,-0.9585677751116516,-0.9586774662717937,0.00015426242016336467,4.457126002122003e-05,13.980726374706691,1.2027731446806158e-05,489999.99999999994,200,0,1.0,1.0,200.0,200.0,0.1856250762939453,1.4792859470180701,8.585186788986903,3326.8085833579826
bip42p.txt,200,all,489,null,OPTIMAL,OPTIMAL,OPTIMAL,OPTIMAL,True,0.9585677751116516,0.9585847789707008,0.9585847789707008,0.9585847789707008,0.9585847789707008,42.0,97.71765528816498,-0.9585677751116516,-0.9585847789707008,-0.9587494111207197,0.00018163600906806465,1.700385904923607e-05,142.13755117492462,1.5332142615491084e-05,979999.9999999999,200,1,2.0,2.0,200.0,200.0,0.16418218612670898,1.50834627498989,8.855399431980914,3335.663998278993
bip42p.txt,200,all,490,serious,OPTIMAL,OPTIMAL,OPTIMAL,OPTIMAL,True,0.9586041419580614,0.9586041419580614,0.9586041419580614,0.9586041419580614,0.9586041419580614,42.0,97.71760918581415,-0.9586041419580614,-0.9586041419580614,-0.9586929839195851,0.00012520880793354117,3.6366846409841e-05,14.149803808930558,9.619466792450885e-06,685999.9999999999,200,0,2.0,2.0,200.0,200.0,0.13735508918762207,1.3039885379839689,8.198675380990608,3343.8626867909916
bip42p.txt,200,all,491,serious,OPTIMAL,OPTIMAL,OPTIMAL,OPTIMAL,True,0.9586445582101976,0.9586445582101976,0.9586445582101976,0.9586445582101976,0.9586445582101976,42.0,97.71751295664238,-0.9586445582101976,-0.9586445582101976,-0.9587562912607401,0.00015214930267870574,4.041625213613287e-05,14.442574307917152,1.204360320665419e-05,480199.9999999999,200,0,2.0,2.0,200.0,199.99999999999997,0.13287091255187988,1.313638521998655,7.972243950003758,3351.835003774002
bip42p.txt,200,all,492,serious,OPTIMAL,OPTIMAL,OPTIMAL,OPTIMAL,True,0.9586743495455453,0.9586743495455453,0.9586743495455453,0.9586743495455453,0.9586743495455453,42.0,97.71744202489155,-0.9586743495455453,-0.9586743495455453,-0.9588295465516714,0.00018498834147384624,2.9791335347750802e-05,200.5189937895924,1.5528835267184914e-05,336139.9999999999,200,2,2.0,2.0,200.0,200.0,0.19773602485656738,1.444495256000664,8.427240765013266,3360.262263957993
bip42p.txt,200,all,493,serious,OPTIMAL,OPTIMAL,OPTIMAL,OPTIMAL,True,0.9587176248708399,0.9587176248708399,0.9587176248708399,0.9587176248708399,0.9587176248708399,42.0,97.71733898840276,-0.9587176248708399,-0.9587176248708399,-0.9589621456381096,0.0002877960925642409,4.327532529457834e-05,14.515766424395569,1.9699264980137413e-05,235297.9999999999,200,0,2.0,2.0,200.0,200.0,0.15208697319030762,1.1825342130032368,8.354008432972478,3368.6162874389847
bip42p.txt,200,all,494,null,OPTIMAL,OPTIMAL,OPTIMAL,OPTIMAL,True,0.9587176248708399,0.9587412900914639,0.9587412900914639,0.9587412900914639,0.9587412900914639,42.0,97.71728264263936,-0.9587176248708399,-0.9587412900914639,-0.9590786762992503,0.00036105142841036386,2.3665220624025096e-05,142.24245652765623,3.0402049280533035e-05,470595.9999999998,200,1,3.0,3.0,200.0,200.0,0.14937400817871094,1.2289458720188122,8.468040215986548,3377.084342083981
bip42p.txt,200,all,495,serious,OPTIMAL,OPTIMAL,OPTIMAL,OPTIMAL,True,0.9587907363628471,0.9587907363628471,0.9587907363628471,0.9587907363628471,0.9587907363628471,42.0,97.71716491342178,-0.9587907363628471,-0.9587907363628471,-0.9590004398027342,0.00028281493189430407,7.311149200717182e-05,14.822036853566486,2.0442725170152106e-05,329417.19999999984,200,0,3.0,3.0,200.0,200.0,0.20186805725097656,1.2047435370041057,8.47740561599494,3385.5617618800025
bip42p.txt,200,all,496,null,OPTIMAL,OPTIMAL,OPTIMAL,OPTIMAL,True,0.9587907363628471,0.9587729504662058,0.9587729504662058,0.9587729504662058,0.9587907363628471,42.0,97.71716491342178,-0.9587907363628471,-0.9587729504662058,-0.9590885380965697,0.00029780173372262464,-1.778589664125363e-05,245.40182046380102,2.3374687845456598e-05,658834.3999999997,200,3,2.0,2.0,200.0,200.0,0.23674821853637695,1.319516638002824,8.35864700100501,3393.9204244439898
bip42p.txt,200,all,497,serious,OPTIMAL,OPTIMAL,OPTIMAL,OPTIMAL,True,0.9588721095349441,0.9588721095349441,0.9588721095349441,0.9588721095349441,0.9588721095349441,42.0,97.71697116777395,-0.9588721095349441,-0.9588721095349441,-0.9590291301590104,0.00023839379616330536,8.137317209699901e-05,14.590586179978034,1.646157544637199e-05,461184.0799999997,200,0,2.0,2.0,200.0,200.0,0.19070816040039062,1.2861928500060458,8.40761376300361,3402.3280543049914
bip42p.txt,200,all,498,serious,OPTIMAL,OPTIMAL,OPTIMAL,OPTIMAL,True,0.9589421987298098,0.9589421987298098,0.9589421987298098,0.9589421987298098,0.9589421987298098,42.0,97.71680428873854,-0.9589421987298098,-0.9589421987298098,-0.9591020420310512,0.0002299324961071436,7.008919486573006e-05,15.466602778423873,1.77601264705459e-05,322828.8559999998,200,0,3.0,3.0,200.0,200.0,0.15690183639526367,1.3285048450052273,8.714428635983495,3411.042497029004
bip42p.txt,200,all,499,serious,OPTIMAL,OPTIMAL,OPTIMAL,OPTIMAL,True,0.9590062734231274,0.9590062734231274,0.9590062734231274,0.9590062734231274,0.9590062734231274,42.0,97.71665172994493,-0.9590062734231274,-0.9590062734231274,-0.9592113375243085,0.00026913879449874667,6.407469331759508e-05,14.413161679255458,2.243380953702691e-05,225980.19919999986,200,0,2.0,2.0,200.0,200.0,0.20684099197387695,1.2391560960095376,7.985972642985871,3419.02848345699
bip42p.txt,200,all,500,serious,OPTIMAL,OPTIMAL,OPTIMAL,OPTIMAL,True,0.9590473506315308,0.9590473506315308,0.9590473506315308,0.9590473506315308,0.9590473506315308,42.0,97.71655392706779,-0.9590473506315308,-0.9590473506315308,-0.9593521812273837,0.00034590780425636236,4.107720840340612e-05,200.54417896994718,3.067849122539205e-05,158186.13943999988,200,2,2.0,2.0,200.0,200.0,0.15921497344970703,1.2198412459983956,7.883708962006494,3426.9122068150027
cc10-2p.txt,500,all,1,null,OPTIMAL,OPTIMAL,OPTIMAL,OPTIMAL,True,0.0,-1330.0,-1330.0,-1330.0,0.0,42.0,100.0,-0.0,1330.0,-20.0,20.0,-1330.0,299.6664814219168,4.47213595499958,2.0,2,10,1.0000002500001983,1.0000002500001983,20.00000165051601,76.99999870043666,0.0006620883941650391,13.537633054016624,13.883202097000321,43.287082810973516
cc10-2p.txt,500,all,2,null,OPTIMAL,OPTIMAL,OPTIMAL,OPTIMAL,True,0.0,0.0,0.0,0.0,0.0,42.0,100.0,-0.0,-0.0,-0.14918919885542636,0.14918919885542636,0.0,4.455705983988031,0.04649908284033747,4.0,3,0,1.0,1.0,20.0,77.0,0.0017981529235839844,16.263875094999094,16.646463883982506,59.93361648899736
cc10-2p.txt,500,all,3,null,OPTIMAL,OPTIMAL,OPTIMAL,OPTIMAL,True,0.0,1.3552527156068805e-20,1.3552527156068805e-20,1.3552527156068805e-20,1.3552527156068805e-20,42.0,100.0,-0.0,-1.3552527156068805e-20,-0.14807586468982772,0.14807586468982772,1.3552527156068805e-20,4.472138975204831,0.049395251086037435,8.0,4,0,1.0000067532953143,1.0000067532953143,20.000027013265644,77.00000000008438,0.002122163772583008,16.487929669005098,16.89027521398384,76.82390837697312
cc10-2p.txt,500,all,4,null,OPTIMAL,OPTIMAL,OPTIMAL,OPTIMAL,True,0.0,-1.3552527156068805e-20,-1.3552527156068805e-20,-1.3552527156068805e-20,1.3552527156068805e-20,42.0,100.0,-0.0,1.3552527156068805e-20,-0.14750355619729408,0.14750355619729408,-1.3552527156068805e-20,4.415863268740573,0.05759652113379962,16.0,5,0,1.0,1.0,20.0,77.0,0.0019450187683105469,16.900431339017814,17.330107722984394,94.15403457797947
cc10-2p.txt,500,all,5,null,OPTIMAL,OPTIMAL,OPTIMAL,OPTIMAL,True,0.0,-0.06925243098396017,-0.06925243098396017,-0.06925243098396017,1.3552527156068805e-20,42.0,100.0,-0.0,0.06925243098396017,-0.14720077394402747,0.14720077394402747,-0.06925243098396017,232.13789023234128,0.06613672735608464,32.0,6,6,1.0000067934516885,1.0000067934516885,20.000067934949897,77.00000000032132,0.0026700496673583984,17.08119648200227,17.581002972990973,111.73505385097815
cc10-2p.txt,500,all,6,null,OPTIMAL,OPTIMAL,OPTIMAL,OPTIMAL,True,0.0,-0.12905360881710237,-0.12905360881710237,-0.12905360881710237,1.3552527156068805e-20,42.0,100.0,-0.0,0.12905360881710237,-0.1470640850583636,0.1470640850583636,-0.12905360881710237,189.557379103342,0.06605638022532044,64.0,7,4,1.0,1.0,20.000013736204643,77.00000000005593,0.002341032028198242,17.968364850006765,18.465170880022924,130.20024337497307
cc10-2p.txt,500,all,7,null,OPTIMAL,OPTIMAL,OPTIMAL,OPTIMAL,True,0.0,0.0,0.0,0.0,1.3552527156068805e-20,42.0,100.0,-0.0,-0.0,-0.07748500308078439,0.07748500308078439,0.0,4.47213595499958,0.03479519075222347,128.0,8,0,1.0,1.0,20.0,77.0,0.0032689571380615234,17.44313910699566,17.98920050499146,148.18946085797506
cc10-2p.txt,500,all,8,null,OPTIMAL,OPTIMAL,OPTIMAL,OPTIMAL,True,0.0,0.0,0.0,0.0,1.3552527156068805e-20,42.0,100.0,-0.0,-0.0,-0.031044830320460876,0.031044830320460876,0.0,4.47213595499958,0.015573650039945796,256.0,9,0,1.0,1.0,20.0,77.0,0.00391697883605957,17.713704287976725,18.30007085300167,166.48954897999647
cc10-2p.txt,500,all,9,null,OPTIMAL,OPTIMAL,OPTIMAL,OPTIMAL,True,0.0,0.0,0.0,0.0,1.3552527156068805e-20,42.0,100.0,-0.0,-0.0,-0.01294948865652219,0.01294948865652219,0.0,4.353383853978005,0.007112263653606536,512.0,10,0,1.0,1.0,20.0,77.0,0.0034749507904052734,18.180651501985267,18.752418379997835,185.24198491399875
cc10-2p.txt,500,all,10,null,OPTIMAL,OPTIMAL,OPTIMAL,OPTIMAL,True,0.0,-3.3881317890172014e-21,-3.3881317890172014e-21,-3.3881317890172014e-21,1.3552527156068805e-20,42.0,100.0,-0.0,3.3881317890172014e-21,-0.005510761345543739,0.005510761345543739,-3.3881317890172014e-21,4.366495243235242,0.003280762951104536,1024.0,11,0,1.0,1.0,20.0,77.0,0.003880023956298828,17.787996466999175,18.384008833003463,203.62601430597715
cc10-2p.txt,500,all,11,null,OPTIMAL,OPTIMAL,OPTIMAL,OPTIMAL,True,0.0,-6.776263578034403e-21,-6.776263578034403e-21,-6.776263578034403e-21,1.3552527156068805e-20,42.0,100.0,-0.0,6.776263578034403e-21,-0.0024001708876739635,0.0024001708876739635,-6.776263578034403e-21,4.47213595499958,0.00153106919524741,2048.0,12,0,1.0,1.0,20.0,77.0,0.0032699108123779297,18.639695465011755,19.278577370016137,222.90469288898748
cc10-2p.txt,500,all,12,null,OPTIMAL,OPTIMAL,OPTIMAL,OPTIMAL,True,0.0,0.0,0.0,0.0,1.3552527156068805e-20,42.0,100.0,-0.0,-0.0,-0.0010687225783576006,0.0010687225783576006,0.0,4.405131735415657,0.000722440262370575,4096.0,13,0,1.0,1.0,20.0,77.0,0.004297971725463867,17.703320547996555,18.428179631999228,241.33289011899615
cc10-2p.txt,500,all,13,null,OPTIMAL,OPTIMAL,OPTIMAL,OPTIMAL,True,0.0,0.0,0.0,0.0,1.3552527156068805e-20,42.0,100.0,-0.0,-0.0,-0.00048019134393975275,0.00048019134393975275,0.0,4.470363622669613,0.0003424892201385998,8192.0,14,0,1.0,1.0,20.0,77.0,0.0032820701599121094,17.74290479798219,18.446415590005927,259.7793242049811
cc10-2p.txt,500,all,14,null,OPTIMAL,OPTIMAL,OPTIMAL,OPTIMAL,True,0.0,0.0,0.0,0.0,1.3552527156068805e-20,42.0,100.0,-0.0,-0.0,-0.0002186165138312989,0.0002186165138312989,0.0,4.47213595499958,0.00016357103359692315,16384.0,15,0,1.0,1.0,20.0,77.0,0.0036771297454833984,18.365533828007756,19.096097069006646,278.8754412579874
cc10-2p.txt,500,all,15,null,OPTIMAL,OPTIMAL,OPTIMAL,OPTIMAL,True,0.0,3.3881317890172014e-21,3.3881317890172014e-21,3.3881317890172014e-21,1.3552527156068805e-20,42.0,100.0,-0.0,-3.3881317890172014e-21,-0.00010035366376750077,0.00010035366376750077,3.3881317890172014e-21,4.40840004596647,7.862763076733882e-05,32768.0,16,0,1.0,1.0,20.0,77.0,0.003381967544555664,18.41138161101844,19.168285366991768,298.0437507579918
cc10-2p.txt,500,all,16,null,OPTIMAL,OPTIMAL,OPTIMAL,OPTIMAL,True,0.0,0.0,0.0,0.0,1.3552527156068805e-20,42.0,100.0,-0.0,-0.0,-4.7593267027448584e-05,4.7593267027448584e-05,0.0,4.453704733445611,3.959935334618621e-05,65536.0,17,0,1.0,1.0,20.0,77.0,0.00459599494934082,17.624686359980842,18.438109940005234,316.4818773609877
cc10-2p.txt,500,all,17,null,OPTIMAL,OPTIMAL,OPTIMAL,OPTIMAL,True,0.0,0.0,0.0,0.0,1.3552527156068805e-20,42.0,100.0,-0.0,-0.0,-2.3448099460263657e-05,2.3448099460263657e-05,0.0,4.4349134343212135,2.060203652747588e-05,131072.0,18,0,1.0,1.0,20.0,77.0,0.004060983657836914,18.303092838003067,19.070920475991443,335.5528136520006
cc10-2p.txt,500,all,18,null,OPTIMAL,OPTIMAL,OPTIMAL,OPTIMAL,True,0.0,0.0,0.0,0.0,1.3552527156068805e-20,42.0,100.0,-0.0,-0.0,-1.2557353790285634e-05,1.2557353790285634e-05,0.0,4.414018884091017,1.1783195204366142e-05,262144.0,19,0,1.0,1.0,20.0,77.0,0.003832101821899414,17.810762626002543,18.617184142989572,354.1700151239929
cc10-2p.txt,500,all,19,parada_pred,OPTIMAL,OPTIMAL,OPTIMAL,OPTIMAL,True,0.0,0.0,0.0,0.0,1.3552527156068805e-20,42.0,100.0,-0.0,-0.0,-6.0747382384899286e-06,6.0747382384899286e-06,0.0,4.47213595499958,5.938510753950935e-06,524288.0,20,0,1.0,1.0,20.0,77.0,0.004930019378662109,18.123064634011826,19.002186919999076,373.17221718499786
cc12-2p.txt,500,all,1,null,OPTIMAL,OPTIMAL,OPTIMAL,OPTIMAL,True,0.0,-11775.0,-11775.0,-11775.0,0.0,42.0,100.0,-0.0,11775.0,-50.0,50.0,-11775.0,1668.7869846088804,7.0710678118654755,2.0,2,25,1.0,1.0,50.0,261.0,0.0027570724487304688,128.10873738399823,130.6623548560019,500.975057484
cc12-2p.txt,500,all,2,null,OPTIMAL,OPTIMAL,OPTIMAL,OPTIMAL,True,0.0,0.0,0.0,0.0,0.0,42.0,100.0,-0.0,-0.0,-0.10592843563243237,0.10592843563243237,0.0,7.071034153415808,0.021096955544776193,4.0,3,0,1.0,1.0,50.0,261.0,0.00438380241394043,131.25064481800655,133.97331133598345,634.9484387309931
cc12-2p.txt,500,all,3,null,OPTIMAL,OPTIMAL,OPTIMAL,OPTIMAL,True,0.0,0.0,0.0,0.0,0.0,42.0,100.0,-0.0,-0.0,-0.10570401143530006,0.10570401143530006,0.0,7.0710678118654755,0.022376468477694117,8.0,4,0,1.0,1.0,50.0,261.0,0.004328012466430664,176.9134526019916,179.80108165499405,814.7495391559787
cc12-2p.txt,500,all,4,null,OPTIMAL,OPTIMAL,OPTIMAL,OPTIMAL,True,0.0,0.0,0.0,0.0,0.0,42.0,100.0,-0.0,-0.0,-0.10559086440753158,0.10559086440753158,0.0,7.069903359394805,0.02610563803979802,16.0,5,0,1.0,1.0,50.0,261.0,0.003922939300537109,168.360021141998,171.56824324201443,986.31780049199
cc12-2p.txt,500,all,5,null,OPTIMAL,OPTIMAL,OPTIMAL,OPTIMAL,True,0.0,0.0,0.0,0.0,0.0,42.0,100.0,-0.0,-0.0,-0.1055333522928701,0.1055333522928701,0.0,7.0710678118654755,0.02989416448575975,32.0,6,0,1.0,1.0,50.0,261.0,0.005327939987182617,171.21913700801088,174.4656051149941,1160.7834249929874
cc12-2p.txt,500,all,6,null,OPTIMAL,OPTIMAL,OPTIMAL,OPTIMAL,True,0.0,0.0,0.0,0.0,0.0,42.0,100.0,-0.0,-0.0,-0.10550365842458563,0.10550365842458563,0.0,7.0710678118654755,0.033370051989694186,64.0,7,0,1.0,1.0,50.0,261.0,0.005376100540161133,179.54261568098445,182.76035095300176,1343.5437952140055
cc12-2p.txt,500,all,7,null,OPTIMAL,OPTIMAL,OPTIMAL,OPTIMAL,True,0.0,0.0,0.0,0.0,0.0,42.0,100.0,-0.0,-0.0,-0.1054878967759949,0.1054878967759949,0.0,7.0710678118654755,0.03654323277121803,128.0,8,0,1.0,1.0,50.0,261.0,0.006177186965942383,178.91295654600253,182.42847371299285,1525.972287001001
cc12-2p.txt,500,all,8,null,OPTIMAL,OPTIMAL,OPTIMAL,OPTIMAL,True,0.0,0.0,0.0,0.0,0.0,42.0,100.0,-0.0,-0.0,-0.055800848977148126,0.055800848977148126,0.0,7.0710678118654755,0.020879296744414147,256.0,9,0,1.0,1.0,50.0,261.0,0.0061588287353515625,177.54145178201725,181.1221727770171,1707.094478479994
cc12-2p.txt,500,all,9,null,OPTIMAL,OPTIMAL,OPTIMAL,OPTIMAL,True,0.0,0.0,0.0,0.0,0.0,42.0,100.0,-0.0,-0.0,-0.024413007200450622,0.024413007200450622,0.0,7.3484692283495345,0.00976542756559911,512.0,10,0,2.0,2.0,50.0,261.0,0.0055789947509765625,187.60440894699423,191.21720062600798,1898.3116973830038
cc12-2p.txt,500,all,10,null,OPTIMAL,OPTIMAL,OPTIMAL,OPTIMAL,True,0.0,0.0,0.0,0.0,0.0,42.0,100.0,-0.0,-0.0,-0.010940316069486089,0.010940316069486089,0.0,7.058071393079274,0.004622567728965597,1024.0,11,0,1.0,1.0,50.0,261.0,0.0055119991302490234,184.41165931598516,188.3617501629924,2086.673468086985
cc12-2p.txt,500,all,11,null,OPTIMAL,OPTIMAL,OPTIMAL,OPTIMAL,True,0.0,0.0,0.0,0.0,0.0,42.0,100.0,-0.0,-0.0,-0.004917239610051636,0.004917239610051636,0.0,7.0710678118654755,0.0021913743866704225,2048.0,12,0,1.0,1.0,50.0,261.0,0.006527900695800781,178.82209952402627,182.70963413699064,2269.3831715080014
cc12-2p.txt,500,all,12,null,OPTIMAL,OPTIMAL,OPTIMAL,OPTIMAL,True,0.0,0.0,0.0,0.0,0.0,42.0,100.0,-0.0,-0.0,-0.0022337093342548564,0.0022337093342548564,0.0,7.036259034654501,0.0010444840528892752,4096.0,13,0,1.0,1.0,50.0,261.0,0.007009029388427734,184.28060578298755,188.54301370598841,2457.926202626986
cc12-2p.txt,500,all,13,null,OPTIMAL,OPTIMAL,OPTIMAL,OPTIMAL,True,0.0,0.0,0.0,0.0,0.0,42.0,100.0,-0.0,-0.0,-0.001022362128909038,0.001022362128909038,0.0,6.938768497140644,0.0004996340463831122,8192.0,14,0,1.0,1.0,50.0,261.0,0.009914159774780273,176.58858523299568,180.62165812798776,2638.547878879006
cc12-2p.txt,500,all,14,null,OPTIMAL,OPTIMAL,OPTIMAL,OPTIMAL,True,0.0,0.0,0.0,0.0,0.0,42.0,100.0,-0.0,-0.0,-0.00047047805040153964,0.00047047805040153964,0.0,7.024107390505271,0.0002399102921580532,16384.0,15,0,1.0,1.0,50.0,261.0,0.009057044982910156,185.67587974201888,189.85204136601533,2828.399937184993
cc12-2p.txt,500,all,15,null,OPTIMAL,OPTIMAL,OPTIMAL,OPTIMAL,True,0.0,0.0,0.0,0.0,0.0,42.0,100.0,-0.0,-0.0,-0.00021809512602918773,0.00021809512602918773,0.0,7.0710678118654755,0.00011542368448705038,32768.0,16,0,1.0,1.0,50.0,261.0,0.009419918060302734,179.72003113798564,183.91797734898864,3012.3179348459817
cc12-2p.txt,500,all,16,null,OPTIMAL,OPTIMAL,OPTIMAL,OPTIMAL,True,0.0,0.0,0.0,0.0,0.0,42.0,100.0,-0.0,-0.0,-0.0001017967323283109,0.0001017967323283109,0.0,7.0710678118654755,5.5807968013516604e-05,65536.0,17,0,1.0,1.0,50.0,261.0,0.009202957153320312,179.91451328599942,184.14545742201153,3196.4634102889977
cc12-2p.txt,500,all,17,null,OPTIMAL,OPTIMAL,OPTIMAL,OPTIMAL,True,0.0,0.0,0.0,0.0,0.0,42.0,100.0,-0.0,-0.0,-4.864251392139368e-05,4.864251392139368e-05,0.0,6.78958496333926,2.761603820270594e-05,131072.0,18,0,1.0,1.0,50.0,261.0,0.011863946914672852,174.3813343619986,178.84006543000578,3375.3034927809786
cc12-2p.txt,500,all,18,null,OPTIMAL,OPTIMAL,OPTIMAL,OPTIMAL,True,0.0,0.0,0.0,0.0,0.0,42.0,100.0,-0.0,-0.0,-2.5376823224948383e-05,2.5376823224948383e-05,0.0,7.0710678118654755,1.4986868991268038e-05,262144.0,19,0,1.0,1.0,50.0,261.0,0.009699821472167969,175.93279001800693,180.49985770799685,3555.8033713699842
cc12-2p.txt,500,all,19,null,OPTIMAL,OPTIMAL,OPTIMAL,OPTIMAL,True,0.0,0.0,0.0,0.0,0.0,42.0,100.0,-0.0,-0.0,-1.4408747448906798e-05,1.4408747448906798e-05,0.0,7.0710678118654755,8.823670924344783e-06,524288.0,20,0,1.0,1.0,50.0,261.0,0.00964498519897461,173.01840594000532,177.7212565749942,3733.5246485020034
cc12-2u.txt,2,all,1,null,OPTIMAL,OPTIMAL,OPTIMAL,OPTIMAL,True,0.0,-126229.0,-126229.0,-126229.0,0.0,42.0,100.0,-0.0,126229.0,-540.0,540.0,-126229.0,5453.642635893603,23.2379000772445,2.0,2,267,1.0000002500019036,1.0000002500019036,554.000000650299,512.9999995005112,0.0029261112213134766,17.058299842989072,17.628530831978424,45.48639056397951
cc12-2u.txt,2,all,2,null,OPTIMAL,OPTIMAL,OPTIMAL,OPTIMAL,True,0.0,-234.1209636835494,-234.1209636835494,-234.1209636835494,0.0,42.0,100.0,-0.0,234.1209636835494,-2.123582972458166,2.123582972458166,-234.1209636835494,334.7442441078922,0.7062420465912679,4.0,3,1,2.0,2.0,657.9902528588702,564.9951264294351,0.012586116790771484,17.292034321988467,18.168146435986273,63.6546103709843
cc12-2u.txt,2,all,3,null,OPTIMAL,OPTIMAL,OPTIMAL,OPTIMAL,True,0.0,0.0,0.0,0.0,0.0,42.0,100.0,-0.0,-0.0,-1.131406025875644,1.131406025875644,0.0,26.88332370955847,0.06103393469238351,8.0,4,0,1.0142029932475651,1.0142029932475651,723.9715940135048,597.9857970067524,0.013535022735595703,17.846618367999326,18.641282839991618,82.29591061698738
cc12-2u.txt,2,all,4,null,OPTIMAL,OPTIMAL,OPTIMAL,OPTIMAL,True,0.0,0.0,0.0,0.0,0.0,42.0,100.0,-0.0,-0.0,-1.128698321350947,1.128698321350947,0.0,28.388120378867633,0.06690834910778257,16.0,5,0,2.0,2.0,801.971029937065,636.9855149685325,0.021810054779052734,19.28067284601275,20.36401318400749,102.65994042699458
cc12-2u.txt,2,all,5,null,OPTIMAL,OPTIMAL,OPTIMAL,OPTIMAL,True,0.0,-0.32049170687890066,-0.32049170687890066,-0.32049170687890066,0.0,42.0,100.0,-0.0,0.32049170687890066,-1.1273312886782347,1.1273312886782347,-0.32049170687890066,335.09817200415944,0.07615323053404324,32.0,6,1,2.0,2.0,883.9521645238258,677.9760822619129,0.03153800964355469,17.918219184008194,18.9575838779856,121.6175384039816
cc12-2u.txt,2,all,6,null,OPTIMAL,OPTIMAL,OPTIMAL,OPTIMAL,True,0.0,0.00022524630007682032,0.00022524630007682032,0.00022524630007682032,0.00022524630007682032,42.0,99.99946369928553,-0.0,-0.00022524630007682032,-1.1268370200813187,1.1268370200813187,0.00022524630007682032,30.750310161886286,0.07605192896211171,64.0,7,0,2.0,2.0,917.890932901022,694.945466450511,0.054692983627319336,20.443972157983808,21.806758185994113,143.42431676699198
cc12-2u.txt,2,all,7,null,OPTIMAL,OPTIMAL,OPTIMAL,OPTIMAL,True,0.0,-0.9050930500377293,-0.9050930500377293,-0.9050930500377293,0.00022524630007682032,42.0,99.99946369928553,-0.0,0.9050930500377293,-1.1266812171566651,1.1266812171566651,-0.9050930500377293,883.5778267357489,0.08440732159174112,128.0,8,7,2.0,2.0,909.9716353926066,690.9858176963032,0.07871508598327637,19.80509296199307,21.13422011799412,164.55855711799813
cc12-2u.txt,2,all,8,null,OPTIMAL,OPTIMAL,OPTIMAL,OPTIMAL,True,0.0,0.0006989410342863372,0.0006989410342863372,0.0006989410342863372,0.0006989410342863372,42.0,99.99833585468026,-0.0,-0.0006989410342863372,-1.1266044869507632,1.1266044869507632,0.0006989410342863372,31.708166086272225,0.08442997792756844,256.0,9,0,3.0,3.0,905.842666445944,688.921333222972,0.05858206748962402,25.958553064992884,27.384861238009762,191.9434377939906
cc12-2u.txt,2,all,9,null,OPTIMAL,OPTIMAL,OPTIMAL,OPTIMAL,True,0.0,0.00030804614525603926,0.00030804614525603926,0.00030804614525603926,0.0006989410342863372,42.0,99.99833585468026,-0.0,-0.00030804614525603926,-0.5932052225013468,0.5932052225013468,0.00030804614525603926,26.80114892205629,0.04791849267432494,512.0,10,0,2.0,2.0,687.3173627909522,579.6586813954762,0.05753302574157715,50.77175823398284,52.352118998009246,244.29557479999494
cc12-2u.txt,2,all,10,null,OPTIMAL,OPTIMAL,OPTIMAL,OPTIMAL,True,0.0,0.00025905603559326127,0.00025905603559326127,0.00025905603559326127,0.0006989410342863372,42.0,99.99833585468026,-0.0,-0.00025905603559326127,-0.24886111865549476,0.24886111865549476,0.00025905603559326127,28.165088175093093,0.022040879496815914,1024.0,11,0,2.0,2.0,772.5858205282143,622.2929102641071,0.07787108421325684,40.495443772000726,42.241296631022124,286.536889807001
cc12-2u.txt,2,all,11,null,OPTIMAL,OPTIMAL,OPTIMAL,OPTIMAL,True,0.0,0.0007196769545385614,0.0007196769545385614,0.0007196769545385614,0.0007196769545385614,42.0,99.99828648344158,-0.0,-0.0007196769545385614,-0.10726047345416369,0.10726047345416369,0.0007196769545385614,27.848621059923694,0.010234587470912132,2048.0,12,0,2.0,2.0,747.9712176089993,609.9856088044996,0.06129097938537598,20.419014907995006,22.091139810014283,308.62810526799876
cc12-2u.txt,2,all,12,serious,OPTIMAL,OPTIMAL,OPTIMAL,OPTIMAL,True,0.006014662299704902,0.006014662299704902,0.006014662299704902,0.006014662299704902,0.006014662299704902,42.0,99.98567937547689,-0.006014662299704902,-0.006014662299704902,-0.04703391975255543,0.04703391975255543,0.006014662299704902,30.33091409147608,0.004792273706477589,1433.6,13,0,3.0,3.0,863.5724151689193,667.7862075844596,0.07211709022521973,58.582015888008755,60.51721177701256,369.1453354919795
cc12-2u.txt,2,all,13,serious,OPTIMAL,OPTIMAL,OPTIMAL,OPTIMAL,True,0.042064603092255036,0.042064603092255036,0.042064603092255036,0.042064603092255036,0.042064603092255036,42.0,99.89984618311367,-0.042064603092255036,-0.042064603092255036,-0.1056490996722762,0.0996344373725713,0.03604994079255013,30.431431006173096,0.006712558824199885,1003.5199999999999,14,0,2.0,2.0,826.7395563793143,649.3697781896572,0.07372403144836426,58.78898638099781,60.89393574101268,430.0392888659844
cc12-2u.txt,2,all,14,serious,OPTIMAL,OPTIMAL,OPTIMAL,OPTIMAL,True,0.10850458422693539,0.10850458422693539,0.10850458422693539,0.10850458422693539,0.10850458422693539,42.0,99.74165575184063,-0.10850458422693539,-0.10850458422693539,-0.18760315550507525,0.1455385524128202,0.06643998113468036,30.1566146562236,0.009472992083081704,702.4639999999998,15,0,3.0,3.0,745.9160865264508,608.9580432632254,0.06784796714782715,77.62130559899379,79.90172509799595,509.9410339399765
cc12-2u.txt,2,all,15,serious,OPTIMAL,OPTIMAL,OPTIMAL,OPTIMAL,True,0.20046774524142638,0.20046774524142638,0.20046774524142638,0.20046774524142638,0.20046774524142638,42.0,99.52269584466328,-0.20046774524142638,-0.20046774524142638,-0.3046194565858195,0.19611487235888414,0.091963161014491,25.768197453450252,0.013350684436916511,491.72479999999985,16,0,2.0,2.0,660.0,566.0,0.08978414535522461,40.52215510298265,42.65542069301591,552.5964745039819
cc12-2u.txt,2,all,16,serious,OPTIMAL,OPTIMAL,OPTIMAL,OPTIMAL,True,0.33017616316770937,0.33017616316770937,0.33017616316770937,0.33017616316770937,0.33017616316770937,42.0,99.21386627817212,-0.33017616316770937,-0.33017616316770937,-0.4680951624610236,0.26762741721959726,0.129708417926283,26.645825188948457,0.018955025244300084,344.2073599999999,17,0,2.0,2.0,698.0,585.0,0.06927013397216797,72.73447404900799,75.07332835000125,627.6698201189865
cc12-2u.txt,2,all,17,serious,OPTIMAL,OPTIMAL,OPTIMAL,OPTIMAL,True,0.5156808340373563,0.5156808340373563,0.5156808340373563,0.5156808340373563,0.5156808340373563,42.0,98.77218849038725,-0.5156808340373563,-0.5156808340373563,-0.700189950951055,0.3700137877833456,0.18550467086964695,26.490948122234947,0.02678909255168233,240.9451519999999,18,0,2.0,2.0,695.8501150774998,583.9250575387499,0.09420895576477051,73.7979114720074,76.34031609000522,704.0101527149964
cc12-2u.txt,2,all,18,null,OPTIMAL,OPTIMAL,OPTIMAL,OPTIMAL,True,0.5156808340373563,-7.207416392286874,-7.207416392286874,-7.207416392286874,0.5156808340373563,42.0,98.77218849038725,-0.5156808340373563,7.207416392286874,-1.0295789151095183,0.513898081072162,-7.723097226324231,3337.651389766666,0.0380312200038453,481.8903039999998,19,100,2.0,2.0,713.9439367708292,592.9719683854146,0.08876609802246094,52.205492025008425,54.73445594898658,758.7446258919954
cc12-2u.txt,2,all,19,null,OPTIMAL,OPTIMAL,OPTIMAL,OPTIMAL,True,0.5156808340373563,0.5492475528002089,0.5492475528002089,0.5492475528002089,0.5492475528002089,42.0,98.69226773142807,-0.5156808340373563,-0.5492475528002089,-0.8618153990622501,0.3461345650248938,0.033566718762852554,578.7000087008873,0.02004905864894184,963.7806079999996,20,3,2.0,2.0,713.9618728149043,592.9809364074522,0.11013197898864746,56.086838729010196,59.057663993007736,817.8023062519787
cc12-2u.txt,2,all,20,serious,OPTIMAL,OPTIMAL,OPTIMAL,OPTIMAL,True,0.5879660576959786,0.5879660576959786,0.5879660576959786,0.5879660576959786,0.5879660576959786,42.0,98.60008081500958,-0.5879660576959786,-0.5879660576959786,-0.7778487149605751,0.26216788092321874,0.07228522365862233,334.82148458966475,0.011862546545436387,674.6464255999997,21,1,1.0162066120935809,1.0162066120935809,713.9675867758128,592.9837933879064,0.10418295860290527,66.8089098080236,69.6287213259784,887.431041652977
cc12-2u.txt,2,all,21,null,OPTIMAL,OPTIMAL,OPTIMAL,OPTIMAL,True,0.5879660576959786,0.4404547112311363,0.4404547112311363,0.4404547112311363,0.5879660576959786,42.0,98.60008081500958,-0.5879660576959786,-0.4404547112311363,-0.8972441368990671,0.3092780792030885,-0.14751134646484237,1001.618689921469,0.013326985611704664,1349.2928511999994,22,9,2.0,2.0,708.0,590.0,0.13011598587036133,51.84160320297815,54.675358901004074,942.1064716469846
cc12-2u.txt,2,all,22,serious,OPTIMAL,OPTIMAL,OPTIMAL,OPTIMAL,True,0.6432995774579796,0.6432995774579796,0.6432995774579796,0.6432995774579796,0.6432995774579796,42.0,98.46833433938575,-0.6432995774579796,-0.6432995774579796,-0.8374585528656405,0.24949249516966188,0.05533351976200096,26.68332812825267,0.006685994359921386,944.5049958399995,23,0,2.0,2.0,708.0,590.0,0.10572600364685059,48.42607455101097,51.62931063698488,993.7358000189997
cc12-2u.txt,2,all,23,null,OPTIMAL,OPTIMAL,OPTIMAL,OPTIMAL,True,0.6432995774579796,0.5308029643904268,0.5308029643904268,0.5308029643904268,0.6432995774579796,42.0,98.46833433938575,-0.6432995774579796,-0.5308029643904268,-0.9163372192721847,0.2730376418142051,-0.11249661306755276,1455.0690705255197,0.012240962790129591,1889.009991679999,24,19,2.0,2.0,754.0,613.0,0.11169910430908203,68.22132550901733,71.3447096220043,1065.0805247779936
cc12-2u.txt,2,all,24,serious,OPTIMAL,OPTIMAL,OPTIMAL,OPTIMAL,True,0.6705945446008089,0.6705945446008089,0.6705945446008089,0.6705945446008089,0.6705945446008089,42.0,98.40334632237902,-0.6705945446008089,-0.6705945446008089,-0.8708238161830388,0.22752423872505922,0.027294967142829307,1055.7690754379223,0.008865440170661583,1322.3069941759993,25,10,2.0,2.0,721.2494605706001,596.6247302853001,0.10787487030029297,79.37218032899546,82.73369523399742,1147.8142398089985
cc12-2u.txt,2,all,25,null,OPTIMAL,OPTIMAL,OPTIMAL,OPTIMAL,True,0.6705945446008089,0.6591444149297506,0.6591444149297506,0.6591444149297506,0.6705945446008089,42.0,98.40334632237902,-0.6705945446008089,-0.6591444149297506,-0.9339244495286617,0.2633299049278528,-0.011450129671058296,1156.4955685172338,0.006786122414627933,2644.6139883519986,26,12,2.0,2.0,754.0,613.0,0.15014886856079102,77.0186588059878,80.49721520900493,1228.311472457979
cc12-2u.txt,2,all,26,serious,OPTIMAL,OPTIMAL,OPTIMAL,OPTIMAL,True,0.7101511810366348,0.7101511810366348,0.7101511810366348,0.7101511810366348,0.7101511810366348,42.0,98.30916385467468,-0.7101511810366348,-0.7101511810366348,-0.9039784009716421,0.23338385637083314,0.039556636435825854,27.892651361962706,0.003482317027768343,1851.229791846399,27,0,2.0,2.0,754.0,613.0,0.11893892288208008,56.1025003559771,59.73433229699731,1288.0458234459802
cc12-2u.txt,2,all,27,null,OPTIMAL,OPTIMAL,OPTIMAL,OPTIMAL,True,0.7101511810366348,0.7014594855805738,0.7014594855805738,0.7014594855805738,0.7101511810366348,42.0,98.30916385467468,-0.7101511810366348,-0.7014594855805738,-0.9372171370362871,0.2270659559996523,-0.008691695456060966,1635.2834616665089,0.008550385062850505,3702.459583692798,28,24,2.0,2.0,732.0,602.0,0.18207812309265137,59.073932931991294,63.40006378199905,1351.4459061159869
cc12-2u.txt,2,all,28,serious,OPTIMAL,OPTIMAL,OPTIMAL,OPTIMAL,True,0.7563961608081101,0.7563961608081101,0.7563961608081101,0.7563961608081101,0.7563961608081101,42.0,98.19905675998069,-0.7563961608081101,-0.7563961608081101,-0.9090549335594763,0.19890375252284154,0.04624497977147535,26.419689627245813,0.007134180803770007,2591.7217085849584,29,0,2.0,2.0,686.0,579.0,0.11272597312927246,62.902189727989025,66.58482963600545,1418.0307546889817
cc12-2u.txt,2,all,29,null,OPTIMAL,OPTIMAL,OPTIMAL,OPTIMAL,True,0.7563961608081101,0.40122784747492696,0.40122784747492696,0.40122784747492696,0.7563961608081101,42.0,98.19905675998069,-0.7563961608081101,-0.40122784747492696,-0.9341435038723848,0.17774734306427464,-0.35516831333318316,944.3696310237851,0.0069002509968948585,5183.443417169917,30,8,2.0,2.0,686.0,579.0,0.14703989028930664,65.74114411298069,69.92309949800256,1487.9538903769862
cc12-2u.txt,2,all,30,null,OPTIMAL,OPTIMAL,OPTIMAL,OPTIMAL,True,0.7563961608081101,0.7126001083283934,0.7126001083283934,0.7126001083283934,0.7563961608081101,42.0,98.19905675998069,-0.7563961608081101,-0.7126001083283934,-0.8899965792117156,0.13360041840360548,-0.04379605247971674,472.73036712273944,0.005062927080030079,10366.886834339834,31,2,2.0,2.0,678.0,575.0,0.14513182640075684,73.15845365298446,77.06447195299552,1565.0183806830028
cc12-2u.txt,2,all,31,serious,OPTIMAL,OPTIMAL,OPTIMAL,OPTIMAL,True,0.7816968919531159,0.7816968919531159,0.7816968919531159,0.7816968919531159,0.7816968919531159,42.0,98.13881692392115,-0.7816968919531159,-0.7816968919531159,-0.8231430192616453,0.06674685845353523,0.02530073114500575,26.076809620810597,0.0025320520944874824,7256.820784037883,32,0,2.0,2.0,668.0,570.0,0.15436697006225586,95.40218143499806,99.70302589799394,1664.7214894679782
cc12-2u.txt,2,all,32,null,OPTIMAL,OPTIMAL,OPTIMAL,OPTIMAL,True,0.7816968919531159,0.713573685993452,0.713573685993452,0.713573685993452,0.7816968919531159,42.0,98.13881692392115,-0.7816968919531159,-0.713573685993452,-0.855618853114211,0.07392196116109517,-0.06812320595966392,667.995508966939,0.0029665749331344265,14513.641568075765,33,4,1.0,1.0,650.0,561.0,0.13336396217346191,57.40121118800016,61.45738605700899,1726.1788926679874
cc12-2u.txt,2,all,33,serious,OPTIMAL,OPTIMAL,OPTIMAL,OPTIMAL,True,0.7898971608538596,0.7898971608538596,0.7898971608538596,0.7898971608538596,0.7898971608538596,42.0,98.11929247415748,-0.7898971608538596,-0.7898971608538596,-0.8282540345050959,0.04655714255198007,0.008200268900743768,472.67536428292937,0.0017870867443859919,10159.549097653035,34,2,1.0,1.0,638.0,555.0,0.12700104713439941,56.105413314013276,60.46539423300419,1786.6443075059797
cc12-2u.txt,2,all,34,serious,OPTIMAL,OPTIMAL,OPTIMAL,OPTIMAL,True,0.8061291315403222,0.8061291315403222,0.8061291315403222,0.8061291315403222,0.8061291315403222,42.0,98.080644924904,-0.8061291315403222,-0.8061291315403222,-0.8664851581610248,0.07658799730716515,0.016231970686462538,472.6944044517557,0.001931818813254289,7111.684368357124,35,2,1.0,1.0,656.0,564.0,0.1643362045288086,66.00408061099006,70.6425731999916,1857.286898300983
cc12-2u.txt,2,all,35,null,OPTIMAL,OPTIMAL,OPTIMAL,OPTIMAL,True,0.8061291315403222,0.799198410048871,0.799198410048871,0.799198410048871,0.8061291315403222,42.0,98.080644924904,-0.8061291315403222,-0.799198410048871,-0.9175057467698522,0.11137661522953002,-0.006930721491451131,578.6553378307332,0.002632673834991558,14223.368736714248,36,3,1.0,1.0,666.0,569.0,0.18211817741394043,73.71436233798158,78.23350493898033,1935.5204185059993
cc12-2u.txt,2,all,36,null,OPTIMAL,OPTIMAL,OPTIMAL,OPTIMAL,True,0.8061291315403222,0.8121789044897191,0.8121789044897191,0.8121789044897191,0.8121789044897191,42.0,98.06624070359591,-0.8061291315403222,-0.8121789044897191,-0.89292761938573,0.08679848784540778,0.006049772949396903,25.557906457742416,0.0013730267331178612,28446.737473428497,37,0,1.0,1.0,659.4852891364732,565.7426445682365,0.18290209770202637,56.12824761099182,61.17866228701314,1996.6990998019755
cc12-2u.txt,2,all,37,null,OPTIMAL,OPTIMAL,OPTIMAL,OPTIMAL,True,0.8061291315403222,0.7969815099668647,0.7969815099668647,0.7969815099668647,0.8121789044897191,42.0,98.06624070359591,-0.8061291315403222,-0.7969815099668647,-0.8335742352293154,0.027445103688993222,-0.009147621573457498,576.9870015866909,0.0008946906486054786,56893.47494685699,38,3,2.0,2.0,618.0,547.0,0.14235615730285645,64.07986751600401,68.8928679219971,2065.591984161001
cc12-2u.txt,2,all,38,serious,OPTIMAL,OPTIMAL,OPTIMAL,OPTIMAL,True,0.8122949479274678,0.8122949479274678,0.8122949479274678,0.8122949479274678,0.8122949479274678,42.0,98.0659644096965,-0.8122949479274678,-0.8122949479274678,-0.8221647664743289,0.016035634934006726,0.0061658163871456395,334.70584100072114,0.00044658022731288967,39825.432462799894,39,1,1.0,1.0,636.0,554.0,0.16367411613464355,59.59839432599256,64.53841628500959,2130.1304168679926
cc12-2u.txt,2,all,39,serious,OPTIMAL,OPTIMAL,OPTIMAL,OPTIMAL,True,0.8206385792048724,0.8206385792048724,0.8206385792048724,0.8206385792048724,0.8206385792048724,42.0,98.04609862094077,-0.8206385792048724,-0.8206385792048724,-0.8381280185485338,0.02583307062106599,0.008343631277404562,333.2656597971054,0.0006344330270505599,27877.802723959925,40,1,2.0,2.0,612.0,543.0,0.15072202682495117,47.7842045169964,52.70926673299982,2182.8396994969808
cc12-2u.txt,2,all,40,null,OPTIMAL,OPTIMAL,OPTIMAL,OPTIMAL,True,0.8206385792048724,0.8123706891180867,0.8123706891180867,0.8123706891180867,0.8206385792048724,42.0,98.04609862094077,-0.8206385792048724,-0.8123706891180867,-0.8605336862977985,0.039895107092926096,-0.008267890086785634,333.2884687813271,0.0009003716884552758,55755.60544791985,41,1,2.0,2.0,627.783235598205,550.8916177991025,0.15390491485595703,53.88473947299644,59.154949226009194,2241.9946650109778
cc12-2u.txt,2,all,41,serious,OPTIMAL,OPTIMAL,OPTIMAL,OPTIMAL,True,0.8246269627865286,0.8246269627865286,0.8246269627865286,0.8246269627865286,0.8246269627865286,42.0,98.03660246955587,-0.8246269627865286,-0.8246269627865286,-0.8490006227546399,0.028362043549767568,0.003988383581656207,24.969001339850468,0.00045020614495237257,39028.92381354389,42,0,2.0,2.0,623.645978708264,547.822989354132,0.18074297904968262,85.6813513750094,91.40323791999253,2333.397981863003
cc12-2u.txt,2,all,42,null,OPTIMAL,OPTIMAL,OPTIMAL,OPTIMAL,True,0.8246269627865286,0.8259447331658458,0.8259447331658458,0.8259447331658458,0.8259447331658458,42.0,98.03346492103368,-0.8246269627865286,-0.8259447331658458,-0.8405915479157696,0.015964585129241038,0.0013177703793172402,334.7050461688415,0.0006393874857318049,78057.84762708779,43,1,1.0,1.0,635.8595895624611,553.9297947812306,0.16673803329467773,92.99654038497829,98.16481568699237,2431.5628179859777
cc12-2u.txt,2,all,43,serious,OPTIMAL,OPTIMAL,OPTIMAL,OPTIMAL,True,0.8298194363685623,0.8298194363685623,0.8298194363685623,0.8298194363685623,0.8298194363685623,42.0,98.02423943721772,-0.8298194363685623,-0.8298194363685623,-0.8325819238666297,0.007954961080101075,0.005192473582033674,25.01761746787382,0.00031883488764523156,54640.493338961445,44,0,1.0,1.0,631.3904172384339,551.695208619217,0.142988920211792,50.774606119986856,56.14822843900765,2487.7110633069824
cc12-2u.txt,2,all,44,serious,OPTIMAL,OPTIMAL,OPTIMAL,OPTIMAL,True,0.8339956134228851,0.8339956134228851,0.8339956134228851,0.8339956134228851,0.8339956134228851,42.0,98.01429615851694,-0.8339956134228851,-0.8339956134228851,-0.8395839670529752,0.009764530684412964,0.004176177054322827,334.6699867033194,0.0004058123502100971,38248.34533727301,45,1,1.0,1.0,612.0,542.0,0.20277714729309082,54.13011194500723,60.12291579099838,2547.8339939729776
cc12-2u.txt,2,all,45,null,OPTIMAL,OPTIMAL,OPTIMAL,OPTIMAL,True,0.8339956134228851,0.8271151904763594,0.8271151904763594,0.8271151904763594,0.8339956134228851,42.0,98.01429615851694,-0.8339956134228851,-0.8271151904763594,-0.8513632050023142,0.01736759157942913,-0.006880422946525688,471.65665478184445,0.0005546690135411023,76496.69067454601,46,2,1.0,1.0,618.0,546.0,0.16971707344055176,54.26429082697723,60.156969728996046,2607.9909795019776
cc12-2u.txt,2,all,46,serious,OPTIMAL,OPTIMAL,OPTIMAL,OPTIMAL,True,0.8358729862691897,0.8358729862691897,0.8358729862691897,0.8358729862691897,0.8358729862691897,42.0,98.0098262231686,-0.8358729862691897,-0.8358729862691897,-0.8454491266699217,0.011453513247036584,0.0018773728463046258,333.2596585247005,0.00027705712394010025,53547.68347218221,47,1,1.0,1.0,612.0,543.0,0.18574810028076172,65.19623150801635,71.6037296129798,2679.5947274119826
cc12-2u.txt,2,all,47,serious,OPTIMAL,OPTIMAL,OPTIMAL,OPTIMAL,True,0.8398250612931821,0.8398250612931821,0.8398250612931821,0.8398250612931821,0.8398250612931821,42.0,98.00041652073051,-0.8398250612931821,-0.8398250612931821,-0.8536597527992993,0.017786766530109577,0.0039520750239924185,24.979991993593593,0.0003936801958979235,37483.37843052754,48,0,1.0,1.0,624.0,548.0,0.18893909454345703,57.03847343902453,63.036720953998156,2742.631465450977
cc12-2u.txt,2,all,48,null,OPTIMAL,OPTIMAL,OPTIMAL,OPTIMAL,True,0.8398250612931821,0.84012035988338,0.84012035988338,0.84012035988338,0.84012035988338,42.0,97.9997134288491,-0.8398250612931821,-0.84012035988338,-0.8558406089257072,0.016015547632525107,0.00029529859019783444,578.5956688647194,0.0006443431825829104,74966.75686105508,49,3,1.0,1.0,609.9607886018091,540.9803943009045,0.1962590217590332,55.61079778900603,62.08136597901466,2804.712849028001
cc12-2u.txt,2,all,49,null,OPTIMAL,OPTIMAL,OPTIMAL,OPTIMAL,True,0.8398250612931821,0.8393027871345005,0.8393027871345005,0.8393027871345005,0.84012035988338,42.0,97.9997134288491,-0.8398250612931821,-0.8393027871345005,-0.8481012835105172,0.008276222217335039,-0.0005222741586816682,576.9689325075694,0.0003314836937105097,149933.51372211016,50,3,1.0,1.0,603.6571023732565,539.8285511866283,0.16742300987243652,65.67919949800125,71.83251579900389,2876.5453834369837
cc12-2u.txt,2,all,50,serious,OPTIMAL,OPTIMAL,OPTIMAL,OPTIMAL,True,0.8420155487083812,0.8420155487083812,0.8420155487083812,0.8420155487083812,0.8420155487083812,42.0,97.99520107450387,-0.8420155487083812,-0.8420155487083812,-0.8439690268755774,0.00414396558239527,0.002190487415199116,333.25099319463203,0.00016597785528204746,104953.45960547711,51,1,1.0,1.0,607.6542751801755,540.8271375900878,0.17270302772521973,54.095505339006195,60.21304289001273,2936.758444095991
cc12-2u.txt,2,all,51,serious,OPTIMAL,OPTIMAL,OPTIMAL,OPTIMAL,True,0.8441034132346535,0.8441034132346535,0.8441034132346535,0.8441034132346535,0.8441034132346535,42.0,97.99022996848892,-0.8441034132346535,-0.8441034132346535,-0.8498037798417677,0.007788231133386447,0.0020878645262722983,333.2446548708621,0.00023580135529620636,73467.42172383398,52,1,1.0,1.0,602.0,538.0,0.20983409881591797,80.30270787098561,87.31494862498948,3024.0734620970034
cc12-2u.txt,2,all,52,serious,OPTIMAL,OPTIMAL,OPTIMAL,OPTIMAL,True,0.8463041490971065,0.8463041490971065,0.8463041490971065,0.8463041490971065,0.8463041490971065,42.0,97.98499012119737,-0.8463041490971065,-0.8463041490971065,-0.8567379733268743,0.012634560092220748,0.0022007358624529516,24.73863375370596,0.00029112285579627716,51427.195206683784,53,0,1.0,1.0,612.0,542.0,0.17940402030944824,67.30167212997912,73.93637406401103,3098.0098549459944
cc12-2u.txt,2,all,53,serious,OPTIMAL,OPTIMAL,OPTIMAL,OPTIMAL,True,0.8480831357676633,0.8480831357676633,0.8480831357676633,0.8480831357676633,0.8480831357676633,42.0,97.98075443864842,-0.8480831357676633,-0.8480831357676633,-0.857937366200394,0.011633217103287463,0.0017789866705567592,577.7856304745312,0.0004722292599670123,35999.03664467864,54,3,2.0,2.0,603.103558904413,538.5517794522066,0.17096614837646484,67.41472234099638,74.17830451802001,3172.188176316995
cc12-2u.txt,2,all,54,null,OPTIMAL,OPTIMAL,OPTIMAL,OPTIMAL,True,0.8480831357676633,0.8489978728290187,0.8489978728290187,0.8489978728290187,0.8489978728290187,42.0,97.97857649326426,-0.8480831357676633,-0.8489978728290187,-0.8654359364427111,0.017352800675047853,0.0009147370613554751,666.5475990681625,0.0004386666130878557,71998.07328935729,55,4,2.0,2.0,599.7511613490008,537.8755806745004,0.23307299613952637,61.46905391398468,68.36775133697665,3240.5559464439866
cc12-2u.txt,2,all,55,serious,OPTIMAL,OPTIMAL,OPTIMAL,OPTIMAL,True,0.8523346948130773,0.8523346948130773,0.8523346948130773,0.8523346948130773,0.8523346948130773,42.0,97.97063167901648,-0.8523346948130773,-0.8523346948130773,-0.8620474853914527,0.013964349623789452,0.004251559045414077,24.602867156080308,0.00022680575258814356,50398.6513025501,56,0,2.0,2.0,601.8120163851376,536.9060081925688,0.1873941421508789,56.98702241299907,63.71586837398354,3304.271833938983
cc12-2u.txt,2,all,56,null,OPTIMAL,OPTIMAL,OPTIMAL,OPTIMAL,True,0.8523346948130773,0.8457443945708688,0.8457443945708688,0.8457443945708688,0.8523346948130773,42.0,97.97063167901648,-0.8523346948130773,-0.8457443945708688,-0.8636549039367246,0.011320209123647285,-0.006590300242208524,666.5583245298194,0.00046492275955544707,100797.3026051002,57,4,1.0,1.0,616.0,546.0,0.1966991424560547,72.09561697699246,79.3325845579966,3383.604436189984
cc12-2u.txt,2,all,57,null,OPTIMAL,OPTIMAL,OPTIMAL,OPTIMAL,True,0.8523346948130773,0.8446837305836696,0.8446837305836696,0.8446837305836696,0.8523346948130773,42.0,97.97063167901648,-0.8523346948130773,-0.8446837305836696,-0.8582484003526311,0.005913705539553726,-0.007650964229407697,881.2357172512129,0.00024103358043948828,201594.6052102004,58,7,1.0,1.0,605.8103058102386,542.9051529051193,0.18567299842834473,81.19844686199212,88.42147556497366,3472.0259288639936
cc12-2u.txt,2,all,58,serious,OPTIMAL,OPTIMAL,OPTIMAL,OPTIMAL,True,0.8527764840611156,0.8527764840611156,0.8527764840611156,0.8527764840611156,0.8527764840611156,42.0,97.96957979985449,-0.8527764840611156,-0.8527764840611156,-0.8553120983256897,0.002977403512612331,0.00044178924803828235,471.6501286816061,0.00012111825263085055,141116.22364714026,59,2,1.0,1.0,613.7727711207585,543.8863855603793,0.23909497261047363,92.61465112501173,99.98960697898292,3572.0155558059923
cc12-2u.txt,2,all,59,null,OPTIMAL,OPTIMAL,OPTIMAL,OPTIMAL,True,0.8527764840611156,0.8532625155884433,0.8532625155884433,0.8532625155884433,0.8532625155884433,42.0,97.96842258193229,-0.8527764840611156,-0.8532625155884433,-0.8594398761970906,0.006663392135974999,0.0004860315273277349,744.1738866105424,0.0001708281634401187,282232.4472942805,60,5,1.0,1.0,607.3365751523488,543.6682875761744,0.2426910400390625,59.84343596699182,67.0917443530052,3639.1073168719886
hc10p.txt,150,all,1,null,OPTIMAL,OPTIMAL,OPTIMAL,OPTIMAL,True,0.0,-130857.0,-130857.0,-130857.0,0.0,42.0,100.0,-0.0,130857.0,-704.0,704.0,-130857.0,5308.596424667809,26.5329983228432,2.0,2,215,3.0,3.0,512.0000000610141,511.9999987564904,0.001336812973022461,0.8105581259878818,0.961854557011975,2.3039946279895958
hc10p.txt,150,all,2,null,OPTIMAL,OPTIMAL,OPTIMAL,OPTIMAL,True,0.0,-803.5688041399735,-803.5688041399735,-803.5688041399735,0.0,42.0,100.0,-0.0,803.5688041399735,-3.3745548714882094,3.3745548714882094,-803.5688041399735,5221.464539093558,0.6182584034889191,4.0,3,208,3.0,3.0,511.9998759468614,512.0,0.0071828365325927734,0.576595405000262,0.7348617360112257,3.0389133539865725
hc10p.txt,150,all,3,null,OPTIMAL,OPTIMAL,OPTIMAL,OPTIMAL,True,0.0,-223.39336622174034,-223.39336622174034,-223.39336622174034,0.0,42.0,100.0,-0.0,223.39336622174034,-3.0465044686150287,3.0465044686150287,-223.39336622174034,2610.8426474141193,0.40613563609586306,8.0,4,52,3.0,3.0,511.9910520230554,512.0,0.007989883422851562,0.5847944160050247,0.7539297260227613,3.7928576249978505
hc10p.txt,150,all,4,null,OPTIMAL,OPTIMAL,OPTIMAL,OPTIMAL,True,0.0,-182.25112500035783,-182.25112500035783,-182.25112500035783,0.0,42.0,100.0,-0.0,182.25112500035783,-2.0623851374961037,2.0623851374961037,-182.25112500035783,2015.943965271513,0.1634177838105969,16.0,5,31,3.0,3.0,512.0,512.0,0.010180950164794922,0.6397480359883048,0.828469207015587,4.62134089198662
hc10p.txt,150,all,5,null,OPTIMAL,OPTIMAL,OPTIMAL,OPTIMAL,True,0.0,-48.70483375049396,-48.70483375049396,-48.70483375049396,0.0,42.0,100.0,-0.0,48.70483375049396,-1.3565895105629147,1.3565895105629147,-48.70483375049396,1698.6758543643805,0.07132629863762181,32.0,6,22,7.0,7.0,619.3956205036797,565.6978102518399,0.010080099105834961,1.3562038189847954,1.6265308739966713,6.2478865679877345
hc10p.txt,150,all,6,null,OPTIMAL,OPTIMAL,OPTIMAL,OPTIMAL,True,0.0,-20.92680510890994,-20.92680510890994,-20.92680510890994,0.0,42.0,100.0,-0.0,20.92680510890994,-1.124173044504685,1.124173044504685,-20.92680510890994,4096.095999013507,0.04838021224217548,64.0,7,128,7.0,7.0,601.8143963813621,557.9071981906811,0.010766029357910156,1.5929062959912699,1.838603020994924,8.08650976899662
hc10p.txt,150,all,7,null,OPTIMAL,OPTIMAL,OPTIMAL,OPTIMAL,True,0.0,-36.267601921487916,-36.267601921487916,-36.267601921487916,0.0,42.0,100.0,-0.0,36.267601921487916,-1.1205511990677854,1.1205511990677854,-36.267601921487916,2428.9550937146214,0.047811454753329485,128.0,8,45,7.0,7.0,579.8705232254056,545.9352616127028,0.015675067901611328,1.4732918400259223,1.8029921730048954,9.889516052993713
hc10p.txt,150,all,8,null,OPTIMAL,OPTIMAL,OPTIMAL,OPTIMAL,True,0.0,-6.258531283647343,-6.258531283647343,-6.258531283647343,0.0,42.0,100.0,-0.0,6.258531283647343,-0.9927339581209338,0.9927339581209338,-6.258531283647343,2111.3272418527185,0.03960574113093317,256.0,9,34,5.0,5.0,547.2152679004199,529.6076339502099,0.012696027755737305,1.9564944689918775,2.3198996069841087,12.209429500973783
hc10p.txt,150,all,9,null,OPTIMAL,OPTIMAL,OPTIMAL,OPTIMAL,True,0.0,-3.0438704796205482,-3.0438704796205482,-3.0438704796205482,0.0,42.0,100.0,-0.0,3.0438704796205482,-0.9813333450559447,0.9813333450559447,-3.0438704796205482,810.1917892919237,0.03898430261739839,512.0,10,5,5.0,5.0,512.0,511.99999999999994,0.011698007583618164,1.7719808900146745,2.0948060319933575,14.30425707498216
hc10p.txt,150,all,10,null,OPTIMAL,OPTIMAL,OPTIMAL,OPTIMAL,True,0.0,0.001817499812424725,0.001817499812424725,0.001817499812424725,0.001817499812424725,42.0,99.99567261949423,-0.0,-0.001817499812424725,-0.9813904002396572,0.9813904002396572,0.001817499812424725,38.718493841289934,0.04003144030174854,1024.0,11,0,6.0,6.0,593.525261869574,552.762630934787,0.014360904693603516,1.6071366510004736,2.0031746499880683,16.30744898499688
hc10p.txt,150,all,11,null,OPTIMAL,OPTIMAL,OPTIMAL,OPTIMAL,True,0.0,-0.1776636173648722,-0.1776636173648722,-0.1776636173648722,0.001817499812424725,42.0,99.99567261949423,-0.0,0.1776636173648722,-0.45930514575285775,0.45930514575285775,-0.1776636173648722,363.8692846383457,0.021011844831767844,2048.0,12,1,5.0,5.0,534.4620253331365,523.2310126665682,0.02025890350341797,1.399219651997555,1.8247304229880683,18.132255749980686
hc10p.txt,150,all,12,null,OPTIMAL,OPTIMAL,OPTIMAL,OPTIMAL,True,0.0,0.003601451383168636,0.003601451383168636,0.003601451383168636,0.003601451383168636,42.0,99.99142511575437,-0.0,-0.003601451383168636,-0.23390585480684925,0.23390585480684925,0.003601451383168636,36.051973949711275,0.010687002855440341,4096.0,13,0,5.0,5.0,519.9829496159646,515.9914748079823,0.01423192024230957,1.2826442910009064,1.677716270001838,19.809987392975017
hc10p.txt,150,all,13,serious,OPTIMAL,OPTIMAL,OPTIMAL,OPTIMAL,True,0.023368483051178265,0.023368483051178265,0.023368483051178265,0.023368483051178265,0.023368483051178265,42.0,99.94436075464004,-0.023368483051178265,-0.023368483051178265,-0.08610402271944267,0.08610402271944267,0.023368483051178265,49.814688731141814,0.0045849251832050545,2867.2,14,0,10.0,10.0,687.610868310395,599.8054341551975,0.031340837478637695,1.4218686890089884,1.9844171960139647,21.794418756995583
hc10p.txt,150,all,14,serious,OPTIMAL,OPTIMAL,OPTIMAL,OPTIMAL,True,0.09892516179157712,0.09892516179157712,0.09892516179157712,0.09892516179157712,0.09892516179157712,42.0,99.76446390049625,-0.09892516179157712,-0.09892516179157712,-0.19418571731757542,0.17081723426639717,0.07555667874039886,33.34212685189846,0.006429033742956166,2007.0399999999997,15,0,5.0,5.0,512.0,512.0,0.017784833908081055,1.2397718440042809,1.7122412220051046,23.50667433498893
hc10p.txt,150,all,15,serious,OPTIMAL,OPTIMAL,OPTIMAL,OPTIMAL,True,0.20323710568801426,0.20323710568801426,0.20323710568801426,0.20323710568801426,0.20323710568801426,42.0,99.51610212931425,-0.20323710568801426,-0.20323710568801426,-0.3312881706103591,0.23236300881878197,0.10431194389643714,34.276046579336914,0.00915247437108865,1404.9279999999997,16,0,5.0,5.0,512.0,511.99999999999994,0.019250154495239258,1.2067827220016625,1.7282924779865425,25.234983130998444
hc10p.txt,150,all,16,serious,OPTIMAL,OPTIMAL,OPTIMAL,OPTIMAL,True,0.3348972598521344,0.3348972598521344,0.3348972598521344,0.3348972598521344,0.3348972598521344,42.0,99.20262557178064,-0.3348972598521344,-0.3348972598521344,-0.5194456660003017,0.3162085603122875,0.13166015416412016,35.65655626458741,0.0126450065823081,983.4495999999997,17,0,5.0,5.0,512.0,511.99999999999994,0.02495098114013672,1.8038520620029885,2.3223589890112635,27.55735678700148
hc10p.txt,150,all,17,null,OPTIMAL,OPTIMAL,OPTIMAL,OPTIMAL,True,0.3348972598521344,-0.45745816948276835,-0.45745816948276835,-0.45745816948276835,0.3348972598521344,42.0,99.20262557178064,-0.3348972598521344,0.45745816948276835,-0.7749002309922611,0.4400029711401267,-0.7923554293349028,1305.8587800634293,0.017511401954854146,1966.8991999999994,18,13,5.0,5.0,512.0,512.0,0.01718282699584961,1.3221115020278376,1.855130645999452,29.412502049992327
hc10p.txt,150,all,18,serious,OPTIMAL,OPTIMAL,OPTIMAL,OPTIMAL,True,0.454216968956189,0.454216968956189,0.454216968956189,0.454216968956189,0.454216968956189,42.0,98.91853102629479,-0.454216968956189,-0.454216968956189,-0.6385361785254319,0.30363891867329745,0.1193197091040546,36.15797010386841,0.009932815432636737,1376.8294399999995,19,0,5.0,5.0,512.0,512.0,0.018200159072875977,1.7036533950013109,2.3070009459916037,31.719519126985688
hc10p.txt,150,all,19,null,OPTIMAL,OPTIMAL,OPTIMAL,OPTIMAL,True,0.454216968956189,0.1357855486785682,0.1357855486785682,0.1357855486785682,0.454216968956189,42.0,98.91853102629479,-0.454216968956189,-0.1357855486785682,-0.8106268793966054,0.35640991044041637,-0.31843142027762084,1355.0749119900115,0.012775488732247245,2753.658879999999,20,14,5.0,5.0,512.0,512.0,0.021008968353271484,1.3713565429789014,2.1035953589889687,33.823129197990056
hc10p.txt,150,all,20,null,OPTIMAL,OPTIMAL,OPTIMAL,OPTIMAL,True,0.454216968956189,0.4490559433389493,0.4490559433389493,0.4490559433389493,0.454216968956189,42.0,98.91853102629479,-0.454216968956189,-0.4490559433389493,-0.7172101235958923,0.2629931546397033,-0.0051610256172396896,628.0254265731297,0.007879169354856129,5507.317759999998,21,3,4.0,4.0,512.0,512.0,0.02043008804321289,1.4024540089885704,2.0153802029963117,35.838524254999356
hc10p.txt,150,all,21,serious,OPTIMAL,OPTIMAL,OPTIMAL,OPTIMAL,True,0.5358115065665898,0.5358115065665898,0.5358115065665898,0.5358115065665898,0.5358115065665898,42.0,98.7242583176986,-0.5358115065665898,-0.5358115065665898,-0.6661146886577904,0.21189771970160143,0.08159453761040081,34.172324967089054,0.005881854066146845,3855.1224319999983,22,0,4.0,4.0,512.0,512.0,0.021733999252319336,1.2943446460121777,1.9519588489783928,37.790556798980106
hc10p.txt,150,all,22,serious,OPTIMAL,OPTIMAL,OPTIMAL,OPTIMAL,True,0.5670570782126345,0.5670570782126345,0.5670570782126345,0.5670570782126345,0.5670570782126345,42.0,98.64986409949373,-0.5670570782126345,-0.5670570782126345,-0.7276978285694515,0.1918863220028617,0.03124557164604469,810.3182067347304,0.0059625714930348185,2698.585702399999,23,5,5.0,5.0,512.0,512.0,0.02403998374938965,1.2518953959806822,2.021942935010884,39.81251665498712
hc10p.txt,150,all,23,null,OPTIMAL,OPTIMAL,OPTIMAL,OPTIMAL,True,0.5670570782126345,0.4155638312585797,0.4155638312585797,0.4155638312585797,0.5670570782126345,42.0,98.64986409949373,-0.5670570782126345,-0.4155638312585797,-0.8229076899263926,0.2558506117137581,-0.1514932469540548,1201.2622269660162,0.005912284863020296,5397.171404799998,24,11,5.0,5.0,512.0,512.0,0.031629085540771484,1.399902357981773,2.139050452009542,41.95158229197841
hc10p.txt,150,all,24,null,OPTIMAL,OPTIMAL,OPTIMAL,OPTIMAL,True,0.5670570782126345,0.5812788812307652,0.5812788812307652,0.5812788812307652,0.5812788812307652,42.0,98.61600266373628,-0.5670570782126345,-0.5812788812307652,-0.775739661521694,0.20868258330905953,0.014221803018130696,887.5043487737113,0.0029937403389049266,10794.342809599995,25,6,5.0,5.0,512.0,512.0,0.024174928665161133,1.2643328430131078,2.001469631009968,43.95306788999005
hc10p.txt,150,all,25,serious,OPTIMAL,OPTIMAL,OPTIMAL,OPTIMAL,True,0.6307946715439485,0.6307946715439485,0.6307946715439485,0.6307946715439485,0.6307946715439485,42.0,98.49810792489536,-0.6307946715439485,-0.6307946715439485,-0.7514285525976606,0.1843714743850261,0.06373759333131401,363.723198911159,0.0015071577216797017,7556.039966719996,26,1,5.0,5.0,512.0,512.0,0.026362180709838867,1.350259739003377,2.199424785998417,46.15250912599731
hc10p.txt,150,all,26,null,OPTIMAL,OPTIMAL,OPTIMAL,OPTIMAL,True,0.6307946715439485,0.6431256531837474,0.6431256531837474,0.6431256531837474,0.6431256531837474,42.0,98.46874844480061,-0.6307946715439485,-0.6431256531837474,-0.7853997278307737,0.1546050562868252,0.012330981639798844,513.1896330320612,0.002158697328575634,15112.079933439993,27,2,5.0,5.0,512.0,512.0,0.023439884185791016,1.3588379110151436,2.1424648349930067,48.29498975398019
hc10p.txt,150,all,27,serious,OPTIMAL,OPTIMAL,OPTIMAL,OPTIMAL,True,0.6524999188936754,0.6524999188936754,0.6524999188936754,0.6524999188936754,0.6524999188936754,42.0,98.44642876453888,-0.6524999188936754,-0.6524999188936754,-0.7678865725457458,0.13709190100179725,0.021705247349726897,34.869253508547466,0.0011366190072760916,10578.455953407994,28,0,5.0,5.0,512.0,512.0,0.028630971908569336,1.440291184000671,2.2662688480049837,50.56127320599626
hc10p.txt,150,all,28,serious,OPTIMAL,OPTIMAL,OPTIMAL,OPTIMAL,True,0.703134467514365,0.703134467514365,0.703134467514365,0.703134467514365,0.703134467514365,42.0,98.32587031544199,-0.703134467514365,-0.703134467514365,-0.7674377543100468,0.11493783541637137,0.05063454862068961,33.635564828666595,0.003296253530483054,7404.919167385596,29,0,5.0,5.0,512.0,512.0,0.02593708038330078,1.3568303140054923,2.2102019710000604,52.7714921629813
hc10p.txt,150,all,29,serious,OPTIMAL,OPTIMAL,OPTIMAL,OPTIMAL,True,0.7551442553194191,0.7551442553194191,0.7551442553194191,0.7551442553194191,0.7551442553194191,42.0,98.20203748733472,-0.7551442553194191,-0.7551442553194191,-0.8137258439440263,0.11059137642966121,0.05200978780505405,35.04183796874846,0.0034570332191035,5183.443417169917,30,0,5.0,5.0,512.0,512.0,0.02994513511657715,1.3073315089859534,2.2388486260024365,55.010356990998844
hc10p.txt,150,all,30,null,OPTIMAL,OPTIMAL,OPTIMAL,OPTIMAL,True,0.7551442553194191,0.6916986964635081,0.6916986964635081,0.6916986964635081,0.7551442553194191,42.0,98.20203748733472,-0.7551442553194191,-0.6916986964635081,-0.8663925587920618,0.1112483034726427,-0.06344555885591097,1024.6142198340428,0.0037381847357176794,10366.886834339834,31,8,5.0,5.0,512.0,512.0,0.03554487228393555,1.4307546369964257,2.4963236329786014,57.50669472699519
hc10p.txt,150,all,31,serious,OPTIMAL,OPTIMAL,OPTIMAL,OPTIMAL,True,0.7908980051056979,0.7908980051056979,0.7908980051056979,0.7908980051056979,0.7908980051056979,42.0,98.11690951165312,-0.7908980051056979,-0.7908980051056979,-0.8392695097889574,0.08412525446953834,0.035753749786278766,34.865991817626295,0.0024952690184943285,7256.820784037883,32,0,5.0,5.0,512.0,512.0,0.028011083602905273,1.513343011989491,2.458254647994181,59.965197562996764
hc10p.txt,150,all,32,null,OPTIMAL,OPTIMAL,OPTIMAL,OPTIMAL,True,0.7908980051056979,0.7947444555205603,0.7947444555205603,0.7947444555205603,0.7947444555205603,42.0,98.10775129637962,-0.7908980051056979,-0.7947444555205603,-0.8753465796273144,0.08444857452161658,0.0038464504148624235,724.9272850975931,0.002766113751795996,14513.641568075765,33,4,5.0,5.0,512.0,512.0,0.0276181697845459,1.5315685980021954,2.4949502519739326,62.460165742988465
hc10p.txt,150,all,33,serious,OPTIMAL,OPTIMAL,OPTIMAL,OPTIMAL,True,0.8180550737491394,0.8180550737491394,0.8180550737491394,0.8180550737491394,0.8180550737491394,42.0,98.05224982440681,-0.8180550737491394,-0.8180550737491394,-0.8550104099484565,0.0641124048427586,0.027157068643441584,34.80426897231347,0.0018760112567639763,10159.549097653035,34,0,5.0,5.0,512.0,512.0,0.031072139739990234,1.4051485040108673,2.4772873309848364,64.93746913198265
hc10p.txt,150,all,34,serious,OPTIMAL,OPTIMAL,OPTIMAL,OPTIMAL,True,0.8375767749283717,0.8375767749283717,0.8375767749283717,0.8375767749283717,0.8375767749283717,42.0,98.00576958350386,-0.8375767749283717,-0.8375767749283717,-0.8821170912963917,0.06406201754725227,0.019521701179232243,363.7411409113002,0.0020775772455011382,7111.684368357124,35,1,5.0,5.0,512.0,512.0,0.03339099884033203,1.399672689003637,2.458031421992928,67.39551852399018
hc10p.txt,150,all,35,null,OPTIMAL,OPTIMAL,OPTIMAL,OPTIMAL,True,0.8375767749283717,0.7278541970539625,0.7278541970539625,0.7278541970539625,0.8375767749283717,42.0,98.00576958350386,-0.8375767749283717,-0.7278541970539625,-0.9191886585156473,0.08161188358727567,-0.1097225778744092,1355.0936309557783,0.002269936829277811,14223.368736714248,36,14,5.0,5.0,512.0,512.0,0.03348994255065918,1.4759332409885246,2.5568436939793173,69.9523803399934
hc10p.txt,150,all,36,null,OPTIMAL,OPTIMAL,OPTIMAL,OPTIMAL,True,0.8375767749283717,0.8193524751205863,0.8193524751205863,0.8193524751205863,0.8375767749283717,42.0,98.00576958350386,-0.8375767749283717,-0.8193524751205863,-0.9009827093145555,0.0634059343861838,-0.018224299807785393,887.5197803430042,0.0011536511569607902,28446.737473428497,37,6,5.0,5.0,512.0,512.0,0.0370640754699707,1.4602087670064066,2.5500600100203883,72.50245620298665
hc10p.txt,150,all,37,serious,OPTIMAL,OPTIMAL,OPTIMAL,OPTIMAL,True,0.8556182336153388,0.8556182336153388,0.8556182336153388,0.8556182336153388,0.8556182336153388,42.0,97.96281372948728,-0.8556182336153388,-0.8556182336153388,-0.8915592735918958,0.053982498663524114,0.01804145868696716,363.760262840498,0.0005885217691193509,19912.716231399947,38,1,5.0,5.0,512.0,512.0,0.04106283187866211,1.4185772609780543,2.5885335959901568,75.09100458998
hc10p.txt,150,all,38,null,OPTIMAL,OPTIMAL,OPTIMAL,OPTIMAL,True,0.8556182336153388,0.8371069734747671,0.8371069734747671,0.8371069734747671,0.8556182336153388,42.0,97.96281372948728,-0.8556182336153388,-0.8371069734747671,-0.9048604675891913,0.04924223397385241,-0.018511260140571695,1086.6955365372542,0.0008238349653422682,39825.432462799894,39,9,5.0,5.0,512.0,512.0,0.05053901672363281,1.3165733560163062,2.4844109260011464,77.57542997499695
hc10p.txt,150,all,39,serious,OPTIMAL,OPTIMAL,OPTIMAL,OPTIMAL,True,0.8616597255187232,0.8616597255187232,0.8616597255187232,0.8616597255187232,0.8616597255187232,42.0,97.94842922495543,-0.8616597255187232,-0.8616597255187232,-0.8981304509415924,0.04251221732625354,0.006041491903384322,35.60432059223933,0.00042051699489376797,27877.802723959925,40,0,5.0,5.0,512.0,512.0,0.029980897903442383,1.5342772760195658,2.714234958984889,80.28967938499409
hc10p.txt,150,all,40,serious,OPTIMAL,OPTIMAL,OPTIMAL,OPTIMAL,True,0.8760696823171287,0.8760696823171287,0.8760696823171287,0.8760696823171287,0.8760696823171287,42.0,97.91411980400683,-0.8760696823171287,-0.8760696823171287,-0.9033763240398156,0.04171659852109244,0.01440995679840551,35.58735318988343,0.001174045989515033,19514.461906771947,41,0,5.0,5.0,512.0,511.99999999999994,0.03496718406677246,1.51074310898548,2.7578413329902105,83.04753643699223
hc10p.txt,150,all,41,serious,OPTIMAL,OPTIMAL,OPTIMAL,OPTIMAL,True,0.8936556031699626,0.8936556031699626,0.8936556031699626,0.8936556031699626,0.8936556031699626,42.0,97.87224856388104,-0.8936556031699626,-0.8936556031699626,-0.916748335424309,0.04067865310718033,0.017585920852833947,34.20952269811848,0.001218559137842701,13660.123334740361,42,0,4.0,4.0,512.0,512.0,0.04026007652282715,1.077660028997343,2.3667327139992267,85.41433778798091
hc10p.txt,150,all,42,serious,OPTIMAL,OPTIMAL,OPTIMAL,OPTIMAL,True,0.9098051768739855,0.9098051768739855,0.9098051768739855,0.9098051768739855,0.9098051768739855,42.0,97.83379719791908,-0.9098051768739855,-0.9098051768739855,-0.9364625234834112,0.04280692031344857,0.016149573704022924,363.82149211027877,0.0014571670265588893,9562.086334318252,43,1,5.0,5.0,512.0,511.99999999999994,0.07726788520812988,1.4143745030160062,2.8652642180095427,88.27961900099763
hc10p.txt,150,all,43,null,OPTIMAL,OPTIMAL,OPTIMAL,OPTIMAL,True,0.9098051768739855,0.6446933745518161,0.6446933745518161,0.6446933745518161,0.9098051768739855,42.0,97.83379719791908,-0.9098051768739855,-0.6446933745518161,-0.9641655190871308,0.05436034221314523,-0.26511180232216947,1983.2954102912163,0.001693372062128165,19124.172668636504,44,30,5.0,5.0,512.0,512.0,0.04567909240722656,1.4574900670268107,2.842034298024373,91.12166720599635
hc10p.txt,150,all,44,null,OPTIMAL,OPTIMAL,OPTIMAL,OPTIMAL,True,0.9098051768739855,0.8666055562265407,0.8666055562265407,0.8666055562265407,0.9098051768739855,42.0,97.83379719791908,-0.9098051768739855,-0.8666055562265407,-0.9505808451081829,0.040775668234197315,-0.04319962064744487,1402.6273266894505,0.000859423361797435,38248.34533727301,45,15,5.0,5.0,512.0,512.0,0.042257070541381836,1.4607461609994061,2.8596896700037178,93.98137088899966
hc10p.txt,150,all,45,null,OPTIMAL,OPTIMAL,OPTIMAL,OPTIMAL,True,0.9098051768739855,0.9113764304728461,0.9113764304728461,0.9113764304728461,0.9113764304728461,42.0,97.8300561179218,-0.9098051768739855,-0.9113764304728461,-0.9435869014339648,0.0337817245599793,0.001571253598860567,1024.6149635552977,0.0004369520376635412,76496.69067454601,46,8,4.0,4.0,512.0,512.0,0.05890297889709473,1.4533036049979273,2.8834652999939863,96.86484853597358
hc10p.txt,150,all,46,serious,OPTIMAL,OPTIMAL,OPTIMAL,OPTIMAL,True,0.9180295861548224,0.9180295861548224,0.9180295861548224,0.9180295861548224,0.9180295861548224,42.0,97.81421527105994,-0.9180295861548224,-0.9180295861548224,-0.9400343576905642,0.03022918081657866,0.008224409280836897,35.42814625686196,0.00022864387593879345,53547.68347218221,47,0,5.0,5.0,512.0,512.0,0.045700788497924805,1.3804800159996375,2.809142580983462,99.67400617699604
hc10p.txt,150,all,47,serious,OPTIMAL,OPTIMAL,OPTIMAL,OPTIMAL,True,0.9287874893703081,0.9287874893703081,0.9287874893703081,0.9287874893703081,0.9287874893703081,42.0,97.78860121578498,-0.9287874893703081,-0.9287874893703081,-0.9412477012617043,0.023218115106881876,0.010757903215485642,34.62347380460093,0.000655391837134756,37483.37843052754,48,0,4.0,4.0,512.0,512.0,0.04215407371520996,1.3930798030050937,2.840122699009953,102.51414397597546
hc10p.txt,150,all,48,serious,OPTIMAL,OPTIMAL,OPTIMAL,OPTIMAL,True,0.9378755124961664,0.9378755124961664,0.9378755124961664,0.9378755124961664,0.9378755124961664,42.0,97.76696306548531,-0.9378755124961664,-0.9378755124961664,-0.9498213500133361,0.021033860643028035,0.009088023125858324,34.977280328172085,0.000651246519756371,26238.364901369278,49,0,5.0,5.0,512.0,512.0,0.05777907371520996,1.5231783420022111,2.9855249499960337,105.49968029299635
hc10p.txt,150,all,49,serious,OPTIMAL,OPTIMAL,OPTIMAL,OPTIMAL,True,0.9487481345575774,0.9487481345575774,0.9487481345575774,0.9487481345575774,0.9487481345575774,42.0,97.74107587010101,-0.9487481345575774,-0.9487481345575774,-0.960458277160304,0.022582764664137556,0.010872622061411041,363.6789764611206,0.00076074631668954,18366.855430958494,50,1,4.0,4.0,512.0,512.0,0.06824803352355957,1.550557773996843,3.0451810539816506,108.54487444498227
hc10p.txt,150,all,50,null,OPTIMAL,OPTIMAL,OPTIMAL,OPTIMAL,True,0.9487481345575774,0.8871609633203537,0.8871609633203537,0.8871609633203537,0.9487481345575774,42.0,97.74107587010101,-0.9487481345575774,-0.8871609633203537,-0.9751767176939126,0.026428583136335115,-0.06158717123722379,1355.0908520618639,0.0008854304155205986,36733.71086191699,51,14,5.0,5.0,512.0,512.0,0.05959200859069824,1.4748665670049377,3.0205099240120035,111.56539632598287
hc10p.txt,150,all,51,null,OPTIMAL,OPTIMAL,OPTIMAL,OPTIMAL,True,0.9487481345575774,0.9423715439712678,0.9423715439712678,0.9423715439712678,0.9487481345575774,42.0,97.74107587010101,-0.9487481345575774,-0.9423715439712678,-0.9680516632447104,0.01930352868713292,-0.006376590586309683,887.5082909571007,0.0004530607384502258,73467.42172383398,52,6,5.0,5.0,512.0,512.0,0.07079291343688965,1.5328669990121853,3.1151575630065054,114.68060962497839
hc10p.txt,150,all,52,serious,OPTIMAL,OPTIMAL,OPTIMAL,OPTIMAL,True,0.951418479903829,0.951418479903829,0.951418479903829,0.951418479903829,0.951418479903829,42.0,97.73471790499087,-0.951418479903829,-0.951418479903829,-0.9643049931624903,0.015556858604912849,0.002670345346251546,513.1761545239709,0.00023034404025295446,51427.195206683784,53,2,4.0,4.0,512.0,512.0,0.04979085922241211,1.5617189439944923,3.169508355000289,117.85013200098183
hc10p.txt,150,all,53,null,OPTIMAL,OPTIMAL,OPTIMAL,OPTIMAL,True,0.951418479903829,0.9510189071171763,0.9510189071171763,0.9510189071171763,0.951418479903829,42.0,97.73471790499087,-0.951418479903829,-0.9510189071171763,-0.969566383015376,0.018147903111547015,-0.00039957278665270213,958.4975769287324,0.0003206450501414359,102854.39041336757,54,7,4.0,4.0,512.0,512.0,0.04956793785095215,1.4455258160014637,3.1384983839816414,120.98864628499723
hc10p.txt,150,all,54,serious,OPTIMAL,OPTIMAL,OPTIMAL,OPTIMAL,True,0.9552976422662058,0.9552976422662058,0.9552976422662058,0.9552976422662058,0.9552976422662058,42.0,97.72548180412808,-0.9552976422662058,-0.9552976422662058,-0.9669419541707907,0.015523474266961657,0.0038791623623768423,35.02289832526671,0.00016298058706801994,71998.07328935729,55,0,4.563376243156366,4.563376243156366,512.0,512.0,0.048021793365478516,1.6096384520060383,3.3386049140244722,124.32726766698761
hc10p.txt,150,all,55,serious,OPTIMAL,OPTIMAL,OPTIMAL,OPTIMAL,True,0.962057675647713,0.962057675647713,0.962057675647713,0.962057675647713,0.962057675647713,42.0,97.70938648655307,-0.962057675647713,-0.962057675647713,-0.9696991867679641,0.014401544501758234,0.006760033381507213,35.205780225295136,0.0004151300444951863,50398.6513025501,56,0,5.0,5.0,512.0,512.0,0.07398104667663574,1.464695517992368,3.3376122260233387,127.66489582697977
hc10p.txt,150,all,56,serious,OPTIMAL,OPTIMAL,OPTIMAL,OPTIMAL,True,0.9666188661308125,0.9666188661308125,0.9666188661308125,0.9666188661308125,0.9666188661308125,42.0,97.69852650921236,-0.9666188661308125,-0.9666188661308125,-0.975220499183671,0.01316282353595799,0.004561190483099442,628.0177895983084,0.0004191703885764754,35279.055911785064,57,3,5.0,5.0,512.0,512.0,0.0707089900970459,1.6696398430212867,3.434236006985884,131.09914530199603
hc10p.txt,150,all,57,null,OPTIMAL,OPTIMAL,OPTIMAL,OPTIMAL,True,0.9666188661308125,0.9541667948000344,0.9541667948000344,0.9541667948000344,0.9666188661308125,42.0,97.69852650921236,-0.9666188661308125,-0.9541667948000344,-0.9828513369663229,0.016232470835510382,-0.01245207133077808,1201.2738284223235,0.00046208437420348057,70558.11182357013,58,11,5.0,5.0,512.0,512.0,0.058279991149902344,1.499572225002339,3.1698241209960543,134.26898450698354
hc10p.txt,150,all,58,null,OPTIMAL,OPTIMAL,OPTIMAL,OPTIMAL,True,0.9666188661308125,0.9642307021248379,0.9642307021248379,0.9642307021248379,0.9666188661308125,42.0,97.69852650921236,-0.9666188661308125,-0.9642307021248379,-0.9790982528781648,0.012479386747352272,-0.0023881640059746356,887.5016354455939,0.0002337371852878491,141116.22364714026,59,6,5.0,5.0,512.0,512.0,0.06112098693847656,1.487542898976244,3.1952201319800224,137.46421952499077
hc10p.txt,150,all,59,serious,OPTIMAL,OPTIMAL,OPTIMAL,OPTIMAL,True,0.9704712577753433,0.9704712577753433,0.9704712577753433,0.9704712577753433,0.9704712577753433,42.0,97.68935414815394,-0.9704712577753433,-0.9704712577753433,-0.9771718497873274,0.010552983656514914,0.0038523916445307727,34.91803289434835,0.00011856761705596671,98781.35655299817,60,0,5.0,5.0,512.0,512.0,0.07775592803955078,1.4078311799967196,3.0684144539991394,140.53264501100057
hc10p.txt,150,all,60,serious,OPTIMAL,OPTIMAL,OPTIMAL,OPTIMAL,True,0.9743055753091189,0.9743055753091189,0.9743055753091189,0.9743055753091189,0.9743055753091189,42.0,97.68022482069257,-0.9743055753091189,-0.9743055753091189,-0.9795416951480034,0.009070437372660112,0.003834317533775611,35.49062500768107,0.0002672304482425487,69146.94958709872,61,0,5.0,5.0,512.0,512.0,0.057229042053222656,1.5469089779944625,3.2691674640227575,143.8018251999747
hc10p.txt,150,all,61,serious,OPTIMAL,OPTIMAL,OPTIMAL,OPTIMAL,True,0.9777999800407741,0.9777999800407741,0.9777999800407741,0.9777999800407741,0.9777999800407741,42.0,97.67190480942674,-0.9777999800407741,-0.9777999800407741,-0.9834369337022091,0.009131358393090205,0.0034944047316551874,363.7796071541678,0.00029512724534008636,48402.8647109691,62,1,5.0,5.0,512.0,512.0,0.05609393119812012,1.4285784599778708,3.15189450699836,146.95379408998997
hc10p.txt,150,all,62,null,OPTIMAL,OPTIMAL,OPTIMAL,OPTIMAL,True,0.9777999800407741,0.9667378338597429,0.9667378338597429,0.9667378338597429,0.9777999800407741,42.0,97.67190480942674,-0.9777999800407741,-0.9667378338597429,-0.988995350514897,0.01119537047412289,-0.011062146181031185,1448.6020105988523,0.0003367271777889311,96805.7294219382,63,16,5.0,5.0,512.0,512.0,0.08027100563049316,1.538554284023121,3.4115913019923028,150.3654010439932
hc10p.txt,150,all,63,null,OPTIMAL,OPTIMAL,OPTIMAL,OPTIMAL,True,0.9777999800407741,0.9773378412891189,0.9773378412891189,0.9773378412891189,0.9777999800407741,42.0,97.67190480942674,-0.9777999800407741,-0.9773378412891189,-0.9862793067896102,0.008479326748836113,-0.00046213875165512786,887.533268209389,0.00017115893767555442,193611.4588438764,64,6,5.0,5.0,512.0,511.99999999999994,0.1093449592590332,1.3550062899885233,3.4770730669843033,153.84248939197278
hc10p.txt,150,all,64,serious,OPTIMAL,OPTIMAL,OPTIMAL,OPTIMAL,True,0.9800922040274629,0.9800922040274629,0.9800922040274629,0.9800922040274629,0.9800922040274629,42.0,97.66644713326795,-0.9800922040274629,-0.9800922040274629,-0.9848759153100525,0.0070759352692784105,0.002292223986688824,363.8186264528873,8.756110450349512e-05,135528.02119071348,65,1,5.0,5.0,512.0,512.0,0.05609393119812012,1.3408141609979793,3.243330060999142,157.08583660397562
hc10p.txt,150,all,65,null,OPTIMAL,OPTIMAL,OPTIMAL,OPTIMAL,True,0.9800922040274629,0.9769564557158044,0.9769564557158044,0.9769564557158044,0.9800922040274629,42.0,97.66644713326795,-0.9800922040274629,-0.9769564557158044,-0.9868496788109692,0.006757474783506301,-0.003135748311658526,887.5258011753183,0.00012121045265661385,271056.04238142696,66,6,5.0,5.0,512.0,512.0,0.08862996101379395,1.2490972619852982,3.3216973429953214,160.40755097498186
hc10p.txt,150,all,66,serious,OPTIMAL,OPTIMAL,OPTIMAL,OPTIMAL,True,0.9810826274249258,0.9810826274249258,0.9810826274249258,0.9810826274249258,0.9810826274249258,42.0,97.66408898232162,-0.9810826274249258,-0.9810826274249258,-0.9858597478433843,0.005767543815921372,0.000990423397462914,35.48939294736261,6.191776008436963e-05,189739.22966699887,67,0,5.0,5.0,512.0,512.0,0.08616209030151367,1.3065308820223436,3.412022648000857,163.8195880019921
hc10p.txt,150,all,67,serious,OPTIMAL,OPTIMAL,OPTIMAL,OPTIMAL,True,0.9836539983942242,0.9836539983942242,0.9836539983942242,0.9836539983942242,0.9836539983942242,42.0,97.65796667048996,-0.9836539983942242,-0.9836539983942242,-0.9868609010779638,0.0057782736530379575,0.002571370969298381,34.031288184464486,0.00016397867181897576,132817.4607668992,68,0,4.0,4.0,512.0,512.0,0.05587005615234375,1.504633778007701,3.5058566999796312,167.3254570349818
hc10p.txt,150,all,68,serious,OPTIMAL,OPTIMAL,OPTIMAL,OPTIMAL,True,0.9859907336897006,0.9859907336897006,0.9859907336897006,0.9859907336897006,0.9859907336897006,42.0,97.65240301502452,-0.9859907336897006,-0.9859907336897006,-0.9889451275244964,0.0052911291302721875,0.0023367352954764,363.5864687724423,0.00016797230249722577,92972.22253682943,69,1,5.0,5.0,512.0,512.0,0.08205699920654297,1.5712036339973565,3.6802407140203286,171.00571186299203
hc10p.txt,150,all,69,null,OPTIMAL,OPTIMAL,OPTIMAL,OPTIMAL,True,0.9859907336897006,0.9825824104821633,0.9825824104821633,0.9825824104821633,0.9859907336897006,42.0,97.65240301502452,-0.9859907336897006,-0.9825824104821633,-0.9919570668640045,0.0059663331743039505,-0.003408323207537256,1201.2556364045445,0.0001787589270211056,185944.44507365886,70,11,5.0,5.0,512.0,512.0,0.08695220947265625,1.4647025310259778,3.480472858995199,174.48619746297481
hc10p.txt,150,all,70,serious,OPTIMAL,OPTIMAL,OPTIMAL,OPTIMAL,True,0.9869892174141905,0.9869892174141905,0.9869892174141905,0.9869892174141905,0.9869892174141905,42.0,97.65002567282335,-0.9869892174141905,-0.9869892174141905,-0.9904875267278241,0.004496793038123559,0.0009984837244899625,513.1475982901592,9.141376307188407e-05,130161.11155156119,71,2,5.0,5.0,512.0,512.0,0.10250687599182129,1.459056996012805,3.748931870999513,178.23514111799886
hc10p.txt,150,all,71,null,OPTIMAL,OPTIMAL,OPTIMAL,OPTIMAL,True,0.9869892174141905,0.9861434700851764,0.9861434700851764,0.9861434700851764,0.9869892174141905,42.0,97.65002567282335,-0.9869892174141905,-0.9861434700851764,-0.9925446257763204,0.0055554083621298656,-0.0008457473290141015,810.2976594327226,0.00012506375698965834,260322.22310312238,72,5,5.0,5.0,512.0,512.0,0.06409406661987305,1.5424268700007815,3.6970160840137396,181.9322334609751
hc10p.txt,150,all,72,serious,OPTIMAL,OPTIMAL,OPTIMAL,OPTIMAL,True,0.9876537892882079,0.9876537892882079,0.9876537892882079,0.9876537892882079,0.9876537892882079,42.0,97.64844335883761,-0.9876537892882079,-0.9876537892882079,-0.9915321252864561,0.0045429078722655225,0.0006645718740173612,810.3011082751344,6.347132776063104e-05,182225.55617218566,73,5,5.0,5.0,512.0,512.0,0.06289076805114746,1.789437277999241,3.9929079599969555,185.925158825994
hc10p.txt,150,all,73,null,OPTIMAL,OPTIMAL,OPTIMAL,OPTIMAL,True,0.9876537892882079,0.985561549737243,0.985561549737243,0.985561549737243,0.9876537892882079,42.0,97.64844335883761,-0.9876537892882079,-0.985561549737243,-0.9929646097019613,0.005310820413753414,-0.002092239550964936,1086.6831525675411,8.874045139791371e-05,364451.11234437133,74,9,5.0,5.0,512.0,511.99999999999994,0.07585620880126953,1.6003816800075583,3.769431975990301,189.69460913498187
hc10p.txt,150,all,74,serious,OPTIMAL,OPTIMAL,OPTIMAL,OPTIMAL,True,0.9881666584312623,0.9881666584312623,0.9881666584312623,0.9881666584312623,0.9881666584312623,42.0,97.64722224183032,-0.9881666584312623,-0.9881666584312623,-0.9922453493816146,0.004591560093406666,0.000512869143054373,628.0441869333957,4.454184113951305e-05,255115.7786410599,75,3,5.0,5.0,512.0,512.0,0.09789896011352539,1.453936544014141,3.7699324089917354,193.4645551869762
hc10p.txt,150,all,75,serious,OPTIMAL,OPTIMAL,OPTIMAL,OPTIMAL,True,0.9889414062376105,0.9889414062376105,0.9889414062376105,0.9889414062376105,0.9889414062376105,42.0,97.64537760419617,-0.9889414062376105,-0.9889414062376105,-0.9932514531376171,0.005084794706354812,0.0007747478063482305,810.3072395601853,6.332333072268897e-05,178581.04504874191,76,5,5.0,5.0,512.0,512.0,0.1004478931427002,1.4493630829965696,3.669165103987325,197.13373970598332
hc10p.txt,150,all,76,null,OPTIMAL,OPTIMAL,OPTIMAL,OPTIMAL,True,0.9889414062376105,0.9783047739785832,0.9783047739785832,0.9783047739785832,0.9889414062376105,42.0,97.64537760419617,-0.9889414062376105,-0.9783047739785832,-0.9946559563968104,0.00571455015919986,-0.010636632259027334,1619.482360022067,8.894162403875572e-05,357162.09009748383,77,20,5.0,5.0,512.0,512.0,0.09236717224121094,1.5598337810079101,3.852610886999173,200.9863670479972
hc10p.txt,150,all,77,null,OPTIMAL,OPTIMAL,OPTIMAL,OPTIMAL,True,0.9889414062376105,0.9892691195856156,0.9892691195856156,0.9892691195856156,0.9892691195856156,42.0,97.64459733431997,-0.9889414062376105,-0.9892691195856156,-0.9939450140646959,0.005003607827085421,0.00032771334800507645,810.3305129286948,4.441431618248395e-05,714324.1801949677,78,5,5.0,5.0,512.0,512.0,0.0690460205078125,1.4277317250089254,3.744135674991412,204.73051907299669
hc10p.txt,150,all,78,serious,OPTIMAL,OPTIMAL,OPTIMAL,OPTIMAL,True,0.9903646512647745,0.9903646512647745,0.9903646512647745,0.9903646512647745,0.9903646512647745,42.0,97.64198892556004,-0.9903646512647745,-0.9903646512647745,-0.9935924659348789,0.004651059697268423,0.0014232450271639552,35.37113766090682,2.318591502152178e-05,500026.9261364773,79,0,5.0,5.0,512.0,512.0,0.07243990898132324,1.439077132003149,3.8474257439957,208.57796427200083
hc10p.txt,150,all,79,serious,OPTIMAL,OPTIMAL,OPTIMAL,OPTIMAL,True,0.9918512324718344,0.9918512324718344,0.9918512324718344,0.9918512324718344,0.9918512324718344,42.0,97.63844944649563,-0.9918512324718344,-0.9918512324718344,-0.9928667452530772,0.0025020939883027005,0.0014865812070599116,33.71819482916814,7.07382968128682e-05,350018.8482955341,80,0,4.0,4.0,512.0,512.0,0.07645106315612793,1.4475658889859915,3.8513172329985537,212.42929618997732
hc10p.txt,150,all,80,serious,OPTIMAL,OPTIMAL,OPTIMAL,OPTIMAL,True,0.9930735132773594,0.9930735132773594,0.9930735132773594,0.9930735132773594,0.9930735132773594,42.0,97.63553925410153,-0.9930735132773594,-0.9930735132773594,-0.9943826561321105,0.002531423660276144,0.001222280805525,34.11461801866399,7.902525983519012e-05,245013.19380687384,81,0,4.0,4.0,512.0,512.0,0.07958197593688965,1.5660794159921352,3.858206503005931,216.2875152269844
hc10p.txt,150,all,81,serious,OPTIMAL,OPTIMAL,OPTIMAL,OPTIMAL,True,0.9935097273557661,0.9935097273557661,0.9935097273557661,0.9935097273557661,0.9935097273557661,42.0,97.63450064915294,-0.9935097273557661,-0.9935097273557661,-0.9956929240740003,0.002619410796640964,0.0004362140784067714,628.0374847706142,8.77075912959211e-05,171509.23566481168,82,3,4.0,4.0,512.0,512.0,0.0800480842590332,1.510217597009614,3.942782256024657,220.23035997597617
hc10p.txt,150,all,82,null,OPTIMAL,OPTIMAL,OPTIMAL,OPTIMAL,True,0.9935097273557661,0.9858746093619775,0.9858746093619775,0.9858746093619775,0.9935097273557661,42.0,97.63450064915294,-0.9935097273557661,-0.9858746093619775,-0.9973048004803198,0.0037950731245536273,-0.007635117993788687,1736.636479847265,9.548671087795169e-05,343018.47132962337,83,23,5.0,5.0,512.0,512.0,0.08424615859985352,1.6906381839944515,4.156904777017189,224.38728049499332
hc10p.txt,150,all,83,null,OPTIMAL,OPTIMAL,OPTIMAL,OPTIMAL,True,0.9935097273557661,0.99267426757461,0.99267426757461,0.99267426757461,0.9935097273557661,42.0,97.63450064915294,-0.9935097273557661,-0.99267426757461,-0.9965320497357884,0.003022322380022202,-0.0008354597811561781,1201.267583862269,4.889703724797367e-05,686036.9426592467,84,11,5.0,5.0,512.0,512.0,0.13529086112976074,1.6123372889996972,4.124579449999146,228.5118739119789
hc10p.txt,150,all,84,serious,OPTIMAL,OPTIMAL,OPTIMAL,OPTIMAL,True,0.9945122700762749,0.9945122700762749,0.9945122700762749,0.9945122700762749,0.9945122700762749,42.0,97.63211364267553,-0.9945122700762749,-0.9945122700762749,-0.9961282520429906,0.002618524687224455,0.0010025427205087034,628.0597364843921,2.523622576995158e-05,480225.8598614727,85,3,5.0,5.0,512.0,512.0,0.08104991912841797,1.5283793410053477,4.0589130299922545,232.57080241199583
hc10p.txt,150,all,85,null,OPTIMAL,OPTIMAL,OPTIMAL,OPTIMAL,True,0.9945122700762749,0.9943935708756061,0.9943935708756061,0.9943935708756061,0.9945122700762749,42.0,97.63211364267553,-0.9945122700762749,-0.9943935708756061,-0.9966933584251189,0.002181088348844007,-0.00011869920066875927,1024.6119215195386,3.430188842804557e-05,960451.7197229454,86,8,5.0,5.0,512.0,512.0,0.1072540283203125,1.4905180040223058,4.0448772990203,236.61569508598768
hc10p.txt,150,all,86,serious,OPTIMAL,OPTIMAL,OPTIMAL,OPTIMAL,True,0.9948161311058273,0.9948161311058273,0.9948161311058273,0.9948161311058273,0.9948161311058273,42.0,97.63139016403375,-0.9948161311058273,-0.9948161311058273,-0.9964123818435231,0.001900111767248247,0.00030386102955248795,628.0633595795896,1.7393073086671956e-05,672316.2038060618,87,3,5.0,5.0,512.0,512.0,0.10547089576721191,1.6182565740018617,4.175029745994834,240.7907367250009
hc10p.txt,150,all,87,null,OPTIMAL,OPTIMAL,OPTIMAL,OPTIMAL,True,0.9948161311058273,0.9941363903918874,0.9941363903918874,0.9941363903918874,0.9948161311058273,42.0,97.63139016403375,-0.9948161311058273,-0.9941363903918874,-0.996807980470303,0.0019918493644756063,-0.000679740713939947,1201.2622846591346,2.4444172925109956e-05,1000000.0,88,11,5.0,5.0,512.0,512.0,0.10413408279418945,1.4513551789859775,4.012503996986197,244.8032536029932
hc10p.txt,150,all,88,serious,OPTIMAL,OPTIMAL,OPTIMAL,OPTIMAL,True,0.9952260626332036,0.9952260626332036,0.9952260626332036,0.9952260626332036,0.9952260626332036,42.0,97.63041413658762,-0.9952260626332036,-0.9952260626332036,-0.9966753105051096,0.0018591793992822625,0.0004099315273762283,35.4091598812452,1.6480521705794225e-05,700000.0,89,0,5.0,5.0,512.0,512.0,0.06974291801452637,1.6297691620129626,4.3984562599798664,249.20172198698856
hc10p.txt,150,all,89,serious,OPTIMAL,OPTIMAL,OPTIMAL,OPTIMAL,True,0.9960401819771529,0.9960401819771529,0.9960401819771529,0.9960401819771529,0.9960401819771529,42.0,97.62847575719726,-0.9960401819771529,-0.9960401819771529,-0.9969193245397162,0.0016932619065126442,0.000814119343949371,34.397728908072494,4.787353687143362e-05,489999.99999999994,90,0,4.0,4.0,512.0,512.0,0.07158184051513672,1.451429957000073,4.123283919005189,253.32502063299762
hc10p.txt,150,all,90,serious,OPTIMAL,OPTIMAL,OPTIMAL,OPTIMAL,True,0.9962698556211982,0.9962698556211982,0.9962698556211982,0.9962698556211982,0.9962698556211982,42.0,97.62792891518761,-0.9962698556211982,-0.9962698556211982,-0.997512091360659,0.0014719093835060537,0.00022967364404524737,724.893654828338,4.615697371093127e-05,342999.99999999994,91,4,5.0,5.0,512.0,512.0,0.09114599227905273,1.5027219479961786,4.182312903023558,257.5073474129895
hc10p.txt,150,all,91,null,OPTIMAL,OPTIMAL,OPTIMAL,OPTIMAL,True,0.9962698556211982,0.9942808592506411,0.9942808592506411,0.9942808592506411,0.9962698556211982,42.0,97.62792891518761,-0.9962698556211982,-0.9942808592506411,-0.9983349296582538,0.002065074037055581,-0.00198899637055705,1536.386322161154,4.8230540710184564e-05,685999.9999999999,92,18,5.0,5.0,512.0,512.0,0.08963680267333984,1.4770435969985556,4.279207598010544,261.78663061599946
hc10p.txt,150,all,92,null,OPTIMAL,OPTIMAL,OPTIMAL,OPTIMAL,True,0.9962698556211982,0.9961384503386018,0.9961384503386018,0.9961384503386018,0.9962698556211982,42.0,97.62792891518761,-0.9962698556211982,-0.9961384503386018,-0.9979412346358987,0.0016713790147004914,-0.00013140528259636408,958.4902811188583,2.490935635525927e-05,1000000.0,93,7,5.0,5.0,512.0,512.0,0.08446192741394043,1.4488311159948353,4.138057697011391,265.9247038089961
hc10p.txt,150,all,93,serious,OPTIMAL,OPTIMAL,OPTIMAL,OPTIMAL,True,0.9969676976132509,0.9969676976132509,0.9969676976132509,0.9969676976132509,0.9969676976132509,42.0,97.6262673866351,-0.9969676976132509,-0.9969676976132509,-0.9978074971801043,0.001537641558906122,0.0006978419920526946,363.6698931067271,1.722861909274304e-05,700000.0,94,1,5.0,5.0,512.0,512.0,0.1567671298980713,1.4616405760170892,4.243158944009338,270.16788044699933
hc10p.txt,150,all,94,null,OPTIMAL,OPTIMAL,OPTIMAL,OPTIMAL,True,0.9969676976132509,0.9966335440716081,0.9966335440716081,0.9966335440716081,0.9969676976132509,42.0,97.6262673866351,-0.9969676976132509,-0.9966335440716081,-0.9982049742928553,0.0012372766796043821,-0.0003341535416427899,1305.7998455112227,2.376685887805869e-05,1000000.0,95,13,5.0,5.0,512.0,512.0,0.091033935546875,1.3444965779781342,4.309131237998372,274.4770315649803
hc10p.txt,150,all,95,serious,OPTIMAL,OPTIMAL,OPTIMAL,OPTIMAL,True,0.9971708955836072,0.9971708955836072,0.9971708955836072,0.9971708955836072,0.9971708955836072,42.0,97.62578358194381,-0.9971708955836072,-0.9971708955836072,-0.9980871859657444,0.0011194883524935362,0.00020319797035628362,513.1467334734841,1.6806373472546788e-05,700000.0,96,2,5.0,5.0,512.0,512.0,0.08530902862548828,1.564537467987975,4.416483876004349,278.8935396820016
hc10p.txt,150,all,96,null,OPTIMAL,OPTIMAL,OPTIMAL,OPTIMAL,True,0.9971708955836072,0.995341647182183,0.995341647182183,0.995341647182183,0.9971708955836072,42.0,97.62578358194381,-0.9971708955836072,-0.995341647182183,-0.998462629762277,0.00129173417866979,-0.0018292484014241772,1736.620199443273,2.3104013837182103e-05,1000000.0,97,23,5.0,5.0,512.0,511.9999999999999,0.15498089790344238,1.4329147579846904,4.466136734990869,283.35969245497836
hc10p.txt,150,all,97,null,OPTIMAL,OPTIMAL,OPTIMAL,OPTIMAL,True,0.9971708955836072,0.9970683677999597,0.9970683677999597,0.9970683677999597,0.9971708955836072,42.0,97.62578358194381,-0.9971708955836072,-0.9970683677999597,-0.9983485223020263,0.0011776267184191447,-0.00010252778364749915,1086.6641655536364,1.6168014104251087e-05,1000000.0,98,9,5.0,5.0,512.0,512.0,0.0859220027923584,1.5713838709925767,4.49387936401763,287.85358776999055
hc10p.txt,150,all,98,null,OPTIMAL,OPTIMAL,OPTIMAL,OPTIMAL,True,0.9971708955836072,0.9969987859552243,0.9969987859552243,0.9969987859552243,0.9971708955836072,42.0,97.62578358194381,-0.9971708955836072,-0.9969987859552243,-0.9983494695974529,0.0011785740138456902,-0.00017210962838287713,1086.6605317947517,1.626776293260021e-05,1000000.0,99,9,5.0,5.0,512.0,512.0,0.2613070011138916,1.360469226987334,4.36993282099138,292.2235343239736
hc10p.txt,150,all,99,serious,OPTIMAL,OPTIMAL,OPTIMAL,OPTIMAL,True,0.9973638537463713,0.9973638537463713,0.9973638537463713,0.9973638537463713,0.9973638537463713,42.0,97.62532415774673,-0.9973638537463713,-0.9973638537463713,-0.9983481541463145,0.0011772585627073395,0.00019295816276410083,1086.6643972707113,1.626421138854748e-05,700000.0,100,9,5.0,5.0,512.0,512.0,0.10167503356933594,1.5737943859712686,4.898423412989359,297.12197336598183
hc10p.txt,150,all,100,null,OPTIMAL,OPTIMAL,OPTIMAL,OPTIMAL,True,0.9973638537463713,0.9949539732974122,0.9949539732974122,0.9949539732974122,0.9973638537463713,42.0,97.62532415774673,-0.9973638537463713,-0.9949539732974122,-0.9987071354999233,0.001343281753552028,-0.0024098804489590675,1846.3666662113826,2.2649799795722448e-05,1000000.0,101,26,5.0,5.0,512.0,512.0,0.11990785598754883,1.7014229680062272,4.691524816007586,301.8135146359855
hc10p.txt,150,all,101,null,OPTIMAL,OPTIMAL,OPTIMAL,OPTIMAL,True,0.9973638537463713,0.9971542042422509,0.9971542042422509,0.9971542042422509,0.9973638537463713,42.0,97.62532415774673,-0.9973638537463713,-0.9971542042422509,-0.9985973601104544,0.0012335063640831478,-0.00020964950412039052,1086.6646810225304,1.5774960337660195e-05,1000000.0,102,9,5.0,5.0,512.0,512.0,0.14625287055969238,1.5301207969896495,4.556972176011186,306.3705540249939
hc10p.txt,150,all,102,serious,OPTIMAL,OPTIMAL,OPTIMAL,OPTIMAL,True,0.9976469508893931,0.9976469508893931,0.9976469508893931,0.9976469508893931,0.9976469508893931,42.0,97.62465011693001,-0.9976469508893931,-0.9976469508893931,-0.9985971598497599,0.001233306103388676,0.00028309714302188205,1086.6575301344296,1.585752565540148e-05,700000.0,103,9,5.0,5.0,512.0,512.0,0.12073397636413574,1.579018966993317,4.845020395005122,311.21559221699135
hc10p.txt,150,all,103,null,OPTIMAL,OPTIMAL,OPTIMAL,OPTIMAL,True,0.9976469508893931,0.99488143686156,0.99488143686156,0.99488143686156,0.9976469508893931,42.0,97.62465011693001,-0.9976469508893931,-0.99488143686156,-0.9989397461874191,0.0012927952980259505,-0.0027655140278330936,2289.9987569025407,2.2087938215921895e-05,1000000.0,104,40,5.0,5.0,512.0,512.0,0.12683796882629395,1.4000550080090761,4.736311075015692,315.9519200239738
hc10p.txt,150,all,104,null,OPTIMAL,OPTIMAL,OPTIMAL,OPTIMAL,True,0.9976469508893931,0.9973524909536133,0.9973524909536133,0.9973524909536133,0.9976469508893931,42.0,97.62465011693001,-0.9976469508893931,-0.9973524909536133,-0.9988350420733589,0.0011880911839657893,-0.00029445993577981167,1493.128166400049,1.5385972022421953e-05,1000000.0,105,17,5.0,5.0,512.0,512.0,0.10539698600769043,1.5697101650002878,4.633206275000703,320.5851407159935
hc10p.txt,150,all,105,null,OPTIMAL,OPTIMAL,OPTIMAL,OPTIMAL,True,0.9976469508893931,0.9976600335168526,0.9976600335168526,0.9976600335168526,0.9976600335168526,42.0,97.62461896781703,-0.9976469508893931,-0.9976600335168526,-0.9988342410219663,0.0011872901325731267,1.3082627459470864e-05,1402.5956649680752,1.5424496743225346e-05,1000000.0,106,15,5.0,5.0,512.0,512.0,0.11383700370788574,1.4178630579845048,4.47244218699052,325.0575976909895
hc10p.txt,150,all,106,serious,OPTIMAL,OPTIMAL,OPTIMAL,OPTIMAL,True,0.99795001448686,0.99795001448686,0.99795001448686,0.99795001448686,0.99795001448686,42.0,97.62392853693605,-0.99795001448686,-0.99795001448686,-0.9988335045428522,0.0011865536534590992,0.0003030635974669016,1201.2412200502333,1.5412448042724646e-05,700000.0,107,11,5.0,5.0,512.0,512.0,0.176893949508667,1.505030344997067,4.708826888003387,329.76643924898235
hc10p.txt,150,all,107,null,OPTIMAL,OPTIMAL,OPTIMAL,OPTIMAL,True,0.99795001448686,0.9947549983249971,0.9947549983249971,0.9947549983249971,0.99795001448686,42.0,97.62392853693605,-0.99795001448686,-0.9947549983249971,-0.9991635912455192,0.001213576758659185,-0.003195016161862907,2401.747555444974,2.1681386083460295e-05,1000000.0,108,44,5.0,5.0,512.0,512.0,0.17940497398376465,1.3794586329895537,4.62588598698494,334.3923387899995
hc10p.txt,150,all,108,null,OPTIMAL,OPTIMAL,OPTIMAL,OPTIMAL,True,0.99795001448686,0.9973521489951827,0.9973521489951827,0.9973521489951827,0.99795001448686,42.0,97.62392853693605,-0.99795001448686,-0.9973521489951827,-0.9990621960903178,0.001112181603457718,-0.0005978654916773962,1493.1328132824524,1.5059833848173258e-05,1000000.0,109,17,5.0,5.0,512.0,512.0,0.10892891883850098,1.6367034620197956,4.7625054249947425,339.154857112997
hc10p.txt,150,all,109,null,OPTIMAL,OPTIMAL,OPTIMAL,OPTIMAL,True,0.99795001448686,0.9979622144712124,0.9979622144712124,0.9979622144712124,0.9979622144712124,42.0,97.62389948935424,-0.99795001448686,-0.9979622144712124,-0.9990616934081796,0.001111678921319581,1.2199984352312399e-05,1493.1255683075597,1.5111517589429483e-05,1000000.0,110,17,5.0,5.0,512.0,512.0,0.13724684715270996,1.425775423005689,4.7686245029908605,343.92349665798247
hc10p.txt,150,all,110,serious,OPTIMAL,OPTIMAL,OPTIMAL,OPTIMAL,True,0.9982521948552202,0.9982521948552202,0.9982521948552202,0.9982521948552202,0.9982521948552202,42.0,97.62320905986851,-0.9982521948552202,-0.9982521948552202,-0.9990606631878408,0.0011106487009807653,0.00030218036836016093,724.907763491436,1.5073197253692971e-05,700000.0,111,4,5.0,5.0,512.0,512.0,0.1392958164215088,1.4669604619848542,4.688740071986103,348.61225631900015
hc10p.txt,150,all,111,null,OPTIMAL,OPTIMAL,OPTIMAL,OPTIMAL,True,0.9982521948552202,0.9920977318207099,0.9920977318207099,0.9920977318207099,0.9982521948552202,42.0,97.62320905986851,-0.9982521948552202,-0.9920977318207099,-0.999379780844531,0.001127585989310842,-0.006154463034510282,2850.913435146917,2.1346289375218305e-05,1000000.0,112,62,5.0,5.0,512.0,512.0,0.1241919994354248,1.5019066490058322,4.755089693993796,353.3674118819763
hc10p.txt,150,all,112,null,OPTIMAL,OPTIMAL,OPTIMAL,OPTIMAL,True,0.9982521948552202,0.9971019806245262,0.9971019806245262,0.9971019806245262,0.9982521948552202,42.0,97.62320905986851,-0.9982521948552202,-0.9971019806245262,-0.9992788813171529,0.0010266864619327132,-0.0011502142306940577,1810.5359915350102,1.4706109346950629e-05,1000000.0,113,25,5.0,5.0,512.0,512.0,0.14788103103637695,1.3871426190016791,4.705948931979947,358.07337637100136
hc10p.txt,150,all,113,null,OPTIMAL,OPTIMAL,OPTIMAL,OPTIMAL,True,0.9982521948552202,0.9976949178551796,0.9976949178551796,0.9976949178551796,0.9982521948552202,42.0,97.62320905986851,-0.9982521948552202,-0.9976949178551796,-0.9992778639166069,0.0010256690613866803,-0.0005572770000406013,1916.048896308326,1.4707485078558847e-05,1000000.0,114,28,5.0,5.0,512.0,512.0,0.19031786918640137,1.4790392639988568,4.787164358975133,362.8605570389773
hc10p.txt,150,all,114,serious,OPTIMAL,OPTIMAL,OPTIMAL,OPTIMAL,True,0.9984486490853294,0.9984486490853294,0.9984486490853294,0.9984486490853294,0.9984486490853294,42.0,97.62274131170159,-0.9984486490853294,-0.9984486490853294,-0.9992763048172583,0.0010241099620380556,0.00019645423010916652,1201.2601895990558,1.4666055910435974e-05,700000.0,115,11,5.0,5.0,512.0,512.0,0.15201783180236816,1.8180763440032024,5.223718922003172,368.0842940589937
hc10p.txt,150,all,115,null,OPTIMAL,OPTIMAL,OPTIMAL,OPTIMAL,True,0.9984486490853294,0.9912884134128144,0.9912884134128144,0.9912884134128144,0.9984486490853294,42.0,97.62274131170159,-0.9984486490853294,-0.9912884134128144,-0.9995760107054869,0.0011273616201574743,-0.007160235672515003,3238.3684606079105,2.066021079662673e-05,1000000.0,116,80,5.0,5.0,512.0,512.0,0.19960808753967285,1.5720948679954745,5.512104779976653,373.59641551499953
hc10p.txt,150,all,116,null,OPTIMAL,OPTIMAL,OPTIMAL,OPTIMAL,True,0.9984486490853294,0.9969824381365239,0.9969824381365239,0.9969824381365239,0.9984486490853294,42.0,97.62274131170159,-0.9984486490853294,-0.9969824381365239,-0.9994807816115548,0.001032132526225471,-0.001466210948805502,2428.8846535246516,1.4190646625154801e-05,1000000.0,117,45,5.0,5.0,512.0,512.0,0.18327689170837402,1.4238411149999592,4.9965617090056185,378.59299209099845
hc10p.txt,150,all,117,null,OPTIMAL,OPTIMAL,OPTIMAL,OPTIMAL,True,0.9984486490853294,0.9979330052031357,0.9979330052031357,0.9979330052031357,0.9984486490853294,42.0,97.62274131170159,-0.9984486490853294,-0.9979330052031357,-0.9994800705428546,0.0010314214575252167,-0.000515643882193717,2232.0376950791892,1.4200627832057733e-05,1000000.0,118,38,5.0,5.0,512.0,512.0,0.16605877876281738,1.4060714300139807,4.897857311996631,383.4908624139789
hc10p.txt,150,all,118,null,OPTIMAL,OPTIMAL,OPTIMAL,OPTIMAL,True,0.9984486490853294,0.9982367006957675,0.9982367006957675,0.9982367006957675,0.9984486490853294,42.0,97.62274131170159,-0.9984486490853294,-0.9982367006957675,-0.9994804815751106,0.0010318324897812259,-0.00021194838956184459,1881.5384885752746,1.4201525966758492e-05,1000000.0,119,27,5.0,5.0,512.0,512.0,0.2301039695739746,1.3270789420057554,5.051032100018347,388.5419099139981
hc10p.txt,150,all,119,serious,OPTIMAL,OPTIMAL,OPTIMAL,OPTIMAL,True,0.9986292171950347,0.9986292171950347,0.9986292171950347,0.9986292171950347,0.9986292171950347,42.0,97.62231138763086,-0.9986292171950347,-0.9986292171950347,-0.9994798443470236,0.0010311952616942621,0.00018056810970534798,1536.4088781824619,1.4184527857424932e-05,700000.0,120,18,5.0,5.0,512.0,512.0,0.1692509651184082,1.4940222630102653,5.127566305018263,393.6694931309903
hc10p.txt,150,all,120,null,OPTIMAL,OPTIMAL,OPTIMAL,OPTIMAL,True,0.9986292171950347,0.9869414283839516,0.9869414283839516,0.9869414283839516,0.9986292171950347,42.0,97.62231138763086,-0.9986292171950347,-0.9869414283839516,-0.9997530011117494,0.001123783916714638,-0.011687788811083122,4329.502462814991,1.9684702769226903e-05,1000000.0,121,143,5.0,5.0,512.0,512.0,0.14667010307312012,1.4126822899852414,5.322461626987206,398.99197153098066
hc10p.txt,150,all,121,null,OPTIMAL,OPTIMAL,OPTIMAL,OPTIMAL,True,0.9986292171950347,0.9956922777535022,0.9956922777535022,0.9956922777535022,0.9986292171950347,42.0,97.62231138763086,-0.9986292171950347,-0.9956922777535022,-0.9996664153369805,0.0010371981419458054,-0.0029369394415325045,3177.078083103434,1.348098531019893e-05,1000000.0,122,77,5.0,5.0,512.0,512.0,0.11934399604797363,1.5675397079903632,5.0858578640036285,404.0779081149958
hc10p.txt,150,all,122,null,OPTIMAL,OPTIMAL,OPTIMAL,OPTIMAL,True,0.9986292171950347,0.9975388730758594,0.9975388730758594,0.9975388730758594,0.9986292171950347,42.0,97.62231138763086,-0.9986292171950347,-0.9975388730758594,-0.9996624523891938,0.001033235194159099,-0.0010903441191753016,2733.565698064262,1.3356345075297845e-05,1000000.0,123,57,5.0,5.0,512.0,512.0,0.20301294326782227,1.411590603995137,5.127113054011716,409.20503659098176
hc10p.txt,150,all,123,null,OPTIMAL,OPTIMAL,OPTIMAL,OPTIMAL,True,0.9986292171950347,0.9983436754558679,0.9983436754558679,0.9983436754558679,0.9986292171950347,42.0,97.62231138763086,-0.9986292171950347,-0.9983436754558679,-0.9996604464049178,0.0010312292098830778,-0.0002855417391668391,2290.0134517281504,1.326379736767642e-05,1000000.0,124,40,5.0,5.0,512.0,511.99999999999994,0.1739799976348877,1.3920175429957453,5.453871603996959,414.6589250169927
hc10p.txt,150,all,124,null,OPTIMAL,OPTIMAL,OPTIMAL,OPTIMAL,True,0.9986292171950347,0.9985135258686954,0.9985135258686954,0.9985135258686954,0.9986292171950347,42.0,97.62231138763086,-0.9986292171950347,-0.9985135258686954,-0.9996609796825862,0.0010317624875514353,-0.00011569132633937329,2374.3155030885146,1.3286463517790156e-05,1000000.0,125,43,5.0,5.0,512.0,512.0,0.15821003913879395,1.4151211050048005,5.226949563017115,419.8858911859861
hc10p.txt,150,all,125,null,OPTIMAL,OPTIMAL,OPTIMAL,OPTIMAL,True,0.9986292171950347,0.9983869357807171,0.9983869357807171,0.9983869357807171,0.9986292171950347,42.0,97.62231138763086,-0.9986292171950347,-0.9983869357807171,-0.9996630387906303,0.0010338215955956187,-0.0002422814143175911,2455.721996099687,1.3371880417791122e-05,1000000.0,126,46,5.0,5.0,512.0,512.0,0.13210201263427734,1.4155682869895827,5.065421348001109,424.951327008981
hc10p.txt,150,all,126,serious,OPTIMAL,OPTIMAL,OPTIMAL,OPTIMAL,True,0.9988847679945323,0.9988847679945323,0.9988847679945323,0.9988847679945323,0.9988847679945323,42.0,97.62170293334636,-0.9988847679945323,-0.9988847679945323,-0.9996616663946482,0.0010324491996134277,0.00025555079949757253,1659.4586529036594,1.3329255168055592e-05,700000.0,127,21,5.0,5.0,512.0,512.0,0.1642928123474121,1.4210680949909147,5.240988812001888,430.19233200198505
hc10p.txt,150,all,127,null,OPTIMAL,OPTIMAL,OPTIMAL,OPTIMAL,True,0.9988847679945323,0.9808153176626638,0.9808153176626638,0.9808153176626638,0.9988847679945323,42.0,97.62170293334636,-0.9988847679945323,-0.9808153176626638,-0.9998865737355642,0.0010018057410319248,-0.018069450331868464,5158.188684117998,1.7701247946653527e-05,1000000.0,128,203,5.0,5.0,508.0,512.0,0.21470093727111816,1.4866515939938836,5.309441923018312,435.50178957998287
hc10p.txt,150,all,128,null,OPTIMAL,OPTIMAL,OPTIMAL,OPTIMAL,True,0.9988847679945323,0.9945246010613643,0.9945246010613643,0.9945246010613643,0.9988847679945323,42.0,97.62170293334636,-0.9988847679945323,-0.9945246010613643,-0.9998107090289331,0.0009259410344008012,-0.004360166933167986,4047.7476844883568,1.169987103015601e-05,1000000.0,129,125,5.0,5.0,510.0,512.0,0.18147802352905273,1.4953391430026386,5.236094814987155,440.73789712699363
hc10p.txt,150,all,129,null,OPTIMAL,OPTIMAL,OPTIMAL,OPTIMAL,True,0.9988847679945323,0.9959153163503244,0.9959153163503244,0.9959153163503244,0.9988847679945323,42.0,97.62170293334636,-0.9988847679945323,-0.9959153163503244,-0.9998094917999657,0.0009247238054334028,-0.002969451644207921,3865.681193744654,1.1765230801124196e-05,1000000.0,130,114,5.0,5.0,512.0,512.0,0.18166089057922363,1.451135706010973,5.34834412302007,446.08625659698737
hc10p.txt,150,all,130,null,OPTIMAL,OPTIMAL,OPTIMAL,OPTIMAL,True,0.9988847679945323,0.9979007131518762,0.9979007131518762,0.9979007131518762,0.9988847679945323,42.0,97.62170293334636,-0.9988847679945323,-0.9979007131518762,-0.9998070850630436,0.0009223170685113136,-0.000984054842656068,3396.4132687065,1.1615375077669342e-05,1000000.0,131,88,5.0,5.0,512.0,512.0,0.14999890327453613,1.3386581700178795,5.12241337200976,451.2086878519913
hc10p.txt,150,all,131,null,OPTIMAL,OPTIMAL,OPTIMAL,OPTIMAL,True,0.9988847679945323,0.9983230499833486,0.9983230499833486,0.9983230499833486,0.9988847679945323,42.0,97.62170293334636,-0.9988847679945323,-0.9983230499833486,-0.999806343812772,0.000921575818239706,-0.0005617180111836539,3093.3000267867724,1.158826467616929e-05,1000000.0,132,73,5.0,5.0,510.0,512.0,0.18790411949157715,1.3360297539911699,5.102928270993289,456.31168821197934
hc10p.txt,150,all,132,null,OPTIMAL,OPTIMAL,OPTIMAL,OPTIMAL,True,0.9988847679945323,0.9983528352132104,0.9983528352132104,0.9983528352132104,0.9988847679945323,42.0,97.62170293334636,-0.9988847679945323,-0.9983528352132104,-0.9998063415872372,0.0009215735927049495,-0.0005319327813219088,3177.0790911596832,1.1609270452374893e-05,1000000.0,133,77,5.0,5.0,512.0,512.0,0.16914796829223633,1.4546497309929691,5.257789155002683,461.56949126298423
hc10p.txt,150,all,133,null,OPTIMAL,OPTIMAL,OPTIMAL,OPTIMAL,True,0.9988847679945323,0.9985829093793726,0.9985829093793726,0.9985829093793726,0.9988847679945323,42.0,97.62170293334636,-0.9988847679945323,-0.9985829093793726,-0.9998058542696261,0.0009210862750937965,-0.00030185861515974466,3093.3185153631393,1.1610657148651117e-05,1000000.0,134,73,5.0,5.0,510.2117951488267,512.0,0.1891179084777832,1.425185752013931,5.569783989019925,467.1392913769814
hc10p.txt,150,all,134,null,OPTIMAL,OPTIMAL,OPTIMAL,OPTIMAL,True,0.9988847679945323,0.9988951786318383,0.9988951786318383,0.9988951786318383,0.9988951786318383,42.0,97.62167814611468,-0.9988847679945323,-0.9988951786318383,-0.9998059476675587,0.0009211796730264066,1.0410637306002002e-05,2896.3549635068216,1.162088384323772e-05,1000000.0,135,64,5.0,5.0,510.0,512.0,0.14604711532592773,1.379290068987757,5.153662330005318,472.2929683949915
hc10p.txt,150,all,135,null,OPTIMAL,OPTIMAL,OPTIMAL,OPTIMAL,True,0.9988847679945323,0.9989488050930689,0.9989488050930689,0.9989488050930689,0.9989488050930689,42.0,97.62155046406413,-0.9988847679945323,-0.9989488050930689,-0.9998059921602581,0.0009212241657258202,6.403709853664008e-05,2610.943968513931,1.1631425205895368e-05,1000000.0,136,52,5.0,5.0,512.0,512.0,0.20090198516845703,1.318661803001305,5.402124020998599,477.6951074709941
hc10p.txt,150,all,136,null,OPTIMAL,OPTIMAL,OPTIMAL,OPTIMAL,True,0.9988847679945323,0.9989539057260384,0.9989539057260384,0.9989539057260384,0.9989539057260384,42.0,97.62153831969991,-0.9988847679945323,-0.9989539057260384,-0.9998035185676197,0.0009187505730874346,6.913773150607483e-05,2685.1915787477174,1.1548607240987781e-05,1000000.0,137,55,5.0,5.0,512.0,512.0,0.1494748592376709,1.6208125679986551,5.859183041000506,483.5543049989792
hc10p.txt,150,all,137,serious,OPTIMAL,OPTIMAL,OPTIMAL,OPTIMAL,True,0.9990092024881113,0.9990092024881113,0.9990092024881113,0.9990092024881113,0.9990092024881113,42.0,97.62140666074258,-0.9990092024881113,-0.9990092024881113,-0.9998033868811932,0.0009186188866608935,0.0001244344935790176,2635.9253934550798,1.1536580508554725e-05,700000.0,138,53,5.0,5.0,512.0,512.0,0.16089701652526855,1.423709845985286,5.928348902001744,489.48267020398634
hc10p.txt,150,all,138,null,OPTIMAL,OPTIMAL,OPTIMAL,OPTIMAL,True,0.9990092024881113,0.9756038153574441,0.9756038153574441,0.9756038153574441,0.9990092024881113,42.0,97.62140666074258,-0.9990092024881113,-0.9756038153574441,-0.9999644636344537,0.0009552611463423677,-0.0234053871306672,5769.9716701124,1.4893825909906832e-05,1000000.0,139,254,5.0,5.0,510.0,512.0,0.23772883415222168,1.3540840960049536,5.845927512011258,495.3286128869804
hc10p.txt,150,all,139,null,OPTIMAL,OPTIMAL,OPTIMAL,OPTIMAL,True,0.9990092024881113,0.9939462869132455,0.9939462869132455,0.9939462869132455,0.9990092024881113,42.0,97.62140666074258,-0.9990092024881113,-0.9939462869132455,-0.9999063795095939,0.0008971770214826202,-0.005062915574865823,4622.234149888398,9.413110949303885e-06,1000000.0,140,163,5.0,5.0,510.0,512.0,0.1969449520111084,1.5709493859903887,5.6080259419977665,500.93666072699125
hc10p.txt,150,all,140,null,OPTIMAL,OPTIMAL,OPTIMAL,OPTIMAL,True,0.9990092024881113,0.9953441977346469,0.9953441977346469,0.9953441977346469,0.9990092024881113,42.0,97.62140666074258,-0.9990092024881113,-0.9953441977346469,-0.9999047193142532,0.0008955168261418622,-0.0036650047534644292,4636.390946031834,9.548723071482505e-06,1000000.0,141,164,5.0,5.0,510.0,512.0,0.1920621395111084,1.3673034490202554,5.7823140019900165,506.7190025189775
hc10p.txt,150,all,141,null,OPTIMAL,OPTIMAL,OPTIMAL,OPTIMAL,True,0.9990092024881113,0.9973198416300241,0.9973198416300241,0.9973198416300241,0.9990092024881113,42.0,97.62140666074258,-0.9990092024881113,-0.9973198416300241,-0.9999020166544477,0.0008928141663363531,-0.001689360858087241,4015.368979968699,9.368657255509037e-06,1000000.0,142,123,5.0,5.0,512.0,512.0,0.19753098487854004,1.3072702399804257,5.541400710993912,512.2604880729923
hc10p.txt,150,all,142,null,OPTIMAL,OPTIMAL,OPTIMAL,OPTIMAL,True,0.9990092024881113,0.9982161610076978,0.9982161610076978,0.9982161610076978,0.9990092024881113,42.0,97.62140666074258,-0.9990092024881113,-0.9982161610076978,-0.9999011664630475,0.000891963974936183,-0.0007930414804134811,3744.8607539629434,9.329455064799502e-06,1000000.0,143,107,5.0,5.0,508.0,512.0,0.16654396057128906,1.8624611420091242,6.1810605300124735,518.4415631539887
hc10p.txt,150,all,143,null,OPTIMAL,OPTIMAL,OPTIMAL,OPTIMAL,True,0.9990092024881113,0.998510915102217,0.998510915102217,0.998510915102217,0.9990092024881113,42.0,97.62140666074258,-0.9990092024881113,-0.998510915102217,-0.9999031920873793,0.000893989599268008,-0.0004982873858943027,3762.4570837199994,9.403153999642827e-06,1000000.0,144,108,5.0,5.0,510.0,512.0,0.24113893508911133,1.1634523629909381,5.512465278006857,523.9540434909868
hc10p.txt,150,all,144,null,OPTIMAL,OPTIMAL,OPTIMAL,OPTIMAL,True,0.9990092024881113,0.9986219292922941,0.9986219292922941,0.9986219292922941,0.9990092024881113,42.0,97.62140666074258,-0.9990092024881113,-0.9986219292922941,-0.999903162559782,0.0008939600716706408,-0.0003872731958172171,3865.554257237423,9.427508306245332e-06,1000000.0,145,114,5.0,5.0,510.0,512.0,0.19230008125305176,1.1059632989927195,5.451299576001475,529.4053583229834
hc10p.txt,150,all,145,null,OPTIMAL,OPTIMAL,OPTIMAL,OPTIMAL,True,0.9990092024881113,0.9989974126561144,0.9989974126561144,0.9989974126561144,0.9990092024881113,42.0,97.62140666074258,-0.9990092024881113,-0.9989974126561144,-0.999900259009442,0.000891056521330702,-1.1789831996900091e-05,3318.1850120561908,9.319953777608469e-06,1000000.0,146,84,5.0,5.0,510.0,512.0,0.19713592529296875,1.2314273840165697,5.619996671011904,535.0253722009948
hc10p.txt,150,all,146,null,OPTIMAL,OPTIMAL,OPTIMAL,OPTIMAL,True,0.9990092024881113,0.9987669395076699,0.9987669395076699,0.9987669395076699,0.9990092024881113,42.0,97.62140666074258,-0.9990092024881113,-0.9987669395076699,-0.9999031684604703,0.0008939659723590232,-0.00024226298044138783,3762.3213506575134,9.450243299937722e-06,1000000.0,147,108,5.0,5.0,508.0,512.0,0.16637110710144043,1.1386125500139315,5.877402271988103,540.9027908439748
hc10p.txt,150,all,147,null,OPTIMAL,OPTIMAL,OPTIMAL,OPTIMAL,True,0.9990092024881113,0.9989844833779927,0.9989844833779927,0.9989844833779927,0.9990092024881113,42.0,97.62140666074258,-0.9990092024881113,-0.9989844833779927,-0.999899767780006,0.0008905652918946849,-2.4719110118587295e-05,3565.423728271019,9.3252155862341e-06,1000000.0,148,97,5.0,5.0,506.0,512.0,0.15579986572265625,1.4238830030080862,5.658913619001396,546.5617175119987
hc10p.txt,150,all,148,null,OPTIMAL,OPTIMAL,OPTIMAL,OPTIMAL,True,0.9990092024881113,0.9990613889368721,0.9990613889368721,0.9990613889368721,0.9990613889368721,42.0,97.62128240729317,-0.9990092024881113,-0.9990613889368721,-0.9999000780641316,0.0008908755760203002,5.218644876081591e-05,3510.1281375504986,9.343318378424153e-06,1000000.0,149,94,5.0,5.0,509.85754532289275,512.0,0.22194290161132812,1.25158749599359,5.76516611801344,552.3268968049961
hc10p.txt,150,all,149,serious,OPTIMAL,OPTIMAL,OPTIMAL,OPTIMAL,True,0.999202380746073,0.999202380746073,0.999202380746073,0.999202380746073,0.999202380746073,42.0,97.62094671250935,-0.999202380746073,-0.999202380746073,-0.9999024169375551,0.000893214449443791,0.0001931782579617236,3337.5702927603897,9.39744028909631e-06,700000.0,150,85,5.0,5.0,506.0,512.0,0.2702670097351074,1.1432699970027898,5.84323426100309,558.1701446469815
hc10p.txt,150,all,150,null,OPTIMAL,OPTIMAL,OPTIMAL,OPTIMAL,True,0.999202380746073,0.9813117216675402,0.9813117216675402,0.9813117216675402,0.999202380746073,42.0,97.62094671250935,-0.999202380746073,-0.9813117216675402,-0.9999883368662336,0.0007859561201605247,-0.017890659078532822,5781.2303274555625,1.0417073000373904e-05,1000000.0,151,255,5.0,5.0,508.0,512.0,0.19561386108398438,1.479157416993985,5.800221575977048,563.9703836529807
hc10p.txt,150,all,151,null,OPTIMAL,OPTIMAL,OPTIMAL,OPTIMAL,True,0.999202380746073,0.994968683163503,0.994968683163503,0.994968683163503,0.999202380746073,42.0,97.62094671250935,-0.999202380746073,-0.994968683163503,-0.999960544246126,0.0007581635000529774,-0.004233697582570084,4990.182692348096,6.830080995479665e-06,1000000.0,152,190,5.0,5.0,506.0,512.0,0.22246503829956055,1.3114299309963826,5.833034120994853,569.8034912969742
hc10p.txt,150,all,152,null,OPTIMAL,OPTIMAL,OPTIMAL,OPTIMAL,True,0.999202380746073,0.9964153016422731,0.9964153016422731,0.9964153016422731,0.999202380746073,42.0,97.62094671250935,-0.999202380746073,-0.9964153016422731,-0.9999589801414039,0.0007565993953309036,-0.0027870791037999387,4897.7012722571535,6.7822963082386354e-06,1000000.0,153,183,5.0,5.0,512.0,512.0,0.2390458583831787,1.1350945670274086,5.599760985991452,575.4032661259989
hc10p.txt,150,all,153,null,OPTIMAL,OPTIMAL,OPTIMAL,OPTIMAL,True,0.999202380746073,0.9975222235040537,0.9975222235040537,0.9975222235040537,0.999202380746073,42.0,97.62094671250935,-0.999202380746073,-0.9975222235040537,-0.999957615605564,0.0007552348594909164,-0.001680157242019309,4706.608713718829,6.763612695595099e-06,1000000.0,154,169,5.0,5.0,511.38849269467795,512.0,0.19184017181396484,1.3427223099861294,6.215599191025831,581.6188812389737
hc10p.txt,150,all,154,null,OPTIMAL,OPTIMAL,OPTIMAL,OPTIMAL,True,0.999202380746073,0.9977119867278739,0.9977119867278739,0.9977119867278739,0.999202380746073,42.0,97.62094671250935,-0.999202380746073,-0.9977119867278739,-0.9999586202623995,0.000756239516326418,-0.0014903940181991704,4761.866347821198,6.878340699616655e-06,1000000.0,155,173,5.0,5.0,509.2747297915068,512.0,0.20983600616455078,1.3251399389992002,6.048244648001855,587.6671419389895
hc10p.txt,150,all,155,null,OPTIMAL,OPTIMAL,OPTIMAL,OPTIMAL,True,0.999202380746073,0.9982516392303856,0.9982516392303856,0.9982516392303856,0.999202380746073,42.0,97.62094671250935,-0.999202380746073,-0.9982516392303856,-0.9999585752883714,0.0007561945422983607,-0.0009507415156874144,4789.244618258313,6.915245352028363e-06,1000000.0,156,175,5.0,5.0,508.0,512.0,0.21202397346496582,1.2663323300075717,5.909789900004398,593.576947108988
hc10p.txt,150,all,156,null,OPTIMAL,OPTIMAL,OPTIMAL,OPTIMAL,True,0.999202380746073,0.9989273142076035,0.9989273142076035,0.9989273142076035,0.999202380746073,42.0,97.62094671250935,-0.999202380746073,-0.9989273142076035,-0.9999580958435869,0.0007557150975138205,-0.0002750665384695372,4477.861479896862,6.876389853860654e-06,1000000.0,157,153,5.0,5.0,504.0,512.0,0.2292318344116211,1.1275024630012922,5.6399982899893075,599.2169602569775
hc10p.txt,150,all,157,null,OPTIMAL,OPTIMAL,OPTIMAL,OPTIMAL,True,0.999202380746073,0.999101645637898,0.999101645637898,0.999101645637898,0.999202380746073,42.0,97.62094671250935,-0.999202380746073,-0.999101645637898,-0.9999578929929495,0.0007555122468764219,-0.00010073510817498743,4252.7856227962475,6.8627908840794595e-06,1000000.0,158,138,5.0,5.0,506.0,512.0,0.20916414260864258,1.2234791000082623,5.947548349999124,605.164524428983
hc10p.txt,150,all,158,null,OPTIMAL,OPTIMAL,OPTIMAL,OPTIMAL,True,0.999202380746073,0.9991332103278561,0.9991332103278561,0.9991332103278561,0.999202380746073,42.0,97.62094671250935,-0.999202380746073,-0.9991332103278561,-0.9999578970985911,0.0007555163525180264,-6.917041821696834e-05,4252.906172368589,6.867700219126837e-06,1000000.0,159,138,5.0,5.0,508.0,512.0,0.23917198181152344,1.2212892810057383,6.110841445013648,611.2753827789857
hc10p.txt,150,all,159,null,OPTIMAL,OPTIMAL,OPTIMAL,OPTIMAL,True,0.999202380746073,0.9978646498677358,0.9978646498677358,0.9978646498677358,0.999202380746073,42.0,97.62094671250935,-0.999202380746073,-0.9978646498677358,-0.9999534910203447,0.0007511102742716602,-0.0013377308783372177,4706.42909848049,6.781529173397133e-06,1000000.0,160,169,5.0,5.0,508.0,512.0,0.22484493255615234,1.2042553889914416,5.938825662015006,617.2142234359926
hc10p.txt,150,all,160,null,OPTIMAL,OPTIMAL,OPTIMAL,OPTIMAL,True,0.999202380746073,0.9981654871337523,0.9981654871337523,0.9981654871337523,0.999202380746073,42.0,97.62094671250935,-0.999202380746073,-0.9981654871337523,-0.9999542712711785,0.0007518905251054919,-0.0010368936123207328,4521.769690632299,6.768090863786035e-06,1000000.0,161,156,5.0,5.0,507.7758139962429,512.0,0.238724946975708,1.3021824070019647,6.117672066000523,623.3319081009831
hc10p.txt,150,all,161,null,OPTIMAL,OPTIMAL,OPTIMAL,OPTIMAL,True,0.999202380746073,0.9986573881541221,0.9986573881541221,0.9986573881541221,0.999202380746073,42.0,97.62094671250935,-0.999202380746073,-0.9986573881541221,-0.9999549153690286,0.0007525346229555474,-0.0005449925919509546,4253.02522852079,6.761816064007797e-06,1000000.0,162,138,5.0,5.0,510.0,512.0,0.22914814949035645,1.100923027988756,5.968128273991169,629.3001072389889
hc10p.txt,150,all,162,null,OPTIMAL,OPTIMAL,OPTIMAL,OPTIMAL,True,0.999202380746073,0.999046049242461,0.999046049242461,0.999046049242461,0.999202380746073,42.0,97.62094671250935,-0.999202380746073,-0.999046049242461,-0.9999572818031923,0.0007549010571192838,-0.0001563315036120505,4389.518407120888,6.841709951112908e-06,1000000.0,163,147,5.0,5.0,510.0,512.0,0.2214798927307129,1.2490811640163884,6.067198777978774,635.3673181159829
hc10p.txt,150,all,163,null,OPTIMAL,OPTIMAL,OPTIMAL,OPTIMAL,True,0.999202380746073,0.9991510386535529,0.9991510386535529,0.9991510386535529,0.999202380746073,42.0,97.62094671250935,-0.999202380746073,-0.9991510386535529,-0.9999574783463228,0.0007550976002497212,-5.134209252011246e-05,4313.648713978819,6.847686892914102e-06,1000000.0,164,142,5.0,5.0,500.30810330092993,512.0,0.23105287551879883,1.1574516649998259,6.135846613004105,641.5031771239883
hc10p.txt,150,all,164,null,OPTIMAL,OPTIMAL,OPTIMAL,OPTIMAL,True,0.999202380746073,0.999217050382723,0.999217050382723,0.999217050382723,0.999217050382723,42.0,97.62091178480304,-0.999202380746073,-0.999217050382723,-0.9999576732230929,0.0007552924770198866,1.4669636649977669e-05,4221.896850999293,6.87383723934025e-06,1000000.0,165,136,5.0,5.0,506.6922897739176,511.99999999999994,0.22650790214538574,1.3236608789884485,6.013616716983961,647.5168073779787
hc10p.txt,150,all,165,null,OPTIMAL,OPTIMAL,OPTIMAL,OPTIMAL,True,0.999202380746073,0.9988660170000542,0.9988660170000542,0.9988660170000542,0.999217050382723,42.0,97.62091178480304,-0.999202380746073,-0.9988660170000542,-0.9999516624417103,0.0007492816956372605,-0.000336363746018864,4175.269858127772,6.716546052797824e-06,1000000.0,166,133,5.0,5.0,510.0,512.0,0.2019040584564209,1.16678263398353,5.993538884998998,653.510359649983
hc10p.txt,150,all,166,serious,OPTIMAL,OPTIMAL,OPTIMAL,OPTIMAL,True,0.9993515102211938,0.9993515102211938,0.9993515102211938,0.9993515102211938,0.9993515102211938,42.0,97.62059164233048,-0.9993515102211938,-0.9993515102211938,-0.9999554251329641,0.0007530443868910552,0.00014912947512080166,3674.050311015724,6.705760112419508e-06,700000.0,167,103,5.0,5.0,506.0,512.0,0.263530969619751,1.227611785987392,6.012498883996159,659.522870700981
hc10p.txt,150,all,167,null,OPTIMAL,OPTIMAL,OPTIMAL,OPTIMAL,True,0.9993515102211938,0.987903380571697,0.987903380571697,0.987903380571697,0.9993515102211938,42.0,97.62059164233048,-0.9993515102211938,-0.987903380571697,-0.9999988379177841,0.0006473276965902608,-0.011448129649496819,5803.85668810974,6.916634281560684e-06,1000000.0,168,257,5.0,5.0,508.0,512.0,0.26680707931518555,1.219678287015995,6.185824701999081,665.7087068229739
hc10p.txt,150,all,168,null,OPTIMAL,OPTIMAL,OPTIMAL,OPTIMAL,True,0.9993515102211938,0.9947307403418821,0.9947307403418821,0.9947307403418821,0.9993515102211938,42.0,97.62059164233048,-0.9993515102211938,-0.9947307403418821,-0.9999828705007078,0.0006313602795139373,-0.004620769879311704,5068.567702799968,4.88409443801583e-06,1000000.0,169,196,5.0,5.0,510.0,512.0,0.2191929817199707,1.3834860009956174,6.2692666109942365,671.9779848530015
hc10p.txt,150,all,169,null,OPTIMAL,OPTIMAL,OPTIMAL,OPTIMAL,True,0.9993515102211938,0.9966032225673066,0.9966032225673066,0.9966032225673066,0.9993515102211938,42.0,97.62059164233048,-0.9993515102211938,-0.9966032225673066,-0.9999839133123729,0.0006324030911790679,-0.002748287653887238,5221.424975153231,4.654792763479466e-06,1000000.0,170,208,5.0,5.0,510.0,512.0,0.22931885719299316,1.1266975449980237,6.679046268021921,678.6570443009841
hc10p.txt,150,all,170,null,OPTIMAL,OPTIMAL,OPTIMAL,OPTIMAL,True,0.9993515102211938,0.9977786947387334,0.9977786947387334,0.9977786947387334,0.9993515102211938,42.0,97.62059164233048,-0.9993515102211938,-0.9977786947387334,-0.999980711836835,0.0006292016156411728,-0.0015728154824604657,4870.551364912459,4.4989502521355354e-06,1000000.0,171,181,5.0,5.0,506.0,512.0,0.2522749900817871,1.1093594059930183,6.14657651502057,684.8036374929943
hc10p.txt,150,all,171,null,OPTIMAL,OPTIMAL,OPTIMAL,OPTIMAL,True,0.9993515102211938,0.9982640056486092,0.9982640056486092,0.9982640056486092,0.9993515102211938,42.0,97.62059164233048,-0.9993515102211938,-0.9982640056486092,-0.9999799867483832,0.0006284765271893367,-0.0010875045725846633,4664.628224155749,4.483207947832184e-06,1000000.0,172,166,5.0,5.0,511.01849462570823,512.0,0.2389359474182129,1.287360849994002,6.376579349976964,691.1802898889873
hc10p.txt,150,all,172,null,OPTIMAL,OPTIMAL,OPTIMAL,OPTIMAL,True,0.9993515102211938,0.998348654707641,0.998348654707641,0.998348654707641,0.9993515102211938,42.0,97.62059164233048,-0.9993515102211938,-0.998348654707641,-0.9999808372382059,0.0006293270170120158,-0.001002855513552836,4870.655157533015,4.508916070846769e-06,1000000.0,173,181,5.0,5.0,508.0,512.0,0.27973008155822754,1.1502866740047466,6.1817864699987695,697.3620908079902
hc10p.txt,150,all,173,null,OPTIMAL,OPTIMAL,OPTIMAL,OPTIMAL,True,0.9993515102211938,0.998383652004621,0.998383652004621,0.998383652004621,0.9993515102211938,42.0,97.62059164233048,-0.9993515102211938,-0.998383652004621,-0.9999806003819693,0.0006290901607755028,-0.0009678582165728589,4843.4597360884745,4.549034912991207e-06,1000000.0,174,179,5.0,5.0,504.0,512.0,0.2423708438873291,1.2191638509975746,6.185658691014396,703.5477654799761
hc10p.txt,150,all,174,null,OPTIMAL,OPTIMAL,OPTIMAL,OPTIMAL,True,0.9993515102211938,0.9986934425024449,0.9986934425024449,0.9986934425024449,0.9993515102211938,42.0,97.62059164233048,-0.9993515102211938,-0.9986934425024449,-0.9999821535601835,0.000630643338989656,-0.0006580677187489892,5094.3653697311,4.541585464387542e-06,1000000.0,175,198,5.0,5.0,510.0,512.0,0.24824810028076172,1.17309718800243,6.18240949898609,709.7302099980006
hc10p.txt,150,all,175,null,OPTIMAL,OPTIMAL,OPTIMAL,OPTIMAL,True,0.9993515102211938,0.9990740765749061,0.9990740765749061,0.9990740765749061,0.9993515102211938,42.0,97.62059164233048,-0.9993515102211938,-0.9990740765749061,-0.9999802317179373,0.0006287214967434229,-0.00027743364628773914,4622.14003977232,4.472956381483148e-06,1000000.0,176,163,5.0,5.0,508.3811803294457,512.0,0.26408982276916504,1.2475983999902382,6.506770254985895,716.2369927619875
hc10p.txt,150,all,176,null,OPTIMAL,OPTIMAL,OPTIMAL,OPTIMAL,True,0.9993515102211938,0.9983084984803606,0.9983084984803606,0.9983084984803606,0.9993515102211938,42.0,97.62059164233048,-0.9993515102211938,-0.9983084984803606,-0.9999746753624519,0.0006231651412580419,-0.0010430117408332107,4434.137018986319,4.498088845068521e-06,1000000.0,177,150,5.0,5.0,510.8288234253428,512.0,0.21993303298950195,1.2286853510013316,6.3747436120174825,722.6117500179971
hc10p.txt,150,all,177,null,OPTIMAL,OPTIMAL,OPTIMAL,OPTIMAL,True,0.9993515102211938,0.9986807561091247,0.9986807561091247,0.9986807561091247,0.9993515102211938,42.0,97.62059164233048,-0.9993515102211938,-0.9986807561091247,-0.999977152317674,0.0006256420964801945,-0.0006707541120691829,4434.033454653614,4.442859404392707e-06,1000000.0,178,150,5.0,5.0,509.08545500824965,512.0,0.27978086471557617,1.290637850004714,6.908698187005939,729.5204632889945
hc10p.txt,150,all,178,null,OPTIMAL,OPTIMAL,OPTIMAL,OPTIMAL,True,0.9993515102211938,0.9990627057612487,0.9990627057612487,0.9990627057612487,0.9993515102211938,42.0,97.62059164233048,-0.9993515102211938,-0.9990627057612487,-0.9999794513364954,0.0006279411153015113,-0.0002888044599451689,4607.689973614507,4.434646195157024e-06,1000000.0,179,162,5.0,5.0,503.82066307981654,512.0,0.25023794174194336,1.2459260490140878,6.975737920991378,736.4962159869901
hc10p.txt,150,all,179,null,OPTIMAL,OPTIMAL,OPTIMAL,OPTIMAL,True,0.9993515102211938,0.9988500629249095,0.9988500629249095,0.9988500629249095,0.9993515102211938,42.0,97.62059164233048,-0.9993515102211938,-0.9988500629249095,-0.9999759256705785,0.0006244154493846299,-0.0005014472962843186,4112.006277914915,4.478665263252396e-06,1000000.0,180,129,5.0,5.0,510.0,512.0,0.22715997695922852,1.223159057990415,6.613579480006592,743.1098102549731
hc10p.txt,150,all,180,null,OPTIMAL,OPTIMAL,OPTIMAL,OPTIMAL,True,0.9993515102211938,0.9989746387884375,0.9989746387884375,0.9989746387884375,0.9993515102211938,42.0,97.62059164233048,-0.9993515102211938,-0.9989746387884375,-0.9999767155268819,0.0006252053056881035,-0.0003768714327563316,4314.3455978526135,4.435280061586186e-06,1000000.0,181,142,5.0,5.0,512.0,512.0,0.2174239158630371,1.2156448050227482,6.6771992100111675,749.7870225079823
hc10p.txt,150,all,181,null,OPTIMAL,OPTIMAL,OPTIMAL,OPTIMAL,True,0.9993515102211938,0.9990775947822175,0.9990775947822175,0.9990775947822175,0.9993515102211938,42.0,97.62059164233048,-0.9993515102211938,-0.9990775947822175,-0.9999763322297195,0.0006248220085256495,-0.0002739154389763687,4389.2649398545245,4.428675968270561e-06,1000000.0,182,147,5.0,5.0,505.6518260447861,512.0,0.2899599075317383,1.0837481539929286,6.58741365998867,756.3744998079783
hc10p.txt,150,all,182,null,OPTIMAL,OPTIMAL,OPTIMAL,OPTIMAL,True,0.9993515102211938,0.9992889695966686,0.9992889695966686,0.9992889695966686,0.9993515102211938,42.0,97.62059164233048,-0.9993515102211938,-0.9992889695966686,-0.999979212142801,0.0006277019216072155,-6.254062452526465e-05,4477.835565638408,4.422238199916999e-06,1000000.0,183,153,5.0,5.0,503.56749140640443,511.99999999999994,0.2566089630126953,1.0684184429992456,6.5531534499896225,762.9276729249978
hc10p.txt,150,all,183,null,OPTIMAL,OPTIMAL,OPTIMAL,OPTIMAL,True,0.9993515102211938,0.9992891239849798,0.9992891239849798,0.9992891239849798,0.9993515102211938,42.0,97.62059164233048,-0.9993515102211938,-0.9992891239849798,-0.9999806422521967,0.0006291320310028992,-6.238623621401818e-05,4650.140222370081,4.4568279799189225e-06,1000000.0,184,165,5.0,5.0,503.44513838701033,512.0,0.351377010345459,1.1530371379922144,6.532458380999742,769.4601489309862
hc10p.txt,150,all,184,serious,OPTIMAL,OPTIMAL,OPTIMAL,OPTIMAL,True,0.9994522591858627,0.9994522591858627,0.9994522591858627,0.9994522591858627,0.9994522591858627,42.0,97.62035176384317,-0.9994522591858627,-0.9994522591858627,-0.9999777273444809,0.0006262171232870317,0.00010074896466882866,3865.5510927276746,4.423162856639186e-06,700000.0,185,114,5.0,5.0,510.0,512.0,0.2534759044647217,1.1769634429947473,6.491290958976606,775.951456766983
hc10p.txt,150,all,185,null,OPTIMAL,OPTIMAL,OPTIMAL,OPTIMAL,True,0.9994522591858627,0.992108996190737,0.992108996190737,0.992108996190737,0.9994522591858627,42.0,97.62035176384317,-0.9994522591858627,-0.992108996190737,-0.99999996654138,0.0005477073555173462,-0.007343262995125666,5561.6721734714565,4.521532704941416e-06,1000000.0,186,236,5.0,5.0,508.0,512.0,0.2987840175628662,2.0812145969830453,7.7745453259849455,783.7260184949846
hc10p.txt,150,all,186,null,OPTIMAL,OPTIMAL,OPTIMAL,OPTIMAL,True,0.9994522591858627,0.9955051765408074,0.9955051765408074,0.9955051765408074,0.9994522591858627,42.0,97.62035176384317,-0.9994522591858627,-0.9955051765408074,-0.9999932238155254,0.000540964629662688,-0.003947082645055278,5296.170853495957,3.3604104890388584e-06,1000000.0,187,214,5.0,5.0,509.5724046574853,512.0,0.2855849266052246,1.2783813150017522,6.8843911990115885,790.610433356982
hc10p.txt,150,all,187,null,OPTIMAL,OPTIMAL,OPTIMAL,OPTIMAL,True,0.9994522591858627,0.9972127109157863,0.9972127109157863,0.9972127109157863,0.9994522591858627,42.0,97.62035176384317,-0.9994522591858627,-0.9972127109157863,-0.9999927993684453,0.0005405401825826495,-0.0022395482700763303,5466.403704573139,3.089663307738044e-06,1000000.0,188,228,5.0,5.0,504.0,512.0,0.2916839122772217,1.2080330130120274,6.780420691007748,797.3908768539841
hc10p.txt,150,all,188,null,OPTIMAL,OPTIMAL,OPTIMAL,OPTIMAL,True,0.9994522591858627,0.998022753592881,0.998022753592881,0.998022753592881,0.9994522591858627,42.0,97.62035176384317,-0.9994522591858627,-0.998022753592881,-0.9999904048226467,0.0005381456367840043,-0.0014295055929817169,5068.369660711724,2.907216121367717e-06,1000000.0,189,196,5.0,5.0,506.0,512.0,0.43073201179504395,1.670136746019125,7.575877135008341,804.9667889669945
hc10p.txt,150,all,189,null,OPTIMAL,OPTIMAL,OPTIMAL,OPTIMAL,True,0.9994522591858627,0.9984270170182479,0.9984270170182479,0.9984270170182479,0.9994522591858627,42.0,97.62035176384317,-0.9994522591858627,-0.9984270170182479,-0.9999920325305505,0.0005397733446877995,-0.0010252421676147927,5183.0453255634175,2.9634756752175338e-06,1000000.0,190,205,5.0,5.0,498.26747905267996,512.0,0.28218698501586914,1.1235946170054376,6.5638749429781456,811.5306815099902
hc10p.txt,150,all,190,null,OPTIMAL,OPTIMAL,OPTIMAL,OPTIMAL,True,0.9994522591858627,0.9973250317015341,0.9973250317015341,0.9973250317015341,0.9994522591858627,42.0,97.62035176384317,-0.9994522591858627,-0.9973250317015341,-0.9999857948507711,0.0005335356649084355,-0.0021272274843285865,4434.2055740270525,2.986066445523912e-06,1000000.0,191,150,5.0,5.0,512.0,512.0,0.35569190979003906,1.313399884995306,8.067142582993256,819.5978380059823
hc10p.txt,150,all,191,null,OPTIMAL,OPTIMAL,OPTIMAL,OPTIMAL,True,0.9994522591858627,0.9984129009262257,0.9984129009262257,0.9984129009262257,0.9994522591858627,42.0,97.62035176384317,-0.9994522591858627,-0.9984129009262257,-0.9999904244225105,0.0005381652366478473,-0.0010393582596369688,5068.666832935053,2.8544806701655127e-06,1000000.0,192,196,5.0,5.0,512.0,512.0,0.34903502464294434,1.258197110000765,6.954804270993918,826.5527244799887
hc10p.txt,150,all,192,null,OPTIMAL,OPTIMAL,OPTIMAL,OPTIMAL,True,0.9994522591858627,0.9987621663452774,0.9987621663452774,0.9987621663452774,0.9994522591858627,42.0,97.62035176384317,-0.9994522591858627,-0.9987621663452774,-0.9999904113034297,0.0005381521175670256,-0.0006900928405852991,4924.284269302446,2.8703864677612613e-06,1000000.0,193,185,5.0,5.0,510.0,512.0,0.28564000129699707,1.2186725049978122,6.690566611010581,833.2433057499875
hc10p.txt,150,all,193,null,OPTIMAL,OPTIMAL,OPTIMAL,OPTIMAL,True,0.9994522591858627,0.9991543510980425,0.9991543510980425,0.9991543510980425,0.9994522591858627,42.0,97.62035176384317,-0.9994522591858627,-0.9991543510980425,-0.9999900425518317,0.0005377833659689912,-0.00029790808782015343,4883.073010552015,2.8207037234181116e-06,1000000.0,194,182,5.0,5.0,488.589217196519,512.0,0.331683874130249,1.0813233850058168,7.211812565015862,840.455135997996
hc10p.txt,150,all,194,null,OPTIMAL,OPTIMAL,OPTIMAL,OPTIMAL,True,0.9994522591858627,0.9977307607949011,0.9977307607949011,0.9977307607949011,0.9994522591858627,42.0,97.62035176384317,-0.9994522591858627,-0.9977307607949011,-0.9999804572798104,0.0005281980939477737,-0.0017214983909615844,4344.626436982597,3.050751082494257e-06,1000000.0,195,144,5.0,5.0,512.0,512.0,0.28057384490966797,1.3050737229932565,7.128097508015344,847.583249636984
hc10p.txt,150,all,195,null,OPTIMAL,OPTIMAL,OPTIMAL,OPTIMAL,True,0.9994522591858627,0.9989181595152643,0.9989181595152643,0.9989181595152643,0.9994522591858627,42.0,97.62035176384317,-0.9994522591858627,-0.9989181595152643,-0.9999880368365057,0.0005357776506430545,-0.0005340996705983647,4492.814337667787,2.782676005287769e-06,1000000.0,196,154,5.0,5.0,510.0,512.0,0.3098330497741699,1.0977789539902005,7.095740432007005,854.6790056259779
hc10p.txt,150,all,196,null,OPTIMAL,OPTIMAL,OPTIMAL,OPTIMAL,True,0.9994522591858627,0.9991915652672334,0.9991915652672334,0.9991915652672334,0.9994522591858627,42.0,97.62035176384317,-0.9994522591858627,-0.9991915652672334,-0.9999898635871087,0.0005376044012460612,-0.0002606939186292623,4649.832653744093,2.8253540395899063e-06,1000000.0,197,165,5.0,5.0,498.0,512.0,0.3374488353729248,1.0389422099979129,7.159550770011265,861.838570508
hc10p.txt,150,all,197,null,OPTIMAL,OPTIMAL,OPTIMAL,OPTIMAL,True,0.9994522591858627,0.998955280772848,0.998955280772848,0.998955280772848,0.9994522591858627,42.0,97.62035176384317,-0.9994522591858627,-0.998955280772848,-0.999991330328338,0.0005390711424753114,-0.0004969784130146593,5016.375167508639,2.9356005228755457e-06,1000000.0,198,192,5.0,5.0,506.0,512.0,0.2963390350341797,1.345310481992783,7.20235229699756,869.0409380979836
hc10p.txt,150,all,198,null,OPTIMAL,OPTIMAL,OPTIMAL,OPTIMAL,True,0.9994522591858627,0.9993726121595496,0.9993726121595496,0.9993726121595496,0.9994522591858627,42.0,97.62035176384317,-0.9994522591858627,-0.9993726121595496,-0.9999902383758144,0.0005379791899516873,-7.964702631302334e-05,4842.808550296375,2.825217330412627e-06,1000000.0,199,179,5.0,5.0,491.77739880133737,512.0,0.39765405654907227,1.098309249005979,7.090207670000382,876.131160844001
hc10p.txt,150,all,199,null,OPTIMAL,OPTIMAL,OPTIMAL,OPTIMAL,True,0.9994522591858627,0.9993862264166398,0.9993862264166398,0.9993862264166398,0.9994522591858627,42.0,97.62035176384317,-0.9994522591858627,-0.9993862264166398,-0.9999907596640463,0.0005385004781836011,-6.603276922290124e-05,4976.680180194258,2.8595572659432745e-06,1000000.0,200,189,5.0,5.0,499.287798814113,512.0,0.33709716796875,1.1568212489946745,7.202912031993037,883.3340899709729
hc10p.txt,150,all,200,serious,OPTIMAL,OPTIMAL,OPTIMAL,OPTIMAL,True,0.9995074822573938,0.9995074822573938,0.9995074822573938,0.9995074822573938,0.9995074822573938,42.0,97.62022028033954,-0.9995074822573938,-0.9995074822573938,-0.9999895301756383,0.0005372709897756289,5.5223071531163015e-05,4578.739280054486,2.7721755359590486e-06,700000.0,200,160,5.0,5.0,496.4068722694197,512.0,0.32529592514038086,1.1983586449932773,7.521125455998117,890.8552311959793
hc10p.txt,150,all,201,null,OPTIMAL,OPTIMAL,OPTIMAL,OPTIMAL,True,0.9995074822573938,0.9921220034470384,0.9921220034470384,0.9921220034470384,0.9995074822573938,42.0,97.62022028033954,-0.9995074822573938,-0.9921220034470384,-1.0000006637544516,0.000493181497057793,-0.00738547881035545,5296.2965555613355,3.6536160214333154e-06,1000000.0,200,214,5.0,5.0,512.0,512.0,0.311492919921875,1.1980882479983848,7.206458129017847,898.0617655789829
hc10p.txt,150,all,202,null,OPTIMAL,OPTIMAL,OPTIMAL,OPTIMAL,True,0.9995074822573938,0.996143903595828,0.996143903595828,0.996143903595828,0.9995074822573938,42.0,97.62022028033954,-0.9995074822573938,-0.996143903595828,-0.9999939394814862,0.0004864572240923515,-0.0033635786615657803,5234.059857854107,2.2586399979911535e-06,1000000.0,200,209,5.0,5.0,512.0,512.0,0.28812289237976074,1.903036071016686,7.716687942011049,905.778481262998
hc10p.txt,150,all,203,null,OPTIMAL,OPTIMAL,OPTIMAL,OPTIMAL,True,0.9995074822573938,0.9964162938318496,0.9964162938318496,0.9964162938318496,0.9995074822573938,42.0,97.62022028033954,-0.9995074822573938,-0.9964162938318496,-0.9999957538502802,0.0004882715928863357,-0.0030911884255442335,5502.5360829797755,2.173403231220538e-06,1000000.0,200,231,5.0,5.0,510.0,511.99999999999994,0.26674389839172363,1.2164079300127923,7.280680087016663,913.0591768519953
hc10p.txt,150,all,204,null,OPTIMAL,OPTIMAL,OPTIMAL,OPTIMAL,True,0.9995074822573938,0.9977977556686637,0.9977977556686637,0.9977977556686637,0.9995074822573938,42.0,97.62022028033954,-0.9995074822573938,-0.9977977556686637,-0.9999927442573369,0.0004852619999430319,-0.0017097265887301427,4857.389436168424,1.8563431907365353e-06,1000000.0,200,180,5.0,5.0,512.0,512.0,0.368955135345459,1.79893171301228,7.960829074989306,921.0200219549879
hc10p.txt,150,all,205,null,OPTIMAL,OPTIMAL,OPTIMAL,OPTIMAL,True,0.9995074822573938,0.9985788613865711,0.9985788613865711,0.9985788613865711,0.9995074822573938,42.0,97.62022028033954,-0.9995074822573938,-0.9985788613865711,-0.9999939712608296,0.00048648900343573054,-0.0009286208708226829,5119.82757341149,1.7302128946630008e-06,1000000.0,200,200,5.0,5.0,506.0,512.0,0.2964131832122803,1.5714696539798751,7.7860067899746355,928.8060424479772
hc10p.txt,150,all,206,null,OPTIMAL,OPTIMAL,OPTIMAL,OPTIMAL,True,0.9995074822573938,0.9990625473003574,0.9990625473003574,0.9990625473003574,0.9995074822573938,42.0,97.62022028033954,-0.9995074822573938,-0.9990625473003574,-0.9999950698955319,0.00048758763813805395,-0.000444934957036458,5157.476727360366,1.765080096708401e-06,1000000.0,200,203,5.0,5.0,493.88985652659306,512.0,0.336773157119751,1.2410682509944309,7.198402085021371,936.0044587219891
hc10p.txt,150,all,207,null,OPTIMAL,OPTIMAL,OPTIMAL,OPTIMAL,True,0.9995074822573938,0.9990723150388428,0.9990723150388428,0.9990723150388428,0.9995074822573938,42.0,97.62022028033954,-0.9995074822573938,-0.9990723150388428,-0.9999914146326705,0.00048393237527666333,-0.0004351672185510802,4314.3468290848905,1.6564579702005248e-06,1000000.0,200,142,5.0,5.0,512.0,512.0,0.37348222732543945,1.2185038509778678,7.234501625003759,943.2389750289731
hc10p.txt,150,all,208,null,OPTIMAL,OPTIMAL,OPTIMAL,OPTIMAL,True,0.9995074822573938,0.998226102783168,0.998226102783168,0.998226102783168,0.9995074822573938,42.0,97.62022028033954,-0.9995074822573938,-0.998226102783168,-0.9999880603114388,0.000480578054045,-0.0012813794742257967,4159.669913293273,1.998592958004983e-06,1000000.0,200,132,5.0,5.0,512.0,512.0,0.3221409320831299,1.1560480690095574,7.351688118011225,950.590677589993
hc10p.txt,150,all,209,null,OPTIMAL,OPTIMAL,OPTIMAL,OPTIMAL,True,0.9995074822573938,0.9990726389797374,0.9990726389797374,0.9990726389797374,0.9995074822573938,42.0,97.62022028033954,-0.9995074822573938,-0.9990726389797374,-0.9999940505470274,0.0004865682896335599,-0.00043484327765641595,5041.815469154514,1.7139038345237664e-06,1000000.0,200,194,5.0,5.0,493.94479850377706,512.0,0.3413228988647461,1.3130020849930588,7.31796377201681,957.9086575759866
hc10p.txt,150,all,210,null,OPTIMAL,OPTIMAL,OPTIMAL,OPTIMAL,True,0.9995074822573938,0.999089685964994,0.999089685964994,0.999089685964994,0.9995074822573938,42.0,97.62022028033954,-0.9995074822573938,-0.999089685964994,-0.9999942836490351,0.00048680139164125613,-0.0004177962923997969,5233.268768332462,1.7036778938459712e-06,1000000.0,200,209,5.0,5.0,496.0,512.0,0.28565001487731934,1.1272894149878994,6.92199100999278,964.830666408001
hc10p.txt,150,all,211,null,OPTIMAL,OPTIMAL,OPTIMAL,OPTIMAL,True,0.9995074822573938,0.9988909745092789,0.9988909745092789,0.9988909745092789,0.9995074822573938,42.0,97.62022028033954,-0.9995074822573938,-0.9988909745092789,-0.9999898505177361,0.00048236826034231406,-0.0006165077481149472,4507.3766107667325,1.7630943486713826e-06,1000000.0,200,155,5.0,5.0,510.0,512.0,0.37087202072143555,1.1530149129976053,7.452514958014945,972.2832759339944
hc10p.txt,150,all,212,null,OPTIMAL,OPTIMAL,OPTIMAL,OPTIMAL,True,0.9995074822573938,0.9991281994318681,0.9991281994318681,0.9991281994318681,0.9995074822573938,42.0,97.62022028033954,-0.9995074822573938,-0.9991281994318681,-0.9999908641643699,0.00048338190697605476,-0.00037928282552568415,4565.167336808648,1.6974999359296243e-06,1000000.0,200,159,5.0,5.0,510.0,512.0,0.292294979095459,1.1698244680010248,7.079655800014734,979.362943368993
hc10p.txt,150,all,213,null,OPTIMAL,OPTIMAL,OPTIMAL,OPTIMAL,True,0.9995074822573938,0.9992395747857997,0.9992395747857997,0.9992395747857997,0.9995074822573938,42.0,97.62022028033954,-0.9995074822573938,-0.9992395747857997,-0.999988427865693,0.0004809456082991437,-0.00026790747159410877,3982.5939663494482,1.755872475932032e-06,1000000.0,200,121,5.0,5.0,512.0,512.0,0.3093690872192383,1.1300665759772528,7.2708733119943645,986.633828142978
hc10p.txt,150,all,214,null,OPTIMAL,OPTIMAL,OPTIMAL,OPTIMAL,True,0.9995074822573938,0.9992466444001421,0.9992466444001421,0.9992466444001421,0.9995074822573938,42.0,97.62022028033954,-0.9995074822573938,-0.9992466444001421,-0.99999131158731,0.00048382932991619665,-0.0002608378572517278,4565.053611117391,1.6667648275686199e-06,1000000.0,200,159,5.0,5.0,508.02837562892614,512.0,0.3645188808441162,1.2066910020075738,7.362203917989973,993.9960450179933
hc10p.txt,150,all,215,null,OPTIMAL,OPTIMAL,OPTIMAL,OPTIMAL,True,0.9995074822573938,0.9971408240625036,0.9971408240625036,0.9971408240625036,0.9995074822573938,42.0,97.62022028033954,-0.9995074822573938,-0.9971408240625036,-0.9999916344676256,0.0004841522102317919,-0.0023666581948902365,5502.449747811259,2.2029247428942435e-06,1000000.0,200,231,5.0,5.0,508.0,512.0,0.290424108505249,1.1761174080020282,7.1102114070090465,1001.1062716619927
hc10p.txt,150,all,216,null,OPTIMAL,OPTIMAL,OPTIMAL,OPTIMAL,True,0.9995074822573938,0.998238765516846,0.998238765516846,0.998238765516846,0.9995074822573938,42.0,97.62022028033954,-0.9995074822573938,-0.998238765516846,-0.9999927025832207,0.0004852203258268739,-0.0012687167405478483,5170.78069705282,1.9314696648539123e-06,1000000.0,200,204,5.0,5.0,506.0,511.99999999999994,0.3631770610809326,1.578098288999172,7.646938363992376,1008.7532255359984
hc10p.txt,150,all,217,null,OPTIMAL,OPTIMAL,OPTIMAL,OPTIMAL,True,0.9995074822573938,0.9984503900501515,0.9984503900501515,0.9984503900501515,0.9995074822573938,42.0,97.62022028033954,-0.9995074822573938,-0.9984503900501515,-0.9999924245594158,0.0004849423020220067,-0.0010570922072423716,5183.636371814068,1.905414640308771e-06,1000000.0,200,205,5.0,5.0,510.0,512.0,0.3115248680114746,1.7165335979952943,7.816714041982777,1016.5699533379811
hc10p.txt,150,all,218,null,OPTIMAL,OPTIMAL,OPTIMAL,OPTIMAL,True,0.9995074822573938,0.9990591656683575,0.9990591656683575,0.9990591656683575,0.9995074822573938,42.0,97.62022028033954,-0.9995074822573938,-0.9990591656683575,-0.999992224428571,0.0004847421711772215,-0.0004483165890363239,4692.263808997907,1.8419176913192912e-06,1000000.0,200,168,5.0,5.0,504.0,512.0,0.35613393783569336,1.5289286309853196,7.612260150024667,1024.1822286679817
hc10p.txt,150,all,219,null,OPTIMAL,OPTIMAL,OPTIMAL,OPTIMAL,True,0.9995074822573938,0.9979300836650059,0.9979300836650059,0.9979300836650059,0.9995074822573938,42.0,97.62022028033954,-0.9995074822573938,-0.9979300836650059,-0.9999910613758407,0.0004835791184468752,-0.0015773985923879241,5369.846441736143,2.095256581395035e-06,1000000.0,200,220,5.0,5.0,508.0,512.0,0.2912728786468506,1.0821702890098095,7.28291338699637,1031.4651569379785
hc10p.txt,150,all,220,null,OPTIMAL,OPTIMAL,OPTIMAL,OPTIMAL,True,0.9995074822573938,0.9985550233557429,0.9985550233557429,0.9985550233557429,0.9995074822573938,42.0,97.62022028033954,-0.9995074822573938,-0.9985550233557429,-0.9999934419760746,0.00048595971868081733,-0.0009524589016509655,5094.272588881888,1.9082953670921447e-06,1000000.0,200,198,5.0,5.0,508.0,512.0,0.33346104621887207,1.0663172890199348,7.295718142995611,1038.760889143974
hc10p.txt,150,all,221,null,OPTIMAL,OPTIMAL,OPTIMAL,OPTIMAL,True,0.9995074822573938,0.9990078832497505,0.9990078832497505,0.9990078832497505,0.9995074822573938,42.0,97.62022028033954,-0.9995074822573938,-0.9990078832497505,-0.9999926496223928,0.00048516736499892854,-0.0004995990076432921,5055.73287912159,1.864520556989158e-06,1000000.0,200,195,5.0,5.0,512.0,512.0,0.3455541133880615,1.2635231610038318,7.744564639986493,1046.5055283979746
hc10p.txt,150,all,222,null,OPTIMAL,OPTIMAL,OPTIMAL,OPTIMAL,True,0.9995074822573938,0.9984011726395338,0.9984011726395338,0.9984011726395338,0.9995074822573938,42.0,97.62022028033954,-0.9995074822573938,-0.9984011726395338,-0.9999919260296484,0.00048444377225453916,-0.0011063096178600684,5170.780157497218,1.971983201053542e-06,1000000.0,200,204,5.0,5.0,506.0,512.0,0.29567480087280273,1.1917111140210181,7.295369714003755,1053.8009148529964
hc10p.txt,150,all,223,null,OPTIMAL,OPTIMAL,OPTIMAL,OPTIMAL,True,0.9995074822573938,0.9989085616202439,0.9989085616202439,0.9989085616202439,0.9995074822573938,42.0,97.62022028033954,-0.9995074822573938,-0.9989085616202439,-0.9999894922490138,0.0004820099916199583,-0.0005989206371499467,4478.326786735899,2.0091349262501473e-06,1000000.0,200,153,5.0,5.0,512.0,512.0,0.30327892303466797,1.2844482299988158,7.70230915400316,1061.5032385249797
hc10p.txt,150,all,224,null,OPTIMAL,OPTIMAL,OPTIMAL,OPTIMAL,True,0.9995074822573938,0.9991276683511262,0.9991276683511262,0.9991276683511262,0.9995074822573938,42.0,97.62022028033954,-0.9995074822573938,-0.9991276683511262,-0.9999899059175462,0.0004824236601523868,-0.0003798139062676231,4222.101673496652,1.917997023996929e-06,1000000.0,200,136,5.0,5.0,510.0,512.0,0.3502340316772461,1.1385556620080024,6.905503398011206,1068.4087557399762
hc10p.txt,150,all,225,null,OPTIMAL,OPTIMAL,OPTIMAL,OPTIMAL,True,0.9995074822573938,0.9987739570670063,0.9987739570670063,0.9987739570670063,0.9995074822573938,42.0,97.62022028033954,-0.9995074822573938,-0.9987739570670063,-0.9999924318306497,0.000484949573255844,-0.0007335251903874962,5016.491048641599,1.8639311825611046e-06,1000000.0,200,192,5.0,5.0,508.0,512.0,0.2637341022491455,1.2248092480003834,7.082985390006797,1075.4917549759848
hc10p.txt,150,all,226,null,OPTIMAL,OPTIMAL,OPTIMAL,OPTIMAL,True,0.9995074822573938,0.9989896874987806,0.9989896874987806,0.9989896874987806,0.9995074822573938,42.0,97.62022028033954,-0.9995074822573938,-0.9989896874987806,-0.9999927669088776,0.0004852846514837861,-0.0005177947586132436,4923.76700665339,1.8176970860463187e-06,1000000.0,200,185,5.0,5.0,500.0,512.0,0.4015049934387207,1.2272774869925343,7.4977088989980984,1082.989477784984
hc10p.txt,150,all,227,null,OPTIMAL,OPTIMAL,OPTIMAL,OPTIMAL,True,0.9995074822573938,0.999258725135655,0.999258725135655,0.999258725135655,0.9995074822573938,42.0,97.62022028033954,-0.9995074822573938,-0.999258725135655,-0.9999930784863202,0.0004855962289264104,-0.0002487571217388851,4989.803094654179,1.8107690305406414e-06,1000000.0,200,190,5.0,5.0,498.5974968413724,512.0,0.27491188049316406,1.2465319659968372,7.279225698992377,1090.2687170889985
hc10p.txt,150,all,228,null,OPTIMAL,OPTIMAL,OPTIMAL,OPTIMAL,True,0.9995074822573938,0.9954929896052856,0.9954929896052856,0.9954929896052856,0.9995074822573938,42.0,97.62022028033954,-0.9995074822573938,-0.9954929896052856,-0.9999949291187173,0.000487446861323515,-0.004014492652108181,6186.135177775552,2.4410550963468185e-06,1000000.0,200,292,5.0,5.0,500.0,512.0,0.26021790504455566,1.1572145160171203,7.284376091003651,1097.5531104179972
hc10p.txt,150,all,229,null,OPTIMAL,OPTIMAL,OPTIMAL,OPTIMAL,True,0.9995074822573938,0.9966667116346669,0.9966667116346669,0.9966667116346669,0.9995074822573938,42.0,97.62022028033954,-0.9995074822573938,-0.9966667116346669,-0.9999881021250402,0.0004806198676463591,-0.002840770622726918,5081.391322302512,2.613638017827e-06,1000000.0,200,197,5.0,5.0,508.0,512.0,0.2887401580810547,1.3775139530189335,7.372765635984251,1104.9258945549955
hc10p.txt,150,all,230,null,OPTIMAL,OPTIMAL,OPTIMAL,OPTIMAL,True,0.9995074822573938,0.9963704810753581,0.9963704810753581,0.9963704810753581,0.9995074822573938,42.0,97.62022028033954,-0.9995074822573938,-0.9963704810753581,-0.9999966219420515,0.0004891396846576912,-0.003137001182035748,5690.011291743695,2.227733643957884e-06,1000000.0,200,247,5.0,5.0,512.0,512.0,0.3521549701690674,1.2140803119982593,7.204410068021389,1112.1303227199824
hc10p.txt,150,all,231,null,OPTIMAL,OPTIMAL,OPTIMAL,OPTIMAL,True,0.9995074822573938,0.9979703526612022,0.9979703526612022,0.9979703526612022,0.9995074822573938,42.0,97.62022028033954,-0.9995074822573938,-0.9979703526612022,-0.9999943462667925,0.0004868640093986798,-0.0015371295961916775,5258.565980939369,2.027254741992974e-06,1000000.0,200,211,5.0,5.0,502.0,512.0,0.35963892936706543,1.1834249060193542,7.588498579018051,1119.7189123069984
hc10p.txt,150,all,232,null,OPTIMAL,OPTIMAL,OPTIMAL,OPTIMAL,True,0.9995074822573938,0.9951879732628183,0.9951879732628183,0.9951879732628183,0.9995074822573938,42.0,97.62022028033954,-0.9995074822573938,-0.9951879732628183,-0.9999958363681631,0.0004883541107693068,-0.0043195089945755605,6122.74085961978,2.631709163638803e-06,1000000.0,200,286,5.0,5.0,512.0,512.0,0.322113037109375,1.3720439529861324,7.615797281003324,1127.3347256099805
hc10p.txt,150,all,233,null,OPTIMAL,OPTIMAL,OPTIMAL,OPTIMAL,True,0.9995074822573938,0.9964213686196289,0.9964213686196289,0.9964213686196289,0.9995074822573938,42.0,97.62022028033954,-0.9995074822573938,-0.9964213686196289,-0.9999834373537259,0.0004759550963320258,-0.003086113637764898,4650.513149057306,3.3804550002869687e-06,1000000.0,200,165,5.0,5.0,510.0,512.0,0.287064790725708,1.4924927219981328,8.269909885973902,1135.6046503599791
hc10p.txt,150,all,234,null,OPTIMAL,OPTIMAL,OPTIMAL,OPTIMAL,True,0.9995074822573938,0.9975664844708397,0.9975664844708397,0.9975664844708397,0.9995074822573938,42.0,97.62022028033954,-0.9995074822573938,-0.9975664844708397,-0.9999949337965659,0.00048745153917206796,-0.0019409977865540995,5369.7454412159805,2.216459304126529e-06,1000000.0,200,220,5.0,5.0,506.0,512.0,0.35517406463623047,1.1082142730010673,7.428372733993456,1143.0330393559998
hc10p.txt,150,all,235,null,OPTIMAL,OPTIMAL,OPTIMAL,OPTIMAL,True,0.9995074822573938,0.998153481556442,0.998153481556442,0.998153481556442,0.9995074822573938,42.0,97.62022028033954,-0.9995074822573938,-0.998153481556442,-0.9999938581192156,0.00048637586182176396,-0.0013540007009518185,5107.090499474786,2.2275799167733297e-06,1000000.0,200,199,5.0,5.0,507.447389958773,512.0,0.35022616386413574,1.0833042390004266,7.24862735599163,1150.2816887639929
hc10p.txt,150,all,236,null,OPTIMAL,OPTIMAL,OPTIMAL,OPTIMAL,True,0.9995074822573938,0.9986168615910943,0.9986168615910943,0.9986168615910943,0.9995074822573938,42.0,97.62022028033954,-0.9995074822573938,-0.9986168615910943,-0.9999942684318666,0.00048678617447273087,-0.0008906206662995242,5246.177422856168,2.1058095551153187e-06,1000000.0,200,210,5.0,5.0,504.0,512.0,0.3546891212463379,1.1975770230055787,7.21390125900507,1157.4956030119793
hc10p.txt,150,all,237,null,OPTIMAL,OPTIMAL,OPTIMAL,OPTIMAL,True,0.9995074822573938,0.9989289859569067,0.9989289859569067,0.9989289859569067,0.9995074822573938,42.0,97.62022028033954,-0.9995074822573938,-0.9989289859569067,-0.9999929081493427,0.0004854258919488874,-0.0005784963004871191,4937.270458454349,2.1234440935628005e-06,1000000.0,200,186,5.0,5.0,504.0,512.0,0.3152730464935303,1.149291476001963,7.441015349992085,1164.9366357569816
hc10p.txt,150,all,238,null,OPTIMAL,OPTIMAL,OPTIMAL,OPTIMAL,True,0.9995074822573938,0.9988724458888295,0.9988724458888295,0.9988724458888295,0.9995074822573938,42.0,97.62022028033954,-0.9995074822573938,-0.9988724458888295,-0.9999925060905057,0.0004850238331118861,-0.0006350363685643234,4747.807132143271,2.2207157548187255e-06,1000000.0,200,172,5.0,5.0,504.0,512.0,0.335676908493042,1.2085728840029333,7.297171001002425,1172.2338237929798
hc10p.txt,150,all,239,null,OPTIMAL,OPTIMAL,OPTIMAL,OPTIMAL,True,0.9995074822573938,0.9988843805282,0.9988843805282,0.9988843805282,0.9995074822573938,42.0,97.62022028033954,-0.9995074822573938,-0.9988843805282,-0.9999926223799733,0.0004851401225794971,-0.0006231017291937757,4678.608212420445,2.185710932534134e-06,1000000.0,200,167,5.0,5.0,510.0,512.0,0.30936193466186523,1.099546843994176,7.365434658015147,1179.5992750449805
hc10p.txt,150,all,240,null,OPTIMAL,OPTIMAL,OPTIMAL,OPTIMAL,True,0.9995074822573938,0.9960807604222573,0.9960807604222573,0.9960807604222573,0.9995074822573938,42.0,97.62022028033954,-0.9995074822573938,-0.9960807604222573,-0.9999971670742989,0.0004896848169050338,-0.0034267218351364814,6014.412601307369,2.4637590417267932e-06,1000000.0,200,276,5.0,5.0,504.0,512.0,0.28093695640563965,1.2225454549770802,7.266586073994404,1186.8658738739905
hc10p.txt,150,all,241,null,OPTIMAL,OPTIMAL,OPTIMAL,OPTIMAL,True,0.9995074822573938,0.9965935085233505,0.9965935085233505,0.9965935085233505,0.9995074822573938,42.0,97.62022028033954,-0.9995074822573938,-0.9965935085233505,-0.9999909809307729,0.00048349867337904584,-0.0029139737340433403,5094.3740143714895,3.0022610009515314e-06,1000000.0,200,198,5.0,5.0,510.0,512.0,0.3555481433868408,1.2042285650095437,7.448364740004763,1194.3143256589829
hc10p.txt,150,all,242,null,OPTIMAL,OPTIMAL,OPTIMAL,OPTIMAL,True,0.9995074822573938,0.9954872746601203,0.9954872746601203,0.9954872746601203,0.9995074822573938,42.0,97.62022028033954,-0.9995074822573938,-0.9954872746601203,-0.9999932323293543,0.00048575007196050013,-0.004020207597273506,5394.383404583771,3.361976413497723e-06,1000000.0,200,222,5.0,5.0,512.0,512.0,0.3106729984283447,1.407882530009374,7.404775420000078,1201.7191142529773
hc10p.txt,150,all,243,null,OPTIMAL,OPTIMAL,OPTIMAL,OPTIMAL,True,0.9995074822573938,0.995944538995282,0.995944538995282,0.995944538995282,0.9995074822573938,42.0,97.62022028033954,-0.9995074822573938,-0.995944538995282,-0.9999982729766824,0.0004907907192885919,-0.0035629432621118173,5643.4717816105385,2.5457063092919587e-06,1000000.0,200,243,5.0,5.0,506.0,512.0,0.3144798278808594,1.0747292730084155,7.415289449010743,1209.1344175209815
hc10p.txt,150,all,244,null,OPTIMAL,OPTIMAL,OPTIMAL,OPTIMAL,True,0.9995074822573938,0.9977434399403077,0.9977434399403077,0.9977434399403077,0.9995074822573938,42.0,97.62022028033954,-0.9995074822573938,-0.9977434399403077,-0.9999936483458357,0.00048616608844187503,-0.0017640423170861563,4964.1638817119665,2.4992269394516707e-06,1000000.0,200,188,5.0,5.0,512.0,512.0,0.34853696823120117,1.17612911699689,7.256966540007852,1216.3913966129767
hc10p.txt,150,all,245,null,OPTIMAL,OPTIMAL,OPTIMAL,OPTIMAL,True,0.9995074822573938,0.9983940509929353,0.9983940509929353,0.9983940509929353,0.9995074822573938,42.0,97.62022028033954,-0.9995074822573938,-0.9983940509929353,-0.9999901178922749,0.00048263563488104566,-0.0011134312644585087,4344.625748133945,2.6935696217841058e-06,1000000.0,200,144,5.0,5.0,512.0,512.0,0.3339200019836426,1.1497346230025869,7.720823009003652,1224.1122325559845
hc10p.txt,150,all,246,null,OPTIMAL,OPTIMAL,OPTIMAL,OPTIMAL,True,0.9995074822573938,0.9983702897892107,0.9983702897892107,0.9983702897892107,0.9995074822573938,42.0,97.62022028033954,-0.9995074822573938,-0.9983702897892107,-0.9999893644714524,0.0004818822140585377,-0.0011371924681831125,4374.689877442303,2.7160679843516153e-06,1000000.0,200,146,5.0,5.0,512.0,512.0,0.3269538879394531,1.1594537060009316,7.301284186978592,1231.4135368689895
hc10p.txt,150,all,247,null,OPTIMAL,OPTIMAL,OPTIMAL,OPTIMAL,True,0.9995074822573938,0.995359673250194,0.995359673250194,0.995359673250194,0.9995074822573938,42.0,97.62022028033954,-0.9995074822573938,-0.995359673250194,-0.9999951217700213,0.00048763951262742466,-0.004147809007199799,5859.79280090572,3.1825637067830837e-06,1000000.0,200,262,5.0,5.0,502.0,512.0,0.31212711334228516,1.4702249660040252,7.663470102008432,1239.0770247399923
hc10p.txt,150,all,248,null,OPTIMAL,OPTIMAL,OPTIMAL,OPTIMAL,True,0.9995074822573938,0.9954056542596669,0.9954056542596669,0.9954056542596669,0.9995074822573938,42.0,97.62022028033954,-0.9995074822573938,-0.9954056542596669,-0.9999987249343163,0.0004912426769224654,-0.004101827997726959,5585.289256068681,2.5808933997423228e-06,1000000.0,200,238,5.0,5.0,510.0,512.0,0.3518710136413574,1.1566106110112742,7.228082796005765,1246.3051207379904
hc10p.txt,150,all,249,null,OPTIMAL,OPTIMAL,OPTIMAL,OPTIMAL,True,0.9995074822573938,0.9944090235006341,0.9944090235006341,0.9944090235006341,0.9995074822573938,42.0,97.62022028033954,-0.9995074822573938,-0.9944090235006341,-0.9999952348281814,0.0004877525707875918,-0.005098458756759738,5145.576294704908,3.8070170466737964e-06,1000000.0,200,202,5.0,5.0,510.0,512.0,0.31458187103271484,1.2658145960012916,6.998627575987484,1253.303764339973
hc10p.txt,150,all,250,null,OPTIMAL,OPTIMAL,OPTIMAL,OPTIMAL,True,0.9995074822573938,0.9959134936334381,0.9959134936334381,0.9959134936334381,0.9995074822573938,42.0,97.62022028033954,-0.9995074822573938,-0.9959134936334381,-0.9999974805887442,0.0004899983313503276,-0.0035939886239557683,5258.952599454489,2.775196758308624e-06,1000000.0,200,211,5.0,5.0,510.0,512.0,0.3979520797729492,1.1340404520160519,7.075894003006397,1260.3796913199767
hc10p.txt,150,all,251,null,OPTIMAL,OPTIMAL,OPTIMAL,OPTIMAL,True,0.9995074822573938,0.9972915090653834,0.9972915090653834,0.9972915090653834,0.9995074822573938,42.0,97.62022028033954,-0.9995074822573938,-0.9972915090653834,-0.999987117081564,0.0004796348241701276,-0.0022159731920103898,4143.773133601206,3.5992501632214294e-06,1000000.0,200,131,5.0,5.0,510.0,512.0,0.3761019706726074,1.2743192589841783,7.216224479983794,1267.595988622983
hc10p.txt,150,all,252,null,OPTIMAL,OPTIMAL,OPTIMAL,OPTIMAL,True,0.9995074822573938,0.9973300339315833,0.9973300339315833,0.9973300339315833,0.9995074822573938,42.0,97.62022028033954,-0.9995074822573938,-0.9973300339315833,-0.9999957905704381,0.00048830831304425,-0.0021774483258105715,5369.591912917248,2.5326372106964773e-06,1000000.0,200,220,5.0,5.0,502.7413300110079,512.0,0.40456485748291016,1.1538011409866158,7.553329023998231,1275.1493343719922
hc10p.txt,150,all,253,null,OPTIMAL,OPTIMAL,OPTIMAL,OPTIMAL,True,0.9995074822573938,0.9977757683619294,0.9977757683619294,0.9977757683619294,0.9995074822573938,42.0,97.62022028033954,-0.9995074822573938,-0.9977757683619294,-0.9999885399659351,0.00048105770854123264,-0.0017317138954644484,4329.52005116323,3.4800947282979844e-06,1000000.0,200,143,5.0,5.0,512.0,512.0,0.350985050201416,1.4552483979787212,7.691854262986453,1282.8412030959735
hc10p.txt,150,all,254,null,OPTIMAL,OPTIMAL,OPTIMAL,OPTIMAL,True,0.9995074822573938,0.9980517757001738,0.9980517757001738,0.9980517757001738,0.9995074822573938,42.0,97.62022028033954,-0.9995074822573938,-0.9980517757001738,-0.9999960585204368,0.0004885762630429946,-0.001455706557220049,5320.703247445361,2.3341167373781014e-06,1000000.0,200,216,5.0,5.0,506.0,512.0,0.48278093338012695,1.0919981060142163,7.532301516999723,1290.3735183929966
hc10p.txt,150,all,255,null,OPTIMAL,OPTIMAL,OPTIMAL,OPTIMAL,True,0.9995074822573938,0.9958950730541868,0.9958950730541868,0.9958950730541868,0.9995074822573938,42.0,97.62022028033954,-0.9995074822573938,-0.9958950730541868,-0.9999957081938626,0.0004882259364688002,-0.0036124092032070454,5678.299359093866,2.7800847965030357e-06,1000000.0,200,246,5.0,5.0,508.0,512.0,0.4042189121246338,1.3057893769873772,7.47358966502361,1297.8471221249783
hc10p.txt,150,all,256,null,OPTIMAL,OPTIMAL,OPTIMAL,OPTIMAL,True,0.9995074822573938,0.9928896329772346,0.9928896329772346,0.9928896329772346,0.9995074822573938,42.0,97.62022028033954,-0.9995074822573938,-0.9928896329772346,-1.0000018637129806,0.0004943814555867787,-0.006617849280159183,5724.190845385444,3.6914641967950415e-06,1000000.0,200,250,5.0,5.0,506.0,512.0,0.35210394859313965,1.4085649710032158,7.393029518018011,1305.2401664739882
hc10p.txt,150,all,257,null,OPTIMAL,OPTIMAL,OPTIMAL,OPTIMAL,True,0.9995074822573938,0.9961325779198359,0.9961325779198359,0.9961325779198359,0.9995074822573938,42.0,97.62022028033954,-0.9995074822573938,-0.9961325779198359,-0.9999974073361655,0.000489925078771658,-0.003374904337557938,5234.065940520287,2.820684108406558e-06,1000000.0,200,209,5.0,5.0,512.0,512.0,0.39234209060668945,1.5062411059916485,7.44487934600329,1312.6850615439762
hc10p.txt,150,all,258,null,OPTIMAL,OPTIMAL,OPTIMAL,OPTIMAL,True,0.9995074822573938,0.9973937406888856,0.9973937406888856,0.9973937406888856,0.9995074822573938,42.0,97.62022028033954,-0.9995074822573938,-0.9973937406888856,-0.9999970845989447,0.000489602341550821,-0.0021137415685081873,5196.071394973952,2.5223073376639813e-06,1000000.0,200,206,5.0,5.0,506.0,512.0,0.2919149398803711,1.108943586004898,6.7980009030143265,1319.4830773149733
hc10p.txt,150,all,259,null,OPTIMAL,OPTIMAL,OPTIMAL,OPTIMAL,True,0.9995074822573938,0.9978289546499427,0.9978289546499427,0.9978289546499427,0.9995074822573938,42.0,97.62022028033954,-0.9995074822573938,-0.9978289546499427,-0.9999961446330297,0.0004886623756358288,-0.0016785276074511302,4990.3977294998285,2.479123550313841e-06,1000000.0,200,190,5.0,5.0,510.0,512.0,0.33515286445617676,1.1278089300030842,7.162347591976868,1326.6454388199782
hc10p.txt,150,all,260,null,OPTIMAL,OPTIMAL,OPTIMAL,OPTIMAL,True,0.9995074822573938,0.9944568613652914,0.9944568613652914,0.9944568613652914,0.9995074822573938,42.0,97.62022028033954,-0.9995074822573938,-0.9944568613652914,-1.0000001692687428,0.000492687011348969,-0.005050620892102398,5792.473842186179,3.2594482884900487e-06,1000000.0,200,256,5.0,5.0,506.0,512.0,0.3402218818664551,1.3939228759845719,7.691481717018178,1334.3369333649753
hc10p.txt,150,all,261,null,OPTIMAL,OPTIMAL,OPTIMAL,OPTIMAL,True,0.9995074822573938,0.9916528081382886,0.9916528081382886,0.9916528081382886,0.9995074822573938,42.0,97.62022028033954,-0.9995074822573938,-0.9916528081382886,-1.000007071839928,0.0004995895825342656,-0.007854674119105232,5735.844387806075,4.1502151620103645e-06,1000000.0,200,251,5.0,5.0,511.00163005911884,512.0,0.49593210220336914,1.302945691975765,7.319986365007935,1341.6569891439867
hc10p.txt,150,all,262,null,OPTIMAL,OPTIMAL,OPTIMAL,OPTIMAL,True,0.9995074822573938,0.9948804494440798,0.9948804494440798,0.9948804494440798,0.9995074822573938,42.0,97.62022028033954,-0.9995074822573938,-0.9948804494440798,-1.0000013022649072,0.0004938200075134125,-0.004627032813314003,5221.526742971081,3.494902667192046e-06,1000000.0,200,208,5.0,5.0,512.0,512.0,0.3562037944793701,1.421502747980412,7.358518192020711,1349.0155235559796
hc10p.txt,150,all,263,null,OPTIMAL,OPTIMAL,OPTIMAL,OPTIMAL,True,0.9995074822573938,0.9964551145900465,0.9964551145900465,0.9964551145900465,0.9995074822573938,42.0,97.62022028033954,-0.9995074822573938,-0.9964551145900465,-0.9999984404651562,0.0004909582077623487,-0.003052367667347289,5145.373446574052,3.16200605656296e-06,1000000.0,200,202,5.0,5.0,506.0,512.0,0.5407788753509521,1.1232357099943329,7.522211817995412,1356.537751693977
hc10p.txt,150,all,264,null,OPTIMAL,OPTIMAL,OPTIMAL,OPTIMAL,True,0.9995074822573938,0.9971300147189562,0.9971300147189562,0.9971300147189562,0.9995074822573938,42.0,97.62022028033954,-0.9995074822573938,-0.9971300147189562,-0.9999968787300089,0.0004893964726150335,-0.0023774675384375943,4857.291908898098,2.779500612776552e-06,1000000.0,200,180,5.0,5.0,510.0,512.0,0.373215913772583,1.3087152799998876,7.182921096973587,1363.7206896459975
hc10p.txt,150,all,265,null,OPTIMAL,OPTIMAL,OPTIMAL,OPTIMAL,True,0.9995074822573938,0.9977897421304532,0.9977897421304532,0.9977897421304532,0.9995074822573938,42.0,97.62022028033954,-0.9995074822573938,-0.9977897421304532,-0.9999970210479225,0.0004895387905287096,-0.0017177401269405923,4924.013764962334,2.7245886722818326e-06,1000000.0,200,185,5.0,5.0,504.660521696914,512.0,0.3565840721130371,1.1597307860211004,7.460114456975134,1371.1808198449726
hc10p.txt,150,all,266,null,OPTIMAL,OPTIMAL,OPTIMAL,OPTIMAL,True,0.9995074822573938,0.9982356144264902,0.9982356144264902,0.9982356144264902,0.9995074822573938,42.0,97.62022028033954,-0.9995074822573938,-0.9982356144264902,-0.9999960475449997,0.0004885652876058799,-0.0012718678309036058,4775.651933609378,2.6461288641346758e-06,1000000.0,200,174,5.0,5.0,510.0,512.0,0.34825801849365234,1.2090253540081903,7.026198645005934,1378.2070323639782
hc10p.txt,150,all,267,null,OPTIMAL,OPTIMAL,OPTIMAL,OPTIMAL,True,0.9995074822573938,0.9936024812617726,0.9936024812617726,0.9936024812617726,0.9995074822573938,42.0,97.62022028033954,-0.9995074822573938,-0.9936024812617726,-1.000004266377359,0.0004967841199651213,-0.00590500099562119,5690.00769953349,3.9879930857202855e-06,1000000.0,200,247,5.0,5.0,512.0,512.0,0.3641479015350342,1.4115792899974622,7.5605396820174064,1385.7675872260006
hc10p.txt,150,all,268,null,OPTIMAL,OPTIMAL,OPTIMAL,OPTIMAL,True,0.9995074822573938,0.9876093563139565,0.9876093563139565,0.9876093563139565,0.9995074822573938,42.0,97.62022028033954,-0.9995074822573938,-0.9876093563139565,-1.0000227519522882,0.0005152696948943492,-0.01189812594343731,5466.691869863308,5.78137156049525e-06,1000000.0,200,228,5.0,5.0,510.0,512.0,0.36687493324279785,1.5265502300171647,7.499833120993571,1393.2674355880008
hc10p.txt,150,all,269,null,OPTIMAL,OPTIMAL,OPTIMAL,OPTIMAL,True,0.9995074822573938,0.992187632434601,0.992187632434601,0.992187632434601,0.9995074822573938,42.0,97.62022028033954,-0.9995074822573938,-0.992187632434601,-1.0000087024518496,0.0005012201944557537,-0.007319849822792879,5183.6360235425755,4.076166945080248e-06,1000000.0,200,205,5.0,5.0,510.0,512.0,0.4362518787384033,1.3534450299921446,8.226674117991934,1401.4941232649726
hc10p.txt,150,all,270,null,OPTIMAL,OPTIMAL,OPTIMAL,OPTIMAL,True,0.9995074822573938,0.9946734419757676,0.9946734419757676,0.9946734419757676,0.9995074822573938,42.0,97.62022028033954,-0.9995074822573938,-0.9946734419757676,-1.0000028227949203,0.000495340537526423,-0.004834040281626262,5170.979172376908,3.2271028416190405e-06,1000000.0,200,204,5.0,5.0,510.0,512.0,0.3550069332122803,1.3051831850025337,7.21837402600795,1408.712512375001
hc10p.txt,150,all,271,null,OPTIMAL,OPTIMAL,OPTIMAL,OPTIMAL,True,0.9995074822573938,0.9958499734699512,0.9958499734699512,0.9958499734699512,0.9995074822573938,42.0,97.62022028033954,-0.9995074822573938,-0.9958499734699512,-0.9999999365862986,0.0004924543289047678,-0.0036575087874426426,4897.704279039787,3.488707037719847e-06,1000000.0,200,183,5.0,5.0,512.0,512.0,0.4490470886230469,1.1636996919987723,7.4525496939895675,1416.1651415429951
hc10p.txt,150,all,272,null,OPTIMAL,OPTIMAL,OPTIMAL,OPTIMAL,True,0.9995074822573938,0.9961787761281605,0.9961787761281605,0.9961787761281605,0.9995074822573938,42.0,97.62022028033954,-0.9995074822573938,-0.9961787761281605,-0.9999984916433131,0.0004910093859192832,-0.0033287061292333053,4937.57697632499,3.1019669252902785e-06,1000000.0,200,186,5.0,5.0,510.0,511.99999999999994,0.33733606338500977,1.2436294610088225,7.20556087300065,1423.370719175
hc10p.txt,150,all,273,null,OPTIMAL,OPTIMAL,OPTIMAL,OPTIMAL,True,0.9995074822573938,0.9970840392327099,0.9970840392327099,0.9970840392327099,0.9995074822573938,42.0,97.62022028033954,-0.9995074822573938,-0.9970840392327099,-0.999997653759277,0.0004901715018831299,-0.002423443024683891,4977.334902260161,2.2796798024105736e-06,1000000.0,200,189,5.0,5.0,512.0,512.0,0.4503800868988037,1.6376020859752316,8.218722794990754,1431.5894577339932
hc10p.txt,150,all,274,null,OPTIMAL,OPTIMAL,OPTIMAL,OPTIMAL,True,0.9995074822573938,0.9981329351920322,0.9981329351920322,0.9981329351920322,0.9995074822573938,42.0,97.62022028033954,-0.9995074822573938,-0.9981329351920322,-0.9999965146955616,0.0004890324381677802,-0.0013745470653616643,4536.468119963506,2.322158255774469e-06,1000000.0,200,157,5.0,5.0,512.0,512.0,0.37323784828186035,1.286511906015221,7.739885396993486,1439.329359424999
hc10p.txt,150,all,275,null,OPTIMAL,OPTIMAL,OPTIMAL,OPTIMAL,True,0.9995074822573938,0.9984804586105865,0.9984804586105865,0.9984804586105865,0.9995074822573938,42.0,97.62022028033954,-0.9995074822573938,-0.9984804586105865,-0.9999965381795605,0.0004890559221666368,-0.0010270236468072902,4857.172505147611,2.074203831504907e-06,1000000.0,200,180,5.0,5.0,508.0,512.0,0.4100310802459717,1.9186385459906887,7.928688964020694,1447.2580701809784
hc10p.txt,150,all,276,null,OPTIMAL,OPTIMAL,OPTIMAL,OPTIMAL,True,0.9995074822573938,0.9989634634690566,0.9989634634690566,0.9989634634690566,0.9995074822573938,42.0,97.62022028033954,-0.9995074822573938,-0.9989634634690566,-0.9999962190564998,0.0004887367991059932,-0.0005440187883372083,4374.559497965226,2.061479081828082e-06,1000000.0,200,146,5.0,5.0,510.0,512.0,0.37834882736206055,1.7399171399883926,8.052715767000336,1455.3108025899855
hc10p.txt,150,all,277,null,OPTIMAL,OPTIMAL,OPTIMAL,OPTIMAL,True,0.9995074822573938,0.9990961107793731,0.9990961107793731,0.9990961107793731,0.9995074822573938,42.0,97.62022028033954,-0.9995074822573938,-0.9990961107793731,-0.9999961299056861,0.0004886476482922619,-0.0004113714780207278,4593.670015867715,2.1029992041177025e-06,1000000.0,200,161,5.0,5.0,508.0,512.0,0.40778303146362305,1.8408706589834765,8.820217194006545,1464.1310373099986
hc10p.txt,150,all,278,null,OPTIMAL,OPTIMAL,OPTIMAL,OPTIMAL,True,0.9995074822573938,0.9990222511946444,0.9990222511946444,0.9990222511946444,0.9995074822573938,42.0,97.62022028033954,-0.9995074822573938,-0.9990222511946444,-0.9999956903994507,0.00048820814205685625,-0.00048523106274944716,4298.878748070776,2.382962188174411e-06,1000000.0,200,141,5.0,5.0,508.0,512.0,0.4817080497741699,1.3096120140107814,7.981087490014033,1472.1121415859961
hc10p.txt,150,all,279,null,OPTIMAL,OPTIMAL,OPTIMAL,OPTIMAL,True,0.9995074822573938,0.9837431829411247,0.9837431829411247,0.9837431829411247,0.9995074822573938,42.0,97.62022028033954,-0.9995074822573938,-0.9837431829411247,-1.0000374176832891,0.0005299354258953004,-0.015764299316269104,5550.078648449735,7.311680978002868e-06,1000000.0,200,235,5.0,5.0,512.0,512.0,0.37038683891296387,1.496673613000894,7.761374066001736,1479.873531198973
hc10p.txt,150,all,280,null,OPTIMAL,OPTIMAL,OPTIMAL,OPTIMAL,True,0.9995074822573938,0.9811454286796512,0.9811454286796512,0.9811454286796512,0.9995074822573938,42.0,97.62022028033954,-0.9995074822573938,-0.9811454286796512,-1.0000614547833573,0.0005539725259634531,-0.018362053577742676,5068.673951083212,8.409443986205038e-06,1000000.0,200,196,5.0,5.0,512.0,512.0,0.39870500564575195,1.4198845170030836,7.520428070012713,1487.3939748819976
hc10p.txt,150,all,281,null,OPTIMAL,OPTIMAL,OPTIMAL,OPTIMAL,True,0.9995074822573938,0.9645461324694399,0.9645461324694399,0.9645461324694399,0.9995074822573938,42.0,97.62022028033954,-0.9995074822573938,-0.9645461324694399,-1.0001912555834482,0.0006837733260544043,-0.034961349787953955,5003.610858579999,1.4101473813323262e-05,1000000.0,200,191,5.0,5.0,512.0,512.0,0.4671909809112549,1.428904844011413,7.554977309977403,1494.9490365539968
hc10p.txt,150,all,282,null,OPTIMAL,OPTIMAL,OPTIMAL,OPTIMAL,True,0.9995074822573938,0.9799438895116636,0.9799438895116636,0.9799438895116636,0.9995074822573938,42.0,97.62022028033954,-0.9995074822573938,-0.9799438895116636,-1.0000825048712814,0.0005750226138875325,-0.019563592745730274,4175.394964941962,9.565950458727517e-06,1000000.0,200,133,5.0,5.0,512.0,512.0,0.3650240898132324,1.4467839520075358,7.417060181993293,1502.3661108209926
hc10p.txt,150,all,283,null,OPTIMAL,OPTIMAL,OPTIMAL,OPTIMAL,True,0.9995074822573938,0.9880468384004858,0.9880468384004858,0.9880468384004858,0.9995074822573938,42.0,97.62022028033954,-0.9995074822573938,-0.9880468384004858,-1.0000332470655766,0.0005257648081827826,-0.011460643856908037,3882.598346101428,6.524564121531398e-06,1000000.0,200,115,5.0,5.0,512.0,512.0,0.357194185256958,1.54557427301188,7.842783475993201,1510.2089092489914
hc10p.txt,150,all,284,null,OPTIMAL,OPTIMAL,OPTIMAL,OPTIMAL,True,0.9995074822573938,0.9926228449160229,0.9926228449160229,0.9926228449160229,0.9995074822573938,42.0,97.62022028033954,-0.9995074822573938,-0.9926228449160229,-1.000014511870096,0.0005070296127022145,-0.006884637341370903,3093.4695690955796,5.217893457406873e-06,1000000.0,200,73,5.0,5.0,512.0,512.0,0.34410905838012695,1.4529587510041893,7.801901255996199,1518.0108246419986
hc10p.txt,150,all,285,null,OPTIMAL,OPTIMAL,OPTIMAL,OPTIMAL,True,0.9995074822573938,0.9972126193330152,0.9972126193330152,0.9972126193330152,0.9995074822573938,42.0,97.62022028033954,-0.9995074822573938,-0.9972126193330152,-1.000000928804629,0.0004934465472351546,-0.002294862924378638,3415.6661557670895,3.894178934338108e-06,1000000.0,200,89,5.0,5.0,512.0,511.99999999999994,0.3773629665374756,1.6312947520054877,7.7193708769918885,1525.7302112679754
hc10p.txt,150,all,286,null,OPTIMAL,OPTIMAL,OPTIMAL,OPTIMAL,True,0.9995074822573938,0.9972606385497095,0.9972606385497095,0.9972606385497095,0.9995074822573938,42.0,97.62022028033954,-0.9995074822573938,-0.9972606385497095,-1.0000001811162427,0.000492698858848839,-0.002246843707684354,4015.363333159126,2.907363308355992e-06,1000000.0,200,123,5.0,5.0,512.0,512.0,0.37705302238464355,1.2199745969846845,7.273484315985115,1533.0037135919847
hc10p.txt,150,all,287,null,OPTIMAL,OPTIMAL,OPTIMAL,OPTIMAL,True,0.9995074822573938,0.997345217538815,0.997345217538815,0.997345217538815,0.9995074822573938,42.0,97.62022028033954,-0.9995074822573938,-0.997345217538815,-0.9999989900357132,0.0004915077783194111,-0.0021622647185788324,3727.590428020339,2.747290796183893e-06,1000000.0,200,106,5.0,5.0,512.0,512.0,0.4412088394165039,1.2385690030059777,7.262170980015071,1540.265908952977
hc10p.txt,150,all,288,null,OPTIMAL,OPTIMAL,OPTIMAL,OPTIMAL,True,0.9995074822573938,0.9980028784024958,0.9980028784024958,0.9980028784024958,0.9995074822573938,42.0,97.62022028033954,-0.9995074822573938,-0.9980028784024958,-0.9999976849662393,0.0004902027088454775,-0.0015046038548980345,3982.585981210511,2.6353037204402766e-06,1000000.0,200,121,5.0,5.0,512.0,512.0,0.37292003631591797,1.3946931910177227,7.5394805269897915,1547.8054074609827
hc10p.txt,150,all,289,null,OPTIMAL,OPTIMAL,OPTIMAL,OPTIMAL,True,0.9995074822573938,0.9673547898600173,0.9673547898600173,0.9673547898600173,0.9995074822573938,42.0,97.62022028033954,-0.9995074822573938,-0.9673547898600173,-1.0003135542588577,0.0008060720014638756,-0.0321526923973765,3797.2831105088317,1.8019119562359587e-05,1000000.0,200,110,5.0,5.0,512.0,511.99999999999994,0.34922313690185547,1.371306454995647,7.485332323994953,1555.2907520019799
hc10p.txt,150,all,290,null,OPTIMAL,OPTIMAL,OPTIMAL,OPTIMAL,True,0.9995074822573938,0.9420195967195669,0.9420195967195669,0.9420195967195669,0.9995074822573938,42.0,97.62022028033954,-0.9995074822573938,-0.9420195967195669,-1.0564349945188298,0.056927512261436,-0.05748788553782691,3762.5994722038,0.00023747460459751072,1000000.0,200,108,5.0,5.0,512.0,512.0,0.4618539810180664,1.3683087009994779,8.496461019996786,1563.7872273139947
hc10p.txt,150,all,291,null,OPTIMAL,OPTIMAL,OPTIMAL,OPTIMAL,True,0.9995074822573938,0.9824587690224503,0.9824587690224503,0.9824587690224503,0.9995074822573938,42.0,97.62022028033954,-0.9995074822573938,-0.9824587690224503,-1.055239770198134,0.055732287940740144,-0.017048713234943502,2873.8326777422644,0.00023489686779669088,1000000.0,200,63,5.0,5.0,512.0,512.0,0.34651994705200195,1.3786470240156632,7.427959375985665,1571.2152628949843
hc10p.txt,150,all,292,null,OPTIMAL,OPTIMAL,OPTIMAL,OPTIMAL,True,0.9995074822573938,0.9893105450340084,0.9893105450340084,0.9893105450340084,0.9995074822573938,42.0,97.62022028033954,-0.9995074822573938,-0.9893105450340084,-1.054473530686753,0.05496604842935915,-0.010196937223385438,2080.0805823787164,0.0002332624268064493,1000000.0,200,33,5.0,5.0,512.0,512.0,0.5116939544677734,1.3393252170062624,7.454134690982755,1578.669411544979
hc10p.txt,150,all,293,null,OPTIMAL,OPTIMAL,OPTIMAL,OPTIMAL,True,0.9995074822573938,0.9911479810941614,0.9911479810941614,0.9911479810941614,0.9995074822573938,42.0,97.62022028033954,-0.9995074822573938,-0.9911479810941614,-1.0533970307383809,0.05388954848098704,-0.008359501163232474,2202.5113724365174,0.00023093755042191,1000000.0,200,37,5.0,5.0,512.0,512.0,0.37607502937316895,1.3039684770046733,7.339100252022035,1586.0085284219822
hc10p.txt,150,all,294,null,OPTIMAL,OPTIMAL,OPTIMAL,OPTIMAL,True,0.9995074822573938,0.9876374758116481,0.9876374758116481,0.9876374758116481,0.9995074822573938,42.0,97.62022028033954,-0.9995074822573938,-0.9876374758116481,-1.089807451297675,0.09029996904028115,-0.011870006445745762,1578.5296078904232,0.00029951413295940707,1000000.0,200,19,5.0,5.0,512.0,512.0,0.5024688243865967,1.5680878010171,7.800608132005436,1593.8091523469775
hc10p.txt,150,all,295,null,OPTIMAL,OPTIMAL,OPTIMAL,OPTIMAL,True,0.9995074822573938,0.9695955168532061,0.9695955168532061,0.9695955168532061,0.9995074822573938,42.0,97.62022028033954,-0.9995074822573938,-0.9695955168532061,-1.0850913563381586,0.08558387408076473,-0.029911965404187724,2560.2684308145135,0.0002915149827656271,1000000.0,200,50,5.0,5.0,512.0,512.0,0.3368570804595947,1.510601857007714,7.751223686005687,1601.56039137498
hc10p.txt,150,all,296,null,OPTIMAL,OPTIMAL,OPTIMAL,OPTIMAL,True,0.9995074822573938,0.9881880336472669,0.9881880336472669,0.9881880336472669,0.9995074822573938,42.0,97.62022028033954,-0.9995074822573938,-0.9881880336472669,-1.1251049252636733,0.1255974430062795,-0.011319448610126903,1659.4734086359917,0.0003534908282595049,1000000.0,200,21,5.0,5.0,512.0,512.0,0.42342591285705566,1.3618671339936554,7.473283869010629,1609.0336945359886
hc10p.txt,150,all,297,null,OPTIMAL,OPTIMAL,OPTIMAL,OPTIMAL,True,0.9995074822573938,0.989249232056067,0.989249232056067,0.989249232056067,0.9995074822573938,42.0,97.62022028033954,-0.9995074822573938,-0.989249232056067,-1.1186564357833462,0.11914895352595234,-0.010258250201326868,36.60256967452577,0.00034426695782044023,1000000.0,200,0,5.0,5.0,512.0,512.0,0.33705997467041016,1.3257860580051783,7.41750757599948,1616.451231435989
hc10p.txt,150,all,298,null,OPTIMAL,OPTIMAL,OPTIMAL,OPTIMAL,True,0.9995074822573938,0.9689734018099063,0.9689734018099063,0.9689734018099063,0.9995074822573938,42.0,97.62022028033954,-0.9995074822573938,-0.9689734018099063,-1.0002097839120976,0.0007023016547037519,-0.03053408044748751,3745.1203973513198,1.4779654205745984e-05,1000000.0,200,107,4.0,4.0,512.0,512.0,0.4270660877227783,1.4343903870030772,7.598118797992356,1624.0493637399923
hc10p.txt,150,all,299,null,OPTIMAL,OPTIMAL,OPTIMAL,OPTIMAL,True,0.9995074822573938,0.9823232937161964,0.9823232937161964,0.9823232937161964,0.9995074822573938,42.0,97.62022028033954,-0.9995074822573938,-0.9823232937161964,-1.0001437716101338,0.0006362893527399605,-0.01718418854119741,3528.8994426188747,1.2356277798807732e-05,1000000.0,200,95,5.0,5.0,512.0,512.0,0.3109769821166992,1.454135601001326,8.070834379002918,1632.1202142909751
hc10p.txt,150,all,300,null,OPTIMAL,OPTIMAL,OPTIMAL,OPTIMAL,True,0.9995074822573938,0.9865294304171238,0.9865294304171238,0.9865294304171238,0.9995074822573938,42.0,97.62022028033954,-0.9995074822573938,-0.9865294304171238,-1.0001125774561754,0.0006050951987816022,-0.01297805184027001,3007.5513730845373,1.1085848944355452e-05,1000000.0,200,69,5.0,5.0,512.0,512.0,0.37708401679992676,1.430253194004763,7.207381373009412,1639.327610937995
hc10p.txt,150,all,301,null,OPTIMAL,OPTIMAL,OPTIMAL,OPTIMAL,True,0.9995074822573938,0.9883046976712345,0.9883046976712345,0.9883046976712345,0.9995074822573938,42.0,97.62022028033954,-0.9995074822573938,-0.9883046976712345,-1.0000730268060722,0.0005655445486784094,-0.011202784586159309,3029.256912795986,9.173757471771711e-06,1000000.0,200,70,5.0,5.0,512.0,512.0,0.3432190418243408,1.257159144995967,7.41648736098432,1646.7441862959822
hc10p.txt,150,all,302,null,OPTIMAL,OPTIMAL,OPTIMAL,OPTIMAL,True,0.9995074822573938,0.9852231153738944,0.9852231153738944,0.9852231153738944,0.9995074822573938,42.0,97.62022028033954,-0.9995074822573938,-0.9852231153738944,-1.0001187143423844,0.0006112320849905872,-0.014284366883499433,2804.5711261567158,1.1328080776223569e-05,1000000.0,200,60,5.0,5.0,512.0,512.0,0.4060239791870117,1.3332218989962712,7.609574767993763,1654.3537917309732
hc10p.txt,150,all,303,null,OPTIMAL,OPTIMAL,OPTIMAL,OPTIMAL,True,0.9995074822573938,0.9851194652388652,0.9851194652388652,0.9851194652388652,0.9995074822573938,42.0,97.62022028033954,-0.9995074822573938,-0.9851194652388652,-1.0001111812934513,0.0006036990360575034,-0.014388017018528654,2318.4705149010138,1.1398340958974868e-05,1000000.0,200,41,5.0,5.0,512.0,512.0,0.4280509948730469,1.2262461750069633,7.684398980985861,1662.0382065089943
hc10p.txt,150,all,304,null,OPTIMAL,OPTIMAL,OPTIMAL,OPTIMAL,True,0.9995074822573938,0.9914843306672957,0.9914843306672957,0.9914843306672957,0.9995074822573938,42.0,97.62022028033954,-0.9995074822573938,-0.9914843306672957,-1.0000521598955987,0.0005446776382048713,-0.008023151590098143,2635.935969391805,7.892429283641713e-06,1000000.0,200,53,5.0,5.0,512.0,512.0,0.4075279235839844,1.2234669190074783,7.221113781008171,1669.2593349569943
hc10p.txt,150,all,305,null,OPTIMAL,OPTIMAL,OPTIMAL,OPTIMAL,True,0.9995074822573938,0.994323870156577,0.994323870156577,0.994323870156577,0.9995074822573938,42.0,97.62022028033954,-0.9995074822573938,-0.994323870156577,-1.0000345344676491,0.0005270522102552855,-0.005183612100816859,2374.3380909631996,6.5437752109592695e-06,1000000.0,200,43,5.0,5.0,512.0,512.0,0.41050195693969727,1.2496915179945063,7.24599485102226,1676.505344678997
hc10p.txt,150,all,306,null,OPTIMAL,OPTIMAL,OPTIMAL,OPTIMAL,True,0.9995074822573938,0.9965418881985589,0.9965418881985589,0.9965418881985589,0.9995074822573938,42.0,97.62022028033954,-0.9995074822573938,-0.9965418881985589,-1.0000237930056721,0.0005163107482782925,-0.0029655940588348972,2016.0950614278815,5.723498821550481e-06,1000000.0,200,31,5.0,5.0,512.0,512.0,0.4113490581512451,1.1701625210116617,7.519808503013337,1684.0251675129985
hc10p.txt,150,all,307,null,OPTIMAL,OPTIMAL,OPTIMAL,OPTIMAL,True,0.9995074822573938,0.99572387165134,0.99572387165134,0.99572387165134,0.9995074822573938,42.0,97.62022028033954,-0.9995074822573938,-0.99572387165134,-1.0000216503909727,0.0005141681335788517,-0.003783610606053811,2585.7179466334564,5.992402402320955e-06,1000000.0,200,51,5.0,5.0,512.0,512.0,0.43692612648010254,1.4602210609882604,7.601217349001672,1691.6264002099924
hc10p.txt,150,all,308,null,OPTIMAL,OPTIMAL,OPTIMAL,OPTIMAL,True,0.9995074822573938,0.9955667074357563,0.9955667074357563,0.9955667074357563,0.9995074822573938,42.0,97.62022028033954,-0.9995074822573938,-0.9955667074357563,-1.0000165578373648,0.0005090755799709301,-0.0039407748216375715,3093.4729360341944,4.676420331950065e-06,1000000.0,200,73,5.0,5.0,512.0,512.0,0.4461479187011719,1.1991252099978738,7.455679345992394,1699.0820933719806
hc10p.txt,150,all,309,null,OPTIMAL,OPTIMAL,OPTIMAL,OPTIMAL,True,0.9995074822573938,0.9967127666868562,0.9967127666868562,0.9967127666868562,0.9995074822573938,42.0,97.62022028033954,-0.9995074822573938,-0.9967127666868562,-1.0000108073136273,0.0005033250562335168,-0.002794715570537676,2318.459324614006,5.046868225781924e-06,1000000.0,200,41,5.0,5.0,512.0,512.0,0.38477396965026855,1.293565166008193,7.602163198986091,1706.684268885001
hc10p.txt,150,all,310,null,OPTIMAL,OPTIMAL,OPTIMAL,OPTIMAL,True,0.9995074822573938,0.9975377905159252,0.9975377905159252,0.9975377905159252,0.9995074822573938,42.0,97.62022028033954,-0.9995074822573938,-0.9975377905159252,-1.0000067440408826,0.0004992617834888025,-0.00196969174146866,3093.4685027028986,3.975687131327188e-06,1000000.0,200,73,5.0,5.0,512.0,512.0,0.3715510368347168,1.1292249789985362,6.975520812004106,1713.6598077369854
hc10p.txt,150,all,311,null,OPTIMAL,OPTIMAL,OPTIMAL,OPTIMAL,True,0.9995074822573938,0.9937179997960991,0.9937179997960991,0.9937179997960991,0.9995074822573938,42.0,97.62022028033954,-0.9995074822573938,-0.9937179997960991,-1.0000570139913774,0.0005495317339835326,-0.005789482461294737,1916.0871555075216,7.821117995154226e-06,1000000.0,200,28,5.0,5.0,512.0,512.0,0.3854808807373047,1.3224531389714684,7.437754504993791,1721.0976489249733
hc10p.txt,150,all,312,null,OPTIMAL,OPTIMAL,OPTIMAL,OPTIMAL,True,0.9995074822573938,0.9925328892633921,0.9925328892633921,0.9925328892633921,0.9995074822573938,42.0,97.62022028033954,-0.9995074822573938,-0.9925328892633921,-1.000037823590776,0.000530341333382256,-0.006974592994001716,3135.5691628686322,7.034246798460753e-06,1000000.0,200,75,5.0,5.0,512.0,512.0,0.419558048248291,1.198247952008387,7.630194869008847,1728.7278614019742
hc10p.txt,150,all,313,null,OPTIMAL,OPTIMAL,OPTIMAL,OPTIMAL,True,0.9995074822573938,0.9942251291868377,0.9942251291868377,0.9942251291868377,0.9995074822573938,42.0,97.62022028033954,-0.9995074822573938,-0.9942251291868377,-1.000020396052865,0.0005129137954712482,-0.005282353070556134,2733.5864277702117,5.196761806275689e-06,1000000.0,200,57,5.0,5.0,512.0,512.0,0.3607509136199951,1.1092151930206455,7.207210874010343,1735.935097796988
hc10p.txt,150,all,314,null,OPTIMAL,OPTIMAL,OPTIMAL,OPTIMAL,True,0.9995074822573938,0.9966894072893454,0.9966894072893454,0.9966894072893454,0.9995074822573938,42.0,97.62022028033954,-0.9995074822573938,-0.9966894072893454,-1.0000109267022097,0.0005034444448158704,-0.002818074968048423,2080.090262083231,3.965762977947831e-06,1000000.0,200,33,5.0,5.0,512.0,511.99999999999994,0.45345497131347656,1.1693786160030868,7.677483651990769,1743.6125970949943
hc10p.txt,150,all,315,null,OPTIMAL,OPTIMAL,OPTIMAL,OPTIMAL,True,0.9995074822573938,0.997251645819269,0.997251645819269,0.997251645819269,0.9995074822573938,42.0,97.62022028033954,-0.9995074822573938,-0.997251645819269,-1.0000067538031594,0.0004992715457655672,-0.0022558364381248808,2873.8223781732536,3.774183341259372e-06,1000000.0,200,63,5.0,5.0,512.0,512.0,0.3878049850463867,1.1499116639897693,7.0551056469848845,1750.6677171619958
hc10p.txt,150,all,316,null,OPTIMAL,OPTIMAL,OPTIMAL,OPTIMAL,True,0.9995074822573938,0.9977029980300262,0.9977029980300262,0.9977029980300262,0.9995074822573938,42.0,97.62022028033954,-0.9995074822573938,-0.9977029980300262,-1.0000043217660552,0.0004968395086614175,-0.0018044842273676753,2290.016902272202,3.1650155429571117e-06,1000000.0,200,40,5.0,5.0,512.0,511.9999999999999,0.3784019947052002,1.2080093639960978,7.043568230990786,1757.7113013569906
hc10p.txt,150,all,317,null,OPTIMAL,OPTIMAL,OPTIMAL,OPTIMAL,True,0.9995074822573938,0.9980570536986849,0.9980570536986849,0.9980570536986849,0.9995074822573938,42.0,97.62022028033954,-0.9995074822573938,-0.9980570536986849,-1.0000024898599178,0.0004950076025239669,-0.001450428558708916,2534.5149073452235,2.977291295199557e-06,1000000.0,200,49,5.0,5.0,512.0,512.0,0.46994900703430176,1.781649213982746,8.05163966899272,1765.7629545899981
hc10p.txt,150,all,318,null,OPTIMAL,OPTIMAL,OPTIMAL,OPTIMAL,True,0.9995074822573938,0.998403609100433,0.998403609100433,0.998403609100433,0.9995074822573938,42.0,97.62022028033954,-0.9995074822573938,-0.998403609100433,-1.0000013723108607,0.0004938900534668944,-0.0011038731569608107,2781.109806819677,2.4137012507954643e-06,1000000.0,200,59,5.0,5.0,512.0,512.0,0.5162250995635986,1.2038738600094803,7.650486937985988,1773.4134549799783
hc10p.txt,150,all,319,null,OPTIMAL,OPTIMAL,OPTIMAL,OPTIMAL,True,0.9995074822573938,0.9986109047323982,0.9986109047323982,0.9986109047323982,0.9995074822573938,42.0,97.62022028033954,-0.9995074822573938,-0.9986109047323982,-1.000000319172591,0.0004928369151971923,-0.000896577524995612,2346.54714449793,2.9156295456993155e-06,1000000.0,200,42,5.0,5.0,512.0,512.0,0.36255407333374023,1.3296032460057177,8.114530673978152,1781.5280011329742
hc10p.txt,150,all,320,null,OPTIMAL,OPTIMAL,OPTIMAL,OPTIMAL,True,0.9995074822573938,0.9986793107563458,0.9986793107563458,0.9986793107563458,0.9995074822573938,42.0,97.62022028033954,-0.9995074822573938,-0.9986793107563458,-0.9999992734952234,0.0004917912378296085,-0.0008281715010480806,2401.756961293969,3.7846832750332435e-06,1000000.0,200,44,5.0,5.0,512.0,512.0,0.4042689800262451,1.304294789006235,7.452593671012437,1788.980609596998
hc10p.txt,150,all,321,null,OPTIMAL,OPTIMAL,OPTIMAL,OPTIMAL,True,0.9995074822573938,0.9989162464526257,0.9989162464526257,0.9989162464526257,0.9995074822573938,42.0,97.62022028033954,-0.9995074822573938,-0.9989162464526257,-1.000000028293325,0.0004925460359311851,-0.0005912358047681643,3007.524772082221,1.7677121115680423e-06,1000000.0,200,69,5.0,5.0,512.0,512.0,0.38258790969848633,1.1352671890053898,7.163106533989776,1796.143797806988
hc10p.txt,150,all,322,null,OPTIMAL,OPTIMAL,OPTIMAL,OPTIMAL,True,0.9995074822573938,0.9991704489916763,0.9991704489916763,0.9991704489916763,0.9995074822573938,42.0,97.62022028033954,-0.9995074822573938,-0.9991704489916763,-0.9999993245110851,0.0004918422536912548,-0.00033703326571754566,2534.513565067198,2.3009870378828014e-06,1000000.0,200,49,5.0,5.0,512.0,512.0,0.5036749839782715,1.8515277380065527,7.910712609009352,1804.0545265069813
hc10p.txt,150,all,323,null,OPTIMAL,OPTIMAL,OPTIMAL,OPTIMAL,True,0.9995074822573938,0.9990703683264403,0.9990703683264403,0.9990703683264403,0.9995074822573938,42.0,97.62022028033954,-0.9995074822573938,-0.9990703683264403,-0.9999990848522552,0.0004916025948613623,-0.000437113930953581,2610.9267637679227,2.6549725820862392e-06,1000000.0,200,52,5.0,5.0,512.0,512.0,0.3616781234741211,1.618964755005436,7.531748387002153,1811.5862905389804
hc10p.txt,150,all,324,null,OPTIMAL,OPTIMAL,OPTIMAL,OPTIMAL,True,0.9995074822573938,0.9992615926664251,0.9992615926664251,0.9992615926664251,0.9995074822573938,42.0,97.62022028033954,-0.9995074822573938,-0.9992615926664251,-0.9999993000225781,0.0004918177651842548,-0.00024588959096871754,2827.8208928211543,2.2113419622961247e-06,1000000.0,200,61,5.0,5.0,512.0,512.0,0.4742000102996826,1.8254140629724134,7.9558575760165695,1819.5421609019977
hc10p.txt,150,all,325,null,OPTIMAL,OPTIMAL,OPTIMAL,OPTIMAL,True,0.9995074822573938,0.9992832560098802,0.9992832560098802,0.9992832560098802,0.9995074822573938,42.0,97.62022028033954,-0.9995074822573938,-0.9992832560098802,-0.9999989768417955,0.0004914945844016749,-0.00022422624751361475,2804.5492754444617,2.3075115721260686e-06,1000000.0,200,60,5.0,5.0,512.0,512.0,0.3769340515136719,1.7541024390084203,7.669916047016159,1827.2120897989953
hc10p.txt,150,all,326,null,OPTIMAL,OPTIMAL,OPTIMAL,OPTIMAL,True,0.9995074822573938,0.9992958679948688,0.9992958679948688,0.9992958679948688,0.9995074822573938,42.0,97.62022028033954,-0.9995074822573938,-0.9992958679948688,-0.9999984348240297,0.0004909525666358938,-0.00021161426252502835,2401.735189921089,3.3523129598848947e-06,1000000.0,200,44,5.0,5.0,512.0,512.0,0.48198819160461426,2.2645688519987743,8.40773441302008,1835.619840044994
hc10p.txt,150,all,327,null,OPTIMAL,OPTIMAL,OPTIMAL,OPTIMAL,True,0.9995074822573938,0.9993235637840027,0.9993235637840027,0.9993235637840027,0.9995074822573938,42.0,97.62022028033954,-0.9995074822573938,-0.9993235637840027,-0.9999988291634168,0.000491346906022927,-0.00018391847339116474,2660.6461702823563,2.5068102732538708e-06,1000000.0,200,54,5.0,5.0,512.0,512.0,0.40062999725341797,1.2824083489831537,7.552757079014555,1843.1726149199822
hc10p.txt,150,all,328,null,OPTIMAL,OPTIMAL,OPTIMAL,OPTIMAL,True,0.9995074822573938,0.9994141462968652,0.9994141462968652,0.9994141462968652,0.9995074822573938,42.0,97.62022028033954,-0.9995074822573938,-0.9994141462968652,-0.9999987476820907,0.0004912654246969073,-9.33359605286288e-05,2685.1586176629107,2.1299403510947094e-06,1000000.0,200,55,5.0,5.0,512.0,512.0,0.39937496185302734,1.5834044450020883,7.495544333010912,1850.6681738240004
hc10p.txt,150,all,329,serious,OPTIMAL,OPTIMAL,OPTIMAL,OPTIMAL,True,0.9996212419782552,0.9996212419782552,0.9996212419782552,0.9996212419782552,0.9996212419782552,42.0,97.6199494238613,-0.9996212419782552,-0.9996212419782552,-0.9999985430311397,0.0004910607737458328,0.00011375972086136166,2635.8846369417793,2.2150169539234327e-06,700000.0,200,53,5.0,5.0,512.0,512.0,0.41227197647094727,1.6514399019943085,7.7544239279814065,1858.422611492977
hc10p.txt,150,all,330,null,OPTIMAL,OPTIMAL,OPTIMAL,OPTIMAL,True,0.9996212419782552,0.9982171157743357,0.9982171157743357,0.9982171157743357,0.9996212419782552,42.0,97.6199494238613,-0.9996212419782552,-0.9982171157743357,-1.0000004425501052,0.00037920057185003575,-0.001404126203919498,2781.0649454601,1.5899485627950768e-06,1000000.0,200,59,5.0,5.0,512.0,512.0,0.4052760601043701,1.7268317849957384,8.172255673009204,1866.5948830759735
hc10p.txt,150,all,331,null,OPTIMAL,OPTIMAL,OPTIMAL,OPTIMAL,True,0.9996212419782552,0.9990967618721013,0.9990967618721013,0.9990967618721013,0.9996212419782552,42.0,97.6199494238613,-0.9996212419782552,-0.9990967618721013,-0.9999993587287949,0.00037811675053966987,-0.0005244801061539128,2534.4791434624863,1.0923818661866289e-06,1000000.0,200,49,5.0,5.0,512.0,512.0,0.3864328861236572,1.6931844689825084,8.193634171999292,1874.7885990459763
hc10p.txt,150,all,332,null,OPTIMAL,OPTIMAL,OPTIMAL,OPTIMAL,True,0.9996212419782552,0.9991727377118972,0.9991727377118972,0.9991727377118972,0.9996212419782552,42.0,97.6199494238613,-0.9996212419782552,-0.9991727377118972,-0.9999990466022547,0.0003778046239995003,-0.00044850426635800744,2508.4883872728615,1.079375262611418e-06,1000000.0,200,48,5.0,5.0,512.0,512.0,0.4515559673309326,1.96248050199938,8.339000329986447,1883.1276151209895
hc10p.txt,150,all,333,null,OPTIMAL,OPTIMAL,OPTIMAL,OPTIMAL,True,0.9996212419782552,0.9993736260676173,0.9993736260676173,0.9993736260676173,0.9996212419782552,42.0,97.6199494238613,-0.9996212419782552,-0.9993736260676173,-0.9999989456036704,0.0003777036254152266,-0.00024761591063793276,2781.056458367499,7.421010284917123e-07,1000000.0,200,59,5.0,5.0,512.0,512.0,0.45916104316711426,2.0124254320107866,7.9391180890088435,1891.0667485979793
hc10p.txt,150,all,334,null,OPTIMAL,OPTIMAL,OPTIMAL,OPTIMAL,True,0.9996212419782552,0.9994743545088197,0.9994743545088197,0.9994743545088197,0.9996212419782552,42.0,97.6199494238613,-0.9996212419782552,-0.9994743545088197,-0.9999988077539602,0.00037756577570502436,-0.00014688746943547493,2660.6231807442473,7.205354111939982e-07,1000000.0,200,54,5.0,5.0,512.0,512.0,0.40456604957580566,1.7438514519890305,7.934137372998521,1899.0009094559937
hc10p.txt,150,all,335,null,OPTIMAL,OPTIMAL,OPTIMAL,OPTIMAL,True,0.9996212419782552,0.9990572675412183,0.9990572675412183,0.9990572675412183,0.9996212419782552,42.0,97.6199494238613,-0.9996212419782552,-0.9990572675412183,-0.9999972901856012,0.00037604820734604694,-0.0005639744370369293,2289.9752896141367,2.581659804836382e-06,1000000.0,200,40,5.0,5.0,512.0,512.0,0.5147109031677246,1.9052457410143688,8.366610655008117,1907.3675375869789
hc10p.txt,150,all,336,null,OPTIMAL,OPTIMAL,OPTIMAL,OPTIMAL,True,0.9996212419782552,0.999509969381784,0.999509969381784,0.999509969381784,0.9996212419782552,42.0,97.6199494238613,-0.9996212419782552,-0.999509969381784,-0.9999987767067683,0.0003775347285130959,-0.00011127259647114585,2585.6609990766037,6.535643866695471e-07,1000000.0,200,51,5.0,5.0,512.0,512.0,0.47695016860961914,1.761853225005325,7.89515999800642,1915.262712496973
hc10p.txt,150,all,337,null,OPTIMAL,OPTIMAL,OPTIMAL,OPTIMAL,True,0.9996212419782552,0.9994121467754381,0.9994121467754381,0.9994121467754381,0.9996212419782552,42.0,97.6199494238613,-0.9996212419782552,-0.9994121467754381,-0.9999976034407719,0.00037636146251673885,-0.00020909520281708893,2261.153917328171,1.7893670496741097e-06,1000000.0,200,39,5.0,5.0,512.0,512.0,0.49114394187927246,1.783087947027525,8.234749216004275,1923.4974790489941
hc10p.txt,150,all,338,null,OPTIMAL,OPTIMAL,OPTIMAL,OPTIMAL,True,0.9996212419782552,0.9996070445452013,0.9996070445452013,0.9996070445452013,0.9996212419782552,42.0,97.6199494238613,-0.9996212419782552,-0.9996070445452013,-0.9999984951723788,0.0003772531941236279,-1.4197433053864117e-05,2534.470716994378,7.449125980666181e-07,1000000.0,200,49,5.0,5.0,512.0,512.0,0.35007500648498535,2.0156280400115065,8.259836964978604,1931.7573322949756
hc10p.txt,150,all,339,null,OPTIMAL,OPTIMAL,OPTIMAL,OPTIMAL,True,0.9996212419782552,0.9993864562401705,0.9993864562401705,0.9993864562401705,0.9996212419782552,42.0,97.6199494238613,-0.9996212419782552,-0.9993864562401705,-0.9999974651641391,0.0003762231858839282,-0.00023478573808466408,2482.2284933705305,2.089289184922051e-06,1000000.0,200,47,5.0,5.0,512.0,512.0,0.5165259838104248,2.2271969559951685,8.938496165996185,1940.6958444209886
hc10p.txt,150,all,340,null,OPTIMAL,OPTIMAL,OPTIMAL,OPTIMAL,True,0.9996212419782552,0.9995242036200286,0.9995242036200286,0.9995242036200286,0.9996212419782552,42.0,97.6199494238613,-0.9996212419782552,-0.9995242036200286,-0.999997351057359,0.00037610907910379243,-9.703835822660878e-05,2508.4996393405168,2.2687458951197367e-06,1000000.0,200,48,5.0,5.0,512.0,512.0,0.4517550468444824,1.6921551889972761,7.889662158006104,1948.585521355999
hc10p.txt,150,all,341,null,OPTIMAL,OPTIMAL,OPTIMAL,OPTIMAL,True,0.9996212419782552,0.9996219684204425,0.9996219684204425,0.9996219684204425,0.9996219684204425,42.0,97.61994769423704,-0.9996212419782552,-0.9996219684204425,-0.9999976208956689,0.0003763789174137111,7.264421872932303e-07,2482.231096559582,1.334813757041537e-06,1000000.0,200,47,5.0,5.0,512.0,512.0,0.3879740238189697,1.8558811719994992,8.308220701001119,1956.8938118059887
hc10p.txt,150,all,342,null,OPTIMAL,OPTIMAL,OPTIMAL,OPTIMAL,True,0.9996212419782552,0.9995756485241972,0.9995756485241972,0.9995756485241972,0.9996219684204425,42.0,97.61994769423704,-0.9996212419782552,-0.9995756485241972,-0.9999974011787617,0.0003761592005064873,-4.559345405796833e-05,2318.4129022254174,2.264682335765769e-06,1000000.0,200,41,5.0,5.0,512.0,512.0,0.5087277889251709,2.122370299999602,8.531096211023396,1965.4249222590006
hc10p.txt,150,all,343,null,OPTIMAL,OPTIMAL,OPTIMAL,OPTIMAL,True,0.9996212419782552,0.9995522613844346,0.9995522613844346,0.9995522613844346,0.9996219684204425,42.0,97.61994769423704,-0.9996212419782552,-0.9995522613844346,-0.99999858636594,0.00037734438768477485,-6.898059382054456e-05,2757.3875550995426,8.631763272651322e-07,1000000.0,200,58,5.0,5.0,512.0,512.0,0.4168548583984375,1.7088342109927908,7.640767187025631,1973.0657042519888
hc10p.txt,150,all,344,serious,OPTIMAL,OPTIMAL,OPTIMAL,OPTIMAL,True,0.9996673671927468,0.9996673671927468,0.9996673671927468,0.9996673671927468,0.9996673671927468,42.0,97.61983960192202,-0.9996673671927468,-0.9996673671927468,-0.9999978336855271,0.0003765917072718894,4.612521449165463e-05,2374.263261462502,1.6150304207544228e-06,700000.0,200,43,5.0,5.0,512.0,512.0,0.39684391021728516,1.7179189719900023,7.683534390002023,1980.7492535499914
hc10p.txt,150,all,345,null,OPTIMAL,OPTIMAL,OPTIMAL,OPTIMAL,True,0.9996673671927468,0.9989677610243753,0.9989677610243753,0.9989677610243753,0.9996673671927468,42.0,97.61983960192202,-0.9996673671927468,-0.9989677610243753,-0.999998729672663,0.0003313624799161641,-0.0006996061683715027,2941.3777406861345,8.866797701370314e-07,1000000.0,200,66,5.0,5.0,512.0,512.0,0.44454288482666016,2.1230217829870526,8.398116664000554,1989.1473844349966
hc10p.txt,150,all,346,null,OPTIMAL,OPTIMAL,OPTIMAL,OPTIMAL,True,0.9996673671927468,0.9995901057270499,0.9995901057270499,0.9995901057270499,0.9996673671927468,42.0,97.61983960192202,-0.9996673671927468,-0.9995901057270499,-0.9999976291413604,0.00033026194861351943,-7.726146569697612e-05,2635.8622886466737,8.882159076227625e-07,1000000.0,200,53,5.0,5.0,512.0,512.0,0.4152719974517822,2.092043634998845,8.389208396984031,1997.5366080289823
hc10p.txt,150,all,347,null,OPTIMAL,OPTIMAL,OPTIMAL,OPTIMAL,True,0.9996673671927468,0.9996587188890286,0.9996587188890286,0.9996587188890286,0.9996673671927468,42.0,97.61983960192202,-0.9996673671927468,-0.9996587188890286,-0.9999980881991648,0.00033072100641795554,-8.648303718272743e-06,2560.178918104503,7.206562120249236e-07,1000000.0,200,50,5.0,5.0,512.0,512.0,0.486799955368042,1.5542607980023604,7.624164660985116,2005.1607873030007
hc10p.txt,150,all,348,serious,OPTIMAL,OPTIMAL,OPTIMAL,OPTIMAL,True,0.999707830591473,0.999707830591473,0.999707830591473,0.999707830591473,0.999707830591473,42.0,97.61974326049648,-0.999707830591473,-0.999707830591473,-0.9999981392331985,0.00033077204045162123,4.0463398726098276e-05,2508.4738276252892,6.241119898087811e-07,700000.0,200,48,5.0,5.0,512.0,512.0,0.40692901611328125,1.8586774750147015,7.770452647993807,2012.9312536020007
hc10p.txt,150,all,349,null,OPTIMAL,OPTIMAL,OPTIMAL,OPTIMAL,True,0.999707830591473,0.9992365170205461,0.9992365170205461,0.9992365170205461,0.999707830591473,42.0,97.61974326049648,-0.999707830591473,-0.9992365170205461,-0.999998554571573,0.0002907239801001049,-0.0004713135709268901,2660.6216394604294,8.686834969482676e-07,1000000.0,200,54,4.0,4.0,512.0,512.0,0.45893096923828125,2.1527801459887996,8.256609849981032,2021.1878808639885
hc10p.txt,150,all,350,null,OPTIMAL,OPTIMAL,OPTIMAL,OPTIMAL,True,0.999707830591473,0.9996133955700167,0.9996133955700167,0.9996133955700167,0.999707830591473,42.0,97.61974326049648,-0.999707830591473,-0.9996133955700167,-0.9999973859130967,0.00028955532162378006,-9.44350214562295e-05,2261.144240177972,1.4643625420833218e-06,1000000.0,200,39,4.0,4.0,512.0,512.0,0.4549579620361328,2.091455177986063,8.416136936983094,2029.6040427199914
hc10p.txt,150,all,351,null,OPTIMAL,OPTIMAL,OPTIMAL,OPTIMAL,True,0.999707830591473,0.9996137973741216,0.9996137973741216,0.9996137973741216,0.999707830591473,42.0,97.61974326049648,-0.999707830591473,-0.9996137973741216,-0.9999984303200996,0.0002905997286266615,-9.40332173513525e-05,2733.5011739420856,5.301684911873088e-07,1000000.0,200,57,5.0,5.0,512.0,511.99999999999994,0.544374942779541,1.7516482369974256,8.744945413985988,2038.3490744699957
hc10p.txt,150,all,352,null,OPTIMAL,OPTIMAL,OPTIMAL,OPTIMAL,True,0.999707830591473,0.9993719709058221,0.9993719709058221,0.9993719709058221,0.999707830591473,42.0,97.61974326049648,-0.999707830591473,-0.9993719709058221,-0.9999972191211097,0.0002893885296367804,-0.0003358596856508633,2781.051294712637,1.127748886159604e-06,1000000.0,200,59,4.0,4.0,512.0,512.0,0.4505629539489746,1.9419118509977125,8.20896593699581,2046.558055245987
hc10p.txt,150,all,353,null,OPTIMAL,OPTIMAL,OPTIMAL,OPTIMAL,True,0.999707830591473,0.9996689108070181,0.9996689108070181,0.9996689108070181,0.999707830591473,42.0,97.61974326049648,-0.999707830591473,-0.9996689108070181,-0.9999983134509296,0.0002904828594566533,-3.891978445480504e-05,2635.8737237656355,5.031326437291171e-07,1000000.0,200,53,5.0,5.0,512.0,512.0,0.33667612075805664,1.9481779499910772,7.9535527160041966,2054.5116241729993
hc10p.txt,150,all,354,null,OPTIMAL,OPTIMAL,OPTIMAL,OPTIMAL,True,0.999707830591473,0.9994842663345614,0.9994842663345614,0.9994842663345614,0.999707830591473,42.0,97.61974326049648,-0.999707830591473,-0.9994842663345614,-0.9999962818889009,0.0002884512974279385,-0.0002235642569115015,2261.153292380811,1.756284730689897e-06,1000000.0,200,39,4.0,4.0,512.0,512.0,0.3953227996826172,2.1962786439980846,8.3778317119868,2062.889474364987
hc10p.txt,150,all,355,null,OPTIMAL,OPTIMAL,OPTIMAL,OPTIMAL,True,0.999707830591473,0.9996076929753609,0.9996076929753609,0.9996076929753609,0.999707830591473,42.0,97.61974326049648,-0.999707830591473,-0.9996076929753609,-0.9999978977169544,0.000290067125481408,-0.00010013761611205041,2455.6717491192153,8.691026106557808e-07,1000000.0,200,46,5.0,5.0,512.0,512.0,0.4109029769897461,2.1821110130113084,8.32543783201254,2071.2149444559764
hc10p.txt,150,all,356,null,OPTIMAL,OPTIMAL,OPTIMAL,OPTIMAL,True,0.999707830591473,0.9996152176009231,0.9996152176009231,0.9996152176009231,0.999707830591473,42.0,97.61974326049648,-0.999707830591473,-0.9996152176009231,-0.9999971493826164,0.0002893187911434669,-9.261299054985628e-05,2231.9720656469967,1.5356762113338523e-06,1000000.0,200,38,4.0,4.0,512.0,512.0,0.3613300323486328,2.173347502015531,8.195491838007001,2079.410463851993
hc10p.txt,150,all,357,null,OPTIMAL,OPTIMAL,OPTIMAL,OPTIMAL,True,0.999707830591473,0.9995820752095811,0.9995820752095811,0.9995820752095811,0.999707830591473,42.0,97.61974326049648,-0.999707830591473,-0.9995820752095811,-0.9999980872044082,0.00029025661293524685,-0.00012575538189185664,2585.6594165081947,5.489073810767736e-07,1000000.0,200,51,5.0,5.0,512.0,512.0,0.6142590045928955,1.9451513469975907,8.131263563001994,2087.541743345995
hc10p.txt,150,all,358,null,OPTIMAL,OPTIMAL,OPTIMAL,OPTIMAL,True,0.999707830591473,0.9996581134228267,0.9996581134228267,0.9996581134228267,0.999707830591473,42.0,97.61974326049648,-0.999707830591473,-0.9996581134228267,-0.9999979633070449,0.00029013271557198905,-4.9717168646212784e-05,2508.4585699917393,5.899704160472657e-07,1000000.0,200,48,5.0,5.0,512.0,511.99999999999994,0.44773197174072266,1.756388402020093,7.976777562987991,2095.5185349269887
hc10p.txt,150,all,359,null,OPTIMAL,OPTIMAL,OPTIMAL,OPTIMAL,True,0.999707830591473,0.9995824078163683,0.9995824078163683,0.9995824078163683,0.999707830591473,42.0,97.61974326049648,-0.999707830591473,-0.9995824078163683,-0.9999971903539207,0.0002893597624477051,-0.0001254227751046333,2455.674623261357,1.6885359459113887e-06,1000000.0,200,46,5.0,5.0,512.0,512.0,0.45387792587280273,2.151388947997475,8.450616908987286,2103.9691655789793
hc10p.txt,150,all,360,null,OPTIMAL,OPTIMAL,OPTIMAL,OPTIMAL,True,0.999707830591473,0.9996811067043841,0.9996811067043841,0.9996811067043841,0.999707830591473,42.0,97.61974326049648,-0.999707830591473,-0.9996811067043841,-0.9999982225714651,0.00029039197999214394,-2.6723887088797582e-05,2455.649556268347,4.5902809448839874e-07,1000000.0,200,46,5.0,5.0,512.0,512.0,0.35509300231933594,1.7075446700036991,7.774172734003514,2111.7433523469954
hc10p.txt,150,all,361,null,OPTIMAL,OPTIMAL,OPTIMAL,OPTIMAL,True,0.999707830591473,0.9997051673064493,0.9997051673064493,0.9997051673064493,0.999707830591473,42.0,97.61974326049648,-0.999707830591473,-0.9997051673064493,-0.9999974112410835,0.00028958064961059904,-2.663285023629669e-06,2015.9731887917344,1.1415174220832285e-06,1000000.0,200,31,4.0,4.0,512.0,512.0,0.4272918701171875,2.043535607022932,8.937305795989232,2120.680736772978
hc10p.txt,150,all,362,null,OPTIMAL,OPTIMAL,OPTIMAL,OPTIMAL,True,0.999707830591473,0.9996664660131763,0.9996664660131763,0.9996664660131763,0.999707830591473,42.0,97.61974326049648,-0.999707830591473,-0.9996664660131763,-0.9999979812484058,0.0002901506569328305,-4.136457829662099e-05,2560.1778806336106,5.203596362872567e-07,1000000.0,200,50,5.0,5.0,512.0,512.0,0.3561680316925049,1.6598379260103684,7.587960433011176,2128.268710098986
hc10p.txt,150,all,363,null,OPTIMAL,OPTIMAL,OPTIMAL,OPTIMAL,True,0.999707830591473,0.9996622970956693,0.9996622970956693,0.9996622970956693,0.999707830591473,42.0,97.61974326049648,-0.999707830591473,-0.9996622970956693,-0.9999972080896372,0.00028937749816426717,-4.553349580360688e-05,2202.4169810910403,1.249730296919832e-06,1000000.0,200,37,4.0,4.0,512.0,512.0,0.4198441505432129,2.135035319981398,8.456604284991045,2136.7253282939782
hc10p.txt,150,all,364,null,OPTIMAL,OPTIMAL,OPTIMAL,OPTIMAL,True,0.999707830591473,0.9996492321703171,0.9996492321703171,0.9996492321703171,0.999707830591473,42.0,97.61974326049648,-0.999707830591473,-0.9996492321703171,-0.9999979479437824,0.000290117352309438,-5.859842115585323e-05,2534.450058635854,5.155029577201208e-07,1000000.0,200,49,5.0,5.0,512.0,512.0,0.37526512145996094,1.79385595099302,7.939384249999421,2144.6647268269735
hc10p.txt,150,all,365,null,OPTIMAL,OPTIMAL,OPTIMAL,OPTIMAL,True,0.999707830591473,0.999697309087661,0.999697309087661,0.999697309087661,0.999707830591473,42.0,97.61974326049648,-0.999707830591473,-0.999697309087661,-0.9999971673794028,0.0002893367879298614,-1.0521503811977695e-05,2079.979387856011,1.1595528805403516e-06,1000000.0,200,33,5.0,5.0,512.0,512.0,0.40305590629577637,2.2080655859899707,8.599701821018243,2153.264446030982
hc10p.txt,150,all,366,null,OPTIMAL,OPTIMAL,OPTIMAL,OPTIMAL,True,0.999707830591473,0.9996545735049979,0.9996545735049979,0.9996545735049979,0.999707830591473,42.0,97.61974326049648,-0.999707830591473,-0.9996545735049979,-0.9999981930269137,0.000290362435440783,-5.32570864750781e-05,2660.586893535601,4.72466368038183e-07,1000000.0,200,54,5.0,5.0,512.0,512.0,0.3725769519805908,1.9078219159855507,7.898109972011298,2161.162571219
hc10p.txt,150,all,367,null,OPTIMAL,OPTIMAL,OPTIMAL,OPTIMAL,True,0.999707830591473,0.9997362156062398,0.9997362156062398,0.9997362156062398,0.9997362156062398,42.0,97.61967567712799,-0.999707830591473,-0.9997362156062398,-0.9999970133068692,0.0002891827153962412,2.838501476687405e-05,2048.2413700397633,1.2146096629459576e-06,1000000.0,200,32,5.0,5.0,512.0,511.99999999999994,0.4544830322265625,2.115900403005071,8.375997997995,2169.5385832939937
hc10p.txt,150,all,368,null,OPTIMAL,OPTIMAL,OPTIMAL,OPTIMAL,True,0.999707830591473,0.9996662954982197,0.9996662954982197,0.9996662954982197,0.9997362156062398,42.0,97.61967567712799,-0.999707830591473,-0.9996662954982197,-0.9999979972655832,0.0002901666741103037,-4.153509325321991e-05,2534.4530047586204,4.782921956540823e-07,1000000.0,200,49,5.0,5.0,512.0,512.0,0.436431884765625,2.0322740270057693,8.49901762601803,2178.0376147200004
hc10p.txt,150,all,369,null,OPTIMAL,OPTIMAL,OPTIMAL,OPTIMAL,True,0.999707830591473,0.9996999564238954,0.9996999564238954,0.9996999564238954,0.9997362156062398,42.0,97.61967567712799,-0.999707830591473,-0.9996999564238954,-0.9999966777567829,0.0002888471653099689,-7.874167577526237e-06,2261.13329939622,1.3430769882092646e-06,1000000.0,200,39,4.0,4.0,512.0,512.0,0.4130439758300781,1.9396000579872634,8.01190058598877,2186.0495309109974
hc10p.txt,150,all,370,null,OPTIMAL,OPTIMAL,OPTIMAL,OPTIMAL,True,0.999707830591473,0.9996404509246685,0.9996404509246685,0.9996404509246685,0.9997362156062398,42.0,97.61967567712799,-0.999707830591473,-0.9996404509246685,-0.999997833879841,0.0002900032883680348,-6.737966680447904e-05,2560.165644288558,4.593760161611716e-07,1000000.0,200,50,5.0,5.0,512.0,512.0,0.4521510601043701,1.912216074008029,8.606198040011805,2194.655744320975
hc10p.txt,150,all,371,null,OPTIMAL,OPTIMAL,OPTIMAL,OPTIMAL,True,0.999707830591473,0.9997199894754062,0.9997199894754062,0.9997199894754062,0.9997362156062398,42.0,97.61967567712799,-0.999707830591473,-0.9997199894754062,-0.9999979092055951,0.00029007861412211344,1.2158883933244269e-05,2455.6454653640244,4.526732303628646e-07,1000000.0,200,46,5.0,5.0,512.0,512.0,0.4741981029510498,1.822170240979176,8.169521514006192,2202.8253568809887
hc10p.txt,150,all,372,serious,OPTIMAL,OPTIMAL,OPTIMAL,OPTIMAL,True,0.9997801808529491,0.9997801808529491,0.9997801808529491,0.9997801808529491,0.9997801808529491,42.0,97.61957099796916,-0.9997801808529491,-0.9997801808529491,-0.9999978520495243,0.00029002145805134827,7.235026147611734e-05,2318.3682044171683,4.3687632882773537e-07,700000.0,200,41,5.0,5.0,512.0,512.0,0.4080038070678711,1.45829168902128,8.24011082801735,2211.065481785976
hc10p.txt,150,all,373,null,OPTIMAL,OPTIMAL,OPTIMAL,OPTIMAL,True,0.9997801808529491,0.9994624662341723,0.9994624662341723,0.9994624662341723,0.9997801808529491,42.0,97.61957099796916,-0.9997801808529491,-0.9994624662341723,-0.9999965803369567,0.00021639948400764553,-0.000317714618776721,2289.9309982057894,1.7508074088907246e-06,1000000.0,200,40,5.0,5.0,512.0,512.0,0.3832211494445801,2.374320955015719,8.4020726979943,2219.467569712986
hc10p.txt,150,all,374,null,OPTIMAL,OPTIMAL,OPTIMAL,OPTIMAL,True,0.9997801808529491,0.9996992337468501,0.9996992337468501,0.9996992337468501,0.9997801808529491,42.0,97.61957099796916,-0.9997801808529491,-0.9996992337468501,-0.9999978990460433,0.00021771819309424068,-8.094710609896083e-05,2610.854496784651,3.9147819501596543e-07,1000000.0,200,52,3.0,3.0,512.0,512.0,0.47528505325317383,1.8390365640225355,8.212152494990733,2227.6797387549886
hc10p.txt,150,all,375,null,OPTIMAL,OPTIMAL,OPTIMAL,OPTIMAL,True,0.9997801808529491,0.9997695013855709,0.9997695013855709,0.9997695013855709,0.9997801808529491,42.0,97.61957099796916,-0.9997801808529491,-0.9997695013855709,-0.9999978967306744,0.00021771587772534406,-1.0679467378205132e-05,2428.795218641378,4.0055118325282126e-07,1000000.0,200,45,4.0,4.0,512.0,512.0,0.4632399082183838,1.895387459982885,8.407163071009563,2236.0869188459765
hc10p.txt,150,all,376,null,OPTIMAL,OPTIMAL,OPTIMAL,OPTIMAL,True,0.9997801808529491,0.9997228090321536,0.9997228090321536,0.9997228090321536,0.9997801808529491,42.0,97.61957099796916,-0.9997801808529491,-0.9997228090321536,-0.9999971393076076,0.00021695845465852237,-5.737182079545988e-05,2172.4177996877556,9.248410903523439e-07,1000000.0,200,36,3.0,3.0,512.0,512.0,0.4985520839691162,1.8175892230065074,8.023011302982923,2244.1099458399985
hc10p.txt,150,all,377,null,OPTIMAL,OPTIMAL,OPTIMAL,OPTIMAL,True,0.9997801808529491,0.9997705695852125,0.9997705695852125,0.9997705695852125,0.9997801808529491,42.0,97.61957099796916,-0.9997801808529491,-0.9997705695852125,-0.9999975534135925,0.00021737256064346955,-9.611267736575613e-06,2346.4532100793026,4.352625305349994e-07,1000000.0,200,42,4.0,4.0,512.0,512.0,0.4306478500366211,1.9895961770089343,8.428302860993426,2252.538262534974
hc10p.txt,150,all,378,null,OPTIMAL,OPTIMAL,OPTIMAL,OPTIMAL,True,0.9997801808529491,0.9997913529407726,0.9997913529407726,0.9997913529407726,0.9997913529407726,42.0,97.61954439776007,-0.9997801808529491,-0.9997913529407726,-0.9999978779975064,0.00021769714455732725,1.1172087823529964e-05,2142.0310477122744,3.840881384948718e-07,1000000.0,200,35,3.0,3.0,512.0,512.0,0.4070401191711426,1.9157454050146043,8.832309711986454,2261.3705865799857
hc10p.txt,150,all,379,serious,OPTIMAL,OPTIMAL,OPTIMAL,OPTIMAL,True,0.9998273156745353,0.9998273156745353,0.9998273156745353,0.9998273156745353,0.9998273156745353,42.0,97.61945877220349,-0.9998273156745353,-0.9998273156745353,-0.9999978711819637,0.00021769032901464147,4.713482158624771e-05,2374.220617481907,3.8214596713550717e-07,700000.0,200,43,3.0,3.0,512.0,512.0,0.34197998046875,1.8523946340137627,7.911114149988862,2269.281717416976
hc10p.txt,150,all,380,null,OPTIMAL,OPTIMAL,OPTIMAL,OPTIMAL,True,0.9998273156745353,0.9990492566036365,0.9990492566036365,0.9990492566036365,0.9998273156745353,42.0,97.61945877220349,-0.9998273156745353,-0.9990492566036365,-0.999997738972196,0.00017042329766070452,-0.0007780590708987845,2709.4306771635615,7.857008939327194e-07,1000000.0,200,56,4.0,4.0,512.0,512.0,0.3924570083618164,1.9515461870178115,8.165548199001933,2277.4472806669946
hc10p.txt,150,all,381,null,OPTIMAL,OPTIMAL,OPTIMAL,OPTIMAL,True,0.9998273156745353,0.999672296556764,0.999672296556764,0.999672296556764,0.9998273156745353,42.0,97.61945877220349,-0.9998273156745353,-0.999672296556764,-0.9999980993447419,0.0001707836702066201,-0.0001550191177712712,2482.1975192533496,4.06593757663452e-07,1000000.0,200,47,4.0,4.0,512.0,512.0,0.4808328151702881,2.415320326021174,8.861006844992517,2286.3083530969743
hc10p.txt,150,all,382,null,OPTIMAL,OPTIMAL,OPTIMAL,OPTIMAL,True,0.9998273156745353,0.9995179765656191,0.9995179765656191,0.9995179765656191,0.9998273156745353,42.0,97.61945877220349,-0.9998273156745353,-0.9995179765656191,-0.9999953002171257,0.00016798454259037143,-0.00030933910891617344,2048.2197265177915,1.2824972651452436e-06,1000000.0,200,32,4.0,4.0,512.0,512.0,0.3686850070953369,2.246283764980035,8.375090929999715,2294.683458882995
hc10p.txt,150,all,383,null,OPTIMAL,OPTIMAL,OPTIMAL,OPTIMAL,True,0.9998273156745353,0.9996858089642399,0.9996858089642399,0.9996858089642399,0.9998273156745353,42.0,97.61945877220349,-0.9998273156745353,-0.9996858089642399,-0.9999980465862227,0.00017073091168740007,-0.00014150671029544704,2585.644645413555,3.672410948607454e-07,1000000.0,200,51,3.0,3.0,512.0,512.0,0.4384801387786865,1.8416439720022026,8.153036067000357,2302.836510385998
hc10p.txt,150,all,384,null,OPTIMAL,OPTIMAL,OPTIMAL,OPTIMAL,True,0.9998273156745353,0.9996473446636588,0.9996473446636588,0.9996473446636588,0.9998273156745353,42.0,97.61945877220349,-0.9998273156745353,-0.9996473446636588,-0.9999976975502503,0.00017038187571494223,-0.0001799710108765229,2374.2254238625765,4.505231246688313e-07,1000000.0,200,43,3.0,3.0,512.0,512.0,0.40030694007873535,2.016210631991271,7.954490781005006,2310.7910133359837
hc10p.txt,150,all,385,null,OPTIMAL,OPTIMAL,OPTIMAL,OPTIMAL,True,0.9998273156745353,0.9997719783897924,0.9997719783897924,0.9997719783897924,0.9998273156745353,42.0,97.61945877220349,-0.9998273156745353,-0.9997719783897924,-0.9999978940189493,0.00017057834441402964,-5.5337284742940085e-05,2346.4561770498576,3.36384765646486e-07,1000000.0,200,42,3.21871498564602,3.21871498564602,512.0,512.0,0.3878509998321533,1.7771216059918515,7.719520098005887,2318.5105478249898
hc10p.txt,150,all,386,null,OPTIMAL,OPTIMAL,OPTIMAL,OPTIMAL,True,0.9998273156745353,0.9997821771146779,0.9997821771146779,0.9997821771146779,0.9998273156745353,42.0,97.61945877220349,-0.9998273156745353,-0.9997821771146779,-0.9999980496351454,0.00017073396061006996,-4.513855985743831e-05,2428.798666118618,3.393215286960778e-07,1000000.0,200,45,3.0,3.0,512.0,512.0,0.3840980529785156,1.8192050860088784,7.820853231009096,2326.3314161979943
hc10p.txt,150,all,387,null,OPTIMAL,OPTIMAL,OPTIMAL,OPTIMAL,True,0.9998273156745353,0.9998082564482295,0.9998082564482295,0.9998082564482295,0.9998273156745353,42.0,97.61945877220349,-0.9998273156745353,-0.9998082564482295,-0.999998020022477,0.00017070434794164147,-1.9059226305850885e-05,2482.1823178853747,3.827974537663087e-07,1000000.0,200,47,3.0,3.0,512.0,512.0,0.4411959648132324,1.6392442339856643,8.094454860984115,2334.4258856579836
hc10p.txt,150,all,388,null,OPTIMAL,OPTIMAL,OPTIMAL,OPTIMAL,True,0.9998273156745353,0.9997212659169538,0.9997212659169538,0.9997212659169538,0.9998273156745353,42.0,97.61945877220349,-0.9998273156745353,-0.9997212659169538,-0.9999968148129567,0.00016949913842134734,-0.00010604975758155,2172.4366757084817,8.567318476265044e-07,1000000.0,200,36,4.0,4.0,512.0,512.0,0.3976290225982666,1.9207092259894125,8.43977726297453,2342.8656779129815
hc10p.txt,150,all,389,null,OPTIMAL,OPTIMAL,OPTIMAL,OPTIMAL,True,0.9998273156745353,0.999811621874433,0.999811621874433,0.999811621874433,0.9998273156745353,42.0,97.61945877220349,-0.9998273156745353,-0.999811621874433,-0.9999980296234346,0.000170713948899337,-1.5693800102356548e-05,2231.9453147715626,3.9652027431068496e-07,1000000.0,200,38,4.0,4.0,512.0,512.0,0.47619199752807617,1.6107432580029126,8.568575480981963,2351.434270924976
hc10p.txt,150,all,390,null,OPTIMAL,OPTIMAL,OPTIMAL,OPTIMAL,True,0.9998273156745353,0.999479559955908,0.999479559955908,0.999479559955908,0.9998273156745353,42.0,97.61945877220349,-0.9998273156745353,-0.999479559955908,-0.9999952679815076,0.00016795230697230767,-0.00034775571862732946,2142.0540749473525,1.1815912245454964e-06,1000000.0,200,35,5.0,5.0,512.0,512.0,0.3948709964752197,2.2888915700023063,8.451186016987776,2359.8854736399953
hc10p.txt,150,all,391,null,OPTIMAL,OPTIMAL,OPTIMAL,OPTIMAL,True,0.9998273156745353,0.9997323347678159,0.9997323347678159,0.9997323347678159,0.9998273156745353,42.0,97.61945877220349,-0.9998273156745353,-0.9997323347678159,-0.9999979957555871,0.00017068008105181054,-9.498090671944404e-05,2560.1640937680504,3.988228685568093e-07,1000000.0,200,50,4.0,4.0,512.0,512.0,0.4156041145324707,1.7145953659783117,8.214514827006496,2368.1000710559892
hc10p.txt,150,all,392,null,OPTIMAL,OPTIMAL,OPTIMAL,OPTIMAL,True,0.9998273156745353,0.9997492429919782,0.9997492429919782,0.9997492429919782,0.9998273156745353,42.0,97.61945877220349,-0.9998273156745353,-0.9997492429919782,-0.999997787909548,0.00017047223501265307,-7.807268255710653e-05,2346.4521958654623,3.3647860711235456e-07,1000000.0,200,42,3.0,3.0,512.0,512.0,0.4219939708709717,2.0598305629973765,8.256568382988917,2376.356655116979
hc10p.txt,150,all,393,null,OPTIMAL,OPTIMAL,OPTIMAL,OPTIMAL,True,0.9998273156745353,0.9997818698227451,0.9997818698227451,0.9997818698227451,0.9998273156745353,42.0,97.61945877220349,-0.9998273156745353,-0.9997818698227451,-0.9999972570479877,0.0001699413734523869,-4.5445851790226754e-05,2142.037872187597,4.366299900510327e-07,1000000.0,200,35,3.0,3.0,512.0,512.0,0.4169280529022217,1.8356688909989316,7.899487774993759,2384.256157554977
hc10p.txt,150,all,394,null,OPTIMAL,OPTIMAL,OPTIMAL,OPTIMAL,True,0.9998273156745353,0.9997392832286113,0.9997392832286113,0.9997392832286113,0.9998273156745353,42.0,97.61945877220349,-0.9998273156745353,-0.9997392832286113,-0.9999974315853007,0.00017011591076543375,-8.803244592403558e-05,2172.414840548331,4.1371768099169927e-07,1000000.0,200,36,3.0,3.0,512.0,512.0,0.3942680358886719,1.5957161980040837,7.5976015950145666,2391.8537846279796
hc10p.txt,150,all,395,null,OPTIMAL,OPTIMAL,OPTIMAL,OPTIMAL,True,0.9998273156745353,0.9997424919957011,0.9997424919957011,0.9997424919957011,0.9998273156745353,42.0,97.61945877220349,-0.9998273156745353,-0.9997424919957011,-0.9999979789696652,0.00017066329512993583,-8.48236788342227e-05,2585.633868329352,4.171109515705736e-07,1000000.0,200,51,3.0,3.0,512.0,512.0,0.40466809272766113,1.707715411001118,7.965666936011985,2399.819465419976
hc10p.txt,150,all,396,null,OPTIMAL,OPTIMAL,OPTIMAL,OPTIMAL,True,0.9998273156745353,0.9998400740204026,0.9998400740204026,0.9998400740204026,0.9998400740204026,42.0,97.61942839518952,-0.9998273156745353,-0.9998400740204026,-0.9999977066384614,0.00017039096392612585,1.2758345867336374e-05,2015.949018388923,3.242887923464727e-07,1000000.0,200,31,3.0,3.0,512.0,512.0,0.34645891189575195,1.8493047180236317,8.107063005008968,2407.926543590991
hc10p.txt,150,all,397,null,OPTIMAL,OPTIMAL,OPTIMAL,OPTIMAL,True,0.9998273156745353,0.9997731293573887,0.9997731293573887,0.9997731293573887,0.9998400740204026,42.0,97.61942839518952,-0.9998273156745353,-0.9997731293573887,-0.9999963966883461,0.0001690810138107457,-5.4186317146598384e-05,2202.3840158092153,5.851464795568279e-07,1000000.0,200,37,3.0,3.0,512.0,512.0,0.48181986808776855,1.5163681189878844,7.498767366982065,2415.4253248169844
hc10p.txt,150,all,398,null,OPTIMAL,OPTIMAL,OPTIMAL,OPTIMAL,True,0.9998273156745353,0.9997837848541703,0.9997837848541703,0.9997837848541703,0.9998400740204026,42.0,97.61942839518952,-0.9998273156745353,-0.9997837848541703,-0.9999977977862554,0.00017048211172010497,-4.353082036501199e-05,2534.426204083736,3.59346989179139e-07,1000000.0,200,49,3.0,3.0,512.0,511.99999999999994,0.4213740825653076,1.8358882929896936,8.361071772000287,2423.786412380985
hc10p.txt,150,all,399,null,OPTIMAL,OPTIMAL,OPTIMAL,OPTIMAL,True,0.9998273156745353,0.9998296812895028,0.9998296812895028,0.9998296812895028,0.9998400740204026,42.0,97.61942839518952,-0.9998273156745353,-0.9998296812895028,-0.999997716318112,0.0001704006435766514,2.365614967470009e-06,2261.1092770591613,3.513710379662603e-07,1000000.0,200,39,3.0,3.0,512.0,512.0,0.3835761547088623,1.8568783960072324,8.055666132975603,2431.8420928849955
hc10p.txt,150,all,400,null,OPTIMAL,OPTIMAL,OPTIMAL,OPTIMAL,True,0.9998273156745353,0.9997160537584336,0.9997160537584336,0.9997160537584336,0.9998400740204026,42.0,97.61942839518952,-0.9998273156745353,-0.9997160537584336,-0.9999964372511241,0.00016912157658877103,-0.00011126191610166813,2202.376231609852,5.608327264130428e-07,1000000.0,200,37,3.0,3.0,512.0,512.0,0.45302391052246094,1.975261406012578,8.139970293996157,2439.982077222987
hc10p.txt,150,all,401,null,OPTIMAL,OPTIMAL,OPTIMAL,OPTIMAL,True,0.9998273156745353,0.9998011860565555,0.9998011860565555,0.9998011860565555,0.9998400740204026,42.0,97.61942839518952,-0.9998273156745353,-0.9998011860565555,-0.9999978455329745,0.00017052985843923896,-2.612961797976432e-05,2374.216639416039,3.706115281085196e-07,1000000.0,200,43,3.0,3.0,512.0,512.0,0.35573506355285645,2.0643984290072694,8.600336358009372,2448.582494357979
hc10p.txt,150,all,402,serious,OPTIMAL,OPTIMAL,OPTIMAL,OPTIMAL,True,0.9998607999360313,0.9998607999360313,0.9998607999360313,0.9998607999360313,0.9998607999360313,42.0,97.61937904777135,-0.9998607999360313,-0.9998607999360313,-0.9999977723422776,0.0001704566677422914,3.348426149596406e-05,2142.0338229320823,3.774025266525016e-07,700000.0,200,35,3.0,3.0,512.0,512.0,0.4100790023803711,1.7353793079964817,7.959102206979878,2456.5416150559904
hc10p.txt,150,all,403,null,OPTIMAL,OPTIMAL,OPTIMAL,OPTIMAL,True,0.9998607999360313,0.9996432520859112,0.9996432520859112,0.9996432520859112,0.9998607999360313,42.0,97.61937904777135,-0.9998607999360313,-0.9996432520859112,-0.9999979341962112,0.00013713426017991637,-0.00021754785012007005,2610.8643091713766,4.2029638288409035e-07,1000000.0,200,52,3.7826878917692324,3.7826878917692324,512.0,512.0,0.5209498405456543,1.6580354030011222,7.951170263986569,2464.492801172979
hc10p.txt,150,all,404,null,OPTIMAL,OPTIMAL,OPTIMAL,OPTIMAL,True,0.9998607999360313,0.9998638007834203,0.9998638007834203,0.9998638007834203,0.9998638007834203,42.0,97.61937190289662,-0.9998607999360313,-0.9998638007834203,-0.9999978802418283,0.00013708030579706598,3.0008473890230647e-06,2079.9578413273443,2.945783793949028e-07,1000000.0,200,33,3.0,3.0,512.0,512.0,0.40705204010009766,1.574169361992972,8.161374269984663,2472.6541906099883
hc10p.txt,150,all,405,null,OPTIMAL,OPTIMAL,OPTIMAL,OPTIMAL,True,0.9998607999360313,0.9998546398805322,0.9998546398805322,0.9998546398805322,0.9998638007834203,42.0,97.61937190289662,-0.9998607999360313,-0.9998546398805322,-0.9999978878767544,0.00013708794072309072,-6.160055499027095e-06,1983.1815034071465,3.281026893660425e-07,1000000.0,200,30,4.0,4.0,512.0,512.0,0.43975281715393066,1.8141178929945454,8.38665273800143,2481.040859280998
hc10p.txt,150,all,406,null,OPTIMAL,OPTIMAL,OPTIMAL,OPTIMAL,True,0.9998607999360313,0.9997493158395306,0.9997493158395306,0.9997493158395306,0.9998638007834203,42.0,97.61937190289662,-0.9998607999360313,-0.9997493158395306,-0.999996623703774,0.00013582376774268212,-0.00011148409650063584,1949.8452047158687,6.067580363594721e-07,1000000.0,200,29,3.0,3.0,512.0,512.0,0.3312978744506836,1.7915824159863405,7.648699526005657,2488.6895742809866
hc10p.txt,150,all,407,null,OPTIMAL,OPTIMAL,OPTIMAL,OPTIMAL,True,0.9998607999360313,0.9997544546313119,0.9997544546313119,0.9997544546313119,0.9998638007834203,42.0,97.61937190289662,-0.9998607999360313,-0.9997544546313119,-0.9999971757058801,0.00013637576984881772,-0.00010634530471942405,2172.40060959942,3.867766438422581e-07,1000000.0,200,36,3.0,3.0,512.0,511.99999999999994,0.4117319583892822,1.765706603997387,7.7562641319818795,2496.4458513149875
hc10p.txt,150,all,408,null,OPTIMAL,OPTIMAL,OPTIMAL,OPTIMAL,True,0.9998607999360313,0.9997705552489525,0.9997705552489525,0.9997705552489525,0.9998638007834203,42.0,97.61937190289662,-0.9998607999360313,-0.9997705552489525,-0.9999973043532094,0.00013650441717816264,-9.024468707874433e-05,2142.047346150704,3.529682820823764e-07,1000000.0,200,35,3.0,3.0,512.0,512.0,0.4002358913421631,1.9011404790217057,8.277890015015146,2504.723755784973
hc10p.txt,150,all,409,null,OPTIMAL,OPTIMAL,OPTIMAL,OPTIMAL,True,0.9998607999360313,0.9997721564967902,0.9997721564967902,0.9997721564967902,0.9998638007834203,42.0,97.61937190289662,-0.9998607999360313,-0.9997721564967902,-0.9999979070919923,0.00013710715596104706,-8.864343924108731e-05,2508.4510385579365,3.0886878807794893e-07,1000000.0,200,48,4.0,4.0,512.0,512.0,0.48600006103515625,1.927572445012629,8.34045063101803,2513.064223633992
hc10p.txt,150,all,410,null,OPTIMAL,OPTIMAL,OPTIMAL,OPTIMAL,True,0.9998607999360313,0.9998316840356295,0.9998316840356295,0.9998316840356295,0.9998638007834203,42.0,97.61937190289662,-0.9998607999360313,-0.9998316840356295,-0.9999980443526879,0.00013724441665663445,-2.911590040177714e-05,2172.4286090263595,3.914639188402171e-07,1000000.0,200,36,3.9269496073154353,3.9269496073154353,512.0,512.0,0.39159393310546875,1.6391569889965467,8.260660344996722,2521.3249003679957
hc10p.txt,150,all,411,null,OPTIMAL,OPTIMAL,OPTIMAL,OPTIMAL,True,0.9998607999360313,0.9998543693152199,0.9998543693152199,0.9998543693152199,0.9998638007834203,42.0,97.61937190289662,-0.9998607999360313,-0.9998543693152199,-0.999997917829137,0.00013711789310577593,-6.4306208114039975e-06,1983.1750333130924,3.073591510014715e-07,1000000.0,200,30,4.0,4.0,512.0,512.0,0.3959779739379883,1.7757151550031267,8.633695423981408,2529.958679233998
hc10p.txt,150,all,412,null,OPTIMAL,OPTIMAL,OPTIMAL,OPTIMAL,True,0.9998607999360313,0.9997539403540544,0.9997539403540544,0.9997539403540544,0.9998638007834203,42.0,97.61937190289662,-0.9998607999360313,-0.9997539403540544,-0.9999958914298912,0.00013509149385992902,-0.00010685958197687029,2048.193800501683,6.829281838101368e-07,1000000.0,200,32,3.0,3.0,512.0,512.0,0.41780591011047363,1.8298231980006676,8.27135902500595,2538.2300520009885
hc10p.txt,150,all,413,null,OPTIMAL,OPTIMAL,OPTIMAL,OPTIMAL,True,0.9998607999360313,0.9998148803213468,0.9998148803213468,0.9998148803213468,0.9998638007834203,42.0,97.61937190289662,-0.9998607999360313,-0.9998148803213468,-0.9999974676658908,0.0001366677298595409,-4.591961468447536e-05,1915.929353893386,2.7487802235402743e-07,1000000.0,200,28,4.0,4.0,512.0,512.0,0.4100501537322998,2.0337027740024496,8.17111514499993,2546.4011813709803
hc10p.txt,150,all,414,null,OPTIMAL,OPTIMAL,OPTIMAL,OPTIMAL,True,0.9998607999360313,0.9998184533035014,0.9998184533035014,0.9998184533035014,0.9998638007834203,42.0,97.61937190289662,-0.9998607999360313,-0.9998184533035014,-0.9999976702505102,0.00013687031447895404,-4.234663252988824e-05,2231.9227815304794,2.820144773459185e-07,1000000.0,200,38,3.0,3.0,512.0,512.0,0.39537715911865234,1.4659585079934914,7.480091564997565,2553.881287918979
hc10p.txt,150,all,415,null,OPTIMAL,OPTIMAL,OPTIMAL,OPTIMAL,True,0.9998607999360313,0.9993464635503383,0.9993464635503383,0.9993464635503383,0.9998638007834203,42.0,97.61937190289662,-0.9998607999360313,-0.9993464635503383,-0.9999926003706416,0.00013180043461036295,-0.0005143363856929817,2172.427820027908,1.421408914017987e-06,1000000.0,200,36,4.0,4.0,512.0,512.0,0.3372061252593994,1.8093782900250517,7.681760690989904,2561.5630641079915
hc10p.txt,150,all,416,null,OPTIMAL,OPTIMAL,OPTIMAL,OPTIMAL,True,0.9998607999360313,0.9997952406814742,0.9997952406814742,0.9997952406814742,0.9998638007834203,42.0,97.61937190289662,-0.9998607999360313,-0.9997952406814742,-0.9999976515347778,0.00013685159874654573,-6.555925455709044e-05,2318.359676513806,3.763584561931744e-07,1000000.0,200,41,4.0,4.0,512.0,512.0,0.37663698196411133,1.6573006600083318,8.020512315997621,2569.583591846982
hc10p.txt,150,all,417,null,OPTIMAL,OPTIMAL,OPTIMAL,OPTIMAL,True,0.9998607999360313,0.9998382025183506,0.9998382025183506,0.9998382025183506,0.9998638007834203,42.0,97.61937190289662,-0.9998607999360313,-0.9998382025183506,-0.9999975961624423,0.00013679622641105116,-2.2597417680625398e-05,2111.206985226267,3.1905570465658286e-07,1000000.0,200,34,3.0,3.0,512.0,512.0,0.5239131450653076,1.9121201359957922,8.399285926978337,2577.982890745974
hc10p.txt,150,all,418,null,OPTIMAL,OPTIMAL,OPTIMAL,OPTIMAL,True,0.9998607999360313,0.9996171307195035,0.9996171307195035,0.9996171307195035,0.9998638007834203,42.0,97.61937190289662,-0.9998607999360313,-0.9996171307195035,-0.9999953057555163,0.00013450581948504237,-0.0002436692165277421,2231.9229120876744,7.358207259876102e-07,1000000.0,200,38,3.0,3.0,512.0,512.0,0.38435816764831543,1.7684159930213355,8.682462402997771,2586.665368053975
hc10p.txt,150,all,419,null,OPTIMAL,OPTIMAL,OPTIMAL,OPTIMAL,True,0.9998607999360313,0.9998340301440284,0.9998340301440284,0.9998340301440284,0.9998638007834203,42.0,97.61937190289662,-0.9998607999360313,-0.9998340301440284,-0.9999977177882995,0.00013691785226821462,-2.676979200288976e-05,2318.3476921405836,3.2179686218089906e-07,1000000.0,200,41,3.559437349942769,3.559437349942769,512.0,512.0,0.44360899925231934,1.7811003139941022,7.998772358027054,2594.66415726798
hc10p.txt,150,all,420,null,OPTIMAL,OPTIMAL,OPTIMAL,OPTIMAL,True,0.9998607999360313,0.9998361237666188,0.9998361237666188,0.9998361237666188,0.9998638007834203,42.0,97.61937190289662,-0.9998607999360313,-0.9998361237666188,-0.9999977874754932,0.0001369875394618969,-2.4676169412485294e-05,2048.1932586870257,3.9663641025452613e-07,1000000.0,200,32,3.0,3.0,512.0,512.0,0.3778820037841797,2.114552116021514,8.258713696995983,2602.9228863909957
hc10p.txt,150,all,421,null,OPTIMAL,OPTIMAL,OPTIMAL,OPTIMAL,True,0.9998607999360313,0.9998651244069318,0.9998651244069318,0.9998651244069318,0.9998651244069318,42.0,97.61936875141207,-0.9998607999360313,-0.9998651244069318,-0.9999977501691775,0.0001369502331461936,4.324470900485267e-06,1983.159920430417,3.1788939499163923e-07,1000000.0,200,30,3.0,3.0,512.0,512.0,0.4069969654083252,1.7515175650187302,8.36853622199851,2611.2915040279913
hc10p.txt,150,all,422,serious,OPTIMAL,OPTIMAL,OPTIMAL,OPTIMAL,True,0.999876900508288,0.999876900508288,0.999876900508288,0.999876900508288,0.999876900508288,42.0,97.6193407130755,-0.999876900508288,-0.999876900508288,-0.9999977736670499,0.0001369737310186192,1.610057225676087e-05,1983.1636274568154,3.473622808986616e-07,700000.0,200,30,3.0,3.0,512.0,512.0,0.3385188579559326,1.9588802420184948,8.256727996980771,2619.5482479249767
hc10p.txt,150,all,423,null,OPTIMAL,OPTIMAL,OPTIMAL,OPTIMAL,True,0.999876900508288,0.9997063142575929,0.9997063142575929,0.9997063142575929,0.999876900508288,42.0,97.6193407130755,-0.999876900508288,-0.9997063142575929,-0.9999968240355758,0.00011992352728773525,-0.00017058625069510391,2261.1063982903565,7.24296011005593e-07,1000000.0,200,39,3.0,3.0,512.0,512.0,0.34319496154785156,1.5066981400013901,7.437172185978852,2626.9854340009915
hc10p.txt,150,all,424,null,OPTIMAL,OPTIMAL,OPTIMAL,OPTIMAL,True,0.999876900508288,0.9998081800396678,0.9998081800396678,0.9998081800396678,0.999876900508288,42.0,97.6193407130755,-0.999876900508288,-0.9998081800396678,-0.9999976251684972,0.0001207246602091816,-6.872046862027581e-05,2289.9051857967756,2.186357747364777e-07,1000000.0,200,40,3.0,3.0,512.0,512.0,0.37574315071105957,1.7164504099928308,7.608782506984426,2634.5942285549827
hc10p.txt,150,all,425,null,OPTIMAL,OPTIMAL,OPTIMAL,OPTIMAL,True,0.999876900508288,0.9998710506224971,0.9998710506224971,0.9998710506224971,0.999876900508288,42.0,97.6193407130755,-0.999876900508288,-0.9998710506224971,-0.9999974169840096,0.00012051647572153268,-5.849885790887299e-06,1810.4088537115608,2.1637647388479177e-07,1000000.0,200,25,3.0,3.0,512.0,512.0,0.32480597496032715,1.0366038009815384,7.256835417007096,2641.851076838997
hc10p.txt,150,all,426,null,OPTIMAL,OPTIMAL,OPTIMAL,OPTIMAL,True,0.999876900508288,0.9998405102630193,0.9998405102630193,0.9998405102630193,0.999876900508288,42.0,97.6193407130755,-0.999876900508288,-0.9998405102630193,-0.9999978574051654,0.00012095689687741107,-3.63902452686915e-05,2048.203497344052,2.8329107746321414e-07,1000000.0,200,32,4.0,4.0,512.0,512.0,0.48441600799560547,1.6542414130235557,7.852258790982887,2649.703348010982
hc10p.txt,150,all,427,null,OPTIMAL,OPTIMAL,OPTIMAL,OPTIMAL,True,0.999876900508288,0.9998570945767175,0.9998570945767175,0.9998570945767175,0.999876900508288,42.0,97.6193407130755,-0.999876900508288,-0.9998570945767175,-0.9999979972355406,0.0001210967272525787,-1.9805931570582302e-05,2111.2315553223957,3.6546368849295356e-07,1000000.0,200,34,4.0,4.0,512.0,512.0,0.39681410789489746,1.7634578360011801,8.573171745985746,2658.276532216987
hc10p.txt,150,all,428,null,OPTIMAL,OPTIMAL,OPTIMAL,OPTIMAL,True,0.999876900508288,0.9998507516074647,0.9998507516074647,0.9998507516074647,0.999876900508288,42.0,97.6193407130755,-0.999876900508288,-0.9998507516074647,-0.9999976626150134,0.00012076210672540277,-2.6148900823308452e-05,2172.403680782728,2.3102685998852595e-07,1000000.0,200,36,3.0,3.0,512.0,512.0,0.38272595405578613,1.531067075993633,7.6448732310091145,2665.9214208560006
hc10p.txt,150,all,429,null,OPTIMAL,OPTIMAL,OPTIMAL,OPTIMAL,True,0.999876900508288,0.9998625016043022,0.9998625016043022,0.9998625016043022,0.999876900508288,42.0,97.6193407130755,-0.999876900508288,-0.9998625016043022,-0.9999978255140027,0.00012092500571470044,-1.4398903985801681e-05,1949.835965360819,2.6499171433343904e-07,1000000.0,200,29,3.0,3.0,512.0,512.0,0.38706207275390625,1.5972245940065477,7.68774554101401,2673.6091837019776
hc10p.txt,150,all,430,null,OPTIMAL,OPTIMAL,OPTIMAL,OPTIMAL,True,0.999876900508288,0.9998594802213413,0.9998594802213413,0.9998594802213413,0.999876900508288,42.0,97.6193407130755,-0.999876900508288,-0.9998594802213413,-0.9999974586301091,0.0001205581218211016,-1.7420286946734365e-05,2015.936613508665,2.2828056799612617e-07,1000000.0,200,31,4.0,4.0,512.0,512.0,0.369920015335083,1.0804369169927668,7.13337529898854,2680.7425759219914
hc10p.txt,150,all,431,null,OPTIMAL,OPTIMAL,OPTIMAL,OPTIMAL,True,0.999876900508288,0.9998375435394863,0.9998375435394863,0.9998375435394863,0.999876900508288,42.0,97.6193407130755,-0.999876900508288,-0.9998375435394863,-0.9999975006440867,0.00012060013579862083,-3.9356968801751435e-05,2111.224844911465,2.331443895115617e-07,1000000.0,200,34,3.0,3.0,512.0,512.0,0.41164493560791016,1.660094602004392,8.043187016999582,2688.7860134039947
hc10p.txt,150,all,432,null,OPTIMAL,OPTIMAL,OPTIMAL,OPTIMAL,True,0.999876900508288,0.9998490076244916,0.9998490076244916,0.9998490076244916,0.999876900508288,42.0,97.6193407130755,-0.999876900508288,-0.9998490076244916,-0.9999967405065242,0.00011983999823617086,-2.789288379645427e-05,1773.855903044062,3.556370247758648e-07,1000000.0,200,24,3.0,3.0,512.0,512.0,0.3798050880432129,1.6669553029933013,7.893858928990085,2696.67988717198
hc10p.txt,150,all,433,null,OPTIMAL,OPTIMAL,OPTIMAL,OPTIMAL,True,0.999876900508288,0.999780833453111,0.999780833453111,0.999780833453111,0.999876900508288,42.0,97.6193407130755,-0.999876900508288,-0.999780833453111,-0.9999971599447638,0.00012025943647575588,-9.60670551770626e-05,2202.35673090067,2.925151220556874e-07,1000000.0,200,37,3.0,3.0,512.0,512.0,0.5058939456939697,1.4693560200103093,7.792760813987115,2704.472664588975
hc10p.txt,150,all,434,null,OPTIMAL,OPTIMAL,OPTIMAL,OPTIMAL,True,0.999876900508288,0.9998050231692909,0.9998050231692909,0.9998050231692909,0.999876900508288,42.0,97.6193407130755,-0.999876900508288,-0.9998050231692909,-0.9999978942701682,0.00012099376188012823,-7.187733899716164e-05,2346.449942410395,3.545161902711236e-07,1000000.0,200,42,4.0,4.0,512.0,512.0,0.5296549797058105,1.5433501760126092,7.587202295981115,2712.0598829449737
hc10p.txt,150,all,435,null,OPTIMAL,OPTIMAL,OPTIMAL,OPTIMAL,True,0.999876900508288,0.9998530626346677,0.9998530626346677,0.9998530626346677,0.999876900508288,42.0,97.6193407130755,-0.999876900508288,-0.9998530626346677,-0.9999978873388633,0.00012098683057526483,-2.3837873620369265e-05,2374.218889581563,3.332141929260364e-07,1000000.0,200,43,4.0,4.0,512.0,512.0,0.4513261318206787,1.8589438339986373,7.877602107007988,2719.9375006879854
hc10p.txt,150,all,436,serious,OPTIMAL,OPTIMAL,OPTIMAL,OPTIMAL,True,0.9998911489874983,0.9998911489874983,0.9998911489874983,0.9998911489874983,0.9998911489874983,42.0,97.619306788125,-0.9998911489874983,-0.9998911489874983,-0.9999976006804097,0.00012070017212162387,1.4248479210277054e-05,2079.9421821645733,3.0205607078352123e-07,700000.0,200,33,3.0,3.0,512.0,512.0,0.37461400032043457,1.3814309670124203,7.356045662978431,2727.293560924998
hc10p.txt,150,all,437,null,OPTIMAL,OPTIMAL,OPTIMAL,OPTIMAL,True,0.9998911489874983,0.9996537024024087,0.9996537024024087,0.9996537024024087,0.9998911489874983,42.0,97.619306788125,-0.9998911489874983,-0.9996537024024087,-0.9999975706596044,0.00010642167210606068,-0.0002374465850896179,2660.598860082348,3.4977152350286097e-07,1000000.0,200,54,5.0,5.0,512.0,512.0,0.37264108657836914,1.634321933001047,8.471838021010626,2735.765412813984
hc10p.txt,150,all,438,null,OPTIMAL,OPTIMAL,OPTIMAL,OPTIMAL,True,0.9998911489874983,0.9995244888818325,0.9995244888818325,0.9995244888818325,0.9998911489874983,42.0,97.619306788125,-0.9998911489874983,-0.9995244888818325,-0.9999931269941001,0.00010197800660183276,-0.00036666010566577256,2048.2280387245683,1.0791783542656384e-06,1000000.0,200,32,4.0,4.0,512.0,512.0,0.4143040180206299,2.268875178997405,8.648703714978183,2744.4141312319844
hc10p.txt,150,all,439,null,OPTIMAL,OPTIMAL,OPTIMAL,OPTIMAL,True,0.9998911489874983,0.9998083997473418,0.9998083997473418,0.9998083997473418,0.9998911489874983,42.0,97.619306788125,-0.9998911489874983,-0.9998083997473418,-0.9999980961654602,0.00010694717796189135,-8.274924015649887e-05,2401.647013614127,3.7533257467860164e-07,1000000.0,200,44,3.7281683521298206,3.7281683521298206,512.0,512.0,0.4127011299133301,1.4469780680083204,7.808351935003884,2752.2224975919817
hc10p.txt,150,all,440,null,OPTIMAL,OPTIMAL,OPTIMAL,OPTIMAL,True,0.9998911489874983,0.9995062002570904,0.9995062002570904,0.9995062002570904,0.9998911489874983,42.0,97.619306788125,-0.9998911489874983,-0.9995062002570904,-0.999993595484068,0.00010244649656965255,-0.0003849487304079524,1983.2024675231507,1.105325661008879e-06,1000000.0,200,30,4.0,4.0,512.0,512.0,0.34958696365356445,2.206202577013755,8.796912562014768,2761.019425345992
hc10p.txt,150,all,441,null,OPTIMAL,OPTIMAL,OPTIMAL,OPTIMAL,True,0.9998911489874983,0.9995157308816319,0.9995157308816319,0.9995157308816319,0.9998911489874983,42.0,97.619306788125,-0.9998911489874983,-0.9995157308816319,-0.9999936513367136,0.00010250234921527213,-0.00037541810586638746,2289.940851292058,1.0302298802767581e-06,1000000.0,200,40,5.0,5.0,512.0,512.0,0.41115903854370117,2.0441024799947627,8.073316852998687,2769.092814631993
hc10p.txt,150,all,442,null,OPTIMAL,OPTIMAL,OPTIMAL,OPTIMAL,True,0.9998911489874983,0.9996183872758256,0.9996183872758256,0.9996183872758256,0.9998911489874983,42.0,97.619306788125,-0.9998911489874983,-0.9996183872758256,-0.9999940185622398,0.00010286957474148206,-0.0002727617116726755,2142.0909461873575,1.1301553983114144e-06,1000000.0,200,35,5.0,5.0,512.0,512.0,0.4502840042114258,1.8276464880036656,8.31712298002094,2777.4099555009743
hc10p.txt,150,all,443,null,OPTIMAL,OPTIMAL,OPTIMAL,OPTIMAL,True,0.9998911489874983,0.9997169499555306,0.9997169499555306,0.9997169499555306,0.9998911489874983,42.0,97.619306788125,-0.9998911489874983,-0.9997169499555306,-0.9999942647265452,0.00010311573904686622,-0.00017419903196769226,2172.4733885771957,9.746035396354106e-07,1000000.0,200,36,5.0,5.0,512.0,512.0,0.31280088424682617,1.9149310810025781,8.244940827979008,2785.6549140759744
hc10p.txt,150,all,444,null,OPTIMAL,OPTIMAL,OPTIMAL,OPTIMAL,True,0.9998911489874983,0.9997548872262693,0.9997548872262693,0.9997548872262693,0.9998911489874983,42.0,97.619306788125,-0.9998911489874983,-0.9997548872262693,-0.9999943109706186,0.00010316198312032565,-0.00013626176122905065,2202.422046265634,9.702724198301533e-07,1000000.0,200,37,5.0,5.0,512.0,512.0,0.4545719623565674,3.033609514008276,9.2070723400102,2794.8620040909736
hc10p.txt,150,all,445,null,OPTIMAL,OPTIMAL,OPTIMAL,OPTIMAL,True,0.9998911489874983,0.9998007961596288,0.9998007961596288,0.9998007961596288,0.9998911489874983,42.0,97.619306788125,-0.9998911489874983,-0.9998007961596288,-0.999995504970206,0.0001043559827076379,-9.035282786951093e-05,2048.178216247031,5.458979826084225e-07,1000000.0,200,32,4.0,4.0,512.0,512.0,0.37846803665161133,1.3254809479985852,7.902234349981882,2802.76425430199
hc10p.txt,150,all,446,null,OPTIMAL,OPTIMAL,OPTIMAL,OPTIMAL,True,0.9998911489874983,0.9997602100588113,0.9997602100588113,0.9997602100588113,0.9998911489874983,42.0,97.619306788125,-0.9998911489874983,-0.9997602100588113,-0.9999947998287522,0.00010365084125385504,-0.00013093892868698553,1949.8678329034185,8.697168889416398e-07,1000000.0,200,29,4.0,4.0,512.0,512.0,0.30423498153686523,1.6763504859991372,7.78738154398161,2810.5516496789933
hc10p.txt,150,all,447,null,OPTIMAL,OPTIMAL,OPTIMAL,OPTIMAL,True,0.9998911489874983,0.9997657797807228,0.9997657797807228,0.9997657797807228,0.9998911489874983,42.0,97.619306788125,-0.9998911489874983,-0.9997657797807228,-0.9999950081945245,0.00010385920702615792,-0.00012536920677552743,2111.2219827296753,6.185945519231482e-07,1000000.0,200,34,4.0,4.0,512.0,512.0,0.3126521110534668,1.4253635880013462,7.4430666620028205,2817.9947299259948
hc10p.txt,150,all,448,null,OPTIMAL,OPTIMAL,OPTIMAL,OPTIMAL,True,0.9998911489874983,0.9998376773912764,0.9998376773912764,0.9998376773912764,0.9998911489874983,42.0,97.619306788125,-0.9998911489874983,-0.9998376773912764,-0.9999958751153247,0.00010472612782641555,-5.3471596221932316e-05,1846.2462259493518,4.691031552789288e-07,1000000.0,200,26,4.0,4.0,512.0,512.0,0.34311699867248535,1.521275805978803,8.092283199977828,2826.0870292409963
hc10p.txt,150,all,449,null,OPTIMAL,OPTIMAL,OPTIMAL,OPTIMAL,True,0.9998911489874983,0.9997551892057966,0.9997551892057966,0.9997551892057966,0.9998911489874983,42.0,97.619306788125,-0.9998911489874983,-0.9997551892057966,-0.9999981658187203,0.00010701683122193995,-0.00013595978170166667,2455.6291480431687,4.2048884486168965e-07,1000000.0,200,46,3.0,3.0,512.0,512.0,0.3356039524078369,1.7079623939935118,8.261143907002406,2834.348190172983
hc10p.txt,150,all,450,null,OPTIMAL,OPTIMAL,OPTIMAL,OPTIMAL,True,0.9998911489874983,0.9997645387518851,0.9997645387518851,0.9997645387518851,0.9998911489874983,42.0,97.619306788125,-0.9998911489874983,-0.9997645387518851,-0.9999955631375175,0.00010441415001916088,-0.0001266102356132226,1949.8465108120045,6.287027769079865e-07,1000000.0,200,29,3.9469790452367617,3.9469790452367617,512.0,512.0,0.3770179748535156,1.3992366569873411,7.7415161870012525,2842.089721049997
hc10p.txt,150,all,451,null,OPTIMAL,OPTIMAL,OPTIMAL,OPTIMAL,True,0.9998911489874983,0.9998038534204844,0.9998038534204844,0.9998038534204844,0.9998911489874983,42.0,97.619306788125,-0.9998911489874983,-0.9998038534204844,-0.9999964855448923,0.00010533655739397574,-8.729556701392305e-05,2231.9329613464183,4.01722259398698e-07,1000000.0,200,38,3.0,3.0,512.0,512.0,0.3027470111846924,1.5854949210188352,7.456569572997978,2849.5463647389843
hc10p.txt,150,all,452,null,OPTIMAL,OPTIMAL,OPTIMAL,OPTIMAL,True,0.9998911489874983,0.999876751540529,0.999876751540529,0.999876751540529,0.9998911489874983,42.0,97.619306788125,-0.9998911489874983,-0.999876751540529,-0.9999960148671723,0.00010486587967395433,-1.4397446969294236e-05,1493.0000983573227,4.1192835950734853e-07,1000000.0,200,17,3.0,3.0,512.0,512.0,0.372222900390625,1.764602654002374,7.9047717489884235,2857.451149125991
hc10p.txt,150,all,453,null,OPTIMAL,OPTIMAL,OPTIMAL,OPTIMAL,True,0.9998911489874983,0.9997980757169552,0.9997980757169552,0.9997980757169552,0.9998911489874983,42.0,97.619306788125,-0.9998911489874983,-0.9997980757169552,-0.9999955468880529,0.00010439790055460918,-9.3073270543087e-05,1915.9211326792793,5.063517234174349e-07,1000000.0,200,28,3.0,3.0,512.0,512.0,0.3350949287414551,1.6291510749724694,7.851310622994788,2865.302473402
hc10p.txt,150,all,454,null,OPTIMAL,OPTIMAL,OPTIMAL,OPTIMAL,True,0.9998911489874983,0.9998075368846081,0.9998075368846081,0.9998075368846081,0.9998911489874983,42.0,97.619306788125,-0.9998911489874983,-0.9998075368846081,-0.999994766445561,0.00010361745806264366,-8.361210289020704e-05,1698.3660150352312,6.048186818250635e-07,1000000.0,200,22,4.0,4.0,512.0,512.0,0.3140408992767334,1.9123261230124626,7.9623288119910285,2873.264818098978
hc10p.txt,150,all,455,null,OPTIMAL,OPTIMAL,OPTIMAL,OPTIMAL,True,0.9998911489874983,0.999711127627649,0.999711127627649,0.999711127627649,0.9998911489874983,42.0,97.619306788125,-0.9998911489874983,-0.999711127627649,-0.999993465452452,0.00010231646495373337,-0.00018002135984929168,2015.9768669306816,9.315610181807751e-07,1000000.0,200,31,4.0,4.0,512.0,512.0,0.4106581211090088,1.5952025009901263,7.624858303024666,2880.889695563994
hc10p.txt,150,all,456,null,OPTIMAL,OPTIMAL,OPTIMAL,OPTIMAL,True,0.9998911489874983,0.9998010833814709,0.9998010833814709,0.9998010833814709,0.9998911489874983,42.0,97.619306788125,-0.9998911489874983,-0.9998010833814709,-0.999996032962795,0.00010488397529673232,-9.006560602742297e-05,2015.9340105653982,3.860253041750178e-07,1000000.0,200,31,3.0,3.0,512.0,512.0,0.4576270580291748,1.6512510909815319,7.985697617026744,2888.87541091998
hc10p.txt,150,all,457,null,OPTIMAL,OPTIMAL,OPTIMAL,OPTIMAL,True,0.9998911489874983,0.9997574046922745,0.9997574046922745,0.9997574046922745,0.9998911489874983,42.0,97.619306788125,-0.9998911489874983,-0.9997574046922745,-0.999998178351577,0.00010702936407869235,-0.00013374429522383657,2482.1664530370313,4.7505680558485976e-07,1000000.0,200,47,3.0,3.0,512.0,512.0,0.3534879684448242,1.5898232419858687,7.405638248019386,2896.281063943985
hc10p.txt,150,all,458,null,OPTIMAL,OPTIMAL,OPTIMAL,OPTIMAL,True,0.9998911489874983,0.999748517311498,0.999748517311498,0.999748517311498,0.9998911489874983,42.0,97.619306788125,-0.9998911489874983,-0.999748517311498,-0.9999960071014826,0.00010485811398430744,-0.00014263167600025994,2142.0305015661847,4.6631607684045125e-07,1000000.0,200,35,4.0,4.0,512.0,512.0,0.3578939437866211,1.7347063299966976,7.6666845210129395,2903.947768361977
hc10p.txt,150,all,459,null,OPTIMAL,OPTIMAL,OPTIMAL,OPTIMAL,True,0.9998911489874983,0.9998230497697286,0.9998230497697286,0.9998230497697286,0.9998911489874983,42.0,97.619306788125,-0.9998911489874983,-0.9998230497697286,-0.9999981434542051,0.00010699446670681123,-6.809921776973482e-05,2289.9030582777214,4.950532917043637e-07,1000000.0,200,40,4.0,4.0,512.0,512.0,0.316910982131958,1.6865768090065103,7.767758114001481,2911.715555289993
hc10p.txt,150,all,460,null,OPTIMAL,OPTIMAL,OPTIMAL,OPTIMAL,True,0.9998911489874983,0.9998112635306372,0.9998112635306372,0.9998112635306372,0.9998911489874983,42.0,97.619306788125,-0.9998911489874983,-0.9998112635306372,-0.9999945920903649,0.00010344310286658498,-7.988545686110626e-05,1810.4419089764328,6.475416666627953e-07,1000000.0,200,25,4.0,4.0,512.0,512.0,0.4431800842285156,2.037015292997239,8.216912839008728,2919.932484503981
hc10p.txt,150,all,461,null,OPTIMAL,OPTIMAL,OPTIMAL,OPTIMAL,True,0.9998911489874983,0.999705314434922,0.999705314434922,0.999705314434922,0.9998911489874983,42.0,97.619306788125,-0.9998911489874983,-0.999705314434922,-0.9999953597904361,0.0001042108029377653,-0.00018583455257625836,2142.0926548030625,8.958604017431036e-07,1000000.0,200,35,4.0,4.0,512.0,512.0,0.3877451419830322,1.9168435819738079,8.282682132994523,2928.215252155991
hc10p.txt,150,all,462,null,OPTIMAL,OPTIMAL,OPTIMAL,OPTIMAL,True,0.9998911489874983,0.9998009891738598,0.9998009891738598,0.9998009891738598,0.9998911489874983,42.0,97.619306788125,-0.9998911489874983,-0.9998009891738598,-0.999994857334832,0.00010370834733364198,-9.015981363846848e-05,1916.0233579376945,9.631434752466816e-07,1000000.0,200,28,5.0,5.0,512.0,512.0,0.37294912338256836,1.4670717009867076,7.704017748008482,2935.9192847349914
hc10p.txt,150,all,463,null,OPTIMAL,OPTIMAL,OPTIMAL,OPTIMAL,True,0.9998911489874983,0.9998079401057979,0.9998079401057979,0.9998079401057979,0.9998911489874983,42.0,97.619306788125,-0.9998911489874983,-0.9998079401057979,-0.9999961113634919,0.00010496237599355585,-8.320888170043617e-05,1881.4023341862621,3.673382783020438e-07,1000000.0,200,27,3.0,3.0,512.0,512.0,0.36985087394714355,2.3590216279844753,8.412997365987394,2944.3322994369955
hc10p.txt,150,all,464,null,OPTIMAL,OPTIMAL,OPTIMAL,OPTIMAL,True,0.9998911489874983,0.9998714491161932,0.9998714491161932,0.9998714491161932,0.9998911489874983,42.0,97.619306788125,-0.9998911489874983,-0.9998714491161932,-0.9999953687232411,0.00010421973574281651,-1.9699871305123295e-05,1846.2379474796799,3.3978950962744476e-07,1000000.0,200,26,3.0,3.0,512.0,512.0,0.29116392135620117,1.6183928970131092,7.8035680079774465,2952.13588408698
hc10p.txt,150,all,465,null,OPTIMAL,OPTIMAL,OPTIMAL,OPTIMAL,True,0.9998911489874983,0.9996632977646002,0.9996632977646002,0.9996632977646002,0.9998911489874983,42.0,97.619306788125,-0.9998911489874983,-0.9996632977646002,-0.9999947949282311,0.00010364594073275502,-0.00022785122289814552,2172.4840345023326,1.0375867582008252e-06,1000000.0,200,36,4.0,4.0,512.0,512.0,0.3208940029144287,2.164247628999874,8.329678976995638,2960.465578517993
hc10p.txt,150,all,466,null,OPTIMAL,OPTIMAL,OPTIMAL,OPTIMAL,True,0.9998911489874983,0.9998570244571007,0.9998570244571007,0.9998570244571007,0.9998911489874983,42.0,97.619306788125,-0.9998911489874983,-0.9998570244571007,-0.9999963854389163,0.00010523645141802263,-3.4124530397638964e-05,1915.9256670569107,2.901400282367765e-07,1000000.0,200,28,4.0,4.0,512.0,512.0,0.35274505615234375,1.5968454369867686,7.621926733991131,2968.0875205489865
hc10p.txt,150,all,467,null,OPTIMAL,OPTIMAL,OPTIMAL,OPTIMAL,True,0.9998911489874983,0.9998923163264452,0.9998923163264452,0.9998923163264452,0.9998923163264452,42.0,97.61930400874657,-0.9998911489874983,-0.9998923163264452,-0.9999949147893072,0.00010376580180893047,1.1673389468391804e-06,1305.6477252627117,3.39471331723818e-07,1000000.0,200,13,3.0,3.0,512.0,512.0,0.3210110664367676,2.2241627869952936,8.247813276015222,2976.335349893983
hc10p.txt,150,all,468,null,OPTIMAL,OPTIMAL,OPTIMAL,OPTIMAL,True,0.9998911489874983,0.9996863919146498,0.9996863919146498,0.9996863919146498,0.9998923163264452,42.0,97.61930400874657,-0.9998911489874983,-0.9996863919146498,-0.9999940674034218,0.00010291841592346973,-0.00020475707284850486,1881.442838376647,7.061909400831314e-07,1000000.0,200,27,4.0,4.0,512.0,512.0,0.32497096061706543,1.8513118739938363,8.01144123301492,2984.346806114976
hc10p.txt,150,all,469,null,OPTIMAL,OPTIMAL,OPTIMAL,OPTIMAL,True,0.9998911489874983,0.999716992404272,0.999716992404272,0.999716992404272,0.9998923163264452,42.0,97.61930400874657,-0.9998911489874983,-0.999716992404272,-0.9999968033118581,0.00010565432435982736,-0.00017415658322628147,2318.3356971693856,3.9067451667496875e-07,1000000.0,200,41,3.0,3.0,512.0,512.0,0.40828680992126465,1.4332872680097353,7.443737013993086,2991.7905592819734
hc10p.txt,150,all,470,null,OPTIMAL,OPTIMAL,OPTIMAL,OPTIMAL,True,0.9998911489874983,0.9997670344912158,0.9997670344912158,0.9997670344912158,0.9998923163264452,42.0,97.61930400874657,-0.9998911489874983,-0.9997670344912158,-0.9999936217913575,0.00010247280385922153,-0.00012411449628246807,1983.1671742595604,5.152325464342764e-07,1000000.0,200,30,3.0,3.0,512.0,512.0,0.3193068504333496,1.9702067040198017,8.091617843980202,2999.8821930330014
hc10p.txt,150,all,471,null,OPTIMAL,OPTIMAL,OPTIMAL,OPTIMAL,True,0.9998911489874983,0.9997566540452946,0.9997566540452946,0.9997566540452946,0.9998923163264452,42.0,97.61930400874657,-0.9998911489874983,-0.9997566540452946,-0.9999956430769984,0.00010449408950008454,-0.00013449494220374447,2172.391614704622,3.9761463382419836e-07,1000000.0,200,36,3.0,3.0,512.0,512.0,0.43279218673706055,1.3989374930097256,8.021696931013139,3007.90396092998
hc10p.txt,150,all,472,null,OPTIMAL,OPTIMAL,OPTIMAL,OPTIMAL,True,0.9998911489874983,0.9998402192792367,0.9998402192792367,0.9998402192792367,0.9998923163264452,42.0,97.61930400874657,-0.9998911489874983,-0.9998402192792367,-0.9999961576478987,0.00010500866040041856,-5.0929708261593376e-05,2079.932644776852,3.387791143643787e-07,1000000.0,200,33,3.0,3.0,512.0,512.0,0.37264585494995117,1.750794572988525,7.711312150990125,3015.615288449975
hc10p.txt,150,all,473,null,OPTIMAL,OPTIMAL,OPTIMAL,OPTIMAL,True,0.9998911489874983,0.9998343654843281,0.9998343654843281,0.9998343654843281,0.9998923163264452,42.0,97.61930400874657,-0.9998911489874983,-0.9998343654843281,-0.9999960032801974,0.00010485429269913027,-5.6783503170176886e-05,2142.0595174083037,3.860294533335992e-07,1000000.0,200,35,4.0,4.0,512.0,512.0,0.357058048248291,1.5547484009875916,7.707045417977497,3023.3223492589896
hc10p.txt,150,all,474,null,OPTIMAL,OPTIMAL,OPTIMAL,OPTIMAL,True,0.9998911489874983,0.9998542642748348,0.9998542642748348,0.9998542642748348,0.9998923163264452,42.0,97.61930400874657,-0.9998911489874983,-0.9998542642748348,-0.9999963791745353,0.0001052301870370087,-3.6884712663498576e-05,1915.9079223285864,3.551174703438382e-07,1000000.0,200,28,3.0,3.0,512.0,512.0,0.3360161781311035,1.6929570140200667,7.84406980802305,3031.1664355469984
hc10p.txt,150,all,475,null,OPTIMAL,OPTIMAL,OPTIMAL,OPTIMAL,True,0.9998911489874983,0.9998357650407402,0.9998357650407402,0.9998357650407402,0.9998923163264452,42.0,97.61930400874657,-0.9998911489874983,-0.9998357650407402,-0.9999959352911405,0.00010478630364219033,-5.538394675808078e-05,2048.2585156890127,5.974192223931662e-07,1000000.0,200,32,4.0,4.0,512.0,512.0,0.35066914558410645,1.670317410986172,7.61905258501065,3038.7855105769995
hc10p.txt,150,all,476,null,OPTIMAL,OPTIMAL,OPTIMAL,OPTIMAL,True,0.9998911489874983,0.9998241140467298,0.9998241140467298,0.9998241140467298,0.9998923163264452,42.0,97.61930400874657,-0.9998911489874983,-0.9998241140467298,-0.9999942318456018,0.00010308285810345375,-6.703494076854e-05,1915.9207458349767,5.534194900156005e-07,1000000.0,200,28,3.0,3.0,512.0,512.0,0.3627150058746338,1.5708321160054766,8.12433466600487,3046.9098617659765
hc10p.txt,150,all,477,null,OPTIMAL,OPTIMAL,OPTIMAL,OPTIMAL,True,0.9998911489874983,0.9998520221851007,0.9998520221851007,0.9998520221851007,0.9998923163264452,42.0,97.61930400874657,-0.9998911489874983,-0.9998520221851007,-0.9999964060895528,0.00010525710205444572,-3.912680239759325e-05,1881.4154925120245,3.668964136530551e-07,1000000.0,200,27,3.0,3.0,512.0,512.0,0.39700889587402344,1.642616311000893,7.535498771001585,3054.4453747719817
hc10p.txt,150,all,478,null,OPTIMAL,OPTIMAL,OPTIMAL,OPTIMAL,True,0.9998911489874983,0.9998529674561479,0.9998529674561479,0.9998529674561479,0.9998923163264452,42.0,97.61930400874657,-0.9998911489874983,-0.9998529674561479,-0.9999975718769691,0.00010642288947082523,-3.8181531350378606e-05,2374.1965028798263,4.185684619937096e-07,1000000.0,200,43,3.0,3.0,512.0,512.0,0.33269691467285156,1.4934908089926466,7.437692434992641,3061.883082096989
hc10p.txt,150,all,479,null,OPTIMAL,OPTIMAL,OPTIMAL,OPTIMAL,True,0.9998911489874983,0.9998976363060629,0.9998976363060629,0.9998976363060629,0.9998976363060629,42.0,97.6192913421284,-0.9998911489874983,-0.9998976363060629,-0.9999971272945336,0.00010597830703529265,6.487318564563083e-06,1846.2461523206186,3.870873146817586e-07,1000000.0,200,26,3.0,3.0,512.0,511.99999999999994,0.44120001792907715,1.3402403850050177,7.800467691995436,3069.683563609986
hc10p.txt,150,all,480,null,OPTIMAL,OPTIMAL,OPTIMAL,OPTIMAL,True,0.9998911489874983,0.9998790024038154,0.9998790024038154,0.9998790024038154,0.9998976363060629,42.0,97.6192913421284,-0.9998911489874983,-0.9998790024038154,-0.9999953643776647,0.00010421539016636228,-1.2146583682870471e-05,1773.8352700100281,4.016967403350342e-07,1000000.0,200,24,4.0,4.0,512.0,512.0,0.373582124710083,1.3761413430038374,7.471598892996553,3077.1551766069897
hc10p.txt,150,all,481,null,OPTIMAL,OPTIMAL,OPTIMAL,OPTIMAL,True,0.9998911489874983,0.9997194318011268,0.9997194318011268,0.9997194318011268,0.9998976363060629,42.0,97.6192913421284,-0.9998911489874983,-0.9997194318011268,-0.9999944456470145,0.00010329665951613887,-0.00017171718637154498,2142.0939841197633,1.1168765510561348e-06,1000000.0,200,35,4.0,4.0,512.0,512.0,0.4396209716796875,1.7887595360225532,7.71906187600689,3084.8743140499864
hc10p.txt,150,all,482,null,OPTIMAL,OPTIMAL,OPTIMAL,OPTIMAL,True,0.9998911489874983,0.9997932044108785,0.9997932044108785,0.9997932044108785,0.9998976363060629,42.0,97.6192913421284,-0.9998911489874983,-0.9997932044108785,-0.9999973989012468,0.000106249913748524,-9.794457661982392e-05,2428.788487133019,4.625084645785675e-07,1000000.0,200,45,3.0,3.0,512.0,511.99999999999994,0.4048278331756592,1.5337085159844719,7.711937904998194,3092.5862668829795
hc10p.txt,150,all,483,null,OPTIMAL,OPTIMAL,OPTIMAL,OPTIMAL,True,0.9998911489874983,0.9998471985078862,0.9998471985078862,0.9998471985078862,0.9998976363060629,42.0,97.6192913421284,-0.9998911489874983,-0.9998471985078862,-0.9999946030869469,0.00010345409944856332,-4.39504796121426e-05,1773.907956117676,1.0799945618802996e-06,1000000.0,200,24,4.0,4.0,512.0,512.0,0.35203123092651367,1.809042155975476,8.259441345988307,3100.8457246889884
hc10p.txt,150,all,484,null,OPTIMAL,OPTIMAL,OPTIMAL,OPTIMAL,True,0.9998911489874983,0.9998270496815961,0.9998270496815961,0.9998270496815961,0.9998976363060629,42.0,97.6192913421284,-0.9998911489874983,-0.9998270496815961,-0.9999975273447916,0.00010637835729332412,-6.409930590223212e-05,2401.651570415028,5.029497043320419e-07,1000000.0,200,44,3.0,3.0,512.0,512.0,0.37337708473205566,1.4803503979928792,7.719235247990582,3108.5649753999896
hc10p.txt,150,all,485,null,OPTIMAL,OPTIMAL,OPTIMAL,OPTIMAL,True,0.9998911489874983,0.9998823958486184,0.9998823958486184,0.9998823958486184,0.9998976363060629,42.0,97.6192913421284,-0.9998911489874983,-0.9998823958486184,-0.9999962523468503,0.00010510335935198789,-8.753138879935562e-06,1846.235020232736,4.143073405389362e-07,1000000.0,200,26,3.0,3.0,512.0,512.0,0.3175830841064453,1.5562071500171442,7.83635442898958,3116.4013455029926
hc10p.txt,150,all,486,null,OPTIMAL,OPTIMAL,OPTIMAL,OPTIMAL,True,0.9998911489874983,0.9998298829405433,0.9998298829405433,0.9998298829405433,0.9998976363060629,42.0,97.6192913421284,-0.9998911489874983,-0.9998298829405433,-0.9999954253615397,0.0001042763740414232,-6.126604695499971e-05,1846.3430379067358,8.022226701823302e-07,1000000.0,200,26,4.0,4.0,512.0,511.99999999999994,0.41135191917419434,2.085974507004721,8.786492736020591,3125.187856388977
hc10p.txt,150,all,487,null,OPTIMAL,OPTIMAL,OPTIMAL,OPTIMAL,True,0.9998911489874983,0.9998668932650979,0.9998668932650979,0.9998668932650979,0.9998976363060629,42.0,97.6192913421284,-0.9998911489874983,-0.9998668932650979,-0.9999945770526429,0.00010342806514462843,-2.425572240039031e-05,1619.4104515659149,5.234958705777323e-07,1000000.0,200,20,4.0,4.0,512.0,512.0,0.3538379669189453,1.769097233976936,8.599922232999234,3133.7877952489944
hc10p.txt,150,all,488,null,OPTIMAL,OPTIMAL,OPTIMAL,OPTIMAL,True,0.9998911489874983,0.9997791466106826,0.9997791466106826,0.9997791466106826,0.9998976363060629,42.0,97.6192913421284,-0.9998911489874983,-0.9997791466106826,-0.9999971455056457,0.00010599651814735545,-0.00011200237681574521,2346.430710601901,4.938715159420634e-07,1000000.0,200,42,3.0,3.0,512.0,512.0,0.3071708679199219,1.2392624659987632,8.267081416008295,3142.0548921359878
hc10p.txt,150,all,489,null,OPTIMAL,OPTIMAL,OPTIMAL,OPTIMAL,True,0.9998911489874983,0.9998803684534453,0.9998803684534453,0.9998803684534453,0.9998976363060629,42.0,97.6192913421284,-0.9998911489874983,-0.9998803684534453,-0.999995159636769,0.00010401064927068049,-1.0780534053012047e-05,1659.3041005157156,4.60452991870158e-07,1000000.0,200,21,3.0,3.0,512.0,512.0,0.3861198425292969,1.7227203900110908,7.756122633989435,3149.811030077981
hc10p.txt,150,all,490,null,OPTIMAL,OPTIMAL,OPTIMAL,OPTIMAL,True,0.9998911489874983,0.9998840563776071,0.9998840563776071,0.9998840563776071,0.9998976363060629,42.0,97.6192913421284,-0.9998911489874983,-0.9998840563776071,-0.999994851088088,0.00010370210058974205,-7.0926098911794355e-06,1578.3406465500916,4.932875752853242e-07,1000000.0,200,19,3.0,3.0,512.0,512.0,0.3461799621582031,1.6372066000185441,7.788289621996228,3157.5993338709814
hc10p.txt,150,all,491,null,OPTIMAL,OPTIMAL,OPTIMAL,OPTIMAL,True,0.9998911489874983,0.9997686821925719,0.9997686821925719,0.9997686821925719,0.9998976363060629,42.0,97.6192913421284,-0.9998911489874983,-0.9997686821925719,-0.9999913129325247,0.00010016394502643244,-0.00012246679492644574,1698.3776318495889,6.739723430056784e-07,1000000.0,200,22,4.0,4.0,512.0,512.0,0.3517329692840576,1.7355865880090278,8.007609795982717,3165.607025202975
hc10p.txt,150,all,492,null,OPTIMAL,OPTIMAL,OPTIMAL,OPTIMAL,True,0.9998911489874983,0.9997974055130282,0.9997974055130282,0.9997974055130282,0.9998976363060629,42.0,97.6192913421284,-0.9998911489874983,-0.9997974055130282,-0.9999976909314618,0.000106541943963534,-9.374347447010933e-05,2318.3547775972797,5.857928170443942e-07,1000000.0,200,41,4.0,4.0,512.0,512.0,0.3276200294494629,1.1921233890170697,7.175566224992508,3172.7826033009915
hc10p.txt,150,all,493,serious,OPTIMAL,OPTIMAL,OPTIMAL,OPTIMAL,True,0.9999052109565422,0.9999052109565422,0.9999052109565422,0.9999052109565422,0.9999052109565422,42.0,97.61927330724633,-0.9999052109565422,-0.9999052109565422,-0.9999950783987791,0.00010392941128078981,1.4061969043854816e-05,1736.4858037934516,5.118237642318111e-07,700000.0,200,23,3.0,3.0,512.0,512.0,0.3518810272216797,1.3560643420205452,7.826927511021495,3180.6095438819902
hc10p.txt,150,all,494,null,OPTIMAL,OPTIMAL,OPTIMAL,OPTIMAL,True,0.9999052109565422,0.999709621738552,0.999709621738552,0.999709621738552,0.9999052109565422,42.0,97.61927330724633,-0.9999052109565422,-0.999709621738552,-0.9999979733164556,9.276235991340087e-05,-0.00019558921799012197,2610.887783284286,7.967280507474625e-07,1000000.0,200,52,4.0,4.0,512.0,512.0,0.3789238929748535,1.5268491159949917,8.070645447995048,3188.6802030940016
hc10p.txt,150,all,495,null,OPTIMAL,OPTIMAL,OPTIMAL,OPTIMAL,True,0.9999052109565422,0.9998081320747069,0.9998081320747069,0.9998081320747069,0.9999052109565422,42.0,97.61927330724633,-0.9999052109565422,-0.9998081320747069,-0.9999953193570867,9.010840054457514e-05,-9.707888183529967e-05,2172.4697293803133,4.85186464209748e-07,1000000.0,200,36,5.0,5.0,512.0,512.0,0.3047950267791748,1.9246279280050658,8.400713486014865,3197.0809340809938
hc10p.txt,150,all,496,null,OPTIMAL,OPTIMAL,OPTIMAL,OPTIMAL,True,0.9999052109565422,0.9998962412476947,0.9998962412476947,0.9998962412476947,0.9999052109565422,42.0,97.61927330724633,-0.9999052109565422,-0.9998962412476947,-0.9999948722572325,8.966130069032463e-05,-8.96970884745052e-06,1619.3798908606489,4.982241289849175e-07,1000000.0,200,20,5.0,5.0,512.0,512.0,0.4024031162261963,1.6740800380066503,8.382434705999913,3205.4633838209847
hc10p.txt,150,all,497,null,OPTIMAL,OPTIMAL,OPTIMAL,OPTIMAL,True,0.9999052109565422,0.9998500473085224,0.9998500473085224,0.9998500473085224,0.9999052109565422,42.0,97.61927330724633,-0.9999052109565422,-0.9998500473085224,-0.9999952772433169,9.006628677477035e-05,-5.516364801971818e-05,1915.9735454541308,5.325421461650069e-07,1000000.0,200,28,4.0,4.0,512.0,512.0,0.33890318870544434,1.6728451070084702,7.68199369701324,3213.1453917929903
hc10p.txt,150,all,498,null,OPTIMAL,OPTIMAL,OPTIMAL,OPTIMAL,True,0.9999052109565422,0.9997879805687658,0.9997879805687658,0.9997879805687658,0.9999052109565422,42.0,97.61927330724633,-0.9999052109565422,-0.9997879805687658,-0.9999972927190308,9.208176248864941e-05,-0.00011723038777633477,2374.2432484616925,5.516367170516304e-07,1000000.0,200,43,4.0,4.0,512.0,512.0,0.3674931526184082,1.512849232996814,7.6379662529798225,3220.783374890976
hc10p.txt,150,all,499,null,OPTIMAL,OPTIMAL,OPTIMAL,OPTIMAL,True,0.9999052109565422,0.9998505110312516,0.9998505110312516,0.9998505110312516,0.9999052109565422,42.0,97.61927330724633,-0.9999052109565422,-0.9998505110312516,-0.9999939872170647,8.877626052250509e-05,-5.4699925290613294e-05,1493.1279076069409,8.22944168789225e-07,1000000.0,200,17,5.0,5.0,512.0,512.0,0.33324599266052246,1.8582012070110068,7.817279943003086,3228.6006692409865
hc10p.txt,150,all,500,null,OPTIMAL,OPTIMAL,OPTIMAL,OPTIMAL,True,0.9999052109565422,0.999808321439711,0.999808321439711,0.999808321439711,0.9999052109565422,42.0,97.61927330724633,-0.9999052109565422,-0.999808321439711,-0.999996092866584,9.088191004180679e-05,-9.688951683117786e-05,1983.2083162880317,5.660534199634215e-07,1000000.0,200,30,4.0,4.0,512.0,512.0,0.3354220390319824,1.9874630570120644,8.674865567008965,3237.2755495899764
hc11p.txt,150,all,1,null,OPTIMAL,OPTIMAL,OPTIMAL,OPTIMAL,True,0.0,-523847.0,-523847.0,-523847.0,0.0,42.0,100.0,-0.0,523847.0,-1324.0,1324.0,-523847.0,15205.671573510394,36.38681079732051,2.0,2,441,3.0000001000040584,3.0,1024.0000042349595,1023.9999988244574,0.0021209716796875,1.9910314779845066,2.217016134993173,5.437425857002381
hc11p.txt,150,all,2,null,OPTIMAL,OPTIMAL,OPTIMAL,OPTIMAL,True,0.0,-1440.422055105164,-1440.422055105164,-1440.422055105164,0.0,42.0,100.0,-0.0,1440.422055105164,-2.591605290554354,2.591605290554354,-1440.422055105164,14821.541531515653,0.32218643085312293,4.0,3,419,3.0,3.0,1024.0,1024.0,0.014996051788330078,3.6493146479770076,4.033150281989947,9.470668614987517
hc11p.txt,150,all,3,null,OPTIMAL,OPTIMAL,OPTIMAL,OPTIMAL,True,0.0,-412.627841155827,-412.627841155827,-412.627841155827,0.0,42.0,100.0,-0.0,412.627841155827,-2.526513319720469,2.526513319720469,-412.627841155827,1448.5854946552543,0.28778194774925736,8.0,4,4,3.0,3.0,1024.0,1024.0,0.01967597007751465,1.5550122080021538,2.000503282994032,11.471188739000354
hc11p.txt,150,all,4,null,OPTIMAL,OPTIMAL,OPTIMAL,OPTIMAL,True,0.0,-391.4791259290029,-391.4791259290029,-391.4791259290029,0.0,42.0,100.0,-0.0,391.4791259290029,-1.7244693922632661,1.7244693922632661,-391.4791259290029,8413.121638765415,0.07937232427692498,16.0,5,135,3.654298148791734,3.654298148791734,1024.0,1024.0,0.023534059524536133,2.6782175800180994,3.197630103008123,14.668834409007104
hc11p.txt,150,all,5,null,OPTIMAL,OPTIMAL,OPTIMAL,OPTIMAL,True,0.0,-76.98415546777552,-76.98415546777552,-76.98415546777552,0.0,42.0,100.0,-0.0,76.98415546777552,-1.1359817702700281,1.1359817702700281,-76.98415546777552,7094.803987890635,0.033033667712685184,32.0,6,96,8.0,8.0,1293.0472397690671,1158.5236198845337,0.017663002014160156,5.866882103000535,6.290908313996624,20.95975916698808
hc11p.txt,150,all,6,null,OPTIMAL,OPTIMAL,OPTIMAL,OPTIMAL,True,0.0,-42.849769785920486,-42.849769785920486,-42.849769785920486,0.0,42.0,100.0,-0.0,42.849769785920486,-1.0597560423331165,1.0597560423331165,-42.849769785920486,11720.36924114797,0.03154994239519415,64.0,7,262,8.540669290395883,8.540669290395883,1136.6507086463341,1080.3253543231672,0.022282838821411133,6.6962300410086755,7.1953904580150265,28.155167474003974
hc11p.txt,150,all,7,null,OPTIMAL,OPTIMAL,OPTIMAL,OPTIMAL,True,0.0,-65.89315852462238,-65.89315852462238,-65.89315852462238,0.0,42.0,100.0,-0.0,65.89315852462238,-1.058428331764779,1.058428331764779,-65.89315852462238,10367.406237932311,0.03118419870103804,128.0,8,205,8.0,8.0,1224.772243632406,1124.3861218162028,0.02251887321472168,7.015830583986826,7.660120343993185,35.81530557098449
hc11p.txt,150,all,8,null,OPTIMAL,OPTIMAL,OPTIMAL,OPTIMAL,True,0.0,-0.7073019128940837,-0.7073019128940837,-0.7073019128940837,0.0,42.0,100.0,-0.0,0.7073019128940837,-0.9947382045296808,0.9947382045296808,-0.7073019128940837,13642.758211909782,0.02898825787902735,256.0,9,355,5.7224094748493215,5.7224094748493215,1041.1103621006027,1032.5551810503014,0.02415013313293457,7.06904633101658,7.667455744987819,43.48277914299979
hc11p.txt,150,all,9,null,OPTIMAL,OPTIMAL,OPTIMAL,OPTIMAL,True,0.0,-1.8079985385867408,-1.8079985385867408,-1.8079985385867408,0.0,42.0,100.0,-0.0,1.8079985385867408,-0.9945444660045426,0.9945444660045426,-1.8079985385867408,13738.497163370455,0.028960052634438602,512.0,10,360,6.0,6.0,1041.3038962721043,1032.651948136052,0.03650212287902832,2.581106550002005,3.3317107609764207,46.81450817800942
hc11p.txt,150,all,10,null,OPTIMAL,OPTIMAL,OPTIMAL,OPTIMAL,True,0.0,-0.004268741043291048,-0.004268741043291048,-0.004268741043291048,0.0,42.0,100.0,-0.0,0.004268741043291048,-0.9933369069389741,0.9933369069389741,-0.004268741043291048,725.9569380273608,0.028867402786661035,1024.0,11,1,6.0,6.0,1051.7050409807546,1037.8525204903772,0.03672003746032715,7.486716223007534,8.278221617016243,55.092748194001615
hc11p.txt,150,all,11,null,OPTIMAL,OPTIMAL,OPTIMAL,OPTIMAL,True,0.0,-16.473004343015237,-16.473004343015237,-16.473004343015237,0.0,42.0,100.0,-0.0,16.473004343015237,-0.9596373825338625,0.9596373825338625,-16.473004343015237,5747.418211471217,0.027163911216167902,2048.0,12,63,5.0,5.0,1031.38885155437,1027.694425777185,0.033514976501464844,7.038811979000457,7.941366048995405,63.03419190298882
hc11p.txt,150,all,12,null,OPTIMAL,OPTIMAL,OPTIMAL,OPTIMAL,True,0.0,0.0003738600447356396,0.0003738600447356396,0.0003738600447356396,0.0003738600447356396,42.0,99.99910985703634,-0.0,-0.0003738600447356396,-0.6294053370446443,0.6294053370446443,0.0003738600447356396,51.091494289261426,0.017370175179446588,4096.0,13,0,5.68011292923379,5.68011292923379,1034.7204517169353,1029.3602258584676,0.04840993881225586,6.374549950007349,7.213804993982194,70.24801391598885
hc11p.txt,150,all,13,null,OPTIMAL,OPTIMAL,OPTIMAL,OPTIMAL,True,0.0,0.0032741214016846843,0.0032741214016846843,0.0032741214016846843,0.0032741214016846843,42.0,99.99220447285312,-0.0,-0.0032741214016846843,-0.21446343228116033,0.21446343228116033,0.0032741214016846843,47.25785380360852,0.007235975955128316,8192.0,14,0,5.0,5.0,1024.0,1024.0,0.05038595199584961,2.6958218479994684,3.7291434080107138,73.97717559098965
hc11p.txt,150,all,14,serious,OPTIMAL,OPTIMAL,OPTIMAL,OPTIMAL,True,0.023095315272393446,0.023095315272393446,0.023095315272393446,0.023095315272393446,0.023095315272393446,42.0,99.94501115411335,-0.023095315272393446,-0.023095315272393446,-0.07755433455059069,0.07755433455059069,0.023095315272393446,60.71933067297183,0.0030768678459321373,5734.4,15,0,7.9887845708642145,7.9887845708642145,1175.9102765669138,1099.9551382834568,0.04716682434082031,4.813270607992308,5.948887286009267,79.9260792399873
hc11p.txt,150,all,15,serious,OPTIMAL,OPTIMAL,OPTIMAL,OPTIMAL,True,0.10266009073099103,0.10266009073099103,0.10266009073099103,0.10266009073099103,0.10266009073099103,42.0,99.75557121254525,-0.10266009073099103,-0.10266009073099103,-0.17316918528819586,0.1500738700158024,0.07956477545859758,50.785569334691,0.00430380887010558,4014.0799999999995,16,0,5.0,5.0,1024.0,1024.0,0.03963518142700195,3.257510107010603,4.319280363997677,84.24537453899393
hc11p.txt,150,all,16,serious,OPTIMAL,OPTIMAL,OPTIMAL,OPTIMAL,True,0.21776661123986887,0.21776661123986887,0.21776661123986887,0.21776661123986887,0.21776661123986887,42.0,99.4815080684765,-0.21776661123986887,-0.21776661123986887,-0.30594763385565554,0.20328754312466452,0.11510652050887785,50.17924765105323,0.006070645076874784,2809.8559999999993,17,0,5.0,5.0,1024.0,1024.0,0.0496671199798584,6.555679757002508,7.66620117900311,91.91159319499275
hc11p.txt,150,all,17,serious,OPTIMAL,OPTIMAL,OPTIMAL,OPTIMAL,True,0.3620585579624019,0.3620585579624019,0.3620585579624019,0.3620585579624019,0.3620585579624019,42.0,99.13795581437523,-0.3620585579624019,-0.3620585579624019,-0.4944423468096616,0.27667573556979275,0.144291946722533,52.647164558519,0.008540366894183908,1966.8991999999994,18,0,5.0,5.0,1024.0,1024.0,0.036956071853637695,6.1847191550186835,7.316526509006508,99.2281363279908
hc11p.txt,150,all,18,null,OPTIMAL,OPTIMAL,OPTIMAL,OPTIMAL,True,0.3620585579624019,-2.2262517098959895,-2.2262517098959895,-2.2262517098959895,0.3620585579624019,42.0,99.13795581437523,-0.3620585579624019,2.2262517098959895,-0.7569824573329864,0.39492389937058453,-2.5883102678583914,3899.62327249096,0.012032652957363917,3933.7983999999988,19,29,5.0,5.0,1024.0,1024.0,0.03850507736206055,4.278331075998722,5.46194675800507,104.69009867598652
hc11p.txt,150,all,19,null,OPTIMAL,OPTIMAL,OPTIMAL,OPTIMAL,True,0.3620585579624019,0.3043876918750099,0.3043876918750099,0.3043876918750099,0.3620585579624019,42.0,99.13795581437523,-0.3620585579624019,-0.3043876918750099,-0.6219817037321379,0.259923145769736,-0.05767086608739197,725.9342512935839,0.006467628262721206,7867.5967999999975,20,1,5.0,5.0,1024.0,1024.0,0.07317996025085449,4.146576308005024,5.423429168004077,110.11354948699591
hc11p.txt,150,all,20,serious,OPTIMAL,OPTIMAL,OPTIMAL,OPTIMAL,True,0.42727998603890005,0.42727998603890005,0.42727998603890005,0.42727998603890005,0.42727998603890005,42.0,98.9826666999074,-0.42727998603890005,-0.42727998603890005,-0.553493093558047,0.1914345355956451,0.06522142807649817,51.45179266938627,0.003984825913262272,5507.317759999998,21,0,5.0,5.0,1024.0,1024.0,0.0542449951171875,4.215915183012839,5.523138613993069,115.6367045849911
hc11p.txt,150,all,21,serious,OPTIMAL,OPTIMAL,OPTIMAL,OPTIMAL,True,0.5147113665271783,0.5147113665271783,0.5147113665271783,0.5147113665271783,0.5147113665271783,42.0,98.77449674636385,-0.5147113665271783,-0.5147113665271783,-0.6409368843629452,0.2136568983240451,0.08743138048827825,52.31505016653366,0.004955072176861944,3855.1224319999983,22,0,5.0,5.0,1024.0,1024.0,0.055789947509765625,4.199003774992889,5.596146170981228,121.23291926999809
hc11p.txt,150,all,22,null,OPTIMAL,OPTIMAL,OPTIMAL,OPTIMAL,True,0.5147113665271783,0.20605144742282464,0.20605144742282464,0.20605144742282464,0.5147113665271783,42.0,98.77449674636385,-0.5147113665271783,-0.20605144742282464,-0.7690528159708598,0.25434144944368153,-0.30865991910435364,1916.43772290375,0.006468469935296945,7710.244863999997,23,7,5.0,5.0,1024.0,1024.0,0.0644690990447998,4.206176695006434,5.626159427018138,126.859094059997
hc11p.txt,150,all,23,serious,OPTIMAL,OPTIMAL,OPTIMAL,OPTIMAL,True,0.5484654854582558,0.5484654854582558,0.5484654854582558,0.5484654854582558,0.5484654854582558,42.0,98.69412979652796,-0.5484654854582558,-0.5484654854582558,-0.7012564379337215,0.1865450714065432,0.03375411893107749,1025.2796017319943,0.003937929435749179,5397.171404799998,24,2,5.0,5.0,1024.0,1024.0,0.05871105194091797,4.260159313998884,5.85932262300048,132.71843342800275
hc11p.txt,150,all,24,null,OPTIMAL,OPTIMAL,OPTIMAL,OPTIMAL,True,0.5484654854582558,0.36171630520049997,0.36171630520049997,0.36171630520049997,0.5484654854582558,42.0,98.69412979652796,-0.5484654854582558,-0.36171630520049997,-0.7965103016332508,0.24804481617499496,-0.18674918025775583,3966.2788093602812,0.004191844748803241,10794.342809599995,25,30,5.0,5.0,1024.0,1024.0,0.0845940113067627,4.453166677005356,6.10201863097609,138.8204683199874
hc11p.txt,150,all,25,serious,OPTIMAL,OPTIMAL,OPTIMAL,OPTIMAL,True,0.5728673268159887,0.5728673268159887,0.5728673268159887,0.5728673268159887,0.5728673268159887,42.0,98.63603017424765,-0.5728673268159887,-0.5728673268159887,-0.7492696381293492,0.20080415267109342,0.024401841357732934,1025.2938593688714,0.0021166133848620366,7556.039966719996,26,2,5.0,5.0,1024.0,1024.0,0.08550095558166504,4.6584243930119555,6.492432013008511,145.31291736499406
hc11p.txt,150,all,26,null,OPTIMAL,OPTIMAL,OPTIMAL,OPTIMAL,True,0.5728673268159887,0.33231537549398893,0.33231537549398893,0.33231537549398893,0.5728673268159887,42.0,98.63603017424765,-0.5728673268159887,-0.33231537549398893,-0.8155775504468548,0.24271022363086603,-0.2405519513219998,3620.7650438587143,0.0029519656072207086,15112.079933439993,27,25,5.0,5.0,1024.0,1024.0,0.08281397819519043,4.095141402998706,5.861082996998448,151.174018685997
hc11p.txt,150,all,27,null,OPTIMAL,OPTIMAL,OPTIMAL,OPTIMAL,True,0.5728673268159887,0.5109778978651307,0.5109778978651307,0.5109778978651307,0.5728673268159887,42.0,98.63603017424765,-0.5728673268159887,-0.5109778978651307,-0.7830456642981527,0.21017833748216397,-0.06188942895085803,3547.617758954296,0.001505751236739509,30224.159866879985,28,24,5.0,5.0,1024.0,1024.0,0.061376094818115234,4.732424370013177,6.510276091983542,157.68431223198422
hc11p.txt,150,all,28,serious,OPTIMAL,OPTIMAL,OPTIMAL,OPTIMAL,True,0.6297002414305091,0.6297002414305091,0.6297002414305091,0.6297002414305091,0.6297002414305091,42.0,98.50071371087974,-0.6297002414305091,-0.6297002414305091,-0.7661662820372482,0.1932989552212595,0.056832914614520336,1025.2974437605887,0.0007737653594542305,21156.91190681599,29,2,5.0,5.0,1024.0,1024.0,0.06935906410217285,4.272123203991214,5.95600271600415,163.64033103198744
hc11p.txt,150,all,29,null,OPTIMAL,OPTIMAL,OPTIMAL,OPTIMAL,True,0.6297002414305091,0.6066264230506817,0.6066264230506817,0.6066264230506817,0.6297002414305091,42.0,98.50071371087974,-0.6297002414305091,-0.6066264230506817,-0.7897399855534204,0.16003974412291133,-0.02307381837982736,3072.439065702249,0.001064015388858524,42313.82381363198,30,18,5.0,5.0,1024.0,1024.0,0.0926978588104248,4.030791855999269,5.9701814360159915,169.61052807600936
hc11p.txt,150,all,30,serious,OPTIMAL,OPTIMAL,OPTIMAL,OPTIMAL,True,0.6516955162558931,0.6516955162558931,0.6516955162558931,0.6516955162558931,0.6516955162558931,42.0,98.44834400891453,-0.6516955162558931,-0.6516955162558931,-0.7778512762790144,0.14815103484850534,0.021995274825383992,1025.3051566864876,0.0005458732359015878,29619.676669542383,31,2,5.0,5.0,1024.0,1024.0,0.06291508674621582,4.4001209029811434,6.285822111996822,175.89636622398393
hc11p.txt,150,all,31,null,OPTIMAL,OPTIMAL,OPTIMAL,OPTIMAL,True,0.6516955162558931,0.5537074047640624,0.5537074047640624,0.5537074047640624,0.6516955162558931,42.0,98.44834400891453,-0.6516955162558931,-0.5537074047640624,-0.794624578117667,0.1429290618617739,-0.09798811149183062,2709.7519366445367,0.0007626046317578755,59239.353339084766,32,14,5.0,5.0,1024.0,1024.0,0.0825037956237793,4.230269201012561,6.121314929012442,182.01775958499638
hc11p.txt,150,all,32,null,OPTIMAL,OPTIMAL,OPTIMAL,OPTIMAL,True,0.6516955162558931,0.6377892885291035,0.6377892885291035,0.6377892885291035,0.6516955162558931,42.0,98.44834400891453,-0.6516955162558931,-0.6377892885291035,-0.7860983673801034,0.13440285112421035,-0.01390622772678951,2172.851509370215,0.00039741764639398793,118478.70667816953,33,9,5.0,5.0,1024.0,1024.0,0.07669186592102051,4.386876221979037,6.383259202993941,188.40103350000572
hc11p.txt,150,all,33,null,OPTIMAL,OPTIMAL,OPTIMAL,OPTIMAL,True,0.6516955162558931,0.6617586419668462,0.6617586419668462,0.6617586419668462,0.6617586419668462,42.0,98.42438418579323,-0.6516955162558931,-0.6617586419668462,-0.7817335609682189,0.13003804471232583,0.010063125710953136,51.74592161361389,0.0002259640507187391,236957.41335633906,34,0,5.0,5.0,1024.0,1024.0,0.10103917121887207,4.283957669977099,6.544892144011101,194.94594069800223
hc11p.txt,150,all,34,serious,OPTIMAL,OPTIMAL,OPTIMAL,OPTIMAL,True,0.6678416510075361,0.6678416510075361,0.6678416510075361,0.6678416510075361,0.6678416510075361,42.0,98.40990083093443,-0.6678416510075361,-0.6678416510075361,-0.669126873835166,0.017431357579272944,0.01614613475164306,725.8015589963734,0.00021845914479183418,165870.18934943734,35,1,5.0,5.0,1024.0,1024.0,0.11484217643737793,4.690036250016419,6.9678706970007624,201.91382685300778
hc11p.txt,150,all,35,serious,OPTIMAL,OPTIMAL,OPTIMAL,OPTIMAL,True,0.6811025502855707,0.6811025502855707,0.6811025502855707,0.6811025502855707,0.6811025502855707,42.0,98.37832726122481,-0.6811025502855707,-0.6811025502855707,-0.6852682488039371,0.01742659779640099,0.013260899278034533,48.69291812891764,0.00031196254068666747,116109.13254460612,36,0,5.0,5.0,1024.0,1024.0,0.09262919425964355,4.877106621977873,7.262594736996107,209.1764376939973
hc11p.txt,150,all,36,serious,OPTIMAL,OPTIMAL,OPTIMAL,OPTIMAL,True,0.6966940813207648,0.6966940813207648,0.6966940813207648,0.6966940813207648,0.6966940813207648,42.0,98.34120456828389,-0.6966940813207648,-0.6966940813207648,-0.7011550897755062,0.020052539489935572,0.015591531035194173,46.417607268319735,0.00041244669794815675,81276.39278122428,37,0,5.0,5.0,1024.0,1024.0,0.0857701301574707,4.916450165997958,7.266092420992209,216.44254621199798
hc11p.txt,150,all,37,serious,OPTIMAL,OPTIMAL,OPTIMAL,OPTIMAL,True,0.7136422144985277,0.7136422144985277,0.7136422144985277,0.7136422144985277,0.7136422144985277,42.0,98.30085187024159,-0.7136422144985277,-0.7136422144985277,-0.7207162891370194,0.024022207816254526,0.016948133177762892,47.679085052995475,0.000531068972211775,56893.47494685699,38,0,4.0,4.0,1024.0,1024.0,0.08778715133666992,5.118374754994875,7.4969927560014185,223.93955418100813
hc11p.txt,150,all,38,serious,OPTIMAL,OPTIMAL,OPTIMAL,OPTIMAL,True,0.7344378024302489,0.7344378024302489,0.7344378024302489,0.7344378024302489,0.7344378024302489,42.0,98.25133856564227,-0.7344378024302489,-0.7344378024302489,-0.7440081229734219,0.030365908474894177,0.020795587931721204,49.6786204745906,0.0006940897981545605,39825.432462799894,39,0,5.0,5.0,1024.0,1024.0,0.09050798416137695,5.453565598989371,7.716953549999744,231.6565214440052
hc11p.txt,150,all,39,serious,OPTIMAL,OPTIMAL,OPTIMAL,OPTIMAL,True,0.7550868913371165,0.7550868913371165,0.7550868913371165,0.7550868913371165,0.7550868913371165,42.0,98.20217406824497,-0.7550868913371165,-0.7550868913371165,-0.7727324296517328,0.03829462722148391,0.020649088906867563,51.98735700761119,0.0009117924581359846,27877.802723959925,40,0,5.0,5.0,1024.0,1024.0,0.11304187774658203,5.136394129978726,7.596095562999835,239.25263318800717
hc11p.txt,150,all,40,serious,OPTIMAL,OPTIMAL,OPTIMAL,OPTIMAL,True,0.7784685776469643,0.7784685776469643,0.7784685776469643,0.7784685776469643,0.7784685776469643,42.0,98.14650338655485,-0.7784685776469643,-0.7784685776469643,-0.8030695581876276,0.04798266685051111,0.023381686309847827,51.920311024904855,0.0011668466544084706,19514.461906771947,41,0,5.0,5.0,1024.0,1024.0,0.09812498092651367,4.857000930001959,7.300517227995442,246.55316676199436
hc11p.txt,150,all,41,serious,OPTIMAL,OPTIMAL,OPTIMAL,OPTIMAL,True,0.8074194545439292,0.8074194545439292,0.8074194545439292,0.8074194545439292,0.8074194545439292,42.0,98.07757272727635,-0.8074194545439292,-0.8074194545439292,-0.8407260680796025,0.062257490432638174,0.02895087689696485,52.156597241279584,0.0015404847419476962,13660.123334740361,42,0,5.0,5.0,1024.0,1024.0,0.08333492279052734,3.9835519589832984,6.576045982015785,253.12930494500324
hc11p.txt,150,all,42,serious,OPTIMAL,OPTIMAL,OPTIMAL,OPTIMAL,True,0.8508905579736257,0.8508905579736257,0.8508905579736257,0.8508905579736257,0.8508905579736257,42.0,97.97407010006279,-0.8508905579736257,-0.8508905579736257,-0.8845639003797793,0.07714444583585012,0.04347110342969651,1449.0784853984,0.001980369869056208,9562.086334318252,43,4,5.0,5.0,1024.0,1024.0,0.09428095817565918,6.774179812986404,9.409545192989754,262.53886820800835
hc11p.txt,150,all,43,null,OPTIMAL,OPTIMAL,OPTIMAL,OPTIMAL,True,0.8508905579736257,0.4919735407042064,0.4919735407042064,0.4919735407042064,0.8508905579736257,42.0,97.97407010006279,-0.8508905579736257,-0.4919735407042064,-0.938218260816264,0.08732770284263836,-0.35891701726941927,4159.833977701188,0.002328547402198252,19124.172668636504,44,33,5.0,5.0,1024.0,1024.0,0.08580398559570312,4.782767903001513,7.397506276000058,269.93639189298847
hc11p.txt,150,all,44,null,OPTIMAL,OPTIMAL,OPTIMAL,OPTIMAL,True,0.8508905579736257,0.7081055756320119,0.7081055756320119,0.7081055756320119,0.8508905579736257,42.0,97.97407010006279,-0.8508905579736257,-0.7081055756320119,-0.9127408664787741,0.06185030850514839,-0.14278498234161374,2611.221575269368,0.0011956096482919948,38248.34533727301,45,13,5.0,5.0,1024.0,1024.0,0.10846114158630371,3.760480615979759,6.573994325997774,276.51040276300046
hc11p.txt,150,all,45,null,OPTIMAL,OPTIMAL,OPTIMAL,OPTIMAL,True,0.8508905579736257,0.8444009317866642,0.8444009317866642,0.8444009317866642,0.8508905579736257,42.0,97.97407010006279,-0.8508905579736257,-0.8444009317866642,-0.8991626750341914,0.04827211706056578,-0.006489626186961472,1916.4328241151925,0.0006127892343268432,76496.69067454601,46,7,5.0,5.0,1024.0,1024.0,0.09642577171325684,3.7950670400168747,6.7448903280019294,283.25530938699376
hc11p.txt,150,all,46,null,OPTIMAL,OPTIMAL,OPTIMAL,OPTIMAL,True,0.8508905579736257,0.8538541627835202,0.8538541627835202,0.8538541627835202,0.8538541627835202,42.0,97.96701389813448,-0.8508905579736257,-0.8538541627835202,-0.8920129804332639,0.041122422459638264,0.002963604809894549,725.929815524765,0.0003107649854837044,152993.38134909203,47,1,5.0,5.0,1024.0,1024.0,0.10526204109191895,4.522364173986716,7.2451452699897345,290.5004735259863
hc11p.txt,150,all,47,serious,OPTIMAL,OPTIMAL,OPTIMAL,OPTIMAL,True,0.8550907580781865,0.8550907580781865,0.8550907580781865,0.8550907580781865,0.8550907580781865,42.0,97.96406962362337,-0.8550907580781865,-0.8550907580781865,-0.8883461698153162,0.03745561184169055,0.004200200104560792,51.72602970086808,0.0001651834474116636,107095.36694436442,48,0,5.0,5.0,1024.0,1024.0,0.10459589958190918,4.6270965700095985,7.518115517013939,298.01860633000615
hc11p.txt,150,all,48,serious,OPTIMAL,OPTIMAL,OPTIMAL,OPTIMAL,True,0.8707206688367266,0.8707206688367266,0.8707206688367266,0.8707206688367266,0.8707206688367266,42.0,97.92685555038874,-0.8707206688367266,-0.8707206688367266,-0.8800739313103386,0.024983173232152156,0.015629910758540144,50.41331757656934,0.00048299040906363874,74966.75686105508,49,0,5.0,5.0,1024.0,1024.0,0.09951901435852051,4.032982464006636,7.0431663199851755,305.06178881099913
hc11p.txt,150,all,49,serious,OPTIMAL,OPTIMAL,OPTIMAL,OPTIMAL,True,0.880831281654324,0.880831281654324,0.880831281654324,0.880831281654324,0.880831281654324,42.0,97.90278266272779,-0.880831281654324,-0.880831281654324,-0.8962202712283885,0.025499602391661935,0.010110612817597397,51.935153006395794,0.0005479921118856009,52476.729802738555,50,0,5.0,5.0,1024.0,1024.0,0.17737579345703125,5.5245795600058045,8.702860229997896,313.7646670260001
hc11p.txt,150,all,50,serious,OPTIMAL,OPTIMAL,OPTIMAL,OPTIMAL,True,0.8921338329297323,0.8921338329297323,0.8921338329297323,0.8921338329297323,0.8921338329297323,42.0,97.87587182635778,-0.8921338329297323,-0.8921338329297323,-0.9071323855983514,0.026301103944027404,0.011302551275408246,52.45191408557222,0.0005757646252090073,36733.71086191699,51,0,5.0,5.0,1024.0,1024.0,0.13375210762023926,5.167361688014353,8.312333555018995,322.0770169000025
hc11p.txt,150,all,51,serious,OPTIMAL,OPTIMAL,OPTIMAL,OPTIMAL,True,0.9051547225512501,0.9051547225512501,0.9051547225512501,0.9051547225512501,0.9051547225512501,42.0,97.8448697082113,-0.9051547225512501,-0.9051547225512501,-0.9217047340876389,0.029570901157906615,0.013020889621517817,725.9361847720613,0.0007213671541386902,25713.597603341892,52,1,5.0,5.0,1024.0,1024.0,0.14499592781066895,5.047080731019378,8.117355794005562,330.1944456489873
hc11p.txt,150,all,52,null,OPTIMAL,OPTIMAL,OPTIMAL,OPTIMAL,True,0.9051547225512501,0.8548395115158672,0.8548395115158672,0.8548395115158672,0.9051547225512501,42.0,97.8448697082113,-0.9051547225512501,-0.8548395115158672,-0.943418220610832,0.03826349805958196,-0.050315211035382834,2709.7604325879856,0.0009158679309768191,51427.195206683784,53,14,5.0,5.0,1024.0,1024.0,0.12217402458190918,4.291454702994088,7.737949978996767,337.9324122979888
hc11p.txt,150,all,53,serious,OPTIMAL,OPTIMAL,OPTIMAL,OPTIMAL,True,0.9114936679599573,0.9114936679599573,0.9114936679599573,0.9114936679599573,0.9114936679599573,42.0,97.82977698104771,-0.9114936679599573,-0.9114936679599573,-0.9326677571162957,0.027513034565045613,0.006338945408707275,1619.9279477711502,0.0004617366760495311,35999.03664467864,54,5,5.0,5.0,1024.0,1024.0,0.10452485084533691,5.055007196002407,8.22865301699494,346.1610819060006
hc11p.txt,150,all,54,null,OPTIMAL,OPTIMAL,OPTIMAL,OPTIMAL,True,0.9114936679599573,0.901925639975698,0.901925639975698,0.901925639975698,0.9114936679599573,42.0,97.82977698104771,-0.9114936679599573,-0.901925639975698,-0.9477803642661289,0.03628669630617154,-0.009568027984259375,2709.770724446554,0.0006451323038877191,71998.07328935729,55,14,5.0,5.0,1024.0,1024.0,0.16366195678710938,5.034643983002752,8.445630447997246,354.6067307489866
hc11p.txt,150,all,55,null,OPTIMAL,OPTIMAL,OPTIMAL,OPTIMAL,True,0.9114936679599573,0.9131182759409129,0.9131182759409129,0.9131182759409129,0.9131182759409129,42.0,97.82590886680737,-0.9114936679599573,-0.9131182759409129,-0.9403504222031582,0.02885675424320089,0.0016246079809555392,1916.4488165736698,0.0003265447805963247,143996.14657871457,56,7,5.0,5.0,1024.0,1024.0,0.15447402000427246,4.901432066020789,8.42304135399172,363.02978868500213
hc11p.txt,150,all,56,serious,OPTIMAL,OPTIMAL,OPTIMAL,OPTIMAL,True,0.9186822711488647,0.9186822711488647,0.9186822711488647,0.9186822711488647,0.9186822711488647,42.0,97.81266125916937,-0.9186822711488647,-0.9186822711488647,-0.936512564794326,0.025018896834368642,0.00718860318890735,52.27029381960812,0.00016444526678942328,100797.3026051002,57,0,5.0,5.0,1024.0,1024.0,0.1186518669128418,5.093281737994403,8.420309676992474,371.45011350500863
hc11p.txt,150,all,57,serious,OPTIMAL,OPTIMAL,OPTIMAL,OPTIMAL,True,0.928073498938267,0.928073498938267,0.928073498938267,0.928073498938267,0.928073498938267,42.0,97.79030119300413,-0.928073498938267,-0.928073498938267,-0.9404616283492396,0.021779357200374938,0.009391227789402268,725.9122995135458,0.00042092254683849745,70558.11182357013,58,1,5.0,5.0,1024.0,1024.0,0.12152910232543945,5.288453501998447,8.765381808014354,380.21551764800097
hc11p.txt,150,all,58,null,OPTIMAL,OPTIMAL,OPTIMAL,OPTIMAL,True,0.928073498938267,0.9175497735470973,0.9175497735470973,0.9175497735470973,0.928073498938267,42.0,97.79030119300413,-0.928073498938267,-0.9175497735470973,-0.9485485836916372,0.020475084753370232,-0.010523725391169636,1255.213091871669,0.00033810746908399114,141116.22364714026,59,3,5.0,5.0,1024.0,1023.9999999999999,0.15875506401062012,5.276402780000353,9.122550141997635,389.3380897140014
hc11p.txt,150,all,59,serious,OPTIMAL,OPTIMAL,OPTIMAL,OPTIMAL,True,0.9313904515514758,0.9313904515514758,0.9313904515514758,0.9313904515514758,0.9313904515514758,42.0,97.78240368678219,-0.9313904515514758,-0.9313904515514758,-0.9445132731940163,0.016439774255749384,0.0033169526132088567,51.8714204392601,0.00017016638734930587,98781.35655299817,60,0,5.0,5.0,1024.0,1024.0,0.16254901885986328,5.310220037994441,9.007377371977782,398.34548168600304
hc11p.txt,150,all,60,serious,OPTIMAL,OPTIMAL,OPTIMAL,OPTIMAL,True,0.9391869190448414,0.9391869190448414,0.9391869190448414,0.9391869190448414,0.9391869190448414,42.0,97.76384066894086,-0.9391869190448414,-0.9391869190448414,-0.9493801385648903,0.017989687013414524,0.0077964674933656,51.53672270336733,0.000360721565830593,69146.94958709872,61,0,5.0,5.0,1024.0,1024.0,0.16791296005249023,5.307849518023431,8.933865431987215,407.2793641999888
hc11p.txt,150,all,61,serious,OPTIMAL,OPTIMAL,OPTIMAL,OPTIMAL,True,0.9450895890175106,0.9450895890175106,0.9450895890175106,0.9450895890175106,0.9450895890175106,42.0,97.74978669281543,-0.9450895890175106,-0.9450895890175106,-0.9570319838636956,0.017845064818854173,0.0059026699726691945,1255.2243070600903,0.00040545195918343914,48402.8647109691,62,3,5.0,5.0,1024.0,1024.0,0.19260907173156738,5.377288352989126,9.186718701006612,416.4661600939871
hc11p.txt,150,all,62,null,OPTIMAL,OPTIMAL,OPTIMAL,OPTIMAL,True,0.9450895890175106,0.9214793034838856,0.9214793034838856,0.9214793034838856,0.9450895890175106,42.0,97.74978669281543,-0.9450895890175106,-0.9214793034838856,-0.9682699384680259,0.02318034945051528,-0.023610285533624986,2172.8828453131123,0.0004802863723653892,96805.7294219382,63,9,5.0,5.0,1024.0,1024.0,0.16344285011291504,4.971229237999069,9.00471048502368,425.4708867580048
hc11p.txt,150,all,63,serious,OPTIMAL,OPTIMAL,OPTIMAL,OPTIMAL,True,0.9502340826754723,0.9502340826754723,0.9502340826754723,0.9502340826754723,0.9502340826754723,42.0,97.73753789839174,-0.9502340826754723,-0.9502340826754723,-0.962701350726563,0.01761176170905243,0.005144493657961657,1025.3588168772155,0.00024193474904218827,67764.01059535674,64,2,5.0,5.0,1024.0,1024.0,0.1638779640197754,5.2204563779814634,8.94003465899732,434.4109413159895
hc11p.txt,150,all,64,null,OPTIMAL,OPTIMAL,OPTIMAL,OPTIMAL,True,0.9502340826754723,0.9417661341653595,0.9417661341653595,0.9417661341653595,0.9502340826754723,42.0,97.73753789839174,-0.9502340826754723,-0.9417661341653595,-0.9705560622992183,0.020321979623746045,-0.008467948510112788,2611.2377001525474,0.00033961630965043387,135528.02119071348,65,13,5.0,5.0,1024.0,1024.0,0.13372206687927246,5.378561585006537,9.434632657998009,443.84558876699884
hc11p.txt,150,all,65,null,OPTIMAL,OPTIMAL,OPTIMAL,OPTIMAL,True,0.9502340826754723,0.9510800713719382,0.9510800713719382,0.9510800713719382,0.9510800713719382,42.0,97.73552363959061,-0.9502340826754723,-0.9510800713719382,-0.9666719672800151,0.016437884604542874,0.0008459886964659047,1449.1320994125062,0.00017147981806522647,271056.04238142696,66,4,5.0,5.0,1024.0,1024.0,0.1564638614654541,5.561332012992352,9.790337133978028,453.6359424709808
hc11p.txt,150,all,66,serious,OPTIMAL,OPTIMAL,OPTIMAL,OPTIMAL,True,0.9542500574356748,0.9542500574356748,0.9542500574356748,0.9542500574356748,0.9542500574356748,42.0,97.72797605372459,-0.9542500574356748,-0.9542500574356748,-0.9646760727327875,0.01444199005731528,0.004015974760202545,53.13041316041661,8.675425019918165e-05,189739.22966699887,67,0,5.0,5.0,1024.0,1024.0,0.17353415489196777,3.911171670013573,8.731320110993693,462.3672795839957
hc11p.txt,150,all,67,serious,OPTIMAL,OPTIMAL,OPTIMAL,OPTIMAL,True,0.9594696084911408,0.9594696084911408,0.9594696084911408,0.9594696084911408,0.9594696084911408,42.0,97.71554855121155,-0.9594696084911408,-0.9594696084911408,-0.9667972150329786,0.012547157597303737,0.00521955105546601,50.79957462808453,0.00023825298987239339,132817.4607668992,68,0,5.0,5.0,1024.0,1024.0,0.13102388381958008,8.481494684994686,12.455173141992418,474.8224663939909
hc11p.txt,150,all,68,serious,OPTIMAL,OPTIMAL,OPTIMAL,OPTIMAL,True,0.9645951189929715,0.9645951189929715,0.9645951189929715,0.9645951189929715,0.9645951189929715,42.0,97.70334495477863,-0.9645951189929715,-0.9645951189929715,-0.9708255433966235,0.0113559349054827,0.005125510501830632,51.47744166914418,0.00024153384799733104,92972.22253682943,69,0,5.0,5.0,1024.0,1024.0,0.17060399055480957,5.383012036996661,9.73538433999056,484.5578667430091
hc11p.txt,150,all,69,serious,OPTIMAL,OPTIMAL,OPTIMAL,OPTIMAL,True,0.9663080128392568,0.9663080128392568,0.9663080128392568,0.9663080128392568,0.9663080128392568,42.0,97.69926663609701,-0.9663080128392568,-0.9663080128392568,-0.976577842065742,0.011982723072770596,0.0017128938462853682,1449.074547122662,0.000287085849255959,65080.555775780595,70,4,5.0,5.0,1024.0,1024.0,0.1623079776763916,5.16516487300396,9.455363273998955,494.0132467270014
hc11p.txt,150,all,70,null,OPTIMAL,OPTIMAL,OPTIMAL,OPTIMAL,True,0.9663080128392568,0.9287782270827466,0.9287782270827466,0.9287782270827466,0.9663080128392568,42.0,97.69926663609701,-0.9663080128392568,-0.9287782270827466,-0.9847866325530882,0.018478619713831357,-0.037529785756510226,3396.6324614762034,0.0003542607272841499,130161.11155156119,71,22,5.0,5.0,1024.0,1024.0,0.18083596229553223,5.2860311410040595,9.666289362008683,503.67955219899886
hc11p.txt,150,all,71,null,OPTIMAL,OPTIMAL,OPTIMAL,OPTIMAL,True,0.9663080128392568,0.9583179077916351,0.9583179077916351,0.9583179077916351,0.9663080128392568,42.0,97.69926663609701,-0.9663080128392568,-0.9583179077916351,-0.9807157727416155,0.014407759902358652,-0.007990105047621765,2048.6551778276907,0.0001784889299992411,260322.22310312238,72,8,5.0,5.0,1024.0,1024.0,0.2075819969177246,5.52295990800485,10.06582374899881,513.7454501510074
hc11p.txt,150,all,72,serious,OPTIMAL,OPTIMAL,OPTIMAL,OPTIMAL,True,0.9725383718169455,0.9725383718169455,0.9725383718169455,0.9725383718169455,0.9725383718169455,42.0,97.68443244805489,-0.9725383718169455,-0.9725383718169455,-0.9786365076784788,0.012328494839221937,0.006230358977688644,1255.2004112868674,8.936142787286457e-05,182225.55617218566,73,3,5.0,5.0,1024.0,1024.0,0.1935100555419922,5.172636217001127,9.584601846989244,523.3300674339989
hc11p.txt,150,all,73,null,OPTIMAL,OPTIMAL,OPTIMAL,OPTIMAL,True,0.9725383718169455,0.9717632901546441,0.9717632901546441,0.9717632901546441,0.9725383718169455,42.0,97.68443244805489,-0.9725383718169455,-0.9717632901546441,-0.9815712406602061,0.0090328688432606,-0.0007750816623013357,1774.3663533144452,0.0001269846168945175,364451.11234437133,74,6,5.0,5.0,1024.0,1024.0,0.1831378936767578,5.2487581679888535,9.836610613012454,533.1666936629917
hc11p.txt,150,all,74,serious,OPTIMAL,OPTIMAL,OPTIMAL,OPTIMAL,True,0.9740551840208904,0.9740551840208904,0.9740551840208904,0.9740551840208904,0.9740551840208904,42.0,97.68082099042645,-0.9740551840208904,-0.9740551840208904,-0.980102414106809,0.007564042289863515,0.0015168122039449505,51.61164671462487,6.367390770639006e-05,255115.7786410599,75,0,5.0,5.0,1024.0,1024.0,0.18865084648132324,5.357330511993496,9.757048967992887,542.9237580100016
hc11p.txt,150,all,75,serious,OPTIMAL,OPTIMAL,OPTIMAL,OPTIMAL,True,0.977477891063358,0.977477891063358,0.977477891063358,0.977477891063358,0.977477891063358,42.0,97.6726716879444,-0.977477891063358,-0.977477891063358,-0.9818653602169539,0.007810176196063501,0.00342270704246761,725.9172115686947,0.00015472485023774663,178581.04504874191,76,1,5.0,5.0,1024.0,1024.0,0.17140889167785645,4.369835719000548,8.935412714985432,551.8591858049913
hc11p.txt,150,all,76,null,OPTIMAL,OPTIMAL,OPTIMAL,OPTIMAL,True,0.977477891063358,0.9722300856879151,0.9722300856879151,0.9722300856879151,0.977477891063358,42.0,97.6726716879444,-0.977477891063358,-0.9722300856879151,-0.9849931062432467,0.0075152151798886235,-0.005247805375442893,2172.8655059667904,0.0001310613298651984,357162.09009748383,77,9,5.0,5.0,1024.0,1024.0,0.2036600112915039,5.2321348109981045,9.8907495449821,561.749950730009
hc11p.txt,150,all,77,serious,OPTIMAL,OPTIMAL,OPTIMAL,OPTIMAL,True,0.9785469408251758,0.9785469408251758,0.9785469408251758,0.9785469408251758,0.9785469408251758,42.0,97.67012633136864,-0.9785469408251758,-0.9785469408251758,-0.9834716190220341,0.005993727958676032,0.0010690497618177641,1255.2251386329779,6.655150314819628e-05,250013.46306823866,78,3,5.0,5.0,1024.0,1023.9999999999999,0.2130439281463623,4.326605940004811,9.20337977699819,570.9533482400002
hc11p.txt,150,all,78,null,OPTIMAL,OPTIMAL,OPTIMAL,OPTIMAL,True,0.9785469408251758,0.976650173985043,0.976650173985043,0.976650173985043,0.9785469408251758,42.0,97.67012633136864,-0.9785469408251758,-0.976650173985043,-0.9856224291708185,0.007075488345642755,-0.0018967668401328464,2290.3324920800237,9.275611380188104e-05,500026.9261364773,79,10,5.0,5.0,1024.0,1024.0,0.2415788173675537,5.3708964090037625,10.315130595001392,581.2684990910057
hc11p.txt,150,all,79,serious,OPTIMAL,OPTIMAL,OPTIMAL,OPTIMAL,True,0.9792125076582249,0.9792125076582249,0.9792125076582249,0.9792125076582249,0.9792125076582249,42.0,97.66854164843281,-0.9792125076582249,-0.9792125076582249,-0.9845490801709702,0.0060021393457944106,0.0006655668330490805,1025.3476720475858,4.661269511179022e-05,350018.8482955341,80,2,5.0,5.0,1024.0,1024.0,0.16108393669128418,7.594968628021888,12.243405112996697,593.511921199999
hc11p.txt,150,all,80,null,OPTIMAL,OPTIMAL,OPTIMAL,OPTIMAL,True,0.9792125076582249,0.9793908305276593,0.9793908305276593,0.9793908305276593,0.9793908305276593,42.0,97.66811707017226,-0.9792125076582249,-0.9793908305276593,-0.9860695926909622,0.006857085032737298,0.00017832286943442188,2048.671799158767,6.605602401001082e-05,700037.6965910682,81,8,5.0,5.0,1024.0,1024.0,0.16971898078918457,5.215393808000954,9.836876824003411,603.3488137499953
hc11p.txt,150,all,81,serious,OPTIMAL,OPTIMAL,OPTIMAL,OPTIMAL,True,0.9804503728580368,0.9804503728580368,0.9804503728580368,0.9804503728580368,0.9804503728580368,42.0,97.665594350338,-0.9804503728580368,-0.9804503728580368,-0.9853088498416851,0.006096342183460224,0.0012378651998119494,1255.2351911505084,3.3392164826257916e-05,490026.3876137477,82,3,5.0,5.0,1024.0,1024.0,0.1621849536895752,5.270052502019098,10.219265505991643,613.5681604449928
hc11p.txt,150,all,82,null,OPTIMAL,OPTIMAL,OPTIMAL,OPTIMAL,True,0.9804503728580368,0.9782624180751084,0.9782624180751084,0.9782624180751084,0.9804503728580368,42.0,97.665594350338,-0.9804503728580368,-0.9782624180751084,-0.9863846441325647,0.005934271274527836,-0.0021879547829284363,2048.6698786000175,4.711527380659215e-05,980052.7752274954,83,8,5.0,5.0,1024.0,1024.0,0.1836860179901123,5.59104239201406,10.898500847019022,624.4666788449977
hc11p.txt,150,all,83,null,OPTIMAL,OPTIMAL,OPTIMAL,OPTIMAL,True,0.9804503728580368,0.9808507272555088,0.9808507272555088,0.9808507272555088,0.9808507272555088,42.0,97.66464112558212,-0.9804503728580368,-0.9808507272555088,-0.985839753621914,0.005389380763877183,0.0004003543974719914,725.9646788057186,2.3775022366172867e-05,1000000.0,84,1,5.0,5.0,1024.0,1024.0,0.19713902473449707,5.65028316702228,11.054671560996212,635.521367748006
hc11p.txt,150,all,84,serious,OPTIMAL,OPTIMAL,OPTIMAL,OPTIMAL,True,0.9810924357313898,0.9810924357313898,0.9810924357313898,0.9810924357313898,0.9810924357313898,42.0,97.66406562921098,-0.9810924357313898,-0.9810924357313898,-0.9858249265487217,0.005374553690684847,0.0006420628733529998,52.34106969844959,2.4189730518570777e-05,700000.0,85,0,5.0,5.0,1024.0,1024.0,0.17873907089233398,6.05421820198535,11.369441072980408,646.8908249299857
hc11p.txt,150,all,85,serious,OPTIMAL,OPTIMAL,OPTIMAL,OPTIMAL,True,0.9829588536158871,0.9829588536158871,0.9829588536158871,0.9829588536158871,0.9829588536158871,42.0,97.65962177710504,-0.9829588536158871,-0.9829588536158871,-0.9850060453146894,0.00391360958329956,0.0018664178844972623,50.813891007430804,7.47713109314914e-05,489999.99999999994,86,0,5.0,5.0,1024.0,1024.0,0.2252368927001953,6.1245801460172515,11.49425506600528,658.3850983899902
hc11p.txt,150,all,86,serious,OPTIMAL,OPTIMAL,OPTIMAL,OPTIMAL,True,0.9844923832169272,0.9844923832169272,0.9844923832169272,0.9844923832169272,0.9844923832169272,42.0,97.65597051615019,-0.9844923832169272,-0.9844923832169272,-0.9869511031016674,0.003992249485780364,0.00153352960104014,51.77962748819983,8.33987283026216e-05,342999.99999999994,87,0,5.0,5.0,1024.0,1024.0,0.21751189231872559,5.946355007006787,11.567346072988585,669.9524616599956
hc11p.txt,150,all,87,serious,OPTIMAL,OPTIMAL,OPTIMAL,OPTIMAL,True,0.9862188651772673,0.9862188651772673,0.9862188651772673,0.9862188651772673,0.9862188651772673,42.0,97.65185984481604,-0.9862188651772673,-0.9862188651772673,-0.9887815095532718,0.004289126336344595,0.0017264819603400872,725.9312845059932,9.311726486541573e-05,240099.99999999994,88,1,5.0,5.0,1024.0,1024.0,0.20737314224243164,6.230540131015005,12.290496931993403,682.2429741570086
hc11p.txt,150,all,88,null,OPTIMAL,OPTIMAL,OPTIMAL,OPTIMAL,True,0.9862188651772673,0.9822181607114461,0.9822181607114461,0.9822181607114461,0.9862188651772673,42.0,97.65185984481604,-0.9862188651772673,-0.9822181607114461,-0.9912577114409526,0.005038846263685337,-0.0040007044658212365,2048.6611928538105,9.991728950293218e-05,480199.9999999999,89,8,5.0,5.0,1024.0,1024.0,0.2670421600341797,6.03707616799511,11.64057230297476,693.8835600510065
hc11p.txt,150,all,89,null,OPTIMAL,OPTIMAL,OPTIMAL,OPTIMAL,True,0.9862188651772673,0.9864634507773609,0.9864634507773609,0.9864634507773609,0.9864634507773609,42.0,97.65127749814913,-0.9862188651772673,-0.9864634507773609,-0.9900785433648257,0.0038596781875583908,0.0002445856000935498,1025.3114784404545,5.161735496938319e-05,960399.9999999998,90,2,5.0,5.0,1024.0,1024.0,0.2286529541015625,5.50621131301159,11.154092790995492,705.037668451987
hc11p.txt,150,all,90,serious,OPTIMAL,OPTIMAL,OPTIMAL,OPTIMAL,True,0.9868469259868208,0.9868469259868208,0.9868469259868208,0.9868469259868208,0.9868469259868208,42.0,97.65036446193615,-0.9868469259868208,-0.9868469259868208,-0.9894445385258622,0.003225673348594915,0.0006280608095534657,51.76801570377429,2.6544403752882485e-05,672279.9999999998,91,0,5.0,5.0,1024.0,1024.0,0.21053504943847656,5.692835516005289,11.413591623015236,716.4512755610049
hc11p.txt,150,all,91,serious,OPTIMAL,OPTIMAL,OPTIMAL,OPTIMAL,True,0.9881245294833187,0.9881245294833187,0.9881245294833187,0.9881245294833187,0.9881245294833187,42.0,97.64732254884923,-0.9881245294833187,-0.9881245294833187,-0.9900765127955057,0.0032295868086849033,0.00127760349649797,51.146853727281034,6.320497709035799e-05,470595.9999999998,92,0,5.0,5.0,1024.0,1024.0,0.18845796585083008,8.240632266999455,13.758703059022082,730.2100547709852
hc11p.txt,150,all,92,serious,OPTIMAL,OPTIMAL,OPTIMAL,OPTIMAL,True,0.9895972675377321,0.9895972675377321,0.9895972675377321,0.9895972675377321,0.9895972675377321,42.0,97.64381602967208,-0.9895972675377321,-0.9895972675377321,-0.9912821819082642,0.0031576524249454785,0.0014727380544133917,51.35034572210035,6.795417600928254e-05,329417.19999999984,93,0,5.0,5.0,1024.0,1024.0,0.20016908645629883,6.397478908998892,12.130810389004182,742.340880779986
hc11p.txt,150,all,93,serious,OPTIMAL,OPTIMAL,OPTIMAL,OPTIMAL,True,0.9914264630028184,0.9914264630028184,0.9914264630028184,0.9914264630028184,0.9914264630028184,42.0,97.63946080237424,-0.9914264630028184,-0.9914264630028184,-0.9930050265847784,0.003407759047046266,0.0018291954650863085,52.356665883503595,8.272136121314456e-05,230592.03999999986,94,0,5.0,5.0,1024.0,1024.0,0.2172708511352539,5.875860483007273,11.649153767997632,753.9900532760075
hc11p.txt,150,all,94,serious,OPTIMAL,OPTIMAL,OPTIMAL,OPTIMAL,True,0.9922993679095498,0.9922993679095498,0.9922993679095498,0.9922993679095498,0.9922993679095498,42.0,97.6373824573582,-0.9922993679095498,-0.9922993679095498,-0.9953827027091116,0.003956239706293108,0.0008729049067313088,1916.4785664202504,0.00010810967175573859,161414.4279999999,95,7,5.0,5.0,1024.0,1024.0,0.19083595275878906,5.042344009008957,11.039158594998298,765.029249165993
hc11p.txt,150,all,95,null,OPTIMAL,OPTIMAL,OPTIMAL,OPTIMAL,True,0.9922993679095498,0.8784440871214743,0.8784440871214743,0.8784440871214743,0.9922993679095498,42.0,97.6373824573582,-0.9922993679095498,-0.8784440871214743,-0.9985959906366897,0.006296622727139933,-0.1138552807880755,8413.190976880502,0.00014030504103929186,322828.8559999998,96,135,5.0,5.0,1024.0,1024.0,0.24081182479858398,4.697522487986134,10.493730994989164,775.5229972070083
hc11p.txt,150,all,96,null,OPTIMAL,OPTIMAL,OPTIMAL,OPTIMAL,True,0.9922993679095498,0.9811864134975309,0.9811864134975309,0.9811864134975309,0.9922993679095498,42.0,97.6373824573582,-0.9922993679095498,-0.9811864134975309,-0.9970171350534254,0.0047177671438756175,-0.011112954412018872,4284.041329166015,7.086262104373959e-05,645657.7119999996,97,35,5.0,5.0,1024.0,1024.0,0.2801799774169922,5.0150020660075825,10.973993162973784,786.4970061139902
hc11p.txt,150,all,97,serious,OPTIMAL,OPTIMAL,OPTIMAL,OPTIMAL,True,0.9931124019338887,0.9931124019338887,0.9931124019338887,0.9931124019338887,0.9931124019338887,42.0,97.63544666206218,-0.9931124019338887,-0.9931124019338887,-0.9962105090528813,0.003911141143331576,0.0008130340243389655,1916.4912110800735,3.5839318282964404e-05,451960.3983999997,98,7,5.0,5.0,1024.0,1024.0,0.24466300010681152,5.668472354009282,11.792103064013645,798.2891263549973
hc11p.txt,150,all,98,null,OPTIMAL,OPTIMAL,OPTIMAL,OPTIMAL,True,0.9931124019338887,0.9888176455198198,0.9888176455198198,0.9888176455198198,0.9931124019338887,42.0,97.63544666206218,-0.9931124019338887,-0.9888176455198198,-0.9973361819384362,0.004223780004547484,-0.0042947564140689565,4463.835347871942,4.9711248552798825e-05,903920.7967999994,99,38,5.0,5.0,1024.0,1024.0,0.224653959274292,4.953072684002109,10.83982012301567,809.1289628639934
hc11p.txt,150,all,99,null,OPTIMAL,OPTIMAL,OPTIMAL,OPTIMAL,True,0.9931124019338887,0.9917852187731203,0.9917852187731203,0.9917852187731203,0.9931124019338887,42.0,97.63544666206218,-0.9931124019338887,-0.9917852187731203,-0.9967808965902744,0.0036684946563856347,-0.0013271831607684081,2985.9355482720503,2.5091587513357125e-05,1000000.0,100,17,5.0,5.0,1024.0,1024.0,0.22820806503295898,4.623008235008456,10.678617397003109,819.8075945489982
hc11p.txt,150,all,100,serious,OPTIMAL,OPTIMAL,OPTIMAL,OPTIMAL,True,0.9944996469693368,0.9944996469693368,0.9944996469693368,0.9944996469693368,0.9944996469693368,42.0,97.63214369769206,-0.9944996469693368,-0.9944996469693368,-0.996724492841939,0.0036120909080502583,0.0013872450354480703,2508.861599607866,2.271610046635832e-05,700000.0,101,12,5.0,5.0,1024.0,1024.0,0.26001620292663574,5.230212246009614,11.290158457006328,831.0977689519932
hc11p.txt,150,all,101,null,OPTIMAL,OPTIMAL,OPTIMAL,OPTIMAL,True,0.9944996469693368,0.9916205508483391,0.9916205508483391,0.9916205508483391,0.9944996469693368,42.0,97.63214369769206,-0.9944996469693368,-0.9916205508483391,-0.9974389204258511,0.0029392734565143463,-0.0028790961209976818,4031.8510291981033,3.1859292816939865e-05,1000000.0,102,31,5.0,5.0,1024.0,1024.0,0.17323589324951172,5.012559911003336,11.070411307999166,842.1682657009806
hc11p.txt,150,all,102,null,OPTIMAL,OPTIMAL,OPTIMAL,OPTIMAL,True,0.9944996469693368,0.9936843397105039,0.9936843397105039,0.9936843397105039,0.9944996469693368,42.0,97.63214369769206,-0.9944996469693368,-0.9936843397105039,-0.997225651467977,0.0027260044986402443,-0.0008153072588329424,3318.576704755884,2.2354287986833524e-05,1000000.0,103,21,5.0,5.0,1024.0,1024.0,0.1929020881652832,5.215748193004401,11.263425445009489,853.431710837991
hc11p.txt,150,all,103,null,OPTIMAL,OPTIMAL,OPTIMAL,OPTIMAL,True,0.9944996469693368,0.9945004989219113,0.9945004989219113,0.9945004989219113,0.9945004989219113,42.0,97.63214166923356,-0.9944996469693368,-0.9945004989219113,-0.9972247953076396,0.0027251483383028408,8.519525744876688e-07,2709.785420147695,2.236022372299229e-05,1000000.0,104,14,5.0,5.0,1024.0,1024.0,0.22406697273254395,4.932393950992264,10.984362949995557,864.4160891509964
hc11p.txt,150,all,104,serious,OPTIMAL,OPTIMAL,OPTIMAL,OPTIMAL,True,0.9953749918715429,0.9953749918715429,0.9953749918715429,0.9953749918715429,0.9953749918715429,42.0,97.630059543163,-0.9953749918715429,-0.9953749918715429,-0.9972233076482467,0.002723660678909945,0.0008753449022060877,1619.9813507885742,2.2336520373513334e-05,700000.0,105,5,5.0,5.0,1024.0,1024.0,0.2276148796081543,5.383356311998796,11.55776886100648,875.9738749499957
hc11p.txt,150,all,105,null,OPTIMAL,OPTIMAL,OPTIMAL,OPTIMAL,True,0.9953749918715429,0.9847623797730197,0.9847623797730197,0.9847623797730197,0.9953749918715429,42.0,97.630059543163,-0.9953749918715429,-0.9847623797730197,-0.997924217908016,0.002549226036473118,-0.010612612098523155,5068.828108848316,3.162936976703716e-05,1000000.0,106,49,5.0,5.0,1024.0,1024.0,0.23473405838012695,5.243953629978932,11.698299969983054,887.6721925949969
hc11p.txt,150,all,106,null,OPTIMAL,OPTIMAL,OPTIMAL,OPTIMAL,True,0.9953749918715429,0.9929232175247039,0.9929232175247039,0.9929232175247039,0.9953749918715429,42.0,97.630059543163,-0.9953749918715429,-0.9929232175247039,-0.9977093524042662,0.0023343605327232897,-0.002451774346838964,4096.352070736908,2.1997331000242917e-05,1000000.0,107,32,5.0,5.0,1024.0,1024.0,0.21291899681091309,4.914262584003154,11.722522140975343,899.3947302720044
hc11p.txt,150,all,107,null,OPTIMAL,OPTIMAL,OPTIMAL,OPTIMAL,True,0.9953749918715429,0.9942921123715109,0.9942921123715109,0.9942921123715109,0.9953749918715429,42.0,97.630059543163,-0.9953749918715429,-0.9942921123715109,-0.9977085005516846,0.002333508680141705,-0.0010828795000319413,3318.5723242567965,2.2026385503506534e-05,1000000.0,108,21,5.0,5.0,1024.0,1024.0,0.2210090160369873,5.302585867000744,12.203222754003946,911.5979696029972
hc11p.txt,150,all,108,null,OPTIMAL,OPTIMAL,OPTIMAL,OPTIMAL,True,0.9953749918715429,0.995254462239247,0.995254462239247,0.995254462239247,0.9953749918715429,42.0,97.630059543163,-0.9953749918715429,-0.995254462239247,-0.99770759514873,0.0023326032771870953,-0.00012052963229591818,3156.636892429709,2.2025817017920613e-05,1000000.0,109,19,5.0,5.0,1024.0,1024.0,0.2638130187988281,5.0710269729897846,12.003160139982356,923.6011457109998
hc11p.txt,150,all,109,serious,OPTIMAL,OPTIMAL,OPTIMAL,OPTIMAL,True,0.9958086129590391,0.9958086129590391,0.9958086129590391,0.9958086129590391,0.9958086129590391,42.0,97.62902711200229,-0.9958086129590391,-0.9958086129590391,-0.9977061009285839,0.0023311090570410364,0.00043362108749622763,2048.7001295230507,2.1991053600028773e-05,700000.0,110,8,5.0,5.0,1024.0,1024.0,0.2143700122833252,5.420815375982784,11.645744862005813,935.2469069689978
hc11p.txt,150,all,110,null,OPTIMAL,OPTIMAL,OPTIMAL,OPTIMAL,True,0.9958086129590391,0.984189905356546,0.984189905356546,0.984189905356546,0.9958086129590391,42.0,97.62902711200229,-0.9958086129590391,-0.984189905356546,-0.9983823043289984,0.00257369136995933,-0.011618707602493061,5971.137579893181,3.0943893642678654e-05,1000000.0,111,68,5.0,5.0,1024.0,1024.0,0.24312710762023926,5.26115513802506,11.916901960008545,947.163827137003
hc11p.txt,150,all,111,null,OPTIMAL,OPTIMAL,OPTIMAL,OPTIMAL,True,0.9958086129590391,0.9933659097880551,0.9933659097880551,0.9933659097880551,0.9958086129590391,42.0,97.62902711200229,-0.9958086129590391,-0.9933659097880551,-0.9981776521408184,0.002369039181779331,-0.0024427031709840508,4344.799000733659,2.1632859287347656e-05,1000000.0,112,36,5.0,5.0,1024.0,1024.0,0.2624199390411377,3.9630513100128155,10.753493224008707,957.9174120829848
hc11p.txt,150,all,112,null,OPTIMAL,OPTIMAL,OPTIMAL,OPTIMAL,True,0.9958086129590391,0.9939721014199817,0.9939721014199817,0.9939721014199817,0.9958086129590391,42.0,97.62902711200229,-0.9958086129590391,-0.9939721014199817,-0.9981771111905671,0.00236849823152796,-0.001836511539057395,4096.3547761418995,2.1657255290928235e-05,1000000.0,113,32,5.0,5.0,1024.0,1024.0,0.2798960208892822,4.826759475981817,11.782702332013287,969.7001311740023
hc11p.txt,150,all,113,null,OPTIMAL,OPTIMAL,OPTIMAL,OPTIMAL,True,0.9958086129590391,0.9954790591270212,0.9954790591270212,0.9954790591270212,0.9958086129590391,42.0,97.62902711200229,-0.9958086129590391,-0.9954790591270212,-0.9981757858231957,0.0023671728641565526,-0.000329553832017937,3472.9727660970143,2.163695841690513e-05,1000000.0,114,23,5.0,5.0,1024.0,1024.0,0.2678101062774658,4.6105854519992135,11.730916193017038,981.4310645200021
hc11p.txt,150,all,114,serious,OPTIMAL,OPTIMAL,OPTIMAL,OPTIMAL,True,0.9962458188050243,0.9962458188050243,0.9962458188050243,0.9962458188050243,0.9962458188050243,42.0,97.62798614570234,-0.9962458188050243,-0.9962458188050243,-0.9981748404268873,0.002366227467848203,0.0004372058459851669,2048.7076956549236,2.16133231794047e-05,700000.0,115,8,5.0,5.0,1024.0,1024.0,0.23614788055419922,4.91011113501736,11.968806148011936,993.3998896770063
hc11p.txt,150,all,115,null,OPTIMAL,OPTIMAL,OPTIMAL,OPTIMAL,True,0.9962458188050243,0.978290042314324,0.978290042314324,0.978290042314324,0.9962458188050243,42.0,97.62798614570234,-0.9962458188050243,-0.978290042314324,-0.9988244808534837,0.002578662048459468,-0.017955776490700237,7313.020868496464,3.0348796996096772e-05,1000000.0,116,102,5.0,5.0,1024.0,1024.0,0.2693150043487549,4.9283871500229,12.16722893100814,1005.567136586993
hc11p.txt,150,all,116,null,OPTIMAL,OPTIMAL,OPTIMAL,OPTIMAL,True,0.9962458188050243,0.9908400119243327,0.9908400119243327,0.9908400119243327,0.9962458188050243,42.0,97.62798614570234,-0.9962458188050243,-0.9908400119243327,-0.998624672620087,0.0023788538150627536,-0.005405806880691588,5562.005120975099,2.106971942617258e-05,1000000.0,117,59,5.0,5.0,1024.0,1024.0,0.26015591621398926,5.10915715599549,12.16516085001058,1017.7323154409823
hc11p.txt,150,all,117,null,OPTIMAL,OPTIMAL,OPTIMAL,OPTIMAL,True,0.9962458188050243,0.9933601355257589,0.9933601355257589,0.9933601355257589,0.9962458188050243,42.0,97.62798614570234,-0.9962458188050243,-0.9933601355257589,-0.9986225684626737,0.0023767496576494462,-0.0028856832792654163,5120.283154767822,2.1065575852796165e-05,1000000.0,118,50,5.0,5.0,1024.0,1024.0,0.2604079246520996,4.9752180720097385,12.424394614994526,1030.156726688001
hc11p.txt,150,all,118,null,OPTIMAL,OPTIMAL,OPTIMAL,OPTIMAL,True,0.9962458188050243,0.9945741325217825,0.9945741325217825,0.9945741325217825,0.9962458188050243,42.0,97.62798614570234,-0.9962458188050243,-0.9945741325217825,-0.9986222525772949,0.002376433772270592,-0.001671686283241769,4692.86644186075,2.1071129451003887e-05,1000000.0,119,42,5.0,5.0,1024.0,1024.0,0.275191068649292,4.753973939979915,11.985767313017277,1042.1425116249884
hc11p.txt,150,all,119,null,OPTIMAL,OPTIMAL,OPTIMAL,OPTIMAL,True,0.9962458188050243,0.9961027448180265,0.9961027448180265,0.9961027448180265,0.9962458188050243,42.0,97.62798614570234,-0.9962458188050243,-0.9961027448180265,-0.998620491499323,0.002374672694298696,-0.00014307398699775487,4222.405012926306,2.1027728723544067e-05,1000000.0,120,34,5.0,5.0,1024.0,1024.0,0.3136310577392578,5.161835195001913,12.628761517989915,1054.7712907469831
hc11p.txt,150,all,120,null,OPTIMAL,OPTIMAL,OPTIMAL,OPTIMAL,True,0.9962458188050243,0.9964600256590808,0.9964600256590808,0.9964600256590808,0.9964600256590808,42.0,97.62747612938314,-0.9962458188050243,-0.9964600256590808,-0.9986202553827942,0.002374436577769923,0.00021420685405648676,3318.5758442544557,2.10250324709516e-05,1000000.0,121,21,5.0,5.0,1024.0,1024.0,0.25484299659729004,5.484239997982513,12.968319292995147,1067.7396277869993
hc11p.txt,150,all,121,null,OPTIMAL,OPTIMAL,OPTIMAL,OPTIMAL,True,0.9962458188050243,0.9963205638832301,0.9963205638832301,0.9963205638832301,0.9964600256590808,42.0,97.62747612938314,-0.9962458188050243,-0.9963205638832301,-0.9986194143070375,0.002373595502013215,7.474507820581788e-05,3692.478182004367,2.1023809478349756e-05,1000000.0,122,26,5.0,5.0,1024.0,1024.0,0.25679898262023926,5.175718028011033,12.37057215598179,1080.1102971549844
hc11p.txt,150,all,122,null,OPTIMAL,OPTIMAL,OPTIMAL,OPTIMAL,True,0.9962458188050243,0.9959693130347117,0.9959693130347117,0.9959693130347117,0.9964600256590808,42.0,97.62747612938314,-0.9962458188050243,-0.9959693130347117,-0.9986199644439442,0.002374145638919911,-0.00027650577031257395,3831.8361535516865,2.105016437415471e-05,1000000.0,123,28,5.0,5.0,1024.0,1024.0,0.27223896980285645,4.879204327997286,12.152363175991923,1092.2626770479837
hc11p.txt,150,all,123,null,OPTIMAL,OPTIMAL,OPTIMAL,OPTIMAL,True,0.9962458188050243,0.9961119864239709,0.9961119864239709,0.9961119864239709,0.9964600256590808,42.0,97.62747612938314,-0.9962458188050243,-0.9961119864239709,-0.9986195884106868,0.00237376960566249,-0.00013383238105335593,3899.6473754290823,2.1061877544496248e-05,1000000.0,124,29,5.0,5.0,1024.0,1024.0,0.31111693382263184,3.8589596599922515,11.288370831985958,1103.551063357998
hc11p.txt,150,all,124,serious,OPTIMAL,OPTIMAL,OPTIMAL,OPTIMAL,True,0.9965718670703466,0.9965718670703466,0.9965718670703466,0.9965718670703466,0.9965718670703466,42.0,97.62720984030871,-0.9965718670703466,-0.9965718670703466,-0.9986188841988518,0.0023730653938275337,0.0003260482653223429,3238.6193508068623,2.1043481623653196e-05,700000.0,125,20,5.0,5.0,1024.0,1024.0,0.28566598892211914,4.974624558002688,12.314024282008177,1115.8651033669885
hc11p.txt,150,all,125,null,OPTIMAL,OPTIMAL,OPTIMAL,OPTIMAL,True,0.9965718670703466,0.9519088416707089,0.9519088416707089,0.9519088416707089,0.9965718670703466,42.0,97.62720984030871,-0.9965718670703466,-0.9519088416707089,-0.9992359092334028,0.0026640421630561573,-0.044663025399637735,10265.70947521389,2.9648994585977505e-05,1000000.0,126,201,5.0,5.0,1024.0,1024.0,0.30887413024902344,4.837508319003973,12.770869349013083,1128.6359876460047
hc11p.txt,150,all,126,null,OPTIMAL,OPTIMAL,OPTIMAL,OPTIMAL,True,0.9965718670703466,0.9857151367086597,0.9857151367086597,0.9857151367086597,0.9965718670703466,42.0,97.62720984030871,-0.9965718670703466,-0.9857151367086597,-0.9990393360977674,0.0024674690274207878,-0.010856730361686884,7765.052020033033,2.024074999662063e-05,1000000.0,127,115,5.0,5.0,1024.0,1024.0,0.36714601516723633,4.814338109019445,12.586914269981207,1141.2229192800005
hc11p.txt,150,all,127,null,OPTIMAL,OPTIMAL,OPTIMAL,OPTIMAL,True,0.9965718670703466,0.9918007872185858,0.9918007872185858,0.9918007872185858,0.9965718670703466,42.0,97.62720984030871,-0.9965718670703466,-0.9918007872185858,-0.9990354853596942,0.002463618289347602,-0.00477107985176084,6596.880270859645,2.0197369617747945e-05,1000000.0,128,83,5.0,5.0,1024.0,1024.0,0.3475940227508545,5.085610695998184,13.219559335004305,1154.4424939349992
hc11p.txt,150,all,128,null,OPTIMAL,OPTIMAL,OPTIMAL,OPTIMAL,True,0.9965718670703466,0.9948734207634307,0.9948734207634307,0.9948734207634307,0.9965718670703466,42.0,97.62720984030871,-0.9965718670703466,-0.9948734207634307,-0.99903121020911,0.0024593431387633924,-0.0016984463069159572,5466.930263671981,2.006722935796354e-05,1000000.0,129,57,5.0,5.0,1024.0,1024.0,0.3645951747894287,5.670925769023597,13.500828796008136,1167.943335922988
hc11p.txt,150,all,129,null,OPTIMAL,OPTIMAL,OPTIMAL,OPTIMAL,True,0.9965718670703466,0.9958934221010121,0.9958934221010121,0.9958934221010121,0.9965718670703466,42.0,97.62720984030871,-0.9965718670703466,-0.9958934221010121,-0.9990308961412465,0.0024590290708998985,-0.0006784449693345573,4857.557064485713,2.0088028190582692e-05,1000000.0,130,45,5.0,5.0,1024.0,1024.0,0.3304789066314697,5.270111591002205,13.138486391981132,1181.0818370549823
hc11p.txt,150,all,130,null,OPTIMAL,OPTIMAL,OPTIMAL,OPTIMAL,True,0.9965718670703466,0.9963566657978989,0.9963566657978989,0.9963566657978989,0.9965718670703466,42.0,97.62720984030871,-0.9965718670703466,-0.9963566657978989,-0.9990315383301812,0.002459671259834595,-0.00021520127244767373,4692.867371107854,2.0096345271118064e-05,1000000.0,131,42,5.0,5.0,1024.0,1024.0,0.2791118621826172,4.786178239010042,12.3553445909929,1193.4372013490065
hc11p.txt,150,all,131,null,OPTIMAL,OPTIMAL,OPTIMAL,OPTIMAL,True,0.9965718670703466,0.9963590013899494,0.9963590013899494,0.9963590013899494,0.9965718670703466,42.0,97.62720984030871,-0.9965718670703466,-0.9963590013899494,-0.9990314382337995,0.002459571163452856,-0.00021286568039724507,4803.288858393701,2.0111629491186547e-05,1000000.0,132,44,5.0,5.0,1024.0,1024.0,0.31012511253356934,4.845575423998525,13.219996531988727,1206.6573248189816
hc11p.txt,150,all,132,null,OPTIMAL,OPTIMAL,OPTIMAL,OPTIMAL,True,0.9965718670703466,0.9964901517759829,0.9964901517759829,0.9964901517759829,0.9965718670703466,42.0,97.62720984030871,-0.9965718670703466,-0.9964901517759829,-0.9990311706999807,0.002459303629634091,-8.171529436373781e-05,5171.227340642489,2.0118778973704245e-05,1000000.0,133,51,5.0,5.0,1024.0,1024.0,0.2965278625488281,4.742864848987665,12.745786496991059,1219.4031340680085
hc11p.txt,150,all,133,serious,OPTIMAL,OPTIMAL,OPTIMAL,OPTIMAL,True,0.9968950716861688,0.9968950716861688,0.9968950716861688,0.9968950716861688,0.9968950716861688,42.0,97.62644030550912,-0.9968950716861688,-0.9968950716861688,-0.9990305685554404,0.0024587014850937505,0.0003232046158221369,3899.647342757392,2.008905624065434e-05,700000.0,134,29,5.0,5.0,1024.0,1024.0,0.33902788162231445,4.647594157024287,13.306985670002177,1232.7101348440046
hc11p.txt,150,all,134,null,OPTIMAL,OPTIMAL,OPTIMAL,OPTIMAL,True,0.9968950716861688,0.9412974496517198,0.9412974496517198,0.9412974496517198,0.9968950716861688,42.0,97.62644030550912,-0.9968950716861688,-0.9412974496517198,-0.9995577234956339,0.002662651809465122,-0.05559762203444896,12810.349083670291,2.7265609452485942e-05,1000000.0,135,313,5.0,5.0,1024.0,1024.0,0.33393406867980957,5.366057356004603,14.22888023298583,1246.9390314869815
hc11p.txt,150,all,135,null,OPTIMAL,OPTIMAL,OPTIMAL,OPTIMAL,True,0.9968950716861688,0.9827202364432689,0.9827202364432689,0.9827202364432689,0.9968950716861688,42.0,97.62644030550912,-0.9968950716861688,-0.9827202364432689,-0.999387517035611,0.0024924453494422627,-0.014174835242899864,9848.665030363518,1.843819417576855e-05,1000000.0,136,185,5.0,5.0,1024.0,1024.0,0.30365705490112305,5.311409999994794,14.806790691014612,1261.7458480119822
hc11p.txt,150,all,136,null,OPTIMAL,OPTIMAL,OPTIMAL,OPTIMAL,True,0.9968950716861688,0.9884811416838011,0.9884811416838011,0.9884811416838011,0.9968950716861688,42.0,97.62644030550912,-0.9968950716861688,-0.9884811416838011,-0.9993841923432317,0.002489120657062971,-0.008413930002367676,9159.092804362213,1.8455057355515606e-05,1000000.0,137,160,5.0,5.0,1024.0,1024.0,0.3555469512939453,4.658958359999815,12.836439878010424,1274.5823059789836
hc11p.txt,150,all,137,null,OPTIMAL,OPTIMAL,OPTIMAL,OPTIMAL,True,0.9968950716861688,0.9932061182945197,0.9932061182945197,0.9932061182945197,0.9968950716861688,42.0,97.62644030550912,-0.9968950716861688,-0.9932061182945197,-0.9993798364470788,0.0024847647609100854,-0.003688953391649097,7384.365649372385,1.826654020477921e-05,1000000.0,138,104,5.0,5.0,1024.0,1024.0,0.3625960350036621,4.400012135010911,12.566219380998518,1287.1485408139997
hc11p.txt,150,all,138,null,OPTIMAL,OPTIMAL,OPTIMAL,OPTIMAL,True,0.9968950716861688,0.9941706850106041,0.9941706850106041,0.9941706850106041,0.9968950716861688,42.0,97.62644030550912,-0.9968950716861688,-0.9941706850106041,-0.9993787530043587,0.0024836813181899897,-0.0027243866755646273,7277.0858728462445,1.8253649781335783e-05,1000000.0,139,101,5.0,5.0,1024.0,1024.0,0.32218408584594727,4.605760433973046,12.786118893971434,1299.9346730789985
hc11p.txt,150,all,139,null,OPTIMAL,OPTIMAL,OPTIMAL,OPTIMAL,True,0.9968950716861688,0.9944801104185839,0.9944801104185839,0.9944801104185839,0.9968950716861688,42.0,97.62644030550912,-0.9968950716861688,-0.9944801104185839,-0.9993780140892691,0.002482942403100319,-0.002414961267584892,7419.780244022827,1.826634429815973e-05,1000000.0,140,105,5.0,5.0,1024.0,1024.0,0.29890990257263184,4.797415003995411,13.552776733995415,1313.4874652669823
hc11p.txt,150,all,140,null,OPTIMAL,OPTIMAL,OPTIMAL,OPTIMAL,True,0.9968950716861688,0.9958420381521466,0.9958420381521466,0.9958420381521466,0.9968950716861688,42.0,97.62644030550912,-0.9968950716861688,-0.9958420381521466,-0.9993778574920414,0.0024827858058726893,-0.0010530335340221963,7277.086736061627,1.8278551321928418e-05,1000000.0,141,101,5.0,5.0,1024.0,1023.9999999999999,0.3710939884185791,4.889041604998056,13.068035181000596,1326.5555163419922
hc11p.txt,150,all,141,null,OPTIMAL,OPTIMAL,OPTIMAL,OPTIMAL,True,0.9968950716861688,0.9964499673956688,0.9964499673956688,0.9964499673956688,0.9968950716861688,42.0,97.62644030550912,-0.9968950716861688,-0.9964499673956688,-0.9993786601582392,0.0024835884720704193,-0.0004451042904999314,6945.313801417364,1.830330227732078e-05,1000000.0,142,92,5.0,5.0,1024.0,1023.9999999999999,0.30323290824890137,4.901434839004651,14.356485766998958,1340.9120961519948
hc11p.txt,150,all,142,null,OPTIMAL,OPTIMAL,OPTIMAL,OPTIMAL,True,0.9968950716861688,0.9968803520589238,0.9968803520589238,0.9968803520589238,0.9968950716861688,42.0,97.62644030550912,-0.9968950716861688,-0.9968803520589238,-0.9993783994191351,0.002483327732966334,-1.4719627244974554e-05,6014.880961493638,1.8305141376060352e-05,1000000.0,143,69,5.0,5.0,1024.0,1024.0,0.3459169864654541,4.492597047006711,13.371823433990357,1354.2839371220034
hc11p.txt,150,all,143,null,OPTIMAL,OPTIMAL,OPTIMAL,OPTIMAL,True,0.9968950716861688,0.9968193096182469,0.9968193096182469,0.9968193096182469,0.9968950716861688,42.0,97.62644030550912,-0.9968950716861688,-0.9968193096182469,-0.9993782307966348,0.0024831591104660378,-7.576206792181406e-05,6312.589324817887,1.8308678665015273e-05,1000000.0,144,76,5.0,5.0,1024.0,1024.0,0.3574788570404053,5.534994879009901,14.219267737003975,1368.503236140008
hc11p.txt,150,all,144,null,OPTIMAL,OPTIMAL,OPTIMAL,OPTIMAL,True,0.9968950716861688,0.9971147032501281,0.9971147032501281,0.9971147032501281,0.9971147032501281,42.0,97.62591737321398,-0.9968950716861688,-0.9971147032501281,-0.9993766957662488,0.002481624080080014,0.0002196315639593216,6101.42214646493,1.8267791635418896e-05,1000000.0,145,71,5.0,5.0,1024.0,1024.0,0.33014702796936035,4.326056227990193,13.11985498998547,1381.6231057459954
hc11p.txt,150,all,145,null,OPTIMAL,OPTIMAL,OPTIMAL,OPTIMAL,True,0.9968950716861688,0.997088401320777,0.997088401320777,0.997088401320777,0.9971147032501281,42.0,97.62591737321398,-0.9968950716861688,-0.997088401320777,-0.999377381087028,0.0024823094008592506,0.00019332963460827468,5514.670972758412,1.827011885466178e-05,1000000.0,146,58,5.0,5.0,1024.0,1024.0,0.4217689037322998,5.228428072994575,14.467989621014567,1396.0911114309856
hc11p.txt,150,all,146,serious,OPTIMAL,OPTIMAL,OPTIMAL,OPTIMAL,True,0.9973504597220993,0.9973504597220993,0.9973504597220993,0.9973504597220993,0.9973504597220993,42.0,97.62535604828071,-0.9973504597220993,-0.9973504597220993,-0.999376386589226,0.0024813149030572523,0.00045538803593059285,5466.930243847053,1.824976322860807e-05,700000.0,147,57,5.0,5.0,1024.0,1024.0,0.3763420581817627,4.619845921988599,13.389242684002966,1409.4803714549926
hc11p.txt,150,all,147,null,OPTIMAL,OPTIMAL,OPTIMAL,OPTIMAL,True,0.9973504597220993,0.9110651428564527,0.9110651428564527,0.9110651428564527,0.9973504597220993,42.0,97.62535604828071,-0.9973504597220993,-0.9110651428564527,-0.9997973017621474,0.0024468420400480806,-0.08628531686564667,15049.693902916193,2.4261041357323914e-05,1000000.0,148,432,5.0,5.0,1022.0,1024.0,0.3009529113769531,5.222739940014435,14.133808181009954,1423.6142005719885
hc11p.txt,150,all,148,null,OPTIMAL,OPTIMAL,OPTIMAL,OPTIMAL,True,0.9973504597220993,0.9779631637420689,0.9779631637420689,0.9779631637420689,0.9973504597220993,42.0,97.62535604828071,-0.9973504597220993,-0.9779631637420689,-0.9996482339893223,0.002297774267222996,-0.019387295980030417,11310.488011355244,1.566188206004256e-05,1000000.0,149,244,5.0,5.0,1022.0,1024.0,0.34602785110473633,6.029994347016327,15.884875979012577,1439.4990935270034
hc11p.txt,150,all,149,null,OPTIMAL,OPTIMAL,OPTIMAL,OPTIMAL,True,0.9973504597220993,0.9829757564069356,0.9829757564069356,0.9829757564069356,0.9973504597220993,42.0,97.62535604828071,-0.9973504597220993,-0.9829757564069356,-0.9996456802059311,0.0022952204838317947,-0.014374703315163773,11585.363365004774,1.5780951893223974e-05,1000000.0,150,256,5.0,5.0,1024.0,1024.0,0.3252599239349365,5.399310965003679,14.385205104015768,1453.8843170430046
hc11p.txt,150,all,150,null,OPTIMAL,OPTIMAL,OPTIMAL,OPTIMAL,True,0.9973504597220993,0.989576511386764,0.989576511386764,0.989576511386764,0.9973504597220993,42.0,97.62535604828071,-0.9973504597220993,-0.989576511386764,-0.9996404899234906,0.002290030201391291,-0.007773948335335401,10291.21410230376,1.55679444597214e-05,1000000.0,151,202,5.0,5.0,1024.0,1024.0,0.44811582565307617,4.8583479700027965,14.159495889995014,1468.043831774994
hc11p.txt,150,all,151,null,OPTIMAL,OPTIMAL,OPTIMAL,OPTIMAL,True,0.9973504597220993,0.992807309422671,0.992807309422671,0.992807309422671,0.9973504597220993,42.0,97.62535604828071,-0.9973504597220993,-0.992807309422671,-0.9996370679587696,0.0022866082366702623,-0.004543150299428311,9014.851868913342,1.5414943367819556e-05,1000000.0,152,155,5.0,5.0,1024.0,1024.0,0.42622900009155273,4.47713266898063,13.83476239698939,1481.8786704170052
hc11p.txt,150,all,152,null,OPTIMAL,OPTIMAL,OPTIMAL,OPTIMAL,True,0.9973504597220993,0.993322054860326,0.993322054860326,0.993322054860326,0.9973504597220993,42.0,97.62535604828071,-0.9973504597220993,-0.993322054860326,-0.9996363750193623,0.0022859152972629637,-0.00402840486177336,9357.187986238547,1.539999950521716e-05,1000000.0,153,167,5.0,5.0,1022.0,1024.0,0.3320279121398926,5.219191751006292,14.658435849007219,1496.5371183929965
hc11p.txt,150,all,153,null,OPTIMAL,OPTIMAL,OPTIMAL,OPTIMAL,True,0.9973504597220993,0.994420795512663,0.994420795512663,0.994420795512663,0.9973504597220993,42.0,97.62535604828071,-0.9973504597220993,-0.994420795512663,-0.9996363268758456,0.002285867153746235,-0.0029296642094363,9300.987298088447,1.5414271808527863e-05,1000000.0,154,165,5.0,5.0,1022.0,1024.0,0.4222898483276367,5.008348834991921,14.383422571001574,1510.9205554259825
hc11p.txt,150,all,154,null,OPTIMAL,OPTIMAL,OPTIMAL,OPTIMAL,True,0.9973504597220993,0.9957449042133053,0.9957449042133053,0.9957449042133053,0.9973504597220993,42.0,97.62535604828071,-0.9973504597220993,-0.9957449042133053,-0.9996353622155973,0.002284902493497998,-0.0016055555087940432,9101.581058867469,1.540691919846149e-05,1000000.0,155,158,5.0,5.0,1022.3924603061785,1024.0,0.3969759941101074,5.041501667990815,14.309480583993718,1525.2300540239958
hc11p.txt,150,all,155,null,OPTIMAL,OPTIMAL,OPTIMAL,OPTIMAL,True,0.9973504597220993,0.996153952833272,0.996153952833272,0.996153952833272,0.9973504597220993,42.0,97.62535604828071,-0.9973504597220993,-0.996153952833272,-0.9996361046620434,0.002285644939944098,-0.0011965068888273311,8506.153638544667,1.5440980705738177e-05,1000000.0,156,138,5.0,5.0,1024.0,1024.0,0.3975980281829834,4.3218523190007545,13.84193486001459,1539.0720037400024
hc11p.txt,150,all,156,null,OPTIMAL,OPTIMAL,OPTIMAL,OPTIMAL,True,0.9973504597220993,0.9963039487109057,0.9963039487109057,0.9963039487109057,0.9973504597220993,42.0,97.62535604828071,-0.9973504597220993,-0.9963039487109057,-0.9996356387809915,0.0022851790588921395,-0.0010465110111936848,8927.073082715158,1.544078293622809e-05,1000000.0,157,152,5.0,5.0,1022.0,1024.0,0.31944704055786133,4.207366065995302,13.66549054600182,1552.7375100759964
hc11p.txt,150,all,157,null,OPTIMAL,OPTIMAL,OPTIMAL,OPTIMAL,True,0.9973504597220993,0.9967635149087473,0.9967635149087473,0.9967635149087473,0.9973504597220993,42.0,97.62535604828071,-0.9973504597220993,-0.9967635149087473,-0.9996356137979909,0.0022851540758915823,-0.000586944813352086,8444.293426151076,1.5437782177067596e-05,1000000.0,158,136,5.0,5.0,1024.0,1024.0,0.4163508415222168,3.8418393100146204,13.17428986201412,1565.9118145309913
hc11p.txt,150,all,158,null,OPTIMAL,OPTIMAL,OPTIMAL,OPTIMAL,True,0.9973504597220993,0.9970937631069079,0.9970937631069079,0.9970937631069079,0.9973504597220993,42.0,97.62535604828071,-0.9973504597220993,-0.9970937631069079,-0.9996343753385148,0.0022839156164154994,-0.00025669661519145404,7697.2364105676215,1.540502616821536e-05,1000000.0,159,113,5.0,5.0,1024.0,1024.0,0.38222599029541016,5.02876717800973,14.635618525993777,1580.5474477940006
hc11p.txt,150,all,159,null,OPTIMAL,OPTIMAL,OPTIMAL,OPTIMAL,True,0.9973504597220993,0.9970635167322173,0.9970635167322173,0.9970635167322173,0.9973504597220993,42.0,97.62535604828071,-0.9973504597220993,-0.9970635167322173,-0.9996355564924946,0.002285096770395234,-0.00028694298988207745,8127.927035399101,1.543214988120351e-05,1000000.0,160,126,5.0,5.0,1024.0,1024.0,0.36441993713378906,4.148621706990525,13.617685961013194,1594.1651530859817
hc11p.txt,150,all,160,null,OPTIMAL,OPTIMAL,OPTIMAL,OPTIMAL,True,0.9973504597220993,0.9973025244775721,0.9973025244775721,0.9973025244775721,0.9973504597220993,42.0,97.62535604828071,-0.9973504597220993,-0.9973025244775721,-0.9996348137542133,0.002284354032113911,-4.793524452728626e-05,7455.027305904806,1.5413402780392846e-05,1000000.0,161,106,5.0,5.0,1024.0,1024.0,0.42538905143737793,4.083694279019255,13.427036139008123,1607.5922069420049
hc11p.txt,150,all,161,null,OPTIMAL,OPTIMAL,OPTIMAL,OPTIMAL,True,0.9973504597220993,0.997091391109356,0.997091391109356,0.997091391109356,0.9973504597220993,42.0,97.62535604828071,-0.9973504597220993,-0.997091391109356,-0.9996350595455502,0.0022845998234508613,-0.000259068612743385,8319.066813144545,1.5413967122703305e-05,1000000.0,162,132,5.0,5.0,1022.0,1024.0,0.3773469924926758,4.4024917549977545,14.66237171299872,1622.2546876599954
hc11p.txt,150,all,162,null,OPTIMAL,OPTIMAL,OPTIMAL,OPTIMAL,True,0.9973504597220993,0.9975256528567271,0.9975256528567271,0.9975256528567271,0.9975256528567271,42.0,97.6249389217697,-0.9973504597220993,-0.9975256528567271,-0.9996344268065547,0.0022839670844553295,0.0001751931346277713,7094.685159335467,1.539135859600253e-05,1000000.0,163,96,5.0,5.0,1024.0,1024.0,0.3981001377105713,4.1374635840184055,14.33811492298264,1636.5928168940009
hc11p.txt,150,all,163,null,OPTIMAL,OPTIMAL,OPTIMAL,OPTIMAL,True,0.9973504597220993,0.9969150926917306,0.9969150926917306,0.9969150926917306,0.9975256528567271,42.0,97.6249389217697,-0.9973504597220993,-0.9969150926917306,-0.9996324572050462,0.0022819974829468848,-0.00043536703036872737,7628.754834271059,1.535045682572517e-05,1000000.0,164,111,5.0,5.0,1023.0362933455173,1024.0,0.364063024520874,4.426211748999776,14.595336484984728,1651.188169681991
hc11p.txt,150,all,164,null,OPTIMAL,OPTIMAL,OPTIMAL,OPTIMAL,True,0.9973504597220993,0.9973469384650056,0.9973469384650056,0.9973469384650056,0.9975256528567271,42.0,97.6249389217697,-0.9973504597220993,-0.9973469384650056,-0.9996337346967915,0.002283274974692162,-3.5212570937970256e-06,7559.780972115084,1.538583382426453e-05,1000000.0,165,109,5.0,5.0,1024.0,1024.0,0.40206408500671387,4.30020201500156,14.153435147978598,1665.3416226150002
hc11p.txt,150,all,165,null,OPTIMAL,OPTIMAL,OPTIMAL,OPTIMAL,True,0.9973504597220993,0.9974025823992573,0.9974025823992573,0.9974025823992573,0.9975256528567271,42.0,97.6249389217697,-0.9973504597220993,-0.9974025823992573,-0.999633620854266,0.0022831611321666445,5.212267715792862e-05,7057.639201177994,1.5383099681849887e-05,1000000.0,166,95,5.0,5.0,1024.0,1024.0,0.46270203590393066,4.834608742996352,15.582490255997982,1680.92413012599
hc11p.txt,150,all,166,null,OPTIMAL,OPTIMAL,OPTIMAL,OPTIMAL,True,0.9973504597220993,0.9974168755955212,0.9974168755955212,0.9974168755955212,0.9975256528567271,42.0,97.6249389217697,-0.9973504597220993,-0.9974168755955212,-0.9996327898404521,0.002282330118352771,6.64158734218212e-05,7204.680493901462,1.5382379803531916e-05,1000000.0,167,99,5.0,5.0,1024.0,1024.0,0.3770909309387207,3.9346515119832475,13.48155312097515,1694.405700045987
hc11p.txt,150,all,167,null,OPTIMAL,OPTIMAL,OPTIMAL,OPTIMAL,True,0.9973504597220993,0.9970802913032578,0.9970802913032578,0.9970802913032578,0.9975256528567271,42.0,97.6249389217697,-0.9973504597220993,-0.9970802913032578,-0.9996344807831045,0.002284021061005115,-0.0002701684188415321,7663.104295043297,1.5407163357008245e-05,1000000.0,168,112,5.0,5.0,1024.0,1024.0,0.3601059913635254,4.602426844008733,14.634812532021897,1709.040528765996
hc11p.txt,150,all,168,null,OPTIMAL,OPTIMAL,OPTIMAL,OPTIMAL,True,0.9973504597220993,0.9975125096198211,0.9975125096198211,0.9975125096198211,0.9975256528567271,42.0,97.6249389217697,-0.9973504597220993,-0.9975125096198211,-0.9996341644754141,0.0022837047533147414,0.00016204989772172773,7277.087740011482,1.5399012178885548e-05,1000000.0,169,101,5.0,5.0,1024.0,1024.0,0.3958890438079834,3.9032373249938246,14.129605310998159,1723.1701500049967
hc11p.txt,150,all,169,serious,OPTIMAL,OPTIMAL,OPTIMAL,OPTIMAL,True,0.9977199747525863,0.9977199747525863,0.9977199747525863,0.9977199747525863,0.9977199747525863,42.0,97.6244762505891,-0.9977199747525863,-0.9977199747525863,-0.9996337798190315,0.0022833200969321066,0.00036951503048698875,6516.762890148671,1.538644343573389e-05,700000.0,170,81,5.0,5.0,1022.0,1024.0,0.4217391014099121,4.855123298999388,15.460997023998061,1738.6311644639936
hc11p.txt,150,all,170,null,OPTIMAL,OPTIMAL,OPTIMAL,OPTIMAL,True,0.9977199747525863,0.9020970155161101,0.9020970155161101,0.9020970155161101,0.9977199747525863,42.0,97.6244762505891,-0.9977199747525863,-0.9020970155161101,-0.9999189396314416,0.002198964878855292,-0.09562295923647623,16028.163259851746,1.9919337961805206e-05,1000000.0,171,490,5.0,5.0,1022.0,1024.0,0.3847060203552246,4.919172160007292,15.353953404002823,1753.9851327420038
hc11p.txt,150,all,171,null,OPTIMAL,OPTIMAL,OPTIMAL,OPTIMAL,True,0.9977199747525863,0.9756275992658107,0.9756275992658107,0.9756275992658107,0.9977199747525863,42.0,97.6244762505891,-0.9977199747525863,-0.9756275992658107,-0.9998065769192753,0.002086602166688989,-0.022092375486775673,12562.22671099939,1.2174127844699563e-05,1000000.0,172,301,5.0,5.0,1020.0,1024.0,0.41237497329711914,3.983042687003035,14.690697512007318,1768.6759049090033
hc11p.txt,150,all,172,null,OPTIMAL,OPTIMAL,OPTIMAL,OPTIMAL,True,0.9977199747525863,0.9799787031037479,0.9799787031037479,0.9799787031037479,0.9977199747525863,42.0,97.6244762505891,-0.9977199747525863,-0.9799787031037479,-0.999802545909998,0.002082571157411617,-0.01774127164883843,12789.550720200308,1.2188941825816163e-05,1000000.0,173,312,5.0,5.0,1016.0,1024.0,0.3890860080718994,4.11739491901244,15.020424593996722,1783.6963468350004
hc11p.txt,150,all,173,null,OPTIMAL,OPTIMAL,OPTIMAL,OPTIMAL,True,0.9977199747525863,0.9848693685560679,0.9848693685560679,0.9848693685560679,0.9977199747525863,42.0,97.6244762505891,-0.9977199747525863,-0.9848693685560679,-0.9997986640596991,0.0020786893071127466,-0.012850606196518455,12094.57049791988,1.21359956744414e-05,1000000.0,174,279,5.0,5.0,1023.3500789918138,1024.0,0.44753289222717285,4.064198738982668,14.73511209798744,1798.431478287006
hc11p.txt,150,all,174,null,OPTIMAL,OPTIMAL,OPTIMAL,OPTIMAL,True,0.9977199747525863,0.9906944780118203,0.9906944780118203,0.9906944780118203,0.9977199747525863,42.0,97.6244762505891,-0.9977199747525863,-0.9906944780118203,-0.9997936382696481,0.00207366351706173,-0.007025496740766024,10933.462890857641,1.1868941717782406e-05,1000000.0,175,228,5.0,5.0,1024.0,1024.0,0.4194021224975586,3.8563941530010197,14.403194603015436,1812.8347003109811
hc11p.txt,150,all,175,null,OPTIMAL,OPTIMAL,OPTIMAL,OPTIMAL,True,0.9977199747525863,0.9921705406914885,0.9921705406914885,0.9921705406914885,0.9977199747525863,42.0,97.6244762505891,-0.9977199747525863,-0.9921705406914885,-0.9997929905655629,0.0020730158129765863,-0.005549434061097869,10715.466383790776,1.1830079722090959e-05,1000000.0,176,219,5.0,5.0,1023.1999825753268,1024.0,0.4035310745239258,3.852831727010198,14.318050648987992,1827.1527654709935
hc11p.txt,150,all,176,null,OPTIMAL,OPTIMAL,OPTIMAL,OPTIMAL,True,0.9977199747525863,0.9939282033150904,0.9939282033150904,0.9939282033150904,0.9977199747525863,42.0,97.6244762505891,-0.9977199747525863,-0.9939282033150904,-0.9997919324743332,0.002071957721746842,-0.0037917714374959832,10059.043992900966,1.181969521624558e-05,1000000.0,177,193,5.0,5.0,1018.0,1024.0,0.5044059753417969,3.9973479850159492,14.775821771996561,1841.9286022599845
hc11p.txt,150,all,177,null,OPTIMAL,OPTIMAL,OPTIMAL,OPTIMAL,True,0.9977199747525863,0.9946650745789057,0.9946650745789057,0.9946650745789057,0.9977199747525863,42.0,97.6244762505891,-0.9977199747525863,-0.9946650745789057,-0.9997923783515928,0.0020724035990065115,-0.003054900173680597,10392.552609060764,1.1846308263997519e-05,1000000.0,178,206,5.0,5.0,1022.9114785845203,1024.0,0.642035961151123,4.696886910998728,15.69823691502097,1857.6268545259954
hc11p.txt,150,all,178,null,OPTIMAL,OPTIMAL,OPTIMAL,OPTIMAL,True,0.9977199747525863,0.9950682309684866,0.9950682309684866,0.9950682309684866,0.9977199747525863,42.0,97.6244762505891,-0.9977199747525863,-0.9950682309684866,-0.9997924753881952,0.0020725006356088205,-0.002651743784099714,10290.917503952054,1.1874512897743321e-05,1000000.0,179,202,5.0,5.0,1018.0,1024.0,0.4589369297027588,3.8823820409888867,14.56790184599231,1872.1947737660084
hc11p.txt,150,all,179,null,OPTIMAL,OPTIMAL,OPTIMAL,OPTIMAL,True,0.9977199747525863,0.9950669476325215,0.9950669476325215,0.9950669476325215,0.9977199747525863,42.0,97.6244762505891,-0.9977199747525863,-0.9950669476325215,-0.9997915993528373,0.0020716246002510097,-0.002653027120064877,10316.657038502395,1.186902202723226e-05,1000000.0,180,203,5.0,5.0,1024.0,1024.0,0.47320008277893066,4.147050620988011,15.593380687001627,1887.788171888009
hc11p.txt,150,all,180,null,OPTIMAL,OPTIMAL,OPTIMAL,OPTIMAL,True,0.9977199747525863,0.995698679991468,0.995698679991468,0.995698679991468,0.9977199747525863,42.0,97.6244762505891,-0.9977199747525863,-0.995698679991468,-0.9997918068363466,0.002071832083760272,-0.002021294761118342,10567.604150524769,1.1886708703116897e-05,1000000.0,181,213,5.0,5.0,1022.0,1024.0,0.4467029571533203,3.8006027179944795,15.78656788598164,1903.5747567089857
hc11p.txt,150,all,181,null,OPTIMAL,OPTIMAL,OPTIMAL,OPTIMAL,True,0.9977199747525863,0.9960790852775191,0.9960790852775191,0.9960790852775191,0.9977199747525863,42.0,97.6244762505891,-0.9977199747525863,-0.9960790852775191,-0.999792223976526,0.0020722492239396706,-0.001640889475067242,10442.6679296058,1.190545903577753e-05,1000000.0,182,208,5.0,5.0,1018.5882016011257,1024.0,0.5411579608917236,4.073378435976338,15.048249721992761,1918.6230909559818
hc11p.txt,150,all,182,null,OPTIMAL,OPTIMAL,OPTIMAL,OPTIMAL,True,0.9977199747525863,0.9959243046823752,0.9959243046823752,0.9959243046823752,0.9977199747525863,42.0,97.6244762505891,-0.9977199747525863,-0.9959243046823752,-0.9997898494111297,0.002069874658543358,-0.0017956700702110862,10214.044000029997,1.1857689342094673e-05,1000000.0,183,199,5.0,5.0,1014.6554863180585,1024.0,0.4669458866119385,4.16492569600814,15.637290273007238,1934.260397539998
hc11p.txt,150,all,183,null,OPTIMAL,OPTIMAL,OPTIMAL,OPTIMAL,True,0.9977199747525863,0.9972238144464703,0.9972238144464703,0.9972238144464703,0.9977199747525863,42.0,97.6244762505891,-0.9977199747525863,-0.9972238144464703,-0.9997916968628612,0.002071722110274843,-0.0004961603061159892,8867.689735886888,1.1877938130128676e-05,1000000.0,184,150,5.0,5.0,1014.0,1024.0,0.5095229148864746,5.388894823001465,16.470854329993017,1950.7312683789933
hc11p.txt,150,all,184,null,OPTIMAL,OPTIMAL,OPTIMAL,OPTIMAL,True,0.9977199747525863,0.9974563707413533,0.9974563707413533,0.9974563707413533,0.9977199747525863,42.0,97.6244762505891,-0.9977199747525863,-0.9974563707413533,-0.999791534110559,0.002071559357972652,-0.0002636040112330429,9014.740541671179,1.1873936947904858e-05,1000000.0,185,155,5.0,5.0,1022.0,1024.0,0.48911094665527344,4.221300664008595,15.371888816007413,1966.1031743880012
hc11p.txt,150,all,185,null,OPTIMAL,OPTIMAL,OPTIMAL,OPTIMAL,True,0.9977199747525863,0.9972852777004827,0.9972852777004827,0.9972852777004827,0.9977199747525863,42.0,97.6244762505891,-0.9977199747525863,-0.9972852777004827,-0.9997913163529122,0.002071341600325849,-0.0004346970521036386,9523.797519586627,1.1873102106832088e-05,1000000.0,186,173,5.0,5.0,1022.0,1024.0,0.5539631843566895,4.03453487198567,15.727574311022181,1981.830764355982
hc11p.txt,150,all,186,null,OPTIMAL,OPTIMAL,OPTIMAL,OPTIMAL,True,0.9977199747525863,0.9974003223064323,0.9974003223064323,0.9974003223064323,0.9977199747525863,42.0,97.6244762505891,-0.9977199747525863,-0.9974003223064323,-0.9997909235791694,0.0020709488265830966,-0.00031965244615406174,9187.570341303484,1.1855732136134508e-05,1000000.0,187,161,5.0,5.0,1022.171511996526,1024.0,0.49007391929626465,3.9129046279995237,15.311691733979387,1997.1424723629898
hc11p.txt,150,all,187,null,OPTIMAL,OPTIMAL,OPTIMAL,OPTIMAL,True,0.9977199747525863,0.9970455001370029,0.9970455001370029,0.9970455001370029,0.9977199747525863,42.0,97.6244762505891,-0.9977199747525863,-0.9970455001370029,-0.9997901282696088,0.002070153517022444,-0.0006744746155834536,9187.671974416404,1.1831289488042894e-05,1000000.0,188,161,5.0,5.0,1024.0,1024.0,0.47405099868774414,3.7960377450217493,15.040070614981232,2012.1825591679954
hc11p.txt,150,all,188,null,OPTIMAL,OPTIMAL,OPTIMAL,OPTIMAL,True,0.9977199747525863,0.9972266145285921,0.9972266145285921,0.9972266145285921,0.9977199747525863,42.0,97.6244762505891,-0.9977199747525863,-0.9972266145285921,-0.9997898662851644,0.002069891532578083,-0.0004933602239942658,9187.560696214103,1.1816186459824323e-05,1000000.0,189,161,5.0,5.0,1022.0,1024.0,0.6118078231811523,4.114842214999953,15.834367673000088,2028.0169419129961
hc11p.txt,150,all,189,null,OPTIMAL,OPTIMAL,OPTIMAL,OPTIMAL,True,0.9977199747525863,0.9973271754246068,0.9973271754246068,0.9973271754246068,0.9977199747525863,42.0,97.6244762505891,-0.9977199747525863,-0.9973271754246068,-0.999790480592813,0.0020705058402266108,-0.00039279932797953165,9101.307914409035,1.1834061754524966e-05,1000000.0,190,158,5.0,5.0,1017.5102466142076,1024.0,0.4153561592102051,4.249484047992155,15.930880530999275,2043.9478366289986
hc11p.txt,150,all,190,null,OPTIMAL,OPTIMAL,OPTIMAL,OPTIMAL,True,0.9977199747525863,0.9975369923747638,0.9975369923747638,0.9975369923747638,0.9977199747525863,42.0,97.6244762505891,-0.9977199747525863,-0.9975369923747638,-0.9997901634769215,0.0020701887243351758,-0.00018298237782254922,9101.44800591649,1.1828439503328026e-05,1000000.0,191,158,5.0,5.0,1020.0,1023.9999999999999,0.48459792137145996,4.045193730999017,15.607687766983872,2059.555539863999
hc11p.txt,150,all,191,null,OPTIMAL,OPTIMAL,OPTIMAL,OPTIMAL,True,0.9977199747525863,0.9977918265577614,0.9977918265577614,0.9977918265577614,0.9977918265577614,42.0,97.62430517486249,-0.9977199747525863,-0.9977918265577614,-0.9997900669675295,0.0020700922149431422,7.185180517510492e-05,8956.277555247916,1.1821272410967702e-05,1000000.0,192,153,5.0,5.0,1020.0,1024.0,0.49224400520324707,3.999910886021098,15.676199092005845,2075.231824380986
hc11p.txt,150,all,192,serious,OPTIMAL,OPTIMAL,OPTIMAL,OPTIMAL,True,0.9980728085140095,0.9980728085140095,0.9980728085140095,0.9980728085140095,0.9980728085140095,42.0,97.62363617020475,-0.9980728085140095,-0.9980728085140095,-0.9997902131097366,0.002070238357150256,0.0003528337614231436,7730.956434576186,1.183287564318284e-05,700000.0,193,114,5.0,5.0,1020.0,1024.0,0.5158569812774658,4.03833042999031,15.795253809017595,2091.0270916099835
hc11p.txt,150,all,193,null,OPTIMAL,OPTIMAL,OPTIMAL,OPTIMAL,True,0.9980728085140095,0.9239841253667351,0.9239841253667351,0.9239841253667351,0.9980728085140095,42.0,97.62363617020475,-0.9980728085140095,-0.9239841253667351,-0.9999579006176574,0.0018850921036479562,-0.07408868314727435,16158.474173722265,1.5176200901949241e-05,1000000.0,194,498,5.0,5.0,1022.0,1024.0,0.5269620418548584,6.040386038017459,17.965971437981352,2108.9930798799905
hc11p.txt,150,all,194,null,OPTIMAL,OPTIMAL,OPTIMAL,OPTIMAL,True,0.9980728085140095,0.9806023232566463,0.9806023232566463,0.9806023232566463,0.9980728085140095,42.0,97.62363617020475,-0.9980728085140095,-0.9806023232566463,-0.9998895354258731,0.0018167269118636309,-0.017470485257363166,12993.218071463602,9.180522152640021e-06,1000000.0,195,322,5.0,5.0,1024.0,1024.0,0.4582939147949219,4.150296799984062,16.505866664025234,2125.4989635770035
hc11p.txt,150,all,195,null,OPTIMAL,OPTIMAL,OPTIMAL,OPTIMAL,True,0.9980728085140095,0.9838863982497841,0.9838863982497841,0.9838863982497841,0.9980728085140095,42.0,97.62363617020475,-0.9980728085140095,-0.9838863982497841,-0.9998895619659999,0.0018167534519903938,-0.014186410264225402,13488.025228570375,9.279118281612849e-06,1000000.0,196,347,5.0,5.0,1020.0,1024.0,0.5339181423187256,4.000566070986679,15.943294027005322,2141.442272312008
hc11p.txt,150,all,196,null,OPTIMAL,OPTIMAL,OPTIMAL,OPTIMAL,True,0.9980728085140095,0.9871472255037572,0.9871472255037572,0.9871472255037572,0.9980728085140095,42.0,97.62363617020475,-0.9980728085140095,-0.9871472255037572,-0.9998889999006161,0.0018161913866066026,-0.01092558301025226,13311.955885778365,9.433332899717027e-06,1000000.0,197,338,5.0,5.0,1019.9390849889328,1024.0,0.6044621467590332,4.193819779990008,16.010975897021126,2157.453262786992
hc11p.txt,150,all,197,null,OPTIMAL,OPTIMAL,OPTIMAL,OPTIMAL,True,0.9980728085140095,0.9914986585234037,0.9914986585234037,0.9914986585234037,0.9980728085140095,42.0,97.62363617020475,-0.9980728085140095,-0.9914986585234037,-0.9998871606663415,0.001814352152332055,-0.006574149990605793,12748.733868680632,9.350126571836698e-06,1000000.0,198,310,5.0,5.0,1022.0,1023.9999999999999,0.5613679885864258,4.537400813977001,16.60221659200033,2174.0554959159927
hc11p.txt,150,all,198,null,OPTIMAL,OPTIMAL,OPTIMAL,OPTIMAL,True,0.9980728085140095,0.9941189584349684,0.9941189584349684,0.9941189584349684,0.9980728085140095,42.0,97.62363617020475,-0.9980728085140095,-0.9941189584349684,-0.9998852891562258,0.0018124806422162854,-0.0039538500790410325,11494.41253836252,9.220002609086012e-06,1000000.0,199,252,5.0,5.0,1022.0,1024.0,0.5560078620910645,4.358275708014844,16.554886772995815,2190.610400445992
hc11p.txt,150,all,199,null,OPTIMAL,OPTIMAL,OPTIMAL,OPTIMAL,True,0.9980728085140095,0.994543005734767,0.994543005734767,0.994543005734767,0.9980728085140095,42.0,97.62363617020475,-0.9980728085140095,-0.994543005734767,-0.999885406329992,0.0018125978159825307,-0.00352980277924253,11517.106891154192,9.216663410747293e-06,1000000.0,200,253,5.0,5.0,1020.0,1023.9999999999999,0.4867980480194092,4.037562347977655,15.796767660009209,2206.4071841219848
hc11p.txt,150,all,200,null,OPTIMAL,OPTIMAL,OPTIMAL,OPTIMAL,True,0.9980728085140095,0.9951619719445527,0.9951619719445527,0.9951619719445527,0.9980728085140095,42.0,97.62363617020475,-0.9980728085140095,-0.9951619719445527,-0.9998853178771453,0.001812509363135817,-0.0029108365694567873,11585.302332755487,9.221387005307074e-06,1000000.0,200,256,5.0,5.0,1022.5392954149245,1024.0,0.4805150032043457,4.283160930004669,15.919595844985452,2222.326794358989
hc11p.txt,150,all,201,null,OPTIMAL,OPTIMAL,OPTIMAL,OPTIMAL,True,0.9980728085140095,0.9898491149823063,0.9898491149823063,0.9898491149823063,0.9980728085140095,42.0,97.62363617020475,-0.9980728085140095,-0.9898491149823063,-0.9998879459630166,0.001815137449007076,-0.008223693531703158,13073.436668417926,9.377596504244176e-06,1000000.0,200,326,5.0,5.0,1018.0,1024.0,0.49318599700927734,4.297871711984044,16.259410269005457,2238.5862743830075
hc11p.txt,150,all,202,null,OPTIMAL,OPTIMAL,OPTIMAL,OPTIMAL,True,0.9980728085140095,0.9939966523782112,0.9939966523782112,0.9939966523782112,0.9980728085140095,42.0,97.62363617020475,-0.9980728085140095,-0.9939966523782112,-0.9998858517730466,0.0018130432590370837,-0.004076156135798259,12116.17039675224,9.253775906155374e-06,1000000.0,200,280,5.0,5.0,1022.0,1024.0,0.5293581485748291,4.080323647998739,16.368065302987816,2254.954360926
hc11p.txt,150,all,203,null,OPTIMAL,OPTIMAL,OPTIMAL,OPTIMAL,True,0.9980728085140095,0.9953068451697292,0.9953068451697292,0.9953068451697292,0.9980728085140095,42.0,97.62363617020475,-0.9980728085140095,-0.9953068451697292,-0.9998857439625397,0.0018129354485302285,-0.0027659633442802534,11787.0779029104,9.240272650213933e-06,1000000.0,200,265,5.0,5.0,1020.0,1024.0,0.5497817993164062,4.03809681601706,16.311220546020195,2271.265599128994
hc11p.txt,150,all,204,null,OPTIMAL,OPTIMAL,OPTIMAL,OPTIMAL,True,0.9980728085140095,0.9954594359829257,0.9954594359829257,0.9954594359829257,0.9980728085140095,42.0,97.62363617020475,-0.9980728085140095,-0.9954594359829257,-0.9998851663799999,0.0018123578659904327,-0.0026133725310837352,11471.405256768765,9.238890261105546e-06,1000000.0,200,251,5.0,5.0,1018.0,1024.0,0.6531200408935547,4.042646042013075,16.55172587398556,2287.817341521004
hc11p.txt,150,all,205,null,OPTIMAL,OPTIMAL,OPTIMAL,OPTIMAL,True,0.9980728085140095,0.9951272507324141,0.9951272507324141,0.9951272507324141,0.9980728085140095,42.0,97.62363617020475,-0.9980728085140095,-0.9951272507324141,-0.999884811481932,0.0018120029679224992,-0.0029455577815953315,11585.100786614426,9.261010714213901e-06,1000000.0,200,256,5.0,5.0,1018.0,1024.0,0.524940013885498,4.402867479017004,17.098136267013615,2304.915493574983
hc11p.txt,150,all,206,null,OPTIMAL,OPTIMAL,OPTIMAL,OPTIMAL,True,0.9980728085140095,0.9961337636891532,0.9961337636891532,0.9961337636891532,0.9980728085140095,42.0,97.62363617020475,-0.9980728085140095,-0.9961337636891532,-0.999885139158953,0.0018123306449435717,-0.0019390448248562953,11379.809999618854,9.254665244049908e-06,1000000.0,200,247,5.0,5.0,1022.0,1024.0,0.6550290584564209,4.082640659005847,16.836041823989945,2321.751551570982
hc11p.txt,150,all,207,null,OPTIMAL,OPTIMAL,OPTIMAL,OPTIMAL,True,0.9980728085140095,0.996903466374635,0.996903466374635,0.996903466374635,0.9980728085140095,42.0,97.62363617020475,-0.9980728085140095,-0.996903466374635,-0.9998850789609888,0.0018122704469792916,-0.001169342139374474,10861.171738550469,9.25244447740311e-06,1000000.0,200,225,5.0,5.0,1021.3012144114122,1024.0,0.5080070495605469,4.093078676989535,16.62963049899554,2338.381198786985
hc11p.txt,150,all,208,null,OPTIMAL,OPTIMAL,OPTIMAL,OPTIMAL,True,0.9980728085140095,0.997393876085347,0.997393876085347,0.997393876085347,0.9980728085140095,42.0,97.62363617020475,-0.9980728085140095,-0.997393876085347,-0.9998846799421779,0.00181187142816841,-0.0006789324286624598,10467.808360786792,9.232137838663105e-06,1000000.0,200,209,5.0,5.0,1019.9263497211874,1024.0,0.5933048725128174,4.431242868013214,17.006663651001872,2355.387879422982
hc11p.txt,150,all,209,null,OPTIMAL,OPTIMAL,OPTIMAL,OPTIMAL,True,0.9980728085140095,0.9967727920637999,0.9967727920637999,0.9967727920637999,0.9980728085140095,42.0,97.62363617020475,-0.9980728085140095,-0.9967727920637999,-0.9998834792992564,0.0018106707852468817,-0.0013000164502096068,10542.796146657429,9.22316104981244e-06,1000000.0,200,212,5.0,5.0,1022.55417042806,1024.0,0.5160660743713379,4.010874408006202,16.505138387990883,2371.8930353820033
hc11p.txt,150,all,210,null,OPTIMAL,OPTIMAL,OPTIMAL,OPTIMAL,True,0.9980728085140095,0.996714029506015,0.996714029506015,0.996714029506015,0.9980728085140095,42.0,97.62363617020475,-0.9980728085140095,-0.996714029506015,-0.9998831201912632,0.001810311677253762,-0.0013587790079945261,10715.219069934426,9.210837590949564e-06,1000000.0,200,219,5.0,5.0,1018.0,1024.0,0.6106088161468506,4.144232509977883,16.478232664987445,2388.371285333007
hc11p.txt,150,all,211,null,OPTIMAL,OPTIMAL,OPTIMAL,OPTIMAL,True,0.9980728085140095,0.9970044826710039,0.9970044826710039,0.9970044826710039,0.9980728085140095,42.0,97.62363617020475,-0.9980728085140095,-0.9970044826710039,-0.9998836973198073,0.0018108888057978278,-0.0010683258430055353,10739.800514026216,9.21217459205327e-06,1000000.0,200,220,5.0,5.0,1021.0595870767672,1024.0,0.5314211845397949,4.292902089015115,16.484555546019692,2404.855920097005
hc11p.txt,150,all,212,null,OPTIMAL,OPTIMAL,OPTIMAL,OPTIMAL,True,0.9980728085140095,0.9973636351069846,0.9973636351069846,0.9973636351069846,0.9980728085140095,42.0,97.62363617020475,-0.9980728085140095,-0.9973636351069846,-0.9998840349305255,0.0018112264165159875,-0.0007091734070249212,10162.955564476222,9.22925960827742e-06,1000000.0,200,197,5.0,5.0,1022.0,1024.0,0.4544391632080078,4.1138423410011455,16.364861170004588,2421.2207983499975
hc11p.txt,150,all,213,null,OPTIMAL,OPTIMAL,OPTIMAL,OPTIMAL,True,0.9980728085140095,0.9974309758102062,0.9974309758102062,0.9974309758102062,0.9980728085140095,42.0,97.62363617020475,-0.9980728085140095,-0.9974309758102062,-0.9998846809394019,0.0018118724253923801,-0.0006418327038032468,10265.613257712206,9.245898547413992e-06,1000000.0,200,201,5.0,5.0,1022.0,1024.0,0.5476469993591309,4.197134793008445,15.982393755984958,2437.203208236984
hc11p.txt,150,all,214,null,OPTIMAL,OPTIMAL,OPTIMAL,OPTIMAL,True,0.9980728085140095,0.9700259811801208,0.9700259811801208,0.9700259811801208,0.9980728085140095,42.0,97.62363617020475,-0.9980728085140095,-0.9700259811801208,-0.999921175677827,0.0018483671638175325,-0.028046827333888635,15342.851768886247,1.0610344704078027e-05,1000000.0,200,449,5.0,5.0,1018.8954385787965,1024.0,0.4360229969024658,4.194114837009693,16.156581844988978,2453.3598334220005
hc11p.txt,150,all,215,null,OPTIMAL,OPTIMAL,OPTIMAL,OPTIMAL,True,0.9980728085140095,0.9821290018757083,0.9821290018757083,0.9821290018757083,0.9980728085140095,42.0,97.62363617020475,-0.9980728085140095,-0.9821290018757083,-0.9999128156206035,0.0018400071065940438,-0.015943806638301194,14408.706918090458,1.0178582805493124e-05,1000000.0,200,396,5.0,5.0,1014.0,1024.0,0.529412031173706,4.360132928995881,16.57718979299534,2469.9370389929973
hc11p.txt,150,all,216,null,OPTIMAL,OPTIMAL,OPTIMAL,OPTIMAL,True,0.9980728085140095,0.9848156536133575,0.9848156536133575,0.9848156536133575,0.9980728085140095,42.0,97.62363617020475,-0.9980728085140095,-0.9848156536133575,-0.999912018207588,0.0018392096935785363,-0.013257154900651935,14408.919406294934,1.0109922722503005e-05,1000000.0,200,396,5.0,5.0,1020.0,1023.9999999999999,0.6254448890686035,4.174894739990123,16.93218399901525,2486.8692395869875
hc11p.txt,150,all,217,null,OPTIMAL,OPTIMAL,OPTIMAL,OPTIMAL,True,0.9980728085140095,0.9861780244628101,0.9861780244628101,0.9861780244628101,0.9980728085140095,42.0,97.62363617020475,-0.9980728085140095,-0.9861780244628101,-0.999906494327981,0.0018336858139714751,-0.01189478405119937,13719.301817706151,1.0018302450958304e-05,1000000.0,200,359,5.0,5.0,1020.8989517273844,1024.0,0.5737869739532471,4.898469595005736,17.311531768005807,2504.180788094003
hc11p.txt,150,all,218,null,OPTIMAL,OPTIMAL,OPTIMAL,OPTIMAL,True,0.9980728085140095,0.9905035297177762,0.9905035297177762,0.9905035297177762,0.9980728085140095,42.0,97.62363617020475,-0.9980728085140095,-0.9905035297177762,-0.9999092577062718,0.001836449192262335,-0.007569278796233259,13584.924848136145,9.968053829895402e-06,1000000.0,200,352,5.0,5.0,1021.8472366157309,1024.0,0.5810220241546631,4.241172281996114,16.432708131993422,2520.6135129999893
hc11p.txt,150,all,219,null,OPTIMAL,OPTIMAL,OPTIMAL,OPTIMAL,True,0.9980728085140095,0.9935743481373168,0.9935743481373168,0.9935743481373168,0.9980728085140095,42.0,97.62363617020475,-0.9980728085140095,-0.9935743481373168,-0.9999078843647593,0.0018350758507498233,-0.004498460376692659,13252.674143456825,9.956471268252621e-06,1000000.0,200,335,5.0,5.0,1018.0,1024.0,0.542849063873291,4.278356401016936,16.994133954984136,2537.6076611430035
hc11p.txt,150,all,220,null,OPTIMAL,OPTIMAL,OPTIMAL,OPTIMAL,True,0.9980728085140095,0.9939310898417265,0.9939310898417265,0.9939310898417265,0.9980728085140095,42.0,97.62363617020475,-0.9980728085140095,-0.9939310898417265,-0.9999083899904664,0.0018355814764569045,-0.004141718672282968,13033.191207093087,9.954134196339601e-06,1000000.0,200,324,5.0,5.0,1015.9237395012012,1024.0,0.6153900623321533,4.004398021992529,16.2853754159878,2553.8930515229877
hc11p.txt,150,all,221,null,OPTIMAL,OPTIMAL,OPTIMAL,OPTIMAL,True,0.9980728085140095,0.9884001906458817,0.9884001906458817,0.9884001906458817,0.9980728085140095,42.0,97.62363617020475,-0.9980728085140095,-0.9884001906458817,-0.9999111389803819,0.0018383304663723843,-0.009672617868127786,14856.534909888645,1.0101647305670977e-05,1000000.0,200,421,5.0,5.0,1012.6515868703642,1024.0,0.585921049118042,4.0672212509962264,15.729991700995015,2569.6231198089954
hc11p.txt,150,all,222,null,OPTIMAL,OPTIMAL,OPTIMAL,OPTIMAL,True,0.9980728085140095,0.9850817088864335,0.9850817088864335,0.9850817088864335,0.9980728085140095,42.0,97.62363617020475,-0.9980728085140095,-0.9850817088864335,-0.9999133594436808,0.0018405509296712808,-0.012991099627575942,15032.064096503034,1.0170734606541885e-05,1000000.0,200,431,5.0,5.0,1016.0,1024.0,0.5515761375427246,4.421835585992085,16.505431032011984,2586.1285681129957
hc11p.txt,150,all,223,null,OPTIMAL,OPTIMAL,OPTIMAL,OPTIMAL,True,0.9980728085140095,0.9907275046252261,0.9907275046252261,0.9907275046252261,0.9980728085140095,42.0,97.62363617020475,-0.9980728085140095,-0.9907275046252261,-0.9999112107860567,0.0018384022720472348,-0.0073453038887834055,13719.34205981536,1.004914879280348e-05,1000000.0,200,359,5.0,5.0,1022.0,1024.0,0.547544002532959,3.9856502389884554,16.476542396005243,2602.6051270079915
hc11p.txt,150,all,224,null,OPTIMAL,OPTIMAL,OPTIMAL,OPTIMAL,True,0.9980728085140095,0.9926982837002791,0.9926982837002791,0.9926982837002791,0.9980728085140095,42.0,97.62363617020475,-0.9980728085140095,-0.9926982837002791,-0.9999087451108966,0.0018359365968870778,-0.0053745248137303525,13584.703714291192,1.0016332613975606e-05,1000000.0,200,352,5.0,5.0,1016.0,1024.0,0.7228121757507324,4.747992083022837,16.91678676599986,2619.5219299409946
hc11p.txt,150,all,225,null,OPTIMAL,OPTIMAL,OPTIMAL,OPTIMAL,True,0.9980728085140095,0.9938101065678804,0.9938101065678804,0.9938101065678804,0.9980728085140095,42.0,97.62363617020475,-0.9980728085140095,-0.9938101065678804,-0.9999084804984985,0.0018356719844889735,-0.004262701946129099,13193.197618804796,1.0044160469298926e-05,1000000.0,200,332,5.0,5.0,1018.0,1024.0,0.4952540397644043,4.219153365993407,16.23711665099836,2635.7590647659963
hc11p.txt,150,all,226,null,OPTIMAL,OPTIMAL,OPTIMAL,OPTIMAL,True,0.9980728085140095,0.9948787065723907,0.9948787065723907,0.9948787065723907,0.9980728085140095,42.0,97.62363617020475,-0.9980728085140095,-0.9948787065723907,-0.9999095999285899,0.0018367914145803743,-0.003194101941618732,12850.895711383302,1.0003644313711988e-05,1000000.0,200,315,5.0,5.0,1015.9966970834521,1024.0,0.587893009185791,4.742823470995063,16.991369796014624,2652.750450483989
hc11p.txt,150,all,227,null,OPTIMAL,OPTIMAL,OPTIMAL,OPTIMAL,True,0.9980728085140095,0.995417726297697,0.995417726297697,0.995417726297697,0.9980728085140095,42.0,97.62363617020475,-0.9980728085140095,-0.995417726297697,-0.9999096809236644,0.0018368724096549105,-0.0026550822163124987,12727.87973818393,1.003651844166104e-05,1000000.0,200,309,5.0,5.0,1015.1394452086398,1024.0,0.5277771949768066,4.231428891012911,16.506540678004967,2669.2570048490015
hc11p.txt,150,all,228,null,OPTIMAL,OPTIMAL,OPTIMAL,OPTIMAL,True,0.9980728085140095,0.9961521399567465,0.9961521399567465,0.9961521399567465,0.9980728085140095,42.0,97.62363617020475,-0.9980728085140095,-0.9961521399567465,-0.999908996189367,0.0018361876753575368,-0.0019206685572630278,12329.868129025543,1.0021102934321736e-05,1000000.0,200,290,5.0,5.0,1003.6190627326383,1024.0,0.49724578857421875,4.231756474997383,16.194502475991612,2685.451521673007
hc11p.txt,150,all,229,null,OPTIMAL,OPTIMAL,OPTIMAL,OPTIMAL,True,0.9980728085140095,0.9959376223596191,0.9959376223596191,0.9959376223596191,0.9980728085140095,42.0,97.62363617020475,-0.9980728085140095,-0.9959376223596191,-0.999909721705667,0.0018369131916575743,-0.002135186154390345,12830.402884636671,1.0042544198658235e-05,1000000.0,200,314,5.0,5.0,1014.013957794203,1024.0,0.532412052154541,4.185775332996855,16.43084141399595,2701.8823766139976
hc11p.txt,150,all,230,null,OPTIMAL,OPTIMAL,OPTIMAL,OPTIMAL,True,0.9980728085140095,0.9969000571958947,0.9969000571958947,0.9969000571958947,0.9980728085140095,42.0,97.62363617020475,-0.9980728085140095,-0.9969000571958947,-0.9999087806718356,0.00183597215782616,-0.0011727513181147842,11764.644220864395,1.0026509743115577e-05,1000000.0,200,264,5.0,5.0,1016.0,1024.0,0.5596988201141357,4.157904507010244,16.283963688998483,2718.166356220987
hc11p.txt,150,all,231,null,OPTIMAL,OPTIMAL,OPTIMAL,OPTIMAL,True,0.9980728085140095,0.9967984525550898,0.9967984525550898,0.9967984525550898,0.9980728085140095,42.0,97.62363617020475,-0.9980728085140095,-0.9967984525550898,-0.999909321801,0.0018365132869905265,-0.0012743559589196707,12180.653967655053,1.0023724254578476e-05,1000000.0,200,283,5.0,5.0,1016.0,1024.0,0.5221657752990723,4.211656961997505,16.385331338999094,2734.551772161998
hc11p.txt,150,all,232,null,OPTIMAL,OPTIMAL,OPTIMAL,OPTIMAL,True,0.9980728085140095,0.9973631909347006,0.9973631909347006,0.9973631909347006,0.9980728085140095,42.0,97.62363617020475,-0.9980728085140095,-0.9973631909347006,-0.999909002730118,0.0018361942161084777,-0.0007096175793088744,12029.146140005114,1.0031330391721371e-05,1000000.0,200,276,5.0,5.0,1018.0,1024.0,0.5460290908813477,4.1456001329934224,16.876689402997727,2751.4284819790046
hc11p.txt,150,all,233,null,OPTIMAL,OPTIMAL,OPTIMAL,OPTIMAL,True,0.9980728085140095,0.9966674685684952,0.9966674685684952,0.9966674685684952,0.9980728085140095,42.0,97.62363617020475,-0.9980728085140095,-0.9966674685684952,-0.9999078559475896,0.0018350474335800948,-0.0014053399455142834,12266.353777267808,1.0049813415115642e-05,1000000.0,200,287,5.0,5.0,1014.0,1024.0,0.4666919708251953,4.214721392985666,16.140616991004208,2767.5691167110053
hc11p.txt,150,all,234,null,OPTIMAL,OPTIMAL,OPTIMAL,OPTIMAL,True,0.9980728085140095,0.9944996486384227,0.9944996486384227,0.9944996486384227,0.9980728085140095,42.0,97.62363617020475,-0.9980728085140095,-0.9944996486384227,-0.9999099628680204,0.0018371543540108837,-0.0035731598755868177,13153.165543530755,1.0073378609461089e-05,1000000.0,200,330,5.0,5.0,1012.0,1024.0,0.7196400165557861,4.375479192996863,17.391661593981553,2784.9607977370033
hc11p.txt,150,all,235,null,OPTIMAL,OPTIMAL,OPTIMAL,OPTIMAL,True,0.9980728085140095,0.9960501504562426,0.9960501504562426,0.9960501504562426,0.9980728085140095,42.0,97.62363617020475,-0.9980728085140095,-0.9960501504562426,-0.9999078595714492,0.0018350510574397516,-0.002022658057766913,12180.65291332442,1.0035844650211893e-05,1000000.0,200,283,5.0,5.0,1016.0,1024.0,0.5698490142822266,4.426918283017585,17.374137466977118,2802.3349534989975
hc11p.txt,150,all,236,null,OPTIMAL,OPTIMAL,OPTIMAL,OPTIMAL,True,0.9980728085140095,0.9947086506803607,0.9947086506803607,0.9947086506803607,0.9980728085140095,42.0,97.62363617020475,-0.9980728085140095,-0.9947086506803607,-0.9999089849272639,0.0018361764132543978,-0.00336415783364874,13507.313322475227,1.0049344437091255e-05,1000000.0,200,348,5.0,5.0,1016.466706166471,1024.0,0.49512600898742676,4.421652707998874,16.324791156017454,2818.659761226998
hc11p.txt,150,all,237,null,OPTIMAL,OPTIMAL,OPTIMAL,OPTIMAL,True,0.9980728085140095,0.9882060579904328,0.9882060579904328,0.9882060579904328,0.9980728085140095,42.0,97.62363617020475,-0.9980728085140095,-0.9882060579904328,-0.9999125756250833,0.001839767111073809,-0.009866750523576662,15014.614645659934,1.0169767764055135e-05,1000000.0,200,430,5.0,5.0,1016.0,1024.0,0.6741759777069092,4.492691898019984,17.292502825002884,2835.9522822269937
hc11p.txt,150,all,238,null,OPTIMAL,OPTIMAL,OPTIMAL,OPTIMAL,True,0.9980728085140095,0.9802251137926202,0.9802251137926202,0.9802251137926202,0.9980728085140095,42.0,97.62363617020475,-0.9980728085140095,-0.9802251137926202,-0.9999181442576388,0.0018453357436293283,-0.01784769472138925,15393.927934977091,1.0444387720549914e-05,1000000.0,200,452,5.0,5.0,1016.0,1024.0,0.4901869297027588,4.159555616992293,16.364903209992917,2852.317212986003
hc11p.txt,150,all,239,null,OPTIMAL,OPTIMAL,OPTIMAL,OPTIMAL,True,0.9980728085140095,0.985691785953367,0.985691785953367,0.985691785953367,0.9980728085140095,42.0,97.62363617020475,-0.9980728085140095,-0.985691785953367,-0.9999146788071668,0.0018418702931572994,-0.01238102256064244,14077.592528468815,1.0168101332080822e-05,1000000.0,200,378,5.0,5.0,1018.876275150349,1024.0,0.5310280323028564,4.207115169003373,16.628213768010028,2868.945452715998
hc11p.txt,150,all,240,null,OPTIMAL,OPTIMAL,OPTIMAL,OPTIMAL,True,0.9980728085140095,0.9792957548551123,0.9792957548551123,0.9792957548551123,0.9980728085140095,42.0,97.62363617020475,-0.9980728085140095,-0.9792957548551123,-0.9999205392466686,0.001847730732659092,-0.018777053658897147,14944.647234918368,1.0409371580255143e-05,1000000.0,200,426,5.0,5.0,1016.9667681947917,1024.0,0.6458969116210938,4.177517371979775,16.962598070007516,2885.908068230987
hc11p.txt,150,all,241,null,OPTIMAL,OPTIMAL,OPTIMAL,OPTIMAL,True,0.9980728085140095,0.9839879734936158,0.9839879734936158,0.9839879734936158,0.9980728085140095,42.0,97.62363617020475,-0.9980728085140095,-0.9839879734936158,-0.9999179968301691,0.0018451883161596516,-0.014084835020393704,14151.851954647844,1.020799036711139e-05,1000000.0,200,382,5.0,5.0,1018.0,1024.0,0.5058248043060303,4.465904439974111,16.990100495982915,2902.8982481450075
hc11p.txt,150,all,242,null,OPTIMAL,OPTIMAL,OPTIMAL,OPTIMAL,True,0.9980728085140095,0.982766434530229,0.982766434530229,0.982766434530229,0.9980728085140095,42.0,97.62363617020475,-0.9980728085140095,-0.982766434530229,-0.9999207397707142,0.0018479312567046824,-0.01530637398378043,14696.98829557122,1.031898643082094e-05,1000000.0,200,412,5.0,5.0,1016.0,1024.0,0.5974671840667725,4.09468661097344,16.606388585991226,2919.504654735996
hc11p.txt,150,all,243,null,OPTIMAL,OPTIMAL,OPTIMAL,OPTIMAL,True,0.9980728085140095,0.989060907948521,0.989060907948521,0.989060907948521,0.9980728085140095,42.0,97.62363617020475,-0.9980728085140095,-0.989060907948521,-0.9999175665379731,0.0018447580239636663,-0.009011900565488506,13604.062741765714,1.0114073426573993e-05,1000000.0,200,353,5.0,5.0,1018.0,1024.0,0.5682518482208252,4.095069586997852,16.17087742302101,2935.675549415988
hc11p.txt,150,all,244,null,OPTIMAL,OPTIMAL,OPTIMAL,OPTIMAL,True,0.9980728085140095,0.9924355388987461,0.9924355388987461,0.9924355388987461,0.9980728085140095,42.0,97.62363617020475,-0.9980728085140095,-0.9924355388987461,-0.9999162669387076,0.00184345842469813,-0.005637269615263341,13093.474967172215,1.0068176789965428e-05,1000000.0,200,327,5.0,5.0,1018.0,1024.0,0.5858368873596191,4.058953587984433,16.330406553985085,2952.005973199004
hc11p.txt,150,all,245,null,OPTIMAL,OPTIMAL,OPTIMAL,OPTIMAL,True,0.9980728085140095,0.9939396611792872,0.9939396611792872,0.9939396611792872,0.9980728085140095,42.0,97.62363617020475,-0.9980728085140095,-0.9939396611792872,-0.9999156690908477,0.0018428605768382456,-0.004133147334722254,12520.507807960383,1.008842053509863e-05,1000000.0,200,299,5.0,5.0,1022.0,1024.0,0.4643580913543701,4.406004456017399,16.78202939100447,2968.7880178900086
hc11p.txt,150,all,246,null,OPTIMAL,OPTIMAL,OPTIMAL,OPTIMAL,True,0.9980728085140095,0.9937610361363733,0.9937610361363733,0.9937610361363733,0.9980728085140095,42.0,97.62363617020475,-0.9980728085140095,-0.9937610361363733,-0.9999145211387054,0.0018417126246959015,-0.004311772377636136,12330.55410473125,1.012852986076837e-05,1000000.0,200,290,5.0,5.0,1020.1121795032825,1024.0,0.5584220886230469,4.949374115996761,17.327343021024717,2986.115376576985
hc11p.txt,150,all,247,null,OPTIMAL,OPTIMAL,OPTIMAL,OPTIMAL,True,0.9980728085140095,0.9948017465156813,0.9948017465156813,0.9948017465156813,0.9980728085140095,42.0,97.62363617020475,-0.9980728085140095,-0.9948017465156813,-0.9999161197297235,0.0018433112157140163,-0.003271061998328162,12993.207160530896,1.013174169997651e-05,1000000.0,200,322,5.0,5.0,1023.6521142125623,1024.0,0.5563938617706299,4.4448885369929485,16.731654258997878,3002.847050284996
hc11p.txt,150,all,248,null,OPTIMAL,OPTIMAL,OPTIMAL,OPTIMAL,True,0.9980728085140095,0.9886084179130025,0.9886084179130025,0.9886084179130025,0.9980728085140095,42.0,97.62363617020475,-0.9980728085140095,-0.9886084179130025,-0.9999186342666966,0.0018458257526871025,-0.009464390601007011,15101.584421089783,1.0290756687839589e-05,1000000.0,200,435,5.0,5.0,1013.788871214549,1024.0,0.5595331192016602,4.475236525002401,16.64601663101348,3019.493084571004
hc11p.txt,150,all,249,null,OPTIMAL,OPTIMAL,OPTIMAL,OPTIMAL,True,0.9980728085140095,0.9908514643570242,0.9908514643570242,0.9908514643570242,0.9980728085140095,42.0,97.62363617020475,-0.9980728085140095,-0.9908514643570242,-0.9999167971866993,0.0018439886726898669,-0.0072213441569852765,13661.899187732446,1.0111252529169017e-05,1000000.0,200,356,5.0,5.0,1022.0,1024.0,0.6451728343963623,4.320136642985744,17.025690420996398,3036.5187921079923
hc11p.txt,150,all,250,null,OPTIMAL,OPTIMAL,OPTIMAL,OPTIMAL,True,0.9980728085140095,0.9886927172276344,0.9886927172276344,0.9886927172276344,0.9980728085140095,42.0,97.62363617020475,-0.9980728085140095,-0.9886927172276344,-0.9999189739114275,0.0018461653974179981,-0.00938009128637507,14280.85541618159,1.0242284738620141e-05,1000000.0,200,389,5.0,5.0,1016.0,1024.0,0.5512228012084961,4.971934263012372,17.077469578012824,3053.596278501005
hc11p.txt,150,all,251,null,OPTIMAL,OPTIMAL,OPTIMAL,OPTIMAL,True,0.9980728085140095,0.9885614007103553,0.9885614007103553,0.9885614007103553,0.9980728085140095,42.0,97.62363617020475,-0.9980728085140095,-0.9885614007103553,-0.9999187978230665,0.0018459893090569945,-0.009511407803654226,14096.097021604099,1.0138332367734e-05,1000000.0,200,379,5.0,5.0,1016.0,1024.0,0.543917179107666,4.599890382000012,17.247163711988833,3070.8435342019948
hc11p.txt,150,all,252,null,OPTIMAL,OPTIMAL,OPTIMAL,OPTIMAL,True,0.9980728085140095,0.9920228509695688,0.9920228509695688,0.9920228509695688,0.9980728085140095,42.0,97.62363617020475,-0.9980728085140095,-0.9920228509695688,-0.9999172710882687,0.001844462574259187,-0.0060499575444407094,13390.567941646359,1.0054422943500608e-05,1000000.0,200,342,5.0,5.0,1021.8590851133467,1024.0,0.6898529529571533,4.065886283002328,16.250097098003607,3087.0936475060007
hc11p.txt,150,all,253,null,OPTIMAL,OPTIMAL,OPTIMAL,OPTIMAL,True,0.9980728085140095,0.9939885519137187,0.9939885519137187,0.9939885519137187,0.9980728085140095,42.0,97.62363617020475,-0.9980728085140095,-0.9939885519137187,-0.9999159721310519,0.0018431636170423982,-0.00408425660029077,12266.52010939466,1.0064922914801239e-05,1000000.0,200,287,5.0,5.0,1018.0,1024.0,0.5468709468841553,4.0374509419780225,16.40128808800364,3103.494953098998
hc11p.txt,150,all,254,null,OPTIMAL,OPTIMAL,OPTIMAL,OPTIMAL,True,0.9980728085140095,0.9950045491438612,0.9950045491438612,0.9950045491438612,0.9980728085140095,42.0,97.62363617020475,-0.9980728085140095,-0.9950045491438612,-0.9999161830723375,0.0018433745583280592,-0.0030682593701483185,12201.652444777435,1.007065053870744e-05,1000000.0,200,284,5.0,5.0,1004.0,1024.0,0.6521949768066406,4.056072031002259,16.59772374900058,3120.092694171006
hc11p.txt,150,all,255,null,OPTIMAL,OPTIMAL,OPTIMAL,OPTIMAL,True,0.9980728085140095,0.9957544411987577,0.9957544411987577,0.9957544411987577,0.9980728085140095,42.0,97.62363617020475,-0.9980728085140095,-0.9957544411987577,-0.9999156411028274,0.0018428325888178998,-0.0023183673152518125,12180.779764817244,1.0092637601671258e-05,1000000.0,200,283,5.0,5.0,1019.0161595261959,1024.0,0.5890419483184814,4.414072726009181,17.092231991002336,3137.184941910993
hc11p.txt,150,all,256,null,OPTIMAL,OPTIMAL,OPTIMAL,OPTIMAL,True,0.9980728085140095,0.9961633540691824,0.9961633540691824,0.9961633540691824,0.9980728085140095,42.0,97.62363617020475,-0.9980728085140095,-0.9961633540691824,-0.999916105820095,0.0018432973060855673,-0.0019094544448270412,12309.270950325938,1.0062701255026307e-05,1000000.0,200,289,5.0,5.0,1020.0,1024.0,0.8670589923858643,4.468233274994418,16.945389291999163,3154.1303478299815
hc11p.txt,150,all,257,null,OPTIMAL,OPTIMAL,OPTIMAL,OPTIMAL,True,0.9980728085140095,0.9866636787540085,0.9866636787540085,0.9866636787540085,0.9980728085140095,42.0,97.62363617020475,-0.9980728085140095,-0.9866636787540085,-0.9999209315789063,0.0018481230648967895,-0.011409129760000969,15308.518978580321,1.0282275185674482e-05,1000000.0,200,447,5.0,5.0,1015.2304646591632,1024.0,0.536870002746582,4.5560475979873445,16.667836089007324,3170.798201594007
hc11p.txt,150,all,258,null,OPTIMAL,OPTIMAL,OPTIMAL,OPTIMAL,True,0.9980728085140095,0.9915089334577649,0.9915089334577649,0.9915089334577649,0.9980728085140095,42.0,97.62363617020475,-0.9980728085140095,-0.9915089334577649,-0.9999174090433717,0.0018446005293621948,-0.006563875056244561,13093.417601762263,1.0115891823922425e-05,1000000.0,200,327,5.0,5.0,1016.5669496825817,1024.0,0.7101738452911377,4.359934917010833,16.8127149810025,3187.6109367730096
hc11p.txt,150,all,259,null,OPTIMAL,OPTIMAL,OPTIMAL,OPTIMAL,True,0.9980728085140095,0.9933138943909283,0.9933138943909283,0.9933138943909283,0.9980728085140095,42.0,97.62363617020475,-0.9980728085140095,-0.9933138943909283,-0.9999172976799553,0.0018444891659458174,-0.004758914123081159,12707.30251422987,1.0050826501196745e-05,1000000.0,200,308,5.0,5.0,1016.0,1024.0,0.6574571132659912,4.272544734994881,16.72804424801143,3204.338998755993
hc11p.txt,150,all,260,null,OPTIMAL,OPTIMAL,OPTIMAL,OPTIMAL,True,0.9980728085140095,0.9726289330308656,0.9726289330308656,0.9726289330308656,0.9980728085140095,42.0,97.62363617020475,-0.9980728085140095,-0.9726289330308656,-0.999932007109592,0.0018591985955824786,-0.025443875483143863,15880.107802172262,1.0731229559252498e-05,1000000.0,200,481,5.0,5.0,1016.4869894064916,1024.0,0.585392951965332,4.292518304020632,16.307650970004033,3220.646666327986
hc11p.txt,150,all,261,null,OPTIMAL,OPTIMAL,OPTIMAL,OPTIMAL,True,0.9980728085140095,0.9812540262982561,0.9812540262982561,0.9812540262982561,0.9980728085140095,42.0,97.62363617020475,-0.9980728085140095,-0.9812540262982561,-0.9999256464319883,0.0018528379179788557,-0.01681878221575339,14445.19506995045,1.0112124175160479e-05,1000000.0,200,398,5.0,5.0,1018.1314364999412,1024.0,0.6046860218048096,4.092457747989101,16.33853924300638,3236.9852926220046
hc11p.txt,150,all,262,null,OPTIMAL,OPTIMAL,OPTIMAL,OPTIMAL,True,0.9980728085140095,0.9885221405609373,0.9885221405609373,0.9885221405609373,0.9980728085140095,42.0,97.62363617020475,-0.9980728085140095,-0.9885221405609373,-0.9999209684772367,0.0018481599632271806,-0.009550667953072134,12871.359258415674,1.000707505748146e-05,1000000.0,200,316,5.0,5.0,1018.0,1024.0,0.6005058288574219,4.084282905998407,16.155081440025242,3253.140389423992
hc11p.txt,150,all,263,null,OPTIMAL,OPTIMAL,OPTIMAL,OPTIMAL,True,0.9980728085140095,0.9910082954619482,0.9910082954619482,0.9910082954619482,0.9980728085140095,42.0,97.62363617020475,-0.9980728085140095,-0.9910082954619482,-0.9999205989445883,0.0018477904305788106,-0.007064513052061239,13642.364457524185,9.82904078233238e-06,1000000.0,200,355,5.0,5.0,1013.1056453984623,1024.0,0.6051948070526123,4.155125118995784,17.411947246990167,3270.5523538299894
hc11p.txt,150,all,264,null,OPTIMAL,OPTIMAL,OPTIMAL,OPTIMAL,True,0.9980728085140095,0.9933902723858583,0.9933902723858583,0.9933902723858583,0.9980728085140095,42.0,97.62363617020475,-0.9980728085140095,-0.9933902723858583,-0.9999197756469501,0.0018469671329406356,-0.004682536128151171,13292.24625535349,9.820429781975771e-06,1000000.0,200,337,5.0,5.0,1019.8080862178382,1024.0,0.5979709625244141,4.259455913997954,16.686138190998463,3287.238507545
hc11p.txt,150,all,265,null,OPTIMAL,OPTIMAL,OPTIMAL,OPTIMAL,True,0.9980728085140095,0.9941619544031252,0.9941619544031252,0.9941619544031252,0.9980728085140095,42.0,97.62363617020475,-0.9980728085140095,-0.9941619544031252,-0.9999196623438713,0.0018468538298618276,-0.003910854110884321,13092.923841029937,9.821405659153126e-06,1000000.0,200,327,5.0,5.0,1003.8959765886277,1024.0,0.5320069789886475,4.284253357996931,16.426328531990293,3303.664851521986
hc11p.txt,150,all,266,null,OPTIMAL,OPTIMAL,OPTIMAL,OPTIMAL,True,0.9980728085140095,0.9946659628516651,0.9946659628516651,0.9946659628516651,0.9980728085140095,42.0,97.62363617020475,-0.9980728085140095,-0.9946659628516651,-0.9999196784916262,0.0018468699776167385,-0.0034068456623443932,12707.274089457951,9.862727651603893e-06,1000000.0,200,308,5.0,5.0,1015.2730877136463,1024.0,0.6995658874511719,4.576966487016762,18.56596616000752,3322.230833507987
hc11p.txt,150,all,267,null,OPTIMAL,OPTIMAL,OPTIMAL,OPTIMAL,True,0.9980728085140095,0.9795774643406445,0.9795774643406445,0.9795774643406445,0.9980728085140095,42.0,97.62363617020475,-0.9980728085140095,-0.9795774643406445,-0.9999298460729202,0.0018570375589107568,-0.018495344173364958,15929.670151976112,1.0241599802776036e-05,1000000.0,200,484,5.0,5.0,1020.0,1024.0,0.5841529369354248,4.676480462978361,17.17945897000027,3339.4103085979878
hc11p.txt,150,all,268,null,OPTIMAL,OPTIMAL,OPTIMAL,OPTIMAL,True,0.9980728085140095,0.9746392703680032,0.9746392703680032,0.9746392703680032,0.9980728085140095,42.0,97.62363617020475,-0.9980728085140095,-0.9746392703680032,-0.9999356231902777,0.001862814676268254,-0.02343353814600624,14927.200521514991,1.0383246942957421e-05,1000000.0,200,425,5.0,5.0,1020.0,1024.0,0.7051470279693604,4.05196726298891,16.811788053018972,3356.2221140809997
hc11p.txt,150,all,269,null,OPTIMAL,OPTIMAL,OPTIMAL,OPTIMAL,True,0.9980728085140095,0.9719781060500722,0.9719781060500722,0.9719781060500722,0.9980728085140095,42.0,97.62363617020475,-0.9980728085140095,-0.9719781060500722,-0.9999422660709116,0.0018694575569021543,-0.026094702463937303,14697.198636692248,1.0521761903994773e-05,1000000.0,200,412,5.0,5.0,1022.0,1023.9999999999999,0.603611946105957,4.5839322580141015,17.039122044021497,3373.261252105003
hc11p.txt,150,all,270,null,OPTIMAL,OPTIMAL,OPTIMAL,OPTIMAL,True,0.9980728085140095,0.9817964987439078,0.9817964987439078,0.9817964987439078,0.9980728085140095,42.0,97.62363617020475,-0.9980728085140095,-0.9817964987439078,-0.9999316118737773,0.0018588033597678466,-0.016276309770101638,13526.766738289336,9.898967104311366e-06,1000000.0,200,349,5.0,5.0,1018.0,1024.0,0.7797160148620605,4.070107325009303,16.618744457984576,3389.880016485986
hc11p.txt,150,all,271,null,OPTIMAL,OPTIMAL,OPTIMAL,OPTIMAL,True,0.9980728085140095,0.98807714938647,0.98807714938647,0.98807714938647,0.9980728085140095,42.0,97.62363617020475,-0.9980728085140095,-0.98807714938647,-0.9999273549820697,0.0018545464680602697,-0.009995659127539525,13584.780692596036,9.65625097296644e-06,1000000.0,200,352,5.0,5.0,1018.0,1024.0,0.5442500114440918,4.495142530009616,16.918063236022135,3406.7981842159934
hc11p.txt,150,all,272,null,OPTIMAL,OPTIMAL,OPTIMAL,OPTIMAL,True,0.9980728085140095,0.9902729850867341,0.9902729850867341,0.9902729850867341,0.9980728085140095,42.0,97.62363617020475,-0.9980728085140095,-0.9902729850867341,-0.9999263149860629,0.0018535064720534011,-0.007799823427275365,13193.282075711066,9.668104410037512e-06,1000000.0,200,332,5.0,5.0,1020.1329859037534,1024.0,0.5557370185852051,4.214010968018556,16.835619582998333,3423.633820882009
hc11p.txt,150,all,273,null,OPTIMAL,OPTIMAL,OPTIMAL,OPTIMAL,True,0.9980728085140095,0.9914921980382584,0.9914921980382584,0.9914921980382584,0.9980728085140095,42.0,97.62363617020475,-0.9980728085140095,-0.9914921980382584,-0.9999254862332543,0.0018526777192447996,-0.006580610475751092,13193.104245776525,9.651431918231395e-06,1000000.0,200,332,5.0,5.0,1015.5511095749913,1024.0,0.6332809925079346,4.227598878991557,16.95474531999207,3440.588584549987
hc11p.txt,150,all,274,null,OPTIMAL,OPTIMAL,OPTIMAL,OPTIMAL,True,0.9980728085140095,0.9926608733972602,0.9926608733972602,0.9926608733972602,0.9980728085140095,42.0,97.62363617020475,-0.9980728085140095,-0.9926608733972602,-0.9999249524931068,0.001852143979097276,-0.005411935116749311,12645.10057247153,9.654034181031728e-06,1000000.0,200,305,5.0,5.0,1012.0,1024.0,0.64923095703125,4.273116341995774,16.946785167005146,3457.5353917620087
hc11p.txt,150,all,275,null,OPTIMAL,OPTIMAL,OPTIMAL,OPTIMAL,True,0.9980728085140095,0.9768119298050529,0.9768119298050529,0.9768119298050529,0.9980728085140095,42.0,97.62363617020475,-0.9980728085140095,-0.9768119298050529,-0.9999380732383542,0.001865264724344673,-0.021260878708956543,15291.277345016853,1.0240830405535935e-05,1000000.0,200,446,5.0,5.0,1012.0,1024.0,0.6710989475250244,4.266519994998816,16.675259923998965,3474.21066878899
hc11p.txt,150,all,276,null,OPTIMAL,OPTIMAL,OPTIMAL,OPTIMAL,True,0.9980728085140095,0.9861990336193424,0.9861990336193424,0.9861990336193424,0.9980728085140095,42.0,97.62363617020475,-0.9980728085140095,-0.9861990336193424,-0.9999299109848939,0.001857102470884442,-0.011873774894667122,13546.282258780695,9.780106669981319e-06,1000000.0,200,350,5.0,5.0,1022.0,1024.0,0.5995471477508545,4.505566715000896,16.8460531749879,3491.0567368949996
hc11p.txt,150,all,277,null,OPTIMAL,OPTIMAL,OPTIMAL,OPTIMAL,True,0.9980728085140095,0.9894253562173293,0.9894253562173293,0.9894253562173293,0.9980728085140095,42.0,97.62363617020475,-0.9980728085140095,-0.9894253562173293,-0.9999277648979418,0.0018549563839322936,-0.00864745229668018,13429.51704318299,9.580264244733189e-06,1000000.0,200,344,5.0,5.0,1018.0,1024.0,0.6163549423217773,4.0093900119827595,16.60998867600574,3507.6667422140017
hc11p.txt,150,all,278,null,OPTIMAL,OPTIMAL,OPTIMAL,OPTIMAL,True,0.9980728085140095,0.9915286738426335,0.9915286738426335,0.9915286738426335,0.9980728085140095,42.0,97.62363617020475,-0.9980728085140095,-0.9915286738426335,-0.9999268677867665,0.0018540592727570582,-0.006544134671375934,12932.13343900491,9.596069855860313e-06,1000000.0,200,319,5.0,5.0,1013.4371137227861,1024.0,0.6464638710021973,4.024691547994735,16.467162950983038,3524.1339241570095
hc11p.txt,150,all,279,null,OPTIMAL,OPTIMAL,OPTIMAL,OPTIMAL,True,0.9980728085140095,0.9928054070362159,0.9928054070362159,0.9928054070362159,0.9980728085140095,42.0,97.62363617020475,-0.9980728085140095,-0.9928054070362159,-0.9999265106243422,0.0018537021103327556,-0.005267401477793587,12707.383036958014,9.599695915453555e-06,1000000.0,200,308,5.0,5.0,1018.0,1023.9999999999999,0.6233382225036621,4.3521521229995415,16.280151521001244,3540.414093808009
hc11p.txt,150,all,280,null,OPTIMAL,OPTIMAL,OPTIMAL,OPTIMAL,True,0.9980728085140095,0.9933610900798348,0.9933610900798348,0.9933610900798348,0.9980728085140095,42.0,97.62363617020475,-0.9980728085140095,-0.9933610900798348,-0.999926251933258,0.001853443419248535,-0.004711718434174728,12748.477210349147,9.613615208111397e-06,1000000.0,200,310,5.0,5.0,1015.5871995757907,1024.0,0.6942780017852783,4.444694273988716,16.952525556000182,3557.3666357740003
hc11p.txt,150,all,281,null,OPTIMAL,OPTIMAL,OPTIMAL,OPTIMAL,True,0.9980728085140095,0.9926524208527124,0.9926524208527124,0.9926524208527124,0.9980728085140095,42.0,97.62363617020475,-0.9980728085140095,-0.9926524208527124,-0.9999261736407876,0.0018533651267781392,-0.005420387661297044,12457.500353725038,9.765995035961338e-06,1000000.0,200,296,5.0,5.0,1021.1171285035527,1024.0,0.7266538143157959,4.213793539995095,17.031240775017068,3574.397961884999
hc11p.txt,150,all,282,null,OPTIMAL,OPTIMAL,OPTIMAL,OPTIMAL,True,0.9980728085140095,0.9939702757730103,0.9939702757730103,0.9939702757730103,0.9980728085140095,42.0,97.62363617020475,-0.9980728085140095,-0.9939702757730103,-0.999925982247223,0.0018531737332134757,-0.004102532740999143,12686.936919390546,9.69469971531659e-06,1000000.0,200,307,5.0,5.0,1022.9808898078674,1024.0,0.7883100509643555,4.244145421980647,16.82802264697966,3591.226000964991
hc11p.txt,150,all,283,null,OPTIMAL,OPTIMAL,OPTIMAL,OPTIMAL,True,0.9980728085140095,0.994418882229019,0.994418882229019,0.994418882229019,0.9980728085140095,42.0,97.62363617020475,-0.9980728085140095,-0.994418882229019,-0.9999259510468318,0.0018531425328223161,-0.003653926284990505,12415.330466118248,9.695977139509927e-06,1000000.0,200,294,5.0,5.0,1020.8409554286798,1024.0,0.6391339302062988,3.978162932995474,15.715784094994888,3606.941799897002
hc12p.txt,150,all,1,null,OPTIMAL,OPTIMAL,OPTIMAL,OPTIMAL,True,0.0,-2096215.0,-2096215.0,-2096215.0,0.0,42.0,100.0,-0.0,2096215.0,-2400.0,2400.0,-2096215.0,44328.70771858796,48.98979485566356,2.0,2,937,3.0,3.0,2048.0,2048.0,0.003690004348754883,3.2392322729865555,3.6785558850097004,12.536654964991612
hc12p.txt,150,all,2,null,OPTIMAL,OPTIMAL,OPTIMAL,OPTIMAL,True,0.0,-2243.7642099004265,-2243.7642099004265,-2243.7642099004265,0.0,42.0,100.0,-0.0,2243.7642099004265,-2.7457083593462825,2.7457083593462825,-2243.7642099004265,41519.41420158148,0.6494768810111231,4.0,3,822,3.0,3.0,2047.9998271206982,2048.0,0.024612903594970703,3.1587187699915376,3.7983640570018906,16.33510278200265
hc12p.txt,150,all,3,null,OPTIMAL,OPTIMAL,OPTIMAL,OPTIMAL,True,0.0,-882.9945110634446,-882.9945110634446,-882.9945110634446,0.0,42.0,100.0,-0.0,882.9945110634446,-2.3295930340153475,2.3295930340153475,-882.9945110634446,24145.633370680684,0.3572605811031165,8.0,4,278,4.0,4.0,2048.0,2048.0,0.03308296203613281,3.7457715260097757,4.424375920003513,20.759500304004177
hc12p.txt,150,all,4,null,OPTIMAL,OPTIMAL,OPTIMAL,OPTIMAL,True,0.0,-261.77916812519305,-261.77916812519305,-261.77916812519305,0.0,42.0,100.0,-0.0,261.77916812519305,-1.434475692640308,1.434475692640308,-261.77916812519305,22528.15233009667,0.17741048308941718,16.0,5,242,6.0,6.0,2198.8461392257773,2123.423069612889,0.04239296913146973,6.2177830539876595,7.09353806998115,27.853066676994786
hc12p.txt,150,all,5,null,OPTIMAL,OPTIMAL,OPTIMAL,OPTIMAL,True,0.0,-191.42078420574816,-191.42078420574816,-191.42078420574816,0.0,42.0,100.0,-0.0,191.42078420574816,-1.310525354714809,1.310525354714809,-191.42078420574816,13585.181610462425,0.09116045341713944,32.0,6,88,9.236711096366403,9.236711096366403,2303.0531556145343,2175.526577807267,0.03676795959472656,6.907852408010513,7.831826943001943,35.684910395997576
hc12p.txt,150,all,6,null,OPTIMAL,OPTIMAL,OPTIMAL,OPTIMAL,True,0.0,-126.15325264914689,-126.15325264914689,-126.15325264914689,0.0,42.0,100.0,-0.0,126.15325264914689,-1.0617063305731202,1.0617063305731202,-126.15325264914689,35737.58605328547,0.04873408007927961,64.0,7,609,12.0,12.0,2513.0337028589797,2280.51685142949,0.04445004463195801,7.776649004983483,8.867997444001958,44.55292644200381
hc12p.txt,150,all,7,null,OPTIMAL,OPTIMAL,OPTIMAL,OPTIMAL,True,0.0,-2.012648818985788,-2.012648818985788,-2.012648818985788,0.0,42.0,100.0,-0.0,2.012648818985788,-0.9996094345218457,0.9996094345218457,-2.012648818985788,26147.226101771044,0.021362121694378903,128.0,8,326,6.0,6.0,2126.293829494565,2087.1469147472826,0.04781699180603027,12.18141300600837,13.420164670009399,57.97310955601279
hc12p.txt,150,all,8,null,OPTIMAL,OPTIMAL,OPTIMAL,OPTIMAL,True,0.0,-1.090340564932779,-1.090340564932779,-1.090340564932779,0.0,42.0,100.0,-0.0,1.090340564932779,-0.997867853927539,0.997867853927539,-1.090340564932779,13429.829455752099,0.021130060305714675,256.0,9,86,6.0,6.0,2052.2146277133224,2050.1073138566617,0.05865192413330078,10.520373873005155,11.79241305301548,69.76554169401061
hc12p.txt,150,all,9,null,OPTIMAL,OPTIMAL,OPTIMAL,OPTIMAL,True,0.0,0.005796864761093655,0.005796864761093655,0.005796864761093655,0.005796864761093655,42.0,99.986197941045,-0.0,-0.005796864761093655,-0.9967306806043,0.9967306806043,0.005796864761093655,1450.162749487105,0.021106922893175364,512.0,10,1,6.0,6.0,2048.0,2048.0,0.05842995643615723,3.201384237007005,4.6265249449934345,74.39208395499736
hc12p.txt,150,all,10,null,OPTIMAL,OPTIMAL,OPTIMAL,OPTIMAL,True,0.0,-0.967451731498451,-0.967451731498451,-0.967451731498451,0.005796864761093655,42.0,99.986197941045,-0.0,0.967451731498451,-0.9966690225809118,0.9966690225809118,-0.967451731498451,1450.1172366398519,0.02112037702707088,1024.0,11,1,6.0,6.0,2048.0,2048.0,0.0679769515991211,2.8742165679868776,4.517845109017799,78.90994698900613
hc12p.txt,150,all,11,null,OPTIMAL,OPTIMAL,OPTIMAL,OPTIMAL,True,0.0,0.004788156167571698,0.004788156167571698,0.004788156167571698,0.005796864761093655,42.0,99.986197941045,-0.0,-0.004788156167571698,-0.9942390235562675,0.9942390235562675,0.004788156167571698,78.96483240287763,0.021049684218786058,2048.0,12,0,6.0,6.0,2048.4752591198444,2048.2376295599224,0.06144595146179199,7.627363414998399,9.170643485005712,88.08066987799248
hc12p.txt,150,all,12,null,OPTIMAL,OPTIMAL,OPTIMAL,OPTIMAL,True,0.0,-11.095773221586784,-11.095773221586784,-11.095773221586784,0.005796864761093655,42.0,99.986197941045,-0.0,11.095773221586784,-0.7834617158485361,0.7834617158485361,-11.095773221586784,14625.848660232774,0.019016034850215364,4096.0,13,102,6.0,6.0,2054.828812870322,2051.414406435161,0.11718487739562988,15.363991254009306,17.221355211979244,105.30204139300622
hc12p.txt,150,all,13,null,OPTIMAL,OPTIMAL,OPTIMAL,OPTIMAL,True,0.0,-0.07971186281067386,-0.07971186281067386,-0.07971186281067386,0.005796864761093655,42.0,99.986197941045,-0.0,0.07971186281067386,-0.42309122278212685,0.42309122278212685,-0.07971186281067386,1449.7517028788068,0.01016335890484391,8192.0,14,1,5.0,5.0,2048.0,2048.0,0.11059308052062988,5.191084682999644,6.999054824991617,112.3011109099898
hc12p.txt,150,all,14,null,OPTIMAL,OPTIMAL,OPTIMAL,OPTIMAL,True,0.0,0.0018158078230821797,0.0018158078230821797,0.0018158078230821797,0.005796864761093655,42.0,99.986197941045,-0.0,-0.0018158078230821797,-0.21154561067825697,0.21154561067825697,0.0018158078230821797,66.03029607687671,0.005081682323237502,16384.0,15,0,4.0,4.0,2048.0,2048.0,0.11759591102600098,3.4476161370112095,5.46629290501005,117.76741956401384
hc12p.txt,150,all,15,serious,OPTIMAL,OPTIMAL,OPTIMAL,OPTIMAL,True,0.01837174735339657,0.01837174735339657,0.01837174735339657,0.01837174735339657,0.01837174735339657,42.0,99.95625774439668,-0.01837174735339657,-0.01837174735339657,-0.07598592442886778,0.07598592442886778,0.01837174735339657,98.67800306009366,0.0021535682804674503,11468.8,16,0,12.720873022457088,12.720873022457088,2543.5339683593133,2295.7669841796564,0.1358790397644043,9.366967156995088,11.801436185982311,129.56887258100323
hc12p.txt,150,all,16,serious,OPTIMAL,OPTIMAL,OPTIMAL,OPTIMAL,True,0.09874768614290132,0.09874768614290132,0.09874768614290132,0.09874768614290132,0.09874768614290132,42.0,99.76488646156453,-0.09874768614290132,-0.09874768614290132,-0.1716394006589618,0.15326765330556524,0.08037593878950475,74.05403432629447,0.003020453217050003,8028.159999999999,17,0,6.0,6.0,2048.0,2048.0,0.09891891479492188,8.31955988999107,10.626311673986493,140.19519792500068
hc12p.txt,150,all,17,serious,OPTIMAL,OPTIMAL,OPTIMAL,OPTIMAL,True,0.22330516100583403,0.22330516100583403,0.22330516100583403,0.22330516100583403,0.22330516100583403,42.0,99.46832104522422,-0.22330516100583403,-0.22330516100583403,-0.3026999037618752,0.20395221761897392,0.12455747486293271,76.44605941446557,0.004274920955900284,5619.711999999999,18,0,6.0,6.0,2048.0,2048.0,0.12834596633911133,24.03018890399835,26.4573313370056,166.6525453350041
hc12p.txt,150,all,18,serious,OPTIMAL,OPTIMAL,OPTIMAL,OPTIMAL,True,0.3718343751970214,0.3718343751970214,0.3718343751970214,0.3718343751970214,0.3718343751970214,42.0,99.1146800590547,-0.3718343751970214,-0.3718343751970214,-0.49046168392019746,0.2671565229143634,0.14852921419118736,77.56287771866127,0.005994691580635917,3933.7983999999988,19,0,6.0,6.0,2048.0,2048.0,0.12121200561523438,6.843533727020258,9.413828896009363,176.0663933689939
hc12p.txt,150,all,19,null,OPTIMAL,OPTIMAL,OPTIMAL,OPTIMAL,True,0.3718343751970214,-0.3905934666835015,-0.3905934666835015,-0.3905934666835015,0.3718343751970214,42.0,99.1146800590547,-0.3718343751970214,0.3905934666835015,-0.7340292742579085,0.36219489906088714,-0.7624278418805228,6792.883334785016,0.008014980810797528,7867.5967999999975,20,22,6.0,6.0,2048.0,2048.0,0.1361370086669922,11.308736778999446,13.989540979993762,190.05595136398915
hc12p.txt,150,all,20,serious,OPTIMAL,OPTIMAL,OPTIMAL,OPTIMAL,True,0.4954253965630107,0.4954253965630107,0.4954253965630107,0.4954253965630107,0.4954253965630107,42.0,98.82041572246904,-0.4954253965630107,-0.4954253965630107,-0.6169922557828815,0.24515788058586013,0.12359102136598932,1449.9144802366793,0.0044285939804732215,5507.317759999998,21,1,6.0,6.0,2048.0,2048.0,0.11078906059265137,10.831411406979896,13.674098318006145,203.7300677380117
hc12p.txt,150,all,21,null,OPTIMAL,OPTIMAL,OPTIMAL,OPTIMAL,True,0.4954253965630107,-0.10383422645893116,-0.10383422645893116,-0.10383422645893116,0.4954253965630107,42.0,98.82041572246904,-0.4954253965630107,0.10383422645893116,-0.782349330515594,0.28692393395258325,-0.5992596230219419,6476.793651182659,0.005467901234514628,11014.635519999996,22,20,6.0,6.0,2048.0,2048.0,0.16213297843933105,10.714991325017763,13.802684497990413,217.53282152299653
hc12p.txt,150,all,22,serious,OPTIMAL,OPTIMAL,OPTIMAL,OPTIMAL,True,0.5198571055959568,0.5198571055959568,0.5198571055959568,0.5198571055959568,0.5198571055959568,42.0,98.7622449866763,-0.5198571055959568,-0.5198571055959568,-0.700393264490332,0.2049678679273213,0.02443170903294606,2509.4676726349753,0.0027544915320573174,7710.244863999997,23,3,6.0,6.0,2048.0,2048.0,0.14649200439453125,12.107523016020423,15.107669219985837,232.64050733100157
hc12p.txt,150,all,23,null,OPTIMAL,OPTIMAL,OPTIMAL,OPTIMAL,True,0.5198571055959568,-0.1187123042572665,-0.1187123042572665,-0.1187123042572665,0.5198571055959568,42.0,98.7622449866763,-0.5198571055959568,0.1187123042572665,-0.8164151042585281,0.2965579986625714,-0.6385694098532233,10543.000711372451,0.0038705063306784617,15420.489727999993,24,53,6.0,6.0,2048.0,2048.0,0.18289995193481445,13.024581603007391,16.092973010003334,248.73349752801005
hc12p.txt,150,all,24,null,OPTIMAL,OPTIMAL,OPTIMAL,OPTIMAL,True,0.5198571055959568,0.36995937033518406,0.36995937033518406,0.36995937033518406,0.5198571055959568,42.0,98.7622449866763,-0.5198571055959568,-0.36995937033518406,-0.758904228862434,0.23904712326647726,-0.1498977352607727,7525.221591421744,0.0019473789667973918,30840.979455999986,25,27,6.0,6.0,2048.0,2048.0,0.13085508346557617,12.556403980008326,15.691550137999002,264.42506632200093
hc12p.txt,150,all,25,null,OPTIMAL,OPTIMAL,OPTIMAL,OPTIMAL,True,0.5198571055959568,0.47530332893399746,0.47530332893399746,0.47530332893399746,0.5198571055959568,42.0,98.7622449866763,-0.5198571055959568,-0.47530332893399746,-0.7297318586270125,0.20987475303105574,-0.04455377666195931,5971.385768814472,0.000977998194927216,61681.95891199997,26,17,6.0,6.0,2048.0,2048.0,0.1645979881286621,12.785018717986532,16.292264081013855,280.7173471930146
hc12p.txt,150,all,26,serious,OPTIMAL,OPTIMAL,OPTIMAL,OPTIMAL,True,0.5943367870742449,0.5943367870742449,0.5943367870742449,0.5943367870742449,0.5943367870742449,42.0,98.58491241172798,-0.5943367870742449,-0.5943367870742449,-0.7149608147121352,0.19510370911617847,0.0744796814782881,76.86351540230254,0.0004926653004318349,43177.37123839998,27,0,6.0,6.0,2048.0,2048.0,0.14125394821166992,12.261931429995457,15.799855609016959,296.51722069698735
hc12p.txt,150,all,27,null,OPTIMAL,OPTIMAL,OPTIMAL,OPTIMAL,True,0.5943367870742449,0.6063879736250751,0.6063879736250751,0.6063879736250751,0.6063879736250751,42.0,98.55621911041648,-0.5943367870742449,-0.6063879736250751,-0.7256350787279118,0.1312982916536669,0.012051186550830262,13351.533994264479,0.0017086314315942948,86354.74247679996,28,85,6.0,6.0,2048.0,2048.0,0.18664312362670898,30.666729843011126,34.32215192398871,330.8394026400056
hc12p.txt,150,all,28,serious,OPTIMAL,OPTIMAL,OPTIMAL,OPTIMAL,True,0.6194783718276982,0.6194783718276982,0.6194783718276982,0.6194783718276982,0.6194783718276982,42.0,98.52505149564834,-0.6194783718276982,-0.6194783718276982,-0.6627511831125095,0.0684143960382646,0.025141584753453294,73.07530362578044,0.0008900798650090888,60448.31973375997,29,0,6.0,6.0,2048.0,2048.0,0.1649341583251953,34.054223627987085,37.9191366849991,368.75855509599205
hc12p.txt,150,all,29,serious,OPTIMAL,OPTIMAL,OPTIMAL,OPTIMAL,True,0.6477624420955563,0.6477624420955563,0.6477624420955563,0.6477624420955563,0.6477624420955563,42.0,98.45770847120106,-0.6477624420955563,-0.6477624420955563,-0.6911928890218858,0.07171451719418764,0.028284070267858175,75.52483035399682,0.0010172483467276504,42313.82381363198,30,0,6.0,6.0,2048.0,2048.0,0.21753883361816406,11.690363834000891,15.586796106974361,384.3453671190073
hc12p.txt,150,all,30,serious,OPTIMAL,OPTIMAL,OPTIMAL,OPTIMAL,True,0.6806168417918972,0.6806168417918972,0.6806168417918972,0.6806168417918972,0.6806168417918972,42.0,98.37948371001929,-0.6806168417918972,-0.6806168417918972,-0.7334227423709122,0.08566030027535587,0.03285439969634085,75.6042326857432,0.0012604817849721742,29619.676669542383,31,0,6.0,6.0,2048.0,2048.0,0.16126203536987305,15.890218255022774,20.35310701900744,404.6985098980076
hc12p.txt,150,all,31,serious,OPTIMAL,OPTIMAL,OPTIMAL,OPTIMAL,True,0.7188540173622713,0.7188540173622713,0.7188540173622713,0.7188540173622713,0.7188540173622713,42.0,98.28844281580413,-0.7188540173622713,-0.7188540173622713,-0.7784567840202913,0.0978399422283941,0.03823717557037409,76.94153624668537,0.0015232465304992739,20733.773668679667,32,0,6.0,6.0,2048.0,2048.0,0.15555214881896973,9.92761874300777,13.961256230977597,418.6598401230003
hc12p.txt,150,all,32,null,OPTIMAL,OPTIMAL,OPTIMAL,OPTIMAL,True,0.7188540173622713,0.6405806694055532,0.6405806694055532,0.6405806694055532,0.7188540173622713,42.0,98.28844281580413,-0.7188540173622713,-0.6405806694055532,-0.8334653614788984,0.1146113441166271,-0.07827334795671803,6636.733533900544,0.001888436061084178,41467.547337359334,33,21,6.0,6.0,2048.0,2048.0,0.163222074508667,10.004984339000657,14.149900523014367,432.8097561020113
hc12p.txt,150,all,33,serious,OPTIMAL,OPTIMAL,OPTIMAL,OPTIMAL,True,0.7399398088569964,0.7399398088569964,0.7399398088569964,0.7399398088569964,0.7399398088569964,42.0,98.23823855034048,-0.7399398088569964,-0.7399398088569964,-0.8030735343963235,0.08421951703405217,0.021085791494725115,5221.956721383279,0.001174175137810058,29027.28313615153,34,13,6.0,6.0,2048.0,2048.0,0.16694211959838867,10.293752612982644,14.505172061995836,447.3149465250026
hc12p.txt,150,all,34,null,OPTIMAL,OPTIMAL,OPTIMAL,OPTIMAL,True,0.7399398088569964,0.6631719173216316,0.6631719173216316,0.6631719173216316,0.7399398088569964,42.0,98.23823855034048,-0.7399398088569964,-0.6631719173216316,-0.8457423655285352,0.10580255667153882,-0.07676789153536479,4580.127509142077,0.0012020539633141095,58054.56627230306,35,10,6.0,6.0,2048.0,2048.0,0.17180585861206055,7.019911963987397,11.620296495995717,458.9352633919916
hc12p.txt,150,all,35,null,OPTIMAL,OPTIMAL,OPTIMAL,OPTIMAL,True,0.7399398088569964,0.735099313185882,0.735099313185882,0.735099313185882,0.7399398088569964,42.0,98.23823855034048,-0.7399398088569964,-0.735099313185882,-0.8250693227980115,0.08512951394101509,-0.004840495671114442,2509.497160787396,0.0006142160999403864,116109.13254460612,36,3,6.0,6.0,2048.0,2048.0,0.17170310020446777,11.105698602012126,15.468272800004343,474.4035582850047
hc12p.txt,150,all,36,serious,OPTIMAL,OPTIMAL,OPTIMAL,OPTIMAL,True,0.7588258605494802,0.7588258605494802,0.7588258605494802,0.7588258605494802,0.7588258605494802,42.0,98.19327176059649,-0.7588258605494802,-0.7588258605494802,-0.8140857540559885,0.07414594519899209,0.018886051692483807,76.94153624668537,0.0003087520769796307,81276.39278122428,37,0,6.0,6.0,2048.0,2048.0,0.1759929656982422,17.813962168002035,22.358053681004094,496.7616271309962
hc12p.txt,150,all,37,serious,OPTIMAL,OPTIMAL,OPTIMAL,OPTIMAL,True,0.7797957373966974,0.7797957373966974,0.7797957373966974,0.7797957373966974,0.7797957373966974,42.0,98.14334348238881,-0.7797957373966974,-0.7797957373966974,-0.8219501331147353,0.0631242725652551,0.020969876847217184,76.88953114696434,0.0008240051882554271,56893.47494685699,38,0,6.0,6.0,2048.0,2048.0,0.18976688385009766,31.30884131800849,36.0516922060051,532.8133354400052
hc12p.txt,150,all,38,serious,OPTIMAL,OPTIMAL,OPTIMAL,OPTIMAL,True,0.8032448420897372,0.8032448420897372,0.8032448420897372,0.8032448420897372,0.8032448420897372,42.0,98.08751228073871,-0.8032448420897372,-0.8032448420897372,-0.8402184347888684,0.06042269739217099,0.023449104693039846,75.92101158440923,0.0008450296408224824,39825.432462799894,39,0,6.0,6.0,2048.0,2048.0,0.1991288661956787,11.052204469015123,16.259342773992103,549.072696616
hc12p.txt,150,all,39,null,OPTIMAL,OPTIMAL,OPTIMAL,OPTIMAL,True,0.8032448420897372,0.7487492533639771,0.7487492533639771,0.7487492533639771,0.8032448420897372,42.0,98.08751228073871,-0.8032448420897372,-0.7487492533639771,-0.867327734869853,0.06408289278011581,-0.0544955887257601,3239.0788814105777,0.0010066152362000196,79650.86492559979,40,5,6.0,6.0,2048.0,2048.0,0.21270394325256348,26.869902175007155,31.888413568987744,580.9611263739935
hc12p.txt,150,all,40,serious,OPTIMAL,OPTIMAL,OPTIMAL,OPTIMAL,True,0.8209601627629002,0.8209601627629002,0.8209601627629002,0.8209601627629002,0.8209601627629002,42.0,98.04533294580261,-0.8209601627629002,-0.8209601627629002,-0.8523191384311518,0.04907429634141458,0.01771532067316295,75.41883053985921,0.0006714498825824719,55755.60544791985,41,0,6.0,6.0,2048.0,2048.0,0.18781280517578125,11.912491466006031,17.00737780300551,597.9685198859952
hc12p.txt,150,all,41,serious,OPTIMAL,OPTIMAL,OPTIMAL,OPTIMAL,True,0.831490106689599,0.831490106689599,0.831490106689599,0.831490106689599,0.831490106689599,42.0,98.02026165073906,-0.831490106689599,-0.831490106689599,-0.8715106217143882,0.05055045895148802,0.010529943926698815,2509.4517329488526,0.0007593015857078478,39028.92381354389,42,3,6.0,6.0,2048.0,2048.0,0.19341707229614258,10.03142602200387,15.176273124990985,613.1448678509914
hc12p.txt,150,all,42,null,OPTIMAL,OPTIMAL,OPTIMAL,OPTIMAL,True,0.831490106689599,0.7641288490080665,0.7641288490080665,0.7641288490080665,0.831490106689599,42.0,98.02026165073906,-0.831490106689599,-0.7641288490080665,-0.9008407342159077,0.06935062752630872,-0.06736125768153245,4580.124889126933,0.0008657049384873881,78057.84762708779,43,10,6.0,6.0,2048.0,2048.0,0.19557785987854004,9.575245190004352,15.210991937987274,628.3558773600089
hc12p.txt,150,all,43,null,OPTIMAL,OPTIMAL,OPTIMAL,OPTIMAL,True,0.831490106689599,0.8369096154182402,0.8369096154182402,0.8369096154182402,0.8369096154182402,42.0,98.00735805852798,-0.831490106689599,-0.8369096154182402,-0.8862383143201102,0.05474820763051125,0.005419508728641165,3239.096787686345,0.0004345966180118997,156115.69525417557,44,5,6.0,6.0,2048.0,2048.0,0.18691110610961914,9.670610196015332,15.105509804008761,643.4614052170073
hc12p.txt,150,all,44,serious,OPTIMAL,OPTIMAL,OPTIMAL,OPTIMAL,True,0.8494728198796747,0.8494728198796747,0.8494728198796747,0.8494728198796747,0.8494728198796747,42.0,97.97744566695316,-0.8494728198796747,-0.8494728198796747,-0.8788641433084233,0.04737403661882433,0.017982713190075716,77.25283166331187,0.00021826986480163684,109280.98667792289,45,0,6.0,6.0,2048.0,2048.0,0.1907329559326172,10.164725956012262,15.660798377008177,659.1222178789903
hc12p.txt,150,all,45,serious,OPTIMAL,OPTIMAL,OPTIMAL,OPTIMAL,True,0.863327670811177,0.863327670811177,0.863327670811177,0.863327670811177,0.863327670811177,42.0,97.94445792664006,-0.863327670811177,-0.863327670811177,-0.8874271329928156,0.0379543131131409,0.013854850931502294,75.33923280734945,0.0005060503857674479,76496.69067454601,46,0,6.0,6.0,2048.0,2048.0,0.19499897956848145,10.72646220299066,16.089136716997018,675.2113693830033
hc12p.txt,150,all,46,serious,OPTIMAL,OPTIMAL,OPTIMAL,OPTIMAL,True,0.8765972777981941,0.8765972777981941,0.8765972777981941,0.8765972777981941,0.8765972777981941,42.0,97.91286362429,-0.8765972777981941,-0.8765972777981941,-0.9012043616198232,0.037876690808646196,0.013269606987017069,2509.4525299355632,0.000562304811337777,53547.68347218221,47,3,6.0,6.0,2048.0,2048.0,0.2555840015411377,28.699756259011338,34.27866388001712,709.4900491920125
hc12p.txt,150,all,47,null,OPTIMAL,OPTIMAL,OPTIMAL,OPTIMAL,True,0.8765972777981941,0.8283815150955616,0.8283815150955616,0.8283815150955616,0.8765972777981941,42.0,97.91286362429,-0.8765972777981941,-0.8283815150955616,-0.9222261059747427,0.045628828176548675,-0.0482157627026325,4345.160986660909,0.0006247718059161248,107095.36694436442,48,9,6.0,6.0,2048.0,2048.0,0.19608807563781738,10.177409381023608,15.842901689989958,725.3329663240002
hc12p.txt,150,all,48,null,OPTIMAL,OPTIMAL,OPTIMAL,OPTIMAL,True,0.8765972777981941,0.8660642709699332,0.8660642709699332,0.8660642709699332,0.8765972777981941,42.0,97.91286362429,-0.8765972777981941,-0.8660642709699332,-0.9117869281781059,0.03518965037991184,-0.01053300682826086,2509.478033376662,0.000313453677960555,214190.73388872884,49,3,6.0,6.0,2048.0,2048.0,0.19971513748168945,6.06766650400823,12.222981935978169,737.5559646190086
hc12p.txt,150,all,49,serious,OPTIMAL,OPTIMAL,OPTIMAL,OPTIMAL,True,0.884219696634935,0.884219696634935,0.884219696634935,0.884219696634935,0.884219696634935,42.0,97.89471500801206,-0.884219696634935,-0.884219696634935,-0.9065338811947931,0.029936603396598982,0.007622418836740974,77.25283166331187,0.00015862400091172036,149933.51372211016,50,0,6.0,6.0,2048.0,2048.0,0.2136061191558838,9.463785364001524,15.68264510500012,753.2386275850004
hc12p.txt,150,all,50,serious,OPTIMAL,OPTIMAL,OPTIMAL,OPTIMAL,True,0.8951731842988145,0.8951731842988145,0.8951731842988145,0.8951731842988145,0.8951731842988145,42.0,97.86863527547902,-0.8951731842988145,-0.8951731842988145,-0.912745458066329,0.02852576143139396,0.010953487663879491,76.2102355330306,0.0003782400009538614,104953.45960547711,51,0,6.0,6.0,2048.0,2048.0,0.2585489749908447,32.41637090101722,38.75174876998062,791.9903961019882
hc12p.txt,150,all,51,serious,OPTIMAL,OPTIMAL,OPTIMAL,OPTIMAL,True,0.906081243756697,0.906081243756697,0.906081243756697,0.906081243756697,0.906081243756697,42.0,97.8426637053412,-0.906081243756697,-0.906081243756697,-0.9230183896253785,0.027845205326563982,0.010908059457882424,2049.410646990983,0.0004113327544626077,73467.42172383398,52,2,5.0,5.0,2048.0,2048.0,0.22515416145324707,10.452336912014289,16.74388760799775,808.734361920011
hc12p.txt,150,all,52,null,OPTIMAL,OPTIMAL,OPTIMAL,OPTIMAL,True,0.906081243756697,0.880600472308518,0.880600472308518,0.880600472308518,0.906081243756697,42.0,97.8426637053412,-0.906081243756697,-0.880600472308518,-0.9381870710806816,0.03210582732398459,-0.02548077144817895,4580.123142449338,0.0004533457760194578,146934.84344766795,53,10,6.0,6.0,2048.0,2048.0,0.22345399856567383,6.295894259994384,12.854938046017196,821.5893158279941
hc12p.txt,150,all,53,null,OPTIMAL,OPTIMAL,OPTIMAL,OPTIMAL,True,0.906081243756697,0.9064213364153318,0.9064213364153318,0.9064213364153318,0.9064213364153318,42.0,97.84185396091587,-0.906081243756697,-0.9064213364153318,-0.9306469020810069,0.024565658324309902,0.0003400926586348829,2897.3284246008425,0.00022733451094214608,293869.6868953359,54,4,6.0,6.0,2048.0,2048.0,0.3274548053741455,10.280336152995005,16.716355105978437,838.3056901330128
hc12p.txt,150,all,54,serious,OPTIMAL,OPTIMAL,OPTIMAL,OPTIMAL,True,0.9102242156029564,0.9102242156029564,0.9102242156029564,0.9102242156029564,0.9102242156029564,42.0,97.83279948665962,-0.9102242156029564,-0.9102242156029564,-0.9268582909797587,0.02077704722306173,0.004142971846259447,76.28892449104261,0.00011440499746262823,205708.78082673514,55,0,5.0,5.0,2048.0,2048.0,0.3088259696960449,10.211199470999418,16.928745008975966,855.2344544939988
hc12p.txt,150,all,55,serious,OPTIMAL,OPTIMAL,OPTIMAL,OPTIMAL,True,0.9184533879581824,0.9184533879581824,0.9184533879581824,0.9184533879581824,0.9184533879581824,42.0,97.81320621914719,-0.9184533879581824,-0.9184533879581824,-0.9312983631693541,0.021074147566397694,0.008229172355226022,75.92101158440923,0.0002817228133202698,143996.14657871457,56,0,5.0,5.0,2048.0,2048.0,0.2703988552093506,10.719757029990433,17.544432288996177,872.7789048519917
hc12p.txt,150,all,56,serious,OPTIMAL,OPTIMAL,OPTIMAL,OPTIMAL,True,0.9276320626365072,0.9276320626365072,0.9276320626365072,0.9276320626365072,0.9276320626365072,42.0,97.79135223181785,-0.9276320626365072,-0.9276320626365072,-0.938974487331602,0.020521099373419616,0.009178674678324783,77.09734106958553,0.00030281907411355163,100797.3026051002,57,0,6.0,6.0,2048.0,2048.0,0.4213697910308838,27.607077364984434,34.62843415001407,907.4073538570083
hc12p.txt,150,all,57,null,OPTIMAL,OPTIMAL,OPTIMAL,OPTIMAL,True,0.9276320626365072,0.9262218725298135,0.9262218725298135,0.9262218725298135,0.9276320626365072,42.0,97.79135223181785,-0.9276320626365072,-0.9262218725298135,-0.9498574435856513,0.022225380949144058,-0.0014101901066937428,3548.078916822454,0.00037091763313065827,201594.6052102004,58,6,6.0,6.0,2048.0,2048.0,0.35448408126831055,10.8992541829939,17.99288447300205,925.4002533390012
hc12p.txt,150,all,58,serious,OPTIMAL,OPTIMAL,OPTIMAL,OPTIMAL,True,0.934588390687323,0.934588390687323,0.934588390687323,0.934588390687323,0.934588390687323,42.0,97.77478954598257,-0.934588390687323,-0.934588390687323,-0.944222844415658,0.016590781779150743,0.006956328050815808,76.0,0.0002324985241496857,141116.22364714026,59,0,6.0,6.0,2048.0,2048.0,0.31156206130981445,11.229491979000159,19.452325203979854,944.8525948600145
hc12p.txt,150,all,59,serious,OPTIMAL,OPTIMAL,OPTIMAL,OPTIMAL,True,0.9393572508511804,0.9393572508511804,0.9393572508511804,0.9393572508511804,0.9393572508511804,42.0,97.763435117021,-0.9393572508511804,-0.9393572508511804,-0.9520220258275525,0.017433635140229442,0.004768860163857358,2049.4496822317938,0.0002782495130900236,98781.35655299817,60,2,6.0,6.0,2048.0,2048.0,0.3144199848175049,9.82089273899328,17.27312610199442,962.1257398260059
hc12p.txt,150,all,60,null,OPTIMAL,OPTIMAL,OPTIMAL,OPTIMAL,True,0.9393572508511804,0.9188411296500248,0.9188411296500248,0.9188411296500248,0.9393572508511804,42.0,97.763435117021,-0.9393572508511804,-0.9188411296500248,-0.9631669563804521,0.023809705529271752,-0.020516121201155535,4580.134059173378,0.00033546784436405013,197562.71310599634,61,10,6.0,6.0,2048.0,2048.0,0.30207395553588867,9.863561465987004,17.455577546003042,979.5813341019966
hc12p.txt,150,all,61,null,OPTIMAL,OPTIMAL,OPTIMAL,OPTIMAL,True,0.9393572508511804,0.9404827874062044,0.9404827874062044,0.9404827874062044,0.9404827874062044,42.0,97.76075526808047,-0.9393572508511804,-0.9404827874062044,-0.9576121299263126,0.018254879075132235,0.0011255365550240093,2897.344991539668,0.000168110582249963,395125.4262119927,62,4,6.0,6.0,2048.0,2048.0,0.2941620349884033,11.198773901996901,18.898177917988505,998.479585344001
hc12p.txt,150,all,62,serious,OPTIMAL,OPTIMAL,OPTIMAL,OPTIMAL,True,0.9457068470727349,0.9457068470727349,0.9457068470727349,0.9457068470727349,0.9457068470727349,42.0,97.7483170307792,-0.9457068470727349,-0.9457068470727349,-0.954822495131163,0.015465244279982637,0.00634959622155451,77.01947805587882,8.44939232245284e-05,276587.79834839486,63,0,6.0,6.0,2048.0,2048.0,0.34707212448120117,30.379041104984935,38.30206111399457,1036.781664625014
hc12p.txt,150,all,63,serious,OPTIMAL,OPTIMAL,OPTIMAL,OPTIMAL,True,0.9511384902502491,0.9511384902502491,0.9511384902502491,0.9511384902502491,0.9511384902502491,42.0,97.73538454702322,-0.9511384902502491,-0.9511384902502491,-0.9584643087638169,0.01275746169108205,0.0054316431775142116,75.47184905645283,0.00017604167195601803,193611.4588438764,64,0,6.0,6.0,2048.0,2048.0,0.330718994140625,10.024818489007885,17.77560639701551,1054.5572894350043
hc12p.txt,150,all,64,serious,OPTIMAL,OPTIMAL,OPTIMAL,OPTIMAL,True,0.9572912204459336,0.9572912204459336,0.9572912204459336,0.9572912204459336,0.9572912204459336,42.0,97.72073518941446,-0.9572912204459336,-0.9572912204459336,-0.9641345137848305,0.012996023534581402,0.006152730195684519,1450.1972279659067,0.0002058314047484772,135528.02119071348,65,1,6.0,6.0,2048.0,2048.0,0.3355739116668701,11.828249268000945,19.594999759981874,1074.152304660005
hc12p.txt,150,all,65,null,OPTIMAL,OPTIMAL,OPTIMAL,OPTIMAL,True,0.9572912204459336,0.9544665487795029,0.9544665487795029,0.9544665487795029,0.9572912204459336,42.0,97.72073518941446,-0.9572912204459336,-0.9544665487795029,-0.9722305201885818,0.014939299742648182,-0.0028246716664307447,4096.751884115024,0.00024388620678022393,271056.04238142696,66,8,6.0,6.0,2048.0,2048.0,0.3505971431732178,23.68594328701147,31.89502919698134,1106.047352994996
hc12p.txt,150,all,66,serious,OPTIMAL,OPTIMAL,OPTIMAL,OPTIMAL,True,0.9590278489510298,0.9590278489510298,0.9590278489510298,0.9590278489510298,0.9590278489510298,42.0,97.71660035964041,-0.9590278489510298,-0.9590278489510298,-0.9682022405297354,0.010911020083801737,0.0017366285050961494,3239.1072844226696,0.00012226370520826568,189739.22966699887,67,5,6.0,6.0,2048.0,2048.0,0.2535221576690674,10.09361959801754,18.406475757976295,1124.4538505380042
hc12p.txt,150,all,67,null,OPTIMAL,OPTIMAL,OPTIMAL,OPTIMAL,True,0.9590278489510298,0.9568253609914449,0.9568253609914449,0.9568253609914449,0.9590278489510298,42.0,97.71660035964041,-0.9590278489510298,-0.9568253609914449,-0.9739467929096062,0.014918943958576403,-0.0022024879595848867,3832.2682578337335,0.000174009450432409,379478.45933399774,68,7,6.0,6.0,2048.0,2048.0,0.31569910049438477,9.672621778998291,17.885839182999916,1142.3397047909966
hc12p.txt,150,all,68,serious,OPTIMAL,OPTIMAL,OPTIMAL,OPTIMAL,True,0.9622192191524868,0.9622192191524868,0.9622192191524868,0.9622192191524868,0.9622192191524868,42.0,97.70900185916075,-0.9622192191524868,-0.9622192191524868,-0.9710718649664103,0.012044016015380521,0.003191370201456989,2509.5067244380916,8.704901661775012e-05,265634.9215337984,69,3,6.0,6.0,2048.0,2048.0,0.2539830207824707,26.325958442001138,34.4864773650188,1176.8261958170042
hc12p.txt,150,all,69,serious,OPTIMAL,OPTIMAL,OPTIMAL,OPTIMAL,True,0.9649862084691985,0.9649862084691985,0.9649862084691985,0.9649862084691985,0.9649862084691985,42.0,97.70241378935904,-0.9649862084691985,-0.9649862084691985,-0.9751675116527365,0.012948292500249758,0.00276698931671171,2509.5107092817916,0.00012429117156796153,185944.44507365886,70,3,6.0,6.0,2048.0,2048.0,0.46488285064697266,5.9162872819870245,14.320998882991262,1191.1472105559951
hc12p.txt,150,all,70,null,OPTIMAL,OPTIMAL,OPTIMAL,OPTIMAL,True,0.9649862084691985,0.9103491501766464,0.9103491501766464,0.9103491501766464,0.9649862084691985,42.0,97.70241378935904,-0.9649862084691985,-0.9103491501766464,-0.9809928790570853,0.01600667058788685,-0.054637058292552054,7241.2051483161285,0.00017694447626101335,371888.8901473177,71,25,6.0,6.0,2048.0,2048.0,0.3609001636505127,7.758703906001756,16.11083583298023,1207.2580633930047
hc12p.txt,150,all,71,null,OPTIMAL,OPTIMAL,OPTIMAL,OPTIMAL,True,0.9649862084691985,0.9598933676246153,0.9598933676246153,0.9598933676246153,0.9649862084691985,42.0,97.70241378935904,-0.9649862084691985,-0.9598933676246153,-0.9780835994295459,0.013097390960347455,-0.0050928408445831685,4580.151089210923,8.860893871108674e-05,743777.7802946354,72,10,6.0,6.0,2048.0,2048.0,0.3110380172729492,5.359837046009488,14.031294893007725,1221.2894347470137
hc12p.txt,150,all,72,serious,OPTIMAL,OPTIMAL,OPTIMAL,OPTIMAL,True,0.967737375021791,0.967737375021791,0.967737375021791,0.967737375021791,0.967737375021791,42.0,97.69586339280526,-0.967737375021791,-0.967737375021791,-0.9766235997956647,0.01163739132646624,0.0027511665525925544,2049.5179921142435,4.44728283793865e-05,520644.44620624476,73,2,6.0,6.0,2048.0,2048.0,0.3841819763183594,5.347318174986867,14.730149472976336,1236.0195973539958
hc12p.txt,150,all,73,null,OPTIMAL,OPTIMAL,OPTIMAL,OPTIMAL,True,0.967737375021791,0.9641313884240885,0.9641313884240885,0.9641313884240885,0.967737375021791,42.0,97.69586339280526,-0.967737375021791,-0.9641313884240885,-0.9786956255801897,0.010958250558398719,-0.003605986597702504,4803.637371825646,6.322725967306366e-05,1000000.0,74,11,6.0,6.0,2048.0,2048.0,0.30944299697875977,5.2422022690007,14.270938683999702,1250.290554776002
hc12p.txt,150,all,74,serious,OPTIMAL,OPTIMAL,OPTIMAL,OPTIMAL,True,0.969452969126155,0.969452969126155,0.969452969126155,0.969452969126155,0.969452969126155,42.0,97.69177864493774,-0.969452969126155,-0.969452969126155,-0.9777002814314573,0.009962906409666239,0.0017155941043639489,2509.5218668104885,3.315958486819897e-05,700000.0,75,3,6.0,6.0,2048.0,2048.0,0.3282501697540283,9.704222261992982,19.076206286001252,1269.3667808889877
hc12p.txt,150,all,75,null,OPTIMAL,OPTIMAL,OPTIMAL,OPTIMAL,True,0.969452969126155,0.9664868504628481,0.9664868504628481,0.9664868504628481,0.969452969126155,42.0,97.69177864493774,-0.969452969126155,-0.9664868504628481,-0.9792350095869966,0.009782040460841634,-0.0029661186633068715,5221.996170048385,4.698006334947537e-05,1000000.0,76,13,6.0,6.0,2048.0,2048.0,0.37160706520080566,5.290463365992764,14.609203823987627,1283.9760032639897
hc12p.txt,150,all,76,serious,OPTIMAL,OPTIMAL,OPTIMAL,OPTIMAL,True,0.9707417833293761,0.9707417833293761,0.9707417833293761,0.9707417833293761,0.9707417833293761,42.0,97.68871003969195,-0.9707417833293761,-0.9707417833293761,-0.9787698800681554,0.009316910942000378,0.0012888142032211336,79.09487973314076,3.2928519967709155e-05,700000.0,77,0,6.0,6.0,2048.0,2048.0,0.3796119689941406,5.667634698009351,14.806052945001284,1298.7820757490117
hc12p.txt,150,all,77,serious,OPTIMAL,OPTIMAL,OPTIMAL,OPTIMAL,True,0.9746380145755185,0.9746380145755185,0.9746380145755185,0.9746380145755185,0.9746380145755185,42.0,97.67943329862972,-0.9746380145755185,-0.9746380145755185,-0.9795028897191486,0.008761106389772455,0.0038962312461423565,74.93997598078077,0.000110790159090168,489999.99999999994,78,0,5.0,5.0,2048.0,2048.0,0.3470590114593506,29.36623056299868,38.603398241015384,1337.3854906700144
hc12p.txt,150,all,78,serious,OPTIMAL,OPTIMAL,OPTIMAL,OPTIMAL,True,0.9774866655787123,0.9774866655787123,0.9774866655787123,0.9774866655787123,0.9774866655787123,42.0,97.67265079624117,-0.9774866655787123,-0.9774866655787123,-0.9819865381603817,0.007348523584863265,0.0028486510031938694,1450.1696452484448,0.00010377314813101098,342999.99999999994,79,1,6.0,6.0,2048.0,2048.0,0.40419793128967285,27.07268576399656,36.67371673497837,1374.059225570003
hc12p.txt,150,all,79,null,OPTIMAL,OPTIMAL,OPTIMAL,OPTIMAL,True,0.9774866655787123,0.9561783186042692,0.9561783186042692,0.9561783186042692,0.9774866655787123,42.0,97.67265079624117,-0.9774866655787123,-0.9561783186042692,-0.9853285580795079,0.007841892500795589,-0.02130834697444317,7094.899858348954,9.733453405412509e-05,685999.9999999999,80,24,6.0,6.0,2048.0,2048.0,0.3192939758300781,14.38367065199418,24.022452639008407,1398.0817135710095
hc12p.txt,150,all,80,null,OPTIMAL,OPTIMAL,OPTIMAL,OPTIMAL,True,0.9774866655787123,0.972123126610915,0.972123126610915,0.972123126610915,0.9774866655787123,42.0,97.67265079624117,-0.9774866655787123,-0.972123126610915,-0.9837218871203725,0.006235221541660119,-0.005363538967797288,5017.1390253808995,4.97174756128148e-05,1000000.0,81,12,6.0,6.0,2048.0,2048.0,0.3213210105895996,27.872482039005263,37.34266959899105,1435.424402656994
hc12p.txt,150,all,81,serious,OPTIMAL,OPTIMAL,OPTIMAL,OPTIMAL,True,0.9786758221623543,0.9786758221623543,0.9786758221623543,0.9786758221623543,0.9786758221623543,42.0,97.66981947104202,-0.9786758221623543,-0.9786758221623543,-0.983197431416917,0.005710765838204623,0.001189156583641937,1450.1737826895092,3.4470525815259355e-05,700000.0,82,1,6.0,6.0,2048.0,2048.0,0.2664511203765869,5.2562114449974615,15.346039701980771,1450.7705685200053
hc12p.txt,150,all,82,null,OPTIMAL,OPTIMAL,OPTIMAL,OPTIMAL,True,0.9786758221623543,0.9769358240500122,0.9769358240500122,0.9769358240500122,0.9786758221623543,42.0,97.66981947104202,-0.9786758221623543,-0.9769358240500122,-0.9847877609500814,0.006111938787727089,-0.001739998112342045,5419.044196165963,4.755523574139753e-05,1000000.0,83,14,6.0,6.0,2048.0,2048.0,0.4068450927734375,10.470368361013243,20.594412357982947,1471.364995267999
hc12p.txt,150,all,83,null,OPTIMAL,OPTIMAL,OPTIMAL,OPTIMAL,True,0.9786758221623543,0.9789312943538637,0.9789312943538637,0.9789312943538637,0.9789312943538637,42.0,97.66921120391937,-0.9786758221623543,-0.9789312943538637,-0.9843173499457512,0.0056415277833968824,0.00025547219150945377,3239.0788814105777,3.352443701290572e-05,1000000.0,84,5,6.0,6.0,2048.0,2048.0,0.37812113761901855,11.444306682999013,21.496269082010258,1492.861281808
hc12p.txt,150,all,84,serious,OPTIMAL,OPTIMAL,OPTIMAL,OPTIMAL,True,0.9792664515711443,0.9792664515711443,0.9792664515711443,0.9792664515711443,0.9792664515711443,42.0,97.66841321054491,-0.9792664515711443,-0.9792664515711443,-0.9843152266811805,0.005639404518826274,0.0005906294087900665,2509.458108835451,3.3514437429453016e-05,700000.0,85,3,6.0,6.0,2048.0,2048.0,0.4067549705505371,10.88977201198577,21.044272453989834,1513.9055720590113
hc12p.txt,150,all,85,null,OPTIMAL,OPTIMAL,OPTIMAL,OPTIMAL,True,0.9792664515711443,0.9684274213313495,0.9684274213313495,0.9684274213313495,0.9792664515711443,42.0,97.66841321054491,-0.9792664515711443,-0.9684274213313495,-0.9858681061678578,0.006601654596713469,-0.010839030239794822,6636.72479465587,4.708642683703036e-05,1000000.0,86,21,6.0,6.0,2048.0,2048.0,0.43608903884887695,28.56878610799322,39.205189569009235,1553.110777341004
hc12p.txt,150,all,86,null,OPTIMAL,OPTIMAL,OPTIMAL,OPTIMAL,True,0.9792664515711443,0.9777987732677516,0.9777987732677516,0.9777987732677516,0.9792664515711443,42.0,97.66841321054491,-0.9792664515711443,-0.9777987732677516,-0.9853997929948152,0.006133341423670835,-0.0014676783033927832,5221.961317359599,3.293937502298482e-05,1000000.0,87,13,6.0,6.0,2048.0,2048.0,0.3410451412200928,24.242777170002228,35.07819247699808,1588.188986802008
hc12p.txt,150,all,87,null,OPTIMAL,OPTIMAL,OPTIMAL,OPTIMAL,True,0.9792664515711443,0.9798659758517446,0.9798659758517446,0.9798659758517446,0.9798659758517446,42.0,97.66698577178155,-0.9792664515711443,-0.9798659758517446,-0.9853984318874722,0.00613198031632789,0.0005995242806002832,3239.0819687065655,3.2954139684253845e-05,1000000.0,88,5,6.0,6.0,2048.0,2048.0,0.32677698135375977,5.474737598997308,15.681713969010161,1603.8707180930069
hc12p.txt,150,all,88,serious,OPTIMAL,OPTIMAL,OPTIMAL,OPTIMAL,True,0.9805130446803209,0.9805130446803209,0.9805130446803209,0.9805130446803209,0.9805130446803209,42.0,97.66544513171353,-0.9805130446803209,-0.9805130446803209,-0.9853975100545606,0.0061310584834162185,0.0012465931091765192,2897.335327503532,3.2983952726740584e-05,700000.0,89,4,6.0,6.0,2048.0,2048.0,0.324660062789917,25.95562100299867,36.48181103501702,1640.3525434710027
hc12p.txt,150,all,89,null,OPTIMAL,OPTIMAL,OPTIMAL,OPTIMAL,True,0.9805130446803209,0.9715834516775931,0.9715834516775931,0.9715834516775931,0.9805130446803209,42.0,97.66544513171353,-0.9805130446803209,-0.9715834516775931,-0.9869294234440119,0.006416378763691055,-0.008929593002727776,7241.183328710854,4.6796378235201355e-05,1000000.0,90,25,6.0,6.0,2048.0,2048.0,0.4275810718536377,26.31019229500089,37.30476031600847,1677.6573181360145
hc12p.txt,150,all,90,null,OPTIMAL,OPTIMAL,OPTIMAL,OPTIMAL,True,0.9805130446803209,0.9785171321203257,0.9785171321203257,0.9785171321203257,0.9805130446803209,42.0,97.66544513171353,-0.9805130446803209,-0.9785171321203257,-0.9864662945770275,0.005953249896706647,-0.0019959125599952054,5221.962849350807,3.272014383461339e-05,1000000.0,91,13,6.0,6.0,2048.0,2048.0,0.3829679489135742,25.5138149879931,36.74964057400939,1714.4069750260096
hc12p.txt,150,all,91,null,OPTIMAL,OPTIMAL,OPTIMAL,OPTIMAL,True,0.9805130446803209,0.9803228394359932,0.9803228394359932,0.9803228394359932,0.9805130446803209,42.0,97.66544513171353,-0.9805130446803209,-0.9803228394359932,-0.9864652665396896,0.005952221859368723,-0.00019020524432766805,3832.233291437253,3.2749303305390434e-05,1000000.0,92,7,6.0,6.0,2048.0,2048.0,0.4129359722137451,9.764500468998449,20.587211589008803,1734.994264812005
hc12p.txt,150,all,92,serious,OPTIMAL,OPTIMAL,OPTIMAL,OPTIMAL,True,0.9815274726038931,0.9815274726038931,0.9815274726038931,0.9815274726038931,0.9815274726038931,42.0,97.66302982713358,-0.9815274726038931,-0.9815274726038931,-0.9864632575544106,0.0059502128740897,0.0010144279235722031,2509.450138974672,3.2751569452073466e-05,700000.0,93,3,6.0,6.0,2048.0,2048.0,0.37930989265441895,10.871625870000571,22.236413888982497,1757.2307123350038
hc12p.txt,150,all,93,null,OPTIMAL,OPTIMAL,OPTIMAL,OPTIMAL,True,0.9815274726038931,0.9660965352206798,0.9660965352206798,0.9660965352206798,0.9815274726038931,42.0,97.66302982713358,-0.9815274726038931,-0.9660965352206798,-0.9879846560720992,0.006457183468206118,-0.015430937383213217,7384.571483843866,4.6656951779658297e-05,1000000.0,94,26,6.0,6.0,2048.0,2048.0,0.33274292945861816,28.139465566986473,39.3976896610111,1796.6284202850075
hc12p.txt,150,all,94,null,OPTIMAL,OPTIMAL,OPTIMAL,OPTIMAL,True,0.9815274726038931,0.9806027043951752,0.9806027043951752,0.9806027043951752,0.9815274726038931,42.0,97.66302982713358,-0.9815274726038931,-0.9806027043951752,-0.9875227130675247,0.005995240463631646,-0.0009247682087178966,4803.601565492292,3.258315126550694e-05,1000000.0,95,11,6.0,6.0,2048.0,2048.0,0.4269750118255615,25.93135774001712,37.888312669994775,1834.516757690988
hc12p.txt,150,all,95,null,OPTIMAL,OPTIMAL,OPTIMAL,OPTIMAL,True,0.9815274726038931,0.9814358451123798,0.9814358451123798,0.9814358451123798,0.9815274726038931,42.0,97.66302982713358,-0.9815274726038931,-0.9814358451123798,-0.9875210761747124,0.00599360357081935,-9.162749151325755e-05,4803.5978183024445,3.259387035763951e-05,1000000.0,96,11,6.0,6.0,2048.0,2048.0,0.6861908435821533,11.658813588001067,23.138814847014146,1857.6555923309934
hc12p.txt,150,all,96,serious,OPTIMAL,OPTIMAL,OPTIMAL,OPTIMAL,True,0.9825952046757944,0.9825952046757944,0.9825952046757944,0.9825952046757944,0.9825952046757944,42.0,97.66048760791476,-0.9825952046757944,-0.9825952046757944,-0.9875208004052046,0.005993327801311565,0.0010677320719013617,2897.327044018331,3.26155435710632e-05,700000.0,97,4,6.0,6.0,2048.0,2048.0,0.45572519302368164,9.875330121984007,21.919241136987694,1879.5748502709903
hc12p.txt,150,all,97,null,OPTIMAL,OPTIMAL,OPTIMAL,OPTIMAL,True,0.9825952046757944,0.9693321520309606,0.9693321520309606,0.9693321520309606,0.9825952046757944,42.0,97.66048760791476,-0.9825952046757944,-0.9693321520309606,-0.9890257094557396,0.006430504779945223,-0.01326305264483385,8063.352156516544,4.640421598756754e-05,1000000.0,98,31,6.0,6.0,2048.0,2048.0,0.4048631191253662,9.723020606994396,21.584387329989113,1901.1592535370146
hc12p.txt,150,all,98,null,OPTIMAL,OPTIMAL,OPTIMAL,OPTIMAL,True,0.9825952046757944,0.980301144090732,0.980301144090732,0.980301144090732,0.9825952046757944,42.0,97.66048760791476,-0.9825952046757944,-0.980301144090732,-0.9885698606580958,0.005974655982301402,-0.0022940605850624296,5017.146200779882,3.24175036579583e-05,1000000.0,99,12,6.0,6.0,2048.0,2048.0,0.3845639228820801,8.9990845870052,20.57931482300046,1921.7385862059891
hc12p.txt,150,all,99,null,OPTIMAL,OPTIMAL,OPTIMAL,OPTIMAL,True,0.9825952046757944,0.9824191328692983,0.9824191328692983,0.9824191328692983,0.9825952046757944,42.0,97.66048760791476,-0.9825952046757944,-0.9824191328692983,-0.9885691012066531,0.005973896530858669,-0.0001760718064961475,4803.603230909064,3.247015688397284e-05,1000000.0,100,11,6.0,6.0,2048.0,2048.0,0.4147300720214844,9.971103763993597,22.02881446000538,1943.7674149340019
hc12p.txt,150,all,100,serious,OPTIMAL,OPTIMAL,OPTIMAL,OPTIMAL,True,0.9837489396602758,0.9837489396602758,0.9837489396602758,0.9837489396602758,0.9837489396602758,42.0,97.6577406198565,-0.9837489396602758,-0.9837489396602758,-0.988566805939697,0.005971601263902615,0.0011537349844813471,2509.454920894177,3.243399534149871e-05,700000.0,101,3,6.0,6.0,2048.0,2048.0,0.4283750057220459,7.2069792749825865,19.29739376201178,1963.0648284390045
hc12p.txt,150,all,101,null,OPTIMAL,OPTIMAL,OPTIMAL,OPTIMAL,True,0.9837489396602758,0.9699206505678447,0.9699206505678447,0.9699206505678447,0.9837489396602758,42.0,97.6577406198565,-0.9837489396602758,-0.9699206505678447,-0.9900603388656266,0.006311399205350843,-0.013828289092431056,7798.934286170131,4.624251306638368e-05,1000000.0,102,29,6.0,6.0,2048.0,2048.0,0.5991899967193604,5.489468577987282,17.44547291100025,1980.5103914749925
hc12p.txt,150,all,102,null,OPTIMAL,OPTIMAL,OPTIMAL,OPTIMAL,True,0.9837489396602758,0.9814638445561622,0.9814638445561622,0.9814638445561622,0.9837489396602758,42.0,97.6577406198565,-0.9837489396602758,-0.9814638445561622,-0.9896066279770195,0.005857688316743714,-0.002285095104113566,5419.04604150952,3.2301131119916995e-05,1000000.0,103,14,6.0,6.0,2048.0,2048.0,0.41959500312805176,5.444938189000823,17.752845993993105,1998.2632579079946
hc12p.txt,150,all,103,serious,OPTIMAL,OPTIMAL,OPTIMAL,OPTIMAL,True,0.9845098610196087,0.9845098610196087,0.9845098610196087,0.9845098610196087,0.9845098610196087,42.0,97.65592890233425,-0.9845098610196087,-0.9845098610196087,-0.9896051498758471,0.005856210215571367,0.0007609213593329223,3832.2306819918867,3.2313389276296284e-05,700000.0,104,7,6.0,6.0,2048.0,2048.0,0.42691898345947266,17.519702456978848,29.849614026024938,2028.1128894200083
hc12p.txt,150,all,104,null,OPTIMAL,OPTIMAL,OPTIMAL,OPTIMAL,True,0.9845098610196087,0.9715886370441291,0.9715886370441291,0.9715886370441291,0.9845098610196087,42.0,97.65592890233425,-0.9845098610196087,-0.9715886370441291,-0.9910834957345945,0.006573634714985843,-0.012921223975479568,8444.472985331886,4.596627372574391e-05,1000000.0,105,34,6.0,6.0,2048.0,2048.0,0.40549397468566895,11.299816426006146,23.55982269300148,2051.672727666999
hc12p.txt,150,all,105,null,OPTIMAL,OPTIMAL,OPTIMAL,OPTIMAL,True,0.9845098610196087,0.9828279936296551,0.9828279936296551,0.9828279936296551,0.9845098610196087,42.0,97.65592890233425,-0.9845098610196087,-0.9828279936296551,-0.990637482003702,0.006127620984093363,-0.001681867389953573,5609.211352766091,3.212947711866963e-05,1000000.0,106,15,6.0,6.0,2048.0,2048.0,0.451200008392334,5.161251679994166,17.63308208901435,2069.3058259229874
hc12p.txt,150,all,106,null,OPTIMAL,OPTIMAL,OPTIMAL,OPTIMAL,True,0.9845098610196087,0.9838143021555177,0.9838143021555177,0.9838143021555177,0.9845098610196087,42.0,97.65592890233425,-0.9845098610196087,-0.9838143021555177,-0.9906366779995933,0.006126816979984628,-0.000695558864091006,5971.395146864759,3.215767869391105e-05,1000000.0,107,17,6.0,6.0,2048.0,2048.0,0.4733550548553467,5.374391857010778,18.061124743981054,2087.366967084992
hc12p.txt,150,all,107,serious,OPTIMAL,OPTIMAL,OPTIMAL,OPTIMAL,True,0.9855580906744649,0.9855580906744649,0.9855580906744649,0.9855580906744649,0.9855580906744649,42.0,97.65343311744175,-0.9855580906744649,-0.9855580906744649,-0.990635018757534,0.006125157737925324,0.001048229654856181,3548.0806078780115,3.2139406111490335e-05,700000.0,108,6,6.0,6.0,2048.0,2048.0,0.38371706008911133,5.2024782829976175,18.708408676000545,2106.075395663007
hc12p.txt,150,all,108,null,OPTIMAL,OPTIMAL,OPTIMAL,OPTIMAL,True,0.9855580906744649,0.9676106281424228,0.9676106281424228,0.9676106281424228,0.9855580906744649,42.0,97.65343311744175,-0.9855580906744649,-0.9676106281424228,-0.9920966859558793,0.006538595281414428,-0.017947462532042047,9044.053515984964,4.5729229404202234e-05,1000000.0,109,39,6.0,6.0,2048.0,2048.0,0.46228504180908203,5.115161414985778,18.211682987981476,2124.287097397988
hc12p.txt,150,all,109,null,OPTIMAL,OPTIMAL,OPTIMAL,OPTIMAL,True,0.9855580906744649,0.9832995293994365,0.9832995293994365,0.9832995293994365,0.9855580906744649,42.0,97.65343311744175,-0.9855580906744649,-0.9832995293994365,-0.991653362779376,0.00609527210491112,-0.0022585612750283257,5971.394477004513,3.1914667141632865e-05,1000000.0,110,17,6.0,6.0,2048.0,2048.0,0.4606640338897705,6.673201002005953,19.8562989619968,2144.1434142719954
hc12p.txt,150,all,110,null,OPTIMAL,OPTIMAL,OPTIMAL,OPTIMAL,True,0.9855580906744649,0.9858056570375091,0.9858056570375091,0.9858056570375091,0.9858056570375091,42.0,97.65284367372021,-0.9855580906744649,-0.9858056570375091,-0.9916516236496468,0.006093532975181892,0.0002475663630442382,6144.487610859021,3.19210524748423e-05,1000000.0,111,18,6.0,6.0,2048.0,2048.0,0.4018428325653076,9.59499054600019,22.854097030998673,2166.9975305270054
hc12p.txt,150,all,111,serious,OPTIMAL,OPTIMAL,OPTIMAL,OPTIMAL,True,0.9868616506792676,0.9868616506792676,0.9868616506792676,0.9868616506792676,0.9868616506792676,42.0,97.65032940314461,-0.9868616506792676,-0.9868616506792676,-0.991650643731604,0.006092553057139183,0.0013035600048026952,3832.233291437253,3.19091893185958e-05,700000.0,112,7,6.0,6.0,2048.0,2048.0,0.3488941192626953,10.010535200999584,23.620368575997418,2190.617992756015
hc12p.txt,150,all,112,null,OPTIMAL,OPTIMAL,OPTIMAL,OPTIMAL,True,0.9868616506792676,0.9631918021689239,0.9631918021689239,0.9631918021689239,0.9868616506792676,42.0,97.65032940314461,-0.9868616506792676,-0.9631918021689239,-0.9930952141335059,0.006233563454238311,-0.023669848510343705,11494.631094558885,4.5451961367761605e-05,1000000.0,113,63,6.0,6.0,2048.0,2048.0,0.42940402030944824,6.796487240004353,19.99300920800306,2210.611020529992
hc12p.txt,150,all,113,null,OPTIMAL,OPTIMAL,OPTIMAL,OPTIMAL,True,0.9868616506792676,0.9826538767638571,0.9826538767638571,0.9826538767638571,0.9868616506792676,42.0,97.65032940314461,-0.9868616506792676,-0.9826538767638571,-0.9926572119878597,0.0057955613085921565,-0.004207773915410495,7798.932234607504,3.170904941173643e-05,1000000.0,114,29,6.0,6.0,2048.0,2048.0,0.44851183891296387,9.930183615011629,23.619876404991373,2234.230915808992
hc12p.txt,150,all,114,null,OPTIMAL,OPTIMAL,OPTIMAL,OPTIMAL,True,0.9868616506792676,0.9853732118333054,0.9853732118333054,0.9853732118333054,0.9868616506792676,42.0,97.65032940314461,-0.9868616506792676,-0.9853732118333054,-0.992656344090378,0.005794693411110385,-0.00148843884596217,7241.184709700478,3.173408878899259e-05,1000000.0,115,25,6.0,6.0,2048.0,2048.0,0.4833090305328369,9.430108261003625,23.194903497991618,2257.4258361870016
hc12p.txt,150,all,115,serious,OPTIMAL,OPTIMAL,OPTIMAL,OPTIMAL,True,0.9875608239840253,0.9875608239840253,0.9875608239840253,0.9875608239840253,0.9875608239840253,42.0,97.64866470479994,-0.9875608239840253,-0.9875608239840253,-0.9926551087880203,0.005793458108752758,0.000699173304757772,4580.113099040241,3.172015415608582e-05,700000.0,116,10,6.0,6.0,2048.0,2048.0,0.4198441505432129,25.104544564004755,39.512918320979225,2296.938770656998
hc12p.txt,150,all,116,null,OPTIMAL,OPTIMAL,OPTIMAL,OPTIMAL,True,0.9875608239840253,0.9548571677161304,0.9548571677161304,0.9548571677161304,0.9875608239840253,42.0,97.64866470479994,-0.9875608239840253,-0.9548571677161304,-0.994078858323006,0.006518034338980683,-0.032703656267894954,13738.618271136294,4.510180519232306e-05,1000000.0,117,90,6.0,6.0,2048.0,2048.0,0.4989471435546875,9.879766643978655,23.66274250598508,2320.6015288569906
hc12p.txt,150,all,117,null,OPTIMAL,OPTIMAL,OPTIMAL,OPTIMAL,True,0.9875608239840253,0.9815377314659085,0.9815377314659085,0.9815377314659085,0.9875608239840253,42.0,97.64866470479994,-0.9875608239840253,-0.9815377314659085,-0.9936460864003607,0.006085262416335335,-0.006023092518116835,9714.825577435757,3.142488587400025e-05,1000000.0,118,45,6.0,6.0,2048.0,2048.0,0.6301989555358887,7.122045785014052,20.966607284004567,2341.5681518870115
hc12p.txt,150,all,118,null,OPTIMAL,OPTIMAL,OPTIMAL,OPTIMAL,True,0.9875608239840253,0.9838016894242854,0.9838016894242854,0.9838016894242854,0.9875608239840253,42.0,97.64866470479994,-0.9875608239840253,-0.9838016894242854,-0.9936446828064237,0.006083858822398369,-0.003759134559739974,8927.359744067671,3.1439753758152806e-05,1000000.0,119,38,6.0,6.0,2048.0,2048.0,0.5313379764556885,10.977771978999954,26.073064850992523,2367.6412477490085
hc12p.txt,150,all,119,null,OPTIMAL,OPTIMAL,OPTIMAL,OPTIMAL,True,0.9875608239840253,0.9871957965214808,0.9871957965214808,0.9871957965214808,0.9875608239840253,42.0,97.64866470479994,-0.9875608239840253,-0.9871957965214808,-0.9936424975892117,0.006081673605186411,-0.00036502746254452045,7798.935311951241,3.139984080087936e-05,1000000.0,120,29,6.0,6.0,2048.0,2048.0,0.37273097038269043,12.06372013897635,25.967440586013254,2393.608706886007
hc12p.txt,150,all,120,serious,OPTIMAL,OPTIMAL,OPTIMAL,OPTIMAL,True,0.9885896126252676,0.9885896126252676,0.9885896126252676,0.9885896126252676,0.9885896126252676,42.0,97.64621520803509,-0.9885896126252676,-0.9885896126252676,-0.9936411466408963,0.006080322656870973,0.0010287886412422287,5221.969743305681,3.138671181431259e-05,700000.0,121,13,6.0,6.0,2048.0,2048.0,0.43485593795776367,9.608999317977577,24.137565273005748,2417.7462904500135
hc12p.txt,150,all,121,null,OPTIMAL,OPTIMAL,OPTIMAL,OPTIMAL,True,0.9885896126252676,0.9448598815225667,0.9448598815225667,0.9448598815225667,0.9885896126252676,42.0,97.64621520803509,-0.9885896126252676,-0.9448598815225667,-0.9950374401829976,0.00644782755772999,-0.04372973110270084,15462.253781386464,4.463675207482106e-05,1000000.0,122,114,6.0,6.0,2048.0,2048.0,0.4847300052642822,8.65543363802135,24.331919496005867,2442.0782899869955
hc12p.txt,150,all,122,null,OPTIMAL,OPTIMAL,OPTIMAL,OPTIMAL,True,0.9885896126252676,0.9806293969680259,0.9806293969680259,0.9806293969680259,0.9885896126252676,42.0,97.64621520803509,-0.9885896126252676,-0.9806293969680259,-0.9946112803860672,0.006021667760799598,-0.007960215657241698,11217.62292110053,3.104773315122279e-05,1000000.0,123,60,6.0,6.0,2048.0,2048.0,0.491408109664917,9.370156477991259,23.948582807002822,2466.026892202004
hc12p.txt,150,all,123,null,OPTIMAL,OPTIMAL,OPTIMAL,OPTIMAL,True,0.9885896126252676,0.9830060030840367,0.9830060030840367,0.9830060030840367,0.9885896126252676,42.0,97.64621520803509,-0.9885896126252676,-0.9830060030840367,-0.9946107441797172,0.00602113155444961,-0.005583609541230827,11403.041524084703,3.108309447995425e-05,1000000.0,124,62,6.0,6.0,2048.0,2048.0,0.6123909950256348,15.953442986006849,31.05966835800791,2497.086579007999
hc12p.txt,150,all,124,null,OPTIMAL,OPTIMAL,OPTIMAL,OPTIMAL,True,0.9885896126252676,0.9875200953547139,0.9875200953547139,0.9875200953547139,0.9885896126252676,42.0,97.64621520803509,-0.9885896126252676,-0.9875200953547139,-0.9946080460209009,0.006018433395633349,-0.0010695172705537104,9273.03510184233,3.1037493154314654e-05,1000000.0,125,41,6.0,6.0,2048.0,2048.0,0.4906790256500244,9.923623145004967,25.226168777007842,2522.312762059999
hc12p.txt,150,all,125,serious,OPTIMAL,OPTIMAL,OPTIMAL,OPTIMAL,True,0.9893759990046089,0.9893759990046089,0.9893759990046089,0.9893759990046089,0.9893759990046089,42.0,97.64434285951285,-0.9893759990046089,-0.9893759990046089,-0.9946073379133603,0.006017725288092746,0.0007863863793413639,7094.8992945636655,3.1017449482042005e-05,700000.0,126,24,6.0,6.0,2048.0,2048.0,0.46948909759521484,20.318367371015484,35.23808324499987,2557.5508614729915
hc12p.txt,150,all,126,null,OPTIMAL,OPTIMAL,OPTIMAL,OPTIMAL,True,0.9893759990046089,0.923199121577106,0.923199121577106,0.923199121577106,0.9893759990046089,42.0,97.64434285951285,-0.9893759990046089,-0.923199121577106,-0.9959655136621826,0.006589514657573625,-0.06617687742750289,19908.984203117947,4.4012435096495757e-05,1000000.0,127,189,6.0,6.0,2048.0,2048.0,0.5624220371246338,16.125243488990236,30.838251442008186,2588.3891312959895
hc12p.txt,150,all,127,null,OPTIMAL,OPTIMAL,OPTIMAL,OPTIMAL,True,0.9893759990046089,0.9789753899804502,0.9789753899804502,0.9789753899804502,0.9893759990046089,42.0,97.64434285951285,-0.9893759990046089,-0.9789753899804502,-0.9955447986054223,0.006168799600813402,-0.010400609024158736,13272.781170500777,3.0436386346757396e-05,1000000.0,128,84,6.0,6.0,2048.0,2048.0,0.5656540393829346,8.92019509599777,24.157712944986997,2612.5468629249954
hc12p.txt,150,all,128,null,OPTIMAL,OPTIMAL,OPTIMAL,OPTIMAL,True,0.9893759990046089,0.9806614073864938,0.9806614073864938,0.9806614073864938,0.9893759990046089,42.0,97.64434285951285,-0.9893759990046089,-0.9806614073864938,-0.9955469366159756,0.006170937611366667,-0.008714591618115164,13662.081393404154,3.054600481499153e-05,1000000.0,129,89,6.0,6.0,2048.0,2048.0,0.5441899299621582,17.169200975011336,32.2727973650035,2644.819679317996
hc12p.txt,150,all,129,null,OPTIMAL,OPTIMAL,OPTIMAL,OPTIMAL,True,0.9893759990046089,0.9857285855055943,0.9857285855055943,0.9857285855055943,0.9893759990046089,42.0,97.64434285951285,-0.9893759990046089,-0.9857285855055943,-0.9955447573521369,0.006168758347527947,-0.003647413499014651,11217.62238622784,3.051976557036085e-05,1000000.0,130,60,6.0,6.0,2048.0,2048.0,0.4912559986114502,9.39216787397163,24.722682477993658,2669.542382057989
hc12p.txt,150,all,130,null,OPTIMAL,OPTIMAL,OPTIMAL,OPTIMAL,True,0.9893759990046089,0.9884496994551932,0.9884496994551932,0.9884496994551932,0.9893759990046089,42.0,97.64434285951285,-0.9893759990046089,-0.9884496994551932,-0.9955434057503939,0.006167406745784976,-0.0009262995494156989,10240.290034955065,3.048984104377568e-05,1000000.0,131,50,6.0,6.0,2048.0,2048.0,0.5691680908203125,10.561208169994643,26.474387455004035,2696.0167882190144
hc12p.txt,150,all,131,null,OPTIMAL,OPTIMAL,OPTIMAL,OPTIMAL,True,0.9893759990046089,0.989566704501101,0.989566704501101,0.989566704501101,0.989566704501101,42.0,97.6438887988069,-0.9893759990046089,-0.989566704501101,-0.9955435518247658,0.006167552820156907,0.0001907054964920274,8927.357503763362,3.05078438053191e-05,1000000.0,132,38,6.0,6.0,2048.0,2048.0,0.5876801013946533,9.517940201010788,25.259302655002102,2721.2761705660087
hc12p.txt,150,all,132,null,OPTIMAL,OPTIMAL,OPTIMAL,OPTIMAL,True,0.9893759990046089,0.9892185324930554,0.9892185324930554,0.9892185324930554,0.989566704501101,42.0,97.6438887988069,-0.9893759990046089,-0.9892185324930554,-0.9955426992978429,0.006166700293233962,-0.00015746651155357227,10033.405802617573,3.05087876286199e-05,1000000.0,133,48,6.0,6.0,2048.0,2048.0,0.5556111335754395,16.879231855011312,32.756660719023785,2754.0328501210024
hc12p.txt,150,all,133,null,OPTIMAL,OPTIMAL,OPTIMAL,OPTIMAL,True,0.9893759990046089,0.989293222565901,0.989293222565901,0.989293222565901,0.989566704501101,42.0,97.6438887988069,-0.9893759990046089,-0.989293222565901,-0.995542177462075,0.006166178457466032,-8.277643870790996e-05,10641.999248261578,3.0501676079688945e-05,1000000.0,134,54,6.0,6.0,2048.0,2048.0,0.5446670055389404,9.382475343998522,25.146276814019075,2779.1791433939943
hc12p.txt,150,all,134,null,OPTIMAL,OPTIMAL,OPTIMAL,OPTIMAL,True,0.9893759990046089,0.9888554277646652,0.9888554277646652,0.9888554277646652,0.989566704501101,42.0,97.6438887988069,-0.9893759990046089,-0.9888554277646652,-0.9955413463233288,0.0061653473187198715,-0.0005205712399437568,9606.280029230878,3.0470043822769176e-05,1000000.0,135,44,6.0,6.0,2048.0,2048.0,0.5131900310516357,11.237564734998159,27.613285156985512,2806.79244638799
hc12p.txt,150,all,135,serious,OPTIMAL,OPTIMAL,OPTIMAL,OPTIMAL,True,0.990170369706314,0.990170369706314,0.990170369706314,0.990170369706314,0.990170369706314,42.0,97.64245150069925,-0.990170369706314,-0.990170369706314,-0.9955414016584039,0.006165402653794949,0.0007943707017050716,7798.932234607504,3.0485267843497432e-05,700000.0,136,29,6.0,6.0,2048.0,2048.0,0.5868790149688721,11.020839762000833,27.449465524987318,2834.2419296570006
hc12p.txt,150,all,136,null,OPTIMAL,OPTIMAL,OPTIMAL,OPTIMAL,True,0.990170369706314,0.8779312636855244,0.8779312636855244,0.8779312636855244,0.990170369706314,42.0,97.64245150069925,-0.990170369706314,-0.8779312636855244,-0.9968400092697753,0.006669639563461338,-0.11223910602078957,23529.85465318475,4.298877745995245e-05,1000000.0,137,264,6.0,6.0,2048.0,2048.0,0.6185100078582764,5.427514132024953,22.558228470996255,2856.8001763290085
hc12p.txt,150,all,137,null,OPTIMAL,OPTIMAL,OPTIMAL,OPTIMAL,True,0.990170369706314,0.9661249414763423,0.9661249414763423,0.9661249414763423,0.990170369706314,42.0,97.64245150069925,-0.990170369706314,-0.9661249414763423,-0.9964346055013935,0.006264235795079509,-0.024045428229971688,17498.288602031913,2.9593302029632372e-05,1000000.0,138,146,6.0,6.0,2048.0,2048.0,0.6891160011291504,6.914226065011462,23.33093042401015,2880.131124281994
hc12p.txt,150,all,138,null,OPTIMAL,OPTIMAL,OPTIMAL,OPTIMAL,True,0.990170369706314,0.9731433213501036,0.9731433213501036,0.9731433213501036,0.990170369706314,42.0,97.64245150069925,-0.990170369706314,-0.9731433213501036,-0.9964337602682702,0.006263390561956239,-0.017027048356210384,16888.415911505734,2.9689483054787278e-05,1000000.0,139,136,6.0,6.0,2048.0,2048.0,0.5395410060882568,12.066109993989812,28.748220619978383,2908.8793627500127
hc12p.txt,150,all,139,null,OPTIMAL,OPTIMAL,OPTIMAL,OPTIMAL,True,0.990170369706314,0.9836091566380634,0.9836091566380634,0.9836091566380634,0.990170369706314,42.0,97.64245150069925,-0.990170369706314,-0.9836091566380634,-0.9964281635645496,0.00625779385823555,-0.0065612130682506375,13738.61754326104,2.9546978872713465e-05,1000000.0,140,90,6.0,6.0,2048.0,2048.0,0.6790578365325928,15.493662207998568,32.20470472701709,2941.084084705013
hc12p.txt,150,all,140,null,OPTIMAL,OPTIMAL,OPTIMAL,OPTIMAL,True,0.990170369706314,0.9865211898282492,0.9865211898282492,0.9865211898282492,0.990170369706314,42.0,97.64245150069925,-0.990170369706314,-0.9865211898282492,-0.9964270766302324,0.0062567069239184425,-0.00364917987806479,13113.824461231743,2.9539090199323237e-05,1000000.0,141,82,6.0,6.0,2048.0,2048.0,0.5786519050598145,13.417068574985024,29.511596215015743,2970.5956998910115
hc12p.txt,150,all,141,null,OPTIMAL,OPTIMAL,OPTIMAL,OPTIMAL,True,0.990170369706314,0.9893635370951028,0.9893635370951028,0.9893635370951028,0.990170369706314,42.0,97.64245150069925,-0.990170369706314,-0.9893635370951028,-0.9964269061011699,0.006256536394855905,-0.0008068326112111723,12457.735428238953,2.9553245218938386e-05,1000000.0,142,74,6.0,6.0,2048.0,2048.0,0.7749209403991699,9.201863171008881,26.862594656005967,2997.458387833991
hc12p.txt,150,all,142,null,OPTIMAL,OPTIMAL,OPTIMAL,OPTIMAL,True,0.990170369706314,0.989705017673574,0.989705017673574,0.989705017673574,0.990170369706314,42.0,97.64245150069925,-0.990170369706314,-0.989705017673574,-0.9964271951687586,0.0062568254624445485,-0.00046535203274000736,11765.115554043658,2.9571659545485e-05,1000000.0,143,66,6.0,6.0,2048.0,2048.0,0.530958890914917,14.921596230007708,31.752404620987363,3029.2108101600024
hc12p.txt,150,all,143,null,OPTIMAL,OPTIMAL,OPTIMAL,OPTIMAL,True,0.990170369706314,0.9898528567425899,0.9898528567425899,0.9898528567425899,0.990170369706314,42.0,97.64245150069925,-0.990170369706314,-0.9898528567425899,-0.99642694442523,0.0062565747189160525,-0.0003175129637240648,12541.623818309972,2.9580916383491887e-05,1000000.0,144,75,6.0,6.0,2048.0,2048.0,0.5389399528503418,6.534705729980487,24.516623346018605,3053.727452023013
hc12p.txt,150,all,144,null,OPTIMAL,OPTIMAL,OPTIMAL,OPTIMAL,True,0.990170369706314,0.9896857795772626,0.9896857795772626,0.9896857795772626,0.990170369706314,42.0,97.64245150069925,-0.990170369706314,-0.9896857795772626,-0.9964265210194173,0.006256151313103309,-0.00048459012905144316,12202.611195969492,2.957170137857208e-05,1000000.0,145,71,6.0,6.0,2048.0,2048.0,0.5821521282196045,8.114802394004073,25.533432531985454,3079.2609018849907
hc12p.txt,150,all,145,serious,OPTIMAL,OPTIMAL,OPTIMAL,OPTIMAL,True,0.9913667967241552,0.9913667967241552,0.9913667967241552,0.9913667967241552,0.9913667967241552,42.0,97.63960286494247,-0.9913667967241552,-0.9913667967241552,-0.9964242807211485,0.006253911014834523,0.0011964270178411729,8192.363029065546,2.953213795844428e-05,700000.0,146,32,6.0,6.0,2048.0,2048.0,0.6051919460296631,6.352353447000496,24.30511378700612,3103.5660302139877
hc12p.txt,150,all,146,null,OPTIMAL,OPTIMAL,OPTIMAL,OPTIMAL,True,0.9913667967241552,0.8651969270862923,0.8651969270862923,0.8651969270862923,0.9913667967241552,42.0,97.63960286494247,-0.9913667967241552,-0.8651969270862923,-0.9976085362258489,0.0062417395016937105,-0.12616986963786292,27893.53538008404,4.0839202850378245e-05,1000000.0,147,371,6.0,6.0,2048.0,2048.0,0.6079258918762207,8.633954969001934,26.89248142699944,3130.4585262380133
hc12p.txt,150,all,147,null,OPTIMAL,OPTIMAL,OPTIMAL,OPTIMAL,True,0.9913667967241552,0.9619970019223569,0.9619970019223569,0.9619970019223569,0.9913667967241552,42.0,97.63960286494247,-0.9913667967241552,-0.9619970019223569,-0.9972443646109513,0.0058775678867961645,-0.029369794801798244,20835.459486174044,2.8247333491052935e-05,1000000.0,148,207,6.0,6.0,2048.0,2048.0,0.6430411338806152,8.726022996997926,26.10938096299651,3156.5679232859984
hc12p.txt,150,all,148,null,OPTIMAL,OPTIMAL,OPTIMAL,OPTIMAL,True,0.9913667967241552,0.968092194300658,0.968092194300658,0.968092194300658,0.9913667967241552,42.0,97.63960286494247,-0.9913667967241552,-0.968092194300658,-0.9972447215730563,0.00587792484890115,-0.023274602423497215,21135.26172064117,2.837141055953555e-05,1000000.0,149,213,6.0,6.0,2048.0,2048.0,0.7215890884399414,9.38860802599811,28.3520431619836,3184.9199831119913
hc12p.txt,150,all,149,null,OPTIMAL,OPTIMAL,OPTIMAL,OPTIMAL,True,0.9913667967241552,0.9817428831084543,0.9817428831084543,0.9817428831084543,0.9913667967241552,42.0,97.63960286494247,-0.9913667967241552,-0.9817428831084543,-0.99724001337561,0.0058732166514547934,-0.009623913615700919,16826.212764612243,2.8275234460286848e-05,1000000.0,150,135,6.0,6.0,2048.0,2048.0,0.6874608993530273,6.949070186004974,24.341398239019327,3209.261401185009
hc12p.txt,150,all,150,null,OPTIMAL,OPTIMAL,OPTIMAL,OPTIMAL,True,0.9913667967241552,0.9848664356406107,0.9848664356406107,0.9848664356406107,0.9913667967241552,42.0,97.63960286494247,-0.9913667967241552,-0.9848664356406107,-0.9972393333506044,0.005872536626449265,-0.006500361083544459,16826.212883474403,2.8281095963637372e-05,1000000.0,151,135,6.0,6.0,2048.0,2048.0,0.687082052230835,9.282750915008364,27.430709392996505,3236.692144961009
hc12p.txt,150,all,151,null,OPTIMAL,OPTIMAL,OPTIMAL,OPTIMAL,True,0.9913667967241552,0.9874274852371452,0.9874274852371452,0.9874274852371452,0.9913667967241552,42.0,97.63960286494247,-0.9913667967241552,-0.9874274852371452,-0.9972384516130468,0.005871654888891631,-0.003939311487009989,16701.112058782193,2.8275057277661678e-05,1000000.0,152,133,6.0,6.0,2048.0,2048.0,0.8226480484008789,16.592350763996365,35.01662414800376,3271.7088745690126
hc12p.txt,150,all,152,null,OPTIMAL,OPTIMAL,OPTIMAL,OPTIMAL,True,0.9913667967241552,0.9898210808007573,0.9898210808007573,0.9898210808007573,0.9913667967241552,42.0,97.63960286494247,-0.9913667967241552,-0.9898210808007573,-0.9972384065097334,0.0058716097855782134,-0.0015457159233979167,14839.368989279834,2.8283006306745995e-05,1000000.0,153,105,6.0,6.0,2048.0,2048.0,0.6073760986328125,8.399827308021486,26.49680751399137,3298.2056982770155
hc12p.txt,150,all,153,null,OPTIMAL,OPTIMAL,OPTIMAL,OPTIMAL,True,0.9913667967241552,0.990409714364723,0.990409714364723,0.990409714364723,0.9913667967241552,42.0,97.63960286494247,-0.9913667967241552,-0.990409714364723,-0.9972381252445359,0.0058713285203807475,-0.0009570823594321487,14481.751275311975,2.8285819814876007e-05,1000000.0,154,100,6.0,6.0,2048.0,2048.0,0.7109441757202148,8.527245278994087,26.833236377016874,3325.038949868991
hc12p.txt,150,all,154,null,OPTIMAL,OPTIMAL,OPTIMAL,OPTIMAL,True,0.9913667967241552,0.989556061860204,0.989556061860204,0.989556061860204,0.9913667967241552,42.0,97.63960286494247,-0.9913667967241552,-0.989556061860204,-0.9972371341647169,0.005870337440561757,-0.0018107348639512244,15664.377038363193,2.828515021737061e-05,1000000.0,155,117,6.0,6.0,2048.0,2048.0,0.5536558628082275,13.979061531979823,32.68473031799658,3357.7236952400126
hc12p.txt,150,all,155,null,OPTIMAL,OPTIMAL,OPTIMAL,OPTIMAL,True,0.9913667967241552,0.9900378437210102,0.9900378437210102,0.9900378437210102,0.9913667967241552,42.0,97.63960286494247,-0.9913667967241552,-0.9900378437210102,-0.9972376490074298,0.0058708522832746635,-0.0013289530031449504,14839.369124056453,2.8284605798933047e-05,1000000.0,156,105,6.0,6.0,2048.0,2048.0,0.7273869514465332,8.989018656982807,27.47117347398307,3385.1948830359906
hc12p.txt,150,all,156,null,OPTIMAL,OPTIMAL,OPTIMAL,OPTIMAL,True,0.9913667967241552,0.9916375079409687,0.9916375079409687,0.9916375079409687,0.9916375079409687,42.0,97.63895831442626,-0.9913667967241552,-0.9916375079409687,-0.9972369002730815,0.005870103548926364,0.00027071121681354615,12541.62302096503,2.8267162740045346e-05,1000000.0,157,75,6.0,6.0,2048.0,2048.0,0.6672220230102539,5.639183202001732,25.154232711996883,3410.3491335760045
hc12p.txt,150,all,157,null,OPTIMAL,OPTIMAL,OPTIMAL,OPTIMAL,True,0.9913667967241552,0.9918320407199238,0.9918320407199238,0.9918320407199238,0.9918320407199238,42.0,97.63849514114305,-0.9913667967241552,-0.9918320407199238,-0.997233352549687,0.005866555825531861,0.0004652439957686383,11675.649189659649,2.815734995488354e-05,1000000.0,158,65,6.0,6.0,2048.0,2048.0,0.752600908279419,7.821358647022862,26.551190489000874,3436.9003405150142
hc12p.txt,150,all,158,null,OPTIMAL,OPTIMAL,OPTIMAL,OPTIMAL,True,0.9913667967241552,0.9910292709694629,0.9910292709694629,0.9910292709694629,0.9918320407199238,42.0,97.63849514114305,-0.9913667967241552,-0.9910292709694629,-0.9972368847983546,0.00587008807419942,-0.0003375257546922583,13662.080368670066,2.827247086112899e-05,1000000.0,159,89,6.0,6.0,2048.0,2048.0,0.5857179164886475,9.98626735000289,29.857788027002243,3466.7581554049975
hc12p.txt,150,all,159,null,OPTIMAL,OPTIMAL,OPTIMAL,OPTIMAL,True,0.9913667967241552,0.9905925319920199,0.9905925319920199,0.9905925319920199,0.9918320407199238,42.0,97.63849514114305,-0.9913667967241552,-0.9905925319920199,-0.9972301586625749,0.005863361938419742,-0.0007742647321352658,13272.780567763486,2.8082296747507524e-05,1000000.0,160,84,6.0,6.0,2048.0,2048.0,0.7549560070037842,8.61869942699559,27.36577735299943,3494.123951421003
hc12p.txt,150,all,160,null,OPTIMAL,OPTIMAL,OPTIMAL,OPTIMAL,True,0.9913667967241552,0.9912292770500981,0.9912292770500981,0.9912292770500981,0.9918320407199238,42.0,97.63849514114305,-0.9913667967241552,-0.9912292770500981,-0.9972364471342225,0.005869650410067373,-0.00013751967405706278,12029.523348828083,2.8269604785837773e-05,1000000.0,161,69,6.0,6.0,2048.0,2048.0,0.7626681327819824,9.216436012997292,28.388689223007532,3522.512657968997
hc12p.txt,150,all,161,null,OPTIMAL,OPTIMAL,OPTIMAL,OPTIMAL,True,0.9913667967241552,0.9912263940490849,0.9912263940490849,0.9912263940490849,0.9918320407199238,42.0,97.63849514114305,-0.9913667967241552,-0.9912263940490849,-0.9972363860243036,0.00586958930014847,-0.0001404026750703169,13113.823393656025,2.827880887327037e-05,1000000.0,162,82,6.0,6.0,2048.0,2048.0,0.6568160057067871,15.632228179980302,34.84674376499606,3557.359503003012
hc12p.txt,150,all,162,null,OPTIMAL,OPTIMAL,OPTIMAL,OPTIMAL,True,0.9913667967241552,0.991547008369331,0.991547008369331,0.991547008369331,0.9918320407199238,42.0,97.63849514114305,-0.9913667967241552,-0.991547008369331,-0.9972357381390352,0.005868941414880036,0.00018021164517578736,13033.61945124991,2.8258996785492078e-05,1000000.0,163,81,6.0,6.0,2048.0,2048.0,0.6743628978729248,8.886584645981202,28.59027493800386,3585.9497975890117
hc12p.txt,150,all,163,serious,OPTIMAL,OPTIMAL,OPTIMAL,OPTIMAL,True,0.9920604393657756,0.9920604393657756,0.9920604393657756,0.9920604393657756,0.9920604393657756,42.0,97.63795133484341,-0.9920604393657756,-0.9920604393657756,-0.9972363250289273,0.005869528304772165,0.0006936426416204178,11853.90602291076,2.8289903380138822e-05,700000.0,164,67,6.0,6.0,2048.0,2048.0,0.7611501216888428,11.545339225995122,31.16100656602066,3617.110822591989
hc9u.txt,1,all,1,null,OPTIMAL,OPTIMAL,OPTIMAL,OPTIMAL,True,0.0,-32649.0,-32649.0,-32649.0,0.0,42.0,100.0,-0.0,32649.0,-292.0,292.0,-32649.0,1974.7799878130606,17.08800749063506,2.0,2,119,3.9999997499980964,3.999999649997335,255.99999854369287,255.99999624034206,0.0006589889526367188,0.3169588710006792,0.374248150998028,0.9631522519921418
hc9u.txt,1,all,2,null,OPTIMAL,OPTIMAL,OPTIMAL,OPTIMAL,True,0.0,-244.73991803260915,-244.73991803260915,-244.73991803260915,0.0,42.0,100.0,-0.0,244.73991803260915,-1.871606639773919,1.871606639773919,-244.73991803260915,1932.8538489349398,0.2607847790963874,4.0,3,114,3.0,3.0,256.0,256.0,0.0025420188903808594,0.2925744889944326,0.3655258880171459,1.3287383439892437
hc9u.txt,1,all,3,null,OPTIMAL,OPTIMAL,OPTIMAL,OPTIMAL,True,0.0,-103.43820437538496,-103.43820437538496,-103.43820437538496,0.0,42.0,100.0,-0.0,103.43820437538496,-1.794094644712157,1.794094644712157,-103.43820437538496,543.4077292719858,0.20771308347699544,8.0,4,9,3.0,3.0,256.0,256.0,0.005711078643798828,0.3246489260054659,0.44246386401937343,1.771218250010861
hc9u.txt,1,all,4,null,OPTIMAL,OPTIMAL,OPTIMAL,OPTIMAL,True,0.0,-4.656847997244966,-4.656847997244966,-4.656847997244966,0.0,42.0,100.0,-0.0,4.656847997244966,-0.9951445450209927,0.9951445450209927,-4.656847997244966,849.3802195008682,0.06896560697803056,16.0,5,22,4.0,4.0,271.8955304547598,263.94776522737993,0.00644993782043457,0.5036902370047756,0.6670804469904397,2.4383183009922504
hc9u.txt,1,all,5,serious,OPTIMAL,OPTIMAL,OPTIMAL,OPTIMAL,True,0.12648761415597493,0.12648761415597493,0.12648761415597493,0.12648761415597493,0.12648761415597493,42.0,99.69883901391434,-0.12648761415597493,-0.12648761415597493,-0.990209714002332,0.990209714002332,0.12648761415597493,182.34779218556417,0.06206584066620854,11.2,6,1,4.0,4.0,271.85454077407735,263.9272703870387,0.004855155944824219,0.4543215410085395,0.5664083120063879,3.004740103991935
hc9u.txt,1,all,6,null,OPTIMAL,OPTIMAL,OPTIMAL,OPTIMAL,True,0.12648761415597493,-3.74406940426,-3.74406940426,-3.74406940426,0.12648761415597493,42.0,99.69883901391434,-0.12648761415597493,3.74406940426,-0.9965690833808545,0.8700814692248795,-3.8705570184159748,1791.845971723802,0.02421212048258529,22.4,7,98,4.0,4.0,255.99805401180595,257.999027005903,0.006291866302490234,0.5890836069884244,0.7011045100225601,3.7058587110077497
hc9u.txt,1,all,7,null,OPTIMAL,OPTIMAL,OPTIMAL,OPTIMAL,True,0.12648761415597493,-0.9059243579298952,-0.9059243579298952,-0.9059243579298952,0.12648761415597493,42.0,99.69883901391434,-0.12648761415597493,0.9059243579298952,-0.9932473141692655,0.8667597000132905,-1.0324119720858702,1707.5761847498181,0.012267840050761732,44.8,8,89,4.0,4.0,259.9981918997109,259.9981918997109,0.007659912109375,0.5147278269869275,0.705637487990316,4.411511568003334
hc9u.txt,1,all,8,null,OPTIMAL,OPTIMAL,OPTIMAL,OPTIMAL,True,0.12648761415597493,-1.12399991769346,-1.12399991769346,-1.12399991769346,0.12648761415597493,42.0,99.69883901391434,-0.12648761415597493,1.12399991769346,-0.9917137701059202,0.8652261559499452,-1.250487531849435,957.8308849905479,0.010617808554963113,89.6,9,28,4.0,4.0,254.0,256.0,0.008771896362304688,0.4618595800129697,0.6659210050129332,5.077447134011891
hc9u.txt,1,all,9,null,OPTIMAL,OPTIMAL,OPTIMAL,OPTIMAL,True,0.12648761415597493,-2.3621884393853536,-2.3621884393853536,-2.3621884393853536,0.12648761415597493,42.0,99.69883901391434,-0.12648761415597493,2.3621884393853536,-0.9908913385935791,0.8644037244376042,-2.4886760535413286,1819.3416340259396,0.01030680815460575,179.2,10,101,4.0,4.0,256.0,256.0,0.011740922927856445,0.41012722899904475,0.596020850003697,5.673482465004781
hc9u.txt,1,all,10,null,OPTIMAL,OPTIMAL,OPTIMAL,OPTIMAL,True,0.12648761415597493,0.1770398101976788,0.1770398101976788,0.1770398101976788,0.1770398101976788,42.0,99.57847664238649,-0.12648761415597493,-0.1770398101976788,-0.9769880309450485,0.8505004167890735,0.050552196041703884,21.165864148439272,0.005588731374230284,358.4,11,0,4.0,4.0,256.0,256.0,0.0074329376220703125,0.3732959449989721,0.554678013024386,6.2281788979889825
hc9u.txt,1,all,11,null,OPTIMAL,OPTIMAL,OPTIMAL,OPTIMAL,True,0.12648761415597493,-6.268490366903955,-6.268490366903955,-6.268490366903955,0.1770398101976788,42.0,99.57847664238649,-0.12648761415597493,6.268490366903955,-0.9917537016832698,0.8652660875272948,-6.39497798105993,940.9101606927804,0.041193960328822284,716.8,12,27,4.0,4.0,256.0,256.0,0.010812997817993164,0.3733590329939034,0.5852151490107644,6.813472409005044
hc9u.txt,1,all,12,null,OPTIMAL,OPTIMAL,OPTIMAL,OPTIMAL,True,0.12648761415597493,-0.7639548461372038,-0.7639548461372038,-0.7639548461372038,0.1770398101976788,42.0,99.57847664238649,-0.12648761415597493,0.7639548461372038,-0.7365600516042335,0.6100724374482587,-0.8904424602931786,479.4929824755736,0.02885154750222956,1433.6,13,7,4.0,4.0,256.0,256.0,0.007074117660522461,0.3422983589989599,0.540180998010328,7.353668869007379
hc9u.txt,1,all,13,serious,OPTIMAL,OPTIMAL,OPTIMAL,OPTIMAL,True,0.30404220072898785,0.30404220072898785,0.30404220072898785,0.30404220072898785,0.30404220072898785,42.0,99.27608999826433,-0.30404220072898785,-0.30404220072898785,-0.4382268602244314,0.3117392460684565,0.17755458657301293,21.629329613287638,0.01442600531723177,1003.5199999999999,14,0,4.0,4.0,256.0,256.0,0.00911402702331543,0.35503516701282933,0.5655667049868498,7.919249268015847
hc9u.txt,1,all,14,null,OPTIMAL,OPTIMAL,OPTIMAL,OPTIMAL,True,0.30404220072898785,0.31322777632592047,0.31322777632592047,0.31322777632592047,0.31322777632592047,42.0,99.25421958017638,-0.30404220072898785,-0.31322777632592047,-0.6755582640187382,0.37151606328975034,0.009185575596932616,362.6998638228818,0.01815453988071065,2007.0399999999997,15,4,4.0,4.0,256.0,256.0,0.008075952529907227,0.466740525997011,0.6802313520165626,8.599493621004513
hc9u.txt,1,all,15,null,OPTIMAL,OPTIMAL,OPTIMAL,OPTIMAL,True,0.30404220072898785,0.318896008591255,0.318896008591255,0.318896008591255,0.318896008591255,42.0,99.24072378906844,-0.30404220072898785,-0.318896008591255,-0.5256412395185593,0.2215990387895715,0.014853807862267143,182.16399683173415,0.010271366698141087,4014.0799999999995,16,1,4.0,4.0,256.0,256.0,0.00948190689086914,0.3832119650032837,0.6490182490088046,9.24852937500691
hc9u.txt,1,all,16,serious,OPTIMAL,OPTIMAL,OPTIMAL,OPTIMAL,True,0.38521156949239677,0.38521156949239677,0.38521156949239677,0.38521156949239677,0.38521156949239677,42.0,99.08282959644669,-0.38521156949239677,-0.38521156949239677,-0.41906471141898183,0.11502251068999397,0.08116936876340891,19.895587465063855,0.005341296805520684,2809.8559999999993,17,0,4.0,4.0,256.0,256.0,0.013586997985839844,0.37643878199742176,0.6846089310129173,9.933155398000963
hc9u.txt,1,all,17,serious,OPTIMAL,OPTIMAL,OPTIMAL,OPTIMAL,True,0.47859485750003483,0.47859485750003483,0.47859485750003483,0.47859485750003483,0.47859485750003483,42.0,98.86048843452372,-0.47859485750003483,-0.47859485750003483,-0.5160885510301163,0.13087698153771954,0.09338328800763807,19.18312559293543,0.006671580626891951,1966.8991999999994,18,0,3.0,3.0,256.0,256.0,0.010369062423706055,0.3474835100059863,0.6220937639882322,10.555261942005018
hc9u.txt,1,all,18,serious,OPTIMAL,OPTIMAL,OPTIMAL,OPTIMAL,True,0.6003351808621813,0.6003351808621813,0.6003351808621813,0.6003351808621813,0.6003351808621813,42.0,98.5706305217567,-0.6003351808621813,-0.6003351808621813,-0.6415602473765664,0.16296538987653153,0.12174032336214646,20.297630676875304,0.008787336429409631,1376.8294399999995,19,0,4.0,4.0,256.0,256.0,0.00988912582397461,0.34518770000431687,0.6407645950093865,11.196040154987713
hc9u.txt,1,all,19,serious,OPTIMAL,OPTIMAL,OPTIMAL,OPTIMAL,True,0.645532587472265,0.645532587472265,0.645532587472265,0.645532587472265,0.645532587472265,42.0,98.46301764887555,-0.645532587472265,-0.645532587472265,-0.812476420688895,0.21214123982671373,0.04519740661008376,405.3784798771844,0.01169829037056643,963.7806079999996,20,5,4.0,4.0,256.0,256.0,0.01032400131225586,0.3500805270159617,0.6476443340070546,11.843696956988424
hc9u.txt,1,all,20,null,OPTIMAL,OPTIMAL,OPTIMAL,OPTIMAL,True,0.645532587472265,-2.855654424197307,-2.855654424197307,-2.855654424197307,0.645532587472265,42.0,98.46301764887555,-0.645532587472265,2.855654424197307,-0.999663383156609,0.3541307956843439,-3.501187011669572,2163.4027962859705,0.012276328693725202,1927.5612159999991,21,143,4.0,4.0,232.0,256.0,0.01574397087097168,0.4867654550180305,0.8660498430253938,12.709761817008257
hc9u.txt,1,all,21,null,OPTIMAL,OPTIMAL,OPTIMAL,OPTIMAL,True,0.645532587472265,-0.1642514071607233,-0.1642514071607233,-0.1642514071607233,0.645532587472265,42.0,98.46301764887555,-0.645532587472265,0.1642514071607233,-0.9348382616244603,0.2893056741521952,-0.8097839946329883,940.9122570800297,0.008014528217141024,3855.1224319999983,22,27,4.0,4.0,256.0,256.0,0.013077974319458008,0.36106026099878363,0.7034292489988729,13.413263683003606
hc9u.txt,1,all,22,null,OPTIMAL,OPTIMAL,OPTIMAL,OPTIMAL,True,0.645532587472265,0.6442821563385595,0.6442821563385595,0.6442821563385595,0.645532587472265,42.0,98.46301764887555,-0.645532587472265,-0.6442821563385595,-0.8730957802253344,0.22756319275306935,-0.0012504311337055984,405.4576945636428,0.004023128591192386,7710.244863999997,23,5,4.0,4.0,256.0,256.0,0.011900901794433594,0.3447860330052208,0.672554382996168,14.085830366006121
hc9u.txt,1,all,23,serious,OPTIMAL,OPTIMAL,OPTIMAL,OPTIMAL,True,0.7240130182793327,0.7240130182793327,0.7240130182793327,0.7240130182793327,0.7240130182793327,42.0,98.2761594802873,-0.7240130182793327,-0.7240130182793327,-0.8416858850503302,0.1961532975780651,0.07848043080706768,256.9972619999187,0.002015843247902098,5397.171404799998,24,2,4.0,4.0,256.0,256.0,0.01165318489074707,0.3456802969740238,0.6921325100120157,14.777976435987512
hc9u.txt,1,all,24,serious,OPTIMAL,OPTIMAL,OPTIMAL,OPTIMAL,True,0.7966947883451463,0.7966947883451463,0.7966947883451463,0.7966947883451463,0.7966947883451463,42.0,98.10310764679727,-0.7966947883451463,-0.7966947883451463,-0.8840794818609756,0.1600664635816429,0.07268177006581356,362.8222011578992,0.002872834585225531,3778.019983359998,25,4,4.0,4.0,256.0,256.0,0.018220901489257812,0.46536702298908494,0.847014044993557,15.625006677000783
hc9u.txt,1,all,25,null,OPTIMAL,OPTIMAL,OPTIMAL,OPTIMAL,True,0.7966947883451463,0.6215049012883771,0.6215049012883771,0.6215049012883771,0.7966947883451463,42.0,98.10310764679727,-0.7966947883451463,-0.6215049012883771,-0.9363758170437887,0.1396810286986424,-0.1751898870567692,701.515370922937,0.0036388607917721763,7556.039966719996,26,15,4.0,4.0,256.0,256.0,0.013615131378173828,0.34524979899288155,0.7284819729975425,16.35350256599486
hc9u.txt,1,all,26,null,OPTIMAL,OPTIMAL,OPTIMAL,OPTIMAL,True,0.7966947883451463,0.7687926324037291,0.7687926324037291,0.7687926324037291,0.7966947883451463,42.0,98.10310764679727,-0.7966947883451463,-0.7687926324037291,-0.9117371176961826,0.11504232935103631,-0.027902155941417206,600.8492686146946,0.001926431327252066,15112.079933439993,27,11,4.0,4.0,256.0,256.0,0.015321016311645508,0.3539502049970906,0.7484441139968112,17.101961214997573
hc9u.txt,1,all,27,serious,OPTIMAL,OPTIMAL,OPTIMAL,OPTIMAL,True,0.8194486025005897,0.8194486025005897,0.8194486025005897,0.8194486025005897,0.8194486025005897,42.0,98.0489318988081,-0.8194486025005897,-0.8194486025005897,-0.8976426420821412,0.10094785373699489,0.02275381415544342,405.4706447770435,0.0009923629672111294,10578.455953407994,28,5,4.0,4.0,256.0,256.0,0.01334381103515625,0.3911000679945573,0.7819135510071646,17.88388611600385
hc9u.txt,1,all,28,null,OPTIMAL,OPTIMAL,OPTIMAL,OPTIMAL,True,0.8194486025005897,0.7872263371384757,0.7872263371384757,0.7872263371384757,0.8194486025005897,42.0,98.0489318988081,-0.8194486025005897,-0.7872263371384757,-0.9170308876672564,0.09758228516666667,-0.03222226536211403,572.9327123857038,0.0013773975161650263,21156.91190681599,29,10,4.0,4.0,256.0,256.0,0.020304203033447266,0.3892339480225928,0.8148695970012341,18.69877069600625
hc9u.txt,1,all,29,serious,OPTIMAL,OPTIMAL,OPTIMAL,OPTIMAL,True,0.8403405217309587,0.8403405217309587,0.8403405217309587,0.8403405217309587,0.8403405217309587,42.0,97.99918923397391,-0.8403405217309587,-0.8403405217309587,-0.9069150071475475,0.08746640464695776,0.020891919230369038,362.82647450738483,0.0007034072061830072,14809.838334771192,30,4,4.0,4.0,256.0,256.0,0.018836021423339844,0.4001075550040696,0.9203608270036057,19.619148177007446
hc9u.txt,1,all,30,null,OPTIMAL,OPTIMAL,OPTIMAL,OPTIMAL,True,0.8403405217309587,0.8278097241554447,0.8278097241554447,0.8278097241554447,0.8403405217309587,42.0,97.99918923397391,-0.8403405217309587,-0.8278097241554447,-0.9201912644094918,0.0798507426785331,-0.012530797575514008,600.8522104153385,0.0009766612864386618,29619.676669542383,31,11,4.0,4.0,256.0,256.0,0.01293802261352539,0.35009186499519274,0.8031404899957124,20.42230524000479
hc9u.txt,1,all,31,serious,OPTIMAL,OPTIMAL,OPTIMAL,OPTIMAL,True,0.8532545417901969,0.8532545417901969,0.8532545417901969,0.8532545417901969,0.8532545417901969,42.0,97.96844156716618,-0.8532545417901969,-0.8532545417901969,-0.9131972934047704,0.07285677167381166,0.01291402005923814,182.59111031440221,0.0005105675460039975,20733.773668679667,32,1,4.0,4.0,256.0,256.0,0.019665956497192383,0.4434903280052822,0.9227794920152519,21.34516665400588
hc9u.txt,1,all,32,null,OPTIMAL,OPTIMAL,OPTIMAL,OPTIMAL,True,0.8532545417901969,0.827799628832947,0.827799628832947,0.827799628832947,0.8532545417901969,42.0,97.96844156716618,-0.8532545417901969,-0.827799628832947,-0.9225504882895414,0.06929594649934456,-0.025454912957249887,572.93622206556,0.0007596165987432173,41467.547337359334,33,10,4.0,4.0,256.0,256.0,0.0169219970703125,0.4413820639892947,0.9722025840019342,22.317383221001364
hc9u.txt,1,all,33,serious,OPTIMAL,OPTIMAL,OPTIMAL,OPTIMAL,True,0.8616090253510854,0.8616090253510854,0.8616090253510854,0.8616090253510854,0.8616090253510854,42.0,97.94854993964026,-0.8616090253510854,-0.8616090253510854,-0.9173131152681095,0.06405857347791266,0.008354483560888526,23.913271752080252,0.0004669307431855683,29027.28313615153,34,0,4.0,4.0,256.0,256.0,0.015697002410888672,0.5067776610085275,1.0675122270185966,23.384911386994645
hc9u.txt,1,all,34,null,OPTIMAL,OPTIMAL,OPTIMAL,OPTIMAL,True,0.8616090253510854,0.849336702195693,0.849336702195693,0.849336702195693,0.8616090253510854,42.0,97.94854993964026,-0.8616090253510854,-0.849336702195693,-0.881309267859407,0.019700242508321586,-0.012272323155392395,362.7224088558808,0.0008238256687961925,58054.56627230306,35,4,4.0,4.0,256.0,255.99999999999997,0.018098115921020508,0.4225651500164531,0.9424748909950722,24.327402958006132
hc9u.txt,1,all,35,serious,OPTIMAL,OPTIMAL,OPTIMAL,OPTIMAL,True,0.8705353827606241,0.8705353827606241,0.8705353827606241,0.8705353827606241,0.8705353827606241,42.0,97.92729670771281,-0.8705353827606241,-0.8705353827606241,-0.871352737327638,0.00974371197655255,0.008926357409538732,257.0508152430201,0.00040890682910467343,40638.19639061214,36,2,4.0,4.0,256.0,256.0,0.021456003189086914,0.5133293919789139,1.192804206017172,25.5202248810092
hc9u.txt,1,all,36,serious,OPTIMAL,OPTIMAL,OPTIMAL,OPTIMAL,True,0.882878962593387,0.882878962593387,0.882878962593387,0.882878962593387,0.882878962593387,42.0,97.89790723192051,-0.882878962593387,-0.882878962593387,-0.885191415109854,0.014656032349229853,0.012343579832762908,182.37217771525678,0.0005835812851304298,28446.737473428497,37,1,4.0,4.0,256.0,256.0,0.018102169036865234,0.39639970898861066,1.014497422002023,26.53474054299295
hc9u.txt,1,all,37,serious,OPTIMAL,OPTIMAL,OPTIMAL,OPTIMAL,True,0.8920160509169961,0.8920160509169961,0.8920160509169961,0.8920160509169961,0.8920160509169961,42.0,97.87615225972145,-0.8920160509169961,-0.8920160509169961,-0.9049386866003702,0.022059724006983195,0.009137088323609044,182.26111298967655,0.0008334499931532406,19912.716231399947,38,1,4.0,4.0,256.0,256.0,0.025213003158569336,0.4040161639859434,1.0545643329969607,27.58932074299082
hc9u.txt,1,all,38,null,OPTIMAL,OPTIMAL,OPTIMAL,OPTIMAL,True,0.8920160509169961,0.8687963224578098,0.8687963224578098,0.8687963224578098,0.8920160509169961,42.0,97.87615225972145,-0.8920160509169961,-0.8687963224578098,-0.9314376713194699,0.03942162040247377,-0.023219728459186295,479.2713786141934,0.0011635082838203636,39825.432462799894,39,7,4.0,4.0,255.49145636480867,256.0,0.01750802993774414,0.4248866139969323,1.0472078409802634,28.636544362991117
hc9u.txt,1,all,39,serious,OPTIMAL,OPTIMAL,OPTIMAL,OPTIMAL,True,0.8988920119855919,0.8988920119855919,0.8988920119855919,0.8988920119855919,0.8988920119855919,42.0,97.85978092384383,-0.8988920119855919,-0.8988920119855919,-0.9180073119693822,0.02599126105238614,0.006875961068595782,182.23028160076393,0.0005848596763318124,27877.802723959925,40,1,4.0,4.0,256.0,256.0,0.01633000373840332,0.4071553249959834,0.9971841720107477,29.633743763988605
hc9u.txt,1,all,40,serious,OPTIMAL,OPTIMAL,OPTIMAL,OPTIMAL,True,0.9028584917784884,0.9028584917784884,0.9028584917784884,0.9028584917784884,0.9028584917784884,42.0,97.85033692433693,-0.9028584917784884,-0.9028584917784884,-0.9357122507633444,0.036820238777752534,0.003966479792896549,479.4113684481699,0.000800847226774555,19514.461906771947,41,7,4.0,4.0,256.0,256.0,0.028061866760253906,0.3832308829878457,1.082253025000682,30.71601189300418
hc9u.txt,1,all,41,null,OPTIMAL,OPTIMAL,OPTIMAL,OPTIMAL,True,0.9028584917784884,0.8763337959713728,0.8763337959713728,0.8763337959713728,0.9028584917784884,42.0,97.85033692433693,-0.9028584917784884,-0.8763337959713728,-0.9509124969581867,0.04805400517969827,-0.026524695807115584,677.6543206217086,0.0008310828013418285,39028.92381354389,42,14,4.0,4.0,256.0,256.0,0.0214231014251709,0.37126044402248226,0.9824707230145577,31.698554800997954
hc9u.txt,1,all,42,serious,OPTIMAL,OPTIMAL,OPTIMAL,OPTIMAL,True,0.9145342245969794,0.9145342245969794,0.9145342245969794,0.9145342245969794,0.9145342245969794,42.0,97.8225375604834,-0.9145342245969794,-0.9145342245969794,-0.9447258410148672,0.041867349236378804,0.011675732818490991,256.91066952204227,0.0004666006777605871,27320.246669480723,43,2,4.0,4.0,256.0,256.0,0.02333807945251465,0.3532726650009863,0.9621919989876915,32.66076889701071
hc9u.txt,1,all,43,null,OPTIMAL,OPTIMAL,OPTIMAL,OPTIMAL,True,0.9145342245969794,0.9036632233752439,0.9036632233752439,0.9036632233752439,0.9145342245969794,42.0,97.8225375604834,-0.9145342245969794,-0.9036632233752439,-0.9525962623694563,0.03806203777247685,-0.010871001221735566,677.6545004925297,0.0005482809049708767,54640.493338961445,44,14,4.0,4.0,256.0,256.0,0.030588865280151367,0.40824805200099945,1.0796280009963084,33.74041724498966
hc9u.txt,1,all,44,null,OPTIMAL,OPTIMAL,OPTIMAL,OPTIMAL,True,0.9145342245969794,0.9170456951044696,0.9170456951044696,0.9170456951044696,0.9170456951044696,42.0,97.81655786879888,-0.9145342245969794,-0.9170456951044696,-0.9486178836983066,0.03408365910132716,0.002511470507490232,405.3435914258415,0.0002965095946425801,109280.98667792289,45,5,4.0,4.0,256.0,256.0,0.023285865783691406,0.4577422159782145,1.1572264130227268,34.8976619229943
hc9u.txt,1,all,45,serious,OPTIMAL,OPTIMAL,OPTIMAL,OPTIMAL,True,0.9203006797265981,0.9203006797265981,0.9203006797265981,0.9203006797265981,0.9203006797265981,42.0,97.80880790541286,-0.9203006797265981,-0.9203006797265981,-0.9464265238786405,0.03189229928166104,0.005766455129618708,182.31708211467264,0.00018749196317680987,76496.69067454601,46,1,4.0,4.0,256.0,256.0,0.02610611915588379,0.34820923500228673,1.1609794539981522,36.05866004899144
hc9u.txt,1,all,46,null,OPTIMAL,OPTIMAL,OPTIMAL,OPTIMAL,True,0.9203006797265981,0.9121434596818362,0.9121434596818362,0.9121434596818362,0.9203006797265981,42.0,97.80880790541286,-0.9203006797265981,-0.9121434596818362,-0.9493131669907335,0.02901248726413541,-0.008157220044761937,543.4841332753633,0.0002458233425434066,152993.38134909203,47,9,4.0,4.0,256.0,256.0,0.025902986526489258,0.3877467199927196,1.138248030008981,37.19692284899065
hc9u.txt,1,all,47,null,OPTIMAL,OPTIMAL,OPTIMAL,OPTIMAL,True,0.9203006797265981,0.9222677526171303,0.9222677526171303,0.9222677526171303,0.9222677526171303,42.0,97.80412439853063,-0.9203006797265981,-0.9222677526171303,-0.9476135664439784,0.027312886717380302,0.0019670728905322177,21.620246164544973,0.0001737752514211034,305986.76269818406,48,0,4.0,4.0,256.0,256.0,0.03196406364440918,0.40872686001239344,1.1936061310116202,38.39054426399525
hc9u.txt,1,all,48,serious,OPTIMAL,OPTIMAL,OPTIMAL,OPTIMAL,True,0.9221829308167441,0.9221829308167441,0.9221829308167441,0.9221829308167441,0.9222677526171303,42.0,97.80412439853063,-0.9221829308167441,-0.9221829308167441,-0.9222800327853058,0.001979353058707667,0.0018822510901459477,21.71416957341105,7.070069641010878e-05,214190.73388872884,49,0,4.0,4.0,256.0,256.0,0.02289605140686035,0.43693435000022873,1.1591082010127138,39.54966961799073
hc9u.txt,1,all,49,serious,OPTIMAL,OPTIMAL,OPTIMAL,OPTIMAL,True,0.9240061322007794,0.9240061322007794,0.9240061322007794,0.9240061322007794,0.9240061322007794,42.0,97.79998539952194,-0.9240061322007794,-0.9240061322007794,-0.9243716692246089,0.002188738407864821,0.0018232013840353556,182.28526537639522,0.0001008619832649554,149933.51372211016,50,1,4.0,4.0,256.0,256.0,0.024278879165649414,0.4535311120271217,1.2481384559941944,40.79782346301363
hc9u.txt,1,all,50,serious,OPTIMAL,OPTIMAL,OPTIMAL,OPTIMAL,True,0.9246558891593099,0.9246558891593099,0.9246558891593099,0.9246558891593099,0.9246558891593099,42.0,97.7984383591445,-0.9246558891593099,-0.9246558891593099,-0.9274224119187718,0.00341627971799241,0.000649756958530423,443.90363626178976,0.00014265794822623015,104953.45960547711,51,6,3.0,3.0,256.0,256.0,0.025961875915527344,0.40141382900765166,1.152425870008301,41.95026195401442
hc9u.txt,1,all,51,serious,OPTIMAL,OPTIMAL,OPTIMAL,OPTIMAL,True,0.9267199421888457,0.9267199421888457,0.9267199421888457,0.9267199421888457,0.9267199421888457,42.0,97.7935239471694,-0.9267199421888457,-0.9267199421888457,-0.9317348589918315,0.007078969832521653,0.0020640530295358284,405.3144619623518,0.0002030753735394377,73467.42172383398,52,5,3.0,3.0,256.0,256.0,0.02809619903564453,0.37133096501929685,1.2011169270263053,43.15143478199025
hc9u.txt,1,all,52,null,OPTIMAL,OPTIMAL,OPTIMAL,OPTIMAL,True,0.9267199421888457,0.9257736754407132,0.9257736754407132,0.9257736754407132,0.9267199421888457,42.0,97.7935239471694,-0.9267199421888457,-0.9257736754407132,-0.9376375633396935,0.010917621150847823,-0.0009462667481324738,479.3645094314256,0.00028281668289880014,146934.84344766795,53,7,3.0,3.0,256.0,255.99999999999997,0.028043031692504883,0.37935425800969824,1.1335366099956445,44.284984836005606
hc9u.txt,1,all,53,serious,OPTIMAL,OPTIMAL,OPTIMAL,OPTIMAL,True,0.9316207298394434,0.9316207298394434,0.9316207298394434,0.9316207298394434,0.9316207298394434,42.0,97.78185540514419,-0.9316207298394434,-0.9316207298394434,-0.9346948088408916,0.007974866652045942,0.00490078765059776,443.87711325687917,0.00014303727572564665,102854.39041336757,54,6,3.0,3.0,256.0,256.0,0.024116039276123047,0.43109944998286664,1.2958509069867432,45.58085182099603
hc9u.txt,1,all,54,serious,OPTIMAL,OPTIMAL,OPTIMAL,OPTIMAL,True,0.9349342456167311,0.9349342456167311,0.9349342456167311,0.9349342456167311,0.9349342456167311,42.0,97.77396608186493,-0.9349342456167311,-0.9349342456167311,-0.9387941884364576,0.007173458597014126,0.0033135157772876678,314.1907030462617,0.0001999617571388955,71998.07328935729,55,3,3.0,3.0,256.0,256.0,0.028172969818115234,0.43375760299386457,1.2761250309995376,46.856991607986856
hc9u.txt,1,all,55,null,OPTIMAL,OPTIMAL,OPTIMAL,OPTIMAL,True,0.9349342456167311,0.9322002053199743,0.9322002053199743,0.9322002053199743,0.9349342456167311,42.0,97.77396608186493,-0.9349342456167311,-0.9322002053199743,-0.9445925240114396,0.009658278394708453,-0.0027340402967568345,572.795851458244,0.0002847411882275317,143996.14657871457,56,10,3.0,3.0,256.0,256.0,0.030579090118408203,0.38266518799355254,1.221219272003509,48.07822158699855
hc9u.txt,1,all,56,serious,OPTIMAL,OPTIMAL,OPTIMAL,OPTIMAL,True,0.937781906572625,0.937781906572625,0.937781906572625,0.937781906572625,0.937781906572625,42.0,97.76718593673183,-0.937781906572625,-0.937781906572625,-0.9416571652205599,0.006722919603828759,0.002847660955893838,479.3538181401035,0.00014194456639355236,100797.3026051002,57,7,3.0,3.0,256.0,256.0,0.028551101684570312,0.4813087960064877,1.3803039159975015,49.458540068008006
hc9u.txt,1,all,57,serious,OPTIMAL,OPTIMAL,OPTIMAL,OPTIMAL,True,0.9398456754950758,0.9398456754950758,0.9398456754950758,0.9398456754950758,0.9398456754950758,42.0,97.7622722012022,-0.9398456754950758,-0.9398456754950758,-0.9457203788539555,0.0079384722813306,0.0020637689224508593,314.18986177375115,0.0002013346741614359,70558.11182357013,58,3,3.0,3.0,256.0,256.0,0.0316929817199707,0.4325583169993479,1.3319603120035026,50.79051501999493
hc9u.txt,1,all,58,null,OPTIMAL,OPTIMAL,OPTIMAL,OPTIMAL,True,0.9398456754950758,0.9376363749890969,0.9376363749890969,0.9376363749890969,0.9398456754950758,42.0,97.7622722012022,-0.9398456754950758,-0.9376363749890969,-0.9514363552263245,0.01159067973124872,-0.002209300505978895,443.8645250374635,0.0002860967825881157,141116.22364714026,59,6,4.0,4.0,256.0,256.0,0.03161907196044922,0.39862598999752663,1.3764491890033241,52.166979989997344
hc9u.txt,1,all,59,serious,OPTIMAL,OPTIMAL,OPTIMAL,OPTIMAL,True,0.9434337219541594,0.9434337219541594,0.9434337219541594,0.9434337219541594,0.9434337219541594,42.0,97.75372923344247,-0.9434337219541594,-0.9434337219541594,-0.9485242150831308,0.008678539588054979,0.003588046459083616,20.235382039390352,0.00014331081108276742,98781.35655299817,60,0,3.0,3.0,256.0,256.0,0.04431796073913574,0.45964883401757106,1.458757975982735,53.62575352500426
hc9u.txt,1,all,60,null,OPTIMAL,OPTIMAL,OPTIMAL,OPTIMAL,True,0.9434337219541594,0.9390780389999922,0.9390780389999922,0.9390780389999922,0.9434337219541594,42.0,97.75372923344247,-0.9434337219541594,-0.9390780389999922,-0.9475786876757413,0.00414496572158185,-0.004355682954167217,479.3154903363773,0.00020483767169414145,197562.71310599634,61,7,3.0,3.0,256.0,256.0,0.041500091552734375,0.4610893710050732,1.4266788079985417,55.05244532698998
hc9u.txt,1,all,61,serious,OPTIMAL,OPTIMAL,OPTIMAL,OPTIMAL,True,0.9453400739067742,0.9453400739067742,0.9453400739067742,0.9453400739067742,0.9453400739067742,42.0,97.74919030022197,-0.9453400739067742,-0.9453400739067742,-0.9455060109378997,0.0020722889837402336,0.0019063519526147932,256.7794381965501,0.00010240922319413521,138293.89917419743,62,2,3.0,3.0,256.0,256.0,0.03147602081298828,0.3569851079955697,1.2718145489925519,56.32431007100968
hc9u.txt,1,all,62,null,OPTIMAL,OPTIMAL,OPTIMAL,OPTIMAL,True,0.9453400739067742,0.9446061582317706,0.9446061582317706,0.9446061582317706,0.9453400739067742,42.0,97.74919030022197,-0.9453400739067742,-0.9446061582317706,-0.9483534072568836,0.0030133333501093373,-0.0007339156750035825,405.22530903956215,0.00014313744489362421,276587.79834839486,63,5,3.0,3.0,256.0,256.0,0.04676008224487305,0.48593820800306275,1.4077260830090381,57.732048520992976
hc9u.txt,1,all,63,null,OPTIMAL,OPTIMAL,OPTIMAL,OPTIMAL,True,0.9453400739067742,0.9454353927045466,0.9454353927045466,0.9454353927045466,0.9454353927045466,42.0,97.74896335070346,-0.9453400739067742,-0.9454353927045466,-0.9469382492613058,0.0015981753545315502,9.531879777235908e-05,314.1258106687113,7.169374121337511e-05,553175.5966967897,64,3,3.0,3.0,256.0,256.0,0.03904104232788086,0.40783929999452084,1.3710426810139325,59.10310499998741
hc9u.txt,1,all,64,serious,OPTIMAL,OPTIMAL,OPTIMAL,OPTIMAL,True,0.9456902655823244,0.9456902655823244,0.9456902655823244,0.9456902655823244,0.9456902655823244,42.0,97.74835651051828,-0.9456902655823244,-0.9456902655823244,-0.9462198778931628,0.0008798039863885387,0.00035019167555017106,182.0863898771068,3.587446904275705e-05,387222.9176877528,65,1,3.0,3.0,256.0,255.99999999999997,0.02938699722290039,0.4600198209809605,1.4168596340168733,60.519979703996796
hc9u.txt,1,all,65,serious,OPTIMAL,OPTIMAL,OPTIMAL,OPTIMAL,True,0.946501825718271,0.946501825718271,0.946501825718271,0.946501825718271,0.946501825718271,42.0,97.74642422448031,-0.946501825718271,-0.946501825718271,-0.9472257232688452,0.001535457686520858,0.0008115601359466318,256.7237983095157,5.118165476537305e-05,271056.04238142696,66,2,3.0,3.0,256.0,256.0,0.032157182693481445,0.41337362900958396,1.4103795500122942,61.930375675001414
hc9u.txt,1,all,66,serious,OPTIMAL,OPTIMAL,OPTIMAL,OPTIMAL,True,0.9472742981990147,0.9472742981990147,0.9472742981990147,0.9472742981990147,0.9472742981990147,42.0,97.74458500428807,-0.9472742981990147,-0.9472742981990147,-0.9486438033060289,0.002141977587757915,0.0007724724807436356,405.2199336045307,7.236296419628406e-05,189739.22966699887,67,5,3.0,3.0,256.0,256.0,0.035626888275146484,0.39082595700165257,1.4993128810019698,63.42970694298856
hc9u.txt,1,all,67,null,OPTIMAL,OPTIMAL,OPTIMAL,OPTIMAL,True,0.9472742981990147,0.9471640172158743,0.9471640172158743,0.9471640172158743,0.9472742981990147,42.0,97.74458500428807,-0.9472742981990147,-0.9471640172158743,-0.9506518676178292,0.003377569418814508,-0.00011028098314036505,405.2151513857066,0.00010310673641585404,379478.45933399774,68,5,3.0,3.0,256.0,256.0,0.030771970748901367,0.40836404799483716,1.480814353999449,64.91053809900768
hc9u.txt,1,all,68,serious,OPTIMAL,OPTIMAL,OPTIMAL,OPTIMAL,True,0.9489367418593156,0.9489367418593156,0.9489367418593156,0.9489367418593156,0.9489367418593156,42.0,97.74062680509687,-0.9489367418593156,-0.9489367418593156,-0.9496356624876299,0.0023613642886152197,0.001662443660300994,18.96299006631111,5.132156455419778e-05,265634.9215337984,69,0,3.0,3.0,256.0,256.0,0.03696084022521973,0.3891707220172975,1.3510955990059301,66.26166560899583
hc9u.txt,1,all,69,serious,OPTIMAL,OPTIMAL,OPTIMAL,OPTIMAL,True,0.9497617181728729,0.9497617181728729,0.9497617181728729,0.9497617181728729,0.9497617181728729,42.0,97.73866257577886,-0.9497617181728729,-0.9497617181728729,-0.9502897915073432,0.0013530496480275156,0.0008249763135572685,256.69388213682197,7.1393429092964e-05,185944.44507365886,70,2,3.0,3.0,256.0,256.0,0.04242587089538574,0.4271587840048596,1.5228854279848747,67.7845661790052
hc9u.txt,1,all,70,null,OPTIMAL,OPTIMAL,OPTIMAL,OPTIMAL,True,0.9497617181728729,0.9420966563321213,0.9420966563321213,0.9420966563321213,0.9497617181728729,42.0,97.73866257577886,-0.9497617181728729,-0.9420966563321213,-0.9521977115988828,0.0024359934260098637,-0.0076650618407516635,652.9482895626417,0.00010142495177990092,371888.8901473177,71,13,3.0,3.0,256.0,256.0,0.05256795883178711,0.39156714698765427,1.4920735049818177,69.27665396098746
hc9u.txt,1,all,71,serious,OPTIMAL,OPTIMAL,OPTIMAL,OPTIMAL,True,0.9503552151888148,0.9503552151888148,0.9503552151888148,0.9503552151888148,0.9503552151888148,42.0,97.73724948764568,-0.9503552151888148,-0.9503552151888148,-0.9512332512631072,0.0014715330902342894,0.0005934970159419128,512.3471886141652,5.032144778820686e-05,260322.22310312238,72,8,3.0,3.0,256.0,256.0,0.05196189880371094,0.42671489098574966,1.4544231469917577,70.73116017499706
hc9u.txt,1,all,72,serious,OPTIMAL,OPTIMAL,OPTIMAL,OPTIMAL,True,0.9518048127206614,0.9518048127206614,0.9518048127206614,0.9518048127206614,0.9518048127206614,42.0,97.73379806495082,-0.9518048127206614,-0.9518048127206614,-0.952499061719317,0.002143846530502147,0.0014495975318465915,362.5349788707079,6.978447347978342e-05,182225.55617218566,73,4,3.0,3.0,256.0,256.0,0.03762102127075195,0.4146879239997361,1.4592784880078398,72.19045427400852
hc9u.txt,1,all,73,serious,OPTIMAL,OPTIMAL,OPTIMAL,OPTIMAL,True,0.9529748740750751,0.9529748740750751,0.9529748740750751,0.9529748740750751,0.9529748740750751,42.0,97.73101220458317,-0.9529748740750751,-0.9529748740750751,-0.9543067944117862,0.0025019816911248105,0.001170061354413665,443.80582199044443,9.965040631514349e-05,127557.88932052995,74,6,3.0,3.0,256.0,256.0,0.04123377799987793,0.4671826389967464,1.5568584419961553,73.74732729198877
hc9u.txt,1,all,74,null,OPTIMAL,OPTIMAL,OPTIMAL,OPTIMAL,True,0.9529748740750751,0.9523328557541656,0.9523328557541656,0.9523328557541656,0.9529748740750751,42.0,97.73101220458317,-0.9529748740750751,-0.9523328557541656,-0.9568784437768706,0.0039035697017955062,-0.0006420183209094876,512.3505814449993,0.0001421522435577442,255115.7786410599,75,8,3.0,3.0,256.0,256.0,0.050811052322387695,0.39824590500211343,1.4856844730093144,75.23302567901555
hc9u.txt,1,all,75,serious,OPTIMAL,OPTIMAL,OPTIMAL,OPTIMAL,True,0.9546627123602858,0.9546627123602858,0.9546627123602858,0.9546627123602858,0.9546627123602858,42.0,97.72699354199932,-0.9546627123602858,-0.9546627123602858,-0.9555810993546471,0.0026062252795719942,0.0016878382852106855,479.3072745201433,7.104969674415384e-05,178581.04504874191,76,7,3.0,3.0,256.0,256.0,0.050071001052856445,0.40845033701043576,1.5875427360006142,76.82058309801505
hc9u.txt,1,all,76,serious,OPTIMAL,OPTIMAL,OPTIMAL,OPTIMAL,True,0.9558045036704039,0.9558045036704039,0.9558045036704039,0.9558045036704039,0.9558045036704039,42.0,97.72427499126094,-0.9558045036704039,-0.9558045036704039,-0.9574117251824685,0.0027490128221827614,0.0011417913101181565,443.8051639811353,0.0001013338526301808,125006.73153411933,77,6,3.0,3.0,256.0,256.0,0.04843401908874512,0.42966043201158755,1.5015507850039285,78.32214955400559
hc9u.txt,1,all,77,serious,OPTIMAL,OPTIMAL,OPTIMAL,OPTIMAL,True,0.9584320334298426,0.9584320334298426,0.9584320334298426,0.9584320334298426,0.9584320334298426,42.0,97.71801896802418,-0.9584320334298426,-0.9584320334298426,-0.9600126139483537,0.0042081102779497614,0.002627529759438696,362.52999807043017,0.00014432113344451763,87504.71207388352,78,4,3.0,3.0,256.0,256.0,0.0407562255859375,0.41198575601447374,1.5944615629850887,79.91662871101289
hc9u.txt,1,all,78,null,OPTIMAL,OPTIMAL,OPTIMAL,OPTIMAL,True,0.9584320334298426,0.9541589624070917,0.9541589624070917,0.9541589624070917,0.9584320334298426,42.0,97.71801896802418,-0.9584320334298426,-0.9541589624070917,-0.9637006887685062,0.005268655338663608,-0.004273071022750874,627.36870254623,0.00020543950129902383,175009.42414776704,79,12,3.0,3.0,256.0,256.0,0.06967592239379883,0.5052451769879553,1.7027954570075963,81.6194453019998
hc9u.txt,1,all,79,null,OPTIMAL,OPTIMAL,OPTIMAL,OPTIMAL,True,0.9584320334298426,0.9583957709766168,0.9583957709766168,0.9583957709766168,0.9584320334298426,42.0,97.71801896802418,-0.9584320334298426,-0.9583957709766168,-0.9618384152918859,0.0034063818620432285,-3.626245322585486e-05,479.31180813070165,0.00010224335014621826,350018.8482955341,80,7,3.0,3.0,256.0,256.0,0.052484989166259766,0.40577165700960904,1.6213245410181116,83.24078374399687
hc9u.txt,1,all,80,serious,OPTIMAL,OPTIMAL,OPTIMAL,OPTIMAL,True,0.9592258670607754,0.9592258670607754,0.9592258670607754,0.9592258670607754,0.9592258670607754,42.0,97.71612888795053,-0.9592258670607754,-0.9592258670607754,-0.9609217610143482,0.0024897275845056077,0.000793833630932772,362.5300787066555,5.1312330930887754e-05,245013.19380687384,81,4,3.0,3.0,256.0,256.0,0.04691290855407715,0.4135372920136433,1.6157937430252787,84.85659230800229
hc9u.txt,1,all,81,serious,OPTIMAL,OPTIMAL,OPTIMAL,OPTIMAL,True,0.9595744829724786,0.9595744829724786,0.9595744829724786,0.9595744829724786,0.9595744829724786,42.0,97.71529885006554,-0.9595744829724786,-0.9595744829724786,-0.9622156709532955,0.0029898038925201265,0.0003486159117032095,314.11223510591867,7.295053845616847e-05,171509.23566481168,82,3,3.0,3.0,256.0,256.0,0.06021690368652344,0.4876438849896658,1.7433576869952958,86.60005837399513
hc9u.txt,1,all,82,serious,OPTIMAL,OPTIMAL,OPTIMAL,OPTIMAL,True,0.9604316762920336,0.9604316762920336,0.9604316762920336,0.9604316762920336,0.9604316762920336,42.0,97.71325791359041,-0.9604316762920336,-0.9604316762920336,-0.9640516521301667,0.004477169157688143,0.0008571933195550274,512.3730040576618,0.00010421853581627027,120056.46496536817,83,8,3.0,3.0,256.0,256.0,0.05216503143310547,0.4516706599970348,1.8095708650071174,88.40964612801326
hc9u.txt,1,all,83,serious,OPTIMAL,OPTIMAL,OPTIMAL,OPTIMAL,True,0.9618259098422993,0.9618259098422993,0.9618259098422993,0.9618259098422993,0.9618259098422993,42.0,97.70993830989929,-0.9618259098422993,-0.9618259098422993,-0.9666701792227975,0.0062385029307638895,0.0013942335502656888,512.3739321598839,0.0001481859711380282,84039.52547575772,84,8,3.0,3.0,256.0,256.0,0.05406785011291504,0.4327757680148352,1.6486924029886723,90.05835172499064
hc9u.txt,1,all,84,null,OPTIMAL,OPTIMAL,OPTIMAL,OPTIMAL,True,0.9618259098422993,0.9613155924165547,0.9613155924165547,0.9613155924165547,0.9618259098422993,42.0,97.70993830989929,-0.9618259098422993,-0.9613155924165547,-0.9704043916481592,0.00857848180585985,-0.0005103174257445886,405.2739676308753,0.00021136316161596955,168079.05095151544,85,5,3.0,3.0,256.0,256.0,0.08272719383239746,0.39617501801694743,1.7271949629939627,91.78556097199908
hc9u.txt,1,all,85,serious,OPTIMAL,OPTIMAL,OPTIMAL,OPTIMAL,True,0.9645763538770737,0.9645763538770737,0.9645763538770737,0.9645763538770737,0.9645763538770737,42.0,97.70338963362602,-0.9645763538770737,-0.9645763538770737,-0.9685093289747808,0.006683419132481494,0.002750444034774424,182.13057557353716,0.00010521759204079576,117655.3356660608,86,1,3.0,3.0,256.0,256.0,0.054286956787109375,0.45099299200228415,1.6538831070065498,93.43946081001195
hc9u.txt,1,all,86,serious,OPTIMAL,OPTIMAL,OPTIMAL,OPTIMAL,True,0.9672665663895195,0.9672665663895195,0.9672665663895195,0.9672665663895195,0.9672665663895195,42.0,97.69698436573924,-0.9672665663895195,-0.9672665663895195,-0.9710281266332912,0.006451772756217444,0.002690212512445722,20.284765295481964,0.00014980754840467216,82358.73496624255,87,0,4.0,4.0,256.0,256.0,0.07626104354858398,0.3908189369831234,1.7228176030039322,95.16229239999666
hc9u.txt,1,all,87,null,OPTIMAL,OPTIMAL,OPTIMAL,OPTIMAL,True,0.9672665663895195,0.946623652495005,0.946623652495005,0.946623652495005,0.9672665663895195,42.0,97.69698436573924,-0.9672665663895195,-0.946623652495005,-0.9722082644405766,0.004941698051057153,-0.020642913894514447,724.3308401132991,0.000244115288420872,164717.4699324851,88,16,3.0,3.0,256.0,256.0,0.08174395561218262,0.4469719310000073,1.7882164859911427,96.95052102900809
hc9u.txt,1,all,88,null,OPTIMAL,OPTIMAL,OPTIMAL,OPTIMAL,True,0.9672665663895195,0.9653674877014461,0.9653674877014461,0.9653674877014461,0.9672665663895195,42.0,97.69698436573924,-0.9672665663895195,-0.9653674877014461,-0.9697405016607854,0.002473935271265937,-0.0018990786880733745,572.7716952805251,0.00012201864564396446,329434.9398649702,89,10,3.0,3.0,256.0,256.0,0.08657383918762207,0.6179214040166698,1.9285892700136174,98.87912304399651
hc9u.txt,1,all,89,serious,OPTIMAL,OPTIMAL,OPTIMAL,OPTIMAL,True,0.9679598936235767,0.9679598936235767,0.9679598936235767,0.9679598936235767,0.9679598936235767,42.0,97.69533358661052,-0.9679598936235767,-0.9679598936235767,-0.9685153757134274,0.0012488093239079179,0.0006933272340572394,182.09616697857,6.156462095426862e-05,230604.45790547912,90,1,3.0,3.0,256.0,256.0,0.13279485702514648,0.41962735398556106,1.9848242989974096,100.8639617380104
hc9u.txt,1,all,90,serious,OPTIMAL,OPTIMAL,OPTIMAL,OPTIMAL,True,0.9685480312870377,0.9685480312870377,0.9685480312870377,0.9685480312870377,0.9685480312870377,42.0,97.69393325884039,-0.9685480312870377,-0.9685480312870377,-0.9702126425411908,0.002252748917614067,0.0005881376634609969,443.8324224992259,8.546411143691642e-05,161423.12053383538,91,6,3.0,3.0,256.0,256.0,0.1437079906463623,0.4569953970203642,1.8650149010063615,102.72899257601239
hc9u.txt,1,all,91,serious,OPTIMAL,OPTIMAL,OPTIMAL,OPTIMAL,True,0.9694372651232993,0.9694372651232993,0.9694372651232993,0.9694372651232993,0.9694372651232993,42.0,97.69181603542071,-0.9694372651232993,-0.9694372651232993,-0.9725379203328903,0.003989889045852624,0.0008892338362616048,512.3544016800087,0.0001199835405791615,112996.18437368475,92,8,3.0,3.0,256.0,256.0,0.11734390258789062,0.5163559180218726,1.9742237589962315,104.70328428898938
hc9u.txt,1,all,92,null,OPTIMAL,OPTIMAL,OPTIMAL,OPTIMAL,True,0.9694372651232993,0.9669389600936331,0.9669389600936331,0.9669389600936331,0.9694372651232993,42.0,97.69181603542071,-0.9694372651232993,-0.9669389600936331,-0.9757274461593182,0.00629018103601886,-0.0024983050296661924,572.7400718049,0.00016602578110693647,225992.3687473695,93,10,3.0,3.0,256.0,256.0,0.13745498657226562,0.39249843900324777,1.9413313050172292,106.64462997499504
hc9u.txt,1,all,93,serious,OPTIMAL,OPTIMAL,OPTIMAL,OPTIMAL,True,0.9712981304675615,0.9712981304675615,0.9712981304675615,0.9712981304675615,0.9712981304675615,42.0,97.68738540364868,-0.9712981304675615,-0.9712981304675615,-0.9741597918470234,0.004722526723724085,0.0018608653442622192,479.3025054704709,8.549249033036462e-05,158194.65812315865,94,7,3.0,3.0,256.0,256.0,0.12100601196289062,0.49856338900281116,1.9429725719965063,108.58761488599703
hc9u.txt,1,all,94,serious,OPTIMAL,OPTIMAL,OPTIMAL,OPTIMAL,True,0.9737062164683943,0.9737062164683943,0.9737062164683943,0.9737062164683943,0.9737062164683943,42.0,97.68165186555146,-0.9737062164683943,-0.9737062164683943,-0.976233497677978,0.00493536721041643,0.0024080860008327543,478.7559622266071,0.00011136551075471518,110736.26068621104,95,7,3.0,3.0,254.0,256.0,0.09297394752502441,0.4241789890220389,1.970656727993628,110.55828956200276
hc9u.txt,1,all,95,null,OPTIMAL,OPTIMAL,OPTIMAL,OPTIMAL,True,0.9737062164683943,0.9738692662371615,0.9738692662371615,0.9738692662371615,0.9738692662371615,42.0,97.68126365181628,-0.9737062164683943,-0.9738692662371615,-0.9787054999911061,0.004999283522711839,0.00016304976876724275,572.7576221235232,0.00014951706200020908,221472.52137242208,96,10,3.0,3.0,256.0,256.0,0.09665989875793457,0.46223781898152083,1.9104941829864401,112.46879725999315
hc9u.txt,1,all,96,serious,OPTIMAL,OPTIMAL,OPTIMAL,OPTIMAL,True,0.9753202049560423,0.9753202049560423,0.9753202049560423,0.9753202049560423,0.9753202049560423,42.0,97.67780903581895,-0.9753202049560423,-0.9753202049560423,-0.9774627299674683,0.003756513499074021,0.0016139884876480437,314.0882086859033,7.482086117023018e-05,155030.76496069544,97,3,3.0,3.0,256.0,256.0,0.0878441333770752,0.41283819198724814,1.8804813979950268,114.34929388901219
hc9u.txt,1,all,97,null,OPTIMAL,OPTIMAL,OPTIMAL,OPTIMAL,True,0.9753202049560423,0.9752729487163934,0.9752729487163934,0.9752729487163934,0.9753202049560423,42.0,97.67780903581895,-0.9753202049560423,-0.9752729487163934,-0.9792161257831984,0.003895920827156063,-4.725623964896286e-05,600.682346500223,0.0001066523440818709,310061.5299213909,98,11,3.0,3.0,256.0,256.0,0.09630584716796875,0.4092775610042736,1.9025686210079584,116.25187673300388
hc9u.txt,1,all,98,serious,OPTIMAL,OPTIMAL,OPTIMAL,OPTIMAL,True,0.9761350557892028,0.9761350557892028,0.9761350557892028,0.9761350557892028,0.9761350557892028,42.0,97.67586891478761,-0.9761350557892028,-0.9761350557892028,-0.9783332615271683,0.0030130565711259383,0.0008148508331604631,181.98697303045532,5.364396847088142e-05,217043.0709449736,99,1,3.0,3.0,256.0,256.0,0.0839688777923584,0.4338049409852829,2.2814929139858577,118.53338231699308
hc9u.txt,1,all,99,null,OPTIMAL,OPTIMAL,OPTIMAL,OPTIMAL,True,0.9761350557892028,0.9762839736656659,0.9762839736656659,0.9762839736656659,0.9762839736656659,42.0,97.67551434841508,-0.9761350557892028,-0.9762839736656659,-0.9795674249547659,0.0034323691655631094,0.00014891787646309496,512.3663418540256,7.665210355426515e-05,434086.1418899472,100,8,3.0,3.0,256.0,256.0,0.12749600410461426,0.45029174198862165,1.9346335340233054,120.46802694199141
hc9u.txt,1,all,100,serious,OPTIMAL,OPTIMAL,OPTIMAL,OPTIMAL,True,0.9766488780660985,0.9766488780660985,0.9766488780660985,0.9766488780660985,0.9766488780660985,42.0,97.67464552841405,-0.9766488780660985,-0.9766488780660985,-0.9789407317132653,0.002805675924062556,0.0005138222768956702,256.72500226098526,3.9797087635407305e-05,303860.299322963,101,2,3.0,3.0,256.0,256.0,0.0786280632019043,0.40706274099648,1.9809034880017862,122.4489420170139
hc9u.txt,1,all,101,serious,OPTIMAL,OPTIMAL,OPTIMAL,OPTIMAL,True,0.9770224256059072,0.9770224256059072,0.9770224256059072,0.9770224256059072,0.9770224256059072,42.0,97.67375612950974,-0.9770224256059072,-0.9770224256059072,-0.9798124327133424,0.003163554647243938,0.00037354753980878286,443.8217886670155,5.465752235163129e-05,212702.2095260741,102,6,3.0,3.0,256.0,256.0,0.0988919734954834,0.4570257820014376,2.2208107660117093,124.6698113399907
hc9u.txt,1,all,102,null,OPTIMAL,OPTIMAL,OPTIMAL,OPTIMAL,True,0.9770224256059072,0.9770884249533627,0.9770884249533627,0.9770884249533627,0.9770884249533627,42.0,97.67359898820628,-0.9770224256059072,-0.9770884249533627,-0.9810643902009636,0.0040419645950563465,6.599934745543656e-05,543.4076927484543,7.722376177119037e-05,425404.4190521482,103,9,3.0,3.0,256.0,256.0,0.0998070240020752,0.4271193669992499,1.9743731549824588,126.64419810898835
hc9u.txt,1,all,103,serious,OPTIMAL,OPTIMAL,OPTIMAL,OPTIMAL,True,0.9779596139732274,0.9779596139732274,0.9779596139732274,0.9779596139732274,0.9779596139732274,42.0,97.67152472863518,-0.9779596139732274,-0.9779596139732274,-0.980424097261039,0.0034016716551317216,0.000937188367320152,256.73327342037413,3.90623031240026e-05,297783.0933365037,104,2,3.0,3.0,256.0,256.0,0.08796286582946777,0.5250958910037298,2.0593418019998353,128.70355429299525
hc9u.txt,1,all,104,null,OPTIMAL,OPTIMAL,OPTIMAL,OPTIMAL,True,0.9779596139732274,0.9782690450092333,0.9782690450092333,0.9782690450092333,0.9782690450092333,42.0,97.67078798807324,-0.9779596139732274,-0.9782690450092333,-0.9813133264229643,0.003353712449736923,0.0003094310360058916,256.7290531509237,5.5759569775785587e-05,595566.1866730074,105,2,3.0,3.0,256.0,256.0,0.11238288879394531,0.45477934600785375,2.1069625959789846,130.8105335480068
hc9u.txt,1,all,105,serious,OPTIMAL,OPTIMAL,OPTIMAL,OPTIMAL,True,0.9783515565784583,0.9783515565784583,0.9783515565784583,0.9783515565784583,0.9783515565784583,42.0,97.67059153195603,-0.9783515565784583,-0.9783515565784583,-0.9808536883950645,0.0028940744218370895,0.0003919426052308994,19.385334029709384,3.044923374663297e-05,416896.3306711052,106,0,3.0,3.0,256.0,256.0,0.09625601768493652,0.46557493100408465,2.0433207209862303,132.85386835900135
hc9u.txt,1,all,106,serious,OPTIMAL,OPTIMAL,OPTIMAL,OPTIMAL,True,0.9791127345932011,0.9791127345932011,0.9791127345932011,0.9791127345932011,0.9791127345932011,42.0,97.66877920334953,-0.9791127345932011,-0.9791127345932011,-0.9792461103302793,0.0008945537518210145,0.0007611780147428471,182.01834306516716,4.618353022338537e-05,291827.4314697736,107,1,3.0,3.0,256.0,256.0,0.0857701301574707,0.4391841049946379,2.0577832789858803,134.9116666020127
hc9u.txt,1,all,107,null,OPTIMAL,OPTIMAL,OPTIMAL,OPTIMAL,True,0.9791127345932011,0.9770899251929788,0.9770899251929788,0.9770899251929788,0.9791127345932011,42.0,97.66877920334953,-0.9791127345932011,-0.9770899251929788,-0.9805028633298678,0.0013901287366666626,-0.0020228094002223695,572.7369541593653,6.546967274786443e-05,583654.8629395472,108,10,3.0,3.0,256.0,256.0,0.1621251106262207,0.42260763299418613,2.2083346199942753,137.12001662899274
hc9u.txt,1,all,108,null,OPTIMAL,OPTIMAL,OPTIMAL,OPTIMAL,True,0.9791127345932011,0.9787625460819834,0.9787625460819834,0.9787625460819834,0.9791127345932011,42.0,97.66877920334953,-0.9791127345932011,-0.9787625460819834,-0.9798788242387995,0.0007660896455983224,-0.00035018851121770833,405.2102426790285,3.2894549900980776e-05,1000000.0,109,5,3.0,3.0,256.0,256.0,0.10743904113769531,0.48022569800377823,2.119311985996319,139.23934231500607
hc9u.txt,1,all,109,serious,OPTIMAL,OPTIMAL,OPTIMAL,OPTIMAL,True,0.9792571093714874,0.9792571093714874,0.9792571093714874,0.9792571093714874,0.9792571093714874,42.0,97.6684354538774,-0.9792571093714874,-0.9792571093714874,-0.97961293937587,0.0005002047826688782,0.00014437477828621592,256.70982025500854,1.9130548812112168e-05,700000.0,110,2,3.0,3.0,256.0,256.0,0.13033604621887207,0.47306530899368227,2.1393758920021355,141.37873349300935
hc9u.txt,1,all,110,serious,OPTIMAL,OPTIMAL,OPTIMAL,OPTIMAL,True,0.9797726947493037,0.9797726947493037,0.9797726947493037,0.9797726947493037,0.9797726947493037,42.0,97.66720786964453,-0.9797726947493037,-0.9797726947493037,-0.9801274358816092,0.000870326510121866,0.0005155853778163744,256.68467825841526,2.716920524655783e-05,489999.99999999994,111,2,3.0,3.0,256.0,256.0,0.08408093452453613,0.4354839450097643,2.1799948789994232,143.5587457359943
hc9u.txt,1,all,111,null,OPTIMAL,OPTIMAL,OPTIMAL,OPTIMAL,True,0.9797726947493037,0.9795238447451601,0.9795238447451601,0.9795238447451601,0.9797726947493037,42.0,97.66720786964453,-0.9797726947493037,-0.9795238447451601,-0.9808346491936424,0.001061954444338653,-0.00024885000414365255,543.3777036468404,3.796939836589238e-05,979999.9999999999,112,9,3.0,3.0,256.0,256.0,0.11219596862792969,0.45767296801204793,2.327118050015997,145.88594047201332
hc9u.txt,1,all,112,serious,OPTIMAL,OPTIMAL,OPTIMAL,OPTIMAL,True,0.9799226261301888,0.9799226261301888,0.9799226261301888,0.9799226261301888,0.9799226261301888,42.0,97.66685089016622,-0.9799226261301888,-0.9799226261301888,-0.9804803311964455,0.0007076364471417795,0.00014993138088503777,362.51760287519835,1.9005285875605308e-05,685999.9999999999,113,4,3.0,3.0,256.0,256.0,0.14688897132873535,0.5156294560001697,2.2654330270015635,148.15138967399253
hc9u.txt,1,all,113,serious,OPTIMAL,OPTIMAL,OPTIMAL,OPTIMAL,True,0.9802754493131833,0.9802754493131833,0.9802754493131833,0.9802754493131833,0.9802754493131833,42.0,97.6660108349686,-0.9802754493131833,-0.9802754493131833,-0.9809727640125577,0.0010501378823689622,0.00035282318299456605,362.53410417894656,2.6891578791293848e-05,480199.9999999999,114,4,3.0,3.0,256.0,256.0,0.1572279930114746,0.46568749099969864,2.2634259030164685,150.41483040098683
hc9u.txt,1,all,114,null,OPTIMAL,OPTIMAL,OPTIMAL,OPTIMAL,True,0.9802754493131833,0.9802570233963612,0.9802570233963612,0.9802570233963612,0.9802754493131833,42.0,97.6660108349686,-0.9802754493131833,-0.9802570233963612,-0.98166372797148,0.0013882786582967155,-1.8425916822106814e-05,314.10687126274615,3.806857361284263e-05,960399.9999999998,115,3,3.0,3.0,256.0,256.0,0.08824300765991211,0.4830050650052726,2.217483746993821,152.63232796400553
hc9u.txt,1,all,115,serious,OPTIMAL,OPTIMAL,OPTIMAL,OPTIMAL,True,0.9808280377596813,0.9808280377596813,0.9808280377596813,0.9808280377596813,0.9808280377596813,42.0,97.66469514819126,-0.9808280377596813,-0.9808280377596813,-0.9813099389367207,0.0010344896235373602,0.0005525884464979702,182.00551603930518,1.9042509628714675e-05,672279.9999999998,116,1,3.0,3.0,256.0,256.0,0.11939692497253418,0.4653973910026252,2.4608881319873035,155.09323004999897
hc9u.txt,1,all,116,null,OPTIMAL,OPTIMAL,OPTIMAL,OPTIMAL,True,0.9808280377596813,0.9809158735508071,0.9809158735508071,0.9809158735508071,0.9809158735508071,42.0,97.66448601535524,-0.9808280377596813,-0.9809158735508071,-0.9817966872407778,0.0009686494810965396,8.783579112581208e-05,182.00498041490502,2.7125747594595464e-05,1000000.0,117,1,3.0,3.0,256.0,255.99999999999997,0.1647031307220459,0.47639838297618553,2.3837972409965005,157.47704172201338
hc9u.txt,1,all,117,serious,OPTIMAL,OPTIMAL,OPTIMAL,OPTIMAL,True,0.9810993376966658,0.9810993376966658,0.9810993376966658,0.9810993376966658,0.9810993376966658,42.0,97.66404919596032,-0.9810993376966658,-0.9810993376966658,-0.9816293382309158,0.0008013004712345007,0.0002712999369844926,18.9273465304997,1.843160613790315e-05,700000.0,118,0,3.0,3.0,256.0,256.0,0.10877203941345215,0.5614858090120833,2.2892663340026047,159.7663212660118
hc9u.txt,1,all,118,serious,OPTIMAL,OPTIMAL,OPTIMAL,OPTIMAL,True,0.9814538829988456,0.9814538829988456,0.9814538829988456,0.9814538829988456,0.9814538829988456,42.0,97.66320504047896,-0.9814538829988456,-0.9814538829988456,-0.9816097444079486,0.0005104067112827737,0.0003545453021798206,181.98712005353804,2.6973159902371767e-05,489999.99999999994,119,1,3.0,3.0,256.0,256.0,0.11113286018371582,0.46790106600383297,2.2562945969984867,162.02263046000735
hc9u.txt,1,all,119,null,OPTIMAL,OPTIMAL,OPTIMAL,OPTIMAL,True,0.9814538829988456,0.9813026737739589,0.9813026737739589,0.9813026737739589,0.9814538829988456,42.0,97.66320504047896,-0.9814538829988456,-0.9813026737739589,-0.9823251384094193,0.0008712554105736459,-0.00015120922488676136,479.29647563102884,3.820791827395676e-05,979999.9999999999,120,7,3.0,3.0,256.0,256.0,0.1278679370880127,0.4158586249977816,2.238799824990565,164.26144382101484
hc9u.txt,1,all,120,serious,OPTIMAL,OPTIMAL,OPTIMAL,OPTIMAL,True,0.9818418002647209,0.9818418002647209,0.9818418002647209,0.9818418002647209,0.9818418002647209,42.0,97.66228142794114,-0.9818418002647209,-0.9818418002647209,-0.9819682823013348,0.0005143993024891991,0.00038791726587528164,18.738063570853217,1.9151140013354274e-05,685999.9999999999,121,0,3.0,3.0,256.0,256.0,0.0785670280456543,0.4444565169978887,2.2938904000038747,166.55534791800892
hc9u.txt,1,all,121,serious,OPTIMAL,OPTIMAL,OPTIMAL,OPTIMAL,True,0.9820520421244691,0.9820520421244691,0.9820520421244691,0.9820520421244691,0.9820520421244691,42.0,97.6617808520846,-0.9820520421244691,-0.9820520421244691,-0.9823486367579828,0.0005068364932618863,0.00021024185974816145,314.08123474942374,2.711380303312029e-05,480199.9999999999,122,3,3.0,3.0,256.0,256.0,0.17774105072021484,0.5507046999991871,2.3858285860042088,168.94126982300077
hc9u.txt,1,all,122,null,OPTIMAL,OPTIMAL,OPTIMAL,OPTIMAL,True,0.9820520421244691,0.9812670700316276,0.9812670700316276,0.9812670700316276,0.9820520421244691,42.0,97.6617808520846,-0.9820520421244691,-0.9812670700316276,-0.9830072484845889,0.0009552063601198091,-0.0007849720928414516,652.9344068974337,3.679946546583047e-05,960399.9999999998,123,13,3.0,3.0,256.0,256.0,0.12503290176391602,0.5171111800009385,2.818785020004725,171.76007109199418
hc9u.txt,1,all,123,serious,OPTIMAL,OPTIMAL,OPTIMAL,OPTIMAL,True,0.9822955948780164,0.9822955948780164,0.9822955948780164,0.9822955948780164,0.9822955948780164,42.0,97.66120096457615,-0.9822955948780164,-0.9822955948780164,-0.9826833550266584,0.0006313129021893182,0.00024355275354737138,405.19355239971003,1.8548847366484532e-05,672279.9999999998,124,5,3.0,3.0,256.0,256.0,0.16854500770568848,0.40108822198817506,2.278298295015702,174.038384296
hc9u.txt,1,all,124,serious,OPTIMAL,OPTIMAL,OPTIMAL,OPTIMAL,True,0.9824768318346523,0.9824768318346523,0.9824768318346523,0.9824768318346523,0.9824768318346523,42.0,97.66076944801273,-0.9824768318346523,-0.9824768318346523,-0.9831341058794807,0.0008385110014642594,0.00018123695663585515,572.7296790647208,2.5871365773470882e-05,470595.9999999998,125,10,3.0,3.0,256.0,256.0,0.1473841667175293,0.44675289798760787,2.4346955619985238,176.47309144001338
hc9u.txt,1,all,125,null,OPTIMAL,OPTIMAL,OPTIMAL,OPTIMAL,True,0.9824768318346523,0.9825063482599555,0.9825063482599555,0.9825063482599555,0.9825063482599555,42.0,97.66069917080965,-0.9824768318346523,-0.9825063482599555,-0.9837645880876135,0.0012877562529611808,2.9516425303244276e-05,600.6562567337392,3.6693319301696536e-05,941191.9999999997,126,11,2.0,2.0,256.0,256.0,0.13300299644470215,0.46421779500087723,2.391858720977325,178.8649633069872
hc9u.txt,1,all,126,serious,OPTIMAL,OPTIMAL,OPTIMAL,OPTIMAL,True,0.9831427223317206,0.9831427223317206,0.9831427223317206,0.9831427223317206,0.9831427223317206,42.0,97.65918399444828,-0.9831427223317206,-0.9831427223317206,-0.9834465225217822,0.0009696906871299316,0.0006658904970683333,479.2832584235046,1.834114012727684e-05,658834.3999999997,127,7,2.3323420872671536,2.3323420872671536,256.0,256.0,0.12191319465637207,0.44757620999007486,2.3776504800189286,181.24262626300333
hc9u.txt,1,all,127,serious,OPTIMAL,OPTIMAL,OPTIMAL,OPTIMAL,True,0.9834125793348135,0.9834125793348135,0.9834125793348135,0.9834125793348135,0.9834125793348135,42.0,97.65854147777426,-0.9834125793348135,-0.9834125793348135,-0.9838956782443229,0.0007529559126022711,0.0002698570030928993,443.7875856738644,2.6141182689959622e-05,461184.0799999997,128,6,2.0,2.0,256.0,256.0,0.10200810432434082,0.49216816198895685,2.3758382409869228,183.61847706598928
hc9u.txt,1,all,128,null,OPTIMAL,OPTIMAL,OPTIMAL,OPTIMAL,True,0.9834125793348135,0.9834983806458449,0.9834983806458449,0.9834983806458449,0.9834983806458449,42.0,97.65833718893845,-0.9834125793348135,-0.9834983806458449,-0.9845372996133811,0.0011247202785675814,8.58013110314193e-05,627.3336666261307,3.733688694643571e-05,922368.1599999995,129,12,2.0,2.0,256.0,256.0,0.1719980239868164,0.5121435530018061,2.617878789023962,186.2363695219974
hc9u.txt,1,all,129,serious,OPTIMAL,OPTIMAL,OPTIMAL,OPTIMAL,True,0.9838830673108488,0.9838830673108488,0.9838830673108488,0.9838830673108488,0.9838830673108488,42.0,97.65742126830749,-0.9838830673108488,-0.9838830673108488,-0.9842144436939652,0.0008018643591516383,0.00047048797603532755,256.6451333493623,1.8660246029989134e-05,645657.7119999996,130,2,2.0,2.0,256.0,256.0,0.12783193588256836,0.42534242902183905,2.993905294977594,189.23029108700575
hc9u.txt,1,all,130,null,OPTIMAL,OPTIMAL,OPTIMAL,OPTIMAL,True,0.9838830673108488,0.9838665822837047,0.9838665822837047,0.9838665822837047,0.9838830673108488,42.0,97.65742126830749,-0.9838830673108488,-0.9838665822837047,-0.9846696683012888,0.0007866009904399229,-1.6485027144130804e-05,600.6494896880474,2.6608982628328725e-05,1000000.0,131,11,2.0,2.0,256.0,256.0,0.10978293418884277,0.47024120498099364,2.901629561005393,192.13194042400573
hc9u.txt,1,all,131,serious,OPTIMAL,OPTIMAL,OPTIMAL,OPTIMAL,True,0.9840770017469985,0.9840770017469985,0.9840770017469985,0.9840770017469985,0.9840770017469985,42.0,97.65695951965,-0.9840770017469985,-0.9840770017469985,-0.9845069426466931,0.0006238753358442928,0.00019393443614967865,443.7779588737757,1.716519886040684e-05,700000.0,132,6,2.0,2.0,256.0,256.0,0.10589003562927246,0.44642107700929046,2.454790002986556,194.58681425100076
hc9u.txt,1,all,132,null,OPTIMAL,OPTIMAL,OPTIMAL,OPTIMAL,True,0.9840770017469985,0.9839764459328818,0.9839764459328818,0.9839764459328818,0.9840770017469985,42.0,97.65695951965,-0.9840770017469985,-0.9839764459328818,-0.9849201962290488,0.0008431944820502801,-0.00010055581411672065,543.3693549949281,2.429849808782961e-05,1000000.0,133,9,3.0,3.0,256.0,256.0,0.11468696594238281,0.471674182015704,2.481533853977453,197.0683642459917
hc9u.txt,1,all,133,serious,OPTIMAL,OPTIMAL,OPTIMAL,OPTIMAL,True,0.9844183993055042,0.9844183993055042,0.9844183993055042,0.9844183993055042,0.9844183993055042,42.0,97.65614666832023,-0.9844183993055042,-0.9844183993055042,-0.9847952017390346,0.0007181999920360393,0.0003413975585057072,181.95150659171338,1.702651347185932e-05,700000.0,134,1,3.0,3.0,256.0,256.0,0.1371901035308838,0.4348527709953487,2.7567437079851516,199.82512366800802
hc9u.txt,1,all,134,null,OPTIMAL,OPTIMAL,OPTIMAL,OPTIMAL,True,0.9844183993055042,0.9841925463645322,0.9841925463645322,0.9841925463645322,0.9844183993055042,42.0,97.65614666832023,-0.9844183993055042,-0.9841925463645322,-0.9851993835040671,0.0007809841985628729,-0.00022585294097199338,701.3268437654457,2.414935248810887e-05,1000000.0,135,15,3.0,3.0,256.0,256.0,0.1565539836883545,0.477314017014578,2.6867089080042206,202.5118494979979
hc9u.txt,1,all,135,serious,OPTIMAL,OPTIMAL,OPTIMAL,OPTIMAL,True,0.9845012174722111,0.9845012174722111,0.9845012174722111,0.9845012174722111,0.9845012174722111,42.0,97.65594948220901,-0.9845012174722111,-0.9845012174722111,-0.9850775442210692,0.0006591449155649576,8.281816670685505e-05,479.2859302825493,1.699144878689083e-05,700000.0,136,7,3.0,3.0,256.0,256.0,0.14710402488708496,0.492676367983222,2.601419092010474,205.11328442799277
hc9u.txt,1,all,136,serious,OPTIMAL,OPTIMAL,OPTIMAL,OPTIMAL,True,0.9848124155737347,0.9848124155737347,0.9848124155737347,0.9848124155737347,0.9848124155737347,42.0,97.65520853434825,-0.9848124155737347,-0.9848124155737347,-0.9854788435166799,0.0009776260444688267,0.00031119810152357985,443.7876299786147,2.4000799348542548e-05,489999.99999999994,137,6,3.0,3.0,256.0,256.0,0.13165998458862305,0.4378943500050809,2.4306633439846337,207.54395971799386
hc9u.txt,1,all,137,null,OPTIMAL,OPTIMAL,OPTIMAL,OPTIMAL,True,0.9848124155737347,0.9848109796739591,0.9848109796739591,0.9848109796739591,0.9848124155737347,42.0,97.65520853434825,-0.9848124155737347,-0.9848109796739591,-0.9860533716443405,0.0012409560706058143,-1.4358997755259395e-06,627.3395594453821,3.42913365550809e-05,979999.9999999999,138,12,3.0,3.0,256.0,256.0,0.1911180019378662,0.5202014450042043,2.774324473022716,210.3182977400138
hc9u.txt,1,all,138,serious,OPTIMAL,OPTIMAL,OPTIMAL,OPTIMAL,True,0.9852468433145743,0.9852468433145743,0.9852468433145743,0.9852468433145743,0.9852468433145743,42.0,97.65417418258433,-0.9852468433145743,-0.9852468433145743,-0.9857636169365461,0.0009512013628114602,0.0004344277408396824,181.95236088849816,1.717648922394757e-05,685999.9999999999,139,1,3.0,3.0,256.0,256.0,0.18280792236328125,0.420201011991594,2.853366832016036,213.17167869300465
hc9u.txt,1,all,139,null,OPTIMAL,OPTIMAL,OPTIMAL,OPTIMAL,True,0.9852468433145743,0.9852292356164458,0.9852292356164458,0.9852292356164458,0.9852468433145743,42.0,97.65417418258433,-0.9852468433145743,-0.9852292356164458,-0.9861678229242041,0.0009209796096297795,-1.7607698128530025e-05,701.3243063525167,2.4566481145945228e-05,1000000.0,140,15,3.0,3.0,256.0,256.0,0.10764789581298828,0.4302151169977151,2.4858297200116795,215.65752331301337
hc9u.txt,1,all,140,serious,OPTIMAL,OPTIMAL,OPTIMAL,OPTIMAL,True,0.9854258007732916,0.9854258007732916,0.9854258007732916,0.9854258007732916,0.9854258007732916,42.0,97.65374809339693,-0.9854258007732916,-0.9854258007732916,-0.9860412149190035,0.0007943716044291893,0.00017895745871721047,256.6517477298604,1.6996740261963237e-05,700000.0,141,2,3.0,3.0,256.0,256.0,0.1661090850830078,0.3942325949901715,2.5067774950002786,218.16431702600676
hc9u.txt,1,all,141,serious,OPTIMAL,OPTIMAL,OPTIMAL,OPTIMAL,True,0.9856953137408546,0.9856953137408546,0.9856953137408546,0.9856953137408546,0.9856953137408546,42.0,97.65310639585512,-0.9856953137408546,-0.9856953137408546,-0.9864367403983021,0.0010109396250105318,0.000269512967563057,405.1992935805248,2.398509799219839e-05,489999.99999999994,142,5,3.0,3.0,256.0,256.0,0.15703511238098145,0.4634150719793979,2.5782629380119033,220.74264652800048
hc9u.txt,1,all,142,null,OPTIMAL,OPTIMAL,OPTIMAL,OPTIMAL,True,0.9856953137408546,0.9856214235573851,0.9856214235573851,0.9856214235573851,0.9856953137408546,42.0,97.65310639585512,-0.9856953137408546,-0.9856214235573851,-0.9870057302398186,0.0013104164989640177,-7.389018346948273e-05,701.3356025021321,3.413972229636305e-05,979999.9999999999,143,15,3.0,3.0,256.0,256.0,0.1446671485900879,0.4983724049816374,2.7885309859993868,223.5311901239911
hc9u.txt,1,all,143,serious,OPTIMAL,OPTIMAL,OPTIMAL,OPTIMAL,True,0.9860260799856554,0.9860260799856554,0.9860260799856554,0.9860260799856554,0.9860260799856554,42.0,97.65231885717701,-0.9860260799856554,-0.9860260799856554,-0.9867191786070952,0.0010238648662406202,0.0003307662448007731,181.96522619359345,1.7121529410578406e-05,685999.9999999999,144,1,3.0,3.0,256.0,256.0,0.13699579238891602,0.4553829329961445,2.7329558210039977,226.2641594390152
hc9u.txt,1,all,144,null,OPTIMAL,OPTIMAL,OPTIMAL,OPTIMAL,True,0.9860260799856554,0.985684748112362,0.985684748112362,0.985684748112362,0.9860260799856554,42.0,97.65231885717701,-0.9860260799856554,-0.985684748112362,-0.9871235054999523,0.0010974255142969236,-0.00034133187329343784,789.2655219379247,2.4653166998018833e-05,1000000.0,145,19,3.0,3.0,256.0,256.0,0.16058802604675293,0.48102780600311235,2.629718926997157,228.89389213899267
hc9u.txt,1,all,145,serious,OPTIMAL,OPTIMAL,OPTIMAL,OPTIMAL,True,0.9862543644768205,0.9862543644768205,0.9862543644768205,0.9862543644768205,0.9862543644768205,42.0,97.65177532267424,-0.9862543644768205,-0.9862543644768205,-0.98699236510884,0.0009662851231846403,0.0002282844911650761,256.67768281858787,1.7096049637604706e-05,700000.0,146,2,3.0,3.0,256.0,256.0,0.11389303207397461,0.44434816399007104,2.6690904650022276,231.5629957850033
hc9u.txt,1,all,146,null,OPTIMAL,OPTIMAL,OPTIMAL,OPTIMAL,True,0.9862543644768205,0.9861858850817482,0.9861858850817482,0.9861858850817482,0.9862543644768205,42.0,97.65177532267424,-0.9862543644768205,-0.9861858850817482,-0.9873887347203334,0.0011343702435129277,-6.847939507226286e-05,543.3855147141928,2.400397471644102e-05,1000000.0,147,9,3.0,3.0,256.0,256.0,0.17414498329162598,0.4976408699876629,2.6908252910070587,234.2538365740038
hc9u.txt,1,all,147,serious,OPTIMAL,OPTIMAL,OPTIMAL,OPTIMAL,True,0.98648454514183,0.98648454514183,0.98648454514183,0.98648454514183,0.98648454514183,42.0,97.65122727347183,-0.98648454514183,-0.98648454514183,-0.9872654963495182,0.0010111318726977458,0.00023018066500957168,181.97682317372045,1.6931242334934926e-05,700000.0,148,1,3.0,3.0,256.0,256.0,0.13560914993286133,0.43707137400633655,2.6991648449911736,236.95301835500868
hc9u.txt,1,all,148,null,OPTIMAL,OPTIMAL,OPTIMAL,OPTIMAL,True,0.98648454514183,0.9864411479856195,0.9864411479856195,0.9864411479856195,0.98648454514183,42.0,97.65122727347183,-0.98648454514183,-0.9864411479856195,-0.9876584354058584,0.0011738902640283655,-4.339715621048956e-05,627.3560366072433,2.4143666795270836e-05,1000000.0,149,12,3.0,3.0,256.0,256.0,0.14232993125915527,0.46817679598461837,2.8061979709891602,239.7592320840049
hc9u.txt,1,all,149,serious,OPTIMAL,OPTIMAL,OPTIMAL,OPTIMAL,True,0.9866909616124303,0.9866909616124303,0.9866909616124303,0.9866909616124303,0.9866909616124303,42.0,97.65073580568469,-0.9866909616124303,-0.9866909616124303,-0.9875373016617304,0.001052756519900333,0.00020641647060026802,256.7003979073201,1.717860300493442e-05,700000.0,150,2,3.0,3.0,256.0,256.0,0.15265607833862305,0.40569532598601654,2.7845182580058463,242.54376400599722
hc9u.txt,1,all,150,serious,OPTIMAL,OPTIMAL,OPTIMAL,OPTIMAL,True,0.9868261387173454,0.9868261387173454,0.9868261387173454,0.9868261387173454,0.9868261387173454,42.0,97.65041395543487,-0.9868261387173454,-0.9868261387173454,-0.9879130426283387,0.0012220810159083717,0.00013517710491506296,362.539928524372,2.327593692305716e-05,489999.99999999994,151,4,3.0,3.0,256.0,256.0,0.14554595947265625,0.4404248539940454,2.972965066001052,245.51674488201388
hc9u.txt,1,all,151,serious,OPTIMAL,OPTIMAL,OPTIMAL,OPTIMAL,True,0.9871763843569936,0.9871763843569936,0.9871763843569936,0.9871763843569936,0.9871763843569936,42.0,97.64958003724526,-0.9871763843569936,-0.9871763843569936,-0.9884308533247285,0.0016047146073830953,0.00035024563964825006,405.21873951230765,3.2638991542536874e-05,342999.99999999994,152,5,3.0,3.0,256.0,256.0,0.14832210540771484,0.5642651410016697,2.933436082006665,248.45025557398912
hc9u.txt,1,all,152,null,OPTIMAL,OPTIMAL,OPTIMAL,OPTIMAL,True,0.9871763843569936,0.9868163044622676,0.9868163044622676,0.9868163044622676,0.9871763843569936,42.0,97.64958003724526,-0.9871763843569936,-0.9868163044622676,-0.9891593057086688,0.0019829213516752153,-0.0003600798947259731,746.6051244610219,4.619105411417059e-05,685999.9999999999,153,17,3.0,3.0,256.0,256.0,0.1478710174560547,0.41314915398834273,2.7361860079981852,251.1864571729966
hc9u.txt,1,all,153,serious,OPTIMAL,OPTIMAL,OPTIMAL,OPTIMAL,True,0.9876097455001449,0.9876097455001449,0.9876097455001449,0.9876097455001449,0.9876097455001449,42.0,97.64854822499967,-0.9876097455001449,-0.9876097455001449,-0.988792276063357,0.0016158917063633371,0.0004333611431512896,314.11441278980317,2.327198113505909e-05,480199.9999999999,154,3,3.0,3.0,256.0,256.0,0.16539812088012695,0.4327145059942268,2.84571230399888,254.03218428100809
hc9u.txt,1,all,154,serious,OPTIMAL,OPTIMAL,OPTIMAL,OPTIMAL,True,0.9877980822422667,0.9877980822422667,0.9877980822422667,0.9877980822422667,0.9877980822422667,42.0,97.6480998041851,-0.9877980822422667,-0.9877980822422667,-0.9893052928403852,0.0016955473402402443,0.0001883367421218196,600.6879417058509,3.285814823691807e-05,336139.9999999999,155,11,3.0,3.0,256.0,256.0,0.14989209175109863,0.4139518119918648,2.748696378985187,256.78089520698995
hc9u.txt,1,all,155,null,OPTIMAL,OPTIMAL,OPTIMAL,OPTIMAL,True,0.9877980822422667,0.9867681535839975,0.9867681535839975,0.9867681535839975,0.9877980822422667,42.0,97.6480998041851,-0.9877980822422667,-0.9867681535839975,-0.9900225085913612,0.002224426349094477,-0.0010299286582692302,746.6237220620226,4.6379417770337344e-05,672279.9999999998,156,17,3.0,3.0,256.0,256.0,0.14783215522766113,0.4199341000057757,2.98105854698224,259.7619674539892
hc9u.txt,1,all,156,serious,OPTIMAL,OPTIMAL,OPTIMAL,OPTIMAL,True,0.9882094527512688,0.9882094527512688,0.9882094527512688,0.9882094527512688,0.9882094527512688,42.0,97.64712035059222,-0.9882094527512688,-0.9882094527512688,-0.9896570731415858,0.0018589908993190685,0.0004113705090020847,479.32807356936513,2.3140344559767547e-05,470595.9999999998,157,7,3.0,3.0,256.0,256.0,0.19446611404418945,0.4817318709974643,2.8428883739979938,262.60486881498946
hc9u.txt,1,all,157,serious,OPTIMAL,OPTIMAL,OPTIMAL,OPTIMAL,True,0.9885757126117426,0.9885757126117426,0.9885757126117426,0.9885757126117426,0.9885757126117426,42.0,97.64624830330538,-0.9885757126117426,-0.9885757126117426,-0.9901580442845298,0.0019485915332609904,0.00036625986047378323,443.83744996172834,3.291917100048708e-05,329417.19999999984,158,6,3.0,3.0,256.0,256.0,0.16367888450622559,0.421041706984397,3.0134054009977262,265.6182873969956
hc9u.txt,1,all,158,null,OPTIMAL,OPTIMAL,OPTIMAL,OPTIMAL,True,0.9885757126117426,0.9865530295491857,0.9865530295491857,0.9865530295491857,0.9885757126117426,42.0,97.64624830330538,-0.9885757126117426,-0.9865530295491857,-0.99086141832194,0.002285705710197372,-0.002022683062556929,768.259800919184,4.6567538747283943e-05,658834.3999999997,159,18,3.0,3.0,256.0,256.0,0.16630196571350098,0.46139664298971184,2.8273129079898354,268.44561471100315
hc9u.txt,1,all,159,null,OPTIMAL,OPTIMAL,OPTIMAL,OPTIMAL,True,0.9885757126117426,0.9886887254990029,0.9886887254990029,0.9886887254990029,0.9886887254990029,42.0,97.64597922500236,-0.9885757126117426,-0.9886887254990029,-0.9905005003089968,0.0019247876972542377,0.00011301288726028869,405.26867383279495,2.3245733704760818e-05,1000000.0,160,5,3.0,3.0,256.0,256.0,0.15991497039794922,0.506476554000983,3.039108391996706,271.4847368710034
hc9u.txt,1,all,160,serious,OPTIMAL,OPTIMAL,OPTIMAL,OPTIMAL,True,0.9889395122950022,0.9889395122950022,0.9889395122950022,0.9889395122950022,0.9889395122950022,42.0,97.64538211358334,-0.9889395122950022,-0.9889395122950022,-0.9903738156967274,0.0017981030849848478,0.00036379968325961354,443.85229408586434,1.5636498059584678e-05,700000.0,161,6,3.0,3.0,256.0,256.0,0.18531107902526855,0.39834383499692194,2.86828219902236,274.35303332601325
hc9u.txt,1,all,161,null,OPTIMAL,OPTIMAL,OPTIMAL,OPTIMAL,True,0.9889395122950022,0.9890980838051404,0.9890980838051404,0.9890980838051404,0.9890980838051404,42.0,97.64500456236871,-0.9889395122950022,-0.9890980838051404,-0.9906930877732346,0.0017535754782324053,0.0001585715101382057,543.2779459930653,2.1742120385827327e-05,1000000.0,162,9,3.0,3.0,255.37416641382302,256.0,0.16738486289978027,0.48772498802281916,3.132515559991589,277.485785219993
hc9u.txt,1,all,162,serious,OPTIMAL,OPTIMAL,OPTIMAL,OPTIMAL,True,0.9892219618712809,0.9892219618712809,0.9892219618712809,0.9892219618712809,0.9892219618712809,42.0,97.64470961459219,-0.9892219618712809,-0.9892219618712809,-0.9905943752813688,0.0016548629863666342,0.00028244957627865386,256.77797746739293,1.5555717806120237e-05,700000.0,163,2,3.0,3.0,256.0,256.0,0.18532299995422363,0.5047064289974514,2.9772286750085186,280.46302974500577
hc9u.txt,1,all,163,null,OPTIMAL,OPTIMAL,OPTIMAL,OPTIMAL,True,0.9892219618712809,0.988964524449984,0.988964524449984,0.988964524449984,0.9892219618712809,42.0,97.64470961459219,-0.9892219618712809,-0.988964524449984,-0.9909127058881798,0.0016907440168989485,-0.00025743742129691327,543.4254372622531,2.214467251036874e-05,1000000.0,164,9,3.0,3.0,256.0,256.0,0.13208889961242676,0.4097269279882312,3.195191545994021,283.65823579300195
hc9u.txt,1,all,164,serious,OPTIMAL,OPTIMAL,OPTIMAL,OPTIMAL,True,0.9894281263548163,0.9894281263548163,0.9894281263548163,0.9894281263548163,0.9894281263548163,42.0,97.64421874677426,-0.9894281263548163,-0.9894281263548163,-0.9908082816642937,0.0015863197930128248,0.00020616448353538708,20.005855220849615,1.5952950647834808e-05,700000.0,165,0,3.0,3.0,256.0,256.0,0.16509485244750977,0.42046029298217036,3.0499797700031195,286.70822836700245
hc9u.txt,1,all,165,serious,OPTIMAL,OPTIMAL,OPTIMAL,OPTIMAL,True,0.9895120952101508,0.9895120952101508,0.9895120952101508,0.9895120952101508,0.9895120952101508,42.0,97.64401882092822,-0.9895120952101508,-0.9895120952101508,-0.9899984026636592,0.0005702763088429874,8.396885533457077e-05,314.16719406341207,2.8508738133756217e-05,489999.99999999994,166,3,3.0,3.0,256.0,256.0,0.14545202255249023,0.4258135099953506,2.8620980810082983,289.57033974598744
hc9u.txt,1,all,166,null,OPTIMAL,OPTIMAL,OPTIMAL,OPTIMAL,True,0.9895120952101508,0.9887819611219836,0.9887819611219836,0.9887819611219836,0.9895120952101508,42.0,97.64401882092822,-0.9895120952101508,-0.9887819611219836,-0.9907776084780601,0.0012655132679092462,-0.0007301340881672447,479.33600773642166,3.972245641893208e-05,979999.9999999999,167,7,3.0,3.0,256.0,256.0,0.15239405632019043,0.4848313500115182,3.0562547519803047,292.6266078859917
hc9u.txt,1,all,167,serious,OPTIMAL,OPTIMAL,OPTIMAL,OPTIMAL,True,0.9897420351507932,0.9897420351507932,0.9897420351507932,0.9897420351507932,0.9897420351507932,42.0,97.64347134487906,-0.9897420351507932,-0.9897420351507932,-0.9903910560000933,0.000878960789942429,0.00022993994064235412,314.15607257745154,2.009019109052786e-05,685999.9999999999,168,3,3.0,3.0,256.0,256.0,0.12265205383300781,0.4178386230196338,2.850171163008781,295.4767961660109
hc9u.txt,1,all,168,serious,OPTIMAL,OPTIMAL,OPTIMAL,OPTIMAL,True,0.9898796430867466,0.9898796430867466,0.9898796430867466,0.9898796430867466,0.9898796430867466,42.0,97.64314370693633,-0.9898796430867466,-0.9898796430867466,-0.9909221713277047,0.0011801361769114838,0.00013760793595340992,405.2351083763793,2.7896201538606752e-05,480199.9999999999,169,5,3.0,3.0,256.0,256.0,0.2115161418914795,0.44689567098976113,3.1858967390144244,298.6627098679892
hc9u.txt,1,all,169,null,OPTIMAL,OPTIMAL,OPTIMAL,OPTIMAL,True,0.9898796430867466,0.9862500535502393,0.9862500535502393,0.9862500535502393,0.9898796430867466,42.0,97.64314370693633,-0.9898796430867466,-0.9862500535502393,-0.9916254161633682,0.001745773076621604,-0.0036295895365072717,627.3866575841304,3.861435345448898e-05,960399.9999999998,170,12,4.0,4.0,256.0,256.0,0.19231009483337402,0.465190946997609,3.244434606982395,301.90716192498803
hc9u.txt,1,all,170,null,OPTIMAL,OPTIMAL,OPTIMAL,OPTIMAL,True,0.9898796430867466,0.9898310225727905,0.9898310225727905,0.9898310225727905,0.9898796430867466,42.0,97.64314370693633,-0.9898796430867466,-0.9898310225727905,-0.9912543784693155,0.0013747353825689368,-4.862051395604361e-05,405.24997369555496,1.8758026083395544e-05,1000000.0,171,5,4.0,4.0,256.0,256.0,0.14498496055603027,0.44285534002119675,3.1212824510002974,305.02845840901136
hc9u.txt,1,all,171,serious,OPTIMAL,OPTIMAL,OPTIMAL,OPTIMAL,True,0.9902942295341897,0.9902942295341897,0.9902942295341897,0.9902942295341897,0.9902942295341897,42.0,97.64215659634716,-0.9902942295341897,-0.9902942295341897,-0.9912282030712442,0.001348559984497566,0.00041458644744307716,479.3365904565468,1.7814062417736526e-05,700000.0,172,7,4.0,4.0,256.0,256.0,0.15260601043701172,0.49028302100487053,3.0349975429999176,308.0635241130076
hc9u.txt,1,all,172,null,OPTIMAL,OPTIMAL,OPTIMAL,OPTIMAL,True,0.9902942295341897,0.9899027770563189,0.9899027770563189,0.9899027770563189,0.9902942295341897,42.0,97.64215659634716,-0.9902942295341897,-0.9899027770563189,-0.9916394936562325,0.001345264122042833,-0.0003914524778707573,677.6068221306998,2.4367805233648815e-05,1000000.0,173,14,4.0,4.0,256.0,256.0,0.1621859073638916,0.4630380689923186,3.077339632989606,311.1408770540147
hc9u.txt,1,all,173,serious,OPTIMAL,OPTIMAL,OPTIMAL,OPTIMAL,True,0.9905044418214316,0.9905044418214316,0.9905044418214316,0.9905044418214316,0.9905044418214316,42.0,97.64165609090135,-0.9905044418214316,-0.9905044418214316,-0.9915156415404665,0.0012214120062767897,0.00021021228724193985,362.58891642936,1.7134751714583954e-05,700000.0,174,4,4.0,4.0,256.0,255.99999999999997,0.19949603080749512,0.43350202101282775,3.107196192984702,314.24808584101265
hc9u.txt,1,all,174,null,OPTIMAL,OPTIMAL,OPTIMAL,OPTIMAL,True,0.9905044418214316,0.9892225406451679,0.9892225406451679,0.9892225406451679,0.9905044418214316,42.0,97.64165609090135,-0.9905044418214316,-0.9892225406451679,-0.9918926305774476,0.0013881887560159845,-0.0012819011762637,746.6340626360666,2.3442767554721757e-05,1000000.0,175,17,4.0,4.0,256.0,256.0,0.16977405548095703,0.44571484299376607,3.056083884992404,317.3041853510076
hc9u.txt,1,all,175,serious,OPTIMAL,OPTIMAL,OPTIMAL,OPTIMAL,True,0.9908873100984421,0.9908873100984421,0.9908873100984421,0.9908873100984421,0.9908873100984421,42.0,97.64074449976562,-0.9908873100984421,-0.9908873100984421,-0.9917697907917232,0.0012653489702916243,0.0003828682770105063,701.375788833806,1.6195469690089997e-05,700000.0,176,15,4.0,4.0,256.0,256.0,0.15961003303527832,0.43095902100321837,3.126033929991536,320.43024175800383
hc9u.txt,1,all,176,null,OPTIMAL,OPTIMAL,OPTIMAL,OPTIMAL,True,0.9908873100984421,0.9903476824658884,0.9903476824658884,0.9903476824658884,0.9908873100984421,42.0,97.64074449976562,-0.9908873100984421,-0.9903476824658884,-0.9921044634515325,0.001217153353090361,-0.0005396276325536631,652.9957945641848,2.1842405364344913e-05,1000000.0,177,13,4.0,4.0,256.0,256.0,0.12282299995422363,0.49295830400660634,3.232027936988743,323.6622912749881
hc9u.txt,1,all,177,serious,OPTIMAL,OPTIMAL,OPTIMAL,OPTIMAL,True,0.9911709866605907,0.9911709866605907,0.9911709866605907,0.9911709866605907,0.9911709866605907,42.0,97.64006907937954,-0.9911709866605907,-0.9911709866605907,-0.9920028543544119,0.0011155442559698248,0.0002836765621485604,479.3660380417475,1.5384387618791625e-05,700000.0,178,7,4.0,4.0,256.0,256.0,0.19444894790649414,0.46375442200223915,3.211037244007457,326.8733431920118
hc9u.txt,1,all,178,null,OPTIMAL,OPTIMAL,OPTIMAL,OPTIMAL,True,0.9911709866605907,0.9902828997470277,0.9902828997470277,0.9902828997470277,0.9911709866605907,42.0,97.64006907937954,-0.9911709866605907,-0.9902828997470277,-0.9923001878414607,0.0011292011808700098,-0.0008880869135630132,829.7824425410021,2.0458125094938873e-05,1000000.0,179,21,4.0,4.0,256.0,256.0,0.1826629638671875,0.4247489849803969,3.2760644530062564,330.1494195169944
hc9u.txt,1,all,179,serious,OPTIMAL,OPTIMAL,OPTIMAL,OPTIMAL,True,0.9913460244624253,0.9913460244624253,0.9913460244624253,0.9913460244624253,0.9913460244624253,42.0,97.6396523227085,-0.9913460244624253,-0.9913460244624253,-0.9922080367023264,0.0010370500417357098,0.00017503780183458773,543.4503840734453,1.4204324062905769e-05,700000.0,180,9,4.0,4.0,256.0,256.0,0.15433883666992188,0.43940058699809015,3.3299679110059515,333.4794015939988
hc9u.txt,1,all,180,null,OPTIMAL,OPTIMAL,OPTIMAL,OPTIMAL,True,0.9913460244624253,0.9903649496295054,0.9903649496295054,0.9903649496295054,0.9913460244624253,42.0,97.6396523227085,-0.9913460244624253,-0.9903649496295054,-0.9924839019515518,0.0011378774891265264,-0.0009810748329198704,829.8022024470024,1.9912271685944533e-05,1000000.0,181,21,4.0,4.0,256.0,256.0,0.15214800834655762,0.4420363270037342,3.0245741159887984,336.5039897460083
hc9u.txt,1,all,181,serious,OPTIMAL,OPTIMAL,OPTIMAL,OPTIMAL,True,0.9915806983282743,0.9915806983282743,0.9915806983282743,0.9915806983282743,0.9915806983282743,42.0,97.63909357540885,-0.9915806983282743,-0.9915806983282743,-0.9923945248225432,0.0010485003601179432,0.00023467386584907768,479.3908728021425,1.3729897733258942e-05,700000.0,182,7,4.0,4.0,256.0,256.0,0.15691804885864258,0.55424786999356,3.2142294909863267,339.71828537099645
hc9u.txt,1,all,182,null,OPTIMAL,OPTIMAL,OPTIMAL,OPTIMAL,True,0.9915806983282743,0.9907532624815124,0.9907532624815124,0.9907532624815124,0.9915806983282743,42.0,97.63909357540885,-0.9915806983282743,-0.9907532624815124,-0.9926567273201576,0.0010760289918833044,-0.0008274358467619258,701.4059612774979,1.946172153660482e-05,1000000.0,183,15,4.0,4.0,256.0,256.0,0.16491389274597168,0.49209374201018363,3.266968485986581,342.9852707250102
hc9u.txt,1,all,183,null,OPTIMAL,OPTIMAL,OPTIMAL,OPTIMAL,True,0.9915806983282743,0.9916692855649958,0.9916692855649958,0.9916692855649958,0.9916692855649958,42.0,97.63888265341669,-0.9915806983282743,-0.9916692855649958,-0.9925700979668425,0.0009893996385681447,8.858723672144908e-05,362.65190829842396,1.3468812462061204e-05,1000000.0,184,4,4.0,4.0,256.0,256.0,0.18806099891662598,0.478471641021315,3.438061129010748,346.4233471949992
hc9u.txt,1,all,184,null,OPTIMAL,OPTIMAL,OPTIMAL,OPTIMAL,True,0.9915806983282743,0.9915934673953315,0.9915934673953315,0.9915934673953315,0.9916692855649958,42.0,97.63888265341669,-0.9915806983282743,-0.9915934673953315,-0.9925686464520584,0.0009879481237841103,1.2769067057161188e-05,572.8235736892829,1.3645574853731288e-05,1000000.0,185,10,4.0,4.0,256.0,256.0,0.13049697875976562,0.47307241198723204,3.141082551010186,349.56444393799757
hc9u.txt,1,all,185,serious,OPTIMAL,OPTIMAL,OPTIMAL,OPTIMAL,True,0.9917159388023147,0.9917159388023147,0.9917159388023147,0.9917159388023147,0.9917159388023147,42.0,97.6387715742802,-0.9917159388023147,-0.9917159388023147,-0.9925660607426576,0.000985362414383295,0.00013524047404034345,443.9088140233219,1.3686128747476992e-05,700000.0,186,6,4.0,4.0,256.0,256.0,0.13938403129577637,0.4447256400017068,3.375946368993027,352.9404056489875
hc9u.txt,1,all,186,null,OPTIMAL,OPTIMAL,OPTIMAL,OPTIMAL,True,0.9917159388023147,0.9911355472341132,0.9911355472341132,0.9911355472341132,0.9917159388023147,42.0,97.6387715742802,-0.9917159388023147,-0.9911355472341132,-0.9928179942084286,0.0011020554061139665,-0.0005803915682014438,600.760704015957,1.9149087455455484e-05,1000000.0,187,11,4.0,4.0,256.0,256.0,0.17920494079589844,0.42328537299181335,3.38914328100509,356.3295627059997
hc9u.txt,1,all,187,serious,OPTIMAL,OPTIMAL,OPTIMAL,OPTIMAL,True,0.9919913710912448,0.9919913710912448,0.9919913710912448,0.9919913710912448,0.9919913710912448,42.0,97.63811578311609,-0.9919913710912448,-0.9919913710912448,-0.9927382226180117,0.0010222838156970226,0.00027543228893012195,182.2918176689126,1.33166685364355e-05,700000.0,188,1,4.0,4.0,256.0,256.0,0.16082000732421875,0.4389319790061563,3.2493606969946995,359.57893752199016
hc9u.txt,1,all,188,null,OPTIMAL,OPTIMAL,OPTIMAL,OPTIMAL,True,0.9919913710912448,0.9914016194394835,0.9914016194394835,0.9914016194394835,0.9919913710912448,42.0,97.63811578311609,-0.9919913710912448,-0.9914016194394835,-0.9929729604949763,0.0009815894037314976,-0.0005897516517613388,627.4546886217523,1.9095893959205116e-05,1000000.0,189,12,4.0,4.0,256.0,256.0,0.18031883239746094,0.4290449569816701,3.2847413169802167,362.8636968850042
hc9u.txt,1,all,189,null,OPTIMAL,OPTIMAL,OPTIMAL,OPTIMAL,True,0.9919913710912448,0.992046319916658,0.992046319916658,0.992046319916658,0.992046319916658,42.0,97.63798495257937,-0.9919913710912448,-0.992046319916658,-0.9928973885577919,0.00090601746654706,5.494882541323687e-05,362.68341543729196,1.3533295338221141e-05,1000000.0,190,4,4.0,4.0,256.0,256.0,0.20072698593139648,0.45435368799371645,3.623710563988425,366.4874215089949
hc9u.txt,1,all,190,null,OPTIMAL,OPTIMAL,OPTIMAL,OPTIMAL,True,0.9919913710912448,0.9920799286259728,0.9920799286259728,0.9920799286259728,0.9920799286259728,42.0,97.63790493184293,-0.9919913710912448,-0.9920799286259728,-0.9928941376031396,0.0009027665118948036,8.855753472802874e-05,443.92342726057245,1.3670832099835896e-05,1000000.0,191,6,4.0,4.0,256.0,256.0,0.18081378936767578,0.5220930619980209,3.5197837839950807,370.0072205440083
hc9u.txt,1,all,191,null,OPTIMAL,OPTIMAL,OPTIMAL,OPTIMAL,True,0.9919913710912448,0.9919743364822711,0.9919743364822711,0.9919743364822711,0.9920799286259728,42.0,97.63790493184293,-0.9919913710912448,-0.9919743364822711,-0.9928957971940846,0.000904426102839806,-1.7034608973731657e-05,479.4100507863735,1.3829353065843555e-05,1000000.0,192,7,4.0,4.0,256.0,256.0,0.21777820587158203,0.42527813999913633,3.4569488870038185,373.464236572996
hc9u.txt,1,all,192,serious,OPTIMAL,OPTIMAL,OPTIMAL,OPTIMAL,True,0.9921618958262859,0.9921618958262859,0.9921618958262859,0.9921618958262859,0.9921618958262859,42.0,97.63770977184218,-0.9921618958262859,-0.9921618958262859,-0.9928908362139848,0.000899465122739973,0.00017052473504108878,21.412386018023014,1.3813042298129742e-05,700000.0,193,0,4.0,4.0,256.0,256.0,0.23271894454956055,0.4371263509965502,3.404010438011028,376.8682618600142
hc9u.txt,1,all,193,null,OPTIMAL,OPTIMAL,OPTIMAL,OPTIMAL,True,0.9921618958262859,0.9893944165940269,0.9893944165940269,0.9893944165940269,0.9921618958262859,42.0,97.63770977184218,-0.9921618958262859,-0.9893944165940269,-0.9928090805622583,0.0006471847359723615,-0.0027674792322589514,768.2630160851634,3.0245570172316885e-05,1000000.0,194,18,4.0,4.0,256.0,256.0,0.14502882957458496,0.4169661019986961,3.4182136330055073,380.2864896900137
hc9u.txt,1,all,194,null,OPTIMAL,OPTIMAL,OPTIMAL,OPTIMAL,True,0.9921618958262859,0.9918620479729481,0.9918620479729481,0.9918620479729481,0.9921618958262859,42.0,97.63770977184218,-0.9921618958262859,-0.9918620479729481,-0.992611329679601,0.00044943385331508434,-0.00029984785333780906,443.8625733206166,2.1008634612511737e-05,1000000.0,195,6,4.0,4.0,256.0,256.0,0.17011380195617676,0.4407523309928365,3.3918071310035884,383.6783127480012
hc9u.txt,1,all,195,serious,OPTIMAL,OPTIMAL,OPTIMAL,OPTIMAL,True,0.9923082032738793,0.9923082032738793,0.9923082032738793,0.9923082032738793,0.9923082032738793,42.0,97.63736142077649,-0.9923082032738793,-0.9923082032738793,-0.9926013146784591,0.0004394188521732456,0.00014630744759336345,405.27471845890585,2.0652027455623456e-05,700000.0,196,5,4.0,4.0,256.0,256.0,0.1469249725341797,0.4857528390130028,3.3188902160036378,386.9972177819873
hc9u.txt,1,all,196,null,OPTIMAL,OPTIMAL,OPTIMAL,OPTIMAL,True,0.9923082032738793,0.9890715846430119,0.9890715846430119,0.9890715846430119,0.9923082032738793,42.0,97.63736142077649,-0.9923082032738793,-0.9890715846430119,-0.993113256716416,0.000805053442536785,-0.0032366186308673273,724.3695465584728,2.6847211335101443e-05,1000000.0,197,16,3.0,3.0,256.0,256.0,0.18257904052734375,0.4494490349898115,3.5007128180004656,390.49794487899635
hc9u.txt,1,all,197,null,OPTIMAL,OPTIMAL,OPTIMAL,OPTIMAL,True,0.9923082032738793,0.991941417886075,0.991941417886075,0.991941417886075,0.9923082032738793,42.0,97.63736142077649,-0.9923082032738793,-0.991941417886075,-0.9929410521033946,0.000632848829515309,-0.00036678538780421377,479.36426928463743,1.7985046722611316e-05,1000000.0,198,7,3.0,3.0,256.0,256.0,0.20746397972106934,0.5451844880008139,3.602108071994735,394.10007013299037
hc9u.txt,1,all,198,null,OPTIMAL,OPTIMAL,OPTIMAL,OPTIMAL,True,0.9923082032738793,0.9920290232613289,0.9920290232613289,0.9920290232613289,0.9923082032738793,42.0,97.63736142077649,-0.9923082032738793,-0.9920290232613289,-0.9929379319205847,0.0006297286467054075,-0.00027918001255033964,677.6135524463385,1.801102804710889e-05,1000000.0,199,14,3.0,3.0,256.0,256.0,0.15567493438720703,0.463392137986375,3.334663793008076,397.43474749699817
hc9u.txt,1,all,199,null,OPTIMAL,OPTIMAL,OPTIMAL,OPTIMAL,True,0.9923082032738793,0.9921928739754731,0.9921928739754731,0.9921928739754731,0.9923082032738793,42.0,97.63736142077649,-0.9923082032738793,-0.9921928739754731,-0.9929353804270528,0.0006271771531735082,-0.000115329298406186,479.3603522869471,1.7976065941696844e-05,1000000.0,200,7,3.0,3.0,256.0,256.0,0.20026898384094238,0.4543127640208695,3.570285674999468,401.0050475909957
hc9u.txt,1,all,200,serious,OPTIMAL,OPTIMAL,OPTIMAL,OPTIMAL,True,0.9924244650581887,0.9924244650581887,0.9924244650581887,0.9924244650581887,0.9924244650581887,42.0,97.63708460700433,-0.9924244650581887,-0.9924244650581887,-0.9929313864049818,0.0006231831311025449,0.0001162617843094571,543.4392926445861,1.7857091635135723e-05,700000.0,200,9,3.0,3.0,256.0,256.0,0.16103291511535645,0.5404262069787364,3.5108140829834156,404.51587669100263
hc9u.txt,1,all,201,null,OPTIMAL,OPTIMAL,OPTIMAL,OPTIMAL,True,0.9924244650581887,0.9890728632160973,0.9890728632160973,0.9890728632160973,0.9924244650581887,42.0,97.63708460700433,-0.9924244650581887,-0.9890728632160973,-0.9933402708717988,0.00091580581361006,-0.0033516018420913785,849.2961793583171,2.3840160249588534e-05,1000000.0,200,22,3.0,3.0,256.0,256.0,0.21640396118164062,0.4436800199910067,3.6589205320051406,408.1748869860021
hc9u.txt,1,all,202,null,OPTIMAL,OPTIMAL,OPTIMAL,OPTIMAL,True,0.9924244650581887,0.9917771218686342,0.9917771218686342,0.9917771218686342,0.9924244650581887,42.0,97.63708460700433,-0.9924244650581887,-0.9917771218686342,-0.9932041942903812,0.0007797292321924942,-0.0006473431895545056,479.3480285791153,1.6254156461457218e-05,1000000.0,200,7,3.0,3.0,256.0,256.0,0.17627406120300293,0.44520290099899285,3.4779486029874533,411.652849066013
hc9u.txt,1,all,203,null,OPTIMAL,OPTIMAL,OPTIMAL,OPTIMAL,True,0.9924244650581887,0.9922478429583301,0.9922478429583301,0.9922478429583301,0.9924244650581887,42.0,97.63708460700433,-0.9924244650581887,-0.9922478429583301,-0.9931930020366468,0.0007685369784581342,-0.00017662209985858102,701.3694157300639,1.5944064928556182e-05,1000000.0,200,15,3.0,3.0,256.0,256.0,0.21376705169677734,0.4281919699860737,3.562917381990701,415.2157794710074
hc9u.txt,1,all,204,serious,OPTIMAL,OPTIMAL,OPTIMAL,OPTIMAL,True,0.9927051713134464,0.9927051713134464,0.9927051713134464,0.9927051713134464,0.9927051713134464,42.0,97.63641625877752,-0.9927051713134464,-0.9927051713134464,-0.9931870557489203,0.0007625906907315905,0.0002807062552576678,479.349277247625,1.578229610792988e-05,700000.0,200,7,3.0,3.0,256.0,256.0,0.17251801490783691,0.4279382429958787,3.395631706021959,418.6114235809946
hc9u.txt,1,all,205,null,OPTIMAL,OPTIMAL,OPTIMAL,OPTIMAL,True,0.9927051713134464,0.9906094276016074,0.9906094276016074,0.9906094276016074,0.9927051713134464,42.0,97.63641625877752,-0.9927051713134464,-0.9906094276016074,-0.9934990009343397,0.0007938296208933604,-0.00209574371183896,1040.0786775713257,2.0415448379039284e-05,1000000.0,200,33,3.0,3.0,256.0,256.0,0.2098691463470459,0.4947192000108771,3.7052295089815743,422.3166657619877
hc9u.txt,1,all,206,null,OPTIMAL,OPTIMAL,OPTIMAL,OPTIMAL,True,0.9927051713134464,0.9921131056454805,0.9921131056454805,0.9921131056454805,0.9927051713134464,42.0,97.63641625877752,-0.9927051713134464,-0.9921131056454805,-0.9934076219488865,0.0007024506354401661,-0.0005920656679658798,652.9982636155378,1.4359034858391555e-05,1000000.0,200,13,3.0,3.0,256.0,256.0,0.21710920333862305,0.4506568429933395,3.4674486060102936,425.7841278749984
hc9u.txt,1,all,207,null,OPTIMAL,OPTIMAL,OPTIMAL,OPTIMAL,True,0.9927051713134464,0.9924330513279696,0.9924330513279696,0.9924330513279696,0.9927051713134464,42.0,97.63641625877752,-0.9927051713134464,-0.9924330513279696,-0.9934059643537182,0.0007007930402718188,-0.00027211998547682636,746.6413346440112,1.4491694677109851e-05,1000000.0,200,17,3.0,3.0,256.0,256.0,0.2583730220794678,0.4603778079908807,3.6329989949881565,429.4171401349886
hc9u.txt,1,all,208,serious,OPTIMAL,OPTIMAL,OPTIMAL,OPTIMAL,True,0.9928830900661799,0.9928830900661799,0.9928830900661799,0.9928830900661799,0.9928830900661799,42.0,97.63599264269958,-0.9928830900661799,-0.9928830900661799,-0.9934045977619687,0.0006994264485222779,0.0001779187527335413,652.9929548525197,1.4494681787970175e-05,700000.0,200,13,3.0,3.0,256.0,256.0,0.16080188751220703,0.5158475500065833,3.7072832850099076,433.12443959500524
hc9u.txt,1,all,209,null,OPTIMAL,OPTIMAL,OPTIMAL,OPTIMAL,True,0.9928830900661799,0.9915281240382989,0.9915281240382989,0.9915281240382989,0.9928830900661799,42.0,97.63599264269958,-0.9928830900661799,-0.9915281240382989,-0.9936583987541866,0.0007753086880066817,-0.0013549660278809883,1086.3202690397109,1.8629442542330086e-05,1000000.0,200,36,4.0,4.0,256.0,256.0,0.1588890552520752,0.4793327820079867,3.5011409310100134,436.62560359499184
hc9u.txt,1,all,210,null,OPTIMAL,OPTIMAL,OPTIMAL,OPTIMAL,True,0.9928830900661799,0.9928401738679534,0.9928401738679534,0.9928401738679534,0.9928830900661799,42.0,97.63599264269958,-0.9928830900661799,-0.9928401738679534,-0.9935815388364377,0.0006984487702578202,-4.291619822649473e-05,746.6473194101118,1.3023951792797323e-05,1000000.0,200,17,3.0,3.0,256.0,256.0,0.19135713577270508,0.490739221975673,3.5066561219864525,440.1322718629963
hc9u.txt,1,all,211,null,OPTIMAL,OPTIMAL,OPTIMAL,OPTIMAL,True,0.9928830900661799,0.9929149272093792,0.9929149272093792,0.9929149272093792,0.9929149272093792,42.0,97.63591683997768,-0.9928830900661799,-0.9929149272093792,-0.9935782995023116,0.0006952094361316608,3.1837143199320295e-05,809.8049485500303,1.2978097473787597e-05,1000000.0,200,20,3.0,3.0,256.0,256.0,0.14437389373779297,0.42661019999650307,3.4159765600052197,443.54831100901356
hc9u.txt,1,all,212,serious,OPTIMAL,OPTIMAL,OPTIMAL,OPTIMAL,True,0.9931000575198341,0.9931000575198341,0.9931000575198341,0.9931000575198341,0.9931000575198341,42.0,97.63547605352421,-0.9931000575198341,-0.9931000575198341,-0.9935772137216705,0.0006941236554905972,0.00021696745365418213,724.3720546987048,1.296808852298593e-05,700000.0,200,16,3.0,3.0,256.0,256.0,0.16047310829162598,0.43675670301308855,3.3150193839974236,446.8633433340001
hc9u.txt,1,all,213,null,OPTIMAL,OPTIMAL,OPTIMAL,OPTIMAL,True,0.9931000575198341,0.9919649886316311,0.9919649886316311,0.9919649886316311,0.9931000575198341,42.0,97.63547605352421,-0.9931000575198341,-0.9919649886316311,-0.9938045603830367,0.0007045028632025607,-0.001135068888203028,1086.3166626394045,1.7851588231311885e-05,1000000.0,200,36,3.0,3.0,256.0,256.0,0.19334697723388672,0.5297491969831754,3.9355629879864864,450.79892195700086
hc9u.txt,1,all,214,null,OPTIMAL,OPTIMAL,OPTIMAL,OPTIMAL,True,0.9931000575198341,0.9931147023956546,0.9931147023956546,0.9931147023956546,0.9931147023956546,42.0,97.63544118477226,-0.9931000575198341,-0.9931147023956546,-0.9937360172600175,0.0006359597401833783,1.4644875820479797e-05,768.2812055643492,1.2443846131937344e-05,1000000.0,200,18,3.0,3.0,256.0,256.0,0.197861909866333,0.5034583279921208,3.5403431150189135,454.3392801200098
hc9u.txt,1,all,215,serious,OPTIMAL,OPTIMAL,OPTIMAL,OPTIMAL,True,0.9932534059972103,0.9932534059972103,0.9932534059972103,0.9932534059972103,0.9932534059972103,42.0,97.63511093810187,-0.9932534059972103,-0.9932534059972103,-0.9937342624203115,0.0006342049004773864,0.00015334847737624724,677.6325526064471,1.2402205841870852e-05,700000.0,200,14,3.0,3.0,256.0,256.0,0.1678791046142578,0.4673231199849397,3.699527618009597,458.03882195299957
hc9u.txt,1,all,216,null,OPTIMAL,OPTIMAL,OPTIMAL,OPTIMAL,True,0.9932534059972103,0.9919519620734389,0.9919519620734389,0.9919519620734389,0.9932534059972103,42.0,97.63511093810187,-0.9932534059972103,-0.9919519620734389,-0.9939518920293369,0.0006984860321265218,-0.001301443923771406,1130.6596070795229,1.7505015615644993e-05,1000000.0,200,39,3.0,3.0,256.0,256.0,0.15480899810791016,0.5325044709898066,3.599505368008977,461.6383387290116
hc9u.txt,1,all,217,null,OPTIMAL,OPTIMAL,OPTIMAL,OPTIMAL,True,0.9932534059972103,0.9931492073564208,0.9931492073564208,0.9931492073564208,0.9932534059972103,42.0,97.63511093810187,-0.9932534059972103,-0.9931492073564208,-0.9938860033953226,0.0006325973981122779,-0.00010419864078958785,849.3215422129475,1.2177820380226466e-05,1000000.0,200,22,3.0,3.0,256.0,256.0,0.1578528881072998,0.41914004398859106,3.5807992320042104,465.21915057799197
hc9u.txt,1,all,218,null,OPTIMAL,OPTIMAL,OPTIMAL,OPTIMAL,True,0.9932534059972103,0.9933039337189198,0.9933039337189198,0.9933039337189198,0.9933039337189198,42.0,97.63499063400258,-0.9932534059972103,-0.9933039337189198,-0.9938845543657271,0.0006311483685167429,5.052772170943687e-05,829.8046689283785,1.2151075939650477e-05,1000000.0,200,21,3.0,3.0,256.0,256.0,0.1875929832458496,0.48331331097870134,3.44961720801075,468.6687820980151
hc9u.txt,1,all,219,serious,OPTIMAL,OPTIMAL,OPTIMAL,OPTIMAL,True,0.9934271669494281,0.9934271669494281,0.9934271669494281,0.9934271669494281,0.9934271669494281,42.0,97.63469722154898,-0.9934271669494281,-0.9934271669494281,-0.9938836675802009,0.00063026158299051,0.00017376095221777188,600.7453972347156,1.2154532111607683e-05,700000.0,200,11,3.0,3.0,256.0,256.0,0.2085418701171875,0.4611978869943414,3.554550387983909,472.22334666599636
hc9u.txt,1,all,220,null,OPTIMAL,OPTIMAL,OPTIMAL,OPTIMAL,True,0.9934271669494281,0.9918621133213223,0.9918621133213223,0.9918621133213223,0.9934271669494281,42.0,97.63469722154898,-0.9934271669494281,-0.9918621133213223,-0.9940905273466096,0.0006633603971815116,-0.0015650536281057725,1086.0907496417676,1.7151904063852432e-05,1000000.0,200,36,4.0,4.0,254.0,256.0,0.14240097999572754,0.5765615550044458,3.678071642993018,475.9014305569872
hc9u.txt,1,all,221,null,OPTIMAL,OPTIMAL,OPTIMAL,OPTIMAL,True,0.9934271669494281,0.9930613622425565,0.9930613622425565,0.9930613622425565,0.9934271669494281,42.0,97.63469722154898,-0.9934271669494281,-0.9930613622425565,-0.9940260549463192,0.0005988879968911176,-0.0003658047068716419,809.8191566924258,1.1840784795483814e-05,1000000.0,200,20,3.0,3.0,256.0,256.0,0.17629599571228027,0.5067023260053247,3.5350814970151987,479.43658405999304
hc9u.txt,1,all,222,null,OPTIMAL,OPTIMAL,OPTIMAL,OPTIMAL,True,0.9934271669494281,0.9931849235422038,0.9931849235422038,0.9931849235422038,0.9934271669494281,42.0,97.63469722154898,-0.9934271669494281,-0.9931849235422038,-0.9940227525046412,0.0005955855552131073,-0.00024224340722434068,809.8186292902858,1.1728969489300402e-05,1000000.0,200,20,3.0,3.0,256.0,256.0,0.20641183853149414,0.5242793769866694,3.512207446998218,482.94880590599496
hc9u.txt,1,all,223,null,OPTIMAL,OPTIMAL,OPTIMAL,OPTIMAL,True,0.9934271669494281,0.9933684996818247,0.9933684996818247,0.9933684996818247,0.9934271669494281,42.0,97.63469722154898,-0.9934271669494281,-0.9933684996818247,-0.9940231752372488,0.0005960082878206929,-5.8667267603396134e-05,768.2893931463208,1.1747064123960329e-05,1000000.0,200,18,3.0,3.0,256.0,256.0,0.1688709259033203,0.5183486940222792,3.579546034015948,486.5283650160127
hc9u.txt,1,all,224,null,OPTIMAL,OPTIMAL,OPTIMAL,OPTIMAL,True,0.9934271669494281,0.993465597690214,0.993465597690214,0.993465597690214,0.993465597690214,42.0,97.63460571978521,-0.9934271669494281,-0.993465597690214,-0.9940218749089705,0.0005947079595424176,3.84307407859108e-05,849.3169802114733,1.171878986584331e-05,1000000.0,200,22,3.0,3.0,256.0,256.0,0.23894500732421875,0.5487959060119465,3.6753087360120844,490.2036874110054
hc9u.txt,1,all,225,serious,OPTIMAL,OPTIMAL,OPTIMAL,OPTIMAL,True,0.99359430799577,0.99359430799577,0.99359430799577,0.99359430799577,0.99359430799577,42.0,97.63429926667673,-0.99359430799577,-0.99359430799577,-0.9940204116463704,0.00059324469694233,0.00016714104634185656,512.4365274087995,1.1657631998315271e-05,700000.0,200,8,3.0,3.0,256.0,256.0,0.17829418182373047,0.5181925270007923,3.457770356995752,493.6614766200073
hc9u.txt,1,all,226,null,OPTIMAL,OPTIMAL,OPTIMAL,OPTIMAL,True,0.99359430799577,0.9918597982350967,0.9918597982350967,0.9918597982350967,0.99359430799577,42.0,97.63429926667673,-0.99359430799577,-0.9918597982350967,-0.9942133035394786,0.0006189955437085892,-0.0017345097606732418,1086.3318295089437,1.6607448210238755e-05,1000000.0,200,36,4.0,4.0,256.0,256.0,0.19518089294433594,0.4831445000017993,3.6087239519983996,497.27021463701385
hc9u.txt,1,all,227,null,OPTIMAL,OPTIMAL,OPTIMAL,OPTIMAL,True,0.99359430799577,0.9931815962937216,0.9931815962937216,0.9931815962937216,0.99359430799577,42.0,97.63429926667673,-0.99359430799577,-0.9931815962937216,-0.994152189170707,0.0005578811749370471,-0.00041271170204837393,572.8379718767001,1.1497983722455965e-05,1000000.0,200,10,3.979222389547436,3.979222389547436,256.0,256.0,0.15496397018432617,0.5192197770229541,3.718178396986332,500.9884066829982
hc9u.txt,1,all,228,null,OPTIMAL,OPTIMAL,OPTIMAL,OPTIMAL,True,0.99359430799577,0.9933204747814082,0.9933204747814082,0.9933204747814082,0.99359430799577,42.0,97.63429926667673,-0.99359430799577,-0.9933204747814082,-0.994147260551935,0.0005529525561650539,-0.0002738332143618072,923.2742326484595,1.1396405442584668e-05,1000000.0,200,26,4.0,4.0,256.0,255.99999999999997,0.1412661075592041,0.6231880059931427,3.7836304740048945,504.7720524150063
hc9u.txt,1,all,229,null,OPTIMAL,OPTIMAL,OPTIMAL,OPTIMAL,True,0.99359430799577,0.9935608668434607,0.9935608668434607,0.9935608668434607,0.99359430799577,42.0,97.63429926667673,-0.99359430799577,-0.9935608668434607,-0.994146317645681,0.0005520096499109783,-3.344115230929923e-05,701.409995722645,1.1334720885985932e-05,1000000.0,200,15,4.0,4.0,256.0,256.0,0.16211295127868652,0.7131319990148768,3.7004304949950892,508.47249822499
hc9u.txt,1,all,230,serious,OPTIMAL,OPTIMAL,OPTIMAL,OPTIMAL,True,0.9936811443245465,0.9936811443245465,0.9936811443245465,0.9936811443245465,0.9936811443245465,42.0,97.63409251351298,-0.9936811443245465,-0.9936811443245465,-0.9941453463988716,0.0005510384031016669,8.683632877648506e-05,653.0177295617757,1.1305582084938383e-05,700000.0,200,13,3.5324589884910145,3.5324589884910145,256.0,256.0,0.20319199562072754,0.5223130590165965,3.6939965049969032,512.1665104409913
hc9u.txt,1,all,231,null,OPTIMAL,OPTIMAL,OPTIMAL,OPTIMAL,True,0.9936811443245465,0.9923893774115123,0.9923893774115123,0.9923893774115123,0.9936811443245465,42.0,97.63409251351298,-0.9936811443245465,-0.9923893774115123,-0.9943235174610838,0.0006423731365373664,-0.0012917669130341203,1086.3298077924553,1.6135283010726017e-05,1000000.0,200,36,4.0,4.0,256.0,256.0,0.21430182456970215,0.61298008900485,3.650427710992517,515.8170035369985
hc9u.txt,1,all,232,null,OPTIMAL,OPTIMAL,OPTIMAL,OPTIMAL,True,0.9936811443245465,0.9932989881471992,0.9932989881471992,0.9932989881471992,0.9936811443245465,42.0,97.63409251351298,-0.9936811443245465,-0.9932989881471992,-0.994273395468775,0.0005922511442285616,-0.00038215617734727036,1086.3240067944303,1.1235180671041084e-05,1000000.0,200,36,4.0,4.0,256.0,256.0,0.15337610244750977,0.6689404619974084,3.8175079509965144,519.6345288979937
hc9u.txt,1,all,233,null,OPTIMAL,OPTIMAL,OPTIMAL,OPTIMAL,True,0.9936811443245465,0.9937065918553192,0.9937065918553192,0.9937065918553192,0.9937065918553192,42.0,97.63403192415399,-0.9936811443245465,-0.9937065918553192,-0.9942705661806582,0.0005894218561117714,2.5447530772715332e-05,653.0199946121608,1.1152448673788694e-05,1000000.0,200,13,4.0,4.0,256.0,256.0,0.2092578411102295,0.6817516119917855,4.404421207989799,524.038965899992
hc9u.txt,1,all,234,null,OPTIMAL,OPTIMAL,OPTIMAL,OPTIMAL,True,0.9936811443245465,0.9936448906441426,0.9936448906441426,0.9936448906441426,0.9937065918553192,42.0,97.63403192415399,-0.9936811443245465,-0.9936448906441426,-0.9942630707904104,0.0005819264658639689,-3.625368040383048e-05,677.6629979051381,1.1203845557392676e-05,1000000.0,200,14,4.0,4.0,256.0,256.0,0.18426299095153809,0.6609265360166319,4.190654565987643,528.2296367250092
hc9u.txt,1,all,235,null,OPTIMAL,OPTIMAL,OPTIMAL,OPTIMAL,True,0.9936811443245465,0.9937351492571301,0.9937351492571301,0.9937351492571301,0.9937351492571301,42.0,97.63396393034017,-0.9936811443245465,-0.9937351492571301,-0.994262621827602,0.0005814775030554831,5.400493258367334e-05,512.4558686963653,1.1151879496444403e-05,1000000.0,200,8,4.0,4.0,256.0,256.0,0.18754315376281738,0.5597306189883966,3.531005716009531,531.7606579269923
hc9u.txt,1,all,236,null,OPTIMAL,OPTIMAL,OPTIMAL,OPTIMAL,True,0.9936811443245465,0.9936459096334924,0.9936459096334924,0.9936459096334924,0.9937351492571301,42.0,97.63396393034017,-0.9936811443245465,-0.9936459096334924,-0.9942700100514135,0.000588865726867005,-3.523469105404242e-05,975.0495422592768,1.1172135227689617e-05,1000000.0,200,29,4.0,4.0,256.0,256.0,0.17827200889587402,0.5420798370032571,3.7484935090178624,535.5091665129876
hc9u.txt,1,all,237,serious,OPTIMAL,OPTIMAL,OPTIMAL,OPTIMAL,True,0.9938020447748102,0.9938020447748102,0.9938020447748102,0.9938020447748102,0.9938020447748102,42.0,97.63380465529806,-0.9938020447748102,-0.9938020447748102,-0.9942611827110063,0.0005800383864598135,0.00012090045026369456,512.4676779436076,1.1155597750611383e-05,700000.0,200,8,4.0,4.0,256.0,256.0,0.18982315063476562,0.5642017069912981,3.791139637993183,539.3003216990037
hc9u.txt,1,all,238,null,OPTIMAL,OPTIMAL,OPTIMAL,OPTIMAL,True,0.9938020447748102,0.992552714638045,0.992552714638045,0.992552714638045,0.9938020447748102,42.0,97.63380465529806,-0.9938020447748102,-0.992552714638045,-0.9944424716370192,0.0006404268622089981,-0.0012493301367652032,1086.3217906304699,1.5885283700634658e-05,1000000.0,200,36,4.0,4.0,256.0,256.0,0.19614815711975098,0.5206735719984863,3.6377812050050125,542.9381181889912
hc9u.txt,1,all,239,null,OPTIMAL,OPTIMAL,OPTIMAL,OPTIMAL,True,0.9938020447748102,0.9936445721504715,0.9936445721504715,0.9936445721504715,0.9938020447748102,42.0,97.63380465529806,-0.9938020447748102,-0.9936445721504715,-0.9943837552757521,0.0005817105009419121,-0.0001574726243386282,768.2987688619211,1.099618285386487e-05,1000000.0,200,18,4.0,4.0,256.0,256.0,0.1806478500366211,0.6116689089976717,3.7749454119766597,546.7130781419983
hc9u.txt,1,all,240,null,OPTIMAL,OPTIMAL,OPTIMAL,OPTIMAL,True,0.9938020447748102,0.9937282084646437,0.9937282084646437,0.9937282084646437,0.9938020447748102,42.0,97.63380465529806,-0.9938020447748102,-0.9937282084646437,-0.9943825035194045,0.0005804587445943366,-7.383631016644188e-05,768.296570178455,1.0986267076504183e-05,1000000.0,200,18,4.0,4.0,256.0,256.0,0.15681695938110352,0.5839017030084506,3.6415452049986925,550.354638216988
hc9u.txt,1,all,241,serious,OPTIMAL,OPTIMAL,OPTIMAL,OPTIMAL,True,0.9938750296873771,0.9938750296873771,0.9938750296873771,0.9938750296873771,0.9938750296873771,42.0,97.63363088169675,-0.9938750296873771,-0.9938750296873771,-0.9943803762120257,0.000578331437215529,7.298491256690909e-05,572.8318672370219,1.0967256535029451e-05,700000.0,200,10,4.0,4.0,256.0,256.0,0.1862790584564209,0.613102651986992,3.6003468569833785,553.9550684739952
hc9u.txt,1,all,242,null,OPTIMAL,OPTIMAL,OPTIMAL,OPTIMAL,True,0.9938750296873771,0.9920178453370864,0.9920178453370864,0.9920178453370864,0.9938750296873771,42.0,97.63363088169675,-0.9938750296873771,-0.9920178453370864,-0.994554344512989,0.0006793148256118986,-0.001857184350290697,1354.7917529407239,1.5583207455461626e-05,1000000.0,200,56,4.0,4.0,256.0,256.0,0.16980791091918945,0.5408950209966861,3.594975740008522,557.5500575019978
hc9u.txt,1,all,243,null,OPTIMAL,OPTIMAL,OPTIMAL,OPTIMAL,True,0.9938750296873771,0.9935204096472674,0.9935204096472674,0.9935204096472674,0.9938750296873771,42.0,97.63363088169675,-0.9938750296873771,-0.9935204096472674,-0.9944974168127536,0.0006223871253765445,-0.0003546200401096655,849.3192030491647,1.0764401463654135e-05,1000000.0,200,22,4.0,4.0,256.0,256.0,0.14382481575012207,0.5282108050014358,3.528745189018082,561.0788187219878
hc9u.txt,1,all,244,null,OPTIMAL,OPTIMAL,OPTIMAL,OPTIMAL,True,0.9938750296873771,0.9937093907669042,0.9937093907669042,0.9937093907669042,0.9938750296873771,42.0,97.63363088169675,-0.9938750296873771,-0.9937093907669042,-0.9944926911799427,0.000617661492565591,-0.00016563892047283257,849.3216293177567,1.0676667818224442e-05,1000000.0,200,22,4.0,4.0,256.0,256.0,0.157304048538208,0.6113162059918977,3.5688501780095976,564.6476859289978
hc9u.txt,1,all,245,serious,OPTIMAL,OPTIMAL,OPTIMAL,OPTIMAL,True,0.9939393172595342,0.9939393172595342,0.9939393172595342,0.9939393172595342,0.9939393172595342,42.0,97.63347781604874,-0.9939393172595342,-0.9939393172595342,-0.9944901561319134,0.000615126444536318,6.42875721571512e-05,443.916608514699,1.0650326068544672e-05,700000.0,200,6,4.0,4.0,256.0,256.0,0.2135019302368164,0.56915667001158,3.6430170859966893,568.2907188120007
hc9u.txt,1,all,246,null,OPTIMAL,OPTIMAL,OPTIMAL,OPTIMAL,True,0.9939393172595342,0.9924678157744997,0.9924678157744997,0.9924678157744997,0.9939393172595342,42.0,97.63347781604874,-0.9939393172595342,-0.9924678157744997,-0.9946596076567392,0.0007202903972050034,-0.0014715014850344987,1280.1847546565557,1.5357810842189977e-05,1000000.0,200,50,4.0,4.0,256.0,256.0,0.2373030185699463,0.5496969950036146,3.563428299006773,571.8541620850156
hc9u.txt,1,all,247,null,OPTIMAL,OPTIMAL,OPTIMAL,OPTIMAL,True,0.9939393172595342,0.9934906755120357,0.9934906755120357,0.9934906755120357,0.9939393172595342,42.0,97.63347781604874,-0.9939393172595342,-0.9934906755120357,-0.9945999452577917,0.0006606279982575014,-0.0004486417474984794,887.0740338573727,1.0589430327554142e-05,1000000.0,200,24,4.0,4.0,256.0,256.0,0.21163702011108398,0.5213714209967293,3.497868295002263,575.352044002997
hc9u.txt,1,all,248,null,OPTIMAL,OPTIMAL,OPTIMAL,OPTIMAL,True,0.9939393172595342,0.9937998315833463,0.9937998315833463,0.9937998315833463,0.9939393172595342,42.0,97.63347781604874,-0.9939393172595342,-0.9937998315833463,-0.9946066469260161,0.000667329666481864,-0.00013948567618793373,1024.2298705494738,1.070050785746306e-05,1000000.0,200,32,4.0,4.0,256.0,256.0,0.2353839874267578,0.5316369069914799,3.681798809004249,579.0338561339886
hc9u.txt,1,all,249,serious,OPTIMAL,OPTIMAL,OPTIMAL,OPTIMAL,True,0.9940432164313922,0.9940432164313922,0.9940432164313922,0.9940432164313922,0.9940432164313922,42.0,97.63323043706812,-0.9940432164313922,-0.9940432164313922,-0.994605568489193,0.0006662512296587986,0.00010389917185793518,849.3406587611586,1.0694560192811531e-05,700000.0,200,22,4.0,4.0,256.0,256.0,0.22483491897583008,0.5981711279891897,3.8804768490081187,582.9143455070152
hc9u.txt,1,all,250,null,OPTIMAL,OPTIMAL,OPTIMAL,OPTIMAL,True,0.9940432164313922,0.9926294190890632,0.9926294190890632,0.9926294190890632,0.9940432164313922,42.0,97.63323043706812,-0.9940432164313922,-0.9926294190890632,-0.9947602667364907,0.0007170503050984989,-0.0014137973423289374,1024.2396700334211,1.4890916928540048e-05,1000000.0,200,32,4.0,4.0,256.0,256.0,0.16933917999267578,0.5696412269899156,3.638916677009547,586.5532782000082
hc9u.txt,1,all,251,null,OPTIMAL,OPTIMAL,OPTIMAL,OPTIMAL,True,0.9940432164313922,0.9937776160309207,0.9937776160309207,0.9937776160309207,0.9940432164313922,42.0,97.63323043706812,-0.9940432164313922,-0.9937776160309207,-0.9947065283029939,0.000663311871601735,-0.00026560040047141076,677.667869473438,1.028744756904985e-05,1000000.0,200,14,4.0,4.0,256.0,256.0,0.1822509765625,0.5196631730068475,3.58486217999598,590.1382097550086
hc9u.txt,1,all,252,null,OPTIMAL,OPTIMAL,OPTIMAL,OPTIMAL,True,0.9940432164313922,0.9939741075245314,0.9939741075245314,0.9939741075245314,0.9940432164313922,42.0,97.63323043706812,-0.9940432164313922,-0.9939741075245314,-0.9947034321100032,0.0006602156786110758,-6.910890686073756e-05,905.3653826786813,1.0157056179063503e-05,1000000.0,200,25,4.0,4.0,256.0,256.0,0.16263413429260254,0.44397394300904125,3.506020641012583,593.6442424780107
hc9u.txt,1,all,253,serious,OPTIMAL,OPTIMAL,OPTIMAL,OPTIMAL,True,0.994109890736421,0.994109890736421,0.994109890736421,0.994109890736421,0.994109890736421,42.0,97.63307168872282,-0.994109890736421,-0.994109890736421,-0.9947040211554113,0.0006608047240191928,6.667430502882432e-05,746.6795117025713,1.0086734766130087e-05,700000.0,200,17,4.0,4.0,256.0,255.99999999999997,0.20517587661743164,0.5584789150161669,3.6766009790007956,597.3208572969888
hc9u.txt,1,all,254,null,OPTIMAL,OPTIMAL,OPTIMAL,OPTIMAL,True,0.994109890736421,0.9926165676542981,0.9926165676542981,0.9926165676542981,0.994109890736421,42.0,97.63307168872282,-0.994109890736421,-0.9926165676542981,-0.9948499743726127,0.0007400836361917129,-0.0014933230821229104,1305.5459393143014,1.4295408264994565e-05,1000000.0,200,52,4.0,4.0,256.0,256.0,0.26142001152038574,0.4850442490132991,3.603164417989319,600.9240359500109
hc9u.txt,1,all,255,null,OPTIMAL,OPTIMAL,OPTIMAL,OPTIMAL,True,0.994109890736421,0.9941011625688854,0.9941011625688854,0.9941011625688854,0.994109890736421,42.0,97.63307168872282,-0.994109890736421,-0.9941011625688854,-0.9947992601332397,0.0006893693968187398,-8.728167535609899e-06,868.425890954097,9.847705215480261e-06,1000000.0,200,23,4.0,4.0,256.0,256.0,0.18303298950195312,0.4818825870170258,3.6508988040150143,604.5749478309881
hc9u.txt,1,all,256,null,OPTIMAL,OPTIMAL,OPTIMAL,OPTIMAL,True,0.994109890736421,0.9941066433425334,0.9941066433425334,0.9941066433425334,0.994109890736421,42.0,97.63307168872282,-0.994109890736421,-0.9941066433425334,-0.9948005694822101,0.0006906787457890973,-3.2473938875732244e-06,905.3706025322813,9.846093300367268e-06,1000000.0,200,25,4.0,4.0,256.0,255.99999999999997,0.20665407180786133,0.43615743500413373,3.438363052002387,608.0133218360133
hc9u.txt,1,all,257,serious,OPTIMAL,OPTIMAL,OPTIMAL,OPTIMAL,True,0.994280612186019,0.994280612186019,0.994280612186019,0.994280612186019,0.994280612186019,42.0,97.6326652090809,-0.994280612186019,-0.994280612186019,-0.9947996009342456,0.0006897101978246001,0.0001707214495980658,809.848234110474,9.815464069509398e-06,700000.0,200,20,4.0,4.0,256.0,256.0,0.20641303062438965,0.4043345700192731,3.5496608600078616,611.5629946920089
hc9u.txt,1,all,258,null,OPTIMAL,OPTIMAL,OPTIMAL,OPTIMAL,True,0.994280612186019,0.9930178155338212,0.9930178155338212,0.9930178155338212,0.994280612186019,42.0,97.6326652090809,-0.994280612186019,-0.9930178155338212,-0.9949382730590198,0.0006576608730007871,-0.0012627966521978617,1159.3113325138088,1.3944267784258283e-05,1000000.0,200,41,4.0,4.0,256.0,255.99999999999997,0.2066049575805664,0.40981338600977324,3.869158540008357,615.4321667689946
hc9u.txt,1,all,259,null,OPTIMAL,OPTIMAL,OPTIMAL,OPTIMAL,True,0.994280612186019,0.9941964519011992,0.9941964519011992,0.9941964519011992,0.994280612186019,42.0,97.6326652090809,-0.994280612186019,-0.9941964519011992,-0.9948894683604018,0.000608856174382777,-8.416028481983417e-05,789.358013842381,9.690107423429163e-06,1000000.0,200,19,4.0,4.0,256.0,256.0,0.22266411781311035,0.6316966140002478,3.6053862669796217,619.0375673460076
hc9u.txt,1,all,260,null,OPTIMAL,OPTIMAL,OPTIMAL,OPTIMAL,True,0.994280612186019,0.9943282861720175,0.9943282861720175,0.9943282861720175,0.9943282861720175,42.0,97.63255169959042,-0.994280612186019,-0.9943282861720175,-0.9948937947219004,0.0006131825358813847,4.767398599847539e-05,868.4233697958256,9.608822087734045e-06,1000000.0,200,23,4.0,4.0,256.0,256.0,0.1958458423614502,0.5585459349968005,3.556043555989163,622.5936230809893
hc9u.txt,1,all,261,serious,OPTIMAL,OPTIMAL,OPTIMAL,OPTIMAL,True,0.9944007288133314,0.9944007288133314,0.9944007288133314,0.9944007288133314,0.9944007288133314,42.0,97.63237921711111,-0.9944007288133314,-0.9944007288133314,-0.9948920613799233,0.0006114491939042122,0.00012011662731237216,829.8397652329727,9.611243825628473e-06,700000.0,200,21,4.0,4.0,256.0,256.0,0.1702098846435547,0.4976518750190735,3.623422152013518,626.217130392004
hc9u.txt,1,all,262,null,OPTIMAL,OPTIMAL,OPTIMAL,OPTIMAL,True,0.9944007288133314,0.9931514769593941,0.9931514769593941,0.9931514769593941,0.9944007288133314,42.0,97.63237921711111,-0.9944007288133314,-0.9931514769593941,-0.9950218195406596,0.0006210907273281885,-0.0012492518539373165,1187.2293068156612,1.3592896258110803e-05,1000000.0,200,43,4.0,4.0,256.0,256.0,0.20849108695983887,0.564087405015016,3.6848039159958716,629.9019508440106
hc9u.txt,1,all,263,null,OPTIMAL,OPTIMAL,OPTIMAL,OPTIMAL,True,0.9944007288133314,0.9942535001138366,0.9942535001138366,0.9942535001138366,0.9944007288133314,42.0,97.63237921711111,-0.9944007288133314,-0.9942535001138366,-0.9949805383983469,0.0005798095850154672,-0.00014722869949479467,829.8358390326237,9.369252693938394e-06,1000000.0,200,21,4.0,4.0,256.0,256.0,0.22531914710998535,0.5136476109910291,3.4860387700027786,633.3880056499911
hc9u.txt,1,all,264,null,OPTIMAL,OPTIMAL,OPTIMAL,OPTIMAL,True,0.9944007288133314,0.9942601489753579,0.9942601489753579,0.9942601489753579,0.9944007288133314,42.0,97.63237921711111,-0.9944007288133314,-0.9942601489753579,-0.9949754379463119,0.0005747091329805221,-0.00014057983797355345,789.3589554854909,9.464179094691766e-06,1000000.0,200,19,4.0,4.0,256.0,256.0,0.18761205673217773,0.6035006419988349,3.6665687899803743,637.0545875609969
hc9u.txt,1,all,265,null,OPTIMAL,OPTIMAL,OPTIMAL,OPTIMAL,True,0.9944007288133314,0.9944211110818068,0.9944211110818068,0.9944211110818068,0.9944211110818068,42.0,97.63233068790045,-0.9944007288133314,-0.9944211110818068,-0.9949792988812425,0.0005785700679110661,2.0382268475338527e-05,809.853925455312,9.358587081066611e-06,1000000.0,200,20,4.0,4.0,256.0,256.0,0.24168086051940918,0.44767166100791655,3.6921825619938318,640.7467934479937
hc9u.txt,1,all,266,serious,OPTIMAL,OPTIMAL,OPTIMAL,OPTIMAL,True,0.9945493880227032,0.9945493880227032,0.9945493880227032,0.9945493880227032,0.9945493880227032,42.0,97.6320252666126,-0.9945493880227032,-0.9945493880227032,-0.994976354171862,0.0005756253585306181,0.0001486592093717931,572.8653209452059,9.354455511381e-06,700000.0,200,10,4.0,4.0,256.0,256.0,0.20489907264709473,0.4155613960174378,3.478886857017642,644.2256984440028
hc9u.txt,1,all,267,null,OPTIMAL,OPTIMAL,OPTIMAL,OPTIMAL,True,0.9945493880227032,0.9935526298848847,0.9935526298848847,0.9935526298848847,0.9945493880227032,42.0,97.6320252666126,-0.9945493880227032,-0.9935526298848847,-0.9951010055477181,0.0005516175250148692,-0.0009967581378185209,1086.3409601921812,1.327480831948227e-05,1000000.0,200,36,4.0,4.0,256.0,256.0,0.16200590133666992,0.42246366298059,3.4483932459843345,647.6741073669982
hc9u.txt,1,all,268,null,OPTIMAL,OPTIMAL,OPTIMAL,OPTIMAL,True,0.9945493880227032,0.9941878503161524,0.9941878503161524,0.9941878503161524,0.9945493880227032,42.0,97.6320252666126,-0.9945493880227032,-0.9941878503161524,-0.9950617858661053,0.0005123978434020682,-0.0003615377065507852,768.3227517958628,9.24982149438717e-06,1000000.0,200,18,4.0,4.0,256.0,256.0,0.19433116912841797,0.6007653900014702,4.172925552004017,651.8470483249985
hc9u.txt,1,all,269,null,OPTIMAL,OPTIMAL,OPTIMAL,OPTIMAL,True,0.9945493880227032,0.9941272432193552,0.9941272432193552,0.9941272432193552,0.9945493880227032,42.0,97.6320252666126,-0.9945493880227032,-0.9941272432193552,-0.9950628621197777,0.0005134740970744733,-0.0004221448033480124,1071.1483760396973,9.264820933741944e-06,1000000.0,200,35,4.0,4.0,256.0,256.0,0.19559502601623535,0.4846509619965218,3.6722196860064287,655.5192816419876
hc9u.txt,1,all,270,null,OPTIMAL,OPTIMAL,OPTIMAL,OPTIMAL,True,0.9945493880227032,0.9944519900094043,0.9944519900094043,0.9944519900094043,0.9945493880227032,42.0,97.6320252666126,-0.9945493880227032,-0.9944519900094043,-0.9950571587315494,0.0005077707088462224,-9.739801329888831e-05,600.7825151635964,9.141629089074235e-06,1000000.0,200,11,4.0,4.0,256.0,256.0,0.185136079788208,0.39342267997562885,3.5080054359859787,659.0273031080142
hc9u.txt,1,all,271,null,OPTIMAL,OPTIMAL,OPTIMAL,OPTIMAL,True,0.9945493880227032,0.9944119461046477,0.9944119461046477,0.9944119461046477,0.9945493880227032,42.0,97.6320252666126,-0.9945493880227032,-0.9944119461046477,-0.9950572704429248,0.0005078824202215948,-0.0001374419180555364,809.8359015726014,9.123160653245551e-06,1000000.0,200,20,4.0,4.0,256.0,256.0,0.1798720359802246,0.42178158601745963,3.681759464001516,662.7091470820014
hc9u.txt,1,all,272,null,OPTIMAL,OPTIMAL,OPTIMAL,OPTIMAL,True,0.9945493880227032,0.9944327011791775,0.9944327011791775,0.9944327011791775,0.9945493880227032,42.0,97.6320252666126,-0.9945493880227032,-0.9944327011791775,-0.9950562339223884,0.0005068458996851932,-0.00011668684352572622,829.8270630135933,9.086948380429667e-06,1000000.0,200,21,4.0,4.0,256.0,256.0,0.18872880935668945,0.41517491301056,3.421945993002737,666.1311073820107
hc9u.txt,1,all,273,null,OPTIMAL,OPTIMAL,OPTIMAL,OPTIMAL,True,0.9945493880227032,0.9945805984642512,0.9945805984642512,0.9945805984642512,0.9945805984642512,42.0,97.63195095603749,-0.9945493880227032,-0.9945805984642512,-0.9950541886993604,0.0005048006766571467,3.121044154796859e-05,677.67158650809,9.066360593056136e-06,1000000.0,200,14,4.0,4.0,256.0,256.0,0.14862704277038574,0.6243137679994106,3.7496779510111082,669.8807979580015
hc9u.txt,1,all,274,serious,OPTIMAL,OPTIMAL,OPTIMAL,OPTIMAL,True,0.9946437163165042,0.9946437163165042,0.9946437163165042,0.9946437163165042,0.9946437163165042,42.0,97.63180067543689,-0.9946437163165042,-0.9946437163165042,-0.9950520597968924,0.0005026717741891673,9.432829380096042e-05,479.42740368213475,9.042127783070982e-06,700000.0,200,7,4.0,4.0,256.0,256.0,0.1912088394165039,0.579031215980649,3.635756269999547,673.5165662160143
hc9u.txt,1,all,275,null,OPTIMAL,OPTIMAL,OPTIMAL,OPTIMAL,True,0.9946437163165042,0.9934328694137022,0.9934328694137022,0.9934328694137022,0.9946437163165042,42.0,97.63180067543689,-0.9946437163165042,-0.9934328694137022,-0.9951755380566825,0.0005318217401782954,-0.001210846902801932,1173.3316411538035,1.3059361696472586e-05,1000000.0,200,42,3.0,3.0,256.0,256.0,0.18178296089172363,0.5271817579923663,3.585920845012879,677.1024988979916
hc9u.txt,1,all,276,null,OPTIMAL,OPTIMAL,OPTIMAL,OPTIMAL,True,0.9946437163165042,0.9944158473378356,0.9944158473378356,0.9944158473378356,0.9946437163165042,42.0,97.63180067543689,-0.9946437163165042,-0.9944158473378356,-0.9951335791143343,0.0004898627978301429,-0.00022786897866855504,724.3954719168721,9.056489503721978e-06,1000000.0,200,16,4.0,4.0,256.0,256.0,0.2245800495147705,0.5299170670041349,3.753237427008571,680.8557490700041
hc9u.txt,1,all,277,null,OPTIMAL,OPTIMAL,OPTIMAL,OPTIMAL,True,0.9946437163165042,0.9945034594928016,0.9945034594928016,0.9945034594928016,0.9946437163165042,42.0,97.63180067543689,-0.9946437163165042,-0.9945034594928016,-0.995133159559034,0.0004894432425298634,-0.00014025682370255588,868.4072585117492,9.05252150140354e-06,1000000.0,200,23,3.0,3.0,256.0,255.99999999999997,0.1919879913330078,0.5182977390068118,3.5821033509855624,684.4378670369915
hc9u.txt,1,all,278,null,OPTIMAL,OPTIMAL,OPTIMAL,OPTIMAL,True,0.9946437163165042,0.9946179078698694,0.9946179078698694,0.9946179078698694,0.9946437163165042,42.0,97.63180067543689,-0.9946437163165042,-0.9946179078698694,-0.9951321786524976,0.0004884623359934226,-2.5808446634800752e-05,746.6765110440463,9.040760384610086e-06,1000000.0,200,17,4.0,4.0,256.0,256.0,0.2006549835205078,0.658471360016847,3.722761510987766,688.160643657
hc9u.txt,1,all,279,serious,OPTIMAL,OPTIMAL,OPTIMAL,OPTIMAL,True,0.9947361864180473,0.9947361864180473,0.9947361864180473,0.9947361864180473,0.9947361864180473,42.0,97.63158050852846,-0.9947361864180473,-0.9947361864180473,-0.995131229441992,0.0004875131254877818,9.247010154311841e-05,405.3384894961081,9.024184950372787e-06,700000.0,200,5,3.0,3.0,256.0,256.0,0.1936640739440918,0.42425719599123113,3.4302068050019443,691.5908643389994
hc9u.txt,1,all,280,null,OPTIMAL,OPTIMAL,OPTIMAL,OPTIMAL,True,0.9947361864180473,0.9938202815444398,0.9938202815444398,0.9938202815444398,0.9947361864180473,42.0,97.63158050852846,-0.9947361864180473,-0.9938202815444398,-0.9952472376008987,0.0005110511828514408,-0.0009159048736074871,1040.0951904447222,1.2859473776721444e-05,1000000.0,200,33,3.0,3.0,256.0,256.0,0.5539069175720215,0.5759354719775729,4.214475991000654,695.8053563350113
hc9u.txt,1,all,281,null,OPTIMAL,OPTIMAL,OPTIMAL,OPTIMAL,True,0.9947361864180473,0.994585944527211,0.994585944527211,0.994585944527211,0.9947361864180473,42.0,97.63158050852846,-0.9947361864180473,-0.994585944527211,-0.9952110231346051,0.0004748367165577916,-0.00015024189083623352,653.0177767998828,8.947276955946925e-06,1000000.0,200,13,3.0,3.0,256.0,256.0,0.20737099647521973,0.5563087259943131,3.4955585100105964,699.3010006679979
hc9u.txt,1,all,282,null,OPTIMAL,OPTIMAL,OPTIMAL,OPTIMAL,True,0.9947361864180473,0.9946999983006477,0.9946999983006477,0.9946999983006477,0.9947361864180473,42.0,97.63158050852846,-0.9947361864180473,-0.9946999983006477,-0.9952098472301586,0.0004736608121113095,-3.618811739958261e-05,809.813621558296,8.914924162640366e-06,1000000.0,200,20,3.0,3.0,256.0,256.0,0.23258590698242188,0.5824374390067533,3.786093497008551,703.0871111720044
hc9u.txt,1,all,283,null,OPTIMAL,OPTIMAL,OPTIMAL,OPTIMAL,True,0.9947361864180473,0.994737352124831,0.994737352124831,0.994737352124831,0.994737352124831,42.0,97.63157773303612,-0.9947361864180473,-0.994737352124831,-0.9952101491568829,0.00047396273883559825,1.165706783767817e-06,789.3333847436775,8.924432208932924e-06,1000000.0,200,19,3.0,3.0,256.0,255.99999999999997,0.20849204063415527,0.6590920060116332,4.20832946698647,707.2954570550064
hc9u.txt,1,all,284,serious,OPTIMAL,OPTIMAL,OPTIMAL,OPTIMAL,True,0.9948144104286395,0.9948144104286395,0.9948144104286395,0.9948144104286395,0.9948144104286395,42.0,97.6313942608842,-0.9948144104286395,-0.9948144104286395,-0.9952085228279975,0.00047233640995025805,7.82240105922094e-05,443.90784964133053,8.93149752289003e-06,700000.0,200,6,3.0,3.0,256.0,256.0,0.193572998046875,0.5575634419801645,3.5735839429835323,710.8690567070153
hc9u.txt,1,all,285,null,OPTIMAL,OPTIMAL,OPTIMAL,OPTIMAL,True,0.9948144104286395,0.9935579238798621,0.9935579238798621,0.9935579238798621,0.9948144104286395,42.0,97.6313942608842,-0.9948144104286395,-0.9935579238798621,-0.9953191851726368,0.0005047747439973493,-0.0012564865487774135,1040.1021180547796,1.2580101486363521e-05,1000000.0,200,33,3.0,3.0,256.0,255.99999999999997,0.1874220371246338,0.5412489190057386,3.627067333989544,714.4961379519955
hc9u.txt,1,all,286,null,OPTIMAL,OPTIMAL,OPTIMAL,OPTIMAL,True,0.9948144104286395,0.9945664282247645,0.9945664282247645,0.9945664282247645,0.9948144104286395,42.0,97.6313942608842,-0.9948144104286395,-0.9945664282247645,-0.9952822636675447,0.0004678532389051915,-0.0002479822038750079,768.2914536363093,8.682476983288373e-06,1000000.0,200,18,3.0,3.0,256.0,255.99999999999997,0.29897308349609375,0.5472277789958753,3.9589343820116483,718.4550869720115
hc9u.txt,1,all,287,null,OPTIMAL,OPTIMAL,OPTIMAL,OPTIMAL,True,0.9948144104286395,0.993067701261068,0.993067701261068,0.993067701261068,0.9948144104286395,42.0,97.6313942608842,-0.9948144104286395,-0.993067701261068,-0.9953107185484562,0.000496308119816713,-0.0017467091675714697,1040.1076095442381,9.937335708393621e-06,1000000.0,200,33,3.0,3.0,256.0,256.0,0.18494391441345215,0.4195763089810498,3.478735921002226,721.9338373980136
hc9u.txt,1,all,288,null,OPTIMAL,OPTIMAL,OPTIMAL,OPTIMAL,True,0.9948144104286395,0.9942469252807865,0.9942469252807865,0.9942469252807865,0.9948144104286395,42.0,97.6313942608842,-0.9948144104286395,-0.9942469252807865,-0.9953032658460275,0.0004888554173879678,-0.0005674851478529863,1024.222565528543,9.469461676619139e-06,1000000.0,200,32,3.0,3.0,256.0,256.0,0.2348179817199707,0.6320603459898848,3.938412076997338,725.8722641089989
hc9u.txt,1,all,289,null,OPTIMAL,OPTIMAL,OPTIMAL,OPTIMAL,True,0.9948144104286395,0.994559707867402,0.994559707867402,0.994559707867402,0.9948144104286395,42.0,97.6313942608842,-0.9948144104286395,-0.994559707867402,-0.9953039795255116,0.0004895690968721444,-0.00025470256123749646,868.3981956730685,9.397157790440316e-06,1000000.0,200,23,3.0,3.0,256.0,256.0,0.16057610511779785,0.5217513130046427,3.7364986810134724,729.6087781199894
hc9u.txt,1,all,290,null,OPTIMAL,OPTIMAL,OPTIMAL,OPTIMAL,True,0.9948144104286395,0.9948124003503518,0.9948124003503518,0.9948124003503518,0.9948144104286395,42.0,97.6313942608842,-0.9948144104286395,-0.9948124003503518,-0.9953020741401353,0.00048766371149577825,-2.010078287706385e-06,653.0214440228046,9.319476465367562e-06,1000000.0,200,13,3.0,3.0,256.0,256.0,0.1680150032043457,0.5624465860018972,3.4792680040118285,733.0880609349988
hc9u.txt,1,all,291,null,OPTIMAL,OPTIMAL,OPTIMAL,OPTIMAL,True,0.9948144104286395,0.994808470839369,0.994808470839369,0.994808470839369,0.9948144104286395,42.0,97.6313942608842,-0.9948144104286395,-0.994808470839369,-0.995302748825321,0.000488338396681498,-5.93958927053162e-06,768.2918225468158,9.352669990007892e-06,1000000.0,200,18,3.0,3.0,256.0,256.0,0.20894312858581543,0.5450657650071662,3.79943052798626,736.887559550989
hc9u.txt,1,all,292,null,OPTIMAL,OPTIMAL,OPTIMAL,OPTIMAL,True,0.9948144104286395,0.994743802706696,0.994743802706696,0.994743802706696,0.9948144104286395,42.0,97.6313942608842,-0.9948144104286395,-0.994743802706696,-0.9952974039070749,0.00048299347843538953,-7.060772194344977e-05,701.3991703543411,9.25796927108259e-06,1000000.0,200,15,3.0,3.0,256.0,256.0,0.14997005462646484,0.5193799530097749,3.8056456280173734,740.6932190280058
hc9u.txt,1,all,293,null,OPTIMAL,OPTIMAL,OPTIMAL,OPTIMAL,True,0.9948144104286395,0.9947075620889486,0.9947075620889486,0.9947075620889486,0.9948144104286395,42.0,97.6313942608842,-0.9948144104286395,-0.9947075620889486,-0.9952928648518055,0.00047845442316596376,-0.00010684833969087926,768.2978216540001,9.218856108750084e-06,1000000.0,200,18,3.0,3.0,256.0,256.0,0.15129709243774414,0.6158692080061883,3.59483271301724,744.2880666099954
hc9u.txt,1,all,294,null,OPTIMAL,OPTIMAL,OPTIMAL,OPTIMAL,True,0.9948144104286395,0.9947648119867143,0.9947648119867143,0.9947648119867143,0.9948144104286395,42.0,97.6313942608842,-0.9948144104286395,-0.9947648119867143,-0.9952987891996864,0.0004843787710469005,-4.9598441925202685e-05,829.8037970661402,9.244938203290871e-06,1000000.0,200,21,3.0,3.0,256.0,256.0,0.16075801849365234,0.5151848959794734,3.7726379739760887,748.0607183300017
hc9u.txt,1,all,295,serious,OPTIMAL,OPTIMAL,OPTIMAL,OPTIMAL,True,0.994889056272799,0.994889056272799,0.994889056272799,0.994889056272799,0.994889056272799,42.0,97.63121653268382,-0.994889056272799,-0.994889056272799,-0.9952974038509992,0.0004829934223596899,7.464584415950437e-05,600.7525772555921,9.19336784688617e-06,700000.0,200,11,3.0,3.0,256.0,256.0,0.19847393035888672,0.5488383619813249,3.7326336610130966,751.7933682079893
hc9u.txt,1,all,296,null,OPTIMAL,OPTIMAL,OPTIMAL,OPTIMAL,True,0.994889056272799,0.9939682737481672,0.9939682737481672,0.9939682737481672,0.994889056272799,42.0,97.63121653268382,-0.994889056272799,-0.9939682737481672,-0.9954137814617529,0.0005247251889538562,-0.0009207825246317913,1214.5001888873717,1.2858773776452195e-05,1000000.0,200,45,3.0,3.0,256.0,256.0,0.18398499488830566,0.384667990001617,3.3795855270000175,755.1729715260153
hc9u.txt,1,all,297,null,OPTIMAL,OPTIMAL,OPTIMAL,OPTIMAL,True,0.994889056272799,0.9947281801754431,0.9947281801754431,0.9947281801754431,0.994889056272799,42.0,97.63121653268382,-0.994889056272799,-0.9947281801754431,-0.9953791263568597,0.0004900700840606564,-0.0001608760973559331,849.3199595117624,8.950767097924544e-06,1000000.0,200,22,3.0,3.0,256.0,256.0,0.1423790454864502,0.4371034729992971,3.2820652470109053,758.4550503100036
hc9u.txt,1,all,298,null,OPTIMAL,OPTIMAL,OPTIMAL,OPTIMAL,True,0.994889056272799,0.9948208189968901,0.9948208189968901,0.9948208189968901,0.994889056272799,42.0,97.63121653268382,-0.994889056272799,-0.9948208189968901,-0.9953782146702796,0.000489158397480649,-6.823727590887785e-05,809.8194247141292,8.946693301811367e-06,1000000.0,200,20,3.0,3.0,256.0,256.0,0.19087886810302734,0.5824672089947853,3.893801299011102,762.3488655330148
hc9u.txt,1,all,299,null,OPTIMAL,OPTIMAL,OPTIMAL,OPTIMAL,True,0.994889056272799,0.994858665571778,0.994858665571778,0.994858665571778,0.994889056272799,42.0,97.63121653268382,-0.994889056272799,-0.994858665571778,-0.9953771097104259,0.000488053437626923,-3.0390701020954758e-05,724.3864825441,8.963405722849252e-06,1000000.0,200,16,3.0,3.0,256.0,256.0,0.20868802070617676,0.5874247080064379,3.656938653002726,766.0058184550144
hc9u.txt,1,all,300,serious,OPTIMAL,OPTIMAL,OPTIMAL,OPTIMAL,True,0.9950003660408822,0.9950003660408822,0.9950003660408822,0.9950003660408822,0.9950003660408822,42.0,97.63095150942647,-0.9950003660408822,-0.9950003660408822,-0.9953765009391509,0.0004874446663518661,0.00011130976808315651,479.3884926202773,8.945472451389735e-06,700000.0,200,7,3.0,3.0,256.0,256.0,0.1560230255126953,0.5183199179882649,3.3935759880114347,769.3994064360159
hc9u.txt,1,all,301,null,OPTIMAL,OPTIMAL,OPTIMAL,OPTIMAL,True,0.9950003660408822,0.9937510291126516,0.9937510291126516,0.9937510291126516,0.9950003660408822,42.0,97.63095150942647,-0.9950003660408822,-0.9937510291126516,-0.9954887093791865,0.0004883433383043867,-0.0012493369282305933,991.7233385313186,1.2661540288730636e-05,1000000.0,200,30,3.0,3.0,256.0,256.0,0.1855020523071289,0.45812021699384786,3.5120301189890597,772.9115061970078
hc9u.txt,1,all,302,null,OPTIMAL,OPTIMAL,OPTIMAL,OPTIMAL,True,0.9950003660408822,0.9947769528333527,0.9947769528333527,0.9947769528333527,0.9950003660408822,42.0,97.63095150942647,-0.9950003660408822,-0.9947769528333527,-0.995451172449028,0.00045080640814587625,-0.00022341320752949922,701.4084234475723,8.697818536017578e-06,1000000.0,200,15,3.0,3.0,256.0,256.0,0.19897699356079102,0.4090944089984987,3.4163140380114783,776.32783491601
hc9u.txt,1,all,303,null,OPTIMAL,OPTIMAL,OPTIMAL,OPTIMAL,True,0.9950003660408822,0.994847493948238,0.994847493948238,0.994847493948238,0.9950003660408822,42.0,97.63095150942647,-0.9950003660408822,-0.994847493948238,-0.9954514685043007,0.0004511024634185068,-0.0001528720926441407,829.8071669584401,8.651838594520728e-06,1000000.0,200,21,3.0,3.0,256.0,256.0,0.15826082229614258,0.47912952399929054,3.6593110419926234,779.9871606059896
hc9u.txt,1,all,304,null,OPTIMAL,OPTIMAL,OPTIMAL,OPTIMAL,True,0.9950003660408822,0.9949625344182015,0.9949625344182015,0.9949625344182015,0.9950003660408822,42.0,97.63095150942647,-0.9950003660408822,-0.9949625344182015,-0.9954497747266022,0.0004494086857200763,-3.783162268067297e-05,512.4607243033645,8.584748029823224e-06,1000000.0,200,8,3.0,3.0,256.0,256.0,0.16013789176940918,0.5302433419856243,3.5563579330046196,783.5435320030083
hc9u.txt,1,all,305,null,OPTIMAL,OPTIMAL,OPTIMAL,OPTIMAL,True,0.9950003660408822,0.9950077439569028,0.9950077439569028,0.9950077439569028,0.9950077439569028,42.0,97.63093394295976,-0.9950003660408822,-0.9950077439569028,-0.9954482326549774,0.0004478666140952381,7.377916020678832e-06,543.4687345884776,8.57707540158701e-06,1000000.0,200,9,3.0,3.0,256.0,256.0,0.25660204887390137,0.4793122769915499,3.642537842009915,787.1860819199937
hc9u.txt,1,all,306,null,OPTIMAL,OPTIMAL,OPTIMAL,OPTIMAL,True,0.9950003660408822,0.9950193334999754,0.9950193334999754,0.9950193334999754,0.9950193334999754,42.0,97.63090634880957,-0.9950003660408822,-0.9950193334999754,-0.9954487716554904,0.00044840561460823825,1.8967459093244265e-05,746.6656339473567,8.525755355107509e-06,1000000.0,200,17,3.0,3.0,256.0,256.0,0.17272710800170898,0.4120679839979857,3.797989246988436,790.9840846779989
hc9u.txt,1,all,307,serious,OPTIMAL,OPTIMAL,OPTIMAL,OPTIMAL,True,0.9950709083636533,0.9950709083636533,0.9950709083636533,0.9950709083636533,0.9950709083636533,42.0,97.63078355151512,-0.9950709083636533,-0.9950709083636533,-0.9954486741726916,0.0004483081318094051,7.054232277114991e-05,627.4402459114947,8.533410503015292e-06,700000.0,200,12,3.0,3.0,256.0,256.0,0.24502086639404297,0.4270748629933223,3.550043281982653,794.5341396490112
hc9u.txt,1,all,308,null,OPTIMAL,OPTIMAL,OPTIMAL,OPTIMAL,True,0.9950709083636533,0.9932923115423273,0.9932923115423273,0.9932923115423273,0.9950709083636533,42.0,97.63078355151512,-0.9950709083636533,-0.9932923115423273,-0.9955477307392656,0.0004768223756123069,-0.0017785968213259729,1318.0285481183107,1.201664581476804e-05,1000000.0,200,53,4.0,4.0,256.0,256.0,0.19526290893554688,0.5258009629906155,3.504716664989246,798.0388672469999
hc9u.txt,1,all,309,null,OPTIMAL,OPTIMAL,OPTIMAL,OPTIMAL,True,0.9950709083636533,0.9946583091812873,0.9946583091812873,0.9946583091812873,0.9950709083636533,42.0,97.63078355151512,-0.9950709083636533,-0.9946583091812873,-0.9955145545913159,0.0004436462276625752,-0.00041259918236602466,768.306265527289,8.228356679014452e-06,1000000.0,200,18,3.0,3.0,256.0,256.0,0.21222186088562012,0.5828107249981258,3.703359064005781,801.7422403480159
hc9u.txt,1,all,310,null,OPTIMAL,OPTIMAL,OPTIMAL,OPTIMAL,True,0.9950709083636533,0.9947502667301747,0.9947502667301747,0.9947502667301747,0.9950709083636533,42.0,97.63078355151512,-0.9950709083636533,-0.9947502667301747,-0.9955131248154979,0.00044221645184461256,-0.0003206416334785578,868.4117841329678,8.155666215980716e-06,1000000.0,200,23,3.0,3.0,256.0,256.0,0.19779109954833984,0.5968836680112872,3.6745844449906144,805.4168399969931
hc9u.txt,1,all,311,null,OPTIMAL,OPTIMAL,OPTIMAL,OPTIMAL,True,0.9950709083636533,0.9948718920661328,0.9948718920661328,0.9948718920661328,0.9950709083636533,42.0,97.63078355151512,-0.9950709083636533,-0.9948718920661328,-0.9955129317491271,0.00044202338547383313,-0.00019901629752050454,868.4277217616082,8.068786010019153e-06,1000000.0,200,23,4.0,4.0,256.0,256.0,0.2028360366821289,0.4125987890001852,3.456075060996227,808.8729788339988
hc9u.txt,1,all,312,null,OPTIMAL,OPTIMAL,OPTIMAL,OPTIMAL,True,0.9950709083636533,0.9950147538541647,0.9950147538541647,0.9950147538541647,0.9950709083636533,42.0,97.63078355151512,-0.9950709083636533,-0.9950147538541647,-0.9955105035887377,0.0004395952250844104,-5.615450948859291e-05,479.4194850778638,8.05358765918068e-06,1000000.0,200,7,3.0,3.0,256.0,256.0,0.1553330421447754,0.5184551110141911,3.492152813996654,812.3651465630101
hc9u.txt,1,all,313,null,OPTIMAL,OPTIMAL,OPTIMAL,OPTIMAL,True,0.9950709083636533,0.9949825164893897,0.9949825164893897,0.9949825164893897,0.9950709083636533,42.0,97.63078355151512,-0.9950709083636533,-0.9949825164893897,-0.9955123532512724,0.0004414448876191024,-8.839187426357142e-05,868.4103764527213,8.020359744428451e-06,1000000.0,200,23,3.0,3.0,256.0,256.0,0.18128514289855957,0.4031915749947075,3.4840677799948025,815.8492294030148
hc9u.txt,1,all,314,serious,OPTIMAL,OPTIMAL,OPTIMAL,OPTIMAL,True,0.9951257791117645,0.9951257791117645,0.9951257791117645,0.9951257791117645,0.9951257791117645,42.0,97.63065290687675,-0.9951257791117645,-0.9951257791117645,-0.9955109258463908,0.0004400174827374759,5.4870748111168766e-05,653.0296723064804,8.010660812456048e-06,700000.0,200,13,3.0,3.0,256.0,256.0,0.19459009170532227,0.4302421059983317,3.688822172000073,819.5380653860047
hc9u.txt,1,all,315,null,OPTIMAL,OPTIMAL,OPTIMAL,OPTIMAL,True,0.9951257791117645,0.9933983973252363,0.9933983973252363,0.9933983973252363,0.9951257791117645,42.0,97.63065290687675,-0.9951257791117645,-0.9933983973252363,-0.9955990841800698,0.0004733050683053408,-0.0017273817865282037,1173.351877125184,1.1359590116498053e-05,1000000.0,200,42,3.0,3.0,256.0,256.0,0.18094182014465332,0.5770180679974146,3.748764007992577,823.2868449320085
hc9u.txt,1,all,316,null,OPTIMAL,OPTIMAL,OPTIMAL,OPTIMAL,True,0.9951257791117645,0.9945154061515706,0.9945154061515706,0.9945154061515706,0.9951257791117645,42.0,97.63065290687675,-0.9951257791117645,-0.9945154061515706,-0.9955665049576113,0.0004407258458468677,-0.000610372960193839,789.3453850107787,7.786837823581757e-06,1000000.0,200,19,3.0,3.0,256.0,256.0,0.21694111824035645,0.5224442550097592,3.7097314429993276,826.9965925189899
hc9u.txt,1,all,317,null,OPTIMAL,OPTIMAL,OPTIMAL,OPTIMAL,True,0.9951257791117645,0.9946920357931137,0.9946920357931137,0.9946920357931137,0.9951257791117645,42.0,97.63065290687675,-0.9951257791117645,-0.9946920357931137,-0.9955649848795092,0.0004392057677446992,-0.0004337433186507589,868.4187101968428,7.546236588060347e-06,1000000.0,200,23,3.0,3.0,256.0,256.0,0.16603708267211914,0.5627115120005328,3.668542322004214,830.6651547859947
hc9u.txt,1,all,318,null,OPTIMAL,OPTIMAL,OPTIMAL,OPTIMAL,True,0.9951257791117645,0.9949272523877782,0.9949272523877782,0.9949272523877782,0.9951257791117645,42.0,97.63065290687675,-0.9951257791117645,-0.9949272523877782,-0.9955628275545261,0.0004370484427616006,-0.0001985267239862365,677.6749082895676,7.423010678982131e-06,1000000.0,200,14,3.0,3.0,256.0,256.0,0.21170783042907715,0.532326862012269,3.4746994659944903,834.1398731789959
hc9u.txt,1,all,319,null,OPTIMAL,OPTIMAL,OPTIMAL,OPTIMAL,True,0.9951257791117645,0.9949454947489466,0.9949454947489466,0.9949454947489466,0.9951257791117645,42.0,97.63065290687675,-0.9951257791117645,-0.9949454947489466,-0.9955626314198119,0.000436852308047464,-0.00018028436281791738,809.8340795974794,7.391216641559347e-06,1000000.0,200,20,3.0,3.0,256.0,256.0,0.19168686866760254,0.4533534809888806,3.5029073850018904,837.6427958470013
hc9u.txt,1,all,320,null,OPTIMAL,OPTIMAL,OPTIMAL,OPTIMAL,True,0.9951257791117645,0.9950221538669739,0.9950221538669739,0.9950221538669739,0.9951257791117645,42.0,97.63065290687675,-0.9951257791117645,-0.9950221538669739,-0.99556289912804,0.000437120016275494,-0.00010362524479057278,724.4052920292835,7.3783107256792476e-06,1000000.0,200,16,3.0,3.0,256.0,256.0,0.20910310745239258,0.43645662599010393,3.592470427014632,841.2352786120027
hc9u.txt,1,all,321,serious,OPTIMAL,OPTIMAL,OPTIMAL,OPTIMAL,True,0.9951739757119837,0.9951739757119837,0.9951739757119837,0.9951739757119837,0.9951739757119837,42.0,97.6305381530667,-0.9951739757119837,-0.9951739757119837,-0.9955625998733013,0.000436820761536838,4.819660021926353e-05,627.4523031176277,7.350461748084467e-06,700000.0,200,12,3.0,3.0,256.0,256.0,0.1945958137512207,0.422095043992158,3.419413766998332,844.6547640229983
hc9u.txt,1,all,322,null,OPTIMAL,OPTIMAL,OPTIMAL,OPTIMAL,True,0.9951739757119837,0.994040268791748,0.994040268791748,0.994040268791748,0.9951739757119837,42.0,97.6305381530667,-0.9951739757119837,-0.994040268791748,-0.9956366205466762,0.00046264483469249384,-0.001133706920235733,1086.3388096261351,1.0481145689665788e-05,1000000.0,200,36,3.0,3.0,256.0,256.0,0.18185901641845703,0.528469272016082,3.8419543839991093,848.4967311540095
hc9u.txt,1,all,323,null,OPTIMAL,OPTIMAL,OPTIMAL,OPTIMAL,True,0.9951739757119837,0.9950434762682285,0.9950434762682285,0.9950434762682285,0.9951739757119837,42.0,97.6305381530667,-0.9951739757119837,-0.9950434762682285,-0.9956127504732247,0.0004387747612409898,-0.0001304994437552054,768.3184138653518,7.118530386564769e-06,1000000.0,200,18,3.0,3.0,256.0,256.0,0.22484803199768066,0.4197325150016695,3.7091066889988724,852.2058515050157
hc9u.txt,1,all,324,null,OPTIMAL,OPTIMAL,OPTIMAL,OPTIMAL,True,0.9951739757119837,0.9950827305017855,0.9950827305017855,0.9950827305017855,0.9951739757119837,42.0,97.6305381530667,-0.9951739757119837,-0.9950827305017855,-0.9956102676170733,0.0004362919050895364,-9.124521019820975e-05,724.406286741225,7.187769317927614e-06,1000000.0,200,16,3.0,3.0,256.0,256.0,0.17362189292907715,0.4764894660038408,3.4936076469894033,855.6994742919924
hc9u.txt,1,all,325,null,OPTIMAL,OPTIMAL,OPTIMAL,OPTIMAL,True,0.9951739757119837,0.9950839138474017,0.9950839138474017,0.9950839138474017,0.9951739757119837,42.0,97.6305381530667,-0.9951739757119837,-0.9950839138474017,-0.995611613141826,0.0004376374298422636,-9.006186458204724e-05,768.3071463385353,7.204736711155449e-06,1000000.0,200,18,3.0,3.0,256.0,256.0,0.22849297523498535,0.417363454005681,3.396381650993135,859.0958717319882
hc9u.txt,1,all,326,null,OPTIMAL,OPTIMAL,OPTIMAL,OPTIMAL,True,0.9951739757119837,0.9951906899003765,0.9951906899003765,0.9951906899003765,0.9951906899003765,42.0,97.63049835738006,-0.9951739757119837,-0.9951906899003765,-0.9956074312181243,0.0004334555061406009,1.671418839277461e-05,512.468292912287,7.222676589003007e-06,1000000.0,200,8,3.0,3.0,256.0,256.0,0.15374398231506348,0.5105642359994818,3.905953187000705,863.0018395379884
hc9u.txt,1,all,327,null,OPTIMAL,OPTIMAL,OPTIMAL,OPTIMAL,True,0.9951739757119837,0.9951520193094758,0.9951520193094758,0.9951520193094758,0.9951906899003765,42.0,97.63049835738006,-0.9951739757119837,-0.9951520193094758,-0.9956084900583789,0.00043451434639518727,-2.1956402507905537e-05,627.4516393291318,7.202926058190098e-06,1000000.0,200,12,3.0,3.0,256.0,256.0,0.16771602630615234,0.47949624198372476,3.4227433530031703,866.4246110960084
hc9u.txt,1,all,328,null,OPTIMAL,OPTIMAL,OPTIMAL,OPTIMAL,True,0.9951739757119837,0.9951387574767955,0.9951387574767955,0.9951387574767955,0.9951906899003765,42.0,97.63049835738006,-0.9951739757119837,-0.9951387574767955,-0.9956102400200348,0.00043626430805110417,-3.521823518826128e-05,701.4329015690588,7.174631617431224e-06,1000000.0,200,15,3.0,3.0,256.0,256.0,0.22929787635803223,0.4113916359783616,3.482270562002668,869.9068968739884
hc9u.txt,1,all,329,null,OPTIMAL,OPTIMAL,OPTIMAL,OPTIMAL,True,0.9951739757119837,0.9951772242025828,0.9951772242025828,0.9951772242025828,0.9951906899003765,42.0,97.63049835738006,-0.9951739757119837,-0.9951772242025828,-0.9956098375683193,0.0004358618563355954,3.2484905990726176e-06,572.8365826489562,7.2006958348007446e-06,1000000.0,200,10,3.0,3.0,256.0,256.0,0.16656208038330078,0.4119119069946464,3.4959314230072778,873.4028415810026
hc9u.txt,1,all,330,null,OPTIMAL,OPTIMAL,OPTIMAL,OPTIMAL,True,0.9951739757119837,0.9951596358365062,0.9951596358365062,0.9951596358365062,0.9951906899003765,42.0,97.63049835738006,-0.9951739757119837,-0.9951596358365062,-0.9956094202808056,0.00043544456882183,-1.4339875477498154e-05,746.6702176076536,7.196272609787499e-06,1000000.0,200,17,3.0,3.0,256.0,256.0,0.17956280708312988,0.42995156001416035,3.4039495330071077,876.8068053210154
hc9u.txt,1,all,331,serious,OPTIMAL,OPTIMAL,OPTIMAL,OPTIMAL,True,0.9952335877152122,0.9952335877152122,0.9952335877152122,0.9952335877152122,0.9952335877152122,42.0,97.63039621972568,-0.9952335877152122,-0.9952335877152122,-0.9956090590370241,0.00043508332504038627,5.961200322845972e-05,572.8481589208332,7.18040974773014e-06,700000.0,200,10,3.0,3.0,256.0,256.0,0.1757218837738037,0.3977758059918415,3.633577767992392,880.4404664780013
hc9u.txt,1,all,332,null,OPTIMAL,OPTIMAL,OPTIMAL,OPTIMAL,True,0.9952335877152122,0.9937005721808004,0.9937005721808004,0.9937005721808004,0.9952335877152122,42.0,97.63039621972568,-0.9952335877152122,-0.9937005721808004,-0.9956803164336648,0.00044672871845263806,-0.0015330155344117635,1173.3497781903245,1.0074217223161295e-05,1000000.0,200,42,4.0,4.0,256.0,256.0,0.2043290138244629,0.6323547170031816,3.8698583990044426,884.3103391269979
hc9u.txt,1,all,333,null,OPTIMAL,OPTIMAL,OPTIMAL,OPTIMAL,True,0.9952335877152122,0.9947168259202592,0.9947168259202592,0.9947168259202592,0.9952335877152122,42.0,97.63039621972568,-0.9952335877152122,-0.9947168259202592,-0.9956546161816093,0.0004210284663971331,-0.000516761794952969,653.0490032431927,6.9121393905688845e-06,1000000.0,200,13,4.0,4.0,256.0,256.0,0.16888999938964844,0.42944528299267404,3.600995190005051,887.9113495300116
hc9u.txt,1,all,334,null,OPTIMAL,OPTIMAL,OPTIMAL,OPTIMAL,True,0.9952335877152122,0.994791225806531,0.994791225806531,0.994791225806531,0.9952335877152122,42.0,97.63039621972568,-0.9952335877152122,-0.994791225806531,-0.9956525231636849,0.0004189354484727126,-0.0004423619086811881,887.100726542764,6.770982025017369e-06,1000000.0,200,24,4.0,4.0,256.0,256.0,0.15942692756652832,0.5298775740084238,3.574864530994091,891.4862295020139
hc9u.txt,1,all,335,null,OPTIMAL,OPTIMAL,OPTIMAL,OPTIMAL,True,0.9952335877152122,0.9949798089033226,0.9949798089033226,0.9949798089033226,0.9952335877152122,42.0,97.63039621972568,-0.9952335877152122,-0.9949798089033226,-0.9956505924256793,0.00041700471046712817,-0.0002537788118895934,923.2932827101897,6.641149076685754e-06,1000000.0,200,26,4.0,4.0,256.0,256.0,0.18486404418945312,0.5124203289742582,3.4767604029912036,894.963006075006
hc9u.txt,1,all,336,null,OPTIMAL,OPTIMAL,OPTIMAL,OPTIMAL,True,0.9952335877152122,0.9949818759509501,0.9949818759509501,0.9949818759509501,0.9952335877152122,42.0,97.63039621972568,-0.9952335877152122,-0.9949818759509501,-0.995645921803431,0.0004123340882188353,-0.00025171176426208586,653.0670095115174,6.841103870950981e-06,1000000.0,200,13,4.0,4.0,256.0,256.0,0.2759220600128174,0.47840123300557025,3.7597300549969077,898.7227524709888
hc9u.txt,1,all,337,null,OPTIMAL,OPTIMAL,OPTIMAL,OPTIMAL,True,0.9952335877152122,0.9950845570607634,0.9950845570607634,0.9950845570607634,0.9952335877152122,42.0,97.63039621972568,-0.9952335877152122,-0.9950845570607634,-0.9956491263923998,0.00041553867718757687,-0.0001490306544488229,923.2957807933756,6.5482935996916064e-06,1000000.0,200,26,4.0,4.0,256.0,256.0,0.18289518356323242,0.45690383497276343,3.6256845040188637,902.3484501809871
hc9u.txt,1,all,338,null,OPTIMAL,OPTIMAL,OPTIMAL,OPTIMAL,True,0.9952335877152122,0.9952686745053552,0.9952686745053552,0.9952686745053552,0.9952686745053552,42.0,97.63031267974917,-0.9952335877152122,-0.9952686745053552,-0.995647944904443,0.000414357189230774,3.508679014296856e-05,405.38283246017176,6.504270236530295e-06,1000000.0,200,5,4.0,4.0,256.0,256.0,0.16622185707092285,0.4114210169936996,3.3680846659990493,905.7165495590016
hc9u.txt,1,all,339,null,OPTIMAL,OPTIMAL,OPTIMAL,OPTIMAL,True,0.9952335877152122,0.9952279663168055,0.9952279663168055,0.9952279663168055,0.9952686745053552,42.0,97.63031267974917,-0.9952335877152122,-0.9952279663168055,-0.9956486254660901,0.0004150377508779224,-5.621398406652212e-06,746.701811582925,6.540277376441023e-06,1000000.0,200,17,4.0,4.0,256.0,256.0,0.22139883041381836,0.42299788899254054,3.5403082569828257,909.2568750070059
hc9u.txt,1,all,340,null,OPTIMAL,OPTIMAL,OPTIMAL,OPTIMAL,True,0.9952335877152122,0.9950903585298324,0.9950903585298324,0.9950903585298324,0.9952686745053552,42.0,97.63031267974917,-0.9952335877152122,-0.9950903585298324,-0.9956419880658915,0.0004084003506793499,-0.00014322918537978957,600.7958708982876,6.831287778050601e-06,1000000.0,200,11,3.0,3.0,256.0,256.0,0.20682001113891602,0.5445109940192197,3.6181245050102007,912.8750140639895
hc9u.txt,1,all,341,null,OPTIMAL,OPTIMAL,OPTIMAL,OPTIMAL,True,0.9952335877152122,0.9952580538837734,0.9952580538837734,0.9952580538837734,0.9952686745053552,42.0,97.63031267974917,-0.9952335877152122,-0.9952580538837734,-0.9956426491540832,0.00040906143887098345,2.4466168561221302e-05,512.5007403947205,6.705459045567439e-06,1000000.0,200,8,3.0,3.0,256.0,256.0,0.2651801109313965,0.5014556930109393,3.622105915012071,916.4971974710061
hc9u.txt,1,all,342,null,OPTIMAL,OPTIMAL,OPTIMAL,OPTIMAL,True,0.9952335877152122,0.9951240081223727,0.9951240081223727,0.9951240081223727,0.9952686745053552,42.0,97.63031267974917,-0.9952335877152122,-0.9951240081223727,-0.9956480961040902,0.000414508388878021,-0.00010957959283952601,829.84233950995,6.576709777117469e-06,1000000.0,200,21,4.0,4.0,256.0,256.0,0.20547199249267578,0.38920182798756287,3.514650586992502,920.0118595859967
hc9u.txt,1,all,343,null,OPTIMAL,OPTIMAL,OPTIMAL,OPTIMAL,True,0.9952335877152122,0.9952092763058236,0.9952092763058236,0.9952092763058236,0.9952686745053552,42.0,97.63031267974917,-0.9952335877152122,-0.9952092763058236,-0.9956451256811016,0.00041153796588944136,-2.4311409388633187e-05,809.8488855405692,6.666284228626686e-06,1000000.0,200,20,4.0,4.0,256.0,256.0,0.18681812286376953,0.42541121499380097,3.4712175670138095,923.4830924659909
hc9u.txt,1,all,344,serious,OPTIMAL,OPTIMAL,OPTIMAL,OPTIMAL,True,0.9952893037847141,0.9952893037847141,0.9952893037847141,0.9952893037847141,0.9952893037847141,42.0,97.63026356241733,-0.9952893037847141,-0.9952893037847141,-0.9956430885187979,0.00040950080358570506,5.571606950194319e-05,479.45385716058865,6.690500710538434e-06,700000.0,200,7,3.0,3.0,256.0,255.99999999999997,0.1777479648590088,0.5607014420093037,3.7422711420222186,927.2253905769903
hc9u.txt,1,all,345,null,OPTIMAL,OPTIMAL,OPTIMAL,OPTIMAL,True,0.9952893037847141,0.9942081204573625,0.9942081204573625,0.9942081204573625,0.9952893037847141,42.0,97.63026356241733,-0.9952893037847141,-0.9942081204573625,-0.995708306262084,0.000419002477369812,-0.0010811833273516314,1292.938897540594,9.37852066580618e-06,1000000.0,200,51,4.0,4.0,256.0,256.0,0.25837206840515137,0.5461849280109163,3.7611358980066143,930.9865437260014
hc9u.txt,1,all,346,null,OPTIMAL,OPTIMAL,OPTIMAL,OPTIMAL,True,0.9952893037847141,0.9950604255091571,0.9950604255091571,0.9950604255091571,0.9952893037847141,42.0,97.63026356241733,-0.9952893037847141,-0.9950604255091571,-0.9956860390546128,0.0003967352698986959,-0.00022887827555706508,829.8492466409258,6.583470024044623e-06,1000000.0,200,21,4.0,4.0,256.0,256.0,0.23950409889221191,0.5608168280159589,3.778790217009373,934.7653509670054
hc9u.txt,1,all,347,null,OPTIMAL,OPTIMAL,OPTIMAL,OPTIMAL,True,0.9952893037847141,0.9950823560672911,0.9950823560672911,0.9950823560672911,0.9952893037847141,42.0,97.63026356241733,-0.9952893037847141,-0.9950823560672911,-0.9956877410233854,0.00039843723867127867,-0.00020694771742302276,991.7373485738656,6.544561371216395e-06,1000000.0,200,30,4.0,4.0,256.0,256.0,0.16390085220336914,0.43644243298331276,3.7821883690194227,938.5475539670151
hc9u.txt,1,all,348,null,OPTIMAL,OPTIMAL,OPTIMAL,OPTIMAL,True,0.9952893037847141,0.9951157982932977,0.9951157982932977,0.9951157982932977,0.9952893037847141,42.0,97.63026356241733,-0.9952893037847141,-0.9951157982932977,-0.9956814537921702,0.0003921500074560713,-0.0001735054914164813,768.3303601847609,6.788011471159175e-06,1000000.0,200,18,4.0,4.0,256.0,255.99999999999997,0.2076101303100586,0.7420673500164412,3.947845276008593,942.4954133440042
hc9u.txt,1,all,349,null,OPTIMAL,OPTIMAL,OPTIMAL,OPTIMAL,True,0.9952893037847141,0.9952475319871752,0.9952475319871752,0.9952475319871752,0.9952893037847141,42.0,97.63026356241733,-0.9952893037847141,-0.9952475319871752,-0.9956805941503369,0.0003912903656227984,-4.177179753894755e-05,600.8094110342486,6.757253441309477e-06,1000000.0,200,11,4.0,4.0,256.0,255.99999999999997,0.31230998039245605,0.5526659259921871,3.890698072005762,946.3861255650118
hc9u.txt,1,all,350,null,OPTIMAL,OPTIMAL,OPTIMAL,OPTIMAL,True,0.9952893037847141,0.9953168044981745,0.9953168044981745,0.9953168044981745,0.9953168044981745,42.0,97.63019808452816,-0.9952893037847141,-0.9953168044981745,-0.995679408192683,0.0003901044079688276,2.7500713460359982e-05,256.9816843067512,6.7572836762408286e-06,1000000.0,200,2,4.0,4.0,256.0,256.0,0.22182703018188477,0.41755957598797977,3.4577269889996387,949.8438662739936
hc9u.txt,1,all,351,null,OPTIMAL,OPTIMAL,OPTIMAL,OPTIMAL,True,0.9952893037847141,0.9950492208680874,0.9950492208680874,0.9950492208680874,0.9953168044981745,42.0,97.63019808452816,-0.9952893037847141,-0.9950492208680874,-0.9956865484511769,0.00039724466646273715,-0.0002400829166266938,975.0687911850571,6.6888240697041e-06,1000000.0,200,29,4.0,4.0,256.0,256.0,0.17167186737060547,0.5786270890093874,3.7735288639960345,953.6174561179942
hc9u.txt,1,all,352,null,OPTIMAL,OPTIMAL,OPTIMAL,OPTIMAL,True,0.9952893037847141,0.995278897059114,0.995278897059114,0.995278897059114,0.9953168044981745,42.0,97.63019808452816,-0.9952893037847141,-0.995278897059114,-0.9956784477072318,0.00038914392251765406,-1.0406725600153877e-05,443.97597258968557,6.831828501069497e-06,1000000.0,200,6,4.0,4.0,256.0,256.0,0.18534493446350098,0.4621415590227116,3.840106735995505,957.4575785149937
hc9u.txt,1,all,353,null,OPTIMAL,OPTIMAL,OPTIMAL,OPTIMAL,True,0.9952893037847141,0.995168321216739,0.995168321216739,0.995168321216739,0.9953168044981745,42.0,97.63019808452816,-0.9952893037847141,-0.995168321216739,-0.9956851380016181,0.00039583421690392306,-0.0001209825679751031,923.2835000713009,6.696264251308646e-06,1000000.0,200,26,4.0,4.0,256.0,256.0,0.17928004264831543,0.44706511101685464,3.513682996999705,960.9712772830098
hc9u.txt,1,all,354,null,OPTIMAL,OPTIMAL,OPTIMAL,OPTIMAL,True,0.9952893037847141,0.9952667145046024,0.9952667145046024,0.9952667145046024,0.9953168044981745,42.0,97.63019808452816,-0.9952893037847141,-0.9952667145046024,-0.9956835894456066,0.0003942856608925016,-2.2589280111784404e-05,677.67813059969,6.667238645212778e-06,1000000.0,200,14,4.0,4.0,256.0,256.0,0.16764283180236816,0.5312941939919256,3.503799104015343,964.4750932510069
hc9u.txt,1,all,355,null,OPTIMAL,OPTIMAL,OPTIMAL,OPTIMAL,True,0.9952893037847141,0.9952908874396252,0.9952908874396252,0.9952908874396252,0.9953168044981745,42.0,97.63019808452816,-0.9952893037847141,-0.9952908874396252,-0.9956790166447176,0.00038971286000344385,1.583654911097021e-06,512.4914856070137,6.679777471140841e-06,1000000.0,200,8,4.0,4.0,256.0,256.0,0.19077682495117188,0.5508022040012293,3.54265725298319,968.0177648749959
hc9u.txt,1,all,356,null,OPTIMAL,OPTIMAL,OPTIMAL,OPTIMAL,True,0.9952893037847141,0.9950722908799667,0.9950722908799667,0.9950722908799667,0.9953168044981745,42.0,97.63019808452816,-0.9952893037847141,-0.9950722908799667,-0.9956837883109154,0.0003944845262012775,-0.00021701290474740453,958.1230995580912,6.745312866714461e-06,1000000.0,200,28,4.0,4.0,256.0,256.0,0.20942997932434082,0.596503565000603,4.077128381002694,972.0949055289966
hc9u.txt,1,all,357,null,OPTIMAL,OPTIMAL,OPTIMAL,OPTIMAL,True,0.9952893037847141,0.9952455272225705,0.9952455272225705,0.9952455272225705,0.9953168044981745,42.0,97.63019808452816,-0.9952893037847141,-0.9952455272225705,-0.9956757056323284,0.00038640184761429275,-4.3776562143604814e-05,572.8712505705563,6.777555811153019e-06,1000000.0,200,10,4.0,4.0,256.0,256.0,0.16265106201171875,0.5506572700105608,3.7021119039854966,975.7970311999961
hc9u.txt,1,all,358,null,OPTIMAL,OPTIMAL,OPTIMAL,OPTIMAL,True,0.9952893037847141,0.9952576874853176,0.9952576874853176,0.9952576874853176,0.9953168044981745,42.0,97.63019808452816,-0.9952893037847141,-0.9952576874853176,-0.9956824190162284,0.00039311523151430716,-3.1616299396519665e-05,701.42505285272,6.683468518932501e-06,1000000.0,200,15,4.0,4.0,256.0,256.0,0.2552149295806885,0.4903151679900475,3.7302976390055846,979.5273444009945
hc9u.txt,1,all,359,null,OPTIMAL,OPTIMAL,OPTIMAL,OPTIMAL,True,0.9952893037847141,0.9951964088280265,0.9951964088280265,0.9951964088280265,0.9953168044981745,42.0,97.63019808452816,-0.9952893037847141,-0.9951964088280265,-0.9956822060622582,0.0003929022775440716,-9.289495668762804e-05,572.8586415929376,6.736265247487803e-06,1000000.0,200,10,4.0,4.0,256.0,256.0,0.19948387145996094,0.43676312899333425,3.4196775339951273,982.9470354529913
hc9u.txt,1,all,360,null,OPTIMAL,OPTIMAL,OPTIMAL,OPTIMAL,True,0.9952893037847141,0.9952671329529783,0.9952671329529783,0.9952671329529783,0.9953168044981745,42.0,97.63019808452816,-0.9952893037847141,-0.9952671329529783,-0.9956747129819945,0.00038540919728036194,-2.2170831735834895e-05,479.43826559625535,6.765248067911998e-06,1000000.0,200,7,3.565846214318214,3.565846214318214,256.0,256.0,0.169935941696167,0.6139042700233404,3.792802371986909,986.7398512859945
hc9u.txt,1,all,361,null,OPTIMAL,OPTIMAL,OPTIMAL,OPTIMAL,True,0.9952893037847141,0.9952752901394459,0.9952752901394459,0.9952752901394459,0.9953168044981745,42.0,97.63019808452816,-0.9952893037847141,-0.9952752901394459,-0.9956800077474686,0.000390703962754424,-1.4013645268207142e-05,724.4122727988978,6.758897177067732e-06,1000000.0,200,16,4.0,4.0,256.0,255.99999999999994,0.18126606941223145,0.49688255999353714,3.611499744991306,990.3514295190107
hc9u.txt,1,all,362,null,OPTIMAL,OPTIMAL,OPTIMAL,OPTIMAL,True,0.9952893037847141,0.99529681519309,0.99529681519309,0.99529681519309,0.9953168044981745,42.0,97.63019808452816,-0.9952893037847141,-0.99529681519309,-0.9956799988142612,0.00039069502954702795,7.511408375848738e-06,627.435981141806,6.754194504593118e-06,1000000.0,200,12,4.0,4.0,256.0,256.0,0.28864622116088867,0.5840229479945265,3.625272634002613,993.9767184279917
hc9u.txt,1,all,363,null,OPTIMAL,OPTIMAL,OPTIMAL,OPTIMAL,True,0.9952893037847141,0.995315492835486,0.995315492835486,0.995315492835486,0.9953168044981745,42.0,97.63019808452816,-0.9952893037847141,-0.995315492835486,-0.9956801473894563,0.00039084360474217483,2.6189050771896483e-05,512.4636709206518,6.7542802838833855e-06,1000000.0,200,8,4.0,4.0,256.0,256.0,0.14957213401794434,0.4026725029980298,3.383596147992648,997.3603295299981
hc9u.txt,1,all,364,null,OPTIMAL,OPTIMAL,OPTIMAL,OPTIMAL,True,0.9952893037847141,0.9951752148266809,0.9951752148266809,0.9951752148266809,0.9953168044981745,42.0,97.63019808452816,-0.9952893037847141,-0.9951752148266809,-0.9956789656474868,0.00038966186277267223,-0.0001140889580332205,600.7616494923104,6.8071282239573175e-06,1000000.0,200,11,4.0,4.0,256.0,256.0,0.19161295890808105,0.45143462999840267,3.4962057910161093,1000.8565465199936
hc9u.txt,1,all,365,null,OPTIMAL,OPTIMAL,OPTIMAL,OPTIMAL,True,0.9952893037847141,0.9953220805502013,0.9953220805502013,0.9953220805502013,0.9953220805502013,42.0,97.63018552249952,-0.9952893037847141,-0.9953220805502013,-0.9956784103723879,0.00038910658767377093,3.277676548718578e-05,443.9364743080564,6.7035713271186705e-06,1000000.0,200,6,4.0,4.0,256.0,256.0,0.19990897178649902,0.4500731810112484,3.541572892019758,1004.398133973009
hc9u.txt,1,all,366,serious,OPTIMAL,OPTIMAL,OPTIMAL,OPTIMAL,True,0.9953302884219031,0.9953302884219031,0.9953302884219031,0.9953302884219031,0.9953302884219031,42.0,97.63016597994786,-0.9953302884219031,-0.9953302884219031,-0.9956782067332894,0.00038890294857529817,4.0984637188934414e-05,479.418989166377,6.738793836761484e-06,700000.0,200,7,3.0994399771333057,3.0994399771333057,256.0,256.0,0.25894999504089355,0.4477776109997649,3.7512772569898516,1008.1494274249999
hc9u.txt,1,all,367,null,OPTIMAL,OPTIMAL,OPTIMAL,OPTIMAL,True,0.9953302884219031,0.994446892807986,0.994446892807986,0.994446892807986,0.9953302884219031,42.0,97.63016597994786,-0.9953302884219031,-0.994446892807986,-0.9957406334680824,0.0004103450461793168,-0.0008833956139170374,1071.1446548875263,9.316997683517786e-06,1000000.0,200,35,4.0,4.0,256.0,256.0,0.21435213088989258,0.43756417598342523,3.6882453080033883,1011.8376872130029
hc9u.txt,1,all,368,null,OPTIMAL,OPTIMAL,OPTIMAL,OPTIMAL,True,0.9953302884219031,0.9951571962462684,0.9951571962462684,0.9951571962462684,0.9953302884219031,42.0,97.63016597994786,-0.9953302884219031,-0.9951571962462684,-0.9957140682635081,0.0003837798416049809,-0.00017309217563465928,701.4270351801368,6.704085758471453e-06,1000000.0,200,15,4.0,4.0,256.0,256.0,0.259598970413208,0.4282294169825036,3.4585187490156386,1015.2962211240083
hc9u.txt,1,all,369,null,OPTIMAL,OPTIMAL,OPTIMAL,OPTIMAL,True,0.9953302884219031,0.9952810383926216,0.9952810383926216,0.9952810383926216,0.9953302884219031,42.0,97.63016597994786,-0.9953302884219031,-0.9952810383926216,-0.9957183566076162,0.00038806818571313073,-4.925002928146682e-05,572.8316289177797,6.442708185800772e-06,1000000.0,200,10,3.0,3.0,256.0,256.0,0.18844914436340332,0.395103738992475,3.3682620320178103,1018.6644999230048
hc9u.txt,1,all,370,null,OPTIMAL,OPTIMAL,OPTIMAL,OPTIMAL,True,0.9953302884219031,0.9951296411890417,0.9951296411890417,0.9951296411890417,0.9953302884219031,42.0,97.63016597994786,-0.9953302884219031,-0.9951296411890417,-0.9957194508692357,0.00038916244733266936,-0.00020064723286139508,789.3273998840683,6.4933046680885435e-06,1000000.0,200,19,3.0,3.0,256.0,256.0,0.17240691184997559,0.4349918250227347,3.5759040779958013,1022.2404194750125
hc9u.txt,1,all,371,null,OPTIMAL,OPTIMAL,OPTIMAL,OPTIMAL,True,0.9953302884219031,0.99530448852549,0.99530448852549,0.99530448852549,0.9953302884219031,42.0,97.63016597994786,-0.9953302884219031,-0.99530448852549,-0.9957145383009401,0.00038424987903706853,-2.5799896413047918e-05,314.29369591722786,6.564792792186452e-06,1000000.0,200,3,4.0,4.0,256.0,256.0,0.18909120559692383,0.44596759500564076,4.16907924899715,1026.4095934210054
hc9u.txt,1,all,372,null,OPTIMAL,OPTIMAL,OPTIMAL,OPTIMAL,True,0.9953302884219031,0.9952826699538287,0.9952826699538287,0.9952826699538287,0.9953302884219031,42.0,97.63016597994786,-0.9953302884219031,-0.9952826699538287,-0.995715853668705,0.00038556524680188886,-4.761846807432857e-05,677.6493236725759,6.529572575357703e-06,1000000.0,200,14,3.0,3.0,256.0,256.0,0.19962191581726074,0.46287067999946885,3.5195666709914804,1029.92919071301
hc9u.txt,1,all,373,null,OPTIMAL,OPTIMAL,OPTIMAL,OPTIMAL,True,0.9953302884219031,0.9953469843925269,0.9953469843925269,0.9953469843925269,0.9953469843925269,42.0,97.63012622763684,-0.9953302884219031,-0.9953469843925269,-0.9957155152478356,0.00038522682593256086,1.669597062381456e-05,512.4581286222991,6.544763159839778e-06,1000000.0,200,8,4.0,4.0,256.0,256.0,0.16512703895568848,0.5432644149987027,3.6165355519915465,1033.545740111993
hc9u.txt,1,all,374,null,OPTIMAL,OPTIMAL,OPTIMAL,OPTIMAL,True,0.9953302884219031,0.9952511703406339,0.9952511703406339,0.9952511703406339,0.9953469843925269,42.0,97.63012622763684,-0.9953302884219031,-0.9952511703406339,-0.99571547854756,0.00038519012565696453,-7.911808126914721e-05,314.29199662632686,6.632243732016871e-06,1000000.0,200,3,4.0,4.0,256.0,256.0,0.1604149341583252,0.5290495750086848,3.4363784280139953,1036.9821329250117
hc9u.txt,1,all,375,null,OPTIMAL,OPTIMAL,OPTIMAL,OPTIMAL,True,0.9953302884219031,0.9952618822836461,0.9952618822836461,0.9952618822836461,0.9953469843925269,42.0,97.63012622763684,-0.9953302884219031,-0.9952618822836461,-0.9957092718335985,0.0003789834116953994,-6.840613825698227e-05,572.8291742853332,6.916640107395182e-06,1000000.0,200,10,3.0,3.0,256.0,256.0,0.2570810317993164,0.4305285830050707,3.8082021189911757,1040.7903482220136
hc9u.txt,1,all,376,null,OPTIMAL,OPTIMAL,OPTIMAL,OPTIMAL,True,0.9953302884219031,0.9951662946725279,0.9951662946725279,0.9951662946725279,0.9953469843925269,42.0,97.63012622763684,-0.9953302884219031,-0.9951662946725279,-0.9957186581493264,0.0003883697274232878,-0.00016399374937514644,905.3461732094049,6.6121010924239475e-06,1000000.0,200,25,3.0,3.0,256.0,256.0,0.22634005546569824,0.4928788529941812,3.658735279983375,1044.4490956969967
hc9u.txt,1,all,377,null,OPTIMAL,OPTIMAL,OPTIMAL,OPTIMAL,True,0.9953302884219031,0.9953415885271021,0.9953415885271021,0.9953415885271021,0.9953469843925269,42.0,97.63012622763684,-0.9953302884219031,-0.9953415885271021,-0.9957160090103686,0.00038572058846553237,1.1300105199008037e-05,677.6459852495923,6.6163112150598185e-06,1000000.0,200,14,3.0,3.0,256.0,256.0,0.17298579216003418,0.5086764479929116,3.5751922909985296,1048.024298238015
hc9u.txt,1,all,378,null,OPTIMAL,OPTIMAL,OPTIMAL,OPTIMAL,True,0.9953302884219031,0.9953574787953798,0.9953574787953798,0.9953574787953798,0.9953574787953798,42.0,97.63010124096338,-0.9953302884219031,-0.9953574787953798,-0.995708635696552,0.0003783472746489158,2.7190373476759788e-05,512.4409646617092,6.686932684499998e-06,1000000.0,200,8,3.0,3.0,256.0,256.0,0.17192292213439941,0.5118758349854033,3.5094174229889177,1051.5337263710098
hc9u.txt,1,all,379,null,OPTIMAL,OPTIMAL,OPTIMAL,OPTIMAL,True,0.9953302884219031,0.9952773336331068,0.9952773336331068,0.9952773336331068,0.9953574787953798,42.0,97.63010124096338,-0.9953302884219031,-0.9952773336331068,-0.9957173883653094,0.0003870999434063549,-5.29547887963e-05,768.2954497926232,6.647967361003068e-06,1000000.0,200,18,3.0,3.0,256.0,256.0,0.16486501693725586,0.5104072050016839,3.5608206639881246,1055.0945600430132
hc9u.txt,1,all,380,serious,OPTIMAL,OPTIMAL,OPTIMAL,OPTIMAL,True,0.9953860335658885,0.9953860335658885,0.9953860335658885,0.9953860335658885,0.9953860335658885,42.0,97.63003325341457,-0.9953860335658885,-0.9953860335658885,-0.9957119088619708,0.00038162044006773144,5.574514398543062e-05,362.66730142136345,6.568993994242657e-06,700000.0,200,4,3.0,3.0,256.0,256.0,0.21476292610168457,0.5205220020143315,4.043926638987614,1059.1385025930067
hc9u.txt,1,all,381,null,OPTIMAL,OPTIMAL,OPTIMAL,OPTIMAL,True,0.9953860335658885,0.9944823674642017,0.9944823674642017,0.9944823674642017,0.9953860335658885,42.0,97.63003325341457,-0.9953860335658885,-0.9944823674642017,-0.9957739503673319,0.0003879168014433443,-0.0009036661016867953,1008.0891918974486,9.216769084791298e-06,1000000.0,200,31,3.0,3.0,256.0,256.0,0.217864990234375,0.5018293110188097,3.852276424993761,1062.9908604139928
hc9u.txt,1,all,382,null,OPTIMAL,OPTIMAL,OPTIMAL,OPTIMAL,True,0.9953860335658885,0.9952502285243814,0.9952502285243814,0.9952502285243814,0.9953860335658885,42.0,97.63003325341457,-0.9953860335658885,-0.9952502285243814,-0.9957536809711648,0.0003676474052762835,-0.00013580504150711992,746.6665819785193,6.394596728398455e-06,1000000.0,200,17,4.0,4.0,256.0,256.0,0.21685409545898438,0.40420501699554734,3.8072815389896277,1066.7981575680024
hc9u.txt,1,all,383,null,OPTIMAL,OPTIMAL,OPTIMAL,OPTIMAL,True,0.9953860335658885,0.9953019823902889,0.9953019823902889,0.9953019823902889,0.9953860335658885,42.0,97.63003325341457,-0.9953860335658885,-0.9953019823902889,-0.9957528081673632,0.0003667746014747175,-8.405117559961983e-05,789.337115060695,6.344673825010796e-06,1000000.0,200,19,4.0,4.0,256.0,256.0,0.18485689163208008,0.42002854400197975,3.562254924996523,1070.3604266119946
hc9u.txt,1,all,384,null,OPTIMAL,OPTIMAL,OPTIMAL,OPTIMAL,True,0.9953860335658885,0.9953803436281902,0.9953803436281902,0.9953803436281902,0.9953860335658885,42.0,97.63003325341457,-0.9953860335658885,-0.9953803436281902,-0.9957508890338742,0.000364855467985703,-5.6899376983388095e-06,746.6740646664718,6.36000514765906e-06,1000000.0,200,17,4.0,4.0,256.0,256.0,0.16143202781677246,0.40378649201011285,3.3573283900041133,1073.717768847011
hc9u.txt,1,all,385,null,OPTIMAL,OPTIMAL,OPTIMAL,OPTIMAL,True,0.9953860335658885,0.9953731777983439,0.9953731777983439,0.9953731777983439,0.9953860335658885,42.0,97.63003325341457,-0.9953860335658885,-0.9953731777983439,-0.9957506850400911,0.00036465147420261523,-1.2855767544617258e-05,701.4121594550348,6.342747805012424e-06,1000000.0,200,15,4.0,4.0,256.0,256.0,0.1796410083770752,0.46983287698822096,3.866923739988124,1077.5847072360048
hc9u.txt,1,all,386,null,OPTIMAL,OPTIMAL,OPTIMAL,OPTIMAL,True,0.9953860335658885,0.9953783859343804,0.9953783859343804,0.9953783859343804,0.9953860335658885,42.0,97.63003325341457,-0.9953860335658885,-0.9953783859343804,-0.9957470476260628,0.0003610140601743028,-7.647631508067576e-06,512.4598821457706,6.290907237424209e-06,1000000.0,200,8,4.0,4.0,256.0,256.0,0.1717369556427002,0.4706522169872187,3.462418795010308,1081.047141382005
hc9u.txt,1,all,387,null,OPTIMAL,OPTIMAL,OPTIMAL,OPTIMAL,True,0.9953860335658885,0.9953990427711015,0.9953990427711015,0.9953990427711015,0.9953990427711015,42.0,97.63000227911641,-0.9953860335658885,-0.9953990427711015,-0.9957452484594916,0.0003592148936031325,1.3009205212966002e-05,572.8340470062525,6.297998833966212e-06,1000000.0,200,10,3.0,3.0,256.0,256.0,0.17432498931884766,0.4383265280048363,3.451698758988641,1084.4988547209941
hc9u.txt,1,all,388,null,OPTIMAL,OPTIMAL,OPTIMAL,OPTIMAL,True,0.9953860335658885,0.9953852411904345,0.9953852411904345,0.9953852411904345,0.9953990427711015,42.0,97.63000227911641,-0.9953860335658885,-0.9953852411904345,-0.9957506020984613,0.00036456853257282873,-7.923754540284378e-07,627.434496224874,6.389274776945261e-06,1000000.0,200,12,4.0,4.0,256.0,256.0,0.20264005661010742,0.44885951100150123,3.3917059079976752,1087.8905740249902
hc9u.txt,1,all,389,null,OPTIMAL,OPTIMAL,OPTIMAL,OPTIMAL,True,0.9953860335658885,0.9953743679260338,0.9953743679260338,0.9953743679260338,0.9953990427711015,42.0,97.63000227911641,-0.9953860335658885,-0.9953743679260338,-0.995751796722868,0.0003657631569794484,-1.166563985466329e-05,677.6543373816485,6.4654201528715836e-06,1000000.0,200,14,4.0,4.0,256.0,256.0,0.20711803436279297,0.41311505998601206,3.5296558429836296,1091.4202443379909
hc9u.txt,1,all,390,null,OPTIMAL,OPTIMAL,OPTIMAL,OPTIMAL,True,0.9953860335658885,0.9954090991326535,0.9954090991326535,0.9954090991326535,0.9954090991326535,42.0,97.62997833539846,-0.9953860335658885,-0.9954090991326535,-0.9957448560277745,0.0003588224618860103,2.306556676501259e-05,479.43197608389795,6.325816751683168e-06,1000000.0,200,7,4.0,4.0,256.0,256.0,0.20621514320373535,0.5116633000143338,3.501306925987592,1094.9215657530003
hc9u.txt,1,all,391,null,OPTIMAL,OPTIMAL,OPTIMAL,OPTIMAL,True,0.9953860335658885,0.9953978210622758,0.9953978210622758,0.9953978210622758,0.9954090991326535,42.0,97.62997833539846,-0.9953860335658885,-0.9953978210622758,-0.9957490417117599,0.00036300814587142405,1.1787496387305474e-05,443.9094464590471,6.3567864933534405e-06,1000000.0,200,6,4.0,4.0,256.0,256.0,0.16196703910827637,0.40997214999515563,3.298709989001509,1098.2203643640096
hc9u.txt,1,all,392,null,OPTIMAL,OPTIMAL,OPTIMAL,OPTIMAL,True,0.9953860335658885,0.9920995865640792,0.9920995865640792,0.9920995865640792,0.9954090991326535,42.0,97.62997833539846,-0.9953860335658885,-0.9920995865640792,-0.9958206856746032,0.00043465210871473925,-0.003286447001809356,1254.3326183914614,1.0311262028945491e-05,1000000.0,200,48,4.0,4.0,256.0,256.0,0.23658990859985352,0.4380165059992578,3.7361747570103034,1101.9565525579965
hc9u.txt,1,all,393,null,OPTIMAL,OPTIMAL,OPTIMAL,OPTIMAL,True,0.9953860335658885,0.9942178290196879,0.9942178290196879,0.9942178290196879,0.9954090991326535,42.0,97.62997833539846,-0.9953860335658885,-0.9942178290196879,-0.9957976873354688,0.0004116537695803002,-0.0011682045462005908,1008.1097072191112,8.584204757188099e-06,1000000.0,200,31,4.0,4.0,256.0,256.0,0.15755701065063477,0.4161851039971225,3.266469196008984,1105.2230367000157
hc9u.txt,1,all,394,null,OPTIMAL,OPTIMAL,OPTIMAL,OPTIMAL,True,0.9953860335658885,0.9944915265548608,0.9944915265548608,0.9944915265548608,0.9954090991326535,42.0,97.62997833539846,-0.9953860335658885,-0.9944915265548608,-0.9957927479245657,0.00040671435867722927,-0.0008945070110276676,849.3254898273216,8.306353403818821e-06,1000000.0,200,22,3.0,3.0,256.0,256.0,0.20684194564819336,0.4156552230124362,3.6319927209988236,1108.8550443979912
hc9u.txt,1,all,395,null,OPTIMAL,OPTIMAL,OPTIMAL,OPTIMAL,True,0.9953860335658885,0.9944758475697852,0.9944758475697852,0.9944758475697852,0.9954090991326535,42.0,97.62997833539846,-0.9953860335658885,-0.9944758475697852,-0.9957892722356527,0.0004032386697642165,-0.0009101859961032632,849.3189880029978,8.230444651414666e-06,1000000.0,200,22,3.0,3.0,256.0,256.0,0.20396113395690918,0.4450846849940717,3.5043924629862886,1112.3594492640113
hc9u.txt,1,all,396,null,OPTIMAL,OPTIMAL,OPTIMAL,OPTIMAL,True,0.9953860335658885,0.9950044771152041,0.9950044771152041,0.9950044771152041,0.9954090991326535,42.0,97.62997833539846,-0.9953860335658885,-0.9950044771152041,-0.9957848421503428,0.000398808584454291,-0.0003815564506843838,809.81764982532,8.010572021402396e-06,1000000.0,200,20,3.0,3.0,256.0,256.0,0.18588685989379883,0.4257393149891868,3.436995508003747,1115.7964575919905
hc9u.txt,1,all,397,null,OPTIMAL,OPTIMAL,OPTIMAL,OPTIMAL,True,0.9953860335658885,0.9952003200543579,0.9952003200543579,0.9952003200543579,0.9954090991326535,42.0,97.62997833539846,-0.9953860335658885,-0.9952003200543579,-0.995783582328683,0.00039754876279451956,-0.00018571351153062743,724.3753221414048,7.964562860481216e-06,1000000.0,200,16,3.0,3.0,256.0,256.0,0.1703660488128662,0.42519474201253615,3.3402985820139293,1119.1367705950106
hc9u.txt,1,all,398,null,OPTIMAL,OPTIMAL,OPTIMAL,OPTIMAL,True,0.9953860335658885,0.9952869542216713,0.9952869542216713,0.9952869542216713,0.9954090991326535,42.0,97.62997833539846,-0.9953860335658885,-0.9952869542216713,-0.995781822108202,0.00039578854231347993,-9.90793442171567e-05,627.4141840544462,7.700685125024526e-06,1000000.0,200,12,3.0,3.0,256.0,256.0,0.17104411125183105,0.4257806679815985,3.430697884003166,1122.5674847770133
hc9u.txt,1,all,399,null,OPTIMAL,OPTIMAL,OPTIMAL,OPTIMAL,True,0.9953860335658885,0.9952069404551289,0.9952069404551289,0.9952069404551289,0.9954090991326535,42.0,97.62997833539846,-0.9953860335658885,-0.9952069404551289,-0.9957791302586503,0.00039309669276177406,-0.00017909311075958723,677.6487256568253,8.016324609464599e-06,1000000.0,200,14,3.0,3.0,256.0,256.0,0.16016197204589844,0.4942559270130005,3.6743382060085423,1126.2418382310134
hc9u.txt,1,all,400,null,OPTIMAL,OPTIMAL,OPTIMAL,OPTIMAL,True,0.9953860335658885,0.9953239654308493,0.9953239654308493,0.9953239654308493,0.9954090991326535,42.0,97.62997833539846,-0.9953860335658885,-0.9953239654308493,-0.995779841391524,0.0003938078256354727,-6.206813503917274e-05,653.0234878443719,7.646861568750877e-06,1000000.0,200,13,3.0,3.0,256.0,256.0,0.22107982635498047,0.526542961015366,3.6611573660047725,1129.903009369009
hc9u.txt,1,all,401,null,OPTIMAL,OPTIMAL,OPTIMAL,OPTIMAL,True,0.9953860335658885,0.9953442231098584,0.9953442231098584,0.9953442231098584,0.9954090991326535,42.0,97.62997833539846,-0.9953860335658885,-0.9953442231098584,-0.9957784075756738,0.00039237400978531234,-4.181045603013356e-05,701.4080742004691,7.64529896790213e-06,1000000.0,200,15,3.0,3.0,256.0,256.0,0.1834878921508789,0.4240117029985413,3.449028236005688,1133.3521152700123
hc9u.txt,1,all,402,null,OPTIMAL,OPTIMAL,OPTIMAL,OPTIMAL,True,0.9953860335658885,0.9951923260242936,0.9951923260242936,0.9951923260242936,0.9954090991326535,42.0,97.62997833539846,-0.9953860335658885,-0.9951923260242936,-0.9957785528361265,0.0003925192702379787,-0.00019370754159486747,746.6666016565165,7.629597682784378e-06,1000000.0,200,17,4.0,4.0,256.0,256.0,0.15730690956115723,0.4079919130017515,3.6187919770018198,1136.9709233120084
hc9u.txt,1,all,403,null,OPTIMAL,OPTIMAL,OPTIMAL,OPTIMAL,True,0.9953860335658885,0.9953559772146882,0.9953559772146882,0.9953559772146882,0.9954090991326535,42.0,97.62997833539846,-0.9953860335658885,-0.9953559772146882,-0.9957769617425322,0.00039092817664365676,-3.005635120034711e-05,627.4434209489428,7.536062473555336e-06,1000000.0,200,12,4.0,4.0,256.0,256.0,0.1805720329284668,0.4533349839912262,3.463655920000747,1140.4345927649993
hc9u.txt,1,all,404,null,OPTIMAL,OPTIMAL,OPTIMAL,OPTIMAL,True,0.9953860335658885,0.9953795825351848,0.9953795825351848,0.9953795825351848,0.9954090991326535,42.0,97.62997833539846,-0.9953860335658885,-0.9953795825351848,-0.9957764794619615,0.0003904458960729551,-6.451030703735761e-06,479.3988687534996,7.533667094536139e-06,1000000.0,200,7,3.0,3.0,256.0,256.0,0.17473411560058594,0.4602737480017822,3.591247000003932,1144.0258890319965
hc9u.txt,1,all,405,null,OPTIMAL,OPTIMAL,OPTIMAL,OPTIMAL,True,0.9953860335658885,0.9953074960570018,0.9953074960570018,0.9953074960570018,0.9954090991326535,42.0,97.62997833539846,-0.9953860335658885,-0.9953074960570018,-0.9957761535110414,0.0003901199451529225,-7.85375088867557e-05,600.7354293473529,7.590846445217761e-06,1000000.0,200,11,3.0,3.0,256.0,256.0,0.1678168773651123,0.48707964600180276,3.422737535001943,1147.4486397849978
hc9u.txt,1,all,406,null,OPTIMAL,OPTIMAL,OPTIMAL,OPTIMAL,True,0.9953860335658885,0.9953676252459611,0.9953676252459611,0.9953676252459611,0.9954090991326535,42.0,97.62997833539846,-0.9953860335658885,-0.9953676252459611,-0.9957757521995203,0.00038971863363179704,-1.8408319927387673e-05,600.7461908405747,7.5906782528005125e-06,1000000.0,200,11,3.0,3.0,256.0,256.0,0.1828169822692871,0.4190330840065144,3.5756912090000696,1151.0243447500106
hc9u.txt,1,all,407,null,OPTIMAL,OPTIMAL,OPTIMAL,OPTIMAL,True,0.9953860335658885,0.9953333541873399,0.9953333541873399,0.9953333541873399,0.9954090991326535,42.0,97.62997833539846,-0.9953860335658885,-0.9953333541873399,-0.995775942631942,0.0003899090660535176,-5.267937854858129e-05,600.745309940884,7.668210516232654e-06,1000000.0,200,11,3.0,3.0,256.0,256.0,0.15415215492248535,0.49494904300081544,3.701862711983267,1154.7262235590024
hc9u.txt,1,all,408,null,OPTIMAL,OPTIMAL,OPTIMAL,OPTIMAL,True,0.9953860335658885,0.9953665290905247,0.9953665290905247,0.9953665290905247,0.9954090991326535,42.0,97.62997833539846,-0.9953860335658885,-0.9953665290905247,-0.9957718624065041,0.0003858288406155541,-1.9504475363807394e-05,512.4441335163511,7.989813136264443e-06,1000000.0,200,8,3.0,3.0,256.0,256.0,0.18364191055297852,0.4100375099806115,3.609807875007391,1158.3360445720027
hc9u.txt,1,all,409,null,OPTIMAL,OPTIMAL,OPTIMAL,OPTIMAL,True,0.9953860335658885,0.9953406765786238,0.9953406765786238,0.9953406765786238,0.9954090991326535,42.0,97.62997833539846,-0.9953860335658885,-0.9953406765786238,-0.9957729025953349,0.00038686902944640167,-4.5356987264710824e-05,677.6590724734995,8.119858027933578e-06,1000000.0,200,14,4.0,4.0,256.0,256.0,0.13967394828796387,0.4045464950031601,3.2668057389964815,1161.6028647469939
hc9u.txt,1,all,410,null,OPTIMAL,OPTIMAL,OPTIMAL,OPTIMAL,True,0.9953860335658885,0.995372182541279,0.995372182541279,0.995372182541279,0.9954090991326535,42.0,97.62997833539846,-0.9953860335658885,-0.995372182541279,-0.9957718555354269,0.0003858219695384024,-1.3851024609490281e-05,479.41001471322977,8.056487007328157e-06,1000000.0,200,7,3.0,3.0,256.0,256.0,0.18041086196899414,0.4795747059979476,3.3749152399832383,1164.9777930499986
hc9u.txt,1,all,411,null,OPTIMAL,OPTIMAL,OPTIMAL,OPTIMAL,True,0.9953860335658885,0.9954204459186832,0.9954204459186832,0.9954204459186832,0.9954204459186832,42.0,97.62995131924124,-0.9953860335658885,-0.9954204459186832,-0.9957730022985971,0.00038696873270860355,3.4412352794666035e-05,512.4335039417326,7.928388308575379e-06,1000000.0,200,8,3.0,3.0,256.0,256.0,0.1895899772644043,0.3972418920020573,3.4846564359904733,1168.4625062209961
hc9u.txt,1,all,412,null,OPTIMAL,OPTIMAL,OPTIMAL,OPTIMAL,True,0.9953860335658885,0.9954158353817787,0.9954158353817787,0.9954158353817787,0.9954204459186832,42.0,97.62995131924124,-0.9953860335658885,-0.9954158353817787,-0.9957714422761232,0.0003854087102347359,2.9801815890184713e-05,405.33496302643255,7.94255741507328e-06,1000000.0,200,5,3.328729234879987,3.3287292348799875,256.0,256.0,0.20959091186523438,0.4165865780087188,3.419375919009326,1171.8818968939886
hc9u.txt,1,all,413,null,OPTIMAL,OPTIMAL,OPTIMAL,OPTIMAL,True,0.9953860335658885,0.9953267544224087,0.9953267544224087,0.9953267544224087,0.9954204459186832,42.0,97.62995131924124,-0.9953860335658885,-0.9953267544224087,-0.9957698984403918,0.0003838648745032591,-5.9279143479806784e-05,512.4199597507004,8.064938039617762e-06,1000000.0,200,8,3.0,3.0,256.0,256.0,0.17459702491760254,0.3961601619957946,3.333945691003464,1175.215857209987
hc9u.txt,1,all,414,serious,OPTIMAL,OPTIMAL,OPTIMAL,OPTIMAL,True,0.9954358514771114,0.9954358514771114,0.9954358514771114,0.9954358514771114,0.9954358514771114,42.0,97.6299146393402,-0.9954358514771114,-0.9954358514771114,-0.9957692713993341,0.00038323783344562656,4.9817911222937994e-05,362.65417409173506,7.959085764531515e-06,700000.0,200,4,3.0,3.0,256.0,256.0,0.21578001976013184,0.43559419800294563,3.587441971991211,1178.8033120000036
hc9u.txt,1,all,415,null,OPTIMAL,OPTIMAL,OPTIMAL,OPTIMAL,True,0.9954358514771114,0.9934329987309423,0.9934329987309423,0.9934329987309423,0.9954358514771114,42.0,97.6299146393402,-0.9954358514771114,-0.9934329987309423,-0.9958511008522145,0.00041524937510306614,-0.0020028527461691814,829.8349432526921,1.0684881273688534e-05,1000000.0,200,21,4.0,4.0,256.0,256.0,0.23041701316833496,0.4402810989995487,3.4520305820042267,1182.2553576290084
hc9u.txt,1,all,416,null,OPTIMAL,OPTIMAL,OPTIMAL,OPTIMAL,True,0.9954358514771114,0.9946777937241885,0.9946777937241885,0.9946777937241885,0.9954358514771114,42.0,97.6299146393402,-0.9954358514771114,-0.9946777937241885,-0.99582070129052,0.00038484981340858315,-0.0007580577529229249,768.3202623828048,7.175589374613314e-06,1000000.0,200,18,4.0,4.0,256.0,256.0,0.26095104217529297,0.44894448699778877,3.651939900999423,1185.9073127970041
hc9u.txt,1,all,417,null,OPTIMAL,OPTIMAL,OPTIMAL,OPTIMAL,True,0.9954358514771114,0.9948558201410507,0.9948558201410507,0.9948558201410507,0.9954358514771114,42.0,97.6299146393402,-0.9954358514771114,-0.9948558201410507,-0.9958167296698982,0.00038087819278675994,-0.0005800313360607712,789.3533946541259,6.939546797817383e-06,1000000.0,200,19,4.0,4.0,256.0,256.0,0.48837804794311523,0.5945016980112996,4.000937842996791,1189.9082669799973
hc9u.txt,1,all,418,null,OPTIMAL,OPTIMAL,OPTIMAL,OPTIMAL,True,0.9954358514771114,0.9950615435065577,0.9950615435065577,0.9950615435065577,0.9954358514771114,42.0,97.6299146393402,-0.9954358514771114,-0.9950615435065577,-0.9958130505045797,0.00037719902746824463,-0.0003743079705537111,512.4675622887836,6.657124809466013e-06,1000000.0,200,8,4.0,4.0,256.0,255.99999999999997,0.1816389560699463,0.43460317299468443,3.708616229996551,1193.6168998840149
hc9u.txt,1,all,419,null,OPTIMAL,OPTIMAL,OPTIMAL,OPTIMAL,True,0.9954358514771114,0.9952035337534622,0.9952035337534622,0.9952035337534622,0.9954358514771114,42.0,97.6299146393402,-0.9954358514771114,-0.9952035337534622,-0.9958099186799665,0.000374067202855044,-0.00023231772364928904,600.7513091367605,6.504140380698622e-06,1000000.0,200,11,3.0,3.0,256.0,256.0,0.13546299934387207,0.41425967498798855,3.3735023630142678,1196.9904173809919
hc9u.txt,1,all,420,null,OPTIMAL,OPTIMAL,OPTIMAL,OPTIMAL,True,0.9954358514771114,0.9951696860080125,0.9951696860080125,0.9951696860080125,0.9954358514771114,42.0,97.6299146393402,-0.9954358514771114,-0.9951696860080125,-0.9958062101911573,0.00037035871404589304,-0.00026616546909896677,572.8421018616143,6.549217090157538e-06,1000000.0,200,10,3.0,3.0,256.0,256.0,0.18994808197021484,0.4301917889970355,3.6352238389954437,1200.6256563189963
hc9u.txt,1,all,421,null,OPTIMAL,OPTIMAL,OPTIMAL,OPTIMAL,True,0.9954358514771114,0.9885763881960615,0.9885763881960615,0.9885763881960615,0.9954358514771114,42.0,97.6299146393402,-0.9954358514771114,-0.9885763881960615,-1.006167066141949,0.010731214664837618,-0.006859463281049916,1378.6152035802527,0.00010159817151049614,1000000.0,200,58,4.0,4.0,254.0,256.0,0.25420093536376953,0.5040298049862031,3.823811439011479,1204.4495441350155
hc9u.txt,1,all,422,null,OPTIMAL,OPTIMAL,OPTIMAL,OPTIMAL,True,0.9954358514771114,0.9935213585782936,0.9935213585782936,0.9935213585782936,0.9954358514771114,42.0,97.6299146393402,-0.9954358514771114,-0.9935213585782936,-1.0059656060547717,0.010529754577660255,-0.0019144928988178433,479.51378427397924,0.00010045129022299286,1000000.0,200,7,4.0,4.0,256.0,256.0,0.15472793579101562,0.5190714350028429,4.0200020159827545,1208.4695587749884
hc9u.txt,1,all,423,null,OPTIMAL,OPTIMAL,OPTIMAL,OPTIMAL,True,0.9954358514771114,0.9936763292054084,0.9936763292054084,0.9936763292054084,0.9954358514771114,42.0,97.6299146393402,-0.9954358514771114,-0.9936763292054084,-1.005275932197833,0.009840080720721622,-0.0017595222717030623,362.7849399309231,9.686929529815306e-05,1000000.0,200,4,4.0,4.0,256.0,256.0,0.15335798263549805,0.4736417550011538,3.5659704429854173,1212.0355425490125
hc9u.txt,1,all,424,null,OPTIMAL,OPTIMAL,OPTIMAL,OPTIMAL,True,0.9954358514771114,0.9916505885295426,0.9916505885295426,0.9916505885295426,0.9954358514771114,42.0,97.6299146393402,-0.9954358514771114,-0.9916505885295426,-1.0043018683835727,0.008866016906461271,-0.003785262947568868,1040.143950397988,9.17511709925687e-05,1000000.0,200,33,4.0,4.0,256.0,256.0,0.15524005889892578,0.559236998000415,3.593290378979873,1215.6288473170134
hc9u.txt,1,all,425,null,OPTIMAL,OPTIMAL,OPTIMAL,OPTIMAL,True,0.9954358514771114,0.9936779697144837,0.9936779697144837,0.9936779697144837,0.9954358514771114,42.0,97.6299146393402,-0.9954358514771114,-0.9936779697144837,-1.0041068545498657,0.008671003072754258,-0.0017578817626277,724.4572595939264,9.055143884891171e-05,1000000.0,200,16,4.0,4.0,256.0,256.0,0.2492201328277588,0.5802798529912252,3.6771683519764338,1219.3060323100071
hc9u.txt,1,all,426,null,OPTIMAL,OPTIMAL,OPTIMAL,OPTIMAL,True,0.9954358514771114,0.9940024868715528,0.9940024868715528,0.9940024868715528,0.9954358514771114,42.0,97.6299146393402,-0.9954358514771114,-0.9940024868715528,-1.003899178430344,0.008463326953232486,-0.0014333646055586513,23.41672468914309,8.939613687155601e-05,1000000.0,200,0,4.0,4.0,256.0,256.0,0.16557097434997559,0.4907130479987245,3.4809998249984346,1222.7870473900111
hc9u.txt,1,all,427,null,OPTIMAL,OPTIMAL,OPTIMAL,OPTIMAL,True,0.9954358514771114,0.9916788826876177,0.9916788826876177,0.9916788826876177,0.9954358514771114,42.0,97.6299146393402,-0.9954358514771114,-0.9916788826876177,-0.995785177466709,0.000349325989597582,-0.00375696878949372,1130.6728835278432,1.044371419999239e-05,1000000.0,200,39,4.0,4.0,256.0,256.0,0.1674041748046875,0.39565382100408897,3.57863974198699,1226.36570549701
hc9u.txt,1,all,428,null,OPTIMAL,OPTIMAL,OPTIMAL,OPTIMAL,True,0.9954358514771114,0.9938913890745842,0.9938913890745842,0.9938913890745842,0.9954358514771114,42.0,97.6299146393402,-0.9954358514771114,-0.9938913890745842,-0.9957574650296699,0.0003216135525584418,-0.001544462402527258,887.0663267674461,8.856195035592607e-06,1000000.0,200,24,4.0,4.0,256.0,256.0,0.17074203491210938,0.4517130730091594,3.514129528979538,1229.8798540999996
hc9u.txt,1,all,429,null,OPTIMAL,OPTIMAL,OPTIMAL,OPTIMAL,True,0.9954358514771114,0.994616032968475,0.994616032968475,0.994616032968475,0.9954358514771114,42.0,97.6299146393402,-0.9954358514771114,-0.994616032968475,-0.9957466190402208,0.0003107675631093265,-0.0008198185086364385,789.336022879923,8.143845822336463e-06,1000000.0,200,19,4.0,4.0,256.0,256.0,0.19484496116638184,0.50884405898978,3.47458578099031,1233.354456734989
hc9u.txt,1,all,430,null,OPTIMAL,OPTIMAL,OPTIMAL,OPTIMAL,True,0.9954358514771114,0.9947452490332812,0.9947452490332812,0.9947452490332812,0.9954358514771114,42.0,97.6299146393402,-0.9954358514771114,-0.9947452490332812,-0.9957442018984966,0.00030835042138510627,-0.000690602443830235,849.3217793572035,7.947908418562545e-06,1000000.0,200,22,4.0,4.0,256.0,256.0,0.209183931350708,0.4349660690058954,3.578536710003391,1236.9330085109978
hc9u.txt,1,all,431,null,OPTIMAL,OPTIMAL,OPTIMAL,OPTIMAL,True,0.9954358514771114,0.9948830296105723,0.9948830296105723,0.9948830296105723,0.9954358514771114,42.0,97.6299146393402,-0.9954358514771114,-0.9948830296105723,-0.9957414238664617,0.00030557238935025044,-0.0005528218665391549,809.8080877546398,7.761986215985334e-06,1000000.0,200,20,3.2684592514395208,3.2684592514395208,256.0,256.0,0.2094559669494629,0.47896000801119953,3.4877338540100027,1240.4208101500117
hc9u.txt,1,all,432,null,OPTIMAL,OPTIMAL,OPTIMAL,OPTIMAL,True,0.9954358514771114,0.995076239326149,0.995076239326149,0.995076239326149,0.9954358514771114,42.0,97.6299146393402,-0.9954358514771114,-0.995076239326149,-0.9957380106018509,0.00030215912473940953,-0.0003596121509624739,653.0101564222822,7.901536636389598e-06,1000000.0,200,13,3.0,3.0,256.0,256.0,0.23354792594909668,0.5356479930051137,4.14837489099591,1244.5692024070013
hc9u.txt,1,all,433,null,OPTIMAL,OPTIMAL,OPTIMAL,OPTIMAL,True,0.9954358514771114,0.9952316981128853,0.9952316981128853,0.9952316981128853,0.9954358514771114,42.0,97.6299146393402,-0.9954358514771114,-0.9952316981128853,-0.9957361106646818,0.00030025918757037307,-0.00020415336422618946,789.3261272853166,7.835860230301975e-06,1000000.0,200,19,3.0,3.0,256.0,256.0,0.21278691291809082,0.418558392993873,3.857573751010932,1248.4267915659875
hc9u.txt,1,all,434,null,OPTIMAL,OPTIMAL,OPTIMAL,OPTIMAL,True,0.9954358514771114,0.9953048597915102,0.9953048597915102,0.9953048597915102,0.9954358514771114,42.0,97.6299146393402,-0.9954358514771114,-0.9953048597915102,-0.9957354496486244,0.000299598171512927,-0.00013099168560126717,627.4075783324411,7.80157379344924e-06,1000000.0,200,12,3.0,3.0,256.0,256.0,0.24629998207092285,0.5385427599831019,3.6840767149988096,1252.1108820160152
hc9u.txt,1,all,435,null,OPTIMAL,OPTIMAL,OPTIMAL,OPTIMAL,True,0.9954358514771114,0.9952632628781276,0.9952632628781276,0.9952632628781276,0.9954358514771114,42.0,97.6299146393402,-0.9954358514771114,-0.9952632628781276,-0.9957350663504881,0.0002992148733766964,-0.00017258859898383605,600.7392507427627,7.84310452235289e-06,1000000.0,200,11,3.0,3.0,256.0,256.0,0.23708200454711914,0.440314939012751,3.810755573998904,1255.9216518989997
hc9u.txt,1,all,436,null,OPTIMAL,OPTIMAL,OPTIMAL,OPTIMAL,True,0.9954358514771114,0.9953327077711491,0.9953327077711491,0.9953327077711491,0.9954358514771114,42.0,97.6299146393402,-0.9954358514771114,-0.9953327077711491,-0.995734294543128,0.0002984430660165627,-0.00010314370596231637,724.3839792595387,7.78368502413314e-06,1000000.0,200,16,3.0,3.0,256.0,256.0,0.1890430450439453,0.39906703698216006,3.5017762889910955,1259.4234418139968
hc9u.txt,1,all,437,null,OPTIMAL,OPTIMAL,OPTIMAL,OPTIMAL,True,0.9954358514771114,0.9953026924681929,0.9953026924681929,0.9953026924681929,0.9954358514771114,42.0,97.6299146393402,-0.9954358514771114,-0.9953026924681929,-0.995734601981751,0.00029875050463956665,-0.0001331590089185264,724.37216958926,7.772685020616211e-06,1000000.0,200,16,3.0,3.0,256.0,256.0,0.20583701133728027,0.42574893799610436,3.6817465579952113,1263.1052036900073
hc9u.txt,1,all,438,null,OPTIMAL,OPTIMAL,OPTIMAL,OPTIMAL,True,0.9954358514771114,0.9952549070482253,0.9952549070482253,0.9952549070482253,0.9954358514771114,42.0,97.6299146393402,-0.9954358514771114,-0.9952549070482253,-0.9957369177365907,0.0003010662594792324,-0.00018094442888616502,768.2841051097308,7.609100961706395e-06,1000000.0,200,18,3.0,3.0,256.0,256.0,0.22803187370300293,0.4493664070032537,3.418217497994192,1266.5234382920025
hc9u.txt,1,all,439,null,OPTIMAL,OPTIMAL,OPTIMAL,OPTIMAL,True,0.9954358514771114,0.9953783874102442,0.9953783874102442,0.9953783874102442,0.9954358514771114,42.0,97.6299146393402,-0.9954358514771114,-0.9953783874102442,-0.9957335455057097,0.0002976940285982499,-5.746406686724104e-05,572.8129866925432,7.821174085787337e-06,1000000.0,200,10,3.0,3.0,256.0,256.0,0.1984100341796875,0.4643104169808794,3.604780965979444,1270.1282371990092
hc9u.txt,1,all,440,null,OPTIMAL,OPTIMAL,OPTIMAL,OPTIMAL,True,0.9954358514771114,0.9954112210243989,0.9954112210243989,0.9954112210243989,0.9954358514771114,42.0,97.6299146393402,-0.9954358514771114,-0.9954112210243989,-0.9957318189985831,0.00029596752147165173,-2.463045271250408e-05,512.4119860095221,7.914244133006406e-06,1000000.0,200,8,3.0,3.0,256.0,256.0,0.17156410217285156,0.40256926300935447,3.7388687759812456,1273.8671227369923
hc9u.txt,1,all,441,null,OPTIMAL,OPTIMAL,OPTIMAL,OPTIMAL,True,0.9954358514771114,0.9953546801017155,0.9953546801017155,0.9953546801017155,0.9954358514771114,42.0,97.6299146393402,-0.9954358514771114,-0.9953546801017155,-0.995733055189693,0.00029720371258157297,-8.117137539598307e-05,652.9932970834006,7.899759784808475e-06,1000000.0,200,13,3.0,3.0,256.0,256.0,0.19592595100402832,0.37927105801645666,3.3494408240076154,1277.216642741987
hc9u.txt,1,all,442,null,OPTIMAL,OPTIMAL,OPTIMAL,OPTIMAL,True,0.9954358514771114,0.9953748240394941,0.9953748240394941,0.9953748240394941,0.9954358514771114,42.0,97.6299146393402,-0.9954358514771114,-0.9953748240394941,-0.9957321797906935,0.0002963283135820616,-6.1027437617378055e-05,652.9931087862384,7.858956830910158e-06,1000000.0,200,13,3.0,3.0,256.0,256.0,0.20920300483703613,0.4051565400150139,3.702416767977411,1280.9190730850096
hc9u.txt,1,all,443,null,OPTIMAL,OPTIMAL,OPTIMAL,OPTIMAL,True,0.9954358514771114,0.9954440431099818,0.9954440431099818,0.9954440431099818,0.9954440431099818,42.0,97.62989513545241,-0.9954358514771114,-0.9954440431099818,-0.9957322455818424,0.00029639410473092376,8.191632870357957e-06,600.7285353373795,7.741164441475174e-06,1000000.0,200,11,3.0,3.0,256.0,256.0,0.17397499084472656,0.4784932800102979,3.445759005990112,1284.3648513809894
hc9u.txt,1,all,444,serious,OPTIMAL,OPTIMAL,OPTIMAL,OPTIMAL,True,0.995490108717775,0.995490108717775,0.995490108717775,0.995490108717775,0.995490108717775,42.0,97.62978545543386,-0.995490108717775,-0.995490108717775,-0.995732038775894,0.00029618729878255756,5.4257240663546646e-05,479.36671153951465,7.710559664898146e-06,700000.0,200,7,3.0,3.0,256.0,256.0,0.24100685119628906,0.47687173599842936,4.069046502001584,1288.43391764001
hc9u.txt,1,all,445,null,OPTIMAL,OPTIMAL,OPTIMAL,OPTIMAL,True,0.995490108717775,0.9937078980194534,0.9937078980194534,0.9937078980194534,0.995490108717775,42.0,97.62978545543386,-0.995490108717775,-0.9937078980194534,-0.9958140934908664,0.0003239847730913681,-0.001782210698321629,923.26137994398,1.0730262111491705e-05,1000000.0,200,26,4.0,4.0,256.0,256.0,0.18149185180664062,0.4175592339888681,3.4421558679896407,1291.8760883779905
hc9u.txt,1,all,446,null,OPTIMAL,OPTIMAL,OPTIMAL,OPTIMAL,True,0.995490108717775,0.9952116556804491,0.9952116556804491,0.9952116556804491,0.995490108717775,42.0,97.62978545543386,-0.995490108717775,-0.9952116556804491,-0.9957810764562307,0.00029096773845571633,-0.00027845303732587645,600.7279437592895,7.3370513404191e-06,1000000.0,200,11,3.0,3.0,256.0,256.0,0.2003920078277588,0.4730379540123977,3.5012003290175926,1295.3773033639882
hc9u.txt,1,all,447,null,OPTIMAL,OPTIMAL,OPTIMAL,OPTIMAL,True,0.995490108717775,0.9953294374608269,0.9953294374608269,0.9953294374608269,0.995490108717775,42.0,97.62978545543386,-0.995490108717775,-0.9953294374608269,-0.995779831441344,0.00028972272356897477,-0.00016067125694807505,653.0014459514937,7.268678865542456e-06,1000000.0,200,13,3.0,3.0,256.0,256.0,0.21207404136657715,0.4273436200164724,3.459253398992587,1298.8365713589883
hc9u.txt,1,all,448,null,OPTIMAL,OPTIMAL,OPTIMAL,OPTIMAL,True,0.995490108717775,0.9954873684558205,0.9954873684558205,0.9954873684558205,0.995490108717775,42.0,97.62978545543386,-0.995490108717775,-0.9954873684558205,-0.9957786777918793,0.00028856907410435007,-2.7402619544592e-06,443.88173279643377,7.232652198305735e-06,1000000.0,200,6,3.0,3.0,256.0,256.0,0.16214895248413086,0.43856088499887846,3.565532798995264,1302.4021180619893
hc9u.txt,1,all,449,null,OPTIMAL,OPTIMAL,OPTIMAL,OPTIMAL,True,0.995490108717775,0.9954918819520048,0.9954918819520048,0.9954918819520048,0.9954918819520048,42.0,97.62978123344762,-0.995490108717775,-0.9954918819520048,-0.9957788164001935,0.00028870768241850975,1.7732342297849257e-06,543.4520179562857,7.235995452961304e-06,1000000.0,200,9,3.0,3.0,256.0,256.0,0.15135502815246582,0.4805695329851005,3.6073770860093646,1306.0095098339953
hc9u.txt,1,all,450,null,OPTIMAL,OPTIMAL,OPTIMAL,OPTIMAL,True,0.995490108717775,0.9954744640706157,0.9954744640706157,0.9954744640706157,0.9954918819520048,42.0,97.62978123344762,-0.995490108717775,-0.9954744640706157,-0.9957784509417035,0.00028834222392848385,-1.5644647159307468e-05,512.4083746852726,7.226530358037096e-06,1000000.0,200,8,3.0,3.0,256.0,256.0,0.21289491653442383,0.4511744759802241,3.41859687800752,1309.4281197240052
hc9u.txt,1,all,451,null,OPTIMAL,OPTIMAL,OPTIMAL,OPTIMAL,True,0.995490108717775,0.9955040679871923,0.9955040679871923,0.9955040679871923,0.9955040679871923,42.0,97.62975221907811,-0.995490108717775,-0.9955040679871923,-0.9957779517194564,0.0002878430016813871,1.39592694172741e-05,543.444298385864,7.210780576338027e-06,1000000.0,200,9,3.0,3.0,256.0,256.0,0.24656414985656738,0.5389952599944081,3.6477282860141713,1313.075922177988
hc9u.txt,1,all,452,null,OPTIMAL,OPTIMAL,OPTIMAL,OPTIMAL,True,0.995490108717775,0.9954988036638759,0.9954988036638759,0.9954988036638759,0.9955040679871923,42.0,97.62975221907811,-0.995490108717775,-0.9954988036638759,-0.9957780388368903,0.0002879301191153205,8.694946100895606e-06,572.7850061148885,7.198056483564304e-06,1000000.0,200,10,3.0,3.0,256.0,256.0,0.14776992797851562,0.41721885500010103,3.490121299022576,1316.5660596200032
hc9u.txt,1,all,453,null,OPTIMAL,OPTIMAL,OPTIMAL,OPTIMAL,True,0.995490108717775,0.9955043338075565,0.9955043338075565,0.9955043338075565,0.9955043338075565,42.0,97.62975158617249,-0.995490108717775,-0.9955043338075565,-0.9957781866507672,0.0002880779329922367,1.4225089781549904e-05,405.2660324693567,7.195857046454279e-06,1000000.0,200,5,3.0,3.0,256.0,256.0,0.22092390060424805,0.39427191301365383,3.5591462650045287,1320.1252201480092
hc9u.txt,1,all,454,null,OPTIMAL,OPTIMAL,OPTIMAL,OPTIMAL,True,0.995490108717775,0.9954758552693594,0.9954758552693594,0.9954758552693594,0.9955043338075565,42.0,97.62975158617249,-0.995490108717775,-0.9954758552693594,-0.9957787966295304,0.0002886879117554031,-1.4253448415546544e-05,479.3532728363067,7.179613370024032e-06,1000000.0,200,7,3.0,3.0,256.0,256.0,0.15382790565490723,0.5137105619942304,3.4763353950111195,1323.6015704610036
hc9u.txt,1,all,455,serious,OPTIMAL,OPTIMAL,OPTIMAL,OPTIMAL,True,0.9955269221921498,0.9955269221921498,0.9955269221921498,0.9955269221921498,0.9955269221921498,42.0,97.62969780430441,-0.9955269221921498,-0.9955269221921498,-0.9957774578353803,0.0002873491176053067,3.6813474374786104e-05,512.3895884081999,7.1520839406629145e-06,700000.0,200,8,3.0,3.0,256.0,256.0,0.17650699615478516,0.4373396209848579,3.806719232990872,1327.4083067210158
hc9u.txt,1,all,456,null,OPTIMAL,OPTIMAL,OPTIMAL,OPTIMAL,True,0.9955269221921498,0.994457452402141,0.994457452402141,0.994457452402141,0.9955269221921498,42.0,97.62969780430441,-0.9955269221921498,-0.994457452402141,-0.9958540697046151,0.00032714751246532003,-0.0010694697900087702,905.3285098701894,1.0275898842937411e-05,1000000.0,200,25,3.0,3.0,256.0,256.0,0.22734379768371582,0.43609418999403715,3.6739810710132588,1331.0823025470017
hc9u.txt,1,all,457,null,OPTIMAL,OPTIMAL,OPTIMAL,OPTIMAL,True,0.9955269221921498,0.9954127867809373,0.9954127867809373,0.9954127867809373,0.9955269221921498,42.0,97.62969780430441,-0.9955269221921498,-0.9954127867809373,-0.9958269870714183,0.00030006487926848013,-0.00011413541121252369,724.3524414179896,7.201668401412366e-06,1000000.0,200,16,3.0,3.0,256.0,256.0,0.17122912406921387,0.4242956330126617,3.389045151998289,1334.4713624290016
hc9u.txt,1,all,458,null,OPTIMAL,OPTIMAL,OPTIMAL,OPTIMAL,True,0.9955269221921498,0.9954728541877045,0.9954728541877045,0.9954728541877045,0.9955269221921498,42.0,97.62969780430441,-0.9955269221921498,-0.9954728541877045,-0.9958269238809377,0.0003000016887879653,-5.406800444529569e-05,724.3540612225042,7.095702238083325e-06,1000000.0,200,16,3.0,3.0,256.0,256.0,0.1772909164428711,0.43292842799564824,3.3758519259863533,1337.8472320800065
hc9u.txt,1,all,459,serious,OPTIMAL,OPTIMAL,OPTIMAL,OPTIMAL,True,0.9955762223990995,0.9955762223990995,0.9955762223990995,0.9955762223990995,0.9955762223990995,42.0,97.62958042285928,-0.9955762223990995,-0.9955762223990995,-0.9958264673769863,0.00029954518483654713,4.930020694970949e-05,543.4332335044596,7.065993005501408e-06,700000.0,200,9,3.0,3.0,256.0,256.0,0.17774295806884766,0.4361213329830207,3.5144633209856693,1341.361708026001
hc9u.txt,1,all,460,null,OPTIMAL,OPTIMAL,OPTIMAL,OPTIMAL,True,0.9955762223990995,0.9951944228981655,0.9951944228981655,0.9951944228981655,0.9955762223990995,42.0,97.62958042285928,-0.9955762223990995,-0.9951944228981655,-0.9958960481771704,0.0003198257780708813,-0.00038179950093397697,887.0400507409701,1.0076429709446224e-05,1000000.0,200,24,3.0,3.0,256.0,256.0,0.18509602546691895,0.3949153949797619,3.814069321990246,1345.1757917350042
hc9u.txt,1,all,461,null,OPTIMAL,OPTIMAL,OPTIMAL,OPTIMAL,True,0.9955762223990995,0.9955877361520151,0.9955877361520151,0.9955877361520151,0.9955877361520151,42.0,97.62955300916185,-0.9955762223990995,-0.9955877361520151,-0.9958745618244459,0.00029833942534640556,1.1513752915637276e-05,600.706054754011,7.0160689620849205e-06,1000000.0,200,11,3.0,3.0,256.0,256.0,0.18399596214294434,0.46006724500330165,3.7230608200188726,1348.898910813994
hc9u.txt,1,all,462,serious,OPTIMAL,OPTIMAL,OPTIMAL,OPTIMAL,True,0.9956208087043443,0.9956208087043443,0.9956208087043443,0.9956208087043443,0.9956208087043443,42.0,97.62947426498965,-0.9956208087043443,-0.9956208087043443,-0.9958723485154327,0.0002961261163332285,4.458630524484253e-05,512.4009445499796,7.091379329446256e-06,700000.0,200,8,3.0,3.0,256.0,256.0,0.18005609512329102,0.415919595019659,3.550215246010339,1352.449139828008
hc9u.txt,1,all,463,null,OPTIMAL,OPTIMAL,OPTIMAL,OPTIMAL,True,0.9956208087043443,0.9952372281513744,0.9952372281513744,0.9952372281513744,0.9956208087043443,42.0,97.62947426498965,-0.9956208087043443,-0.9952372281513744,-0.9959420650819274,0.0003212563775830679,-0.0003835805529699421,887.0601121502435,1.0029060276693527e-05,1000000.0,200,24,4.0,4.0,256.0,256.0,0.20118403434753418,0.46627845300827175,3.7425676309794653,1356.1917217219889
hc9u.txt,1,all,464,null,OPTIMAL,OPTIMAL,OPTIMAL,OPTIMAL,True,0.9956208087043443,0.9956175419675386,0.9956175419675386,0.9956175419675386,0.9956208087043443,42.0,97.62947426498965,-0.9956208087043443,-0.9956175419675386,-0.9959211846462469,0.00030037594190257533,-3.266736805729309e-06,627.4100294448101,6.966298334982376e-06,1000000.0,200,12,3.0,3.0,256.0,256.0,0.17981386184692383,0.4853134209988639,3.541329361993121,1359.733066760993
hc9u.txt,1,all,465,null,OPTIMAL,OPTIMAL,OPTIMAL,OPTIMAL,True,0.9956208087043443,0.9956179742533546,0.9956179742533546,0.9956179742533546,0.9956208087043443,42.0,97.62947426498965,-0.9956208087043443,-0.9956179742533546,-0.9959216791079792,0.0003008704036349119,-2.834450989697146e-06,652.999160209365,6.985450407692775e-06,1000000.0,200,13,3.0,3.0,256.0,256.0,0.1832268238067627,0.43875301399384625,3.6267041709797923,1363.3597867139906
hc9u.txt,1,all,466,serious,OPTIMAL,OPTIMAL,OPTIMAL,OPTIMAL,True,0.9956681550297299,0.9956681550297299,0.9956681550297299,0.9956681550297299,0.9956681550297299,42.0,97.62936153564348,-0.9956681550297299,-0.9956681550297299,-0.9959214536981539,0.00030064499380955123,4.734632538561101e-05,543.439922969981,7.012673280950242e-06,700000.0,200,9,3.0,3.0,256.0,256.0,0.16439294815063477,0.39998961600940675,3.518108835996827,1366.8779092770128
hc9u.txt,1,all,467,null,OPTIMAL,OPTIMAL,OPTIMAL,OPTIMAL,True,0.9956681550297299,0.9947890402109512,0.9947890402109512,0.9947890402109512,0.9956681550297299,42.0,97.62936153564348,-0.9956681550297299,-0.9947890402109512,-0.995988588697754,0.00032043366802403384,-0.0008791148187787812,768.2982988749161,9.995055848437986e-06,1000000.0,200,18,4.0,4.0,256.0,256.0,0.20546603202819824,0.3956181760004256,3.4249004570010584,1370.3028243969893
hc9u.txt,1,all,468,null,OPTIMAL,OPTIMAL,OPTIMAL,OPTIMAL,True,0.9956681550297299,0.9954205368926816,0.9954205368926816,0.9954205368926816,0.9956681550297299,42.0,97.62936153564348,-0.9956681550297299,-0.9954205368926816,-0.9959670138631502,0.0002988588334202902,-0.00024761813704832214,724.3903234056196,6.775119963693374e-06,1000000.0,200,16,4.0,4.0,256.0,255.99999999999997,0.21632695198059082,0.511670467996737,3.5360574450169224,1373.8388982200122
hc9u.txt,1,all,469,null,OPTIMAL,OPTIMAL,OPTIMAL,OPTIMAL,True,0.9956681550297299,0.995570075051242,0.995570075051242,0.995570075051242,0.9956681550297299,42.0,97.62936153564348,-0.9956681550297299,-0.995570075051242,-0.995964731518534,0.00029657648880410115,-9.8079978487986e-05,479.39443151488933,6.6781250106555226e-06,1000000.0,200,7,4.0,4.0,256.0,256.0,0.1661510467529297,0.4105781220132485,3.527535392990103,1377.3664491320087
hc9u.txt,1,all,470,null,OPTIMAL,OPTIMAL,OPTIMAL,OPTIMAL,True,0.9956681550297299,0.9956714200171958,0.9956714200171958,0.9956714200171958,0.9956714200171958,42.0,97.62935376186381,-0.9956681550297299,-0.9956714200171958,-0.9959633062331256,0.00029515120339562717,3.264987465834146e-06,677.6371614373064,6.466010037966343e-06,1000000.0,200,14,4.0,4.0,256.0,256.0,0.2119770050048828,0.42263953600195237,3.40198222300387,1380.7684472909896
hc9u.txt,1,all,471,serious,OPTIMAL,OPTIMAL,OPTIMAL,OPTIMAL,True,0.995714531348188,0.995714531348188,0.995714531348188,0.995714531348188,0.995714531348188,42.0,97.62925111583766,-0.995714531348188,-0.995714531348188,-0.9959631543474121,0.00029499931768217635,4.6376318458052346e-05,512.4239783506005,6.457229069112901e-06,700000.0,200,8,4.0,4.0,256.0,256.0,0.19904804229736328,0.4002465480007231,3.4809867430012673,1384.2495180080005
hc9u.txt,1,all,472,null,OPTIMAL,OPTIMAL,OPTIMAL,OPTIMAL,True,0.995714531348188,0.9945740986511813,0.9945740986511813,0.9945740986511813,0.995714531348188,42.0,97.62925111583766,-0.995714531348188,-0.9945740986511813,-0.9960246098724842,0.00031007852429620897,-0.0011404326970066991,1267.3187688387154,9.275180827206292e-06,1000000.0,200,49,4.0,4.0,256.0,256.0,0.15332913398742676,0.4146119369834196,3.6176241999783088,1387.8671550790023
hc9u.txt,1,all,473,null,OPTIMAL,OPTIMAL,OPTIMAL,OPTIMAL,True,0.995714531348188,0.9954488806085905,0.9954488806085905,0.9954488806085905,0.995714531348188,42.0,97.62925111583766,-0.995714531348188,-0.9954488806085905,-0.996003614603526,0.0002890832553380518,-0.0002656507395975005,746.6562920610808,6.382175827937383e-06,1000000.0,200,17,4.0,4.0,256.0,255.99999999999997,0.20256495475769043,0.4977293520059902,3.6932034360070247,1391.5603716030018
hc9u.txt,1,all,474,null,OPTIMAL,OPTIMAL,OPTIMAL,OPTIMAL,True,0.995714531348188,0.9954942534821991,0.9954942534821991,0.9954942534821991,0.995714531348188,42.0,97.62925111583766,-0.995714531348188,-0.9954942534821991,-0.9960025386580307,0.0002880073098426861,-0.00022027786598888266,809.8140247843161,6.351836558021875e-06,1000000.0,200,20,4.0,4.0,256.0,256.0,0.2372269630432129,0.5040977270109579,3.868245207995642,1395.428631805
hc9u.txt,1,all,475,null,OPTIMAL,OPTIMAL,OPTIMAL,OPTIMAL,True,0.995714531348188,0.9956199804671895,0.9956199804671895,0.9956199804671895,0.995714531348188,42.0,97.62925111583766,-0.995714531348188,-0.9956199804671895,-0.9960037994651533,0.00028926811696528,-9.455088099852293e-05,746.6558603698973,6.351862592808129e-06,1000000.0,200,17,4.0,4.0,256.0,256.0,0.21209287643432617,0.42930521702510305,3.437753876991337,1398.866400895
hc9u.txt,1,all,476,null,OPTIMAL,OPTIMAL,OPTIMAL,OPTIMAL,True,0.995714531348188,0.9956312358486668,0.9956312358486668,0.9956312358486668,0.995714531348188,42.0,97.62925111583766,-0.995714531348188,-0.9956312358486668,-0.9960000004135419,0.0002854690653538716,-8.329549952124093e-05,405.3137104499687,6.349321749776322e-06,1000000.0,200,5,4.0,4.0,256.0,256.0,0.2300739288330078,0.40542948897928,3.5330918330000713,1402.399513856013
hc9u.txt,1,all,477,null,OPTIMAL,OPTIMAL,OPTIMAL,OPTIMAL,True,0.995714531348188,0.9956564916642796,0.9956564916642796,0.9956564916642796,0.995714531348188,42.0,97.62925111583766,-0.995714531348188,-0.9956564916642796,-0.9960030784072857,0.0002885470590977546,-5.80396839083841e-05,677.6292157019996,6.3322690933472496e-06,1000000.0,200,14,4.0,4.0,256.0,255.99999999999997,0.20850205421447754,0.4113728899974376,3.4481721820193343,1405.8477091010136
hc9u.txt,1,all,478,serious,OPTIMAL,OPTIMAL,OPTIMAL,OPTIMAL,True,0.995743529746753,0.995743529746753,0.995743529746753,0.995743529746753,0.995743529746753,42.0,97.62918207203154,-0.995743529746753,-0.995743529746753,-0.9959997151356246,0.00028518378743658257,2.8998398564961114e-05,543.4510140697174,6.2629112830576806e-06,700000.0,200,9,4.0,4.0,256.0,256.0,0.145704984664917,0.46878980100154877,3.547226472001057,1409.3949502969917
hc9u.txt,1,all,479,null,OPTIMAL,OPTIMAL,OPTIMAL,OPTIMAL,True,0.995743529746753,0.9951768860523552,0.9951768860523552,0.9951768860523552,0.995743529746753,42.0,97.62918207203154,-0.995743529746753,-0.9951768860523552,-0.9960585764122588,0.00031504666550585814,-0.0005666436943977393,1071.1363125539451,8.983446212602387e-06,1000000.0,200,35,4.0,4.0,256.0,256.0,0.21030712127685547,0.4296995819895528,3.517292673990596,1412.9122563349956
hc9u.txt,1,all,480,null,OPTIMAL,OPTIMAL,OPTIMAL,OPTIMAL,True,0.995743529746753,0.9955848193502816,0.9955848193502816,0.9955848193502816,0.995743529746753,42.0,97.62918207203154,-0.995743529746753,-0.9955848193502816,-0.9960394173544249,0.000295887607671963,-0.00015871039647130658,543.4697601957664,6.240572572934321e-06,1000000.0,200,9,4.0,4.0,256.0,256.0,0.14210796356201172,0.41196325700730085,3.4918486370006576,1416.4041161900095
hc9u.txt,1,all,481,null,OPTIMAL,OPTIMAL,OPTIMAL,OPTIMAL,True,0.995743529746753,0.9956765330323544,0.9956765330323544,0.9956765330323544,0.995743529746753,42.0,97.62918207203154,-0.995743529746753,-0.9956765330323544,-0.9960340574546432,0.0002905277078902868,-6.699671439858168e-05,653.0104128347236,6.424380175110783e-06,1000000.0,200,13,4.0,4.0,256.0,256.0,0.1904280185699463,0.43584660001215525,3.4451162070035934,1419.849292267987
hc9u.txt,1,all,482,null,OPTIMAL,OPTIMAL,OPTIMAL,OPTIMAL,True,0.995743529746753,0.9957577409299767,0.9957577409299767,0.9957577409299767,0.9957577409299767,42.0,97.629148235881,-0.995743529746753,-0.9957577409299767,-0.9960387030781224,0.0002951733313694138,1.4211183223755697e-05,572.8342278097098,6.214544977547926e-06,1000000.0,200,10,4.0,4.0,256.0,256.0,0.2046821117401123,0.4437718139961362,3.5553229360084515,1423.4046274280117
hc9u.txt,1,all,483,null,OPTIMAL,OPTIMAL,OPTIMAL,OPTIMAL,True,0.995743529746753,0.9957602638532839,0.9957602638532839,0.9957602638532839,0.9957602638532839,42.0,97.62914222892076,-0.995743529746753,-0.9957602638532839,-0.9960394123298297,0.0002958825830767786,1.673410653091345e-05,627.4276036533726,6.2470811615653534e-06,1000000.0,200,12,4.0,4.0,256.0,256.0,0.2192080020904541,0.4704189240001142,3.6404533400200307,1427.0450931309897
hc9u.txt,1,all,484,serious,OPTIMAL,OPTIMAL,OPTIMAL,OPTIMAL,True,0.9958397523354177,0.9958397523354177,0.9958397523354177,0.9958397523354177,0.9958397523354177,42.0,97.62895297062994,-0.9958397523354177,-0.9958397523354177,-0.9960367020438183,0.0002931722970653805,9.622258866470723e-05,256.8501044933532,6.177871834398874e-06,700000.0,200,2,4.0,4.0,256.0,256.0,0.20268797874450684,0.4380394809995778,3.460373731999425,1430.5054809660069
hc9u.txt,1,all,485,null,OPTIMAL,OPTIMAL,OPTIMAL,OPTIMAL,True,0.9958397523354177,0.9947720633752752,0.9947720633752752,0.9947720633752752,0.9958397523354177,42.0,97.62895297062994,-0.9958397523354177,-0.9947720633752752,-0.9960916690700411,0.00025191673462343633,-0.001067688960142421,958.0950645951756,8.866467052458116e-06,1000000.0,200,28,4.0,4.0,256.0,256.0,0.17215299606323242,0.3897852489899378,3.573189140006434,1434.078682471998
hc9u.txt,1,all,486,null,OPTIMAL,OPTIMAL,OPTIMAL,OPTIMAL,True,0.9958397523354177,0.9955573601488841,0.9955573601488841,0.9955573601488841,0.9958397523354177,42.0,97.62895297062994,-0.9958397523354177,-0.9955573601488841,-0.9960713535661313,0.00023160123071364058,-0.00028239218653358655,701.3954516810576,6.0037014438671085e-06,1000000.0,200,15,4.0,4.0,256.0,256.0,0.1552259922027588,0.507694566011196,3.719020521006314,1437.7977156080015
hc9u.txt,1,all,487,null,OPTIMAL,OPTIMAL,OPTIMAL,OPTIMAL,True,0.9958397523354177,0.9956570001034837,0.9956570001034837,0.9956570001034837,0.9958397523354177,42.0,97.62895297062994,-0.9958397523354177,-0.9956570001034837,-0.9960699095008375,0.0002301571654198531,-0.00018275223193398027,701.3948159635164,5.793642981687575e-06,1000000.0,200,15,4.0,4.0,256.0,256.0,0.1890261173248291,0.4325182700122241,3.709507706022123,1441.5072380829952
hc9u.txt,1,all,488,null,OPTIMAL,OPTIMAL,OPTIMAL,OPTIMAL,True,0.9958397523354177,0.9957675906514963,0.9957675906514963,0.9957675906514963,0.9958397523354177,42.0,97.62895297062994,-0.9958397523354177,-0.9957675906514963,-0.9960691535800291,0.00022940124461146016,-7.21616839213235e-05,701.3867698800567,5.698989841516212e-06,1000000.0,200,15,4.0,4.0,256.0,256.0,0.20467901229858398,0.49405835699872114,3.7505383729876485,1445.2577882740006
hc9u.txt,1,all,489,null,OPTIMAL,OPTIMAL,OPTIMAL,OPTIMAL,True,0.9958397523354177,0.9958484961303369,0.9958484961303369,0.9958484961303369,0.9958484961303369,42.0,97.62893215207062,-0.9958397523354177,-0.9958484961303369,-0.9960676256578602,0.0002278733224425622,8.743794919219283e-06,443.881154753555,5.703696436270661e-06,1000000.0,200,6,4.0,4.0,256.0,256.0,0.3828861713409424,0.43911803502123803,3.7877901540196035,1449.045593171002
hc9u.txt,1,all,490,null,OPTIMAL,OPTIMAL,OPTIMAL,OPTIMAL,True,0.9958397523354177,0.9958491698272667,0.9958491698272667,0.9958491698272667,0.9958491698272667,42.0,97.62893054803031,-0.9958397523354177,-0.9958491698272667,-0.9960677433134756,0.00022799097805792368,9.417491849017523e-06,543.4469341030547,5.621524388018457e-06,1000000.0,200,9,4.0,4.0,256.0,256.0,0.15716099739074707,0.45479315498960204,3.5945579090039246,1452.6401828590024
hc9u.txt,1,all,491,null,OPTIMAL,OPTIMAL,OPTIMAL,OPTIMAL,True,0.9958397523354177,0.9958136309716142,0.9958136309716142,0.9958136309716142,0.9958491698272667,42.0,97.62893054803031,-0.9958397523354177,-0.9958136309716142,-0.996066831115589,0.00022707878017136363,-2.6121363803421893e-05,572.7889863557081,5.668449384422126e-06,1000000.0,200,10,4.0,4.0,256.0,256.0,0.2349390983581543,0.43118178998702206,3.5047139640082605,1456.144977777003
hc9u.txt,1,all,492,null,OPTIMAL,OPTIMAL,OPTIMAL,OPTIMAL,True,0.9958397523354177,0.9958144277141677,0.9958144277141677,0.9958144277141677,0.9958491698272667,42.0,97.62893054803031,-0.9958397523354177,-0.9958144277141677,-0.9960693897921221,0.0002296374567044568,-2.532462124993362e-05,627.404157354192,5.658231758915042e-06,1000000.0,200,12,4.0,4.0,256.0,256.0,0.25187087059020996,0.4126452640048228,3.5173225210164674,1459.6623134429974
hc9u.txt,1,all,493,serious,OPTIMAL,OPTIMAL,OPTIMAL,OPTIMAL,True,0.9958770803106748,0.9958770803106748,0.9958770803106748,0.9958770803106748,0.9958770803106748,42.0,97.6288640944984,-0.9958770803106748,-0.9958770803106748,-0.9960682454860361,0.00022849315061845843,3.732797525712872e-05,443.8886628903483,5.648905241748513e-06,700000.0,200,6,4.0,4.0,256.0,256.0,0.2264690399169922,0.4584538229973987,3.637800724012777,1463.3001282220066
hc9u.txt,1,all,494,null,OPTIMAL,OPTIMAL,OPTIMAL,OPTIMAL,True,0.9958770803106748,0.9948814861132622,0.9948814861132622,0.9948814861132622,0.9958770803106748,42.0,97.6288640944984,-0.9958770803106748,-0.9948814861132622,-0.9961139451497646,0.00023686483908980094,-0.0009955941974125748,829.78009134951,8.245743253538072e-06,1000000.0,200,21,4.0,4.0,256.0,256.0,0.20678496360778809,0.42437255498953164,3.58615120901959,1466.8862943910062
hc9u.txt,1,all,495,null,OPTIMAL,OPTIMAL,OPTIMAL,OPTIMAL,True,0.9958770803106748,0.9955462692442094,0.9955462692442094,0.9955462692442094,0.9958770803106748,42.0,97.6288640944984,-0.9958770803106748,-0.9955462692442094,-0.9961007792348594,0.00022369892418461212,-0.00033081106646537517,768.275425789918,5.5388636606784585e-06,1000000.0,200,18,4.0,4.0,256.0,256.0,0.16133379936218262,0.41391502201440744,3.663478998991195,1470.5497874520079
hc9u.txt,1,all,496,null,OPTIMAL,OPTIMAL,OPTIMAL,OPTIMAL,True,0.9958770803106748,0.9957037647730472,0.9957037647730472,0.9957037647730472,0.9958770803106748,42.0,97.6288640944984,-0.9958770803106748,-0.9957037647730472,-0.9960982341116731,0.00022115380099829718,-0.0001733155376275608,572.7932707352252,5.427775542166646e-06,1000000.0,200,10,4.0,4.0,256.0,256.0,0.21776890754699707,0.44164669400197454,3.443601815000875,1473.9934028860007
hc9u.txt,1,all,497,null,OPTIMAL,OPTIMAL,OPTIMAL,OPTIMAL,True,0.9958770803106748,0.9957933299195727,0.9957933299195727,0.9957933299195727,0.9958770803106748,42.0,97.6288640944984,-0.9958770803106748,-0.9957933299195727,-0.9960981937835618,0.00022111347288700234,-8.37503911020887e-05,677.6161570352767,5.3803713044030355e-06,1000000.0,200,14,4.0,4.0,256.0,256.0,0.21128010749816895,0.4018690589873586,3.3940118819882628,1477.387428267015
hc9u.txt,1,all,498,null,OPTIMAL,OPTIMAL,OPTIMAL,OPTIMAL,True,0.9958770803106748,0.995877722070636,0.995877722070636,0.995877722070636,0.995877722070636,42.0,97.62886256649848,-0.9958770803106748,-0.995877722070636,-0.996097474023039,0.00022039371236426408,6.417599611729941e-07,512.4095956235052,5.327126933488946e-06,1000000.0,200,8,4.0,4.0,256.0,256.0,0.23012900352478027,0.3792841450194828,3.8195037439872976,1481.2069456230092
hc9u.txt,1,all,499,null,OPTIMAL,OPTIMAL,OPTIMAL,OPTIMAL,True,0.9958770803106748,0.9958602489671466,0.9958602489671466,0.9958602489671466,0.995877722070636,42.0,97.62886256649848,-0.9958770803106748,-0.9958602489671466,-0.9960962109590938,0.0002191306484190525,-1.6831343528145304e-05,572.7950285746829,5.3408053259207235e-06,1000000.0,200,10,4.0,4.0,256.0,256.0,0.15105509757995605,0.41882091300794855,3.437016750976909,1484.6439756090112
hc9u.txt,1,all,500,null,OPTIMAL,OPTIMAL,OPTIMAL,OPTIMAL,True,0.9958770803106748,0.9958905101511064,0.9958905101511064,0.9958905101511064,0.9958905101511064,42.0,97.62883211868785,-0.9958770803106748,-0.9958905101511064,-0.9960947912749267,0.00021771096425193814,1.342984043162243e-05,405.28261773074007,5.334365900534438e-06,1000000.0,200,5,4.0,4.0,256.0,256.0,0.2482438087463379,0.41854918500757776,3.5012170569971204,1488.1452071630047
